run_dir,model_type,batch_avg_test_loss,batch_avg_test_corr,all_test_fve,AR_FVE,AR_test_correlation,best_val_corr,total_params,trainable_params,epochs_trained,mean_pattern_corr,history,init_state,loo_avg_mean_corr,model_avg_mean_corr,neurons_model_beats_loo_avg,loo_temporal_mean_corr,all_test_corr,neurons_model_beats_loo_temporal,kernel_sizes,conv_channels,fc_dims,slurm_job_id,hostname,wall_time_s,run_id,config_id,experiment
/scratch/sb272/patterns5k_results/slurm_hist_cnn_2026-03-05_16-01-45/trial_0000_learning_rate=1.0e-04_history=1_kernel_sizes=3x3_conv_channels=64x128_fc_dims=128_seed0,cnn,0.15895951473712921,0.20782556083427725,0.046712586804041785,0.001459764109717475,0.08544280380010605,0.21327236411734143,69951,69951,50,0.641763437863012,1,True,0.45456832695830385,0.5306271373020973,41,0.31855225563049316,0.2155752182006836,7,"[3, 3]","[64, 128]",[128],6903707,bc11u13n2,401.5,trial_0000_learning_rate=1.0e-04_history=1_kernel_sizes=3x3_conv_channels=64x128_fc_dims=128_seed0,9540779a43,trial_0000_learning_rate=1.0e-04_history=1_kernel_sizes=3x3_conv_channels=64x128_fc_dims=128_seed0
/scratch/sb272/patterns5k_results/slurm_hist_cnn_2026-03-05_16-01-45/trial_0000_learning_rate=1.0e-04_history=1_kernel_sizes=3x3_conv_channels=64x128_fc_dims=128_seed1,cnn,0.15762386572360992,0.20945601209785988,0.0498367812898424,-0.0039033426178826224,0.0794515386223793,0.21622782979880298,69951,69951,50,0.6529768467608168,1,True,0.45456832695830385,0.540120042423396,44,0.31855225563049316,0.21736817061901093,8,"[3, 3]","[64, 128]",[128],6903707,bc11u13n2,389.8,trial_0000_learning_rate=1.0e-04_history=1_kernel_sizes=3x3_conv_channels=64x128_fc_dims=128_seed1,9540779a43,trial_0000_learning_rate=1.0e-04_history=1_kernel_sizes=3x3_conv_channels=64x128_fc_dims=128_seed1
/scratch/sb272/patterns5k_results/slurm_hist_cnn_2026-03-05_16-01-45/trial_0001_learning_rate=1.0e-04_history=1_kernel_sizes=3x3_conv_channels=64x128_fc_dims=256_seed0,cnn,0.15809739363193512,0.21849381036125545,0.05137398602470519,0.000386746156783331,0.08635421097278595,0.22453469767536055,94527,94527,50,0.6722547698491602,1,True,0.45456832695830385,0.561815041180741,48,0.31855225563049316,0.22706201672554016,9,"[3, 3]","[64, 128]",[256],6903707,bc11u13n2,403.6,trial_0001_learning_rate=1.0e-04_history=1_kernel_sizes=3x3_conv_channels=64x128_fc_dims=256_seed0,2a5fb8a41c,trial_0001_learning_rate=1.0e-04_history=1_kernel_sizes=3x3_conv_channels=64x128_fc_dims=256_seed0
/scratch/sb272/patterns5k_results/slurm_hist_cnn_2026-03-05_16-01-45/trial_0001_learning_rate=1.0e-04_history=1_kernel_sizes=3x3_conv_channels=64x128_fc_dims=256_seed1,cnn,0.15725736844539642,0.21535127792607986,0.05338379693409753,-0.0006568091256277901,0.08674953132867813,0.2224803979627102,94527,94527,50,0.6739973218211671,1,True,0.45456832695830385,0.5590717413011428,45,0.31855225563049316,0.2239178866147995,8,"[3, 3]","[64, 128]",[256],6903707,bc11u13n2,405.5,trial_0001_learning_rate=1.0e-04_history=1_kernel_sizes=3x3_conv_channels=64x128_fc_dims=256_seed1,2a5fb8a41c,trial_0001_learning_rate=1.0e-04_history=1_kernel_sizes=3x3_conv_channels=64x128_fc_dims=256_seed1
/scratch/sb272/patterns5k_results/slurm_hist_cnn_2026-03-05_16-01-45/trial_0002_learning_rate=1.0e-04_history=1_kernel_sizes=3x3_conv_channels=64x128_fc_dims=512_seed0,cnn,0.15717028415203094,0.223654865733765,0.05448314689454578,-1.8644900549025762e-05,0.0903753936290741,0.23002209701172135,143679,143679,50,0.6955308140907814,1,True,0.45456832695830385,0.5793892288422436,49,0.31855225563049316,0.23302774131298065,9,"[3, 3]","[64, 128]",[512],6903707,bc11u13n2,445.9,trial_0002_learning_rate=1.0e-04_history=1_kernel_sizes=3x3_conv_channels=64x128_fc_dims=512_seed0,2d0a860f75,trial_0002_learning_rate=1.0e-04_history=1_kernel_sizes=3x3_conv_channels=64x128_fc_dims=512_seed0
/scratch/sb272/patterns5k_results/slurm_hist_cnn_2026-03-05_16-01-45/trial_0002_learning_rate=1.0e-04_history=1_kernel_sizes=3x3_conv_channels=64x128_fc_dims=512_seed1,cnn,0.15723433566093445,0.22128155610808645,0.05344767040676541,-0.001843617075965518,0.08520320802927017,0.2283005713094765,143679,143679,50,0.697450172756582,1,True,0.45456832695830385,0.5790239661950409,49,0.31855225563049316,0.2304547280073166,9,"[3, 3]","[64, 128]",[512],6903707,bc11u13n2,445.9,trial_0002_learning_rate=1.0e-04_history=1_kernel_sizes=3x3_conv_channels=64x128_fc_dims=512_seed1,2d0a860f75,trial_0002_learning_rate=1.0e-04_history=1_kernel_sizes=3x3_conv_channels=64x128_fc_dims=512_seed1
/scratch/sb272/patterns5k_results/slurm_hist_cnn_2026-03-05_16-01-45/trial_0003_learning_rate=1.0e-04_history=1_kernel_sizes=5x3_conv_channels=128x256_fc_dims=256_seed0,cnn,0.15621290218830108,0.23564468248369147,0.05789623563251798,-0.00012719158142332046,0.08395589143037796,0.24400092382490082,248639,248639,50,0.706119459214575,1,True,0.45456832695830385,0.5970044049080447,52,0.31855225563049316,0.24615441262722015,10,"[5, 3]","[128, 256]",[256],6903707,bc11u13n2,510.8,trial_0003_learning_rate=1.0e-04_history=1_kernel_sizes=5x3_conv_channels=128x256_fc_dims=256_seed0,3c80d58957,trial_0003_learning_rate=1.0e-04_history=1_kernel_sizes=5x3_conv_channels=128x256_fc_dims=256_seed0
/scratch/sb272/patterns5k_results/slurm_hist_cnn_2026-03-05_16-01-45/trial_0003_learning_rate=1.0e-04_history=1_kernel_sizes=5x3_conv_channels=128x256_fc_dims=256_seed1,cnn,0.15554421699047088,0.23674881079775761,0.05933588080936008,-0.0007143143623594254,0.08212128281593323,0.24463624159194153,248639,248639,50,0.7132523656698933,1,True,0.45456832695830385,0.6019434964457057,52,0.31855225563049316,0.24715013802051544,10,"[5, 3]","[128, 256]",[256],6903707,bc11u13n2,513.1,trial_0003_learning_rate=1.0e-04_history=1_kernel_sizes=5x3_conv_channels=128x256_fc_dims=256_seed1,3c80d58957,trial_0003_learning_rate=1.0e-04_history=1_kernel_sizes=5x3_conv_channels=128x256_fc_dims=256_seed1
/scratch/sb272/patterns5k_results/slurm_hist_cnn_2026-03-05_16-01-45/trial_0004_learning_rate=1.0e-04_history=1_kernel_sizes=5x3_conv_channels=128x256_fc_dims=512_seed0,cnn,0.15523475432395936,0.242247080569392,0.05887030703680856,-0.0007317860921223959,0.08635285496711731,0.24912224723715884,330559,330559,50,0.7319143662709837,1,True,0.45456832695830385,0.6121827355242538,53,0.31855225563049316,0.2525126338005066,13,"[5, 3]","[128, 256]",[512],6903707,bc11u13n2,563.9,trial_0004_learning_rate=1.0e-04_history=1_kernel_sizes=5x3_conv_channels=128x256_fc_dims=512_seed0,2d63c8710a,trial_0004_learning_rate=1.0e-04_history=1_kernel_sizes=5x3_conv_channels=128x256_fc_dims=512_seed0
/scratch/sb272/patterns5k_results/slurm_hist_cnn_2026-03-05_16-01-45/trial_0004_learning_rate=1.0e-04_history=1_kernel_sizes=5x3_conv_channels=128x256_fc_dims=512_seed1,cnn,0.15493639957904815,0.24552450641885842,0.058959776446932836,-0.0008802745077345106,0.08529333770275116,0.2543606658073179,330559,330559,50,0.7343695724581752,1,True,0.45456832695830385,0.6196842253589494,55,0.31855225563049316,0.2564273476600647,13,"[5, 3]","[128, 256]",[512],6903707,bc11u13n2,563.6,trial_0004_learning_rate=1.0e-04_history=1_kernel_sizes=5x3_conv_channels=128x256_fc_dims=512_seed1,2d63c8710a,trial_0004_learning_rate=1.0e-04_history=1_kernel_sizes=5x3_conv_channels=128x256_fc_dims=512_seed1
/scratch/sb272/patterns5k_results/slurm_hist_cnn_2026-03-05_16-01-45/trial_0005_learning_rate=1.0e-04_history=1_kernel_sizes=5x3_conv_channels=128x256_fc_dims=1024_seed0,cnn,0.15638345777988433,0.24034658588707025,0.05196347785374475,-0.0016010734770033094,0.08338020741939545,0.24776718091615915,494399,494399,50,0.728759187451322,1,True,0.45456832695830385,0.6156169390859388,53,0.31855225563049316,0.25104594230651855,12,"[5, 3]","[128, 256]",[1024],6903707,bc11u13n2,679.5,trial_0005_learning_rate=1.0e-04_history=1_kernel_sizes=5x3_conv_channels=128x256_fc_dims=1024_seed0,7fda3553eb,trial_0005_learning_rate=1.0e-04_history=1_kernel_sizes=5x3_conv_channels=128x256_fc_dims=1024_seed0
/scratch/sb272/patterns5k_results/slurm_hist_cnn_2026-03-05_16-01-45/trial_0005_learning_rate=1.0e-04_history=1_kernel_sizes=5x3_conv_channels=128x256_fc_dims=1024_seed1,cnn,0.15531948113441468,0.24815781431559822,0.05586694441144428,-0.00019700281203739227,0.08799868077039719,0.257116848786138,494399,494399,50,0.7423965161520201,1,True,0.45456832695830385,0.6272031437693908,56,0.31855225563049316,0.25948500633239746,14,"[5, 3]","[128, 256]",[1024],6903707,bc11u13n2,684.4,trial_0005_learning_rate=1.0e-04_history=1_kernel_sizes=5x3_conv_channels=128x256_fc_dims=1024_seed1,7fda3553eb,trial_0005_learning_rate=1.0e-04_history=1_kernel_sizes=5x3_conv_channels=128x256_fc_dims=1024_seed1
/scratch/sb272/patterns5k_results/slurm_hist_cnn_2026-03-05_16-01-45/trial_0006_learning_rate=1.0e-04_history=1_kernel_sizes=3x3x3_conv_channels=32x64x128_fc_dims=128_seed0,cnn,0.1569419893026352,0.19734909938043196,0.047074951822795565,-0.013051256300911071,0.05069280415773392,0.20064744228607476,66111,66111,50,0.6022742796858258,1,True,0.45456832695830385,0.48518344620871556,33,0.31855225563049316,0.2035807967185974,7,"[3, 3, 3]","[32, 64, 128]",[128],6903707,bc11u13n2,397.5,trial_0006_learning_rate=1.0e-04_history=1_kernel_sizes=3x3x3_conv_channels=32x64x128_fc_dims=128_seed0,2025ba9c84,trial_0006_learning_rate=1.0e-04_history=1_kernel_sizes=3x3x3_conv_channels=32x64x128_fc_dims=128_seed0
/scratch/sb272/patterns5k_results/slurm_hist_cnn_2026-03-05_16-01-45/trial_0006_learning_rate=1.0e-04_history=1_kernel_sizes=3x3x3_conv_channels=32x64x128_fc_dims=128_seed1,cnn,0.1567850888967514,0.19787288791726593,0.04735904553579905,-0.013118896219465468,0.05356185510754585,0.2017482385218786,66111,66111,50,0.5954596746041295,1,True,0.45456832695830385,0.48080127780121595,34,0.31855225563049316,0.20425140857696533,7,"[3, 3, 3]","[32, 64, 128]",[128],6903707,bc11u13n2,393.4,trial_0006_learning_rate=1.0e-04_history=1_kernel_sizes=3x3x3_conv_channels=32x64x128_fc_dims=128_seed1,2025ba9c84,trial_0006_learning_rate=1.0e-04_history=1_kernel_sizes=3x3x3_conv_channels=32x64x128_fc_dims=128_seed1
/scratch/sb272/patterns5k_results/slurm_hist_cnn_2026-03-05_16-01-45/trial_0007_learning_rate=1.0e-04_history=1_kernel_sizes=3x3x3_conv_channels=32x64x128_fc_dims=256_seed0,cnn,0.15673122906684875,0.20172751585367865,0.048116353769150993,-0.012053392236194914,0.05429944396018982,0.20525540728498168,90687,90687,50,0.6118796332194016,1,True,0.45456832695830385,0.49373138970153635,36,0.31855225563049316,0.20828688144683838,8,"[3, 3, 3]","[32, 64, 128]",[256],6903707,bc11u13n2,403.4,trial_0007_learning_rate=1.0e-04_history=1_kernel_sizes=3x3x3_conv_channels=32x64x128_fc_dims=256_seed0,2c550d32bb,trial_0007_learning_rate=1.0e-04_history=1_kernel_sizes=3x3x3_conv_channels=32x64x128_fc_dims=256_seed0
/scratch/sb272/patterns5k_results/slurm_hist_cnn_2026-03-05_16-01-45/trial_0007_learning_rate=1.0e-04_history=1_kernel_sizes=3x3x3_conv_channels=32x64x128_fc_dims=256_seed1,cnn,0.15652829027175905,0.20548977439861055,0.05059083681257944,-0.008677351096319773,0.06041932478547096,0.21047478897486807,90687,90687,50,0.6195955525406959,1,True,0.45456832695830385,0.5005846516070113,37,0.31855225563049316,0.2125888615846634,7,"[3, 3, 3]","[32, 64, 128]",[256],6903707,bc11u13n2,419.5,trial_0007_learning_rate=1.0e-04_history=1_kernel_sizes=3x3x3_conv_channels=32x64x128_fc_dims=256_seed1,2c550d32bb,trial_0007_learning_rate=1.0e-04_history=1_kernel_sizes=3x3x3_conv_channels=32x64x128_fc_dims=256_seed1
/scratch/sb272/patterns5k_results/slurm_hist_cnn_2026-03-05_16-01-45/trial_0008_learning_rate=1.0e-04_history=1_kernel_sizes=5x3x3_conv_channels=64x128x256_fc_dims=256_seed0,cnn,0.15279757261276244,0.23328979161409563,0.06669324447238256,-0.013946379934038435,0.05909326672554016,0.2394291549513506,239807,239807,50,0.6891733939422169,1,True,0.45456832695830385,0.563957713268317,48,0.31855225563049316,0.24246327579021454,13,"[5, 3, 3]","[64, 128, 256]",[256],6903707,bc11u13n2,506.0,trial_0008_learning_rate=1.0e-04_history=1_kernel_sizes=5x3x3_conv_channels=64x128x256_fc_dims=256_seed0,9625404901,trial_0008_learning_rate=1.0e-04_history=1_kernel_sizes=5x3x3_conv_channels=64x128x256_fc_dims=256_seed0
/scratch/sb272/patterns5k_results/slurm_hist_cnn_2026-03-05_16-01-45/trial_0008_learning_rate=1.0e-04_history=1_kernel_sizes=5x3x3_conv_channels=64x128x256_fc_dims=256_seed1,cnn,0.1531023951768875,0.23187076770407752,0.06478030530233232,-0.014164428862314376,0.05769848823547363,0.23952051782823877,239807,239807,50,0.692832423533724,1,True,0.45456832695830385,0.5690974427470006,48,0.31855225563049316,0.2412337213754654,13,"[5, 3, 3]","[64, 128, 256]",[256],6903707,bc11u13n2,512.7,trial_0008_learning_rate=1.0e-04_history=1_kernel_sizes=5x3x3_conv_channels=64x128x256_fc_dims=256_seed1,9625404901,trial_0008_learning_rate=1.0e-04_history=1_kernel_sizes=5x3x3_conv_channels=64x128x256_fc_dims=256_seed1
/scratch/sb272/patterns5k_results/slurm_hist_cnn_2026-03-05_16-01-45/trial_0009_learning_rate=1.0e-04_history=1_kernel_sizes=5x3x3_conv_channels=64x128x256_fc_dims=512_seed0,cnn,0.15248087620735168,0.2366974067294418,0.06839530430142841,-0.014653781103709388,0.05885334685444832,0.24395399426160505,321727,321727,50,0.6954107346509585,1,True,0.45456832695830385,0.574431728499992,49,0.31855225563049316,0.2462645322084427,13,"[5, 3, 3]","[64, 128, 256]",[512],6903707,bc11u13n2,564.5,trial_0009_learning_rate=1.0e-04_history=1_kernel_sizes=5x3x3_conv_channels=64x128x256_fc_dims=512_seed0,2d221445b6,trial_0009_learning_rate=1.0e-04_history=1_kernel_sizes=5x3x3_conv_channels=64x128x256_fc_dims=512_seed0
/scratch/sb272/patterns5k_results/slurm_hist_cnn_2026-03-05_16-01-45/trial_0009_learning_rate=1.0e-04_history=1_kernel_sizes=5x3x3_conv_channels=64x128x256_fc_dims=512_seed1,cnn,0.1528178446292877,0.2379291996279642,0.06588976629196651,-0.013931138174874442,0.05763586610555649,0.24523507335053332,321727,321727,50,0.7026460241519276,1,True,0.45456832695830385,0.5776344405790323,49,0.31855225563049316,0.24752534925937653,13,"[5, 3, 3]","[64, 128, 256]",[512],6903707,bc11u13n2,561.1,trial_0009_learning_rate=1.0e-04_history=1_kernel_sizes=5x3x3_conv_channels=64x128x256_fc_dims=512_seed1,2d221445b6,trial_0009_learning_rate=1.0e-04_history=1_kernel_sizes=5x3x3_conv_channels=64x128x256_fc_dims=512_seed1
/scratch/sb272/patterns5k_results/slurm_hist_cnn_2026-03-05_16-01-45/trial_0010_learning_rate=1.0e-04_history=1_kernel_sizes=5x3x3_conv_channels=64x128x256_fc_dims=1024_seed0,cnn,0.15233300268650055,0.24066377994022686,0.0693217156425355,-0.012218027833908324,0.06155327335000038,0.24852156367178954,485567,485567,50,0.7099353043227985,1,True,0.45456832695830385,0.5837500687298235,51,0.31855225563049316,0.25055962800979614,13,"[5, 3, 3]","[64, 128, 256]",[1024],6903707,bc11u13n2,671.1,trial_0010_learning_rate=1.0e-04_history=1_kernel_sizes=5x3x3_conv_channels=64x128x256_fc_dims=1024_seed0,5960de2381,trial_0010_learning_rate=1.0e-04_history=1_kernel_sizes=5x3x3_conv_channels=64x128x256_fc_dims=1024_seed0
/scratch/sb272/patterns5k_results/slurm_hist_cnn_2026-03-05_16-01-45/trial_0010_learning_rate=1.0e-04_history=1_kernel_sizes=5x3x3_conv_channels=64x128x256_fc_dims=1024_seed1,cnn,0.15266520893573762,0.24153892237517147,0.06763709537566655,-0.01231985054318867,0.061239149421453476,0.24934511626106784,485567,485567,50,0.716958641384259,1,True,0.45456832695830385,0.5847892005003907,51,0.31855225563049316,0.25133082270622253,14,"[5, 3, 3]","[64, 128, 256]",[1024],6903707,bc11u13n2,668.8,trial_0010_learning_rate=1.0e-04_history=1_kernel_sizes=5x3x3_conv_channels=64x128x256_fc_dims=1024_seed1,5960de2381,trial_0010_learning_rate=1.0e-04_history=1_kernel_sizes=5x3x3_conv_channels=64x128x256_fc_dims=1024_seed1
/scratch/sb272/patterns5k_results/slurm_hist_cnn_2026-03-05_16-01-45/trial_0011_learning_rate=1.0e-04_history=1_kernel_sizes=3x3x3_conv_channels=128x128x128_fc_dims=256_seed0,cnn,0.15288132655620576,0.23318475920437193,0.06651713072307526,-0.00975657171673245,0.06830564141273499,0.23895725467775866,188991,188991,50,0.6911914878672496,1,True,0.45456832695830385,0.561763130487346,48,0.31855225563049316,0.2418518215417862,13,"[3, 3, 3]","[128, 128, 128]",[256],6903707,bc11u13n2,470.2,trial_0011_learning_rate=1.0e-04_history=1_kernel_sizes=3x3x3_conv_channels=128x128x128_fc_dims=256_seed0,f7b277e81d,trial_0011_learning_rate=1.0e-04_history=1_kernel_sizes=3x3x3_conv_channels=128x128x128_fc_dims=256_seed0
/scratch/sb272/patterns5k_results/slurm_hist_cnn_2026-03-05_16-01-45/trial_0011_learning_rate=1.0e-04_history=1_kernel_sizes=3x3x3_conv_channels=128x128x128_fc_dims=256_seed1,cnn,0.15272934818267822,0.23180221435583273,0.06644231270230005,-0.013312575362977527,0.05961160734295845,0.23886658030764327,188991,188991,50,0.6801250939139439,1,True,0.45456832695830385,0.5569262534857634,49,0.31855225563049316,0.2403780221939087,12,"[3, 3, 3]","[128, 128, 128]",[256],6903707,bc11u13n2,472.3,trial_0011_learning_rate=1.0e-04_history=1_kernel_sizes=3x3x3_conv_channels=128x128x128_fc_dims=256_seed1,f7b277e81d,trial_0011_learning_rate=1.0e-04_history=1_kernel_sizes=3x3x3_conv_channels=128x128x128_fc_dims=256_seed1
/scratch/sb272/patterns5k_results/slurm_hist_cnn_2026-03-05_16-01-45/trial_0012_learning_rate=1.0e-04_history=1_kernel_sizes=3x3x3_conv_channels=128x128x128_fc_dims=512_seed0,cnn,0.15238256013393403,0.2379011978592872,0.06891029032449873,-0.011037587173401362,0.06510309875011444,0.2456213027804707,238143,238143,50,0.6965083160105754,1,True,0.45456832695830385,0.5721304882814253,50,0.31855225563049316,0.246931791305542,13,"[3, 3, 3]","[128, 128, 128]",[512],6903707,bc11u13n2,507.2,trial_0012_learning_rate=1.0e-04_history=1_kernel_sizes=3x3x3_conv_channels=128x128x128_fc_dims=512_seed0,61e01f473b,trial_0012_learning_rate=1.0e-04_history=1_kernel_sizes=3x3x3_conv_channels=128x128x128_fc_dims=512_seed0
/scratch/sb272/patterns5k_results/slurm_hist_cnn_2026-03-05_16-01-45/trial_0012_learning_rate=1.0e-04_history=1_kernel_sizes=3x3x3_conv_channels=128x128x128_fc_dims=512_seed1,cnn,0.15303560841083527,0.2370802193291188,0.06767770033034068,-0.00817903545167711,0.06882115453481674,0.24551146678788438,238143,238143,50,0.7034932426128679,1,True,0.45456832695830385,0.5782368923383004,50,0.31855225563049316,0.24675460159778595,13,"[3, 3, 3]","[128, 128, 128]",[512],6903707,bc11u13n2,479.7,trial_0012_learning_rate=1.0e-04_history=1_kernel_sizes=3x3x3_conv_channels=128x128x128_fc_dims=512_seed1,61e01f473b,trial_0012_learning_rate=1.0e-04_history=1_kernel_sizes=3x3x3_conv_channels=128x128x128_fc_dims=512_seed1
/scratch/sb272/patterns5k_results/slurm_hist_cnn_2026-03-05_16-01-45/trial_0013_learning_rate=1.0e-04_history=1_kernel_sizes=3x3x3_conv_channels=256x256x256_fc_dims=512_seed0,cnn,0.15028042840957642,0.25594086367162044,0.07798025153932117,-0.010609536889999632,0.07412189245223999,0.26560854336991996,640063,640063,50,0.7447584224774333,1,True,0.45456832695830385,0.6226708628359832,57,0.31855225563049316,0.2665382921695709,15,"[3, 3, 3]","[256, 256, 256]",[512],6903707,bc11u13n2,709.3,trial_0013_learning_rate=1.0e-04_history=1_kernel_sizes=3x3x3_conv_channels=256x256x256_fc_dims=512_seed0,bf3c618e3f,trial_0013_learning_rate=1.0e-04_history=1_kernel_sizes=3x3x3_conv_channels=256x256x256_fc_dims=512_seed0
/scratch/sb272/patterns5k_results/slurm_hist_cnn_2026-03-05_16-01-45/trial_0013_learning_rate=1.0e-04_history=1_kernel_sizes=3x3x3_conv_channels=256x256x256_fc_dims=512_seed1,cnn,0.1504273180961609,0.2574807525309639,0.07504614099623665,-0.010092805302332319,0.0744692012667656,0.2669217574478581,640063,640063,50,0.757989348622514,1,True,0.45456832695830385,0.6280462866503752,56,0.31855225563049316,0.2677755057811737,15,"[3, 3, 3]","[256, 256, 256]",[512],6903707,bc11u13n2,712.7,trial_0013_learning_rate=1.0e-04_history=1_kernel_sizes=3x3x3_conv_channels=256x256x256_fc_dims=512_seed1,bf3c618e3f,trial_0013_learning_rate=1.0e-04_history=1_kernel_sizes=3x3x3_conv_channels=256x256x256_fc_dims=512_seed1
/scratch/sb272/patterns5k_results/slurm_hist_cnn_2026-03-05_16-01-45/trial_0014_learning_rate=1.0e-04_history=1_kernel_sizes=3x3x3_conv_channels=256x256x256_fc_dims=1024_seed0,cnn,0.1504982908964157,0.25746725273772725,0.0731052936069549,-0.011801540851593018,0.07250948250293732,0.2676384424235955,803903,803903,50,0.7612198672314293,1,True,0.45456832695830385,0.6333232653772163,56,0.31855225563049316,0.26816049218177795,15,"[3, 3, 3]","[256, 256, 256]",[1024],6903707,bc11u13n2,894.1,trial_0014_learning_rate=1.0e-04_history=1_kernel_sizes=3x3x3_conv_channels=256x256x256_fc_dims=1024_seed0,51b0fd8f18,trial_0014_learning_rate=1.0e-04_history=1_kernel_sizes=3x3x3_conv_channels=256x256x256_fc_dims=1024_seed0
/scratch/sb272/patterns5k_results/slurm_hist_cnn_2026-03-05_16-01-45/trial_0014_learning_rate=1.0e-04_history=1_kernel_sizes=3x3x3_conv_channels=256x256x256_fc_dims=1024_seed1,cnn,0.15047195363044738,0.25810240435149945,0.07497521809169225,-0.010712445728362554,0.07280358672142029,0.2688772245670519,803903,803903,50,0.7636658228464553,1,True,0.45456832695830385,0.6336306726441974,58,0.31855225563049316,0.26891133189201355,15,"[3, 3, 3]","[256, 256, 256]",[1024],6903707,bc11u13n2,835.2,trial_0014_learning_rate=1.0e-04_history=1_kernel_sizes=3x3x3_conv_channels=256x256x256_fc_dims=1024_seed1,51b0fd8f18,trial_0014_learning_rate=1.0e-04_history=1_kernel_sizes=3x3x3_conv_channels=256x256x256_fc_dims=1024_seed1
/scratch/sb272/patterns5k_results/slurm_hist_cnn_2026-03-05_16-01-45/trial_0015_learning_rate=1.0e-04_history=2_kernel_sizes=3x3_conv_channels=64x128_fc_dims=128_seed0,cnn,0.1596614294052124,0.2043150703984471,0.04683425029118856,0.00504418687214927,0.08960316330194473,0.21078775620679477,69951,69951,50,0.6373412815594519,2,True,0.45456832695830385,0.5235220677521213,39,0.31855225563049316,0.21190780401229858,6,"[3, 3]","[64, 128]",[128],6903707,bc11u13n2,375.5,trial_0015_learning_rate=1.0e-04_history=2_kernel_sizes=3x3_conv_channels=64x128_fc_dims=128_seed0,9c207ede3c,trial_0015_learning_rate=1.0e-04_history=2_kernel_sizes=3x3_conv_channels=64x128_fc_dims=128_seed0
/scratch/sb272/patterns5k_results/slurm_hist_cnn_2026-03-05_16-01-45/trial_0015_learning_rate=1.0e-04_history=2_kernel_sizes=3x3_conv_channels=64x128_fc_dims=128_seed1,cnn,0.15977215468883516,0.20481680751077572,0.04647898957842872,0.004637350165654743,0.08855652064085007,0.21015901491633782,69951,69951,50,0.6462174031830014,2,True,0.45456832695830385,0.5310925584718289,44,0.31855225563049316,0.21258939802646637,6,"[3, 3]","[64, 128]",[128],6903707,bc11u13n2,361.8,trial_0015_learning_rate=1.0e-04_history=2_kernel_sizes=3x3_conv_channels=64x128_fc_dims=128_seed1,9c207ede3c,trial_0015_learning_rate=1.0e-04_history=2_kernel_sizes=3x3_conv_channels=64x128_fc_dims=128_seed1
/scratch/sb272/patterns5k_results/slurm_hist_cnn_2026-03-05_16-01-45/trial_0016_learning_rate=1.0e-04_history=2_kernel_sizes=3x3_conv_channels=64x128_fc_dims=256_seed0,cnn,0.15955480301380157,0.21032635062598729,0.047863251633114286,0.005783785903264606,0.09281814843416214,0.2162150360367434,94527,94527,50,0.6560716427185267,2,True,0.45456832695830385,0.5430101799102478,46,0.31855225563049316,0.21845555305480957,7,"[3, 3]","[64, 128]",[256],6903707,bc11u13n2,377.0,trial_0016_learning_rate=1.0e-04_history=2_kernel_sizes=3x3_conv_channels=64x128_fc_dims=256_seed0,4323486197,trial_0016_learning_rate=1.0e-04_history=2_kernel_sizes=3x3_conv_channels=64x128_fc_dims=256_seed0
/scratch/sb272/patterns5k_results/slurm_hist_cnn_2026-03-05_16-01-45/trial_0016_learning_rate=1.0e-04_history=2_kernel_sizes=3x3_conv_channels=64x128_fc_dims=256_seed1,cnn,0.15823591017723085,0.2146152617448472,0.05382735672451201,0.004963538003346276,0.09332357347011566,0.22057872978280788,94527,94527,50,0.6704692076363231,2,True,0.45456832695830385,0.551428617779969,46,0.31855225563049316,0.2227388471364975,7,"[3, 3]","[64, 128]",[256],6903707,bc11u13n2,493.6,trial_0016_learning_rate=1.0e-04_history=2_kernel_sizes=3x3_conv_channels=64x128_fc_dims=256_seed1,4323486197,trial_0016_learning_rate=1.0e-04_history=2_kernel_sizes=3x3_conv_channels=64x128_fc_dims=256_seed1
/scratch/sb272/patterns5k_results/slurm_hist_cnn_2026-03-05_16-01-45/trial_0017_learning_rate=1.0e-04_history=2_kernel_sizes=3x3_conv_channels=64x128_fc_dims=512_seed0,cnn,0.15837850189208985,0.21822726204174694,0.05350145934120057,0.006103129613967169,0.09640791267156601,0.2255755517319299,143679,143679,50,0.6864951470548789,2,True,0.45456832695830385,0.5628736691041006,46,0.31855225563049316,0.22706261277198792,7,"[3, 3]","[64, 128]",[512],6903707,bc11u13n2,582.0,trial_0017_learning_rate=1.0e-04_history=2_kernel_sizes=3x3_conv_channels=64x128_fc_dims=512_seed0,3fbf5658a6,trial_0017_learning_rate=1.0e-04_history=2_kernel_sizes=3x3_conv_channels=64x128_fc_dims=512_seed0
/scratch/sb272/patterns5k_results/slurm_hist_cnn_2026-03-05_16-01-45/trial_0017_learning_rate=1.0e-04_history=2_kernel_sizes=3x3_conv_channels=64x128_fc_dims=512_seed1,cnn,0.15881337809562684,0.21772510246904464,0.05138793540379358,0.006103670786297511,0.09753928333520889,0.2268138456976445,143679,143679,50,0.677526285678002,2,True,0.45456832695830385,0.5640692618332926,47,0.31855225563049316,0.22651097178459167,7,"[3, 3]","[64, 128]",[512],6903707,bc11u13n2,577.9,trial_0017_learning_rate=1.0e-04_history=2_kernel_sizes=3x3_conv_channels=64x128_fc_dims=512_seed1,3fbf5658a6,trial_0017_learning_rate=1.0e-04_history=2_kernel_sizes=3x3_conv_channels=64x128_fc_dims=512_seed1
/scratch/sb272/patterns5k_results/slurm_hist_cnn_2026-03-05_16-01-45/trial_0018_learning_rate=1.0e-04_history=2_kernel_sizes=5x3_conv_channels=128x256_fc_dims=256_seed0,cnn,0.15706665599346162,0.2292887081774362,0.05518428484598795,0.0022921940637013268,0.09080980718135834,0.23727825130667776,248639,248639,50,0.7034908953923635,2,True,0.45456832695830385,0.5859731597605978,49,0.31855225563049316,0.23935125768184662,8,"[5, 3]","[128, 256]",[256],6903707,bc11u13n2,682.5,trial_0018_learning_rate=1.0e-04_history=2_kernel_sizes=5x3_conv_channels=128x256_fc_dims=256_seed0,120cceb0fd,trial_0018_learning_rate=1.0e-04_history=2_kernel_sizes=5x3_conv_channels=128x256_fc_dims=256_seed0
/scratch/sb272/patterns5k_results/slurm_hist_cnn_2026-03-05_16-01-45/trial_0018_learning_rate=1.0e-04_history=2_kernel_sizes=5x3_conv_channels=128x256_fc_dims=256_seed1,cnn,0.15748921477794647,0.23115208452996555,0.05469381903845166,0.004716581768459744,0.0946427583694458,0.23858106703676601,248639,248639,50,0.7076969471627642,2,True,0.45456832695830385,0.590776907672843,51,0.31855225563049316,0.24168656766414642,7,"[5, 3]","[128, 256]",[256],6903707,bc11u13n2,699.3,trial_0018_learning_rate=1.0e-04_history=2_kernel_sizes=5x3_conv_channels=128x256_fc_dims=256_seed1,120cceb0fd,trial_0018_learning_rate=1.0e-04_history=2_kernel_sizes=5x3_conv_channels=128x256_fc_dims=256_seed1
/scratch/sb272/patterns5k_results/slurm_hist_cnn_2026-03-05_16-01-45/trial_0019_learning_rate=1.0e-04_history=2_kernel_sizes=5x3_conv_channels=128x256_fc_dims=512_seed0,cnn,0.1576683235168457,0.23094474113388386,0.053901745213402644,0.004796875847710503,0.0955047681927681,0.23944937142488243,330559,330559,50,0.7136795173779918,2,True,0.45456832695830385,0.5951005705706126,51,0.31855225563049316,0.2415493279695511,8,"[5, 3]","[128, 256]",[512],6903707,bc11u13n2,729.3,trial_0019_learning_rate=1.0e-04_history=2_kernel_sizes=5x3_conv_channels=128x256_fc_dims=512_seed0,c5adeef7c5,trial_0019_learning_rate=1.0e-04_history=2_kernel_sizes=5x3_conv_channels=128x256_fc_dims=512_seed0
/scratch/sb272/patterns5k_results/slurm_hist_cnn_2026-03-05_16-01-45/trial_0019_learning_rate=1.0e-04_history=2_kernel_sizes=5x3_conv_channels=128x256_fc_dims=512_seed1,cnn,0.15655742466449737,0.23656742372544642,0.05715171969126141,0.004359477096133762,0.0948370099067688,0.24594218730600506,330559,330559,50,0.7274990191013492,2,True,0.45456832695830385,0.6067084399144073,53,0.31855225563049316,0.24739906191825867,9,"[5, 3]","[128, 256]",[512],6903707,bc11u13n2,700.5,trial_0019_learning_rate=1.0e-04_history=2_kernel_sizes=5x3_conv_channels=128x256_fc_dims=512_seed1,c5adeef7c5,trial_0019_learning_rate=1.0e-04_history=2_kernel_sizes=5x3_conv_channels=128x256_fc_dims=512_seed1
/scratch/sb272/patterns5k_results/slurm_hist_cnn_2026-03-05_16-01-45/trial_0020_learning_rate=1.0e-04_history=2_kernel_sizes=5x3_conv_channels=128x256_fc_dims=1024_seed0,cnn,0.1576535131931305,0.23723922558032148,0.04848885630804395,0.005565216616978721,0.0996125116944313,0.24807834532596407,494399,494399,50,0.7411015499659178,2,True,0.45456832695830385,0.6140698589928076,53,0.31855225563049316,0.24837227165699005,10,"[5, 3]","[128, 256]",[1024],6903707,bc11u13n2,837.4,trial_0020_learning_rate=1.0e-04_history=2_kernel_sizes=5x3_conv_channels=128x256_fc_dims=1024_seed0,9dd4099938,trial_0020_learning_rate=1.0e-04_history=2_kernel_sizes=5x3_conv_channels=128x256_fc_dims=1024_seed0
/scratch/sb272/patterns5k_results/slurm_hist_cnn_2026-03-05_16-01-45/trial_0020_learning_rate=1.0e-04_history=2_kernel_sizes=5x3_conv_channels=128x256_fc_dims=1024_seed1,cnn,0.15745210957527161,0.23840612730124977,0.05256252913247971,0.006308121340615409,0.10105360299348831,0.24800267209909616,494399,494399,50,0.7370763740329556,2,True,0.45456832695830385,0.6133762923086108,53,0.31855225563049316,0.24970118701457977,10,"[5, 3]","[128, 256]",[1024],6903707,bc11u13n2,837.6,trial_0020_learning_rate=1.0e-04_history=2_kernel_sizes=5x3_conv_channels=128x256_fc_dims=1024_seed1,9dd4099938,trial_0020_learning_rate=1.0e-04_history=2_kernel_sizes=5x3_conv_channels=128x256_fc_dims=1024_seed1
/scratch/sb272/patterns5k_results/slurm_hist_cnn_2026-03-05_16-01-45/trial_0021_learning_rate=1.0e-04_history=2_kernel_sizes=3x3x3_conv_channels=32x64x128_fc_dims=128_seed0,cnn,0.15858536493778227,0.19057297375799448,0.043518195076594275,-0.007168233394622803,0.06341686099767685,0.19145893640940936,66111,66111,50,0.5847390528102654,2,True,0.45456832695830385,0.46643237041314495,28,0.31855225563049316,0.19635947048664093,4,"[3, 3, 3]","[32, 64, 128]",[128],6903707,bc11u13n2,473.2,trial_0021_learning_rate=1.0e-04_history=2_kernel_sizes=3x3x3_conv_channels=32x64x128_fc_dims=128_seed0,b209f9e95a,trial_0021_learning_rate=1.0e-04_history=2_kernel_sizes=3x3x3_conv_channels=32x64x128_fc_dims=128_seed0
/scratch/sb272/patterns5k_results/slurm_hist_cnn_2026-03-05_16-01-45/trial_0021_learning_rate=1.0e-04_history=2_kernel_sizes=3x3x3_conv_channels=32x64x128_fc_dims=128_seed1,cnn,0.1587264654636383,0.1904190746263477,0.04340373618262155,-0.00702276589378478,0.06006105616688728,0.1939705900325901,66111,66111,50,0.5932645348268994,2,True,0.45456832695830385,0.4717483459466324,30,0.31855225563049316,0.19644102454185486,5,"[3, 3, 3]","[32, 64, 128]",[128],6903707,bc11u13n2,469.3,trial_0021_learning_rate=1.0e-04_history=2_kernel_sizes=3x3x3_conv_channels=32x64x128_fc_dims=128_seed1,b209f9e95a,trial_0021_learning_rate=1.0e-04_history=2_kernel_sizes=3x3x3_conv_channels=32x64x128_fc_dims=128_seed1
/scratch/sb272/patterns5k_results/slurm_hist_cnn_2026-03-05_16-01-45/trial_0022_learning_rate=1.0e-04_history=2_kernel_sizes=3x3x3_conv_channels=32x64x128_fc_dims=256_seed0,cnn,0.1581386789083481,0.19719185754999013,0.04615438930572025,-0.00704643934492081,0.06560369580984116,0.20193535544753977,90687,90687,50,0.6045381791350654,2,True,0.45456832695830385,0.4861901180786908,33,0.31855225563049316,0.20377172529697418,5,"[3, 3, 3]","[32, 64, 128]",[256],6903707,bc11u13n2,481.9,trial_0022_learning_rate=1.0e-04_history=2_kernel_sizes=3x3x3_conv_channels=32x64x128_fc_dims=256_seed0,8810cfc5fc,trial_0022_learning_rate=1.0e-04_history=2_kernel_sizes=3x3x3_conv_channels=32x64x128_fc_dims=256_seed0
/scratch/sb272/patterns5k_results/slurm_hist_cnn_2026-03-05_16-01-45/trial_0022_learning_rate=1.0e-04_history=2_kernel_sizes=3x3x3_conv_channels=32x64x128_fc_dims=256_seed1,cnn,0.15839160120487214,0.19566598770491117,0.04589840911683582,-0.004810600053696405,0.06631923466920853,0.1994002413752075,90687,90687,50,0.600780846071896,2,True,0.45456832695830385,0.48203470653226155,37,0.31855225563049316,0.20213283598423004,5,"[3, 3, 3]","[32, 64, 128]",[256],6903707,bc11u13n2,489.3,trial_0022_learning_rate=1.0e-04_history=2_kernel_sizes=3x3x3_conv_channels=32x64x128_fc_dims=256_seed1,8810cfc5fc,trial_0022_learning_rate=1.0e-04_history=2_kernel_sizes=3x3x3_conv_channels=32x64x128_fc_dims=256_seed1
/scratch/sb272/patterns5k_results/slurm_hist_cnn_2026-03-05_16-01-45/trial_0023_learning_rate=1.0e-04_history=2_kernel_sizes=5x3x3_conv_channels=64x128x256_fc_dims=256_seed0,cnn,0.15518826806545258,0.2222526309336771,0.06077906536677527,-0.004848946654607379,0.07462558895349503,0.23013525703356574,239807,239807,50,0.6748704574441713,2,True,0.45456832695830385,0.5496719725245824,47,0.31855225563049316,0.23154792189598083,9,"[5, 3, 3]","[64, 128, 256]",[256],6903707,bc11u13n2,617.1,trial_0023_learning_rate=1.0e-04_history=2_kernel_sizes=5x3x3_conv_channels=64x128x256_fc_dims=256_seed0,b69a79d7a4,trial_0023_learning_rate=1.0e-04_history=2_kernel_sizes=5x3x3_conv_channels=64x128x256_fc_dims=256_seed0
/scratch/sb272/patterns5k_results/slurm_hist_cnn_2026-03-05_16-01-45/trial_0023_learning_rate=1.0e-04_history=2_kernel_sizes=5x3x3_conv_channels=64x128x256_fc_dims=256_seed1,cnn,0.15544011402130126,0.22351761211194862,0.059246503171466645,-0.006938142435891288,0.06626014411449432,0.2300257821533331,239807,239807,50,0.6719622662473215,2,True,0.45456832695830385,0.5528684200243682,46,0.31855225563049316,0.2331867814064026,10,"[5, 3, 3]","[64, 128, 256]",[256],6903707,bc11u13n2,604.3,trial_0023_learning_rate=1.0e-04_history=2_kernel_sizes=5x3x3_conv_channels=64x128x256_fc_dims=256_seed1,b69a79d7a4,trial_0023_learning_rate=1.0e-04_history=2_kernel_sizes=5x3x3_conv_channels=64x128x256_fc_dims=256_seed1
/scratch/sb272/patterns5k_results/slurm_hist_cnn_2026-03-05_16-01-45/trial_0024_learning_rate=1.0e-04_history=2_kernel_sizes=5x3x3_conv_channels=64x128x256_fc_dims=512_seed0,cnn,0.15477115607261657,0.22688706566478684,0.06282397205867464,-0.0062828924920823835,0.07412843406200409,0.23571795880010227,321727,321727,50,0.6822061602505051,2,True,0.45456832695830385,0.5577599244966582,49,0.31855225563049316,0.2364646941423416,10,"[5, 3, 3]","[64, 128, 256]",[512],6903707,bc11u13n2,669.0,trial_0024_learning_rate=1.0e-04_history=2_kernel_sizes=5x3x3_conv_channels=64x128x256_fc_dims=512_seed0,abdb0d5f99,trial_0024_learning_rate=1.0e-04_history=2_kernel_sizes=5x3x3_conv_channels=64x128x256_fc_dims=512_seed0
/scratch/sb272/patterns5k_results/slurm_hist_cnn_2026-03-05_16-01-45/trial_0024_learning_rate=1.0e-04_history=2_kernel_sizes=5x3x3_conv_channels=64x128x256_fc_dims=512_seed1,cnn,0.1541606386899948,0.22778055640132114,0.06487162340255011,-0.009553956607031443,0.06961362063884735,0.2356653744022663,321727,321727,50,0.6917942047607651,2,True,0.45456832695830385,0.5650919872064404,50,0.31855225563049316,0.23778128623962402,9,"[5, 3, 3]","[64, 128, 256]",[512],6903707,bc11u13n2,665.7,trial_0024_learning_rate=1.0e-04_history=2_kernel_sizes=5x3x3_conv_channels=64x128x256_fc_dims=512_seed1,abdb0d5f99,trial_0024_learning_rate=1.0e-04_history=2_kernel_sizes=5x3x3_conv_channels=64x128x256_fc_dims=512_seed1
/scratch/sb272/patterns5k_results/slurm_hist_cnn_2026-03-05_16-01-45/trial_0025_learning_rate=1.0e-04_history=2_kernel_sizes=5x3x3_conv_channels=64x128x256_fc_dims=1024_seed0,cnn,0.154535014629364,0.23189814557554936,0.06338978854436723,-0.006062218121119908,0.07360470294952393,0.24077205566715476,485567,485567,50,0.6987693420576492,2,True,0.45456832695830385,0.5703862532233707,49,0.31855225563049316,0.2417423278093338,10,"[5, 3, 3]","[64, 128, 256]",[1024],6903708,bc11u19n1,979.7,trial_0025_learning_rate=1.0e-04_history=2_kernel_sizes=5x3x3_conv_channels=64x128x256_fc_dims=1024_seed0,f347438ea5,trial_0025_learning_rate=1.0e-04_history=2_kernel_sizes=5x3x3_conv_channels=64x128x256_fc_dims=1024_seed0
/scratch/sb272/patterns5k_results/slurm_hist_cnn_2026-03-05_16-01-45/trial_0025_learning_rate=1.0e-04_history=2_kernel_sizes=5x3x3_conv_channels=64x128x256_fc_dims=1024_seed1,cnn,0.15480890452861787,0.23170454514102365,0.062071501262604245,-0.006121256994822669,0.07186640053987503,0.24120280640643196,485567,485567,50,0.7002820472097089,2,True,0.45456832695830385,0.5726200149306812,49,0.31855225563049316,0.24221333861351013,10,"[5, 3, 3]","[64, 128, 256]",[1024],6903708,bc11u19n1,964.1,trial_0025_learning_rate=1.0e-04_history=2_kernel_sizes=5x3x3_conv_channels=64x128x256_fc_dims=1024_seed1,f347438ea5,trial_0025_learning_rate=1.0e-04_history=2_kernel_sizes=5x3x3_conv_channels=64x128x256_fc_dims=1024_seed1
/scratch/sb272/patterns5k_results/slurm_hist_cnn_2026-03-05_16-01-45/trial_0026_learning_rate=1.0e-04_history=2_kernel_sizes=3x3x3_conv_channels=128x128x128_fc_dims=256_seed0,cnn,0.15457093417644502,0.22340264597145706,0.06189795902797154,-0.007152450463128468,0.07588881254196167,0.23038548303295722,188991,188991,50,0.6644381511500678,2,True,0.45456832695830385,0.5403259828812198,47,0.31855225563049316,0.23173879086971283,8,"[3, 3, 3]","[128, 128, 128]",[256],6903708,bc11u19n1,659.6,trial_0026_learning_rate=1.0e-04_history=2_kernel_sizes=3x3x3_conv_channels=128x128x128_fc_dims=256_seed0,8803897c58,trial_0026_learning_rate=1.0e-04_history=2_kernel_sizes=3x3x3_conv_channels=128x128x128_fc_dims=256_seed0
/scratch/sb272/patterns5k_results/slurm_hist_cnn_2026-03-05_16-01-45/trial_0026_learning_rate=1.0e-04_history=2_kernel_sizes=3x3x3_conv_channels=128x128x128_fc_dims=256_seed1,cnn,0.15510512113571168,0.22424073668621775,0.06130600354028127,-0.004203370639256069,0.0746987983584404,0.23088175834433428,188991,188991,50,0.6741717413900687,2,True,0.45456832695830385,0.5491620023292675,47,0.31855225563049316,0.2328726351261139,7,"[3, 3, 3]","[128, 128, 128]",[256],6903708,bc11u19n1,572.9,trial_0026_learning_rate=1.0e-04_history=2_kernel_sizes=3x3x3_conv_channels=128x128x128_fc_dims=256_seed1,8803897c58,trial_0026_learning_rate=1.0e-04_history=2_kernel_sizes=3x3x3_conv_channels=128x128x128_fc_dims=256_seed1
/scratch/sb272/patterns5k_results/slurm_hist_cnn_2026-03-05_16-01-45/trial_0027_learning_rate=1.0e-04_history=2_kernel_sizes=3x3x3_conv_channels=128x128x128_fc_dims=512_seed0,cnn,0.1549277113676071,0.22983160966559973,0.06231811973783705,-0.002107174623580206,0.08141519129276276,0.2386200550354207,238143,238143,50,0.6860669825144385,2,True,0.45456832695830385,0.5601486344196925,51,0.31855225563049316,0.23888461291790009,8,"[3, 3, 3]","[128, 128, 128]",[512],6903708,bc11u19n1,617.5,trial_0027_learning_rate=1.0e-04_history=2_kernel_sizes=3x3x3_conv_channels=128x128x128_fc_dims=512_seed0,27e6dcaff0,trial_0027_learning_rate=1.0e-04_history=2_kernel_sizes=3x3x3_conv_channels=128x128x128_fc_dims=512_seed0
/scratch/sb272/patterns5k_results/slurm_hist_cnn_2026-03-05_16-01-45/trial_0027_learning_rate=1.0e-04_history=2_kernel_sizes=3x3x3_conv_channels=128x128x128_fc_dims=512_seed1,cnn,0.15450393533706666,0.22907426417216073,0.06419834541896033,-0.005150246241736034,0.07347743958234787,0.23695941874562115,238143,238143,50,0.6894914601198647,2,True,0.45456832695830385,0.5648225527319061,49,0.31855225563049316,0.2384808361530304,9,"[3, 3, 3]","[128, 128, 128]",[512],6903708,bc11u19n1,621.3,trial_0027_learning_rate=1.0e-04_history=2_kernel_sizes=3x3x3_conv_channels=128x128x128_fc_dims=512_seed1,27e6dcaff0,trial_0027_learning_rate=1.0e-04_history=2_kernel_sizes=3x3x3_conv_channels=128x128x128_fc_dims=512_seed1
/scratch/sb272/patterns5k_results/slurm_hist_cnn_2026-03-05_16-01-45/trial_0028_learning_rate=1.0e-04_history=2_kernel_sizes=3x3x3_conv_channels=256x256x256_fc_dims=512_seed0,cnn,0.15274338233470916,0.24787959762846615,0.0705186374603756,-0.004025331565311977,0.08428947627544403,0.2591653615920318,640063,640063,50,0.745307963281564,2,True,0.45456832695830385,0.6115509316760381,54,0.31855225563049316,0.2582305669784546,11,"[3, 3, 3]","[256, 256, 256]",[512],6903708,bc11u19n1,945.2,trial_0028_learning_rate=1.0e-04_history=2_kernel_sizes=3x3x3_conv_channels=256x256x256_fc_dims=512_seed0,e69dfa737e,trial_0028_learning_rate=1.0e-04_history=2_kernel_sizes=3x3x3_conv_channels=256x256x256_fc_dims=512_seed0
/scratch/sb272/patterns5k_results/slurm_hist_cnn_2026-03-05_16-01-45/trial_0028_learning_rate=1.0e-04_history=2_kernel_sizes=3x3x3_conv_channels=256x256x256_fc_dims=512_seed1,cnn,0.15277715981006623,0.24715742433287885,0.07185496413518512,-0.0020914172369336324,0.08671644330024719,0.256909795007328,640063,640063,50,0.7382488418606051,2,True,0.45456832695830385,0.6092367663966473,54,0.31855225563049316,0.2580525279045105,11,"[3, 3, 3]","[256, 256, 256]",[512],6903708,bc11u19n1,947.1,trial_0028_learning_rate=1.0e-04_history=2_kernel_sizes=3x3x3_conv_channels=256x256x256_fc_dims=512_seed1,e69dfa737e,trial_0028_learning_rate=1.0e-04_history=2_kernel_sizes=3x3x3_conv_channels=256x256x256_fc_dims=512_seed1
/scratch/sb272/patterns5k_results/slurm_hist_cnn_2026-03-05_16-01-45/trial_0029_learning_rate=1.0e-04_history=2_kernel_sizes=3x3x3_conv_channels=256x256x256_fc_dims=1024_seed0,cnn,0.1522927315235138,0.24835876393714115,0.07176161380041213,-0.0043072691039433555,0.08528994023799896,0.2610634674693479,803903,803903,50,0.7503317836080154,2,True,0.45456832695830385,0.617000789474844,58,0.31855225563049316,0.25877949595451355,11,"[3, 3, 3]","[256, 256, 256]",[1024],6903708,bc11u19n1,1046.1,trial_0029_learning_rate=1.0e-04_history=2_kernel_sizes=3x3x3_conv_channels=256x256x256_fc_dims=1024_seed0,bb4049256d,trial_0029_learning_rate=1.0e-04_history=2_kernel_sizes=3x3x3_conv_channels=256x256x256_fc_dims=1024_seed0
/scratch/sb272/patterns5k_results/slurm_hist_cnn_2026-03-05_16-01-45/trial_0029_learning_rate=1.0e-04_history=2_kernel_sizes=3x3x3_conv_channels=256x256x256_fc_dims=1024_seed1,cnn,0.15315538299083709,0.2502265726212928,0.0659540645659916,-0.001221213075849745,0.0879119411110878,0.260934451526523,803903,803903,50,0.742801238365215,2,True,0.45456832695830385,0.612923328206104,54,0.31855225563049316,0.2608310580253601,11,"[3, 3, 3]","[256, 256, 256]",[1024],6903708,bc11u19n1,1033.4,trial_0029_learning_rate=1.0e-04_history=2_kernel_sizes=3x3x3_conv_channels=256x256x256_fc_dims=1024_seed1,bb4049256d,trial_0029_learning_rate=1.0e-04_history=2_kernel_sizes=3x3x3_conv_channels=256x256x256_fc_dims=1024_seed1
/scratch/sb272/patterns5k_results/slurm_hist_cnn_2026-03-05_16-01-45/trial_0030_learning_rate=1.0e-04_history=5_kernel_sizes=3x3_conv_channels=64x128_fc_dims=128_seed0,cnn,0.17059233438968657,0.11672189123422463,0.009568413098653158,0.00817329826809111,0.10752654820680618,0.11683043854250405,69951,69951,50,0.43032442863095194,5,True,0.45456832695830385,0.3054262073028441,11,0.31855225563049316,0.12051568925380707,1,"[3, 3]","[64, 128]",[128],6903708,bc11u19n1,426.3,trial_0030_learning_rate=1.0e-04_history=5_kernel_sizes=3x3_conv_channels=64x128_fc_dims=128_seed0,e3c49c0076,trial_0030_learning_rate=1.0e-04_history=5_kernel_sizes=3x3_conv_channels=64x128_fc_dims=128_seed0
/scratch/sb272/patterns5k_results/slurm_hist_cnn_2026-03-05_16-01-45/trial_0030_learning_rate=1.0e-04_history=5_kernel_sizes=3x3_conv_channels=64x128_fc_dims=128_seed1,cnn,0.17045399534702302,0.11717181807927307,0.010848262953379798,0.009061671438671294,0.10562639683485031,0.11949089205722284,69951,69951,50,0.431943538427108,5,True,0.45456832695830385,0.30661036891490057,13,0.31855225563049316,0.12143485993146896,1,"[3, 3]","[64, 128]",[128],6903708,bc11u19n1,427.0,trial_0030_learning_rate=1.0e-04_history=5_kernel_sizes=3x3_conv_channels=64x128_fc_dims=128_seed1,e3c49c0076,trial_0030_learning_rate=1.0e-04_history=5_kernel_sizes=3x3_conv_channels=64x128_fc_dims=128_seed1
/scratch/sb272/patterns5k_results/slurm_hist_cnn_2026-03-05_16-01-45/trial_0031_learning_rate=1.0e-04_history=5_kernel_sizes=3x3_conv_channels=64x128_fc_dims=256_seed0,cnn,0.1694719033241272,0.12575681195158248,0.014533573672884987,0.012783042968265594,0.11636380106210709,0.12512320313064249,94527,94527,50,0.4686083817056537,5,True,0.45456832695830385,0.3280330163477049,12,0.31855225563049316,0.12997272610664368,0,"[3, 3]","[64, 128]",[256],6903708,bc11u19n1,449.1,trial_0031_learning_rate=1.0e-04_history=5_kernel_sizes=3x3_conv_channels=64x128_fc_dims=256_seed0,805133793c,trial_0031_learning_rate=1.0e-04_history=5_kernel_sizes=3x3_conv_channels=64x128_fc_dims=256_seed0
/scratch/sb272/patterns5k_results/slurm_hist_cnn_2026-03-05_16-01-45/trial_0031_learning_rate=1.0e-04_history=5_kernel_sizes=3x3_conv_channels=64x128_fc_dims=256_seed1,cnn,0.17067016410827637,0.11997307471933837,0.010597141016097296,0.009715137027558825,0.11123217642307281,0.1219231978811573,94527,94527,50,0.4645211072295951,5,True,0.45456832695830385,0.3260483659372429,13,0.31855225563049316,0.12464384734630585,0,"[3, 3]","[64, 128]",[256],6903708,bc11u19n1,449.8,trial_0031_learning_rate=1.0e-04_history=5_kernel_sizes=3x3_conv_channels=64x128_fc_dims=256_seed1,805133793c,trial_0031_learning_rate=1.0e-04_history=5_kernel_sizes=3x3_conv_channels=64x128_fc_dims=256_seed1
/scratch/sb272/patterns5k_results/slurm_hist_cnn_2026-03-05_16-01-45/trial_0032_learning_rate=1.0e-04_history=5_kernel_sizes=3x3_conv_channels=64x128_fc_dims=512_seed0,cnn,0.17017684745788575,0.12861309730934978,0.011683728013719832,0.009250360821920729,0.11720766127109528,0.13138057390619237,143679,143679,50,0.4859848152717474,5,True,0.45456832695830385,0.3517345199406389,13,0.31855225563049316,0.1334390491247177,2,"[3, 3]","[64, 128]",[512],6903708,bc11u19n1,497.8,trial_0032_learning_rate=1.0e-04_history=5_kernel_sizes=3x3_conv_channels=64x128_fc_dims=512_seed0,0bb2a41db4,trial_0032_learning_rate=1.0e-04_history=5_kernel_sizes=3x3_conv_channels=64x128_fc_dims=512_seed0
/scratch/sb272/patterns5k_results/slurm_hist_cnn_2026-03-05_16-01-45/trial_0032_learning_rate=1.0e-04_history=5_kernel_sizes=3x3_conv_channels=64x128_fc_dims=512_seed1,cnn,0.1717870479822159,0.11636205101760991,0.005376605760483514,0.004607172239394415,0.10742033272981644,0.12026113354425495,143679,143679,50,0.4331726064713743,5,True,0.45456832695830385,0.30105929152619565,11,0.31855225563049316,0.12011776119470596,0,"[3, 3]","[64, 128]",[512],6903708,bc11u19n1,497.2,trial_0032_learning_rate=1.0e-04_history=5_kernel_sizes=3x3_conv_channels=64x128_fc_dims=512_seed1,0bb2a41db4,trial_0032_learning_rate=1.0e-04_history=5_kernel_sizes=3x3_conv_channels=64x128_fc_dims=512_seed1
/scratch/sb272/patterns5k_results/slurm_hist_cnn_2026-03-05_16-01-45/trial_0033_learning_rate=1.0e-04_history=5_kernel_sizes=5x3_conv_channels=128x256_fc_dims=256_seed0,cnn,0.16982928025722505,0.13353072478227165,0.010795827895875961,0.009723890395391555,0.12037967145442963,0.13284244952453916,248639,248639,50,0.5129339658587162,5,True,0.45456832695830385,0.3800025795336046,13,0.31855225563049316,0.13953463733196259,2,"[5, 3]","[128, 256]",[256],6903708,bc11u19n1,581.0,trial_0033_learning_rate=1.0e-04_history=5_kernel_sizes=5x3_conv_channels=128x256_fc_dims=256_seed0,c6f0fc2409,trial_0033_learning_rate=1.0e-04_history=5_kernel_sizes=5x3_conv_channels=128x256_fc_dims=256_seed0
/scratch/sb272/patterns5k_results/slurm_hist_cnn_2026-03-05_16-01-45/trial_0033_learning_rate=1.0e-04_history=5_kernel_sizes=5x3_conv_channels=128x256_fc_dims=256_seed1,cnn,0.16954076850414276,0.1371657577663682,0.011334064460936048,0.00860141950940329,0.12383069097995758,0.13958483601880245,248639,248639,50,0.5252851316959416,5,True,0.45456832695830385,0.38436455298445676,14,0.31855225563049316,0.1436876505613327,2,"[5, 3]","[128, 256]",[256],6903708,bc11u19n1,573.2,trial_0033_learning_rate=1.0e-04_history=5_kernel_sizes=5x3_conv_channels=128x256_fc_dims=256_seed1,c6f0fc2409,trial_0033_learning_rate=1.0e-04_history=5_kernel_sizes=5x3_conv_channels=128x256_fc_dims=256_seed1
/scratch/sb272/patterns5k_results/slurm_hist_cnn_2026-03-05_16-01-45/trial_0034_learning_rate=1.0e-04_history=5_kernel_sizes=5x3_conv_channels=128x256_fc_dims=512_seed0,cnn,0.17046323072910308,0.1362377622511862,0.005134757549043686,0.004657673457312206,0.1227099746465683,0.1404007783776014,330559,330559,50,0.5295806583867839,5,True,0.45456832695830385,0.3899840598075983,13,0.31855225563049316,0.14256200194358826,2,"[5, 3]","[128, 256]",[512],6903708,bc11u19n1,500.4,trial_0034_learning_rate=1.0e-04_history=5_kernel_sizes=5x3_conv_channels=128x256_fc_dims=512_seed0,369c2f498a,trial_0034_learning_rate=1.0e-04_history=5_kernel_sizes=5x3_conv_channels=128x256_fc_dims=512_seed0
/scratch/sb272/patterns5k_results/slurm_hist_cnn_2026-03-05_16-01-45/trial_0034_learning_rate=1.0e-04_history=5_kernel_sizes=5x3_conv_channels=128x256_fc_dims=512_seed1,cnn,0.1705218448638916,0.13389059486090743,0.006989568944961306,0.005245620296114967,0.11918793618679047,0.13741113609352928,330559,330559,50,0.5304141877964076,5,True,0.45456832695830385,0.388203098428557,14,0.31855225563049316,0.14015482366085052,2,"[5, 3]","[128, 256]",[512],6903708,bc11u19n1,499.4,trial_0034_learning_rate=1.0e-04_history=5_kernel_sizes=5x3_conv_channels=128x256_fc_dims=512_seed1,369c2f498a,trial_0034_learning_rate=1.0e-04_history=5_kernel_sizes=5x3_conv_channels=128x256_fc_dims=512_seed1
/scratch/sb272/patterns5k_results/slurm_hist_cnn_2026-03-05_16-01-45/trial_0035_learning_rate=1.0e-04_history=5_kernel_sizes=5x3_conv_channels=128x256_fc_dims=1024_seed0,cnn,0.17104628419876097,0.13535695093352743,0.0031577045955355205,0.003885575703212193,0.12249600142240524,0.13896139337066155,494399,494399,50,0.5268551788599576,5,True,0.45456832695830385,0.39210859168159595,13,0.31855225563049316,0.141768217086792,2,"[5, 3]","[128, 256]",[1024],6903708,bc11u19n1,737.2,trial_0035_learning_rate=1.0e-04_history=5_kernel_sizes=5x3_conv_channels=128x256_fc_dims=1024_seed0,808386a501,trial_0035_learning_rate=1.0e-04_history=5_kernel_sizes=5x3_conv_channels=128x256_fc_dims=1024_seed0
/scratch/sb272/patterns5k_results/slurm_hist_cnn_2026-03-05_16-01-45/trial_0035_learning_rate=1.0e-04_history=5_kernel_sizes=5x3_conv_channels=128x256_fc_dims=1024_seed1,cnn,0.17034509038925172,0.14136795365155777,0.004159237657274518,0.0028632652191888717,0.1268642693758011,0.14569204724286658,494399,494399,50,0.5325820321503001,5,True,0.45456832695830385,0.3911731295930255,13,0.31855225563049316,0.14770418405532837,2,"[5, 3]","[128, 256]",[1024],6903708,bc11u19n1,951.5,trial_0035_learning_rate=1.0e-04_history=5_kernel_sizes=5x3_conv_channels=128x256_fc_dims=1024_seed1,808386a501,trial_0035_learning_rate=1.0e-04_history=5_kernel_sizes=5x3_conv_channels=128x256_fc_dims=1024_seed1
/scratch/sb272/patterns5k_results/slurm_hist_cnn_2026-03-05_16-01-45/trial_0036_learning_rate=1.0e-04_history=5_kernel_sizes=3x3x3_conv_channels=32x64x128_fc_dims=128_seed0,cnn,0.16879005765914917,0.1166089703859548,0.016114017320057704,0.012980729814559694,0.10561290383338928,0.1158348091162774,66111,66111,50,0.4162473558108722,5,True,0.45456832695830385,0.29924871454977514,13,0.31855225563049316,0.12065856903791428,1,"[3, 3, 3]","[32, 64, 128]",[128],6903708,bc11u19n1,545.2,trial_0036_learning_rate=1.0e-04_history=5_kernel_sizes=3x3x3_conv_channels=32x64x128_fc_dims=128_seed0,81114e5df7,trial_0036_learning_rate=1.0e-04_history=5_kernel_sizes=3x3x3_conv_channels=32x64x128_fc_dims=128_seed0
/scratch/sb272/patterns5k_results/slurm_hist_cnn_2026-03-05_16-01-45/trial_0036_learning_rate=1.0e-04_history=5_kernel_sizes=3x3x3_conv_channels=32x64x128_fc_dims=128_seed1,cnn,0.16859149754047395,0.11963264669667192,0.016712369426848398,0.013949494513254317,0.10956006497144699,0.1196460389603132,66111,66111,50,0.4410194040217026,5,True,0.45456832695830385,0.3158985669308247,13,0.31855225563049316,0.12377294152975082,1,"[3, 3, 3]","[32, 64, 128]",[128],6903708,bc11u19n1,552.4,trial_0036_learning_rate=1.0e-04_history=5_kernel_sizes=3x3x3_conv_channels=32x64x128_fc_dims=128_seed1,81114e5df7,trial_0036_learning_rate=1.0e-04_history=5_kernel_sizes=3x3x3_conv_channels=32x64x128_fc_dims=128_seed1
/scratch/sb272/patterns5k_results/slurm_hist_cnn_2026-03-05_16-01-45/trial_0037_learning_rate=1.0e-04_history=5_kernel_sizes=3x3x3_conv_channels=32x64x128_fc_dims=256_seed0,cnn,0.16897469580173494,0.1218276892578851,0.015212596408904546,0.013159661065964471,0.11049049347639084,0.12314202595515723,90687,90687,50,0.4538165555054754,5,True,0.45456832695830385,0.31820672202439076,13,0.31855225563049316,0.12628567218780518,1,"[3, 3, 3]","[32, 64, 128]",[256],6903708,bc11u19n1,575.9,trial_0037_learning_rate=1.0e-04_history=5_kernel_sizes=3x3x3_conv_channels=32x64x128_fc_dims=256_seed0,d39d80340d,trial_0037_learning_rate=1.0e-04_history=5_kernel_sizes=3x3x3_conv_channels=32x64x128_fc_dims=256_seed0
/scratch/sb272/patterns5k_results/slurm_hist_cnn_2026-03-05_16-01-45/trial_0037_learning_rate=1.0e-04_history=5_kernel_sizes=3x3x3_conv_channels=32x64x128_fc_dims=256_seed1,cnn,0.16895576226711273,0.12661597919467715,0.016175326846894763,0.014244456139821855,0.11670904606580734,0.126977635239058,90687,90687,50,0.453354843035508,5,True,0.45456832695830385,0.3228651382256813,13,0.31855225563049316,0.13122715055942535,1,"[3, 3, 3]","[32, 64, 128]",[256],6903708,bc11u19n1,579.5,trial_0037_learning_rate=1.0e-04_history=5_kernel_sizes=3x3x3_conv_channels=32x64x128_fc_dims=256_seed1,d39d80340d,trial_0037_learning_rate=1.0e-04_history=5_kernel_sizes=3x3x3_conv_channels=32x64x128_fc_dims=256_seed1
/scratch/sb272/patterns5k_results/slurm_hist_cnn_2026-03-05_16-01-45/trial_0038_learning_rate=1.0e-04_history=5_kernel_sizes=5x3x3_conv_channels=64x128x256_fc_dims=256_seed0,cnn,0.16703483748435974,0.13455288261168014,0.020513184486873566,0.014625313736143567,0.11394048482179642,0.14296062299350415,239807,239807,50,0.4955820515486152,5,True,0.45456832695830385,0.379470757772936,15,0.31855225563049316,0.14117209613323212,2,"[5, 3, 3]","[64, 128, 256]",[256],6903708,bc11u19n1,747.4,trial_0038_learning_rate=1.0e-04_history=5_kernel_sizes=5x3x3_conv_channels=64x128x256_fc_dims=256_seed0,0a4f23a9d6,trial_0038_learning_rate=1.0e-04_history=5_kernel_sizes=5x3x3_conv_channels=64x128x256_fc_dims=256_seed0
/scratch/sb272/patterns5k_results/slurm_hist_cnn_2026-03-05_16-01-45/trial_0038_learning_rate=1.0e-04_history=5_kernel_sizes=5x3x3_conv_channels=64x128x256_fc_dims=256_seed1,cnn,0.16710324096679688,0.13632656873505486,0.020694497085752942,0.015064664303310334,0.11568481475114822,0.14492461322232175,239807,239807,50,0.5124110655840848,5,True,0.45456832695830385,0.382797876071107,15,0.31855225563049316,0.14368367195129395,2,"[5, 3, 3]","[64, 128, 256]",[256],6903708,bc11u19n1,749.5,trial_0038_learning_rate=1.0e-04_history=5_kernel_sizes=5x3x3_conv_channels=64x128x256_fc_dims=256_seed1,0a4f23a9d6,trial_0038_learning_rate=1.0e-04_history=5_kernel_sizes=5x3x3_conv_channels=64x128x256_fc_dims=256_seed1
/scratch/sb272/patterns5k_results/slurm_hist_cnn_2026-03-05_16-01-45/trial_0039_learning_rate=1.0e-04_history=5_kernel_sizes=5x3x3_conv_channels=64x128x256_fc_dims=512_seed0,cnn,0.1663586857318878,0.1401155610070944,0.022958121602497404,0.017837030547005788,0.12271568179130554,0.1454984921701025,321727,321727,50,0.5497282403859713,5,True,0.45456832695830385,0.4064093548507159,17,0.31855225563049316,0.1472959667444229,2,"[5, 3, 3]","[64, 128, 256]",[512],6903708,bc11u19n1,827.6,trial_0039_learning_rate=1.0e-04_history=5_kernel_sizes=5x3x3_conv_channels=64x128x256_fc_dims=512_seed0,c45230a470,trial_0039_learning_rate=1.0e-04_history=5_kernel_sizes=5x3x3_conv_channels=64x128x256_fc_dims=512_seed0
/scratch/sb272/patterns5k_results/slurm_hist_cnn_2026-03-05_16-01-45/trial_0039_learning_rate=1.0e-04_history=5_kernel_sizes=5x3x3_conv_channels=64x128x256_fc_dims=512_seed1,cnn,0.16711869549751282,0.1389342452945337,0.019711217236897303,0.01601283796249874,0.1233886331319809,0.14481949142842696,321727,321727,50,0.5406389492086683,5,True,0.45456832695830385,0.40343510232971963,16,0.31855225563049316,0.14661164581775665,2,"[5, 3, 3]","[64, 128, 256]",[512],6903708,bc11u19n1,850.6,trial_0039_learning_rate=1.0e-04_history=5_kernel_sizes=5x3x3_conv_channels=64x128x256_fc_dims=512_seed1,c45230a470,trial_0039_learning_rate=1.0e-04_history=5_kernel_sizes=5x3x3_conv_channels=64x128x256_fc_dims=512_seed1
/scratch/sb272/patterns5k_results/slurm_hist_cnn_2026-03-05_16-01-45/trial_0040_learning_rate=1.0e-04_history=5_kernel_sizes=5x3x3_conv_channels=64x128x256_fc_dims=1024_seed0,cnn,0.16711900281906128,0.14335930140894731,0.017659777686709448,0.01439961554512145,0.12362662702798843,0.14961721072428774,485567,485567,50,0.560035396940224,5,True,0.45456832695830385,0.41844367004459543,17,0.31855225563049316,0.15030741691589355,2,"[5, 3, 3]","[64, 128, 256]",[1024],6903708,bc11u19n1,1020.3,trial_0040_learning_rate=1.0e-04_history=5_kernel_sizes=5x3x3_conv_channels=64x128x256_fc_dims=1024_seed0,707b7aec02,trial_0040_learning_rate=1.0e-04_history=5_kernel_sizes=5x3x3_conv_channels=64x128x256_fc_dims=1024_seed0
/scratch/sb272/patterns5k_results/slurm_hist_cnn_2026-03-05_16-01-45/trial_0040_learning_rate=1.0e-04_history=5_kernel_sizes=5x3x3_conv_channels=64x128x256_fc_dims=1024_seed1,cnn,0.16835695016384125,0.1372726349870424,0.013919459448920356,0.011690667697361537,0.11984565854072571,0.14253803646489588,485567,485567,50,0.5120405553556316,5,True,0.45456832695830385,0.3874089019556929,15,0.31855225563049316,0.14368075132369995,2,"[5, 3, 3]","[64, 128, 256]",[1024],6903708,bc11u19n1,1020.4,trial_0040_learning_rate=1.0e-04_history=5_kernel_sizes=5x3x3_conv_channels=64x128x256_fc_dims=1024_seed1,707b7aec02,trial_0040_learning_rate=1.0e-04_history=5_kernel_sizes=5x3x3_conv_channels=64x128x256_fc_dims=1024_seed1
/scratch/sb272/patterns5k_results/slurm_hist_cnn_2026-03-05_16-01-45/trial_0041_learning_rate=1.0e-04_history=5_kernel_sizes=3x3x3_conv_channels=128x128x128_fc_dims=256_seed0,cnn,0.16670677959918975,0.1359077505366086,0.022832829800863114,0.017082360055711534,0.1204623207449913,0.13653424837065004,188991,188991,50,0.518120035830064,5,True,0.45456832695830385,0.3788348003932363,15,0.31855225563049316,0.14210551977157593,1,"[3, 3, 3]","[128, 128, 128]",[256],6903708,bc11u19n1,698.2,trial_0041_learning_rate=1.0e-04_history=5_kernel_sizes=3x3x3_conv_channels=128x128x128_fc_dims=256_seed0,b820469341,trial_0041_learning_rate=1.0e-04_history=5_kernel_sizes=3x3x3_conv_channels=128x128x128_fc_dims=256_seed0
/scratch/sb272/patterns5k_results/slurm_hist_cnn_2026-03-05_16-01-45/trial_0041_learning_rate=1.0e-04_history=5_kernel_sizes=3x3x3_conv_channels=128x128x128_fc_dims=256_seed1,cnn,0.16690515720844268,0.13471291449665326,0.02180844261532738,0.016766168768443758,0.11937730014324188,0.14071328686741974,188991,188991,50,0.5185479696180015,5,True,0.45456832695830385,0.37666422785131703,14,0.31855225563049316,0.1404801309108734,1,"[3, 3, 3]","[128, 128, 128]",[256],6903708,bc11u19n1,686.9,trial_0041_learning_rate=1.0e-04_history=5_kernel_sizes=3x3x3_conv_channels=128x128x128_fc_dims=256_seed1,b820469341,trial_0041_learning_rate=1.0e-04_history=5_kernel_sizes=3x3x3_conv_channels=128x128x128_fc_dims=256_seed1
/scratch/sb272/patterns5k_results/slurm_hist_cnn_2026-03-05_16-01-45/trial_0042_learning_rate=1.0e-04_history=5_kernel_sizes=3x3x3_conv_channels=128x128x128_fc_dims=512_seed0,cnn,0.16735051846504212,0.13966112795936972,0.019045474037291513,0.015332865336584666,0.12342844158411026,0.14492902207683828,238143,238143,50,0.5367421465268454,5,True,0.45456832695830385,0.3872415663765673,12,0.31855225563049316,0.14498114585876465,2,"[3, 3, 3]","[128, 128, 128]",[512],6903708,bc11u19n1,749.9,trial_0042_learning_rate=1.0e-04_history=5_kernel_sizes=3x3x3_conv_channels=128x128x128_fc_dims=512_seed0,ff45369f01,trial_0042_learning_rate=1.0e-04_history=5_kernel_sizes=3x3x3_conv_channels=128x128x128_fc_dims=512_seed0
/scratch/sb272/patterns5k_results/slurm_hist_cnn_2026-03-05_16-01-45/trial_0042_learning_rate=1.0e-04_history=5_kernel_sizes=3x3x3_conv_channels=128x128x128_fc_dims=512_seed1,cnn,0.166866259932518,0.13871964111749077,0.021797653228517563,0.01706627153214954,0.12336059659719467,0.14470902972928482,238143,238143,50,0.5279525356650475,5,True,0.45456832695830385,0.38098343260707634,13,0.31855225563049316,0.14517852663993835,2,"[3, 3, 3]","[128, 128, 128]",[512],6903708,bc11u19n1,747.5,trial_0042_learning_rate=1.0e-04_history=5_kernel_sizes=3x3x3_conv_channels=128x128x128_fc_dims=512_seed1,ff45369f01,trial_0042_learning_rate=1.0e-04_history=5_kernel_sizes=3x3x3_conv_channels=128x128x128_fc_dims=512_seed1
/scratch/sb272/patterns5k_results/slurm_hist_cnn_2026-03-05_16-01-45/trial_0043_learning_rate=1.0e-04_history=5_kernel_sizes=3x3x3_conv_channels=256x256x256_fc_dims=512_seed0,cnn,0.16664327502250673,0.14382041601258486,0.020928966620611767,0.015526032637036035,0.12724892795085907,0.15235688367025696,640063,640063,50,0.5577587874735753,5,True,0.45456832695830385,0.4028898953400834,14,0.31855225563049316,0.15010899305343628,2,"[3, 3, 3]","[256, 256, 256]",[512],6903708,bc11u19n1,1152.1,trial_0043_learning_rate=1.0e-04_history=5_kernel_sizes=3x3x3_conv_channels=256x256x256_fc_dims=512_seed0,c36bec196c,trial_0043_learning_rate=1.0e-04_history=5_kernel_sizes=3x3x3_conv_channels=256x256x256_fc_dims=512_seed0
/scratch/sb272/patterns5k_results/slurm_hist_cnn_2026-03-05_16-01-45/trial_0043_learning_rate=1.0e-04_history=5_kernel_sizes=3x3x3_conv_channels=256x256x256_fc_dims=512_seed1,cnn,0.16645884764194488,0.145154097139224,0.021967937075902545,0.01502035345349993,0.12478388845920563,0.1534470498260433,640063,640063,50,0.5588184608067395,5,True,0.45456832695830385,0.4068379869187465,14,0.31855225563049316,0.15192604064941406,2,"[3, 3, 3]","[256, 256, 256]",[512],6903708,bc11u19n1,1141.1,trial_0043_learning_rate=1.0e-04_history=5_kernel_sizes=3x3x3_conv_channels=256x256x256_fc_dims=512_seed1,c36bec196c,trial_0043_learning_rate=1.0e-04_history=5_kernel_sizes=3x3x3_conv_channels=256x256x256_fc_dims=512_seed1
/scratch/sb272/patterns5k_results/slurm_hist_cnn_2026-03-05_16-01-45/trial_0050_learning_rate=1.0e-04_history=10_kernel_sizes=5x3_conv_channels=128x256_fc_dims=1024_seed0,cnn,0.17184416377544404,0.1361154472977731,-0.0008268479316953629,-0.006518413150121295,0.12419938296079636,0.14237732776934522,494399,494399,50,0.5303636410251897,10,True,0.45456832695830385,0.3749017215352438,9,0.31855225563049316,0.1417139321565628,1,"[5, 3]","[128, 256]",[1024],6903765,bc12u33n1,682.2,trial_0050_learning_rate=1.0e-04_history=10_kernel_sizes=5x3_conv_channels=128x256_fc_dims=1024_seed0,2164213d97,trial_0050_learning_rate=1.0e-04_history=10_kernel_sizes=5x3_conv_channels=128x256_fc_dims=1024_seed0
/scratch/sb272/patterns5k_results/slurm_hist_cnn_2026-03-05_16-01-45/trial_0050_learning_rate=1.0e-04_history=10_kernel_sizes=5x3_conv_channels=128x256_fc_dims=1024_seed1,cnn,0.17207128632068633,0.1335845702926137,-0.00041033729674324156,-0.0062436262766520185,0.12358149141073227,0.1416557762313893,494399,494399,50,0.5106850083890867,10,True,0.45456832695830385,0.36037007507258056,10,0.31855225563049316,0.13968481123447418,1,"[5, 3]","[128, 256]",[1024],6903765,bc12u33n1,837.3,trial_0050_learning_rate=1.0e-04_history=10_kernel_sizes=5x3_conv_channels=128x256_fc_dims=1024_seed1,2164213d97,trial_0050_learning_rate=1.0e-04_history=10_kernel_sizes=5x3_conv_channels=128x256_fc_dims=1024_seed1
/scratch/sb272/patterns5k_results/slurm_hist_cnn_2026-03-05_16-01-45/trial_0051_learning_rate=1.0e-04_history=10_kernel_sizes=3x3x3_conv_channels=32x64x128_fc_dims=128_seed0,cnn,0.16957448804378508,0.11185098178405041,0.014796552203950427,0.011668607356056335,0.10002069920301437,0.11300233859136033,66111,66111,50,0.3848858981452908,10,True,0.45456832695830385,0.2551741323797043,8,0.31855225563049316,0.11471592634916306,0,"[3, 3, 3]","[32, 64, 128]",[128],6903765,bc12u33n1,489.7,trial_0051_learning_rate=1.0e-04_history=10_kernel_sizes=3x3x3_conv_channels=32x64x128_fc_dims=128_seed0,26c89aea57,trial_0051_learning_rate=1.0e-04_history=10_kernel_sizes=3x3x3_conv_channels=32x64x128_fc_dims=128_seed0
/scratch/sb272/patterns5k_results/slurm_hist_cnn_2026-03-05_16-01-45/trial_0051_learning_rate=1.0e-04_history=10_kernel_sizes=3x3x3_conv_channels=32x64x128_fc_dims=128_seed1,cnn,0.1690863552093506,0.11552081666027002,0.01601728938874744,0.011868062473478772,0.10086823254823685,0.12051172633043201,66111,66111,50,0.4000954378015201,10,True,0.45456832695830385,0.27177201677719975,9,0.31855225563049316,0.11919666826725006,0,"[3, 3, 3]","[32, 64, 128]",[128],6903765,bc12u33n1,501.3,trial_0051_learning_rate=1.0e-04_history=10_kernel_sizes=3x3x3_conv_channels=32x64x128_fc_dims=128_seed1,26c89aea57,trial_0051_learning_rate=1.0e-04_history=10_kernel_sizes=3x3x3_conv_channels=32x64x128_fc_dims=128_seed1
/scratch/sb272/patterns5k_results/slurm_hist_cnn_2026-03-05_16-01-45/trial_0052_learning_rate=1.0e-04_history=10_kernel_sizes=3x3x3_conv_channels=32x64x128_fc_dims=256_seed0,cnn,0.16917392468452452,0.11822463016915036,0.015742048384651305,0.011956135431925455,0.10505135357379913,0.12000072722270928,90687,90687,50,0.3994408459939043,10,True,0.45456832695830385,0.27856419958833495,9,0.31855225563049316,0.12186162173748016,0,"[3, 3, 3]","[32, 64, 128]",[256],6903765,bc12u33n1,526.7,trial_0052_learning_rate=1.0e-04_history=10_kernel_sizes=3x3x3_conv_channels=32x64x128_fc_dims=256_seed0,60b5fae691,trial_0052_learning_rate=1.0e-04_history=10_kernel_sizes=3x3x3_conv_channels=32x64x128_fc_dims=256_seed0
/scratch/sb272/patterns5k_results/slurm_hist_cnn_2026-03-05_16-01-45/trial_0052_learning_rate=1.0e-04_history=10_kernel_sizes=3x3x3_conv_channels=32x64x128_fc_dims=256_seed1,cnn,0.1689191253185272,0.12006255269207543,0.016684207651350234,0.012771861893790109,0.1073404848575592,0.12390924294102397,90687,90687,50,0.40095803842933153,10,True,0.45456832695830385,0.2732742882592539,9,0.31855225563049316,0.12392216175794601,0,"[3, 3, 3]","[32, 64, 128]",[256],6903765,bc12u33n1,512.9,trial_0052_learning_rate=1.0e-04_history=10_kernel_sizes=3x3x3_conv_channels=32x64x128_fc_dims=256_seed1,60b5fae691,trial_0052_learning_rate=1.0e-04_history=10_kernel_sizes=3x3x3_conv_channels=32x64x128_fc_dims=256_seed1
/scratch/sb272/patterns5k_results/slurm_hist_cnn_2026-03-05_16-01-45/trial_0053_learning_rate=1.0e-04_history=10_kernel_sizes=5x3x3_conv_channels=64x128x256_fc_dims=256_seed0,cnn,0.16727007389068604,0.13563506194285177,0.021545692095680843,0.015025808697655088,0.11790364980697632,0.13792785718005662,239807,239807,50,0.49114582942248375,10,True,0.45456832695830385,0.35085934000247854,9,0.31855225563049316,0.14198768138885498,1,"[5, 3, 3]","[64, 128, 256]",[256],6903765,bc12u33n1,511.7,trial_0053_learning_rate=1.0e-04_history=10_kernel_sizes=5x3x3_conv_channels=64x128x256_fc_dims=256_seed0,bf6cac4bda,trial_0053_learning_rate=1.0e-04_history=10_kernel_sizes=5x3x3_conv_channels=64x128x256_fc_dims=256_seed0
/scratch/sb272/patterns5k_results/slurm_hist_cnn_2026-03-05_16-01-45/trial_0053_learning_rate=1.0e-04_history=10_kernel_sizes=5x3x3_conv_channels=64x128x256_fc_dims=256_seed1,cnn,0.16793229150772096,0.1338442800727057,0.018827473360394673,0.012408549823458232,0.11531344801187515,0.14075284201935778,239807,239807,50,0.48131390298784876,10,True,0.45456832695830385,0.3578788227825086,10,0.31855225563049316,0.14057034254074097,2,"[5, 3, 3]","[64, 128, 256]",[256],6903765,bc12u33n1,517.5,trial_0053_learning_rate=1.0e-04_history=10_kernel_sizes=5x3x3_conv_channels=64x128x256_fc_dims=256_seed1,bf6cac4bda,trial_0053_learning_rate=1.0e-04_history=10_kernel_sizes=5x3x3_conv_channels=64x128x256_fc_dims=256_seed1
/scratch/sb272/patterns5k_results/slurm_hist_cnn_2026-03-05_16-01-45/trial_0054_learning_rate=1.0e-04_history=10_kernel_sizes=5x3x3_conv_channels=64x128x256_fc_dims=512_seed0,cnn,0.16715039038658142,0.1404025334095279,0.02127076992912898,0.015682878948393323,0.1246463879942894,0.14481604384900976,321727,321727,50,0.519118571173549,10,True,0.45456832695830385,0.37553524331257165,11,0.31855225563049316,0.1472243070602417,1,"[5, 3, 3]","[64, 128, 256]",[512],6903765,bc12u33n1,583.0,trial_0054_learning_rate=1.0e-04_history=10_kernel_sizes=5x3x3_conv_channels=64x128x256_fc_dims=512_seed0,00ec269942,trial_0054_learning_rate=1.0e-04_history=10_kernel_sizes=5x3x3_conv_channels=64x128x256_fc_dims=512_seed0
/scratch/sb272/patterns5k_results/slurm_hist_cnn_2026-03-05_16-01-45/trial_0054_learning_rate=1.0e-04_history=10_kernel_sizes=5x3x3_conv_channels=64x128x256_fc_dims=512_seed1,cnn,0.1674805270433426,0.14047650585846264,0.020731492648049007,0.015329444219195654,0.12543949484825134,0.14734000063785893,321727,321727,50,0.5274581223070661,10,True,0.45456832695830385,0.3757002997848665,11,0.31855225563049316,0.14750492572784424,1,"[5, 3, 3]","[64, 128, 256]",[512],6903765,bc12u33n1,614.2,trial_0054_learning_rate=1.0e-04_history=10_kernel_sizes=5x3x3_conv_channels=64x128x256_fc_dims=512_seed1,00ec269942,trial_0054_learning_rate=1.0e-04_history=10_kernel_sizes=5x3x3_conv_channels=64x128x256_fc_dims=512_seed1
/scratch/sb272/patterns5k_results/slurm_hist_cnn_2026-03-05_16-01-45/trial_0055_learning_rate=1.0e-04_history=10_kernel_sizes=5x3x3_conv_channels=64x128x256_fc_dims=1024_seed0,cnn,0.16822469234466553,0.14051571889354203,0.01429362524123419,0.008106429425496903,0.12401624023914337,0.14874944413767016,485567,485567,50,0.5284806326433343,10,True,0.45456832695830385,0.3728387664521726,9,0.31855225563049316,0.14668385684490204,1,"[5, 3, 3]","[64, 128, 256]",[1024],6903765,bc12u33n1,737.3,trial_0055_learning_rate=1.0e-04_history=10_kernel_sizes=5x3x3_conv_channels=64x128x256_fc_dims=1024_seed0,77d29884e4,trial_0055_learning_rate=1.0e-04_history=10_kernel_sizes=5x3x3_conv_channels=64x128x256_fc_dims=1024_seed0
/scratch/sb272/patterns5k_results/slurm_hist_cnn_2026-03-05_16-01-45/trial_0055_learning_rate=1.0e-04_history=10_kernel_sizes=5x3x3_conv_channels=64x128x256_fc_dims=1024_seed1,cnn,0.16854445159435272,0.13686964099282287,0.015586224813309927,0.010345272601596893,0.12143100053071976,0.14242764728304763,485567,485567,50,0.5047367605292099,10,True,0.45456832695830385,0.36023002348274286,11,0.31855225563049316,0.1435549110174179,1,"[5, 3, 3]","[64, 128, 256]",[1024],6903765,bc12u33n1,728.1,trial_0055_learning_rate=1.0e-04_history=10_kernel_sizes=5x3x3_conv_channels=64x128x256_fc_dims=1024_seed1,77d29884e4,trial_0055_learning_rate=1.0e-04_history=10_kernel_sizes=5x3x3_conv_channels=64x128x256_fc_dims=1024_seed1
/scratch/sb272/patterns5k_results/slurm_hist_cnn_2026-03-05_16-01-45/trial_0056_learning_rate=1.0e-04_history=10_kernel_sizes=3x3x3_conv_channels=128x128x128_fc_dims=256_seed0,cnn,0.16749149346351624,0.13240144284845048,0.021641598807440862,0.01589986729243445,0.11637288331985474,0.13722207049862364,188991,188991,50,0.4752302458827091,10,True,0.45456832695830385,0.335290950333822,9,0.31855225563049316,0.13794560730457306,1,"[3, 3, 3]","[128, 128, 128]",[256],6903765,bc12u33n1,503.4,trial_0056_learning_rate=1.0e-04_history=10_kernel_sizes=3x3x3_conv_channels=128x128x128_fc_dims=256_seed0,22108d2a00,trial_0056_learning_rate=1.0e-04_history=10_kernel_sizes=3x3x3_conv_channels=128x128x128_fc_dims=256_seed0
/scratch/sb272/patterns5k_results/slurm_hist_cnn_2026-03-05_16-01-45/trial_0056_learning_rate=1.0e-04_history=10_kernel_sizes=3x3x3_conv_channels=128x128x128_fc_dims=256_seed1,cnn,0.16765908122062684,0.13201527346859124,0.0207102998854622,0.014519583611261277,0.11371646076440811,0.1388170706010437,188991,188991,50,0.5183667675674866,10,True,0.45456832695830385,0.35638504700570306,10,0.31855225563049316,0.1376650333404541,1,"[3, 3, 3]","[128, 128, 128]",[256],6903765,bc12u33n1,512.8,trial_0056_learning_rate=1.0e-04_history=10_kernel_sizes=3x3x3_conv_channels=128x128x128_fc_dims=256_seed1,22108d2a00,trial_0056_learning_rate=1.0e-04_history=10_kernel_sizes=3x3x3_conv_channels=128x128x128_fc_dims=256_seed1
/scratch/sb272/patterns5k_results/slurm_hist_cnn_2026-03-05_16-01-45/trial_0057_learning_rate=1.0e-04_history=10_kernel_sizes=3x3x3_conv_channels=128x128x128_fc_dims=512_seed0,cnn,0.16842393136024475,0.1362934273576015,0.016921940303984143,0.011364541356525724,0.12178105115890503,0.1392681179418602,238143,238143,50,0.5037181803021551,10,True,0.45456832695830385,0.3501150526635586,9,0.31855225563049316,0.14216695725917816,1,"[3, 3, 3]","[128, 128, 128]",[512],6903765,bc12u33n1,552.6,trial_0057_learning_rate=1.0e-04_history=10_kernel_sizes=3x3x3_conv_channels=128x128x128_fc_dims=512_seed0,a36837eb8e,trial_0057_learning_rate=1.0e-04_history=10_kernel_sizes=3x3x3_conv_channels=128x128x128_fc_dims=512_seed0
/scratch/sb272/patterns5k_results/slurm_hist_cnn_2026-03-05_16-01-45/trial_0057_learning_rate=1.0e-04_history=10_kernel_sizes=3x3x3_conv_channels=128x128x128_fc_dims=512_seed1,cnn,0.16760425341129304,0.1374818813165033,0.020197381102849566,0.014076661495935349,0.12094329297542572,0.14462538051881865,238143,238143,50,0.5209312091882474,10,True,0.45456832695830385,0.35776542439530346,9,0.31855225563049316,0.14312218129634857,1,"[3, 3, 3]","[128, 128, 128]",[512],6903765,bc12u33n1,553.4,trial_0057_learning_rate=1.0e-04_history=10_kernel_sizes=3x3x3_conv_channels=128x128x128_fc_dims=512_seed1,a36837eb8e,trial_0057_learning_rate=1.0e-04_history=10_kernel_sizes=3x3x3_conv_channels=128x128x128_fc_dims=512_seed1
/scratch/sb272/patterns5k_results/slurm_hist_cnn_2026-03-05_16-01-45/trial_0058_learning_rate=1.0e-04_history=10_kernel_sizes=3x3x3_conv_channels=256x256x256_fc_dims=512_seed0,cnn,0.16752538180351256,0.14042537050929904,0.019569415894765702,0.012183793007381379,0.1212545707821846,0.14784513403455232,640063,640063,50,0.5312187458006451,10,True,0.45456832695830385,0.37526693272825357,10,0.31855225563049316,0.1460765153169632,1,"[3, 3, 3]","[256, 256, 256]",[512],6903765,bc12u33n1,843.9,trial_0058_learning_rate=1.0e-04_history=10_kernel_sizes=3x3x3_conv_channels=256x256x256_fc_dims=512_seed0,096dbca1ea,trial_0058_learning_rate=1.0e-04_history=10_kernel_sizes=3x3x3_conv_channels=256x256x256_fc_dims=512_seed0
/scratch/sb272/patterns5k_results/slurm_hist_cnn_2026-03-05_16-01-45/trial_0058_learning_rate=1.0e-04_history=10_kernel_sizes=3x3x3_conv_channels=256x256x256_fc_dims=512_seed1,cnn,0.1678722780942917,0.13802818104499961,0.01708043473107474,0.00861984585958814,0.11781369894742966,0.14934515269390486,640063,640063,50,0.5117408020640927,10,True,0.45456832695830385,0.3594480875647349,11,0.31855225563049316,0.14393723011016846,1,"[3, 3, 3]","[256, 256, 256]",[512],6903765,bc12u33n1,839.4,trial_0058_learning_rate=1.0e-04_history=10_kernel_sizes=3x3x3_conv_channels=256x256x256_fc_dims=512_seed1,096dbca1ea,trial_0058_learning_rate=1.0e-04_history=10_kernel_sizes=3x3x3_conv_channels=256x256x256_fc_dims=512_seed1
/scratch/sb272/patterns5k_results/slurm_hist_cnn_2026-03-05_16-01-45/trial_0059_learning_rate=1.0e-04_history=10_kernel_sizes=3x3x3_conv_channels=256x256x256_fc_dims=1024_seed0,cnn,0.1685741171836853,0.14025340523684693,0.010641814224303716,0.0034207521923004633,0.12199202179908752,0.1474433190215568,803903,803903,50,0.5112830900800502,10,True,0.45456832695830385,0.3656107703826022,11,0.31855225563049316,0.14560940861701965,2,"[3, 3, 3]","[256, 256, 256]",[1024],6903765,bc12u33n1,980.4,trial_0059_learning_rate=1.0e-04_history=10_kernel_sizes=3x3x3_conv_channels=256x256x256_fc_dims=1024_seed0,36ab005029,trial_0059_learning_rate=1.0e-04_history=10_kernel_sizes=3x3x3_conv_channels=256x256x256_fc_dims=1024_seed0
/scratch/sb272/patterns5k_results/slurm_hist_cnn_2026-03-05_16-01-45/trial_0059_learning_rate=1.0e-04_history=10_kernel_sizes=3x3x3_conv_channels=256x256x256_fc_dims=1024_seed1,cnn,0.1673984512090683,0.14414230185529964,0.014452843439011346,0.004617258669838073,0.1238650530576706,0.15228664539501474,803903,803903,50,0.5474582335036037,10,True,0.45456832695830385,0.38348020077082795,9,0.31855225563049316,0.1499602347612381,2,"[3, 3, 3]","[256, 256, 256]",[1024],6903765,bc12u33n1,997.8,trial_0059_learning_rate=1.0e-04_history=10_kernel_sizes=3x3x3_conv_channels=256x256x256_fc_dims=1024_seed1,36ab005029,trial_0059_learning_rate=1.0e-04_history=10_kernel_sizes=3x3x3_conv_channels=256x256x256_fc_dims=1024_seed1
/scratch/sb272/patterns5k_results/slurm_hist_cnn_2026-03-05_16-01-45/trial_0060_learning_rate=1.0e-04_history=20_kernel_sizes=3x3_conv_channels=64x128_fc_dims=128_seed0,cnn,0.17205841386318207,0.10820434951207175,0.00779691669676039,0.0076172370759267655,0.10630452632904053,0.10420838539229806,69951,69951,50,0.38865588618594243,20,True,0.45456832695830385,0.2772062338463164,6,0.31855225563049316,0.11162764579057693,0,"[3, 3]","[64, 128]",[128],6903765,bc12u33n1,410.4,trial_0060_learning_rate=1.0e-04_history=20_kernel_sizes=3x3_conv_channels=64x128_fc_dims=128_seed0,1a8b8269d3,trial_0060_learning_rate=1.0e-04_history=20_kernel_sizes=3x3_conv_channels=64x128_fc_dims=128_seed0
/scratch/sb272/patterns5k_results/slurm_hist_cnn_2026-03-05_16-01-45/trial_0060_learning_rate=1.0e-04_history=20_kernel_sizes=3x3_conv_channels=64x128_fc_dims=128_seed1,cnn,0.17234381794929504,0.1060871716123227,0.007029557984972757,0.007013781676216731,0.10472478717565536,0.10920945551548843,69951,69951,50,0.38914042609447735,20,True,0.45456832695830385,0.27710190821128916,6,0.31855225563049316,0.10932251065969467,0,"[3, 3]","[64, 128]",[128],6903765,bc12u33n1,409.8,trial_0060_learning_rate=1.0e-04_history=20_kernel_sizes=3x3_conv_channels=64x128_fc_dims=128_seed1,1a8b8269d3,trial_0060_learning_rate=1.0e-04_history=20_kernel_sizes=3x3_conv_channels=64x128_fc_dims=128_seed1
/scratch/sb272/patterns5k_results/slurm_hist_cnn_2026-03-05_16-01-45/trial_0061_learning_rate=1.0e-04_history=20_kernel_sizes=3x3_conv_channels=64x128_fc_dims=256_seed0,cnn,0.1710822560787201,0.1163652250456341,0.011417643418387762,0.011152310976906428,0.1152191162109375,0.1140494039972245,94527,94527,50,0.414618325191407,20,True,0.45456832695830385,0.29239651769441244,6,0.31855225563049316,0.12023067474365234,0,"[3, 3]","[64, 128]",[256],6903765,bc12u33n1,434.1,trial_0061_learning_rate=1.0e-04_history=20_kernel_sizes=3x3_conv_channels=64x128_fc_dims=256_seed0,6cff311563,trial_0061_learning_rate=1.0e-04_history=20_kernel_sizes=3x3_conv_channels=64x128_fc_dims=256_seed0
/scratch/sb272/patterns5k_results/slurm_hist_cnn_2026-03-05_16-01-45/trial_0061_learning_rate=1.0e-04_history=20_kernel_sizes=3x3_conv_channels=64x128_fc_dims=256_seed1,cnn,0.17145812177658082,0.11852051585245583,0.010571551701379201,0.010001799416920495,0.11739395558834076,0.12168505279237808,94527,94527,50,0.43196488970114966,20,True,0.45456832695830385,0.31077474853006326,6,0.31855225563049316,0.12315364927053452,0,"[3, 3]","[64, 128]",[256],6903765,bc12u33n1,435.5,trial_0061_learning_rate=1.0e-04_history=20_kernel_sizes=3x3_conv_channels=64x128_fc_dims=256_seed1,6cff311563,trial_0061_learning_rate=1.0e-04_history=20_kernel_sizes=3x3_conv_channels=64x128_fc_dims=256_seed1
/scratch/sb272/patterns5k_results/slurm_hist_cnn_2026-03-05_16-01-45/trial_0062_learning_rate=1.0e-04_history=20_kernel_sizes=3x3_conv_channels=64x128_fc_dims=512_seed0,cnn,0.17239874422550203,0.12176791082750929,0.0062611424733722025,0.006981992532336522,0.12187431752681732,0.12375602605667933,143679,143679,50,0.4341698262947189,20,True,0.45456832695830385,0.3145384509311038,6,0.31855225563049316,0.1262362003326416,1,"[3, 3]","[64, 128]",[512],6903765,bc12u33n1,475.7,trial_0062_learning_rate=1.0e-04_history=20_kernel_sizes=3x3_conv_channels=64x128_fc_dims=512_seed0,898413197a,trial_0062_learning_rate=1.0e-04_history=20_kernel_sizes=3x3_conv_channels=64x128_fc_dims=512_seed0
/scratch/sb272/patterns5k_results/slurm_hist_cnn_2026-03-05_16-01-45/trial_0062_learning_rate=1.0e-04_history=20_kernel_sizes=3x3_conv_channels=64x128_fc_dims=512_seed1,cnn,0.1710976687669754,0.1230606003588155,0.011400812202029757,0.011127580725957476,0.12164346128702164,0.1271855784401461,143679,143679,50,0.4592141252052309,20,True,0.45456832695830385,0.32739269142695565,7,0.31855225563049316,0.12747329473495483,0,"[3, 3]","[64, 128]",[512],6903765,bc12u33n1,474.4,trial_0062_learning_rate=1.0e-04_history=20_kernel_sizes=3x3_conv_channels=64x128_fc_dims=512_seed1,898413197a,trial_0062_learning_rate=1.0e-04_history=20_kernel_sizes=3x3_conv_channels=64x128_fc_dims=512_seed1
/scratch/sb272/patterns5k_results/slurm_hist_cnn_2026-03-05_16-01-45/trial_0063_learning_rate=1.0e-04_history=20_kernel_sizes=5x3_conv_channels=128x256_fc_dims=256_seed0,cnn,0.17183627033233642,0.12176181248914361,0.0064691730907985145,0.0074292828166295614,0.12110653519630432,0.1221628602676077,248639,248639,50,0.4289999882184992,20,True,0.45456832695830385,0.32208848781510063,7,0.31855225563049316,0.1268390566110611,1,"[5, 3]","[128, 256]",[256],6903765,bc12u33n1,560.1,trial_0063_learning_rate=1.0e-04_history=20_kernel_sizes=5x3_conv_channels=128x256_fc_dims=256_seed0,27b21bdd0e,trial_0063_learning_rate=1.0e-04_history=20_kernel_sizes=5x3_conv_channels=128x256_fc_dims=256_seed0
/scratch/sb272/patterns5k_results/slurm_hist_cnn_2026-03-05_16-01-45/trial_0063_learning_rate=1.0e-04_history=20_kernel_sizes=5x3_conv_channels=128x256_fc_dims=256_seed1,cnn,0.1727464692592621,0.12162111131812313,0.001966540775601826,0.002809847158098978,0.12013951689004898,0.1275710191765524,248639,248639,50,0.45605363199695126,20,True,0.45456832695830385,0.3320693161544019,7,0.31855225563049316,0.12688495218753815,1,"[5, 3]","[128, 256]",[256],6903765,bc12u33n1,556.7,trial_0063_learning_rate=1.0e-04_history=20_kernel_sizes=5x3_conv_channels=128x256_fc_dims=256_seed1,27b21bdd0e,trial_0063_learning_rate=1.0e-04_history=20_kernel_sizes=5x3_conv_channels=128x256_fc_dims=256_seed1
/scratch/sb272/patterns5k_results/slurm_hist_cnn_2026-03-05_16-01-45/trial_0064_learning_rate=1.0e-04_history=20_kernel_sizes=5x3_conv_channels=128x256_fc_dims=512_seed0,cnn,0.1716671952009201,0.13126049120978436,0.004453088556017194,0.00374886535462879,0.12945379316806793,0.1326504878435066,330559,330559,50,0.49927552698238126,20,True,0.45456832695830385,0.360318425763214,10,0.31855225563049316,0.13697706162929535,1,"[5, 3]","[128, 256]",[512],6903765,bc12u33n1,616.2,trial_0064_learning_rate=1.0e-04_history=20_kernel_sizes=5x3_conv_channels=128x256_fc_dims=512_seed0,7e7f10c411,trial_0064_learning_rate=1.0e-04_history=20_kernel_sizes=5x3_conv_channels=128x256_fc_dims=512_seed0
/scratch/sb272/patterns5k_results/slurm_hist_cnn_2026-03-05_16-01-45/trial_0064_learning_rate=1.0e-04_history=20_kernel_sizes=5x3_conv_channels=128x256_fc_dims=512_seed1,cnn,0.17210470855236054,0.12271100390317884,0.006073630991436187,0.0063385991823105585,0.12153405696153641,0.12882804715501248,330559,330559,50,0.45845538980925976,20,True,0.45456832695830385,0.3381170676822499,7,0.31855225563049316,0.12853004038333893,1,"[5, 3]","[128, 256]",[512],6903765,bc12u33n1,619.5,trial_0064_learning_rate=1.0e-04_history=20_kernel_sizes=5x3_conv_channels=128x256_fc_dims=512_seed1,7e7f10c411,trial_0064_learning_rate=1.0e-04_history=20_kernel_sizes=5x3_conv_channels=128x256_fc_dims=512_seed1
/scratch/sb272/patterns5k_results/slurm_hist_cnn_2026-03-05_16-01-45/trial_0065_learning_rate=1.0e-04_history=20_kernel_sizes=5x3_conv_channels=128x256_fc_dims=1024_seed0,cnn,0.17236368536949156,0.12963669298174654,0.0014905920104374961,0.002640480086916969,0.1286087930202484,0.13180476728702573,494399,494399,50,0.49478831912446797,20,True,0.45456832695830385,0.3610695650143396,9,0.31855225563049316,0.1353311836719513,1,"[5, 3]","[128, 256]",[1024],6903765,bc12u33n1,738.7,trial_0065_learning_rate=1.0e-04_history=20_kernel_sizes=5x3_conv_channels=128x256_fc_dims=1024_seed0,e35159bc89,trial_0065_learning_rate=1.0e-04_history=20_kernel_sizes=5x3_conv_channels=128x256_fc_dims=1024_seed0
/scratch/sb272/patterns5k_results/slurm_hist_cnn_2026-03-05_16-01-45/trial_0065_learning_rate=1.0e-04_history=20_kernel_sizes=5x3_conv_channels=128x256_fc_dims=1024_seed1,cnn,0.1727111954689026,0.12231649528177543,0.002591694158221048,0.003257910410563151,0.12077553570270538,0.12807399899823407,494399,494399,50,0.4626736649538346,20,True,0.45456832695830385,0.3402602155397491,8,0.31855225563049316,0.12797507643699646,1,"[5, 3]","[128, 256]",[1024],6903765,bc12u33n1,754.3,trial_0065_learning_rate=1.0e-04_history=20_kernel_sizes=5x3_conv_channels=128x256_fc_dims=1024_seed1,e35159bc89,trial_0065_learning_rate=1.0e-04_history=20_kernel_sizes=5x3_conv_channels=128x256_fc_dims=1024_seed1
/scratch/sb272/patterns5k_results/slurm_hist_cnn_2026-03-05_16-01-45/trial_0066_learning_rate=1.0e-04_history=20_kernel_sizes=3x3x3_conv_channels=32x64x128_fc_dims=128_seed0,cnn,0.170473903298378,0.10952736296467455,0.013343609514690581,0.012472311655680338,0.10610504448413849,0.11095536873508592,66111,66111,50,0.3998841636159189,20,True,0.45456832695830385,0.2763873706548261,8,0.31855225563049316,0.112822987139225,0,"[3, 3, 3]","[32, 64, 128]",[128],6903765,bc12u33n1,426.3,trial_0066_learning_rate=1.0e-04_history=20_kernel_sizes=3x3x3_conv_channels=32x64x128_fc_dims=128_seed0,811c2e5ea9,trial_0066_learning_rate=1.0e-04_history=20_kernel_sizes=3x3x3_conv_channels=32x64x128_fc_dims=128_seed0
/scratch/sb272/patterns5k_results/slurm_hist_cnn_2026-03-05_16-01-45/trial_0066_learning_rate=1.0e-04_history=20_kernel_sizes=3x3x3_conv_channels=32x64x128_fc_dims=128_seed1,cnn,0.16996989464759826,0.10835129901271612,0.014036001667143807,0.012956006186349052,0.10521148145198822,0.1141841672818493,66111,66111,50,0.3739403141061709,20,True,0.45456832695830385,0.25930878650836725,5,0.31855225563049316,0.11100861430168152,0,"[3, 3, 3]","[32, 64, 128]",[128],6903765,bc12u33n1,429.2,trial_0066_learning_rate=1.0e-04_history=20_kernel_sizes=3x3x3_conv_channels=32x64x128_fc_dims=128_seed1,811c2e5ea9,trial_0066_learning_rate=1.0e-04_history=20_kernel_sizes=3x3x3_conv_channels=32x64x128_fc_dims=128_seed1
/scratch/sb272/patterns5k_results/slurm_hist_cnn_2026-03-05_16-01-45/trial_0067_learning_rate=1.0e-04_history=20_kernel_sizes=3x3x3_conv_channels=32x64x128_fc_dims=256_seed0,cnn,0.1697936931848526,0.11643510672134594,0.015739803276364765,0.014709461302984329,0.11342976242303848,0.11637960026560956,90687,90687,50,0.42020302974978624,20,True,0.45456832695830385,0.29681005505473856,6,0.31855225563049316,0.1202392578125,0,"[3, 3, 3]","[32, 64, 128]",[256],6903765,bc12u33n1,446.5,trial_0067_learning_rate=1.0e-04_history=20_kernel_sizes=3x3x3_conv_channels=32x64x128_fc_dims=256_seed0,91eaa427f5,trial_0067_learning_rate=1.0e-04_history=20_kernel_sizes=3x3x3_conv_channels=32x64x128_fc_dims=256_seed0
/scratch/sb272/patterns5k_results/slurm_hist_cnn_2026-03-05_16-01-45/trial_0067_learning_rate=1.0e-04_history=20_kernel_sizes=3x3x3_conv_channels=32x64x128_fc_dims=256_seed1,cnn,0.1696812323331833,0.11550368392947755,0.015757879567524745,0.01454596860068185,0.11186028271913528,0.1207624146515518,90687,90687,50,0.41479317365420965,20,True,0.45456832695830385,0.2846893882113341,6,0.31855225563049316,0.11898654699325562,0,"[3, 3, 3]","[32, 64, 128]",[256],6903765,bc12u33n1,444.4,trial_0067_learning_rate=1.0e-04_history=20_kernel_sizes=3x3x3_conv_channels=32x64x128_fc_dims=256_seed1,91eaa427f5,trial_0067_learning_rate=1.0e-04_history=20_kernel_sizes=3x3x3_conv_channels=32x64x128_fc_dims=256_seed1
/scratch/sb272/patterns5k_results/slurm_hist_cnn_2026-03-05_16-01-45/trial_0068_learning_rate=1.0e-04_history=20_kernel_sizes=5x3x3_conv_channels=64x128x256_fc_dims=256_seed0,cnn,0.1683411717414856,0.12679020008680847,0.019732131844475156,0.01698000847347199,0.12127828598022461,0.1313885878924584,239807,239807,50,0.4876669470873045,20,True,0.45456832695830385,0.3442299189443497,11,0.31855225563049316,0.13185322284698486,1,"[5, 3, 3]","[64, 128, 256]",[256],6903765,bc12u33n1,577.0,trial_0068_learning_rate=1.0e-04_history=20_kernel_sizes=5x3x3_conv_channels=64x128x256_fc_dims=256_seed0,9bcab6094c,trial_0068_learning_rate=1.0e-04_history=20_kernel_sizes=5x3x3_conv_channels=64x128x256_fc_dims=256_seed0
/scratch/sb272/patterns5k_results/slurm_hist_cnn_2026-03-05_16-01-45/trial_0068_learning_rate=1.0e-04_history=20_kernel_sizes=5x3x3_conv_channels=64x128x256_fc_dims=256_seed1,cnn,0.16836121129989623,0.1284126777307244,0.019473687050834534,0.017232103953285824,0.12407468259334564,0.1345778395561015,239807,239807,50,0.47694486370502415,20,True,0.45456832695830385,0.34826121391063874,11,0.31855225563049316,0.13423983752727509,1,"[5, 3, 3]","[64, 128, 256]",[256],6903765,bc12u33n1,569.2,trial_0068_learning_rate=1.0e-04_history=20_kernel_sizes=5x3x3_conv_channels=64x128x256_fc_dims=256_seed1,9bcab6094c,trial_0068_learning_rate=1.0e-04_history=20_kernel_sizes=5x3x3_conv_channels=64x128x256_fc_dims=256_seed1
/scratch/sb272/patterns5k_results/slurm_hist_cnn_2026-03-05_16-01-45/trial_0069_learning_rate=1.0e-04_history=20_kernel_sizes=5x3x3_conv_channels=64x128x256_fc_dims=512_seed0,cnn,0.1683810783624649,0.13233330373627747,0.018667291081140912,0.016426344712575276,0.12691816687583923,0.1357880520932545,321727,321727,50,0.4951256535593524,20,True,0.45456832695830385,0.3572542385233637,11,0.31855225563049316,0.13826961815357208,1,"[5, 3, 3]","[64, 128, 256]",[512],6903765,bc12u33n1,632.5,trial_0069_learning_rate=1.0e-04_history=20_kernel_sizes=5x3x3_conv_channels=64x128x256_fc_dims=512_seed0,648420a0c3,trial_0069_learning_rate=1.0e-04_history=20_kernel_sizes=5x3x3_conv_channels=64x128x256_fc_dims=512_seed0
/scratch/sb272/patterns5k_results/slurm_hist_cnn_2026-03-05_16-01-45/trial_0069_learning_rate=1.0e-04_history=20_kernel_sizes=5x3x3_conv_channels=64x128x256_fc_dims=512_seed1,cnn,0.16804068970680236,0.13258733730362063,0.020354084552280487,0.017787063878680034,0.12783055007457733,0.13896745389422935,321727,321727,50,0.5075358029717759,20,True,0.45456832695830385,0.36743306512705826,11,0.31855225563049316,0.1391526609659195,1,"[5, 3, 3]","[64, 128, 256]",[512],6903765,bc12u33n1,633.8,trial_0069_learning_rate=1.0e-04_history=20_kernel_sizes=5x3x3_conv_channels=64x128x256_fc_dims=512_seed1,648420a0c3,trial_0069_learning_rate=1.0e-04_history=20_kernel_sizes=5x3x3_conv_channels=64x128x256_fc_dims=512_seed1
/scratch/sb272/patterns5k_results/slurm_hist_cnn_2026-03-05_16-01-45/trial_0070_learning_rate=1.0e-04_history=20_kernel_sizes=5x3x3_conv_channels=64x128x256_fc_dims=1024_seed0,cnn,0.1688492453098297,0.13262866192710812,0.014860459736415319,0.012792618501754035,0.12824904918670654,0.13751989379061358,485567,485567,50,0.5095149706175561,20,True,0.45456832695830385,0.36370528139497543,10,0.31855225563049316,0.13858170807361603,1,"[5, 3, 3]","[64, 128, 256]",[1024],6903765,bc12u33n1,762.5,trial_0070_learning_rate=1.0e-04_history=20_kernel_sizes=5x3x3_conv_channels=64x128x256_fc_dims=1024_seed0,3a8b0f7d1c,trial_0070_learning_rate=1.0e-04_history=20_kernel_sizes=5x3x3_conv_channels=64x128x256_fc_dims=1024_seed0
/scratch/sb272/patterns5k_results/slurm_hist_cnn_2026-03-05_16-01-45/trial_0070_learning_rate=1.0e-04_history=20_kernel_sizes=5x3x3_conv_channels=64x128x256_fc_dims=1024_seed1,cnn,0.16926110637187958,0.13384608847939106,0.014143732805100699,0.012791361127580916,0.12961411476135254,0.14335945608951522,485567,485567,50,0.4955812689632946,20,True,0.45456832695830385,0.35698664291282295,11,0.31855225563049316,0.14024841785430908,1,"[5, 3, 3]","[64, 128, 256]",[1024],6903765,bc12u33n1,764.5,trial_0070_learning_rate=1.0e-04_history=20_kernel_sizes=5x3x3_conv_channels=64x128x256_fc_dims=1024_seed1,3a8b0f7d1c,trial_0070_learning_rate=1.0e-04_history=20_kernel_sizes=5x3x3_conv_channels=64x128x256_fc_dims=1024_seed1
/scratch/sb272/patterns5k_results/slurm_hist_cnn_2026-03-05_16-01-45/trial_0071_learning_rate=1.0e-04_history=20_kernel_sizes=3x3x3_conv_channels=128x128x128_fc_dims=256_seed0,cnn,0.16854784619808197,0.1263366046945187,0.01941629723897056,0.01755644404698932,0.1215803474187851,0.12995380001703458,188991,188991,50,0.46799807627946965,20,True,0.45456832695830385,0.3347041315670132,10,0.31855225563049316,0.1312505602836609,1,"[3, 3, 3]","[128, 128, 128]",[256],6903765,bc12u33n1,522.1,trial_0071_learning_rate=1.0e-04_history=20_kernel_sizes=3x3x3_conv_channels=128x128x128_fc_dims=256_seed0,0f5bc126f7,trial_0071_learning_rate=1.0e-04_history=20_kernel_sizes=3x3x3_conv_channels=128x128x128_fc_dims=256_seed0
/scratch/sb272/patterns5k_results/slurm_hist_cnn_2026-03-05_16-01-45/trial_0071_learning_rate=1.0e-04_history=20_kernel_sizes=3x3x3_conv_channels=128x128x128_fc_dims=256_seed1,cnn,0.16867904484272003,0.12576501597698744,0.019925604736994184,0.018026045390537808,0.1218947321176529,0.13407721026847363,188991,188991,50,0.48860426086749226,20,True,0.45456832695830385,0.3483178526092803,11,0.31855225563049316,0.1315930336713791,0,"[3, 3, 3]","[128, 128, 128]",[256],6903765,bc12u33n1,525.0,trial_0071_learning_rate=1.0e-04_history=20_kernel_sizes=3x3x3_conv_channels=128x128x128_fc_dims=256_seed1,0f5bc126f7,trial_0071_learning_rate=1.0e-04_history=20_kernel_sizes=3x3x3_conv_channels=128x128x128_fc_dims=256_seed1
/scratch/sb272/patterns5k_results/slurm_hist_cnn_2026-03-05_16-01-45/trial_0072_learning_rate=1.0e-04_history=20_kernel_sizes=3x3x3_conv_channels=128x128x128_fc_dims=512_seed0,cnn,0.16938919389247895,0.1298098569485996,0.015931786998869883,0.01422626915432158,0.12387049198150635,0.13463209008987054,238143,238143,50,0.48177038893852914,20,True,0.45456832695830385,0.34658450209082897,10,0.31855225563049316,0.13445433974266052,1,"[3, 3, 3]","[128, 128, 128]",[512],6903765,bc12u33n1,562.3,trial_0072_learning_rate=1.0e-04_history=20_kernel_sizes=3x3x3_conv_channels=128x128x128_fc_dims=512_seed0,12af5280de,trial_0072_learning_rate=1.0e-04_history=20_kernel_sizes=3x3x3_conv_channels=128x128x128_fc_dims=512_seed0
/scratch/sb272/patterns5k_results/slurm_hist_cnn_2026-03-05_16-01-45/trial_0072_learning_rate=1.0e-04_history=20_kernel_sizes=3x3x3_conv_channels=128x128x128_fc_dims=512_seed1,cnn,0.16947534120082855,0.12895517439344845,0.016201059969644698,0.015310830540127225,0.12479102611541748,0.13521992939004163,238143,238143,50,0.4948677896159309,20,True,0.45456832695830385,0.3550393543773712,11,0.31855225563049316,0.13457439839839935,1,"[3, 3, 3]","[128, 128, 128]",[512],6903765,bc12u33n1,565.6,trial_0072_learning_rate=1.0e-04_history=20_kernel_sizes=3x3x3_conv_channels=128x128x128_fc_dims=512_seed1,12af5280de,trial_0072_learning_rate=1.0e-04_history=20_kernel_sizes=3x3x3_conv_channels=128x128x128_fc_dims=512_seed1
/scratch/sb272/patterns5k_results/slurm_hist_cnn_2026-03-05_16-01-45/trial_0073_learning_rate=1.0e-04_history=20_kernel_sizes=3x3x3_conv_channels=256x256x256_fc_dims=512_seed0,cnn,0.16882566237449645,0.13589528380989993,0.014723864812699576,0.011019816474309043,0.12984374165534973,0.1386594997506245,640063,640063,50,0.5222628723336261,20,True,0.45456832695830385,0.36765703398541755,9,0.31855225563049316,0.14066849648952484,1,"[3, 3, 3]","[256, 256, 256]",[512],6903765,bc12u33n1,866.9,trial_0073_learning_rate=1.0e-04_history=20_kernel_sizes=3x3x3_conv_channels=256x256x256_fc_dims=512_seed0,5af77c923e,trial_0073_learning_rate=1.0e-04_history=20_kernel_sizes=3x3x3_conv_channels=256x256x256_fc_dims=512_seed0
/scratch/sb272/patterns5k_results/slurm_hist_cnn_2026-03-05_16-01-45/trial_0075_learning_rate=1.0e-04_history=1_kernel_sizes=3x3_conv_channels=64x128_fc_dims=128_seed0,cnn,0.15851944887638092,0.21083597256303166,0.04783490631315443,9.273820453219944e-05,0.08154743164777756,0.21584142162765588,69951,69951,50,0.6441394737151317,1,True,0.45456832695830385,0.5343344422627159,42,0.31855225563049316,0.21815140545368195,6,"[3, 3]","[64, 128]",[128],6903766,bc11u21n1,385.3,trial_0075_learning_rate=1.0e-04_history=1_kernel_sizes=3x3_conv_channels=64x128_fc_dims=128_seed0,a60bbfa7c8,trial_0075_learning_rate=1.0e-04_history=1_kernel_sizes=3x3_conv_channels=64x128_fc_dims=128_seed0
/scratch/sb272/patterns5k_results/slurm_hist_cnn_2026-03-05_16-01-45/trial_0075_learning_rate=1.0e-04_history=1_kernel_sizes=3x3_conv_channels=64x128_fc_dims=128_seed1,cnn,0.15818477368354797,0.20900248536164429,0.04921028065303015,0.0008851620886060926,0.08441852033138275,0.21590114165076657,69951,69951,50,0.6401270685423609,1,True,0.45456832695830385,0.5336048091238845,44,0.31855225563049316,0.21689890325069427,8,"[3, 3]","[64, 128]",[128],6903766,bc11u21n1,360.3,trial_0075_learning_rate=1.0e-04_history=1_kernel_sizes=3x3_conv_channels=64x128_fc_dims=128_seed1,a60bbfa7c8,trial_0075_learning_rate=1.0e-04_history=1_kernel_sizes=3x3_conv_channels=64x128_fc_dims=128_seed1
/scratch/sb272/patterns5k_results/slurm_hist_cnn_2026-03-05_16-01-45/trial_0076_learning_rate=1.0e-04_history=1_kernel_sizes=3x3_conv_channels=64x128_fc_dims=256_seed0,cnn,0.15810264217853545,0.2197541075394734,0.05182463403732058,0.001660945869627453,0.08824735879898071,0.22447432980065002,94527,94527,50,0.6801177767602858,1,True,0.45456832695830385,0.5653792273744822,47,0.31855225563049316,0.22800058126449585,9,"[3, 3]","[64, 128]",[256],6903766,bc11u21n1,375.9,trial_0076_learning_rate=1.0e-04_history=1_kernel_sizes=3x3_conv_channels=64x128_fc_dims=256_seed0,fb605352a7,trial_0076_learning_rate=1.0e-04_history=1_kernel_sizes=3x3_conv_channels=64x128_fc_dims=256_seed0
/scratch/sb272/patterns5k_results/slurm_hist_cnn_2026-03-05_16-01-45/trial_0076_learning_rate=1.0e-04_history=1_kernel_sizes=3x3_conv_channels=64x128_fc_dims=256_seed1,cnn,0.1581313464641571,0.21443753486230802,0.04993014960061936,0.0006485799002268958,0.08594973385334015,0.22118119812311007,94527,94527,50,0.6734899357184144,1,True,0.45456832695830385,0.5560627354705756,47,0.31855225563049316,0.2229202389717102,8,"[3, 3]","[64, 128]",[256],6903766,bc11u21n1,438.2,trial_0076_learning_rate=1.0e-04_history=1_kernel_sizes=3x3_conv_channels=64x128_fc_dims=256_seed1,fb605352a7,trial_0076_learning_rate=1.0e-04_history=1_kernel_sizes=3x3_conv_channels=64x128_fc_dims=256_seed1
/scratch/sb272/patterns5k_results/slurm_hist_cnn_2026-03-05_16-01-45/trial_0077_learning_rate=1.0e-04_history=1_kernel_sizes=3x3_conv_channels=64x128_fc_dims=512_seed0,cnn,0.15729528629779815,0.2207770492857008,0.05337506721890162,0.0003607661005050417,0.08980172872543335,0.2272217704183503,143679,143679,50,0.6844134671012261,1,True,0.45456832695830385,0.5696761196070963,47,0.31855225563049316,0.22970172762870789,9,"[3, 3]","[64, 128]",[512],6903766,bc11u21n1,496.4,trial_0077_learning_rate=1.0e-04_history=1_kernel_sizes=3x3_conv_channels=64x128_fc_dims=512_seed0,057331c072,trial_0077_learning_rate=1.0e-04_history=1_kernel_sizes=3x3_conv_channels=64x128_fc_dims=512_seed0
/scratch/sb272/patterns5k_results/slurm_hist_cnn_2026-03-05_16-01-45/trial_0077_learning_rate=1.0e-04_history=1_kernel_sizes=3x3_conv_channels=64x128_fc_dims=512_seed1,cnn,0.1566099202632904,0.2257207178742554,0.05717253401165917,-7.956463193136548e-05,0.09102462232112885,0.23289204581591275,143679,143679,50,0.695060551432153,1,True,0.45456832695830385,0.5823296365414472,50,0.31855225563049316,0.23502117395401,9,"[3, 3]","[64, 128]",[512],6903766,bc11u21n1,496.0,trial_0077_learning_rate=1.0e-04_history=1_kernel_sizes=3x3_conv_channels=64x128_fc_dims=512_seed1,057331c072,trial_0077_learning_rate=1.0e-04_history=1_kernel_sizes=3x3_conv_channels=64x128_fc_dims=512_seed1
/scratch/sb272/patterns5k_results/slurm_hist_cnn_2026-03-05_16-01-45/trial_0078_learning_rate=1.0e-04_history=1_kernel_sizes=5x3_conv_channels=128x256_fc_dims=256_seed0,cnn,0.15618935585021973,0.23692376627310027,0.05777209334903293,0.0011966096030341254,0.08647947758436203,0.2464356938279049,248639,248639,50,0.7189215415329024,1,True,0.45456832695830385,0.6054464273943944,51,0.31855225563049316,0.2475748360157013,10,"[5, 3]","[128, 256]",[256],6903766,bc11u21n1,575.3,trial_0078_learning_rate=1.0e-04_history=1_kernel_sizes=5x3_conv_channels=128x256_fc_dims=256_seed0,bbfebbff35,trial_0078_learning_rate=1.0e-04_history=1_kernel_sizes=5x3_conv_channels=128x256_fc_dims=256_seed0
/scratch/sb272/patterns5k_results/slurm_hist_cnn_2026-03-05_16-01-45/trial_0078_learning_rate=1.0e-04_history=1_kernel_sizes=5x3_conv_channels=128x256_fc_dims=256_seed1,cnn,0.15495006597042082,0.24026756002696859,0.06294687494399055,-0.00036972477322533016,0.08314818888902664,0.24853162173207374,248639,248639,50,0.7231725550715881,1,True,0.45456832695830385,0.6090228945798036,54,0.31855225563049316,0.2509692907333374,11,"[5, 3]","[128, 256]",[256],6903766,bc11u21n1,580.8,trial_0078_learning_rate=1.0e-04_history=1_kernel_sizes=5x3_conv_channels=128x256_fc_dims=256_seed1,bbfebbff35,trial_0078_learning_rate=1.0e-04_history=1_kernel_sizes=5x3_conv_channels=128x256_fc_dims=256_seed1
/scratch/sb272/patterns5k_results/slurm_hist_cnn_2026-03-05_16-01-45/trial_0079_learning_rate=1.0e-04_history=1_kernel_sizes=5x3_conv_channels=128x256_fc_dims=512_seed0,cnn,0.15580767977237703,0.23800290054895987,0.05788066841307141,-0.0002056681920611669,0.08520965278148651,0.24579018293968066,330559,330559,50,0.7221246780799713,1,True,0.45456832695830385,0.6093755731048304,53,0.31855225563049316,0.24859249591827393,11,"[5, 3]","[128, 256]",[512],6903766,bc11u21n1,641.4,trial_0079_learning_rate=1.0e-04_history=1_kernel_sizes=5x3_conv_channels=128x256_fc_dims=512_seed0,269804c097,trial_0079_learning_rate=1.0e-04_history=1_kernel_sizes=5x3_conv_channels=128x256_fc_dims=512_seed0
/scratch/sb272/patterns5k_results/slurm_hist_cnn_2026-03-05_16-01-45/trial_0079_learning_rate=1.0e-04_history=1_kernel_sizes=5x3_conv_channels=128x256_fc_dims=512_seed1,cnn,0.15689264869689942,0.23392365100114307,0.05354219864285181,0.001657625985524011,0.0889362096786499,0.24375598823952999,330559,330559,50,0.7110770429356198,1,True,0.45456832695830385,0.5996643659596492,50,0.31855225563049316,0.24466060101985931,10,"[5, 3]","[128, 256]",[512],6903766,bc11u21n1,641.4,trial_0079_learning_rate=1.0e-04_history=1_kernel_sizes=5x3_conv_channels=128x256_fc_dims=512_seed1,269804c097,trial_0079_learning_rate=1.0e-04_history=1_kernel_sizes=5x3_conv_channels=128x256_fc_dims=512_seed1
/scratch/sb272/patterns5k_results/slurm_hist_cnn_2026-03-05_16-01-45/trial_0080_learning_rate=1.0e-04_history=1_kernel_sizes=5x3_conv_channels=128x256_fc_dims=1024_seed0,cnn,0.1562898063659668,0.24312418802459465,0.051030502432868594,-0.00033593083184862895,0.08789502829313278,0.2514928447611819,494399,494399,50,0.729789071482456,1,True,0.45456832695830385,0.6200694084783206,53,0.31855225563049316,0.2539990246295929,14,"[5, 3]","[128, 256]",[1024],6903766,bc11u21n1,772.7,trial_0080_learning_rate=1.0e-04_history=1_kernel_sizes=5x3_conv_channels=128x256_fc_dims=1024_seed0,c26f5de779,trial_0080_learning_rate=1.0e-04_history=1_kernel_sizes=5x3_conv_channels=128x256_fc_dims=1024_seed0
/scratch/sb272/patterns5k_results/slurm_hist_cnn_2026-03-05_16-01-45/trial_0080_learning_rate=1.0e-04_history=1_kernel_sizes=5x3_conv_channels=128x256_fc_dims=1024_seed1,cnn,0.1556659232378006,0.241507534753777,0.053620470894707575,-0.0022310680813259548,0.08408111333847046,0.25158739146711395,494399,494399,50,0.7330957090551797,1,True,0.45456832695830385,0.6172032932523728,53,0.31855225563049316,0.2522830069065094,12,"[5, 3]","[128, 256]",[1024],6903766,bc11u21n1,772.2,trial_0080_learning_rate=1.0e-04_history=1_kernel_sizes=5x3_conv_channels=128x256_fc_dims=1024_seed1,c26f5de779,trial_0080_learning_rate=1.0e-04_history=1_kernel_sizes=5x3_conv_channels=128x256_fc_dims=1024_seed1
/scratch/sb272/patterns5k_results/slurm_hist_cnn_2026-03-05_16-01-45/trial_0081_learning_rate=1.0e-04_history=1_kernel_sizes=3x3x3_conv_channels=32x64x128_fc_dims=128_seed0,cnn,0.15674909019470215,0.19898522910567346,0.04773914813995361,-0.014366648499927824,0.050279401242733,0.20206699172582693,66111,66111,50,0.6109450425942792,1,True,0.45456832695830385,0.48907690370949825,34,0.31855225563049316,0.2052312046289444,6,"[3, 3, 3]","[32, 64, 128]",[128],6903766,bc11u21n1,448.7,trial_0081_learning_rate=1.0e-04_history=1_kernel_sizes=3x3x3_conv_channels=32x64x128_fc_dims=128_seed0,ee5430a118,trial_0081_learning_rate=1.0e-04_history=1_kernel_sizes=3x3x3_conv_channels=32x64x128_fc_dims=128_seed0
/scratch/sb272/patterns5k_results/slurm_hist_cnn_2026-03-05_16-01-45/trial_0081_learning_rate=1.0e-04_history=1_kernel_sizes=3x3x3_conv_channels=32x64x128_fc_dims=128_seed1,cnn,0.15705397176742553,0.19866465124881477,0.04730315246279278,-0.011977230745648581,0.053181491792201996,0.20323951637290585,66111,66111,50,0.6109178269436878,1,True,0.45456832695830385,0.4889233287101756,37,0.31855225563049316,0.20504245162010193,7,"[3, 3, 3]","[32, 64, 128]",[128],6903766,bc11u21n1,437.0,trial_0081_learning_rate=1.0e-04_history=1_kernel_sizes=3x3x3_conv_channels=32x64x128_fc_dims=128_seed1,ee5430a118,trial_0081_learning_rate=1.0e-04_history=1_kernel_sizes=3x3x3_conv_channels=32x64x128_fc_dims=128_seed1
/scratch/sb272/patterns5k_results/slurm_hist_cnn_2026-03-05_16-01-45/trial_0082_learning_rate=1.0e-04_history=1_kernel_sizes=3x3x3_conv_channels=32x64x128_fc_dims=256_seed0,cnn,0.15629768860340118,0.2058373231727085,0.05039024353027344,-0.011365220660255068,0.05989362671971321,0.20919707539254329,90687,90687,50,0.6282595661251495,1,True,0.45456832695830385,0.506341298863901,39,0.31855225563049316,0.2128804326057434,7,"[3, 3, 3]","[32, 64, 128]",[256],6903766,bc11u21n1,460.0,trial_0082_learning_rate=1.0e-04_history=1_kernel_sizes=3x3x3_conv_channels=32x64x128_fc_dims=256_seed0,0327528aba,trial_0082_learning_rate=1.0e-04_history=1_kernel_sizes=3x3x3_conv_channels=32x64x128_fc_dims=256_seed0
/scratch/sb272/patterns5k_results/slurm_hist_cnn_2026-03-05_16-01-45/trial_0082_learning_rate=1.0e-04_history=1_kernel_sizes=3x3x3_conv_channels=32x64x128_fc_dims=256_seed1,cnn,0.15648033118247986,0.20328556504605286,0.04975572843400259,-0.01142539486052498,0.05455770716071129,0.2082658740745205,90687,90687,50,0.6216577798769288,1,True,0.45456832695830385,0.5042742886425724,39,0.31855225563049316,0.2104501873254776,7,"[3, 3, 3]","[32, 64, 128]",[256],6903766,bc11u21n1,456.5,trial_0082_learning_rate=1.0e-04_history=1_kernel_sizes=3x3x3_conv_channels=32x64x128_fc_dims=256_seed1,0327528aba,trial_0082_learning_rate=1.0e-04_history=1_kernel_sizes=3x3x3_conv_channels=32x64x128_fc_dims=256_seed1
/scratch/sb272/patterns5k_results/slurm_hist_cnn_2026-03-05_16-01-45/trial_0083_learning_rate=1.0e-04_history=1_kernel_sizes=5x3x3_conv_channels=64x128x256_fc_dims=256_seed0,cnn,0.15292960381507872,0.2326903636348902,0.06596869230270386,-0.012485050019763765,0.06140490621328354,0.2419527029031042,239807,239807,50,0.6834235952062946,1,True,0.45456832695830385,0.5641510157268191,48,0.31855225563049316,0.2417251616716385,13,"[5, 3, 3]","[64, 128, 256]",[256],6903766,bc11u21n1,583.3,trial_0083_learning_rate=1.0e-04_history=1_kernel_sizes=5x3x3_conv_channels=64x128x256_fc_dims=256_seed0,653982f895,trial_0083_learning_rate=1.0e-04_history=1_kernel_sizes=5x3x3_conv_channels=64x128x256_fc_dims=256_seed0
/scratch/sb272/patterns5k_results/slurm_hist_cnn_2026-03-05_16-01-45/trial_0083_learning_rate=1.0e-04_history=1_kernel_sizes=5x3x3_conv_channels=64x128x256_fc_dims=256_seed1,cnn,0.1529614473581314,0.23234227692027695,0.06518738988846068,-0.014412375669630747,0.05743134394288063,0.24107229543681835,239807,239807,50,0.6876415332511405,1,True,0.45456832695830385,0.5676343553906467,49,0.31855225563049316,0.24198882281780243,12,"[5, 3, 3]","[64, 128, 256]",[256],6903766,bc11u21n1,580.8,trial_0083_learning_rate=1.0e-04_history=1_kernel_sizes=5x3x3_conv_channels=64x128x256_fc_dims=256_seed1,653982f895,trial_0083_learning_rate=1.0e-04_history=1_kernel_sizes=5x3x3_conv_channels=64x128x256_fc_dims=256_seed1
/scratch/sb272/patterns5k_results/slurm_hist_cnn_2026-03-05_16-01-45/trial_0084_learning_rate=1.0e-04_history=1_kernel_sizes=5x3x3_conv_channels=64x128x256_fc_dims=512_seed0,cnn,0.15249925124645233,0.2371671444525559,0.06810920957535033,-0.012652461490933858,0.06227142736315727,0.24428332065036504,321727,321727,50,0.6979284237742247,1,True,0.45456832695830385,0.5769285682043401,49,0.31855225563049316,0.24679872393608093,14,"[5, 3, 3]","[64, 128, 256]",[512],6903766,bc11u21n1,646.2,trial_0084_learning_rate=1.0e-04_history=1_kernel_sizes=5x3x3_conv_channels=64x128x256_fc_dims=512_seed0,de9f89e894,trial_0084_learning_rate=1.0e-04_history=1_kernel_sizes=5x3x3_conv_channels=64x128x256_fc_dims=512_seed0
/scratch/sb272/patterns5k_results/slurm_hist_cnn_2026-03-05_16-01-45/trial_0084_learning_rate=1.0e-04_history=1_kernel_sizes=5x3x3_conv_channels=64x128x256_fc_dims=512_seed1,cnn,0.15244255650043487,0.2373511997759287,0.06803136023264082,-0.014880853985983229,0.05849633365869522,0.24603140731077663,321727,321727,50,0.7121199153942517,1,True,0.45456832695830385,0.5822576680780495,50,0.31855225563049316,0.24722225964069366,14,"[5, 3, 3]","[64, 128, 256]",[512],6903766,bc11u21n1,636.0,trial_0084_learning_rate=1.0e-04_history=1_kernel_sizes=5x3x3_conv_channels=64x128x256_fc_dims=512_seed1,de9f89e894,trial_0084_learning_rate=1.0e-04_history=1_kernel_sizes=5x3x3_conv_channels=64x128x256_fc_dims=512_seed1
/scratch/sb272/patterns5k_results/slurm_hist_cnn_2026-03-05_16-01-45/trial_0085_learning_rate=1.0e-04_history=1_kernel_sizes=5x3x3_conv_channels=64x128x256_fc_dims=1024_seed0,cnn,0.1532295548915863,0.24136878550482524,0.06530246942762345,-0.01026246188178895,0.06511679291725159,0.2504809368135319,485567,485567,50,0.7126187565579578,1,True,0.45456832695830385,0.5838805614848681,51,0.31855225563049316,0.25156375765800476,14,"[5, 3, 3]","[64, 128, 256]",[1024],6903766,bc11u21n1,769.2,trial_0085_learning_rate=1.0e-04_history=1_kernel_sizes=5x3x3_conv_channels=64x128x256_fc_dims=1024_seed0,0594153fc3,trial_0085_learning_rate=1.0e-04_history=1_kernel_sizes=5x3x3_conv_channels=64x128x256_fc_dims=1024_seed0
/scratch/sb272/patterns5k_results/slurm_hist_cnn_2026-03-05_16-01-45/trial_0085_learning_rate=1.0e-04_history=1_kernel_sizes=5x3x3_conv_channels=64x128x256_fc_dims=1024_seed1,cnn,0.15307988250255586,0.23984842599822725,0.06581853495703803,-0.010480911012679811,0.06276415288448334,0.24874759031965657,485567,485567,50,0.7022859256305463,1,True,0.45456832695830385,0.5824897489518461,50,0.31855225563049316,0.2501125633716583,14,"[5, 3, 3]","[64, 128, 256]",[1024],6903766,bc11u21n1,843.4,trial_0085_learning_rate=1.0e-04_history=1_kernel_sizes=5x3x3_conv_channels=64x128x256_fc_dims=1024_seed1,0594153fc3,trial_0085_learning_rate=1.0e-04_history=1_kernel_sizes=5x3x3_conv_channels=64x128x256_fc_dims=1024_seed1
/scratch/sb272/patterns5k_results/slurm_hist_cnn_2026-03-05_16-01-45/trial_0086_learning_rate=1.0e-04_history=1_kernel_sizes=3x3x3_conv_channels=128x128x128_fc_dims=256_seed0,cnn,0.15285143530368805,0.23351163060680907,0.06683237022823757,-0.010142148487151616,0.0656215101480484,0.2392117281271732,188991,188991,50,0.6880118317352503,1,True,0.45456832695830385,0.5620203004665176,49,0.31855225563049316,0.24218356609344482,13,"[3, 3, 3]","[128, 128, 128]",[256],6903766,bc11u21n1,577.8,trial_0086_learning_rate=1.0e-04_history=1_kernel_sizes=3x3x3_conv_channels=128x128x128_fc_dims=256_seed0,7f551a3b36,trial_0086_learning_rate=1.0e-04_history=1_kernel_sizes=3x3x3_conv_channels=128x128x128_fc_dims=256_seed0
/scratch/sb272/patterns5k_results/slurm_hist_cnn_2026-03-05_16-01-45/trial_0086_learning_rate=1.0e-04_history=1_kernel_sizes=3x3x3_conv_channels=128x128x128_fc_dims=256_seed1,cnn,0.15296388518810272,0.2319381957585807,0.06624810279361786,-0.010300139586130777,0.06803944706916809,0.23876557429296824,188991,188991,50,0.6796303963420158,1,True,0.45456832695830385,0.5536899095352154,48,0.31855225563049316,0.24037128686904907,12,"[3, 3, 3]","[128, 128, 128]",[256],6903766,bc11u21n1,568.4,trial_0086_learning_rate=1.0e-04_history=1_kernel_sizes=3x3x3_conv_channels=128x128x128_fc_dims=256_seed1,7f551a3b36,trial_0086_learning_rate=1.0e-04_history=1_kernel_sizes=3x3x3_conv_channels=128x128x128_fc_dims=256_seed1
/scratch/sb272/patterns5k_results/slurm_hist_cnn_2026-03-05_16-01-45/trial_0087_learning_rate=1.0e-04_history=1_kernel_sizes=3x3x3_conv_channels=128x128x128_fc_dims=512_seed0,cnn,0.15336721193790437,0.23622170431022882,0.06608260718602983,-0.008572656956930009,0.06641846895217896,0.24296886953912125,238143,238143,50,0.6972598380838656,1,True,0.45456832695830385,0.573549027425752,50,0.31855225563049316,0.2455306202173233,12,"[3, 3, 3]","[128, 128, 128]",[512],6903766,bc11u21n1,718.4,trial_0087_learning_rate=1.0e-04_history=1_kernel_sizes=3x3x3_conv_channels=128x128x128_fc_dims=512_seed0,1261811afd,trial_0087_learning_rate=1.0e-04_history=1_kernel_sizes=3x3x3_conv_channels=128x128x128_fc_dims=512_seed0
/scratch/sb272/patterns5k_results/slurm_hist_cnn_2026-03-05_16-01-45/trial_0087_learning_rate=1.0e-04_history=1_kernel_sizes=3x3x3_conv_channels=128x128x128_fc_dims=512_seed1,cnn,0.15282257568836213,0.23710546440416053,0.06769991015631055,-0.008992109979901994,0.06728935986757278,0.24465734370055722,238143,238143,50,0.6953095528420443,1,True,0.45456832695830385,0.5727163319230377,51,0.31855225563049316,0.24624022841453552,14,"[3, 3, 3]","[128, 128, 128]",[512],6903766,bc11u21n1,763.9,trial_0087_learning_rate=1.0e-04_history=1_kernel_sizes=3x3x3_conv_channels=128x128x128_fc_dims=512_seed1,1261811afd,trial_0087_learning_rate=1.0e-04_history=1_kernel_sizes=3x3x3_conv_channels=128x128x128_fc_dims=512_seed1
/scratch/sb272/patterns5k_results/slurm_hist_cnn_2026-03-05_16-01-45/trial_0088_learning_rate=1.0e-04_history=1_kernel_sizes=3x3x3_conv_channels=256x256x256_fc_dims=512_seed0,cnn,0.15034412813186646,0.25721358392328697,0.07779355843861897,-0.012602889348590185,0.07013028860092163,0.26655015735188986,640063,640063,50,0.7604096337092091,1,True,0.45456832695830385,0.6308467343570597,56,0.31855225563049316,0.26812922954559326,14,"[3, 3, 3]","[256, 256, 256]",[512],6903766,bc11u21n1,1167.5,trial_0088_learning_rate=1.0e-04_history=1_kernel_sizes=3x3x3_conv_channels=256x256x256_fc_dims=512_seed0,6d7c18196a,trial_0088_learning_rate=1.0e-04_history=1_kernel_sizes=3x3x3_conv_channels=256x256x256_fc_dims=512_seed0
/scratch/sb272/patterns5k_results/slurm_hist_cnn_2026-03-05_16-01-45/trial_0088_learning_rate=1.0e-04_history=1_kernel_sizes=3x3x3_conv_channels=256x256x256_fc_dims=512_seed1,cnn,0.15017609775066376,0.2566120061518484,0.07816822945125519,-0.013608114113883367,0.06802991032600403,0.2659828979908468,640063,640063,50,0.7535074736605832,1,True,0.45456832695830385,0.6280838131166332,55,0.31855225563049316,0.26749736070632935,14,"[3, 3, 3]","[256, 256, 256]",[512],6903766,bc11u21n1,1165.4,trial_0088_learning_rate=1.0e-04_history=1_kernel_sizes=3x3x3_conv_channels=256x256x256_fc_dims=512_seed1,6d7c18196a,trial_0088_learning_rate=1.0e-04_history=1_kernel_sizes=3x3x3_conv_channels=256x256x256_fc_dims=512_seed1
/scratch/sb272/patterns5k_results/slurm_hist_cnn_2026-03-05_16-01-45/trial_0089_learning_rate=1.0e-04_history=1_kernel_sizes=3x3x3_conv_channels=256x256x256_fc_dims=1024_seed0,cnn,0.15079991924762726,0.25744744807503905,0.07124176668742346,-0.01099356110133822,0.07316616177558899,0.2667204299544228,803903,803903,50,0.7485427176616806,1,True,0.45456832695830385,0.6261426215390605,57,0.31855225563049316,0.26792585849761963,14,"[3, 3, 3]","[256, 256, 256]",[1024],6903766,bc11u21n1,1349.6,trial_0089_learning_rate=1.0e-04_history=1_kernel_sizes=3x3x3_conv_channels=256x256x256_fc_dims=1024_seed0,de2b4a4a37,trial_0089_learning_rate=1.0e-04_history=1_kernel_sizes=3x3x3_conv_channels=256x256x256_fc_dims=1024_seed0
/scratch/sb272/patterns5k_results/slurm_hist_cnn_2026-03-05_16-01-45/trial_0089_learning_rate=1.0e-04_history=1_kernel_sizes=3x3x3_conv_channels=256x256x256_fc_dims=1024_seed1,cnn,0.15026888024806975,0.2597822407354882,0.07375409678807335,-0.011372056272294786,0.07307249307632446,0.2696083247999878,803903,803903,50,0.7654512235668994,1,True,0.45456832695830385,0.6341412280086371,58,0.31855225563049316,0.2700044512748718,15,"[3, 3, 3]","[256, 256, 256]",[1024],6903766,bc11u21n1,1344.9,trial_0089_learning_rate=1.0e-04_history=1_kernel_sizes=3x3x3_conv_channels=256x256x256_fc_dims=1024_seed1,de2b4a4a37,trial_0089_learning_rate=1.0e-04_history=1_kernel_sizes=3x3x3_conv_channels=256x256x256_fc_dims=1024_seed1
/scratch/sb272/patterns5k_results/slurm_hist_cnn_2026-03-05_16-01-45/trial_0090_learning_rate=1.0e-04_history=2_kernel_sizes=3x3_conv_channels=64x128_fc_dims=128_seed0,cnn,0.15974936723709107,0.20349709995253717,0.046326154754275366,0.005564645169273255,0.08988634496927261,0.20827224576785464,69951,69951,50,0.6290180894643334,2,True,0.45456832695830385,0.512792892798995,40,0.31855225563049316,0.21070121228694916,5,"[3, 3]","[64, 128]",[128],6903766,bc11u21n1,550.4,trial_0090_learning_rate=1.0e-04_history=2_kernel_sizes=3x3_conv_channels=64x128_fc_dims=128_seed0,ba693b839b,trial_0090_learning_rate=1.0e-04_history=2_kernel_sizes=3x3_conv_channels=64x128_fc_dims=128_seed0
/scratch/sb272/patterns5k_results/slurm_hist_cnn_2026-03-05_16-01-45/trial_0090_learning_rate=1.0e-04_history=2_kernel_sizes=3x3_conv_channels=64x128_fc_dims=128_seed1,cnn,0.1589985944032669,0.20506627258739724,0.049382925033569336,0.0044672318867274696,0.09030360728502274,0.21035596063971623,69951,69951,50,0.6331969193627298,2,True,0.45456832695830385,0.5171822846115957,39,0.31855225563049316,0.21231184899806976,5,"[3, 3]","[64, 128]",[128],6903766,bc11u21n1,548.6,trial_0090_learning_rate=1.0e-04_history=2_kernel_sizes=3x3_conv_channels=64x128_fc_dims=128_seed1,ba693b839b,trial_0090_learning_rate=1.0e-04_history=2_kernel_sizes=3x3_conv_channels=64x128_fc_dims=128_seed1
/scratch/sb272/patterns5k_results/slurm_hist_cnn_2026-03-05_16-01-45/trial_0091_learning_rate=1.0e-04_history=2_kernel_sizes=3x3_conv_channels=64x128_fc_dims=256_seed0,cnn,0.15882387149333954,0.21229694345942016,0.05186585301444644,0.008000052164471338,0.0995350182056427,0.21577082941603762,94527,94527,50,0.6609047775091792,2,True,0.45456832695830385,0.5389752992395566,44,0.31855225563049316,0.21996675431728363,6,"[3, 3]","[64, 128]",[256],6903766,bc11u21n1,574.7,trial_0091_learning_rate=1.0e-04_history=2_kernel_sizes=3x3_conv_channels=64x128_fc_dims=256_seed0,60647ce7fc,trial_0091_learning_rate=1.0e-04_history=2_kernel_sizes=3x3_conv_channels=64x128_fc_dims=256_seed0
/scratch/sb272/patterns5k_results/slurm_hist_cnn_2026-03-05_16-01-45/trial_0091_learning_rate=1.0e-04_history=2_kernel_sizes=3x3_conv_channels=64x128_fc_dims=256_seed1,cnn,0.15943788540363313,0.21243656714517303,0.049576668512253536,0.007595877798776778,0.09722906351089478,0.2194498041847927,94527,94527,50,0.6586180844977595,2,True,0.45456832695830385,0.5450784611408954,45,0.31855225563049316,0.22090201079845428,6,"[3, 3]","[64, 128]",[256],6903766,bc11u21n1,580.0,trial_0091_learning_rate=1.0e-04_history=2_kernel_sizes=3x3_conv_channels=64x128_fc_dims=256_seed1,60647ce7fc,trial_0091_learning_rate=1.0e-04_history=2_kernel_sizes=3x3_conv_channels=64x128_fc_dims=256_seed1
/scratch/sb272/patterns5k_results/slurm_hist_cnn_2026-03-05_16-01-45/trial_0092_learning_rate=1.0e-04_history=2_kernel_sizes=3x3_conv_channels=64x128_fc_dims=512_seed0,cnn,0.15808313739299773,0.21879847601384594,0.05480918430146717,0.005869052712879483,0.09757518768310547,0.22684574686649023,143679,143679,50,0.6832526463891516,2,True,0.45456832695830385,0.5638398137313511,49,0.31855225563049316,0.22771768271923065,6,"[3, 3]","[64, 128]",[512],6903766,bc11u21n1,645.3,trial_0092_learning_rate=1.0e-04_history=2_kernel_sizes=3x3_conv_channels=64x128_fc_dims=512_seed0,a86e958165,trial_0092_learning_rate=1.0e-04_history=2_kernel_sizes=3x3_conv_channels=64x128_fc_dims=512_seed0
/scratch/sb272/patterns5k_results/slurm_hist_cnn_2026-03-05_16-01-45/trial_0092_learning_rate=1.0e-04_history=2_kernel_sizes=3x3_conv_channels=64x128_fc_dims=512_seed1,cnn,0.15811346197128295,0.219570465926272,0.05503266103683956,0.0061429086185636975,0.0986144095659256,0.22651718647306082,143679,143679,50,0.6833530390141613,2,True,0.45456832695830385,0.5672786260426368,47,0.31855225563049316,0.2286403924226761,7,"[3, 3]","[64, 128]",[512],6903766,bc11u21n1,644.9,trial_0092_learning_rate=1.0e-04_history=2_kernel_sizes=3x3_conv_channels=64x128_fc_dims=512_seed1,a86e958165,trial_0092_learning_rate=1.0e-04_history=2_kernel_sizes=3x3_conv_channels=64x128_fc_dims=512_seed1
/scratch/sb272/patterns5k_results/slurm_hist_cnn_2026-03-05_16-01-45/trial_0093_learning_rate=1.0e-04_history=2_kernel_sizes=5x3_conv_channels=128x256_fc_dims=256_seed0,cnn,0.1574868823289871,0.2319887909015085,0.05448674966418554,0.005756405610886831,0.09776940196752548,0.2407262068657753,248639,248639,50,0.7100472530188698,2,True,0.45456832695830385,0.5911600609415977,52,0.31855225563049316,0.2427418828010559,7,"[5, 3]","[128, 256]",[256],6903766,bc11u21n1,747.7,trial_0093_learning_rate=1.0e-04_history=2_kernel_sizes=5x3_conv_channels=128x256_fc_dims=256_seed0,ac9a042683,trial_0093_learning_rate=1.0e-04_history=2_kernel_sizes=5x3_conv_channels=128x256_fc_dims=256_seed0
/scratch/sb272/patterns5k_results/slurm_hist_cnn_2026-03-05_16-01-45/trial_0093_learning_rate=1.0e-04_history=2_kernel_sizes=5x3_conv_channels=128x256_fc_dims=256_seed1,cnn,0.1565171514749527,0.23053321576917116,0.059790528009808254,0.0026275269568912566,0.09085706621408463,0.2394530171984511,248639,248639,50,0.7103861496117223,2,True,0.45456832695830385,0.5903581790665233,49,0.31855225563049316,0.2408192753791809,7,"[5, 3]","[128, 256]",[256],6903766,bc11u21n1,742.7,trial_0093_learning_rate=1.0e-04_history=2_kernel_sizes=5x3_conv_channels=128x256_fc_dims=256_seed1,ac9a042683,trial_0093_learning_rate=1.0e-04_history=2_kernel_sizes=5x3_conv_channels=128x256_fc_dims=256_seed1
/scratch/sb272/patterns5k_results/slurm_hist_cnn_2026-03-05_16-01-45/trial_0094_learning_rate=1.0e-04_history=2_kernel_sizes=5x3_conv_channels=128x256_fc_dims=512_seed0,cnn,0.15805599784851074,0.23653995459436317,0.05234312348895603,0.005755349757179382,0.09850238263607025,0.24642121488525362,330559,330559,50,0.728642565543769,2,True,0.45456832695830385,0.6082533613833414,54,0.31855225563049316,0.24748429656028748,9,"[5, 3]","[128, 256]",[512],6903766,bc11u21n1,825.7,trial_0094_learning_rate=1.0e-04_history=2_kernel_sizes=5x3_conv_channels=128x256_fc_dims=512_seed0,8d0d8fd122,trial_0094_learning_rate=1.0e-04_history=2_kernel_sizes=5x3_conv_channels=128x256_fc_dims=512_seed0
/scratch/sb272/patterns5k_results/slurm_hist_cnn_2026-03-05_16-01-45/trial_0094_learning_rate=1.0e-04_history=2_kernel_sizes=5x3_conv_channels=128x256_fc_dims=512_seed1,cnn,0.15768332505226135,0.23555496041349133,0.05407759689149402,0.006813787278674897,0.10003481805324554,0.24474911174185432,330559,330559,50,0.7188976666963861,2,True,0.45456832695830385,0.6005352493594017,54,0.31855225563049316,0.24628230929374695,9,"[5, 3]","[128, 256]",[512],6903766,bc11u21n1,816.9,trial_0094_learning_rate=1.0e-04_history=2_kernel_sizes=5x3_conv_channels=128x256_fc_dims=512_seed1,8d0d8fd122,trial_0094_learning_rate=1.0e-04_history=2_kernel_sizes=5x3_conv_channels=128x256_fc_dims=512_seed1
/scratch/sb272/patterns5k_results/slurm_hist_cnn_2026-03-05_16-01-45/trial_0095_learning_rate=1.0e-04_history=2_kernel_sizes=5x3_conv_channels=128x256_fc_dims=1024_seed0,cnn,0.15757936418056487,0.2401659511129468,0.048858381453014556,0.005663586987389458,0.09961602091789246,0.24802943178916995,494399,494399,50,0.7311482026362882,2,True,0.45456832695830385,0.611939347809645,55,0.31855225563049316,0.25088566541671753,9,"[5, 3]","[128, 256]",[1024],6903766,bc11u21n1,1000.9,trial_0095_learning_rate=1.0e-04_history=2_kernel_sizes=5x3_conv_channels=128x256_fc_dims=1024_seed0,2c9740551b,trial_0095_learning_rate=1.0e-04_history=2_kernel_sizes=5x3_conv_channels=128x256_fc_dims=1024_seed0
/scratch/sb272/patterns5k_results/slurm_hist_cnn_2026-03-05_16-01-45/trial_0100_learning_rate=1.0e-04_history=2_kernel_sizes=5x3x3_conv_channels=64x128x256_fc_dims=1024_seed0,cnn,0.15546523225307465,0.23227537229574174,0.05908083821099902,-0.0015024665802244157,0.08323156088590622,0.24093801718653907,485567,485567,50,0.7053307513418404,2,True,0.45456832695830385,0.5688321887349796,50,0.31855225563049316,0.24195559322834015,11,"[5, 3, 3]","[64, 128, 256]",[1024],6903980,bc11u21n2,994.5,trial_0100_learning_rate=1.0e-04_history=2_kernel_sizes=5x3x3_conv_channels=64x128x256_fc_dims=1024_seed0,118b8e8de2,trial_0100_learning_rate=1.0e-04_history=2_kernel_sizes=5x3x3_conv_channels=64x128x256_fc_dims=1024_seed0
/scratch/sb272/patterns5k_results/slurm_hist_cnn_2026-03-05_16-01-45/trial_0100_learning_rate=1.0e-04_history=2_kernel_sizes=5x3x3_conv_channels=64x128x256_fc_dims=1024_seed1,cnn,0.15524583554267884,0.23208835251312082,0.05975448044519576,-0.004878572055271694,0.07690921425819397,0.24291762627782476,485567,485567,50,0.6993268084781429,2,True,0.45456832695830385,0.5703096714162005,50,0.31855225563049316,0.2424260824918747,11,"[5, 3, 3]","[64, 128, 256]",[1024],6903980,bc11u21n2,973.6,trial_0100_learning_rate=1.0e-04_history=2_kernel_sizes=5x3x3_conv_channels=64x128x256_fc_dims=1024_seed1,118b8e8de2,trial_0100_learning_rate=1.0e-04_history=2_kernel_sizes=5x3x3_conv_channels=64x128x256_fc_dims=1024_seed1
/scratch/sb272/patterns5k_results/slurm_hist_cnn_2026-03-05_16-01-45/trial_0101_learning_rate=1.0e-04_history=2_kernel_sizes=3x3x3_conv_channels=128x128x128_fc_dims=256_seed0,cnn,0.15469604814052582,0.22495951601266465,0.06284696809829228,-0.0037143599419366745,0.07845468074083328,0.23273718483231126,188991,188991,50,0.6669220342098676,2,True,0.45456832695830385,0.5438906310133634,50,0.31855225563049316,0.23352259397506714,8,"[3, 3, 3]","[128, 128, 128]",[256],6903980,bc11u21n2,680.5,trial_0101_learning_rate=1.0e-04_history=2_kernel_sizes=3x3x3_conv_channels=128x128x128_fc_dims=256_seed0,f87cc2fa45,trial_0101_learning_rate=1.0e-04_history=2_kernel_sizes=3x3x3_conv_channels=128x128x128_fc_dims=256_seed0
/scratch/sb272/patterns5k_results/slurm_hist_cnn_2026-03-05_16-01-45/trial_0101_learning_rate=1.0e-04_history=2_kernel_sizes=3x3x3_conv_channels=128x128x128_fc_dims=256_seed1,cnn,0.15485085833072662,0.22526697492528586,0.062444139094579784,-0.004452346809326656,0.07714822143316269,0.23242840452973287,188991,188991,50,0.6741914024635502,2,True,0.45456832695830385,0.550743447765559,48,0.31855225563049316,0.23437906801700592,8,"[3, 3, 3]","[128, 128, 128]",[256],6903980,bc11u21n2,677.8,trial_0101_learning_rate=1.0e-04_history=2_kernel_sizes=3x3x3_conv_channels=128x128x128_fc_dims=256_seed1,f87cc2fa45,trial_0101_learning_rate=1.0e-04_history=2_kernel_sizes=3x3x3_conv_channels=128x128x128_fc_dims=256_seed1
/scratch/sb272/patterns5k_results/slurm_hist_cnn_2026-03-05_16-01-45/trial_0102_learning_rate=1.0e-04_history=2_kernel_sizes=3x3x3_conv_channels=128x128x128_fc_dims=512_seed0,cnn,0.15494830751419067,0.22921491448010248,0.06340390538412427,-0.004047789270915683,0.07592803984880447,0.23590590383294696,238143,238143,50,0.685314085637751,2,True,0.45456832695830385,0.559621952532169,48,0.31855225563049316,0.2385663092136383,9,"[3, 3, 3]","[128, 128, 128]",[512],6903980,bc11u21n2,714.1,trial_0102_learning_rate=1.0e-04_history=2_kernel_sizes=3x3x3_conv_channels=128x128x128_fc_dims=512_seed0,ce8342d493,trial_0102_learning_rate=1.0e-04_history=2_kernel_sizes=3x3x3_conv_channels=128x128x128_fc_dims=512_seed0
/scratch/sb272/patterns5k_results/slurm_hist_cnn_2026-03-05_16-01-45/trial_0102_learning_rate=1.0e-04_history=2_kernel_sizes=3x3x3_conv_channels=128x128x128_fc_dims=512_seed1,cnn,0.15464250099658966,0.22934581415329883,0.0639956309681847,-0.004529682416764516,0.07586364448070526,0.23728283492918117,238143,238143,50,0.6937678152918222,2,True,0.45456832695830385,0.5665917683825539,51,0.31855225563049316,0.2386559545993805,9,"[3, 3, 3]","[128, 128, 128]",[512],6903980,bc11u21n2,713.0,trial_0102_learning_rate=1.0e-04_history=2_kernel_sizes=3x3x3_conv_channels=128x128x128_fc_dims=512_seed1,ce8342d493,trial_0102_learning_rate=1.0e-04_history=2_kernel_sizes=3x3x3_conv_channels=128x128x128_fc_dims=512_seed1
/scratch/sb272/patterns5k_results/slurm_hist_cnn_2026-03-05_16-01-45/trial_0103_learning_rate=1.0e-04_history=2_kernel_sizes=3x3x3_conv_channels=256x256x256_fc_dims=512_seed0,cnn,0.15253092873096466,0.24822314257375902,0.07334602636004252,-0.004736199265434628,0.08220107108354568,0.2580218519854138,640063,640063,50,0.735855303302115,2,True,0.45456832695830385,0.6087001774875991,55,0.31855225563049316,0.2586793601512909,11,"[3, 3, 3]","[256, 256, 256]",[512],6903980,bc11u21n2,1074.5,trial_0103_learning_rate=1.0e-04_history=2_kernel_sizes=3x3x3_conv_channels=256x256x256_fc_dims=512_seed0,2feb01bf42,trial_0103_learning_rate=1.0e-04_history=2_kernel_sizes=3x3x3_conv_channels=256x256x256_fc_dims=512_seed0
/scratch/sb272/patterns5k_results/slurm_hist_cnn_2026-03-05_16-01-45/trial_0103_learning_rate=1.0e-04_history=2_kernel_sizes=3x3x3_conv_channels=256x256x256_fc_dims=512_seed1,cnn,0.15251421546936036,0.24653569989904148,0.0722406582226829,-0.0028749884121001715,0.08752148598432541,0.2572938414644343,640063,640063,50,0.7421645889008635,2,True,0.45456832695830385,0.6112386409198676,56,0.31855225563049316,0.2572314441204071,11,"[3, 3, 3]","[256, 256, 256]",[512],6903980,bc11u21n2,1083.7,trial_0103_learning_rate=1.0e-04_history=2_kernel_sizes=3x3x3_conv_channels=256x256x256_fc_dims=512_seed1,2feb01bf42,trial_0103_learning_rate=1.0e-04_history=2_kernel_sizes=3x3x3_conv_channels=256x256x256_fc_dims=512_seed1
/scratch/sb272/patterns5k_results/slurm_hist_cnn_2026-03-05_16-01-45/trial_0104_learning_rate=1.0e-04_history=2_kernel_sizes=3x3x3_conv_channels=256x256x256_fc_dims=1024_seed0,cnn,0.1529120043516159,0.2482742466684099,0.06698872834917098,-0.0032006331852504183,0.0851396769285202,0.2590514935638906,803903,803903,50,0.7443296466339174,2,True,0.45456832695830385,0.613140719142003,55,0.31855225563049316,0.25902193784713745,11,"[3, 3, 3]","[256, 256, 256]",[1024],6903980,bc11u21n2,1291.3,trial_0104_learning_rate=1.0e-04_history=2_kernel_sizes=3x3x3_conv_channels=256x256x256_fc_dims=1024_seed0,7f07166157,trial_0104_learning_rate=1.0e-04_history=2_kernel_sizes=3x3x3_conv_channels=256x256x256_fc_dims=1024_seed0
/scratch/sb272/patterns5k_results/slurm_hist_cnn_2026-03-05_16-01-45/trial_0104_learning_rate=1.0e-04_history=2_kernel_sizes=3x3x3_conv_channels=256x256x256_fc_dims=1024_seed1,cnn,0.15270968222618103,0.24722657523412134,0.06830311294585939,-0.004609351120297871,0.08139728009700775,0.2592080987467453,803903,803903,50,0.7443772919419124,2,True,0.45456832695830385,0.6133841572619044,55,0.31855225563049316,0.2572799324989319,11,"[3, 3, 3]","[256, 256, 256]",[1024],6903980,bc11u21n2,1272.0,trial_0104_learning_rate=1.0e-04_history=2_kernel_sizes=3x3x3_conv_channels=256x256x256_fc_dims=1024_seed1,7f07166157,trial_0104_learning_rate=1.0e-04_history=2_kernel_sizes=3x3x3_conv_channels=256x256x256_fc_dims=1024_seed1
/scratch/sb272/patterns5k_results/slurm_hist_cnn_2026-03-05_16-01-45/trial_0105_learning_rate=1.0e-04_history=5_kernel_sizes=3x3_conv_channels=64x128_fc_dims=128_seed0,cnn,0.1697377610206604,0.11906133450089171,0.013767004013061523,0.012004544810643272,0.10941912233829498,0.11728334612378577,69951,69951,50,0.42755107121336033,5,True,0.45456832695830385,0.3049861443242983,11,0.31855225563049316,0.12311083823442459,0,"[3, 3]","[64, 128]",[128],6903980,bc11u21n2,462.9,trial_0105_learning_rate=1.0e-04_history=5_kernel_sizes=3x3_conv_channels=64x128_fc_dims=128_seed0,dfd1f26495,trial_0105_learning_rate=1.0e-04_history=5_kernel_sizes=3x3_conv_channels=64x128_fc_dims=128_seed0
/scratch/sb272/patterns5k_results/slurm_hist_cnn_2026-03-05_16-01-45/trial_0105_learning_rate=1.0e-04_history=5_kernel_sizes=3x3_conv_channels=64x128_fc_dims=128_seed1,cnn,0.17091235864162446,0.11668239283101596,0.009410497688111804,0.007856084240807427,0.10733374953269958,0.12134792011440264,69951,69951,50,0.43746675954646247,5,True,0.45456832695830385,0.3045679543338297,13,0.31855225563049316,0.12096690386533737,0,"[3, 3]","[64, 128]",[128],6903980,bc11u21n2,464.0,trial_0105_learning_rate=1.0e-04_history=5_kernel_sizes=3x3_conv_channels=64x128_fc_dims=128_seed1,dfd1f26495,trial_0105_learning_rate=1.0e-04_history=5_kernel_sizes=3x3_conv_channels=64x128_fc_dims=128_seed1
/scratch/sb272/patterns5k_results/slurm_hist_cnn_2026-03-05_16-01-45/trial_0106_learning_rate=1.0e-04_history=5_kernel_sizes=3x3_conv_channels=64x128_fc_dims=256_seed0,cnn,0.1701942273378372,0.12342804596838378,0.011420038011338975,0.008873423886677575,0.11175309866666794,0.1267846515965848,94527,94527,50,0.4657185340371876,5,True,0.45456832695830385,0.3268347086353003,13,0.31855225563049316,0.12796898186206818,1,"[3, 3]","[64, 128]",[256],6903980,bc11u21n2,472.7,trial_0106_learning_rate=1.0e-04_history=5_kernel_sizes=3x3_conv_channels=64x128_fc_dims=256_seed0,cf43ce4841,trial_0106_learning_rate=1.0e-04_history=5_kernel_sizes=3x3_conv_channels=64x128_fc_dims=256_seed0
/scratch/sb272/patterns5k_results/slurm_hist_cnn_2026-03-05_16-01-45/trial_0106_learning_rate=1.0e-04_history=5_kernel_sizes=3x3_conv_channels=64x128_fc_dims=256_seed1,cnn,0.17056571078300475,0.12096093367543129,0.010228688754732646,0.009502323846968393,0.11171194165945053,0.12382551066017712,94527,94527,50,0.45995671547327843,5,True,0.45456832695830385,0.322002617577789,13,0.31855225563049316,0.1250123381614685,0,"[3, 3]","[64, 128]",[256],6903980,bc11u21n2,480.6,trial_0106_learning_rate=1.0e-04_history=5_kernel_sizes=3x3_conv_channels=64x128_fc_dims=256_seed1,cf43ce4841,trial_0106_learning_rate=1.0e-04_history=5_kernel_sizes=3x3_conv_channels=64x128_fc_dims=256_seed1
/scratch/sb272/patterns5k_results/slurm_hist_cnn_2026-03-05_16-01-45/trial_0107_learning_rate=1.0e-04_history=5_kernel_sizes=3x3_conv_channels=64x128_fc_dims=512_seed0,cnn,0.17003553545475006,0.12877882338463797,0.011939094180152529,0.009023059928227984,0.1175367534160614,0.13241015982725654,143679,143679,50,0.47095001505754197,5,True,0.45456832695830385,0.3288458049535486,12,0.31855225563049316,0.1331901103258133,2,"[3, 3]","[64, 128]",[512],6903980,bc11u21n2,511.1,trial_0107_learning_rate=1.0e-04_history=5_kernel_sizes=3x3_conv_channels=64x128_fc_dims=512_seed0,b8aae2097b,trial_0107_learning_rate=1.0e-04_history=5_kernel_sizes=3x3_conv_channels=64x128_fc_dims=512_seed0
/scratch/sb272/patterns5k_results/slurm_hist_cnn_2026-03-05_16-01-45/trial_0107_learning_rate=1.0e-04_history=5_kernel_sizes=3x3_conv_channels=64x128_fc_dims=512_seed1,cnn,0.17178242349624634,0.12864082718175623,0.005797437259129116,0.005071556757366847,0.11880920082330704,0.13097725639392657,143679,143679,50,0.489517254087598,5,True,0.45456832695830385,0.3477822034802012,12,0.31855225563049316,0.13338252902030945,1,"[3, 3]","[64, 128]",[512],6903980,bc11u21n2,504.8,trial_0107_learning_rate=1.0e-04_history=5_kernel_sizes=3x3_conv_channels=64x128_fc_dims=512_seed1,b8aae2097b,trial_0107_learning_rate=1.0e-04_history=5_kernel_sizes=3x3_conv_channels=64x128_fc_dims=512_seed1
/scratch/sb272/patterns5k_results/slurm_hist_cnn_2026-03-05_16-01-45/trial_0108_learning_rate=1.0e-04_history=5_kernel_sizes=5x3_conv_channels=128x256_fc_dims=256_seed0,cnn,0.169885516166687,0.12736546975693322,0.010360777378082275,0.008719227616749113,0.11477647721767426,0.13026760630532022,248639,248639,50,0.4859964591128535,5,True,0.45456832695830385,0.35976043249712575,13,0.31855225563049316,0.13319416344165802,1,"[5, 3]","[128, 256]",[256],6903980,bc11u21n2,555.0,trial_0108_learning_rate=1.0e-04_history=5_kernel_sizes=5x3_conv_channels=128x256_fc_dims=256_seed0,69f52af29d,trial_0108_learning_rate=1.0e-04_history=5_kernel_sizes=5x3_conv_channels=128x256_fc_dims=256_seed0
/scratch/sb272/patterns5k_results/slurm_hist_cnn_2026-03-05_16-01-45/trial_0108_learning_rate=1.0e-04_history=5_kernel_sizes=5x3_conv_channels=128x256_fc_dims=256_seed1,cnn,0.16942978024482727,0.1337962452335916,0.011012311019594706,0.009869826218438528,0.12088332325220108,0.13903478713431208,248639,248639,50,0.521562766529217,5,True,0.45456832695830385,0.38564068901055604,13,0.31855225563049316,0.13982217013835907,2,"[5, 3]","[128, 256]",[256],6903980,bc11u21n2,552.7,trial_0108_learning_rate=1.0e-04_history=5_kernel_sizes=5x3_conv_channels=128x256_fc_dims=256_seed1,69f52af29d,trial_0108_learning_rate=1.0e-04_history=5_kernel_sizes=5x3_conv_channels=128x256_fc_dims=256_seed1
/scratch/sb272/patterns5k_results/slurm_hist_cnn_2026-03-05_16-01-45/trial_0109_learning_rate=1.0e-04_history=5_kernel_sizes=5x3_conv_channels=128x256_fc_dims=512_seed0,cnn,0.17109987103939056,0.13494604753840223,0.0028263585908072336,0.003975802943820045,0.12121402472257614,0.14010646319782388,330559,330559,50,0.512416995803548,5,True,0.45456832695830385,0.38173628712829166,13,0.31855225563049316,0.1407618224620819,2,"[5, 3]","[128, 256]",[512],6903980,bc11u21n2,658.1,trial_0109_learning_rate=1.0e-04_history=5_kernel_sizes=5x3_conv_channels=128x256_fc_dims=512_seed0,102a7f0bef,trial_0109_learning_rate=1.0e-04_history=5_kernel_sizes=5x3_conv_channels=128x256_fc_dims=512_seed0
/scratch/sb272/patterns5k_results/slurm_hist_cnn_2026-03-05_16-01-45/trial_0109_learning_rate=1.0e-04_history=5_kernel_sizes=5x3_conv_channels=128x256_fc_dims=512_seed1,cnn,0.16993708956241607,0.1377612164912142,0.007185457244751945,0.005831680600605313,0.12380661815404892,0.14058804847001477,330559,330559,50,0.5355608984799795,5,True,0.45456832695830385,0.4002980159374526,13,0.31855225563049316,0.14437830448150635,1,"[5, 3]","[128, 256]",[512],6903980,bc11u21n2,747.2,trial_0109_learning_rate=1.0e-04_history=5_kernel_sizes=5x3_conv_channels=128x256_fc_dims=512_seed1,102a7f0bef,trial_0109_learning_rate=1.0e-04_history=5_kernel_sizes=5x3_conv_channels=128x256_fc_dims=512_seed1
/scratch/sb272/patterns5k_results/slurm_hist_cnn_2026-03-05_16-01-45/trial_0110_learning_rate=1.0e-04_history=5_kernel_sizes=5x3_conv_channels=128x256_fc_dims=1024_seed0,cnn,0.17110669958591462,0.13842421901494814,0.0012119289428468734,0.0014463038671584357,0.1263190060853958,0.14104169467951633,494399,494399,50,0.5389716279443783,5,True,0.45456832695830385,0.39286655259311354,14,0.31855225563049316,0.14467588067054749,2,"[5, 3]","[128, 256]",[1024],6903980,bc11u21n2,901.5,trial_0110_learning_rate=1.0e-04_history=5_kernel_sizes=5x3_conv_channels=128x256_fc_dims=1024_seed0,fee63a5fa3,trial_0110_learning_rate=1.0e-04_history=5_kernel_sizes=5x3_conv_channels=128x256_fc_dims=1024_seed0
/scratch/sb272/patterns5k_results/slurm_hist_cnn_2026-03-05_16-01-45/trial_0110_learning_rate=1.0e-04_history=5_kernel_sizes=5x3_conv_channels=128x256_fc_dims=1024_seed1,cnn,0.17027891969680786,0.14024727387014232,0.00410623966701447,0.003327354552253844,0.12522554397583008,0.14761505752388324,494399,494399,50,0.5280620332150886,5,True,0.45456832695830385,0.3960377255249334,13,0.31855225563049316,0.14647844433784485,2,"[5, 3]","[128, 256]",[1024],6903980,bc11u21n2,862.7,trial_0110_learning_rate=1.0e-04_history=5_kernel_sizes=5x3_conv_channels=128x256_fc_dims=1024_seed1,fee63a5fa3,trial_0110_learning_rate=1.0e-04_history=5_kernel_sizes=5x3_conv_channels=128x256_fc_dims=1024_seed1
/scratch/sb272/patterns5k_results/slurm_hist_cnn_2026-03-05_16-01-45/trial_0111_learning_rate=1.0e-04_history=5_kernel_sizes=3x3x3_conv_channels=32x64x128_fc_dims=128_seed0,cnn,0.16899757158756257,0.11644987152465781,0.015262157197982545,0.012744988713945662,0.10576929152011871,0.11747513303292997,66111,66111,50,0.4346856140171222,5,True,0.45456832695830385,0.30733077685607885,13,0.31855225563049316,0.12047360837459564,1,"[3, 3, 3]","[32, 64, 128]",[128],6903980,bc11u21n2,553.1,trial_0111_learning_rate=1.0e-04_history=5_kernel_sizes=3x3x3_conv_channels=32x64x128_fc_dims=128_seed0,45065a2f43,trial_0111_learning_rate=1.0e-04_history=5_kernel_sizes=3x3x3_conv_channels=32x64x128_fc_dims=128_seed0
/scratch/sb272/patterns5k_results/slurm_hist_cnn_2026-03-05_16-01-45/trial_0111_learning_rate=1.0e-04_history=5_kernel_sizes=3x3x3_conv_channels=32x64x128_fc_dims=128_seed1,cnn,0.16856411850452424,0.11993419424532674,0.016912000519888743,0.013710697491963705,0.10816069692373276,0.1210116293638851,66111,66111,50,0.44411754624866845,5,True,0.45456832695830385,0.3254398075622721,14,0.31855225563049316,0.12441323697566986,1,"[3, 3, 3]","[32, 64, 128]",[128],6903980,bc11u21n2,543.3,trial_0111_learning_rate=1.0e-04_history=5_kernel_sizes=3x3x3_conv_channels=32x64x128_fc_dims=128_seed1,45065a2f43,trial_0111_learning_rate=1.0e-04_history=5_kernel_sizes=3x3x3_conv_channels=32x64x128_fc_dims=128_seed1
/scratch/sb272/patterns5k_results/slurm_hist_cnn_2026-03-05_16-01-45/trial_0112_learning_rate=1.0e-04_history=5_kernel_sizes=3x3x3_conv_channels=32x64x128_fc_dims=256_seed0,cnn,0.16859998857975006,0.12163390442841752,0.016736620002322726,0.013639370600382486,0.10939406603574753,0.12258121064195014,90687,90687,50,0.432649713119992,5,True,0.45456832695830385,0.3147974722615804,12,0.31855225563049316,0.12599028646945953,1,"[3, 3, 3]","[32, 64, 128]",[256],6903980,bc11u21n2,508.0,trial_0112_learning_rate=1.0e-04_history=5_kernel_sizes=3x3x3_conv_channels=32x64x128_fc_dims=256_seed0,637e6fe155,trial_0112_learning_rate=1.0e-04_history=5_kernel_sizes=3x3x3_conv_channels=32x64x128_fc_dims=256_seed0
/scratch/sb272/patterns5k_results/slurm_hist_cnn_2026-03-05_16-01-45/trial_0112_learning_rate=1.0e-04_history=5_kernel_sizes=3x3x3_conv_channels=32x64x128_fc_dims=256_seed1,cnn,0.168831955909729,0.1244948733026333,0.016573087563590397,0.015095471389709956,0.11615268141031265,0.12518438762130848,90687,90687,50,0.46411839031192903,5,True,0.45456832695830385,0.3199880715490006,13,0.31855225563049316,0.1287836730480194,1,"[3, 3, 3]","[32, 64, 128]",[256],6903980,bc11u21n2,521.3,trial_0112_learning_rate=1.0e-04_history=5_kernel_sizes=3x3x3_conv_channels=32x64x128_fc_dims=256_seed1,637e6fe155,trial_0112_learning_rate=1.0e-04_history=5_kernel_sizes=3x3x3_conv_channels=32x64x128_fc_dims=256_seed1
/scratch/sb272/patterns5k_results/slurm_hist_cnn_2026-03-05_16-01-45/trial_0113_learning_rate=1.0e-04_history=5_kernel_sizes=5x3x3_conv_channels=64x128x256_fc_dims=256_seed0,cnn,0.16627823293209076,0.1388173086212537,0.0229434711592538,0.0163396331999037,0.11857857555150986,0.1422926955691157,239807,239807,50,0.524197543257627,5,True,0.45456832695830385,0.39772171606368945,16,0.31855225563049316,0.14535082876682281,2,"[5, 3, 3]","[64, 128, 256]",[256],6903980,bc11u21n2,647.0,trial_0113_learning_rate=1.0e-04_history=5_kernel_sizes=5x3x3_conv_channels=64x128x256_fc_dims=256_seed0,8dd1a298bc,trial_0113_learning_rate=1.0e-04_history=5_kernel_sizes=5x3x3_conv_channels=64x128x256_fc_dims=256_seed0
/scratch/sb272/patterns5k_results/slurm_hist_cnn_2026-03-05_16-01-45/trial_0113_learning_rate=1.0e-04_history=5_kernel_sizes=5x3x3_conv_channels=64x128x256_fc_dims=256_seed1,cnn,0.16639605915546418,0.13799818152429946,0.023450590315319243,0.01685534677808247,0.11915064603090286,0.1448200569667879,239807,239807,50,0.5135920249624609,5,True,0.45456832695830385,0.3866080219060976,14,0.31855225563049316,0.1454760879278183,2,"[5, 3, 3]","[64, 128, 256]",[256],6903980,bc11u21n2,668.5,trial_0113_learning_rate=1.0e-04_history=5_kernel_sizes=5x3x3_conv_channels=64x128x256_fc_dims=256_seed1,8dd1a298bc,trial_0113_learning_rate=1.0e-04_history=5_kernel_sizes=5x3x3_conv_channels=64x128x256_fc_dims=256_seed1
/scratch/sb272/patterns5k_results/slurm_hist_cnn_2026-03-05_16-01-45/trial_0114_learning_rate=1.0e-04_history=5_kernel_sizes=5x3x3_conv_channels=64x128x256_fc_dims=512_seed0,cnn,0.1664895553588867,0.14092882789786237,0.021737541471208845,0.01720145202818371,0.1243668869137764,0.14604101044435466,321727,321727,50,0.5333407994012306,5,True,0.45456832695830385,0.39828118539202234,14,0.31855225563049316,0.14825907349586487,2,"[5, 3, 3]","[64, 128, 256]",[512],6903980,bc11u21n2,730.5,trial_0114_learning_rate=1.0e-04_history=5_kernel_sizes=5x3x3_conv_channels=64x128x256_fc_dims=512_seed0,9d264b4511,trial_0114_learning_rate=1.0e-04_history=5_kernel_sizes=5x3x3_conv_channels=64x128x256_fc_dims=512_seed0
/scratch/sb272/patterns5k_results/slurm_hist_cnn_2026-03-05_16-01-45/trial_0114_learning_rate=1.0e-04_history=5_kernel_sizes=5x3x3_conv_channels=64x128x256_fc_dims=512_seed1,cnn,0.1661673936843872,0.14172219745872192,0.022962475579882426,0.016772959913526262,0.12193681299686432,0.14918988970730876,321727,321727,50,0.5202155409233958,5,True,0.45456832695830385,0.3944885000995521,14,0.31855225563049316,0.14911307394504547,2,"[5, 3, 3]","[64, 128, 256]",[512],6903980,bc11u21n2,715.5,trial_0114_learning_rate=1.0e-04_history=5_kernel_sizes=5x3x3_conv_channels=64x128x256_fc_dims=512_seed1,9d264b4511,trial_0114_learning_rate=1.0e-04_history=5_kernel_sizes=5x3x3_conv_channels=64x128x256_fc_dims=512_seed1
/scratch/sb272/patterns5k_results/slurm_hist_cnn_2026-03-05_16-01-45/trial_0115_learning_rate=1.0e-04_history=5_kernel_sizes=5x3x3_conv_channels=64x128x256_fc_dims=1024_seed0,cnn,0.16715656757354735,0.14400245250295066,0.016818891442011274,0.013020229718041799,0.12489829212427139,0.1514636267524552,485567,485567,50,0.5490888213702265,5,True,0.45456832695830385,0.4070048756563149,16,0.31855225563049316,0.15095357596874237,2,"[5, 3, 3]","[64, 128, 256]",[1024],6903980,bc11u21n2,886.6,trial_0115_learning_rate=1.0e-04_history=5_kernel_sizes=5x3x3_conv_channels=64x128x256_fc_dims=1024_seed0,f3f1ee4be3,trial_0115_learning_rate=1.0e-04_history=5_kernel_sizes=5x3x3_conv_channels=64x128x256_fc_dims=1024_seed0
/scratch/sb272/patterns5k_results/slurm_hist_cnn_2026-03-05_16-01-45/trial_0115_learning_rate=1.0e-04_history=5_kernel_sizes=5x3x3_conv_channels=64x128x256_fc_dims=1024_seed1,cnn,0.16631158900260926,0.14505617386770872,0.020829100457448808,0.01674020290374756,0.12627452611923218,0.15195205372169068,485567,485567,50,0.5466523586645725,5,True,0.45456832695830385,0.40693725998338964,14,0.31855225563049316,0.15225434303283691,2,"[5, 3, 3]","[64, 128, 256]",[1024],6903980,bc11u21n2,887.0,trial_0115_learning_rate=1.0e-04_history=5_kernel_sizes=5x3x3_conv_channels=64x128x256_fc_dims=1024_seed1,f3f1ee4be3,trial_0115_learning_rate=1.0e-04_history=5_kernel_sizes=5x3x3_conv_channels=64x128x256_fc_dims=1024_seed1
/scratch/sb272/patterns5k_results/slurm_hist_cnn_2026-03-05_16-01-45/trial_0116_learning_rate=1.0e-04_history=5_kernel_sizes=3x3x3_conv_channels=128x128x128_fc_dims=256_seed0,cnn,0.16714860248565674,0.13252239997816767,0.020945192329467288,0.01596751951035999,0.11695873737335205,0.13826040961266137,188991,188991,50,0.5101485494498407,5,True,0.45456832695830385,0.3704578804134757,14,0.31855225563049316,0.13838903605937958,2,"[3, 3, 3]","[128, 128, 128]",[256],6903980,bc11u21n2,640.5,trial_0116_learning_rate=1.0e-04_history=5_kernel_sizes=3x3x3_conv_channels=128x128x128_fc_dims=256_seed0,ed1481e1c4,trial_0116_learning_rate=1.0e-04_history=5_kernel_sizes=3x3x3_conv_channels=128x128x128_fc_dims=256_seed0
/scratch/sb272/patterns5k_results/slurm_hist_cnn_2026-03-05_16-01-45/trial_0116_learning_rate=1.0e-04_history=5_kernel_sizes=3x3x3_conv_channels=128x128x128_fc_dims=256_seed1,cnn,0.16687848889827728,0.1370592070940881,0.022235041572934107,0.0173812158524044,0.12168686836957932,0.1406361530722619,188991,188991,50,0.5242462583306808,5,True,0.45456832695830385,0.378404552401483,13,0.31855225563049316,0.1433214545249939,1,"[3, 3, 3]","[128, 128, 128]",[256],6903980,bc11u21n2,615.6,trial_0116_learning_rate=1.0e-04_history=5_kernel_sizes=3x3x3_conv_channels=128x128x128_fc_dims=256_seed1,ed1481e1c4,trial_0116_learning_rate=1.0e-04_history=5_kernel_sizes=3x3x3_conv_channels=128x128x128_fc_dims=256_seed1
/scratch/sb272/patterns5k_results/slurm_hist_cnn_2026-03-05_16-01-45/trial_0117_learning_rate=1.0e-04_history=5_kernel_sizes=3x3x3_conv_channels=128x128x128_fc_dims=512_seed0,cnn,0.16721536886692048,0.13982900841956866,0.020230341525304885,0.015895357207646444,0.12291263788938522,0.14513780731977055,238143,238143,50,0.534439597004751,5,True,0.45456832695830385,0.3932519352650234,13,0.31855225563049316,0.14582085609436035,2,"[3, 3, 3]","[128, 128, 128]",[512],6903980,bc11u21n2,693.8,trial_0117_learning_rate=1.0e-04_history=5_kernel_sizes=3x3x3_conv_channels=128x128x128_fc_dims=512_seed0,52bb51b3e8,trial_0117_learning_rate=1.0e-04_history=5_kernel_sizes=3x3x3_conv_channels=128x128x128_fc_dims=512_seed0
/scratch/sb272/patterns5k_results/slurm_hist_cnn_2026-03-05_16-01-45/trial_0117_learning_rate=1.0e-04_history=5_kernel_sizes=3x3x3_conv_channels=128x128x128_fc_dims=512_seed1,cnn,0.16691523945331574,0.14140131153842553,0.021303333933391268,0.016639763400668188,0.12337834388017654,0.1464359893160387,238143,238143,50,0.5420882191338953,5,True,0.45456832695830385,0.39893223412951445,15,0.31855225563049316,0.14843624830245972,2,"[3, 3, 3]","[128, 128, 128]",[512],6903980,bc11u21n2,662.5,trial_0117_learning_rate=1.0e-04_history=5_kernel_sizes=3x3x3_conv_channels=128x128x128_fc_dims=512_seed1,52bb51b3e8,trial_0117_learning_rate=1.0e-04_history=5_kernel_sizes=3x3x3_conv_channels=128x128x128_fc_dims=512_seed1
/scratch/sb272/patterns5k_results/slurm_hist_cnn_2026-03-05_16-01-45/trial_0118_learning_rate=1.0e-04_history=5_kernel_sizes=3x3x3_conv_channels=256x256x256_fc_dims=512_seed0,cnn,0.1665993198156357,0.14276503181569627,0.02042130156168862,0.01505524203890846,0.12550659477710724,0.14778037438083158,640063,640063,50,0.5580930566186932,5,True,0.45456832695830385,0.40922162691122943,16,0.31855225563049316,0.1490340381860733,2,"[3, 3, 3]","[256, 256, 256]",[512],6903980,bc11u21n2,1010.1,trial_0118_learning_rate=1.0e-04_history=5_kernel_sizes=3x3x3_conv_channels=256x256x256_fc_dims=512_seed0,3e3421998a,trial_0118_learning_rate=1.0e-04_history=5_kernel_sizes=3x3x3_conv_channels=256x256x256_fc_dims=512_seed0
/scratch/sb272/patterns5k_results/slurm_hist_cnn_2026-03-05_16-01-45/trial_0118_learning_rate=1.0e-04_history=5_kernel_sizes=3x3x3_conv_channels=256x256x256_fc_dims=512_seed1,cnn,0.166401593208313,0.14575198803168618,0.02309152058192662,0.01500858673973689,0.12460193037986755,0.15258044218605415,640063,640063,50,0.5564458134058815,5,True,0.45456832695830385,0.40136521930567914,15,0.31855225563049316,0.1519201248884201,2,"[3, 3, 3]","[256, 256, 256]",[512],6903980,bc11u21n2,958.2,trial_0118_learning_rate=1.0e-04_history=5_kernel_sizes=3x3x3_conv_channels=256x256x256_fc_dims=512_seed1,3e3421998a,trial_0118_learning_rate=1.0e-04_history=5_kernel_sizes=3x3x3_conv_channels=256x256x256_fc_dims=512_seed1
/scratch/sb272/patterns5k_results/slurm_hist_cnn_2026-03-05_16-01-45/trial_0125_learning_rate=1.0e-04_history=10_kernel_sizes=5x3_conv_channels=128x256_fc_dims=1024_seed0,cnn,0.17122833049297334,0.13496374062054084,0.004020239625658307,-0.001751319756583562,0.12485010176897049,0.1371158995265845,494399,494399,50,0.5180432213308949,10,True,0.45456832695830385,0.3659738218400603,11,0.31855225563049316,0.1408882588148117,1,"[5, 3]","[128, 256]",[1024],6904079,bb6u19g1,498.0,trial_0125_learning_rate=1.0e-04_history=10_kernel_sizes=5x3_conv_channels=128x256_fc_dims=1024_seed0,7bbd42912f,trial_0125_learning_rate=1.0e-04_history=10_kernel_sizes=5x3_conv_channels=128x256_fc_dims=1024_seed0
/scratch/sb272/patterns5k_results/slurm_hist_cnn_2026-03-05_16-01-45/trial_0125_learning_rate=1.0e-04_history=10_kernel_sizes=5x3_conv_channels=128x256_fc_dims=1024_seed1,cnn,0.17243988335132598,0.13007205436794322,-0.0012252718683273074,-0.006008130217355395,0.11932504922151566,0.138704181377683,494399,494399,50,0.508950355708122,10,True,0.45456832695830385,0.3671018222027492,11,0.31855225563049316,0.1364513486623764,1,"[5, 3]","[128, 256]",[1024],6904079,bb6u19g1,489.5,trial_0125_learning_rate=1.0e-04_history=10_kernel_sizes=5x3_conv_channels=128x256_fc_dims=1024_seed1,7bbd42912f,trial_0125_learning_rate=1.0e-04_history=10_kernel_sizes=5x3_conv_channels=128x256_fc_dims=1024_seed1
/scratch/sb272/patterns5k_results/slurm_hist_cnn_2026-03-05_16-01-45/trial_0126_learning_rate=1.0e-04_history=10_kernel_sizes=3x3x3_conv_channels=32x64x128_fc_dims=128_seed0,cnn,0.16939760828018188,0.11413906183881117,0.014932144255865188,0.01137001741500128,0.10176913440227509,0.11448870873398237,66111,66111,50,0.37658557055901504,10,True,0.45456832695830385,0.26459905891050567,8,0.31855225563049316,0.11763347685337067,0,"[3, 3, 3]","[32, 64, 128]",[128],6904079,bb6u19g1,261.0,trial_0126_learning_rate=1.0e-04_history=10_kernel_sizes=3x3x3_conv_channels=32x64x128_fc_dims=128_seed0,ac05d1f4a2,trial_0126_learning_rate=1.0e-04_history=10_kernel_sizes=3x3x3_conv_channels=32x64x128_fc_dims=128_seed0
/scratch/sb272/patterns5k_results/slurm_hist_cnn_2026-03-05_16-01-45/trial_0126_learning_rate=1.0e-04_history=10_kernel_sizes=3x3x3_conv_channels=32x64x128_fc_dims=128_seed1,cnn,0.16931163358688356,0.11486594062035387,0.01568484211724902,0.011514912522028364,0.0998588427901268,0.11956639757814543,66111,66111,50,0.4102673420397885,10,True,0.45456832695830385,0.2804590841759512,8,0.31855225563049316,0.11854968965053558,0,"[3, 3, 3]","[32, 64, 128]",[128],6904079,bb6u19g1,260.6,trial_0126_learning_rate=1.0e-04_history=10_kernel_sizes=3x3x3_conv_channels=32x64x128_fc_dims=128_seed1,ac05d1f4a2,trial_0126_learning_rate=1.0e-04_history=10_kernel_sizes=3x3x3_conv_channels=32x64x128_fc_dims=128_seed1
/scratch/sb272/patterns5k_results/slurm_hist_cnn_2026-03-05_16-01-45/trial_0127_learning_rate=1.0e-04_history=10_kernel_sizes=3x3x3_conv_channels=32x64x128_fc_dims=256_seed0,cnn,0.16899653923511504,0.12062699757218584,0.016227790287562778,0.012262016061752562,0.10705587267875671,0.12289360748806345,90687,90687,50,0.41029934350816144,10,True,0.45456832695830385,0.2941294927625248,9,0.31855225563049316,0.12459474802017212,0,"[3, 3, 3]","[32, 64, 128]",[256],6904079,bb6u19g1,273.5,trial_0127_learning_rate=1.0e-04_history=10_kernel_sizes=3x3x3_conv_channels=32x64x128_fc_dims=256_seed0,c2d4bdff6e,trial_0127_learning_rate=1.0e-04_history=10_kernel_sizes=3x3x3_conv_channels=32x64x128_fc_dims=256_seed0
/scratch/sb272/patterns5k_results/slurm_hist_cnn_2026-03-05_16-01-45/trial_0127_learning_rate=1.0e-04_history=10_kernel_sizes=3x3x3_conv_channels=32x64x128_fc_dims=256_seed1,cnn,0.16950343215465546,0.11947479267685882,0.015074696805742051,0.010854336004408579,0.10591433942317963,0.12490391774174069,90687,90687,50,0.417331508826451,10,True,0.45456832695830385,0.28282754179846736,9,0.31855225563049316,0.12330861389636993,1,"[3, 3, 3]","[32, 64, 128]",[256],6904079,bb6u19g1,277.5,trial_0127_learning_rate=1.0e-04_history=10_kernel_sizes=3x3x3_conv_channels=32x64x128_fc_dims=256_seed1,c2d4bdff6e,trial_0127_learning_rate=1.0e-04_history=10_kernel_sizes=3x3x3_conv_channels=32x64x128_fc_dims=256_seed1
/scratch/sb272/patterns5k_results/slurm_hist_cnn_2026-03-05_16-01-45/trial_0128_learning_rate=1.0e-04_history=10_kernel_sizes=5x3x3_conv_channels=64x128x256_fc_dims=256_seed0,cnn,0.16736470341682433,0.13294194202111242,0.020140601529015437,0.01543439096874661,0.11906876415014267,0.13923789922371047,239807,239807,50,0.49387868375117067,10,True,0.45456832695830385,0.3608475051380373,12,0.31855225563049316,0.13958588242530823,1,"[5, 3, 3]","[64, 128, 256]",[256],6904079,bb6u19g1,361.9,trial_0128_learning_rate=1.0e-04_history=10_kernel_sizes=5x3x3_conv_channels=64x128x256_fc_dims=256_seed0,cd7170fd46,trial_0128_learning_rate=1.0e-04_history=10_kernel_sizes=5x3x3_conv_channels=64x128x256_fc_dims=256_seed0
/scratch/sb272/patterns5k_results/slurm_hist_cnn_2026-03-05_16-01-45/trial_0128_learning_rate=1.0e-04_history=10_kernel_sizes=5x3x3_conv_channels=64x128x256_fc_dims=256_seed1,cnn,0.16726297128200532,0.1369186412007321,0.021213283614506796,0.01606254634403047,0.12108129262924194,0.14422247822056122,239807,239807,50,0.4999875648282518,10,True,0.45456832695830385,0.366064630801885,12,0.31855225563049316,0.14389631152153015,1,"[5, 3, 3]","[64, 128, 256]",[256],6904079,bb6u19g1,356.4,trial_0128_learning_rate=1.0e-04_history=10_kernel_sizes=5x3x3_conv_channels=64x128x256_fc_dims=256_seed1,cd7170fd46,trial_0128_learning_rate=1.0e-04_history=10_kernel_sizes=5x3x3_conv_channels=64x128x256_fc_dims=256_seed1
/scratch/sb272/patterns5k_results/slurm_hist_cnn_2026-03-05_16-01-45/trial_0129_learning_rate=1.0e-04_history=10_kernel_sizes=5x3x3_conv_channels=64x128x256_fc_dims=512_seed0,cnn,0.16753475725650788,0.1359022135299641,0.01908110247717963,0.01299900005734156,0.11814291775226593,0.14517361113465216,321727,321727,50,0.5024645963112192,10,True,0.45456832695830385,0.36461875125817883,10,0.31855225563049316,0.14210370182991028,1,"[5, 3, 3]","[64, 128, 256]",[512],6904079,bb6u19g1,401.4,trial_0129_learning_rate=1.0e-04_history=10_kernel_sizes=5x3x3_conv_channels=64x128x256_fc_dims=512_seed0,543f8c3a36,trial_0129_learning_rate=1.0e-04_history=10_kernel_sizes=5x3x3_conv_channels=64x128x256_fc_dims=512_seed0
/scratch/sb272/patterns5k_results/slurm_hist_cnn_2026-03-05_16-01-45/trial_0129_learning_rate=1.0e-04_history=10_kernel_sizes=5x3x3_conv_channels=64x128x256_fc_dims=512_seed1,cnn,0.1668595209121704,0.13965839483395232,0.022483401828342013,0.01680733570976863,0.12319888174533844,0.14710924469071224,321727,321727,50,0.5264660059822248,10,True,0.45456832695830385,0.3805830065403335,11,0.31855225563049316,0.14695127308368683,1,"[5, 3, 3]","[64, 128, 256]",[512],6904079,bb6u19g1,398.8,trial_0129_learning_rate=1.0e-04_history=10_kernel_sizes=5x3x3_conv_channels=64x128x256_fc_dims=512_seed1,543f8c3a36,trial_0129_learning_rate=1.0e-04_history=10_kernel_sizes=5x3x3_conv_channels=64x128x256_fc_dims=512_seed1
/scratch/sb272/patterns5k_results/slurm_hist_cnn_2026-03-05_16-01-45/trial_0130_learning_rate=1.0e-04_history=10_kernel_sizes=5x3x3_conv_channels=64x128x256_fc_dims=1024_seed0,cnn,0.16844514632225036,0.13641022375749623,0.015577426978519984,0.01121657235281808,0.12088406085968018,0.1434214729205081,485567,485567,50,0.49999696466884996,10,True,0.45456832695830385,0.36625635441283294,11,0.31855225563049316,0.14283110201358795,1,"[5, 3, 3]","[64, 128, 256]",[1024],6904079,bb6u19g1,489.5,trial_0130_learning_rate=1.0e-04_history=10_kernel_sizes=5x3x3_conv_channels=64x128x256_fc_dims=1024_seed0,5a73875d17,trial_0130_learning_rate=1.0e-04_history=10_kernel_sizes=5x3x3_conv_channels=64x128x256_fc_dims=1024_seed0
/scratch/sb272/patterns5k_results/slurm_hist_cnn_2026-03-05_16-01-45/trial_0130_learning_rate=1.0e-04_history=10_kernel_sizes=5x3x3_conv_channels=64x128x256_fc_dims=1024_seed1,cnn,0.16816550970077515,0.14202483851233444,0.015235217790755014,0.01070689114313277,0.12654024362564087,0.14987563342390636,485567,485567,50,0.5233875382163041,10,True,0.45456832695830385,0.370225425636399,11,0.31855225563049316,0.14870058000087738,1,"[5, 3, 3]","[64, 128, 256]",[1024],6904079,bb6u19g1,500.3,trial_0130_learning_rate=1.0e-04_history=10_kernel_sizes=5x3x3_conv_channels=64x128x256_fc_dims=1024_seed1,5a73875d17,trial_0130_learning_rate=1.0e-04_history=10_kernel_sizes=5x3x3_conv_channels=64x128x256_fc_dims=1024_seed1
/scratch/sb272/patterns5k_results/slurm_hist_cnn_2026-03-05_16-01-45/trial_0131_learning_rate=1.0e-04_history=10_kernel_sizes=3x3x3_conv_channels=128x128x128_fc_dims=256_seed0,cnn,0.16827102208137512,0.12869246821772817,0.017712408588046118,0.011917927908518958,0.11164043843746185,0.13512209020600793,188991,188991,50,0.46915370184361704,10,True,0.45456832695830385,0.33634115066289466,11,0.31855225563049316,0.13397017121315002,1,"[3, 3, 3]","[128, 128, 128]",[256],6904079,bb6u19g1,326.8,trial_0131_learning_rate=1.0e-04_history=10_kernel_sizes=3x3x3_conv_channels=128x128x128_fc_dims=256_seed0,f106673a9d,trial_0131_learning_rate=1.0e-04_history=10_kernel_sizes=3x3x3_conv_channels=128x128x128_fc_dims=256_seed0
/scratch/sb272/patterns5k_results/slurm_hist_cnn_2026-03-05_16-01-45/trial_0131_learning_rate=1.0e-04_history=10_kernel_sizes=3x3x3_conv_channels=128x128x128_fc_dims=256_seed1,cnn,0.16749848103523254,0.13216269732034183,0.02104935191926502,0.01401386090687343,0.1118544265627861,0.1386765786419236,188991,188991,50,0.49297114811052956,10,True,0.45456832695830385,0.3441974167725555,10,0.31855225563049316,0.13771134614944458,1,"[3, 3, 3]","[128, 128, 128]",[256],6904079,bb6u19g1,319.8,trial_0131_learning_rate=1.0e-04_history=10_kernel_sizes=3x3x3_conv_channels=128x128x128_fc_dims=256_seed1,f106673a9d,trial_0131_learning_rate=1.0e-04_history=10_kernel_sizes=3x3x3_conv_channels=128x128x128_fc_dims=256_seed1
/scratch/sb272/patterns5k_results/slurm_hist_cnn_2026-03-05_16-01-45/trial_0132_learning_rate=1.0e-04_history=10_kernel_sizes=3x3x3_conv_channels=128x128x128_fc_dims=512_seed0,cnn,0.16748665535449983,0.13902649838733558,0.021807705599164205,0.01559420805128794,0.12187613546848297,0.1418693700455443,238143,238143,50,0.49829041155068565,10,True,0.45456832695830385,0.35083839333394073,9,0.31855225563049316,0.1447366327047348,2,"[3, 3, 3]","[128, 128, 128]",[512],6904079,bb6u19g1,353.6,trial_0132_learning_rate=1.0e-04_history=10_kernel_sizes=3x3x3_conv_channels=128x128x128_fc_dims=512_seed0,0f25dfd70b,trial_0132_learning_rate=1.0e-04_history=10_kernel_sizes=3x3x3_conv_channels=128x128x128_fc_dims=512_seed0
/scratch/sb272/patterns5k_results/slurm_hist_cnn_2026-03-05_16-01-45/trial_0132_learning_rate=1.0e-04_history=10_kernel_sizes=3x3x3_conv_channels=128x128x128_fc_dims=512_seed1,cnn,0.16812388145923615,0.13544857715520384,0.019109209378560383,0.012536046050843738,0.11772410571575165,0.1441564949700674,238143,238143,50,0.5061831693792849,10,True,0.45456832695830385,0.34806676259724245,9,0.31855225563049316,0.1409917175769806,1,"[3, 3, 3]","[128, 128, 128]",[512],6904079,bb6u19g1,365.1,trial_0132_learning_rate=1.0e-04_history=10_kernel_sizes=3x3x3_conv_channels=128x128x128_fc_dims=512_seed1,0f25dfd70b,trial_0132_learning_rate=1.0e-04_history=10_kernel_sizes=3x3x3_conv_channels=128x128x128_fc_dims=512_seed1
/scratch/sb272/patterns5k_results/slurm_hist_cnn_2026-03-05_16-01-45/trial_0133_learning_rate=1.0e-04_history=10_kernel_sizes=3x3x3_conv_channels=256x256x256_fc_dims=512_seed0,cnn,0.16719074523448943,0.1412289972020963,0.019976734168945798,0.011882054427313425,0.12232813984155655,0.14822140292165836,640063,640063,50,0.5397804520198229,10,True,0.45456832695830385,0.37658004663603734,11,0.31855225563049316,0.14712511003017426,2,"[3, 3, 3]","[256, 256, 256]",[512],6904079,bb6u19g1,559.1,trial_0133_learning_rate=1.0e-04_history=10_kernel_sizes=3x3x3_conv_channels=256x256x256_fc_dims=512_seed0,bfc445859c,trial_0133_learning_rate=1.0e-04_history=10_kernel_sizes=3x3x3_conv_channels=256x256x256_fc_dims=512_seed0
/scratch/sb272/patterns5k_results/slurm_hist_cnn_2026-03-05_16-01-45/trial_0133_learning_rate=1.0e-04_history=10_kernel_sizes=3x3x3_conv_channels=256x256x256_fc_dims=512_seed1,cnn,0.16703527259826662,0.14188832012999197,0.02069669867318774,0.011010850232744973,0.11973388493061066,0.1505348072163627,640063,640063,50,0.5500478512463757,10,True,0.45456832695830385,0.3842630033984364,11,0.31855225563049316,0.14830081164836884,2,"[3, 3, 3]","[256, 256, 256]",[512],6904079,bb6u19g1,561.2,trial_0133_learning_rate=1.0e-04_history=10_kernel_sizes=3x3x3_conv_channels=256x256x256_fc_dims=512_seed1,bfc445859c,trial_0133_learning_rate=1.0e-04_history=10_kernel_sizes=3x3x3_conv_channels=256x256x256_fc_dims=512_seed1
/scratch/sb272/patterns5k_results/slurm_hist_cnn_2026-03-05_16-01-45/trial_0134_learning_rate=1.0e-04_history=10_kernel_sizes=3x3x3_conv_channels=256x256x256_fc_dims=1024_seed0,cnn,0.16778400456905365,0.14243781000565792,0.01468057291848319,0.007369472866966611,0.12471714615821838,0.15134101626282329,803903,803903,50,0.534512573715751,10,True,0.45456832695830385,0.37850357593432277,10,0.31855225563049316,0.14858803153038025,1,"[3, 3, 3]","[256, 256, 256]",[1024],6904079,bb6u19g1,639.5,trial_0134_learning_rate=1.0e-04_history=10_kernel_sizes=3x3x3_conv_channels=256x256x256_fc_dims=1024_seed0,9582298cc9,trial_0134_learning_rate=1.0e-04_history=10_kernel_sizes=3x3x3_conv_channels=256x256x256_fc_dims=1024_seed0
/scratch/sb272/patterns5k_results/slurm_hist_cnn_2026-03-05_16-01-45/trial_0134_learning_rate=1.0e-04_history=10_kernel_sizes=3x3x3_conv_channels=256x256x256_fc_dims=1024_seed1,cnn,0.1680889880657196,0.14417024008009524,0.013119265200599792,0.00327132713227045,0.12315024435520172,0.15131185157469343,803903,803903,50,0.5265991174368322,10,True,0.45456832695830385,0.3771160817755822,10,0.31855225563049316,0.1505083292722702,1,"[3, 3, 3]","[256, 256, 256]",[1024],6904079,bb6u19g1,669.3,trial_0134_learning_rate=1.0e-04_history=10_kernel_sizes=3x3x3_conv_channels=256x256x256_fc_dims=1024_seed1,9582298cc9,trial_0134_learning_rate=1.0e-04_history=10_kernel_sizes=3x3x3_conv_channels=256x256x256_fc_dims=1024_seed1
/scratch/sb272/patterns5k_results/slurm_hist_cnn_2026-03-05_16-01-45/trial_0135_learning_rate=1.0e-04_history=20_kernel_sizes=3x3_conv_channels=64x128_fc_dims=128_seed0,cnn,0.17163857650756836,0.10911280361892631,0.008781523931594122,0.009209616789742121,0.10895121842622757,0.10722638691415633,69951,69951,50,0.359373285262281,20,True,0.45456832695830385,0.2557407264858267,5,0.31855225563049316,0.11193324625492096,0,"[3, 3]","[64, 128]",[128],6904079,bb6u19g1,260.9,trial_0135_learning_rate=1.0e-04_history=20_kernel_sizes=3x3_conv_channels=64x128_fc_dims=128_seed0,8b25ecfa59,trial_0135_learning_rate=1.0e-04_history=20_kernel_sizes=3x3_conv_channels=64x128_fc_dims=128_seed0
/scratch/sb272/patterns5k_results/slurm_hist_cnn_2026-03-05_16-01-45/trial_0135_learning_rate=1.0e-04_history=20_kernel_sizes=3x3_conv_channels=64x128_fc_dims=128_seed1,cnn,0.17164043152332306,0.10984585170993767,0.009516122795286634,0.009214212024022662,0.10839211940765381,0.11324057210799164,69951,69951,50,0.4117984352053805,20,True,0.45456832695830385,0.28929924927534445,6,0.31855225563049316,0.11339549720287323,0,"[3, 3]","[64, 128]",[128],6904079,bb6u19g1,259.4,trial_0135_learning_rate=1.0e-04_history=20_kernel_sizes=3x3_conv_channels=64x128_fc_dims=128_seed1,8b25ecfa59,trial_0135_learning_rate=1.0e-04_history=20_kernel_sizes=3x3_conv_channels=64x128_fc_dims=128_seed1
/scratch/sb272/patterns5k_results/slurm_hist_cnn_2026-03-05_16-01-45/trial_0136_learning_rate=1.0e-04_history=20_kernel_sizes=3x3_conv_channels=64x128_fc_dims=256_seed0,cnn,0.1719561970233917,0.11306228020607768,0.008238884191664438,0.008306023620423816,0.11211153864860535,0.10995321719301575,94527,94527,50,0.3928189113188373,20,True,0.45456832695830385,0.2861527256841896,6,0.31855225563049316,0.11659174412488937,0,"[3, 3]","[64, 128]",[256],6904079,bb6u19g1,273.9,trial_0136_learning_rate=1.0e-04_history=20_kernel_sizes=3x3_conv_channels=64x128_fc_dims=256_seed0,6e6e9f4c30,trial_0136_learning_rate=1.0e-04_history=20_kernel_sizes=3x3_conv_channels=64x128_fc_dims=256_seed0
/scratch/sb272/patterns5k_results/slurm_hist_cnn_2026-03-05_16-01-45/trial_0136_learning_rate=1.0e-04_history=20_kernel_sizes=3x3_conv_channels=64x128_fc_dims=256_seed1,cnn,0.1718701400756836,0.11349651160857012,0.008150032588413783,0.008351039318811326,0.11274944990873337,0.11975755743930487,94527,94527,50,0.4063331760781592,20,True,0.45456832695830385,0.29300851451926935,6,0.31855225563049316,0.11776170134544373,0,"[3, 3]","[64, 128]",[256],6904079,bb6u19g1,277.7,trial_0136_learning_rate=1.0e-04_history=20_kernel_sizes=3x3_conv_channels=64x128_fc_dims=256_seed1,6e6e9f4c30,trial_0136_learning_rate=1.0e-04_history=20_kernel_sizes=3x3_conv_channels=64x128_fc_dims=256_seed1
/scratch/sb272/patterns5k_results/slurm_hist_cnn_2026-03-05_16-01-45/trial_0137_learning_rate=1.0e-04_history=20_kernel_sizes=3x3_conv_channels=64x128_fc_dims=512_seed0,cnn,0.17188453447818755,0.12209280241134685,0.008403705226050483,0.009243857292901902,0.12240498512983322,0.1243715856118618,143679,143679,50,0.46503355846520494,20,True,0.45456832695830385,0.32816960613216883,7,0.31855225563049316,0.12698066234588623,1,"[3, 3]","[64, 128]",[512],6904079,bb6u19g1,306.2,trial_0137_learning_rate=1.0e-04_history=20_kernel_sizes=3x3_conv_channels=64x128_fc_dims=512_seed0,4b7de0e42a,trial_0137_learning_rate=1.0e-04_history=20_kernel_sizes=3x3_conv_channels=64x128_fc_dims=512_seed0
/scratch/sb272/patterns5k_results/slurm_hist_cnn_2026-03-05_16-01-45/trial_0137_learning_rate=1.0e-04_history=20_kernel_sizes=3x3_conv_channels=64x128_fc_dims=512_seed1,cnn,0.17224855732917785,0.12200378041992914,0.007880982898530505,0.008045651609935457,0.12104391306638718,0.12315524960048307,143679,143679,50,0.43907112725926273,20,True,0.45456832695830385,0.31967924870618564,6,0.31855225563049316,0.1267644315958023,1,"[3, 3]","[64, 128]",[512],6904079,bb6u19g1,296.1,trial_0137_learning_rate=1.0e-04_history=20_kernel_sizes=3x3_conv_channels=64x128_fc_dims=512_seed1,4b7de0e42a,trial_0137_learning_rate=1.0e-04_history=20_kernel_sizes=3x3_conv_channels=64x128_fc_dims=512_seed1
/scratch/sb272/patterns5k_results/slurm_hist_cnn_2026-03-05_16-01-45/trial_0138_learning_rate=1.0e-04_history=20_kernel_sizes=5x3_conv_channels=128x256_fc_dims=256_seed0,cnn,0.1722017651796341,0.11824153628439145,0.0050143542743864514,0.005261540412902832,0.11606565862894058,0.12228052614024974,248639,248639,50,0.43099589580239034,20,True,0.45456832695830385,0.31916867081824885,7,0.31855225563049316,0.12317405641078949,1,"[5, 3]","[128, 256]",[256],6904079,bb6u19g1,347.7,trial_0138_learning_rate=1.0e-04_history=20_kernel_sizes=5x3_conv_channels=128x256_fc_dims=256_seed0,01376c7fff,trial_0138_learning_rate=1.0e-04_history=20_kernel_sizes=5x3_conv_channels=128x256_fc_dims=256_seed0
/scratch/sb272/patterns5k_results/slurm_hist_cnn_2026-03-05_16-01-45/trial_0138_learning_rate=1.0e-04_history=20_kernel_sizes=5x3_conv_channels=128x256_fc_dims=256_seed1,cnn,0.17129432678222656,0.12523184234723042,0.007165798119136265,0.006754523231869652,0.12218233942985535,0.13127247724244537,248639,248639,50,0.48665338525273777,20,True,0.45456832695830385,0.35183773635598525,9,0.31855225563049316,0.13114504516124725,1,"[5, 3]","[128, 256]",[256],6904079,bb6u19g1,349.5,trial_0138_learning_rate=1.0e-04_history=20_kernel_sizes=5x3_conv_channels=128x256_fc_dims=256_seed1,01376c7fff,trial_0138_learning_rate=1.0e-04_history=20_kernel_sizes=5x3_conv_channels=128x256_fc_dims=256_seed1
/scratch/sb272/patterns5k_results/slurm_hist_cnn_2026-03-05_16-01-45/trial_0139_learning_rate=1.0e-04_history=20_kernel_sizes=5x3_conv_channels=128x256_fc_dims=512_seed0,cnn,0.17184624469280244,0.1300025277785834,0.0024110769468640523,0.0019363675798688615,0.1276925951242447,0.1328570792232805,330559,330559,50,0.5002423030703124,20,True,0.45456832695830385,0.3593957639837195,11,0.31855225563049316,0.1357206255197525,1,"[5, 3]","[128, 256]",[512],6904079,bb6u19g1,404.9,trial_0139_learning_rate=1.0e-04_history=20_kernel_sizes=5x3_conv_channels=128x256_fc_dims=512_seed0,1861233bfd,trial_0139_learning_rate=1.0e-04_history=20_kernel_sizes=5x3_conv_channels=128x256_fc_dims=512_seed0
/scratch/sb272/patterns5k_results/slurm_hist_cnn_2026-03-05_16-01-45/trial_0139_learning_rate=1.0e-04_history=20_kernel_sizes=5x3_conv_channels=128x256_fc_dims=512_seed1,cnn,0.17168690752983093,0.1267026717923341,0.005299308943370032,0.005108373505728585,0.12490859627723694,0.13182124665375916,330559,330559,50,0.47034678071944097,20,True,0.45456832695830385,0.34846215421809257,8,0.31855225563049316,0.13230323791503906,1,"[5, 3]","[128, 256]",[512],6904079,bb6u19g1,400.9,trial_0139_learning_rate=1.0e-04_history=20_kernel_sizes=5x3_conv_channels=128x256_fc_dims=512_seed1,1861233bfd,trial_0139_learning_rate=1.0e-04_history=20_kernel_sizes=5x3_conv_channels=128x256_fc_dims=512_seed1
/scratch/sb272/patterns5k_results/slurm_hist_cnn_2026-03-05_16-01-45/trial_0140_learning_rate=1.0e-04_history=20_kernel_sizes=5x3_conv_channels=128x256_fc_dims=1024_seed0,cnn,0.17303266084194183,0.12793983523420838,-0.0013646161745464991,-0.00042432641226147847,0.12731704115867615,0.13092231683483446,494399,494399,50,0.4688601103541349,20,True,0.45456832695830385,0.34042045240262564,8,0.31855225563049316,0.13332772254943848,1,"[5, 3]","[128, 256]",[1024],6904079,bb6u19g1,489.6,trial_0140_learning_rate=1.0e-04_history=20_kernel_sizes=5x3_conv_channels=128x256_fc_dims=1024_seed0,08d3231d9a,trial_0140_learning_rate=1.0e-04_history=20_kernel_sizes=5x3_conv_channels=128x256_fc_dims=1024_seed0
/scratch/sb272/patterns5k_results/slurm_hist_cnn_2026-03-05_16-01-45/trial_0140_learning_rate=1.0e-04_history=20_kernel_sizes=5x3_conv_channels=128x256_fc_dims=1024_seed1,cnn,0.17322787976264953,0.12339762577893858,-0.002375193058498322,-0.002291476915753077,0.12092617154121399,0.13352385121078475,494399,494399,50,0.47374648490988186,20,True,0.45456832695830385,0.34035794314509105,10,0.31855225563049316,0.12910117208957672,1,"[5, 3]","[128, 256]",[1024],6904079,bb6u19g1,487.9,trial_0140_learning_rate=1.0e-04_history=20_kernel_sizes=5x3_conv_channels=128x256_fc_dims=1024_seed1,08d3231d9a,trial_0140_learning_rate=1.0e-04_history=20_kernel_sizes=5x3_conv_channels=128x256_fc_dims=1024_seed1
/scratch/sb272/patterns5k_results/slurm_hist_cnn_2026-03-05_16-01-45/trial_0141_learning_rate=1.0e-04_history=20_kernel_sizes=3x3x3_conv_channels=32x64x128_fc_dims=128_seed0,cnn,0.17023681783676148,0.10739338178975243,0.013371862116314116,0.012476656172010634,0.10537304729223251,0.10674873211902489,66111,66111,50,0.3950740843334718,20,True,0.45456832695830385,0.26996618190788396,7,0.31855225563049316,0.1108648031949997,0,"[3, 3, 3]","[32, 64, 128]",[128],6904079,bb6u19g1,260.6,trial_0141_learning_rate=1.0e-04_history=20_kernel_sizes=3x3x3_conv_channels=32x64x128_fc_dims=128_seed0,893ce99714,trial_0141_learning_rate=1.0e-04_history=20_kernel_sizes=3x3x3_conv_channels=32x64x128_fc_dims=128_seed0
/scratch/sb272/patterns5k_results/slurm_hist_cnn_2026-03-05_16-01-45/trial_0141_learning_rate=1.0e-04_history=20_kernel_sizes=3x3x3_conv_channels=32x64x128_fc_dims=128_seed1,cnn,0.17045740401744844,0.10747770167282884,0.013133850362565782,0.012111143460349432,0.10382190346717834,0.11228817693471548,66111,66111,50,0.376506909527964,20,True,0.45456832695830385,0.2662589684568232,7,0.31855225563049316,0.11079446971416473,0,"[3, 3, 3]","[32, 64, 128]",[128],6904079,bb6u19g1,260.0,trial_0141_learning_rate=1.0e-04_history=20_kernel_sizes=3x3x3_conv_channels=32x64x128_fc_dims=128_seed1,893ce99714,trial_0141_learning_rate=1.0e-04_history=20_kernel_sizes=3x3x3_conv_channels=32x64x128_fc_dims=128_seed1
/scratch/sb272/patterns5k_results/slurm_hist_cnn_2026-03-05_16-01-45/trial_0142_learning_rate=1.0e-04_history=20_kernel_sizes=3x3x3_conv_channels=32x64x128_fc_dims=256_seed0,cnn,0.17067722618579864,0.11284535372770478,0.012506655284336634,0.012220244559030684,0.1103193610906601,0.11570103290320041,90687,90687,50,0.41476719353126973,20,True,0.45456832695830385,0.28009763093338896,5,0.31855225563049316,0.11608100682497025,0,"[3, 3, 3]","[32, 64, 128]",[256],6904079,bb6u19g1,275.8,trial_0142_learning_rate=1.0e-04_history=20_kernel_sizes=3x3x3_conv_channels=32x64x128_fc_dims=256_seed0,14d054e340,trial_0142_learning_rate=1.0e-04_history=20_kernel_sizes=3x3x3_conv_channels=32x64x128_fc_dims=256_seed0
/scratch/sb272/patterns5k_results/slurm_hist_cnn_2026-03-05_16-01-45/trial_0142_learning_rate=1.0e-04_history=20_kernel_sizes=3x3x3_conv_channels=32x64x128_fc_dims=256_seed1,cnn,0.17014340960979463,0.11291587990302392,0.014625632573687842,0.013850387126680404,0.11074894666671753,0.11836879983537782,90687,90687,50,0.40874838785914325,20,True,0.45456832695830385,0.28533388881361277,8,0.31855225563049316,0.11728238314390182,0,"[3, 3, 3]","[32, 64, 128]",[256],6904079,bb6u19g1,271.8,trial_0142_learning_rate=1.0e-04_history=20_kernel_sizes=3x3x3_conv_channels=32x64x128_fc_dims=256_seed1,14d054e340,trial_0142_learning_rate=1.0e-04_history=20_kernel_sizes=3x3x3_conv_channels=32x64x128_fc_dims=256_seed1
/scratch/sb272/patterns5k_results/slurm_hist_cnn_2026-03-05_16-01-45/trial_0143_learning_rate=1.0e-04_history=20_kernel_sizes=5x3x3_conv_channels=64x128x256_fc_dims=256_seed0,cnn,0.16895878660678865,0.12637641481933098,0.016970464161464145,0.015204467470683748,0.12090253829956055,0.13075380023575967,239807,239807,50,0.45960820423540094,20,True,0.45456832695830385,0.33347103553080015,11,0.31855225563049316,0.1315091997385025,1,"[5, 3, 3]","[64, 128, 256]",[256],6904079,bb6u19g1,359.3,trial_0143_learning_rate=1.0e-04_history=20_kernel_sizes=5x3x3_conv_channels=64x128x256_fc_dims=256_seed0,442d5a46af,trial_0143_learning_rate=1.0e-04_history=20_kernel_sizes=5x3x3_conv_channels=64x128x256_fc_dims=256_seed0
/scratch/sb272/patterns5k_results/slurm_hist_cnn_2026-03-05_16-01-45/trial_0143_learning_rate=1.0e-04_history=20_kernel_sizes=5x3x3_conv_channels=64x128x256_fc_dims=256_seed1,cnn,0.1687939587831497,0.12679915157386817,0.01805449194378323,0.016368974768926226,0.12266726046800613,0.13215621978663117,239807,239807,50,0.4865243635000576,20,True,0.45456832695830385,0.3494757046786794,9,0.31855225563049316,0.13301943242549896,1,"[5, 3, 3]","[64, 128, 256]",[256],6904079,bb6u19g1,363.7,trial_0143_learning_rate=1.0e-04_history=20_kernel_sizes=5x3x3_conv_channels=64x128x256_fc_dims=256_seed1,442d5a46af,trial_0143_learning_rate=1.0e-04_history=20_kernel_sizes=5x3x3_conv_channels=64x128x256_fc_dims=256_seed1
/scratch/sb272/patterns5k_results/slurm_hist_cnn_2026-03-05_16-01-45/trial_0144_learning_rate=1.0e-04_history=20_kernel_sizes=5x3x3_conv_channels=64x128x256_fc_dims=512_seed0,cnn,0.16892835390567779,0.1319009125487106,0.015869365798102483,0.014309430879259866,0.12732051312923431,0.13536589545035316,321727,321727,50,0.47773689768004074,20,True,0.45456832695830385,0.35289804866312297,10,0.31855225563049316,0.137949600815773,1,"[5, 3, 3]","[64, 128, 256]",[512],6904079,bb6u19g1,402.3,trial_0144_learning_rate=1.0e-04_history=20_kernel_sizes=5x3x3_conv_channels=64x128x256_fc_dims=512_seed0,6e855bd883,trial_0144_learning_rate=1.0e-04_history=20_kernel_sizes=5x3x3_conv_channels=64x128x256_fc_dims=512_seed0
/scratch/sb272/patterns5k_results/slurm_hist_cnn_2026-03-05_16-01-45/trial_0144_learning_rate=1.0e-04_history=20_kernel_sizes=5x3x3_conv_channels=64x128x256_fc_dims=512_seed1,cnn,0.168190474152565,0.13013564521514653,0.018610467040349566,0.01653828980430724,0.12704594433307648,0.1388651339343985,321727,321727,50,0.4982635311491345,20,True,0.45456832695830385,0.3544211313153438,11,0.31855225563049316,0.1359473466873169,1,"[5, 3, 3]","[64, 128, 256]",[512],6904079,bb6u19g1,409.4,trial_0144_learning_rate=1.0e-04_history=20_kernel_sizes=5x3x3_conv_channels=64x128x256_fc_dims=512_seed1,6e855bd883,trial_0144_learning_rate=1.0e-04_history=20_kernel_sizes=5x3x3_conv_channels=64x128x256_fc_dims=512_seed1
/scratch/sb272/patterns5k_results/slurm_hist_cnn_2026-03-05_16-01-45/trial_0145_learning_rate=1.0e-04_history=20_kernel_sizes=5x3x3_conv_channels=64x128x256_fc_dims=1024_seed0,cnn,0.17024094641208648,0.13164163870102988,0.01031202929360526,0.010381030657934763,0.12818282842636108,0.13549583928468945,485567,485567,50,0.4863608528408138,20,True,0.45456832695830385,0.3489490266520915,10,0.31855225563049316,0.13728338479995728,1,"[5, 3, 3]","[64, 128, 256]",[1024],6904079,bb6u19g1,496.0,trial_0145_learning_rate=1.0e-04_history=20_kernel_sizes=5x3x3_conv_channels=64x128x256_fc_dims=1024_seed0,82ef17a980,trial_0145_learning_rate=1.0e-04_history=20_kernel_sizes=5x3x3_conv_channels=64x128x256_fc_dims=1024_seed0
/scratch/sb272/patterns5k_results/slurm_hist_cnn_2026-03-05_16-01-45/trial_0145_learning_rate=1.0e-04_history=20_kernel_sizes=5x3x3_conv_channels=64x128x256_fc_dims=1024_seed1,cnn,0.1695228637456894,0.13368256348404853,0.010884665307544526,0.009507908707573301,0.1284879446029663,0.14308837737804392,485567,485567,50,0.4901900935233575,20,True,0.45456832695830385,0.3536294165005081,10,0.31855225563049316,0.13914327323436737,1,"[5, 3, 3]","[64, 128, 256]",[1024],6904079,bb6u19g1,498.6,trial_0145_learning_rate=1.0e-04_history=20_kernel_sizes=5x3x3_conv_channels=64x128x256_fc_dims=1024_seed1,82ef17a980,trial_0145_learning_rate=1.0e-04_history=20_kernel_sizes=5x3x3_conv_channels=64x128x256_fc_dims=1024_seed1
/scratch/sb272/patterns5k_results/slurm_hist_cnn_2026-03-05_16-01-45/trial_0146_learning_rate=1.0e-04_history=20_kernel_sizes=3x3x3_conv_channels=128x128x128_fc_dims=256_seed0,cnn,0.16867561316490173,0.12575761858680512,0.019059630613478405,0.016840804190862747,0.12053955346345901,0.12875525199344837,188991,188991,50,0.4867002012670802,20,True,0.45456832695830385,0.33535241787161946,10,0.31855225563049316,0.13026683032512665,0,"[3, 3, 3]","[128, 128, 128]",[256],6904079,bb6u19g1,357.3,trial_0146_learning_rate=1.0e-04_history=20_kernel_sizes=3x3x3_conv_channels=128x128x128_fc_dims=256_seed0,509996df51,trial_0146_learning_rate=1.0e-04_history=20_kernel_sizes=3x3x3_conv_channels=128x128x128_fc_dims=256_seed0
/scratch/sb272/patterns5k_results/slurm_hist_cnn_2026-03-05_16-01-45/trial_0146_learning_rate=1.0e-04_history=20_kernel_sizes=3x3x3_conv_channels=128x128x128_fc_dims=256_seed1,cnn,0.1683030025959015,0.1280926696130611,0.020755581439487518,0.018386612808893598,0.12412812560796738,0.13447768089422987,188991,188991,50,0.4905323413958115,20,True,0.45456832695830385,0.3461807694390074,9,0.31855225563049316,0.1328056901693344,0,"[3, 3, 3]","[128, 128, 128]",[256],6904079,bb6u19g1,376.6,trial_0146_learning_rate=1.0e-04_history=20_kernel_sizes=3x3x3_conv_channels=128x128x128_fc_dims=256_seed1,509996df51,trial_0146_learning_rate=1.0e-04_history=20_kernel_sizes=3x3x3_conv_channels=128x128x128_fc_dims=256_seed1
/scratch/sb272/patterns5k_results/slurm_hist_cnn_2026-03-05_16-01-45/trial_0147_learning_rate=1.0e-04_history=20_kernel_sizes=3x3x3_conv_channels=128x128x128_fc_dims=512_seed0,cnn,0.16909784436225891,0.12993909875865148,0.017342617587437704,0.015646823814937046,0.12424678355455399,0.13318756932259576,238143,238143,50,0.5122192028882949,20,True,0.45456832695830385,0.36399304035803787,11,0.31855225563049316,0.1356559842824936,1,"[3, 3, 3]","[128, 128, 128]",[512],6904079,bb6u19g1,403.4,trial_0147_learning_rate=1.0e-04_history=20_kernel_sizes=3x3x3_conv_channels=128x128x128_fc_dims=512_seed0,30755925db,trial_0147_learning_rate=1.0e-04_history=20_kernel_sizes=3x3x3_conv_channels=128x128x128_fc_dims=512_seed0
/scratch/sb272/patterns5k_results/slurm_hist_cnn_2026-03-05_16-01-45/trial_0147_learning_rate=1.0e-04_history=20_kernel_sizes=3x3x3_conv_channels=128x128x128_fc_dims=512_seed1,cnn,0.16951008987426758,0.12839777558635126,0.015696943752349368,0.014434182454669287,0.12464617937803268,0.13555557469031831,238143,238143,50,0.5083965623551442,20,True,0.45456832695830385,0.35543994695707604,10,0.31855225563049316,0.13375180959701538,1,"[3, 3, 3]","[128, 128, 128]",[512],6904079,bb6u19g1,404.0,trial_0147_learning_rate=1.0e-04_history=20_kernel_sizes=3x3x3_conv_channels=128x128x128_fc_dims=512_seed1,30755925db,trial_0147_learning_rate=1.0e-04_history=20_kernel_sizes=3x3x3_conv_channels=128x128x128_fc_dims=512_seed1
/scratch/sb272/patterns5k_results/slurm_hist_cnn_2026-03-05_16-01-45/trial_0148_learning_rate=1.0e-04_history=20_kernel_sizes=3x3x3_conv_channels=256x256x256_fc_dims=512_seed0,cnn,0.16855633056163788,0.13650199152528758,0.016834299715738448,0.012506625955066984,0.1300298422574997,0.14052936485749576,640063,640063,50,0.5047970960904896,20,True,0.45456832695830385,0.36395245947291627,11,0.31855225563049316,0.1415453851222992,1,"[3, 3, 3]","[256, 256, 256]",[512],6904079,bb6u19g1,661.4,trial_0148_learning_rate=1.0e-04_history=20_kernel_sizes=3x3x3_conv_channels=256x256x256_fc_dims=512_seed0,42889d8823,trial_0148_learning_rate=1.0e-04_history=20_kernel_sizes=3x3x3_conv_channels=256x256x256_fc_dims=512_seed0
/scratch/sb272/patterns5k_results/slurm_hist_cnn_2026-03-05_16-01-45/trial_0148_learning_rate=1.0e-04_history=20_kernel_sizes=3x3x3_conv_channels=256x256x256_fc_dims=512_seed1,cnn,0.16902914607524872,0.13465242158428092,0.014992416851104253,0.012024611707717653,0.12938502430915833,0.14149204742289792,640063,640063,50,0.5310500097149883,20,True,0.45456832695830385,0.3769028488959914,11,0.31855225563049316,0.14052937924861908,1,"[3, 3, 3]","[256, 256, 256]",[512],6904079,bb6u19g1,667.2,trial_0148_learning_rate=1.0e-04_history=20_kernel_sizes=3x3x3_conv_channels=256x256x256_fc_dims=512_seed1,42889d8823,trial_0148_learning_rate=1.0e-04_history=20_kernel_sizes=3x3x3_conv_channels=256x256x256_fc_dims=512_seed1
/scratch/sb272/patterns5k_results/slurm_hist_cnn_2026-03-05_16-01-45/trial_0149_learning_rate=1.0e-04_history=20_kernel_sizes=3x3x3_conv_channels=256x256x256_fc_dims=1024_seed0,cnn,0.17000322079658509,0.13609935729785896,0.00638234709936475,0.0029840668042500815,0.13034912943840027,0.14243117699497018,803903,803903,50,0.5226236741915543,20,True,0.45456832695830385,0.3688794054102187,9,0.31855225563049316,0.14176106452941895,1,"[3, 3, 3]","[256, 256, 256]",[1024],6904079,bb6u19g1,680.3,trial_0149_learning_rate=1.0e-04_history=20_kernel_sizes=3x3x3_conv_channels=256x256x256_fc_dims=1024_seed0,5dbaa9cdc5,trial_0149_learning_rate=1.0e-04_history=20_kernel_sizes=3x3x3_conv_channels=256x256x256_fc_dims=1024_seed0
/scratch/sb272/patterns5k_results/slurm_hist_cnn_2026-03-05_16-01-45/trial_0149_learning_rate=1.0e-04_history=20_kernel_sizes=3x3x3_conv_channels=256x256x256_fc_dims=1024_seed1,cnn,0.1696615790128708,0.13392543042983565,0.008879267034076509,0.0064037735500032935,0.12839984893798828,0.1445328686107579,803903,803903,50,0.5167758514245863,20,True,0.45456832695830385,0.3686795549236016,10,0.31855225563049316,0.13960148394107819,1,"[3, 3, 3]","[256, 256, 256]",[1024],6904079,bb6u19g1,655.8,trial_0149_learning_rate=1.0e-04_history=20_kernel_sizes=3x3x3_conv_channels=256x256x256_fc_dims=1024_seed1,5dbaa9cdc5,trial_0149_learning_rate=1.0e-04_history=20_kernel_sizes=3x3x3_conv_channels=256x256x256_fc_dims=1024_seed1
/scratch/sb272/patterns5k_results/slurm_hist_cnn_2026-03-05_16-01-45/trial_0150_learning_rate=1.0e-04_history=1_kernel_sizes=3x3_conv_channels=64x128_fc_dims=128_seed0,cnn,0.15828367459774018,0.21022990107804096,0.04982766650971912,0.0006725447518484933,0.08443719148635864,0.21442644952910986,69951,69951,50,0.6436940430925416,1,True,0.45456832695830385,0.5347689566742806,42,0.31855225563049316,0.2180292010307312,8,"[3, 3]","[64, 128]",[128],6904091,bb6u17g1,419.7,trial_0150_learning_rate=1.0e-04_history=1_kernel_sizes=3x3_conv_channels=64x128_fc_dims=128_seed0,8d1f529b39,trial_0150_learning_rate=1.0e-04_history=1_kernel_sizes=3x3_conv_channels=64x128_fc_dims=128_seed0
/scratch/sb272/patterns5k_results/slurm_hist_cnn_2026-03-05_16-01-45/trial_0150_learning_rate=1.0e-04_history=1_kernel_sizes=3x3_conv_channels=64x128_fc_dims=128_seed1,cnn,0.15807152116298676,0.20546289370782875,0.04840016175830175,-0.0041760726580544125,0.07564583420753479,0.2118031678392565,69951,69951,50,0.643549221599568,1,True,0.45456832695830385,0.5324815229309218,39,0.31855225563049316,0.2132551223039627,7,"[3, 3]","[64, 128]",[128],6904091,bb6u17g1,402.1,trial_0150_learning_rate=1.0e-04_history=1_kernel_sizes=3x3_conv_channels=64x128_fc_dims=128_seed1,8d1f529b39,trial_0150_learning_rate=1.0e-04_history=1_kernel_sizes=3x3_conv_channels=64x128_fc_dims=128_seed1
/scratch/sb272/patterns5k_results/slurm_hist_cnn_2026-03-05_16-01-45/trial_0151_learning_rate=1.0e-04_history=1_kernel_sizes=3x3_conv_channels=64x128_fc_dims=256_seed0,cnn,0.1574575163125992,0.21659922161023917,0.05245836291994367,7.34575211055695e-05,0.08711421489715576,0.22336149859093954,94527,94527,50,0.6689841868430488,1,True,0.45456832695830385,0.5540926848758606,47,0.31855225563049316,0.22490166127681732,8,"[3, 3]","[64, 128]",[256],6904091,bb6u17g1,445.5,trial_0151_learning_rate=1.0e-04_history=1_kernel_sizes=3x3_conv_channels=64x128_fc_dims=256_seed0,fa1110959c,trial_0151_learning_rate=1.0e-04_history=1_kernel_sizes=3x3_conv_channels=64x128_fc_dims=256_seed0
/scratch/sb272/patterns5k_results/slurm_hist_cnn_2026-03-05_16-01-45/trial_0151_learning_rate=1.0e-04_history=1_kernel_sizes=3x3_conv_channels=64x128_fc_dims=256_seed1,cnn,0.1574747862815857,0.2165183147180725,0.053060981962415904,0.0005252304531279064,0.08689302951097488,0.2230223464438687,94527,94527,50,0.6710432776706178,1,True,0.45456832695830385,0.5579364656269102,45,0.31855225563049316,0.2251160591840744,8,"[3, 3]","[64, 128]",[256],6904091,bb6u17g1,443.5,trial_0151_learning_rate=1.0e-04_history=1_kernel_sizes=3x3_conv_channels=64x128_fc_dims=256_seed1,fa1110959c,trial_0151_learning_rate=1.0e-04_history=1_kernel_sizes=3x3_conv_channels=64x128_fc_dims=256_seed1
/scratch/sb272/patterns5k_results/slurm_hist_cnn_2026-03-05_16-01-45/trial_0152_learning_rate=1.0e-04_history=1_kernel_sizes=3x3_conv_channels=64x128_fc_dims=512_seed0,cnn,0.15766099309921264,0.22286530754806383,0.05474963169249277,0.004851847413986448,0.09786075353622437,0.2292507334269121,143679,143679,50,0.6814198457660293,1,True,0.45456832695830385,0.5720712490792662,48,0.31855225563049316,0.23198918998241425,10,"[3, 3]","[64, 128]",[512],6904091,bb6u17g1,502.9,trial_0152_learning_rate=1.0e-04_history=1_kernel_sizes=3x3_conv_channels=64x128_fc_dims=512_seed0,534253e96c,trial_0152_learning_rate=1.0e-04_history=1_kernel_sizes=3x3_conv_channels=64x128_fc_dims=512_seed0
/scratch/sb272/patterns5k_results/slurm_hist_cnn_2026-03-05_16-01-45/trial_0152_learning_rate=1.0e-04_history=1_kernel_sizes=3x3_conv_channels=64x128_fc_dims=512_seed1,cnn,0.15798422467708587,0.21938138639709961,0.05160530881276206,0.002370158831278483,0.08981103450059891,0.22759974350565032,143679,143679,50,0.6783593336359378,1,True,0.45456832695830385,0.5690887039955018,48,0.31855225563049316,0.22835694253444672,9,"[3, 3]","[64, 128]",[512],6904091,bb6u17g1,507.5,trial_0152_learning_rate=1.0e-04_history=1_kernel_sizes=3x3_conv_channels=64x128_fc_dims=512_seed1,534253e96c,trial_0152_learning_rate=1.0e-04_history=1_kernel_sizes=3x3_conv_channels=64x128_fc_dims=512_seed1
/scratch/sb272/patterns5k_results/slurm_hist_cnn_2026-03-05_16-01-45/trial_0153_learning_rate=1.0e-04_history=1_kernel_sizes=5x3_conv_channels=128x256_fc_dims=256_seed0,cnn,0.1560609496831894,0.23727663709910082,0.05865586939312163,0.0008149024039979965,0.0867118388414383,0.2465343478162211,248639,248639,50,0.7150784590745147,1,True,0.45456832695830385,0.6007066558186968,51,0.31855225563049316,0.24772468209266663,11,"[5, 3]","[128, 256]",[256],6904091,bb6u17g1,568.8,trial_0153_learning_rate=1.0e-04_history=1_kernel_sizes=5x3_conv_channels=128x256_fc_dims=256_seed0,d4e712f03c,trial_0153_learning_rate=1.0e-04_history=1_kernel_sizes=5x3_conv_channels=128x256_fc_dims=256_seed0
/scratch/sb272/patterns5k_results/slurm_hist_cnn_2026-03-05_16-01-45/trial_0153_learning_rate=1.0e-04_history=1_kernel_sizes=5x3_conv_channels=128x256_fc_dims=256_seed1,cnn,0.15606265044212342,0.2394073721448141,0.05896780793628995,0.0014421958771962968,0.08621776103973389,0.24845218249851742,248639,248639,50,0.7162888465821778,1,True,0.45456832695830385,0.6048816413002805,51,0.31855225563049316,0.25002044439315796,12,"[5, 3]","[128, 256]",[256],6904091,bb6u17g1,579.1,trial_0153_learning_rate=1.0e-04_history=1_kernel_sizes=5x3_conv_channels=128x256_fc_dims=256_seed1,d4e712f03c,trial_0153_learning_rate=1.0e-04_history=1_kernel_sizes=5x3_conv_channels=128x256_fc_dims=256_seed1
/scratch/sb272/patterns5k_results/slurm_hist_cnn_2026-03-05_16-01-45/trial_0154_learning_rate=1.0e-04_history=1_kernel_sizes=5x3_conv_channels=128x256_fc_dims=512_seed0,cnn,0.15587931632995605,0.24369296073976057,0.05616284173632425,0.00012411673863728842,0.08648301661014557,0.2512897316961358,330559,330559,50,0.7283032552859078,1,True,0.45456832695830385,0.61592837065017,55,0.31855225563049316,0.25430330634117126,12,"[5, 3]","[128, 256]",[512],6904091,bb6u17g1,654.4,trial_0154_learning_rate=1.0e-04_history=1_kernel_sizes=5x3_conv_channels=128x256_fc_dims=512_seed0,66584355ea,trial_0154_learning_rate=1.0e-04_history=1_kernel_sizes=5x3_conv_channels=128x256_fc_dims=512_seed0
/scratch/sb272/patterns5k_results/slurm_hist_cnn_2026-03-05_16-01-45/trial_0154_learning_rate=1.0e-04_history=1_kernel_sizes=5x3_conv_channels=128x256_fc_dims=512_seed1,cnn,0.15520069217681884,0.2419956314312773,0.06018882516830686,-0.0011418064435323079,0.08344761282205582,0.25064396358931396,330559,330559,50,0.7339251615616071,1,True,0.45456832695830385,0.6188949488833024,54,0.31855225563049316,0.25312569737434387,13,"[5, 3]","[128, 256]",[512],6904091,bb6u17g1,657.3,trial_0154_learning_rate=1.0e-04_history=1_kernel_sizes=5x3_conv_channels=128x256_fc_dims=512_seed1,66584355ea,trial_0154_learning_rate=1.0e-04_history=1_kernel_sizes=5x3_conv_channels=128x256_fc_dims=512_seed1
/scratch/sb272/patterns5k_results/slurm_hist_cnn_2026-03-05_16-01-45/trial_0155_learning_rate=1.0e-04_history=1_kernel_sizes=5x3_conv_channels=128x256_fc_dims=1024_seed0,cnn,0.15563738870620727,0.244012737097274,0.055806218631683835,-0.00021571677828591967,0.08656025677919388,0.25402587512849345,494399,494399,50,0.7388164076588108,1,True,0.45456832695830385,0.6214102640179966,57,0.31855225563049316,0.2549496591091156,13,"[5, 3]","[128, 256]",[1024],6904091,bb6u17g1,824.4,trial_0155_learning_rate=1.0e-04_history=1_kernel_sizes=5x3_conv_channels=128x256_fc_dims=1024_seed0,344c6775cb,trial_0155_learning_rate=1.0e-04_history=1_kernel_sizes=5x3_conv_channels=128x256_fc_dims=1024_seed0
/scratch/sb272/patterns5k_results/slurm_hist_cnn_2026-03-05_16-01-45/trial_0155_learning_rate=1.0e-04_history=1_kernel_sizes=5x3_conv_channels=128x256_fc_dims=1024_seed1,cnn,0.15553666925430298,0.2437290353847147,0.05563121466409592,0.0001927434451996334,0.0887538343667984,0.2525679998989078,494399,494399,50,0.7310611631645197,1,True,0.45456832695830385,0.6207995656782133,54,0.31855225563049316,0.2546420097351074,12,"[5, 3]","[128, 256]",[1024],6904091,bb6u17g1,817.3,trial_0155_learning_rate=1.0e-04_history=1_kernel_sizes=5x3_conv_channels=128x256_fc_dims=1024_seed1,344c6775cb,trial_0155_learning_rate=1.0e-04_history=1_kernel_sizes=5x3_conv_channels=128x256_fc_dims=1024_seed1
/scratch/sb272/patterns5k_results/slurm_hist_cnn_2026-03-05_16-01-45/trial_0156_learning_rate=1.0e-04_history=1_kernel_sizes=3x3x3_conv_channels=32x64x128_fc_dims=128_seed0,cnn,0.15697991144657136,0.19885846367869153,0.0476135460157243,-0.01179188016861204,0.053986866027116776,0.20137981215844183,66111,66111,50,0.6077509680741467,1,True,0.45456832695830385,0.48924527504815596,35,0.31855225563049316,0.20542120933532715,7,"[3, 3, 3]","[32, 64, 128]",[128],6904091,bb6u17g1,433.1,trial_0156_learning_rate=1.0e-04_history=1_kernel_sizes=3x3x3_conv_channels=32x64x128_fc_dims=128_seed0,55edcdf158,trial_0156_learning_rate=1.0e-04_history=1_kernel_sizes=3x3x3_conv_channels=32x64x128_fc_dims=128_seed0
/scratch/sb272/patterns5k_results/slurm_hist_cnn_2026-03-05_16-01-45/trial_0156_learning_rate=1.0e-04_history=1_kernel_sizes=3x3x3_conv_channels=32x64x128_fc_dims=128_seed1,cnn,0.1567198997735977,0.20000441661819507,0.0481432733081636,-0.011733470455048576,0.05096230283379555,0.20418751483409112,66111,66111,50,0.6048028630762713,1,True,0.45456832695830385,0.4895522490977071,35,0.31855225563049316,0.20640218257904053,7,"[3, 3, 3]","[32, 64, 128]",[128],6904091,bb6u17g1,428.1,trial_0156_learning_rate=1.0e-04_history=1_kernel_sizes=3x3x3_conv_channels=32x64x128_fc_dims=128_seed1,55edcdf158,trial_0156_learning_rate=1.0e-04_history=1_kernel_sizes=3x3x3_conv_channels=32x64x128_fc_dims=128_seed1
/scratch/sb272/patterns5k_results/slurm_hist_cnn_2026-03-05_16-01-45/trial_0157_learning_rate=1.0e-04_history=1_kernel_sizes=3x3x3_conv_channels=32x64x128_fc_dims=256_seed0,cnn,0.1564929052591324,0.20347494730408006,0.049159494657365105,-0.011927436268518842,0.05552878975868225,0.20747709468105174,90687,90687,50,0.6309686533237187,1,True,0.45456832695830385,0.5058135963620409,40,0.31855225563049316,0.2106216549873352,7,"[3, 3, 3]","[32, 64, 128]",[256],6904091,bb6u17g1,465.2,trial_0157_learning_rate=1.0e-04_history=1_kernel_sizes=3x3x3_conv_channels=32x64x128_fc_dims=256_seed0,57cc49c0ce,trial_0157_learning_rate=1.0e-04_history=1_kernel_sizes=3x3x3_conv_channels=32x64x128_fc_dims=256_seed0
/scratch/sb272/patterns5k_results/slurm_hist_cnn_2026-03-05_16-01-45/trial_0157_learning_rate=1.0e-04_history=1_kernel_sizes=3x3x3_conv_channels=32x64x128_fc_dims=256_seed1,cnn,0.15703004038333893,0.20467019852839732,0.04905101798829578,-0.0071862491350325325,0.060778554528951645,0.21072896387611958,90687,90687,50,0.6099009915590872,1,True,0.45456832695830385,0.4992874545528771,38,0.31855225563049316,0.21174120903015137,7,"[3, 3, 3]","[32, 64, 128]",[256],6904091,bb6u17g1,451.3,trial_0157_learning_rate=1.0e-04_history=1_kernel_sizes=3x3x3_conv_channels=32x64x128_fc_dims=256_seed1,57cc49c0ce,trial_0157_learning_rate=1.0e-04_history=1_kernel_sizes=3x3x3_conv_channels=32x64x128_fc_dims=256_seed1
/scratch/sb272/patterns5k_results/slurm_hist_cnn_2026-03-05_16-01-45/trial_0158_learning_rate=1.0e-04_history=1_kernel_sizes=5x3x3_conv_channels=64x128x256_fc_dims=256_seed0,cnn,0.15321969532966614,0.2311766824109648,0.06521828496266925,-0.014288046057262117,0.05579710379242897,0.23883360198635703,239807,239807,50,0.6815659785982178,1,True,0.45456832695830385,0.561349706193514,49,0.31855225563049316,0.24070964753627777,12,"[5, 3, 3]","[64, 128, 256]",[256],6904091,bb6u17g1,596.6,trial_0158_learning_rate=1.0e-04_history=1_kernel_sizes=5x3x3_conv_channels=64x128x256_fc_dims=256_seed0,e427cbaa94,trial_0158_learning_rate=1.0e-04_history=1_kernel_sizes=5x3x3_conv_channels=64x128x256_fc_dims=256_seed0
/scratch/sb272/patterns5k_results/slurm_hist_cnn_2026-03-05_16-01-45/trial_0158_learning_rate=1.0e-04_history=1_kernel_sizes=5x3x3_conv_channels=64x128x256_fc_dims=256_seed1,cnn,0.15260240161418914,0.23225270189908095,0.06713340585193937,-0.01718306163000682,0.05388099327683449,0.23994688530555952,239807,239807,50,0.6954134765006629,1,True,0.45456832695830385,0.5704250974401258,47,0.31855225563049316,0.24231374263763428,12,"[5, 3, 3]","[64, 128, 256]",[256],6904091,bb6u17g1,584.8,trial_0158_learning_rate=1.0e-04_history=1_kernel_sizes=5x3x3_conv_channels=64x128x256_fc_dims=256_seed1,e427cbaa94,trial_0158_learning_rate=1.0e-04_history=1_kernel_sizes=5x3x3_conv_channels=64x128x256_fc_dims=256_seed1
/scratch/sb272/patterns5k_results/slurm_hist_cnn_2026-03-05_16-01-45/trial_0159_learning_rate=1.0e-04_history=1_kernel_sizes=5x3x3_conv_channels=64x128x256_fc_dims=512_seed0,cnn,0.15240542733669282,0.23701432999770208,0.06847648961203438,-0.015117613096085806,0.058222319930791855,0.2443328995933075,321727,321727,50,0.7012986389133233,1,True,0.45456832695830385,0.5756787483712497,50,0.31855225563049316,0.24648429453372955,13,"[5, 3, 3]","[64, 128, 256]",[512],6904091,bb6u17g1,679.5,trial_0159_learning_rate=1.0e-04_history=1_kernel_sizes=5x3x3_conv_channels=64x128x256_fc_dims=512_seed0,20a6829100,trial_0159_learning_rate=1.0e-04_history=1_kernel_sizes=5x3x3_conv_channels=64x128x256_fc_dims=512_seed0
/scratch/sb272/patterns5k_results/slurm_hist_cnn_2026-03-05_16-01-45/trial_0159_learning_rate=1.0e-04_history=1_kernel_sizes=5x3x3_conv_channels=64x128x256_fc_dims=512_seed1,cnn,0.15234351980686187,0.2380632140603872,0.06893667058339195,-0.014775028304448204,0.058872926980257034,0.24651155926446483,321727,321727,50,0.7100051582566225,1,True,0.45456832695830385,0.5816435427657763,51,0.31855225563049316,0.2478809356689453,13,"[5, 3, 3]","[64, 128, 256]",[512],6904091,bb6u17g1,667.7,trial_0159_learning_rate=1.0e-04_history=1_kernel_sizes=5x3x3_conv_channels=64x128x256_fc_dims=512_seed1,20a6829100,trial_0159_learning_rate=1.0e-04_history=1_kernel_sizes=5x3x3_conv_channels=64x128x256_fc_dims=512_seed1
/scratch/sb272/patterns5k_results/slurm_hist_cnn_2026-03-05_16-01-45/trial_0160_learning_rate=1.0e-04_history=1_kernel_sizes=5x3x3_conv_channels=64x128x256_fc_dims=1024_seed0,cnn,0.1523486691713333,0.23989899927896477,0.06856079990901644,-0.011619790205879816,0.06302017718553543,0.24892949880622017,485567,485567,50,0.7099276728778386,1,True,0.45456832695830385,0.5828807793097972,50,0.31855225563049316,0.249948188662529,14,"[5, 3, 3]","[64, 128, 256]",[1024],6904091,bb6u17g1,846.3,trial_0160_learning_rate=1.0e-04_history=1_kernel_sizes=5x3x3_conv_channels=64x128x256_fc_dims=1024_seed0,3e671343f9,trial_0160_learning_rate=1.0e-04_history=1_kernel_sizes=5x3x3_conv_channels=64x128x256_fc_dims=1024_seed0
/scratch/sb272/patterns5k_results/slurm_hist_cnn_2026-03-05_16-01-45/trial_0160_learning_rate=1.0e-04_history=1_kernel_sizes=5x3x3_conv_channels=64x128x256_fc_dims=1024_seed1,cnn,0.15349530851840973,0.24039458520748502,0.06585170352269733,-0.010163274076249864,0.06379275768995285,0.24883799433255627,485567,485567,50,0.7133319592800026,1,True,0.45456832695830385,0.5860392338502132,50,0.31855225563049316,0.25050726532936096,14,"[5, 3, 3]","[64, 128, 256]",[1024],6904091,bb6u17g1,849.1,trial_0160_learning_rate=1.0e-04_history=1_kernel_sizes=5x3x3_conv_channels=64x128x256_fc_dims=1024_seed1,3e671343f9,trial_0160_learning_rate=1.0e-04_history=1_kernel_sizes=5x3x3_conv_channels=64x128x256_fc_dims=1024_seed1
/scratch/sb272/patterns5k_results/slurm_hist_cnn_2026-03-05_16-01-45/trial_0161_learning_rate=1.0e-04_history=1_kernel_sizes=3x3x3_conv_channels=128x128x128_fc_dims=256_seed0,cnn,0.15286315941810608,0.23308152738603427,0.06666127935288445,-0.010258071006290496,0.06702007353305817,0.23826279616094193,188991,188991,50,0.685322885562904,1,True,0.45456832695830385,0.5553705877755395,50,0.31855225563049316,0.2413385659456253,13,"[3, 3, 3]","[128, 128, 128]",[256],6904091,bb6u17g1,543.6,trial_0161_learning_rate=1.0e-04_history=1_kernel_sizes=3x3x3_conv_channels=128x128x128_fc_dims=256_seed0,22d13c29fe,trial_0161_learning_rate=1.0e-04_history=1_kernel_sizes=3x3x3_conv_channels=128x128x128_fc_dims=256_seed0
/scratch/sb272/patterns5k_results/slurm_hist_cnn_2026-03-05_16-01-45/trial_0161_learning_rate=1.0e-04_history=1_kernel_sizes=3x3x3_conv_channels=128x128x128_fc_dims=256_seed1,cnn,0.1527158203125,0.23255951761731777,0.06688752723118616,-0.013807929697490874,0.06026345491409302,0.23895368161405126,188991,188991,50,0.6875552136571284,1,True,0.45456832695830385,0.561544252016326,49,0.31855225563049316,0.24126368761062622,12,"[3, 3, 3]","[128, 128, 128]",[256],6904091,bb6u17g1,530.3,trial_0161_learning_rate=1.0e-04_history=1_kernel_sizes=3x3x3_conv_channels=128x128x128_fc_dims=256_seed1,22d13c29fe,trial_0161_learning_rate=1.0e-04_history=1_kernel_sizes=3x3x3_conv_channels=128x128x128_fc_dims=256_seed1
/scratch/sb272/patterns5k_results/slurm_hist_cnn_2026-03-05_16-01-45/trial_0162_learning_rate=1.0e-04_history=1_kernel_sizes=3x3x3_conv_channels=128x128x128_fc_dims=512_seed0,cnn,0.1529588770866394,0.2365145430648315,0.06735622693621923,-0.009142083781106132,0.0668254941701889,0.24309741023827489,238143,238143,50,0.6964592250921382,1,True,0.45456832695830385,0.5736458280784202,50,0.31855225563049316,0.2456417977809906,13,"[3, 3, 3]","[128, 128, 128]",[512],6904091,bb6u17g1,603.7,trial_0162_learning_rate=1.0e-04_history=1_kernel_sizes=3x3x3_conv_channels=128x128x128_fc_dims=512_seed0,d81bf48ee6,trial_0162_learning_rate=1.0e-04_history=1_kernel_sizes=3x3x3_conv_channels=128x128x128_fc_dims=512_seed0
/scratch/sb272/patterns5k_results/slurm_hist_cnn_2026-03-05_16-01-45/trial_0162_learning_rate=1.0e-04_history=1_kernel_sizes=3x3x3_conv_channels=128x128x128_fc_dims=512_seed1,cnn,0.15257060527801514,0.23763380413734753,0.06862401110785347,-0.011007410193246508,0.06520944833755493,0.24476984305154237,238143,238143,50,0.700666843135292,1,True,0.45456832695830385,0.5772453532738553,50,0.31855225563049316,0.24684658646583557,13,"[3, 3, 3]","[128, 128, 128]",[512],6904091,bb6u17g1,593.3,trial_0162_learning_rate=1.0e-04_history=1_kernel_sizes=3x3x3_conv_channels=128x128x128_fc_dims=512_seed1,d81bf48ee6,trial_0162_learning_rate=1.0e-04_history=1_kernel_sizes=3x3x3_conv_channels=128x128x128_fc_dims=512_seed1
/scratch/sb272/patterns5k_results/slurm_hist_cnn_2026-03-05_16-01-45/trial_0163_learning_rate=1.0e-04_history=1_kernel_sizes=3x3x3_conv_channels=256x256x256_fc_dims=512_seed0,cnn,0.15073798298835756,0.25557629908356355,0.0756518632646591,-0.011119254997798375,0.07252538949251175,0.26613026147169616,640063,640063,50,0.7509638865148381,1,True,0.45456832695830385,0.6276685439418341,57,0.31855225563049316,0.2665237486362457,14,"[3, 3, 3]","[256, 256, 256]",[512],6904091,bb6u17g1,890.2,trial_0163_learning_rate=1.0e-04_history=1_kernel_sizes=3x3x3_conv_channels=256x256x256_fc_dims=512_seed0,6911abc611,trial_0163_learning_rate=1.0e-04_history=1_kernel_sizes=3x3x3_conv_channels=256x256x256_fc_dims=512_seed0
/scratch/sb272/patterns5k_results/slurm_hist_cnn_2026-03-05_16-01-45/trial_0163_learning_rate=1.0e-04_history=1_kernel_sizes=3x3x3_conv_channels=256x256x256_fc_dims=512_seed1,cnn,0.15023157799243927,0.25697365637866465,0.07795313899479216,-0.01118332242208814,0.07160700112581253,0.2662146551497444,640063,640063,50,0.7522854274147057,1,True,0.45456832695830385,0.6280000092909517,57,0.31855225563049316,0.2676769196987152,15,"[3, 3, 3]","[256, 256, 256]",[512],6904091,bb6u17g1,913.4,trial_0163_learning_rate=1.0e-04_history=1_kernel_sizes=3x3x3_conv_channels=256x256x256_fc_dims=512_seed1,6911abc611,trial_0163_learning_rate=1.0e-04_history=1_kernel_sizes=3x3x3_conv_channels=256x256x256_fc_dims=512_seed1
/scratch/sb272/patterns5k_results/slurm_hist_cnn_2026-03-05_16-01-45/trial_0164_learning_rate=1.0e-04_history=1_kernel_sizes=3x3x3_conv_channels=256x256x256_fc_dims=1024_seed0,cnn,0.15087625539302826,0.25840144700544926,0.07304483652114868,-0.008295848256065733,0.07871668040752411,0.2682576954852564,803903,803903,50,0.7489921212168763,1,True,0.45456832695830385,0.6289275710611952,56,0.31855225563049316,0.26926612854003906,15,"[3, 3, 3]","[256, 256, 256]",[1024],6904091,bb6u17g1,1061.4,trial_0164_learning_rate=1.0e-04_history=1_kernel_sizes=3x3x3_conv_channels=256x256x256_fc_dims=1024_seed0,663383c195,trial_0164_learning_rate=1.0e-04_history=1_kernel_sizes=3x3x3_conv_channels=256x256x256_fc_dims=1024_seed0
/scratch/sb272/patterns5k_results/slurm_hist_cnn_2026-03-05_16-01-45/trial_0164_learning_rate=1.0e-04_history=1_kernel_sizes=3x3x3_conv_channels=256x256x256_fc_dims=1024_seed1,cnn,0.1509990757703781,0.2559417214095533,0.06981800756757221,-0.008869224124484591,0.07632224261760712,0.26694554499166057,803903,803903,50,0.745405248582037,1,True,0.45456832695830385,0.6274242822482415,57,0.31855225563049316,0.2662174701690674,14,"[3, 3, 3]","[256, 256, 256]",[1024],6904091,bb6u17g1,1063.9,trial_0164_learning_rate=1.0e-04_history=1_kernel_sizes=3x3x3_conv_channels=256x256x256_fc_dims=1024_seed1,663383c195,trial_0164_learning_rate=1.0e-04_history=1_kernel_sizes=3x3x3_conv_channels=256x256x256_fc_dims=1024_seed1
/scratch/sb272/patterns5k_results/slurm_hist_cnn_2026-03-05_16-01-45/trial_0165_learning_rate=1.0e-04_history=2_kernel_sizes=3x3_conv_channels=64x128_fc_dims=128_seed0,cnn,0.16056589436531066,0.2042789395292252,0.04446256255346631,0.006919790828038776,0.09325334429740906,0.20831119257349257,69951,69951,50,0.6264555454528621,2,True,0.45456832695830385,0.5158675298134273,40,0.31855225563049316,0.21173202991485596,5,"[3, 3]","[64, 128]",[128],6904091,bb6u17g1,406.8,trial_0165_learning_rate=1.0e-04_history=2_kernel_sizes=3x3_conv_channels=64x128_fc_dims=128_seed0,23130fa533,trial_0165_learning_rate=1.0e-04_history=2_kernel_sizes=3x3_conv_channels=64x128_fc_dims=128_seed0
/scratch/sb272/patterns5k_results/slurm_hist_cnn_2026-03-05_16-01-45/trial_0165_learning_rate=1.0e-04_history=2_kernel_sizes=3x3_conv_channels=64x128_fc_dims=128_seed1,cnn,0.15956916701793672,0.20251105740775505,0.04626411483401344,0.0033014369389367483,0.08680076152086258,0.21060252512979716,69951,69951,50,0.6433405167264659,2,True,0.45456832695830385,0.5268798697132704,42,0.31855225563049316,0.20998437702655792,6,"[3, 3]","[64, 128]",[128],6904091,bb6u17g1,411.6,trial_0165_learning_rate=1.0e-04_history=2_kernel_sizes=3x3_conv_channels=64x128_fc_dims=128_seed1,23130fa533,trial_0165_learning_rate=1.0e-04_history=2_kernel_sizes=3x3_conv_channels=64x128_fc_dims=128_seed1
/scratch/sb272/patterns5k_results/slurm_hist_cnn_2026-03-05_16-01-45/trial_0166_learning_rate=1.0e-04_history=2_kernel_sizes=3x3_conv_channels=64x128_fc_dims=256_seed0,cnn,0.15863512134552002,0.21299962547467785,0.05228834398209103,0.006780772928207639,0.09717346727848053,0.21782070871930534,94527,94527,50,0.6536327990185249,2,True,0.45456832695830385,0.5433040883085809,47,0.31855225563049316,0.22124193608760834,6,"[3, 3]","[64, 128]",[256],6904091,bb6u17g1,439.4,trial_0166_learning_rate=1.0e-04_history=2_kernel_sizes=3x3_conv_channels=64x128_fc_dims=256_seed0,b6d4fd82be,trial_0166_learning_rate=1.0e-04_history=2_kernel_sizes=3x3_conv_channels=64x128_fc_dims=256_seed0
/scratch/sb272/patterns5k_results/slurm_hist_cnn_2026-03-05_16-01-45/trial_0166_learning_rate=1.0e-04_history=2_kernel_sizes=3x3_conv_channels=64x128_fc_dims=256_seed1,cnn,0.15816011214256287,0.21499436377886277,0.05250889914376395,0.001819999445052374,0.08941275626420975,0.2209639564062154,94527,94527,50,0.6681035310623642,2,True,0.45456832695830385,0.5501330409616719,46,0.31855225563049316,0.2230650931596756,7,"[3, 3]","[64, 128]",[256],6904091,bb6u17g1,443.1,trial_0166_learning_rate=1.0e-04_history=2_kernel_sizes=3x3_conv_channels=64x128_fc_dims=256_seed1,b6d4fd82be,trial_0166_learning_rate=1.0e-04_history=2_kernel_sizes=3x3_conv_channels=64x128_fc_dims=256_seed1
/scratch/sb272/patterns5k_results/slurm_hist_cnn_2026-03-05_16-01-45/trial_0167_learning_rate=1.0e-04_history=2_kernel_sizes=3x3_conv_channels=64x128_fc_dims=512_seed0,cnn,0.1579970998764038,0.2171529658617874,0.0549623067416842,0.006977621525052994,0.1005704253911972,0.22505989529357237,143679,143679,50,0.6774195136216367,2,True,0.45456832695830385,0.5611248266262275,45,0.31855225563049316,0.2259763479232788,7,"[3, 3]","[64, 128]",[512],6904091,bb6u17g1,493.9,trial_0167_learning_rate=1.0e-04_history=2_kernel_sizes=3x3_conv_channels=64x128_fc_dims=512_seed0,352497108f,trial_0167_learning_rate=1.0e-04_history=2_kernel_sizes=3x3_conv_channels=64x128_fc_dims=512_seed0
/scratch/sb272/patterns5k_results/slurm_hist_cnn_2026-03-05_16-01-45/trial_0167_learning_rate=1.0e-04_history=2_kernel_sizes=3x3_conv_channels=64x128_fc_dims=512_seed1,cnn,0.15876365458965302,0.21547392886118144,0.05216925579404074,0.006909627763051835,0.09756354242563248,0.22467216887287472,143679,143679,50,0.6855533439466972,2,True,0.45456832695830385,0.562856334829482,47,0.31855225563049316,0.22435595095157623,7,"[3, 3]","[64, 128]",[512],6904091,bb6u17g1,503.2,trial_0167_learning_rate=1.0e-04_history=2_kernel_sizes=3x3_conv_channels=64x128_fc_dims=512_seed1,352497108f,trial_0167_learning_rate=1.0e-04_history=2_kernel_sizes=3x3_conv_channels=64x128_fc_dims=512_seed1
/scratch/sb272/patterns5k_results/slurm_hist_cnn_2026-03-05_16-01-45/trial_0168_learning_rate=1.0e-04_history=2_kernel_sizes=5x3_conv_channels=128x256_fc_dims=256_seed0,cnn,0.15735748982429504,0.22968735967518858,0.05537496672736274,0.0048409927458990185,0.09565841406583786,0.23858870740898433,248639,248639,50,0.7070204317222424,2,True,0.45456832695830385,0.5839166427806682,50,0.31855225563049316,0.23976737260818481,7,"[5, 3]","[128, 256]",[256],6904091,bb6u17g1,574.2,trial_0168_learning_rate=1.0e-04_history=2_kernel_sizes=5x3_conv_channels=128x256_fc_dims=256_seed0,21fd616fce,trial_0168_learning_rate=1.0e-04_history=2_kernel_sizes=5x3_conv_channels=128x256_fc_dims=256_seed0
/scratch/sb272/patterns5k_results/slurm_hist_cnn_2026-03-05_16-01-45/trial_0168_learning_rate=1.0e-04_history=2_kernel_sizes=5x3_conv_channels=128x256_fc_dims=256_seed1,cnn,0.15703820836544036,0.23315942562948894,0.05677040134157453,0.005493604947650243,0.0979931578040123,0.24087315371718276,248639,248639,50,0.7096265726828797,2,True,0.45456832695830385,0.5913486412372874,51,0.31855225563049316,0.24374409019947052,8,"[5, 3]","[128, 256]",[256],6904091,bb6u17g1,582.9,trial_0168_learning_rate=1.0e-04_history=2_kernel_sizes=5x3_conv_channels=128x256_fc_dims=256_seed1,21fd616fce,trial_0168_learning_rate=1.0e-04_history=2_kernel_sizes=5x3_conv_channels=128x256_fc_dims=256_seed1
/scratch/sb272/patterns5k_results/slurm_hist_cnn_2026-03-05_16-01-45/trial_0169_learning_rate=1.0e-04_history=2_kernel_sizes=5x3_conv_channels=128x256_fc_dims=512_seed0,cnn,0.15759609949588776,0.23307014399370424,0.05355872710545858,0.005659436422681052,0.09806059300899506,0.24164067522172067,330559,330559,50,0.7180260344329017,2,True,0.45456832695830385,0.598384963990223,52,0.31855225563049316,0.24369221925735474,8,"[5, 3]","[128, 256]",[512],6904091,bb6u17g1,670.3,trial_0169_learning_rate=1.0e-04_history=2_kernel_sizes=5x3_conv_channels=128x256_fc_dims=512_seed0,2a1349cc85,trial_0169_learning_rate=1.0e-04_history=2_kernel_sizes=5x3_conv_channels=128x256_fc_dims=512_seed0
/scratch/sb272/patterns5k_results/slurm_hist_cnn_2026-03-05_16-01-45/trial_0169_learning_rate=1.0e-04_history=2_kernel_sizes=5x3_conv_channels=128x256_fc_dims=512_seed1,cnn,0.15688067042827605,0.234438981772517,0.056631959619976226,0.004536677920629108,0.09488317370414734,0.24279135702047333,330559,330559,50,0.72354953197085,2,True,0.45456832695830385,0.6033664731301699,55,0.31855225563049316,0.24533815681934357,9,"[5, 3]","[128, 256]",[512],6904091,bb6u17g1,656.7,trial_0169_learning_rate=1.0e-04_history=2_kernel_sizes=5x3_conv_channels=128x256_fc_dims=512_seed1,2a1349cc85,trial_0169_learning_rate=1.0e-04_history=2_kernel_sizes=5x3_conv_channels=128x256_fc_dims=512_seed1
/scratch/sb272/patterns5k_results/slurm_hist_cnn_2026-03-05_16-01-45/trial_0170_learning_rate=1.0e-04_history=2_kernel_sizes=5x3_conv_channels=128x256_fc_dims=1024_seed0,cnn,0.15880882704257965,0.23102181456613097,0.04641393442002554,0.005909811882745652,0.09930150955915451,0.23946703648050255,494399,494399,50,0.7178579848410587,2,True,0.45456832695830385,0.5951872374777764,51,0.31855225563049316,0.24135474860668182,6,"[5, 3]","[128, 256]",[1024],6904091,bb6u17g1,822.8,trial_0170_learning_rate=1.0e-04_history=2_kernel_sizes=5x3_conv_channels=128x256_fc_dims=1024_seed0,7a8fa9ce7b,trial_0170_learning_rate=1.0e-04_history=2_kernel_sizes=5x3_conv_channels=128x256_fc_dims=1024_seed0
/scratch/sb272/patterns5k_results/slurm_hist_cnn_2026-03-05_16-01-45/trial_0170_learning_rate=1.0e-04_history=2_kernel_sizes=5x3_conv_channels=128x256_fc_dims=1024_seed1,cnn,0.15691395032405853,0.23637217216503045,0.052958408991495766,0.0029370207635183183,0.09416081011295319,0.24478718800738017,494399,494399,50,0.7335100430179502,2,True,0.45456832695830385,0.6111473383854532,52,0.31855225563049316,0.24742424488067627,9,"[5, 3]","[128, 256]",[1024],6904091,bb6u17g1,818.5,trial_0170_learning_rate=1.0e-04_history=2_kernel_sizes=5x3_conv_channels=128x256_fc_dims=1024_seed1,7a8fa9ce7b,trial_0170_learning_rate=1.0e-04_history=2_kernel_sizes=5x3_conv_channels=128x256_fc_dims=1024_seed1
/scratch/sb272/patterns5k_results/slurm_hist_cnn_2026-03-05_16-01-45/trial_0171_learning_rate=1.0e-04_history=2_kernel_sizes=3x3x3_conv_channels=32x64x128_fc_dims=128_seed0,cnn,0.15840730619430543,0.19226217891082306,0.044395708848559666,-0.007580457225678459,0.05934245511889458,0.19287095931468703,66111,66111,50,0.5930845402942311,2,True,0.45456832695830385,0.47426064309733384,30,0.31855225563049316,0.1985887885093689,5,"[3, 3, 3]","[32, 64, 128]",[128],6904091,bb6u17g1,429.3,trial_0171_learning_rate=1.0e-04_history=2_kernel_sizes=3x3x3_conv_channels=32x64x128_fc_dims=128_seed0,5f5fc23453,trial_0171_learning_rate=1.0e-04_history=2_kernel_sizes=3x3x3_conv_channels=32x64x128_fc_dims=128_seed0
/scratch/sb272/patterns5k_results/slurm_hist_cnn_2026-03-05_16-01-45/trial_0171_learning_rate=1.0e-04_history=2_kernel_sizes=3x3x3_conv_channels=32x64x128_fc_dims=128_seed1,cnn,0.15840629875659942,0.191880967295157,0.04423325875448802,-0.008434005199916779,0.0617227666079998,0.19401247932404084,66111,66111,50,0.5982678088832987,2,True,0.45456832695830385,0.4753698849942005,34,0.31855225563049316,0.1977374106645584,5,"[3, 3, 3]","[32, 64, 128]",[128],6904091,bb6u17g1,421.0,trial_0171_learning_rate=1.0e-04_history=2_kernel_sizes=3x3x3_conv_channels=32x64x128_fc_dims=128_seed1,5f5fc23453,trial_0171_learning_rate=1.0e-04_history=2_kernel_sizes=3x3x3_conv_channels=32x64x128_fc_dims=128_seed1
/scratch/sb272/patterns5k_results/slurm_hist_cnn_2026-03-05_16-01-45/trial_0172_learning_rate=1.0e-04_history=2_kernel_sizes=3x3x3_conv_channels=32x64x128_fc_dims=256_seed0,cnn,0.15792847883701325,0.19624528926804524,0.04592221407663254,-0.009234187148866198,0.05974062159657478,0.20049262216959599,90687,90687,50,0.6120488533120099,2,True,0.45456832695830385,0.4888430572298614,35,0.31855225563049316,0.2027135193347931,5,"[3, 3, 3]","[32, 64, 128]",[256],6904091,bb6u17g1,460.1,trial_0172_learning_rate=1.0e-04_history=2_kernel_sizes=3x3x3_conv_channels=32x64x128_fc_dims=256_seed0,1342551475,trial_0172_learning_rate=1.0e-04_history=2_kernel_sizes=3x3x3_conv_channels=32x64x128_fc_dims=256_seed0
/scratch/sb272/patterns5k_results/slurm_hist_cnn_2026-03-05_16-01-45/trial_0172_learning_rate=1.0e-04_history=2_kernel_sizes=3x3x3_conv_channels=32x64x128_fc_dims=256_seed1,cnn,0.15808305847644805,0.19784041849020628,0.04623526997036404,-0.006183262855287582,0.063214011490345,0.2021364798909467,90687,90687,50,0.6095938872282546,2,True,0.45456832695830385,0.48656815582129503,36,0.31855225563049316,0.20426292717456818,5,"[3, 3, 3]","[32, 64, 128]",[256],6904091,bb6u17g1,454.4,trial_0172_learning_rate=1.0e-04_history=2_kernel_sizes=3x3x3_conv_channels=32x64x128_fc_dims=256_seed1,1342551475,trial_0172_learning_rate=1.0e-04_history=2_kernel_sizes=3x3x3_conv_channels=32x64x128_fc_dims=256_seed1
/scratch/sb272/patterns5k_results/slurm_hist_cnn_2026-03-05_16-01-45/trial_0173_learning_rate=1.0e-04_history=2_kernel_sizes=5x3x3_conv_channels=64x128x256_fc_dims=256_seed0,cnn,0.1549342130422592,0.22411246937198198,0.06141226159201728,-0.007292243223341685,0.069473035633564,0.2308884563570478,239807,239807,50,0.6734786832085207,2,True,0.45456832695830385,0.5482879797028921,46,0.31855225563049316,0.233114093542099,9,"[5, 3, 3]","[64, 128, 256]",[256],6904091,bb6u17g1,591.7,trial_0173_learning_rate=1.0e-04_history=2_kernel_sizes=5x3x3_conv_channels=64x128x256_fc_dims=256_seed0,dd0c0fc6a6,trial_0173_learning_rate=1.0e-04_history=2_kernel_sizes=5x3x3_conv_channels=64x128x256_fc_dims=256_seed0
/scratch/sb272/patterns5k_results/slurm_hist_cnn_2026-03-05_16-01-45/trial_0173_learning_rate=1.0e-04_history=2_kernel_sizes=5x3x3_conv_channels=64x128x256_fc_dims=256_seed1,cnn,0.15465819096565248,0.2237064566090328,0.062355045288328144,-0.008001406041402665,0.06903528422117233,0.23126247208466372,239807,239807,50,0.6740708075857319,2,True,0.45456832695830385,0.5509959247349066,45,0.31855225563049316,0.23302419483661652,9,"[5, 3, 3]","[64, 128, 256]",[256],6904091,bb6u17g1,398.0,trial_0173_learning_rate=1.0e-04_history=2_kernel_sizes=5x3x3_conv_channels=64x128x256_fc_dims=256_seed1,dd0c0fc6a6,trial_0173_learning_rate=1.0e-04_history=2_kernel_sizes=5x3x3_conv_channels=64x128x256_fc_dims=256_seed1
/scratch/sb272/patterns5k_results/slurm_hist_cnn_2026-03-05_16-01-45/trial_0175_learning_rate=1.0e-04_history=2_kernel_sizes=5x3x3_conv_channels=64x128x256_fc_dims=1024_seed0,cnn,0.15493358635902404,0.23131497944295046,0.06102257872384692,-0.005593493817344544,0.07135354727506638,0.24031510136596274,485567,485567,50,0.6994379917176569,2,True,0.45456832695830385,0.5679906997916162,49,0.31855225563049316,0.24111303687095642,10,"[5, 3, 3]","[64, 128, 256]",[1024],6904092,bb6u17g1,862.1,trial_0175_learning_rate=1.0e-04_history=2_kernel_sizes=5x3x3_conv_channels=64x128x256_fc_dims=1024_seed0,904bf03881,trial_0175_learning_rate=1.0e-04_history=2_kernel_sizes=5x3x3_conv_channels=64x128x256_fc_dims=1024_seed0
/scratch/sb272/patterns5k_results/slurm_hist_cnn_2026-03-05_16-01-45/trial_0175_learning_rate=1.0e-04_history=2_kernel_sizes=5x3x3_conv_channels=64x128x256_fc_dims=1024_seed1,cnn,0.1542644193172455,0.23246535724029596,0.06403792945165483,-0.008332558094509064,0.07017789036035538,0.24028210356267063,485567,485567,50,0.7105412828095903,2,True,0.45456832695830385,0.5762835448871515,50,0.31855225563049316,0.24329951405525208,10,"[5, 3, 3]","[64, 128, 256]",[1024],6904092,bb6u17g1,868.4,trial_0175_learning_rate=1.0e-04_history=2_kernel_sizes=5x3x3_conv_channels=64x128x256_fc_dims=1024_seed1,904bf03881,trial_0175_learning_rate=1.0e-04_history=2_kernel_sizes=5x3x3_conv_channels=64x128x256_fc_dims=1024_seed1
/scratch/sb272/patterns5k_results/slurm_hist_cnn_2026-03-05_16-01-45/trial_0176_learning_rate=1.0e-04_history=2_kernel_sizes=3x3x3_conv_channels=128x128x128_fc_dims=256_seed0,cnn,0.15476858496665954,0.22468162162259295,0.062316647597721646,-0.004425853017776731,0.07792665809392929,0.23049651089247683,188991,188991,50,0.6747164680774957,2,True,0.45456832695830385,0.5477051453412567,47,0.31855225563049316,0.2334599643945694,8,"[3, 3, 3]","[128, 128, 128]",[256],6904092,bb6u17g1,548.8,trial_0176_learning_rate=1.0e-04_history=2_kernel_sizes=3x3x3_conv_channels=128x128x128_fc_dims=256_seed0,38ebd1803c,trial_0176_learning_rate=1.0e-04_history=2_kernel_sizes=3x3x3_conv_channels=128x128x128_fc_dims=256_seed0
/scratch/sb272/patterns5k_results/slurm_hist_cnn_2026-03-05_16-01-45/trial_0176_learning_rate=1.0e-04_history=2_kernel_sizes=3x3x3_conv_channels=128x128x128_fc_dims=256_seed1,cnn,0.15478918194770813,0.22452212551546816,0.0625833689220368,-0.003625658769456167,0.07884931564331055,0.23107803041699815,188991,188991,50,0.6640052669930103,2,True,0.45456832695830385,0.5427045082647344,47,0.31855225563049316,0.23307067155838013,8,"[3, 3, 3]","[128, 128, 128]",[256],6904092,bb6u17g1,551.5,trial_0176_learning_rate=1.0e-04_history=2_kernel_sizes=3x3x3_conv_channels=128x128x128_fc_dims=256_seed1,38ebd1803c,trial_0176_learning_rate=1.0e-04_history=2_kernel_sizes=3x3x3_conv_channels=128x128x128_fc_dims=256_seed1
/scratch/sb272/patterns5k_results/slurm_hist_cnn_2026-03-05_16-01-45/trial_0177_learning_rate=1.0e-04_history=2_kernel_sizes=3x3x3_conv_channels=128x128x128_fc_dims=512_seed0,cnn,0.155171759724617,0.22926243871166074,0.06255459690850879,-0.001332543199024503,0.07944273203611374,0.23707844148332824,238143,238143,50,0.6903281203022323,2,True,0.45456832695830385,0.5596947115139085,50,0.31855225563049316,0.23833942413330078,8,"[3, 3, 3]","[128, 128, 128]",[512],6904092,bb6u17g1,615.9,trial_0177_learning_rate=1.0e-04_history=2_kernel_sizes=3x3x3_conv_channels=128x128x128_fc_dims=512_seed0,5adb3e14ce,trial_0177_learning_rate=1.0e-04_history=2_kernel_sizes=3x3x3_conv_channels=128x128x128_fc_dims=512_seed0
/scratch/sb272/patterns5k_results/slurm_hist_cnn_2026-03-05_16-01-45/trial_0177_learning_rate=1.0e-04_history=2_kernel_sizes=3x3x3_conv_channels=128x128x128_fc_dims=512_seed1,cnn,0.15481276845932007,0.22949787368293018,0.06339190876673138,-0.0027730228408934577,0.07944279909133911,0.23666920148966952,238143,238143,50,0.6853604759571104,2,True,0.45456832695830385,0.5606259163084714,48,0.31855225563049316,0.23883946239948273,8,"[3, 3, 3]","[128, 128, 128]",[512],6904092,bb6u17g1,606.4,trial_0177_learning_rate=1.0e-04_history=2_kernel_sizes=3x3x3_conv_channels=128x128x128_fc_dims=512_seed1,5adb3e14ce,trial_0177_learning_rate=1.0e-04_history=2_kernel_sizes=3x3x3_conv_channels=128x128x128_fc_dims=512_seed1
/scratch/sb272/patterns5k_results/slurm_hist_cnn_2026-03-05_16-01-45/trial_0178_learning_rate=1.0e-04_history=2_kernel_sizes=3x3x3_conv_channels=256x256x256_fc_dims=512_seed0,cnn,0.15260309493541718,0.24585882732583578,0.07354925927661714,-0.005984672478267125,0.0816790834069252,0.2572579941305896,640063,640063,50,0.7435071811170331,2,True,0.45456832695830385,0.6110106607413476,55,0.31855225563049316,0.25732746720314026,11,"[3, 3, 3]","[256, 256, 256]",[512],6904092,bb6u17g1,942.1,trial_0178_learning_rate=1.0e-04_history=2_kernel_sizes=3x3x3_conv_channels=256x256x256_fc_dims=512_seed0,5d4a50b5b2,trial_0178_learning_rate=1.0e-04_history=2_kernel_sizes=3x3x3_conv_channels=256x256x256_fc_dims=512_seed0
/scratch/sb272/patterns5k_results/slurm_hist_cnn_2026-03-05_16-01-45/trial_0178_learning_rate=1.0e-04_history=2_kernel_sizes=3x3x3_conv_channels=256x256x256_fc_dims=512_seed1,cnn,0.15216568553447724,0.2480346041596724,0.07475445762513176,-0.0028909804329039558,0.08867813646793365,0.25752208031318213,640063,640063,50,0.7410853918065259,2,True,0.45456832695830385,0.6088333594372071,54,0.31855225563049316,0.258894681930542,11,"[3, 3, 3]","[256, 256, 256]",[512],6904092,bb6u17g1,947.5,trial_0178_learning_rate=1.0e-04_history=2_kernel_sizes=3x3x3_conv_channels=256x256x256_fc_dims=512_seed1,5d4a50b5b2,trial_0178_learning_rate=1.0e-04_history=2_kernel_sizes=3x3x3_conv_channels=256x256x256_fc_dims=512_seed1
/scratch/sb272/patterns5k_results/slurm_hist_cnn_2026-03-05_16-01-45/trial_0179_learning_rate=1.0e-04_history=2_kernel_sizes=3x3x3_conv_channels=256x256x256_fc_dims=1024_seed0,cnn,0.1531793352365494,0.24917651584295097,0.06665532740335615,-0.0021101927000378804,0.08723412454128265,0.26010935381465755,803903,803903,50,0.7453582537858546,2,True,0.45456832695830385,0.6142424998103493,56,0.31855225563049316,0.25983989238739014,11,"[3, 3, 3]","[256, 256, 256]",[1024],6904092,bb6u17g1,1115.6,trial_0179_learning_rate=1.0e-04_history=2_kernel_sizes=3x3x3_conv_channels=256x256x256_fc_dims=1024_seed0,5f4c4a8527,trial_0179_learning_rate=1.0e-04_history=2_kernel_sizes=3x3x3_conv_channels=256x256x256_fc_dims=1024_seed0
/scratch/sb272/patterns5k_results/slurm_hist_cnn_2026-03-05_16-01-45/trial_0179_learning_rate=1.0e-04_history=2_kernel_sizes=3x3x3_conv_channels=256x256x256_fc_dims=1024_seed1,cnn,0.1523963097333908,0.25010173094975696,0.06937546105611891,-0.0034859804880051385,0.08719687908887863,0.2600682790383246,803903,803903,50,0.7494747196075346,2,True,0.45456832695830385,0.6157812149668817,56,0.31855225563049316,0.26051172614097595,11,"[3, 3, 3]","[256, 256, 256]",[1024],6904092,bb6u17g1,1139.1,trial_0179_learning_rate=1.0e-04_history=2_kernel_sizes=3x3x3_conv_channels=256x256x256_fc_dims=1024_seed1,5f4c4a8527,trial_0179_learning_rate=1.0e-04_history=2_kernel_sizes=3x3x3_conv_channels=256x256x256_fc_dims=1024_seed1
/scratch/sb272/patterns5k_results/slurm_hist_cnn_2026-03-05_16-01-45/trial_0180_learning_rate=1.0e-04_history=5_kernel_sizes=3x3_conv_channels=64x128_fc_dims=128_seed0,cnn,0.16992629206180573,0.1174709668623363,0.012278912559388176,0.010682677465771872,0.10810096561908722,0.11529016115620432,69951,69951,50,0.43865349371169604,5,True,0.45456832695830385,0.31396870166273944,13,0.31855225563049316,0.12118715047836304,0,"[3, 3]","[64, 128]",[128],6904092,bb6u17g1,410.2,trial_0180_learning_rate=1.0e-04_history=5_kernel_sizes=3x3_conv_channels=64x128_fc_dims=128_seed0,4c7ec2fd6e,trial_0180_learning_rate=1.0e-04_history=5_kernel_sizes=3x3_conv_channels=64x128_fc_dims=128_seed0
/scratch/sb272/patterns5k_results/slurm_hist_cnn_2026-03-05_16-01-45/trial_0180_learning_rate=1.0e-04_history=5_kernel_sizes=3x3_conv_channels=64x128_fc_dims=128_seed1,cnn,0.17212685346603393,0.10611872892754881,0.004479677904219855,0.004551106029086643,0.09821638464927673,0.10744914796129543,69951,69951,50,0.3869931480310402,5,True,0.45456832695830385,0.2703596988956878,11,0.31855225563049316,0.10922688245773315,0,"[3, 3]","[64, 128]",[128],6904092,bb6u17g1,426.1,trial_0180_learning_rate=1.0e-04_history=5_kernel_sizes=3x3_conv_channels=64x128_fc_dims=128_seed1,4c7ec2fd6e,trial_0180_learning_rate=1.0e-04_history=5_kernel_sizes=3x3_conv_channels=64x128_fc_dims=128_seed1
/scratch/sb272/patterns5k_results/slurm_hist_cnn_2026-03-05_16-01-45/trial_0181_learning_rate=1.0e-04_history=5_kernel_sizes=3x3_conv_channels=64x128_fc_dims=256_seed0,cnn,0.1706005289554596,0.11833839379582044,0.009661563805171422,0.008480060668218704,0.11048524081707001,0.11703424091986583,94527,94527,50,0.4428512130553722,5,True,0.45456832695830385,0.3057337233845751,13,0.31855225563049316,0.12210679799318314,0,"[3, 3]","[64, 128]",[256],6904092,bb6u17g1,444.5,trial_0181_learning_rate=1.0e-04_history=5_kernel_sizes=3x3_conv_channels=64x128_fc_dims=256_seed0,7105351a93,trial_0181_learning_rate=1.0e-04_history=5_kernel_sizes=3x3_conv_channels=64x128_fc_dims=256_seed0
/scratch/sb272/patterns5k_results/slurm_hist_cnn_2026-03-05_16-01-45/trial_0181_learning_rate=1.0e-04_history=5_kernel_sizes=3x3_conv_channels=64x128_fc_dims=256_seed1,cnn,0.17081250190734865,0.12307510133933237,0.00893977615568373,0.007305499107118637,0.11258789151906967,0.127894922614867,94527,94527,50,0.47780949041017373,5,True,0.45456832695830385,0.32646181793214224,13,0.31855225563049316,0.12728790938854218,0,"[3, 3]","[64, 128]",[256],6904092,bb6u17g1,439.3,trial_0181_learning_rate=1.0e-04_history=5_kernel_sizes=3x3_conv_channels=64x128_fc_dims=256_seed1,7105351a93,trial_0181_learning_rate=1.0e-04_history=5_kernel_sizes=3x3_conv_channels=64x128_fc_dims=256_seed1
/scratch/sb272/patterns5k_results/slurm_hist_cnn_2026-03-05_16-01-45/trial_0182_learning_rate=1.0e-04_history=5_kernel_sizes=3x3_conv_channels=64x128_fc_dims=512_seed0,cnn,0.17193885290622712,0.11892536890862494,0.005278108611939445,0.004317625174446712,0.11013449728488922,0.1210738894687007,143679,143679,50,0.4311236594483399,5,True,0.45456832695830385,0.30560147923467923,10,0.31855225563049316,0.12306784093379974,0,"[3, 3]","[64, 128]",[512],6904092,bb6u17g1,514.7,trial_0182_learning_rate=1.0e-04_history=5_kernel_sizes=3x3_conv_channels=64x128_fc_dims=512_seed0,a87fa95f1e,trial_0182_learning_rate=1.0e-04_history=5_kernel_sizes=3x3_conv_channels=64x128_fc_dims=512_seed0
/scratch/sb272/patterns5k_results/slurm_hist_cnn_2026-03-05_16-01-45/trial_0182_learning_rate=1.0e-04_history=5_kernel_sizes=3x3_conv_channels=64x128_fc_dims=512_seed1,cnn,0.1704397428035736,0.12954935447806326,0.01016467809677124,0.007830441944182866,0.11772525310516357,0.13370216179495437,143679,143679,50,0.48251049951214253,5,True,0.45456832695830385,0.3427580432946329,13,0.31855225563049316,0.13405723869800568,1,"[3, 3]","[64, 128]",[512],6904092,bb6u17g1,516.9,trial_0182_learning_rate=1.0e-04_history=5_kernel_sizes=3x3_conv_channels=64x128_fc_dims=512_seed1,a87fa95f1e,trial_0182_learning_rate=1.0e-04_history=5_kernel_sizes=3x3_conv_channels=64x128_fc_dims=512_seed1
/scratch/sb272/patterns5k_results/slurm_hist_cnn_2026-03-05_16-01-45/trial_0183_learning_rate=1.0e-04_history=5_kernel_sizes=5x3_conv_channels=128x256_fc_dims=256_seed0,cnn,0.16906873416900633,0.13624628038400527,0.012612157397800021,0.010005818472968208,0.12289708852767944,0.1392433670879622,248639,248639,50,0.517931722099954,5,True,0.45456832695830385,0.3760097266018039,13,0.31855225563049316,0.14215299487113953,2,"[5, 3]","[128, 256]",[256],6904092,bb6u17g1,585.5,trial_0183_learning_rate=1.0e-04_history=5_kernel_sizes=5x3_conv_channels=128x256_fc_dims=256_seed0,ec8993dc88,trial_0183_learning_rate=1.0e-04_history=5_kernel_sizes=5x3_conv_channels=128x256_fc_dims=256_seed0
/scratch/sb272/patterns5k_results/slurm_hist_cnn_2026-03-05_16-01-45/trial_0183_learning_rate=1.0e-04_history=5_kernel_sizes=5x3_conv_channels=128x256_fc_dims=256_seed1,cnn,0.1695641452074051,0.1331555191589031,0.010713809066348605,0.009852025243971083,0.11948972940444946,0.13899542861565778,248639,248639,50,0.5194432854846881,5,True,0.45456832695830385,0.3833016226133207,13,0.31855225563049316,0.13921108841896057,2,"[5, 3]","[128, 256]",[256],6904092,bb6u17g1,584.6,trial_0183_learning_rate=1.0e-04_history=5_kernel_sizes=5x3_conv_channels=128x256_fc_dims=256_seed1,ec8993dc88,trial_0183_learning_rate=1.0e-04_history=5_kernel_sizes=5x3_conv_channels=128x256_fc_dims=256_seed1
/scratch/sb272/patterns5k_results/slurm_hist_cnn_2026-03-05_16-01-45/trial_0184_learning_rate=1.0e-04_history=5_kernel_sizes=5x3_conv_channels=128x256_fc_dims=512_seed0,cnn,0.17073881804943083,0.13543440845062138,0.005130457499670604,0.00572208185044546,0.12522687017917633,0.13673299448233656,330559,330559,50,0.5100199016713813,5,True,0.45456832695830385,0.3813640370816458,13,0.31855225563049316,0.14181919395923615,2,"[5, 3]","[128, 256]",[512],6904092,bb6u17g1,676.5,trial_0184_learning_rate=1.0e-04_history=5_kernel_sizes=5x3_conv_channels=128x256_fc_dims=512_seed0,6eac104928,trial_0184_learning_rate=1.0e-04_history=5_kernel_sizes=5x3_conv_channels=128x256_fc_dims=512_seed0
/scratch/sb272/patterns5k_results/slurm_hist_cnn_2026-03-05_16-01-45/trial_0184_learning_rate=1.0e-04_history=5_kernel_sizes=5x3_conv_channels=128x256_fc_dims=512_seed1,cnn,0.17071536147594452,0.13357715988955093,0.00594435040912931,0.005361362109108577,0.12096685916185379,0.13758533743625231,330559,330559,50,0.49644660742920843,5,True,0.45456832695830385,0.3674454678560541,12,0.31855225563049316,0.13931448757648468,1,"[5, 3]","[128, 256]",[512],6904092,bb6u17g1,673.8,trial_0184_learning_rate=1.0e-04_history=5_kernel_sizes=5x3_conv_channels=128x256_fc_dims=512_seed1,6eac104928,trial_0184_learning_rate=1.0e-04_history=5_kernel_sizes=5x3_conv_channels=128x256_fc_dims=512_seed1
/scratch/sb272/patterns5k_results/slurm_hist_cnn_2026-03-05_16-01-45/trial_0185_learning_rate=1.0e-04_history=5_kernel_sizes=5x3_conv_channels=128x256_fc_dims=1024_seed0,cnn,0.17094087147712708,0.13578106371937174,0.0025011575411236476,0.001782879942939395,0.12286354601383209,0.14123619392158832,494399,494399,50,0.540647652817488,5,True,0.45456832695830385,0.3948007355774228,14,0.31855225563049316,0.14152206480503082,1,"[5, 3]","[128, 256]",[1024],6904092,bb6u17g1,855.2,trial_0185_learning_rate=1.0e-04_history=5_kernel_sizes=5x3_conv_channels=128x256_fc_dims=1024_seed0,27e68a722d,trial_0185_learning_rate=1.0e-04_history=5_kernel_sizes=5x3_conv_channels=128x256_fc_dims=1024_seed0
/scratch/sb272/patterns5k_results/slurm_hist_cnn_2026-03-05_16-01-45/trial_0185_learning_rate=1.0e-04_history=5_kernel_sizes=5x3_conv_channels=128x256_fc_dims=1024_seed1,cnn,0.17055940914154052,0.13726741441195947,0.0048109860647292365,0.00438695956790258,0.1238354742527008,0.1415856724433654,494399,494399,50,0.523693141121448,5,True,0.45456832695830385,0.3826261637849901,13,0.31855225563049316,0.1435864418745041,2,"[5, 3]","[128, 256]",[1024],6904092,bb6u17g1,858.1,trial_0185_learning_rate=1.0e-04_history=5_kernel_sizes=5x3_conv_channels=128x256_fc_dims=1024_seed1,27e68a722d,trial_0185_learning_rate=1.0e-04_history=5_kernel_sizes=5x3_conv_channels=128x256_fc_dims=1024_seed1
/scratch/sb272/patterns5k_results/slurm_hist_cnn_2026-03-05_16-01-45/trial_0186_learning_rate=1.0e-04_history=5_kernel_sizes=3x3x3_conv_channels=32x64x128_fc_dims=128_seed0,cnn,0.16874932622909547,0.11628505901973098,0.016031273773738315,0.012927533142150395,0.10532663762569427,0.11708801857275271,66111,66111,50,0.4339906318892931,5,True,0.45456832695830385,0.31590437207821503,13,0.31855225563049316,0.1205095425248146,1,"[3, 3, 3]","[32, 64, 128]",[128],6904092,bb6u17g1,453.2,trial_0186_learning_rate=1.0e-04_history=5_kernel_sizes=3x3x3_conv_channels=32x64x128_fc_dims=128_seed0,f2f1809566,trial_0186_learning_rate=1.0e-04_history=5_kernel_sizes=3x3x3_conv_channels=32x64x128_fc_dims=128_seed0
/scratch/sb272/patterns5k_results/slurm_hist_cnn_2026-03-05_16-01-45/trial_0186_learning_rate=1.0e-04_history=5_kernel_sizes=3x3x3_conv_channels=32x64x128_fc_dims=128_seed1,cnn,0.1690449903011322,0.1172702022716903,0.015239315373556954,0.012979567050933838,0.10749386250972748,0.1202918651856798,66111,66111,50,0.42609194629025127,5,True,0.45456832695830385,0.3051065513297437,13,0.31855225563049316,0.12163124978542328,1,"[3, 3, 3]","[32, 64, 128]",[128],6904092,bb6u17g1,454.5,trial_0186_learning_rate=1.0e-04_history=5_kernel_sizes=3x3x3_conv_channels=32x64x128_fc_dims=128_seed1,f2f1809566,trial_0186_learning_rate=1.0e-04_history=5_kernel_sizes=3x3x3_conv_channels=32x64x128_fc_dims=128_seed1
/scratch/sb272/patterns5k_results/slurm_hist_cnn_2026-03-05_16-01-45/trial_0187_learning_rate=1.0e-04_history=5_kernel_sizes=3x3x3_conv_channels=32x64x128_fc_dims=256_seed0,cnn,0.16902604031562804,0.1197128224954769,0.01551000750254071,0.012988096191769554,0.10828326642513275,0.12088687171984126,90687,90687,50,0.4313975306897715,5,True,0.45456832695830385,0.31176261108315767,13,0.31855225563049316,0.12404590845108032,1,"[3, 3, 3]","[32, 64, 128]",[256],6904092,bb6u17g1,481.5,trial_0187_learning_rate=1.0e-04_history=5_kernel_sizes=3x3x3_conv_channels=32x64x128_fc_dims=256_seed0,2ee13dfd1f,trial_0187_learning_rate=1.0e-04_history=5_kernel_sizes=3x3x3_conv_channels=32x64x128_fc_dims=256_seed0
/scratch/sb272/patterns5k_results/slurm_hist_cnn_2026-03-05_16-01-45/trial_0187_learning_rate=1.0e-04_history=5_kernel_sizes=3x3x3_conv_channels=32x64x128_fc_dims=256_seed1,cnn,0.168526123046875,0.1223050065009974,0.016708235892038497,0.01374114127386184,0.11042330414056778,0.12437230337133362,90687,90687,50,0.4412223408863731,5,True,0.45456832695830385,0.3190753267036873,11,0.31855225563049316,0.12652988731861115,1,"[3, 3, 3]","[32, 64, 128]",[256],6904092,bb6u17g1,492.6,trial_0187_learning_rate=1.0e-04_history=5_kernel_sizes=3x3x3_conv_channels=32x64x128_fc_dims=256_seed1,2ee13dfd1f,trial_0187_learning_rate=1.0e-04_history=5_kernel_sizes=3x3x3_conv_channels=32x64x128_fc_dims=256_seed1
/scratch/sb272/patterns5k_results/slurm_hist_cnn_2026-03-05_16-01-45/trial_0188_learning_rate=1.0e-04_history=5_kernel_sizes=5x3x3_conv_channels=64x128x256_fc_dims=256_seed0,cnn,0.16642398715019227,0.136561054916099,0.02234652118077354,0.014831656501406715,0.11339668929576874,0.1432196893819307,239807,239807,50,0.5190538156182217,5,True,0.45456832695830385,0.39971257649510405,14,0.31855225563049316,0.14398007094860077,2,"[5, 3, 3]","[64, 128, 256]",[256],6904092,bb6u17g1,631.2,trial_0188_learning_rate=1.0e-04_history=5_kernel_sizes=5x3x3_conv_channels=64x128x256_fc_dims=256_seed0,947fae6a9e,trial_0188_learning_rate=1.0e-04_history=5_kernel_sizes=5x3x3_conv_channels=64x128x256_fc_dims=256_seed0
/scratch/sb272/patterns5k_results/slurm_hist_cnn_2026-03-05_16-01-45/trial_0188_learning_rate=1.0e-04_history=5_kernel_sizes=5x3x3_conv_channels=64x128x256_fc_dims=256_seed1,cnn,0.16654332864284516,0.1380816032403694,0.021915537970406667,0.014817595481872559,0.11499141156673431,0.1458589106952408,239807,239807,50,0.5130413739086209,5,True,0.45456832695830385,0.39204758487783614,15,0.31855225563049316,0.14532960951328278,2,"[5, 3, 3]","[64, 128, 256]",[256],6904092,bb6u17g1,628.5,trial_0188_learning_rate=1.0e-04_history=5_kernel_sizes=5x3x3_conv_channels=64x128x256_fc_dims=256_seed1,947fae6a9e,trial_0188_learning_rate=1.0e-04_history=5_kernel_sizes=5x3x3_conv_channels=64x128x256_fc_dims=256_seed1
/scratch/sb272/patterns5k_results/slurm_hist_cnn_2026-03-05_16-01-45/trial_0189_learning_rate=1.0e-04_history=5_kernel_sizes=5x3x3_conv_channels=64x128x256_fc_dims=512_seed0,cnn,0.1669486789703369,0.1415362990005909,0.019209019721500457,0.014074382327851794,0.12117133289575577,0.14733462979467488,321727,321727,50,0.52280047366573,5,True,0.45456832695830385,0.38945703379847285,14,0.31855225563049316,0.14819465577602386,2,"[5, 3, 3]","[64, 128, 256]",[512],6904092,bb6u17g1,721.0,trial_0189_learning_rate=1.0e-04_history=5_kernel_sizes=5x3x3_conv_channels=64x128x256_fc_dims=512_seed0,5f2811f09a,trial_0189_learning_rate=1.0e-04_history=5_kernel_sizes=5x3x3_conv_channels=64x128x256_fc_dims=512_seed0
/scratch/sb272/patterns5k_results/slurm_hist_cnn_2026-03-05_16-01-45/trial_0189_learning_rate=1.0e-04_history=5_kernel_sizes=5x3x3_conv_channels=64x128x256_fc_dims=512_seed1,cnn,0.16664506089687348,0.14201364087923046,0.021366788281334773,0.01588476650298588,0.1215205267071724,0.1503683485353715,321727,321727,50,0.5308461986440978,5,True,0.45456832695830385,0.4009759442636633,16,0.31855225563049316,0.14959801733493805,2,"[5, 3, 3]","[64, 128, 256]",[512],6904092,bb6u17g1,717.1,trial_0189_learning_rate=1.0e-04_history=5_kernel_sizes=5x3x3_conv_channels=64x128x256_fc_dims=512_seed1,5f2811f09a,trial_0189_learning_rate=1.0e-04_history=5_kernel_sizes=5x3x3_conv_channels=64x128x256_fc_dims=512_seed1
/scratch/sb272/patterns5k_results/slurm_hist_cnn_2026-03-05_16-01-45/trial_0190_learning_rate=1.0e-04_history=5_kernel_sizes=5x3x3_conv_channels=64x128x256_fc_dims=1024_seed0,cnn,0.1670015560388565,0.14373935287494452,0.017044114688086132,0.013013580488780188,0.1249142438173294,0.15283077500834685,485567,485567,50,0.5554075334964113,5,True,0.45456832695830385,0.4078212170509953,16,0.31855225563049316,0.15081416070461273,2,"[5, 3, 3]","[64, 128, 256]",[1024],6904092,bb6u17g1,887.5,trial_0190_learning_rate=1.0e-04_history=5_kernel_sizes=5x3x3_conv_channels=64x128x256_fc_dims=1024_seed0,c7c8dcc8d3,trial_0190_learning_rate=1.0e-04_history=5_kernel_sizes=5x3x3_conv_channels=64x128x256_fc_dims=1024_seed0
/scratch/sb272/patterns5k_results/slurm_hist_cnn_2026-03-05_16-01-45/trial_0190_learning_rate=1.0e-04_history=5_kernel_sizes=5x3x3_conv_channels=64x128x256_fc_dims=1024_seed1,cnn,0.1674667969942093,0.14656283390628833,0.01615953634655665,0.01251551556208777,0.1242256835103035,0.15422569318734938,485567,485567,50,0.5370684859022681,5,True,0.45456832695830385,0.3996748208125348,15,0.31855225563049316,0.15361610054969788,2,"[5, 3, 3]","[64, 128, 256]",[1024],6904092,bb6u17g1,900.7,trial_0190_learning_rate=1.0e-04_history=5_kernel_sizes=5x3x3_conv_channels=64x128x256_fc_dims=1024_seed1,c7c8dcc8d3,trial_0190_learning_rate=1.0e-04_history=5_kernel_sizes=5x3x3_conv_channels=64x128x256_fc_dims=1024_seed1
/scratch/sb272/patterns5k_results/slurm_hist_cnn_2026-03-05_16-01-45/trial_0191_learning_rate=1.0e-04_history=5_kernel_sizes=3x3x3_conv_channels=128x128x128_fc_dims=256_seed0,cnn,0.16664378046989442,0.13720252853673223,0.022862932038685634,0.017075953975556387,0.12025805562734604,0.1375939729227543,188991,188991,50,0.5175075099291805,5,True,0.45456832695830385,0.3778512695268508,13,0.31855225563049316,0.1421685516834259,1,"[3, 3, 3]","[128, 128, 128]",[256],6904092,bb6u17g1,553.7,trial_0191_learning_rate=1.0e-04_history=5_kernel_sizes=3x3x3_conv_channels=128x128x128_fc_dims=256_seed0,6467d192fe,trial_0191_learning_rate=1.0e-04_history=5_kernel_sizes=3x3x3_conv_channels=128x128x128_fc_dims=256_seed0
/scratch/sb272/patterns5k_results/slurm_hist_cnn_2026-03-05_16-01-45/trial_0191_learning_rate=1.0e-04_history=5_kernel_sizes=3x3x3_conv_channels=128x128x128_fc_dims=256_seed1,cnn,0.16691050672531127,0.1343300245199267,0.022019937870994447,0.016706648327055432,0.11822783946990967,0.13950790861906623,188991,188991,50,0.49645157153662084,5,True,0.45456832695830385,0.36518527910113574,15,0.31855225563049316,0.14001138508319855,1,"[3, 3, 3]","[128, 128, 128]",[256],6904092,bb6u17g1,543.0,trial_0191_learning_rate=1.0e-04_history=5_kernel_sizes=3x3x3_conv_channels=128x128x128_fc_dims=256_seed1,6467d192fe,trial_0191_learning_rate=1.0e-04_history=5_kernel_sizes=3x3x3_conv_channels=128x128x128_fc_dims=256_seed1
/scratch/sb272/patterns5k_results/slurm_hist_cnn_2026-03-05_16-01-45/trial_0192_learning_rate=1.0e-04_history=5_kernel_sizes=3x3x3_conv_channels=128x128x128_fc_dims=512_seed0,cnn,0.16721496081352233,0.13743390011548828,0.02022937744382828,0.016020048232305618,0.12143365293741226,0.14410359139061849,238143,238143,50,0.5203489839039558,5,True,0.45456832695830385,0.3855484620735181,13,0.31855225563049316,0.14356444776058197,2,"[3, 3, 3]","[128, 128, 128]",[512],6904092,bb6u17g1,613.5,trial_0192_learning_rate=1.0e-04_history=5_kernel_sizes=3x3x3_conv_channels=128x128x128_fc_dims=512_seed0,a2654ad0a6,trial_0192_learning_rate=1.0e-04_history=5_kernel_sizes=3x3x3_conv_channels=128x128x128_fc_dims=512_seed0
/scratch/sb272/patterns5k_results/slurm_hist_cnn_2026-03-05_16-01-45/trial_0192_learning_rate=1.0e-04_history=5_kernel_sizes=3x3x3_conv_channels=128x128x128_fc_dims=512_seed1,cnn,0.16756544971466064,0.13634214154189836,0.01927238513552953,0.014938996897803413,0.11893382668495178,0.14551824256077311,238143,238143,50,0.5112591350345507,5,True,0.45456832695830385,0.37654007524054217,13,0.31855225563049316,0.1426163613796234,2,"[3, 3, 3]","[128, 128, 128]",[512],6904092,bb6u17g1,604.0,trial_0192_learning_rate=1.0e-04_history=5_kernel_sizes=3x3x3_conv_channels=128x128x128_fc_dims=512_seed1,a2654ad0a6,trial_0192_learning_rate=1.0e-04_history=5_kernel_sizes=3x3x3_conv_channels=128x128x128_fc_dims=512_seed1
/scratch/sb272/patterns5k_results/slurm_hist_cnn_2026-03-05_16-01-45/trial_0193_learning_rate=1.0e-04_history=5_kernel_sizes=3x3x3_conv_channels=256x256x256_fc_dims=512_seed0,cnn,0.16651856124401093,0.1454404851584175,0.018808848328060575,0.012186596317896767,0.12600812315940857,0.15183178482600307,640063,640063,50,0.5676864737537949,5,True,0.45456832695830385,0.40955096462636537,16,0.31855225563049316,0.15145400166511536,2,"[3, 3, 3]","[256, 256, 256]",[512],6904092,bb6u17g1,922.0,trial_0193_learning_rate=1.0e-04_history=5_kernel_sizes=3x3x3_conv_channels=256x256x256_fc_dims=512_seed0,b90c112368,trial_0193_learning_rate=1.0e-04_history=5_kernel_sizes=3x3x3_conv_channels=256x256x256_fc_dims=512_seed0
/scratch/sb272/patterns5k_results/slurm_hist_cnn_2026-03-05_16-01-45/trial_0193_learning_rate=1.0e-04_history=5_kernel_sizes=3x3x3_conv_channels=256x256x256_fc_dims=512_seed1,cnn,0.16621668422222138,0.14476489044679872,0.02293603287802802,0.01572949356502957,0.124586321413517,0.15273996304692278,640063,640063,50,0.550173333517295,5,True,0.45456832695830385,0.3996591898917215,14,0.31855225563049316,0.15167482197284698,2,"[3, 3, 3]","[256, 256, 256]",[512],6904092,bb6u17g1,939.5,trial_0193_learning_rate=1.0e-04_history=5_kernel_sizes=3x3x3_conv_channels=256x256x256_fc_dims=512_seed1,b90c112368,trial_0193_learning_rate=1.0e-04_history=5_kernel_sizes=3x3x3_conv_channels=256x256x256_fc_dims=512_seed1
/scratch/sb272/patterns5k_results/slurm_hist_cnn_2026-03-05_16-01-45/trial_0194_learning_rate=1.0e-04_history=5_kernel_sizes=3x3x3_conv_channels=256x256x256_fc_dims=1024_seed0,cnn,0.16786409950256348,0.14640362050769645,0.010249248572758265,0.006008747078123547,0.12753979861736298,0.15402054155268408,803903,803903,50,0.5662265463855211,5,True,0.45456832695830385,0.40732620097624866,14,0.31855225563049316,0.15257668495178223,2,"[3, 3, 3]","[256, 256, 256]",[1024],6904092,bb6u17g1,1101.2,trial_0194_learning_rate=1.0e-04_history=5_kernel_sizes=3x3x3_conv_channels=256x256x256_fc_dims=1024_seed0,21b278b4e7,trial_0194_learning_rate=1.0e-04_history=5_kernel_sizes=3x3x3_conv_channels=256x256x256_fc_dims=1024_seed0
/scratch/sb272/patterns5k_results/slurm_hist_cnn_2026-03-05_16-01-45/trial_0194_learning_rate=1.0e-04_history=5_kernel_sizes=3x3x3_conv_channels=256x256x256_fc_dims=1024_seed1,cnn,0.1664935097694397,0.14764887701917373,0.01828668893329681,0.013843948878939189,0.1281130611896515,0.1556341887422747,803903,803903,50,0.5739091006904136,5,True,0.45456832695830385,0.4205863619898832,17,0.31855225563049316,0.15469563007354736,2,"[3, 3, 3]","[256, 256, 256]",[1024],6904092,bb6u17g1,1099.0,trial_0194_learning_rate=1.0e-04_history=5_kernel_sizes=3x3x3_conv_channels=256x256x256_fc_dims=1024_seed1,21b278b4e7,trial_0194_learning_rate=1.0e-04_history=5_kernel_sizes=3x3x3_conv_channels=256x256x256_fc_dims=1024_seed1
/scratch/sb272/patterns5k_results/slurm_hist_cnn_2026-03-05_16-01-45/trial_0195_learning_rate=1.0e-04_history=10_kernel_sizes=3x3_conv_channels=64x128_fc_dims=128_seed0,cnn,0.17122960770130158,0.11470384235242606,0.009829580783843994,0.006113743971264552,0.10514647513628006,0.11272328471198165,69951,69951,50,0.42741845285433866,10,True,0.45456832695830385,0.29211659471349843,9,0.31855225563049316,0.1181672215461731,0,"[3, 3]","[64, 128]",[128],6904092,bb6u17g1,412.6,trial_0195_learning_rate=1.0e-04_history=10_kernel_sizes=3x3_conv_channels=64x128_fc_dims=128_seed0,f43a6d6c10,trial_0195_learning_rate=1.0e-04_history=10_kernel_sizes=3x3_conv_channels=64x128_fc_dims=128_seed0
/scratch/sb272/patterns5k_results/slurm_hist_cnn_2026-03-05_16-01-45/trial_0195_learning_rate=1.0e-04_history=10_kernel_sizes=3x3_conv_channels=64x128_fc_dims=128_seed1,cnn,0.1708452078104019,0.11720230021528959,0.011652849023304289,0.008162135169619606,0.10917342454195023,0.11770024063839997,69951,69951,50,0.4513465724309631,10,True,0.45456832695830385,0.2923929841027337,9,0.31855225563049316,0.12090069055557251,0,"[3, 3]","[64, 128]",[128],6904092,bb6u17g1,262.1,trial_0195_learning_rate=1.0e-04_history=10_kernel_sizes=3x3_conv_channels=64x128_fc_dims=128_seed1,f43a6d6c10,trial_0195_learning_rate=1.0e-04_history=10_kernel_sizes=3x3_conv_channels=64x128_fc_dims=128_seed1
/scratch/sb272/patterns5k_results/slurm_hist_cnn_2026-03-05_16-01-45/trial_0200_learning_rate=1.0e-04_history=10_kernel_sizes=5x3_conv_channels=128x256_fc_dims=1024_seed0,cnn,0.17260882711410522,0.1264861255103405,-0.001462917479257735,-0.005877469267163958,0.11811231076717377,0.13317276213186016,494399,494399,50,0.491163588140025,10,True,0.45456832695830385,0.34989872474826234,10,0.31855225563049316,0.1321326345205307,1,"[5, 3]","[128, 256]",[1024],6904631,bc11u11n1,808.5,trial_0200_learning_rate=1.0e-04_history=10_kernel_sizes=5x3_conv_channels=128x256_fc_dims=1024_seed0,3919d36709,trial_0200_learning_rate=1.0e-04_history=10_kernel_sizes=5x3_conv_channels=128x256_fc_dims=1024_seed0
/scratch/sb272/patterns5k_results/slurm_hist_cnn_2026-03-05_16-01-45/trial_0200_learning_rate=1.0e-04_history=10_kernel_sizes=5x3_conv_channels=128x256_fc_dims=1024_seed1,cnn,0.17149194407463073,0.13346684561359812,0.002660126913161505,-0.003417281877426874,0.12228518724441528,0.13891768752804978,494399,494399,50,0.5217441049418235,10,True,0.45456832695830385,0.3689749416168557,11,0.31855225563049316,0.1399734616279602,1,"[5, 3]","[128, 256]",[1024],6904631,bc11u11n1,795.1,trial_0200_learning_rate=1.0e-04_history=10_kernel_sizes=5x3_conv_channels=128x256_fc_dims=1024_seed1,3919d36709,trial_0200_learning_rate=1.0e-04_history=10_kernel_sizes=5x3_conv_channels=128x256_fc_dims=1024_seed1
/scratch/sb272/patterns5k_results/slurm_hist_cnn_2026-03-05_16-01-45/trial_0201_learning_rate=1.0e-04_history=10_kernel_sizes=3x3x3_conv_channels=32x64x128_fc_dims=128_seed0,cnn,0.16937221574783326,0.11381385759108442,0.0153818650851174,0.011295604327368357,0.0986635610461235,0.11389730092599999,66111,66111,50,0.39387746790129075,10,True,0.45456832695830385,0.2723926231049819,8,0.31855225563049316,0.11722274869680405,0,"[3, 3, 3]","[32, 64, 128]",[128],6904631,bc11u11n1,451.8,trial_0201_learning_rate=1.0e-04_history=10_kernel_sizes=3x3x3_conv_channels=32x64x128_fc_dims=128_seed0,25dee06aa4,trial_0201_learning_rate=1.0e-04_history=10_kernel_sizes=3x3x3_conv_channels=32x64x128_fc_dims=128_seed0
/scratch/sb272/patterns5k_results/slurm_hist_cnn_2026-03-05_16-01-45/trial_0201_learning_rate=1.0e-04_history=10_kernel_sizes=3x3x3_conv_channels=32x64x128_fc_dims=128_seed1,cnn,0.16939332866668702,0.114598323429797,0.015021440528687976,0.011526113464718773,0.10164660960435867,0.12072037933950124,66111,66111,50,0.40523841658170884,10,True,0.45456832695830385,0.2742005371498593,8,0.31855225563049316,0.11817304790019989,0,"[3, 3, 3]","[32, 64, 128]",[128],6904631,bc11u11n1,455.0,trial_0201_learning_rate=1.0e-04_history=10_kernel_sizes=3x3x3_conv_channels=32x64x128_fc_dims=128_seed1,25dee06aa4,trial_0201_learning_rate=1.0e-04_history=10_kernel_sizes=3x3x3_conv_channels=32x64x128_fc_dims=128_seed1
/scratch/sb272/patterns5k_results/slurm_hist_cnn_2026-03-05_16-01-45/trial_0202_learning_rate=1.0e-04_history=10_kernel_sizes=3x3x3_conv_channels=32x64x128_fc_dims=256_seed0,cnn,0.16934107542037963,0.11826861814301778,0.01531544942704458,0.011659088588896253,0.10668894648551941,0.11944205081596321,90687,90687,50,0.4277448975886601,10,True,0.45456832695830385,0.2963080966728108,9,0.31855225563049316,0.12208002060651779,0,"[3, 3, 3]","[32, 64, 128]",[256],6904631,bc11u11n1,472.1,trial_0202_learning_rate=1.0e-04_history=10_kernel_sizes=3x3x3_conv_channels=32x64x128_fc_dims=256_seed0,461533811c,trial_0202_learning_rate=1.0e-04_history=10_kernel_sizes=3x3x3_conv_channels=32x64x128_fc_dims=256_seed0
/scratch/sb272/patterns5k_results/slurm_hist_cnn_2026-03-05_16-01-45/trial_0202_learning_rate=1.0e-04_history=10_kernel_sizes=3x3x3_conv_channels=32x64x128_fc_dims=256_seed1,cnn,0.1688487216234207,0.1223616347095899,0.017203302610488164,0.013514077852642725,0.11126551032066345,0.1248579080606055,90687,90687,50,0.43950280583932755,10,True,0.45456832695830385,0.2987565610533217,9,0.31855225563049316,0.12682802975177765,0,"[3, 3, 3]","[32, 64, 128]",[256],6904631,bc11u11n1,477.4,trial_0202_learning_rate=1.0e-04_history=10_kernel_sizes=3x3x3_conv_channels=32x64x128_fc_dims=256_seed1,461533811c,trial_0202_learning_rate=1.0e-04_history=10_kernel_sizes=3x3x3_conv_channels=32x64x128_fc_dims=256_seed1
/scratch/sb272/patterns5k_results/slurm_hist_cnn_2026-03-05_16-01-45/trial_0203_learning_rate=1.0e-04_history=10_kernel_sizes=5x3x3_conv_channels=64x128x256_fc_dims=256_seed0,cnn,0.16745364236831664,0.13423692336430695,0.019818173514472112,0.014576245868016802,0.11959731578826904,0.14079573029580914,239807,239807,50,0.49871415667419167,10,True,0.45456832695830385,0.3672053028883004,11,0.31855225563049316,0.14078158140182495,1,"[5, 3, 3]","[64, 128, 256]",[256],6904631,bc11u11n1,614.2,trial_0203_learning_rate=1.0e-04_history=10_kernel_sizes=5x3x3_conv_channels=64x128x256_fc_dims=256_seed0,932a9a6439,trial_0203_learning_rate=1.0e-04_history=10_kernel_sizes=5x3x3_conv_channels=64x128x256_fc_dims=256_seed0
/scratch/sb272/patterns5k_results/slurm_hist_cnn_2026-03-05_16-01-45/trial_0203_learning_rate=1.0e-04_history=10_kernel_sizes=5x3x3_conv_channels=64x128x256_fc_dims=256_seed1,cnn,0.1673958821296692,0.13438004039215412,0.021125777373238216,0.014741021489340162,0.11535787582397461,0.14214428013761413,239807,239807,50,0.50729703082186,10,True,0.45456832695830385,0.3609122772239336,11,0.31855225563049316,0.14035865664482117,1,"[5, 3, 3]","[64, 128, 256]",[256],6904631,bc11u11n1,613.6,trial_0203_learning_rate=1.0e-04_history=10_kernel_sizes=5x3x3_conv_channels=64x128x256_fc_dims=256_seed1,932a9a6439,trial_0203_learning_rate=1.0e-04_history=10_kernel_sizes=5x3x3_conv_channels=64x128x256_fc_dims=256_seed1
/scratch/sb272/patterns5k_results/slurm_hist_cnn_2026-03-05_16-01-45/trial_0204_learning_rate=1.0e-04_history=10_kernel_sizes=5x3x3_conv_channels=64x128x256_fc_dims=512_seed0,cnn,0.16681825637817382,0.1399636675056713,0.022760855773138623,0.016901597144111755,0.12476488202810287,0.14437349649992245,321727,321727,50,0.5131341390842603,10,True,0.45456832695830385,0.36574240867356717,10,0.31855225563049316,0.14693471789360046,1,"[5, 3, 3]","[64, 128, 256]",[512],6904631,bc11u11n1,682.7,trial_0204_learning_rate=1.0e-04_history=10_kernel_sizes=5x3x3_conv_channels=64x128x256_fc_dims=512_seed0,600bf325aa,trial_0204_learning_rate=1.0e-04_history=10_kernel_sizes=5x3x3_conv_channels=64x128x256_fc_dims=512_seed0
/scratch/sb272/patterns5k_results/slurm_hist_cnn_2026-03-05_16-01-45/trial_0204_learning_rate=1.0e-04_history=10_kernel_sizes=5x3x3_conv_channels=64x128x256_fc_dims=512_seed1,cnn,0.1664585303068161,0.14054761061121832,0.024403569244203113,0.018161259000263517,0.12452203780412674,0.1467711850518633,321727,321727,50,0.5159378924071207,10,True,0.45456832695830385,0.37529982836146564,12,0.31855225563049316,0.14783740043640137,1,"[5, 3, 3]","[64, 128, 256]",[512],6904631,bc11u11n1,671.8,trial_0204_learning_rate=1.0e-04_history=10_kernel_sizes=5x3x3_conv_channels=64x128x256_fc_dims=512_seed1,600bf325aa,trial_0204_learning_rate=1.0e-04_history=10_kernel_sizes=5x3x3_conv_channels=64x128x256_fc_dims=512_seed1
/scratch/sb272/patterns5k_results/slurm_hist_cnn_2026-03-05_16-01-45/trial_0205_learning_rate=1.0e-04_history=10_kernel_sizes=5x3x3_conv_channels=64x128x256_fc_dims=1024_seed0,cnn,0.16825646030902863,0.13871429384869904,0.01646993463001554,0.012150054886227562,0.12463925778865814,0.14518294358136585,485567,485567,50,0.5006886434353877,10,True,0.45456832695830385,0.3607300890234748,11,0.31855225563049316,0.14498291909694672,1,"[5, 3, 3]","[64, 128, 256]",[1024],6904631,bc11u11n1,809.1,trial_0205_learning_rate=1.0e-04_history=10_kernel_sizes=5x3x3_conv_channels=64x128x256_fc_dims=1024_seed0,40205f9d8f,trial_0205_learning_rate=1.0e-04_history=10_kernel_sizes=5x3x3_conv_channels=64x128x256_fc_dims=1024_seed0
/scratch/sb272/patterns5k_results/slurm_hist_cnn_2026-03-05_16-01-45/trial_0205_learning_rate=1.0e-04_history=10_kernel_sizes=5x3x3_conv_channels=64x128x256_fc_dims=1024_seed1,cnn,0.167675763964653,0.14335046003294527,0.01782827339475117,0.012421035577380468,0.1268918365240097,0.14952170120599878,485567,485567,50,0.5469035446607527,10,True,0.45456832695830385,0.39199533144088233,13,0.31855225563049316,0.15053881704807281,1,"[5, 3, 3]","[64, 128, 256]",[1024],6904631,bc11u11n1,810.9,trial_0205_learning_rate=1.0e-04_history=10_kernel_sizes=5x3x3_conv_channels=64x128x256_fc_dims=1024_seed1,40205f9d8f,trial_0205_learning_rate=1.0e-04_history=10_kernel_sizes=5x3x3_conv_channels=64x128x256_fc_dims=1024_seed1
/scratch/sb272/patterns5k_results/slurm_hist_cnn_2026-03-05_16-01-45/trial_0206_learning_rate=1.0e-04_history=10_kernel_sizes=3x3x3_conv_channels=128x128x128_fc_dims=256_seed0,cnn,0.167791420340538,0.13007570273963898,0.020114753927503313,0.014290960062117804,0.11249638348817825,0.13585349147127596,188991,188991,50,0.4802653162983598,10,True,0.45456832695830385,0.3408668910465323,9,0.31855225563049316,0.13502642512321472,1,"[3, 3, 3]","[128, 128, 128]",[256],6904631,bc11u11n1,561.3,trial_0206_learning_rate=1.0e-04_history=10_kernel_sizes=3x3x3_conv_channels=128x128x128_fc_dims=256_seed0,9faff3d803,trial_0206_learning_rate=1.0e-04_history=10_kernel_sizes=3x3x3_conv_channels=128x128x128_fc_dims=256_seed0
/scratch/sb272/patterns5k_results/slurm_hist_cnn_2026-03-05_16-01-45/trial_0206_learning_rate=1.0e-04_history=10_kernel_sizes=3x3x3_conv_channels=128x128x128_fc_dims=256_seed1,cnn,0.16738292491436005,0.13275706688298258,0.02232100282396589,0.016332186403728667,0.11530856788158417,0.13872121325299774,188991,188991,50,0.5099390353211344,10,True,0.45456832695830385,0.3556404782747287,11,0.31855225563049316,0.13879163563251495,1,"[3, 3, 3]","[128, 128, 128]",[256],6904631,bc11u11n1,565.7,trial_0206_learning_rate=1.0e-04_history=10_kernel_sizes=3x3x3_conv_channels=128x128x128_fc_dims=256_seed1,9faff3d803,trial_0206_learning_rate=1.0e-04_history=10_kernel_sizes=3x3x3_conv_channels=128x128x128_fc_dims=256_seed1
/scratch/sb272/patterns5k_results/slurm_hist_cnn_2026-03-05_16-01-45/trial_0207_learning_rate=1.0e-04_history=10_kernel_sizes=3x3x3_conv_channels=128x128x128_fc_dims=512_seed0,cnn,0.16849069714546203,0.1363995316987435,0.01729133961692689,0.012043322835649763,0.12206403911113739,0.14112281578237693,238143,238143,50,0.5047328620763304,10,True,0.45456832695830385,0.35937876367870947,11,0.31855225563049316,0.14226070046424866,1,"[3, 3, 3]","[128, 128, 128]",[512],6904631,bc11u11n1,612.0,trial_0207_learning_rate=1.0e-04_history=10_kernel_sizes=3x3x3_conv_channels=128x128x128_fc_dims=512_seed0,c906df028e,trial_0207_learning_rate=1.0e-04_history=10_kernel_sizes=3x3x3_conv_channels=128x128x128_fc_dims=512_seed0
/scratch/sb272/patterns5k_results/slurm_hist_cnn_2026-03-05_16-01-45/trial_0207_learning_rate=1.0e-04_history=10_kernel_sizes=3x3x3_conv_channels=128x128x128_fc_dims=512_seed1,cnn,0.16806024384498597,0.1349640518758557,0.01890390638321165,0.012139723414466494,0.11710084974765778,0.1401423053734406,238143,238143,50,0.5206267687877293,10,True,0.45456832695830385,0.3574394132105033,10,0.31855225563049316,0.1405622363090515,1,"[3, 3, 3]","[128, 128, 128]",[512],6904631,bc11u11n1,617.3,trial_0207_learning_rate=1.0e-04_history=10_kernel_sizes=3x3x3_conv_channels=128x128x128_fc_dims=512_seed1,c906df028e,trial_0207_learning_rate=1.0e-04_history=10_kernel_sizes=3x3x3_conv_channels=128x128x128_fc_dims=512_seed1
/scratch/sb272/patterns5k_results/slurm_hist_cnn_2026-03-05_16-01-45/trial_0208_learning_rate=1.0e-04_history=10_kernel_sizes=3x3x3_conv_channels=256x256x256_fc_dims=512_seed0,cnn,0.16773886346817016,0.13850683036010444,0.018302304404122487,0.010631825242723738,0.12014097720384598,0.14809299362258643,640063,640063,50,0.5403400378401911,10,True,0.45456832695830385,0.37650257618091193,10,0.31855225563049316,0.14442698657512665,1,"[3, 3, 3]","[256, 256, 256]",[512],6904631,bc11u11n1,929.0,trial_0208_learning_rate=1.0e-04_history=10_kernel_sizes=3x3x3_conv_channels=256x256x256_fc_dims=512_seed0,37a6329ebf,trial_0208_learning_rate=1.0e-04_history=10_kernel_sizes=3x3x3_conv_channels=256x256x256_fc_dims=512_seed0
/scratch/sb272/patterns5k_results/slurm_hist_cnn_2026-03-05_16-01-45/trial_0208_learning_rate=1.0e-04_history=10_kernel_sizes=3x3x3_conv_channels=256x256x256_fc_dims=512_seed1,cnn,0.1676005129814148,0.13824139242367772,0.019121040427495562,0.010381032550145709,0.11794975399971008,0.1479534232927927,640063,640063,50,0.5410173879107314,10,True,0.45456832695830385,0.3766101586920748,11,0.31855225563049316,0.14470478892326355,1,"[3, 3, 3]","[256, 256, 256]",[512],6904631,bc11u11n1,946.3,trial_0208_learning_rate=1.0e-04_history=10_kernel_sizes=3x3x3_conv_channels=256x256x256_fc_dims=512_seed1,37a6329ebf,trial_0208_learning_rate=1.0e-04_history=10_kernel_sizes=3x3x3_conv_channels=256x256x256_fc_dims=512_seed1
/scratch/sb272/patterns5k_results/slurm_hist_cnn_2026-03-05_16-01-45/trial_0209_learning_rate=1.0e-04_history=10_kernel_sizes=3x3x3_conv_channels=256x256x256_fc_dims=1024_seed0,cnn,0.16833626556396483,0.14450319636056969,0.009728347498273093,0.0021795819676111616,0.12746788561344147,0.15134602511934228,803903,803903,50,0.5660141915841468,10,True,0.45456832695830385,0.38876209138015366,11,0.31855225563049316,0.15073993802070618,2,"[3, 3, 3]","[256, 256, 256]",[1024],6904631,bc11u11n1,950.6,trial_0209_learning_rate=1.0e-04_history=10_kernel_sizes=3x3x3_conv_channels=256x256x256_fc_dims=1024_seed0,2c1fd16233,trial_0209_learning_rate=1.0e-04_history=10_kernel_sizes=3x3x3_conv_channels=256x256x256_fc_dims=1024_seed0
/scratch/sb272/patterns5k_results/slurm_hist_cnn_2026-03-05_16-01-45/trial_0209_learning_rate=1.0e-04_history=10_kernel_sizes=3x3x3_conv_channels=256x256x256_fc_dims=1024_seed1,cnn,0.16855920791625978,0.1407696459383904,0.009542446287851485,-0.00020114202348012772,0.1184743121266365,0.15187038992899662,803903,803903,50,0.5031563431665051,10,True,0.45456832695830385,0.3627227368223084,10,0.31855225563049316,0.1466408520936966,1,"[3, 3, 3]","[256, 256, 256]",[1024],6904631,bc11u11n1,893.3,trial_0209_learning_rate=1.0e-04_history=10_kernel_sizes=3x3x3_conv_channels=256x256x256_fc_dims=1024_seed1,2c1fd16233,trial_0209_learning_rate=1.0e-04_history=10_kernel_sizes=3x3x3_conv_channels=256x256x256_fc_dims=1024_seed1
/scratch/sb272/patterns5k_results/slurm_hist_cnn_2026-03-05_16-01-45/trial_0210_learning_rate=1.0e-04_history=20_kernel_sizes=3x3_conv_channels=64x128_fc_dims=128_seed0,cnn,0.17240202808380126,0.10454695579139638,0.006424257679591103,0.006897371912759448,0.10534124076366425,0.10251575211342313,69951,69951,50,0.36285818008264215,20,True,0.45456832695830385,0.2580182234307051,5,0.31855225563049316,0.10746318101882935,0,"[3, 3]","[64, 128]",[128],6904631,bc11u11n1,365.3,trial_0210_learning_rate=1.0e-04_history=20_kernel_sizes=3x3_conv_channels=64x128_fc_dims=128_seed0,d5f8f8af00,trial_0210_learning_rate=1.0e-04_history=20_kernel_sizes=3x3_conv_channels=64x128_fc_dims=128_seed0
/scratch/sb272/patterns5k_results/slurm_hist_cnn_2026-03-05_16-01-45/trial_0210_learning_rate=1.0e-04_history=20_kernel_sizes=3x3_conv_channels=64x128_fc_dims=128_seed1,cnn,0.17316285264492035,0.10369167243612655,0.003274196670168922,0.0034236330834646073,0.10314532369375229,0.10747151094976255,69951,69951,50,0.3564218586971666,20,True,0.45456832695830385,0.25263198452237723,4,0.31855225563049316,0.10662414878606796,0,"[3, 3]","[64, 128]",[128],6904631,bc11u11n1,364.7,trial_0210_learning_rate=1.0e-04_history=20_kernel_sizes=3x3_conv_channels=64x128_fc_dims=128_seed1,d5f8f8af00,trial_0210_learning_rate=1.0e-04_history=20_kernel_sizes=3x3_conv_channels=64x128_fc_dims=128_seed1
/scratch/sb272/patterns5k_results/slurm_hist_cnn_2026-03-05_16-01-45/trial_0211_learning_rate=1.0e-04_history=20_kernel_sizes=3x3_conv_channels=64x128_fc_dims=256_seed0,cnn,0.17130826449394226,0.11711072194874682,0.010735742629520477,0.010274742330823625,0.11614912748336792,0.118532556025446,94527,94527,50,0.4240140910476754,20,True,0.45456832695830385,0.29335688035802604,6,0.31855225563049316,0.12100391089916229,0,"[3, 3]","[64, 128]",[256],6904631,bc11u11n1,384.2,trial_0211_learning_rate=1.0e-04_history=20_kernel_sizes=3x3_conv_channels=64x128_fc_dims=256_seed0,ddecedfbcc,trial_0211_learning_rate=1.0e-04_history=20_kernel_sizes=3x3_conv_channels=64x128_fc_dims=256_seed0
/scratch/sb272/patterns5k_results/slurm_hist_cnn_2026-03-05_16-01-45/trial_0211_learning_rate=1.0e-04_history=20_kernel_sizes=3x3_conv_channels=64x128_fc_dims=256_seed1,cnn,0.17117467522621155,0.1175994268962648,0.011832984666975717,0.012211614184909396,0.11710847914218903,0.12242363802990651,94527,94527,50,0.4589426676887062,20,True,0.45456832695830385,0.3247304664089573,6,0.31855225563049316,0.12207524478435516,0,"[3, 3]","[64, 128]",[256],6904631,bc11u11n1,380.4,trial_0211_learning_rate=1.0e-04_history=20_kernel_sizes=3x3_conv_channels=64x128_fc_dims=256_seed1,ddecedfbcc,trial_0211_learning_rate=1.0e-04_history=20_kernel_sizes=3x3_conv_channels=64x128_fc_dims=256_seed1
/scratch/sb272/patterns5k_results/slurm_hist_cnn_2026-03-05_16-01-45/trial_0212_learning_rate=1.0e-04_history=20_kernel_sizes=3x3_conv_channels=64x128_fc_dims=512_seed0,cnn,0.17236579895019533,0.1163340862803891,0.007049121553935702,0.008077015952458457,0.1169038638472557,0.1136845957233546,143679,143679,50,0.40938363728205057,20,True,0.45456832695830385,0.29696870211044535,6,0.31855225563049316,0.12045971304178238,0,"[3, 3]","[64, 128]",[512],6904631,bc11u11n1,423.5,trial_0212_learning_rate=1.0e-04_history=20_kernel_sizes=3x3_conv_channels=64x128_fc_dims=512_seed0,b980f99f01,trial_0212_learning_rate=1.0e-04_history=20_kernel_sizes=3x3_conv_channels=64x128_fc_dims=512_seed0
/scratch/sb272/patterns5k_results/slurm_hist_cnn_2026-03-05_16-01-45/trial_0212_learning_rate=1.0e-04_history=20_kernel_sizes=3x3_conv_channels=64x128_fc_dims=512_seed1,cnn,0.17082624650001527,0.12203241086090919,0.012189452610318624,0.011842733337765648,0.12068361043930054,0.12638010929225033,143679,143679,50,0.4595838667795376,20,True,0.45456832695830385,0.323793681773824,6,0.31855225563049316,0.12672355771064758,0,"[3, 3]","[64, 128]",[512],6904631,bc11u11n1,429.1,trial_0212_learning_rate=1.0e-04_history=20_kernel_sizes=3x3_conv_channels=64x128_fc_dims=512_seed1,b980f99f01,trial_0212_learning_rate=1.0e-04_history=20_kernel_sizes=3x3_conv_channels=64x128_fc_dims=512_seed1
/scratch/sb272/patterns5k_results/slurm_hist_cnn_2026-03-05_16-01-45/trial_0213_learning_rate=1.0e-04_history=20_kernel_sizes=5x3_conv_channels=128x256_fc_dims=256_seed0,cnn,0.17171193981170654,0.12144264598629739,0.006768010911487397,0.006938546422928098,0.12012744694948196,0.12329545299127742,248639,248639,50,0.46369260778175536,20,True,0.45456832695830385,0.3388395045943252,8,0.31855225563049316,0.12679193913936615,1,"[5, 3]","[128, 256]",[256],6904631,bc11u11n1,589.1,trial_0213_learning_rate=1.0e-04_history=20_kernel_sizes=5x3_conv_channels=128x256_fc_dims=256_seed0,d6f1df05d4,trial_0213_learning_rate=1.0e-04_history=20_kernel_sizes=5x3_conv_channels=128x256_fc_dims=256_seed0
/scratch/sb272/patterns5k_results/slurm_hist_cnn_2026-03-05_16-01-45/trial_0213_learning_rate=1.0e-04_history=20_kernel_sizes=5x3_conv_channels=128x256_fc_dims=256_seed1,cnn,0.17185551977157593,0.12231642772493893,0.004855895799303811,0.005591936527736603,0.12020187824964523,0.1301117024898756,248639,248639,50,0.46377057283985895,20,True,0.45456832695830385,0.3359119671278329,7,0.31855225563049316,0.12790481746196747,1,"[5, 3]","[128, 256]",[256],6904631,bc11u11n1,574.2,trial_0213_learning_rate=1.0e-04_history=20_kernel_sizes=5x3_conv_channels=128x256_fc_dims=256_seed1,d6f1df05d4,trial_0213_learning_rate=1.0e-04_history=20_kernel_sizes=5x3_conv_channels=128x256_fc_dims=256_seed1
/scratch/sb272/patterns5k_results/slurm_hist_cnn_2026-03-05_16-01-45/trial_0214_learning_rate=1.0e-04_history=20_kernel_sizes=5x3_conv_channels=128x256_fc_dims=512_seed0,cnn,0.17224256718158723,0.12712784149051234,0.002159191502465142,0.0029501328392634316,0.126435324549675,0.1295510282709262,330559,330559,50,0.4717373818933576,20,True,0.45456832695830385,0.33981153672510084,8,0.31855225563049316,0.13222630321979523,1,"[5, 3]","[128, 256]",[512],6904631,bc11u11n1,645.3,trial_0214_learning_rate=1.0e-04_history=20_kernel_sizes=5x3_conv_channels=128x256_fc_dims=512_seed0,78e6a12d73,trial_0214_learning_rate=1.0e-04_history=20_kernel_sizes=5x3_conv_channels=128x256_fc_dims=512_seed0
/scratch/sb272/patterns5k_results/slurm_hist_cnn_2026-03-05_16-01-45/trial_0214_learning_rate=1.0e-04_history=20_kernel_sizes=5x3_conv_channels=128x256_fc_dims=512_seed1,cnn,0.17286531126499177,0.12425843876965947,0.0011809070905049641,0.002055758521670387,0.12267308682203293,0.13153322530039335,330559,330559,50,0.4621745644436062,20,True,0.45456832695830385,0.33689023207559765,8,0.31855225563049316,0.1300707906484604,1,"[5, 3]","[128, 256]",[512],6904631,bc11u11n1,647.7,trial_0214_learning_rate=1.0e-04_history=20_kernel_sizes=5x3_conv_channels=128x256_fc_dims=512_seed1,78e6a12d73,trial_0214_learning_rate=1.0e-04_history=20_kernel_sizes=5x3_conv_channels=128x256_fc_dims=512_seed1
/scratch/sb272/patterns5k_results/slurm_hist_cnn_2026-03-05_16-01-45/trial_0215_learning_rate=1.0e-04_history=20_kernel_sizes=5x3_conv_channels=128x256_fc_dims=1024_seed0,cnn,0.17223216557502746,0.12582696800741297,0.0019200652364700559,0.0012177304616050116,0.12431298941373825,0.13051497888110655,494399,494399,50,0.4920270903401366,20,True,0.45456832695830385,0.35350115064832366,8,0.31855225563049316,0.1316245049238205,1,"[5, 3]","[128, 256]",[1024],6904631,bc11u11n1,743.8,trial_0215_learning_rate=1.0e-04_history=20_kernel_sizes=5x3_conv_channels=128x256_fc_dims=1024_seed0,56b3287225,trial_0215_learning_rate=1.0e-04_history=20_kernel_sizes=5x3_conv_channels=128x256_fc_dims=1024_seed0
/scratch/sb272/patterns5k_results/slurm_hist_cnn_2026-03-05_16-01-45/trial_0215_learning_rate=1.0e-04_history=20_kernel_sizes=5x3_conv_channels=128x256_fc_dims=1024_seed1,cnn,0.17142700743675232,0.13168568068894237,0.004179519320291186,0.0030818581581115723,0.1289452314376831,0.13888585594267794,494399,494399,50,0.5137293800643268,20,True,0.45456832695830385,0.37164833008926557,11,0.31855225563049316,0.13774220645427704,1,"[5, 3]","[128, 256]",[1024],6904631,bc11u11n1,732.9,trial_0215_learning_rate=1.0e-04_history=20_kernel_sizes=5x3_conv_channels=128x256_fc_dims=1024_seed1,56b3287225,trial_0215_learning_rate=1.0e-04_history=20_kernel_sizes=5x3_conv_channels=128x256_fc_dims=1024_seed1
/scratch/sb272/patterns5k_results/slurm_hist_cnn_2026-03-05_16-01-45/trial_0216_learning_rate=1.0e-04_history=20_kernel_sizes=3x3x3_conv_channels=32x64x128_fc_dims=128_seed0,cnn,0.17008688008785247,0.10928590750244807,0.01414563258488973,0.013072741410088918,0.1062149927020073,0.10907798068756352,66111,66111,50,0.40878951113375167,20,True,0.45456832695830385,0.2764075165261598,10,0.31855225563049316,0.11243687570095062,0,"[3, 3, 3]","[32, 64, 128]",[128],6904631,bc11u11n1,413.6,trial_0216_learning_rate=1.0e-04_history=20_kernel_sizes=3x3x3_conv_channels=32x64x128_fc_dims=128_seed0,ac4a1d52e1,trial_0216_learning_rate=1.0e-04_history=20_kernel_sizes=3x3x3_conv_channels=32x64x128_fc_dims=128_seed0
/scratch/sb272/patterns5k_results/slurm_hist_cnn_2026-03-05_16-01-45/trial_0216_learning_rate=1.0e-04_history=20_kernel_sizes=3x3x3_conv_channels=32x64x128_fc_dims=128_seed1,cnn,0.17006854951381684,0.10967423114400487,0.014061816154964386,0.012882909131428552,0.10599332302808762,0.1139331027500486,66111,66111,50,0.38325765416261737,20,True,0.45456832695830385,0.26790501593280325,5,0.31855225563049316,0.11319863051176071,0,"[3, 3, 3]","[32, 64, 128]",[128],6904631,bc11u11n1,417.4,trial_0216_learning_rate=1.0e-04_history=20_kernel_sizes=3x3x3_conv_channels=32x64x128_fc_dims=128_seed1,ac4a1d52e1,trial_0216_learning_rate=1.0e-04_history=20_kernel_sizes=3x3x3_conv_channels=32x64x128_fc_dims=128_seed1
/scratch/sb272/patterns5k_results/slurm_hist_cnn_2026-03-05_16-01-45/trial_0217_learning_rate=1.0e-04_history=20_kernel_sizes=3x3x3_conv_channels=32x64x128_fc_dims=256_seed0,cnn,0.16978085494041442,0.11463271543037616,0.015486443799639505,0.01447346569999816,0.1121537908911705,0.11564192042401601,90687,90687,50,0.40513129716735785,20,True,0.45456832695830385,0.28957757465331246,8,0.31855225563049316,0.1184871718287468,0,"[3, 3, 3]","[32, 64, 128]",[256],6904631,bc11u11n1,432.1,trial_0217_learning_rate=1.0e-04_history=20_kernel_sizes=3x3x3_conv_channels=32x64x128_fc_dims=256_seed0,cec246446a,trial_0217_learning_rate=1.0e-04_history=20_kernel_sizes=3x3x3_conv_channels=32x64x128_fc_dims=256_seed0
/scratch/sb272/patterns5k_results/slurm_hist_cnn_2026-03-05_16-01-45/trial_0217_learning_rate=1.0e-04_history=20_kernel_sizes=3x3x3_conv_channels=32x64x128_fc_dims=256_seed1,cnn,0.16998944544792174,0.11605076930633595,0.015207720181298635,0.014384540300520639,0.11433764547109604,0.11990291890048073,90687,90687,50,0.4307736162242397,20,True,0.45456832695830385,0.2949631460509333,7,0.31855225563049316,0.12026794999837875,0,"[3, 3, 3]","[32, 64, 128]",[256],6904631,bc11u11n1,437.2,trial_0217_learning_rate=1.0e-04_history=20_kernel_sizes=3x3x3_conv_channels=32x64x128_fc_dims=256_seed1,cec246446a,trial_0217_learning_rate=1.0e-04_history=20_kernel_sizes=3x3x3_conv_channels=32x64x128_fc_dims=256_seed1
/scratch/sb272/patterns5k_results/slurm_hist_cnn_2026-03-05_16-01-45/trial_0218_learning_rate=1.0e-04_history=20_kernel_sizes=5x3x3_conv_channels=64x128x256_fc_dims=256_seed0,cnn,0.16851551127433778,0.12786825597983278,0.018497853052048457,0.016502786250341506,0.12430388480424881,0.13165862526075628,239807,239807,50,0.483065168887528,20,True,0.45456832695830385,0.3477200936028212,11,0.31855225563049316,0.13384559750556946,1,"[5, 3, 3]","[64, 128, 256]",[256],6904631,bc11u11n1,571.1,trial_0218_learning_rate=1.0e-04_history=20_kernel_sizes=5x3x3_conv_channels=64x128x256_fc_dims=256_seed0,dd89067a01,trial_0218_learning_rate=1.0e-04_history=20_kernel_sizes=5x3x3_conv_channels=64x128x256_fc_dims=256_seed0
/scratch/sb272/patterns5k_results/slurm_hist_cnn_2026-03-05_16-01-45/trial_0218_learning_rate=1.0e-04_history=20_kernel_sizes=5x3x3_conv_channels=64x128x256_fc_dims=256_seed1,cnn,0.16893599128723144,0.1267370367334323,0.017170162427993046,0.015680093613881913,0.12347301840782166,0.13274838171616718,239807,239807,50,0.5040002559515029,20,True,0.45456832695830385,0.3554236111977099,11,0.31855225563049316,0.13314634561538696,1,"[5, 3, 3]","[64, 128, 256]",[256],6904631,bc11u11n1,561.1,trial_0218_learning_rate=1.0e-04_history=20_kernel_sizes=5x3x3_conv_channels=64x128x256_fc_dims=256_seed1,dd89067a01,trial_0218_learning_rate=1.0e-04_history=20_kernel_sizes=5x3x3_conv_channels=64x128x256_fc_dims=256_seed1
/scratch/sb272/patterns5k_results/slurm_hist_cnn_2026-03-05_16-01-45/trial_0219_learning_rate=1.0e-04_history=20_kernel_sizes=5x3x3_conv_channels=64x128x256_fc_dims=512_seed0,cnn,0.1682473155260086,0.13108787292736898,0.019364428898644825,0.017181862914373004,0.1267150342464447,0.13512058120638165,321727,321727,50,0.47998200357058396,20,True,0.45456832695830385,0.3516841196315993,11,0.31855225563049316,0.13681508600711823,1,"[5, 3, 3]","[64, 128, 256]",[512],6904631,bc11u11n1,610.5,trial_0219_learning_rate=1.0e-04_history=20_kernel_sizes=5x3x3_conv_channels=64x128x256_fc_dims=512_seed0,26182c9b11,trial_0219_learning_rate=1.0e-04_history=20_kernel_sizes=5x3x3_conv_channels=64x128x256_fc_dims=512_seed0
/scratch/sb272/patterns5k_results/slurm_hist_cnn_2026-03-05_16-01-45/trial_0219_learning_rate=1.0e-04_history=20_kernel_sizes=5x3x3_conv_channels=64x128x256_fc_dims=512_seed1,cnn,0.16839754796028136,0.13116633107742937,0.01858210658270215,0.016809023561931792,0.12773185968399048,0.13860311139399162,321727,321727,50,0.5080724191464763,20,True,0.45456832695830385,0.36794243882493,11,0.31855225563049316,0.13785459101200104,1,"[5, 3, 3]","[64, 128, 256]",[512],6904631,bc11u11n1,603.0,trial_0219_learning_rate=1.0e-04_history=20_kernel_sizes=5x3x3_conv_channels=64x128x256_fc_dims=512_seed1,26182c9b11,trial_0219_learning_rate=1.0e-04_history=20_kernel_sizes=5x3x3_conv_channels=64x128x256_fc_dims=512_seed1
/scratch/sb272/patterns5k_results/slurm_hist_cnn_2026-03-05_16-01-45/trial_0220_learning_rate=1.0e-04_history=20_kernel_sizes=5x3x3_conv_channels=64x128x256_fc_dims=1024_seed0,cnn,0.16950881111621857,0.1331207105475688,0.012262352875300817,0.010952073430258131,0.12921097874641418,0.13756755491755818,485567,485567,50,0.5173145026209647,20,True,0.45456832695830385,0.3697774912087914,10,0.31855225563049316,0.1388659030199051,1,"[5, 3, 3]","[64, 128, 256]",[1024],6904631,bc11u11n1,731.3,trial_0220_learning_rate=1.0e-04_history=20_kernel_sizes=5x3x3_conv_channels=64x128x256_fc_dims=1024_seed0,2acb5fd760,trial_0220_learning_rate=1.0e-04_history=20_kernel_sizes=5x3x3_conv_channels=64x128x256_fc_dims=1024_seed0
/scratch/sb272/patterns5k_results/slurm_hist_cnn_2026-03-05_16-01-45/trial_0220_learning_rate=1.0e-04_history=20_kernel_sizes=5x3x3_conv_channels=64x128x256_fc_dims=1024_seed1,cnn,0.16851479160785676,0.13644982231727962,0.017333156532711454,0.01646925343407525,0.1315222680568695,0.14306778391850544,485567,485567,50,0.4989204577375346,20,True,0.45456832695830385,0.3642260383690638,11,0.31855225563049316,0.1427244395017624,1,"[5, 3, 3]","[64, 128, 256]",[1024],6904631,bc11u11n1,742.8,trial_0220_learning_rate=1.0e-04_history=20_kernel_sizes=5x3x3_conv_channels=64x128x256_fc_dims=1024_seed1,2acb5fd760,trial_0220_learning_rate=1.0e-04_history=20_kernel_sizes=5x3x3_conv_channels=64x128x256_fc_dims=1024_seed1
/scratch/sb272/patterns5k_results/slurm_hist_cnn_2026-03-05_16-01-45/trial_0221_learning_rate=1.0e-04_history=20_kernel_sizes=3x3x3_conv_channels=128x128x128_fc_dims=256_seed0,cnn,0.16837616777420045,0.1268129687671356,0.020658992585681733,0.01800355835566445,0.121515192091465,0.13062271747314574,188991,188991,50,0.4756791338500385,20,True,0.45456832695830385,0.3416094822097894,9,0.31855225563049316,0.1316857784986496,0,"[3, 3, 3]","[128, 128, 128]",[256],6904631,bc11u11n1,510.8,trial_0221_learning_rate=1.0e-04_history=20_kernel_sizes=3x3x3_conv_channels=128x128x128_fc_dims=256_seed0,9457a68a22,trial_0221_learning_rate=1.0e-04_history=20_kernel_sizes=3x3x3_conv_channels=128x128x128_fc_dims=256_seed0
/scratch/sb272/patterns5k_results/slurm_hist_cnn_2026-03-05_16-01-45/trial_0221_learning_rate=1.0e-04_history=20_kernel_sizes=3x3x3_conv_channels=128x128x128_fc_dims=256_seed1,cnn,0.16869971668720246,0.12484056174974204,0.01934969425201416,0.017408463690016005,0.12089972198009491,0.1328746813089433,188991,188991,50,0.496792545886112,20,True,0.45456832695830385,0.349232099410981,11,0.31855225563049316,0.13036811351776123,1,"[3, 3, 3]","[128, 128, 128]",[256],6904631,bc11u11n1,517.1,trial_0221_learning_rate=1.0e-04_history=20_kernel_sizes=3x3x3_conv_channels=128x128x128_fc_dims=256_seed1,9457a68a22,trial_0221_learning_rate=1.0e-04_history=20_kernel_sizes=3x3x3_conv_channels=128x128x128_fc_dims=256_seed1
/scratch/sb272/patterns5k_results/slurm_hist_cnn_2026-03-05_16-01-45/trial_0222_learning_rate=1.0e-04_history=20_kernel_sizes=3x3x3_conv_channels=128x128x128_fc_dims=512_seed0,cnn,0.16902319943904875,0.13214120345111957,0.01711936034853496,0.015786541832817927,0.127576544880867,0.13511283215215716,238143,238143,50,0.5007981040904133,20,True,0.45456832695830385,0.353794814817948,11,0.31855225563049316,0.13733983039855957,1,"[3, 3, 3]","[128, 128, 128]",[512],6904631,bc11u11n1,557.5,trial_0222_learning_rate=1.0e-04_history=20_kernel_sizes=3x3x3_conv_channels=128x128x128_fc_dims=512_seed0,01c8ad87ed,trial_0222_learning_rate=1.0e-04_history=20_kernel_sizes=3x3x3_conv_channels=128x128x128_fc_dims=512_seed0
/scratch/sb272/patterns5k_results/slurm_hist_cnn_2026-03-05_16-01-45/trial_0222_learning_rate=1.0e-04_history=20_kernel_sizes=3x3x3_conv_channels=128x128x128_fc_dims=512_seed1,cnn,0.1695202441215515,0.1283089432085313,0.01546587830498105,0.01443629226987324,0.12289442867040634,0.13825099004587352,238143,238143,50,0.5005656312567821,20,True,0.45456832695830385,0.3540724964786016,11,0.31855225563049316,0.13367998600006104,1,"[3, 3, 3]","[128, 128, 128]",[512],6904631,bc11u11n1,554.5,trial_0222_learning_rate=1.0e-04_history=20_kernel_sizes=3x3x3_conv_channels=128x128x128_fc_dims=512_seed1,01c8ad87ed,trial_0222_learning_rate=1.0e-04_history=20_kernel_sizes=3x3x3_conv_channels=128x128x128_fc_dims=512_seed1
/scratch/sb272/patterns5k_results/slurm_hist_cnn_2026-03-05_16-01-45/trial_0223_learning_rate=1.0e-04_history=20_kernel_sizes=3x3x3_conv_channels=256x256x256_fc_dims=512_seed0,cnn,0.1687942318916321,0.1319788771210493,0.01726768035737295,0.014224754439459907,0.12648093700408936,0.1384916686805351,640063,640063,50,0.5035947950432226,20,True,0.45456832695830385,0.3641658869082793,11,0.31855225563049316,0.13747216761112213,1,"[3, 3, 3]","[256, 256, 256]",[512],6904631,bc11u11n1,849.3,trial_0223_learning_rate=1.0e-04_history=20_kernel_sizes=3x3x3_conv_channels=256x256x256_fc_dims=512_seed0,abb23f8c76,trial_0223_learning_rate=1.0e-04_history=20_kernel_sizes=3x3x3_conv_channels=256x256x256_fc_dims=512_seed0
/scratch/sb272/patterns5k_results/slurm_hist_cnn_2026-03-05_16-01-45/trial_0225_learning_rate=5.0e-04_history=1_kernel_sizes=3x3_conv_channels=64x128_fc_dims=128_seed0,cnn,0.15352971971035004,0.2393323445837842,0.07010694817891197,-0.0010069315395657978,0.093533955514431,0.2473065452917432,69951,69951,50,0.7161061985820356,1,True,0.45456832695830385,0.5929019327930841,52,0.31855225563049316,0.24924127757549286,13,"[3, 3]","[64, 128]",[128],6904632,bc11u15n1,490.5,trial_0225_learning_rate=5.0e-04_history=1_kernel_sizes=3x3_conv_channels=64x128_fc_dims=128_seed0,0d5953aca9,trial_0225_learning_rate=5.0e-04_history=1_kernel_sizes=3x3_conv_channels=64x128_fc_dims=128_seed0
/scratch/sb272/patterns5k_results/slurm_hist_cnn_2026-03-05_16-01-45/trial_0225_learning_rate=5.0e-04_history=1_kernel_sizes=3x3_conv_channels=64x128_fc_dims=128_seed1,cnn,0.15381611800193787,0.2383876473096384,0.0688798465426006,-0.0002687563971867637,0.09683924168348312,0.24557170477862683,69951,69951,50,0.7112929052195472,1,True,0.45456832695830385,0.5910858466904276,53,0.31855225563049316,0.24778516590595245,13,"[3, 3]","[64, 128]",[128],6904632,bc11u15n1,473.9,trial_0225_learning_rate=5.0e-04_history=1_kernel_sizes=3x3_conv_channels=64x128_fc_dims=128_seed1,0d5953aca9,trial_0225_learning_rate=5.0e-04_history=1_kernel_sizes=3x3_conv_channels=64x128_fc_dims=128_seed1
/scratch/sb272/patterns5k_results/slurm_hist_cnn_2026-03-05_16-01-45/trial_0226_learning_rate=5.0e-04_history=1_kernel_sizes=3x3_conv_channels=64x128_fc_dims=256_seed0,cnn,0.15307144606113435,0.24417258984098023,0.07242421403763787,-9.406085998292953e-05,0.09747180342674255,0.25242831759614875,94527,94527,50,0.7273209845930941,1,True,0.45456832695830385,0.604622948727447,56,0.31855225563049316,0.2540173828601837,13,"[3, 3]","[64, 128]",[256],6904632,bc11u15n1,493.6,trial_0226_learning_rate=5.0e-04_history=1_kernel_sizes=3x3_conv_channels=64x128_fc_dims=256_seed0,f28baa199b,trial_0226_learning_rate=5.0e-04_history=1_kernel_sizes=3x3_conv_channels=64x128_fc_dims=256_seed0
/scratch/sb272/patterns5k_results/slurm_hist_cnn_2026-03-05_16-01-45/trial_0226_learning_rate=5.0e-04_history=1_kernel_sizes=3x3_conv_channels=64x128_fc_dims=256_seed1,cnn,0.15304488861560822,0.2423388064801325,0.07163103516139681,-0.002331648554120745,0.0927223414182663,0.253204993317606,94527,94527,50,0.7271760633961842,1,True,0.45456832695830385,0.6052049905790251,54,0.31855225563049316,0.2524903118610382,14,"[3, 3]","[64, 128]",[256],6904632,bc11u15n1,492.0,trial_0226_learning_rate=5.0e-04_history=1_kernel_sizes=3x3_conv_channels=64x128_fc_dims=256_seed1,f28baa199b,trial_0226_learning_rate=5.0e-04_history=1_kernel_sizes=3x3_conv_channels=64x128_fc_dims=256_seed1
/scratch/sb272/patterns5k_results/slurm_hist_cnn_2026-03-05_16-01-45/trial_0227_learning_rate=5.0e-04_history=1_kernel_sizes=3x3_conv_channels=64x128_fc_dims=512_seed0,cnn,0.1531147121191025,0.2465331508290591,0.07239878461474464,0.001536971992916531,0.0992598831653595,0.2544640432920766,143679,143679,50,0.7331851744667572,1,True,0.45456832695830385,0.6090266293040582,55,0.31855225563049316,0.2564716041088104,14,"[3, 3]","[64, 128]",[512],6904632,bc11u15n1,547.8,trial_0227_learning_rate=5.0e-04_history=1_kernel_sizes=3x3_conv_channels=64x128_fc_dims=512_seed0,0f74c753a3,trial_0227_learning_rate=5.0e-04_history=1_kernel_sizes=3x3_conv_channels=64x128_fc_dims=512_seed0
/scratch/sb272/patterns5k_results/slurm_hist_cnn_2026-03-05_16-01-45/trial_0227_learning_rate=5.0e-04_history=1_kernel_sizes=3x3_conv_channels=64x128_fc_dims=512_seed1,cnn,0.1530878096818924,0.24607887409608195,0.07262019505576482,0.0011585023668077257,0.10090280324220657,0.25544148078627865,143679,143679,50,0.7368087717005675,1,True,0.45456832695830385,0.6093274880279526,54,0.31855225563049316,0.2562909424304962,14,"[3, 3]","[64, 128]",[512],6904632,bc11u15n1,530.7,trial_0227_learning_rate=5.0e-04_history=1_kernel_sizes=3x3_conv_channels=64x128_fc_dims=512_seed1,0f74c753a3,trial_0227_learning_rate=5.0e-04_history=1_kernel_sizes=3x3_conv_channels=64x128_fc_dims=512_seed1
/scratch/sb272/patterns5k_results/slurm_hist_cnn_2026-03-05_16-01-45/trial_0228_learning_rate=5.0e-04_history=1_kernel_sizes=5x3_conv_channels=128x256_fc_dims=256_seed0,cnn,0.1522417902946472,0.2551373317205012,0.07320721754952082,-0.002852534490918356,0.0849168449640274,0.2651112270202814,248639,248639,50,0.7493413271634475,1,True,0.45456832695830385,0.6278745625185018,58,0.31855225563049316,0.266554594039917,14,"[5, 3]","[128, 256]",[256],6904632,bc11u15n1,618.4,trial_0228_learning_rate=5.0e-04_history=1_kernel_sizes=5x3_conv_channels=128x256_fc_dims=256_seed0,fb9c88d6f2,trial_0228_learning_rate=5.0e-04_history=1_kernel_sizes=5x3_conv_channels=128x256_fc_dims=256_seed0
/scratch/sb272/patterns5k_results/slurm_hist_cnn_2026-03-05_16-01-45/trial_0228_learning_rate=5.0e-04_history=1_kernel_sizes=5x3_conv_channels=128x256_fc_dims=256_seed1,cnn,0.1521619518995285,0.25425639942204814,0.07320658555106511,-0.004679798133789547,0.0802496150135994,0.26366204888171124,248639,248639,50,0.7538584857169851,1,True,0.45456832695830385,0.6283023883818927,57,0.31855225563049316,0.26564541459083557,14,"[5, 3]","[128, 256]",[256],6904632,bc11u15n1,630.6,trial_0228_learning_rate=5.0e-04_history=1_kernel_sizes=5x3_conv_channels=128x256_fc_dims=256_seed1,fb9c88d6f2,trial_0228_learning_rate=5.0e-04_history=1_kernel_sizes=5x3_conv_channels=128x256_fc_dims=256_seed1
/scratch/sb272/patterns5k_results/slurm_hist_cnn_2026-03-05_16-01-45/trial_0229_learning_rate=5.0e-04_history=1_kernel_sizes=5x3_conv_channels=128x256_fc_dims=512_seed0,cnn,0.152220267534256,0.25684072689706866,0.07309901052051121,-0.003502869416796972,0.08340398967266083,0.26781563644627193,330559,330559,50,0.7583518832964667,1,True,0.45456832695830385,0.6362916402100658,59,0.31855225563049316,0.2684476375579834,14,"[5, 3]","[128, 256]",[512],6904632,bc11u15n1,688.1,trial_0229_learning_rate=5.0e-04_history=1_kernel_sizes=5x3_conv_channels=128x256_fc_dims=512_seed0,683fc7d110,trial_0229_learning_rate=5.0e-04_history=1_kernel_sizes=5x3_conv_channels=128x256_fc_dims=512_seed0
/scratch/sb272/patterns5k_results/slurm_hist_cnn_2026-03-05_16-01-45/trial_0229_learning_rate=5.0e-04_history=1_kernel_sizes=5x3_conv_channels=128x256_fc_dims=512_seed1,cnn,0.15197972774505616,0.2579669719554519,0.07382786273956299,-0.003284128885420542,0.08537127822637558,0.26816632391354495,330559,330559,50,0.7557036415380088,1,True,0.45456832695830385,0.6333610901550247,57,0.31855225563049316,0.2697024345397949,14,"[5, 3]","[128, 256]",[512],6904632,bc11u15n1,681.7,trial_0229_learning_rate=5.0e-04_history=1_kernel_sizes=5x3_conv_channels=128x256_fc_dims=512_seed1,683fc7d110,trial_0229_learning_rate=5.0e-04_history=1_kernel_sizes=5x3_conv_channels=128x256_fc_dims=512_seed1
/scratch/sb272/patterns5k_results/slurm_hist_cnn_2026-03-05_16-01-45/trial_0230_learning_rate=5.0e-04_history=1_kernel_sizes=5x3_conv_channels=128x256_fc_dims=1024_seed0,cnn,0.1528843733072281,0.25959616173633676,0.06595161699113392,-0.002377189341045561,0.08586487919092178,0.2688734677576169,494399,494399,50,0.7605417178082045,1,True,0.45456832695830385,0.6355031734544464,59,0.31855225563049316,0.2707735002040863,14,"[5, 3]","[128, 256]",[1024],6904632,bc11u15n1,840.4,trial_0230_learning_rate=5.0e-04_history=1_kernel_sizes=5x3_conv_channels=128x256_fc_dims=1024_seed0,f410f2f0f7,trial_0230_learning_rate=5.0e-04_history=1_kernel_sizes=5x3_conv_channels=128x256_fc_dims=1024_seed0
/scratch/sb272/patterns5k_results/slurm_hist_cnn_2026-03-05_16-01-45/trial_0230_learning_rate=5.0e-04_history=1_kernel_sizes=5x3_conv_channels=128x256_fc_dims=1024_seed1,cnn,0.15247014093399047,0.25956806838695873,0.06571162314642043,-0.005954874886406792,0.08050169795751572,0.2691705357817698,494399,494399,50,0.7661957459620253,1,True,0.45456832695830385,0.6384863203844399,59,0.31855225563049316,0.2704094350337982,15,"[5, 3]","[128, 256]",[1024],6904632,bc11u15n1,778.3,trial_0230_learning_rate=5.0e-04_history=1_kernel_sizes=5x3_conv_channels=128x256_fc_dims=1024_seed1,f410f2f0f7,trial_0230_learning_rate=5.0e-04_history=1_kernel_sizes=5x3_conv_channels=128x256_fc_dims=1024_seed1
/scratch/sb272/patterns5k_results/slurm_hist_cnn_2026-03-05_16-01-45/trial_0231_learning_rate=5.0e-04_history=1_kernel_sizes=3x3x3_conv_channels=32x64x128_fc_dims=128_seed0,cnn,0.15302307569980622,0.2288236594536058,0.061778073273007834,-0.015671927777547685,0.056335773319005966,0.23165471520121717,66111,66111,50,0.6491284416786404,1,True,0.45456832695830385,0.521089427926683,42,0.31855225563049316,0.23638300597667694,12,"[3, 3, 3]","[32, 64, 128]",[128],6904632,bc11u15n1,426.8,trial_0231_learning_rate=5.0e-04_history=1_kernel_sizes=3x3x3_conv_channels=32x64x128_fc_dims=128_seed0,8d674dcafb,trial_0231_learning_rate=5.0e-04_history=1_kernel_sizes=3x3x3_conv_channels=32x64x128_fc_dims=128_seed0
/scratch/sb272/patterns5k_results/slurm_hist_cnn_2026-03-05_16-01-45/trial_0231_learning_rate=5.0e-04_history=1_kernel_sizes=3x3x3_conv_channels=32x64x128_fc_dims=128_seed1,cnn,0.15314453077316284,0.226495545495916,0.061688346522195,-0.015017339161464147,0.056795813143253326,0.2322583251459046,66111,66111,50,0.6588497737239604,1,True,0.45456832695830385,0.5294223645571676,43,0.31855225563049316,0.23440977931022644,12,"[3, 3, 3]","[32, 64, 128]",[128],6904632,bc11u15n1,424.7,trial_0231_learning_rate=5.0e-04_history=1_kernel_sizes=3x3x3_conv_channels=32x64x128_fc_dims=128_seed1,8d674dcafb,trial_0231_learning_rate=5.0e-04_history=1_kernel_sizes=3x3x3_conv_channels=32x64x128_fc_dims=128_seed1
/scratch/sb272/patterns5k_results/slurm_hist_cnn_2026-03-05_16-01-45/trial_0232_learning_rate=5.0e-04_history=1_kernel_sizes=3x3x3_conv_channels=32x64x128_fc_dims=256_seed0,cnn,0.15259106647968293,0.2341692225517291,0.06594164976997981,-0.012251130172184535,0.05818736180663109,0.2394585061411037,90687,90687,50,0.6643433386258992,1,True,0.45456832695830385,0.5345216127096505,45,0.31855225563049316,0.24249781668186188,14,"[3, 3, 3]","[32, 64, 128]",[256],6904632,bc11u15n1,445.4,trial_0232_learning_rate=5.0e-04_history=1_kernel_sizes=3x3x3_conv_channels=32x64x128_fc_dims=256_seed0,a0ab765976,trial_0232_learning_rate=5.0e-04_history=1_kernel_sizes=3x3x3_conv_channels=32x64x128_fc_dims=256_seed0
/scratch/sb272/patterns5k_results/slurm_hist_cnn_2026-03-05_16-01-45/trial_0232_learning_rate=5.0e-04_history=1_kernel_sizes=3x3x3_conv_channels=32x64x128_fc_dims=256_seed1,cnn,0.1523884688615799,0.2350977118060023,0.06638254154296148,-0.013424571544405014,0.05704900249838829,0.2415128021907916,90687,90687,50,0.6765778194960864,1,True,0.45456832695830385,0.5400194142587464,45,0.31855225563049316,0.24280841648578644,14,"[3, 3, 3]","[32, 64, 128]",[256],6904632,bc11u15n1,481.6,trial_0232_learning_rate=5.0e-04_history=1_kernel_sizes=3x3x3_conv_channels=32x64x128_fc_dims=256_seed1,a0ab765976,trial_0232_learning_rate=5.0e-04_history=1_kernel_sizes=3x3x3_conv_channels=32x64x128_fc_dims=256_seed1
/scratch/sb272/patterns5k_results/slurm_hist_cnn_2026-03-05_16-01-45/trial_0233_learning_rate=5.0e-04_history=1_kernel_sizes=5x3x3_conv_channels=64x128x256_fc_dims=256_seed0,cnn,0.14974794983863832,0.258200447241283,0.08117316639612591,-0.017659181640261694,0.054124996066093445,0.266614235820921,239807,239807,50,0.7244822472603013,1,True,0.45456832695830385,0.5916911987030059,52,0.31855225563049316,0.26855674386024475,15,"[5, 3, 3]","[64, 128, 256]",[256],6904632,bc11u15n1,673.9,trial_0233_learning_rate=5.0e-04_history=1_kernel_sizes=5x3x3_conv_channels=64x128x256_fc_dims=256_seed0,eb65587bf8,trial_0233_learning_rate=5.0e-04_history=1_kernel_sizes=5x3x3_conv_channels=64x128x256_fc_dims=256_seed0
/scratch/sb272/patterns5k_results/slurm_hist_cnn_2026-03-05_16-01-45/trial_0233_learning_rate=5.0e-04_history=1_kernel_sizes=5x3x3_conv_channels=64x128x256_fc_dims=256_seed1,cnn,0.1499454689025879,0.2589519772648499,0.0804781298788767,-0.020636082641662112,0.05559839680790901,0.2665367201552613,239807,239807,50,0.7289717946405346,1,True,0.45456832695830385,0.5920455961600989,51,0.31855225563049316,0.2692568600177765,15,"[5, 3, 3]","[64, 128, 256]",[256],6904632,bc11u15n1,627.5,trial_0233_learning_rate=5.0e-04_history=1_kernel_sizes=5x3x3_conv_channels=64x128x256_fc_dims=256_seed1,eb65587bf8,trial_0233_learning_rate=5.0e-04_history=1_kernel_sizes=5x3x3_conv_channels=64x128x256_fc_dims=256_seed1
/scratch/sb272/patterns5k_results/slurm_hist_cnn_2026-03-05_16-01-45/trial_0234_learning_rate=5.0e-04_history=1_kernel_sizes=5x3x3_conv_channels=64x128x256_fc_dims=512_seed0,cnn,0.14924641954898835,0.2612381161983929,0.08285077980586461,-0.0152523848745558,0.062229759991168976,0.27010841812690106,321727,321727,50,0.7311488692646225,1,True,0.45456832695830385,0.5944551442152549,53,0.31855225563049316,0.2711465358734131,15,"[5, 3, 3]","[64, 128, 256]",[512],6904632,bc11u15n1,658.8,trial_0234_learning_rate=5.0e-04_history=1_kernel_sizes=5x3x3_conv_channels=64x128x256_fc_dims=512_seed0,04b91b321a,trial_0234_learning_rate=5.0e-04_history=1_kernel_sizes=5x3x3_conv_channels=64x128x256_fc_dims=512_seed0
/scratch/sb272/patterns5k_results/slurm_hist_cnn_2026-03-05_16-01-45/trial_0234_learning_rate=5.0e-04_history=1_kernel_sizes=5x3x3_conv_channels=64x128x256_fc_dims=512_seed1,cnn,0.14944208478927612,0.2600321484868423,0.08212721726251027,-0.014643171476939368,0.06188493221998215,0.2701049297226215,321727,321727,50,0.7371107831026285,1,True,0.45456832695830385,0.5981737581025873,51,0.31855225563049316,0.2709287106990814,16,"[5, 3, 3]","[64, 128, 256]",[512],6904632,bc11u15n1,653.7,trial_0234_learning_rate=5.0e-04_history=1_kernel_sizes=5x3x3_conv_channels=64x128x256_fc_dims=512_seed1,04b91b321a,trial_0234_learning_rate=5.0e-04_history=1_kernel_sizes=5x3x3_conv_channels=64x128x256_fc_dims=512_seed1
/scratch/sb272/patterns5k_results/slurm_hist_cnn_2026-03-05_16-01-45/trial_0235_learning_rate=5.0e-04_history=1_kernel_sizes=5x3x3_conv_channels=64x128x256_fc_dims=1024_seed0,cnn,0.14962178647518157,0.2620898724910539,0.0823153645273239,-0.013555648781004407,0.059867069125175476,0.27175669544098036,485567,485567,50,0.7301512666740495,1,True,0.45456832695830385,0.5941245227844951,53,0.31855225563049316,0.2726423144340515,16,"[5, 3, 3]","[64, 128, 256]",[1024],6904632,bc11u15n1,838.9,trial_0235_learning_rate=5.0e-04_history=1_kernel_sizes=5x3x3_conv_channels=64x128x256_fc_dims=1024_seed0,b01dc57ff6,trial_0235_learning_rate=5.0e-04_history=1_kernel_sizes=5x3x3_conv_channels=64x128x256_fc_dims=1024_seed0
/scratch/sb272/patterns5k_results/slurm_hist_cnn_2026-03-05_16-01-45/trial_0235_learning_rate=5.0e-04_history=1_kernel_sizes=5x3x3_conv_channels=64x128x256_fc_dims=1024_seed1,cnn,0.14968650019168853,0.25927574688222843,0.08136592687122406,-0.015533412259722513,0.058570023626089096,0.2716331232432765,485567,485567,50,0.7378619551068542,1,True,0.45456832695830385,0.6024665866892669,54,0.31855225563049316,0.2700878977775574,16,"[5, 3, 3]","[64, 128, 256]",[1024],6904632,bc11u15n1,630.6,trial_0235_learning_rate=5.0e-04_history=1_kernel_sizes=5x3x3_conv_channels=64x128x256_fc_dims=1024_seed1,b01dc57ff6,trial_0235_learning_rate=5.0e-04_history=1_kernel_sizes=5x3x3_conv_channels=64x128x256_fc_dims=1024_seed1
/scratch/sb272/patterns5k_results/slurm_hist_cnn_2026-03-05_16-01-45/trial_0236_learning_rate=5.0e-04_history=1_kernel_sizes=3x3x3_conv_channels=128x128x128_fc_dims=256_seed0,cnn,0.1502006015777588,0.2555608476815987,0.0803774983163864,-0.011708153618706597,0.06773006916046143,0.264102903954244,188991,188991,50,0.7249743928407546,1,True,0.45456832695830385,0.5900570592192697,52,0.31855225563049316,0.2660079896450043,15,"[3, 3, 3]","[128, 128, 128]",[256],6904632,bc11u15n1,419.4,trial_0236_learning_rate=5.0e-04_history=1_kernel_sizes=3x3x3_conv_channels=128x128x128_fc_dims=256_seed0,e912930df2,trial_0236_learning_rate=5.0e-04_history=1_kernel_sizes=3x3x3_conv_channels=128x128x128_fc_dims=256_seed0
/scratch/sb272/patterns5k_results/slurm_hist_cnn_2026-03-05_16-01-45/trial_0236_learning_rate=5.0e-04_history=1_kernel_sizes=3x3x3_conv_channels=128x128x128_fc_dims=256_seed1,cnn,0.1499791204929352,0.2577653116411869,0.08159992051503015,-0.013808492630247086,0.06349502503871918,0.26579551196773515,188991,188991,50,0.7285624705380532,1,True,0.45456832695830385,0.5964564702652835,53,0.31855225563049316,0.2683887183666229,15,"[3, 3, 3]","[128, 128, 128]",[256],6904632,bc11u15n1,427.2,trial_0236_learning_rate=5.0e-04_history=1_kernel_sizes=3x3x3_conv_channels=128x128x128_fc_dims=256_seed1,e912930df2,trial_0236_learning_rate=5.0e-04_history=1_kernel_sizes=3x3x3_conv_channels=128x128x128_fc_dims=256_seed1
/scratch/sb272/patterns5k_results/slurm_hist_cnn_2026-03-05_16-01-45/trial_0237_learning_rate=5.0e-04_history=1_kernel_sizes=3x3x3_conv_channels=128x128x128_fc_dims=512_seed0,cnn,0.1504661283493042,0.25984883386617386,0.08001105274472918,-0.011039051744672988,0.06462015211582184,0.26947478902486877,238143,238143,50,0.7288889594350686,1,True,0.45456832695830385,0.5959011697053166,53,0.31855225563049316,0.27007946372032166,14,"[3, 3, 3]","[128, 128, 128]",[512],6904632,bc11u15n1,458.2,trial_0237_learning_rate=5.0e-04_history=1_kernel_sizes=3x3x3_conv_channels=128x128x128_fc_dims=512_seed0,bfc53cf0f4,trial_0237_learning_rate=5.0e-04_history=1_kernel_sizes=3x3x3_conv_channels=128x128x128_fc_dims=512_seed0
/scratch/sb272/patterns5k_results/slurm_hist_cnn_2026-03-05_16-01-45/trial_0237_learning_rate=5.0e-04_history=1_kernel_sizes=3x3x3_conv_channels=128x128x128_fc_dims=512_seed1,cnn,0.1497623596191406,0.258837923531164,0.08054580669554454,-0.015205986916072785,0.061072155833244324,0.2697908678635769,238143,238143,50,0.7347898318471142,1,True,0.45456832695830385,0.5989565096736628,52,0.31855225563049316,0.26839131116867065,15,"[3, 3, 3]","[128, 128, 128]",[512],6904632,bc11u15n1,458.3,trial_0237_learning_rate=5.0e-04_history=1_kernel_sizes=3x3x3_conv_channels=128x128x128_fc_dims=512_seed1,bfc53cf0f4,trial_0237_learning_rate=5.0e-04_history=1_kernel_sizes=3x3x3_conv_channels=128x128x128_fc_dims=512_seed1
/scratch/sb272/patterns5k_results/slurm_hist_cnn_2026-03-05_16-01-45/trial_0238_learning_rate=5.0e-04_history=1_kernel_sizes=3x3x3_conv_channels=256x256x256_fc_dims=512_seed0,cnn,0.1496652054786682,0.26771584169289414,0.08552868782527863,-0.01618933015399509,0.0671529695391655,0.27774996156619786,640063,640063,50,0.7763042393990169,1,True,0.45456832695830385,0.6362336349733828,58,0.31855225563049316,0.279567688703537,16,"[3, 3, 3]","[256, 256, 256]",[512],6904632,bc11u15n1,1014.6,trial_0238_learning_rate=5.0e-04_history=1_kernel_sizes=3x3x3_conv_channels=256x256x256_fc_dims=512_seed0,c162524e02,trial_0238_learning_rate=5.0e-04_history=1_kernel_sizes=3x3x3_conv_channels=256x256x256_fc_dims=512_seed0
/scratch/sb272/patterns5k_results/slurm_hist_cnn_2026-03-05_16-01-45/trial_0238_learning_rate=5.0e-04_history=1_kernel_sizes=3x3x3_conv_channels=256x256x256_fc_dims=512_seed1,cnn,0.14958369612693787,0.2673024186232312,0.08505579308857994,-0.01901454774160234,0.06197550147771835,0.27936744139827246,640063,640063,50,0.7768327860977143,1,True,0.45456832695830385,0.6373820746879866,58,0.31855225563049316,0.27887117862701416,16,"[3, 3, 3]","[256, 256, 256]",[512],6904632,bc11u15n1,1169.1,trial_0238_learning_rate=5.0e-04_history=1_kernel_sizes=3x3x3_conv_channels=256x256x256_fc_dims=512_seed1,c162524e02,trial_0238_learning_rate=5.0e-04_history=1_kernel_sizes=3x3x3_conv_channels=256x256x256_fc_dims=512_seed1
/scratch/sb272/patterns5k_results/slurm_hist_cnn_2026-03-05_16-01-45/trial_0239_learning_rate=5.0e-04_history=1_kernel_sizes=3x3x3_conv_channels=256x256x256_fc_dims=1024_seed0,cnn,0.14957214140892028,0.26892413697428397,0.08316360958038814,-0.01910468415608482,0.06066758930683136,0.2800158271758644,803903,803903,50,0.7764780605038706,1,True,0.45456832695830385,0.6416586277379006,58,0.31855225563049316,0.28023093938827515,16,"[3, 3, 3]","[256, 256, 256]",[1024],6904632,bc11u15n1,1343.7,trial_0239_learning_rate=5.0e-04_history=1_kernel_sizes=3x3x3_conv_channels=256x256x256_fc_dims=1024_seed0,37ab4e5754,trial_0239_learning_rate=5.0e-04_history=1_kernel_sizes=3x3x3_conv_channels=256x256x256_fc_dims=1024_seed0
/scratch/sb272/patterns5k_results/slurm_hist_cnn_2026-03-05_16-01-45/trial_0239_learning_rate=5.0e-04_history=1_kernel_sizes=3x3x3_conv_channels=256x256x256_fc_dims=1024_seed1,cnn,0.149486288189888,0.2677126844784355,0.08052406424567812,-0.018731759654151067,0.06015177071094513,0.2796774400052484,803903,803903,47,0.7772997625492161,1,True,0.45456832695830385,0.6419250288086186,59,0.31855225563049316,0.27912551164627075,16,"[3, 3, 3]","[256, 256, 256]",[1024],6904632,bc11u15n1,1280.5,trial_0239_learning_rate=5.0e-04_history=1_kernel_sizes=3x3x3_conv_channels=256x256x256_fc_dims=1024_seed1,37ab4e5754,trial_0239_learning_rate=5.0e-04_history=1_kernel_sizes=3x3x3_conv_channels=256x256x256_fc_dims=1024_seed1
/scratch/sb272/patterns5k_results/slurm_hist_cnn_2026-03-05_16-01-45/trial_0240_learning_rate=5.0e-04_history=2_kernel_sizes=3x3_conv_channels=64x128_fc_dims=128_seed0,cnn,0.15471752297878266,0.23667836664390388,0.06949271474565778,0.003611904288095141,0.10041491687297821,0.24539486092956214,69951,69951,50,0.70994123047303,2,True,0.45456832695830385,0.5832691143195828,52,0.31855225563049316,0.24610456824302673,8,"[3, 3]","[64, 128]",[128],6904632,bc11u15n1,551.3,trial_0240_learning_rate=5.0e-04_history=2_kernel_sizes=3x3_conv_channels=64x128_fc_dims=128_seed0,e82a0f32f3,trial_0240_learning_rate=5.0e-04_history=2_kernel_sizes=3x3_conv_channels=64x128_fc_dims=128_seed0
/scratch/sb272/patterns5k_results/slurm_hist_cnn_2026-03-05_16-01-45/trial_0240_learning_rate=5.0e-04_history=2_kernel_sizes=3x3_conv_channels=64x128_fc_dims=128_seed1,cnn,0.1548343997001648,0.23596160982975434,0.06873192011363922,0.0033237498904031423,0.09893408417701721,0.2459781498040675,69951,69951,50,0.7098176355309878,2,True,0.45456832695830385,0.5866292502886209,51,0.31855225563049316,0.2455967217683792,8,"[3, 3]","[64, 128]",[128],6904632,bc11u15n1,545.8,trial_0240_learning_rate=5.0e-04_history=2_kernel_sizes=3x3_conv_channels=64x128_fc_dims=128_seed1,e82a0f32f3,trial_0240_learning_rate=5.0e-04_history=2_kernel_sizes=3x3_conv_channels=64x128_fc_dims=128_seed1
/scratch/sb272/patterns5k_results/slurm_hist_cnn_2026-03-05_16-01-45/trial_0241_learning_rate=5.0e-04_history=2_kernel_sizes=3x3_conv_channels=64x128_fc_dims=256_seed0,cnn,0.15445217156410218,0.239389140065296,0.07088922886621385,0.005306173884679401,0.105237677693367,0.2484421243629007,94527,94527,50,0.7159046170045212,2,True,0.45456832695830385,0.5907362838252778,52,0.31855225563049316,0.2488747388124466,8,"[3, 3]","[64, 128]",[256],6904632,bc11u15n1,578.6,trial_0241_learning_rate=5.0e-04_history=2_kernel_sizes=3x3_conv_channels=64x128_fc_dims=256_seed0,fe105c6c82,trial_0241_learning_rate=5.0e-04_history=2_kernel_sizes=3x3_conv_channels=64x128_fc_dims=256_seed0
/scratch/sb272/patterns5k_results/slurm_hist_cnn_2026-03-05_16-01-45/trial_0241_learning_rate=5.0e-04_history=2_kernel_sizes=3x3_conv_channels=64x128_fc_dims=256_seed1,cnn,0.15427303683757781,0.2410028600033783,0.07190417770355467,0.005572549880497039,0.10429403185844421,0.25143242545178957,94527,94527,50,0.7148854536595058,2,True,0.45456832695830385,0.5931183497157542,53,0.31855225563049316,0.25117501616477966,8,"[3, 3]","[64, 128]",[256],6904632,bc11u15n1,584.8,trial_0241_learning_rate=5.0e-04_history=2_kernel_sizes=3x3_conv_channels=64x128_fc_dims=256_seed1,fe105c6c82,trial_0241_learning_rate=5.0e-04_history=2_kernel_sizes=3x3_conv_channels=64x128_fc_dims=256_seed1
/scratch/sb272/patterns5k_results/slurm_hist_cnn_2026-03-05_16-01-45/trial_0242_learning_rate=5.0e-04_history=2_kernel_sizes=3x3_conv_channels=64x128_fc_dims=512_seed0,cnn,0.1541324679851532,0.24351282529861337,0.07293638823524354,0.0062888482260325595,0.10795272141695023,0.2532823567541422,143679,143679,50,0.7244377008975624,2,True,0.45456832695830385,0.6014921330771688,53,0.31855225563049316,0.2538129687309265,10,"[3, 3]","[64, 128]",[512],6904632,bc11u15n1,634.7,trial_0242_learning_rate=5.0e-04_history=2_kernel_sizes=3x3_conv_channels=64x128_fc_dims=512_seed0,50a8464242,trial_0242_learning_rate=5.0e-04_history=2_kernel_sizes=3x3_conv_channels=64x128_fc_dims=512_seed0
/scratch/sb272/patterns5k_results/slurm_hist_cnn_2026-03-05_16-01-45/trial_0242_learning_rate=5.0e-04_history=2_kernel_sizes=3x3_conv_channels=64x128_fc_dims=512_seed1,cnn,0.1538691294193268,0.24407544165607736,0.0734007613999503,0.005555730017404708,0.10352954268455505,0.25610484923192023,143679,143679,50,0.7298761476124067,2,True,0.45456832695830385,0.6048878265816451,54,0.31855225563049316,0.2544316053390503,11,"[3, 3]","[64, 128]",[512],6904632,bc11u15n1,631.1,trial_0242_learning_rate=5.0e-04_history=2_kernel_sizes=3x3_conv_channels=64x128_fc_dims=512_seed1,50a8464242,trial_0242_learning_rate=5.0e-04_history=2_kernel_sizes=3x3_conv_channels=64x128_fc_dims=512_seed1
/scratch/sb272/patterns5k_results/slurm_hist_cnn_2026-03-05_16-01-45/trial_0243_learning_rate=5.0e-04_history=2_kernel_sizes=5x3_conv_channels=128x256_fc_dims=256_seed0,cnn,0.15407163834571838,0.24701446792446327,0.07064216855972533,0.002922146093277704,0.09601989388465881,0.2586412366855458,248639,248639,50,0.7437977327280721,2,True,0.45456832695830385,0.6171142688092064,57,0.31855225563049316,0.2588104009628296,10,"[5, 3]","[128, 256]",[256],6904632,bc11u15n1,709.9,trial_0243_learning_rate=5.0e-04_history=2_kernel_sizes=5x3_conv_channels=128x256_fc_dims=256_seed0,91d74c4d7a,trial_0243_learning_rate=5.0e-04_history=2_kernel_sizes=5x3_conv_channels=128x256_fc_dims=256_seed0
/scratch/sb272/patterns5k_results/slurm_hist_cnn_2026-03-05_16-01-45/trial_0243_learning_rate=5.0e-04_history=2_kernel_sizes=5x3_conv_channels=128x256_fc_dims=256_seed1,cnn,0.15422470140457153,0.24710690107699607,0.06921380758285522,0.002004208072783455,0.09236203134059906,0.25855733519488017,248639,248639,50,0.7470749289189096,2,True,0.45456832695830385,0.6187012416316269,56,0.31855225563049316,0.25825035572052,11,"[5, 3]","[128, 256]",[256],6904632,bc11u15n1,734.9,trial_0243_learning_rate=5.0e-04_history=2_kernel_sizes=5x3_conv_channels=128x256_fc_dims=256_seed1,91d74c4d7a,trial_0243_learning_rate=5.0e-04_history=2_kernel_sizes=5x3_conv_channels=128x256_fc_dims=256_seed1
/scratch/sb272/patterns5k_results/slurm_hist_cnn_2026-03-05_16-01-45/trial_0244_learning_rate=5.0e-04_history=2_kernel_sizes=5x3_conv_channels=128x256_fc_dims=512_seed0,cnn,0.1541767737865448,0.24955882712811572,0.06909838366130042,0.004523960370866079,0.09815007448196411,0.26038579653600474,330559,330559,50,0.7603632971806271,2,True,0.45456832695830385,0.6302820283400262,57,0.31855225563049316,0.2613862156867981,11,"[5, 3]","[128, 256]",[512],6904632,bc11u15n1,820.8,trial_0244_learning_rate=5.0e-04_history=2_kernel_sizes=5x3_conv_channels=128x256_fc_dims=512_seed0,1dccd98331,trial_0244_learning_rate=5.0e-04_history=2_kernel_sizes=5x3_conv_channels=128x256_fc_dims=512_seed0
/scratch/sb272/patterns5k_results/slurm_hist_cnn_2026-03-05_16-01-45/trial_0244_learning_rate=5.0e-04_history=2_kernel_sizes=5x3_conv_channels=128x256_fc_dims=512_seed1,cnn,0.15480345964431763,0.24785759372396152,0.0635184749724373,0.0025794260085575164,0.09375488013029099,0.2589670925659579,330559,330559,50,0.7538694784791593,2,True,0.45456832695830385,0.6242156223152515,58,0.31855225563049316,0.25870564579963684,11,"[5, 3]","[128, 256]",[512],6904632,bc11u15n1,811.9,trial_0244_learning_rate=5.0e-04_history=2_kernel_sizes=5x3_conv_channels=128x256_fc_dims=512_seed1,1dccd98331,trial_0244_learning_rate=5.0e-04_history=2_kernel_sizes=5x3_conv_channels=128x256_fc_dims=512_seed1
/scratch/sb272/patterns5k_results/slurm_hist_cnn_2026-03-05_16-01-45/trial_0245_learning_rate=5.0e-04_history=2_kernel_sizes=5x3_conv_channels=128x256_fc_dims=1024_seed0,cnn,0.15614122617244722,0.24862646494834117,0.055496465592157276,0.0030760358250330366,0.09372807294130325,0.2599986865818434,494399,494399,50,0.7525765759334487,2,True,0.45456832695830385,0.6237999897247354,59,0.31855225563049316,0.25985419750213623,11,"[5, 3]","[128, 256]",[1024],6904632,bc11u15n1,984.6,trial_0245_learning_rate=5.0e-04_history=2_kernel_sizes=5x3_conv_channels=128x256_fc_dims=1024_seed0,edaf9fcc53,trial_0245_learning_rate=5.0e-04_history=2_kernel_sizes=5x3_conv_channels=128x256_fc_dims=1024_seed0
/scratch/sb272/patterns5k_results/slurm_hist_cnn_2026-03-05_16-01-45/trial_0245_learning_rate=5.0e-04_history=2_kernel_sizes=5x3_conv_channels=128x256_fc_dims=1024_seed1,cnn,0.1550642373561859,0.25118997766702156,0.06251834214679779,0.002825115408216204,0.09357814490795135,0.2617345666825743,494399,494399,50,0.7534287308102977,2,True,0.45456832695830385,0.6276922358961197,59,0.31855225563049316,0.2624672055244446,11,"[5, 3]","[128, 256]",[1024],6904632,bc11u15n1,998.2,trial_0245_learning_rate=5.0e-04_history=2_kernel_sizes=5x3_conv_channels=128x256_fc_dims=1024_seed1,edaf9fcc53,trial_0245_learning_rate=5.0e-04_history=2_kernel_sizes=5x3_conv_channels=128x256_fc_dims=1024_seed1
/scratch/sb272/patterns5k_results/slurm_hist_cnn_2026-03-05_16-01-45/trial_0250_learning_rate=5.0e-04_history=2_kernel_sizes=5x3x3_conv_channels=64x128x256_fc_dims=1024_seed0,cnn,0.15137093937397003,0.2542452318219535,0.07848776143694682,-0.00922336843278673,0.06999466568231583,0.264848564183223,485567,485567,50,0.7299198404767012,2,True,0.45456832695830385,0.5847935647279926,51,0.31855225563049316,0.26483723521232605,13,"[5, 3, 3]","[64, 128, 256]",[1024],6904644,bc11u13n1,707.2,trial_0250_learning_rate=5.0e-04_history=2_kernel_sizes=5x3x3_conv_channels=64x128x256_fc_dims=1024_seed0,c015c9ddff,trial_0250_learning_rate=5.0e-04_history=2_kernel_sizes=5x3x3_conv_channels=64x128x256_fc_dims=1024_seed0
/scratch/sb272/patterns5k_results/slurm_hist_cnn_2026-03-05_16-01-45/trial_0250_learning_rate=5.0e-04_history=2_kernel_sizes=5x3x3_conv_channels=64x128x256_fc_dims=1024_seed1,cnn,0.1512800805568695,0.2515784801932108,0.0782809787326389,-0.010069550975920662,0.07384247332811356,0.26317104372200173,485567,485567,50,0.7337684163348271,2,True,0.45456832695830385,0.5927571809425478,53,0.31855225563049316,0.2620895504951477,12,"[5, 3, 3]","[64, 128, 256]",[1024],6904644,bc11u13n1,683.6,trial_0250_learning_rate=5.0e-04_history=2_kernel_sizes=5x3x3_conv_channels=64x128x256_fc_dims=1024_seed1,c015c9ddff,trial_0250_learning_rate=5.0e-04_history=2_kernel_sizes=5x3x3_conv_channels=64x128x256_fc_dims=1024_seed1
/scratch/sb272/patterns5k_results/slurm_hist_cnn_2026-03-05_16-01-45/trial_0251_learning_rate=5.0e-04_history=2_kernel_sizes=3x3x3_conv_channels=128x128x128_fc_dims=256_seed0,cnn,0.15208877170085908,0.24999832048436166,0.07743483214151292,-0.006836601666041783,0.0741218850016594,0.26022565887079563,188991,188991,50,0.7223814567042688,2,True,0.45456832695830385,0.5863863454764073,50,0.31855225563049316,0.26007142663002014,12,"[3, 3, 3]","[128, 128, 128]",[256],6904644,bc11u13n1,479.3,trial_0251_learning_rate=5.0e-04_history=2_kernel_sizes=3x3x3_conv_channels=128x128x128_fc_dims=256_seed0,a6d0fc96c0,trial_0251_learning_rate=5.0e-04_history=2_kernel_sizes=3x3x3_conv_channels=128x128x128_fc_dims=256_seed0
/scratch/sb272/patterns5k_results/slurm_hist_cnn_2026-03-05_16-01-45/trial_0251_learning_rate=5.0e-04_history=2_kernel_sizes=3x3x3_conv_channels=128x128x128_fc_dims=256_seed1,cnn,0.15176022517681123,0.25087951175068496,0.07821367846594916,-0.0064950377222091436,0.07822786271572113,0.26005135622942416,188991,188991,50,0.7199694538026161,2,True,0.45456832695830385,0.584920712607139,51,0.31855225563049316,0.2608403265476227,11,"[3, 3, 3]","[128, 128, 128]",[256],6904644,bc11u13n1,476.3,trial_0251_learning_rate=5.0e-04_history=2_kernel_sizes=3x3x3_conv_channels=128x128x128_fc_dims=256_seed1,a6d0fc96c0,trial_0251_learning_rate=5.0e-04_history=2_kernel_sizes=3x3x3_conv_channels=128x128x128_fc_dims=256_seed1
/scratch/sb272/patterns5k_results/slurm_hist_cnn_2026-03-05_16-01-45/trial_0252_learning_rate=5.0e-04_history=2_kernel_sizes=3x3x3_conv_channels=128x128x128_fc_dims=512_seed0,cnn,0.15151308274269104,0.25287825873583203,0.07886752249702575,-0.009731776184505887,0.0699935257434845,0.2644182535347452,238143,238143,50,0.7356080283752043,2,True,0.45456832695830385,0.5948990489988667,53,0.31855225563049316,0.2628394365310669,12,"[3, 3, 3]","[128, 128, 128]",[512],6904644,bc11u13n1,516.2,trial_0252_learning_rate=5.0e-04_history=2_kernel_sizes=3x3x3_conv_channels=128x128x128_fc_dims=512_seed0,219b810349,trial_0252_learning_rate=5.0e-04_history=2_kernel_sizes=3x3x3_conv_channels=128x128x128_fc_dims=512_seed0
/scratch/sb272/patterns5k_results/slurm_hist_cnn_2026-03-05_16-01-45/trial_0252_learning_rate=5.0e-04_history=2_kernel_sizes=3x3x3_conv_channels=128x128x128_fc_dims=512_seed1,cnn,0.15144098043441773,0.2539340882724554,0.07912800520185441,-0.005887527314443437,0.07809244841337204,0.2634630008845825,238143,238143,50,0.7356462622655058,2,True,0.45456832695830385,0.5925667247986091,53,0.31855225563049316,0.2641340494155884,12,"[3, 3, 3]","[128, 128, 128]",[512],6904644,bc11u13n1,513.2,trial_0252_learning_rate=5.0e-04_history=2_kernel_sizes=3x3x3_conv_channels=128x128x128_fc_dims=512_seed1,219b810349,trial_0252_learning_rate=5.0e-04_history=2_kernel_sizes=3x3x3_conv_channels=128x128x128_fc_dims=512_seed1
/scratch/sb272/patterns5k_results/slurm_hist_cnn_2026-03-05_16-01-45/trial_0253_learning_rate=5.0e-04_history=2_kernel_sizes=3x3x3_conv_channels=256x256x256_fc_dims=512_seed0,cnn,0.15149691021442413,0.25737402848915586,0.07875978000580318,-0.008917641072046189,0.0786811038851738,0.27003192880030596,640063,640063,47,0.7653813076009929,2,True,0.45456832695830385,0.6215483317592072,58,0.31855225563049316,0.2681788206100464,13,"[3, 3, 3]","[256, 256, 256]",[512],6904644,bc11u13n1,733.8,trial_0253_learning_rate=5.0e-04_history=2_kernel_sizes=3x3x3_conv_channels=256x256x256_fc_dims=512_seed0,9d5234c281,trial_0253_learning_rate=5.0e-04_history=2_kernel_sizes=3x3x3_conv_channels=256x256x256_fc_dims=512_seed0
/scratch/sb272/patterns5k_results/slurm_hist_cnn_2026-03-05_16-01-45/trial_0253_learning_rate=5.0e-04_history=2_kernel_sizes=3x3x3_conv_channels=256x256x256_fc_dims=512_seed1,cnn,0.15178071868419646,0.25877091776676125,0.08154234242817712,-0.010205174249316018,0.0759999006986618,0.27089404759533947,640063,640063,50,0.7759754410132301,2,True,0.45456832695830385,0.6284891727127394,59,0.31855225563049316,0.26983821392059326,12,"[3, 3, 3]","[256, 256, 256]",[512],6904644,bc11u13n1,772.8,trial_0253_learning_rate=5.0e-04_history=2_kernel_sizes=3x3x3_conv_channels=256x256x256_fc_dims=512_seed1,9d5234c281,trial_0253_learning_rate=5.0e-04_history=2_kernel_sizes=3x3x3_conv_channels=256x256x256_fc_dims=512_seed1
/scratch/sb272/patterns5k_results/slurm_hist_cnn_2026-03-05_16-01-45/trial_0254_learning_rate=5.0e-04_history=2_kernel_sizes=3x3x3_conv_channels=256x256x256_fc_dims=1024_seed0,cnn,0.15148610699176787,0.25994235930473303,0.07902250308839101,-0.009282740335615854,0.0775640457868576,0.27251825166378346,803903,803903,50,0.7726365139659891,2,True,0.45456832695830385,0.6303530352506238,59,0.31855225563049316,0.27149808406829834,12,"[3, 3, 3]","[256, 256, 256]",[1024],6904644,bc11u13n1,873.7,trial_0254_learning_rate=5.0e-04_history=2_kernel_sizes=3x3x3_conv_channels=256x256x256_fc_dims=1024_seed0,1604987588,trial_0254_learning_rate=5.0e-04_history=2_kernel_sizes=3x3x3_conv_channels=256x256x256_fc_dims=1024_seed0
/scratch/sb272/patterns5k_results/slurm_hist_cnn_2026-03-05_16-01-45/trial_0254_learning_rate=5.0e-04_history=2_kernel_sizes=3x3x3_conv_channels=256x256x256_fc_dims=1024_seed1,cnn,0.15152209162712096,0.2602477458668952,0.07875706657530769,-0.011161647145710295,0.070784792304039,0.2713465664553491,803903,803903,50,0.7715580026642138,2,True,0.45456832695830385,0.630074317184733,56,0.31855225563049316,0.2717001438140869,12,"[3, 3, 3]","[256, 256, 256]",[1024],6904644,bc11u13n1,876.7,trial_0254_learning_rate=5.0e-04_history=2_kernel_sizes=3x3x3_conv_channels=256x256x256_fc_dims=1024_seed1,1604987588,trial_0254_learning_rate=5.0e-04_history=2_kernel_sizes=3x3x3_conv_channels=256x256x256_fc_dims=1024_seed1
/scratch/sb272/patterns5k_results/slurm_hist_cnn_2026-03-05_16-01-45/trial_0255_learning_rate=5.0e-04_history=5_kernel_sizes=3x3_conv_channels=64x128_fc_dims=128_seed0,cnn,0.1680901871919632,0.1375109022114912,0.01952564905560206,0.017123374674055312,0.12682858109474182,0.14126968980796703,69951,69951,50,0.5305979695887285,5,True,0.45456832695830385,0.36779621478608543,13,0.31855225563049316,0.14271581172943115,2,"[3, 3]","[64, 128]",[128],6904644,bc11u13n1,372.7,trial_0255_learning_rate=5.0e-04_history=5_kernel_sizes=3x3_conv_channels=64x128_fc_dims=128_seed0,3fbb3c553a,trial_0255_learning_rate=5.0e-04_history=5_kernel_sizes=3x3_conv_channels=64x128_fc_dims=128_seed0
/scratch/sb272/patterns5k_results/slurm_hist_cnn_2026-03-05_16-01-45/trial_0255_learning_rate=5.0e-04_history=5_kernel_sizes=3x3_conv_channels=64x128_fc_dims=128_seed1,cnn,0.16782458543777465,0.13627004351553668,0.020830958608597044,0.01802766133868505,0.12611323595046997,0.1424400691786709,69951,69951,50,0.5182470526410241,5,True,0.45456832695830385,0.3716536552813197,13,0.31855225563049316,0.14189399778842926,2,"[3, 3]","[64, 128]",[128],6904644,bc11u13n1,372.1,trial_0255_learning_rate=5.0e-04_history=5_kernel_sizes=3x3_conv_channels=64x128_fc_dims=128_seed1,3fbb3c553a,trial_0255_learning_rate=5.0e-04_history=5_kernel_sizes=3x3_conv_channels=64x128_fc_dims=128_seed1
/scratch/sb272/patterns5k_results/slurm_hist_cnn_2026-03-05_16-01-45/trial_0256_learning_rate=5.0e-04_history=5_kernel_sizes=3x3_conv_channels=64x128_fc_dims=256_seed0,cnn,0.16793895626068114,0.14195467765279818,0.019367669309888567,0.015661079732198564,0.1295602023601532,0.14507296364301084,94527,94527,50,0.5298231379785981,5,True,0.45456832695830385,0.3738228228366558,12,0.31855225563049316,0.1469106823205948,2,"[3, 3]","[64, 128]",[256],6904644,bc11u13n1,395.1,trial_0256_learning_rate=5.0e-04_history=5_kernel_sizes=3x3_conv_channels=64x128_fc_dims=256_seed0,e593585554,trial_0256_learning_rate=5.0e-04_history=5_kernel_sizes=3x3_conv_channels=64x128_fc_dims=256_seed0
/scratch/sb272/patterns5k_results/slurm_hist_cnn_2026-03-05_16-01-45/trial_0256_learning_rate=5.0e-04_history=5_kernel_sizes=3x3_conv_channels=64x128_fc_dims=256_seed1,cnn,0.16730453431606293,0.14185262230260687,0.02158972668269324,0.0177863287547278,0.128081813454628,0.1493703086059703,94527,94527,50,0.53571321187182,5,True,0.45456832695830385,0.38016722875073145,13,0.31855225563049316,0.1472151279449463,2,"[3, 3]","[64, 128]",[256],6904644,bc11u13n1,397.1,trial_0256_learning_rate=5.0e-04_history=5_kernel_sizes=3x3_conv_channels=64x128_fc_dims=256_seed1,e593585554,trial_0256_learning_rate=5.0e-04_history=5_kernel_sizes=3x3_conv_channels=64x128_fc_dims=256_seed1
/scratch/sb272/patterns5k_results/slurm_hist_cnn_2026-03-05_16-01-45/trial_0257_learning_rate=5.0e-04_history=5_kernel_sizes=3x3_conv_channels=64x128_fc_dims=512_seed0,cnn,0.16833629536628722,0.14272916854887335,0.0177810513784015,0.015828506341056217,0.13242700695991516,0.14950426206755427,143679,143679,50,0.5402618534434367,5,True,0.45456832695830385,0.3808755904530577,13,0.31855225563049316,0.1480560451745987,2,"[3, 3]","[64, 128]",[512],6904644,bc11u13n1,428.2,trial_0257_learning_rate=5.0e-04_history=5_kernel_sizes=3x3_conv_channels=64x128_fc_dims=512_seed0,c0471a3e1e,trial_0257_learning_rate=5.0e-04_history=5_kernel_sizes=3x3_conv_channels=64x128_fc_dims=512_seed0
/scratch/sb272/patterns5k_results/slurm_hist_cnn_2026-03-05_16-01-45/trial_0257_learning_rate=5.0e-04_history=5_kernel_sizes=3x3_conv_channels=64x128_fc_dims=512_seed1,cnn,0.16862351155281066,0.1434164073427953,0.01663918627632989,0.014501788313426668,0.13087311387062073,0.1506707177519059,143679,143679,50,0.5505487385943891,5,True,0.45456832695830385,0.38711208356415805,13,0.31855225563049316,0.1488991230726242,2,"[3, 3]","[64, 128]",[512],6904644,bc11u13n1,432.5,trial_0257_learning_rate=5.0e-04_history=5_kernel_sizes=3x3_conv_channels=64x128_fc_dims=512_seed1,c0471a3e1e,trial_0257_learning_rate=5.0e-04_history=5_kernel_sizes=3x3_conv_channels=64x128_fc_dims=512_seed1
/scratch/sb272/patterns5k_results/slurm_hist_cnn_2026-03-05_16-01-45/trial_0258_learning_rate=5.0e-04_history=5_kernel_sizes=5x3_conv_channels=128x256_fc_dims=256_seed0,cnn,0.16872328352928162,0.14364846657919805,0.012236839249020531,0.009616492286561027,0.1291516125202179,0.14695608537407565,248639,248639,37,0.5519380758693134,5,True,0.45456832695830385,0.39404411993119715,13,0.31855225563049316,0.1501118689775467,2,"[5, 3]","[128, 256]",[256],6904644,bc11u13n1,426.9,trial_0258_learning_rate=5.0e-04_history=5_kernel_sizes=5x3_conv_channels=128x256_fc_dims=256_seed0,2a051ab9ff,trial_0258_learning_rate=5.0e-04_history=5_kernel_sizes=5x3_conv_channels=128x256_fc_dims=256_seed0
/scratch/sb272/patterns5k_results/slurm_hist_cnn_2026-03-05_16-01-45/trial_0258_learning_rate=5.0e-04_history=5_kernel_sizes=5x3_conv_channels=128x256_fc_dims=256_seed1,cnn,0.16947947347164155,0.1428668391593408,0.008836956251235236,0.008261341897268144,0.12855514883995056,0.14799390381459554,248639,248639,38,0.5308325170964691,5,True,0.45456832695830385,0.3893541656929914,12,0.31855225563049316,0.14994418621063232,2,"[5, 3]","[128, 256]",[256],6904644,bc11u13n1,430.6,trial_0258_learning_rate=5.0e-04_history=5_kernel_sizes=5x3_conv_channels=128x256_fc_dims=256_seed1,2a051ab9ff,trial_0258_learning_rate=5.0e-04_history=5_kernel_sizes=5x3_conv_channels=128x256_fc_dims=256_seed1
/scratch/sb272/patterns5k_results/slurm_hist_cnn_2026-03-05_16-01-45/trial_0259_learning_rate=5.0e-04_history=5_kernel_sizes=5x3_conv_channels=128x256_fc_dims=512_seed0,cnn,0.16931232368946075,0.14478492682829536,0.007751545262715173,0.00885257361427186,0.13017776608467102,0.14942254194721277,330559,330559,48,0.57818989611959,5,True,0.45456832695830385,0.41822413012588666,16,0.31855225563049316,0.15185227990150452,2,"[5, 3]","[128, 256]",[512],6904644,bc11u13n1,505.9,trial_0259_learning_rate=5.0e-04_history=5_kernel_sizes=5x3_conv_channels=128x256_fc_dims=512_seed0,ab81734464,trial_0259_learning_rate=5.0e-04_history=5_kernel_sizes=5x3_conv_channels=128x256_fc_dims=512_seed0
/scratch/sb272/patterns5k_results/slurm_hist_cnn_2026-03-05_16-01-45/trial_0259_learning_rate=5.0e-04_history=5_kernel_sizes=5x3_conv_channels=128x256_fc_dims=512_seed1,cnn,0.1704503333568573,0.14117686507374544,0.0019202213438730392,0.0006088690152243962,0.12759292125701904,0.15051503082940335,330559,330559,41,0.5322661251993116,5,True,0.45456832695830385,0.38552166156321893,13,0.31855225563049316,0.14789924025535583,2,"[5, 3]","[128, 256]",[512],6904644,bc11u13n1,457.7,trial_0259_learning_rate=5.0e-04_history=5_kernel_sizes=5x3_conv_channels=128x256_fc_dims=512_seed1,ab81734464,trial_0259_learning_rate=5.0e-04_history=5_kernel_sizes=5x3_conv_channels=128x256_fc_dims=512_seed1
/scratch/sb272/patterns5k_results/slurm_hist_cnn_2026-03-05_16-01-45/trial_0260_learning_rate=5.0e-04_history=5_kernel_sizes=5x3_conv_channels=128x256_fc_dims=1024_seed0,cnn,0.1707135511636734,0.1475007498221888,-0.0019164217842949762,-0.0010376307699415418,0.1325288712978363,0.1536996068253683,494399,494399,44,0.5677141491917806,5,True,0.45456832695830385,0.40412958398943905,13,0.31855225563049316,0.15369196236133575,2,"[5, 3]","[128, 256]",[1024],6904644,bc11u13n1,570.7,trial_0260_learning_rate=5.0e-04_history=5_kernel_sizes=5x3_conv_channels=128x256_fc_dims=1024_seed0,c4954f21a8,trial_0260_learning_rate=5.0e-04_history=5_kernel_sizes=5x3_conv_channels=128x256_fc_dims=1024_seed0
/scratch/sb272/patterns5k_results/slurm_hist_cnn_2026-03-05_16-01-45/trial_0260_learning_rate=5.0e-04_history=5_kernel_sizes=5x3_conv_channels=128x256_fc_dims=1024_seed1,cnn,0.17141448640823365,0.14780579451907894,-0.006869683189997597,-0.004613519661010258,0.1301121860742569,0.1535498893282723,494399,494399,39,0.5849186026353405,5,True,0.45456832695830385,0.4266406221290249,15,0.31855225563049316,0.15446601808071136,2,"[5, 3]","[128, 256]",[1024],6904644,bc11u13n1,554.0,trial_0260_learning_rate=5.0e-04_history=5_kernel_sizes=5x3_conv_channels=128x256_fc_dims=1024_seed1,c4954f21a8,trial_0260_learning_rate=5.0e-04_history=5_kernel_sizes=5x3_conv_channels=128x256_fc_dims=1024_seed1
/scratch/sb272/patterns5k_results/slurm_hist_cnn_2026-03-05_16-01-45/trial_0261_learning_rate=5.0e-04_history=5_kernel_sizes=3x3x3_conv_channels=32x64x128_fc_dims=128_seed0,cnn,0.16654074668884278,0.13771555675349748,0.02339529518097166,0.01782282382722885,0.1224876344203949,0.14398068685377505,66111,66111,50,0.4969862767421621,5,True,0.45456832695830385,0.35487971162348386,13,0.31855225563049316,0.14320875704288483,1,"[3, 3, 3]","[32, 64, 128]",[128],6904644,bc11u13n1,374.7,trial_0261_learning_rate=5.0e-04_history=5_kernel_sizes=3x3x3_conv_channels=32x64x128_fc_dims=128_seed0,ee4ee070fd,trial_0261_learning_rate=5.0e-04_history=5_kernel_sizes=3x3x3_conv_channels=32x64x128_fc_dims=128_seed0
/scratch/sb272/patterns5k_results/slurm_hist_cnn_2026-03-05_16-01-45/trial_0261_learning_rate=5.0e-04_history=5_kernel_sizes=3x3x3_conv_channels=32x64x128_fc_dims=128_seed1,cnn,0.16652050006389618,0.1376833216724729,0.02314535303721352,0.016942075320652554,0.1227097287774086,0.14528836558266608,66111,66111,50,0.5041760054273564,5,True,0.45456832695830385,0.3714325518964986,15,0.31855225563049316,0.1430628001689911,1,"[3, 3, 3]","[32, 64, 128]",[128],6904644,bc11u13n1,354.7,trial_0261_learning_rate=5.0e-04_history=5_kernel_sizes=3x3x3_conv_channels=32x64x128_fc_dims=128_seed1,ee4ee070fd,trial_0261_learning_rate=5.0e-04_history=5_kernel_sizes=3x3x3_conv_channels=32x64x128_fc_dims=128_seed1
/scratch/sb272/patterns5k_results/slurm_hist_cnn_2026-03-05_16-01-45/trial_0262_learning_rate=5.0e-04_history=5_kernel_sizes=3x3x3_conv_channels=32x64x128_fc_dims=256_seed0,cnn,0.16594362640380858,0.14500718949051597,0.025147054876599993,0.019707798011719235,0.12850205600261688,0.15151556921357157,90687,90687,50,0.5209930883342292,5,True,0.45456832695830385,0.374096281562172,14,0.31855225563049316,0.15018945932388306,1,"[3, 3, 3]","[32, 64, 128]",[256],6904644,bc11u13n1,376.8,trial_0262_learning_rate=5.0e-04_history=5_kernel_sizes=3x3x3_conv_channels=32x64x128_fc_dims=256_seed0,29302bce3c,trial_0262_learning_rate=5.0e-04_history=5_kernel_sizes=3x3x3_conv_channels=32x64x128_fc_dims=256_seed0
/scratch/sb272/patterns5k_results/slurm_hist_cnn_2026-03-05_16-01-45/trial_0262_learning_rate=5.0e-04_history=5_kernel_sizes=3x3x3_conv_channels=32x64x128_fc_dims=256_seed1,cnn,0.16597676646709442,0.14447729284166516,0.02546344863043891,0.01991259105621822,0.12855149805545807,0.149477243371812,90687,90687,50,0.5017355920918064,5,True,0.45456832695830385,0.36231093729778086,13,0.31855225563049316,0.1496710181236267,1,"[3, 3, 3]","[32, 64, 128]",[256],6904644,bc11u13n1,369.5,trial_0262_learning_rate=5.0e-04_history=5_kernel_sizes=3x3x3_conv_channels=32x64x128_fc_dims=256_seed1,29302bce3c,trial_0262_learning_rate=5.0e-04_history=5_kernel_sizes=3x3x3_conv_channels=32x64x128_fc_dims=256_seed1
/scratch/sb272/patterns5k_results/slurm_hist_cnn_2026-03-05_16-01-45/trial_0263_learning_rate=5.0e-04_history=5_kernel_sizes=5x3x3_conv_channels=64x128x256_fc_dims=256_seed0,cnn,0.16536301743984222,0.15451762113219902,0.027417664490048847,0.01643926945943681,0.12130419164896011,0.16377868939602608,239807,239807,50,0.5560366523976469,5,True,0.45456832695830385,0.41402803103570324,16,0.31855225563049316,0.16222511231899261,2,"[5, 3, 3]","[64, 128, 256]",[256],6904644,bc11u13n1,474.9,trial_0263_learning_rate=5.0e-04_history=5_kernel_sizes=5x3x3_conv_channels=64x128x256_fc_dims=256_seed0,d2ea938f92,trial_0263_learning_rate=5.0e-04_history=5_kernel_sizes=5x3x3_conv_channels=64x128x256_fc_dims=256_seed0
/scratch/sb272/patterns5k_results/slurm_hist_cnn_2026-03-05_16-01-45/trial_0263_learning_rate=5.0e-04_history=5_kernel_sizes=5x3x3_conv_channels=64x128x256_fc_dims=256_seed1,cnn,0.16528077471256256,0.15223568338327306,0.028343261234343997,0.015440762989104741,0.11614017933607101,0.16352636660533665,239807,239807,50,0.5629936504466825,5,True,0.45456832695830385,0.42467532904473787,20,0.31855225563049316,0.1606225222349167,2,"[5, 3, 3]","[64, 128, 256]",[256],6904644,bc11u13n1,475.2,trial_0263_learning_rate=5.0e-04_history=5_kernel_sizes=5x3x3_conv_channels=64x128x256_fc_dims=256_seed1,d2ea938f92,trial_0263_learning_rate=5.0e-04_history=5_kernel_sizes=5x3x3_conv_channels=64x128x256_fc_dims=256_seed1
/scratch/sb272/patterns5k_results/slurm_hist_cnn_2026-03-05_16-01-45/trial_0264_learning_rate=5.0e-04_history=5_kernel_sizes=5x3x3_conv_channels=64x128x256_fc_dims=512_seed0,cnn,0.1648069154024124,0.15856362513345906,0.028710230948433044,0.014951745669047037,0.12011894583702087,0.1679657557518864,321727,321727,50,0.5847594853311483,5,True,0.45456832695830385,0.43108531586147675,17,0.31855225563049316,0.16667626798152924,2,"[5, 3, 3]","[64, 128, 256]",[512],6904644,bc11u13n1,737.7,trial_0264_learning_rate=5.0e-04_history=5_kernel_sizes=5x3x3_conv_channels=64x128x256_fc_dims=512_seed0,b06194860e,trial_0264_learning_rate=5.0e-04_history=5_kernel_sizes=5x3x3_conv_channels=64x128x256_fc_dims=512_seed0
/scratch/sb272/patterns5k_results/slurm_hist_cnn_2026-03-05_16-01-45/trial_0264_learning_rate=5.0e-04_history=5_kernel_sizes=5x3x3_conv_channels=64x128x256_fc_dims=512_seed1,cnn,0.16504401981830596,0.15935428423726544,0.02893108886385721,0.016327295038435195,0.1239139661192894,0.16638033932346236,321727,321727,50,0.5660779750365108,5,True,0.45456832695830385,0.42196595064922504,15,0.31855225563049316,0.16721908748149872,2,"[5, 3, 3]","[64, 128, 256]",[512],6904644,bc11u13n1,739.3,trial_0264_learning_rate=5.0e-04_history=5_kernel_sizes=5x3x3_conv_channels=64x128x256_fc_dims=512_seed1,b06194860e,trial_0264_learning_rate=5.0e-04_history=5_kernel_sizes=5x3x3_conv_channels=64x128x256_fc_dims=512_seed1
/scratch/sb272/patterns5k_results/slurm_hist_cnn_2026-03-05_16-01-45/trial_0265_learning_rate=5.0e-04_history=5_kernel_sizes=5x3x3_conv_channels=64x128x256_fc_dims=1024_seed0,cnn,0.16522230851650238,0.16022320520116873,0.02743343228385562,0.014802491854107569,0.12315092235803604,0.17106456634374057,485567,485567,50,0.5761852935888165,5,True,0.45456832695830385,0.42967871408899405,18,0.31855225563049316,0.16869014501571655,2,"[5, 3, 3]","[64, 128, 256]",[1024],6904644,bc11u13n1,869.0,trial_0265_learning_rate=5.0e-04_history=5_kernel_sizes=5x3x3_conv_channels=64x128x256_fc_dims=1024_seed0,1d4a712ac6,trial_0265_learning_rate=5.0e-04_history=5_kernel_sizes=5x3x3_conv_channels=64x128x256_fc_dims=1024_seed0
/scratch/sb272/patterns5k_results/slurm_hist_cnn_2026-03-05_16-01-45/trial_0265_learning_rate=5.0e-04_history=5_kernel_sizes=5x3x3_conv_channels=64x128x256_fc_dims=1024_seed1,cnn,0.1647223415374756,0.1627161011922893,0.030503640099177286,0.01739270251894754,0.12704288959503174,0.1702229833435925,485567,485567,50,0.5710718440612177,5,True,0.45456832695830385,0.4222045001882761,16,0.31855225563049316,0.17030413448810577,2,"[5, 3, 3]","[64, 128, 256]",[1024],6904644,bc11u13n1,904.1,trial_0265_learning_rate=5.0e-04_history=5_kernel_sizes=5x3x3_conv_channels=64x128x256_fc_dims=1024_seed1,1d4a712ac6,trial_0265_learning_rate=5.0e-04_history=5_kernel_sizes=5x3x3_conv_channels=64x128x256_fc_dims=1024_seed1
/scratch/sb272/patterns5k_results/slurm_hist_cnn_2026-03-05_16-01-45/trial_0266_learning_rate=5.0e-04_history=5_kernel_sizes=3x3x3_conv_channels=128x128x128_fc_dims=256_seed0,cnn,0.16639201080799101,0.1434318390640227,0.024305199819897847,0.015979788606128996,0.12062060832977295,0.1540176021585952,188991,188991,49,0.5664503498250392,5,True,0.45456832695830385,0.4105971862491036,14,0.31855225563049316,0.14961716532707214,2,"[3, 3, 3]","[128, 128, 128]",[256],6904644,bc11u13n1,615.3,trial_0266_learning_rate=5.0e-04_history=5_kernel_sizes=3x3x3_conv_channels=128x128x128_fc_dims=256_seed0,b6b02f487b,trial_0266_learning_rate=5.0e-04_history=5_kernel_sizes=3x3x3_conv_channels=128x128x128_fc_dims=256_seed0
/scratch/sb272/patterns5k_results/slurm_hist_cnn_2026-03-05_16-01-45/trial_0266_learning_rate=5.0e-04_history=5_kernel_sizes=3x3x3_conv_channels=128x128x128_fc_dims=256_seed1,cnn,0.16596284818649293,0.14394684313377593,0.025018728914714995,0.01640592302594866,0.12015685439109802,0.15252712875963287,188991,188991,40,0.5219903945670586,5,True,0.45456832695830385,0.39352753873449353,14,0.31855225563049316,0.1508200615644455,2,"[3, 3, 3]","[128, 128, 128]",[256],6904644,bc11u13n1,520.1,trial_0266_learning_rate=5.0e-04_history=5_kernel_sizes=3x3x3_conv_channels=128x128x128_fc_dims=256_seed1,b6b02f487b,trial_0266_learning_rate=5.0e-04_history=5_kernel_sizes=3x3x3_conv_channels=128x128x128_fc_dims=256_seed1
/scratch/sb272/patterns5k_results/slurm_hist_cnn_2026-03-05_16-01-45/trial_0267_learning_rate=5.0e-04_history=5_kernel_sizes=3x3x3_conv_channels=128x128x128_fc_dims=512_seed0,cnn,0.1664928911924362,0.14863629834225836,0.023119000215379017,0.015299161275227865,0.12458208948373795,0.15760355271364054,238143,238143,50,0.5923490985906044,5,True,0.45456832695830385,0.4206405175785928,17,0.31855225563049316,0.15520936250686646,2,"[3, 3, 3]","[128, 128, 128]",[512],6904644,bc11u13n1,621.6,trial_0267_learning_rate=5.0e-04_history=5_kernel_sizes=3x3x3_conv_channels=128x128x128_fc_dims=512_seed0,eee29dc365,trial_0267_learning_rate=5.0e-04_history=5_kernel_sizes=3x3x3_conv_channels=128x128x128_fc_dims=512_seed0
/scratch/sb272/patterns5k_results/slurm_hist_cnn_2026-03-05_16-01-45/trial_0267_learning_rate=5.0e-04_history=5_kernel_sizes=3x3x3_conv_channels=128x128x128_fc_dims=512_seed1,cnn,0.16604597198963164,0.14988831836383618,0.023590157902429975,0.01659185261953445,0.12581509351730347,0.15819423380846806,238143,238143,43,0.5727322605326731,5,True,0.45456832695830385,0.4139177540539923,16,0.31855225563049316,0.1567990928888321,2,"[3, 3, 3]","[128, 128, 128]",[512],6904644,bc11u13n1,563.3,trial_0267_learning_rate=5.0e-04_history=5_kernel_sizes=3x3x3_conv_channels=128x128x128_fc_dims=512_seed1,eee29dc365,trial_0267_learning_rate=5.0e-04_history=5_kernel_sizes=3x3x3_conv_channels=128x128x128_fc_dims=512_seed1
/scratch/sb272/patterns5k_results/slurm_hist_cnn_2026-03-05_16-01-45/trial_0268_learning_rate=5.0e-04_history=5_kernel_sizes=3x3x3_conv_channels=256x256x256_fc_dims=512_seed0,cnn,0.16680833184719085,0.1479861533067669,0.024856848376137868,0.01541028514740959,0.12361937761306763,0.15905660649294304,640063,640063,32,0.5814273511438889,5,True,0.45456832695830385,0.4298138633276935,19,0.31855225563049316,0.15506504476070404,2,"[3, 3, 3]","[256, 256, 256]",[512],6904644,bc11u13n1,695.2,trial_0268_learning_rate=5.0e-04_history=5_kernel_sizes=3x3x3_conv_channels=256x256x256_fc_dims=512_seed0,facf707d26,trial_0268_learning_rate=5.0e-04_history=5_kernel_sizes=3x3x3_conv_channels=256x256x256_fc_dims=512_seed0
/scratch/sb272/patterns5k_results/slurm_hist_cnn_2026-03-05_16-01-45/trial_0268_learning_rate=5.0e-04_history=5_kernel_sizes=3x3x3_conv_channels=256x256x256_fc_dims=512_seed1,cnn,0.1680279655456543,0.1456621577150704,0.022537506762005034,0.01209563584554763,0.11663193255662918,0.15934292855587823,640063,640063,39,0.542797840388153,5,True,0.45456832695830385,0.4032738448057723,14,0.31855225563049316,0.15254923701286316,2,"[3, 3, 3]","[256, 256, 256]",[512],6904644,bc11u13n1,812.6,trial_0268_learning_rate=5.0e-04_history=5_kernel_sizes=3x3x3_conv_channels=256x256x256_fc_dims=512_seed1,facf707d26,trial_0268_learning_rate=5.0e-04_history=5_kernel_sizes=3x3x3_conv_channels=256x256x256_fc_dims=512_seed1
/scratch/sb272/patterns5k_results/slurm_hist_cnn_2026-03-05_16-01-45/trial_0269_learning_rate=5.0e-04_history=5_kernel_sizes=3x3x3_conv_channels=256x256x256_fc_dims=1024_seed0,cnn,0.16670711183547973,0.15119938575459813,0.018551395052955263,0.008087169556390671,0.12120594084262848,0.1626654558343069,803903,803903,37,0.5838015609189857,5,True,0.45456832695830385,0.42435070969068417,16,0.31855225563049316,0.15732859075069427,2,"[3, 3, 3]","[256, 256, 256]",[1024],6904644,bc11u13n1,901.1,trial_0269_learning_rate=5.0e-04_history=5_kernel_sizes=3x3x3_conv_channels=256x256x256_fc_dims=1024_seed0,a16d3770c7,trial_0269_learning_rate=5.0e-04_history=5_kernel_sizes=3x3x3_conv_channels=256x256x256_fc_dims=1024_seed0
/scratch/sb272/patterns5k_results/slurm_hist_cnn_2026-03-05_16-01-45/trial_0269_learning_rate=5.0e-04_history=5_kernel_sizes=3x3x3_conv_channels=256x256x256_fc_dims=1024_seed1,cnn,0.16623819959163666,0.15513452299649735,0.019343205860682895,0.011423481835259331,0.1256035566329956,0.1619097999754805,803903,803903,32,0.5768778356266139,5,True,0.45456832695830385,0.4219161584979563,16,0.31855225563049316,0.16232076287269592,2,"[3, 3, 3]","[256, 256, 256]",[1024],6904644,bc11u13n1,817.9,trial_0269_learning_rate=5.0e-04_history=5_kernel_sizes=3x3x3_conv_channels=256x256x256_fc_dims=1024_seed1,a16d3770c7,trial_0269_learning_rate=5.0e-04_history=5_kernel_sizes=3x3x3_conv_channels=256x256x256_fc_dims=1024_seed1
/scratch/sb272/patterns5k_results/slurm_hist_cnn_2026-03-05_16-01-45/trial_0270_learning_rate=5.0e-04_history=10_kernel_sizes=3x3_conv_channels=64x128_fc_dims=128_seed0,cnn,0.1681310337781906,0.1347647102054193,0.02090263839751955,0.01716640449705578,0.12498825788497925,0.14009807883449185,69951,69951,50,0.489669739108778,10,True,0.45456832695830385,0.3421338252000003,9,0.31855225563049316,0.13971765339374542,1,"[3, 3]","[64, 128]",[128],6904644,bc11u13n1,468.7,trial_0270_learning_rate=5.0e-04_history=10_kernel_sizes=3x3_conv_channels=64x128_fc_dims=128_seed0,3044dd3cc3,trial_0270_learning_rate=5.0e-04_history=10_kernel_sizes=3x3_conv_channels=64x128_fc_dims=128_seed0
/scratch/sb272/patterns5k_results/slurm_hist_cnn_2026-03-05_16-01-45/trial_0270_learning_rate=5.0e-04_history=10_kernel_sizes=3x3_conv_channels=64x128_fc_dims=128_seed1,cnn,0.16881669974327088,0.13365315823917,0.01935210114433652,0.015540825942206004,0.12416411191225052,0.1423377494291026,69951,69951,50,0.4877861181741017,10,True,0.45456832695830385,0.3360232128236677,8,0.31855225563049316,0.13925319910049438,1,"[3, 3]","[64, 128]",[128],6904644,bc11u13n1,464.4,trial_0270_learning_rate=5.0e-04_history=10_kernel_sizes=3x3_conv_channels=64x128_fc_dims=128_seed1,3044dd3cc3,trial_0270_learning_rate=5.0e-04_history=10_kernel_sizes=3x3_conv_channels=64x128_fc_dims=128_seed1
/scratch/sb272/patterns5k_results/slurm_hist_cnn_2026-03-05_16-01-45/trial_0271_learning_rate=5.0e-04_history=10_kernel_sizes=3x3_conv_channels=64x128_fc_dims=256_seed0,cnn,0.16948096203804017,0.14161949921592834,0.016667788936978296,0.011904364540463402,0.13115660846233368,0.14618490403698453,94527,94527,50,0.5337657521480789,10,True,0.45456832695830385,0.36016667993467477,9,0.31855225563049316,0.14698979258537292,2,"[3, 3]","[64, 128]",[256],6904644,bc11u13n1,484.9,trial_0271_learning_rate=5.0e-04_history=10_kernel_sizes=3x3_conv_channels=64x128_fc_dims=256_seed0,5fd71515a3,trial_0271_learning_rate=5.0e-04_history=10_kernel_sizes=3x3_conv_channels=64x128_fc_dims=256_seed0
/scratch/sb272/patterns5k_results/slurm_hist_cnn_2026-03-05_16-01-45/trial_0271_learning_rate=5.0e-04_history=10_kernel_sizes=3x3_conv_channels=64x128_fc_dims=256_seed1,cnn,0.1680709638595581,0.1375738136678741,0.020597355706351145,0.016528522211407857,0.12740573287010193,0.14546995631174728,94527,94527,50,0.5258571537069437,10,True,0.45456832695830385,0.3623227215049948,10,0.31855225563049316,0.14296135306358337,1,"[3, 3]","[64, 128]",[256],6904644,bc11u13n1,484.3,trial_0271_learning_rate=5.0e-04_history=10_kernel_sizes=3x3_conv_channels=64x128_fc_dims=256_seed1,5fd71515a3,trial_0271_learning_rate=5.0e-04_history=10_kernel_sizes=3x3_conv_channels=64x128_fc_dims=256_seed1
/scratch/sb272/patterns5k_results/slurm_hist_cnn_2026-03-05_16-01-45/trial_0272_learning_rate=5.0e-04_history=10_kernel_sizes=3x3_conv_channels=64x128_fc_dims=512_seed0,cnn,0.16881111681461333,0.1415341213037971,0.01724984059258113,0.012938391594659714,0.13204728066921234,0.14716233461044737,143679,143679,50,0.5438565726469379,10,True,0.45456832695830385,0.3690551629179101,8,0.31855225563049316,0.14706864953041077,1,"[3, 3]","[64, 128]",[512],6904644,bc11u13n1,531.9,trial_0272_learning_rate=5.0e-04_history=10_kernel_sizes=3x3_conv_channels=64x128_fc_dims=512_seed0,b407e59bd4,trial_0272_learning_rate=5.0e-04_history=10_kernel_sizes=3x3_conv_channels=64x128_fc_dims=512_seed0
/scratch/sb272/patterns5k_results/slurm_hist_cnn_2026-03-05_16-01-45/trial_0272_learning_rate=5.0e-04_history=10_kernel_sizes=3x3_conv_channels=64x128_fc_dims=512_seed1,cnn,0.168621236205101,0.14031043814561478,0.017950726879967585,0.013213103725796654,0.12935957312583923,0.1482384243735822,143679,143679,50,0.5281963796455856,10,True,0.45456832695830385,0.35884817482399756,8,0.31855225563049316,0.14508889615535736,2,"[3, 3]","[64, 128]",[512],6904644,bc11u13n1,542.3,trial_0272_learning_rate=5.0e-04_history=10_kernel_sizes=3x3_conv_channels=64x128_fc_dims=512_seed1,b407e59bd4,trial_0272_learning_rate=5.0e-04_history=10_kernel_sizes=3x3_conv_channels=64x128_fc_dims=512_seed1
/scratch/sb272/patterns5k_results/slurm_hist_cnn_2026-03-05_16-01-45/trial_0273_learning_rate=5.0e-04_history=10_kernel_sizes=5x3_conv_channels=128x256_fc_dims=256_seed0,cnn,0.17056815373897552,0.13852052813008336,0.00748600373192439,-0.0021804277859036885,0.12505438923835754,0.14253347127095536,248639,248639,32,0.5261955347543767,10,True,0.45456832695830385,0.3613746741139421,10,0.31855225563049316,0.14468424022197723,1,"[5, 3]","[128, 256]",[256],6904644,bc11u13n1,488.4,trial_0273_learning_rate=5.0e-04_history=10_kernel_sizes=5x3_conv_channels=128x256_fc_dims=256_seed0,6191a93b58,trial_0273_learning_rate=5.0e-04_history=10_kernel_sizes=5x3_conv_channels=128x256_fc_dims=256_seed0
/scratch/sb272/patterns5k_results/slurm_hist_cnn_2026-03-05_16-01-45/trial_0273_learning_rate=5.0e-04_history=10_kernel_sizes=5x3_conv_channels=128x256_fc_dims=256_seed1,cnn,0.16903167569637298,0.13808154037821224,0.0121771012033735,0.006131411544860355,0.12417477369308472,0.1452381388858366,248639,248639,43,0.5310383905215884,10,True,0.45456832695830385,0.3714857560103047,10,0.31855225563049316,0.1443364918231964,1,"[5, 3]","[128, 256]",[256],6904644,bc11u13n1,561.1,trial_0273_learning_rate=5.0e-04_history=10_kernel_sizes=5x3_conv_channels=128x256_fc_dims=256_seed1,6191a93b58,trial_0273_learning_rate=5.0e-04_history=10_kernel_sizes=5x3_conv_channels=128x256_fc_dims=256_seed1
/scratch/sb272/patterns5k_results/slurm_hist_cnn_2026-03-05_16-01-45/trial_0274_learning_rate=5.0e-04_history=10_kernel_sizes=5x3_conv_channels=128x256_fc_dims=512_seed0,cnn,0.16991337931156159,0.1441276470826662,0.0071966392653329036,0.0022514292172023226,0.13387952744960785,0.14808717922536418,330559,330559,41,0.5553139787086695,10,True,0.45456832695830385,0.39136016803057666,12,0.31855225563049316,0.1509319543838501,1,"[5, 3]","[128, 256]",[512],6904644,bc11u13n1,588.8,trial_0274_learning_rate=5.0e-04_history=10_kernel_sizes=5x3_conv_channels=128x256_fc_dims=512_seed0,d99327f087,trial_0274_learning_rate=5.0e-04_history=10_kernel_sizes=5x3_conv_channels=128x256_fc_dims=512_seed0
/scratch/sb272/patterns5k_results/slurm_hist_cnn_2026-03-05_16-01-45/trial_0274_learning_rate=5.0e-04_history=10_kernel_sizes=5x3_conv_channels=128x256_fc_dims=512_seed1,cnn,0.16933025801181792,0.14140285508189102,0.011628562495821998,0.00665677823717632,0.12831050157546997,0.1475375104149898,330559,330559,35,0.542436503757336,10,True,0.45456832695830385,0.38317122291808425,11,0.31855225563049316,0.14829924702644348,1,"[5, 3]","[128, 256]",[512],6904644,bc11u13n1,557.7,trial_0274_learning_rate=5.0e-04_history=10_kernel_sizes=5x3_conv_channels=128x256_fc_dims=512_seed1,d99327f087,trial_0274_learning_rate=5.0e-04_history=10_kernel_sizes=5x3_conv_channels=128x256_fc_dims=512_seed1
/scratch/sb272/patterns5k_results/slurm_hist_cnn_2026-03-05_16-01-45/trial_0275_learning_rate=5.0e-04_history=10_kernel_sizes=5x3_conv_channels=128x256_fc_dims=1024_seed0,cnn,0.17132517671585082,0.14359664790899845,-7.577831782991924e-05,-0.006283192407517206,0.1301525980234146,0.1487064153040971,494399,494399,36,0.5576257332185097,10,True,0.45456832695830385,0.3939538052838652,12,0.31855225563049316,0.14966493844985962,1,"[5, 3]","[128, 256]",[1024],6904972,bc12u19n2,591.5,trial_0275_learning_rate=5.0e-04_history=10_kernel_sizes=5x3_conv_channels=128x256_fc_dims=1024_seed0,4a7d5e6c1b,trial_0275_learning_rate=5.0e-04_history=10_kernel_sizes=5x3_conv_channels=128x256_fc_dims=1024_seed0
/scratch/sb272/patterns5k_results/slurm_hist_cnn_2026-03-05_16-01-45/trial_0275_learning_rate=5.0e-04_history=10_kernel_sizes=5x3_conv_channels=128x256_fc_dims=1024_seed1,cnn,0.17176197135448457,0.14249468950198804,-0.0058589568213811,-0.009685405663081579,0.12961681187152863,0.15025264936879337,494399,494399,43,0.5758608556603504,10,True,0.45456832695830385,0.3938485034240223,11,0.31855225563049316,0.1489374190568924,1,"[5, 3]","[128, 256]",[1024],6904972,bc12u19n2,651.8,trial_0275_learning_rate=5.0e-04_history=10_kernel_sizes=5x3_conv_channels=128x256_fc_dims=1024_seed1,4a7d5e6c1b,trial_0275_learning_rate=5.0e-04_history=10_kernel_sizes=5x3_conv_channels=128x256_fc_dims=1024_seed1
/scratch/sb272/patterns5k_results/slurm_hist_cnn_2026-03-05_16-01-45/trial_0276_learning_rate=5.0e-04_history=10_kernel_sizes=3x3x3_conv_channels=32x64x128_fc_dims=128_seed0,cnn,0.16683685839176177,0.13778970666050003,0.023683157232072618,0.018486879174671476,0.12256798893213272,0.1420386206331755,66111,66111,50,0.4862194599170445,10,True,0.45456832695830385,0.3277283276045986,9,0.31855225563049316,0.14230114221572876,1,"[3, 3, 3]","[32, 64, 128]",[128],6904972,bc12u19n2,402.4,trial_0276_learning_rate=5.0e-04_history=10_kernel_sizes=3x3x3_conv_channels=32x64x128_fc_dims=128_seed0,42a1a2cd66,trial_0276_learning_rate=5.0e-04_history=10_kernel_sizes=3x3x3_conv_channels=32x64x128_fc_dims=128_seed0
/scratch/sb272/patterns5k_results/slurm_hist_cnn_2026-03-05_16-01-45/trial_0276_learning_rate=5.0e-04_history=10_kernel_sizes=3x3x3_conv_channels=32x64x128_fc_dims=128_seed1,cnn,0.1671540628671646,0.1390410825450198,0.02338794394144936,0.01810334599207318,0.12530052661895752,0.14618163430957354,66111,66111,50,0.5003618600135286,10,True,0.45456832695830385,0.3448061658165091,11,0.31855225563049316,0.14525891840457916,2,"[3, 3, 3]","[32, 64, 128]",[128],6904972,bc12u19n2,407.3,trial_0276_learning_rate=5.0e-04_history=10_kernel_sizes=3x3x3_conv_channels=32x64x128_fc_dims=128_seed1,42a1a2cd66,trial_0276_learning_rate=5.0e-04_history=10_kernel_sizes=3x3x3_conv_channels=32x64x128_fc_dims=128_seed1
/scratch/sb272/patterns5k_results/slurm_hist_cnn_2026-03-05_16-01-45/trial_0277_learning_rate=5.0e-04_history=10_kernel_sizes=3x3x3_conv_channels=32x64x128_fc_dims=256_seed0,cnn,0.1666561596393585,0.13957902132926203,0.024043595980084133,0.018928068970877027,0.12557992339134216,0.14683070827476336,90687,90687,50,0.5151259398572233,10,True,0.45456832695830385,0.35295575870063306,9,0.31855225563049316,0.1449880599975586,1,"[3, 3, 3]","[32, 64, 128]",[256],6904972,bc12u19n2,431.4,trial_0277_learning_rate=5.0e-04_history=10_kernel_sizes=3x3x3_conv_channels=32x64x128_fc_dims=256_seed0,5c13eacf43,trial_0277_learning_rate=5.0e-04_history=10_kernel_sizes=3x3x3_conv_channels=32x64x128_fc_dims=256_seed0
/scratch/sb272/patterns5k_results/slurm_hist_cnn_2026-03-05_16-01-45/trial_0277_learning_rate=5.0e-04_history=10_kernel_sizes=3x3x3_conv_channels=32x64x128_fc_dims=256_seed1,cnn,0.1664802666902542,0.14160596108378823,0.025204921525622172,0.019060214360555012,0.124468132853508,0.1528338904382396,90687,90687,50,0.5120683105478142,10,True,0.45456832695830385,0.3536055511928255,9,0.31855225563049316,0.14771804213523865,1,"[3, 3, 3]","[32, 64, 128]",[256],6904972,bc12u19n2,433.3,trial_0277_learning_rate=5.0e-04_history=10_kernel_sizes=3x3x3_conv_channels=32x64x128_fc_dims=256_seed1,5c13eacf43,trial_0277_learning_rate=5.0e-04_history=10_kernel_sizes=3x3x3_conv_channels=32x64x128_fc_dims=256_seed1
/scratch/sb272/patterns5k_results/slurm_hist_cnn_2026-03-05_16-01-45/trial_0278_learning_rate=5.0e-04_history=10_kernel_sizes=5x3x3_conv_channels=64x128x256_fc_dims=256_seed0,cnn,0.1663164002895355,0.14935082439030134,0.02713599375316075,0.01999782853656345,0.1313651204109192,0.15634147842082122,239807,239807,50,0.5650240520929865,10,True,0.45456832695830385,0.3961985403872718,11,0.31855225563049316,0.15721984207630157,1,"[5, 3, 3]","[64, 128, 256]",[256],6904972,bc12u19n2,537.4,trial_0278_learning_rate=5.0e-04_history=10_kernel_sizes=5x3x3_conv_channels=64x128x256_fc_dims=256_seed0,e03ecf3f6f,trial_0278_learning_rate=5.0e-04_history=10_kernel_sizes=5x3x3_conv_channels=64x128x256_fc_dims=256_seed0
/scratch/sb272/patterns5k_results/slurm_hist_cnn_2026-03-05_16-01-45/trial_0278_learning_rate=5.0e-04_history=10_kernel_sizes=5x3x3_conv_channels=64x128x256_fc_dims=256_seed1,cnn,0.16610239791870118,0.150354086085396,0.027520074730827696,0.020421540926373195,0.1327729970216751,0.1589523818288062,239807,239807,50,0.5468690779115494,10,True,0.45456832695830385,0.3818033553085758,11,0.31855225563049316,0.15738418698310852,1,"[5, 3, 3]","[64, 128, 256]",[256],6904972,bc12u19n2,529.1,trial_0278_learning_rate=5.0e-04_history=10_kernel_sizes=5x3x3_conv_channels=64x128x256_fc_dims=256_seed1,e03ecf3f6f,trial_0278_learning_rate=5.0e-04_history=10_kernel_sizes=5x3x3_conv_channels=64x128x256_fc_dims=256_seed1
/scratch/sb272/patterns5k_results/slurm_hist_cnn_2026-03-05_16-01-45/trial_0279_learning_rate=5.0e-04_history=10_kernel_sizes=5x3x3_conv_channels=64x128x256_fc_dims=512_seed0,cnn,0.16649042081832885,0.1484199109488957,0.025832860242752803,0.018388242002517458,0.12932753562927246,0.16100022586741658,321727,321727,50,0.5351647512631694,10,True,0.45456832695830385,0.3854111531787221,11,0.31855225563049316,0.1562144160270691,1,"[5, 3, 3]","[64, 128, 256]",[512],6904972,bc12u19n2,600.0,trial_0279_learning_rate=5.0e-04_history=10_kernel_sizes=5x3x3_conv_channels=64x128x256_fc_dims=512_seed0,88ea83a74c,trial_0279_learning_rate=5.0e-04_history=10_kernel_sizes=5x3x3_conv_channels=64x128x256_fc_dims=512_seed0
/scratch/sb272/patterns5k_results/slurm_hist_cnn_2026-03-05_16-01-45/trial_0279_learning_rate=5.0e-04_history=10_kernel_sizes=5x3x3_conv_channels=64x128x256_fc_dims=512_seed1,cnn,0.16635587072372438,0.15198197387343018,0.025397873114025783,0.018005899966709198,0.1322256624698639,0.16227606706704248,321727,321727,50,0.5553352825908212,10,True,0.45456832695830385,0.3953141586682865,11,0.31855225563049316,0.1593739539384842,1,"[5, 3, 3]","[64, 128, 256]",[512],6904972,bc12u19n2,587.0,trial_0279_learning_rate=5.0e-04_history=10_kernel_sizes=5x3x3_conv_channels=64x128x256_fc_dims=512_seed1,88ea83a74c,trial_0279_learning_rate=5.0e-04_history=10_kernel_sizes=5x3x3_conv_channels=64x128x256_fc_dims=512_seed1
/scratch/sb272/patterns5k_results/slurm_hist_cnn_2026-03-05_16-01-45/trial_0280_learning_rate=5.0e-04_history=10_kernel_sizes=5x3x3_conv_channels=64x128x256_fc_dims=1024_seed0,cnn,0.16610843515396118,0.15479333422908975,0.026675754123263888,0.01885632484678238,0.13502369821071625,0.16213270310033606,485567,485567,50,0.5702249608045256,10,True,0.45456832695830385,0.40310490637260693,13,0.31855225563049316,0.16196034848690033,2,"[5, 3, 3]","[64, 128, 256]",[1024],6904972,bc12u19n2,799.7,trial_0280_learning_rate=5.0e-04_history=10_kernel_sizes=5x3x3_conv_channels=64x128x256_fc_dims=1024_seed0,5efadb334c,trial_0280_learning_rate=5.0e-04_history=10_kernel_sizes=5x3x3_conv_channels=64x128x256_fc_dims=1024_seed0
/scratch/sb272/patterns5k_results/slurm_hist_cnn_2026-03-05_16-01-45/trial_0280_learning_rate=5.0e-04_history=10_kernel_sizes=5x3x3_conv_channels=64x128x256_fc_dims=1024_seed1,cnn,0.1662434858083725,0.15048328788127616,0.023163942117539662,0.013677473106081523,0.1284407377243042,0.16367078314768327,485567,485567,50,0.5622163924301744,10,True,0.45456832695830385,0.4005591461183832,12,0.31855225563049316,0.1570580154657364,1,"[5, 3, 3]","[64, 128, 256]",[1024],6904972,bc12u19n2,806.3,trial_0280_learning_rate=5.0e-04_history=10_kernel_sizes=5x3x3_conv_channels=64x128x256_fc_dims=1024_seed1,5efadb334c,trial_0280_learning_rate=5.0e-04_history=10_kernel_sizes=5x3x3_conv_channels=64x128x256_fc_dims=1024_seed1
/scratch/sb272/patterns5k_results/slurm_hist_cnn_2026-03-05_16-01-45/trial_0281_learning_rate=5.0e-04_history=10_kernel_sizes=3x3x3_conv_channels=128x128x128_fc_dims=256_seed0,cnn,0.16777550089359283,0.1367978434669386,0.021095036514221677,0.013717324014693971,0.1170400083065033,0.15038720181565915,188991,188991,50,0.5224015397134782,10,True,0.45456832695830385,0.36800288390110064,11,0.31855225563049316,0.1422155648469925,2,"[3, 3, 3]","[128, 128, 128]",[256],6904972,bc12u19n2,555.9,trial_0281_learning_rate=5.0e-04_history=10_kernel_sizes=3x3x3_conv_channels=128x128x128_fc_dims=256_seed0,c79a9dbabe,trial_0281_learning_rate=5.0e-04_history=10_kernel_sizes=3x3x3_conv_channels=128x128x128_fc_dims=256_seed0
/scratch/sb272/patterns5k_results/slurm_hist_cnn_2026-03-05_16-01-45/trial_0281_learning_rate=5.0e-04_history=10_kernel_sizes=3x3x3_conv_channels=128x128x128_fc_dims=256_seed1,cnn,0.16712759935855864,0.14119366433025912,0.02291363761538551,0.017751916060372006,0.12573952972888947,0.1497606044480982,188991,188991,43,0.5178089397615178,10,True,0.45456832695830385,0.3686814377520277,10,0.31855225563049316,0.14729416370391846,1,"[3, 3, 3]","[128, 128, 128]",[256],6904972,bc12u19n2,510.2,trial_0281_learning_rate=5.0e-04_history=10_kernel_sizes=3x3x3_conv_channels=128x128x128_fc_dims=256_seed1,c79a9dbabe,trial_0281_learning_rate=5.0e-04_history=10_kernel_sizes=3x3x3_conv_channels=128x128x128_fc_dims=256_seed1
/scratch/sb272/patterns5k_results/slurm_hist_cnn_2026-03-05_16-01-45/trial_0282_learning_rate=5.0e-04_history=10_kernel_sizes=3x3x3_conv_channels=128x128x128_fc_dims=512_seed0,cnn,0.16786215496063234,0.14448542890268795,0.017187178134918213,0.011100694300636413,0.12752486765384674,0.15354672334300246,238143,238143,45,0.5297670351527023,10,True,0.45456832695830385,0.37384856013194717,9,0.31855225563049316,0.15041634440422058,2,"[3, 3, 3]","[128, 128, 128]",[512],6904972,bc12u19n2,567.3,trial_0282_learning_rate=5.0e-04_history=10_kernel_sizes=3x3x3_conv_channels=128x128x128_fc_dims=512_seed0,d68b528e99,trial_0282_learning_rate=5.0e-04_history=10_kernel_sizes=3x3x3_conv_channels=128x128x128_fc_dims=512_seed0
/scratch/sb272/patterns5k_results/slurm_hist_cnn_2026-03-05_16-01-45/trial_0282_learning_rate=5.0e-04_history=10_kernel_sizes=3x3x3_conv_channels=128x128x128_fc_dims=512_seed1,cnn,0.16706171929836272,0.14559483978982407,0.022599957292042082,0.015157608758835565,0.12555062770843506,0.15475941921761058,238143,238143,50,0.5582534258156188,10,True,0.45456832695830385,0.38951026264589195,13,0.31855225563049316,0.15214869379997253,1,"[3, 3, 3]","[128, 128, 128]",[512],6904972,bc12u19n2,605.1,trial_0282_learning_rate=5.0e-04_history=10_kernel_sizes=3x3x3_conv_channels=128x128x128_fc_dims=512_seed1,d68b528e99,trial_0282_learning_rate=5.0e-04_history=10_kernel_sizes=3x3x3_conv_channels=128x128x128_fc_dims=512_seed1
/scratch/sb272/patterns5k_results/slurm_hist_cnn_2026-03-05_16-01-45/trial_0283_learning_rate=5.0e-04_history=10_kernel_sizes=3x3x3_conv_channels=256x256x256_fc_dims=512_seed0,cnn,0.16682218027114867,0.14879851899741153,0.023094475269317627,0.013489621026175362,0.12653687596321106,0.15375636878449528,640063,640063,31,0.5777255021714134,10,True,0.45456832695830385,0.39186639994297795,10,0.31855225563049316,0.1540997475385666,1,"[3, 3, 3]","[256, 256, 256]",[512],6904972,bc12u19n2,673.1,trial_0283_learning_rate=5.0e-04_history=10_kernel_sizes=3x3x3_conv_channels=256x256x256_fc_dims=512_seed0,f4b428dd76,trial_0283_learning_rate=5.0e-04_history=10_kernel_sizes=3x3x3_conv_channels=256x256x256_fc_dims=512_seed0
/scratch/sb272/patterns5k_results/slurm_hist_cnn_2026-03-05_16-01-45/trial_0283_learning_rate=5.0e-04_history=10_kernel_sizes=3x3x3_conv_channels=256x256x256_fc_dims=512_seed1,cnn,0.16824496209621428,0.14574038372134313,0.022186309572250124,0.012888774985358828,0.12269828468561172,0.15441977438353718,640063,640063,38,0.5364958272717966,10,True,0.45456832695830385,0.37320926840515645,10,0.31855225563049316,0.15273036062717438,2,"[3, 3, 3]","[256, 256, 256]",[512],6904972,bc12u19n2,745.4,trial_0283_learning_rate=5.0e-04_history=10_kernel_sizes=3x3x3_conv_channels=256x256x256_fc_dims=512_seed1,f4b428dd76,trial_0283_learning_rate=5.0e-04_history=10_kernel_sizes=3x3x3_conv_channels=256x256x256_fc_dims=512_seed1
/scratch/sb272/patterns5k_results/slurm_hist_cnn_2026-03-05_16-01-45/trial_0284_learning_rate=5.0e-04_history=10_kernel_sizes=3x3x3_conv_channels=256x256x256_fc_dims=1024_seed0,cnn,0.1675032169818878,0.1475721639674995,0.01956189341015286,0.010985107648940314,0.12912076711654663,0.15750592342254888,803903,803903,34,0.5430893617316704,10,True,0.45456832695830385,0.38239894334975927,10,0.31855225563049316,0.15410548448562622,1,"[3, 3, 3]","[256, 256, 256]",[1024],6904972,bc12u19n2,786.1,trial_0284_learning_rate=5.0e-04_history=10_kernel_sizes=3x3x3_conv_channels=256x256x256_fc_dims=1024_seed0,b737f35c3f,trial_0284_learning_rate=5.0e-04_history=10_kernel_sizes=3x3x3_conv_channels=256x256x256_fc_dims=1024_seed0
/scratch/sb272/patterns5k_results/slurm_hist_cnn_2026-03-05_16-01-45/trial_0284_learning_rate=5.0e-04_history=10_kernel_sizes=3x3x3_conv_channels=256x256x256_fc_dims=1024_seed1,cnn,0.16729988610744476,0.14586913775426025,0.01844965276264009,0.00837072871980213,0.1208634003996849,0.1567488264411189,803903,803903,29,0.5461005968603281,10,True,0.45456832695830385,0.38074987260387827,11,0.31855225563049316,0.15165464580059052,1,"[3, 3, 3]","[256, 256, 256]",[1024],6904972,bc12u19n2,767.5,trial_0284_learning_rate=5.0e-04_history=10_kernel_sizes=3x3x3_conv_channels=256x256x256_fc_dims=1024_seed1,b737f35c3f,trial_0284_learning_rate=5.0e-04_history=10_kernel_sizes=3x3x3_conv_channels=256x256x256_fc_dims=1024_seed1
/scratch/sb272/patterns5k_results/slurm_hist_cnn_2026-03-05_16-01-45/trial_0285_learning_rate=5.0e-04_history=20_kernel_sizes=3x3_conv_channels=64x128_fc_dims=128_seed0,cnn,0.16917866694927217,0.13143883702588305,0.019351923276507664,0.018514898088243272,0.12964272499084473,0.13530658150983293,69951,69951,50,0.484445427718551,20,True,0.45456832695830385,0.34449316724644086,9,0.31855225563049316,0.1366974115371704,1,"[3, 3]","[64, 128]",[128],6904972,bc12u19n2,474.8,trial_0285_learning_rate=5.0e-04_history=20_kernel_sizes=3x3_conv_channels=64x128_fc_dims=128_seed0,eb0e2b1f5a,trial_0285_learning_rate=5.0e-04_history=20_kernel_sizes=3x3_conv_channels=64x128_fc_dims=128_seed0
/scratch/sb272/patterns5k_results/slurm_hist_cnn_2026-03-05_16-01-45/trial_0285_learning_rate=5.0e-04_history=20_kernel_sizes=3x3_conv_channels=64x128_fc_dims=128_seed1,cnn,0.16931958639621736,0.12738254216165015,0.01830769152868362,0.017929075256226553,0.12522529065608978,0.13508083509350846,69951,69951,50,0.4582127363593992,20,True,0.45456832695830385,0.33553821439412407,6,0.31855225563049316,0.13246957957744598,1,"[3, 3]","[64, 128]",[128],6904972,bc12u19n2,470.6,trial_0285_learning_rate=5.0e-04_history=20_kernel_sizes=3x3_conv_channels=64x128_fc_dims=128_seed1,eb0e2b1f5a,trial_0285_learning_rate=5.0e-04_history=20_kernel_sizes=3x3_conv_channels=64x128_fc_dims=128_seed1
/scratch/sb272/patterns5k_results/slurm_hist_cnn_2026-03-05_16-01-45/trial_0286_learning_rate=5.0e-04_history=20_kernel_sizes=3x3_conv_channels=64x128_fc_dims=256_seed0,cnn,0.16918820691108705,0.13131201527507974,0.01914461926808433,0.017787263506934756,0.12902501225471497,0.13813043578939713,94527,94527,50,0.48514658285323736,20,True,0.45456832695830385,0.34565006595753067,8,0.31855225563049316,0.1365722119808197,1,"[3, 3]","[64, 128]",[256],6904972,bc12u19n2,498.8,trial_0286_learning_rate=5.0e-04_history=20_kernel_sizes=3x3_conv_channels=64x128_fc_dims=256_seed0,d29b924f92,trial_0286_learning_rate=5.0e-04_history=20_kernel_sizes=3x3_conv_channels=64x128_fc_dims=256_seed0
/scratch/sb272/patterns5k_results/slurm_hist_cnn_2026-03-05_16-01-45/trial_0286_learning_rate=5.0e-04_history=20_kernel_sizes=3x3_conv_channels=64x128_fc_dims=256_seed1,cnn,0.1691992106437683,0.13556104970722826,0.01925882555189587,0.01794653847104027,0.13274191319942474,0.14156709695376712,94527,94527,50,0.5032856379585039,20,True,0.45456832695830385,0.35720823015305375,10,0.31855225563049316,0.14126411080360413,1,"[3, 3]","[64, 128]",[256],6904972,bc12u19n2,453.2,trial_0286_learning_rate=5.0e-04_history=20_kernel_sizes=3x3_conv_channels=64x128_fc_dims=256_seed1,d29b924f92,trial_0286_learning_rate=5.0e-04_history=20_kernel_sizes=3x3_conv_channels=64x128_fc_dims=256_seed1
/scratch/sb272/patterns5k_results/slurm_hist_cnn_2026-03-05_16-01-45/trial_0287_learning_rate=5.0e-04_history=20_kernel_sizes=3x3_conv_channels=64x128_fc_dims=512_seed0,cnn,0.16973396170139313,0.1364312835359812,0.01650083821917337,0.016501212876940532,0.13554640114307404,0.13993168915972903,143679,143679,50,0.5185939090751981,20,True,0.45456832695830385,0.357855760816894,9,0.31855225563049316,0.1414342224597931,1,"[3, 3]","[64, 128]",[512],6904972,bc12u19n2,534.4,trial_0287_learning_rate=5.0e-04_history=20_kernel_sizes=3x3_conv_channels=64x128_fc_dims=512_seed0,4d25297008,trial_0287_learning_rate=5.0e-04_history=20_kernel_sizes=3x3_conv_channels=64x128_fc_dims=512_seed0
/scratch/sb272/patterns5k_results/slurm_hist_cnn_2026-03-05_16-01-45/trial_0287_learning_rate=5.0e-04_history=20_kernel_sizes=3x3_conv_channels=64x128_fc_dims=512_seed1,cnn,0.16984995591640473,0.13584608381816007,0.015972504540095255,0.01534178238066416,0.13410907983779907,0.14273565687646173,143679,143679,50,0.5163695738258556,20,True,0.45456832695830385,0.3605496245397327,8,0.31855225563049316,0.14120270311832428,1,"[3, 3]","[64, 128]",[512],6904972,bc12u19n2,498.0,trial_0287_learning_rate=5.0e-04_history=20_kernel_sizes=3x3_conv_channels=64x128_fc_dims=512_seed1,4d25297008,trial_0287_learning_rate=5.0e-04_history=20_kernel_sizes=3x3_conv_channels=64x128_fc_dims=512_seed1
/scratch/sb272/patterns5k_results/slurm_hist_cnn_2026-03-05_16-01-45/trial_0288_learning_rate=5.0e-04_history=20_kernel_sizes=5x3_conv_channels=128x256_fc_dims=256_seed0,cnn,0.17146332275867462,0.13232829708062765,0.005746058055332729,0.00796624119319613,0.13105031847953796,0.13400823878695242,248639,248639,47,0.51110319364092,20,True,0.45456832695830385,0.36550571797963305,10,0.31855225563049316,0.13823381066322327,1,"[5, 3]","[128, 256]",[256],6904972,bc12u19n2,566.7,trial_0288_learning_rate=5.0e-04_history=20_kernel_sizes=5x3_conv_channels=128x256_fc_dims=256_seed0,12fde39930,trial_0288_learning_rate=5.0e-04_history=20_kernel_sizes=5x3_conv_channels=128x256_fc_dims=256_seed0
/scratch/sb272/patterns5k_results/slurm_hist_cnn_2026-03-05_16-01-45/trial_0288_learning_rate=5.0e-04_history=20_kernel_sizes=5x3_conv_channels=128x256_fc_dims=256_seed1,cnn,0.17280336284637451,0.1297779127791909,-0.0008269529494028243,0.0013476771021646166,0.12787917256355286,0.13573371714424534,248639,248639,35,0.5131008814211296,20,True,0.45456832695830385,0.36149260675463496,10,0.31855225563049316,0.1351771205663681,1,"[5, 3]","[128, 256]",[256],6904972,bc12u19n2,477.9,trial_0288_learning_rate=5.0e-04_history=20_kernel_sizes=5x3_conv_channels=128x256_fc_dims=256_seed1,12fde39930,trial_0288_learning_rate=5.0e-04_history=20_kernel_sizes=5x3_conv_channels=128x256_fc_dims=256_seed1
/scratch/sb272/patterns5k_results/slurm_hist_cnn_2026-03-05_16-01-45/trial_0289_learning_rate=5.0e-04_history=20_kernel_sizes=5x3_conv_channels=128x256_fc_dims=512_seed0,cnn,0.1709605062007904,0.1337961537157248,0.005822794778006417,0.004302200816926502,0.13205818831920624,0.1376303040194577,330559,330559,43,0.5160927862146028,20,True,0.45456832695830385,0.3691403329367584,10,0.31855225563049316,0.13939689099788666,1,"[5, 3]","[128, 256]",[512],6904972,bc12u19n2,579.0,trial_0289_learning_rate=5.0e-04_history=20_kernel_sizes=5x3_conv_channels=128x256_fc_dims=512_seed0,dce6fda3fa,trial_0289_learning_rate=5.0e-04_history=20_kernel_sizes=5x3_conv_channels=128x256_fc_dims=512_seed0
/scratch/sb272/patterns5k_results/slurm_hist_cnn_2026-03-05_16-01-45/trial_0289_learning_rate=5.0e-04_history=20_kernel_sizes=5x3_conv_channels=128x256_fc_dims=512_seed1,cnn,0.17383161664009095,0.13065477042157653,-0.008089689981369745,-0.005274959972926548,0.12791623175144196,0.13950572264691843,330559,330559,35,0.5056426037435381,20,True,0.45456832695830385,0.36269397505959017,11,0.31855225563049316,0.1366300731897354,1,"[5, 3]","[128, 256]",[512],6904972,bc12u19n2,520.6,trial_0289_learning_rate=5.0e-04_history=20_kernel_sizes=5x3_conv_channels=128x256_fc_dims=512_seed1,dce6fda3fa,trial_0289_learning_rate=5.0e-04_history=20_kernel_sizes=5x3_conv_channels=128x256_fc_dims=512_seed1
/scratch/sb272/patterns5k_results/slurm_hist_cnn_2026-03-05_16-01-45/trial_0290_learning_rate=5.0e-04_history=20_kernel_sizes=5x3_conv_channels=128x256_fc_dims=1024_seed0,cnn,0.17184128296375276,0.13534163360017204,0.0017170451936267671,0.0004042860061403305,0.131756991147995,0.14094948007909275,494399,494399,29,0.49887455792305757,20,True,0.45456832695830385,0.3618133931827521,9,0.31855225563049316,0.14065001904964447,1,"[5, 3]","[128, 256]",[1024],6904972,bc12u19n2,544.9,trial_0290_learning_rate=5.0e-04_history=20_kernel_sizes=5x3_conv_channels=128x256_fc_dims=1024_seed0,dee1240d0c,trial_0290_learning_rate=5.0e-04_history=20_kernel_sizes=5x3_conv_channels=128x256_fc_dims=1024_seed0
/scratch/sb272/patterns5k_results/slurm_hist_cnn_2026-03-05_16-01-45/trial_0290_learning_rate=5.0e-04_history=20_kernel_sizes=5x3_conv_channels=128x256_fc_dims=1024_seed1,cnn,0.17324928271770476,0.13706558759295479,-0.007142235362340534,-0.006857831326742021,0.13447827100753784,0.14347649666223591,494399,494399,38,0.5671357018028259,20,True,0.45456832695830385,0.3987064031909516,12,0.31855225563049316,0.14363354444503784,1,"[5, 3]","[128, 256]",[1024],6904972,bc12u19n2,640.5,trial_0290_learning_rate=5.0e-04_history=20_kernel_sizes=5x3_conv_channels=128x256_fc_dims=1024_seed1,dee1240d0c,trial_0290_learning_rate=5.0e-04_history=20_kernel_sizes=5x3_conv_channels=128x256_fc_dims=1024_seed1
/scratch/sb272/patterns5k_results/slurm_hist_cnn_2026-03-05_16-01-45/trial_0291_learning_rate=5.0e-04_history=20_kernel_sizes=3x3x3_conv_channels=32x64x128_fc_dims=128_seed0,cnn,0.16834099638462066,0.13310407469544203,0.021260731750064425,0.019393076972355917,0.12881596386432648,0.13563188218300234,66111,66111,50,0.46920265598783284,20,True,0.45456832695830385,0.32978345836704004,9,0.31855225563049316,0.1373114138841629,0,"[3, 3, 3]","[32, 64, 128]",[128],6904972,bc12u19n2,446.1,trial_0291_learning_rate=5.0e-04_history=20_kernel_sizes=3x3x3_conv_channels=32x64x128_fc_dims=128_seed0,b97567d9ed,trial_0291_learning_rate=5.0e-04_history=20_kernel_sizes=3x3x3_conv_channels=32x64x128_fc_dims=128_seed0
/scratch/sb272/patterns5k_results/slurm_hist_cnn_2026-03-05_16-01-45/trial_0291_learning_rate=5.0e-04_history=20_kernel_sizes=3x3x3_conv_channels=32x64x128_fc_dims=128_seed1,cnn,0.16797274899482728,0.1319007226718927,0.02178611263396248,0.01896900695467752,0.12672361731529236,0.14003243699371326,66111,66111,50,0.4738043717703526,20,True,0.45456832695830385,0.33837090989091456,8,0.31855225563049316,0.1372506469488144,0,"[3, 3, 3]","[32, 64, 128]",[128],6904972,bc12u19n2,427.4,trial_0291_learning_rate=5.0e-04_history=20_kernel_sizes=3x3x3_conv_channels=32x64x128_fc_dims=128_seed1,b97567d9ed,trial_0291_learning_rate=5.0e-04_history=20_kernel_sizes=3x3x3_conv_channels=32x64x128_fc_dims=128_seed1
/scratch/sb272/patterns5k_results/slurm_hist_cnn_2026-03-05_16-01-45/trial_0292_learning_rate=5.0e-04_history=20_kernel_sizes=3x3x3_conv_channels=32x64x128_fc_dims=256_seed0,cnn,0.16767154026031494,0.1350360064114501,0.023025099247220963,0.020932683869013712,0.13159437477588654,0.14267176016764122,90687,90687,50,0.4787994788935481,20,True,0.45456832695830385,0.3372532809765525,8,0.31855225563049316,0.13957931101322174,0,"[3, 3, 3]","[32, 64, 128]",[256],6904972,bc12u19n2,450.1,trial_0292_learning_rate=5.0e-04_history=20_kernel_sizes=3x3x3_conv_channels=32x64x128_fc_dims=256_seed0,a7a27e18ee,trial_0292_learning_rate=5.0e-04_history=20_kernel_sizes=3x3x3_conv_channels=32x64x128_fc_dims=256_seed0
/scratch/sb272/patterns5k_results/slurm_hist_cnn_2026-03-05_16-01-45/trial_0292_learning_rate=5.0e-04_history=20_kernel_sizes=3x3x3_conv_channels=32x64x128_fc_dims=256_seed1,cnn,0.16831781589984893,0.13219471170487168,0.020795007546742756,0.019696600853450714,0.13013842701911926,0.14328768002463713,90687,90687,50,0.48327891569471504,20,True,0.45456832695830385,0.34251418639845954,9,0.31855225563049316,0.13747499883174896,1,"[3, 3, 3]","[32, 64, 128]",[256],6904972,bc12u19n2,445.0,trial_0292_learning_rate=5.0e-04_history=20_kernel_sizes=3x3x3_conv_channels=32x64x128_fc_dims=256_seed1,a7a27e18ee,trial_0292_learning_rate=5.0e-04_history=20_kernel_sizes=3x3x3_conv_channels=32x64x128_fc_dims=256_seed1
/scratch/sb272/patterns5k_results/slurm_hist_cnn_2026-03-05_16-01-45/trial_0293_learning_rate=5.0e-04_history=20_kernel_sizes=5x3x3_conv_channels=64x128x256_fc_dims=256_seed0,cnn,0.16799351227283477,0.13561102081712717,0.022541169136289566,0.019010619511679996,0.12765465676784515,0.14385980107207458,239807,239807,50,0.5040821835160979,20,True,0.45456832695830385,0.35715351457316474,10,0.31855225563049316,0.14109836518764496,1,"[5, 3, 3]","[64, 128, 256]",[256],6904972,bc12u19n2,589.2,trial_0293_learning_rate=5.0e-04_history=20_kernel_sizes=5x3x3_conv_channels=64x128x256_fc_dims=256_seed0,24c52170b9,trial_0293_learning_rate=5.0e-04_history=20_kernel_sizes=5x3x3_conv_channels=64x128x256_fc_dims=256_seed0
/scratch/sb272/patterns5k_results/slurm_hist_cnn_2026-03-05_16-01-45/trial_0293_learning_rate=5.0e-04_history=20_kernel_sizes=5x3x3_conv_channels=64x128x256_fc_dims=256_seed1,cnn,0.16818741607666016,0.13506559827072026,0.022835809086996412,0.019361347433120485,0.12836004793643951,0.1458162668307038,239807,239807,50,0.531934450835511,20,True,0.45456832695830385,0.38193843671210387,11,0.31855225563049316,0.14151383936405182,1,"[5, 3, 3]","[64, 128, 256]",[256],6904972,bc12u19n2,588.1,trial_0293_learning_rate=5.0e-04_history=20_kernel_sizes=5x3x3_conv_channels=64x128x256_fc_dims=256_seed1,24c52170b9,trial_0293_learning_rate=5.0e-04_history=20_kernel_sizes=5x3x3_conv_channels=64x128x256_fc_dims=256_seed1
/scratch/sb272/patterns5k_results/slurm_hist_cnn_2026-03-05_16-01-45/trial_0294_learning_rate=5.0e-04_history=20_kernel_sizes=5x3x3_conv_channels=64x128x256_fc_dims=512_seed0,cnn,0.16769485545158386,0.14455226637948962,0.023592950805785166,0.020774136460016645,0.13946758210659027,0.14838661021796004,321727,321727,48,0.5515075310346824,20,True,0.45456832695830385,0.382122945439988,12,0.31855225563049316,0.15072539448738098,1,"[5, 3, 3]","[64, 128, 256]",[512],6904972,bc12u19n2,637.0,trial_0294_learning_rate=5.0e-04_history=20_kernel_sizes=5x3x3_conv_channels=64x128x256_fc_dims=512_seed0,aff41d2bb1,trial_0294_learning_rate=5.0e-04_history=20_kernel_sizes=5x3x3_conv_channels=64x128x256_fc_dims=512_seed0
/scratch/sb272/patterns5k_results/slurm_hist_cnn_2026-03-05_16-01-45/trial_0294_learning_rate=5.0e-04_history=20_kernel_sizes=5x3x3_conv_channels=64x128x256_fc_dims=512_seed1,cnn,0.16795480978488922,0.13818692812656846,0.023952562657613603,0.020654926224360392,0.13292892277240753,0.15195432121845545,321727,321727,50,0.5336694161609503,20,True,0.45456832695830385,0.38100285957068486,11,0.31855225563049316,0.14527225494384766,1,"[5, 3, 3]","[64, 128, 256]",[512],6904972,bc12u19n2,655.2,trial_0294_learning_rate=5.0e-04_history=20_kernel_sizes=5x3x3_conv_channels=64x128x256_fc_dims=512_seed1,aff41d2bb1,trial_0294_learning_rate=5.0e-04_history=20_kernel_sizes=5x3x3_conv_channels=64x128x256_fc_dims=512_seed1
/scratch/sb272/patterns5k_results/slurm_hist_cnn_2026-03-05_16-01-45/trial_0295_learning_rate=5.0e-04_history=20_kernel_sizes=5x3x3_conv_channels=64x128x256_fc_dims=1024_seed0,cnn,0.1683530023097992,0.14303170569987742,0.01986094978120592,0.015602938712589325,0.1373579353094101,0.15124350291741986,485567,485567,50,0.5453721585533683,20,True,0.45456832695830385,0.3767091102206079,13,0.31855225563049316,0.14883963763713837,1,"[5, 3, 3]","[64, 128, 256]",[1024],6904972,bc12u19n2,767.9,trial_0295_learning_rate=5.0e-04_history=20_kernel_sizes=5x3x3_conv_channels=64x128x256_fc_dims=1024_seed0,16d3b17c13,trial_0295_learning_rate=5.0e-04_history=20_kernel_sizes=5x3x3_conv_channels=64x128x256_fc_dims=1024_seed0
/scratch/sb272/patterns5k_results/slurm_hist_cnn_2026-03-05_16-01-45/trial_0295_learning_rate=5.0e-04_history=20_kernel_sizes=5x3x3_conv_channels=64x128x256_fc_dims=1024_seed1,cnn,0.1678447949886322,0.14333554635554152,0.021841090822976732,0.019024011634645007,0.1365654468536377,0.15503842178100824,485567,485567,50,0.557625057690345,20,True,0.45456832695830385,0.3924320985031713,12,0.31855225563049316,0.14998605847358704,1,"[5, 3, 3]","[64, 128, 256]",[1024],6904972,bc12u19n2,767.5,trial_0295_learning_rate=5.0e-04_history=20_kernel_sizes=5x3x3_conv_channels=64x128x256_fc_dims=1024_seed1,16d3b17c13,trial_0295_learning_rate=5.0e-04_history=20_kernel_sizes=5x3x3_conv_channels=64x128x256_fc_dims=1024_seed1
/scratch/sb272/patterns5k_results/slurm_hist_cnn_2026-03-05_16-01-45/trial_0296_learning_rate=5.0e-04_history=20_kernel_sizes=3x3x3_conv_channels=128x128x128_fc_dims=256_seed0,cnn,0.16830543637275697,0.13620635787357396,0.022435358592442105,0.019658420767102922,0.13144473731517792,0.1417470724956999,188991,188991,46,0.5264181978077815,20,True,0.45456832695830385,0.37027894489111485,10,0.31855225563049316,0.14217345416545868,1,"[3, 3, 3]","[128, 128, 128]",[256],6904972,bc12u19n2,498.2,trial_0296_learning_rate=5.0e-04_history=20_kernel_sizes=3x3x3_conv_channels=128x128x128_fc_dims=256_seed0,3b67e5ce19,trial_0296_learning_rate=5.0e-04_history=20_kernel_sizes=3x3x3_conv_channels=128x128x128_fc_dims=256_seed0
/scratch/sb272/patterns5k_results/slurm_hist_cnn_2026-03-05_16-01-45/trial_0296_learning_rate=5.0e-04_history=20_kernel_sizes=3x3x3_conv_channels=128x128x128_fc_dims=256_seed1,cnn,0.1687081867456436,0.13274684795921757,0.02114723977588472,0.018216881487104628,0.12669894099235535,0.14323256027605052,188991,188991,41,0.498122993093829,20,True,0.45456832695830385,0.3528011044426216,10,0.31855225563049316,0.13853082060813904,1,"[3, 3, 3]","[128, 128, 128]",[256],6904972,bc12u19n2,468.3,trial_0296_learning_rate=5.0e-04_history=20_kernel_sizes=3x3x3_conv_channels=128x128x128_fc_dims=256_seed1,3b67e5ce19,trial_0296_learning_rate=5.0e-04_history=20_kernel_sizes=3x3x3_conv_channels=128x128x128_fc_dims=256_seed1
/scratch/sb272/patterns5k_results/slurm_hist_cnn_2026-03-05_16-01-45/trial_0297_learning_rate=5.0e-04_history=20_kernel_sizes=3x3x3_conv_channels=128x128x128_fc_dims=512_seed0,cnn,0.16824694085121156,0.13693861686299966,0.020518799622853596,0.018122573693593342,0.130924254655838,0.143711441198374,238143,238143,38,0.513462389654246,20,True,0.45456832695830385,0.36468342188976405,11,0.31855225563049316,0.14222866296768188,1,"[3, 3, 3]","[128, 128, 128]",[512],6904972,bc12u19n2,487.4,trial_0297_learning_rate=5.0e-04_history=20_kernel_sizes=3x3x3_conv_channels=128x128x128_fc_dims=512_seed0,2936a036f9,trial_0297_learning_rate=5.0e-04_history=20_kernel_sizes=3x3x3_conv_channels=128x128x128_fc_dims=512_seed0
/scratch/sb272/patterns5k_results/slurm_hist_cnn_2026-03-05_16-01-45/trial_0297_learning_rate=5.0e-04_history=20_kernel_sizes=3x3x3_conv_channels=128x128x128_fc_dims=512_seed1,cnn,0.168619034409523,0.13846012708517821,0.01959537702893454,0.01652160334208655,0.13261987268924713,0.14596861525842497,238143,238143,49,0.5266538789145244,20,True,0.45456832695830385,0.366652007282185,11,0.31855225563049316,0.14391037821769714,1,"[3, 3, 3]","[128, 128, 128]",[512],6904972,bc12u19n2,565.7,trial_0297_learning_rate=5.0e-04_history=20_kernel_sizes=3x3x3_conv_channels=128x128x128_fc_dims=512_seed1,2936a036f9,trial_0297_learning_rate=5.0e-04_history=20_kernel_sizes=3x3x3_conv_channels=128x128x128_fc_dims=512_seed1
/scratch/sb272/patterns5k_results/slurm_hist_cnn_2026-03-05_16-01-45/trial_0298_learning_rate=5.0e-04_history=20_kernel_sizes=3x3x3_conv_channels=256x256x256_fc_dims=512_seed0,cnn,0.16862444961071013,0.13992287520277777,0.02284060584174262,0.017869045810093954,0.13259591162204742,0.14299151145499847,640063,640063,29,0.5199180634151707,20,True,0.45456832695830385,0.36877680394702367,10,0.31855225563049316,0.1452483981847763,1,"[3, 3, 3]","[256, 256, 256]",[512],6904972,bc12u19n2,610.1,trial_0298_learning_rate=5.0e-04_history=20_kernel_sizes=3x3x3_conv_channels=256x256x256_fc_dims=512_seed0,783343d671,trial_0298_learning_rate=5.0e-04_history=20_kernel_sizes=3x3x3_conv_channels=256x256x256_fc_dims=512_seed0
/scratch/sb272/patterns5k_results/slurm_hist_cnn_2026-03-05_16-01-45/trial_0298_learning_rate=5.0e-04_history=20_kernel_sizes=3x3x3_conv_channels=256x256x256_fc_dims=512_seed1,cnn,0.16883989858627318,0.13399756058021042,0.01951628734195043,0.014265696207682291,0.12566323578357697,0.1453204932084049,640063,640063,30,0.5209168205257431,20,True,0.45456832695830385,0.3716266492086596,9,0.31855225563049316,0.13995814323425293,1,"[3, 3, 3]","[256, 256, 256]",[512],6904972,bc12u19n2,624.6,trial_0298_learning_rate=5.0e-04_history=20_kernel_sizes=3x3x3_conv_channels=256x256x256_fc_dims=512_seed1,783343d671,trial_0298_learning_rate=5.0e-04_history=20_kernel_sizes=3x3x3_conv_channels=256x256x256_fc_dims=512_seed1
/scratch/sb272/patterns5k_results/slurm_hist_cnn_2026-03-05_16-01-45/trial_0299_learning_rate=5.0e-04_history=20_kernel_sizes=3x3x3_conv_channels=256x256x256_fc_dims=1024_seed0,cnn,0.16809512364864349,0.1397778756249056,0.02020431132543655,0.015659295377277192,0.13151322305202484,0.14729702513110332,803903,803903,25,0.5371932960375053,20,True,0.45456832695830385,0.3827815611687079,11,0.31855225563049316,0.14539498090744019,1,"[3, 3, 3]","[256, 256, 256]",[1024],6904972,bc12u19n2,623.8,trial_0299_learning_rate=5.0e-04_history=20_kernel_sizes=3x3x3_conv_channels=256x256x256_fc_dims=1024_seed0,f433e8249d,trial_0299_learning_rate=5.0e-04_history=20_kernel_sizes=3x3x3_conv_channels=256x256x256_fc_dims=1024_seed0
/scratch/sb272/patterns5k_results/slurm_hist_cnn_2026-03-05_16-01-45/trial_0299_learning_rate=5.0e-04_history=20_kernel_sizes=3x3x3_conv_channels=256x256x256_fc_dims=1024_seed1,cnn,0.1684987074136734,0.14026699130406106,0.014440685983688112,0.010289143948327927,0.13282276690006256,0.15053035470622103,803903,803903,29,0.5479400627253612,20,True,0.45456832695830385,0.3984629723724368,13,0.31855225563049316,0.14635497331619263,1,"[3, 3, 3]","[256, 256, 256]",[1024],6904972,bc12u19n2,690.1,trial_0299_learning_rate=5.0e-04_history=20_kernel_sizes=3x3x3_conv_channels=256x256x256_fc_dims=1024_seed1,f433e8249d,trial_0299_learning_rate=5.0e-04_history=20_kernel_sizes=3x3x3_conv_channels=256x256x256_fc_dims=1024_seed1
/scratch/sb272/patterns5k_results/slurm_hist_cnn_2026-03-05_16-01-45/trial_0300_learning_rate=5.0e-04_history=1_kernel_sizes=3x3_conv_channels=64x128_fc_dims=128_seed0,cnn,0.15353715634346007,0.2388757688006127,0.0694592623483567,-0.0008292292791699606,0.09600653499364853,0.24667286314140213,69951,69951,50,0.714221549191156,1,True,0.45456832695830385,0.5904937330156618,52,0.31855225563049316,0.24831035733222961,14,"[3, 3]","[64, 128]",[128],6905279,bb7u11g1,323.3,trial_0300_learning_rate=5.0e-04_history=1_kernel_sizes=3x3_conv_channels=64x128_fc_dims=128_seed0,b2de36703d,trial_0300_learning_rate=5.0e-04_history=1_kernel_sizes=3x3_conv_channels=64x128_fc_dims=128_seed0
/scratch/sb272/patterns5k_results/slurm_hist_cnn_2026-03-05_16-01-45/trial_0300_learning_rate=5.0e-04_history=1_kernel_sizes=3x3_conv_channels=64x128_fc_dims=128_seed1,cnn,0.15341371369361878,0.2375101078393155,0.06924864318635729,-0.004939301619454036,0.09048907458782196,0.24507921870836,69951,69951,50,0.7154164128945829,1,True,0.45456832695830385,0.5924294257936775,53,0.31855225563049316,0.24702465534210205,13,"[3, 3]","[64, 128]",[128],6905279,bb7u11g1,309.9,trial_0300_learning_rate=5.0e-04_history=1_kernel_sizes=3x3_conv_channels=64x128_fc_dims=128_seed1,b2de36703d,trial_0300_learning_rate=5.0e-04_history=1_kernel_sizes=3x3_conv_channels=64x128_fc_dims=128_seed1
/scratch/sb272/patterns5k_results/slurm_hist_cnn_2026-03-05_16-01-45/trial_0301_learning_rate=5.0e-04_history=1_kernel_sizes=3x3_conv_channels=64x128_fc_dims=256_seed0,cnn,0.15325145423412323,0.24219581030557552,0.07123285437387133,-0.0010646628955053904,0.09672059118747711,0.24984244238577114,94527,94527,50,0.7242911045004352,1,True,0.45456832695830385,0.6042003090723406,52,0.31855225563049316,0.25232675671577454,13,"[3, 3]","[64, 128]",[256],6905279,bb7u11g1,330.1,trial_0301_learning_rate=5.0e-04_history=1_kernel_sizes=3x3_conv_channels=64x128_fc_dims=256_seed0,eb9605dbbf,trial_0301_learning_rate=5.0e-04_history=1_kernel_sizes=3x3_conv_channels=64x128_fc_dims=256_seed0
/scratch/sb272/patterns5k_results/slurm_hist_cnn_2026-03-05_16-01-45/trial_0301_learning_rate=5.0e-04_history=1_kernel_sizes=3x3_conv_channels=64x128_fc_dims=256_seed1,cnn,0.15306364679336548,0.2438394632715336,0.07252414548207843,-0.0002676579687330458,0.09577098488807678,0.2543065569180356,94527,94527,50,0.729956037980345,1,True,0.45456832695830385,0.6057221748070776,54,0.31855225563049316,0.25409936904907227,13,"[3, 3]","[64, 128]",[256],6905279,bb7u11g1,337.9,trial_0301_learning_rate=5.0e-04_history=1_kernel_sizes=3x3_conv_channels=64x128_fc_dims=256_seed1,eb9605dbbf,trial_0301_learning_rate=5.0e-04_history=1_kernel_sizes=3x3_conv_channels=64x128_fc_dims=256_seed1
/scratch/sb272/patterns5k_results/slurm_hist_cnn_2026-03-05_16-01-45/trial_0302_learning_rate=5.0e-04_history=1_kernel_sizes=3x3_conv_channels=64x128_fc_dims=512_seed0,cnn,0.15364761233329774,0.2439994505268585,0.06998479271691943,0.0005142414380633641,0.09819367527961731,0.2513052500212408,143679,143679,50,0.7283295333632519,1,True,0.45456832695830385,0.6053532113999661,55,0.31855225563049316,0.25368648767471313,14,"[3, 3]","[64, 128]",[512],6905279,bb7u11g1,347.0,trial_0302_learning_rate=5.0e-04_history=1_kernel_sizes=3x3_conv_channels=64x128_fc_dims=512_seed0,e4309b9a36,trial_0302_learning_rate=5.0e-04_history=1_kernel_sizes=3x3_conv_channels=64x128_fc_dims=512_seed0
/scratch/sb272/patterns5k_results/slurm_hist_cnn_2026-03-05_16-01-45/trial_0302_learning_rate=5.0e-04_history=1_kernel_sizes=3x3_conv_channels=64x128_fc_dims=512_seed1,cnn,0.1522132486104965,0.249071107285066,0.07506718522026426,-0.004222313563028972,0.09227517247200012,0.25932007927211587,143679,143679,50,0.7444574426811688,1,True,0.45456832695830385,0.61503272488747,55,0.31855225563049316,0.2595255374908447,14,"[3, 3]","[64, 128]",[512],6905279,bb7u11g1,347.3,trial_0302_learning_rate=5.0e-04_history=1_kernel_sizes=3x3_conv_channels=64x128_fc_dims=512_seed1,e4309b9a36,trial_0302_learning_rate=5.0e-04_history=1_kernel_sizes=3x3_conv_channels=64x128_fc_dims=512_seed1
/scratch/sb272/patterns5k_results/slurm_hist_cnn_2026-03-05_16-01-45/trial_0303_learning_rate=5.0e-04_history=1_kernel_sizes=5x3_conv_channels=128x256_fc_dims=256_seed0,cnn,0.15273280084133148,0.25459430187769916,0.07185807398387364,-0.002226439733353872,0.08397522568702698,0.26360701132506376,248639,248639,50,0.7453984670262385,1,True,0.45456832695830385,0.6261401559609486,57,0.31855225563049316,0.2656434178352356,14,"[5, 3]","[128, 256]",[256],6905279,bb7u11g1,401.5,trial_0303_learning_rate=5.0e-04_history=1_kernel_sizes=5x3_conv_channels=128x256_fc_dims=256_seed0,6c064a4706,trial_0303_learning_rate=5.0e-04_history=1_kernel_sizes=5x3_conv_channels=128x256_fc_dims=256_seed0
/scratch/sb272/patterns5k_results/slurm_hist_cnn_2026-03-05_16-01-45/trial_0303_learning_rate=5.0e-04_history=1_kernel_sizes=5x3_conv_channels=128x256_fc_dims=256_seed1,cnn,0.1526388646364212,0.2551051240571826,0.07280496188572474,-0.0021428891590663363,0.08530591428279877,0.2667734391226102,248639,248639,50,0.7455418648423685,1,True,0.45456832695830385,0.6252571315733496,56,0.31855225563049316,0.26619845628738403,14,"[5, 3]","[128, 256]",[256],6905279,bb7u11g1,404.2,trial_0303_learning_rate=5.0e-04_history=1_kernel_sizes=5x3_conv_channels=128x256_fc_dims=256_seed1,6c064a4706,trial_0303_learning_rate=5.0e-04_history=1_kernel_sizes=5x3_conv_channels=128x256_fc_dims=256_seed1
/scratch/sb272/patterns5k_results/slurm_hist_cnn_2026-03-05_16-01-45/trial_0304_learning_rate=5.0e-04_history=1_kernel_sizes=5x3_conv_channels=128x256_fc_dims=512_seed0,cnn,0.1526062024831772,0.25695754587171116,0.07078582899911064,-0.0021236094217451794,0.08572135865688324,0.2671640762313612,330559,330559,50,0.759239788276547,1,True,0.45456832695830385,0.6361619457213488,60,0.31855225563049316,0.26863929629325867,14,"[5, 3]","[128, 256]",[512],6905279,bb7u11g1,460.0,trial_0304_learning_rate=5.0e-04_history=1_kernel_sizes=5x3_conv_channels=128x256_fc_dims=512_seed0,3b4f358782,trial_0304_learning_rate=5.0e-04_history=1_kernel_sizes=5x3_conv_channels=128x256_fc_dims=512_seed0
/scratch/sb272/patterns5k_results/slurm_hist_cnn_2026-03-05_16-01-45/trial_0304_learning_rate=5.0e-04_history=1_kernel_sizes=5x3_conv_channels=128x256_fc_dims=512_seed1,cnn,0.1531951974630356,0.25813802751812337,0.06672050366325984,-0.002773138265761118,0.08497070521116257,0.26934316538023406,330559,330559,50,0.7548600375019953,1,True,0.45456832695830385,0.6358672351389552,59,0.31855225563049316,0.2696141004562378,14,"[5, 3]","[128, 256]",[512],6905279,bb7u11g1,454.8,trial_0304_learning_rate=5.0e-04_history=1_kernel_sizes=5x3_conv_channels=128x256_fc_dims=512_seed1,3b4f358782,trial_0304_learning_rate=5.0e-04_history=1_kernel_sizes=5x3_conv_channels=128x256_fc_dims=512_seed1
/scratch/sb272/patterns5k_results/slurm_hist_cnn_2026-03-05_16-01-45/trial_0305_learning_rate=5.0e-04_history=1_kernel_sizes=5x3_conv_channels=128x256_fc_dims=1024_seed0,cnn,0.15298868346214295,0.26048965636500876,0.06799311864943731,-0.004326927283453563,0.08376514166593552,0.2696441353975171,494399,494399,50,0.7611826104296769,1,True,0.45456832695830385,0.6348150520917537,58,0.31855225563049316,0.27169069647789,14,"[5, 3]","[128, 256]",[1024],6905279,bb7u11g1,539.0,trial_0305_learning_rate=5.0e-04_history=1_kernel_sizes=5x3_conv_channels=128x256_fc_dims=1024_seed0,c1e8f4997a,trial_0305_learning_rate=5.0e-04_history=1_kernel_sizes=5x3_conv_channels=128x256_fc_dims=1024_seed0
/scratch/sb272/patterns5k_results/slurm_hist_cnn_2026-03-05_16-01-45/trial_0305_learning_rate=5.0e-04_history=1_kernel_sizes=5x3_conv_channels=128x256_fc_dims=1024_seed1,cnn,0.15343747103214264,0.25726741851059753,0.06361665233733162,-0.0004197434773520818,0.0903974175453186,0.2682035864200007,494399,494399,50,0.7527191397763023,1,True,0.45456832695830385,0.6337240174369559,57,0.31855225563049316,0.268648624420166,14,"[5, 3]","[128, 256]",[1024],6905279,bb7u11g1,521.3,trial_0305_learning_rate=5.0e-04_history=1_kernel_sizes=5x3_conv_channels=128x256_fc_dims=1024_seed1,c1e8f4997a,trial_0305_learning_rate=5.0e-04_history=1_kernel_sizes=5x3_conv_channels=128x256_fc_dims=1024_seed1
/scratch/sb272/patterns5k_results/slurm_hist_cnn_2026-03-05_16-01-45/trial_0306_learning_rate=5.0e-04_history=1_kernel_sizes=3x3x3_conv_channels=32x64x128_fc_dims=128_seed0,cnn,0.15294533038139344,0.2293586527234987,0.06331576714439997,-0.014593949393620567,0.053145285695791245,0.23485686614324347,66111,66111,50,0.6642064831695654,1,True,0.45456832695830385,0.5341100886042176,44,0.31855225563049316,0.2373402863740921,13,"[3, 3, 3]","[32, 64, 128]",[128],6905279,bb7u11g1,279.5,trial_0306_learning_rate=5.0e-04_history=1_kernel_sizes=3x3x3_conv_channels=32x64x128_fc_dims=128_seed0,fa362acdbf,trial_0306_learning_rate=5.0e-04_history=1_kernel_sizes=3x3x3_conv_channels=32x64x128_fc_dims=128_seed0
/scratch/sb272/patterns5k_results/slurm_hist_cnn_2026-03-05_16-01-45/trial_0306_learning_rate=5.0e-04_history=1_kernel_sizes=3x3x3_conv_channels=32x64x128_fc_dims=128_seed1,cnn,0.15309730970859528,0.22846436944089832,0.06235407647632417,-0.013058176116337852,0.057140547782182693,0.23326561291006992,66111,66111,50,0.6497463151816624,1,True,0.45456832695830385,0.5227111157152547,44,0.31855225563049316,0.23618769645690918,12,"[3, 3, 3]","[32, 64, 128]",[128],6905279,bb7u11g1,297.5,trial_0306_learning_rate=5.0e-04_history=1_kernel_sizes=3x3x3_conv_channels=32x64x128_fc_dims=128_seed1,fa362acdbf,trial_0306_learning_rate=5.0e-04_history=1_kernel_sizes=3x3x3_conv_channels=32x64x128_fc_dims=128_seed1
/scratch/sb272/patterns5k_results/slurm_hist_cnn_2026-03-05_16-01-45/trial_0307_learning_rate=5.0e-04_history=1_kernel_sizes=3x3x3_conv_channels=32x64x128_fc_dims=256_seed0,cnn,0.152702424287796,0.2323209552667621,0.063521527108692,-0.014272982165926979,0.058075811713933945,0.23766528292489886,90687,90687,50,0.6623066825432876,1,True,0.45456832695830385,0.5336114697851023,44,0.31855225563049316,0.24034786224365234,12,"[3, 3, 3]","[32, 64, 128]",[256],6905279,bb7u11g1,303.6,trial_0307_learning_rate=5.0e-04_history=1_kernel_sizes=3x3x3_conv_channels=32x64x128_fc_dims=256_seed0,055b76edd7,trial_0307_learning_rate=5.0e-04_history=1_kernel_sizes=3x3x3_conv_channels=32x64x128_fc_dims=256_seed0
/scratch/sb272/patterns5k_results/slurm_hist_cnn_2026-03-05_16-01-45/trial_0307_learning_rate=5.0e-04_history=1_kernel_sizes=3x3x3_conv_channels=32x64x128_fc_dims=256_seed1,cnn,0.15321218764781952,0.23256737488849352,0.06489202711317274,-0.009867980366661436,0.062205053865909576,0.23972758825678586,90687,90687,50,0.665096548427996,1,True,0.45456832695830385,0.5361603716188139,46,0.31855225563049316,0.24088163673877716,13,"[3, 3, 3]","[32, 64, 128]",[256],6905279,bb7u11g1,296.6,trial_0307_learning_rate=5.0e-04_history=1_kernel_sizes=3x3x3_conv_channels=32x64x128_fc_dims=256_seed1,055b76edd7,trial_0307_learning_rate=5.0e-04_history=1_kernel_sizes=3x3x3_conv_channels=32x64x128_fc_dims=256_seed1
/scratch/sb272/patterns5k_results/slurm_hist_cnn_2026-03-05_16-01-45/trial_0308_learning_rate=5.0e-04_history=1_kernel_sizes=5x3x3_conv_channels=64x128x256_fc_dims=256_seed0,cnn,0.14987663066387177,0.2554710059090678,0.07976664815630231,-0.016889502131749713,0.05839210003614426,0.2664590546667453,239807,239807,50,0.7230876863843663,1,True,0.45456832695830385,0.5903196526850608,51,0.31855225563049316,0.26590806245803833,15,"[5, 3, 3]","[64, 128, 256]",[256],6905279,bb7u11g1,396.6,trial_0308_learning_rate=5.0e-04_history=1_kernel_sizes=5x3x3_conv_channels=64x128x256_fc_dims=256_seed0,f58a01abf0,trial_0308_learning_rate=5.0e-04_history=1_kernel_sizes=5x3x3_conv_channels=64x128x256_fc_dims=256_seed0
/scratch/sb272/patterns5k_results/slurm_hist_cnn_2026-03-05_16-01-45/trial_0308_learning_rate=5.0e-04_history=1_kernel_sizes=5x3x3_conv_channels=64x128x256_fc_dims=256_seed1,cnn,0.14959775066375733,0.25813891346002377,0.08165790258891999,-0.015441126293606229,0.0648622140288353,0.2666099204511061,239807,239807,50,0.7293239716149746,1,True,0.45456832695830385,0.5925099505079888,52,0.31855225563049316,0.26842889189720154,15,"[5, 3, 3]","[64, 128, 256]",[256],6905279,bb7u11g1,396.8,trial_0308_learning_rate=5.0e-04_history=1_kernel_sizes=5x3x3_conv_channels=64x128x256_fc_dims=256_seed1,f58a01abf0,trial_0308_learning_rate=5.0e-04_history=1_kernel_sizes=5x3x3_conv_channels=64x128x256_fc_dims=256_seed1
/scratch/sb272/patterns5k_results/slurm_hist_cnn_2026-03-05_16-01-45/trial_0309_learning_rate=5.0e-04_history=1_kernel_sizes=5x3x3_conv_channels=64x128x256_fc_dims=512_seed0,cnn,0.14955736005306244,0.2593651974561698,0.08186637598370748,-0.016446337813422793,0.05971639230847359,0.26945162062567624,321727,321727,50,0.7276807236447432,1,True,0.45456832695830385,0.5925777464451519,52,0.31855225563049316,0.2697999179363251,16,"[5, 3, 3]","[64, 128, 256]",[512],6905279,bb7u11g1,486.0,trial_0309_learning_rate=5.0e-04_history=1_kernel_sizes=5x3x3_conv_channels=64x128x256_fc_dims=512_seed0,15c74787c4,trial_0309_learning_rate=5.0e-04_history=1_kernel_sizes=5x3x3_conv_channels=64x128x256_fc_dims=512_seed0
/scratch/sb272/patterns5k_results/slurm_hist_cnn_2026-03-05_16-01-45/trial_0309_learning_rate=5.0e-04_history=1_kernel_sizes=5x3x3_conv_channels=64x128x256_fc_dims=512_seed1,cnn,0.14943531739711763,0.25847935024027807,0.08213956393892803,-0.016193223378014942,0.05927792564034462,0.2711650241128853,321727,321727,50,0.7341939655045789,1,True,0.45456832695830385,0.597491636070673,52,0.31855225563049316,0.26964056491851807,16,"[5, 3, 3]","[64, 128, 256]",[512],6905279,bb7u11g1,490.2,trial_0309_learning_rate=5.0e-04_history=1_kernel_sizes=5x3x3_conv_channels=64x128x256_fc_dims=512_seed1,15c74787c4,trial_0309_learning_rate=5.0e-04_history=1_kernel_sizes=5x3x3_conv_channels=64x128x256_fc_dims=512_seed1
/scratch/sb272/patterns5k_results/slurm_hist_cnn_2026-03-05_16-01-45/trial_0310_learning_rate=5.0e-04_history=1_kernel_sizes=5x3x3_conv_channels=64x128x256_fc_dims=1024_seed0,cnn,0.14929159247875215,0.2616211096214686,0.08340023434351361,-0.016642219490475126,0.05935768038034439,0.27130844264741966,485567,485567,50,0.7472775789806428,1,True,0.45456832695830385,0.6031726593536386,53,0.31855225563049316,0.2720203995704651,17,"[5, 3, 3]","[64, 128, 256]",[1024],6905279,bb7u11g1,561.5,trial_0310_learning_rate=5.0e-04_history=1_kernel_sizes=5x3x3_conv_channels=64x128x256_fc_dims=1024_seed0,65b0c3fb6d,trial_0310_learning_rate=5.0e-04_history=1_kernel_sizes=5x3x3_conv_channels=64x128x256_fc_dims=1024_seed0
/scratch/sb272/patterns5k_results/slurm_hist_cnn_2026-03-05_16-01-45/trial_0310_learning_rate=5.0e-04_history=1_kernel_sizes=5x3x3_conv_channels=64x128x256_fc_dims=1024_seed1,cnn,0.14922209334373474,0.26146508046576716,0.08326174058611431,-0.0155721524405101,0.05975891649723053,0.2726691633892236,485567,485567,50,0.7345169573002827,1,True,0.45456832695830385,0.5970652086401014,51,0.31855225563049316,0.27252790331840515,16,"[5, 3, 3]","[64, 128, 256]",[1024],6905279,bb7u11g1,597.5,trial_0310_learning_rate=5.0e-04_history=1_kernel_sizes=5x3x3_conv_channels=64x128x256_fc_dims=1024_seed1,65b0c3fb6d,trial_0310_learning_rate=5.0e-04_history=1_kernel_sizes=5x3x3_conv_channels=64x128x256_fc_dims=1024_seed1
/scratch/sb272/patterns5k_results/slurm_hist_cnn_2026-03-05_16-01-45/trial_0311_learning_rate=5.0e-04_history=1_kernel_sizes=3x3x3_conv_channels=128x128x128_fc_dims=256_seed0,cnn,0.15011904788017272,0.25621202104748814,0.08006685404550462,-0.013870941268073188,0.06174527108669281,0.2647842326171995,188991,188991,50,0.7255925935116031,1,True,0.45456832695830385,0.5929563876158432,53,0.31855225563049316,0.2663874328136444,15,"[3, 3, 3]","[128, 128, 128]",[256],6905279,bb7u11g1,377.5,trial_0311_learning_rate=5.0e-04_history=1_kernel_sizes=3x3x3_conv_channels=128x128x128_fc_dims=256_seed0,90e95d6f71,trial_0311_learning_rate=5.0e-04_history=1_kernel_sizes=3x3x3_conv_channels=128x128x128_fc_dims=256_seed0
/scratch/sb272/patterns5k_results/slurm_hist_cnn_2026-03-05_16-01-45/trial_0311_learning_rate=5.0e-04_history=1_kernel_sizes=3x3x3_conv_channels=128x128x128_fc_dims=256_seed1,cnn,0.1499965982437134,0.2570153948766621,0.08069297150960045,-0.013998131903391036,0.06336063146591187,0.26591251189810167,188991,188991,50,0.7257835635155228,1,True,0.45456832695830385,0.5914279832389719,52,0.31855225563049316,0.2667488753795624,15,"[3, 3, 3]","[128, 128, 128]",[256],6905279,bb7u11g1,365.8,trial_0311_learning_rate=5.0e-04_history=1_kernel_sizes=3x3x3_conv_channels=128x128x128_fc_dims=256_seed1,90e95d6f71,trial_0311_learning_rate=5.0e-04_history=1_kernel_sizes=3x3x3_conv_channels=128x128x128_fc_dims=256_seed1
/scratch/sb272/patterns5k_results/slurm_hist_cnn_2026-03-05_16-01-45/trial_0312_learning_rate=5.0e-04_history=1_kernel_sizes=3x3x3_conv_channels=128x128x128_fc_dims=512_seed0,cnn,0.14981911933422087,0.25994552417899314,0.08163992563883464,-0.012250219072614397,0.06340581923723221,0.269576364024024,238143,238143,50,0.7314781737913658,1,True,0.45456832695830385,0.5973413259479629,52,0.31855225563049316,0.2700093388557434,15,"[3, 3, 3]","[128, 128, 128]",[512],6905279,bb7u11g1,405.3,trial_0312_learning_rate=5.0e-04_history=1_kernel_sizes=3x3x3_conv_channels=128x128x128_fc_dims=512_seed0,93cc4aceb6,trial_0312_learning_rate=5.0e-04_history=1_kernel_sizes=3x3x3_conv_channels=128x128x128_fc_dims=512_seed0
/scratch/sb272/patterns5k_results/slurm_hist_cnn_2026-03-05_16-01-45/trial_0312_learning_rate=5.0e-04_history=1_kernel_sizes=3x3x3_conv_channels=128x128x128_fc_dims=512_seed1,cnn,0.14958456909656526,0.2609466807170349,0.08306726198347789,-0.015763394416324676,0.05884580686688423,0.27117159835632043,238143,238143,50,0.7389707145433434,1,True,0.45456832695830385,0.6009714292685523,53,0.31855225563049316,0.27137109637260437,15,"[3, 3, 3]","[128, 128, 128]",[512],6905279,bb7u11g1,417.5,trial_0312_learning_rate=5.0e-04_history=1_kernel_sizes=3x3x3_conv_channels=128x128x128_fc_dims=512_seed1,93cc4aceb6,trial_0312_learning_rate=5.0e-04_history=1_kernel_sizes=3x3x3_conv_channels=128x128x128_fc_dims=512_seed1
/scratch/sb272/patterns5k_results/slurm_hist_cnn_2026-03-05_16-01-45/trial_0313_learning_rate=5.0e-04_history=1_kernel_sizes=3x3x3_conv_channels=256x256x256_fc_dims=512_seed0,cnn,0.14960130870342256,0.26743507048401993,0.08476499432609194,-0.015632359754471553,0.06583067029714584,0.2779198642162382,640063,640063,50,0.7728353707957495,1,True,0.45456832695830385,0.6364493471751536,59,0.31855225563049316,0.2783823311328888,16,"[3, 3, 3]","[256, 256, 256]",[512],6905279,bb7u11g1,738.5,trial_0313_learning_rate=5.0e-04_history=1_kernel_sizes=3x3x3_conv_channels=256x256x256_fc_dims=512_seed0,86861069b9,trial_0313_learning_rate=5.0e-04_history=1_kernel_sizes=3x3x3_conv_channels=256x256x256_fc_dims=512_seed0
/scratch/sb272/patterns5k_results/slurm_hist_cnn_2026-03-05_16-01-45/trial_0313_learning_rate=5.0e-04_history=1_kernel_sizes=3x3x3_conv_channels=256x256x256_fc_dims=512_seed1,cnn,0.14937017595767973,0.2679132521088744,0.08605367702151102,-0.017276357090662397,0.06151239201426506,0.27864443138139744,640063,640063,50,0.7729437314236219,1,True,0.45456832695830385,0.6393656490201806,59,0.31855225563049316,0.2796391546726227,15,"[3, 3, 3]","[256, 256, 256]",[512],6905279,bb7u11g1,723.3,trial_0313_learning_rate=5.0e-04_history=1_kernel_sizes=3x3x3_conv_channels=256x256x256_fc_dims=512_seed1,86861069b9,trial_0313_learning_rate=5.0e-04_history=1_kernel_sizes=3x3x3_conv_channels=256x256x256_fc_dims=512_seed1
/scratch/sb272/patterns5k_results/slurm_hist_cnn_2026-03-05_16-01-45/trial_0314_learning_rate=5.0e-04_history=1_kernel_sizes=3x3x3_conv_channels=256x256x256_fc_dims=1024_seed0,cnn,0.14933479237556457,0.26947522154216347,0.08471760484907362,-0.01797906557718913,0.06152400001883507,0.2805010232281451,803903,803903,50,0.7832444082530936,1,True,0.45456832695830385,0.6405749459081337,59,0.31855225563049316,0.28114718198776245,17,"[3, 3, 3]","[256, 256, 256]",[1024],6905279,bb7u11g1,842.2,trial_0314_learning_rate=5.0e-04_history=1_kernel_sizes=3x3x3_conv_channels=256x256x256_fc_dims=1024_seed0,f8197c7ff4,trial_0314_learning_rate=5.0e-04_history=1_kernel_sizes=3x3x3_conv_channels=256x256x256_fc_dims=1024_seed0
/scratch/sb272/patterns5k_results/slurm_hist_cnn_2026-03-05_16-01-45/trial_0314_learning_rate=5.0e-04_history=1_kernel_sizes=3x3x3_conv_channels=256x256x256_fc_dims=1024_seed1,cnn,0.14923819720745088,0.2689813373487544,0.0821812181245713,-0.018821786320398725,0.060318220406770706,0.2792977683572955,803903,803903,48,0.7745270597563156,1,True,0.45456832695830385,0.63927560241114,59,0.31855225563049316,0.280057817697525,16,"[3, 3, 3]","[256, 256, 256]",[1024],6905279,bb7u11g1,802.0,trial_0314_learning_rate=5.0e-04_history=1_kernel_sizes=3x3x3_conv_channels=256x256x256_fc_dims=1024_seed1,f8197c7ff4,trial_0314_learning_rate=5.0e-04_history=1_kernel_sizes=3x3x3_conv_channels=256x256x256_fc_dims=1024_seed1
/scratch/sb272/patterns5k_results/slurm_hist_cnn_2026-03-05_16-01-45/trial_0315_learning_rate=5.0e-04_history=2_kernel_sizes=3x3_conv_channels=64x128_fc_dims=128_seed0,cnn,0.15507209396362304,0.23403718123970574,0.06807057062784831,0.004912125685858348,0.1031668558716774,0.24268867980686074,69951,69951,50,0.7001120718147439,2,True,0.45456832695830385,0.5757954084878156,51,0.31855225563049316,0.2437100112438202,8,"[3, 3]","[64, 128]",[128],6905279,bb7u11g1,302.7,trial_0315_learning_rate=5.0e-04_history=2_kernel_sizes=3x3_conv_channels=64x128_fc_dims=128_seed0,d98be89aa2,trial_0315_learning_rate=5.0e-04_history=2_kernel_sizes=3x3_conv_channels=64x128_fc_dims=128_seed0
/scratch/sb272/patterns5k_results/slurm_hist_cnn_2026-03-05_16-01-45/trial_0315_learning_rate=5.0e-04_history=2_kernel_sizes=3x3_conv_channels=64x128_fc_dims=128_seed1,cnn,0.15506521904468537,0.23584305796454264,0.06879969816359263,0.004063570310199071,0.09762630611658096,0.24711284989975876,69951,69951,50,0.709861257241542,2,True,0.45456832695830385,0.586977003981691,53,0.31855225563049316,0.2455204576253891,8,"[3, 3]","[64, 128]",[128],6905279,bb7u11g1,294.5,trial_0315_learning_rate=5.0e-04_history=2_kernel_sizes=3x3_conv_channels=64x128_fc_dims=128_seed1,d98be89aa2,trial_0315_learning_rate=5.0e-04_history=2_kernel_sizes=3x3_conv_channels=64x128_fc_dims=128_seed1
/scratch/sb272/patterns5k_results/slurm_hist_cnn_2026-03-05_16-01-45/trial_0316_learning_rate=5.0e-04_history=2_kernel_sizes=3x3_conv_channels=64x128_fc_dims=256_seed0,cnn,0.15382790291309356,0.24211658078626894,0.07300573587417603,0.003412465254465739,0.10352782160043716,0.2520576431358793,94527,94527,50,0.7286460359978998,2,True,0.45456832695830385,0.5979973689310215,53,0.31855225563049316,0.25209420919418335,10,"[3, 3]","[64, 128]",[256],6905279,bb7u11g1,315.6,trial_0316_learning_rate=5.0e-04_history=2_kernel_sizes=3x3_conv_channels=64x128_fc_dims=256_seed0,b20c265842,trial_0316_learning_rate=5.0e-04_history=2_kernel_sizes=3x3_conv_channels=64x128_fc_dims=256_seed0
/scratch/sb272/patterns5k_results/slurm_hist_cnn_2026-03-05_16-01-45/trial_0316_learning_rate=5.0e-04_history=2_kernel_sizes=3x3_conv_channels=64x128_fc_dims=256_seed1,cnn,0.15446408987045288,0.24087109507677223,0.07203168906862774,0.006591969066196018,0.10652734339237213,0.25061688112808683,94527,94527,50,0.7176338272260206,2,True,0.45456832695830385,0.5916680369079268,54,0.31855225563049316,0.25107821822166443,9,"[3, 3]","[64, 128]",[256],6905279,bb7u11g1,312.8,trial_0316_learning_rate=5.0e-04_history=2_kernel_sizes=3x3_conv_channels=64x128_fc_dims=256_seed1,b20c265842,trial_0316_learning_rate=5.0e-04_history=2_kernel_sizes=3x3_conv_channels=64x128_fc_dims=256_seed1
/scratch/sb272/patterns5k_results/slurm_hist_cnn_2026-03-05_16-01-45/trial_0317_learning_rate=5.0e-04_history=2_kernel_sizes=3x3_conv_channels=64x128_fc_dims=512_seed0,cnn,0.1539566034078598,0.24413579186692708,0.07324794265958998,0.00638083711503044,0.10800039768218994,0.2545759055549707,143679,143679,50,0.7332741046726577,2,True,0.45456832695830385,0.6025123323879873,55,0.31855225563049316,0.25420352816581726,10,"[3, 3]","[64, 128]",[512],6905279,bb7u11g1,314.0,trial_0317_learning_rate=5.0e-04_history=2_kernel_sizes=3x3_conv_channels=64x128_fc_dims=512_seed0,f093a7b2cb,trial_0317_learning_rate=5.0e-04_history=2_kernel_sizes=3x3_conv_channels=64x128_fc_dims=512_seed0
/scratch/sb272/patterns5k_results/slurm_hist_cnn_2026-03-05_16-01-45/trial_0317_learning_rate=5.0e-04_history=2_kernel_sizes=3x3_conv_channels=64x128_fc_dims=512_seed1,cnn,0.1554718166589737,0.24005057264594792,0.06767975527142721,0.008489499962519086,0.10813013464212418,0.2511648757983056,143679,143679,50,0.7210692513133422,2,True,0.45456832695830385,0.5956315406706808,52,0.31855225563049316,0.25004440546035767,10,"[3, 3]","[64, 128]",[512],6905279,bb7u11g1,306.6,trial_0317_learning_rate=5.0e-04_history=2_kernel_sizes=3x3_conv_channels=64x128_fc_dims=512_seed1,f093a7b2cb,trial_0317_learning_rate=5.0e-04_history=2_kernel_sizes=3x3_conv_channels=64x128_fc_dims=512_seed1
/scratch/sb272/patterns5k_results/slurm_hist_cnn_2026-03-05_16-01-45/trial_0318_learning_rate=5.0e-04_history=2_kernel_sizes=5x3_conv_channels=128x256_fc_dims=256_seed0,cnn,0.15474772119522096,0.2467781149834632,0.06727444179474361,0.004339890820639474,0.0975056141614914,0.2574313030297015,248639,248639,50,0.7436341150634806,2,True,0.45456832695830385,0.6174810353409398,56,0.31855225563049316,0.2580024302005768,11,"[5, 3]","[128, 256]",[256],6905279,bb7u11g1,363.6,trial_0318_learning_rate=5.0e-04_history=2_kernel_sizes=5x3_conv_channels=128x256_fc_dims=256_seed0,459ce1c745,trial_0318_learning_rate=5.0e-04_history=2_kernel_sizes=5x3_conv_channels=128x256_fc_dims=256_seed0
/scratch/sb272/patterns5k_results/slurm_hist_cnn_2026-03-05_16-01-45/trial_0318_learning_rate=5.0e-04_history=2_kernel_sizes=5x3_conv_channels=128x256_fc_dims=256_seed1,cnn,0.1538508083820343,0.24800257181236635,0.07156966129938762,0.002451984655289423,0.09393597394227982,0.2575841458949457,248639,248639,50,0.7456486728743147,2,True,0.45456832695830385,0.6164690012384981,56,0.31855225563049316,0.2592465579509735,11,"[5, 3]","[128, 256]",[256],6905279,bb7u11g1,361.0,trial_0318_learning_rate=5.0e-04_history=2_kernel_sizes=5x3_conv_channels=128x256_fc_dims=256_seed1,459ce1c745,trial_0318_learning_rate=5.0e-04_history=2_kernel_sizes=5x3_conv_channels=128x256_fc_dims=256_seed1
/scratch/sb272/patterns5k_results/slurm_hist_cnn_2026-03-05_16-01-45/trial_0319_learning_rate=5.0e-04_history=2_kernel_sizes=5x3_conv_channels=128x256_fc_dims=512_seed0,cnn,0.1536168110370636,0.25085700417084833,0.07112386207731944,0.002863562296307276,0.09536229819059372,0.2605224049343387,330559,330559,50,0.7560361491796289,2,True,0.45456832695830385,0.6249506247801164,58,0.31855225563049316,0.2625233232975006,11,"[5, 3]","[128, 256]",[512],6905279,bb7u11g1,406.5,trial_0319_learning_rate=5.0e-04_history=2_kernel_sizes=5x3_conv_channels=128x256_fc_dims=512_seed0,3c9cb1439c,trial_0319_learning_rate=5.0e-04_history=2_kernel_sizes=5x3_conv_channels=128x256_fc_dims=512_seed0
/scratch/sb272/patterns5k_results/slurm_hist_cnn_2026-03-05_16-01-45/trial_0319_learning_rate=5.0e-04_history=2_kernel_sizes=5x3_conv_channels=128x256_fc_dims=512_seed1,cnn,0.15431139183044434,0.24889092450118996,0.06770076165123591,0.0031981818259708464,0.09552090615034103,0.26034116598766777,330559,330559,50,0.75178895774865,2,True,0.45456832695830385,0.625814298979012,56,0.31855225563049316,0.2606176733970642,11,"[5, 3]","[128, 256]",[512],6905279,bb7u11g1,403.5,trial_0319_learning_rate=5.0e-04_history=2_kernel_sizes=5x3_conv_channels=128x256_fc_dims=512_seed1,3c9cb1439c,trial_0319_learning_rate=5.0e-04_history=2_kernel_sizes=5x3_conv_channels=128x256_fc_dims=512_seed1
/scratch/sb272/patterns5k_results/slurm_hist_cnn_2026-03-05_16-01-45/trial_0320_learning_rate=5.0e-04_history=2_kernel_sizes=5x3_conv_channels=128x256_fc_dims=1024_seed0,cnn,0.15452770841121674,0.2511167691642243,0.06746122099104382,0.0026789941484965975,0.09334756433963776,0.262014227172029,494399,494399,50,0.758304888092989,2,True,0.45456832695830385,0.6286504151946785,58,0.31855225563049316,0.26321959495544434,11,"[5, 3]","[128, 256]",[1024],6905279,bb7u11g1,498.7,trial_0320_learning_rate=5.0e-04_history=2_kernel_sizes=5x3_conv_channels=128x256_fc_dims=1024_seed0,ad7eaf9b06,trial_0320_learning_rate=5.0e-04_history=2_kernel_sizes=5x3_conv_channels=128x256_fc_dims=1024_seed0
/scratch/sb272/patterns5k_results/slurm_hist_cnn_2026-03-05_16-01-45/trial_0320_learning_rate=5.0e-04_history=2_kernel_sizes=5x3_conv_channels=128x256_fc_dims=1024_seed1,cnn,0.15466703605651855,0.25069877246594674,0.06478488066839794,0.0033215274886479454,0.09504231065511703,0.2622783949229893,494399,494399,50,0.7623628651455641,2,True,0.45456832695830385,0.6303699463333208,60,0.31855225563049316,0.2622302174568176,11,"[5, 3]","[128, 256]",[1024],6905279,bb7u11g1,503.9,trial_0320_learning_rate=5.0e-04_history=2_kernel_sizes=5x3_conv_channels=128x256_fc_dims=1024_seed1,ad7eaf9b06,trial_0320_learning_rate=5.0e-04_history=2_kernel_sizes=5x3_conv_channels=128x256_fc_dims=1024_seed1
/scratch/sb272/patterns5k_results/slurm_hist_cnn_2026-03-05_16-01-45/trial_0321_learning_rate=5.0e-04_history=2_kernel_sizes=3x3x3_conv_channels=32x64x128_fc_dims=128_seed0,cnn,0.15501138031482697,0.22109204092201712,0.0591923197110494,-0.006841585749671573,0.06630656123161316,0.22689762862646565,66111,66111,50,0.6404624509019166,2,True,0.45456832695830385,0.5142194976048777,43,0.31855225563049316,0.22862976789474487,8,"[3, 3, 3]","[32, 64, 128]",[128],6905279,bb7u11g1,280.2,trial_0321_learning_rate=5.0e-04_history=2_kernel_sizes=3x3x3_conv_channels=32x64x128_fc_dims=128_seed0,e8e916a73f,trial_0321_learning_rate=5.0e-04_history=2_kernel_sizes=3x3x3_conv_channels=32x64x128_fc_dims=128_seed0
/scratch/sb272/patterns5k_results/slurm_hist_cnn_2026-03-05_16-01-45/trial_0321_learning_rate=5.0e-04_history=2_kernel_sizes=3x3x3_conv_channels=32x64x128_fc_dims=128_seed1,cnn,0.15460461688041688,0.22247842070007204,0.05961659881803724,-0.008616226060049874,0.06140224635601044,0.2300159661704941,66111,66111,50,0.652789902640197,2,True,0.45456832695830385,0.5207241116959234,42,0.31855225563049316,0.23004232347011566,7,"[3, 3, 3]","[32, 64, 128]",[128],6905279,bb7u11g1,284.8,trial_0321_learning_rate=5.0e-04_history=2_kernel_sizes=3x3x3_conv_channels=32x64x128_fc_dims=128_seed1,e8e916a73f,trial_0321_learning_rate=5.0e-04_history=2_kernel_sizes=3x3x3_conv_channels=32x64x128_fc_dims=128_seed1
/scratch/sb272/patterns5k_results/slurm_hist_cnn_2026-03-05_16-01-45/trial_0322_learning_rate=5.0e-04_history=2_kernel_sizes=3x3x3_conv_channels=32x64x128_fc_dims=256_seed0,cnn,0.15430947935581207,0.2276944441927988,0.06301797477025835,-0.007302144217112708,0.06702164560556412,0.23418237120464927,90687,90687,50,0.6577669816604947,2,True,0.45456832695830385,0.5297886053550374,44,0.31855225563049316,0.23572684824466705,9,"[3, 3, 3]","[32, 64, 128]",[256],6905279,bb7u11g1,299.5,trial_0322_learning_rate=5.0e-04_history=2_kernel_sizes=3x3x3_conv_channels=32x64x128_fc_dims=256_seed0,255a9ebcf1,trial_0322_learning_rate=5.0e-04_history=2_kernel_sizes=3x3x3_conv_channels=32x64x128_fc_dims=256_seed0
/scratch/sb272/patterns5k_results/slurm_hist_cnn_2026-03-05_16-01-45/trial_0322_learning_rate=5.0e-04_history=2_kernel_sizes=3x3x3_conv_channels=32x64x128_fc_dims=256_seed1,cnn,0.1549208036661148,0.2268074411406625,0.06251505726859682,-0.003908485647231814,0.0700574517250061,0.23450913660142494,90687,90687,50,0.6625298496464065,2,True,0.45456832695830385,0.5296632007108921,44,0.31855225563049316,0.2349875122308731,7,"[3, 3, 3]","[32, 64, 128]",[256],6905279,bb7u11g1,301.0,trial_0322_learning_rate=5.0e-04_history=2_kernel_sizes=3x3x3_conv_channels=32x64x128_fc_dims=256_seed1,255a9ebcf1,trial_0322_learning_rate=5.0e-04_history=2_kernel_sizes=3x3x3_conv_channels=32x64x128_fc_dims=256_seed1
/scratch/sb272/patterns5k_results/slurm_hist_cnn_2026-03-05_16-01-45/trial_0323_learning_rate=5.0e-04_history=2_kernel_sizes=5x3x3_conv_channels=64x128x256_fc_dims=256_seed0,cnn,0.1517412233352661,0.24723532273273593,0.07561257434269739,-0.012050261573185997,0.06765009462833405,0.25712182621843943,239807,239807,50,0.7103628276240617,2,True,0.45456832695830385,0.5743572941330091,49,0.31855225563049316,0.25787827372550964,12,"[5, 3, 3]","[64, 128, 256]",[256],6905279,bb7u11g1,392.4,trial_0323_learning_rate=5.0e-04_history=2_kernel_sizes=5x3x3_conv_channels=64x128x256_fc_dims=256_seed0,21216d1bec,trial_0323_learning_rate=5.0e-04_history=2_kernel_sizes=5x3x3_conv_channels=64x128x256_fc_dims=256_seed0
/scratch/sb272/patterns5k_results/slurm_hist_cnn_2026-03-05_16-01-45/trial_0323_learning_rate=5.0e-04_history=2_kernel_sizes=5x3x3_conv_channels=64x128x256_fc_dims=256_seed1,cnn,0.15165234243869782,0.2491559448581786,0.07661419444613987,-0.008250152307843405,0.0740809217095375,0.25969235244428945,239807,239807,50,0.7229052140251164,2,True,0.45456832695830385,0.5832737473263204,52,0.31855225563049316,0.2600786089897156,13,"[5, 3, 3]","[64, 128, 256]",[256],6905279,bb7u11g1,392.3,trial_0323_learning_rate=5.0e-04_history=2_kernel_sizes=5x3x3_conv_channels=64x128x256_fc_dims=256_seed1,21216d1bec,trial_0323_learning_rate=5.0e-04_history=2_kernel_sizes=5x3x3_conv_channels=64x128x256_fc_dims=256_seed1
/scratch/sb272/patterns5k_results/slurm_hist_cnn_2026-03-05_16-01-45/trial_0324_learning_rate=5.0e-04_history=2_kernel_sizes=5x3x3_conv_channels=64x128x256_fc_dims=512_seed0,cnn,0.1514652395248413,0.25130398847962265,0.07786431293638926,-0.00805918186429947,0.07445637881755829,0.2638973967450717,321727,321727,50,0.7247498325657971,2,True,0.45456832695830385,0.5859077295568638,50,0.31855225563049316,0.26184868812561035,12,"[5, 3, 3]","[64, 128, 256]",[512],6905279,bb7u11g1,439.9,trial_0324_learning_rate=5.0e-04_history=2_kernel_sizes=5x3x3_conv_channels=64x128x256_fc_dims=512_seed0,d5b9652d21,trial_0324_learning_rate=5.0e-04_history=2_kernel_sizes=5x3x3_conv_channels=64x128x256_fc_dims=512_seed0
/scratch/sb272/patterns5k_results/slurm_hist_cnn_2026-03-05_16-01-45/trial_0324_learning_rate=5.0e-04_history=2_kernel_sizes=5x3x3_conv_channels=64x128x256_fc_dims=512_seed1,cnn,0.15136420273780823,0.25248621236436336,0.07809066394018749,-0.008741129958440386,0.07100538164377213,0.2626877544641047,321727,321727,50,0.7286286566648112,2,True,0.45456832695830385,0.5869646834149017,52,0.31855225563049316,0.26357945799827576,14,"[5, 3, 3]","[64, 128, 256]",[512],6905279,bb7u11g1,443.3,trial_0324_learning_rate=5.0e-04_history=2_kernel_sizes=5x3x3_conv_channels=64x128x256_fc_dims=512_seed1,d5b9652d21,trial_0324_learning_rate=5.0e-04_history=2_kernel_sizes=5x3x3_conv_channels=64x128x256_fc_dims=512_seed1
/scratch/sb272/patterns5k_results/slurm_hist_cnn_2026-03-05_16-01-45/trial_0325_learning_rate=5.0e-04_history=2_kernel_sizes=5x3x3_conv_channels=64x128x256_fc_dims=1024_seed0,cnn,0.1516164047718048,0.2519478953054527,0.07688986687433153,-0.010457109837304978,0.0653068795800209,0.26349395125923347,485567,485567,50,0.737000974625228,2,True,0.45456832695830385,0.5929543630718906,52,0.31855225563049316,0.2626749277114868,11,"[5, 3, 3]","[64, 128, 256]",[1024],6905313,bc12u33n1,741.9,trial_0325_learning_rate=5.0e-04_history=2_kernel_sizes=5x3x3_conv_channels=64x128x256_fc_dims=1024_seed0,e251267ba4,trial_0325_learning_rate=5.0e-04_history=2_kernel_sizes=5x3x3_conv_channels=64x128x256_fc_dims=1024_seed0
/scratch/sb272/patterns5k_results/slurm_hist_cnn_2026-03-05_16-01-45/trial_0325_learning_rate=5.0e-04_history=2_kernel_sizes=5x3x3_conv_channels=64x128x256_fc_dims=1024_seed1,cnn,0.15165304625034332,0.2527125571221598,0.07689214415020412,-0.007705484117780413,0.07191752642393112,0.26428710652085174,485567,485567,50,0.7371628755455868,2,True,0.45456832695830385,0.591771516157335,51,0.31855225563049316,0.26349833607673645,11,"[5, 3, 3]","[64, 128, 256]",[1024],6905313,bc12u33n1,737.2,trial_0325_learning_rate=5.0e-04_history=2_kernel_sizes=5x3x3_conv_channels=64x128x256_fc_dims=1024_seed1,e251267ba4,trial_0325_learning_rate=5.0e-04_history=2_kernel_sizes=5x3x3_conv_channels=64x128x256_fc_dims=1024_seed1
/scratch/sb272/patterns5k_results/slurm_hist_cnn_2026-03-05_16-01-45/trial_0326_learning_rate=5.0e-04_history=2_kernel_sizes=3x3x3_conv_channels=128x128x128_fc_dims=256_seed0,cnn,0.15186919963359832,0.2506682089614198,0.07744226190778944,-0.006542196349492149,0.07818099856376648,0.26004247632808153,188991,188991,50,0.7212217764950353,2,True,0.45456832695830385,0.5844069569346461,52,0.31855225563049316,0.26031604409217834,11,"[3, 3, 3]","[128, 128, 128]",[256],6905313,bc12u33n1,511.3,trial_0326_learning_rate=5.0e-04_history=2_kernel_sizes=3x3x3_conv_channels=128x128x128_fc_dims=256_seed0,1dcb4f05ab,trial_0326_learning_rate=5.0e-04_history=2_kernel_sizes=3x3x3_conv_channels=128x128x128_fc_dims=256_seed0
/scratch/sb272/patterns5k_results/slurm_hist_cnn_2026-03-05_16-01-45/trial_0326_learning_rate=5.0e-04_history=2_kernel_sizes=3x3x3_conv_channels=128x128x128_fc_dims=256_seed1,cnn,0.152000945687294,0.24982686161187623,0.07700467488122364,-0.006315768711150639,0.07867308706045151,0.2593718703033671,188991,188991,50,0.7243477721689451,2,True,0.45456832695830385,0.58708006596383,54,0.31855225563049316,0.26002272963523865,12,"[3, 3, 3]","[128, 128, 128]",[256],6905313,bc12u33n1,507.8,trial_0326_learning_rate=5.0e-04_history=2_kernel_sizes=3x3x3_conv_channels=128x128x128_fc_dims=256_seed1,1dcb4f05ab,trial_0326_learning_rate=5.0e-04_history=2_kernel_sizes=3x3x3_conv_channels=128x128x128_fc_dims=256_seed1
/scratch/sb272/patterns5k_results/slurm_hist_cnn_2026-03-05_16-01-45/trial_0327_learning_rate=5.0e-04_history=2_kernel_sizes=3x3x3_conv_channels=128x128x128_fc_dims=512_seed0,cnn,0.15191479444503783,0.25167560612636936,0.07759443918863933,-0.004814629516904316,0.07638338208198547,0.26281560900953177,238143,238143,50,0.7283454678129447,2,True,0.45456832695830385,0.5893569986465323,53,0.31855225563049316,0.2619949281215668,12,"[3, 3, 3]","[128, 128, 128]",[512],6905313,bc12u33n1,553.3,trial_0327_learning_rate=5.0e-04_history=2_kernel_sizes=3x3x3_conv_channels=128x128x128_fc_dims=512_seed0,30f3835fa5,trial_0327_learning_rate=5.0e-04_history=2_kernel_sizes=3x3x3_conv_channels=128x128x128_fc_dims=512_seed0
/scratch/sb272/patterns5k_results/slurm_hist_cnn_2026-03-05_16-01-45/trial_0327_learning_rate=5.0e-04_history=2_kernel_sizes=3x3x3_conv_channels=128x128x128_fc_dims=512_seed1,cnn,0.15162444937229155,0.2533733510602229,0.0786989000108507,-0.003929478781563895,0.0805303081870079,0.2631607174154515,238143,238143,50,0.7325901102206852,2,True,0.45456832695830385,0.5927942251760354,52,0.31855225563049316,0.2637348771095276,12,"[3, 3, 3]","[128, 128, 128]",[512],6905313,bc12u33n1,552.9,trial_0327_learning_rate=5.0e-04_history=2_kernel_sizes=3x3x3_conv_channels=128x128x128_fc_dims=512_seed1,30f3835fa5,trial_0327_learning_rate=5.0e-04_history=2_kernel_sizes=3x3x3_conv_channels=128x128x128_fc_dims=512_seed1
/scratch/sb272/patterns5k_results/slurm_hist_cnn_2026-03-05_16-01-45/trial_0328_learning_rate=5.0e-04_history=2_kernel_sizes=3x3x3_conv_channels=256x256x256_fc_dims=512_seed0,cnn,0.15180262637138367,0.2578005844356742,0.08065578388789343,-0.01014476352267795,0.07307827472686768,0.26970912886005444,640063,640063,50,0.7630059106625412,2,True,0.45456832695830385,0.6225493153397644,57,0.31855225563049316,0.2690983712673187,11,"[3, 3, 3]","[256, 256, 256]",[512],6905313,bc12u33n1,847.0,trial_0328_learning_rate=5.0e-04_history=2_kernel_sizes=3x3x3_conv_channels=256x256x256_fc_dims=512_seed0,96277c9522,trial_0328_learning_rate=5.0e-04_history=2_kernel_sizes=3x3x3_conv_channels=256x256x256_fc_dims=512_seed0
/scratch/sb272/patterns5k_results/slurm_hist_cnn_2026-03-05_16-01-45/trial_0328_learning_rate=5.0e-04_history=2_kernel_sizes=3x3x3_conv_channels=256x256x256_fc_dims=512_seed1,cnn,0.15157525515556336,0.25888937830535014,0.08057555225160387,-0.009180033963824075,0.0782853215932846,0.26928851659189895,640063,640063,50,0.7678648300246498,2,True,0.45456832695830385,0.6233324636565528,58,0.31855225563049316,0.2702055275440216,12,"[3, 3, 3]","[256, 256, 256]",[512],6905313,bc12u33n1,842.2,trial_0328_learning_rate=5.0e-04_history=2_kernel_sizes=3x3x3_conv_channels=256x256x256_fc_dims=512_seed1,96277c9522,trial_0328_learning_rate=5.0e-04_history=2_kernel_sizes=3x3x3_conv_channels=256x256x256_fc_dims=512_seed1
/scratch/sb272/patterns5k_results/slurm_hist_cnn_2026-03-05_16-01-45/trial_0329_learning_rate=5.0e-04_history=2_kernel_sizes=3x3x3_conv_channels=256x256x256_fc_dims=1024_seed0,cnn,0.15185162901878357,0.25800688759364776,0.08086620815216548,-0.007735800175439744,0.07683863490819931,0.2716730173499089,803903,803903,50,0.7618825582053386,2,True,0.45456832695830385,0.6226473635989883,58,0.31855225563049316,0.26943010091781616,13,"[3, 3, 3]","[256, 256, 256]",[1024],6905313,bc12u33n1,950.1,trial_0329_learning_rate=5.0e-04_history=2_kernel_sizes=3x3x3_conv_channels=256x256x256_fc_dims=1024_seed0,46ae1b7d7e,trial_0329_learning_rate=5.0e-04_history=2_kernel_sizes=3x3x3_conv_channels=256x256x256_fc_dims=1024_seed0
/scratch/sb272/patterns5k_results/slurm_hist_cnn_2026-03-05_16-01-45/trial_0329_learning_rate=5.0e-04_history=2_kernel_sizes=3x3x3_conv_channels=256x256x256_fc_dims=1024_seed1,cnn,0.15126329600811006,0.2605978244720725,0.07889633046256171,-0.007511054712628562,0.08007130771875381,0.27172930906806175,803903,803903,50,0.769478187873329,2,True,0.45456832695830385,0.6247672238632523,58,0.31855225563049316,0.27216893434524536,13,"[3, 3, 3]","[256, 256, 256]",[1024],6905313,bc12u33n1,987.2,trial_0329_learning_rate=5.0e-04_history=2_kernel_sizes=3x3x3_conv_channels=256x256x256_fc_dims=1024_seed1,46ae1b7d7e,trial_0329_learning_rate=5.0e-04_history=2_kernel_sizes=3x3x3_conv_channels=256x256x256_fc_dims=1024_seed1
/scratch/sb272/patterns5k_results/slurm_hist_cnn_2026-03-05_16-01-45/trial_0330_learning_rate=5.0e-04_history=5_kernel_sizes=3x3_conv_channels=64x128_fc_dims=128_seed0,cnn,0.16804546773433685,0.13903092633517147,0.019416698387690952,0.01705946241106306,0.12876573204994202,0.14294826802579222,69951,69951,50,0.530710544164648,5,True,0.45456832695830385,0.3689556705543331,13,0.31855225563049316,0.14442019164562225,2,"[3, 3]","[64, 128]",[128],6905313,bc12u33n1,417.8,trial_0330_learning_rate=5.0e-04_history=5_kernel_sizes=3x3_conv_channels=64x128_fc_dims=128_seed0,e1500db214,trial_0330_learning_rate=5.0e-04_history=5_kernel_sizes=3x3_conv_channels=64x128_fc_dims=128_seed0
/scratch/sb272/patterns5k_results/slurm_hist_cnn_2026-03-05_16-01-45/trial_0330_learning_rate=5.0e-04_history=5_kernel_sizes=3x3_conv_channels=64x128_fc_dims=128_seed1,cnn,0.168374649643898,0.13967171429081282,0.01894511022264995,0.016817436331794375,0.12961949408054352,0.14534626460218092,69951,69951,50,0.5275852360293467,5,True,0.45456832695830385,0.37103696593742647,13,0.31855225563049316,0.1450294405221939,2,"[3, 3]","[64, 128]",[128],6905313,bc12u33n1,412.1,trial_0330_learning_rate=5.0e-04_history=5_kernel_sizes=3x3_conv_channels=64x128_fc_dims=128_seed1,e1500db214,trial_0330_learning_rate=5.0e-04_history=5_kernel_sizes=3x3_conv_channels=64x128_fc_dims=128_seed1
/scratch/sb272/patterns5k_results/slurm_hist_cnn_2026-03-05_16-01-45/trial_0331_learning_rate=5.0e-04_history=5_kernel_sizes=3x3_conv_channels=64x128_fc_dims=256_seed0,cnn,0.16734109258651733,0.1446311174170952,0.02265751361846924,0.019522558129022993,0.13284341990947723,0.1472439643639028,94527,94527,50,0.5437328460292087,5,True,0.45456832695830385,0.3876739322870432,13,0.31855225563049316,0.15044595301151276,2,"[3, 3]","[64, 128]",[256],6905313,bc12u33n1,434.3,trial_0331_learning_rate=5.0e-04_history=5_kernel_sizes=3x3_conv_channels=64x128_fc_dims=256_seed0,2fe7a7ac36,trial_0331_learning_rate=5.0e-04_history=5_kernel_sizes=3x3_conv_channels=64x128_fc_dims=256_seed0
/scratch/sb272/patterns5k_results/slurm_hist_cnn_2026-03-05_16-01-45/trial_0331_learning_rate=5.0e-04_history=5_kernel_sizes=3x3_conv_channels=64x128_fc_dims=256_seed1,cnn,0.16739752912521363,0.14072489981701722,0.021641428508455792,0.018057654774378217,0.12873119115829468,0.14790250370060895,94527,94527,50,0.5068138445935716,5,True,0.45456832695830385,0.36839182645711743,13,0.31855225563049316,0.14628703892230988,2,"[3, 3]","[64, 128]",[256],6905313,bc12u33n1,435.1,trial_0331_learning_rate=5.0e-04_history=5_kernel_sizes=3x3_conv_channels=64x128_fc_dims=256_seed1,2fe7a7ac36,trial_0331_learning_rate=5.0e-04_history=5_kernel_sizes=3x3_conv_channels=64x128_fc_dims=256_seed1
/scratch/sb272/patterns5k_results/slurm_hist_cnn_2026-03-05_16-01-45/trial_0332_learning_rate=5.0e-04_history=5_kernel_sizes=3x3_conv_channels=64x128_fc_dims=512_seed0,cnn,0.16924989700317383,0.14110436344430904,0.014719666942717537,0.012662576304541694,0.1305287927389145,0.14774076734575692,143679,143679,50,0.5283818378324168,5,True,0.45456832695830385,0.3743139769316167,12,0.31855225563049316,0.14668306708335876,2,"[3, 3]","[64, 128]",[512],6905313,bc12u33n1,476.0,trial_0332_learning_rate=5.0e-04_history=5_kernel_sizes=3x3_conv_channels=64x128_fc_dims=512_seed0,d9832bc581,trial_0332_learning_rate=5.0e-04_history=5_kernel_sizes=3x3_conv_channels=64x128_fc_dims=512_seed0
/scratch/sb272/patterns5k_results/slurm_hist_cnn_2026-03-05_16-01-45/trial_0332_learning_rate=5.0e-04_history=5_kernel_sizes=3x3_conv_channels=64x128_fc_dims=512_seed1,cnn,0.16877078318595887,0.1425630056353633,0.015472827449677483,0.012584205657716781,0.12970995903015137,0.15066688182526802,143679,143679,50,0.5368156506915994,5,True,0.45456832695830385,0.3816249848464562,12,0.31855225563049316,0.1480584293603897,2,"[3, 3]","[64, 128]",[512],6905313,bc12u33n1,477.4,trial_0332_learning_rate=5.0e-04_history=5_kernel_sizes=3x3_conv_channels=64x128_fc_dims=512_seed1,d9832bc581,trial_0332_learning_rate=5.0e-04_history=5_kernel_sizes=3x3_conv_channels=64x128_fc_dims=512_seed1
/scratch/sb272/patterns5k_results/slurm_hist_cnn_2026-03-05_16-01-45/trial_0333_learning_rate=5.0e-04_history=5_kernel_sizes=5x3_conv_channels=128x256_fc_dims=256_seed0,cnn,0.16829113173484803,0.14199855829297167,0.01579936913081578,0.013586317736005027,0.12720231711864471,0.14793175931222674,248639,248639,40,0.5418735340294001,5,True,0.45456832695830385,0.3938398982991994,14,0.31855225563049316,0.14849574863910675,2,"[5, 3]","[128, 256]",[256],6905313,bc12u33n1,485.7,trial_0333_learning_rate=5.0e-04_history=5_kernel_sizes=5x3_conv_channels=128x256_fc_dims=256_seed0,c403c485b8,trial_0333_learning_rate=5.0e-04_history=5_kernel_sizes=5x3_conv_channels=128x256_fc_dims=256_seed0
/scratch/sb272/patterns5k_results/slurm_hist_cnn_2026-03-05_16-01-45/trial_0333_learning_rate=5.0e-04_history=5_kernel_sizes=5x3_conv_channels=128x256_fc_dims=256_seed1,cnn,0.1692797338962555,0.14029270257823181,0.009825011094411215,0.007175751148708283,0.12382861226797104,0.1462843333107023,248639,248639,50,0.526474730379899,5,True,0.45456832695830385,0.3931834775936162,13,0.31855225563049316,0.1470392495393753,2,"[5, 3]","[128, 256]",[256],6905313,bc12u33n1,557.4,trial_0333_learning_rate=5.0e-04_history=5_kernel_sizes=5x3_conv_channels=128x256_fc_dims=256_seed1,c403c485b8,trial_0333_learning_rate=5.0e-04_history=5_kernel_sizes=5x3_conv_channels=128x256_fc_dims=256_seed1
/scratch/sb272/patterns5k_results/slurm_hist_cnn_2026-03-05_16-01-45/trial_0334_learning_rate=5.0e-04_history=5_kernel_sizes=5x3_conv_channels=128x256_fc_dims=512_seed0,cnn,0.16960020291805267,0.14435156279565586,0.005254959303235251,0.005863199158320351,0.12963327765464783,0.15000930122102143,330559,330559,45,0.5605371020034972,5,True,0.45456832695830385,0.4129580892006381,13,0.31855225563049316,0.15128029882907867,2,"[5, 3]","[128, 256]",[512],6905313,bc12u33n1,576.1,trial_0334_learning_rate=5.0e-04_history=5_kernel_sizes=5x3_conv_channels=128x256_fc_dims=512_seed0,06165afbc1,trial_0334_learning_rate=5.0e-04_history=5_kernel_sizes=5x3_conv_channels=128x256_fc_dims=512_seed0
/scratch/sb272/patterns5k_results/slurm_hist_cnn_2026-03-05_16-01-45/trial_0334_learning_rate=5.0e-04_history=5_kernel_sizes=5x3_conv_channels=128x256_fc_dims=512_seed1,cnn,0.1697767014503479,0.1464464663038052,0.005378948317633735,0.004593503853631398,0.12930601835250854,0.15290044950748527,330559,330559,48,0.5629643934717381,5,True,0.45456832695830385,0.40290689788824835,13,0.31855225563049316,0.15325279533863068,2,"[5, 3]","[128, 256]",[512],6905313,bc12u33n1,605.4,trial_0334_learning_rate=5.0e-04_history=5_kernel_sizes=5x3_conv_channels=128x256_fc_dims=512_seed1,06165afbc1,trial_0334_learning_rate=5.0e-04_history=5_kernel_sizes=5x3_conv_channels=128x256_fc_dims=512_seed1
/scratch/sb272/patterns5k_results/slurm_hist_cnn_2026-03-05_16-01-45/trial_0335_learning_rate=5.0e-04_history=5_kernel_sizes=5x3_conv_channels=128x256_fc_dims=1024_seed0,cnn,0.17086570763587952,0.1454993243209033,-0.001219206386142307,0.001555152355678498,0.1314786821603775,0.1494576768397006,494399,494399,45,0.5621730647193318,5,True,0.45456832695830385,0.41095497147814775,14,0.31855225563049316,0.15184806287288666,2,"[5, 3]","[128, 256]",[1024],6905313,bc12u33n1,696.5,trial_0335_learning_rate=5.0e-04_history=5_kernel_sizes=5x3_conv_channels=128x256_fc_dims=1024_seed0,15bfcbbf28,trial_0335_learning_rate=5.0e-04_history=5_kernel_sizes=5x3_conv_channels=128x256_fc_dims=1024_seed0
/scratch/sb272/patterns5k_results/slurm_hist_cnn_2026-03-05_16-01-45/trial_0335_learning_rate=5.0e-04_history=5_kernel_sizes=5x3_conv_channels=128x256_fc_dims=1024_seed1,cnn,0.17228506922721862,0.14711906585214518,-0.01031896330061413,-0.006336924575624012,0.13187840580940247,0.15601787227530559,494399,494399,41,0.5749564657956757,5,True,0.45456832695830385,0.41775468170083785,14,0.31855225563049316,0.1538778841495514,2,"[5, 3]","[128, 256]",[1024],6905313,bc12u33n1,646.1,trial_0335_learning_rate=5.0e-04_history=5_kernel_sizes=5x3_conv_channels=128x256_fc_dims=1024_seed1,15bfcbbf28,trial_0335_learning_rate=5.0e-04_history=5_kernel_sizes=5x3_conv_channels=128x256_fc_dims=1024_seed1
/scratch/sb272/patterns5k_results/slurm_hist_cnn_2026-03-05_16-01-45/trial_0336_learning_rate=5.0e-04_history=5_kernel_sizes=3x3x3_conv_channels=32x64x128_fc_dims=128_seed0,cnn,0.16709923565387727,0.13796521073175494,0.021888034684317454,0.01741922658587259,0.12224651873111725,0.14240523493748422,66111,66111,50,0.4958505184677014,5,True,0.45456832695830385,0.35304269518464665,12,0.31855225563049316,0.14293912053108215,1,"[3, 3, 3]","[32, 64, 128]",[128],6905313,bc12u33n1,422.6,trial_0336_learning_rate=5.0e-04_history=5_kernel_sizes=3x3x3_conv_channels=32x64x128_fc_dims=128_seed0,7cd21a24b5,trial_0336_learning_rate=5.0e-04_history=5_kernel_sizes=3x3x3_conv_channels=32x64x128_fc_dims=128_seed0
/scratch/sb272/patterns5k_results/slurm_hist_cnn_2026-03-05_16-01-45/trial_0336_learning_rate=5.0e-04_history=5_kernel_sizes=3x3x3_conv_channels=32x64x128_fc_dims=128_seed1,cnn,0.16643327915668488,0.13879509230494286,0.023889289961920843,0.018043048798091828,0.12330524623394012,0.1470240129249573,66111,66111,50,0.5071165297931891,5,True,0.45456832695830385,0.3641589660439211,13,0.31855225563049316,0.14432290196418762,1,"[3, 3, 3]","[32, 64, 128]",[128],6905313,bc12u33n1,433.5,trial_0336_learning_rate=5.0e-04_history=5_kernel_sizes=3x3x3_conv_channels=32x64x128_fc_dims=128_seed1,7cd21a24b5,trial_0336_learning_rate=5.0e-04_history=5_kernel_sizes=3x3x3_conv_channels=32x64x128_fc_dims=128_seed1
/scratch/sb272/patterns5k_results/slurm_hist_cnn_2026-03-05_16-01-45/trial_0337_learning_rate=5.0e-04_history=5_kernel_sizes=3x3x3_conv_channels=32x64x128_fc_dims=256_seed0,cnn,0.1662846277952194,0.14301982613714748,0.02488863089727977,0.01928662686120896,0.1274079531431198,0.14942927745712264,90687,90687,50,0.5197710653033037,5,True,0.45456832695830385,0.37818149983877863,12,0.31855225563049316,0.14875343441963196,2,"[3, 3, 3]","[32, 64, 128]",[256],6905313,bc12u33n1,449.2,trial_0337_learning_rate=5.0e-04_history=5_kernel_sizes=3x3x3_conv_channels=32x64x128_fc_dims=256_seed0,528413b479,trial_0337_learning_rate=5.0e-04_history=5_kernel_sizes=3x3x3_conv_channels=32x64x128_fc_dims=256_seed0
/scratch/sb272/patterns5k_results/slurm_hist_cnn_2026-03-05_16-01-45/trial_0337_learning_rate=5.0e-04_history=5_kernel_sizes=3x3x3_conv_channels=32x64x128_fc_dims=256_seed1,cnn,0.16621536874771117,0.1429072486562358,0.024802681945619128,0.0194402743899633,0.12819300591945648,0.1483027516511878,90687,90687,50,0.5123586949861397,5,True,0.45456832695830385,0.3718134947725284,13,0.31855225563049316,0.14895446598529816,2,"[3, 3, 3]","[32, 64, 128]",[256],6905313,bc12u33n1,443.7,trial_0337_learning_rate=5.0e-04_history=5_kernel_sizes=3x3x3_conv_channels=32x64x128_fc_dims=256_seed1,528413b479,trial_0337_learning_rate=5.0e-04_history=5_kernel_sizes=3x3x3_conv_channels=32x64x128_fc_dims=256_seed1
/scratch/sb272/patterns5k_results/slurm_hist_cnn_2026-03-05_16-01-45/trial_0338_learning_rate=5.0e-04_history=5_kernel_sizes=5x3x3_conv_channels=64x128x256_fc_dims=256_seed0,cnn,0.16488353657722474,0.15682582647758575,0.029804827674986826,0.01854046280421908,0.12667962908744812,0.1645681905041159,239807,239807,50,0.5686066887408066,5,True,0.45456832695830385,0.41619801638021203,17,0.31855225563049316,0.16432878375053406,2,"[5, 3, 3]","[64, 128, 256]",[256],6905313,bc12u33n1,574.8,trial_0338_learning_rate=5.0e-04_history=5_kernel_sizes=5x3x3_conv_channels=64x128x256_fc_dims=256_seed0,1663dad80d,trial_0338_learning_rate=5.0e-04_history=5_kernel_sizes=5x3x3_conv_channels=64x128x256_fc_dims=256_seed0
/scratch/sb272/patterns5k_results/slurm_hist_cnn_2026-03-05_16-01-45/trial_0338_learning_rate=5.0e-04_history=5_kernel_sizes=5x3x3_conv_channels=64x128x256_fc_dims=256_seed1,cnn,0.16537315738201142,0.15378798801279805,0.02735381467001779,0.01576411345648387,0.11951617896556854,0.16360621058148467,239807,239807,50,0.5341161739198624,5,True,0.45456832695830385,0.4003655518536981,15,0.31855225563049316,0.16137558221817017,2,"[5, 3, 3]","[64, 128, 256]",[256],6905313,bc12u33n1,564.7,trial_0338_learning_rate=5.0e-04_history=5_kernel_sizes=5x3x3_conv_channels=64x128x256_fc_dims=256_seed1,1663dad80d,trial_0338_learning_rate=5.0e-04_history=5_kernel_sizes=5x3x3_conv_channels=64x128x256_fc_dims=256_seed1
/scratch/sb272/patterns5k_results/slurm_hist_cnn_2026-03-05_16-01-45/trial_0339_learning_rate=5.0e-04_history=5_kernel_sizes=5x3x3_conv_channels=64x128x256_fc_dims=512_seed0,cnn,0.16465420639514924,0.15912739197260276,0.029155959212590777,0.017624588239760625,0.12519299983978271,0.16832571777092623,321727,321727,50,0.5901574232988804,5,True,0.45456832695830385,0.43474803638786313,23,0.31855225563049316,0.16753406822681427,2,"[5, 3, 3]","[64, 128, 256]",[512],6905313,bc12u33n1,627.1,trial_0339_learning_rate=5.0e-04_history=5_kernel_sizes=5x3x3_conv_channels=64x128x256_fc_dims=512_seed0,6cf71b32db,trial_0339_learning_rate=5.0e-04_history=5_kernel_sizes=5x3x3_conv_channels=64x128x256_fc_dims=512_seed0
/scratch/sb272/patterns5k_results/slurm_hist_cnn_2026-03-05_16-01-45/trial_0339_learning_rate=5.0e-04_history=5_kernel_sizes=5x3x3_conv_channels=64x128x256_fc_dims=512_seed1,cnn,0.16489811527729034,0.15634023966511792,0.028762462593260266,0.015395255315871466,0.11888087540864944,0.16839139103518594,321727,321727,50,0.5741159284551317,5,True,0.45456832695830385,0.43356051402961215,15,0.31855225563049316,0.16461996734142303,2,"[5, 3, 3]","[64, 128, 256]",[512],6905313,bc12u33n1,625.0,trial_0339_learning_rate=5.0e-04_history=5_kernel_sizes=5x3x3_conv_channels=64x128x256_fc_dims=512_seed1,6cf71b32db,trial_0339_learning_rate=5.0e-04_history=5_kernel_sizes=5x3x3_conv_channels=64x128x256_fc_dims=512_seed1
/scratch/sb272/patterns5k_results/slurm_hist_cnn_2026-03-05_16-01-45/trial_0340_learning_rate=5.0e-04_history=5_kernel_sizes=5x3x3_conv_channels=64x128x256_fc_dims=1024_seed0,cnn,0.16475605297088622,0.15798722040504978,0.0255303146347167,0.012552110921768915,0.12003128230571747,0.171517511787044,485567,485567,50,0.5871324118769116,5,True,0.45456832695830385,0.4360372308009505,19,0.31855225563049316,0.16521868109703064,2,"[5, 3, 3]","[64, 128, 256]",[1024],6905313,bc12u33n1,759.7,trial_0340_learning_rate=5.0e-04_history=5_kernel_sizes=5x3x3_conv_channels=64x128x256_fc_dims=1024_seed0,86bec393dc,trial_0340_learning_rate=5.0e-04_history=5_kernel_sizes=5x3x3_conv_channels=64x128x256_fc_dims=1024_seed0
/scratch/sb272/patterns5k_results/slurm_hist_cnn_2026-03-05_16-01-45/trial_0340_learning_rate=5.0e-04_history=5_kernel_sizes=5x3x3_conv_channels=64x128x256_fc_dims=1024_seed1,cnn,0.16496066272258758,0.16109477108085407,0.026974081993103027,0.015405389051588754,0.12321920692920685,0.17187966464845383,485567,485567,50,0.5828013119969628,5,True,0.45456832695830385,0.43113822014592534,18,0.31855225563049316,0.16901758313179016,2,"[5, 3, 3]","[64, 128, 256]",[1024],6905313,bc12u33n1,754.4,trial_0340_learning_rate=5.0e-04_history=5_kernel_sizes=5x3x3_conv_channels=64x128x256_fc_dims=1024_seed1,86bec393dc,trial_0340_learning_rate=5.0e-04_history=5_kernel_sizes=5x3x3_conv_channels=64x128x256_fc_dims=1024_seed1
/scratch/sb272/patterns5k_results/slurm_hist_cnn_2026-03-05_16-01-45/trial_0341_learning_rate=5.0e-04_history=5_kernel_sizes=3x3x3_conv_channels=128x128x128_fc_dims=256_seed0,cnn,0.16618694734573364,0.14632035740371538,0.02516318881322467,0.016548894700549897,0.12131208926439285,0.15178796288704668,188991,188991,49,0.5540134041238131,5,True,0.45456832695830385,0.4038848482891085,14,0.31855225563049316,0.15261511504650116,2,"[3, 3, 3]","[128, 128, 128]",[256],6905313,bc12u33n1,517.5,trial_0341_learning_rate=5.0e-04_history=5_kernel_sizes=3x3x3_conv_channels=128x128x128_fc_dims=256_seed0,74e25f65b1,trial_0341_learning_rate=5.0e-04_history=5_kernel_sizes=3x3x3_conv_channels=128x128x128_fc_dims=256_seed0
/scratch/sb272/patterns5k_results/slurm_hist_cnn_2026-03-05_16-01-45/trial_0341_learning_rate=5.0e-04_history=5_kernel_sizes=3x3x3_conv_channels=128x128x128_fc_dims=256_seed1,cnn,0.16649263679981233,0.14479638592727065,0.02572642337708246,0.017681115203433566,0.12326640635728836,0.15240722645768282,188991,188991,50,0.5548218651941614,5,True,0.45456832695830385,0.4035294519434325,14,0.31855225563049316,0.15163880586624146,2,"[3, 3, 3]","[128, 128, 128]",[256],6905313,bc12u33n1,536.8,trial_0341_learning_rate=5.0e-04_history=5_kernel_sizes=3x3x3_conv_channels=128x128x128_fc_dims=256_seed1,74e25f65b1,trial_0341_learning_rate=5.0e-04_history=5_kernel_sizes=3x3x3_conv_channels=128x128x128_fc_dims=256_seed1
/scratch/sb272/patterns5k_results/slurm_hist_cnn_2026-03-05_16-01-45/trial_0342_learning_rate=5.0e-04_history=5_kernel_sizes=3x3x3_conv_channels=128x128x128_fc_dims=512_seed0,cnn,0.16593996167182923,0.15100330083654112,0.024774775618598574,0.01567167043685913,0.12586703896522522,0.1589180067890497,238143,238143,50,0.5619986318049077,5,True,0.45456832695830385,0.40750999189402026,15,0.31855225563049316,0.15743722021579742,2,"[3, 3, 3]","[128, 128, 128]",[512],6905313,bc12u33n1,563.4,trial_0342_learning_rate=5.0e-04_history=5_kernel_sizes=3x3x3_conv_channels=128x128x128_fc_dims=512_seed0,efb7ede483,trial_0342_learning_rate=5.0e-04_history=5_kernel_sizes=3x3x3_conv_channels=128x128x128_fc_dims=512_seed0
/scratch/sb272/patterns5k_results/slurm_hist_cnn_2026-03-05_16-01-45/trial_0342_learning_rate=5.0e-04_history=5_kernel_sizes=3x3x3_conv_channels=128x128x128_fc_dims=512_seed1,cnn,0.1665320018529892,0.14755687496678166,0.023214865298498245,0.014889022660633874,0.12191100418567657,0.15759219153198423,238143,238143,43,0.5471251617511037,5,True,0.45456832695830385,0.4051364118267283,14,0.31855225563049316,0.15498214960098267,2,"[3, 3, 3]","[128, 128, 128]",[512],6905313,bc12u33n1,515.5,trial_0342_learning_rate=5.0e-04_history=5_kernel_sizes=3x3x3_conv_channels=128x128x128_fc_dims=512_seed1,efb7ede483,trial_0342_learning_rate=5.0e-04_history=5_kernel_sizes=3x3x3_conv_channels=128x128x128_fc_dims=512_seed1
/scratch/sb272/patterns5k_results/slurm_hist_cnn_2026-03-05_16-01-45/trial_0343_learning_rate=5.0e-04_history=5_kernel_sizes=3x3x3_conv_channels=256x256x256_fc_dims=512_seed0,cnn,0.16594138884544374,0.151349108342666,0.026247678295014395,0.017810691916753375,0.12922371923923492,0.15820795381163874,640063,640063,30,0.5946969540202275,5,True,0.45456832695830385,0.43131374568042913,18,0.31855225563049316,0.1581319123506546,2,"[3, 3, 3]","[256, 256, 256]",[512],6905313,bc12u33n1,601.8,trial_0343_learning_rate=5.0e-04_history=5_kernel_sizes=3x3x3_conv_channels=256x256x256_fc_dims=512_seed0,e499b54122,trial_0343_learning_rate=5.0e-04_history=5_kernel_sizes=3x3x3_conv_channels=256x256x256_fc_dims=512_seed0
/scratch/sb272/patterns5k_results/slurm_hist_cnn_2026-03-05_16-01-45/trial_0343_learning_rate=5.0e-04_history=5_kernel_sizes=3x3x3_conv_channels=256x256x256_fc_dims=512_seed1,cnn,0.16703048038482665,0.14858987900171636,0.023760607318272665,0.01160884660387796,0.11981300264596939,0.158301699057324,640063,640063,37,0.5771133050392957,5,True,0.45456832695830385,0.42134621299659575,15,0.31855225563049316,0.15589183568954468,2,"[3, 3, 3]","[256, 256, 256]",[512],6905313,bc12u33n1,690.5,trial_0343_learning_rate=5.0e-04_history=5_kernel_sizes=3x3x3_conv_channels=256x256x256_fc_dims=512_seed1,e499b54122,trial_0343_learning_rate=5.0e-04_history=5_kernel_sizes=3x3x3_conv_channels=256x256x256_fc_dims=512_seed1
/scratch/sb272/patterns5k_results/slurm_hist_cnn_2026-03-05_16-01-45/trial_0344_learning_rate=5.0e-04_history=5_kernel_sizes=3x3x3_conv_channels=256x256x256_fc_dims=1024_seed0,cnn,0.1667758229970932,0.15111586873840097,0.022723927384331113,0.0124172776464432,0.12242832034826279,0.1603799336259831,803903,803903,34,0.5756625265740978,5,True,0.45456832695830385,0.4201225476320407,16,0.31855225563049316,0.15767447650432587,2,"[3, 3, 3]","[256, 256, 256]",[1024],6905313,bc12u33n1,742.5,trial_0344_learning_rate=5.0e-04_history=5_kernel_sizes=3x3x3_conv_channels=256x256x256_fc_dims=1024_seed0,7ee1ac8339,trial_0344_learning_rate=5.0e-04_history=5_kernel_sizes=3x3x3_conv_channels=256x256x256_fc_dims=1024_seed0
/scratch/sb272/patterns5k_results/slurm_hist_cnn_2026-03-05_16-01-45/trial_0344_learning_rate=5.0e-04_history=5_kernel_sizes=3x3x3_conv_channels=256x256x256_fc_dims=1024_seed1,cnn,0.1665311690568924,0.15355591284011919,0.019382978242541118,0.009846587029714433,0.1255359649658203,0.16139565910850664,803903,803903,36,0.5963893320023251,5,True,0.45456832695830385,0.43127044083527555,15,0.31855225563049316,0.1600072681903839,2,"[3, 3, 3]","[256, 256, 256]",[1024],6905313,bc12u33n1,747.3,trial_0344_learning_rate=5.0e-04_history=5_kernel_sizes=3x3x3_conv_channels=256x256x256_fc_dims=1024_seed1,7ee1ac8339,trial_0344_learning_rate=5.0e-04_history=5_kernel_sizes=3x3x3_conv_channels=256x256x256_fc_dims=1024_seed1
/scratch/sb272/patterns5k_results/slurm_hist_cnn_2026-03-05_16-01-45/trial_0345_learning_rate=5.0e-04_history=10_kernel_sizes=3x3_conv_channels=64x128_fc_dims=128_seed0,cnn,0.16863285756111146,0.13399089448162638,0.018959655648186094,0.016034502831716386,0.12538844347000122,0.13705698237374497,69951,69951,50,0.5059374417361756,10,True,0.45456832695830385,0.35236874842612326,9,0.31855225563049316,0.13904525339603424,1,"[3, 3]","[64, 128]",[128],6905313,bc12u33n1,381.8,trial_0345_learning_rate=5.0e-04_history=10_kernel_sizes=3x3_conv_channels=64x128_fc_dims=128_seed0,e85e172274,trial_0345_learning_rate=5.0e-04_history=10_kernel_sizes=3x3_conv_channels=64x128_fc_dims=128_seed0
/scratch/sb272/patterns5k_results/slurm_hist_cnn_2026-03-05_16-01-45/trial_0345_learning_rate=5.0e-04_history=10_kernel_sizes=3x3_conv_channels=64x128_fc_dims=128_seed1,cnn,0.1690338488817215,0.1313808479388923,0.01751087298468938,0.013881225434560624,0.12309817224740982,0.14040001562178156,69951,69951,50,0.5044390657066358,10,True,0.45456832695830385,0.3472186643827773,8,0.31855225563049316,0.1369471400976181,1,"[3, 3]","[64, 128]",[128],6905313,bc12u33n1,400.9,trial_0345_learning_rate=5.0e-04_history=10_kernel_sizes=3x3_conv_channels=64x128_fc_dims=128_seed1,e85e172274,trial_0345_learning_rate=5.0e-04_history=10_kernel_sizes=3x3_conv_channels=64x128_fc_dims=128_seed1
/scratch/sb272/patterns5k_results/slurm_hist_cnn_2026-03-05_16-01-45/trial_0346_learning_rate=5.0e-04_history=10_kernel_sizes=3x3_conv_channels=64x128_fc_dims=256_seed0,cnn,0.16877566838264466,0.14159291922163028,0.01839181733509851,0.014605080324506003,0.13386479020118713,0.14500969368031824,94527,94527,50,0.5383027558765915,10,True,0.45456832695830385,0.3625869823166846,9,0.31855225563049316,0.14642445743083954,2,"[3, 3]","[64, 128]",[256],6905313,bc12u33n1,426.8,trial_0346_learning_rate=5.0e-04_history=10_kernel_sizes=3x3_conv_channels=64x128_fc_dims=256_seed0,2429c77093,trial_0346_learning_rate=5.0e-04_history=10_kernel_sizes=3x3_conv_channels=64x128_fc_dims=256_seed0
/scratch/sb272/patterns5k_results/slurm_hist_cnn_2026-03-05_16-01-45/trial_0346_learning_rate=5.0e-04_history=10_kernel_sizes=3x3_conv_channels=64x128_fc_dims=256_seed1,cnn,0.16919074738025666,0.139667960513969,0.017652392387390137,0.01406373864128476,0.1306622475385666,0.1447541241482595,94527,94527,50,0.5509931140265346,10,True,0.45456832695830385,0.3760388240830318,12,0.31855225563049316,0.14581634104251862,2,"[3, 3]","[64, 128]",[256],6905313,bc12u33n1,433.9,trial_0346_learning_rate=5.0e-04_history=10_kernel_sizes=3x3_conv_channels=64x128_fc_dims=256_seed1,2429c77093,trial_0346_learning_rate=5.0e-04_history=10_kernel_sizes=3x3_conv_channels=64x128_fc_dims=256_seed1
/scratch/sb272/patterns5k_results/slurm_hist_cnn_2026-03-05_16-01-45/trial_0347_learning_rate=5.0e-04_history=10_kernel_sizes=3x3_conv_channels=64x128_fc_dims=512_seed0,cnn,0.168927751660347,0.1387953733942851,0.016841779625605024,0.011712459344712515,0.12834256887435913,0.14298863801227477,143679,143679,50,0.5244837007488861,10,True,0.45456832695830385,0.35834617089510656,8,0.31855225563049316,0.14380264282226562,2,"[3, 3]","[64, 128]",[512],6905313,bc12u33n1,475.0,trial_0347_learning_rate=5.0e-04_history=10_kernel_sizes=3x3_conv_channels=64x128_fc_dims=512_seed0,bc8c06b61e,trial_0347_learning_rate=5.0e-04_history=10_kernel_sizes=3x3_conv_channels=64x128_fc_dims=512_seed0
/scratch/sb272/patterns5k_results/slurm_hist_cnn_2026-03-05_16-01-45/trial_0347_learning_rate=5.0e-04_history=10_kernel_sizes=3x3_conv_channels=64x128_fc_dims=512_seed1,cnn,0.16863833570480347,0.1418364986610979,0.018853413680243115,0.01417623720471821,0.13149507343769073,0.1484071059646138,143679,143679,50,0.5256945092889016,10,True,0.45456832695830385,0.35723963897140754,8,0.31855225563049316,0.1471100002527237,1,"[3, 3]","[64, 128]",[512],6905313,bc12u33n1,472.3,trial_0347_learning_rate=5.0e-04_history=10_kernel_sizes=3x3_conv_channels=64x128_fc_dims=512_seed1,bc8c06b61e,trial_0347_learning_rate=5.0e-04_history=10_kernel_sizes=3x3_conv_channels=64x128_fc_dims=512_seed1
/scratch/sb272/patterns5k_results/slurm_hist_cnn_2026-03-05_16-01-45/trial_0348_learning_rate=5.0e-04_history=10_kernel_sizes=5x3_conv_channels=128x256_fc_dims=256_seed0,cnn,0.16984340798854827,0.13592472864113506,0.01001226996618604,0.004491302702162001,0.12218212336301804,0.14295752229786668,248639,248639,35,0.5314936923685889,10,True,0.45456832695830385,0.3729157148958262,11,0.31855225563049316,0.1422002613544464,1,"[5, 3]","[128, 256]",[256],6905313,bc12u33n1,455.1,trial_0348_learning_rate=5.0e-04_history=10_kernel_sizes=5x3_conv_channels=128x256_fc_dims=256_seed0,4ef8712cb8,trial_0348_learning_rate=5.0e-04_history=10_kernel_sizes=5x3_conv_channels=128x256_fc_dims=256_seed0
/scratch/sb272/patterns5k_results/slurm_hist_cnn_2026-03-05_16-01-45/trial_0348_learning_rate=5.0e-04_history=10_kernel_sizes=5x3_conv_channels=128x256_fc_dims=256_seed1,cnn,0.169696172952652,0.13736831755909829,0.010558578703138564,0.004764334549979558,0.12450989335775375,0.14527576983312196,248639,248639,36,0.5191910736944467,10,True,0.45456832695830385,0.3683372994392832,11,0.31855225563049316,0.14337381720542908,1,"[5, 3]","[128, 256]",[256],6905313,bc12u33n1,454.7,trial_0348_learning_rate=5.0e-04_history=10_kernel_sizes=5x3_conv_channels=128x256_fc_dims=256_seed1,4ef8712cb8,trial_0348_learning_rate=5.0e-04_history=10_kernel_sizes=5x3_conv_channels=128x256_fc_dims=256_seed1
/scratch/sb272/patterns5k_results/slurm_hist_cnn_2026-03-05_16-01-45/trial_0349_learning_rate=5.0e-04_history=10_kernel_sizes=5x3_conv_channels=128x256_fc_dims=512_seed0,cnn,0.16987632262706756,0.13857595176482723,0.0076297975721813386,0.0016133435188777864,0.12614606320858002,0.14642992254348053,330559,330559,49,0.5253957945467007,10,True,0.45456832695830385,0.3691374898592156,9,0.31855225563049316,0.1449090987443924,1,"[5, 3]","[128, 256]",[512],6905313,bc12u33n1,603.2,trial_0349_learning_rate=5.0e-04_history=10_kernel_sizes=5x3_conv_channels=128x256_fc_dims=512_seed0,4ba1720f1c,trial_0349_learning_rate=5.0e-04_history=10_kernel_sizes=5x3_conv_channels=128x256_fc_dims=512_seed0
/scratch/sb272/patterns5k_results/slurm_hist_cnn_2026-03-05_16-01-45/trial_0349_learning_rate=5.0e-04_history=10_kernel_sizes=5x3_conv_channels=128x256_fc_dims=512_seed1,cnn,0.16980994963645935,0.14002206096997702,0.008963024805462549,0.0033171517508370535,0.12669548392295837,0.14721201411908041,330559,330559,43,0.5101892858767545,10,True,0.45456832695830385,0.3645059577030819,10,0.31855225563049316,0.14612558484077454,1,"[5, 3]","[128, 256]",[512],6905313,bc12u33n1,553.8,trial_0349_learning_rate=5.0e-04_history=10_kernel_sizes=5x3_conv_channels=128x256_fc_dims=512_seed1,4ba1720f1c,trial_0349_learning_rate=5.0e-04_history=10_kernel_sizes=5x3_conv_channels=128x256_fc_dims=512_seed1
/scratch/sb272/patterns5k_results/slurm_hist_cnn_2026-03-05_16-01-45/trial_0350_learning_rate=5.0e-04_history=10_kernel_sizes=5x3_conv_channels=128x256_fc_dims=1024_seed0,cnn,0.17187307488918305,0.14243023933863722,-0.009301865857744973,-0.01697009139590793,0.1290573626756668,0.1501568993220563,494399,494399,50,0.5345505814233144,10,True,0.45456832695830385,0.3711527731644976,10,0.31855225563049316,0.14784511923789978,1,"[5, 3]","[128, 256]",[1024],6905464,bb5u12c1,655.7,trial_0350_learning_rate=5.0e-04_history=10_kernel_sizes=5x3_conv_channels=128x256_fc_dims=1024_seed0,ff013cc47d,trial_0350_learning_rate=5.0e-04_history=10_kernel_sizes=5x3_conv_channels=128x256_fc_dims=1024_seed0
/scratch/sb272/patterns5k_results/slurm_hist_cnn_2026-03-05_16-01-45/trial_0350_learning_rate=5.0e-04_history=10_kernel_sizes=5x3_conv_channels=128x256_fc_dims=1024_seed1,cnn,0.1710619181394577,0.14352620459875043,-0.0012989574008517796,-0.010352676823025658,0.13084203004837036,0.15023425780789534,494399,494399,41,0.5633958778531508,10,True,0.45456832695830385,0.39120115725550375,11,0.31855225563049316,0.15004274249076843,1,"[5, 3]","[128, 256]",[1024],6905464,bb5u12c1,557.2,trial_0350_learning_rate=5.0e-04_history=10_kernel_sizes=5x3_conv_channels=128x256_fc_dims=1024_seed1,ff013cc47d,trial_0350_learning_rate=5.0e-04_history=10_kernel_sizes=5x3_conv_channels=128x256_fc_dims=1024_seed1
/scratch/sb272/patterns5k_results/slurm_hist_cnn_2026-03-05_16-01-45/trial_0351_learning_rate=5.0e-04_history=10_kernel_sizes=3x3x3_conv_channels=32x64x128_fc_dims=128_seed0,cnn,0.16739505064487456,0.13391465991351909,0.021779714122651114,0.01606724943433489,0.11679503321647644,0.1417333530293836,66111,66111,50,0.4582679442701809,10,True,0.45456832695830385,0.32835062413729466,8,0.31855225563049316,0.13895206153392792,2,"[3, 3, 3]","[32, 64, 128]",[128],6905464,bb5u12c1,309.0,trial_0351_learning_rate=5.0e-04_history=10_kernel_sizes=3x3x3_conv_channels=32x64x128_fc_dims=128_seed0,4024be5db0,trial_0351_learning_rate=5.0e-04_history=10_kernel_sizes=3x3x3_conv_channels=32x64x128_fc_dims=128_seed0
/scratch/sb272/patterns5k_results/slurm_hist_cnn_2026-03-05_16-01-45/trial_0351_learning_rate=5.0e-04_history=10_kernel_sizes=3x3x3_conv_channels=32x64x128_fc_dims=128_seed1,cnn,0.16664098405838013,0.13854071691187106,0.02380325775297861,0.018141465527670726,0.12252369523048401,0.14597670822054915,66111,66111,50,0.49051122984902523,10,True,0.45456832695830385,0.3343828437784178,9,0.31855225563049316,0.14367061853408813,1,"[3, 3, 3]","[32, 64, 128]",[128],6905464,bb5u12c1,295.2,trial_0351_learning_rate=5.0e-04_history=10_kernel_sizes=3x3x3_conv_channels=32x64x128_fc_dims=128_seed1,4024be5db0,trial_0351_learning_rate=5.0e-04_history=10_kernel_sizes=3x3x3_conv_channels=32x64x128_fc_dims=128_seed1
/scratch/sb272/patterns5k_results/slurm_hist_cnn_2026-03-05_16-01-45/trial_0352_learning_rate=5.0e-04_history=10_kernel_sizes=3x3x3_conv_channels=32x64x128_fc_dims=256_seed0,cnn,0.16699947333335877,0.13956025998156926,0.023755664863283673,0.018204317206428164,0.12228719145059586,0.14760182551293538,90687,90687,50,0.49110886910368756,10,True,0.45456832695830385,0.34596946156885644,8,0.31855225563049316,0.14422407746315002,1,"[3, 3, 3]","[32, 64, 128]",[256],6905464,bb5u12c1,328.7,trial_0352_learning_rate=5.0e-04_history=10_kernel_sizes=3x3x3_conv_channels=32x64x128_fc_dims=256_seed0,071b86e00f,trial_0352_learning_rate=5.0e-04_history=10_kernel_sizes=3x3x3_conv_channels=32x64x128_fc_dims=256_seed0
/scratch/sb272/patterns5k_results/slurm_hist_cnn_2026-03-05_16-01-45/trial_0352_learning_rate=5.0e-04_history=10_kernel_sizes=3x3x3_conv_channels=32x64x128_fc_dims=256_seed1,cnn,0.16635552060604095,0.1426052768795888,0.025086363156636555,0.019659019651867095,0.12734858691692352,0.15151948780547797,90687,90687,50,0.5184035852094203,10,True,0.45456832695830385,0.3539735678363927,9,0.31855225563049316,0.1476203352212906,2,"[3, 3, 3]","[32, 64, 128]",[256],6905464,bb5u12c1,331.8,trial_0352_learning_rate=5.0e-04_history=10_kernel_sizes=3x3x3_conv_channels=32x64x128_fc_dims=256_seed1,071b86e00f,trial_0352_learning_rate=5.0e-04_history=10_kernel_sizes=3x3x3_conv_channels=32x64x128_fc_dims=256_seed1
/scratch/sb272/patterns5k_results/slurm_hist_cnn_2026-03-05_16-01-45/trial_0353_learning_rate=5.0e-04_history=10_kernel_sizes=5x3x3_conv_channels=64x128x256_fc_dims=256_seed0,cnn,0.16669329309463501,0.14544758508251057,0.025816239061809722,0.018870866487896633,0.12696722149848938,0.15888885243628617,239807,239807,50,0.5192970814318,10,True,0.45456832695830385,0.3811942285759255,10,0.31855225563049316,0.1525370478630066,2,"[5, 3, 3]","[64, 128, 256]",[256],6905464,bb5u12c1,429.9,trial_0353_learning_rate=5.0e-04_history=10_kernel_sizes=5x3x3_conv_channels=64x128x256_fc_dims=256_seed0,2b8f895c3e,trial_0353_learning_rate=5.0e-04_history=10_kernel_sizes=5x3x3_conv_channels=64x128x256_fc_dims=256_seed0
/scratch/sb272/patterns5k_results/slurm_hist_cnn_2026-03-05_16-01-45/trial_0353_learning_rate=5.0e-04_history=10_kernel_sizes=5x3x3_conv_channels=64x128x256_fc_dims=256_seed1,cnn,0.16582713878154753,0.15317115294063235,0.029820401517171708,0.02203716550554548,0.13442610204219818,0.15707704513339174,239807,239807,50,0.5652104653408674,10,True,0.45456832695830385,0.40605028354013595,13,0.31855225563049316,0.16056609153747559,2,"[5, 3, 3]","[64, 128, 256]",[256],6905464,bb5u12c1,415.3,trial_0353_learning_rate=5.0e-04_history=10_kernel_sizes=5x3x3_conv_channels=64x128x256_fc_dims=256_seed1,2b8f895c3e,trial_0353_learning_rate=5.0e-04_history=10_kernel_sizes=5x3x3_conv_channels=64x128x256_fc_dims=256_seed1
/scratch/sb272/patterns5k_results/slurm_hist_cnn_2026-03-05_16-01-45/trial_0354_learning_rate=5.0e-04_history=10_kernel_sizes=5x3x3_conv_channels=64x128x256_fc_dims=512_seed0,cnn,0.16620497000217438,0.15160455447937438,0.026738576472751678,0.01990897598720732,0.13360324501991272,0.16218567756468644,321727,321727,50,0.5666760605521154,10,True,0.45456832695830385,0.3995687968126329,13,0.31855225563049316,0.15830986201763153,1,"[5, 3, 3]","[64, 128, 256]",[512],6905464,bb5u12c1,476.3,trial_0354_learning_rate=5.0e-04_history=10_kernel_sizes=5x3x3_conv_channels=64x128x256_fc_dims=512_seed0,ce7b79889d,trial_0354_learning_rate=5.0e-04_history=10_kernel_sizes=5x3x3_conv_channels=64x128x256_fc_dims=512_seed0
/scratch/sb272/patterns5k_results/slurm_hist_cnn_2026-03-05_16-01-45/trial_0354_learning_rate=5.0e-04_history=10_kernel_sizes=5x3x3_conv_channels=64x128x256_fc_dims=512_seed1,cnn,0.16573340106010437,0.15331659613233642,0.027619253075312055,0.02112422292194669,0.136286199092865,0.1611893702062342,321727,321727,50,0.5600947582526387,10,True,0.45456832695830385,0.40109420339053803,12,0.31855225563049316,0.16052976250648499,1,"[5, 3, 3]","[64, 128, 256]",[512],6905464,bb5u12c1,477.3,trial_0354_learning_rate=5.0e-04_history=10_kernel_sizes=5x3x3_conv_channels=64x128x256_fc_dims=512_seed1,ce7b79889d,trial_0354_learning_rate=5.0e-04_history=10_kernel_sizes=5x3x3_conv_channels=64x128x256_fc_dims=512_seed1
/scratch/sb272/patterns5k_results/slurm_hist_cnn_2026-03-05_16-01-45/trial_0355_learning_rate=5.0e-04_history=10_kernel_sizes=5x3x3_conv_channels=64x128x256_fc_dims=1024_seed0,cnn,0.16599972236156463,0.15567552059425793,0.027266898798564122,0.01947076263881865,0.13573449850082397,0.1631796239443281,485567,485567,50,0.5770326548582757,10,True,0.45456832695830385,0.403286849453541,13,0.31855225563049316,0.16299553215503693,1,"[5, 3, 3]","[64, 128, 256]",[1024],6905464,bb5u12c1,592.9,trial_0355_learning_rate=5.0e-04_history=10_kernel_sizes=5x3x3_conv_channels=64x128x256_fc_dims=1024_seed0,168aab7b3e,trial_0355_learning_rate=5.0e-04_history=10_kernel_sizes=5x3x3_conv_channels=64x128x256_fc_dims=1024_seed0
/scratch/sb272/patterns5k_results/slurm_hist_cnn_2026-03-05_16-01-45/trial_0355_learning_rate=5.0e-04_history=10_kernel_sizes=5x3x3_conv_channels=64x128x256_fc_dims=1024_seed1,cnn,0.16662051272392273,0.15174962564921393,0.02370973995753697,0.016447818468487453,0.13236172497272491,0.16215987351213476,485567,485567,50,0.5469038431198626,10,True,0.45456832695830385,0.3926474585602108,11,0.31855225563049316,0.1593042016029358,1,"[5, 3, 3]","[64, 128, 256]",[1024],6905464,bb5u12c1,580.1,trial_0355_learning_rate=5.0e-04_history=10_kernel_sizes=5x3x3_conv_channels=64x128x256_fc_dims=1024_seed1,168aab7b3e,trial_0355_learning_rate=5.0e-04_history=10_kernel_sizes=5x3x3_conv_channels=64x128x256_fc_dims=1024_seed1
/scratch/sb272/patterns5k_results/slurm_hist_cnn_2026-03-05_16-01-45/trial_0356_learning_rate=5.0e-04_history=10_kernel_sizes=3x3x3_conv_channels=128x128x128_fc_dims=256_seed0,cnn,0.1672010463476181,0.1393825199178804,0.02236538179337032,0.015559205933222695,0.11926834285259247,0.14844831246467877,188991,188991,45,0.5037104688387594,10,True,0.45456832695830385,0.3647369193070917,10,0.31855225563049316,0.14532111585140228,2,"[3, 3, 3]","[128, 128, 128]",[256],6905464,bb5u12c1,362.5,trial_0356_learning_rate=5.0e-04_history=10_kernel_sizes=3x3x3_conv_channels=128x128x128_fc_dims=256_seed0,65af2a7371,trial_0356_learning_rate=5.0e-04_history=10_kernel_sizes=3x3x3_conv_channels=128x128x128_fc_dims=256_seed0
/scratch/sb272/patterns5k_results/slurm_hist_cnn_2026-03-05_16-01-45/trial_0356_learning_rate=5.0e-04_history=10_kernel_sizes=3x3x3_conv_channels=128x128x128_fc_dims=256_seed1,cnn,0.16727518200874328,0.1416156634382074,0.02422864664168585,0.01606020284077478,0.11968766152858734,0.15011566495082945,188991,188991,50,0.4934934747129743,10,True,0.45456832695830385,0.3580631259272971,8,0.31855225563049316,0.14790715277194977,2,"[3, 3, 3]","[128, 128, 128]",[256],6905464,bb5u12c1,385.7,trial_0356_learning_rate=5.0e-04_history=10_kernel_sizes=3x3x3_conv_channels=128x128x128_fc_dims=256_seed1,65af2a7371,trial_0356_learning_rate=5.0e-04_history=10_kernel_sizes=3x3x3_conv_channels=128x128x128_fc_dims=256_seed1
/scratch/sb272/patterns5k_results/slurm_hist_cnn_2026-03-05_16-01-45/trial_0357_learning_rate=5.0e-04_history=10_kernel_sizes=3x3x3_conv_channels=128x128x128_fc_dims=512_seed0,cnn,0.16653063118457795,0.1443059410746076,0.023590369830055843,0.01770558622148302,0.12722940742969513,0.15297138824167655,238143,238143,40,0.5388934696572942,10,True,0.45456832695830385,0.3752102670259663,10,0.31855225563049316,0.15037310123443604,2,"[3, 3, 3]","[128, 128, 128]",[512],6905464,bb5u12c1,381.7,trial_0357_learning_rate=5.0e-04_history=10_kernel_sizes=3x3x3_conv_channels=128x128x128_fc_dims=512_seed0,3f7ea200ca,trial_0357_learning_rate=5.0e-04_history=10_kernel_sizes=3x3x3_conv_channels=128x128x128_fc_dims=512_seed0
/scratch/sb272/patterns5k_results/slurm_hist_cnn_2026-03-05_16-01-45/trial_0357_learning_rate=5.0e-04_history=10_kernel_sizes=3x3x3_conv_channels=128x128x128_fc_dims=512_seed1,cnn,0.1666395094394684,0.14675227871539562,0.02408132098969959,0.016220083312382772,0.1274663805961609,0.15515782478251572,238143,238143,43,0.5477227389756867,10,True,0.45456832695830385,0.3818187667909494,9,0.31855225563049316,0.15335750579833984,1,"[3, 3, 3]","[128, 128, 128]",[512],6905464,bb5u12c1,407.1,trial_0357_learning_rate=5.0e-04_history=10_kernel_sizes=3x3x3_conv_channels=128x128x128_fc_dims=512_seed1,3f7ea200ca,trial_0357_learning_rate=5.0e-04_history=10_kernel_sizes=3x3x3_conv_channels=128x128x128_fc_dims=512_seed1
/scratch/sb272/patterns5k_results/slurm_hist_cnn_2026-03-05_16-01-45/trial_0358_learning_rate=5.0e-04_history=10_kernel_sizes=3x3x3_conv_channels=256x256x256_fc_dims=512_seed0,cnn,0.1670293732881546,0.14824938507642663,0.02258853969119844,0.013470592006804451,0.12687599658966064,0.15399064759328757,640063,640063,31,0.5437145317918016,10,True,0.45456832695830385,0.37884669805559634,11,0.31855225563049316,0.15369433164596558,2,"[3, 3, 3]","[256, 256, 256]",[512],6905464,bb5u12c1,466.8,trial_0358_learning_rate=5.0e-04_history=10_kernel_sizes=3x3x3_conv_channels=256x256x256_fc_dims=512_seed0,42e182455e,trial_0358_learning_rate=5.0e-04_history=10_kernel_sizes=3x3x3_conv_channels=256x256x256_fc_dims=512_seed0
/scratch/sb272/patterns5k_results/slurm_hist_cnn_2026-03-05_16-01-45/trial_0358_learning_rate=5.0e-04_history=10_kernel_sizes=3x3x3_conv_channels=256x256x256_fc_dims=512_seed1,cnn,0.16742516672611238,0.1464563186255668,0.02316320888579838,0.013651842162722633,0.12389885634183884,0.1551844308771363,640063,640063,33,0.5497836235929222,10,True,0.45456832695830385,0.3758109945142357,9,0.31855225563049316,0.15310364961624146,2,"[3, 3, 3]","[256, 256, 256]",[512],6905464,bb5u12c1,484.3,trial_0358_learning_rate=5.0e-04_history=10_kernel_sizes=3x3x3_conv_channels=256x256x256_fc_dims=512_seed1,42e182455e,trial_0358_learning_rate=5.0e-04_history=10_kernel_sizes=3x3x3_conv_channels=256x256x256_fc_dims=512_seed1
/scratch/sb272/patterns5k_results/slurm_hist_cnn_2026-03-05_16-01-45/trial_0359_learning_rate=5.0e-04_history=10_kernel_sizes=3x3x3_conv_channels=256x256x256_fc_dims=1024_seed0,cnn,0.1673707549571991,0.14611119095242195,0.020075670310429165,0.010732360302455841,0.12420405447483063,0.15696403768449277,803903,803903,29,0.5240805051322259,10,True,0.45456832695830385,0.3707740991404147,10,0.31855225563049316,0.1522410660982132,2,"[3, 3, 3]","[256, 256, 256]",[1024],6905464,bb5u12c1,514.7,trial_0359_learning_rate=5.0e-04_history=10_kernel_sizes=3x3x3_conv_channels=256x256x256_fc_dims=1024_seed0,8ce8d9bbeb,trial_0359_learning_rate=5.0e-04_history=10_kernel_sizes=3x3x3_conv_channels=256x256x256_fc_dims=1024_seed0
/scratch/sb272/patterns5k_results/slurm_hist_cnn_2026-03-05_16-01-45/trial_0359_learning_rate=5.0e-04_history=10_kernel_sizes=3x3x3_conv_channels=256x256x256_fc_dims=1024_seed1,cnn,0.16888021528720856,0.1484690075854531,0.009962325058286153,-0.002152524297199552,0.12792810797691345,0.157872689683669,803903,803903,29,0.5122856168890532,10,True,0.45456832695830385,0.3517026562446773,8,0.31855225563049316,0.1544244885444641,2,"[3, 3, 3]","[256, 256, 256]",[1024],6905464,bb5u12c1,517.9,trial_0359_learning_rate=5.0e-04_history=10_kernel_sizes=3x3x3_conv_channels=256x256x256_fc_dims=1024_seed1,8ce8d9bbeb,trial_0359_learning_rate=5.0e-04_history=10_kernel_sizes=3x3x3_conv_channels=256x256x256_fc_dims=1024_seed1
/scratch/sb272/patterns5k_results/slurm_hist_cnn_2026-03-05_16-01-45/trial_0360_learning_rate=5.0e-04_history=20_kernel_sizes=3x3_conv_channels=64x128_fc_dims=128_seed0,cnn,0.1686904548406601,0.1329842185728933,0.021360160812499033,0.01969504545605372,0.12991863489151,0.13451128403573565,69951,69951,50,0.4915389567246284,20,True,0.45456832695830385,0.34748099841490715,9,0.31855225563049316,0.13813190162181854,1,"[3, 3]","[64, 128]",[128],6905464,bb5u12c1,300.5,trial_0360_learning_rate=5.0e-04_history=20_kernel_sizes=3x3_conv_channels=64x128_fc_dims=128_seed0,583812829d,trial_0360_learning_rate=5.0e-04_history=20_kernel_sizes=3x3_conv_channels=64x128_fc_dims=128_seed0
/scratch/sb272/patterns5k_results/slurm_hist_cnn_2026-03-05_16-01-45/trial_0360_learning_rate=5.0e-04_history=20_kernel_sizes=3x3_conv_channels=64x128_fc_dims=128_seed1,cnn,0.16844513726234436,0.13158484246313554,0.021746483114030626,0.020327912436591253,0.12920130789279938,0.13698941103618562,69951,69951,50,0.4899250476571935,20,True,0.45456832695830385,0.3459147760252827,6,0.31855225563049316,0.1366872936487198,1,"[3, 3]","[64, 128]",[128],6905464,bb5u12c1,303.5,trial_0360_learning_rate=5.0e-04_history=20_kernel_sizes=3x3_conv_channels=64x128_fc_dims=128_seed1,583812829d,trial_0360_learning_rate=5.0e-04_history=20_kernel_sizes=3x3_conv_channels=64x128_fc_dims=128_seed1
/scratch/sb272/patterns5k_results/slurm_hist_cnn_2026-03-05_16-01-45/trial_0361_learning_rate=5.0e-04_history=20_kernel_sizes=3x3_conv_channels=64x128_fc_dims=256_seed0,cnn,0.1701997332572937,0.1333975422570248,0.015847383037446035,0.01607305095309303,0.13204188644886017,0.13965993292134907,94527,94527,50,0.4983442712988136,20,True,0.45456832695830385,0.35133004101523074,8,0.31855225563049316,0.13873976469039917,1,"[3, 3]","[64, 128]",[256],6905464,bb5u12c1,322.4,trial_0361_learning_rate=5.0e-04_history=20_kernel_sizes=3x3_conv_channels=64x128_fc_dims=256_seed0,630180abbb,trial_0361_learning_rate=5.0e-04_history=20_kernel_sizes=3x3_conv_channels=64x128_fc_dims=256_seed0
/scratch/sb272/patterns5k_results/slurm_hist_cnn_2026-03-05_16-01-45/trial_0361_learning_rate=5.0e-04_history=20_kernel_sizes=3x3_conv_channels=64x128_fc_dims=256_seed1,cnn,0.16899420070648194,0.13410298365740472,0.01927595195316133,0.018600433591812376,0.13229979574680328,0.1429927958672863,94527,94527,50,0.5117660745229817,20,True,0.45456832695830385,0.36050555424523195,10,0.31855225563049316,0.13953045010566711,1,"[3, 3]","[64, 128]",[256],6905464,bb5u12c1,318.2,trial_0361_learning_rate=5.0e-04_history=20_kernel_sizes=3x3_conv_channels=64x128_fc_dims=256_seed1,630180abbb,trial_0361_learning_rate=5.0e-04_history=20_kernel_sizes=3x3_conv_channels=64x128_fc_dims=256_seed1
/scratch/sb272/patterns5k_results/slurm_hist_cnn_2026-03-05_16-01-45/trial_0362_learning_rate=5.0e-04_history=20_kernel_sizes=3x3_conv_channels=64x128_fc_dims=512_seed0,cnn,0.16992228603363038,0.13443119186898503,0.016111914127592056,0.015054698028261699,0.13193705677986145,0.1430970843012976,143679,143679,48,0.4968010472786997,20,True,0.45456832695830385,0.347927918765262,8,0.31855225563049316,0.13860157132148743,1,"[3, 3]","[64, 128]",[512],6905464,bb5u12c1,359.4,trial_0362_learning_rate=5.0e-04_history=20_kernel_sizes=3x3_conv_channels=64x128_fc_dims=512_seed0,9d465160f8,trial_0362_learning_rate=5.0e-04_history=20_kernel_sizes=3x3_conv_channels=64x128_fc_dims=512_seed0
/scratch/sb272/patterns5k_results/slurm_hist_cnn_2026-03-05_16-01-45/trial_0362_learning_rate=5.0e-04_history=20_kernel_sizes=3x3_conv_channels=64x128_fc_dims=512_seed1,cnn,0.17139027202129364,0.133641661024671,0.010566745485578264,0.009509935265495664,0.13114550709724426,0.1425048097402061,143679,143679,50,0.4978316964755919,20,True,0.45456832695830385,0.3497572199765323,7,0.31855225563049316,0.13893550634384155,1,"[3, 3]","[64, 128]",[512],6905464,bb5u12c1,361.0,trial_0362_learning_rate=5.0e-04_history=20_kernel_sizes=3x3_conv_channels=64x128_fc_dims=512_seed1,9d465160f8,trial_0362_learning_rate=5.0e-04_history=20_kernel_sizes=3x3_conv_channels=64x128_fc_dims=512_seed1
/scratch/sb272/patterns5k_results/slurm_hist_cnn_2026-03-05_16-01-45/trial_0363_learning_rate=5.0e-04_history=20_kernel_sizes=5x3_conv_channels=128x256_fc_dims=256_seed0,cnn,0.17180796480178834,0.13510279932197383,0.005675294096507724,0.006074146618918767,0.13477823138237,0.136105031080098,248639,248639,43,0.5204592959969147,20,True,0.45456832695830385,0.3640871487538095,11,0.31855225563049316,0.14112189412117004,1,"[5, 3]","[128, 256]",[256],6905464,bb5u12c1,378.4,trial_0363_learning_rate=5.0e-04_history=20_kernel_sizes=5x3_conv_channels=128x256_fc_dims=256_seed0,5f63f2273f,trial_0363_learning_rate=5.0e-04_history=20_kernel_sizes=5x3_conv_channels=128x256_fc_dims=256_seed0
/scratch/sb272/patterns5k_results/slurm_hist_cnn_2026-03-05_16-01-45/trial_0363_learning_rate=5.0e-04_history=20_kernel_sizes=5x3_conv_channels=128x256_fc_dims=256_seed1,cnn,0.17116596472263337,0.1312952680772348,0.006907954102470761,0.005661657878330776,0.12836308777332306,0.13942178792870077,248639,248639,40,0.5119034719878031,20,True,0.45456832695830385,0.36850714721030964,11,0.31855225563049316,0.1375240981578827,1,"[5, 3]","[128, 256]",[256],6905464,bb5u12c1,367.1,trial_0363_learning_rate=5.0e-04_history=20_kernel_sizes=5x3_conv_channels=128x256_fc_dims=256_seed1,5f63f2273f,trial_0363_learning_rate=5.0e-04_history=20_kernel_sizes=5x3_conv_channels=128x256_fc_dims=256_seed1
/scratch/sb272/patterns5k_results/slurm_hist_cnn_2026-03-05_16-01-45/trial_0364_learning_rate=5.0e-04_history=20_kernel_sizes=5x3_conv_channels=128x256_fc_dims=512_seed0,cnn,0.1706076649427414,0.13496871362315097,0.00725338099494813,0.008283241400643,0.13362327218055725,0.13854257192927633,330559,330559,38,0.5354275980288804,20,True,0.45456832695830385,0.37953175511320836,11,0.31855225563049316,0.14055892825126648,1,"[5, 3]","[128, 256]",[512],6905464,bb5u12c1,395.3,trial_0364_learning_rate=5.0e-04_history=20_kernel_sizes=5x3_conv_channels=128x256_fc_dims=512_seed0,cb053d3765,trial_0364_learning_rate=5.0e-04_history=20_kernel_sizes=5x3_conv_channels=128x256_fc_dims=512_seed0
/scratch/sb272/patterns5k_results/slurm_hist_cnn_2026-03-05_16-01-45/trial_0364_learning_rate=5.0e-04_history=20_kernel_sizes=5x3_conv_channels=128x256_fc_dims=512_seed1,cnn,0.1712285999059677,0.13711962496897911,0.005656803411150735,0.005050051779974075,0.13225656747817993,0.1407445832495507,330559,330559,37,0.5272449483907665,20,True,0.45456832695830385,0.37824675429009313,10,0.31855225563049316,0.14334478974342346,1,"[5, 3]","[128, 256]",[512],6905464,bb5u12c1,394.4,trial_0364_learning_rate=5.0e-04_history=20_kernel_sizes=5x3_conv_channels=128x256_fc_dims=512_seed1,cb053d3765,trial_0364_learning_rate=5.0e-04_history=20_kernel_sizes=5x3_conv_channels=128x256_fc_dims=512_seed1
/scratch/sb272/patterns5k_results/slurm_hist_cnn_2026-03-05_16-01-45/trial_0365_learning_rate=5.0e-04_history=20_kernel_sizes=5x3_conv_channels=128x256_fc_dims=1024_seed0,cnn,0.17350574672222138,0.1352978761598938,-0.007971951885828896,-0.005932771970355321,0.13437913358211517,0.14027537913688412,494399,494399,43,0.533171406293443,20,True,0.45456832695830385,0.37835794037932263,11,0.31855225563049316,0.14147375524044037,1,"[5, 3]","[128, 256]",[1024],6905464,bb5u12c1,523.8,trial_0365_learning_rate=5.0e-04_history=20_kernel_sizes=5x3_conv_channels=128x256_fc_dims=1024_seed0,2f3af6f35b,trial_0365_learning_rate=5.0e-04_history=20_kernel_sizes=5x3_conv_channels=128x256_fc_dims=1024_seed0
/scratch/sb272/patterns5k_results/slurm_hist_cnn_2026-03-05_16-01-45/trial_0365_learning_rate=5.0e-04_history=20_kernel_sizes=5x3_conv_channels=128x256_fc_dims=1024_seed1,cnn,0.1725829405784607,0.1359479939301347,-0.0021588755032372854,-0.0008754030106559633,0.13204750418663025,0.14308920349630858,494399,494399,33,0.5386922865223125,20,True,0.45456832695830385,0.3802442590845143,11,0.31855225563049316,0.14234335720539093,1,"[5, 3]","[128, 256]",[1024],6905464,bb5u12c1,434.8,trial_0365_learning_rate=5.0e-04_history=20_kernel_sizes=5x3_conv_channels=128x256_fc_dims=1024_seed1,2f3af6f35b,trial_0365_learning_rate=5.0e-04_history=20_kernel_sizes=5x3_conv_channels=128x256_fc_dims=1024_seed1
/scratch/sb272/patterns5k_results/slurm_hist_cnn_2026-03-05_16-01-45/trial_0366_learning_rate=5.0e-04_history=20_kernel_sizes=3x3x3_conv_channels=32x64x128_fc_dims=128_seed0,cnn,0.16802053439617157,0.1327991292692848,0.022321124871571858,0.020076750762878903,0.12792572379112244,0.13673370252980363,66111,66111,50,0.4874459095266176,20,True,0.45456832695830385,0.34825183865554155,9,0.31855225563049316,0.13767895102500916,0,"[3, 3, 3]","[32, 64, 128]",[128],6905464,bb5u12c1,311.7,trial_0366_learning_rate=5.0e-04_history=20_kernel_sizes=3x3x3_conv_channels=32x64x128_fc_dims=128_seed0,c592213123,trial_0366_learning_rate=5.0e-04_history=20_kernel_sizes=3x3x3_conv_channels=32x64x128_fc_dims=128_seed0
/scratch/sb272/patterns5k_results/slurm_hist_cnn_2026-03-05_16-01-45/trial_0366_learning_rate=5.0e-04_history=20_kernel_sizes=3x3x3_conv_channels=32x64x128_fc_dims=128_seed1,cnn,0.16836058712005617,0.1291091184650353,0.020954022331843302,0.018838920290507967,0.125090554356575,0.13915746749198102,66111,66111,50,0.46156330919136945,20,True,0.45456832695830385,0.3252778799273546,6,0.31855225563049316,0.1337442398071289,0,"[3, 3, 3]","[32, 64, 128]",[128],6905464,bb5u12c1,305.9,trial_0366_learning_rate=5.0e-04_history=20_kernel_sizes=3x3x3_conv_channels=32x64x128_fc_dims=128_seed1,c592213123,trial_0366_learning_rate=5.0e-04_history=20_kernel_sizes=3x3x3_conv_channels=32x64x128_fc_dims=128_seed1
/scratch/sb272/patterns5k_results/slurm_hist_cnn_2026-03-05_16-01-45/trial_0367_learning_rate=5.0e-04_history=20_kernel_sizes=3x3x3_conv_channels=32x64x128_fc_dims=256_seed0,cnn,0.1678273218870163,0.13485352435795292,0.02318275353265187,0.02054982242130098,0.129852756857872,0.1419837893167762,90687,90687,50,0.4880902731060624,20,True,0.45456832695830385,0.33900738492600985,8,0.31855225563049316,0.13991481065750122,1,"[3, 3, 3]","[32, 64, 128]",[256],6905464,bb5u12c1,327.9,trial_0367_learning_rate=5.0e-04_history=20_kernel_sizes=3x3x3_conv_channels=32x64x128_fc_dims=256_seed0,aefbe98fdf,trial_0367_learning_rate=5.0e-04_history=20_kernel_sizes=3x3x3_conv_channels=32x64x128_fc_dims=256_seed0
/scratch/sb272/patterns5k_results/slurm_hist_cnn_2026-03-05_16-01-45/trial_0367_learning_rate=5.0e-04_history=20_kernel_sizes=3x3x3_conv_channels=32x64x128_fc_dims=256_seed1,cnn,0.16793286979198455,0.13405603387563744,0.02258954161689395,0.02080091881373572,0.13077737390995026,0.14411844108264385,90687,90687,50,0.470180765637666,20,True,0.45456832695830385,0.3383394525154374,7,0.31855225563049316,0.13922585546970367,0,"[3, 3, 3]","[32, 64, 128]",[256],6905464,bb5u12c1,347.3,trial_0367_learning_rate=5.0e-04_history=20_kernel_sizes=3x3x3_conv_channels=32x64x128_fc_dims=256_seed1,aefbe98fdf,trial_0367_learning_rate=5.0e-04_history=20_kernel_sizes=3x3x3_conv_channels=32x64x128_fc_dims=256_seed1
/scratch/sb272/patterns5k_results/slurm_hist_cnn_2026-03-05_16-01-45/trial_0368_learning_rate=5.0e-04_history=20_kernel_sizes=5x3x3_conv_channels=64x128x256_fc_dims=256_seed0,cnn,0.16761928236484527,0.14141157634181495,0.024272533636244518,0.02063063685856168,0.13460293412208557,0.14726011368397757,239807,239807,50,0.5438877728017344,20,True,0.45456832695830385,0.3801799334850239,11,0.31855225563049316,0.1473609060049057,1,"[5, 3, 3]","[64, 128, 256]",[256],6905464,bb5u12c1,453.7,trial_0368_learning_rate=5.0e-04_history=20_kernel_sizes=5x3x3_conv_channels=64x128x256_fc_dims=256_seed0,113302f783,trial_0368_learning_rate=5.0e-04_history=20_kernel_sizes=5x3x3_conv_channels=64x128x256_fc_dims=256_seed0
/scratch/sb272/patterns5k_results/slurm_hist_cnn_2026-03-05_16-01-45/trial_0368_learning_rate=5.0e-04_history=20_kernel_sizes=5x3x3_conv_channels=64x128x256_fc_dims=256_seed1,cnn,0.16760970175266265,0.14175876971393664,0.025696843389480833,0.02297522718944247,0.1378343254327774,0.14762766339321273,239807,239807,50,0.546938101094099,20,True,0.45456832695830385,0.3834896001060621,11,0.31855225563049316,0.14902378618717194,1,"[5, 3, 3]","[64, 128, 256]",[256],6905464,bb5u12c1,458.8,trial_0368_learning_rate=5.0e-04_history=20_kernel_sizes=5x3x3_conv_channels=64x128x256_fc_dims=256_seed1,113302f783,trial_0368_learning_rate=5.0e-04_history=20_kernel_sizes=5x3x3_conv_channels=64x128x256_fc_dims=256_seed1
/scratch/sb272/patterns5k_results/slurm_hist_cnn_2026-03-05_16-01-45/trial_0369_learning_rate=5.0e-04_history=20_kernel_sizes=5x3x3_conv_channels=64x128x256_fc_dims=512_seed0,cnn,0.16811355495452882,0.13974435967268042,0.022596557935078938,0.018984194785829574,0.1336197704076767,0.1485765864954717,321727,321727,50,0.5119335530177976,20,True,0.45456832695830385,0.3678749100144101,11,0.31855225563049316,0.14600715041160583,1,"[5, 3, 3]","[64, 128, 256]",[512],6905464,bb5u12c1,507.5,trial_0369_learning_rate=5.0e-04_history=20_kernel_sizes=5x3x3_conv_channels=64x128x256_fc_dims=512_seed0,0702dc041b,trial_0369_learning_rate=5.0e-04_history=20_kernel_sizes=5x3x3_conv_channels=64x128x256_fc_dims=512_seed0
/scratch/sb272/patterns5k_results/slurm_hist_cnn_2026-03-05_16-01-45/trial_0369_learning_rate=5.0e-04_history=20_kernel_sizes=5x3x3_conv_channels=64x128x256_fc_dims=512_seed1,cnn,0.1677316563129425,0.1410281331990269,0.022233369804563977,0.019147837918902202,0.13443350791931152,0.15054388355911344,321727,321727,50,0.5240643616763492,20,True,0.45456832695830385,0.37448055201859265,11,0.31855225563049316,0.14741960167884827,1,"[5, 3, 3]","[64, 128, 256]",[512],6905464,bb5u12c1,517.8,trial_0369_learning_rate=5.0e-04_history=20_kernel_sizes=5x3x3_conv_channels=64x128x256_fc_dims=512_seed1,0702dc041b,trial_0369_learning_rate=5.0e-04_history=20_kernel_sizes=5x3x3_conv_channels=64x128x256_fc_dims=512_seed1
/scratch/sb272/patterns5k_results/slurm_hist_cnn_2026-03-05_16-01-45/trial_0370_learning_rate=5.0e-04_history=20_kernel_sizes=5x3x3_conv_channels=64x128x256_fc_dims=1024_seed0,cnn,0.1681067315340042,0.14220139517744995,0.020415693048446898,0.017440723048316106,0.13775089383125305,0.15069433045053074,485567,485567,50,0.5405341575974577,20,True,0.45456832695830385,0.37876719781491297,10,0.31855225563049316,0.14853641390800476,1,"[5, 3, 3]","[64, 128, 256]",[1024],6905464,bb5u12c1,648.6,trial_0370_learning_rate=5.0e-04_history=20_kernel_sizes=5x3x3_conv_channels=64x128x256_fc_dims=1024_seed0,5dc9b5b6e9,trial_0370_learning_rate=5.0e-04_history=20_kernel_sizes=5x3x3_conv_channels=64x128x256_fc_dims=1024_seed0
/scratch/sb272/patterns5k_results/slurm_hist_cnn_2026-03-05_16-01-45/trial_0370_learning_rate=5.0e-04_history=20_kernel_sizes=5x3x3_conv_channels=64x128x256_fc_dims=1024_seed1,cnn,0.16780528223514557,0.14354982255563126,0.023194628102438792,0.019818264340597486,0.1372159868478775,0.15424064405530838,485567,485567,50,0.5453318213644156,20,True,0.45456832695830385,0.386334630300646,11,0.31855225563049316,0.15014880895614624,1,"[5, 3, 3]","[64, 128, 256]",[1024],6905464,bb5u12c1,650.4,trial_0370_learning_rate=5.0e-04_history=20_kernel_sizes=5x3x3_conv_channels=64x128x256_fc_dims=1024_seed1,5dc9b5b6e9,trial_0370_learning_rate=5.0e-04_history=20_kernel_sizes=5x3x3_conv_channels=64x128x256_fc_dims=1024_seed1
/scratch/sb272/patterns5k_results/slurm_hist_cnn_2026-03-05_16-01-45/trial_0371_learning_rate=5.0e-04_history=20_kernel_sizes=3x3x3_conv_channels=128x128x128_fc_dims=256_seed0,cnn,0.16833349525928498,0.13438537517324375,0.021019178723532057,0.018338449417598664,0.12799052894115448,0.141763848780137,188991,188991,39,0.5097716187924867,20,True,0.45456832695830385,0.3637910481671161,11,0.31855225563049316,0.14015740156173706,1,"[3, 3, 3]","[128, 128, 128]",[256],6905464,bb5u12c1,360.5,trial_0371_learning_rate=5.0e-04_history=20_kernel_sizes=3x3x3_conv_channels=128x128x128_fc_dims=256_seed0,c3bacb31a6,trial_0371_learning_rate=5.0e-04_history=20_kernel_sizes=3x3x3_conv_channels=128x128x128_fc_dims=256_seed0
/scratch/sb272/patterns5k_results/slurm_hist_cnn_2026-03-05_16-01-45/trial_0371_learning_rate=5.0e-04_history=20_kernel_sizes=3x3x3_conv_channels=128x128x128_fc_dims=256_seed1,cnn,0.16853530168533326,0.13286036209073082,0.020991726527138363,0.018799752470046754,0.12778884172439575,0.14197878325875057,188991,188991,42,0.5044405807570833,20,True,0.45456832695830385,0.367757683811367,11,0.31855225563049316,0.13888795673847198,1,"[3, 3, 3]","[128, 128, 128]",[256],6905464,bb5u12c1,384.8,trial_0371_learning_rate=5.0e-04_history=20_kernel_sizes=3x3x3_conv_channels=128x128x128_fc_dims=256_seed1,c3bacb31a6,trial_0371_learning_rate=5.0e-04_history=20_kernel_sizes=3x3x3_conv_channels=128x128x128_fc_dims=256_seed1
/scratch/sb272/patterns5k_results/slurm_hist_cnn_2026-03-05_16-01-45/trial_0372_learning_rate=5.0e-04_history=20_kernel_sizes=3x3x3_conv_channels=128x128x128_fc_dims=512_seed0,cnn,0.1692785350084305,0.13639164158992054,0.01645175994388641,0.014192372087448363,0.12889845669269562,0.14520911327426553,238143,238143,41,0.5099797633290596,20,True,0.45456832695830385,0.3662570224651543,10,0.31855225563049316,0.14191533625125885,1,"[3, 3, 3]","[128, 128, 128]",[512],6905464,bb5u12c1,420.7,trial_0372_learning_rate=5.0e-04_history=20_kernel_sizes=3x3x3_conv_channels=128x128x128_fc_dims=512_seed0,664499f7f7,trial_0372_learning_rate=5.0e-04_history=20_kernel_sizes=3x3x3_conv_channels=128x128x128_fc_dims=512_seed0
/scratch/sb272/patterns5k_results/slurm_hist_cnn_2026-03-05_16-01-45/trial_0372_learning_rate=5.0e-04_history=20_kernel_sizes=3x3x3_conv_channels=128x128x128_fc_dims=512_seed1,cnn,0.16854280066490174,0.13985174434458264,0.019469755982595777,0.016555185355837384,0.13299185037612915,0.14611115135054947,238143,238143,40,0.550182234963154,20,True,0.45456832695830385,0.3820576825092238,11,0.31855225563049316,0.1460908055305481,1,"[3, 3, 3]","[128, 128, 128]",[512],6905464,bb5u12c1,416.0,trial_0372_learning_rate=5.0e-04_history=20_kernel_sizes=3x3x3_conv_channels=128x128x128_fc_dims=512_seed1,664499f7f7,trial_0372_learning_rate=5.0e-04_history=20_kernel_sizes=3x3x3_conv_channels=128x128x128_fc_dims=512_seed1
/scratch/sb272/patterns5k_results/slurm_hist_cnn_2026-03-05_16-01-45/trial_0373_learning_rate=5.0e-04_history=20_kernel_sizes=3x3x3_conv_channels=256x256x256_fc_dims=512_seed0,cnn,0.16869778919219972,0.1386203687606936,0.01861752404106988,0.013272481305258614,0.13154175877571106,0.14503826211531978,640063,640063,31,0.5455974999407311,20,True,0.45456832695830385,0.3803527014893604,11,0.31855225563049316,0.14493699371814728,1,"[3, 3, 3]","[256, 256, 256]",[512],6905464,bb5u12c1,507.2,trial_0373_learning_rate=5.0e-04_history=20_kernel_sizes=3x3x3_conv_channels=256x256x256_fc_dims=512_seed0,956592c257,trial_0373_learning_rate=5.0e-04_history=20_kernel_sizes=3x3x3_conv_channels=256x256x256_fc_dims=512_seed0
/scratch/sb272/patterns5k_results/slurm_hist_cnn_2026-03-05_16-01-45/trial_0373_learning_rate=5.0e-04_history=20_kernel_sizes=3x3x3_conv_channels=256x256x256_fc_dims=512_seed1,cnn,0.16820729303359985,0.13865984353438685,0.022899418596237425,0.018520470649477035,0.13336361944675446,0.1469961526579493,640063,640063,25,0.5105901854737641,20,True,0.45456832695830385,0.37247094012115933,7,0.31855225563049316,0.14468331634998322,1,"[3, 3, 3]","[256, 256, 256]",[512],6905464,bb5u12c1,433.4,trial_0373_learning_rate=5.0e-04_history=20_kernel_sizes=3x3x3_conv_channels=256x256x256_fc_dims=512_seed1,956592c257,trial_0373_learning_rate=5.0e-04_history=20_kernel_sizes=3x3x3_conv_channels=256x256x256_fc_dims=512_seed1
/scratch/sb272/patterns5k_results/slurm_hist_cnn_2026-03-05_16-01-45/trial_0374_learning_rate=5.0e-04_history=20_kernel_sizes=3x3x3_conv_channels=256x256x256_fc_dims=1024_seed0,cnn,0.16797980451583863,0.14521458804949453,0.019997278849283855,0.014339905882638598,0.13588657975196838,0.14771725727554835,803903,803903,29,0.5508068133393764,20,True,0.45456832695830385,0.3883456894972845,12,0.31855225563049316,0.15056757628917694,1,"[3, 3, 3]","[256, 256, 256]",[1024],6905464,bb5u12c1,546.7,trial_0374_learning_rate=5.0e-04_history=20_kernel_sizes=3x3x3_conv_channels=256x256x256_fc_dims=1024_seed0,daf31778a9,trial_0374_learning_rate=5.0e-04_history=20_kernel_sizes=3x3x3_conv_channels=256x256x256_fc_dims=1024_seed0
/scratch/sb272/patterns5k_results/slurm_hist_cnn_2026-03-05_16-01-45/trial_0374_learning_rate=5.0e-04_history=20_kernel_sizes=3x3x3_conv_channels=256x256x256_fc_dims=1024_seed1,cnn,0.16871207666397095,0.14136307274945561,0.015444048813411168,0.012875802933223664,0.13395704329013824,0.1508485085791955,803903,803903,26,0.5390098445509658,20,True,0.45456832695830385,0.3876920502493027,10,0.31855225563049316,0.14758960902690887,1,"[3, 3, 3]","[256, 256, 256]",[1024],6905464,bb5u12c1,507.0,trial_0374_learning_rate=5.0e-04_history=20_kernel_sizes=3x3x3_conv_channels=256x256x256_fc_dims=1024_seed1,daf31778a9,trial_0374_learning_rate=5.0e-04_history=20_kernel_sizes=3x3x3_conv_channels=256x256x256_fc_dims=1024_seed1
/scratch/sb272/patterns5k_results/slurm_hist_cnn_2026-03-05_16-01-45/trial_0375_learning_rate=5.0e-04_history=1_kernel_sizes=3x3_conv_channels=64x128_fc_dims=128_seed0,cnn,0.15426268482208252,0.23774931416029124,0.06844447245673528,0.0013667174748011998,0.0967646986246109,0.24421143199380618,69951,69951,50,0.7110920808507576,1,True,0.45456832695830385,0.5917415311032354,54,0.31855225563049316,0.2474776655435562,13,"[3, 3]","[64, 128]",[128],6905568,bb5u12c1,341.9,trial_0375_learning_rate=5.0e-04_history=1_kernel_sizes=3x3_conv_channels=64x128_fc_dims=128_seed0,7e9b5d901e,trial_0375_learning_rate=5.0e-04_history=1_kernel_sizes=3x3_conv_channels=64x128_fc_dims=128_seed0
/scratch/sb272/patterns5k_results/slurm_hist_cnn_2026-03-05_16-01-45/trial_0375_learning_rate=5.0e-04_history=1_kernel_sizes=3x3_conv_channels=64x128_fc_dims=128_seed1,cnn,0.15416233205795288,0.23712147084277016,0.06787048067365374,-0.0004532990001496815,0.09306781738996506,0.24562735251360593,69951,69951,50,0.7139758474114541,1,True,0.45456832695830385,0.5896354198423045,53,0.31855225563049316,0.2467084676027298,12,"[3, 3]","[64, 128]",[128],6905568,bb5u12c1,336.4,trial_0375_learning_rate=5.0e-04_history=1_kernel_sizes=3x3_conv_channels=64x128_fc_dims=128_seed1,7e9b5d901e,trial_0375_learning_rate=5.0e-04_history=1_kernel_sizes=3x3_conv_channels=64x128_fc_dims=128_seed1
/scratch/sb272/patterns5k_results/slurm_hist_cnn_2026-03-05_16-01-45/trial_0376_learning_rate=5.0e-04_history=1_kernel_sizes=3x3_conv_channels=64x128_fc_dims=256_seed0,cnn,0.15338718569278717,0.24293523550983362,0.07176425816520812,0.0010245432929387168,0.09865081310272217,0.2507525811594499,94527,94527,50,0.7199022652952102,1,True,0.45456832695830385,0.599844632399028,53,0.31855225563049316,0.2526259422302246,13,"[3, 3]","[64, 128]",[256],6905568,bb5u12c1,352.8,trial_0376_learning_rate=5.0e-04_history=1_kernel_sizes=3x3_conv_channels=64x128_fc_dims=256_seed0,778ce8aa83,trial_0376_learning_rate=5.0e-04_history=1_kernel_sizes=3x3_conv_channels=64x128_fc_dims=256_seed0
/scratch/sb272/patterns5k_results/slurm_hist_cnn_2026-03-05_16-01-45/trial_0376_learning_rate=5.0e-04_history=1_kernel_sizes=3x3_conv_channels=64x128_fc_dims=256_seed1,cnn,0.15317642486095429,0.24220811932707326,0.07169441287479704,-0.0009339290951925611,0.09577839076519012,0.2518138624720108,94527,94527,50,0.7295134009398121,1,True,0.45456832695830385,0.6055344661259163,53,0.31855225563049316,0.2524181604385376,13,"[3, 3]","[64, 128]",[256],6905568,bb5u12c1,318.2,trial_0376_learning_rate=5.0e-04_history=1_kernel_sizes=3x3_conv_channels=64x128_fc_dims=256_seed1,778ce8aa83,trial_0376_learning_rate=5.0e-04_history=1_kernel_sizes=3x3_conv_channels=64x128_fc_dims=256_seed1
/scratch/sb272/patterns5k_results/slurm_hist_cnn_2026-03-05_16-01-45/trial_0377_learning_rate=5.0e-04_history=1_kernel_sizes=3x3_conv_channels=64x128_fc_dims=512_seed0,cnn,0.15316538369655608,0.24423962206747218,0.07085650970065405,0.0001220968034532335,0.09848011285066605,0.25233929289456897,143679,143679,50,0.7287907656931226,1,True,0.45456832695830385,0.6060888795609881,54,0.31855225563049316,0.2542383670806885,13,"[3, 3]","[64, 128]",[512],6905568,bb5u12c1,342.9,trial_0377_learning_rate=5.0e-04_history=1_kernel_sizes=3x3_conv_channels=64x128_fc_dims=512_seed0,76d23007a1,trial_0377_learning_rate=5.0e-04_history=1_kernel_sizes=3x3_conv_channels=64x128_fc_dims=512_seed0
/scratch/sb272/patterns5k_results/slurm_hist_cnn_2026-03-05_16-01-45/trial_0377_learning_rate=5.0e-04_history=1_kernel_sizes=3x3_conv_channels=64x128_fc_dims=512_seed1,cnn,0.1533077667951584,0.24600593784249097,0.07226233539127168,0.0015513263051472014,0.09878145158290863,0.255212958832246,143679,143679,50,0.7332966541315042,1,True,0.45456832695830385,0.6103062329505268,55,0.31855225563049316,0.2563665807247162,13,"[3, 3]","[64, 128]",[512],6905568,bb5u12c1,365.8,trial_0377_learning_rate=5.0e-04_history=1_kernel_sizes=3x3_conv_channels=64x128_fc_dims=512_seed1,76d23007a1,trial_0377_learning_rate=5.0e-04_history=1_kernel_sizes=3x3_conv_channels=64x128_fc_dims=512_seed1
/scratch/sb272/patterns5k_results/slurm_hist_cnn_2026-03-05_16-01-45/trial_0378_learning_rate=5.0e-04_history=1_kernel_sizes=5x3_conv_channels=128x256_fc_dims=256_seed0,cnn,0.15251353371143342,0.2547071919732392,0.07258334046318418,-0.003968893535553463,0.08100287616252899,0.2639643025675788,248639,248639,50,0.7473929239081413,1,True,0.45456832695830385,0.6274753160324982,58,0.31855225563049316,0.26578661799430847,14,"[5, 3]","[128, 256]",[256],6905568,bb5u12c1,419.4,trial_0378_learning_rate=5.0e-04_history=1_kernel_sizes=5x3_conv_channels=128x256_fc_dims=256_seed0,04ed2df391,trial_0378_learning_rate=5.0e-04_history=1_kernel_sizes=5x3_conv_channels=128x256_fc_dims=256_seed0
/scratch/sb272/patterns5k_results/slurm_hist_cnn_2026-03-05_16-01-45/trial_0378_learning_rate=5.0e-04_history=1_kernel_sizes=5x3_conv_channels=128x256_fc_dims=256_seed1,cnn,0.15154927325248718,0.25760704935523016,0.07819453118339417,-0.0037565751681252132,0.08179660141468048,0.26631624861412195,248639,248639,50,0.7500824987668493,1,True,0.45456832695830385,0.62573927851062,56,0.31855225563049316,0.26865577697753906,15,"[5, 3]","[128, 256]",[256],6905568,bb5u12c1,414.0,trial_0378_learning_rate=5.0e-04_history=1_kernel_sizes=5x3_conv_channels=128x256_fc_dims=256_seed1,04ed2df391,trial_0378_learning_rate=5.0e-04_history=1_kernel_sizes=5x3_conv_channels=128x256_fc_dims=256_seed1
/scratch/sb272/patterns5k_results/slurm_hist_cnn_2026-03-05_16-01-45/trial_0379_learning_rate=5.0e-04_history=1_kernel_sizes=5x3_conv_channels=128x256_fc_dims=512_seed0,cnn,0.1517709103822708,0.25786044900278093,0.07494563242745778,-0.005047294828626845,0.08119820803403854,0.26727755438464534,330559,330559,50,0.7642769568518801,1,True,0.45456832695830385,0.6378246586703719,57,0.31855225563049316,0.2693101763725281,14,"[5, 3]","[128, 256]",[512],6905568,bb5u12c1,458.5,trial_0379_learning_rate=5.0e-04_history=1_kernel_sizes=5x3_conv_channels=128x256_fc_dims=512_seed0,0551bf781f,trial_0379_learning_rate=5.0e-04_history=1_kernel_sizes=5x3_conv_channels=128x256_fc_dims=512_seed0
/scratch/sb272/patterns5k_results/slurm_hist_cnn_2026-03-05_16-01-45/trial_0379_learning_rate=5.0e-04_history=1_kernel_sizes=5x3_conv_channels=128x256_fc_dims=512_seed1,cnn,0.15217842090129852,0.25985659574033887,0.07222389134149702,-0.0026203242559281604,0.08520857989788055,0.268629169595893,330559,330559,50,0.7628770908069055,1,True,0.45456832695830385,0.6392183225833391,59,0.31855225563049316,0.2713925838470459,14,"[5, 3]","[128, 256]",[512],6905568,bb5u12c1,473.5,trial_0379_learning_rate=5.0e-04_history=1_kernel_sizes=5x3_conv_channels=128x256_fc_dims=512_seed1,0551bf781f,trial_0379_learning_rate=5.0e-04_history=1_kernel_sizes=5x3_conv_channels=128x256_fc_dims=512_seed1
/scratch/sb272/patterns5k_results/slurm_hist_cnn_2026-03-05_16-01-45/trial_0380_learning_rate=5.0e-04_history=1_kernel_sizes=5x3_conv_channels=128x256_fc_dims=1024_seed0,cnn,0.15254631567001342,0.25877176241039745,0.0677298070892455,-0.005213025070372082,0.08163066953420639,0.2671784240008892,494399,494399,50,0.7700082572372535,1,True,0.45456832695830385,0.6410175291346497,59,0.31855225563049316,0.26998382806777954,14,"[5, 3]","[128, 256]",[1024],6905568,bb5u12c1,581.5,trial_0380_learning_rate=5.0e-04_history=1_kernel_sizes=5x3_conv_channels=128x256_fc_dims=1024_seed0,673d8a0e86,trial_0380_learning_rate=5.0e-04_history=1_kernel_sizes=5x3_conv_channels=128x256_fc_dims=1024_seed0
/scratch/sb272/patterns5k_results/slurm_hist_cnn_2026-03-05_16-01-45/trial_0380_learning_rate=5.0e-04_history=1_kernel_sizes=5x3_conv_channels=128x256_fc_dims=1024_seed1,cnn,0.15282906556129455,0.2590732332884949,0.06811371114518908,-0.004550167492457798,0.08323993533849716,0.26930030147743117,494399,494399,50,0.7564578873040699,1,True,0.45456832695830385,0.6352002762877829,58,0.31855225563049316,0.27078336477279663,15,"[5, 3]","[128, 256]",[1024],6905568,bb5u12c1,579.6,trial_0380_learning_rate=5.0e-04_history=1_kernel_sizes=5x3_conv_channels=128x256_fc_dims=1024_seed1,673d8a0e86,trial_0380_learning_rate=5.0e-04_history=1_kernel_sizes=5x3_conv_channels=128x256_fc_dims=1024_seed1
/scratch/sb272/patterns5k_results/slurm_hist_cnn_2026-03-05_16-01-45/trial_0381_learning_rate=5.0e-04_history=1_kernel_sizes=3x3x3_conv_channels=32x64x128_fc_dims=128_seed0,cnn,0.15325016129016877,0.2276034487844537,0.061712634941888236,-0.013399199833945623,0.051945239305496216,0.2333819770447464,66111,66111,50,0.6559483347583434,1,True,0.45456832695830385,0.5275180324233865,44,0.31855225563049316,0.23547671735286713,12,"[3, 3, 3]","[32, 64, 128]",[128],6905568,bb5u12c1,292.7,trial_0381_learning_rate=5.0e-04_history=1_kernel_sizes=3x3x3_conv_channels=32x64x128_fc_dims=128_seed0,8d1d4bf927,trial_0381_learning_rate=5.0e-04_history=1_kernel_sizes=3x3x3_conv_channels=32x64x128_fc_dims=128_seed0
/scratch/sb272/patterns5k_results/slurm_hist_cnn_2026-03-05_16-01-45/trial_0381_learning_rate=5.0e-04_history=1_kernel_sizes=3x3x3_conv_channels=32x64x128_fc_dims=128_seed1,cnn,0.15314046084880828,0.2279507125700904,0.06192562977472941,-0.014555492098369295,0.05468131974339485,0.23410955494902674,66111,66111,50,0.6576924588838998,1,True,0.45456832695830385,0.5267998561718771,44,0.31855225563049316,0.23547662794589996,13,"[3, 3, 3]","[32, 64, 128]",[128],6905568,bb5u12c1,307.3,trial_0381_learning_rate=5.0e-04_history=1_kernel_sizes=3x3x3_conv_channels=32x64x128_fc_dims=128_seed1,8d1d4bf927,trial_0381_learning_rate=5.0e-04_history=1_kernel_sizes=3x3x3_conv_channels=32x64x128_fc_dims=128_seed1
/scratch/sb272/patterns5k_results/slurm_hist_cnn_2026-03-05_16-01-45/trial_0382_learning_rate=5.0e-04_history=1_kernel_sizes=3x3x3_conv_channels=32x64x128_fc_dims=256_seed0,cnn,0.1527411082983017,0.2348374107991703,0.06599147546859015,-0.01147630668821789,0.0617545060813427,0.23963707055440595,90687,90687,50,0.6727720846948839,1,True,0.45456832695830385,0.5420197643086898,46,0.31855225563049316,0.24328474700450897,14,"[3, 3, 3]","[32, 64, 128]",[256],6905568,bb5u12c1,324.6,trial_0382_learning_rate=5.0e-04_history=1_kernel_sizes=3x3x3_conv_channels=32x64x128_fc_dims=256_seed0,6057041d57,trial_0382_learning_rate=5.0e-04_history=1_kernel_sizes=3x3x3_conv_channels=32x64x128_fc_dims=256_seed0
/scratch/sb272/patterns5k_results/slurm_hist_cnn_2026-03-05_16-01-45/trial_0382_learning_rate=5.0e-04_history=1_kernel_sizes=3x3x3_conv_channels=32x64x128_fc_dims=256_seed1,cnn,0.15266429483890534,0.2330551993850203,0.06560486649710034,-0.01367923759278797,0.05568332225084305,0.23981009652568142,90687,90687,50,0.6715557493494592,1,True,0.45456832695830385,0.5395193501432831,45,0.31855225563049316,0.24103322625160217,13,"[3, 3, 3]","[32, 64, 128]",[256],6905568,bb5u12c1,339.1,trial_0382_learning_rate=5.0e-04_history=1_kernel_sizes=3x3x3_conv_channels=32x64x128_fc_dims=256_seed1,6057041d57,trial_0382_learning_rate=5.0e-04_history=1_kernel_sizes=3x3x3_conv_channels=32x64x128_fc_dims=256_seed1
/scratch/sb272/patterns5k_results/slurm_hist_cnn_2026-03-05_16-01-45/trial_0383_learning_rate=5.0e-04_history=1_kernel_sizes=5x3x3_conv_channels=64x128x256_fc_dims=256_seed0,cnn,0.14974171662330626,0.2580582568069141,0.08131165353078691,-0.01423921755381993,0.06009438633918762,0.2684665813616019,239807,239807,50,0.726947695145196,1,True,0.45456832695830385,0.5897086608007127,50,0.31855225563049316,0.26832374930381775,15,"[5, 3, 3]","[64, 128, 256]",[256],6905568,bb5u12c1,444.7,trial_0383_learning_rate=5.0e-04_history=1_kernel_sizes=5x3x3_conv_channels=64x128x256_fc_dims=256_seed0,5462c9be01,trial_0383_learning_rate=5.0e-04_history=1_kernel_sizes=5x3x3_conv_channels=64x128x256_fc_dims=256_seed0
/scratch/sb272/patterns5k_results/slurm_hist_cnn_2026-03-05_16-01-45/trial_0383_learning_rate=5.0e-04_history=1_kernel_sizes=5x3x3_conv_channels=64x128x256_fc_dims=256_seed1,cnn,0.15003186857700349,0.2564812490470195,0.08020922683534168,-0.012812610656496078,0.06593053042888641,0.2664381263506503,239807,239807,50,0.7196394947576266,1,True,0.45456832695830385,0.5876576904872366,51,0.31855225563049316,0.26703372597694397,15,"[5, 3, 3]","[64, 128, 256]",[256],6905568,bb5u12c1,434.6,trial_0383_learning_rate=5.0e-04_history=1_kernel_sizes=5x3x3_conv_channels=64x128x256_fc_dims=256_seed1,5462c9be01,trial_0383_learning_rate=5.0e-04_history=1_kernel_sizes=5x3x3_conv_channels=64x128x256_fc_dims=256_seed1
/scratch/sb272/patterns5k_results/slurm_hist_cnn_2026-03-05_16-01-45/trial_0384_learning_rate=5.0e-04_history=1_kernel_sizes=5x3x3_conv_channels=64x128x256_fc_dims=512_seed0,cnn,0.15008437883853912,0.2617762610776024,0.08068531183969407,-0.013141054955739823,0.06035811826586723,0.27139009701635675,321727,321727,50,0.7276200978019781,1,True,0.45456832695830385,0.5914245057634481,52,0.31855225563049316,0.27273282408714294,15,"[5, 3, 3]","[64, 128, 256]",[512],6905568,bb5u12c1,485.3,trial_0384_learning_rate=5.0e-04_history=1_kernel_sizes=5x3x3_conv_channels=64x128x256_fc_dims=512_seed0,585dd50527,trial_0384_learning_rate=5.0e-04_history=1_kernel_sizes=5x3x3_conv_channels=64x128x256_fc_dims=512_seed0
/scratch/sb272/patterns5k_results/slurm_hist_cnn_2026-03-05_16-01-45/trial_0384_learning_rate=5.0e-04_history=1_kernel_sizes=5x3x3_conv_channels=64x128x256_fc_dims=512_seed1,cnn,0.14938065814971924,0.25989247657565506,0.08258210477374849,-0.015146074787018791,0.06155147776007652,0.2697756738915711,321727,321727,50,0.7359854009194653,1,True,0.45456832695830385,0.5981630328360411,53,0.31855225563049316,0.27086371183395386,16,"[5, 3, 3]","[64, 128, 256]",[512],6905568,bb5u12c1,486.1,trial_0384_learning_rate=5.0e-04_history=1_kernel_sizes=5x3x3_conv_channels=64x128x256_fc_dims=512_seed1,585dd50527,trial_0384_learning_rate=5.0e-04_history=1_kernel_sizes=5x3x3_conv_channels=64x128x256_fc_dims=512_seed1
/scratch/sb272/patterns5k_results/slurm_hist_cnn_2026-03-05_16-01-45/trial_0385_learning_rate=5.0e-04_history=1_kernel_sizes=5x3x3_conv_channels=64x128x256_fc_dims=1024_seed0,cnn,0.14955877816677093,0.2635029466327946,0.08259107479973445,-0.013179095018477667,0.06284867227077484,0.2726639018363149,485567,485567,50,0.7403572878610938,1,True,0.45456832695830385,0.5979240204707083,52,0.31855225563049316,0.27357587218284607,17,"[5, 3, 3]","[64, 128, 256]",[1024],6905568,bb5u12c1,602.5,trial_0385_learning_rate=5.0e-04_history=1_kernel_sizes=5x3x3_conv_channels=64x128x256_fc_dims=1024_seed0,6084375b9c,trial_0385_learning_rate=5.0e-04_history=1_kernel_sizes=5x3x3_conv_channels=64x128x256_fc_dims=1024_seed0
/scratch/sb272/patterns5k_results/slurm_hist_cnn_2026-03-05_16-01-45/trial_0385_learning_rate=5.0e-04_history=1_kernel_sizes=5x3x3_conv_channels=64x128x256_fc_dims=1024_seed1,cnn,0.1494447170495987,0.26094429809244823,0.08217980748131162,-0.017240406974913584,0.0561547726392746,0.2712425308742417,485567,485567,50,0.7436462538300488,1,True,0.45456832695830385,0.600342185873514,51,0.31855225563049316,0.27187401056289673,16,"[5, 3, 3]","[64, 128, 256]",[1024],6905568,bb5u12c1,598.2,trial_0385_learning_rate=5.0e-04_history=1_kernel_sizes=5x3x3_conv_channels=64x128x256_fc_dims=1024_seed1,6084375b9c,trial_0385_learning_rate=5.0e-04_history=1_kernel_sizes=5x3x3_conv_channels=64x128x256_fc_dims=1024_seed1
/scratch/sb272/patterns5k_results/slurm_hist_cnn_2026-03-05_16-01-45/trial_0386_learning_rate=5.0e-04_history=1_kernel_sizes=3x3x3_conv_channels=128x128x128_fc_dims=256_seed0,cnn,0.1504123890399933,0.2547112287950488,0.07928094693592616,-0.011978738837771945,0.06381870061159134,0.26518743995820476,188991,188991,50,0.7193500621745889,1,True,0.45456832695830385,0.5899338986203447,51,0.31855225563049316,0.2652542293071747,15,"[3, 3, 3]","[128, 128, 128]",[256],6905568,bb5u12c1,394.7,trial_0386_learning_rate=5.0e-04_history=1_kernel_sizes=3x3x3_conv_channels=128x128x128_fc_dims=256_seed0,107e99a928,trial_0386_learning_rate=5.0e-04_history=1_kernel_sizes=3x3x3_conv_channels=128x128x128_fc_dims=256_seed0
/scratch/sb272/patterns5k_results/slurm_hist_cnn_2026-03-05_16-01-45/trial_0386_learning_rate=5.0e-04_history=1_kernel_sizes=3x3x3_conv_channels=128x128x128_fc_dims=256_seed1,cnn,0.15003623509407044,0.2580878419051816,0.0813415249188741,-0.01544018586476644,0.06320463865995407,0.265887329644285,188991,188991,50,0.7336993438388382,1,True,0.45456832695830385,0.5941135503940737,52,0.31855225563049316,0.2675953805446625,15,"[3, 3, 3]","[128, 128, 128]",[256],6905568,bb5u12c1,389.7,trial_0386_learning_rate=5.0e-04_history=1_kernel_sizes=3x3x3_conv_channels=128x128x128_fc_dims=256_seed1,107e99a928,trial_0386_learning_rate=5.0e-04_history=1_kernel_sizes=3x3x3_conv_channels=128x128x128_fc_dims=256_seed1
/scratch/sb272/patterns5k_results/slurm_hist_cnn_2026-03-05_16-01-45/trial_0387_learning_rate=5.0e-04_history=1_kernel_sizes=3x3x3_conv_channels=128x128x128_fc_dims=512_seed0,cnn,0.14963979160785676,0.26088477155489487,0.08245198215757098,-0.015412421453566779,0.06065158545970917,0.26941621550924444,238143,238143,50,0.7457767920167041,1,True,0.45456832695830385,0.6049280886207175,54,0.31855225563049316,0.27109652757644653,15,"[3, 3, 3]","[128, 128, 128]",[512],6905568,bb5u12c1,423.8,trial_0387_learning_rate=5.0e-04_history=1_kernel_sizes=3x3x3_conv_channels=128x128x128_fc_dims=512_seed0,b1e7a9fee0,trial_0387_learning_rate=5.0e-04_history=1_kernel_sizes=3x3x3_conv_channels=128x128x128_fc_dims=512_seed0
/scratch/sb272/patterns5k_results/slurm_hist_cnn_2026-03-05_16-01-45/trial_0387_learning_rate=5.0e-04_history=1_kernel_sizes=3x3x3_conv_channels=128x128x128_fc_dims=512_seed1,cnn,0.14986844992637635,0.26099860031219446,0.080777212740883,-0.011940897457183354,0.06548641622066498,0.2709278567462995,238143,238143,50,0.732530320423418,1,True,0.45456832695830385,0.5981871876297012,53,0.31855225563049316,0.27095210552215576,15,"[3, 3, 3]","[128, 128, 128]",[512],6905568,bb5u12c1,424.0,trial_0387_learning_rate=5.0e-04_history=1_kernel_sizes=3x3x3_conv_channels=128x128x128_fc_dims=512_seed1,b1e7a9fee0,trial_0387_learning_rate=5.0e-04_history=1_kernel_sizes=3x3x3_conv_channels=128x128x128_fc_dims=512_seed1
/scratch/sb272/patterns5k_results/slurm_hist_cnn_2026-03-05_16-01-45/trial_0388_learning_rate=5.0e-04_history=1_kernel_sizes=3x3x3_conv_channels=256x256x256_fc_dims=512_seed0,cnn,0.14972933983802794,0.265906192021579,0.08531245920393202,-0.016263413050818066,0.06654062122106552,0.2784238694888602,640063,640063,50,0.7666896903830289,1,True,0.45456832695830385,0.6354852947693972,58,0.31855225563049316,0.27742642164230347,16,"[3, 3, 3]","[256, 256, 256]",[512],6905568,bb5u12c1,656.8,trial_0388_learning_rate=5.0e-04_history=1_kernel_sizes=3x3x3_conv_channels=256x256x256_fc_dims=512_seed0,d8f4b0552d,trial_0388_learning_rate=5.0e-04_history=1_kernel_sizes=3x3x3_conv_channels=256x256x256_fc_dims=512_seed0
/scratch/sb272/patterns5k_results/slurm_hist_cnn_2026-03-05_16-01-45/trial_0388_learning_rate=5.0e-04_history=1_kernel_sizes=3x3x3_conv_channels=256x256x256_fc_dims=512_seed1,cnn,0.14928986597061158,0.2681666526247004,0.0866226109247359,-0.018784177681756397,0.06111350283026695,0.27870893657294527,640063,640063,50,0.7781013229359001,1,True,0.45456832695830385,0.6395520462976071,59,0.31855225563049316,0.27959972620010376,16,"[3, 3, 3]","[256, 256, 256]",[512],6905568,bb5u12c1,654.1,trial_0388_learning_rate=5.0e-04_history=1_kernel_sizes=3x3x3_conv_channels=256x256x256_fc_dims=512_seed1,d8f4b0552d,trial_0388_learning_rate=5.0e-04_history=1_kernel_sizes=3x3x3_conv_channels=256x256x256_fc_dims=512_seed1
/scratch/sb272/patterns5k_results/slurm_hist_cnn_2026-03-05_16-01-45/trial_0389_learning_rate=5.0e-04_history=1_kernel_sizes=3x3x3_conv_channels=256x256x256_fc_dims=1024_seed0,cnn,0.1493905178308487,0.2691948860524518,0.08557694015048799,-0.018808046030619786,0.06139976531267166,0.2803036388494676,803903,803903,50,0.7841255330537527,1,True,0.45456832695830385,0.6415238115451493,60,0.31855225563049316,0.2809319794178009,16,"[3, 3, 3]","[256, 256, 256]",[1024],6905568,bb5u12c1,772.1,trial_0389_learning_rate=5.0e-04_history=1_kernel_sizes=3x3x3_conv_channels=256x256x256_fc_dims=1024_seed0,97ab62c8cd,trial_0389_learning_rate=5.0e-04_history=1_kernel_sizes=3x3x3_conv_channels=256x256x256_fc_dims=1024_seed0
/scratch/sb272/patterns5k_results/slurm_hist_cnn_2026-03-05_16-01-45/trial_0389_learning_rate=5.0e-04_history=1_kernel_sizes=3x3x3_conv_channels=256x256x256_fc_dims=1024_seed1,cnn,0.14962296533584596,0.26863926736044264,0.0824963819412958,-0.01882980740259564,0.0600459948182106,0.2795241444313661,803903,803903,50,0.781341466064878,1,True,0.45456832695830385,0.6414015355517879,57,0.31855225563049316,0.28050220012664795,16,"[3, 3, 3]","[256, 256, 256]",[1024],6905568,bb5u12c1,769.3,trial_0389_learning_rate=5.0e-04_history=1_kernel_sizes=3x3x3_conv_channels=256x256x256_fc_dims=1024_seed1,97ab62c8cd,trial_0389_learning_rate=5.0e-04_history=1_kernel_sizes=3x3x3_conv_channels=256x256x256_fc_dims=1024_seed1
/scratch/sb272/patterns5k_results/slurm_hist_cnn_2026-03-05_16-01-45/trial_0390_learning_rate=5.0e-04_history=2_kernel_sizes=3x3_conv_channels=64x128_fc_dims=128_seed0,cnn,0.1550248602628708,0.2332874031614931,0.06770070393880208,0.0042442528028336785,0.1027727723121643,0.24159692262849922,69951,69951,50,0.6930074915100585,2,True,0.45456832695830385,0.5781374172210819,52,0.31855225563049316,0.24246561527252197,8,"[3, 3]","[64, 128]",[128],6905568,bb5u12c1,297.2,trial_0390_learning_rate=5.0e-04_history=2_kernel_sizes=3x3_conv_channels=64x128_fc_dims=128_seed0,5321b09a41,trial_0390_learning_rate=5.0e-04_history=2_kernel_sizes=3x3_conv_channels=64x128_fc_dims=128_seed0
/scratch/sb272/patterns5k_results/slurm_hist_cnn_2026-03-05_16-01-45/trial_0390_learning_rate=5.0e-04_history=2_kernel_sizes=3x3_conv_channels=64x128_fc_dims=128_seed1,cnn,0.1549347791671753,0.2357741486560356,0.06879745305530609,0.0048847586389571904,0.10233511030673981,0.2452884532732853,69951,69951,50,0.7048015415933245,2,True,0.45456832695830385,0.5811931529766,52,0.31855225563049316,0.24531832337379456,9,"[3, 3]","[64, 128]",[128],6905568,bb5u12c1,315.8,trial_0390_learning_rate=5.0e-04_history=2_kernel_sizes=3x3_conv_channels=64x128_fc_dims=128_seed1,5321b09a41,trial_0390_learning_rate=5.0e-04_history=2_kernel_sizes=3x3_conv_channels=64x128_fc_dims=128_seed1
/scratch/sb272/patterns5k_results/slurm_hist_cnn_2026-03-05_16-01-45/trial_0391_learning_rate=5.0e-04_history=2_kernel_sizes=3x3_conv_channels=64x128_fc_dims=256_seed0,cnn,0.15421448826789855,0.23987043003064748,0.07167844072220818,0.0031022921441093325,0.1002826988697052,0.24960415333351624,94527,94527,50,0.7323955264732422,2,True,0.45456832695830385,0.5987449209834456,54,0.31855225563049316,0.2501061260700226,9,"[3, 3]","[64, 128]",[256],6905568,bb5u12c1,343.7,trial_0391_learning_rate=5.0e-04_history=2_kernel_sizes=3x3_conv_channels=64x128_fc_dims=256_seed0,4b6bca2da0,trial_0391_learning_rate=5.0e-04_history=2_kernel_sizes=3x3_conv_channels=64x128_fc_dims=256_seed0
/scratch/sb272/patterns5k_results/slurm_hist_cnn_2026-03-05_16-01-45/trial_0391_learning_rate=5.0e-04_history=2_kernel_sizes=3x3_conv_channels=64x128_fc_dims=256_seed1,cnn,0.15495446944236754,0.23905867307074335,0.07008030017217,0.006494762405516609,0.103411003947258,0.24984167075057678,94527,94527,50,0.7212596138136399,2,True,0.45456832695830385,0.5935152936017434,53,0.31855225563049316,0.24890561401844025,9,"[3, 3]","[64, 128]",[256],6905568,bb5u12c1,342.6,trial_0391_learning_rate=5.0e-04_history=2_kernel_sizes=3x3_conv_channels=64x128_fc_dims=256_seed1,4b6bca2da0,trial_0391_learning_rate=5.0e-04_history=2_kernel_sizes=3x3_conv_channels=64x128_fc_dims=256_seed1
/scratch/sb272/patterns5k_results/slurm_hist_cnn_2026-03-05_16-01-45/trial_0392_learning_rate=5.0e-04_history=2_kernel_sizes=3x3_conv_channels=64x128_fc_dims=512_seed0,cnn,0.154163996219635,0.24317939456690432,0.07322048951709081,0.0060919371862260124,0.10833710432052612,0.25391593563021486,143679,143679,50,0.7329941764955475,2,True,0.45456832695830385,0.6044424534692963,57,0.31855225563049316,0.2535930871963501,10,"[3, 3]","[64, 128]",[512],6905568,bb5u12c1,380.6,trial_0392_learning_rate=5.0e-04_history=2_kernel_sizes=3x3_conv_channels=64x128_fc_dims=512_seed0,ff6deff543,trial_0392_learning_rate=5.0e-04_history=2_kernel_sizes=3x3_conv_channels=64x128_fc_dims=512_seed0
/scratch/sb272/patterns5k_results/slurm_hist_cnn_2026-03-05_16-01-45/trial_0392_learning_rate=5.0e-04_history=2_kernel_sizes=3x3_conv_channels=64x128_fc_dims=512_seed1,cnn,0.15462353146076202,0.244847951403009,0.0726453151021685,0.008250683073013548,0.10778539627790451,0.2553374898118675,143679,143679,50,0.7257005309073032,2,True,0.45456832695830385,0.6006188958014623,53,0.31855225563049316,0.2554120421409607,11,"[3, 3]","[64, 128]",[512],6905568,bb5u12c1,382.3,trial_0392_learning_rate=5.0e-04_history=2_kernel_sizes=3x3_conv_channels=64x128_fc_dims=512_seed1,ff6deff543,trial_0392_learning_rate=5.0e-04_history=2_kernel_sizes=3x3_conv_channels=64x128_fc_dims=512_seed1
/scratch/sb272/patterns5k_results/slurm_hist_cnn_2026-03-05_16-01-45/trial_0393_learning_rate=5.0e-04_history=2_kernel_sizes=5x3_conv_channels=128x256_fc_dims=256_seed0,cnn,0.15437282466888427,0.24621573126979707,0.07051873017871191,0.004259876788608612,0.09523890167474747,0.25677566424833864,248639,248639,50,0.7406907263675148,2,True,0.45456832695830385,0.6173925680782605,56,0.31855225563049316,0.25788232684135437,11,"[5, 3]","[128, 256]",[256],6905568,bb5u12c1,445.5,trial_0393_learning_rate=5.0e-04_history=2_kernel_sizes=5x3_conv_channels=128x256_fc_dims=256_seed0,fec4a17120,trial_0393_learning_rate=5.0e-04_history=2_kernel_sizes=5x3_conv_channels=128x256_fc_dims=256_seed0
/scratch/sb272/patterns5k_results/slurm_hist_cnn_2026-03-05_16-01-45/trial_0393_learning_rate=5.0e-04_history=2_kernel_sizes=5x3_conv_channels=128x256_fc_dims=256_seed1,cnn,0.15448384380340577,0.24791727866405214,0.06930362799810985,0.0035168566401042635,0.09467090666294098,0.2579795633205139,248639,248639,50,0.7506581673756471,2,True,0.45456832695830385,0.6214951091263031,58,0.31855225563049316,0.25962841510772705,11,"[5, 3]","[128, 256]",[256],6905568,bb5u12c1,455.0,trial_0393_learning_rate=5.0e-04_history=2_kernel_sizes=5x3_conv_channels=128x256_fc_dims=256_seed1,fec4a17120,trial_0393_learning_rate=5.0e-04_history=2_kernel_sizes=5x3_conv_channels=128x256_fc_dims=256_seed1
/scratch/sb272/patterns5k_results/slurm_hist_cnn_2026-03-05_16-01-45/trial_0394_learning_rate=5.0e-04_history=2_kernel_sizes=5x3_conv_channels=128x256_fc_dims=512_seed0,cnn,0.15447388458251954,0.24936355624348885,0.06689430891521393,0.0038377907541063097,0.09784125536680222,0.25971446019940825,330559,330559,50,0.7567802838393943,2,True,0.45456832695830385,0.6239644462849818,58,0.31855225563049316,0.26078808307647705,12,"[5, 3]","[128, 256]",[512],6905568,bb5u12c1,515.1,trial_0394_learning_rate=5.0e-04_history=2_kernel_sizes=5x3_conv_channels=128x256_fc_dims=512_seed0,83a043edc1,trial_0394_learning_rate=5.0e-04_history=2_kernel_sizes=5x3_conv_channels=128x256_fc_dims=512_seed0
/scratch/sb272/patterns5k_results/slurm_hist_cnn_2026-03-05_16-01-45/trial_0394_learning_rate=5.0e-04_history=2_kernel_sizes=5x3_conv_channels=128x256_fc_dims=512_seed1,cnn,0.15411129665374756,0.25078484088303155,0.06792956874484107,0.0036802064804803756,0.09687244147062302,0.26105633554465174,330559,330559,50,0.7536674004216455,2,True,0.45456832695830385,0.6274127688402129,58,0.31855225563049316,0.26212894916534424,11,"[5, 3]","[128, 256]",[512],6905568,bb5u12c1,517.7,trial_0394_learning_rate=5.0e-04_history=2_kernel_sizes=5x3_conv_channels=128x256_fc_dims=512_seed1,83a043edc1,trial_0394_learning_rate=5.0e-04_history=2_kernel_sizes=5x3_conv_channels=128x256_fc_dims=512_seed1
/scratch/sb272/patterns5k_results/slurm_hist_cnn_2026-03-05_16-01-45/trial_0395_learning_rate=5.0e-04_history=2_kernel_sizes=5x3_conv_channels=128x256_fc_dims=1024_seed0,cnn,0.1542087688446045,0.2527457013097405,0.06809545698620025,0.0031357246731954906,0.0945642814040184,0.2620929172915181,494399,494399,50,0.7571971521944367,2,True,0.45456832695830385,0.6281286975658059,57,0.31855225563049316,0.26443350315093994,11,"[5, 3]","[128, 256]",[1024],6905568,bb5u12c1,624.7,trial_0395_learning_rate=5.0e-04_history=2_kernel_sizes=5x3_conv_channels=128x256_fc_dims=1024_seed0,26feb437cf,trial_0395_learning_rate=5.0e-04_history=2_kernel_sizes=5x3_conv_channels=128x256_fc_dims=1024_seed0
/scratch/sb272/patterns5k_results/slurm_hist_cnn_2026-03-05_16-01-45/trial_0395_learning_rate=5.0e-04_history=2_kernel_sizes=5x3_conv_channels=128x256_fc_dims=1024_seed1,cnn,0.15471506023406983,0.2488962281388873,0.06458375945923821,0.004067477725801014,0.09605441987514496,0.26126578836245784,494399,494399,50,0.7600122034290551,2,True,0.45456832695830385,0.6259421028189256,58,0.31855225563049316,0.2602840065956116,11,"[5, 3]","[128, 256]",[1024],6905568,bb5u12c1,635.6,trial_0395_learning_rate=5.0e-04_history=2_kernel_sizes=5x3_conv_channels=128x256_fc_dims=1024_seed1,26feb437cf,trial_0395_learning_rate=5.0e-04_history=2_kernel_sizes=5x3_conv_channels=128x256_fc_dims=1024_seed1
/scratch/sb272/patterns5k_results/slurm_hist_cnn_2026-03-05_16-01-45/trial_0396_learning_rate=5.0e-04_history=2_kernel_sizes=3x3x3_conv_channels=32x64x128_fc_dims=128_seed0,cnn,0.15452872490882874,0.22416330149423092,0.06109078914400131,-0.0073916685013543995,0.07597016543149948,0.23044745709762784,66111,66111,50,0.6496772157606409,2,True,0.45456832695830385,0.5204750515080312,44,0.31855225563049316,0.23176872730255127,7,"[3, 3, 3]","[32, 64, 128]",[128],6905568,bb5u12c1,339.8,trial_0396_learning_rate=5.0e-04_history=2_kernel_sizes=3x3x3_conv_channels=32x64x128_fc_dims=128_seed0,1484a2b5a3,trial_0396_learning_rate=5.0e-04_history=2_kernel_sizes=3x3x3_conv_channels=32x64x128_fc_dims=128_seed0
/scratch/sb272/patterns5k_results/slurm_hist_cnn_2026-03-05_16-01-45/trial_0396_learning_rate=5.0e-04_history=2_kernel_sizes=3x3x3_conv_channels=32x64x128_fc_dims=128_seed1,cnn,0.15452994084358215,0.22236164124217683,0.060611340734693736,-0.01041508572442191,0.0638168528676033,0.22913796359055197,66111,66111,50,0.6663844762872988,2,True,0.45456832695830385,0.532501370298804,45,0.31855225563049316,0.23045067489147186,7,"[3, 3, 3]","[32, 64, 128]",[128],6905568,bb5u12c1,335.9,trial_0396_learning_rate=5.0e-04_history=2_kernel_sizes=3x3x3_conv_channels=32x64x128_fc_dims=128_seed1,1484a2b5a3,trial_0396_learning_rate=5.0e-04_history=2_kernel_sizes=3x3x3_conv_channels=32x64x128_fc_dims=128_seed1
/scratch/sb272/patterns5k_results/slurm_hist_cnn_2026-03-05_16-01-45/trial_0397_learning_rate=5.0e-04_history=2_kernel_sizes=3x3x3_conv_channels=32x64x128_fc_dims=256_seed0,cnn,0.15414276647567748,0.22994608028397637,0.06440902986223736,-0.006631256095946781,0.06849893927574158,0.2361183055180215,90687,90687,50,0.6582900637716752,2,True,0.45456832695830385,0.5282579677363178,47,0.31855225563049316,0.23795732855796814,8,"[3, 3, 3]","[32, 64, 128]",[256],6905568,bb5u12c1,354.8,trial_0397_learning_rate=5.0e-04_history=2_kernel_sizes=3x3x3_conv_channels=32x64x128_fc_dims=256_seed0,0f9b3ef423,trial_0397_learning_rate=5.0e-04_history=2_kernel_sizes=3x3x3_conv_channels=32x64x128_fc_dims=256_seed0
/scratch/sb272/patterns5k_results/slurm_hist_cnn_2026-03-05_16-01-45/trial_0397_learning_rate=5.0e-04_history=2_kernel_sizes=3x3x3_conv_channels=32x64x128_fc_dims=256_seed1,cnn,0.1543669413328171,0.22742194184162637,0.06295181361455766,-0.0058174095456562346,0.0692601352930069,0.23538842483537203,90687,90687,50,0.670804922096848,2,True,0.45456832695830385,0.532298046474825,45,0.31855225563049316,0.23564161360263824,8,"[3, 3, 3]","[32, 64, 128]",[256],6905568,bb5u12c1,349.9,trial_0397_learning_rate=5.0e-04_history=2_kernel_sizes=3x3x3_conv_channels=32x64x128_fc_dims=256_seed1,0f9b3ef423,trial_0397_learning_rate=5.0e-04_history=2_kernel_sizes=3x3x3_conv_channels=32x64x128_fc_dims=256_seed1
/scratch/sb272/patterns5k_results/slurm_hist_cnn_2026-03-05_16-01-45/trial_0398_learning_rate=5.0e-04_history=2_kernel_sizes=5x3x3_conv_channels=64x128x256_fc_dims=256_seed0,cnn,0.15168811857700348,0.24832669490573078,0.0761147311755589,-0.011563919839404878,0.06703666597604752,0.2580980641923201,239807,239807,50,0.7121972482740051,2,True,0.45456832695830385,0.5804059819679214,50,0.31855225563049316,0.25919970870018005,12,"[5, 3, 3]","[64, 128, 256]",[256],6905568,bb5u12c1,459.5,trial_0398_learning_rate=5.0e-04_history=2_kernel_sizes=5x3x3_conv_channels=64x128x256_fc_dims=256_seed0,5b20b236c6,trial_0398_learning_rate=5.0e-04_history=2_kernel_sizes=5x3x3_conv_channels=64x128x256_fc_dims=256_seed0
/scratch/sb272/patterns5k_results/slurm_hist_cnn_2026-03-05_16-01-45/trial_0398_learning_rate=5.0e-04_history=2_kernel_sizes=5x3x3_conv_channels=64x128x256_fc_dims=256_seed1,cnn,0.15189448535442351,0.24693002649420617,0.07555884028237964,-0.011734619973197816,0.06715159118175507,0.2584267699500973,239807,239807,50,0.7134834877749652,2,True,0.45456832695830385,0.5811538305354812,50,0.31855225563049316,0.25755825638771057,11,"[5, 3, 3]","[64, 128, 256]",[256],6905568,bb5u12c1,453.9,trial_0398_learning_rate=5.0e-04_history=2_kernel_sizes=5x3x3_conv_channels=64x128x256_fc_dims=256_seed1,5b20b236c6,trial_0398_learning_rate=5.0e-04_history=2_kernel_sizes=5x3x3_conv_channels=64x128x256_fc_dims=256_seed1
/scratch/sb272/patterns5k_results/slurm_hist_cnn_2026-03-05_16-01-45/trial_0399_learning_rate=5.0e-04_history=2_kernel_sizes=5x3x3_conv_channels=64x128x256_fc_dims=512_seed0,cnn,0.15172959756851195,0.2508871574566935,0.07760499583350287,-0.008353773563627213,0.07556088268756866,0.26223477119095057,321727,321727,50,0.7300651498526393,2,True,0.45456832695830385,0.5859823159341371,51,0.31855225563049316,0.262109637260437,11,"[5, 3, 3]","[64, 128, 256]",[512],6905568,bb5u12c1,516.4,trial_0399_learning_rate=5.0e-04_history=2_kernel_sizes=5x3x3_conv_channels=64x128x256_fc_dims=512_seed0,77ad3f6552,trial_0399_learning_rate=5.0e-04_history=2_kernel_sizes=5x3x3_conv_channels=64x128x256_fc_dims=512_seed0
/scratch/sb272/patterns5k_results/slurm_hist_cnn_2026-03-05_16-01-45/trial_0399_learning_rate=5.0e-04_history=2_kernel_sizes=5x3x3_conv_channels=64x128x256_fc_dims=512_seed1,cnn,0.1511461455821991,0.2527939006753417,0.07936898488847036,-0.009032051714639815,0.0747516080737114,0.26309311764181476,321727,321727,50,0.7285734233299509,2,True,0.45456832695830385,0.5865823658767014,51,0.31855225563049316,0.26337119936943054,14,"[5, 3, 3]","[64, 128, 256]",[512],6905568,bb5u12c1,512.5,trial_0399_learning_rate=5.0e-04_history=2_kernel_sizes=5x3x3_conv_channels=64x128x256_fc_dims=512_seed1,77ad3f6552,trial_0399_learning_rate=5.0e-04_history=2_kernel_sizes=5x3x3_conv_channels=64x128x256_fc_dims=512_seed1
/scratch/sb272/patterns5k_results/slurm_hist_cnn_2026-03-05_16-01-45/trial_0400_learning_rate=5.0e-04_history=2_kernel_sizes=5x3x3_conv_channels=64x128x256_fc_dims=1024_seed0,cnn,0.15125349605083466,0.2531411957571807,0.07840984965127612,-0.00930918019915384,0.0704372301697731,0.2645101095090684,485567,485567,50,0.7251722476049195,2,True,0.45456832695830385,0.5866535334415529,52,0.31855225563049316,0.2638057768344879,13,"[5, 3, 3]","[64, 128, 256]",[1024],6905923,bc12u29n2,1126.8,trial_0400_learning_rate=5.0e-04_history=2_kernel_sizes=5x3x3_conv_channels=64x128x256_fc_dims=1024_seed0,641387314c,trial_0400_learning_rate=5.0e-04_history=2_kernel_sizes=5x3x3_conv_channels=64x128x256_fc_dims=1024_seed0
/scratch/sb272/patterns5k_results/slurm_hist_cnn_2026-03-05_16-01-45/trial_0400_learning_rate=5.0e-04_history=2_kernel_sizes=5x3x3_conv_channels=64x128x256_fc_dims=1024_seed1,cnn,0.15129797065258027,0.25260030977312087,0.078917662302653,-0.010434965292612711,0.06900696456432343,0.26466807446989044,485567,485567,50,0.7281239717807225,2,True,0.45456832695830385,0.5881785202007063,52,0.31855225563049316,0.26376742124557495,13,"[5, 3, 3]","[64, 128, 256]",[1024],6905923,bc12u29n2,1167.0,trial_0400_learning_rate=5.0e-04_history=2_kernel_sizes=5x3x3_conv_channels=64x128x256_fc_dims=1024_seed1,641387314c,trial_0400_learning_rate=5.0e-04_history=2_kernel_sizes=5x3x3_conv_channels=64x128x256_fc_dims=1024_seed1
/scratch/sb272/patterns5k_results/slurm_hist_cnn_2026-03-05_16-01-45/trial_0401_learning_rate=5.0e-04_history=2_kernel_sizes=3x3x3_conv_channels=128x128x128_fc_dims=256_seed0,cnn,0.15176421761512757,0.25065698852526963,0.07784282688110594,-0.008282563989124601,0.07386604696512222,0.25993047257835517,188991,188991,50,0.723739282407189,2,True,0.45456832695830385,0.5848128568282981,52,0.31855225563049316,0.26024049520492554,12,"[3, 3, 3]","[128, 128, 128]",[256],6905923,bc12u29n2,789.5,trial_0401_learning_rate=5.0e-04_history=2_kernel_sizes=3x3x3_conv_channels=128x128x128_fc_dims=256_seed0,f04bdb6a63,trial_0401_learning_rate=5.0e-04_history=2_kernel_sizes=3x3x3_conv_channels=128x128x128_fc_dims=256_seed0
/scratch/sb272/patterns5k_results/slurm_hist_cnn_2026-03-05_16-01-45/trial_0401_learning_rate=5.0e-04_history=2_kernel_sizes=3x3x3_conv_channels=128x128x128_fc_dims=256_seed1,cnn,0.1520119205713272,0.2502347591692791,0.07754898733562893,-0.007687556365179637,0.07108107209205627,0.25958977662736304,188991,188991,50,0.7221633241827278,2,True,0.45456832695830385,0.5860978789577548,52,0.31855225563049316,0.2601349353790283,11,"[3, 3, 3]","[128, 128, 128]",[256],6905923,bc12u29n2,789.4,trial_0401_learning_rate=5.0e-04_history=2_kernel_sizes=3x3x3_conv_channels=128x128x128_fc_dims=256_seed1,f04bdb6a63,trial_0401_learning_rate=5.0e-04_history=2_kernel_sizes=3x3x3_conv_channels=128x128x128_fc_dims=256_seed1
/scratch/sb272/patterns5k_results/slurm_hist_cnn_2026-03-05_16-01-45/trial_0402_learning_rate=5.0e-04_history=2_kernel_sizes=3x3x3_conv_channels=128x128x128_fc_dims=512_seed0,cnn,0.1515356867313385,0.25289751032764646,0.07869625659216017,-0.006239092539227198,0.07730495184659958,0.2634436840336306,238143,238143,50,0.7252714136664989,2,True,0.45456832695830385,0.5921997811927195,51,0.31855225563049316,0.2633408308029175,11,"[3, 3, 3]","[128, 128, 128]",[512],6905923,bc12u29n2,877.5,trial_0402_learning_rate=5.0e-04_history=2_kernel_sizes=3x3x3_conv_channels=128x128x128_fc_dims=512_seed0,4d6792c871,trial_0402_learning_rate=5.0e-04_history=2_kernel_sizes=3x3x3_conv_channels=128x128x128_fc_dims=512_seed0
/scratch/sb272/patterns5k_results/slurm_hist_cnn_2026-03-05_16-01-45/trial_0402_learning_rate=5.0e-04_history=2_kernel_sizes=3x3x3_conv_channels=128x128x128_fc_dims=512_seed1,cnn,0.15193966829776764,0.25362022116566135,0.07679797827251374,-0.004307008924938384,0.0745014101266861,0.2640969273622683,238143,238143,50,0.7308193832649714,2,True,0.45456832695830385,0.5924970845435056,53,0.31855225563049316,0.2639651894569397,12,"[3, 3, 3]","[128, 128, 128]",[512],6905923,bc12u29n2,869.8,trial_0402_learning_rate=5.0e-04_history=2_kernel_sizes=3x3x3_conv_channels=128x128x128_fc_dims=512_seed1,4d6792c871,trial_0402_learning_rate=5.0e-04_history=2_kernel_sizes=3x3x3_conv_channels=128x128x128_fc_dims=512_seed1
/scratch/sb272/patterns5k_results/slurm_hist_cnn_2026-03-05_16-01-45/trial_0403_learning_rate=5.0e-04_history=2_kernel_sizes=3x3x3_conv_channels=256x256x256_fc_dims=512_seed0,cnn,0.15178573143482207,0.2590876485894633,0.08273882903749981,-0.011345062937055315,0.07340933382511139,0.271213600256926,640063,640063,50,0.7686364602630181,2,True,0.45456832695830385,0.6265671170987391,58,0.31855225563049316,0.27095967531204224,12,"[3, 3, 3]","[256, 256, 256]",[512],6905923,bc12u29n2,1328.2,trial_0403_learning_rate=5.0e-04_history=2_kernel_sizes=3x3x3_conv_channels=256x256x256_fc_dims=512_seed0,28b0915f11,trial_0403_learning_rate=5.0e-04_history=2_kernel_sizes=3x3x3_conv_channels=256x256x256_fc_dims=512_seed0
/scratch/sb272/patterns5k_results/slurm_hist_cnn_2026-03-05_16-01-45/trial_0403_learning_rate=5.0e-04_history=2_kernel_sizes=3x3x3_conv_channels=256x256x256_fc_dims=512_seed1,cnn,0.15187606978416443,0.2584858635182953,0.08163143339611235,-0.0105191223205082,0.07419990003108978,0.2687609252955921,640063,640063,50,0.7704455014570272,2,True,0.45456832695830385,0.624371674150558,58,0.31855225563049316,0.2695568799972534,12,"[3, 3, 3]","[256, 256, 256]",[512],6905923,bc12u29n2,1338.0,trial_0403_learning_rate=5.0e-04_history=2_kernel_sizes=3x3x3_conv_channels=256x256x256_fc_dims=512_seed1,28b0915f11,trial_0403_learning_rate=5.0e-04_history=2_kernel_sizes=3x3x3_conv_channels=256x256x256_fc_dims=512_seed1
/scratch/sb272/patterns5k_results/slurm_hist_cnn_2026-03-05_16-01-45/trial_0404_learning_rate=5.0e-04_history=2_kernel_sizes=3x3x3_conv_channels=256x256x256_fc_dims=1024_seed0,cnn,0.1514894187450409,0.2599003351934182,0.07915422556892274,-0.00850799632450891,0.07981383055448532,0.2715121584011886,803903,803903,50,0.7695495976017953,2,True,0.45456832695830385,0.6266102197304296,60,0.31855225563049316,0.2712503969669342,12,"[3, 3, 3]","[256, 256, 256]",[1024],6905923,bc12u29n2,1586.7,trial_0404_learning_rate=5.0e-04_history=2_kernel_sizes=3x3x3_conv_channels=256x256x256_fc_dims=1024_seed0,b44373ba5d,trial_0404_learning_rate=5.0e-04_history=2_kernel_sizes=3x3x3_conv_channels=256x256x256_fc_dims=1024_seed0
/scratch/sb272/patterns5k_results/slurm_hist_cnn_2026-03-05_16-01-45/trial_0404_learning_rate=5.0e-04_history=2_kernel_sizes=3x3x3_conv_channels=256x256x256_fc_dims=1024_seed1,cnn,0.15173083877563476,0.25954627328349666,0.07605090595427014,-0.0076266877234928195,0.07374486327171326,0.27211918528059215,803903,803903,50,0.7613895353631818,2,True,0.45456832695830385,0.623154444740989,58,0.31855225563049316,0.27064770460128784,11,"[3, 3, 3]","[256, 256, 256]",[1024],6905923,bc12u29n2,1590.2,trial_0404_learning_rate=5.0e-04_history=2_kernel_sizes=3x3x3_conv_channels=256x256x256_fc_dims=1024_seed1,b44373ba5d,trial_0404_learning_rate=5.0e-04_history=2_kernel_sizes=3x3x3_conv_channels=256x256x256_fc_dims=1024_seed1
/scratch/sb272/patterns5k_results/slurm_hist_cnn_2026-03-05_16-01-45/trial_0405_learning_rate=5.0e-04_history=5_kernel_sizes=3x3_conv_channels=64x128_fc_dims=128_seed0,cnn,0.1679847353696823,0.13727057991770297,0.02002849465324765,0.016821436465732635,0.12575171887874603,0.14095811451583024,69951,69951,50,0.5144935610212852,5,True,0.45456832695830385,0.3657296258776725,13,0.31855225563049316,0.14234857261180878,2,"[3, 3]","[64, 128]",[128],6905923,bc12u29n2,641.1,trial_0405_learning_rate=5.0e-04_history=5_kernel_sizes=3x3_conv_channels=64x128_fc_dims=128_seed0,75591e6e7f,trial_0405_learning_rate=5.0e-04_history=5_kernel_sizes=3x3_conv_channels=64x128_fc_dims=128_seed0
/scratch/sb272/patterns5k_results/slurm_hist_cnn_2026-03-05_16-01-45/trial_0405_learning_rate=5.0e-04_history=5_kernel_sizes=3x3_conv_channels=64x128_fc_dims=128_seed1,cnn,0.1674033035039902,0.1388707452562091,0.021824748743148076,0.018078514507838657,0.12507155537605286,0.14395211033776986,69951,69951,50,0.5085059600883459,5,True,0.45456832695830385,0.36488196851189425,13,0.31855225563049316,0.14475798606872559,2,"[3, 3]","[64, 128]",[128],6905923,bc12u29n2,641.2,trial_0405_learning_rate=5.0e-04_history=5_kernel_sizes=3x3_conv_channels=64x128_fc_dims=128_seed1,75591e6e7f,trial_0405_learning_rate=5.0e-04_history=5_kernel_sizes=3x3_conv_channels=64x128_fc_dims=128_seed1
/scratch/sb272/patterns5k_results/slurm_hist_cnn_2026-03-05_16-01-45/trial_0406_learning_rate=5.0e-04_history=5_kernel_sizes=3x3_conv_channels=64x128_fc_dims=256_seed0,cnn,0.1676669373512268,0.1416574702839557,0.0204601732511369,0.017657448375035845,0.13088615238666534,0.1462523280967143,94527,94527,50,0.5291108649770231,5,True,0.45456832695830385,0.3756604976719267,12,0.31855225563049316,0.1469683200120926,2,"[3, 3]","[64, 128]",[256],6905923,bc12u29n2,682.5,trial_0406_learning_rate=5.0e-04_history=5_kernel_sizes=3x3_conv_channels=64x128_fc_dims=256_seed0,2fa906d9c7,trial_0406_learning_rate=5.0e-04_history=5_kernel_sizes=3x3_conv_channels=64x128_fc_dims=256_seed0
/scratch/sb272/patterns5k_results/slurm_hist_cnn_2026-03-05_16-01-45/trial_0406_learning_rate=5.0e-04_history=5_kernel_sizes=3x3_conv_channels=64x128_fc_dims=256_seed1,cnn,0.1682221359014511,0.13854293123775818,0.018650693552834646,0.016434369579194082,0.12810003757476807,0.1454725646253426,94527,94527,50,0.5228443144912961,5,True,0.45456832695830385,0.37195668766135875,13,0.31855225563049316,0.14413781464099884,2,"[3, 3]","[64, 128]",[256],6905923,bc12u29n2,666.3,trial_0406_learning_rate=5.0e-04_history=5_kernel_sizes=3x3_conv_channels=64x128_fc_dims=256_seed1,2fa906d9c7,trial_0406_learning_rate=5.0e-04_history=5_kernel_sizes=3x3_conv_channels=64x128_fc_dims=256_seed1
/scratch/sb272/patterns5k_results/slurm_hist_cnn_2026-03-05_16-01-45/trial_0407_learning_rate=5.0e-04_history=5_kernel_sizes=3x3_conv_channels=64x128_fc_dims=512_seed0,cnn,0.16803448820114136,0.144068872580475,0.01949686568880838,0.01592223984854562,0.13147960603237152,0.14992001046826897,143679,143679,50,0.5513413123216533,5,True,0.45456832695830385,0.38494008938143154,14,0.31855225563049316,0.14985574781894684,2,"[3, 3]","[64, 128]",[512],6905923,bc12u29n2,744.3,trial_0407_learning_rate=5.0e-04_history=5_kernel_sizes=3x3_conv_channels=64x128_fc_dims=512_seed0,abcffc7004,trial_0407_learning_rate=5.0e-04_history=5_kernel_sizes=3x3_conv_channels=64x128_fc_dims=512_seed0
/scratch/sb272/patterns5k_results/slurm_hist_cnn_2026-03-05_16-01-45/trial_0407_learning_rate=5.0e-04_history=5_kernel_sizes=3x3_conv_channels=64x128_fc_dims=512_seed1,cnn,0.16789884567260743,0.14193440044858932,0.019486257954249308,0.017350715304177904,0.1312972605228424,0.1509664692922697,143679,143679,50,0.5458545015977401,5,True,0.45456832695830385,0.3874066263447301,13,0.31855225563049316,0.14797814190387726,2,"[3, 3]","[64, 128]",[512],6905923,bc12u29n2,706.8,trial_0407_learning_rate=5.0e-04_history=5_kernel_sizes=3x3_conv_channels=64x128_fc_dims=512_seed1,abcffc7004,trial_0407_learning_rate=5.0e-04_history=5_kernel_sizes=3x3_conv_channels=64x128_fc_dims=512_seed1
/scratch/sb272/patterns5k_results/slurm_hist_cnn_2026-03-05_16-01-45/trial_0408_learning_rate=5.0e-04_history=5_kernel_sizes=5x3_conv_channels=128x256_fc_dims=256_seed0,cnn,0.16875722897052764,0.14104222092423002,0.013912173490675668,0.013017668610527403,0.12700246274471283,0.14513834889086943,248639,248639,32,0.5313535534176654,5,True,0.45456832695830385,0.397323766409981,14,0.31855225563049316,0.14764907956123352,2,"[5, 3]","[128, 256]",[256],6905923,bc12u29n2,633.7,trial_0408_learning_rate=5.0e-04_history=5_kernel_sizes=5x3_conv_channels=128x256_fc_dims=256_seed0,0afaf74c6a,trial_0408_learning_rate=5.0e-04_history=5_kernel_sizes=5x3_conv_channels=128x256_fc_dims=256_seed0
/scratch/sb272/patterns5k_results/slurm_hist_cnn_2026-03-05_16-01-45/trial_0408_learning_rate=5.0e-04_history=5_kernel_sizes=5x3_conv_channels=128x256_fc_dims=256_seed1,cnn,0.169459694981575,0.14170833952170164,0.008931607481033083,0.010327729913923476,0.12908992171287537,0.14669398613072834,248639,248639,37,0.547467653913026,5,True,0.45456832695830385,0.4023469665742138,14,0.31855225563049316,0.14815573394298553,2,"[5, 3]","[128, 256]",[256],6905923,bc12u29n2,680.3,trial_0408_learning_rate=5.0e-04_history=5_kernel_sizes=5x3_conv_channels=128x256_fc_dims=256_seed1,0afaf74c6a,trial_0408_learning_rate=5.0e-04_history=5_kernel_sizes=5x3_conv_channels=128x256_fc_dims=256_seed1
/scratch/sb272/patterns5k_results/slurm_hist_cnn_2026-03-05_16-01-45/trial_0409_learning_rate=5.0e-04_history=5_kernel_sizes=5x3_conv_channels=128x256_fc_dims=512_seed0,cnn,0.1694277868270874,0.14213311286604158,0.0060766008165147566,0.005669142518724714,0.12803395092487335,0.14838455448451981,330559,330559,49,0.5416913397758217,5,True,0.45456832695830385,0.39869090661870776,13,0.31855225563049316,0.1482016146183014,2,"[5, 3]","[128, 256]",[512],6905923,bc12u29n2,893.9,trial_0409_learning_rate=5.0e-04_history=5_kernel_sizes=5x3_conv_channels=128x256_fc_dims=512_seed0,1ae9742930,trial_0409_learning_rate=5.0e-04_history=5_kernel_sizes=5x3_conv_channels=128x256_fc_dims=512_seed0
/scratch/sb272/patterns5k_results/slurm_hist_cnn_2026-03-05_16-01-45/trial_0409_learning_rate=5.0e-04_history=5_kernel_sizes=5x3_conv_channels=128x256_fc_dims=512_seed1,cnn,0.1692470589876175,0.14303769270626818,0.008198060686626131,0.006588185590410989,0.1271992325782776,0.1509257179242993,330559,330559,46,0.5467928840532703,5,True,0.45456832695830385,0.3963083262235149,13,0.31855225563049316,0.1496969759464264,2,"[5, 3]","[128, 256]",[512],6905923,bc12u29n2,849.2,trial_0409_learning_rate=5.0e-04_history=5_kernel_sizes=5x3_conv_channels=128x256_fc_dims=512_seed1,1ae9742930,trial_0409_learning_rate=5.0e-04_history=5_kernel_sizes=5x3_conv_channels=128x256_fc_dims=512_seed1
/scratch/sb272/patterns5k_results/slurm_hist_cnn_2026-03-05_16-01-45/trial_0410_learning_rate=5.0e-04_history=5_kernel_sizes=5x3_conv_channels=128x256_fc_dims=1024_seed0,cnn,0.17160038900375366,0.14799744604659573,-0.0036440548442658923,-0.0026232628595261346,0.1319580078125,0.1518428786600311,494399,494399,34,0.5664291130743313,5,True,0.45456832695830385,0.4130090900492668,15,0.31855225563049316,0.1550087332725525,2,"[5, 3]","[128, 256]",[1024],6905923,bc12u29n2,854.6,trial_0410_learning_rate=5.0e-04_history=5_kernel_sizes=5x3_conv_channels=128x256_fc_dims=1024_seed0,93989207f2,trial_0410_learning_rate=5.0e-04_history=5_kernel_sizes=5x3_conv_channels=128x256_fc_dims=1024_seed0
/scratch/sb272/patterns5k_results/slurm_hist_cnn_2026-03-05_16-01-45/trial_0410_learning_rate=5.0e-04_history=5_kernel_sizes=5x3_conv_channels=128x256_fc_dims=1024_seed1,cnn,0.17129164564609528,0.14379419384244696,-0.004799908115750267,-0.004270162847306993,0.12800519168376923,0.15352851199355833,494399,494399,43,0.536888075078081,5,True,0.45456832695830385,0.3992810286620633,14,0.31855225563049316,0.15072058141231537,2,"[5, 3]","[128, 256]",[1024],6905923,bc12u29n2,1000.9,trial_0410_learning_rate=5.0e-04_history=5_kernel_sizes=5x3_conv_channels=128x256_fc_dims=1024_seed1,93989207f2,trial_0410_learning_rate=5.0e-04_history=5_kernel_sizes=5x3_conv_channels=128x256_fc_dims=1024_seed1
/scratch/sb272/patterns5k_results/slurm_hist_cnn_2026-03-05_16-01-45/trial_0411_learning_rate=5.0e-04_history=5_kernel_sizes=3x3x3_conv_channels=32x64x128_fc_dims=128_seed0,cnn,0.1664606567621231,0.13905577326335503,0.023242910703023274,0.016413593103015232,0.11884444952011108,0.14303829105699728,66111,66111,50,0.49818971559138187,5,True,0.45456832695830385,0.35613458332658243,12,0.31855225563049316,0.14367243647575378,1,"[3, 3, 3]","[32, 64, 128]",[128],6905923,bc12u29n2,596.0,trial_0411_learning_rate=5.0e-04_history=5_kernel_sizes=3x3x3_conv_channels=32x64x128_fc_dims=128_seed0,5ebd7bc981,trial_0411_learning_rate=5.0e-04_history=5_kernel_sizes=3x3x3_conv_channels=32x64x128_fc_dims=128_seed0
/scratch/sb272/patterns5k_results/slurm_hist_cnn_2026-03-05_16-01-45/trial_0411_learning_rate=5.0e-04_history=5_kernel_sizes=3x3x3_conv_channels=32x64x128_fc_dims=128_seed1,cnn,0.16644581842422485,0.1390002642332936,0.023737261219630167,0.01815308370287456,0.12459363788366318,0.1453815708113581,66111,66111,50,0.4859210809659592,5,True,0.45456832695830385,0.35465757760809363,13,0.31855225563049316,0.14423683285713196,1,"[3, 3, 3]","[32, 64, 128]",[128],6905923,bc12u29n2,603.0,trial_0411_learning_rate=5.0e-04_history=5_kernel_sizes=3x3x3_conv_channels=32x64x128_fc_dims=128_seed1,5ebd7bc981,trial_0411_learning_rate=5.0e-04_history=5_kernel_sizes=3x3x3_conv_channels=32x64x128_fc_dims=128_seed1
/scratch/sb272/patterns5k_results/slurm_hist_cnn_2026-03-05_16-01-45/trial_0412_learning_rate=5.0e-04_history=5_kernel_sizes=3x3x3_conv_channels=32x64x128_fc_dims=256_seed0,cnn,0.1657401489019394,0.14585765777882523,0.02617201350984119,0.01964689436412993,0.12949120998382568,0.14797065859875935,90687,90687,50,0.49858090705748664,5,True,0.45456832695830385,0.35334520690572324,13,0.31855225563049316,0.1510399729013443,1,"[3, 3, 3]","[32, 64, 128]",[256],6905923,bc12u29n2,642.4,trial_0412_learning_rate=5.0e-04_history=5_kernel_sizes=3x3x3_conv_channels=32x64x128_fc_dims=256_seed0,2427f203ff,trial_0412_learning_rate=5.0e-04_history=5_kernel_sizes=3x3x3_conv_channels=32x64x128_fc_dims=256_seed0
/scratch/sb272/patterns5k_results/slurm_hist_cnn_2026-03-05_16-01-45/trial_0412_learning_rate=5.0e-04_history=5_kernel_sizes=3x3x3_conv_channels=32x64x128_fc_dims=256_seed1,cnn,0.1661584837436676,0.1410827406341788,0.024389270752195328,0.017475049647073897,0.12295156717300415,0.15113052699995705,90687,90687,50,0.5009909655155015,5,True,0.45456832695830385,0.3621425486230807,12,0.31855225563049316,0.14668786525726318,1,"[3, 3, 3]","[32, 64, 128]",[256],6905923,bc12u29n2,635.2,trial_0412_learning_rate=5.0e-04_history=5_kernel_sizes=3x3x3_conv_channels=32x64x128_fc_dims=256_seed1,2427f203ff,trial_0412_learning_rate=5.0e-04_history=5_kernel_sizes=3x3x3_conv_channels=32x64x128_fc_dims=256_seed1
/scratch/sb272/patterns5k_results/slurm_hist_cnn_2026-03-05_16-01-45/trial_0413_learning_rate=5.0e-04_history=5_kernel_sizes=5x3x3_conv_channels=64x128x256_fc_dims=256_seed0,cnn,0.16527256667613982,0.15242595730132463,0.028172810872395832,0.014385300023215157,0.11562874168157578,0.16469470584918824,239807,239807,50,0.5736223473535473,5,True,0.45456832695830385,0.42683353712948124,17,0.31855225563049316,0.15964479744434357,2,"[5, 3, 3]","[64, 128, 256]",[256],6905923,bc12u29n2,833.3,trial_0413_learning_rate=5.0e-04_history=5_kernel_sizes=5x3x3_conv_channels=64x128x256_fc_dims=256_seed0,fed3cab734,trial_0413_learning_rate=5.0e-04_history=5_kernel_sizes=5x3x3_conv_channels=64x128x256_fc_dims=256_seed0
/scratch/sb272/patterns5k_results/slurm_hist_cnn_2026-03-05_16-01-45/trial_0413_learning_rate=5.0e-04_history=5_kernel_sizes=5x3x3_conv_channels=64x128x256_fc_dims=256_seed1,cnn,0.16497658836841583,0.15494293630602643,0.030126923606509252,0.015284917657337492,0.11506427824497223,0.1643032754439117,239807,239807,50,0.552999851670346,5,True,0.45456832695830385,0.4177782861407457,15,0.31855225563049316,0.16364166140556335,2,"[5, 3, 3]","[64, 128, 256]",[256],6905923,bc12u29n2,828.2,trial_0413_learning_rate=5.0e-04_history=5_kernel_sizes=5x3x3_conv_channels=64x128x256_fc_dims=256_seed1,fed3cab734,trial_0413_learning_rate=5.0e-04_history=5_kernel_sizes=5x3x3_conv_channels=64x128x256_fc_dims=256_seed1
/scratch/sb272/patterns5k_results/slurm_hist_cnn_2026-03-05_16-01-45/trial_0414_learning_rate=5.0e-04_history=5_kernel_sizes=5x3x3_conv_channels=64x128x256_fc_dims=512_seed0,cnn,0.16487372756004334,0.15790850250820576,0.027740476623414053,0.01431849267747667,0.11955460906028748,0.1682905694802676,321727,321727,50,0.5675463249013372,5,True,0.45456832695830385,0.41919698249802384,19,0.31855225563049316,0.16574493050575256,2,"[5, 3, 3]","[64, 128, 256]",[512],6905923,bc12u29n2,953.8,trial_0414_learning_rate=5.0e-04_history=5_kernel_sizes=5x3x3_conv_channels=64x128x256_fc_dims=512_seed0,427b09c05e,trial_0414_learning_rate=5.0e-04_history=5_kernel_sizes=5x3x3_conv_channels=64x128x256_fc_dims=512_seed0
/scratch/sb272/patterns5k_results/slurm_hist_cnn_2026-03-05_16-01-45/trial_0414_learning_rate=5.0e-04_history=5_kernel_sizes=5x3x3_conv_channels=64x128x256_fc_dims=512_seed1,cnn,0.16474517583847045,0.15955811573934658,0.030358634297809904,0.01428224453850398,0.11487441509962082,0.16904236518071225,321727,321727,50,0.5770283531074969,5,True,0.45456832695830385,0.42838950671477033,17,0.31855225563049316,0.16795548796653748,2,"[5, 3, 3]","[64, 128, 256]",[512],6905923,bc12u29n2,938.5,trial_0414_learning_rate=5.0e-04_history=5_kernel_sizes=5x3x3_conv_channels=64x128x256_fc_dims=512_seed1,427b09c05e,trial_0414_learning_rate=5.0e-04_history=5_kernel_sizes=5x3x3_conv_channels=64x128x256_fc_dims=512_seed1
/scratch/sb272/patterns5k_results/slurm_hist_cnn_2026-03-05_16-01-45/trial_0415_learning_rate=5.0e-04_history=5_kernel_sizes=5x3x3_conv_channels=64x128x256_fc_dims=1024_seed0,cnn,0.165484778881073,0.15565365947297993,0.025927627843523784,0.014130362442561559,0.11991614103317261,0.17028954727809095,485567,485567,50,0.5723947536851434,5,True,0.45456832695830385,0.42532080689066964,18,0.31855225563049316,0.16426189243793488,2,"[5, 3, 3]","[64, 128, 256]",[1024],6905923,bc12u29n2,1158.9,trial_0415_learning_rate=5.0e-04_history=5_kernel_sizes=5x3x3_conv_channels=64x128x256_fc_dims=1024_seed0,ce6b107f6c,trial_0415_learning_rate=5.0e-04_history=5_kernel_sizes=5x3x3_conv_channels=64x128x256_fc_dims=1024_seed0
/scratch/sb272/patterns5k_results/slurm_hist_cnn_2026-03-05_16-01-45/trial_0425_learning_rate=5.0e-04_history=10_kernel_sizes=5x3_conv_channels=128x256_fc_dims=1024_seed0,cnn,0.17134645891189576,0.14534519694580553,-0.0012755592664082844,-0.007529298464457194,0.13286912441253662,0.14930025089444154,494399,494399,45,0.5606441845488627,10,True,0.45456832695830385,0.39097598112435006,11,0.31855225563049316,0.15175524353981018,1,"[5, 3]","[128, 256]",[1024],6905976,bc12u29n3,1136.0,trial_0425_learning_rate=5.0e-04_history=10_kernel_sizes=5x3_conv_channels=128x256_fc_dims=1024_seed0,84abe4120e,trial_0425_learning_rate=5.0e-04_history=10_kernel_sizes=5x3_conv_channels=128x256_fc_dims=1024_seed0
/scratch/sb272/patterns5k_results/slurm_hist_cnn_2026-03-05_16-01-45/trial_0425_learning_rate=5.0e-04_history=10_kernel_sizes=5x3_conv_channels=128x256_fc_dims=1024_seed1,cnn,0.172901539683342,0.14451839809072473,-0.008719578621879456,-0.01571775712664165,0.1321791559457779,0.14906995899467024,494399,494399,38,0.5492254528181442,10,True,0.45456832695830385,0.38399419454555245,11,0.31855225563049316,0.1512944996356964,1,"[5, 3]","[128, 256]",[1024],6905976,bc12u29n3,996.8,trial_0425_learning_rate=5.0e-04_history=10_kernel_sizes=5x3_conv_channels=128x256_fc_dims=1024_seed1,84abe4120e,trial_0425_learning_rate=5.0e-04_history=10_kernel_sizes=5x3_conv_channels=128x256_fc_dims=1024_seed1
/scratch/sb272/patterns5k_results/slurm_hist_cnn_2026-03-05_16-01-45/trial_0426_learning_rate=5.0e-04_history=10_kernel_sizes=3x3x3_conv_channels=32x64x128_fc_dims=128_seed0,cnn,0.1668774127960205,0.1364098640722623,0.02291186366762434,0.017210502473134843,0.12005390971899033,0.14149145648237546,66111,66111,50,0.4841225144282804,10,True,0.45456832695830385,0.33639927002308173,11,0.31855225563049316,0.14136911928653717,1,"[3, 3, 3]","[32, 64, 128]",[128],6905976,bc12u29n3,674.5,trial_0426_learning_rate=5.0e-04_history=10_kernel_sizes=3x3x3_conv_channels=32x64x128_fc_dims=128_seed0,19234c69c0,trial_0426_learning_rate=5.0e-04_history=10_kernel_sizes=3x3x3_conv_channels=32x64x128_fc_dims=128_seed0
/scratch/sb272/patterns5k_results/slurm_hist_cnn_2026-03-05_16-01-45/trial_0426_learning_rate=5.0e-04_history=10_kernel_sizes=3x3x3_conv_channels=32x64x128_fc_dims=128_seed1,cnn,0.16719811058044434,0.13767829401152837,0.023312425802624416,0.01839191573006766,0.1233847513794899,0.14459713822183873,66111,66111,50,0.4887234288455987,10,True,0.45456832695830385,0.34012330854447065,11,0.31855225563049316,0.1427527815103531,0,"[3, 3, 3]","[32, 64, 128]",[128],6905976,bc12u29n3,668.4,trial_0426_learning_rate=5.0e-04_history=10_kernel_sizes=3x3x3_conv_channels=32x64x128_fc_dims=128_seed1,19234c69c0,trial_0426_learning_rate=5.0e-04_history=10_kernel_sizes=3x3x3_conv_channels=32x64x128_fc_dims=128_seed1
/scratch/sb272/patterns5k_results/slurm_hist_cnn_2026-03-05_16-01-45/trial_0427_learning_rate=5.0e-04_history=10_kernel_sizes=3x3x3_conv_channels=32x64x128_fc_dims=256_seed0,cnn,0.16670100617408753,0.14223217156309717,0.024441439954061357,0.01895284274267772,0.12687088549137115,0.14960898434826694,90687,90687,50,0.5110647012248333,10,True,0.45456832695830385,0.3455723549321951,9,0.31855225563049316,0.14764080941677094,2,"[3, 3, 3]","[32, 64, 128]",[256],6905976,bc12u29n3,703.4,trial_0427_learning_rate=5.0e-04_history=10_kernel_sizes=3x3x3_conv_channels=32x64x128_fc_dims=256_seed0,58d7dba0bf,trial_0427_learning_rate=5.0e-04_history=10_kernel_sizes=3x3x3_conv_channels=32x64x128_fc_dims=256_seed0
/scratch/sb272/patterns5k_results/slurm_hist_cnn_2026-03-05_16-01-45/trial_0427_learning_rate=5.0e-04_history=10_kernel_sizes=3x3x3_conv_channels=32x64x128_fc_dims=256_seed1,cnn,0.16662428307533264,0.14024733168880887,0.02443365634433807,0.018234918041834757,0.12266324460506439,0.1465071022295366,90687,90687,50,0.4830770558038613,10,True,0.45456832695830385,0.3389239517494269,9,0.31855225563049316,0.14583969116210938,2,"[3, 3, 3]","[32, 64, 128]",[256],6905976,bc12u29n3,685.8,trial_0427_learning_rate=5.0e-04_history=10_kernel_sizes=3x3x3_conv_channels=32x64x128_fc_dims=256_seed1,58d7dba0bf,trial_0427_learning_rate=5.0e-04_history=10_kernel_sizes=3x3x3_conv_channels=32x64x128_fc_dims=256_seed1
/scratch/sb272/patterns5k_results/slurm_hist_cnn_2026-03-05_16-01-45/trial_0428_learning_rate=5.0e-04_history=10_kernel_sizes=5x3x3_conv_channels=64x128x256_fc_dims=256_seed0,cnn,0.1663266261816025,0.14964236922786833,0.02725849359754532,0.02051777688283769,0.13229355216026306,0.15658990505662063,239807,239807,50,0.5507177970096993,10,True,0.45456832695830385,0.38817875516062356,12,0.31855225563049316,0.15731580555438995,2,"[5, 3, 3]","[64, 128, 256]",[256],6905976,bc12u29n3,775.2,trial_0428_learning_rate=5.0e-04_history=10_kernel_sizes=5x3x3_conv_channels=64x128x256_fc_dims=256_seed0,1db8e74666,trial_0428_learning_rate=5.0e-04_history=10_kernel_sizes=5x3x3_conv_channels=64x128x256_fc_dims=256_seed0
/scratch/sb272/patterns5k_results/slurm_hist_cnn_2026-03-05_16-01-45/trial_0428_learning_rate=5.0e-04_history=10_kernel_sizes=5x3x3_conv_channels=64x128x256_fc_dims=256_seed1,cnn,0.16620781564712525,0.14863569910759972,0.02755197835347009,0.020220651513054258,0.13086850941181183,0.15656561125737065,239807,239807,50,0.5481442877778325,10,True,0.45456832695830385,0.3958708462259128,11,0.31855225563049316,0.15612272918224335,2,"[5, 3, 3]","[64, 128, 256]",[256],6905976,bc12u29n3,833.7,trial_0428_learning_rate=5.0e-04_history=10_kernel_sizes=5x3x3_conv_channels=64x128x256_fc_dims=256_seed1,1db8e74666,trial_0428_learning_rate=5.0e-04_history=10_kernel_sizes=5x3x3_conv_channels=64x128x256_fc_dims=256_seed1
/scratch/sb272/patterns5k_results/slurm_hist_cnn_2026-03-05_16-01-45/trial_0429_learning_rate=5.0e-04_history=10_kernel_sizes=5x3x3_conv_channels=64x128x256_fc_dims=512_seed0,cnn,0.165887309551239,0.15220975256715685,0.027374621421571762,0.018972374144054595,0.13245531916618347,0.159793030283028,321727,321727,50,0.552611867234212,10,True,0.45456832695830385,0.3905497654976552,10,0.31855225563049316,0.15987803041934967,1,"[5, 3, 3]","[64, 128, 256]",[512],6905976,bc12u29n3,837.8,trial_0429_learning_rate=5.0e-04_history=10_kernel_sizes=5x3x3_conv_channels=64x128x256_fc_dims=512_seed0,f269f085d3,trial_0429_learning_rate=5.0e-04_history=10_kernel_sizes=5x3x3_conv_channels=64x128x256_fc_dims=512_seed0
/scratch/sb272/patterns5k_results/slurm_hist_cnn_2026-03-05_16-01-45/trial_0429_learning_rate=5.0e-04_history=10_kernel_sizes=5x3x3_conv_channels=64x128x256_fc_dims=512_seed1,cnn,0.16578935039043427,0.15478330778781832,0.029042137047601124,0.020188766812521314,0.13307908177375793,0.16180043250146411,321727,321727,50,0.572995455469364,10,True,0.45456832695830385,0.4044393619863281,13,0.31855225563049316,0.1619257628917694,1,"[5, 3, 3]","[64, 128, 256]",[512],6905976,bc12u29n3,932.5,trial_0429_learning_rate=5.0e-04_history=10_kernel_sizes=5x3x3_conv_channels=64x128x256_fc_dims=512_seed1,f269f085d3,trial_0429_learning_rate=5.0e-04_history=10_kernel_sizes=5x3x3_conv_channels=64x128x256_fc_dims=512_seed1
/scratch/sb272/patterns5k_results/slurm_hist_cnn_2026-03-05_16-01-45/trial_0430_learning_rate=5.0e-04_history=10_kernel_sizes=5x3x3_conv_channels=64x128x256_fc_dims=1024_seed0,cnn,0.16585104405879975,0.15586378502306156,0.02593585423060826,0.01869586914304703,0.13729886710643768,0.1630666926964227,485567,485567,50,0.5746921849515233,10,True,0.45456832695830385,0.40611292675288796,13,0.31855225563049316,0.16266633570194244,2,"[5, 3, 3]","[64, 128, 256]",[1024],6905976,bc12u29n3,1163.1,trial_0430_learning_rate=5.0e-04_history=10_kernel_sizes=5x3x3_conv_channels=64x128x256_fc_dims=1024_seed0,43ad1d7a9b,trial_0430_learning_rate=5.0e-04_history=10_kernel_sizes=5x3x3_conv_channels=64x128x256_fc_dims=1024_seed0
/scratch/sb272/patterns5k_results/slurm_hist_cnn_2026-03-05_16-01-45/trial_0430_learning_rate=5.0e-04_history=10_kernel_sizes=5x3x3_conv_channels=64x128x256_fc_dims=1024_seed1,cnn,0.16640620231628417,0.15409890967820464,0.025488554485260495,0.017967784215533543,0.13427433371543884,0.16389690944417873,485567,485567,50,0.5755911159252611,10,True,0.45456832695830385,0.39974859868399676,12,0.31855225563049316,0.16166038811206818,2,"[5, 3, 3]","[64, 128, 256]",[1024],6905976,bc12u29n3,1183.3,trial_0430_learning_rate=5.0e-04_history=10_kernel_sizes=5x3x3_conv_channels=64x128x256_fc_dims=1024_seed1,43ad1d7a9b,trial_0430_learning_rate=5.0e-04_history=10_kernel_sizes=5x3x3_conv_channels=64x128x256_fc_dims=1024_seed1
/scratch/sb272/patterns5k_results/slurm_hist_cnn_2026-03-05_16-01-45/trial_0431_learning_rate=5.0e-04_history=10_kernel_sizes=3x3x3_conv_channels=128x128x128_fc_dims=256_seed0,cnn,0.16733655393123625,0.13969332207178373,0.022484137898399717,0.016069060280209498,0.12152384221553802,0.14940879938893797,188991,188991,43,0.5268722325035602,10,True,0.45456832695830385,0.3694907367012331,12,0.31855225563049316,0.14596417546272278,1,"[3, 3, 3]","[128, 128, 128]",[256],6905976,bc12u29n3,758.1,trial_0431_learning_rate=5.0e-04_history=10_kernel_sizes=3x3x3_conv_channels=128x128x128_fc_dims=256_seed0,e2cdcdc703,trial_0431_learning_rate=5.0e-04_history=10_kernel_sizes=3x3x3_conv_channels=128x128x128_fc_dims=256_seed0
/scratch/sb272/patterns5k_results/slurm_hist_cnn_2026-03-05_16-01-45/trial_0431_learning_rate=5.0e-04_history=10_kernel_sizes=3x3x3_conv_channels=128x128x128_fc_dims=256_seed1,cnn,0.16679412245750427,0.14229759114813512,0.025294804383837986,0.016851406248788985,0.11944021284580231,0.1500680323786532,188991,188991,41,0.5233581240199742,10,True,0.45456832695830385,0.35632825842159543,10,0.31855225563049316,0.14871813356876373,2,"[3, 3, 3]","[128, 128, 128]",[256],6905976,bc12u29n3,745.8,trial_0431_learning_rate=5.0e-04_history=10_kernel_sizes=3x3x3_conv_channels=128x128x128_fc_dims=256_seed1,e2cdcdc703,trial_0431_learning_rate=5.0e-04_history=10_kernel_sizes=3x3x3_conv_channels=128x128x128_fc_dims=256_seed1
/scratch/sb272/patterns5k_results/slurm_hist_cnn_2026-03-05_16-01-45/trial_0432_learning_rate=5.0e-04_history=10_kernel_sizes=3x3x3_conv_channels=128x128x128_fc_dims=512_seed0,cnn,0.16743435406684876,0.14634544936634053,0.020117514663272433,0.01339355536869594,0.12886081635951996,0.15314761402482294,238143,238143,45,0.5255479343104946,10,True,0.45456832695830385,0.3623730915745881,9,0.31855225563049316,0.15223196148872375,2,"[3, 3, 3]","[128, 128, 128]",[512],6905976,bc12u29n3,837.0,trial_0432_learning_rate=5.0e-04_history=10_kernel_sizes=3x3x3_conv_channels=128x128x128_fc_dims=512_seed0,329ab0af12,trial_0432_learning_rate=5.0e-04_history=10_kernel_sizes=3x3x3_conv_channels=128x128x128_fc_dims=512_seed0
/scratch/sb272/patterns5k_results/slurm_hist_cnn_2026-03-05_16-01-45/trial_0432_learning_rate=5.0e-04_history=10_kernel_sizes=3x3x3_conv_channels=128x128x128_fc_dims=512_seed1,cnn,0.1671667467355728,0.14130532891806932,0.021584086001865448,0.015456336831289625,0.1228567585349083,0.1540356817760456,238143,238143,50,0.53698122965635,10,True,0.45456832695830385,0.3709667071946273,10,0.31855225563049316,0.1473742574453354,2,"[3, 3, 3]","[128, 128, 128]",[512],6905976,bc12u29n3,893.4,trial_0432_learning_rate=5.0e-04_history=10_kernel_sizes=3x3x3_conv_channels=128x128x128_fc_dims=512_seed1,329ab0af12,trial_0432_learning_rate=5.0e-04_history=10_kernel_sizes=3x3x3_conv_channels=128x128x128_fc_dims=512_seed1
/scratch/sb272/patterns5k_results/slurm_hist_cnn_2026-03-05_16-01-45/trial_0433_learning_rate=5.0e-04_history=10_kernel_sizes=3x3x3_conv_channels=256x256x256_fc_dims=512_seed0,cnn,0.16682010662555694,0.1466119384609556,0.025016831973242382,0.016177939990210156,0.12487687915563583,0.15346255741813042,640063,640063,27,0.5245748360235465,10,True,0.45456832695830385,0.36207265374813136,10,0.31855225563049316,0.15204598009586334,1,"[3, 3, 3]","[256, 256, 256]",[512],6905976,bc12u29n3,769.0,trial_0433_learning_rate=5.0e-04_history=10_kernel_sizes=3x3x3_conv_channels=256x256x256_fc_dims=512_seed0,96207791fc,trial_0433_learning_rate=5.0e-04_history=10_kernel_sizes=3x3x3_conv_channels=256x256x256_fc_dims=512_seed0
/scratch/sb272/patterns5k_results/slurm_hist_cnn_2026-03-05_16-01-45/trial_0433_learning_rate=5.0e-04_history=10_kernel_sizes=3x3x3_conv_channels=256x256x256_fc_dims=512_seed1,cnn,0.16683904135227204,0.14337677798000897,0.02329957958251711,0.01617463051326691,0.12499868124723434,0.15649864087944354,640063,640063,28,0.5324429833097781,10,True,0.45456832695830385,0.3789356152360404,12,0.31855225563049316,0.14998698234558105,1,"[3, 3, 3]","[256, 256, 256]",[512],6905976,bc12u29n3,490.2,trial_0433_learning_rate=5.0e-04_history=10_kernel_sizes=3x3x3_conv_channels=256x256x256_fc_dims=512_seed1,96207791fc,trial_0433_learning_rate=5.0e-04_history=10_kernel_sizes=3x3x3_conv_channels=256x256x256_fc_dims=512_seed1
/scratch/sb272/patterns5k_results/slurm_hist_cnn_2026-03-05_16-01-45/trial_0434_learning_rate=5.0e-04_history=10_kernel_sizes=3x3x3_conv_channels=256x256x256_fc_dims=1024_seed0,cnn,0.16758343183994293,0.1405889052714796,0.01578151612054734,0.005778280515519399,0.11718384176492691,0.1563106093937041,803903,803903,27,0.5098457875714426,10,True,0.45456832695830385,0.3695824462672412,10,0.31855225563049316,0.1461201310157776,1,"[3, 3, 3]","[256, 256, 256]",[1024],6905976,bc12u29n3,868.1,trial_0434_learning_rate=5.0e-04_history=10_kernel_sizes=3x3x3_conv_channels=256x256x256_fc_dims=1024_seed0,08bebd8cef,trial_0434_learning_rate=5.0e-04_history=10_kernel_sizes=3x3x3_conv_channels=256x256x256_fc_dims=1024_seed0
/scratch/sb272/patterns5k_results/slurm_hist_cnn_2026-03-05_16-01-45/trial_0434_learning_rate=5.0e-04_history=10_kernel_sizes=3x3x3_conv_channels=256x256x256_fc_dims=1024_seed1,cnn,0.16740678787231444,0.14528797327105397,0.018379069509960357,0.010393694279685853,0.12423624843358994,0.15746733613544237,803903,803903,30,0.5417027371482985,10,True,0.45456832695830385,0.3846453226443028,11,0.31855225563049316,0.15172675251960754,2,"[3, 3, 3]","[256, 256, 256]",[1024],6905976,bc12u29n3,809.3,trial_0434_learning_rate=5.0e-04_history=10_kernel_sizes=3x3x3_conv_channels=256x256x256_fc_dims=1024_seed1,08bebd8cef,trial_0434_learning_rate=5.0e-04_history=10_kernel_sizes=3x3x3_conv_channels=256x256x256_fc_dims=1024_seed1
/scratch/sb272/patterns5k_results/slurm_hist_cnn_2026-03-05_16-01-45/trial_0435_learning_rate=5.0e-04_history=20_kernel_sizes=3x3_conv_channels=64x128_fc_dims=128_seed0,cnn,0.1692954684495926,0.13130558325516642,0.018295613546220082,0.01792454435711815,0.12976060807704926,0.13434933532018925,69951,69951,50,0.4772454606508718,20,True,0.45456832695830385,0.3456923591726218,7,0.31855225563049316,0.13603852689266205,1,"[3, 3]","[64, 128]",[128],6905976,bc12u29n3,486.8,trial_0435_learning_rate=5.0e-04_history=20_kernel_sizes=3x3_conv_channels=64x128_fc_dims=128_seed0,385dc12845,trial_0435_learning_rate=5.0e-04_history=20_kernel_sizes=3x3_conv_channels=64x128_fc_dims=128_seed0
/scratch/sb272/patterns5k_results/slurm_hist_cnn_2026-03-05_16-01-45/trial_0435_learning_rate=5.0e-04_history=20_kernel_sizes=3x3_conv_channels=64x128_fc_dims=128_seed1,cnn,0.16925162088871,0.13094651098926233,0.019484646736629425,0.018619329210311647,0.12987759709358215,0.13622308183947324,69951,69951,50,0.49260912049043365,20,True,0.45456832695830385,0.3478501066102772,7,0.31855225563049316,0.13632835447788239,1,"[3, 3]","[64, 128]",[128],6905976,bc12u29n3,482.0,trial_0435_learning_rate=5.0e-04_history=20_kernel_sizes=3x3_conv_channels=64x128_fc_dims=128_seed1,385dc12845,trial_0435_learning_rate=5.0e-04_history=20_kernel_sizes=3x3_conv_channels=64x128_fc_dims=128_seed1
/scratch/sb272/patterns5k_results/slurm_hist_cnn_2026-03-05_16-01-45/trial_0436_learning_rate=5.0e-04_history=20_kernel_sizes=3x3_conv_channels=64x128_fc_dims=256_seed0,cnn,0.16906915438175202,0.1350707853273606,0.019769040365067738,0.019535867940811885,0.13451237976551056,0.1405115741299496,94527,94527,50,0.4999844142092249,20,True,0.45456832695830385,0.35447675402376916,8,0.31855225563049316,0.14022482931613922,1,"[3, 3]","[64, 128]",[256],6905976,bc12u29n3,509.7,trial_0436_learning_rate=5.0e-04_history=20_kernel_sizes=3x3_conv_channels=64x128_fc_dims=256_seed0,415753127e,trial_0436_learning_rate=5.0e-04_history=20_kernel_sizes=3x3_conv_channels=64x128_fc_dims=256_seed0
/scratch/sb272/patterns5k_results/slurm_hist_cnn_2026-03-05_16-01-45/trial_0436_learning_rate=5.0e-04_history=20_kernel_sizes=3x3_conv_channels=64x128_fc_dims=256_seed1,cnn,0.16899296605587005,0.1338606218138835,0.0201966403022645,0.01926003278247894,0.1314094066619873,0.139296131046199,94527,94527,50,0.5022741691257439,20,True,0.45456832695830385,0.3491964969847096,9,0.31855225563049316,0.13889147341251373,1,"[3, 3]","[64, 128]",[256],6905976,bc12u29n3,503.3,trial_0436_learning_rate=5.0e-04_history=20_kernel_sizes=3x3_conv_channels=64x128_fc_dims=256_seed1,415753127e,trial_0436_learning_rate=5.0e-04_history=20_kernel_sizes=3x3_conv_channels=64x128_fc_dims=256_seed1
/scratch/sb272/patterns5k_results/slurm_hist_cnn_2026-03-05_16-01-45/trial_0437_learning_rate=5.0e-04_history=20_kernel_sizes=3x3_conv_channels=64x128_fc_dims=512_seed0,cnn,0.17092447781562806,0.13587035011855023,0.01267487094515846,0.011410879710363963,0.1324567198753357,0.141810593549394,143679,143679,50,0.5139661880745322,20,True,0.45456832695830385,0.3558467196827252,9,0.31855225563049316,0.14058397710323334,1,"[3, 3]","[64, 128]",[512],6905976,bc12u29n3,592.4,trial_0437_learning_rate=5.0e-04_history=20_kernel_sizes=3x3_conv_channels=64x128_fc_dims=512_seed0,d29ff46d5f,trial_0437_learning_rate=5.0e-04_history=20_kernel_sizes=3x3_conv_channels=64x128_fc_dims=512_seed0
/scratch/sb272/patterns5k_results/slurm_hist_cnn_2026-03-05_16-01-45/trial_0437_learning_rate=5.0e-04_history=20_kernel_sizes=3x3_conv_channels=64x128_fc_dims=512_seed1,cnn,0.16992807579040528,0.1346751893900023,0.01693478747019692,0.016256820587884812,0.13281510770320892,0.14193314914738211,143679,143679,50,0.5017939390575885,20,True,0.45456832695830385,0.3543635210568344,8,0.31855225563049316,0.1398206502199173,1,"[3, 3]","[64, 128]",[512],6905976,bc12u29n3,600.0,trial_0437_learning_rate=5.0e-04_history=20_kernel_sizes=3x3_conv_channels=64x128_fc_dims=512_seed1,d29ff46d5f,trial_0437_learning_rate=5.0e-04_history=20_kernel_sizes=3x3_conv_channels=64x128_fc_dims=512_seed1
/scratch/sb272/patterns5k_results/slurm_hist_cnn_2026-03-05_16-01-45/trial_0438_learning_rate=5.0e-04_history=20_kernel_sizes=5x3_conv_channels=128x256_fc_dims=256_seed0,cnn,0.16990741670131684,0.13245458642112723,0.01274198293685913,0.012904153929816352,0.13149353861808777,0.13575446835664237,248639,248639,36,0.49894970925630716,20,True,0.45456832695830385,0.361131334754254,9,0.31855225563049316,0.13819462060928345,1,"[5, 3]","[128, 256]",[256],6905976,bc12u29n3,567.2,trial_0438_learning_rate=5.0e-04_history=20_kernel_sizes=5x3_conv_channels=128x256_fc_dims=256_seed0,64fa3e6391,trial_0438_learning_rate=5.0e-04_history=20_kernel_sizes=5x3_conv_channels=128x256_fc_dims=256_seed0
/scratch/sb272/patterns5k_results/slurm_hist_cnn_2026-03-05_16-01-45/trial_0438_learning_rate=5.0e-04_history=20_kernel_sizes=5x3_conv_channels=128x256_fc_dims=256_seed1,cnn,0.17027230608463287,0.13316204399565137,0.012150141927931044,0.012717505296071371,0.13259366154670715,0.13828978623956847,248639,248639,39,0.5037716041729973,20,True,0.45456832695830385,0.36010484144517857,10,0.31855225563049316,0.13926491141319275,1,"[5, 3]","[128, 256]",[256],6905976,bc12u29n3,594.7,trial_0438_learning_rate=5.0e-04_history=20_kernel_sizes=5x3_conv_channels=128x256_fc_dims=256_seed1,64fa3e6391,trial_0438_learning_rate=5.0e-04_history=20_kernel_sizes=5x3_conv_channels=128x256_fc_dims=256_seed1
/scratch/sb272/patterns5k_results/slurm_hist_cnn_2026-03-05_16-01-45/trial_0439_learning_rate=5.0e-04_history=20_kernel_sizes=5x3_conv_channels=128x256_fc_dims=512_seed0,cnn,0.17140993642807006,0.1371964976762438,0.003781940255846296,0.004179313069298154,0.13448992371559143,0.13830947079950442,330559,330559,36,0.5367404737588775,20,True,0.45456832695830385,0.37867623633957265,11,0.31855225563049316,0.14293140172958374,1,"[5, 3]","[128, 256]",[512],6905976,bc12u29n3,630.6,trial_0439_learning_rate=5.0e-04_history=20_kernel_sizes=5x3_conv_channels=128x256_fc_dims=512_seed0,bab2984e77,trial_0439_learning_rate=5.0e-04_history=20_kernel_sizes=5x3_conv_channels=128x256_fc_dims=512_seed0
/scratch/sb272/patterns5k_results/slurm_hist_cnn_2026-03-05_16-01-45/trial_0439_learning_rate=5.0e-04_history=20_kernel_sizes=5x3_conv_channels=128x256_fc_dims=512_seed1,cnn,0.17026734495162965,0.13392109502412747,0.011633411286369202,0.011587371901860313,0.1326596438884735,0.13911334735285044,330559,330559,37,0.5186450539169665,20,True,0.45456832695830385,0.3761839637363363,11,0.31855225563049316,0.14047503471374512,1,"[5, 3]","[128, 256]",[512],6905976,bc12u29n3,474.0,trial_0439_learning_rate=5.0e-04_history=20_kernel_sizes=5x3_conv_channels=128x256_fc_dims=512_seed1,bab2984e77,trial_0439_learning_rate=5.0e-04_history=20_kernel_sizes=5x3_conv_channels=128x256_fc_dims=512_seed1
/scratch/sb272/patterns5k_results/slurm_hist_cnn_2026-03-05_16-01-45/trial_0440_learning_rate=5.0e-04_history=20_kernel_sizes=5x3_conv_channels=128x256_fc_dims=1024_seed0,cnn,0.17184801614284514,0.13622264897326283,-0.0026595450582958405,-0.00607195638474964,0.13274870812892914,0.1415769827074846,494399,494399,43,0.5228886919861062,20,True,0.45456832695830385,0.3714864081200197,11,0.31855225563049316,0.14173048734664917,1,"[5, 3]","[128, 256]",[1024],6905976,bc12u29n3,575.5,trial_0440_learning_rate=5.0e-04_history=20_kernel_sizes=5x3_conv_channels=128x256_fc_dims=1024_seed0,409bf8a795,trial_0440_learning_rate=5.0e-04_history=20_kernel_sizes=5x3_conv_channels=128x256_fc_dims=1024_seed0
/scratch/sb272/patterns5k_results/slurm_hist_cnn_2026-03-05_16-01-45/trial_0440_learning_rate=5.0e-04_history=20_kernel_sizes=5x3_conv_channels=128x256_fc_dims=1024_seed1,cnn,0.17320235395431519,0.1374211680166946,-0.005298163209642682,-0.004942036810375396,0.1350373476743698,0.1437361626067111,494399,494399,36,0.5356023591051008,20,True,0.45456832695830385,0.3755429206464154,10,0.31855225563049316,0.1431676745414734,1,"[5, 3]","[128, 256]",[1024],6905976,bc12u29n3,518.9,trial_0440_learning_rate=5.0e-04_history=20_kernel_sizes=5x3_conv_channels=128x256_fc_dims=1024_seed1,409bf8a795,trial_0440_learning_rate=5.0e-04_history=20_kernel_sizes=5x3_conv_channels=128x256_fc_dims=1024_seed1
/scratch/sb272/patterns5k_results/slurm_hist_cnn_2026-03-05_16-01-45/trial_0441_learning_rate=5.0e-04_history=20_kernel_sizes=3x3x3_conv_channels=32x64x128_fc_dims=128_seed0,cnn,0.1680528109073639,0.13016572043835814,0.021817590509142195,0.01939775924833994,0.1260618418455124,0.13558178671039406,66111,66111,50,0.45329760054800317,20,True,0.45456832695830385,0.33243897229017233,8,0.31855225563049316,0.1355687975883484,1,"[3, 3, 3]","[32, 64, 128]",[128],6905976,bc12u29n3,371.6,trial_0441_learning_rate=5.0e-04_history=20_kernel_sizes=3x3x3_conv_channels=32x64x128_fc_dims=128_seed0,14bc865cf1,trial_0441_learning_rate=5.0e-04_history=20_kernel_sizes=3x3x3_conv_channels=32x64x128_fc_dims=128_seed0
/scratch/sb272/patterns5k_results/slurm_hist_cnn_2026-03-05_16-01-45/trial_0441_learning_rate=5.0e-04_history=20_kernel_sizes=3x3x3_conv_channels=32x64x128_fc_dims=128_seed1,cnn,0.1682037864923477,0.12887956649983043,0.021540517844851056,0.019374047952985005,0.12566591799259186,0.13765657580049417,66111,66111,50,0.4696320870629469,20,True,0.45456832695830385,0.3306206889142543,10,0.31855225563049316,0.13416022062301636,1,"[3, 3, 3]","[32, 64, 128]",[128],6905976,bc12u29n3,370.8,trial_0441_learning_rate=5.0e-04_history=20_kernel_sizes=3x3x3_conv_channels=32x64x128_fc_dims=128_seed1,14bc865cf1,trial_0441_learning_rate=5.0e-04_history=20_kernel_sizes=3x3x3_conv_channels=32x64x128_fc_dims=128_seed1
/scratch/sb272/patterns5k_results/slurm_hist_cnn_2026-03-05_16-01-45/trial_0442_learning_rate=5.0e-04_history=20_kernel_sizes=3x3x3_conv_channels=32x64x128_fc_dims=256_seed0,cnn,0.16793956065177917,0.13677411829980488,0.02264116680811322,0.020634454394143725,0.1332818567752838,0.1414651176978707,90687,90687,50,0.49319575230537754,20,True,0.45456832695830385,0.3409490316322727,8,0.31855225563049316,0.14157463610172272,1,"[3, 3, 3]","[32, 64, 128]",[256],6905976,bc12u29n3,388.6,trial_0442_learning_rate=5.0e-04_history=20_kernel_sizes=3x3x3_conv_channels=32x64x128_fc_dims=256_seed0,1d642fb611,trial_0442_learning_rate=5.0e-04_history=20_kernel_sizes=3x3x3_conv_channels=32x64x128_fc_dims=256_seed0
/scratch/sb272/patterns5k_results/slurm_hist_cnn_2026-03-05_16-01-45/trial_0442_learning_rate=5.0e-04_history=20_kernel_sizes=3x3x3_conv_channels=32x64x128_fc_dims=256_seed1,cnn,0.16850054728984834,0.13313293070456395,0.02067111881952437,0.019364469581180148,0.12878228724002838,0.14428022540863522,90687,90687,50,0.48431305482798065,20,True,0.45456832695830385,0.34249423561896986,9,0.31855225563049316,0.1381368637084961,1,"[3, 3, 3]","[32, 64, 128]",[256],6905976,bc12u29n3,384.7,trial_0442_learning_rate=5.0e-04_history=20_kernel_sizes=3x3x3_conv_channels=32x64x128_fc_dims=256_seed1,1d642fb611,trial_0442_learning_rate=5.0e-04_history=20_kernel_sizes=3x3x3_conv_channels=32x64x128_fc_dims=256_seed1
/scratch/sb272/patterns5k_results/slurm_hist_cnn_2026-03-05_16-01-45/trial_0443_learning_rate=5.0e-04_history=20_kernel_sizes=5x3x3_conv_channels=64x128x256_fc_dims=256_seed0,cnn,0.16795718204975127,0.1382710763865955,0.0220073868357946,0.019183442706153506,0.13288475573062897,0.14697695947019807,239807,239807,48,0.520958432256587,20,True,0.45456832695830385,0.3711906502053418,12,0.31855225563049316,0.14490820467472076,1,"[5, 3, 3]","[64, 128, 256]",[256],6905976,bc12u29n3,469.6,trial_0443_learning_rate=5.0e-04_history=20_kernel_sizes=5x3x3_conv_channels=64x128x256_fc_dims=256_seed0,8ec870295c,trial_0443_learning_rate=5.0e-04_history=20_kernel_sizes=5x3x3_conv_channels=64x128x256_fc_dims=256_seed0
/scratch/sb272/patterns5k_results/slurm_hist_cnn_2026-03-05_16-01-45/trial_0443_learning_rate=5.0e-04_history=20_kernel_sizes=5x3x3_conv_channels=64x128x256_fc_dims=256_seed1,cnn,0.16807848250865937,0.1370143480845371,0.023332965752435108,0.02020929351685539,0.13101354241371155,0.14709496437326014,239807,239807,50,0.5253734823111794,20,True,0.45456832695830385,0.3749970768227925,11,0.31855225563049316,0.14337743818759918,1,"[5, 3, 3]","[64, 128, 256]",[256],6905976,bc12u29n3,460.1,trial_0443_learning_rate=5.0e-04_history=20_kernel_sizes=5x3x3_conv_channels=64x128x256_fc_dims=256_seed1,8ec870295c,trial_0443_learning_rate=5.0e-04_history=20_kernel_sizes=5x3x3_conv_channels=64x128x256_fc_dims=256_seed1
/scratch/sb272/patterns5k_results/slurm_hist_cnn_2026-03-05_16-01-45/trial_0444_learning_rate=5.0e-04_history=20_kernel_sizes=5x3x3_conv_channels=64x128x256_fc_dims=512_seed0,cnn,0.1678108159303665,0.14030783891843673,0.022496138300214494,0.01856836061629038,0.13380210101604462,0.1481157539424668,321727,321727,50,0.5418339786332035,20,True,0.45456832695830385,0.3815882598954663,11,0.31855225563049316,0.1460653841495514,1,"[5, 3, 3]","[64, 128, 256]",[512],6905976,bc12u29n3,517.3,trial_0444_learning_rate=5.0e-04_history=20_kernel_sizes=5x3x3_conv_channels=64x128x256_fc_dims=512_seed0,8980991dd3,trial_0444_learning_rate=5.0e-04_history=20_kernel_sizes=5x3x3_conv_channels=64x128x256_fc_dims=512_seed0
/scratch/sb272/patterns5k_results/slurm_hist_cnn_2026-03-05_16-01-45/trial_0444_learning_rate=5.0e-04_history=20_kernel_sizes=5x3x3_conv_channels=64x128x256_fc_dims=512_seed1,cnn,0.1677931686639786,0.1420414067130445,0.024767586163112094,0.021762171434977697,0.13759206235408783,0.1497209632658004,321727,321727,50,0.5342627539019509,20,True,0.45456832695830385,0.3805337510154385,10,0.31855225563049316,0.14910243451595306,1,"[5, 3, 3]","[64, 128, 256]",[512],6905976,bc12u29n3,516.0,trial_0444_learning_rate=5.0e-04_history=20_kernel_sizes=5x3x3_conv_channels=64x128x256_fc_dims=512_seed1,8980991dd3,trial_0444_learning_rate=5.0e-04_history=20_kernel_sizes=5x3x3_conv_channels=64x128x256_fc_dims=512_seed1
/scratch/sb272/patterns5k_results/slurm_hist_cnn_2026-03-05_16-01-45/trial_0445_learning_rate=5.0e-04_history=20_kernel_sizes=5x3x3_conv_channels=64x128x256_fc_dims=1024_seed0,cnn,0.1678564029932022,0.14410775015403995,0.02151647825089712,0.01755954348851764,0.13659992814064026,0.15118272666165838,485567,485567,50,0.5262104774508056,20,True,0.45456832695830385,0.3752665831088268,11,0.31855225563049316,0.1500265896320343,1,"[5, 3, 3]","[64, 128, 256]",[1024],6905976,bc12u29n3,618.4,trial_0445_learning_rate=5.0e-04_history=20_kernel_sizes=5x3x3_conv_channels=64x128x256_fc_dims=1024_seed0,c68d60acad,trial_0445_learning_rate=5.0e-04_history=20_kernel_sizes=5x3x3_conv_channels=64x128x256_fc_dims=1024_seed0
/scratch/sb272/patterns5k_results/slurm_hist_cnn_2026-03-05_16-01-45/trial_0445_learning_rate=5.0e-04_history=20_kernel_sizes=5x3x3_conv_channels=64x128x256_fc_dims=1024_seed1,cnn,0.1678288803100586,0.14128368159717392,0.020785370516398595,0.016944621290479387,0.13441456854343414,0.15283514929111763,485567,485567,49,0.5537995831920381,20,True,0.45456832695830385,0.395000752953232,10,0.31855225563049316,0.14779332280158997,1,"[5, 3, 3]","[64, 128, 256]",[1024],6905976,bc12u29n3,616.7,trial_0445_learning_rate=5.0e-04_history=20_kernel_sizes=5x3x3_conv_channels=64x128x256_fc_dims=1024_seed1,c68d60acad,trial_0445_learning_rate=5.0e-04_history=20_kernel_sizes=5x3x3_conv_channels=64x128x256_fc_dims=1024_seed1
/scratch/sb272/patterns5k_results/slurm_hist_cnn_2026-03-05_16-01-45/trial_0446_learning_rate=5.0e-04_history=20_kernel_sizes=3x3x3_conv_channels=128x128x128_fc_dims=256_seed0,cnn,0.16800847363471985,0.13591925615702516,0.021969594652690584,0.01879827276108757,0.1294197142124176,0.14236040356602161,188991,188991,41,0.5125296806922388,20,True,0.45456832695830385,0.36218883970172283,11,0.31855225563049316,0.14114917814731598,1,"[3, 3, 3]","[128, 128, 128]",[256],6905976,bc12u29n3,387.6,trial_0446_learning_rate=5.0e-04_history=20_kernel_sizes=3x3x3_conv_channels=128x128x128_fc_dims=256_seed0,eaa7607bb6,trial_0446_learning_rate=5.0e-04_history=20_kernel_sizes=3x3x3_conv_channels=128x128x128_fc_dims=256_seed0
/scratch/sb272/patterns5k_results/slurm_hist_cnn_2026-03-05_16-01-45/trial_0450_learning_rate=1.0e-03_history=1_kernel_sizes=3x3_conv_channels=64x128_fc_dims=128_seed0,cnn,0.15349267041683198,0.2415633853813276,0.07098788117605542,-0.0005684996408129496,0.09440384805202484,0.2475523441643632,69951,69951,50,0.7086747094582933,1,True,0.45456832695830385,0.5901118655694817,53,0.31855225563049316,0.2510938048362732,13,"[3, 3]","[64, 128]",[128],6906073,bc12u31n3,451.5,trial_0450_learning_rate=1.0e-03_history=1_kernel_sizes=3x3_conv_channels=64x128_fc_dims=128_seed0,38a488236d,trial_0450_learning_rate=1.0e-03_history=1_kernel_sizes=3x3_conv_channels=64x128_fc_dims=128_seed0
/scratch/sb272/patterns5k_results/slurm_hist_cnn_2026-03-05_16-01-45/trial_0450_learning_rate=1.0e-03_history=1_kernel_sizes=3x3_conv_channels=64x128_fc_dims=128_seed1,cnn,0.15270158088207245,0.2437718802104066,0.07285540728341966,-0.0050387609572637646,0.08556032180786133,0.2535701311877026,69951,69951,50,0.7177374854941817,1,True,0.45456832695830385,0.597189946687211,54,0.31855225563049316,0.25382062792778015,14,"[3, 3]","[64, 128]",[128],6906073,bc12u31n3,440.7,trial_0450_learning_rate=1.0e-03_history=1_kernel_sizes=3x3_conv_channels=64x128_fc_dims=128_seed1,38a488236d,trial_0450_learning_rate=1.0e-03_history=1_kernel_sizes=3x3_conv_channels=64x128_fc_dims=128_seed1
/scratch/sb272/patterns5k_results/slurm_hist_cnn_2026-03-05_16-01-45/trial_0451_learning_rate=1.0e-03_history=1_kernel_sizes=3x3_conv_channels=64x128_fc_dims=256_seed0,cnn,0.15218219351768494,0.2476949988095353,0.0754519057652307,-0.0031466171855018253,0.09365274012088776,0.25455087411601596,94527,94527,50,0.7273085134255974,1,True,0.45456832695830385,0.606316076366607,54,0.31855225563049316,0.25828754901885986,14,"[3, 3]","[64, 128]",[256],6906073,bc12u31n3,468.6,trial_0451_learning_rate=1.0e-03_history=1_kernel_sizes=3x3_conv_channels=64x128_fc_dims=256_seed0,fc7b0974d1,trial_0451_learning_rate=1.0e-03_history=1_kernel_sizes=3x3_conv_channels=64x128_fc_dims=256_seed0
/scratch/sb272/patterns5k_results/slurm_hist_cnn_2026-03-05_16-01-45/trial_0451_learning_rate=1.0e-03_history=1_kernel_sizes=3x3_conv_channels=64x128_fc_dims=256_seed1,cnn,0.1517278538942337,0.24988868545880197,0.07705912987391154,-0.0040159812049260215,0.09470948576927185,0.2601478226386233,94527,94527,50,0.7424929605306141,1,True,0.45456832695830385,0.6157408062534331,56,0.31855225563049316,0.2607673108577728,14,"[3, 3]","[64, 128]",[256],6906073,bc12u31n3,447.8,trial_0451_learning_rate=1.0e-03_history=1_kernel_sizes=3x3_conv_channels=64x128_fc_dims=256_seed1,fc7b0974d1,trial_0451_learning_rate=1.0e-03_history=1_kernel_sizes=3x3_conv_channels=64x128_fc_dims=256_seed1
/scratch/sb272/patterns5k_results/slurm_hist_cnn_2026-03-05_16-01-45/trial_0452_learning_rate=1.0e-03_history=1_kernel_sizes=3x3_conv_channels=64x128_fc_dims=512_seed0,cnn,0.15214070987701417,0.2507780266896561,0.07628645121105133,-0.002648389528668116,0.09047949314117432,0.26018090438912356,143679,143679,50,0.7465089654683282,1,True,0.45456832695830385,0.6144893782011652,57,0.31855225563049316,0.2614324688911438,14,"[3, 3]","[64, 128]",[512],6906073,bc12u31n3,503.1,trial_0452_learning_rate=1.0e-03_history=1_kernel_sizes=3x3_conv_channels=64x128_fc_dims=512_seed0,3aa96deb17,trial_0452_learning_rate=1.0e-03_history=1_kernel_sizes=3x3_conv_channels=64x128_fc_dims=512_seed0
/scratch/sb272/patterns5k_results/slurm_hist_cnn_2026-03-05_16-01-45/trial_0452_learning_rate=1.0e-03_history=1_kernel_sizes=3x3_conv_channels=64x128_fc_dims=512_seed1,cnn,0.15172108519077301,0.2505019644405524,0.07681288416423494,-0.005409199094015454,0.08929470926523209,0.2616329036621454,143679,143679,50,0.7439060686489214,1,True,0.45456832695830385,0.614130203081681,56,0.31855225563049316,0.2611183226108551,14,"[3, 3]","[64, 128]",[512],6906073,bc12u31n3,500.6,trial_0452_learning_rate=1.0e-03_history=1_kernel_sizes=3x3_conv_channels=64x128_fc_dims=512_seed1,3aa96deb17,trial_0452_learning_rate=1.0e-03_history=1_kernel_sizes=3x3_conv_channels=64x128_fc_dims=512_seed1
/scratch/sb272/patterns5k_results/slurm_hist_cnn_2026-03-05_16-01-45/trial_0453_learning_rate=1.0e-03_history=1_kernel_sizes=5x3_conv_channels=128x256_fc_dims=256_seed0,cnn,0.1510961353778839,0.25883883923526596,0.08011814620759752,-0.004551873320624942,0.08163556456565857,0.2684867786885362,248639,248639,41,0.7557029885856749,1,True,0.45456832695830385,0.6258032361656416,56,0.31855225563049316,0.2701268196105957,14,"[5, 3]","[128, 256]",[256],6906073,bc12u31n3,520.4,trial_0453_learning_rate=1.0e-03_history=1_kernel_sizes=5x3_conv_channels=128x256_fc_dims=256_seed0,deb0b91755,trial_0453_learning_rate=1.0e-03_history=1_kernel_sizes=5x3_conv_channels=128x256_fc_dims=256_seed0
/scratch/sb272/patterns5k_results/slurm_hist_cnn_2026-03-05_16-01-45/trial_0453_learning_rate=1.0e-03_history=1_kernel_sizes=5x3_conv_channels=128x256_fc_dims=256_seed1,cnn,0.15110747623443604,0.25862558667033764,0.07813862108048938,-0.007667153600662473,0.07609280198812485,0.268525448517074,248639,248639,50,0.7633759053594599,1,True,0.45456832695830385,0.6314129379405856,58,0.31855225563049316,0.26988962292671204,14,"[5, 3]","[128, 256]",[256],6906073,bc12u31n3,582.5,trial_0453_learning_rate=1.0e-03_history=1_kernel_sizes=5x3_conv_channels=128x256_fc_dims=256_seed1,deb0b91755,trial_0453_learning_rate=1.0e-03_history=1_kernel_sizes=5x3_conv_channels=128x256_fc_dims=256_seed1
/scratch/sb272/patterns5k_results/slurm_hist_cnn_2026-03-05_16-01-45/trial_0454_learning_rate=1.0e-03_history=1_kernel_sizes=5x3_conv_channels=128x256_fc_dims=512_seed0,cnn,0.15118298411369324,0.26059982303021845,0.0786485993672931,-0.009126639555370996,0.07259313017129898,0.27245871035738856,330559,330559,50,0.758286011175105,1,True,0.45456832695830385,0.6311241387868953,60,0.31855225563049316,0.27241581678390503,15,"[5, 3]","[128, 256]",[512],6906073,bc12u31n3,651.0,trial_0454_learning_rate=1.0e-03_history=1_kernel_sizes=5x3_conv_channels=128x256_fc_dims=512_seed0,bbf4370cd0,trial_0454_learning_rate=1.0e-03_history=1_kernel_sizes=5x3_conv_channels=128x256_fc_dims=512_seed0
/scratch/sb272/patterns5k_results/slurm_hist_cnn_2026-03-05_16-01-45/trial_0454_learning_rate=1.0e-03_history=1_kernel_sizes=5x3_conv_channels=128x256_fc_dims=512_seed1,cnn,0.15133256554603577,0.2604192551268391,0.07595905425056579,-0.004889413477882507,0.08118416368961334,0.27052632154138584,330559,330559,46,0.7655556710680681,1,True,0.45456832695830385,0.6362654429806173,58,0.31855225563049316,0.2716093361377716,15,"[5, 3]","[128, 256]",[512],6906073,bc12u31n3,619.4,trial_0454_learning_rate=1.0e-03_history=1_kernel_sizes=5x3_conv_channels=128x256_fc_dims=512_seed1,bbf4370cd0,trial_0454_learning_rate=1.0e-03_history=1_kernel_sizes=5x3_conv_channels=128x256_fc_dims=512_seed1
/scratch/sb272/patterns5k_results/slurm_hist_cnn_2026-03-05_16-01-45/trial_0455_learning_rate=1.0e-03_history=1_kernel_sizes=5x3_conv_channels=128x256_fc_dims=1024_seed0,cnn,0.1511296944618225,0.2622198942059132,0.07911224970741877,-0.006296341381375752,0.07923324406147003,0.27381301068732644,494399,494399,50,0.7624176804183057,1,True,0.45456832695830385,0.6327051012903829,59,0.31855225563049316,0.2741336524486542,15,"[5, 3]","[128, 256]",[1024],6906073,bc12u31n3,787.8,trial_0455_learning_rate=1.0e-03_history=1_kernel_sizes=5x3_conv_channels=128x256_fc_dims=1024_seed0,750b4f7173,trial_0455_learning_rate=1.0e-03_history=1_kernel_sizes=5x3_conv_channels=128x256_fc_dims=1024_seed0
/scratch/sb272/patterns5k_results/slurm_hist_cnn_2026-03-05_16-01-45/trial_0455_learning_rate=1.0e-03_history=1_kernel_sizes=5x3_conv_channels=128x256_fc_dims=1024_seed1,cnn,0.1518159660100937,0.2620360883069855,0.07457686038244338,-0.003844134391300262,0.08375576883554459,0.2726386931154256,494399,494399,50,0.7583213207520159,1,True,0.45456832695830385,0.6330239437662356,58,0.31855225563049316,0.27378416061401367,15,"[5, 3]","[128, 256]",[1024],6906073,bc12u31n3,771.3,trial_0455_learning_rate=1.0e-03_history=1_kernel_sizes=5x3_conv_channels=128x256_fc_dims=1024_seed1,750b4f7173,trial_0455_learning_rate=1.0e-03_history=1_kernel_sizes=5x3_conv_channels=128x256_fc_dims=1024_seed1
/scratch/sb272/patterns5k_results/slurm_hist_cnn_2026-03-05_16-01-45/trial_0456_learning_rate=1.0e-03_history=1_kernel_sizes=3x3x3_conv_channels=32x64x128_fc_dims=128_seed0,cnn,0.15254713201522827,0.23334693734643894,0.06445900599161784,-0.012705380954439677,0.057177819311618805,0.2384526477258671,66111,66111,50,0.6544386659374523,1,True,0.45456832695830385,0.5269074826623044,44,0.31855225563049316,0.24099242687225342,13,"[3, 3, 3]","[32, 64, 128]",[128],6906073,bc12u31n3,445.5,trial_0456_learning_rate=1.0e-03_history=1_kernel_sizes=3x3x3_conv_channels=32x64x128_fc_dims=128_seed0,387134d3be,trial_0456_learning_rate=1.0e-03_history=1_kernel_sizes=3x3x3_conv_channels=32x64x128_fc_dims=128_seed0
/scratch/sb272/patterns5k_results/slurm_hist_cnn_2026-03-05_16-01-45/trial_0456_learning_rate=1.0e-03_history=1_kernel_sizes=3x3x3_conv_channels=32x64x128_fc_dims=128_seed1,cnn,0.15271901082992553,0.23310341175414243,0.06363204452726576,-0.01289822468681941,0.05779818072915077,0.24026008894746367,66111,66111,50,0.6519266595361881,1,True,0.45456832695830385,0.522860706416531,45,0.31855225563049316,0.24080890417099,12,"[3, 3, 3]","[32, 64, 128]",[128],6906073,bc12u31n3,443.8,trial_0456_learning_rate=1.0e-03_history=1_kernel_sizes=3x3x3_conv_channels=32x64x128_fc_dims=128_seed1,387134d3be,trial_0456_learning_rate=1.0e-03_history=1_kernel_sizes=3x3x3_conv_channels=32x64x128_fc_dims=128_seed1
/scratch/sb272/patterns5k_results/slurm_hist_cnn_2026-03-05_16-01-45/trial_0457_learning_rate=1.0e-03_history=1_kernel_sizes=3x3x3_conv_channels=32x64x128_fc_dims=256_seed0,cnn,0.15225026893615723,0.238957379950284,0.06779530502500988,-0.01380935547843812,0.05420469865202904,0.24405322289397138,90687,90687,50,0.6830693806555935,1,True,0.45456832695830385,0.5432280956869884,48,0.31855225563049316,0.2470339834690094,13,"[3, 3, 3]","[32, 64, 128]",[256],6906073,bc12u31n3,474.5,trial_0457_learning_rate=1.0e-03_history=1_kernel_sizes=3x3x3_conv_channels=32x64x128_fc_dims=256_seed0,9117d47a81,trial_0457_learning_rate=1.0e-03_history=1_kernel_sizes=3x3x3_conv_channels=32x64x128_fc_dims=256_seed0
/scratch/sb272/patterns5k_results/slurm_hist_cnn_2026-03-05_16-01-45/trial_0457_learning_rate=1.0e-03_history=1_kernel_sizes=3x3x3_conv_channels=32x64x128_fc_dims=256_seed1,cnn,0.15178971207141875,0.23981447800351446,0.0689682090093219,-0.014017113617488317,0.055973224341869354,0.24656340251329156,90687,90687,50,0.673824410920281,1,True,0.45456832695830385,0.5364174878060045,45,0.31855225563049316,0.2477710098028183,13,"[3, 3, 3]","[32, 64, 128]",[256],6906073,bc12u31n3,501.3,trial_0457_learning_rate=1.0e-03_history=1_kernel_sizes=3x3x3_conv_channels=32x64x128_fc_dims=256_seed1,9117d47a81,trial_0457_learning_rate=1.0e-03_history=1_kernel_sizes=3x3x3_conv_channels=32x64x128_fc_dims=256_seed1
/scratch/sb272/patterns5k_results/slurm_hist_cnn_2026-03-05_16-01-45/trial_0458_learning_rate=1.0e-03_history=1_kernel_sizes=5x3x3_conv_channels=64x128x256_fc_dims=256_seed0,cnn,0.1495325597524643,0.259155619355983,0.08147811889648438,-0.016960833753858293,0.06008831411600113,0.27048232724809085,239807,239807,50,0.7161062462898244,1,True,0.45456832695830385,0.5836549929626436,50,0.31855225563049316,0.26966097950935364,15,"[5, 3, 3]","[64, 128, 256]",[256],6906073,bc12u31n3,650.4,trial_0458_learning_rate=1.0e-03_history=1_kernel_sizes=5x3x3_conv_channels=64x128x256_fc_dims=256_seed0,23c8c89d0e,trial_0458_learning_rate=1.0e-03_history=1_kernel_sizes=5x3x3_conv_channels=64x128x256_fc_dims=256_seed0
/scratch/sb272/patterns5k_results/slurm_hist_cnn_2026-03-05_16-01-45/trial_0458_learning_rate=1.0e-03_history=1_kernel_sizes=5x3x3_conv_channels=64x128x256_fc_dims=256_seed1,cnn,0.14911783182621002,0.2617843637640952,0.08302147047860282,-0.017052992941841247,0.060466207563877106,0.2723765074381763,239807,239807,50,0.7362172506258704,1,True,0.45456832695830385,0.5917491016745056,51,0.31855225563049316,0.2723972499370575,16,"[5, 3, 3]","[64, 128, 256]",[256],6906073,bc12u31n3,650.0,trial_0458_learning_rate=1.0e-03_history=1_kernel_sizes=5x3x3_conv_channels=64x128x256_fc_dims=256_seed1,23c8c89d0e,trial_0458_learning_rate=1.0e-03_history=1_kernel_sizes=5x3x3_conv_channels=64x128x256_fc_dims=256_seed1
/scratch/sb272/patterns5k_results/slurm_hist_cnn_2026-03-05_16-01-45/trial_0459_learning_rate=1.0e-03_history=1_kernel_sizes=5x3x3_conv_channels=64x128x256_fc_dims=512_seed0,cnn,0.1486588339805603,0.26523467725287336,0.08580218421088324,-0.01569086124026586,0.06263911724090576,0.2754986781655622,321727,321727,50,0.7421435015755068,1,True,0.45456832695830385,0.5955451637583604,53,0.31855225563049316,0.2760392129421234,15,"[5, 3, 3]","[64, 128, 256]",[512],6906073,bc12u31n3,734.5,trial_0459_learning_rate=1.0e-03_history=1_kernel_sizes=5x3x3_conv_channels=64x128x256_fc_dims=512_seed0,c1014cb3dd,trial_0459_learning_rate=1.0e-03_history=1_kernel_sizes=5x3x3_conv_channels=64x128x256_fc_dims=512_seed0
/scratch/sb272/patterns5k_results/slurm_hist_cnn_2026-03-05_16-01-45/trial_0459_learning_rate=1.0e-03_history=1_kernel_sizes=5x3x3_conv_channels=64x128x256_fc_dims=512_seed1,cnn,0.14908645629882813,0.2637583342117425,0.08362830820537749,-0.019018569635966466,0.060525085777044296,0.2748731418157362,321727,321727,50,0.739742568731373,1,True,0.45456832695830385,0.5944727515241516,51,0.31855225563049316,0.27378275990486145,17,"[5, 3, 3]","[64, 128, 256]",[512],6906073,bc12u31n3,710.8,trial_0459_learning_rate=1.0e-03_history=1_kernel_sizes=5x3x3_conv_channels=64x128x256_fc_dims=512_seed1,c1014cb3dd,trial_0459_learning_rate=1.0e-03_history=1_kernel_sizes=5x3x3_conv_channels=64x128x256_fc_dims=512_seed1
/scratch/sb272/patterns5k_results/slurm_hist_cnn_2026-03-05_16-01-45/trial_0460_learning_rate=1.0e-03_history=1_kernel_sizes=5x3x3_conv_channels=64x128x256_fc_dims=1024_seed0,cnn,0.14917550909519195,0.2626588877366541,0.08383275781358991,-0.01700937274902586,0.05991131439805031,0.27334571258684176,485567,485567,50,0.722097563897942,1,True,0.45456832695830385,0.5887745380324976,53,0.31855225563049316,0.2731720805168152,16,"[5, 3, 3]","[64, 128, 256]",[1024],6906073,bc12u31n3,931.7,trial_0460_learning_rate=1.0e-03_history=1_kernel_sizes=5x3x3_conv_channels=64x128x256_fc_dims=1024_seed0,7d0594a869,trial_0460_learning_rate=1.0e-03_history=1_kernel_sizes=5x3x3_conv_channels=64x128x256_fc_dims=1024_seed0
/scratch/sb272/patterns5k_results/slurm_hist_cnn_2026-03-05_16-01-45/trial_0460_learning_rate=1.0e-03_history=1_kernel_sizes=5x3x3_conv_channels=64x128x256_fc_dims=1024_seed1,cnn,0.14877340030670166,0.2645201627208525,0.08525650463407002,-0.016940224738348098,0.05987788364291191,0.27664112697497534,485567,485567,50,0.7418367708966654,1,True,0.45456832695830385,0.5974856967634088,53,0.31855225563049316,0.2755935788154602,17,"[5, 3, 3]","[64, 128, 256]",[1024],6906073,bc12u31n3,919.7,trial_0460_learning_rate=1.0e-03_history=1_kernel_sizes=5x3x3_conv_channels=64x128x256_fc_dims=1024_seed1,7d0594a869,trial_0460_learning_rate=1.0e-03_history=1_kernel_sizes=5x3x3_conv_channels=64x128x256_fc_dims=1024_seed1
/scratch/sb272/patterns5k_results/slurm_hist_cnn_2026-03-05_16-01-45/trial_0461_learning_rate=1.0e-03_history=1_kernel_sizes=3x3x3_conv_channels=128x128x128_fc_dims=256_seed0,cnn,0.1498044538497925,0.2592633201137476,0.08244737935444665,-0.014178464337000771,0.0606556162238121,0.2683813740768281,188991,188991,50,0.7148684899941382,1,True,0.45456832695830385,0.5828862361548756,52,0.31855225563049316,0.26960489153862,15,"[3, 3, 3]","[128, 128, 128]",[256],6906073,bc12u31n3,609.2,trial_0461_learning_rate=1.0e-03_history=1_kernel_sizes=3x3x3_conv_channels=128x128x128_fc_dims=256_seed0,8c35369701,trial_0461_learning_rate=1.0e-03_history=1_kernel_sizes=3x3x3_conv_channels=128x128x128_fc_dims=256_seed0
/scratch/sb272/patterns5k_results/slurm_hist_cnn_2026-03-05_16-01-45/trial_0461_learning_rate=1.0e-03_history=1_kernel_sizes=3x3x3_conv_channels=128x128x128_fc_dims=256_seed1,cnn,0.14951989209651947,0.2612993538702744,0.08324951595730251,-0.013710853599366687,0.059134043753147125,0.2696889316671531,188991,188991,50,0.7317190958793359,1,True,0.45456832695830385,0.5938523379191031,53,0.31855225563049316,0.27108728885650635,15,"[3, 3, 3]","[128, 128, 128]",[256],6906073,bc12u31n3,609.7,trial_0461_learning_rate=1.0e-03_history=1_kernel_sizes=3x3x3_conv_channels=128x128x128_fc_dims=256_seed1,8c35369701,trial_0461_learning_rate=1.0e-03_history=1_kernel_sizes=3x3x3_conv_channels=128x128x128_fc_dims=256_seed1
/scratch/sb272/patterns5k_results/slurm_hist_cnn_2026-03-05_16-01-45/trial_0462_learning_rate=1.0e-03_history=1_kernel_sizes=3x3x3_conv_channels=128x128x128_fc_dims=512_seed0,cnn,0.14920955073833467,0.26392595049895956,0.08486354161822607,-0.01420328352186415,0.061434898525476456,0.2731686881319346,238143,238143,50,0.7346871999718239,1,True,0.45456832695830385,0.5980068046600593,53,0.31855225563049316,0.27442046999931335,15,"[3, 3, 3]","[128, 128, 128]",[512],6906073,bc12u31n3,640.2,trial_0462_learning_rate=1.0e-03_history=1_kernel_sizes=3x3x3_conv_channels=128x128x128_fc_dims=512_seed0,976cfedb8a,trial_0462_learning_rate=1.0e-03_history=1_kernel_sizes=3x3x3_conv_channels=128x128x128_fc_dims=512_seed0
/scratch/sb272/patterns5k_results/slurm_hist_cnn_2026-03-05_16-01-45/trial_0462_learning_rate=1.0e-03_history=1_kernel_sizes=3x3x3_conv_channels=128x128x128_fc_dims=512_seed1,cnn,0.14909927332401277,0.26433182712512393,0.0852227731356545,-0.013646455038161505,0.06348063051700592,0.274566635211631,238143,238143,50,0.7407032323142392,1,True,0.45456832695830385,0.5995050528859025,54,0.31855225563049316,0.27458831667900085,15,"[3, 3, 3]","[128, 128, 128]",[512],6906073,bc12u31n3,615.2,trial_0462_learning_rate=1.0e-03_history=1_kernel_sizes=3x3x3_conv_channels=128x128x128_fc_dims=512_seed1,976cfedb8a,trial_0462_learning_rate=1.0e-03_history=1_kernel_sizes=3x3x3_conv_channels=128x128x128_fc_dims=512_seed1
/scratch/sb272/patterns5k_results/slurm_hist_cnn_2026-03-05_16-01-45/trial_0463_learning_rate=1.0e-03_history=1_kernel_sizes=3x3x3_conv_channels=256x256x256_fc_dims=512_seed0,cnn,0.1495899885892868,0.2659545300604299,0.0856511044123816,-0.017369879616631403,0.061056654900312424,0.27896228912082305,640063,640063,45,0.7672550135889573,1,True,0.45456832695830385,0.6299836508150843,57,0.31855225563049316,0.2774433195590973,15,"[3, 3, 3]","[256, 256, 256]",[512],6906073,bc12u31n3,882.2,trial_0463_learning_rate=1.0e-03_history=1_kernel_sizes=3x3x3_conv_channels=256x256x256_fc_dims=512_seed0,dcb3b41731,trial_0463_learning_rate=1.0e-03_history=1_kernel_sizes=3x3x3_conv_channels=256x256x256_fc_dims=512_seed0
/scratch/sb272/patterns5k_results/slurm_hist_cnn_2026-03-05_16-01-45/trial_0463_learning_rate=1.0e-03_history=1_kernel_sizes=3x3x3_conv_channels=256x256x256_fc_dims=512_seed1,cnn,0.14915392649173737,0.26901274772598177,0.08554177246396504,-0.017568676244644893,0.060122109949588776,0.2804224405154827,640063,640063,48,0.773672287172113,1,True,0.45456832695830385,0.6333284237916046,59,0.31855225563049316,0.28027787804603577,16,"[3, 3, 3]","[256, 256, 256]",[512],6906073,bc12u31n3,956.9,trial_0463_learning_rate=1.0e-03_history=1_kernel_sizes=3x3x3_conv_channels=256x256x256_fc_dims=512_seed1,dcb3b41731,trial_0463_learning_rate=1.0e-03_history=1_kernel_sizes=3x3x3_conv_channels=256x256x256_fc_dims=512_seed1
/scratch/sb272/patterns5k_results/slurm_hist_cnn_2026-03-05_16-01-45/trial_0464_learning_rate=1.0e-03_history=1_kernel_sizes=3x3x3_conv_channels=256x256x256_fc_dims=1024_seed0,cnn,0.14959251010417937,0.26890380967367333,0.08437838062407478,-0.02077441934555296,0.05649597570300102,0.28071074037753335,803903,803903,50,0.766971354944518,1,True,0.45456832695830385,0.6282059073774768,56,0.31855225563049316,0.2801251709461212,17,"[3, 3, 3]","[256, 256, 256]",[1024],6906073,bc12u31n3,1078.4,trial_0464_learning_rate=1.0e-03_history=1_kernel_sizes=3x3x3_conv_channels=256x256x256_fc_dims=1024_seed0,345e49701f,trial_0464_learning_rate=1.0e-03_history=1_kernel_sizes=3x3x3_conv_channels=256x256x256_fc_dims=1024_seed0
/scratch/sb272/patterns5k_results/slurm_hist_cnn_2026-03-05_16-01-45/trial_0464_learning_rate=1.0e-03_history=1_kernel_sizes=3x3x3_conv_channels=256x256x256_fc_dims=1024_seed1,cnn,0.14920112764835358,0.270938543396807,0.08731304936938816,-0.019434163494715617,0.05751560628414154,0.28238839873626004,803903,803903,50,0.7795900134972388,1,True,0.45456832695830385,0.6389112113265193,58,0.31855225563049316,0.2827601432800293,17,"[3, 3, 3]","[256, 256, 256]",[1024],6906073,bc12u31n3,1043.4,trial_0464_learning_rate=1.0e-03_history=1_kernel_sizes=3x3x3_conv_channels=256x256x256_fc_dims=1024_seed1,345e49701f,trial_0464_learning_rate=1.0e-03_history=1_kernel_sizes=3x3x3_conv_channels=256x256x256_fc_dims=1024_seed1
/scratch/sb272/patterns5k_results/slurm_hist_cnn_2026-03-05_16-01-45/trial_0465_learning_rate=1.0e-03_history=2_kernel_sizes=3x3_conv_channels=64x128_fc_dims=128_seed0,cnn,0.15379318964481353,0.24148876814049708,0.07238610774751693,0.0023226113546462286,0.09571633487939835,0.2515691068918027,69951,69951,50,0.7251582684549643,2,True,0.45456832695830385,0.593372899791132,53,0.31855225563049316,0.2512367069721222,9,"[3, 3]","[64, 128]",[128],6906073,bc12u31n3,432.8,trial_0465_learning_rate=1.0e-03_history=2_kernel_sizes=3x3_conv_channels=64x128_fc_dims=128_seed0,89fc6f3218,trial_0465_learning_rate=1.0e-03_history=2_kernel_sizes=3x3_conv_channels=64x128_fc_dims=128_seed0
/scratch/sb272/patterns5k_results/slurm_hist_cnn_2026-03-05_16-01-45/trial_0465_learning_rate=1.0e-03_history=2_kernel_sizes=3x3_conv_channels=64x128_fc_dims=128_seed1,cnn,0.15389155614376068,0.24188823903034617,0.07232514733359927,0.0015801210252065507,0.09883211553096771,0.25162492721666696,69951,69951,50,0.716357084405823,2,True,0.45456832695830385,0.5874781970184311,54,0.31855225563049316,0.2518588900566101,9,"[3, 3]","[64, 128]",[128],6906073,bc12u31n3,447.5,trial_0465_learning_rate=1.0e-03_history=2_kernel_sizes=3x3_conv_channels=64x128_fc_dims=128_seed1,89fc6f3218,trial_0465_learning_rate=1.0e-03_history=2_kernel_sizes=3x3_conv_channels=64x128_fc_dims=128_seed1
/scratch/sb272/patterns5k_results/slurm_hist_cnn_2026-03-05_16-01-45/trial_0466_learning_rate=1.0e-03_history=2_kernel_sizes=3x3_conv_channels=64x128_fc_dims=256_seed0,cnn,0.15362162637710572,0.24603697389289927,0.07526286443074544,0.004134180999937512,0.10168667137622833,0.25725374643815674,94527,94527,50,0.7370406335491534,2,True,0.45456832695830385,0.604198159913649,56,0.31855225563049316,0.2563701868057251,10,"[3, 3]","[64, 128]",[256],6906073,bc12u31n3,463.4,trial_0466_learning_rate=1.0e-03_history=2_kernel_sizes=3x3_conv_channels=64x128_fc_dims=256_seed0,9b9e17dded,trial_0466_learning_rate=1.0e-03_history=2_kernel_sizes=3x3_conv_channels=64x128_fc_dims=256_seed0
/scratch/sb272/patterns5k_results/slurm_hist_cnn_2026-03-05_16-01-45/trial_0466_learning_rate=1.0e-03_history=2_kernel_sizes=3x3_conv_channels=64x128_fc_dims=256_seed1,cnn,0.15354681146144866,0.24393924767748393,0.07360384956238762,0.00198333982437376,0.09889790415763855,0.2564383730508354,94527,94527,50,0.7285914594096675,2,True,0.45456832695830385,0.5975209029052398,52,0.31855225563049316,0.2536774277687073,10,"[3, 3]","[64, 128]",[256],6906073,bc12u31n3,462.3,trial_0466_learning_rate=1.0e-03_history=2_kernel_sizes=3x3_conv_channels=64x128_fc_dims=256_seed1,9b9e17dded,trial_0466_learning_rate=1.0e-03_history=2_kernel_sizes=3x3_conv_channels=64x128_fc_dims=256_seed1
/scratch/sb272/patterns5k_results/slurm_hist_cnn_2026-03-05_16-01-45/trial_0467_learning_rate=1.0e-03_history=2_kernel_sizes=3x3_conv_channels=64x128_fc_dims=512_seed0,cnn,0.1533200618028641,0.24813159411876692,0.07664921264799815,0.0035494386203705317,0.10274428874254227,0.25853861771483716,143679,143679,50,0.7439629705645511,2,True,0.45456832695830385,0.6100641083159123,55,0.31855225563049316,0.25906485319137573,10,"[3, 3]","[64, 128]",[512],6906073,bc12u31n3,510.5,trial_0467_learning_rate=1.0e-03_history=2_kernel_sizes=3x3_conv_channels=64x128_fc_dims=512_seed0,0cb5119107,trial_0467_learning_rate=1.0e-03_history=2_kernel_sizes=3x3_conv_channels=64x128_fc_dims=512_seed0
/scratch/sb272/patterns5k_results/slurm_hist_cnn_2026-03-05_16-01-45/trial_0467_learning_rate=1.0e-03_history=2_kernel_sizes=3x3_conv_channels=64x128_fc_dims=512_seed1,cnn,0.15330672371387483,0.24765198827442989,0.07600478898911249,0.004564312715379018,0.10419917851686478,0.2596825311536618,143679,143679,50,0.7331885123731616,2,True,0.45456832695830385,0.5992302308352697,52,0.31855225563049316,0.25780487060546875,11,"[3, 3]","[64, 128]",[512],6906073,bc12u31n3,545.6,trial_0467_learning_rate=1.0e-03_history=2_kernel_sizes=3x3_conv_channels=64x128_fc_dims=512_seed1,0cb5119107,trial_0467_learning_rate=1.0e-03_history=2_kernel_sizes=3x3_conv_channels=64x128_fc_dims=512_seed1
/scratch/sb272/patterns5k_results/slurm_hist_cnn_2026-03-05_16-01-45/trial_0468_learning_rate=1.0e-03_history=2_kernel_sizes=5x3_conv_channels=128x256_fc_dims=256_seed0,cnn,0.15312763035297394,0.24874917491553433,0.07432027657826741,-0.0010136176669408405,0.08788657933473587,0.26115487350193756,248639,248639,50,0.7531114073146014,2,True,0.45456832695830385,0.620030232618975,58,0.31855225563049316,0.26010045409202576,11,"[5, 3]","[128, 256]",[256],6906073,bc12u31n3,618.0,trial_0468_learning_rate=1.0e-03_history=2_kernel_sizes=5x3_conv_channels=128x256_fc_dims=256_seed0,c08bb41de4,trial_0468_learning_rate=1.0e-03_history=2_kernel_sizes=5x3_conv_channels=128x256_fc_dims=256_seed0
/scratch/sb272/patterns5k_results/slurm_hist_cnn_2026-03-05_16-01-45/trial_0468_learning_rate=1.0e-03_history=2_kernel_sizes=5x3_conv_channels=128x256_fc_dims=256_seed1,cnn,0.15319473457336424,0.25130301778339914,0.07524755928251478,-0.0015082094404432508,0.08463562279939651,0.26111371180298126,248639,248639,50,0.7507069913593225,2,True,0.45456832695830385,0.6186660273901585,57,0.31855225563049316,0.263110876083374,11,"[5, 3]","[128, 256]",[256],6906073,bc12u31n3,630.3,trial_0468_learning_rate=1.0e-03_history=2_kernel_sizes=5x3_conv_channels=128x256_fc_dims=256_seed1,c08bb41de4,trial_0468_learning_rate=1.0e-03_history=2_kernel_sizes=5x3_conv_channels=128x256_fc_dims=256_seed1
/scratch/sb272/patterns5k_results/slurm_hist_cnn_2026-03-05_16-01-45/trial_0469_learning_rate=1.0e-03_history=2_kernel_sizes=5x3_conv_channels=128x256_fc_dims=512_seed0,cnn,0.15281686055660249,0.25117736744475283,0.07590555009387788,0.0005920254994952489,0.09208811819553375,0.2627623254492184,330559,330559,48,0.7541355494106915,2,True,0.45456832695830385,0.621584930250741,59,0.31855225563049316,0.2624723017215729,11,"[5, 3]","[128, 256]",[512],6906073,bc12u31n3,673.7,trial_0469_learning_rate=1.0e-03_history=2_kernel_sizes=5x3_conv_channels=128x256_fc_dims=512_seed0,ce85bd8508,trial_0469_learning_rate=1.0e-03_history=2_kernel_sizes=5x3_conv_channels=128x256_fc_dims=512_seed0
/scratch/sb272/patterns5k_results/slurm_hist_cnn_2026-03-05_16-01-45/trial_0469_learning_rate=1.0e-03_history=2_kernel_sizes=5x3_conv_channels=128x256_fc_dims=512_seed1,cnn,0.1529009804725647,0.25306353457024916,0.07597456186536759,0.00044167514831300764,0.0897432267665863,0.26374005949692353,330559,330559,50,0.7564129523387829,2,True,0.45456832695830385,0.6242920118774808,57,0.31855225563049316,0.26486441493034363,11,"[5, 3]","[128, 256]",[512],6906073,bc12u31n3,681.5,trial_0469_learning_rate=1.0e-03_history=2_kernel_sizes=5x3_conv_channels=128x256_fc_dims=512_seed1,ce85bd8508,trial_0469_learning_rate=1.0e-03_history=2_kernel_sizes=5x3_conv_channels=128x256_fc_dims=512_seed1
/scratch/sb272/patterns5k_results/slurm_hist_cnn_2026-03-05_16-01-45/trial_0470_learning_rate=1.0e-03_history=2_kernel_sizes=5x3_conv_channels=128x256_fc_dims=1024_seed0,cnn,0.1538407336473465,0.2521862866271956,0.07050699847085136,0.003146532036009289,0.093641497194767,0.2628857640734308,494399,494399,37,0.7495331022324945,2,True,0.45456832695830385,0.6178559913354039,58,0.31855225563049316,0.2631509006023407,11,"[5, 3]","[128, 256]",[1024],6906073,bc12u31n3,669.5,trial_0470_learning_rate=1.0e-03_history=2_kernel_sizes=5x3_conv_channels=128x256_fc_dims=1024_seed0,92920de380,trial_0470_learning_rate=1.0e-03_history=2_kernel_sizes=5x3_conv_channels=128x256_fc_dims=1024_seed0
/scratch/sb272/patterns5k_results/slurm_hist_cnn_2026-03-05_16-01-45/trial_0470_learning_rate=1.0e-03_history=2_kernel_sizes=5x3_conv_channels=128x256_fc_dims=1024_seed1,cnn,0.1533411625623703,0.2520933139492812,0.07324444206934126,0.003764861159854465,0.09822230786085129,0.2622643834434733,494399,494399,38,0.7587143595357777,2,True,0.45456832695830385,0.6212817894027234,57,0.31855225563049316,0.2635940611362457,11,"[5, 3]","[128, 256]",[1024],6906073,bc12u31n3,684.1,trial_0470_learning_rate=1.0e-03_history=2_kernel_sizes=5x3_conv_channels=128x256_fc_dims=1024_seed1,92920de380,trial_0470_learning_rate=1.0e-03_history=2_kernel_sizes=5x3_conv_channels=128x256_fc_dims=1024_seed1
/scratch/sb272/patterns5k_results/slurm_hist_cnn_2026-03-05_16-01-45/trial_0471_learning_rate=1.0e-03_history=2_kernel_sizes=3x3x3_conv_channels=32x64x128_fc_dims=128_seed0,cnn,0.15398346114158631,0.22813657718383784,0.06197859275908697,-0.010145727604154556,0.06689150631427765,0.23491755229212444,66111,66111,50,0.6660685883922156,2,True,0.45456832695830385,0.528324978173983,46,0.31855225563049316,0.23589952290058136,10,"[3, 3, 3]","[32, 64, 128]",[128],6906073,bc12u31n3,525.2,trial_0471_learning_rate=1.0e-03_history=2_kernel_sizes=3x3x3_conv_channels=32x64x128_fc_dims=128_seed0,9efc133c78,trial_0471_learning_rate=1.0e-03_history=2_kernel_sizes=3x3x3_conv_channels=32x64x128_fc_dims=128_seed0
/scratch/sb272/patterns5k_results/slurm_hist_cnn_2026-03-05_16-01-45/trial_0471_learning_rate=1.0e-03_history=2_kernel_sizes=3x3x3_conv_channels=32x64x128_fc_dims=128_seed1,cnn,0.15396091222763061,0.22975754002874257,0.06360754228773571,-0.010542579113490998,0.06646855920553207,0.23722800494301738,66111,66111,50,0.6668602309578142,2,True,0.45456832695830385,0.5316525412217067,46,0.31855225563049316,0.23771169781684875,9,"[3, 3, 3]","[32, 64, 128]",[128],6906073,bc12u31n3,790.7,trial_0471_learning_rate=1.0e-03_history=2_kernel_sizes=3x3x3_conv_channels=32x64x128_fc_dims=128_seed1,9efc133c78,trial_0471_learning_rate=1.0e-03_history=2_kernel_sizes=3x3x3_conv_channels=32x64x128_fc_dims=128_seed1
/scratch/sb272/patterns5k_results/slurm_hist_cnn_2026-03-05_16-01-45/trial_0472_learning_rate=1.0e-03_history=2_kernel_sizes=3x3x3_conv_channels=32x64x128_fc_dims=256_seed0,cnn,0.15381933271884918,0.23194335093303065,0.06445560852686565,-0.006321878660292853,0.07069331407546997,0.2397579091600548,90687,90687,50,0.6634622223795198,2,True,0.45456832695830385,0.5319142629110318,46,0.31855225563049316,0.24055631458759308,8,"[3, 3, 3]","[32, 64, 128]",[256],6906073,bc12u31n3,486.4,trial_0472_learning_rate=1.0e-03_history=2_kernel_sizes=3x3x3_conv_channels=32x64x128_fc_dims=256_seed0,34e5bc5f55,trial_0472_learning_rate=1.0e-03_history=2_kernel_sizes=3x3x3_conv_channels=32x64x128_fc_dims=256_seed0
/scratch/sb272/patterns5k_results/slurm_hist_cnn_2026-03-05_16-01-45/trial_0475_learning_rate=1.0e-03_history=2_kernel_sizes=5x3x3_conv_channels=64x128x256_fc_dims=1024_seed0,cnn,0.15102846932411193,0.25400660268033226,0.07970862539987715,-0.012469728787740072,0.06561650335788727,0.2663420850162987,485567,485567,50,0.7302407357953724,2,True,0.45456832695830385,0.5857510254939916,50,0.31855225563049316,0.2650703489780426,13,"[5, 3, 3]","[64, 128, 256]",[1024],6906248,bc12u21n4,1200.7,trial_0475_learning_rate=1.0e-03_history=2_kernel_sizes=5x3x3_conv_channels=64x128x256_fc_dims=1024_seed0,071960a492,trial_0475_learning_rate=1.0e-03_history=2_kernel_sizes=5x3x3_conv_channels=64x128x256_fc_dims=1024_seed0
/scratch/sb272/patterns5k_results/slurm_hist_cnn_2026-03-05_16-01-45/trial_0475_learning_rate=1.0e-03_history=2_kernel_sizes=5x3x3_conv_channels=64x128x256_fc_dims=1024_seed1,cnn,0.15090611922740937,0.25443020807494765,0.07966066731346978,-0.01051912610493009,0.07167284935712814,0.2659763737796473,485567,485567,50,0.7376648304436946,2,True,0.45456832695830385,0.5880735971227212,51,0.31855225563049316,0.26494982838630676,13,"[5, 3, 3]","[64, 128, 256]",[1024],6906248,bc12u21n4,1175.1,trial_0475_learning_rate=1.0e-03_history=2_kernel_sizes=5x3x3_conv_channels=64x128x256_fc_dims=1024_seed1,071960a492,trial_0475_learning_rate=1.0e-03_history=2_kernel_sizes=5x3x3_conv_channels=64x128x256_fc_dims=1024_seed1
/scratch/sb272/patterns5k_results/slurm_hist_cnn_2026-03-05_16-01-45/trial_0476_learning_rate=1.0e-03_history=2_kernel_sizes=3x3x3_conv_channels=128x128x128_fc_dims=256_seed0,cnn,0.15163512563705445,0.253916796685214,0.07925355434417725,-0.00785607761806912,0.07361029088497162,0.2638718490566802,188991,188991,50,0.7367223499788228,2,True,0.45456832695830385,0.590491965632902,51,0.31855225563049316,0.26400014758110046,13,"[3, 3, 3]","[128, 128, 128]",[256],6906248,bc12u21n4,781.7,trial_0476_learning_rate=1.0e-03_history=2_kernel_sizes=3x3x3_conv_channels=128x128x128_fc_dims=256_seed0,e72d15cdf1,trial_0476_learning_rate=1.0e-03_history=2_kernel_sizes=3x3x3_conv_channels=128x128x128_fc_dims=256_seed0
/scratch/sb272/patterns5k_results/slurm_hist_cnn_2026-03-05_16-01-45/trial_0476_learning_rate=1.0e-03_history=2_kernel_sizes=3x3x3_conv_channels=128x128x128_fc_dims=256_seed1,cnn,0.1517772799730301,0.252260443359347,0.07861739302438403,-0.009272785413832892,0.06800784170627594,0.2632565208093639,188991,188991,50,0.7219521498513704,2,True,0.45456832695830385,0.5828336202907651,51,0.31855225563049316,0.26243218779563904,12,"[3, 3, 3]","[128, 128, 128]",[256],6906248,bc12u21n4,785.6,trial_0476_learning_rate=1.0e-03_history=2_kernel_sizes=3x3x3_conv_channels=128x128x128_fc_dims=256_seed1,e72d15cdf1,trial_0476_learning_rate=1.0e-03_history=2_kernel_sizes=3x3x3_conv_channels=128x128x128_fc_dims=256_seed1
/scratch/sb272/patterns5k_results/slurm_hist_cnn_2026-03-05_16-01-45/trial_0477_learning_rate=1.0e-03_history=2_kernel_sizes=3x3x3_conv_channels=128x128x128_fc_dims=512_seed0,cnn,0.1511512212753296,0.2567883191542535,0.0815639959441291,-0.007740166452195909,0.07365880161523819,0.26701634920580336,238143,238143,50,0.7351118079768536,2,True,0.45456832695830385,0.5934150349709472,55,0.31855225563049316,0.2671078145503998,13,"[3, 3, 3]","[128, 128, 128]",[512],6906248,bc12u21n4,861.3,trial_0477_learning_rate=1.0e-03_history=2_kernel_sizes=3x3x3_conv_channels=128x128x128_fc_dims=512_seed0,19a2c57002,trial_0477_learning_rate=1.0e-03_history=2_kernel_sizes=3x3x3_conv_channels=128x128x128_fc_dims=512_seed0
/scratch/sb272/patterns5k_results/slurm_hist_cnn_2026-03-05_16-01-45/trial_0477_learning_rate=1.0e-03_history=2_kernel_sizes=3x3x3_conv_channels=128x128x128_fc_dims=512_seed1,cnn,0.15144142079353332,0.2539764830624761,0.08017100890477498,-0.008087228214929975,0.07571322470903397,0.2655447242068839,238143,238143,50,0.737887424123206,2,True,0.45456832695830385,0.5924693704830619,53,0.31855225563049316,0.26467445492744446,12,"[3, 3, 3]","[128, 128, 128]",[512],6906248,bc12u21n4,859.4,trial_0477_learning_rate=1.0e-03_history=2_kernel_sizes=3x3x3_conv_channels=128x128x128_fc_dims=512_seed1,19a2c57002,trial_0477_learning_rate=1.0e-03_history=2_kernel_sizes=3x3x3_conv_channels=128x128x128_fc_dims=512_seed1
/scratch/sb272/patterns5k_results/slurm_hist_cnn_2026-03-05_16-01-45/trial_0478_learning_rate=1.0e-03_history=2_kernel_sizes=3x3x3_conv_channels=256x256x256_fc_dims=512_seed0,cnn,0.15213458716869355,0.25903277383931606,0.08258576147140019,-0.010477201333121649,0.0758337527513504,0.2722117592473397,640063,640063,50,0.7683125766712605,2,True,0.45456832695830385,0.6206196076358093,59,0.31855225563049316,0.270423024892807,13,"[3, 3, 3]","[256, 256, 256]",[512],6906248,bc12u21n4,1317.3,trial_0478_learning_rate=1.0e-03_history=2_kernel_sizes=3x3x3_conv_channels=256x256x256_fc_dims=512_seed0,596996cf42,trial_0478_learning_rate=1.0e-03_history=2_kernel_sizes=3x3x3_conv_channels=256x256x256_fc_dims=512_seed0
/scratch/sb272/patterns5k_results/slurm_hist_cnn_2026-03-05_16-01-45/trial_0478_learning_rate=1.0e-03_history=2_kernel_sizes=3x3x3_conv_channels=256x256x256_fc_dims=512_seed1,cnn,0.15183001589775086,0.2591589640670254,0.08248895974386306,-0.012285681944044809,0.07168850302696228,0.27022080507385143,640063,640063,50,0.7736628938111528,2,True,0.45456832695830385,0.6229791601766822,57,0.31855225563049316,0.27059075236320496,12,"[3, 3, 3]","[256, 256, 256]",[512],6906248,bc12u21n4,1346.3,trial_0478_learning_rate=1.0e-03_history=2_kernel_sizes=3x3x3_conv_channels=256x256x256_fc_dims=512_seed1,596996cf42,trial_0478_learning_rate=1.0e-03_history=2_kernel_sizes=3x3x3_conv_channels=256x256x256_fc_dims=512_seed1
/scratch/sb272/patterns5k_results/slurm_hist_cnn_2026-03-05_16-01-45/trial_0479_learning_rate=1.0e-03_history=2_kernel_sizes=3x3x3_conv_channels=256x256x256_fc_dims=1024_seed0,cnn,0.15221120023727416,0.258929455669983,0.08127948026808482,-0.013368554531581818,0.06429259479045868,0.2698030140852998,803903,803903,50,0.7707682253127529,2,True,0.45456832695830385,0.6224678111362401,58,0.31855225563049316,0.27026718854904175,14,"[3, 3, 3]","[256, 256, 256]",[1024],6906248,bc12u21n4,1549.1,trial_0479_learning_rate=1.0e-03_history=2_kernel_sizes=3x3x3_conv_channels=256x256x256_fc_dims=1024_seed0,6449612ee5,trial_0479_learning_rate=1.0e-03_history=2_kernel_sizes=3x3x3_conv_channels=256x256x256_fc_dims=1024_seed0
/scratch/sb272/patterns5k_results/slurm_hist_cnn_2026-03-05_16-01-45/trial_0479_learning_rate=1.0e-03_history=2_kernel_sizes=3x3x3_conv_channels=256x256x256_fc_dims=1024_seed1,cnn,0.15149485754966735,0.2595647000250089,0.08128109527012659,-0.008307861903357127,0.07603060454130173,0.2734927855517973,803903,803903,42,0.7654164586442033,2,True,0.45456832695830385,0.6177778335996957,56,0.31855225563049316,0.27074339985847473,12,"[3, 3, 3]","[256, 256, 256]",[1024],6906248,bc12u21n4,1368.9,trial_0479_learning_rate=1.0e-03_history=2_kernel_sizes=3x3x3_conv_channels=256x256x256_fc_dims=1024_seed1,6449612ee5,trial_0479_learning_rate=1.0e-03_history=2_kernel_sizes=3x3x3_conv_channels=256x256x256_fc_dims=1024_seed1
/scratch/sb272/patterns5k_results/slurm_hist_cnn_2026-03-05_16-01-45/trial_0480_learning_rate=1.0e-03_history=5_kernel_sizes=3x3_conv_channels=64x128_fc_dims=128_seed0,cnn,0.1672924153804779,0.14262211165253008,0.02316661202718341,0.020185778065333292,0.1318565458059311,0.14511807562515375,69951,69951,50,0.5321962486775252,5,True,0.45456832695830385,0.3751610493029223,13,0.31855225563049316,0.14826607704162598,2,"[3, 3]","[64, 128]",[128],6906248,bc12u21n4,631.5,trial_0480_learning_rate=1.0e-03_history=5_kernel_sizes=3x3_conv_channels=64x128_fc_dims=128_seed0,d1cd1ddaf5,trial_0480_learning_rate=1.0e-03_history=5_kernel_sizes=3x3_conv_channels=64x128_fc_dims=128_seed0
/scratch/sb272/patterns5k_results/slurm_hist_cnn_2026-03-05_16-01-45/trial_0480_learning_rate=1.0e-03_history=5_kernel_sizes=3x3_conv_channels=64x128_fc_dims=128_seed1,cnn,0.16711677730083466,0.14177411834940368,0.022955084603930278,0.019689876881856767,0.13061755895614624,0.14660815394775206,69951,69951,50,0.5386818995671683,5,True,0.45456832695830385,0.3830902375515177,13,0.31855225563049316,0.14760330319404602,2,"[3, 3]","[64, 128]",[128],6906248,bc12u21n4,622.5,trial_0480_learning_rate=1.0e-03_history=5_kernel_sizes=3x3_conv_channels=64x128_fc_dims=128_seed1,d1cd1ddaf5,trial_0480_learning_rate=1.0e-03_history=5_kernel_sizes=3x3_conv_channels=64x128_fc_dims=128_seed1
/scratch/sb272/patterns5k_results/slurm_hist_cnn_2026-03-05_16-01-45/trial_0481_learning_rate=1.0e-03_history=5_kernel_sizes=3x3_conv_channels=64x128_fc_dims=256_seed0,cnn,0.16735216319561005,0.14683475098341423,0.022403166407630556,0.01854125942502703,0.13350509107112885,0.151573771012966,94527,94527,50,0.5387154614760622,5,True,0.45456832695830385,0.3845623924913876,12,0.31855225563049316,0.15274080634117126,2,"[3, 3]","[64, 128]",[256],6906248,bc12u21n4,663.6,trial_0481_learning_rate=1.0e-03_history=5_kernel_sizes=3x3_conv_channels=64x128_fc_dims=256_seed0,723c89001a,trial_0481_learning_rate=1.0e-03_history=5_kernel_sizes=3x3_conv_channels=64x128_fc_dims=256_seed0
/scratch/sb272/patterns5k_results/slurm_hist_cnn_2026-03-05_16-01-45/trial_0481_learning_rate=1.0e-03_history=5_kernel_sizes=3x3_conv_channels=64x128_fc_dims=256_seed1,cnn,0.16733262276649474,0.14333304818220427,0.02181500480288551,0.0180794738587879,0.13085581362247467,0.14940377765388538,94527,94527,50,0.5461849830183899,5,True,0.45456832695830385,0.3821482907646683,14,0.31855225563049316,0.14910897612571716,2,"[3, 3]","[64, 128]",[256],6906248,bc12u21n4,659.8,trial_0481_learning_rate=1.0e-03_history=5_kernel_sizes=3x3_conv_channels=64x128_fc_dims=256_seed1,723c89001a,trial_0481_learning_rate=1.0e-03_history=5_kernel_sizes=3x3_conv_channels=64x128_fc_dims=256_seed1
/scratch/sb272/patterns5k_results/slurm_hist_cnn_2026-03-05_16-01-45/trial_0482_learning_rate=1.0e-03_history=5_kernel_sizes=3x3_conv_channels=64x128_fc_dims=512_seed0,cnn,0.1677213217020035,0.1479486521610586,0.02060654049827939,0.017117970519595675,0.13498297333717346,0.1543576227885389,143679,143679,50,0.5720136337384591,5,True,0.45456832695830385,0.3988841797802218,13,0.31855225563049316,0.1540108621120453,2,"[3, 3]","[64, 128]",[512],6906248,bc12u21n4,748.5,trial_0482_learning_rate=1.0e-03_history=5_kernel_sizes=3x3_conv_channels=64x128_fc_dims=512_seed0,9c451cd08b,trial_0482_learning_rate=1.0e-03_history=5_kernel_sizes=3x3_conv_channels=64x128_fc_dims=512_seed0
/scratch/sb272/patterns5k_results/slurm_hist_cnn_2026-03-05_16-01-45/trial_0482_learning_rate=1.0e-03_history=5_kernel_sizes=3x3_conv_channels=64x128_fc_dims=512_seed1,cnn,0.16733726477622987,0.14814911717093923,0.022467552669464597,0.018529180496458023,0.13501887023448944,0.15313570284929692,143679,143679,50,0.5590381036917904,5,True,0.45456832695830385,0.39724604163438865,14,0.31855225563049316,0.1546606719493866,2,"[3, 3]","[64, 128]",[512],6906248,bc12u21n4,741.1,trial_0482_learning_rate=1.0e-03_history=5_kernel_sizes=3x3_conv_channels=64x128_fc_dims=512_seed1,9c451cd08b,trial_0482_learning_rate=1.0e-03_history=5_kernel_sizes=3x3_conv_channels=64x128_fc_dims=512_seed1
/scratch/sb272/patterns5k_results/slurm_hist_cnn_2026-03-05_16-01-45/trial_0483_learning_rate=1.0e-03_history=5_kernel_sizes=5x3_conv_channels=128x256_fc_dims=256_seed0,cnn,0.16919589817523956,0.14597688687566104,0.010170524082486592,0.007073163040100582,0.13017553091049194,0.15052480314285122,248639,248639,31,0.5423420317216067,5,True,0.45456832695830385,0.3850074016756697,12,0.31855225563049316,0.1523960828781128,2,"[5, 3]","[128, 256]",[256],6906248,bc12u21n4,641.0,trial_0483_learning_rate=1.0e-03_history=5_kernel_sizes=5x3_conv_channels=128x256_fc_dims=256_seed0,4287ab9161,trial_0483_learning_rate=1.0e-03_history=5_kernel_sizes=5x3_conv_channels=128x256_fc_dims=256_seed0
/scratch/sb272/patterns5k_results/slurm_hist_cnn_2026-03-05_16-01-45/trial_0483_learning_rate=1.0e-03_history=5_kernel_sizes=5x3_conv_channels=128x256_fc_dims=256_seed1,cnn,0.16861878609657288,0.14254623536357935,0.012894855605231391,0.008574225599803621,0.12374505400657654,0.14982243201850157,248639,248639,32,0.5329690726722314,5,True,0.45456832695830385,0.3951256961965785,13,0.31855225563049316,0.14911529421806335,2,"[5, 3]","[128, 256]",[256],6906248,bc12u21n4,652.3,trial_0483_learning_rate=1.0e-03_history=5_kernel_sizes=5x3_conv_channels=128x256_fc_dims=256_seed1,4287ab9161,trial_0483_learning_rate=1.0e-03_history=5_kernel_sizes=5x3_conv_channels=128x256_fc_dims=256_seed1
/scratch/sb272/patterns5k_results/slurm_hist_cnn_2026-03-05_16-01-45/trial_0484_learning_rate=1.0e-03_history=5_kernel_sizes=5x3_conv_channels=128x256_fc_dims=512_seed0,cnn,0.16863249635696412,0.1464532727332453,0.011604123645358615,0.009679046888200064,0.13370274007320404,0.150848056137143,330559,330559,37,0.5587619418287618,5,True,0.45456832695830385,0.3991322433954924,13,0.31855225563049316,0.1530042588710785,2,"[5, 3]","[128, 256]",[512],6906248,bc12u21n4,765.9,trial_0484_learning_rate=1.0e-03_history=5_kernel_sizes=5x3_conv_channels=128x256_fc_dims=512_seed0,df94d154a9,trial_0484_learning_rate=1.0e-03_history=5_kernel_sizes=5x3_conv_channels=128x256_fc_dims=512_seed0
/scratch/sb272/patterns5k_results/slurm_hist_cnn_2026-03-05_16-01-45/trial_0484_learning_rate=1.0e-03_history=5_kernel_sizes=5x3_conv_channels=128x256_fc_dims=512_seed1,cnn,0.1701609627008438,0.1464980428188534,0.00394299862876771,0.002797581846751864,0.13277722895145416,0.15236862217542732,330559,330559,36,0.5650012262975153,5,True,0.45456832695830385,0.3998956163327869,13,0.31855225563049316,0.153215691447258,2,"[5, 3]","[128, 256]",[512],6906248,bc12u21n4,742.2,trial_0484_learning_rate=1.0e-03_history=5_kernel_sizes=5x3_conv_channels=128x256_fc_dims=512_seed1,df94d154a9,trial_0484_learning_rate=1.0e-03_history=5_kernel_sizes=5x3_conv_channels=128x256_fc_dims=512_seed1
/scratch/sb272/patterns5k_results/slurm_hist_cnn_2026-03-05_16-01-45/trial_0485_learning_rate=1.0e-03_history=5_kernel_sizes=5x3_conv_channels=128x256_fc_dims=1024_seed0,cnn,0.16956749987602235,0.1458707223577997,0.0007525966280982608,0.0006622076034545898,0.12820935249328613,0.15671573712584766,494399,494399,44,0.568425323911822,5,True,0.45456832695830385,0.41050089056958855,14,0.31855225563049316,0.15217478573322296,2,"[5, 3]","[128, 256]",[1024],6906248,bc12u21n4,1009.2,trial_0485_learning_rate=1.0e-03_history=5_kernel_sizes=5x3_conv_channels=128x256_fc_dims=1024_seed0,f550a045f1,trial_0485_learning_rate=1.0e-03_history=5_kernel_sizes=5x3_conv_channels=128x256_fc_dims=1024_seed0
/scratch/sb272/patterns5k_results/slurm_hist_cnn_2026-03-05_16-01-45/trial_0485_learning_rate=1.0e-03_history=5_kernel_sizes=5x3_conv_channels=128x256_fc_dims=1024_seed1,cnn,0.1695015379190445,0.14903817910553835,0.006565883046104794,0.004748202505565825,0.1317777782678604,0.15250718440341574,494399,494399,34,0.5722629791905819,5,True,0.45456832695830385,0.40804578509051853,14,0.31855225563049316,0.15570051968097687,2,"[5, 3]","[128, 256]",[1024],6906248,bc12u21n4,851.2,trial_0485_learning_rate=1.0e-03_history=5_kernel_sizes=5x3_conv_channels=128x256_fc_dims=1024_seed1,f550a045f1,trial_0485_learning_rate=1.0e-03_history=5_kernel_sizes=5x3_conv_channels=128x256_fc_dims=1024_seed1
/scratch/sb272/patterns5k_results/slurm_hist_cnn_2026-03-05_16-01-45/trial_0486_learning_rate=1.0e-03_history=5_kernel_sizes=3x3x3_conv_channels=32x64x128_fc_dims=128_seed0,cnn,0.16631655275821686,0.13957583864235826,0.02378770283290318,0.017395468931349498,0.12184543907642365,0.14614579597092192,66111,66111,50,0.5050591621523823,5,True,0.45456832695830385,0.36081088060420374,13,0.31855225563049316,0.14433534443378448,1,"[3, 3, 3]","[32, 64, 128]",[128],6906248,bc12u21n4,621.6,trial_0486_learning_rate=1.0e-03_history=5_kernel_sizes=3x3x3_conv_channels=32x64x128_fc_dims=128_seed0,3e24742fb2,trial_0486_learning_rate=1.0e-03_history=5_kernel_sizes=3x3x3_conv_channels=32x64x128_fc_dims=128_seed0
/scratch/sb272/patterns5k_results/slurm_hist_cnn_2026-03-05_16-01-45/trial_0486_learning_rate=1.0e-03_history=5_kernel_sizes=3x3x3_conv_channels=32x64x128_fc_dims=128_seed1,cnn,0.16571913516521453,0.145143161415775,0.025992826809958805,0.01907877978824434,0.12875021994113922,0.15105350509073137,66111,66111,50,0.5080661927075264,5,True,0.45456832695830385,0.3581151194866436,13,0.31855225563049316,0.1509326845407486,1,"[3, 3, 3]","[32, 64, 128]",[128],6906248,bc12u21n4,620.5,trial_0486_learning_rate=1.0e-03_history=5_kernel_sizes=3x3x3_conv_channels=32x64x128_fc_dims=128_seed1,3e24742fb2,trial_0486_learning_rate=1.0e-03_history=5_kernel_sizes=3x3x3_conv_channels=32x64x128_fc_dims=128_seed1
/scratch/sb272/patterns5k_results/slurm_hist_cnn_2026-03-05_16-01-45/trial_0487_learning_rate=1.0e-03_history=5_kernel_sizes=3x3x3_conv_channels=32x64x128_fc_dims=256_seed0,cnn,0.16653420853614806,0.14395469109507936,0.024039329990508066,0.017650042261396135,0.12343207001686096,0.15316798388140374,90687,90687,50,0.4929077352498824,5,True,0.45456832695830385,0.3540595328872366,12,0.31855225563049316,0.14928193390369415,1,"[3, 3, 3]","[32, 64, 128]",[256],6906248,bc12u21n4,655.9,trial_0487_learning_rate=1.0e-03_history=5_kernel_sizes=3x3x3_conv_channels=32x64x128_fc_dims=256_seed0,7f0d6f8d68,trial_0487_learning_rate=1.0e-03_history=5_kernel_sizes=3x3x3_conv_channels=32x64x128_fc_dims=256_seed0
/scratch/sb272/patterns5k_results/slurm_hist_cnn_2026-03-05_16-01-45/trial_0487_learning_rate=1.0e-03_history=5_kernel_sizes=3x3x3_conv_channels=32x64x128_fc_dims=256_seed1,cnn,0.1658879098892212,0.14537168533018963,0.025873415999942355,0.01901126475561233,0.12692709267139435,0.15538859072746644,90687,90687,50,0.5082768472892543,5,True,0.45456832695830385,0.356662701431228,12,0.31855225563049316,0.15126176178455353,1,"[3, 3, 3]","[32, 64, 128]",[256],6906248,bc12u21n4,650.5,trial_0487_learning_rate=1.0e-03_history=5_kernel_sizes=3x3x3_conv_channels=32x64x128_fc_dims=256_seed1,7f0d6f8d68,trial_0487_learning_rate=1.0e-03_history=5_kernel_sizes=3x3x3_conv_channels=32x64x128_fc_dims=256_seed1
/scratch/sb272/patterns5k_results/slurm_hist_cnn_2026-03-05_16-01-45/trial_0488_learning_rate=1.0e-03_history=5_kernel_sizes=5x3x3_conv_channels=64x128x256_fc_dims=256_seed0,cnn,0.16476735758781433,0.15841355526560869,0.03056989586542523,0.014724775912269714,0.11600064486265182,0.16791384278156485,239807,239807,50,0.5780609484286036,5,True,0.45456832695830385,0.43207915624690124,18,0.31855225563049316,0.16656704246997833,2,"[5, 3, 3]","[64, 128, 256]",[256],6906248,bc12u21n4,830.8,trial_0488_learning_rate=1.0e-03_history=5_kernel_sizes=5x3x3_conv_channels=64x128x256_fc_dims=256_seed0,23180e7802,trial_0488_learning_rate=1.0e-03_history=5_kernel_sizes=5x3x3_conv_channels=64x128x256_fc_dims=256_seed0
/scratch/sb272/patterns5k_results/slurm_hist_cnn_2026-03-05_16-01-45/trial_0488_learning_rate=1.0e-03_history=5_kernel_sizes=5x3x3_conv_channels=64x128x256_fc_dims=256_seed1,cnn,0.16480276942253114,0.15612158035468193,0.03021073057537987,0.014168751618218801,0.11378511041402817,0.1699520660978063,239807,239807,50,0.5735226963738255,5,True,0.45456832695830385,0.4299012694985932,18,0.31855225563049316,0.16473045945167542,2,"[5, 3, 3]","[64, 128, 256]",[256],6906248,bc12u21n4,847.8,trial_0488_learning_rate=1.0e-03_history=5_kernel_sizes=5x3x3_conv_channels=64x128x256_fc_dims=256_seed1,23180e7802,trial_0488_learning_rate=1.0e-03_history=5_kernel_sizes=5x3x3_conv_channels=64x128x256_fc_dims=256_seed1
/scratch/sb272/patterns5k_results/slurm_hist_cnn_2026-03-05_16-01-45/trial_0489_learning_rate=1.0e-03_history=5_kernel_sizes=5x3x3_conv_channels=64x128x256_fc_dims=512_seed0,cnn,0.16464456868171692,0.16380381274095318,0.03282764979771206,0.015688313378228083,0.12124381959438324,0.1720361631398046,321727,321727,49,0.5945665441029302,5,True,0.45456832695830385,0.43701307127122374,21,0.31855225563049316,0.17205439507961273,2,"[5, 3, 3]","[64, 128, 256]",[512],6906248,bc12u21n4,929.7,trial_0489_learning_rate=1.0e-03_history=5_kernel_sizes=5x3x3_conv_channels=64x128x256_fc_dims=512_seed0,f8824617d7,trial_0489_learning_rate=1.0e-03_history=5_kernel_sizes=5x3x3_conv_channels=64x128x256_fc_dims=512_seed0
/scratch/sb272/patterns5k_results/slurm_hist_cnn_2026-03-05_16-01-45/trial_0489_learning_rate=1.0e-03_history=5_kernel_sizes=5x3x3_conv_channels=64x128x256_fc_dims=512_seed1,cnn,0.16489807832241057,0.16051118984585908,0.03201757253162445,0.014870397628299774,0.11528980731964111,0.1728829814126493,321727,321727,50,0.5954059709519135,5,True,0.45456832695830385,0.437802981544853,20,0.31855225563049316,0.16888049244880676,2,"[5, 3, 3]","[64, 128, 256]",[512],6906248,bc12u21n4,946.0,trial_0489_learning_rate=1.0e-03_history=5_kernel_sizes=5x3x3_conv_channels=64x128x256_fc_dims=512_seed1,f8824617d7,trial_0489_learning_rate=1.0e-03_history=5_kernel_sizes=5x3x3_conv_channels=64x128x256_fc_dims=512_seed1
/scratch/sb272/patterns5k_results/slurm_hist_cnn_2026-03-05_16-01-45/trial_0490_learning_rate=1.0e-03_history=5_kernel_sizes=5x3x3_conv_channels=64x128x256_fc_dims=1024_seed0,cnn,0.1650777385234833,0.16006294435748503,0.03028636886959984,0.011674705951932877,0.11107015609741211,0.17436081315753774,485567,485567,50,0.5941022105757466,5,True,0.45456832695830385,0.4424737566862798,21,0.31855225563049316,0.1679399609565735,2,"[5, 3, 3]","[64, 128, 256]",[1024],6906248,bc12u21n4,1154.8,trial_0490_learning_rate=1.0e-03_history=5_kernel_sizes=5x3x3_conv_channels=64x128x256_fc_dims=1024_seed0,edce0703df,trial_0490_learning_rate=1.0e-03_history=5_kernel_sizes=5x3x3_conv_channels=64x128x256_fc_dims=1024_seed0
/scratch/sb272/patterns5k_results/slurm_hist_cnn_2026-03-05_16-01-45/trial_0490_learning_rate=1.0e-03_history=5_kernel_sizes=5x3x3_conv_channels=64x128x256_fc_dims=1024_seed1,cnn,0.1648837947845459,0.16181159941544915,0.031238378986479746,0.014935998689560663,0.11870838701725006,0.17362738433674235,485567,485567,50,0.5942314518932551,5,True,0.45456832695830385,0.4389271231233616,18,0.31855225563049316,0.16970446705818176,2,"[5, 3, 3]","[64, 128, 256]",[1024],6906248,bc12u21n4,1157.1,trial_0490_learning_rate=1.0e-03_history=5_kernel_sizes=5x3x3_conv_channels=64x128x256_fc_dims=1024_seed1,edce0703df,trial_0490_learning_rate=1.0e-03_history=5_kernel_sizes=5x3x3_conv_channels=64x128x256_fc_dims=1024_seed1
/scratch/sb272/patterns5k_results/slurm_hist_cnn_2026-03-05_16-01-45/trial_0500_learning_rate=1.0e-03_history=10_kernel_sizes=5x3_conv_channels=128x256_fc_dims=1024_seed0,cnn,0.1714846715927124,0.14503769147546017,-0.002337115151541574,-0.007228200397794209,0.13354112207889557,0.15054134515968076,494399,494399,39,0.5636227313907615,10,True,0.45456832695830385,0.38082791511717096,10,0.31855225563049316,0.15127602219581604,1,"[5, 3]","[128, 256]",[1024],6912112,bc12u23n1,696.8,trial_0500_learning_rate=1.0e-03_history=10_kernel_sizes=5x3_conv_channels=128x256_fc_dims=1024_seed0,40c86f93b4,trial_0500_learning_rate=1.0e-03_history=10_kernel_sizes=5x3_conv_channels=128x256_fc_dims=1024_seed0
/scratch/sb272/patterns5k_results/slurm_hist_cnn_2026-03-05_16-01-45/trial_0500_learning_rate=1.0e-03_history=10_kernel_sizes=5x3_conv_channels=128x256_fc_dims=1024_seed1,cnn,0.17087487185001374,0.1471944823207473,0.0018085156168256486,-0.006164279248979356,0.1314706653356552,0.15283827778463477,494399,494399,28,0.5558062399304605,10,True,0.45456832695830385,0.3856456077339102,10,0.31855225563049316,0.15369001030921936,1,"[5, 3]","[128, 256]",[1024],6912112,bc12u23n1,552.9,trial_0500_learning_rate=1.0e-03_history=10_kernel_sizes=5x3_conv_channels=128x256_fc_dims=1024_seed1,40c86f93b4,trial_0500_learning_rate=1.0e-03_history=10_kernel_sizes=5x3_conv_channels=128x256_fc_dims=1024_seed1
/scratch/sb272/patterns5k_results/slurm_hist_cnn_2026-03-05_16-01-45/trial_0501_learning_rate=1.0e-03_history=10_kernel_sizes=3x3x3_conv_channels=32x64x128_fc_dims=128_seed0,cnn,0.1666795241832733,0.14186620806953573,0.024400769718109616,0.01817181564512707,0.1236778274178505,0.14736424212484237,66111,66111,50,0.4815358963688889,10,True,0.45456832695830385,0.3384098737726896,9,0.31855225563049316,0.14673830568790436,2,"[3, 3, 3]","[32, 64, 128]",[128],6912112,bc12u23n1,451.3,trial_0501_learning_rate=1.0e-03_history=10_kernel_sizes=3x3x3_conv_channels=32x64x128_fc_dims=128_seed0,72d44375d7,trial_0501_learning_rate=1.0e-03_history=10_kernel_sizes=3x3x3_conv_channels=32x64x128_fc_dims=128_seed0
/scratch/sb272/patterns5k_results/slurm_hist_cnn_2026-03-05_16-01-45/trial_0501_learning_rate=1.0e-03_history=10_kernel_sizes=3x3x3_conv_channels=32x64x128_fc_dims=128_seed1,cnn,0.1664107472896576,0.14258416620720427,0.025112839918287975,0.018523659971025255,0.12452288717031479,0.15161144201614107,66111,66111,50,0.5026243948295791,10,True,0.45456832695830385,0.35065813383398664,9,0.31855225563049316,0.14841580390930176,2,"[3, 3, 3]","[32, 64, 128]",[128],6912112,bc12u23n1,460.4,trial_0501_learning_rate=1.0e-03_history=10_kernel_sizes=3x3x3_conv_channels=32x64x128_fc_dims=128_seed1,72d44375d7,trial_0501_learning_rate=1.0e-03_history=10_kernel_sizes=3x3x3_conv_channels=32x64x128_fc_dims=128_seed1
/scratch/sb272/patterns5k_results/slurm_hist_cnn_2026-03-05_16-01-45/trial_0502_learning_rate=1.0e-03_history=10_kernel_sizes=3x3x3_conv_channels=32x64x128_fc_dims=256_seed0,cnn,0.1661944043636322,0.14478576132585846,0.025549691820901537,0.019483911612677197,0.12790487706661224,0.15275721062480094,90687,90687,50,0.5179584896529418,10,True,0.45456832695830385,0.35360122989465304,10,0.31855225563049316,0.15006737411022186,2,"[3, 3, 3]","[32, 64, 128]",[256],6912112,bc12u23n1,499.9,trial_0502_learning_rate=1.0e-03_history=10_kernel_sizes=3x3x3_conv_channels=32x64x128_fc_dims=256_seed0,346ed0f9a0,trial_0502_learning_rate=1.0e-03_history=10_kernel_sizes=3x3x3_conv_channels=32x64x128_fc_dims=256_seed0
/scratch/sb272/patterns5k_results/slurm_hist_cnn_2026-03-05_16-01-45/trial_0502_learning_rate=1.0e-03_history=10_kernel_sizes=3x3x3_conv_channels=32x64x128_fc_dims=256_seed1,cnn,0.16645323646068572,0.14383697909227142,0.025700188818432036,0.019676037251003205,0.127462238073349,0.15534439343223028,90687,90687,50,0.4922827425216508,10,True,0.45456832695830385,0.34853237966564304,9,0.31855225563049316,0.14929652214050293,2,"[3, 3, 3]","[32, 64, 128]",[256],6912112,bc12u23n1,501.2,trial_0502_learning_rate=1.0e-03_history=10_kernel_sizes=3x3x3_conv_channels=32x64x128_fc_dims=256_seed1,346ed0f9a0,trial_0502_learning_rate=1.0e-03_history=10_kernel_sizes=3x3x3_conv_channels=32x64x128_fc_dims=256_seed1
/scratch/sb272/patterns5k_results/slurm_hist_cnn_2026-03-05_16-01-45/trial_0503_learning_rate=1.0e-03_history=10_kernel_sizes=5x3x3_conv_channels=64x128x256_fc_dims=256_seed0,cnn,0.16651175153255462,0.15001518384321882,0.027441654886518205,0.019843099609253897,0.13048508763313293,0.1601216961223266,239807,239807,47,0.5079392475860512,10,True,0.45456832695830385,0.36143752134934254,8,0.31855225563049316,0.15623627603054047,2,"[5, 3, 3]","[64, 128, 256]",[256],6912112,bc12u23n1,621.7,trial_0503_learning_rate=1.0e-03_history=10_kernel_sizes=5x3x3_conv_channels=64x128x256_fc_dims=256_seed0,3d0f99c580,trial_0503_learning_rate=1.0e-03_history=10_kernel_sizes=5x3x3_conv_channels=64x128x256_fc_dims=256_seed0
/scratch/sb272/patterns5k_results/slurm_hist_cnn_2026-03-05_16-01-45/trial_0503_learning_rate=1.0e-03_history=10_kernel_sizes=5x3x3_conv_channels=64x128x256_fc_dims=256_seed1,cnn,0.16659279477596284,0.14983611195381713,0.026871100304618714,0.018712426934923445,0.12864109873771667,0.16083644099968677,239807,239807,50,0.5669167659699583,10,True,0.45456832695830385,0.40283677527577205,11,0.31855225563049316,0.1573147177696228,2,"[5, 3, 3]","[64, 128, 256]",[256],6912112,bc12u23n1,638.7,trial_0503_learning_rate=1.0e-03_history=10_kernel_sizes=5x3x3_conv_channels=64x128x256_fc_dims=256_seed1,3d0f99c580,trial_0503_learning_rate=1.0e-03_history=10_kernel_sizes=5x3x3_conv_channels=64x128x256_fc_dims=256_seed1
/scratch/sb272/patterns5k_results/slurm_hist_cnn_2026-03-05_16-01-45/trial_0504_learning_rate=1.0e-03_history=10_kernel_sizes=5x3x3_conv_channels=64x128x256_fc_dims=512_seed0,cnn,0.16634783136844636,0.15021673733526475,0.025976595424470447,0.018543122306702627,0.1298830658197403,0.16172495785728452,321727,321727,50,0.5495121412914107,10,True,0.45456832695830385,0.3925049846254136,11,0.31855225563049316,0.1569577157497406,1,"[5, 3, 3]","[64, 128, 256]",[512],6912112,bc12u23n1,707.5,trial_0504_learning_rate=1.0e-03_history=10_kernel_sizes=5x3x3_conv_channels=64x128x256_fc_dims=512_seed0,04eef9af1a,trial_0504_learning_rate=1.0e-03_history=10_kernel_sizes=5x3x3_conv_channels=64x128x256_fc_dims=512_seed0
/scratch/sb272/patterns5k_results/slurm_hist_cnn_2026-03-05_16-01-45/trial_0504_learning_rate=1.0e-03_history=10_kernel_sizes=5x3x3_conv_channels=64x128x256_fc_dims=512_seed1,cnn,0.16638424110412597,0.15334833588420416,0.02759096168336414,0.020121119325123137,0.13425688445568085,0.16369556229499932,321727,321727,50,0.5652058275881321,10,True,0.45456832695830385,0.3993952894717086,10,0.31855225563049316,0.1603572815656662,1,"[5, 3, 3]","[64, 128, 256]",[512],6912112,bc12u23n1,697.1,trial_0504_learning_rate=1.0e-03_history=10_kernel_sizes=5x3x3_conv_channels=64x128x256_fc_dims=512_seed1,04eef9af1a,trial_0504_learning_rate=1.0e-03_history=10_kernel_sizes=5x3x3_conv_channels=64x128x256_fc_dims=512_seed1
/scratch/sb272/patterns5k_results/slurm_hist_cnn_2026-03-05_16-01-45/trial_0505_learning_rate=1.0e-03_history=10_kernel_sizes=5x3x3_conv_channels=64x128x256_fc_dims=1024_seed0,cnn,0.16633143329620362,0.15294435510445714,0.025790631771087646,0.018316575459071567,0.1318836808204651,0.16587625991683527,485567,485567,50,0.5598094359239459,10,True,0.45456832695830385,0.39941190491768336,13,0.31855225563049316,0.159772589802742,2,"[5, 3, 3]","[64, 128, 256]",[1024],6912112,bc12u23n1,826.7,trial_0505_learning_rate=1.0e-03_history=10_kernel_sizes=5x3x3_conv_channels=64x128x256_fc_dims=1024_seed0,93801a51ff,trial_0505_learning_rate=1.0e-03_history=10_kernel_sizes=5x3x3_conv_channels=64x128x256_fc_dims=1024_seed0
/scratch/sb272/patterns5k_results/slurm_hist_cnn_2026-03-05_16-01-45/trial_0505_learning_rate=1.0e-03_history=10_kernel_sizes=5x3x3_conv_channels=64x128x256_fc_dims=1024_seed1,cnn,0.1663761031627655,0.15533606324930246,0.025890433599078465,0.017688002851274278,0.13291001319885254,0.16607934813047384,485567,485567,50,0.5792931204289281,10,True,0.45456832695830385,0.4109409847283669,11,0.31855225563049316,0.1623343974351883,2,"[5, 3, 3]","[64, 128, 256]",[1024],6912112,bc12u23n1,824.3,trial_0505_learning_rate=1.0e-03_history=10_kernel_sizes=5x3x3_conv_channels=64x128x256_fc_dims=1024_seed1,93801a51ff,trial_0505_learning_rate=1.0e-03_history=10_kernel_sizes=5x3x3_conv_channels=64x128x256_fc_dims=1024_seed1
/scratch/sb272/patterns5k_results/slurm_hist_cnn_2026-03-05_16-01-45/trial_0506_learning_rate=1.0e-03_history=10_kernel_sizes=3x3x3_conv_channels=128x128x128_fc_dims=256_seed0,cnn,0.16690121018886567,0.14276976966592453,0.024178494536687457,0.0175213028514196,0.12185721099376678,0.15125305282456614,188991,188991,32,0.4939589569693458,10,True,0.45456832695830385,0.3468605616587975,9,0.31855225563049316,0.14776122570037842,1,"[3, 3, 3]","[128, 128, 128]",[256],6912112,bc12u23n1,453.7,trial_0506_learning_rate=1.0e-03_history=10_kernel_sizes=3x3x3_conv_channels=128x128x128_fc_dims=256_seed0,4fc93c6008,trial_0506_learning_rate=1.0e-03_history=10_kernel_sizes=3x3x3_conv_channels=128x128x128_fc_dims=256_seed0
/scratch/sb272/patterns5k_results/slurm_hist_cnn_2026-03-05_16-01-45/trial_0506_learning_rate=1.0e-03_history=10_kernel_sizes=3x3x3_conv_channels=128x128x128_fc_dims=256_seed1,cnn,0.1669139198064804,0.14489753590713167,0.025711989591992092,0.018055145702664813,0.12370388209819794,0.15327874228085497,188991,188991,42,0.5451383623705576,10,True,0.45456832695830385,0.37852107893761516,10,0.31855225563049316,0.15075241029262543,1,"[3, 3, 3]","[128, 128, 128]",[256],6912112,bc12u23n1,517.9,trial_0506_learning_rate=1.0e-03_history=10_kernel_sizes=3x3x3_conv_channels=128x128x128_fc_dims=256_seed1,4fc93c6008,trial_0506_learning_rate=1.0e-03_history=10_kernel_sizes=3x3x3_conv_channels=128x128x128_fc_dims=256_seed1
/scratch/sb272/patterns5k_results/slurm_hist_cnn_2026-03-05_16-01-45/trial_0507_learning_rate=1.0e-03_history=10_kernel_sizes=3x3x3_conv_channels=128x128x128_fc_dims=512_seed0,cnn,0.16690707051753997,0.14647589048557685,0.022896161155095174,0.01628973843559386,0.12596061825752258,0.15436857990879446,238143,238143,40,0.5527596444517795,10,True,0.45456832695830385,0.3837387062801685,11,0.31855225563049316,0.15295350551605225,2,"[3, 3, 3]","[128, 128, 128]",[512],6912112,bc12u23n1,547.7,trial_0507_learning_rate=1.0e-03_history=10_kernel_sizes=3x3x3_conv_channels=128x128x128_fc_dims=512_seed0,d406fee58e,trial_0507_learning_rate=1.0e-03_history=10_kernel_sizes=3x3x3_conv_channels=128x128x128_fc_dims=512_seed0
/scratch/sb272/patterns5k_results/slurm_hist_cnn_2026-03-05_16-01-45/trial_0507_learning_rate=1.0e-03_history=10_kernel_sizes=3x3x3_conv_channels=128x128x128_fc_dims=512_seed1,cnn,0.16722110974788665,0.14651760760757887,0.022635030368017773,0.015972234900035555,0.12688139081001282,0.15705982337139832,238143,238143,42,0.5463029701057669,10,True,0.45456832695830385,0.38176453323580495,10,0.31855225563049316,0.15293435752391815,1,"[3, 3, 3]","[128, 128, 128]",[512],6912112,bc12u23n1,551.6,trial_0507_learning_rate=1.0e-03_history=10_kernel_sizes=3x3x3_conv_channels=128x128x128_fc_dims=512_seed1,d406fee58e,trial_0507_learning_rate=1.0e-03_history=10_kernel_sizes=3x3x3_conv_channels=128x128x128_fc_dims=512_seed1
/scratch/sb272/patterns5k_results/slurm_hist_cnn_2026-03-05_16-01-45/trial_0508_learning_rate=1.0e-03_history=10_kernel_sizes=3x3x3_conv_channels=256x256x256_fc_dims=512_seed0,cnn,0.16854077112674712,0.14308986388531972,0.02423061454106891,0.015151810078393845,0.11782851070165634,0.15414285941857442,640063,640063,29,0.5486605057702955,10,True,0.45456832695830385,0.3926374916454704,10,0.31855225563049316,0.14964523911476135,1,"[3, 3, 3]","[256, 256, 256]",[512],6912112,bc12u23n1,649.5,trial_0508_learning_rate=1.0e-03_history=10_kernel_sizes=3x3x3_conv_channels=256x256x256_fc_dims=512_seed0,8119de8fdb,trial_0508_learning_rate=1.0e-03_history=10_kernel_sizes=3x3x3_conv_channels=256x256x256_fc_dims=512_seed0
/scratch/sb272/patterns5k_results/slurm_hist_cnn_2026-03-05_16-01-45/trial_0508_learning_rate=1.0e-03_history=10_kernel_sizes=3x3x3_conv_channels=256x256x256_fc_dims=512_seed1,cnn,0.167282661318779,0.14444463744952124,0.024290322311340817,0.01722384350640433,0.12356947362422943,0.15541176544097765,640063,640063,27,0.5606911621243339,10,True,0.45456832695830385,0.39854011869673406,10,0.31855225563049316,0.15092799067497253,1,"[3, 3, 3]","[256, 256, 256]",[512],6912112,bc12u23n1,626.2,trial_0508_learning_rate=1.0e-03_history=10_kernel_sizes=3x3x3_conv_channels=256x256x256_fc_dims=512_seed1,8119de8fdb,trial_0508_learning_rate=1.0e-03_history=10_kernel_sizes=3x3x3_conv_channels=256x256x256_fc_dims=512_seed1
/scratch/sb272/patterns5k_results/slurm_hist_cnn_2026-03-05_16-01-45/trial_0509_learning_rate=1.0e-03_history=10_kernel_sizes=3x3x3_conv_channels=256x256x256_fc_dims=1024_seed0,cnn,0.1670853508710861,0.1495310585657268,0.024330796703459726,0.016509076905628993,0.1285465955734253,0.15976894136575437,803903,803903,27,0.5621732315930013,10,True,0.45456832695830385,0.3915862431620762,11,0.31855225563049316,0.15594367682933807,2,"[3, 3, 3]","[256, 256, 256]",[1024],6912112,bc12u23n1,696.9,trial_0509_learning_rate=1.0e-03_history=10_kernel_sizes=3x3x3_conv_channels=256x256x256_fc_dims=1024_seed0,af5bfd56f6,trial_0509_learning_rate=1.0e-03_history=10_kernel_sizes=3x3x3_conv_channels=256x256x256_fc_dims=1024_seed0
/scratch/sb272/patterns5k_results/slurm_hist_cnn_2026-03-05_16-01-45/trial_0509_learning_rate=1.0e-03_history=10_kernel_sizes=3x3x3_conv_channels=256x256x256_fc_dims=1024_seed1,cnn,0.16699848091602326,0.14720521677180853,0.019825547460525755,0.010390300599355546,0.1234196349978447,0.15718623772147325,803903,803903,27,0.5637857739269794,10,True,0.45456832695830385,0.39049851014584486,11,0.31855225563049316,0.1540072113275528,1,"[3, 3, 3]","[256, 256, 256]",[1024],6912112,bc12u23n1,699.4,trial_0509_learning_rate=1.0e-03_history=10_kernel_sizes=3x3x3_conv_channels=256x256x256_fc_dims=1024_seed1,af5bfd56f6,trial_0509_learning_rate=1.0e-03_history=10_kernel_sizes=3x3x3_conv_channels=256x256x256_fc_dims=1024_seed1
/scratch/sb272/patterns5k_results/slurm_hist_cnn_2026-03-05_16-01-45/trial_0510_learning_rate=1.0e-03_history=20_kernel_sizes=3x3_conv_channels=64x128_fc_dims=128_seed0,cnn,0.16852855348587037,0.13395528360105272,0.02162620188697936,0.020091896019284686,0.13159529864788055,0.13737003676219534,69951,69951,41,0.4731191277214884,20,True,0.45456832695830385,0.33542371522794395,7,0.31855225563049316,0.13875606656074524,1,"[3, 3]","[64, 128]",[128],6912112,bc12u23n1,405.8,trial_0510_learning_rate=1.0e-03_history=20_kernel_sizes=3x3_conv_channels=64x128_fc_dims=128_seed0,564f6bd068,trial_0510_learning_rate=1.0e-03_history=20_kernel_sizes=3x3_conv_channels=64x128_fc_dims=128_seed0
/scratch/sb272/patterns5k_results/slurm_hist_cnn_2026-03-05_16-01-45/trial_0510_learning_rate=1.0e-03_history=20_kernel_sizes=3x3_conv_channels=64x128_fc_dims=128_seed1,cnn,0.1704114933013916,0.1329883550808743,0.015515418279738654,0.014748677374824645,0.13032330572605133,0.13879840160608853,69951,69951,44,0.49791485000052627,20,True,0.45456832695830385,0.3445277875888922,6,0.31855225563049316,0.1376917064189911,1,"[3, 3]","[64, 128]",[128],6912112,bc12u23n1,419.3,trial_0510_learning_rate=1.0e-03_history=20_kernel_sizes=3x3_conv_channels=64x128_fc_dims=128_seed1,564f6bd068,trial_0510_learning_rate=1.0e-03_history=20_kernel_sizes=3x3_conv_channels=64x128_fc_dims=128_seed1
/scratch/sb272/patterns5k_results/slurm_hist_cnn_2026-03-05_16-01-45/trial_0511_learning_rate=1.0e-03_history=20_kernel_sizes=3x3_conv_channels=64x128_fc_dims=256_seed0,cnn,0.16875270426273345,0.13605078986894223,0.020472571017250182,0.01898890355276683,0.1337534487247467,0.14243796024611743,94527,94527,50,0.49205270108074645,20,True,0.45456832695830385,0.34532644739641244,10,0.31855225563049316,0.14119794964790344,1,"[3, 3]","[64, 128]",[256],6912112,bc12u23n1,467.1,trial_0511_learning_rate=1.0e-03_history=20_kernel_sizes=3x3_conv_channels=64x128_fc_dims=256_seed0,5fa6b09465,trial_0511_learning_rate=1.0e-03_history=20_kernel_sizes=3x3_conv_channels=64x128_fc_dims=256_seed0
/scratch/sb272/patterns5k_results/slurm_hist_cnn_2026-03-05_16-01-45/trial_0511_learning_rate=1.0e-03_history=20_kernel_sizes=3x3_conv_channels=64x128_fc_dims=256_seed1,cnn,0.16885497438907623,0.13667219931243768,0.02022891669046311,0.019197382624187166,0.13423313200473785,0.14336696174810887,94527,94527,50,0.5140756635554359,20,True,0.45456832695830385,0.3593794975772074,9,0.31855225563049316,0.1419951617717743,1,"[3, 3]","[64, 128]",[256],6912112,bc12u23n1,468.8,trial_0511_learning_rate=1.0e-03_history=20_kernel_sizes=3x3_conv_channels=64x128_fc_dims=256_seed1,5fa6b09465,trial_0511_learning_rate=1.0e-03_history=20_kernel_sizes=3x3_conv_channels=64x128_fc_dims=256_seed1
/scratch/sb272/patterns5k_results/slurm_hist_cnn_2026-03-05_16-01-45/trial_0512_learning_rate=1.0e-03_history=20_kernel_sizes=3x3_conv_channels=64x128_fc_dims=512_seed0,cnn,0.16943989539146423,0.13752141746590038,0.017850151137700155,0.015921196294209315,0.13374751806259155,0.1448436964529223,143679,143679,50,0.5189979581324922,20,True,0.45456832695830385,0.35957193488153905,9,0.31855225563049316,0.14238499104976654,1,"[3, 3]","[64, 128]",[512],6912112,bc12u23n1,515.8,trial_0512_learning_rate=1.0e-03_history=20_kernel_sizes=3x3_conv_channels=64x128_fc_dims=512_seed0,2310092533,trial_0512_learning_rate=1.0e-03_history=20_kernel_sizes=3x3_conv_channels=64x128_fc_dims=512_seed0
/scratch/sb272/patterns5k_results/slurm_hist_cnn_2026-03-05_16-01-45/trial_0512_learning_rate=1.0e-03_history=20_kernel_sizes=3x3_conv_channels=64x128_fc_dims=512_seed1,cnn,0.16946541714668273,0.1387029641409689,0.018453009544856964,0.01830544736650255,0.13700534403324127,0.14514277941494114,143679,143679,50,0.5353820986871196,20,True,0.45456832695830385,0.3733943461041569,9,0.31855225563049316,0.14452609419822693,1,"[3, 3]","[64, 128]",[512],6912112,bc12u23n1,515.1,trial_0512_learning_rate=1.0e-03_history=20_kernel_sizes=3x3_conv_channels=64x128_fc_dims=512_seed1,2310092533,trial_0512_learning_rate=1.0e-03_history=20_kernel_sizes=3x3_conv_channels=64x128_fc_dims=512_seed1
/scratch/sb272/patterns5k_results/slurm_hist_cnn_2026-03-05_16-01-45/trial_0513_learning_rate=1.0e-03_history=20_kernel_sizes=5x3_conv_channels=128x256_fc_dims=256_seed0,cnn,0.17091130077838898,0.13340426550927748,0.010607544391874283,0.010784210666777596,0.13104623556137085,0.13672552381888572,248639,248639,33,0.5013181178064567,20,True,0.45456832695830385,0.3668679423707298,10,0.31855225563049316,0.13995389640331268,1,"[5, 3]","[128, 256]",[256],6912112,bc12u23n1,478.2,trial_0513_learning_rate=1.0e-03_history=20_kernel_sizes=5x3_conv_channels=128x256_fc_dims=256_seed0,2a2c21e494,trial_0513_learning_rate=1.0e-03_history=20_kernel_sizes=5x3_conv_channels=128x256_fc_dims=256_seed0
/scratch/sb272/patterns5k_results/slurm_hist_cnn_2026-03-05_16-01-45/trial_0513_learning_rate=1.0e-03_history=20_kernel_sizes=5x3_conv_channels=128x256_fc_dims=256_seed1,cnn,0.1715491828918457,0.1322203240289713,0.005080724519396585,0.006084496066683815,0.12885363399982452,0.13869526079155187,248639,248639,34,0.5166261292320483,20,True,0.45456832695830385,0.36762836752586747,11,0.31855225563049316,0.13813216984272003,1,"[5, 3]","[128, 256]",[256],6912112,bc12u23n1,482.1,trial_0513_learning_rate=1.0e-03_history=20_kernel_sizes=5x3_conv_channels=128x256_fc_dims=256_seed1,2a2c21e494,trial_0513_learning_rate=1.0e-03_history=20_kernel_sizes=5x3_conv_channels=128x256_fc_dims=256_seed1
/scratch/sb272/patterns5k_results/slurm_hist_cnn_2026-03-05_16-01-45/trial_0514_learning_rate=1.0e-03_history=20_kernel_sizes=5x3_conv_channels=128x256_fc_dims=512_seed0,cnn,0.16898873496055603,0.1361438718842087,0.016829831259591237,0.01446910131545294,0.13279055058956146,0.1402240742704733,330559,330559,28,0.5179624341058946,20,True,0.45456832695830385,0.37152298023333197,10,0.31855225563049316,0.14195901155471802,1,"[5, 3]","[128, 256]",[512],6912112,bc12u23n1,475.3,trial_0514_learning_rate=1.0e-03_history=20_kernel_sizes=5x3_conv_channels=128x256_fc_dims=512_seed0,8b844deefa,trial_0514_learning_rate=1.0e-03_history=20_kernel_sizes=5x3_conv_channels=128x256_fc_dims=512_seed0
/scratch/sb272/patterns5k_results/slurm_hist_cnn_2026-03-05_16-01-45/trial_0514_learning_rate=1.0e-03_history=20_kernel_sizes=5x3_conv_channels=128x256_fc_dims=512_seed1,cnn,0.16980347585678102,0.1349683015672746,0.014278863157544817,0.011603990244486976,0.1317812204360962,0.1425564587258591,330559,330559,31,0.5492107008037542,20,True,0.45456832695830385,0.3813492815292574,11,0.31855225563049316,0.1407584249973297,1,"[5, 3]","[128, 256]",[512],6912112,bc12u23n1,503.7,trial_0514_learning_rate=1.0e-03_history=20_kernel_sizes=5x3_conv_channels=128x256_fc_dims=512_seed1,8b844deefa,trial_0514_learning_rate=1.0e-03_history=20_kernel_sizes=5x3_conv_channels=128x256_fc_dims=512_seed1
/scratch/sb272/patterns5k_results/slurm_hist_cnn_2026-03-05_16-01-45/trial_0515_learning_rate=1.0e-03_history=20_kernel_sizes=5x3_conv_channels=128x256_fc_dims=1024_seed0,cnn,0.17314696574211122,0.137631530242376,-0.0035780885862925697,-0.004040454115186419,0.13520269095897675,0.14326706371922365,494399,494399,29,0.5295987812565186,20,True,0.45456832695830385,0.3723572420439753,11,0.31855225563049316,0.14366784691810608,1,"[5, 3]","[128, 256]",[1024],6912112,bc12u23n1,568.1,trial_0515_learning_rate=1.0e-03_history=20_kernel_sizes=5x3_conv_channels=128x256_fc_dims=1024_seed0,a009c1927a,trial_0515_learning_rate=1.0e-03_history=20_kernel_sizes=5x3_conv_channels=128x256_fc_dims=1024_seed0
/scratch/sb272/patterns5k_results/slurm_hist_cnn_2026-03-05_16-01-45/trial_0515_learning_rate=1.0e-03_history=20_kernel_sizes=5x3_conv_channels=128x256_fc_dims=1024_seed1,cnn,0.17018947970867157,0.13533306299139541,0.008056854444836814,0.0026320436644175697,0.1306416392326355,0.14437059616188588,494399,494399,28,0.5320304672492641,20,True,0.45456832695830385,0.37753641678299216,12,0.31855225563049316,0.14129777252674103,1,"[5, 3]","[128, 256]",[1024],6912112,bc12u23n1,559.4,trial_0515_learning_rate=1.0e-03_history=20_kernel_sizes=5x3_conv_channels=128x256_fc_dims=1024_seed1,a009c1927a,trial_0515_learning_rate=1.0e-03_history=20_kernel_sizes=5x3_conv_channels=128x256_fc_dims=1024_seed1
/scratch/sb272/patterns5k_results/slurm_hist_cnn_2026-03-05_16-01-45/trial_0516_learning_rate=1.0e-03_history=20_kernel_sizes=3x3x3_conv_channels=32x64x128_fc_dims=128_seed0,cnn,0.16808392560482024,0.13235155444523194,0.022249042041718015,0.02039670565771678,0.12841732800006866,0.13847734914166573,66111,66111,50,0.47352333166075855,20,True,0.45456832695830385,0.3275714536985248,8,0.31855225563049316,0.13665227591991425,0,"[3, 3, 3]","[32, 64, 128]",[128],6912112,bc12u23n1,456.6,trial_0516_learning_rate=1.0e-03_history=20_kernel_sizes=3x3x3_conv_channels=32x64x128_fc_dims=128_seed0,9360bf34e0,trial_0516_learning_rate=1.0e-03_history=20_kernel_sizes=3x3x3_conv_channels=32x64x128_fc_dims=128_seed0
/scratch/sb272/patterns5k_results/slurm_hist_cnn_2026-03-05_16-01-45/trial_0516_learning_rate=1.0e-03_history=20_kernel_sizes=3x3x3_conv_channels=32x64x128_fc_dims=128_seed1,cnn,0.16786309695243837,0.134906371349339,0.02358672921619718,0.02092010255843874,0.13051997125148773,0.14292839497380724,66111,66111,50,0.48226642751193155,20,True,0.45456832695830385,0.34476480252583,10,0.31855225563049316,0.14073827862739563,1,"[3, 3, 3]","[32, 64, 128]",[128],6912112,bc12u23n1,453.7,trial_0516_learning_rate=1.0e-03_history=20_kernel_sizes=3x3x3_conv_channels=32x64x128_fc_dims=128_seed1,9360bf34e0,trial_0516_learning_rate=1.0e-03_history=20_kernel_sizes=3x3x3_conv_channels=32x64x128_fc_dims=128_seed1
/scratch/sb272/patterns5k_results/slurm_hist_cnn_2026-03-05_16-01-45/trial_0517_learning_rate=1.0e-03_history=20_kernel_sizes=3x3x3_conv_channels=32x64x128_fc_dims=256_seed0,cnn,0.16753875303268434,0.1363970933648131,0.02382735695157732,0.021552685707334488,0.13238519430160522,0.1442988174471795,90687,90687,50,0.5098040678581409,20,True,0.45456832695830385,0.3532406431033158,9,0.31855225563049316,0.14156627655029297,1,"[3, 3, 3]","[32, 64, 128]",[256],6912112,bc12u23n1,480.7,trial_0517_learning_rate=1.0e-03_history=20_kernel_sizes=3x3x3_conv_channels=32x64x128_fc_dims=256_seed0,a4cf5ceb92,trial_0517_learning_rate=1.0e-03_history=20_kernel_sizes=3x3x3_conv_channels=32x64x128_fc_dims=256_seed0
/scratch/sb272/patterns5k_results/slurm_hist_cnn_2026-03-05_16-01-45/trial_0517_learning_rate=1.0e-03_history=20_kernel_sizes=3x3x3_conv_channels=32x64x128_fc_dims=256_seed1,cnn,0.16761759650707245,0.138392094298116,0.024467173076811292,0.02158158639120677,0.13289977610111237,0.14843759036398202,90687,90687,50,0.5142497758427887,20,True,0.45456832695830385,0.36626709275169606,11,0.31855225563049316,0.14397801458835602,1,"[3, 3, 3]","[32, 64, 128]",[256],6912112,bc12u23n1,487.8,trial_0517_learning_rate=1.0e-03_history=20_kernel_sizes=3x3x3_conv_channels=32x64x128_fc_dims=256_seed1,a4cf5ceb92,trial_0517_learning_rate=1.0e-03_history=20_kernel_sizes=3x3x3_conv_channels=32x64x128_fc_dims=256_seed1
/scratch/sb272/patterns5k_results/slurm_hist_cnn_2026-03-05_16-01-45/trial_0518_learning_rate=1.0e-03_history=20_kernel_sizes=5x3x3_conv_channels=64x128x256_fc_dims=256_seed0,cnn,0.1680098568201065,0.14026862750336808,0.025085912810431585,0.02179917645832849,0.13488462567329407,0.14670987945712252,239807,239807,50,0.5372577967575923,20,True,0.45456832695830385,0.38629274974745254,11,0.31855225563049316,0.147186279296875,1,"[5, 3, 3]","[64, 128, 256]",[256],6912112,bc12u23n1,626.2,trial_0518_learning_rate=1.0e-03_history=20_kernel_sizes=5x3x3_conv_channels=64x128x256_fc_dims=256_seed0,3f61b96df7,trial_0518_learning_rate=1.0e-03_history=20_kernel_sizes=5x3x3_conv_channels=64x128x256_fc_dims=256_seed0
/scratch/sb272/patterns5k_results/slurm_hist_cnn_2026-03-05_16-01-45/trial_0518_learning_rate=1.0e-03_history=20_kernel_sizes=5x3x3_conv_channels=64x128x256_fc_dims=256_seed1,cnn,0.16777003955841063,0.1399830204086478,0.024479794123816113,0.020814930635785298,0.13310682773590088,0.14948170774163483,239807,239807,38,0.5275700320067076,20,True,0.45456832695830385,0.370168723405897,12,0.31855225563049316,0.14632737636566162,1,"[5, 3, 3]","[64, 128, 256]",[256],6912112,bc12u23n1,531.3,trial_0518_learning_rate=1.0e-03_history=20_kernel_sizes=5x3x3_conv_channels=64x128x256_fc_dims=256_seed1,3f61b96df7,trial_0518_learning_rate=1.0e-03_history=20_kernel_sizes=5x3x3_conv_channels=64x128x256_fc_dims=256_seed1
/scratch/sb272/patterns5k_results/slurm_hist_cnn_2026-03-05_16-01-45/trial_0519_learning_rate=1.0e-03_history=20_kernel_sizes=5x3x3_conv_channels=64x128x256_fc_dims=512_seed0,cnn,0.16815363502502442,0.1415099568681382,0.024416778768811907,0.021172083559490386,0.13490474224090576,0.1502643571919573,321727,321727,50,0.5422602408154938,20,True,0.45456832695830385,0.380817678120455,13,0.31855225563049316,0.14787344634532928,1,"[5, 3, 3]","[64, 128, 256]",[512],6912112,bc12u23n1,689.4,trial_0519_learning_rate=1.0e-03_history=20_kernel_sizes=5x3x3_conv_channels=64x128x256_fc_dims=512_seed0,b110d8ac1f,trial_0519_learning_rate=1.0e-03_history=20_kernel_sizes=5x3x3_conv_channels=64x128x256_fc_dims=512_seed0
/scratch/sb272/patterns5k_results/slurm_hist_cnn_2026-03-05_16-01-45/trial_0519_learning_rate=1.0e-03_history=20_kernel_sizes=5x3x3_conv_channels=64x128x256_fc_dims=512_seed1,cnn,0.16778630590438842,0.14263849031472187,0.02342080596893553,0.020499117790706574,0.1363305002450943,0.15183669553851462,321727,321727,36,0.5082217165919958,20,True,0.45456832695830385,0.36961318076452926,10,0.31855225563049316,0.14938639104366302,1,"[5, 3, 3]","[64, 128, 256]",[512],6912112,bc12u23n1,560.7,trial_0519_learning_rate=1.0e-03_history=20_kernel_sizes=5x3x3_conv_channels=64x128x256_fc_dims=512_seed1,b110d8ac1f,trial_0519_learning_rate=1.0e-03_history=20_kernel_sizes=5x3x3_conv_channels=64x128x256_fc_dims=512_seed1
/scratch/sb272/patterns5k_results/slurm_hist_cnn_2026-03-05_16-01-45/trial_0520_learning_rate=1.0e-03_history=20_kernel_sizes=5x3x3_conv_channels=64x128x256_fc_dims=1024_seed0,cnn,0.16715647852420806,0.14687403436139881,0.02478868053072975,0.02157591638110933,0.1397920846939087,0.15208654894072712,485567,485567,34,0.5652003733313432,20,True,0.45456832695830385,0.39468258928650735,11,0.31855225563049316,0.15308290719985962,1,"[5, 3, 3]","[64, 128, 256]",[1024],6912112,bc12u23n1,641.3,trial_0520_learning_rate=1.0e-03_history=20_kernel_sizes=5x3x3_conv_channels=64x128x256_fc_dims=1024_seed0,3767d77250,trial_0520_learning_rate=1.0e-03_history=20_kernel_sizes=5x3x3_conv_channels=64x128x256_fc_dims=1024_seed0
/scratch/sb272/patterns5k_results/slurm_hist_cnn_2026-03-05_16-01-45/trial_0520_learning_rate=1.0e-03_history=20_kernel_sizes=5x3x3_conv_channels=64x128x256_fc_dims=1024_seed1,cnn,0.16795331752300263,0.14395227977603114,0.023905296174306718,0.018411891801016673,0.13358192145824432,0.15354387973054595,485567,485567,44,0.5456420221355388,20,True,0.45456832695830385,0.384167939456456,11,0.31855225563049316,0.1500304639339447,1,"[5, 3, 3]","[64, 128, 256]",[1024],6912112,bc12u23n1,751.2,trial_0520_learning_rate=1.0e-03_history=20_kernel_sizes=5x3x3_conv_channels=64x128x256_fc_dims=1024_seed1,3767d77250,trial_0520_learning_rate=1.0e-03_history=20_kernel_sizes=5x3x3_conv_channels=64x128x256_fc_dims=1024_seed1
/scratch/sb272/patterns5k_results/slurm_hist_cnn_2026-03-05_16-01-45/trial_0521_learning_rate=1.0e-03_history=20_kernel_sizes=3x3x3_conv_channels=128x128x128_fc_dims=256_seed0,cnn,0.16801252329349517,0.13747589283989023,0.023170390772441075,0.020124878202165877,0.13030777871608734,0.14198684095026531,188991,188991,33,0.503761199942108,20,True,0.45456832695830385,0.35955545473480793,10,0.31855225563049316,0.14220446348190308,1,"[3, 3, 3]","[128, 128, 128]",[256],6912112,bc12u23n1,457.0,trial_0521_learning_rate=1.0e-03_history=20_kernel_sizes=3x3x3_conv_channels=128x128x128_fc_dims=256_seed0,de50f20ca0,trial_0521_learning_rate=1.0e-03_history=20_kernel_sizes=3x3x3_conv_channels=128x128x128_fc_dims=256_seed0
/scratch/sb272/patterns5k_results/slurm_hist_cnn_2026-03-05_16-01-45/trial_0521_learning_rate=1.0e-03_history=20_kernel_sizes=3x3x3_conv_channels=128x128x128_fc_dims=256_seed1,cnn,0.16843347275257112,0.13561714725821522,0.022337247454930865,0.018868635571192182,0.12713192403316498,0.14485833543869292,188991,188991,38,0.5161793643570681,20,True,0.45456832695830385,0.3721028006272414,9,0.31855225563049316,0.1413293182849884,1,"[3, 3, 3]","[128, 128, 128]",[256],6912112,bc12u23n1,488.3,trial_0521_learning_rate=1.0e-03_history=20_kernel_sizes=3x3x3_conv_channels=128x128x128_fc_dims=256_seed1,de50f20ca0,trial_0521_learning_rate=1.0e-03_history=20_kernel_sizes=3x3x3_conv_channels=128x128x128_fc_dims=256_seed1
/scratch/sb272/patterns5k_results/slurm_hist_cnn_2026-03-05_16-01-45/trial_0522_learning_rate=1.0e-03_history=20_kernel_sizes=3x3x3_conv_channels=128x128x128_fc_dims=512_seed0,cnn,0.16903980529308318,0.13873012384169064,0.017158761857047913,0.015250553214360797,0.13402430713176727,0.14604892748135076,238143,238143,36,0.5139009293575578,20,True,0.45456832695830385,0.3574877772893168,11,0.31855225563049316,0.14400643110275269,1,"[3, 3, 3]","[128, 128, 128]",[512],6912112,bc12u23n1,508.3,trial_0522_learning_rate=1.0e-03_history=20_kernel_sizes=3x3x3_conv_channels=128x128x128_fc_dims=512_seed0,2c2bbf8052,trial_0522_learning_rate=1.0e-03_history=20_kernel_sizes=3x3x3_conv_channels=128x128x128_fc_dims=512_seed0
/scratch/sb272/patterns5k_results/slurm_hist_cnn_2026-03-05_16-01-45/trial_0522_learning_rate=1.0e-03_history=20_kernel_sizes=3x3x3_conv_channels=128x128x128_fc_dims=512_seed1,cnn,0.16803126192092896,0.14003202928935418,0.02265672929703243,0.01999701772417341,0.13397112488746643,0.1478352296881106,238143,238143,35,0.5215975502277836,20,True,0.45456832695830385,0.3756554117643074,12,0.31855225563049316,0.14605022966861725,1,"[3, 3, 3]","[128, 128, 128]",[512],6912112,bc12u23n1,501.8,trial_0522_learning_rate=1.0e-03_history=20_kernel_sizes=3x3x3_conv_channels=128x128x128_fc_dims=512_seed1,2c2bbf8052,trial_0522_learning_rate=1.0e-03_history=20_kernel_sizes=3x3x3_conv_channels=128x128x128_fc_dims=512_seed1
/scratch/sb272/patterns5k_results/slurm_hist_cnn_2026-03-05_16-01-45/trial_0523_learning_rate=1.0e-03_history=20_kernel_sizes=3x3x3_conv_channels=256x256x256_fc_dims=512_seed0,cnn,0.1685559585094452,0.14014602951036106,0.023203456212603855,0.019081983301374648,0.13176541030406952,0.1434824776443657,640063,640063,26,0.5134437089544873,20,True,0.45456832695830385,0.3593046605741388,10,0.31855225563049316,0.14483867585659027,1,"[3, 3, 3]","[256, 256, 256]",[512],6912112,bc12u23n1,604.7,trial_0523_learning_rate=1.0e-03_history=20_kernel_sizes=3x3x3_conv_channels=256x256x256_fc_dims=512_seed0,ab85bf42a8,trial_0523_learning_rate=1.0e-03_history=20_kernel_sizes=3x3x3_conv_channels=256x256x256_fc_dims=512_seed0
/scratch/sb272/patterns5k_results/slurm_hist_cnn_2026-03-05_16-01-45/trial_0523_learning_rate=1.0e-03_history=20_kernel_sizes=3x3x3_conv_channels=256x256x256_fc_dims=512_seed1,cnn,0.16922504770755767,0.1390857878793641,0.022188483722626218,0.01721599745371985,0.13084310293197632,0.1480799598696619,640063,640063,29,0.521738976892342,20,True,0.45456832695830385,0.37020325026556106,9,0.31855225563049316,0.14444097876548767,1,"[3, 3, 3]","[256, 256, 256]",[512],6912112,bc12u23n1,651.4,trial_0523_learning_rate=1.0e-03_history=20_kernel_sizes=3x3x3_conv_channels=256x256x256_fc_dims=512_seed1,ab85bf42a8,trial_0523_learning_rate=1.0e-03_history=20_kernel_sizes=3x3x3_conv_channels=256x256x256_fc_dims=512_seed1
/scratch/sb272/patterns5k_results/slurm_hist_cnn_2026-03-05_16-01-45/trial_0524_learning_rate=1.0e-03_history=20_kernel_sizes=3x3x3_conv_channels=256x256x256_fc_dims=1024_seed0,cnn,0.1683167783021927,0.14072705337114175,0.0183481564597478,0.013444742513081384,0.1322832852602005,0.1483578994421418,803903,803903,25,0.5449127792742763,20,True,0.45456832695830385,0.3794458738075797,10,0.31855225563049316,0.1456281691789627,1,"[3, 3, 3]","[256, 256, 256]",[1024],6912112,bc12u23n1,659.0,trial_0524_learning_rate=1.0e-03_history=20_kernel_sizes=3x3x3_conv_channels=256x256x256_fc_dims=1024_seed0,ca484b18ce,trial_0524_learning_rate=1.0e-03_history=20_kernel_sizes=3x3x3_conv_channels=256x256x256_fc_dims=1024_seed0
/scratch/sb272/patterns5k_results/slurm_hist_cnn_2026-03-05_16-01-45/trial_0524_learning_rate=1.0e-03_history=20_kernel_sizes=3x3x3_conv_channels=256x256x256_fc_dims=1024_seed1,cnn,0.1703018341064453,0.1402859233167329,0.008627110057406955,0.007277456540910024,0.13245001435279846,0.14991076771109227,803903,803903,23,0.5069038819530303,20,True,0.45456832695830385,0.36666211230123935,10,0.31855225563049316,0.14515040814876556,1,"[3, 3, 3]","[256, 256, 256]",[1024],6912112,bc12u23n1,623.2,trial_0524_learning_rate=1.0e-03_history=20_kernel_sizes=3x3x3_conv_channels=256x256x256_fc_dims=1024_seed1,ca484b18ce,trial_0524_learning_rate=1.0e-03_history=20_kernel_sizes=3x3x3_conv_channels=256x256x256_fc_dims=1024_seed1
/scratch/sb272/patterns5k_results/slurm_hist_cnn_2026-03-05_16-01-45/trial_0525_learning_rate=1.0e-03_history=1_kernel_sizes=3x3_conv_channels=64x128_fc_dims=128_seed0,cnn,0.15301811492443085,0.2434275700821666,0.07209063617009966,-0.002951335339319138,0.09134012460708618,0.25063897779826905,69951,69951,50,0.7193270941775742,1,True,0.45456832695830385,0.5943112080364147,53,0.31855225563049316,0.25302624702453613,13,"[3, 3]","[64, 128]",[128],6912761,bc12u15n3,445.6,trial_0525_learning_rate=1.0e-03_history=1_kernel_sizes=3x3_conv_channels=64x128_fc_dims=128_seed0,a599066712,trial_0525_learning_rate=1.0e-03_history=1_kernel_sizes=3x3_conv_channels=64x128_fc_dims=128_seed0
/scratch/sb272/patterns5k_results/slurm_hist_cnn_2026-03-05_16-01-45/trial_0525_learning_rate=1.0e-03_history=1_kernel_sizes=3x3_conv_channels=64x128_fc_dims=128_seed1,cnn,0.15279305398464202,0.24314509892091024,0.07194490470583477,-0.003305168378920782,0.09133525937795639,0.25301061780877115,69951,69951,50,0.718602395678028,1,True,0.45456832695830385,0.5937478872397648,52,0.31855225563049316,0.25288084149360657,13,"[3, 3]","[64, 128]",[128],6912761,bc12u15n3,420.5,trial_0525_learning_rate=1.0e-03_history=1_kernel_sizes=3x3_conv_channels=64x128_fc_dims=128_seed1,a599066712,trial_0525_learning_rate=1.0e-03_history=1_kernel_sizes=3x3_conv_channels=64x128_fc_dims=128_seed1
/scratch/sb272/patterns5k_results/slurm_hist_cnn_2026-03-05_16-01-45/trial_0526_learning_rate=1.0e-03_history=1_kernel_sizes=3x3_conv_channels=64x128_fc_dims=256_seed0,cnn,0.15201672220230103,0.24853800888621105,0.07580648528205024,-0.0038966451372419086,0.09294162690639496,0.256677262468376,94527,94527,50,0.7389176952797584,1,True,0.45456832695830385,0.6100246175152498,54,0.31855225563049316,0.2591453194618225,14,"[3, 3]","[64, 128]",[256],6912761,bc12u15n3,425.9,trial_0526_learning_rate=1.0e-03_history=1_kernel_sizes=3x3_conv_channels=64x128_fc_dims=256_seed0,6a80a13574,trial_0526_learning_rate=1.0e-03_history=1_kernel_sizes=3x3_conv_channels=64x128_fc_dims=256_seed0
/scratch/sb272/patterns5k_results/slurm_hist_cnn_2026-03-05_16-01-45/trial_0526_learning_rate=1.0e-03_history=1_kernel_sizes=3x3_conv_channels=64x128_fc_dims=256_seed1,cnn,0.15224663972854613,0.24835371466819706,0.07471551119335114,-0.004613162033141605,0.08721296489238739,0.2585566661157104,94527,94527,50,0.7373758852970705,1,True,0.45456832695830385,0.6061486404371854,55,0.31855225563049316,0.2585711181163788,13,"[3, 3]","[64, 128]",[256],6912761,bc12u15n3,437.0,trial_0526_learning_rate=1.0e-03_history=1_kernel_sizes=3x3_conv_channels=64x128_fc_dims=256_seed1,6a80a13574,trial_0526_learning_rate=1.0e-03_history=1_kernel_sizes=3x3_conv_channels=64x128_fc_dims=256_seed1
/scratch/sb272/patterns5k_results/slurm_hist_cnn_2026-03-05_16-01-45/trial_0527_learning_rate=1.0e-03_history=1_kernel_sizes=3x3_conv_channels=64x128_fc_dims=512_seed0,cnn,0.15243475425243377,0.25080404833465825,0.07558139070631965,-0.0034287325919620574,0.08528537303209305,0.25932742297039696,143679,143679,50,0.7493808389033719,1,True,0.45456832695830385,0.6157529133994262,55,0.31855225563049316,0.26138946413993835,14,"[3, 3]","[64, 128]",[512],6912761,bc12u15n3,477.4,trial_0527_learning_rate=1.0e-03_history=1_kernel_sizes=3x3_conv_channels=64x128_fc_dims=512_seed0,a2f0a12b07,trial_0527_learning_rate=1.0e-03_history=1_kernel_sizes=3x3_conv_channels=64x128_fc_dims=512_seed0
/scratch/sb272/patterns5k_results/slurm_hist_cnn_2026-03-05_16-01-45/trial_0527_learning_rate=1.0e-03_history=1_kernel_sizes=3x3_conv_channels=64x128_fc_dims=512_seed1,cnn,0.1519128704071045,0.2512348509865169,0.07714213738365779,-0.0015234776905604772,0.0942050963640213,0.2605546035613451,143679,143679,50,0.743951260631794,1,True,0.45456832695830385,0.6133899753520383,57,0.31855225563049316,0.26167553663253784,13,"[3, 3]","[64, 128]",[512],6912761,bc12u15n3,479.3,trial_0527_learning_rate=1.0e-03_history=1_kernel_sizes=3x3_conv_channels=64x128_fc_dims=512_seed1,a2f0a12b07,trial_0527_learning_rate=1.0e-03_history=1_kernel_sizes=3x3_conv_channels=64x128_fc_dims=512_seed1
/scratch/sb272/patterns5k_results/slurm_hist_cnn_2026-03-05_16-01-45/trial_0528_learning_rate=1.0e-03_history=1_kernel_sizes=5x3_conv_channels=128x256_fc_dims=256_seed0,cnn,0.1513027265071869,0.2608557514730369,0.08024879296620686,-0.0038058625327216256,0.08303487300872803,0.270276079201183,248639,248639,50,0.755792887231026,1,True,0.45456832695830385,0.6279833712950026,59,0.31855225563049316,0.2725488245487213,14,"[5, 3]","[128, 256]",[256],6912761,bc12u15n3,558.4,trial_0528_learning_rate=1.0e-03_history=1_kernel_sizes=5x3_conv_channels=128x256_fc_dims=256_seed0,0ea4e54ce2,trial_0528_learning_rate=1.0e-03_history=1_kernel_sizes=5x3_conv_channels=128x256_fc_dims=256_seed0
/scratch/sb272/patterns5k_results/slurm_hist_cnn_2026-03-05_16-01-45/trial_0528_learning_rate=1.0e-03_history=1_kernel_sizes=5x3_conv_channels=128x256_fc_dims=256_seed1,cnn,0.15122299575805664,0.2592398821241572,0.0797584198770069,-0.004412243290553017,0.07768206298351288,0.2698195994126676,248639,248639,50,0.7475727326075768,1,True,0.45456832695830385,0.6225239568840805,54,0.31855225563049316,0.27038174867630005,14,"[5, 3]","[128, 256]",[256],6912761,bc12u15n3,547.4,trial_0528_learning_rate=1.0e-03_history=1_kernel_sizes=5x3_conv_channels=128x256_fc_dims=256_seed1,0ea4e54ce2,trial_0528_learning_rate=1.0e-03_history=1_kernel_sizes=5x3_conv_channels=128x256_fc_dims=256_seed1
/scratch/sb272/patterns5k_results/slurm_hist_cnn_2026-03-05_16-01-45/trial_0529_learning_rate=1.0e-03_history=1_kernel_sizes=5x3_conv_channels=128x256_fc_dims=512_seed0,cnn,0.15067257845401763,0.2602367665496866,0.08089769265008351,-0.004581599008469354,0.08350139856338501,0.27097810036152303,330559,330559,49,0.7578340610017062,1,True,0.45456832695830385,0.6323629671448453,58,0.31855225563049316,0.2718912959098816,15,"[5, 3]","[128, 256]",[512],6912761,bc12u15n3,647.1,trial_0529_learning_rate=1.0e-03_history=1_kernel_sizes=5x3_conv_channels=128x256_fc_dims=512_seed0,c21d48211c,trial_0529_learning_rate=1.0e-03_history=1_kernel_sizes=5x3_conv_channels=128x256_fc_dims=512_seed0
/scratch/sb272/patterns5k_results/slurm_hist_cnn_2026-03-05_16-01-45/trial_0529_learning_rate=1.0e-03_history=1_kernel_sizes=5x3_conv_channels=128x256_fc_dims=512_seed1,cnn,0.1507688282728195,0.2618502542734074,0.08018467066779969,-0.0053563543728419715,0.08112479746341705,0.2740305661040489,330559,330559,50,0.7593721654299725,1,True,0.45456832695830385,0.633699826594449,58,0.31855225563049316,0.27371177077293396,14,"[5, 3]","[128, 256]",[512],6912761,bc12u15n3,674.2,trial_0529_learning_rate=1.0e-03_history=1_kernel_sizes=5x3_conv_channels=128x256_fc_dims=512_seed1,c21d48211c,trial_0529_learning_rate=1.0e-03_history=1_kernel_sizes=5x3_conv_channels=128x256_fc_dims=512_seed1
/scratch/sb272/patterns5k_results/slurm_hist_cnn_2026-03-05_16-01-45/trial_0530_learning_rate=1.0e-03_history=1_kernel_sizes=5x3_conv_channels=128x256_fc_dims=1024_seed0,cnn,0.15145654952526091,0.26171201890670837,0.0765037593387422,-0.006314876533689953,0.08136625587940216,0.27170845306352914,494399,494399,50,0.761720954961957,1,True,0.45456832695830385,0.6313961880169285,59,0.31855225563049316,0.2734854221343994,16,"[5, 3]","[128, 256]",[1024],6912761,bc12u15n3,753.8,trial_0530_learning_rate=1.0e-03_history=1_kernel_sizes=5x3_conv_channels=128x256_fc_dims=1024_seed0,4fdc5b8d98,trial_0530_learning_rate=1.0e-03_history=1_kernel_sizes=5x3_conv_channels=128x256_fc_dims=1024_seed0
/scratch/sb272/patterns5k_results/slurm_hist_cnn_2026-03-05_16-01-45/trial_0530_learning_rate=1.0e-03_history=1_kernel_sizes=5x3_conv_channels=128x256_fc_dims=1024_seed1,cnn,0.15137025558948516,0.26246865154057375,0.07598661430298335,-0.00633196130631462,0.0821954682469368,0.2742145576217053,494399,494399,50,0.7657503221649143,1,True,0.45456832695830385,0.6364921285143017,58,0.31855225563049316,0.27464041113853455,15,"[5, 3]","[128, 256]",[1024],6912761,bc12u15n3,783.3,trial_0530_learning_rate=1.0e-03_history=1_kernel_sizes=5x3_conv_channels=128x256_fc_dims=1024_seed1,4fdc5b8d98,trial_0530_learning_rate=1.0e-03_history=1_kernel_sizes=5x3_conv_channels=128x256_fc_dims=1024_seed1
/scratch/sb272/patterns5k_results/slurm_hist_cnn_2026-03-05_16-01-45/trial_0531_learning_rate=1.0e-03_history=1_kernel_sizes=3x3x3_conv_channels=32x64x128_fc_dims=128_seed0,cnn,0.15250620591640474,0.23394460033038592,0.06527264723702082,-0.013955416187407478,0.0497005470097065,0.23925321819313491,66111,66111,50,0.6589752279371262,1,True,0.45456832695830385,0.5309760388790439,44,0.31855225563049316,0.2419397383928299,13,"[3, 3, 3]","[32, 64, 128]",[128],6912761,bc12u15n3,449.7,trial_0531_learning_rate=1.0e-03_history=1_kernel_sizes=3x3x3_conv_channels=32x64x128_fc_dims=128_seed0,b070b0224a,trial_0531_learning_rate=1.0e-03_history=1_kernel_sizes=3x3x3_conv_channels=32x64x128_fc_dims=128_seed0
/scratch/sb272/patterns5k_results/slurm_hist_cnn_2026-03-05_16-01-45/trial_0531_learning_rate=1.0e-03_history=1_kernel_sizes=3x3x3_conv_channels=32x64x128_fc_dims=128_seed1,cnn,0.15237518501281738,0.23596542107253973,0.06449278195699056,-0.0147864336059207,0.05964638665318489,0.24083833598784726,66111,66111,50,0.659784251308268,1,True,0.45456832695830385,0.5267868337620774,44,0.31855225563049316,0.24338163435459137,12,"[3, 3, 3]","[32, 64, 128]",[128],6912761,bc12u15n3,482.0,trial_0531_learning_rate=1.0e-03_history=1_kernel_sizes=3x3x3_conv_channels=32x64x128_fc_dims=128_seed1,b070b0224a,trial_0531_learning_rate=1.0e-03_history=1_kernel_sizes=3x3x3_conv_channels=32x64x128_fc_dims=128_seed1
/scratch/sb272/patterns5k_results/slurm_hist_cnn_2026-03-05_16-01-45/trial_0532_learning_rate=1.0e-03_history=1_kernel_sizes=3x3x3_conv_channels=32x64x128_fc_dims=256_seed0,cnn,0.1522681840658188,0.2396894284432926,0.0676935703035385,-0.012792917471083383,0.05992277339100838,0.24421525917777884,90687,90687,50,0.6756937683759248,1,True,0.45456832695830385,0.541462522146037,47,0.31855225563049316,0.2481032907962799,14,"[3, 3, 3]","[32, 64, 128]",[256],6912761,bc12u15n3,444.8,trial_0532_learning_rate=1.0e-03_history=1_kernel_sizes=3x3x3_conv_channels=32x64x128_fc_dims=256_seed0,f5a1549be0,trial_0532_learning_rate=1.0e-03_history=1_kernel_sizes=3x3x3_conv_channels=32x64x128_fc_dims=256_seed0
/scratch/sb272/patterns5k_results/slurm_hist_cnn_2026-03-05_16-01-45/trial_0532_learning_rate=1.0e-03_history=1_kernel_sizes=3x3x3_conv_channels=32x64x128_fc_dims=256_seed1,cnn,0.15229794120788573,0.23896349972074227,0.06806838796252296,-0.011456076114896744,0.05557253584265709,0.2459356775779877,90687,90687,50,0.6627854624588696,1,True,0.45456832695830385,0.5380194823948389,46,0.31855225563049316,0.24710392951965332,14,"[3, 3, 3]","[32, 64, 128]",[256],6912761,bc12u15n3,448.3,trial_0532_learning_rate=1.0e-03_history=1_kernel_sizes=3x3x3_conv_channels=32x64x128_fc_dims=256_seed1,f5a1549be0,trial_0532_learning_rate=1.0e-03_history=1_kernel_sizes=3x3x3_conv_channels=32x64x128_fc_dims=256_seed1
/scratch/sb272/patterns5k_results/slurm_hist_cnn_2026-03-05_16-01-45/trial_0533_learning_rate=1.0e-03_history=1_kernel_sizes=5x3x3_conv_channels=64x128x256_fc_dims=256_seed0,cnn,0.14939826822280883,0.2617346141668288,0.08206035693486531,-0.019070043450310117,0.05826099216938019,0.2703490840917158,239807,239807,50,0.7265652349208512,1,True,0.45456832695830385,0.5892576827060646,52,0.31855225563049316,0.2723667323589325,16,"[5, 3, 3]","[64, 128, 256]",[256],6912761,bc12u15n3,545.6,trial_0533_learning_rate=1.0e-03_history=1_kernel_sizes=5x3x3_conv_channels=64x128x256_fc_dims=256_seed0,b6990b6179,trial_0533_learning_rate=1.0e-03_history=1_kernel_sizes=5x3x3_conv_channels=64x128x256_fc_dims=256_seed0
/scratch/sb272/patterns5k_results/slurm_hist_cnn_2026-03-05_16-01-45/trial_0533_learning_rate=1.0e-03_history=1_kernel_sizes=5x3x3_conv_channels=64x128x256_fc_dims=256_seed1,cnn,0.14921239042282106,0.2616675718235727,0.0834247659123133,-0.017940308366503035,0.05725667253136635,0.27056820756499217,239807,239807,50,0.7306256371566541,1,True,0.45456832695830385,0.5911474482482583,52,0.31855225563049316,0.27222058176994324,17,"[5, 3, 3]","[64, 128, 256]",[256],6912761,bc12u15n3,526.2,trial_0533_learning_rate=1.0e-03_history=1_kernel_sizes=5x3x3_conv_channels=64x128x256_fc_dims=256_seed1,b6990b6179,trial_0533_learning_rate=1.0e-03_history=1_kernel_sizes=5x3x3_conv_channels=64x128x256_fc_dims=256_seed1
/scratch/sb272/patterns5k_results/slurm_hist_cnn_2026-03-05_16-01-45/trial_0534_learning_rate=1.0e-03_history=1_kernel_sizes=5x3x3_conv_channels=64x128x256_fc_dims=512_seed0,cnn,0.1487926905155182,0.2655971340338193,0.08554605642954509,-0.016558614042070176,0.056987207382917404,0.27490620094036233,321727,321727,50,0.7399858121900441,1,True,0.45456832695830385,0.5977229483829619,51,0.31855225563049316,0.27598142623901367,17,"[5, 3, 3]","[64, 128, 256]",[512],6912761,bc12u15n3,541.3,trial_0534_learning_rate=1.0e-03_history=1_kernel_sizes=5x3x3_conv_channels=64x128x256_fc_dims=512_seed0,fcda3e265f,trial_0534_learning_rate=1.0e-03_history=1_kernel_sizes=5x3x3_conv_channels=64x128x256_fc_dims=512_seed0
/scratch/sb272/patterns5k_results/slurm_hist_cnn_2026-03-05_16-01-45/trial_0534_learning_rate=1.0e-03_history=1_kernel_sizes=5x3x3_conv_channels=64x128x256_fc_dims=512_seed1,cnn,0.14886932873725892,0.26562533153623025,0.08567301243070573,-0.01781704028447469,0.05749940872192383,0.27517140350926145,321727,321727,50,0.7396010255516455,1,True,0.45456832695830385,0.5965796233483737,53,0.31855225563049316,0.2761683464050293,18,"[5, 3, 3]","[64, 128, 256]",[512],6912761,bc12u15n3,541.4,trial_0534_learning_rate=1.0e-03_history=1_kernel_sizes=5x3x3_conv_channels=64x128x256_fc_dims=512_seed1,fcda3e265f,trial_0534_learning_rate=1.0e-03_history=1_kernel_sizes=5x3x3_conv_channels=64x128x256_fc_dims=512_seed1
/scratch/sb272/patterns5k_results/slurm_hist_cnn_2026-03-05_16-01-45/trial_0535_learning_rate=1.0e-03_history=1_kernel_sizes=5x3x3_conv_channels=64x128x256_fc_dims=1024_seed0,cnn,0.14877699422836305,0.2654318601335774,0.08600806433057027,-0.015947049572354273,0.05681304261088371,0.2776678846931156,485567,485567,50,0.7468938739827181,1,True,0.45456832695830385,0.5999006858887497,55,0.31855225563049316,0.276508629322052,17,"[5, 3, 3]","[64, 128, 256]",[1024],6912761,bc12u15n3,640.3,trial_0535_learning_rate=1.0e-03_history=1_kernel_sizes=5x3x3_conv_channels=64x128x256_fc_dims=1024_seed0,5960dcae8e,trial_0535_learning_rate=1.0e-03_history=1_kernel_sizes=5x3x3_conv_channels=64x128x256_fc_dims=1024_seed0
/scratch/sb272/patterns5k_results/slurm_hist_cnn_2026-03-05_16-01-45/trial_0535_learning_rate=1.0e-03_history=1_kernel_sizes=5x3x3_conv_channels=64x128x256_fc_dims=1024_seed1,cnn,0.14843228340148926,0.2654035571149262,0.08630386326048109,-0.018083991512419687,0.05346820503473282,0.27647991502171765,485567,485567,50,0.7392681980547581,1,True,0.45456832695830385,0.5978125857032618,52,0.31855225563049316,0.2762853801250458,16,"[5, 3, 3]","[64, 128, 256]",[1024],6912761,bc12u15n3,644.6,trial_0535_learning_rate=1.0e-03_history=1_kernel_sizes=5x3x3_conv_channels=64x128x256_fc_dims=1024_seed1,5960dcae8e,trial_0535_learning_rate=1.0e-03_history=1_kernel_sizes=5x3x3_conv_channels=64x128x256_fc_dims=1024_seed1
/scratch/sb272/patterns5k_results/slurm_hist_cnn_2026-03-05_16-01-45/trial_0536_learning_rate=1.0e-03_history=1_kernel_sizes=3x3x3_conv_channels=128x128x128_fc_dims=256_seed0,cnn,0.14984575128555297,0.2605993941937754,0.0822478419258481,-0.011585092733776758,0.06332709640264511,0.2696547586123224,188991,188991,50,0.7252682186395826,1,True,0.45456832695830385,0.5898310289437574,53,0.31855225563049316,0.2704068422317505,15,"[3, 3, 3]","[128, 128, 128]",[256],6912761,bc12u15n3,436.2,trial_0536_learning_rate=1.0e-03_history=1_kernel_sizes=3x3x3_conv_channels=128x128x128_fc_dims=256_seed0,4937e2f977,trial_0536_learning_rate=1.0e-03_history=1_kernel_sizes=3x3x3_conv_channels=128x128x128_fc_dims=256_seed0
/scratch/sb272/patterns5k_results/slurm_hist_cnn_2026-03-05_16-01-45/trial_0536_learning_rate=1.0e-03_history=1_kernel_sizes=3x3x3_conv_channels=128x128x128_fc_dims=256_seed1,cnn,0.14965385687351226,0.2604928628350774,0.08257726639036149,-0.013221440807221428,0.06279631704092026,0.27009679999894765,188991,188991,50,0.7315663048867479,1,True,0.45456832695830385,0.5929335624422424,53,0.31855225563049316,0.2706829905509949,15,"[3, 3, 3]","[128, 128, 128]",[256],6912761,bc12u15n3,440.0,trial_0536_learning_rate=1.0e-03_history=1_kernel_sizes=3x3x3_conv_channels=128x128x128_fc_dims=256_seed1,4937e2f977,trial_0536_learning_rate=1.0e-03_history=1_kernel_sizes=3x3x3_conv_channels=128x128x128_fc_dims=256_seed1
/scratch/sb272/patterns5k_results/slurm_hist_cnn_2026-03-05_16-01-45/trial_0537_learning_rate=1.0e-03_history=1_kernel_sizes=3x3x3_conv_channels=128x128x128_fc_dims=512_seed0,cnn,0.14920322358608246,0.26430115287587314,0.08613371565228417,-0.0139419020168365,0.058664340525865555,0.2744390282707292,238143,238143,50,0.7472568280114273,1,True,0.45456832695830385,0.6020699128735321,55,0.31855225563049316,0.27526021003723145,16,"[3, 3, 3]","[128, 128, 128]",[512],6912761,bc12u15n3,476.3,trial_0537_learning_rate=1.0e-03_history=1_kernel_sizes=3x3x3_conv_channels=128x128x128_fc_dims=512_seed0,1f685822ac,trial_0537_learning_rate=1.0e-03_history=1_kernel_sizes=3x3x3_conv_channels=128x128x128_fc_dims=512_seed0
/scratch/sb272/patterns5k_results/slurm_hist_cnn_2026-03-05_16-01-45/trial_0537_learning_rate=1.0e-03_history=1_kernel_sizes=3x3x3_conv_channels=128x128x128_fc_dims=512_seed1,cnn,0.14916579377651215,0.2647802812553767,0.08448860380384657,-0.014518295015607561,0.05688655748963356,0.2753729505487003,238143,238143,50,0.7401292319082823,1,True,0.45456832695830385,0.5974478770389615,53,0.31855225563049316,0.27468499541282654,15,"[3, 3, 3]","[128, 128, 128]",[512],6912761,bc12u15n3,477.2,trial_0537_learning_rate=1.0e-03_history=1_kernel_sizes=3x3x3_conv_channels=128x128x128_fc_dims=512_seed1,1f685822ac,trial_0537_learning_rate=1.0e-03_history=1_kernel_sizes=3x3x3_conv_channels=128x128x128_fc_dims=512_seed1
/scratch/sb272/patterns5k_results/slurm_hist_cnn_2026-03-05_16-01-45/trial_0538_learning_rate=1.0e-03_history=1_kernel_sizes=3x3x3_conv_channels=256x256x256_fc_dims=512_seed0,cnn,0.14993141770362853,0.26881039080415475,0.08731208528791155,-0.020890887767549545,0.05439353361725807,0.2789792910655637,640063,640063,50,0.7800120840263353,1,True,0.45456832695830385,0.63663439883773,58,0.31855225563049316,0.28024202585220337,16,"[3, 3, 3]","[256, 256, 256]",[512],6912761,bc12u15n3,727.0,trial_0538_learning_rate=1.0e-03_history=1_kernel_sizes=3x3x3_conv_channels=256x256x256_fc_dims=512_seed0,75abc33231,trial_0538_learning_rate=1.0e-03_history=1_kernel_sizes=3x3x3_conv_channels=256x256x256_fc_dims=512_seed0
/scratch/sb272/patterns5k_results/slurm_hist_cnn_2026-03-05_16-01-45/trial_0538_learning_rate=1.0e-03_history=1_kernel_sizes=3x3x3_conv_channels=256x256x256_fc_dims=512_seed1,cnn,0.14956398689746855,0.2691123020935042,0.08784842207318261,-0.019592782807728602,0.05807936564087868,0.28078177029317675,640063,640063,50,0.7631429963883226,1,True,0.45456832695830385,0.6303353242699589,57,0.31855225563049316,0.28082171082496643,16,"[3, 3, 3]","[256, 256, 256]",[512],6912761,bc12u15n3,728.7,trial_0538_learning_rate=1.0e-03_history=1_kernel_sizes=3x3x3_conv_channels=256x256x256_fc_dims=512_seed1,75abc33231,trial_0538_learning_rate=1.0e-03_history=1_kernel_sizes=3x3x3_conv_channels=256x256x256_fc_dims=512_seed1
/scratch/sb272/patterns5k_results/slurm_hist_cnn_2026-03-05_16-01-45/trial_0539_learning_rate=1.0e-03_history=1_kernel_sizes=3x3x3_conv_channels=256x256x256_fc_dims=1024_seed0,cnn,0.14957226049900055,0.26970406234465144,0.0872523406195262,-0.02036828086489723,0.05454709380865097,0.2810688029595138,803903,803903,50,0.7722926208444908,1,True,0.45456832695830385,0.6342433329495566,59,0.31855225563049316,0.28142043948173523,17,"[3, 3, 3]","[256, 256, 256]",[1024],6912761,bc12u15n3,829.5,trial_0539_learning_rate=1.0e-03_history=1_kernel_sizes=3x3x3_conv_channels=256x256x256_fc_dims=1024_seed0,0d8bf75a58,trial_0539_learning_rate=1.0e-03_history=1_kernel_sizes=3x3x3_conv_channels=256x256x256_fc_dims=1024_seed0
/scratch/sb272/patterns5k_results/slurm_hist_cnn_2026-03-05_16-01-45/trial_0539_learning_rate=1.0e-03_history=1_kernel_sizes=3x3x3_conv_channels=256x256x256_fc_dims=1024_seed1,cnn,0.1493348569869995,0.2694104466752159,0.08640873053717235,-0.01915560071430509,0.057243507355451584,0.28113730716817154,803903,803903,50,0.7750917258076332,1,True,0.45456832695830385,0.6320889638276002,59,0.31855225563049316,0.28120940923690796,17,"[3, 3, 3]","[256, 256, 256]",[1024],6912761,bc12u15n3,821.6,trial_0539_learning_rate=1.0e-03_history=1_kernel_sizes=3x3x3_conv_channels=256x256x256_fc_dims=1024_seed1,0d8bf75a58,trial_0539_learning_rate=1.0e-03_history=1_kernel_sizes=3x3x3_conv_channels=256x256x256_fc_dims=1024_seed1
/scratch/sb272/patterns5k_results/slurm_hist_cnn_2026-03-05_16-01-45/trial_0540_learning_rate=1.0e-03_history=2_kernel_sizes=3x3_conv_channels=64x128_fc_dims=128_seed0,cnn,0.15387146425247192,0.24223540341792318,0.0729324600053212,0.0036141247976393927,0.10198167711496353,0.2509225139709904,69951,69951,50,0.7150826479599091,2,True,0.45456832695830385,0.5904948848860402,52,0.31855225563049316,0.2523655593395233,9,"[3, 3]","[64, 128]",[128],6912761,bc12u15n3,349.7,trial_0540_learning_rate=1.0e-03_history=2_kernel_sizes=3x3_conv_channels=64x128_fc_dims=128_seed0,dcee98546d,trial_0540_learning_rate=1.0e-03_history=2_kernel_sizes=3x3_conv_channels=64x128_fc_dims=128_seed0
/scratch/sb272/patterns5k_results/slurm_hist_cnn_2026-03-05_16-01-45/trial_0540_learning_rate=1.0e-03_history=2_kernel_sizes=3x3_conv_channels=64x128_fc_dims=128_seed1,cnn,0.15365132677555085,0.2422282029746368,0.07293151011542669,0.002379116557893299,0.10040008276700974,0.2539678615737011,69951,69951,50,0.7271412107601848,2,True,0.45456832695830385,0.5952603665172466,56,0.31855225563049316,0.25213825702667236,8,"[3, 3]","[64, 128]",[128],6912761,bc12u15n3,346.2,trial_0540_learning_rate=1.0e-03_history=2_kernel_sizes=3x3_conv_channels=64x128_fc_dims=128_seed1,dcee98546d,trial_0540_learning_rate=1.0e-03_history=2_kernel_sizes=3x3_conv_channels=64x128_fc_dims=128_seed1
/scratch/sb272/patterns5k_results/slurm_hist_cnn_2026-03-05_16-01-45/trial_0541_learning_rate=1.0e-03_history=2_kernel_sizes=3x3_conv_channels=64x128_fc_dims=256_seed0,cnn,0.15323146390914916,0.24681757799891557,0.0757755580402556,0.0023973962617298912,0.1019909605383873,0.2563028904307269,94527,94527,50,0.7413068448244795,2,True,0.45456832695830385,0.6054190489692313,54,0.31855225563049316,0.2569224238395691,11,"[3, 3]","[64, 128]",[256],6912761,bc12u15n3,361.6,trial_0541_learning_rate=1.0e-03_history=2_kernel_sizes=3x3_conv_channels=64x128_fc_dims=256_seed0,300abb0479,trial_0541_learning_rate=1.0e-03_history=2_kernel_sizes=3x3_conv_channels=64x128_fc_dims=256_seed0
/scratch/sb272/patterns5k_results/slurm_hist_cnn_2026-03-05_16-01-45/trial_0541_learning_rate=1.0e-03_history=2_kernel_sizes=3x3_conv_channels=64x128_fc_dims=256_seed1,cnn,0.15311493933200837,0.24698695942481444,0.07637732748001341,0.0018047766079978338,0.09939714521169662,0.25814370331378395,94527,94527,50,0.7358572394543637,2,True,0.45456832695830385,0.6023061782720751,54,0.31855225563049316,0.25735408067703247,11,"[3, 3]","[64, 128]",[256],6912761,bc12u15n3,363.7,trial_0541_learning_rate=1.0e-03_history=2_kernel_sizes=3x3_conv_channels=64x128_fc_dims=256_seed1,300abb0479,trial_0541_learning_rate=1.0e-03_history=2_kernel_sizes=3x3_conv_channels=64x128_fc_dims=256_seed1
/scratch/sb272/patterns5k_results/slurm_hist_cnn_2026-03-05_16-01-45/trial_0542_learning_rate=1.0e-03_history=2_kernel_sizes=3x3_conv_channels=64x128_fc_dims=512_seed0,cnn,0.15334443271160125,0.2482157767603142,0.0761803114224994,0.004048708885435074,0.10386765748262405,0.25858751079566755,143679,143679,50,0.7432544977578758,2,True,0.45456832695830385,0.6071168458962907,57,0.31855225563049316,0.25833645462989807,10,"[3, 3]","[64, 128]",[512],6912761,bc12u15n3,405.4,trial_0542_learning_rate=1.0e-03_history=2_kernel_sizes=3x3_conv_channels=64x128_fc_dims=512_seed0,2d95481aa2,trial_0542_learning_rate=1.0e-03_history=2_kernel_sizes=3x3_conv_channels=64x128_fc_dims=512_seed0
/scratch/sb272/patterns5k_results/slurm_hist_cnn_2026-03-05_16-01-45/trial_0542_learning_rate=1.0e-03_history=2_kernel_sizes=3x3_conv_channels=64x128_fc_dims=512_seed1,cnn,0.15300744843482972,0.24924180370268026,0.07715797897369142,0.0035721943491981143,0.1030648946762085,0.2610423173788194,143679,143679,50,0.7474160886329392,2,True,0.45456832695830385,0.6107329553884412,56,0.31855225563049316,0.25985008478164673,11,"[3, 3]","[64, 128]",[512],6912761,bc12u15n3,403.9,trial_0542_learning_rate=1.0e-03_history=2_kernel_sizes=3x3_conv_channels=64x128_fc_dims=512_seed1,2d95481aa2,trial_0542_learning_rate=1.0e-03_history=2_kernel_sizes=3x3_conv_channels=64x128_fc_dims=512_seed1
/scratch/sb272/patterns5k_results/slurm_hist_cnn_2026-03-05_16-01-45/trial_0543_learning_rate=1.0e-03_history=2_kernel_sizes=5x3_conv_channels=128x256_fc_dims=256_seed0,cnn,0.15314915490150452,0.25185443949799174,0.07426654914068798,0.0018087511970883324,0.09234682470560074,0.26116707799010397,248639,248639,50,0.7489871218284134,2,True,0.45456832695830385,0.618767682726305,56,0.31855225563049316,0.2626818120479584,11,"[5, 3]","[128, 256]",[256],6912761,bc12u15n3,469.1,trial_0543_learning_rate=1.0e-03_history=2_kernel_sizes=5x3_conv_channels=128x256_fc_dims=256_seed0,083bd6f0d3,trial_0543_learning_rate=1.0e-03_history=2_kernel_sizes=5x3_conv_channels=128x256_fc_dims=256_seed0
/scratch/sb272/patterns5k_results/slurm_hist_cnn_2026-03-05_16-01-45/trial_0543_learning_rate=1.0e-03_history=2_kernel_sizes=5x3_conv_channels=128x256_fc_dims=256_seed1,cnn,0.15300456619262695,0.2517090800398343,0.07591432616824195,0.0010505072654239714,0.09156321734189987,0.26212261794534747,248639,248639,50,0.749910022041625,2,True,0.45456832695830385,0.6197648274090223,58,0.31855225563049316,0.26341649889945984,11,"[5, 3]","[128, 256]",[256],6912761,bc12u15n3,457.5,trial_0543_learning_rate=1.0e-03_history=2_kernel_sizes=5x3_conv_channels=128x256_fc_dims=256_seed1,083bd6f0d3,trial_0543_learning_rate=1.0e-03_history=2_kernel_sizes=5x3_conv_channels=128x256_fc_dims=256_seed1
/scratch/sb272/patterns5k_results/slurm_hist_cnn_2026-03-05_16-01-45/trial_0544_learning_rate=1.0e-03_history=2_kernel_sizes=5x3_conv_channels=128x256_fc_dims=512_seed0,cnn,0.1525634182691574,0.2536747836594549,0.07846565568257892,-0.0005402006800212558,0.08847139030694962,0.26350606425923045,330559,330559,50,0.7597462475485041,2,True,0.45456832695830385,0.6244232648953075,59,0.31855225563049316,0.2652662396430969,11,"[5, 3]","[128, 256]",[512],6912761,bc12u15n3,516.8,trial_0544_learning_rate=1.0e-03_history=2_kernel_sizes=5x3_conv_channels=128x256_fc_dims=512_seed0,554a4d7027,trial_0544_learning_rate=1.0e-03_history=2_kernel_sizes=5x3_conv_channels=128x256_fc_dims=512_seed0
/scratch/sb272/patterns5k_results/slurm_hist_cnn_2026-03-05_16-01-45/trial_0544_learning_rate=1.0e-03_history=2_kernel_sizes=5x3_conv_channels=128x256_fc_dims=512_seed1,cnn,0.15283613574504853,0.25371833501656743,0.07592082023620605,0.0006590334195939321,0.09131022542715073,0.2651767148214112,330559,330559,50,0.7579087820785473,2,True,0.45456832695830385,0.6256779161503532,59,0.31855225563049316,0.2654796242713928,11,"[5, 3]","[128, 256]",[512],6912761,bc12u15n3,519.1,trial_0544_learning_rate=1.0e-03_history=2_kernel_sizes=5x3_conv_channels=128x256_fc_dims=512_seed1,554a4d7027,trial_0544_learning_rate=1.0e-03_history=2_kernel_sizes=5x3_conv_channels=128x256_fc_dims=512_seed1
/scratch/sb272/patterns5k_results/slurm_hist_cnn_2026-03-05_16-01-45/trial_0545_learning_rate=1.0e-03_history=2_kernel_sizes=5x3_conv_channels=128x256_fc_dims=1024_seed0,cnn,0.1537859731912613,0.251633587858192,0.0694656390992422,0.0009751565872676788,0.08959922939538956,0.2624054431245391,494399,494399,41,0.7557983664401304,2,True,0.45456832695830385,0.623063726307916,58,0.31855225563049316,0.2628718614578247,11,"[5, 3]","[128, 256]",[1024],6912761,bc12u15n3,550.6,trial_0545_learning_rate=1.0e-03_history=2_kernel_sizes=5x3_conv_channels=128x256_fc_dims=1024_seed0,6c937c4bde,trial_0545_learning_rate=1.0e-03_history=2_kernel_sizes=5x3_conv_channels=128x256_fc_dims=1024_seed0
/scratch/sb272/patterns5k_results/slurm_hist_cnn_2026-03-05_16-01-45/trial_0545_learning_rate=1.0e-03_history=2_kernel_sizes=5x3_conv_channels=128x256_fc_dims=1024_seed1,cnn,0.15382493710517883,0.2526165352001639,0.07026551261780754,0.0004890343499562097,0.08837242424488068,0.2637961151635091,494399,494399,50,0.7621315890649779,2,True,0.45456832695830385,0.6292737722364666,60,0.31855225563049316,0.26466572284698486,11,"[5, 3]","[128, 256]",[1024],6912761,bc12u15n3,625.9,trial_0545_learning_rate=1.0e-03_history=2_kernel_sizes=5x3_conv_channels=128x256_fc_dims=1024_seed1,6c937c4bde,trial_0545_learning_rate=1.0e-03_history=2_kernel_sizes=5x3_conv_channels=128x256_fc_dims=1024_seed1
/scratch/sb272/patterns5k_results/slurm_hist_cnn_2026-03-05_16-01-45/trial_0546_learning_rate=1.0e-03_history=2_kernel_sizes=3x3x3_conv_channels=32x64x128_fc_dims=128_seed0,cnn,0.1544582942724228,0.22603020898284615,0.059731739854055735,-0.010360415019686259,0.0648140013217926,0.23352900930260034,66111,66111,50,0.6597179838316672,2,True,0.45456832695830385,0.5238901421113695,45,0.31855225563049316,0.2336873859167099,7,"[3, 3, 3]","[32, 64, 128]",[128],6912761,bc12u15n3,357.5,trial_0546_learning_rate=1.0e-03_history=2_kernel_sizes=3x3x3_conv_channels=32x64x128_fc_dims=128_seed0,e85aa6fb83,trial_0546_learning_rate=1.0e-03_history=2_kernel_sizes=3x3x3_conv_channels=32x64x128_fc_dims=128_seed0
/scratch/sb272/patterns5k_results/slurm_hist_cnn_2026-03-05_16-01-45/trial_0546_learning_rate=1.0e-03_history=2_kernel_sizes=3x3x3_conv_channels=32x64x128_fc_dims=128_seed1,cnn,0.15382685804367066,0.22980123343766354,0.06342095515084645,-0.007048202885521783,0.07335525751113892,0.2380025079258826,66111,66111,50,0.6664109387351034,2,True,0.45456832695830385,0.527109842408962,46,0.31855225563049316,0.23786237835884094,7,"[3, 3, 3]","[32, 64, 128]",[128],6912761,bc12u15n3,357.6,trial_0546_learning_rate=1.0e-03_history=2_kernel_sizes=3x3x3_conv_channels=32x64x128_fc_dims=128_seed1,e85aa6fb83,trial_0546_learning_rate=1.0e-03_history=2_kernel_sizes=3x3x3_conv_channels=32x64x128_fc_dims=128_seed1
/scratch/sb272/patterns5k_results/slurm_hist_cnn_2026-03-05_16-01-45/trial_0547_learning_rate=1.0e-03_history=2_kernel_sizes=3x3x3_conv_channels=32x64x128_fc_dims=256_seed0,cnn,0.15384664165973663,0.23323696019796872,0.0653731662129599,-0.005543183712732224,0.07113172113895416,0.24172005620190765,90687,90687,50,0.6624726425828282,2,True,0.45456832695830385,0.5258128353459506,45,0.31855225563049316,0.2410089075565338,9,"[3, 3, 3]","[32, 64, 128]",[256],6912761,bc12u15n3,373.3,trial_0547_learning_rate=1.0e-03_history=2_kernel_sizes=3x3x3_conv_channels=32x64x128_fc_dims=256_seed0,b30096c6ab,trial_0547_learning_rate=1.0e-03_history=2_kernel_sizes=3x3x3_conv_channels=32x64x128_fc_dims=256_seed0
/scratch/sb272/patterns5k_results/slurm_hist_cnn_2026-03-05_16-01-45/trial_0547_learning_rate=1.0e-03_history=2_kernel_sizes=3x3x3_conv_channels=32x64x128_fc_dims=256_seed1,cnn,0.15357718801498413,0.23368954971768552,0.0661725505949959,-0.005147612284100245,0.07377216964960098,0.24280714791940827,90687,90687,50,0.6793757157632326,2,True,0.45456832695830385,0.5382935459172422,46,0.31855225563049316,0.24191279709339142,10,"[3, 3, 3]","[32, 64, 128]",[256],6912761,bc12u15n3,375.0,trial_0547_learning_rate=1.0e-03_history=2_kernel_sizes=3x3x3_conv_channels=32x64x128_fc_dims=256_seed1,b30096c6ab,trial_0547_learning_rate=1.0e-03_history=2_kernel_sizes=3x3x3_conv_channels=32x64x128_fc_dims=256_seed1
/scratch/sb272/patterns5k_results/slurm_hist_cnn_2026-03-05_16-01-45/trial_0548_learning_rate=1.0e-03_history=2_kernel_sizes=5x3x3_conv_channels=64x128x256_fc_dims=256_seed0,cnn,0.15160589230060578,0.2515238930097397,0.0785271544305105,-0.008094345766400534,0.07154243439435959,0.26335592635270816,239807,239807,50,0.7075797659934907,2,True,0.45456832695830385,0.5734180038653974,50,0.31855225563049316,0.2626267373561859,12,"[5, 3, 3]","[64, 128, 256]",[256],6912761,bc12u15n3,477.1,trial_0548_learning_rate=1.0e-03_history=2_kernel_sizes=5x3x3_conv_channels=64x128x256_fc_dims=256_seed0,5d27fe8ff8,trial_0548_learning_rate=1.0e-03_history=2_kernel_sizes=5x3x3_conv_channels=64x128x256_fc_dims=256_seed0
/scratch/sb272/patterns5k_results/slurm_hist_cnn_2026-03-05_16-01-45/trial_0548_learning_rate=1.0e-03_history=2_kernel_sizes=5x3x3_conv_channels=64x128x256_fc_dims=256_seed1,cnn,0.15108426082134246,0.25230328490369774,0.07881897309469799,-0.010240169744642954,0.07507062703371048,0.2632764946449134,239807,239807,50,0.7156132068904196,2,True,0.45456832695830385,0.5774043952243552,50,0.31855225563049316,0.26285627484321594,13,"[5, 3, 3]","[64, 128, 256]",[256],6912761,bc12u15n3,474.6,trial_0548_learning_rate=1.0e-03_history=2_kernel_sizes=5x3x3_conv_channels=64x128x256_fc_dims=256_seed1,5d27fe8ff8,trial_0548_learning_rate=1.0e-03_history=2_kernel_sizes=5x3x3_conv_channels=64x128x256_fc_dims=256_seed1
/scratch/sb272/patterns5k_results/slurm_hist_cnn_2026-03-05_16-01-45/trial_0549_learning_rate=1.0e-03_history=2_kernel_sizes=5x3x3_conv_channels=64x128x256_fc_dims=512_seed0,cnn,0.15178029549121858,0.25245941755093637,0.07804287993718707,-0.014352525983537947,0.0700744092464447,0.26569128198852693,321727,321727,50,0.7230254109796209,2,True,0.45456832695830385,0.5806691556679441,51,0.31855225563049316,0.2630598545074463,12,"[5, 3, 3]","[64, 128, 256]",[512],6912761,bc12u15n3,528.3,trial_0549_learning_rate=1.0e-03_history=2_kernel_sizes=5x3x3_conv_channels=64x128x256_fc_dims=512_seed0,0537951075,trial_0549_learning_rate=1.0e-03_history=2_kernel_sizes=5x3x3_conv_channels=64x128x256_fc_dims=512_seed0
/scratch/sb272/patterns5k_results/slurm_hist_cnn_2026-03-05_16-01-45/trial_0549_learning_rate=1.0e-03_history=2_kernel_sizes=5x3x3_conv_channels=64x128x256_fc_dims=512_seed1,cnn,0.15115930330753327,0.25357149629665043,0.07899937743232363,-0.011157955442156111,0.0719124972820282,0.2651174064550719,321727,321727,50,0.7354482754241117,2,True,0.45456832695830385,0.5852554779952858,52,0.31855225563049316,0.2642298638820648,14,"[5, 3, 3]","[64, 128, 256]",[512],6912761,bc12u15n3,533.0,trial_0549_learning_rate=1.0e-03_history=2_kernel_sizes=5x3x3_conv_channels=64x128x256_fc_dims=512_seed1,0537951075,trial_0549_learning_rate=1.0e-03_history=2_kernel_sizes=5x3x3_conv_channels=64x128x256_fc_dims=512_seed1
/scratch/sb272/patterns5k_results/slurm_hist_cnn_2026-03-05_16-01-45/trial_0550_learning_rate=1.0e-03_history=2_kernel_sizes=5x3x3_conv_channels=64x128x256_fc_dims=1024_seed0,cnn,0.1511487512588501,0.2536665994202979,0.07941832239665682,-0.008263194371783545,0.07121936231851578,0.26785162289371384,485567,485567,50,0.7201179738043589,2,True,0.45456832695830385,0.5801158097930258,52,0.31855225563049316,0.26472049951553345,15,"[5, 3, 3]","[64, 128, 256]",[1024],6913276,bb5u12c1,624.7,trial_0550_learning_rate=1.0e-03_history=2_kernel_sizes=5x3x3_conv_channels=64x128x256_fc_dims=1024_seed0,2168046f5c,trial_0550_learning_rate=1.0e-03_history=2_kernel_sizes=5x3x3_conv_channels=64x128x256_fc_dims=1024_seed0
/scratch/sb272/patterns5k_results/slurm_hist_cnn_2026-03-05_16-01-45/trial_0550_learning_rate=1.0e-03_history=2_kernel_sizes=5x3x3_conv_channels=64x128x256_fc_dims=1024_seed1,cnn,0.15125564193725585,0.25331277727944446,0.07830209486068242,-0.007460213842846099,0.07625505328178406,0.2663175528089287,485567,485567,50,0.7254056799772772,2,True,0.45456832695830385,0.5833665380663203,51,0.31855225563049316,0.2643764019012451,12,"[5, 3, 3]","[64, 128, 256]",[1024],6913276,bb5u12c1,631.7,trial_0550_learning_rate=1.0e-03_history=2_kernel_sizes=5x3x3_conv_channels=64x128x256_fc_dims=1024_seed1,2168046f5c,trial_0550_learning_rate=1.0e-03_history=2_kernel_sizes=5x3x3_conv_channels=64x128x256_fc_dims=1024_seed1
/scratch/sb272/patterns5k_results/slurm_hist_cnn_2026-03-05_16-01-45/trial_0551_learning_rate=1.0e-03_history=2_kernel_sizes=3x3x3_conv_channels=128x128x128_fc_dims=256_seed0,cnn,0.15160312736034393,0.2519739332463252,0.07807899656749907,-0.007895553868914407,0.07201943546533585,0.26365241616097485,188991,188991,50,0.7279959075570451,2,True,0.45456832695830385,0.5845269702621165,50,0.31855225563049316,0.2616088390350342,13,"[3, 3, 3]","[128, 128, 128]",[256],6913276,bb5u12c1,401.1,trial_0551_learning_rate=1.0e-03_history=2_kernel_sizes=3x3x3_conv_channels=128x128x128_fc_dims=256_seed0,33636c6d4d,trial_0551_learning_rate=1.0e-03_history=2_kernel_sizes=3x3x3_conv_channels=128x128x128_fc_dims=256_seed0
/scratch/sb272/patterns5k_results/slurm_hist_cnn_2026-03-05_16-01-45/trial_0551_learning_rate=1.0e-03_history=2_kernel_sizes=3x3x3_conv_channels=128x128x128_fc_dims=256_seed1,cnn,0.15160875964164733,0.25243477402575376,0.07912893143911211,-0.0074563830617874385,0.07682595402002335,0.26227345083554293,188991,188991,50,0.7305432242721872,2,True,0.45456832695830385,0.5897649693349168,53,0.31855225563049316,0.2626045346260071,12,"[3, 3, 3]","[128, 128, 128]",[256],6913276,bb5u12c1,404.2,trial_0551_learning_rate=1.0e-03_history=2_kernel_sizes=3x3x3_conv_channels=128x128x128_fc_dims=256_seed1,33636c6d4d,trial_0551_learning_rate=1.0e-03_history=2_kernel_sizes=3x3x3_conv_channels=128x128x128_fc_dims=256_seed1
/scratch/sb272/patterns5k_results/slurm_hist_cnn_2026-03-05_16-01-45/trial_0552_learning_rate=1.0e-03_history=2_kernel_sizes=3x3x3_conv_channels=128x128x128_fc_dims=512_seed0,cnn,0.15126003468036653,0.25648342636365656,0.08107469668464055,-0.007732571117461674,0.07355652749538422,0.26717520968183756,238143,238143,50,0.7300717350655057,2,True,0.45456832695830385,0.5889198711694071,51,0.31855225563049316,0.26638293266296387,13,"[3, 3, 3]","[128, 128, 128]",[512],6913276,bb5u12c1,452.3,trial_0552_learning_rate=1.0e-03_history=2_kernel_sizes=3x3x3_conv_channels=128x128x128_fc_dims=512_seed0,24cb5eeef3,trial_0552_learning_rate=1.0e-03_history=2_kernel_sizes=3x3x3_conv_channels=128x128x128_fc_dims=512_seed0
/scratch/sb272/patterns5k_results/slurm_hist_cnn_2026-03-05_16-01-45/trial_0552_learning_rate=1.0e-03_history=2_kernel_sizes=3x3x3_conv_channels=128x128x128_fc_dims=512_seed1,cnn,0.15132933759689332,0.2558861194320799,0.07967484848839897,-0.005991859095437186,0.07305117696523666,0.26769396809133106,238143,238143,50,0.7396287937293994,2,True,0.45456832695830385,0.5936766593096914,54,0.31855225563049316,0.2659256160259247,13,"[3, 3, 3]","[128, 128, 128]",[512],6913276,bb5u12c1,454.9,trial_0552_learning_rate=1.0e-03_history=2_kernel_sizes=3x3x3_conv_channels=128x128x128_fc_dims=512_seed1,24cb5eeef3,trial_0552_learning_rate=1.0e-03_history=2_kernel_sizes=3x3x3_conv_channels=128x128x128_fc_dims=512_seed1
/scratch/sb272/patterns5k_results/slurm_hist_cnn_2026-03-05_16-01-45/trial_0553_learning_rate=1.0e-03_history=2_kernel_sizes=3x3x3_conv_channels=256x256x256_fc_dims=512_seed0,cnn,0.1523185967206955,0.25913987407738626,0.08202375779076228,-0.012857718127114432,0.07158789038658142,0.27036325302240316,640063,640063,50,0.770986000046164,2,True,0.45456832695830385,0.6213664702806151,59,0.31855225563049316,0.27004092931747437,12,"[3, 3, 3]","[256, 256, 256]",[512],6913276,bb5u12c1,696.0,trial_0553_learning_rate=1.0e-03_history=2_kernel_sizes=3x3x3_conv_channels=256x256x256_fc_dims=512_seed0,786334f34e,trial_0553_learning_rate=1.0e-03_history=2_kernel_sizes=3x3x3_conv_channels=256x256x256_fc_dims=512_seed0
/scratch/sb272/patterns5k_results/slurm_hist_cnn_2026-03-05_16-01-45/trial_0553_learning_rate=1.0e-03_history=2_kernel_sizes=3x3x3_conv_channels=256x256x256_fc_dims=512_seed1,cnn,0.15169891393184662,0.2588953541045528,0.0824371065412249,-0.009748588478754438,0.0732443630695343,0.27103180500034807,640063,640063,50,0.7663531345695063,2,True,0.45456832695830385,0.6200825709538422,59,0.31855225563049316,0.2703664004802704,12,"[3, 3, 3]","[256, 256, 256]",[512],6913276,bb5u12c1,692.0,trial_0553_learning_rate=1.0e-03_history=2_kernel_sizes=3x3x3_conv_channels=256x256x256_fc_dims=512_seed1,786334f34e,trial_0553_learning_rate=1.0e-03_history=2_kernel_sizes=3x3x3_conv_channels=256x256x256_fc_dims=512_seed1
/scratch/sb272/patterns5k_results/slurm_hist_cnn_2026-03-05_16-01-45/trial_0554_learning_rate=1.0e-03_history=2_kernel_sizes=3x3x3_conv_channels=256x256x256_fc_dims=1024_seed0,cnn,0.15151978981494904,0.26211778668360336,0.08262099160088433,-0.011512464001065209,0.07195372879505157,0.27323978462663634,803903,803903,50,0.7736936833464555,2,True,0.45456832695830385,0.6221242644486032,57,0.31855225563049316,0.27305495738983154,14,"[3, 3, 3]","[256, 256, 256]",[1024],6913276,bb5u12c1,809.0,trial_0554_learning_rate=1.0e-03_history=2_kernel_sizes=3x3x3_conv_channels=256x256x256_fc_dims=1024_seed0,09d83461fd,trial_0554_learning_rate=1.0e-03_history=2_kernel_sizes=3x3x3_conv_channels=256x256x256_fc_dims=1024_seed0
/scratch/sb272/patterns5k_results/slurm_hist_cnn_2026-03-05_16-01-45/trial_0554_learning_rate=1.0e-03_history=2_kernel_sizes=3x3x3_conv_channels=256x256x256_fc_dims=1024_seed1,cnn,0.1514121652841568,0.26032958830490105,0.081638461067563,-0.009986328700232127,0.0756867378950119,0.2723856177725549,803903,803903,42,0.7617387929769635,2,True,0.45456832695830385,0.6177853610375063,57,0.31855225563049316,0.27141404151916504,13,"[3, 3, 3]","[256, 256, 256]",[1024],6913276,bb5u12c1,712.9,trial_0554_learning_rate=1.0e-03_history=2_kernel_sizes=3x3x3_conv_channels=256x256x256_fc_dims=1024_seed1,09d83461fd,trial_0554_learning_rate=1.0e-03_history=2_kernel_sizes=3x3x3_conv_channels=256x256x256_fc_dims=1024_seed1
/scratch/sb272/patterns5k_results/slurm_hist_cnn_2026-03-05_16-01-45/trial_0555_learning_rate=1.0e-03_history=5_kernel_sizes=3x3_conv_channels=64x128_fc_dims=128_seed0,cnn,0.1671549812555313,0.14091946044156128,0.022762994917612227,0.01904955648240589,0.12765458226203918,0.14637921474459706,69951,69951,50,0.5330604867156203,5,True,0.45456832695830385,0.37743856959391536,13,0.31855225563049316,0.14659354090690613,2,"[3, 3]","[64, 128]",[128],6913276,bb5u12c1,317.5,trial_0555_learning_rate=1.0e-03_history=5_kernel_sizes=3x3_conv_channels=64x128_fc_dims=128_seed0,700fb9d133,trial_0555_learning_rate=1.0e-03_history=5_kernel_sizes=3x3_conv_channels=64x128_fc_dims=128_seed0
/scratch/sb272/patterns5k_results/slurm_hist_cnn_2026-03-05_16-01-45/trial_0555_learning_rate=1.0e-03_history=5_kernel_sizes=3x3_conv_channels=64x128_fc_dims=128_seed1,cnn,0.16794214618206024,0.13906590126545074,0.020531206850021605,0.016990828135656933,0.1255876123905182,0.14634607390710777,69951,69951,50,0.5106581440151823,5,True,0.45456832695830385,0.3657660637177154,12,0.31855225563049316,0.1449798047542572,2,"[3, 3]","[64, 128]",[128],6913276,bb5u12c1,316.6,trial_0555_learning_rate=1.0e-03_history=5_kernel_sizes=3x3_conv_channels=64x128_fc_dims=128_seed1,700fb9d133,trial_0555_learning_rate=1.0e-03_history=5_kernel_sizes=3x3_conv_channels=64x128_fc_dims=128_seed1
/scratch/sb272/patterns5k_results/slurm_hist_cnn_2026-03-05_16-01-45/trial_0556_learning_rate=1.0e-03_history=5_kernel_sizes=3x3_conv_channels=64x128_fc_dims=256_seed0,cnn,0.1676452213525772,0.1449096232923377,0.021981789006127253,0.019410565732017396,0.1339450180530548,0.15120445093272109,94527,94527,50,0.5601564148647186,5,True,0.45456832695830385,0.3967368831003446,13,0.31855225563049316,0.15130406618118286,2,"[3, 3]","[64, 128]",[256],6913276,bb5u12c1,336.6,trial_0556_learning_rate=1.0e-03_history=5_kernel_sizes=3x3_conv_channels=64x128_fc_dims=256_seed0,6b6d1e6545,trial_0556_learning_rate=1.0e-03_history=5_kernel_sizes=3x3_conv_channels=64x128_fc_dims=256_seed0
/scratch/sb272/patterns5k_results/slurm_hist_cnn_2026-03-05_16-01-45/trial_0556_learning_rate=1.0e-03_history=5_kernel_sizes=3x3_conv_channels=64x128_fc_dims=256_seed1,cnn,0.16727056968212128,0.14612985586755636,0.021545042121221148,0.018624529952094668,0.1342187374830246,0.15189374952578735,94527,94527,50,0.5678500046470413,5,True,0.45456832695830385,0.3920585758052989,13,0.31855225563049316,0.15182876586914062,2,"[3, 3]","[64, 128]",[256],6913276,bb5u12c1,335.0,trial_0556_learning_rate=1.0e-03_history=5_kernel_sizes=3x3_conv_channels=64x128_fc_dims=256_seed1,6b6d1e6545,trial_0556_learning_rate=1.0e-03_history=5_kernel_sizes=3x3_conv_channels=64x128_fc_dims=256_seed1
/scratch/sb272/patterns5k_results/slurm_hist_cnn_2026-03-05_16-01-45/trial_0557_learning_rate=1.0e-03_history=5_kernel_sizes=3x3_conv_channels=64x128_fc_dims=512_seed0,cnn,0.16778609621524812,0.14879707086591287,0.020863631414988683,0.01728850697714185,0.13554713129997253,0.1523735201748603,143679,143679,50,0.5736041095327677,5,True,0.45456832695830385,0.4053533371698709,14,0.31855225563049316,0.1547895073890686,2,"[3, 3]","[64, 128]",[512],6913276,bb5u12c1,393.4,trial_0557_learning_rate=1.0e-03_history=5_kernel_sizes=3x3_conv_channels=64x128_fc_dims=512_seed0,3e4559777b,trial_0557_learning_rate=1.0e-03_history=5_kernel_sizes=3x3_conv_channels=64x128_fc_dims=512_seed0
/scratch/sb272/patterns5k_results/slurm_hist_cnn_2026-03-05_16-01-45/trial_0557_learning_rate=1.0e-03_history=5_kernel_sizes=3x3_conv_channels=64x128_fc_dims=512_seed1,cnn,0.16875600898265838,0.1454608945184269,0.016839816456749326,0.01328680534211416,0.13121184706687927,0.153490288620093,143679,143679,45,0.5544538658679068,5,True,0.45456832695830385,0.3928359326584818,13,0.31855225563049316,0.1511380523443222,2,"[3, 3]","[64, 128]",[512],6913276,bb5u12c1,366.0,trial_0557_learning_rate=1.0e-03_history=5_kernel_sizes=3x3_conv_channels=64x128_fc_dims=512_seed1,3e4559777b,trial_0557_learning_rate=1.0e-03_history=5_kernel_sizes=3x3_conv_channels=64x128_fc_dims=512_seed1
/scratch/sb272/patterns5k_results/slurm_hist_cnn_2026-03-05_16-01-45/trial_0558_learning_rate=1.0e-03_history=5_kernel_sizes=5x3_conv_channels=128x256_fc_dims=256_seed0,cnn,0.1722978390455246,0.1426753518115428,-0.0060135797848777164,-0.0055654654427180214,0.12635433673858643,0.1493427685842235,248639,248639,34,0.5422465414838962,5,True,0.45456832695830385,0.3961555663859041,12,0.31855225563049316,0.1491740494966507,2,"[5, 3]","[128, 256]",[256],6913276,bb5u12c1,351.3,trial_0558_learning_rate=1.0e-03_history=5_kernel_sizes=5x3_conv_channels=128x256_fc_dims=256_seed0,c7c1b60f3a,trial_0558_learning_rate=1.0e-03_history=5_kernel_sizes=5x3_conv_channels=128x256_fc_dims=256_seed0
/scratch/sb272/patterns5k_results/slurm_hist_cnn_2026-03-05_16-01-45/trial_0558_learning_rate=1.0e-03_history=5_kernel_sizes=5x3_conv_channels=128x256_fc_dims=256_seed1,cnn,0.168948380112648,0.1441731771781105,0.011567696692451598,0.009125300816127233,0.12572091817855835,0.1506284746903961,248639,248639,37,0.5395173562724337,5,True,0.45456832695830385,0.38437151064321384,12,0.31855225563049316,0.15038509666919708,2,"[5, 3]","[128, 256]",[256],6913276,bb5u12c1,369.8,trial_0558_learning_rate=1.0e-03_history=5_kernel_sizes=5x3_conv_channels=128x256_fc_dims=256_seed1,c7c1b60f3a,trial_0558_learning_rate=1.0e-03_history=5_kernel_sizes=5x3_conv_channels=128x256_fc_dims=256_seed1
/scratch/sb272/patterns5k_results/slurm_hist_cnn_2026-03-05_16-01-45/trial_0559_learning_rate=1.0e-03_history=5_kernel_sizes=5x3_conv_channels=128x256_fc_dims=512_seed0,cnn,0.16944749784469604,0.1463923537600336,0.007774395602090018,0.0034354206115480455,0.13053753972053528,0.15241374132887436,330559,330559,34,0.5733407039684623,5,True,0.45456832695830385,0.40262428996100685,13,0.31855225563049316,0.15272663533687592,2,"[5, 3]","[128, 256]",[512],6913276,bb5u12c1,394.6,trial_0559_learning_rate=1.0e-03_history=5_kernel_sizes=5x3_conv_channels=128x256_fc_dims=512_seed0,dd31b6a4ed,trial_0559_learning_rate=1.0e-03_history=5_kernel_sizes=5x3_conv_channels=128x256_fc_dims=512_seed0
/scratch/sb272/patterns5k_results/slurm_hist_cnn_2026-03-05_16-01-45/trial_0559_learning_rate=1.0e-03_history=5_kernel_sizes=5x3_conv_channels=128x256_fc_dims=512_seed1,cnn,0.16871960496902466,0.14459382020789885,0.010441097002180795,0.00828642315334744,0.12771615386009216,0.15412928141296212,330559,330559,37,0.5527268938261433,5,True,0.45456832695830385,0.39610407475904347,14,0.31855225563049316,0.15052218735218048,2,"[5, 3]","[128, 256]",[512],6913276,bb5u12c1,407.7,trial_0559_learning_rate=1.0e-03_history=5_kernel_sizes=5x3_conv_channels=128x256_fc_dims=512_seed1,dd31b6a4ed,trial_0559_learning_rate=1.0e-03_history=5_kernel_sizes=5x3_conv_channels=128x256_fc_dims=512_seed1
/scratch/sb272/patterns5k_results/slurm_hist_cnn_2026-03-05_16-01-45/trial_0560_learning_rate=1.0e-03_history=5_kernel_sizes=5x3_conv_channels=128x256_fc_dims=1024_seed0,cnn,0.17011071610450745,0.14998229883318542,0.002393135002681187,0.0034663970508272686,0.13515110313892365,0.1551103466180408,494399,494399,30,0.59458257153765,5,True,0.45456832695830385,0.42719409190385377,13,0.31855225563049316,0.15581114590168,2,"[5, 3]","[128, 256]",[1024],6913276,bb5u12c1,439.1,trial_0560_learning_rate=1.0e-03_history=5_kernel_sizes=5x3_conv_channels=128x256_fc_dims=1024_seed0,01c3527211,trial_0560_learning_rate=1.0e-03_history=5_kernel_sizes=5x3_conv_channels=128x256_fc_dims=1024_seed0
/scratch/sb272/patterns5k_results/slurm_hist_cnn_2026-03-05_16-01-45/trial_0560_learning_rate=1.0e-03_history=5_kernel_sizes=5x3_conv_channels=128x256_fc_dims=1024_seed1,cnn,0.16904898488521575,0.14753653503733455,0.006846146924155099,0.007697033503698924,0.1311291605234146,0.1559460292323283,494399,494399,30,0.5568031496431336,5,True,0.45456832695830385,0.4085955897151823,14,0.31855225563049316,0.15386193990707397,2,"[5, 3]","[128, 256]",[1024],6913276,bb5u12c1,438.6,trial_0560_learning_rate=1.0e-03_history=5_kernel_sizes=5x3_conv_channels=128x256_fc_dims=1024_seed1,01c3527211,trial_0560_learning_rate=1.0e-03_history=5_kernel_sizes=5x3_conv_channels=128x256_fc_dims=1024_seed1
/scratch/sb272/patterns5k_results/slurm_hist_cnn_2026-03-05_16-01-45/trial_0561_learning_rate=1.0e-03_history=5_kernel_sizes=3x3x3_conv_channels=32x64x128_fc_dims=128_seed0,cnn,0.16614068353176117,0.14170814424876896,0.023927608179667638,0.017037312189737957,0.12393523752689362,0.1480982190728289,66111,66111,50,0.5037667794944973,5,True,0.45456832695830385,0.359252703830323,12,0.31855225563049316,0.1466449648141861,1,"[3, 3, 3]","[32, 64, 128]",[128],6913276,bb5u12c1,325.7,trial_0561_learning_rate=1.0e-03_history=5_kernel_sizes=3x3x3_conv_channels=32x64x128_fc_dims=128_seed0,eee62a838f,trial_0561_learning_rate=1.0e-03_history=5_kernel_sizes=3x3x3_conv_channels=32x64x128_fc_dims=128_seed0
/scratch/sb272/patterns5k_results/slurm_hist_cnn_2026-03-05_16-01-45/trial_0561_learning_rate=1.0e-03_history=5_kernel_sizes=3x3x3_conv_channels=32x64x128_fc_dims=128_seed1,cnn,0.1665854300260544,0.14099498529860913,0.024071320654853942,0.016710563311501156,0.12146870791912079,0.14857407208134496,66111,66111,50,0.4765431268459552,5,True,0.45456832695830385,0.35011721415138825,12,0.31855225563049316,0.14645251631736755,1,"[3, 3, 3]","[32, 64, 128]",[128],6913276,bb5u12c1,324.9,trial_0561_learning_rate=1.0e-03_history=5_kernel_sizes=3x3x3_conv_channels=32x64x128_fc_dims=128_seed1,eee62a838f,trial_0561_learning_rate=1.0e-03_history=5_kernel_sizes=3x3x3_conv_channels=32x64x128_fc_dims=128_seed1
/scratch/sb272/patterns5k_results/slurm_hist_cnn_2026-03-05_16-01-45/trial_0562_learning_rate=1.0e-03_history=5_kernel_sizes=3x3x3_conv_channels=32x64x128_fc_dims=256_seed0,cnn,0.16588438975811004,0.14595021324342158,0.025816378139314197,0.019156449370914035,0.1285189688205719,0.15203118902184978,90687,90687,50,0.5116411065369288,5,True,0.45456832695830385,0.36142830337005727,12,0.31855225563049316,0.15143582224845886,2,"[3, 3, 3]","[32, 64, 128]",[256],6913276,bb5u12c1,345.1,trial_0562_learning_rate=1.0e-03_history=5_kernel_sizes=3x3x3_conv_channels=32x64x128_fc_dims=256_seed0,f2a7c3a06e,trial_0562_learning_rate=1.0e-03_history=5_kernel_sizes=3x3x3_conv_channels=32x64x128_fc_dims=256_seed0
/scratch/sb272/patterns5k_results/slurm_hist_cnn_2026-03-05_16-01-45/trial_0562_learning_rate=1.0e-03_history=5_kernel_sizes=3x3x3_conv_channels=32x64x128_fc_dims=256_seed1,cnn,0.16550816309452057,0.1478486504903013,0.027024678767673553,0.019086977792164637,0.1275499165058136,0.15649577773381537,90687,90687,50,0.5405997874351272,5,True,0.45456832695830385,0.38637372504712647,12,0.31855225563049316,0.15374477207660675,2,"[3, 3, 3]","[32, 64, 128]",[256],6913276,bb5u12c1,348.8,trial_0562_learning_rate=1.0e-03_history=5_kernel_sizes=3x3x3_conv_channels=32x64x128_fc_dims=256_seed1,f2a7c3a06e,trial_0562_learning_rate=1.0e-03_history=5_kernel_sizes=3x3x3_conv_channels=32x64x128_fc_dims=256_seed1
/scratch/sb272/patterns5k_results/slurm_hist_cnn_2026-03-05_16-01-45/trial_0563_learning_rate=1.0e-03_history=5_kernel_sizes=5x3x3_conv_channels=64x128x256_fc_dims=256_seed0,cnn,0.16546905672550202,0.15560539906363038,0.028753678950052413,0.0163307994131058,0.12242816388607025,0.16619305859425543,239807,239807,50,0.5558947707978623,5,True,0.45456832695830385,0.41574879434846795,16,0.31855225563049316,0.16269366443157196,2,"[5, 3, 3]","[64, 128, 256]",[256],6913276,bb5u12c1,453.5,trial_0563_learning_rate=1.0e-03_history=5_kernel_sizes=5x3x3_conv_channels=64x128x256_fc_dims=256_seed0,d99373d6fe,trial_0563_learning_rate=1.0e-03_history=5_kernel_sizes=5x3x3_conv_channels=64x128x256_fc_dims=256_seed0
/scratch/sb272/patterns5k_results/slurm_hist_cnn_2026-03-05_16-01-45/trial_0563_learning_rate=1.0e-03_history=5_kernel_sizes=5x3x3_conv_channels=64x128x256_fc_dims=256_seed1,cnn,0.16516299402713774,0.15689025657191363,0.030639119564540802,0.0147311356332567,0.11514847725629807,0.16567726044850214,239807,239807,50,0.5767930223229789,5,True,0.45456832695830385,0.42362038364128424,17,0.31855225563049316,0.16511216759681702,2,"[5, 3, 3]","[64, 128, 256]",[256],6913276,bb5u12c1,445.9,trial_0563_learning_rate=1.0e-03_history=5_kernel_sizes=5x3x3_conv_channels=64x128x256_fc_dims=256_seed1,d99373d6fe,trial_0563_learning_rate=1.0e-03_history=5_kernel_sizes=5x3x3_conv_channels=64x128x256_fc_dims=256_seed1
/scratch/sb272/patterns5k_results/slurm_hist_cnn_2026-03-05_16-01-45/trial_0564_learning_rate=1.0e-03_history=5_kernel_sizes=5x3x3_conv_channels=64x128x256_fc_dims=512_seed0,cnn,0.16452582573890687,0.1624651843385005,0.03201338696101355,0.016221738050854397,0.12019369006156921,0.17197981700164455,321727,321727,50,0.5948226149753543,5,True,0.45456832695830385,0.4357114114721154,19,0.31855225563049316,0.17029140889644623,2,"[5, 3, 3]","[64, 128, 256]",[512],6913276,bb5u12c1,514.1,trial_0564_learning_rate=1.0e-03_history=5_kernel_sizes=5x3x3_conv_channels=64x128x256_fc_dims=512_seed0,4c82cb887a,trial_0564_learning_rate=1.0e-03_history=5_kernel_sizes=5x3x3_conv_channels=64x128x256_fc_dims=512_seed0
/scratch/sb272/patterns5k_results/slurm_hist_cnn_2026-03-05_16-01-45/trial_0564_learning_rate=1.0e-03_history=5_kernel_sizes=5x3x3_conv_channels=64x128x256_fc_dims=512_seed1,cnn,0.16472014093399048,0.16279535869523912,0.03186960163570586,0.016065359115600586,0.12107942253351212,0.17228902561138548,321727,321727,50,0.6142441294129871,5,True,0.45456832695830385,0.44818483544085597,23,0.31855225563049316,0.17110708355903625,2,"[5, 3, 3]","[64, 128, 256]",[512],6913276,bb5u12c1,509.0,trial_0564_learning_rate=1.0e-03_history=5_kernel_sizes=5x3x3_conv_channels=64x128x256_fc_dims=512_seed1,4c82cb887a,trial_0564_learning_rate=1.0e-03_history=5_kernel_sizes=5x3x3_conv_channels=64x128x256_fc_dims=512_seed1
/scratch/sb272/patterns5k_results/slurm_hist_cnn_2026-03-05_16-01-45/trial_0565_learning_rate=1.0e-03_history=5_kernel_sizes=5x3x3_conv_channels=64x128x256_fc_dims=1024_seed0,cnn,0.1647199809551239,0.15908927818365176,0.029744667666299,0.013741040986681741,0.11584656685590744,0.17431194625952262,485567,485567,50,0.5895472417271864,5,True,0.45456832695830385,0.43053772712600946,17,0.31855225563049316,0.16616754233837128,2,"[5, 3, 3]","[64, 128, 256]",[1024],6913276,bb5u12c1,627.2,trial_0565_learning_rate=1.0e-03_history=5_kernel_sizes=5x3x3_conv_channels=64x128x256_fc_dims=1024_seed0,381ff4f7ea,trial_0565_learning_rate=1.0e-03_history=5_kernel_sizes=5x3x3_conv_channels=64x128x256_fc_dims=1024_seed0
/scratch/sb272/patterns5k_results/slurm_hist_cnn_2026-03-05_16-01-45/trial_0565_learning_rate=1.0e-03_history=5_kernel_sizes=5x3x3_conv_channels=64x128x256_fc_dims=1024_seed1,cnn,0.1644176939725876,0.16223732372690175,0.030873890907045395,0.012768217495509557,0.1128634437918663,0.17606715949657858,485567,485567,50,0.5952175706336884,5,True,0.45456832695830385,0.4394568272009256,19,0.31855225563049316,0.17012269794940948,2,"[5, 3, 3]","[64, 128, 256]",[1024],6913276,bb5u12c1,627.5,trial_0565_learning_rate=1.0e-03_history=5_kernel_sizes=5x3x3_conv_channels=64x128x256_fc_dims=1024_seed1,381ff4f7ea,trial_0565_learning_rate=1.0e-03_history=5_kernel_sizes=5x3x3_conv_channels=64x128x256_fc_dims=1024_seed1
/scratch/sb272/patterns5k_results/slurm_hist_cnn_2026-03-05_16-01-45/trial_0566_learning_rate=1.0e-03_history=5_kernel_sizes=3x3x3_conv_channels=128x128x128_fc_dims=256_seed0,cnn,0.16613410675525667,0.14842462933896172,0.025727949445209806,0.017026990179031615,0.1244368776679039,0.15533906448953502,188991,188991,47,0.5648233327546132,5,True,0.45456832695830385,0.407225312423553,14,0.31855225563049316,0.15491531789302826,2,"[3, 3, 3]","[128, 128, 128]",[256],6913276,bb5u12c1,393.4,trial_0566_learning_rate=1.0e-03_history=5_kernel_sizes=3x3x3_conv_channels=128x128x128_fc_dims=256_seed0,9dbdd2d518,trial_0566_learning_rate=1.0e-03_history=5_kernel_sizes=3x3x3_conv_channels=128x128x128_fc_dims=256_seed0
/scratch/sb272/patterns5k_results/slurm_hist_cnn_2026-03-05_16-01-45/trial_0566_learning_rate=1.0e-03_history=5_kernel_sizes=3x3x3_conv_channels=128x128x128_fc_dims=256_seed1,cnn,0.16620353174209596,0.14852503064874287,0.025440122400011336,0.01776965269966731,0.12459908425807953,0.15509382779857353,188991,188991,39,0.5615687454318516,5,True,0.45456832695830385,0.40173353666961636,15,0.31855225563049316,0.15477509796619415,2,"[3, 3, 3]","[128, 128, 128]",[256],6913276,bb5u12c1,357.7,trial_0566_learning_rate=1.0e-03_history=5_kernel_sizes=3x3x3_conv_channels=128x128x128_fc_dims=256_seed1,9dbdd2d518,trial_0566_learning_rate=1.0e-03_history=5_kernel_sizes=3x3x3_conv_channels=128x128x128_fc_dims=256_seed1
/scratch/sb272/patterns5k_results/slurm_hist_cnn_2026-03-05_16-01-45/trial_0567_learning_rate=1.0e-03_history=5_kernel_sizes=3x3x3_conv_channels=128x128x128_fc_dims=512_seed0,cnn,0.1663391605615616,0.15184029302744617,0.02505362033843994,0.015399256395915198,0.12296520918607712,0.16018654081666836,238143,238143,50,0.5662576722692771,5,True,0.45456832695830385,0.40777950162877497,14,0.31855225563049316,0.15814536809921265,2,"[3, 3, 3]","[128, 128, 128]",[512],6913276,bb5u12c1,444.2,trial_0567_learning_rate=1.0e-03_history=5_kernel_sizes=3x3x3_conv_channels=128x128x128_fc_dims=512_seed0,031734ebc1,trial_0567_learning_rate=1.0e-03_history=5_kernel_sizes=3x3x3_conv_channels=128x128x128_fc_dims=512_seed0
/scratch/sb272/patterns5k_results/slurm_hist_cnn_2026-03-05_16-01-45/trial_0567_learning_rate=1.0e-03_history=5_kernel_sizes=3x3x3_conv_channels=128x128x128_fc_dims=512_seed1,cnn,0.16604097926616668,0.14874354879866528,0.026716807531932042,0.016739609695616223,0.12141039222478867,0.16113982593672663,238143,238143,41,0.5623551767879772,5,True,0.45456832695830385,0.40428052872304776,13,0.31855225563049316,0.1561949998140335,2,"[3, 3, 3]","[128, 128, 128]",[512],6913276,bb5u12c1,402.3,trial_0567_learning_rate=1.0e-03_history=5_kernel_sizes=3x3x3_conv_channels=128x128x128_fc_dims=512_seed1,031734ebc1,trial_0567_learning_rate=1.0e-03_history=5_kernel_sizes=3x3x3_conv_channels=128x128x128_fc_dims=512_seed1
/scratch/sb272/patterns5k_results/slurm_hist_cnn_2026-03-05_16-01-45/trial_0568_learning_rate=1.0e-03_history=5_kernel_sizes=3x3x3_conv_channels=256x256x256_fc_dims=512_seed0,cnn,0.16691577804088592,0.1517861407311689,0.023224386903974745,0.013040382710714189,0.1223887950181961,0.16097288283632843,640063,640063,32,0.5756273607418534,5,True,0.45456832695830385,0.4190281460323841,15,0.31855225563049316,0.1581709086894989,2,"[3, 3, 3]","[256, 256, 256]",[512],6913276,bb5u12c1,518.9,trial_0568_learning_rate=1.0e-03_history=5_kernel_sizes=3x3x3_conv_channels=256x256x256_fc_dims=512_seed0,6d989cc52a,trial_0568_learning_rate=1.0e-03_history=5_kernel_sizes=3x3x3_conv_channels=256x256x256_fc_dims=512_seed0
/scratch/sb272/patterns5k_results/slurm_hist_cnn_2026-03-05_16-01-45/trial_0568_learning_rate=1.0e-03_history=5_kernel_sizes=3x3x3_conv_channels=256x256x256_fc_dims=512_seed1,cnn,0.16694299519062042,0.14977052521522785,0.025612037333231124,0.014310821654304626,0.12029795348644257,0.1590294888178564,640063,640063,30,0.5728519949583328,5,True,0.45456832695830385,0.4170489918369579,17,0.31855225563049316,0.15722930431365967,2,"[3, 3, 3]","[256, 256, 256]",[512],6913276,bb5u12c1,493.7,trial_0568_learning_rate=1.0e-03_history=5_kernel_sizes=3x3x3_conv_channels=256x256x256_fc_dims=512_seed1,6d989cc52a,trial_0568_learning_rate=1.0e-03_history=5_kernel_sizes=3x3x3_conv_channels=256x256x256_fc_dims=512_seed1
/scratch/sb272/patterns5k_results/slurm_hist_cnn_2026-03-05_16-01-45/trial_0569_learning_rate=1.0e-03_history=5_kernel_sizes=3x3x3_conv_channels=256x256x256_fc_dims=1024_seed0,cnn,0.16681971716880797,0.15088390093707246,0.01900003259144132,0.007016053275456504,0.11750911176204681,0.1625760869976593,803903,803903,27,0.5636387619101848,5,True,0.45456832695830385,0.4052834120744643,13,0.31855225563049316,0.15691742300987244,2,"[3, 3, 3]","[256, 256, 256]",[1024],6913276,bb5u12c1,532.5,trial_0569_learning_rate=1.0e-03_history=5_kernel_sizes=3x3x3_conv_channels=256x256x256_fc_dims=1024_seed0,3350a9c3c5,trial_0569_learning_rate=1.0e-03_history=5_kernel_sizes=3x3x3_conv_channels=256x256x256_fc_dims=1024_seed0
/scratch/sb272/patterns5k_results/slurm_hist_cnn_2026-03-05_16-01-45/trial_0569_learning_rate=1.0e-03_history=5_kernel_sizes=3x3x3_conv_channels=256x256x256_fc_dims=1024_seed1,cnn,0.1662789157629013,0.15065498956503262,0.022956674061124286,0.013021046207064674,0.12034447491168976,0.16020940906560172,803903,803903,28,0.5714977205895614,5,True,0.45456832695830385,0.41172029494542056,15,0.31855225563049316,0.1579851657152176,2,"[3, 3, 3]","[256, 256, 256]",[1024],6913276,bb5u12c1,547.2,trial_0569_learning_rate=1.0e-03_history=5_kernel_sizes=3x3x3_conv_channels=256x256x256_fc_dims=1024_seed1,3350a9c3c5,trial_0569_learning_rate=1.0e-03_history=5_kernel_sizes=3x3x3_conv_channels=256x256x256_fc_dims=1024_seed1
/scratch/sb272/patterns5k_results/slurm_hist_cnn_2026-03-05_16-01-45/trial_0570_learning_rate=1.0e-03_history=10_kernel_sizes=3x3_conv_channels=64x128_fc_dims=128_seed0,cnn,0.16818800044059753,0.1347267036649641,0.01986459417948647,0.016216090747288296,0.12414789944887161,0.1432848473139068,69951,69951,50,0.5187457136737373,10,True,0.45456832695830385,0.3505937005148776,10,0.31855225563049316,0.1392066478729248,1,"[3, 3]","[64, 128]",[128],6913276,bb5u12c1,324.2,trial_0570_learning_rate=1.0e-03_history=10_kernel_sizes=3x3_conv_channels=64x128_fc_dims=128_seed0,4652ba9a7d,trial_0570_learning_rate=1.0e-03_history=10_kernel_sizes=3x3_conv_channels=64x128_fc_dims=128_seed0
/scratch/sb272/patterns5k_results/slurm_hist_cnn_2026-03-05_16-01-45/trial_0570_learning_rate=1.0e-03_history=10_kernel_sizes=3x3_conv_channels=64x128_fc_dims=128_seed1,cnn,0.1680491019487381,0.1383951228210447,0.02151655110101851,0.017934628895350864,0.1284484714269638,0.14316041455404593,69951,69951,50,0.5203121182996981,10,True,0.45456832695830385,0.36095853160036984,10,0.31855225563049316,0.14419357478618622,1,"[3, 3]","[64, 128]",[128],6913276,bb5u12c1,329.5,trial_0570_learning_rate=1.0e-03_history=10_kernel_sizes=3x3_conv_channels=64x128_fc_dims=128_seed1,4652ba9a7d,trial_0570_learning_rate=1.0e-03_history=10_kernel_sizes=3x3_conv_channels=64x128_fc_dims=128_seed1
/scratch/sb272/patterns5k_results/slurm_hist_cnn_2026-03-05_16-01-45/trial_0571_learning_rate=1.0e-03_history=10_kernel_sizes=3x3_conv_channels=64x128_fc_dims=256_seed0,cnn,0.16769493079185485,0.14046857564235135,0.02134486890974499,0.017560522707681808,0.13097041845321655,0.14613941838119396,94527,94527,50,0.5434386253869398,10,True,0.45456832695830385,0.36948058206429196,10,0.31855225563049316,0.14552541077136993,1,"[3, 3]","[64, 128]",[256],6913276,bb5u12c1,352.4,trial_0571_learning_rate=1.0e-03_history=10_kernel_sizes=3x3_conv_channels=64x128_fc_dims=256_seed0,b1e5725f1a,trial_0571_learning_rate=1.0e-03_history=10_kernel_sizes=3x3_conv_channels=64x128_fc_dims=256_seed0
/scratch/sb272/patterns5k_results/slurm_hist_cnn_2026-03-05_16-01-45/trial_0571_learning_rate=1.0e-03_history=10_kernel_sizes=3x3_conv_channels=64x128_fc_dims=256_seed1,cnn,0.16740587866306306,0.14073341215016338,0.023366896879105342,0.018388438792455764,0.12913042306900024,0.14900126732736982,94527,94527,40,0.5272080383219835,10,True,0.45456832695830385,0.36065274275440606,10,0.31855225563049316,0.14632266759872437,2,"[3, 3]","[64, 128]",[256],6913276,bb5u12c1,312.4,trial_0571_learning_rate=1.0e-03_history=10_kernel_sizes=3x3_conv_channels=64x128_fc_dims=256_seed1,b1e5725f1a,trial_0571_learning_rate=1.0e-03_history=10_kernel_sizes=3x3_conv_channels=64x128_fc_dims=256_seed1
/scratch/sb272/patterns5k_results/slurm_hist_cnn_2026-03-05_16-01-45/trial_0572_learning_rate=1.0e-03_history=10_kernel_sizes=3x3_conv_channels=64x128_fc_dims=512_seed0,cnn,0.16901413691043854,0.14201297810365504,0.016755516566927472,0.012174336683182489,0.13119758665561676,0.14912505652961086,143679,143679,40,0.5402905950250843,10,True,0.45456832695830385,0.36352849984002034,9,0.31855225563049316,0.14693273603916168,1,"[3, 3]","[64, 128]",[512],6913276,bb5u12c1,336.9,trial_0572_learning_rate=1.0e-03_history=10_kernel_sizes=3x3_conv_channels=64x128_fc_dims=512_seed0,c77b01d659,trial_0572_learning_rate=1.0e-03_history=10_kernel_sizes=3x3_conv_channels=64x128_fc_dims=512_seed0
/scratch/sb272/patterns5k_results/slurm_hist_cnn_2026-03-05_16-01-45/trial_0572_learning_rate=1.0e-03_history=10_kernel_sizes=3x3_conv_channels=64x128_fc_dims=512_seed1,cnn,0.16801995491981506,0.14329078031626868,0.021593474206470308,0.017606292452131,0.1340746283531189,0.14981598047016761,143679,143679,42,0.5422914366940544,10,True,0.45456832695830385,0.37035320478200134,10,0.31855225563049316,0.14905422925949097,1,"[3, 3]","[64, 128]",[512],6913276,bb5u12c1,349.5,trial_0572_learning_rate=1.0e-03_history=10_kernel_sizes=3x3_conv_channels=64x128_fc_dims=512_seed1,c77b01d659,trial_0572_learning_rate=1.0e-03_history=10_kernel_sizes=3x3_conv_channels=64x128_fc_dims=512_seed1
/scratch/sb272/patterns5k_results/slurm_hist_cnn_2026-03-05_16-01-45/trial_0573_learning_rate=1.0e-03_history=10_kernel_sizes=5x3_conv_channels=128x256_fc_dims=256_seed0,cnn,0.1685923227071762,0.1385304054133546,0.015906259181007507,0.009678535045139373,0.12283835560083389,0.1462013568321626,248639,248639,31,0.5298328894883796,10,True,0.45456832695830385,0.37360334477765506,11,0.31855225563049316,0.1438770294189453,1,"[5, 3]","[128, 256]",[256],6913276,bb5u12c1,335.5,trial_0573_learning_rate=1.0e-03_history=10_kernel_sizes=5x3_conv_channels=128x256_fc_dims=256_seed0,bbc64bc32d,trial_0573_learning_rate=1.0e-03_history=10_kernel_sizes=5x3_conv_channels=128x256_fc_dims=256_seed0
/scratch/sb272/patterns5k_results/slurm_hist_cnn_2026-03-05_16-01-45/trial_0573_learning_rate=1.0e-03_history=10_kernel_sizes=5x3_conv_channels=128x256_fc_dims=256_seed1,cnn,0.17021017384529114,0.13910317651651266,0.007255541899847606,0.0007631428658016144,0.12563297152519226,0.14646727742884938,248639,248639,34,0.5298904528313778,10,True,0.45456832695830385,0.37286615792803013,9,0.31855225563049316,0.14557980000972748,1,"[5, 3]","[128, 256]",[256],6913276,bb5u12c1,351.0,trial_0573_learning_rate=1.0e-03_history=10_kernel_sizes=5x3_conv_channels=128x256_fc_dims=256_seed1,bbc64bc32d,trial_0573_learning_rate=1.0e-03_history=10_kernel_sizes=5x3_conv_channels=128x256_fc_dims=256_seed1
/scratch/sb272/patterns5k_results/slurm_hist_cnn_2026-03-05_16-01-45/trial_0574_learning_rate=1.0e-03_history=10_kernel_sizes=5x3_conv_channels=128x256_fc_dims=512_seed0,cnn,0.16938317012786866,0.14246729593882887,0.00945089166126554,0.0041369739032927014,0.13059644401073456,0.14761655051078593,330559,330559,39,0.5486361865186533,10,True,0.45456832695830385,0.3806041762312999,10,0.31855225563049316,0.1489902138710022,1,"[5, 3]","[128, 256]",[512],6913276,bb5u12c1,434.4,trial_0574_learning_rate=1.0e-03_history=10_kernel_sizes=5x3_conv_channels=128x256_fc_dims=512_seed0,2fd23f116b,trial_0574_learning_rate=1.0e-03_history=10_kernel_sizes=5x3_conv_channels=128x256_fc_dims=512_seed0
/scratch/sb272/patterns5k_results/slurm_hist_cnn_2026-03-05_16-01-45/trial_0574_learning_rate=1.0e-03_history=10_kernel_sizes=5x3_conv_channels=128x256_fc_dims=512_seed1,cnn,0.16946356737613677,0.14062108340338167,0.009108206582447839,0.0007062488132052951,0.1242872029542923,0.1491565580927969,330559,330559,37,0.5714136244131344,10,True,0.45456832695830385,0.39440266322694906,11,0.31855225563049316,0.1472303420305252,1,"[5, 3]","[128, 256]",[512],6913276,bb5u12c1,423.7,trial_0574_learning_rate=1.0e-03_history=10_kernel_sizes=5x3_conv_channels=128x256_fc_dims=512_seed1,2fd23f116b,trial_0574_learning_rate=1.0e-03_history=10_kernel_sizes=5x3_conv_channels=128x256_fc_dims=512_seed1
/scratch/sb272/patterns5k_results/slurm_hist_cnn_2026-03-05_16-01-45/trial_0575_learning_rate=1.0e-03_history=10_kernel_sizes=5x3_conv_channels=128x256_fc_dims=1024_seed0,cnn,0.16940532779693604,0.14507962410239347,0.010684678478846474,0.0042420341855003724,0.13078312575817108,0.1504524029082086,494399,494399,31,0.5762121302798531,10,True,0.45456832695830385,0.39341537424244577,11,0.31855225563049316,0.15130332112312317,1,"[5, 3]","[128, 256]",[1024],6913405,bb5u20c1,444.8,trial_0575_learning_rate=1.0e-03_history=10_kernel_sizes=5x3_conv_channels=128x256_fc_dims=1024_seed0,1efbf6c21d,trial_0575_learning_rate=1.0e-03_history=10_kernel_sizes=5x3_conv_channels=128x256_fc_dims=1024_seed0
/scratch/sb272/patterns5k_results/slurm_hist_cnn_2026-03-05_16-01-45/trial_0575_learning_rate=1.0e-03_history=10_kernel_sizes=5x3_conv_channels=128x256_fc_dims=1024_seed1,cnn,0.17056181907653808,0.14091536895089363,0.0012835642648121668,-0.005513491138579353,0.12611845135688782,0.15123985070843696,494399,494399,28,0.5355848804132638,10,True,0.45456832695830385,0.378191707723794,9,0.31855225563049316,0.14675834774971008,1,"[5, 3]","[128, 256]",[1024],6913405,bb5u20c1,346.5,trial_0575_learning_rate=1.0e-03_history=10_kernel_sizes=5x3_conv_channels=128x256_fc_dims=1024_seed1,1efbf6c21d,trial_0575_learning_rate=1.0e-03_history=10_kernel_sizes=5x3_conv_channels=128x256_fc_dims=1024_seed1
/scratch/sb272/patterns5k_results/slurm_hist_cnn_2026-03-05_16-01-45/trial_0576_learning_rate=1.0e-03_history=10_kernel_sizes=3x3x3_conv_channels=32x64x128_fc_dims=128_seed0,cnn,0.16663174974918366,0.13984855334835652,0.024429099900381907,0.01878752689512949,0.12401174753904343,0.14859979593096567,66111,66111,50,0.4975541708742871,10,True,0.45456832695830385,0.34920707547224183,10,0.31855225563049316,0.14558902382850647,1,"[3, 3, 3]","[32, 64, 128]",[128],6913405,bb5u20c1,263.1,trial_0576_learning_rate=1.0e-03_history=10_kernel_sizes=3x3x3_conv_channels=32x64x128_fc_dims=128_seed0,e272707710,trial_0576_learning_rate=1.0e-03_history=10_kernel_sizes=3x3x3_conv_channels=32x64x128_fc_dims=128_seed0
/scratch/sb272/patterns5k_results/slurm_hist_cnn_2026-03-05_16-01-45/trial_0576_learning_rate=1.0e-03_history=10_kernel_sizes=3x3x3_conv_channels=32x64x128_fc_dims=128_seed1,cnn,0.16685836124420167,0.14021181970736515,0.024142731749822222,0.01885326135726202,0.12577015161514282,0.14908971324234835,66111,66111,50,0.49812441649118266,10,True,0.45456832695830385,0.3413595640646936,9,0.31855225563049316,0.14582674205303192,0,"[3, 3, 3]","[32, 64, 128]",[128],6913405,bb5u20c1,254.9,trial_0576_learning_rate=1.0e-03_history=10_kernel_sizes=3x3x3_conv_channels=32x64x128_fc_dims=128_seed1,e272707710,trial_0576_learning_rate=1.0e-03_history=10_kernel_sizes=3x3x3_conv_channels=32x64x128_fc_dims=128_seed1
/scratch/sb272/patterns5k_results/slurm_hist_cnn_2026-03-05_16-01-45/trial_0577_learning_rate=1.0e-03_history=10_kernel_sizes=3x3x3_conv_channels=32x64x128_fc_dims=256_seed0,cnn,0.16648345029354095,0.14367148716367767,0.025292735251169356,0.019241436133309017,0.12657612562179565,0.15108901573189992,90687,90687,50,0.4919153713537857,10,True,0.45456832695830385,0.34111075579648636,9,0.31855225563049316,0.1488581895828247,2,"[3, 3, 3]","[32, 64, 128]",[256],6913405,bb5u20c1,258.0,trial_0577_learning_rate=1.0e-03_history=10_kernel_sizes=3x3x3_conv_channels=32x64x128_fc_dims=256_seed0,b82a6393ba,trial_0577_learning_rate=1.0e-03_history=10_kernel_sizes=3x3x3_conv_channels=32x64x128_fc_dims=256_seed0
/scratch/sb272/patterns5k_results/slurm_hist_cnn_2026-03-05_16-01-45/trial_0577_learning_rate=1.0e-03_history=10_kernel_sizes=3x3x3_conv_channels=32x64x128_fc_dims=256_seed1,cnn,0.16624036252498628,0.14460717551640692,0.026121495262024893,0.02026930498698401,0.12865710258483887,0.1548975990151717,90687,90687,50,0.5168248115236624,10,True,0.45456832695830385,0.3633460002952938,9,0.31855225563049316,0.1502639800310135,2,"[3, 3, 3]","[32, 64, 128]",[256],6913405,bb5u20c1,255.4,trial_0577_learning_rate=1.0e-03_history=10_kernel_sizes=3x3x3_conv_channels=32x64x128_fc_dims=256_seed1,b82a6393ba,trial_0577_learning_rate=1.0e-03_history=10_kernel_sizes=3x3x3_conv_channels=32x64x128_fc_dims=256_seed1
/scratch/sb272/patterns5k_results/slurm_hist_cnn_2026-03-05_16-01-45/trial_0578_learning_rate=1.0e-03_history=10_kernel_sizes=5x3x3_conv_channels=64x128x256_fc_dims=256_seed0,cnn,0.16702750432491303,0.14870430836120171,0.027011583721826948,0.018541280239347428,0.12734109163284302,0.15899457390166163,239807,239807,50,0.5492341175054892,10,True,0.45456832695830385,0.3870651059380803,11,0.31855225563049316,0.15539352595806122,2,"[5, 3, 3]","[64, 128, 256]",[256],6913405,bb5u20c1,332.1,trial_0578_learning_rate=1.0e-03_history=10_kernel_sizes=5x3x3_conv_channels=64x128x256_fc_dims=256_seed0,16207f3f44,trial_0578_learning_rate=1.0e-03_history=10_kernel_sizes=5x3x3_conv_channels=64x128x256_fc_dims=256_seed0
/scratch/sb272/patterns5k_results/slurm_hist_cnn_2026-03-05_16-01-45/trial_0578_learning_rate=1.0e-03_history=10_kernel_sizes=5x3x3_conv_channels=64x128x256_fc_dims=256_seed1,cnn,0.16629253304004668,0.1530923927106115,0.028876149465167332,0.020031443664005825,0.1305733621120453,0.16143018722092958,239807,239807,50,0.5660286408107184,10,True,0.45456832695830385,0.39891443768111146,11,0.31855225563049316,0.16078796982765198,1,"[5, 3, 3]","[64, 128, 256]",[256],6913405,bb5u20c1,330.1,trial_0578_learning_rate=1.0e-03_history=10_kernel_sizes=5x3x3_conv_channels=64x128x256_fc_dims=256_seed1,16207f3f44,trial_0578_learning_rate=1.0e-03_history=10_kernel_sizes=5x3x3_conv_channels=64x128x256_fc_dims=256_seed1
/scratch/sb272/patterns5k_results/slurm_hist_cnn_2026-03-05_16-01-45/trial_0579_learning_rate=1.0e-03_history=10_kernel_sizes=5x3x3_conv_channels=64x128x256_fc_dims=512_seed0,cnn,0.16659191250801086,0.15093388050085338,0.028520207556467208,0.02011331111665756,0.12982776761054993,0.1649990674272443,321727,321727,50,0.566231695234785,10,True,0.45456832695830385,0.3991709729716932,12,0.31855225563049316,0.1589568853378296,2,"[5, 3, 3]","[64, 128, 256]",[512],6913405,bb5u20c1,363.8,trial_0579_learning_rate=1.0e-03_history=10_kernel_sizes=5x3x3_conv_channels=64x128x256_fc_dims=512_seed0,603a23c10e,trial_0579_learning_rate=1.0e-03_history=10_kernel_sizes=5x3x3_conv_channels=64x128x256_fc_dims=512_seed0
/scratch/sb272/patterns5k_results/slurm_hist_cnn_2026-03-05_16-01-45/trial_0579_learning_rate=1.0e-03_history=10_kernel_sizes=5x3x3_conv_channels=64x128x256_fc_dims=512_seed1,cnn,0.16598163294792176,0.15414274217551233,0.02901326380078755,0.021714438521672808,0.13548293709754944,0.16338875884716367,321727,321727,47,0.5519623105262184,10,True,0.45456832695830385,0.395716244011029,12,0.31855225563049316,0.1616850197315216,1,"[5, 3, 3]","[64, 128, 256]",[512],6913405,bb5u20c1,354.4,trial_0579_learning_rate=1.0e-03_history=10_kernel_sizes=5x3x3_conv_channels=64x128x256_fc_dims=512_seed1,603a23c10e,trial_0579_learning_rate=1.0e-03_history=10_kernel_sizes=5x3x3_conv_channels=64x128x256_fc_dims=512_seed1
/scratch/sb272/patterns5k_results/slurm_hist_cnn_2026-03-05_16-01-45/trial_0580_learning_rate=1.0e-03_history=10_kernel_sizes=5x3x3_conv_channels=64x128x256_fc_dims=1024_seed0,cnn,0.16584546303749084,0.1563793139135114,0.028388297747051906,0.019744573131440176,0.13484512269496918,0.1656765016198946,485567,485567,50,0.5596314629415481,10,True,0.45456832695830385,0.3951406829933407,13,0.31855225563049316,0.1639910191297531,2,"[5, 3, 3]","[64, 128, 256]",[1024],6913405,bb5u20c1,442.3,trial_0580_learning_rate=1.0e-03_history=10_kernel_sizes=5x3x3_conv_channels=64x128x256_fc_dims=1024_seed0,a5bbc3a1a2,trial_0580_learning_rate=1.0e-03_history=10_kernel_sizes=5x3x3_conv_channels=64x128x256_fc_dims=1024_seed0
/scratch/sb272/patterns5k_results/slurm_hist_cnn_2026-03-05_16-01-45/trial_0580_learning_rate=1.0e-03_history=10_kernel_sizes=5x3x3_conv_channels=64x128x256_fc_dims=1024_seed1,cnn,0.16613060688972472,0.15710907513095243,0.02819738785425822,0.01864587692987351,0.13306908309459686,0.16689857168743819,485567,485567,50,0.5763124062187133,10,True,0.45456832695830385,0.4080823909031107,12,0.31855225563049316,0.1646651327610016,1,"[5, 3, 3]","[64, 128, 256]",[1024],6913405,bb5u20c1,448.6,trial_0580_learning_rate=1.0e-03_history=10_kernel_sizes=5x3x3_conv_channels=64x128x256_fc_dims=1024_seed1,a5bbc3a1a2,trial_0580_learning_rate=1.0e-03_history=10_kernel_sizes=5x3x3_conv_channels=64x128x256_fc_dims=1024_seed1
/scratch/sb272/patterns5k_results/slurm_hist_cnn_2026-03-05_16-01-45/trial_0581_learning_rate=1.0e-03_history=10_kernel_sizes=3x3x3_conv_channels=128x128x128_fc_dims=256_seed0,cnn,0.16704601919651033,0.14455562208297987,0.025299919976128474,0.01855548695912437,0.12620536983013153,0.15345416198715817,188991,188991,42,0.5183216854637471,10,True,0.45456832695830385,0.3647541527214442,9,0.31855225563049316,0.15066254138946533,2,"[3, 3, 3]","[128, 128, 128]",[256],6913405,bb5u20c1,272.8,trial_0581_learning_rate=1.0e-03_history=10_kernel_sizes=3x3x3_conv_channels=128x128x128_fc_dims=256_seed0,0c62e96d65,trial_0581_learning_rate=1.0e-03_history=10_kernel_sizes=3x3x3_conv_channels=128x128x128_fc_dims=256_seed0
/scratch/sb272/patterns5k_results/slurm_hist_cnn_2026-03-05_16-01-45/trial_0581_learning_rate=1.0e-03_history=10_kernel_sizes=3x3x3_conv_channels=128x128x128_fc_dims=256_seed1,cnn,0.1670534121990204,0.14005354920006632,0.022638798706115237,0.01531082202517797,0.11873089522123337,0.15234933628126635,188991,188991,36,0.5216215368248877,10,True,0.45456832695830385,0.36953620840610535,10,0.31855225563049316,0.14619915187358856,2,"[3, 3, 3]","[128, 128, 128]",[256],6913405,bb5u20c1,254.9,trial_0581_learning_rate=1.0e-03_history=10_kernel_sizes=3x3x3_conv_channels=128x128x128_fc_dims=256_seed1,0c62e96d65,trial_0581_learning_rate=1.0e-03_history=10_kernel_sizes=3x3x3_conv_channels=128x128x128_fc_dims=256_seed1
/scratch/sb272/patterns5k_results/slurm_hist_cnn_2026-03-05_16-01-45/trial_0582_learning_rate=1.0e-03_history=10_kernel_sizes=3x3x3_conv_channels=128x128x128_fc_dims=512_seed0,cnn,0.16685446882247926,0.14884380375121847,0.02401664521959093,0.016902933991144575,0.12805645167827606,0.15452703493575223,238143,238143,45,0.5587265187625085,10,True,0.45456832695830385,0.3789449516873778,9,0.31855225563049316,0.1545640379190445,1,"[3, 3, 3]","[128, 128, 128]",[512],6913405,bb5u20c1,307.8,trial_0582_learning_rate=1.0e-03_history=10_kernel_sizes=3x3x3_conv_channels=128x128x128_fc_dims=512_seed0,bff5924ff0,trial_0582_learning_rate=1.0e-03_history=10_kernel_sizes=3x3x3_conv_channels=128x128x128_fc_dims=512_seed0
/scratch/sb272/patterns5k_results/slurm_hist_cnn_2026-03-05_16-01-45/trial_0582_learning_rate=1.0e-03_history=10_kernel_sizes=3x3x3_conv_channels=128x128x128_fc_dims=512_seed1,cnn,0.16699388897418976,0.14688226963558132,0.02180655418880402,0.014784731562175447,0.12754060328006744,0.15444209721958674,238143,238143,31,0.5449219586056228,10,True,0.45456832695830385,0.37443218043946686,10,0.31855225563049316,0.15330705046653748,2,"[3, 3, 3]","[128, 128, 128]",[512],6913405,bb5u20c1,255.4,trial_0582_learning_rate=1.0e-03_history=10_kernel_sizes=3x3x3_conv_channels=128x128x128_fc_dims=512_seed1,bff5924ff0,trial_0582_learning_rate=1.0e-03_history=10_kernel_sizes=3x3x3_conv_channels=128x128x128_fc_dims=512_seed1
/scratch/sb272/patterns5k_results/slurm_hist_cnn_2026-03-05_16-01-45/trial_0583_learning_rate=1.0e-03_history=10_kernel_sizes=3x3x3_conv_channels=256x256x256_fc_dims=512_seed0,cnn,0.167157687664032,0.14454284051934616,0.023071254056597514,0.014089592865535192,0.12509725987911224,0.15437060799269245,640063,640063,24,0.5437988917201145,10,True,0.45456832695830385,0.3786478943705706,14,0.31855225563049316,0.15090146660804749,2,"[3, 3, 3]","[256, 256, 256]",[512],6913405,bb5u20c1,335.8,trial_0583_learning_rate=1.0e-03_history=10_kernel_sizes=3x3x3_conv_channels=256x256x256_fc_dims=512_seed0,459de573af,trial_0583_learning_rate=1.0e-03_history=10_kernel_sizes=3x3x3_conv_channels=256x256x256_fc_dims=512_seed0
/scratch/sb272/patterns5k_results/slurm_hist_cnn_2026-03-05_16-01-45/trial_0583_learning_rate=1.0e-03_history=10_kernel_sizes=3x3x3_conv_channels=256x256x256_fc_dims=512_seed1,cnn,0.16717387008666992,0.14550297394331496,0.02300458105783614,0.01577495298688374,0.12723927199840546,0.15530602176545588,640063,640063,27,0.5605862749718561,10,True,0.45456832695830385,0.3870023312822801,12,0.31855225563049316,0.15174028277397156,1,"[3, 3, 3]","[256, 256, 256]",[512],6913405,bb5u20c1,400.4,trial_0583_learning_rate=1.0e-03_history=10_kernel_sizes=3x3x3_conv_channels=256x256x256_fc_dims=512_seed1,459de573af,trial_0583_learning_rate=1.0e-03_history=10_kernel_sizes=3x3x3_conv_channels=256x256x256_fc_dims=512_seed1
/scratch/sb272/patterns5k_results/slurm_hist_cnn_2026-03-05_16-01-45/trial_0584_learning_rate=1.0e-03_history=10_kernel_sizes=3x3x3_conv_channels=256x256x256_fc_dims=1024_seed0,cnn,0.167215456366539,0.15059102461261942,0.021280603749411448,0.0133152755479964,0.13052912056446075,0.1589759312361435,803903,803903,29,0.5523174709238445,10,True,0.45456832695830385,0.3910541208814708,10,0.31855225563049316,0.15726248919963837,2,"[3, 3, 3]","[256, 256, 256]",[1024],6913405,bb5u20c1,414.0,trial_0584_learning_rate=1.0e-03_history=10_kernel_sizes=3x3x3_conv_channels=256x256x256_fc_dims=1024_seed0,ec2b31780c,trial_0584_learning_rate=1.0e-03_history=10_kernel_sizes=3x3x3_conv_channels=256x256x256_fc_dims=1024_seed0
/scratch/sb272/patterns5k_results/slurm_hist_cnn_2026-03-05_16-01-45/trial_0584_learning_rate=1.0e-03_history=10_kernel_sizes=3x3x3_conv_channels=256x256x256_fc_dims=1024_seed1,cnn,0.16720316779613495,0.14646126143509577,0.02191780956964644,0.01246273328387548,0.1242721825838089,0.15580820812525215,803903,803903,26,0.530882321728152,10,True,0.45456832695830385,0.3695660526763403,8,0.31855225563049316,0.15250377357006073,1,"[3, 3, 3]","[256, 256, 256]",[1024],6913405,bb5u20c1,374.8,trial_0584_learning_rate=1.0e-03_history=10_kernel_sizes=3x3x3_conv_channels=256x256x256_fc_dims=1024_seed1,ec2b31780c,trial_0584_learning_rate=1.0e-03_history=10_kernel_sizes=3x3x3_conv_channels=256x256x256_fc_dims=1024_seed1
/scratch/sb272/patterns5k_results/slurm_hist_cnn_2026-03-05_16-01-45/trial_0585_learning_rate=1.0e-03_history=20_kernel_sizes=3x3_conv_channels=64x128_fc_dims=128_seed0,cnn,0.16943053305149078,0.1328852375154714,0.018370300058334593,0.018024331993526883,0.13148267567157745,0.1378597099682209,69951,69951,40,0.4888384180654906,20,True,0.45456832695830385,0.3485480068086819,9,0.31855225563049316,0.1383645236492157,1,"[3, 3]","[64, 128]",[128],6913405,bb5u20c1,218.1,trial_0585_learning_rate=1.0e-03_history=20_kernel_sizes=3x3_conv_channels=64x128_fc_dims=128_seed0,e5dfe47394,trial_0585_learning_rate=1.0e-03_history=20_kernel_sizes=3x3_conv_channels=64x128_fc_dims=128_seed0
/scratch/sb272/patterns5k_results/slurm_hist_cnn_2026-03-05_16-01-45/trial_0585_learning_rate=1.0e-03_history=20_kernel_sizes=3x3_conv_channels=64x128_fc_dims=128_seed1,cnn,0.16929338490962983,0.12976718306530066,0.01901456193318443,0.018087819455161927,0.12812988460063934,0.13814462729900587,69951,69951,50,0.48481605481116635,20,True,0.45456832695830385,0.34315825961132707,8,0.31855225563049316,0.13505500555038452,1,"[3, 3]","[64, 128]",[128],6913405,bb5u20c1,239.1,trial_0585_learning_rate=1.0e-03_history=20_kernel_sizes=3x3_conv_channels=64x128_fc_dims=128_seed1,e5dfe47394,trial_0585_learning_rate=1.0e-03_history=20_kernel_sizes=3x3_conv_channels=64x128_fc_dims=128_seed1
/scratch/sb272/patterns5k_results/slurm_hist_cnn_2026-03-05_16-01-45/trial_0586_learning_rate=1.0e-03_history=20_kernel_sizes=3x3_conv_channels=64x128_fc_dims=256_seed0,cnn,0.16908416306972504,0.13759616635488564,0.01881873134582762,0.017472037247249057,0.13464881479740143,0.1440626365409167,94527,94527,50,0.5157095184664515,20,True,0.45456832695830385,0.356171372414853,9,0.31855225563049316,0.1425047069787979,1,"[3, 3]","[64, 128]",[256],6913405,bb5u20c1,250.2,trial_0586_learning_rate=1.0e-03_history=20_kernel_sizes=3x3_conv_channels=64x128_fc_dims=256_seed0,6f0cefd777,trial_0586_learning_rate=1.0e-03_history=20_kernel_sizes=3x3_conv_channels=64x128_fc_dims=256_seed0
/scratch/sb272/patterns5k_results/slurm_hist_cnn_2026-03-05_16-01-45/trial_0586_learning_rate=1.0e-03_history=20_kernel_sizes=3x3_conv_channels=64x128_fc_dims=256_seed1,cnn,0.1688821610212326,0.13622939966128578,0.020156365538400316,0.018758276152232335,0.1349761039018631,0.1436382923873309,94527,94527,50,0.4856499792483711,20,True,0.45456832695830385,0.34988073155931576,8,0.31855225563049316,0.14150795340538025,1,"[3, 3]","[64, 128]",[256],6913405,bb5u20c1,251.9,trial_0586_learning_rate=1.0e-03_history=20_kernel_sizes=3x3_conv_channels=64x128_fc_dims=256_seed1,6f0cefd777,trial_0586_learning_rate=1.0e-03_history=20_kernel_sizes=3x3_conv_channels=64x128_fc_dims=256_seed1
/scratch/sb272/patterns5k_results/slurm_hist_cnn_2026-03-05_16-01-45/trial_0587_learning_rate=1.0e-03_history=20_kernel_sizes=3x3_conv_channels=64x128_fc_dims=512_seed0,cnn,0.1691826432943344,0.14035818416319665,0.01899287814185733,0.017957352456592378,0.1390327513217926,0.14248799178082994,143679,143679,50,0.5348194493749318,20,True,0.45456832695830385,0.3660927121430469,9,0.31855225563049316,0.14524348080158234,1,"[3, 3]","[64, 128]",[512],6913405,bb5u20c1,275.9,trial_0587_learning_rate=1.0e-03_history=20_kernel_sizes=3x3_conv_channels=64x128_fc_dims=512_seed0,b5ab9e1926,trial_0587_learning_rate=1.0e-03_history=20_kernel_sizes=3x3_conv_channels=64x128_fc_dims=512_seed0
/scratch/sb272/patterns5k_results/slurm_hist_cnn_2026-03-05_16-01-45/trial_0587_learning_rate=1.0e-03_history=20_kernel_sizes=3x3_conv_channels=64x128_fc_dims=512_seed1,cnn,0.16846297991275788,0.1389566849861476,0.022318668781764923,0.021442250599936832,0.13733506202697754,0.14447321444304917,143679,143679,40,0.5395735808121541,20,True,0.45456832695830385,0.37732913394413237,10,0.31855225563049316,0.14455173909664154,1,"[3, 3]","[64, 128]",[512],6913405,bb5u20c1,247.3,trial_0587_learning_rate=1.0e-03_history=20_kernel_sizes=3x3_conv_channels=64x128_fc_dims=512_seed1,b5ab9e1926,trial_0587_learning_rate=1.0e-03_history=20_kernel_sizes=3x3_conv_channels=64x128_fc_dims=512_seed1
/scratch/sb272/patterns5k_results/slurm_hist_cnn_2026-03-05_16-01-45/trial_0588_learning_rate=1.0e-03_history=20_kernel_sizes=5x3_conv_channels=128x256_fc_dims=256_seed0,cnn,0.17023593366146086,0.132911925204188,0.012462856277586922,0.013687178256019714,0.13088981807231903,0.13769196915759696,248639,248639,28,0.5221919335479067,20,True,0.45456832695830385,0.36543036588223055,11,0.31855225563049316,0.1383737176656723,1,"[5, 3]","[128, 256]",[256],6913405,bb5u20c1,244.5,trial_0588_learning_rate=1.0e-03_history=20_kernel_sizes=5x3_conv_channels=128x256_fc_dims=256_seed0,65830b7bd0,trial_0588_learning_rate=1.0e-03_history=20_kernel_sizes=5x3_conv_channels=128x256_fc_dims=256_seed0
/scratch/sb272/patterns5k_results/slurm_hist_cnn_2026-03-05_16-01-45/trial_0588_learning_rate=1.0e-03_history=20_kernel_sizes=5x3_conv_channels=128x256_fc_dims=256_seed1,cnn,0.1700802286863327,0.13450917499664297,0.012538747181968084,0.012705011973305353,0.13274648785591125,0.13990292129570808,248639,248639,31,0.5251954025918499,20,True,0.45456832695830385,0.3745465059056477,11,0.31855225563049316,0.14074215292930603,1,"[5, 3]","[128, 256]",[256],6913405,bb5u20c1,252.4,trial_0588_learning_rate=1.0e-03_history=20_kernel_sizes=5x3_conv_channels=128x256_fc_dims=256_seed1,65830b7bd0,trial_0588_learning_rate=1.0e-03_history=20_kernel_sizes=5x3_conv_channels=128x256_fc_dims=256_seed1
/scratch/sb272/patterns5k_results/slurm_hist_cnn_2026-03-05_16-01-45/trial_0589_learning_rate=1.0e-03_history=20_kernel_sizes=5x3_conv_channels=128x256_fc_dims=512_seed0,cnn,0.16884385979175567,0.13615610352391483,0.017176247778392974,0.014596816093202621,0.13311317563056946,0.1419942052642413,330559,330559,27,0.515040989863157,20,True,0.45456832695830385,0.3712640888555563,11,0.31855225563049316,0.141851544380188,1,"[5, 3]","[128, 256]",[512],6913405,bb5u20c1,272.3,trial_0589_learning_rate=1.0e-03_history=20_kernel_sizes=5x3_conv_channels=128x256_fc_dims=512_seed0,d759439d3f,trial_0589_learning_rate=1.0e-03_history=20_kernel_sizes=5x3_conv_channels=128x256_fc_dims=512_seed0
/scratch/sb272/patterns5k_results/slurm_hist_cnn_2026-03-05_16-01-45/trial_0589_learning_rate=1.0e-03_history=20_kernel_sizes=5x3_conv_channels=128x256_fc_dims=512_seed1,cnn,0.17055288243293762,0.13438820591225098,0.00862122244305081,0.0091575440906343,0.13190147280693054,0.14284314350460084,330559,330559,27,0.5141501309317323,20,True,0.45456832695830385,0.37072316683890094,10,0.31855225563049316,0.14069515466690063,1,"[5, 3]","[128, 256]",[512],6913405,bb5u20c1,288.5,trial_0589_learning_rate=1.0e-03_history=20_kernel_sizes=5x3_conv_channels=128x256_fc_dims=512_seed1,d759439d3f,trial_0589_learning_rate=1.0e-03_history=20_kernel_sizes=5x3_conv_channels=128x256_fc_dims=512_seed1
/scratch/sb272/patterns5k_results/slurm_hist_cnn_2026-03-05_16-01-45/trial_0590_learning_rate=1.0e-03_history=20_kernel_sizes=5x3_conv_channels=128x256_fc_dims=1024_seed0,cnn,0.17119879555702208,0.13752781419642468,0.006909608840942383,0.0037579479671659925,0.13268214464187622,0.1407580596270936,494399,494399,24,0.5446239922891742,20,True,0.45456832695830385,0.3766577296187376,11,0.31855225563049316,0.14263907074928284,1,"[5, 3]","[128, 256]",[1024],6913405,bb5u20c1,320.1,trial_0590_learning_rate=1.0e-03_history=20_kernel_sizes=5x3_conv_channels=128x256_fc_dims=1024_seed0,89f494cb6a,trial_0590_learning_rate=1.0e-03_history=20_kernel_sizes=5x3_conv_channels=128x256_fc_dims=1024_seed0
/scratch/sb272/patterns5k_results/slurm_hist_cnn_2026-03-05_16-01-45/trial_0590_learning_rate=1.0e-03_history=20_kernel_sizes=5x3_conv_channels=128x256_fc_dims=1024_seed1,cnn,0.17389989614486695,0.13429121171484087,-0.007460932883005294,-0.008694663880363343,0.12909166514873505,0.1441036870876467,494399,494399,27,0.5243659246234439,20,True,0.45456832695830385,0.37367026772712936,10,0.31855225563049316,0.14024868607521057,1,"[5, 3]","[128, 256]",[1024],6913405,bb5u20c1,341.6,trial_0590_learning_rate=1.0e-03_history=20_kernel_sizes=5x3_conv_channels=128x256_fc_dims=1024_seed1,89f494cb6a,trial_0590_learning_rate=1.0e-03_history=20_kernel_sizes=5x3_conv_channels=128x256_fc_dims=1024_seed1
/scratch/sb272/patterns5k_results/slurm_hist_cnn_2026-03-05_16-01-45/trial_0591_learning_rate=1.0e-03_history=20_kernel_sizes=3x3x3_conv_channels=32x64x128_fc_dims=128_seed0,cnn,0.16801130521297455,0.13565507748778746,0.02234839163129292,0.020173356646583193,0.13159216940402985,0.13963831090822965,66111,66111,50,0.4923817990646135,20,True,0.45456832695830385,0.3475507332577084,8,0.31855225563049316,0.14094601571559906,1,"[3, 3, 3]","[32, 64, 128]",[128],6913405,bb5u20c1,264.1,trial_0591_learning_rate=1.0e-03_history=20_kernel_sizes=3x3x3_conv_channels=32x64x128_fc_dims=128_seed0,83c5a3c163,trial_0591_learning_rate=1.0e-03_history=20_kernel_sizes=3x3x3_conv_channels=32x64x128_fc_dims=128_seed0
/scratch/sb272/patterns5k_results/slurm_hist_cnn_2026-03-05_16-01-45/trial_0591_learning_rate=1.0e-03_history=20_kernel_sizes=3x3x3_conv_channels=32x64x128_fc_dims=128_seed1,cnn,0.16796624052524567,0.13277047277883827,0.022216712671612935,0.019932827306172206,0.1297168731689453,0.14279367504178814,66111,66111,50,0.4720556571478298,20,True,0.45456832695830385,0.3379201846441133,9,0.31855225563049316,0.13823537528514862,0,"[3, 3, 3]","[32, 64, 128]",[128],6913405,bb5u20c1,264.0,trial_0591_learning_rate=1.0e-03_history=20_kernel_sizes=3x3x3_conv_channels=32x64x128_fc_dims=128_seed1,83c5a3c163,trial_0591_learning_rate=1.0e-03_history=20_kernel_sizes=3x3x3_conv_channels=32x64x128_fc_dims=128_seed1
/scratch/sb272/patterns5k_results/slurm_hist_cnn_2026-03-05_16-01-45/trial_0592_learning_rate=1.0e-03_history=20_kernel_sizes=3x3x3_conv_channels=32x64x128_fc_dims=256_seed0,cnn,0.16750348758697509,0.13839889518533152,0.024529107033260285,0.022530323929256864,0.13478100299835205,0.14373450032445506,90687,90687,50,0.49087847989556455,20,True,0.45456832695830385,0.35173962717705576,9,0.31855225563049316,0.1436683088541031,0,"[3, 3, 3]","[32, 64, 128]",[256],6913405,bb5u20c1,273.4,trial_0592_learning_rate=1.0e-03_history=20_kernel_sizes=3x3x3_conv_channels=32x64x128_fc_dims=256_seed0,858879bc1a,trial_0592_learning_rate=1.0e-03_history=20_kernel_sizes=3x3x3_conv_channels=32x64x128_fc_dims=256_seed0
/scratch/sb272/patterns5k_results/slurm_hist_cnn_2026-03-05_16-01-45/trial_0592_learning_rate=1.0e-03_history=20_kernel_sizes=3x3x3_conv_channels=32x64x128_fc_dims=256_seed1,cnn,0.16737937533855438,0.138922507186033,0.02443419278614105,0.02170123088927496,0.13351479172706604,0.14916991796650209,90687,90687,50,0.5027257277179809,20,True,0.45456832695830385,0.35251629422582065,11,0.31855225563049316,0.14385588467121124,1,"[3, 3, 3]","[32, 64, 128]",[256],6913405,bb5u20c1,274.9,trial_0592_learning_rate=1.0e-03_history=20_kernel_sizes=3x3x3_conv_channels=32x64x128_fc_dims=256_seed1,858879bc1a,trial_0592_learning_rate=1.0e-03_history=20_kernel_sizes=3x3x3_conv_channels=32x64x128_fc_dims=256_seed1
/scratch/sb272/patterns5k_results/slurm_hist_cnn_2026-03-05_16-01-45/trial_0593_learning_rate=1.0e-03_history=20_kernel_sizes=5x3x3_conv_channels=64x128x256_fc_dims=256_seed0,cnn,0.16762406945228578,0.14204884468760795,0.0251522319657462,0.022599335700746567,0.1378846913576126,0.146991204369188,239807,239807,47,0.5417354335375542,20,True,0.45456832695830385,0.38675824563026207,11,0.31855225563049316,0.1490338295698166,1,"[5, 3, 3]","[64, 128, 256]",[256],6913405,bb5u20c1,355.9,trial_0593_learning_rate=1.0e-03_history=20_kernel_sizes=5x3x3_conv_channels=64x128x256_fc_dims=256_seed0,0b40f2e8a7,trial_0593_learning_rate=1.0e-03_history=20_kernel_sizes=5x3x3_conv_channels=64x128x256_fc_dims=256_seed0
/scratch/sb272/patterns5k_results/slurm_hist_cnn_2026-03-05_16-01-45/trial_0593_learning_rate=1.0e-03_history=20_kernel_sizes=5x3x3_conv_channels=64x128x256_fc_dims=256_seed1,cnn,0.1682588711977005,0.13971895264953266,0.023721953233083088,0.021443229819101,0.13557930290699005,0.14671246612186606,239807,239807,40,0.5092390282028956,20,True,0.45456832695830385,0.360864981303316,12,0.31855225563049316,0.14561757445335388,1,"[5, 3, 3]","[64, 128, 256]",[256],6913405,bb5u20c1,329.7,trial_0593_learning_rate=1.0e-03_history=20_kernel_sizes=5x3x3_conv_channels=64x128x256_fc_dims=256_seed1,0b40f2e8a7,trial_0593_learning_rate=1.0e-03_history=20_kernel_sizes=5x3x3_conv_channels=64x128x256_fc_dims=256_seed1
/scratch/sb272/patterns5k_results/slurm_hist_cnn_2026-03-05_16-01-45/trial_0594_learning_rate=1.0e-03_history=20_kernel_sizes=5x3x3_conv_channels=64x128x256_fc_dims=512_seed0,cnn,0.1675190975666046,0.14185948528799716,0.024849643782963827,0.021442742574782597,0.135749951004982,0.15042577622521225,321727,321727,45,0.5463485207217101,20,True,0.45456832695830385,0.3915622961367633,11,0.31855225563049316,0.14831653237342834,1,"[5, 3, 3]","[64, 128, 256]",[512],6913405,bb5u20c1,393.6,trial_0594_learning_rate=1.0e-03_history=20_kernel_sizes=5x3x3_conv_channels=64x128x256_fc_dims=512_seed0,7b93729207,trial_0594_learning_rate=1.0e-03_history=20_kernel_sizes=5x3x3_conv_channels=64x128x256_fc_dims=512_seed0
/scratch/sb272/patterns5k_results/slurm_hist_cnn_2026-03-05_16-01-45/trial_0594_learning_rate=1.0e-03_history=20_kernel_sizes=5x3x3_conv_channels=64x128x256_fc_dims=512_seed1,cnn,0.16785529005527497,0.14161724366591985,0.02456850948787871,0.021908588825710236,0.13750937581062317,0.15168891503038115,321727,321727,37,0.5426528064069723,20,True,0.45456832695830385,0.39021878994715736,11,0.31855225563049316,0.1476660668849945,1,"[5, 3, 3]","[64, 128, 256]",[512],6913405,bb5u20c1,348.8,trial_0594_learning_rate=1.0e-03_history=20_kernel_sizes=5x3x3_conv_channels=64x128x256_fc_dims=512_seed1,7b93729207,trial_0594_learning_rate=1.0e-03_history=20_kernel_sizes=5x3x3_conv_channels=64x128x256_fc_dims=512_seed1
/scratch/sb272/patterns5k_results/slurm_hist_cnn_2026-03-05_16-01-45/trial_0595_learning_rate=1.0e-03_history=20_kernel_sizes=5x3x3_conv_channels=64x128x256_fc_dims=1024_seed0,cnn,0.1678683922290802,0.14335425543462388,0.023687934118603902,0.01990482731470986,0.1364748328924179,0.1532066543556384,485567,485567,39,0.5459665838772834,20,True,0.45456832695830385,0.38356368061652907,10,0.31855225563049316,0.14921830594539642,1,"[5, 3, 3]","[64, 128, 256]",[1024],6913405,bb5u20c1,439.0,trial_0595_learning_rate=1.0e-03_history=20_kernel_sizes=5x3x3_conv_channels=64x128x256_fc_dims=1024_seed0,a2493f0c35,trial_0595_learning_rate=1.0e-03_history=20_kernel_sizes=5x3x3_conv_channels=64x128x256_fc_dims=1024_seed0
/scratch/sb272/patterns5k_results/slurm_hist_cnn_2026-03-05_16-01-45/trial_0595_learning_rate=1.0e-03_history=20_kernel_sizes=5x3x3_conv_channels=64x128x256_fc_dims=1024_seed1,cnn,0.16760612857341767,0.14321432350976013,0.02461475133895874,0.021777379134344677,0.13876387476921082,0.1525528726900255,485567,485567,36,0.5335192362409674,20,True,0.45456832695830385,0.37684673015402037,10,0.31855225563049316,0.14994455873966217,1,"[5, 3, 3]","[64, 128, 256]",[1024],6913405,bb5u20c1,412.5,trial_0595_learning_rate=1.0e-03_history=20_kernel_sizes=5x3x3_conv_channels=64x128x256_fc_dims=1024_seed1,a2493f0c35,trial_0595_learning_rate=1.0e-03_history=20_kernel_sizes=5x3x3_conv_channels=64x128x256_fc_dims=1024_seed1
/scratch/sb272/patterns5k_results/slurm_hist_cnn_2026-03-05_16-01-45/trial_0596_learning_rate=1.0e-03_history=20_kernel_sizes=3x3x3_conv_channels=128x128x128_fc_dims=256_seed0,cnn,0.16949435245990754,0.13501669900729574,0.014872269971030099,0.01360133999869937,0.12957772612571716,0.14066426458736822,188991,188991,28,0.4981102116059112,20,True,0.45456832695830385,0.355596916044389,10,0.31855225563049316,0.1398971825838089,1,"[3, 3, 3]","[128, 128, 128]",[256],6913405,bb5u20c1,245.4,trial_0596_learning_rate=1.0e-03_history=20_kernel_sizes=3x3x3_conv_channels=128x128x128_fc_dims=256_seed0,cbb4ea43d5,trial_0596_learning_rate=1.0e-03_history=20_kernel_sizes=3x3x3_conv_channels=128x128x128_fc_dims=256_seed0
/scratch/sb272/patterns5k_results/slurm_hist_cnn_2026-03-05_16-01-45/trial_0596_learning_rate=1.0e-03_history=20_kernel_sizes=3x3x3_conv_channels=128x128x128_fc_dims=256_seed1,cnn,0.16867350089550018,0.13160034799799503,0.021457112024700832,0.018710420245216006,0.1266588568687439,0.14379581821531695,188991,188991,34,0.521045123219942,20,True,0.45456832695830385,0.36818396519061747,11,0.31855225563049316,0.13673536479473114,1,"[3, 3, 3]","[128, 128, 128]",[256],6913405,bb5u20c1,269.9,trial_0596_learning_rate=1.0e-03_history=20_kernel_sizes=3x3x3_conv_channels=128x128x128_fc_dims=256_seed1,cbb4ea43d5,trial_0596_learning_rate=1.0e-03_history=20_kernel_sizes=3x3x3_conv_channels=128x128x128_fc_dims=256_seed1
/scratch/sb272/patterns5k_results/slurm_hist_cnn_2026-03-05_16-01-45/trial_0597_learning_rate=1.0e-03_history=20_kernel_sizes=3x3x3_conv_channels=128x128x128_fc_dims=512_seed0,cnn,0.168193133354187,0.1396938169897806,0.022487619566538976,0.020310998909057132,0.13503453135490417,0.1463238390823166,238143,238143,38,0.5110604836467825,20,True,0.45456832695830385,0.3628508664021799,9,0.31855225563049316,0.14479312300682068,1,"[3, 3, 3]","[128, 128, 128]",[512],6913405,bb5u20c1,310.9,trial_0597_learning_rate=1.0e-03_history=20_kernel_sizes=3x3x3_conv_channels=128x128x128_fc_dims=512_seed0,f972a31932,trial_0597_learning_rate=1.0e-03_history=20_kernel_sizes=3x3x3_conv_channels=128x128x128_fc_dims=512_seed0
/scratch/sb272/patterns5k_results/slurm_hist_cnn_2026-03-05_16-01-45/trial_0597_learning_rate=1.0e-03_history=20_kernel_sizes=3x3x3_conv_channels=128x128x128_fc_dims=512_seed1,cnn,0.16972701942920684,0.13670357966270358,0.015249270295339918,0.014480587981996081,0.1302330195903778,0.14827676113279142,238143,238143,28,0.5232553898575235,20,True,0.45456832695830385,0.3778335106222596,10,0.31855225563049316,0.14264936745166779,1,"[3, 3, 3]","[128, 128, 128]",[512],6913405,bb5u20c1,270.2,trial_0597_learning_rate=1.0e-03_history=20_kernel_sizes=3x3x3_conv_channels=128x128x128_fc_dims=512_seed1,f972a31932,trial_0597_learning_rate=1.0e-03_history=20_kernel_sizes=3x3x3_conv_channels=128x128x128_fc_dims=512_seed1
/scratch/sb272/patterns5k_results/slurm_hist_cnn_2026-03-05_16-01-45/trial_0598_learning_rate=1.0e-03_history=20_kernel_sizes=3x3x3_conv_channels=256x256x256_fc_dims=512_seed0,cnn,0.1682301435470581,0.13805629539381395,0.022642107236953007,0.018472920334528364,0.13082349300384521,0.14564364368454935,640063,640063,24,0.5236172645768925,20,True,0.45456832695830385,0.37071295074902366,11,0.31855225563049316,0.14390097558498383,1,"[3, 3, 3]","[256, 256, 256]",[512],6913405,bb5u20c1,359.0,trial_0598_learning_rate=1.0e-03_history=20_kernel_sizes=3x3x3_conv_channels=256x256x256_fc_dims=512_seed0,02fbec39cc,trial_0598_learning_rate=1.0e-03_history=20_kernel_sizes=3x3x3_conv_channels=256x256x256_fc_dims=512_seed0
/scratch/sb272/patterns5k_results/slurm_hist_cnn_2026-03-05_16-01-45/trial_0598_learning_rate=1.0e-03_history=20_kernel_sizes=3x3x3_conv_channels=256x256x256_fc_dims=512_seed1,cnn,0.1686330226659775,0.13376845287713882,0.020515144817412845,0.01616450340028793,0.12533143162727356,0.14540947775808527,640063,640063,22,0.5000366505761717,20,True,0.45456832695830385,0.35878131099110533,9,0.31855225563049316,0.13882778584957123,1,"[3, 3, 3]","[256, 256, 256]",[512],6913405,bb5u20c1,335.2,trial_0598_learning_rate=1.0e-03_history=20_kernel_sizes=3x3x3_conv_channels=256x256x256_fc_dims=512_seed1,02fbec39cc,trial_0598_learning_rate=1.0e-03_history=20_kernel_sizes=3x3x3_conv_channels=256x256x256_fc_dims=512_seed1
/scratch/sb272/patterns5k_results/slurm_hist_cnn_2026-03-05_16-01-45/trial_0599_learning_rate=1.0e-03_history=20_kernel_sizes=3x3x3_conv_channels=256x256x256_fc_dims=1024_seed0,cnn,0.16952507054805754,0.1383263067986215,0.01863018104008266,0.015153394805060493,0.13043330609798431,0.14781370935227114,803903,803903,29,0.5073536622000606,20,True,0.45456832695830385,0.35734092190776123,10,0.31855225563049316,0.14241665601730347,1,"[3, 3, 3]","[256, 256, 256]",[1024],6913405,bb5u20c1,467.8,trial_0599_learning_rate=1.0e-03_history=20_kernel_sizes=3x3x3_conv_channels=256x256x256_fc_dims=1024_seed0,da8821b225,trial_0599_learning_rate=1.0e-03_history=20_kernel_sizes=3x3x3_conv_channels=256x256x256_fc_dims=1024_seed0
/scratch/sb272/patterns5k_results/slurm_hist_cnn_2026-03-05_16-01-45/trial_0599_learning_rate=1.0e-03_history=20_kernel_sizes=3x3x3_conv_channels=256x256x256_fc_dims=1024_seed1,cnn,0.1686232615709305,0.14073503570341162,0.019080457233247302,0.016144612478831456,0.13143520057201385,0.15137118612890035,803903,803903,24,0.5258021090921343,20,True,0.45456832695830385,0.37175398150011796,10,0.31855225563049316,0.14644037187099457,1,"[3, 3, 3]","[256, 256, 256]",[1024],6913405,bb5u20c1,403.0,trial_0599_learning_rate=1.0e-03_history=20_kernel_sizes=3x3x3_conv_channels=256x256x256_fc_dims=1024_seed1,da8821b225,trial_0599_learning_rate=1.0e-03_history=20_kernel_sizes=3x3x3_conv_channels=256x256x256_fc_dims=1024_seed1
/scratch/sb272/patterns5k_results/slurm_hist_cnn_2026-03-05_16-01-45/trial_0600_learning_rate=1.0e-03_history=1_kernel_sizes=3x3_conv_channels=64x128_fc_dims=128_seed0,cnn,0.1528493527173996,0.2443380750656607,0.07297739339253259,-0.001140836685422867,0.09428512305021286,0.25210412512282565,69951,69951,50,0.7204494435983507,1,True,0.45456832695830385,0.5959693985340024,53,0.31855225563049316,0.25393059849739075,14,"[3, 3]","[64, 128]",[128],6913424,bb5u12c1,321.3,trial_0600_learning_rate=1.0e-03_history=1_kernel_sizes=3x3_conv_channels=64x128_fc_dims=128_seed0,e7358c92c2,trial_0600_learning_rate=1.0e-03_history=1_kernel_sizes=3x3_conv_channels=64x128_fc_dims=128_seed0
/scratch/sb272/patterns5k_results/slurm_hist_cnn_2026-03-05_16-01-45/trial_0600_learning_rate=1.0e-03_history=1_kernel_sizes=3x3_conv_channels=64x128_fc_dims=128_seed1,cnn,0.15260798025131225,0.2447736501087739,0.07337459590699938,-0.002324630343724811,0.09513575583696365,0.2531724078166158,69951,69951,50,0.728489674471905,1,True,0.45456832695830385,0.6003523884876694,54,0.31855225563049316,0.2547375559806824,13,"[3, 3]","[64, 128]",[128],6913424,bb5u12c1,309.6,trial_0600_learning_rate=1.0e-03_history=1_kernel_sizes=3x3_conv_channels=64x128_fc_dims=128_seed1,e7358c92c2,trial_0600_learning_rate=1.0e-03_history=1_kernel_sizes=3x3_conv_channels=64x128_fc_dims=128_seed1
/scratch/sb272/patterns5k_results/slurm_hist_cnn_2026-03-05_16-01-45/trial_0601_learning_rate=1.0e-03_history=1_kernel_sizes=3x3_conv_channels=64x128_fc_dims=256_seed0,cnn,0.15212512671947478,0.24985596910144492,0.07640679298885285,-0.0032257475550212557,0.09301871061325073,0.2578962571672402,94527,94527,50,0.7389934417115922,1,True,0.45456832695830385,0.6083461237205193,56,0.31855225563049316,0.259930819272995,14,"[3, 3]","[64, 128]",[256],6913424,bb5u12c1,341.4,trial_0601_learning_rate=1.0e-03_history=1_kernel_sizes=3x3_conv_channels=64x128_fc_dims=256_seed0,8c71719715,trial_0601_learning_rate=1.0e-03_history=1_kernel_sizes=3x3_conv_channels=64x128_fc_dims=256_seed0
/scratch/sb272/patterns5k_results/slurm_hist_cnn_2026-03-05_16-01-45/trial_0601_learning_rate=1.0e-03_history=1_kernel_sizes=3x3_conv_channels=64x128_fc_dims=256_seed1,cnn,0.15224338603019713,0.25054215795607143,0.0764418121368166,-0.002394632687644353,0.09351392090320587,0.25943212942739713,94527,94527,50,0.7313160517567907,1,True,0.45456832695830385,0.604404919010312,55,0.31855225563049316,0.2607731223106384,13,"[3, 3]","[64, 128]",[256],6913424,bb5u12c1,333.0,trial_0601_learning_rate=1.0e-03_history=1_kernel_sizes=3x3_conv_channels=64x128_fc_dims=256_seed1,8c71719715,trial_0601_learning_rate=1.0e-03_history=1_kernel_sizes=3x3_conv_channels=64x128_fc_dims=256_seed1
/scratch/sb272/patterns5k_results/slurm_hist_cnn_2026-03-05_16-01-45/trial_0602_learning_rate=1.0e-03_history=1_kernel_sizes=3x3_conv_channels=64x128_fc_dims=512_seed0,cnn,0.1516564552783966,0.25316578407064444,0.07756371535952129,-0.0026784510839553107,0.09108657389879227,0.26084719530476214,143679,143679,50,0.7450939408196847,1,True,0.45456832695830385,0.6153113186704707,55,0.31855225563049316,0.26376020908355713,14,"[3, 3]","[64, 128]",[512],6913424,bb5u12c1,385.9,trial_0602_learning_rate=1.0e-03_history=1_kernel_sizes=3x3_conv_channels=64x128_fc_dims=512_seed0,ad47f74013,trial_0602_learning_rate=1.0e-03_history=1_kernel_sizes=3x3_conv_channels=64x128_fc_dims=512_seed0
/scratch/sb272/patterns5k_results/slurm_hist_cnn_2026-03-05_16-01-45/trial_0602_learning_rate=1.0e-03_history=1_kernel_sizes=3x3_conv_channels=64x128_fc_dims=512_seed1,cnn,0.1520401062965393,0.24960941555711644,0.07631344454629081,-0.0021324100948515393,0.09436550736427307,0.26076816053923607,143679,143679,50,0.7450062305917555,1,True,0.45456832695830385,0.6137836285426521,56,0.31855225563049316,0.26010021567344666,14,"[3, 3]","[64, 128]",[512],6913424,bb5u12c1,387.3,trial_0602_learning_rate=1.0e-03_history=1_kernel_sizes=3x3_conv_channels=64x128_fc_dims=512_seed1,ad47f74013,trial_0602_learning_rate=1.0e-03_history=1_kernel_sizes=3x3_conv_channels=64x128_fc_dims=512_seed1
/scratch/sb272/patterns5k_results/slurm_hist_cnn_2026-03-05_16-01-45/trial_0603_learning_rate=1.0e-03_history=1_kernel_sizes=5x3_conv_channels=128x256_fc_dims=256_seed0,cnn,0.1512929255962372,0.25843240263061606,0.07921205910425337,-0.003976235314021035,0.08162859827280045,0.2687570100134019,248639,248639,50,0.752967235136324,1,True,0.45456832695830385,0.628574858179758,58,0.31855225563049316,0.270029753446579,14,"[5, 3]","[128, 256]",[256],6913424,bb5u12c1,447.0,trial_0603_learning_rate=1.0e-03_history=1_kernel_sizes=5x3_conv_channels=128x256_fc_dims=256_seed0,6df2919537,trial_0603_learning_rate=1.0e-03_history=1_kernel_sizes=5x3_conv_channels=128x256_fc_dims=256_seed0
/scratch/sb272/patterns5k_results/slurm_hist_cnn_2026-03-05_16-01-45/trial_0603_learning_rate=1.0e-03_history=1_kernel_sizes=5x3_conv_channels=128x256_fc_dims=256_seed1,cnn,0.15097672939300538,0.25806782641873866,0.0803380428798615,-0.005687936903938415,0.07828105241060257,0.26879515948467203,248639,248639,44,0.7552713077499418,1,True,0.45456832695830385,0.6278676773496833,58,0.31855225563049316,0.2694770395755768,14,"[5, 3]","[128, 256]",[256],6913424,bb5u12c1,407.7,trial_0603_learning_rate=1.0e-03_history=1_kernel_sizes=5x3_conv_channels=128x256_fc_dims=256_seed1,6df2919537,trial_0603_learning_rate=1.0e-03_history=1_kernel_sizes=5x3_conv_channels=128x256_fc_dims=256_seed1
/scratch/sb272/patterns5k_results/slurm_hist_cnn_2026-03-05_16-01-45/trial_0604_learning_rate=1.0e-03_history=1_kernel_sizes=5x3_conv_channels=128x256_fc_dims=512_seed0,cnn,0.1515921721458435,0.25996559622763626,0.07703880374393766,-0.004771394389016288,0.08184579759836197,0.2720557207318363,330559,330559,50,0.7586458431110092,1,True,0.45456832695830385,0.6313605086421709,59,0.31855225563049316,0.2717243731021881,14,"[5, 3]","[128, 256]",[512],6913424,bb5u12c1,494.1,trial_0604_learning_rate=1.0e-03_history=1_kernel_sizes=5x3_conv_channels=128x256_fc_dims=512_seed0,469fe4be3d,trial_0604_learning_rate=1.0e-03_history=1_kernel_sizes=5x3_conv_channels=128x256_fc_dims=512_seed0
/scratch/sb272/patterns5k_results/slurm_hist_cnn_2026-03-05_16-01-45/trial_0604_learning_rate=1.0e-03_history=1_kernel_sizes=5x3_conv_channels=128x256_fc_dims=512_seed1,cnn,0.150980282664299,0.2608470262543569,0.08023716249163189,-0.006103465481409951,0.079086534678936,0.27302257054462553,330559,330559,50,0.7618472309624662,1,True,0.45456832695830385,0.6373892885946325,59,0.31855225563049316,0.27269992232322693,15,"[5, 3]","[128, 256]",[512],6913424,bb5u12c1,500.1,trial_0604_learning_rate=1.0e-03_history=1_kernel_sizes=5x3_conv_channels=128x256_fc_dims=512_seed1,469fe4be3d,trial_0604_learning_rate=1.0e-03_history=1_kernel_sizes=5x3_conv_channels=128x256_fc_dims=512_seed1
/scratch/sb272/patterns5k_results/slurm_hist_cnn_2026-03-05_16-01-45/trial_0605_learning_rate=1.0e-03_history=1_kernel_sizes=5x3_conv_channels=128x256_fc_dims=1024_seed0,cnn,0.15205137777328492,0.2605919864821114,0.07357445690366957,-0.005161391364203559,0.08306573331356049,0.27152929896961664,494399,494399,39,0.7493569615043124,1,True,0.45456832695830385,0.6267646874204285,58,0.31855225563049316,0.27195775508880615,15,"[5, 3]","[128, 256]",[1024],6913424,bb5u12c1,521.0,trial_0605_learning_rate=1.0e-03_history=1_kernel_sizes=5x3_conv_channels=128x256_fc_dims=1024_seed0,655724a318,trial_0605_learning_rate=1.0e-03_history=1_kernel_sizes=5x3_conv_channels=128x256_fc_dims=1024_seed0
/scratch/sb272/patterns5k_results/slurm_hist_cnn_2026-03-05_16-01-45/trial_0605_learning_rate=1.0e-03_history=1_kernel_sizes=5x3_conv_channels=128x256_fc_dims=1024_seed1,cnn,0.1509511765241623,0.26253734173117177,0.0784587888490586,-0.0057566288917783705,0.07930503040552139,0.27298314326013795,494399,494399,50,0.7621047251959813,1,True,0.45456832695830385,0.6363363542849793,59,0.31855225563049316,0.27455198764801025,15,"[5, 3]","[128, 256]",[1024],6913424,bb5u12c1,614.8,trial_0605_learning_rate=1.0e-03_history=1_kernel_sizes=5x3_conv_channels=128x256_fc_dims=1024_seed1,655724a318,trial_0605_learning_rate=1.0e-03_history=1_kernel_sizes=5x3_conv_channels=128x256_fc_dims=1024_seed1
/scratch/sb272/patterns5k_results/slurm_hist_cnn_2026-03-05_16-01-45/trial_0606_learning_rate=1.0e-03_history=1_kernel_sizes=3x3x3_conv_channels=32x64x128_fc_dims=128_seed0,cnn,0.15229642069339752,0.23589640893539737,0.06573660600753058,-0.013963302922627282,0.05577349662780762,0.24138272061992022,66111,66111,50,0.6656600669125808,1,True,0.45456832695830385,0.5320481106779561,44,0.31855225563049316,0.2436160296201706,12,"[3, 3, 3]","[32, 64, 128]",[128],6913424,bb5u12c1,321.2,trial_0606_learning_rate=1.0e-03_history=1_kernel_sizes=3x3x3_conv_channels=32x64x128_fc_dims=128_seed0,3ca371db6f,trial_0606_learning_rate=1.0e-03_history=1_kernel_sizes=3x3x3_conv_channels=32x64x128_fc_dims=128_seed0
/scratch/sb272/patterns5k_results/slurm_hist_cnn_2026-03-05_16-01-45/trial_0606_learning_rate=1.0e-03_history=1_kernel_sizes=3x3x3_conv_channels=32x64x128_fc_dims=128_seed1,cnn,0.1526567244529724,0.2319272960275459,0.0627726401601519,-0.014022519664158897,0.055659182369709015,0.23897439970177653,66111,66111,50,0.6599911884977555,1,True,0.45456832695830385,0.5275568464750114,43,0.31855225563049316,0.23952291905879974,12,"[3, 3, 3]","[32, 64, 128]",[128],6913424,bb5u12c1,323.0,trial_0606_learning_rate=1.0e-03_history=1_kernel_sizes=3x3x3_conv_channels=32x64x128_fc_dims=128_seed1,3ca371db6f,trial_0606_learning_rate=1.0e-03_history=1_kernel_sizes=3x3x3_conv_channels=32x64x128_fc_dims=128_seed1
/scratch/sb272/patterns5k_results/slurm_hist_cnn_2026-03-05_16-01-45/trial_0607_learning_rate=1.0e-03_history=1_kernel_sizes=3x3x3_conv_channels=32x64x128_fc_dims=256_seed0,cnn,0.15210094237327576,0.23866487275775541,0.06826382875442505,-0.01309106085035536,0.056113336235284805,0.24484948118458882,90687,90687,50,0.6714499922512726,1,True,0.45456832695830385,0.5422700486555945,47,0.31855225563049316,0.24682986736297607,13,"[3, 3, 3]","[32, 64, 128]",[256],6913424,bb5u12c1,353.2,trial_0607_learning_rate=1.0e-03_history=1_kernel_sizes=3x3x3_conv_channels=32x64x128_fc_dims=256_seed0,c9a9ec3786,trial_0607_learning_rate=1.0e-03_history=1_kernel_sizes=3x3x3_conv_channels=32x64x128_fc_dims=256_seed0
/scratch/sb272/patterns5k_results/slurm_hist_cnn_2026-03-05_16-01-45/trial_0607_learning_rate=1.0e-03_history=1_kernel_sizes=3x3x3_conv_channels=32x64x128_fc_dims=256_seed1,cnn,0.1519835742712021,0.23720154845248187,0.06739089224073622,-0.012454616645025828,0.06024802103638649,0.24648692085820456,90687,90687,50,0.6760165492626088,1,True,0.45456832695830385,0.5432971994045305,45,0.31855225563049316,0.24537545442581177,14,"[3, 3, 3]","[32, 64, 128]",[256],6913424,bb5u12c1,348.5,trial_0607_learning_rate=1.0e-03_history=1_kernel_sizes=3x3x3_conv_channels=32x64x128_fc_dims=256_seed1,c9a9ec3786,trial_0607_learning_rate=1.0e-03_history=1_kernel_sizes=3x3x3_conv_channels=32x64x128_fc_dims=256_seed1
/scratch/sb272/patterns5k_results/slurm_hist_cnn_2026-03-05_16-01-45/trial_0608_learning_rate=1.0e-03_history=1_kernel_sizes=5x3x3_conv_channels=64x128x256_fc_dims=256_seed0,cnn,0.1491547112464905,0.26146006109625064,0.08361579785271296,-0.018021824814024427,0.05583832412958145,0.27157154907207454,239807,239807,50,0.7266287726960969,1,True,0.45456832695830385,0.5897267660221472,53,0.31855225563049316,0.2721051275730133,17,"[5, 3, 3]","[64, 128, 256]",[256],6913424,bb5u12c1,461.6,trial_0608_learning_rate=1.0e-03_history=1_kernel_sizes=5x3x3_conv_channels=64x128x256_fc_dims=256_seed0,0ba9bd7f12,trial_0608_learning_rate=1.0e-03_history=1_kernel_sizes=5x3x3_conv_channels=64x128x256_fc_dims=256_seed0
/scratch/sb272/patterns5k_results/slurm_hist_cnn_2026-03-05_16-01-45/trial_0608_learning_rate=1.0e-03_history=1_kernel_sizes=5x3x3_conv_channels=64x128x256_fc_dims=256_seed1,cnn,0.14963688564300537,0.26046638249553894,0.0823984874619378,-0.014842759995233445,0.05939846858382225,0.2714151565891536,239807,239807,50,0.7265672324424044,1,True,0.45456832695830385,0.589464826955133,52,0.31855225563049316,0.2707308530807495,16,"[5, 3, 3]","[64, 128, 256]",[256],6913424,bb5u12c1,456.6,trial_0608_learning_rate=1.0e-03_history=1_kernel_sizes=5x3x3_conv_channels=64x128x256_fc_dims=256_seed1,0ba9bd7f12,trial_0608_learning_rate=1.0e-03_history=1_kernel_sizes=5x3x3_conv_channels=64x128x256_fc_dims=256_seed1
/scratch/sb272/patterns5k_results/slurm_hist_cnn_2026-03-05_16-01-45/trial_0609_learning_rate=1.0e-03_history=1_kernel_sizes=5x3x3_conv_channels=64x128x256_fc_dims=512_seed0,cnn,0.14911999678611756,0.26263811887925204,0.08385423062339661,-0.015503943912566655,0.05854130536317825,0.27341142974487775,321727,321727,50,0.7353355793287524,1,True,0.45456832695830385,0.5918660606006316,52,0.31855225563049316,0.2735172212123871,17,"[5, 3, 3]","[64, 128, 256]",[512],6913424,bb5u12c1,505.5,trial_0609_learning_rate=1.0e-03_history=1_kernel_sizes=5x3x3_conv_channels=64x128x256_fc_dims=512_seed0,d4c88d7c71,trial_0609_learning_rate=1.0e-03_history=1_kernel_sizes=5x3x3_conv_channels=64x128x256_fc_dims=512_seed0
/scratch/sb272/patterns5k_results/slurm_hist_cnn_2026-03-05_16-01-45/trial_0609_learning_rate=1.0e-03_history=1_kernel_sizes=5x3x3_conv_channels=64x128x256_fc_dims=512_seed1,cnn,0.1490487323999405,0.2630746750987087,0.08344982540796674,-0.014717600648365324,0.056798022240400314,0.27363733563590503,321727,321727,50,0.7403552185188399,1,True,0.45456832695830385,0.5907895654465817,51,0.31855225563049316,0.27348387241363525,17,"[5, 3, 3]","[64, 128, 256]",[512],6913424,bb5u12c1,515.5,trial_0609_learning_rate=1.0e-03_history=1_kernel_sizes=5x3x3_conv_channels=64x128x256_fc_dims=512_seed1,d4c88d7c71,trial_0609_learning_rate=1.0e-03_history=1_kernel_sizes=5x3x3_conv_channels=64x128x256_fc_dims=512_seed1
/scratch/sb272/patterns5k_results/slurm_hist_cnn_2026-03-05_16-01-45/trial_0610_learning_rate=1.0e-03_history=1_kernel_sizes=5x3x3_conv_channels=64x128x256_fc_dims=1024_seed0,cnn,0.14873393726348877,0.2653453040178761,0.08552202913496229,-0.020162668493058946,0.051392920315265656,0.2756156875406597,485567,485567,50,0.7384485122773744,1,True,0.45456832695830385,0.5965556782166448,54,0.31855225563049316,0.27636441588401794,17,"[5, 3, 3]","[64, 128, 256]",[1024],6913424,bb5u12c1,630.4,trial_0610_learning_rate=1.0e-03_history=1_kernel_sizes=5x3x3_conv_channels=64x128x256_fc_dims=1024_seed0,21facb89c0,trial_0610_learning_rate=1.0e-03_history=1_kernel_sizes=5x3x3_conv_channels=64x128x256_fc_dims=1024_seed0
/scratch/sb272/patterns5k_results/slurm_hist_cnn_2026-03-05_16-01-45/trial_0610_learning_rate=1.0e-03_history=1_kernel_sizes=5x3x3_conv_channels=64x128x256_fc_dims=1024_seed1,cnn,0.14874179780483246,0.26442397694639824,0.08522859925315493,-0.016993210429237002,0.05824880674481392,0.2754811142679648,485567,485567,50,0.7405322451384904,1,True,0.45456832695830385,0.5971006948855688,51,0.31855225563049316,0.27498140931129456,17,"[5, 3, 3]","[64, 128, 256]",[1024],6913424,bb5u12c1,625.5,trial_0610_learning_rate=1.0e-03_history=1_kernel_sizes=5x3x3_conv_channels=64x128x256_fc_dims=1024_seed1,21facb89c0,trial_0610_learning_rate=1.0e-03_history=1_kernel_sizes=5x3x3_conv_channels=64x128x256_fc_dims=1024_seed1
/scratch/sb272/patterns5k_results/slurm_hist_cnn_2026-03-05_16-01-45/trial_0611_learning_rate=1.0e-03_history=1_kernel_sizes=3x3x3_conv_channels=128x128x128_fc_dims=256_seed0,cnn,0.14988209724426269,0.2602026981134892,0.08307050523303804,-0.013401608618478927,0.06207408010959625,0.26964050542780466,188991,188991,50,0.7317936155455749,1,True,0.45456832695830385,0.5945911911105171,52,0.31855225563049316,0.27051717042922974,15,"[3, 3, 3]","[128, 128, 128]",[256],6913424,bb5u12c1,407.4,trial_0611_learning_rate=1.0e-03_history=1_kernel_sizes=3x3x3_conv_channels=128x128x128_fc_dims=256_seed0,f5f3efc661,trial_0611_learning_rate=1.0e-03_history=1_kernel_sizes=3x3x3_conv_channels=128x128x128_fc_dims=256_seed0
/scratch/sb272/patterns5k_results/slurm_hist_cnn_2026-03-05_16-01-45/trial_0611_learning_rate=1.0e-03_history=1_kernel_sizes=3x3x3_conv_channels=128x128x128_fc_dims=256_seed1,cnn,0.1498042916059494,0.25937531905828765,0.08201845865401011,-0.013299354485103063,0.06294306367635727,0.27028232187164286,188991,188991,50,0.7224494314466944,1,True,0.45456832695830385,0.5889744673502985,52,0.31855225563049316,0.2694474160671234,15,"[3, 3, 3]","[128, 128, 128]",[256],6913424,bb5u12c1,413.3,trial_0611_learning_rate=1.0e-03_history=1_kernel_sizes=3x3x3_conv_channels=128x128x128_fc_dims=256_seed1,f5f3efc661,trial_0611_learning_rate=1.0e-03_history=1_kernel_sizes=3x3x3_conv_channels=128x128x128_fc_dims=256_seed1
/scratch/sb272/patterns5k_results/slurm_hist_cnn_2026-03-05_16-01-45/trial_0612_learning_rate=1.0e-03_history=1_kernel_sizes=3x3x3_conv_channels=128x128x128_fc_dims=512_seed0,cnn,0.1493801944255829,0.26416592552586465,0.08521206889833723,-0.014096226011003767,0.061700209975242615,0.27355557418828463,238143,238143,50,0.7364759474791404,1,True,0.45456832695830385,0.5991789551289717,55,0.31855225563049316,0.2742234766483307,15,"[3, 3, 3]","[128, 128, 128]",[512],6913424,bb5u12c1,451.9,trial_0612_learning_rate=1.0e-03_history=1_kernel_sizes=3x3x3_conv_channels=128x128x128_fc_dims=512_seed0,8bbfd9ae24,trial_0612_learning_rate=1.0e-03_history=1_kernel_sizes=3x3x3_conv_channels=128x128x128_fc_dims=512_seed0
/scratch/sb272/patterns5k_results/slurm_hist_cnn_2026-03-05_16-01-45/trial_0612_learning_rate=1.0e-03_history=1_kernel_sizes=3x3x3_conv_channels=128x128x128_fc_dims=512_seed1,cnn,0.14924763667583466,0.26311118531952277,0.08496373607998803,-0.013423419187939356,0.06252477318048477,0.2719506417118943,238143,238143,50,0.733331609765957,1,True,0.45456832695830385,0.5991868568322624,55,0.31855225563049316,0.2735944092273712,15,"[3, 3, 3]","[128, 128, 128]",[512],6913424,bb5u12c1,452.6,trial_0612_learning_rate=1.0e-03_history=1_kernel_sizes=3x3x3_conv_channels=128x128x128_fc_dims=512_seed1,8bbfd9ae24,trial_0612_learning_rate=1.0e-03_history=1_kernel_sizes=3x3x3_conv_channels=128x128x128_fc_dims=512_seed1
/scratch/sb272/patterns5k_results/slurm_hist_cnn_2026-03-05_16-01-45/trial_0613_learning_rate=1.0e-03_history=1_kernel_sizes=3x3x3_conv_channels=256x256x256_fc_dims=512_seed0,cnn,0.14963202452659607,0.26967407233857177,0.08745453092787,-0.020752420501103475,0.05802487954497337,0.2791480503895504,640063,640063,50,0.7813838156640562,1,True,0.45456832695830385,0.6336536896731356,58,0.31855225563049316,0.28081241250038147,16,"[3, 3, 3]","[256, 256, 256]",[512],6913424,bb5u12c1,689.7,trial_0613_learning_rate=1.0e-03_history=1_kernel_sizes=3x3x3_conv_channels=256x256x256_fc_dims=512_seed0,fb267fb296,trial_0613_learning_rate=1.0e-03_history=1_kernel_sizes=3x3x3_conv_channels=256x256x256_fc_dims=512_seed0
/scratch/sb272/patterns5k_results/slurm_hist_cnn_2026-03-05_16-01-45/trial_0613_learning_rate=1.0e-03_history=1_kernel_sizes=3x3x3_conv_channels=256x256x256_fc_dims=512_seed1,cnn,0.14935553097724916,0.2695390170439285,0.08835559988778735,-0.01967779795328776,0.05872766301035881,0.27993892682054294,640063,640063,50,0.7728973737670174,1,True,0.45456832695830385,0.6330062434615166,58,0.31855225563049316,0.2814030647277832,16,"[3, 3, 3]","[256, 256, 256]",[512],6913424,bb5u12c1,702.4,trial_0613_learning_rate=1.0e-03_history=1_kernel_sizes=3x3x3_conv_channels=256x256x256_fc_dims=512_seed1,fb267fb296,trial_0613_learning_rate=1.0e-03_history=1_kernel_sizes=3x3x3_conv_channels=256x256x256_fc_dims=512_seed1
/scratch/sb272/patterns5k_results/slurm_hist_cnn_2026-03-05_16-01-45/trial_0614_learning_rate=1.0e-03_history=1_kernel_sizes=3x3x3_conv_channels=256x256x256_fc_dims=1024_seed0,cnn,0.1496046781539917,0.26925866951870564,0.08552872756170848,-0.019333593429081024,0.05700448155403137,0.28003828622569676,803903,803903,50,0.7711774893755599,1,True,0.45456832695830385,0.6347744338107896,60,0.31855225563049316,0.28094953298568726,16,"[3, 3, 3]","[256, 256, 256]",[1024],6913424,bb5u12c1,812.0,trial_0614_learning_rate=1.0e-03_history=1_kernel_sizes=3x3x3_conv_channels=256x256x256_fc_dims=1024_seed0,a7324de969,trial_0614_learning_rate=1.0e-03_history=1_kernel_sizes=3x3x3_conv_channels=256x256x256_fc_dims=1024_seed0
/scratch/sb272/patterns5k_results/slurm_hist_cnn_2026-03-05_16-01-45/trial_0614_learning_rate=1.0e-03_history=1_kernel_sizes=3x3x3_conv_channels=256x256x256_fc_dims=1024_seed1,cnn,0.14928479957580568,0.26877392378938764,0.08606639457127405,-0.018925880628918843,0.057264771312475204,0.28171907143597974,803903,803903,45,0.7707345101861526,1,True,0.45456832695830385,0.6339855585766679,59,0.31855225563049316,0.27997636795043945,17,"[3, 3, 3]","[256, 256, 256]",[1024],6913424,bb5u12c1,748.8,trial_0614_learning_rate=1.0e-03_history=1_kernel_sizes=3x3x3_conv_channels=256x256x256_fc_dims=1024_seed1,a7324de969,trial_0614_learning_rate=1.0e-03_history=1_kernel_sizes=3x3x3_conv_channels=256x256x256_fc_dims=1024_seed1
/scratch/sb272/patterns5k_results/slurm_hist_cnn_2026-03-05_16-01-45/trial_0615_learning_rate=1.0e-03_history=2_kernel_sizes=3x3_conv_channels=64x128_fc_dims=128_seed0,cnn,0.15366146099567413,0.24247366403992193,0.0730342051339528,0.002277624039422898,0.10021091997623444,0.2515546922400934,69951,69951,50,0.7216923039867064,2,True,0.45456832695830385,0.590410357989695,52,0.31855225563049316,0.25173234939575195,9,"[3, 3]","[64, 128]",[128],6913424,bb5u12c1,309.9,trial_0615_learning_rate=1.0e-03_history=2_kernel_sizes=3x3_conv_channels=64x128_fc_dims=128_seed0,15814ddd4d,trial_0615_learning_rate=1.0e-03_history=2_kernel_sizes=3x3_conv_channels=64x128_fc_dims=128_seed0
/scratch/sb272/patterns5k_results/slurm_hist_cnn_2026-03-05_16-01-45/trial_0615_learning_rate=1.0e-03_history=2_kernel_sizes=3x3_conv_channels=64x128_fc_dims=128_seed1,cnn,0.15374975430965424,0.2416330923949554,0.07217004185631162,-0.0010623931884765625,0.09937290847301483,0.2526348336235954,69951,69951,50,0.7162963852543881,2,True,0.45456832695830385,0.5914806618673625,53,0.31855225563049316,0.2516563832759857,9,"[3, 3]","[64, 128]",[128],6913424,bb5u12c1,320.2,trial_0615_learning_rate=1.0e-03_history=2_kernel_sizes=3x3_conv_channels=64x128_fc_dims=128_seed1,15814ddd4d,trial_0615_learning_rate=1.0e-03_history=2_kernel_sizes=3x3_conv_channels=64x128_fc_dims=128_seed1
/scratch/sb272/patterns5k_results/slurm_hist_cnn_2026-03-05_16-01-45/trial_0616_learning_rate=1.0e-03_history=2_kernel_sizes=3x3_conv