run_dir,model_type,batch_avg_test_loss,batch_avg_test_corr,all_test_fve,AR_FVE,AR_test_correlation,best_val_corr,total_params,trainable_params,epochs_trained,mean_pattern_corr,history,init_state,loo_avg_mean_corr,model_avg_mean_corr,neurons_model_beats_loo_avg,loo_temporal_mean_corr,all_test_corr,neurons_model_beats_loo_temporal,kernel_sizes,conv_channels,fc_dims,slurm_job_id,hostname,wall_time_s,run_id,config_id,experiment
/scratch/sb272/patterns5k_results/slurm_base_cnn_2026-03-06_09-50-40/trial_0000_learning_rate=1.0e-04_kernel_sizes=3x3x3_conv_channels=32x64x128_fc_dims=128_seed0,cnn,0.17059339904785156,0.10746003437104942,0.013042915435064407,,,0.10275302684216,60063,60063,50,0.3650350252922889,0,True,0.45456832695830385,0.21467850792658438,1,0.31855225563049316,0.10810725390911102,0,"[3, 3, 3]","[32, 64, 128]",[128],6918115,bc12u15n1,441.6,trial_0000_learning_rate=1.0e-04_kernel_sizes=3x3x3_conv_channels=32x64x128_fc_dims=128_seed0,171ef89464,trial_0000_learning_rate=1.0e-04_kernel_sizes=3x3x3_conv_channels=32x64x128_fc_dims=128_seed0
/scratch/sb272/patterns5k_results/slurm_base_cnn_2026-03-06_09-50-40/trial_0000_learning_rate=1.0e-04_kernel_sizes=3x3x3_conv_channels=32x64x128_fc_dims=128_seed1,cnn,0.17011958873271943,0.10916665825697228,0.014032504861316984,,,0.10834144144392492,60063,60063,50,0.39302329602301084,0,True,0.45456832695830385,0.2259573225765616,1,0.31855225563049316,0.11008105427026749,0,"[3, 3, 3]","[32, 64, 128]",[128],6918115,bc12u15n1,432.7,trial_0000_learning_rate=1.0e-04_kernel_sizes=3x3x3_conv_channels=32x64x128_fc_dims=128_seed1,171ef89464,trial_0000_learning_rate=1.0e-04_kernel_sizes=3x3x3_conv_channels=32x64x128_fc_dims=128_seed1
/scratch/sb272/patterns5k_results/slurm_base_cnn_2026-03-06_09-50-40/trial_0000_learning_rate=1.0e-04_kernel_sizes=3x3x3_conv_channels=32x64x128_fc_dims=128_seed2,cnn,0.17029463803768158,0.10839327776345084,0.013521293799082438,,,0.10171262372340004,60063,60063,50,0.36232148523645274,0,True,0.45456832695830385,0.21040707524763308,1,0.31855225563049316,0.10906748473644257,0,"[3, 3, 3]","[32, 64, 128]",[128],6918115,bc12u15n1,436.7,trial_0000_learning_rate=1.0e-04_kernel_sizes=3x3x3_conv_channels=32x64x128_fc_dims=128_seed2,171ef89464,trial_0000_learning_rate=1.0e-04_kernel_sizes=3x3x3_conv_channels=32x64x128_fc_dims=128_seed2
/scratch/sb272/patterns5k_results/slurm_base_cnn_2026-03-06_09-50-40/trial_0001_learning_rate=1.0e-04_kernel_sizes=3x3x3_conv_channels=32x64x128_fc_dims=256_seed0,cnn,0.17001900386810304,0.11417740074074664,0.01464062834542895,,,0.11027020644441528,84639,84639,50,0.3871907289327546,0,True,0.45456832695830385,0.22675835916303327,1,0.31855225563049316,0.11509281396865845,0,"[3, 3, 3]","[32, 64, 128]",[256],6918115,bc12u15n1,468.9,trial_0001_learning_rate=1.0e-04_kernel_sizes=3x3x3_conv_channels=32x64x128_fc_dims=256_seed0,2662bf1eb5,trial_0001_learning_rate=1.0e-04_kernel_sizes=3x3x3_conv_channels=32x64x128_fc_dims=256_seed0
/scratch/sb272/patterns5k_results/slurm_base_cnn_2026-03-06_09-50-40/trial_0001_learning_rate=1.0e-04_kernel_sizes=3x3x3_conv_channels=32x64x128_fc_dims=256_seed1,cnn,0.17049044978618622,0.11108342308142424,0.013102041350470649,,,0.11630138451166536,84639,84639,50,0.36851480217375904,0,True,0.45456832695830385,0.21895408729970808,1,0.31855225563049316,0.11221306025981903,0,"[3, 3, 3]","[32, 64, 128]",[256],6918115,bc12u15n1,470.3,trial_0001_learning_rate=1.0e-04_kernel_sizes=3x3x3_conv_channels=32x64x128_fc_dims=256_seed1,2662bf1eb5,trial_0001_learning_rate=1.0e-04_kernel_sizes=3x3x3_conv_channels=32x64x128_fc_dims=256_seed1
/scratch/sb272/patterns5k_results/slurm_base_cnn_2026-03-06_09-50-40/trial_0001_learning_rate=1.0e-04_kernel_sizes=3x3x3_conv_channels=32x64x128_fc_dims=256_seed2,cnn,0.17023089158535004,0.11104913234763182,0.013734385134681823,,,0.10573271684469902,84639,84639,50,0.39880577528750727,0,True,0.45456832695830385,0.23015420622236196,1,0.31855225563049316,0.11176132410764694,0,"[3, 3, 3]","[32, 64, 128]",[256],6918115,bc12u15n1,464.7,trial_0001_learning_rate=1.0e-04_kernel_sizes=3x3x3_conv_channels=32x64x128_fc_dims=256_seed2,2662bf1eb5,trial_0001_learning_rate=1.0e-04_kernel_sizes=3x3x3_conv_channels=32x64x128_fc_dims=256_seed2
/scratch/sb272/patterns5k_results/slurm_base_cnn_2026-03-06_09-50-40/trial_0002_learning_rate=1.0e-04_kernel_sizes=3x3x3_conv_channels=128x128x128_fc_dims=256_seed0,cnn,0.1690130854845047,0.12467836463561692,0.018598191321842254,,,0.1257348925394922,164799,164799,50,0.47237803907076603,0,True,0.45456832695830385,0.2736657287499547,1,0.31855225563049316,0.12563642859458923,0,"[3, 3, 3]","[128, 128, 128]",[256],6918115,bc12u15n1,553.9,trial_0002_learning_rate=1.0e-04_kernel_sizes=3x3x3_conv_channels=128x128x128_fc_dims=256_seed0,7697a79321,trial_0002_learning_rate=1.0e-04_kernel_sizes=3x3x3_conv_channels=128x128x128_fc_dims=256_seed0
/scratch/sb272/patterns5k_results/slurm_base_cnn_2026-03-06_09-50-40/trial_0002_learning_rate=1.0e-04_kernel_sizes=3x3x3_conv_channels=128x128x128_fc_dims=256_seed1,cnn,0.16919716227054596,0.1210200126018537,0.017456773727659195,,,0.1266962041806329,164799,164799,50,0.4344163056805382,0,True,0.45456832695830385,0.254069208072129,1,0.31855225563049316,0.12212774157524109,0,"[3, 3, 3]","[128, 128, 128]",[256],6918115,bc12u15n1,568.6,trial_0002_learning_rate=1.0e-04_kernel_sizes=3x3x3_conv_channels=128x128x128_fc_dims=256_seed1,7697a79321,trial_0002_learning_rate=1.0e-04_kernel_sizes=3x3x3_conv_channels=128x128x128_fc_dims=256_seed1
/scratch/sb272/patterns5k_results/slurm_base_cnn_2026-03-06_09-50-40/trial_0002_learning_rate=1.0e-04_kernel_sizes=3x3x3_conv_channels=128x128x128_fc_dims=256_seed2,cnn,0.16887075591087342,0.1256429085930571,0.018722496335468596,,,0.12114966967214569,164799,164799,50,0.4591120669921423,0,True,0.45456832695830385,0.2663817105245157,1,0.31855225563049316,0.12646621465682983,0,"[3, 3, 3]","[128, 128, 128]",[256],6918115,bc12u15n1,586.9,trial_0002_learning_rate=1.0e-04_kernel_sizes=3x3x3_conv_channels=128x128x128_fc_dims=256_seed2,7697a79321,trial_0002_learning_rate=1.0e-04_kernel_sizes=3x3x3_conv_channels=128x128x128_fc_dims=256_seed2
/scratch/sb272/patterns5k_results/slurm_base_cnn_2026-03-06_09-50-40/trial_0003_learning_rate=1.0e-04_kernel_sizes=3x3x3_conv_channels=128x128x128_fc_dims=512_seed0,cnn,0.16900485956668854,0.12849933090739826,0.017234560043092758,,,0.131264472923321,213951,213951,50,0.4566477897872715,0,True,0.45456832695830385,0.26767653109988826,1,0.31855225563049316,0.1291484236717224,0,"[3, 3, 3]","[128, 128, 128]",[512],6918115,bc12u15n1,611.7,trial_0003_learning_rate=1.0e-04_kernel_sizes=3x3x3_conv_channels=128x128x128_fc_dims=512_seed0,6a8c0e9cbb,trial_0003_learning_rate=1.0e-04_kernel_sizes=3x3x3_conv_channels=128x128x128_fc_dims=512_seed0
/scratch/sb272/patterns5k_results/slurm_base_cnn_2026-03-06_09-50-40/trial_0003_learning_rate=1.0e-04_kernel_sizes=3x3x3_conv_channels=128x128x128_fc_dims=512_seed1,cnn,0.16925195956230163,0.12621520925665722,0.016764546197558208,,,0.1336465514368416,213951,213951,50,0.4483431171373099,0,True,0.45456832695830385,0.26273778952329485,1,0.31855225563049316,0.12664248049259186,0,"[3, 3, 3]","[128, 128, 128]",[512],6918115,bc12u15n1,624.8,trial_0003_learning_rate=1.0e-04_kernel_sizes=3x3x3_conv_channels=128x128x128_fc_dims=512_seed1,6a8c0e9cbb,trial_0003_learning_rate=1.0e-04_kernel_sizes=3x3x3_conv_channels=128x128x128_fc_dims=512_seed1
/scratch/sb272/patterns5k_results/slurm_base_cnn_2026-03-06_09-50-40/trial_0003_learning_rate=1.0e-04_kernel_sizes=3x3x3_conv_channels=128x128x128_fc_dims=512_seed2,cnn,0.16903376483917237,0.12853814733392682,0.016388139081379725,,,0.12596545234211712,213951,213951,50,0.46790612575483503,0,True,0.45456832695830385,0.27275747746326634,1,0.31855225563049316,0.1288962960243225,0,"[3, 3, 3]","[128, 128, 128]",[512],6918115,bc12u15n1,646.2,trial_0003_learning_rate=1.0e-04_kernel_sizes=3x3x3_conv_channels=128x128x128_fc_dims=512_seed2,6a8c0e9cbb,trial_0003_learning_rate=1.0e-04_kernel_sizes=3x3x3_conv_channels=128x128x128_fc_dims=512_seed2
/scratch/sb272/patterns5k_results/slurm_base_cnn_2026-03-06_09-50-40/trial_0004_learning_rate=1.0e-04_kernel_sizes=3x3x3_conv_channels=256x256x256_fc_dims=512_seed0,cnn,0.16873006999492646,0.13267025762664295,0.016724031122903976,,,0.1339613242518494,591679,591679,50,0.493503168113794,0,True,0.45456832695830385,0.288162332065624,1,0.31855225563049316,0.13296978175640106,0,"[3, 3, 3]","[256, 256, 256]",[512],6918115,bc12u15n1,925.6,trial_0004_learning_rate=1.0e-04_kernel_sizes=3x3x3_conv_channels=256x256x256_fc_dims=512_seed0,9be61cab96,trial_0004_learning_rate=1.0e-04_kernel_sizes=3x3x3_conv_channels=256x256x256_fc_dims=512_seed0
/scratch/sb272/patterns5k_results/slurm_base_cnn_2026-03-06_09-50-40/trial_0004_learning_rate=1.0e-04_kernel_sizes=3x3x3_conv_channels=256x256x256_fc_dims=512_seed1,cnn,0.16887371158599854,0.12968420379354084,0.017401507922581265,,,0.13571824144991115,591679,591679,50,0.45700865212976144,0,True,0.45456832695830385,0.2682438347158201,1,0.31855225563049316,0.12961682677268982,0,"[3, 3, 3]","[256, 256, 256]",[512],6918115,bc12u15n1,873.6,trial_0004_learning_rate=1.0e-04_kernel_sizes=3x3x3_conv_channels=256x256x256_fc_dims=512_seed1,9be61cab96,trial_0004_learning_rate=1.0e-04_kernel_sizes=3x3x3_conv_channels=256x256x256_fc_dims=512_seed1
/scratch/sb272/patterns5k_results/slurm_base_cnn_2026-03-06_09-50-40/trial_0004_learning_rate=1.0e-04_kernel_sizes=3x3x3_conv_channels=256x256x256_fc_dims=512_seed2,cnn,0.16877556300163268,0.1340970644119371,0.016034183048066638,,,0.12949185320444087,591679,591679,50,0.4836301258946098,0,True,0.45456832695830385,0.28463316009198414,1,0.31855225563049316,0.13448978960514069,0,"[3, 3, 3]","[256, 256, 256]",[512],6918115,bc12u15n1,836.9,trial_0004_learning_rate=1.0e-04_kernel_sizes=3x3x3_conv_channels=256x256x256_fc_dims=512_seed2,9be61cab96,trial_0004_learning_rate=1.0e-04_kernel_sizes=3x3x3_conv_channels=256x256x256_fc_dims=512_seed2
/scratch/sb272/patterns5k_results/slurm_base_cnn_2026-03-06_09-50-40/trial_0005_learning_rate=1.0e-04_kernel_sizes=3x3x3_conv_channels=256x256x256_fc_dims=1024_seed0,cnn,0.16922254586219787,0.13168444305315294,0.012502614467863053,,,0.13832006930190818,755519,755519,50,0.47879903117675027,0,True,0.45456832695830385,0.2782355238138167,2,0.31855225563049316,0.13179904222488403,0,"[3, 3, 3]","[256, 256, 256]",[1024],6918115,bc12u15n1,1012.5,trial_0005_learning_rate=1.0e-04_kernel_sizes=3x3x3_conv_channels=256x256x256_fc_dims=1024_seed0,0b1b6ec0ef,trial_0005_learning_rate=1.0e-04_kernel_sizes=3x3x3_conv_channels=256x256x256_fc_dims=1024_seed0
/scratch/sb272/patterns5k_results/slurm_base_cnn_2026-03-06_09-50-40/trial_0005_learning_rate=1.0e-04_kernel_sizes=3x3x3_conv_channels=256x256x256_fc_dims=1024_seed1,cnn,0.1697166736125946,0.1293751142298695,0.00975416482441009,,,0.1393100201712208,755519,755519,50,0.47018723030539716,0,True,0.45456832695830385,0.27582551778686076,1,0.31855225563049316,0.12961682677268982,0,"[3, 3, 3]","[256, 256, 256]",[1024],6918115,bc12u15n1,1008.7,trial_0005_learning_rate=1.0e-04_kernel_sizes=3x3x3_conv_channels=256x256x256_fc_dims=1024_seed1,0b1b6ec0ef,trial_0005_learning_rate=1.0e-04_kernel_sizes=3x3x3_conv_channels=256x256x256_fc_dims=1024_seed1
/scratch/sb272/patterns5k_results/slurm_base_cnn_2026-03-06_09-50-40/trial_0005_learning_rate=1.0e-04_kernel_sizes=3x3x3_conv_channels=256x256x256_fc_dims=1024_seed2,cnn,0.16890681791305542,0.1323071684821231,0.014656772689213829,,,0.13170000015786454,755519,755519,50,0.48941661505055317,0,True,0.45456832695830385,0.2848597781382678,2,0.31855225563049316,0.1324702650308609,0,"[3, 3, 3]","[256, 256, 256]",[1024],6918115,bc12u15n1,1039.3,trial_0005_learning_rate=1.0e-04_kernel_sizes=3x3x3_conv_channels=256x256x256_fc_dims=1024_seed2,0b1b6ec0ef,trial_0005_learning_rate=1.0e-04_kernel_sizes=3x3x3_conv_channels=256x256x256_fc_dims=1024_seed2
/scratch/sb272/patterns5k_results/slurm_base_cnn_2026-03-06_09-50-40/trial_0006_learning_rate=1.0e-04_kernel_sizes=3x3x3_conv_channels=32x64x128_fc_dims=128_seed0,cnn,0.170377432346344,0.10809387482340803,0.013169527999938481,,,0.10492324942631157,60063,60063,50,0.3604862143640373,0,True,0.45456832695830385,0.20805474692401513,1,0.31855225563049316,0.10869987308979034,0,"[3, 3, 3]","[32, 64, 128]",[128],6918115,bc12u15n1,469.8,trial_0006_learning_rate=1.0e-04_kernel_sizes=3x3x3_conv_channels=32x64x128_fc_dims=128_seed0,1ca88a038c,trial_0006_learning_rate=1.0e-04_kernel_sizes=3x3x3_conv_channels=32x64x128_fc_dims=128_seed0
/scratch/sb272/patterns5k_results/slurm_base_cnn_2026-03-06_09-50-40/trial_0006_learning_rate=1.0e-04_kernel_sizes=3x3x3_conv_channels=32x64x128_fc_dims=128_seed1,cnn,0.17033902060985565,0.10769786974289836,0.013430996546669611,,,0.10906782323111543,60063,60063,50,0.3642281274915645,0,True,0.45456832695830385,0.21349791850690972,0,0.31855225563049316,0.10838496685028076,0,"[3, 3, 3]","[32, 64, 128]",[128],6918115,bc12u15n1,487.0,trial_0006_learning_rate=1.0e-04_kernel_sizes=3x3x3_conv_channels=32x64x128_fc_dims=128_seed1,1ca88a038c,trial_0006_learning_rate=1.0e-04_kernel_sizes=3x3x3_conv_channels=32x64x128_fc_dims=128_seed1
/scratch/sb272/patterns5k_results/slurm_base_cnn_2026-03-06_09-50-40/trial_0006_learning_rate=1.0e-04_kernel_sizes=3x3x3_conv_channels=32x64x128_fc_dims=128_seed2,cnn,0.17042424070835113,0.10639779855865387,0.013356521016075498,,,0.10247537142777303,60063,60063,50,0.376635661042102,0,True,0.45456832695830385,0.2168146720674842,0,0.31855225563049316,0.1071443036198616,0,"[3, 3, 3]","[32, 64, 128]",[128],6918115,bc12u15n1,478.2,trial_0006_learning_rate=1.0e-04_kernel_sizes=3x3x3_conv_channels=32x64x128_fc_dims=128_seed2,1ca88a038c,trial_0006_learning_rate=1.0e-04_kernel_sizes=3x3x3_conv_channels=32x64x128_fc_dims=128_seed2
/scratch/sb272/patterns5k_results/slurm_base_cnn_2026-03-06_09-50-40/trial_0007_learning_rate=1.0e-04_kernel_sizes=3x3x3_conv_channels=32x64x128_fc_dims=256_seed0,cnn,0.17011392641067505,0.11315291207133824,0.014943908131311811,,,0.11042617140448627,84639,84639,50,0.3990250904233485,0,True,0.45456832695830385,0.23272342110746866,0,0.31855225563049316,0.11425342410802841,0,"[3, 3, 3]","[32, 64, 128]",[256],6918115,bc12u15n1,507.2,trial_0007_learning_rate=1.0e-04_kernel_sizes=3x3x3_conv_channels=32x64x128_fc_dims=256_seed0,5983a11d40,trial_0007_learning_rate=1.0e-04_kernel_sizes=3x3x3_conv_channels=32x64x128_fc_dims=256_seed0
/scratch/sb272/patterns5k_results/slurm_base_cnn_2026-03-06_09-50-40/trial_0007_learning_rate=1.0e-04_kernel_sizes=3x3x3_conv_channels=32x64x128_fc_dims=256_seed1,cnn,0.17048851561546324,0.11282850308176721,0.013093722245049856,,,0.11646220115016921,84639,84639,50,0.3785991209029943,0,True,0.45456832695830385,0.2224176633343214,1,0.31855225563049316,0.11371581256389618,0,"[3, 3, 3]","[32, 64, 128]",[256],6918115,bc12u15n1,504.5,trial_0007_learning_rate=1.0e-04_kernel_sizes=3x3x3_conv_channels=32x64x128_fc_dims=256_seed1,5983a11d40,trial_0007_learning_rate=1.0e-04_kernel_sizes=3x3x3_conv_channels=32x64x128_fc_dims=256_seed1
/scratch/sb272/patterns5k_results/slurm_base_cnn_2026-03-06_09-50-40/trial_0007_learning_rate=1.0e-04_kernel_sizes=3x3x3_conv_channels=32x64x128_fc_dims=256_seed2,cnn,0.17053594136238098,0.11357667955727388,0.013935247110942054,,,0.1083386948547097,84639,84639,50,0.4077278506022813,0,True,0.45456832695830385,0.23864519179047036,1,0.31855225563049316,0.11457304656505585,0,"[3, 3, 3]","[32, 64, 128]",[256],6918115,bc12u15n1,506.5,trial_0007_learning_rate=1.0e-04_kernel_sizes=3x3x3_conv_channels=32x64x128_fc_dims=256_seed2,5983a11d40,trial_0007_learning_rate=1.0e-04_kernel_sizes=3x3x3_conv_channels=32x64x128_fc_dims=256_seed2
/scratch/sb272/patterns5k_results/slurm_base_cnn_2026-03-06_09-50-40/trial_0008_learning_rate=1.0e-04_kernel_sizes=3x3x3_conv_channels=128x128x128_fc_dims=256_seed0,cnn,0.16907654881477355,0.12359601280046553,0.01799162985786559,,,0.12511610173638504,164799,164799,50,0.4495194014355953,0,True,0.45456832695830385,0.2588005781595193,2,0.31855225563049316,0.12429704517126083,0,"[3, 3, 3]","[128, 128, 128]",[256],6918115,bc12u15n1,587.0,trial_0008_learning_rate=1.0e-04_kernel_sizes=3x3x3_conv_channels=128x128x128_fc_dims=256_seed0,a4d9be2e82,trial_0008_learning_rate=1.0e-04_kernel_sizes=3x3x3_conv_channels=128x128x128_fc_dims=256_seed0
/scratch/sb272/patterns5k_results/slurm_base_cnn_2026-03-06_09-50-40/trial_0008_learning_rate=1.0e-04_kernel_sizes=3x3x3_conv_channels=128x128x128_fc_dims=256_seed1,cnn,0.16925699949264528,0.12035852962655759,0.01754647587972974,,,0.1275828266454797,164799,164799,50,0.42841982352823554,0,True,0.45456832695830385,0.24891923116950043,1,0.31855225563049316,0.12111318856477737,0,"[3, 3, 3]","[128, 128, 128]",[256],6918115,bc12u15n1,582.4,trial_0008_learning_rate=1.0e-04_kernel_sizes=3x3x3_conv_channels=128x128x128_fc_dims=256_seed1,a4d9be2e82,trial_0008_learning_rate=1.0e-04_kernel_sizes=3x3x3_conv_channels=128x128x128_fc_dims=256_seed1
/scratch/sb272/patterns5k_results/slurm_base_cnn_2026-03-06_09-50-40/trial_0008_learning_rate=1.0e-04_kernel_sizes=3x3x3_conv_channels=128x128x128_fc_dims=256_seed2,cnn,0.16889048743247986,0.12484213600463995,0.018729978137546115,,,0.12164104296862395,164799,164799,50,0.4725619658484736,0,True,0.45456832695830385,0.27309374701924344,2,0.31855225563049316,0.12597371637821198,0,"[3, 3, 3]","[128, 128, 128]",[256],6918115,bc12u15n1,602.5,trial_0008_learning_rate=1.0e-04_kernel_sizes=3x3x3_conv_channels=128x128x128_fc_dims=256_seed2,a4d9be2e82,trial_0008_learning_rate=1.0e-04_kernel_sizes=3x3x3_conv_channels=128x128x128_fc_dims=256_seed2
/scratch/sb272/patterns5k_results/slurm_base_cnn_2026-03-06_09-50-40/trial_0009_learning_rate=1.0e-04_kernel_sizes=3x3x3_conv_channels=128x128x128_fc_dims=512_seed0,cnn,0.16904480838775635,0.12663024180122617,0.018346446847158766,,,0.1316775689673092,213951,213951,50,0.4713894513482922,0,True,0.45456832695830385,0.2703391405040462,2,0.31855225563049316,0.127197727560997,0,"[3, 3, 3]","[128, 128, 128]",[512],6918115,bc12u15n1,631.5,trial_0009_learning_rate=1.0e-04_kernel_sizes=3x3x3_conv_channels=128x128x128_fc_dims=512_seed0,8731416b59,trial_0009_learning_rate=1.0e-04_kernel_sizes=3x3x3_conv_channels=128x128x128_fc_dims=512_seed0
/scratch/sb272/patterns5k_results/slurm_base_cnn_2026-03-06_09-50-40/trial_0009_learning_rate=1.0e-04_kernel_sizes=3x3x3_conv_channels=128x128x128_fc_dims=512_seed1,cnn,0.16921537923812865,0.12700791664747402,0.017530042973775712,,,0.13243593897400624,213951,213951,50,0.44868784984670884,0,True,0.45456832695830385,0.26476020416078105,1,0.31855225563049316,0.12819691002368927,0,"[3, 3, 3]","[128, 128, 128]",[512],6918115,bc12u15n1,643.2,trial_0009_learning_rate=1.0e-04_kernel_sizes=3x3x3_conv_channels=128x128x128_fc_dims=512_seed1,8731416b59,trial_0009_learning_rate=1.0e-04_kernel_sizes=3x3x3_conv_channels=128x128x128_fc_dims=512_seed1
/scratch/sb272/patterns5k_results/slurm_base_cnn_2026-03-06_09-50-40/trial_0009_learning_rate=1.0e-04_kernel_sizes=3x3x3_conv_channels=128x128x128_fc_dims=512_seed2,cnn,0.1689549149274826,0.12915520882706832,0.01846490398285881,,,0.12668290114886227,213951,213951,50,0.4552258008772892,0,True,0.45456832695830385,0.2661965100655427,1,0.31855225563049316,0.13019515573978424,0,"[3, 3, 3]","[128, 128, 128]",[512],6918115,bc12u15n1,632.6,trial_0009_learning_rate=1.0e-04_kernel_sizes=3x3x3_conv_channels=128x128x128_fc_dims=512_seed2,8731416b59,trial_0009_learning_rate=1.0e-04_kernel_sizes=3x3x3_conv_channels=128x128x128_fc_dims=512_seed2
/scratch/sb272/patterns5k_results/slurm_base_cnn_2026-03-06_09-50-40/trial_0010_learning_rate=1.0e-04_kernel_sizes=3x3x3_conv_channels=256x256x256_fc_dims=512_seed0,cnn,0.16880871415138243,0.13315673116527194,0.018637308052607944,,,0.13330950771255295,591679,591679,50,0.47583059506885217,0,True,0.45456832695830385,0.27934793394172686,1,0.31855225563049316,0.13360419869422913,0,"[3, 3, 3]","[256, 256, 256]",[512],6918115,bc12u15n1,934.4,trial_0010_learning_rate=1.0e-04_kernel_sizes=3x3x3_conv_channels=256x256x256_fc_dims=512_seed0,deef820973,trial_0010_learning_rate=1.0e-04_kernel_sizes=3x3x3_conv_channels=256x256x256_fc_dims=512_seed0
/scratch/sb272/patterns5k_results/slurm_base_cnn_2026-03-06_09-50-40/trial_0010_learning_rate=1.0e-04_kernel_sizes=3x3x3_conv_channels=256x256x256_fc_dims=512_seed1,cnn,0.1690174335241318,0.12828782697857596,0.01635122961468167,,,0.13532085763811927,591679,591679,46,0.4761374237260679,0,True,0.45456832695830385,0.2772591804693733,1,0.31855225563049316,0.12878791987895966,0,"[3, 3, 3]","[256, 256, 256]",[512],6918115,bc12u15n1,886.8,trial_0010_learning_rate=1.0e-04_kernel_sizes=3x3x3_conv_channels=256x256x256_fc_dims=512_seed1,deef820973,trial_0010_learning_rate=1.0e-04_kernel_sizes=3x3x3_conv_channels=256x256x256_fc_dims=512_seed1
/scratch/sb272/patterns5k_results/slurm_base_cnn_2026-03-06_09-50-40/trial_0010_learning_rate=1.0e-04_kernel_sizes=3x3x3_conv_channels=256x256x256_fc_dims=512_seed2,cnn,0.16879981017112733,0.13153432986697652,0.016820913269406275,,,0.1290965801738537,591679,591679,50,0.48401178177446,0,True,0.45456832695830385,0.28403616900776985,1,0.31855225563049316,0.13254398107528687,0,"[3, 3, 3]","[256, 256, 256]",[512],6918115,bc12u15n1,952.9,trial_0010_learning_rate=1.0e-04_kernel_sizes=3x3x3_conv_channels=256x256x256_fc_dims=512_seed2,deef820973,trial_0010_learning_rate=1.0e-04_kernel_sizes=3x3x3_conv_channels=256x256x256_fc_dims=512_seed2
/scratch/sb272/patterns5k_results/slurm_base_cnn_2026-03-06_09-50-40/trial_0011_learning_rate=1.0e-04_kernel_sizes=3x3x3_conv_channels=256x256x256_fc_dims=1024_seed0,cnn,0.16886617398262024,0.13610479966946526,0.01322024209158761,,,0.1371176481079282,755519,755519,50,0.5059214829528939,0,True,0.45456832695830385,0.2934269984262209,2,0.31855225563049316,0.13638122379779816,0,"[3, 3, 3]","[256, 256, 256]",[1024],6918115,bc12u15n1,1100.9,trial_0011_learning_rate=1.0e-04_kernel_sizes=3x3x3_conv_channels=256x256x256_fc_dims=1024_seed0,ac4cf44892,trial_0011_learning_rate=1.0e-04_kernel_sizes=3x3x3_conv_channels=256x256x256_fc_dims=1024_seed0
/scratch/sb272/patterns5k_results/slurm_base_cnn_2026-03-06_09-50-40/trial_0011_learning_rate=1.0e-04_kernel_sizes=3x3x3_conv_channels=256x256x256_fc_dims=1024_seed1,cnn,0.16938619077205658,0.13155393410622834,0.010732595882718526,,,0.13890923900846971,755519,755519,50,0.48551104792269256,0,True,0.45456832695830385,0.28311992886499515,1,0.31855225563049316,0.13189665973186493,0,"[3, 3, 3]","[256, 256, 256]",[1024],6918115,bc12u15n1,1097.7,trial_0011_learning_rate=1.0e-04_kernel_sizes=3x3x3_conv_channels=256x256x256_fc_dims=1024_seed1,ac4cf44892,trial_0011_learning_rate=1.0e-04_kernel_sizes=3x3x3_conv_channels=256x256x256_fc_dims=1024_seed1
/scratch/sb272/patterns5k_results/slurm_base_cnn_2026-03-06_09-50-40/trial_0011_learning_rate=1.0e-04_kernel_sizes=3x3x3_conv_channels=256x256x256_fc_dims=1024_seed2,cnn,0.16913538527488708,0.13064831595137275,0.013117400426713248,,,0.13034221854144584,755519,755519,50,0.48848404849501365,0,True,0.45456832695830385,0.28366740166862897,2,0.31855225563049316,0.130975604057312,0,"[3, 3, 3]","[256, 256, 256]",[1024],6918115,bc12u15n1,1103.5,trial_0011_learning_rate=1.0e-04_kernel_sizes=3x3x3_conv_channels=256x256x256_fc_dims=1024_seed2,ac4cf44892,trial_0011_learning_rate=1.0e-04_kernel_sizes=3x3x3_conv_channels=256x256x256_fc_dims=1024_seed2
/scratch/sb272/patterns5k_results/slurm_base_cnn_2026-03-06_09-50-40/trial_0012_learning_rate=1.0e-04_kernel_sizes=3x3x3_conv_channels=32x64x128_fc_dims=128_seed0,cnn,0.1707703847885132,0.10734435443532776,0.012536217295934283,,,0.10464529030917548,60063,60063,50,0.36567064829434,0,True,0.45456832695830385,0.21396871957054456,1,0.31855225563049316,0.10810650140047073,0,"[3, 3, 3]","[32, 64, 128]",[128],6918115,bc12u15n1,493.3,trial_0012_learning_rate=1.0e-04_kernel_sizes=3x3x3_conv_channels=32x64x128_fc_dims=128_seed0,ac3541980f,trial_0012_learning_rate=1.0e-04_kernel_sizes=3x3x3_conv_channels=32x64x128_fc_dims=128_seed0
/scratch/sb272/patterns5k_results/slurm_base_cnn_2026-03-06_09-50-40/trial_0012_learning_rate=1.0e-04_kernel_sizes=3x3x3_conv_channels=32x64x128_fc_dims=128_seed1,cnn,0.17034265160560608,0.10759482634922643,0.0134681122643607,,,0.10897788589124718,60063,60063,50,0.3750449861643885,0,True,0.45456832695830385,0.21782462035622227,1,0.31855225563049316,0.1085580363869667,0,"[3, 3, 3]","[32, 64, 128]",[128],6918115,bc12u15n1,499.8,trial_0012_learning_rate=1.0e-04_kernel_sizes=3x3x3_conv_channels=32x64x128_fc_dims=128_seed1,ac3541980f,trial_0012_learning_rate=1.0e-04_kernel_sizes=3x3x3_conv_channels=32x64x128_fc_dims=128_seed1
/scratch/sb272/patterns5k_results/slurm_base_cnn_2026-03-06_09-50-40/trial_0012_learning_rate=1.0e-04_kernel_sizes=3x3x3_conv_channels=32x64x128_fc_dims=128_seed2,cnn,0.17037208604812623,0.1063735414114556,0.013364471140361968,,,0.10281061161896159,60063,60063,50,0.3520081214281336,0,True,0.45456832695830385,0.2054717354426906,1,0.31855225563049316,0.10695283114910126,0,"[3, 3, 3]","[32, 64, 128]",[128],6918115,bc12u15n1,495.4,trial_0012_learning_rate=1.0e-04_kernel_sizes=3x3x3_conv_channels=32x64x128_fc_dims=128_seed2,ac3541980f,trial_0012_learning_rate=1.0e-04_kernel_sizes=3x3x3_conv_channels=32x64x128_fc_dims=128_seed2
/scratch/sb272/patterns5k_results/slurm_base_cnn_2026-03-06_09-50-40/trial_0013_learning_rate=1.0e-04_kernel_sizes=3x3x3_conv_channels=32x64x128_fc_dims=256_seed0,cnn,0.17009020256996155,0.11275144195994961,0.014532827195667085,,,0.11157429913317081,84639,84639,50,0.40279462384242226,0,True,0.45456832695830385,0.23309832278273035,1,0.31855225563049316,0.11346070468425751,0,"[3, 3, 3]","[32, 64, 128]",[256],6918115,bc12u15n1,516.9,trial_0013_learning_rate=1.0e-04_kernel_sizes=3x3x3_conv_channels=32x64x128_fc_dims=256_seed0,27be9f5c94,trial_0013_learning_rate=1.0e-04_kernel_sizes=3x3x3_conv_channels=32x64x128_fc_dims=256_seed0
/scratch/sb272/patterns5k_results/slurm_base_cnn_2026-03-06_09-50-40/trial_0013_learning_rate=1.0e-04_kernel_sizes=3x3x3_conv_channels=32x64x128_fc_dims=256_seed1,cnn,0.1704722969532013,0.11051793510966676,0.013565428673274933,,,0.11478465200089327,84639,84639,50,0.40001460511621006,0,True,0.45456832695830385,0.23320927304294406,1,0.31855225563049316,0.1113394945859909,0,"[3, 3, 3]","[32, 64, 128]",[256],6918115,bc12u15n1,520.0,trial_0013_learning_rate=1.0e-04_kernel_sizes=3x3x3_conv_channels=32x64x128_fc_dims=256_seed1,27be9f5c94,trial_0013_learning_rate=1.0e-04_kernel_sizes=3x3x3_conv_channels=32x64x128_fc_dims=256_seed1
/scratch/sb272/patterns5k_results/slurm_base_cnn_2026-03-06_09-50-40/trial_0013_learning_rate=1.0e-04_kernel_sizes=3x3x3_conv_channels=32x64x128_fc_dims=256_seed2,cnn,0.1701183485984802,0.11201787362244726,0.014035562674204508,,,0.10697178000323113,84639,84639,50,0.37542770585197976,0,True,0.45456832695830385,0.21749502103240284,1,0.31855225563049316,0.11291436851024628,0,"[3, 3, 3]","[32, 64, 128]",[256],6918115,bc12u15n1,529.0,trial_0013_learning_rate=1.0e-04_kernel_sizes=3x3x3_conv_channels=32x64x128_fc_dims=256_seed2,27be9f5c94,trial_0013_learning_rate=1.0e-04_kernel_sizes=3x3x3_conv_channels=32x64x128_fc_dims=256_seed2
/scratch/sb272/patterns5k_results/slurm_base_cnn_2026-03-06_09-50-40/trial_0014_learning_rate=1.0e-04_kernel_sizes=3x3x3_conv_channels=128x128x128_fc_dims=256_seed0,cnn,0.16901134145259858,0.12506956107509712,0.01823264549648951,,,0.124460653657133,164799,164799,50,0.4389616421460414,0,True,0.45456832695830385,0.25642600242467384,1,0.31855225563049316,0.12590526044368744,0,"[3, 3, 3]","[128, 128, 128]",[256],6918115,bc12u15n1,611.9,trial_0014_learning_rate=1.0e-04_kernel_sizes=3x3x3_conv_channels=128x128x128_fc_dims=256_seed0,fc4c8db881,trial_0014_learning_rate=1.0e-04_kernel_sizes=3x3x3_conv_channels=128x128x128_fc_dims=256_seed0
/scratch/sb272/patterns5k_results/slurm_base_cnn_2026-03-06_09-50-40/trial_0016_learning_rate=1.0e-04_kernel_sizes=3x3x3_conv_channels=256x256x256_fc_dims=512_seed2,cnn,0.16864885461330414,0.1321706385439363,0.01679835243830605,,,0.13035190443086084,591679,591679,50,0.49698038681514306,0,True,0.45456832695830385,0.290477824201061,2,0.31855225563049316,0.132231205701828,0,"[3, 3, 3]","[256, 256, 256]",[512],6918116,bc12u21n4,714.7,trial_0016_learning_rate=1.0e-04_kernel_sizes=3x3x3_conv_channels=256x256x256_fc_dims=512_seed2,3de3a899ce,trial_0016_learning_rate=1.0e-04_kernel_sizes=3x3x3_conv_channels=256x256x256_fc_dims=512_seed2
/scratch/sb272/patterns5k_results/slurm_base_cnn_2026-03-06_09-50-40/trial_0017_learning_rate=1.0e-04_kernel_sizes=3x3x3_conv_channels=256x256x256_fc_dims=1024_seed0,cnn,0.16904907631874083,0.13417083077095696,0.014557021950918531,,,0.13667184643530414,755519,755519,50,0.5095955421524699,0,True,0.45456832695830385,0.2965761345771497,1,0.31855225563049316,0.1346898227930069,0,"[3, 3, 3]","[256, 256, 256]",[1024],6918116,bc12u21n4,845.4,trial_0017_learning_rate=1.0e-04_kernel_sizes=3x3x3_conv_channels=256x256x256_fc_dims=1024_seed0,d8deb61d94,trial_0017_learning_rate=1.0e-04_kernel_sizes=3x3x3_conv_channels=256x256x256_fc_dims=1024_seed0
/scratch/sb272/patterns5k_results/slurm_base_cnn_2026-03-06_09-50-40/trial_0017_learning_rate=1.0e-04_kernel_sizes=3x3x3_conv_channels=256x256x256_fc_dims=1024_seed1,cnn,0.16906191730499268,0.13234331291511633,0.014419106263963003,,,0.13891024480393924,755519,755519,50,0.47273612671088466,0,True,0.45456832695830385,0.2776155447140911,1,0.31855225563049316,0.13277244567871094,0,"[3, 3, 3]","[256, 256, 256]",[1024],6918116,bc12u21n4,839.0,trial_0017_learning_rate=1.0e-04_kernel_sizes=3x3x3_conv_channels=256x256x256_fc_dims=1024_seed1,d8deb61d94,trial_0017_learning_rate=1.0e-04_kernel_sizes=3x3x3_conv_channels=256x256x256_fc_dims=1024_seed1
/scratch/sb272/patterns5k_results/slurm_base_cnn_2026-03-06_09-50-40/trial_0017_learning_rate=1.0e-04_kernel_sizes=3x3x3_conv_channels=256x256x256_fc_dims=1024_seed2,cnn,0.16924217176437378,0.1326987657922429,0.010954847411503868,,,0.13304794084790386,755519,755519,50,0.483052539019828,0,True,0.45456832695830385,0.28169074978430286,2,0.31855225563049316,0.13277935981750488,0,"[3, 3, 3]","[256, 256, 256]",[1024],6918116,bc12u21n4,1275.6,trial_0017_learning_rate=1.0e-04_kernel_sizes=3x3x3_conv_channels=256x256x256_fc_dims=1024_seed2,d8deb61d94,trial_0017_learning_rate=1.0e-04_kernel_sizes=3x3x3_conv_channels=256x256x256_fc_dims=1024_seed2
/scratch/sb272/patterns5k_results/slurm_base_cnn_2026-03-06_09-50-40/trial_0018_learning_rate=5.0e-04_kernel_sizes=3x3x3_conv_channels=32x64x128_fc_dims=128_seed0,cnn,0.168315225481987,0.13229902455652182,0.021372199058532715,,,0.13404265815121463,60063,60063,50,0.45251117644334965,0,True,0.45456832695830385,0.26492475514066544,1,0.31855225563049316,0.1331895887851715,0,"[3, 3, 3]","[32, 64, 128]",[128],6918116,bc12u21n4,568.2,trial_0018_learning_rate=5.0e-04_kernel_sizes=3x3x3_conv_channels=32x64x128_fc_dims=128_seed0,5ecb231c16,trial_0018_learning_rate=5.0e-04_kernel_sizes=3x3x3_conv_channels=32x64x128_fc_dims=128_seed0
/scratch/sb272/patterns5k_results/slurm_base_cnn_2026-03-06_09-50-40/trial_0018_learning_rate=5.0e-04_kernel_sizes=3x3x3_conv_channels=32x64x128_fc_dims=128_seed1,cnn,0.16842978715896606,0.12981674513906483,0.020855775901249478,,,0.13593363520511015,60063,60063,50,0.46298278573111173,0,True,0.45456832695830385,0.2690538045126826,1,0.31855225563049316,0.13073860108852386,0,"[3, 3, 3]","[32, 64, 128]",[128],6918116,bc12u21n4,566.1,trial_0018_learning_rate=5.0e-04_kernel_sizes=3x3x3_conv_channels=32x64x128_fc_dims=128_seed1,5ecb231c16,trial_0018_learning_rate=5.0e-04_kernel_sizes=3x3x3_conv_channels=32x64x128_fc_dims=128_seed1
/scratch/sb272/patterns5k_results/slurm_base_cnn_2026-03-06_09-50-40/trial_0018_learning_rate=5.0e-04_kernel_sizes=3x3x3_conv_channels=32x64x128_fc_dims=128_seed2,cnn,0.16806732106208802,0.1330059655485684,0.02192619490245032,,,0.13016351512651222,60063,60063,50,0.45996912409155055,0,True,0.45456832695830385,0.2697307219651162,1,0.31855225563049316,0.13419105112552643,0,"[3, 3, 3]","[32, 64, 128]",[128],6918116,bc12u21n4,528.0,trial_0018_learning_rate=5.0e-04_kernel_sizes=3x3x3_conv_channels=32x64x128_fc_dims=128_seed2,5ecb231c16,trial_0018_learning_rate=5.0e-04_kernel_sizes=3x3x3_conv_channels=32x64x128_fc_dims=128_seed2
/scratch/sb272/patterns5k_results/slurm_base_cnn_2026-03-06_09-50-40/trial_0019_learning_rate=5.0e-04_kernel_sizes=3x3x3_conv_channels=32x64x128_fc_dims=256_seed0,cnn,0.16861551547050477,0.13293518006842703,0.02018377042952038,,,0.13876086628439352,84639,84639,50,0.4668759262191593,0,True,0.45456832695830385,0.27200887068968826,2,0.31855225563049316,0.1337272971868515,0,"[3, 3, 3]","[32, 64, 128]",[256],6918116,bc12u21n4,620.8,trial_0019_learning_rate=5.0e-04_kernel_sizes=3x3x3_conv_channels=32x64x128_fc_dims=256_seed0,cd4bd253ec,trial_0019_learning_rate=5.0e-04_kernel_sizes=3x3x3_conv_channels=32x64x128_fc_dims=256_seed0
/scratch/sb272/patterns5k_results/slurm_base_cnn_2026-03-06_09-50-40/trial_0019_learning_rate=5.0e-04_kernel_sizes=3x3x3_conv_channels=32x64x128_fc_dims=256_seed1,cnn,0.1680022705793381,0.13499730036110288,0.02220054751350766,,,0.14033993563753125,84639,84639,50,0.47981158822552983,0,True,0.45456832695830385,0.27952710089594285,1,0.31855225563049316,0.13558413088321686,0,"[3, 3, 3]","[32, 64, 128]",[256],6918116,bc12u21n4,579.1,trial_0019_learning_rate=5.0e-04_kernel_sizes=3x3x3_conv_channels=32x64x128_fc_dims=256_seed1,cd4bd253ec,trial_0019_learning_rate=5.0e-04_kernel_sizes=3x3x3_conv_channels=32x64x128_fc_dims=256_seed1
/scratch/sb272/patterns5k_results/slurm_base_cnn_2026-03-06_09-50-40/trial_0019_learning_rate=5.0e-04_kernel_sizes=3x3x3_conv_channels=32x64x128_fc_dims=256_seed2,cnn,0.16785880303382875,0.13648381460865947,0.022876055467696416,,,0.13525912070165713,84639,84639,50,0.4740248054458957,0,True,0.45456832695830385,0.276825732251394,1,0.31855225563049316,0.13741648197174072,0,"[3, 3, 3]","[32, 64, 128]",[256],6918116,bc12u21n4,600.7,trial_0019_learning_rate=5.0e-04_kernel_sizes=3x3x3_conv_channels=32x64x128_fc_dims=256_seed2,cd4bd253ec,trial_0019_learning_rate=5.0e-04_kernel_sizes=3x3x3_conv_channels=32x64x128_fc_dims=256_seed2
/scratch/sb272/patterns5k_results/slurm_base_cnn_2026-03-06_09-50-40/trial_0020_learning_rate=5.0e-04_kernel_sizes=3x3x3_conv_channels=128x128x128_fc_dims=256_seed0,cnn,0.16865511429309846,0.13010810575793244,0.019546378226507278,,,0.1373265455370264,164799,164799,43,0.45433242318136025,0,True,0.45456832695830385,0.26453691935672335,1,0.31855225563049316,0.13018514215946198,0,"[3, 3, 3]","[128, 128, 128]",[256],6918116,bc12u21n4,589.1,trial_0020_learning_rate=5.0e-04_kernel_sizes=3x3x3_conv_channels=128x128x128_fc_dims=256_seed0,c0f2111c98,trial_0020_learning_rate=5.0e-04_kernel_sizes=3x3x3_conv_channels=128x128x128_fc_dims=256_seed0
/scratch/sb272/patterns5k_results/slurm_base_cnn_2026-03-06_09-50-40/trial_0020_learning_rate=5.0e-04_kernel_sizes=3x3x3_conv_channels=128x128x128_fc_dims=256_seed1,cnn,0.168830819606781,0.12961832900543663,0.01817923973477076,,,0.13853275423921246,164799,164799,47,0.46473244044636397,0,True,0.45456832695830385,0.2720976660635349,2,0.31855225563049316,0.1302015781402588,0,"[3, 3, 3]","[128, 128, 128]",[256],6918116,bc12u21n4,596.4,trial_0020_learning_rate=5.0e-04_kernel_sizes=3x3x3_conv_channels=128x128x128_fc_dims=256_seed1,c0f2111c98,trial_0020_learning_rate=5.0e-04_kernel_sizes=3x3x3_conv_channels=128x128x128_fc_dims=256_seed1
/scratch/sb272/patterns5k_results/slurm_base_cnn_2026-03-06_09-50-40/trial_0020_learning_rate=5.0e-04_kernel_sizes=3x3x3_conv_channels=128x128x128_fc_dims=256_seed2,cnn,0.16867887341976165,0.13264324176735875,0.018692598456428164,,,0.13309818527842124,164799,164799,42,0.47433854390507413,0,True,0.45456832695830385,0.27505412262104,2,0.31855225563049316,0.13310840725898743,0,"[3, 3, 3]","[128, 128, 128]",[256],6918116,bc12u21n4,557.9,trial_0020_learning_rate=5.0e-04_kernel_sizes=3x3x3_conv_channels=128x128x128_fc_dims=256_seed2,c0f2111c98,trial_0020_learning_rate=5.0e-04_kernel_sizes=3x3x3_conv_channels=128x128x128_fc_dims=256_seed2
/scratch/sb272/patterns5k_results/slurm_base_cnn_2026-03-06_09-50-40/trial_0021_learning_rate=5.0e-04_kernel_sizes=3x3x3_conv_channels=128x128x128_fc_dims=512_seed0,cnn,0.168996169090271,0.1317594713428993,0.017023837755596828,,,0.14057583313766034,213951,213951,44,0.45978105611584374,0,True,0.45456832695830385,0.2679308536841409,2,0.31855225563049316,0.1321735680103302,0,"[3, 3, 3]","[128, 128, 128]",[512],6918116,bc12u21n4,616.0,trial_0021_learning_rate=5.0e-04_kernel_sizes=3x3x3_conv_channels=128x128x128_fc_dims=512_seed0,1a29bd535c,trial_0021_learning_rate=5.0e-04_kernel_sizes=3x3x3_conv_channels=128x128x128_fc_dims=512_seed0
/scratch/sb272/patterns5k_results/slurm_base_cnn_2026-03-06_09-50-40/trial_0021_learning_rate=5.0e-04_kernel_sizes=3x3x3_conv_channels=128x128x128_fc_dims=512_seed1,cnn,0.16881004333496094,0.13530612343480708,0.018773827287885878,,,0.1420971015480514,213951,213951,46,0.4899668719988902,0,True,0.45456832695830385,0.28660121792569915,1,0.31855225563049316,0.1362953782081604,0,"[3, 3, 3]","[128, 128, 128]",[512],6918116,bc12u21n4,638.6,trial_0021_learning_rate=5.0e-04_kernel_sizes=3x3x3_conv_channels=128x128x128_fc_dims=512_seed1,1a29bd535c,trial_0021_learning_rate=5.0e-04_kernel_sizes=3x3x3_conv_channels=128x128x128_fc_dims=512_seed1
/scratch/sb272/patterns5k_results/slurm_base_cnn_2026-03-06_09-50-40/trial_0021_learning_rate=5.0e-04_kernel_sizes=3x3x3_conv_channels=128x128x128_fc_dims=512_seed2,cnn,0.16892781567573548,0.13146902674601207,0.015923326923733667,,,0.13486584784259553,213951,213951,50,0.48150919736952225,0,True,0.45456832695830385,0.27666276331422335,2,0.31855225563049316,0.13191120326519012,0,"[3, 3, 3]","[128, 128, 128]",[512],6918116,bc12u21n4,686.8,trial_0021_learning_rate=5.0e-04_kernel_sizes=3x3x3_conv_channels=128x128x128_fc_dims=512_seed2,1a29bd535c,trial_0021_learning_rate=5.0e-04_kernel_sizes=3x3x3_conv_channels=128x128x128_fc_dims=512_seed2
/scratch/sb272/patterns5k_results/slurm_base_cnn_2026-03-06_09-50-40/trial_0022_learning_rate=5.0e-04_kernel_sizes=3x3x3_conv_channels=256x256x256_fc_dims=512_seed0,cnn,0.16895331358909607,0.13326059390980774,0.01870428096680414,,,0.14036525799062416,591679,591679,29,0.47396572135171033,0,True,0.45456832695830385,0.27727143169493695,1,0.31855225563049316,0.1338476985692978,0,"[3, 3, 3]","[256, 256, 256]",[512],6918116,bc12u21n4,724.3,trial_0022_learning_rate=5.0e-04_kernel_sizes=3x3x3_conv_channels=256x256x256_fc_dims=512_seed0,cbd55dad23,trial_0022_learning_rate=5.0e-04_kernel_sizes=3x3x3_conv_channels=256x256x256_fc_dims=512_seed0
/scratch/sb272/patterns5k_results/slurm_base_cnn_2026-03-06_09-50-40/trial_0022_learning_rate=5.0e-04_kernel_sizes=3x3x3_conv_channels=256x256x256_fc_dims=512_seed1,cnn,0.16908908462524413,0.13261084365753836,0.018089140218401713,,,0.14028858453702742,591679,591679,30,0.4865303696603224,0,True,0.45456832695830385,0.2827956460942133,1,0.31855225563049316,0.1332615315914154,0,"[3, 3, 3]","[256, 256, 256]",[512],6918116,bc12u21n4,738.7,trial_0022_learning_rate=5.0e-04_kernel_sizes=3x3x3_conv_channels=256x256x256_fc_dims=512_seed1,cbd55dad23,trial_0022_learning_rate=5.0e-04_kernel_sizes=3x3x3_conv_channels=256x256x256_fc_dims=512_seed1
/scratch/sb272/patterns5k_results/slurm_base_cnn_2026-03-06_09-50-40/trial_0022_learning_rate=5.0e-04_kernel_sizes=3x3x3_conv_channels=256x256x256_fc_dims=512_seed2,cnn,0.16882891428470612,0.13414799877297026,0.019128897833445714,,,0.13338331913738766,591679,591679,33,0.47886463819575054,0,True,0.45456832695830385,0.27968266499708816,2,0.31855225563049316,0.13453856110572815,0,"[3, 3, 3]","[256, 256, 256]",[512],6918116,bc12u21n4,771.6,trial_0022_learning_rate=5.0e-04_kernel_sizes=3x3x3_conv_channels=256x256x256_fc_dims=512_seed2,cbd55dad23,trial_0022_learning_rate=5.0e-04_kernel_sizes=3x3x3_conv_channels=256x256x256_fc_dims=512_seed2
/scratch/sb272/patterns5k_results/slurm_base_cnn_2026-03-06_09-50-40/trial_0023_learning_rate=5.0e-04_kernel_sizes=3x3x3_conv_channels=256x256x256_fc_dims=1024_seed0,cnn,0.16983756017684937,0.13358233479079362,0.00745646631906903,,,0.1417590457531267,755519,755519,29,0.4740759962323119,0,True,0.45456832695830385,0.277838653917979,1,0.31855225563049316,0.13386112451553345,0,"[3, 3, 3]","[256, 256, 256]",[1024],6918116,bc12u21n4,656.7,trial_0023_learning_rate=5.0e-04_kernel_sizes=3x3x3_conv_channels=256x256x256_fc_dims=1024_seed0,3d3dc564d9,trial_0023_learning_rate=5.0e-04_kernel_sizes=3x3x3_conv_channels=256x256x256_fc_dims=1024_seed0
/scratch/sb272/patterns5k_results/slurm_base_cnn_2026-03-06_09-50-40/trial_0023_learning_rate=5.0e-04_kernel_sizes=3x3x3_conv_channels=256x256x256_fc_dims=1024_seed1,cnn,0.17023307025432588,0.13507448968780178,0.006849468700469486,,,0.1434976369815405,755519,755519,28,0.4889770028277025,0,True,0.45456832695830385,0.28983366642250896,1,0.31855225563049316,0.13636694848537445,0,"[3, 3, 3]","[256, 256, 256]",[1024],6918116,bc12u21n4,544.1,trial_0023_learning_rate=5.0e-04_kernel_sizes=3x3x3_conv_channels=256x256x256_fc_dims=1024_seed1,3d3dc564d9,trial_0023_learning_rate=5.0e-04_kernel_sizes=3x3x3_conv_channels=256x256x256_fc_dims=1024_seed1
/scratch/sb272/patterns5k_results/slurm_base_cnn_2026-03-06_09-50-40/trial_0023_learning_rate=5.0e-04_kernel_sizes=3x3x3_conv_channels=256x256x256_fc_dims=1024_seed2,cnn,0.16872745084762572,0.13562699273381754,0.016326202286614314,,,0.1355031416944308,755519,755519,28,0.4819285284337943,0,True,0.45456832695830385,0.28297029059303247,1,0.31855225563049316,0.1361846923828125,0,"[3, 3, 3]","[256, 256, 256]",[1024],6918116,bc12u21n4,529.3,trial_0023_learning_rate=5.0e-04_kernel_sizes=3x3x3_conv_channels=256x256x256_fc_dims=1024_seed2,3d3dc564d9,trial_0023_learning_rate=5.0e-04_kernel_sizes=3x3x3_conv_channels=256x256x256_fc_dims=1024_seed2
/scratch/sb272/patterns5k_results/slurm_base_cnn_2026-03-06_09-50-40/trial_0024_learning_rate=5.0e-04_kernel_sizes=3x3x3_conv_channels=32x64x128_fc_dims=128_seed0,cnn,0.16835225260257722,0.13107012754401987,0.02075893065286061,,,0.13225742567013649,60063,60063,50,0.44194812669956485,0,True,0.45456832695830385,0.259515387048544,1,0.31855225563049316,0.1319209337234497,0,"[3, 3, 3]","[32, 64, 128]",[128],6918116,bc12u21n4,344.1,trial_0024_learning_rate=5.0e-04_kernel_sizes=3x3x3_conv_channels=32x64x128_fc_dims=128_seed0,96ad633733,trial_0024_learning_rate=5.0e-04_kernel_sizes=3x3x3_conv_channels=32x64x128_fc_dims=128_seed0
/scratch/sb272/patterns5k_results/slurm_base_cnn_2026-03-06_09-50-40/trial_0024_learning_rate=5.0e-04_kernel_sizes=3x3x3_conv_channels=32x64x128_fc_dims=128_seed1,cnn,0.16842507970333098,0.13005173404373882,0.020764279933202835,,,0.1378526446060737,60063,60063,50,0.44461792633181946,0,True,0.45456832695830385,0.2635104532960629,1,0.31855225563049316,0.13152164220809937,0,"[3, 3, 3]","[32, 64, 128]",[128],6918116,bc12u21n4,341.8,trial_0024_learning_rate=5.0e-04_kernel_sizes=3x3x3_conv_channels=32x64x128_fc_dims=128_seed1,96ad633733,trial_0024_learning_rate=5.0e-04_kernel_sizes=3x3x3_conv_channels=32x64x128_fc_dims=128_seed1
/scratch/sb272/patterns5k_results/slurm_base_cnn_2026-03-06_09-50-40/trial_0024_learning_rate=5.0e-04_kernel_sizes=3x3x3_conv_channels=32x64x128_fc_dims=128_seed2,cnn,0.1682873033285141,0.13097090037218917,0.02129936691314455,,,0.13076347418595957,60063,60063,50,0.4556868906601966,0,True,0.45456832695830385,0.26461616143523964,1,0.31855225563049316,0.13219530880451202,0,"[3, 3, 3]","[32, 64, 128]",[128],6918116,bc12u21n4,340.4,trial_0024_learning_rate=5.0e-04_kernel_sizes=3x3x3_conv_channels=32x64x128_fc_dims=128_seed2,96ad633733,trial_0024_learning_rate=5.0e-04_kernel_sizes=3x3x3_conv_channels=32x64x128_fc_dims=128_seed2
/scratch/sb272/patterns5k_results/slurm_base_cnn_2026-03-06_09-50-40/trial_0025_learning_rate=5.0e-04_kernel_sizes=3x3x3_conv_channels=32x64x128_fc_dims=256_seed0,cnn,0.1683995944261551,0.1369607777691832,0.02145971759917244,,,0.13908048644329604,84639,84639,50,0.4888951560426093,0,True,0.45456832695830385,0.28564809943858305,2,0.31855225563049316,0.1384534239768982,0,"[3, 3, 3]","[32, 64, 128]",[256],6918116,bc12u21n4,355.5,trial_0025_learning_rate=5.0e-04_kernel_sizes=3x3x3_conv_channels=32x64x128_fc_dims=256_seed0,98fba98dde,trial_0025_learning_rate=5.0e-04_kernel_sizes=3x3x3_conv_channels=32x64x128_fc_dims=256_seed0
/scratch/sb272/patterns5k_results/slurm_base_cnn_2026-03-06_09-50-40/trial_0025_learning_rate=5.0e-04_kernel_sizes=3x3x3_conv_channels=32x64x128_fc_dims=256_seed1,cnn,0.16838365936279298,0.13329248981715094,0.02116050890513829,,,0.14064469178108613,84639,84639,50,0.4619223270335355,0,True,0.45456832695830385,0.26825434687515926,2,0.31855225563049316,0.1340397745370865,0,"[3, 3, 3]","[32, 64, 128]",[256],6918116,bc12u21n4,359.7,trial_0025_learning_rate=5.0e-04_kernel_sizes=3x3x3_conv_channels=32x64x128_fc_dims=256_seed1,98fba98dde,trial_0025_learning_rate=5.0e-04_kernel_sizes=3x3x3_conv_channels=32x64x128_fc_dims=256_seed1
/scratch/sb272/patterns5k_results/slurm_base_cnn_2026-03-06_09-50-40/trial_0025_learning_rate=5.0e-04_kernel_sizes=3x3x3_conv_channels=32x64x128_fc_dims=256_seed2,cnn,0.16796975672245026,0.1361705610318065,0.02243762073062715,,,0.134861955056998,84639,84639,50,0.48396602092600116,0,True,0.45456832695830385,0.28324967583466937,1,0.31855225563049316,0.13686998188495636,0,"[3, 3, 3]","[32, 64, 128]",[256],6918116,bc12u21n4,374.8,trial_0025_learning_rate=5.0e-04_kernel_sizes=3x3x3_conv_channels=32x64x128_fc_dims=256_seed2,98fba98dde,trial_0025_learning_rate=5.0e-04_kernel_sizes=3x3x3_conv_channels=32x64x128_fc_dims=256_seed2
/scratch/sb272/patterns5k_results/slurm_base_cnn_2026-03-06_09-50-40/trial_0026_learning_rate=5.0e-04_kernel_sizes=3x3x3_conv_channels=128x128x128_fc_dims=256_seed0,cnn,0.16835337018966676,0.13287786618893815,0.02023823582936847,,,0.13672611821146488,164799,164799,38,0.45984228706295016,0,True,0.45456832695830385,0.27146531365929255,0,0.31855225563049316,0.1331661194562912,0,"[3, 3, 3]","[128, 128, 128]",[256],6918116,bc12u21n4,352.3,trial_0026_learning_rate=5.0e-04_kernel_sizes=3x3x3_conv_channels=128x128x128_fc_dims=256_seed0,5c64632aff,trial_0026_learning_rate=5.0e-04_kernel_sizes=3x3x3_conv_channels=128x128x128_fc_dims=256_seed0
/scratch/sb272/patterns5k_results/slurm_base_cnn_2026-03-06_09-50-40/trial_0026_learning_rate=5.0e-04_kernel_sizes=3x3x3_conv_channels=128x128x128_fc_dims=256_seed1,cnn,0.16874666225910187,0.12874837958782423,0.019390425984821623,,,0.13760612810485504,164799,164799,45,0.4553529550619191,0,True,0.45456832695830385,0.26775617347553277,2,0.31855225563049316,0.1292467564344406,0,"[3, 3, 3]","[128, 128, 128]",[256],6918116,bc12u21n4,393.6,trial_0026_learning_rate=5.0e-04_kernel_sizes=3x3x3_conv_channels=128x128x128_fc_dims=256_seed1,5c64632aff,trial_0026_learning_rate=5.0e-04_kernel_sizes=3x3x3_conv_channels=128x128x128_fc_dims=256_seed1
/scratch/sb272/patterns5k_results/slurm_base_cnn_2026-03-06_09-50-40/trial_0026_learning_rate=5.0e-04_kernel_sizes=3x3x3_conv_channels=128x128x128_fc_dims=256_seed2,cnn,0.16821896624565125,0.13453540562970207,0.020670464114537313,,,0.1327546857190178,164799,164799,44,0.49966703174590155,0,True,0.45456832695830385,0.2866462948493547,2,0.31855225563049316,0.13525649905204773,0,"[3, 3, 3]","[128, 128, 128]",[256],6918116,bc12u21n4,557.1,trial_0026_learning_rate=5.0e-04_kernel_sizes=3x3x3_conv_channels=128x128x128_fc_dims=256_seed2,5c64632aff,trial_0026_learning_rate=5.0e-04_kernel_sizes=3x3x3_conv_channels=128x128x128_fc_dims=256_seed2
/scratch/sb272/patterns5k_results/slurm_base_cnn_2026-03-06_09-50-40/trial_0027_learning_rate=5.0e-04_kernel_sizes=3x3x3_conv_channels=128x128x128_fc_dims=512_seed0,cnn,0.16921336948871613,0.13406485172715757,0.016438961975158206,,,0.13818404609677473,213951,213951,50,0.46720902838033657,0,True,0.45456832695830385,0.27453656450151626,1,0.31855225563049316,0.13466693460941315,0,"[3, 3, 3]","[128, 128, 128]",[512],6918116,bc12u21n4,678.5,trial_0027_learning_rate=5.0e-04_kernel_sizes=3x3x3_conv_channels=128x128x128_fc_dims=512_seed0,e7e19ec001,trial_0027_learning_rate=5.0e-04_kernel_sizes=3x3x3_conv_channels=128x128x128_fc_dims=512_seed0
/scratch/sb272/patterns5k_results/slurm_base_cnn_2026-03-06_09-50-40/trial_0027_learning_rate=5.0e-04_kernel_sizes=3x3x3_conv_channels=128x128x128_fc_dims=512_seed1,cnn,0.16957076704502105,0.13264395456042707,0.014193086397080194,,,0.14170043221115786,213951,213951,50,0.4879585472434496,0,True,0.45456832695830385,0.2821128728815039,1,0.31855225563049316,0.1327972561120987,0,"[3, 3, 3]","[128, 128, 128]",[512],6918116,bc12u21n4,672.6,trial_0027_learning_rate=5.0e-04_kernel_sizes=3x3x3_conv_channels=128x128x128_fc_dims=512_seed1,e7e19ec001,trial_0027_learning_rate=5.0e-04_kernel_sizes=3x3x3_conv_channels=128x128x128_fc_dims=512_seed1
/scratch/sb272/patterns5k_results/slurm_base_cnn_2026-03-06_09-50-40/trial_0027_learning_rate=5.0e-04_kernel_sizes=3x3x3_conv_channels=128x128x128_fc_dims=512_seed2,cnn,0.16913173186779024,0.1343055035605004,0.01672143500948709,,,0.13601637351444013,213951,213951,45,0.4921514970219847,0,True,0.45456832695830385,0.2849171066557693,2,0.31855225563049316,0.13523241877555847,0,"[3, 3, 3]","[128, 128, 128]",[512],6918116,bc12u21n4,634.7,trial_0027_learning_rate=5.0e-04_kernel_sizes=3x3x3_conv_channels=128x128x128_fc_dims=512_seed2,e7e19ec001,trial_0027_learning_rate=5.0e-04_kernel_sizes=3x3x3_conv_channels=128x128x128_fc_dims=512_seed2
/scratch/sb272/patterns5k_results/slurm_base_cnn_2026-03-06_09-50-40/trial_0028_learning_rate=5.0e-04_kernel_sizes=3x3x3_conv_channels=256x256x256_fc_dims=512_seed0,cnn,0.16877609050273895,0.13108442830872263,0.019630632703266447,,,0.13837645302768686,591679,591679,26,0.4697980802468166,0,True,0.45456832695830385,0.2730784544384089,1,0.31855225563049316,0.1317947804927826,0,"[3, 3, 3]","[256, 256, 256]",[512],6918116,bc12u21n4,667.0,trial_0028_learning_rate=5.0e-04_kernel_sizes=3x3x3_conv_channels=256x256x256_fc_dims=512_seed0,cf18c0063f,trial_0028_learning_rate=5.0e-04_kernel_sizes=3x3x3_conv_channels=256x256x256_fc_dims=512_seed0
/scratch/sb272/patterns5k_results/slurm_base_cnn_2026-03-06_09-50-40/trial_0028_learning_rate=5.0e-04_kernel_sizes=3x3x3_conv_channels=256x256x256_fc_dims=512_seed1,cnn,0.16900047779083252,0.13498135417236204,0.016017236406840975,,,0.14071759349831345,591679,591679,28,0.4695275289172234,0,True,0.45456832695830385,0.27927867874169227,0,0.31855225563049316,0.13569945096969604,0,"[3, 3, 3]","[256, 256, 256]",[512],6918116,bc12u21n4,697.4,trial_0028_learning_rate=5.0e-04_kernel_sizes=3x3x3_conv_channels=256x256x256_fc_dims=512_seed1,cf18c0063f,trial_0028_learning_rate=5.0e-04_kernel_sizes=3x3x3_conv_channels=256x256x256_fc_dims=512_seed1
/scratch/sb272/patterns5k_results/slurm_base_cnn_2026-03-06_09-50-40/trial_0028_learning_rate=5.0e-04_kernel_sizes=3x3x3_conv_channels=256x256x256_fc_dims=512_seed2,cnn,0.16924208307266236,0.1354605080005422,0.013572819649227082,,,0.13413893788651854,591679,591679,28,0.492815919990269,0,True,0.45456832695830385,0.28829879119162544,1,0.31855225563049316,0.1359747052192688,0,"[3, 3, 3]","[256, 256, 256]",[512],6918116,bc12u21n4,646.8,trial_0028_learning_rate=5.0e-04_kernel_sizes=3x3x3_conv_channels=256x256x256_fc_dims=512_seed2,cf18c0063f,trial_0028_learning_rate=5.0e-04_kernel_sizes=3x3x3_conv_channels=256x256x256_fc_dims=512_seed2
/scratch/sb272/patterns5k_results/slurm_base_cnn_2026-03-06_09-50-40/trial_0029_learning_rate=5.0e-04_kernel_sizes=3x3x3_conv_channels=256x256x256_fc_dims=1024_seed0,cnn,0.1692249265909195,0.13216805281233068,0.011722030147673592,,,0.14013109392431725,755519,755519,31,0.4991690762726656,0,True,0.45456832695830385,0.288430268311098,1,0.31855225563049316,0.132284015417099,0,"[3, 3, 3]","[256, 256, 256]",[1024],6918116,bc12u21n4,567.4,trial_0029_learning_rate=5.0e-04_kernel_sizes=3x3x3_conv_channels=256x256x256_fc_dims=1024_seed0,be1fc2f265,trial_0029_learning_rate=5.0e-04_kernel_sizes=3x3x3_conv_channels=256x256x256_fc_dims=1024_seed0
/scratch/sb272/patterns5k_results/slurm_base_cnn_2026-03-06_09-50-40/trial_0029_learning_rate=5.0e-04_kernel_sizes=3x3x3_conv_channels=256x256x256_fc_dims=1024_seed1,cnn,0.16882467329502104,0.1361843271393799,0.01794318641935076,,,0.14063141180196181,755519,755519,28,0.492933522119062,0,True,0.45456832695830385,0.28828331631246884,1,0.31855225563049316,0.13709458708763123,0,"[3, 3, 3]","[256, 256, 256]",[1024],6918116,bc12u21n4,530.9,trial_0029_learning_rate=5.0e-04_kernel_sizes=3x3x3_conv_channels=256x256x256_fc_dims=1024_seed1,be1fc2f265,trial_0029_learning_rate=5.0e-04_kernel_sizes=3x3x3_conv_channels=256x256x256_fc_dims=1024_seed1
/scratch/sb272/patterns5k_results/slurm_base_cnn_2026-03-06_09-50-40/trial_0029_learning_rate=5.0e-04_kernel_sizes=3x3x3_conv_channels=256x256x256_fc_dims=1024_seed2,cnn,0.16968289577960968,0.13680243392746683,0.010798636883024185,,,0.13671658847126247,755519,755519,31,0.49725689712088944,0,True,0.45456832695830385,0.29107221266979577,2,0.31855225563049316,0.13767030835151672,0,"[3, 3, 3]","[256, 256, 256]",[1024],6918116,bc12u21n4,563.2,trial_0029_learning_rate=5.0e-04_kernel_sizes=3x3x3_conv_channels=256x256x256_fc_dims=1024_seed2,be1fc2f265,trial_0029_learning_rate=5.0e-04_kernel_sizes=3x3x3_conv_channels=256x256x256_fc_dims=1024_seed2
/scratch/sb272/patterns5k_results/slurm_base_cnn_2026-03-06_09-50-40/trial_0030_learning_rate=5.0e-04_kernel_sizes=3x3x3_conv_channels=32x64x128_fc_dims=128_seed0,cnn,0.1683238583803177,0.1313807614129204,0.02093735763004848,,,0.13383458169269835,60063,60063,50,0.47088681444702624,0,True,0.45456832695830385,0.2721593339044521,1,0.31855225563049316,0.13260579109191895,0,"[3, 3, 3]","[32, 64, 128]",[128],6918116,bc12u21n4,338.7,trial_0030_learning_rate=5.0e-04_kernel_sizes=3x3x3_conv_channels=32x64x128_fc_dims=128_seed0,1415bd8150,trial_0030_learning_rate=5.0e-04_kernel_sizes=3x3x3_conv_channels=32x64x128_fc_dims=128_seed0
/scratch/sb272/patterns5k_results/slurm_base_cnn_2026-03-06_09-50-40/trial_0030_learning_rate=5.0e-04_kernel_sizes=3x3x3_conv_channels=32x64x128_fc_dims=128_seed1,cnn,0.16843037390708923,0.13068206296157972,0.021344960681975833,,,0.1372397411693668,60063,60063,50,0.46636573324583,0,True,0.45456832695830385,0.27206724500379953,2,0.31855225563049316,0.1318836361169815,0,"[3, 3, 3]","[32, 64, 128]",[128],6918116,bc12u21n4,340.7,trial_0030_learning_rate=5.0e-04_kernel_sizes=3x3x3_conv_channels=32x64x128_fc_dims=128_seed1,1415bd8150,trial_0030_learning_rate=5.0e-04_kernel_sizes=3x3x3_conv_channels=32x64x128_fc_dims=128_seed1
/scratch/sb272/patterns5k_results/slurm_base_cnn_2026-03-06_09-50-40/trial_0030_learning_rate=5.0e-04_kernel_sizes=3x3x3_conv_channels=32x64x128_fc_dims=128_seed2,cnn,0.16833313596248628,0.1315066710626237,0.021116783694615438,,,0.1300302489320334,60063,60063,50,0.455791182354555,0,True,0.45456832695830385,0.2650395868749046,2,0.31855225563049316,0.1324925273656845,0,"[3, 3, 3]","[32, 64, 128]",[128],6918116,bc12u21n4,341.0,trial_0030_learning_rate=5.0e-04_kernel_sizes=3x3x3_conv_channels=32x64x128_fc_dims=128_seed2,1415bd8150,trial_0030_learning_rate=5.0e-04_kernel_sizes=3x3x3_conv_channels=32x64x128_fc_dims=128_seed2
/scratch/sb272/patterns5k_results/slurm_base_cnn_2026-03-06_09-50-40/trial_0031_learning_rate=5.0e-04_kernel_sizes=3x3x3_conv_channels=32x64x128_fc_dims=256_seed0,cnn,0.1679305236339569,0.13515423686553613,0.022894178118024553,,,0.13857796560937155,84639,84639,50,0.4874879311867513,0,True,0.45456832695830385,0.28481466500233593,1,0.31855225563049316,0.1362922042608261,0,"[3, 3, 3]","[32, 64, 128]",[256],6918116,bc12u21n4,353.0,trial_0031_learning_rate=5.0e-04_kernel_sizes=3x3x3_conv_channels=32x64x128_fc_dims=256_seed0,0e3ef384f2,trial_0031_learning_rate=5.0e-04_kernel_sizes=3x3x3_conv_channels=32x64x128_fc_dims=256_seed0
/scratch/sb272/patterns5k_results/slurm_base_cnn_2026-03-06_09-50-40/trial_0031_learning_rate=5.0e-04_kernel_sizes=3x3x3_conv_channels=32x64x128_fc_dims=256_seed1,cnn,0.1681550431251526,0.13364845845034423,0.021263500054677326,,,0.14151144081606334,84639,84639,50,0.4695926309736516,0,True,0.45456832695830385,0.2741366152129489,1,0.31855225563049316,0.13476110994815826,0,"[3, 3, 3]","[32, 64, 128]",[256],6918116,bc12u21n4,353.7,trial_0031_learning_rate=5.0e-04_kernel_sizes=3x3x3_conv_channels=32x64x128_fc_dims=256_seed1,0e3ef384f2,trial_0031_learning_rate=5.0e-04_kernel_sizes=3x3x3_conv_channels=32x64x128_fc_dims=256_seed1
/scratch/sb272/patterns5k_results/slurm_base_cnn_2026-03-06_09-50-40/trial_0031_learning_rate=5.0e-04_kernel_sizes=3x3x3_conv_channels=32x64x128_fc_dims=256_seed2,cnn,0.1682605732679367,0.13417512557338207,0.020902082087501647,,,0.13360614633622184,84639,84639,50,0.4785345975410665,0,True,0.45456832695830385,0.27652896777297703,1,0.31855225563049316,0.13475337624549866,0,"[3, 3, 3]","[32, 64, 128]",[256],6918116,bc12u21n4,353.4,trial_0031_learning_rate=5.0e-04_kernel_sizes=3x3x3_conv_channels=32x64x128_fc_dims=256_seed2,0e3ef384f2,trial_0031_learning_rate=5.0e-04_kernel_sizes=3x3x3_conv_channels=32x64x128_fc_dims=256_seed2
/scratch/sb272/patterns5k_results/slurm_base_cnn_2026-03-06_09-50-40/trial_0032_learning_rate=5.0e-04_kernel_sizes=3x3x3_conv_channels=128x128x128_fc_dims=256_seed0,cnn,0.16883122849464416,0.13011553840312845,0.019227033569699244,,,0.13655057891760713,164799,164799,43,0.4671347187545614,0,True,0.45456832695830385,0.2700193887363512,2,0.31855225563049316,0.13022354245185852,0,"[3, 3, 3]","[128, 128, 128]",[256],6918116,bc12u21n4,380.6,trial_0032_learning_rate=5.0e-04_kernel_sizes=3x3x3_conv_channels=128x128x128_fc_dims=256_seed0,fff195f54b,trial_0032_learning_rate=5.0e-04_kernel_sizes=3x3x3_conv_channels=128x128x128_fc_dims=256_seed0
/scratch/sb272/patterns5k_results/slurm_base_cnn_2026-03-06_09-50-40/trial_0032_learning_rate=5.0e-04_kernel_sizes=3x3x3_conv_channels=128x128x128_fc_dims=256_seed1,cnn,0.1686039603948593,0.13340431547597584,0.020529215298001727,,,0.14035385204674705,164799,164799,50,0.48240016800925345,0,True,0.45456832695830385,0.28134865705606577,1,0.31855225563049316,0.13438937067985535,0,"[3, 3, 3]","[128, 128, 128]",[256],6918116,bc12u21n4,409.8,trial_0032_learning_rate=5.0e-04_kernel_sizes=3x3x3_conv_channels=128x128x128_fc_dims=256_seed1,fff195f54b,trial_0032_learning_rate=5.0e-04_kernel_sizes=3x3x3_conv_channels=128x128x128_fc_dims=256_seed1
/scratch/sb272/patterns5k_results/slurm_base_cnn_2026-03-06_09-50-40/trial_0032_learning_rate=5.0e-04_kernel_sizes=3x3x3_conv_channels=128x128x128_fc_dims=256_seed2,cnn,0.16854870617389678,0.13157816016504503,0.018768565049247135,,,0.13209052748689876,164799,164799,39,0.46821100178247016,0,True,0.45456832695830385,0.27154218679976444,2,0.31855225563049316,0.13203325867652893,0,"[3, 3, 3]","[128, 128, 128]",[256],6918116,bc12u21n4,363.0,trial_0032_learning_rate=5.0e-04_kernel_sizes=3x3x3_conv_channels=128x128x128_fc_dims=256_seed2,fff195f54b,trial_0032_learning_rate=5.0e-04_kernel_sizes=3x3x3_conv_channels=128x128x128_fc_dims=256_seed2
/scratch/sb272/patterns5k_results/slurm_base_cnn_2026-03-06_09-50-40/trial_0033_learning_rate=5.0e-04_kernel_sizes=3x3x3_conv_channels=128x128x128_fc_dims=512_seed0,cnn,0.16942093336582184,0.13429044304466878,0.014541814251551552,,,0.14016088046513278,213951,213951,45,0.4843883412572413,0,True,0.45456832695830385,0.2826064253213671,1,0.31855225563049316,0.13478821516036987,0,"[3, 3, 3]","[128, 128, 128]",[512],6918116,bc12u21n4,429.8,trial_0033_learning_rate=5.0e-04_kernel_sizes=3x3x3_conv_channels=128x128x128_fc_dims=512_seed0,bd72a17adf,trial_0033_learning_rate=5.0e-04_kernel_sizes=3x3x3_conv_channels=128x128x128_fc_dims=512_seed0
/scratch/sb272/patterns5k_results/slurm_base_cnn_2026-03-06_09-50-40/trial_0033_learning_rate=5.0e-04_kernel_sizes=3x3x3_conv_channels=128x128x128_fc_dims=512_seed1,cnn,0.16956315195560456,0.13227813155949278,0.014059039335402231,,,0.14161981020339184,213951,213951,36,0.492748317536772,0,True,0.45456832695830385,0.2837516536967741,2,0.31855225563049316,0.13302400708198547,0,"[3, 3, 3]","[128, 128, 128]",[512],6918117,bc12u23n4,399.2,trial_0033_learning_rate=5.0e-04_kernel_sizes=3x3x3_conv_channels=128x128x128_fc_dims=512_seed1,bd72a17adf,trial_0033_learning_rate=5.0e-04_kernel_sizes=3x3x3_conv_channels=128x128x128_fc_dims=512_seed1
/scratch/sb272/patterns5k_results/slurm_base_cnn_2026-03-06_09-50-40/trial_0033_learning_rate=5.0e-04_kernel_sizes=3x3x3_conv_channels=128x128x128_fc_dims=512_seed2,cnn,0.16917164635658263,0.1317254161384921,0.0174029478951106,,,0.13350224353388984,213951,213951,50,0.4845330332231644,0,True,0.45456832695830385,0.2779416218092919,2,0.31855225563049316,0.1322658210992813,0,"[3, 3, 3]","[128, 128, 128]",[512],6918117,bc12u23n4,452.9,trial_0033_learning_rate=5.0e-04_kernel_sizes=3x3x3_conv_channels=128x128x128_fc_dims=512_seed2,bd72a17adf,trial_0033_learning_rate=5.0e-04_kernel_sizes=3x3x3_conv_channels=128x128x128_fc_dims=512_seed2
/scratch/sb272/patterns5k_results/slurm_base_cnn_2026-03-06_09-50-40/trial_0034_learning_rate=5.0e-04_kernel_sizes=3x3x3_conv_channels=256x256x256_fc_dims=512_seed0,cnn,0.16892818844318389,0.13142756608452227,0.01944544107194931,,,0.13759841408688742,591679,591679,31,0.4745660456183012,0,True,0.45456832695830385,0.2764365022913069,2,0.31855225563049316,0.1311294585466385,0,"[3, 3, 3]","[256, 256, 256]",[512],6918117,bc12u23n4,497.1,trial_0034_learning_rate=5.0e-04_kernel_sizes=3x3x3_conv_channels=256x256x256_fc_dims=512_seed0,6176d37e84,trial_0034_learning_rate=5.0e-04_kernel_sizes=3x3x3_conv_channels=256x256x256_fc_dims=512_seed0
/scratch/sb272/patterns5k_results/slurm_base_cnn_2026-03-06_09-50-40/trial_0034_learning_rate=5.0e-04_kernel_sizes=3x3x3_conv_channels=256x256x256_fc_dims=512_seed1,cnn,0.16887479770183564,0.13008119850215594,0.019377374459826756,,,0.13936135343786263,591679,591679,24,0.4354193531241153,0,True,0.45456832695830385,0.26273945705693896,1,0.31855225563049316,0.13058696687221527,0,"[3, 3, 3]","[256, 256, 256]",[512],6918117,bc12u23n4,439.1,trial_0034_learning_rate=5.0e-04_kernel_sizes=3x3x3_conv_channels=256x256x256_fc_dims=512_seed1,6176d37e84,trial_0034_learning_rate=5.0e-04_kernel_sizes=3x3x3_conv_channels=256x256x256_fc_dims=512_seed1
/scratch/sb272/patterns5k_results/slurm_base_cnn_2026-03-06_09-50-40/trial_0034_learning_rate=5.0e-04_kernel_sizes=3x3x3_conv_channels=256x256x256_fc_dims=512_seed2,cnn,0.1686432967185974,0.13506943871436897,0.020411081730373322,,,0.1324478217385775,591679,591679,32,0.47181227999540054,0,True,0.45456832695830385,0.27621198708005235,1,0.31855225563049316,0.13531246781349182,0,"[3, 3, 3]","[256, 256, 256]",[512],6918117,bc12u23n4,510.2,trial_0034_learning_rate=5.0e-04_kernel_sizes=3x3x3_conv_channels=256x256x256_fc_dims=512_seed2,6176d37e84,trial_0034_learning_rate=5.0e-04_kernel_sizes=3x3x3_conv_channels=256x256x256_fc_dims=512_seed2
/scratch/sb272/patterns5k_results/slurm_base_cnn_2026-03-06_09-50-40/trial_0035_learning_rate=5.0e-04_kernel_sizes=3x3x3_conv_channels=256x256x256_fc_dims=1024_seed0,cnn,0.16887024533748626,0.13412869575972292,0.016552566535889157,,,0.13938406726182323,755519,755519,25,0.4874490145900732,0,True,0.45456832695830385,0.2845155646149248,1,0.31855225563049316,0.134488046169281,0,"[3, 3, 3]","[256, 256, 256]",[1024],6918117,bc12u23n4,491.5,trial_0035_learning_rate=5.0e-04_kernel_sizes=3x3x3_conv_channels=256x256x256_fc_dims=1024_seed0,d72faa2cf2,trial_0035_learning_rate=5.0e-04_kernel_sizes=3x3x3_conv_channels=256x256x256_fc_dims=1024_seed0
/scratch/sb272/patterns5k_results/slurm_base_cnn_2026-03-06_09-50-40/trial_0035_learning_rate=5.0e-04_kernel_sizes=3x3x3_conv_channels=256x256x256_fc_dims=1024_seed1,cnn,0.16925414836406708,0.13285327049683698,0.013533560056535025,,,0.1424773769086226,755519,755519,28,0.4753767971076281,0,True,0.45456832695830385,0.2772163051192631,1,0.31855225563049316,0.13354086875915527,0,"[3, 3, 3]","[256, 256, 256]",[1024],6918117,bc12u23n4,524.3,trial_0035_learning_rate=5.0e-04_kernel_sizes=3x3x3_conv_channels=256x256x256_fc_dims=1024_seed1,d72faa2cf2,trial_0035_learning_rate=5.0e-04_kernel_sizes=3x3x3_conv_channels=256x256x256_fc_dims=1024_seed1
/scratch/sb272/patterns5k_results/slurm_base_cnn_2026-03-06_09-50-40/trial_0035_learning_rate=5.0e-04_kernel_sizes=3x3x3_conv_channels=256x256x256_fc_dims=1024_seed2,cnn,0.1700207269191742,0.13293579688226512,0.006017657499464732,,,0.1361081794956801,755519,755519,29,0.4852810306360841,0,True,0.45456832695830385,0.2826245855097646,2,0.31855225563049316,0.13299819827079773,0,"[3, 3, 3]","[256, 256, 256]",[1024],6918117,bc12u23n4,536.4,trial_0035_learning_rate=5.0e-04_kernel_sizes=3x3x3_conv_channels=256x256x256_fc_dims=1024_seed2,d72faa2cf2,trial_0035_learning_rate=5.0e-04_kernel_sizes=3x3x3_conv_channels=256x256x256_fc_dims=1024_seed2
/scratch/sb272/patterns5k_results/slurm_base_cnn_2026-03-06_09-50-40/trial_0036_learning_rate=1.0e-03_kernel_sizes=3x3x3_conv_channels=32x64x128_fc_dims=128_seed0,cnn,0.16793022322654724,0.13687792222218098,0.022721153403085375,,,0.14012324416539593,60063,60063,50,0.4634623349958879,0,True,0.45456832695830385,0.2722918846938887,1,0.31855225563049316,0.13761717081069946,0,"[3, 3, 3]","[32, 64, 128]",[128],6918117,bc12u23n4,341.6,trial_0036_learning_rate=1.0e-03_kernel_sizes=3x3x3_conv_channels=32x64x128_fc_dims=128_seed0,70d71ad64f,trial_0036_learning_rate=1.0e-03_kernel_sizes=3x3x3_conv_channels=32x64x128_fc_dims=128_seed0
/scratch/sb272/patterns5k_results/slurm_base_cnn_2026-03-06_09-50-40/trial_0036_learning_rate=1.0e-03_kernel_sizes=3x3x3_conv_channels=32x64x128_fc_dims=128_seed1,cnn,0.16813053202629089,0.13350240138688674,0.02186045003315759,,,0.14359057884965923,60063,60063,50,0.48425515463171503,0,True,0.45456832695830385,0.27941179726717724,1,0.31855225563049316,0.13457182049751282,0,"[3, 3, 3]","[32, 64, 128]",[128],6918117,bc12u23n4,344.3,trial_0036_learning_rate=1.0e-03_kernel_sizes=3x3x3_conv_channels=32x64x128_fc_dims=128_seed1,70d71ad64f,trial_0036_learning_rate=1.0e-03_kernel_sizes=3x3x3_conv_channels=32x64x128_fc_dims=128_seed1
/scratch/sb272/patterns5k_results/slurm_base_cnn_2026-03-06_09-50-40/trial_0036_learning_rate=1.0e-03_kernel_sizes=3x3x3_conv_channels=32x64x128_fc_dims=128_seed2,cnn,0.1679736806154251,0.13440743037982483,0.022425820903172567,,,0.13328084810502783,60063,60063,50,0.4750461739882408,0,True,0.45456832695830385,0.2744512924527404,2,0.31855225563049316,0.13520433008670807,0,"[3, 3, 3]","[32, 64, 128]",[128],6918117,bc12u23n4,337.7,trial_0036_learning_rate=1.0e-03_kernel_sizes=3x3x3_conv_channels=32x64x128_fc_dims=128_seed2,70d71ad64f,trial_0036_learning_rate=1.0e-03_kernel_sizes=3x3x3_conv_channels=32x64x128_fc_dims=128_seed2
/scratch/sb272/patterns5k_results/slurm_base_cnn_2026-03-06_09-50-40/trial_0037_learning_rate=1.0e-03_kernel_sizes=3x3x3_conv_channels=32x64x128_fc_dims=256_seed0,cnn,0.167833505153656,0.13870108676599174,0.02338013762519473,,,0.14268444608921674,84639,84639,50,0.4886955197119031,0,True,0.45456832695830385,0.2844816476262219,1,0.31855225563049316,0.13988307118415833,0,"[3, 3, 3]","[32, 64, 128]",[256],6918117,bc12u23n4,353.2,trial_0037_learning_rate=1.0e-03_kernel_sizes=3x3x3_conv_channels=32x64x128_fc_dims=256_seed0,34ae3db92a,trial_0037_learning_rate=1.0e-03_kernel_sizes=3x3x3_conv_channels=32x64x128_fc_dims=256_seed0
/scratch/sb272/patterns5k_results/slurm_base_cnn_2026-03-06_09-50-40/trial_0037_learning_rate=1.0e-03_kernel_sizes=3x3x3_conv_channels=32x64x128_fc_dims=256_seed1,cnn,0.16767950069904328,0.13993883233403978,0.02356622994892181,,,0.14530793512400703,84639,84639,50,0.4931622603710493,0,True,0.45456832695830385,0.28719593952526007,1,0.31855225563049316,0.14085231721401215,0,"[3, 3, 3]","[32, 64, 128]",[256],6918117,bc12u23n4,359.4,trial_0037_learning_rate=1.0e-03_kernel_sizes=3x3x3_conv_channels=32x64x128_fc_dims=256_seed1,34ae3db92a,trial_0037_learning_rate=1.0e-03_kernel_sizes=3x3x3_conv_channels=32x64x128_fc_dims=256_seed1
/scratch/sb272/patterns5k_results/slurm_base_cnn_2026-03-06_09-50-40/trial_0037_learning_rate=1.0e-03_kernel_sizes=3x3x3_conv_channels=32x64x128_fc_dims=256_seed2,cnn,0.1678073580265045,0.13666277981197056,0.023147339858706036,,,0.13661428821370786,84639,84639,50,0.4930602016788108,0,True,0.45456832695830385,0.28594149663791746,1,0.31855225563049316,0.13753467798233032,0,"[3, 3, 3]","[32, 64, 128]",[256],6918117,bc12u23n4,354.5,trial_0037_learning_rate=1.0e-03_kernel_sizes=3x3x3_conv_channels=32x64x128_fc_dims=256_seed2,34ae3db92a,trial_0037_learning_rate=1.0e-03_kernel_sizes=3x3x3_conv_channels=32x64x128_fc_dims=256_seed2
/scratch/sb272/patterns5k_results/slurm_base_cnn_2026-03-06_09-50-40/trial_0038_learning_rate=1.0e-03_kernel_sizes=3x3x3_conv_channels=128x128x128_fc_dims=256_seed0,cnn,0.16887548983097075,0.13019613450152873,0.0195842186609904,,,0.1366037627239008,164799,164799,36,0.4699843970629484,0,True,0.45456832695830385,0.27288859052992676,2,0.31855225563049316,0.13042838871479034,0,"[3, 3, 3]","[128, 128, 128]",[256],6918117,bc12u23n4,352.5,trial_0038_learning_rate=1.0e-03_kernel_sizes=3x3x3_conv_channels=128x128x128_fc_dims=256_seed0,370f1752af,trial_0038_learning_rate=1.0e-03_kernel_sizes=3x3x3_conv_channels=128x128x128_fc_dims=256_seed0
/scratch/sb272/patterns5k_results/slurm_base_cnn_2026-03-06_09-50-40/trial_0038_learning_rate=1.0e-03_kernel_sizes=3x3x3_conv_channels=128x128x128_fc_dims=256_seed1,cnn,0.168062775015831,0.1358468160782532,0.02138064778040326,,,0.14033273696422371,164799,164799,37,0.486157550825224,0,True,0.45456832695830385,0.28464825847241143,1,0.31855225563049316,0.13635823130607605,0,"[3, 3, 3]","[128, 128, 128]",[256],6918117,bc12u23n4,363.6,trial_0038_learning_rate=1.0e-03_kernel_sizes=3x3x3_conv_channels=128x128x128_fc_dims=256_seed1,370f1752af,trial_0038_learning_rate=1.0e-03_kernel_sizes=3x3x3_conv_channels=128x128x128_fc_dims=256_seed1
/scratch/sb272/patterns5k_results/slurm_base_cnn_2026-03-06_09-50-40/trial_0038_learning_rate=1.0e-03_kernel_sizes=3x3x3_conv_channels=128x128x128_fc_dims=256_seed2,cnn,0.16917517066001891,0.12977309034825907,0.01742078671379695,,,0.1327007955280628,164799,164799,36,0.488039960461125,0,True,0.45456832695830385,0.28170481324665886,2,0.31855225563049316,0.13019773364067078,0,"[3, 3, 3]","[128, 128, 128]",[256],6918117,bc12u23n4,365.1,trial_0038_learning_rate=1.0e-03_kernel_sizes=3x3x3_conv_channels=128x128x128_fc_dims=256_seed2,370f1752af,trial_0038_learning_rate=1.0e-03_kernel_sizes=3x3x3_conv_channels=128x128x128_fc_dims=256_seed2
/scratch/sb272/patterns5k_results/slurm_base_cnn_2026-03-06_09-50-40/trial_0039_learning_rate=1.0e-03_kernel_sizes=3x3x3_conv_channels=128x128x128_fc_dims=512_seed0,cnn,0.1686879780292511,0.13474108865829026,0.020280770839206756,,,0.1409256128057416,213951,213951,37,0.4709421325309132,0,True,0.45456832695830385,0.27535336089073525,1,0.31855225563049316,0.13508698344230652,0,"[3, 3, 3]","[128, 128, 128]",[512],6918117,bc12u23n4,392.4,trial_0039_learning_rate=1.0e-03_kernel_sizes=3x3x3_conv_channels=128x128x128_fc_dims=512_seed0,39c7060d04,trial_0039_learning_rate=1.0e-03_kernel_sizes=3x3x3_conv_channels=128x128x128_fc_dims=512_seed0
/scratch/sb272/patterns5k_results/slurm_base_cnn_2026-03-06_09-50-40/trial_0039_learning_rate=1.0e-03_kernel_sizes=3x3x3_conv_channels=128x128x128_fc_dims=512_seed1,cnn,0.1689325158596039,0.13225469077722082,0.018565381330157085,,,0.14182627864894215,213951,213951,38,0.4693350133359328,0,True,0.45456832695830385,0.2745679278873322,0,0.31855225563049316,0.13274060189723969,0,"[3, 3, 3]","[128, 128, 128]",[512],6918117,bc12u23n4,399.6,trial_0039_learning_rate=1.0e-03_kernel_sizes=3x3x3_conv_channels=128x128x128_fc_dims=512_seed1,39c7060d04,trial_0039_learning_rate=1.0e-03_kernel_sizes=3x3x3_conv_channels=128x128x128_fc_dims=512_seed1
/scratch/sb272/patterns5k_results/slurm_base_cnn_2026-03-06_09-50-40/trial_0039_learning_rate=1.0e-03_kernel_sizes=3x3x3_conv_channels=128x128x128_fc_dims=512_seed2,cnn,0.16828567695617674,0.13724638585397628,0.020234858232831197,,,0.13584342485387743,213951,213951,32,0.482516590709388,0,True,0.45456832695830385,0.28126518454457505,2,0.31855225563049316,0.13766495883464813,0,"[3, 3, 3]","[128, 128, 128]",[512],6918117,bc12u23n4,362.3,trial_0039_learning_rate=1.0e-03_kernel_sizes=3x3x3_conv_channels=128x128x128_fc_dims=512_seed2,39c7060d04,trial_0039_learning_rate=1.0e-03_kernel_sizes=3x3x3_conv_channels=128x128x128_fc_dims=512_seed2
/scratch/sb272/patterns5k_results/slurm_base_cnn_2026-03-06_09-50-40/trial_0040_learning_rate=1.0e-03_kernel_sizes=3x3x3_conv_channels=256x256x256_fc_dims=512_seed0,cnn,0.16937863504886627,0.13366293568532636,0.016757171305399093,,,0.13849261451637207,591679,591679,33,0.47726229582859386,0,True,0.45456832695830385,0.279168415730478,0,0.31855225563049316,0.13479386270046234,0,"[3, 3, 3]","[256, 256, 256]",[512],6918117,bc12u23n4,522.6,trial_0040_learning_rate=1.0e-03_kernel_sizes=3x3x3_conv_channels=256x256x256_fc_dims=512_seed0,368a2439b0,trial_0040_learning_rate=1.0e-03_kernel_sizes=3x3x3_conv_channels=256x256x256_fc_dims=512_seed0
/scratch/sb272/patterns5k_results/slurm_base_cnn_2026-03-06_09-50-40/trial_0040_learning_rate=1.0e-03_kernel_sizes=3x3x3_conv_channels=256x256x256_fc_dims=512_seed1,cnn,0.16881164705753327,0.13719282239544472,0.01857527286287338,,,0.14065334502970514,591679,591679,26,0.48519908540119294,0,True,0.45456832695830385,0.2842343115573099,1,0.31855225563049316,0.1380276381969452,0,"[3, 3, 3]","[256, 256, 256]",[512],6918117,bc12u23n4,463.9,trial_0040_learning_rate=1.0e-03_kernel_sizes=3x3x3_conv_channels=256x256x256_fc_dims=512_seed1,368a2439b0,trial_0040_learning_rate=1.0e-03_kernel_sizes=3x3x3_conv_channels=256x256x256_fc_dims=512_seed1
/scratch/sb272/patterns5k_results/slurm_base_cnn_2026-03-06_09-50-40/trial_0040_learning_rate=1.0e-03_kernel_sizes=3x3x3_conv_channels=256x256x256_fc_dims=512_seed2,cnn,0.16914185202121734,0.13416774106407744,0.01991440190209283,,,0.13432124168165654,591679,591679,30,0.4927628860594489,0,True,0.45456832695830385,0.2884926992094508,2,0.31855225563049316,0.13507574796676636,0,"[3, 3, 3]","[256, 256, 256]",[512],6918117,bc12u23n4,607.5,trial_0040_learning_rate=1.0e-03_kernel_sizes=3x3x3_conv_channels=256x256x256_fc_dims=512_seed2,368a2439b0,trial_0040_learning_rate=1.0e-03_kernel_sizes=3x3x3_conv_channels=256x256x256_fc_dims=512_seed2
/scratch/sb272/patterns5k_results/slurm_base_cnn_2026-03-06_09-50-40/trial_0041_learning_rate=1.0e-03_kernel_sizes=3x3x3_conv_channels=256x256x256_fc_dims=1024_seed0,cnn,0.16913731729984283,0.13503360903889056,0.017429691458505297,,,0.13999146492069747,755519,755519,27,0.47136324655788026,0,True,0.45456832695830385,0.27713307458557895,0,0.31855225563049316,0.13528814911842346,0,"[3, 3, 3]","[256, 256, 256]",[1024],6918117,bc12u23n4,709.8,trial_0041_learning_rate=1.0e-03_kernel_sizes=3x3x3_conv_channels=256x256x256_fc_dims=1024_seed0,70b1453441,trial_0041_learning_rate=1.0e-03_kernel_sizes=3x3x3_conv_channels=256x256x256_fc_dims=1024_seed0
/scratch/sb272/patterns5k_results/slurm_base_cnn_2026-03-06_09-50-40/trial_0041_learning_rate=1.0e-03_kernel_sizes=3x3x3_conv_channels=256x256x256_fc_dims=1024_seed1,cnn,0.16958562684059142,0.1328356438504434,0.014041558144584534,,,0.14142587326738143,755519,755519,21,0.482560997202304,0,True,0.45456832695830385,0.2816477265887454,1,0.31855225563049316,0.13330669701099396,0,"[3, 3, 3]","[256, 256, 256]",[1024],6918117,bc12u23n4,605.5,trial_0041_learning_rate=1.0e-03_kernel_sizes=3x3x3_conv_channels=256x256x256_fc_dims=1024_seed1,70b1453441,trial_0041_learning_rate=1.0e-03_kernel_sizes=3x3x3_conv_channels=256x256x256_fc_dims=1024_seed1
/scratch/sb272/patterns5k_results/slurm_base_cnn_2026-03-06_09-50-40/trial_0041_learning_rate=1.0e-03_kernel_sizes=3x3x3_conv_channels=256x256x256_fc_dims=1024_seed2,cnn,0.16872835087776183,0.13420262509832961,0.018655072128961957,,,0.13533837629077025,755519,755519,25,0.4751004991677921,0,True,0.45456832695830385,0.27929909213879905,0,0.31855225563049316,0.13430221378803253,0,"[3, 3, 3]","[256, 256, 256]",[1024],6918117,bc12u23n4,697.4,trial_0041_learning_rate=1.0e-03_kernel_sizes=3x3x3_conv_channels=256x256x256_fc_dims=1024_seed2,70b1453441,trial_0041_learning_rate=1.0e-03_kernel_sizes=3x3x3_conv_channels=256x256x256_fc_dims=1024_seed2
/scratch/sb272/patterns5k_results/slurm_base_cnn_2026-03-06_09-50-40/trial_0042_learning_rate=1.0e-03_kernel_sizes=3x3x3_conv_channels=32x64x128_fc_dims=128_seed0,cnn,0.1683758294582367,0.13226904846084908,0.021374005173879957,,,0.13934761721214267,60063,60063,50,0.46330352764144206,0,True,0.45456832695830385,0.2675102220583209,2,0.31855225563049316,0.13294717669487,0,"[3, 3, 3]","[32, 64, 128]",[128],6918117,bc12u23n4,496.1,trial_0042_learning_rate=1.0e-03_kernel_sizes=3x3x3_conv_channels=32x64x128_fc_dims=128_seed0,ac2ec9e751,trial_0042_learning_rate=1.0e-03_kernel_sizes=3x3x3_conv_channels=32x64x128_fc_dims=128_seed0
/scratch/sb272/patterns5k_results/slurm_base_cnn_2026-03-06_09-50-40/trial_0042_learning_rate=1.0e-03_kernel_sizes=3x3x3_conv_channels=32x64x128_fc_dims=128_seed1,cnn,0.1678481776714325,0.13808303640001862,0.02358755138185289,,,0.14122085954927135,60063,60063,50,0.4974417582540519,0,True,0.45456832695830385,0.2891878170187408,1,0.31855225563049316,0.14004144072532654,0,"[3, 3, 3]","[32, 64, 128]",[128],6918117,bc12u23n4,441.2,trial_0042_learning_rate=1.0e-03_kernel_sizes=3x3x3_conv_channels=32x64x128_fc_dims=128_seed1,ac2ec9e751,trial_0042_learning_rate=1.0e-03_kernel_sizes=3x3x3_conv_channels=32x64x128_fc_dims=128_seed1
/scratch/sb272/patterns5k_results/slurm_base_cnn_2026-03-06_09-50-40/trial_0042_learning_rate=1.0e-03_kernel_sizes=3x3x3_conv_channels=32x64x128_fc_dims=128_seed2,cnn,0.16815157461166383,0.13457109455487334,0.021718241865672762,,,0.13308562204723567,60063,60063,50,0.48801379439532205,0,True,0.45456832695830385,0.28227868592149474,2,0.31855225563049316,0.1357048898935318,0,"[3, 3, 3]","[32, 64, 128]",[128],6918117,bc12u23n4,360.0,trial_0042_learning_rate=1.0e-03_kernel_sizes=3x3x3_conv_channels=32x64x128_fc_dims=128_seed2,ac2ec9e751,trial_0042_learning_rate=1.0e-03_kernel_sizes=3x3x3_conv_channels=32x64x128_fc_dims=128_seed2
/scratch/sb272/patterns5k_results/slurm_base_cnn_2026-03-06_09-50-40/trial_0043_learning_rate=1.0e-03_kernel_sizes=3x3x3_conv_channels=32x64x128_fc_dims=256_seed0,cnn,0.1678173813819885,0.13740003913253274,0.022445840494973317,,,0.14370993424042258,84639,84639,50,0.4871901369662435,0,True,0.45456832695830385,0.28354927416458486,1,0.31855225563049316,0.1379050314426422,0,"[3, 3, 3]","[32, 64, 128]",[256],6918117,bc12u23n4,417.8,trial_0043_learning_rate=1.0e-03_kernel_sizes=3x3x3_conv_channels=32x64x128_fc_dims=256_seed0,ec5c2df346,trial_0043_learning_rate=1.0e-03_kernel_sizes=3x3x3_conv_channels=32x64x128_fc_dims=256_seed0
/scratch/sb272/patterns5k_results/slurm_base_cnn_2026-03-06_09-50-40/trial_0043_learning_rate=1.0e-03_kernel_sizes=3x3x3_conv_channels=32x64x128_fc_dims=256_seed1,cnn,0.16774602437019348,0.1394614609944516,0.023791474009317064,,,0.1439934431764883,84639,84639,50,0.4798969954830876,0,True,0.45456832695830385,0.2802369539267218,1,0.31855225563049316,0.14016838371753693,0,"[3, 3, 3]","[32, 64, 128]",[256],6918117,bc12u23n4,394.1,trial_0043_learning_rate=1.0e-03_kernel_sizes=3x3x3_conv_channels=32x64x128_fc_dims=256_seed1,ec5c2df346,trial_0043_learning_rate=1.0e-03_kernel_sizes=3x3x3_conv_channels=32x64x128_fc_dims=256_seed1
/scratch/sb272/patterns5k_results/slurm_base_cnn_2026-03-06_09-50-40/trial_0043_learning_rate=1.0e-03_kernel_sizes=3x3x3_conv_channels=32x64x128_fc_dims=256_seed2,cnn,0.16779155075550078,0.1381874544728382,0.023468416834634447,,,0.13937396536052582,84639,84639,50,0.5087722205549116,0,True,0.45456832695830385,0.2927015413627915,2,0.31855225563049316,0.13955123722553253,0,"[3, 3, 3]","[32, 64, 128]",[256],6918117,bc12u23n4,395.2,trial_0043_learning_rate=1.0e-03_kernel_sizes=3x3x3_conv_channels=32x64x128_fc_dims=256_seed2,ec5c2df346,trial_0043_learning_rate=1.0e-03_kernel_sizes=3x3x3_conv_channels=32x64x128_fc_dims=256_seed2
/scratch/sb272/patterns5k_results/slurm_base_cnn_2026-03-06_09-50-40/trial_0044_learning_rate=1.0e-03_kernel_sizes=3x3x3_conv_channels=128x128x128_fc_dims=256_seed0,cnn,0.16925355887413024,0.13315879423990595,0.01696370423786224,,,0.1398708763360374,164799,164799,37,0.464949420797509,0,True,0.45456832695830385,0.27157316264554177,1,0.31855225563049316,0.13329224288463593,0,"[3, 3, 3]","[128, 128, 128]",[256],6918117,bc12u23n4,377.6,trial_0044_learning_rate=1.0e-03_kernel_sizes=3x3x3_conv_channels=128x128x128_fc_dims=256_seed0,757ba053ba,trial_0044_learning_rate=1.0e-03_kernel_sizes=3x3x3_conv_channels=128x128x128_fc_dims=256_seed0
/scratch/sb272/patterns5k_results/slurm_base_cnn_2026-03-06_09-50-40/trial_0044_learning_rate=1.0e-03_kernel_sizes=3x3x3_conv_channels=128x128x128_fc_dims=256_seed1,cnn,0.16880510473251342,0.13016920851655656,0.019689032955775187,,,0.13794280011939292,164799,164799,34,0.4878491264554552,0,True,0.45456832695830385,0.283506826320682,1,0.31855225563049316,0.13108773529529572,0,"[3, 3, 3]","[128, 128, 128]",[256],6918117,bc12u23n4,374.3,trial_0044_learning_rate=1.0e-03_kernel_sizes=3x3x3_conv_channels=128x128x128_fc_dims=256_seed1,757ba053ba,trial_0044_learning_rate=1.0e-03_kernel_sizes=3x3x3_conv_channels=128x128x128_fc_dims=256_seed1
/scratch/sb272/patterns5k_results/slurm_base_cnn_2026-03-06_09-50-40/trial_0044_learning_rate=1.0e-03_kernel_sizes=3x3x3_conv_channels=128x128x128_fc_dims=256_seed2,cnn,0.16833893871307373,0.1349105359959112,0.0200724686895098,,,0.13315591229419876,164799,164799,35,0.4741156983727303,0,True,0.45456832695830385,0.27609961536862637,2,0.31855225563049316,0.13567514717578888,0,"[3, 3, 3]","[128, 128, 128]",[256],6918117,bc12u23n4,377.2,trial_0044_learning_rate=1.0e-03_kernel_sizes=3x3x3_conv_channels=128x128x128_fc_dims=256_seed2,757ba053ba,trial_0044_learning_rate=1.0e-03_kernel_sizes=3x3x3_conv_channels=128x128x128_fc_dims=256_seed2
/scratch/sb272/patterns5k_results/slurm_base_cnn_2026-03-06_09-50-40/trial_0045_learning_rate=1.0e-03_kernel_sizes=3x3x3_conv_channels=128x128x128_fc_dims=512_seed0,cnn,0.16899849915504456,0.13422238094879838,0.018454695504809184,,,0.14130238883514865,213951,213951,31,0.496062220291844,0,True,0.45456832695830385,0.28654980157848087,2,0.31855225563049316,0.1352301836013794,0,"[3, 3, 3]","[128, 128, 128]",[512],6918117,bc12u23n4,372.8,trial_0045_learning_rate=1.0e-03_kernel_sizes=3x3x3_conv_channels=128x128x128_fc_dims=512_seed0,8ca7325f15,trial_0045_learning_rate=1.0e-03_kernel_sizes=3x3x3_conv_channels=128x128x128_fc_dims=512_seed0
/scratch/sb272/patterns5k_results/slurm_base_cnn_2026-03-06_09-50-40/trial_0045_learning_rate=1.0e-03_kernel_sizes=3x3x3_conv_channels=128x128x128_fc_dims=512_seed1,cnn,0.17005282843112945,0.1377884656753951,0.01470808566562713,,,0.14178997939884022,213951,213951,31,0.4793203980363091,0,True,0.45456832695830385,0.282107668672421,1,0.31855225563049316,0.13907161355018616,0,"[3, 3, 3]","[128, 128, 128]",[512],6918117,bc12u23n4,387.9,trial_0045_learning_rate=1.0e-03_kernel_sizes=3x3x3_conv_channels=128x128x128_fc_dims=512_seed1,8ca7325f15,trial_0045_learning_rate=1.0e-03_kernel_sizes=3x3x3_conv_channels=128x128x128_fc_dims=512_seed1
/scratch/sb272/patterns5k_results/slurm_base_cnn_2026-03-06_09-50-40/trial_0045_learning_rate=1.0e-03_kernel_sizes=3x3x3_conv_channels=128x128x128_fc_dims=512_seed2,cnn,0.16859900557994842,0.13388968640653948,0.020313773836408342,,,0.13652147137622392,213951,213951,35,0.4859033564016848,0,True,0.45456832695830385,0.28252713559420983,1,0.31855225563049316,0.13441835343837738,0,"[3, 3, 3]","[128, 128, 128]",[512],6918117,bc12u23n4,398.2,trial_0045_learning_rate=1.0e-03_kernel_sizes=3x3x3_conv_channels=128x128x128_fc_dims=512_seed2,8ca7325f15,trial_0045_learning_rate=1.0e-03_kernel_sizes=3x3x3_conv_channels=128x128x128_fc_dims=512_seed2
/scratch/sb272/patterns5k_results/slurm_base_cnn_2026-03-06_09-50-40/trial_0046_learning_rate=1.0e-03_kernel_sizes=3x3x3_conv_channels=256x256x256_fc_dims=512_seed0,cnn,0.1690230520963669,0.13015977479051044,0.020503204966348314,,,0.13800534657604546,591679,591679,25,0.4900722217973205,0,True,0.45456832695830385,0.2835352452487586,1,0.31855225563049316,0.13065728545188904,0,"[3, 3, 3]","[256, 256, 256]",[512],6918117,bc12u23n4,467.9,trial_0046_learning_rate=1.0e-03_kernel_sizes=3x3x3_conv_channels=256x256x256_fc_dims=512_seed0,c9c6d577f0,trial_0046_learning_rate=1.0e-03_kernel_sizes=3x3x3_conv_channels=256x256x256_fc_dims=512_seed0
/scratch/sb272/patterns5k_results/slurm_base_cnn_2026-03-06_09-50-40/trial_0046_learning_rate=1.0e-03_kernel_sizes=3x3x3_conv_channels=256x256x256_fc_dims=512_seed1,cnn,0.16892343854904174,0.13270751427726987,0.019577639443533763,,,0.141130186038017,591679,591679,25,0.46717696094487005,0,True,0.45456832695830385,0.2737154297981974,0,0.31855225563049316,0.13307732343673706,0,"[3, 3, 3]","[256, 256, 256]",[512],6918117,bc12u23n4,462.4,trial_0046_learning_rate=1.0e-03_kernel_sizes=3x3x3_conv_channels=256x256x256_fc_dims=512_seed1,c9c6d577f0,trial_0046_learning_rate=1.0e-03_kernel_sizes=3x3x3_conv_channels=256x256x256_fc_dims=512_seed1
/scratch/sb272/patterns5k_results/slurm_base_cnn_2026-03-06_09-50-40/trial_0046_learning_rate=1.0e-03_kernel_sizes=3x3x3_conv_channels=256x256x256_fc_dims=512_seed2,cnn,0.16869883942604064,0.134006990971458,0.018236523582821802,,,0.13356669737543939,591679,591679,30,0.48505925840258163,0,True,0.45456832695830385,0.28169965708596006,1,0.31855225563049316,0.13426727056503296,0,"[3, 3, 3]","[256, 256, 256]",[512],6918117,bc12u23n4,631.3,trial_0046_learning_rate=1.0e-03_kernel_sizes=3x3x3_conv_channels=256x256x256_fc_dims=512_seed2,c9c6d577f0,trial_0046_learning_rate=1.0e-03_kernel_sizes=3x3x3_conv_channels=256x256x256_fc_dims=512_seed2
/scratch/sb272/patterns5k_results/slurm_base_cnn_2026-03-06_09-50-40/trial_0047_learning_rate=1.0e-03_kernel_sizes=3x3x3_conv_channels=256x256x256_fc_dims=1024_seed0,cnn,0.16909250223636627,0.13505640387127657,0.01763451572448488,,,0.14102896347983881,755519,755519,22,0.45931982969814383,0,True,0.45456832695830385,0.26916102264603803,1,0.31855225563049316,0.13526935875415802,0,"[3, 3, 3]","[256, 256, 256]",[1024],6918117,bc12u23n4,628.3,trial_0047_learning_rate=1.0e-03_kernel_sizes=3x3x3_conv_channels=256x256x256_fc_dims=1024_seed0,6c22e7f0a1,trial_0047_learning_rate=1.0e-03_kernel_sizes=3x3x3_conv_channels=256x256x256_fc_dims=1024_seed0
/scratch/sb272/patterns5k_results/slurm_base_cnn_2026-03-06_09-50-40/trial_0047_learning_rate=1.0e-03_kernel_sizes=3x3x3_conv_channels=256x256x256_fc_dims=1024_seed1,cnn,0.1686714651584625,0.13758794698554594,0.016528410570962087,,,0.141959418138497,755519,755519,25,0.4945508907774705,0,True,0.45456832695830385,0.28953204986149017,1,0.31855225563049316,0.1383296102285385,0,"[3, 3, 3]","[256, 256, 256]",[1024],6918117,bc12u23n4,672.8,trial_0047_learning_rate=1.0e-03_kernel_sizes=3x3x3_conv_channels=256x256x256_fc_dims=1024_seed1,6c22e7f0a1,trial_0047_learning_rate=1.0e-03_kernel_sizes=3x3x3_conv_channels=256x256x256_fc_dims=1024_seed1
/scratch/sb272/patterns5k_results/slurm_base_cnn_2026-03-06_09-50-40/trial_0047_learning_rate=1.0e-03_kernel_sizes=3x3x3_conv_channels=256x256x256_fc_dims=1024_seed2,cnn,0.16877092361450197,0.1342020498050029,0.019110892500196184,,,0.13544982528583774,755519,755519,26,0.5026219428016668,0,True,0.45456832695830385,0.290712991846908,2,0.31855225563049316,0.13469725847244263,0,"[3, 3, 3]","[256, 256, 256]",[1024],6918117,bc12u23n4,691.8,trial_0047_learning_rate=1.0e-03_kernel_sizes=3x3x3_conv_channels=256x256x256_fc_dims=1024_seed2,6c22e7f0a1,trial_0047_learning_rate=1.0e-03_kernel_sizes=3x3x3_conv_channels=256x256x256_fc_dims=1024_seed2
/scratch/sb272/patterns5k_results/slurm_base_cnn_2026-03-06_09-50-40/trial_0048_learning_rate=1.0e-03_kernel_sizes=3x3x3_conv_channels=32x64x128_fc_dims=128_seed0,cnn,0.16809606695175172,0.13403445961546073,0.021865659289889865,,,0.1391147181772356,60063,60063,50,0.47632857571935405,0,True,0.45456832695830385,0.27619474347864437,1,0.31855225563049316,0.13505703210830688,0,"[3, 3, 3]","[32, 64, 128]",[128],6918117,bc12u23n4,467.5,trial_0048_learning_rate=1.0e-03_kernel_sizes=3x3x3_conv_channels=32x64x128_fc_dims=128_seed0,caec170e07,trial_0048_learning_rate=1.0e-03_kernel_sizes=3x3x3_conv_channels=32x64x128_fc_dims=128_seed0
/scratch/sb272/patterns5k_results/slurm_base_cnn_2026-03-06_09-50-40/trial_0048_learning_rate=1.0e-03_kernel_sizes=3x3x3_conv_channels=32x64x128_fc_dims=128_seed1,cnn,0.16875225138664246,0.13287091186539632,0.020653703856089757,,,0.14045643885879713,60063,60063,50,0.47181000788204347,0,True,0.45456832695830385,0.27252911711860245,2,0.31855225563049316,0.13408268988132477,0,"[3, 3, 3]","[32, 64, 128]",[128],6918117,bc12u23n4,470.4,trial_0048_learning_rate=1.0e-03_kernel_sizes=3x3x3_conv_channels=32x64x128_fc_dims=128_seed1,caec170e07,trial_0048_learning_rate=1.0e-03_kernel_sizes=3x3x3_conv_channels=32x64x128_fc_dims=128_seed1
/scratch/sb272/patterns5k_results/slurm_base_cnn_2026-03-06_09-50-40/trial_0048_learning_rate=1.0e-03_kernel_sizes=3x3x3_conv_channels=32x64x128_fc_dims=128_seed2,cnn,0.16803719425201416,0.1360651771914934,0.022062333803328258,,,0.13307001975724145,60063,60063,50,0.4902732893905155,0,True,0.45456832695830385,0.2835209010867352,2,0.31855225563049316,0.13705627620220184,0,"[3, 3, 3]","[32, 64, 128]",[128],6918117,bc12u23n4,467.7,trial_0048_learning_rate=1.0e-03_kernel_sizes=3x3x3_conv_channels=32x64x128_fc_dims=128_seed2,caec170e07,trial_0048_learning_rate=1.0e-03_kernel_sizes=3x3x3_conv_channels=32x64x128_fc_dims=128_seed2
/scratch/sb272/patterns5k_results/slurm_base_cnn_2026-03-06_09-50-40/trial_0049_learning_rate=1.0e-03_kernel_sizes=3x3x3_conv_channels=32x64x128_fc_dims=256_seed0,cnn,0.16779136168956757,0.1384486709962352,0.023091794006408206,,,0.14163876651875548,84639,84639,50,0.49531693869110094,0,True,0.45456832695830385,0.2865444769186331,1,0.31855225563049316,0.13908928632736206,0,"[3, 3, 3]","[32, 64, 128]",[256],6918117,bc12u23n4,379.6,trial_0049_learning_rate=1.0e-03_kernel_sizes=3x3x3_conv_channels=32x64x128_fc_dims=256_seed0,8cdd4fd21d,trial_0049_learning_rate=1.0e-03_kernel_sizes=3x3x3_conv_channels=32x64x128_fc_dims=256_seed0
/scratch/sb272/patterns5k_results/slurm_base_cnn_2026-03-06_09-50-40/trial_0049_learning_rate=1.0e-03_kernel_sizes=3x3x3_conv_channels=32x64x128_fc_dims=256_seed1,cnn,0.1678205246925354,0.1377255140255711,0.022895050427270313,,,0.1460604112030471,84639,84639,50,0.4799140604996034,0,True,0.45456832695830385,0.27990894171077635,1,0.31855225563049316,0.138381689786911,0,"[3, 3, 3]","[32, 64, 128]",[256],6918117,bc12u23n4,379.7,trial_0049_learning_rate=1.0e-03_kernel_sizes=3x3x3_conv_channels=32x64x128_fc_dims=256_seed1,8cdd4fd21d,trial_0049_learning_rate=1.0e-03_kernel_sizes=3x3x3_conv_channels=32x64x128_fc_dims=256_seed1
/scratch/sb272/patterns5k_results/slurm_base_cnn_2026-03-06_09-50-40/trial_0049_learning_rate=1.0e-03_kernel_sizes=3x3x3_conv_channels=32x64x128_fc_dims=256_seed2,cnn,0.16763041388988495,0.139935781489988,0.02408730037628658,,,0.138204124904188,84639,84639,50,0.5109431280002522,0,True,0.45456832695830385,0.2944844349783272,2,0.31855225563049316,0.141155406832695,0,"[3, 3, 3]","[32, 64, 128]",[256],6918117,bc12u23n4,382.1,trial_0049_learning_rate=1.0e-03_kernel_sizes=3x3x3_conv_channels=32x64x128_fc_dims=256_seed2,8cdd4fd21d,trial_0049_learning_rate=1.0e-03_kernel_sizes=3x3x3_conv_channels=32x64x128_fc_dims=256_seed2
/scratch/sb272/patterns5k_results/slurm_base_cnn_2026-03-06_09-50-40/trial_0050_learning_rate=1.0e-03_kernel_sizes=3x3x3_conv_channels=128x128x128_fc_dims=256_seed0,cnn,0.16842052590847015,0.13470416460208653,0.02038387079087515,,,0.13792192216621993,164799,164799,35,0.49369595605770233,0,True,0.45456832695830385,0.28446477596027214,2,0.31855225563049316,0.13490095734596252,0,"[3, 3, 3]","[128, 128, 128]",[256],6918118,bc12u27n3,409.0,trial_0050_learning_rate=1.0e-03_kernel_sizes=3x3x3_conv_channels=128x128x128_fc_dims=256_seed0,1870facca4,trial_0050_learning_rate=1.0e-03_kernel_sizes=3x3x3_conv_channels=128x128x128_fc_dims=256_seed0
/scratch/sb272/patterns5k_results/slurm_base_cnn_2026-03-06_09-50-40/trial_0050_learning_rate=1.0e-03_kernel_sizes=3x3x3_conv_channels=128x128x128_fc_dims=256_seed1,cnn,0.16865426254272461,0.1315672443430508,0.020641322173769513,,,0.13753112387878302,164799,164799,35,0.47838215196934925,0,True,0.45456832695830385,0.2775187003134719,1,0.31855225563049316,0.13233648240566254,0,"[3, 3, 3]","[128, 128, 128]",[256],6918118,bc12u27n3,395.2,trial_0050_learning_rate=1.0e-03_kernel_sizes=3x3x3_conv_channels=128x128x128_fc_dims=256_seed1,1870facca4,trial_0050_learning_rate=1.0e-03_kernel_sizes=3x3x3_conv_channels=128x128x128_fc_dims=256_seed1
/scratch/sb272/patterns5k_results/slurm_base_cnn_2026-03-06_09-50-40/trial_0050_learning_rate=1.0e-03_kernel_sizes=3x3x3_conv_channels=128x128x128_fc_dims=256_seed2,cnn,0.16843144237995147,0.1325432063023585,0.021141663430229066,,,0.1331443131798052,164799,164799,31,0.46809389954428565,0,True,0.45456832695830385,0.27346257305936755,2,0.31855225563049316,0.13292865455150604,0,"[3, 3, 3]","[128, 128, 128]",[256],6918118,bc12u27n3,372.3,trial_0050_learning_rate=1.0e-03_kernel_sizes=3x3x3_conv_channels=128x128x128_fc_dims=256_seed2,1870facca4,trial_0050_learning_rate=1.0e-03_kernel_sizes=3x3x3_conv_channels=128x128x128_fc_dims=256_seed2
/scratch/sb272/patterns5k_results/slurm_base_cnn_2026-03-06_09-50-40/trial_0051_learning_rate=1.0e-03_kernel_sizes=3x3x3_conv_channels=128x128x128_fc_dims=512_seed0,cnn,0.16871649885177611,0.1339801677322046,0.02119288368830605,,,0.14021861832281787,213951,213951,35,0.49361184305137684,0,True,0.45456832695830385,0.288116080028239,0,0.31855225563049316,0.13441380858421326,0,"[3, 3, 3]","[128, 128, 128]",[512],6918118,bc12u27n3,417.3,trial_0051_learning_rate=1.0e-03_kernel_sizes=3x3x3_conv_channels=128x128x128_fc_dims=512_seed0,27ede25a47,trial_0051_learning_rate=1.0e-03_kernel_sizes=3x3x3_conv_channels=128x128x128_fc_dims=512_seed0
/scratch/sb272/patterns5k_results/slurm_base_cnn_2026-03-06_09-50-40/trial_0051_learning_rate=1.0e-03_kernel_sizes=3x3x3_conv_channels=128x128x128_fc_dims=512_seed1,cnn,0.16942545747756957,0.13489928556432962,0.01540723963389321,,,0.14192529547747468,213951,213951,34,0.4769252009679088,0,True,0.45456832695830385,0.2807621076190284,1,0.31855225563049316,0.13571006059646606,0,"[3, 3, 3]","[128, 128, 128]",[512],6918118,bc12u27n3,415.5,trial_0051_learning_rate=1.0e-03_kernel_sizes=3x3x3_conv_channels=128x128x128_fc_dims=512_seed1,27ede25a47,trial_0051_learning_rate=1.0e-03_kernel_sizes=3x3x3_conv_channels=128x128x128_fc_dims=512_seed1
/scratch/sb272/patterns5k_results/slurm_base_cnn_2026-03-06_09-50-40/trial_0051_learning_rate=1.0e-03_kernel_sizes=3x3x3_conv_channels=128x128x128_fc_dims=512_seed2,cnn,0.16864798271656037,0.13615951192380865,0.01869971790010967,,,0.13542040875642367,213951,213951,39,0.47834391510144003,0,True,0.45456832695830385,0.27953448715481444,2,0.31855225563049316,0.1364695429801941,0,"[3, 3, 3]","[128, 128, 128]",[512],6918118,bc12u27n3,445.2,trial_0051_learning_rate=1.0e-03_kernel_sizes=3x3x3_conv_channels=128x128x128_fc_dims=512_seed2,27ede25a47,trial_0051_learning_rate=1.0e-03_kernel_sizes=3x3x3_conv_channels=128x128x128_fc_dims=512_seed2
/scratch/sb272/patterns5k_results/slurm_base_cnn_2026-03-06_09-50-40/trial_0052_learning_rate=1.0e-03_kernel_sizes=3x3x3_conv_channels=256x256x256_fc_dims=512_seed0,cnn,0.1688031975030899,0.1336447250220554,0.021240175716460696,,,0.1396318619284342,591679,591679,27,0.49212132368409234,0,True,0.45456832695830385,0.2851152248685788,1,0.31855225563049316,0.1341722458600998,0,"[3, 3, 3]","[256, 256, 256]",[512],6918118,bc12u27n3,520.9,trial_0052_learning_rate=1.0e-03_kernel_sizes=3x3x3_conv_channels=256x256x256_fc_dims=512_seed0,817633515c,trial_0052_learning_rate=1.0e-03_kernel_sizes=3x3x3_conv_channels=256x256x256_fc_dims=512_seed0
/scratch/sb272/patterns5k_results/slurm_base_cnn_2026-03-06_09-50-40/trial_0052_learning_rate=1.0e-03_kernel_sizes=3x3x3_conv_channels=256x256x256_fc_dims=512_seed1,cnn,0.16889106261730194,0.13615113099155013,0.018852116569640146,,,0.14083966381452884,591679,591679,30,0.46600098883831886,0,True,0.45456832695830385,0.27409015785122903,0,0.31855225563049316,0.13703253865242004,0,"[3, 3, 3]","[256, 256, 256]",[512],6918118,bc12u27n3,556.1,trial_0052_learning_rate=1.0e-03_kernel_sizes=3x3x3_conv_channels=256x256x256_fc_dims=512_seed1,817633515c,trial_0052_learning_rate=1.0e-03_kernel_sizes=3x3x3_conv_channels=256x256x256_fc_dims=512_seed1
/scratch/sb272/patterns5k_results/slurm_base_cnn_2026-03-06_09-50-40/trial_0052_learning_rate=1.0e-03_kernel_sizes=3x3x3_conv_channels=256x256x256_fc_dims=512_seed2,cnn,0.16871720552444458,0.13448379134758173,0.017593860626220703,,,0.13502526313604102,591679,591679,27,0.48070462355911364,0,True,0.45456832695830385,0.2785588369882271,2,0.31855225563049316,0.13494417071342468,0,"[3, 3, 3]","[256, 256, 256]",[512],6918118,bc12u27n3,516.3,trial_0052_learning_rate=1.0e-03_kernel_sizes=3x3x3_conv_channels=256x256x256_fc_dims=512_seed2,817633515c,trial_0052_learning_rate=1.0e-03_kernel_sizes=3x3x3_conv_channels=256x256x256_fc_dims=512_seed2
/scratch/sb272/patterns5k_results/slurm_base_cnn_2026-03-06_09-50-40/trial_0053_learning_rate=1.0e-03_kernel_sizes=3x3x3_conv_channels=256x256x256_fc_dims=1024_seed0,cnn,0.1706251482963562,0.1324809235853942,0.009364897296542213,,,0.1410053601968383,755519,755519,24,0.48949176879762935,0,True,0.45456832695830385,0.2819854695835729,2,0.31855225563049316,0.1327185183763504,0,"[3, 3, 3]","[256, 256, 256]",[1024],6918118,bc12u27n3,545.9,trial_0053_learning_rate=1.0e-03_kernel_sizes=3x3x3_conv_channels=256x256x256_fc_dims=1024_seed0,653e377b76,trial_0053_learning_rate=1.0e-03_kernel_sizes=3x3x3_conv_channels=256x256x256_fc_dims=1024_seed0
/scratch/sb272/patterns5k_results/slurm_base_cnn_2026-03-06_09-50-40/trial_0053_learning_rate=1.0e-03_kernel_sizes=3x3x3_conv_channels=256x256x256_fc_dims=1024_seed1,cnn,0.17067569649219513,0.13465453683401898,0.012960189864749,,,0.14108049489281843,755519,755519,26,0.4757773403025954,0,True,0.45456832695830385,0.27901540608216996,1,0.31855225563049316,0.1354506015777588,0,"[3, 3, 3]","[256, 256, 256]",[1024],6918118,bc12u27n3,568.6,trial_0053_learning_rate=1.0e-03_kernel_sizes=3x3x3_conv_channels=256x256x256_fc_dims=1024_seed1,653e377b76,trial_0053_learning_rate=1.0e-03_kernel_sizes=3x3x3_conv_channels=256x256x256_fc_dims=1024_seed1
/scratch/sb272/patterns5k_results/slurm_base_cnn_2026-03-06_09-50-40/trial_0053_learning_rate=1.0e-03_kernel_sizes=3x3x3_conv_channels=256x256x256_fc_dims=1024_seed2,cnn,0.1692645092010498,0.13499032280460888,0.017968191986992246,,,0.13464499053485549,755519,755519,31,0.49912958509594396,0,True,0.45456832695830385,0.2911940906378007,1,0.31855225563049316,0.13616067171096802,0,"[3, 3, 3]","[256, 256, 256]",[1024],6918118,bc12u27n3,636.6,trial_0053_learning_rate=1.0e-03_kernel_sizes=3x3x3_conv_channels=256x256x256_fc_dims=1024_seed2,653e377b76,trial_0053_learning_rate=1.0e-03_kernel_sizes=3x3x3_conv_channels=256x256x256_fc_dims=1024_seed2
/scratch/sb272/patterns5k_results/slurm_base_cnn_2026-03-06_09-50-40/trial_0054_learning_rate=5.0e-03_kernel_sizes=3x3x3_conv_channels=32x64x128_fc_dims=128_seed0,cnn,0.16801288390159608,0.13592193643948788,0.022729913393656414,,,0.13958901618483655,60063,60063,50,0.4799868367424801,0,True,0.45456832695830385,0.27978377621751804,1,0.31855225563049316,0.13687071204185486,0,"[3, 3, 3]","[32, 64, 128]",[128],6918118,bc12u27n3,381.1,trial_0054_learning_rate=5.0e-03_kernel_sizes=3x3x3_conv_channels=32x64x128_fc_dims=128_seed0,c152373ecc,trial_0054_learning_rate=5.0e-03_kernel_sizes=3x3x3_conv_channels=32x64x128_fc_dims=128_seed0
/scratch/sb272/patterns5k_results/slurm_base_cnn_2026-03-06_09-50-40/trial_0054_learning_rate=5.0e-03_kernel_sizes=3x3x3_conv_channels=32x64x128_fc_dims=128_seed1,cnn,0.16825426006317137,0.1330612960572994,0.021970197321876647,,,0.14197483385695733,60063,60063,50,0.4562084241727177,0,True,0.45456832695830385,0.26590990922776303,1,0.31855225563049316,0.1337379366159439,0,"[3, 3, 3]","[32, 64, 128]",[128],6918118,bc12u27n3,476.0,trial_0054_learning_rate=5.0e-03_kernel_sizes=3x3x3_conv_channels=32x64x128_fc_dims=128_seed1,c152373ecc,trial_0054_learning_rate=5.0e-03_kernel_sizes=3x3x3_conv_channels=32x64x128_fc_dims=128_seed1
/scratch/sb272/patterns5k_results/slurm_base_cnn_2026-03-06_09-50-40/trial_0054_learning_rate=5.0e-03_kernel_sizes=3x3x3_conv_channels=32x64x128_fc_dims=128_seed2,cnn,0.16806625032424927,0.13497324988784454,0.02234935098224216,,,0.1337784523651877,60063,60063,50,0.4651381125249887,0,True,0.45456832695830385,0.2715869407829222,2,0.31855225563049316,0.13575133681297302,0,"[3, 3, 3]","[32, 64, 128]",[128],6918118,bc12u27n3,384.5,trial_0054_learning_rate=5.0e-03_kernel_sizes=3x3x3_conv_channels=32x64x128_fc_dims=128_seed2,c152373ecc,trial_0054_learning_rate=5.0e-03_kernel_sizes=3x3x3_conv_channels=32x64x128_fc_dims=128_seed2
/scratch/sb272/patterns5k_results/slurm_base_cnn_2026-03-06_09-50-40/trial_0055_learning_rate=5.0e-03_kernel_sizes=3x3x3_conv_channels=32x64x128_fc_dims=256_seed0,cnn,0.167919464468956,0.13745364203027904,0.023169841085161482,,,0.14206065646572183,84639,84639,50,0.49856161993695636,0,True,0.45456832695830385,0.2905058031131554,1,0.31855225563049316,0.1385434865951538,0,"[3, 3, 3]","[32, 64, 128]",[256],6918118,bc12u27n3,402.8,trial_0055_learning_rate=5.0e-03_kernel_sizes=3x3x3_conv_channels=32x64x128_fc_dims=256_seed0,6a1146985a,trial_0055_learning_rate=5.0e-03_kernel_sizes=3x3x3_conv_channels=32x64x128_fc_dims=256_seed0
/scratch/sb272/patterns5k_results/slurm_base_cnn_2026-03-06_09-50-40/trial_0055_learning_rate=5.0e-03_kernel_sizes=3x3x3_conv_channels=32x64x128_fc_dims=256_seed1,cnn,0.16799495267868042,0.136215987772155,0.022082305143749904,,,0.14417485920972012,84639,84639,50,0.5014041506680698,0,True,0.45456832695830385,0.28999505213691346,1,0.31855225563049316,0.13699844479560852,0,"[3, 3, 3]","[32, 64, 128]",[256],6918118,bc12u27n3,410.3,trial_0055_learning_rate=5.0e-03_kernel_sizes=3x3x3_conv_channels=32x64x128_fc_dims=256_seed1,6a1146985a,trial_0055_learning_rate=5.0e-03_kernel_sizes=3x3x3_conv_channels=32x64x128_fc_dims=256_seed1
/scratch/sb272/patterns5k_results/slurm_base_cnn_2026-03-06_09-50-40/trial_0055_learning_rate=5.0e-03_kernel_sizes=3x3x3_conv_channels=32x64x128_fc_dims=256_seed2,cnn,0.16769849264621733,0.13836773108746395,0.023698035686735123,,,0.13781752399780967,84639,84639,50,0.502238464889655,0,True,0.45456832695830385,0.29086770720202165,2,0.31855225563049316,0.13938356935977936,0,"[3, 3, 3]","[32, 64, 128]",[256],6918118,bc12u27n3,403.2,trial_0055_learning_rate=5.0e-03_kernel_sizes=3x3x3_conv_channels=32x64x128_fc_dims=256_seed2,6a1146985a,trial_0055_learning_rate=5.0e-03_kernel_sizes=3x3x3_conv_channels=32x64x128_fc_dims=256_seed2
/scratch/sb272/patterns5k_results/slurm_base_cnn_2026-03-06_09-50-40/trial_0056_learning_rate=5.0e-03_kernel_sizes=3x3x3_conv_channels=128x128x128_fc_dims=256_seed0,cnn,0.16882631063461304,0.1308685121175219,0.02167547316778274,,,0.13925452940527597,164799,164799,32,0.47002808972774957,0,True,0.45456832695830385,0.27194347273617686,1,0.31855225563049316,0.13140587508678436,0,"[3, 3, 3]","[128, 128, 128]",[256],6918118,bc12u27n3,379.9,trial_0056_learning_rate=5.0e-03_kernel_sizes=3x3x3_conv_channels=128x128x128_fc_dims=256_seed0,d632e3b6fd,trial_0056_learning_rate=5.0e-03_kernel_sizes=3x3x3_conv_channels=128x128x128_fc_dims=256_seed0
/scratch/sb272/patterns5k_results/slurm_base_cnn_2026-03-06_09-50-40/trial_0056_learning_rate=5.0e-03_kernel_sizes=3x3x3_conv_channels=128x128x128_fc_dims=256_seed1,cnn,0.16881143260002135,0.130827356834717,0.020218606033022442,,,0.13614770325334713,164799,164799,26,0.45328711512907716,0,True,0.45456832695830385,0.2683055457947371,1,0.31855225563049316,0.13096673786640167,0,"[3, 3, 3]","[128, 128, 128]",[256],6918118,bc12u27n3,343.5,trial_0056_learning_rate=5.0e-03_kernel_sizes=3x3x3_conv_channels=128x128x128_fc_dims=256_seed1,d632e3b6fd,trial_0056_learning_rate=5.0e-03_kernel_sizes=3x3x3_conv_channels=128x128x128_fc_dims=256_seed1
/scratch/sb272/patterns5k_results/slurm_base_cnn_2026-03-06_09-50-40/trial_0056_learning_rate=5.0e-03_kernel_sizes=3x3x3_conv_channels=128x128x128_fc_dims=256_seed2,cnn,0.16867421650886535,0.13366066806205562,0.021653646514529272,,,0.1316101507261388,164799,164799,33,0.49435183084386675,0,True,0.45456832695830385,0.2867799834062576,2,0.31855225563049316,0.13442778587341309,0,"[3, 3, 3]","[128, 128, 128]",[256],6918118,bc12u27n3,396.0,trial_0056_learning_rate=5.0e-03_kernel_sizes=3x3x3_conv_channels=128x128x128_fc_dims=256_seed2,d632e3b6fd,trial_0056_learning_rate=5.0e-03_kernel_sizes=3x3x3_conv_channels=128x128x128_fc_dims=256_seed2
/scratch/sb272/patterns5k_results/slurm_base_cnn_2026-03-06_09-50-40/trial_0057_learning_rate=5.0e-03_kernel_sizes=3x3x3_conv_channels=128x128x128_fc_dims=512_seed0,cnn,0.16861448097229004,0.13214369601048676,0.021208235195704868,,,0.13893781658155016,213951,213951,24,0.47961065043084494,0,True,0.45456832695830385,0.2774873352699503,1,0.31855225563049316,0.13314060866832733,0,"[3, 3, 3]","[128, 128, 128]",[512],6918118,bc12u27n3,424.2,trial_0057_learning_rate=5.0e-03_kernel_sizes=3x3x3_conv_channels=128x128x128_fc_dims=512_seed0,81a2cf953f,trial_0057_learning_rate=5.0e-03_kernel_sizes=3x3x3_conv_channels=128x128x128_fc_dims=512_seed0
/scratch/sb272/patterns5k_results/slurm_base_cnn_2026-03-06_09-50-40/trial_0057_learning_rate=5.0e-03_kernel_sizes=3x3x3_conv_channels=128x128x128_fc_dims=512_seed1,cnn,0.1687611664533615,0.13313160723421633,0.02121092118914165,,,0.140810694358796,213951,213951,33,0.47981985033394714,0,True,0.45456832695830385,0.2818650080522703,0,0.31855225563049316,0.13405276834964752,0,"[3, 3, 3]","[128, 128, 128]",[512],6918118,bc12u27n3,504.5,trial_0057_learning_rate=5.0e-03_kernel_sizes=3x3x3_conv_channels=128x128x128_fc_dims=512_seed1,81a2cf953f,trial_0057_learning_rate=5.0e-03_kernel_sizes=3x3x3_conv_channels=128x128x128_fc_dims=512_seed1
/scratch/sb272/patterns5k_results/slurm_base_cnn_2026-03-06_09-50-40/trial_0057_learning_rate=5.0e-03_kernel_sizes=3x3x3_conv_channels=128x128x128_fc_dims=512_seed2,cnn,0.1691089005470276,0.1318373386579941,0.019241746455904037,,,0.13320376703681633,213951,213951,32,0.46144434502820675,0,True,0.45456832695830385,0.269748347762323,2,0.31855225563049316,0.1326018124818802,0,"[3, 3, 3]","[128, 128, 128]",[512],6918118,bc12u27n3,499.4,trial_0057_learning_rate=5.0e-03_kernel_sizes=3x3x3_conv_channels=128x128x128_fc_dims=512_seed2,81a2cf953f,trial_0057_learning_rate=5.0e-03_kernel_sizes=3x3x3_conv_channels=128x128x128_fc_dims=512_seed2
/scratch/sb272/patterns5k_results/slurm_base_cnn_2026-03-06_09-50-40/trial_0058_learning_rate=5.0e-03_kernel_sizes=3x3x3_conv_channels=256x256x256_fc_dims=512_seed0,cnn,0.16914575254917144,0.1329218492539657,0.019217117438240658,,,0.13549643628422745,591679,591679,24,0.47585550984091657,0,True,0.45456832695830385,0.27707476739315706,1,0.31855225563049316,0.13335837423801422,0,"[3, 3, 3]","[256, 256, 256]",[512],6918118,bc12u27n3,606.5,trial_0058_learning_rate=5.0e-03_kernel_sizes=3x3x3_conv_channels=256x256x256_fc_dims=512_seed0,11a7f9f083,trial_0058_learning_rate=5.0e-03_kernel_sizes=3x3x3_conv_channels=256x256x256_fc_dims=512_seed0
/scratch/sb272/patterns5k_results/slurm_base_cnn_2026-03-06_09-50-40/trial_0058_learning_rate=5.0e-03_kernel_sizes=3x3x3_conv_channels=256x256x256_fc_dims=512_seed1,cnn,0.16927586913108825,0.1290610189599074,0.02054873440000746,,,0.1355851365073929,591679,591679,26,0.4539298992765771,0,True,0.45456832695830385,0.26654719209465294,1,0.31855225563049316,0.1293897032737732,0,"[3, 3, 3]","[256, 256, 256]",[512],6918118,bc12u27n3,634.2,trial_0058_learning_rate=5.0e-03_kernel_sizes=3x3x3_conv_channels=256x256x256_fc_dims=512_seed1,11a7f9f083,trial_0058_learning_rate=5.0e-03_kernel_sizes=3x3x3_conv_channels=256x256x256_fc_dims=512_seed1
/scratch/sb272/patterns5k_results/slurm_base_cnn_2026-03-06_09-50-40/trial_0058_learning_rate=5.0e-03_kernel_sizes=3x3x3_conv_channels=256x256x256_fc_dims=512_seed2,cnn,0.1691085011959076,0.12968609561613648,0.02028068947413611,,,0.1282960909073311,591679,591679,23,0.4587966801300929,0,True,0.45456832695830385,0.27039211163659377,1,0.31855225563049316,0.13047608733177185,0,"[3, 3, 3]","[256, 256, 256]",[512],6918118,bc12u27n3,595.7,trial_0058_learning_rate=5.0e-03_kernel_sizes=3x3x3_conv_channels=256x256x256_fc_dims=512_seed2,11a7f9f083,trial_0058_learning_rate=5.0e-03_kernel_sizes=3x3x3_conv_channels=256x256x256_fc_dims=512_seed2
/scratch/sb272/patterns5k_results/slurm_base_cnn_2026-03-06_09-50-40/trial_0059_learning_rate=5.0e-03_kernel_sizes=3x3x3_conv_channels=256x256x256_fc_dims=1024_seed0,cnn,0.16879477500915527,0.13026655763680878,0.019924383314829024,,,0.13494557039781763,755519,755519,23,0.4607975902151767,0,True,0.45456832695830385,0.2671473449000873,0,0.31855225563049316,0.1306174099445343,0,"[3, 3, 3]","[256, 256, 256]",[1024],6918118,bc12u27n3,669.2,trial_0059_learning_rate=5.0e-03_kernel_sizes=3x3x3_conv_channels=256x256x256_fc_dims=1024_seed0,bd4bd30a6f,trial_0059_learning_rate=5.0e-03_kernel_sizes=3x3x3_conv_channels=256x256x256_fc_dims=1024_seed0
/scratch/sb272/patterns5k_results/slurm_base_cnn_2026-03-06_09-50-40/trial_0059_learning_rate=5.0e-03_kernel_sizes=3x3x3_conv_channels=256x256x256_fc_dims=1024_seed1,cnn,0.1686700383424759,0.13206897624084127,0.020821122896103633,,,0.13813930954970657,755519,755519,24,0.48487089590100096,0,True,0.45456832695830385,0.2825780005094352,1,0.31855225563049316,0.13314923644065857,0,"[3, 3, 3]","[256, 256, 256]",[1024],6918118,bc12u27n3,616.2,trial_0059_learning_rate=5.0e-03_kernel_sizes=3x3x3_conv_channels=256x256x256_fc_dims=1024_seed1,bd4bd30a6f,trial_0059_learning_rate=5.0e-03_kernel_sizes=3x3x3_conv_channels=256x256x256_fc_dims=1024_seed1
/scratch/sb272/patterns5k_results/slurm_base_cnn_2026-03-06_09-50-40/trial_0059_learning_rate=5.0e-03_kernel_sizes=3x3x3_conv_channels=256x256x256_fc_dims=1024_seed2,cnn,0.16876740074157714,0.13384167435647926,0.02165254335554819,,,0.13153459482655394,755519,755519,24,0.4945169326906693,0,True,0.45456832695830385,0.2853132584009831,2,0.31855225563049316,0.13468141853809357,0,"[3, 3, 3]","[256, 256, 256]",[1024],6918118,bc12u27n3,560.0,trial_0059_learning_rate=5.0e-03_kernel_sizes=3x3x3_conv_channels=256x256x256_fc_dims=1024_seed2,bd4bd30a6f,trial_0059_learning_rate=5.0e-03_kernel_sizes=3x3x3_conv_channels=256x256x256_fc_dims=1024_seed2
/scratch/sb272/patterns5k_results/slurm_base_cnn_2026-03-06_09-50-40/trial_0060_learning_rate=5.0e-03_kernel_sizes=3x3x3_conv_channels=32x64x128_fc_dims=128_seed0,cnn,0.16799550449848175,0.13539190015444552,0.02287605641380189,,,0.13942427242007324,60063,60063,50,0.484274554831222,0,True,0.45456832695830385,0.28074029447749355,2,0.31855225563049316,0.13625048100948334,0,"[3, 3, 3]","[32, 64, 128]",[128],6918118,bc12u27n3,382.4,trial_0060_learning_rate=5.0e-03_kernel_sizes=3x3x3_conv_channels=32x64x128_fc_dims=128_seed0,391704a5b6,trial_0060_learning_rate=5.0e-03_kernel_sizes=3x3x3_conv_channels=32x64x128_fc_dims=128_seed0
/scratch/sb272/patterns5k_results/slurm_base_cnn_2026-03-06_09-50-40/trial_0060_learning_rate=5.0e-03_kernel_sizes=3x3x3_conv_channels=32x64x128_fc_dims=128_seed1,cnn,0.16800039887428284,0.13543451970827725,0.022618987257518465,,,0.14073580842208946,60063,60063,50,0.4742207220219901,0,True,0.45456832695830385,0.2777467231533324,1,0.31855225563049316,0.13636749982833862,0,"[3, 3, 3]","[32, 64, 128]",[128],6918118,bc12u27n3,378.5,trial_0060_learning_rate=5.0e-03_kernel_sizes=3x3x3_conv_channels=32x64x128_fc_dims=128_seed1,391704a5b6,trial_0060_learning_rate=5.0e-03_kernel_sizes=3x3x3_conv_channels=32x64x128_fc_dims=128_seed1
/scratch/sb272/patterns5k_results/slurm_base_cnn_2026-03-06_09-50-40/trial_0060_learning_rate=5.0e-03_kernel_sizes=3x3x3_conv_channels=32x64x128_fc_dims=128_seed2,cnn,0.16825112438201903,0.132671316840589,0.02157463062377203,,,0.13327978898355228,60063,60063,50,0.4720259059138131,0,True,0.45456832695830385,0.27400306067428304,1,0.31855225563049316,0.13366590440273285,0,"[3, 3, 3]","[32, 64, 128]",[128],6918118,bc12u27n3,384.5,trial_0060_learning_rate=5.0e-03_kernel_sizes=3x3x3_conv_channels=32x64x128_fc_dims=128_seed2,391704a5b6,trial_0060_learning_rate=5.0e-03_kernel_sizes=3x3x3_conv_channels=32x64x128_fc_dims=128_seed2
/scratch/sb272/patterns5k_results/slurm_base_cnn_2026-03-06_09-50-40/trial_0061_learning_rate=5.0e-03_kernel_sizes=3x3x3_conv_channels=32x64x128_fc_dims=256_seed0,cnn,0.16796181643009186,0.1381591744882771,0.023501697986844986,,,0.14398586980625477,84639,84639,50,0.47929188829114483,0,True,0.45456832695830385,0.27913935921377325,2,0.31855225563049316,0.13895383477210999,0,"[3, 3, 3]","[32, 64, 128]",[256],6918118,bc12u27n3,402.5,trial_0061_learning_rate=5.0e-03_kernel_sizes=3x3x3_conv_channels=32x64x128_fc_dims=256_seed0,0534624f31,trial_0061_learning_rate=5.0e-03_kernel_sizes=3x3x3_conv_channels=32x64x128_fc_dims=256_seed0
/scratch/sb272/patterns5k_results/slurm_base_cnn_2026-03-06_09-50-40/trial_0061_learning_rate=5.0e-03_kernel_sizes=3x3x3_conv_channels=32x64x128_fc_dims=256_seed1,cnn,0.16786525201797486,0.13793285296194957,0.02391961169621301,,,0.14650184865678448,84639,84639,50,0.47822850223664626,0,True,0.45456832695830385,0.2784132251686607,1,0.31855225563049316,0.13906148076057434,0,"[3, 3, 3]","[32, 64, 128]",[256],6918118,bc12u27n3,402.6,trial_0061_learning_rate=5.0e-03_kernel_sizes=3x3x3_conv_channels=32x64x128_fc_dims=256_seed1,0534624f31,trial_0061_learning_rate=5.0e-03_kernel_sizes=3x3x3_conv_channels=32x64x128_fc_dims=256_seed1
/scratch/sb272/patterns5k_results/slurm_base_cnn_2026-03-06_09-50-40/trial_0061_learning_rate=5.0e-03_kernel_sizes=3x3x3_conv_channels=32x64x128_fc_dims=256_seed2,cnn,0.1678753273487091,0.13771517133670275,0.023596565874796065,,,0.1364545871268991,84639,84639,50,0.48951775829213245,0,True,0.45456832695830385,0.284736216998617,2,0.31855225563049316,0.13900858163833618,0,"[3, 3, 3]","[32, 64, 128]",[256],6918118,bc12u27n3,401.6,trial_0061_learning_rate=5.0e-03_kernel_sizes=3x3x3_conv_channels=32x64x128_fc_dims=256_seed2,0534624f31,trial_0061_learning_rate=5.0e-03_kernel_sizes=3x3x3_conv_channels=32x64x128_fc_dims=256_seed2
/scratch/sb272/patterns5k_results/slurm_base_cnn_2026-03-06_09-50-40/trial_0062_learning_rate=5.0e-03_kernel_sizes=3x3x3_conv_channels=128x128x128_fc_dims=256_seed0,cnn,0.16947947740554808,0.13041968215530256,0.017411707885681638,,,0.13547117250306318,164799,164799,31,0.4468046934188984,0,True,0.45456832695830385,0.2620783223885505,0,0.31855225563049316,0.13139593601226807,0,"[3, 3, 3]","[128, 128, 128]",[256],6918118,bc12u27n3,371.4,trial_0062_learning_rate=5.0e-03_kernel_sizes=3x3x3_conv_channels=128x128x128_fc_dims=256_seed0,5a3db91fd7,trial_0062_learning_rate=5.0e-03_kernel_sizes=3x3x3_conv_channels=128x128x128_fc_dims=256_seed0
/scratch/sb272/patterns5k_results/slurm_base_cnn_2026-03-06_09-50-40/trial_0062_learning_rate=5.0e-03_kernel_sizes=3x3x3_conv_channels=128x128x128_fc_dims=256_seed1,cnn,0.1689566867351532,0.1290955424125171,0.019740236183953663,,,0.1361499621868174,164799,164799,29,0.4716043552217724,0,True,0.45456832695830385,0.27433403491444563,2,0.31855225563049316,0.13051481544971466,0,"[3, 3, 3]","[128, 128, 128]",[256],6918118,bc12u27n3,362.1,trial_0062_learning_rate=5.0e-03_kernel_sizes=3x3x3_conv_channels=128x128x128_fc_dims=256_seed1,5a3db91fd7,trial_0062_learning_rate=5.0e-03_kernel_sizes=3x3x3_conv_channels=128x128x128_fc_dims=256_seed1
/scratch/sb272/patterns5k_results/slurm_base_cnn_2026-03-06_09-50-40/trial_0062_learning_rate=5.0e-03_kernel_sizes=3x3x3_conv_channels=128x128x128_fc_dims=256_seed2,cnn,0.1684455851316452,0.13469084573866785,0.021370519721318804,,,0.13254863700767866,164799,164799,28,0.4696335390157122,0,True,0.45456832695830385,0.2722169517983647,2,0.31855225563049316,0.13529035449028015,0,"[3, 3, 3]","[128, 128, 128]",[256],6918118,bc12u27n3,357.0,trial_0062_learning_rate=5.0e-03_kernel_sizes=3x3x3_conv_channels=128x128x128_fc_dims=256_seed2,5a3db91fd7,trial_0062_learning_rate=5.0e-03_kernel_sizes=3x3x3_conv_channels=128x128x128_fc_dims=256_seed2
/scratch/sb272/patterns5k_results/slurm_base_cnn_2026-03-06_09-50-40/trial_0063_learning_rate=5.0e-03_kernel_sizes=3x3x3_conv_channels=128x128x128_fc_dims=512_seed0,cnn,0.1686756570339203,0.13287362564819205,0.02150064328360179,,,0.14010522362262903,213951,213951,29,0.4788962701198488,0,True,0.45456832695830385,0.27703841818787084,2,0.31855225563049316,0.13362503051757812,0,"[3, 3, 3]","[128, 128, 128]",[512],6918118,bc12u27n3,385.3,trial_0063_learning_rate=5.0e-03_kernel_sizes=3x3x3_conv_channels=128x128x128_fc_dims=512_seed0,f455268a36,trial_0063_learning_rate=5.0e-03_kernel_sizes=3x3x3_conv_channels=128x128x128_fc_dims=512_seed0
/scratch/sb272/patterns5k_results/slurm_base_cnn_2026-03-06_09-50-40/trial_0063_learning_rate=5.0e-03_kernel_sizes=3x3x3_conv_channels=128x128x128_fc_dims=512_seed1,cnn,0.1682865309715271,0.13388011895203056,0.02092204869739593,,,0.13918320945836865,213951,213951,24,0.478855868925287,0,True,0.45456832695830385,0.2801329205106549,1,0.31855225563049316,0.13436467945575714,0,"[3, 3, 3]","[128, 128, 128]",[512],6918118,bc12u27n3,353.5,trial_0063_learning_rate=5.0e-03_kernel_sizes=3x3x3_conv_channels=128x128x128_fc_dims=512_seed1,f455268a36,trial_0063_learning_rate=5.0e-03_kernel_sizes=3x3x3_conv_channels=128x128x128_fc_dims=512_seed1
/scratch/sb272/patterns5k_results/slurm_base_cnn_2026-03-06_09-50-40/trial_0063_learning_rate=5.0e-03_kernel_sizes=3x3x3_conv_channels=128x128x128_fc_dims=512_seed2,cnn,0.16854356682300567,0.13258748391793723,0.020619293053944904,,,0.13414125016054046,213951,213951,30,0.47707283926726624,0,True,0.45456832695830385,0.2801413765707795,1,0.31855225563049316,0.1332840770483017,0,"[3, 3, 3]","[128, 128, 128]",[512],6918118,bc12u27n3,412.1,trial_0063_learning_rate=5.0e-03_kernel_sizes=3x3x3_conv_channels=128x128x128_fc_dims=512_seed2,f455268a36,trial_0063_learning_rate=5.0e-03_kernel_sizes=3x3x3_conv_channels=128x128x128_fc_dims=512_seed2
/scratch/sb272/patterns5k_results/slurm_base_cnn_2026-03-06_09-50-40/trial_0064_learning_rate=5.0e-03_kernel_sizes=3x3x3_conv_channels=256x256x256_fc_dims=512_seed0,cnn,0.16898789989948274,0.13049600431067535,0.019795791497306217,,,0.13499325572610912,591679,591679,22,0.4745880281059331,0,True,0.45456832695830385,0.2752731828026837,1,0.31855225563049316,0.13109365105628967,0,"[3, 3, 3]","[256, 256, 256]",[512],6918118,bc12u27n3,484.2,trial_0064_learning_rate=5.0e-03_kernel_sizes=3x3x3_conv_channels=256x256x256_fc_dims=512_seed0,3bdd24cc04,trial_0064_learning_rate=5.0e-03_kernel_sizes=3x3x3_conv_channels=256x256x256_fc_dims=512_seed0
/scratch/sb272/patterns5k_results/slurm_base_cnn_2026-03-06_09-50-40/trial_0064_learning_rate=5.0e-03_kernel_sizes=3x3x3_conv_channels=256x256x256_fc_dims=512_seed1,cnn,0.16911464548110963,0.1289906590285712,0.019665888377598355,,,0.13731595296410912,591679,591679,24,0.42899731301845023,0,True,0.45456832695830385,0.2529964286290726,0,0.31855225563049316,0.12973330914974213,0,"[3, 3, 3]","[256, 256, 256]",[512],6918118,bc12u27n3,511.1,trial_0064_learning_rate=5.0e-03_kernel_sizes=3x3x3_conv_channels=256x256x256_fc_dims=512_seed1,3bdd24cc04,trial_0064_learning_rate=5.0e-03_kernel_sizes=3x3x3_conv_channels=256x256x256_fc_dims=512_seed1
/scratch/sb272/patterns5k_results/slurm_base_cnn_2026-03-06_09-50-40/trial_0064_learning_rate=5.0e-03_kernel_sizes=3x3x3_conv_channels=256x256x256_fc_dims=512_seed2,cnn,0.1689022969007492,0.1320985851697494,0.019613110829913426,,,0.13073544277839594,591679,591679,24,0.48320336470665537,0,True,0.45456832695830385,0.28181876704574793,1,0.31855225563049316,0.13234449923038483,0,"[3, 3, 3]","[256, 256, 256]",[512],6918118,bc12u27n3,508.3,trial_0064_learning_rate=5.0e-03_kernel_sizes=3x3x3_conv_channels=256x256x256_fc_dims=512_seed2,3bdd24cc04,trial_0064_learning_rate=5.0e-03_kernel_sizes=3x3x3_conv_channels=256x256x256_fc_dims=512_seed2
/scratch/sb272/patterns5k_results/slurm_base_cnn_2026-03-06_09-50-40/trial_0065_learning_rate=5.0e-03_kernel_sizes=3x3x3_conv_channels=256x256x256_fc_dims=1024_seed0,cnn,0.16881093978881836,0.13399387684414732,0.021540932239048065,,,0.1357300984173693,755519,755519,23,0.48150979983593617,0,True,0.45456832695830385,0.28105013665239376,1,0.31855225563049316,0.13556650280952454,0,"[3, 3, 3]","[256, 256, 256]",[1024],6918118,bc12u27n3,564.7,trial_0065_learning_rate=5.0e-03_kernel_sizes=3x3x3_conv_channels=256x256x256_fc_dims=1024_seed0,58fddd8d70,trial_0065_learning_rate=5.0e-03_kernel_sizes=3x3x3_conv_channels=256x256x256_fc_dims=1024_seed0
/scratch/sb272/patterns5k_results/slurm_base_cnn_2026-03-06_09-50-40/trial_0065_learning_rate=5.0e-03_kernel_sizes=3x3x3_conv_channels=256x256x256_fc_dims=1024_seed1,cnn,0.1687281643152237,0.13339465858866656,0.020612546375819614,,,0.1385520861681617,755519,755519,23,0.49809120480977903,0,True,0.45456832695830385,0.2888642157370322,1,0.31855225563049316,0.13453024625778198,0,"[3, 3, 3]","[256, 256, 256]",[1024],6918118,bc12u27n3,558.1,trial_0065_learning_rate=5.0e-03_kernel_sizes=3x3x3_conv_channels=256x256x256_fc_dims=1024_seed1,58fddd8d70,trial_0065_learning_rate=5.0e-03_kernel_sizes=3x3x3_conv_channels=256x256x256_fc_dims=1024_seed1
/scratch/sb272/patterns5k_results/slurm_base_cnn_2026-03-06_09-50-40/trial_0065_learning_rate=5.0e-03_kernel_sizes=3x3x3_conv_channels=256x256x256_fc_dims=1024_seed2,cnn,0.16901845288276673,0.13242516847099,0.020297806414346847,,,0.13316336384776217,755519,755519,26,0.46423475414751414,0,True,0.45456832695830385,0.27375381564147144,0,0.31855225563049316,0.1325387805700302,0,"[3, 3, 3]","[256, 256, 256]",[1024],6918118,bc12u27n3,596.2,trial_0065_learning_rate=5.0e-03_kernel_sizes=3x3x3_conv_channels=256x256x256_fc_dims=1024_seed2,58fddd8d70,trial_0065_learning_rate=5.0e-03_kernel_sizes=3x3x3_conv_channels=256x256x256_fc_dims=1024_seed2
/scratch/sb272/patterns5k_results/slurm_base_cnn_2026-03-06_09-50-40/trial_0066_learning_rate=5.0e-03_kernel_sizes=3x3x3_conv_channels=32x64x128_fc_dims=128_seed0,cnn,0.16837655103206634,0.13276542824309326,0.0212562396412804,,,0.13949375165278774,60063,60063,50,0.4673488301701092,0,True,0.45456832695830385,0.2731625151661755,1,0.31855225563049316,0.13363248109817505,0,"[3, 3, 3]","[32, 64, 128]",[128],6918118,bc12u27n3,399.2,trial_0066_learning_rate=5.0e-03_kernel_sizes=3x3x3_conv_channels=32x64x128_fc_dims=128_seed0,97f06ef70a,trial_0066_learning_rate=5.0e-03_kernel_sizes=3x3x3_conv_channels=32x64x128_fc_dims=128_seed0
/scratch/sb272/patterns5k_results/slurm_base_cnn_2026-03-06_09-50-40/trial_0066_learning_rate=5.0e-03_kernel_sizes=3x3x3_conv_channels=32x64x128_fc_dims=128_seed1,cnn,0.16830398440361022,0.1316917012463848,0.020738436116112605,,,0.1409782152368495,60063,60063,50,0.46712140439907424,0,True,0.45456832695830385,0.2733050282872952,1,0.31855225563049316,0.13274738192558289,0,"[3, 3, 3]","[32, 64, 128]",[128],6918118,bc12u27n3,399.0,trial_0066_learning_rate=5.0e-03_kernel_sizes=3x3x3_conv_channels=32x64x128_fc_dims=128_seed1,97f06ef70a,trial_0066_learning_rate=5.0e-03_kernel_sizes=3x3x3_conv_channels=32x64x128_fc_dims=128_seed1
/scratch/sb272/patterns5k_results/slurm_base_cnn_2026-03-06_09-50-40/trial_0066_learning_rate=5.0e-03_kernel_sizes=3x3x3_conv_channels=32x64x128_fc_dims=128_seed2,cnn,0.16855838930606842,0.13198200451311576,0.02100426715517801,,,0.13206804512466092,60063,60063,50,0.4669120286038039,0,True,0.45456832695830385,0.271553561958963,1,0.31855225563049316,0.1330319344997406,0,"[3, 3, 3]","[32, 64, 128]",[128],6918074,bc12u29n1,397.8,trial_0066_learning_rate=5.0e-03_kernel_sizes=3x3x3_conv_channels=32x64x128_fc_dims=128_seed2,97f06ef70a,trial_0066_learning_rate=5.0e-03_kernel_sizes=3x3x3_conv_channels=32x64x128_fc_dims=128_seed2
/scratch/sb272/patterns5k_results/slurm_base_cnn_2026-03-06_09-50-40/trial_0067_learning_rate=5.0e-03_kernel_sizes=3x3x3_conv_channels=32x64x128_fc_dims=256_seed0,cnn,0.16762478363513947,0.1397304580601171,0.02359559517058115,,,0.14312595315749968,84639,84639,50,0.49654168545314914,0,True,0.45456832695830385,0.28714369880770246,1,0.31855225563049316,0.14058004319667816,0,"[3, 3, 3]","[32, 64, 128]",[256],6918074,bc12u29n1,389.6,trial_0067_learning_rate=5.0e-03_kernel_sizes=3x3x3_conv_channels=32x64x128_fc_dims=256_seed0,4b73c0b10a,trial_0067_learning_rate=5.0e-03_kernel_sizes=3x3x3_conv_channels=32x64x128_fc_dims=256_seed0
/scratch/sb272/patterns5k_results/slurm_base_cnn_2026-03-06_09-50-40/trial_0067_learning_rate=5.0e-03_kernel_sizes=3x3x3_conv_channels=32x64x128_fc_dims=256_seed1,cnn,0.16796987354755402,0.13772855608394682,0.022662312265426393,,,0.14464357648028728,84639,84639,50,0.48149202913419736,0,True,0.45456832695830385,0.2796852783917408,1,0.31855225563049316,0.13847140967845917,0,"[3, 3, 3]","[32, 64, 128]",[256],6918074,bc12u29n1,390.1,trial_0067_learning_rate=5.0e-03_kernel_sizes=3x3x3_conv_channels=32x64x128_fc_dims=256_seed1,4b73c0b10a,trial_0067_learning_rate=5.0e-03_kernel_sizes=3x3x3_conv_channels=32x64x128_fc_dims=256_seed1
/scratch/sb272/patterns5k_results/slurm_base_cnn_2026-03-06_09-50-40/trial_0067_learning_rate=5.0e-03_kernel_sizes=3x3x3_conv_channels=32x64x128_fc_dims=256_seed2,cnn,0.16780310499668122,0.13882688917075295,0.023529216410621764,,,0.13631856999444386,84639,84639,50,0.5135650456861748,0,True,0.45456832695830385,0.2977930112707494,1,0.31855225563049316,0.14022643864154816,0,"[3, 3, 3]","[32, 64, 128]",[256],6918074,bc12u29n1,388.5,trial_0067_learning_rate=5.0e-03_kernel_sizes=3x3x3_conv_channels=32x64x128_fc_dims=256_seed2,4b73c0b10a,trial_0067_learning_rate=5.0e-03_kernel_sizes=3x3x3_conv_channels=32x64x128_fc_dims=256_seed2
/scratch/sb272/patterns5k_results/slurm_base_cnn_2026-03-06_09-50-40/trial_0068_learning_rate=5.0e-03_kernel_sizes=3x3x3_conv_channels=128x128x128_fc_dims=256_seed0,cnn,0.16903058755397796,0.1302129011206251,0.018914190549699086,,,0.13649001927961332,164799,164799,34,0.4365725763972835,0,True,0.45456832695830385,0.2548199443853589,1,0.31855225563049316,0.13007913529872894,0,"[3, 3, 3]","[128, 128, 128]",[256],6918074,bc12u29n1,376.6,trial_0068_learning_rate=5.0e-03_kernel_sizes=3x3x3_conv_channels=128x128x128_fc_dims=256_seed0,0ad5dd3960,trial_0068_learning_rate=5.0e-03_kernel_sizes=3x3x3_conv_channels=128x128x128_fc_dims=256_seed0
/scratch/sb272/patterns5k_results/slurm_base_cnn_2026-03-06_09-50-40/trial_0068_learning_rate=5.0e-03_kernel_sizes=3x3x3_conv_channels=128x128x128_fc_dims=256_seed1,cnn,0.16887459862232207,0.13209720048954296,0.0191443713884505,,,0.13799535374589547,164799,164799,38,0.4540593211111993,0,True,0.45456832695830385,0.26594548316077,0,0.31855225563049316,0.13235880434513092,0,"[3, 3, 3]","[128, 128, 128]",[256],6918074,bc12u29n1,392.9,trial_0068_learning_rate=5.0e-03_kernel_sizes=3x3x3_conv_channels=128x128x128_fc_dims=256_seed1,0ad5dd3960,trial_0068_learning_rate=5.0e-03_kernel_sizes=3x3x3_conv_channels=128x128x128_fc_dims=256_seed1
/scratch/sb272/patterns5k_results/slurm_base_cnn_2026-03-06_09-50-40/trial_0068_learning_rate=5.0e-03_kernel_sizes=3x3x3_conv_channels=128x128x128_fc_dims=256_seed2,cnn,0.16883447360992432,0.1301635077023399,0.0207459983371553,,,0.13142375183667215,164799,164799,31,0.4979929546142548,0,True,0.45456832695830385,0.2875148599038046,1,0.31855225563049316,0.13130833208560944,0,"[3, 3, 3]","[128, 128, 128]",[256],6918074,bc12u29n1,359.7,trial_0068_learning_rate=5.0e-03_kernel_sizes=3x3x3_conv_channels=128x128x128_fc_dims=256_seed2,0ad5dd3960,trial_0068_learning_rate=5.0e-03_kernel_sizes=3x3x3_conv_channels=128x128x128_fc_dims=256_seed2
/scratch/sb272/patterns5k_results/slurm_base_cnn_2026-03-06_09-50-40/trial_0069_learning_rate=5.0e-03_kernel_sizes=3x3x3_conv_channels=128x128x128_fc_dims=512_seed0,cnn,0.16819573259353637,0.1368049242933769,0.023352695835961237,,,0.13906487145886695,213951,213951,33,0.5103389554805792,0,True,0.45456832695830385,0.29814310667849137,1,0.31855225563049316,0.13800230622291565,0,"[3, 3, 3]","[128, 128, 128]",[512],6918074,bc12u29n1,392.0,trial_0069_learning_rate=5.0e-03_kernel_sizes=3x3x3_conv_channels=128x128x128_fc_dims=512_seed0,73bd3f444b,trial_0069_learning_rate=5.0e-03_kernel_sizes=3x3x3_conv_channels=128x128x128_fc_dims=512_seed0
/scratch/sb272/patterns5k_results/slurm_base_cnn_2026-03-06_09-50-40/trial_0069_learning_rate=5.0e-03_kernel_sizes=3x3x3_conv_channels=128x128x128_fc_dims=512_seed1,cnn,0.1685171490907669,0.1329959474191483,0.020884790117778475,,,0.1411352404159625,213951,213951,25,0.49491324995471875,0,True,0.45456832695830385,0.2880503339751733,1,0.31855225563049316,0.13441309332847595,0,"[3, 3, 3]","[128, 128, 128]",[512],6918074,bc12u29n1,353.3,trial_0069_learning_rate=5.0e-03_kernel_sizes=3x3x3_conv_channels=128x128x128_fc_dims=512_seed1,73bd3f444b,trial_0069_learning_rate=5.0e-03_kernel_sizes=3x3x3_conv_channels=128x128x128_fc_dims=512_seed1
/scratch/sb272/patterns5k_results/slurm_base_cnn_2026-03-06_09-50-40/trial_0069_learning_rate=5.0e-03_kernel_sizes=3x3x3_conv_channels=128x128x128_fc_dims=512_seed2,cnn,0.16861055088043214,0.1341567632977741,0.021045832406906856,,,0.13527994467812463,213951,213951,37,0.4800547265628444,0,True,0.45456832695830385,0.2811988464193736,0,0.31855225563049316,0.13485126197338104,0,"[3, 3, 3]","[128, 128, 128]",[512],6918074,bc12u29n1,427.8,trial_0069_learning_rate=5.0e-03_kernel_sizes=3x3x3_conv_channels=128x128x128_fc_dims=512_seed2,73bd3f444b,trial_0069_learning_rate=5.0e-03_kernel_sizes=3x3x3_conv_channels=128x128x128_fc_dims=512_seed2
/scratch/sb272/patterns5k_results/slurm_base_cnn_2026-03-06_09-50-40/trial_0070_learning_rate=5.0e-03_kernel_sizes=3x3x3_conv_channels=256x256x256_fc_dims=512_seed0,cnn,0.1689164057970047,0.13291650946183517,0.020886386197710795,,,0.13502210231776376,591679,591679,22,0.4668061441965277,0,True,0.45456832695830385,0.27110022641018444,1,0.31855225563049316,0.13355490565299988,0,"[3, 3, 3]","[256, 256, 256]",[512],6918074,bc12u29n1,449.1,trial_0070_learning_rate=5.0e-03_kernel_sizes=3x3x3_conv_channels=256x256x256_fc_dims=512_seed0,6e385ab8c0,trial_0070_learning_rate=5.0e-03_kernel_sizes=3x3x3_conv_channels=256x256x256_fc_dims=512_seed0
/scratch/sb272/patterns5k_results/slurm_base_cnn_2026-03-06_09-50-40/trial_0070_learning_rate=5.0e-03_kernel_sizes=3x3x3_conv_channels=256x256x256_fc_dims=512_seed1,cnn,0.16869274389743805,0.13200501305447485,0.01967841008352855,,,0.1375239112424195,591679,591679,23,0.46036673271683043,0,True,0.45456832695830385,0.27113393337827074,1,0.31855225563049316,0.13288043439388275,0,"[3, 3, 3]","[256, 256, 256]",[512],6918074,bc12u29n1,466.9,trial_0070_learning_rate=5.0e-03_kernel_sizes=3x3x3_conv_channels=256x256x256_fc_dims=512_seed1,6e385ab8c0,trial_0070_learning_rate=5.0e-03_kernel_sizes=3x3x3_conv_channels=256x256x256_fc_dims=512_seed1
/scratch/sb272/patterns5k_results/slurm_base_cnn_2026-03-06_09-50-40/trial_0070_learning_rate=5.0e-03_kernel_sizes=3x3x3_conv_channels=256x256x256_fc_dims=512_seed2,cnn,0.1688372424840927,0.13263291099734226,0.019896944363911945,,,0.1309299940046049,591679,591679,23,0.45781057857811136,0,True,0.45456832695830385,0.26937251068483203,1,0.31855225563049316,0.1332855075597763,0,"[3, 3, 3]","[256, 256, 256]",[512],6918074,bc12u29n1,461.3,trial_0070_learning_rate=5.0e-03_kernel_sizes=3x3x3_conv_channels=256x256x256_fc_dims=512_seed2,6e385ab8c0,trial_0070_learning_rate=5.0e-03_kernel_sizes=3x3x3_conv_channels=256x256x256_fc_dims=512_seed2
/scratch/sb272/patterns5k_results/slurm_base_cnn_2026-03-06_09-50-40/trial_0071_learning_rate=5.0e-03_kernel_sizes=3x3x3_conv_channels=256x256x256_fc_dims=1024_seed0,cnn,0.16888750636577607,0.13325797840811265,0.01984164071461511,,,0.1381497904852471,755519,755519,24,0.4971093517435311,0,True,0.45456832695830385,0.288829102986522,1,0.31855225563049316,0.1342538595199585,0,"[3, 3, 3]","[256, 256, 256]",[1024],6918074,bc12u29n1,536.1,trial_0071_learning_rate=5.0e-03_kernel_sizes=3x3x3_conv_channels=256x256x256_fc_dims=1024_seed0,a8faa639cf,trial_0071_learning_rate=5.0e-03_kernel_sizes=3x3x3_conv_channels=256x256x256_fc_dims=1024_seed0
/scratch/sb272/patterns5k_results/slurm_base_cnn_2026-03-06_09-50-40/trial_0071_learning_rate=5.0e-03_kernel_sizes=3x3x3_conv_channels=256x256x256_fc_dims=1024_seed1,cnn,0.1685192061662674,0.1349422073558921,0.021795920909397186,,,0.13852014004033092,755519,755519,22,0.4666221119722073,0,True,0.45456832695830385,0.2762366637411258,1,0.31855225563049316,0.13591565191745758,0,"[3, 3, 3]","[256, 256, 256]",[1024],6918074,bc12u29n1,514.5,trial_0071_learning_rate=5.0e-03_kernel_sizes=3x3x3_conv_channels=256x256x256_fc_dims=1024_seed1,a8faa639cf,trial_0071_learning_rate=5.0e-03_kernel_sizes=3x3x3_conv_channels=256x256x256_fc_dims=1024_seed1
/scratch/sb272/patterns5k_results/slurm_base_cnn_2026-03-06_09-50-40/trial_0071_learning_rate=5.0e-03_kernel_sizes=3x3x3_conv_channels=256x256x256_fc_dims=1024_seed2,cnn,0.16876814210414887,0.13442347044806563,0.019825309988052126,,,0.13325439030079775,755519,755519,25,0.4943663710727831,0,True,0.45456832695830385,0.290714467843616,1,0.31855225563049316,0.135726660490036,0,"[3, 3, 3]","[256, 256, 256]",[1024],6918074,bc12u29n1,544.6,trial_0071_learning_rate=5.0e-03_kernel_sizes=3x3x3_conv_channels=256x256x256_fc_dims=1024_seed2,a8faa639cf,trial_0071_learning_rate=5.0e-03_kernel_sizes=3x3x3_conv_channels=256x256x256_fc_dims=1024_seed2
