2026-05-11 18:45:53,376 - INFO - Sweep: local_arch_full  (local, grid)
2026-05-11 18:45:53,376 - INFO - Configs: 378  x  10 seeds  =  3780 trials
2026-05-11 18:45:53,376 - INFO - GPUs: [0, 1]
2026-05-11 18:45:53,376 - INFO - Output: results/local_local_arch_full_2026-05-11_18-45-53
2026-05-11 18:45:55,129 - INFO - To run: 3780 trials
2026-05-11 18:47:29,602 - INFO - BinnedStimSpikeDataset initialized:
2026-05-11 18:47:29,602 - INFO -   input_bin_size_ms=10, output_bin_size_ms=10
2026-05-11 18:47:29,602 - INFO -   n_input_bins=66, n_output_bins=66
2026-05-11 18:47:29,602 - INFO -   output_offset=0, total_bins_input=66, total_bins_output=66
2026-05-11 18:47:29,602 - INFO -   Valid start positions per trial: 0 to 0
2026-05-11 18:47:29,602 - INFO -   Total samples: 3000 (3000 trials × 1 positions)
2026-05-11 18:47:29,754 - INFO - BinnedStimSpikeDataset initialized:
2026-05-11 18:47:29,754 - INFO -   input_bin_size_ms=10, output_bin_size_ms=10
2026-05-11 18:47:29,754 - INFO -   n_input_bins=66, n_output_bins=66
2026-05-11 18:47:29,754 - INFO -   output_offset=0, total_bins_input=66, total_bins_output=66
2026-05-11 18:47:29,754 - INFO -   Valid start positions per trial: 0 to 0
2026-05-11 18:47:29,754 - INFO -   Total samples: 3000 (3000 trials × 1 positions)
2026-05-11 18:47:48,282 - INFO - BinnedStimSpikeDataset initialized:
2026-05-11 18:47:48,282 - INFO -   input_bin_size_ms=10, output_bin_size_ms=10
2026-05-11 18:47:48,282 - INFO -   n_input_bins=66, n_output_bins=66
2026-05-11 18:47:48,282 - INFO -   output_offset=0, total_bins_input=66, total_bins_output=66
2026-05-11 18:47:48,282 - INFO -   Valid start positions per trial: 0 to 0
2026-05-11 18:47:48,282 - INFO -   Total samples: 1000 (1000 trials × 1 positions)
2026-05-11 18:47:48,507 - INFO - BinnedStimSpikeDataset initialized:
2026-05-11 18:47:48,507 - INFO -   input_bin_size_ms=10, output_bin_size_ms=10
2026-05-11 18:47:48,507 - INFO -   n_input_bins=66, n_output_bins=66
2026-05-11 18:47:48,507 - INFO -   output_offset=0, total_bins_input=66, total_bins_output=66
2026-05-11 18:47:48,507 - INFO -   Valid start positions per trial: 0 to 0
2026-05-11 18:47:48,507 - INFO -   Total samples: 1000 (1000 trials × 1 positions)
2026-05-11 18:47:56,407 - INFO - [1/3780] gpu1  trial_0000_lr=3.0e-04_weight_decay=0_kernel_sizes=10x7_conv_channels=256x256_fc_dims=256_seed1  completed  (121.2s)
2026-05-11 18:47:56,674 - INFO - [2/3780] gpu0  trial_0000_lr=3.0e-04_weight_decay=0_kernel_sizes=10x7_conv_channels=256x256_fc_dims=256_seed0  completed  (121.5s)
2026-05-11 18:48:03,694 - INFO - [3/3780] gpu1  trial_0000_lr=3.0e-04_weight_decay=0_kernel_sizes=10x7_conv_channels=256x256_fc_dims=256_seed3  completed  (7.3s)
2026-05-11 18:48:04,051 - INFO - [4/3780] gpu0  trial_0000_lr=3.0e-04_weight_decay=0_kernel_sizes=10x7_conv_channels=256x256_fc_dims=256_seed2  completed  (7.4s)
2026-05-11 18:48:10,989 - INFO - [5/3780] gpu1  trial_0000_lr=3.0e-04_weight_decay=0_kernel_sizes=10x7_conv_channels=256x256_fc_dims=256_seed5  completed  (7.3s)
2026-05-11 18:48:11,447 - INFO - [6/3780] gpu0  trial_0000_lr=3.0e-04_weight_decay=0_kernel_sizes=10x7_conv_channels=256x256_fc_dims=256_seed4  completed  (7.4s)
2026-05-11 18:48:18,301 - INFO - [7/3780] gpu1  trial_0000_lr=3.0e-04_weight_decay=0_kernel_sizes=10x7_conv_channels=256x256_fc_dims=256_seed7  completed  (7.3s)
2026-05-11 18:48:18,851 - INFO - [8/3780] gpu0  trial_0000_lr=3.0e-04_weight_decay=0_kernel_sizes=10x7_conv_channels=256x256_fc_dims=256_seed6  completed  (7.4s)
2026-05-11 18:48:25,713 - INFO - [9/3780] gpu1  trial_0000_lr=3.0e-04_weight_decay=0_kernel_sizes=10x7_conv_channels=256x256_fc_dims=256_seed9  completed  (7.4s)
2026-05-11 18:48:26,090 - INFO - [10/3780] gpu0  trial_0000_lr=3.0e-04_weight_decay=0_kernel_sizes=10x7_conv_channels=256x256_fc_dims=256_seed8  completed  (7.2s)
2026-05-11 18:48:32,900 - INFO - [11/3780] gpu1  trial_0001_lr=3.0e-04_weight_decay=1.0e-05_kernel_sizes=10x7_conv_channels=256x256_fc_dims=256_seed1  completed  (7.2s)
2026-05-11 18:48:33,435 - INFO - [12/3780] gpu0  trial_0001_lr=3.0e-04_weight_decay=1.0e-05_kernel_sizes=10x7_conv_channels=256x256_fc_dims=256_seed0  completed  (7.3s)
2026-05-11 18:48:40,269 - INFO - [13/3780] gpu1  trial_0001_lr=3.0e-04_weight_decay=1.0e-05_kernel_sizes=10x7_conv_channels=256x256_fc_dims=256_seed3  completed  (7.4s)
2026-05-11 18:48:40,707 - INFO - [14/3780] gpu0  trial_0001_lr=3.0e-04_weight_decay=1.0e-05_kernel_sizes=10x7_conv_channels=256x256_fc_dims=256_seed2  completed  (7.3s)
2026-05-11 18:48:47,521 - INFO - [15/3780] gpu1  trial_0001_lr=3.0e-04_weight_decay=1.0e-05_kernel_sizes=10x7_conv_channels=256x256_fc_dims=256_seed5  completed  (7.2s)
2026-05-11 18:48:48,163 - INFO - [16/3780] gpu0  trial_0001_lr=3.0e-04_weight_decay=1.0e-05_kernel_sizes=10x7_conv_channels=256x256_fc_dims=256_seed4  completed  (7.5s)
2026-05-11 18:48:54,814 - INFO - [17/3780] gpu1  trial_0001_lr=3.0e-04_weight_decay=1.0e-05_kernel_sizes=10x7_conv_channels=256x256_fc_dims=256_seed7  completed  (7.3s)
2026-05-11 18:48:55,539 - INFO - [18/3780] gpu0  trial_0001_lr=3.0e-04_weight_decay=1.0e-05_kernel_sizes=10x7_conv_channels=256x256_fc_dims=256_seed6  completed  (7.4s)
2026-05-11 18:49:02,184 - INFO - [19/3780] gpu1  trial_0001_lr=3.0e-04_weight_decay=1.0e-05_kernel_sizes=10x7_conv_channels=256x256_fc_dims=256_seed9  completed  (7.4s)
2026-05-11 18:49:02,932 - INFO - [20/3780] gpu0  trial_0001_lr=3.0e-04_weight_decay=1.0e-05_kernel_sizes=10x7_conv_channels=256x256_fc_dims=256_seed8  completed  (7.4s)
2026-05-11 18:49:09,517 - INFO - [21/3780] gpu1  trial_0002_lr=3.0e-04_weight_decay=1.0e-04_kernel_sizes=10x7_conv_channels=256x256_fc_dims=256_seed1  completed  (7.3s)
2026-05-11 18:49:10,393 - INFO - [22/3780] gpu0  trial_0002_lr=3.0e-04_weight_decay=1.0e-04_kernel_sizes=10x7_conv_channels=256x256_fc_dims=256_seed0  completed  (7.5s)
2026-05-11 18:49:16,882 - INFO - [23/3780] gpu1  trial_0002_lr=3.0e-04_weight_decay=1.0e-04_kernel_sizes=10x7_conv_channels=256x256_fc_dims=256_seed3  completed  (7.4s)
2026-05-11 18:49:17,759 - INFO - [24/3780] gpu0  trial_0002_lr=3.0e-04_weight_decay=1.0e-04_kernel_sizes=10x7_conv_channels=256x256_fc_dims=256_seed2  completed  (7.4s)
2026-05-11 18:49:24,347 - INFO - [25/3780] gpu1  trial_0002_lr=3.0e-04_weight_decay=1.0e-04_kernel_sizes=10x7_conv_channels=256x256_fc_dims=256_seed5  completed  (7.5s)
2026-05-11 18:49:25,235 - INFO - [26/3780] gpu0  trial_0002_lr=3.0e-04_weight_decay=1.0e-04_kernel_sizes=10x7_conv_channels=256x256_fc_dims=256_seed4  completed  (7.5s)
2026-05-11 18:49:31,718 - INFO - [27/3780] gpu1  trial_0002_lr=3.0e-04_weight_decay=1.0e-04_kernel_sizes=10x7_conv_channels=256x256_fc_dims=256_seed7  completed  (7.4s)
2026-05-11 18:49:32,579 - INFO - [28/3780] gpu0  trial_0002_lr=3.0e-04_weight_decay=1.0e-04_kernel_sizes=10x7_conv_channels=256x256_fc_dims=256_seed6  completed  (7.3s)
2026-05-11 18:49:39,290 - INFO - [29/3780] gpu1  trial_0002_lr=3.0e-04_weight_decay=1.0e-04_kernel_sizes=10x7_conv_channels=256x256_fc_dims=256_seed9  completed  (7.6s)
2026-05-11 18:49:39,864 - INFO - [30/3780] gpu0  trial_0002_lr=3.0e-04_weight_decay=1.0e-04_kernel_sizes=10x7_conv_channels=256x256_fc_dims=256_seed8  completed  (7.3s)
2026-05-11 18:49:46,701 - INFO - [31/3780] gpu1  trial_0003_lr=1.0e-03_weight_decay=0_kernel_sizes=10x7_conv_channels=256x256_fc_dims=256_seed1  completed  (7.4s)
2026-05-11 18:49:47,137 - INFO - [32/3780] gpu0  trial_0003_lr=1.0e-03_weight_decay=0_kernel_sizes=10x7_conv_channels=256x256_fc_dims=256_seed0  completed  (7.3s)
2026-05-11 18:49:54,182 - INFO - [33/3780] gpu1  trial_0003_lr=1.0e-03_weight_decay=0_kernel_sizes=10x7_conv_channels=256x256_fc_dims=256_seed3  completed  (7.5s)
2026-05-11 18:49:54,318 - INFO - [34/3780] gpu0  trial_0003_lr=1.0e-03_weight_decay=0_kernel_sizes=10x7_conv_channels=256x256_fc_dims=256_seed2  completed  (7.2s)
2026-05-11 18:50:01,565 - INFO - [35/3780] gpu1  trial_0003_lr=1.0e-03_weight_decay=0_kernel_sizes=10x7_conv_channels=256x256_fc_dims=256_seed5  completed  (7.4s)
2026-05-11 18:50:01,725 - INFO - [36/3780] gpu0  trial_0003_lr=1.0e-03_weight_decay=0_kernel_sizes=10x7_conv_channels=256x256_fc_dims=256_seed4  completed  (7.4s)
2026-05-11 18:50:08,934 - INFO - [37/3780] gpu1  trial_0003_lr=1.0e-03_weight_decay=0_kernel_sizes=10x7_conv_channels=256x256_fc_dims=256_seed7  completed  (7.4s)
2026-05-11 18:50:09,202 - INFO - [38/3780] gpu0  trial_0003_lr=1.0e-03_weight_decay=0_kernel_sizes=10x7_conv_channels=256x256_fc_dims=256_seed6  completed  (7.5s)
2026-05-11 18:50:16,410 - INFO - [39/3780] gpu1  trial_0003_lr=1.0e-03_weight_decay=0_kernel_sizes=10x7_conv_channels=256x256_fc_dims=256_seed9  completed  (7.5s)
2026-05-11 18:50:16,512 - INFO - [40/3780] gpu0  trial_0003_lr=1.0e-03_weight_decay=0_kernel_sizes=10x7_conv_channels=256x256_fc_dims=256_seed8  completed  (7.3s)
2026-05-11 18:50:23,766 - INFO - [41/3780] gpu1  trial_0004_lr=1.0e-03_weight_decay=1.0e-05_kernel_sizes=10x7_conv_channels=256x256_fc_dims=256_seed1  completed  (7.4s)
2026-05-11 18:50:23,980 - INFO - [42/3780] gpu0  trial_0004_lr=1.0e-03_weight_decay=1.0e-05_kernel_sizes=10x7_conv_channels=256x256_fc_dims=256_seed0  completed  (7.5s)
2026-05-11 18:50:31,155 - INFO - [43/3780] gpu1  trial_0004_lr=1.0e-03_weight_decay=1.0e-05_kernel_sizes=10x7_conv_channels=256x256_fc_dims=256_seed3  completed  (7.4s)
2026-05-11 18:50:31,434 - INFO - [44/3780] gpu0  trial_0004_lr=1.0e-03_weight_decay=1.0e-05_kernel_sizes=10x7_conv_channels=256x256_fc_dims=256_seed2  completed  (7.5s)
2026-05-11 18:50:38,668 - INFO - [45/3780] gpu1  trial_0004_lr=1.0e-03_weight_decay=1.0e-05_kernel_sizes=10x7_conv_channels=256x256_fc_dims=256_seed5  completed  (7.5s)
2026-05-11 18:50:38,864 - INFO - [46/3780] gpu0  trial_0004_lr=1.0e-03_weight_decay=1.0e-05_kernel_sizes=10x7_conv_channels=256x256_fc_dims=256_seed4  completed  (7.4s)
2026-05-11 18:50:46,121 - INFO - [47/3780] gpu1  trial_0004_lr=1.0e-03_weight_decay=1.0e-05_kernel_sizes=10x7_conv_channels=256x256_fc_dims=256_seed7  completed  (7.5s)
2026-05-11 18:50:46,274 - INFO - [48/3780] gpu0  trial_0004_lr=1.0e-03_weight_decay=1.0e-05_kernel_sizes=10x7_conv_channels=256x256_fc_dims=256_seed6  completed  (7.4s)
2026-05-11 18:50:53,438 - INFO - [49/3780] gpu1  trial_0004_lr=1.0e-03_weight_decay=1.0e-05_kernel_sizes=10x7_conv_channels=256x256_fc_dims=256_seed9  completed  (7.3s)
2026-05-11 18:50:53,720 - INFO - [50/3780] gpu0  trial_0004_lr=1.0e-03_weight_decay=1.0e-05_kernel_sizes=10x7_conv_channels=256x256_fc_dims=256_seed8  completed  (7.4s)
2026-05-11 18:51:00,890 - INFO - [51/3780] gpu1  trial_0005_lr=1.0e-03_weight_decay=1.0e-04_kernel_sizes=10x7_conv_channels=256x256_fc_dims=256_seed1  completed  (7.5s)
2026-05-11 18:51:01,293 - INFO - [52/3780] gpu0  trial_0005_lr=1.0e-03_weight_decay=1.0e-04_kernel_sizes=10x7_conv_channels=256x256_fc_dims=256_seed0  completed  (7.6s)
2026-05-11 18:51:08,185 - INFO - [53/3780] gpu1  trial_0005_lr=1.0e-03_weight_decay=1.0e-04_kernel_sizes=10x7_conv_channels=256x256_fc_dims=256_seed3  completed  (7.3s)
2026-05-11 18:51:08,947 - INFO - [54/3780] gpu0  trial_0005_lr=1.0e-03_weight_decay=1.0e-04_kernel_sizes=10x7_conv_channels=256x256_fc_dims=256_seed2  completed  (7.7s)
2026-05-11 18:51:15,458 - INFO - [55/3780] gpu1  trial_0005_lr=1.0e-03_weight_decay=1.0e-04_kernel_sizes=10x7_conv_channels=256x256_fc_dims=256_seed5  completed  (7.3s)
2026-05-11 18:51:16,495 - INFO - [56/3780] gpu0  trial_0005_lr=1.0e-03_weight_decay=1.0e-04_kernel_sizes=10x7_conv_channels=256x256_fc_dims=256_seed4  completed  (7.5s)
2026-05-11 18:51:22,858 - INFO - [57/3780] gpu1  trial_0005_lr=1.0e-03_weight_decay=1.0e-04_kernel_sizes=10x7_conv_channels=256x256_fc_dims=256_seed7  completed  (7.4s)
2026-05-11 18:51:24,001 - INFO - [58/3780] gpu0  trial_0005_lr=1.0e-03_weight_decay=1.0e-04_kernel_sizes=10x7_conv_channels=256x256_fc_dims=256_seed6  completed  (7.5s)
2026-05-11 18:51:30,163 - INFO - [59/3780] gpu1  trial_0005_lr=1.0e-03_weight_decay=1.0e-04_kernel_sizes=10x7_conv_channels=256x256_fc_dims=256_seed9  completed  (7.3s)
2026-05-11 18:51:31,599 - INFO - [60/3780] gpu0  trial_0005_lr=1.0e-03_weight_decay=1.0e-04_kernel_sizes=10x7_conv_channels=256x256_fc_dims=256_seed8  completed  (7.6s)
2026-05-11 18:51:37,501 - INFO - [61/3780] gpu1  trial_0006_lr=3.0e-03_weight_decay=0_kernel_sizes=10x7_conv_channels=256x256_fc_dims=256_seed1  completed  (7.3s)
2026-05-11 18:51:39,225 - INFO - [62/3780] gpu0  trial_0006_lr=3.0e-03_weight_decay=0_kernel_sizes=10x7_conv_channels=256x256_fc_dims=256_seed0  completed  (7.6s)
2026-05-11 18:51:44,772 - INFO - [63/3780] gpu1  trial_0006_lr=3.0e-03_weight_decay=0_kernel_sizes=10x7_conv_channels=256x256_fc_dims=256_seed3  completed  (7.3s)
2026-05-11 18:51:46,777 - INFO - [64/3780] gpu0  trial_0006_lr=3.0e-03_weight_decay=0_kernel_sizes=10x7_conv_channels=256x256_fc_dims=256_seed2  completed  (7.5s)
2026-05-11 18:51:52,224 - INFO - [65/3780] gpu1  trial_0006_lr=3.0e-03_weight_decay=0_kernel_sizes=10x7_conv_channels=256x256_fc_dims=256_seed5  completed  (7.5s)
2026-05-11 18:51:54,331 - INFO - [66/3780] gpu0  trial_0006_lr=3.0e-03_weight_decay=0_kernel_sizes=10x7_conv_channels=256x256_fc_dims=256_seed4  completed  (7.6s)
2026-05-11 18:51:59,736 - INFO - [67/3780] gpu1  trial_0006_lr=3.0e-03_weight_decay=0_kernel_sizes=10x7_conv_channels=256x256_fc_dims=256_seed7  completed  (7.5s)
2026-05-11 18:52:01,896 - INFO - [68/3780] gpu0  trial_0006_lr=3.0e-03_weight_decay=0_kernel_sizes=10x7_conv_channels=256x256_fc_dims=256_seed6  completed  (7.6s)
2026-05-11 18:52:07,094 - INFO - [69/3780] gpu1  trial_0006_lr=3.0e-03_weight_decay=0_kernel_sizes=10x7_conv_channels=256x256_fc_dims=256_seed9  completed  (7.4s)
2026-05-11 18:52:09,261 - INFO - [70/3780] gpu0  trial_0006_lr=3.0e-03_weight_decay=0_kernel_sizes=10x7_conv_channels=256x256_fc_dims=256_seed8  completed  (7.4s)
2026-05-11 18:52:14,529 - INFO - [71/3780] gpu1  trial_0007_lr=3.0e-03_weight_decay=1.0e-05_kernel_sizes=10x7_conv_channels=256x256_fc_dims=256_seed1  completed  (7.4s)
2026-05-11 18:52:16,796 - INFO - [72/3780] gpu0  trial_0007_lr=3.0e-03_weight_decay=1.0e-05_kernel_sizes=10x7_conv_channels=256x256_fc_dims=256_seed0  completed  (7.5s)
2026-05-11 18:52:22,039 - INFO - [73/3780] gpu1  trial_0007_lr=3.0e-03_weight_decay=1.0e-05_kernel_sizes=10x7_conv_channels=256x256_fc_dims=256_seed3  completed  (7.5s)
2026-05-11 18:52:24,096 - INFO - [74/3780] gpu0  trial_0007_lr=3.0e-03_weight_decay=1.0e-05_kernel_sizes=10x7_conv_channels=256x256_fc_dims=256_seed2  completed  (7.3s)
2026-05-11 18:52:29,543 - INFO - [75/3780] gpu1  trial_0007_lr=3.0e-03_weight_decay=1.0e-05_kernel_sizes=10x7_conv_channels=256x256_fc_dims=256_seed5  completed  (7.5s)
2026-05-11 18:52:31,516 - INFO - [76/3780] gpu0  trial_0007_lr=3.0e-03_weight_decay=1.0e-05_kernel_sizes=10x7_conv_channels=256x256_fc_dims=256_seed4  completed  (7.4s)
2026-05-11 18:52:36,973 - INFO - [77/3780] gpu1  trial_0007_lr=3.0e-03_weight_decay=1.0e-05_kernel_sizes=10x7_conv_channels=256x256_fc_dims=256_seed7  completed  (7.4s)
2026-05-11 18:52:39,084 - INFO - [78/3780] gpu0  trial_0007_lr=3.0e-03_weight_decay=1.0e-05_kernel_sizes=10x7_conv_channels=256x256_fc_dims=256_seed6  completed  (7.6s)
2026-05-11 18:52:44,354 - INFO - [79/3780] gpu1  trial_0007_lr=3.0e-03_weight_decay=1.0e-05_kernel_sizes=10x7_conv_channels=256x256_fc_dims=256_seed9  completed  (7.4s)
2026-05-11 18:52:46,583 - INFO - [80/3780] gpu0  trial_0007_lr=3.0e-03_weight_decay=1.0e-05_kernel_sizes=10x7_conv_channels=256x256_fc_dims=256_seed8  completed  (7.5s)
2026-05-11 18:52:51,808 - INFO - [81/3780] gpu1  trial_0008_lr=3.0e-03_weight_decay=1.0e-04_kernel_sizes=10x7_conv_channels=256x256_fc_dims=256_seed1  completed  (7.5s)
2026-05-11 18:52:53,961 - INFO - [82/3780] gpu0  trial_0008_lr=3.0e-03_weight_decay=1.0e-04_kernel_sizes=10x7_conv_channels=256x256_fc_dims=256_seed0  completed  (7.4s)
2026-05-11 18:52:59,335 - INFO - [83/3780] gpu1  trial_0008_lr=3.0e-03_weight_decay=1.0e-04_kernel_sizes=10x7_conv_channels=256x256_fc_dims=256_seed3  completed  (7.5s)
2026-05-11 18:53:01,344 - INFO - [84/3780] gpu0  trial_0008_lr=3.0e-03_weight_decay=1.0e-04_kernel_sizes=10x7_conv_channels=256x256_fc_dims=256_seed2  completed  (7.4s)
2026-05-11 18:53:06,812 - INFO - [85/3780] gpu1  trial_0008_lr=3.0e-03_weight_decay=1.0e-04_kernel_sizes=10x7_conv_channels=256x256_fc_dims=256_seed5  completed  (7.5s)
2026-05-11 18:53:08,705 - INFO - [86/3780] gpu0  trial_0008_lr=3.0e-03_weight_decay=1.0e-04_kernel_sizes=10x7_conv_channels=256x256_fc_dims=256_seed4  completed  (7.4s)
2026-05-11 18:53:12,071 - INFO - [87/3780] gpu0  trial_0008_lr=3.0e-03_weight_decay=1.0e-04_kernel_sizes=10x7_conv_channels=256x256_fc_dims=256_seed6  completed  (3.4s)
2026-05-11 18:53:14,208 - INFO - [88/3780] gpu1  trial_0008_lr=3.0e-03_weight_decay=1.0e-04_kernel_sizes=10x7_conv_channels=256x256_fc_dims=256_seed7  completed  (7.4s)
2026-05-11 18:53:15,329 - INFO - [89/3780] gpu0  trial_0008_lr=3.0e-03_weight_decay=1.0e-04_kernel_sizes=10x7_conv_channels=256x256_fc_dims=256_seed8  completed  (3.3s)
2026-05-11 18:53:18,607 - INFO - [90/3780] gpu0  trial_0009_lr=3.0e-04_weight_decay=0_kernel_sizes=10x7_conv_channels=256x256_fc_dims=512_seed0  completed  (3.3s)
2026-05-11 18:53:20,591 - INFO - [91/3780] gpu1  trial_0008_lr=3.0e-03_weight_decay=1.0e-04_kernel_sizes=10x7_conv_channels=256x256_fc_dims=256_seed9  completed  (6.4s)
2026-05-11 18:53:26,220 - INFO - [92/3780] gpu0  trial_0009_lr=3.0e-04_weight_decay=0_kernel_sizes=10x7_conv_channels=256x256_fc_dims=512_seed2  completed  (7.6s)
2026-05-11 18:53:28,324 - INFO - [93/3780] gpu1  trial_0009_lr=3.0e-04_weight_decay=0_kernel_sizes=10x7_conv_channels=256x256_fc_dims=512_seed1  completed  (7.7s)
2026-05-11 18:53:33,800 - INFO - [94/3780] gpu0  trial_0009_lr=3.0e-04_weight_decay=0_kernel_sizes=10x7_conv_channels=256x256_fc_dims=512_seed4  completed  (7.6s)
2026-05-11 18:53:35,768 - INFO - [95/3780] gpu1  trial_0009_lr=3.0e-04_weight_decay=0_kernel_sizes=10x7_conv_channels=256x256_fc_dims=512_seed3  completed  (7.4s)
2026-05-11 18:53:41,343 - INFO - [96/3780] gpu0  trial_0009_lr=3.0e-04_weight_decay=0_kernel_sizes=10x7_conv_channels=256x256_fc_dims=512_seed6  completed  (7.5s)
2026-05-11 18:53:43,528 - INFO - [97/3780] gpu1  trial_0009_lr=3.0e-04_weight_decay=0_kernel_sizes=10x7_conv_channels=256x256_fc_dims=512_seed5  completed  (7.8s)
2026-05-11 18:53:49,003 - INFO - [98/3780] gpu0  trial_0009_lr=3.0e-04_weight_decay=0_kernel_sizes=10x7_conv_channels=256x256_fc_dims=512_seed8  completed  (7.7s)
2026-05-11 18:53:51,133 - INFO - [99/3780] gpu1  trial_0009_lr=3.0e-04_weight_decay=0_kernel_sizes=10x7_conv_channels=256x256_fc_dims=512_seed7  completed  (7.6s)
2026-05-11 18:53:52,208 - INFO - [100/3780] gpu0  trial_0010_lr=3.0e-04_weight_decay=1.0e-05_kernel_sizes=10x7_conv_channels=256x256_fc_dims=512_seed0  completed  (3.2s)
2026-05-11 18:53:58,856 - INFO - [101/3780] gpu1  trial_0009_lr=3.0e-04_weight_decay=0_kernel_sizes=10x7_conv_channels=256x256_fc_dims=512_seed9  completed  (7.7s)
2026-05-11 18:53:59,873 - INFO - [102/3780] gpu0  trial_0010_lr=3.0e-04_weight_decay=1.0e-05_kernel_sizes=10x7_conv_channels=256x256_fc_dims=512_seed2  completed  (7.7s)
2026-05-11 18:54:06,322 - INFO - [103/3780] gpu1  trial_0010_lr=3.0e-04_weight_decay=1.0e-05_kernel_sizes=10x7_conv_channels=256x256_fc_dims=512_seed1  completed  (7.5s)
2026-05-11 18:54:07,353 - INFO - [104/3780] gpu0  trial_0010_lr=3.0e-04_weight_decay=1.0e-05_kernel_sizes=10x7_conv_channels=256x256_fc_dims=512_seed4  completed  (7.5s)
2026-05-11 18:54:14,081 - INFO - [105/3780] gpu1  trial_0010_lr=3.0e-04_weight_decay=1.0e-05_kernel_sizes=10x7_conv_channels=256x256_fc_dims=512_seed3  completed  (7.8s)
2026-05-11 18:54:15,195 - INFO - [106/3780] gpu0  trial_0010_lr=3.0e-04_weight_decay=1.0e-05_kernel_sizes=10x7_conv_channels=256x256_fc_dims=512_seed6  completed  (7.8s)
2026-05-11 18:54:21,700 - INFO - [107/3780] gpu1  trial_0010_lr=3.0e-04_weight_decay=1.0e-05_kernel_sizes=10x7_conv_channels=256x256_fc_dims=512_seed5  completed  (7.6s)
2026-05-11 18:54:22,955 - INFO - [108/3780] gpu0  trial_0010_lr=3.0e-04_weight_decay=1.0e-05_kernel_sizes=10x7_conv_channels=256x256_fc_dims=512_seed8  completed  (7.8s)
2026-05-11 18:54:29,488 - INFO - [109/3780] gpu1  trial_0010_lr=3.0e-04_weight_decay=1.0e-05_kernel_sizes=10x7_conv_channels=256x256_fc_dims=512_seed7  completed  (7.8s)
2026-05-11 18:54:30,664 - INFO - [110/3780] gpu0  trial_0011_lr=3.0e-04_weight_decay=1.0e-04_kernel_sizes=10x7_conv_channels=256x256_fc_dims=512_seed0  completed  (7.7s)
2026-05-11 18:54:37,120 - INFO - [111/3780] gpu1  trial_0010_lr=3.0e-04_weight_decay=1.0e-05_kernel_sizes=10x7_conv_channels=256x256_fc_dims=512_seed9  completed  (7.6s)
2026-05-11 18:54:38,353 - INFO - [112/3780] gpu0  trial_0011_lr=3.0e-04_weight_decay=1.0e-04_kernel_sizes=10x7_conv_channels=256x256_fc_dims=512_seed2  completed  (7.7s)
2026-05-11 18:54:44,827 - INFO - [113/3780] gpu1  trial_0011_lr=3.0e-04_weight_decay=1.0e-04_kernel_sizes=10x7_conv_channels=256x256_fc_dims=512_seed1  completed  (7.7s)
2026-05-11 18:54:46,121 - INFO - [114/3780] gpu0  trial_0011_lr=3.0e-04_weight_decay=1.0e-04_kernel_sizes=10x7_conv_channels=256x256_fc_dims=512_seed4  completed  (7.8s)
2026-05-11 18:54:52,399 - INFO - [115/3780] gpu1  trial_0011_lr=3.0e-04_weight_decay=1.0e-04_kernel_sizes=10x7_conv_channels=256x256_fc_dims=512_seed3  completed  (7.6s)
2026-05-11 18:54:53,920 - INFO - [116/3780] gpu0  trial_0011_lr=3.0e-04_weight_decay=1.0e-04_kernel_sizes=10x7_conv_channels=256x256_fc_dims=512_seed6  completed  (7.8s)
2026-05-11 18:55:00,123 - INFO - [117/3780] gpu1  trial_0011_lr=3.0e-04_weight_decay=1.0e-04_kernel_sizes=10x7_conv_channels=256x256_fc_dims=512_seed5  completed  (7.7s)
2026-05-11 18:55:01,543 - INFO - [118/3780] gpu0  trial_0011_lr=3.0e-04_weight_decay=1.0e-04_kernel_sizes=10x7_conv_channels=256x256_fc_dims=512_seed8  completed  (7.6s)
2026-05-11 18:55:03,949 - INFO - [119/3780] gpu0  trial_0012_lr=1.0e-03_weight_decay=0_kernel_sizes=10x7_conv_channels=256x256_fc_dims=512_seed0  completed  (2.4s)
2026-05-11 18:55:06,351 - INFO - [120/3780] gpu0  trial_0012_lr=1.0e-03_weight_decay=0_kernel_sizes=10x7_conv_channels=256x256_fc_dims=512_seed2  completed  (2.4s)
2026-05-11 18:55:07,556 - INFO - [121/3780] gpu1  trial_0011_lr=3.0e-04_weight_decay=1.0e-04_kernel_sizes=10x7_conv_channels=256x256_fc_dims=512_seed7  completed  (7.4s)
2026-05-11 18:55:08,657 - INFO - [122/3780] gpu0  trial_0012_lr=1.0e-03_weight_decay=0_kernel_sizes=10x7_conv_channels=256x256_fc_dims=512_seed4  completed  (2.3s)
2026-05-11 18:55:15,070 - INFO - [123/3780] gpu1  trial_0011_lr=3.0e-04_weight_decay=1.0e-04_kernel_sizes=10x7_conv_channels=256x256_fc_dims=512_seed9  completed  (7.5s)
2026-05-11 18:55:16,288 - INFO - [124/3780] gpu0  trial_0012_lr=1.0e-03_weight_decay=0_kernel_sizes=10x7_conv_channels=256x256_fc_dims=512_seed6  completed  (7.6s)
2026-05-11 18:55:17,372 - INFO - [125/3780] gpu1  trial_0012_lr=1.0e-03_weight_decay=0_kernel_sizes=10x7_conv_channels=256x256_fc_dims=512_seed1  completed  (2.3s)
2026-05-11 18:55:19,690 - INFO - [126/3780] gpu1  trial_0012_lr=1.0e-03_weight_decay=0_kernel_sizes=10x7_conv_channels=256x256_fc_dims=512_seed3  completed  (2.3s)
2026-05-11 18:55:23,894 - INFO - [127/3780] gpu0  trial_0012_lr=1.0e-03_weight_decay=0_kernel_sizes=10x7_conv_channels=256x256_fc_dims=512_seed8  completed  (7.6s)
2026-05-11 18:55:26,261 - INFO - [128/3780] gpu0  trial_0013_lr=1.0e-03_weight_decay=1.0e-05_kernel_sizes=10x7_conv_channels=256x256_fc_dims=512_seed0  completed  (2.4s)
2026-05-11 18:55:27,302 - INFO - [129/3780] gpu1  trial_0012_lr=1.0e-03_weight_decay=0_kernel_sizes=10x7_conv_channels=256x256_fc_dims=512_seed5  completed  (7.6s)
2026-05-11 18:55:28,604 - INFO - [130/3780] gpu0  trial_0013_lr=1.0e-03_weight_decay=1.0e-05_kernel_sizes=10x7_conv_channels=256x256_fc_dims=512_seed2  completed  (2.3s)
2026-05-11 18:55:30,983 - INFO - [131/3780] gpu0  trial_0013_lr=1.0e-03_weight_decay=1.0e-05_kernel_sizes=10x7_conv_channels=256x256_fc_dims=512_seed4  completed  (2.4s)
2026-05-11 18:55:34,861 - INFO - [132/3780] gpu1  trial_0012_lr=1.0e-03_weight_decay=0_kernel_sizes=10x7_conv_channels=256x256_fc_dims=512_seed7  completed  (7.6s)
2026-05-11 18:55:37,199 - INFO - [133/3780] gpu1  trial_0012_lr=1.0e-03_weight_decay=0_kernel_sizes=10x7_conv_channels=256x256_fc_dims=512_seed9  completed  (2.3s)
2026-05-11 18:55:38,681 - INFO - [134/3780] gpu0  trial_0013_lr=1.0e-03_weight_decay=1.0e-05_kernel_sizes=10x7_conv_channels=256x256_fc_dims=512_seed6  completed  (7.7s)
2026-05-11 18:55:39,475 - INFO - [135/3780] gpu1  trial_0013_lr=1.0e-03_weight_decay=1.0e-05_kernel_sizes=10x7_conv_channels=256x256_fc_dims=512_seed1  completed  (2.3s)
2026-05-11 18:55:41,830 - INFO - [136/3780] gpu1  trial_0013_lr=1.0e-03_weight_decay=1.0e-05_kernel_sizes=10x7_conv_channels=256x256_fc_dims=512_seed3  completed  (2.4s)
2026-05-11 18:55:46,364 - INFO - [137/3780] gpu0  trial_0013_lr=1.0e-03_weight_decay=1.0e-05_kernel_sizes=10x7_conv_channels=256x256_fc_dims=512_seed8  completed  (7.7s)
2026-05-11 18:55:48,777 - INFO - [138/3780] gpu0  trial_0014_lr=1.0e-03_weight_decay=1.0e-04_kernel_sizes=10x7_conv_channels=256x256_fc_dims=512_seed0  completed  (2.4s)
2026-05-11 18:55:49,356 - INFO - [139/3780] gpu1  trial_0013_lr=1.0e-03_weight_decay=1.0e-05_kernel_sizes=10x7_conv_channels=256x256_fc_dims=512_seed5  completed  (7.5s)
2026-05-11 18:55:56,432 - INFO - [140/3780] gpu0  trial_0014_lr=1.0e-03_weight_decay=1.0e-04_kernel_sizes=10x7_conv_channels=256x256_fc_dims=512_seed2  completed  (7.7s)
2026-05-11 18:55:56,898 - INFO - [141/3780] gpu1  trial_0013_lr=1.0e-03_weight_decay=1.0e-05_kernel_sizes=10x7_conv_channels=256x256_fc_dims=512_seed7  completed  (7.5s)
2026-05-11 18:55:58,759 - INFO - [142/3780] gpu0  trial_0014_lr=1.0e-03_weight_decay=1.0e-04_kernel_sizes=10x7_conv_channels=256x256_fc_dims=512_seed4  completed  (2.3s)
2026-05-11 18:55:59,217 - INFO - [143/3780] gpu1  trial_0013_lr=1.0e-03_weight_decay=1.0e-05_kernel_sizes=10x7_conv_channels=256x256_fc_dims=512_seed9  completed  (2.3s)
2026-05-11 18:56:06,413 - INFO - [144/3780] gpu0  trial_0014_lr=1.0e-03_weight_decay=1.0e-04_kernel_sizes=10x7_conv_channels=256x256_fc_dims=512_seed6  completed  (7.7s)
2026-05-11 18:56:06,766 - INFO - [145/3780] gpu1  trial_0014_lr=1.0e-03_weight_decay=1.0e-04_kernel_sizes=10x7_conv_channels=256x256_fc_dims=512_seed1  completed  (7.5s)
2026-05-11 18:56:09,069 - INFO - [146/3780] gpu1  trial_0014_lr=1.0e-03_weight_decay=1.0e-04_kernel_sizes=10x7_conv_channels=256x256_fc_dims=512_seed3  completed  (2.3s)
2026-05-11 18:56:14,135 - INFO - [147/3780] gpu0  trial_0014_lr=1.0e-03_weight_decay=1.0e-04_kernel_sizes=10x7_conv_channels=256x256_fc_dims=512_seed8  completed  (7.7s)
2026-05-11 18:56:16,628 - INFO - [148/3780] gpu1  trial_0014_lr=1.0e-03_weight_decay=1.0e-04_kernel_sizes=10x7_conv_channels=256x256_fc_dims=512_seed5  completed  (7.6s)
2026-05-11 18:56:21,689 - INFO - [149/3780] gpu0  trial_0015_lr=3.0e-03_weight_decay=0_kernel_sizes=10x7_conv_channels=256x256_fc_dims=512_seed0  completed  (7.6s)
2026-05-11 18:56:24,245 - INFO - [150/3780] gpu1  trial_0014_lr=1.0e-03_weight_decay=1.0e-04_kernel_sizes=10x7_conv_channels=256x256_fc_dims=512_seed7  completed  (7.6s)
2026-05-11 18:56:26,601 - INFO - [151/3780] gpu1  trial_0014_lr=1.0e-03_weight_decay=1.0e-04_kernel_sizes=10x7_conv_channels=256x256_fc_dims=512_seed9  completed  (2.4s)
2026-05-11 18:56:29,301 - INFO - [152/3780] gpu0  trial_0015_lr=3.0e-03_weight_decay=0_kernel_sizes=10x7_conv_channels=256x256_fc_dims=512_seed2  completed  (7.6s)
2026-05-11 18:56:34,155 - INFO - [153/3780] gpu1  trial_0015_lr=3.0e-03_weight_decay=0_kernel_sizes=10x7_conv_channels=256x256_fc_dims=512_seed1  completed  (7.6s)
2026-05-11 18:56:36,981 - INFO - [154/3780] gpu0  trial_0015_lr=3.0e-03_weight_decay=0_kernel_sizes=10x7_conv_channels=256x256_fc_dims=512_seed4  completed  (7.7s)
2026-05-11 18:56:41,656 - INFO - [155/3780] gpu1  trial_0015_lr=3.0e-03_weight_decay=0_kernel_sizes=10x7_conv_channels=256x256_fc_dims=512_seed3  completed  (7.5s)
2026-05-11 18:56:44,656 - INFO - [156/3780] gpu0  trial_0015_lr=3.0e-03_weight_decay=0_kernel_sizes=10x7_conv_channels=256x256_fc_dims=512_seed6  completed  (7.7s)
2026-05-11 18:56:49,220 - INFO - [157/3780] gpu1  trial_0015_lr=3.0e-03_weight_decay=0_kernel_sizes=10x7_conv_channels=256x256_fc_dims=512_seed5  completed  (7.6s)
2026-05-11 18:56:52,185 - INFO - [158/3780] gpu0  trial_0015_lr=3.0e-03_weight_decay=0_kernel_sizes=10x7_conv_channels=256x256_fc_dims=512_seed8  completed  (7.5s)
2026-05-11 18:56:56,808 - INFO - [159/3780] gpu1  trial_0015_lr=3.0e-03_weight_decay=0_kernel_sizes=10x7_conv_channels=256x256_fc_dims=512_seed7  completed  (7.6s)
2026-05-11 18:56:59,834 - INFO - [160/3780] gpu0  trial_0016_lr=3.0e-03_weight_decay=1.0e-05_kernel_sizes=10x7_conv_channels=256x256_fc_dims=512_seed0  completed  (7.6s)
2026-05-11 18:57:04,321 - INFO - [161/3780] gpu1  trial_0015_lr=3.0e-03_weight_decay=0_kernel_sizes=10x7_conv_channels=256x256_fc_dims=512_seed9  completed  (7.5s)
2026-05-11 18:57:07,418 - INFO - [162/3780] gpu0  trial_0016_lr=3.0e-03_weight_decay=1.0e-05_kernel_sizes=10x7_conv_channels=256x256_fc_dims=512_seed2  completed  (7.6s)
2026-05-11 18:57:11,949 - INFO - [163/3780] gpu1  trial_0016_lr=3.0e-03_weight_decay=1.0e-05_kernel_sizes=10x7_conv_channels=256x256_fc_dims=512_seed1  completed  (7.6s)
2026-05-11 18:57:15,282 - INFO - [164/3780] gpu0  trial_0016_lr=3.0e-03_weight_decay=1.0e-05_kernel_sizes=10x7_conv_channels=256x256_fc_dims=512_seed4  completed  (7.9s)
2026-05-11 18:57:19,628 - INFO - [165/3780] gpu1  trial_0016_lr=3.0e-03_weight_decay=1.0e-05_kernel_sizes=10x7_conv_channels=256x256_fc_dims=512_seed3  completed  (7.7s)
2026-05-11 18:57:22,802 - INFO - [166/3780] gpu0  trial_0016_lr=3.0e-03_weight_decay=1.0e-05_kernel_sizes=10x7_conv_channels=256x256_fc_dims=512_seed6  completed  (7.5s)
2026-05-11 18:57:27,314 - INFO - [167/3780] gpu1  trial_0016_lr=3.0e-03_weight_decay=1.0e-05_kernel_sizes=10x7_conv_channels=256x256_fc_dims=512_seed5  completed  (7.7s)
2026-05-11 18:57:30,467 - INFO - [168/3780] gpu0  trial_0016_lr=3.0e-03_weight_decay=1.0e-05_kernel_sizes=10x7_conv_channels=256x256_fc_dims=512_seed8  completed  (7.7s)
2026-05-11 18:57:34,818 - INFO - [169/3780] gpu1  trial_0016_lr=3.0e-03_weight_decay=1.0e-05_kernel_sizes=10x7_conv_channels=256x256_fc_dims=512_seed7  completed  (7.5s)
2026-05-11 18:57:37,907 - INFO - [170/3780] gpu0  trial_0017_lr=3.0e-03_weight_decay=1.0e-04_kernel_sizes=10x7_conv_channels=256x256_fc_dims=512_seed0  completed  (7.4s)
2026-05-11 18:57:42,475 - INFO - [171/3780] gpu1  trial_0016_lr=3.0e-03_weight_decay=1.0e-05_kernel_sizes=10x7_conv_channels=256x256_fc_dims=512_seed9  completed  (7.7s)
2026-05-11 18:57:45,200 - INFO - [172/3780] gpu0  trial_0017_lr=3.0e-03_weight_decay=1.0e-04_kernel_sizes=10x7_conv_channels=256x256_fc_dims=512_seed2  completed  (7.3s)
2026-05-11 18:57:49,113 - INFO - [173/3780] gpu1  trial_0017_lr=3.0e-03_weight_decay=1.0e-04_kernel_sizes=10x7_conv_channels=256x256_fc_dims=512_seed1  completed  (6.6s)
2026-05-11 18:57:52,609 - INFO - [174/3780] gpu1  trial_0017_lr=3.0e-03_weight_decay=1.0e-04_kernel_sizes=10x7_conv_channels=256x256_fc_dims=512_seed3  completed  (3.5s)
2026-05-11 18:57:52,880 - INFO - [175/3780] gpu0  trial_0017_lr=3.0e-03_weight_decay=1.0e-04_kernel_sizes=10x7_conv_channels=256x256_fc_dims=512_seed4  completed  (7.7s)
2026-05-11 18:57:56,351 - INFO - [176/3780] gpu0  trial_0017_lr=3.0e-03_weight_decay=1.0e-04_kernel_sizes=10x7_conv_channels=256x256_fc_dims=512_seed6  completed  (3.5s)
2026-05-11 18:57:59,637 - INFO - [177/3780] gpu0  trial_0017_lr=3.0e-03_weight_decay=1.0e-04_kernel_sizes=10x7_conv_channels=256x256_fc_dims=512_seed8  completed  (3.3s)
2026-05-11 18:58:00,185 - INFO - [178/3780] gpu1  trial_0017_lr=3.0e-03_weight_decay=1.0e-04_kernel_sizes=10x7_conv_channels=256x256_fc_dims=512_seed5  completed  (7.6s)
2026-05-11 18:58:07,671 - INFO - [179/3780] gpu1  trial_0017_lr=3.0e-03_weight_decay=1.0e-04_kernel_sizes=10x7_conv_channels=256x256_fc_dims=512_seed7  completed  (7.5s)
2026-05-11 18:58:07,822 - INFO - [180/3780] gpu0  trial_0018_lr=3.0e-04_weight_decay=0_kernel_sizes=10x7_conv_channels=256x256_fc_dims=512x256_seed0  completed  (8.2s)
2026-05-11 18:58:10,688 - INFO - [181/3780] gpu0  trial_0018_lr=3.0e-04_weight_decay=0_kernel_sizes=10x7_conv_channels=256x256_fc_dims=512x256_seed2  completed  (2.9s)
2026-05-11 18:58:13,593 - INFO - [182/3780] gpu0  trial_0018_lr=3.0e-04_weight_decay=0_kernel_sizes=10x7_conv_channels=256x256_fc_dims=512x256_seed4  completed  (2.9s)
2026-05-11 18:58:15,204 - INFO - [183/3780] gpu1  trial_0017_lr=3.0e-03_weight_decay=1.0e-04_kernel_sizes=10x7_conv_channels=256x256_fc_dims=512_seed9  completed  (7.5s)
2026-05-11 18:58:17,356 - INFO - [184/3780] gpu0  trial_0018_lr=3.0e-04_weight_decay=0_kernel_sizes=10x7_conv_channels=256x256_fc_dims=512x256_seed6  completed  (3.8s)
2026-05-11 18:58:18,074 - INFO - [185/3780] gpu1  trial_0018_lr=3.0e-04_weight_decay=0_kernel_sizes=10x7_conv_channels=256x256_fc_dims=512x256_seed1  completed  (2.9s)
2026-05-11 18:58:20,936 - INFO - [186/3780] gpu1  trial_0018_lr=3.0e-04_weight_decay=0_kernel_sizes=10x7_conv_channels=256x256_fc_dims=512x256_seed3  completed  (2.9s)
2026-05-11 18:58:21,211 - INFO - [187/3780] gpu0  trial_0018_lr=3.0e-04_weight_decay=0_kernel_sizes=10x7_conv_channels=256x256_fc_dims=512x256_seed8  completed  (3.9s)
2026-05-11 18:58:26,702 - INFO - [188/3780] gpu1  trial_0018_lr=3.0e-04_weight_decay=0_kernel_sizes=10x7_conv_channels=256x256_fc_dims=512x256_seed5  completed  (5.8s)
2026-05-11 18:58:28,954 - INFO - [189/3780] gpu0  trial_0019_lr=3.0e-04_weight_decay=1.0e-05_kernel_sizes=10x7_conv_channels=256x256_fc_dims=512x256_seed0  completed  (7.7s)
2026-05-11 18:58:29,700 - INFO - [190/3780] gpu1  trial_0018_lr=3.0e-04_weight_decay=0_kernel_sizes=10x7_conv_channels=256x256_fc_dims=512x256_seed7  completed  (3.0s)
2026-05-11 18:58:31,789 - INFO - [191/3780] gpu0  trial_0019_lr=3.0e-04_weight_decay=1.0e-05_kernel_sizes=10x7_conv_channels=256x256_fc_dims=512x256_seed2  completed  (2.8s)
2026-05-11 18:58:32,550 - INFO - [192/3780] gpu1  trial_0018_lr=3.0e-04_weight_decay=0_kernel_sizes=10x7_conv_channels=256x256_fc_dims=512x256_seed9  completed  (2.8s)
2026-05-11 18:58:34,626 - INFO - [193/3780] gpu0  trial_0019_lr=3.0e-04_weight_decay=1.0e-05_kernel_sizes=10x7_conv_channels=256x256_fc_dims=512x256_seed4  completed  (2.8s)
2026-05-11 18:58:35,432 - INFO - [194/3780] gpu1  trial_0019_lr=3.0e-04_weight_decay=1.0e-05_kernel_sizes=10x7_conv_channels=256x256_fc_dims=512x256_seed1  completed  (2.9s)
2026-05-11 18:58:38,322 - INFO - [195/3780] gpu1  trial_0019_lr=3.0e-04_weight_decay=1.0e-05_kernel_sizes=10x7_conv_channels=256x256_fc_dims=512x256_seed3  completed  (2.9s)
2026-05-11 18:58:38,350 - INFO - [196/3780] gpu0  trial_0019_lr=3.0e-04_weight_decay=1.0e-05_kernel_sizes=10x7_conv_channels=256x256_fc_dims=512x256_seed6  completed  (3.7s)
2026-05-11 18:58:42,200 - INFO - [197/3780] gpu0  trial_0019_lr=3.0e-04_weight_decay=1.0e-05_kernel_sizes=10x7_conv_channels=256x256_fc_dims=512x256_seed8  completed  (3.8s)
2026-05-11 18:58:43,982 - INFO - [198/3780] gpu1  trial_0019_lr=3.0e-04_weight_decay=1.0e-05_kernel_sizes=10x7_conv_channels=256x256_fc_dims=512x256_seed5  completed  (5.7s)
2026-05-11 18:58:46,104 - INFO - [199/3780] gpu0  trial_0020_lr=3.0e-04_weight_decay=1.0e-04_kernel_sizes=10x7_conv_channels=256x256_fc_dims=512x256_seed0  completed  (3.9s)
2026-05-11 18:58:46,975 - INFO - [200/3780] gpu1  trial_0019_lr=3.0e-04_weight_decay=1.0e-05_kernel_sizes=10x7_conv_channels=256x256_fc_dims=512x256_seed7  completed  (3.0s)
2026-05-11 18:58:49,909 - INFO - [201/3780] gpu1  trial_0019_lr=3.0e-04_weight_decay=1.0e-05_kernel_sizes=10x7_conv_channels=256x256_fc_dims=512x256_seed9  completed  (2.9s)
2026-05-11 18:58:52,831 - INFO - [202/3780] gpu1  trial_0020_lr=3.0e-04_weight_decay=1.0e-04_kernel_sizes=10x7_conv_channels=256x256_fc_dims=512x256_seed1  completed  (2.9s)
2026-05-11 18:58:53,800 - INFO - [203/3780] gpu0  trial_0020_lr=3.0e-04_weight_decay=1.0e-04_kernel_sizes=10x7_conv_channels=256x256_fc_dims=512x256_seed2  completed  (7.7s)
2026-05-11 18:58:55,810 - INFO - [204/3780] gpu1  trial_0020_lr=3.0e-04_weight_decay=1.0e-04_kernel_sizes=10x7_conv_channels=256x256_fc_dims=512x256_seed3  completed  (3.0s)
2026-05-11 18:58:56,697 - INFO - [205/3780] gpu0  trial_0020_lr=3.0e-04_weight_decay=1.0e-04_kernel_sizes=10x7_conv_channels=256x256_fc_dims=512x256_seed4  completed  (2.9s)
2026-05-11 18:59:00,490 - INFO - [206/3780] gpu0  trial_0020_lr=3.0e-04_weight_decay=1.0e-04_kernel_sizes=10x7_conv_channels=256x256_fc_dims=512x256_seed6  completed  (3.8s)
2026-05-11 18:59:03,602 - INFO - [207/3780] gpu1  trial_0020_lr=3.0e-04_weight_decay=1.0e-04_kernel_sizes=10x7_conv_channels=256x256_fc_dims=512x256_seed5  completed  (7.8s)
2026-05-11 18:59:06,643 - INFO - [208/3780] gpu1  trial_0020_lr=3.0e-04_weight_decay=1.0e-04_kernel_sizes=10x7_conv_channels=256x256_fc_dims=512x256_seed7  completed  (3.0s)
2026-05-11 18:59:06,970 - INFO - [209/3780] gpu0  trial_0020_lr=3.0e-04_weight_decay=1.0e-04_kernel_sizes=10x7_conv_channels=256x256_fc_dims=512x256_seed8  completed  (6.5s)
2026-05-11 18:59:12,340 - INFO - [210/3780] gpu1  trial_0020_lr=3.0e-04_weight_decay=1.0e-04_kernel_sizes=10x7_conv_channels=256x256_fc_dims=512x256_seed9  completed  (5.7s)
2026-05-11 18:59:14,667 - INFO - [211/3780] gpu0  trial_0021_lr=1.0e-03_weight_decay=0_kernel_sizes=10x7_conv_channels=256x256_fc_dims=512x256_seed0  completed  (7.7s)
2026-05-11 18:59:20,117 - INFO - [212/3780] gpu1  trial_0021_lr=1.0e-03_weight_decay=0_kernel_sizes=10x7_conv_channels=256x256_fc_dims=512x256_seed1  completed  (7.8s)
2026-05-11 18:59:22,645 - INFO - [213/3780] gpu0  trial_0021_lr=1.0e-03_weight_decay=0_kernel_sizes=10x7_conv_channels=256x256_fc_dims=512x256_seed2  completed  (8.0s)
2026-05-11 18:59:28,022 - INFO - [214/3780] gpu1  trial_0021_lr=1.0e-03_weight_decay=0_kernel_sizes=10x7_conv_channels=256x256_fc_dims=512x256_seed3  completed  (7.9s)
2026-05-11 18:59:30,411 - INFO - [215/3780] gpu0  trial_0021_lr=1.0e-03_weight_decay=0_kernel_sizes=10x7_conv_channels=256x256_fc_dims=512x256_seed4  completed  (7.8s)
2026-05-11 18:59:35,841 - INFO - [216/3780] gpu1  trial_0021_lr=1.0e-03_weight_decay=0_kernel_sizes=10x7_conv_channels=256x256_fc_dims=512x256_seed5  completed  (7.8s)
2026-05-11 18:59:38,147 - INFO - [217/3780] gpu0  trial_0021_lr=1.0e-03_weight_decay=0_kernel_sizes=10x7_conv_channels=256x256_fc_dims=512x256_seed6  completed  (7.7s)
2026-05-11 18:59:43,723 - INFO - [218/3780] gpu1  trial_0021_lr=1.0e-03_weight_decay=0_kernel_sizes=10x7_conv_channels=256x256_fc_dims=512x256_seed7  completed  (7.9s)
2026-05-11 18:59:45,959 - INFO - [219/3780] gpu0  trial_0021_lr=1.0e-03_weight_decay=0_kernel_sizes=10x7_conv_channels=256x256_fc_dims=512x256_seed8  completed  (7.8s)
2026-05-11 18:59:51,236 - INFO - [220/3780] gpu0  trial_0022_lr=1.0e-03_weight_decay=1.0e-05_kernel_sizes=10x7_conv_channels=256x256_fc_dims=512x256_seed0  completed  (5.3s)
2026-05-11 18:59:51,572 - INFO - [221/3780] gpu1  trial_0021_lr=1.0e-03_weight_decay=0_kernel_sizes=10x7_conv_channels=256x256_fc_dims=512x256_seed9  completed  (7.8s)
2026-05-11 18:59:56,643 - INFO - [222/3780] gpu0  trial_0022_lr=1.0e-03_weight_decay=1.0e-05_kernel_sizes=10x7_conv_channels=256x256_fc_dims=512x256_seed2  completed  (5.4s)
2026-05-11 18:59:59,438 - INFO - [223/3780] gpu1  trial_0022_lr=1.0e-03_weight_decay=1.0e-05_kernel_sizes=10x7_conv_channels=256x256_fc_dims=512x256_seed1  completed  (7.9s)
2026-05-11 19:00:04,037 - INFO - [224/3780] gpu0  trial_0022_lr=1.0e-03_weight_decay=1.0e-05_kernel_sizes=10x7_conv_channels=256x256_fc_dims=512x256_seed4  completed  (7.4s)
2026-05-11 19:00:06,554 - INFO - [225/3780] gpu1  trial_0022_lr=1.0e-03_weight_decay=1.0e-05_kernel_sizes=10x7_conv_channels=256x256_fc_dims=512x256_seed3  completed  (7.1s)
2026-05-11 19:00:09,202 - INFO - [226/3780] gpu0  trial_0022_lr=1.0e-03_weight_decay=1.0e-05_kernel_sizes=10x7_conv_channels=256x256_fc_dims=512x256_seed6  completed  (5.2s)
2026-05-11 19:00:10,793 - INFO - [227/3780] gpu1  trial_0022_lr=1.0e-03_weight_decay=1.0e-05_kernel_sizes=10x7_conv_channels=256x256_fc_dims=512x256_seed5  completed  (4.2s)
2026-05-11 19:00:16,631 - INFO - [228/3780] gpu0  trial_0022_lr=1.0e-03_weight_decay=1.0e-05_kernel_sizes=10x7_conv_channels=256x256_fc_dims=512x256_seed8  completed  (7.4s)
2026-05-11 19:00:18,582 - INFO - [229/3780] gpu1  trial_0022_lr=1.0e-03_weight_decay=1.0e-05_kernel_sizes=10x7_conv_channels=256x256_fc_dims=512x256_seed7  completed  (7.8s)
2026-05-11 19:00:24,461 - INFO - [230/3780] gpu0  trial_0023_lr=1.0e-03_weight_decay=1.0e-04_kernel_sizes=10x7_conv_channels=256x256_fc_dims=512x256_seed0  completed  (7.8s)
2026-05-11 19:00:26,444 - INFO - [231/3780] gpu1  trial_0022_lr=1.0e-03_weight_decay=1.0e-05_kernel_sizes=10x7_conv_channels=256x256_fc_dims=512x256_seed9  completed  (7.9s)
2026-05-11 19:00:32,353 - INFO - [232/3780] gpu0  trial_0023_lr=1.0e-03_weight_decay=1.0e-04_kernel_sizes=10x7_conv_channels=256x256_fc_dims=512x256_seed2  completed  (7.9s)
2026-05-11 19:00:34,391 - INFO - [233/3780] gpu1  trial_0023_lr=1.0e-03_weight_decay=1.0e-04_kernel_sizes=10x7_conv_channels=256x256_fc_dims=512x256_seed1  completed  (7.9s)
2026-05-11 19:00:34,713 - INFO - [234/3780] gpu0  trial_0023_lr=1.0e-03_weight_decay=1.0e-04_kernel_sizes=10x7_conv_channels=256x256_fc_dims=512x256_seed4  completed  (2.4s)
2026-05-11 19:00:42,247 - INFO - [235/3780] gpu1  trial_0023_lr=1.0e-03_weight_decay=1.0e-04_kernel_sizes=10x7_conv_channels=256x256_fc_dims=512x256_seed3  completed  (7.9s)
2026-05-11 19:00:42,466 - INFO - [236/3780] gpu0  trial_0023_lr=1.0e-03_weight_decay=1.0e-04_kernel_sizes=10x7_conv_channels=256x256_fc_dims=512x256_seed6  completed  (7.8s)
2026-05-11 19:00:50,281 - INFO - [237/3780] gpu0  trial_0023_lr=1.0e-03_weight_decay=1.0e-04_kernel_sizes=10x7_conv_channels=256x256_fc_dims=512x256_seed8  completed  (7.8s)
2026-05-11 19:00:50,449 - INFO - [238/3780] gpu1  trial_0023_lr=1.0e-03_weight_decay=1.0e-04_kernel_sizes=10x7_conv_channels=256x256_fc_dims=512x256_seed5  completed  (8.2s)
2026-05-11 19:00:58,038 - INFO - [239/3780] gpu0  trial_0024_lr=3.0e-03_weight_decay=0_kernel_sizes=10x7_conv_channels=256x256_fc_dims=512x256_seed0  completed  (7.8s)
2026-05-11 19:00:58,355 - INFO - [240/3780] gpu1  trial_0023_lr=1.0e-03_weight_decay=1.0e-04_kernel_sizes=10x7_conv_channels=256x256_fc_dims=512x256_seed7  completed  (7.9s)
2026-05-11 19:01:05,732 - INFO - [241/3780] gpu0  trial_0024_lr=3.0e-03_weight_decay=0_kernel_sizes=10x7_conv_channels=256x256_fc_dims=512x256_seed2  completed  (7.7s)
2026-05-11 19:01:06,282 - INFO - [242/3780] gpu1  trial_0023_lr=1.0e-03_weight_decay=1.0e-04_kernel_sizes=10x7_conv_channels=256x256_fc_dims=512x256_seed9  completed  (7.9s)
2026-05-11 19:01:13,507 - INFO - [243/3780] gpu0  trial_0024_lr=3.0e-03_weight_decay=0_kernel_sizes=10x7_conv_channels=256x256_fc_dims=512x256_seed4  completed  (7.8s)
2026-05-11 19:01:14,076 - INFO - [244/3780] gpu1  trial_0024_lr=3.0e-03_weight_decay=0_kernel_sizes=10x7_conv_channels=256x256_fc_dims=512x256_seed1  completed  (7.8s)
2026-05-11 19:01:21,284 - INFO - [245/3780] gpu0  trial_0024_lr=3.0e-03_weight_decay=0_kernel_sizes=10x7_conv_channels=256x256_fc_dims=512x256_seed6  completed  (7.8s)
2026-05-11 19:01:21,936 - INFO - [246/3780] gpu1  trial_0024_lr=3.0e-03_weight_decay=0_kernel_sizes=10x7_conv_channels=256x256_fc_dims=512x256_seed3  completed  (7.9s)
2026-05-11 19:01:27,502 - INFO - [247/3780] gpu1  trial_0024_lr=3.0e-03_weight_decay=0_kernel_sizes=10x7_conv_channels=256x256_fc_dims=512x256_seed5  completed  (5.6s)
2026-05-11 19:01:29,034 - INFO - [248/3780] gpu0  trial_0024_lr=3.0e-03_weight_decay=0_kernel_sizes=10x7_conv_channels=256x256_fc_dims=512x256_seed8  completed  (7.7s)
2026-05-11 19:01:35,459 - INFO - [249/3780] gpu1  trial_0024_lr=3.0e-03_weight_decay=0_kernel_sizes=10x7_conv_channels=256x256_fc_dims=512x256_seed7  completed  (8.0s)
2026-05-11 19:01:36,508 - INFO - [250/3780] gpu0  trial_0025_lr=3.0e-03_weight_decay=1.0e-05_kernel_sizes=10x7_conv_channels=256x256_fc_dims=512x256_seed0  completed  (7.5s)
2026-05-11 19:01:43,161 - INFO - [251/3780] gpu1  trial_0024_lr=3.0e-03_weight_decay=0_kernel_sizes=10x7_conv_channels=256x256_fc_dims=512x256_seed9  completed  (7.7s)
2026-05-11 19:01:44,224 - INFO - [252/3780] gpu0  trial_0025_lr=3.0e-03_weight_decay=1.0e-05_kernel_sizes=10x7_conv_channels=256x256_fc_dims=512x256_seed2  completed  (7.7s)
2026-05-11 19:01:50,929 - INFO - [253/3780] gpu1  trial_0025_lr=3.0e-03_weight_decay=1.0e-05_kernel_sizes=10x7_conv_channels=256x256_fc_dims=512x256_seed1  completed  (7.8s)
2026-05-11 19:01:52,091 - INFO - [254/3780] gpu0  trial_0025_lr=3.0e-03_weight_decay=1.0e-05_kernel_sizes=10x7_conv_channels=256x256_fc_dims=512x256_seed4  completed  (7.9s)
2026-05-11 19:01:57,536 - INFO - [255/3780] gpu1  trial_0025_lr=3.0e-03_weight_decay=1.0e-05_kernel_sizes=10x7_conv_channels=256x256_fc_dims=512x256_seed3  completed  (6.6s)
2026-05-11 19:01:59,984 - INFO - [256/3780] gpu0  trial_0025_lr=3.0e-03_weight_decay=1.0e-05_kernel_sizes=10x7_conv_channels=256x256_fc_dims=512x256_seed6  completed  (7.9s)
2026-05-11 19:02:02,875 - INFO - [257/3780] gpu1  trial_0025_lr=3.0e-03_weight_decay=1.0e-05_kernel_sizes=10x7_conv_channels=256x256_fc_dims=512x256_seed5  completed  (5.3s)
2026-05-11 19:02:07,742 - INFO - [258/3780] gpu0  trial_0025_lr=3.0e-03_weight_decay=1.0e-05_kernel_sizes=10x7_conv_channels=256x256_fc_dims=512x256_seed8  completed  (7.8s)
2026-05-11 19:02:10,367 - INFO - [259/3780] gpu1  trial_0025_lr=3.0e-03_weight_decay=1.0e-05_kernel_sizes=10x7_conv_channels=256x256_fc_dims=512x256_seed7  completed  (7.5s)
2026-05-11 19:02:13,831 - INFO - [260/3780] gpu0  trial_0026_lr=3.0e-03_weight_decay=1.0e-04_kernel_sizes=10x7_conv_channels=256x256_fc_dims=512x256_seed0  completed  (6.1s)
2026-05-11 19:02:18,179 - INFO - [261/3780] gpu1  trial_0025_lr=3.0e-03_weight_decay=1.0e-05_kernel_sizes=10x7_conv_channels=256x256_fc_dims=512x256_seed9  completed  (7.8s)
2026-05-11 19:02:21,675 - INFO - [262/3780] gpu0  trial_0026_lr=3.0e-03_weight_decay=1.0e-04_kernel_sizes=10x7_conv_channels=256x256_fc_dims=512x256_seed2  completed  (7.8s)
2026-05-11 19:02:26,135 - INFO - [263/3780] gpu1  trial_0026_lr=3.0e-03_weight_decay=1.0e-04_kernel_sizes=10x7_conv_channels=256x256_fc_dims=512x256_seed1  completed  (8.0s)
2026-05-11 19:02:29,600 - INFO - [264/3780] gpu0  trial_0026_lr=3.0e-03_weight_decay=1.0e-04_kernel_sizes=10x7_conv_channels=256x256_fc_dims=512x256_seed4  completed  (7.9s)
2026-05-11 19:02:34,014 - INFO - [265/3780] gpu1  trial_0026_lr=3.0e-03_weight_decay=1.0e-04_kernel_sizes=10x7_conv_channels=256x256_fc_dims=512x256_seed3  completed  (7.9s)
2026-05-11 19:02:37,309 - INFO - [266/3780] gpu0  trial_0026_lr=3.0e-03_weight_decay=1.0e-04_kernel_sizes=10x7_conv_channels=256x256_fc_dims=512x256_seed6  completed  (7.7s)
2026-05-11 19:02:41,748 - INFO - [267/3780] gpu1  trial_0026_lr=3.0e-03_weight_decay=1.0e-04_kernel_sizes=10x7_conv_channels=256x256_fc_dims=512x256_seed5  completed  (7.7s)
2026-05-11 19:02:44,720 - INFO - [268/3780] gpu0  trial_0026_lr=3.0e-03_weight_decay=1.0e-04_kernel_sizes=10x7_conv_channels=256x256_fc_dims=512x256_seed8  completed  (7.4s)
2026-05-11 19:02:48,891 - INFO - [269/3780] gpu1  trial_0026_lr=3.0e-03_weight_decay=1.0e-04_kernel_sizes=10x7_conv_channels=256x256_fc_dims=512x256_seed7  completed  (7.1s)
2026-05-11 19:02:51,997 - INFO - [270/3780] gpu0  trial_0027_lr=3.0e-04_weight_decay=0_kernel_sizes=10x5_conv_channels=256x256_fc_dims=256_seed0  completed  (7.3s)
2026-05-11 19:02:52,795 - INFO - [271/3780] gpu1  trial_0026_lr=3.0e-03_weight_decay=1.0e-04_kernel_sizes=10x7_conv_channels=256x256_fc_dims=512x256_seed9  completed  (3.9s)
2026-05-11 19:02:59,202 - INFO - [272/3780] gpu0  trial_0027_lr=3.0e-04_weight_decay=0_kernel_sizes=10x5_conv_channels=256x256_fc_dims=256_seed2  completed  (7.2s)
2026-05-11 19:02:59,997 - INFO - [273/3780] gpu1  trial_0027_lr=3.0e-04_weight_decay=0_kernel_sizes=10x5_conv_channels=256x256_fc_dims=256_seed1  completed  (7.2s)
2026-05-11 19:03:06,457 - INFO - [274/3780] gpu0  trial_0027_lr=3.0e-04_weight_decay=0_kernel_sizes=10x5_conv_channels=256x256_fc_dims=256_seed4  completed  (7.3s)
2026-05-11 19:03:07,153 - INFO - [275/3780] gpu1  trial_0027_lr=3.0e-04_weight_decay=0_kernel_sizes=10x5_conv_channels=256x256_fc_dims=256_seed3  completed  (7.2s)
2026-05-11 19:03:13,759 - INFO - [276/3780] gpu0  trial_0027_lr=3.0e-04_weight_decay=0_kernel_sizes=10x5_conv_channels=256x256_fc_dims=256_seed6  completed  (7.3s)
2026-05-11 19:03:14,444 - INFO - [277/3780] gpu1  trial_0027_lr=3.0e-04_weight_decay=0_kernel_sizes=10x5_conv_channels=256x256_fc_dims=256_seed5  completed  (7.3s)
2026-05-11 19:03:21,074 - INFO - [278/3780] gpu0  trial_0027_lr=3.0e-04_weight_decay=0_kernel_sizes=10x5_conv_channels=256x256_fc_dims=256_seed8  completed  (7.3s)
2026-05-11 19:03:21,825 - INFO - [279/3780] gpu1  trial_0027_lr=3.0e-04_weight_decay=0_kernel_sizes=10x5_conv_channels=256x256_fc_dims=256_seed7  completed  (7.4s)
2026-05-11 19:03:28,299 - INFO - [280/3780] gpu0  trial_0028_lr=3.0e-04_weight_decay=1.0e-05_kernel_sizes=10x5_conv_channels=256x256_fc_dims=256_seed0  completed  (7.2s)
2026-05-11 19:03:29,023 - INFO - [281/3780] gpu1  trial_0027_lr=3.0e-04_weight_decay=0_kernel_sizes=10x5_conv_channels=256x256_fc_dims=256_seed9  completed  (7.2s)
2026-05-11 19:03:35,503 - INFO - [282/3780] gpu0  trial_0028_lr=3.0e-04_weight_decay=1.0e-05_kernel_sizes=10x5_conv_channels=256x256_fc_dims=256_seed2  completed  (7.2s)
2026-05-11 19:03:36,197 - INFO - [283/3780] gpu1  trial_0028_lr=3.0e-04_weight_decay=1.0e-05_kernel_sizes=10x5_conv_channels=256x256_fc_dims=256_seed1  completed  (7.2s)
2026-05-11 19:03:42,787 - INFO - [284/3780] gpu0  trial_0028_lr=3.0e-04_weight_decay=1.0e-05_kernel_sizes=10x5_conv_channels=256x256_fc_dims=256_seed4  completed  (7.3s)
2026-05-11 19:03:43,442 - INFO - [285/3780] gpu1  trial_0028_lr=3.0e-04_weight_decay=1.0e-05_kernel_sizes=10x5_conv_channels=256x256_fc_dims=256_seed3  completed  (7.2s)
2026-05-11 19:03:50,019 - INFO - [286/3780] gpu0  trial_0028_lr=3.0e-04_weight_decay=1.0e-05_kernel_sizes=10x5_conv_channels=256x256_fc_dims=256_seed6  completed  (7.2s)
2026-05-11 19:03:50,758 - INFO - [287/3780] gpu1  trial_0028_lr=3.0e-04_weight_decay=1.0e-05_kernel_sizes=10x5_conv_channels=256x256_fc_dims=256_seed5  completed  (7.3s)
2026-05-11 19:03:57,365 - INFO - [288/3780] gpu0  trial_0028_lr=3.0e-04_weight_decay=1.0e-05_kernel_sizes=10x5_conv_channels=256x256_fc_dims=256_seed8  completed  (7.3s)
2026-05-11 19:03:57,999 - INFO - [289/3780] gpu1  trial_0028_lr=3.0e-04_weight_decay=1.0e-05_kernel_sizes=10x5_conv_channels=256x256_fc_dims=256_seed7  completed  (7.2s)
2026-05-11 19:04:04,555 - INFO - [290/3780] gpu0  trial_0029_lr=3.0e-04_weight_decay=1.0e-04_kernel_sizes=10x5_conv_channels=256x256_fc_dims=256_seed0  completed  (7.2s)
2026-05-11 19:04:05,131 - INFO - [291/3780] gpu1  trial_0028_lr=3.0e-04_weight_decay=1.0e-05_kernel_sizes=10x5_conv_channels=256x256_fc_dims=256_seed9  completed  (7.1s)
2026-05-11 19:04:11,853 - INFO - [292/3780] gpu0  trial_0029_lr=3.0e-04_weight_decay=1.0e-04_kernel_sizes=10x5_conv_channels=256x256_fc_dims=256_seed2  completed  (7.3s)
2026-05-11 19:04:12,337 - INFO - [293/3780] gpu1  trial_0029_lr=3.0e-04_weight_decay=1.0e-04_kernel_sizes=10x5_conv_channels=256x256_fc_dims=256_seed1  completed  (7.2s)
2026-05-11 19:04:19,015 - INFO - [294/3780] gpu0  trial_0029_lr=3.0e-04_weight_decay=1.0e-04_kernel_sizes=10x5_conv_channels=256x256_fc_dims=256_seed4  completed  (7.2s)
2026-05-11 19:04:19,646 - INFO - [295/3780] gpu1  trial_0029_lr=3.0e-04_weight_decay=1.0e-04_kernel_sizes=10x5_conv_channels=256x256_fc_dims=256_seed3  completed  (7.3s)
2026-05-11 19:04:26,269 - INFO - [296/3780] gpu0  trial_0029_lr=3.0e-04_weight_decay=1.0e-04_kernel_sizes=10x5_conv_channels=256x256_fc_dims=256_seed6  completed  (7.3s)
2026-05-11 19:04:26,907 - INFO - [297/3780] gpu1  trial_0029_lr=3.0e-04_weight_decay=1.0e-04_kernel_sizes=10x5_conv_channels=256x256_fc_dims=256_seed5  completed  (7.3s)
2026-05-11 19:04:33,390 - INFO - [298/3780] gpu0  trial_0029_lr=3.0e-04_weight_decay=1.0e-04_kernel_sizes=10x5_conv_channels=256x256_fc_dims=256_seed8  completed  (7.1s)
2026-05-11 19:04:34,293 - INFO - [299/3780] gpu1  trial_0029_lr=3.0e-04_weight_decay=1.0e-04_kernel_sizes=10x5_conv_channels=256x256_fc_dims=256_seed7  completed  (7.4s)
2026-05-11 19:04:40,582 - INFO - [300/3780] gpu0  trial_0030_lr=1.0e-03_weight_decay=0_kernel_sizes=10x5_conv_channels=256x256_fc_dims=256_seed0  completed  (7.2s)
2026-05-11 19:04:41,409 - INFO - [301/3780] gpu1  trial_0029_lr=3.0e-04_weight_decay=1.0e-04_kernel_sizes=10x5_conv_channels=256x256_fc_dims=256_seed9  completed  (7.1s)
2026-05-11 19:04:47,842 - INFO - [302/3780] gpu0  trial_0030_lr=1.0e-03_weight_decay=0_kernel_sizes=10x5_conv_channels=256x256_fc_dims=256_seed2  completed  (7.3s)
2026-05-11 19:04:48,832 - INFO - [303/3780] gpu1  trial_0030_lr=1.0e-03_weight_decay=0_kernel_sizes=10x5_conv_channels=256x256_fc_dims=256_seed1  completed  (7.4s)
2026-05-11 19:04:55,122 - INFO - [304/3780] gpu0  trial_0030_lr=1.0e-03_weight_decay=0_kernel_sizes=10x5_conv_channels=256x256_fc_dims=256_seed4  completed  (7.3s)
2026-05-11 19:04:56,059 - INFO - [305/3780] gpu1  trial_0030_lr=1.0e-03_weight_decay=0_kernel_sizes=10x5_conv_channels=256x256_fc_dims=256_seed3  completed  (7.2s)
2026-05-11 19:05:02,261 - INFO - [306/3780] gpu0  trial_0030_lr=1.0e-03_weight_decay=0_kernel_sizes=10x5_conv_channels=256x256_fc_dims=256_seed6  completed  (7.1s)
2026-05-11 19:05:03,332 - INFO - [307/3780] gpu1  trial_0030_lr=1.0e-03_weight_decay=0_kernel_sizes=10x5_conv_channels=256x256_fc_dims=256_seed5  completed  (7.3s)
2026-05-11 19:05:09,499 - INFO - [308/3780] gpu0  trial_0030_lr=1.0e-03_weight_decay=0_kernel_sizes=10x5_conv_channels=256x256_fc_dims=256_seed8  completed  (7.2s)
2026-05-11 19:05:10,575 - INFO - [309/3780] gpu1  trial_0030_lr=1.0e-03_weight_decay=0_kernel_sizes=10x5_conv_channels=256x256_fc_dims=256_seed7  completed  (7.2s)
2026-05-11 19:05:16,745 - INFO - [310/3780] gpu0  trial_0031_lr=1.0e-03_weight_decay=1.0e-05_kernel_sizes=10x5_conv_channels=256x256_fc_dims=256_seed0  completed  (7.2s)
2026-05-11 19:05:17,940 - INFO - [311/3780] gpu1  trial_0030_lr=1.0e-03_weight_decay=0_kernel_sizes=10x5_conv_channels=256x256_fc_dims=256_seed9  completed  (7.4s)
2026-05-11 19:05:23,985 - INFO - [312/3780] gpu0  trial_0031_lr=1.0e-03_weight_decay=1.0e-05_kernel_sizes=10x5_conv_channels=256x256_fc_dims=256_seed2  completed  (7.2s)
2026-05-11 19:05:25,167 - INFO - [313/3780] gpu1  trial_0031_lr=1.0e-03_weight_decay=1.0e-05_kernel_sizes=10x5_conv_channels=256x256_fc_dims=256_seed1  completed  (7.2s)
2026-05-11 19:05:31,186 - INFO - [314/3780] gpu0  trial_0031_lr=1.0e-03_weight_decay=1.0e-05_kernel_sizes=10x5_conv_channels=256x256_fc_dims=256_seed4  completed  (7.2s)
2026-05-11 19:05:32,421 - INFO - [315/3780] gpu1  trial_0031_lr=1.0e-03_weight_decay=1.0e-05_kernel_sizes=10x5_conv_channels=256x256_fc_dims=256_seed3  completed  (7.3s)
2026-05-11 19:05:38,436 - INFO - [316/3780] gpu0  trial_0031_lr=1.0e-03_weight_decay=1.0e-05_kernel_sizes=10x5_conv_channels=256x256_fc_dims=256_seed6  completed  (7.2s)
2026-05-11 19:05:39,583 - INFO - [317/3780] gpu1  trial_0031_lr=1.0e-03_weight_decay=1.0e-05_kernel_sizes=10x5_conv_channels=256x256_fc_dims=256_seed5  completed  (7.2s)
2026-05-11 19:05:45,744 - INFO - [318/3780] gpu0  trial_0031_lr=1.0e-03_weight_decay=1.0e-05_kernel_sizes=10x5_conv_channels=256x256_fc_dims=256_seed8  completed  (7.3s)
2026-05-11 19:05:47,042 - INFO - [319/3780] gpu1  trial_0031_lr=1.0e-03_weight_decay=1.0e-05_kernel_sizes=10x5_conv_channels=256x256_fc_dims=256_seed7  completed  (7.5s)
2026-05-11 19:05:53,004 - INFO - [320/3780] gpu0  trial_0032_lr=1.0e-03_weight_decay=1.0e-04_kernel_sizes=10x5_conv_channels=256x256_fc_dims=256_seed0  completed  (7.3s)
2026-05-11 19:05:54,245 - INFO - [321/3780] gpu1  trial_0031_lr=1.0e-03_weight_decay=1.0e-05_kernel_sizes=10x5_conv_channels=256x256_fc_dims=256_seed9  completed  (7.2s)
2026-05-11 19:06:00,254 - INFO - [322/3780] gpu0  trial_0032_lr=1.0e-03_weight_decay=1.0e-04_kernel_sizes=10x5_conv_channels=256x256_fc_dims=256_seed2  completed  (7.2s)
2026-05-11 19:06:01,428 - INFO - [323/3780] gpu1  trial_0032_lr=1.0e-03_weight_decay=1.0e-04_kernel_sizes=10x5_conv_channels=256x256_fc_dims=256_seed1  completed  (7.2s)
2026-05-11 19:06:07,571 - INFO - [324/3780] gpu0  trial_0032_lr=1.0e-03_weight_decay=1.0e-04_kernel_sizes=10x5_conv_channels=256x256_fc_dims=256_seed4  completed  (7.3s)
2026-05-11 19:06:08,706 - INFO - [325/3780] gpu1  trial_0032_lr=1.0e-03_weight_decay=1.0e-04_kernel_sizes=10x5_conv_channels=256x256_fc_dims=256_seed3  completed  (7.3s)
2026-05-11 19:06:14,775 - INFO - [326/3780] gpu0  trial_0032_lr=1.0e-03_weight_decay=1.0e-04_kernel_sizes=10x5_conv_channels=256x256_fc_dims=256_seed6  completed  (7.2s)
2026-05-11 19:06:16,145 - INFO - [327/3780] gpu1  trial_0032_lr=1.0e-03_weight_decay=1.0e-04_kernel_sizes=10x5_conv_channels=256x256_fc_dims=256_seed5  completed  (7.4s)
2026-05-11 19:06:22,063 - INFO - [328/3780] gpu0  trial_0032_lr=1.0e-03_weight_decay=1.0e-04_kernel_sizes=10x5_conv_channels=256x256_fc_dims=256_seed8  completed  (7.3s)
2026-05-11 19:06:23,323 - INFO - [329/3780] gpu1  trial_0032_lr=1.0e-03_weight_decay=1.0e-04_kernel_sizes=10x5_conv_channels=256x256_fc_dims=256_seed7  completed  (7.2s)
2026-05-11 19:06:29,345 - INFO - [330/3780] gpu0  trial_0033_lr=3.0e-03_weight_decay=0_kernel_sizes=10x5_conv_channels=256x256_fc_dims=256_seed0  completed  (7.3s)
2026-05-11 19:06:30,507 - INFO - [331/3780] gpu1  trial_0032_lr=1.0e-03_weight_decay=1.0e-04_kernel_sizes=10x5_conv_channels=256x256_fc_dims=256_seed9  completed  (7.2s)
2026-05-11 19:06:36,564 - INFO - [332/3780] gpu0  trial_0033_lr=3.0e-03_weight_decay=0_kernel_sizes=10x5_conv_channels=256x256_fc_dims=256_seed2  completed  (7.2s)
2026-05-11 19:06:37,682 - INFO - [333/3780] gpu1  trial_0033_lr=3.0e-03_weight_decay=0_kernel_sizes=10x5_conv_channels=256x256_fc_dims=256_seed1  completed  (7.2s)
2026-05-11 19:06:43,759 - INFO - [334/3780] gpu0  trial_0033_lr=3.0e-03_weight_decay=0_kernel_sizes=10x5_conv_channels=256x256_fc_dims=256_seed4  completed  (7.2s)
2026-05-11 19:06:44,888 - INFO - [335/3780] gpu1  trial_0033_lr=3.0e-03_weight_decay=0_kernel_sizes=10x5_conv_channels=256x256_fc_dims=256_seed3  completed  (7.2s)
2026-05-11 19:06:50,954 - INFO - [336/3780] gpu0  trial_0033_lr=3.0e-03_weight_decay=0_kernel_sizes=10x5_conv_channels=256x256_fc_dims=256_seed6  completed  (7.2s)
2026-05-11 19:06:52,010 - INFO - [337/3780] gpu1  trial_0033_lr=3.0e-03_weight_decay=0_kernel_sizes=10x5_conv_channels=256x256_fc_dims=256_seed5  completed  (7.1s)
2026-05-11 19:06:58,241 - INFO - [338/3780] gpu0  trial_0033_lr=3.0e-03_weight_decay=0_kernel_sizes=10x5_conv_channels=256x256_fc_dims=256_seed8  completed  (7.3s)
2026-05-11 19:06:59,326 - INFO - [339/3780] gpu1  trial_0033_lr=3.0e-03_weight_decay=0_kernel_sizes=10x5_conv_channels=256x256_fc_dims=256_seed7  completed  (7.3s)
2026-05-11 19:07:05,562 - INFO - [340/3780] gpu0  trial_0034_lr=3.0e-03_weight_decay=1.0e-05_kernel_sizes=10x5_conv_channels=256x256_fc_dims=256_seed0  completed  (7.3s)
2026-05-11 19:07:06,513 - INFO - [341/3780] gpu1  trial_0033_lr=3.0e-03_weight_decay=0_kernel_sizes=10x5_conv_channels=256x256_fc_dims=256_seed9  completed  (7.2s)
2026-05-11 19:07:12,854 - INFO - [342/3780] gpu0  trial_0034_lr=3.0e-03_weight_decay=1.0e-05_kernel_sizes=10x5_conv_channels=256x256_fc_dims=256_seed2  completed  (7.3s)
2026-05-11 19:07:13,904 - INFO - [343/3780] gpu1  trial_0034_lr=3.0e-03_weight_decay=1.0e-05_kernel_sizes=10x5_conv_channels=256x256_fc_dims=256_seed1  completed  (7.4s)
2026-05-11 19:07:20,146 - INFO - [344/3780] gpu0  trial_0034_lr=3.0e-03_weight_decay=1.0e-05_kernel_sizes=10x5_conv_channels=256x256_fc_dims=256_seed4  completed  (7.3s)
2026-05-11 19:07:21,228 - INFO - [345/3780] gpu1  trial_0034_lr=3.0e-03_weight_decay=1.0e-05_kernel_sizes=10x5_conv_channels=256x256_fc_dims=256_seed3  completed  (7.3s)
2026-05-11 19:07:27,373 - INFO - [346/3780] gpu0  trial_0034_lr=3.0e-03_weight_decay=1.0e-05_kernel_sizes=10x5_conv_channels=256x256_fc_dims=256_seed6  completed  (7.2s)
2026-05-11 19:07:28,431 - INFO - [347/3780] gpu1  trial_0034_lr=3.0e-03_weight_decay=1.0e-05_kernel_sizes=10x5_conv_channels=256x256_fc_dims=256_seed5  completed  (7.2s)
2026-05-11 19:07:34,625 - INFO - [348/3780] gpu0  trial_0034_lr=3.0e-03_weight_decay=1.0e-05_kernel_sizes=10x5_conv_channels=256x256_fc_dims=256_seed8  completed  (7.3s)
2026-05-11 19:07:35,547 - INFO - [349/3780] gpu1  trial_0034_lr=3.0e-03_weight_decay=1.0e-05_kernel_sizes=10x5_conv_channels=256x256_fc_dims=256_seed7  completed  (7.1s)
2026-05-11 19:07:41,905 - INFO - [350/3780] gpu0  trial_0035_lr=3.0e-03_weight_decay=1.0e-04_kernel_sizes=10x5_conv_channels=256x256_fc_dims=256_seed0  completed  (7.3s)
2026-05-11 19:07:42,872 - INFO - [351/3780] gpu1  trial_0034_lr=3.0e-03_weight_decay=1.0e-05_kernel_sizes=10x5_conv_channels=256x256_fc_dims=256_seed9  completed  (7.3s)
2026-05-11 19:07:46,263 - INFO - [352/3780] gpu1  trial_0035_lr=3.0e-03_weight_decay=1.0e-04_kernel_sizes=10x5_conv_channels=256x256_fc_dims=256_seed1  completed  (3.4s)
2026-05-11 19:07:49,171 - INFO - [353/3780] gpu0  trial_0035_lr=3.0e-03_weight_decay=1.0e-04_kernel_sizes=10x5_conv_channels=256x256_fc_dims=256_seed2  completed  (7.3s)
2026-05-11 19:07:53,474 - INFO - [354/3780] gpu1  trial_0035_lr=3.0e-03_weight_decay=1.0e-04_kernel_sizes=10x5_conv_channels=256x256_fc_dims=256_seed3  completed  (7.2s)
2026-05-11 19:07:56,359 - INFO - [355/3780] gpu0  trial_0035_lr=3.0e-03_weight_decay=1.0e-04_kernel_sizes=10x5_conv_channels=256x256_fc_dims=256_seed4  completed  (7.2s)
2026-05-11 19:08:00,639 - INFO - [356/3780] gpu1  trial_0035_lr=3.0e-03_weight_decay=1.0e-04_kernel_sizes=10x5_conv_channels=256x256_fc_dims=256_seed5  completed  (7.2s)
2026-05-11 19:08:03,678 - INFO - [357/3780] gpu0  trial_0035_lr=3.0e-03_weight_decay=1.0e-04_kernel_sizes=10x5_conv_channels=256x256_fc_dims=256_seed6  completed  (7.3s)
2026-05-11 19:08:08,039 - INFO - [358/3780] gpu1  trial_0035_lr=3.0e-03_weight_decay=1.0e-04_kernel_sizes=10x5_conv_channels=256x256_fc_dims=256_seed7  completed  (7.4s)
2026-05-11 19:08:10,902 - INFO - [359/3780] gpu0  trial_0035_lr=3.0e-03_weight_decay=1.0e-04_kernel_sizes=10x5_conv_channels=256x256_fc_dims=256_seed8  completed  (7.2s)
2026-05-11 19:08:15,321 - INFO - [360/3780] gpu1  trial_0035_lr=3.0e-03_weight_decay=1.0e-04_kernel_sizes=10x5_conv_channels=256x256_fc_dims=256_seed9  completed  (7.3s)
2026-05-11 19:08:18,355 - INFO - [361/3780] gpu0  trial_0036_lr=3.0e-04_weight_decay=0_kernel_sizes=10x5_conv_channels=256x256_fc_dims=512_seed0  completed  (7.5s)
2026-05-11 19:08:22,695 - INFO - [362/3780] gpu1  trial_0036_lr=3.0e-04_weight_decay=0_kernel_sizes=10x5_conv_channels=256x256_fc_dims=512_seed1  completed  (7.4s)
2026-05-11 19:08:25,861 - INFO - [363/3780] gpu0  trial_0036_lr=3.0e-04_weight_decay=0_kernel_sizes=10x5_conv_channels=256x256_fc_dims=512_seed2  completed  (7.5s)
2026-05-11 19:08:30,182 - INFO - [364/3780] gpu1  trial_0036_lr=3.0e-04_weight_decay=0_kernel_sizes=10x5_conv_channels=256x256_fc_dims=512_seed3  completed  (7.5s)
2026-05-11 19:08:33,469 - INFO - [365/3780] gpu0  trial_0036_lr=3.0e-04_weight_decay=0_kernel_sizes=10x5_conv_channels=256x256_fc_dims=512_seed4  completed  (7.6s)
2026-05-11 19:08:37,785 - INFO - [366/3780] gpu1  trial_0036_lr=3.0e-04_weight_decay=0_kernel_sizes=10x5_conv_channels=256x256_fc_dims=512_seed5  completed  (7.6s)
2026-05-11 19:08:41,037 - INFO - [367/3780] gpu0  trial_0036_lr=3.0e-04_weight_decay=0_kernel_sizes=10x5_conv_channels=256x256_fc_dims=512_seed6  completed  (7.6s)
2026-05-11 19:08:45,127 - INFO - [368/3780] gpu1  trial_0036_lr=3.0e-04_weight_decay=0_kernel_sizes=10x5_conv_channels=256x256_fc_dims=512_seed7  completed  (7.3s)
2026-05-11 19:08:48,676 - INFO - [369/3780] gpu0  trial_0036_lr=3.0e-04_weight_decay=0_kernel_sizes=10x5_conv_channels=256x256_fc_dims=512_seed8  completed  (7.6s)
2026-05-11 19:08:52,571 - INFO - [370/3780] gpu1  trial_0036_lr=3.0e-04_weight_decay=0_kernel_sizes=10x5_conv_channels=256x256_fc_dims=512_seed9  completed  (7.4s)
2026-05-11 19:08:56,155 - INFO - [371/3780] gpu0  trial_0037_lr=3.0e-04_weight_decay=1.0e-05_kernel_sizes=10x5_conv_channels=256x256_fc_dims=512_seed0  completed  (7.5s)
2026-05-11 19:09:00,159 - INFO - [372/3780] gpu1  trial_0037_lr=3.0e-04_weight_decay=1.0e-05_kernel_sizes=10x5_conv_channels=256x256_fc_dims=512_seed1  completed  (7.6s)
2026-05-11 19:09:03,707 - INFO - [373/3780] gpu0  trial_0037_lr=3.0e-04_weight_decay=1.0e-05_kernel_sizes=10x5_conv_channels=256x256_fc_dims=512_seed2  completed  (7.6s)
2026-05-11 19:09:07,678 - INFO - [374/3780] gpu1  trial_0037_lr=3.0e-04_weight_decay=1.0e-05_kernel_sizes=10x5_conv_channels=256x256_fc_dims=512_seed3  completed  (7.5s)
2026-05-11 19:09:11,240 - INFO - [375/3780] gpu0  trial_0037_lr=3.0e-04_weight_decay=1.0e-05_kernel_sizes=10x5_conv_channels=256x256_fc_dims=512_seed4  completed  (7.5s)
2026-05-11 19:09:15,109 - INFO - [376/3780] gpu1  trial_0037_lr=3.0e-04_weight_decay=1.0e-05_kernel_sizes=10x5_conv_channels=256x256_fc_dims=512_seed5  completed  (7.4s)
2026-05-11 19:09:18,800 - INFO - [377/3780] gpu0  trial_0037_lr=3.0e-04_weight_decay=1.0e-05_kernel_sizes=10x5_conv_channels=256x256_fc_dims=512_seed6  completed  (7.6s)
2026-05-11 19:09:22,504 - INFO - [378/3780] gpu1  trial_0037_lr=3.0e-04_weight_decay=1.0e-05_kernel_sizes=10x5_conv_channels=256x256_fc_dims=512_seed7  completed  (7.4s)
2026-05-11 19:09:26,247 - INFO - [379/3780] gpu0  trial_0037_lr=3.0e-04_weight_decay=1.0e-05_kernel_sizes=10x5_conv_channels=256x256_fc_dims=512_seed8  completed  (7.4s)
2026-05-11 19:09:29,870 - INFO - [380/3780] gpu1  trial_0037_lr=3.0e-04_weight_decay=1.0e-05_kernel_sizes=10x5_conv_channels=256x256_fc_dims=512_seed9  completed  (7.4s)
2026-05-11 19:09:33,745 - INFO - [381/3780] gpu0  trial_0038_lr=3.0e-04_weight_decay=1.0e-04_kernel_sizes=10x5_conv_channels=256x256_fc_dims=512_seed0  completed  (7.5s)
2026-05-11 19:09:37,418 - INFO - [382/3780] gpu1  trial_0038_lr=3.0e-04_weight_decay=1.0e-04_kernel_sizes=10x5_conv_channels=256x256_fc_dims=512_seed1  completed  (7.5s)
2026-05-11 19:09:41,203 - INFO - [383/3780] gpu0  trial_0038_lr=3.0e-04_weight_decay=1.0e-04_kernel_sizes=10x5_conv_channels=256x256_fc_dims=512_seed2  completed  (7.5s)
2026-05-11 19:09:44,814 - INFO - [384/3780] gpu1  trial_0038_lr=3.0e-04_weight_decay=1.0e-04_kernel_sizes=10x5_conv_channels=256x256_fc_dims=512_seed3  completed  (7.4s)
2026-05-11 19:09:48,782 - INFO - [385/3780] gpu0  trial_0038_lr=3.0e-04_weight_decay=1.0e-04_kernel_sizes=10x5_conv_channels=256x256_fc_dims=512_seed4  completed  (7.6s)
2026-05-11 19:09:52,394 - INFO - [386/3780] gpu1  trial_0038_lr=3.0e-04_weight_decay=1.0e-04_kernel_sizes=10x5_conv_channels=256x256_fc_dims=512_seed5  completed  (7.6s)
2026-05-11 19:09:56,282 - INFO - [387/3780] gpu0  trial_0038_lr=3.0e-04_weight_decay=1.0e-04_kernel_sizes=10x5_conv_channels=256x256_fc_dims=512_seed6  completed  (7.5s)
2026-05-11 19:09:59,916 - INFO - [388/3780] gpu1  trial_0038_lr=3.0e-04_weight_decay=1.0e-04_kernel_sizes=10x5_conv_channels=256x256_fc_dims=512_seed7  completed  (7.5s)
2026-05-11 19:10:03,806 - INFO - [389/3780] gpu0  trial_0038_lr=3.0e-04_weight_decay=1.0e-04_kernel_sizes=10x5_conv_channels=256x256_fc_dims=512_seed8  completed  (7.5s)
2026-05-11 19:10:07,569 - INFO - [390/3780] gpu1  trial_0038_lr=3.0e-04_weight_decay=1.0e-04_kernel_sizes=10x5_conv_channels=256x256_fc_dims=512_seed9  completed  (7.7s)
2026-05-11 19:10:11,259 - INFO - [391/3780] gpu0  trial_0039_lr=1.0e-03_weight_decay=0_kernel_sizes=10x5_conv_channels=256x256_fc_dims=512_seed0  completed  (7.5s)
2026-05-11 19:10:15,018 - INFO - [392/3780] gpu1  trial_0039_lr=1.0e-03_weight_decay=0_kernel_sizes=10x5_conv_channels=256x256_fc_dims=512_seed1  completed  (7.4s)
2026-05-11 19:10:17,361 - INFO - [393/3780] gpu1  trial_0039_lr=1.0e-03_weight_decay=0_kernel_sizes=10x5_conv_channels=256x256_fc_dims=512_seed3  completed  (2.3s)
2026-05-11 19:10:18,865 - INFO - [394/3780] gpu0  trial_0039_lr=1.0e-03_weight_decay=0_kernel_sizes=10x5_conv_channels=256x256_fc_dims=512_seed2  completed  (7.6s)
2026-05-11 19:10:21,193 - INFO - [395/3780] gpu0  trial_0039_lr=1.0e-03_weight_decay=0_kernel_sizes=10x5_conv_channels=256x256_fc_dims=512_seed4  completed  (2.3s)
2026-05-11 19:10:24,841 - INFO - [396/3780] gpu1  trial_0039_lr=1.0e-03_weight_decay=0_kernel_sizes=10x5_conv_channels=256x256_fc_dims=512_seed5  completed  (7.5s)
2026-05-11 19:10:28,698 - INFO - [397/3780] gpu0  trial_0039_lr=1.0e-03_weight_decay=0_kernel_sizes=10x5_conv_channels=256x256_fc_dims=512_seed6  completed  (7.5s)
2026-05-11 19:10:32,374 - INFO - [398/3780] gpu1  trial_0039_lr=1.0e-03_weight_decay=0_kernel_sizes=10x5_conv_channels=256x256_fc_dims=512_seed7  completed  (7.5s)
2026-05-11 19:10:36,329 - INFO - [399/3780] gpu0  trial_0039_lr=1.0e-03_weight_decay=0_kernel_sizes=10x5_conv_channels=256x256_fc_dims=512_seed8  completed  (7.6s)
2026-05-11 19:10:39,894 - INFO - [400/3780] gpu1  trial_0039_lr=1.0e-03_weight_decay=0_kernel_sizes=10x5_conv_channels=256x256_fc_dims=512_seed9  completed  (7.5s)
2026-05-11 19:10:43,820 - INFO - [401/3780] gpu0  trial_0040_lr=1.0e-03_weight_decay=1.0e-05_kernel_sizes=10x5_conv_channels=256x256_fc_dims=512_seed0  completed  (7.5s)
2026-05-11 19:10:47,382 - INFO - [402/3780] gpu1  trial_0040_lr=1.0e-03_weight_decay=1.0e-05_kernel_sizes=10x5_conv_channels=256x256_fc_dims=512_seed1  completed  (7.5s)
2026-05-11 19:10:49,766 - INFO - [403/3780] gpu1  trial_0040_lr=1.0e-03_weight_decay=1.0e-05_kernel_sizes=10x5_conv_channels=256x256_fc_dims=512_seed3  completed  (2.4s)
2026-05-11 19:10:51,397 - INFO - [404/3780] gpu0  trial_0040_lr=1.0e-03_weight_decay=1.0e-05_kernel_sizes=10x5_conv_channels=256x256_fc_dims=512_seed2  completed  (7.6s)
2026-05-11 19:10:53,806 - INFO - [405/3780] gpu0  trial_0040_lr=1.0e-03_weight_decay=1.0e-05_kernel_sizes=10x5_conv_channels=256x256_fc_dims=512_seed4  completed  (2.4s)
2026-05-11 19:10:57,368 - INFO - [406/3780] gpu1  trial_0040_lr=1.0e-03_weight_decay=1.0e-05_kernel_sizes=10x5_conv_channels=256x256_fc_dims=512_seed5  completed  (7.6s)
2026-05-11 19:11:01,505 - INFO - [407/3780] gpu0  trial_0040_lr=1.0e-03_weight_decay=1.0e-05_kernel_sizes=10x5_conv_channels=256x256_fc_dims=512_seed6  completed  (7.7s)
2026-05-11 19:11:05,000 - INFO - [408/3780] gpu1  trial_0040_lr=1.0e-03_weight_decay=1.0e-05_kernel_sizes=10x5_conv_channels=256x256_fc_dims=512_seed7  completed  (7.6s)
2026-05-11 19:11:09,022 - INFO - [409/3780] gpu0  trial_0040_lr=1.0e-03_weight_decay=1.0e-05_kernel_sizes=10x5_conv_channels=256x256_fc_dims=512_seed8  completed  (7.5s)
2026-05-11 19:11:12,397 - INFO - [410/3780] gpu1  trial_0040_lr=1.0e-03_weight_decay=1.0e-05_kernel_sizes=10x5_conv_channels=256x256_fc_dims=512_seed9  completed  (7.4s)
2026-05-11 19:11:16,526 - INFO - [411/3780] gpu0  trial_0041_lr=1.0e-03_weight_decay=1.0e-04_kernel_sizes=10x5_conv_channels=256x256_fc_dims=512_seed0  completed  (7.5s)
2026-05-11 19:11:20,005 - INFO - [412/3780] gpu1  trial_0041_lr=1.0e-03_weight_decay=1.0e-04_kernel_sizes=10x5_conv_channels=256x256_fc_dims=512_seed1  completed  (7.6s)
2026-05-11 19:11:22,336 - INFO - [413/3780] gpu1  trial_0041_lr=1.0e-03_weight_decay=1.0e-04_kernel_sizes=10x5_conv_channels=256x256_fc_dims=512_seed3  completed  (2.3s)
2026-05-11 19:11:23,865 - INFO - [414/3780] gpu0  trial_0041_lr=1.0e-03_weight_decay=1.0e-04_kernel_sizes=10x5_conv_channels=256x256_fc_dims=512_seed2  completed  (7.3s)
2026-05-11 19:11:29,840 - INFO - [415/3780] gpu1  trial_0041_lr=1.0e-03_weight_decay=1.0e-04_kernel_sizes=10x5_conv_channels=256x256_fc_dims=512_seed5  completed  (7.5s)
2026-05-11 19:11:31,494 - INFO - [416/3780] gpu0  trial_0041_lr=1.0e-03_weight_decay=1.0e-04_kernel_sizes=10x5_conv_channels=256x256_fc_dims=512_seed4  completed  (7.6s)
2026-05-11 19:11:37,204 - INFO - [417/3780] gpu1  trial_0041_lr=1.0e-03_weight_decay=1.0e-04_kernel_sizes=10x5_conv_channels=256x256_fc_dims=512_seed7  completed  (7.4s)
2026-05-11 19:11:39,070 - INFO - [418/3780] gpu0  trial_0041_lr=1.0e-03_weight_decay=1.0e-04_kernel_sizes=10x5_conv_channels=256x256_fc_dims=512_seed6  completed  (7.6s)
2026-05-11 19:11:44,738 - INFO - [419/3780] gpu1  trial_0041_lr=1.0e-03_weight_decay=1.0e-04_kernel_sizes=10x5_conv_channels=256x256_fc_dims=512_seed9  completed  (7.5s)
2026-05-11 19:11:46,638 - INFO - [420/3780] gpu0  trial_0041_lr=1.0e-03_weight_decay=1.0e-04_kernel_sizes=10x5_conv_channels=256x256_fc_dims=512_seed8  completed  (7.6s)
2026-05-11 19:11:52,373 - INFO - [421/3780] gpu1  trial_0042_lr=3.0e-03_weight_decay=0_kernel_sizes=10x5_conv_channels=256x256_fc_dims=512_seed1  completed  (7.6s)
2026-05-11 19:11:54,030 - INFO - [422/3780] gpu0  trial_0042_lr=3.0e-03_weight_decay=0_kernel_sizes=10x5_conv_channels=256x256_fc_dims=512_seed0  completed  (7.4s)
2026-05-11 19:11:59,915 - INFO - [423/3780] gpu1  trial_0042_lr=3.0e-03_weight_decay=0_kernel_sizes=10x5_conv_channels=256x256_fc_dims=512_seed3  completed  (7.5s)
2026-05-11 19:12:01,597 - INFO - [424/3780] gpu0  trial_0042_lr=3.0e-03_weight_decay=0_kernel_sizes=10x5_conv_channels=256x256_fc_dims=512_seed2  completed  (7.6s)
2026-05-11 19:12:07,620 - INFO - [425/3780] gpu1  trial_0042_lr=3.0e-03_weight_decay=0_kernel_sizes=10x5_conv_channels=256x256_fc_dims=512_seed5  completed  (7.7s)
2026-05-11 19:12:09,092 - INFO - [426/3780] gpu0  trial_0042_lr=3.0e-03_weight_decay=0_kernel_sizes=10x5_conv_channels=256x256_fc_dims=512_seed4  completed  (7.5s)
2026-05-11 19:12:15,029 - INFO - [427/3780] gpu1  trial_0042_lr=3.0e-03_weight_decay=0_kernel_sizes=10x5_conv_channels=256x256_fc_dims=512_seed7  completed  (7.4s)
2026-05-11 19:12:16,555 - INFO - [428/3780] gpu0  trial_0042_lr=3.0e-03_weight_decay=0_kernel_sizes=10x5_conv_channels=256x256_fc_dims=512_seed6  completed  (7.5s)
2026-05-11 19:12:22,600 - INFO - [429/3780] gpu1  trial_0042_lr=3.0e-03_weight_decay=0_kernel_sizes=10x5_conv_channels=256x256_fc_dims=512_seed9  completed  (7.6s)
2026-05-11 19:12:23,961 - INFO - [430/3780] gpu0  trial_0042_lr=3.0e-03_weight_decay=0_kernel_sizes=10x5_conv_channels=256x256_fc_dims=512_seed8  completed  (7.4s)
2026-05-11 19:12:30,031 - INFO - [431/3780] gpu1  trial_0043_lr=3.0e-03_weight_decay=1.0e-05_kernel_sizes=10x5_conv_channels=256x256_fc_dims=512_seed1  completed  (7.4s)
2026-05-11 19:12:31,502 - INFO - [432/3780] gpu0  trial_0043_lr=3.0e-03_weight_decay=1.0e-05_kernel_sizes=10x5_conv_channels=256x256_fc_dims=512_seed0  completed  (7.5s)
2026-05-11 19:12:37,533 - INFO - [433/3780] gpu1  trial_0043_lr=3.0e-03_weight_decay=1.0e-05_kernel_sizes=10x5_conv_channels=256x256_fc_dims=512_seed3  completed  (7.5s)
2026-05-11 19:12:39,053 - INFO - [434/3780] gpu0  trial_0043_lr=3.0e-03_weight_decay=1.0e-05_kernel_sizes=10x5_conv_channels=256x256_fc_dims=512_seed2  completed  (7.5s)
2026-05-11 19:12:44,997 - INFO - [435/3780] gpu1  trial_0043_lr=3.0e-03_weight_decay=1.0e-05_kernel_sizes=10x5_conv_channels=256x256_fc_dims=512_seed5  completed  (7.5s)
2026-05-11 19:12:46,603 - INFO - [436/3780] gpu0  trial_0043_lr=3.0e-03_weight_decay=1.0e-05_kernel_sizes=10x5_conv_channels=256x256_fc_dims=512_seed4  completed  (7.5s)
2026-05-11 19:12:52,531 - INFO - [437/3780] gpu1  trial_0043_lr=3.0e-03_weight_decay=1.0e-05_kernel_sizes=10x5_conv_channels=256x256_fc_dims=512_seed7  completed  (7.5s)
2026-05-11 19:12:54,176 - INFO - [438/3780] gpu0  trial_0043_lr=3.0e-03_weight_decay=1.0e-05_kernel_sizes=10x5_conv_channels=256x256_fc_dims=512_seed6  completed  (7.6s)
2026-05-11 19:12:59,974 - INFO - [439/3780] gpu1  trial_0043_lr=3.0e-03_weight_decay=1.0e-05_kernel_sizes=10x5_conv_channels=256x256_fc_dims=512_seed9  completed  (7.4s)
2026-05-11 19:13:01,705 - INFO - [440/3780] gpu0  trial_0043_lr=3.0e-03_weight_decay=1.0e-05_kernel_sizes=10x5_conv_channels=256x256_fc_dims=512_seed8  completed  (7.5s)
2026-05-11 19:13:07,421 - INFO - [441/3780] gpu1  trial_0044_lr=3.0e-03_weight_decay=1.0e-04_kernel_sizes=10x5_conv_channels=256x256_fc_dims=512_seed1  completed  (7.4s)
2026-05-11 19:13:09,279 - INFO - [442/3780] gpu0  trial_0044_lr=3.0e-03_weight_decay=1.0e-04_kernel_sizes=10x5_conv_channels=256x256_fc_dims=512_seed0  completed  (7.6s)
2026-05-11 19:13:14,944 - INFO - [443/3780] gpu1  trial_0044_lr=3.0e-03_weight_decay=1.0e-04_kernel_sizes=10x5_conv_channels=256x256_fc_dims=512_seed3  completed  (7.5s)
2026-05-11 19:13:16,716 - INFO - [444/3780] gpu0  trial_0044_lr=3.0e-03_weight_decay=1.0e-04_kernel_sizes=10x5_conv_channels=256x256_fc_dims=512_seed2  completed  (7.4s)
2026-05-11 19:13:22,560 - INFO - [445/3780] gpu1  trial_0044_lr=3.0e-03_weight_decay=1.0e-04_kernel_sizes=10x5_conv_channels=256x256_fc_dims=512_seed5  completed  (7.6s)
2026-05-11 19:13:24,186 - INFO - [446/3780] gpu0  trial_0044_lr=3.0e-03_weight_decay=1.0e-04_kernel_sizes=10x5_conv_channels=256x256_fc_dims=512_seed4  completed  (7.5s)
2026-05-11 19:13:30,056 - INFO - [447/3780] gpu1  trial_0044_lr=3.0e-03_weight_decay=1.0e-04_kernel_sizes=10x5_conv_channels=256x256_fc_dims=512_seed7  completed  (7.5s)
2026-05-11 19:13:31,003 - INFO - [448/3780] gpu0  trial_0044_lr=3.0e-03_weight_decay=1.0e-04_kernel_sizes=10x5_conv_channels=256x256_fc_dims=512_seed6  completed  (6.8s)
2026-05-11 19:13:37,432 - INFO - [449/3780] gpu1  trial_0044_lr=3.0e-03_weight_decay=1.0e-04_kernel_sizes=10x5_conv_channels=256x256_fc_dims=512_seed9  completed  (7.4s)
2026-05-11 19:13:38,439 - INFO - [450/3780] gpu0  trial_0044_lr=3.0e-03_weight_decay=1.0e-04_kernel_sizes=10x5_conv_channels=256x256_fc_dims=512_seed8  completed  (7.4s)
2026-05-11 19:13:40,288 - INFO - [451/3780] gpu1  trial_0045_lr=3.0e-04_weight_decay=0_kernel_sizes=10x5_conv_channels=256x256_fc_dims=512x256_seed1  completed  (2.9s)
2026-05-11 19:13:41,284 - INFO - [452/3780] gpu0  trial_0045_lr=3.0e-04_weight_decay=0_kernel_sizes=10x5_conv_channels=256x256_fc_dims=512x256_seed0  completed  (2.8s)
2026-05-11 19:13:43,122 - INFO - [453/3780] gpu1  trial_0045_lr=3.0e-04_weight_decay=0_kernel_sizes=10x5_conv_channels=256x256_fc_dims=512x256_seed3  completed  (2.8s)
2026-05-11 19:13:44,135 - INFO - [454/3780] gpu0  trial_0045_lr=3.0e-04_weight_decay=0_kernel_sizes=10x5_conv_channels=256x256_fc_dims=512x256_seed2  completed  (2.8s)
2026-05-11 19:13:45,942 - INFO - [455/3780] gpu1  trial_0045_lr=3.0e-04_weight_decay=0_kernel_sizes=10x5_conv_channels=256x256_fc_dims=512x256_seed5  completed  (2.8s)
2026-05-11 19:13:47,871 - INFO - [456/3780] gpu0  trial_0045_lr=3.0e-04_weight_decay=0_kernel_sizes=10x5_conv_channels=256x256_fc_dims=512x256_seed4  completed  (3.7s)
2026-05-11 19:13:48,746 - INFO - [457/3780] gpu1  trial_0045_lr=3.0e-04_weight_decay=0_kernel_sizes=10x5_conv_channels=256x256_fc_dims=512x256_seed7  completed  (2.8s)
2026-05-11 19:13:50,707 - INFO - [458/3780] gpu0  trial_0045_lr=3.0e-04_weight_decay=0_kernel_sizes=10x5_conv_channels=256x256_fc_dims=512x256_seed6  completed  (2.8s)
2026-05-11 19:13:51,622 - INFO - [459/3780] gpu1  trial_0045_lr=3.0e-04_weight_decay=0_kernel_sizes=10x5_conv_channels=256x256_fc_dims=512x256_seed9  completed  (2.9s)
2026-05-11 19:13:53,570 - INFO - [460/3780] gpu0  trial_0045_lr=3.0e-04_weight_decay=0_kernel_sizes=10x5_conv_channels=256x256_fc_dims=512x256_seed8  completed  (2.9s)
2026-05-11 19:13:54,525 - INFO - [461/3780] gpu1  trial_0046_lr=3.0e-04_weight_decay=1.0e-05_kernel_sizes=10x5_conv_channels=256x256_fc_dims=512x256_seed1  completed  (2.9s)
2026-05-11 19:13:56,437 - INFO - [462/3780] gpu0  trial_0046_lr=3.0e-04_weight_decay=1.0e-05_kernel_sizes=10x5_conv_channels=256x256_fc_dims=512x256_seed0  completed  (2.9s)
2026-05-11 19:13:57,409 - INFO - [463/3780] gpu1  trial_0046_lr=3.0e-04_weight_decay=1.0e-05_kernel_sizes=10x5_conv_channels=256x256_fc_dims=512x256_seed3  completed  (2.9s)
2026-05-11 19:13:59,343 - INFO - [464/3780] gpu0  trial_0046_lr=3.0e-04_weight_decay=1.0e-05_kernel_sizes=10x5_conv_channels=256x256_fc_dims=512x256_seed2  completed  (2.9s)
2026-05-11 19:14:00,266 - INFO - [465/3780] gpu1  trial_0046_lr=3.0e-04_weight_decay=1.0e-05_kernel_sizes=10x5_conv_channels=256x256_fc_dims=512x256_seed5  completed  (2.9s)
2026-05-11 19:14:03,144 - INFO - [466/3780] gpu0  trial_0046_lr=3.0e-04_weight_decay=1.0e-05_kernel_sizes=10x5_conv_channels=256x256_fc_dims=512x256_seed4  completed  (3.8s)
2026-05-11 19:14:03,149 - INFO - [467/3780] gpu1  trial_0046_lr=3.0e-04_weight_decay=1.0e-05_kernel_sizes=10x5_conv_channels=256x256_fc_dims=512x256_seed7  completed  (2.9s)
2026-05-11 19:14:05,948 - INFO - [468/3780] gpu1  trial_0046_lr=3.0e-04_weight_decay=1.0e-05_kernel_sizes=10x5_conv_channels=256x256_fc_dims=512x256_seed9  completed  (2.8s)
2026-05-11 19:14:05,962 - INFO - [469/3780] gpu0  trial_0046_lr=3.0e-04_weight_decay=1.0e-05_kernel_sizes=10x5_conv_channels=256x256_fc_dims=512x256_seed6  completed  (2.8s)
2026-05-11 19:14:08,787 - INFO - [470/3780] gpu0  trial_0046_lr=3.0e-04_weight_decay=1.0e-05_kernel_sizes=10x5_conv_channels=256x256_fc_dims=512x256_seed8  completed  (2.8s)
2026-05-11 19:14:08,809 - INFO - [471/3780] gpu1  trial_0047_lr=3.0e-04_weight_decay=1.0e-04_kernel_sizes=10x5_conv_channels=256x256_fc_dims=512x256_seed1  completed  (2.9s)
2026-05-11 19:14:11,645 - INFO - [472/3780] gpu0  trial_0047_lr=3.0e-04_weight_decay=1.0e-04_kernel_sizes=10x5_conv_channels=256x256_fc_dims=512x256_seed0  completed  (2.9s)
2026-05-11 19:14:11,655 - INFO - [473/3780] gpu1  trial_0047_lr=3.0e-04_weight_decay=1.0e-04_kernel_sizes=10x5_conv_channels=256x256_fc_dims=512x256_seed3  completed  (2.8s)
2026-05-11 19:14:14,489 - INFO - [474/3780] gpu1  trial_0047_lr=3.0e-04_weight_decay=1.0e-04_kernel_sizes=10x5_conv_channels=256x256_fc_dims=512x256_seed5  completed  (2.8s)
2026-05-11 19:14:14,492 - INFO - [475/3780] gpu0  trial_0047_lr=3.0e-04_weight_decay=1.0e-04_kernel_sizes=10x5_conv_channels=256x256_fc_dims=512x256_seed2  completed  (2.8s)
2026-05-11 19:14:17,348 - INFO - [476/3780] gpu1  trial_0047_lr=3.0e-04_weight_decay=1.0e-04_kernel_sizes=10x5_conv_channels=256x256_fc_dims=512x256_seed7  completed  (2.9s)
2026-05-11 19:14:18,194 - INFO - [477/3780] gpu0  trial_0047_lr=3.0e-04_weight_decay=1.0e-04_kernel_sizes=10x5_conv_channels=256x256_fc_dims=512x256_seed4  completed  (3.7s)
2026-05-11 19:14:20,431 - INFO - [478/3780] gpu1  trial_0047_lr=3.0e-04_weight_decay=1.0e-04_kernel_sizes=10x5_conv_channels=256x256_fc_dims=512x256_seed9  completed  (3.1s)
2026-05-11 19:14:22,012 - INFO - [479/3780] gpu0  trial_0047_lr=3.0e-04_weight_decay=1.0e-04_kernel_sizes=10x5_conv_channels=256x256_fc_dims=512x256_seed6  completed  (3.8s)
2026-05-11 19:14:28,204 - INFO - [480/3780] gpu1  trial_0048_lr=1.0e-03_weight_decay=0_kernel_sizes=10x5_conv_channels=256x256_fc_dims=512x256_seed1  completed  (7.8s)
2026-05-11 19:14:28,847 - INFO - [481/3780] gpu0  trial_0047_lr=3.0e-04_weight_decay=1.0e-04_kernel_sizes=10x5_conv_channels=256x256_fc_dims=512x256_seed8  completed  (6.8s)
2026-05-11 19:14:32,222 - INFO - [482/3780] gpu0  trial_0048_lr=1.0e-03_weight_decay=0_kernel_sizes=10x5_conv_channels=256x256_fc_dims=512x256_seed0  completed  (3.4s)
2026-05-11 19:14:35,870 - INFO - [483/3780] gpu1  trial_0048_lr=1.0e-03_weight_decay=0_kernel_sizes=10x5_conv_channels=256x256_fc_dims=512x256_seed3  completed  (7.7s)
2026-05-11 19:14:38,955 - INFO - [484/3780] gpu0  trial_0048_lr=1.0e-03_weight_decay=0_kernel_sizes=10x5_conv_channels=256x256_fc_dims=512x256_seed2  completed  (6.7s)
2026-05-11 19:14:43,614 - INFO - [485/3780] gpu1  trial_0048_lr=1.0e-03_weight_decay=0_kernel_sizes=10x5_conv_channels=256x256_fc_dims=512x256_seed5  completed  (7.7s)
2026-05-11 19:14:46,719 - INFO - [486/3780] gpu0  trial_0048_lr=1.0e-03_weight_decay=0_kernel_sizes=10x5_conv_channels=256x256_fc_dims=512x256_seed4  completed  (7.8s)
2026-05-11 19:14:51,251 - INFO - [487/3780] gpu1  trial_0048_lr=1.0e-03_weight_decay=0_kernel_sizes=10x5_conv_channels=256x256_fc_dims=512x256_seed7  completed  (7.6s)
2026-05-11 19:14:54,542 - INFO - [488/3780] gpu0  trial_0048_lr=1.0e-03_weight_decay=0_kernel_sizes=10x5_conv_channels=256x256_fc_dims=512x256_seed6  completed  (7.8s)
2026-05-11 19:14:58,869 - INFO - [489/3780] gpu1  trial_0048_lr=1.0e-03_weight_decay=0_kernel_sizes=10x5_conv_channels=256x256_fc_dims=512x256_seed9  completed  (7.6s)
2026-05-11 19:15:02,460 - INFO - [490/3780] gpu0  trial_0048_lr=1.0e-03_weight_decay=0_kernel_sizes=10x5_conv_channels=256x256_fc_dims=512x256_seed8  completed  (7.9s)
2026-05-11 19:15:05,809 - INFO - [491/3780] gpu0  trial_0049_lr=1.0e-03_weight_decay=1.0e-05_kernel_sizes=10x5_conv_channels=256x256_fc_dims=512x256_seed0  completed  (3.3s)
2026-05-11 19:15:06,334 - INFO - [492/3780] gpu1  trial_0049_lr=1.0e-03_weight_decay=1.0e-05_kernel_sizes=10x5_conv_channels=256x256_fc_dims=512x256_seed1  completed  (7.5s)
2026-05-11 19:15:13,715 - INFO - [493/3780] gpu0  trial_0049_lr=1.0e-03_weight_decay=1.0e-05_kernel_sizes=10x5_conv_channels=256x256_fc_dims=512x256_seed2  completed  (7.9s)
2026-05-11 19:15:13,915 - INFO - [494/3780] gpu1  trial_0049_lr=1.0e-03_weight_decay=1.0e-05_kernel_sizes=10x5_conv_channels=256x256_fc_dims=512x256_seed3  completed  (7.6s)
2026-05-11 19:15:21,468 - INFO - [495/3780] gpu0  trial_0049_lr=1.0e-03_weight_decay=1.0e-05_kernel_sizes=10x5_conv_channels=256x256_fc_dims=512x256_seed4  completed  (7.8s)
2026-05-11 19:15:21,752 - INFO - [496/3780] gpu1  trial_0049_lr=1.0e-03_weight_decay=1.0e-05_kernel_sizes=10x5_conv_channels=256x256_fc_dims=512x256_seed5  completed  (7.8s)
2026-05-11 19:15:29,345 - INFO - [497/3780] gpu1  trial_0049_lr=1.0e-03_weight_decay=1.0e-05_kernel_sizes=10x5_conv_channels=256x256_fc_dims=512x256_seed7  completed  (7.6s)
2026-05-11 19:15:29,390 - INFO - [498/3780] gpu0  trial_0049_lr=1.0e-03_weight_decay=1.0e-05_kernel_sizes=10x5_conv_channels=256x256_fc_dims=512x256_seed6  completed  (7.9s)
2026-05-11 19:15:36,977 - INFO - [499/3780] gpu1  trial_0049_lr=1.0e-03_weight_decay=1.0e-05_kernel_sizes=10x5_conv_channels=256x256_fc_dims=512x256_seed9  completed  (7.6s)
2026-05-11 19:15:37,135 - INFO - [500/3780] gpu0  trial_0049_lr=1.0e-03_weight_decay=1.0e-05_kernel_sizes=10x5_conv_channels=256x256_fc_dims=512x256_seed8  completed  (7.7s)
2026-05-11 19:15:44,127 - INFO - [501/3780] gpu1  trial_0050_lr=1.0e-03_weight_decay=1.0e-04_kernel_sizes=10x5_conv_channels=256x256_fc_dims=512x256_seed1  completed  (7.1s)
2026-05-11 19:15:44,886 - INFO - [502/3780] gpu0  trial_0050_lr=1.0e-03_weight_decay=1.0e-04_kernel_sizes=10x5_conv_channels=256x256_fc_dims=512x256_seed0  completed  (7.8s)
2026-05-11 19:15:51,890 - INFO - [503/3780] gpu1  trial_0050_lr=1.0e-03_weight_decay=1.0e-04_kernel_sizes=10x5_conv_channels=256x256_fc_dims=512x256_seed3  completed  (7.8s)
2026-05-11 19:15:52,717 - INFO - [504/3780] gpu0  trial_0050_lr=1.0e-03_weight_decay=1.0e-04_kernel_sizes=10x5_conv_channels=256x256_fc_dims=512x256_seed2  completed  (7.8s)
2026-05-11 19:15:59,535 - INFO - [505/3780] gpu1  trial_0050_lr=1.0e-03_weight_decay=1.0e-04_kernel_sizes=10x5_conv_channels=256x256_fc_dims=512x256_seed5  completed  (7.6s)
2026-05-11 19:16:00,758 - INFO - [506/3780] gpu0  trial_0050_lr=1.0e-03_weight_decay=1.0e-04_kernel_sizes=10x5_conv_channels=256x256_fc_dims=512x256_seed4  completed  (8.0s)
2026-05-11 19:16:07,209 - INFO - [507/3780] gpu1  trial_0050_lr=1.0e-03_weight_decay=1.0e-04_kernel_sizes=10x5_conv_channels=256x256_fc_dims=512x256_seed7  completed  (7.7s)
2026-05-11 19:16:08,614 - INFO - [508/3780] gpu0  trial_0050_lr=1.0e-03_weight_decay=1.0e-04_kernel_sizes=10x5_conv_channels=256x256_fc_dims=512x256_seed6  completed  (7.9s)
2026-05-11 19:16:11,853 - INFO - [509/3780] gpu1  trial_0050_lr=1.0e-03_weight_decay=1.0e-04_kernel_sizes=10x5_conv_channels=256x256_fc_dims=512x256_seed9  completed  (4.6s)
2026-05-11 19:16:16,407 - INFO - [510/3780] gpu0  trial_0050_lr=1.0e-03_weight_decay=1.0e-04_kernel_sizes=10x5_conv_channels=256x256_fc_dims=512x256_seed8  completed  (7.8s)
2026-05-11 19:16:19,735 - INFO - [511/3780] gpu1  trial_0051_lr=3.0e-03_weight_decay=0_kernel_sizes=10x5_conv_channels=256x256_fc_dims=512x256_seed1  completed  (7.9s)
2026-05-11 19:16:24,244 - INFO - [512/3780] gpu0  trial_0051_lr=3.0e-03_weight_decay=0_kernel_sizes=10x5_conv_channels=256x256_fc_dims=512x256_seed0  completed  (7.8s)
2026-05-11 19:16:27,526 - INFO - [513/3780] gpu1  trial_0051_lr=3.0e-03_weight_decay=0_kernel_sizes=10x5_conv_channels=256x256_fc_dims=512x256_seed3  completed  (7.8s)
2026-05-11 19:16:32,082 - INFO - [514/3780] gpu0  trial_0051_lr=3.0e-03_weight_decay=0_kernel_sizes=10x5_conv_channels=256x256_fc_dims=512x256_seed2  completed  (7.8s)
2026-05-11 19:16:35,164 - INFO - [515/3780] gpu1  trial_0051_lr=3.0e-03_weight_decay=0_kernel_sizes=10x5_conv_channels=256x256_fc_dims=512x256_seed5  completed  (7.6s)
2026-05-11 19:16:39,966 - INFO - [516/3780] gpu0  trial_0051_lr=3.0e-03_weight_decay=0_kernel_sizes=10x5_conv_channels=256x256_fc_dims=512x256_seed4  completed  (7.9s)
2026-05-11 19:16:42,925 - INFO - [517/3780] gpu1  trial_0051_lr=3.0e-03_weight_decay=0_kernel_sizes=10x5_conv_channels=256x256_fc_dims=512x256_seed7  completed  (7.8s)
2026-05-11 19:16:47,981 - INFO - [518/3780] gpu0  trial_0051_lr=3.0e-03_weight_decay=0_kernel_sizes=10x5_conv_channels=256x256_fc_dims=512x256_seed6  completed  (8.0s)
2026-05-11 19:16:50,813 - INFO - [519/3780] gpu1  trial_0051_lr=3.0e-03_weight_decay=0_kernel_sizes=10x5_conv_channels=256x256_fc_dims=512x256_seed9  completed  (7.9s)
2026-05-11 19:16:55,694 - INFO - [520/3780] gpu0  trial_0051_lr=3.0e-03_weight_decay=0_kernel_sizes=10x5_conv_channels=256x256_fc_dims=512x256_seed8  completed  (7.7s)
2026-05-11 19:16:58,347 - INFO - [521/3780] gpu1  trial_0052_lr=3.0e-03_weight_decay=1.0e-05_kernel_sizes=10x5_conv_channels=256x256_fc_dims=512x256_seed1  completed  (7.5s)
2026-05-11 19:17:03,747 - INFO - [522/3780] gpu0  trial_0052_lr=3.0e-03_weight_decay=1.0e-05_kernel_sizes=10x5_conv_channels=256x256_fc_dims=512x256_seed0  completed  (8.1s)
2026-05-11 19:17:05,946 - INFO - [523/3780] gpu1  trial_0052_lr=3.0e-03_weight_decay=1.0e-05_kernel_sizes=10x5_conv_channels=256x256_fc_dims=512x256_seed3  completed  (7.6s)
2026-05-11 19:17:11,531 - INFO - [524/3780] gpu0  trial_0052_lr=3.0e-03_weight_decay=1.0e-05_kernel_sizes=10x5_conv_channels=256x256_fc_dims=512x256_seed2  completed  (7.8s)
2026-05-11 19:17:13,942 - INFO - [525/3780] gpu1  trial_0052_lr=3.0e-03_weight_decay=1.0e-05_kernel_sizes=10x5_conv_channels=256x256_fc_dims=512x256_seed5  completed  (8.0s)
2026-05-11 19:17:19,434 - INFO - [526/3780] gpu0  trial_0052_lr=3.0e-03_weight_decay=1.0e-05_kernel_sizes=10x5_conv_channels=256x256_fc_dims=512x256_seed4  completed  (7.9s)
2026-05-11 19:17:21,785 - INFO - [527/3780] gpu1  trial_0052_lr=3.0e-03_weight_decay=1.0e-05_kernel_sizes=10x5_conv_channels=256x256_fc_dims=512x256_seed7  completed  (7.8s)
2026-05-11 19:17:27,298 - INFO - [528/3780] gpu0  trial_0052_lr=3.0e-03_weight_decay=1.0e-05_kernel_sizes=10x5_conv_channels=256x256_fc_dims=512x256_seed6  completed  (7.9s)
2026-05-11 19:17:29,540 - INFO - [529/3780] gpu1  trial_0052_lr=3.0e-03_weight_decay=1.0e-05_kernel_sizes=10x5_conv_channels=256x256_fc_dims=512x256_seed9  completed  (7.8s)
2026-05-11 19:17:33,076 - INFO - [530/3780] gpu0  trial_0052_lr=3.0e-03_weight_decay=1.0e-05_kernel_sizes=10x5_conv_channels=256x256_fc_dims=512x256_seed8  completed  (5.8s)
2026-05-11 19:17:37,371 - INFO - [531/3780] gpu1  trial_0053_lr=3.0e-03_weight_decay=1.0e-04_kernel_sizes=10x5_conv_channels=256x256_fc_dims=512x256_seed1  completed  (7.8s)
2026-05-11 19:17:40,933 - INFO - [532/3780] gpu0  trial_0053_lr=3.0e-03_weight_decay=1.0e-04_kernel_sizes=10x5_conv_channels=256x256_fc_dims=512x256_seed0  completed  (7.9s)
2026-05-11 19:17:45,231 - INFO - [533/3780] gpu1  trial_0053_lr=3.0e-03_weight_decay=1.0e-04_kernel_sizes=10x5_conv_channels=256x256_fc_dims=512x256_seed3  completed  (7.9s)
2026-05-11 19:17:48,877 - INFO - [534/3780] gpu0  trial_0053_lr=3.0e-03_weight_decay=1.0e-04_kernel_sizes=10x5_conv_channels=256x256_fc_dims=512x256_seed2  completed  (7.9s)
2026-05-11 19:17:52,969 - INFO - [535/3780] gpu1  trial_0053_lr=3.0e-03_weight_decay=1.0e-04_kernel_sizes=10x5_conv_channels=256x256_fc_dims=512x256_seed5  completed  (7.7s)
2026-05-11 19:17:56,685 - INFO - [536/3780] gpu0  trial_0053_lr=3.0e-03_weight_decay=1.0e-04_kernel_sizes=10x5_conv_channels=256x256_fc_dims=512x256_seed4  completed  (7.8s)
2026-05-11 19:18:00,958 - INFO - [537/3780] gpu1  trial_0053_lr=3.0e-03_weight_decay=1.0e-04_kernel_sizes=10x5_conv_channels=256x256_fc_dims=512x256_seed7  completed  (8.0s)
2026-05-11 19:18:04,534 - INFO - [538/3780] gpu0  trial_0053_lr=3.0e-03_weight_decay=1.0e-04_kernel_sizes=10x5_conv_channels=256x256_fc_dims=512x256_seed6  completed  (7.8s)
2026-05-11 19:18:08,854 - INFO - [539/3780] gpu1  trial_0053_lr=3.0e-03_weight_decay=1.0e-04_kernel_sizes=10x5_conv_channels=256x256_fc_dims=512x256_seed9  completed  (7.9s)
2026-05-11 19:18:12,386 - INFO - [540/3780] gpu0  trial_0053_lr=3.0e-03_weight_decay=1.0e-04_kernel_sizes=10x5_conv_channels=256x256_fc_dims=512x256_seed8  completed  (7.9s)
2026-05-11 19:18:16,246 - INFO - [541/3780] gpu1  trial_0054_lr=3.0e-04_weight_decay=0_kernel_sizes=10x3_conv_channels=256x256_fc_dims=256_seed1  completed  (7.4s)
2026-05-11 19:18:19,827 - INFO - [542/3780] gpu0  trial_0054_lr=3.0e-04_weight_decay=0_kernel_sizes=10x3_conv_channels=256x256_fc_dims=256_seed0  completed  (7.4s)
2026-05-11 19:18:23,565 - INFO - [543/3780] gpu1  trial_0054_lr=3.0e-04_weight_decay=0_kernel_sizes=10x3_conv_channels=256x256_fc_dims=256_seed3  completed  (7.3s)
2026-05-11 19:18:27,176 - INFO - [544/3780] gpu0  trial_0054_lr=3.0e-04_weight_decay=0_kernel_sizes=10x3_conv_channels=256x256_fc_dims=256_seed2  completed  (7.3s)
2026-05-11 19:18:30,904 - INFO - [545/3780] gpu1  trial_0054_lr=3.0e-04_weight_decay=0_kernel_sizes=10x3_conv_channels=256x256_fc_dims=256_seed5  completed  (7.3s)
2026-05-11 19:18:34,566 - INFO - [546/3780] gpu0  trial_0054_lr=3.0e-04_weight_decay=0_kernel_sizes=10x3_conv_channels=256x256_fc_dims=256_seed4  completed  (7.4s)
2026-05-11 19:18:38,236 - INFO - [547/3780] gpu1  trial_0054_lr=3.0e-04_weight_decay=0_kernel_sizes=10x3_conv_channels=256x256_fc_dims=256_seed7  completed  (7.3s)
2026-05-11 19:18:41,862 - INFO - [548/3780] gpu0  trial_0054_lr=3.0e-04_weight_decay=0_kernel_sizes=10x3_conv_channels=256x256_fc_dims=256_seed6  completed  (7.3s)
2026-05-11 19:18:45,308 - INFO - [549/3780] gpu1  trial_0054_lr=3.0e-04_weight_decay=0_kernel_sizes=10x3_conv_channels=256x256_fc_dims=256_seed9  completed  (7.1s)
2026-05-11 19:18:49,242 - INFO - [550/3780] gpu0  trial_0054_lr=3.0e-04_weight_decay=0_kernel_sizes=10x3_conv_channels=256x256_fc_dims=256_seed8  completed  (7.4s)
2026-05-11 19:18:52,635 - INFO - [551/3780] gpu1  trial_0055_lr=3.0e-04_weight_decay=1.0e-05_kernel_sizes=10x3_conv_channels=256x256_fc_dims=256_seed1  completed  (7.3s)
2026-05-11 19:18:56,513 - INFO - [552/3780] gpu0  trial_0055_lr=3.0e-04_weight_decay=1.0e-05_kernel_sizes=10x3_conv_channels=256x256_fc_dims=256_seed0  completed  (7.3s)
2026-05-11 19:19:00,027 - INFO - [553/3780] gpu1  trial_0055_lr=3.0e-04_weight_decay=1.0e-05_kernel_sizes=10x3_conv_channels=256x256_fc_dims=256_seed3  completed  (7.4s)
2026-05-11 19:19:03,980 - INFO - [554/3780] gpu0  trial_0055_lr=3.0e-04_weight_decay=1.0e-05_kernel_sizes=10x3_conv_channels=256x256_fc_dims=256_seed2  completed  (7.5s)
2026-05-11 19:19:07,259 - INFO - [555/3780] gpu1  trial_0055_lr=3.0e-04_weight_decay=1.0e-05_kernel_sizes=10x3_conv_channels=256x256_fc_dims=256_seed5  completed  (7.2s)
2026-05-11 19:19:11,307 - INFO - [556/3780] gpu0  trial_0055_lr=3.0e-04_weight_decay=1.0e-05_kernel_sizes=10x3_conv_channels=256x256_fc_dims=256_seed4  completed  (7.3s)
2026-05-11 19:19:14,490 - INFO - [557/3780] gpu1  trial_0055_lr=3.0e-04_weight_decay=1.0e-05_kernel_sizes=10x3_conv_channels=256x256_fc_dims=256_seed7  completed  (7.2s)
2026-05-11 19:19:18,545 - INFO - [558/3780] gpu0  trial_0055_lr=3.0e-04_weight_decay=1.0e-05_kernel_sizes=10x3_conv_channels=256x256_fc_dims=256_seed6  completed  (7.2s)
2026-05-11 19:19:21,845 - INFO - [559/3780] gpu1  trial_0055_lr=3.0e-04_weight_decay=1.0e-05_kernel_sizes=10x3_conv_channels=256x256_fc_dims=256_seed9  completed  (7.4s)
2026-05-11 19:19:25,846 - INFO - [560/3780] gpu0  trial_0055_lr=3.0e-04_weight_decay=1.0e-05_kernel_sizes=10x3_conv_channels=256x256_fc_dims=256_seed8  completed  (7.3s)
2026-05-11 19:19:29,066 - INFO - [561/3780] gpu1  trial_0056_lr=3.0e-04_weight_decay=1.0e-04_kernel_sizes=10x3_conv_channels=256x256_fc_dims=256_seed1  completed  (7.2s)
2026-05-11 19:19:33,280 - INFO - [562/3780] gpu0  trial_0056_lr=3.0e-04_weight_decay=1.0e-04_kernel_sizes=10x3_conv_channels=256x256_fc_dims=256_seed0  completed  (7.4s)
2026-05-11 19:19:36,431 - INFO - [563/3780] gpu1  trial_0056_lr=3.0e-04_weight_decay=1.0e-04_kernel_sizes=10x3_conv_channels=256x256_fc_dims=256_seed3  completed  (7.4s)
2026-05-11 19:19:40,709 - INFO - [564/3780] gpu0  trial_0056_lr=3.0e-04_weight_decay=1.0e-04_kernel_sizes=10x3_conv_channels=256x256_fc_dims=256_seed2  completed  (7.4s)
2026-05-11 19:19:43,690 - INFO - [565/3780] gpu1  trial_0056_lr=3.0e-04_weight_decay=1.0e-04_kernel_sizes=10x3_conv_channels=256x256_fc_dims=256_seed5  completed  (7.3s)
2026-05-11 19:19:48,177 - INFO - [566/3780] gpu0  trial_0056_lr=3.0e-04_weight_decay=1.0e-04_kernel_sizes=10x3_conv_channels=256x256_fc_dims=256_seed4  completed  (7.5s)
2026-05-11 19:19:51,001 - INFO - [567/3780] gpu1  trial_0056_lr=3.0e-04_weight_decay=1.0e-04_kernel_sizes=10x3_conv_channels=256x256_fc_dims=256_seed7  completed  (7.3s)
2026-05-11 19:19:55,495 - INFO - [568/3780] gpu0  trial_0056_lr=3.0e-04_weight_decay=1.0e-04_kernel_sizes=10x3_conv_channels=256x256_fc_dims=256_seed6  completed  (7.3s)
2026-05-11 19:19:58,420 - INFO - [569/3780] gpu1  trial_0056_lr=3.0e-04_weight_decay=1.0e-04_kernel_sizes=10x3_conv_channels=256x256_fc_dims=256_seed9  completed  (7.4s)
2026-05-11 19:20:02,794 - INFO - [570/3780] gpu0  trial_0056_lr=3.0e-04_weight_decay=1.0e-04_kernel_sizes=10x3_conv_channels=256x256_fc_dims=256_seed8  completed  (7.3s)
2026-05-11 19:20:05,854 - INFO - [571/3780] gpu1  trial_0057_lr=1.0e-03_weight_decay=0_kernel_sizes=10x3_conv_channels=256x256_fc_dims=256_seed1  completed  (7.4s)
2026-05-11 19:20:10,133 - INFO - [572/3780] gpu0  trial_0057_lr=1.0e-03_weight_decay=0_kernel_sizes=10x3_conv_channels=256x256_fc_dims=256_seed0  completed  (7.3s)
2026-05-11 19:20:13,063 - INFO - [573/3780] gpu1  trial_0057_lr=1.0e-03_weight_decay=0_kernel_sizes=10x3_conv_channels=256x256_fc_dims=256_seed3  completed  (7.2s)
2026-05-11 19:20:17,469 - INFO - [574/3780] gpu0  trial_0057_lr=1.0e-03_weight_decay=0_kernel_sizes=10x3_conv_channels=256x256_fc_dims=256_seed2  completed  (7.3s)
2026-05-11 19:20:20,531 - INFO - [575/3780] gpu1  trial_0057_lr=1.0e-03_weight_decay=0_kernel_sizes=10x3_conv_channels=256x256_fc_dims=256_seed5  completed  (7.5s)
2026-05-11 19:20:24,802 - INFO - [576/3780] gpu0  trial_0057_lr=1.0e-03_weight_decay=0_kernel_sizes=10x3_conv_channels=256x256_fc_dims=256_seed4  completed  (7.3s)
2026-05-11 19:20:27,871 - INFO - [577/3780] gpu1  trial_0057_lr=1.0e-03_weight_decay=0_kernel_sizes=10x3_conv_channels=256x256_fc_dims=256_seed7  completed  (7.3s)
2026-05-11 19:20:32,192 - INFO - [578/3780] gpu0  trial_0057_lr=1.0e-03_weight_decay=0_kernel_sizes=10x3_conv_channels=256x256_fc_dims=256_seed6  completed  (7.4s)
2026-05-11 19:20:35,242 - INFO - [579/3780] gpu1  trial_0057_lr=1.0e-03_weight_decay=0_kernel_sizes=10x3_conv_channels=256x256_fc_dims=256_seed9  completed  (7.4s)
2026-05-11 19:20:39,583 - INFO - [580/3780] gpu0  trial_0057_lr=1.0e-03_weight_decay=0_kernel_sizes=10x3_conv_channels=256x256_fc_dims=256_seed8  completed  (7.4s)
2026-05-11 19:20:42,315 - INFO - [581/3780] gpu1  trial_0058_lr=1.0e-03_weight_decay=1.0e-05_kernel_sizes=10x3_conv_channels=256x256_fc_dims=256_seed1  completed  (7.1s)
2026-05-11 19:20:46,977 - INFO - [582/3780] gpu0  trial_0058_lr=1.0e-03_weight_decay=1.0e-05_kernel_sizes=10x3_conv_channels=256x256_fc_dims=256_seed0  completed  (7.4s)
2026-05-11 19:20:49,893 - INFO - [583/3780] gpu1  trial_0058_lr=1.0e-03_weight_decay=1.0e-05_kernel_sizes=10x3_conv_channels=256x256_fc_dims=256_seed3  completed  (7.6s)
2026-05-11 19:20:54,288 - INFO - [584/3780] gpu0  trial_0058_lr=1.0e-03_weight_decay=1.0e-05_kernel_sizes=10x3_conv_channels=256x256_fc_dims=256_seed2  completed  (7.3s)
2026-05-11 19:20:57,266 - INFO - [585/3780] gpu1  trial_0058_lr=1.0e-03_weight_decay=1.0e-05_kernel_sizes=10x3_conv_channels=256x256_fc_dims=256_seed5  completed  (7.4s)
2026-05-11 19:21:01,609 - INFO - [586/3780] gpu0  trial_0058_lr=1.0e-03_weight_decay=1.0e-05_kernel_sizes=10x3_conv_channels=256x256_fc_dims=256_seed4  completed  (7.3s)
2026-05-11 19:21:04,507 - INFO - [587/3780] gpu1  trial_0058_lr=1.0e-03_weight_decay=1.0e-05_kernel_sizes=10x3_conv_channels=256x256_fc_dims=256_seed7  completed  (7.2s)
2026-05-11 19:21:08,899 - INFO - [588/3780] gpu0  trial_0058_lr=1.0e-03_weight_decay=1.0e-05_kernel_sizes=10x3_conv_channels=256x256_fc_dims=256_seed6  completed  (7.3s)
2026-05-11 19:21:11,662 - INFO - [589/3780] gpu1  trial_0058_lr=1.0e-03_weight_decay=1.0e-05_kernel_sizes=10x3_conv_channels=256x256_fc_dims=256_seed9  completed  (7.2s)
2026-05-11 19:21:16,270 - INFO - [590/3780] gpu0  trial_0058_lr=1.0e-03_weight_decay=1.0e-05_kernel_sizes=10x3_conv_channels=256x256_fc_dims=256_seed8  completed  (7.4s)
2026-05-11 19:21:19,238 - INFO - [591/3780] gpu1  trial_0059_lr=1.0e-03_weight_decay=1.0e-04_kernel_sizes=10x3_conv_channels=256x256_fc_dims=256_seed1  completed  (7.6s)
2026-05-11 19:21:23,626 - INFO - [592/3780] gpu0  trial_0059_lr=1.0e-03_weight_decay=1.0e-04_kernel_sizes=10x3_conv_channels=256x256_fc_dims=256_seed0  completed  (7.4s)
2026-05-11 19:21:26,660 - INFO - [593/3780] gpu1  trial_0059_lr=1.0e-03_weight_decay=1.0e-04_kernel_sizes=10x3_conv_channels=256x256_fc_dims=256_seed3  completed  (7.4s)
2026-05-11 19:21:30,916 - INFO - [594/3780] gpu0  trial_0059_lr=1.0e-03_weight_decay=1.0e-04_kernel_sizes=10x3_conv_channels=256x256_fc_dims=256_seed2  completed  (7.3s)
2026-05-11 19:21:33,881 - INFO - [595/3780] gpu1  trial_0059_lr=1.0e-03_weight_decay=1.0e-04_kernel_sizes=10x3_conv_channels=256x256_fc_dims=256_seed5  completed  (7.2s)
2026-05-11 19:21:38,268 - INFO - [596/3780] gpu0  trial_0059_lr=1.0e-03_weight_decay=1.0e-04_kernel_sizes=10x3_conv_channels=256x256_fc_dims=256_seed4  completed  (7.4s)
2026-05-11 19:21:41,102 - INFO - [597/3780] gpu1  trial_0059_lr=1.0e-03_weight_decay=1.0e-04_kernel_sizes=10x3_conv_channels=256x256_fc_dims=256_seed7  completed  (7.2s)
2026-05-11 19:21:45,561 - INFO - [598/3780] gpu0  trial_0059_lr=1.0e-03_weight_decay=1.0e-04_kernel_sizes=10x3_conv_channels=256x256_fc_dims=256_seed6  completed  (7.3s)
2026-05-11 19:21:48,562 - INFO - [599/3780] gpu1  trial_0059_lr=1.0e-03_weight_decay=1.0e-04_kernel_sizes=10x3_conv_channels=256x256_fc_dims=256_seed9  completed  (7.5s)
2026-05-11 19:21:52,896 - INFO - [600/3780] gpu0  trial_0059_lr=1.0e-03_weight_decay=1.0e-04_kernel_sizes=10x3_conv_channels=256x256_fc_dims=256_seed8  completed  (7.3s)
2026-05-11 19:21:56,157 - INFO - [601/3780] gpu1  trial_0060_lr=3.0e-03_weight_decay=0_kernel_sizes=10x3_conv_channels=256x256_fc_dims=256_seed1  completed  (7.6s)
2026-05-11 19:22:00,160 - INFO - [602/3780] gpu0  trial_0060_lr=3.0e-03_weight_decay=0_kernel_sizes=10x3_conv_channels=256x256_fc_dims=256_seed0  completed  (7.3s)
2026-05-11 19:22:03,424 - INFO - [603/3780] gpu1  trial_0060_lr=3.0e-03_weight_decay=0_kernel_sizes=10x3_conv_channels=256x256_fc_dims=256_seed3  completed  (7.3s)
2026-05-11 19:22:07,526 - INFO - [604/3780] gpu0  trial_0060_lr=3.0e-03_weight_decay=0_kernel_sizes=10x3_conv_channels=256x256_fc_dims=256_seed2  completed  (7.4s)
2026-05-11 19:22:10,880 - INFO - [605/3780] gpu1  trial_0060_lr=3.0e-03_weight_decay=0_kernel_sizes=10x3_conv_channels=256x256_fc_dims=256_seed5  completed  (7.5s)
2026-05-11 19:22:15,011 - INFO - [606/3780] gpu0  trial_0060_lr=3.0e-03_weight_decay=0_kernel_sizes=10x3_conv_channels=256x256_fc_dims=256_seed4  completed  (7.5s)
2026-05-11 19:22:18,445 - INFO - [607/3780] gpu1  trial_0060_lr=3.0e-03_weight_decay=0_kernel_sizes=10x3_conv_channels=256x256_fc_dims=256_seed7  completed  (7.6s)
2026-05-11 19:22:22,355 - INFO - [608/3780] gpu0  trial_0060_lr=3.0e-03_weight_decay=0_kernel_sizes=10x3_conv_channels=256x256_fc_dims=256_seed6  completed  (7.3s)
2026-05-11 19:22:25,709 - INFO - [609/3780] gpu1  trial_0060_lr=3.0e-03_weight_decay=0_kernel_sizes=10x3_conv_channels=256x256_fc_dims=256_seed9  completed  (7.3s)
2026-05-11 19:22:29,779 - INFO - [610/3780] gpu0  trial_0060_lr=3.0e-03_weight_decay=0_kernel_sizes=10x3_conv_channels=256x256_fc_dims=256_seed8  completed  (7.4s)
2026-05-11 19:22:33,070 - INFO - [611/3780] gpu1  trial_0061_lr=3.0e-03_weight_decay=1.0e-05_kernel_sizes=10x3_conv_channels=256x256_fc_dims=256_seed1  completed  (7.4s)
2026-05-11 19:22:37,215 - INFO - [612/3780] gpu0  trial_0061_lr=3.0e-03_weight_decay=1.0e-05_kernel_sizes=10x3_conv_channels=256x256_fc_dims=256_seed0  completed  (7.4s)
2026-05-11 19:22:40,493 - INFO - [613/3780] gpu1  trial_0061_lr=3.0e-03_weight_decay=1.0e-05_kernel_sizes=10x3_conv_channels=256x256_fc_dims=256_seed3  completed  (7.4s)
2026-05-11 19:22:44,606 - INFO - [614/3780] gpu0  trial_0061_lr=3.0e-03_weight_decay=1.0e-05_kernel_sizes=10x3_conv_channels=256x256_fc_dims=256_seed2  completed  (7.4s)
2026-05-11 19:22:48,202 - INFO - [615/3780] gpu1  trial_0061_lr=3.0e-03_weight_decay=1.0e-05_kernel_sizes=10x3_conv_channels=256x256_fc_dims=256_seed5  completed  (7.7s)
2026-05-11 19:22:52,028 - INFO - [616/3780] gpu0  trial_0061_lr=3.0e-03_weight_decay=1.0e-05_kernel_sizes=10x3_conv_channels=256x256_fc_dims=256_seed4  completed  (7.4s)
2026-05-11 19:22:55,308 - INFO - [617/3780] gpu1  trial_0061_lr=3.0e-03_weight_decay=1.0e-05_kernel_sizes=10x3_conv_channels=256x256_fc_dims=256_seed7  completed  (7.1s)
2026-05-11 19:22:59,449 - INFO - [618/3780] gpu0  trial_0061_lr=3.0e-03_weight_decay=1.0e-05_kernel_sizes=10x3_conv_channels=256x256_fc_dims=256_seed6  completed  (7.4s)
2026-05-11 19:23:02,467 - INFO - [619/3780] gpu1  trial_0061_lr=3.0e-03_weight_decay=1.0e-05_kernel_sizes=10x3_conv_channels=256x256_fc_dims=256_seed9  completed  (7.2s)
2026-05-11 19:23:06,752 - INFO - [620/3780] gpu0  trial_0061_lr=3.0e-03_weight_decay=1.0e-05_kernel_sizes=10x3_conv_channels=256x256_fc_dims=256_seed8  completed  (7.3s)
2026-05-11 19:23:09,561 - INFO - [621/3780] gpu1  trial_0062_lr=3.0e-03_weight_decay=1.0e-04_kernel_sizes=10x3_conv_channels=256x256_fc_dims=256_seed1  completed  (7.1s)
2026-05-11 19:23:13,488 - INFO - [622/3780] gpu0  trial_0062_lr=3.0e-03_weight_decay=1.0e-04_kernel_sizes=10x3_conv_channels=256x256_fc_dims=256_seed0  completed  (6.7s)
2026-05-11 19:23:16,811 - INFO - [623/3780] gpu1  trial_0062_lr=3.0e-03_weight_decay=1.0e-04_kernel_sizes=10x3_conv_channels=256x256_fc_dims=256_seed3  completed  (7.2s)
2026-05-11 19:23:20,866 - INFO - [624/3780] gpu0  trial_0062_lr=3.0e-03_weight_decay=1.0e-04_kernel_sizes=10x3_conv_channels=256x256_fc_dims=256_seed2  completed  (7.4s)
2026-05-11 19:23:23,893 - INFO - [625/3780] gpu1  trial_0062_lr=3.0e-03_weight_decay=1.0e-04_kernel_sizes=10x3_conv_channels=256x256_fc_dims=256_seed5  completed  (7.1s)
2026-05-11 19:23:28,223 - INFO - [626/3780] gpu0  trial_0062_lr=3.0e-03_weight_decay=1.0e-04_kernel_sizes=10x3_conv_channels=256x256_fc_dims=256_seed4  completed  (7.4s)
2026-05-11 19:23:31,131 - INFO - [627/3780] gpu1  trial_0062_lr=3.0e-03_weight_decay=1.0e-04_kernel_sizes=10x3_conv_channels=256x256_fc_dims=256_seed7  completed  (7.2s)
2026-05-11 19:23:35,678 - INFO - [628/3780] gpu0  trial_0062_lr=3.0e-03_weight_decay=1.0e-04_kernel_sizes=10x3_conv_channels=256x256_fc_dims=256_seed6  completed  (7.5s)
2026-05-11 19:23:38,129 - INFO - [629/3780] gpu1  trial_0062_lr=3.0e-03_weight_decay=1.0e-04_kernel_sizes=10x3_conv_channels=256x256_fc_dims=256_seed9  completed  (7.0s)
2026-05-11 19:23:42,878 - INFO - [630/3780] gpu0  trial_0062_lr=3.0e-03_weight_decay=1.0e-04_kernel_sizes=10x3_conv_channels=256x256_fc_dims=256_seed8  completed  (7.2s)
2026-05-11 19:23:45,610 - INFO - [631/3780] gpu1  trial_0063_lr=3.0e-04_weight_decay=0_kernel_sizes=10x3_conv_channels=256x256_fc_dims=512_seed1  completed  (7.5s)
2026-05-11 19:23:50,478 - INFO - [632/3780] gpu0  trial_0063_lr=3.0e-04_weight_decay=0_kernel_sizes=10x3_conv_channels=256x256_fc_dims=512_seed0  completed  (7.6s)
2026-05-11 19:23:52,980 - INFO - [633/3780] gpu1  trial_0063_lr=3.0e-04_weight_decay=0_kernel_sizes=10x3_conv_channels=256x256_fc_dims=512_seed3  completed  (7.4s)
2026-05-11 19:23:58,204 - INFO - [634/3780] gpu0  trial_0063_lr=3.0e-04_weight_decay=0_kernel_sizes=10x3_conv_channels=256x256_fc_dims=512_seed2  completed  (7.7s)
2026-05-11 19:24:00,281 - INFO - [635/3780] gpu1  trial_0063_lr=3.0e-04_weight_decay=0_kernel_sizes=10x3_conv_channels=256x256_fc_dims=512_seed5  completed  (7.3s)
2026-05-11 19:24:05,888 - INFO - [636/3780] gpu0  trial_0063_lr=3.0e-04_weight_decay=0_kernel_sizes=10x3_conv_channels=256x256_fc_dims=512_seed4  completed  (7.7s)
2026-05-11 19:24:07,604 - INFO - [637/3780] gpu1  trial_0063_lr=3.0e-04_weight_decay=0_kernel_sizes=10x3_conv_channels=256x256_fc_dims=512_seed7  completed  (7.3s)
2026-05-11 19:24:13,557 - INFO - [638/3780] gpu0  trial_0063_lr=3.0e-04_weight_decay=0_kernel_sizes=10x3_conv_channels=256x256_fc_dims=512_seed6  completed  (7.7s)
2026-05-11 19:24:15,006 - INFO - [639/3780] gpu1  trial_0063_lr=3.0e-04_weight_decay=0_kernel_sizes=10x3_conv_channels=256x256_fc_dims=512_seed9  completed  (7.4s)
2026-05-11 19:24:21,329 - INFO - [640/3780] gpu0  trial_0063_lr=3.0e-04_weight_decay=0_kernel_sizes=10x3_conv_channels=256x256_fc_dims=512_seed8  completed  (7.8s)
2026-05-11 19:24:22,360 - INFO - [641/3780] gpu1  trial_0064_lr=3.0e-04_weight_decay=1.0e-05_kernel_sizes=10x3_conv_channels=256x256_fc_dims=512_seed1  completed  (7.4s)
2026-05-11 19:24:29,048 - INFO - [642/3780] gpu0  trial_0064_lr=3.0e-04_weight_decay=1.0e-05_kernel_sizes=10x3_conv_channels=256x256_fc_dims=512_seed0  completed  (7.7s)
2026-05-11 19:24:29,705 - INFO - [643/3780] gpu1  trial_0064_lr=3.0e-04_weight_decay=1.0e-05_kernel_sizes=10x3_conv_channels=256x256_fc_dims=512_seed3  completed  (7.3s)
2026-05-11 19:24:36,654 - INFO - [644/3780] gpu0  trial_0064_lr=3.0e-04_weight_decay=1.0e-05_kernel_sizes=10x3_conv_channels=256x256_fc_dims=512_seed2  completed  (7.6s)
2026-05-11 19:24:36,977 - INFO - [645/3780] gpu1  trial_0064_lr=3.0e-04_weight_decay=1.0e-05_kernel_sizes=10x3_conv_channels=256x256_fc_dims=512_seed5  completed  (7.3s)
2026-05-11 19:24:44,301 - INFO - [646/3780] gpu0  trial_0064_lr=3.0e-04_weight_decay=1.0e-05_kernel_sizes=10x3_conv_channels=256x256_fc_dims=512_seed4  completed  (7.6s)
2026-05-11 19:24:44,411 - INFO - [647/3780] gpu1  trial_0064_lr=3.0e-04_weight_decay=1.0e-05_kernel_sizes=10x3_conv_channels=256x256_fc_dims=512_seed7  completed  (7.4s)
2026-05-11 19:24:51,644 - INFO - [648/3780] gpu1  trial_0064_lr=3.0e-04_weight_decay=1.0e-05_kernel_sizes=10x3_conv_channels=256x256_fc_dims=512_seed9  completed  (7.2s)
2026-05-11 19:24:51,943 - INFO - [649/3780] gpu0  trial_0064_lr=3.0e-04_weight_decay=1.0e-05_kernel_sizes=10x3_conv_channels=256x256_fc_dims=512_seed6  completed  (7.6s)
2026-05-11 19:24:58,922 - INFO - [650/3780] gpu1  trial_0065_lr=3.0e-04_weight_decay=1.0e-04_kernel_sizes=10x3_conv_channels=256x256_fc_dims=512_seed1  completed  (7.3s)
2026-05-11 19:24:59,492 - INFO - [651/3780] gpu0  trial_0064_lr=3.0e-04_weight_decay=1.0e-05_kernel_sizes=10x3_conv_channels=256x256_fc_dims=512_seed8  completed  (7.5s)
2026-05-11 19:25:06,318 - INFO - [652/3780] gpu1  trial_0065_lr=3.0e-04_weight_decay=1.0e-04_kernel_sizes=10x3_conv_channels=256x256_fc_dims=512_seed3  completed  (7.4s)
2026-05-11 19:25:07,139 - INFO - [653/3780] gpu0  trial_0065_lr=3.0e-04_weight_decay=1.0e-04_kernel_sizes=10x3_conv_channels=256x256_fc_dims=512_seed0  completed  (7.6s)
2026-05-11 19:25:13,720 - INFO - [654/3780] gpu1  trial_0065_lr=3.0e-04_weight_decay=1.0e-04_kernel_sizes=10x3_conv_channels=256x256_fc_dims=512_seed5  completed  (7.4s)
2026-05-11 19:25:14,773 - INFO - [655/3780] gpu0  trial_0065_lr=3.0e-04_weight_decay=1.0e-04_kernel_sizes=10x3_conv_channels=256x256_fc_dims=512_seed2  completed  (7.6s)
2026-05-11 19:25:20,978 - INFO - [656/3780] gpu1  trial_0065_lr=3.0e-04_weight_decay=1.0e-04_kernel_sizes=10x3_conv_channels=256x256_fc_dims=512_seed7  completed  (7.3s)
2026-05-11 19:25:22,579 - INFO - [657/3780] gpu0  trial_0065_lr=3.0e-04_weight_decay=1.0e-04_kernel_sizes=10x3_conv_channels=256x256_fc_dims=512_seed4  completed  (7.8s)
2026-05-11 19:25:28,242 - INFO - [658/3780] gpu1  trial_0065_lr=3.0e-04_weight_decay=1.0e-04_kernel_sizes=10x3_conv_channels=256x256_fc_dims=512_seed9  completed  (7.3s)
2026-05-11 19:25:30,288 - INFO - [659/3780] gpu0  trial_0065_lr=3.0e-04_weight_decay=1.0e-04_kernel_sizes=10x3_conv_channels=256x256_fc_dims=512_seed6  completed  (7.7s)
2026-05-11 19:25:35,625 - INFO - [660/3780] gpu1  trial_0066_lr=1.0e-03_weight_decay=0_kernel_sizes=10x3_conv_channels=256x256_fc_dims=512_seed1  completed  (7.4s)
2026-05-11 19:25:37,861 - INFO - [661/3780] gpu0  trial_0065_lr=3.0e-04_weight_decay=1.0e-04_kernel_sizes=10x3_conv_channels=256x256_fc_dims=512_seed8  completed  (7.6s)
2026-05-11 19:25:43,080 - INFO - [662/3780] gpu1  trial_0066_lr=1.0e-03_weight_decay=0_kernel_sizes=10x3_conv_channels=256x256_fc_dims=512_seed3  completed  (7.5s)
2026-05-11 19:25:45,506 - INFO - [663/3780] gpu0  trial_0066_lr=1.0e-03_weight_decay=0_kernel_sizes=10x3_conv_channels=256x256_fc_dims=512_seed0  completed  (7.6s)
2026-05-11 19:25:50,443 - INFO - [664/3780] gpu1  trial_0066_lr=1.0e-03_weight_decay=0_kernel_sizes=10x3_conv_channels=256x256_fc_dims=512_seed5  completed  (7.4s)
2026-05-11 19:25:53,067 - INFO - [665/3780] gpu0  trial_0066_lr=1.0e-03_weight_decay=0_kernel_sizes=10x3_conv_channels=256x256_fc_dims=512_seed2  completed  (7.6s)
2026-05-11 19:25:57,812 - INFO - [666/3780] gpu1  trial_0066_lr=1.0e-03_weight_decay=0_kernel_sizes=10x3_conv_channels=256x256_fc_dims=512_seed7  completed  (7.4s)
2026-05-11 19:26:00,729 - INFO - [667/3780] gpu0  trial_0066_lr=1.0e-03_weight_decay=0_kernel_sizes=10x3_conv_channels=256x256_fc_dims=512_seed4  completed  (7.7s)
2026-05-11 19:26:05,150 - INFO - [668/3780] gpu1  trial_0066_lr=1.0e-03_weight_decay=0_kernel_sizes=10x3_conv_channels=256x256_fc_dims=512_seed9  completed  (7.3s)
2026-05-11 19:26:08,431 - INFO - [669/3780] gpu0  trial_0066_lr=1.0e-03_weight_decay=0_kernel_sizes=10x3_conv_channels=256x256_fc_dims=512_seed6  completed  (7.7s)
2026-05-11 19:26:12,517 - INFO - [670/3780] gpu1  trial_0067_lr=1.0e-03_weight_decay=1.0e-05_kernel_sizes=10x3_conv_channels=256x256_fc_dims=512_seed1  completed  (7.4s)
2026-05-11 19:26:16,191 - INFO - [671/3780] gpu0  trial_0066_lr=1.0e-03_weight_decay=0_kernel_sizes=10x3_conv_channels=256x256_fc_dims=512_seed8  completed  (7.8s)
2026-05-11 19:26:19,874 - INFO - [672/3780] gpu1  trial_0067_lr=1.0e-03_weight_decay=1.0e-05_kernel_sizes=10x3_conv_channels=256x256_fc_dims=512_seed3  completed  (7.4s)
2026-05-11 19:26:23,874 - INFO - [673/3780] gpu0  trial_0067_lr=1.0e-03_weight_decay=1.0e-05_kernel_sizes=10x3_conv_channels=256x256_fc_dims=512_seed0  completed  (7.7s)
2026-05-11 19:26:27,283 - INFO - [674/3780] gpu1  trial_0067_lr=1.0e-03_weight_decay=1.0e-05_kernel_sizes=10x3_conv_channels=256x256_fc_dims=512_seed5  completed  (7.4s)
2026-05-11 19:26:31,547 - INFO - [675/3780] gpu0  trial_0067_lr=1.0e-03_weight_decay=1.0e-05_kernel_sizes=10x3_conv_channels=256x256_fc_dims=512_seed2  completed  (7.7s)
2026-05-11 19:26:34,548 - INFO - [676/3780] gpu1  trial_0067_lr=1.0e-03_weight_decay=1.0e-05_kernel_sizes=10x3_conv_channels=256x256_fc_dims=512_seed7  completed  (7.3s)
2026-05-11 19:26:39,132 - INFO - [677/3780] gpu0  trial_0067_lr=1.0e-03_weight_decay=1.0e-05_kernel_sizes=10x3_conv_channels=256x256_fc_dims=512_seed4  completed  (7.6s)
2026-05-11 19:26:42,032 - INFO - [678/3780] gpu1  trial_0067_lr=1.0e-03_weight_decay=1.0e-05_kernel_sizes=10x3_conv_channels=256x256_fc_dims=512_seed9  completed  (7.5s)
2026-05-11 19:26:46,849 - INFO - [679/3780] gpu0  trial_0067_lr=1.0e-03_weight_decay=1.0e-05_kernel_sizes=10x3_conv_channels=256x256_fc_dims=512_seed6  completed  (7.7s)
2026-05-11 19:26:49,415 - INFO - [680/3780] gpu1  trial_0068_lr=1.0e-03_weight_decay=1.0e-04_kernel_sizes=10x3_conv_channels=256x256_fc_dims=512_seed1  completed  (7.4s)
2026-05-11 19:26:54,657 - INFO - [681/3780] gpu0  trial_0067_lr=1.0e-03_weight_decay=1.0e-05_kernel_sizes=10x3_conv_channels=256x256_fc_dims=512_seed8  completed  (7.8s)
2026-05-11 19:26:56,801 - INFO - [682/3780] gpu1  trial_0068_lr=1.0e-03_weight_decay=1.0e-04_kernel_sizes=10x3_conv_channels=256x256_fc_dims=512_seed3  completed  (7.4s)
2026-05-11 19:27:02,326 - INFO - [683/3780] gpu0  trial_0068_lr=1.0e-03_weight_decay=1.0e-04_kernel_sizes=10x3_conv_channels=256x256_fc_dims=512_seed0  completed  (7.7s)
2026-05-11 19:27:04,040 - INFO - [684/3780] gpu1  trial_0068_lr=1.0e-03_weight_decay=1.0e-04_kernel_sizes=10x3_conv_channels=256x256_fc_dims=512_seed5  completed  (7.2s)
2026-05-11 19:27:10,049 - INFO - [685/3780] gpu0  trial_0068_lr=1.0e-03_weight_decay=1.0e-04_kernel_sizes=10x3_conv_channels=256x256_fc_dims=512_seed2  completed  (7.7s)
2026-05-11 19:27:11,409 - INFO - [686/3780] gpu1  trial_0068_lr=1.0e-03_weight_decay=1.0e-04_kernel_sizes=10x3_conv_channels=256x256_fc_dims=512_seed7  completed  (7.4s)
2026-05-11 19:27:17,641 - INFO - [687/3780] gpu0  trial_0068_lr=1.0e-03_weight_decay=1.0e-04_kernel_sizes=10x3_conv_channels=256x256_fc_dims=512_seed4  completed  (7.6s)
2026-05-11 19:27:18,744 - INFO - [688/3780] gpu1  trial_0068_lr=1.0e-03_weight_decay=1.0e-04_kernel_sizes=10x3_conv_channels=256x256_fc_dims=512_seed9  completed  (7.3s)
2026-05-11 19:27:25,214 - INFO - [689/3780] gpu0  trial_0068_lr=1.0e-03_weight_decay=1.0e-04_kernel_sizes=10x3_conv_channels=256x256_fc_dims=512_seed6  completed  (7.6s)
2026-05-11 19:27:26,064 - INFO - [690/3780] gpu1  trial_0069_lr=3.0e-03_weight_decay=0_kernel_sizes=10x3_conv_channels=256x256_fc_dims=512_seed1  completed  (7.3s)
2026-05-11 19:27:32,824 - INFO - [691/3780] gpu0  trial_0068_lr=1.0e-03_weight_decay=1.0e-04_kernel_sizes=10x3_conv_channels=256x256_fc_dims=512_seed8  completed  (7.6s)
2026-05-11 19:27:33,312 - INFO - [692/3780] gpu1  trial_0069_lr=3.0e-03_weight_decay=0_kernel_sizes=10x3_conv_channels=256x256_fc_dims=512_seed3  completed  (7.2s)
2026-05-11 19:27:40,427 - INFO - [693/3780] gpu0  trial_0069_lr=3.0e-03_weight_decay=0_kernel_sizes=10x3_conv_channels=256x256_fc_dims=512_seed0  completed  (7.6s)
2026-05-11 19:27:40,669 - INFO - [694/3780] gpu1  trial_0069_lr=3.0e-03_weight_decay=0_kernel_sizes=10x3_conv_channels=256x256_fc_dims=512_seed5  completed  (7.4s)
2026-05-11 19:27:48,006 - INFO - [695/3780] gpu1  trial_0069_lr=3.0e-03_weight_decay=0_kernel_sizes=10x3_conv_channels=256x256_fc_dims=512_seed7  completed  (7.3s)
2026-05-11 19:27:48,008 - INFO - [696/3780] gpu0  trial_0069_lr=3.0e-03_weight_decay=0_kernel_sizes=10x3_conv_channels=256x256_fc_dims=512_seed2  completed  (7.6s)
2026-05-11 19:27:55,429 - INFO - [697/3780] gpu1  trial_0069_lr=3.0e-03_weight_decay=0_kernel_sizes=10x3_conv_channels=256x256_fc_dims=512_seed9  completed  (7.4s)
2026-05-11 19:27:55,619 - INFO - [698/3780] gpu0  trial_0069_lr=3.0e-03_weight_decay=0_kernel_sizes=10x3_conv_channels=256x256_fc_dims=512_seed4  completed  (7.6s)
2026-05-11 19:28:02,680 - INFO - [699/3780] gpu1  trial_0070_lr=3.0e-03_weight_decay=1.0e-05_kernel_sizes=10x3_conv_channels=256x256_fc_dims=512_seed1  completed  (7.2s)
2026-05-11 19:28:03,290 - INFO - [700/3780] gpu0  trial_0069_lr=3.0e-03_weight_decay=0_kernel_sizes=10x3_conv_channels=256x256_fc_dims=512_seed6  completed  (7.7s)
2026-05-11 19:28:10,120 - INFO - [701/3780] gpu1  trial_0070_lr=3.0e-03_weight_decay=1.0e-05_kernel_sizes=10x3_conv_channels=256x256_fc_dims=512_seed3  completed  (7.4s)
2026-05-11 19:28:10,993 - INFO - [702/3780] gpu0  trial_0069_lr=3.0e-03_weight_decay=0_kernel_sizes=10x3_conv_channels=256x256_fc_dims=512_seed8  completed  (7.7s)
2026-05-11 19:28:17,501 - INFO - [703/3780] gpu1  trial_0070_lr=3.0e-03_weight_decay=1.0e-05_kernel_sizes=10x3_conv_channels=256x256_fc_dims=512_seed5  completed  (7.4s)
2026-05-11 19:28:18,596 - INFO - [704/3780] gpu0  trial_0070_lr=3.0e-03_weight_decay=1.0e-05_kernel_sizes=10x3_conv_channels=256x256_fc_dims=512_seed0  completed  (7.6s)
2026-05-11 19:28:24,798 - INFO - [705/3780] gpu1  trial_0070_lr=3.0e-03_weight_decay=1.0e-05_kernel_sizes=10x3_conv_channels=256x256_fc_dims=512_seed7  completed  (7.3s)
2026-05-11 19:28:26,308 - INFO - [706/3780] gpu0  trial_0070_lr=3.0e-03_weight_decay=1.0e-05_kernel_sizes=10x3_conv_channels=256x256_fc_dims=512_seed2  completed  (7.7s)
2026-05-11 19:28:32,143 - INFO - [707/3780] gpu1  trial_0070_lr=3.0e-03_weight_decay=1.0e-05_kernel_sizes=10x3_conv_channels=256x256_fc_dims=512_seed9  completed  (7.3s)
2026-05-11 19:28:34,030 - INFO - [708/3780] gpu0  trial_0070_lr=3.0e-03_weight_decay=1.0e-05_kernel_sizes=10x3_conv_channels=256x256_fc_dims=512_seed4  completed  (7.7s)
2026-05-11 19:28:39,629 - INFO - [709/3780] gpu1  trial_0071_lr=3.0e-03_weight_decay=1.0e-04_kernel_sizes=10x3_conv_channels=256x256_fc_dims=512_seed1  completed  (7.5s)
2026-05-11 19:28:41,560 - INFO - [710/3780] gpu0  trial_0070_lr=3.0e-03_weight_decay=1.0e-05_kernel_sizes=10x3_conv_channels=256x256_fc_dims=512_seed6  completed  (7.5s)
2026-05-11 19:28:47,081 - INFO - [711/3780] gpu1  trial_0071_lr=3.0e-03_weight_decay=1.0e-04_kernel_sizes=10x3_conv_channels=256x256_fc_dims=512_seed3  completed  (7.5s)
2026-05-11 19:28:49,292 - INFO - [712/3780] gpu0  trial_0070_lr=3.0e-03_weight_decay=1.0e-05_kernel_sizes=10x3_conv_channels=256x256_fc_dims=512_seed8  completed  (7.7s)
2026-05-11 19:28:53,996 - INFO - [713/3780] gpu1  trial_0071_lr=3.0e-03_weight_decay=1.0e-04_kernel_sizes=10x3_conv_channels=256x256_fc_dims=512_seed5  completed  (6.9s)
2026-05-11 19:28:57,089 - INFO - [714/3780] gpu0  trial_0071_lr=3.0e-03_weight_decay=1.0e-04_kernel_sizes=10x3_conv_channels=256x256_fc_dims=512_seed0  completed  (7.8s)
2026-05-11 19:29:00,263 - INFO - [715/3780] gpu1  trial_0071_lr=3.0e-03_weight_decay=1.0e-04_kernel_sizes=10x3_conv_channels=256x256_fc_dims=512_seed7  completed  (6.3s)
2026-05-11 19:29:03,816 - INFO - [716/3780] gpu0  trial_0071_lr=3.0e-03_weight_decay=1.0e-04_kernel_sizes=10x3_conv_channels=256x256_fc_dims=512_seed2  completed  (6.7s)
2026-05-11 19:29:07,619 - INFO - [717/3780] gpu1  trial_0071_lr=3.0e-03_weight_decay=1.0e-04_kernel_sizes=10x3_conv_channels=256x256_fc_dims=512_seed9  completed  (7.4s)
2026-05-11 19:29:10,573 - INFO - [718/3780] gpu1  trial_0072_lr=3.0e-04_weight_decay=0_kernel_sizes=10x3_conv_channels=256x256_fc_dims=512x256_seed1  completed  (3.0s)
2026-05-11 19:29:10,617 - INFO - [719/3780] gpu0  trial_0071_lr=3.0e-03_weight_decay=1.0e-04_kernel_sizes=10x3_conv_channels=256x256_fc_dims=512_seed4  completed  (6.8s)
2026-05-11 19:29:13,547 - INFO - [720/3780] gpu1  trial_0072_lr=3.0e-04_weight_decay=0_kernel_sizes=10x3_conv_channels=256x256_fc_dims=512x256_seed3  completed  (3.0s)
2026-05-11 19:29:16,537 - INFO - [721/3780] gpu1  trial_0072_lr=3.0e-04_weight_decay=0_kernel_sizes=10x3_conv_channels=256x256_fc_dims=512x256_seed5  completed  (3.0s)
2026-05-11 19:29:18,112 - INFO - [722/3780] gpu0  trial_0071_lr=3.0e-03_weight_decay=1.0e-04_kernel_sizes=10x3_conv_channels=256x256_fc_dims=512_seed6  completed  (7.5s)
2026-05-11 19:29:19,484 - INFO - [723/3780] gpu1  trial_0072_lr=3.0e-04_weight_decay=0_kernel_sizes=10x3_conv_channels=256x256_fc_dims=512x256_seed7  completed  (2.9s)
2026-05-11 19:29:23,536 - INFO - [724/3780] gpu1  trial_0072_lr=3.0e-04_weight_decay=0_kernel_sizes=10x3_conv_channels=256x256_fc_dims=512x256_seed9  completed  (4.1s)
2026-05-11 19:29:25,852 - INFO - [725/3780] gpu0  trial_0071_lr=3.0e-03_weight_decay=1.0e-04_kernel_sizes=10x3_conv_channels=256x256_fc_dims=512_seed8  completed  (7.7s)
2026-05-11 19:29:26,529 - INFO - [726/3780] gpu1  trial_0073_lr=3.0e-04_weight_decay=1.0e-05_kernel_sizes=10x3_conv_channels=256x256_fc_dims=512x256_seed1  completed  (3.0s)
2026-05-11 19:29:29,594 - INFO - [727/3780] gpu1  trial_0073_lr=3.0e-04_weight_decay=1.0e-05_kernel_sizes=10x3_conv_channels=256x256_fc_dims=512x256_seed3  completed  (3.1s)
2026-05-11 19:29:29,647 - INFO - [728/3780] gpu0  trial_0072_lr=3.0e-04_weight_decay=0_kernel_sizes=10x3_conv_channels=256x256_fc_dims=512x256_seed0  completed  (3.8s)
2026-05-11 19:29:32,609 - INFO - [729/3780] gpu1  trial_0073_lr=3.0e-04_weight_decay=1.0e-05_kernel_sizes=10x3_conv_channels=256x256_fc_dims=512x256_seed5  completed  (3.0s)
2026-05-11 19:29:33,431 - INFO - [730/3780] gpu0  trial_0072_lr=3.0e-04_weight_decay=0_kernel_sizes=10x3_conv_channels=256x256_fc_dims=512x256_seed2  completed  (3.8s)
2026-05-11 19:29:35,541 - INFO - [731/3780] gpu1  trial_0073_lr=3.0e-04_weight_decay=1.0e-05_kernel_sizes=10x3_conv_channels=256x256_fc_dims=512x256_seed7  completed  (2.9s)
2026-05-11 19:29:36,606 - INFO - [732/3780] gpu0  trial_0072_lr=3.0e-04_weight_decay=0_kernel_sizes=10x3_conv_channels=256x256_fc_dims=512x256_seed4  completed  (3.2s)
2026-05-11 19:29:39,608 - INFO - [733/3780] gpu1  trial_0073_lr=3.0e-04_weight_decay=1.0e-05_kernel_sizes=10x3_conv_channels=256x256_fc_dims=512x256_seed9  completed  (4.1s)
2026-05-11 19:29:39,674 - INFO - [734/3780] gpu0  trial_0072_lr=3.0e-04_weight_decay=0_kernel_sizes=10x3_conv_channels=256x256_fc_dims=512x256_seed6  completed  (3.1s)
2026-05-11 19:29:42,535 - INFO - [735/3780] gpu1  trial_0074_lr=3.0e-04_weight_decay=1.0e-04_kernel_sizes=10x3_conv_channels=256x256_fc_dims=512x256_seed1  completed  (2.9s)
2026-05-11 19:29:45,557 - INFO - [736/3780] gpu1  trial_0074_lr=3.0e-04_weight_decay=1.0e-04_kernel_sizes=10x3_conv_channels=256x256_fc_dims=512x256_seed3  completed  (3.0s)
2026-05-11 19:29:47,661 - INFO - [737/3780] gpu0  trial_0072_lr=3.0e-04_weight_decay=0_kernel_sizes=10x3_conv_channels=256x256_fc_dims=512x256_seed8  completed  (8.0s)
2026-05-11 19:29:48,493 - INFO - [738/3780] gpu1  trial_0074_lr=3.0e-04_weight_decay=1.0e-04_kernel_sizes=10x3_conv_channels=256x256_fc_dims=512x256_seed5  completed  (2.9s)
2026-05-11 19:29:51,452 - INFO - [739/3780] gpu0  trial_0073_lr=3.0e-04_weight_decay=1.0e-05_kernel_sizes=10x3_conv_channels=256x256_fc_dims=512x256_seed0  completed  (3.8s)
2026-05-11 19:29:51,492 - INFO - [740/3780] gpu1  trial_0074_lr=3.0e-04_weight_decay=1.0e-04_kernel_sizes=10x3_conv_channels=256x256_fc_dims=512x256_seed7  completed  (3.0s)
2026-05-11 19:29:55,259 - INFO - [741/3780] gpu0  trial_0073_lr=3.0e-04_weight_decay=1.0e-05_kernel_sizes=10x3_conv_channels=256x256_fc_dims=512x256_seed2  completed  (3.8s)
2026-05-11 19:29:55,393 - INFO - [742/3780] gpu1  trial_0074_lr=3.0e-04_weight_decay=1.0e-04_kernel_sizes=10x3_conv_channels=256x256_fc_dims=512x256_seed9  completed  (3.9s)
2026-05-11 19:29:58,303 - INFO - [743/3780] gpu1  trial_0075_lr=1.0e-03_weight_decay=0_kernel_sizes=10x3_conv_channels=256x256_fc_dims=512x256_seed1  completed  (2.9s)
2026-05-11 19:29:59,151 - INFO - [744/3780] gpu0  trial_0073_lr=3.0e-04_weight_decay=1.0e-05_kernel_sizes=10x3_conv_channels=256x256_fc_dims=512x256_seed4  completed  (3.9s)
2026-05-11 19:30:01,730 - INFO - [745/3780] gpu1  trial_0075_lr=1.0e-03_weight_decay=0_kernel_sizes=10x3_conv_channels=256x256_fc_dims=512x256_seed3  completed  (3.4s)
2026-05-11 19:30:02,211 - INFO - [746/3780] gpu0  trial_0073_lr=3.0e-04_weight_decay=1.0e-05_kernel_sizes=10x3_conv_channels=256x256_fc_dims=512x256_seed6  completed  (3.1s)
2026-05-11 19:30:04,686 - INFO - [747/3780] gpu1  trial_0075_lr=1.0e-03_weight_decay=0_kernel_sizes=10x3_conv_channels=256x256_fc_dims=512x256_seed5  completed  (3.0s)
2026-05-11 19:30:07,552 - INFO - [748/3780] gpu1  trial_0075_lr=1.0e-03_weight_decay=0_kernel_sizes=10x3_conv_channels=256x256_fc_dims=512x256_seed7  completed  (2.9s)
2026-05-11 19:30:10,056 - INFO - [749/3780] gpu0  trial_0073_lr=3.0e-04_weight_decay=1.0e-05_kernel_sizes=10x3_conv_channels=256x256_fc_dims=512x256_seed8  completed  (7.8s)
2026-05-11 19:30:10,669 - INFO - [750/3780] gpu1  trial_0075_lr=1.0e-03_weight_decay=0_kernel_sizes=10x3_conv_channels=256x256_fc_dims=512x256_seed9  completed  (3.1s)
2026-05-11 19:30:13,545 - INFO - [751/3780] gpu1  trial_0076_lr=1.0e-03_weight_decay=1.0e-05_kernel_sizes=10x3_conv_channels=256x256_fc_dims=512x256_seed1  completed  (2.9s)
2026-05-11 19:30:14,022 - INFO - [752/3780] gpu0  trial_0074_lr=3.0e-04_weight_decay=1.0e-04_kernel_sizes=10x3_conv_channels=256x256_fc_dims=512x256_seed0  completed  (4.0s)
2026-05-11 19:30:16,965 - INFO - [753/3780] gpu1  trial_0076_lr=1.0e-03_weight_decay=1.0e-05_kernel_sizes=10x3_conv_channels=256x256_fc_dims=512x256_seed3  completed  (3.4s)
2026-05-11 19:30:17,851 - INFO - [754/3780] gpu0  trial_0074_lr=3.0e-04_weight_decay=1.0e-04_kernel_sizes=10x3_conv_channels=256x256_fc_dims=512x256_seed2  completed  (3.8s)
2026-05-11 19:30:19,934 - INFO - [755/3780] gpu1  trial_0076_lr=1.0e-03_weight_decay=1.0e-05_kernel_sizes=10x3_conv_channels=256x256_fc_dims=512x256_seed5  completed  (3.0s)
2026-05-11 19:30:21,814 - INFO - [756/3780] gpu0  trial_0074_lr=3.0e-04_weight_decay=1.0e-04_kernel_sizes=10x3_conv_channels=256x256_fc_dims=512x256_seed4  completed  (4.0s)
2026-05-11 19:30:22,771 - INFO - [757/3780] gpu1  trial_0076_lr=1.0e-03_weight_decay=1.0e-05_kernel_sizes=10x3_conv_channels=256x256_fc_dims=512x256_seed7  completed  (2.8s)
2026-05-11 19:30:24,903 - INFO - [758/3780] gpu0  trial_0074_lr=3.0e-04_weight_decay=1.0e-04_kernel_sizes=10x3_conv_channels=256x256_fc_dims=512x256_seed6  completed  (3.1s)
2026-05-11 19:30:25,693 - INFO - [759/3780] gpu1  trial_0076_lr=1.0e-03_weight_decay=1.0e-05_kernel_sizes=10x3_conv_channels=256x256_fc_dims=512x256_seed9  completed  (2.9s)
2026-05-11 19:30:28,921 - INFO - [760/3780] gpu0  trial_0074_lr=3.0e-04_weight_decay=1.0e-04_kernel_sizes=10x3_conv_channels=256x256_fc_dims=512x256_seed8  completed  (4.0s)
2026-05-11 19:30:32,027 - INFO - [761/3780] gpu0  trial_0075_lr=1.0e-03_weight_decay=0_kernel_sizes=10x3_conv_channels=256x256_fc_dims=512x256_seed0  completed  (3.1s)
2026-05-11 19:30:33,461 - INFO - [762/3780] gpu1  trial_0077_lr=1.0e-03_weight_decay=1.0e-04_kernel_sizes=10x3_conv_channels=256x256_fc_dims=512x256_seed1  completed  (7.8s)
2026-05-11 19:30:35,119 - INFO - [763/3780] gpu0  trial_0075_lr=1.0e-03_weight_decay=0_kernel_sizes=10x3_conv_channels=256x256_fc_dims=512x256_seed2  completed  (3.1s)
2026-05-11 19:30:38,224 - INFO - [764/3780] gpu0  trial_0075_lr=1.0e-03_weight_decay=0_kernel_sizes=10x3_conv_channels=256x256_fc_dims=512x256_seed4  completed  (3.1s)
2026-05-11 19:30:41,096 - INFO - [765/3780] gpu0  trial_0075_lr=1.0e-03_weight_decay=0_kernel_sizes=10x3_conv_channels=256x256_fc_dims=512x256_seed6  completed  (2.9s)
2026-05-11 19:30:41,290 - INFO - [766/3780] gpu1  trial_0077_lr=1.0e-03_weight_decay=1.0e-04_kernel_sizes=10x3_conv_channels=256x256_fc_dims=512x256_seed3  completed  (7.8s)
2026-05-11 19:30:44,005 - INFO - [767/3780] gpu0  trial_0075_lr=1.0e-03_weight_decay=0_kernel_sizes=10x3_conv_channels=256x256_fc_dims=512x256_seed8  completed  (2.9s)
2026-05-11 19:30:47,136 - INFO - [768/3780] gpu0  trial_0076_lr=1.0e-03_weight_decay=1.0e-05_kernel_sizes=10x3_conv_channels=256x256_fc_dims=512x256_seed0  completed  (3.1s)
2026-05-11 19:30:48,847 - INFO - [769/3780] gpu1  trial_0077_lr=1.0e-03_weight_decay=1.0e-04_kernel_sizes=10x3_conv_channels=256x256_fc_dims=512x256_seed5  completed  (7.6s)
2026-05-11 19:30:50,125 - INFO - [770/3780] gpu0  trial_0076_lr=1.0e-03_weight_decay=1.0e-05_kernel_sizes=10x3_conv_channels=256x256_fc_dims=512x256_seed2  completed  (3.0s)
2026-05-11 19:30:53,214 - INFO - [771/3780] gpu0  trial_0076_lr=1.0e-03_weight_decay=1.0e-05_kernel_sizes=10x3_conv_channels=256x256_fc_dims=512x256_seed4  completed  (3.1s)
2026-05-11 19:30:56,128 - INFO - [772/3780] gpu0  trial_0076_lr=1.0e-03_weight_decay=1.0e-05_kernel_sizes=10x3_conv_channels=256x256_fc_dims=512x256_seed6  completed  (2.9s)
2026-05-11 19:30:56,608 - INFO - [773/3780] gpu1  trial_0077_lr=1.0e-03_weight_decay=1.0e-04_kernel_sizes=10x3_conv_channels=256x256_fc_dims=512x256_seed7  completed  (7.8s)
2026-05-11 19:30:59,954 - INFO - [774/3780] gpu0  trial_0076_lr=1.0e-03_weight_decay=1.0e-05_kernel_sizes=10x3_conv_channels=256x256_fc_dims=512x256_seed8  completed  (3.8s)
2026-05-11 19:31:03,547 - INFO - [775/3780] gpu0  trial_0077_lr=1.0e-03_weight_decay=1.0e-04_kernel_sizes=10x3_conv_channels=256x256_fc_dims=512x256_seed0  completed  (3.6s)
2026-05-11 19:31:04,301 - INFO - [776/3780] gpu1  trial_0077_lr=1.0e-03_weight_decay=1.0e-04_kernel_sizes=10x3_conv_channels=256x256_fc_dims=512x256_seed9  completed  (7.7s)
2026-05-11 19:31:07,087 - INFO - [777/3780] gpu0  trial_0077_lr=1.0e-03_weight_decay=1.0e-04_kernel_sizes=10x3_conv_channels=256x256_fc_dims=512x256_seed2  completed  (3.5s)
2026-05-11 19:31:10,568 - INFO - [778/3780] gpu0  trial_0077_lr=1.0e-03_weight_decay=1.0e-04_kernel_sizes=10x3_conv_channels=256x256_fc_dims=512x256_seed4  completed  (3.5s)
2026-05-11 19:31:11,963 - INFO - [779/3780] gpu1  trial_0078_lr=3.0e-03_weight_decay=0_kernel_sizes=10x3_conv_channels=256x256_fc_dims=512x256_seed1  completed  (7.7s)
2026-05-11 19:31:18,484 - INFO - [780/3780] gpu0  trial_0077_lr=1.0e-03_weight_decay=1.0e-04_kernel_sizes=10x3_conv_channels=256x256_fc_dims=512x256_seed6  completed  (7.9s)
2026-05-11 19:31:19,612 - INFO - [781/3780] gpu1  trial_0078_lr=3.0e-03_weight_decay=0_kernel_sizes=10x3_conv_channels=256x256_fc_dims=512x256_seed3  completed  (7.6s)
2026-05-11 19:31:22,057 - INFO - [782/3780] gpu0  trial_0077_lr=1.0e-03_weight_decay=1.0e-04_kernel_sizes=10x3_conv_channels=256x256_fc_dims=512x256_seed8  completed  (3.6s)
2026-05-11 19:31:27,387 - INFO - [783/3780] gpu1  trial_0078_lr=3.0e-03_weight_decay=0_kernel_sizes=10x3_conv_channels=256x256_fc_dims=512x256_seed5  completed  (7.8s)
2026-05-11 19:31:29,977 - INFO - [784/3780] gpu0  trial_0078_lr=3.0e-03_weight_decay=0_kernel_sizes=10x3_conv_channels=256x256_fc_dims=512x256_seed0  completed  (7.9s)
2026-05-11 19:31:35,235 - INFO - [785/3780] gpu1  trial_0078_lr=3.0e-03_weight_decay=0_kernel_sizes=10x3_conv_channels=256x256_fc_dims=512x256_seed7  completed  (7.8s)
2026-05-11 19:31:37,223 - INFO - [786/3780] gpu0  trial_0078_lr=3.0e-03_weight_decay=0_kernel_sizes=10x3_conv_channels=256x256_fc_dims=512x256_seed2  completed  (7.2s)
2026-05-11 19:31:41,046 - INFO - [787/3780] gpu1  trial_0078_lr=3.0e-03_weight_decay=0_kernel_sizes=10x3_conv_channels=256x256_fc_dims=512x256_seed9  completed  (5.8s)
2026-05-11 19:31:45,161 - INFO - [788/3780] gpu0  trial_0078_lr=3.0e-03_weight_decay=0_kernel_sizes=10x3_conv_channels=256x256_fc_dims=512x256_seed4  completed  (7.9s)
2026-05-11 19:31:48,573 - INFO - [789/3780] gpu1  trial_0079_lr=3.0e-03_weight_decay=1.0e-05_kernel_sizes=10x3_conv_channels=256x256_fc_dims=512x256_seed1  completed  (7.5s)
2026-05-11 19:31:53,007 - INFO - [790/3780] gpu0  trial_0078_lr=3.0e-03_weight_decay=0_kernel_sizes=10x3_conv_channels=256x256_fc_dims=512x256_seed6  completed  (7.8s)
2026-05-11 19:31:56,465 - INFO - [791/3780] gpu1  trial_0079_lr=3.0e-03_weight_decay=1.0e-05_kernel_sizes=10x3_conv_channels=256x256_fc_dims=512x256_seed3  completed  (7.9s)
2026-05-11 19:32:00,953 - INFO - [792/3780] gpu0  trial_0078_lr=3.0e-03_weight_decay=0_kernel_sizes=10x3_conv_channels=256x256_fc_dims=512x256_seed8  completed  (7.9s)
2026-05-11 19:32:04,162 - INFO - [793/3780] gpu1  trial_0079_lr=3.0e-03_weight_decay=1.0e-05_kernel_sizes=10x3_conv_channels=256x256_fc_dims=512x256_seed5  completed  (7.7s)
2026-05-11 19:32:08,722 - INFO - [794/3780] gpu0  trial_0079_lr=3.0e-03_weight_decay=1.0e-05_kernel_sizes=10x3_conv_channels=256x256_fc_dims=512x256_seed0  completed  (7.8s)
2026-05-11 19:32:11,774 - INFO - [795/3780] gpu1  trial_0079_lr=3.0e-03_weight_decay=1.0e-05_kernel_sizes=10x3_conv_channels=256x256_fc_dims=512x256_seed7  completed  (7.6s)
2026-05-11 19:32:16,590 - INFO - [796/3780] gpu0  trial_0079_lr=3.0e-03_weight_decay=1.0e-05_kernel_sizes=10x3_conv_channels=256x256_fc_dims=512x256_seed2  completed  (7.9s)
2026-05-11 19:32:19,307 - INFO - [797/3780] gpu1  trial_0079_lr=3.0e-03_weight_decay=1.0e-05_kernel_sizes=10x3_conv_channels=256x256_fc_dims=512x256_seed9  completed  (7.5s)
2026-05-11 19:32:24,518 - INFO - [798/3780] gpu0  trial_0079_lr=3.0e-03_weight_decay=1.0e-05_kernel_sizes=10x3_conv_channels=256x256_fc_dims=512x256_seed4  completed  (7.9s)
2026-05-11 19:32:27,124 - INFO - [799/3780] gpu1  trial_0080_lr=3.0e-03_weight_decay=1.0e-04_kernel_sizes=10x3_conv_channels=256x256_fc_dims=512x256_seed1  completed  (7.8s)
2026-05-11 19:32:32,471 - INFO - [800/3780] gpu0  trial_0079_lr=3.0e-03_weight_decay=1.0e-05_kernel_sizes=10x3_conv_channels=256x256_fc_dims=512x256_seed6  completed  (8.0s)
2026-05-11 19:32:34,856 - INFO - [801/3780] gpu1  trial_0080_lr=3.0e-03_weight_decay=1.0e-04_kernel_sizes=10x3_conv_channels=256x256_fc_dims=512x256_seed3  completed  (7.7s)
2026-05-11 19:32:40,286 - INFO - [802/3780] gpu0  trial_0079_lr=3.0e-03_weight_decay=1.0e-05_kernel_sizes=10x3_conv_channels=256x256_fc_dims=512x256_seed8  completed  (7.8s)
2026-05-11 19:32:42,418 - INFO - [803/3780] gpu1  trial_0080_lr=3.0e-03_weight_decay=1.0e-04_kernel_sizes=10x3_conv_channels=256x256_fc_dims=512x256_seed5  completed  (7.6s)
2026-05-11 19:32:48,157 - INFO - [804/3780] gpu0  trial_0080_lr=3.0e-03_weight_decay=1.0e-04_kernel_sizes=10x3_conv_channels=256x256_fc_dims=512x256_seed0  completed  (7.9s)
2026-05-11 19:32:50,405 - INFO - [805/3780] gpu1  trial_0080_lr=3.0e-03_weight_decay=1.0e-04_kernel_sizes=10x3_conv_channels=256x256_fc_dims=512x256_seed7  completed  (8.0s)
2026-05-11 19:32:56,132 - INFO - [806/3780] gpu0  trial_0080_lr=3.0e-03_weight_decay=1.0e-04_kernel_sizes=10x3_conv_channels=256x256_fc_dims=512x256_seed2  completed  (8.0s)
2026-05-11 19:32:58,468 - INFO - [807/3780] gpu1  trial_0080_lr=3.0e-03_weight_decay=1.0e-04_kernel_sizes=10x3_conv_channels=256x256_fc_dims=512x256_seed9  completed  (8.1s)
2026-05-11 19:33:04,119 - INFO - [808/3780] gpu0  trial_0080_lr=3.0e-03_weight_decay=1.0e-04_kernel_sizes=10x3_conv_channels=256x256_fc_dims=512x256_seed4  completed  (8.0s)
2026-05-11 19:33:05,777 - INFO - [809/3780] gpu1  trial_0081_lr=3.0e-04_weight_decay=0_kernel_sizes=7x5_conv_channels=256x256_fc_dims=256_seed1  completed  (7.3s)
2026-05-11 19:33:11,972 - INFO - [810/3780] gpu0  trial_0080_lr=3.0e-03_weight_decay=1.0e-04_kernel_sizes=10x3_conv_channels=256x256_fc_dims=512x256_seed6  completed  (7.9s)
2026-05-11 19:33:13,025 - INFO - [811/3780] gpu1  trial_0081_lr=3.0e-04_weight_decay=0_kernel_sizes=7x5_conv_channels=256x256_fc_dims=256_seed3  completed  (7.2s)
2026-05-11 19:33:19,807 - INFO - [812/3780] gpu0  trial_0080_lr=3.0e-03_weight_decay=1.0e-04_kernel_sizes=10x3_conv_channels=256x256_fc_dims=512x256_seed8  completed  (7.8s)
2026-05-11 19:33:20,360 - INFO - [813/3780] gpu1  trial_0081_lr=3.0e-04_weight_decay=0_kernel_sizes=7x5_conv_channels=256x256_fc_dims=256_seed5  completed  (7.3s)
2026-05-11 19:33:27,278 - INFO - [814/3780] gpu0  trial_0081_lr=3.0e-04_weight_decay=0_kernel_sizes=7x5_conv_channels=256x256_fc_dims=256_seed0  completed  (7.5s)
2026-05-11 19:33:27,657 - INFO - [815/3780] gpu1  trial_0081_lr=3.0e-04_weight_decay=0_kernel_sizes=7x5_conv_channels=256x256_fc_dims=256_seed7  completed  (7.3s)
2026-05-11 19:33:34,772 - INFO - [816/3780] gpu1  trial_0081_lr=3.0e-04_weight_decay=0_kernel_sizes=7x5_conv_channels=256x256_fc_dims=256_seed9  completed  (7.1s)
2026-05-11 19:33:34,787 - INFO - [817/3780] gpu0  trial_0081_lr=3.0e-04_weight_decay=0_kernel_sizes=7x5_conv_channels=256x256_fc_dims=256_seed2  completed  (7.5s)
2026-05-11 19:33:41,988 - INFO - [818/3780] gpu1  trial_0082_lr=3.0e-04_weight_decay=1.0e-05_kernel_sizes=7x5_conv_channels=256x256_fc_dims=256_seed1  completed  (7.2s)
2026-05-11 19:33:42,092 - INFO - [819/3780] gpu0  trial_0081_lr=3.0e-04_weight_decay=0_kernel_sizes=7x5_conv_channels=256x256_fc_dims=256_seed4  completed  (7.3s)
2026-05-11 19:33:49,236 - INFO - [820/3780] gpu1  trial_0082_lr=3.0e-04_weight_decay=1.0e-05_kernel_sizes=7x5_conv_channels=256x256_fc_dims=256_seed3  completed  (7.2s)
2026-05-11 19:33:49,550 - INFO - [821/3780] gpu0  trial_0081_lr=3.0e-04_weight_decay=0_kernel_sizes=7x5_conv_channels=256x256_fc_dims=256_seed6  completed  (7.5s)
2026-05-11 19:33:56,495 - INFO - [822/3780] gpu1  trial_0082_lr=3.0e-04_weight_decay=1.0e-05_kernel_sizes=7x5_conv_channels=256x256_fc_dims=256_seed5  completed  (7.3s)
2026-05-11 19:33:56,964 - INFO - [823/3780] gpu0  trial_0081_lr=3.0e-04_weight_decay=0_kernel_sizes=7x5_conv_channels=256x256_fc_dims=256_seed8  completed  (7.4s)
2026-05-11 19:34:03,749 - INFO - [824/3780] gpu1  trial_0082_lr=3.0e-04_weight_decay=1.0e-05_kernel_sizes=7x5_conv_channels=256x256_fc_dims=256_seed7  completed  (7.3s)
2026-05-11 19:34:04,209 - INFO - [825/3780] gpu0  trial_0082_lr=3.0e-04_weight_decay=1.0e-05_kernel_sizes=7x5_conv_channels=256x256_fc_dims=256_seed0  completed  (7.2s)
2026-05-11 19:34:10,948 - INFO - [826/3780] gpu1  trial_0082_lr=3.0e-04_weight_decay=1.0e-05_kernel_sizes=7x5_conv_channels=256x256_fc_dims=256_seed9  completed  (7.2s)
2026-05-11 19:34:11,586 - INFO - [827/3780] gpu0  trial_0082_lr=3.0e-04_weight_decay=1.0e-05_kernel_sizes=7x5_conv_channels=256x256_fc_dims=256_seed2  completed  (7.4s)
2026-05-11 19:34:18,202 - INFO - [828/3780] gpu1  trial_0083_lr=3.0e-04_weight_decay=1.0e-04_kernel_sizes=7x5_conv_channels=256x256_fc_dims=256_seed1  completed  (7.3s)
2026-05-11 19:34:18,952 - INFO - [829/3780] gpu0  trial_0082_lr=3.0e-04_weight_decay=1.0e-05_kernel_sizes=7x5_conv_channels=256x256_fc_dims=256_seed4  completed  (7.4s)
2026-05-11 19:34:25,566 - INFO - [830/3780] gpu1  trial_0083_lr=3.0e-04_weight_decay=1.0e-04_kernel_sizes=7x5_conv_channels=256x256_fc_dims=256_seed3  completed  (7.4s)
2026-05-11 19:34:26,447 - INFO - [831/3780] gpu0  trial_0082_lr=3.0e-04_weight_decay=1.0e-05_kernel_sizes=7x5_conv_channels=256x256_fc_dims=256_seed6  completed  (7.5s)
2026-05-11 19:34:32,831 - INFO - [832/3780] gpu1  trial_0083_lr=3.0e-04_weight_decay=1.0e-04_kernel_sizes=7x5_conv_channels=256x256_fc_dims=256_seed5  completed  (7.3s)
2026-05-11 19:34:33,992 - INFO - [833/3780] gpu0  trial_0082_lr=3.0e-04_weight_decay=1.0e-05_kernel_sizes=7x5_conv_channels=256x256_fc_dims=256_seed8  completed  (7.5s)
2026-05-11 19:34:40,161 - INFO - [834/3780] gpu1  trial_0083_lr=3.0e-04_weight_decay=1.0e-04_kernel_sizes=7x5_conv_channels=256x256_fc_dims=256_seed7  completed  (7.3s)
2026-05-11 19:34:41,317 - INFO - [835/3780] gpu0  trial_0083_lr=3.0e-04_weight_decay=1.0e-04_kernel_sizes=7x5_conv_channels=256x256_fc_dims=256_seed0  completed  (7.3s)
2026-05-11 19:34:47,456 - INFO - [836/3780] gpu1  trial_0083_lr=3.0e-04_weight_decay=1.0e-04_kernel_sizes=7x5_conv_channels=256x256_fc_dims=256_seed9  completed  (7.3s)
2026-05-11 19:34:48,807 - INFO - [837/3780] gpu0  trial_0083_lr=3.0e-04_weight_decay=1.0e-04_kernel_sizes=7x5_conv_channels=256x256_fc_dims=256_seed2  completed  (7.5s)
2026-05-11 19:34:54,609 - INFO - [838/3780] gpu1  trial_0084_lr=1.0e-03_weight_decay=0_kernel_sizes=7x5_conv_channels=256x256_fc_dims=256_seed1  completed  (7.2s)
2026-05-11 19:34:56,269 - INFO - [839/3780] gpu0  trial_0083_lr=3.0e-04_weight_decay=1.0e-04_kernel_sizes=7x5_conv_channels=256x256_fc_dims=256_seed4  completed  (7.5s)
2026-05-11 19:35:02,038 - INFO - [840/3780] gpu1  trial_0084_lr=1.0e-03_weight_decay=0_kernel_sizes=7x5_conv_channels=256x256_fc_dims=256_seed3  completed  (7.4s)
2026-05-11 19:35:03,644 - INFO - [841/3780] gpu0  trial_0083_lr=3.0e-04_weight_decay=1.0e-04_kernel_sizes=7x5_conv_channels=256x256_fc_dims=256_seed6  completed  (7.4s)
2026-05-11 19:35:09,376 - INFO - [842/3780] gpu1  trial_0084_lr=1.0e-03_weight_decay=0_kernel_sizes=7x5_conv_channels=256x256_fc_dims=256_seed5  completed  (7.3s)
2026-05-11 19:35:11,183 - INFO - [843/3780] gpu0  trial_0083_lr=3.0e-04_weight_decay=1.0e-04_kernel_sizes=7x5_conv_channels=256x256_fc_dims=256_seed8  completed  (7.5s)
2026-05-11 19:35:16,647 - INFO - [844/3780] gpu1  trial_0084_lr=1.0e-03_weight_decay=0_kernel_sizes=7x5_conv_channels=256x256_fc_dims=256_seed7  completed  (7.3s)
2026-05-11 19:35:18,673 - INFO - [845/3780] gpu0  trial_0084_lr=1.0e-03_weight_decay=0_kernel_sizes=7x5_conv_channels=256x256_fc_dims=256_seed0  completed  (7.5s)
2026-05-11 19:35:24,104 - INFO - [846/3780] gpu1  trial_0084_lr=1.0e-03_weight_decay=0_kernel_sizes=7x5_conv_channels=256x256_fc_dims=256_seed9  completed  (7.5s)
2026-05-11 19:35:26,159 - INFO - [847/3780] gpu0  trial_0084_lr=1.0e-03_weight_decay=0_kernel_sizes=7x5_conv_channels=256x256_fc_dims=256_seed2  completed  (7.5s)
2026-05-11 19:35:31,433 - INFO - [848/3780] gpu1  trial_0085_lr=1.0e-03_weight_decay=1.0e-05_kernel_sizes=7x5_conv_channels=256x256_fc_dims=256_seed1  completed  (7.3s)
2026-05-11 19:35:33,650 - INFO - [849/3780] gpu0  trial_0084_lr=1.0e-03_weight_decay=0_kernel_sizes=7x5_conv_channels=256x256_fc_dims=256_seed4  completed  (7.5s)
2026-05-11 19:35:38,792 - INFO - [850/3780] gpu1  trial_0085_lr=1.0e-03_weight_decay=1.0e-05_kernel_sizes=7x5_conv_channels=256x256_fc_dims=256_seed3  completed  (7.4s)
2026-05-11 19:35:41,043 - INFO - [851/3780] gpu0  trial_0084_lr=1.0e-03_weight_decay=0_kernel_sizes=7x5_conv_channels=256x256_fc_dims=256_seed6  completed  (7.4s)
2026-05-11 19:35:46,187 - INFO - [852/3780] gpu1  trial_0085_lr=1.0e-03_weight_decay=1.0e-05_kernel_sizes=7x5_conv_channels=256x256_fc_dims=256_seed5  completed  (7.4s)
2026-05-11 19:35:48,496 - INFO - [853/3780] gpu0  trial_0084_lr=1.0e-03_weight_decay=0_kernel_sizes=7x5_conv_channels=256x256_fc_dims=256_seed8  completed  (7.5s)
2026-05-11 19:35:53,563 - INFO - [854/3780] gpu1  trial_0085_lr=1.0e-03_weight_decay=1.0e-05_kernel_sizes=7x5_conv_channels=256x256_fc_dims=256_seed7  completed  (7.4s)
2026-05-11 19:35:56,006 - INFO - [855/3780] gpu0  trial_0085_lr=1.0e-03_weight_decay=1.0e-05_kernel_sizes=7x5_conv_channels=256x256_fc_dims=256_seed0  completed  (7.5s)
2026-05-11 19:36:00,901 - INFO - [856/3780] gpu1  trial_0085_lr=1.0e-03_weight_decay=1.0e-05_kernel_sizes=7x5_conv_channels=256x256_fc_dims=256_seed9  completed  (7.3s)
2026-05-11 19:36:03,478 - INFO - [857/3780] gpu0  trial_0085_lr=1.0e-03_weight_decay=1.0e-05_kernel_sizes=7x5_conv_channels=256x256_fc_dims=256_seed2  completed  (7.5s)
2026-05-11 19:36:08,333 - INFO - [858/3780] gpu1  trial_0086_lr=1.0e-03_weight_decay=1.0e-04_kernel_sizes=7x5_conv_channels=256x256_fc_dims=256_seed1  completed  (7.4s)
2026-05-11 19:36:10,911 - INFO - [859/3780] gpu0  trial_0085_lr=1.0e-03_weight_decay=1.0e-05_kernel_sizes=7x5_conv_channels=256x256_fc_dims=256_seed4  completed  (7.4s)
2026-05-11 19:36:15,632 - INFO - [860/3780] gpu1  trial_0086_lr=1.0e-03_weight_decay=1.0e-04_kernel_sizes=7x5_conv_channels=256x256_fc_dims=256_seed3  completed  (7.3s)
2026-05-11 19:36:18,417 - INFO - [861/3780] gpu0  trial_0085_lr=1.0e-03_weight_decay=1.0e-05_kernel_sizes=7x5_conv_channels=256x256_fc_dims=256_seed6  completed  (7.5s)
2026-05-11 19:36:23,224 - INFO - [862/3780] gpu1  trial_0086_lr=1.0e-03_weight_decay=1.0e-04_kernel_sizes=7x5_conv_channels=256x256_fc_dims=256_seed5  completed  (7.6s)
2026-05-11 19:36:25,924 - INFO - [863/3780] gpu0  trial_0085_lr=1.0e-03_weight_decay=1.0e-05_kernel_sizes=7x5_conv_channels=256x256_fc_dims=256_seed8  completed  (7.5s)
2026-05-11 19:36:30,571 - INFO - [864/3780] gpu1  trial_0086_lr=1.0e-03_weight_decay=1.0e-04_kernel_sizes=7x5_conv_channels=256x256_fc_dims=256_seed7  completed  (7.3s)
2026-05-11 19:36:33,426 - INFO - [865/3780] gpu0  trial_0086_lr=1.0e-03_weight_decay=1.0e-04_kernel_sizes=7x5_conv_channels=256x256_fc_dims=256_seed0  completed  (7.5s)
2026-05-11 19:36:37,840 - INFO - [866/3780] gpu1  trial_0086_lr=1.0e-03_weight_decay=1.0e-04_kernel_sizes=7x5_conv_channels=256x256_fc_dims=256_seed9  completed  (7.3s)
2026-05-11 19:36:40,898 - INFO - [867/3780] gpu0  trial_0086_lr=1.0e-03_weight_decay=1.0e-04_kernel_sizes=7x5_conv_channels=256x256_fc_dims=256_seed2  completed  (7.5s)
2026-05-11 19:36:45,080 - INFO - [868/3780] gpu1  trial_0087_lr=3.0e-03_weight_decay=0_kernel_sizes=7x5_conv_channels=256x256_fc_dims=256_seed1  completed  (7.2s)
2026-05-11 19:36:48,370 - INFO - [869/3780] gpu0  trial_0086_lr=1.0e-03_weight_decay=1.0e-04_kernel_sizes=7x5_conv_channels=256x256_fc_dims=256_seed4  completed  (7.5s)
2026-05-11 19:36:52,447 - INFO - [870/3780] gpu1  trial_0087_lr=3.0e-03_weight_decay=0_kernel_sizes=7x5_conv_channels=256x256_fc_dims=256_seed3  completed  (7.4s)
2026-05-11 19:36:55,838 - INFO - [871/3780] gpu0  trial_0086_lr=1.0e-03_weight_decay=1.0e-04_kernel_sizes=7x5_conv_channels=256x256_fc_dims=256_seed6  completed  (7.5s)
2026-05-11 19:36:59,742 - INFO - [872/3780] gpu1  trial_0087_lr=3.0e-03_weight_decay=0_kernel_sizes=7x5_conv_channels=256x256_fc_dims=256_seed5  completed  (7.3s)
2026-05-11 19:37:03,334 - INFO - [873/3780] gpu0  trial_0086_lr=1.0e-03_weight_decay=1.0e-04_kernel_sizes=7x5_conv_channels=256x256_fc_dims=256_seed8  completed  (7.5s)
2026-05-11 19:37:07,251 - INFO - [874/3780] gpu1  trial_0087_lr=3.0e-03_weight_decay=0_kernel_sizes=7x5_conv_channels=256x256_fc_dims=256_seed7  completed  (7.5s)
2026-05-11 19:37:10,825 - INFO - [875/3780] gpu0  trial_0087_lr=3.0e-03_weight_decay=0_kernel_sizes=7x5_conv_channels=256x256_fc_dims=256_seed0  completed  (7.5s)
2026-05-11 19:37:14,584 - INFO - [876/3780] gpu1  trial_0087_lr=3.0e-03_weight_decay=0_kernel_sizes=7x5_conv_channels=256x256_fc_dims=256_seed9  completed  (7.3s)
2026-05-11 19:37:18,365 - INFO - [877/3780] gpu0  trial_0087_lr=3.0e-03_weight_decay=0_kernel_sizes=7x5_conv_channels=256x256_fc_dims=256_seed2  completed  (7.5s)
2026-05-11 19:37:21,891 - INFO - [878/3780] gpu1  trial_0088_lr=3.0e-03_weight_decay=1.0e-05_kernel_sizes=7x5_conv_channels=256x256_fc_dims=256_seed1  completed  (7.3s)
2026-05-11 19:37:25,749 - INFO - [879/3780] gpu0  trial_0087_lr=3.0e-03_weight_decay=0_kernel_sizes=7x5_conv_channels=256x256_fc_dims=256_seed4  completed  (7.4s)
2026-05-11 19:37:29,293 - INFO - [880/3780] gpu1  trial_0088_lr=3.0e-03_weight_decay=1.0e-05_kernel_sizes=7x5_conv_channels=256x256_fc_dims=256_seed3  completed  (7.4s)
2026-05-11 19:37:33,209 - INFO - [881/3780] gpu0  trial_0087_lr=3.0e-03_weight_decay=0_kernel_sizes=7x5_conv_channels=256x256_fc_dims=256_seed6  completed  (7.5s)
2026-05-11 19:37:36,809 - INFO - [882/3780] gpu1  trial_0088_lr=3.0e-03_weight_decay=1.0e-05_kernel_sizes=7x5_conv_channels=256x256_fc_dims=256_seed5  completed  (7.5s)
2026-05-11 19:37:40,736 - INFO - [883/3780] gpu0  trial_0087_lr=3.0e-03_weight_decay=0_kernel_sizes=7x5_conv_channels=256x256_fc_dims=256_seed8  completed  (7.5s)
2026-05-11 19:37:44,268 - INFO - [884/3780] gpu1  trial_0088_lr=3.0e-03_weight_decay=1.0e-05_kernel_sizes=7x5_conv_channels=256x256_fc_dims=256_seed7  completed  (7.5s)
2026-05-11 19:37:48,202 - INFO - [885/3780] gpu0  trial_0088_lr=3.0e-03_weight_decay=1.0e-05_kernel_sizes=7x5_conv_channels=256x256_fc_dims=256_seed0  completed  (7.5s)
2026-05-11 19:37:51,492 - INFO - [886/3780] gpu1  trial_0088_lr=3.0e-03_weight_decay=1.0e-05_kernel_sizes=7x5_conv_channels=256x256_fc_dims=256_seed9  completed  (7.2s)
2026-05-11 19:37:54,869 - INFO - [887/3780] gpu1  trial_0089_lr=3.0e-03_weight_decay=1.0e-04_kernel_sizes=7x5_conv_channels=256x256_fc_dims=256_seed1  completed  (3.4s)
2026-05-11 19:37:55,809 - INFO - [888/3780] gpu0  trial_0088_lr=3.0e-03_weight_decay=1.0e-05_kernel_sizes=7x5_conv_channels=256x256_fc_dims=256_seed2  completed  (7.6s)
2026-05-11 19:37:58,199 - INFO - [889/3780] gpu1  trial_0089_lr=3.0e-03_weight_decay=1.0e-04_kernel_sizes=7x5_conv_channels=256x256_fc_dims=256_seed3  completed  (3.3s)
2026-05-11 19:38:03,216 - INFO - [890/3780] gpu0  trial_0088_lr=3.0e-03_weight_decay=1.0e-05_kernel_sizes=7x5_conv_channels=256x256_fc_dims=256_seed4  completed  (7.4s)
2026-05-11 19:38:05,588 - INFO - [891/3780] gpu1  trial_0089_lr=3.0e-03_weight_decay=1.0e-04_kernel_sizes=7x5_conv_channels=256x256_fc_dims=256_seed5  completed  (7.4s)
2026-05-11 19:38:09,058 - INFO - [892/3780] gpu1  trial_0089_lr=3.0e-03_weight_decay=1.0e-04_kernel_sizes=7x5_conv_channels=256x256_fc_dims=256_seed7  completed  (3.5s)
2026-05-11 19:38:10,616 - INFO - [893/3780] gpu0  trial_0088_lr=3.0e-03_weight_decay=1.0e-05_kernel_sizes=7x5_conv_channels=256x256_fc_dims=256_seed6  completed  (7.4s)
2026-05-11 19:38:12,461 - INFO - [894/3780] gpu1  trial_0089_lr=3.0e-03_weight_decay=1.0e-04_kernel_sizes=7x5_conv_channels=256x256_fc_dims=256_seed9  completed  (3.4s)
2026-05-11 19:38:18,049 - INFO - [895/3780] gpu0  trial_0088_lr=3.0e-03_weight_decay=1.0e-05_kernel_sizes=7x5_conv_channels=256x256_fc_dims=256_seed8  completed  (7.4s)
2026-05-11 19:38:19,869 - INFO - [896/3780] gpu1  trial_0090_lr=3.0e-04_weight_decay=0_kernel_sizes=7x5_conv_channels=256x256_fc_dims=512_seed1  completed  (7.4s)
2026-05-11 19:38:25,576 - INFO - [897/3780] gpu0  trial_0089_lr=3.0e-03_weight_decay=1.0e-04_kernel_sizes=7x5_conv_channels=256x256_fc_dims=256_seed0  completed  (7.5s)
2026-05-11 19:38:27,337 - INFO - [898/3780] gpu1  trial_0090_lr=3.0e-04_weight_decay=0_kernel_sizes=7x5_conv_channels=256x256_fc_dims=512_seed3  completed  (7.5s)
2026-05-11 19:38:33,021 - INFO - [899/3780] gpu0  trial_0089_lr=3.0e-03_weight_decay=1.0e-04_kernel_sizes=7x5_conv_channels=256x256_fc_dims=256_seed2  completed  (7.4s)
2026-05-11 19:38:35,135 - INFO - [900/3780] gpu1  trial_0090_lr=3.0e-04_weight_decay=0_kernel_sizes=7x5_conv_channels=256x256_fc_dims=512_seed5  completed  (7.8s)
2026-05-11 19:38:36,346 - INFO - [901/3780] gpu0  trial_0089_lr=3.0e-03_weight_decay=1.0e-04_kernel_sizes=7x5_conv_channels=256x256_fc_dims=256_seed4  completed  (3.3s)
2026-05-11 19:38:39,761 - INFO - [902/3780] gpu0  trial_0089_lr=3.0e-03_weight_decay=1.0e-04_kernel_sizes=7x5_conv_channels=256x256_fc_dims=256_seed6  completed  (3.4s)
2026-05-11 19:38:42,657 - INFO - [903/3780] gpu1  trial_0090_lr=3.0e-04_weight_decay=0_kernel_sizes=7x5_conv_channels=256x256_fc_dims=512_seed7  completed  (7.5s)
2026-05-11 19:38:47,305 - INFO - [904/3780] gpu0  trial_0089_lr=3.0e-03_weight_decay=1.0e-04_kernel_sizes=7x5_conv_channels=256x256_fc_dims=256_seed8  completed  (7.5s)
2026-05-11 19:38:50,145 - INFO - [905/3780] gpu1  trial_0090_lr=3.0e-04_weight_decay=0_kernel_sizes=7x5_conv_channels=256x256_fc_dims=512_seed9  completed  (7.5s)
2026-05-11 19:38:55,013 - INFO - [906/3780] gpu0  trial_0090_lr=3.0e-04_weight_decay=0_kernel_sizes=7x5_conv_channels=256x256_fc_dims=512_seed0  completed  (7.7s)
2026-05-11 19:38:57,565 - INFO - [907/3780] gpu1  trial_0091_lr=3.0e-04_weight_decay=1.0e-05_kernel_sizes=7x5_conv_channels=256x256_fc_dims=512_seed1  completed  (7.4s)
2026-05-11 19:39:02,699 - INFO - [908/3780] gpu0  trial_0090_lr=3.0e-04_weight_decay=0_kernel_sizes=7x5_conv_channels=256x256_fc_dims=512_seed2  completed  (7.7s)
2026-05-11 19:39:05,321 - INFO - [909/3780] gpu1  trial_0091_lr=3.0e-04_weight_decay=1.0e-05_kernel_sizes=7x5_conv_channels=256x256_fc_dims=512_seed3  completed  (7.8s)
2026-05-11 19:39:10,360 - INFO - [910/3780] gpu0  trial_0090_lr=3.0e-04_weight_decay=0_kernel_sizes=7x5_conv_channels=256x256_fc_dims=512_seed4  completed  (7.7s)
2026-05-11 19:39:12,946 - INFO - [911/3780] gpu1  trial_0091_lr=3.0e-04_weight_decay=1.0e-05_kernel_sizes=7x5_conv_channels=256x256_fc_dims=512_seed5  completed  (7.6s)
2026-05-11 19:39:18,013 - INFO - [912/3780] gpu0  trial_0090_lr=3.0e-04_weight_decay=0_kernel_sizes=7x5_conv_channels=256x256_fc_dims=512_seed6  completed  (7.7s)
2026-05-11 19:39:20,461 - INFO - [913/3780] gpu1  trial_0091_lr=3.0e-04_weight_decay=1.0e-05_kernel_sizes=7x5_conv_channels=256x256_fc_dims=512_seed7  completed  (7.5s)
2026-05-11 19:39:25,702 - INFO - [914/3780] gpu0  trial_0090_lr=3.0e-04_weight_decay=0_kernel_sizes=7x5_conv_channels=256x256_fc_dims=512_seed8  completed  (7.7s)
2026-05-11 19:39:27,995 - INFO - [915/3780] gpu1  trial_0091_lr=3.0e-04_weight_decay=1.0e-05_kernel_sizes=7x5_conv_channels=256x256_fc_dims=512_seed9  completed  (7.5s)
2026-05-11 19:39:33,411 - INFO - [916/3780] gpu0  trial_0091_lr=3.0e-04_weight_decay=1.0e-05_kernel_sizes=7x5_conv_channels=256x256_fc_dims=512_seed0  completed  (7.7s)
2026-05-11 19:39:35,919 - INFO - [917/3780] gpu1  trial_0092_lr=3.0e-04_weight_decay=1.0e-04_kernel_sizes=7x5_conv_channels=256x256_fc_dims=512_seed1  completed  (7.9s)
2026-05-11 19:39:40,972 - INFO - [918/3780] gpu0  trial_0091_lr=3.0e-04_weight_decay=1.0e-05_kernel_sizes=7x5_conv_channels=256x256_fc_dims=512_seed2  completed  (7.6s)
2026-05-11 19:39:43,336 - INFO - [919/3780] gpu1  trial_0092_lr=3.0e-04_weight_decay=1.0e-04_kernel_sizes=7x5_conv_channels=256x256_fc_dims=512_seed3  completed  (7.4s)
2026-05-11 19:39:48,830 - INFO - [920/3780] gpu0  trial_0091_lr=3.0e-04_weight_decay=1.0e-05_kernel_sizes=7x5_conv_channels=256x256_fc_dims=512_seed4  completed  (7.9s)
2026-05-11 19:39:50,926 - INFO - [921/3780] gpu1  trial_0092_lr=3.0e-04_weight_decay=1.0e-04_kernel_sizes=7x5_conv_channels=256x256_fc_dims=512_seed5  completed  (7.6s)
2026-05-11 19:39:56,627 - INFO - [922/3780] gpu0  trial_0091_lr=3.0e-04_weight_decay=1.0e-05_kernel_sizes=7x5_conv_channels=256x256_fc_dims=512_seed6  completed  (7.8s)
2026-05-11 19:39:58,265 - INFO - [923/3780] gpu1  trial_0092_lr=3.0e-04_weight_decay=1.0e-04_kernel_sizes=7x5_conv_channels=256x256_fc_dims=512_seed7  completed  (7.3s)
2026-05-11 19:40:04,269 - INFO - [924/3780] gpu0  trial_0091_lr=3.0e-04_weight_decay=1.0e-05_kernel_sizes=7x5_conv_channels=256x256_fc_dims=512_seed8  completed  (7.6s)
2026-05-11 19:40:05,654 - INFO - [925/3780] gpu1  trial_0092_lr=3.0e-04_weight_decay=1.0e-04_kernel_sizes=7x5_conv_channels=256x256_fc_dims=512_seed9  completed  (7.4s)
2026-05-11 19:40:11,826 - INFO - [926/3780] gpu0  trial_0092_lr=3.0e-04_weight_decay=1.0e-04_kernel_sizes=7x5_conv_channels=256x256_fc_dims=512_seed0  completed  (7.6s)
2026-05-11 19:40:13,134 - INFO - [927/3780] gpu1  trial_0093_lr=1.0e-03_weight_decay=0_kernel_sizes=7x5_conv_channels=256x256_fc_dims=512_seed1  completed  (7.5s)
2026-05-11 19:40:19,608 - INFO - [928/3780] gpu0  trial_0092_lr=3.0e-04_weight_decay=1.0e-04_kernel_sizes=7x5_conv_channels=256x256_fc_dims=512_seed2  completed  (7.8s)
2026-05-11 19:40:20,739 - INFO - [929/3780] gpu1  trial_0093_lr=1.0e-03_weight_decay=0_kernel_sizes=7x5_conv_channels=256x256_fc_dims=512_seed3  completed  (7.6s)
2026-05-11 19:40:27,165 - INFO - [930/3780] gpu0  trial_0092_lr=3.0e-04_weight_decay=1.0e-04_kernel_sizes=7x5_conv_channels=256x256_fc_dims=512_seed4  completed  (7.6s)
2026-05-11 19:40:28,119 - INFO - [931/3780] gpu1  trial_0093_lr=1.0e-03_weight_decay=0_kernel_sizes=7x5_conv_channels=256x256_fc_dims=512_seed5  completed  (7.4s)
2026-05-11 19:40:34,749 - INFO - [932/3780] gpu0  trial_0092_lr=3.0e-04_weight_decay=1.0e-04_kernel_sizes=7x5_conv_channels=256x256_fc_dims=512_seed6  completed  (7.6s)
2026-05-11 19:40:35,561 - INFO - [933/3780] gpu1  trial_0093_lr=1.0e-03_weight_decay=0_kernel_sizes=7x5_conv_channels=256x256_fc_dims=512_seed7  completed  (7.4s)
2026-05-11 19:40:42,347 - INFO - [934/3780] gpu0  trial_0092_lr=3.0e-04_weight_decay=1.0e-04_kernel_sizes=7x5_conv_channels=256x256_fc_dims=512_seed8  completed  (7.6s)
2026-05-11 19:40:42,985 - INFO - [935/3780] gpu1  trial_0093_lr=1.0e-03_weight_decay=0_kernel_sizes=7x5_conv_channels=256x256_fc_dims=512_seed9  completed  (7.4s)
2026-05-11 19:40:50,004 - INFO - [936/3780] gpu0  trial_0093_lr=1.0e-03_weight_decay=0_kernel_sizes=7x5_conv_channels=256x256_fc_dims=512_seed0  completed  (7.7s)
2026-05-11 19:40:50,315 - INFO - [937/3780] gpu1  trial_0094_lr=1.0e-03_weight_decay=1.0e-05_kernel_sizes=7x5_conv_channels=256x256_fc_dims=512_seed1  completed  (7.3s)
2026-05-11 19:40:57,662 - INFO - [938/3780] gpu0  trial_0093_lr=1.0e-03_weight_decay=0_kernel_sizes=7x5_conv_channels=256x256_fc_dims=512_seed2  completed  (7.7s)
2026-05-11 19:40:57,697 - INFO - [939/3780] gpu1  trial_0094_lr=1.0e-03_weight_decay=1.0e-05_kernel_sizes=7x5_conv_channels=256x256_fc_dims=512_seed3  completed  (7.4s)
2026-05-11 19:41:05,121 - INFO - [940/3780] gpu1  trial_0094_lr=1.0e-03_weight_decay=1.0e-05_kernel_sizes=7x5_conv_channels=256x256_fc_dims=512_seed5  completed  (7.4s)
2026-05-11 19:41:05,362 - INFO - [941/3780] gpu0  trial_0093_lr=1.0e-03_weight_decay=0_kernel_sizes=7x5_conv_channels=256x256_fc_dims=512_seed4  completed  (7.7s)
2026-05-11 19:41:12,619 - INFO - [942/3780] gpu1  trial_0094_lr=1.0e-03_weight_decay=1.0e-05_kernel_sizes=7x5_conv_channels=256x256_fc_dims=512_seed7  completed  (7.5s)
2026-05-11 19:41:13,082 - INFO - [943/3780] gpu0  trial_0093_lr=1.0e-03_weight_decay=0_kernel_sizes=7x5_conv_channels=256x256_fc_dims=512_seed6  completed  (7.7s)
2026-05-11 19:41:20,028 - INFO - [944/3780] gpu1  trial_0094_lr=1.0e-03_weight_decay=1.0e-05_kernel_sizes=7x5_conv_channels=256x256_fc_dims=512_seed9  completed  (7.4s)
2026-05-11 19:41:20,715 - INFO - [945/3780] gpu0  trial_0093_lr=1.0e-03_weight_decay=0_kernel_sizes=7x5_conv_channels=256x256_fc_dims=512_seed8  completed  (7.6s)
2026-05-11 19:41:27,280 - INFO - [946/3780] gpu1  trial_0095_lr=1.0e-03_weight_decay=1.0e-04_kernel_sizes=7x5_conv_channels=256x256_fc_dims=512_seed1  completed  (7.3s)
2026-05-11 19:41:28,229 - INFO - [947/3780] gpu0  trial_0094_lr=1.0e-03_weight_decay=1.0e-05_kernel_sizes=7x5_conv_channels=256x256_fc_dims=512_seed0  completed  (7.5s)
2026-05-11 19:41:34,574 - INFO - [948/3780] gpu1  trial_0095_lr=1.0e-03_weight_decay=1.0e-04_kernel_sizes=7x5_conv_channels=256x256_fc_dims=512_seed3  completed  (7.3s)
2026-05-11 19:41:35,780 - INFO - [949/3780] gpu0  trial_0094_lr=1.0e-03_weight_decay=1.0e-05_kernel_sizes=7x5_conv_channels=256x256_fc_dims=512_seed2  completed  (7.5s)
2026-05-11 19:41:42,031 - INFO - [950/3780] gpu1  trial_0095_lr=1.0e-03_weight_decay=1.0e-04_kernel_sizes=7x5_conv_channels=256x256_fc_dims=512_seed5  completed  (7.5s)
2026-05-11 19:41:43,393 - INFO - [951/3780] gpu0  trial_0094_lr=1.0e-03_weight_decay=1.0e-05_kernel_sizes=7x5_conv_channels=256x256_fc_dims=512_seed4  completed  (7.6s)
2026-05-11 19:41:49,448 - INFO - [952/3780] gpu1  trial_0095_lr=1.0e-03_weight_decay=1.0e-04_kernel_sizes=7x5_conv_channels=256x256_fc_dims=512_seed7  completed  (7.4s)
2026-05-11 19:41:51,037 - INFO - [953/3780] gpu0  trial_0094_lr=1.0e-03_weight_decay=1.0e-05_kernel_sizes=7x5_conv_channels=256x256_fc_dims=512_seed6  completed  (7.6s)
2026-05-11 19:41:56,895 - INFO - [954/3780] gpu1  trial_0095_lr=1.0e-03_weight_decay=1.0e-04_kernel_sizes=7x5_conv_channels=256x256_fc_dims=512_seed9  completed  (7.4s)
2026-05-11 19:41:58,689 - INFO - [955/3780] gpu0  trial_0094_lr=1.0e-03_weight_decay=1.0e-05_kernel_sizes=7x5_conv_channels=256x256_fc_dims=512_seed8  completed  (7.7s)
2026-05-11 19:42:04,368 - INFO - [956/3780] gpu1  trial_0096_lr=3.0e-03_weight_decay=0_kernel_sizes=7x5_conv_channels=256x256_fc_dims=512_seed1  completed  (7.5s)
2026-05-11 19:42:06,371 - INFO - [957/3780] gpu0  trial_0095_lr=1.0e-03_weight_decay=1.0e-04_kernel_sizes=7x5_conv_channels=256x256_fc_dims=512_seed0  completed  (7.7s)
2026-05-11 19:42:11,895 - INFO - [958/3780] gpu1  trial_0096_lr=3.0e-03_weight_decay=0_kernel_sizes=7x5_conv_channels=256x256_fc_dims=512_seed3  completed  (7.5s)
2026-05-11 19:42:13,952 - INFO - [959/3780] gpu0  trial_0095_lr=1.0e-03_weight_decay=1.0e-04_kernel_sizes=7x5_conv_channels=256x256_fc_dims=512_seed2  completed  (7.6s)
2026-05-11 19:42:19,290 - INFO - [960/3780] gpu1  trial_0096_lr=3.0e-03_weight_decay=0_kernel_sizes=7x5_conv_channels=256x256_fc_dims=512_seed5  completed  (7.4s)
2026-05-11 19:42:21,715 - INFO - [961/3780] gpu0  trial_0095_lr=1.0e-03_weight_decay=1.0e-04_kernel_sizes=7x5_conv_channels=256x256_fc_dims=512_seed4  completed  (7.8s)
2026-05-11 19:42:26,774 - INFO - [962/3780] gpu1  trial_0096_lr=3.0e-03_weight_decay=0_kernel_sizes=7x5_conv_channels=256x256_fc_dims=512_seed7  completed  (7.5s)
2026-05-11 19:42:29,516 - INFO - [963/3780] gpu0  trial_0095_lr=1.0e-03_weight_decay=1.0e-04_kernel_sizes=7x5_conv_channels=256x256_fc_dims=512_seed6  completed  (7.8s)
2026-05-11 19:42:34,274 - INFO - [964/3780] gpu1  trial_0096_lr=3.0e-03_weight_decay=0_kernel_sizes=7x5_conv_channels=256x256_fc_dims=512_seed9  completed  (7.5s)
2026-05-11 19:42:37,036 - INFO - [965/3780] gpu0  trial_0095_lr=1.0e-03_weight_decay=1.0e-04_kernel_sizes=7x5_conv_channels=256x256_fc_dims=512_seed8  completed  (7.5s)
2026-05-11 19:42:41,849 - INFO - [966/3780] gpu1  trial_0097_lr=3.0e-03_weight_decay=1.0e-05_kernel_sizes=7x5_conv_channels=256x256_fc_dims=512_seed1  completed  (7.6s)
2026-05-11 19:42:44,644 - INFO - [967/3780] gpu0  trial_0096_lr=3.0e-03_weight_decay=0_kernel_sizes=7x5_conv_channels=256x256_fc_dims=512_seed0  completed  (7.6s)
2026-05-11 19:42:49,408 - INFO - [968/3780] gpu1  trial_0097_lr=3.0e-03_weight_decay=1.0e-05_kernel_sizes=7x5_conv_channels=256x256_fc_dims=512_seed3  completed  (7.6s)
2026-05-11 19:42:52,398 - INFO - [969/3780] gpu0  trial_0096_lr=3.0e-03_weight_decay=0_kernel_sizes=7x5_conv_channels=256x256_fc_dims=512_seed2  completed  (7.8s)
2026-05-11 19:42:56,906 - INFO - [970/3780] gpu1  trial_0097_lr=3.0e-03_weight_decay=1.0e-05_kernel_sizes=7x5_conv_channels=256x256_fc_dims=512_seed5  completed  (7.5s)
2026-05-11 19:43:00,001 - INFO - [971/3780] gpu0  trial_0096_lr=3.0e-03_weight_decay=0_kernel_sizes=7x5_conv_channels=256x256_fc_dims=512_seed4  completed  (7.6s)
2026-05-11 19:43:04,418 - INFO - [972/3780] gpu1  trial_0097_lr=3.0e-03_weight_decay=1.0e-05_kernel_sizes=7x5_conv_channels=256x256_fc_dims=512_seed7  completed  (7.5s)
2026-05-11 19:43:07,781 - INFO - [973/3780] gpu0  trial_0096_lr=3.0e-03_weight_decay=0_kernel_sizes=7x5_conv_channels=256x256_fc_dims=512_seed6  completed  (7.8s)
2026-05-11 19:43:11,990 - INFO - [974/3780] gpu1  trial_0097_lr=3.0e-03_weight_decay=1.0e-05_kernel_sizes=7x5_conv_channels=256x256_fc_dims=512_seed9  completed  (7.6s)
2026-05-11 19:43:15,435 - INFO - [975/3780] gpu0  trial_0096_lr=3.0e-03_weight_decay=0_kernel_sizes=7x5_conv_channels=256x256_fc_dims=512_seed8  completed  (7.7s)
2026-05-11 19:43:19,421 - INFO - [976/3780] gpu1  trial_0098_lr=3.0e-03_weight_decay=1.0e-04_kernel_sizes=7x5_conv_channels=256x256_fc_dims=512_seed1  completed  (7.4s)
2026-05-11 19:43:22,726 - INFO - [977/3780] gpu1  trial_0098_lr=3.0e-03_weight_decay=1.0e-04_kernel_sizes=7x5_conv_channels=256x256_fc_dims=512_seed3  completed  (3.3s)
2026-05-11 19:43:23,198 - INFO - [978/3780] gpu0  trial_0097_lr=3.0e-03_weight_decay=1.0e-05_kernel_sizes=7x5_conv_channels=256x256_fc_dims=512_seed0  completed  (7.8s)
2026-05-11 19:43:25,989 - INFO - [979/3780] gpu1  trial_0098_lr=3.0e-03_weight_decay=1.0e-04_kernel_sizes=7x5_conv_channels=256x256_fc_dims=512_seed5  completed  (3.3s)
2026-05-11 19:43:29,374 - INFO - [980/3780] gpu1  trial_0098_lr=3.0e-03_weight_decay=1.0e-04_kernel_sizes=7x5_conv_channels=256x256_fc_dims=512_seed7  completed  (3.4s)
2026-05-11 19:43:30,778 - INFO - [981/3780] gpu0  trial_0097_lr=3.0e-03_weight_decay=1.0e-05_kernel_sizes=7x5_conv_channels=256x256_fc_dims=512_seed2  completed  (7.6s)
2026-05-11 19:43:36,744 - INFO - [982/3780] gpu1  trial_0098_lr=3.0e-03_weight_decay=1.0e-04_kernel_sizes=7x5_conv_channels=256x256_fc_dims=512_seed9  completed  (7.4s)
2026-05-11 19:43:38,538 - INFO - [983/3780] gpu0  trial_0097_lr=3.0e-03_weight_decay=1.0e-05_kernel_sizes=7x5_conv_channels=256x256_fc_dims=512_seed4  completed  (7.8s)
2026-05-11 19:43:40,424 - INFO - [984/3780] gpu1  trial_0099_lr=3.0e-04_weight_decay=0_kernel_sizes=7x5_conv_channels=256x256_fc_dims=512x256_seed1  completed  (3.7s)
2026-05-11 19:43:43,356 - INFO - [985/3780] gpu1  trial_0099_lr=3.0e-04_weight_decay=0_kernel_sizes=7x5_conv_channels=256x256_fc_dims=512x256_seed3  completed  (2.9s)
2026-05-11 19:43:46,358 - INFO - [986/3780] gpu0  trial_0097_lr=3.0e-03_weight_decay=1.0e-05_kernel_sizes=7x5_conv_channels=256x256_fc_dims=512_seed6  completed  (7.8s)
2026-05-11 19:43:51,061 - INFO - [987/3780] gpu1  trial_0099_lr=3.0e-04_weight_decay=0_kernel_sizes=7x5_conv_channels=256x256_fc_dims=512x256_seed5  completed  (7.7s)
2026-05-11 19:43:54,144 - INFO - [988/3780] gpu0  trial_0097_lr=3.0e-03_weight_decay=1.0e-05_kernel_sizes=7x5_conv_channels=256x256_fc_dims=512_seed8  completed  (7.8s)
2026-05-11 19:43:54,880 - INFO - [989/3780] gpu1  trial_0099_lr=3.0e-04_weight_decay=0_kernel_sizes=7x5_conv_channels=256x256_fc_dims=512x256_seed7  completed  (3.8s)
2026-05-11 19:43:57,490 - INFO - [990/3780] gpu0  trial_0098_lr=3.0e-03_weight_decay=1.0e-04_kernel_sizes=7x5_conv_channels=256x256_fc_dims=512_seed0  completed  (3.3s)
2026-05-11 19:43:58,547 - INFO - [991/3780] gpu1  trial_0099_lr=3.0e-04_weight_decay=0_kernel_sizes=7x5_conv_channels=256x256_fc_dims=512x256_seed9  completed  (3.7s)
2026-05-11 19:44:00,981 - INFO - [992/3780] gpu0  trial_0098_lr=3.0e-03_weight_decay=1.0e-04_kernel_sizes=7x5_conv_channels=256x256_fc_dims=512_seed2  completed  (3.5s)
2026-05-11 19:44:02,236 - INFO - [993/3780] gpu1  trial_0100_lr=3.0e-04_weight_decay=1.0e-05_kernel_sizes=7x5_conv_channels=256x256_fc_dims=512x256_seed1  completed  (3.7s)
2026-05-11 19:44:05,124 - INFO - [994/3780] gpu1  trial_0100_lr=3.0e-04_weight_decay=1.0e-05_kernel_sizes=7x5_conv_channels=256x256_fc_dims=512x256_seed3  completed  (2.9s)
2026-05-11 19:44:08,209 - INFO - [995/3780] gpu0  trial_0098_lr=3.0e-03_weight_decay=1.0e-04_kernel_sizes=7x5_conv_channels=256x256_fc_dims=512_seed4  completed  (7.2s)
2026-05-11 19:44:12,785 - INFO - [996/3780] gpu1  trial_0100_lr=3.0e-04_weight_decay=1.0e-05_kernel_sizes=7x5_conv_channels=256x256_fc_dims=512x256_seed5  completed  (7.7s)
2026-05-11 19:44:15,922 - INFO - [997/3780] gpu0  trial_0098_lr=3.0e-03_weight_decay=1.0e-04_kernel_sizes=7x5_conv_channels=256x256_fc_dims=512_seed6  completed  (7.7s)
2026-05-11 19:44:16,747 - INFO - [998/3780] gpu1  trial_0100_lr=3.0e-04_weight_decay=1.0e-05_kernel_sizes=7x5_conv_channels=256x256_fc_dims=512x256_seed7  completed  (4.0s)
2026-05-11 19:44:20,452 - INFO - [999/3780] gpu1  trial_0100_lr=3.0e-04_weight_decay=1.0e-05_kernel_sizes=7x5_conv_channels=256x256_fc_dims=512x256_seed9  completed  (3.7s)
2026-05-11 19:44:23,628 - INFO - [1000/3780] gpu0  trial_0098_lr=3.0e-03_weight_decay=1.0e-04_kernel_sizes=7x5_conv_channels=256x256_fc_dims=512_seed8  completed  (7.7s)
2026-05-11 19:44:24,027 - INFO - [1001/3780] gpu1  trial_0101_lr=3.0e-04_weight_decay=1.0e-04_kernel_sizes=7x5_conv_channels=256x256_fc_dims=512x256_seed1  completed  (3.6s)
2026-05-11 19:44:26,847 - INFO - [1002/3780] gpu1  trial_0101_lr=3.0e-04_weight_decay=1.0e-04_kernel_sizes=7x5_conv_channels=256x256_fc_dims=512x256_seed3  completed  (2.8s)
2026-05-11 19:44:27,720 - INFO - [1003/3780] gpu0  trial_0099_lr=3.0e-04_weight_decay=0_kernel_sizes=7x5_conv_channels=256x256_fc_dims=512x256_seed0  completed  (4.1s)
2026-05-11 19:44:30,637 - INFO - [1004/3780] gpu0  trial_0099_lr=3.0e-04_weight_decay=0_kernel_sizes=7x5_conv_channels=256x256_fc_dims=512x256_seed2  completed  (2.9s)
2026-05-11 19:44:33,625 - INFO - [1005/3780] gpu0  trial_0099_lr=3.0e-04_weight_decay=0_kernel_sizes=7x5_conv_channels=256x256_fc_dims=512x256_seed4  completed  (3.0s)
2026-05-11 19:44:34,460 - INFO - [1006/3780] gpu1  trial_0101_lr=3.0e-04_weight_decay=1.0e-04_kernel_sizes=7x5_conv_channels=256x256_fc_dims=512x256_seed5  completed  (7.6s)
2026-05-11 19:44:41,482 - INFO - [1007/3780] gpu0  trial_0099_lr=3.0e-04_weight_decay=0_kernel_sizes=7x5_conv_channels=256x256_fc_dims=512x256_seed6  completed  (7.9s)
2026-05-11 19:44:42,063 - INFO - [1008/3780] gpu1  trial_0101_lr=3.0e-04_weight_decay=1.0e-04_kernel_sizes=7x5_conv_channels=256x256_fc_dims=512x256_seed7  completed  (7.6s)
2026-05-11 19:44:45,177 - INFO - [1009/3780] gpu0  trial_0099_lr=3.0e-04_weight_decay=0_kernel_sizes=7x5_conv_channels=256x256_fc_dims=512x256_seed8  completed  (3.7s)
2026-05-11 19:44:49,293 - INFO - [1010/3780] gpu0  trial_0100_lr=3.0e-04_weight_decay=1.0e-05_kernel_sizes=7x5_conv_channels=256x256_fc_dims=512x256_seed0  completed  (4.1s)
2026-05-11 19:44:49,720 - INFO - [1011/3780] gpu1  trial_0101_lr=3.0e-04_weight_decay=1.0e-04_kernel_sizes=7x5_conv_channels=256x256_fc_dims=512x256_seed9  completed  (7.7s)
2026-05-11 19:44:52,214 - INFO - [1012/3780] gpu0  trial_0100_lr=3.0e-04_weight_decay=1.0e-05_kernel_sizes=7x5_conv_channels=256x256_fc_dims=512x256_seed2  completed  (2.9s)
2026-05-11 19:44:55,143 - INFO - [1013/3780] gpu0  trial_0100_lr=3.0e-04_weight_decay=1.0e-05_kernel_sizes=7x5_conv_channels=256x256_fc_dims=512x256_seed4  completed  (2.9s)
2026-05-11 19:44:57,314 - INFO - [1014/3780] gpu1  trial_0102_lr=1.0e-03_weight_decay=0_kernel_sizes=7x5_conv_channels=256x256_fc_dims=512x256_seed1  completed  (7.6s)
2026-05-11 19:45:03,157 - INFO - [1015/3780] gpu0  trial_0100_lr=3.0e-04_weight_decay=1.0e-05_kernel_sizes=7x5_conv_channels=256x256_fc_dims=512x256_seed6  completed  (8.0s)
2026-05-11 19:45:04,996 - INFO - [1016/3780] gpu1  trial_0102_lr=1.0e-03_weight_decay=0_kernel_sizes=7x5_conv_channels=256x256_fc_dims=512x256_seed3  completed  (7.7s)
2026-05-11 19:45:06,849 - INFO - [1017/3780] gpu0  trial_0100_lr=3.0e-04_weight_decay=1.0e-05_kernel_sizes=7x5_conv_channels=256x256_fc_dims=512x256_seed8  completed  (3.7s)
2026-05-11 19:45:08,267 - INFO - [1018/3780] gpu1  trial_0102_lr=1.0e-03_weight_decay=0_kernel_sizes=7x5_conv_channels=256x256_fc_dims=512x256_seed5  completed  (3.3s)
2026-05-11 19:45:11,608 - INFO - [1019/3780] gpu1  trial_0102_lr=1.0e-03_weight_decay=0_kernel_sizes=7x5_conv_channels=256x256_fc_dims=512x256_seed7  completed  (3.3s)
2026-05-11 19:45:14,805 - INFO - [1020/3780] gpu0  trial_0101_lr=3.0e-04_weight_decay=1.0e-04_kernel_sizes=7x5_conv_channels=256x256_fc_dims=512x256_seed0  completed  (8.0s)
2026-05-11 19:45:19,333 - INFO - [1021/3780] gpu1  trial_0102_lr=1.0e-03_weight_decay=0_kernel_sizes=7x5_conv_channels=256x256_fc_dims=512x256_seed9  completed  (7.7s)
2026-05-11 19:45:22,661 - INFO - [1022/3780] gpu0  trial_0101_lr=3.0e-04_weight_decay=1.0e-04_kernel_sizes=7x5_conv_channels=256x256_fc_dims=512x256_seed2  completed  (7.9s)
2026-05-11 19:45:25,590 - INFO - [1023/3780] gpu0  trial_0101_lr=3.0e-04_weight_decay=1.0e-04_kernel_sizes=7x5_conv_channels=256x256_fc_dims=512x256_seed4  completed  (2.9s)
2026-05-11 19:45:26,929 - INFO - [1024/3780] gpu1  trial_0103_lr=1.0e-03_weight_decay=1.0e-05_kernel_sizes=7x5_conv_channels=256x256_fc_dims=512x256_seed1  completed  (7.6s)
2026-05-11 19:45:30,445 - INFO - [1025/3780] gpu0  trial_0101_lr=3.0e-04_weight_decay=1.0e-04_kernel_sizes=7x5_conv_channels=256x256_fc_dims=512x256_seed6  completed  (4.9s)
2026-05-11 19:45:34,678 - INFO - [1026/3780] gpu1  trial_0103_lr=1.0e-03_weight_decay=1.0e-05_kernel_sizes=7x5_conv_channels=256x256_fc_dims=512x256_seed3  completed  (7.7s)
2026-05-11 19:45:38,053 - INFO - [1027/3780] gpu1  trial_0103_lr=1.0e-03_weight_decay=1.0e-05_kernel_sizes=7x5_conv_channels=256x256_fc_dims=512x256_seed5  completed  (3.4s)
2026-05-11 19:45:38,323 - INFO - [1028/3780] gpu0  trial_0101_lr=3.0e-04_weight_decay=1.0e-04_kernel_sizes=7x5_conv_channels=256x256_fc_dims=512x256_seed8  completed  (7.9s)
2026-05-11 19:45:41,720 - INFO - [1029/3780] gpu0  trial_0102_lr=1.0e-03_weight_decay=0_kernel_sizes=7x5_conv_channels=256x256_fc_dims=512x256_seed0  completed  (3.4s)
2026-05-11 19:45:45,735 - INFO - [1030/3780] gpu1  trial_0103_lr=1.0e-03_weight_decay=1.0e-05_kernel_sizes=7x5_conv_channels=256x256_fc_dims=512x256_seed7  completed  (7.7s)
2026-05-11 19:45:49,749 - INFO - [1031/3780] gpu0  trial_0102_lr=1.0e-03_weight_decay=0_kernel_sizes=7x5_conv_channels=256x256_fc_dims=512x256_seed2  completed  (8.0s)
2026-05-11 19:45:53,442 - INFO - [1032/3780] gpu1  trial_0103_lr=1.0e-03_weight_decay=1.0e-05_kernel_sizes=7x5_conv_channels=256x256_fc_dims=512x256_seed9  completed  (7.7s)
2026-05-11 19:45:57,781 - INFO - [1033/3780] gpu0  trial_0102_lr=1.0e-03_weight_decay=0_kernel_sizes=7x5_conv_channels=256x256_fc_dims=512x256_seed4  completed  (8.0s)
2026-05-11 19:46:01,068 - INFO - [1034/3780] gpu1  trial_0104_lr=1.0e-03_weight_decay=1.0e-04_kernel_sizes=7x5_conv_channels=256x256_fc_dims=512x256_seed1  completed  (7.6s)
2026-05-11 19:46:01,192 - INFO - [1035/3780] gpu0  trial_0102_lr=1.0e-03_weight_decay=0_kernel_sizes=7x5_conv_channels=256x256_fc_dims=512x256_seed6  completed  (3.4s)
2026-05-11 19:46:04,507 - INFO - [1036/3780] gpu0  trial_0102_lr=1.0e-03_weight_decay=0_kernel_sizes=7x5_conv_channels=256x256_fc_dims=512x256_seed8  completed  (3.3s)
2026-05-11 19:46:05,761 - INFO - [1037/3780] gpu1  trial_0104_lr=1.0e-03_weight_decay=1.0e-04_kernel_sizes=7x5_conv_channels=256x256_fc_dims=512x256_seed3  completed  (4.7s)
2026-05-11 19:46:12,427 - INFO - [1038/3780] gpu0  trial_0103_lr=1.0e-03_weight_decay=1.0e-05_kernel_sizes=7x5_conv_channels=256x256_fc_dims=512x256_seed0  completed  (7.9s)
2026-05-11 19:46:13,474 - INFO - [1039/3780] gpu1  trial_0104_lr=1.0e-03_weight_decay=1.0e-04_kernel_sizes=7x5_conv_channels=256x256_fc_dims=512x256_seed5  completed  (7.7s)
2026-05-11 19:46:20,279 - INFO - [1040/3780] gpu0  trial_0103_lr=1.0e-03_weight_decay=1.0e-05_kernel_sizes=7x5_conv_channels=256x256_fc_dims=512x256_seed2  completed  (7.9s)
2026-05-11 19:46:21,117 - INFO - [1041/3780] gpu1  trial_0104_lr=1.0e-03_weight_decay=1.0e-04_kernel_sizes=7x5_conv_channels=256x256_fc_dims=512x256_seed7  completed  (7.6s)
2026-05-11 19:46:28,177 - INFO - [1042/3780] gpu0  trial_0103_lr=1.0e-03_weight_decay=1.0e-05_kernel_sizes=7x5_conv_channels=256x256_fc_dims=512x256_seed4  completed  (7.9s)
2026-05-11 19:46:28,773 - INFO - [1043/3780] gpu1  trial_0104_lr=1.0e-03_weight_decay=1.0e-04_kernel_sizes=7x5_conv_channels=256x256_fc_dims=512x256_seed9  completed  (7.7s)
2026-05-11 19:46:36,014 - INFO - [1044/3780] gpu0  trial_0103_lr=1.0e-03_weight_decay=1.0e-05_kernel_sizes=7x5_conv_channels=256x256_fc_dims=512x256_seed6  completed  (7.8s)
2026-05-11 19:46:36,469 - INFO - [1045/3780] gpu1  trial_0105_lr=3.0e-03_weight_decay=0_kernel_sizes=7x5_conv_channels=256x256_fc_dims=512x256_seed1  completed  (7.7s)
2026-05-11 19:46:39,417 - INFO - [1046/3780] gpu0  trial_0103_lr=1.0e-03_weight_decay=1.0e-05_kernel_sizes=7x5_conv_channels=256x256_fc_dims=512x256_seed8  completed  (3.4s)
2026-05-11 19:46:43,933 - INFO - [1047/3780] gpu1  trial_0105_lr=3.0e-03_weight_decay=0_kernel_sizes=7x5_conv_channels=256x256_fc_dims=512x256_seed3  completed  (7.5s)
2026-05-11 19:46:47,358 - INFO - [1048/3780] gpu0  trial_0104_lr=1.0e-03_weight_decay=1.0e-04_kernel_sizes=7x5_conv_channels=256x256_fc_dims=512x256_seed0  completed  (7.9s)
2026-05-11 19:46:51,580 - INFO - [1049/3780] gpu1  trial_0105_lr=3.0e-03_weight_decay=0_kernel_sizes=7x5_conv_channels=256x256_fc_dims=512x256_seed5  completed  (7.6s)
2026-05-11 19:46:55,299 - INFO - [1050/3780] gpu0  trial_0104_lr=1.0e-03_weight_decay=1.0e-04_kernel_sizes=7x5_conv_channels=256x256_fc_dims=512x256_seed2  completed  (7.9s)
2026-05-11 19:46:59,195 - INFO - [1051/3780] gpu1  trial_0105_lr=3.0e-03_weight_decay=0_kernel_sizes=7x5_conv_channels=256x256_fc_dims=512x256_seed7  completed  (7.6s)
2026-05-11 19:47:03,333 - INFO - [1052/3780] gpu0  trial_0104_lr=1.0e-03_weight_decay=1.0e-04_kernel_sizes=7x5_conv_channels=256x256_fc_dims=512x256_seed4  completed  (8.0s)
2026-05-11 19:47:06,956 - INFO - [1053/3780] gpu1  trial_0105_lr=3.0e-03_weight_decay=0_kernel_sizes=7x5_conv_channels=256x256_fc_dims=512x256_seed9  completed  (7.8s)
2026-05-11 19:47:11,335 - INFO - [1054/3780] gpu0  trial_0104_lr=1.0e-03_weight_decay=1.0e-04_kernel_sizes=7x5_conv_channels=256x256_fc_dims=512x256_seed6  completed  (8.0s)
2026-05-11 19:47:14,496 - INFO - [1055/3780] gpu1  trial_0106_lr=3.0e-03_weight_decay=1.0e-05_kernel_sizes=7x5_conv_channels=256x256_fc_dims=512x256_seed1  completed  (7.5s)
2026-05-11 19:47:19,273 - INFO - [1056/3780] gpu0  trial_0104_lr=1.0e-03_weight_decay=1.0e-04_kernel_sizes=7x5_conv_channels=256x256_fc_dims=512x256_seed8  completed  (7.9s)
2026-05-11 19:47:21,958 - INFO - [1057/3780] gpu1  trial_0106_lr=3.0e-03_weight_decay=1.0e-05_kernel_sizes=7x5_conv_channels=256x256_fc_dims=512x256_seed3  completed  (7.5s)
2026-05-11 19:47:27,250 - INFO - [1058/3780] gpu0  trial_0105_lr=3.0e-03_weight_decay=0_kernel_sizes=7x5_conv_channels=256x256_fc_dims=512x256_seed0  completed  (8.0s)
2026-05-11 19:47:29,614 - INFO - [1059/3780] gpu1  trial_0106_lr=3.0e-03_weight_decay=1.0e-05_kernel_sizes=7x5_conv_channels=256x256_fc_dims=512x256_seed5  completed  (7.7s)
2026-05-11 19:47:35,266 - INFO - [1060/3780] gpu0  trial_0105_lr=3.0e-03_weight_decay=0_kernel_sizes=7x5_conv_channels=256x256_fc_dims=512x256_seed2  completed  (8.0s)
2026-05-11 19:47:37,331 - INFO - [1061/3780] gpu1  trial_0106_lr=3.0e-03_weight_decay=1.0e-05_kernel_sizes=7x5_conv_channels=256x256_fc_dims=512x256_seed7  completed  (7.7s)
2026-05-11 19:47:39,729 - INFO - [1062/3780] gpu0  trial_0105_lr=3.0e-03_weight_decay=0_kernel_sizes=7x5_conv_channels=256x256_fc_dims=512x256_seed4  completed  (4.5s)
2026-05-11 19:47:44,286 - INFO - [1063/3780] gpu1  trial_0106_lr=3.0e-03_weight_decay=1.0e-05_kernel_sizes=7x5_conv_channels=256x256_fc_dims=512x256_seed9  completed  (7.0s)
2026-05-11 19:47:47,575 - INFO - [1064/3780] gpu0  trial_0105_lr=3.0e-03_weight_decay=0_kernel_sizes=7x5_conv_channels=256x256_fc_dims=512x256_seed6  completed  (7.8s)
2026-05-11 19:47:51,904 - INFO - [1065/3780] gpu1  trial_0107_lr=3.0e-03_weight_decay=1.0e-04_kernel_sizes=7x5_conv_channels=256x256_fc_dims=512x256_seed1  completed  (7.6s)
2026-05-11 19:47:55,429 - INFO - [1066/3780] gpu0  trial_0105_lr=3.0e-03_weight_decay=0_kernel_sizes=7x5_conv_channels=256x256_fc_dims=512x256_seed8  completed  (7.9s)
2026-05-11 19:47:59,617 - INFO - [1067/3780] gpu1  trial_0107_lr=3.0e-03_weight_decay=1.0e-04_kernel_sizes=7x5_conv_channels=256x256_fc_dims=512x256_seed3  completed  (7.7s)
2026-05-11 19:48:03,254 - INFO - [1068/3780] gpu0  trial_0106_lr=3.0e-03_weight_decay=1.0e-05_kernel_sizes=7x5_conv_channels=256x256_fc_dims=512x256_seed0  completed  (7.8s)
2026-05-11 19:48:03,261 - INFO - [1069/3780] gpu1  trial_0107_lr=3.0e-03_weight_decay=1.0e-04_kernel_sizes=7x5_conv_channels=256x256_fc_dims=512x256_seed5  completed  (3.6s)
2026-05-11 19:48:07,014 - INFO - [1070/3780] gpu1  trial_0107_lr=3.0e-03_weight_decay=1.0e-04_kernel_sizes=7x5_conv_channels=256x256_fc_dims=512x256_seed7  completed  (3.8s)
2026-05-11 19:48:11,127 - INFO - [1071/3780] gpu0  trial_0106_lr=3.0e-03_weight_decay=1.0e-05_kernel_sizes=7x5_conv_channels=256x256_fc_dims=512x256_seed2  completed  (7.9s)
2026-05-11 19:48:14,700 - INFO - [1072/3780] gpu1  trial_0107_lr=3.0e-03_weight_decay=1.0e-04_kernel_sizes=7x5_conv_channels=256x256_fc_dims=512x256_seed9  completed  (7.7s)
2026-05-11 19:48:18,988 - INFO - [1073/3780] gpu0  trial_0106_lr=3.0e-03_weight_decay=1.0e-05_kernel_sizes=7x5_conv_channels=256x256_fc_dims=512x256_seed4  completed  (7.9s)
2026-05-11 19:48:21,822 - INFO - [1074/3780] gpu1  trial_0108_lr=3.0e-04_weight_decay=0_kernel_sizes=7x3_conv_channels=256x256_fc_dims=256_seed1  completed  (7.1s)
2026-05-11 19:48:26,882 - INFO - [1075/3780] gpu0  trial_0106_lr=3.0e-03_weight_decay=1.0e-05_kernel_sizes=7x5_conv_channels=256x256_fc_dims=512x256_seed6  completed  (7.9s)
2026-05-11 19:48:28,815 - INFO - [1076/3780] gpu1  trial_0108_lr=3.0e-04_weight_decay=0_kernel_sizes=7x3_conv_channels=256x256_fc_dims=256_seed3  completed  (7.0s)
2026-05-11 19:48:34,858 - INFO - [1077/3780] gpu0  trial_0106_lr=3.0e-03_weight_decay=1.0e-05_kernel_sizes=7x5_conv_channels=256x256_fc_dims=512x256_seed8  completed  (8.0s)
2026-05-11 19:48:35,906 - INFO - [1078/3780] gpu1  trial_0108_lr=3.0e-04_weight_decay=0_kernel_sizes=7x3_conv_channels=256x256_fc_dims=256_seed5  completed  (7.1s)
2026-05-11 19:48:42,807 - INFO - [1079/3780] gpu0  trial_0107_lr=3.0e-03_weight_decay=1.0e-04_kernel_sizes=7x5_conv_channels=256x256_fc_dims=512x256_seed0  completed  (7.9s)
2026-05-11 19:48:42,927 - INFO - [1080/3780] gpu1  trial_0108_lr=3.0e-04_weight_decay=0_kernel_sizes=7x3_conv_channels=256x256_fc_dims=256_seed7  completed  (7.0s)
2026-05-11 19:48:46,680 - INFO - [1081/3780] gpu0  trial_0107_lr=3.0e-03_weight_decay=1.0e-04_kernel_sizes=7x5_conv_channels=256x256_fc_dims=512x256_seed2  completed  (3.9s)
2026-05-11 19:48:50,019 - INFO - [1082/3780] gpu1  trial_0108_lr=3.0e-04_weight_decay=0_kernel_sizes=7x3_conv_channels=256x256_fc_dims=256_seed9  completed  (7.1s)
2026-05-11 19:48:54,633 - INFO - [1083/3780] gpu0  trial_0107_lr=3.0e-03_weight_decay=1.0e-04_kernel_sizes=7x5_conv_channels=256x256_fc_dims=512x256_seed4  completed  (8.0s)
2026-05-11 19:48:57,222 - INFO - [1084/3780] gpu1  trial_0109_lr=3.0e-04_weight_decay=1.0e-05_kernel_sizes=7x3_conv_channels=256x256_fc_dims=256_seed1  completed  (7.2s)
2026-05-11 19:49:01,541 - INFO - [1085/3780] gpu0  trial_0107_lr=3.0e-03_weight_decay=1.0e-04_kernel_sizes=7x5_conv_channels=256x256_fc_dims=512x256_seed6  completed  (6.9s)
2026-05-11 19:49:04,259 - INFO - [1086/3780] gpu1  trial_0109_lr=3.0e-04_weight_decay=1.0e-05_kernel_sizes=7x3_conv_channels=256x256_fc_dims=256_seed3  completed  (7.0s)
2026-05-11 19:49:09,584 - INFO - [1087/3780] gpu0  trial_0107_lr=3.0e-03_weight_decay=1.0e-04_kernel_sizes=7x5_conv_channels=256x256_fc_dims=512x256_seed8  completed  (8.0s)
2026-05-11 19:49:11,415 - INFO - [1088/3780] gpu1  trial_0109_lr=3.0e-04_weight_decay=1.0e-05_kernel_sizes=7x3_conv_channels=256x256_fc_dims=256_seed5  completed  (7.2s)
2026-05-11 19:49:17,157 - INFO - [1089/3780] gpu0  trial_0108_lr=3.0e-04_weight_decay=0_kernel_sizes=7x3_conv_channels=256x256_fc_dims=256_seed0  completed  (7.6s)
2026-05-11 19:49:18,509 - INFO - [1090/3780] gpu1  trial_0109_lr=3.0e-04_weight_decay=1.0e-05_kernel_sizes=7x3_conv_channels=256x256_fc_dims=256_seed7  completed  (7.1s)
2026-05-11 19:49:24,469 - INFO - [1091/3780] gpu0  trial_0108_lr=3.0e-04_weight_decay=0_kernel_sizes=7x3_conv_channels=256x256_fc_dims=256_seed2  completed  (7.3s)
2026-05-11 19:49:25,581 - INFO - [1092/3780] gpu1  trial_0109_lr=3.0e-04_weight_decay=1.0e-05_kernel_sizes=7x3_conv_channels=256x256_fc_dims=256_seed9  completed  (7.1s)
2026-05-11 19:49:31,909 - INFO - [1093/3780] gpu0  trial_0108_lr=3.0e-04_weight_decay=0_kernel_sizes=7x3_conv_channels=256x256_fc_dims=256_seed4  completed  (7.4s)
2026-05-11 19:49:32,587 - INFO - [1094/3780] gpu1  trial_0110_lr=3.0e-04_weight_decay=1.0e-04_kernel_sizes=7x3_conv_channels=256x256_fc_dims=256_seed1  completed  (7.0s)
2026-05-11 19:49:39,247 - INFO - [1095/3780] gpu0  trial_0108_lr=3.0e-04_weight_decay=0_kernel_sizes=7x3_conv_channels=256x256_fc_dims=256_seed6  completed  (7.3s)
2026-05-11 19:49:39,615 - INFO - [1096/3780] gpu1  trial_0110_lr=3.0e-04_weight_decay=1.0e-04_kernel_sizes=7x3_conv_channels=256x256_fc_dims=256_seed3  completed  (7.0s)
2026-05-11 19:49:46,599 - INFO - [1097/3780] gpu0  trial_0108_lr=3.0e-04_weight_decay=0_kernel_sizes=7x3_conv_channels=256x256_fc_dims=256_seed8  completed  (7.4s)
2026-05-11 19:49:46,756 - INFO - [1098/3780] gpu1  trial_0110_lr=3.0e-04_weight_decay=1.0e-04_kernel_sizes=7x3_conv_channels=256x256_fc_dims=256_seed5  completed  (7.1s)
2026-05-11 19:49:53,883 - INFO - [1099/3780] gpu1  trial_0110_lr=3.0e-04_weight_decay=1.0e-04_kernel_sizes=7x3_conv_channels=256x256_fc_dims=256_seed7  completed  (7.1s)
2026-05-11 19:49:54,172 - INFO - [1100/3780] gpu0  trial_0109_lr=3.0e-04_weight_decay=1.0e-05_kernel_sizes=7x3_conv_channels=256x256_fc_dims=256_seed0  completed  (7.6s)
2026-05-11 19:50:00,921 - INFO - [1101/3780] gpu1  trial_0110_lr=3.0e-04_weight_decay=1.0e-04_kernel_sizes=7x3_conv_channels=256x256_fc_dims=256_seed9  completed  (7.0s)
2026-05-11 19:50:01,600 - INFO - [1102/3780] gpu0  trial_0109_lr=3.0e-04_weight_decay=1.0e-05_kernel_sizes=7x3_conv_channels=256x256_fc_dims=256_seed2  completed  (7.4s)
2026-05-11 19:50:08,036 - INFO - [1103/3780] gpu1  trial_0111_lr=1.0e-03_weight_decay=0_kernel_sizes=7x3_conv_channels=256x256_fc_dims=256_seed1  completed  (7.1s)
2026-05-11 19:50:09,105 - INFO - [1104/3780] gpu0  trial_0109_lr=3.0e-04_weight_decay=1.0e-05_kernel_sizes=7x3_conv_channels=256x256_fc_dims=256_seed4  completed  (7.5s)
2026-05-11 19:50:15,266 - INFO - [1105/3780] gpu1  trial_0111_lr=1.0e-03_weight_decay=0_kernel_sizes=7x3_conv_channels=256x256_fc_dims=256_seed3  completed  (7.2s)
2026-05-11 19:50:16,471 - INFO - [1106/3780] gpu0  trial_0109_lr=3.0e-04_weight_decay=1.0e-05_kernel_sizes=7x3_conv_channels=256x256_fc_dims=256_seed6  completed  (7.4s)
2026-05-11 19:50:22,417 - INFO - [1107/3780] gpu1  trial_0111_lr=1.0e-03_weight_decay=0_kernel_sizes=7x3_conv_channels=256x256_fc_dims=256_seed5  completed  (7.1s)
2026-05-11 19:50:24,031 - INFO - [1108/3780] gpu0  trial_0109_lr=3.0e-04_weight_decay=1.0e-05_kernel_sizes=7x3_conv_channels=256x256_fc_dims=256_seed8  completed  (7.6s)
2026-05-11 19:50:29,480 - INFO - [1109/3780] gpu1  trial_0111_lr=1.0e-03_weight_decay=0_kernel_sizes=7x3_conv_channels=256x256_fc_dims=256_seed7  completed  (7.1s)
2026-05-11 19:50:31,525 - INFO - [1110/3780] gpu0  trial_0110_lr=3.0e-04_weight_decay=1.0e-04_kernel_sizes=7x3_conv_channels=256x256_fc_dims=256_seed0  completed  (7.5s)
2026-05-11 19:50:36,650 - INFO - [1111/3780] gpu1  trial_0111_lr=1.0e-03_weight_decay=0_kernel_sizes=7x3_conv_channels=256x256_fc_dims=256_seed9  completed  (7.2s)
2026-05-11 19:50:38,829 - INFO - [1112/3780] gpu0  trial_0110_lr=3.0e-04_weight_decay=1.0e-04_kernel_sizes=7x3_conv_channels=256x256_fc_dims=256_seed2  completed  (7.3s)
2026-05-11 19:50:43,737 - INFO - [1113/3780] gpu1  trial_0112_lr=1.0e-03_weight_decay=1.0e-05_kernel_sizes=7x3_conv_channels=256x256_fc_dims=256_seed1  completed  (7.1s)
2026-05-11 19:50:46,205 - INFO - [1114/3780] gpu0  trial_0110_lr=3.0e-04_weight_decay=1.0e-04_kernel_sizes=7x3_conv_channels=256x256_fc_dims=256_seed4  completed  (7.4s)
2026-05-11 19:50:50,848 - INFO - [1115/3780] gpu1  trial_0112_lr=1.0e-03_weight_decay=1.0e-05_kernel_sizes=7x3_conv_channels=256x256_fc_dims=256_seed3  completed  (7.1s)
2026-05-11 19:50:53,817 - INFO - [1116/3780] gpu0  trial_0110_lr=3.0e-04_weight_decay=1.0e-04_kernel_sizes=7x3_conv_channels=256x256_fc_dims=256_seed6  completed  (7.6s)
2026-05-11 19:50:57,963 - INFO - [1117/3780] gpu1  trial_0112_lr=1.0e-03_weight_decay=1.0e-05_kernel_sizes=7x3_conv_channels=256x256_fc_dims=256_seed5  completed  (7.1s)
2026-05-11 19:51:01,090 - INFO - [1118/3780] gpu0  trial_0110_lr=3.0e-04_weight_decay=1.0e-04_kernel_sizes=7x3_conv_channels=256x256_fc_dims=256_seed8  completed  (7.3s)
2026-05-11 19:51:05,012 - INFO - [1119/3780] gpu1  trial_0112_lr=1.0e-03_weight_decay=1.0e-05_kernel_sizes=7x3_conv_channels=256x256_fc_dims=256_seed7  completed  (7.0s)
2026-05-11 19:51:08,522 - INFO - [1120/3780] gpu0  trial_0111_lr=1.0e-03_weight_decay=0_kernel_sizes=7x3_conv_channels=256x256_fc_dims=256_seed0  completed  (7.4s)
2026-05-11 19:51:11,982 - INFO - [1121/3780] gpu1  trial_0112_lr=1.0e-03_weight_decay=1.0e-05_kernel_sizes=7x3_conv_channels=256x256_fc_dims=256_seed9  completed  (7.0s)
2026-05-11 19:51:15,978 - INFO - [1122/3780] gpu0  trial_0111_lr=1.0e-03_weight_decay=0_kernel_sizes=7x3_conv_channels=256x256_fc_dims=256_seed2  completed  (7.5s)
2026-05-11 19:51:19,051 - INFO - [1123/3780] gpu1  trial_0113_lr=1.0e-03_weight_decay=1.0e-04_kernel_sizes=7x3_conv_channels=256x256_fc_dims=256_seed1  completed  (7.1s)
2026-05-11 19:51:23,343 - INFO - [1124/3780] gpu0  trial_0111_lr=1.0e-03_weight_decay=0_kernel_sizes=7x3_conv_channels=256x256_fc_dims=256_seed4  completed  (7.4s)
2026-05-11 19:51:26,208 - INFO - [1125/3780] gpu1  trial_0113_lr=1.0e-03_weight_decay=1.0e-04_kernel_sizes=7x3_conv_channels=256x256_fc_dims=256_seed3  completed  (7.2s)
2026-05-11 19:51:30,837 - INFO - [1126/3780] gpu0  trial_0111_lr=1.0e-03_weight_decay=0_kernel_sizes=7x3_conv_channels=256x256_fc_dims=256_seed6  completed  (7.5s)
2026-05-11 19:51:33,311 - INFO - [1127/3780] gpu1  trial_0113_lr=1.0e-03_weight_decay=1.0e-04_kernel_sizes=7x3_conv_channels=256x256_fc_dims=256_seed5  completed  (7.1s)
2026-05-11 19:51:38,239 - INFO - [1128/3780] gpu0  trial_0111_lr=1.0e-03_weight_decay=0_kernel_sizes=7x3_conv_channels=256x256_fc_dims=256_seed8  completed  (7.4s)
2026-05-11 19:51:40,396 - INFO - [1129/3780] gpu1  trial_0113_lr=1.0e-03_weight_decay=1.0e-04_kernel_sizes=7x3_conv_channels=256x256_fc_dims=256_seed7  completed  (7.1s)
2026-05-11 19:51:46,043 - INFO - [1130/3780] gpu0  trial_0112_lr=1.0e-03_weight_decay=1.0e-05_kernel_sizes=7x3_conv_channels=256x256_fc_dims=256_seed0  completed  (7.8s)
2026-05-11 19:51:47,486 - INFO - [1131/3780] gpu1  trial_0113_lr=1.0e-03_weight_decay=1.0e-04_kernel_sizes=7x3_conv_channels=256x256_fc_dims=256_seed9  completed  (7.1s)
2026-05-11 19:51:53,478 - INFO - [1132/3780] gpu0  trial_0112_lr=1.0e-03_weight_decay=1.0e-05_kernel_sizes=7x3_conv_channels=256x256_fc_dims=256_seed2  completed  (7.4s)
2026-05-11 19:51:54,580 - INFO - [1133/3780] gpu1  trial_0114_lr=3.0e-03_weight_decay=0_kernel_sizes=7x3_conv_channels=256x256_fc_dims=256_seed1  completed  (7.1s)
2026-05-11 19:52:00,975 - INFO - [1134/3780] gpu0  trial_0112_lr=1.0e-03_weight_decay=1.0e-05_kernel_sizes=7x3_conv_channels=256x256_fc_dims=256_seed4  completed  (7.5s)
2026-05-11 19:52:01,585 - INFO - [1135/3780] gpu1  trial_0114_lr=3.0e-03_weight_decay=0_kernel_sizes=7x3_conv_channels=256x256_fc_dims=256_seed3  completed  (7.0s)
2026-05-11 19:52:08,519 - INFO - [1136/3780] gpu0  trial_0112_lr=1.0e-03_weight_decay=1.0e-05_kernel_sizes=7x3_conv_channels=256x256_fc_dims=256_seed6  completed  (7.5s)
2026-05-11 19:52:08,676 - INFO - [1137/3780] gpu1  trial_0114_lr=3.0e-03_weight_decay=0_kernel_sizes=7x3_conv_channels=256x256_fc_dims=256_seed5  completed  (7.1s)
2026-05-11 19:52:15,677 - INFO - [1138/3780] gpu1  trial_0114_lr=3.0e-03_weight_decay=0_kernel_sizes=7x3_conv_channels=256x256_fc_dims=256_seed7  completed  (7.0s)
2026-05-11 19:52:15,910 - INFO - [1139/3780] gpu0  trial_0112_lr=1.0e-03_weight_decay=1.0e-05_kernel_sizes=7x3_conv_channels=256x256_fc_dims=256_seed8  completed  (7.4s)
2026-05-11 19:52:22,822 - INFO - [1140/3780] gpu1  trial_0114_lr=3.0e-03_weight_decay=0_kernel_sizes=7x3_conv_channels=256x256_fc_dims=256_seed9  completed  (7.1s)
2026-05-11 19:52:23,342 - INFO - [1141/3780] gpu0  trial_0113_lr=1.0e-03_weight_decay=1.0e-04_kernel_sizes=7x3_conv_channels=256x256_fc_dims=256_seed0  completed  (7.4s)
2026-05-11 19:52:29,867 - INFO - [1142/3780] gpu1  trial_0115_lr=3.0e-03_weight_decay=1.0e-05_kernel_sizes=7x3_conv_channels=256x256_fc_dims=256_seed1  completed  (7.0s)
2026-05-11 19:52:30,710 - INFO - [1143/3780] gpu0  trial_0113_lr=1.0e-03_weight_decay=1.0e-04_kernel_sizes=7x3_conv_channels=256x256_fc_dims=256_seed2  completed  (7.4s)
2026-05-11 19:52:36,900 - INFO - [1144/3780] gpu1  trial_0115_lr=3.0e-03_weight_decay=1.0e-05_kernel_sizes=7x3_conv_channels=256x256_fc_dims=256_seed3  completed  (7.0s)
2026-05-11 19:52:38,178 - INFO - [1145/3780] gpu0  trial_0113_lr=1.0e-03_weight_decay=1.0e-04_kernel_sizes=7x3_conv_channels=256x256_fc_dims=256_seed4  completed  (7.5s)
2026-05-11 19:52:44,009 - INFO - [1146/3780] gpu1  trial_0115_lr=3.0e-03_weight_decay=1.0e-05_kernel_sizes=7x3_conv_channels=256x256_fc_dims=256_seed5  completed  (7.1s)
2026-05-11 19:52:45,622 - INFO - [1147/3780] gpu0  trial_0113_lr=1.0e-03_weight_decay=1.0e-04_kernel_sizes=7x3_conv_channels=256x256_fc_dims=256_seed6  completed  (7.4s)
2026-05-11 19:52:51,121 - INFO - [1148/3780] gpu1  trial_0115_lr=3.0e-03_weight_decay=1.0e-05_kernel_sizes=7x3_conv_channels=256x256_fc_dims=256_seed7  completed  (7.1s)
2026-05-11 19:52:53,128 - INFO - [1149/3780] gpu0  trial_0113_lr=1.0e-03_weight_decay=1.0e-04_kernel_sizes=7x3_conv_channels=256x256_fc_dims=256_seed8  completed  (7.5s)
2026-05-11 19:52:58,198 - INFO - [1150/3780] gpu1  trial_0115_lr=3.0e-03_weight_decay=1.0e-05_kernel_sizes=7x3_conv_channels=256x256_fc_dims=256_seed9  completed  (7.1s)
2026-05-11 19:53:00,623 - INFO - [1151/3780] gpu0  trial_0114_lr=3.0e-03_weight_decay=0_kernel_sizes=7x3_conv_channels=256x256_fc_dims=256_seed0  completed  (7.5s)
2026-05-11 19:53:05,298 - INFO - [1152/3780] gpu1  trial_0116_lr=3.0e-03_weight_decay=1.0e-04_kernel_sizes=7x3_conv_channels=256x256_fc_dims=256_seed1  completed  (7.1s)
2026-05-11 19:53:08,151 - INFO - [1153/3780] gpu0  trial_0114_lr=3.0e-03_weight_decay=0_kernel_sizes=7x3_conv_channels=256x256_fc_dims=256_seed2  completed  (7.5s)
2026-05-11 19:53:12,304 - INFO - [1154/3780] gpu1  trial_0116_lr=3.0e-03_weight_decay=1.0e-04_kernel_sizes=7x3_conv_channels=256x256_fc_dims=256_seed3  completed  (7.0s)
2026-05-11 19:53:15,524 - INFO - [1155/3780] gpu0  trial_0114_lr=3.0e-03_weight_decay=0_kernel_sizes=7x3_conv_channels=256x256_fc_dims=256_seed4  completed  (7.4s)
2026-05-11 19:53:19,503 - INFO - [1156/3780] gpu1  trial_0116_lr=3.0e-03_weight_decay=1.0e-04_kernel_sizes=7x3_conv_channels=256x256_fc_dims=256_seed5  completed  (7.2s)
2026-05-11 19:53:23,117 - INFO - [1157/3780] gpu0  trial_0114_lr=3.0e-03_weight_decay=0_kernel_sizes=7x3_conv_channels=256x256_fc_dims=256_seed6  completed  (7.6s)
2026-05-11 19:53:26,554 - INFO - [1158/3780] gpu1  trial_0116_lr=3.0e-03_weight_decay=1.0e-04_kernel_sizes=7x3_conv_channels=256x256_fc_dims=256_seed7  completed  (7.0s)
2026-05-11 19:53:30,591 - INFO - [1159/3780] gpu0  trial_0114_lr=3.0e-03_weight_decay=0_kernel_sizes=7x3_conv_channels=256x256_fc_dims=256_seed8  completed  (7.5s)
2026-05-11 19:53:33,739 - INFO - [1160/3780] gpu1  trial_0116_lr=3.0e-03_weight_decay=1.0e-04_kernel_sizes=7x3_conv_channels=256x256_fc_dims=256_seed9  completed  (7.2s)
2026-05-11 19:53:38,032 - INFO - [1161/3780] gpu0  trial_0115_lr=3.0e-03_weight_decay=1.0e-05_kernel_sizes=7x3_conv_channels=256x256_fc_dims=256_seed0  completed  (7.4s)
2026-05-11 19:53:41,030 - INFO - [1162/3780] gpu1  trial_0117_lr=3.0e-04_weight_decay=0_kernel_sizes=7x3_conv_channels=256x256_fc_dims=512_seed1  completed  (7.3s)
2026-05-11 19:53:45,469 - INFO - [1163/3780] gpu0  trial_0115_lr=3.0e-03_weight_decay=1.0e-05_kernel_sizes=7x3_conv_channels=256x256_fc_dims=256_seed2  completed  (7.4s)
2026-05-11 19:53:48,370 - INFO - [1164/3780] gpu1  trial_0117_lr=3.0e-04_weight_decay=0_kernel_sizes=7x3_conv_channels=256x256_fc_dims=512_seed3  completed  (7.3s)
2026-05-11 19:53:52,964 - INFO - [1165/3780] gpu0  trial_0115_lr=3.0e-03_weight_decay=1.0e-05_kernel_sizes=7x3_conv_channels=256x256_fc_dims=256_seed4  completed  (7.5s)
2026-05-11 19:53:55,706 - INFO - [1166/3780] gpu1  trial_0117_lr=3.0e-04_weight_decay=0_kernel_sizes=7x3_conv_channels=256x256_fc_dims=512_seed5  completed  (7.3s)
2026-05-11 19:54:00,348 - INFO - [1167/3780] gpu0  trial_0115_lr=3.0e-03_weight_decay=1.0e-05_kernel_sizes=7x3_conv_channels=256x256_fc_dims=256_seed6  completed  (7.4s)
2026-05-11 19:54:03,028 - INFO - [1168/3780] gpu1  trial_0117_lr=3.0e-04_weight_decay=0_kernel_sizes=7x3_conv_channels=256x256_fc_dims=512_seed7  completed  (7.3s)
2026-05-11 19:54:07,764 - INFO - [1169/3780] gpu0  trial_0115_lr=3.0e-03_weight_decay=1.0e-05_kernel_sizes=7x3_conv_channels=256x256_fc_dims=256_seed8  completed  (7.4s)
2026-05-11 19:54:10,291 - INFO - [1170/3780] gpu1  trial_0117_lr=3.0e-04_weight_decay=0_kernel_sizes=7x3_conv_channels=256x256_fc_dims=512_seed9  completed  (7.3s)
2026-05-11 19:54:15,135 - INFO - [1171/3780] gpu0  trial_0116_lr=3.0e-03_weight_decay=1.0e-04_kernel_sizes=7x3_conv_channels=256x256_fc_dims=256_seed0  completed  (7.4s)
2026-05-11 19:54:17,567 - INFO - [1172/3780] gpu1  trial_0118_lr=3.0e-04_weight_decay=1.0e-05_kernel_sizes=7x3_conv_channels=256x256_fc_dims=512_seed1  completed  (7.3s)
2026-05-11 19:54:22,564 - INFO - [1173/3780] gpu0  trial_0116_lr=3.0e-03_weight_decay=1.0e-04_kernel_sizes=7x3_conv_channels=256x256_fc_dims=256_seed2  completed  (7.4s)
2026-05-11 19:54:24,949 - INFO - [1174/3780] gpu1  trial_0118_lr=3.0e-04_weight_decay=1.0e-05_kernel_sizes=7x3_conv_channels=256x256_fc_dims=512_seed3  completed  (7.4s)
2026-05-11 19:54:29,876 - INFO - [1175/3780] gpu0  trial_0116_lr=3.0e-03_weight_decay=1.0e-04_kernel_sizes=7x3_conv_channels=256x256_fc_dims=256_seed4  completed  (7.3s)
2026-05-11 19:54:32,249 - INFO - [1176/3780] gpu1  trial_0118_lr=3.0e-04_weight_decay=1.0e-05_kernel_sizes=7x3_conv_channels=256x256_fc_dims=512_seed5  completed  (7.3s)
2026-05-11 19:54:36,713 - INFO - [1177/3780] gpu0  trial_0116_lr=3.0e-03_weight_decay=1.0e-04_kernel_sizes=7x3_conv_channels=256x256_fc_dims=256_seed6  completed  (6.8s)
2026-05-11 19:54:39,506 - INFO - [1178/3780] gpu1  trial_0118_lr=3.0e-04_weight_decay=1.0e-05_kernel_sizes=7x3_conv_channels=256x256_fc_dims=512_seed7  completed  (7.3s)
2026-05-11 19:54:44,057 - INFO - [1179/3780] gpu0  trial_0116_lr=3.0e-03_weight_decay=1.0e-04_kernel_sizes=7x3_conv_channels=256x256_fc_dims=256_seed8  completed  (7.3s)
2026-05-11 19:54:46,815 - INFO - [1180/3780] gpu1  trial_0118_lr=3.0e-04_weight_decay=1.0e-05_kernel_sizes=7x3_conv_channels=256x256_fc_dims=512_seed9  completed  (7.3s)
2026-05-11 19:54:51,695 - INFO - [1181/3780] gpu0  trial_0117_lr=3.0e-04_weight_decay=0_kernel_sizes=7x3_conv_channels=256x256_fc_dims=512_seed0  completed  (7.6s)
2026-05-11 19:54:54,185 - INFO - [1182/3780] gpu1  trial_0119_lr=3.0e-04_weight_decay=1.0e-04_kernel_sizes=7x3_conv_channels=256x256_fc_dims=512_seed1  completed  (7.4s)
2026-05-11 19:54:59,323 - INFO - [1183/3780] gpu0  trial_0117_lr=3.0e-04_weight_decay=0_kernel_sizes=7x3_conv_channels=256x256_fc_dims=512_seed2  completed  (7.6s)
2026-05-11 19:55:01,482 - INFO - [1184/3780] gpu1  trial_0119_lr=3.0e-04_weight_decay=1.0e-04_kernel_sizes=7x3_conv_channels=256x256_fc_dims=512_seed3  completed  (7.3s)
2026-05-11 19:55:06,854 - INFO - [1185/3780] gpu0  trial_0117_lr=3.0e-04_weight_decay=0_kernel_sizes=7x3_conv_channels=256x256_fc_dims=512_seed4  completed  (7.5s)
2026-05-11 19:55:08,722 - INFO - [1186/3780] gpu1  trial_0119_lr=3.0e-04_weight_decay=1.0e-04_kernel_sizes=7x3_conv_channels=256x256_fc_dims=512_seed5  completed  (7.2s)
2026-05-11 19:55:14,461 - INFO - [1187/3780] gpu0  trial_0117_lr=3.0e-04_weight_decay=0_kernel_sizes=7x3_conv_channels=256x256_fc_dims=512_seed6  completed  (7.6s)
2026-05-11 19:55:16,121 - INFO - [1188/3780] gpu1  trial_0119_lr=3.0e-04_weight_decay=1.0e-04_kernel_sizes=7x3_conv_channels=256x256_fc_dims=512_seed7  completed  (7.4s)
2026-05-11 19:55:22,103 - INFO - [1189/3780] gpu0  trial_0117_lr=3.0e-04_weight_decay=0_kernel_sizes=7x3_conv_channels=256x256_fc_dims=512_seed8  completed  (7.6s)
2026-05-11 19:55:23,444 - INFO - [1190/3780] gpu1  trial_0119_lr=3.0e-04_weight_decay=1.0e-04_kernel_sizes=7x3_conv_channels=256x256_fc_dims=512_seed9  completed  (7.3s)
2026-05-11 19:55:29,766 - INFO - [1191/3780] gpu0  trial_0118_lr=3.0e-04_weight_decay=1.0e-05_kernel_sizes=7x3_conv_channels=256x256_fc_dims=512_seed0  completed  (7.7s)
2026-05-11 19:55:30,899 - INFO - [1192/3780] gpu1  trial_0120_lr=1.0e-03_weight_decay=0_kernel_sizes=7x3_conv_channels=256x256_fc_dims=512_seed1  completed  (7.5s)
2026-05-11 19:55:37,179 - INFO - [1193/3780] gpu0  trial_0118_lr=3.0e-04_weight_decay=1.0e-05_kernel_sizes=7x3_conv_channels=256x256_fc_dims=512_seed2  completed  (7.4s)
2026-05-11 19:55:38,254 - INFO - [1194/3780] gpu1  trial_0120_lr=1.0e-03_weight_decay=0_kernel_sizes=7x3_conv_channels=256x256_fc_dims=512_seed3  completed  (7.4s)
2026-05-11 19:55:44,815 - INFO - [1195/3780] gpu0  trial_0118_lr=3.0e-04_weight_decay=1.0e-05_kernel_sizes=7x3_conv_channels=256x256_fc_dims=512_seed4  completed  (7.6s)
2026-05-11 19:55:45,636 - INFO - [1196/3780] gpu1  trial_0120_lr=1.0e-03_weight_decay=0_kernel_sizes=7x3_conv_channels=256x256_fc_dims=512_seed5  completed  (7.4s)
2026-05-11 19:55:52,575 - INFO - [1197/3780] gpu0  trial_0118_lr=3.0e-04_weight_decay=1.0e-05_kernel_sizes=7x3_conv_channels=256x256_fc_dims=512_seed6  completed  (7.8s)
2026-05-11 19:55:52,987 - INFO - [1198/3780] gpu1  trial_0120_lr=1.0e-03_weight_decay=0_kernel_sizes=7x3_conv_channels=256x256_fc_dims=512_seed7  completed  (7.4s)
2026-05-11 19:56:00,085 - INFO - [1199/3780] gpu0  trial_0118_lr=3.0e-04_weight_decay=1.0e-05_kernel_sizes=7x3_conv_channels=256x256_fc_dims=512_seed8  completed  (7.5s)
2026-05-11 19:56:00,294 - INFO - [1200/3780] gpu1  trial_0120_lr=1.0e-03_weight_decay=0_kernel_sizes=7x3_conv_channels=256x256_fc_dims=512_seed9  completed  (7.3s)
2026-05-11 19:56:07,584 - INFO - [1201/3780] gpu1  trial_0121_lr=1.0e-03_weight_decay=1.0e-05_kernel_sizes=7x3_conv_channels=256x256_fc_dims=512_seed1  completed  (7.3s)
2026-05-11 19:56:07,722 - INFO - [1202/3780] gpu0  trial_0119_lr=3.0e-04_weight_decay=1.0e-04_kernel_sizes=7x3_conv_channels=256x256_fc_dims=512_seed0  completed  (7.6s)
2026-05-11 19:56:14,876 - INFO - [1203/3780] gpu1  trial_0121_lr=1.0e-03_weight_decay=1.0e-05_kernel_sizes=7x3_conv_channels=256x256_fc_dims=512_seed3  completed  (7.3s)
2026-05-11 19:56:15,305 - INFO - [1204/3780] gpu0  trial_0119_lr=3.0e-04_weight_decay=1.0e-04_kernel_sizes=7x3_conv_channels=256x256_fc_dims=512_seed2  completed  (7.6s)
2026-05-11 19:56:22,200 - INFO - [1205/3780] gpu1  trial_0121_lr=1.0e-03_weight_decay=1.0e-05_kernel_sizes=7x3_conv_channels=256x256_fc_dims=512_seed5  completed  (7.3s)
2026-05-11 19:56:22,928 - INFO - [1206/3780] gpu0  trial_0119_lr=3.0e-04_weight_decay=1.0e-04_kernel_sizes=7x3_conv_channels=256x256_fc_dims=512_seed4  completed  (7.6s)
2026-05-11 19:56:29,560 - INFO - [1207/3780] gpu1  trial_0121_lr=1.0e-03_weight_decay=1.0e-05_kernel_sizes=7x3_conv_channels=256x256_fc_dims=512_seed7  completed  (7.4s)
2026-05-11 19:56:30,419 - INFO - [1208/3780] gpu0  trial_0119_lr=3.0e-04_weight_decay=1.0e-04_kernel_sizes=7x3_conv_channels=256x256_fc_dims=512_seed6  completed  (7.5s)
2026-05-11 19:56:36,878 - INFO - [1209/3780] gpu1  trial_0121_lr=1.0e-03_weight_decay=1.0e-05_kernel_sizes=7x3_conv_channels=256x256_fc_dims=512_seed9  completed  (7.3s)
2026-05-11 19:56:37,787 - INFO - [1210/3780] gpu0  trial_0119_lr=3.0e-04_weight_decay=1.0e-04_kernel_sizes=7x3_conv_channels=256x256_fc_dims=512_seed8  completed  (7.4s)
2026-05-11 19:56:44,198 - INFO - [1211/3780] gpu1  trial_0122_lr=1.0e-03_weight_decay=1.0e-04_kernel_sizes=7x3_conv_channels=256x256_fc_dims=512_seed1  completed  (7.3s)
2026-05-11 19:56:45,412 - INFO - [1212/3780] gpu0  trial_0120_lr=1.0e-03_weight_decay=0_kernel_sizes=7x3_conv_channels=256x256_fc_dims=512_seed0  completed  (7.6s)
2026-05-11 19:56:51,470 - INFO - [1213/3780] gpu1  trial_0122_lr=1.0e-03_weight_decay=1.0e-04_kernel_sizes=7x3_conv_channels=256x256_fc_dims=512_seed3  completed  (7.3s)
2026-05-11 19:56:52,979 - INFO - [1214/3780] gpu0  trial_0120_lr=1.0e-03_weight_decay=0_kernel_sizes=7x3_conv_channels=256x256_fc_dims=512_seed2  completed  (7.6s)
2026-05-11 19:56:58,855 - INFO - [1215/3780] gpu1  trial_0122_lr=1.0e-03_weight_decay=1.0e-04_kernel_sizes=7x3_conv_channels=256x256_fc_dims=512_seed5  completed  (7.4s)
2026-05-11 19:57:00,676 - INFO - [1216/3780] gpu0  trial_0120_lr=1.0e-03_weight_decay=0_kernel_sizes=7x3_conv_channels=256x256_fc_dims=512_seed4  completed  (7.7s)
2026-05-11 19:57:06,243 - INFO - [1217/3780] gpu1  trial_0122_lr=1.0e-03_weight_decay=1.0e-04_kernel_sizes=7x3_conv_channels=256x256_fc_dims=512_seed7  completed  (7.4s)
2026-05-11 19:57:08,258 - INFO - [1218/3780] gpu0  trial_0120_lr=1.0e-03_weight_decay=0_kernel_sizes=7x3_conv_channels=256x256_fc_dims=512_seed6  completed  (7.6s)
2026-05-11 19:57:13,603 - INFO - [1219/3780] gpu1  trial_0122_lr=1.0e-03_weight_decay=1.0e-04_kernel_sizes=7x3_conv_channels=256x256_fc_dims=512_seed9  completed  (7.4s)
2026-05-11 19:57:15,766 - INFO - [1220/3780] gpu0  trial_0120_lr=1.0e-03_weight_decay=0_kernel_sizes=7x3_conv_channels=256x256_fc_dims=512_seed8  completed  (7.5s)
2026-05-11 19:57:20,931 - INFO - [1221/3780] gpu1  trial_0123_lr=3.0e-03_weight_decay=0_kernel_sizes=7x3_conv_channels=256x256_fc_dims=512_seed1  completed  (7.3s)
2026-05-11 19:57:23,395 - INFO - [1222/3780] gpu0  trial_0121_lr=1.0e-03_weight_decay=1.0e-05_kernel_sizes=7x3_conv_channels=256x256_fc_dims=512_seed0  completed  (7.6s)
2026-05-11 19:57:28,182 - INFO - [1223/3780] gpu1  trial_0123_lr=3.0e-03_weight_decay=0_kernel_sizes=7x3_conv_channels=256x256_fc_dims=512_seed3  completed  (7.2s)
2026-05-11 19:57:31,119 - INFO - [1224/3780] gpu0  trial_0121_lr=1.0e-03_weight_decay=1.0e-05_kernel_sizes=7x3_conv_channels=256x256_fc_dims=512_seed2  completed  (7.7s)
2026-05-11 19:57:35,383 - INFO - [1225/3780] gpu1  trial_0123_lr=3.0e-03_weight_decay=0_kernel_sizes=7x3_conv_channels=256x256_fc_dims=512_seed5  completed  (7.2s)
2026-05-11 19:57:38,647 - INFO - [1226/3780] gpu0  trial_0121_lr=1.0e-03_weight_decay=1.0e-05_kernel_sizes=7x3_conv_channels=256x256_fc_dims=512_seed4  completed  (7.5s)
2026-05-11 19:57:42,704 - INFO - [1227/3780] gpu1  trial_0123_lr=3.0e-03_weight_decay=0_kernel_sizes=7x3_conv_channels=256x256_fc_dims=512_seed7  completed  (7.3s)
2026-05-11 19:57:46,294 - INFO - [1228/3780] gpu0  trial_0121_lr=1.0e-03_weight_decay=1.0e-05_kernel_sizes=7x3_conv_channels=256x256_fc_dims=512_seed6  completed  (7.6s)
2026-05-11 19:57:49,949 - INFO - [1229/3780] gpu1  trial_0123_lr=3.0e-03_weight_decay=0_kernel_sizes=7x3_conv_channels=256x256_fc_dims=512_seed9  completed  (7.2s)
2026-05-11 19:57:53,986 - INFO - [1230/3780] gpu0  trial_0121_lr=1.0e-03_weight_decay=1.0e-05_kernel_sizes=7x3_conv_channels=256x256_fc_dims=512_seed8  completed  (7.7s)
2026-05-11 19:57:57,339 - INFO - [1231/3780] gpu1  trial_0124_lr=3.0e-03_weight_decay=1.0e-05_kernel_sizes=7x3_conv_channels=256x256_fc_dims=512_seed1  completed  (7.4s)
2026-05-11 19:58:01,517 - INFO - [1232/3780] gpu0  trial_0122_lr=1.0e-03_weight_decay=1.0e-04_kernel_sizes=7x3_conv_channels=256x256_fc_dims=512_seed0  completed  (7.5s)
2026-05-11 19:58:04,651 - INFO - [1233/3780] gpu1  trial_0124_lr=3.0e-03_weight_decay=1.0e-05_kernel_sizes=7x3_conv_channels=256x256_fc_dims=512_seed3  completed  (7.3s)
2026-05-11 19:58:09,127 - INFO - [1234/3780] gpu0  trial_0122_lr=1.0e-03_weight_decay=1.0e-04_kernel_sizes=7x3_conv_channels=256x256_fc_dims=512_seed2  completed  (7.6s)
2026-05-11 19:58:11,958 - INFO - [1235/3780] gpu1  trial_0124_lr=3.0e-03_weight_decay=1.0e-05_kernel_sizes=7x3_conv_channels=256x256_fc_dims=512_seed5  completed  (7.3s)
2026-05-11 19:58:16,783 - INFO - [1236/3780] gpu0  trial_0122_lr=1.0e-03_weight_decay=1.0e-04_kernel_sizes=7x3_conv_channels=256x256_fc_dims=512_seed4  completed  (7.7s)
2026-05-11 19:58:19,196 - INFO - [1237/3780] gpu1  trial_0124_lr=3.0e-03_weight_decay=1.0e-05_kernel_sizes=7x3_conv_channels=256x256_fc_dims=512_seed7  completed  (7.2s)
2026-05-11 19:58:24,252 - INFO - [1238/3780] gpu0  trial_0122_lr=1.0e-03_weight_decay=1.0e-04_kernel_sizes=7x3_conv_channels=256x256_fc_dims=512_seed6  completed  (7.5s)
2026-05-11 19:58:26,713 - INFO - [1239/3780] gpu1  trial_0124_lr=3.0e-03_weight_decay=1.0e-05_kernel_sizes=7x3_conv_channels=256x256_fc_dims=512_seed9  completed  (7.5s)
2026-05-11 19:58:31,827 - INFO - [1240/3780] gpu0  trial_0122_lr=1.0e-03_weight_decay=1.0e-04_kernel_sizes=7x3_conv_channels=256x256_fc_dims=512_seed8  completed  (7.6s)
2026-05-11 19:58:34,127 - INFO - [1241/3780] gpu1  trial_0125_lr=3.0e-03_weight_decay=1.0e-04_kernel_sizes=7x3_conv_channels=256x256_fc_dims=512_seed1  completed  (7.4s)
2026-05-11 19:58:39,447 - INFO - [1242/3780] gpu0  trial_0123_lr=3.0e-03_weight_decay=0_kernel_sizes=7x3_conv_channels=256x256_fc_dims=512_seed0  completed  (7.6s)
2026-05-11 19:58:40,729 - INFO - [1243/3780] gpu1  trial_0125_lr=3.0e-03_weight_decay=1.0e-04_kernel_sizes=7x3_conv_channels=256x256_fc_dims=512_seed3  completed  (6.6s)
2026-05-11 19:58:47,100 - INFO - [1244/3780] gpu0  trial_0123_lr=3.0e-03_weight_decay=0_kernel_sizes=7x3_conv_channels=256x256_fc_dims=512_seed2  completed  (7.7s)
2026-05-11 19:58:48,085 - INFO - [1245/3780] gpu1  trial_0125_lr=3.0e-03_weight_decay=1.0e-04_kernel_sizes=7x3_conv_channels=256x256_fc_dims=512_seed5  completed  (7.4s)
2026-05-11 19:58:54,635 - INFO - [1246/3780] gpu0  trial_0123_lr=3.0e-03_weight_decay=0_kernel_sizes=7x3_conv_channels=256x256_fc_dims=512_seed4  completed  (7.5s)
2026-05-11 19:58:55,474 - INFO - [1247/3780] gpu1  trial_0125_lr=3.0e-03_weight_decay=1.0e-04_kernel_sizes=7x3_conv_channels=256x256_fc_dims=512_seed7  completed  (7.4s)
2026-05-11 19:59:02,336 - INFO - [1248/3780] gpu0  trial_0123_lr=3.0e-03_weight_decay=0_kernel_sizes=7x3_conv_channels=256x256_fc_dims=512_seed6  completed  (7.7s)
2026-05-11 19:59:02,521 - INFO - [1249/3780] gpu1  trial_0125_lr=3.0e-03_weight_decay=1.0e-04_kernel_sizes=7x3_conv_channels=256x256_fc_dims=512_seed9  completed  (7.0s)
2026-05-11 19:59:06,333 - INFO - [1250/3780] gpu1  trial_0126_lr=3.0e-04_weight_decay=0_kernel_sizes=7x3_conv_channels=256x256_fc_dims=512x256_seed1  completed  (3.8s)
2026-05-11 19:59:09,870 - INFO - [1251/3780] gpu0  trial_0123_lr=3.0e-03_weight_decay=0_kernel_sizes=7x3_conv_channels=256x256_fc_dims=512_seed8  completed  (7.5s)
2026-05-11 19:59:09,949 - INFO - [1252/3780] gpu1  trial_0126_lr=3.0e-04_weight_decay=0_kernel_sizes=7x3_conv_channels=256x256_fc_dims=512x256_seed3  completed  (3.6s)
2026-05-11 19:59:13,566 - INFO - [1253/3780] gpu1  trial_0126_lr=3.0e-04_weight_decay=0_kernel_sizes=7x3_conv_channels=256x256_fc_dims=512x256_seed5  completed  (3.6s)
2026-05-11 19:59:17,373 - INFO - [1254/3780] gpu1  trial_0126_lr=3.0e-04_weight_decay=0_kernel_sizes=7x3_conv_channels=256x256_fc_dims=512x256_seed7  completed  (3.8s)
2026-05-11 19:59:17,551 - INFO - [1255/3780] gpu0  trial_0124_lr=3.0e-03_weight_decay=1.0e-05_kernel_sizes=7x3_conv_channels=256x256_fc_dims=512_seed0  completed  (7.7s)
2026-05-11 19:59:20,923 - INFO - [1256/3780] gpu1  trial_0126_lr=3.0e-04_weight_decay=0_kernel_sizes=7x3_conv_channels=256x256_fc_dims=512x256_seed9  completed  (3.5s)
2026-05-11 19:59:24,724 - INFO - [1257/3780] gpu1  trial_0127_lr=3.0e-04_weight_decay=1.0e-05_kernel_sizes=7x3_conv_channels=256x256_fc_dims=512x256_seed1  completed  (3.8s)
2026-05-11 19:59:25,074 - INFO - [1258/3780] gpu0  trial_0124_lr=3.0e-03_weight_decay=1.0e-05_kernel_sizes=7x3_conv_channels=256x256_fc_dims=512_seed2  completed  (7.5s)
2026-05-11 19:59:28,225 - INFO - [1259/3780] gpu1  trial_0127_lr=3.0e-04_weight_decay=1.0e-05_kernel_sizes=7x3_conv_channels=256x256_fc_dims=512x256_seed3  completed  (3.5s)
2026-05-11 19:59:31,790 - INFO - [1260/3780] gpu1  trial_0127_lr=3.0e-04_weight_decay=1.0e-05_kernel_sizes=7x3_conv_channels=256x256_fc_dims=512x256_seed5  completed  (3.6s)
2026-05-11 19:59:32,546 - INFO - [1261/3780] gpu0  trial_0124_lr=3.0e-03_weight_decay=1.0e-05_kernel_sizes=7x3_conv_channels=256x256_fc_dims=512_seed4  completed  (7.5s)
2026-05-11 19:59:35,553 - INFO - [1262/3780] gpu1  trial_0127_lr=3.0e-04_weight_decay=1.0e-05_kernel_sizes=7x3_conv_channels=256x256_fc_dims=512x256_seed7  completed  (3.8s)
2026-05-11 19:59:39,091 - INFO - [1263/3780] gpu1  trial_0127_lr=3.0e-04_weight_decay=1.0e-05_kernel_sizes=7x3_conv_channels=256x256_fc_dims=512x256_seed9  completed  (3.5s)
2026-05-11 19:59:40,200 - INFO - [1264/3780] gpu0  trial_0124_lr=3.0e-03_weight_decay=1.0e-05_kernel_sizes=7x3_conv_channels=256x256_fc_dims=512_seed6  completed  (7.7s)
2026-05-11 19:59:42,885 - INFO - [1265/3780] gpu1  trial_0128_lr=3.0e-04_weight_decay=1.0e-04_kernel_sizes=7x3_conv_channels=256x256_fc_dims=512x256_seed1  completed  (3.8s)
2026-05-11 19:59:46,684 - INFO - [1266/3780] gpu1  trial_0128_lr=3.0e-04_weight_decay=1.0e-04_kernel_sizes=7x3_conv_channels=256x256_fc_dims=512x256_seed3  completed  (3.8s)
2026-05-11 19:59:47,583 - INFO - [1267/3780] gpu0  trial_0124_lr=3.0e-03_weight_decay=1.0e-05_kernel_sizes=7x3_conv_channels=256x256_fc_dims=512_seed8  completed  (7.4s)
2026-05-11 19:59:50,268 - INFO - [1268/3780] gpu1  trial_0128_lr=3.0e-04_weight_decay=1.0e-04_kernel_sizes=7x3_conv_channels=256x256_fc_dims=512x256_seed5  completed  (3.6s)
2026-05-11 19:59:54,073 - INFO - [1269/3780] gpu1  trial_0128_lr=3.0e-04_weight_decay=1.0e-04_kernel_sizes=7x3_conv_channels=256x256_fc_dims=512x256_seed7  completed  (3.8s)
2026-05-11 19:59:55,289 - INFO - [1270/3780] gpu0  trial_0125_lr=3.0e-03_weight_decay=1.0e-04_kernel_sizes=7x3_conv_channels=256x256_fc_dims=512_seed0  completed  (7.7s)
2026-05-11 19:59:57,900 - INFO - [1271/3780] gpu1  trial_0128_lr=3.0e-04_weight_decay=1.0e-04_kernel_sizes=7x3_conv_channels=256x256_fc_dims=512x256_seed9  completed  (3.8s)
2026-05-11 20:00:03,027 - INFO - [1272/3780] gpu0  trial_0125_lr=3.0e-03_weight_decay=1.0e-04_kernel_sizes=7x3_conv_channels=256x256_fc_dims=512_seed2  completed  (7.7s)
2026-05-11 20:00:05,411 - INFO - [1273/3780] gpu1  trial_0129_lr=1.0e-03_weight_decay=0_kernel_sizes=7x3_conv_channels=256x256_fc_dims=512x256_seed1  completed  (7.5s)
2026-05-11 20:00:10,486 - INFO - [1274/3780] gpu0  trial_0125_lr=3.0e-03_weight_decay=1.0e-04_kernel_sizes=7x3_conv_channels=256x256_fc_dims=512_seed4  completed  (7.5s)
2026-05-11 20:00:13,055 - INFO - [1275/3780] gpu1  trial_0129_lr=1.0e-03_weight_decay=0_kernel_sizes=7x3_conv_channels=256x256_fc_dims=512x256_seed3  completed  (7.6s)
2026-05-11 20:00:17,539 - INFO - [1276/3780] gpu0  trial_0125_lr=3.0e-03_weight_decay=1.0e-04_kernel_sizes=7x3_conv_channels=256x256_fc_dims=512_seed6  completed  (7.1s)
2026-05-11 20:00:20,678 - INFO - [1277/3780] gpu1  trial_0129_lr=1.0e-03_weight_decay=0_kernel_sizes=7x3_conv_channels=256x256_fc_dims=512x256_seed5  completed  (7.6s)
2026-05-11 20:00:25,248 - INFO - [1278/3780] gpu0  trial_0125_lr=3.0e-03_weight_decay=1.0e-04_kernel_sizes=7x3_conv_channels=256x256_fc_dims=512_seed8  completed  (7.7s)
2026-05-11 20:00:28,252 - INFO - [1279/3780] gpu1  trial_0129_lr=1.0e-03_weight_decay=0_kernel_sizes=7x3_conv_channels=256x256_fc_dims=512x256_seed7  completed  (7.6s)
2026-05-11 20:00:29,134 - INFO - [1280/3780] gpu0  trial_0126_lr=3.0e-04_weight_decay=0_kernel_sizes=7x3_conv_channels=256x256_fc_dims=512x256_seed0  completed  (3.9s)
2026-05-11 20:00:33,108 - INFO - [1281/3780] gpu0  trial_0126_lr=3.0e-04_weight_decay=0_kernel_sizes=7x3_conv_channels=256x256_fc_dims=512x256_seed2  completed  (4.0s)
2026-05-11 20:00:35,789 - INFO - [1282/3780] gpu1  trial_0129_lr=1.0e-03_weight_decay=0_kernel_sizes=7x3_conv_channels=256x256_fc_dims=512x256_seed9  completed  (7.5s)
2026-05-11 20:00:37,306 - INFO - [1283/3780] gpu0  trial_0126_lr=3.0e-04_weight_decay=0_kernel_sizes=7x3_conv_channels=256x256_fc_dims=512x256_seed4  completed  (4.2s)
2026-05-11 20:00:41,299 - INFO - [1284/3780] gpu0  trial_0126_lr=3.0e-04_weight_decay=0_kernel_sizes=7x3_conv_channels=256x256_fc_dims=512x256_seed6  completed  (4.0s)
2026-05-11 20:00:43,388 - INFO - [1285/3780] gpu1  trial_0130_lr=1.0e-03_weight_decay=1.0e-05_kernel_sizes=7x3_conv_channels=256x256_fc_dims=512x256_seed1  completed  (7.6s)
2026-05-11 20:00:45,281 - INFO - [1286/3780] gpu0  trial_0126_lr=3.0e-04_weight_decay=0_kernel_sizes=7x3_conv_channels=256x256_fc_dims=512x256_seed8  completed  (4.0s)
2026-05-11 20:00:49,271 - INFO - [1287/3780] gpu0  trial_0127_lr=3.0e-04_weight_decay=1.0e-05_kernel_sizes=7x3_conv_channels=256x256_fc_dims=512x256_seed0  completed  (4.0s)
2026-05-11 20:00:50,998 - INFO - [1288/3780] gpu1  trial_0130_lr=1.0e-03_weight_decay=1.0e-05_kernel_sizes=7x3_conv_channels=256x256_fc_dims=512x256_seed3  completed  (7.6s)
2026-05-11 20:00:53,217 - INFO - [1289/3780] gpu0  trial_0127_lr=3.0e-04_weight_decay=1.0e-05_kernel_sizes=7x3_conv_channels=256x256_fc_dims=512x256_seed2  completed  (3.9s)
2026-05-11 20:00:57,202 - INFO - [1290/3780] gpu0  trial_0127_lr=3.0e-04_weight_decay=1.0e-05_kernel_sizes=7x3_conv_channels=256x256_fc_dims=512x256_seed4  completed  (4.0s)
2026-05-11 20:00:58,538 - INFO - [1291/3780] gpu1  trial_0130_lr=1.0e-03_weight_decay=1.0e-05_kernel_sizes=7x3_conv_channels=256x256_fc_dims=512x256_seed5  completed  (7.5s)
2026-05-11 20:01:01,115 - INFO - [1292/3780] gpu0  trial_0127_lr=3.0e-04_weight_decay=1.0e-05_kernel_sizes=7x3_conv_channels=256x256_fc_dims=512x256_seed6  completed  (3.9s)
2026-05-11 20:01:05,084 - INFO - [1293/3780] gpu0  trial_0127_lr=3.0e-04_weight_decay=1.0e-05_kernel_sizes=7x3_conv_channels=256x256_fc_dims=512x256_seed8  completed  (4.0s)
2026-05-11 20:01:06,157 - INFO - [1294/3780] gpu1  trial_0130_lr=1.0e-03_weight_decay=1.0e-05_kernel_sizes=7x3_conv_channels=256x256_fc_dims=512x256_seed7  completed  (7.6s)
2026-05-11 20:01:08,977 - INFO - [1295/3780] gpu0  trial_0128_lr=3.0e-04_weight_decay=1.0e-04_kernel_sizes=7x3_conv_channels=256x256_fc_dims=512x256_seed0  completed  (3.9s)
2026-05-11 20:01:12,941 - INFO - [1296/3780] gpu0  trial_0128_lr=3.0e-04_weight_decay=1.0e-04_kernel_sizes=7x3_conv_channels=256x256_fc_dims=512x256_seed2  completed  (4.0s)
2026-05-11 20:01:13,797 - INFO - [1297/3780] gpu1  trial_0130_lr=1.0e-03_weight_decay=1.0e-05_kernel_sizes=7x3_conv_channels=256x256_fc_dims=512x256_seed9  completed  (7.6s)
2026-05-11 20:01:16,857 - INFO - [1298/3780] gpu0  trial_0128_lr=3.0e-04_weight_decay=1.0e-04_kernel_sizes=7x3_conv_channels=256x256_fc_dims=512x256_seed4  completed  (3.9s)
2026-05-11 20:01:20,795 - INFO - [1299/3780] gpu0  trial_0128_lr=3.0e-04_weight_decay=1.0e-04_kernel_sizes=7x3_conv_channels=256x256_fc_dims=512x256_seed6  completed  (3.9s)
2026-05-11 20:01:21,376 - INFO - [1300/3780] gpu1  trial_0131_lr=1.0e-03_weight_decay=1.0e-04_kernel_sizes=7x3_conv_channels=256x256_fc_dims=512x256_seed1  completed  (7.6s)
2026-05-11 20:01:24,707 - INFO - [1301/3780] gpu0  trial_0128_lr=3.0e-04_weight_decay=1.0e-04_kernel_sizes=7x3_conv_channels=256x256_fc_dims=512x256_seed8  completed  (3.9s)
2026-05-11 20:01:28,014 - INFO - [1302/3780] gpu0  trial_0129_lr=1.0e-03_weight_decay=0_kernel_sizes=7x3_conv_channels=256x256_fc_dims=512x256_seed0  completed  (3.3s)
2026-05-11 20:01:28,910 - INFO - [1303/3780] gpu1  trial_0131_lr=1.0e-03_weight_decay=1.0e-04_kernel_sizes=7x3_conv_channels=256x256_fc_dims=512x256_seed3  completed  (7.5s)
2026-05-11 20:01:35,934 - INFO - [1304/3780] gpu0  trial_0129_lr=1.0e-03_weight_decay=0_kernel_sizes=7x3_conv_channels=256x256_fc_dims=512x256_seed2  completed  (7.9s)
2026-05-11 20:01:36,451 - INFO - [1305/3780] gpu1  trial_0131_lr=1.0e-03_weight_decay=1.0e-04_kernel_sizes=7x3_conv_channels=256x256_fc_dims=512x256_seed5  completed  (7.5s)
2026-05-11 20:01:39,136 - INFO - [1306/3780] gpu0  trial_0129_lr=1.0e-03_weight_decay=0_kernel_sizes=7x3_conv_channels=256x256_fc_dims=512x256_seed4  completed  (3.2s)
2026-05-11 20:01:43,109 - INFO - [1307/3780] gpu1  trial_0131_lr=1.0e-03_weight_decay=1.0e-04_kernel_sizes=7x3_conv_channels=256x256_fc_dims=512x256_seed7  completed  (6.7s)
2026-05-11 20:01:47,077 - INFO - [1308/3780] gpu0  trial_0129_lr=1.0e-03_weight_decay=0_kernel_sizes=7x3_conv_channels=256x256_fc_dims=512x256_seed6  completed  (7.9s)
2026-05-11 20:01:50,067 - INFO - [1309/3780] gpu0  trial_0129_lr=1.0e-03_weight_decay=0_kernel_sizes=7x3_conv_channels=256x256_fc_dims=512x256_seed8  completed  (3.0s)
2026-05-11 20:01:50,167 - INFO - [1310/3780] gpu1  trial_0131_lr=1.0e-03_weight_decay=1.0e-04_kernel_sizes=7x3_conv_channels=256x256_fc_dims=512x256_seed9  completed  (7.1s)
2026-05-11 20:01:53,379 - INFO - [1311/3780] gpu0  trial_0130_lr=1.0e-03_weight_decay=1.0e-05_kernel_sizes=7x3_conv_channels=256x256_fc_dims=512x256_seed0  completed  (3.3s)
2026-05-11 20:01:57,736 - INFO - [1312/3780] gpu1  trial_0132_lr=3.0e-03_weight_decay=0_kernel_sizes=7x3_conv_channels=256x256_fc_dims=512x256_seed1  completed  (7.6s)
2026-05-11 20:02:01,274 - INFO - [1313/3780] gpu0  trial_0130_lr=1.0e-03_weight_decay=1.0e-05_kernel_sizes=7x3_conv_channels=256x256_fc_dims=512x256_seed2  completed  (7.9s)
2026-05-11 20:02:04,586 - INFO - [1314/3780] gpu0  trial_0130_lr=1.0e-03_weight_decay=1.0e-05_kernel_sizes=7x3_conv_channels=256x256_fc_dims=512x256_seed4  completed  (3.3s)
2026-05-11 20:02:05,361 - INFO - [1315/3780] gpu1  trial_0132_lr=3.0e-03_weight_decay=0_kernel_sizes=7x3_conv_channels=256x256_fc_dims=512x256_seed3  completed  (7.6s)
2026-05-11 20:02:11,516 - INFO - [1316/3780] gpu1  trial_0132_lr=3.0e-03_weight_decay=0_kernel_sizes=7x3_conv_channels=256x256_fc_dims=512x256_seed5  completed  (6.2s)
2026-05-11 20:02:12,394 - INFO - [1317/3780] gpu0  trial_0130_lr=1.0e-03_weight_decay=1.0e-05_kernel_sizes=7x3_conv_channels=256x256_fc_dims=512x256_seed6  completed  (7.8s)
2026-05-11 20:02:19,064 - INFO - [1318/3780] gpu1  trial_0132_lr=3.0e-03_weight_decay=0_kernel_sizes=7x3_conv_channels=256x256_fc_dims=512x256_seed7  completed  (7.5s)
2026-05-11 20:02:20,153 - INFO - [1319/3780] gpu0  trial_0130_lr=1.0e-03_weight_decay=1.0e-05_kernel_sizes=7x3_conv_channels=256x256_fc_dims=512x256_seed8  completed  (7.8s)
2026-05-11 20:02:23,515 - INFO - [1320/3780] gpu1  trial_0132_lr=3.0e-03_weight_decay=0_kernel_sizes=7x3_conv_channels=256x256_fc_dims=512x256_seed9  completed  (4.5s)
2026-05-11 20:02:28,020 - INFO - [1321/3780] gpu0  trial_0131_lr=1.0e-03_weight_decay=1.0e-04_kernel_sizes=7x3_conv_channels=256x256_fc_dims=512x256_seed0  completed  (7.9s)
2026-05-11 20:02:31,146 - INFO - [1322/3780] gpu1  trial_0133_lr=3.0e-03_weight_decay=1.0e-05_kernel_sizes=7x3_conv_channels=256x256_fc_dims=512x256_seed1  completed  (7.6s)
2026-05-11 20:02:35,844 - INFO - [1323/3780] gpu0  trial_0131_lr=1.0e-03_weight_decay=1.0e-04_kernel_sizes=7x3_conv_channels=256x256_fc_dims=512x256_seed2  completed  (7.8s)
2026-05-11 20:02:38,788 - INFO - [1324/3780] gpu1  trial_0133_lr=3.0e-03_weight_decay=1.0e-05_kernel_sizes=7x3_conv_channels=256x256_fc_dims=512x256_seed3  completed  (7.6s)
2026-05-11 20:02:39,227 - INFO - [1325/3780] gpu0  trial_0131_lr=1.0e-03_weight_decay=1.0e-04_kernel_sizes=7x3_conv_channels=256x256_fc_dims=512x256_seed4  completed  (3.4s)
2026-05-11 20:02:46,180 - INFO - [1326/3780] gpu1  trial_0133_lr=3.0e-03_weight_decay=1.0e-05_kernel_sizes=7x3_conv_channels=256x256_fc_dims=512x256_seed5  completed  (7.4s)
2026-05-11 20:02:47,172 - INFO - [1327/3780] gpu0  trial_0131_lr=1.0e-03_weight_decay=1.0e-04_kernel_sizes=7x3_conv_channels=256x256_fc_dims=512x256_seed6  completed  (7.9s)
2026-05-11 20:02:53,672 - INFO - [1328/3780] gpu1  trial_0133_lr=3.0e-03_weight_decay=1.0e-05_kernel_sizes=7x3_conv_channels=256x256_fc_dims=512x256_seed7  completed  (7.5s)
2026-05-11 20:02:55,029 - INFO - [1329/3780] gpu0  trial_0131_lr=1.0e-03_weight_decay=1.0e-04_kernel_sizes=7x3_conv_channels=256x256_fc_dims=512x256_seed8  completed  (7.9s)
2026-05-11 20:03:01,317 - INFO - [1330/3780] gpu1  trial_0133_lr=3.0e-03_weight_decay=1.0e-05_kernel_sizes=7x3_conv_channels=256x256_fc_dims=512x256_seed9  completed  (7.6s)
2026-05-11 20:03:02,848 - INFO - [1331/3780] gpu0  trial_0132_lr=3.0e-03_weight_decay=0_kernel_sizes=7x3_conv_channels=256x256_fc_dims=512x256_seed0  completed  (7.8s)
2026-05-11 20:03:08,888 - INFO - [1332/3780] gpu1  trial_0134_lr=3.0e-03_weight_decay=1.0e-04_kernel_sizes=7x3_conv_channels=256x256_fc_dims=512x256_seed1  completed  (7.6s)
2026-05-11 20:03:10,748 - INFO - [1333/3780] gpu0  trial_0132_lr=3.0e-03_weight_decay=0_kernel_sizes=7x3_conv_channels=256x256_fc_dims=512x256_seed2  completed  (7.9s)
2026-05-11 20:03:16,477 - INFO - [1334/3780] gpu1  trial_0134_lr=3.0e-03_weight_decay=1.0e-04_kernel_sizes=7x3_conv_channels=256x256_fc_dims=512x256_seed3  completed  (7.6s)
2026-05-11 20:03:18,760 - INFO - [1335/3780] gpu0  trial_0132_lr=3.0e-03_weight_decay=0_kernel_sizes=7x3_conv_channels=256x256_fc_dims=512x256_seed4  completed  (8.0s)
2026-05-11 20:03:23,994 - INFO - [1336/3780] gpu1  trial_0134_lr=3.0e-03_weight_decay=1.0e-04_kernel_sizes=7x3_conv_channels=256x256_fc_dims=512x256_seed5  completed  (7.5s)
2026-05-11 20:03:26,472 - INFO - [1337/3780] gpu0  trial_0132_lr=3.0e-03_weight_decay=0_kernel_sizes=7x3_conv_channels=256x256_fc_dims=512x256_seed6  completed  (7.7s)
2026-05-11 20:03:31,553 - INFO - [1338/3780] gpu1  trial_0134_lr=3.0e-03_weight_decay=1.0e-04_kernel_sizes=7x3_conv_channels=256x256_fc_dims=512x256_seed7  completed  (7.6s)
2026-05-11 20:03:34,310 - INFO - [1339/3780] gpu0  trial_0132_lr=3.0e-03_weight_decay=0_kernel_sizes=7x3_conv_channels=256x256_fc_dims=512x256_seed8  completed  (7.8s)
2026-05-11 20:03:39,350 - INFO - [1340/3780] gpu1  trial_0134_lr=3.0e-03_weight_decay=1.0e-04_kernel_sizes=7x3_conv_channels=256x256_fc_dims=512x256_seed9  completed  (7.8s)
2026-05-11 20:03:42,292 - INFO - [1341/3780] gpu0  trial_0133_lr=3.0e-03_weight_decay=1.0e-05_kernel_sizes=7x3_conv_channels=256x256_fc_dims=512x256_seed0  completed  (8.0s)
2026-05-11 20:03:46,509 - INFO - [1342/3780] gpu1  trial_0135_lr=3.0e-04_weight_decay=0_kernel_sizes=5x3_conv_channels=256x256_fc_dims=256_seed1  completed  (7.2s)
2026-05-11 20:03:50,155 - INFO - [1343/3780] gpu0  trial_0133_lr=3.0e-03_weight_decay=1.0e-05_kernel_sizes=7x3_conv_channels=256x256_fc_dims=512x256_seed2  completed  (7.9s)
2026-05-11 20:03:53,596 - INFO - [1344/3780] gpu1  trial_0135_lr=3.0e-04_weight_decay=0_kernel_sizes=5x3_conv_channels=256x256_fc_dims=256_seed3  completed  (7.1s)
2026-05-11 20:03:57,492 - INFO - [1345/3780] gpu1  trial_0135_lr=3.0e-04_weight_decay=0_kernel_sizes=5x3_conv_channels=256x256_fc_dims=256_seed5  completed  (3.9s)
2026-05-11 20:03:58,071 - INFO - [1346/3780] gpu0  trial_0133_lr=3.0e-03_weight_decay=1.0e-05_kernel_sizes=7x3_conv_channels=256x256_fc_dims=512x256_seed4  completed  (7.9s)
2026-05-11 20:04:04,600 - INFO - [1347/3780] gpu1  trial_0135_lr=3.0e-04_weight_decay=0_kernel_sizes=5x3_conv_channels=256x256_fc_dims=256_seed7  completed  (7.1s)
2026-05-11 20:04:06,018 - INFO - [1348/3780] gpu0  trial_0133_lr=3.0e-03_weight_decay=1.0e-05_kernel_sizes=7x3_conv_channels=256x256_fc_dims=512x256_seed6  completed  (7.9s)
2026-05-11 20:04:11,642 - INFO - [1349/3780] gpu1  trial_0135_lr=3.0e-04_weight_decay=0_kernel_sizes=5x3_conv_channels=256x256_fc_dims=256_seed9  completed  (7.0s)
2026-05-11 20:04:13,998 - INFO - [1350/3780] gpu0  trial_0133_lr=3.0e-03_weight_decay=1.0e-05_kernel_sizes=7x3_conv_channels=256x256_fc_dims=512x256_seed8  completed  (8.0s)
2026-05-11 20:04:18,833 - INFO - [1351/3780] gpu1  trial_0136_lr=3.0e-04_weight_decay=1.0e-05_kernel_sizes=5x3_conv_channels=256x256_fc_dims=256_seed1  completed  (7.2s)
2026-05-11 20:04:20,770 - INFO - [1352/3780] gpu0  trial_0134_lr=3.0e-03_weight_decay=1.0e-04_kernel_sizes=7x3_conv_channels=256x256_fc_dims=512x256_seed0  completed  (6.8s)
2026-05-11 20:04:25,903 - INFO - [1353/3780] gpu1  trial_0136_lr=3.0e-04_weight_decay=1.0e-05_kernel_sizes=5x3_conv_channels=256x256_fc_dims=256_seed3  completed  (7.1s)
2026-05-11 20:04:28,763 - INFO - [1354/3780] gpu0  trial_0134_lr=3.0e-03_weight_decay=1.0e-04_kernel_sizes=7x3_conv_channels=256x256_fc_dims=512x256_seed2  completed  (8.0s)
2026-05-11 20:04:29,714 - INFO - [1355/3780] gpu1  trial_0136_lr=3.0e-04_weight_decay=1.0e-05_kernel_sizes=5x3_conv_channels=256x256_fc_dims=256_seed5  completed  (3.8s)
2026-05-11 20:04:36,710 - INFO - [1356/3780] gpu0  trial_0134_lr=3.0e-03_weight_decay=1.0e-04_kernel_sizes=7x3_conv_channels=256x256_fc_dims=512x256_seed4  completed  (7.9s)
2026-05-11 20:04:36,735 - INFO - [1357/3780] gpu1  trial_0136_lr=3.0e-04_weight_decay=1.0e-05_kernel_sizes=5x3_conv_channels=256x256_fc_dims=256_seed7  completed  (7.0s)
2026-05-11 20:04:43,735 - INFO - [1358/3780] gpu1  trial_0136_lr=3.0e-04_weight_decay=1.0e-05_kernel_sizes=5x3_conv_channels=256x256_fc_dims=256_seed9  completed  (7.0s)
2026-05-11 20:04:44,654 - INFO - [1359/3780] gpu0  trial_0134_lr=3.0e-03_weight_decay=1.0e-04_kernel_sizes=7x3_conv_channels=256x256_fc_dims=512x256_seed6  completed  (7.9s)
2026-05-11 20:04:50,877 - INFO - [1360/3780] gpu1  trial_0137_lr=3.0e-04_weight_decay=1.0e-04_kernel_sizes=5x3_conv_channels=256x256_fc_dims=256_seed1  completed  (7.1s)
2026-05-11 20:04:52,553 - INFO - [1361/3780] gpu0  trial_0134_lr=3.0e-03_weight_decay=1.0e-04_kernel_sizes=7x3_conv_channels=256x256_fc_dims=512x256_seed8  completed  (7.9s)
2026-05-11 20:04:58,013 - INFO - [1362/3780] gpu1  trial_0137_lr=3.0e-04_weight_decay=1.0e-04_kernel_sizes=5x3_conv_channels=256x256_fc_dims=256_seed3  completed  (7.1s)
2026-05-11 20:05:00,103 - INFO - [1363/3780] gpu0  trial_0135_lr=3.0e-04_weight_decay=0_kernel_sizes=5x3_conv_channels=256x256_fc_dims=256_seed0  completed  (7.5s)
2026-05-11 20:05:04,192 - INFO - [1364/3780] gpu0  trial_0135_lr=3.0e-04_weight_decay=0_kernel_sizes=5x3_conv_channels=256x256_fc_dims=256_seed2  completed  (4.1s)
2026-05-11 20:05:05,174 - INFO - [1365/3780] gpu1  trial_0137_lr=3.0e-04_weight_decay=1.0e-04_kernel_sizes=5x3_conv_channels=256x256_fc_dims=256_seed5  completed  (7.2s)
2026-05-11 20:05:11,708 - INFO - [1366/3780] gpu0  trial_0135_lr=3.0e-04_weight_decay=0_kernel_sizes=5x3_conv_channels=256x256_fc_dims=256_seed4  completed  (7.5s)
2026-05-11 20:05:12,302 - INFO - [1367/3780] gpu1  trial_0137_lr=3.0e-04_weight_decay=1.0e-04_kernel_sizes=5x3_conv_channels=256x256_fc_dims=256_seed7  completed  (7.1s)
2026-05-11 20:05:19,231 - INFO - [1368/3780] gpu0  trial_0135_lr=3.0e-04_weight_decay=0_kernel_sizes=5x3_conv_channels=256x256_fc_dims=256_seed6  completed  (7.5s)
2026-05-11 20:05:19,488 - INFO - [1369/3780] gpu1  trial_0137_lr=3.0e-04_weight_decay=1.0e-04_kernel_sizes=5x3_conv_channels=256x256_fc_dims=256_seed9  completed  (7.2s)
2026-05-11 20:05:26,601 - INFO - [1370/3780] gpu1  trial_0138_lr=1.0e-03_weight_decay=0_kernel_sizes=5x3_conv_channels=256x256_fc_dims=256_seed1  completed  (7.1s)
2026-05-11 20:05:26,738 - INFO - [1371/3780] gpu0  trial_0135_lr=3.0e-04_weight_decay=0_kernel_sizes=5x3_conv_channels=256x256_fc_dims=256_seed8  completed  (7.5s)
2026-05-11 20:05:33,743 - INFO - [1372/3780] gpu1  trial_0138_lr=1.0e-03_weight_decay=0_kernel_sizes=5x3_conv_channels=256x256_fc_dims=256_seed3  completed  (7.1s)
2026-05-11 20:05:33,989 - INFO - [1373/3780] gpu0  trial_0136_lr=3.0e-04_weight_decay=1.0e-05_kernel_sizes=5x3_conv_channels=256x256_fc_dims=256_seed0  completed  (7.2s)
2026-05-11 20:05:38,206 - INFO - [1374/3780] gpu0  trial_0136_lr=3.0e-04_weight_decay=1.0e-05_kernel_sizes=5x3_conv_channels=256x256_fc_dims=256_seed2  completed  (4.2s)
2026-05-11 20:05:40,815 - INFO - [1375/3780] gpu1  trial_0138_lr=1.0e-03_weight_decay=0_kernel_sizes=5x3_conv_channels=256x256_fc_dims=256_seed5  completed  (7.1s)
2026-05-11 20:05:45,798 - INFO - [1376/3780] gpu0  trial_0136_lr=3.0e-04_weight_decay=1.0e-05_kernel_sizes=5x3_conv_channels=256x256_fc_dims=256_seed4  completed  (7.6s)
2026-05-11 20:05:47,995 - INFO - [1377/3780] gpu1  trial_0138_lr=1.0e-03_weight_decay=0_kernel_sizes=5x3_conv_channels=256x256_fc_dims=256_seed7  completed  (7.2s)
2026-05-11 20:05:53,120 - INFO - [1378/3780] gpu0  trial_0136_lr=3.0e-04_weight_decay=1.0e-05_kernel_sizes=5x3_conv_channels=256x256_fc_dims=256_seed6  completed  (7.3s)
2026-05-11 20:05:55,071 - INFO - [1379/3780] gpu1  trial_0138_lr=1.0e-03_weight_decay=0_kernel_sizes=5x3_conv_channels=256x256_fc_dims=256_seed9  completed  (7.1s)
2026-05-11 20:06:00,578 - INFO - [1380/3780] gpu0  trial_0136_lr=3.0e-04_weight_decay=1.0e-05_kernel_sizes=5x3_conv_channels=256x256_fc_dims=256_seed8  completed  (7.5s)
2026-05-11 20:06:02,049 - INFO - [1381/3780] gpu1  trial_0139_lr=1.0e-03_weight_decay=1.0e-05_kernel_sizes=5x3_conv_channels=256x256_fc_dims=256_seed1  completed  (7.0s)
2026-05-11 20:06:08,001 - INFO - [1382/3780] gpu0  trial_0137_lr=3.0e-04_weight_decay=1.0e-04_kernel_sizes=5x3_conv_channels=256x256_fc_dims=256_seed0  completed  (7.4s)
2026-05-11 20:06:09,087 - INFO - [1383/3780] gpu1  trial_0139_lr=1.0e-03_weight_decay=1.0e-05_kernel_sizes=5x3_conv_channels=256x256_fc_dims=256_seed3  completed  (7.0s)
2026-05-11 20:06:12,036 - INFO - [1384/3780] gpu0  trial_0137_lr=3.0e-04_weight_decay=1.0e-04_kernel_sizes=5x3_conv_channels=256x256_fc_dims=256_seed2  completed  (4.0s)
2026-05-11 20:06:16,251 - INFO - [1385/3780] gpu1  trial_0139_lr=1.0e-03_weight_decay=1.0e-05_kernel_sizes=5x3_conv_channels=256x256_fc_dims=256_seed5  completed  (7.2s)
2026-05-11 20:06:19,339 - INFO - [1386/3780] gpu0  trial_0137_lr=3.0e-04_weight_decay=1.0e-04_kernel_sizes=5x3_conv_channels=256x256_fc_dims=256_seed4  completed  (7.3s)
2026-05-11 20:06:23,380 - INFO - [1387/3780] gpu1  trial_0139_lr=1.0e-03_weight_decay=1.0e-05_kernel_sizes=5x3_conv_channels=256x256_fc_dims=256_seed7  completed  (7.1s)
2026-05-11 20:06:26,760 - INFO - [1388/3780] gpu0  trial_0137_lr=3.0e-04_weight_decay=1.0e-04_kernel_sizes=5x3_conv_channels=256x256_fc_dims=256_seed6  completed  (7.4s)
2026-05-11 20:06:30,429 - INFO - [1389/3780] gpu1  trial_0139_lr=1.0e-03_weight_decay=1.0e-05_kernel_sizes=5x3_conv_channels=256x256_fc_dims=256_seed9  completed  (7.0s)
2026-05-11 20:06:34,307 - INFO - [1390/3780] gpu0  trial_0137_lr=3.0e-04_weight_decay=1.0e-04_kernel_sizes=5x3_conv_channels=256x256_fc_dims=256_seed8  completed  (7.5s)
2026-05-11 20:06:37,604 - INFO - [1391/3780] gpu1  trial_0140_lr=1.0e-03_weight_decay=1.0e-04_kernel_sizes=5x3_conv_channels=256x256_fc_dims=256_seed1  completed  (7.2s)
2026-05-11 20:06:41,744 - INFO - [1392/3780] gpu0  trial_0138_lr=1.0e-03_weight_decay=0_kernel_sizes=5x3_conv_channels=256x256_fc_dims=256_seed0  completed  (7.4s)
2026-05-11 20:06:44,795 - INFO - [1393/3780] gpu1  trial_0140_lr=1.0e-03_weight_decay=1.0e-04_kernel_sizes=5x3_conv_channels=256x256_fc_dims=256_seed3  completed  (7.2s)
2026-05-11 20:06:49,171 - INFO - [1394/3780] gpu0  trial_0138_lr=1.0e-03_weight_decay=0_kernel_sizes=5x3_conv_channels=256x256_fc_dims=256_seed2  completed  (7.4s)
2026-05-11 20:06:51,871 - INFO - [1395/3780] gpu1  trial_0140_lr=1.0e-03_weight_decay=1.0e-04_kernel_sizes=5x3_conv_channels=256x256_fc_dims=256_seed5  completed  (7.1s)
2026-05-11 20:06:56,598 - INFO - [1396/3780] gpu0  trial_0138_lr=1.0e-03_weight_decay=0_kernel_sizes=5x3_conv_channels=256x256_fc_dims=256_seed4  completed  (7.4s)
2026-05-11 20:06:58,962 - INFO - [1397/3780] gpu1  trial_0140_lr=1.0e-03_weight_decay=1.0e-04_kernel_sizes=5x3_conv_channels=256x256_fc_dims=256_seed7  completed  (7.1s)
2026-05-11 20:07:04,221 - INFO - [1398/3780] gpu0  trial_0138_lr=1.0e-03_weight_decay=0_kernel_sizes=5x3_conv_channels=256x256_fc_dims=256_seed6  completed  (7.6s)
2026-05-11 20:07:06,042 - INFO - [1399/3780] gpu1  trial_0140_lr=1.0e-03_weight_decay=1.0e-04_kernel_sizes=5x3_conv_channels=256x256_fc_dims=256_seed9  completed  (7.1s)
2026-05-11 20:07:11,764 - INFO - [1400/3780] gpu0  trial_0138_lr=1.0e-03_weight_decay=0_kernel_sizes=5x3_conv_channels=256x256_fc_dims=256_seed8  completed  (7.5s)
2026-05-11 20:07:13,258 - INFO - [1401/3780] gpu1  trial_0141_lr=3.0e-03_weight_decay=0_kernel_sizes=5x3_conv_channels=256x256_fc_dims=256_seed1  completed  (7.2s)
2026-05-11 20:07:19,228 - INFO - [1402/3780] gpu0  trial_0139_lr=1.0e-03_weight_decay=1.0e-05_kernel_sizes=5x3_conv_channels=256x256_fc_dims=256_seed0  completed  (7.5s)
2026-05-11 20:07:20,388 - INFO - [1403/3780] gpu1  trial_0141_lr=3.0e-03_weight_decay=0_kernel_sizes=5x3_conv_channels=256x256_fc_dims=256_seed3  completed  (7.1s)
2026-05-11 20:07:26,691 - INFO - [1404/3780] gpu0  trial_0139_lr=1.0e-03_weight_decay=1.0e-05_kernel_sizes=5x3_conv_channels=256x256_fc_dims=256_seed2  completed  (7.5s)
2026-05-11 20:07:27,506 - INFO - [1405/3780] gpu1  trial_0141_lr=3.0e-03_weight_decay=0_kernel_sizes=5x3_conv_channels=256x256_fc_dims=256_seed5  completed  (7.1s)
2026-05-11 20:07:34,067 - INFO - [1406/3780] gpu0  trial_0139_lr=1.0e-03_weight_decay=1.0e-05_kernel_sizes=5x3_conv_channels=256x256_fc_dims=256_seed4  completed  (7.4s)
2026-05-11 20:07:34,580 - INFO - [1407/3780] gpu1  trial_0141_lr=3.0e-03_weight_decay=0_kernel_sizes=5x3_conv_channels=256x256_fc_dims=256_seed7  completed  (7.1s)
2026-05-11 20:07:41,546 - INFO - [1408/3780] gpu0  trial_0139_lr=1.0e-03_weight_decay=1.0e-05_kernel_sizes=5x3_conv_channels=256x256_fc_dims=256_seed6  completed  (7.5s)
2026-05-11 20:07:41,728 - INFO - [1409/3780] gpu1  trial_0141_lr=3.0e-03_weight_decay=0_kernel_sizes=5x3_conv_channels=256x256_fc_dims=256_seed9  completed  (7.1s)
2026-05-11 20:07:48,878 - INFO - [1410/3780] gpu1  trial_0142_lr=3.0e-03_weight_decay=1.0e-05_kernel_sizes=5x3_conv_channels=256x256_fc_dims=256_seed1  completed  (7.1s)
2026-05-11 20:07:48,905 - INFO - [1411/3780] gpu0  trial_0139_lr=1.0e-03_weight_decay=1.0e-05_kernel_sizes=5x3_conv_channels=256x256_fc_dims=256_seed8  completed  (7.4s)
2026-05-11 20:07:56,009 - INFO - [1412/3780] gpu1  trial_0142_lr=3.0e-03_weight_decay=1.0e-05_kernel_sizes=5x3_conv_channels=256x256_fc_dims=256_seed3  completed  (7.1s)
2026-05-11 20:07:56,180 - INFO - [1413/3780] gpu0  trial_0140_lr=1.0e-03_weight_decay=1.0e-04_kernel_sizes=5x3_conv_channels=256x256_fc_dims=256_seed0  completed  (7.3s)
2026-05-11 20:08:03,059 - INFO - [1414/3780] gpu1  trial_0142_lr=3.0e-03_weight_decay=1.0e-05_kernel_sizes=5x3_conv_channels=256x256_fc_dims=256_seed5  completed  (7.0s)
2026-05-11 20:08:03,731 - INFO - [1415/3780] gpu0  trial_0140_lr=1.0e-03_weight_decay=1.0e-04_kernel_sizes=5x3_conv_channels=256x256_fc_dims=256_seed2  completed  (7.5s)
2026-05-11 20:08:10,232 - INFO - [1416/3780] gpu1  trial_0142_lr=3.0e-03_weight_decay=1.0e-05_kernel_sizes=5x3_conv_channels=256x256_fc_dims=256_seed7  completed  (7.2s)
2026-05-11 20:08:11,194 - INFO - [1417/3780] gpu0  trial_0140_lr=1.0e-03_weight_decay=1.0e-04_kernel_sizes=5x3_conv_channels=256x256_fc_dims=256_seed4  completed  (7.5s)
2026-05-11 20:08:17,203 - INFO - [1418/3780] gpu1  trial_0142_lr=3.0e-03_weight_decay=1.0e-05_kernel_sizes=5x3_conv_channels=256x256_fc_dims=256_seed9  completed  (7.0s)
2026-05-11 20:08:18,478 - INFO - [1419/3780] gpu0  trial_0140_lr=1.0e-03_weight_decay=1.0e-04_kernel_sizes=5x3_conv_channels=256x256_fc_dims=256_seed6  completed  (7.3s)
2026-05-11 20:08:23,758 - INFO - [1420/3780] gpu1  trial_0143_lr=3.0e-03_weight_decay=1.0e-04_kernel_sizes=5x3_conv_channels=256x256_fc_dims=256_seed1  completed  (6.6s)
2026-05-11 20:08:26,072 - INFO - [1421/3780] gpu0  trial_0140_lr=1.0e-03_weight_decay=1.0e-04_kernel_sizes=5x3_conv_channels=256x256_fc_dims=256_seed8  completed  (7.6s)
2026-05-11 20:08:30,682 - INFO - [1422/3780] gpu1  trial_0143_lr=3.0e-03_weight_decay=1.0e-04_kernel_sizes=5x3_conv_channels=256x256_fc_dims=256_seed3  completed  (6.9s)
2026-05-11 20:08:33,686 - INFO - [1423/3780] gpu0  trial_0141_lr=3.0e-03_weight_decay=0_kernel_sizes=5x3_conv_channels=256x256_fc_dims=256_seed0  completed  (7.6s)
2026-05-11 20:08:37,800 - INFO - [1424/3780] gpu1  trial_0143_lr=3.0e-03_weight_decay=1.0e-04_kernel_sizes=5x3_conv_channels=256x256_fc_dims=256_seed5  completed  (7.1s)
2026-05-11 20:08:41,227 - INFO - [1425/3780] gpu0  trial_0141_lr=3.0e-03_weight_decay=0_kernel_sizes=5x3_conv_channels=256x256_fc_dims=256_seed2  completed  (7.5s)
2026-05-11 20:08:43,810 - INFO - [1426/3780] gpu1  trial_0143_lr=3.0e-03_weight_decay=1.0e-04_kernel_sizes=5x3_conv_channels=256x256_fc_dims=256_seed7  completed  (6.0s)
2026-05-11 20:08:47,279 - INFO - [1427/3780] gpu1  trial_0143_lr=3.0e-03_weight_decay=1.0e-04_kernel_sizes=5x3_conv_channels=256x256_fc_dims=256_seed9  completed  (3.5s)
2026-05-11 20:08:48,763 - INFO - [1428/3780] gpu0  trial_0141_lr=3.0e-03_weight_decay=0_kernel_sizes=5x3_conv_channels=256x256_fc_dims=256_seed4  completed  (7.5s)
2026-05-11 20:08:51,096 - INFO - [1429/3780] gpu1  trial_0144_lr=3.0e-04_weight_decay=0_kernel_sizes=5x3_conv_channels=256x256_fc_dims=512_seed1  completed  (3.8s)
2026-05-11 20:08:56,247 - INFO - [1430/3780] gpu0  trial_0141_lr=3.0e-03_weight_decay=0_kernel_sizes=5x3_conv_channels=256x256_fc_dims=256_seed6  completed  (7.5s)
2026-05-11 20:08:58,711 - INFO - [1431/3780] gpu1  trial_0144_lr=3.0e-04_weight_decay=0_kernel_sizes=5x3_conv_channels=256x256_fc_dims=512_seed3  completed  (7.6s)
2026-05-11 20:09:02,478 - INFO - [1432/3780] gpu1  trial_0144_lr=3.0e-04_weight_decay=0_kernel_sizes=5x3_conv_channels=256x256_fc_dims=512_seed5  completed  (3.8s)
2026-05-11 20:09:03,707 - INFO - [1433/3780] gpu0  trial_0141_lr=3.0e-03_weight_decay=0_kernel_sizes=5x3_conv_channels=256x256_fc_dims=256_seed8  completed  (7.5s)
2026-05-11 20:09:06,148 - INFO - [1434/3780] gpu1  trial_0144_lr=3.0e-04_weight_decay=0_kernel_sizes=5x3_conv_channels=256x256_fc_dims=512_seed7  completed  (3.7s)
2026-05-11 20:09:09,958 - INFO - [1435/3780] gpu1  trial_0144_lr=3.0e-04_weight_decay=0_kernel_sizes=5x3_conv_channels=256x256_fc_dims=512_seed9  completed  (3.8s)
2026-05-11 20:09:11,287 - INFO - [1436/3780] gpu0  trial_0142_lr=3.0e-03_weight_decay=1.0e-05_kernel_sizes=5x3_conv_channels=256x256_fc_dims=256_seed0  completed  (7.6s)
2026-05-11 20:09:13,746 - INFO - [1437/3780] gpu1  trial_0145_lr=3.0e-04_weight_decay=1.0e-05_kernel_sizes=5x3_conv_channels=256x256_fc_dims=512_seed1  completed  (3.8s)
2026-05-11 20:09:18,780 - INFO - [1438/3780] gpu0  trial_0142_lr=3.0e-03_weight_decay=1.0e-05_kernel_sizes=5x3_conv_channels=256x256_fc_dims=256_seed2  completed  (7.5s)
2026-05-11 20:09:21,118 - INFO - [1439/3780] gpu1  trial_0145_lr=3.0e-04_weight_decay=1.0e-05_kernel_sizes=5x3_conv_channels=256x256_fc_dims=512_seed3  completed  (7.4s)
2026-05-11 20:09:24,887 - INFO - [1440/3780] gpu1  trial_0145_lr=3.0e-04_weight_decay=1.0e-05_kernel_sizes=5x3_conv_channels=256x256_fc_dims=512_seed5  completed  (3.8s)
2026-05-11 20:09:26,323 - INFO - [1441/3780] gpu0  trial_0142_lr=3.0e-03_weight_decay=1.0e-05_kernel_sizes=5x3_conv_channels=256x256_fc_dims=256_seed4  completed  (7.5s)
2026-05-11 20:09:28,622 - INFO - [1442/3780] gpu1  trial_0145_lr=3.0e-04_weight_decay=1.0e-05_kernel_sizes=5x3_conv_channels=256x256_fc_dims=512_seed7  completed  (3.7s)
2026-05-11 20:09:32,526 - INFO - [1443/3780] gpu1  trial_0145_lr=3.0e-04_weight_decay=1.0e-05_kernel_sizes=5x3_conv_channels=256x256_fc_dims=512_seed9  completed  (3.9s)
2026-05-11 20:09:33,770 - INFO - [1444/3780] gpu0  trial_0142_lr=3.0e-03_weight_decay=1.0e-05_kernel_sizes=5x3_conv_channels=256x256_fc_dims=256_seed6  completed  (7.4s)
2026-05-11 20:09:36,193 - INFO - [1445/3780] gpu1  trial_0146_lr=3.0e-04_weight_decay=1.0e-04_kernel_sizes=5x3_conv_channels=256x256_fc_dims=512_seed1  completed  (3.7s)
2026-05-11 20:09:39,869 - INFO - [1446/3780] gpu1  trial_0146_lr=3.0e-04_weight_decay=1.0e-04_kernel_sizes=5x3_conv_channels=256x256_fc_dims=512_seed3  completed  (3.7s)
2026-05-11 20:09:41,298 - INFO - [1447/3780] gpu0  trial_0142_lr=3.0e-03_weight_decay=1.0e-05_kernel_sizes=5x3_conv_channels=256x256_fc_dims=256_seed8  completed  (7.5s)
2026-05-11 20:09:43,520 - INFO - [1448/3780] gpu1  trial_0146_lr=3.0e-04_weight_decay=1.0e-04_kernel_sizes=5x3_conv_channels=256x256_fc_dims=512_seed5  completed  (3.6s)
2026-05-11 20:09:47,336 - INFO - [1449/3780] gpu1  trial_0146_lr=3.0e-04_weight_decay=1.0e-04_kernel_sizes=5x3_conv_channels=256x256_fc_dims=512_seed7  completed  (3.8s)
2026-05-11 20:09:48,817 - INFO - [1450/3780] gpu0  trial_0143_lr=3.0e-03_weight_decay=1.0e-04_kernel_sizes=5x3_conv_channels=256x256_fc_dims=256_seed0  completed  (7.5s)
2026-05-11 20:09:51,054 - INFO - [1451/3780] gpu1  trial_0146_lr=3.0e-04_weight_decay=1.0e-04_kernel_sizes=5x3_conv_channels=256x256_fc_dims=512_seed9  completed  (3.7s)
2026-05-11 20:09:51,944 - INFO - [1452/3780] gpu0  trial_0143_lr=3.0e-03_weight_decay=1.0e-04_kernel_sizes=5x3_conv_channels=256x256_fc_dims=256_seed2  completed  (3.1s)
2026-05-11 20:09:58,344 - INFO - [1453/3780] gpu1  trial_0147_lr=1.0e-03_weight_decay=0_kernel_sizes=5x3_conv_channels=256x256_fc_dims=512_seed1  completed  (7.3s)
2026-05-11 20:09:59,465 - INFO - [1454/3780] gpu0  trial_0143_lr=3.0e-03_weight_decay=1.0e-04_kernel_sizes=5x3_conv_channels=256x256_fc_dims=256_seed4  completed  (7.5s)
2026-05-11 20:10:05,625 - INFO - [1455/3780] gpu1  trial_0147_lr=1.0e-03_weight_decay=0_kernel_sizes=5x3_conv_channels=256x256_fc_dims=512_seed3  completed  (7.3s)
2026-05-11 20:10:06,981 - INFO - [1456/3780] gpu0  trial_0143_lr=3.0e-03_weight_decay=1.0e-04_kernel_sizes=5x3_conv_channels=256x256_fc_dims=256_seed6  completed  (7.5s)
2026-05-11 20:10:13,046 - INFO - [1457/3780] gpu1  trial_0147_lr=1.0e-03_weight_decay=0_kernel_sizes=5x3_conv_channels=256x256_fc_dims=512_seed5  completed  (7.4s)
2026-05-11 20:10:14,466 - INFO - [1458/3780] gpu0  trial_0143_lr=3.0e-03_weight_decay=1.0e-04_kernel_sizes=5x3_conv_channels=256x256_fc_dims=256_seed8  completed  (7.5s)
2026-05-11 20:10:18,466 - INFO - [1459/3780] gpu0  trial_0144_lr=3.0e-04_weight_decay=0_kernel_sizes=5x3_conv_channels=256x256_fc_dims=512_seed0  completed  (4.0s)
2026-05-11 20:10:20,473 - INFO - [1460/3780] gpu1  trial_0147_lr=1.0e-03_weight_decay=0_kernel_sizes=5x3_conv_channels=256x256_fc_dims=512_seed7  completed  (7.4s)
2026-05-11 20:10:26,361 - INFO - [1461/3780] gpu0  trial_0144_lr=3.0e-04_weight_decay=0_kernel_sizes=5x3_conv_channels=256x256_fc_dims=512_seed2  completed  (7.9s)
2026-05-11 20:10:27,741 - INFO - [1462/3780] gpu1  trial_0147_lr=1.0e-03_weight_decay=0_kernel_sizes=5x3_conv_channels=256x256_fc_dims=512_seed9  completed  (7.3s)
2026-05-11 20:10:30,340 - INFO - [1463/3780] gpu0  trial_0144_lr=3.0e-04_weight_decay=0_kernel_sizes=5x3_conv_channels=256x256_fc_dims=512_seed4  completed  (4.0s)
2026-05-11 20:10:34,238 - INFO - [1464/3780] gpu0  trial_0144_lr=3.0e-04_weight_decay=0_kernel_sizes=5x3_conv_channels=256x256_fc_dims=512_seed6  completed  (3.9s)
2026-05-11 20:10:34,997 - INFO - [1465/3780] gpu1  trial_0148_lr=1.0e-03_weight_decay=1.0e-05_kernel_sizes=5x3_conv_channels=256x256_fc_dims=512_seed1  completed  (7.3s)
2026-05-11 20:10:38,120 - INFO - [1466/3780] gpu0  trial_0144_lr=3.0e-04_weight_decay=0_kernel_sizes=5x3_conv_channels=256x256_fc_dims=512_seed8  completed  (3.9s)
2026-05-11 20:10:42,135 - INFO - [1467/3780] gpu0  trial_0145_lr=3.0e-04_weight_decay=1.0e-05_kernel_sizes=5x3_conv_channels=256x256_fc_dims=512_seed0  completed  (4.0s)
2026-05-11 20:10:42,274 - INFO - [1468/3780] gpu1  trial_0148_lr=1.0e-03_weight_decay=1.0e-05_kernel_sizes=5x3_conv_channels=256x256_fc_dims=512_seed3  completed  (7.3s)
2026-05-11 20:10:49,598 - INFO - [1469/3780] gpu1  trial_0148_lr=1.0e-03_weight_decay=1.0e-05_kernel_sizes=5x3_conv_channels=256x256_fc_dims=512_seed5  completed  (7.3s)
2026-05-11 20:10:49,877 - INFO - [1470/3780] gpu0  trial_0145_lr=3.0e-04_weight_decay=1.0e-05_kernel_sizes=5x3_conv_channels=256x256_fc_dims=512_seed2  completed  (7.7s)
2026-05-11 20:10:53,811 - INFO - [1471/3780] gpu0  trial_0145_lr=3.0e-04_weight_decay=1.0e-05_kernel_sizes=5x3_conv_channels=256x256_fc_dims=512_seed4  completed  (3.9s)
2026-05-11 20:10:56,848 - INFO - [1472/3780] gpu1  trial_0148_lr=1.0e-03_weight_decay=1.0e-05_kernel_sizes=5x3_conv_channels=256x256_fc_dims=512_seed7  completed  (7.2s)
2026-05-11 20:10:57,697 - INFO - [1473/3780] gpu0  trial_0145_lr=3.0e-04_weight_decay=1.0e-05_kernel_sizes=5x3_conv_channels=256x256_fc_dims=512_seed6  completed  (3.9s)
2026-05-11 20:11:01,599 - INFO - [1474/3780] gpu0  trial_0145_lr=3.0e-04_weight_decay=1.0e-05_kernel_sizes=5x3_conv_channels=256x256_fc_dims=512_seed8  completed  (3.9s)
2026-05-11 20:11:04,150 - INFO - [1475/3780] gpu1  trial_0148_lr=1.0e-03_weight_decay=1.0e-05_kernel_sizes=5x3_conv_channels=256x256_fc_dims=512_seed9  completed  (7.3s)
2026-05-11 20:11:05,469 - INFO - [1476/3780] gpu0  trial_0146_lr=3.0e-04_weight_decay=1.0e-04_kernel_sizes=5x3_conv_channels=256x256_fc_dims=512_seed0  completed  (3.9s)
2026-05-11 20:11:11,526 - INFO - [1477/3780] gpu1  trial_0149_lr=1.0e-03_weight_decay=1.0e-04_kernel_sizes=5x3_conv_channels=256x256_fc_dims=512_seed1  completed  (7.4s)
2026-05-11 20:11:13,120 - INFO - [1478/3780] gpu0  trial_0146_lr=3.0e-04_weight_decay=1.0e-04_kernel_sizes=5x3_conv_channels=256x256_fc_dims=512_seed2  completed  (7.6s)
2026-05-11 20:11:17,086 - INFO - [1479/3780] gpu0  trial_0146_lr=3.0e-04_weight_decay=1.0e-04_kernel_sizes=5x3_conv_channels=256x256_fc_dims=512_seed4  completed  (4.0s)
2026-05-11 20:11:18,884 - INFO - [1480/3780] gpu1  trial_0149_lr=1.0e-03_weight_decay=1.0e-04_kernel_sizes=5x3_conv_channels=256x256_fc_dims=512_seed3  completed  (7.4s)
2026-05-11 20:11:20,972 - INFO - [1481/3780] gpu0  trial_0146_lr=3.0e-04_weight_decay=1.0e-04_kernel_sizes=5x3_conv_channels=256x256_fc_dims=512_seed6  completed  (3.9s)
2026-05-11 20:11:24,889 - INFO - [1482/3780] gpu0  trial_0146_lr=3.0e-04_weight_decay=1.0e-04_kernel_sizes=5x3_conv_channels=256x256_fc_dims=512_seed8  completed  (3.9s)
2026-05-11 20:11:26,224 - INFO - [1483/3780] gpu1  trial_0149_lr=1.0e-03_weight_decay=1.0e-04_kernel_sizes=5x3_conv_channels=256x256_fc_dims=512_seed5  completed  (7.3s)
2026-05-11 20:11:32,519 - INFO - [1484/3780] gpu0  trial_0147_lr=1.0e-03_weight_decay=0_kernel_sizes=5x3_conv_channels=256x256_fc_dims=512_seed0  completed  (7.6s)
2026-05-11 20:11:33,498 - INFO - [1485/3780] gpu1  trial_0149_lr=1.0e-03_weight_decay=1.0e-04_kernel_sizes=5x3_conv_channels=256x256_fc_dims=512_seed7  completed  (7.3s)
2026-05-11 20:11:40,169 - INFO - [1486/3780] gpu0  trial_0147_lr=1.0e-03_weight_decay=0_kernel_sizes=5x3_conv_channels=256x256_fc_dims=512_seed2  completed  (7.6s)
2026-05-11 20:11:40,820 - INFO - [1487/3780] gpu1  trial_0149_lr=1.0e-03_weight_decay=1.0e-04_kernel_sizes=5x3_conv_channels=256x256_fc_dims=512_seed9  completed  (7.3s)
2026-05-11 20:11:47,925 - INFO - [1488/3780] gpu0  trial_0147_lr=1.0e-03_weight_decay=0_kernel_sizes=5x3_conv_channels=256x256_fc_dims=512_seed4  completed  (7.8s)
2026-05-11 20:11:48,090 - INFO - [1489/3780] gpu1  trial_0150_lr=3.0e-03_weight_decay=0_kernel_sizes=5x3_conv_channels=256x256_fc_dims=512_seed1  completed  (7.3s)
2026-05-11 20:11:55,371 - INFO - [1490/3780] gpu1  trial_0150_lr=3.0e-03_weight_decay=0_kernel_sizes=5x3_conv_channels=256x256_fc_dims=512_seed3  completed  (7.3s)
2026-05-11 20:11:55,450 - INFO - [1491/3780] gpu0  trial_0147_lr=1.0e-03_weight_decay=0_kernel_sizes=5x3_conv_channels=256x256_fc_dims=512_seed6  completed  (7.5s)
2026-05-11 20:12:02,670 - INFO - [1492/3780] gpu1  trial_0150_lr=3.0e-03_weight_decay=0_kernel_sizes=5x3_conv_channels=256x256_fc_dims=512_seed5  completed  (7.3s)
2026-05-11 20:12:03,147 - INFO - [1493/3780] gpu0  trial_0147_lr=1.0e-03_weight_decay=0_kernel_sizes=5x3_conv_channels=256x256_fc_dims=512_seed8  completed  (7.7s)
2026-05-11 20:12:10,024 - INFO - [1494/3780] gpu1  trial_0150_lr=3.0e-03_weight_decay=0_kernel_sizes=5x3_conv_channels=256x256_fc_dims=512_seed7  completed  (7.4s)
2026-05-11 20:12:10,594 - INFO - [1495/3780] gpu0  trial_0148_lr=1.0e-03_weight_decay=1.0e-05_kernel_sizes=5x3_conv_channels=256x256_fc_dims=512_seed0  completed  (7.4s)
2026-05-11 20:12:17,289 - INFO - [1496/3780] gpu1  trial_0150_lr=3.0e-03_weight_decay=0_kernel_sizes=5x3_conv_channels=256x256_fc_dims=512_seed9  completed  (7.3s)
2026-05-11 20:12:18,369 - INFO - [1497/3780] gpu0  trial_0148_lr=1.0e-03_weight_decay=1.0e-05_kernel_sizes=5x3_conv_channels=256x256_fc_dims=512_seed2  completed  (7.8s)
2026-05-11 20:12:24,587 - INFO - [1498/3780] gpu1  trial_0151_lr=3.0e-03_weight_decay=1.0e-05_kernel_sizes=5x3_conv_channels=256x256_fc_dims=512_seed1  completed  (7.3s)
2026-05-11 20:12:26,072 - INFO - [1499/3780] gpu0  trial_0148_lr=1.0e-03_weight_decay=1.0e-05_kernel_sizes=5x3_conv_channels=256x256_fc_dims=512_seed4  completed  (7.7s)
2026-05-11 20:12:31,915 - INFO - [1500/3780] gpu1  trial_0151_lr=3.0e-03_weight_decay=1.0e-05_kernel_sizes=5x3_conv_channels=256x256_fc_dims=512_seed3  completed  (7.3s)
2026-05-11 20:12:33,699 - INFO - [1501/3780] gpu0  trial_0148_lr=1.0e-03_weight_decay=1.0e-05_kernel_sizes=5x3_conv_channels=256x256_fc_dims=512_seed6  completed  (7.6s)
2026-05-11 20:12:39,250 - INFO - [1502/3780] gpu1  trial_0151_lr=3.0e-03_weight_decay=1.0e-05_kernel_sizes=5x3_conv_channels=256x256_fc_dims=512_seed5  completed  (7.3s)
2026-05-11 20:12:41,275 - INFO - [1503/3780] gpu0  trial_0148_lr=1.0e-03_weight_decay=1.0e-05_kernel_sizes=5x3_conv_channels=256x256_fc_dims=512_seed8  completed  (7.6s)
2026-05-11 20:12:46,574 - INFO - [1504/3780] gpu1  trial_0151_lr=3.0e-03_weight_decay=1.0e-05_kernel_sizes=5x3_conv_channels=256x256_fc_dims=512_seed7  completed  (7.3s)
2026-05-11 20:12:49,168 - INFO - [1505/3780] gpu0  trial_0149_lr=1.0e-03_weight_decay=1.0e-04_kernel_sizes=5x3_conv_channels=256x256_fc_dims=512_seed0  completed  (7.9s)
2026-05-11 20:12:53,958 - INFO - [1506/3780] gpu1  trial_0151_lr=3.0e-03_weight_decay=1.0e-05_kernel_sizes=5x3_conv_channels=256x256_fc_dims=512_seed9  completed  (7.4s)
2026-05-11 20:12:56,740 - INFO - [1507/3780] gpu0  trial_0149_lr=1.0e-03_weight_decay=1.0e-04_kernel_sizes=5x3_conv_channels=256x256_fc_dims=512_seed2  completed  (7.6s)
2026-05-11 20:12:57,314 - INFO - [1508/3780] gpu1  trial_0152_lr=3.0e-03_weight_decay=1.0e-04_kernel_sizes=5x3_conv_channels=256x256_fc_dims=512_seed1  completed  (3.4s)
2026-05-11 20:13:00,557 - INFO - [1509/3780] gpu1  trial_0152_lr=3.0e-03_weight_decay=1.0e-04_kernel_sizes=5x3_conv_channels=256x256_fc_dims=512_seed3  completed  (3.2s)
2026-05-11 20:13:04,450 - INFO - [1510/3780] gpu0  trial_0149_lr=1.0e-03_weight_decay=1.0e-04_kernel_sizes=5x3_conv_channels=256x256_fc_dims=512_seed4  completed  (7.7s)
2026-05-11 20:13:08,001 - INFO - [1511/3780] gpu1  trial_0152_lr=3.0e-03_weight_decay=1.0e-04_kernel_sizes=5x3_conv_channels=256x256_fc_dims=512_seed5  completed  (7.4s)
2026-05-11 20:13:12,252 - INFO - [1512/3780] gpu0  trial_0149_lr=1.0e-03_weight_decay=1.0e-04_kernel_sizes=5x3_conv_channels=256x256_fc_dims=512_seed6  completed  (7.8s)
2026-05-11 20:13:15,344 - INFO - [1513/3780] gpu1  trial_0152_lr=3.0e-03_weight_decay=1.0e-04_kernel_sizes=5x3_conv_channels=256x256_fc_dims=512_seed7  completed  (7.3s)
2026-05-11 20:13:20,047 - INFO - [1514/3780] gpu0  trial_0149_lr=1.0e-03_weight_decay=1.0e-04_kernel_sizes=5x3_conv_channels=256x256_fc_dims=512_seed8  completed  (7.8s)
2026-05-11 20:13:22,138 - INFO - [1515/3780] gpu1  trial_0152_lr=3.0e-03_weight_decay=1.0e-04_kernel_sizes=5x3_conv_channels=256x256_fc_dims=512_seed9  completed  (6.8s)
2026-05-11 20:13:25,993 - INFO - [1516/3780] gpu1  trial_0153_lr=3.0e-04_weight_decay=0_kernel_sizes=5x3_conv_channels=256x256_fc_dims=512x256_seed1  completed  (3.9s)
2026-05-11 20:13:27,633 - INFO - [1517/3780] gpu0  trial_0150_lr=3.0e-03_weight_decay=0_kernel_sizes=5x3_conv_channels=256x256_fc_dims=512_seed0  completed  (7.6s)
2026-05-11 20:13:29,571 - INFO - [1518/3780] gpu1  trial_0153_lr=3.0e-04_weight_decay=0_kernel_sizes=5x3_conv_channels=256x256_fc_dims=512x256_seed3  completed  (3.6s)
2026-05-11 20:13:33,201 - INFO - [1519/3780] gpu1  trial_0153_lr=3.0e-04_weight_decay=0_kernel_sizes=5x3_conv_channels=256x256_fc_dims=512x256_seed5  completed  (3.6s)
2026-05-11 20:13:35,294 - INFO - [1520/3780] gpu0  trial_0150_lr=3.0e-03_weight_decay=0_kernel_sizes=5x3_conv_channels=256x256_fc_dims=512_seed2  completed  (7.7s)
2026-05-11 20:13:36,766 - INFO - [1521/3780] gpu1  trial_0153_lr=3.0e-04_weight_decay=0_kernel_sizes=5x3_conv_channels=256x256_fc_dims=512x256_seed7  completed  (3.6s)
2026-05-11 20:13:40,295 - INFO - [1522/3780] gpu1  trial_0153_lr=3.0e-04_weight_decay=0_kernel_sizes=5x3_conv_channels=256x256_fc_dims=512x256_seed9  completed  (3.5s)
2026-05-11 20:13:42,946 - INFO - [1523/3780] gpu0  trial_0150_lr=3.0e-03_weight_decay=0_kernel_sizes=5x3_conv_channels=256x256_fc_dims=512_seed4  completed  (7.7s)
2026-05-11 20:13:44,067 - INFO - [1524/3780] gpu1  trial_0154_lr=3.0e-04_weight_decay=1.0e-05_kernel_sizes=5x3_conv_channels=256x256_fc_dims=512x256_seed1  completed  (3.8s)
2026-05-11 20:13:47,725 - INFO - [1525/3780] gpu1  trial_0154_lr=3.0e-04_weight_decay=1.0e-05_kernel_sizes=5x3_conv_channels=256x256_fc_dims=512x256_seed3  completed  (3.7s)
2026-05-11 20:13:50,705 - INFO - [1526/3780] gpu0  trial_0150_lr=3.0e-03_weight_decay=0_kernel_sizes=5x3_conv_channels=256x256_fc_dims=512_seed6  completed  (7.8s)
2026-05-11 20:13:51,341 - INFO - [1527/3780] gpu1  trial_0154_lr=3.0e-04_weight_decay=1.0e-05_kernel_sizes=5x3_conv_channels=256x256_fc_dims=512x256_seed5  completed  (3.6s)
2026-05-11 20:13:54,893 - INFO - [1528/3780] gpu1  trial_0154_lr=3.0e-04_weight_decay=1.0e-05_kernel_sizes=5x3_conv_channels=256x256_fc_dims=512x256_seed7  completed  (3.6s)
2026-05-11 20:13:58,333 - INFO - [1529/3780] gpu0  trial_0150_lr=3.0e-03_weight_decay=0_kernel_sizes=5x3_conv_channels=256x256_fc_dims=512_seed8  completed  (7.6s)
2026-05-11 20:13:58,506 - INFO - [1530/3780] gpu1  trial_0154_lr=3.0e-04_weight_decay=1.0e-05_kernel_sizes=5x3_conv_channels=256x256_fc_dims=512x256_seed9  completed  (3.6s)
2026-05-11 20:14:02,271 - INFO - [1531/3780] gpu1  trial_0155_lr=3.0e-04_weight_decay=1.0e-04_kernel_sizes=5x3_conv_channels=256x256_fc_dims=512x256_seed1  completed  (3.8s)
2026-05-11 20:14:05,946 - INFO - [1532/3780] gpu1  trial_0155_lr=3.0e-04_weight_decay=1.0e-04_kernel_sizes=5x3_conv_channels=256x256_fc_dims=512x256_seed3  completed  (3.7s)
2026-05-11 20:14:06,098 - INFO - [1533/3780] gpu0  trial_0151_lr=3.0e-03_weight_decay=1.0e-05_kernel_sizes=5x3_conv_channels=256x256_fc_dims=512_seed0  completed  (7.8s)
2026-05-11 20:14:09,464 - INFO - [1534/3780] gpu1  trial_0155_lr=3.0e-04_weight_decay=1.0e-04_kernel_sizes=5x3_conv_channels=256x256_fc_dims=512x256_seed5  completed  (3.5s)
2026-05-11 20:14:12,825 - INFO - [1535/3780] gpu1  trial_0155_lr=3.0e-04_weight_decay=1.0e-04_kernel_sizes=5x3_conv_channels=256x256_fc_dims=512x256_seed7  completed  (3.4s)
2026-05-11 20:14:13,702 - INFO - [1536/3780] gpu0  trial_0151_lr=3.0e-03_weight_decay=1.0e-05_kernel_sizes=5x3_conv_channels=256x256_fc_dims=512_seed2  completed  (7.6s)
2026-05-11 20:14:16,290 - INFO - [1537/3780] gpu1  trial_0155_lr=3.0e-04_weight_decay=1.0e-04_kernel_sizes=5x3_conv_channels=256x256_fc_dims=512x256_seed9  completed  (3.5s)
2026-05-11 20:14:19,374 - INFO - [1538/3780] gpu1  trial_0156_lr=1.0e-03_weight_decay=0_kernel_sizes=5x3_conv_channels=256x256_fc_dims=512x256_seed1  completed  (3.1s)
2026-05-11 20:14:21,488 - INFO - [1539/3780] gpu0  trial_0151_lr=3.0e-03_weight_decay=1.0e-05_kernel_sizes=5x3_conv_channels=256x256_fc_dims=512_seed4  completed  (7.8s)
2026-05-11 20:14:22,416 - INFO - [1540/3780] gpu1  trial_0156_lr=1.0e-03_weight_decay=0_kernel_sizes=5x3_conv_channels=256x256_fc_dims=512x256_seed3  completed  (3.0s)
2026-05-11 20:14:25,553 - INFO - [1541/3780] gpu1  trial_0156_lr=1.0e-03_weight_decay=0_kernel_sizes=5x3_conv_channels=256x256_fc_dims=512x256_seed5  completed  (3.1s)
2026-05-11 20:14:28,597 - INFO - [1542/3780] gpu1  trial_0156_lr=1.0e-03_weight_decay=0_kernel_sizes=5x3_conv_channels=256x256_fc_dims=512x256_seed7  completed  (3.0s)
2026-05-11 20:14:28,987 - INFO - [1543/3780] gpu0  trial_0151_lr=3.0e-03_weight_decay=1.0e-05_kernel_sizes=5x3_conv_channels=256x256_fc_dims=512_seed6  completed  (7.5s)
2026-05-11 20:14:31,895 - INFO - [1544/3780] gpu1  trial_0156_lr=1.0e-03_weight_decay=0_kernel_sizes=5x3_conv_channels=256x256_fc_dims=512x256_seed9  completed  (3.3s)
2026-05-11 20:14:35,029 - INFO - [1545/3780] gpu1  trial_0157_lr=1.0e-03_weight_decay=1.0e-05_kernel_sizes=5x3_conv_channels=256x256_fc_dims=512x256_seed1  completed  (3.1s)
2026-05-11 20:14:36,833 - INFO - [1546/3780] gpu0  trial_0151_lr=3.0e-03_weight_decay=1.0e-05_kernel_sizes=5x3_conv_channels=256x256_fc_dims=512_seed8  completed  (7.8s)
2026-05-11 20:14:38,076 - INFO - [1547/3780] gpu1  trial_0157_lr=1.0e-03_weight_decay=1.0e-05_kernel_sizes=5x3_conv_channels=256x256_fc_dims=512x256_seed3  completed  (3.0s)
2026-05-11 20:14:40,158 - INFO - [1548/3780] gpu0  trial_0152_lr=3.0e-03_weight_decay=1.0e-04_kernel_sizes=5x3_conv_channels=256x256_fc_dims=512_seed0  completed  (3.3s)
2026-05-11 20:14:41,125 - INFO - [1549/3780] gpu1  trial_0157_lr=1.0e-03_weight_decay=1.0e-05_kernel_sizes=5x3_conv_channels=256x256_fc_dims=512x256_seed5  completed  (3.0s)
2026-05-11 20:14:43,543 - INFO - [1550/3780] gpu0  trial_0152_lr=3.0e-03_weight_decay=1.0e-04_kernel_sizes=5x3_conv_channels=256x256_fc_dims=512_seed2  completed  (3.4s)
2026-05-11 20:14:44,180 - INFO - [1551/3780] gpu1  trial_0157_lr=1.0e-03_weight_decay=1.0e-05_kernel_sizes=5x3_conv_channels=256x256_fc_dims=512x256_seed7  completed  (3.1s)
2026-05-11 20:14:46,930 - INFO - [1552/3780] gpu0  trial_0152_lr=3.0e-03_weight_decay=1.0e-04_kernel_sizes=5x3_conv_channels=256x256_fc_dims=512_seed4  completed  (3.4s)
2026-05-11 20:14:47,270 - INFO - [1553/3780] gpu1  trial_0157_lr=1.0e-03_weight_decay=1.0e-05_kernel_sizes=5x3_conv_channels=256x256_fc_dims=512x256_seed9  completed  (3.1s)
2026-05-11 20:14:54,542 - INFO - [1554/3780] gpu0  trial_0152_lr=3.0e-03_weight_decay=1.0e-04_kernel_sizes=5x3_conv_channels=256x256_fc_dims=512_seed6  completed  (7.6s)
2026-05-11 20:14:54,805 - INFO - [1555/3780] gpu1  trial_0158_lr=1.0e-03_weight_decay=1.0e-04_kernel_sizes=5x3_conv_channels=256x256_fc_dims=512x256_seed1  completed  (7.5s)
2026-05-11 20:14:58,100 - INFO - [1556/3780] gpu0  trial_0152_lr=3.0e-03_weight_decay=1.0e-04_kernel_sizes=5x3_conv_channels=256x256_fc_dims=512_seed8  completed  (3.6s)
2026-05-11 20:15:02,141 - INFO - [1557/3780] gpu0  trial_0153_lr=3.0e-04_weight_decay=0_kernel_sizes=5x3_conv_channels=256x256_fc_dims=512x256_seed0  completed  (4.0s)
2026-05-11 20:15:02,398 - INFO - [1558/3780] gpu1  trial_0158_lr=1.0e-03_weight_decay=1.0e-04_kernel_sizes=5x3_conv_channels=256x256_fc_dims=512x256_seed3  completed  (7.6s)
2026-05-11 20:15:05,867 - INFO - [1559/3780] gpu0  trial_0153_lr=3.0e-04_weight_decay=0_kernel_sizes=5x3_conv_channels=256x256_fc_dims=512x256_seed2  completed  (3.7s)
2026-05-11 20:15:09,606 - INFO - [1560/3780] gpu0  trial_0153_lr=3.0e-04_weight_decay=0_kernel_sizes=5x3_conv_channels=256x256_fc_dims=512x256_seed4  completed  (3.7s)
2026-05-11 20:15:09,923 - INFO - [1561/3780] gpu1  trial_0158_lr=1.0e-03_weight_decay=1.0e-04_kernel_sizes=5x3_conv_channels=256x256_fc_dims=512x256_seed5  completed  (7.5s)
2026-05-11 20:15:12,996 - INFO - [1562/3780] gpu1  trial_0158_lr=1.0e-03_weight_decay=1.0e-04_kernel_sizes=5x3_conv_channels=256x256_fc_dims=512x256_seed7  completed  (3.1s)
2026-05-11 20:15:13,301 - INFO - [1563/3780] gpu0  trial_0153_lr=3.0e-04_weight_decay=0_kernel_sizes=5x3_conv_channels=256x256_fc_dims=512x256_seed6  completed  (3.7s)
2026-05-11 20:15:16,073 - INFO - [1564/3780] gpu1  trial_0158_lr=1.0e-03_weight_decay=1.0e-04_kernel_sizes=5x3_conv_channels=256x256_fc_dims=512x256_seed9  completed  (3.1s)
2026-05-11 20:15:17,033 - INFO - [1565/3780] gpu0  trial_0153_lr=3.0e-04_weight_decay=0_kernel_sizes=5x3_conv_channels=256x256_fc_dims=512x256_seed8  completed  (3.7s)
2026-05-11 20:15:21,092 - INFO - [1566/3780] gpu0  trial_0154_lr=3.0e-04_weight_decay=1.0e-05_kernel_sizes=5x3_conv_channels=256x256_fc_dims=512x256_seed0  completed  (4.1s)
2026-05-11 20:15:23,696 - INFO - [1567/3780] gpu1  trial_0159_lr=3.0e-03_weight_decay=0_kernel_sizes=5x3_conv_channels=256x256_fc_dims=512x256_seed1  completed  (7.6s)
2026-05-11 20:15:24,889 - INFO - [1568/3780] gpu0  trial_0154_lr=3.0e-04_weight_decay=1.0e-05_kernel_sizes=5x3_conv_channels=256x256_fc_dims=512x256_seed2  completed  (3.8s)
2026-05-11 20:15:28,573 - INFO - [1569/3780] gpu0  trial_0154_lr=3.0e-04_weight_decay=1.0e-05_kernel_sizes=5x3_conv_channels=256x256_fc_dims=512x256_seed4  completed  (3.7s)
2026-05-11 20:15:31,256 - INFO - [1570/3780] gpu1  trial_0159_lr=3.0e-03_weight_decay=0_kernel_sizes=5x3_conv_channels=256x256_fc_dims=512x256_seed3  completed  (7.6s)
2026-05-11 20:15:32,338 - INFO - [1571/3780] gpu0  trial_0154_lr=3.0e-04_weight_decay=1.0e-05_kernel_sizes=5x3_conv_channels=256x256_fc_dims=512x256_seed6  completed  (3.8s)
2026-05-11 20:15:36,129 - INFO - [1572/3780] gpu0  trial_0154_lr=3.0e-04_weight_decay=1.0e-05_kernel_sizes=5x3_conv_channels=256x256_fc_dims=512x256_seed8  completed  (3.8s)
2026-05-11 20:15:38,971 - INFO - [1573/3780] gpu1  trial_0159_lr=3.0e-03_weight_decay=0_kernel_sizes=5x3_conv_channels=256x256_fc_dims=512x256_seed5  completed  (7.7s)
2026-05-11 20:15:40,172 - INFO - [1574/3780] gpu0  trial_0155_lr=3.0e-04_weight_decay=1.0e-04_kernel_sizes=5x3_conv_channels=256x256_fc_dims=512x256_seed0  completed  (4.0s)
2026-05-11 20:15:43,811 - INFO - [1575/3780] gpu1  trial_0159_lr=3.0e-03_weight_decay=0_kernel_sizes=5x3_conv_channels=256x256_fc_dims=512x256_seed7  completed  (4.8s)
2026-05-11 20:15:43,972 - INFO - [1576/3780] gpu0  trial_0155_lr=3.0e-04_weight_decay=1.0e-04_kernel_sizes=5x3_conv_channels=256x256_fc_dims=512x256_seed2  completed  (3.8s)
2026-05-11 20:15:48,034 - INFO - [1577/3780] gpu0  trial_0155_lr=3.0e-04_weight_decay=1.0e-04_kernel_sizes=5x3_conv_channels=256x256_fc_dims=512x256_seed4  completed  (4.1s)
2026-05-11 20:15:51,277 - INFO - [1578/3780] gpu1  trial_0159_lr=3.0e-03_weight_decay=0_kernel_sizes=5x3_conv_channels=256x256_fc_dims=512x256_seed9  completed  (7.5s)
2026-05-11 20:15:51,733 - INFO - [1579/3780] gpu0  trial_0155_lr=3.0e-04_weight_decay=1.0e-04_kernel_sizes=5x3_conv_channels=256x256_fc_dims=512x256_seed6  completed  (3.7s)
2026-05-11 20:15:55,432 - INFO - [1580/3780] gpu0  trial_0155_lr=3.0e-04_weight_decay=1.0e-04_kernel_sizes=5x3_conv_channels=256x256_fc_dims=512x256_seed8  completed  (3.7s)
2026-05-11 20:15:58,652 - INFO - [1581/3780] gpu0  trial_0156_lr=1.0e-03_weight_decay=0_kernel_sizes=5x3_conv_channels=256x256_fc_dims=512x256_seed0  completed  (3.2s)
2026-05-11 20:15:58,805 - INFO - [1582/3780] gpu1  trial_0160_lr=3.0e-03_weight_decay=1.0e-05_kernel_sizes=5x3_conv_channels=256x256_fc_dims=512x256_seed1  completed  (7.5s)
2026-05-11 20:16:01,763 - INFO - [1583/3780] gpu0  trial_0156_lr=1.0e-03_weight_decay=0_kernel_sizes=5x3_conv_channels=256x256_fc_dims=512x256_seed2  completed  (3.1s)
2026-05-11 20:16:04,929 - INFO - [1584/3780] gpu0  trial_0156_lr=1.0e-03_weight_decay=0_kernel_sizes=5x3_conv_channels=256x256_fc_dims=512x256_seed4  completed  (3.2s)
2026-05-11 20:16:06,410 - INFO - [1585/3780] gpu1  trial_0160_lr=3.0e-03_weight_decay=1.0e-05_kernel_sizes=5x3_conv_channels=256x256_fc_dims=512x256_seed3  completed  (7.6s)
2026-05-11 20:16:08,093 - INFO - [1586/3780] gpu0  trial_0156_lr=1.0e-03_weight_decay=0_kernel_sizes=5x3_conv_channels=256x256_fc_dims=512x256_seed6  completed  (3.2s)
2026-05-11 20:16:11,250 - INFO - [1587/3780] gpu0  trial_0156_lr=1.0e-03_weight_decay=0_kernel_sizes=5x3_conv_channels=256x256_fc_dims=512x256_seed8  completed  (3.2s)
2026-05-11 20:16:14,125 - INFO - [1588/3780] gpu1  trial_0160_lr=3.0e-03_weight_decay=1.0e-05_kernel_sizes=5x3_conv_channels=256x256_fc_dims=512x256_seed5  completed  (7.7s)
2026-05-11 20:16:14,369 - INFO - [1589/3780] gpu0  trial_0157_lr=1.0e-03_weight_decay=1.0e-05_kernel_sizes=5x3_conv_channels=256x256_fc_dims=512x256_seed0  completed  (3.1s)
2026-05-11 20:16:17,498 - INFO - [1590/3780] gpu0  trial_0157_lr=1.0e-03_weight_decay=1.0e-05_kernel_sizes=5x3_conv_channels=256x256_fc_dims=512x256_seed2  completed  (3.1s)
2026-05-11 20:16:20,636 - INFO - [1591/3780] gpu0  trial_0157_lr=1.0e-03_weight_decay=1.0e-05_kernel_sizes=5x3_conv_channels=256x256_fc_dims=512x256_seed4  completed  (3.1s)
2026-05-11 20:16:21,588 - INFO - [1592/3780] gpu1  trial_0160_lr=3.0e-03_weight_decay=1.0e-05_kernel_sizes=5x3_conv_channels=256x256_fc_dims=512x256_seed7  completed  (7.5s)
2026-05-11 20:16:23,729 - INFO - [1593/3780] gpu0  trial_0157_lr=1.0e-03_weight_decay=1.0e-05_kernel_sizes=5x3_conv_channels=256x256_fc_dims=512x256_seed6  completed  (3.1s)
2026-05-11 20:16:26,868 - INFO - [1594/3780] gpu0  trial_0157_lr=1.0e-03_weight_decay=1.0e-05_kernel_sizes=5x3_conv_channels=256x256_fc_dims=512x256_seed8  completed  (3.1s)
2026-05-11 20:16:28,788 - INFO - [1595/3780] gpu1  trial_0160_lr=3.0e-03_weight_decay=1.0e-05_kernel_sizes=5x3_conv_channels=256x256_fc_dims=512x256_seed9  completed  (7.2s)
2026-05-11 20:16:30,079 - INFO - [1596/3780] gpu0  trial_0158_lr=1.0e-03_weight_decay=1.0e-04_kernel_sizes=5x3_conv_channels=256x256_fc_dims=512x256_seed0  completed  (3.2s)
2026-05-11 20:16:36,582 - INFO - [1597/3780] gpu1  trial_0161_lr=3.0e-03_weight_decay=1.0e-04_kernel_sizes=5x3_conv_channels=256x256_fc_dims=512x256_seed1  completed  (7.8s)
2026-05-11 20:16:37,917 - INFO - [1598/3780] gpu0  trial_0158_lr=1.0e-03_weight_decay=1.0e-04_kernel_sizes=5x3_conv_channels=256x256_fc_dims=512x256_seed2  completed  (7.8s)
2026-05-11 20:16:40,173 - INFO - [1599/3780] gpu1  trial_0161_lr=3.0e-03_weight_decay=1.0e-04_kernel_sizes=5x3_conv_channels=256x256_fc_dims=512x256_seed3  completed  (3.6s)
2026-05-11 20:16:43,777 - INFO - [1600/3780] gpu1  trial_0161_lr=3.0e-03_weight_decay=1.0e-04_kernel_sizes=5x3_conv_channels=256x256_fc_dims=512x256_seed5  completed  (3.6s)
2026-05-11 20:16:45,813 - INFO - [1601/3780] gpu0  trial_0158_lr=1.0e-03_weight_decay=1.0e-04_kernel_sizes=5x3_conv_channels=256x256_fc_dims=512x256_seed4  completed  (7.9s)
2026-05-11 20:16:51,363 - INFO - [1602/3780] gpu1  trial_0161_lr=3.0e-03_weight_decay=1.0e-04_kernel_sizes=5x3_conv_channels=256x256_fc_dims=512x256_seed7  completed  (7.6s)
2026-05-11 20:16:53,675 - INFO - [1603/3780] gpu0  trial_0158_lr=1.0e-03_weight_decay=1.0e-04_kernel_sizes=5x3_conv_channels=256x256_fc_dims=512x256_seed6  completed  (7.9s)
2026-05-11 20:16:58,974 - INFO - [1604/3780] gpu1  trial_0161_lr=3.0e-03_weight_decay=1.0e-04_kernel_sizes=5x3_conv_channels=256x256_fc_dims=512x256_seed9  completed  (7.6s)
2026-05-11 20:17:01,520 - INFO - [1605/3780] gpu0  trial_0158_lr=1.0e-03_weight_decay=1.0e-04_kernel_sizes=5x3_conv_channels=256x256_fc_dims=512x256_seed8  completed  (7.8s)
2026-05-11 20:17:06,818 - INFO - [1606/3780] gpu1  trial_0162_lr=3.0e-04_weight_decay=0_kernel_sizes=10x7x5_conv_channels=256x256x256_fc_dims=256_seed1  completed  (7.8s)
2026-05-11 20:17:09,505 - INFO - [1607/3780] gpu0  trial_0159_lr=3.0e-03_weight_decay=0_kernel_sizes=5x3_conv_channels=256x256_fc_dims=512x256_seed0  completed  (8.0s)
2026-05-11 20:17:14,615 - INFO - [1608/3780] gpu1  trial_0162_lr=3.0e-04_weight_decay=0_kernel_sizes=10x7x5_conv_channels=256x256x256_fc_dims=256_seed3  completed  (7.8s)
2026-05-11 20:17:17,406 - INFO - [1609/3780] gpu0  trial_0159_lr=3.0e-03_weight_decay=0_kernel_sizes=5x3_conv_channels=256x256_fc_dims=512x256_seed2  completed  (7.9s)
2026-05-11 20:17:22,366 - INFO - [1610/3780] gpu1  trial_0162_lr=3.0e-04_weight_decay=0_kernel_sizes=10x7x5_conv_channels=256x256x256_fc_dims=256_seed5  completed  (7.8s)
2026-05-11 20:17:25,303 - INFO - [1611/3780] gpu0  trial_0159_lr=3.0e-03_weight_decay=0_kernel_sizes=5x3_conv_channels=256x256_fc_dims=512x256_seed4  completed  (7.9s)
2026-05-11 20:17:30,271 - INFO - [1612/3780] gpu1  trial_0162_lr=3.0e-04_weight_decay=0_kernel_sizes=10x7x5_conv_channels=256x256x256_fc_dims=256_seed7  completed  (7.9s)
2026-05-11 20:17:32,751 - INFO - [1613/3780] gpu0  trial_0159_lr=3.0e-03_weight_decay=0_kernel_sizes=5x3_conv_channels=256x256_fc_dims=512x256_seed6  completed  (7.4s)
2026-05-11 20:17:38,249 - INFO - [1614/3780] gpu1  trial_0162_lr=3.0e-04_weight_decay=0_kernel_sizes=10x7x5_conv_channels=256x256x256_fc_dims=256_seed9  completed  (8.0s)
2026-05-11 20:17:40,696 - INFO - [1615/3780] gpu0  trial_0159_lr=3.0e-03_weight_decay=0_kernel_sizes=5x3_conv_channels=256x256_fc_dims=512x256_seed8  completed  (7.9s)
2026-05-11 20:17:46,134 - INFO - [1616/3780] gpu1  trial_0163_lr=3.0e-04_weight_decay=1.0e-05_kernel_sizes=10x7x5_conv_channels=256x256x256_fc_dims=256_seed1  completed  (7.9s)
2026-05-11 20:17:48,611 - INFO - [1617/3780] gpu0  trial_0160_lr=3.0e-03_weight_decay=1.0e-05_kernel_sizes=5x3_conv_channels=256x256_fc_dims=512x256_seed0  completed  (7.9s)
2026-05-11 20:17:53,910 - INFO - [1618/3780] gpu1  trial_0163_lr=3.0e-04_weight_decay=1.0e-05_kernel_sizes=10x7x5_conv_channels=256x256x256_fc_dims=256_seed3  completed  (7.8s)
2026-05-11 20:17:56,543 - INFO - [1619/3780] gpu0  trial_0160_lr=3.0e-03_weight_decay=1.0e-05_kernel_sizes=5x3_conv_channels=256x256_fc_dims=512x256_seed2  completed  (7.9s)
2026-05-11 20:18:01,872 - INFO - [1620/3780] gpu1  trial_0163_lr=3.0e-04_weight_decay=1.0e-05_kernel_sizes=10x7x5_conv_channels=256x256x256_fc_dims=256_seed5  completed  (8.0s)
2026-05-11 20:18:03,583 - INFO - [1621/3780] gpu0  trial_0160_lr=3.0e-03_weight_decay=1.0e-05_kernel_sizes=5x3_conv_channels=256x256_fc_dims=512x256_seed4  completed  (7.0s)
2026-05-11 20:18:09,867 - INFO - [1622/3780] gpu1  trial_0163_lr=3.0e-04_weight_decay=1.0e-05_kernel_sizes=10x7x5_conv_channels=256x256x256_fc_dims=256_seed7  completed  (8.0s)
2026-05-11 20:18:10,713 - INFO - [1623/3780] gpu0  trial_0160_lr=3.0e-03_weight_decay=1.0e-05_kernel_sizes=5x3_conv_channels=256x256_fc_dims=512x256_seed6  completed  (7.1s)
2026-05-11 20:18:17,724 - INFO - [1624/3780] gpu1  trial_0163_lr=3.0e-04_weight_decay=1.0e-05_kernel_sizes=10x7x5_conv_channels=256x256x256_fc_dims=256_seed9  completed  (7.9s)
2026-05-11 20:18:18,573 - INFO - [1625/3780] gpu0  trial_0160_lr=3.0e-03_weight_decay=1.0e-05_kernel_sizes=5x3_conv_channels=256x256_fc_dims=512x256_seed8  completed  (7.9s)
2026-05-11 20:18:25,520 - INFO - [1626/3780] gpu1  trial_0164_lr=3.0e-04_weight_decay=1.0e-04_kernel_sizes=10x7x5_conv_channels=256x256x256_fc_dims=256_seed1  completed  (7.8s)
2026-05-11 20:18:26,381 - INFO - [1627/3780] gpu0  trial_0161_lr=3.0e-03_weight_decay=1.0e-04_kernel_sizes=5x3_conv_channels=256x256_fc_dims=512x256_seed0  completed  (7.8s)
2026-05-11 20:18:29,941 - INFO - [1628/3780] gpu0  trial_0161_lr=3.0e-03_weight_decay=1.0e-04_kernel_sizes=5x3_conv_channels=256x256_fc_dims=512x256_seed2  completed  (3.6s)
2026-05-11 20:18:33,250 - INFO - [1629/3780] gpu1  trial_0164_lr=3.0e-04_weight_decay=1.0e-04_kernel_sizes=10x7x5_conv_channels=256x256x256_fc_dims=256_seed3  completed  (7.7s)
2026-05-11 20:18:33,487 - INFO - [1630/3780] gpu0  trial_0161_lr=3.0e-03_weight_decay=1.0e-04_kernel_sizes=5x3_conv_channels=256x256_fc_dims=512x256_seed4  completed  (3.5s)
2026-05-11 20:18:41,191 - INFO - [1631/3780] gpu1  trial_0164_lr=3.0e-04_weight_decay=1.0e-04_kernel_sizes=10x7x5_conv_channels=256x256x256_fc_dims=256_seed5  completed  (7.9s)
2026-05-11 20:18:41,198 - INFO - [1632/3780] gpu0  trial_0161_lr=3.0e-03_weight_decay=1.0e-04_kernel_sizes=5x3_conv_channels=256x256_fc_dims=512x256_seed6  completed  (7.7s)
2026-05-11 20:18:44,786 - INFO - [1633/3780] gpu0  trial_0161_lr=3.0e-03_weight_decay=1.0e-04_kernel_sizes=5x3_conv_channels=256x256_fc_dims=512x256_seed8  completed  (3.6s)
2026-05-11 20:18:48,929 - INFO - [1634/3780] gpu1  trial_0164_lr=3.0e-04_weight_decay=1.0e-04_kernel_sizes=10x7x5_conv_channels=256x256x256_fc_dims=256_seed7  completed  (7.7s)
2026-05-11 20:18:52,857 - INFO - [1635/3780] gpu0  trial_0162_lr=3.0e-04_weight_decay=0_kernel_sizes=10x7x5_conv_channels=256x256x256_fc_dims=256_seed0  completed  (8.1s)
2026-05-11 20:18:56,777 - INFO - [1636/3780] gpu1  trial_0164_lr=3.0e-04_weight_decay=1.0e-04_kernel_sizes=10x7x5_conv_channels=256x256x256_fc_dims=256_seed9  completed  (7.8s)
2026-05-11 20:19:00,935 - INFO - [1637/3780] gpu0  trial_0162_lr=3.0e-04_weight_decay=0_kernel_sizes=10x7x5_conv_channels=256x256x256_fc_dims=256_seed2  completed  (8.1s)
2026-05-11 20:19:04,531 - INFO - [1638/3780] gpu1  trial_0165_lr=1.0e-03_weight_decay=0_kernel_sizes=10x7x5_conv_channels=256x256x256_fc_dims=256_seed1  completed  (7.8s)
2026-05-11 20:19:08,949 - INFO - [1639/3780] gpu0  trial_0162_lr=3.0e-04_weight_decay=0_kernel_sizes=10x7x5_conv_channels=256x256x256_fc_dims=256_seed4  completed  (8.0s)
2026-05-11 20:19:12,514 - INFO - [1640/3780] gpu1  trial_0165_lr=1.0e-03_weight_decay=0_kernel_sizes=10x7x5_conv_channels=256x256x256_fc_dims=256_seed3  completed  (8.0s)
2026-05-11 20:19:16,936 - INFO - [1641/3780] gpu0  trial_0162_lr=3.0e-04_weight_decay=0_kernel_sizes=10x7x5_conv_channels=256x256x256_fc_dims=256_seed6  completed  (8.0s)
2026-05-11 20:19:20,290 - INFO - [1642/3780] gpu1  trial_0165_lr=1.0e-03_weight_decay=0_kernel_sizes=10x7x5_conv_channels=256x256x256_fc_dims=256_seed5  completed  (7.8s)
2026-05-11 20:19:25,006 - INFO - [1643/3780] gpu0  trial_0162_lr=3.0e-04_weight_decay=0_kernel_sizes=10x7x5_conv_channels=256x256x256_fc_dims=256_seed8  completed  (8.1s)
2026-05-11 20:19:28,236 - INFO - [1644/3780] gpu1  trial_0165_lr=1.0e-03_weight_decay=0_kernel_sizes=10x7x5_conv_channels=256x256x256_fc_dims=256_seed7  completed  (7.9s)
2026-05-11 20:19:33,079 - INFO - [1645/3780] gpu0  trial_0163_lr=3.0e-04_weight_decay=1.0e-05_kernel_sizes=10x7x5_conv_channels=256x256x256_fc_dims=256_seed0  completed  (8.1s)
2026-05-11 20:19:35,991 - INFO - [1646/3780] gpu1  trial_0165_lr=1.0e-03_weight_decay=0_kernel_sizes=10x7x5_conv_channels=256x256x256_fc_dims=256_seed9  completed  (7.8s)
2026-05-11 20:19:41,023 - INFO - [1647/3780] gpu0  trial_0163_lr=3.0e-04_weight_decay=1.0e-05_kernel_sizes=10x7x5_conv_channels=256x256x256_fc_dims=256_seed2  completed  (7.9s)
2026-05-11 20:19:43,695 - INFO - [1648/3780] gpu1  trial_0166_lr=1.0e-03_weight_decay=1.0e-05_kernel_sizes=10x7x5_conv_channels=256x256x256_fc_dims=256_seed1  completed  (7.7s)
2026-05-11 20:19:49,121 - INFO - [1649/3780] gpu0  trial_0163_lr=3.0e-04_weight_decay=1.0e-05_kernel_sizes=10x7x5_conv_channels=256x256x256_fc_dims=256_seed4  completed  (8.1s)
2026-05-11 20:19:51,555 - INFO - [1650/3780] gpu1  trial_0166_lr=1.0e-03_weight_decay=1.0e-05_kernel_sizes=10x7x5_conv_channels=256x256x256_fc_dims=256_seed3  completed  (7.9s)
2026-05-11 20:19:57,179 - INFO - [1651/3780] gpu0  trial_0163_lr=3.0e-04_weight_decay=1.0e-05_kernel_sizes=10x7x5_conv_channels=256x256x256_fc_dims=256_seed6  completed  (8.1s)
2026-05-11 20:19:59,325 - INFO - [1652/3780] gpu1  trial_0166_lr=1.0e-03_weight_decay=1.0e-05_kernel_sizes=10x7x5_conv_channels=256x256x256_fc_dims=256_seed5  completed  (7.8s)
2026-05-11 20:20:05,040 - INFO - [1653/3780] gpu0  trial_0163_lr=3.0e-04_weight_decay=1.0e-05_kernel_sizes=10x7x5_conv_channels=256x256x256_fc_dims=256_seed8  completed  (7.9s)
2026-05-11 20:20:07,106 - INFO - [1654/3780] gpu1  trial_0166_lr=1.0e-03_weight_decay=1.0e-05_kernel_sizes=10x7x5_conv_channels=256x256x256_fc_dims=256_seed7  completed  (7.8s)
2026-05-11 20:20:13,155 - INFO - [1655/3780] gpu0  trial_0164_lr=3.0e-04_weight_decay=1.0e-04_kernel_sizes=10x7x5_conv_channels=256x256x256_fc_dims=256_seed0  completed  (8.1s)
2026-05-11 20:20:14,986 - INFO - [1656/3780] gpu1  trial_0166_lr=1.0e-03_weight_decay=1.0e-05_kernel_sizes=10x7x5_conv_channels=256x256x256_fc_dims=256_seed9  completed  (7.9s)
2026-05-11 20:20:21,333 - INFO - [1657/3780] gpu0  trial_0164_lr=3.0e-04_weight_decay=1.0e-04_kernel_sizes=10x7x5_conv_channels=256x256x256_fc_dims=256_seed2  completed  (8.2s)
2026-05-11 20:20:22,720 - INFO - [1658/3780] gpu1  trial_0167_lr=1.0e-03_weight_decay=1.0e-04_kernel_sizes=10x7x5_conv_channels=256x256x256_fc_dims=256_seed1  completed  (7.7s)
2026-05-11 20:20:29,268 - INFO - [1659/3780] gpu0  trial_0164_lr=3.0e-04_weight_decay=1.0e-04_kernel_sizes=10x7x5_conv_channels=256x256x256_fc_dims=256_seed4  completed  (7.9s)
2026-05-11 20:20:30,514 - INFO - [1660/3780] gpu1  trial_0167_lr=1.0e-03_weight_decay=1.0e-04_kernel_sizes=10x7x5_conv_channels=256x256x256_fc_dims=256_seed3  completed  (7.8s)
2026-05-11 20:20:37,191 - INFO - [1661/3780] gpu0  trial_0164_lr=3.0e-04_weight_decay=1.0e-04_kernel_sizes=10x7x5_conv_channels=256x256x256_fc_dims=256_seed6  completed  (7.9s)
2026-05-11 20:20:38,114 - INFO - [1662/3780] gpu1  trial_0167_lr=1.0e-03_weight_decay=1.0e-04_kernel_sizes=10x7x5_conv_channels=256x256x256_fc_dims=256_seed5  completed  (7.6s)
2026-05-11 20:20:45,169 - INFO - [1663/3780] gpu0  trial_0164_lr=3.0e-04_weight_decay=1.0e-04_kernel_sizes=10x7x5_conv_channels=256x256x256_fc_dims=256_seed8  completed  (8.0s)
2026-05-11 20:20:45,895 - INFO - [1664/3780] gpu1  trial_0167_lr=1.0e-03_weight_decay=1.0e-04_kernel_sizes=10x7x5_conv_channels=256x256x256_fc_dims=256_seed7  completed  (7.8s)
2026-05-11 20:20:53,083 - INFO - [1665/3780] gpu0  trial_0165_lr=1.0e-03_weight_decay=0_kernel_sizes=10x7x5_conv_channels=256x256x256_fc_dims=256_seed0  completed  (7.9s)
2026-05-11 20:20:53,567 - INFO - [1666/3780] gpu1  trial_0167_lr=1.0e-03_weight_decay=1.0e-04_kernel_sizes=10x7x5_conv_channels=256x256x256_fc_dims=256_seed9  completed  (7.7s)
2026-05-11 20:21:01,130 - INFO - [1667/3780] gpu0  trial_0165_lr=1.0e-03_weight_decay=0_kernel_sizes=10x7x5_conv_channels=256x256x256_fc_dims=256_seed2  completed  (8.0s)
2026-05-11 20:21:01,313 - INFO - [1668/3780] gpu1  trial_0168_lr=3.0e-03_weight_decay=0_kernel_sizes=10x7x5_conv_channels=256x256x256_fc_dims=256_seed1  completed  (7.7s)
2026-05-11 20:21:09,118 - INFO - [1669/3780] gpu1  trial_0168_lr=3.0e-03_weight_decay=0_kernel_sizes=10x7x5_conv_channels=256x256x256_fc_dims=256_seed3  completed  (7.8s)
2026-05-11 20:21:09,142 - INFO - [1670/3780] gpu0  trial_0165_lr=1.0e-03_weight_decay=0_kernel_sizes=10x7x5_conv_channels=256x256x256_fc_dims=256_seed4  completed  (8.0s)
2026-05-11 20:21:17,022 - INFO - [1671/3780] gpu1  trial_0168_lr=3.0e-03_weight_decay=0_kernel_sizes=10x7x5_conv_channels=256x256x256_fc_dims=256_seed5  completed  (7.9s)
2026-05-11 20:21:17,153 - INFO - [1672/3780] gpu0  trial_0165_lr=1.0e-03_weight_decay=0_kernel_sizes=10x7x5_conv_channels=256x256x256_fc_dims=256_seed6  completed  (8.0s)
2026-05-11 20:21:24,767 - INFO - [1673/3780] gpu1  trial_0168_lr=3.0e-03_weight_decay=0_kernel_sizes=10x7x5_conv_channels=256x256x256_fc_dims=256_seed7  completed  (7.7s)
2026-05-11 20:21:25,127 - INFO - [1674/3780] gpu0  trial_0165_lr=1.0e-03_weight_decay=0_kernel_sizes=10x7x5_conv_channels=256x256x256_fc_dims=256_seed8  completed  (8.0s)
2026-05-11 20:21:32,535 - INFO - [1675/3780] gpu1  trial_0168_lr=3.0e-03_weight_decay=0_kernel_sizes=10x7x5_conv_channels=256x256x256_fc_dims=256_seed9  completed  (7.8s)
2026-05-11 20:21:33,279 - INFO - [1676/3780] gpu0  trial_0166_lr=1.0e-03_weight_decay=1.0e-05_kernel_sizes=10x7x5_conv_channels=256x256x256_fc_dims=256_seed0  completed  (8.1s)
2026-05-11 20:21:38,794 - INFO - [1677/3780] gpu1  trial_0169_lr=3.0e-03_weight_decay=1.0e-05_kernel_sizes=10x7x5_conv_channels=256x256x256_fc_dims=256_seed1  completed  (6.3s)
2026-05-11 20:21:41,311 - INFO - [1678/3780] gpu0  trial_0166_lr=1.0e-03_weight_decay=1.0e-05_kernel_sizes=10x7x5_conv_channels=256x256x256_fc_dims=256_seed2  completed  (8.0s)
2026-05-11 20:21:46,642 - INFO - [1679/3780] gpu1  trial_0169_lr=3.0e-03_weight_decay=1.0e-05_kernel_sizes=10x7x5_conv_channels=256x256x256_fc_dims=256_seed3  completed  (7.8s)
2026-05-11 20:21:49,305 - INFO - [1680/3780] gpu0  trial_0166_lr=1.0e-03_weight_decay=1.0e-05_kernel_sizes=10x7x5_conv_channels=256x256x256_fc_dims=256_seed4  completed  (8.0s)
2026-05-11 20:21:54,430 - INFO - [1681/3780] gpu1  trial_0169_lr=3.0e-03_weight_decay=1.0e-05_kernel_sizes=10x7x5_conv_channels=256x256x256_fc_dims=256_seed5  completed  (7.8s)
2026-05-11 20:21:57,267 - INFO - [1682/3780] gpu0  trial_0166_lr=1.0e-03_weight_decay=1.0e-05_kernel_sizes=10x7x5_conv_channels=256x256x256_fc_dims=256_seed6  completed  (8.0s)
2026-05-11 20:22:02,214 - INFO - [1683/3780] gpu1  trial_0169_lr=3.0e-03_weight_decay=1.0e-05_kernel_sizes=10x7x5_conv_channels=256x256x256_fc_dims=256_seed7  completed  (7.8s)
2026-05-11 20:22:05,405 - INFO - [1684/3780] gpu0  trial_0166_lr=1.0e-03_weight_decay=1.0e-05_kernel_sizes=10x7x5_conv_channels=256x256x256_fc_dims=256_seed8  completed  (8.1s)
2026-05-11 20:22:09,286 - INFO - [1685/3780] gpu1  trial_0169_lr=3.0e-03_weight_decay=1.0e-05_kernel_sizes=10x7x5_conv_channels=256x256x256_fc_dims=256_seed9  completed  (7.1s)
2026-05-11 20:22:13,441 - INFO - [1686/3780] gpu0  trial_0167_lr=1.0e-03_weight_decay=1.0e-04_kernel_sizes=10x7x5_conv_channels=256x256x256_fc_dims=256_seed0  completed  (8.0s)
2026-05-11 20:22:16,992 - INFO - [1687/3780] gpu1  trial_0170_lr=3.0e-03_weight_decay=1.0e-04_kernel_sizes=10x7x5_conv_channels=256x256x256_fc_dims=256_seed1  completed  (7.7s)
2026-05-11 20:22:21,259 - INFO - [1688/3780] gpu0  trial_0167_lr=1.0e-03_weight_decay=1.0e-04_kernel_sizes=10x7x5_conv_channels=256x256x256_fc_dims=256_seed2  completed  (7.8s)
2026-05-11 20:22:22,824 - INFO - [1689/3780] gpu1  trial_0170_lr=3.0e-03_weight_decay=1.0e-04_kernel_sizes=10x7x5_conv_channels=256x256x256_fc_dims=256_seed3  completed  (5.8s)
2026-05-11 20:22:29,114 - INFO - [1690/3780] gpu0  trial_0167_lr=1.0e-03_weight_decay=1.0e-04_kernel_sizes=10x7x5_conv_channels=256x256x256_fc_dims=256_seed4  completed  (7.9s)
2026-05-11 20:22:30,392 - INFO - [1691/3780] gpu1  trial_0170_lr=3.0e-03_weight_decay=1.0e-04_kernel_sizes=10x7x5_conv_channels=256x256x256_fc_dims=256_seed5  completed  (7.6s)
2026-05-11 20:22:33,435 - INFO - [1692/3780] gpu1  trial_0170_lr=3.0e-03_weight_decay=1.0e-04_kernel_sizes=10x7x5_conv_channels=256x256x256_fc_dims=256_seed7  completed  (3.0s)
2026-05-11 20:22:37,114 - INFO - [1693/3780] gpu0  trial_0167_lr=1.0e-03_weight_decay=1.0e-04_kernel_sizes=10x7x5_conv_channels=256x256x256_fc_dims=256_seed6  completed  (8.0s)
2026-05-11 20:22:39,954 - INFO - [1694/3780] gpu1  trial_0170_lr=3.0e-03_weight_decay=1.0e-04_kernel_sizes=10x7x5_conv_channels=256x256x256_fc_dims=256_seed9  completed  (6.5s)
2026-05-11 20:22:45,119 - INFO - [1695/3780] gpu0  trial_0167_lr=1.0e-03_weight_decay=1.0e-04_kernel_sizes=10x7x5_conv_channels=256x256x256_fc_dims=256_seed8  completed  (8.0s)
2026-05-11 20:22:48,014 - INFO - [1696/3780] gpu1  trial_0171_lr=3.0e-04_weight_decay=0_kernel_sizes=10x7x5_conv_channels=256x256x256_fc_dims=512_seed1  completed  (8.1s)
2026-05-11 20:22:53,056 - INFO - [1697/3780] gpu0  trial_0168_lr=3.0e-03_weight_decay=0_kernel_sizes=10x7x5_conv_channels=256x256x256_fc_dims=256_seed0  completed  (7.9s)
2026-05-11 20:22:56,033 - INFO - [1698/3780] gpu1  trial_0171_lr=3.0e-04_weight_decay=0_kernel_sizes=10x7x5_conv_channels=256x256x256_fc_dims=512_seed3  completed  (8.0s)
2026-05-11 20:23:01,010 - INFO - [1699/3780] gpu0  trial_0168_lr=3.0e-03_weight_decay=0_kernel_sizes=10x7x5_conv_channels=256x256x256_fc_dims=256_seed2  completed  (8.0s)
2026-05-11 20:23:03,949 - INFO - [1700/3780] gpu1  trial_0171_lr=3.0e-04_weight_decay=0_kernel_sizes=10x7x5_conv_channels=256x256x256_fc_dims=512_seed5  completed  (7.9s)
2026-05-11 20:23:09,109 - INFO - [1701/3780] gpu0  trial_0168_lr=3.0e-03_weight_decay=0_kernel_sizes=10x7x5_conv_channels=256x256x256_fc_dims=256_seed4  completed  (8.1s)
2026-05-11 20:23:12,057 - INFO - [1702/3780] gpu1  trial_0171_lr=3.0e-04_weight_decay=0_kernel_sizes=10x7x5_conv_channels=256x256x256_fc_dims=512_seed7  completed  (8.1s)
2026-05-11 20:23:17,203 - INFO - [1703/3780] gpu0  trial_0168_lr=3.0e-03_weight_decay=0_kernel_sizes=10x7x5_conv_channels=256x256x256_fc_dims=256_seed6  completed  (8.1s)
2026-05-11 20:23:20,153 - INFO - [1704/3780] gpu1  trial_0171_lr=3.0e-04_weight_decay=0_kernel_sizes=10x7x5_conv_channels=256x256x256_fc_dims=512_seed9  completed  (8.1s)
2026-05-11 20:23:25,204 - INFO - [1705/3780] gpu0  trial_0168_lr=3.0e-03_weight_decay=0_kernel_sizes=10x7x5_conv_channels=256x256x256_fc_dims=256_seed8  completed  (8.0s)
2026-05-11 20:23:28,181 - INFO - [1706/3780] gpu1  trial_0172_lr=3.0e-04_weight_decay=1.0e-05_kernel_sizes=10x7x5_conv_channels=256x256x256_fc_dims=512_seed1  completed  (8.0s)
2026-05-11 20:23:33,288 - INFO - [1707/3780] gpu0  trial_0169_lr=3.0e-03_weight_decay=1.0e-05_kernel_sizes=10x7x5_conv_channels=256x256x256_fc_dims=256_seed0  completed  (8.1s)
2026-05-11 20:23:36,347 - INFO - [1708/3780] gpu1  trial_0172_lr=3.0e-04_weight_decay=1.0e-05_kernel_sizes=10x7x5_conv_channels=256x256x256_fc_dims=512_seed3  completed  (8.2s)
2026-05-11 20:23:41,331 - INFO - [1709/3780] gpu0  trial_0169_lr=3.0e-03_weight_decay=1.0e-05_kernel_sizes=10x7x5_conv_channels=256x256x256_fc_dims=256_seed2  completed  (8.0s)
2026-05-11 20:23:44,480 - INFO - [1710/3780] gpu1  trial_0172_lr=3.0e-04_weight_decay=1.0e-05_kernel_sizes=10x7x5_conv_channels=256x256x256_fc_dims=512_seed5  completed  (8.1s)
2026-05-11 20:23:49,431 - INFO - [1711/3780] gpu0  trial_0169_lr=3.0e-03_weight_decay=1.0e-05_kernel_sizes=10x7x5_conv_channels=256x256x256_fc_dims=256_seed4  completed  (8.1s)
2026-05-11 20:23:52,478 - INFO - [1712/3780] gpu1  trial_0172_lr=3.0e-04_weight_decay=1.0e-05_kernel_sizes=10x7x5_conv_channels=256x256x256_fc_dims=512_seed7  completed  (8.0s)
2026-05-11 20:23:57,500 - INFO - [1713/3780] gpu0  trial_0169_lr=3.0e-03_weight_decay=1.0e-05_kernel_sizes=10x7x5_conv_channels=256x256x256_fc_dims=256_seed6  completed  (8.1s)
2026-05-11 20:24:00,501 - INFO - [1714/3780] gpu1  trial_0172_lr=3.0e-04_weight_decay=1.0e-05_kernel_sizes=10x7x5_conv_channels=256x256x256_fc_dims=512_seed9  completed  (8.0s)
2026-05-11 20:24:05,577 - INFO - [1715/3780] gpu0  trial_0169_lr=3.0e-03_weight_decay=1.0e-05_kernel_sizes=10x7x5_conv_channels=256x256x256_fc_dims=256_seed8  completed  (8.1s)
2026-05-11 20:24:08,673 - INFO - [1716/3780] gpu1  trial_0173_lr=3.0e-04_weight_decay=1.0e-04_kernel_sizes=10x7x5_conv_channels=256x256x256_fc_dims=512_seed1  completed  (8.2s)
2026-05-11 20:24:13,591 - INFO - [1717/3780] gpu0  trial_0170_lr=3.0e-03_weight_decay=1.0e-04_kernel_sizes=10x7x5_conv_channels=256x256x256_fc_dims=256_seed0  completed  (8.0s)
2026-05-11 20:24:16,762 - INFO - [1718/3780] gpu1  trial_0173_lr=3.0e-04_weight_decay=1.0e-04_kernel_sizes=10x7x5_conv_channels=256x256x256_fc_dims=512_seed3  completed  (8.1s)
2026-05-11 20:24:21,708 - INFO - [1719/3780] gpu0  trial_0170_lr=3.0e-03_weight_decay=1.0e-04_kernel_sizes=10x7x5_conv_channels=256x256x256_fc_dims=256_seed2  completed  (8.1s)
2026-05-11 20:24:24,899 - INFO - [1720/3780] gpu1  trial_0173_lr=3.0e-04_weight_decay=1.0e-04_kernel_sizes=10x7x5_conv_channels=256x256x256_fc_dims=512_seed5  completed  (8.1s)
2026-05-11 20:24:28,089 - INFO - [1721/3780] gpu0  trial_0170_lr=3.0e-03_weight_decay=1.0e-04_kernel_sizes=10x7x5_conv_channels=256x256x256_fc_dims=256_seed4  completed  (6.4s)
2026-05-11 20:24:33,090 - INFO - [1722/3780] gpu1  trial_0173_lr=3.0e-04_weight_decay=1.0e-04_kernel_sizes=10x7x5_conv_channels=256x256x256_fc_dims=512_seed7  completed  (8.2s)
2026-05-11 20:24:35,355 - INFO - [1723/3780] gpu0  trial_0170_lr=3.0e-03_weight_decay=1.0e-04_kernel_sizes=10x7x5_conv_channels=256x256x256_fc_dims=256_seed6  completed  (7.3s)
2026-05-11 20:24:38,843 - INFO - [1724/3780] gpu0  trial_0170_lr=3.0e-03_weight_decay=1.0e-04_kernel_sizes=10x7x5_conv_channels=256x256x256_fc_dims=256_seed8  completed  (3.5s)
2026-05-11 20:24:41,255 - INFO - [1725/3780] gpu1  trial_0173_lr=3.0e-04_weight_decay=1.0e-04_kernel_sizes=10x7x5_conv_channels=256x256x256_fc_dims=512_seed9  completed  (8.2s)
2026-05-11 20:24:47,260 - INFO - [1726/3780] gpu0  trial_0171_lr=3.0e-04_weight_decay=0_kernel_sizes=10x7x5_conv_channels=256x256x256_fc_dims=512_seed0  completed  (8.4s)
2026-05-11 20:24:49,287 - INFO - [1727/3780] gpu1  trial_0174_lr=1.0e-03_weight_decay=0_kernel_sizes=10x7x5_conv_channels=256x256x256_fc_dims=512_seed1  completed  (8.0s)
2026-05-11 20:24:55,655 - INFO - [1728/3780] gpu0  trial_0171_lr=3.0e-04_weight_decay=0_kernel_sizes=10x7x5_conv_channels=256x256x256_fc_dims=512_seed2  completed  (8.4s)
2026-05-11 20:24:57,501 - INFO - [1729/3780] gpu1  trial_0174_lr=1.0e-03_weight_decay=0_kernel_sizes=10x7x5_conv_channels=256x256x256_fc_dims=512_seed3  completed  (8.2s)
2026-05-11 20:25:04,147 - INFO - [1730/3780] gpu0  trial_0171_lr=3.0e-04_weight_decay=0_kernel_sizes=10x7x5_conv_channels=256x256x256_fc_dims=512_seed4  completed  (8.5s)
2026-05-11 20:25:05,754 - INFO - [1731/3780] gpu1  trial_0174_lr=1.0e-03_weight_decay=0_kernel_sizes=10x7x5_conv_channels=256x256x256_fc_dims=512_seed5  completed  (8.3s)
2026-05-11 20:25:12,301 - INFO - [1732/3780] gpu0  trial_0171_lr=3.0e-04_weight_decay=0_kernel_sizes=10x7x5_conv_channels=256x256x256_fc_dims=512_seed6  completed  (8.2s)
2026-05-11 20:25:13,967 - INFO - [1733/3780] gpu1  trial_0174_lr=1.0e-03_weight_decay=0_kernel_sizes=10x7x5_conv_channels=256x256x256_fc_dims=512_seed7  completed  (8.2s)
2026-05-11 20:25:20,490 - INFO - [1734/3780] gpu0  trial_0171_lr=3.0e-04_weight_decay=0_kernel_sizes=10x7x5_conv_channels=256x256x256_fc_dims=512_seed8  completed  (8.2s)
2026-05-11 20:25:22,173 - INFO - [1735/3780] gpu1  trial_0174_lr=1.0e-03_weight_decay=0_kernel_sizes=10x7x5_conv_channels=256x256x256_fc_dims=512_seed9  completed  (8.2s)
2026-05-11 20:25:28,737 - INFO - [1736/3780] gpu0  trial_0172_lr=3.0e-04_weight_decay=1.0e-05_kernel_sizes=10x7x5_conv_channels=256x256x256_fc_dims=512_seed0  completed  (8.2s)
2026-05-11 20:25:30,357 - INFO - [1737/3780] gpu1  trial_0175_lr=1.0e-03_weight_decay=1.0e-05_kernel_sizes=10x7x5_conv_channels=256x256x256_fc_dims=512_seed1  completed  (8.2s)
2026-05-11 20:25:36,967 - INFO - [1738/3780] gpu0  trial_0172_lr=3.0e-04_weight_decay=1.0e-05_kernel_sizes=10x7x5_conv_channels=256x256x256_fc_dims=512_seed2  completed  (8.2s)
2026-05-11 20:25:38,336 - INFO - [1739/3780] gpu1  trial_0175_lr=1.0e-03_weight_decay=1.0e-05_kernel_sizes=10x7x5_conv_channels=256x256x256_fc_dims=512_seed3  completed  (8.0s)
2026-05-11 20:25:45,357 - INFO - [1740/3780] gpu0  trial_0172_lr=3.0e-04_weight_decay=1.0e-05_kernel_sizes=10x7x5_conv_channels=256x256x256_fc_dims=512_seed4  completed  (8.4s)
2026-05-11 20:25:46,386 - INFO - [1741/3780] gpu1  trial_0175_lr=1.0e-03_weight_decay=1.0e-05_kernel_sizes=10x7x5_conv_channels=256x256x256_fc_dims=512_seed5  completed  (8.0s)
2026-05-11 20:25:53,585 - INFO - [1742/3780] gpu0  trial_0172_lr=3.0e-04_weight_decay=1.0e-05_kernel_sizes=10x7x5_conv_channels=256x256x256_fc_dims=512_seed6  completed  (8.2s)
2026-05-11 20:25:54,527 - INFO - [1743/3780] gpu1  trial_0175_lr=1.0e-03_weight_decay=1.0e-05_kernel_sizes=10x7x5_conv_channels=256x256x256_fc_dims=512_seed7  completed  (8.1s)
2026-05-11 20:26:01,859 - INFO - [1744/3780] gpu0  trial_0172_lr=3.0e-04_weight_decay=1.0e-05_kernel_sizes=10x7x5_conv_channels=256x256x256_fc_dims=512_seed8  completed  (8.3s)
2026-05-11 20:26:02,803 - INFO - [1745/3780] gpu1  trial_0175_lr=1.0e-03_weight_decay=1.0e-05_kernel_sizes=10x7x5_conv_channels=256x256x256_fc_dims=512_seed9  completed  (8.3s)
2026-05-11 20:26:06,588 - INFO - [1746/3780] gpu1  trial_0176_lr=1.0e-03_weight_decay=1.0e-04_kernel_sizes=10x7x5_conv_channels=256x256x256_fc_dims=512_seed1  completed  (3.8s)
2026-05-11 20:26:10,130 - INFO - [1747/3780] gpu0  trial_0173_lr=3.0e-04_weight_decay=1.0e-04_kernel_sizes=10x7x5_conv_channels=256x256x256_fc_dims=512_seed0  completed  (8.3s)
2026-05-11 20:26:14,808 - INFO - [1748/3780] gpu1  trial_0176_lr=1.0e-03_weight_decay=1.0e-04_kernel_sizes=10x7x5_conv_channels=256x256x256_fc_dims=512_seed3  completed  (8.2s)
2026-05-11 20:26:18,445 - INFO - [1749/3780] gpu0  trial_0173_lr=3.0e-04_weight_decay=1.0e-04_kernel_sizes=10x7x5_conv_channels=256x256x256_fc_dims=512_seed2  completed  (8.3s)
2026-05-11 20:26:22,861 - INFO - [1750/3780] gpu1  trial_0176_lr=1.0e-03_weight_decay=1.0e-04_kernel_sizes=10x7x5_conv_channels=256x256x256_fc_dims=512_seed5  completed  (8.1s)
2026-05-11 20:26:26,655 - INFO - [1751/3780] gpu0  trial_0173_lr=3.0e-04_weight_decay=1.0e-04_kernel_sizes=10x7x5_conv_channels=256x256x256_fc_dims=512_seed4  completed  (8.2s)
2026-05-11 20:26:31,018 - INFO - [1752/3780] gpu1  trial_0176_lr=1.0e-03_weight_decay=1.0e-04_kernel_sizes=10x7x5_conv_channels=256x256x256_fc_dims=512_seed7  completed  (8.2s)
2026-05-11 20:26:35,070 - INFO - [1753/3780] gpu0  trial_0173_lr=3.0e-04_weight_decay=1.0e-04_kernel_sizes=10x7x5_conv_channels=256x256x256_fc_dims=512_seed6  completed  (8.4s)
2026-05-11 20:26:39,113 - INFO - [1754/3780] gpu1  trial_0176_lr=1.0e-03_weight_decay=1.0e-04_kernel_sizes=10x7x5_conv_channels=256x256x256_fc_dims=512_seed9  completed  (8.1s)
2026-05-11 20:26:43,416 - INFO - [1755/3780] gpu0  trial_0173_lr=3.0e-04_weight_decay=1.0e-04_kernel_sizes=10x7x5_conv_channels=256x256x256_fc_dims=512_seed8  completed  (8.3s)
2026-05-11 20:26:47,260 - INFO - [1756/3780] gpu1  trial_0177_lr=3.0e-03_weight_decay=0_kernel_sizes=10x7x5_conv_channels=256x256x256_fc_dims=512_seed1  completed  (8.1s)
2026-05-11 20:26:51,702 - INFO - [1757/3780] gpu0  trial_0174_lr=1.0e-03_weight_decay=0_kernel_sizes=10x7x5_conv_channels=256x256x256_fc_dims=512_seed0  completed  (8.3s)
2026-05-11 20:26:55,483 - INFO - [1758/3780] gpu1  trial_0177_lr=3.0e-03_weight_decay=0_kernel_sizes=10x7x5_conv_channels=256x256x256_fc_dims=512_seed3  completed  (8.2s)
2026-05-11 20:26:59,938 - INFO - [1759/3780] gpu0  trial_0174_lr=1.0e-03_weight_decay=0_kernel_sizes=10x7x5_conv_channels=256x256x256_fc_dims=512_seed2  completed  (8.2s)
2026-05-11 20:27:03,842 - INFO - [1760/3780] gpu1  trial_0177_lr=3.0e-03_weight_decay=0_kernel_sizes=10x7x5_conv_channels=256x256x256_fc_dims=512_seed5  completed  (8.4s)
2026-05-11 20:27:08,236 - INFO - [1761/3780] gpu0  trial_0174_lr=1.0e-03_weight_decay=0_kernel_sizes=10x7x5_conv_channels=256x256x256_fc_dims=512_seed4  completed  (8.3s)
2026-05-11 20:27:11,916 - INFO - [1762/3780] gpu1  trial_0177_lr=3.0e-03_weight_decay=0_kernel_sizes=10x7x5_conv_channels=256x256x256_fc_dims=512_seed7  completed  (8.1s)
2026-05-11 20:27:16,589 - INFO - [1763/3780] gpu0  trial_0174_lr=1.0e-03_weight_decay=0_kernel_sizes=10x7x5_conv_channels=256x256x256_fc_dims=512_seed6  completed  (8.4s)
2026-05-11 20:27:20,235 - INFO - [1764/3780] gpu1  trial_0177_lr=3.0e-03_weight_decay=0_kernel_sizes=10x7x5_conv_channels=256x256x256_fc_dims=512_seed9  completed  (8.3s)
2026-05-11 20:27:24,877 - INFO - [1765/3780] gpu0  trial_0174_lr=1.0e-03_weight_decay=0_kernel_sizes=10x7x5_conv_channels=256x256x256_fc_dims=512_seed8  completed  (8.3s)
2026-05-11 20:27:28,491 - INFO - [1766/3780] gpu1  trial_0178_lr=3.0e-03_weight_decay=1.0e-05_kernel_sizes=10x7x5_conv_channels=256x256x256_fc_dims=512_seed1  completed  (8.3s)
2026-05-11 20:27:33,085 - INFO - [1767/3780] gpu0  trial_0175_lr=1.0e-03_weight_decay=1.0e-05_kernel_sizes=10x7x5_conv_channels=256x256x256_fc_dims=512_seed0  completed  (8.2s)
2026-05-11 20:27:36,544 - INFO - [1768/3780] gpu1  trial_0178_lr=3.0e-03_weight_decay=1.0e-05_kernel_sizes=10x7x5_conv_channels=256x256x256_fc_dims=512_seed3  completed  (8.1s)
2026-05-11 20:27:41,306 - INFO - [1769/3780] gpu0  trial_0175_lr=1.0e-03_weight_decay=1.0e-05_kernel_sizes=10x7x5_conv_channels=256x256x256_fc_dims=512_seed2  completed  (8.2s)
2026-05-11 20:27:44,507 - INFO - [1770/3780] gpu1  trial_0178_lr=3.0e-03_weight_decay=1.0e-05_kernel_sizes=10x7x5_conv_channels=256x256x256_fc_dims=512_seed5  completed  (8.0s)
2026-05-11 20:27:49,557 - INFO - [1771/3780] gpu0  trial_0175_lr=1.0e-03_weight_decay=1.0e-05_kernel_sizes=10x7x5_conv_channels=256x256x256_fc_dims=512_seed4  completed  (8.2s)
2026-05-11 20:27:52,842 - INFO - [1772/3780] gpu1  trial_0178_lr=3.0e-03_weight_decay=1.0e-05_kernel_sizes=10x7x5_conv_channels=256x256x256_fc_dims=512_seed7  completed  (8.3s)
2026-05-11 20:27:57,823 - INFO - [1773/3780] gpu0  trial_0175_lr=1.0e-03_weight_decay=1.0e-05_kernel_sizes=10x7x5_conv_channels=256x256x256_fc_dims=512_seed6  completed  (8.3s)
2026-05-11 20:28:00,989 - INFO - [1774/3780] gpu1  trial_0178_lr=3.0e-03_weight_decay=1.0e-05_kernel_sizes=10x7x5_conv_channels=256x256x256_fc_dims=512_seed9  completed  (8.1s)
2026-05-11 20:28:05,962 - INFO - [1775/3780] gpu0  trial_0175_lr=1.0e-03_weight_decay=1.0e-05_kernel_sizes=10x7x5_conv_channels=256x256x256_fc_dims=512_seed8  completed  (8.1s)
2026-05-11 20:28:09,270 - INFO - [1776/3780] gpu1  trial_0179_lr=3.0e-03_weight_decay=1.0e-04_kernel_sizes=10x7x5_conv_channels=256x256x256_fc_dims=512_seed1  completed  (8.3s)
2026-05-11 20:28:14,204 - INFO - [1777/3780] gpu0  trial_0176_lr=1.0e-03_weight_decay=1.0e-04_kernel_sizes=10x7x5_conv_channels=256x256x256_fc_dims=512_seed0  completed  (8.2s)
2026-05-11 20:28:17,342 - INFO - [1778/3780] gpu1  trial_0179_lr=3.0e-03_weight_decay=1.0e-04_kernel_sizes=10x7x5_conv_channels=256x256x256_fc_dims=512_seed3  completed  (8.1s)
2026-05-11 20:28:20,808 - INFO - [1779/3780] gpu1  trial_0179_lr=3.0e-03_weight_decay=1.0e-04_kernel_sizes=10x7x5_conv_channels=256x256x256_fc_dims=512_seed5  completed  (3.5s)
2026-05-11 20:28:22,455 - INFO - [1780/3780] gpu0  trial_0176_lr=1.0e-03_weight_decay=1.0e-04_kernel_sizes=10x7x5_conv_channels=256x256x256_fc_dims=512_seed2  completed  (8.2s)
2026-05-11 20:28:24,282 - INFO - [1781/3780] gpu1  trial_0179_lr=3.0e-03_weight_decay=1.0e-04_kernel_sizes=10x7x5_conv_channels=256x256x256_fc_dims=512_seed7  completed  (3.5s)
2026-05-11 20:28:30,681 - INFO - [1782/3780] gpu0  trial_0176_lr=1.0e-03_weight_decay=1.0e-04_kernel_sizes=10x7x5_conv_channels=256x256x256_fc_dims=512_seed4  completed  (8.2s)
2026-05-11 20:28:32,401 - INFO - [1783/3780] gpu1  trial_0179_lr=3.0e-03_weight_decay=1.0e-04_kernel_sizes=10x7x5_conv_channels=256x256x256_fc_dims=512_seed9  completed  (8.1s)
2026-05-11 20:28:36,898 - INFO - [1784/3780] gpu1  trial_0180_lr=3.0e-04_weight_decay=0_kernel_sizes=10x7x5_conv_channels=256x256x256_fc_dims=512x256_seed1  completed  (4.5s)
2026-05-11 20:28:38,747 - INFO - [1785/3780] gpu0  trial_0176_lr=1.0e-03_weight_decay=1.0e-04_kernel_sizes=10x7x5_conv_channels=256x256x256_fc_dims=512_seed6  completed  (8.1s)
2026-05-11 20:28:45,348 - INFO - [1786/3780] gpu1  trial_0180_lr=3.0e-04_weight_decay=0_kernel_sizes=10x7x5_conv_channels=256x256x256_fc_dims=512x256_seed3  completed  (8.4s)
2026-05-11 20:28:47,042 - INFO - [1787/3780] gpu0  trial_0176_lr=1.0e-03_weight_decay=1.0e-04_kernel_sizes=10x7x5_conv_channels=256x256x256_fc_dims=512_seed8  completed  (8.3s)
2026-05-11 20:28:49,144 - INFO - [1788/3780] gpu1  trial_0180_lr=3.0e-04_weight_decay=0_kernel_sizes=10x7x5_conv_channels=256x256x256_fc_dims=512x256_seed5  completed  (3.8s)
2026-05-11 20:28:55,247 - INFO - [1789/3780] gpu0  trial_0177_lr=3.0e-03_weight_decay=0_kernel_sizes=10x7x5_conv_channels=256x256x256_fc_dims=512_seed0  completed  (8.2s)
2026-05-11 20:28:57,546 - INFO - [1790/3780] gpu1  trial_0180_lr=3.0e-04_weight_decay=0_kernel_sizes=10x7x5_conv_channels=256x256x256_fc_dims=512x256_seed7  completed  (8.4s)
2026-05-11 20:29:03,436 - INFO - [1791/3780] gpu0  trial_0177_lr=3.0e-03_weight_decay=0_kernel_sizes=10x7x5_conv_channels=256x256x256_fc_dims=512_seed2  completed  (8.2s)
2026-05-11 20:29:05,952 - INFO - [1792/3780] gpu1  trial_0180_lr=3.0e-04_weight_decay=0_kernel_sizes=10x7x5_conv_channels=256x256x256_fc_dims=512x256_seed9  completed  (8.4s)
2026-05-11 20:29:10,435 - INFO - [1793/3780] gpu1  trial_0181_lr=3.0e-04_weight_decay=1.0e-05_kernel_sizes=10x7x5_conv_channels=256x256x256_fc_dims=512x256_seed1  completed  (4.5s)
2026-05-11 20:29:11,604 - INFO - [1794/3780] gpu0  trial_0177_lr=3.0e-03_weight_decay=0_kernel_sizes=10x7x5_conv_channels=256x256x256_fc_dims=512_seed4  completed  (8.2s)
2026-05-11 20:29:18,842 - INFO - [1795/3780] gpu1  trial_0181_lr=3.0e-04_weight_decay=1.0e-05_kernel_sizes=10x7x5_conv_channels=256x256x256_fc_dims=512x256_seed3  completed  (8.4s)
2026-05-11 20:29:19,697 - INFO - [1796/3780] gpu0  trial_0177_lr=3.0e-03_weight_decay=0_kernel_sizes=10x7x5_conv_channels=256x256x256_fc_dims=512_seed6  completed  (8.1s)
2026-05-11 20:29:22,635 - INFO - [1797/3780] gpu1  trial_0181_lr=3.0e-04_weight_decay=1.0e-05_kernel_sizes=10x7x5_conv_channels=256x256x256_fc_dims=512x256_seed5  completed  (3.8s)
2026-05-11 20:29:27,973 - INFO - [1798/3780] gpu0  trial_0177_lr=3.0e-03_weight_decay=0_kernel_sizes=10x7x5_conv_channels=256x256x256_fc_dims=512_seed8  completed  (8.3s)
2026-05-11 20:29:30,931 - INFO - [1799/3780] gpu1  trial_0181_lr=3.0e-04_weight_decay=1.0e-05_kernel_sizes=10x7x5_conv_channels=256x256x256_fc_dims=512x256_seed7  completed  (8.3s)
2026-05-11 20:29:36,204 - INFO - [1800/3780] gpu0  trial_0178_lr=3.0e-03_weight_decay=1.0e-05_kernel_sizes=10x7x5_conv_channels=256x256x256_fc_dims=512_seed0  completed  (8.2s)
2026-05-11 20:29:39,308 - INFO - [1801/3780] gpu1  trial_0181_lr=3.0e-04_weight_decay=1.0e-05_kernel_sizes=10x7x5_conv_channels=256x256x256_fc_dims=512x256_seed9  completed  (8.4s)
2026-05-11 20:29:44,274 - INFO - [1802/3780] gpu0  trial_0178_lr=3.0e-03_weight_decay=1.0e-05_kernel_sizes=10x7x5_conv_channels=256x256x256_fc_dims=512_seed2  completed  (8.1s)
2026-05-11 20:29:47,772 - INFO - [1803/3780] gpu1  trial_0182_lr=3.0e-04_weight_decay=1.0e-04_kernel_sizes=10x7x5_conv_channels=256x256x256_fc_dims=512x256_seed1  completed  (8.5s)
2026-05-11 20:29:52,530 - INFO - [1804/3780] gpu0  trial_0178_lr=3.0e-03_weight_decay=1.0e-05_kernel_sizes=10x7x5_conv_channels=256x256x256_fc_dims=512_seed4  completed  (8.3s)
2026-05-11 20:29:56,248 - INFO - [1805/3780] gpu1  trial_0182_lr=3.0e-04_weight_decay=1.0e-04_kernel_sizes=10x7x5_conv_channels=256x256x256_fc_dims=512x256_seed3  completed  (8.5s)
2026-05-11 20:30:00,069 - INFO - [1806/3780] gpu1  trial_0182_lr=3.0e-04_weight_decay=1.0e-04_kernel_sizes=10x7x5_conv_channels=256x256x256_fc_dims=512x256_seed5  completed  (3.8s)
2026-05-11 20:30:00,651 - INFO - [1807/3780] gpu0  trial_0178_lr=3.0e-03_weight_decay=1.0e-05_kernel_sizes=10x7x5_conv_channels=256x256x256_fc_dims=512_seed6  completed  (8.1s)
2026-05-11 20:30:08,480 - INFO - [1808/3780] gpu1  trial_0182_lr=3.0e-04_weight_decay=1.0e-04_kernel_sizes=10x7x5_conv_channels=256x256x256_fc_dims=512x256_seed7  completed  (8.4s)
2026-05-11 20:30:08,688 - INFO - [1809/3780] gpu0  trial_0178_lr=3.0e-03_weight_decay=1.0e-05_kernel_sizes=10x7x5_conv_channels=256x256x256_fc_dims=512_seed8  completed  (8.0s)
2026-05-11 20:30:11,892 - INFO - [1810/3780] gpu0  trial_0179_lr=3.0e-03_weight_decay=1.0e-04_kernel_sizes=10x7x5_conv_channels=256x256x256_fc_dims=512_seed0  completed  (3.2s)
2026-05-11 20:30:16,832 - INFO - [1811/3780] gpu1  trial_0182_lr=3.0e-04_weight_decay=1.0e-04_kernel_sizes=10x7x5_conv_channels=256x256x256_fc_dims=512x256_seed9  completed  (8.3s)
2026-05-11 20:30:19,956 - INFO - [1812/3780] gpu0  trial_0179_lr=3.0e-03_weight_decay=1.0e-04_kernel_sizes=10x7x5_conv_channels=256x256x256_fc_dims=512_seed2  completed  (8.1s)
2026-05-11 20:30:25,230 - INFO - [1813/3780] gpu1  trial_0183_lr=1.0e-03_weight_decay=0_kernel_sizes=10x7x5_conv_channels=256x256x256_fc_dims=512x256_seed1  completed  (8.4s)
2026-05-11 20:30:28,107 - INFO - [1814/3780] gpu0  trial_0179_lr=3.0e-03_weight_decay=1.0e-04_kernel_sizes=10x7x5_conv_channels=256x256x256_fc_dims=512_seed4  completed  (8.1s)
2026-05-11 20:30:31,976 - INFO - [1815/3780] gpu0  trial_0179_lr=3.0e-03_weight_decay=1.0e-04_kernel_sizes=10x7x5_conv_channels=256x256x256_fc_dims=512_seed6  completed  (3.9s)
2026-05-11 20:30:33,486 - INFO - [1816/3780] gpu1  trial_0183_lr=1.0e-03_weight_decay=0_kernel_sizes=10x7x5_conv_channels=256x256x256_fc_dims=512x256_seed3  completed  (8.3s)
2026-05-11 20:30:40,174 - INFO - [1817/3780] gpu0  trial_0179_lr=3.0e-03_weight_decay=1.0e-04_kernel_sizes=10x7x5_conv_channels=256x256x256_fc_dims=512_seed8  completed  (8.2s)
2026-05-11 20:30:41,673 - INFO - [1818/3780] gpu1  trial_0183_lr=1.0e-03_weight_decay=0_kernel_sizes=10x7x5_conv_channels=256x256x256_fc_dims=512x256_seed5  completed  (8.2s)
2026-05-11 20:30:48,782 - INFO - [1819/3780] gpu0  trial_0180_lr=3.0e-04_weight_decay=0_kernel_sizes=10x7x5_conv_channels=256x256x256_fc_dims=512x256_seed0  completed  (8.6s)
2026-05-11 20:30:50,033 - INFO - [1820/3780] gpu1  trial_0183_lr=1.0e-03_weight_decay=0_kernel_sizes=10x7x5_conv_channels=256x256x256_fc_dims=512x256_seed7  completed  (8.4s)
2026-05-11 20:30:57,144 - INFO - [1821/3780] gpu0  trial_0180_lr=3.0e-04_weight_decay=0_kernel_sizes=10x7x5_conv_channels=256x256x256_fc_dims=512x256_seed2  completed  (8.4s)
2026-05-11 20:30:58,370 - INFO - [1822/3780] gpu1  trial_0183_lr=1.0e-03_weight_decay=0_kernel_sizes=10x7x5_conv_channels=256x256x256_fc_dims=512x256_seed9  completed  (8.3s)
2026-05-11 20:31:05,695 - INFO - [1823/3780] gpu0  trial_0180_lr=3.0e-04_weight_decay=0_kernel_sizes=10x7x5_conv_channels=256x256x256_fc_dims=512x256_seed4  completed  (8.5s)
2026-05-11 20:31:06,832 - INFO - [1824/3780] gpu1  trial_0184_lr=1.0e-03_weight_decay=1.0e-05_kernel_sizes=10x7x5_conv_channels=256x256x256_fc_dims=512x256_seed1  completed  (8.5s)
2026-05-11 20:31:08,964 - INFO - [1825/3780] gpu0  trial_0180_lr=3.0e-04_weight_decay=0_kernel_sizes=10x7x5_conv_channels=256x256x256_fc_dims=512x256_seed6  completed  (3.3s)
2026-05-11 20:31:15,121 - INFO - [1826/3780] gpu1  trial_0184_lr=1.0e-03_weight_decay=1.0e-05_kernel_sizes=10x7x5_conv_channels=256x256x256_fc_dims=512x256_seed3  completed  (8.3s)
2026-05-11 20:31:17,364 - INFO - [1827/3780] gpu0  trial_0180_lr=3.0e-04_weight_decay=0_kernel_sizes=10x7x5_conv_channels=256x256x256_fc_dims=512x256_seed8  completed  (8.4s)
2026-05-11 20:31:23,515 - INFO - [1828/3780] gpu1  trial_0184_lr=1.0e-03_weight_decay=1.0e-05_kernel_sizes=10x7x5_conv_channels=256x256x256_fc_dims=512x256_seed5  completed  (8.4s)
2026-05-11 20:31:25,823 - INFO - [1829/3780] gpu0  trial_0181_lr=3.0e-04_weight_decay=1.0e-05_kernel_sizes=10x7x5_conv_channels=256x256x256_fc_dims=512x256_seed0  completed  (8.5s)
2026-05-11 20:31:31,753 - INFO - [1830/3780] gpu1  trial_0184_lr=1.0e-03_weight_decay=1.0e-05_kernel_sizes=10x7x5_conv_channels=256x256x256_fc_dims=512x256_seed7  completed  (8.2s)
2026-05-11 20:31:34,239 - INFO - [1831/3780] gpu0  trial_0181_lr=3.0e-04_weight_decay=1.0e-05_kernel_sizes=10x7x5_conv_channels=256x256x256_fc_dims=512x256_seed2  completed  (8.4s)
2026-05-11 20:31:40,183 - INFO - [1832/3780] gpu1  trial_0184_lr=1.0e-03_weight_decay=1.0e-05_kernel_sizes=10x7x5_conv_channels=256x256x256_fc_dims=512x256_seed9  completed  (8.4s)
2026-05-11 20:31:42,632 - INFO - [1833/3780] gpu0  trial_0181_lr=3.0e-04_weight_decay=1.0e-05_kernel_sizes=10x7x5_conv_channels=256x256x256_fc_dims=512x256_seed4  completed  (8.4s)
2026-05-11 20:31:44,353 - INFO - [1834/3780] gpu1  trial_0185_lr=1.0e-03_weight_decay=1.0e-04_kernel_sizes=10x7x5_conv_channels=256x256x256_fc_dims=512x256_seed1  completed  (4.2s)
2026-05-11 20:31:45,928 - INFO - [1835/3780] gpu0  trial_0181_lr=3.0e-04_weight_decay=1.0e-05_kernel_sizes=10x7x5_conv_channels=256x256x256_fc_dims=512x256_seed6  completed  (3.3s)
2026-05-11 20:31:52,697 - INFO - [1836/3780] gpu1  trial_0185_lr=1.0e-03_weight_decay=1.0e-04_kernel_sizes=10x7x5_conv_channels=256x256x256_fc_dims=512x256_seed3  completed  (8.3s)
2026-05-11 20:31:54,331 - INFO - [1837/3780] gpu0  trial_0181_lr=3.0e-04_weight_decay=1.0e-05_kernel_sizes=10x7x5_conv_channels=256x256x256_fc_dims=512x256_seed8  completed  (8.4s)
2026-05-11 20:32:00,985 - INFO - [1838/3780] gpu1  trial_0185_lr=1.0e-03_weight_decay=1.0e-04_kernel_sizes=10x7x5_conv_channels=256x256x256_fc_dims=512x256_seed5  completed  (8.3s)
2026-05-11 20:32:02,839 - INFO - [1839/3780] gpu0  trial_0182_lr=3.0e-04_weight_decay=1.0e-04_kernel_sizes=10x7x5_conv_channels=256x256x256_fc_dims=512x256_seed0  completed  (8.5s)
2026-05-11 20:32:04,710 - INFO - [1840/3780] gpu1  trial_0185_lr=1.0e-03_weight_decay=1.0e-04_kernel_sizes=10x7x5_conv_channels=256x256x256_fc_dims=512x256_seed7  completed  (3.7s)
2026-05-11 20:32:06,950 - INFO - [1841/3780] gpu0  trial_0182_lr=3.0e-04_weight_decay=1.0e-04_kernel_sizes=10x7x5_conv_channels=256x256x256_fc_dims=512x256_seed2  completed  (4.1s)
2026-05-11 20:32:13,124 - INFO - [1842/3780] gpu1  trial_0185_lr=1.0e-03_weight_decay=1.0e-04_kernel_sizes=10x7x5_conv_channels=256x256x256_fc_dims=512x256_seed9  completed  (8.4s)
2026-05-11 20:32:15,295 - INFO - [1843/3780] gpu0  trial_0182_lr=3.0e-04_weight_decay=1.0e-04_kernel_sizes=10x7x5_conv_channels=256x256x256_fc_dims=512x256_seed4  completed  (8.3s)
2026-05-11 20:32:18,633 - INFO - [1844/3780] gpu0  trial_0182_lr=3.0e-04_weight_decay=1.0e-04_kernel_sizes=10x7x5_conv_channels=256x256x256_fc_dims=512x256_seed6  completed  (3.3s)
2026-05-11 20:32:21,508 - INFO - [1845/3780] gpu1  trial_0186_lr=3.0e-03_weight_decay=0_kernel_sizes=10x7x5_conv_channels=256x256x256_fc_dims=512x256_seed1  completed  (8.4s)
2026-05-11 20:32:26,991 - INFO - [1846/3780] gpu0  trial_0182_lr=3.0e-04_weight_decay=1.0e-04_kernel_sizes=10x7x5_conv_channels=256x256x256_fc_dims=512x256_seed8  completed  (8.4s)
2026-05-11 20:32:30,089 - INFO - [1847/3780] gpu1  trial_0186_lr=3.0e-03_weight_decay=0_kernel_sizes=10x7x5_conv_channels=256x256x256_fc_dims=512x256_seed3  completed  (8.6s)
2026-05-11 20:32:35,377 - INFO - [1848/3780] gpu0  trial_0183_lr=1.0e-03_weight_decay=0_kernel_sizes=10x7x5_conv_channels=256x256x256_fc_dims=512x256_seed0  completed  (8.4s)
2026-05-11 20:32:38,497 - INFO - [1849/3780] gpu1  trial_0186_lr=3.0e-03_weight_decay=0_kernel_sizes=10x7x5_conv_channels=256x256x256_fc_dims=512x256_seed5  completed  (8.4s)
2026-05-11 20:32:43,811 - INFO - [1850/3780] gpu0  trial_0183_lr=1.0e-03_weight_decay=0_kernel_sizes=10x7x5_conv_channels=256x256x256_fc_dims=512x256_seed2  completed  (8.4s)
2026-05-11 20:32:46,929 - INFO - [1851/3780] gpu1  trial_0186_lr=3.0e-03_weight_decay=0_kernel_sizes=10x7x5_conv_channels=256x256x256_fc_dims=512x256_seed7  completed  (8.4s)
2026-05-11 20:32:52,185 - INFO - [1852/3780] gpu1  trial_0186_lr=3.0e-03_weight_decay=0_kernel_sizes=10x7x5_conv_channels=256x256x256_fc_dims=512x256_seed9  completed  (5.3s)
2026-05-11 20:32:52,376 - INFO - [1853/3780] gpu0  trial_0183_lr=1.0e-03_weight_decay=0_kernel_sizes=10x7x5_conv_channels=256x256x256_fc_dims=512x256_seed4  completed  (8.6s)
2026-05-11 20:33:00,767 - INFO - [1854/3780] gpu1  trial_0187_lr=3.0e-03_weight_decay=1.0e-05_kernel_sizes=10x7x5_conv_channels=256x256x256_fc_dims=512x256_seed1  completed  (8.6s)
2026-05-11 20:33:00,807 - INFO - [1855/3780] gpu0  trial_0183_lr=1.0e-03_weight_decay=0_kernel_sizes=10x7x5_conv_channels=256x256x256_fc_dims=512x256_seed6  completed  (8.4s)
2026-05-11 20:33:09,157 - INFO - [1856/3780] gpu0  trial_0183_lr=1.0e-03_weight_decay=0_kernel_sizes=10x7x5_conv_channels=256x256x256_fc_dims=512x256_seed8  completed  (8.3s)
2026-05-11 20:33:09,243 - INFO - [1857/3780] gpu1  trial_0187_lr=3.0e-03_weight_decay=1.0e-05_kernel_sizes=10x7x5_conv_channels=256x256x256_fc_dims=512x256_seed3  completed  (8.5s)
2026-05-11 20:33:17,568 - INFO - [1858/3780] gpu0  trial_0184_lr=1.0e-03_weight_decay=1.0e-05_kernel_sizes=10x7x5_conv_channels=256x256x256_fc_dims=512x256_seed0  completed  (8.4s)
2026-05-11 20:33:17,608 - INFO - [1859/3780] gpu1  trial_0187_lr=3.0e-03_weight_decay=1.0e-05_kernel_sizes=10x7x5_conv_channels=256x256x256_fc_dims=512x256_seed5  completed  (8.4s)
2026-05-11 20:33:25,829 - INFO - [1860/3780] gpu1  trial_0187_lr=3.0e-03_weight_decay=1.0e-05_kernel_sizes=10x7x5_conv_channels=256x256x256_fc_dims=512x256_seed7  completed  (8.2s)
2026-05-11 20:33:25,993 - INFO - [1861/3780] gpu0  trial_0184_lr=1.0e-03_weight_decay=1.0e-05_kernel_sizes=10x7x5_conv_channels=256x256x256_fc_dims=512x256_seed2  completed  (8.4s)
2026-05-11 20:33:34,299 - INFO - [1862/3780] gpu0  trial_0184_lr=1.0e-03_weight_decay=1.0e-05_kernel_sizes=10x7x5_conv_channels=256x256x256_fc_dims=512x256_seed4  completed  (8.3s)
2026-05-11 20:33:34,304 - INFO - [1863/3780] gpu1  trial_0187_lr=3.0e-03_weight_decay=1.0e-05_kernel_sizes=10x7x5_conv_channels=256x256x256_fc_dims=512x256_seed9  completed  (8.5s)
2026-05-11 20:33:37,523 - INFO - [1864/3780] gpu1  trial_0188_lr=3.0e-03_weight_decay=1.0e-04_kernel_sizes=10x7x5_conv_channels=256x256x256_fc_dims=512x256_seed1  completed  (3.2s)
2026-05-11 20:33:42,763 - INFO - [1865/3780] gpu0  trial_0184_lr=1.0e-03_weight_decay=1.0e-05_kernel_sizes=10x7x5_conv_channels=256x256x256_fc_dims=512x256_seed6  completed  (8.5s)
2026-05-11 20:33:45,726 - INFO - [1866/3780] gpu1  trial_0188_lr=3.0e-03_weight_decay=1.0e-04_kernel_sizes=10x7x5_conv_channels=256x256x256_fc_dims=512x256_seed3  completed  (8.2s)
2026-05-11 20:33:51,102 - INFO - [1867/3780] gpu0  trial_0184_lr=1.0e-03_weight_decay=1.0e-05_kernel_sizes=10x7x5_conv_channels=256x256x256_fc_dims=512x256_seed8  completed  (8.3s)
2026-05-11 20:33:53,253 - INFO - [1868/3780] gpu1  trial_0188_lr=3.0e-03_weight_decay=1.0e-04_kernel_sizes=10x7x5_conv_channels=256x256x256_fc_dims=512x256_seed5  completed  (7.5s)
2026-05-11 20:33:59,624 - INFO - [1869/3780] gpu0  trial_0185_lr=1.0e-03_weight_decay=1.0e-04_kernel_sizes=10x7x5_conv_channels=256x256x256_fc_dims=512x256_seed0  completed  (8.5s)
2026-05-11 20:34:01,619 - INFO - [1870/3780] gpu1  trial_0188_lr=3.0e-03_weight_decay=1.0e-04_kernel_sizes=10x7x5_conv_channels=256x256x256_fc_dims=512x256_seed7  completed  (8.4s)
2026-05-11 20:34:08,021 - INFO - [1871/3780] gpu0  trial_0185_lr=1.0e-03_weight_decay=1.0e-04_kernel_sizes=10x7x5_conv_channels=256x256x256_fc_dims=512x256_seed2  completed  (8.4s)
2026-05-11 20:34:09,995 - INFO - [1872/3780] gpu1  trial_0188_lr=3.0e-03_weight_decay=1.0e-04_kernel_sizes=10x7x5_conv_channels=256x256x256_fc_dims=512x256_seed9  completed  (8.4s)
2026-05-11 20:34:11,862 - INFO - [1873/3780] gpu0  trial_0185_lr=1.0e-03_weight_decay=1.0e-04_kernel_sizes=10x7x5_conv_channels=256x256x256_fc_dims=512x256_seed4  completed  (3.8s)
2026-05-11 20:34:17,831 - INFO - [1874/3780] gpu1  trial_0189_lr=3.0e-04_weight_decay=0_kernel_sizes=10x7x3_conv_channels=256x256x256_fc_dims=256_seed1  completed  (7.8s)
2026-05-11 20:34:20,110 - INFO - [1875/3780] gpu0  trial_0185_lr=1.0e-03_weight_decay=1.0e-04_kernel_sizes=10x7x5_conv_channels=256x256x256_fc_dims=512x256_seed6  completed  (8.2s)
2026-05-11 20:34:23,472 - INFO - [1876/3780] gpu0  trial_0185_lr=1.0e-03_weight_decay=1.0e-04_kernel_sizes=10x7x5_conv_channels=256x256x256_fc_dims=512x256_seed8  completed  (3.4s)
2026-05-11 20:34:25,694 - INFO - [1877/3780] gpu1  trial_0189_lr=3.0e-04_weight_decay=0_kernel_sizes=10x7x3_conv_channels=256x256x256_fc_dims=256_seed3  completed  (7.9s)
2026-05-11 20:34:31,948 - INFO - [1878/3780] gpu0  trial_0186_lr=3.0e-03_weight_decay=0_kernel_sizes=10x7x5_conv_channels=256x256x256_fc_dims=512x256_seed0  completed  (8.5s)
2026-05-11 20:34:33,541 - INFO - [1879/3780] gpu1  trial_0189_lr=3.0e-04_weight_decay=0_kernel_sizes=10x7x3_conv_channels=256x256x256_fc_dims=256_seed5  completed  (7.8s)
2026-05-11 20:34:37,922 - INFO - [1880/3780] gpu0  trial_0186_lr=3.0e-03_weight_decay=0_kernel_sizes=10x7x5_conv_channels=256x256x256_fc_dims=512x256_seed2  completed  (6.0s)
2026-05-11 20:34:41,390 - INFO - [1881/3780] gpu1  trial_0189_lr=3.0e-04_weight_decay=0_kernel_sizes=10x7x3_conv_channels=256x256x256_fc_dims=256_seed7  completed  (7.8s)
2026-05-11 20:34:46,201 - INFO - [1882/3780] gpu0  trial_0186_lr=3.0e-03_weight_decay=0_kernel_sizes=10x7x5_conv_channels=256x256x256_fc_dims=512x256_seed4  completed  (8.3s)
2026-05-11 20:34:49,100 - INFO - [1883/3780] gpu1  trial_0189_lr=3.0e-04_weight_decay=0_kernel_sizes=10x7x3_conv_channels=256x256x256_fc_dims=256_seed9  completed  (7.7s)
2026-05-11 20:34:54,968 - INFO - [1884/3780] gpu0  trial_0186_lr=3.0e-03_weight_decay=0_kernel_sizes=10x7x5_conv_channels=256x256x256_fc_dims=512x256_seed6  completed  (8.8s)
2026-05-11 20:34:56,939 - INFO - [1885/3780] gpu1  trial_0190_lr=3.0e-04_weight_decay=1.0e-05_kernel_sizes=10x7x3_conv_channels=256x256x256_fc_dims=256_seed1  completed  (7.8s)
2026-05-11 20:35:03,487 - INFO - [1886/3780] gpu0  trial_0186_lr=3.0e-03_weight_decay=0_kernel_sizes=10x7x5_conv_channels=256x256x256_fc_dims=512x256_seed8  completed  (8.5s)
2026-05-11 20:35:04,708 - INFO - [1887/3780] gpu1  trial_0190_lr=3.0e-04_weight_decay=1.0e-05_kernel_sizes=10x7x3_conv_channels=256x256x256_fc_dims=256_seed3  completed  (7.8s)
2026-05-11 20:35:11,968 - INFO - [1888/3780] gpu0  trial_0187_lr=3.0e-03_weight_decay=1.0e-05_kernel_sizes=10x7x5_conv_channels=256x256x256_fc_dims=512x256_seed0  completed  (8.5s)
2026-05-11 20:35:12,420 - INFO - [1889/3780] gpu1  trial_0190_lr=3.0e-04_weight_decay=1.0e-05_kernel_sizes=10x7x3_conv_channels=256x256x256_fc_dims=256_seed5  completed  (7.7s)
2026-05-11 20:35:20,264 - INFO - [1890/3780] gpu1  trial_0190_lr=3.0e-04_weight_decay=1.0e-05_kernel_sizes=10x7x3_conv_channels=256x256x256_fc_dims=256_seed7  completed  (7.8s)
2026-05-11 20:35:20,442 - INFO - [1891/3780] gpu0  trial_0187_lr=3.0e-03_weight_decay=1.0e-05_kernel_sizes=10x7x5_conv_channels=256x256x256_fc_dims=512x256_seed2  completed  (8.5s)
2026-05-11 20:35:28,067 - INFO - [1892/3780] gpu1  trial_0190_lr=3.0e-04_weight_decay=1.0e-05_kernel_sizes=10x7x3_conv_channels=256x256x256_fc_dims=256_seed9  completed  (7.8s)
2026-05-11 20:35:28,849 - INFO - [1893/3780] gpu0  trial_0187_lr=3.0e-03_weight_decay=1.0e-05_kernel_sizes=10x7x5_conv_channels=256x256x256_fc_dims=512x256_seed4  completed  (8.4s)
2026-05-11 20:35:35,960 - INFO - [1894/3780] gpu1  trial_0191_lr=3.0e-04_weight_decay=1.0e-04_kernel_sizes=10x7x3_conv_channels=256x256x256_fc_dims=256_seed1  completed  (7.9s)
2026-05-11 20:35:36,417 - INFO - [1895/3780] gpu0  trial_0187_lr=3.0e-03_weight_decay=1.0e-05_kernel_sizes=10x7x5_conv_channels=256x256x256_fc_dims=512x256_seed6  completed  (7.6s)
2026-05-11 20:35:43,824 - INFO - [1896/3780] gpu1  trial_0191_lr=3.0e-04_weight_decay=1.0e-04_kernel_sizes=10x7x3_conv_channels=256x256x256_fc_dims=256_seed3  completed  (7.9s)
2026-05-11 20:35:44,677 - INFO - [1897/3780] gpu0  trial_0187_lr=3.0e-03_weight_decay=1.0e-05_kernel_sizes=10x7x5_conv_channels=256x256x256_fc_dims=512x256_seed8  completed  (8.3s)
2026-05-11 20:35:48,264 - INFO - [1898/3780] gpu0  trial_0188_lr=3.0e-03_weight_decay=1.0e-04_kernel_sizes=10x7x5_conv_channels=256x256x256_fc_dims=512x256_seed0  completed  (3.6s)
2026-05-11 20:35:51,693 - INFO - [1899/3780] gpu1  trial_0191_lr=3.0e-04_weight_decay=1.0e-04_kernel_sizes=10x7x3_conv_channels=256x256x256_fc_dims=256_seed5  completed  (7.9s)
2026-05-11 20:35:55,173 - INFO - [1900/3780] gpu0  trial_0188_lr=3.0e-03_weight_decay=1.0e-04_kernel_sizes=10x7x5_conv_channels=256x256x256_fc_dims=512x256_seed2  completed  (6.9s)
2026-05-11 20:35:59,100 - INFO - [1901/3780] gpu0  trial_0188_lr=3.0e-03_weight_decay=1.0e-04_kernel_sizes=10x7x5_conv_channels=256x256x256_fc_dims=512x256_seed4  completed  (3.9s)
2026-05-11 20:35:59,586 - INFO - [1902/3780] gpu1  trial_0191_lr=3.0e-04_weight_decay=1.0e-04_kernel_sizes=10x7x3_conv_channels=256x256x256_fc_dims=256_seed7  completed  (7.9s)
2026-05-11 20:36:03,986 - INFO - [1903/3780] gpu0  trial_0188_lr=3.0e-03_weight_decay=1.0e-04_kernel_sizes=10x7x5_conv_channels=256x256x256_fc_dims=512x256_seed6  completed  (4.9s)
2026-05-11 20:36:07,231 - INFO - [1904/3780] gpu1  trial_0191_lr=3.0e-04_weight_decay=1.0e-04_kernel_sizes=10x7x3_conv_channels=256x256x256_fc_dims=256_seed9  completed  (7.6s)
2026-05-11 20:36:09,713 - INFO - [1905/3780] gpu0  trial_0188_lr=3.0e-03_weight_decay=1.0e-04_kernel_sizes=10x7x5_conv_channels=256x256x256_fc_dims=512x256_seed8  completed  (5.7s)
2026-05-11 20:36:15,186 - INFO - [1906/3780] gpu1  trial_0192_lr=1.0e-03_weight_decay=0_kernel_sizes=10x7x3_conv_channels=256x256x256_fc_dims=256_seed1  completed  (8.0s)
2026-05-11 20:36:17,600 - INFO - [1907/3780] gpu0  trial_0189_lr=3.0e-04_weight_decay=0_kernel_sizes=10x7x3_conv_channels=256x256x256_fc_dims=256_seed0  completed  (7.9s)
2026-05-11 20:36:22,991 - INFO - [1908/3780] gpu1  trial_0192_lr=1.0e-03_weight_decay=0_kernel_sizes=10x7x3_conv_channels=256x256x256_fc_dims=256_seed3  completed  (7.8s)
2026-05-11 20:36:25,470 - INFO - [1909/3780] gpu0  trial_0189_lr=3.0e-04_weight_decay=0_kernel_sizes=10x7x3_conv_channels=256x256x256_fc_dims=256_seed2  completed  (7.9s)
2026-05-11 20:36:30,894 - INFO - [1910/3780] gpu1  trial_0192_lr=1.0e-03_weight_decay=0_kernel_sizes=10x7x3_conv_channels=256x256x256_fc_dims=256_seed5  completed  (7.9s)
2026-05-11 20:36:33,290 - INFO - [1911/3780] gpu0  trial_0189_lr=3.0e-04_weight_decay=0_kernel_sizes=10x7x3_conv_channels=256x256x256_fc_dims=256_seed4  completed  (7.8s)
2026-05-11 20:36:38,906 - INFO - [1912/3780] gpu1  trial_0192_lr=1.0e-03_weight_decay=0_kernel_sizes=10x7x3_conv_channels=256x256x256_fc_dims=256_seed7  completed  (8.0s)
2026-05-11 20:36:41,082 - INFO - [1913/3780] gpu0  trial_0189_lr=3.0e-04_weight_decay=0_kernel_sizes=10x7x3_conv_channels=256x256x256_fc_dims=256_seed6  completed  (7.8s)
2026-05-11 20:36:46,793 - INFO - [1914/3780] gpu1  trial_0192_lr=1.0e-03_weight_decay=0_kernel_sizes=10x7x3_conv_channels=256x256x256_fc_dims=256_seed9  completed  (7.9s)
2026-05-11 20:36:48,902 - INFO - [1915/3780] gpu0  trial_0189_lr=3.0e-04_weight_decay=0_kernel_sizes=10x7x3_conv_channels=256x256x256_fc_dims=256_seed8  completed  (7.8s)
2026-05-11 20:36:54,775 - INFO - [1916/3780] gpu1  trial_0193_lr=1.0e-03_weight_decay=1.0e-05_kernel_sizes=10x7x3_conv_channels=256x256x256_fc_dims=256_seed1  completed  (8.0s)
2026-05-11 20:36:56,809 - INFO - [1917/3780] gpu0  trial_0190_lr=3.0e-04_weight_decay=1.0e-05_kernel_sizes=10x7x3_conv_channels=256x256x256_fc_dims=256_seed0  completed  (7.9s)
2026-05-11 20:37:02,903 - INFO - [1918/3780] gpu1  trial_0193_lr=1.0e-03_weight_decay=1.0e-05_kernel_sizes=10x7x3_conv_channels=256x256x256_fc_dims=256_seed3  completed  (8.1s)
2026-05-11 20:37:04,653 - INFO - [1919/3780] gpu0  trial_0190_lr=3.0e-04_weight_decay=1.0e-05_kernel_sizes=10x7x3_conv_channels=256x256x256_fc_dims=256_seed2  completed  (7.8s)
2026-05-11 20:37:10,638 - INFO - [1920/3780] gpu1  trial_0193_lr=1.0e-03_weight_decay=1.0e-05_kernel_sizes=10x7x3_conv_channels=256x256x256_fc_dims=256_seed5  completed  (7.7s)
2026-05-11 20:37:12,424 - INFO - [1921/3780] gpu0  trial_0190_lr=3.0e-04_weight_decay=1.0e-05_kernel_sizes=10x7x3_conv_channels=256x256x256_fc_dims=256_seed4  completed  (7.8s)
2026-05-11 20:37:18,489 - INFO - [1922/3780] gpu1  trial_0193_lr=1.0e-03_weight_decay=1.0e-05_kernel_sizes=10x7x3_conv_channels=256x256x256_fc_dims=256_seed7  completed  (7.8s)
2026-05-11 20:37:20,236 - INFO - [1923/3780] gpu0  trial_0190_lr=3.0e-04_weight_decay=1.0e-05_kernel_sizes=10x7x3_conv_channels=256x256x256_fc_dims=256_seed6  completed  (7.8s)
2026-05-11 20:37:26,495 - INFO - [1924/3780] gpu1  trial_0193_lr=1.0e-03_weight_decay=1.0e-05_kernel_sizes=10x7x3_conv_channels=256x256x256_fc_dims=256_seed9  completed  (8.0s)
2026-05-11 20:37:28,108 - INFO - [1925/3780] gpu0  trial_0190_lr=3.0e-04_weight_decay=1.0e-05_kernel_sizes=10x7x3_conv_channels=256x256x256_fc_dims=256_seed8  completed  (7.9s)
2026-05-11 20:37:34,397 - INFO - [1926/3780] gpu1  trial_0194_lr=1.0e-03_weight_decay=1.0e-04_kernel_sizes=10x7x3_conv_channels=256x256x256_fc_dims=256_seed1  completed  (7.9s)
2026-05-11 20:37:36,006 - INFO - [1927/3780] gpu0  trial_0191_lr=3.0e-04_weight_decay=1.0e-04_kernel_sizes=10x7x3_conv_channels=256x256x256_fc_dims=256_seed0  completed  (7.9s)
2026-05-11 20:37:42,266 - INFO - [1928/3780] gpu1  trial_0194_lr=1.0e-03_weight_decay=1.0e-04_kernel_sizes=10x7x3_conv_channels=256x256x256_fc_dims=256_seed3  completed  (7.9s)
2026-05-11 20:37:43,754 - INFO - [1929/3780] gpu0  trial_0191_lr=3.0e-04_weight_decay=1.0e-04_kernel_sizes=10x7x3_conv_channels=256x256x256_fc_dims=256_seed2  completed  (7.7s)
2026-05-11 20:37:50,151 - INFO - [1930/3780] gpu1  trial_0194_lr=1.0e-03_weight_decay=1.0e-04_kernel_sizes=10x7x3_conv_channels=256x256x256_fc_dims=256_seed5  completed  (7.9s)
2026-05-11 20:37:51,608 - INFO - [1931/3780] gpu0  trial_0191_lr=3.0e-04_weight_decay=1.0e-04_kernel_sizes=10x7x3_conv_channels=256x256x256_fc_dims=256_seed4  completed  (7.9s)
2026-05-11 20:37:57,883 - INFO - [1932/3780] gpu1  trial_0194_lr=1.0e-03_weight_decay=1.0e-04_kernel_sizes=10x7x3_conv_channels=256x256x256_fc_dims=256_seed7  completed  (7.7s)
2026-05-11 20:37:59,408 - INFO - [1933/3780] gpu0  trial_0191_lr=3.0e-04_weight_decay=1.0e-04_kernel_sizes=10x7x3_conv_channels=256x256x256_fc_dims=256_seed6  completed  (7.8s)
2026-05-11 20:38:05,890 - INFO - [1934/3780] gpu1  trial_0194_lr=1.0e-03_weight_decay=1.0e-04_kernel_sizes=10x7x3_conv_channels=256x256x256_fc_dims=256_seed9  completed  (8.0s)
2026-05-11 20:38:07,161 - INFO - [1935/3780] gpu0  trial_0191_lr=3.0e-04_weight_decay=1.0e-04_kernel_sizes=10x7x3_conv_channels=256x256x256_fc_dims=256_seed8  completed  (7.8s)
2026-05-11 20:38:13,741 - INFO - [1936/3780] gpu1  trial_0195_lr=3.0e-03_weight_decay=0_kernel_sizes=10x7x3_conv_channels=256x256x256_fc_dims=256_seed1  completed  (7.9s)
2026-05-11 20:38:14,979 - INFO - [1937/3780] gpu0  trial_0192_lr=1.0e-03_weight_decay=0_kernel_sizes=10x7x3_conv_channels=256x256x256_fc_dims=256_seed0  completed  (7.8s)
2026-05-11 20:38:21,764 - INFO - [1938/3780] gpu1  trial_0195_lr=3.0e-03_weight_decay=0_kernel_sizes=10x7x3_conv_channels=256x256x256_fc_dims=256_seed3  completed  (8.0s)
2026-05-11 20:38:22,857 - INFO - [1939/3780] gpu0  trial_0192_lr=1.0e-03_weight_decay=0_kernel_sizes=10x7x3_conv_channels=256x256x256_fc_dims=256_seed2  completed  (7.9s)
2026-05-11 20:38:29,885 - INFO - [1940/3780] gpu1  trial_0195_lr=3.0e-03_weight_decay=0_kernel_sizes=10x7x3_conv_channels=256x256x256_fc_dims=256_seed5  completed  (8.1s)
2026-05-11 20:38:30,684 - INFO - [1941/3780] gpu0  trial_0192_lr=1.0e-03_weight_decay=0_kernel_sizes=10x7x3_conv_channels=256x256x256_fc_dims=256_seed4  completed  (7.8s)
2026-05-11 20:38:37,706 - INFO - [1942/3780] gpu1  trial_0195_lr=3.0e-03_weight_decay=0_kernel_sizes=10x7x3_conv_channels=256x256x256_fc_dims=256_seed7  completed  (7.8s)
2026-05-11 20:38:38,452 - INFO - [1943/3780] gpu0  trial_0192_lr=1.0e-03_weight_decay=0_kernel_sizes=10x7x3_conv_channels=256x256x256_fc_dims=256_seed6  completed  (7.8s)
2026-05-11 20:38:45,613 - INFO - [1944/3780] gpu1  trial_0195_lr=3.0e-03_weight_decay=0_kernel_sizes=10x7x3_conv_channels=256x256x256_fc_dims=256_seed9  completed  (7.9s)
2026-05-11 20:38:46,279 - INFO - [1945/3780] gpu0  trial_0192_lr=1.0e-03_weight_decay=0_kernel_sizes=10x7x3_conv_channels=256x256x256_fc_dims=256_seed8  completed  (7.8s)
2026-05-11 20:38:53,441 - INFO - [1946/3780] gpu1  trial_0196_lr=3.0e-03_weight_decay=1.0e-05_kernel_sizes=10x7x3_conv_channels=256x256x256_fc_dims=256_seed1  completed  (7.8s)
2026-05-11 20:38:54,153 - INFO - [1947/3780] gpu0  trial_0193_lr=1.0e-03_weight_decay=1.0e-05_kernel_sizes=10x7x3_conv_channels=256x256x256_fc_dims=256_seed0  completed  (7.9s)
2026-05-11 20:39:01,164 - INFO - [1948/3780] gpu1  trial_0196_lr=3.0e-03_weight_decay=1.0e-05_kernel_sizes=10x7x3_conv_channels=256x256x256_fc_dims=256_seed3  completed  (7.7s)
2026-05-11 20:39:01,953 - INFO - [1949/3780] gpu0  trial_0193_lr=1.0e-03_weight_decay=1.0e-05_kernel_sizes=10x7x3_conv_channels=256x256x256_fc_dims=256_seed2  completed  (7.8s)
2026-05-11 20:39:09,021 - INFO - [1950/3780] gpu1  trial_0196_lr=3.0e-03_weight_decay=1.0e-05_kernel_sizes=10x7x3_conv_channels=256x256x256_fc_dims=256_seed5  completed  (7.9s)
2026-05-11 20:39:09,833 - INFO - [1951/3780] gpu0  trial_0193_lr=1.0e-03_weight_decay=1.0e-05_kernel_sizes=10x7x3_conv_channels=256x256x256_fc_dims=256_seed4  completed  (7.9s)
2026-05-11 20:39:16,892 - INFO - [1952/3780] gpu1  trial_0196_lr=3.0e-03_weight_decay=1.0e-05_kernel_sizes=10x7x3_conv_channels=256x256x256_fc_dims=256_seed7  completed  (7.9s)
2026-05-11 20:39:17,734 - INFO - [1953/3780] gpu0  trial_0193_lr=1.0e-03_weight_decay=1.0e-05_kernel_sizes=10x7x3_conv_channels=256x256x256_fc_dims=256_seed6  completed  (7.9s)
2026-05-11 20:39:24,652 - INFO - [1954/3780] gpu1  trial_0196_lr=3.0e-03_weight_decay=1.0e-05_kernel_sizes=10x7x3_conv_channels=256x256x256_fc_dims=256_seed9  completed  (7.8s)
2026-05-11 20:39:25,493 - INFO - [1955/3780] gpu0  trial_0193_lr=1.0e-03_weight_decay=1.0e-05_kernel_sizes=10x7x3_conv_channels=256x256x256_fc_dims=256_seed8  completed  (7.8s)
2026-05-11 20:39:32,347 - INFO - [1956/3780] gpu1  trial_0197_lr=3.0e-03_weight_decay=1.0e-04_kernel_sizes=10x7x3_conv_channels=256x256x256_fc_dims=256_seed1  completed  (7.7s)
2026-05-11 20:39:33,154 - INFO - [1957/3780] gpu0  trial_0194_lr=1.0e-03_weight_decay=1.0e-04_kernel_sizes=10x7x3_conv_channels=256x256x256_fc_dims=256_seed0  completed  (7.7s)
2026-05-11 20:39:40,146 - INFO - [1958/3780] gpu1  trial_0197_lr=3.0e-03_weight_decay=1.0e-04_kernel_sizes=10x7x3_conv_channels=256x256x256_fc_dims=256_seed3  completed  (7.8s)
2026-05-11 20:39:40,952 - INFO - [1959/3780] gpu0  trial_0194_lr=1.0e-03_weight_decay=1.0e-04_kernel_sizes=10x7x3_conv_channels=256x256x256_fc_dims=256_seed2  completed  (7.8s)
2026-05-11 20:39:47,912 - INFO - [1960/3780] gpu1  trial_0197_lr=3.0e-03_weight_decay=1.0e-04_kernel_sizes=10x7x3_conv_channels=256x256x256_fc_dims=256_seed5  completed  (7.8s)
2026-05-11 20:39:48,813 - INFO - [1961/3780] gpu0  trial_0194_lr=1.0e-03_weight_decay=1.0e-04_kernel_sizes=10x7x3_conv_channels=256x256x256_fc_dims=256_seed4  completed  (7.9s)
2026-05-11 20:39:54,933 - INFO - [1962/3780] gpu1  trial_0197_lr=3.0e-03_weight_decay=1.0e-04_kernel_sizes=10x7x3_conv_channels=256x256x256_fc_dims=256_seed7  completed  (7.0s)
2026-05-11 20:39:56,689 - INFO - [1963/3780] gpu0  trial_0194_lr=1.0e-03_weight_decay=1.0e-04_kernel_sizes=10x7x3_conv_channels=256x256x256_fc_dims=256_seed6  completed  (7.9s)
2026-05-11 20:39:57,648 - INFO - [1964/3780] gpu1  trial_0197_lr=3.0e-03_weight_decay=1.0e-04_kernel_sizes=10x7x3_conv_channels=256x256x256_fc_dims=256_seed9  completed  (2.7s)
2026-05-11 20:40:04,459 - INFO - [1965/3780] gpu0  trial_0194_lr=1.0e-03_weight_decay=1.0e-04_kernel_sizes=10x7x3_conv_channels=256x256x256_fc_dims=256_seed8  completed  (7.8s)
2026-05-11 20:40:05,726 - INFO - [1966/3780] gpu1  trial_0198_lr=3.0e-04_weight_decay=0_kernel_sizes=10x7x3_conv_channels=256x256x256_fc_dims=512_seed1  completed  (8.1s)
2026-05-11 20:40:12,415 - INFO - [1967/3780] gpu0  trial_0195_lr=3.0e-03_weight_decay=0_kernel_sizes=10x7x3_conv_channels=256x256x256_fc_dims=256_seed0  completed  (8.0s)
2026-05-11 20:40:13,799 - INFO - [1968/3780] gpu1  trial_0198_lr=3.0e-04_weight_decay=0_kernel_sizes=10x7x3_conv_channels=256x256x256_fc_dims=512_seed3  completed  (8.1s)
2026-05-11 20:40:14,697 - INFO - [1969/3780] gpu0  trial_0195_lr=3.0e-03_weight_decay=0_kernel_sizes=10x7x3_conv_channels=256x256x256_fc_dims=256_seed2  completed  (2.3s)
2026-05-11 20:40:21,927 - INFO - [1970/3780] gpu1  trial_0198_lr=3.0e-04_weight_decay=0_kernel_sizes=10x7x3_conv_channels=256x256x256_fc_dims=512_seed5  completed  (8.1s)
2026-05-11 20:40:22,473 - INFO - [1971/3780] gpu0  trial_0195_lr=3.0e-03_weight_decay=0_kernel_sizes=10x7x3_conv_channels=256x256x256_fc_dims=256_seed4  completed  (7.8s)
2026-05-11 20:40:25,535 - INFO - [1972/3780] gpu1  trial_0198_lr=3.0e-04_weight_decay=0_kernel_sizes=10x7x3_conv_channels=256x256x256_fc_dims=512_seed7  completed  (3.6s)
2026-05-11 20:40:29,121 - INFO - [1973/3780] gpu1  trial_0198_lr=3.0e-04_weight_decay=0_kernel_sizes=10x7x3_conv_channels=256x256x256_fc_dims=512_seed9  completed  (3.6s)
2026-05-11 20:40:30,406 - INFO - [1974/3780] gpu0  trial_0195_lr=3.0e-03_weight_decay=0_kernel_sizes=10x7x3_conv_channels=256x256x256_fc_dims=256_seed6  completed  (7.9s)
2026-05-11 20:40:37,187 - INFO - [1975/3780] gpu1  trial_0199_lr=3.0e-04_weight_decay=1.0e-05_kernel_sizes=10x7x3_conv_channels=256x256x256_fc_dims=512_seed1  completed  (8.1s)
2026-05-11 20:40:38,231 - INFO - [1976/3780] gpu0  trial_0195_lr=3.0e-03_weight_decay=0_kernel_sizes=10x7x3_conv_channels=256x256x256_fc_dims=256_seed8  completed  (7.8s)
2026-05-11 20:40:45,207 - INFO - [1977/3780] gpu1  trial_0199_lr=3.0e-04_weight_decay=1.0e-05_kernel_sizes=10x7x3_conv_channels=256x256x256_fc_dims=512_seed3  completed  (8.0s)
2026-05-11 20:40:45,979 - INFO - [1978/3780] gpu0  trial_0196_lr=3.0e-03_weight_decay=1.0e-05_kernel_sizes=10x7x3_conv_channels=256x256x256_fc_dims=256_seed0  completed  (7.7s)
2026-05-11 20:40:48,320 - INFO - [1979/3780] gpu0  trial_0196_lr=3.0e-03_weight_decay=1.0e-05_kernel_sizes=10x7x3_conv_channels=256x256x256_fc_dims=256_seed2  completed  (2.3s)
2026-05-11 20:40:53,349 - INFO - [1980/3780] gpu1  trial_0199_lr=3.0e-04_weight_decay=1.0e-05_kernel_sizes=10x7x3_conv_channels=256x256x256_fc_dims=512_seed5  completed  (8.1s)
2026-05-11 20:40:56,276 - INFO - [1981/3780] gpu0  trial_0196_lr=3.0e-03_weight_decay=1.0e-05_kernel_sizes=10x7x3_conv_channels=256x256x256_fc_dims=256_seed4  completed  (8.0s)
2026-05-11 20:40:56,907 - INFO - [1982/3780] gpu1  trial_0199_lr=3.0e-04_weight_decay=1.0e-05_kernel_sizes=10x7x3_conv_channels=256x256x256_fc_dims=512_seed7  completed  (3.6s)
2026-05-11 20:41:04,134 - INFO - [1983/3780] gpu0  trial_0196_lr=3.0e-03_weight_decay=1.0e-05_kernel_sizes=10x7x3_conv_channels=256x256x256_fc_dims=256_seed6  completed  (7.9s)
2026-05-11 20:41:04,923 - INFO - [1984/3780] gpu1  trial_0199_lr=3.0e-04_weight_decay=1.0e-05_kernel_sizes=10x7x3_conv_channels=256x256x256_fc_dims=512_seed9  completed  (8.0s)
2026-05-11 20:41:11,815 - INFO - [1985/3780] gpu0  trial_0196_lr=3.0e-03_weight_decay=1.0e-05_kernel_sizes=10x7x3_conv_channels=256x256x256_fc_dims=256_seed8  completed  (7.7s)
2026-05-11 20:41:12,922 - INFO - [1986/3780] gpu1  trial_0200_lr=3.0e-04_weight_decay=1.0e-04_kernel_sizes=10x7x3_conv_channels=256x256x256_fc_dims=512_seed1  completed  (8.0s)
2026-05-11 20:41:19,712 - INFO - [1987/3780] gpu0  trial_0197_lr=3.0e-03_weight_decay=1.0e-04_kernel_sizes=10x7x3_conv_channels=256x256x256_fc_dims=256_seed0  completed  (7.9s)
2026-05-11 20:41:21,084 - INFO - [1988/3780] gpu1  trial_0200_lr=3.0e-04_weight_decay=1.0e-04_kernel_sizes=10x7x3_conv_channels=256x256x256_fc_dims=512_seed3  completed  (8.2s)
2026-05-11 20:41:21,973 - INFO - [1989/3780] gpu0  trial_0197_lr=3.0e-03_weight_decay=1.0e-04_kernel_sizes=10x7x3_conv_channels=256x256x256_fc_dims=256_seed2  completed  (2.3s)
2026-05-11 20:41:29,174 - INFO - [1990/3780] gpu1  trial_0200_lr=3.0e-04_weight_decay=1.0e-04_kernel_sizes=10x7x3_conv_channels=256x256x256_fc_dims=512_seed5  completed  (8.1s)
2026-05-11 20:41:29,855 - INFO - [1991/3780] gpu0  trial_0197_lr=3.0e-03_weight_decay=1.0e-04_kernel_sizes=10x7x3_conv_channels=256x256x256_fc_dims=256_seed4  completed  (7.9s)
2026-05-11 20:41:32,735 - INFO - [1992/3780] gpu1  trial_0200_lr=3.0e-04_weight_decay=1.0e-04_kernel_sizes=10x7x3_conv_channels=256x256x256_fc_dims=512_seed7  completed  (3.6s)
2026-05-11 20:41:37,605 - INFO - [1993/3780] gpu0  trial_0197_lr=3.0e-03_weight_decay=1.0e-04_kernel_sizes=10x7x3_conv_channels=256x256x256_fc_dims=256_seed6  completed  (7.7s)
2026-05-11 20:41:40,820 - INFO - [1994/3780] gpu1  trial_0200_lr=3.0e-04_weight_decay=1.0e-04_kernel_sizes=10x7x3_conv_channels=256x256x256_fc_dims=512_seed9  completed  (8.1s)
2026-05-11 20:41:44,001 - INFO - [1995/3780] gpu0  trial_0197_lr=3.0e-03_weight_decay=1.0e-04_kernel_sizes=10x7x3_conv_channels=256x256x256_fc_dims=256_seed8  completed  (6.4s)
2026-05-11 20:41:49,070 - INFO - [1996/3780] gpu1  trial_0201_lr=1.0e-03_weight_decay=0_kernel_sizes=10x7x3_conv_channels=256x256x256_fc_dims=512_seed1  completed  (8.2s)
2026-05-11 20:41:52,251 - INFO - [1997/3780] gpu0  trial_0198_lr=3.0e-04_weight_decay=0_kernel_sizes=10x7x3_conv_channels=256x256x256_fc_dims=512_seed0  completed  (8.2s)
2026-05-11 20:41:57,332 - INFO - [1998/3780] gpu1  trial_0201_lr=1.0e-03_weight_decay=0_kernel_sizes=10x7x3_conv_channels=256x256x256_fc_dims=512_seed3  completed  (8.3s)
2026-05-11 20:42:00,221 - INFO - [1999/3780] gpu0  trial_0198_lr=3.0e-04_weight_decay=0_kernel_sizes=10x7x3_conv_channels=256x256x256_fc_dims=512_seed2  completed  (8.0s)
2026-05-11 20:42:05,545 - INFO - [2000/3780] gpu1  trial_0201_lr=1.0e-03_weight_decay=0_kernel_sizes=10x7x3_conv_channels=256x256x256_fc_dims=512_seed5  completed  (8.2s)
2026-05-11 20:42:08,221 - INFO - [2001/3780] gpu0  trial_0198_lr=3.0e-04_weight_decay=0_kernel_sizes=10x7x3_conv_channels=256x256x256_fc_dims=512_seed4  completed  (8.0s)
2026-05-11 20:42:11,821 - INFO - [2002/3780] gpu0  trial_0198_lr=3.0e-04_weight_decay=0_kernel_sizes=10x7x3_conv_channels=256x256x256_fc_dims=512_seed6  completed  (3.6s)
2026-05-11 20:42:13,742 - INFO - [2003/3780] gpu1  trial_0201_lr=1.0e-03_weight_decay=0_kernel_sizes=10x7x3_conv_channels=256x256x256_fc_dims=512_seed7  completed  (8.2s)
2026-05-11 20:42:19,939 - INFO - [2004/3780] gpu0  trial_0198_lr=3.0e-04_weight_decay=0_kernel_sizes=10x7x3_conv_channels=256x256x256_fc_dims=512_seed8  completed  (8.1s)
2026-05-11 20:42:21,894 - INFO - [2005/3780] gpu1  trial_0201_lr=1.0e-03_weight_decay=0_kernel_sizes=10x7x3_conv_channels=256x256x256_fc_dims=512_seed9  completed  (8.2s)
2026-05-11 20:42:27,911 - INFO - [2006/3780] gpu0  trial_0199_lr=3.0e-04_weight_decay=1.0e-05_kernel_sizes=10x7x3_conv_channels=256x256x256_fc_dims=512_seed0  completed  (8.0s)
2026-05-11 20:42:29,849 - INFO - [2007/3780] gpu1  trial_0202_lr=1.0e-03_weight_decay=1.0e-05_kernel_sizes=10x7x3_conv_channels=256x256x256_fc_dims=512_seed1  completed  (8.0s)
2026-05-11 20:42:36,134 - INFO - [2008/3780] gpu0  trial_0199_lr=3.0e-04_weight_decay=1.0e-05_kernel_sizes=10x7x3_conv_channels=256x256x256_fc_dims=512_seed2  completed  (8.2s)
2026-05-11 20:42:37,897 - INFO - [2009/3780] gpu1  trial_0202_lr=1.0e-03_weight_decay=1.0e-05_kernel_sizes=10x7x3_conv_channels=256x256x256_fc_dims=512_seed3  completed  (8.0s)
2026-05-11 20:42:44,269 - INFO - [2010/3780] gpu0  trial_0199_lr=3.0e-04_weight_decay=1.0e-05_kernel_sizes=10x7x3_conv_channels=256x256x256_fc_dims=512_seed4  completed  (8.1s)
2026-05-11 20:42:45,949 - INFO - [2011/3780] gpu1  trial_0202_lr=1.0e-03_weight_decay=1.0e-05_kernel_sizes=10x7x3_conv_channels=256x256x256_fc_dims=512_seed5  completed  (8.1s)
2026-05-11 20:42:47,865 - INFO - [2012/3780] gpu0  trial_0199_lr=3.0e-04_weight_decay=1.0e-05_kernel_sizes=10x7x3_conv_channels=256x256x256_fc_dims=512_seed6  completed  (3.6s)
2026-05-11 20:42:53,819 - INFO - [2013/3780] gpu1  trial_0202_lr=1.0e-03_weight_decay=1.0e-05_kernel_sizes=10x7x3_conv_channels=256x256x256_fc_dims=512_seed7  completed  (7.9s)
2026-05-11 20:42:56,066 - INFO - [2014/3780] gpu0  trial_0199_lr=3.0e-04_weight_decay=1.0e-05_kernel_sizes=10x7x3_conv_channels=256x256x256_fc_dims=512_seed8  completed  (8.2s)
2026-05-11 20:43:01,793 - INFO - [2015/3780] gpu1  trial_0202_lr=1.0e-03_weight_decay=1.0e-05_kernel_sizes=10x7x3_conv_channels=256x256x256_fc_dims=512_seed9  completed  (8.0s)
2026-05-11 20:43:04,224 - INFO - [2016/3780] gpu0  trial_0200_lr=3.0e-04_weight_decay=1.0e-04_kernel_sizes=10x7x3_conv_channels=256x256x256_fc_dims=512_seed0  completed  (8.2s)
2026-05-11 20:43:07,846 - INFO - [2017/3780] gpu0  trial_0200_lr=3.0e-04_weight_decay=1.0e-04_kernel_sizes=10x7x3_conv_channels=256x256x256_fc_dims=512_seed2  completed  (3.6s)
2026-05-11 20:43:09,675 - INFO - [2018/3780] gpu1  trial_0203_lr=1.0e-03_weight_decay=1.0e-04_kernel_sizes=10x7x3_conv_channels=256x256x256_fc_dims=512_seed1  completed  (7.9s)
2026-05-11 20:43:15,984 - INFO - [2019/3780] gpu0  trial_0200_lr=3.0e-04_weight_decay=1.0e-04_kernel_sizes=10x7x3_conv_channels=256x256x256_fc_dims=512_seed4  completed  (8.1s)
2026-05-11 20:43:17,586 - INFO - [2020/3780] gpu1  trial_0203_lr=1.0e-03_weight_decay=1.0e-04_kernel_sizes=10x7x3_conv_channels=256x256x256_fc_dims=512_seed3  completed  (7.9s)
2026-05-11 20:43:19,575 - INFO - [2021/3780] gpu0  trial_0200_lr=3.0e-04_weight_decay=1.0e-04_kernel_sizes=10x7x3_conv_channels=256x256x256_fc_dims=512_seed6  completed  (3.6s)
2026-05-11 20:43:25,585 - INFO - [2022/3780] gpu1  trial_0203_lr=1.0e-03_weight_decay=1.0e-04_kernel_sizes=10x7x3_conv_channels=256x256x256_fc_dims=512_seed5  completed  (8.0s)
2026-05-11 20:43:27,553 - INFO - [2023/3780] gpu0  trial_0200_lr=3.0e-04_weight_decay=1.0e-04_kernel_sizes=10x7x3_conv_channels=256x256x256_fc_dims=512_seed8  completed  (8.0s)
2026-05-11 20:43:33,574 - INFO - [2024/3780] gpu1  trial_0203_lr=1.0e-03_weight_decay=1.0e-04_kernel_sizes=10x7x3_conv_channels=256x256x256_fc_dims=512_seed7  completed  (8.0s)
2026-05-11 20:43:35,762 - INFO - [2025/3780] gpu0  trial_0201_lr=1.0e-03_weight_decay=0_kernel_sizes=10x7x3_conv_channels=256x256x256_fc_dims=512_seed0  completed  (8.2s)
2026-05-11 20:43:41,569 - INFO - [2026/3780] gpu1  trial_0203_lr=1.0e-03_weight_decay=1.0e-04_kernel_sizes=10x7x3_conv_channels=256x256x256_fc_dims=512_seed9  completed  (8.0s)
2026-05-11 20:43:44,089 - INFO - [2027/3780] gpu0  trial_0201_lr=1.0e-03_weight_decay=0_kernel_sizes=10x7x3_conv_channels=256x256x256_fc_dims=512_seed2  completed  (8.3s)
2026-05-11 20:43:49,408 - INFO - [2028/3780] gpu1  trial_0204_lr=3.0e-03_weight_decay=0_kernel_sizes=10x7x3_conv_channels=256x256x256_fc_dims=512_seed1  completed  (7.8s)
2026-05-11 20:43:52,247 - INFO - [2029/3780] gpu0  trial_0201_lr=1.0e-03_weight_decay=0_kernel_sizes=10x7x3_conv_channels=256x256x256_fc_dims=512_seed4  completed  (8.2s)
2026-05-11 20:43:57,623 - INFO - [2030/3780] gpu1  trial_0204_lr=3.0e-03_weight_decay=0_kernel_sizes=10x7x3_conv_channels=256x256x256_fc_dims=512_seed3  completed  (8.2s)
2026-05-11 20:44:00,687 - INFO - [2031/3780] gpu0  trial_0201_lr=1.0e-03_weight_decay=0_kernel_sizes=10x7x3_conv_channels=256x256x256_fc_dims=512_seed6  completed  (8.4s)
2026-05-11 20:44:05,549 - INFO - [2032/3780] gpu1  trial_0204_lr=3.0e-03_weight_decay=0_kernel_sizes=10x7x3_conv_channels=256x256x256_fc_dims=512_seed5  completed  (7.9s)
2026-05-11 20:44:08,913 - INFO - [2033/3780] gpu0  trial_0201_lr=1.0e-03_weight_decay=0_kernel_sizes=10x7x3_conv_channels=256x256x256_fc_dims=512_seed8  completed  (8.2s)
2026-05-11 20:44:13,742 - INFO - [2034/3780] gpu1  trial_0204_lr=3.0e-03_weight_decay=0_kernel_sizes=10x7x3_conv_channels=256x256x256_fc_dims=512_seed7  completed  (8.2s)
2026-05-11 20:44:17,102 - INFO - [2035/3780] gpu0  trial_0202_lr=1.0e-03_weight_decay=1.0e-05_kernel_sizes=10x7x3_conv_channels=256x256x256_fc_dims=512_seed0  completed  (8.2s)
2026-05-11 20:44:21,756 - INFO - [2036/3780] gpu1  trial_0204_lr=3.0e-03_weight_decay=0_kernel_sizes=10x7x3_conv_channels=256x256x256_fc_dims=512_seed9  completed  (8.0s)
2026-05-11 20:44:25,318 - INFO - [2037/3780] gpu0  trial_0202_lr=1.0e-03_weight_decay=1.0e-05_kernel_sizes=10x7x3_conv_channels=256x256x256_fc_dims=512_seed2  completed  (8.2s)
2026-05-11 20:44:29,833 - INFO - [2038/3780] gpu1  trial_0205_lr=3.0e-03_weight_decay=1.0e-05_kernel_sizes=10x7x3_conv_channels=256x256x256_fc_dims=512_seed1  completed  (8.1s)
2026-05-11 20:44:33,498 - INFO - [2039/3780] gpu0  trial_0202_lr=1.0e-03_weight_decay=1.0e-05_kernel_sizes=10x7x3_conv_channels=256x256x256_fc_dims=512_seed4  completed  (8.2s)
2026-05-11 20:44:38,005 - INFO - [2040/3780] gpu1  trial_0205_lr=3.0e-03_weight_decay=1.0e-05_kernel_sizes=10x7x3_conv_channels=256x256x256_fc_dims=512_seed3  completed  (8.2s)
2026-05-11 20:44:41,682 - INFO - [2041/3780] gpu0  trial_0202_lr=1.0e-03_weight_decay=1.0e-05_kernel_sizes=10x7x3_conv_channels=256x256x256_fc_dims=512_seed6  completed  (8.2s)
2026-05-11 20:44:46,216 - INFO - [2042/3780] gpu1  trial_0205_lr=3.0e-03_weight_decay=1.0e-05_kernel_sizes=10x7x3_conv_channels=256x256x256_fc_dims=512_seed5  completed  (8.2s)
2026-05-11 20:44:49,901 - INFO - [2043/3780] gpu0  trial_0202_lr=1.0e-03_weight_decay=1.0e-05_kernel_sizes=10x7x3_conv_channels=256x256x256_fc_dims=512_seed8  completed  (8.2s)
2026-05-11 20:44:54,356 - INFO - [2044/3780] gpu1  trial_0205_lr=3.0e-03_weight_decay=1.0e-05_kernel_sizes=10x7x3_conv_channels=256x256x256_fc_dims=512_seed7  completed  (8.1s)
2026-05-11 20:44:58,107 - INFO - [2045/3780] gpu0  trial_0203_lr=1.0e-03_weight_decay=1.0e-04_kernel_sizes=10x7x3_conv_channels=256x256x256_fc_dims=512_seed0  completed  (8.2s)
2026-05-11 20:45:02,470 - INFO - [2046/3780] gpu1  trial_0205_lr=3.0e-03_weight_decay=1.0e-05_kernel_sizes=10x7x3_conv_channels=256x256x256_fc_dims=512_seed9  completed  (8.1s)
2026-05-11 20:45:06,340 - INFO - [2047/3780] gpu0  trial_0203_lr=1.0e-03_weight_decay=1.0e-04_kernel_sizes=10x7x3_conv_channels=256x256x256_fc_dims=512_seed2  completed  (8.2s)
2026-05-11 20:45:10,642 - INFO - [2048/3780] gpu1  trial_0206_lr=3.0e-03_weight_decay=1.0e-04_kernel_sizes=10x7x3_conv_channels=256x256x256_fc_dims=512_seed1  completed  (8.2s)
2026-05-11 20:45:14,565 - INFO - [2049/3780] gpu0  trial_0203_lr=1.0e-03_weight_decay=1.0e-04_kernel_sizes=10x7x3_conv_channels=256x256x256_fc_dims=512_seed4  completed  (8.2s)
2026-05-11 20:45:18,721 - INFO - [2050/3780] gpu1  trial_0206_lr=3.0e-03_weight_decay=1.0e-04_kernel_sizes=10x7x3_conv_channels=256x256x256_fc_dims=512_seed3  completed  (8.1s)
2026-05-11 20:45:22,811 - INFO - [2051/3780] gpu0  trial_0203_lr=1.0e-03_weight_decay=1.0e-04_kernel_sizes=10x7x3_conv_channels=256x256x256_fc_dims=512_seed6  completed  (8.2s)
2026-05-11 20:45:26,677 - INFO - [2052/3780] gpu1  trial_0206_lr=3.0e-03_weight_decay=1.0e-04_kernel_sizes=10x7x3_conv_channels=256x256x256_fc_dims=512_seed5  completed  (8.0s)
2026-05-11 20:45:30,998 - INFO - [2053/3780] gpu0  trial_0203_lr=1.0e-03_weight_decay=1.0e-04_kernel_sizes=10x7x3_conv_channels=256x256x256_fc_dims=512_seed8  completed  (8.2s)
2026-05-11 20:45:34,892 - INFO - [2054/3780] gpu1  trial_0206_lr=3.0e-03_weight_decay=1.0e-04_kernel_sizes=10x7x3_conv_channels=256x256x256_fc_dims=512_seed7  completed  (8.2s)
2026-05-11 20:45:39,221 - INFO - [2055/3780] gpu0  trial_0204_lr=3.0e-03_weight_decay=0_kernel_sizes=10x7x3_conv_channels=256x256x256_fc_dims=512_seed0  completed  (8.2s)
2026-05-11 20:45:43,086 - INFO - [2056/3780] gpu1  trial_0206_lr=3.0e-03_weight_decay=1.0e-04_kernel_sizes=10x7x3_conv_channels=256x256x256_fc_dims=512_seed9  completed  (8.2s)
2026-05-11 20:45:46,410 - INFO - [2057/3780] gpu1  trial_0207_lr=3.0e-04_weight_decay=0_kernel_sizes=10x7x3_conv_channels=256x256x256_fc_dims=512x256_seed1  completed  (3.3s)
2026-05-11 20:45:47,448 - INFO - [2058/3780] gpu0  trial_0204_lr=3.0e-03_weight_decay=0_kernel_sizes=10x7x3_conv_channels=256x256x256_fc_dims=512_seed2  completed  (8.2s)
2026-05-11 20:45:49,671 - INFO - [2059/3780] gpu1  trial_0207_lr=3.0e-04_weight_decay=0_kernel_sizes=10x7x3_conv_channels=256x256x256_fc_dims=512x256_seed3  completed  (3.3s)
2026-05-11 20:45:52,985 - INFO - [2060/3780] gpu1  trial_0207_lr=3.0e-04_weight_decay=0_kernel_sizes=10x7x3_conv_channels=256x256x256_fc_dims=512x256_seed5  completed  (3.3s)
2026-05-11 20:45:55,646 - INFO - [2061/3780] gpu0  trial_0204_lr=3.0e-03_weight_decay=0_kernel_sizes=10x7x3_conv_channels=256x256x256_fc_dims=512_seed4  completed  (8.2s)
2026-05-11 20:45:56,304 - INFO - [2062/3780] gpu1  trial_0207_lr=3.0e-04_weight_decay=0_kernel_sizes=10x7x3_conv_channels=256x256x256_fc_dims=512x256_seed7  completed  (3.3s)
2026-05-11 20:45:57,769 - INFO - [2063/3780] gpu0  trial_0204_lr=3.0e-03_weight_decay=0_kernel_sizes=10x7x3_conv_channels=256x256x256_fc_dims=512_seed6  completed  (2.1s)
2026-05-11 20:45:59,489 - INFO - [2064/3780] gpu1  trial_0207_lr=3.0e-04_weight_decay=0_kernel_sizes=10x7x3_conv_channels=256x256x256_fc_dims=512x256_seed9  completed  (3.2s)
2026-05-11 20:46:02,769 - INFO - [2065/3780] gpu1  trial_0208_lr=3.0e-04_weight_decay=1.0e-05_kernel_sizes=10x7x3_conv_channels=256x256x256_fc_dims=512x256_seed1  completed  (3.3s)
2026-05-11 20:46:05,918 - INFO - [2066/3780] gpu0  trial_0204_lr=3.0e-03_weight_decay=0_kernel_sizes=10x7x3_conv_channels=256x256x256_fc_dims=512_seed8  completed  (8.1s)
2026-05-11 20:46:06,124 - INFO - [2067/3780] gpu1  trial_0208_lr=3.0e-04_weight_decay=1.0e-05_kernel_sizes=10x7x3_conv_channels=256x256x256_fc_dims=512x256_seed3  completed  (3.4s)
2026-05-11 20:46:09,450 - INFO - [2068/3780] gpu1  trial_0208_lr=3.0e-04_weight_decay=1.0e-05_kernel_sizes=10x7x3_conv_channels=256x256x256_fc_dims=512x256_seed5  completed  (3.3s)
2026-05-11 20:46:12,739 - INFO - [2069/3780] gpu1  trial_0208_lr=3.0e-04_weight_decay=1.0e-05_kernel_sizes=10x7x3_conv_channels=256x256x256_fc_dims=512x256_seed7  completed  (3.3s)
2026-05-11 20:46:14,204 - INFO - [2070/3780] gpu0  trial_0205_lr=3.0e-03_weight_decay=1.0e-05_kernel_sizes=10x7x3_conv_channels=256x256x256_fc_dims=512_seed0  completed  (8.3s)
2026-05-11 20:46:15,920 - INFO - [2071/3780] gpu1  trial_0208_lr=3.0e-04_weight_decay=1.0e-05_kernel_sizes=10x7x3_conv_channels=256x256x256_fc_dims=512x256_seed9  completed  (3.2s)
2026-05-11 20:46:19,162 - INFO - [2072/3780] gpu1  trial_0209_lr=3.0e-04_weight_decay=1.0e-04_kernel_sizes=10x7x3_conv_channels=256x256x256_fc_dims=512x256_seed1  completed  (3.2s)
2026-05-11 20:46:22,335 - INFO - [2073/3780] gpu0  trial_0205_lr=3.0e-03_weight_decay=1.0e-05_kernel_sizes=10x7x3_conv_channels=256x256x256_fc_dims=512_seed2  completed  (8.1s)
2026-05-11 20:46:22,490 - INFO - [2074/3780] gpu1  trial_0209_lr=3.0e-04_weight_decay=1.0e-04_kernel_sizes=10x7x3_conv_channels=256x256x256_fc_dims=512x256_seed3  completed  (3.3s)
2026-05-11 20:46:25,734 - INFO - [2075/3780] gpu1  trial_0209_lr=3.0e-04_weight_decay=1.0e-04_kernel_sizes=10x7x3_conv_channels=256x256x256_fc_dims=512x256_seed5  completed  (3.2s)
2026-05-11 20:46:29,076 - INFO - [2076/3780] gpu1  trial_0209_lr=3.0e-04_weight_decay=1.0e-04_kernel_sizes=10x7x3_conv_channels=256x256x256_fc_dims=512x256_seed7  completed  (3.3s)
2026-05-11 20:46:30,611 - INFO - [2077/3780] gpu0  trial_0205_lr=3.0e-03_weight_decay=1.0e-05_kernel_sizes=10x7x3_conv_channels=256x256x256_fc_dims=512_seed4  completed  (8.3s)
2026-05-11 20:46:32,255 - INFO - [2078/3780] gpu1  trial_0209_lr=3.0e-04_weight_decay=1.0e-04_kernel_sizes=10x7x3_conv_channels=256x256x256_fc_dims=512x256_seed9  completed  (3.2s)
2026-05-11 20:46:32,806 - INFO - [2079/3780] gpu0  trial_0205_lr=3.0e-03_weight_decay=1.0e-05_kernel_sizes=10x7x3_conv_channels=256x256x256_fc_dims=512_seed6  completed  (2.2s)
2026-05-11 20:46:40,709 - INFO - [2080/3780] gpu1  trial_0210_lr=1.0e-03_weight_decay=0_kernel_sizes=10x7x3_conv_channels=256x256x256_fc_dims=512x256_seed1  completed  (8.5s)
2026-05-11 20:46:40,943 - INFO - [2081/3780] gpu0  trial_0205_lr=3.0e-03_weight_decay=1.0e-05_kernel_sizes=10x7x3_conv_channels=256x256x256_fc_dims=512_seed8  completed  (8.1s)
2026-05-11 20:46:49,076 - INFO - [2082/3780] gpu1  trial_0210_lr=1.0e-03_weight_decay=0_kernel_sizes=10x7x3_conv_channels=256x256x256_fc_dims=512x256_seed3  completed  (8.4s)
2026-05-11 20:46:49,088 - INFO - [2083/3780] gpu0  trial_0206_lr=3.0e-03_weight_decay=1.0e-04_kernel_sizes=10x7x3_conv_channels=256x256x256_fc_dims=512_seed0  completed  (8.1s)
2026-05-11 20:46:57,242 - INFO - [2084/3780] gpu0  trial_0206_lr=3.0e-03_weight_decay=1.0e-04_kernel_sizes=10x7x3_conv_channels=256x256x256_fc_dims=512_seed2  completed  (8.2s)
2026-05-11 20:46:57,507 - INFO - [2085/3780] gpu1  trial_0210_lr=1.0e-03_weight_decay=0_kernel_sizes=10x7x3_conv_channels=256x256x256_fc_dims=512x256_seed5  completed  (8.4s)
2026-05-11 20:47:05,326 - INFO - [2086/3780] gpu0  trial_0206_lr=3.0e-03_weight_decay=1.0e-04_kernel_sizes=10x7x3_conv_channels=256x256x256_fc_dims=512_seed4  completed  (8.1s)
2026-05-11 20:47:05,956 - INFO - [2087/3780] gpu1  trial_0210_lr=1.0e-03_weight_decay=0_kernel_sizes=10x7x3_conv_channels=256x256x256_fc_dims=512x256_seed7  completed  (8.4s)
2026-05-11 20:47:07,492 - INFO - [2088/3780] gpu0  trial_0206_lr=3.0e-03_weight_decay=1.0e-04_kernel_sizes=10x7x3_conv_channels=256x256x256_fc_dims=512_seed6  completed  (2.2s)
2026-05-11 20:47:14,420 - INFO - [2089/3780] gpu1  trial_0210_lr=1.0e-03_weight_decay=0_kernel_sizes=10x7x3_conv_channels=256x256x256_fc_dims=512x256_seed9  completed  (8.5s)
2026-05-11 20:47:15,544 - INFO - [2090/3780] gpu0  trial_0206_lr=3.0e-03_weight_decay=1.0e-04_kernel_sizes=10x7x3_conv_channels=256x256x256_fc_dims=512_seed8  completed  (8.1s)
2026-05-11 20:47:18,836 - INFO - [2091/3780] gpu0  trial_0207_lr=3.0e-04_weight_decay=0_kernel_sizes=10x7x3_conv_channels=256x256x256_fc_dims=512x256_seed0  completed  (3.3s)
2026-05-11 20:47:22,139 - INFO - [2092/3780] gpu0  trial_0207_lr=3.0e-04_weight_decay=0_kernel_sizes=10x7x3_conv_channels=256x256x256_fc_dims=512x256_seed2  completed  (3.3s)
2026-05-11 20:47:22,810 - INFO - [2093/3780] gpu1  trial_0211_lr=1.0e-03_weight_decay=1.0e-05_kernel_sizes=10x7x3_conv_channels=256x256x256_fc_dims=512x256_seed1  completed  (8.4s)
2026-05-11 20:47:25,429 - INFO - [2094/3780] gpu0  trial_0207_lr=3.0e-04_weight_decay=0_kernel_sizes=10x7x3_conv_channels=256x256x256_fc_dims=512x256_seed4  completed  (3.3s)
2026-05-11 20:47:28,608 - INFO - [2095/3780] gpu0  trial_0207_lr=3.0e-04_weight_decay=0_kernel_sizes=10x7x3_conv_channels=256x256x256_fc_dims=512x256_seed6  completed  (3.2s)
2026-05-11 20:47:31,367 - INFO - [2096/3780] gpu1  trial_0211_lr=1.0e-03_weight_decay=1.0e-05_kernel_sizes=10x7x3_conv_channels=256x256x256_fc_dims=512x256_seed3  completed  (8.6s)
2026-05-11 20:47:31,876 - INFO - [2097/3780] gpu0  trial_0207_lr=3.0e-04_weight_decay=0_kernel_sizes=10x7x3_conv_channels=256x256x256_fc_dims=512x256_seed8  completed  (3.3s)
2026-05-11 20:47:35,214 - INFO - [2098/3780] gpu0  trial_0208_lr=3.0e-04_weight_decay=1.0e-05_kernel_sizes=10x7x3_conv_channels=256x256x256_fc_dims=512x256_seed0  completed  (3.3s)
2026-05-11 20:47:38,515 - INFO - [2099/3780] gpu0  trial_0208_lr=3.0e-04_weight_decay=1.0e-05_kernel_sizes=10x7x3_conv_channels=256x256x256_fc_dims=512x256_seed2  completed  (3.3s)
2026-05-11 20:47:40,160 - INFO - [2100/3780] gpu1  trial_0211_lr=1.0e-03_weight_decay=1.0e-05_kernel_sizes=10x7x3_conv_channels=256x256x256_fc_dims=512x256_seed5  completed  (8.8s)
2026-05-11 20:47:41,785 - INFO - [2101/3780] gpu0  trial_0208_lr=3.0e-04_weight_decay=1.0e-05_kernel_sizes=10x7x3_conv_channels=256x256x256_fc_dims=512x256_seed4  completed  (3.3s)
2026-05-11 20:47:44,937 - INFO - [2102/3780] gpu0  trial_0208_lr=3.0e-04_weight_decay=1.0e-05_kernel_sizes=10x7x3_conv_channels=256x256x256_fc_dims=512x256_seed6  completed  (3.1s)
2026-05-11 20:47:48,232 - INFO - [2103/3780] gpu0  trial_0208_lr=3.0e-04_weight_decay=1.0e-05_kernel_sizes=10x7x3_conv_channels=256x256x256_fc_dims=512x256_seed8  completed  (3.3s)
2026-05-11 20:47:48,540 - INFO - [2104/3780] gpu1  trial_0211_lr=1.0e-03_weight_decay=1.0e-05_kernel_sizes=10x7x3_conv_channels=256x256x256_fc_dims=512x256_seed7  completed  (8.4s)
2026-05-11 20:47:51,528 - INFO - [2105/3780] gpu0  trial_0209_lr=3.0e-04_weight_decay=1.0e-04_kernel_sizes=10x7x3_conv_channels=256x256x256_fc_dims=512x256_seed0  completed  (3.3s)
2026-05-11 20:47:54,872 - INFO - [2106/3780] gpu0  trial_0209_lr=3.0e-04_weight_decay=1.0e-04_kernel_sizes=10x7x3_conv_channels=256x256x256_fc_dims=512x256_seed2  completed  (3.3s)
2026-05-11 20:47:56,927 - INFO - [2107/3780] gpu1  trial_0211_lr=1.0e-03_weight_decay=1.0e-05_kernel_sizes=10x7x3_conv_channels=256x256x256_fc_dims=512x256_seed9  completed  (8.4s)
2026-05-11 20:47:58,104 - INFO - [2108/3780] gpu0  trial_0209_lr=3.0e-04_weight_decay=1.0e-04_kernel_sizes=10x7x3_conv_channels=256x256x256_fc_dims=512x256_seed4  completed  (3.2s)
2026-05-11 20:48:01,277 - INFO - [2109/3780] gpu0  trial_0209_lr=3.0e-04_weight_decay=1.0e-04_kernel_sizes=10x7x3_conv_channels=256x256x256_fc_dims=512x256_seed6  completed  (3.2s)
2026-05-11 20:48:05,270 - INFO - [2110/3780] gpu1  trial_0212_lr=1.0e-03_weight_decay=1.0e-04_kernel_sizes=10x7x3_conv_channels=256x256x256_fc_dims=512x256_seed1  completed  (8.3s)
2026-05-11 20:48:09,814 - INFO - [2111/3780] gpu0  trial_0209_lr=3.0e-04_weight_decay=1.0e-04_kernel_sizes=10x7x3_conv_channels=256x256x256_fc_dims=512x256_seed8  completed  (8.5s)
2026-05-11 20:48:13,820 - INFO - [2112/3780] gpu1  trial_0212_lr=1.0e-03_weight_decay=1.0e-04_kernel_sizes=10x7x3_conv_channels=256x256x256_fc_dims=512x256_seed3  completed  (8.5s)
2026-05-11 20:48:18,303 - INFO - [2113/3780] gpu0  trial_0210_lr=1.0e-03_weight_decay=0_kernel_sizes=10x7x3_conv_channels=256x256x256_fc_dims=512x256_seed0  completed  (8.5s)
2026-05-11 20:48:22,332 - INFO - [2114/3780] gpu1  trial_0212_lr=1.0e-03_weight_decay=1.0e-04_kernel_sizes=10x7x3_conv_channels=256x256x256_fc_dims=512x256_seed5  completed  (8.5s)
2026-05-11 20:48:26,724 - INFO - [2115/3780] gpu0  trial_0210_lr=1.0e-03_weight_decay=0_kernel_sizes=10x7x3_conv_channels=256x256x256_fc_dims=512x256_seed2  completed  (8.4s)
2026-05-11 20:48:30,632 - INFO - [2116/3780] gpu1  trial_0212_lr=1.0e-03_weight_decay=1.0e-04_kernel_sizes=10x7x3_conv_channels=256x256x256_fc_dims=512x256_seed7  completed  (8.3s)
2026-05-11 20:48:35,121 - INFO - [2117/3780] gpu0  trial_0210_lr=1.0e-03_weight_decay=0_kernel_sizes=10x7x3_conv_channels=256x256x256_fc_dims=512x256_seed4  completed  (8.4s)
2026-05-11 20:48:38,908 - INFO - [2118/3780] gpu1  trial_0212_lr=1.0e-03_weight_decay=1.0e-04_kernel_sizes=10x7x3_conv_channels=256x256x256_fc_dims=512x256_seed9  completed  (8.3s)
2026-05-11 20:48:43,725 - INFO - [2119/3780] gpu0  trial_0210_lr=1.0e-03_weight_decay=0_kernel_sizes=10x7x3_conv_channels=256x256x256_fc_dims=512x256_seed6  completed  (8.6s)
2026-05-11 20:48:47,225 - INFO - [2120/3780] gpu1  trial_0213_lr=3.0e-03_weight_decay=0_kernel_sizes=10x7x3_conv_channels=256x256x256_fc_dims=512x256_seed1  completed  (8.3s)
2026-05-11 20:48:52,109 - INFO - [2121/3780] gpu0  trial_0210_lr=1.0e-03_weight_decay=0_kernel_sizes=10x7x3_conv_channels=256x256x256_fc_dims=512x256_seed8  completed  (8.4s)
2026-05-11 20:48:55,661 - INFO - [2122/3780] gpu1  trial_0213_lr=3.0e-03_weight_decay=0_kernel_sizes=10x7x3_conv_channels=256x256x256_fc_dims=512x256_seed3  completed  (8.4s)
2026-05-11 20:49:00,489 - INFO - [2123/3780] gpu0  trial_0211_lr=1.0e-03_weight_decay=1.0e-05_kernel_sizes=10x7x3_conv_channels=256x256x256_fc_dims=512x256_seed0  completed  (8.4s)
2026-05-11 20:49:03,975 - INFO - [2124/3780] gpu1  trial_0213_lr=3.0e-03_weight_decay=0_kernel_sizes=10x7x3_conv_channels=256x256x256_fc_dims=512x256_seed5  completed  (8.3s)
2026-05-11 20:49:09,010 - INFO - [2125/3780] gpu0  trial_0211_lr=1.0e-03_weight_decay=1.0e-05_kernel_sizes=10x7x3_conv_channels=256x256x256_fc_dims=512x256_seed2  completed  (8.5s)
2026-05-11 20:49:12,389 - INFO - [2126/3780] gpu1  trial_0213_lr=3.0e-03_weight_decay=0_kernel_sizes=10x7x3_conv_channels=256x256x256_fc_dims=512x256_seed7  completed  (8.4s)
2026-05-11 20:49:17,655 - INFO - [2127/3780] gpu0  trial_0211_lr=1.0e-03_weight_decay=1.0e-05_kernel_sizes=10x7x3_conv_channels=256x256x256_fc_dims=512x256_seed4  completed  (8.6s)
2026-05-11 20:49:20,745 - INFO - [2128/3780] gpu1  trial_0213_lr=3.0e-03_weight_decay=0_kernel_sizes=10x7x3_conv_channels=256x256x256_fc_dims=512x256_seed9  completed  (8.4s)
2026-05-11 20:49:26,128 - INFO - [2129/3780] gpu0  trial_0211_lr=1.0e-03_weight_decay=1.0e-05_kernel_sizes=10x7x3_conv_channels=256x256x256_fc_dims=512x256_seed6  completed  (8.5s)
2026-05-11 20:49:29,096 - INFO - [2130/3780] gpu1  trial_0214_lr=3.0e-03_weight_decay=1.0e-05_kernel_sizes=10x7x3_conv_channels=256x256x256_fc_dims=512x256_seed1  completed  (8.3s)
2026-05-11 20:49:34,466 - INFO - [2131/3780] gpu0  trial_0211_lr=1.0e-03_weight_decay=1.0e-05_kernel_sizes=10x7x3_conv_channels=256x256x256_fc_dims=512x256_seed8  completed  (8.3s)
2026-05-11 20:49:37,438 - INFO - [2132/3780] gpu1  trial_0214_lr=3.0e-03_weight_decay=1.0e-05_kernel_sizes=10x7x3_conv_channels=256x256x256_fc_dims=512x256_seed3  completed  (8.3s)
2026-05-11 20:49:42,981 - INFO - [2133/3780] gpu0  trial_0212_lr=1.0e-03_weight_decay=1.0e-04_kernel_sizes=10x7x3_conv_channels=256x256x256_fc_dims=512x256_seed0  completed  (8.5s)
2026-05-11 20:49:45,733 - INFO - [2134/3780] gpu1  trial_0214_lr=3.0e-03_weight_decay=1.0e-05_kernel_sizes=10x7x3_conv_channels=256x256x256_fc_dims=512x256_seed5  completed  (8.3s)
2026-05-11 20:49:51,417 - INFO - [2135/3780] gpu0  trial_0212_lr=1.0e-03_weight_decay=1.0e-04_kernel_sizes=10x7x3_conv_channels=256x256x256_fc_dims=512x256_seed2  completed  (8.4s)
2026-05-11 20:49:54,105 - INFO - [2136/3780] gpu1  trial_0214_lr=3.0e-03_weight_decay=1.0e-05_kernel_sizes=10x7x3_conv_channels=256x256x256_fc_dims=512x256_seed7  completed  (8.4s)
2026-05-11 20:49:59,770 - INFO - [2137/3780] gpu0  trial_0212_lr=1.0e-03_weight_decay=1.0e-04_kernel_sizes=10x7x3_conv_channels=256x256x256_fc_dims=512x256_seed4  completed  (8.4s)
2026-05-11 20:50:02,428 - INFO - [2138/3780] gpu1  trial_0214_lr=3.0e-03_weight_decay=1.0e-05_kernel_sizes=10x7x3_conv_channels=256x256x256_fc_dims=512x256_seed9  completed  (8.3s)
2026-05-11 20:50:08,152 - INFO - [2139/3780] gpu0  trial_0212_lr=1.0e-03_weight_decay=1.0e-04_kernel_sizes=10x7x3_conv_channels=256x256x256_fc_dims=512x256_seed6  completed  (8.4s)
2026-05-11 20:50:08,574 - INFO - [2140/3780] gpu1  trial_0215_lr=3.0e-03_weight_decay=1.0e-04_kernel_sizes=10x7x3_conv_channels=256x256x256_fc_dims=512x256_seed1  completed  (6.1s)
2026-05-11 20:50:12,576 - INFO - [2141/3780] gpu1  trial_0215_lr=3.0e-03_weight_decay=1.0e-04_kernel_sizes=10x7x3_conv_channels=256x256x256_fc_dims=512x256_seed3  completed  (4.0s)
2026-05-11 20:50:15,905 - INFO - [2142/3780] gpu1  trial_0215_lr=3.0e-03_weight_decay=1.0e-04_kernel_sizes=10x7x3_conv_channels=256x256x256_fc_dims=512x256_seed5  completed  (3.3s)
2026-05-11 20:50:16,485 - INFO - [2143/3780] gpu0  trial_0212_lr=1.0e-03_weight_decay=1.0e-04_kernel_sizes=10x7x3_conv_channels=256x256x256_fc_dims=512x256_seed8  completed  (8.3s)
2026-05-11 20:50:19,647 - INFO - [2144/3780] gpu1  trial_0215_lr=3.0e-03_weight_decay=1.0e-04_kernel_sizes=10x7x3_conv_channels=256x256x256_fc_dims=512x256_seed7  completed  (3.7s)
2026-05-11 20:50:24,876 - INFO - [2145/3780] gpu0  trial_0213_lr=3.0e-03_weight_decay=0_kernel_sizes=10x7x3_conv_channels=256x256x256_fc_dims=512x256_seed0  completed  (8.4s)
2026-05-11 20:50:27,877 - INFO - [2146/3780] gpu1  trial_0215_lr=3.0e-03_weight_decay=1.0e-04_kernel_sizes=10x7x3_conv_channels=256x256x256_fc_dims=512x256_seed9  completed  (8.2s)
2026-05-11 20:50:33,385 - INFO - [2147/3780] gpu0  trial_0213_lr=3.0e-03_weight_decay=0_kernel_sizes=10x7x3_conv_channels=256x256x256_fc_dims=512x256_seed2  completed  (8.5s)
2026-05-11 20:50:35,774 - INFO - [2148/3780] gpu1  trial_0216_lr=3.0e-04_weight_decay=0_kernel_sizes=10x5x3_conv_channels=256x256x256_fc_dims=256_seed1  completed  (7.9s)
2026-05-11 20:50:41,818 - INFO - [2149/3780] gpu0  trial_0213_lr=3.0e-03_weight_decay=0_kernel_sizes=10x7x3_conv_channels=256x256x256_fc_dims=512x256_seed4  completed  (8.4s)
2026-05-11 20:50:43,686 - INFO - [2150/3780] gpu1  trial_0216_lr=3.0e-04_weight_decay=0_kernel_sizes=10x5x3_conv_channels=256x256x256_fc_dims=256_seed3  completed  (7.9s)
2026-05-11 20:50:50,186 - INFO - [2151/3780] gpu0  trial_0213_lr=3.0e-03_weight_decay=0_kernel_sizes=10x7x3_conv_channels=256x256x256_fc_dims=512x256_seed6  completed  (8.4s)
2026-05-11 20:50:51,358 - INFO - [2152/3780] gpu1  trial_0216_lr=3.0e-04_weight_decay=0_kernel_sizes=10x5x3_conv_channels=256x256x256_fc_dims=256_seed5  completed  (7.7s)
2026-05-11 20:50:58,664 - INFO - [2153/3780] gpu0  trial_0213_lr=3.0e-03_weight_decay=0_kernel_sizes=10x7x3_conv_channels=256x256x256_fc_dims=512x256_seed8  completed  (8.5s)
2026-05-11 20:50:59,176 - INFO - [2154/3780] gpu1  trial_0216_lr=3.0e-04_weight_decay=0_kernel_sizes=10x5x3_conv_channels=256x256x256_fc_dims=256_seed7  completed  (7.8s)
2026-05-11 20:51:07,043 - INFO - [2155/3780] gpu1  trial_0216_lr=3.0e-04_weight_decay=0_kernel_sizes=10x5x3_conv_channels=256x256x256_fc_dims=256_seed9  completed  (7.9s)
2026-05-11 20:51:07,186 - INFO - [2156/3780] gpu0  trial_0214_lr=3.0e-03_weight_decay=1.0e-05_kernel_sizes=10x7x3_conv_channels=256x256x256_fc_dims=512x256_seed0  completed  (8.5s)
2026-05-11 20:51:14,833 - INFO - [2157/3780] gpu1  trial_0217_lr=3.0e-04_weight_decay=1.0e-05_kernel_sizes=10x5x3_conv_channels=256x256x256_fc_dims=256_seed1  completed  (7.8s)
2026-05-11 20:51:15,541 - INFO - [2158/3780] gpu0  trial_0214_lr=3.0e-03_weight_decay=1.0e-05_kernel_sizes=10x7x3_conv_channels=256x256x256_fc_dims=512x256_seed2  completed  (8.4s)
2026-05-11 20:51:22,590 - INFO - [2159/3780] gpu1  trial_0217_lr=3.0e-04_weight_decay=1.0e-05_kernel_sizes=10x5x3_conv_channels=256x256x256_fc_dims=256_seed3  completed  (7.8s)
2026-05-11 20:51:24,073 - INFO - [2160/3780] gpu0  trial_0214_lr=3.0e-03_weight_decay=1.0e-05_kernel_sizes=10x7x3_conv_channels=256x256x256_fc_dims=512x256_seed4  completed  (8.5s)
2026-05-11 20:51:30,469 - INFO - [2161/3780] gpu1  trial_0217_lr=3.0e-04_weight_decay=1.0e-05_kernel_sizes=10x5x3_conv_channels=256x256x256_fc_dims=256_seed5  completed  (7.9s)
2026-05-11 20:51:32,607 - INFO - [2162/3780] gpu0  trial_0214_lr=3.0e-03_weight_decay=1.0e-05_kernel_sizes=10x7x3_conv_channels=256x256x256_fc_dims=512x256_seed6  completed  (8.5s)
2026-05-11 20:51:38,287 - INFO - [2163/3780] gpu1  trial_0217_lr=3.0e-04_weight_decay=1.0e-05_kernel_sizes=10x5x3_conv_channels=256x256x256_fc_dims=256_seed7  completed  (7.8s)
2026-05-11 20:51:41,082 - INFO - [2164/3780] gpu0  trial_0214_lr=3.0e-03_weight_decay=1.0e-05_kernel_sizes=10x7x3_conv_channels=256x256x256_fc_dims=512x256_seed8  completed  (8.5s)
2026-05-11 20:51:46,077 - INFO - [2165/3780] gpu1  trial_0217_lr=3.0e-04_weight_decay=1.0e-05_kernel_sizes=10x5x3_conv_channels=256x256x256_fc_dims=256_seed9  completed  (7.8s)
2026-05-11 20:51:49,572 - INFO - [2166/3780] gpu0  trial_0215_lr=3.0e-03_weight_decay=1.0e-04_kernel_sizes=10x7x3_conv_channels=256x256x256_fc_dims=512x256_seed0  completed  (8.5s)
2026-05-11 20:51:53,847 - INFO - [2167/3780] gpu1  trial_0218_lr=3.0e-04_weight_decay=1.0e-04_kernel_sizes=10x5x3_conv_channels=256x256x256_fc_dims=256_seed1  completed  (7.8s)
2026-05-11 20:51:57,975 - INFO - [2168/3780] gpu0  trial_0215_lr=3.0e-03_weight_decay=1.0e-04_kernel_sizes=10x7x3_conv_channels=256x256x256_fc_dims=512x256_seed2  completed  (8.4s)
2026-05-11 20:52:01,836 - INFO - [2169/3780] gpu1  trial_0218_lr=3.0e-04_weight_decay=1.0e-04_kernel_sizes=10x5x3_conv_channels=256x256x256_fc_dims=256_seed3  completed  (8.0s)
2026-05-11 20:52:06,546 - INFO - [2170/3780] gpu0  trial_0215_lr=3.0e-03_weight_decay=1.0e-04_kernel_sizes=10x7x3_conv_channels=256x256x256_fc_dims=512x256_seed4  completed  (8.6s)
2026-05-11 20:52:09,494 - INFO - [2171/3780] gpu1  trial_0218_lr=3.0e-04_weight_decay=1.0e-04_kernel_sizes=10x5x3_conv_channels=256x256x256_fc_dims=256_seed5  completed  (7.7s)
2026-05-11 20:52:10,206 - INFO - [2172/3780] gpu0  trial_0215_lr=3.0e-03_weight_decay=1.0e-04_kernel_sizes=10x7x3_conv_channels=256x256x256_fc_dims=512x256_seed6  completed  (3.7s)
2026-05-11 20:52:15,576 - INFO - [2173/3780] gpu0  trial_0215_lr=3.0e-03_weight_decay=1.0e-04_kernel_sizes=10x7x3_conv_channels=256x256x256_fc_dims=512x256_seed8  completed  (5.4s)
2026-05-11 20:52:17,161 - INFO - [2174/3780] gpu1  trial_0218_lr=3.0e-04_weight_decay=1.0e-04_kernel_sizes=10x5x3_conv_channels=256x256x256_fc_dims=256_seed7  completed  (7.7s)
2026-05-11 20:52:23,437 - INFO - [2175/3780] gpu0  trial_0216_lr=3.0e-04_weight_decay=0_kernel_sizes=10x5x3_conv_channels=256x256x256_fc_dims=256_seed0  completed  (7.9s)
2026-05-11 20:52:24,905 - INFO - [2176/3780] gpu1  trial_0218_lr=3.0e-04_weight_decay=1.0e-04_kernel_sizes=10x5x3_conv_channels=256x256x256_fc_dims=256_seed9  completed  (7.7s)
2026-05-11 20:52:31,255 - INFO - [2177/3780] gpu0  trial_0216_lr=3.0e-04_weight_decay=0_kernel_sizes=10x5x3_conv_channels=256x256x256_fc_dims=256_seed2  completed  (7.8s)
2026-05-11 20:52:32,569 - INFO - [2178/3780] gpu1  trial_0219_lr=1.0e-03_weight_decay=0_kernel_sizes=10x5x3_conv_channels=256x256x256_fc_dims=256_seed1  completed  (7.7s)
2026-05-11 20:52:39,039 - INFO - [2179/3780] gpu0  trial_0216_lr=3.0e-04_weight_decay=0_kernel_sizes=10x5x3_conv_channels=256x256x256_fc_dims=256_seed4  completed  (7.8s)
2026-05-11 20:52:40,272 - INFO - [2180/3780] gpu1  trial_0219_lr=1.0e-03_weight_decay=0_kernel_sizes=10x5x3_conv_channels=256x256x256_fc_dims=256_seed3  completed  (7.7s)
2026-05-11 20:52:46,767 - INFO - [2181/3780] gpu0  trial_0216_lr=3.0e-04_weight_decay=0_kernel_sizes=10x5x3_conv_channels=256x256x256_fc_dims=256_seed6  completed  (7.7s)
2026-05-11 20:52:48,011 - INFO - [2182/3780] gpu1  trial_0219_lr=1.0e-03_weight_decay=0_kernel_sizes=10x5x3_conv_channels=256x256x256_fc_dims=256_seed5  completed  (7.7s)
2026-05-11 20:52:54,607 - INFO - [2183/3780] gpu0  trial_0216_lr=3.0e-04_weight_decay=0_kernel_sizes=10x5x3_conv_channels=256x256x256_fc_dims=256_seed8  completed  (7.8s)
2026-05-11 20:52:55,737 - INFO - [2184/3780] gpu1  trial_0219_lr=1.0e-03_weight_decay=0_kernel_sizes=10x5x3_conv_channels=256x256x256_fc_dims=256_seed7  completed  (7.7s)
2026-05-11 20:53:02,481 - INFO - [2185/3780] gpu0  trial_0217_lr=3.0e-04_weight_decay=1.0e-05_kernel_sizes=10x5x3_conv_channels=256x256x256_fc_dims=256_seed0  completed  (7.9s)
2026-05-11 20:53:03,573 - INFO - [2186/3780] gpu1  trial_0219_lr=1.0e-03_weight_decay=0_kernel_sizes=10x5x3_conv_channels=256x256x256_fc_dims=256_seed9  completed  (7.8s)
2026-05-11 20:53:10,124 - INFO - [2187/3780] gpu0  trial_0217_lr=3.0e-04_weight_decay=1.0e-05_kernel_sizes=10x5x3_conv_channels=256x256x256_fc_dims=256_seed2  completed  (7.6s)
2026-05-11 20:53:11,223 - INFO - [2188/3780] gpu1  trial_0220_lr=1.0e-03_weight_decay=1.0e-05_kernel_sizes=10x5x3_conv_channels=256x256x256_fc_dims=256_seed1  completed  (7.6s)
2026-05-11 20:53:17,889 - INFO - [2189/3780] gpu0  trial_0217_lr=3.0e-04_weight_decay=1.0e-05_kernel_sizes=10x5x3_conv_channels=256x256x256_fc_dims=256_seed4  completed  (7.8s)
2026-05-11 20:53:18,765 - INFO - [2190/3780] gpu1  trial_0220_lr=1.0e-03_weight_decay=1.0e-05_kernel_sizes=10x5x3_conv_channels=256x256x256_fc_dims=256_seed3  completed  (7.5s)
2026-05-11 20:53:25,881 - INFO - [2191/3780] gpu0  trial_0217_lr=3.0e-04_weight_decay=1.0e-05_kernel_sizes=10x5x3_conv_channels=256x256x256_fc_dims=256_seed6  completed  (8.0s)
2026-05-11 20:53:26,514 - INFO - [2192/3780] gpu1  trial_0220_lr=1.0e-03_weight_decay=1.0e-05_kernel_sizes=10x5x3_conv_channels=256x256x256_fc_dims=256_seed5  completed  (7.7s)
2026-05-11 20:53:33,730 - INFO - [2193/3780] gpu0  trial_0217_lr=3.0e-04_weight_decay=1.0e-05_kernel_sizes=10x5x3_conv_channels=256x256x256_fc_dims=256_seed8  completed  (7.8s)
2026-05-11 20:53:34,240 - INFO - [2194/3780] gpu1  trial_0220_lr=1.0e-03_weight_decay=1.0e-05_kernel_sizes=10x5x3_conv_channels=256x256x256_fc_dims=256_seed7  completed  (7.7s)
2026-05-11 20:53:41,637 - INFO - [2195/3780] gpu0  trial_0218_lr=3.0e-04_weight_decay=1.0e-04_kernel_sizes=10x5x3_conv_channels=256x256x256_fc_dims=256_seed0  completed  (7.9s)
2026-05-11 20:53:41,852 - INFO - [2196/3780] gpu1  trial_0220_lr=1.0e-03_weight_decay=1.0e-05_kernel_sizes=10x5x3_conv_channels=256x256x256_fc_dims=256_seed9  completed  (7.6s)
2026-05-11 20:53:49,479 - INFO - [2197/3780] gpu0  trial_0218_lr=3.0e-04_weight_decay=1.0e-04_kernel_sizes=10x5x3_conv_channels=256x256x256_fc_dims=256_seed2  completed  (7.8s)
2026-05-11 20:53:49,525 - INFO - [2198/3780] gpu1  trial_0221_lr=1.0e-03_weight_decay=1.0e-04_kernel_sizes=10x5x3_conv_channels=256x256x256_fc_dims=256_seed1  completed  (7.7s)
2026-05-11 20:53:57,044 - INFO - [2199/3780] gpu1  trial_0221_lr=1.0e-03_weight_decay=1.0e-04_kernel_sizes=10x5x3_conv_channels=256x256x256_fc_dims=256_seed3  completed  (7.5s)
2026-05-11 20:53:57,322 - INFO - [2200/3780] gpu0  trial_0218_lr=3.0e-04_weight_decay=1.0e-04_kernel_sizes=10x5x3_conv_channels=256x256x256_fc_dims=256_seed4  completed  (7.8s)
2026-05-11 20:53:59,414 - INFO - [2201/3780] gpu1  trial_0221_lr=1.0e-03_weight_decay=1.0e-04_kernel_sizes=10x5x3_conv_channels=256x256x256_fc_dims=256_seed5  completed  (2.4s)
2026-05-11 20:54:05,100 - INFO - [2202/3780] gpu0  trial_0218_lr=3.0e-04_weight_decay=1.0e-04_kernel_sizes=10x5x3_conv_channels=256x256x256_fc_dims=256_seed6  completed  (7.8s)
2026-05-11 20:54:07,278 - INFO - [2203/3780] gpu1  trial_0221_lr=1.0e-03_weight_decay=1.0e-04_kernel_sizes=10x5x3_conv_channels=256x256x256_fc_dims=256_seed7  completed  (7.9s)
2026-05-11 20:54:09,742 - INFO - [2204/3780] gpu1  trial_0221_lr=1.0e-03_weight_decay=1.0e-04_kernel_sizes=10x5x3_conv_channels=256x256x256_fc_dims=256_seed9  completed  (2.5s)
2026-05-11 20:54:12,985 - INFO - [2205/3780] gpu0  trial_0218_lr=3.0e-04_weight_decay=1.0e-04_kernel_sizes=10x5x3_conv_channels=256x256x256_fc_dims=256_seed8  completed  (7.9s)
2026-05-11 20:54:17,626 - INFO - [2206/3780] gpu1  trial_0222_lr=3.0e-03_weight_decay=0_kernel_sizes=10x5x3_conv_channels=256x256x256_fc_dims=256_seed1  completed  (7.9s)
2026-05-11 20:54:20,779 - INFO - [2207/3780] gpu0  trial_0219_lr=1.0e-03_weight_decay=0_kernel_sizes=10x5x3_conv_channels=256x256x256_fc_dims=256_seed0  completed  (7.8s)
2026-05-11 20:54:25,424 - INFO - [2208/3780] gpu1  trial_0222_lr=3.0e-03_weight_decay=0_kernel_sizes=10x5x3_conv_channels=256x256x256_fc_dims=256_seed3  completed  (7.8s)
2026-05-11 20:54:28,684 - INFO - [2209/3780] gpu0  trial_0219_lr=1.0e-03_weight_decay=0_kernel_sizes=10x5x3_conv_channels=256x256x256_fc_dims=256_seed2  completed  (7.9s)
2026-05-11 20:54:33,384 - INFO - [2210/3780] gpu1  trial_0222_lr=3.0e-03_weight_decay=0_kernel_sizes=10x5x3_conv_channels=256x256x256_fc_dims=256_seed5  completed  (8.0s)
2026-05-11 20:54:36,565 - INFO - [2211/3780] gpu0  trial_0219_lr=1.0e-03_weight_decay=0_kernel_sizes=10x5x3_conv_channels=256x256x256_fc_dims=256_seed4  completed  (7.9s)
2026-05-11 20:54:41,273 - INFO - [2212/3780] gpu1  trial_0222_lr=3.0e-03_weight_decay=0_kernel_sizes=10x5x3_conv_channels=256x256x256_fc_dims=256_seed7  completed  (7.9s)
2026-05-11 20:54:44,433 - INFO - [2213/3780] gpu0  trial_0219_lr=1.0e-03_weight_decay=0_kernel_sizes=10x5x3_conv_channels=256x256x256_fc_dims=256_seed6  completed  (7.9s)
2026-05-11 20:54:49,077 - INFO - [2214/3780] gpu1  trial_0222_lr=3.0e-03_weight_decay=0_kernel_sizes=10x5x3_conv_channels=256x256x256_fc_dims=256_seed9  completed  (7.8s)
2026-05-11 20:54:52,333 - INFO - [2215/3780] gpu0  trial_0219_lr=1.0e-03_weight_decay=0_kernel_sizes=10x5x3_conv_channels=256x256x256_fc_dims=256_seed8  completed  (7.9s)
2026-05-11 20:54:56,792 - INFO - [2216/3780] gpu1  trial_0223_lr=3.0e-03_weight_decay=1.0e-05_kernel_sizes=10x5x3_conv_channels=256x256x256_fc_dims=256_seed1  completed  (7.7s)
2026-05-11 20:55:00,224 - INFO - [2217/3780] gpu0  trial_0220_lr=1.0e-03_weight_decay=1.0e-05_kernel_sizes=10x5x3_conv_channels=256x256x256_fc_dims=256_seed0  completed  (7.9s)
2026-05-11 20:55:04,673 - INFO - [2218/3780] gpu1  trial_0223_lr=3.0e-03_weight_decay=1.0e-05_kernel_sizes=10x5x3_conv_channels=256x256x256_fc_dims=256_seed3  completed  (7.9s)
2026-05-11 20:55:07,960 - INFO - [2219/3780] gpu0  trial_0220_lr=1.0e-03_weight_decay=1.0e-05_kernel_sizes=10x5x3_conv_channels=256x256x256_fc_dims=256_seed2  completed  (7.7s)
2026-05-11 20:55:12,500 - INFO - [2220/3780] gpu1  trial_0223_lr=3.0e-03_weight_decay=1.0e-05_kernel_sizes=10x5x3_conv_channels=256x256x256_fc_dims=256_seed5  completed  (7.8s)
2026-05-11 20:55:15,789 - INFO - [2221/3780] gpu0  trial_0220_lr=1.0e-03_weight_decay=1.0e-05_kernel_sizes=10x5x3_conv_channels=256x256x256_fc_dims=256_seed4  completed  (7.8s)
2026-05-11 20:55:20,305 - INFO - [2222/3780] gpu1  trial_0223_lr=3.0e-03_weight_decay=1.0e-05_kernel_sizes=10x5x3_conv_channels=256x256x256_fc_dims=256_seed7  completed  (7.8s)
2026-05-11 20:55:23,728 - INFO - [2223/3780] gpu0  trial_0220_lr=1.0e-03_weight_decay=1.0e-05_kernel_sizes=10x5x3_conv_channels=256x256x256_fc_dims=256_seed6  completed  (7.9s)
2026-05-11 20:55:28,025 - INFO - [2224/3780] gpu1  trial_0223_lr=3.0e-03_weight_decay=1.0e-05_kernel_sizes=10x5x3_conv_channels=256x256x256_fc_dims=256_seed9  completed  (7.7s)
2026-05-11 20:55:31,554 - INFO - [2225/3780] gpu0  trial_0220_lr=1.0e-03_weight_decay=1.0e-05_kernel_sizes=10x5x3_conv_channels=256x256x256_fc_dims=256_seed8  completed  (7.8s)
2026-05-11 20:55:34,126 - INFO - [2226/3780] gpu1  trial_0224_lr=3.0e-03_weight_decay=1.0e-04_kernel_sizes=10x5x3_conv_channels=256x256x256_fc_dims=256_seed1  completed  (6.1s)
2026-05-11 20:55:39,354 - INFO - [2227/3780] gpu0  trial_0221_lr=1.0e-03_weight_decay=1.0e-04_kernel_sizes=10x5x3_conv_channels=256x256x256_fc_dims=256_seed0  completed  (7.8s)
2026-05-11 20:55:40,074 - INFO - [2228/3780] gpu1  trial_0224_lr=3.0e-03_weight_decay=1.0e-04_kernel_sizes=10x5x3_conv_channels=256x256x256_fc_dims=256_seed3  completed  (5.9s)
2026-05-11 20:55:47,136 - INFO - [2229/3780] gpu0  trial_0221_lr=1.0e-03_weight_decay=1.0e-04_kernel_sizes=10x5x3_conv_channels=256x256x256_fc_dims=256_seed2  completed  (7.8s)
2026-05-11 20:55:47,971 - INFO - [2230/3780] gpu1  trial_0224_lr=3.0e-03_weight_decay=1.0e-04_kernel_sizes=10x5x3_conv_channels=256x256x256_fc_dims=256_seed5  completed  (7.9s)
2026-05-11 20:55:54,902 - INFO - [2231/3780] gpu0  trial_0221_lr=1.0e-03_weight_decay=1.0e-04_kernel_sizes=10x5x3_conv_channels=256x256x256_fc_dims=256_seed4  completed  (7.8s)
2026-05-11 20:55:55,393 - INFO - [2232/3780] gpu1  trial_0224_lr=3.0e-03_weight_decay=1.0e-04_kernel_sizes=10x5x3_conv_channels=256x256x256_fc_dims=256_seed7  completed  (7.4s)
2026-05-11 20:56:02,748 - INFO - [2233/3780] gpu1  trial_0224_lr=3.0e-03_weight_decay=1.0e-04_kernel_sizes=10x5x3_conv_channels=256x256x256_fc_dims=256_seed9  completed  (7.4s)
2026-05-11 20:56:02,787 - INFO - [2234/3780] gpu0  trial_0221_lr=1.0e-03_weight_decay=1.0e-04_kernel_sizes=10x5x3_conv_channels=256x256x256_fc_dims=256_seed6  completed  (7.9s)
2026-05-11 20:56:06,398 - INFO - [2235/3780] gpu1  trial_0225_lr=3.0e-04_weight_decay=0_kernel_sizes=10x5x3_conv_channels=256x256x256_fc_dims=512_seed1  completed  (3.6s)
2026-05-11 20:56:10,055 - INFO - [2236/3780] gpu1  trial_0225_lr=3.0e-04_weight_decay=0_kernel_sizes=10x5x3_conv_channels=256x256x256_fc_dims=512_seed3  completed  (3.7s)
2026-05-11 20:56:10,561 - INFO - [2237/3780] gpu0  trial_0221_lr=1.0e-03_weight_decay=1.0e-04_kernel_sizes=10x5x3_conv_channels=256x256x256_fc_dims=256_seed8  completed  (7.8s)
2026-05-11 20:56:13,674 - INFO - [2238/3780] gpu1  trial_0225_lr=3.0e-04_weight_decay=0_kernel_sizes=10x5x3_conv_channels=256x256x256_fc_dims=512_seed5  completed  (3.6s)
2026-05-11 20:56:18,317 - INFO - [2239/3780] gpu0  trial_0222_lr=3.0e-03_weight_decay=0_kernel_sizes=10x5x3_conv_channels=256x256x256_fc_dims=256_seed0  completed  (7.8s)
2026-05-11 20:56:21,778 - INFO - [2240/3780] gpu1  trial_0225_lr=3.0e-04_weight_decay=0_kernel_sizes=10x5x3_conv_channels=256x256x256_fc_dims=512_seed7  completed  (8.1s)
2026-05-11 20:56:25,380 - INFO - [2241/3780] gpu1  trial_0225_lr=3.0e-04_weight_decay=0_kernel_sizes=10x5x3_conv_channels=256x256x256_fc_dims=512_seed9  completed  (3.6s)
2026-05-11 20:56:26,147 - INFO - [2242/3780] gpu0  trial_0222_lr=3.0e-03_weight_decay=0_kernel_sizes=10x5x3_conv_channels=256x256x256_fc_dims=256_seed2  completed  (7.8s)
2026-05-11 20:56:29,036 - INFO - [2243/3780] gpu1  trial_0226_lr=3.0e-04_weight_decay=1.0e-05_kernel_sizes=10x5x3_conv_channels=256x256x256_fc_dims=512_seed1  completed  (3.7s)
2026-05-11 20:56:32,673 - INFO - [2244/3780] gpu1  trial_0226_lr=3.0e-04_weight_decay=1.0e-05_kernel_sizes=10x5x3_conv_channels=256x256x256_fc_dims=512_seed3  completed  (3.6s)
2026-05-11 20:56:33,970 - INFO - [2245/3780] gpu0  trial_0222_lr=3.0e-03_weight_decay=0_kernel_sizes=10x5x3_conv_channels=256x256x256_fc_dims=256_seed4  completed  (7.8s)
2026-05-11 20:56:36,245 - INFO - [2246/3780] gpu1  trial_0226_lr=3.0e-04_weight_decay=1.0e-05_kernel_sizes=10x5x3_conv_channels=256x256x256_fc_dims=512_seed5  completed  (3.6s)
2026-05-11 20:56:41,766 - INFO - [2247/3780] gpu0  trial_0222_lr=3.0e-03_weight_decay=0_kernel_sizes=10x5x3_conv_channels=256x256x256_fc_dims=256_seed6  completed  (7.8s)
2026-05-11 20:56:44,344 - INFO - [2248/3780] gpu1  trial_0226_lr=3.0e-04_weight_decay=1.0e-05_kernel_sizes=10x5x3_conv_channels=256x256x256_fc_dims=512_seed7  completed  (8.1s)
2026-05-11 20:56:49,538 - INFO - [2249/3780] gpu0  trial_0222_lr=3.0e-03_weight_decay=0_kernel_sizes=10x5x3_conv_channels=256x256x256_fc_dims=256_seed8  completed  (7.8s)
2026-05-11 20:56:52,673 - INFO - [2250/3780] gpu1  trial_0226_lr=3.0e-04_weight_decay=1.0e-05_kernel_sizes=10x5x3_conv_channels=256x256x256_fc_dims=512_seed9  completed  (8.3s)
2026-05-11 20:56:57,303 - INFO - [2251/3780] gpu0  trial_0223_lr=3.0e-03_weight_decay=1.0e-05_kernel_sizes=10x5x3_conv_channels=256x256x256_fc_dims=256_seed0  completed  (7.8s)
2026-05-11 20:57:00,694 - INFO - [2252/3780] gpu1  trial_0227_lr=3.0e-04_weight_decay=1.0e-04_kernel_sizes=10x5x3_conv_channels=256x256x256_fc_dims=512_seed1  completed  (8.0s)
2026-05-11 20:57:04,362 - INFO - [2253/3780] gpu1  trial_0227_lr=3.0e-04_weight_decay=1.0e-04_kernel_sizes=10x5x3_conv_channels=256x256x256_fc_dims=512_seed3  completed  (3.7s)
2026-05-11 20:57:05,206 - INFO - [2254/3780] gpu0  trial_0223_lr=3.0e-03_weight_decay=1.0e-05_kernel_sizes=10x5x3_conv_channels=256x256x256_fc_dims=256_seed2  completed  (7.9s)
2026-05-11 20:57:07,983 - INFO - [2255/3780] gpu1  trial_0227_lr=3.0e-04_weight_decay=1.0e-04_kernel_sizes=10x5x3_conv_channels=256x256x256_fc_dims=512_seed5  completed  (3.6s)
2026-05-11 20:57:13,096 - INFO - [2256/3780] gpu0  trial_0223_lr=3.0e-03_weight_decay=1.0e-05_kernel_sizes=10x5x3_conv_channels=256x256x256_fc_dims=256_seed4  completed  (7.9s)
2026-05-11 20:57:16,182 - INFO - [2257/3780] gpu1  trial_0227_lr=3.0e-04_weight_decay=1.0e-04_kernel_sizes=10x5x3_conv_channels=256x256x256_fc_dims=512_seed7  completed  (8.2s)
2026-05-11 20:57:20,773 - INFO - [2258/3780] gpu0  trial_0223_lr=3.0e-03_weight_decay=1.0e-05_kernel_sizes=10x5x3_conv_channels=256x256x256_fc_dims=256_seed6  completed  (7.7s)
2026-05-11 20:57:24,100 - INFO - [2259/3780] gpu1  trial_0227_lr=3.0e-04_weight_decay=1.0e-04_kernel_sizes=10x5x3_conv_channels=256x256x256_fc_dims=512_seed9  completed  (7.9s)
2026-05-11 20:57:28,634 - INFO - [2260/3780] gpu0  trial_0223_lr=3.0e-03_weight_decay=1.0e-05_kernel_sizes=10x5x3_conv_channels=256x256x256_fc_dims=256_seed8  completed  (7.9s)
2026-05-11 20:57:32,006 - INFO - [2261/3780] gpu1  trial_0228_lr=1.0e-03_weight_decay=0_kernel_sizes=10x5x3_conv_channels=256x256x256_fc_dims=512_seed1  completed  (7.9s)
2026-05-11 20:57:34,434 - INFO - [2262/3780] gpu1  trial_0228_lr=1.0e-03_weight_decay=0_kernel_sizes=10x5x3_conv_channels=256x256x256_fc_dims=512_seed3  completed  (2.4s)
2026-05-11 20:57:36,496 - INFO - [2263/3780] gpu0  trial_0224_lr=3.0e-03_weight_decay=1.0e-04_kernel_sizes=10x5x3_conv_channels=256x256x256_fc_dims=256_seed0  completed  (7.9s)
2026-05-11 20:57:42,378 - INFO - [2264/3780] gpu1  trial_0228_lr=1.0e-03_weight_decay=0_kernel_sizes=10x5x3_conv_channels=256x256x256_fc_dims=512_seed5  completed  (7.9s)
2026-05-11 20:57:44,278 - INFO - [2265/3780] gpu0  trial_0224_lr=3.0e-03_weight_decay=1.0e-04_kernel_sizes=10x5x3_conv_channels=256x256x256_fc_dims=256_seed2  completed  (7.8s)
2026-05-11 20:57:47,963 - INFO - [2266/3780] gpu0  trial_0224_lr=3.0e-03_weight_decay=1.0e-04_kernel_sizes=10x5x3_conv_channels=256x256x256_fc_dims=256_seed4  completed  (3.7s)
2026-05-11 20:57:50,220 - INFO - [2267/3780] gpu1  trial_0228_lr=1.0e-03_weight_decay=0_kernel_sizes=10x5x3_conv_channels=256x256x256_fc_dims=512_seed7  completed  (7.8s)
2026-05-11 20:57:51,156 - INFO - [2268/3780] gpu0  trial_0224_lr=3.0e-03_weight_decay=1.0e-04_kernel_sizes=10x5x3_conv_channels=256x256x256_fc_dims=256_seed6  completed  (3.2s)
2026-05-11 20:57:58,003 - INFO - [2269/3780] gpu1  trial_0228_lr=1.0e-03_weight_decay=0_kernel_sizes=10x5x3_conv_channels=256x256x256_fc_dims=512_seed9  completed  (7.8s)
2026-05-11 20:57:58,962 - INFO - [2270/3780] gpu0  trial_0224_lr=3.0e-03_weight_decay=1.0e-04_kernel_sizes=10x5x3_conv_channels=256x256x256_fc_dims=256_seed8  completed  (7.8s)
2026-05-11 20:58:02,738 - INFO - [2271/3780] gpu0  trial_0225_lr=3.0e-04_weight_decay=0_kernel_sizes=10x5x3_conv_channels=256x256x256_fc_dims=512_seed0  completed  (3.8s)
2026-05-11 20:58:05,850 - INFO - [2272/3780] gpu1  trial_0229_lr=1.0e-03_weight_decay=1.0e-05_kernel_sizes=10x5x3_conv_channels=256x256x256_fc_dims=512_seed1  completed  (7.8s)
2026-05-11 20:58:06,359 - INFO - [2273/3780] gpu0  trial_0225_lr=3.0e-04_weight_decay=0_kernel_sizes=10x5x3_conv_channels=256x256x256_fc_dims=512_seed2  completed  (3.6s)
2026-05-11 20:58:09,963 - INFO - [2274/3780] gpu0  trial_0225_lr=3.0e-04_weight_decay=0_kernel_sizes=10x5x3_conv_channels=256x256x256_fc_dims=512_seed4  completed  (3.6s)
2026-05-11 20:58:13,694 - INFO - [2275/3780] gpu1  trial_0229_lr=1.0e-03_weight_decay=1.0e-05_kernel_sizes=10x5x3_conv_channels=256x256x256_fc_dims=512_seed3  completed  (7.8s)
2026-05-11 20:58:18,135 - INFO - [2276/3780] gpu0  trial_0225_lr=3.0e-04_weight_decay=0_kernel_sizes=10x5x3_conv_channels=256x256x256_fc_dims=512_seed6  completed  (8.2s)
2026-05-11 20:58:21,611 - INFO - [2277/3780] gpu1  trial_0229_lr=1.0e-03_weight_decay=1.0e-05_kernel_sizes=10x5x3_conv_channels=256x256x256_fc_dims=512_seed5  completed  (7.9s)
2026-05-11 20:58:26,144 - INFO - [2278/3780] gpu0  trial_0225_lr=3.0e-04_weight_decay=0_kernel_sizes=10x5x3_conv_channels=256x256x256_fc_dims=512_seed8  completed  (8.0s)
2026-05-11 20:58:29,540 - INFO - [2279/3780] gpu1  trial_0229_lr=1.0e-03_weight_decay=1.0e-05_kernel_sizes=10x5x3_conv_channels=256x256x256_fc_dims=512_seed7  completed  (7.9s)
2026-05-11 20:58:29,864 - INFO - [2280/3780] gpu0  trial_0226_lr=3.0e-04_weight_decay=1.0e-05_kernel_sizes=10x5x3_conv_channels=256x256x256_fc_dims=512_seed0  completed  (3.7s)
2026-05-11 20:58:33,481 - INFO - [2281/3780] gpu0  trial_0226_lr=3.0e-04_weight_decay=1.0e-05_kernel_sizes=10x5x3_conv_channels=256x256x256_fc_dims=512_seed2  completed  (3.6s)
2026-05-11 20:58:37,100 - INFO - [2282/3780] gpu0  trial_0226_lr=3.0e-04_weight_decay=1.0e-05_kernel_sizes=10x5x3_conv_channels=256x256x256_fc_dims=512_seed4  completed  (3.6s)
2026-05-11 20:58:37,374 - INFO - [2283/3780] gpu1  trial_0229_lr=1.0e-03_weight_decay=1.0e-05_kernel_sizes=10x5x3_conv_channels=256x256x256_fc_dims=512_seed9  completed  (7.8s)
2026-05-11 20:58:45,064 - INFO - [2284/3780] gpu0  trial_0226_lr=3.0e-04_weight_decay=1.0e-05_kernel_sizes=10x5x3_conv_channels=256x256x256_fc_dims=512_seed6  completed  (8.0s)
2026-05-11 20:58:45,182 - INFO - [2285/3780] gpu1  trial_0230_lr=1.0e-03_weight_decay=1.0e-04_kernel_sizes=10x5x3_conv_channels=256x256x256_fc_dims=512_seed1  completed  (7.8s)
2026-05-11 20:58:52,857 - INFO - [2286/3780] gpu0  trial_0226_lr=3.0e-04_weight_decay=1.0e-05_kernel_sizes=10x5x3_conv_channels=256x256x256_fc_dims=512_seed8  completed  (7.8s)
2026-05-11 20:58:53,080 - INFO - [2287/3780] gpu1  trial_0230_lr=1.0e-03_weight_decay=1.0e-04_kernel_sizes=10x5x3_conv_channels=256x256x256_fc_dims=512_seed3  completed  (7.9s)
2026-05-11 20:59:00,924 - INFO - [2288/3780] gpu0  trial_0227_lr=3.0e-04_weight_decay=1.0e-04_kernel_sizes=10x5x3_conv_channels=256x256x256_fc_dims=512_seed0  completed  (8.1s)
2026-05-11 20:59:01,052 - INFO - [2289/3780] gpu1  trial_0230_lr=1.0e-03_weight_decay=1.0e-04_kernel_sizes=10x5x3_conv_channels=256x256x256_fc_dims=512_seed5  completed  (8.0s)
2026-05-11 20:59:04,507 - INFO - [2290/3780] gpu0  trial_0227_lr=3.0e-04_weight_decay=1.0e-04_kernel_sizes=10x5x3_conv_channels=256x256x256_fc_dims=512_seed2  completed  (3.6s)
2026-05-11 20:59:08,093 - INFO - [2291/3780] gpu0  trial_0227_lr=3.0e-04_weight_decay=1.0e-04_kernel_sizes=10x5x3_conv_channels=256x256x256_fc_dims=512_seed4  completed  (3.6s)
2026-05-11 20:59:08,819 - INFO - [2292/3780] gpu1  trial_0230_lr=1.0e-03_weight_decay=1.0e-04_kernel_sizes=10x5x3_conv_channels=256x256x256_fc_dims=512_seed7  completed  (7.8s)
2026-05-11 20:59:16,191 - INFO - [2293/3780] gpu0  trial_0227_lr=3.0e-04_weight_decay=1.0e-04_kernel_sizes=10x5x3_conv_channels=256x256x256_fc_dims=512_seed6  completed  (8.1s)
2026-05-11 20:59:16,657 - INFO - [2294/3780] gpu1  trial_0230_lr=1.0e-03_weight_decay=1.0e-04_kernel_sizes=10x5x3_conv_channels=256x256x256_fc_dims=512_seed9  completed  (7.8s)
2026-05-11 20:59:24,262 - INFO - [2295/3780] gpu0  trial_0227_lr=3.0e-04_weight_decay=1.0e-04_kernel_sizes=10x5x3_conv_channels=256x256x256_fc_dims=512_seed8  completed  (8.1s)
2026-05-11 20:59:24,518 - INFO - [2296/3780] gpu1  trial_0231_lr=3.0e-03_weight_decay=0_kernel_sizes=10x5x3_conv_channels=256x256x256_fc_dims=512_seed1  completed  (7.9s)
2026-05-11 20:59:32,334 - INFO - [2297/3780] gpu1  trial_0231_lr=3.0e-03_weight_decay=0_kernel_sizes=10x5x3_conv_channels=256x256x256_fc_dims=512_seed3  completed  (7.8s)
2026-05-11 20:59:32,425 - INFO - [2298/3780] gpu0  trial_0228_lr=1.0e-03_weight_decay=0_kernel_sizes=10x5x3_conv_channels=256x256x256_fc_dims=512_seed0  completed  (8.2s)
2026-05-11 20:59:34,494 - INFO - [2299/3780] gpu1  trial_0231_lr=3.0e-03_weight_decay=0_kernel_sizes=10x5x3_conv_channels=256x256x256_fc_dims=512_seed5  completed  (2.2s)
2026-05-11 20:59:40,373 - INFO - [2300/3780] gpu0  trial_0228_lr=1.0e-03_weight_decay=0_kernel_sizes=10x5x3_conv_channels=256x256x256_fc_dims=512_seed2  completed  (7.9s)
2026-05-11 20:59:42,440 - INFO - [2301/3780] gpu1  trial_0231_lr=3.0e-03_weight_decay=0_kernel_sizes=10x5x3_conv_channels=256x256x256_fc_dims=512_seed7  completed  (7.9s)
2026-05-11 20:59:48,476 - INFO - [2302/3780] gpu0  trial_0228_lr=1.0e-03_weight_decay=0_kernel_sizes=10x5x3_conv_channels=256x256x256_fc_dims=512_seed4  completed  (8.1s)
2026-05-11 20:59:50,404 - INFO - [2303/3780] gpu1  trial_0231_lr=3.0e-03_weight_decay=0_kernel_sizes=10x5x3_conv_channels=256x256x256_fc_dims=512_seed9  completed  (8.0s)
2026-05-11 20:59:56,462 - INFO - [2304/3780] gpu0  trial_0228_lr=1.0e-03_weight_decay=0_kernel_sizes=10x5x3_conv_channels=256x256x256_fc_dims=512_seed6  completed  (8.0s)
2026-05-11 20:59:58,320 - INFO - [2305/3780] gpu1  trial_0232_lr=3.0e-03_weight_decay=1.0e-05_kernel_sizes=10x5x3_conv_channels=256x256x256_fc_dims=512_seed1  completed  (7.9s)
2026-05-11 21:00:04,655 - INFO - [2306/3780] gpu0  trial_0228_lr=1.0e-03_weight_decay=0_kernel_sizes=10x5x3_conv_channels=256x256x256_fc_dims=512_seed8  completed  (8.2s)
2026-05-11 21:00:06,224 - INFO - [2307/3780] gpu1  trial_0232_lr=3.0e-03_weight_decay=1.0e-05_kernel_sizes=10x5x3_conv_channels=256x256x256_fc_dims=512_seed3  completed  (7.9s)
2026-05-11 21:00:08,380 - INFO - [2308/3780] gpu1  trial_0232_lr=3.0e-03_weight_decay=1.0e-05_kernel_sizes=10x5x3_conv_channels=256x256x256_fc_dims=512_seed5  completed  (2.2s)
2026-05-11 21:00:12,691 - INFO - [2309/3780] gpu0  trial_0229_lr=1.0e-03_weight_decay=1.0e-05_kernel_sizes=10x5x3_conv_channels=256x256x256_fc_dims=512_seed0  completed  (8.0s)
2026-05-11 21:00:16,373 - INFO - [2310/3780] gpu1  trial_0232_lr=3.0e-03_weight_decay=1.0e-05_kernel_sizes=10x5x3_conv_channels=256x256x256_fc_dims=512_seed7  completed  (8.0s)
2026-05-11 21:00:20,644 - INFO - [2311/3780] gpu0  trial_0229_lr=1.0e-03_weight_decay=1.0e-05_kernel_sizes=10x5x3_conv_channels=256x256x256_fc_dims=512_seed2  completed  (8.0s)
2026-05-11 21:00:24,251 - INFO - [2312/3780] gpu1  trial_0232_lr=3.0e-03_weight_decay=1.0e-05_kernel_sizes=10x5x3_conv_channels=256x256x256_fc_dims=512_seed9  completed  (7.9s)
2026-05-11 21:00:28,550 - INFO - [2313/3780] gpu0  trial_0229_lr=1.0e-03_weight_decay=1.0e-05_kernel_sizes=10x5x3_conv_channels=256x256x256_fc_dims=512_seed4  completed  (7.9s)
2026-05-11 21:00:32,278 - INFO - [2314/3780] gpu1  trial_0233_lr=3.0e-03_weight_decay=1.0e-04_kernel_sizes=10x5x3_conv_channels=256x256x256_fc_dims=512_seed1  completed  (8.0s)
2026-05-11 21:00:36,725 - INFO - [2315/3780] gpu0  trial_0229_lr=1.0e-03_weight_decay=1.0e-05_kernel_sizes=10x5x3_conv_channels=256x256x256_fc_dims=512_seed6  completed  (8.2s)
2026-05-11 21:00:40,189 - INFO - [2316/3780] gpu1  trial_0233_lr=3.0e-03_weight_decay=1.0e-04_kernel_sizes=10x5x3_conv_channels=256x256x256_fc_dims=512_seed3  completed  (7.9s)
2026-05-11 21:00:42,397 - INFO - [2317/3780] gpu1  trial_0233_lr=3.0e-03_weight_decay=1.0e-04_kernel_sizes=10x5x3_conv_channels=256x256x256_fc_dims=512_seed5  completed  (2.2s)
2026-05-11 21:00:44,693 - INFO - [2318/3780] gpu0  trial_0229_lr=1.0e-03_weight_decay=1.0e-05_kernel_sizes=10x5x3_conv_channels=256x256x256_fc_dims=512_seed8  completed  (8.0s)
2026-05-11 21:00:50,384 - INFO - [2319/3780] gpu1  trial_0233_lr=3.0e-03_weight_decay=1.0e-04_kernel_sizes=10x5x3_conv_channels=256x256x256_fc_dims=512_seed7  completed  (8.0s)
2026-05-11 21:00:52,548 - INFO - [2320/3780] gpu0  trial_0230_lr=1.0e-03_weight_decay=1.0e-04_kernel_sizes=10x5x3_conv_channels=256x256x256_fc_dims=512_seed0  completed  (7.9s)
2026-05-11 21:00:58,341 - INFO - [2321/3780] gpu1  trial_0233_lr=3.0e-03_weight_decay=1.0e-04_kernel_sizes=10x5x3_conv_channels=256x256x256_fc_dims=512_seed9  completed  (8.0s)
2026-05-11 21:01:00,624 - INFO - [2322/3780] gpu0  trial_0230_lr=1.0e-03_weight_decay=1.0e-04_kernel_sizes=10x5x3_conv_channels=256x256x256_fc_dims=512_seed2  completed  (8.1s)
2026-05-11 21:01:01,577 - INFO - [2323/3780] gpu1  trial_0234_lr=3.0e-04_weight_decay=0_kernel_sizes=10x5x3_conv_channels=256x256x256_fc_dims=512x256_seed1  completed  (3.2s)
2026-05-11 21:01:04,887 - INFO - [2324/3780] gpu1  trial_0234_lr=3.0e-04_weight_decay=0_kernel_sizes=10x5x3_conv_channels=256x256x256_fc_dims=512x256_seed3  completed  (3.3s)
2026-05-11 21:01:08,032 - INFO - [2325/3780] gpu1  trial_0234_lr=3.0e-04_weight_decay=0_kernel_sizes=10x5x3_conv_channels=256x256x256_fc_dims=512x256_seed5  completed  (3.1s)
2026-05-11 21:01:08,559 - INFO - [2326/3780] gpu0  trial_0230_lr=1.0e-03_weight_decay=1.0e-04_kernel_sizes=10x5x3_conv_channels=256x256x256_fc_dims=512_seed4  completed  (7.9s)
2026-05-11 21:01:11,306 - INFO - [2327/3780] gpu1  trial_0234_lr=3.0e-04_weight_decay=0_kernel_sizes=10x5x3_conv_channels=256x256x256_fc_dims=512x256_seed7  completed  (3.3s)
2026-05-11 21:01:14,591 - INFO - [2328/3780] gpu1  trial_0234_lr=3.0e-04_weight_decay=0_kernel_sizes=10x5x3_conv_channels=256x256x256_fc_dims=512x256_seed9  completed  (3.3s)
2026-05-11 21:01:16,526 - INFO - [2329/3780] gpu0  trial_0230_lr=1.0e-03_weight_decay=1.0e-04_kernel_sizes=10x5x3_conv_channels=256x256x256_fc_dims=512_seed6  completed  (8.0s)
2026-05-11 21:01:17,873 - INFO - [2330/3780] gpu1  trial_0235_lr=3.0e-04_weight_decay=1.0e-05_kernel_sizes=10x5x3_conv_channels=256x256x256_fc_dims=512x256_seed1  completed  (3.3s)
2026-05-11 21:01:21,152 - INFO - [2331/3780] gpu1  trial_0235_lr=3.0e-04_weight_decay=1.0e-05_kernel_sizes=10x5x3_conv_channels=256x256x256_fc_dims=512x256_seed3  completed  (3.3s)
2026-05-11 21:01:24,223 - INFO - [2332/3780] gpu1  trial_0235_lr=3.0e-04_weight_decay=1.0e-05_kernel_sizes=10x5x3_conv_channels=256x256x256_fc_dims=512x256_seed5  completed  (3.1s)
2026-05-11 21:01:24,534 - INFO - [2333/3780] gpu0  trial_0230_lr=1.0e-03_weight_decay=1.0e-04_kernel_sizes=10x5x3_conv_channels=256x256x256_fc_dims=512_seed8  completed  (8.0s)
2026-05-11 21:01:27,480 - INFO - [2334/3780] gpu1  trial_0235_lr=3.0e-04_weight_decay=1.0e-05_kernel_sizes=10x5x3_conv_channels=256x256x256_fc_dims=512x256_seed7  completed  (3.3s)
2026-05-11 21:01:30,807 - INFO - [2335/3780] gpu1  trial_0235_lr=3.0e-04_weight_decay=1.0e-05_kernel_sizes=10x5x3_conv_channels=256x256x256_fc_dims=512x256_seed9  completed  (3.3s)
2026-05-11 21:01:32,526 - INFO - [2336/3780] gpu0  trial_0231_lr=3.0e-03_weight_decay=0_kernel_sizes=10x5x3_conv_channels=256x256x256_fc_dims=512_seed0  completed  (8.0s)
2026-05-11 21:01:34,057 - INFO - [2337/3780] gpu1  trial_0236_lr=3.0e-04_weight_decay=1.0e-04_kernel_sizes=10x5x3_conv_channels=256x256x256_fc_dims=512x256_seed1  completed  (3.2s)
2026-05-11 21:01:37,456 - INFO - [2338/3780] gpu1  trial_0236_lr=3.0e-04_weight_decay=1.0e-04_kernel_sizes=10x5x3_conv_channels=256x256x256_fc_dims=512x256_seed3  completed  (3.4s)
2026-05-11 21:01:40,476 - INFO - [2339/3780] gpu0  trial_0231_lr=3.0e-03_weight_decay=0_kernel_sizes=10x5x3_conv_channels=256x256x256_fc_dims=512_seed2  completed  (7.9s)
2026-05-11 21:01:40,718 - INFO - [2340/3780] gpu1  trial_0236_lr=3.0e-04_weight_decay=1.0e-04_kernel_sizes=10x5x3_conv_channels=256x256x256_fc_dims=512x256_seed5  completed  (3.3s)
2026-05-11 21:01:43,934 - INFO - [2341/3780] gpu1  trial_0236_lr=3.0e-04_weight_decay=1.0e-04_kernel_sizes=10x5x3_conv_channels=256x256x256_fc_dims=512x256_seed7  completed  (3.2s)
2026-05-11 21:01:47,263 - INFO - [2342/3780] gpu1  trial_0236_lr=3.0e-04_weight_decay=1.0e-04_kernel_sizes=10x5x3_conv_channels=256x256x256_fc_dims=512x256_seed9  completed  (3.3s)
2026-05-11 21:01:48,513 - INFO - [2343/3780] gpu0  trial_0231_lr=3.0e-03_weight_decay=0_kernel_sizes=10x5x3_conv_channels=256x256x256_fc_dims=512_seed4  completed  (8.0s)
2026-05-11 21:01:55,433 - INFO - [2344/3780] gpu1  trial_0237_lr=1.0e-03_weight_decay=0_kernel_sizes=10x5x3_conv_channels=256x256x256_fc_dims=512x256_seed1  completed  (8.2s)
2026-05-11 21:01:56,626 - INFO - [2345/3780] gpu0  trial_0231_lr=3.0e-03_weight_decay=0_kernel_sizes=10x5x3_conv_channels=256x256x256_fc_dims=512_seed6  completed  (8.1s)
2026-05-11 21:01:58,855 - INFO - [2346/3780] gpu0  trial_0231_lr=3.0e-03_weight_decay=0_kernel_sizes=10x5x3_conv_channels=256x256x256_fc_dims=512_seed8  completed  (2.2s)
2026-05-11 21:02:03,528 - INFO - [2347/3780] gpu1  trial_0237_lr=1.0e-03_weight_decay=0_kernel_sizes=10x5x3_conv_channels=256x256x256_fc_dims=512x256_seed3  completed  (8.1s)
2026-05-11 21:02:06,072 - INFO - [2348/3780] gpu1  trial_0237_lr=1.0e-03_weight_decay=0_kernel_sizes=10x5x3_conv_channels=256x256x256_fc_dims=512x256_seed5  completed  (2.5s)
2026-05-11 21:02:06,940 - INFO - [2349/3780] gpu0  trial_0232_lr=3.0e-03_weight_decay=1.0e-05_kernel_sizes=10x5x3_conv_channels=256x256x256_fc_dims=512_seed0  completed  (8.1s)
2026-05-11 21:02:14,127 - INFO - [2350/3780] gpu1  trial_0237_lr=1.0e-03_weight_decay=0_kernel_sizes=10x5x3_conv_channels=256x256x256_fc_dims=512x256_seed7  completed  (8.1s)
2026-05-11 21:02:14,922 - INFO - [2351/3780] gpu0  trial_0232_lr=3.0e-03_weight_decay=1.0e-05_kernel_sizes=10x5x3_conv_channels=256x256x256_fc_dims=512_seed2  completed  (8.0s)
2026-05-11 21:02:22,298 - INFO - [2352/3780] gpu1  trial_0237_lr=1.0e-03_weight_decay=0_kernel_sizes=10x5x3_conv_channels=256x256x256_fc_dims=512x256_seed9  completed  (8.2s)
2026-05-11 21:02:22,885 - INFO - [2353/3780] gpu0  trial_0232_lr=3.0e-03_weight_decay=1.0e-05_kernel_sizes=10x5x3_conv_channels=256x256x256_fc_dims=512_seed4  completed  (8.0s)
2026-05-11 21:02:30,512 - INFO - [2354/3780] gpu1  trial_0238_lr=1.0e-03_weight_decay=1.0e-05_kernel_sizes=10x5x3_conv_channels=256x256x256_fc_dims=512x256_seed1  completed  (8.2s)
2026-05-11 21:02:30,829 - INFO - [2355/3780] gpu0  trial_0232_lr=3.0e-03_weight_decay=1.0e-05_kernel_sizes=10x5x3_conv_channels=256x256x256_fc_dims=512_seed6  completed  (7.9s)
2026-05-11 21:02:32,981 - INFO - [2356/3780] gpu0  trial_0232_lr=3.0e-03_weight_decay=1.0e-05_kernel_sizes=10x5x3_conv_channels=256x256x256_fc_dims=512_seed8  completed  (2.1s)
2026-05-11 21:02:33,082 - INFO - [2357/3780] gpu1  trial_0238_lr=1.0e-03_weight_decay=1.0e-05_kernel_sizes=10x5x3_conv_channels=256x256x256_fc_dims=512x256_seed3  completed  (2.6s)
2026-05-11 21:02:35,575 - INFO - [2358/3780] gpu1  trial_0238_lr=1.0e-03_weight_decay=1.0e-05_kernel_sizes=10x5x3_conv_channels=256x256x256_fc_dims=512x256_seed5  completed  (2.5s)
2026-05-11 21:02:41,098 - INFO - [2359/3780] gpu0  trial_0233_lr=3.0e-03_weight_decay=1.0e-04_kernel_sizes=10x5x3_conv_channels=256x256x256_fc_dims=512_seed0  completed  (8.1s)
2026-05-11 21:02:43,737 - INFO - [2360/3780] gpu1  trial_0238_lr=1.0e-03_weight_decay=1.0e-05_kernel_sizes=10x5x3_conv_channels=256x256x256_fc_dims=512x256_seed7  completed  (8.2s)
2026-05-11 21:02:48,951 - INFO - [2361/3780] gpu0  trial_0233_lr=3.0e-03_weight_decay=1.0e-04_kernel_sizes=10x5x3_conv_channels=256x256x256_fc_dims=512_seed2  completed  (7.9s)
2026-05-11 21:02:51,880 - INFO - [2362/3780] gpu1  trial_0238_lr=1.0e-03_weight_decay=1.0e-05_kernel_sizes=10x5x3_conv_channels=256x256x256_fc_dims=512x256_seed9  completed  (8.1s)
2026-05-11 21:02:52,564 - INFO - [2363/3780] gpu0  trial_0233_lr=3.0e-03_weight_decay=1.0e-04_kernel_sizes=10x5x3_conv_channels=256x256x256_fc_dims=512_seed4  completed  (3.6s)
2026-05-11 21:02:54,460 - INFO - [2364/3780] gpu1  trial_0239_lr=1.0e-03_weight_decay=1.0e-04_kernel_sizes=10x5x3_conv_channels=256x256x256_fc_dims=512x256_seed1  completed  (2.6s)
2026-05-11 21:02:57,081 - INFO - [2365/3780] gpu1  trial_0239_lr=1.0e-03_weight_decay=1.0e-04_kernel_sizes=10x5x3_conv_channels=256x256x256_fc_dims=512x256_seed3  completed  (2.6s)
2026-05-11 21:02:59,525 - INFO - [2366/3780] gpu1  trial_0239_lr=1.0e-03_weight_decay=1.0e-04_kernel_sizes=10x5x3_conv_channels=256x256x256_fc_dims=512x256_seed5  completed  (2.4s)
2026-05-11 21:03:01,000 - INFO - [2367/3780] gpu0  trial_0233_lr=3.0e-03_weight_decay=1.0e-04_kernel_sizes=10x5x3_conv_channels=256x256x256_fc_dims=512_seed6  completed  (8.4s)
2026-05-11 21:03:07,834 - INFO - [2368/3780] gpu1  trial_0239_lr=1.0e-03_weight_decay=1.0e-04_kernel_sizes=10x5x3_conv_channels=256x256x256_fc_dims=512x256_seed7  completed  (8.3s)
2026-05-11 21:03:08,957 - INFO - [2369/3780] gpu0  trial_0233_lr=3.0e-03_weight_decay=1.0e-04_kernel_sizes=10x5x3_conv_channels=256x256x256_fc_dims=512_seed8  completed  (8.0s)
2026-05-11 21:03:12,180 - INFO - [2370/3780] gpu0  trial_0234_lr=3.0e-04_weight_decay=0_kernel_sizes=10x5x3_conv_channels=256x256x256_fc_dims=512x256_seed0  completed  (3.2s)
2026-05-11 21:03:15,449 - INFO - [2371/3780] gpu0  trial_0234_lr=3.0e-04_weight_decay=0_kernel_sizes=10x5x3_conv_channels=256x256x256_fc_dims=512x256_seed2  completed  (3.3s)
2026-05-11 21:03:16,011 - INFO - [2372/3780] gpu1  trial_0239_lr=1.0e-03_weight_decay=1.0e-04_kernel_sizes=10x5x3_conv_channels=256x256x256_fc_dims=512x256_seed9  completed  (8.2s)
2026-05-11 21:03:18,740 - INFO - [2373/3780] gpu0  trial_0234_lr=3.0e-04_weight_decay=0_kernel_sizes=10x5x3_conv_channels=256x256x256_fc_dims=512x256_seed4  completed  (3.3s)
2026-05-11 21:03:21,993 - INFO - [2374/3780] gpu0  trial_0234_lr=3.0e-04_weight_decay=0_kernel_sizes=10x5x3_conv_channels=256x256x256_fc_dims=512x256_seed6  completed  (3.3s)
2026-05-11 21:03:24,119 - INFO - [2375/3780] gpu1  trial_0240_lr=3.0e-03_weight_decay=0_kernel_sizes=10x5x3_conv_channels=256x256x256_fc_dims=512x256_seed1  completed  (8.1s)
2026-05-11 21:03:25,387 - INFO - [2376/3780] gpu0  trial_0234_lr=3.0e-04_weight_decay=0_kernel_sizes=10x5x3_conv_channels=256x256x256_fc_dims=512x256_seed8  completed  (3.4s)
2026-05-11 21:03:28,681 - INFO - [2377/3780] gpu0  trial_0235_lr=3.0e-04_weight_decay=1.0e-05_kernel_sizes=10x5x3_conv_channels=256x256x256_fc_dims=512x256_seed0  completed  (3.3s)
2026-05-11 21:03:31,987 - INFO - [2378/3780] gpu0  trial_0235_lr=3.0e-04_weight_decay=1.0e-05_kernel_sizes=10x5x3_conv_channels=256x256x256_fc_dims=512x256_seed2  completed  (3.3s)
2026-05-11 21:03:32,247 - INFO - [2379/3780] gpu1  trial_0240_lr=3.0e-03_weight_decay=0_kernel_sizes=10x5x3_conv_channels=256x256x256_fc_dims=512x256_seed3  completed  (8.1s)
2026-05-11 21:03:35,282 - INFO - [2380/3780] gpu0  trial_0235_lr=3.0e-04_weight_decay=1.0e-05_kernel_sizes=10x5x3_conv_channels=256x256x256_fc_dims=512x256_seed4  completed  (3.3s)
2026-05-11 21:03:38,633 - INFO - [2381/3780] gpu0  trial_0235_lr=3.0e-04_weight_decay=1.0e-05_kernel_sizes=10x5x3_conv_channels=256x256x256_fc_dims=512x256_seed6  completed  (3.3s)
2026-05-11 21:03:40,421 - INFO - [2382/3780] gpu1  trial_0240_lr=3.0e-03_weight_decay=0_kernel_sizes=10x5x3_conv_channels=256x256x256_fc_dims=512x256_seed5  completed  (8.2s)
2026-05-11 21:03:42,054 - INFO - [2383/3780] gpu0  trial_0235_lr=3.0e-04_weight_decay=1.0e-05_kernel_sizes=10x5x3_conv_channels=256x256x256_fc_dims=512x256_seed8  completed  (3.4s)
2026-05-11 21:03:45,332 - INFO - [2384/3780] gpu0  trial_0236_lr=3.0e-04_weight_decay=1.0e-04_kernel_sizes=10x5x3_conv_channels=256x256x256_fc_dims=512x256_seed0  completed  (3.3s)
2026-05-11 21:03:48,525 - INFO - [2385/3780] gpu1  trial_0240_lr=3.0e-03_weight_decay=0_kernel_sizes=10x5x3_conv_channels=256x256x256_fc_dims=512x256_seed7  completed  (8.1s)
2026-05-11 21:03:48,651 - INFO - [2386/3780] gpu0  trial_0236_lr=3.0e-04_weight_decay=1.0e-04_kernel_sizes=10x5x3_conv_channels=256x256x256_fc_dims=512x256_seed2  completed  (3.3s)
2026-05-11 21:03:50,731 - INFO - [2387/3780] gpu1  trial_0240_lr=3.0e-03_weight_decay=0_kernel_sizes=10x5x3_conv_channels=256x256x256_fc_dims=512x256_seed9  completed  (2.2s)
2026-05-11 21:03:51,880 - INFO - [2388/3780] gpu0  trial_0236_lr=3.0e-04_weight_decay=1.0e-04_kernel_sizes=10x5x3_conv_channels=256x256x256_fc_dims=512x256_seed4  completed  (3.2s)
2026-05-11 21:03:55,130 - INFO - [2389/3780] gpu0  trial_0236_lr=3.0e-04_weight_decay=1.0e-04_kernel_sizes=10x5x3_conv_channels=256x256x256_fc_dims=512x256_seed6  completed  (3.2s)
2026-05-11 21:03:58,614 - INFO - [2390/3780] gpu0  trial_0236_lr=3.0e-04_weight_decay=1.0e-04_kernel_sizes=10x5x3_conv_channels=256x256x256_fc_dims=512x256_seed8  completed  (3.5s)
2026-05-11 21:03:58,829 - INFO - [2391/3780] gpu1  trial_0241_lr=3.0e-03_weight_decay=1.0e-05_kernel_sizes=10x5x3_conv_channels=256x256x256_fc_dims=512x256_seed1  completed  (8.1s)
2026-05-11 21:04:01,189 - INFO - [2392/3780] gpu0  trial_0237_lr=1.0e-03_weight_decay=0_kernel_sizes=10x5x3_conv_channels=256x256x256_fc_dims=512x256_seed0  completed  (2.6s)
2026-05-11 21:04:07,036 - INFO - [2393/3780] gpu1  trial_0241_lr=3.0e-03_weight_decay=1.0e-05_kernel_sizes=10x5x3_conv_channels=256x256x256_fc_dims=512x256_seed3  completed  (8.2s)
2026-05-11 21:04:09,320 - INFO - [2394/3780] gpu0  trial_0237_lr=1.0e-03_weight_decay=0_kernel_sizes=10x5x3_conv_channels=256x256x256_fc_dims=512x256_seed2  completed  (8.1s)
2026-05-11 21:04:15,160 - INFO - [2395/3780] gpu1  trial_0241_lr=3.0e-03_weight_decay=1.0e-05_kernel_sizes=10x5x3_conv_channels=256x256x256_fc_dims=512x256_seed5  completed  (8.1s)
2026-05-11 21:04:17,528 - INFO - [2396/3780] gpu0  trial_0237_lr=1.0e-03_weight_decay=0_kernel_sizes=10x5x3_conv_channels=256x256x256_fc_dims=512x256_seed4  completed  (8.2s)
2026-05-11 21:04:23,539 - INFO - [2397/3780] gpu1  trial_0241_lr=3.0e-03_weight_decay=1.0e-05_kernel_sizes=10x5x3_conv_channels=256x256x256_fc_dims=512x256_seed7  completed  (8.4s)
2026-05-11 21:04:25,743 - INFO - [2398/3780] gpu1  trial_0241_lr=3.0e-03_weight_decay=1.0e-05_kernel_sizes=10x5x3_conv_channels=256x256x256_fc_dims=512x256_seed9  completed  (2.2s)
2026-05-11 21:04:25,874 - INFO - [2399/3780] gpu0  trial_0237_lr=1.0e-03_weight_decay=0_kernel_sizes=10x5x3_conv_channels=256x256x256_fc_dims=512x256_seed6  completed  (8.3s)
2026-05-11 21:04:28,495 - INFO - [2400/3780] gpu0  trial_0237_lr=1.0e-03_weight_decay=0_kernel_sizes=10x5x3_conv_channels=256x256x256_fc_dims=512x256_seed8  completed  (2.6s)
2026-05-11 21:04:31,173 - INFO - [2401/3780] gpu0  trial_0238_lr=1.0e-03_weight_decay=1.0e-05_kernel_sizes=10x5x3_conv_channels=256x256x256_fc_dims=512x256_seed0  completed  (2.7s)
2026-05-11 21:04:33,935 - INFO - [2402/3780] gpu1  trial_0242_lr=3.0e-03_weight_decay=1.0e-04_kernel_sizes=10x5x3_conv_channels=256x256x256_fc_dims=512x256_seed1  completed  (8.2s)
2026-05-11 21:04:39,460 - INFO - [2403/3780] gpu0  trial_0238_lr=1.0e-03_weight_decay=1.0e-05_kernel_sizes=10x5x3_conv_channels=256x256x256_fc_dims=512x256_seed2  completed  (8.3s)
2026-05-11 21:04:42,211 - INFO - [2404/3780] gpu1  trial_0242_lr=3.0e-03_weight_decay=1.0e-04_kernel_sizes=10x5x3_conv_channels=256x256x256_fc_dims=512x256_seed3  completed  (8.3s)
2026-05-11 21:04:47,734 - INFO - [2405/3780] gpu0  trial_0238_lr=1.0e-03_weight_decay=1.0e-05_kernel_sizes=10x5x3_conv_channels=256x256x256_fc_dims=512x256_seed4  completed  (8.3s)
2026-05-11 21:04:50,308 - INFO - [2406/3780] gpu1  trial_0242_lr=3.0e-03_weight_decay=1.0e-04_kernel_sizes=10x5x3_conv_channels=256x256x256_fc_dims=512x256_seed5  completed  (8.1s)
2026-05-11 21:04:55,967 - INFO - [2407/3780] gpu0  trial_0238_lr=1.0e-03_weight_decay=1.0e-05_kernel_sizes=10x5x3_conv_channels=256x256x256_fc_dims=512x256_seed6  completed  (8.2s)
2026-05-11 21:04:58,128 - INFO - [2408/3780] gpu1  trial_0242_lr=3.0e-03_weight_decay=1.0e-04_kernel_sizes=10x5x3_conv_channels=256x256x256_fc_dims=512x256_seed7  completed  (7.8s)
2026-05-11 21:04:58,593 - INFO - [2409/3780] gpu0  trial_0238_lr=1.0e-03_weight_decay=1.0e-05_kernel_sizes=10x5x3_conv_channels=256x256x256_fc_dims=512x256_seed8  completed  (2.6s)
2026-05-11 21:05:00,355 - INFO - [2410/3780] gpu1  trial_0242_lr=3.0e-03_weight_decay=1.0e-04_kernel_sizes=10x5x3_conv_channels=256x256x256_fc_dims=512x256_seed9  completed  (2.2s)
2026-05-11 21:05:01,217 - INFO - [2411/3780] gpu0  trial_0239_lr=1.0e-03_weight_decay=1.0e-04_kernel_sizes=10x5x3_conv_channels=256x256x256_fc_dims=512x256_seed0  completed  (2.6s)
2026-05-11 21:05:03,880 - INFO - [2412/3780] gpu0  trial_0239_lr=1.0e-03_weight_decay=1.0e-04_kernel_sizes=10x5x3_conv_channels=256x256x256_fc_dims=512x256_seed2  completed  (2.7s)
2026-05-11 21:05:08,158 - INFO - [2413/3780] gpu1  trial_0243_lr=3.0e-04_weight_decay=0_kernel_sizes=7x7x5_conv_channels=256x256x256_fc_dims=256_seed1  completed  (7.8s)
2026-05-11 21:05:12,257 - INFO - [2414/3780] gpu0  trial_0239_lr=1.0e-03_weight_decay=1.0e-04_kernel_sizes=10x5x3_conv_channels=256x256x256_fc_dims=512x256_seed4  completed  (8.4s)
2026-05-11 21:05:15,974 - INFO - [2415/3780] gpu1  trial_0243_lr=3.0e-04_weight_decay=0_kernel_sizes=7x7x5_conv_channels=256x256x256_fc_dims=256_seed3  completed  (7.8s)
2026-05-11 21:05:20,453 - INFO - [2416/3780] gpu0  trial_0239_lr=1.0e-03_weight_decay=1.0e-04_kernel_sizes=10x5x3_conv_channels=256x256x256_fc_dims=512x256_seed6  completed  (8.2s)
2026-05-11 21:05:23,127 - INFO - [2417/3780] gpu0  trial_0239_lr=1.0e-03_weight_decay=1.0e-04_kernel_sizes=10x5x3_conv_channels=256x256x256_fc_dims=512x256_seed8  completed  (2.7s)
2026-05-11 21:05:23,786 - INFO - [2418/3780] gpu1  trial_0243_lr=3.0e-04_weight_decay=0_kernel_sizes=7x7x5_conv_channels=256x256x256_fc_dims=256_seed5  completed  (7.8s)
2026-05-11 21:05:31,555 - INFO - [2419/3780] gpu1  trial_0243_lr=3.0e-04_weight_decay=0_kernel_sizes=7x7x5_conv_channels=256x256x256_fc_dims=256_seed7  completed  (7.8s)
2026-05-11 21:05:31,598 - INFO - [2420/3780] gpu0  trial_0240_lr=3.0e-03_weight_decay=0_kernel_sizes=10x5x3_conv_channels=256x256x256_fc_dims=512x256_seed0  completed  (8.5s)
2026-05-11 21:05:35,680 - INFO - [2421/3780] gpu0  trial_0240_lr=3.0e-03_weight_decay=0_kernel_sizes=10x5x3_conv_channels=256x256x256_fc_dims=512x256_seed2  completed  (4.1s)
2026-05-11 21:05:39,342 - INFO - [2422/3780] gpu1  trial_0243_lr=3.0e-04_weight_decay=0_kernel_sizes=7x7x5_conv_channels=256x256x256_fc_dims=256_seed9  completed  (7.8s)
2026-05-11 21:05:43,996 - INFO - [2423/3780] gpu0  trial_0240_lr=3.0e-03_weight_decay=0_kernel_sizes=10x5x3_conv_channels=256x256x256_fc_dims=512x256_seed4  completed  (8.3s)
2026-05-11 21:05:47,327 - INFO - [2424/3780] gpu1  trial_0244_lr=3.0e-04_weight_decay=1.0e-05_kernel_sizes=7x7x5_conv_channels=256x256x256_fc_dims=256_seed1  completed  (8.0s)
2026-05-11 21:05:52,408 - INFO - [2425/3780] gpu0  trial_0240_lr=3.0e-03_weight_decay=0_kernel_sizes=10x5x3_conv_channels=256x256x256_fc_dims=512x256_seed6  completed  (8.4s)
2026-05-11 21:05:55,241 - INFO - [2426/3780] gpu1  trial_0244_lr=3.0e-04_weight_decay=1.0e-05_kernel_sizes=7x7x5_conv_channels=256x256x256_fc_dims=256_seed3  completed  (7.9s)
2026-05-11 21:06:00,860 - INFO - [2427/3780] gpu0  trial_0240_lr=3.0e-03_weight_decay=0_kernel_sizes=10x5x3_conv_channels=256x256x256_fc_dims=512x256_seed8  completed  (8.4s)
2026-05-11 21:06:03,059 - INFO - [2428/3780] gpu1  trial_0244_lr=3.0e-04_weight_decay=1.0e-05_kernel_sizes=7x7x5_conv_channels=256x256x256_fc_dims=256_seed5  completed  (7.8s)
2026-05-11 21:06:09,255 - INFO - [2429/3780] gpu0  trial_0241_lr=3.0e-03_weight_decay=1.0e-05_kernel_sizes=10x5x3_conv_channels=256x256x256_fc_dims=512x256_seed0  completed  (8.4s)
2026-05-11 21:06:10,845 - INFO - [2430/3780] gpu1  trial_0244_lr=3.0e-04_weight_decay=1.0e-05_kernel_sizes=7x7x5_conv_channels=256x256x256_fc_dims=256_seed7  completed  (7.8s)
2026-05-11 21:06:13,329 - INFO - [2431/3780] gpu0  trial_0241_lr=3.0e-03_weight_decay=1.0e-05_kernel_sizes=10x5x3_conv_channels=256x256x256_fc_dims=512x256_seed2  completed  (4.1s)
2026-05-11 21:06:18,762 - INFO - [2432/3780] gpu1  trial_0244_lr=3.0e-04_weight_decay=1.0e-05_kernel_sizes=7x7x5_conv_channels=256x256x256_fc_dims=256_seed9  completed  (7.9s)
2026-05-11 21:06:21,641 - INFO - [2433/3780] gpu0  trial_0241_lr=3.0e-03_weight_decay=1.0e-05_kernel_sizes=10x5x3_conv_channels=256x256x256_fc_dims=512x256_seed4  completed  (8.3s)
2026-05-11 21:06:26,588 - INFO - [2434/3780] gpu1  trial_0245_lr=3.0e-04_weight_decay=1.0e-04_kernel_sizes=7x7x5_conv_channels=256x256x256_fc_dims=256_seed1  completed  (7.8s)
2026-05-11 21:06:29,914 - INFO - [2435/3780] gpu0  trial_0241_lr=3.0e-03_weight_decay=1.0e-05_kernel_sizes=10x5x3_conv_channels=256x256x256_fc_dims=512x256_seed6  completed  (8.3s)
2026-05-11 21:06:34,465 - INFO - [2436/3780] gpu1  trial_0245_lr=3.0e-04_weight_decay=1.0e-04_kernel_sizes=7x7x5_conv_channels=256x256x256_fc_dims=256_seed3  completed  (7.9s)
2026-05-11 21:06:38,161 - INFO - [2437/3780] gpu0  trial_0241_lr=3.0e-03_weight_decay=1.0e-05_kernel_sizes=10x5x3_conv_channels=256x256x256_fc_dims=512x256_seed8  completed  (8.2s)
2026-05-11 21:06:41,712 - INFO - [2438/3780] gpu0  trial_0242_lr=3.0e-03_weight_decay=1.0e-04_kernel_sizes=10x5x3_conv_channels=256x256x256_fc_dims=512x256_seed0  completed  (3.5s)
2026-05-11 21:06:42,218 - INFO - [2439/3780] gpu1  trial_0245_lr=3.0e-04_weight_decay=1.0e-04_kernel_sizes=7x7x5_conv_channels=256x256x256_fc_dims=256_seed5  completed  (7.8s)
2026-05-11 21:06:45,350 - INFO - [2440/3780] gpu0  trial_0242_lr=3.0e-03_weight_decay=1.0e-04_kernel_sizes=10x5x3_conv_channels=256x256x256_fc_dims=512x256_seed2  completed  (3.6s)
2026-05-11 21:06:49,998 - INFO - [2441/3780] gpu1  trial_0245_lr=3.0e-04_weight_decay=1.0e-04_kernel_sizes=7x7x5_conv_channels=256x256x256_fc_dims=256_seed7  completed  (7.8s)
2026-05-11 21:06:53,837 - INFO - [2442/3780] gpu0  trial_0242_lr=3.0e-03_weight_decay=1.0e-04_kernel_sizes=10x5x3_conv_channels=256x256x256_fc_dims=512x256_seed4  completed  (8.5s)
2026-05-11 21:06:57,401 - INFO - [2443/3780] gpu0  trial_0242_lr=3.0e-03_weight_decay=1.0e-04_kernel_sizes=10x5x3_conv_channels=256x256x256_fc_dims=512x256_seed6  completed  (3.6s)
2026-05-11 21:06:57,690 - INFO - [2444/3780] gpu1  trial_0245_lr=3.0e-04_weight_decay=1.0e-04_kernel_sizes=7x7x5_conv_channels=256x256x256_fc_dims=256_seed9  completed  (7.7s)
2026-05-11 21:07:03,014 - INFO - [2445/3780] gpu0  trial_0242_lr=3.0e-03_weight_decay=1.0e-04_kernel_sizes=10x5x3_conv_channels=256x256x256_fc_dims=512x256_seed8  completed  (5.6s)
2026-05-11 21:07:05,457 - INFO - [2446/3780] gpu1  trial_0246_lr=1.0e-03_weight_decay=0_kernel_sizes=7x7x5_conv_channels=256x256x256_fc_dims=256_seed1  completed  (7.8s)
2026-05-11 21:07:11,090 - INFO - [2447/3780] gpu0  trial_0243_lr=3.0e-04_weight_decay=0_kernel_sizes=7x7x5_conv_channels=256x256x256_fc_dims=256_seed0  completed  (8.1s)
2026-05-11 21:07:13,363 - INFO - [2448/3780] gpu1  trial_0246_lr=1.0e-03_weight_decay=0_kernel_sizes=7x7x5_conv_channels=256x256x256_fc_dims=256_seed3  completed  (7.9s)
2026-05-11 21:07:19,222 - INFO - [2449/3780] gpu0  trial_0243_lr=3.0e-04_weight_decay=0_kernel_sizes=7x7x5_conv_channels=256x256x256_fc_dims=256_seed2  completed  (8.1s)
2026-05-11 21:07:21,066 - INFO - [2450/3780] gpu1  trial_0246_lr=1.0e-03_weight_decay=0_kernel_sizes=7x7x5_conv_channels=256x256x256_fc_dims=256_seed5  completed  (7.7s)
2026-05-11 21:07:27,223 - INFO - [2451/3780] gpu0  trial_0243_lr=3.0e-04_weight_decay=0_kernel_sizes=7x7x5_conv_channels=256x256x256_fc_dims=256_seed4  completed  (8.0s)
2026-05-11 21:07:28,835 - INFO - [2452/3780] gpu1  trial_0246_lr=1.0e-03_weight_decay=0_kernel_sizes=7x7x5_conv_channels=256x256x256_fc_dims=256_seed7  completed  (7.8s)
2026-05-11 21:07:35,253 - INFO - [2453/3780] gpu0  trial_0243_lr=3.0e-04_weight_decay=0_kernel_sizes=7x7x5_conv_channels=256x256x256_fc_dims=256_seed6  completed  (8.0s)
2026-05-11 21:07:36,584 - INFO - [2454/3780] gpu1  trial_0246_lr=1.0e-03_weight_decay=0_kernel_sizes=7x7x5_conv_channels=256x256x256_fc_dims=256_seed9  completed  (7.7s)
2026-05-11 21:07:43,074 - INFO - [2455/3780] gpu0  trial_0243_lr=3.0e-04_weight_decay=0_kernel_sizes=7x7x5_conv_channels=256x256x256_fc_dims=256_seed8  completed  (7.8s)
2026-05-11 21:07:44,306 - INFO - [2456/3780] gpu1  trial_0247_lr=1.0e-03_weight_decay=1.0e-05_kernel_sizes=7x7x5_conv_channels=256x256x256_fc_dims=256_seed1  completed  (7.7s)
2026-05-11 21:07:51,053 - INFO - [2457/3780] gpu0  trial_0244_lr=3.0e-04_weight_decay=1.0e-05_kernel_sizes=7x7x5_conv_channels=256x256x256_fc_dims=256_seed0  completed  (8.0s)
2026-05-11 21:07:52,126 - INFO - [2458/3780] gpu1  trial_0247_lr=1.0e-03_weight_decay=1.0e-05_kernel_sizes=7x7x5_conv_channels=256x256x256_fc_dims=256_seed3  completed  (7.8s)
2026-05-11 21:07:59,002 - INFO - [2459/3780] gpu0  trial_0244_lr=3.0e-04_weight_decay=1.0e-05_kernel_sizes=7x7x5_conv_channels=256x256x256_fc_dims=256_seed2  completed  (7.9s)
2026-05-11 21:07:59,888 - INFO - [2460/3780] gpu1  trial_0247_lr=1.0e-03_weight_decay=1.0e-05_kernel_sizes=7x7x5_conv_channels=256x256x256_fc_dims=256_seed5  completed  (7.8s)
2026-05-11 21:08:06,925 - INFO - [2461/3780] gpu0  trial_0244_lr=3.0e-04_weight_decay=1.0e-05_kernel_sizes=7x7x5_conv_channels=256x256x256_fc_dims=256_seed4  completed  (7.9s)
2026-05-11 21:08:07,698 - INFO - [2462/3780] gpu1  trial_0247_lr=1.0e-03_weight_decay=1.0e-05_kernel_sizes=7x7x5_conv_channels=256x256x256_fc_dims=256_seed7  completed  (7.8s)
2026-05-11 21:08:14,788 - INFO - [2463/3780] gpu0  trial_0244_lr=3.0e-04_weight_decay=1.0e-05_kernel_sizes=7x7x5_conv_channels=256x256x256_fc_dims=256_seed6  completed  (7.9s)
2026-05-11 21:08:15,579 - INFO - [2464/3780] gpu1  trial_0247_lr=1.0e-03_weight_decay=1.0e-05_kernel_sizes=7x7x5_conv_channels=256x256x256_fc_dims=256_seed9  completed  (7.9s)
2026-05-11 21:08:22,920 - INFO - [2465/3780] gpu0  trial_0244_lr=3.0e-04_weight_decay=1.0e-05_kernel_sizes=7x7x5_conv_channels=256x256x256_fc_dims=256_seed8  completed  (8.1s)
2026-05-11 21:08:23,411 - INFO - [2466/3780] gpu1  trial_0248_lr=1.0e-03_weight_decay=1.0e-04_kernel_sizes=7x7x5_conv_channels=256x256x256_fc_dims=256_seed1  completed  (7.8s)
2026-05-11 21:08:30,728 - INFO - [2467/3780] gpu0  trial_0245_lr=3.0e-04_weight_decay=1.0e-04_kernel_sizes=7x7x5_conv_channels=256x256x256_fc_dims=256_seed0  completed  (7.8s)
2026-05-11 21:08:31,189 - INFO - [2468/3780] gpu1  trial_0248_lr=1.0e-03_weight_decay=1.0e-04_kernel_sizes=7x7x5_conv_channels=256x256x256_fc_dims=256_seed3  completed  (7.8s)
2026-05-11 21:08:38,622 - INFO - [2469/3780] gpu0  trial_0245_lr=3.0e-04_weight_decay=1.0e-04_kernel_sizes=7x7x5_conv_channels=256x256x256_fc_dims=256_seed2  completed  (7.9s)
2026-05-11 21:08:38,995 - INFO - [2470/3780] gpu1  trial_0248_lr=1.0e-03_weight_decay=1.0e-04_kernel_sizes=7x7x5_conv_channels=256x256x256_fc_dims=256_seed5  completed  (7.8s)
2026-05-11 21:08:46,555 - INFO - [2471/3780] gpu0  trial_0245_lr=3.0e-04_weight_decay=1.0e-04_kernel_sizes=7x7x5_conv_channels=256x256x256_fc_dims=256_seed4  completed  (7.9s)
2026-05-11 21:08:46,809 - INFO - [2472/3780] gpu1  trial_0248_lr=1.0e-03_weight_decay=1.0e-04_kernel_sizes=7x7x5_conv_channels=256x256x256_fc_dims=256_seed7  completed  (7.8s)
2026-05-11 21:08:54,532 - INFO - [2473/3780] gpu1  trial_0248_lr=1.0e-03_weight_decay=1.0e-04_kernel_sizes=7x7x5_conv_channels=256x256x256_fc_dims=256_seed9  completed  (7.7s)
2026-05-11 21:08:54,639 - INFO - [2474/3780] gpu0  trial_0245_lr=3.0e-04_weight_decay=1.0e-04_kernel_sizes=7x7x5_conv_channels=256x256x256_fc_dims=256_seed6  completed  (8.1s)
2026-05-11 21:09:02,353 - INFO - [2475/3780] gpu1  trial_0249_lr=3.0e-03_weight_decay=0_kernel_sizes=7x7x5_conv_channels=256x256x256_fc_dims=256_seed1  completed  (7.8s)
2026-05-11 21:09:02,617 - INFO - [2476/3780] gpu0  trial_0245_lr=3.0e-04_weight_decay=1.0e-04_kernel_sizes=7x7x5_conv_channels=256x256x256_fc_dims=256_seed8  completed  (8.0s)
2026-05-11 21:09:10,059 - INFO - [2477/3780] gpu1  trial_0249_lr=3.0e-03_weight_decay=0_kernel_sizes=7x7x5_conv_channels=256x256x256_fc_dims=256_seed3  completed  (7.7s)
2026-05-11 21:09:10,709 - INFO - [2478/3780] gpu0  trial_0246_lr=1.0e-03_weight_decay=0_kernel_sizes=7x7x5_conv_channels=256x256x256_fc_dims=256_seed0  completed  (8.1s)
2026-05-11 21:09:17,791 - INFO - [2479/3780] gpu1  trial_0249_lr=3.0e-03_weight_decay=0_kernel_sizes=7x7x5_conv_channels=256x256x256_fc_dims=256_seed5  completed  (7.7s)
2026-05-11 21:09:18,466 - INFO - [2480/3780] gpu0  trial_0246_lr=1.0e-03_weight_decay=0_kernel_sizes=7x7x5_conv_channels=256x256x256_fc_dims=256_seed2  completed  (7.8s)
2026-05-11 21:09:25,587 - INFO - [2481/3780] gpu1  trial_0249_lr=3.0e-03_weight_decay=0_kernel_sizes=7x7x5_conv_channels=256x256x256_fc_dims=256_seed7  completed  (7.8s)
2026-05-11 21:09:26,414 - INFO - [2482/3780] gpu0  trial_0246_lr=1.0e-03_weight_decay=0_kernel_sizes=7x7x5_conv_channels=256x256x256_fc_dims=256_seed4  completed  (7.9s)
2026-05-11 21:09:33,371 - INFO - [2483/3780] gpu1  trial_0249_lr=3.0e-03_weight_decay=0_kernel_sizes=7x7x5_conv_channels=256x256x256_fc_dims=256_seed9  completed  (7.8s)
2026-05-11 21:09:34,406 - INFO - [2484/3780] gpu0  trial_0246_lr=1.0e-03_weight_decay=0_kernel_sizes=7x7x5_conv_channels=256x256x256_fc_dims=256_seed6  completed  (8.0s)
2026-05-11 21:09:41,392 - INFO - [2485/3780] gpu1  trial_0250_lr=3.0e-03_weight_decay=1.0e-05_kernel_sizes=7x7x5_conv_channels=256x256x256_fc_dims=256_seed1  completed  (8.0s)
2026-05-11 21:09:42,316 - INFO - [2486/3780] gpu0  trial_0246_lr=1.0e-03_weight_decay=0_kernel_sizes=7x7x5_conv_channels=256x256x256_fc_dims=256_seed8  completed  (7.9s)
2026-05-11 21:09:49,244 - INFO - [2487/3780] gpu1  trial_0250_lr=3.0e-03_weight_decay=1.0e-05_kernel_sizes=7x7x5_conv_channels=256x256x256_fc_dims=256_seed3  completed  (7.9s)
2026-05-11 21:09:50,287 - INFO - [2488/3780] gpu0  trial_0247_lr=1.0e-03_weight_decay=1.0e-05_kernel_sizes=7x7x5_conv_channels=256x256x256_fc_dims=256_seed0  completed  (8.0s)
2026-05-11 21:09:57,152 - INFO - [2489/3780] gpu1  trial_0250_lr=3.0e-03_weight_decay=1.0e-05_kernel_sizes=7x7x5_conv_channels=256x256x256_fc_dims=256_seed5  completed  (7.9s)
2026-05-11 21:09:58,392 - INFO - [2490/3780] gpu0  trial_0247_lr=1.0e-03_weight_decay=1.0e-05_kernel_sizes=7x7x5_conv_channels=256x256x256_fc_dims=256_seed2  completed  (8.1s)
2026-05-11 21:10:04,875 - INFO - [2491/3780] gpu1  trial_0250_lr=3.0e-03_weight_decay=1.0e-05_kernel_sizes=7x7x5_conv_channels=256x256x256_fc_dims=256_seed7  completed  (7.7s)
2026-05-11 21:10:06,349 - INFO - [2492/3780] gpu0  trial_0247_lr=1.0e-03_weight_decay=1.0e-05_kernel_sizes=7x7x5_conv_channels=256x256x256_fc_dims=256_seed4  completed  (8.0s)
2026-05-11 21:10:12,670 - INFO - [2493/3780] gpu1  trial_0250_lr=3.0e-03_weight_decay=1.0e-05_kernel_sizes=7x7x5_conv_channels=256x256x256_fc_dims=256_seed9  completed  (7.8s)
2026-05-11 21:10:14,377 - INFO - [2494/3780] gpu0  trial_0247_lr=1.0e-03_weight_decay=1.0e-05_kernel_sizes=7x7x5_conv_channels=256x256x256_fc_dims=256_seed6  completed  (8.0s)
2026-05-11 21:10:20,513 - INFO - [2495/3780] gpu1  trial_0251_lr=3.0e-03_weight_decay=1.0e-04_kernel_sizes=7x7x5_conv_channels=256x256x256_fc_dims=256_seed1  completed  (7.8s)
2026-05-11 21:10:22,419 - INFO - [2496/3780] gpu0  trial_0247_lr=1.0e-03_weight_decay=1.0e-05_kernel_sizes=7x7x5_conv_channels=256x256x256_fc_dims=256_seed8  completed  (8.0s)
2026-05-11 21:10:26,924 - INFO - [2497/3780] gpu1  trial_0251_lr=3.0e-03_weight_decay=1.0e-04_kernel_sizes=7x7x5_conv_channels=256x256x256_fc_dims=256_seed3  completed  (6.4s)
2026-05-11 21:10:30,535 - INFO - [2498/3780] gpu0  trial_0248_lr=1.0e-03_weight_decay=1.0e-04_kernel_sizes=7x7x5_conv_channels=256x256x256_fc_dims=256_seed0  completed  (8.1s)
2026-05-11 21:10:34,670 - INFO - [2499/3780] gpu1  trial_0251_lr=3.0e-03_weight_decay=1.0e-04_kernel_sizes=7x7x5_conv_channels=256x256x256_fc_dims=256_seed5  completed  (7.7s)
2026-05-11 21:10:38,588 - INFO - [2500/3780] gpu0  trial_0248_lr=1.0e-03_weight_decay=1.0e-04_kernel_sizes=7x7x5_conv_channels=256x256x256_fc_dims=256_seed2  completed  (8.1s)
2026-05-11 21:10:42,285 - INFO - [2501/3780] gpu1  trial_0251_lr=3.0e-03_weight_decay=1.0e-04_kernel_sizes=7x7x5_conv_channels=256x256x256_fc_dims=256_seed7  completed  (7.6s)
2026-05-11 21:10:46,639 - INFO - [2502/3780] gpu0  trial_0248_lr=1.0e-03_weight_decay=1.0e-04_kernel_sizes=7x7x5_conv_channels=256x256x256_fc_dims=256_seed4  completed  (8.0s)
2026-05-11 21:10:50,101 - INFO - [2503/3780] gpu1  trial_0251_lr=3.0e-03_weight_decay=1.0e-04_kernel_sizes=7x7x5_conv_channels=256x256x256_fc_dims=256_seed9  completed  (7.8s)
2026-05-11 21:10:54,521 - INFO - [2504/3780] gpu0  trial_0248_lr=1.0e-03_weight_decay=1.0e-04_kernel_sizes=7x7x5_conv_channels=256x256x256_fc_dims=256_seed6  completed  (7.9s)
2026-05-11 21:10:58,141 - INFO - [2505/3780] gpu1  trial_0252_lr=3.0e-04_weight_decay=0_kernel_sizes=7x7x5_conv_channels=256x256x256_fc_dims=512_seed1  completed  (8.0s)
2026-05-11 21:11:02,572 - INFO - [2506/3780] gpu0  trial_0248_lr=1.0e-03_weight_decay=1.0e-04_kernel_sizes=7x7x5_conv_channels=256x256x256_fc_dims=256_seed8  completed  (8.0s)
2026-05-11 21:11:06,286 - INFO - [2507/3780] gpu1  trial_0252_lr=3.0e-04_weight_decay=0_kernel_sizes=7x7x5_conv_channels=256x256x256_fc_dims=512_seed3  completed  (8.1s)
2026-05-11 21:11:10,694 - INFO - [2508/3780] gpu0  trial_0249_lr=3.0e-03_weight_decay=0_kernel_sizes=7x7x5_conv_channels=256x256x256_fc_dims=256_seed0  completed  (8.1s)
2026-05-11 21:11:14,446 - INFO - [2509/3780] gpu1  trial_0252_lr=3.0e-04_weight_decay=0_kernel_sizes=7x7x5_conv_channels=256x256x256_fc_dims=512_seed5  completed  (8.2s)
2026-05-11 21:11:18,730 - INFO - [2510/3780] gpu0  trial_0249_lr=3.0e-03_weight_decay=0_kernel_sizes=7x7x5_conv_channels=256x256x256_fc_dims=256_seed2  completed  (8.0s)
2026-05-11 21:11:22,619 - INFO - [2511/3780] gpu1  trial_0252_lr=3.0e-04_weight_decay=0_kernel_sizes=7x7x5_conv_channels=256x256x256_fc_dims=512_seed7  completed  (8.2s)
2026-05-11 21:11:26,744 - INFO - [2512/3780] gpu0  trial_0249_lr=3.0e-03_weight_decay=0_kernel_sizes=7x7x5_conv_channels=256x256x256_fc_dims=256_seed4  completed  (8.0s)
2026-05-11 21:11:30,621 - INFO - [2513/3780] gpu1  trial_0252_lr=3.0e-04_weight_decay=0_kernel_sizes=7x7x5_conv_channels=256x256x256_fc_dims=512_seed9  completed  (8.0s)
2026-05-11 21:11:35,199 - INFO - [2514/3780] gpu0  trial_0249_lr=3.0e-03_weight_decay=0_kernel_sizes=7x7x5_conv_channels=256x256x256_fc_dims=256_seed6  completed  (8.5s)
2026-05-11 21:11:38,643 - INFO - [2515/3780] gpu1  trial_0253_lr=3.0e-04_weight_decay=1.0e-05_kernel_sizes=7x7x5_conv_channels=256x256x256_fc_dims=512_seed1  completed  (8.0s)
2026-05-11 21:11:43,123 - INFO - [2516/3780] gpu0  trial_0249_lr=3.0e-03_weight_decay=0_kernel_sizes=7x7x5_conv_channels=256x256x256_fc_dims=256_seed8  completed  (7.9s)
2026-05-11 21:11:46,852 - INFO - [2517/3780] gpu1  trial_0253_lr=3.0e-04_weight_decay=1.0e-05_kernel_sizes=7x7x5_conv_channels=256x256x256_fc_dims=512_seed3  completed  (8.2s)
2026-05-11 21:11:51,057 - INFO - [2518/3780] gpu0  trial_0250_lr=3.0e-03_weight_decay=1.0e-05_kernel_sizes=7x7x5_conv_channels=256x256x256_fc_dims=256_seed0  completed  (7.9s)
2026-05-11 21:11:54,938 - INFO - [2519/3780] gpu1  trial_0253_lr=3.0e-04_weight_decay=1.0e-05_kernel_sizes=7x7x5_conv_channels=256x256x256_fc_dims=512_seed5  completed  (8.1s)
2026-05-11 21:11:58,973 - INFO - [2520/3780] gpu0  trial_0250_lr=3.0e-03_weight_decay=1.0e-05_kernel_sizes=7x7x5_conv_channels=256x256x256_fc_dims=256_seed2  completed  (7.9s)
2026-05-11 21:12:02,912 - INFO - [2521/3780] gpu1  trial_0253_lr=3.0e-04_weight_decay=1.0e-05_kernel_sizes=7x7x5_conv_channels=256x256x256_fc_dims=512_seed7  completed  (8.0s)
2026-05-11 21:12:06,903 - INFO - [2522/3780] gpu0  trial_0250_lr=3.0e-03_weight_decay=1.0e-05_kernel_sizes=7x7x5_conv_channels=256x256x256_fc_dims=256_seed4  completed  (7.9s)
2026-05-11 21:12:11,010 - INFO - [2523/3780] gpu1  trial_0253_lr=3.0e-04_weight_decay=1.0e-05_kernel_sizes=7x7x5_conv_channels=256x256x256_fc_dims=512_seed9  completed  (8.1s)
2026-05-11 21:12:14,744 - INFO - [2524/3780] gpu0  trial_0250_lr=3.0e-03_weight_decay=1.0e-05_kernel_sizes=7x7x5_conv_channels=256x256x256_fc_dims=256_seed6  completed  (7.8s)
2026-05-11 21:12:19,125 - INFO - [2525/3780] gpu1  trial_0254_lr=3.0e-04_weight_decay=1.0e-04_kernel_sizes=7x7x5_conv_channels=256x256x256_fc_dims=512_seed1  completed  (8.1s)
2026-05-11 21:12:22,592 - INFO - [2526/3780] gpu0  trial_0250_lr=3.0e-03_weight_decay=1.0e-05_kernel_sizes=7x7x5_conv_channels=256x256x256_fc_dims=256_seed8  completed  (7.8s)
2026-05-11 21:12:26,079 - INFO - [2527/3780] gpu0  trial_0251_lr=3.0e-03_weight_decay=1.0e-04_kernel_sizes=7x7x5_conv_channels=256x256x256_fc_dims=256_seed0  completed  (3.5s)
2026-05-11 21:12:27,287 - INFO - [2528/3780] gpu1  trial_0254_lr=3.0e-04_weight_decay=1.0e-04_kernel_sizes=7x7x5_conv_channels=256x256x256_fc_dims=512_seed3  completed  (8.2s)
2026-05-11 21:12:33,863 - INFO - [2529/3780] gpu0  trial_0251_lr=3.0e-03_weight_decay=1.0e-04_kernel_sizes=7x7x5_conv_channels=256x256x256_fc_dims=256_seed2  completed  (7.8s)
2026-05-11 21:12:35,492 - INFO - [2530/3780] gpu1  trial_0254_lr=3.0e-04_weight_decay=1.0e-04_kernel_sizes=7x7x5_conv_channels=256x256x256_fc_dims=512_seed5  completed  (8.2s)
2026-05-11 21:12:37,208 - INFO - [2531/3780] gpu0  trial_0251_lr=3.0e-03_weight_decay=1.0e-04_kernel_sizes=7x7x5_conv_channels=256x256x256_fc_dims=256_seed4  completed  (3.3s)
2026-05-11 21:12:43,580 - INFO - [2532/3780] gpu1  trial_0254_lr=3.0e-04_weight_decay=1.0e-04_kernel_sizes=7x7x5_conv_channels=256x256x256_fc_dims=512_seed7  completed  (8.1s)
2026-05-11 21:12:44,709 - INFO - [2533/3780] gpu0  trial_0251_lr=3.0e-03_weight_decay=1.0e-04_kernel_sizes=7x7x5_conv_channels=256x256x256_fc_dims=256_seed6  completed  (7.5s)
2026-05-11 21:12:51,713 - INFO - [2534/3780] gpu1  trial_0254_lr=3.0e-04_weight_decay=1.0e-04_kernel_sizes=7x7x5_conv_channels=256x256x256_fc_dims=512_seed9  completed  (8.1s)
2026-05-11 21:12:52,604 - INFO - [2535/3780] gpu0  trial_0251_lr=3.0e-03_weight_decay=1.0e-04_kernel_sizes=7x7x5_conv_channels=256x256x256_fc_dims=256_seed8  completed  (7.9s)
2026-05-11 21:12:59,791 - INFO - [2536/3780] gpu1  trial_0255_lr=1.0e-03_weight_decay=0_kernel_sizes=7x7x5_conv_channels=256x256x256_fc_dims=512_seed1  completed  (8.1s)
2026-05-11 21:13:00,795 - INFO - [2537/3780] gpu0  trial_0252_lr=3.0e-04_weight_decay=0_kernel_sizes=7x7x5_conv_channels=256x256x256_fc_dims=512_seed0  completed  (8.2s)
2026-05-11 21:13:07,793 - INFO - [2538/3780] gpu1  trial_0255_lr=1.0e-03_weight_decay=0_kernel_sizes=7x7x5_conv_channels=256x256x256_fc_dims=512_seed3  completed  (8.0s)
2026-05-11 21:13:08,854 - INFO - [2539/3780] gpu0  trial_0252_lr=3.0e-04_weight_decay=0_kernel_sizes=7x7x5_conv_channels=256x256x256_fc_dims=512_seed2  completed  (8.1s)
2026-05-11 21:13:15,960 - INFO - [2540/3780] gpu1  trial_0255_lr=1.0e-03_weight_decay=0_kernel_sizes=7x7x5_conv_channels=256x256x256_fc_dims=512_seed5  completed  (8.2s)
2026-05-11 21:13:16,970 - INFO - [2541/3780] gpu0  trial_0252_lr=3.0e-04_weight_decay=0_kernel_sizes=7x7x5_conv_channels=256x256x256_fc_dims=512_seed4  completed  (8.1s)
2026-05-11 21:13:24,188 - INFO - [2542/3780] gpu1  trial_0255_lr=1.0e-03_weight_decay=0_kernel_sizes=7x7x5_conv_channels=256x256x256_fc_dims=512_seed7  completed  (8.2s)
2026-05-11 21:13:25,240 - INFO - [2543/3780] gpu0  trial_0252_lr=3.0e-04_weight_decay=0_kernel_sizes=7x7x5_conv_channels=256x256x256_fc_dims=512_seed6  completed  (8.3s)
2026-05-11 21:13:32,416 - INFO - [2544/3780] gpu1  trial_0255_lr=1.0e-03_weight_decay=0_kernel_sizes=7x7x5_conv_channels=256x256x256_fc_dims=512_seed9  completed  (8.2s)
2026-05-11 21:13:33,451 - INFO - [2545/3780] gpu0  trial_0252_lr=3.0e-04_weight_decay=0_kernel_sizes=7x7x5_conv_channels=256x256x256_fc_dims=512_seed8  completed  (8.2s)
2026-05-11 21:13:40,442 - INFO - [2546/3780] gpu1  trial_0256_lr=1.0e-03_weight_decay=1.0e-05_kernel_sizes=7x7x5_conv_channels=256x256x256_fc_dims=512_seed1  completed  (8.0s)
2026-05-11 21:13:41,669 - INFO - [2547/3780] gpu0  trial_0253_lr=3.0e-04_weight_decay=1.0e-05_kernel_sizes=7x7x5_conv_channels=256x256x256_fc_dims=512_seed0  completed  (8.2s)
2026-05-11 21:13:48,396 - INFO - [2548/3780] gpu1  trial_0256_lr=1.0e-03_weight_decay=1.0e-05_kernel_sizes=7x7x5_conv_channels=256x256x256_fc_dims=512_seed3  completed  (8.0s)
2026-05-11 21:13:49,810 - INFO - [2549/3780] gpu0  trial_0253_lr=3.0e-04_weight_decay=1.0e-05_kernel_sizes=7x7x5_conv_channels=256x256x256_fc_dims=512_seed2  completed  (8.1s)
2026-05-11 21:13:56,542 - INFO - [2550/3780] gpu1  trial_0256_lr=1.0e-03_weight_decay=1.0e-05_kernel_sizes=7x7x5_conv_channels=256x256x256_fc_dims=512_seed5  completed  (8.1s)
2026-05-11 21:13:57,974 - INFO - [2551/3780] gpu0  trial_0253_lr=3.0e-04_weight_decay=1.0e-05_kernel_sizes=7x7x5_conv_channels=256x256x256_fc_dims=512_seed4  completed  (8.2s)
2026-05-11 21:14:04,672 - INFO - [2552/3780] gpu1  trial_0256_lr=1.0e-03_weight_decay=1.0e-05_kernel_sizes=7x7x5_conv_channels=256x256x256_fc_dims=512_seed7  completed  (8.1s)
2026-05-11 21:14:06,222 - INFO - [2553/3780] gpu0  trial_0253_lr=3.0e-04_weight_decay=1.0e-05_kernel_sizes=7x7x5_conv_channels=256x256x256_fc_dims=512_seed6  completed  (8.2s)
2026-05-11 21:14:12,770 - INFO - [2554/3780] gpu1  trial_0256_lr=1.0e-03_weight_decay=1.0e-05_kernel_sizes=7x7x5_conv_channels=256x256x256_fc_dims=512_seed9  completed  (8.1s)
2026-05-11 21:14:14,514 - INFO - [2555/3780] gpu0  trial_0253_lr=3.0e-04_weight_decay=1.0e-05_kernel_sizes=7x7x5_conv_channels=256x256x256_fc_dims=512_seed8  completed  (8.3s)
2026-05-11 21:14:20,960 - INFO - [2556/3780] gpu1  trial_0257_lr=1.0e-03_weight_decay=1.0e-04_kernel_sizes=7x7x5_conv_channels=256x256x256_fc_dims=512_seed1  completed  (8.2s)
2026-05-11 21:14:22,759 - INFO - [2557/3780] gpu0  trial_0254_lr=3.0e-04_weight_decay=1.0e-04_kernel_sizes=7x7x5_conv_channels=256x256x256_fc_dims=512_seed0  completed  (8.2s)
2026-05-11 21:14:29,108 - INFO - [2558/3780] gpu1  trial_0257_lr=1.0e-03_weight_decay=1.0e-04_kernel_sizes=7x7x5_conv_channels=256x256x256_fc_dims=512_seed3  completed  (8.1s)
2026-05-11 21:14:30,886 - INFO - [2559/3780] gpu0  trial_0254_lr=3.0e-04_weight_decay=1.0e-04_kernel_sizes=7x7x5_conv_channels=256x256x256_fc_dims=512_seed2  completed  (8.1s)
2026-05-11 21:14:37,175 - INFO - [2560/3780] gpu1  trial_0257_lr=1.0e-03_weight_decay=1.0e-04_kernel_sizes=7x7x5_conv_channels=256x256x256_fc_dims=512_seed5  completed  (8.1s)
2026-05-11 21:14:39,170 - INFO - [2561/3780] gpu0  trial_0254_lr=3.0e-04_weight_decay=1.0e-04_kernel_sizes=7x7x5_conv_channels=256x256x256_fc_dims=512_seed4  completed  (8.3s)
2026-05-11 21:14:45,250 - INFO - [2562/3780] gpu1  trial_0257_lr=1.0e-03_weight_decay=1.0e-04_kernel_sizes=7x7x5_conv_channels=256x256x256_fc_dims=512_seed7  completed  (8.1s)
2026-05-11 21:14:47,297 - INFO - [2563/3780] gpu0  trial_0254_lr=3.0e-04_weight_decay=1.0e-04_kernel_sizes=7x7x5_conv_channels=256x256x256_fc_dims=512_seed6  completed  (8.1s)
2026-05-11 21:14:53,427 - INFO - [2564/3780] gpu1  trial_0257_lr=1.0e-03_weight_decay=1.0e-04_kernel_sizes=7x7x5_conv_channels=256x256x256_fc_dims=512_seed9  completed  (8.2s)
2026-05-11 21:14:55,488 - INFO - [2565/3780] gpu0  trial_0254_lr=3.0e-04_weight_decay=1.0e-04_kernel_sizes=7x7x5_conv_channels=256x256x256_fc_dims=512_seed8  completed  (8.2s)
2026-05-11 21:15:01,466 - INFO - [2566/3780] gpu1  trial_0258_lr=3.0e-03_weight_decay=0_kernel_sizes=7x7x5_conv_channels=256x256x256_fc_dims=512_seed1  completed  (8.0s)
2026-05-11 21:15:03,657 - INFO - [2567/3780] gpu0  trial_0255_lr=1.0e-03_weight_decay=0_kernel_sizes=7x7x5_conv_channels=256x256x256_fc_dims=512_seed0  completed  (8.2s)
2026-05-11 21:15:09,624 - INFO - [2568/3780] gpu1  trial_0258_lr=3.0e-03_weight_decay=0_kernel_sizes=7x7x5_conv_channels=256x256x256_fc_dims=512_seed3  completed  (8.2s)
2026-05-11 21:15:11,766 - INFO - [2569/3780] gpu0  trial_0255_lr=1.0e-03_weight_decay=0_kernel_sizes=7x7x5_conv_channels=256x256x256_fc_dims=512_seed2  completed  (8.1s)
2026-05-11 21:15:17,640 - INFO - [2570/3780] gpu1  trial_0258_lr=3.0e-03_weight_decay=0_kernel_sizes=7x7x5_conv_channels=256x256x256_fc_dims=512_seed5  completed  (8.0s)
2026-05-11 21:15:19,995 - INFO - [2571/3780] gpu0  trial_0255_lr=1.0e-03_weight_decay=0_kernel_sizes=7x7x5_conv_channels=256x256x256_fc_dims=512_seed4  completed  (8.2s)
2026-05-11 21:15:25,674 - INFO - [2572/3780] gpu1  trial_0258_lr=3.0e-03_weight_decay=0_kernel_sizes=7x7x5_conv_channels=256x256x256_fc_dims=512_seed7  completed  (8.0s)
2026-05-11 21:15:28,295 - INFO - [2573/3780] gpu0  trial_0255_lr=1.0e-03_weight_decay=0_kernel_sizes=7x7x5_conv_channels=256x256x256_fc_dims=512_seed6  completed  (8.3s)
2026-05-11 21:15:33,778 - INFO - [2574/3780] gpu1  trial_0258_lr=3.0e-03_weight_decay=0_kernel_sizes=7x7x5_conv_channels=256x256x256_fc_dims=512_seed9  completed  (8.1s)
2026-05-11 21:15:36,450 - INFO - [2575/3780] gpu0  trial_0255_lr=1.0e-03_weight_decay=0_kernel_sizes=7x7x5_conv_channels=256x256x256_fc_dims=512_seed8  completed  (8.2s)
2026-05-11 21:15:41,965 - INFO - [2576/3780] gpu1  trial_0259_lr=3.0e-03_weight_decay=1.0e-05_kernel_sizes=7x7x5_conv_channels=256x256x256_fc_dims=512_seed1  completed  (8.2s)
2026-05-11 21:15:44,476 - INFO - [2577/3780] gpu0  trial_0256_lr=1.0e-03_weight_decay=1.0e-05_kernel_sizes=7x7x5_conv_channels=256x256x256_fc_dims=512_seed0  completed  (8.0s)
2026-05-11 21:15:50,001 - INFO - [2578/3780] gpu1  trial_0259_lr=3.0e-03_weight_decay=1.0e-05_kernel_sizes=7x7x5_conv_channels=256x256x256_fc_dims=512_seed3  completed  (8.0s)
2026-05-11 21:15:52,727 - INFO - [2579/3780] gpu0  trial_0256_lr=1.0e-03_weight_decay=1.0e-05_kernel_sizes=7x7x5_conv_channels=256x256x256_fc_dims=512_seed2  completed  (8.2s)
2026-05-11 21:15:58,147 - INFO - [2580/3780] gpu1  trial_0259_lr=3.0e-03_weight_decay=1.0e-05_kernel_sizes=7x7x5_conv_channels=256x256x256_fc_dims=512_seed5  completed  (8.1s)
2026-05-11 21:16:00,942 - INFO - [2581/3780] gpu0  trial_0256_lr=1.0e-03_weight_decay=1.0e-05_kernel_sizes=7x7x5_conv_channels=256x256x256_fc_dims=512_seed4  completed  (8.2s)
2026-05-11 21:16:06,384 - INFO - [2582/3780] gpu1  trial_0259_lr=3.0e-03_weight_decay=1.0e-05_kernel_sizes=7x7x5_conv_channels=256x256x256_fc_dims=512_seed7  completed  (8.2s)
2026-05-11 21:16:09,146 - INFO - [2583/3780] gpu0  trial_0256_lr=1.0e-03_weight_decay=1.0e-05_kernel_sizes=7x7x5_conv_channels=256x256x256_fc_dims=512_seed6  completed  (8.2s)
2026-05-11 21:16:14,543 - INFO - [2584/3780] gpu1  trial_0259_lr=3.0e-03_weight_decay=1.0e-05_kernel_sizes=7x7x5_conv_channels=256x256x256_fc_dims=512_seed9  completed  (8.2s)
2026-05-11 21:16:17,463 - INFO - [2585/3780] gpu0  trial_0256_lr=1.0e-03_weight_decay=1.0e-05_kernel_sizes=7x7x5_conv_channels=256x256x256_fc_dims=512_seed8  completed  (8.3s)
2026-05-11 21:16:22,615 - INFO - [2586/3780] gpu1  trial_0260_lr=3.0e-03_weight_decay=1.0e-04_kernel_sizes=7x7x5_conv_channels=256x256x256_fc_dims=512_seed1  completed  (8.1s)
2026-05-11 21:16:25,665 - INFO - [2587/3780] gpu0  trial_0257_lr=1.0e-03_weight_decay=1.0e-04_kernel_sizes=7x7x5_conv_channels=256x256x256_fc_dims=512_seed0  completed  (8.2s)
2026-05-11 21:16:30,559 - INFO - [2588/3780] gpu1  trial_0260_lr=3.0e-03_weight_decay=1.0e-04_kernel_sizes=7x7x5_conv_channels=256x256x256_fc_dims=512_seed3  completed  (7.9s)
2026-05-11 21:16:33,451 - INFO - [2589/3780] gpu0  trial_0257_lr=1.0e-03_weight_decay=1.0e-04_kernel_sizes=7x7x5_conv_channels=256x256x256_fc_dims=512_seed2  completed  (7.8s)
2026-05-11 21:16:38,613 - INFO - [2590/3780] gpu1  trial_0260_lr=3.0e-03_weight_decay=1.0e-04_kernel_sizes=7x7x5_conv_channels=256x256x256_fc_dims=512_seed5  completed  (8.1s)
2026-05-11 21:16:41,668 - INFO - [2591/3780] gpu0  trial_0257_lr=1.0e-03_weight_decay=1.0e-04_kernel_sizes=7x7x5_conv_channels=256x256x256_fc_dims=512_seed4  completed  (8.2s)
2026-05-11 21:16:46,807 - INFO - [2592/3780] gpu1  trial_0260_lr=3.0e-03_weight_decay=1.0e-04_kernel_sizes=7x7x5_conv_channels=256x256x256_fc_dims=512_seed7  completed  (8.2s)
2026-05-11 21:16:49,767 - INFO - [2593/3780] gpu0  trial_0257_lr=1.0e-03_weight_decay=1.0e-04_kernel_sizes=7x7x5_conv_channels=256x256x256_fc_dims=512_seed6  completed  (8.1s)
2026-05-11 21:16:54,772 - INFO - [2594/3780] gpu1  trial_0260_lr=3.0e-03_weight_decay=1.0e-04_kernel_sizes=7x7x5_conv_channels=256x256x256_fc_dims=512_seed9  completed  (8.0s)
2026-05-11 21:16:58,077 - INFO - [2595/3780] gpu0  trial_0257_lr=1.0e-03_weight_decay=1.0e-04_kernel_sizes=7x7x5_conv_channels=256x256x256_fc_dims=512_seed8  completed  (8.3s)
2026-05-11 21:17:03,155 - INFO - [2596/3780] gpu1  trial_0261_lr=3.0e-04_weight_decay=0_kernel_sizes=7x7x5_conv_channels=256x256x256_fc_dims=512x256_seed1  completed  (8.4s)
2026-05-11 21:17:06,354 - INFO - [2597/3780] gpu0  trial_0258_lr=3.0e-03_weight_decay=0_kernel_sizes=7x7x5_conv_channels=256x256x256_fc_dims=512_seed0  completed  (8.3s)
2026-05-11 21:17:11,527 - INFO - [2598/3780] gpu1  trial_0261_lr=3.0e-04_weight_decay=0_kernel_sizes=7x7x5_conv_channels=256x256x256_fc_dims=512x256_seed3  completed  (8.4s)
2026-05-11 21:17:14,513 - INFO - [2599/3780] gpu0  trial_0258_lr=3.0e-03_weight_decay=0_kernel_sizes=7x7x5_conv_channels=256x256x256_fc_dims=512_seed2  completed  (8.2s)
2026-05-11 21:17:19,903 - INFO - [2600/3780] gpu1  trial_0261_lr=3.0e-04_weight_decay=0_kernel_sizes=7x7x5_conv_channels=256x256x256_fc_dims=512x256_seed5  completed  (8.4s)
2026-05-11 21:17:22,701 - INFO - [2601/3780] gpu0  trial_0258_lr=3.0e-03_weight_decay=0_kernel_sizes=7x7x5_conv_channels=256x256x256_fc_dims=512_seed4  completed  (8.2s)
2026-05-11 21:17:28,226 - INFO - [2602/3780] gpu1  trial_0261_lr=3.0e-04_weight_decay=0_kernel_sizes=7x7x5_conv_channels=256x256x256_fc_dims=512x256_seed7  completed  (8.3s)
2026-05-11 21:17:30,877 - INFO - [2603/3780] gpu0  trial_0258_lr=3.0e-03_weight_decay=0_kernel_sizes=7x7x5_conv_channels=256x256x256_fc_dims=512_seed6  completed  (8.2s)
2026-05-11 21:17:36,536 - INFO - [2604/3780] gpu1  trial_0261_lr=3.0e-04_weight_decay=0_kernel_sizes=7x7x5_conv_channels=256x256x256_fc_dims=512x256_seed9  completed  (8.3s)
2026-05-11 21:17:39,146 - INFO - [2605/3780] gpu0  trial_0258_lr=3.0e-03_weight_decay=0_kernel_sizes=7x7x5_conv_channels=256x256x256_fc_dims=512_seed8  completed  (8.3s)
2026-05-11 21:17:44,927 - INFO - [2606/3780] gpu1  trial_0262_lr=3.0e-04_weight_decay=1.0e-05_kernel_sizes=7x7x5_conv_channels=256x256x256_fc_dims=512x256_seed1  completed  (8.4s)
2026-05-11 21:17:47,337 - INFO - [2607/3780] gpu0  trial_0259_lr=3.0e-03_weight_decay=1.0e-05_kernel_sizes=7x7x5_conv_channels=256x256x256_fc_dims=512_seed0  completed  (8.2s)
2026-05-11 21:17:53,324 - INFO - [2608/3780] gpu1  trial_0262_lr=3.0e-04_weight_decay=1.0e-05_kernel_sizes=7x7x5_conv_channels=256x256x256_fc_dims=512x256_seed3  completed  (8.4s)
2026-05-11 21:17:55,554 - INFO - [2609/3780] gpu0  trial_0259_lr=3.0e-03_weight_decay=1.0e-05_kernel_sizes=7x7x5_conv_channels=256x256x256_fc_dims=512_seed2  completed  (8.2s)
2026-05-11 21:18:01,630 - INFO - [2610/3780] gpu1  trial_0262_lr=3.0e-04_weight_decay=1.0e-05_kernel_sizes=7x7x5_conv_channels=256x256x256_fc_dims=512x256_seed5  completed  (8.3s)
2026-05-11 21:18:03,722 - INFO - [2611/3780] gpu0  trial_0259_lr=3.0e-03_weight_decay=1.0e-05_kernel_sizes=7x7x5_conv_channels=256x256x256_fc_dims=512_seed4  completed  (8.2s)
2026-05-11 21:18:09,960 - INFO - [2612/3780] gpu1  trial_0262_lr=3.0e-04_weight_decay=1.0e-05_kernel_sizes=7x7x5_conv_channels=256x256x256_fc_dims=512x256_seed7  completed  (8.3s)
2026-05-11 21:18:11,802 - INFO - [2613/3780] gpu0  trial_0259_lr=3.0e-03_weight_decay=1.0e-05_kernel_sizes=7x7x5_conv_channels=256x256x256_fc_dims=512_seed6  completed  (8.1s)
2026-05-11 21:18:15,243 - INFO - [2614/3780] gpu0  trial_0259_lr=3.0e-03_weight_decay=1.0e-05_kernel_sizes=7x7x5_conv_channels=256x256x256_fc_dims=512_seed8  completed  (3.4s)
2026-05-11 21:18:18,324 - INFO - [2615/3780] gpu1  trial_0262_lr=3.0e-04_weight_decay=1.0e-05_kernel_sizes=7x7x5_conv_channels=256x256x256_fc_dims=512x256_seed9  completed  (8.4s)
2026-05-11 21:18:18,906 - INFO - [2616/3780] gpu0  trial_0260_lr=3.0e-03_weight_decay=1.0e-04_kernel_sizes=7x7x5_conv_channels=256x256x256_fc_dims=512_seed0  completed  (3.7s)
2026-05-11 21:18:26,724 - INFO - [2617/3780] gpu1  trial_0263_lr=3.0e-04_weight_decay=1.0e-04_kernel_sizes=7x7x5_conv_channels=256x256x256_fc_dims=512x256_seed1  completed  (8.4s)
2026-05-11 21:18:26,923 - INFO - [2618/3780] gpu0  trial_0260_lr=3.0e-03_weight_decay=1.0e-04_kernel_sizes=7x7x5_conv_channels=256x256x256_fc_dims=512_seed2  completed  (8.0s)
2026-05-11 21:18:33,276 - INFO - [2619/3780] gpu0  trial_0260_lr=3.0e-03_weight_decay=1.0e-04_kernel_sizes=7x7x5_conv_channels=256x256x256_fc_dims=512_seed4  completed  (6.4s)
2026-05-11 21:18:35,032 - INFO - [2620/3780] gpu1  trial_0263_lr=3.0e-04_weight_decay=1.0e-04_kernel_sizes=7x7x5_conv_channels=256x256x256_fc_dims=512x256_seed3  completed  (8.3s)
2026-05-11 21:18:41,283 - INFO - [2621/3780] gpu0  trial_0260_lr=3.0e-03_weight_decay=1.0e-04_kernel_sizes=7x7x5_conv_channels=256x256x256_fc_dims=512_seed6  completed  (8.0s)
2026-05-11 21:18:43,369 - INFO - [2622/3780] gpu1  trial_0263_lr=3.0e-04_weight_decay=1.0e-04_kernel_sizes=7x7x5_conv_channels=256x256x256_fc_dims=512x256_seed5  completed  (8.3s)
2026-05-11 21:18:44,548 - INFO - [2623/3780] gpu0  trial_0260_lr=3.0e-03_weight_decay=1.0e-04_kernel_sizes=7x7x5_conv_channels=256x256x256_fc_dims=512_seed8  completed  (3.3s)
2026-05-11 21:18:51,739 - INFO - [2624/3780] gpu1  trial_0263_lr=3.0e-04_weight_decay=1.0e-04_kernel_sizes=7x7x5_conv_channels=256x256x256_fc_dims=512x256_seed7  completed  (8.4s)
2026-05-11 21:18:53,027 - INFO - [2625/3780] gpu0  trial_0261_lr=3.0e-04_weight_decay=0_kernel_sizes=7x7x5_conv_channels=256x256x256_fc_dims=512x256_seed0  completed  (8.5s)
2026-05-11 21:18:55,962 - INFO - [2626/3780] gpu1  trial_0263_lr=3.0e-04_weight_decay=1.0e-04_kernel_sizes=7x7x5_conv_channels=256x256x256_fc_dims=512x256_seed9  completed  (4.2s)
2026-05-11 21:19:01,375 - INFO - [2627/3780] gpu0  trial_0261_lr=3.0e-04_weight_decay=0_kernel_sizes=7x7x5_conv_channels=256x256x256_fc_dims=512x256_seed2  completed  (8.3s)
2026-05-11 21:19:04,207 - INFO - [2628/3780] gpu1  trial_0264_lr=1.0e-03_weight_decay=0_kernel_sizes=7x7x5_conv_channels=256x256x256_fc_dims=512x256_seed1  completed  (8.2s)
2026-05-11 21:19:09,870 - INFO - [2629/3780] gpu0  trial_0261_lr=3.0e-04_weight_decay=0_kernel_sizes=7x7x5_conv_channels=256x256x256_fc_dims=512x256_seed4  completed  (8.5s)
2026-05-11 21:19:12,439 - INFO - [2630/3780] gpu1  trial_0264_lr=1.0e-03_weight_decay=0_kernel_sizes=7x7x5_conv_channels=256x256x256_fc_dims=512x256_seed3  completed  (8.2s)
2026-05-11 21:19:18,273 - INFO - [2631/3780] gpu0  trial_0261_lr=3.0e-04_weight_decay=0_kernel_sizes=7x7x5_conv_channels=256x256x256_fc_dims=512x256_seed6  completed  (8.4s)
2026-05-11 21:19:20,857 - INFO - [2632/3780] gpu1  trial_0264_lr=1.0e-03_weight_decay=0_kernel_sizes=7x7x5_conv_channels=256x256x256_fc_dims=512x256_seed5  completed  (8.4s)
2026-05-11 21:19:26,831 - INFO - [2633/3780] gpu0  trial_0261_lr=3.0e-04_weight_decay=0_kernel_sizes=7x7x5_conv_channels=256x256x256_fc_dims=512x256_seed8  completed  (8.6s)
2026-05-11 21:19:29,182 - INFO - [2634/3780] gpu1  trial_0264_lr=1.0e-03_weight_decay=0_kernel_sizes=7x7x5_conv_channels=256x256x256_fc_dims=512x256_seed7  completed  (8.3s)
2026-05-11 21:19:35,168 - INFO - [2635/3780] gpu0  trial_0262_lr=3.0e-04_weight_decay=1.0e-05_kernel_sizes=7x7x5_conv_channels=256x256x256_fc_dims=512x256_seed0  completed  (8.3s)
2026-05-11 21:19:37,500 - INFO - [2636/3780] gpu1  trial_0264_lr=1.0e-03_weight_decay=0_kernel_sizes=7x7x5_conv_channels=256x256x256_fc_dims=512x256_seed9  completed  (8.3s)
2026-05-11 21:19:43,655 - INFO - [2637/3780] gpu0  trial_0262_lr=3.0e-04_weight_decay=1.0e-05_kernel_sizes=7x7x5_conv_channels=256x256x256_fc_dims=512x256_seed2  completed  (8.5s)
2026-05-11 21:19:45,798 - INFO - [2638/3780] gpu1  trial_0265_lr=1.0e-03_weight_decay=1.0e-05_kernel_sizes=7x7x5_conv_channels=256x256x256_fc_dims=512x256_seed1  completed  (8.3s)
2026-05-11 21:19:51,945 - INFO - [2639/3780] gpu0  trial_0262_lr=3.0e-04_weight_decay=1.0e-05_kernel_sizes=7x7x5_conv_channels=256x256x256_fc_dims=512x256_seed4  completed  (8.3s)
2026-05-11 21:19:53,961 - INFO - [2640/3780] gpu1  trial_0265_lr=1.0e-03_weight_decay=1.0e-05_kernel_sizes=7x7x5_conv_channels=256x256x256_fc_dims=512x256_seed3  completed  (8.2s)
2026-05-11 21:20:00,462 - INFO - [2641/3780] gpu0  trial_0262_lr=3.0e-04_weight_decay=1.0e-05_kernel_sizes=7x7x5_conv_channels=256x256x256_fc_dims=512x256_seed6  completed  (8.5s)
2026-05-11 21:20:02,343 - INFO - [2642/3780] gpu1  trial_0265_lr=1.0e-03_weight_decay=1.0e-05_kernel_sizes=7x7x5_conv_channels=256x256x256_fc_dims=512x256_seed5  completed  (8.4s)
2026-05-11 21:20:08,928 - INFO - [2643/3780] gpu0  trial_0262_lr=3.0e-04_weight_decay=1.0e-05_kernel_sizes=7x7x5_conv_channels=256x256x256_fc_dims=512x256_seed8  completed  (8.5s)
2026-05-11 21:20:10,632 - INFO - [2644/3780] gpu1  trial_0265_lr=1.0e-03_weight_decay=1.0e-05_kernel_sizes=7x7x5_conv_channels=256x256x256_fc_dims=512x256_seed7  completed  (8.3s)
2026-05-11 21:20:17,385 - INFO - [2645/3780] gpu0  trial_0263_lr=3.0e-04_weight_decay=1.0e-04_kernel_sizes=7x7x5_conv_channels=256x256x256_fc_dims=512x256_seed0  completed  (8.5s)
2026-05-11 21:20:18,898 - INFO - [2646/3780] gpu1  trial_0265_lr=1.0e-03_weight_decay=1.0e-05_kernel_sizes=7x7x5_conv_channels=256x256x256_fc_dims=512x256_seed9  completed  (8.3s)
2026-05-11 21:20:25,819 - INFO - [2647/3780] gpu0  trial_0263_lr=3.0e-04_weight_decay=1.0e-04_kernel_sizes=7x7x5_conv_channels=256x256x256_fc_dims=512x256_seed2  completed  (8.4s)
2026-05-11 21:20:27,169 - INFO - [2648/3780] gpu1  trial_0266_lr=1.0e-03_weight_decay=1.0e-04_kernel_sizes=7x7x5_conv_channels=256x256x256_fc_dims=512x256_seed1  completed  (8.3s)
2026-05-11 21:20:34,443 - INFO - [2649/3780] gpu0  trial_0263_lr=3.0e-04_weight_decay=1.0e-04_kernel_sizes=7x7x5_conv_channels=256x256x256_fc_dims=512x256_seed4  completed  (8.6s)
2026-05-11 21:20:35,569 - INFO - [2650/3780] gpu1  trial_0266_lr=1.0e-03_weight_decay=1.0e-04_kernel_sizes=7x7x5_conv_channels=256x256x256_fc_dims=512x256_seed3  completed  (8.4s)
2026-05-11 21:20:38,199 - INFO - [2651/3780] gpu1  trial_0266_lr=1.0e-03_weight_decay=1.0e-04_kernel_sizes=7x7x5_conv_channels=256x256x256_fc_dims=512x256_seed5  completed  (2.6s)
2026-05-11 21:20:42,856 - INFO - [2652/3780] gpu0  trial_0263_lr=3.0e-04_weight_decay=1.0e-04_kernel_sizes=7x7x5_conv_channels=256x256x256_fc_dims=512x256_seed6  completed  (8.4s)
2026-05-11 21:20:46,422 - INFO - [2653/3780] gpu1  trial_0266_lr=1.0e-03_weight_decay=1.0e-04_kernel_sizes=7x7x5_conv_channels=256x256x256_fc_dims=512x256_seed7  completed  (8.2s)
2026-05-11 21:20:49,021 - INFO - [2654/3780] gpu1  trial_0266_lr=1.0e-03_weight_decay=1.0e-04_kernel_sizes=7x7x5_conv_channels=256x256x256_fc_dims=512x256_seed9  completed  (2.6s)
2026-05-11 21:20:51,203 - INFO - [2655/3780] gpu0  trial_0263_lr=3.0e-04_weight_decay=1.0e-04_kernel_sizes=7x7x5_conv_channels=256x256x256_fc_dims=512x256_seed8  completed  (8.3s)
2026-05-11 21:20:57,582 - INFO - [2656/3780] gpu1  trial_0267_lr=3.0e-03_weight_decay=0_kernel_sizes=7x7x5_conv_channels=256x256x256_fc_dims=512x256_seed1  completed  (8.6s)
2026-05-11 21:20:59,700 - INFO - [2657/3780] gpu0  trial_0264_lr=1.0e-03_weight_decay=0_kernel_sizes=7x7x5_conv_channels=256x256x256_fc_dims=512x256_seed0  completed  (8.5s)
2026-05-11 21:21:05,855 - INFO - [2658/3780] gpu1  trial_0267_lr=3.0e-03_weight_decay=0_kernel_sizes=7x7x5_conv_channels=256x256x256_fc_dims=512x256_seed3  completed  (8.3s)
2026-05-11 21:21:08,225 - INFO - [2659/3780] gpu0  trial_0264_lr=1.0e-03_weight_decay=0_kernel_sizes=7x7x5_conv_channels=256x256x256_fc_dims=512x256_seed2  completed  (8.5s)
2026-05-11 21:21:14,316 - INFO - [2660/3780] gpu1  trial_0267_lr=3.0e-03_weight_decay=0_kernel_sizes=7x7x5_conv_channels=256x256x256_fc_dims=512x256_seed5  completed  (8.5s)
2026-05-11 21:21:16,617 - INFO - [2661/3780] gpu0  trial_0264_lr=1.0e-03_weight_decay=0_kernel_sizes=7x7x5_conv_channels=256x256x256_fc_dims=512x256_seed4  completed  (8.4s)
2026-05-11 21:21:22,704 - INFO - [2662/3780] gpu1  trial_0267_lr=3.0e-03_weight_decay=0_kernel_sizes=7x7x5_conv_channels=256x256x256_fc_dims=512x256_seed7  completed  (8.4s)
2026-05-11 21:21:25,113 - INFO - [2663/3780] gpu0  trial_0264_lr=1.0e-03_weight_decay=0_kernel_sizes=7x7x5_conv_channels=256x256x256_fc_dims=512x256_seed6  completed  (8.5s)
2026-05-11 21:21:31,114 - INFO - [2664/3780] gpu1  trial_0267_lr=3.0e-03_weight_decay=0_kernel_sizes=7x7x5_conv_channels=256x256x256_fc_dims=512x256_seed9  completed  (8.4s)
2026-05-11 21:21:33,497 - INFO - [2665/3780] gpu0  trial_0264_lr=1.0e-03_weight_decay=0_kernel_sizes=7x7x5_conv_channels=256x256x256_fc_dims=512x256_seed8  completed  (8.4s)
2026-05-11 21:21:39,508 - INFO - [2666/3780] gpu1  trial_0268_lr=3.0e-03_weight_decay=1.0e-05_kernel_sizes=7x7x5_conv_channels=256x256x256_fc_dims=512x256_seed1  completed  (8.4s)
2026-05-11 21:21:42,051 - INFO - [2667/3780] gpu0  trial_0265_lr=1.0e-03_weight_decay=1.0e-05_kernel_sizes=7x7x5_conv_channels=256x256x256_fc_dims=512x256_seed0  completed  (8.6s)
2026-05-11 21:21:47,846 - INFO - [2668/3780] gpu1  trial_0268_lr=3.0e-03_weight_decay=1.0e-05_kernel_sizes=7x7x5_conv_channels=256x256x256_fc_dims=512x256_seed3  completed  (8.3s)
2026-05-11 21:21:50,602 - INFO - [2669/3780] gpu0  trial_0265_lr=1.0e-03_weight_decay=1.0e-05_kernel_sizes=7x7x5_conv_channels=256x256x256_fc_dims=512x256_seed2  completed  (8.5s)
2026-05-11 21:21:56,286 - INFO - [2670/3780] gpu1  trial_0268_lr=3.0e-03_weight_decay=1.0e-05_kernel_sizes=7x7x5_conv_channels=256x256x256_fc_dims=512x256_seed5  completed  (8.4s)
2026-05-11 21:21:59,009 - INFO - [2671/3780] gpu0  trial_0265_lr=1.0e-03_weight_decay=1.0e-05_kernel_sizes=7x7x5_conv_channels=256x256x256_fc_dims=512x256_seed4  completed  (8.4s)
2026-05-11 21:22:04,635 - INFO - [2672/3780] gpu1  trial_0268_lr=3.0e-03_weight_decay=1.0e-05_kernel_sizes=7x7x5_conv_channels=256x256x256_fc_dims=512x256_seed7  completed  (8.3s)
2026-05-11 21:22:07,469 - INFO - [2673/3780] gpu0  trial_0265_lr=1.0e-03_weight_decay=1.0e-05_kernel_sizes=7x7x5_conv_channels=256x256x256_fc_dims=512x256_seed6  completed  (8.5s)
2026-05-11 21:22:12,961 - INFO - [2674/3780] gpu1  trial_0268_lr=3.0e-03_weight_decay=1.0e-05_kernel_sizes=7x7x5_conv_channels=256x256x256_fc_dims=512x256_seed9  completed  (8.3s)
2026-05-11 21:22:15,990 - INFO - [2675/3780] gpu0  trial_0265_lr=1.0e-03_weight_decay=1.0e-05_kernel_sizes=7x7x5_conv_channels=256x256x256_fc_dims=512x256_seed8  completed  (8.5s)
2026-05-11 21:22:16,235 - INFO - [2676/3780] gpu1  trial_0269_lr=3.0e-03_weight_decay=1.0e-04_kernel_sizes=7x7x5_conv_channels=256x256x256_fc_dims=512x256_seed1  completed  (3.3s)
2026-05-11 21:22:24,412 - INFO - [2677/3780] gpu0  trial_0266_lr=1.0e-03_weight_decay=1.0e-04_kernel_sizes=7x7x5_conv_channels=256x256x256_fc_dims=512x256_seed0  completed  (8.4s)
2026-05-11 21:22:24,558 - INFO - [2678/3780] gpu1  trial_0269_lr=3.0e-03_weight_decay=1.0e-04_kernel_sizes=7x7x5_conv_channels=256x256x256_fc_dims=512x256_seed3  completed  (8.3s)
2026-05-11 21:22:26,754 - INFO - [2679/3780] gpu1  trial_0269_lr=3.0e-03_weight_decay=1.0e-04_kernel_sizes=7x7x5_conv_channels=256x256x256_fc_dims=512x256_seed5  completed  (2.2s)
2026-05-11 21:22:32,700 - INFO - [2680/3780] gpu0  trial_0266_lr=1.0e-03_weight_decay=1.0e-04_kernel_sizes=7x7x5_conv_channels=256x256x256_fc_dims=512x256_seed2  completed  (8.3s)
2026-05-11 21:22:32,814 - INFO - [2681/3780] gpu1  trial_0269_lr=3.0e-03_weight_decay=1.0e-04_kernel_sizes=7x7x5_conv_channels=256x256x256_fc_dims=512x256_seed7  completed  (6.1s)
2026-05-11 21:22:36,306 - INFO - [2682/3780] gpu1  trial_0269_lr=3.0e-03_weight_decay=1.0e-04_kernel_sizes=7x7x5_conv_channels=256x256x256_fc_dims=512x256_seed9  completed  (3.5s)
2026-05-11 21:22:41,104 - INFO - [2683/3780] gpu0  trial_0266_lr=1.0e-03_weight_decay=1.0e-04_kernel_sizes=7x7x5_conv_channels=256x256x256_fc_dims=512x256_seed4  completed  (8.4s)
2026-05-11 21:22:43,823 - INFO - [2684/3780] gpu1  trial_0270_lr=3.0e-04_weight_decay=0_kernel_sizes=7x5x3_conv_channels=256x256x256_fc_dims=256_seed1  completed  (7.5s)
2026-05-11 21:22:49,797 - INFO - [2685/3780] gpu0  trial_0266_lr=1.0e-03_weight_decay=1.0e-04_kernel_sizes=7x7x5_conv_channels=256x256x256_fc_dims=512x256_seed6  completed  (8.7s)
2026-05-11 21:22:51,554 - INFO - [2686/3780] gpu1  trial_0270_lr=3.0e-04_weight_decay=0_kernel_sizes=7x5x3_conv_channels=256x256x256_fc_dims=256_seed3  completed  (7.7s)
2026-05-11 21:22:58,233 - INFO - [2687/3780] gpu0  trial_0266_lr=1.0e-03_weight_decay=1.0e-04_kernel_sizes=7x7x5_conv_channels=256x256x256_fc_dims=512x256_seed8  completed  (8.4s)
2026-05-11 21:22:59,112 - INFO - [2688/3780] gpu1  trial_0270_lr=3.0e-04_weight_decay=0_kernel_sizes=7x5x3_conv_channels=256x256x256_fc_dims=256_seed5  completed  (7.6s)
2026-05-11 21:23:06,713 - INFO - [2689/3780] gpu1  trial_0270_lr=3.0e-04_weight_decay=0_kernel_sizes=7x5x3_conv_channels=256x256x256_fc_dims=256_seed7  completed  (7.6s)
2026-05-11 21:23:06,744 - INFO - [2690/3780] gpu0  trial_0267_lr=3.0e-03_weight_decay=0_kernel_sizes=7x7x5_conv_channels=256x256x256_fc_dims=512x256_seed0  completed  (8.5s)
2026-05-11 21:23:08,862 - INFO - [2691/3780] gpu0  trial_0267_lr=3.0e-03_weight_decay=0_kernel_sizes=7x7x5_conv_channels=256x256x256_fc_dims=512x256_seed2  completed  (2.1s)
2026-05-11 21:23:14,162 - INFO - [2692/3780] gpu1  trial_0270_lr=3.0e-04_weight_decay=0_kernel_sizes=7x5x3_conv_channels=256x256x256_fc_dims=256_seed9  completed  (7.4s)
2026-05-11 21:23:17,237 - INFO - [2693/3780] gpu0  trial_0267_lr=3.0e-03_weight_decay=0_kernel_sizes=7x7x5_conv_channels=256x256x256_fc_dims=512x256_seed4  completed  (8.4s)
2026-05-11 21:23:21,837 - INFO - [2694/3780] gpu1  trial_0271_lr=3.0e-04_weight_decay=1.0e-05_kernel_sizes=7x5x3_conv_channels=256x256x256_fc_dims=256_seed1  completed  (7.7s)
2026-05-11 21:23:25,816 - INFO - [2695/3780] gpu0  trial_0267_lr=3.0e-03_weight_decay=0_kernel_sizes=7x7x5_conv_channels=256x256x256_fc_dims=512x256_seed6  completed  (8.6s)
2026-05-11 21:23:29,404 - INFO - [2696/3780] gpu1  trial_0271_lr=3.0e-04_weight_decay=1.0e-05_kernel_sizes=7x5x3_conv_channels=256x256x256_fc_dims=256_seed3  completed  (7.6s)
2026-05-11 21:23:34,374 - INFO - [2697/3780] gpu0  trial_0267_lr=3.0e-03_weight_decay=0_kernel_sizes=7x7x5_conv_channels=256x256x256_fc_dims=512x256_seed8  completed  (8.6s)
2026-05-11 21:23:36,905 - INFO - [2698/3780] gpu1  trial_0271_lr=3.0e-04_weight_decay=1.0e-05_kernel_sizes=7x5x3_conv_channels=256x256x256_fc_dims=256_seed5  completed  (7.5s)
2026-05-11 21:23:42,845 - INFO - [2699/3780] gpu0  trial_0268_lr=3.0e-03_weight_decay=1.0e-05_kernel_sizes=7x7x5_conv_channels=256x256x256_fc_dims=512x256_seed0  completed  (8.5s)
2026-05-11 21:23:44,505 - INFO - [2700/3780] gpu1  trial_0271_lr=3.0e-04_weight_decay=1.0e-05_kernel_sizes=7x5x3_conv_channels=256x256x256_fc_dims=256_seed7  completed  (7.6s)
2026-05-11 21:23:45,071 - INFO - [2701/3780] gpu0  trial_0268_lr=3.0e-03_weight_decay=1.0e-05_kernel_sizes=7x7x5_conv_channels=256x256x256_fc_dims=512x256_seed2  completed  (2.2s)
2026-05-11 21:23:52,237 - INFO - [2702/3780] gpu1  trial_0271_lr=3.0e-04_weight_decay=1.0e-05_kernel_sizes=7x5x3_conv_channels=256x256x256_fc_dims=256_seed9  completed  (7.7s)
2026-05-11 21:23:53,429 - INFO - [2703/3780] gpu0  trial_0268_lr=3.0e-03_weight_decay=1.0e-05_kernel_sizes=7x7x5_conv_channels=256x256x256_fc_dims=512x256_seed4  completed  (8.4s)
2026-05-11 21:23:59,888 - INFO - [2704/3780] gpu1  trial_0272_lr=3.0e-04_weight_decay=1.0e-04_kernel_sizes=7x5x3_conv_channels=256x256x256_fc_dims=256_seed1  completed  (7.6s)
2026-05-11 21:24:01,890 - INFO - [2705/3780] gpu0  trial_0268_lr=3.0e-03_weight_decay=1.0e-05_kernel_sizes=7x7x5_conv_channels=256x256x256_fc_dims=512x256_seed6  completed  (8.5s)
2026-05-11 21:24:07,579 - INFO - [2706/3780] gpu1  trial_0272_lr=3.0e-04_weight_decay=1.0e-04_kernel_sizes=7x5x3_conv_channels=256x256x256_fc_dims=256_seed3  completed  (7.7s)
2026-05-11 21:24:10,332 - INFO - [2707/3780] gpu0  trial_0268_lr=3.0e-03_weight_decay=1.0e-05_kernel_sizes=7x7x5_conv_channels=256x256x256_fc_dims=512x256_seed8  completed  (8.4s)
2026-05-11 21:24:15,275 - INFO - [2708/3780] gpu1  trial_0272_lr=3.0e-04_weight_decay=1.0e-04_kernel_sizes=7x5x3_conv_channels=256x256x256_fc_dims=256_seed5  completed  (7.7s)
2026-05-11 21:24:18,827 - INFO - [2709/3780] gpu0  trial_0269_lr=3.0e-03_weight_decay=1.0e-04_kernel_sizes=7x7x5_conv_channels=256x256x256_fc_dims=512x256_seed0  completed  (8.5s)
2026-05-11 21:24:22,645 - INFO - [2710/3780] gpu0  trial_0269_lr=3.0e-03_weight_decay=1.0e-04_kernel_sizes=7x7x5_conv_channels=256x256x256_fc_dims=512x256_seed2  completed  (3.8s)
2026-05-11 21:24:22,815 - INFO - [2711/3780] gpu1  trial_0272_lr=3.0e-04_weight_decay=1.0e-04_kernel_sizes=7x5x3_conv_channels=256x256x256_fc_dims=256_seed7  completed  (7.5s)
2026-05-11 21:24:26,752 - INFO - [2712/3780] gpu0  trial_0269_lr=3.0e-03_weight_decay=1.0e-04_kernel_sizes=7x7x5_conv_channels=256x256x256_fc_dims=512x256_seed4  completed  (4.1s)
2026-05-11 21:24:30,378 - INFO - [2713/3780] gpu1  trial_0272_lr=3.0e-04_weight_decay=1.0e-04_kernel_sizes=7x5x3_conv_channels=256x256x256_fc_dims=256_seed9  completed  (7.6s)
2026-05-11 21:24:30,403 - INFO - [2714/3780] gpu0  trial_0269_lr=3.0e-03_weight_decay=1.0e-04_kernel_sizes=7x7x5_conv_channels=256x256x256_fc_dims=512x256_seed6  completed  (3.6s)
2026-05-11 21:24:32,742 - INFO - [2715/3780] gpu1  trial_0273_lr=1.0e-03_weight_decay=0_kernel_sizes=7x5x3_conv_channels=256x256x256_fc_dims=256_seed1  completed  (2.4s)
2026-05-11 21:24:33,535 - INFO - [2716/3780] gpu0  trial_0269_lr=3.0e-03_weight_decay=1.0e-04_kernel_sizes=7x7x5_conv_channels=256x256x256_fc_dims=512x256_seed8  completed  (3.1s)
2026-05-11 21:24:40,296 - INFO - [2717/3780] gpu1  trial_0273_lr=1.0e-03_weight_decay=0_kernel_sizes=7x5x3_conv_channels=256x256x256_fc_dims=256_seed3  completed  (7.6s)
2026-05-11 21:24:41,258 - INFO - [2718/3780] gpu0  trial_0270_lr=3.0e-04_weight_decay=0_kernel_sizes=7x5x3_conv_channels=256x256x256_fc_dims=256_seed0  completed  (7.7s)
2026-05-11 21:24:42,625 - INFO - [2719/3780] gpu1  trial_0273_lr=1.0e-03_weight_decay=0_kernel_sizes=7x5x3_conv_channels=256x256x256_fc_dims=256_seed5  completed  (2.3s)
2026-05-11 21:24:49,055 - INFO - [2720/3780] gpu0  trial_0270_lr=3.0e-04_weight_decay=0_kernel_sizes=7x5x3_conv_channels=256x256x256_fc_dims=256_seed2  completed  (7.8s)
2026-05-11 21:24:50,271 - INFO - [2721/3780] gpu1  trial_0273_lr=1.0e-03_weight_decay=0_kernel_sizes=7x5x3_conv_channels=256x256x256_fc_dims=256_seed7  completed  (7.6s)
2026-05-11 21:24:56,828 - INFO - [2722/3780] gpu0  trial_0270_lr=3.0e-04_weight_decay=0_kernel_sizes=7x5x3_conv_channels=256x256x256_fc_dims=256_seed4  completed  (7.8s)
2026-05-11 21:24:57,833 - INFO - [2723/3780] gpu1  trial_0273_lr=1.0e-03_weight_decay=0_kernel_sizes=7x5x3_conv_channels=256x256x256_fc_dims=256_seed9  completed  (7.6s)
2026-05-11 21:25:00,236 - INFO - [2724/3780] gpu1  trial_0274_lr=1.0e-03_weight_decay=1.0e-05_kernel_sizes=7x5x3_conv_channels=256x256x256_fc_dims=256_seed1  completed  (2.4s)
2026-05-11 21:25:04,634 - INFO - [2725/3780] gpu0  trial_0270_lr=3.0e-04_weight_decay=0_kernel_sizes=7x5x3_conv_channels=256x256x256_fc_dims=256_seed6  completed  (7.8s)
2026-05-11 21:25:07,873 - INFO - [2726/3780] gpu1  trial_0274_lr=1.0e-03_weight_decay=1.0e-05_kernel_sizes=7x5x3_conv_channels=256x256x256_fc_dims=256_seed3  completed  (7.6s)
2026-05-11 21:25:10,276 - INFO - [2727/3780] gpu1  trial_0274_lr=1.0e-03_weight_decay=1.0e-05_kernel_sizes=7x5x3_conv_channels=256x256x256_fc_dims=256_seed5  completed  (2.4s)
2026-05-11 21:25:12,326 - INFO - [2728/3780] gpu0  trial_0270_lr=3.0e-04_weight_decay=0_kernel_sizes=7x5x3_conv_channels=256x256x256_fc_dims=256_seed8  completed  (7.7s)
2026-05-11 21:25:17,886 - INFO - [2729/3780] gpu1  trial_0274_lr=1.0e-03_weight_decay=1.0e-05_kernel_sizes=7x5x3_conv_channels=256x256x256_fc_dims=256_seed7  completed  (7.6s)
2026-05-11 21:25:20,125 - INFO - [2730/3780] gpu0  trial_0271_lr=3.0e-04_weight_decay=1.0e-05_kernel_sizes=7x5x3_conv_channels=256x256x256_fc_dims=256_seed0  completed  (7.8s)
2026-05-11 21:25:25,520 - INFO - [2731/3780] gpu1  trial_0274_lr=1.0e-03_weight_decay=1.0e-05_kernel_sizes=7x5x3_conv_channels=256x256x256_fc_dims=256_seed9  completed  (7.6s)
2026-05-11 21:25:27,928 - INFO - [2732/3780] gpu1  trial_0275_lr=1.0e-03_weight_decay=1.0e-04_kernel_sizes=7x5x3_conv_channels=256x256x256_fc_dims=256_seed1  completed  (2.4s)
2026-05-11 21:25:28,095 - INFO - [2733/3780] gpu0  trial_0271_lr=3.0e-04_weight_decay=1.0e-05_kernel_sizes=7x5x3_conv_channels=256x256x256_fc_dims=256_seed2  completed  (8.0s)
2026-05-11 21:25:35,500 - INFO - [2734/3780] gpu1  trial_0275_lr=1.0e-03_weight_decay=1.0e-04_kernel_sizes=7x5x3_conv_channels=256x256x256_fc_dims=256_seed3  completed  (7.6s)
2026-05-11 21:25:35,927 - INFO - [2735/3780] gpu0  trial_0271_lr=3.0e-04_weight_decay=1.0e-05_kernel_sizes=7x5x3_conv_channels=256x256x256_fc_dims=256_seed4  completed  (7.8s)
2026-05-11 21:25:37,889 - INFO - [2736/3780] gpu1  trial_0275_lr=1.0e-03_weight_decay=1.0e-04_kernel_sizes=7x5x3_conv_channels=256x256x256_fc_dims=256_seed5  completed  (2.4s)
2026-05-11 21:25:40,276 - INFO - [2737/3780] gpu1  trial_0275_lr=1.0e-03_weight_decay=1.0e-04_kernel_sizes=7x5x3_conv_channels=256x256x256_fc_dims=256_seed7  completed  (2.4s)
2026-05-11 21:25:43,605 - INFO - [2738/3780] gpu0  trial_0271_lr=3.0e-04_weight_decay=1.0e-05_kernel_sizes=7x5x3_conv_channels=256x256x256_fc_dims=256_seed6  completed  (7.7s)
2026-05-11 21:25:47,974 - INFO - [2739/3780] gpu1  trial_0275_lr=1.0e-03_weight_decay=1.0e-04_kernel_sizes=7x5x3_conv_channels=256x256x256_fc_dims=256_seed9  completed  (7.7s)
2026-05-11 21:25:51,434 - INFO - [2740/3780] gpu0  trial_0271_lr=3.0e-04_weight_decay=1.0e-05_kernel_sizes=7x5x3_conv_channels=256x256x256_fc_dims=256_seed8  completed  (7.8s)
2026-05-11 21:25:55,746 - INFO - [2741/3780] gpu1  trial_0276_lr=3.0e-03_weight_decay=0_kernel_sizes=7x5x3_conv_channels=256x256x256_fc_dims=256_seed1  completed  (7.8s)
2026-05-11 21:25:59,323 - INFO - [2742/3780] gpu0  trial_0272_lr=3.0e-04_weight_decay=1.0e-04_kernel_sizes=7x5x3_conv_channels=256x256x256_fc_dims=256_seed0  completed  (7.9s)
2026-05-11 21:26:03,357 - INFO - [2743/3780] gpu1  trial_0276_lr=3.0e-03_weight_decay=0_kernel_sizes=7x5x3_conv_channels=256x256x256_fc_dims=256_seed3  completed  (7.6s)
2026-05-11 21:26:07,195 - INFO - [2744/3780] gpu0  trial_0272_lr=3.0e-04_weight_decay=1.0e-04_kernel_sizes=7x5x3_conv_channels=256x256x256_fc_dims=256_seed2  completed  (7.9s)
2026-05-11 21:26:11,048 - INFO - [2745/3780] gpu1  trial_0276_lr=3.0e-03_weight_decay=0_kernel_sizes=7x5x3_conv_channels=256x256x256_fc_dims=256_seed5  completed  (7.7s)
2026-05-11 21:26:14,934 - INFO - [2746/3780] gpu0  trial_0272_lr=3.0e-04_weight_decay=1.0e-04_kernel_sizes=7x5x3_conv_channels=256x256x256_fc_dims=256_seed4  completed  (7.7s)
2026-05-11 21:26:18,650 - INFO - [2747/3780] gpu1  trial_0276_lr=3.0e-03_weight_decay=0_kernel_sizes=7x5x3_conv_channels=256x256x256_fc_dims=256_seed7  completed  (7.6s)
2026-05-11 21:26:22,621 - INFO - [2748/3780] gpu0  trial_0272_lr=3.0e-04_weight_decay=1.0e-04_kernel_sizes=7x5x3_conv_channels=256x256x256_fc_dims=256_seed6  completed  (7.7s)
2026-05-11 21:26:26,329 - INFO - [2749/3780] gpu1  trial_0276_lr=3.0e-03_weight_decay=0_kernel_sizes=7x5x3_conv_channels=256x256x256_fc_dims=256_seed9  completed  (7.7s)
2026-05-11 21:26:30,287 - INFO - [2750/3780] gpu0  trial_0272_lr=3.0e-04_weight_decay=1.0e-04_kernel_sizes=7x5x3_conv_channels=256x256x256_fc_dims=256_seed8  completed  (7.7s)
2026-05-11 21:26:34,021 - INFO - [2751/3780] gpu1  trial_0277_lr=3.0e-03_weight_decay=1.0e-05_kernel_sizes=7x5x3_conv_channels=256x256x256_fc_dims=256_seed1  completed  (7.7s)
2026-05-11 21:26:37,955 - INFO - [2752/3780] gpu0  trial_0273_lr=1.0e-03_weight_decay=0_kernel_sizes=7x5x3_conv_channels=256x256x256_fc_dims=256_seed0  completed  (7.7s)
2026-05-11 21:26:41,661 - INFO - [2753/3780] gpu1  trial_0277_lr=3.0e-03_weight_decay=1.0e-05_kernel_sizes=7x5x3_conv_channels=256x256x256_fc_dims=256_seed3  completed  (7.6s)
2026-05-11 21:26:45,693 - INFO - [2754/3780] gpu0  trial_0273_lr=1.0e-03_weight_decay=0_kernel_sizes=7x5x3_conv_channels=256x256x256_fc_dims=256_seed2  completed  (7.7s)
2026-05-11 21:26:49,361 - INFO - [2755/3780] gpu1  trial_0277_lr=3.0e-03_weight_decay=1.0e-05_kernel_sizes=7x5x3_conv_channels=256x256x256_fc_dims=256_seed5  completed  (7.7s)
2026-05-11 21:26:53,509 - INFO - [2756/3780] gpu0  trial_0273_lr=1.0e-03_weight_decay=0_kernel_sizes=7x5x3_conv_channels=256x256x256_fc_dims=256_seed4  completed  (7.8s)
2026-05-11 21:26:57,138 - INFO - [2757/3780] gpu1  trial_0277_lr=3.0e-03_weight_decay=1.0e-05_kernel_sizes=7x5x3_conv_channels=256x256x256_fc_dims=256_seed7  completed  (7.8s)
2026-05-11 21:27:01,197 - INFO - [2758/3780] gpu0  trial_0273_lr=1.0e-03_weight_decay=0_kernel_sizes=7x5x3_conv_channels=256x256x256_fc_dims=256_seed6  completed  (7.7s)
2026-05-11 21:27:04,724 - INFO - [2759/3780] gpu1  trial_0277_lr=3.0e-03_weight_decay=1.0e-05_kernel_sizes=7x5x3_conv_channels=256x256x256_fc_dims=256_seed9  completed  (7.6s)
2026-05-11 21:27:07,679 - INFO - [2760/3780] gpu1  trial_0278_lr=3.0e-03_weight_decay=1.0e-04_kernel_sizes=7x5x3_conv_channels=256x256x256_fc_dims=256_seed1  completed  (3.0s)
2026-05-11 21:27:08,910 - INFO - [2761/3780] gpu0  trial_0273_lr=1.0e-03_weight_decay=0_kernel_sizes=7x5x3_conv_channels=256x256x256_fc_dims=256_seed8  completed  (7.7s)
2026-05-11 21:27:15,309 - INFO - [2762/3780] gpu1  trial_0278_lr=3.0e-03_weight_decay=1.0e-04_kernel_sizes=7x5x3_conv_channels=256x256x256_fc_dims=256_seed3  completed  (7.6s)
2026-05-11 21:27:16,661 - INFO - [2763/3780] gpu0  trial_0274_lr=1.0e-03_weight_decay=1.0e-05_kernel_sizes=7x5x3_conv_channels=256x256x256_fc_dims=256_seed0  completed  (7.7s)
2026-05-11 21:27:18,542 - INFO - [2764/3780] gpu1  trial_0278_lr=3.0e-03_weight_decay=1.0e-04_kernel_sizes=7x5x3_conv_channels=256x256x256_fc_dims=256_seed5  completed  (3.2s)
2026-05-11 21:27:24,281 - INFO - [2765/3780] gpu0  trial_0274_lr=1.0e-03_weight_decay=1.0e-05_kernel_sizes=7x5x3_conv_channels=256x256x256_fc_dims=256_seed2  completed  (7.6s)
2026-05-11 21:27:25,971 - INFO - [2766/3780] gpu1  trial_0278_lr=3.0e-03_weight_decay=1.0e-04_kernel_sizes=7x5x3_conv_channels=256x256x256_fc_dims=256_seed7  completed  (7.4s)
2026-05-11 21:27:28,984 - INFO - [2767/3780] gpu1  trial_0278_lr=3.0e-03_weight_decay=1.0e-04_kernel_sizes=7x5x3_conv_channels=256x256x256_fc_dims=256_seed9  completed  (3.0s)
2026-05-11 21:27:31,983 - INFO - [2768/3780] gpu0  trial_0274_lr=1.0e-03_weight_decay=1.0e-05_kernel_sizes=7x5x3_conv_channels=256x256x256_fc_dims=256_seed4  completed  (7.7s)
2026-05-11 21:27:32,624 - INFO - [2769/3780] gpu1  trial_0279_lr=3.0e-04_weight_decay=0_kernel_sizes=7x5x3_conv_channels=256x256x256_fc_dims=512_seed1  completed  (3.6s)
2026-05-11 21:27:36,066 - INFO - [2770/3780] gpu1  trial_0279_lr=3.0e-04_weight_decay=0_kernel_sizes=7x5x3_conv_channels=256x256x256_fc_dims=512_seed3  completed  (3.4s)
2026-05-11 21:27:39,642 - INFO - [2771/3780] gpu0  trial_0274_lr=1.0e-03_weight_decay=1.0e-05_kernel_sizes=7x5x3_conv_channels=256x256x256_fc_dims=256_seed6  completed  (7.7s)
2026-05-11 21:27:39,762 - INFO - [2772/3780] gpu1  trial_0279_lr=3.0e-04_weight_decay=0_kernel_sizes=7x5x3_conv_channels=256x256x256_fc_dims=512_seed5  completed  (3.7s)
2026-05-11 21:27:43,456 - INFO - [2773/3780] gpu1  trial_0279_lr=3.0e-04_weight_decay=0_kernel_sizes=7x5x3_conv_channels=256x256x256_fc_dims=512_seed7  completed  (3.7s)
2026-05-11 21:27:47,332 - INFO - [2774/3780] gpu0  trial_0274_lr=1.0e-03_weight_decay=1.0e-05_kernel_sizes=7x5x3_conv_channels=256x256x256_fc_dims=256_seed8  completed  (7.7s)
2026-05-11 21:27:49,734 - INFO - [2775/3780] gpu0  trial_0275_lr=1.0e-03_weight_decay=1.0e-04_kernel_sizes=7x5x3_conv_channels=256x256x256_fc_dims=256_seed0  completed  (2.4s)
2026-05-11 21:27:51,314 - INFO - [2776/3780] gpu1  trial_0279_lr=3.0e-04_weight_decay=0_kernel_sizes=7x5x3_conv_channels=256x256x256_fc_dims=512_seed9  completed  (7.9s)
2026-05-11 21:27:52,154 - INFO - [2777/3780] gpu0  trial_0275_lr=1.0e-03_weight_decay=1.0e-04_kernel_sizes=7x5x3_conv_channels=256x256x256_fc_dims=256_seed2  completed  (2.4s)
2026-05-11 21:27:54,929 - INFO - [2778/3780] gpu1  trial_0280_lr=3.0e-04_weight_decay=1.0e-05_kernel_sizes=7x5x3_conv_channels=256x256x256_fc_dims=512_seed1  completed  (3.6s)
2026-05-11 21:27:58,463 - INFO - [2779/3780] gpu1  trial_0280_lr=3.0e-04_weight_decay=1.0e-05_kernel_sizes=7x5x3_conv_channels=256x256x256_fc_dims=512_seed3  completed  (3.5s)
2026-05-11 21:27:59,830 - INFO - [2780/3780] gpu0  trial_0275_lr=1.0e-03_weight_decay=1.0e-04_kernel_sizes=7x5x3_conv_channels=256x256x256_fc_dims=256_seed4  completed  (7.7s)
2026-05-11 21:28:02,189 - INFO - [2781/3780] gpu1  trial_0280_lr=3.0e-04_weight_decay=1.0e-05_kernel_sizes=7x5x3_conv_channels=256x256x256_fc_dims=512_seed5  completed  (3.7s)
2026-05-11 21:28:05,877 - INFO - [2782/3780] gpu1  trial_0280_lr=3.0e-04_weight_decay=1.0e-05_kernel_sizes=7x5x3_conv_channels=256x256x256_fc_dims=512_seed7  completed  (3.7s)
2026-05-11 21:28:07,562 - INFO - [2783/3780] gpu0  trial_0275_lr=1.0e-03_weight_decay=1.0e-04_kernel_sizes=7x5x3_conv_channels=256x256x256_fc_dims=256_seed6  completed  (7.7s)
2026-05-11 21:28:10,018 - INFO - [2784/3780] gpu0  trial_0275_lr=1.0e-03_weight_decay=1.0e-04_kernel_sizes=7x5x3_conv_channels=256x256x256_fc_dims=256_seed8  completed  (2.5s)
2026-05-11 21:28:13,702 - INFO - [2785/3780] gpu1  trial_0280_lr=3.0e-04_weight_decay=1.0e-05_kernel_sizes=7x5x3_conv_channels=256x256x256_fc_dims=512_seed9  completed  (7.8s)
2026-05-11 21:28:17,423 - INFO - [2786/3780] gpu1  trial_0281_lr=3.0e-04_weight_decay=1.0e-04_kernel_sizes=7x5x3_conv_channels=256x256x256_fc_dims=512_seed1  completed  (3.7s)
2026-05-11 21:28:17,757 - INFO - [2787/3780] gpu0  trial_0276_lr=3.0e-03_weight_decay=0_kernel_sizes=7x5x3_conv_channels=256x256x256_fc_dims=256_seed0  completed  (7.7s)
2026-05-11 21:28:21,099 - INFO - [2788/3780] gpu1  trial_0281_lr=3.0e-04_weight_decay=1.0e-04_kernel_sizes=7x5x3_conv_channels=256x256x256_fc_dims=512_seed3  completed  (3.7s)
2026-05-11 21:28:25,384 - INFO - [2789/3780] gpu0  trial_0276_lr=3.0e-03_weight_decay=0_kernel_sizes=7x5x3_conv_channels=256x256x256_fc_dims=256_seed2  completed  (7.6s)
2026-05-11 21:28:29,387 - INFO - [2790/3780] gpu1  trial_0281_lr=3.0e-04_weight_decay=1.0e-04_kernel_sizes=7x5x3_conv_channels=256x256x256_fc_dims=512_seed5  completed  (8.3s)
2026-05-11 21:28:33,093 - INFO - [2791/3780] gpu1  trial_0281_lr=3.0e-04_weight_decay=1.0e-04_kernel_sizes=7x5x3_conv_channels=256x256x256_fc_dims=512_seed7  completed  (3.7s)
2026-05-11 21:28:33,120 - INFO - [2792/3780] gpu0  trial_0276_lr=3.0e-03_weight_decay=0_kernel_sizes=7x5x3_conv_channels=256x256x256_fc_dims=256_seed4  completed  (7.7s)
2026-05-11 21:28:40,749 - INFO - [2793/3780] gpu0  trial_0276_lr=3.0e-03_weight_decay=0_kernel_sizes=7x5x3_conv_channels=256x256x256_fc_dims=256_seed6  completed  (7.6s)
2026-05-11 21:28:40,879 - INFO - [2794/3780] gpu1  trial_0281_lr=3.0e-04_weight_decay=1.0e-04_kernel_sizes=7x5x3_conv_channels=256x256x256_fc_dims=512_seed9  completed  (7.8s)
2026-05-11 21:28:48,633 - INFO - [2795/3780] gpu0  trial_0276_lr=3.0e-03_weight_decay=0_kernel_sizes=7x5x3_conv_channels=256x256x256_fc_dims=256_seed8  completed  (7.9s)
2026-05-11 21:28:48,686 - INFO - [2796/3780] gpu1  trial_0282_lr=1.0e-03_weight_decay=0_kernel_sizes=7x5x3_conv_channels=256x256x256_fc_dims=512_seed1  completed  (7.8s)
2026-05-11 21:28:56,237 - INFO - [2797/3780] gpu0  trial_0277_lr=3.0e-03_weight_decay=1.0e-05_kernel_sizes=7x5x3_conv_channels=256x256x256_fc_dims=256_seed0  completed  (7.6s)
2026-05-11 21:28:56,459 - INFO - [2798/3780] gpu1  trial_0282_lr=1.0e-03_weight_decay=0_kernel_sizes=7x5x3_conv_channels=256x256x256_fc_dims=512_seed3  completed  (7.8s)
2026-05-11 21:29:03,893 - INFO - [2799/3780] gpu0  trial_0277_lr=3.0e-03_weight_decay=1.0e-05_kernel_sizes=7x5x3_conv_channels=256x256x256_fc_dims=256_seed2  completed  (7.7s)
2026-05-11 21:29:04,292 - INFO - [2800/3780] gpu1  trial_0282_lr=1.0e-03_weight_decay=0_kernel_sizes=7x5x3_conv_channels=256x256x256_fc_dims=512_seed5  completed  (7.8s)
2026-05-11 21:29:11,587 - INFO - [2801/3780] gpu0  trial_0277_lr=3.0e-03_weight_decay=1.0e-05_kernel_sizes=7x5x3_conv_channels=256x256x256_fc_dims=256_seed4  completed  (7.7s)
2026-05-11 21:29:12,098 - INFO - [2802/3780] gpu1  trial_0282_lr=1.0e-03_weight_decay=0_kernel_sizes=7x5x3_conv_channels=256x256x256_fc_dims=512_seed7  completed  (7.8s)
2026-05-11 21:29:19,319 - INFO - [2803/3780] gpu0  trial_0277_lr=3.0e-03_weight_decay=1.0e-05_kernel_sizes=7x5x3_conv_channels=256x256x256_fc_dims=256_seed6  completed  (7.7s)
2026-05-11 21:29:19,954 - INFO - [2804/3780] gpu1  trial_0282_lr=1.0e-03_weight_decay=0_kernel_sizes=7x5x3_conv_channels=256x256x256_fc_dims=512_seed9  completed  (7.9s)
2026-05-11 21:29:26,982 - INFO - [2805/3780] gpu0  trial_0277_lr=3.0e-03_weight_decay=1.0e-05_kernel_sizes=7x5x3_conv_channels=256x256x256_fc_dims=256_seed8  completed  (7.7s)
2026-05-11 21:29:27,939 - INFO - [2806/3780] gpu1  trial_0283_lr=1.0e-03_weight_decay=1.0e-05_kernel_sizes=7x5x3_conv_channels=256x256x256_fc_dims=512_seed1  completed  (8.0s)
2026-05-11 21:29:34,656 - INFO - [2807/3780] gpu0  trial_0278_lr=3.0e-03_weight_decay=1.0e-04_kernel_sizes=7x5x3_conv_channels=256x256x256_fc_dims=256_seed0  completed  (7.7s)
2026-05-11 21:29:35,751 - INFO - [2808/3780] gpu1  trial_0283_lr=1.0e-03_weight_decay=1.0e-05_kernel_sizes=7x5x3_conv_channels=256x256x256_fc_dims=512_seed3  completed  (7.8s)
2026-05-11 21:29:41,643 - INFO - [2809/3780] gpu0  trial_0278_lr=3.0e-03_weight_decay=1.0e-04_kernel_sizes=7x5x3_conv_channels=256x256x256_fc_dims=256_seed2  completed  (7.0s)
2026-05-11 21:29:43,705 - INFO - [2810/3780] gpu1  trial_0283_lr=1.0e-03_weight_decay=1.0e-05_kernel_sizes=7x5x3_conv_channels=256x256x256_fc_dims=512_seed5  completed  (8.0s)
2026-05-11 21:29:49,299 - INFO - [2811/3780] gpu0  trial_0278_lr=3.0e-03_weight_decay=1.0e-04_kernel_sizes=7x5x3_conv_channels=256x256x256_fc_dims=256_seed4  completed  (7.7s)
2026-05-11 21:29:51,587 - INFO - [2812/3780] gpu1  trial_0283_lr=1.0e-03_weight_decay=1.0e-05_kernel_sizes=7x5x3_conv_channels=256x256x256_fc_dims=512_seed7  completed  (7.9s)
2026-05-11 21:29:56,974 - INFO - [2813/3780] gpu0  trial_0278_lr=3.0e-03_weight_decay=1.0e-04_kernel_sizes=7x5x3_conv_channels=256x256x256_fc_dims=256_seed6  completed  (7.7s)
2026-05-11 21:29:59,478 - INFO - [2814/3780] gpu1  trial_0283_lr=1.0e-03_weight_decay=1.0e-05_kernel_sizes=7x5x3_conv_channels=256x256x256_fc_dims=512_seed9  completed  (7.9s)
2026-05-11 21:30:02,562 - INFO - [2815/3780] gpu0  trial_0278_lr=3.0e-03_weight_decay=1.0e-04_kernel_sizes=7x5x3_conv_channels=256x256x256_fc_dims=256_seed8  completed  (5.6s)
2026-05-11 21:30:06,231 - INFO - [2816/3780] gpu0  trial_0279_lr=3.0e-04_weight_decay=0_kernel_sizes=7x5x3_conv_channels=256x256x256_fc_dims=512_seed0  completed  (3.7s)
2026-05-11 21:30:07,389 - INFO - [2817/3780] gpu1  trial_0284_lr=1.0e-03_weight_decay=1.0e-04_kernel_sizes=7x5x3_conv_channels=256x256x256_fc_dims=512_seed1  completed  (7.9s)
2026-05-11 21:30:09,926 - INFO - [2818/3780] gpu0  trial_0279_lr=3.0e-04_weight_decay=0_kernel_sizes=7x5x3_conv_channels=256x256x256_fc_dims=512_seed2  completed  (3.7s)
2026-05-11 21:30:13,647 - INFO - [2819/3780] gpu0  trial_0279_lr=3.0e-04_weight_decay=0_kernel_sizes=7x5x3_conv_channels=256x256x256_fc_dims=512_seed4  completed  (3.7s)
2026-05-11 21:30:15,212 - INFO - [2820/3780] gpu1  trial_0284_lr=1.0e-03_weight_decay=1.0e-04_kernel_sizes=7x5x3_conv_channels=256x256x256_fc_dims=512_seed3  completed  (7.8s)
2026-05-11 21:30:17,432 - INFO - [2821/3780] gpu0  trial_0279_lr=3.0e-04_weight_decay=0_kernel_sizes=7x5x3_conv_channels=256x256x256_fc_dims=512_seed6  completed  (3.8s)
2026-05-11 21:30:21,138 - INFO - [2822/3780] gpu0  trial_0279_lr=3.0e-04_weight_decay=0_kernel_sizes=7x5x3_conv_channels=256x256x256_fc_dims=512_seed8  completed  (3.7s)
2026-05-11 21:30:23,043 - INFO - [2823/3780] gpu1  trial_0284_lr=1.0e-03_weight_decay=1.0e-04_kernel_sizes=7x5x3_conv_channels=256x256x256_fc_dims=512_seed5  completed  (7.8s)
2026-05-11 21:30:24,792 - INFO - [2824/3780] gpu0  trial_0280_lr=3.0e-04_weight_decay=1.0e-05_kernel_sizes=7x5x3_conv_channels=256x256x256_fc_dims=512_seed0  completed  (3.7s)
2026-05-11 21:30:28,465 - INFO - [2825/3780] gpu0  trial_0280_lr=3.0e-04_weight_decay=1.0e-05_kernel_sizes=7x5x3_conv_channels=256x256x256_fc_dims=512_seed2  completed  (3.7s)
2026-05-11 21:30:31,000 - INFO - [2826/3780] gpu1  trial_0284_lr=1.0e-03_weight_decay=1.0e-04_kernel_sizes=7x5x3_conv_channels=256x256x256_fc_dims=512_seed7  completed  (8.0s)
2026-05-11 21:30:32,112 - INFO - [2827/3780] gpu0  trial_0280_lr=3.0e-04_weight_decay=1.0e-05_kernel_sizes=7x5x3_conv_channels=256x256x256_fc_dims=512_seed4  completed  (3.6s)
2026-05-11 21:30:36,017 - INFO - [2828/3780] gpu0  trial_0280_lr=3.0e-04_weight_decay=1.0e-05_kernel_sizes=7x5x3_conv_channels=256x256x256_fc_dims=512_seed6  completed  (3.9s)
2026-05-11 21:30:38,821 - INFO - [2829/3780] gpu1  trial_0284_lr=1.0e-03_weight_decay=1.0e-04_kernel_sizes=7x5x3_conv_channels=256x256x256_fc_dims=512_seed9  completed  (7.8s)
2026-05-11 21:30:39,687 - INFO - [2830/3780] gpu0  trial_0280_lr=3.0e-04_weight_decay=1.0e-05_kernel_sizes=7x5x3_conv_channels=256x256x256_fc_dims=512_seed8  completed  (3.7s)
2026-05-11 21:30:43,410 - INFO - [2831/3780] gpu0  trial_0281_lr=3.0e-04_weight_decay=1.0e-04_kernel_sizes=7x5x3_conv_channels=256x256x256_fc_dims=512_seed0  completed  (3.7s)
2026-05-11 21:30:46,706 - INFO - [2832/3780] gpu1  trial_0285_lr=3.0e-03_weight_decay=0_kernel_sizes=7x5x3_conv_channels=256x256x256_fc_dims=512_seed1  completed  (7.9s)
2026-05-11 21:30:47,251 - INFO - [2833/3780] gpu0  trial_0281_lr=3.0e-04_weight_decay=1.0e-04_kernel_sizes=7x5x3_conv_channels=256x256x256_fc_dims=512_seed2  completed  (3.8s)
2026-05-11 21:30:50,875 - INFO - [2834/3780] gpu0  trial_0281_lr=3.0e-04_weight_decay=1.0e-04_kernel_sizes=7x5x3_conv_channels=256x256x256_fc_dims=512_seed4  completed  (3.6s)
2026-05-11 21:30:54,504 - INFO - [2835/3780] gpu1  trial_0285_lr=3.0e-03_weight_decay=0_kernel_sizes=7x5x3_conv_channels=256x256x256_fc_dims=512_seed3  completed  (7.8s)
2026-05-11 21:30:54,646 - INFO - [2836/3780] gpu0  trial_0281_lr=3.0e-04_weight_decay=1.0e-04_kernel_sizes=7x5x3_conv_channels=256x256x256_fc_dims=512_seed6  completed  (3.8s)
2026-05-11 21:30:58,293 - INFO - [2837/3780] gpu0  trial_0281_lr=3.0e-04_weight_decay=1.0e-04_kernel_sizes=7x5x3_conv_channels=256x256x256_fc_dims=512_seed8  completed  (3.6s)
2026-05-11 21:31:02,342 - INFO - [2838/3780] gpu1  trial_0285_lr=3.0e-03_weight_decay=0_kernel_sizes=7x5x3_conv_channels=256x256x256_fc_dims=512_seed5  completed  (7.8s)
2026-05-11 21:31:06,368 - INFO - [2839/3780] gpu0  trial_0282_lr=1.0e-03_weight_decay=0_kernel_sizes=7x5x3_conv_channels=256x256x256_fc_dims=512_seed0  completed  (8.1s)
2026-05-11 21:31:10,222 - INFO - [2840/3780] gpu1  trial_0285_lr=3.0e-03_weight_decay=0_kernel_sizes=7x5x3_conv_channels=256x256x256_fc_dims=512_seed7  completed  (7.9s)
2026-05-11 21:31:14,468 - INFO - [2841/3780] gpu0  trial_0282_lr=1.0e-03_weight_decay=0_kernel_sizes=7x5x3_conv_channels=256x256x256_fc_dims=512_seed2  completed  (8.1s)
2026-05-11 21:31:18,108 - INFO - [2842/3780] gpu1  trial_0285_lr=3.0e-03_weight_decay=0_kernel_sizes=7x5x3_conv_channels=256x256x256_fc_dims=512_seed9  completed  (7.9s)
2026-05-11 21:31:22,710 - INFO - [2843/3780] gpu0  trial_0282_lr=1.0e-03_weight_decay=0_kernel_sizes=7x5x3_conv_channels=256x256x256_fc_dims=512_seed4  completed  (8.2s)
2026-05-11 21:31:26,078 - INFO - [2844/3780] gpu1  trial_0286_lr=3.0e-03_weight_decay=1.0e-05_kernel_sizes=7x5x3_conv_channels=256x256x256_fc_dims=512_seed1  completed  (8.0s)
2026-05-11 21:31:30,807 - INFO - [2845/3780] gpu0  trial_0282_lr=1.0e-03_weight_decay=0_kernel_sizes=7x5x3_conv_channels=256x256x256_fc_dims=512_seed6  completed  (8.1s)
2026-05-11 21:31:34,088 - INFO - [2846/3780] gpu1  trial_0286_lr=3.0e-03_weight_decay=1.0e-05_kernel_sizes=7x5x3_conv_channels=256x256x256_fc_dims=512_seed3  completed  (8.0s)
2026-05-11 21:31:38,869 - INFO - [2847/3780] gpu0  trial_0282_lr=1.0e-03_weight_decay=0_kernel_sizes=7x5x3_conv_channels=256x256x256_fc_dims=512_seed8  completed  (8.1s)
2026-05-11 21:31:41,973 - INFO - [2848/3780] gpu1  trial_0286_lr=3.0e-03_weight_decay=1.0e-05_kernel_sizes=7x5x3_conv_channels=256x256x256_fc_dims=512_seed5  completed  (7.9s)
2026-05-11 21:31:46,882 - INFO - [2849/3780] gpu0  trial_0283_lr=1.0e-03_weight_decay=1.0e-05_kernel_sizes=7x5x3_conv_channels=256x256x256_fc_dims=512_seed0  completed  (8.0s)
2026-05-11 21:31:49,991 - INFO - [2850/3780] gpu1  trial_0286_lr=3.0e-03_weight_decay=1.0e-05_kernel_sizes=7x5x3_conv_channels=256x256x256_fc_dims=512_seed7  completed  (8.0s)
2026-05-11 21:31:54,994 - INFO - [2851/3780] gpu0  trial_0283_lr=1.0e-03_weight_decay=1.0e-05_kernel_sizes=7x5x3_conv_channels=256x256x256_fc_dims=512_seed2  completed  (8.1s)
2026-05-11 21:31:58,129 - INFO - [2852/3780] gpu1  trial_0286_lr=3.0e-03_weight_decay=1.0e-05_kernel_sizes=7x5x3_conv_channels=256x256x256_fc_dims=512_seed9  completed  (8.1s)
2026-05-11 21:32:03,144 - INFO - [2853/3780] gpu0  trial_0283_lr=1.0e-03_weight_decay=1.0e-05_kernel_sizes=7x5x3_conv_channels=256x256x256_fc_dims=512_seed4  completed  (8.1s)
2026-05-11 21:32:06,305 - INFO - [2854/3780] gpu1  trial_0287_lr=3.0e-03_weight_decay=1.0e-04_kernel_sizes=7x5x3_conv_channels=256x256x256_fc_dims=512_seed1  completed  (8.2s)
2026-05-11 21:32:09,663 - INFO - [2855/3780] gpu1  trial_0287_lr=3.0e-03_weight_decay=1.0e-04_kernel_sizes=7x5x3_conv_channels=256x256x256_fc_dims=512_seed3  completed  (3.4s)
2026-05-11 21:32:11,169 - INFO - [2856/3780] gpu0  trial_0283_lr=1.0e-03_weight_decay=1.0e-05_kernel_sizes=7x5x3_conv_channels=256x256x256_fc_dims=512_seed6  completed  (8.0s)
2026-05-11 21:32:13,046 - INFO - [2857/3780] gpu1  trial_0287_lr=3.0e-03_weight_decay=1.0e-04_kernel_sizes=7x5x3_conv_channels=256x256x256_fc_dims=512_seed5  completed  (3.4s)
2026-05-11 21:32:16,391 - INFO - [2858/3780] gpu1  trial_0287_lr=3.0e-03_weight_decay=1.0e-04_kernel_sizes=7x5x3_conv_channels=256x256x256_fc_dims=512_seed7  completed  (3.3s)
2026-05-11 21:32:19,150 - INFO - [2859/3780] gpu0  trial_0283_lr=1.0e-03_weight_decay=1.0e-05_kernel_sizes=7x5x3_conv_channels=256x256x256_fc_dims=512_seed8  completed  (8.0s)
2026-05-11 21:32:24,580 - INFO - [2860/3780] gpu1  trial_0287_lr=3.0e-03_weight_decay=1.0e-04_kernel_sizes=7x5x3_conv_channels=256x256x256_fc_dims=512_seed9  completed  (8.2s)
2026-05-11 21:32:27,293 - INFO - [2861/3780] gpu0  trial_0284_lr=1.0e-03_weight_decay=1.0e-04_kernel_sizes=7x5x3_conv_channels=256x256x256_fc_dims=512_seed0  completed  (8.1s)
2026-05-11 21:32:27,864 - INFO - [2862/3780] gpu1  trial_0288_lr=3.0e-04_weight_decay=0_kernel_sizes=7x5x3_conv_channels=256x256x256_fc_dims=512x256_seed1  completed  (3.3s)
2026-05-11 21:32:31,207 - INFO - [2863/3780] gpu1  trial_0288_lr=3.0e-04_weight_decay=0_kernel_sizes=7x5x3_conv_channels=256x256x256_fc_dims=512x256_seed3  completed  (3.3s)
2026-05-11 21:32:34,596 - INFO - [2864/3780] gpu1  trial_0288_lr=3.0e-04_weight_decay=0_kernel_sizes=7x5x3_conv_channels=256x256x256_fc_dims=512x256_seed5  completed  (3.4s)
2026-05-11 21:32:35,338 - INFO - [2865/3780] gpu0  trial_0284_lr=1.0e-03_weight_decay=1.0e-04_kernel_sizes=7x5x3_conv_channels=256x256x256_fc_dims=512_seed2  completed  (8.0s)
2026-05-11 21:32:38,356 - INFO - [2866/3780] gpu0  trial_0284_lr=1.0e-03_weight_decay=1.0e-04_kernel_sizes=7x5x3_conv_channels=256x256x256_fc_dims=512_seed4  completed  (3.0s)
2026-05-11 21:32:42,961 - INFO - [2867/3780] gpu1  trial_0288_lr=3.0e-04_weight_decay=0_kernel_sizes=7x5x3_conv_channels=256x256x256_fc_dims=512x256_seed7  completed  (8.4s)
2026-05-11 21:32:46,215 - INFO - [2868/3780] gpu1  trial_0288_lr=3.0e-04_weight_decay=0_kernel_sizes=7x5x3_conv_channels=256x256x256_fc_dims=512x256_seed9  completed  (3.3s)
2026-05-11 21:32:46,391 - INFO - [2869/3780] gpu0  trial_0284_lr=1.0e-03_weight_decay=1.0e-04_kernel_sizes=7x5x3_conv_channels=256x256x256_fc_dims=512_seed6  completed  (8.0s)
2026-05-11 21:32:49,451 - INFO - [2870/3780] gpu1  trial_0289_lr=3.0e-04_weight_decay=1.0e-05_kernel_sizes=7x5x3_conv_channels=256x256x256_fc_dims=512x256_seed1  completed  (3.2s)
2026-05-11 21:32:52,844 - INFO - [2871/3780] gpu1  trial_0289_lr=3.0e-04_weight_decay=1.0e-05_kernel_sizes=7x5x3_conv_channels=256x256x256_fc_dims=512x256_seed3  completed  (3.4s)
2026-05-11 21:32:54,412 - INFO - [2872/3780] gpu0  trial_0284_lr=1.0e-03_weight_decay=1.0e-04_kernel_sizes=7x5x3_conv_channels=256x256x256_fc_dims=512_seed8  completed  (8.0s)
2026-05-11 21:32:56,288 - INFO - [2873/3780] gpu1  trial_0289_lr=3.0e-04_weight_decay=1.0e-05_kernel_sizes=7x5x3_conv_channels=256x256x256_fc_dims=512x256_seed5  completed  (3.4s)
2026-05-11 21:33:02,479 - INFO - [2874/3780] gpu0  trial_0285_lr=3.0e-03_weight_decay=0_kernel_sizes=7x5x3_conv_channels=256x256x256_fc_dims=512_seed0  completed  (8.1s)
2026-05-11 21:33:04,476 - INFO - [2875/3780] gpu1  trial_0289_lr=3.0e-04_weight_decay=1.0e-05_kernel_sizes=7x5x3_conv_channels=256x256x256_fc_dims=512x256_seed7  completed  (8.2s)
2026-05-11 21:33:07,731 - INFO - [2876/3780] gpu1  trial_0289_lr=3.0e-04_weight_decay=1.0e-05_kernel_sizes=7x5x3_conv_channels=256x256x256_fc_dims=512x256_seed9  completed  (3.3s)
2026-05-11 21:33:10,603 - INFO - [2877/3780] gpu0  trial_0285_lr=3.0e-03_weight_decay=0_kernel_sizes=7x5x3_conv_channels=256x256x256_fc_dims=512_seed2  completed  (8.1s)
2026-05-11 21:33:10,958 - INFO - [2878/3780] gpu1  trial_0290_lr=3.0e-04_weight_decay=1.0e-04_kernel_sizes=7x5x3_conv_channels=256x256x256_fc_dims=512x256_seed1  completed  (3.2s)
2026-05-11 21:33:14,370 - INFO - [2879/3780] gpu1  trial_0290_lr=3.0e-04_weight_decay=1.0e-04_kernel_sizes=7x5x3_conv_channels=256x256x256_fc_dims=512x256_seed3  completed  (3.4s)
2026-05-11 21:33:17,779 - INFO - [2880/3780] gpu1  trial_0290_lr=3.0e-04_weight_decay=1.0e-04_kernel_sizes=7x5x3_conv_channels=256x256x256_fc_dims=512x256_seed5  completed  (3.4s)
2026-05-11 21:33:18,711 - INFO - [2881/3780] gpu0  trial_0285_lr=3.0e-03_weight_decay=0_kernel_sizes=7x5x3_conv_channels=256x256x256_fc_dims=512_seed4  completed  (8.1s)
2026-05-11 21:33:25,859 - INFO - [2882/3780] gpu1  trial_0290_lr=3.0e-04_weight_decay=1.0e-04_kernel_sizes=7x5x3_conv_channels=256x256x256_fc_dims=512x256_seed7  completed  (8.1s)
2026-05-11 21:33:27,243 - INFO - [2883/3780] gpu0  trial_0285_lr=3.0e-03_weight_decay=0_kernel_sizes=7x5x3_conv_channels=256x256x256_fc_dims=512_seed6  completed  (8.5s)
2026-05-11 21:33:29,027 - INFO - [2884/3780] gpu1  trial_0290_lr=3.0e-04_weight_decay=1.0e-04_kernel_sizes=7x5x3_conv_channels=256x256x256_fc_dims=512x256_seed9  completed  (3.2s)
2026-05-11 21:33:35,350 - INFO - [2885/3780] gpu0  trial_0285_lr=3.0e-03_weight_decay=0_kernel_sizes=7x5x3_conv_channels=256x256x256_fc_dims=512_seed8  completed  (8.1s)
2026-05-11 21:33:37,350 - INFO - [2886/3780] gpu1  trial_0291_lr=1.0e-03_weight_decay=0_kernel_sizes=7x5x3_conv_channels=256x256x256_fc_dims=512x256_seed1  completed  (8.3s)
2026-05-11 21:33:40,020 - INFO - [2887/3780] gpu1  trial_0291_lr=1.0e-03_weight_decay=0_kernel_sizes=7x5x3_conv_channels=256x256x256_fc_dims=512x256_seed3  completed  (2.7s)
2026-05-11 21:33:43,285 - INFO - [2888/3780] gpu0  trial_0286_lr=3.0e-03_weight_decay=1.0e-05_kernel_sizes=7x5x3_conv_channels=256x256x256_fc_dims=512_seed0  completed  (7.9s)
2026-05-11 21:33:48,314 - INFO - [2889/3780] gpu1  trial_0291_lr=1.0e-03_weight_decay=0_kernel_sizes=7x5x3_conv_channels=256x256x256_fc_dims=512x256_seed5  completed  (8.3s)
2026-05-11 21:33:51,275 - INFO - [2890/3780] gpu0  trial_0286_lr=3.0e-03_weight_decay=1.0e-05_kernel_sizes=7x5x3_conv_channels=256x256x256_fc_dims=512_seed2  completed  (8.0s)
2026-05-11 21:33:56,769 - INFO - [2891/3780] gpu1  trial_0291_lr=1.0e-03_weight_decay=0_kernel_sizes=7x5x3_conv_channels=256x256x256_fc_dims=512x256_seed7  completed  (8.5s)
2026-05-11 21:33:59,356 - INFO - [2892/3780] gpu1  trial_0291_lr=1.0e-03_weight_decay=0_kernel_sizes=7x5x3_conv_channels=256x256x256_fc_dims=512x256_seed9  completed  (2.6s)
2026-05-11 21:33:59,357 - INFO - [2893/3780] gpu0  trial_0286_lr=3.0e-03_weight_decay=1.0e-05_kernel_sizes=7x5x3_conv_channels=256x256x256_fc_dims=512_seed4  completed  (8.1s)
2026-05-11 21:34:07,314 - INFO - [2894/3780] gpu0  trial_0286_lr=3.0e-03_weight_decay=1.0e-05_kernel_sizes=7x5x3_conv_channels=256x256x256_fc_dims=512_seed6  completed  (8.0s)
2026-05-11 21:34:07,588 - INFO - [2895/3780] gpu1  trial_0292_lr=1.0e-03_weight_decay=1.0e-05_kernel_sizes=7x5x3_conv_channels=256x256x256_fc_dims=512x256_seed1  completed  (8.2s)
2026-05-11 21:34:15,214 - INFO - [2896/3780] gpu0  trial_0286_lr=3.0e-03_weight_decay=1.0e-05_kernel_sizes=7x5x3_conv_channels=256x256x256_fc_dims=512_seed8  completed  (7.9s)
2026-05-11 21:34:15,905 - INFO - [2897/3780] gpu1  trial_0292_lr=1.0e-03_weight_decay=1.0e-05_kernel_sizes=7x5x3_conv_channels=256x256x256_fc_dims=512x256_seed3  completed  (8.3s)
2026-05-11 21:34:22,215 - INFO - [2898/3780] gpu0  trial_0287_lr=3.0e-03_weight_decay=1.0e-04_kernel_sizes=7x5x3_conv_channels=256x256x256_fc_dims=512_seed0  completed  (7.0s)
2026-05-11 21:34:24,113 - INFO - [2899/3780] gpu1  trial_0292_lr=1.0e-03_weight_decay=1.0e-05_kernel_sizes=7x5x3_conv_channels=256x256x256_fc_dims=512x256_seed5  completed  (8.2s)
2026-05-11 21:34:30,148 - INFO - [2900/3780] gpu0  trial_0287_lr=3.0e-03_weight_decay=1.0e-04_kernel_sizes=7x5x3_conv_channels=256x256x256_fc_dims=512_seed2  completed  (7.9s)
2026-05-11 21:34:32,379 - INFO - [2901/3780] gpu1  trial_0292_lr=1.0e-03_weight_decay=1.0e-05_kernel_sizes=7x5x3_conv_channels=256x256x256_fc_dims=512x256_seed7  completed  (8.3s)
2026-05-11 21:34:38,152 - INFO - [2902/3780] gpu0  trial_0287_lr=3.0e-03_weight_decay=1.0e-04_kernel_sizes=7x5x3_conv_channels=256x256x256_fc_dims=512_seed4  completed  (8.0s)
2026-05-11 21:34:40,902 - INFO - [2903/3780] gpu1  trial_0292_lr=1.0e-03_weight_decay=1.0e-05_kernel_sizes=7x5x3_conv_channels=256x256x256_fc_dims=512x256_seed9  completed  (8.5s)
2026-05-11 21:34:46,142 - INFO - [2904/3780] gpu0  trial_0287_lr=3.0e-03_weight_decay=1.0e-04_kernel_sizes=7x5x3_conv_channels=256x256x256_fc_dims=512_seed6  completed  (8.0s)
2026-05-11 21:34:49,102 - INFO - [2905/3780] gpu1  trial_0293_lr=1.0e-03_weight_decay=1.0e-04_kernel_sizes=7x5x3_conv_channels=256x256x256_fc_dims=512x256_seed1  completed  (8.2s)
2026-05-11 21:34:54,196 - INFO - [2906/3780] gpu0  trial_0287_lr=3.0e-03_weight_decay=1.0e-04_kernel_sizes=7x5x3_conv_channels=256x256x256_fc_dims=512_seed8  completed  (8.1s)
2026-05-11 21:34:57,489 - INFO - [2907/3780] gpu1  trial_0293_lr=1.0e-03_weight_decay=1.0e-04_kernel_sizes=7x5x3_conv_channels=256x256x256_fc_dims=512x256_seed3  completed  (8.4s)
2026-05-11 21:34:57,662 - INFO - [2908/3780] gpu0  trial_0288_lr=3.0e-04_weight_decay=0_kernel_sizes=7x5x3_conv_channels=256x256x256_fc_dims=512x256_seed0  completed  (3.5s)
2026-05-11 21:35:05,968 - INFO - [2909/3780] gpu0  trial_0288_lr=3.0e-04_weight_decay=0_kernel_sizes=7x5x3_conv_channels=256x256x256_fc_dims=512x256_seed2  completed  (8.3s)
2026-05-11 21:35:05,982 - INFO - [2910/3780] gpu1  trial_0293_lr=1.0e-03_weight_decay=1.0e-04_kernel_sizes=7x5x3_conv_channels=256x256x256_fc_dims=512x256_seed5  completed  (8.5s)
2026-05-11 21:35:08,491 - INFO - [2911/3780] gpu1  trial_0293_lr=1.0e-03_weight_decay=1.0e-04_kernel_sizes=7x5x3_conv_channels=256x256x256_fc_dims=512x256_seed7  completed  (2.5s)
2026-05-11 21:35:09,172 - INFO - [2912/3780] gpu0  trial_0288_lr=3.0e-04_weight_decay=0_kernel_sizes=7x5x3_conv_channels=256x256x256_fc_dims=512x256_seed4  completed  (3.2s)
2026-05-11 21:35:12,522 - INFO - [2913/3780] gpu0  trial_0288_lr=3.0e-04_weight_decay=0_kernel_sizes=7x5x3_conv_channels=256x256x256_fc_dims=512x256_seed6  completed  (3.3s)
2026-05-11 21:35:16,011 - INFO - [2914/3780] gpu0  trial_0288_lr=3.0e-04_weight_decay=0_kernel_sizes=7x5x3_conv_channels=256x256x256_fc_dims=512x256_seed8  completed  (3.5s)
2026-05-11 21:35:16,777 - INFO - [2915/3780] gpu1  trial_0293_lr=1.0e-03_weight_decay=1.0e-04_kernel_sizes=7x5x3_conv_channels=256x256x256_fc_dims=512x256_seed9  completed  (8.3s)
2026-05-11 21:35:18,970 - INFO - [2916/3780] gpu1  trial_0294_lr=3.0e-03_weight_decay=0_kernel_sizes=7x5x3_conv_channels=256x256x256_fc_dims=512x256_seed1  completed  (2.2s)
2026-05-11 21:35:19,428 - INFO - [2917/3780] gpu0  trial_0289_lr=3.0e-04_weight_decay=1.0e-05_kernel_sizes=7x5x3_conv_channels=256x256x256_fc_dims=512x256_seed0  completed  (3.4s)
2026-05-11 21:35:27,392 - INFO - [2918/3780] gpu1  trial_0294_lr=3.0e-03_weight_decay=0_kernel_sizes=7x5x3_conv_channels=256x256x256_fc_dims=512x256_seed3  completed  (8.4s)
2026-05-11 21:35:27,596 - INFO - [2919/3780] gpu0  trial_0289_lr=3.0e-04_weight_decay=1.0e-05_kernel_sizes=7x5x3_conv_channels=256x256x256_fc_dims=512x256_seed2  completed  (8.2s)
2026-05-11 21:35:29,605 - INFO - [2920/3780] gpu1  trial_0294_lr=3.0e-03_weight_decay=0_kernel_sizes=7x5x3_conv_channels=256x256x256_fc_dims=512x256_seed5  completed  (2.2s)
2026-05-11 21:35:30,859 - INFO - [2921/3780] gpu0  trial_0289_lr=3.0e-04_weight_decay=1.0e-05_kernel_sizes=7x5x3_conv_channels=256x256x256_fc_dims=512x256_seed4  completed  (3.3s)
2026-05-11 21:35:31,788 - INFO - [2922/3780] gpu1  trial_0294_lr=3.0e-03_weight_decay=0_kernel_sizes=7x5x3_conv_channels=256x256x256_fc_dims=512x256_seed7  completed  (2.2s)
2026-05-11 21:35:34,282 - INFO - [2923/3780] gpu0  trial_0289_lr=3.0e-04_weight_decay=1.0e-05_kernel_sizes=7x5x3_conv_channels=256x256x256_fc_dims=512x256_seed6  completed  (3.4s)
2026-05-11 21:35:37,704 - INFO - [2924/3780] gpu0  trial_0289_lr=3.0e-04_weight_decay=1.0e-05_kernel_sizes=7x5x3_conv_channels=256x256x256_fc_dims=512x256_seed8  completed  (3.4s)
2026-05-11 21:35:39,966 - INFO - [2925/3780] gpu1  trial_0294_lr=3.0e-03_weight_decay=0_kernel_sizes=7x5x3_conv_channels=256x256x256_fc_dims=512x256_seed9  completed  (8.2s)
2026-05-11 21:35:41,123 - INFO - [2926/3780] gpu0  trial_0290_lr=3.0e-04_weight_decay=1.0e-04_kernel_sizes=7x5x3_conv_channels=256x256x256_fc_dims=512x256_seed0  completed  (3.4s)
2026-05-11 21:35:42,164 - INFO - [2927/3780] gpu1  trial_0295_lr=3.0e-03_weight_decay=1.0e-05_kernel_sizes=7x5x3_conv_channels=256x256x256_fc_dims=512x256_seed1  completed  (2.2s)
2026-05-11 21:35:49,388 - INFO - [2928/3780] gpu0  trial_0290_lr=3.0e-04_weight_decay=1.0e-04_kernel_sizes=7x5x3_conv_channels=256x256x256_fc_dims=512x256_seed2  completed  (8.3s)
2026-05-11 21:35:50,342 - INFO - [2929/3780] gpu1  trial_0295_lr=3.0e-03_weight_decay=1.0e-05_kernel_sizes=7x5x3_conv_channels=256x256x256_fc_dims=512x256_seed3  completed  (8.2s)
2026-05-11 21:35:52,540 - INFO - [2930/3780] gpu1  trial_0295_lr=3.0e-03_weight_decay=1.0e-05_kernel_sizes=7x5x3_conv_channels=256x256x256_fc_dims=512x256_seed5  completed  (2.2s)
2026-05-11 21:35:52,605 - INFO - [2931/3780] gpu0  trial_0290_lr=3.0e-04_weight_decay=1.0e-04_kernel_sizes=7x5x3_conv_channels=256x256x256_fc_dims=512x256_seed4  completed  (3.2s)
2026-05-11 21:35:54,766 - INFO - [2932/3780] gpu1  trial_0295_lr=3.0e-03_weight_decay=1.0e-05_kernel_sizes=7x5x3_conv_channels=256x256x256_fc_dims=512x256_seed7  completed  (2.2s)
2026-05-11 21:35:56,012 - INFO - [2933/3780] gpu0  trial_0290_lr=3.0e-04_weight_decay=1.0e-04_kernel_sizes=7x5x3_conv_channels=256x256x256_fc_dims=512x256_seed6  completed  (3.4s)
2026-05-11 21:35:59,396 - INFO - [2934/3780] gpu0  trial_0290_lr=3.0e-04_weight_decay=1.0e-04_kernel_sizes=7x5x3_conv_channels=256x256x256_fc_dims=512x256_seed8  completed  (3.4s)
2026-05-11 21:36:02,953 - INFO - [2935/3780] gpu1  trial_0295_lr=3.0e-03_weight_decay=1.0e-05_kernel_sizes=7x5x3_conv_channels=256x256x256_fc_dims=512x256_seed9  completed  (8.2s)
2026-05-11 21:36:06,316 - INFO - [2936/3780] gpu1  trial_0296_lr=3.0e-03_weight_decay=1.0e-04_kernel_sizes=7x5x3_conv_channels=256x256x256_fc_dims=512x256_seed1  completed  (3.4s)
2026-05-11 21:36:07,541 - INFO - [2937/3780] gpu0  trial_0291_lr=1.0e-03_weight_decay=0_kernel_sizes=7x5x3_conv_channels=256x256x256_fc_dims=512x256_seed0  completed  (8.1s)
2026-05-11 21:36:09,799 - INFO - [2938/3780] gpu1  trial_0296_lr=3.0e-03_weight_decay=1.0e-04_kernel_sizes=7x5x3_conv_channels=256x256x256_fc_dims=512x256_seed3  completed  (3.5s)
2026-05-11 21:36:10,181 - INFO - [2939/3780] gpu0  trial_0291_lr=1.0e-03_weight_decay=0_kernel_sizes=7x5x3_conv_channels=256x256x256_fc_dims=512x256_seed2  completed  (2.6s)
2026-05-11 21:36:12,033 - INFO - [2940/3780] gpu1  trial_0296_lr=3.0e-03_weight_decay=1.0e-04_kernel_sizes=7x5x3_conv_channels=256x256x256_fc_dims=512x256_seed5  completed  (2.2s)
2026-05-11 21:36:14,281 - INFO - [2941/3780] gpu1  trial_0296_lr=3.0e-03_weight_decay=1.0e-04_kernel_sizes=7x5x3_conv_channels=256x256x256_fc_dims=512x256_seed7  completed  (2.2s)
2026-05-11 21:36:18,352 - INFO - [2942/3780] gpu0  trial_0291_lr=1.0e-03_weight_decay=0_kernel_sizes=7x5x3_conv_channels=256x256x256_fc_dims=512x256_seed4  completed  (8.2s)
2026-05-11 21:36:22,537 - INFO - [2943/3780] gpu1  trial_0296_lr=3.0e-03_weight_decay=1.0e-04_kernel_sizes=7x5x3_conv_channels=256x256x256_fc_dims=512x256_seed9  completed  (8.3s)
2026-05-11 21:36:26,615 - INFO - [2944/3780] gpu0  trial_0291_lr=1.0e-03_weight_decay=0_kernel_sizes=7x5x3_conv_channels=256x256x256_fc_dims=512x256_seed6  completed  (8.3s)
2026-05-11 21:36:29,210 - INFO - [2945/3780] gpu0  trial_0291_lr=1.0e-03_weight_decay=0_kernel_sizes=7x5x3_conv_channels=256x256x256_fc_dims=512x256_seed8  completed  (2.6s)
2026-05-11 21:36:30,369 - INFO - [2946/3780] gpu1  trial_0297_lr=3.0e-04_weight_decay=0_kernel_sizes=5x5x3_conv_channels=256x256x256_fc_dims=256_seed1  completed  (7.8s)
2026-05-11 21:36:37,556 - INFO - [2947/3780] gpu0  trial_0292_lr=1.0e-03_weight_decay=1.0e-05_kernel_sizes=7x5x3_conv_channels=256x256x256_fc_dims=512x256_seed0  completed  (8.3s)
2026-05-11 21:36:37,966 - INFO - [2948/3780] gpu1  trial_0297_lr=3.0e-04_weight_decay=0_kernel_sizes=5x5x3_conv_channels=256x256x256_fc_dims=256_seed3  completed  (7.6s)
2026-05-11 21:36:40,147 - INFO - [2949/3780] gpu0  trial_0292_lr=1.0e-03_weight_decay=1.0e-05_kernel_sizes=7x5x3_conv_channels=256x256x256_fc_dims=512x256_seed2  completed  (2.6s)
2026-05-11 21:36:45,875 - INFO - [2950/3780] gpu1  trial_0297_lr=3.0e-04_weight_decay=0_kernel_sizes=5x5x3_conv_channels=256x256x256_fc_dims=256_seed5  completed  (7.9s)
2026-05-11 21:36:48,445 - INFO - [2951/3780] gpu0  trial_0292_lr=1.0e-03_weight_decay=1.0e-05_kernel_sizes=7x5x3_conv_channels=256x256x256_fc_dims=512x256_seed4  completed  (8.3s)
2026-05-11 21:36:53,778 - INFO - [2952/3780] gpu1  trial_0297_lr=3.0e-04_weight_decay=0_kernel_sizes=5x5x3_conv_channels=256x256x256_fc_dims=256_seed7  completed  (7.9s)
2026-05-11 21:36:56,747 - INFO - [2953/3780] gpu0  trial_0292_lr=1.0e-03_weight_decay=1.0e-05_kernel_sizes=7x5x3_conv_channels=256x256x256_fc_dims=512x256_seed6  completed  (8.3s)
2026-05-11 21:36:59,440 - INFO - [2954/3780] gpu0  trial_0292_lr=1.0e-03_weight_decay=1.0e-05_kernel_sizes=7x5x3_conv_channels=256x256x256_fc_dims=512x256_seed8  completed  (2.7s)
2026-05-11 21:37:01,511 - INFO - [2955/3780] gpu1  trial_0297_lr=3.0e-04_weight_decay=0_kernel_sizes=5x5x3_conv_channels=256x256x256_fc_dims=256_seed9  completed  (7.7s)
2026-05-11 21:37:07,735 - INFO - [2956/3780] gpu0  trial_0293_lr=1.0e-03_weight_decay=1.0e-04_kernel_sizes=7x5x3_conv_channels=256x256x256_fc_dims=512x256_seed0  completed  (8.3s)
2026-05-11 21:37:09,392 - INFO - [2957/3780] gpu1  trial_0298_lr=3.0e-04_weight_decay=1.0e-05_kernel_sizes=5x5x3_conv_channels=256x256x256_fc_dims=256_seed1  completed  (7.9s)
2026-05-11 21:37:16,063 - INFO - [2958/3780] gpu0  trial_0293_lr=1.0e-03_weight_decay=1.0e-04_kernel_sizes=7x5x3_conv_channels=256x256x256_fc_dims=512x256_seed2  completed  (8.3s)
2026-05-11 21:37:17,499 - INFO - [2959/3780] gpu1  trial_0298_lr=3.0e-04_weight_decay=1.0e-05_kernel_sizes=5x5x3_conv_channels=256x256x256_fc_dims=256_seed3  completed  (8.1s)
2026-05-11 21:37:24,324 - INFO - [2960/3780] gpu0  trial_0293_lr=1.0e-03_weight_decay=1.0e-04_kernel_sizes=7x5x3_conv_channels=256x256x256_fc_dims=512x256_seed4  completed  (8.3s)
2026-05-11 21:37:25,300 - INFO - [2961/3780] gpu1  trial_0298_lr=3.0e-04_weight_decay=1.0e-05_kernel_sizes=5x5x3_conv_channels=256x256x256_fc_dims=256_seed5  completed  (7.8s)
2026-05-11 21:37:32,587 - INFO - [2962/3780] gpu0  trial_0293_lr=1.0e-03_weight_decay=1.0e-04_kernel_sizes=7x5x3_conv_channels=256x256x256_fc_dims=512x256_seed6  completed  (8.3s)
2026-05-11 21:37:32,886 - INFO - [2963/3780] gpu1  trial_0298_lr=3.0e-04_weight_decay=1.0e-05_kernel_sizes=5x5x3_conv_channels=256x256x256_fc_dims=256_seed7  completed  (7.6s)
2026-05-11 21:37:40,549 - INFO - [2964/3780] gpu1  trial_0298_lr=3.0e-04_weight_decay=1.0e-05_kernel_sizes=5x5x3_conv_channels=256x256x256_fc_dims=256_seed9  completed  (7.7s)
2026-05-11 21:37:40,849 - INFO - [2965/3780] gpu0  trial_0293_lr=1.0e-03_weight_decay=1.0e-04_kernel_sizes=7x5x3_conv_channels=256x256x256_fc_dims=512x256_seed8  completed  (8.3s)
2026-05-11 21:37:48,232 - INFO - [2966/3780] gpu1  trial_0299_lr=3.0e-04_weight_decay=1.0e-04_kernel_sizes=5x5x3_conv_channels=256x256x256_fc_dims=256_seed1  completed  (7.7s)
2026-05-11 21:37:48,981 - INFO - [2967/3780] gpu0  trial_0294_lr=3.0e-03_weight_decay=0_kernel_sizes=7x5x3_conv_channels=256x256x256_fc_dims=512x256_seed0  completed  (8.1s)
2026-05-11 21:37:55,880 - INFO - [2968/3780] gpu1  trial_0299_lr=3.0e-04_weight_decay=1.0e-04_kernel_sizes=5x5x3_conv_channels=256x256x256_fc_dims=256_seed3  completed  (7.6s)
2026-05-11 21:37:57,358 - INFO - [2969/3780] gpu0  trial_0294_lr=3.0e-03_weight_decay=0_kernel_sizes=7x5x3_conv_channels=256x256x256_fc_dims=512x256_seed2  completed  (8.4s)
2026-05-11 21:38:03,422 - INFO - [2970/3780] gpu1  trial_0299_lr=3.0e-04_weight_decay=1.0e-04_kernel_sizes=5x5x3_conv_channels=256x256x256_fc_dims=256_seed5  completed  (7.5s)
2026-05-11 21:38:05,789 - INFO - [2971/3780] gpu0  trial_0294_lr=3.0e-03_weight_decay=0_kernel_sizes=7x5x3_conv_channels=256x256x256_fc_dims=512x256_seed4  completed  (8.4s)
2026-05-11 21:38:11,024 - INFO - [2972/3780] gpu1  trial_0299_lr=3.0e-04_weight_decay=1.0e-04_kernel_sizes=5x5x3_conv_channels=256x256x256_fc_dims=256_seed7  completed  (7.6s)
2026-05-11 21:38:14,126 - INFO - [2973/3780] gpu0  trial_0294_lr=3.0e-03_weight_decay=0_kernel_sizes=7x5x3_conv_channels=256x256x256_fc_dims=512x256_seed6  completed  (8.3s)
2026-05-11 21:38:16,360 - INFO - [2974/3780] gpu0  trial_0294_lr=3.0e-03_weight_decay=0_kernel_sizes=7x5x3_conv_channels=256x256x256_fc_dims=512x256_seed8  completed  (2.2s)
2026-05-11 21:38:18,667 - INFO - [2975/3780] gpu1  trial_0299_lr=3.0e-04_weight_decay=1.0e-04_kernel_sizes=5x5x3_conv_channels=256x256x256_fc_dims=256_seed9  completed  (7.6s)
2026-05-11 21:38:21,065 - INFO - [2976/3780] gpu1  trial_0300_lr=1.0e-03_weight_decay=0_kernel_sizes=5x5x3_conv_channels=256x256x256_fc_dims=256_seed1  completed  (2.4s)
2026-05-11 21:38:23,574 - INFO - [2977/3780] gpu1  trial_0300_lr=1.0e-03_weight_decay=0_kernel_sizes=5x5x3_conv_channels=256x256x256_fc_dims=256_seed3  completed  (2.5s)
2026-05-11 21:38:24,610 - INFO - [2978/3780] gpu0  trial_0295_lr=3.0e-03_weight_decay=1.0e-05_kernel_sizes=7x5x3_conv_channels=256x256x256_fc_dims=512x256_seed0  completed  (8.2s)
2026-05-11 21:38:26,089 - INFO - [2979/3780] gpu1  trial_0300_lr=1.0e-03_weight_decay=0_kernel_sizes=5x5x3_conv_channels=256x256x256_fc_dims=256_seed5  completed  (2.5s)
2026-05-11 21:38:28,656 - INFO - [2980/3780] gpu1  trial_0300_lr=1.0e-03_weight_decay=0_kernel_sizes=5x5x3_conv_channels=256x256x256_fc_dims=256_seed7  completed  (2.6s)
2026-05-11 21:38:31,141 - INFO - [2981/3780] gpu1  trial_0300_lr=1.0e-03_weight_decay=0_kernel_sizes=5x5x3_conv_channels=256x256x256_fc_dims=256_seed9  completed  (2.5s)
2026-05-11 21:38:32,921 - INFO - [2982/3780] gpu0  trial_0295_lr=3.0e-03_weight_decay=1.0e-05_kernel_sizes=7x5x3_conv_channels=256x256x256_fc_dims=512x256_seed2  completed  (8.3s)
2026-05-11 21:38:33,514 - INFO - [2983/3780] gpu1  trial_0301_lr=1.0e-03_weight_decay=1.0e-05_kernel_sizes=5x5x3_conv_channels=256x256x256_fc_dims=256_seed1  completed  (2.4s)
2026-05-11 21:38:36,011 - INFO - [2984/3780] gpu1  trial_0301_lr=1.0e-03_weight_decay=1.0e-05_kernel_sizes=5x5x3_conv_channels=256x256x256_fc_dims=256_seed3  completed  (2.5s)
2026-05-11 21:38:38,556 - INFO - [2985/3780] gpu1  trial_0301_lr=1.0e-03_weight_decay=1.0e-05_kernel_sizes=5x5x3_conv_channels=256x256x256_fc_dims=256_seed5  completed  (2.5s)
2026-05-11 21:38:41,027 - INFO - [2986/3780] gpu1  trial_0301_lr=1.0e-03_weight_decay=1.0e-05_kernel_sizes=5x5x3_conv_channels=256x256x256_fc_dims=256_seed7  completed  (2.5s)
2026-05-11 21:38:41,301 - INFO - [2987/3780] gpu0  trial_0295_lr=3.0e-03_weight_decay=1.0e-05_kernel_sizes=7x5x3_conv_channels=256x256x256_fc_dims=512x256_seed4  completed  (8.4s)
2026-05-11 21:38:43,465 - INFO - [2988/3780] gpu1  trial_0301_lr=1.0e-03_weight_decay=1.0e-05_kernel_sizes=5x5x3_conv_channels=256x256x256_fc_dims=256_seed9  completed  (2.4s)
2026-05-11 21:38:45,851 - INFO - [2989/3780] gpu1  trial_0302_lr=1.0e-03_weight_decay=1.0e-04_kernel_sizes=5x5x3_conv_channels=256x256x256_fc_dims=256_seed1  completed  (2.4s)
2026-05-11 21:38:48,363 - INFO - [2990/3780] gpu1  trial_0302_lr=1.0e-03_weight_decay=1.0e-04_kernel_sizes=5x5x3_conv_channels=256x256x256_fc_dims=256_seed3  completed  (2.5s)
2026-05-11 21:38:49,546 - INFO - [2991/3780] gpu0  trial_0295_lr=3.0e-03_weight_decay=1.0e-05_kernel_sizes=7x5x3_conv_channels=256x256x256_fc_dims=512x256_seed6  completed  (8.2s)
2026-05-11 21:38:50,819 - INFO - [2992/3780] gpu1  trial_0302_lr=1.0e-03_weight_decay=1.0e-04_kernel_sizes=5x5x3_conv_channels=256x256x256_fc_dims=256_seed5  completed  (2.5s)
2026-05-11 21:38:51,729 - INFO - [2993/3780] gpu0  trial_0295_lr=3.0e-03_weight_decay=1.0e-05_kernel_sizes=7x5x3_conv_channels=256x256x256_fc_dims=512x256_seed8  completed  (2.2s)
2026-05-11 21:38:53,203 - INFO - [2994/3780] gpu1  trial_0302_lr=1.0e-03_weight_decay=1.0e-04_kernel_sizes=5x5x3_conv_channels=256x256x256_fc_dims=256_seed7  completed  (2.4s)
2026-05-11 21:38:53,937 - INFO - [2995/3780] gpu0  trial_0296_lr=3.0e-03_weight_decay=1.0e-04_kernel_sizes=7x5x3_conv_channels=256x256x256_fc_dims=512x256_seed0  completed  (2.2s)
2026-05-11 21:38:55,523 - INFO - [2996/3780] gpu1  trial_0302_lr=1.0e-03_weight_decay=1.0e-04_kernel_sizes=5x5x3_conv_channels=256x256x256_fc_dims=256_seed9  completed  (2.3s)
2026-05-11 21:39:02,154 - INFO - [2997/3780] gpu0  trial_0296_lr=3.0e-03_weight_decay=1.0e-04_kernel_sizes=7x5x3_conv_channels=256x256x256_fc_dims=512x256_seed2  completed  (8.2s)
2026-05-11 21:39:03,168 - INFO - [2998/3780] gpu1  trial_0303_lr=3.0e-03_weight_decay=0_kernel_sizes=5x5x3_conv_channels=256x256x256_fc_dims=256_seed1  completed  (7.6s)
2026-05-11 21:39:10,344 - INFO - [2999/3780] gpu0  trial_0296_lr=3.0e-03_weight_decay=1.0e-04_kernel_sizes=7x5x3_conv_channels=256x256x256_fc_dims=512x256_seed4  completed  (8.2s)
2026-05-11 21:39:10,767 - INFO - [3000/3780] gpu1  trial_0303_lr=3.0e-03_weight_decay=0_kernel_sizes=5x5x3_conv_channels=256x256x256_fc_dims=256_seed3  completed  (7.6s)
2026-05-11 21:39:18,373 - INFO - [3001/3780] gpu1  trial_0303_lr=3.0e-03_weight_decay=0_kernel_sizes=5x5x3_conv_channels=256x256x256_fc_dims=256_seed5  completed  (7.6s)
2026-05-11 21:39:18,527 - INFO - [3002/3780] gpu0  trial_0296_lr=3.0e-03_weight_decay=1.0e-04_kernel_sizes=7x5x3_conv_channels=256x256x256_fc_dims=512x256_seed6  completed  (8.2s)
2026-05-11 21:39:20,758 - INFO - [3003/3780] gpu0  trial_0296_lr=3.0e-03_weight_decay=1.0e-04_kernel_sizes=7x5x3_conv_channels=256x256x256_fc_dims=512x256_seed8  completed  (2.2s)
2026-05-11 21:39:26,094 - INFO - [3004/3780] gpu1  trial_0303_lr=3.0e-03_weight_decay=0_kernel_sizes=5x5x3_conv_channels=256x256x256_fc_dims=256_seed7  completed  (7.7s)
2026-05-11 21:39:28,653 - INFO - [3005/3780] gpu0  trial_0297_lr=3.0e-04_weight_decay=0_kernel_sizes=5x5x3_conv_channels=256x256x256_fc_dims=256_seed0  completed  (7.9s)
2026-05-11 21:39:33,802 - INFO - [3006/3780] gpu1  trial_0303_lr=3.0e-03_weight_decay=0_kernel_sizes=5x5x3_conv_channels=256x256x256_fc_dims=256_seed9  completed  (7.7s)
2026-05-11 21:39:36,491 - INFO - [3007/3780] gpu0  trial_0297_lr=3.0e-04_weight_decay=0_kernel_sizes=5x5x3_conv_channels=256x256x256_fc_dims=256_seed2  completed  (7.8s)
2026-05-11 21:39:41,400 - INFO - [3008/3780] gpu1  trial_0304_lr=3.0e-03_weight_decay=1.0e-05_kernel_sizes=5x5x3_conv_channels=256x256x256_fc_dims=256_seed1  completed  (7.6s)
2026-05-11 21:39:44,176 - INFO - [3009/3780] gpu0  trial_0297_lr=3.0e-04_weight_decay=0_kernel_sizes=5x5x3_conv_channels=256x256x256_fc_dims=256_seed4  completed  (7.7s)
2026-05-11 21:39:48,949 - INFO - [3010/3780] gpu1  trial_0304_lr=3.0e-03_weight_decay=1.0e-05_kernel_sizes=5x5x3_conv_channels=256x256x256_fc_dims=256_seed3  completed  (7.5s)
2026-05-11 21:39:51,879 - INFO - [3011/3780] gpu0  trial_0297_lr=3.0e-04_weight_decay=0_kernel_sizes=5x5x3_conv_channels=256x256x256_fc_dims=256_seed6  completed  (7.7s)
2026-05-11 21:39:56,773 - INFO - [3012/3780] gpu1  trial_0304_lr=3.0e-03_weight_decay=1.0e-05_kernel_sizes=5x5x3_conv_channels=256x256x256_fc_dims=256_seed5  completed  (7.8s)
2026-05-11 21:39:59,718 - INFO - [3013/3780] gpu0  trial_0297_lr=3.0e-04_weight_decay=0_kernel_sizes=5x5x3_conv_channels=256x256x256_fc_dims=256_seed8  completed  (7.8s)
2026-05-11 21:40:04,471 - INFO - [3014/3780] gpu1  trial_0304_lr=3.0e-03_weight_decay=1.0e-05_kernel_sizes=5x5x3_conv_channels=256x256x256_fc_dims=256_seed7  completed  (7.7s)
2026-05-11 21:40:07,495 - INFO - [3015/3780] gpu0  trial_0298_lr=3.0e-04_weight_decay=1.0e-05_kernel_sizes=5x5x3_conv_channels=256x256x256_fc_dims=256_seed0  completed  (7.8s)
2026-05-11 21:40:12,129 - INFO - [3016/3780] gpu1  trial_0304_lr=3.0e-03_weight_decay=1.0e-05_kernel_sizes=5x5x3_conv_channels=256x256x256_fc_dims=256_seed9  completed  (7.7s)
2026-05-11 21:40:15,316 - INFO - [3017/3780] gpu0  trial_0298_lr=3.0e-04_weight_decay=1.0e-05_kernel_sizes=5x5x3_conv_channels=256x256x256_fc_dims=256_seed2  completed  (7.8s)
2026-05-11 21:40:19,853 - INFO - [3018/3780] gpu1  trial_0305_lr=3.0e-03_weight_decay=1.0e-04_kernel_sizes=5x5x3_conv_channels=256x256x256_fc_dims=256_seed1  completed  (7.7s)
2026-05-11 21:40:23,158 - INFO - [3019/3780] gpu1  trial_0305_lr=3.0e-03_weight_decay=1.0e-04_kernel_sizes=5x5x3_conv_channels=256x256x256_fc_dims=256_seed3  completed  (3.3s)
2026-05-11 21:40:23,204 - INFO - [3020/3780] gpu0  trial_0298_lr=3.0e-04_weight_decay=1.0e-05_kernel_sizes=5x5x3_conv_channels=256x256x256_fc_dims=256_seed4  completed  (7.9s)
2026-05-11 21:40:30,852 - INFO - [3021/3780] gpu1  trial_0305_lr=3.0e-03_weight_decay=1.0e-04_kernel_sizes=5x5x3_conv_channels=256x256x256_fc_dims=256_seed5  completed  (7.7s)
2026-05-11 21:40:31,141 - INFO - [3022/3780] gpu0  trial_0298_lr=3.0e-04_weight_decay=1.0e-05_kernel_sizes=5x5x3_conv_channels=256x256x256_fc_dims=256_seed6  completed  (7.9s)
2026-05-11 21:40:33,101 - INFO - [3023/3780] gpu1  trial_0305_lr=3.0e-03_weight_decay=1.0e-04_kernel_sizes=5x5x3_conv_channels=256x256x256_fc_dims=256_seed7  completed  (2.2s)
2026-05-11 21:40:36,498 - INFO - [3024/3780] gpu1  trial_0305_lr=3.0e-03_weight_decay=1.0e-04_kernel_sizes=5x5x3_conv_channels=256x256x256_fc_dims=256_seed9  completed  (3.4s)
2026-05-11 21:40:38,875 - INFO - [3025/3780] gpu0  trial_0298_lr=3.0e-04_weight_decay=1.0e-05_kernel_sizes=5x5x3_conv_channels=256x256x256_fc_dims=256_seed8  completed  (7.7s)
2026-05-11 21:40:40,199 - INFO - [3026/3780] gpu1  trial_0306_lr=3.0e-04_weight_decay=0_kernel_sizes=5x5x3_conv_channels=256x256x256_fc_dims=512_seed1  completed  (3.7s)
2026-05-11 21:40:43,819 - INFO - [3027/3780] gpu1  trial_0306_lr=3.0e-04_weight_decay=0_kernel_sizes=5x5x3_conv_channels=256x256x256_fc_dims=512_seed3  completed  (3.6s)
2026-05-11 21:40:46,559 - INFO - [3028/3780] gpu0  trial_0299_lr=3.0e-04_weight_decay=1.0e-04_kernel_sizes=5x5x3_conv_channels=256x256x256_fc_dims=256_seed0  completed  (7.7s)
2026-05-11 21:40:47,495 - INFO - [3029/3780] gpu1  trial_0306_lr=3.0e-04_weight_decay=0_kernel_sizes=5x5x3_conv_channels=256x256x256_fc_dims=512_seed5  completed  (3.7s)
2026-05-11 21:40:54,383 - INFO - [3030/3780] gpu0  trial_0299_lr=3.0e-04_weight_decay=1.0e-04_kernel_sizes=5x5x3_conv_channels=256x256x256_fc_dims=256_seed2  completed  (7.8s)
2026-05-11 21:40:55,410 - INFO - [3031/3780] gpu1  trial_0306_lr=3.0e-04_weight_decay=0_kernel_sizes=5x5x3_conv_channels=256x256x256_fc_dims=512_seed7  completed  (7.9s)
2026-05-11 21:40:59,172 - INFO - [3032/3780] gpu1  trial_0306_lr=3.0e-04_weight_decay=0_kernel_sizes=5x5x3_conv_channels=256x256x256_fc_dims=512_seed9  completed  (3.8s)
2026-05-11 21:41:02,177 - INFO - [3033/3780] gpu0  trial_0299_lr=3.0e-04_weight_decay=1.0e-04_kernel_sizes=5x5x3_conv_channels=256x256x256_fc_dims=256_seed4  completed  (7.8s)
2026-05-11 21:41:02,859 - INFO - [3034/3780] gpu1  trial_0307_lr=3.0e-04_weight_decay=1.0e-05_kernel_sizes=5x5x3_conv_channels=256x256x256_fc_dims=512_seed1  completed  (3.7s)
2026-05-11 21:41:06,505 - INFO - [3035/3780] gpu1  trial_0307_lr=3.0e-04_weight_decay=1.0e-05_kernel_sizes=5x5x3_conv_channels=256x256x256_fc_dims=512_seed3  completed  (3.6s)
2026-05-11 21:41:09,873 - INFO - [3036/3780] gpu0  trial_0299_lr=3.0e-04_weight_decay=1.0e-04_kernel_sizes=5x5x3_conv_channels=256x256x256_fc_dims=256_seed6  completed  (7.7s)
2026-05-11 21:41:10,205 - INFO - [3037/3780] gpu1  trial_0307_lr=3.0e-04_weight_decay=1.0e-05_kernel_sizes=5x5x3_conv_channels=256x256x256_fc_dims=512_seed5  completed  (3.7s)
2026-05-11 21:41:17,699 - INFO - [3038/3780] gpu0  trial_0299_lr=3.0e-04_weight_decay=1.0e-04_kernel_sizes=5x5x3_conv_channels=256x256x256_fc_dims=256_seed8  completed  (7.8s)
2026-05-11 21:41:18,183 - INFO - [3039/3780] gpu1  trial_0307_lr=3.0e-04_weight_decay=1.0e-05_kernel_sizes=5x5x3_conv_channels=256x256x256_fc_dims=512_seed7  completed  (8.0s)
2026-05-11 21:41:20,256 - INFO - [3040/3780] gpu0  trial_0300_lr=1.0e-03_weight_decay=0_kernel_sizes=5x5x3_conv_channels=256x256x256_fc_dims=256_seed0  completed  (2.6s)
2026-05-11 21:41:21,871 - INFO - [3041/3780] gpu1  trial_0307_lr=3.0e-04_weight_decay=1.0e-05_kernel_sizes=5x5x3_conv_channels=256x256x256_fc_dims=512_seed9  completed  (3.7s)
2026-05-11 21:41:22,778 - INFO - [3042/3780] gpu0  trial_0300_lr=1.0e-03_weight_decay=0_kernel_sizes=5x5x3_conv_channels=256x256x256_fc_dims=256_seed2  completed  (2.5s)
2026-05-11 21:41:25,248 - INFO - [3043/3780] gpu0  trial_0300_lr=1.0e-03_weight_decay=0_kernel_sizes=5x5x3_conv_channels=256x256x256_fc_dims=256_seed4  completed  (2.5s)
2026-05-11 21:41:25,558 - INFO - [3044/3780] gpu1  trial_0308_lr=3.0e-04_weight_decay=1.0e-04_kernel_sizes=5x5x3_conv_channels=256x256x256_fc_dims=512_seed1  completed  (3.7s)
2026-05-11 21:41:27,776 - INFO - [3045/3780] gpu0  trial_0300_lr=1.0e-03_weight_decay=0_kernel_sizes=5x5x3_conv_channels=256x256x256_fc_dims=256_seed6  completed  (2.5s)
2026-05-11 21:41:29,108 - INFO - [3046/3780] gpu1  trial_0308_lr=3.0e-04_weight_decay=1.0e-04_kernel_sizes=5x5x3_conv_channels=256x256x256_fc_dims=512_seed3  completed  (3.5s)
2026-05-11 21:41:32,758 - INFO - [3047/3780] gpu1  trial_0308_lr=3.0e-04_weight_decay=1.0e-04_kernel_sizes=5x5x3_conv_channels=256x256x256_fc_dims=512_seed5  completed  (3.6s)
2026-05-11 21:41:35,593 - INFO - [3048/3780] gpu0  trial_0300_lr=1.0e-03_weight_decay=0_kernel_sizes=5x5x3_conv_channels=256x256x256_fc_dims=256_seed8  completed  (7.8s)
2026-05-11 21:41:38,192 - INFO - [3049/3780] gpu0  trial_0301_lr=1.0e-03_weight_decay=1.0e-05_kernel_sizes=5x5x3_conv_channels=256x256x256_fc_dims=256_seed0  completed  (2.6s)
2026-05-11 21:41:40,775 - INFO - [3050/3780] gpu1  trial_0308_lr=3.0e-04_weight_decay=1.0e-04_kernel_sizes=5x5x3_conv_channels=256x256x256_fc_dims=512_seed7  completed  (8.0s)
2026-05-11 21:41:40,831 - INFO - [3051/3780] gpu0  trial_0301_lr=1.0e-03_weight_decay=1.0e-05_kernel_sizes=5x5x3_conv_channels=256x256x256_fc_dims=256_seed2  completed  (2.6s)
2026-05-11 21:41:43,278 - INFO - [3052/3780] gpu0  trial_0301_lr=1.0e-03_weight_decay=1.0e-05_kernel_sizes=5x5x3_conv_channels=256x256x256_fc_dims=256_seed4  completed  (2.4s)
2026-05-11 21:41:44,607 - INFO - [3053/3780] gpu1  trial_0308_lr=3.0e-04_weight_decay=1.0e-04_kernel_sizes=5x5x3_conv_channels=256x256x256_fc_dims=512_seed9  completed  (3.8s)
2026-05-11 21:41:46,125 - INFO - [3054/3780] gpu0  trial_0301_lr=1.0e-03_weight_decay=1.0e-05_kernel_sizes=5x5x3_conv_channels=256x256x256_fc_dims=256_seed6  completed  (2.8s)
2026-05-11 21:41:47,564 - INFO - [3055/3780] gpu1  trial_0309_lr=1.0e-03_weight_decay=0_kernel_sizes=5x5x3_conv_channels=256x256x256_fc_dims=512_seed1  completed  (3.0s)
2026-05-11 21:41:48,537 - INFO - [3056/3780] gpu0  trial_0301_lr=1.0e-03_weight_decay=1.0e-05_kernel_sizes=5x5x3_conv_channels=256x256x256_fc_dims=256_seed8  completed  (2.4s)
2026-05-11 21:41:50,325 - INFO - [3057/3780] gpu1  trial_0309_lr=1.0e-03_weight_decay=0_kernel_sizes=5x5x3_conv_channels=256x256x256_fc_dims=512_seed3  completed  (2.8s)
2026-05-11 21:41:50,983 - INFO - [3058/3780] gpu0  trial_0302_lr=1.0e-03_weight_decay=1.0e-04_kernel_sizes=5x5x3_conv_channels=256x256x256_fc_dims=256_seed0  completed  (2.4s)
2026-05-11 21:41:53,385 - INFO - [3059/3780] gpu0  trial_0302_lr=1.0e-03_weight_decay=1.0e-04_kernel_sizes=5x5x3_conv_channels=256x256x256_fc_dims=256_seed2  completed  (2.4s)
2026-05-11 21:41:55,809 - INFO - [3060/3780] gpu0  trial_0302_lr=1.0e-03_weight_decay=1.0e-04_kernel_sizes=5x5x3_conv_channels=256x256x256_fc_dims=256_seed4  completed  (2.4s)
2026-05-11 21:41:58,273 - INFO - [3061/3780] gpu0  trial_0302_lr=1.0e-03_weight_decay=1.0e-04_kernel_sizes=5x5x3_conv_channels=256x256x256_fc_dims=256_seed6  completed  (2.5s)
2026-05-11 21:41:58,348 - INFO - [3062/3780] gpu1  trial_0309_lr=1.0e-03_weight_decay=0_kernel_sizes=5x5x3_conv_channels=256x256x256_fc_dims=512_seed5  completed  (8.0s)
2026-05-11 21:42:00,692 - INFO - [3063/3780] gpu0  trial_0302_lr=1.0e-03_weight_decay=1.0e-04_kernel_sizes=5x5x3_conv_channels=256x256x256_fc_dims=256_seed8  completed  (2.4s)
2026-05-11 21:42:06,235 - INFO - [3064/3780] gpu1  trial_0309_lr=1.0e-03_weight_decay=0_kernel_sizes=5x5x3_conv_channels=256x256x256_fc_dims=512_seed7  completed  (7.9s)
2026-05-11 21:42:08,430 - INFO - [3065/3780] gpu0  trial_0303_lr=3.0e-03_weight_decay=0_kernel_sizes=5x5x3_conv_channels=256x256x256_fc_dims=256_seed0  completed  (7.7s)
2026-05-11 21:42:09,321 - INFO - [3066/3780] gpu1  trial_0309_lr=1.0e-03_weight_decay=0_kernel_sizes=5x5x3_conv_channels=256x256x256_fc_dims=512_seed9  completed  (3.1s)
2026-05-11 21:42:12,369 - INFO - [3067/3780] gpu1  trial_0310_lr=1.0e-03_weight_decay=1.0e-05_kernel_sizes=5x5x3_conv_channels=256x256x256_fc_dims=512_seed1  completed  (3.0s)
2026-05-11 21:42:15,203 - INFO - [3068/3780] gpu1  trial_0310_lr=1.0e-03_weight_decay=1.0e-05_kernel_sizes=5x5x3_conv_channels=256x256x256_fc_dims=512_seed3  completed  (2.8s)
2026-05-11 21:42:16,186 - INFO - [3069/3780] gpu0  trial_0303_lr=3.0e-03_weight_decay=0_kernel_sizes=5x5x3_conv_channels=256x256x256_fc_dims=256_seed2  completed  (7.8s)
2026-05-11 21:42:23,294 - INFO - [3070/3780] gpu1  trial_0310_lr=1.0e-03_weight_decay=1.0e-05_kernel_sizes=5x5x3_conv_channels=256x256x256_fc_dims=512_seed5  completed  (8.1s)
2026-05-11 21:42:23,847 - INFO - [3071/3780] gpu0  trial_0303_lr=3.0e-03_weight_decay=0_kernel_sizes=5x5x3_conv_channels=256x256x256_fc_dims=256_seed4  completed  (7.7s)
2026-05-11 21:42:31,153 - INFO - [3072/3780] gpu1  trial_0310_lr=1.0e-03_weight_decay=1.0e-05_kernel_sizes=5x5x3_conv_channels=256x256x256_fc_dims=512_seed7  completed  (7.9s)
2026-05-11 21:42:31,687 - INFO - [3073/3780] gpu0  trial_0303_lr=3.0e-03_weight_decay=0_kernel_sizes=5x5x3_conv_channels=256x256x256_fc_dims=256_seed6  completed  (7.8s)
2026-05-11 21:42:34,241 - INFO - [3074/3780] gpu1  trial_0310_lr=1.0e-03_weight_decay=1.0e-05_kernel_sizes=5x5x3_conv_channels=256x256x256_fc_dims=512_seed9  completed  (3.1s)
2026-05-11 21:42:39,445 - INFO - [3075/3780] gpu0  trial_0303_lr=3.0e-03_weight_decay=0_kernel_sizes=5x5x3_conv_channels=256x256x256_fc_dims=256_seed8  completed  (7.8s)
2026-05-11 21:42:42,325 - INFO - [3076/3780] gpu1  trial_0311_lr=1.0e-03_weight_decay=1.0e-04_kernel_sizes=5x5x3_conv_channels=256x256x256_fc_dims=512_seed1  completed  (8.1s)
2026-05-11 21:42:45,322 - INFO - [3077/3780] gpu1  trial_0311_lr=1.0e-03_weight_decay=1.0e-04_kernel_sizes=5x5x3_conv_channels=256x256x256_fc_dims=512_seed3  completed  (3.0s)
2026-05-11 21:42:47,228 - INFO - [3078/3780] gpu0  trial_0304_lr=3.0e-03_weight_decay=1.0e-05_kernel_sizes=5x5x3_conv_channels=256x256x256_fc_dims=256_seed0  completed  (7.8s)
2026-05-11 21:42:47,796 - INFO - [3079/3780] gpu1  trial_0311_lr=1.0e-03_weight_decay=1.0e-04_kernel_sizes=5x5x3_conv_channels=256x256x256_fc_dims=512_seed5  completed  (2.5s)
2026-05-11 21:42:55,097 - INFO - [3080/3780] gpu0  trial_0304_lr=3.0e-03_weight_decay=1.0e-05_kernel_sizes=5x5x3_conv_channels=256x256x256_fc_dims=256_seed2  completed  (7.9s)
2026-05-11 21:42:55,682 - INFO - [3081/3780] gpu1  trial_0311_lr=1.0e-03_weight_decay=1.0e-04_kernel_sizes=5x5x3_conv_channels=256x256x256_fc_dims=512_seed7  completed  (7.9s)
2026-05-11 21:42:58,138 - INFO - [3082/3780] gpu1  trial_0311_lr=1.0e-03_weight_decay=1.0e-04_kernel_sizes=5x5x3_conv_channels=256x256x256_fc_dims=512_seed9  completed  (2.5s)
2026-05-11 21:43:02,880 - INFO - [3083/3780] gpu0  trial_0304_lr=3.0e-03_weight_decay=1.0e-05_kernel_sizes=5x5x3_conv_channels=256x256x256_fc_dims=256_seed4  completed  (7.8s)
2026-05-11 21:43:05,990 - INFO - [3084/3780] gpu1  trial_0312_lr=3.0e-03_weight_decay=0_kernel_sizes=5x5x3_conv_channels=256x256x256_fc_dims=512_seed1  completed  (7.9s)
2026-05-11 21:43:10,683 - INFO - [3085/3780] gpu0  trial_0304_lr=3.0e-03_weight_decay=1.0e-05_kernel_sizes=5x5x3_conv_channels=256x256x256_fc_dims=256_seed6  completed  (7.8s)
2026-05-11 21:43:13,887 - INFO - [3086/3780] gpu1  trial_0312_lr=3.0e-03_weight_decay=0_kernel_sizes=5x5x3_conv_channels=256x256x256_fc_dims=512_seed3  completed  (7.9s)
2026-05-11 21:43:18,615 - INFO - [3087/3780] gpu0  trial_0304_lr=3.0e-03_weight_decay=1.0e-05_kernel_sizes=5x5x3_conv_channels=256x256x256_fc_dims=256_seed8  completed  (7.9s)
2026-05-11 21:43:21,719 - INFO - [3088/3780] gpu1  trial_0312_lr=3.0e-03_weight_decay=0_kernel_sizes=5x5x3_conv_channels=256x256x256_fc_dims=512_seed5  completed  (7.8s)
2026-05-11 21:43:26,359 - INFO - [3089/3780] gpu0  trial_0305_lr=3.0e-03_weight_decay=1.0e-04_kernel_sizes=5x5x3_conv_channels=256x256x256_fc_dims=256_seed0  completed  (7.7s)
2026-05-11 21:43:29,633 - INFO - [3090/3780] gpu1  trial_0312_lr=3.0e-03_weight_decay=0_kernel_sizes=5x5x3_conv_channels=256x256x256_fc_dims=512_seed7  completed  (7.9s)
2026-05-11 21:43:29,833 - INFO - [3091/3780] gpu0  trial_0305_lr=3.0e-03_weight_decay=1.0e-04_kernel_sizes=5x5x3_conv_channels=256x256x256_fc_dims=256_seed2  completed  (3.5s)
2026-05-11 21:43:35,802 - INFO - [3092/3780] gpu0  trial_0305_lr=3.0e-03_weight_decay=1.0e-04_kernel_sizes=5x5x3_conv_channels=256x256x256_fc_dims=256_seed4  completed  (6.0s)
2026-05-11 21:43:37,393 - INFO - [3093/3780] gpu1  trial_0312_lr=3.0e-03_weight_decay=0_kernel_sizes=5x5x3_conv_channels=256x256x256_fc_dims=512_seed9  completed  (7.8s)
2026-05-11 21:43:43,539 - INFO - [3094/3780] gpu0  trial_0305_lr=3.0e-03_weight_decay=1.0e-04_kernel_sizes=5x5x3_conv_channels=256x256x256_fc_dims=256_seed6  completed  (7.7s)
2026-05-11 21:43:45,335 - INFO - [3095/3780] gpu1  trial_0313_lr=3.0e-03_weight_decay=1.0e-05_kernel_sizes=5x5x3_conv_channels=256x256x256_fc_dims=512_seed1  completed  (7.9s)
2026-05-11 21:43:51,319 - INFO - [3096/3780] gpu0  trial_0305_lr=3.0e-03_weight_decay=1.0e-04_kernel_sizes=5x5x3_conv_channels=256x256x256_fc_dims=256_seed8  completed  (7.8s)
2026-05-11 21:43:53,270 - INFO - [3097/3780] gpu1  trial_0313_lr=3.0e-03_weight_decay=1.0e-05_kernel_sizes=5x5x3_conv_channels=256x256x256_fc_dims=512_seed3  completed  (7.9s)
2026-05-11 21:43:55,087 - INFO - [3098/3780] gpu0  trial_0306_lr=3.0e-04_weight_decay=0_kernel_sizes=5x5x3_conv_channels=256x256x256_fc_dims=512_seed0  completed  (3.8s)
2026-05-11 21:43:58,816 - INFO - [3099/3780] gpu0  trial_0306_lr=3.0e-04_weight_decay=0_kernel_sizes=5x5x3_conv_channels=256x256x256_fc_dims=512_seed2  completed  (3.7s)
2026-05-11 21:44:01,290 - INFO - [3100/3780] gpu1  trial_0313_lr=3.0e-03_weight_decay=1.0e-05_kernel_sizes=5x5x3_conv_channels=256x256x256_fc_dims=512_seed5  completed  (8.0s)
2026-05-11 21:44:02,604 - INFO - [3101/3780] gpu0  trial_0306_lr=3.0e-04_weight_decay=0_kernel_sizes=5x5x3_conv_channels=256x256x256_fc_dims=512_seed4  completed  (3.8s)
2026-05-11 21:44:06,375 - INFO - [3102/3780] gpu0  trial_0306_lr=3.0e-04_weight_decay=0_kernel_sizes=5x5x3_conv_channels=256x256x256_fc_dims=512_seed6  completed  (3.8s)
2026-05-11 21:44:09,144 - INFO - [3103/3780] gpu1  trial_0313_lr=3.0e-03_weight_decay=1.0e-05_kernel_sizes=5x5x3_conv_channels=256x256x256_fc_dims=512_seed7  completed  (7.9s)
2026-05-11 21:44:10,102 - INFO - [3104/3780] gpu0  trial_0306_lr=3.0e-04_weight_decay=0_kernel_sizes=5x5x3_conv_channels=256x256x256_fc_dims=512_seed8  completed  (3.7s)
2026-05-11 21:44:13,865 - INFO - [3105/3780] gpu0  trial_0307_lr=3.0e-04_weight_decay=1.0e-05_kernel_sizes=5x5x3_conv_channels=256x256x256_fc_dims=512_seed0  completed  (3.8s)
2026-05-11 21:44:16,933 - INFO - [3106/3780] gpu1  trial_0313_lr=3.0e-03_weight_decay=1.0e-05_kernel_sizes=5x5x3_conv_channels=256x256x256_fc_dims=512_seed9  completed  (7.8s)
2026-05-11 21:44:17,625 - INFO - [3107/3780] gpu0  trial_0307_lr=3.0e-04_weight_decay=1.0e-05_kernel_sizes=5x5x3_conv_channels=256x256x256_fc_dims=512_seed2  completed  (3.8s)
2026-05-11 21:44:21,371 - INFO - [3108/3780] gpu0  trial_0307_lr=3.0e-04_weight_decay=1.0e-05_kernel_sizes=5x5x3_conv_channels=256x256x256_fc_dims=512_seed4  completed  (3.7s)
2026-05-11 21:44:24,724 - INFO - [3109/3780] gpu1  trial_0314_lr=3.0e-03_weight_decay=1.0e-04_kernel_sizes=5x5x3_conv_channels=256x256x256_fc_dims=512_seed1  completed  (7.8s)
2026-05-11 21:44:27,764 - INFO - [3110/3780] gpu1  trial_0314_lr=3.0e-03_weight_decay=1.0e-04_kernel_sizes=5x5x3_conv_channels=256x256x256_fc_dims=512_seed3  completed  (3.0s)
2026-05-11 21:44:29,349 - INFO - [3111/3780] gpu0  trial_0307_lr=3.0e-04_weight_decay=1.0e-05_kernel_sizes=5x5x3_conv_channels=256x256x256_fc_dims=512_seed6  completed  (8.0s)
2026-05-11 21:44:31,132 - INFO - [3112/3780] gpu1  trial_0314_lr=3.0e-03_weight_decay=1.0e-04_kernel_sizes=5x5x3_conv_channels=256x256x256_fc_dims=512_seed5  completed  (3.4s)
2026-05-11 21:44:33,096 - INFO - [3113/3780] gpu0  trial_0307_lr=3.0e-04_weight_decay=1.0e-05_kernel_sizes=5x5x3_conv_channels=256x256x256_fc_dims=512_seed8  completed  (3.7s)
2026-05-11 21:44:36,896 - INFO - [3114/3780] gpu0  trial_0308_lr=3.0e-04_weight_decay=1.0e-04_kernel_sizes=5x5x3_conv_channels=256x256x256_fc_dims=512_seed0  completed  (3.8s)
2026-05-11 21:44:38,949 - INFO - [3115/3780] gpu1  trial_0314_lr=3.0e-03_weight_decay=1.0e-04_kernel_sizes=5x5x3_conv_channels=256x256x256_fc_dims=512_seed7  completed  (7.8s)
2026-05-11 21:44:40,660 - INFO - [3116/3780] gpu0  trial_0308_lr=3.0e-04_weight_decay=1.0e-04_kernel_sizes=5x5x3_conv_channels=256x256x256_fc_dims=512_seed2  completed  (3.8s)
2026-05-11 21:44:42,206 - INFO - [3117/3780] gpu1  trial_0314_lr=3.0e-03_weight_decay=1.0e-04_kernel_sizes=5x5x3_conv_channels=256x256x256_fc_dims=512_seed9  completed  (3.3s)
2026-05-11 21:44:44,405 - INFO - [3118/3780] gpu0  trial_0308_lr=3.0e-04_weight_decay=1.0e-04_kernel_sizes=5x5x3_conv_channels=256x256x256_fc_dims=512_seed4  completed  (3.7s)
2026-05-11 21:44:45,646 - INFO - [3119/3780] gpu1  trial_0315_lr=3.0e-04_weight_decay=0_kernel_sizes=5x5x3_conv_channels=256x256x256_fc_dims=512x256_seed1  completed  (3.4s)
2026-05-11 21:44:48,985 - INFO - [3120/3780] gpu1  trial_0315_lr=3.0e-04_weight_decay=0_kernel_sizes=5x5x3_conv_channels=256x256x256_fc_dims=512x256_seed3  completed  (3.3s)
2026-05-11 21:44:52,323 - INFO - [3121/3780] gpu0  trial_0308_lr=3.0e-04_weight_decay=1.0e-04_kernel_sizes=5x5x3_conv_channels=256x256x256_fc_dims=512_seed6  completed  (7.9s)
2026-05-11 21:44:52,490 - INFO - [3122/3780] gpu1  trial_0315_lr=3.0e-04_weight_decay=0_kernel_sizes=5x5x3_conv_channels=256x256x256_fc_dims=512x256_seed5  completed  (3.5s)
2026-05-11 21:44:55,740 - INFO - [3123/3780] gpu1  trial_0315_lr=3.0e-04_weight_decay=0_kernel_sizes=5x5x3_conv_channels=256x256x256_fc_dims=512x256_seed7  completed  (3.2s)
2026-05-11 21:44:56,157 - INFO - [3124/3780] gpu0  trial_0308_lr=3.0e-04_weight_decay=1.0e-04_kernel_sizes=5x5x3_conv_channels=256x256x256_fc_dims=512_seed8  completed  (3.8s)
2026-05-11 21:44:59,261 - INFO - [3125/3780] gpu1  trial_0315_lr=3.0e-04_weight_decay=0_kernel_sizes=5x5x3_conv_channels=256x256x256_fc_dims=512x256_seed9  completed  (3.5s)
2026-05-11 21:45:02,717 - INFO - [3126/3780] gpu1  trial_0316_lr=3.0e-04_weight_decay=1.0e-05_kernel_sizes=5x5x3_conv_channels=256x256x256_fc_dims=512x256_seed1  completed  (3.5s)
2026-05-11 21:45:04,191 - INFO - [3127/3780] gpu0  trial_0309_lr=1.0e-03_weight_decay=0_kernel_sizes=5x5x3_conv_channels=256x256x256_fc_dims=512_seed0  completed  (8.0s)
2026-05-11 21:45:06,119 - INFO - [3128/3780] gpu1  trial_0316_lr=3.0e-04_weight_decay=1.0e-05_kernel_sizes=5x5x3_conv_channels=256x256x256_fc_dims=512x256_seed3  completed  (3.4s)
2026-05-11 21:45:09,741 - INFO - [3129/3780] gpu1  trial_0316_lr=3.0e-04_weight_decay=1.0e-05_kernel_sizes=5x5x3_conv_channels=256x256x256_fc_dims=512x256_seed5  completed  (3.6s)
2026-05-11 21:45:12,186 - INFO - [3130/3780] gpu0  trial_0309_lr=1.0e-03_weight_decay=0_kernel_sizes=5x5x3_conv_channels=256x256x256_fc_dims=512_seed2  completed  (8.0s)
2026-05-11 21:45:13,270 - INFO - [3131/3780] gpu1  trial_0316_lr=3.0e-04_weight_decay=1.0e-05_kernel_sizes=5x5x3_conv_channels=256x256x256_fc_dims=512x256_seed7  completed  (3.5s)
2026-05-11 21:45:15,248 - INFO - [3132/3780] gpu0  trial_0309_lr=1.0e-03_weight_decay=0_kernel_sizes=5x5x3_conv_channels=256x256x256_fc_dims=512_seed4  completed  (3.1s)
2026-05-11 21:45:16,789 - INFO - [3133/3780] gpu1  trial_0316_lr=3.0e-04_weight_decay=1.0e-05_kernel_sizes=5x5x3_conv_channels=256x256x256_fc_dims=512x256_seed9  completed  (3.5s)
2026-05-11 21:45:18,347 - INFO - [3134/3780] gpu0  trial_0309_lr=1.0e-03_weight_decay=0_kernel_sizes=5x5x3_conv_channels=256x256x256_fc_dims=512_seed6  completed  (3.1s)
2026-05-11 21:45:20,169 - INFO - [3135/3780] gpu1  trial_0317_lr=3.0e-04_weight_decay=1.0e-04_kernel_sizes=5x5x3_conv_channels=256x256x256_fc_dims=512x256_seed1  completed  (3.4s)
2026-05-11 21:45:21,429 - INFO - [3136/3780] gpu0  trial_0309_lr=1.0e-03_weight_decay=0_kernel_sizes=5x5x3_conv_channels=256x256x256_fc_dims=512_seed8  completed  (3.1s)
2026-05-11 21:45:23,527 - INFO - [3137/3780] gpu1  trial_0317_lr=3.0e-04_weight_decay=1.0e-04_kernel_sizes=5x5x3_conv_channels=256x256x256_fc_dims=512x256_seed3  completed  (3.4s)
2026-05-11 21:45:27,043 - INFO - [3138/3780] gpu1  trial_0317_lr=3.0e-04_weight_decay=1.0e-04_kernel_sizes=5x5x3_conv_channels=256x256x256_fc_dims=512x256_seed5  completed  (3.5s)
2026-05-11 21:45:29,485 - INFO - [3139/3780] gpu0  trial_0310_lr=1.0e-03_weight_decay=1.0e-05_kernel_sizes=5x5x3_conv_channels=256x256x256_fc_dims=512_seed0  completed  (8.1s)
2026-05-11 21:45:30,303 - INFO - [3140/3780] gpu1  trial_0317_lr=3.0e-04_weight_decay=1.0e-04_kernel_sizes=5x5x3_conv_channels=256x256x256_fc_dims=512x256_seed7  completed  (3.3s)
2026-05-11 21:45:33,796 - INFO - [3141/3780] gpu1  trial_0317_lr=3.0e-04_weight_decay=1.0e-04_kernel_sizes=5x5x3_conv_channels=256x256x256_fc_dims=512x256_seed9  completed  (3.5s)
2026-05-11 21:45:37,374 - INFO - [3142/3780] gpu0  trial_0310_lr=1.0e-03_weight_decay=1.0e-05_kernel_sizes=5x5x3_conv_channels=256x256x256_fc_dims=512_seed2  completed  (7.9s)
2026-05-11 21:45:40,488 - INFO - [3143/3780] gpu0  trial_0310_lr=1.0e-03_weight_decay=1.0e-05_kernel_sizes=5x5x3_conv_channels=256x256x256_fc_dims=512_seed4  completed  (3.1s)
2026-05-11 21:45:42,074 - INFO - [3144/3780] gpu1  trial_0318_lr=1.0e-03_weight_decay=0_kernel_sizes=5x5x3_conv_channels=256x256x256_fc_dims=512x256_seed1  completed  (8.3s)
2026-05-11 21:45:43,544 - INFO - [3145/3780] gpu0  trial_0310_lr=1.0e-03_weight_decay=1.0e-05_kernel_sizes=5x5x3_conv_channels=256x256x256_fc_dims=512_seed6  completed  (3.1s)
2026-05-11 21:45:44,789 - INFO - [3146/3780] gpu1  trial_0318_lr=1.0e-03_weight_decay=0_kernel_sizes=5x5x3_conv_channels=256x256x256_fc_dims=512x256_seed3  completed  (2.7s)
2026-05-11 21:45:46,612 - INFO - [3147/3780] gpu0  trial_0310_lr=1.0e-03_weight_decay=1.0e-05_kernel_sizes=5x5x3_conv_channels=256x256x256_fc_dims=512_seed8  completed  (3.1s)
2026-05-11 21:45:47,502 - INFO - [3148/3780] gpu1  trial_0318_lr=1.0e-03_weight_decay=0_kernel_sizes=5x5x3_conv_channels=256x256x256_fc_dims=512x256_seed5  completed  (2.7s)
2026-05-11 21:45:49,563 - INFO - [3149/3780] gpu0  trial_0311_lr=1.0e-03_weight_decay=1.0e-04_kernel_sizes=5x5x3_conv_channels=256x256x256_fc_dims=512_seed0  completed  (3.0s)
2026-05-11 21:45:50,079 - INFO - [3150/3780] gpu1  trial_0318_lr=1.0e-03_weight_decay=0_kernel_sizes=5x5x3_conv_channels=256x256x256_fc_dims=512x256_seed7  completed  (2.6s)
2026-05-11 21:45:57,555 - INFO - [3151/3780] gpu0  trial_0311_lr=1.0e-03_weight_decay=1.0e-04_kernel_sizes=5x5x3_conv_channels=256x256x256_fc_dims=512_seed2  completed  (8.0s)
2026-05-11 21:45:58,317 - INFO - [3152/3780] gpu1  trial_0318_lr=1.0e-03_weight_decay=0_kernel_sizes=5x5x3_conv_channels=256x256x256_fc_dims=512x256_seed9  completed  (8.2s)
2026-05-11 21:46:00,661 - INFO - [3153/3780] gpu0  trial_0311_lr=1.0e-03_weight_decay=1.0e-04_kernel_sizes=5x5x3_conv_channels=256x256x256_fc_dims=512_seed4  completed  (3.1s)
2026-05-11 21:46:03,731 - INFO - [3154/3780] gpu0  trial_0311_lr=1.0e-03_weight_decay=1.0e-04_kernel_sizes=5x5x3_conv_channels=256x256x256_fc_dims=512_seed6  completed  (3.1s)
2026-05-11 21:46:06,405 - INFO - [3155/3780] gpu1  trial_0319_lr=1.0e-03_weight_decay=1.0e-05_kernel_sizes=5x5x3_conv_channels=256x256x256_fc_dims=512x256_seed1  completed  (8.1s)
2026-05-11 21:46:06,825 - INFO - [3156/3780] gpu0  trial_0311_lr=1.0e-03_weight_decay=1.0e-04_kernel_sizes=5x5x3_conv_channels=256x256x256_fc_dims=512_seed8  completed  (3.1s)
2026-05-11 21:46:09,134 - INFO - [3157/3780] gpu1  trial_0319_lr=1.0e-03_weight_decay=1.0e-05_kernel_sizes=5x5x3_conv_channels=256x256x256_fc_dims=512x256_seed3  completed  (2.7s)
2026-05-11 21:46:11,862 - INFO - [3158/3780] gpu1  trial_0319_lr=1.0e-03_weight_decay=1.0e-05_kernel_sizes=5x5x3_conv_channels=256x256x256_fc_dims=512x256_seed5  completed  (2.7s)
2026-05-11 21:46:14,481 - INFO - [3159/3780] gpu1  trial_0319_lr=1.0e-03_weight_decay=1.0e-05_kernel_sizes=5x5x3_conv_channels=256x256x256_fc_dims=512x256_seed7  completed  (2.6s)
2026-05-11 21:46:14,657 - INFO - [3160/3780] gpu0  trial_0312_lr=3.0e-03_weight_decay=0_kernel_sizes=5x5x3_conv_channels=256x256x256_fc_dims=512_seed0  completed  (7.8s)
2026-05-11 21:46:22,594 - INFO - [3161/3780] gpu0  trial_0312_lr=3.0e-03_weight_decay=0_kernel_sizes=5x5x3_conv_channels=256x256x256_fc_dims=512_seed2  completed  (7.9s)
2026-05-11 21:46:22,821 - INFO - [3162/3780] gpu1  trial_0319_lr=1.0e-03_weight_decay=1.0e-05_kernel_sizes=5x5x3_conv_channels=256x256x256_fc_dims=512x256_seed9  completed  (8.3s)
2026-05-11 21:46:25,800 - INFO - [3163/3780] gpu1  trial_0320_lr=1.0e-03_weight_decay=1.0e-04_kernel_sizes=5x5x3_conv_channels=256x256x256_fc_dims=512x256_seed1  completed  (3.0s)
2026-05-11 21:46:28,575 - INFO - [3164/3780] gpu1  trial_0320_lr=1.0e-03_weight_decay=1.0e-04_kernel_sizes=5x5x3_conv_channels=256x256x256_fc_dims=512x256_seed3  completed  (2.8s)
2026-05-11 21:46:30,681 - INFO - [3165/3780] gpu0  trial_0312_lr=3.0e-03_weight_decay=0_kernel_sizes=5x5x3_conv_channels=256x256x256_fc_dims=512_seed4  completed  (8.1s)
2026-05-11 21:46:31,316 - INFO - [3166/3780] gpu1  trial_0320_lr=1.0e-03_weight_decay=1.0e-04_kernel_sizes=5x5x3_conv_channels=256x256x256_fc_dims=512x256_seed5  completed  (2.7s)
2026-05-11 21:46:33,914 - INFO - [3167/3780] gpu1  trial_0320_lr=1.0e-03_weight_decay=1.0e-04_kernel_sizes=5x5x3_conv_channels=256x256x256_fc_dims=512x256_seed7  completed  (2.6s)
2026-05-11 21:46:37,086 - INFO - [3168/3780] gpu1  trial_0320_lr=1.0e-03_weight_decay=1.0e-04_kernel_sizes=5x5x3_conv_channels=256x256x256_fc_dims=512x256_seed9  completed  (3.2s)
2026-05-11 21:46:38,598 - INFO - [3169/3780] gpu0  trial_0312_lr=3.0e-03_weight_decay=0_kernel_sizes=5x5x3_conv_channels=256x256x256_fc_dims=512_seed6  completed  (7.9s)
2026-05-11 21:46:43,001 - INFO - [3170/3780] gpu1  trial_0321_lr=3.0e-03_weight_decay=0_kernel_sizes=5x5x3_conv_channels=256x256x256_fc_dims=512x256_seed1  completed  (5.9s)
2026-05-11 21:46:46,633 - INFO - [3171/3780] gpu0  trial_0312_lr=3.0e-03_weight_decay=0_kernel_sizes=5x5x3_conv_channels=256x256x256_fc_dims=512_seed8  completed  (8.0s)
2026-05-11 21:46:51,112 - INFO - [3172/3780] gpu1  trial_0321_lr=3.0e-03_weight_decay=0_kernel_sizes=5x5x3_conv_channels=256x256x256_fc_dims=512x256_seed3  completed  (8.1s)
2026-05-11 21:46:53,338 - INFO - [3173/3780] gpu1  trial_0321_lr=3.0e-03_weight_decay=0_kernel_sizes=5x5x3_conv_channels=256x256x256_fc_dims=512x256_seed5  completed  (2.2s)
2026-05-11 21:46:54,651 - INFO - [3174/3780] gpu0  trial_0313_lr=3.0e-03_weight_decay=1.0e-05_kernel_sizes=5x5x3_conv_channels=256x256x256_fc_dims=512_seed0  completed  (8.0s)
2026-05-11 21:47:01,603 - INFO - [3175/3780] gpu1  trial_0321_lr=3.0e-03_weight_decay=0_kernel_sizes=5x5x3_conv_channels=256x256x256_fc_dims=512x256_seed7  completed  (8.3s)
2026-05-11 21:47:02,690 - INFO - [3176/3780] gpu0  trial_0313_lr=3.0e-03_weight_decay=1.0e-05_kernel_sizes=5x5x3_conv_channels=256x256x256_fc_dims=512_seed2  completed  (8.0s)
2026-05-11 21:47:09,792 - INFO - [3177/3780] gpu1  trial_0321_lr=3.0e-03_weight_decay=0_kernel_sizes=5x5x3_conv_channels=256x256x256_fc_dims=512x256_seed9  completed  (8.2s)
2026-05-11 21:47:10,709 - INFO - [3178/3780] gpu0  trial_0313_lr=3.0e-03_weight_decay=1.0e-05_kernel_sizes=5x5x3_conv_channels=256x256x256_fc_dims=512_seed4  completed  (8.0s)
2026-05-11 21:47:18,080 - INFO - [3179/3780] gpu1  trial_0322_lr=3.0e-03_weight_decay=1.0e-05_kernel_sizes=5x5x3_conv_channels=256x256x256_fc_dims=512x256_seed1  completed  (8.3s)
2026-05-11 21:47:18,760 - INFO - [3180/3780] gpu0  trial_0313_lr=3.0e-03_weight_decay=1.0e-05_kernel_sizes=5x5x3_conv_channels=256x256x256_fc_dims=512_seed6  completed  (8.0s)
2026-05-11 21:47:26,493 - INFO - [3181/3780] gpu1  trial_0322_lr=3.0e-03_weight_decay=1.0e-05_kernel_sizes=5x5x3_conv_channels=256x256x256_fc_dims=512x256_seed3  completed  (8.4s)
2026-05-11 21:47:26,745 - INFO - [3182/3780] gpu0  trial_0313_lr=3.0e-03_weight_decay=1.0e-05_kernel_sizes=5x5x3_conv_channels=256x256x256_fc_dims=512_seed8  completed  (8.0s)
2026-05-11 21:47:28,686 - INFO - [3183/3780] gpu1  trial_0322_lr=3.0e-03_weight_decay=1.0e-05_kernel_sizes=5x5x3_conv_channels=256x256x256_fc_dims=512x256_seed5  completed  (2.2s)
2026-05-11 21:47:34,707 - INFO - [3184/3780] gpu0  trial_0314_lr=3.0e-03_weight_decay=1.0e-04_kernel_sizes=5x5x3_conv_channels=256x256x256_fc_dims=512_seed0  completed  (8.0s)
2026-05-11 21:47:36,969 - INFO - [3185/3780] gpu1  trial_0322_lr=3.0e-03_weight_decay=1.0e-05_kernel_sizes=5x5x3_conv_channels=256x256x256_fc_dims=512x256_seed7  completed  (8.3s)
2026-05-11 21:47:37,923 - INFO - [3186/3780] gpu0  trial_0314_lr=3.0e-03_weight_decay=1.0e-04_kernel_sizes=5x5x3_conv_channels=256x256x256_fc_dims=512_seed2  completed  (3.2s)
2026-05-11 21:47:40,959 - INFO - [3187/3780] gpu0  trial_0314_lr=3.0e-03_weight_decay=1.0e-04_kernel_sizes=5x5x3_conv_channels=256x256x256_fc_dims=512_seed4  completed  (3.0s)
2026-05-11 21:47:44,056 - INFO - [3188/3780] gpu0  trial_0314_lr=3.0e-03_weight_decay=1.0e-04_kernel_sizes=5x5x3_conv_channels=256x256x256_fc_dims=512_seed6  completed  (3.1s)
2026-05-11 21:47:45,126 - INFO - [3189/3780] gpu1  trial_0322_lr=3.0e-03_weight_decay=1.0e-05_kernel_sizes=5x5x3_conv_channels=256x256x256_fc_dims=512x256_seed9  completed  (8.2s)
2026-05-11 21:47:47,190 - INFO - [3190/3780] gpu0  trial_0314_lr=3.0e-03_weight_decay=1.0e-04_kernel_sizes=5x5x3_conv_channels=256x256x256_fc_dims=512_seed8  completed  (3.1s)
2026-05-11 21:47:50,589 - INFO - [3191/3780] gpu0  trial_0315_lr=3.0e-04_weight_decay=0_kernel_sizes=5x5x3_conv_channels=256x256x256_fc_dims=512x256_seed0  completed  (3.4s)
2026-05-11 21:47:53,560 - INFO - [3192/3780] gpu1  trial_0323_lr=3.0e-03_weight_decay=1.0e-04_kernel_sizes=5x5x3_conv_channels=256x256x256_fc_dims=512x256_seed1  completed  (8.4s)
2026-05-11 21:47:54,010 - INFO - [3193/3780] gpu0  trial_0315_lr=3.0e-04_weight_decay=0_kernel_sizes=5x5x3_conv_channels=256x256x256_fc_dims=512x256_seed2  completed  (3.4s)
2026-05-11 21:47:55,724 - INFO - [3194/3780] gpu1  trial_0323_lr=3.0e-03_weight_decay=1.0e-04_kernel_sizes=5x5x3_conv_channels=256x256x256_fc_dims=512x256_seed3  completed  (2.2s)
2026-05-11 21:47:57,410 - INFO - [3195/3780] gpu0  trial_0315_lr=3.0e-04_weight_decay=0_kernel_sizes=5x5x3_conv_channels=256x256x256_fc_dims=512x256_seed4  completed  (3.4s)
2026-05-11 21:47:57,931 - INFO - [3196/3780] gpu1  trial_0323_lr=3.0e-03_weight_decay=1.0e-04_kernel_sizes=5x5x3_conv_channels=256x256x256_fc_dims=512x256_seed5  completed  (2.2s)
2026-05-11 21:48:00,780 - INFO - [3197/3780] gpu0  trial_0315_lr=3.0e-04_weight_decay=0_kernel_sizes=5x5x3_conv_channels=256x256x256_fc_dims=512x256_seed6  completed  (3.4s)
2026-05-11 21:48:04,001 - INFO - [3198/3780] gpu0  trial_0315_lr=3.0e-04_weight_decay=0_kernel_sizes=5x5x3_conv_channels=256x256x256_fc_dims=512x256_seed8  completed  (3.2s)
2026-05-11 21:48:06,027 - INFO - [3199/3780] gpu1  trial_0323_lr=3.0e-03_weight_decay=1.0e-04_kernel_sizes=5x5x3_conv_channels=256x256x256_fc_dims=512x256_seed7  completed  (8.1s)
2026-05-11 21:48:07,371 - INFO - [3200/3780] gpu0  trial_0316_lr=3.0e-04_weight_decay=1.0e-05_kernel_sizes=5x5x3_conv_channels=256x256x256_fc_dims=512x256_seed0  completed  (3.4s)
2026-05-11 21:48:10,787 - INFO - [3201/3780] gpu0  trial_0316_lr=3.0e-04_weight_decay=1.0e-05_kernel_sizes=5x5x3_conv_channels=256x256x256_fc_dims=512x256_seed2  completed  (3.4s)
2026-05-11 21:48:14,292 - INFO - [3202/3780] gpu0  trial_0316_lr=3.0e-04_weight_decay=1.0e-05_kernel_sizes=5x5x3_conv_channels=256x256x256_fc_dims=512x256_seed4  completed  (3.5s)
2026-05-11 21:48:14,351 - INFO - [3203/3780] gpu1  trial_0323_lr=3.0e-03_weight_decay=1.0e-04_kernel_sizes=5x5x3_conv_channels=256x256x256_fc_dims=512x256_seed9  completed  (8.3s)
2026-05-11 21:48:17,709 - INFO - [3204/3780] gpu0  trial_0316_lr=3.0e-04_weight_decay=1.0e-05_kernel_sizes=5x5x3_conv_channels=256x256x256_fc_dims=512x256_seed6  completed  (3.4s)
2026-05-11 21:48:21,117 - INFO - [3205/3780] gpu0  trial_0316_lr=3.0e-04_weight_decay=1.0e-05_kernel_sizes=5x5x3_conv_channels=256x256x256_fc_dims=512x256_seed8  completed  (3.4s)
2026-05-11 21:48:22,559 - INFO - [3206/3780] gpu1  trial_0324_lr=3.0e-04_weight_decay=0_kernel_sizes=10x7x5x3_conv_channels=256x256x256x256_fc_dims=256_seed1  completed  (8.2s)
2026-05-11 21:48:24,535 - INFO - [3207/3780] gpu0  trial_0317_lr=3.0e-04_weight_decay=1.0e-04_kernel_sizes=5x5x3_conv_channels=256x256x256_fc_dims=512x256_seed0  completed  (3.4s)
2026-05-11 21:48:27,934 - INFO - [3208/3780] gpu0  trial_0317_lr=3.0e-04_weight_decay=1.0e-04_kernel_sizes=5x5x3_conv_channels=256x256x256_fc_dims=512x256_seed2  completed  (3.4s)
2026-05-11 21:48:30,778 - INFO - [3209/3780] gpu1  trial_0324_lr=3.0e-04_weight_decay=0_kernel_sizes=10x7x5x3_conv_channels=256x256x256x256_fc_dims=256_seed3  completed  (8.2s)
2026-05-11 21:48:31,444 - INFO - [3210/3780] gpu0  trial_0317_lr=3.0e-04_weight_decay=1.0e-04_kernel_sizes=5x5x3_conv_channels=256x256x256_fc_dims=512x256_seed4  completed  (3.5s)
2026-05-11 21:48:34,834 - INFO - [3211/3780] gpu0  trial_0317_lr=3.0e-04_weight_decay=1.0e-04_kernel_sizes=5x5x3_conv_channels=256x256x256_fc_dims=512x256_seed6  completed  (3.4s)
2026-05-11 21:48:38,225 - INFO - [3212/3780] gpu0  trial_0317_lr=3.0e-04_weight_decay=1.0e-04_kernel_sizes=5x5x3_conv_channels=256x256x256_fc_dims=512x256_seed8  completed  (3.4s)
2026-05-11 21:48:39,055 - INFO - [3213/3780] gpu1  trial_0324_lr=3.0e-04_weight_decay=0_kernel_sizes=10x7x5x3_conv_channels=256x256x256x256_fc_dims=256_seed5  completed  (8.3s)
2026-05-11 21:48:40,937 - INFO - [3214/3780] gpu0  trial_0318_lr=1.0e-03_weight_decay=0_kernel_sizes=5x5x3_conv_channels=256x256x256_fc_dims=512x256_seed0  completed  (2.7s)
2026-05-11 21:48:47,535 - INFO - [3215/3780] gpu1  trial_0324_lr=3.0e-04_weight_decay=0_kernel_sizes=10x7x5x3_conv_channels=256x256x256x256_fc_dims=256_seed7  completed  (8.5s)
2026-05-11 21:48:49,203 - INFO - [3216/3780] gpu0  trial_0318_lr=1.0e-03_weight_decay=0_kernel_sizes=5x5x3_conv_channels=256x256x256_fc_dims=512x256_seed2  completed  (8.3s)
2026-05-11 21:48:55,962 - INFO - [3217/3780] gpu1  trial_0324_lr=3.0e-04_weight_decay=0_kernel_sizes=10x7x5x3_conv_channels=256x256x256x256_fc_dims=256_seed9  completed  (8.4s)
2026-05-11 21:48:57,581 - INFO - [3218/3780] gpu0  trial_0318_lr=1.0e-03_weight_decay=0_kernel_sizes=5x5x3_conv_channels=256x256x256_fc_dims=512x256_seed4  completed  (8.4s)
2026-05-11 21:49:00,360 - INFO - [3219/3780] gpu0  trial_0318_lr=1.0e-03_weight_decay=0_kernel_sizes=5x5x3_conv_channels=256x256x256_fc_dims=512x256_seed6  completed  (2.8s)
2026-05-11 21:49:03,016 - INFO - [3220/3780] gpu0  trial_0318_lr=1.0e-03_weight_decay=0_kernel_sizes=5x5x3_conv_channels=256x256x256_fc_dims=512x256_seed8  completed  (2.7s)
2026-05-11 21:49:04,338 - INFO - [3221/3780] gpu1  trial_0325_lr=3.0e-04_weight_decay=1.0e-05_kernel_sizes=10x7x5x3_conv_channels=256x256x256x256_fc_dims=256_seed1  completed  (8.4s)
2026-05-11 21:49:05,759 - INFO - [3222/3780] gpu0  trial_0319_lr=1.0e-03_weight_decay=1.0e-05_kernel_sizes=5x5x3_conv_channels=256x256x256_fc_dims=512x256_seed0  completed  (2.7s)
2026-05-11 21:49:12,456 - INFO - [3223/3780] gpu1  trial_0325_lr=3.0e-04_weight_decay=1.0e-05_kernel_sizes=10x7x5x3_conv_channels=256x256x256x256_fc_dims=256_seed3  completed  (8.1s)
2026-05-11 21:49:14,143 - INFO - [3224/3780] gpu0  trial_0319_lr=1.0e-03_weight_decay=1.0e-05_kernel_sizes=5x5x3_conv_channels=256x256x256_fc_dims=512x256_seed2  completed  (8.4s)
2026-05-11 21:49:20,976 - INFO - [3225/3780] gpu1  trial_0325_lr=3.0e-04_weight_decay=1.0e-05_kernel_sizes=10x7x5x3_conv_channels=256x256x256x256_fc_dims=256_seed5  completed  (8.5s)
2026-05-11 21:49:22,482 - INFO - [3226/3780] gpu0  trial_0319_lr=1.0e-03_weight_decay=1.0e-05_kernel_sizes=5x5x3_conv_channels=256x256x256_fc_dims=512x256_seed4  completed  (8.3s)
2026-05-11 21:49:25,318 - INFO - [3227/3780] gpu0  trial_0319_lr=1.0e-03_weight_decay=1.0e-05_kernel_sizes=5x5x3_conv_channels=256x256x256_fc_dims=512x256_seed6  completed  (2.8s)
2026-05-11 21:49:27,990 - INFO - [3228/3780] gpu0  trial_0319_lr=1.0e-03_weight_decay=1.0e-05_kernel_sizes=5x5x3_conv_channels=256x256x256_fc_dims=512x256_seed8  completed  (2.7s)
2026-05-11 21:49:29,428 - INFO - [3229/3780] gpu1  trial_0325_lr=3.0e-04_weight_decay=1.0e-05_kernel_sizes=10x7x5x3_conv_channels=256x256x256x256_fc_dims=256_seed7  completed  (8.4s)
2026-05-11 21:49:30,788 - INFO - [3230/3780] gpu0  trial_0320_lr=1.0e-03_weight_decay=1.0e-04_kernel_sizes=5x5x3_conv_channels=256x256x256_fc_dims=512x256_seed0  completed  (2.8s)
2026-05-11 21:49:37,772 - INFO - [3231/3780] gpu1  trial_0325_lr=3.0e-04_weight_decay=1.0e-05_kernel_sizes=10x7x5x3_conv_channels=256x256x256x256_fc_dims=256_seed9  completed  (8.3s)
2026-05-11 21:49:39,137 - INFO - [3232/3780] gpu0  trial_0320_lr=1.0e-03_weight_decay=1.0e-04_kernel_sizes=5x5x3_conv_channels=256x256x256_fc_dims=512x256_seed2  completed  (8.3s)
2026-05-11 21:49:45,950 - INFO - [3233/3780] gpu1  trial_0326_lr=3.0e-04_weight_decay=1.0e-04_kernel_sizes=10x7x5x3_conv_channels=256x256x256x256_fc_dims=256_seed1  completed  (8.2s)
2026-05-11 21:49:47,542 - INFO - [3234/3780] gpu0  trial_0320_lr=1.0e-03_weight_decay=1.0e-04_kernel_sizes=5x5x3_conv_channels=256x256x256_fc_dims=512x256_seed4  completed  (8.4s)
2026-05-11 21:49:50,315 - INFO - [3235/3780] gpu0  trial_0320_lr=1.0e-03_weight_decay=1.0e-04_kernel_sizes=5x5x3_conv_channels=256x256x256_fc_dims=512x256_seed6  completed  (2.8s)
2026-05-11 21:49:52,968 - INFO - [3236/3780] gpu0  trial_0320_lr=1.0e-03_weight_decay=1.0e-04_kernel_sizes=5x5x3_conv_channels=256x256x256_fc_dims=512x256_seed8  completed  (2.7s)
2026-05-11 21:49:54,226 - INFO - [3237/3780] gpu1  trial_0326_lr=3.0e-04_weight_decay=1.0e-04_kernel_sizes=10x7x5x3_conv_channels=256x256x256x256_fc_dims=256_seed3  completed  (8.3s)
2026-05-11 21:50:01,194 - INFO - [3238/3780] gpu0  trial_0321_lr=3.0e-03_weight_decay=0_kernel_sizes=5x5x3_conv_channels=256x256x256_fc_dims=512x256_seed0  completed  (8.2s)
2026-05-11 21:50:02,545 - INFO - [3239/3780] gpu1  trial_0326_lr=3.0e-04_weight_decay=1.0e-04_kernel_sizes=10x7x5x3_conv_channels=256x256x256x256_fc_dims=256_seed5  completed  (8.3s)
2026-05-11 21:50:09,546 - INFO - [3240/3780] gpu0  trial_0321_lr=3.0e-03_weight_decay=0_kernel_sizes=5x5x3_conv_channels=256x256x256_fc_dims=512x256_seed2  completed  (8.3s)
2026-05-11 21:50:10,761 - INFO - [3241/3780] gpu1  trial_0326_lr=3.0e-04_weight_decay=1.0e-04_kernel_sizes=10x7x5x3_conv_channels=256x256x256x256_fc_dims=256_seed7  completed  (8.2s)
2026-05-11 21:50:17,855 - INFO - [3242/3780] gpu0  trial_0321_lr=3.0e-03_weight_decay=0_kernel_sizes=5x5x3_conv_channels=256x256x256_fc_dims=512x256_seed4  completed  (8.3s)
2026-05-11 21:50:19,233 - INFO - [3243/3780] gpu1  trial_0326_lr=3.0e-04_weight_decay=1.0e-04_kernel_sizes=10x7x5x3_conv_channels=256x256x256x256_fc_dims=256_seed9  completed  (8.5s)
2026-05-11 21:50:21,759 - INFO - [3244/3780] gpu1  trial_0327_lr=1.0e-03_weight_decay=0_kernel_sizes=10x7x5x3_conv_channels=256x256x256x256_fc_dims=256_seed1  completed  (2.5s)
2026-05-11 21:50:24,277 - INFO - [3245/3780] gpu1  trial_0327_lr=1.0e-03_weight_decay=0_kernel_sizes=10x7x5x3_conv_channels=256x256x256x256_fc_dims=256_seed3  completed  (2.5s)
2026-05-11 21:50:26,166 - INFO - [3246/3780] gpu0  trial_0321_lr=3.0e-03_weight_decay=0_kernel_sizes=5x5x3_conv_channels=256x256x256_fc_dims=512x256_seed6  completed  (8.3s)
2026-05-11 21:50:26,720 - INFO - [3247/3780] gpu1  trial_0327_lr=1.0e-03_weight_decay=0_kernel_sizes=10x7x5x3_conv_channels=256x256x256x256_fc_dims=256_seed5  completed  (2.4s)
2026-05-11 21:50:29,229 - INFO - [3248/3780] gpu1  trial_0327_lr=1.0e-03_weight_decay=0_kernel_sizes=10x7x5x3_conv_channels=256x256x256x256_fc_dims=256_seed7  completed  (2.5s)
2026-05-11 21:50:31,683 - INFO - [3249/3780] gpu1  trial_0327_lr=1.0e-03_weight_decay=0_kernel_sizes=10x7x5x3_conv_channels=256x256x256x256_fc_dims=256_seed9  completed  (2.5s)
2026-05-11 21:50:34,184 - INFO - [3250/3780] gpu1  trial_0328_lr=1.0e-03_weight_decay=1.0e-05_kernel_sizes=10x7x5x3_conv_channels=256x256x256x256_fc_dims=256_seed1  completed  (2.5s)
2026-05-11 21:50:34,464 - INFO - [3251/3780] gpu0  trial_0321_lr=3.0e-03_weight_decay=0_kernel_sizes=5x5x3_conv_channels=256x256x256_fc_dims=512x256_seed8  completed  (8.3s)
2026-05-11 21:50:36,649 - INFO - [3252/3780] gpu1  trial_0328_lr=1.0e-03_weight_decay=1.0e-05_kernel_sizes=10x7x5x3_conv_channels=256x256x256x256_fc_dims=256_seed3  completed  (2.5s)
2026-05-11 21:50:39,158 - INFO - [3253/3780] gpu1  trial_0328_lr=1.0e-03_weight_decay=1.0e-05_kernel_sizes=10x7x5x3_conv_channels=256x256x256x256_fc_dims=256_seed5  completed  (2.5s)
2026-05-11 21:50:41,658 - INFO - [3254/3780] gpu1  trial_0328_lr=1.0e-03_weight_decay=1.0e-05_kernel_sizes=10x7x5x3_conv_channels=256x256x256x256_fc_dims=256_seed7  completed  (2.5s)
2026-05-11 21:50:42,734 - INFO - [3255/3780] gpu0  trial_0322_lr=3.0e-03_weight_decay=1.0e-05_kernel_sizes=5x5x3_conv_channels=256x256x256_fc_dims=512x256_seed0  completed  (8.3s)
2026-05-11 21:50:44,121 - INFO - [3256/3780] gpu1  trial_0328_lr=1.0e-03_weight_decay=1.0e-05_kernel_sizes=10x7x5x3_conv_channels=256x256x256x256_fc_dims=256_seed9  completed  (2.5s)
2026-05-11 21:50:46,718 - INFO - [3257/3780] gpu1  trial_0329_lr=1.0e-03_weight_decay=1.0e-04_kernel_sizes=10x7x5x3_conv_channels=256x256x256x256_fc_dims=256_seed1  completed  (2.6s)
2026-05-11 21:50:49,304 - INFO - [3258/3780] gpu1  trial_0329_lr=1.0e-03_weight_decay=1.0e-04_kernel_sizes=10x7x5x3_conv_channels=256x256x256x256_fc_dims=256_seed3  completed  (2.6s)
2026-05-11 21:50:51,021 - INFO - [3259/3780] gpu0  trial_0322_lr=3.0e-03_weight_decay=1.0e-05_kernel_sizes=5x5x3_conv_channels=256x256x256_fc_dims=512x256_seed2  completed  (8.3s)
2026-05-11 21:50:51,762 - INFO - [3260/3780] gpu1  trial_0329_lr=1.0e-03_weight_decay=1.0e-04_kernel_sizes=10x7x5x3_conv_channels=256x256x256x256_fc_dims=256_seed5  completed  (2.5s)
2026-05-11 21:50:54,273 - INFO - [3261/3780] gpu1  trial_0329_lr=1.0e-03_weight_decay=1.0e-04_kernel_sizes=10x7x5x3_conv_channels=256x256x256x256_fc_dims=256_seed7  completed  (2.5s)
2026-05-11 21:50:56,787 - INFO - [3262/3780] gpu1  trial_0329_lr=1.0e-03_weight_decay=1.0e-04_kernel_sizes=10x7x5x3_conv_channels=256x256x256x256_fc_dims=256_seed9  completed  (2.5s)
2026-05-11 21:50:59,374 - INFO - [3263/3780] gpu0  trial_0322_lr=3.0e-03_weight_decay=1.0e-05_kernel_sizes=5x5x3_conv_channels=256x256x256_fc_dims=512x256_seed4  completed  (8.4s)
2026-05-11 21:51:05,107 - INFO - [3264/3780] gpu1  trial_0330_lr=3.0e-03_weight_decay=0_kernel_sizes=10x7x5x3_conv_channels=256x256x256x256_fc_dims=256_seed1  completed  (8.3s)
2026-05-11 21:51:07,645 - INFO - [3265/3780] gpu0  trial_0322_lr=3.0e-03_weight_decay=1.0e-05_kernel_sizes=5x5x3_conv_channels=256x256x256_fc_dims=512x256_seed6  completed  (8.3s)
2026-05-11 21:51:13,626 - INFO - [3266/3780] gpu1  trial_0330_lr=3.0e-03_weight_decay=0_kernel_sizes=10x7x5x3_conv_channels=256x256x256x256_fc_dims=256_seed3  completed  (8.5s)
2026-05-11 21:51:15,949 - INFO - [3267/3780] gpu0  trial_0322_lr=3.0e-03_weight_decay=1.0e-05_kernel_sizes=5x5x3_conv_channels=256x256x256_fc_dims=512x256_seed8  completed  (8.3s)
2026-05-11 21:51:19,226 - INFO - [3268/3780] gpu0  trial_0323_lr=3.0e-03_weight_decay=1.0e-04_kernel_sizes=5x5x3_conv_channels=256x256x256_fc_dims=512x256_seed0  completed  (3.3s)
2026-05-11 21:51:22,064 - INFO - [3269/3780] gpu1  trial_0330_lr=3.0e-03_weight_decay=0_kernel_sizes=10x7x5x3_conv_channels=256x256x256x256_fc_dims=256_seed5  completed  (8.4s)
2026-05-11 21:51:22,212 - INFO - [3270/3780] gpu0  trial_0323_lr=3.0e-03_weight_decay=1.0e-04_kernel_sizes=5x5x3_conv_channels=256x256x256_fc_dims=512x256_seed2  completed  (3.0s)
2026-05-11 21:51:25,741 - INFO - [3271/3780] gpu0  trial_0323_lr=3.0e-03_weight_decay=1.0e-04_kernel_sizes=5x5x3_conv_channels=256x256x256_fc_dims=512x256_seed4  completed  (3.5s)
2026-05-11 21:51:29,226 - INFO - [3272/3780] gpu0  trial_0323_lr=3.0e-03_weight_decay=1.0e-04_kernel_sizes=5x5x3_conv_channels=256x256x256_fc_dims=512x256_seed6  completed  (3.5s)
2026-05-11 21:51:30,343 - INFO - [3273/3780] gpu1  trial_0330_lr=3.0e-03_weight_decay=0_kernel_sizes=10x7x5x3_conv_channels=256x256x256x256_fc_dims=256_seed7  completed  (8.3s)
2026-05-11 21:51:32,504 - INFO - [3274/3780] gpu0  trial_0323_lr=3.0e-03_weight_decay=1.0e-04_kernel_sizes=5x5x3_conv_channels=256x256x256_fc_dims=512x256_seed8  completed  (3.3s)
2026-05-11 21:51:38,745 - INFO - [3275/3780] gpu1  trial_0330_lr=3.0e-03_weight_decay=0_kernel_sizes=10x7x5x3_conv_channels=256x256x256x256_fc_dims=256_seed9  completed  (8.4s)
2026-05-11 21:51:40,780 - INFO - [3276/3780] gpu0  trial_0324_lr=3.0e-04_weight_decay=0_kernel_sizes=10x7x5x3_conv_channels=256x256x256x256_fc_dims=256_seed0  completed  (8.3s)
2026-05-11 21:51:47,198 - INFO - [3277/3780] gpu1  trial_0331_lr=3.0e-03_weight_decay=1.0e-05_kernel_sizes=10x7x5x3_conv_channels=256x256x256x256_fc_dims=256_seed1  completed  (8.5s)
2026-05-11 21:51:49,093 - INFO - [3278/3780] gpu0  trial_0324_lr=3.0e-04_weight_decay=0_kernel_sizes=10x7x5x3_conv_channels=256x256x256x256_fc_dims=256_seed2  completed  (8.3s)
2026-05-11 21:51:55,758 - INFO - [3279/3780] gpu1  trial_0331_lr=3.0e-03_weight_decay=1.0e-05_kernel_sizes=10x7x5x3_conv_channels=256x256x256x256_fc_dims=256_seed3  completed  (8.6s)
2026-05-11 21:51:57,483 - INFO - [3280/3780] gpu0  trial_0324_lr=3.0e-04_weight_decay=0_kernel_sizes=10x7x5x3_conv_channels=256x256x256x256_fc_dims=256_seed4  completed  (8.4s)
2026-05-11 21:52:04,125 - INFO - [3281/3780] gpu1  trial_0331_lr=3.0e-03_weight_decay=1.0e-05_kernel_sizes=10x7x5x3_conv_channels=256x256x256x256_fc_dims=256_seed5  completed  (8.4s)
2026-05-11 21:52:05,907 - INFO - [3282/3780] gpu0  trial_0324_lr=3.0e-04_weight_decay=0_kernel_sizes=10x7x5x3_conv_channels=256x256x256x256_fc_dims=256_seed6  completed  (8.4s)
2026-05-11 21:52:12,468 - INFO - [3283/3780] gpu1  trial_0331_lr=3.0e-03_weight_decay=1.0e-05_kernel_sizes=10x7x5x3_conv_channels=256x256x256x256_fc_dims=256_seed7  completed  (8.3s)
2026-05-11 21:52:14,245 - INFO - [3284/3780] gpu0  trial_0324_lr=3.0e-04_weight_decay=0_kernel_sizes=10x7x5x3_conv_channels=256x256x256x256_fc_dims=256_seed8  completed  (8.3s)
2026-05-11 21:52:20,803 - INFO - [3285/3780] gpu1  trial_0331_lr=3.0e-03_weight_decay=1.0e-05_kernel_sizes=10x7x5x3_conv_channels=256x256x256x256_fc_dims=256_seed9  completed  (8.3s)
2026-05-11 21:52:22,649 - INFO - [3286/3780] gpu0  trial_0325_lr=3.0e-04_weight_decay=1.0e-05_kernel_sizes=10x7x5x3_conv_channels=256x256x256x256_fc_dims=256_seed0  completed  (8.4s)
2026-05-11 21:52:29,271 - INFO - [3287/3780] gpu1  trial_0332_lr=3.0e-03_weight_decay=1.0e-04_kernel_sizes=10x7x5x3_conv_channels=256x256x256x256_fc_dims=256_seed1  completed  (8.5s)
2026-05-11 21:52:31,015 - INFO - [3288/3780] gpu0  trial_0325_lr=3.0e-04_weight_decay=1.0e-05_kernel_sizes=10x7x5x3_conv_channels=256x256x256x256_fc_dims=256_seed2  completed  (8.4s)
2026-05-11 21:52:35,592 - INFO - [3289/3780] gpu1  trial_0332_lr=3.0e-03_weight_decay=1.0e-04_kernel_sizes=10x7x5x3_conv_channels=256x256x256x256_fc_dims=256_seed3  completed  (6.3s)
2026-05-11 21:52:39,287 - INFO - [3290/3780] gpu0  trial_0325_lr=3.0e-04_weight_decay=1.0e-05_kernel_sizes=10x7x5x3_conv_channels=256x256x256x256_fc_dims=256_seed4  completed  (8.3s)
2026-05-11 21:52:43,716 - INFO - [3291/3780] gpu1  trial_0332_lr=3.0e-03_weight_decay=1.0e-04_kernel_sizes=10x7x5x3_conv_channels=256x256x256x256_fc_dims=256_seed5  completed  (8.1s)
2026-05-11 21:52:47,610 - INFO - [3292/3780] gpu0  trial_0325_lr=3.0e-04_weight_decay=1.0e-05_kernel_sizes=10x7x5x3_conv_channels=256x256x256x256_fc_dims=256_seed6  completed  (8.3s)
2026-05-11 21:52:52,300 - INFO - [3293/3780] gpu1  trial_0332_lr=3.0e-03_weight_decay=1.0e-04_kernel_sizes=10x7x5x3_conv_channels=256x256x256x256_fc_dims=256_seed7  completed  (8.6s)
2026-05-11 21:52:56,145 - INFO - [3294/3780] gpu0  trial_0325_lr=3.0e-04_weight_decay=1.0e-05_kernel_sizes=10x7x5x3_conv_channels=256x256x256x256_fc_dims=256_seed8  completed  (8.5s)
2026-05-11 21:53:00,575 - INFO - [3295/3780] gpu1  trial_0332_lr=3.0e-03_weight_decay=1.0e-04_kernel_sizes=10x7x5x3_conv_channels=256x256x256x256_fc_dims=256_seed9  completed  (8.3s)
2026-05-11 21:53:04,625 - INFO - [3296/3780] gpu0  trial_0326_lr=3.0e-04_weight_decay=1.0e-04_kernel_sizes=10x7x5x3_conv_channels=256x256x256x256_fc_dims=256_seed0  completed  (8.5s)
2026-05-11 21:53:09,099 - INFO - [3297/3780] gpu1  trial_0333_lr=3.0e-04_weight_decay=0_kernel_sizes=10x7x5x3_conv_channels=256x256x256x256_fc_dims=512_seed1  completed  (8.5s)
2026-05-11 21:53:12,452 - INFO - [3298/3780] gpu1  trial_0333_lr=3.0e-04_weight_decay=0_kernel_sizes=10x7x5x3_conv_channels=256x256x256x256_fc_dims=512_seed3  completed  (3.4s)
2026-05-11 21:53:13,024 - INFO - [3299/3780] gpu0  trial_0326_lr=3.0e-04_weight_decay=1.0e-04_kernel_sizes=10x7x5x3_conv_channels=256x256x256x256_fc_dims=256_seed2  completed  (8.4s)
2026-05-11 21:53:21,400 - INFO - [3300/3780] gpu0  trial_0326_lr=3.0e-04_weight_decay=1.0e-04_kernel_sizes=10x7x5x3_conv_channels=256x256x256x256_fc_dims=256_seed4  completed  (8.4s)
2026-05-11 21:53:21,457 - INFO - [3301/3780] gpu1  trial_0333_lr=3.0e-04_weight_decay=0_kernel_sizes=10x7x5x3_conv_channels=256x256x256x256_fc_dims=512_seed5  completed  (9.0s)
2026-05-11 21:53:24,761 - INFO - [3302/3780] gpu1  trial_0333_lr=3.0e-04_weight_decay=0_kernel_sizes=10x7x5x3_conv_channels=256x256x256x256_fc_dims=512_seed7  completed  (3.3s)
2026-05-11 21:53:28,170 - INFO - [3303/3780] gpu1  trial_0333_lr=3.0e-04_weight_decay=0_kernel_sizes=10x7x5x3_conv_channels=256x256x256x256_fc_dims=512_seed9  completed  (3.4s)
2026-05-11 21:53:29,738 - INFO - [3304/3780] gpu0  trial_0326_lr=3.0e-04_weight_decay=1.0e-04_kernel_sizes=10x7x5x3_conv_channels=256x256x256x256_fc_dims=256_seed6  completed  (8.3s)
2026-05-11 21:53:36,637 - INFO - [3305/3780] gpu1  trial_0334_lr=3.0e-04_weight_decay=1.0e-05_kernel_sizes=10x7x5x3_conv_channels=256x256x256x256_fc_dims=512_seed1  completed  (8.5s)
2026-05-11 21:53:38,009 - INFO - [3306/3780] gpu0  trial_0326_lr=3.0e-04_weight_decay=1.0e-04_kernel_sizes=10x7x5x3_conv_channels=256x256x256x256_fc_dims=256_seed8  completed  (8.3s)
2026-05-11 21:53:39,921 - INFO - [3307/3780] gpu1  trial_0334_lr=3.0e-04_weight_decay=1.0e-05_kernel_sizes=10x7x5x3_conv_channels=256x256x256x256_fc_dims=512_seed3  completed  (3.3s)
2026-05-11 21:53:40,500 - INFO - [3308/3780] gpu0  trial_0327_lr=1.0e-03_weight_decay=0_kernel_sizes=10x7x5x3_conv_channels=256x256x256x256_fc_dims=256_seed0  completed  (2.5s)
2026-05-11 21:53:48,471 - INFO - [3309/3780] gpu1  trial_0334_lr=3.0e-04_weight_decay=1.0e-05_kernel_sizes=10x7x5x3_conv_channels=256x256x256x256_fc_dims=512_seed5  completed  (8.5s)
2026-05-11 21:53:48,771 - INFO - [3310/3780] gpu0  trial_0327_lr=1.0e-03_weight_decay=0_kernel_sizes=10x7x5x3_conv_channels=256x256x256x256_fc_dims=256_seed2  completed  (8.3s)
2026-05-11 21:53:51,242 - INFO - [3311/3780] gpu0  trial_0327_lr=1.0e-03_weight_decay=0_kernel_sizes=10x7x5x3_conv_channels=256x256x256x256_fc_dims=256_seed4  completed  (2.5s)
2026-05-11 21:53:51,777 - INFO - [3312/3780] gpu1  trial_0334_lr=3.0e-04_weight_decay=1.0e-05_kernel_sizes=10x7x5x3_conv_channels=256x256x256x256_fc_dims=512_seed7  completed  (3.3s)
2026-05-11 21:53:53,793 - INFO - [3313/3780] gpu0  trial_0327_lr=1.0e-03_weight_decay=0_kernel_sizes=10x7x5x3_conv_channels=256x256x256x256_fc_dims=256_seed6  completed  (2.5s)
2026-05-11 21:53:55,103 - INFO - [3314/3780] gpu1  trial_0334_lr=3.0e-04_weight_decay=1.0e-05_kernel_sizes=10x7x5x3_conv_channels=256x256x256x256_fc_dims=512_seed9  completed  (3.3s)
2026-05-11 21:53:56,230 - INFO - [3315/3780] gpu0  trial_0327_lr=1.0e-03_weight_decay=0_kernel_sizes=10x7x5x3_conv_channels=256x256x256x256_fc_dims=256_seed8  completed  (2.4s)
2026-05-11 21:53:58,713 - INFO - [3316/3780] gpu0  trial_0328_lr=1.0e-03_weight_decay=1.0e-05_kernel_sizes=10x7x5x3_conv_channels=256x256x256x256_fc_dims=256_seed0  completed  (2.5s)
2026-05-11 21:54:03,533 - INFO - [3317/3780] gpu1  trial_0335_lr=3.0e-04_weight_decay=1.0e-04_kernel_sizes=10x7x5x3_conv_channels=256x256x256x256_fc_dims=512_seed1  completed  (8.4s)
2026-05-11 21:54:06,814 - INFO - [3318/3780] gpu1  trial_0335_lr=3.0e-04_weight_decay=1.0e-04_kernel_sizes=10x7x5x3_conv_channels=256x256x256x256_fc_dims=512_seed3  completed  (3.3s)
2026-05-11 21:54:07,357 - INFO - [3319/3780] gpu0  trial_0328_lr=1.0e-03_weight_decay=1.0e-05_kernel_sizes=10x7x5x3_conv_channels=256x256x256x256_fc_dims=256_seed2  completed  (8.6s)
2026-05-11 21:54:09,841 - INFO - [3320/3780] gpu0  trial_0328_lr=1.0e-03_weight_decay=1.0e-05_kernel_sizes=10x7x5x3_conv_channels=256x256x256x256_fc_dims=256_seed4  completed  (2.5s)
2026-05-11 21:54:12,374 - INFO - [3321/3780] gpu0  trial_0328_lr=1.0e-03_weight_decay=1.0e-05_kernel_sizes=10x7x5x3_conv_channels=256x256x256x256_fc_dims=256_seed6  completed  (2.5s)
2026-05-11 21:54:14,882 - INFO - [3322/3780] gpu0  trial_0328_lr=1.0e-03_weight_decay=1.0e-05_kernel_sizes=10x7x5x3_conv_channels=256x256x256x256_fc_dims=256_seed8  completed  (2.5s)
2026-05-11 21:54:15,240 - INFO - [3323/3780] gpu1  trial_0335_lr=3.0e-04_weight_decay=1.0e-04_kernel_sizes=10x7x5x3_conv_channels=256x256x256x256_fc_dims=512_seed5  completed  (8.4s)
2026-05-11 21:54:17,418 - INFO - [3324/3780] gpu0  trial_0329_lr=1.0e-03_weight_decay=1.0e-04_kernel_sizes=10x7x5x3_conv_channels=256x256x256x256_fc_dims=256_seed0  completed  (2.5s)
2026-05-11 21:54:23,727 - INFO - [3325/3780] gpu1  trial_0335_lr=3.0e-04_weight_decay=1.0e-04_kernel_sizes=10x7x5x3_conv_channels=256x256x256x256_fc_dims=512_seed7  completed  (8.5s)
2026-05-11 21:54:25,747 - INFO - [3326/3780] gpu0  trial_0329_lr=1.0e-03_weight_decay=1.0e-04_kernel_sizes=10x7x5x3_conv_channels=256x256x256x256_fc_dims=256_seed2  completed  (8.3s)
2026-05-11 21:54:27,020 - INFO - [3327/3780] gpu1  trial_0335_lr=3.0e-04_weight_decay=1.0e-04_kernel_sizes=10x7x5x3_conv_channels=256x256x256x256_fc_dims=512_seed9  completed  (3.3s)
2026-05-11 21:54:28,215 - INFO - [3328/3780] gpu0  trial_0329_lr=1.0e-03_weight_decay=1.0e-04_kernel_sizes=10x7x5x3_conv_channels=256x256x256x256_fc_dims=256_seed4  completed  (2.5s)
2026-05-11 21:54:29,503 - INFO - [3329/3780] gpu1  trial_0336_lr=1.0e-03_weight_decay=0_kernel_sizes=10x7x5x3_conv_channels=256x256x256x256_fc_dims=512_seed1  completed  (2.5s)
2026-05-11 21:54:30,684 - INFO - [3330/3780] gpu0  trial_0329_lr=1.0e-03_weight_decay=1.0e-04_kernel_sizes=10x7x5x3_conv_channels=256x256x256x256_fc_dims=256_seed6  completed  (2.5s)
2026-05-11 21:54:31,933 - INFO - [3331/3780] gpu1  trial_0336_lr=1.0e-03_weight_decay=0_kernel_sizes=10x7x5x3_conv_channels=256x256x256x256_fc_dims=512_seed3  completed  (2.4s)
2026-05-11 21:54:33,128 - INFO - [3332/3780] gpu0  trial_0329_lr=1.0e-03_weight_decay=1.0e-04_kernel_sizes=10x7x5x3_conv_channels=256x256x256x256_fc_dims=256_seed8  completed  (2.4s)
2026-05-11 21:54:34,414 - INFO - [3333/3780] gpu1  trial_0336_lr=1.0e-03_weight_decay=0_kernel_sizes=10x7x5x3_conv_channels=256x256x256x256_fc_dims=512_seed5  completed  (2.5s)
2026-05-11 21:54:36,944 - INFO - [3334/3780] gpu1  trial_0336_lr=1.0e-03_weight_decay=0_kernel_sizes=10x7x5x3_conv_channels=256x256x256x256_fc_dims=512_seed7  completed  (2.5s)
2026-05-11 21:54:39,443 - INFO - [3335/3780] gpu1  trial_0336_lr=1.0e-03_weight_decay=0_kernel_sizes=10x7x5x3_conv_channels=256x256x256x256_fc_dims=512_seed9  completed  (2.5s)
2026-05-11 21:54:41,456 - INFO - [3336/3780] gpu0  trial_0330_lr=3.0e-03_weight_decay=0_kernel_sizes=10x7x5x3_conv_channels=256x256x256x256_fc_dims=256_seed0  completed  (8.3s)
2026-05-11 21:54:41,942 - INFO - [3337/3780] gpu1  trial_0337_lr=1.0e-03_weight_decay=1.0e-05_kernel_sizes=10x7x5x3_conv_channels=256x256x256x256_fc_dims=512_seed1  completed  (2.5s)
2026-05-11 21:54:44,421 - INFO - [3338/3780] gpu1  trial_0337_lr=1.0e-03_weight_decay=1.0e-05_kernel_sizes=10x7x5x3_conv_channels=256x256x256x256_fc_dims=512_seed3  completed  (2.5s)
2026-05-11 21:54:46,950 - INFO - [3339/3780] gpu1  trial_0337_lr=1.0e-03_weight_decay=1.0e-05_kernel_sizes=10x7x5x3_conv_channels=256x256x256x256_fc_dims=512_seed5  completed  (2.5s)
2026-05-11 21:54:49,396 - INFO - [3340/3780] gpu1  trial_0337_lr=1.0e-03_weight_decay=1.0e-05_kernel_sizes=10x7x5x3_conv_channels=256x256x256x256_fc_dims=512_seed7  completed  (2.4s)
2026-05-11 21:54:49,799 - INFO - [3341/3780] gpu0  trial_0330_lr=3.0e-03_weight_decay=0_kernel_sizes=10x7x5x3_conv_channels=256x256x256x256_fc_dims=256_seed2  completed  (8.3s)
2026-05-11 21:54:51,911 - INFO - [3342/3780] gpu1  trial_0337_lr=1.0e-03_weight_decay=1.0e-05_kernel_sizes=10x7x5x3_conv_channels=256x256x256x256_fc_dims=512_seed9  completed  (2.5s)
2026-05-11 21:54:54,419 - INFO - [3343/3780] gpu1  trial_0338_lr=1.0e-03_weight_decay=1.0e-04_kernel_sizes=10x7x5x3_conv_channels=256x256x256x256_fc_dims=512_seed1  completed  (2.5s)
2026-05-11 21:54:56,929 - INFO - [3344/3780] gpu1  trial_0338_lr=1.0e-03_weight_decay=1.0e-04_kernel_sizes=10x7x5x3_conv_channels=256x256x256x256_fc_dims=512_seed3  completed  (2.5s)
2026-05-11 21:54:58,035 - INFO - [3345/3780] gpu0  trial_0330_lr=3.0e-03_weight_decay=0_kernel_sizes=10x7x5x3_conv_channels=256x256x256x256_fc_dims=256_seed4  completed  (8.2s)
2026-05-11 21:54:59,395 - INFO - [3346/3780] gpu1  trial_0338_lr=1.0e-03_weight_decay=1.0e-04_kernel_sizes=10x7x5x3_conv_channels=256x256x256x256_fc_dims=512_seed5  completed  (2.5s)
2026-05-11 21:55:01,897 - INFO - [3347/3780] gpu1  trial_0338_lr=1.0e-03_weight_decay=1.0e-04_kernel_sizes=10x7x5x3_conv_channels=256x256x256x256_fc_dims=512_seed7  completed  (2.5s)
2026-05-11 21:55:03,039 - INFO - [3348/3780] gpu0  trial_0330_lr=3.0e-03_weight_decay=0_kernel_sizes=10x7x5x3_conv_channels=256x256x256x256_fc_dims=256_seed6  completed  (5.0s)
2026-05-11 21:55:04,340 - INFO - [3349/3780] gpu1  trial_0338_lr=1.0e-03_weight_decay=1.0e-04_kernel_sizes=10x7x5x3_conv_channels=256x256x256x256_fc_dims=512_seed9  completed  (2.4s)
2026-05-11 21:55:06,516 - INFO - [3350/3780] gpu1  trial_0339_lr=3.0e-03_weight_decay=0_kernel_sizes=10x7x5x3_conv_channels=256x256x256x256_fc_dims=512_seed1  completed  (2.2s)
2026-05-11 21:55:08,780 - INFO - [3351/3780] gpu1  trial_0339_lr=3.0e-03_weight_decay=0_kernel_sizes=10x7x5x3_conv_channels=256x256x256x256_fc_dims=512_seed3  completed  (2.3s)
2026-05-11 21:55:11,051 - INFO - [3352/3780] gpu1  trial_0339_lr=3.0e-03_weight_decay=0_kernel_sizes=10x7x5x3_conv_channels=256x256x256x256_fc_dims=512_seed5  completed  (2.3s)
2026-05-11 21:55:11,396 - INFO - [3353/3780] gpu0  trial_0330_lr=3.0e-03_weight_decay=0_kernel_sizes=10x7x5x3_conv_channels=256x256x256x256_fc_dims=256_seed8  completed  (8.4s)
2026-05-11 21:55:19,605 - INFO - [3354/3780] gpu1  trial_0339_lr=3.0e-03_weight_decay=0_kernel_sizes=10x7x5x3_conv_channels=256x256x256x256_fc_dims=512_seed7  completed  (8.6s)
2026-05-11 21:55:19,660 - INFO - [3355/3780] gpu0  trial_0331_lr=3.0e-03_weight_decay=1.0e-05_kernel_sizes=10x7x5x3_conv_channels=256x256x256x256_fc_dims=256_seed0  completed  (8.3s)
2026-05-11 21:55:27,952 - INFO - [3356/3780] gpu0  trial_0331_lr=3.0e-03_weight_decay=1.0e-05_kernel_sizes=10x7x5x3_conv_channels=256x256x256x256_fc_dims=256_seed2  completed  (8.3s)
2026-05-11 21:55:28,010 - INFO - [3357/3780] gpu1  trial_0339_lr=3.0e-03_weight_decay=0_kernel_sizes=10x7x5x3_conv_channels=256x256x256x256_fc_dims=512_seed9  completed  (8.4s)
2026-05-11 21:55:30,253 - INFO - [3358/3780] gpu1  trial_0340_lr=3.0e-03_weight_decay=1.0e-05_kernel_sizes=10x7x5x3_conv_channels=256x256x256x256_fc_dims=512_seed1  completed  (2.2s)
2026-05-11 21:55:32,519 - INFO - [3359/3780] gpu1  trial_0340_lr=3.0e-03_weight_decay=1.0e-05_kernel_sizes=10x7x5x3_conv_channels=256x256x256x256_fc_dims=512_seed3  completed  (2.3s)
2026-05-11 21:55:34,810 - INFO - [3360/3780] gpu1  trial_0340_lr=3.0e-03_weight_decay=1.0e-05_kernel_sizes=10x7x5x3_conv_channels=256x256x256x256_fc_dims=512_seed5  completed  (2.3s)
2026-05-11 21:55:36,317 - INFO - [3361/3780] gpu0  trial_0331_lr=3.0e-03_weight_decay=1.0e-05_kernel_sizes=10x7x5x3_conv_channels=256x256x256x256_fc_dims=256_seed4  completed  (8.4s)
2026-05-11 21:55:42,924 - INFO - [3362/3780] gpu0  trial_0331_lr=3.0e-03_weight_decay=1.0e-05_kernel_sizes=10x7x5x3_conv_channels=256x256x256x256_fc_dims=256_seed6  completed  (6.6s)
2026-05-11 21:55:43,269 - INFO - [3363/3780] gpu1  trial_0340_lr=3.0e-03_weight_decay=1.0e-05_kernel_sizes=10x7x5x3_conv_channels=256x256x256x256_fc_dims=512_seed7  completed  (8.5s)
2026-05-11 21:55:51,092 - INFO - [3364/3780] gpu0  trial_0331_lr=3.0e-03_weight_decay=1.0e-05_kernel_sizes=10x7x5x3_conv_channels=256x256x256x256_fc_dims=256_seed8  completed  (8.2s)
2026-05-11 21:55:51,833 - INFO - [3365/3780] gpu1  trial_0340_lr=3.0e-03_weight_decay=1.0e-05_kernel_sizes=10x7x5x3_conv_channels=256x256x256x256_fc_dims=512_seed9  completed  (8.6s)
2026-05-11 21:55:54,055 - INFO - [3366/3780] gpu1  trial_0341_lr=3.0e-03_weight_decay=1.0e-04_kernel_sizes=10x7x5x3_conv_channels=256x256x256x256_fc_dims=512_seed1  completed  (2.2s)
2026-05-11 21:55:56,278 - INFO - [3367/3780] gpu1  trial_0341_lr=3.0e-03_weight_decay=1.0e-04_kernel_sizes=10x7x5x3_conv_channels=256x256x256x256_fc_dims=512_seed3  completed  (2.2s)
2026-05-11 21:55:56,745 - INFO - [3368/3780] gpu0  trial_0332_lr=3.0e-03_weight_decay=1.0e-04_kernel_sizes=10x7x5x3_conv_channels=256x256x256x256_fc_dims=256_seed0  completed  (5.7s)
2026-05-11 21:55:58,530 - INFO - [3369/3780] gpu1  trial_0341_lr=3.0e-03_weight_decay=1.0e-04_kernel_sizes=10x7x5x3_conv_channels=256x256x256x256_fc_dims=512_seed5  completed  (2.3s)
2026-05-11 21:56:02,055 - INFO - [3370/3780] gpu1  trial_0341_lr=3.0e-03_weight_decay=1.0e-04_kernel_sizes=10x7x5x3_conv_channels=256x256x256x256_fc_dims=512_seed7  completed  (3.5s)
2026-05-11 21:56:05,052 - INFO - [3371/3780] gpu0  trial_0332_lr=3.0e-03_weight_decay=1.0e-04_kernel_sizes=10x7x5x3_conv_channels=256x256x256x256_fc_dims=256_seed2  completed  (8.3s)
2026-05-11 21:56:09,679 - INFO - [3372/3780] gpu1  trial_0341_lr=3.0e-03_weight_decay=1.0e-04_kernel_sizes=10x7x5x3_conv_channels=256x256x256x256_fc_dims=512_seed9  completed  (7.6s)
2026-05-11 21:56:11,067 - INFO - [3373/3780] gpu0  trial_0332_lr=3.0e-03_weight_decay=1.0e-04_kernel_sizes=10x7x5x3_conv_channels=256x256x256x256_fc_dims=256_seed4  completed  (6.0s)
2026-05-11 21:56:18,463 - INFO - [3374/3780] gpu1  trial_0342_lr=3.0e-04_weight_decay=0_kernel_sizes=10x7x5x3_conv_channels=256x256x256x256_fc_dims=512x256_seed1  completed  (8.8s)
2026-05-11 21:56:19,410 - INFO - [3375/3780] gpu0  trial_0332_lr=3.0e-03_weight_decay=1.0e-04_kernel_sizes=10x7x5x3_conv_channels=256x256x256x256_fc_dims=256_seed6  completed  (8.3s)
2026-05-11 21:56:23,925 - INFO - [3376/3780] gpu0  trial_0332_lr=3.0e-03_weight_decay=1.0e-04_kernel_sizes=10x7x5x3_conv_channels=256x256x256x256_fc_dims=256_seed8  completed  (4.5s)
2026-05-11 21:56:27,157 - INFO - [3377/3780] gpu1  trial_0342_lr=3.0e-04_weight_decay=0_kernel_sizes=10x7x5x3_conv_channels=256x256x256x256_fc_dims=512x256_seed3  completed  (8.7s)
2026-05-11 21:56:30,221 - INFO - [3378/3780] gpu1  trial_0342_lr=3.0e-04_weight_decay=0_kernel_sizes=10x7x5x3_conv_channels=256x256x256x256_fc_dims=512x256_seed5  completed  (3.1s)
2026-05-11 21:56:32,389 - INFO - [3379/3780] gpu0  trial_0333_lr=3.0e-04_weight_decay=0_kernel_sizes=10x7x5x3_conv_channels=256x256x256x256_fc_dims=512_seed0  completed  (8.5s)
2026-05-11 21:56:35,739 - INFO - [3380/3780] gpu0  trial_0333_lr=3.0e-04_weight_decay=0_kernel_sizes=10x7x5x3_conv_channels=256x256x256x256_fc_dims=512_seed2  completed  (3.3s)
2026-05-11 21:56:38,950 - INFO - [3381/3780] gpu1  trial_0342_lr=3.0e-04_weight_decay=0_kernel_sizes=10x7x5x3_conv_channels=256x256x256x256_fc_dims=512x256_seed7  completed  (8.7s)
2026-05-11 21:56:44,283 - INFO - [3382/3780] gpu0  trial_0333_lr=3.0e-04_weight_decay=0_kernel_sizes=10x7x5x3_conv_channels=256x256x256x256_fc_dims=512_seed4  completed  (8.5s)
2026-05-11 21:56:47,609 - INFO - [3383/3780] gpu1  trial_0342_lr=3.0e-04_weight_decay=0_kernel_sizes=10x7x5x3_conv_channels=256x256x256x256_fc_dims=512x256_seed9  completed  (8.7s)
2026-05-11 21:56:52,727 - INFO - [3384/3780] gpu0  trial_0333_lr=3.0e-04_weight_decay=0_kernel_sizes=10x7x5x3_conv_channels=256x256x256x256_fc_dims=512_seed6  completed  (8.4s)
2026-05-11 21:56:56,123 - INFO - [3385/3780] gpu0  trial_0333_lr=3.0e-04_weight_decay=0_kernel_sizes=10x7x5x3_conv_channels=256x256x256x256_fc_dims=512_seed8  completed  (3.4s)
2026-05-11 21:56:56,409 - INFO - [3386/3780] gpu1  trial_0343_lr=3.0e-04_weight_decay=1.0e-05_kernel_sizes=10x7x5x3_conv_channels=256x256x256x256_fc_dims=512x256_seed1  completed  (8.8s)
2026-05-11 21:56:59,371 - INFO - [3387/3780] gpu1  trial_0343_lr=3.0e-04_weight_decay=1.0e-05_kernel_sizes=10x7x5x3_conv_channels=256x256x256x256_fc_dims=512x256_seed3  completed  (3.0s)
2026-05-11 21:57:02,517 - INFO - [3388/3780] gpu1  trial_0343_lr=3.0e-04_weight_decay=1.0e-05_kernel_sizes=10x7x5x3_conv_channels=256x256x256x256_fc_dims=512x256_seed5  completed  (3.1s)
2026-05-11 21:57:04,631 - INFO - [3389/3780] gpu0  trial_0334_lr=3.0e-04_weight_decay=1.0e-05_kernel_sizes=10x7x5x3_conv_channels=256x256x256x256_fc_dims=512_seed0  completed  (8.5s)
2026-05-11 21:57:07,988 - INFO - [3390/3780] gpu0  trial_0334_lr=3.0e-04_weight_decay=1.0e-05_kernel_sizes=10x7x5x3_conv_channels=256x256x256x256_fc_dims=512_seed2  completed  (3.4s)
2026-05-11 21:57:11,335 - INFO - [3391/3780] gpu1  trial_0343_lr=3.0e-04_weight_decay=1.0e-05_kernel_sizes=10x7x5x3_conv_channels=256x256x256x256_fc_dims=512x256_seed7  completed  (8.8s)
2026-05-11 21:57:16,497 - INFO - [3392/3780] gpu0  trial_0334_lr=3.0e-04_weight_decay=1.0e-05_kernel_sizes=10x7x5x3_conv_channels=256x256x256x256_fc_dims=512_seed4  completed  (8.5s)
2026-05-11 21:57:20,018 - INFO - [3393/3780] gpu1  trial_0343_lr=3.0e-04_weight_decay=1.0e-05_kernel_sizes=10x7x5x3_conv_channels=256x256x256x256_fc_dims=512x256_seed9  completed  (8.7s)
2026-05-11 21:57:25,234 - INFO - [3394/3780] gpu0  trial_0334_lr=3.0e-04_weight_decay=1.0e-05_kernel_sizes=10x7x5x3_conv_channels=256x256x256x256_fc_dims=512_seed6  completed  (8.7s)
2026-05-11 21:57:28,639 - INFO - [3395/3780] gpu0  trial_0334_lr=3.0e-04_weight_decay=1.0e-05_kernel_sizes=10x7x5x3_conv_channels=256x256x256x256_fc_dims=512_seed8  completed  (3.4s)
2026-05-11 21:57:28,795 - INFO - [3396/3780] gpu1  trial_0344_lr=3.0e-04_weight_decay=1.0e-04_kernel_sizes=10x7x5x3_conv_channels=256x256x256x256_fc_dims=512x256_seed1  completed  (8.8s)
2026-05-11 21:57:31,968 - INFO - [3397/3780] gpu0  trial_0335_lr=3.0e-04_weight_decay=1.0e-04_kernel_sizes=10x7x5x3_conv_channels=256x256x256x256_fc_dims=512_seed0  completed  (3.3s)
2026-05-11 21:57:35,280 - INFO - [3398/3780] gpu1  trial_0344_lr=3.0e-04_weight_decay=1.0e-04_kernel_sizes=10x7x5x3_conv_channels=256x256x256x256_fc_dims=512x256_seed3  completed  (6.5s)
2026-05-11 21:57:35,358 - INFO - [3399/3780] gpu0  trial_0335_lr=3.0e-04_weight_decay=1.0e-04_kernel_sizes=10x7x5x3_conv_channels=256x256x256x256_fc_dims=512_seed2  completed  (3.4s)
2026-05-11 21:57:38,432 - INFO - [3400/3780] gpu1  trial_0344_lr=3.0e-04_weight_decay=1.0e-04_kernel_sizes=10x7x5x3_conv_channels=256x256x256x256_fc_dims=512x256_seed5  completed  (3.2s)
2026-05-11 21:57:43,742 - INFO - [3401/3780] gpu0  trial_0335_lr=3.0e-04_weight_decay=1.0e-04_kernel_sizes=10x7x5x3_conv_channels=256x256x256x256_fc_dims=512_seed4  completed  (8.4s)
2026-05-11 21:57:47,108 - INFO - [3402/3780] gpu0  trial_0335_lr=3.0e-04_weight_decay=1.0e-04_kernel_sizes=10x7x5x3_conv_channels=256x256x256x256_fc_dims=512_seed6  completed  (3.4s)
2026-05-11 21:57:47,363 - INFO - [3403/3780] gpu1  trial_0344_lr=3.0e-04_weight_decay=1.0e-04_kernel_sizes=10x7x5x3_conv_channels=256x256x256x256_fc_dims=512x256_seed7  completed  (8.9s)
2026-05-11 21:57:50,436 - INFO - [3404/3780] gpu0  trial_0335_lr=3.0e-04_weight_decay=1.0e-04_kernel_sizes=10x7x5x3_conv_channels=256x256x256x256_fc_dims=512_seed8  completed  (3.3s)
2026-05-11 21:57:52,952 - INFO - [3405/3780] gpu0  trial_0336_lr=1.0e-03_weight_decay=0_kernel_sizes=10x7x5x3_conv_channels=256x256x256x256_fc_dims=512_seed0  completed  (2.5s)
2026-05-11 21:57:55,491 - INFO - [3406/3780] gpu0  trial_0336_lr=1.0e-03_weight_decay=0_kernel_sizes=10x7x5x3_conv_channels=256x256x256x256_fc_dims=512_seed2  completed  (2.5s)
2026-05-11 21:57:56,107 - INFO - [3407/3780] gpu1  trial_0344_lr=3.0e-04_weight_decay=1.0e-04_kernel_sizes=10x7x5x3_conv_channels=256x256x256x256_fc_dims=512x256_seed9  completed  (8.7s)
2026-05-11 21:57:58,010 - INFO - [3408/3780] gpu0  trial_0336_lr=1.0e-03_weight_decay=0_kernel_sizes=10x7x5x3_conv_channels=256x256x256x256_fc_dims=512_seed4  completed  (2.5s)
2026-05-11 21:57:58,659 - INFO - [3409/3780] gpu1  trial_0345_lr=1.0e-03_weight_decay=0_kernel_sizes=10x7x5x3_conv_channels=256x256x256x256_fc_dims=512x256_seed1  completed  (2.6s)
2026-05-11 21:58:00,506 - INFO - [3410/3780] gpu0  trial_0336_lr=1.0e-03_weight_decay=0_kernel_sizes=10x7x5x3_conv_channels=256x256x256x256_fc_dims=512_seed6  completed  (2.5s)
2026-05-11 21:58:01,168 - INFO - [3411/3780] gpu1  trial_0345_lr=1.0e-03_weight_decay=0_kernel_sizes=10x7x5x3_conv_channels=256x256x256x256_fc_dims=512x256_seed3  completed  (2.5s)
2026-05-11 21:58:03,020 - INFO - [3412/3780] gpu0  trial_0336_lr=1.0e-03_weight_decay=0_kernel_sizes=10x7x5x3_conv_channels=256x256x256x256_fc_dims=512_seed8  completed  (2.5s)
2026-05-11 21:58:05,507 - INFO - [3413/3780] gpu0  trial_0337_lr=1.0e-03_weight_decay=1.0e-05_kernel_sizes=10x7x5x3_conv_channels=256x256x256x256_fc_dims=512_seed0  completed  (2.5s)
2026-05-11 21:58:07,229 - INFO - [3414/3780] gpu1  trial_0345_lr=1.0e-03_weight_decay=0_kernel_sizes=10x7x5x3_conv_channels=256x256x256x256_fc_dims=512x256_seed5  completed  (6.1s)
2026-05-11 21:58:07,982 - INFO - [3415/3780] gpu0  trial_0337_lr=1.0e-03_weight_decay=1.0e-05_kernel_sizes=10x7x5x3_conv_channels=256x256x256x256_fc_dims=512_seed2  completed  (2.5s)
2026-05-11 21:58:09,817 - INFO - [3416/3780] gpu1  trial_0345_lr=1.0e-03_weight_decay=0_kernel_sizes=10x7x5x3_conv_channels=256x256x256x256_fc_dims=512x256_seed7  completed  (2.6s)
2026-05-11 21:58:10,475 - INFO - [3417/3780] gpu0  trial_0337_lr=1.0e-03_weight_decay=1.0e-05_kernel_sizes=10x7x5x3_conv_channels=256x256x256x256_fc_dims=512_seed4  completed  (2.5s)
2026-05-11 21:58:12,360 - INFO - [3418/3780] gpu1  trial_0345_lr=1.0e-03_weight_decay=0_kernel_sizes=10x7x5x3_conv_channels=256x256x256x256_fc_dims=512x256_seed9  completed  (2.5s)
2026-05-11 21:58:12,985 - INFO - [3419/3780] gpu0  trial_0337_lr=1.0e-03_weight_decay=1.0e-05_kernel_sizes=10x7x5x3_conv_channels=256x256x256x256_fc_dims=512_seed6  completed  (2.5s)
2026-05-11 21:58:14,883 - INFO - [3420/3780] gpu1  trial_0346_lr=1.0e-03_weight_decay=1.0e-05_kernel_sizes=10x7x5x3_conv_channels=256x256x256x256_fc_dims=512x256_seed1  completed  (2.5s)
2026-05-11 21:58:15,460 - INFO - [3421/3780] gpu0  trial_0337_lr=1.0e-03_weight_decay=1.0e-05_kernel_sizes=10x7x5x3_conv_channels=256x256x256x256_fc_dims=512_seed8  completed  (2.5s)
2026-05-11 21:58:17,436 - INFO - [3422/3780] gpu1  trial_0346_lr=1.0e-03_weight_decay=1.0e-05_kernel_sizes=10x7x5x3_conv_channels=256x256x256x256_fc_dims=512x256_seed3  completed  (2.6s)
2026-05-11 21:58:17,931 - INFO - [3423/3780] gpu0  trial_0338_lr=1.0e-03_weight_decay=1.0e-04_kernel_sizes=10x7x5x3_conv_channels=256x256x256x256_fc_dims=512_seed0  completed  (2.5s)
2026-05-11 21:58:19,959 - INFO - [3424/3780] gpu1  trial_0346_lr=1.0e-03_weight_decay=1.0e-05_kernel_sizes=10x7x5x3_conv_channels=256x256x256x256_fc_dims=512x256_seed5  completed  (2.5s)
2026-05-11 21:58:20,423 - INFO - [3425/3780] gpu0  trial_0338_lr=1.0e-03_weight_decay=1.0e-04_kernel_sizes=10x7x5x3_conv_channels=256x256x256x256_fc_dims=512_seed2  completed  (2.5s)
2026-05-11 21:58:22,938 - INFO - [3426/3780] gpu0  trial_0338_lr=1.0e-03_weight_decay=1.0e-04_kernel_sizes=10x7x5x3_conv_channels=256x256x256x256_fc_dims=512_seed4  completed  (2.5s)
2026-05-11 21:58:25,458 - INFO - [3427/3780] gpu0  trial_0338_lr=1.0e-03_weight_decay=1.0e-04_kernel_sizes=10x7x5x3_conv_channels=256x256x256x256_fc_dims=512_seed6  completed  (2.5s)
2026-05-11 21:58:27,963 - INFO - [3428/3780] gpu0  trial_0338_lr=1.0e-03_weight_decay=1.0e-04_kernel_sizes=10x7x5x3_conv_channels=256x256x256x256_fc_dims=512_seed8  completed  (2.5s)
2026-05-11 21:58:28,780 - INFO - [3429/3780] gpu1  trial_0346_lr=1.0e-03_weight_decay=1.0e-05_kernel_sizes=10x7x5x3_conv_channels=256x256x256x256_fc_dims=512x256_seed7  completed  (8.8s)
2026-05-11 21:58:31,403 - INFO - [3430/3780] gpu1  trial_0346_lr=1.0e-03_weight_decay=1.0e-05_kernel_sizes=10x7x5x3_conv_channels=256x256x256x256_fc_dims=512x256_seed9  completed  (2.6s)
2026-05-11 21:58:36,354 - INFO - [3431/3780] gpu0  trial_0339_lr=3.0e-03_weight_decay=0_kernel_sizes=10x7x5x3_conv_channels=256x256x256x256_fc_dims=512_seed0  completed  (8.4s)
2026-05-11 21:58:40,293 - INFO - [3432/3780] gpu1  trial_0347_lr=1.0e-03_weight_decay=1.0e-04_kernel_sizes=10x7x5x3_conv_channels=256x256x256x256_fc_dims=512x256_seed1  completed  (8.9s)
2026-05-11 21:58:42,860 - INFO - [3433/3780] gpu1  trial_0347_lr=1.0e-03_weight_decay=1.0e-04_kernel_sizes=10x7x5x3_conv_channels=256x256x256x256_fc_dims=512x256_seed3  completed  (2.6s)
2026-05-11 21:58:43,828 - INFO - [3434/3780] gpu0  trial_0339_lr=3.0e-03_weight_decay=0_kernel_sizes=10x7x5x3_conv_channels=256x256x256x256_fc_dims=512_seed2  completed  (7.5s)
2026-05-11 21:58:46,070 - INFO - [3435/3780] gpu0  trial_0339_lr=3.0e-03_weight_decay=0_kernel_sizes=10x7x5x3_conv_channels=256x256x256x256_fc_dims=512_seed4  completed  (2.2s)
2026-05-11 21:58:46,428 - INFO - [3436/3780] gpu1  trial_0347_lr=1.0e-03_weight_decay=1.0e-04_kernel_sizes=10x7x5x3_conv_channels=256x256x256x256_fc_dims=512x256_seed5  completed  (3.6s)
2026-05-11 21:58:48,989 - INFO - [3437/3780] gpu1  trial_0347_lr=1.0e-03_weight_decay=1.0e-04_kernel_sizes=10x7x5x3_conv_channels=256x256x256x256_fc_dims=512x256_seed7  completed  (2.6s)
2026-05-11 21:58:51,564 - INFO - [3438/3780] gpu1  trial_0347_lr=1.0e-03_weight_decay=1.0e-04_kernel_sizes=10x7x5x3_conv_channels=256x256x256x256_fc_dims=512x256_seed9  completed  (2.6s)
2026-05-11 21:58:53,838 - INFO - [3439/3780] gpu1  trial_0348_lr=3.0e-03_weight_decay=0_kernel_sizes=10x7x5x3_conv_channels=256x256x256x256_fc_dims=512x256_seed1  completed  (2.3s)
2026-05-11 21:58:54,505 - INFO - [3440/3780] gpu0  trial_0339_lr=3.0e-03_weight_decay=0_kernel_sizes=10x7x5x3_conv_channels=256x256x256x256_fc_dims=512_seed6  completed  (8.4s)
2026-05-11 21:59:02,469 - INFO - [3441/3780] gpu1  trial_0348_lr=3.0e-03_weight_decay=0_kernel_sizes=10x7x5x3_conv_channels=256x256x256x256_fc_dims=512x256_seed3  completed  (8.6s)
2026-05-11 21:59:02,987 - INFO - [3442/3780] gpu0  trial_0339_lr=3.0e-03_weight_decay=0_kernel_sizes=10x7x5x3_conv_channels=256x256x256x256_fc_dims=512_seed8  completed  (8.5s)
2026-05-11 21:59:11,239 - INFO - [3443/3780] gpu1  trial_0348_lr=3.0e-03_weight_decay=0_kernel_sizes=10x7x5x3_conv_channels=256x256x256x256_fc_dims=512x256_seed5  completed  (8.8s)
2026-05-11 21:59:11,397 - INFO - [3444/3780] gpu0  trial_0340_lr=3.0e-03_weight_decay=1.0e-05_kernel_sizes=10x7x5x3_conv_channels=256x256x256x256_fc_dims=512_seed0  completed  (8.4s)
2026-05-11 21:59:19,730 - INFO - [3445/3780] gpu0  trial_0340_lr=3.0e-03_weight_decay=1.0e-05_kernel_sizes=10x7x5x3_conv_channels=256x256x256x256_fc_dims=512_seed2  completed  (8.3s)
2026-05-11 21:59:20,093 - INFO - [3446/3780] gpu1  trial_0348_lr=3.0e-03_weight_decay=0_kernel_sizes=10x7x5x3_conv_channels=256x256x256x256_fc_dims=512x256_seed7  completed  (8.9s)
2026-05-11 21:59:21,923 - INFO - [3447/3780] gpu0  trial_0340_lr=3.0e-03_weight_decay=1.0e-05_kernel_sizes=10x7x5x3_conv_channels=256x256x256x256_fc_dims=512_seed4  completed  (2.2s)
2026-05-11 21:59:29,013 - INFO - [3448/3780] gpu1  trial_0348_lr=3.0e-03_weight_decay=0_kernel_sizes=10x7x5x3_conv_channels=256x256x256x256_fc_dims=512x256_seed9  completed  (8.9s)
2026-05-11 21:59:30,278 - INFO - [3449/3780] gpu0  trial_0340_lr=3.0e-03_weight_decay=1.0e-05_kernel_sizes=10x7x5x3_conv_channels=256x256x256x256_fc_dims=512_seed6  completed  (8.4s)
2026-05-11 21:59:37,862 - INFO - [3450/3780] gpu1  trial_0349_lr=3.0e-03_weight_decay=1.0e-05_kernel_sizes=10x7x5x3_conv_channels=256x256x256x256_fc_dims=512x256_seed1  completed  (8.8s)
2026-05-11 21:59:38,609 - INFO - [3451/3780] gpu0  trial_0340_lr=3.0e-03_weight_decay=1.0e-05_kernel_sizes=10x7x5x3_conv_channels=256x256x256x256_fc_dims=512_seed8  completed  (8.3s)
2026-05-11 21:59:46,573 - INFO - [3452/3780] gpu1  trial_0349_lr=3.0e-03_weight_decay=1.0e-05_kernel_sizes=10x7x5x3_conv_channels=256x256x256x256_fc_dims=512x256_seed3  completed  (8.7s)
2026-05-11 21:59:47,228 - INFO - [3453/3780] gpu0  trial_0341_lr=3.0e-03_weight_decay=1.0e-04_kernel_sizes=10x7x5x3_conv_channels=256x256x256x256_fc_dims=512_seed0  completed  (8.6s)
2026-05-11 21:59:52,963 - INFO - [3454/3780] gpu0  trial_0341_lr=3.0e-03_weight_decay=1.0e-04_kernel_sizes=10x7x5x3_conv_channels=256x256x256x256_fc_dims=512_seed2  completed  (5.7s)
2026-05-11 21:59:55,199 - INFO - [3455/3780] gpu0  trial_0341_lr=3.0e-03_weight_decay=1.0e-04_kernel_sizes=10x7x5x3_conv_channels=256x256x256x256_fc_dims=512_seed4  completed  (2.2s)
2026-05-11 21:59:55,564 - INFO - [3456/3780] gpu1  trial_0349_lr=3.0e-03_weight_decay=1.0e-05_kernel_sizes=10x7x5x3_conv_channels=256x256x256x256_fc_dims=512x256_seed5  completed  (9.0s)
2026-05-11 22:00:03,457 - INFO - [3457/3780] gpu0  trial_0341_lr=3.0e-03_weight_decay=1.0e-04_kernel_sizes=10x7x5x3_conv_channels=256x256x256x256_fc_dims=512_seed6  completed  (8.3s)
2026-05-11 22:00:04,457 - INFO - [3458/3780] gpu1  trial_0349_lr=3.0e-03_weight_decay=1.0e-05_kernel_sizes=10x7x5x3_conv_channels=256x256x256x256_fc_dims=512x256_seed7  completed  (8.9s)
2026-05-11 22:00:09,694 - INFO - [3459/3780] gpu0  trial_0341_lr=3.0e-03_weight_decay=1.0e-04_kernel_sizes=10x7x5x3_conv_channels=256x256x256x256_fc_dims=512_seed8  completed  (6.2s)
2026-05-11 22:00:12,850 - INFO - [3460/3780] gpu0  trial_0342_lr=3.0e-04_weight_decay=0_kernel_sizes=10x7x5x3_conv_channels=256x256x256x256_fc_dims=512x256_seed0  completed  (3.2s)
2026-05-11 22:00:13,197 - INFO - [3461/3780] gpu1  trial_0349_lr=3.0e-03_weight_decay=1.0e-05_kernel_sizes=10x7x5x3_conv_channels=256x256x256x256_fc_dims=512x256_seed9  completed  (8.7s)
2026-05-11 22:00:15,970 - INFO - [3462/3780] gpu0  trial_0342_lr=3.0e-04_weight_decay=0_kernel_sizes=10x7x5x3_conv_channels=256x256x256x256_fc_dims=512x256_seed2  completed  (3.1s)
2026-05-11 22:00:19,129 - INFO - [3463/3780] gpu0  trial_0342_lr=3.0e-04_weight_decay=0_kernel_sizes=10x7x5x3_conv_channels=256x256x256x256_fc_dims=512x256_seed4  completed  (3.2s)
2026-05-11 22:00:21,966 - INFO - [3464/3780] gpu1  trial_0350_lr=3.0e-03_weight_decay=1.0e-04_kernel_sizes=10x7x5x3_conv_channels=256x256x256x256_fc_dims=512x256_seed1  completed  (8.8s)
2026-05-11 22:00:27,901 - INFO - [3465/3780] gpu0  trial_0342_lr=3.0e-04_weight_decay=0_kernel_sizes=10x7x5x3_conv_channels=256x256x256x256_fc_dims=512x256_seed6  completed  (8.8s)
2026-05-11 22:00:30,846 - INFO - [3466/3780] gpu1  trial_0350_lr=3.0e-03_weight_decay=1.0e-04_kernel_sizes=10x7x5x3_conv_channels=256x256x256x256_fc_dims=512x256_seed3  completed  (8.9s)
2026-05-11 22:00:31,606 - INFO - [3467/3780] gpu0  trial_0342_lr=3.0e-04_weight_decay=0_kernel_sizes=10x7x5x3_conv_channels=256x256x256x256_fc_dims=512x256_seed8  completed  (3.7s)
2026-05-11 22:00:34,761 - INFO - [3468/3780] gpu0  trial_0343_lr=3.0e-04_weight_decay=1.0e-05_kernel_sizes=10x7x5x3_conv_channels=256x256x256x256_fc_dims=512x256_seed0  completed  (3.2s)
2026-05-11 22:00:37,966 - INFO - [3469/3780] gpu0  trial_0343_lr=3.0e-04_weight_decay=1.0e-05_kernel_sizes=10x7x5x3_conv_channels=256x256x256x256_fc_dims=512x256_seed2  completed  (3.2s)
2026-05-11 22:00:39,620 - INFO - [3470/3780] gpu1  trial_0350_lr=3.0e-03_weight_decay=1.0e-04_kernel_sizes=10x7x5x3_conv_channels=256x256x256x256_fc_dims=512x256_seed5  completed  (8.8s)
2026-05-11 22:00:41,057 - INFO - [3471/3780] gpu0  trial_0343_lr=3.0e-04_weight_decay=1.0e-05_kernel_sizes=10x7x5x3_conv_channels=256x256x256x256_fc_dims=512x256_seed4  completed  (3.1s)
2026-05-11 22:00:48,315 - INFO - [3472/3780] gpu1  trial_0350_lr=3.0e-03_weight_decay=1.0e-04_kernel_sizes=10x7x5x3_conv_channels=256x256x256x256_fc_dims=512x256_seed7  completed  (8.7s)
2026-05-11 22:00:49,672 - INFO - [3473/3780] gpu0  trial_0343_lr=3.0e-04_weight_decay=1.0e-05_kernel_sizes=10x7x5x3_conv_channels=256x256x256x256_fc_dims=512x256_seed6  completed  (8.6s)
2026-05-11 22:00:52,843 - INFO - [3474/3780] gpu1  trial_0350_lr=3.0e-03_weight_decay=1.0e-04_kernel_sizes=10x7x5x3_conv_channels=256x256x256x256_fc_dims=512x256_seed9  completed  (4.5s)
2026-05-11 22:00:53,209 - INFO - [3475/3780] gpu0  trial_0343_lr=3.0e-04_weight_decay=1.0e-05_kernel_sizes=10x7x5x3_conv_channels=256x256x256x256_fc_dims=512x256_seed8  completed  (3.5s)
2026-05-11 22:00:56,376 - INFO - [3476/3780] gpu0  trial_0344_lr=3.0e-04_weight_decay=1.0e-04_kernel_sizes=10x7x5x3_conv_channels=256x256x256x256_fc_dims=512x256_seed0  completed  (3.2s)
2026-05-11 22:00:59,520 - INFO - [3477/3780] gpu0  trial_0344_lr=3.0e-04_weight_decay=1.0e-04_kernel_sizes=10x7x5x3_conv_channels=256x256x256x256_fc_dims=512x256_seed2  completed  (3.1s)
2026-05-11 22:01:01,499 - INFO - [3478/3780] gpu1  trial_0351_lr=3.0e-04_weight_decay=0_kernel_sizes=7x7x5x3_conv_channels=256x256x256x256_fc_dims=256_seed1  completed  (8.7s)
2026-05-11 22:01:02,694 - INFO - [3479/3780] gpu0  trial_0344_lr=3.0e-04_weight_decay=1.0e-04_kernel_sizes=10x7x5x3_conv_channels=256x256x256x256_fc_dims=512x256_seed4  completed  (3.2s)
2026-05-11 22:01:09,673 - INFO - [3480/3780] gpu1  trial_0351_lr=3.0e-04_weight_decay=0_kernel_sizes=7x7x5x3_conv_channels=256x256x256x256_fc_dims=256_seed3  completed  (8.2s)
2026-05-11 22:01:11,493 - INFO - [3481/3780] gpu0  trial_0344_lr=3.0e-04_weight_decay=1.0e-04_kernel_sizes=10x7x5x3_conv_channels=256x256x256x256_fc_dims=512x256_seed6  completed  (8.8s)
2026-05-11 22:01:15,088 - INFO - [3482/3780] gpu0  trial_0344_lr=3.0e-04_weight_decay=1.0e-04_kernel_sizes=10x7x5x3_conv_channels=256x256x256x256_fc_dims=512x256_seed8  completed  (3.6s)
2026-05-11 22:01:17,762 - INFO - [3483/3780] gpu1  trial_0351_lr=3.0e-04_weight_decay=0_kernel_sizes=7x7x5x3_conv_channels=256x256x256x256_fc_dims=256_seed5  completed  (8.1s)
2026-05-11 22:01:24,134 - INFO - [3484/3780] gpu0  trial_0345_lr=1.0e-03_weight_decay=0_kernel_sizes=10x7x5x3_conv_channels=256x256x256x256_fc_dims=512x256_seed0  completed  (9.0s)
2026-05-11 22:01:25,991 - INFO - [3485/3780] gpu1  trial_0351_lr=3.0e-04_weight_decay=0_kernel_sizes=7x7x5x3_conv_channels=256x256x256x256_fc_dims=256_seed7  completed  (8.2s)
2026-05-11 22:01:32,954 - INFO - [3486/3780] gpu0  trial_0345_lr=1.0e-03_weight_decay=0_kernel_sizes=10x7x5x3_conv_channels=256x256x256x256_fc_dims=512x256_seed2  completed  (8.8s)
2026-05-11 22:01:34,255 - INFO - [3487/3780] gpu1  trial_0351_lr=3.0e-04_weight_decay=0_kernel_sizes=7x7x5x3_conv_channels=256x256x256x256_fc_dims=256_seed9  completed  (8.3s)
2026-05-11 22:01:35,502 - INFO - [3488/3780] gpu0  trial_0345_lr=1.0e-03_weight_decay=0_kernel_sizes=10x7x5x3_conv_channels=256x256x256x256_fc_dims=512x256_seed4  completed  (2.5s)
2026-05-11 22:01:42,537 - INFO - [3489/3780] gpu1  trial_0352_lr=3.0e-04_weight_decay=1.0e-05_kernel_sizes=7x7x5x3_conv_channels=256x256x256x256_fc_dims=256_seed1  completed  (8.3s)
2026-05-11 22:01:44,360 - INFO - [3490/3780] gpu0  trial_0345_lr=1.0e-03_weight_decay=0_kernel_sizes=10x7x5x3_conv_channels=256x256x256x256_fc_dims=512x256_seed6  completed  (8.9s)
2026-05-11 22:01:46,997 - INFO - [3491/3780] gpu0  trial_0345_lr=1.0e-03_weight_decay=0_kernel_sizes=10x7x5x3_conv_channels=256x256x256x256_fc_dims=512x256_seed8  completed  (2.6s)
2026-05-11 22:01:50,783 - INFO - [3492/3780] gpu1  trial_0352_lr=3.0e-04_weight_decay=1.0e-05_kernel_sizes=7x7x5x3_conv_channels=256x256x256x256_fc_dims=256_seed3  completed  (8.2s)
2026-05-11 22:01:55,895 - INFO - [3493/3780] gpu0  trial_0346_lr=1.0e-03_weight_decay=1.0e-05_kernel_sizes=10x7x5x3_conv_channels=256x256x256x256_fc_dims=512x256_seed0  completed  (8.9s)
2026-05-11 22:01:59,121 - INFO - [3494/3780] gpu1  trial_0352_lr=3.0e-04_weight_decay=1.0e-05_kernel_sizes=7x7x5x3_conv_channels=256x256x256x256_fc_dims=256_seed5  completed  (8.3s)
2026-05-11 22:02:04,896 - INFO - [3495/3780] gpu0  trial_0346_lr=1.0e-03_weight_decay=1.0e-05_kernel_sizes=10x7x5x3_conv_channels=256x256x256x256_fc_dims=512x256_seed2  completed  (9.0s)
2026-05-11 22:02:07,320 - INFO - [3496/3780] gpu1  trial_0352_lr=3.0e-04_weight_decay=1.0e-05_kernel_sizes=7x7x5x3_conv_channels=256x256x256x256_fc_dims=256_seed7  completed  (8.2s)
2026-05-11 22:02:13,891 - INFO - [3497/3780] gpu0  trial_0346_lr=1.0e-03_weight_decay=1.0e-05_kernel_sizes=10x7x5x3_conv_channels=256x256x256x256_fc_dims=512x256_seed4  completed  (9.0s)
2026-05-11 22:02:15,402 - INFO - [3498/3780] gpu1  trial_0352_lr=3.0e-04_weight_decay=1.0e-05_kernel_sizes=7x7x5x3_conv_channels=256x256x256x256_fc_dims=256_seed9  completed  (8.1s)
2026-05-11 22:02:18,846 - INFO - [3499/3780] gpu0  trial_0346_lr=1.0e-03_weight_decay=1.0e-05_kernel_sizes=10x7x5x3_conv_channels=256x256x256x256_fc_dims=512x256_seed6  completed  (5.0s)
2026-05-11 22:02:21,400 - INFO - [3500/3780] gpu0  trial_0346_lr=1.0e-03_weight_decay=1.0e-05_kernel_sizes=10x7x5x3_conv_channels=256x256x256x256_fc_dims=512x256_seed8  completed  (2.6s)
2026-05-11 22:02:23,638 - INFO - [3501/3780] gpu1  trial_0353_lr=3.0e-04_weight_decay=1.0e-04_kernel_sizes=7x7x5x3_conv_channels=256x256x256x256_fc_dims=256_seed1  completed  (8.2s)
2026-05-11 22:02:30,143 - INFO - [3502/3780] gpu0  trial_0347_lr=1.0e-03_weight_decay=1.0e-04_kernel_sizes=10x7x5x3_conv_channels=256x256x256x256_fc_dims=512x256_seed0  completed  (8.7s)
2026-05-11 22:02:32,049 - INFO - [3503/3780] gpu1  trial_0353_lr=3.0e-04_weight_decay=1.0e-04_kernel_sizes=7x7x5x3_conv_channels=256x256x256x256_fc_dims=256_seed3  completed  (8.4s)
2026-05-11 22:02:39,145 - INFO - [3504/3780] gpu0  trial_0347_lr=1.0e-03_weight_decay=1.0e-04_kernel_sizes=10x7x5x3_conv_channels=256x256x256x256_fc_dims=512x256_seed2  completed  (9.0s)
2026-05-11 22:02:40,161 - INFO - [3505/3780] gpu1  trial_0353_lr=3.0e-04_weight_decay=1.0e-04_kernel_sizes=7x7x5x3_conv_channels=256x256x256x256_fc_dims=256_seed5  completed  (8.1s)
2026-05-11 22:02:48,042 - INFO - [3506/3780] gpu0  trial_0347_lr=1.0e-03_weight_decay=1.0e-04_kernel_sizes=10x7x5x3_conv_channels=256x256x256x256_fc_dims=512x256_seed4  completed  (8.9s)
2026-05-11 22:02:48,274 - INFO - [3507/3780] gpu1  trial_0353_lr=3.0e-04_weight_decay=1.0e-04_kernel_sizes=7x7x5x3_conv_channels=256x256x256x256_fc_dims=256_seed7  completed  (8.1s)
2026-05-11 22:02:50,632 - INFO - [3508/3780] gpu0  trial_0347_lr=1.0e-03_weight_decay=1.0e-04_kernel_sizes=10x7x5x3_conv_channels=256x256x256x256_fc_dims=512x256_seed6  completed  (2.6s)
2026-05-11 22:02:53,233 - INFO - [3509/3780] gpu0  trial_0347_lr=1.0e-03_weight_decay=1.0e-04_kernel_sizes=10x7x5x3_conv_channels=256x256x256x256_fc_dims=512x256_seed8  completed  (2.6s)
2026-05-11 22:02:56,436 - INFO - [3510/3780] gpu1  trial_0353_lr=3.0e-04_weight_decay=1.0e-04_kernel_sizes=7x7x5x3_conv_channels=256x256x256x256_fc_dims=256_seed9  completed  (8.2s)
2026-05-11 22:02:58,066 - INFO - [3511/3780] gpu0  trial_0348_lr=3.0e-03_weight_decay=0_kernel_sizes=10x7x5x3_conv_channels=256x256x256x256_fc_dims=512x256_seed0  completed  (4.8s)
2026-05-11 22:02:58,884 - INFO - [3512/3780] gpu1  trial_0354_lr=1.0e-03_weight_decay=0_kernel_sizes=7x7x5x3_conv_channels=256x256x256x256_fc_dims=256_seed1  completed  (2.4s)
2026-05-11 22:03:01,373 - INFO - [3513/3780] gpu1  trial_0354_lr=1.0e-03_weight_decay=0_kernel_sizes=7x7x5x3_conv_channels=256x256x256x256_fc_dims=256_seed3  completed  (2.5s)
2026-05-11 22:03:03,880 - INFO - [3514/3780] gpu1  trial_0354_lr=1.0e-03_weight_decay=0_kernel_sizes=7x7x5x3_conv_channels=256x256x256x256_fc_dims=256_seed5  completed  (2.5s)
2026-05-11 22:03:07,012 - INFO - [3515/3780] gpu0  trial_0348_lr=3.0e-03_weight_decay=0_kernel_sizes=10x7x5x3_conv_channels=256x256x256x256_fc_dims=512x256_seed2  completed  (8.9s)
2026-05-11 22:03:12,048 - INFO - [3516/3780] gpu1  trial_0354_lr=1.0e-03_weight_decay=0_kernel_sizes=7x7x5x3_conv_channels=256x256x256x256_fc_dims=256_seed7  completed  (8.2s)
2026-05-11 22:03:14,542 - INFO - [3517/3780] gpu1  trial_0354_lr=1.0e-03_weight_decay=0_kernel_sizes=7x7x5x3_conv_channels=256x256x256x256_fc_dims=256_seed9  completed  (2.5s)
2026-05-11 22:03:15,979 - INFO - [3518/3780] gpu0  trial_0348_lr=3.0e-03_weight_decay=0_kernel_sizes=10x7x5x3_conv_channels=256x256x256x256_fc_dims=512x256_seed4  completed  (9.0s)
2026-05-11 22:03:16,977 - INFO - [3519/3780] gpu1  trial_0355_lr=1.0e-03_weight_decay=1.0e-05_kernel_sizes=7x7x5x3_conv_channels=256x256x256x256_fc_dims=256_seed1  completed  (2.4s)
2026-05-11 22:03:19,474 - INFO - [3520/3780] gpu1  trial_0355_lr=1.0e-03_weight_decay=1.0e-05_kernel_sizes=7x7x5x3_conv_channels=256x256x256x256_fc_dims=256_seed3  completed  (2.5s)
2026-05-11 22:03:22,020 - INFO - [3521/3780] gpu1  trial_0355_lr=1.0e-03_weight_decay=1.0e-05_kernel_sizes=7x7x5x3_conv_channels=256x256x256x256_fc_dims=256_seed5  completed  (2.5s)
2026-05-11 22:03:24,880 - INFO - [3522/3780] gpu0  trial_0348_lr=3.0e-03_weight_decay=0_kernel_sizes=10x7x5x3_conv_channels=256x256x256x256_fc_dims=512x256_seed6  completed  (8.9s)
2026-05-11 22:03:30,262 - INFO - [3523/3780] gpu1  trial_0355_lr=1.0e-03_weight_decay=1.0e-05_kernel_sizes=7x7x5x3_conv_channels=256x256x256x256_fc_dims=256_seed7  completed  (8.2s)
2026-05-11 22:03:32,744 - INFO - [3524/3780] gpu1  trial_0355_lr=1.0e-03_weight_decay=1.0e-05_kernel_sizes=7x7x5x3_conv_channels=256x256x256x256_fc_dims=256_seed9  completed  (2.5s)
2026-05-11 22:03:33,811 - INFO - [3525/3780] gpu0  trial_0348_lr=3.0e-03_weight_decay=0_kernel_sizes=10x7x5x3_conv_channels=256x256x256x256_fc_dims=512x256_seed8  completed  (8.9s)
2026-05-11 22:03:35,191 - INFO - [3526/3780] gpu1  trial_0356_lr=1.0e-03_weight_decay=1.0e-04_kernel_sizes=7x7x5x3_conv_channels=256x256x256x256_fc_dims=256_seed1  completed  (2.4s)
2026-05-11 22:03:37,704 - INFO - [3527/3780] gpu1  trial_0356_lr=1.0e-03_weight_decay=1.0e-04_kernel_sizes=7x7x5x3_conv_channels=256x256x256x256_fc_dims=256_seed3  completed  (2.5s)
2026-05-11 22:03:40,178 - INFO - [3528/3780] gpu1  trial_0356_lr=1.0e-03_weight_decay=1.0e-04_kernel_sizes=7x7x5x3_conv_channels=256x256x256x256_fc_dims=256_seed5  completed  (2.5s)
2026-05-11 22:03:42,610 - INFO - [3529/3780] gpu0  trial_0349_lr=3.0e-03_weight_decay=1.0e-05_kernel_sizes=10x7x5x3_conv_channels=256x256x256x256_fc_dims=512x256_seed0  completed  (8.8s)
2026-05-11 22:03:42,620 - INFO - [3530/3780] gpu1  trial_0356_lr=1.0e-03_weight_decay=1.0e-04_kernel_sizes=7x7x5x3_conv_channels=256x256x256x256_fc_dims=256_seed7  completed  (2.4s)
2026-05-11 22:03:45,020 - INFO - [3531/3780] gpu1  trial_0356_lr=1.0e-03_weight_decay=1.0e-04_kernel_sizes=7x7x5x3_conv_channels=256x256x256x256_fc_dims=256_seed9  completed  (2.4s)
2026-05-11 22:03:51,514 - INFO - [3532/3780] gpu0  trial_0349_lr=3.0e-03_weight_decay=1.0e-05_kernel_sizes=10x7x5x3_conv_channels=256x256x256x256_fc_dims=512x256_seed2  completed  (8.9s)
2026-05-11 22:03:53,222 - INFO - [3533/3780] gpu1  trial_0357_lr=3.0e-03_weight_decay=0_kernel_sizes=7x7x5x3_conv_channels=256x256x256x256_fc_dims=256_seed1  completed  (8.2s)
2026-05-11 22:04:00,590 - INFO - [3534/3780] gpu0  trial_0349_lr=3.0e-03_weight_decay=1.0e-05_kernel_sizes=10x7x5x3_conv_channels=256x256x256x256_fc_dims=512x256_seed4  completed  (9.1s)
2026-05-11 22:04:01,441 - INFO - [3535/3780] gpu1  trial_0357_lr=3.0e-03_weight_decay=0_kernel_sizes=7x7x5x3_conv_channels=256x256x256x256_fc_dims=256_seed3  completed  (8.2s)
2026-05-11 22:04:09,526 - INFO - [3536/3780] gpu0  trial_0349_lr=3.0e-03_weight_decay=1.0e-05_kernel_sizes=10x7x5x3_conv_channels=256x256x256x256_fc_dims=512x256_seed6  completed  (8.9s)
2026-05-11 22:04:09,659 - INFO - [3537/3780] gpu1  trial_0357_lr=3.0e-03_weight_decay=0_kernel_sizes=7x7x5x3_conv_channels=256x256x256x256_fc_dims=256_seed5  completed  (8.2s)
2026-05-11 22:04:17,856 - INFO - [3538/3780] gpu1  trial_0357_lr=3.0e-03_weight_decay=0_kernel_sizes=7x7x5x3_conv_channels=256x256x256x256_fc_dims=256_seed7  completed  (8.2s)
2026-05-11 22:04:18,434 - INFO - [3539/3780] gpu0  trial_0349_lr=3.0e-03_weight_decay=1.0e-05_kernel_sizes=10x7x5x3_conv_channels=256x256x256x256_fc_dims=512x256_seed8  completed  (8.9s)
2026-05-11 22:04:20,244 - INFO - [3540/3780] gpu1  trial_0357_lr=3.0e-03_weight_decay=0_kernel_sizes=7x7x5x3_conv_channels=256x256x256x256_fc_dims=256_seed9  completed  (2.4s)
2026-05-11 22:04:25,089 - INFO - [3541/3780] gpu0  trial_0350_lr=3.0e-03_weight_decay=1.0e-04_kernel_sizes=10x7x5x3_conv_channels=256x256x256x256_fc_dims=512x256_seed0  completed  (6.7s)
2026-05-11 22:04:27,141 - INFO - [3542/3780] gpu1  trial_0358_lr=3.0e-03_weight_decay=1.0e-05_kernel_sizes=7x7x5x3_conv_channels=256x256x256x256_fc_dims=256_seed1  completed  (6.9s)
2026-05-11 22:04:33,875 - INFO - [3543/3780] gpu0  trial_0350_lr=3.0e-03_weight_decay=1.0e-04_kernel_sizes=10x7x5x3_conv_channels=256x256x256x256_fc_dims=512x256_seed2  completed  (8.8s)
2026-05-11 22:04:35,389 - INFO - [3544/3780] gpu1  trial_0358_lr=3.0e-03_weight_decay=1.0e-05_kernel_sizes=7x7x5x3_conv_channels=256x256x256x256_fc_dims=256_seed3  completed  (8.2s)
2026-05-11 22:04:42,762 - INFO - [3545/3780] gpu0  trial_0350_lr=3.0e-03_weight_decay=1.0e-04_kernel_sizes=10x7x5x3_conv_channels=256x256x256x256_fc_dims=512x256_seed4  completed  (8.9s)
2026-05-11 22:04:43,520 - INFO - [3546/3780] gpu1  trial_0358_lr=3.0e-03_weight_decay=1.0e-05_kernel_sizes=7x7x5x3_conv_channels=256x256x256x256_fc_dims=256_seed5  completed  (8.1s)
2026-05-11 22:04:48,963 - INFO - [3547/3780] gpu0  trial_0350_lr=3.0e-03_weight_decay=1.0e-04_kernel_sizes=10x7x5x3_conv_channels=256x256x256x256_fc_dims=512x256_seed6  completed  (6.2s)
2026-05-11 22:04:52,019 - INFO - [3548/3780] gpu1  trial_0358_lr=3.0e-03_weight_decay=1.0e-05_kernel_sizes=7x7x5x3_conv_channels=256x256x256x256_fc_dims=256_seed7  completed  (8.5s)
2026-05-11 22:04:57,238 - INFO - [3549/3780] gpu0  trial_0350_lr=3.0e-03_weight_decay=1.0e-04_kernel_sizes=10x7x5x3_conv_channels=256x256x256x256_fc_dims=512x256_seed8  completed  (8.3s)
2026-05-11 22:05:00,487 - INFO - [3550/3780] gpu1  trial_0358_lr=3.0e-03_weight_decay=1.0e-05_kernel_sizes=7x7x5x3_conv_channels=256x256x256x256_fc_dims=256_seed9  completed  (8.5s)
2026-05-11 22:05:03,913 - INFO - [3551/3780] gpu1  trial_0359_lr=3.0e-03_weight_decay=1.0e-04_kernel_sizes=7x7x5x3_conv_channels=256x256x256x256_fc_dims=256_seed1  completed  (3.4s)
2026-05-11 22:05:05,548 - INFO - [3552/3780] gpu0  trial_0351_lr=3.0e-04_weight_decay=0_kernel_sizes=7x7x5x3_conv_channels=256x256x256x256_fc_dims=256_seed0  completed  (8.3s)
2026-05-11 22:05:08,783 - INFO - [3553/3780] gpu1  trial_0359_lr=3.0e-03_weight_decay=1.0e-04_kernel_sizes=7x7x5x3_conv_channels=256x256x256x256_fc_dims=256_seed3  completed  (4.9s)
2026-05-11 22:05:13,922 - INFO - [3554/3780] gpu0  trial_0351_lr=3.0e-04_weight_decay=0_kernel_sizes=7x7x5x3_conv_channels=256x256x256x256_fc_dims=256_seed2  completed  (8.4s)
2026-05-11 22:05:17,025 - INFO - [3555/3780] gpu1  trial_0359_lr=3.0e-03_weight_decay=1.0e-04_kernel_sizes=7x7x5x3_conv_channels=256x256x256x256_fc_dims=256_seed5  completed  (8.2s)
2026-05-11 22:05:22,112 - INFO - [3556/3780] gpu0  trial_0351_lr=3.0e-04_weight_decay=0_kernel_sizes=7x7x5x3_conv_channels=256x256x256x256_fc_dims=256_seed4  completed  (8.2s)
2026-05-11 22:05:25,447 - INFO - [3557/3780] gpu1  trial_0359_lr=3.0e-03_weight_decay=1.0e-04_kernel_sizes=7x7x5x3_conv_channels=256x256x256x256_fc_dims=256_seed7  completed  (8.4s)
2026-05-11 22:05:28,880 - INFO - [3558/3780] gpu1  trial_0359_lr=3.0e-03_weight_decay=1.0e-04_kernel_sizes=7x7x5x3_conv_channels=256x256x256x256_fc_dims=256_seed9  completed  (3.4s)
2026-05-11 22:05:30,366 - INFO - [3559/3780] gpu0  trial_0351_lr=3.0e-04_weight_decay=0_kernel_sizes=7x7x5x3_conv_channels=256x256x256x256_fc_dims=256_seed6  completed  (8.3s)
2026-05-11 22:05:37,363 - INFO - [3560/3780] gpu1  trial_0360_lr=3.0e-04_weight_decay=0_kernel_sizes=7x7x5x3_conv_channels=256x256x256x256_fc_dims=512_seed1  completed  (8.5s)
2026-05-11 22:05:38,623 - INFO - [3561/3780] gpu0  trial_0351_lr=3.0e-04_weight_decay=0_kernel_sizes=7x7x5x3_conv_channels=256x256x256x256_fc_dims=256_seed8  completed  (8.3s)
2026-05-11 22:05:40,707 - INFO - [3562/3780] gpu1  trial_0360_lr=3.0e-04_weight_decay=0_kernel_sizes=7x7x5x3_conv_channels=256x256x256x256_fc_dims=512_seed3  completed  (3.3s)
2026-05-11 22:05:46,930 - INFO - [3563/3780] gpu0  trial_0352_lr=3.0e-04_weight_decay=1.0e-05_kernel_sizes=7x7x5x3_conv_channels=256x256x256x256_fc_dims=256_seed0  completed  (8.3s)
2026-05-11 22:05:49,366 - INFO - [3564/3780] gpu1  trial_0360_lr=3.0e-04_weight_decay=0_kernel_sizes=7x7x5x3_conv_channels=256x256x256x256_fc_dims=512_seed5  completed  (8.7s)
2026-05-11 22:05:55,120 - INFO - [3565/3780] gpu0  trial_0352_lr=3.0e-04_weight_decay=1.0e-05_kernel_sizes=7x7x5x3_conv_channels=256x256x256x256_fc_dims=256_seed2  completed  (8.2s)
2026-05-11 22:05:57,801 - INFO - [3566/3780] gpu1  trial_0360_lr=3.0e-04_weight_decay=0_kernel_sizes=7x7x5x3_conv_channels=256x256x256x256_fc_dims=512_seed7  completed  (8.4s)
2026-05-11 22:06:01,344 - INFO - [3567/3780] gpu1  trial_0360_lr=3.0e-04_weight_decay=0_kernel_sizes=7x7x5x3_conv_channels=256x256x256x256_fc_dims=512_seed9  completed  (3.5s)
2026-05-11 22:06:03,424 - INFO - [3568/3780] gpu0  trial_0352_lr=3.0e-04_weight_decay=1.0e-05_kernel_sizes=7x7x5x3_conv_channels=256x256x256x256_fc_dims=256_seed4  completed  (8.3s)
2026-05-11 22:06:09,892 - INFO - [3569/3780] gpu1  trial_0361_lr=3.0e-04_weight_decay=1.0e-05_kernel_sizes=7x7x5x3_conv_channels=256x256x256x256_fc_dims=512_seed1  completed  (8.5s)
2026-05-11 22:06:11,794 - INFO - [3570/3780] gpu0  trial_0352_lr=3.0e-04_weight_decay=1.0e-05_kernel_sizes=7x7x5x3_conv_channels=256x256x256x256_fc_dims=256_seed6  completed  (8.4s)
2026-05-11 22:06:13,264 - INFO - [3571/3780] gpu1  trial_0361_lr=3.0e-04_weight_decay=1.0e-05_kernel_sizes=7x7x5x3_conv_channels=256x256x256x256_fc_dims=512_seed3  completed  (3.4s)
2026-05-11 22:06:20,177 - INFO - [3572/3780] gpu0  trial_0352_lr=3.0e-04_weight_decay=1.0e-05_kernel_sizes=7x7x5x3_conv_channels=256x256x256x256_fc_dims=256_seed8  completed  (8.4s)
2026-05-11 22:06:21,824 - INFO - [3573/3780] gpu1  trial_0361_lr=3.0e-04_weight_decay=1.0e-05_kernel_sizes=7x7x5x3_conv_channels=256x256x256x256_fc_dims=512_seed5  completed  (8.6s)
2026-05-11 22:06:28,430 - INFO - [3574/3780] gpu0  trial_0353_lr=3.0e-04_weight_decay=1.0e-04_kernel_sizes=7x7x5x3_conv_channels=256x256x256x256_fc_dims=256_seed0  completed  (8.3s)
2026-05-11 22:06:30,526 - INFO - [3575/3780] gpu1  trial_0361_lr=3.0e-04_weight_decay=1.0e-05_kernel_sizes=7x7x5x3_conv_channels=256x256x256x256_fc_dims=512_seed7  completed  (8.7s)
2026-05-11 22:06:34,000 - INFO - [3576/3780] gpu1  trial_0361_lr=3.0e-04_weight_decay=1.0e-05_kernel_sizes=7x7x5x3_conv_channels=256x256x256x256_fc_dims=512_seed9  completed  (3.5s)
2026-05-11 22:06:36,852 - INFO - [3577/3780] gpu0  trial_0353_lr=3.0e-04_weight_decay=1.0e-04_kernel_sizes=7x7x5x3_conv_channels=256x256x256x256_fc_dims=256_seed2  completed  (8.4s)
2026-05-11 22:06:42,751 - INFO - [3578/3780] gpu1  trial_0362_lr=3.0e-04_weight_decay=1.0e-04_kernel_sizes=7x7x5x3_conv_channels=256x256x256x256_fc_dims=512_seed1  completed  (8.7s)
2026-05-11 22:06:45,107 - INFO - [3579/3780] gpu0  trial_0353_lr=3.0e-04_weight_decay=1.0e-04_kernel_sizes=7x7x5x3_conv_channels=256x256x256x256_fc_dims=256_seed4  completed  (8.3s)
2026-05-11 22:06:46,085 - INFO - [3580/3780] gpu1  trial_0362_lr=3.0e-04_weight_decay=1.0e-04_kernel_sizes=7x7x5x3_conv_channels=256x256x256x256_fc_dims=512_seed3  completed  (3.3s)
2026-05-11 22:06:53,483 - INFO - [3581/3780] gpu0  trial_0353_lr=3.0e-04_weight_decay=1.0e-04_kernel_sizes=7x7x5x3_conv_channels=256x256x256x256_fc_dims=256_seed6  completed  (8.4s)
2026-05-11 22:06:54,833 - INFO - [3582/3780] gpu1  trial_0362_lr=3.0e-04_weight_decay=1.0e-04_kernel_sizes=7x7x5x3_conv_channels=256x256x256x256_fc_dims=512_seed5  completed  (8.7s)
2026-05-11 22:07:01,741 - INFO - [3583/3780] gpu0  trial_0353_lr=3.0e-04_weight_decay=1.0e-04_kernel_sizes=7x7x5x3_conv_channels=256x256x256x256_fc_dims=256_seed8  completed  (8.3s)
2026-05-11 22:07:03,446 - INFO - [3584/3780] gpu1  trial_0362_lr=3.0e-04_weight_decay=1.0e-04_kernel_sizes=7x7x5x3_conv_channels=256x256x256x256_fc_dims=512_seed7  completed  (8.6s)
2026-05-11 22:07:04,222 - INFO - [3585/3780] gpu0  trial_0354_lr=1.0e-03_weight_decay=0_kernel_sizes=7x7x5x3_conv_channels=256x256x256x256_fc_dims=256_seed0  completed  (2.5s)
2026-05-11 22:07:06,697 - INFO - [3586/3780] gpu0  trial_0354_lr=1.0e-03_weight_decay=0_kernel_sizes=7x7x5x3_conv_channels=256x256x256x256_fc_dims=256_seed2  completed  (2.5s)
2026-05-11 22:07:09,185 - INFO - [3587/3780] gpu0  trial_0354_lr=1.0e-03_weight_decay=0_kernel_sizes=7x7x5x3_conv_channels=256x256x256x256_fc_dims=256_seed4  completed  (2.5s)
2026-05-11 22:07:11,672 - INFO - [3588/3780] gpu0  trial_0354_lr=1.0e-03_weight_decay=0_kernel_sizes=7x7x5x3_conv_channels=256x256x256x256_fc_dims=256_seed6  completed  (2.5s)
2026-05-11 22:07:12,115 - INFO - [3589/3780] gpu1  trial_0362_lr=3.0e-04_weight_decay=1.0e-04_kernel_sizes=7x7x5x3_conv_channels=256x256x256x256_fc_dims=512_seed9  completed  (8.7s)
2026-05-11 22:07:19,888 - INFO - [3590/3780] gpu0  trial_0354_lr=1.0e-03_weight_decay=0_kernel_sizes=7x7x5x3_conv_channels=256x256x256x256_fc_dims=256_seed8  completed  (8.2s)
2026-05-11 22:07:20,620 - INFO - [3591/3780] gpu1  trial_0363_lr=1.0e-03_weight_decay=0_kernel_sizes=7x7x5x3_conv_channels=256x256x256x256_fc_dims=512_seed1  completed  (8.5s)
2026-05-11 22:07:22,336 - INFO - [3592/3780] gpu0  trial_0355_lr=1.0e-03_weight_decay=1.0e-05_kernel_sizes=7x7x5x3_conv_channels=256x256x256x256_fc_dims=256_seed0  completed  (2.4s)
2026-05-11 22:07:24,868 - INFO - [3593/3780] gpu0  trial_0355_lr=1.0e-03_weight_decay=1.0e-05_kernel_sizes=7x7x5x3_conv_channels=256x256x256x256_fc_dims=256_seed2  completed  (2.5s)
2026-05-11 22:07:27,450 - INFO - [3594/3780] gpu0  trial_0355_lr=1.0e-03_weight_decay=1.0e-05_kernel_sizes=7x7x5x3_conv_channels=256x256x256x256_fc_dims=256_seed4  completed  (2.6s)
2026-05-11 22:07:29,013 - INFO - [3595/3780] gpu1  trial_0363_lr=1.0e-03_weight_decay=0_kernel_sizes=7x7x5x3_conv_channels=256x256x256x256_fc_dims=512_seed3  completed  (8.4s)
2026-05-11 22:07:29,909 - INFO - [3596/3780] gpu0  trial_0355_lr=1.0e-03_weight_decay=1.0e-05_kernel_sizes=7x7x5x3_conv_channels=256x256x256x256_fc_dims=256_seed6  completed  (2.5s)
2026-05-11 22:07:31,445 - INFO - [3597/3780] gpu1  trial_0363_lr=1.0e-03_weight_decay=0_kernel_sizes=7x7x5x3_conv_channels=256x256x256x256_fc_dims=512_seed5  completed  (2.4s)
2026-05-11 22:07:33,930 - INFO - [3598/3780] gpu1  trial_0363_lr=1.0e-03_weight_decay=0_kernel_sizes=7x7x5x3_conv_channels=256x256x256x256_fc_dims=512_seed7  completed  (2.5s)
2026-05-11 22:07:38,005 - INFO - [3599/3780] gpu0  trial_0355_lr=1.0e-03_weight_decay=1.0e-05_kernel_sizes=7x7x5x3_conv_channels=256x256x256x256_fc_dims=256_seed8  completed  (8.1s)
2026-05-11 22:07:40,540 - INFO - [3600/3780] gpu0  trial_0356_lr=1.0e-03_weight_decay=1.0e-04_kernel_sizes=7x7x5x3_conv_channels=256x256x256x256_fc_dims=256_seed0  completed  (2.5s)
2026-05-11 22:07:42,564 - INFO - [3601/3780] gpu1  trial_0363_lr=1.0e-03_weight_decay=0_kernel_sizes=7x7x5x3_conv_channels=256x256x256x256_fc_dims=512_seed9  completed  (8.6s)
2026-05-11 22:07:43,006 - INFO - [3602/3780] gpu0  trial_0356_lr=1.0e-03_weight_decay=1.0e-04_kernel_sizes=7x7x5x3_conv_channels=256x256x256x256_fc_dims=256_seed2  completed  (2.5s)
2026-05-11 22:07:45,510 - INFO - [3603/3780] gpu0  trial_0356_lr=1.0e-03_weight_decay=1.0e-04_kernel_sizes=7x7x5x3_conv_channels=256x256x256x256_fc_dims=256_seed4  completed  (2.5s)
2026-05-11 22:07:48,029 - INFO - [3604/3780] gpu0  trial_0356_lr=1.0e-03_weight_decay=1.0e-04_kernel_sizes=7x7x5x3_conv_channels=256x256x256x256_fc_dims=256_seed6  completed  (2.5s)
2026-05-11 22:07:50,500 - INFO - [3605/3780] gpu0  trial_0356_lr=1.0e-03_weight_decay=1.0e-04_kernel_sizes=7x7x5x3_conv_channels=256x256x256x256_fc_dims=256_seed8  completed  (2.5s)
2026-05-11 22:07:51,206 - INFO - [3606/3780] gpu1  trial_0364_lr=1.0e-03_weight_decay=1.0e-05_kernel_sizes=7x7x5x3_conv_channels=256x256x256x256_fc_dims=512_seed1  completed  (8.6s)
2026-05-11 22:07:53,740 - INFO - [3607/3780] gpu1  trial_0364_lr=1.0e-03_weight_decay=1.0e-05_kernel_sizes=7x7x5x3_conv_channels=256x256x256x256_fc_dims=512_seed3  completed  (2.5s)
2026-05-11 22:07:56,248 - INFO - [3608/3780] gpu1  trial_0364_lr=1.0e-03_weight_decay=1.0e-05_kernel_sizes=7x7x5x3_conv_channels=256x256x256x256_fc_dims=512_seed5  completed  (2.5s)
2026-05-11 22:07:58,667 - INFO - [3609/3780] gpu0  trial_0357_lr=3.0e-03_weight_decay=0_kernel_sizes=7x7x5x3_conv_channels=256x256x256x256_fc_dims=256_seed0  completed  (8.2s)
2026-05-11 22:08:04,758 - INFO - [3610/3780] gpu1  trial_0364_lr=1.0e-03_weight_decay=1.0e-05_kernel_sizes=7x7x5x3_conv_channels=256x256x256x256_fc_dims=512_seed7  completed  (8.5s)
2026-05-11 22:08:06,953 - INFO - [3611/3780] gpu0  trial_0357_lr=3.0e-03_weight_decay=0_kernel_sizes=7x7x5x3_conv_channels=256x256x256x256_fc_dims=256_seed2  completed  (8.3s)
2026-05-11 22:08:13,278 - INFO - [3612/3780] gpu1  trial_0364_lr=1.0e-03_weight_decay=1.0e-05_kernel_sizes=7x7x5x3_conv_channels=256x256x256x256_fc_dims=512_seed9  completed  (8.5s)
2026-05-11 22:08:15,209 - INFO - [3613/3780] gpu0  trial_0357_lr=3.0e-03_weight_decay=0_kernel_sizes=7x7x5x3_conv_channels=256x256x256x256_fc_dims=256_seed4  completed  (8.3s)
2026-05-11 22:08:21,690 - INFO - [3614/3780] gpu1  trial_0365_lr=1.0e-03_weight_decay=1.0e-04_kernel_sizes=7x7x5x3_conv_channels=256x256x256x256_fc_dims=512_seed1  completed  (8.4s)
2026-05-11 22:08:23,478 - INFO - [3615/3780] gpu0  trial_0357_lr=3.0e-03_weight_decay=0_kernel_sizes=7x7x5x3_conv_channels=256x256x256x256_fc_dims=256_seed6  completed  (8.3s)
2026-05-11 22:08:30,224 - INFO - [3616/3780] gpu1  trial_0365_lr=1.0e-03_weight_decay=1.0e-04_kernel_sizes=7x7x5x3_conv_channels=256x256x256x256_fc_dims=512_seed3  completed  (8.5s)
2026-05-11 22:08:31,623 - INFO - [3617/3780] gpu0  trial_0357_lr=3.0e-03_weight_decay=0_kernel_sizes=7x7x5x3_conv_channels=256x256x256x256_fc_dims=256_seed8  completed  (8.1s)
2026-05-11 22:08:32,746 - INFO - [3618/3780] gpu1  trial_0365_lr=1.0e-03_weight_decay=1.0e-04_kernel_sizes=7x7x5x3_conv_channels=256x256x256x256_fc_dims=512_seed5  completed  (2.5s)
2026-05-11 22:08:39,931 - INFO - [3619/3780] gpu0  trial_0358_lr=3.0e-03_weight_decay=1.0e-05_kernel_sizes=7x7x5x3_conv_channels=256x256x256x256_fc_dims=256_seed0  completed  (8.3s)
2026-05-11 22:08:41,329 - INFO - [3620/3780] gpu1  trial_0365_lr=1.0e-03_weight_decay=1.0e-04_kernel_sizes=7x7x5x3_conv_channels=256x256x256x256_fc_dims=512_seed7  completed  (8.6s)
2026-05-11 22:08:48,172 - INFO - [3621/3780] gpu0  trial_0358_lr=3.0e-03_weight_decay=1.0e-05_kernel_sizes=7x7x5x3_conv_channels=256x256x256x256_fc_dims=256_seed2  completed  (8.2s)
2026-05-11 22:08:49,672 - INFO - [3622/3780] gpu1  trial_0365_lr=1.0e-03_weight_decay=1.0e-04_kernel_sizes=7x7x5x3_conv_channels=256x256x256x256_fc_dims=512_seed9  completed  (8.3s)
2026-05-11 22:08:56,350 - INFO - [3623/3780] gpu0  trial_0358_lr=3.0e-03_weight_decay=1.0e-05_kernel_sizes=7x7x5x3_conv_channels=256x256x256x256_fc_dims=256_seed4  completed  (8.2s)
2026-05-11 22:08:58,418 - INFO - [3624/3780] gpu1  trial_0366_lr=3.0e-03_weight_decay=0_kernel_sizes=7x7x5x3_conv_channels=256x256x256x256_fc_dims=512_seed1  completed  (8.7s)
2026-05-11 22:09:04,755 - INFO - [3625/3780] gpu0  trial_0358_lr=3.0e-03_weight_decay=1.0e-05_kernel_sizes=7x7x5x3_conv_channels=256x256x256x256_fc_dims=256_seed6  completed  (8.4s)
2026-05-11 22:09:06,969 - INFO - [3626/3780] gpu1  trial_0366_lr=3.0e-03_weight_decay=0_kernel_sizes=7x7x5x3_conv_channels=256x256x256x256_fc_dims=512_seed3  completed  (8.5s)
2026-05-11 22:09:09,311 - INFO - [3627/3780] gpu0  trial_0358_lr=3.0e-03_weight_decay=1.0e-05_kernel_sizes=7x7x5x3_conv_channels=256x256x256x256_fc_dims=256_seed8  completed  (4.6s)
2026-05-11 22:09:11,727 - INFO - [3628/3780] gpu0  trial_0359_lr=3.0e-03_weight_decay=1.0e-04_kernel_sizes=7x7x5x3_conv_channels=256x256x256x256_fc_dims=256_seed0  completed  (2.4s)
2026-05-11 22:09:15,590 - INFO - [3629/3780] gpu1  trial_0366_lr=3.0e-03_weight_decay=0_kernel_sizes=7x7x5x3_conv_channels=256x256x256x256_fc_dims=512_seed5  completed  (8.6s)
2026-05-11 22:09:19,900 - INFO - [3630/3780] gpu0  trial_0359_lr=3.0e-03_weight_decay=1.0e-04_kernel_sizes=7x7x5x3_conv_channels=256x256x256x256_fc_dims=256_seed2  completed  (8.2s)
2026-05-11 22:09:24,319 - INFO - [3631/3780] gpu1  trial_0366_lr=3.0e-03_weight_decay=0_kernel_sizes=7x7x5x3_conv_channels=256x256x256x256_fc_dims=512_seed7  completed  (8.7s)
2026-05-11 22:09:26,583 - INFO - [3632/3780] gpu1  trial_0366_lr=3.0e-03_weight_decay=0_kernel_sizes=7x7x5x3_conv_channels=256x256x256x256_fc_dims=512_seed9  completed  (2.3s)
2026-05-11 22:09:27,900 - INFO - [3633/3780] gpu0  trial_0359_lr=3.0e-03_weight_decay=1.0e-04_kernel_sizes=7x7x5x3_conv_channels=256x256x256x256_fc_dims=256_seed4  completed  (8.0s)
2026-05-11 22:09:35,336 - INFO - [3634/3780] gpu1  trial_0367_lr=3.0e-03_weight_decay=1.0e-05_kernel_sizes=7x7x5x3_conv_channels=256x256x256x256_fc_dims=512_seed1  completed  (8.8s)
2026-05-11 22:09:36,126 - INFO - [3635/3780] gpu0  trial_0359_lr=3.0e-03_weight_decay=1.0e-04_kernel_sizes=7x7x5x3_conv_channels=256x256x256x256_fc_dims=256_seed6  completed  (8.2s)
2026-05-11 22:09:44,023 - INFO - [3636/3780] gpu1  trial_0367_lr=3.0e-03_weight_decay=1.0e-05_kernel_sizes=7x7x5x3_conv_channels=256x256x256x256_fc_dims=512_seed3  completed  (8.7s)
2026-05-11 22:09:44,398 - INFO - [3637/3780] gpu0  trial_0359_lr=3.0e-03_weight_decay=1.0e-04_kernel_sizes=7x7x5x3_conv_channels=256x256x256x256_fc_dims=256_seed8  completed  (8.3s)
2026-05-11 22:09:52,705 - INFO - [3638/3780] gpu1  trial_0367_lr=3.0e-03_weight_decay=1.0e-05_kernel_sizes=7x7x5x3_conv_channels=256x256x256x256_fc_dims=512_seed5  completed  (8.7s)
2026-05-11 22:09:53,000 - INFO - [3639/3780] gpu0  trial_0360_lr=3.0e-04_weight_decay=0_kernel_sizes=7x7x5x3_conv_channels=256x256x256x256_fc_dims=512_seed0  completed  (8.6s)
2026-05-11 22:09:54,907 - INFO - [3640/3780] gpu1  trial_0367_lr=3.0e-03_weight_decay=1.0e-05_kernel_sizes=7x7x5x3_conv_channels=256x256x256x256_fc_dims=512_seed7  completed  (2.2s)
2026-05-11 22:09:57,156 - INFO - [3641/3780] gpu1  trial_0367_lr=3.0e-03_weight_decay=1.0e-05_kernel_sizes=7x7x5x3_conv_channels=256x256x256x256_fc_dims=512_seed9  completed  (2.2s)
2026-05-11 22:09:59,414 - INFO - [3642/3780] gpu1  trial_0368_lr=3.0e-03_weight_decay=1.0e-04_kernel_sizes=7x7x5x3_conv_channels=256x256x256x256_fc_dims=512_seed1  completed  (2.3s)
2026-05-11 22:10:01,592 - INFO - [3643/3780] gpu0  trial_0360_lr=3.0e-04_weight_decay=0_kernel_sizes=7x7x5x3_conv_channels=256x256x256x256_fc_dims=512_seed2  completed  (8.6s)
2026-05-11 22:10:05,036 - INFO - [3644/3780] gpu0  trial_0360_lr=3.0e-04_weight_decay=0_kernel_sizes=7x7x5x3_conv_channels=256x256x256x256_fc_dims=512_seed4  completed  (3.4s)
2026-05-11 22:10:07,867 - INFO - [3645/3780] gpu1  trial_0368_lr=3.0e-03_weight_decay=1.0e-04_kernel_sizes=7x7x5x3_conv_channels=256x256x256x256_fc_dims=512_seed3  completed  (8.5s)
2026-05-11 22:10:13,604 - INFO - [3646/3780] gpu0  trial_0360_lr=3.0e-04_weight_decay=0_kernel_sizes=7x7x5x3_conv_channels=256x256x256x256_fc_dims=512_seed6  completed  (8.6s)
2026-05-11 22:10:16,532 - INFO - [3647/3780] gpu1  trial_0368_lr=3.0e-03_weight_decay=1.0e-04_kernel_sizes=7x7x5x3_conv_channels=256x256x256x256_fc_dims=512_seed5  completed  (8.7s)
2026-05-11 22:10:16,955 - INFO - [3648/3780] gpu0  trial_0360_lr=3.0e-04_weight_decay=0_kernel_sizes=7x7x5x3_conv_channels=256x256x256x256_fc_dims=512_seed8  completed  (3.3s)
2026-05-11 22:10:18,738 - INFO - [3649/3780] gpu1  trial_0368_lr=3.0e-03_weight_decay=1.0e-04_kernel_sizes=7x7x5x3_conv_channels=256x256x256x256_fc_dims=512_seed7  completed  (2.2s)
2026-05-11 22:10:20,976 - INFO - [3650/3780] gpu1  trial_0368_lr=3.0e-03_weight_decay=1.0e-04_kernel_sizes=7x7x5x3_conv_channels=256x256x256x256_fc_dims=512_seed9  completed  (2.2s)
2026-05-11 22:10:24,167 - INFO - [3651/3780] gpu1  trial_0369_lr=3.0e-04_weight_decay=0_kernel_sizes=7x7x5x3_conv_channels=256x256x256x256_fc_dims=512x256_seed1  completed  (3.2s)
2026-05-11 22:10:25,574 - INFO - [3652/3780] gpu0  trial_0361_lr=3.0e-04_weight_decay=1.0e-05_kernel_sizes=7x7x5x3_conv_channels=256x256x256x256_fc_dims=512_seed0  completed  (8.6s)
2026-05-11 22:10:27,612 - INFO - [3653/3780] gpu1  trial_0369_lr=3.0e-04_weight_decay=0_kernel_sizes=7x7x5x3_conv_channels=256x256x256x256_fc_dims=512x256_seed3  completed  (3.4s)
2026-05-11 22:10:30,748 - INFO - [3654/3780] gpu1  trial_0369_lr=3.0e-04_weight_decay=0_kernel_sizes=7x7x5x3_conv_channels=256x256x256x256_fc_dims=512x256_seed5  completed  (3.1s)
2026-05-11 22:10:33,851 - INFO - [3655/3780] gpu1  trial_0369_lr=3.0e-04_weight_decay=0_kernel_sizes=7x7x5x3_conv_channels=256x256x256x256_fc_dims=512x256_seed7  completed  (3.1s)
2026-05-11 22:10:34,148 - INFO - [3656/3780] gpu0  trial_0361_lr=3.0e-04_weight_decay=1.0e-05_kernel_sizes=7x7x5x3_conv_channels=256x256x256x256_fc_dims=512_seed2  completed  (8.6s)
2026-05-11 22:10:36,933 - INFO - [3657/3780] gpu1  trial_0369_lr=3.0e-04_weight_decay=0_kernel_sizes=7x7x5x3_conv_channels=256x256x256x256_fc_dims=512x256_seed9  completed  (3.1s)
2026-05-11 22:10:37,635 - INFO - [3658/3780] gpu0  trial_0361_lr=3.0e-04_weight_decay=1.0e-05_kernel_sizes=7x7x5x3_conv_channels=256x256x256x256_fc_dims=512_seed4  completed  (3.5s)
2026-05-11 22:10:40,051 - INFO - [3659/3780] gpu1  trial_0370_lr=3.0e-04_weight_decay=1.0e-05_kernel_sizes=7x7x5x3_conv_channels=256x256x256x256_fc_dims=512x256_seed1  completed  (3.1s)
2026-05-11 22:10:43,155 - INFO - [3660/3780] gpu1  trial_0370_lr=3.0e-04_weight_decay=1.0e-05_kernel_sizes=7x7x5x3_conv_channels=256x256x256x256_fc_dims=512x256_seed3  completed  (3.1s)
2026-05-11 22:10:46,194 - INFO - [3661/3780] gpu0  trial_0361_lr=3.0e-04_weight_decay=1.0e-05_kernel_sizes=7x7x5x3_conv_channels=256x256x256x256_fc_dims=512_seed6  completed  (8.6s)
2026-05-11 22:10:46,244 - INFO - [3662/3780] gpu1  trial_0370_lr=3.0e-04_weight_decay=1.0e-05_kernel_sizes=7x7x5x3_conv_channels=256x256x256x256_fc_dims=512x256_seed5  completed  (3.1s)
2026-05-11 22:10:49,329 - INFO - [3663/3780] gpu1  trial_0370_lr=3.0e-04_weight_decay=1.0e-05_kernel_sizes=7x7x5x3_conv_channels=256x256x256x256_fc_dims=512x256_seed7  completed  (3.1s)
2026-05-11 22:10:49,517 - INFO - [3664/3780] gpu0  trial_0361_lr=3.0e-04_weight_decay=1.0e-05_kernel_sizes=7x7x5x3_conv_channels=256x256x256x256_fc_dims=512_seed8  completed  (3.3s)
2026-05-11 22:10:52,424 - INFO - [3665/3780] gpu1  trial_0370_lr=3.0e-04_weight_decay=1.0e-05_kernel_sizes=7x7x5x3_conv_channels=256x256x256x256_fc_dims=512x256_seed9  completed  (3.1s)
2026-05-11 22:10:52,851 - INFO - [3666/3780] gpu0  trial_0362_lr=3.0e-04_weight_decay=1.0e-04_kernel_sizes=7x7x5x3_conv_channels=256x256x256x256_fc_dims=512_seed0  completed  (3.3s)
2026-05-11 22:10:55,534 - INFO - [3667/3780] gpu1  trial_0371_lr=3.0e-04_weight_decay=1.0e-04_kernel_sizes=7x7x5x3_conv_channels=256x256x256x256_fc_dims=512x256_seed1  completed  (3.1s)
2026-05-11 22:11:01,382 - INFO - [3668/3780] gpu0  trial_0362_lr=3.0e-04_weight_decay=1.0e-04_kernel_sizes=7x7x5x3_conv_channels=256x256x256x256_fc_dims=512_seed2  completed  (8.5s)
2026-05-11 22:11:04,247 - INFO - [3669/3780] gpu1  trial_0371_lr=3.0e-04_weight_decay=1.0e-04_kernel_sizes=7x7x5x3_conv_channels=256x256x256x256_fc_dims=512x256_seed3  completed  (8.7s)
2026-05-11 22:11:04,748 - INFO - [3670/3780] gpu0  trial_0362_lr=3.0e-04_weight_decay=1.0e-04_kernel_sizes=7x7x5x3_conv_channels=256x256x256x256_fc_dims=512_seed4  completed  (3.4s)
2026-05-11 22:11:07,357 - INFO - [3671/3780] gpu1  trial_0371_lr=3.0e-04_weight_decay=1.0e-04_kernel_sizes=7x7x5x3_conv_channels=256x256x256x256_fc_dims=512x256_seed5  completed  (3.1s)
2026-05-11 22:11:10,482 - INFO - [3672/3780] gpu1  trial_0371_lr=3.0e-04_weight_decay=1.0e-04_kernel_sizes=7x7x5x3_conv_channels=256x256x256x256_fc_dims=512x256_seed7  completed  (3.1s)
2026-05-11 22:11:13,545 - INFO - [3673/3780] gpu0  trial_0362_lr=3.0e-04_weight_decay=1.0e-04_kernel_sizes=7x7x5x3_conv_channels=256x256x256x256_fc_dims=512_seed6  completed  (8.8s)
2026-05-11 22:11:13,575 - INFO - [3674/3780] gpu1  trial_0371_lr=3.0e-04_weight_decay=1.0e-04_kernel_sizes=7x7x5x3_conv_channels=256x256x256x256_fc_dims=512x256_seed9  completed  (3.1s)
2026-05-11 22:11:16,959 - INFO - [3675/3780] gpu0  trial_0362_lr=3.0e-04_weight_decay=1.0e-04_kernel_sizes=7x7x5x3_conv_channels=256x256x256x256_fc_dims=512_seed8  completed  (3.4s)
2026-05-11 22:11:19,482 - INFO - [3676/3780] gpu0  trial_0363_lr=1.0e-03_weight_decay=0_kernel_sizes=7x7x5x3_conv_channels=256x256x256x256_fc_dims=512_seed0  completed  (2.5s)
2026-05-11 22:11:22,032 - INFO - [3677/3780] gpu0  trial_0363_lr=1.0e-03_weight_decay=0_kernel_sizes=7x7x5x3_conv_channels=256x256x256x256_fc_dims=512_seed2  completed  (2.5s)
2026-05-11 22:11:22,183 - INFO - [3678/3780] gpu1  trial_0372_lr=1.0e-03_weight_decay=0_kernel_sizes=7x7x5x3_conv_channels=256x256x256x256_fc_dims=512x256_seed1  completed  (8.6s)
2026-05-11 22:11:24,605 - INFO - [3679/3780] gpu0  trial_0363_lr=1.0e-03_weight_decay=0_kernel_sizes=7x7x5x3_conv_channels=256x256x256x256_fc_dims=512_seed4  completed  (2.6s)
2026-05-11 22:11:27,132 - INFO - [3680/3780] gpu1  trial_0372_lr=1.0e-03_weight_decay=0_kernel_sizes=7x7x5x3_conv_channels=256x256x256x256_fc_dims=512x256_seed3  completed  (4.9s)
2026-05-11 22:11:33,234 - INFO - [3681/3780] gpu0  trial_0363_lr=1.0e-03_weight_decay=0_kernel_sizes=7x7x5x3_conv_channels=256x256x256x256_fc_dims=512_seed6  completed  (8.6s)
2026-05-11 22:11:35,805 - INFO - [3682/3780] gpu0  trial_0363_lr=1.0e-03_weight_decay=0_kernel_sizes=7x7x5x3_conv_channels=256x256x256x256_fc_dims=512_seed8  completed  (2.6s)
2026-05-11 22:11:35,875 - INFO - [3683/3780] gpu1  trial_0372_lr=1.0e-03_weight_decay=0_kernel_sizes=7x7x5x3_conv_channels=256x256x256x256_fc_dims=512x256_seed5  completed  (8.7s)
2026-05-11 22:11:38,287 - INFO - [3684/3780] gpu0  trial_0364_lr=1.0e-03_weight_decay=1.0e-05_kernel_sizes=7x7x5x3_conv_channels=256x256x256x256_fc_dims=512_seed0  completed  (2.5s)
2026-05-11 22:11:38,395 - INFO - [3685/3780] gpu1  trial_0372_lr=1.0e-03_weight_decay=0_kernel_sizes=7x7x5x3_conv_channels=256x256x256x256_fc_dims=512x256_seed7  completed  (2.5s)
2026-05-11 22:11:40,763 - INFO - [3686/3780] gpu0  trial_0364_lr=1.0e-03_weight_decay=1.0e-05_kernel_sizes=7x7x5x3_conv_channels=256x256x256x256_fc_dims=512_seed2  completed  (2.5s)
2026-05-11 22:11:40,908 - INFO - [3687/3780] gpu1  trial_0372_lr=1.0e-03_weight_decay=0_kernel_sizes=7x7x5x3_conv_channels=256x256x256x256_fc_dims=512x256_seed9  completed  (2.5s)
2026-05-11 22:11:43,274 - INFO - [3688/3780] gpu0  trial_0364_lr=1.0e-03_weight_decay=1.0e-05_kernel_sizes=7x7x5x3_conv_channels=256x256x256x256_fc_dims=512_seed4  completed  (2.5s)
2026-05-11 22:11:49,496 - INFO - [3689/3780] gpu1  trial_0373_lr=1.0e-03_weight_decay=1.0e-05_kernel_sizes=7x7x5x3_conv_channels=256x256x256x256_fc_dims=512x256_seed1  completed  (8.6s)
2026-05-11 22:11:51,933 - INFO - [3690/3780] gpu0  trial_0364_lr=1.0e-03_weight_decay=1.0e-05_kernel_sizes=7x7x5x3_conv_channels=256x256x256x256_fc_dims=512_seed6  completed  (8.7s)
2026-05-11 22:11:54,468 - INFO - [3691/3780] gpu0  trial_0364_lr=1.0e-03_weight_decay=1.0e-05_kernel_sizes=7x7x5x3_conv_channels=256x256x256x256_fc_dims=512_seed8  completed  (2.5s)
2026-05-11 22:11:54,564 - INFO - [3692/3780] gpu1  trial_0373_lr=1.0e-03_weight_decay=1.0e-05_kernel_sizes=7x7x5x3_conv_channels=256x256x256x256_fc_dims=512x256_seed3  completed  (5.1s)
2026-05-11 22:11:57,010 - INFO - [3693/3780] gpu0  trial_0365_lr=1.0e-03_weight_decay=1.0e-04_kernel_sizes=7x7x5x3_conv_channels=256x256x256x256_fc_dims=512_seed0  completed  (2.5s)
2026-05-11 22:12:03,260 - INFO - [3694/3780] gpu1  trial_0373_lr=1.0e-03_weight_decay=1.0e-05_kernel_sizes=7x7x5x3_conv_channels=256x256x256x256_fc_dims=512x256_seed5  completed  (8.7s)
2026-05-11 22:12:05,524 - INFO - [3695/3780] gpu0  trial_0365_lr=1.0e-03_weight_decay=1.0e-04_kernel_sizes=7x7x5x3_conv_channels=256x256x256x256_fc_dims=512_seed2  completed  (8.5s)
2026-05-11 22:12:05,742 - INFO - [3696/3780] gpu1  trial_0373_lr=1.0e-03_weight_decay=1.0e-05_kernel_sizes=7x7x5x3_conv_channels=256x256x256x256_fc_dims=512x256_seed7  completed  (2.5s)
2026-05-11 22:12:08,011 - INFO - [3697/3780] gpu0  trial_0365_lr=1.0e-03_weight_decay=1.0e-04_kernel_sizes=7x7x5x3_conv_channels=256x256x256x256_fc_dims=512_seed4  completed  (2.5s)
2026-05-11 22:12:08,263 - INFO - [3698/3780] gpu1  trial_0373_lr=1.0e-03_weight_decay=1.0e-05_kernel_sizes=7x7x5x3_conv_channels=256x256x256x256_fc_dims=512x256_seed9  completed  (2.5s)
2026-05-11 22:12:16,465 - INFO - [3699/3780] gpu0  trial_0365_lr=1.0e-03_weight_decay=1.0e-04_kernel_sizes=7x7x5x3_conv_channels=256x256x256x256_fc_dims=512_seed6  completed  (8.5s)
2026-05-11 22:12:16,950 - INFO - [3700/3780] gpu1  trial_0374_lr=1.0e-03_weight_decay=1.0e-04_kernel_sizes=7x7x5x3_conv_channels=256x256x256x256_fc_dims=512x256_seed1  completed  (8.7s)
2026-05-11 22:12:24,940 - INFO - [3701/3780] gpu0  trial_0365_lr=1.0e-03_weight_decay=1.0e-04_kernel_sizes=7x7x5x3_conv_channels=256x256x256x256_fc_dims=512_seed8  completed  (8.5s)
2026-05-11 22:12:25,530 - INFO - [3702/3780] gpu1  trial_0374_lr=1.0e-03_weight_decay=1.0e-04_kernel_sizes=7x7x5x3_conv_channels=256x256x256x256_fc_dims=512x256_seed3  completed  (8.6s)
2026-05-11 22:12:33,518 - INFO - [3703/3780] gpu0  trial_0366_lr=3.0e-03_weight_decay=0_kernel_sizes=7x7x5x3_conv_channels=256x256x256x256_fc_dims=512_seed0  completed  (8.6s)
2026-05-11 22:12:34,075 - INFO - [3704/3780] gpu1  trial_0374_lr=1.0e-03_weight_decay=1.0e-04_kernel_sizes=7x7x5x3_conv_channels=256x256x256x256_fc_dims=512x256_seed5  completed  (8.5s)
2026-05-11 22:12:35,711 - INFO - [3705/3780] gpu0  trial_0366_lr=3.0e-03_weight_decay=0_kernel_sizes=7x7x5x3_conv_channels=256x256x256x256_fc_dims=512_seed2  completed  (2.2s)
2026-05-11 22:12:36,550 - INFO - [3706/3780] gpu1  trial_0374_lr=1.0e-03_weight_decay=1.0e-04_kernel_sizes=7x7x5x3_conv_channels=256x256x256x256_fc_dims=512x256_seed7  completed  (2.5s)
2026-05-11 22:12:39,095 - INFO - [3707/3780] gpu1  trial_0374_lr=1.0e-03_weight_decay=1.0e-04_kernel_sizes=7x7x5x3_conv_channels=256x256x256x256_fc_dims=512x256_seed9  completed  (2.5s)
2026-05-11 22:12:44,277 - INFO - [3708/3780] gpu0  trial_0366_lr=3.0e-03_weight_decay=0_kernel_sizes=7x7x5x3_conv_channels=256x256x256x256_fc_dims=512_seed4  completed  (8.6s)
2026-05-11 22:12:46,444 - INFO - [3709/3780] gpu1  trial_0375_lr=3.0e-03_weight_decay=0_kernel_sizes=7x7x5x3_conv_channels=256x256x256x256_fc_dims=512x256_seed1  completed  (7.3s)
2026-05-11 22:12:52,905 - INFO - [3710/3780] gpu0  trial_0366_lr=3.0e-03_weight_decay=0_kernel_sizes=7x7x5x3_conv_channels=256x256x256x256_fc_dims=512_seed6  completed  (8.6s)
2026-05-11 22:12:55,103 - INFO - [3711/3780] gpu1  trial_0375_lr=3.0e-03_weight_decay=0_kernel_sizes=7x7x5x3_conv_channels=256x256x256x256_fc_dims=512x256_seed3  completed  (8.7s)
2026-05-11 22:12:55,138 - INFO - [3712/3780] gpu0  trial_0366_lr=3.0e-03_weight_decay=0_kernel_sizes=7x7x5x3_conv_channels=256x256x256x256_fc_dims=512_seed8  completed  (2.2s)
2026-05-11 22:12:57,366 - INFO - [3713/3780] gpu1  trial_0375_lr=3.0e-03_weight_decay=0_kernel_sizes=7x7x5x3_conv_channels=256x256x256x256_fc_dims=512x256_seed5  completed  (2.3s)
2026-05-11 22:12:59,669 - INFO - [3714/3780] gpu1  trial_0375_lr=3.0e-03_weight_decay=0_kernel_sizes=7x7x5x3_conv_channels=256x256x256x256_fc_dims=512x256_seed7  completed  (2.3s)
2026-05-11 22:13:01,925 - INFO - [3715/3780] gpu1  trial_0375_lr=3.0e-03_weight_decay=0_kernel_sizes=7x7x5x3_conv_channels=256x256x256x256_fc_dims=512x256_seed9  completed  (2.3s)
2026-05-11 22:13:03,597 - INFO - [3716/3780] gpu0  trial_0367_lr=3.0e-03_weight_decay=1.0e-05_kernel_sizes=7x7x5x3_conv_channels=256x256x256x256_fc_dims=512_seed0  completed  (8.5s)
2026-05-11 22:13:04,139 - INFO - [3717/3780] gpu1  trial_0376_lr=3.0e-03_weight_decay=1.0e-05_kernel_sizes=7x7x5x3_conv_channels=256x256x256x256_fc_dims=512x256_seed1  completed  (2.2s)
2026-05-11 22:13:05,821 - INFO - [3718/3780] gpu0  trial_0367_lr=3.0e-03_weight_decay=1.0e-05_kernel_sizes=7x7x5x3_conv_channels=256x256x256x256_fc_dims=512_seed2  completed  (2.2s)
2026-05-11 22:13:12,790 - INFO - [3719/3780] gpu1  trial_0376_lr=3.0e-03_weight_decay=1.0e-05_kernel_sizes=7x7x5x3_conv_channels=256x256x256x256_fc_dims=512x256_seed3  completed  (8.6s)
2026-05-11 22:13:14,446 - INFO - [3720/3780] gpu0  trial_0367_lr=3.0e-03_weight_decay=1.0e-05_kernel_sizes=7x7x5x3_conv_channels=256x256x256x256_fc_dims=512_seed4  completed  (8.6s)
2026-05-11 22:13:15,017 - INFO - [3721/3780] gpu1  trial_0376_lr=3.0e-03_weight_decay=1.0e-05_kernel_sizes=7x7x5x3_conv_channels=256x256x256x256_fc_dims=512x256_seed5  completed  (2.2s)
2026-05-11 22:13:17,261 - INFO - [3722/3780] gpu1  trial_0376_lr=3.0e-03_weight_decay=1.0e-05_kernel_sizes=7x7x5x3_conv_channels=256x256x256x256_fc_dims=512x256_seed7  completed  (2.2s)
2026-05-11 22:13:19,544 - INFO - [3723/3780] gpu1  trial_0376_lr=3.0e-03_weight_decay=1.0e-05_kernel_sizes=7x7x5x3_conv_channels=256x256x256x256_fc_dims=512x256_seed9  completed  (2.3s)
2026-05-11 22:13:22,885 - INFO - [3724/3780] gpu0  trial_0367_lr=3.0e-03_weight_decay=1.0e-05_kernel_sizes=7x7x5x3_conv_channels=256x256x256x256_fc_dims=512_seed6  completed  (8.4s)
2026-05-11 22:13:25,112 - INFO - [3725/3780] gpu0  trial_0367_lr=3.0e-03_weight_decay=1.0e-05_kernel_sizes=7x7x5x3_conv_channels=256x256x256x256_fc_dims=512_seed8  completed  (2.2s)
2026-05-11 22:13:25,332 - INFO - [3726/3780] gpu1  trial_0377_lr=3.0e-03_weight_decay=1.0e-04_kernel_sizes=7x7x5x3_conv_channels=256x256x256x256_fc_dims=512x256_seed1  completed  (5.8s)
2026-05-11 22:13:27,520 - INFO - [3727/3780] gpu0  trial_0368_lr=3.0e-03_weight_decay=1.0e-04_kernel_sizes=7x7x5x3_conv_channels=256x256x256x256_fc_dims=512_seed0  completed  (2.4s)
2026-05-11 22:13:27,557 - INFO - [3728/3780] gpu1  trial_0377_lr=3.0e-03_weight_decay=1.0e-04_kernel_sizes=7x7x5x3_conv_channels=256x256x256x256_fc_dims=512x256_seed3  completed  (2.2s)
2026-05-11 22:13:29,755 - INFO - [3729/3780] gpu0  trial_0368_lr=3.0e-03_weight_decay=1.0e-04_kernel_sizes=7x7x5x3_conv_channels=256x256x256x256_fc_dims=512_seed2  completed  (2.2s)
2026-05-11 22:13:29,821 - INFO - [3730/3780] gpu1  trial_0377_lr=3.0e-03_weight_decay=1.0e-04_kernel_sizes=7x7x5x3_conv_channels=256x256x256x256_fc_dims=512x256_seed5  completed  (2.3s)
2026-05-11 22:13:32,059 - INFO - [3731/3780] gpu1  trial_0377_lr=3.0e-03_weight_decay=1.0e-04_kernel_sizes=7x7x5x3_conv_channels=256x256x256x256_fc_dims=512x256_seed7  completed  (2.2s)
2026-05-11 22:13:34,374 - INFO - [3732/3780] gpu1  trial_0377_lr=3.0e-03_weight_decay=1.0e-04_kernel_sizes=7x7x5x3_conv_channels=256x256x256x256_fc_dims=512x256_seed9  completed  (2.3s)
2026-05-11 22:13:38,011 - INFO - [3733/3780] gpu0  trial_0368_lr=3.0e-03_weight_decay=1.0e-04_kernel_sizes=7x7x5x3_conv_channels=256x256x256x256_fc_dims=512_seed4  completed  (8.3s)
2026-05-11 22:13:46,020 - INFO - [3734/3780] gpu0  trial_0368_lr=3.0e-03_weight_decay=1.0e-04_kernel_sizes=7x7x5x3_conv_channels=256x256x256x256_fc_dims=512_seed6  completed  (8.0s)
2026-05-11 22:13:49,277 - INFO - [3735/3780] gpu0  trial_0368_lr=3.0e-03_weight_decay=1.0e-04_kernel_sizes=7x7x5x3_conv_channels=256x256x256x256_fc_dims=512_seed8  completed  (3.3s)
2026-05-11 22:13:57,593 - INFO - [3736/3780] gpu0  trial_0369_lr=3.0e-04_weight_decay=0_kernel_sizes=7x7x5x3_conv_channels=256x256x256x256_fc_dims=512x256_seed0  completed  (8.3s)
2026-05-11 22:14:00,649 - INFO - [3737/3780] gpu0  trial_0369_lr=3.0e-04_weight_decay=0_kernel_sizes=7x7x5x3_conv_channels=256x256x256x256_fc_dims=512x256_seed2  completed  (3.1s)
2026-05-11 22:14:03,534 - INFO - [3738/3780] gpu0  trial_0369_lr=3.0e-04_weight_decay=0_kernel_sizes=7x7x5x3_conv_channels=256x256x256x256_fc_dims=512x256_seed4  completed  (2.9s)
2026-05-11 22:14:06,459 - INFO - [3739/3780] gpu0  trial_0369_lr=3.0e-04_weight_decay=0_kernel_sizes=7x7x5x3_conv_channels=256x256x256x256_fc_dims=512x256_seed6  completed  (2.9s)
2026-05-11 22:14:09,381 - INFO - [3740/3780] gpu0  trial_0369_lr=3.0e-04_weight_decay=0_kernel_sizes=7x7x5x3_conv_channels=256x256x256x256_fc_dims=512x256_seed8  completed  (2.9s)
2026-05-11 22:14:17,637 - INFO - [3741/3780] gpu0  trial_0370_lr=3.0e-04_weight_decay=1.0e-05_kernel_sizes=7x7x5x3_conv_channels=256x256x256x256_fc_dims=512x256_seed0  completed  (8.3s)
2026-05-11 22:14:20,717 - INFO - [3742/3780] gpu0  trial_0370_lr=3.0e-04_weight_decay=1.0e-05_kernel_sizes=7x7x5x3_conv_channels=256x256x256x256_fc_dims=512x256_seed2  completed  (3.1s)
2026-05-11 22:14:23,660 - INFO - [3743/3780] gpu0  trial_0370_lr=3.0e-04_weight_decay=1.0e-05_kernel_sizes=7x7x5x3_conv_channels=256x256x256x256_fc_dims=512x256_seed4  completed  (2.9s)
2026-05-11 22:14:26,575 - INFO - [3744/3780] gpu0  trial_0370_lr=3.0e-04_weight_decay=1.0e-05_kernel_sizes=7x7x5x3_conv_channels=256x256x256x256_fc_dims=512x256_seed6  completed  (2.9s)
2026-05-11 22:14:29,489 - INFO - [3745/3780] gpu0  trial_0370_lr=3.0e-04_weight_decay=1.0e-05_kernel_sizes=7x7x5x3_conv_channels=256x256x256x256_fc_dims=512x256_seed8  completed  (2.9s)
2026-05-11 22:14:37,859 - INFO - [3746/3780] gpu0  trial_0371_lr=3.0e-04_weight_decay=1.0e-04_kernel_sizes=7x7x5x3_conv_channels=256x256x256x256_fc_dims=512x256_seed0  completed  (8.4s)
2026-05-11 22:14:40,754 - INFO - [3747/3780] gpu0  trial_0371_lr=3.0e-04_weight_decay=1.0e-04_kernel_sizes=7x7x5x3_conv_channels=256x256x256x256_fc_dims=512x256_seed2  completed  (2.9s)
2026-05-11 22:14:43,661 - INFO - [3748/3780] gpu0  trial_0371_lr=3.0e-04_weight_decay=1.0e-04_kernel_sizes=7x7x5x3_conv_channels=256x256x256x256_fc_dims=512x256_seed4  completed  (2.9s)
2026-05-11 22:14:46,593 - INFO - [3749/3780] gpu0  trial_0371_lr=3.0e-04_weight_decay=1.0e-04_kernel_sizes=7x7x5x3_conv_channels=256x256x256x256_fc_dims=512x256_seed6  completed  (2.9s)
2026-05-11 22:14:49,492 - INFO - [3750/3780] gpu0  trial_0371_lr=3.0e-04_weight_decay=1.0e-04_kernel_sizes=7x7x5x3_conv_channels=256x256x256x256_fc_dims=512x256_seed8  completed  (2.9s)
2026-05-11 22:14:57,708 - INFO - [3751/3780] gpu0  trial_0372_lr=1.0e-03_weight_decay=0_kernel_sizes=7x7x5x3_conv_channels=256x256x256x256_fc_dims=512x256_seed0  completed  (8.2s)
2026-05-11 22:15:00,112 - INFO - [3752/3780] gpu0  trial_0372_lr=1.0e-03_weight_decay=0_kernel_sizes=7x7x5x3_conv_channels=256x256x256x256_fc_dims=512x256_seed2  completed  (2.4s)
2026-05-11 22:15:08,386 - INFO - [3753/3780] gpu0  trial_0372_lr=1.0e-03_weight_decay=0_kernel_sizes=7x7x5x3_conv_channels=256x256x256x256_fc_dims=512x256_seed4  completed  (8.3s)
2026-05-11 22:15:16,659 - INFO - [3754/3780] gpu0  trial_0372_lr=1.0e-03_weight_decay=0_kernel_sizes=7x7x5x3_conv_channels=256x256x256x256_fc_dims=512x256_seed6  completed  (8.3s)
2026-05-11 22:15:24,965 - INFO - [3755/3780] gpu0  trial_0372_lr=1.0e-03_weight_decay=0_kernel_sizes=7x7x5x3_conv_channels=256x256x256x256_fc_dims=512x256_seed8  completed  (8.3s)
2026-05-11 22:15:33,356 - INFO - [3756/3780] gpu0  trial_0373_lr=1.0e-03_weight_decay=1.0e-05_kernel_sizes=7x7x5x3_conv_channels=256x256x256x256_fc_dims=512x256_seed0  completed  (8.4s)
2026-05-11 22:15:35,782 - INFO - [3757/3780] gpu0  trial_0373_lr=1.0e-03_weight_decay=1.0e-05_kernel_sizes=7x7x5x3_conv_channels=256x256x256x256_fc_dims=512x256_seed2  completed  (2.4s)
2026-05-11 22:15:44,043 - INFO - [3758/3780] gpu0  trial_0373_lr=1.0e-03_weight_decay=1.0e-05_kernel_sizes=7x7x5x3_conv_channels=256x256x256x256_fc_dims=512x256_seed4  completed  (8.3s)
2026-05-11 22:15:52,408 - INFO - [3759/3780] gpu0  trial_0373_lr=1.0e-03_weight_decay=1.0e-05_kernel_sizes=7x7x5x3_conv_channels=256x256x256x256_fc_dims=512x256_seed6  completed  (8.4s)
2026-05-11 22:16:00,724 - INFO - [3760/3780] gpu0  trial_0373_lr=1.0e-03_weight_decay=1.0e-05_kernel_sizes=7x7x5x3_conv_channels=256x256x256x256_fc_dims=512x256_seed8  completed  (8.3s)
2026-05-11 22:16:09,022 - INFO - [3761/3780] gpu0  trial_0374_lr=1.0e-03_weight_decay=1.0e-04_kernel_sizes=7x7x5x3_conv_channels=256x256x256x256_fc_dims=512x256_seed0  completed  (8.3s)
2026-05-11 22:16:17,242 - INFO - [3762/3780] gpu0  trial_0374_lr=1.0e-03_weight_decay=1.0e-04_kernel_sizes=7x7x5x3_conv_channels=256x256x256x256_fc_dims=512x256_seed2  completed  (8.2s)
2026-05-11 22:16:25,589 - INFO - [3763/3780] gpu0  trial_0374_lr=1.0e-03_weight_decay=1.0e-04_kernel_sizes=7x7x5x3_conv_channels=256x256x256x256_fc_dims=512x256_seed4  completed  (8.3s)
2026-05-11 22:16:33,952 - INFO - [3764/3780] gpu0  trial_0374_lr=1.0e-03_weight_decay=1.0e-04_kernel_sizes=7x7x5x3_conv_channels=256x256x256x256_fc_dims=512x256_seed6  completed  (8.4s)
2026-05-11 22:16:42,270 - INFO - [3765/3780] gpu0  trial_0374_lr=1.0e-03_weight_decay=1.0e-04_kernel_sizes=7x7x5x3_conv_channels=256x256x256x256_fc_dims=512x256_seed8  completed  (8.3s)
2026-05-11 22:16:50,547 - INFO - [3766/3780] gpu0  trial_0375_lr=3.0e-03_weight_decay=0_kernel_sizes=7x7x5x3_conv_channels=256x256x256x256_fc_dims=512x256_seed0  completed  (8.3s)
2026-05-11 22:16:52,733 - INFO - [3767/3780] gpu0  trial_0375_lr=3.0e-03_weight_decay=0_kernel_sizes=7x7x5x3_conv_channels=256x256x256x256_fc_dims=512x256_seed2  completed  (2.2s)
2026-05-11 22:16:54,868 - INFO - [3768/3780] gpu0  trial_0375_lr=3.0e-03_weight_decay=0_kernel_sizes=7x7x5x3_conv_channels=256x256x256x256_fc_dims=512x256_seed4  completed  (2.1s)
2026-05-11 22:16:56,972 - INFO - [3769/3780] gpu0  trial_0375_lr=3.0e-03_weight_decay=0_kernel_sizes=7x7x5x3_conv_channels=256x256x256x256_fc_dims=512x256_seed6  completed  (2.1s)
2026-05-11 22:17:05,337 - INFO - [3770/3780] gpu0  trial_0375_lr=3.0e-03_weight_decay=0_kernel_sizes=7x7x5x3_conv_channels=256x256x256x256_fc_dims=512x256_seed8  completed  (8.4s)
2026-05-11 22:17:13,575 - INFO - [3771/3780] gpu0  trial_0376_lr=3.0e-03_weight_decay=1.0e-05_kernel_sizes=7x7x5x3_conv_channels=256x256x256x256_fc_dims=512x256_seed0  completed  (8.2s)
2026-05-11 22:17:15,732 - INFO - [3772/3780] gpu0  trial_0376_lr=3.0e-03_weight_decay=1.0e-05_kernel_sizes=7x7x5x3_conv_channels=256x256x256x256_fc_dims=512x256_seed2  completed  (2.2s)
2026-05-11 22:17:17,876 - INFO - [3773/3780] gpu0  trial_0376_lr=3.0e-03_weight_decay=1.0e-05_kernel_sizes=7x7x5x3_conv_channels=256x256x256x256_fc_dims=512x256_seed4  completed  (2.1s)
2026-05-11 22:17:20,020 - INFO - [3774/3780] gpu0  trial_0376_lr=3.0e-03_weight_decay=1.0e-05_kernel_sizes=7x7x5x3_conv_channels=256x256x256x256_fc_dims=512x256_seed6  completed  (2.1s)
2026-05-11 22:17:28,386 - INFO - [3775/3780] gpu0  trial_0376_lr=3.0e-03_weight_decay=1.0e-05_kernel_sizes=7x7x5x3_conv_channels=256x256x256x256_fc_dims=512x256_seed8  completed  (8.4s)
2026-05-11 22:17:36,719 - INFO - [3776/3780] gpu0  trial_0377_lr=3.0e-03_weight_decay=1.0e-04_kernel_sizes=7x7x5x3_conv_channels=256x256x256x256_fc_dims=512x256_seed0  completed  (8.3s)
2026-05-11 22:17:38,833 - INFO - [3777/3780] gpu0  trial_0377_lr=3.0e-03_weight_decay=1.0e-04_kernel_sizes=7x7x5x3_conv_channels=256x256x256x256_fc_dims=512x256_seed2  completed  (2.1s)
2026-05-11 22:17:44,953 - INFO - [3778/3780] gpu0  trial_0377_lr=3.0e-03_weight_decay=1.0e-04_kernel_sizes=7x7x5x3_conv_channels=256x256x256x256_fc_dims=512x256_seed4  completed  (6.1s)
2026-05-11 22:17:47,080 - INFO - [3779/3780] gpu0  trial_0377_lr=3.0e-03_weight_decay=1.0e-04_kernel_sizes=7x7x5x3_conv_channels=256x256x256x256_fc_dims=512x256_seed6  completed  (2.1s)
2026-05-11 22:17:50,416 - INFO - [3780/3780] gpu0  trial_0377_lr=3.0e-03_weight_decay=1.0e-04_kernel_sizes=7x7x5x3_conv_channels=256x256x256x256_fc_dims=512x256_seed8  completed  (3.3s)
2026-05-11 22:17:51,690 - INFO - ============================================================
2026-05-11 22:17:51,690 - INFO - Done: 3780 ok, 0 failed, wall time 12716.6s (211.9 min) on GPUs [0, 1]
2026-05-11 22:17:51,690 - INFO - Aggregate with: bash slurm/aggregate_sweeps.sh results/local_local_arch_full_2026-05-11_18-45-53
