config_id,best_val_loss_mean,best_val_loss_sem,best_val_loss_count,best_val_corr_mean,best_val_corr_sem,best_val_corr_count,best_epoch_mean,best_epoch_sem,best_epoch_count,test_loss_mean,test_loss_sem,test_loss_count,test_corr_mean,test_corr_sem,test_corr_count,n_params_mean,n_params_sem,n_params_count,n_train_mean,n_train_sem,n_train_count,n_val_mean,n_val_sem,n_val_count,n_test_mean,n_test_sem,n_test_count,n_epochs_run_mean,n_epochs_run_sem,n_epochs_run_count,train_seconds_mean,train_seconds_sem,train_seconds_count,seed_mean,seed_sem,seed_count,wall_time_s_mean,wall_time_s_sem,wall_time_s_count,gpu_id_mean,gpu_id_sem,gpu_id_count
001f6711ff,0.2070161106586456,0.00036612035215905696,10,0.2898225017361322,0.0012291342093258585,10,48.0,0.9545214042184236,10,0.22859504617452622,0.00011544766918564652,10,0.20835456978265823,0.0007010568145949671,10,384840.0,0.0,10,2400.0,0.0,10,600.0,0.0,10,1000.0,0.0,10,49.2,0.5925462944877059,10,6.25,0.06191391873668903,10,4.5,0.9574271077563381,10,7.18,0.07272474743090471,10,0.5,0.16666666666666669,10
00b908e7ed,0.2697321831385294,0.008580067138069256,10,0.05081774226926065,0.028079098526543306,10,12.4,6.2666666666666675,10,0.27279672815799716,0.006243546933940134,10,0.038217739013079684,0.019357070684989368,10,1142088.0,0.0,10,2400.0,0.0,10,600.0,0.0,10,1000.0,0.0,10,14.8,5.866666666666666,10,2.68,0.7618398781896363,10,4.5,0.9574271077563381,10,3.62,0.7552483035399682,10,0.5,0.16666666666666669,10
00ba8318dc,0.21066111050049466,0.0003153740666408198,10,0.27231329644894087,0.001116253138367052,10,49.6,0.16329931618554602,10,0.22992924450635913,9.570949397007955e-05,10,0.19500244808578118,0.0007015834303282321,10,515912.0,0.0,10,2400.0,0.0,10,600.0,0.0,10,1000.0,0.0,10,50.0,0.0,10,6.35,0.022360679774997946,10,4.5,0.9574271077563381,10,7.26,0.02211083193570265,10,0.5,0.16666666666666669,10
01b323c500,0.20730240603288014,0.0004556493202244629,10,0.28701785209717945,0.001229551977864099,10,49.8,0.13333333333333353,10,0.23094622955322266,0.00023586261320937462,10,0.20553899758689104,0.0009657021997049742,10,682568.0,0.0,10,2400.0,0.0,10,600.0,0.0,10,1000.0,0.0,10,50.0,0.0,10,6.7299999999999995,0.021343747458109512,10,4.5,0.9574271077563381,10,7.68,0.02000000000000001,10,0.5,0.16666666666666669,10
02860c1f69,0.28545723080635066,0.008390765167831014,10,0.029042525018199733,0.020373460938844422,10,7.7,4.7,10,0.2859183935523033,0.006465695205158609,10,0.024931555472481774,0.014096434978528813,10,1172808.0,0.0,10,2400.0,0.0,10,600.0,0.0,10,1000.0,0.0,10,10.4,4.4,10,2.13,0.6189686762851754,10,4.5,0.9574271077563381,10,3.1100000000000003,0.61,10,0.5,0.16666666666666669,10
02c30216be,0.21670877347389855,0.0035099897636715507,10,0.23547546932953506,0.017493884829450527,10,37.6,5.344155686354955,10,0.23534198384284974,0.0017751183221129212,10,0.16636046808712318,0.01282918669160166,10,682312.0,0.0,10,2400.0,0.0,10,600.0,0.0,10,1000.0,0.0,10,39.1,4.974267115197307,10,5.57,0.6135597408203667,10,4.5,0.9574271077563381,10,6.51,0.6070786147151326,10,0.5,0.16666666666666669,10
03c0ef7dbd,0.24370996701717376,0.0006576464411035641,10,0.10069284414574702,0.0022934679318734534,10,10.0,0.21081851067789195,10,0.2514043302774429,0.0006280231998873368,10,0.0775709725506481,0.0013115340707332398,10,859208.0,0.0,10,2400.0,0.0,10,600.0,0.0,10,1000.0,0.0,10,13.0,0.21081851067789195,10,2.46,0.03399346342395193,10,4.5,0.9574271077563381,10,3.4200000000000004,0.020000000000000004,10,0.5,0.16666666666666669,10
0413691d59,0.2414380127390226,0.0003550294330895567,10,0.12278077985852684,0.0013399970469847497,10,14.4,0.3055050463303893,10,0.2467544524669647,8.51925449802178e-05,10,0.09071197463544427,0.0004560004540424934,10,551240.0,0.0,10,2400.0,0.0,10,600.0,0.0,10,1000.0,0.0,10,17.4,0.30550504633038944,10,2.85,0.058214163988576595,10,4.5,0.9574271077563381,10,3.8,0.06324555320336758,10,0.5,0.16666666666666669,10
04b3c39ea6,0.2076330046057701,0.00029550035247896374,10,0.28746371411114746,0.0008022867248076651,10,49.1,0.27688746209726883,10,0.2286090647816658,8.213098840826782e-05,10,0.20553507910040972,0.0004560085944905232,10,569416.0,0.0,10,2400.0,0.0,10,600.0,0.0,10,1000.0,0.0,10,50.0,0.0,10,6.56,0.05617433182117572,10,4.5,0.9574271077563381,10,7.529999999999999,0.059721576223896365,10,0.5,0.16666666666666669,10
04c53de5ce,0.2149361159801483,0.0005340157527468479,10,0.24977113433616846,0.0016952291851055818,10,49.4,0.22110831935702666,10,0.2354060037136078,0.00018808444612460707,10,0.1773037898115057,0.0011510565778625644,10,713032.0,0.0,10,2400.0,0.0,10,600.0,0.0,10,1000.0,0.0,10,50.0,0.0,10,6.9,0.03651483716701107,10,4.5,0.9574271077563381,10,7.82,0.03590109871423006,10,0.5,0.16666666666666669,10
050805db7e,0.23741056408484776,0.0076136680206068405,10,0.14013446253257947,0.03350258987409475,10,29.4,7.789166265468411,10,0.2493852507472038,0.004475740465478598,10,0.09987231902264163,0.02324870932201682,10,1257032.0,0.0,10,2400.0,0.0,10,600.0,0.0,10,1000.0,0.0,10,30.9,7.35217277030705,10,4.91,0.9871901764323044,10,4.5,0.9574271077563381,10,5.88,0.992505247677143,10,0.5,0.16666666666666669,10
05160992f9,0.2131971081097921,0.00036771215199511947,10,0.255235619937333,0.0012683173178839838,10,50.0,0.0,10,0.23371176965236665,0.00014499436203320383,10,0.18324691652686426,0.0007584121851070164,10,928584.0,0.0,10,2400.0,0.0,10,600.0,0.0,10,1000.0,0.0,10,50.0,0.0,10,7.2700000000000005,0.021343747458109442,10,4.5,0.9574271077563381,10,8.239999999999998,0.022110831935702784,10,0.5,0.16666666666666669,10
056a4a799a,0.21366176887353264,0.0006508020722313564,10,0.25080839179404896,0.0019339903995530376,10,49.8,0.1333333333333334,10,0.23478332558870316,0.0002837287721497234,10,0.17990521255336758,0.0013244640102511361,10,1028936.0,0.0,10,2400.0,0.0,10,600.0,0.0,10,1000.0,0.0,10,50.0,0.0,10,7.19,0.02333333333333333,10,4.5,0.9574271077563381,10,8.15,0.03726779962499654,10,0.5,0.16666666666666669,10
06be871c21,0.21390282106399536,0.0004603808535032058,10,0.2510757178193869,0.001382874835709211,10,50.0,0.0,10,0.23393122212886813,0.0003005820575734371,10,0.18046332408650612,0.0010089719251844286,10,1059656.0,0.0,10,2400.0,0.0,10,600.0,0.0,10,1000.0,0.0,10,50.0,0.0,10,7.2299999999999995,0.036666666666666715,10,4.5,0.9574271077563381,10,8.16,0.03399346342395188,10,0.5,0.16666666666666669,10
07513c82ee,0.23506703811883928,0.005535801028392012,10,0.1480611011056231,0.02440402320431429,10,32.8,7.080175766807551,10,0.24689302043914796,0.00326419836920546,10,0.1077112862541052,0.01646677544572134,10,1339208.0,0.0,10,2400.0,0.0,10,600.0,0.0,10,1000.0,0.0,10,34.2,6.6563253125629815,10,5.36,0.9034747736747644,10,4.5,0.9574271077563381,10,6.2700000000000005,0.8987707654841077,10,0.5,0.16666666666666669,10
07a61b96e2,0.24446842789649964,0.005288315884970276,10,0.09310233962927081,0.025915506784595737,10,19.3,6.92667949950688,10,0.2513883309960365,0.0029618479276061686,10,0.06853635995040216,0.018464757162961785,10,1369928.0,0.0,10,2400.0,0.0,10,600.0,0.0,10,1000.0,0.0,10,21.7,6.640030120413611,10,3.8300000000000005,0.9448162666771661,10,4.5,0.9574271077563381,10,4.8100000000000005,0.9575953680385515,10,0.5,0.16666666666666669,10
07d031abd4,0.22156911249955497,0.007153804529590952,10,0.22393241679050147,0.022879527456090825,10,45.1,4.9,10,0.24041645206212997,0.005149191727004238,10,0.1611127296706267,0.01668839734961983,10,928584.0,0.0,10,2400.0,0.0,10,600.0,0.0,10,1000.0,0.0,10,45.4,4.6000000000000005,10,6.57,0.5981545693956445,10,4.5,0.9574271077563381,10,7.489999999999999,0.6006385491014263,10,0.5,0.16666666666666669,10
08ddae54a4,0.2055560606122017,0.00036982570820245,10,0.2949883452795261,0.001472037280046189,10,50.0,0.0,10,0.2298282726764679,0.00020790984411126964,10,0.2104857291859808,0.0008287305639709507,10,746312.0,0.0,10,2400.0,0.0,10,600.0,0.0,10,1000.0,0.0,10,50.0,0.0,10,7.01,0.023333333333333258,10,4.5,0.9574271077563381,10,7.95,0.022360679774997894,10,0.5,0.16666666666666669,10
094f8c687f,0.204178219974041,0.00035226407681995293,10,0.3062052042062002,0.0005879472973420589,10,49.6,0.22110831935702666,10,0.22787036557197574,7.11236694770741e-05,10,0.2185489507949346,0.0003806093863430561,10,417864.0,0.0,10,2400.0,0.0,10,600.0,0.0,10,1000.0,0.0,10,50.0,0.0,10,6.58,0.06110100926607781,10,4.5,0.9574271077563381,10,7.51,0.0706320670013903,10,0.5,0.16666666666666669,10
09a1b42eb3,0.2244159953395526,0.00042022164402619785,10,0.2054073234700927,0.0010359591213787648,10,49.8,0.13333333333333314,10,0.2365274161577225,0.00011434126037937161,10,0.14700624609690174,0.0007066251703363791,10,646984.0,0.0,10,2400.0,0.0,10,600.0,0.0,10,1000.0,0.0,10,50.0,0.0,10,6.49,0.023333333333333248,10,4.5,0.9574271077563381,10,7.42,0.032659863237109066,10,0.5,0.16666666666666669,10
0a74fc65c5,0.24081380108992256,0.0049768116897930354,10,0.0976929223259437,0.029440623071574655,10,25.4,6.695271963607354,10,0.24782650035619733,0.0027738618583045722,10,0.06934542529130786,0.020700684800942466,10,1257032.0,0.0,10,2400.0,0.0,10,600.0,0.0,10,1000.0,0.0,10,27.2,6.205374015050718,10,4.43,0.8287943049997388,10,4.5,0.9574271077563381,10,5.37,0.8316048741239236,10,0.5,0.16666666666666669,10
0c22086c1e,0.2189300372401873,0.003995179291052241,10,0.22669823254167148,0.02203715302562181,10,25.9,5.976714073059804,10,0.2350896609544754,0.0023199682395681283,10,0.16106171800436492,0.016156642458877594,10,417864.0,0.0,10,2400.0,0.0,10,600.0,0.0,10,1000.0,0.0,10,28.2,5.674112754920857,10,4.0,0.649786289653931,10,4.5,0.9574271077563381,10,4.9399999999999995,0.6393051783859655,10,0.5,0.16666666666666669,10
0cf355bff1,0.21553813127676644,0.0013071479243402992,10,0.2450834869286484,0.0060296053368250335,10,45.1,2.4057800767688176,10,0.23595400078296663,0.00048432564148301544,10,0.17377389643367505,0.004442403155146836,10,844104.0,0.0,10,2400.0,0.0,10,600.0,0.0,10,1000.0,0.0,10,46.5,2.082999973329066,10,6.459999999999999,0.2591438896743575,10,4.5,0.9574271077563381,10,7.38,0.26110874703421516,10,0.5,0.16666666666666669,10
0d3aadc595,0.2255613028605779,0.0003615601157887471,10,0.20548304650469582,0.0011952329478032624,10,49.6,0.16329931618554494,10,0.2375075681090355,9.590202581672889e-05,10,0.14753326282437598,0.0006708906055054936,10,600136.0,0.0,10,2400.0,0.0,10,600.0,0.0,10,1000.0,0.0,10,50.0,0.0,10,6.56,0.016329931618554436,10,4.5,0.9574271077563381,10,7.49,0.027688746209726837,10,0.5,0.16666666666666669,10
0db7f175a5,0.22548965432246523,0.005985071581565211,10,0.1959480989367311,0.025720295623602986,10,40.4,6.2346700883937,10,0.24183925008773804,0.003588748278639196,10,0.13885947151318523,0.017231135425164492,10,1339208.0,0.0,10,2400.0,0.0,10,600.0,0.0,10,1000.0,0.0,10,41.2,5.866666666666667,10,6.3,0.7842901957254795,10,4.5,0.9574271077563381,10,7.2299999999999995,0.7898030696881907,10,0.5,0.16666666666666669,10
0dc2046fa3,0.21402694431940716,0.0003474310532343482,10,0.24839372115729233,0.0013191305948211459,10,49.9,0.10000000000000006,10,0.2343285293698311,0.0002742726429825753,10,0.17742692821111758,0.0009660061848824945,10,1041480.0,0.0,10,2400.0,0.0,10,600.0,0.0,10,1000.0,0.0,10,50.0,0.0,10,7.42,0.035901098714229966,10,4.5,0.9574271077563381,10,8.39,0.027688746209726788,10,0.5,0.16666666666666669,10
0dce947802,0.22841485146681467,0.005452672264807668,10,0.1803853137696312,0.027073136484141246,10,24.6,6.915682660928469,10,0.24269260829687117,0.003428448444608712,10,0.1303499384663495,0.018772967724076557,10,746312.0,0.0,10,2400.0,0.0,10,600.0,0.0,10,1000.0,0.0,10,26.4,6.425988899253821,10,4.05,0.8105210943858552,10,4.5,0.9574271077563381,10,5.01,0.8075270893288968,10,0.5,0.16666666666666669,10
0f15e8e7cf,0.24037714083989462,0.0004831731374597966,10,0.1175643175379866,0.0031506876673975935,10,8.5,0.6009252125773316,10,0.2457511990427971,0.0002639755847501469,10,0.08675012869053231,0.00205326392390965,10,581960.0,0.0,10,2400.0,0.0,10,600.0,0.0,10,1000.0,0.0,10,11.5,0.6009252125773317,10,2.1399999999999997,0.08326663997864533,10,4.5,0.9574271077563381,10,3.09,0.09480975102218592,10,0.5,0.16666666666666669,10
0f4db93476,0.23433613596359887,0.0031363176631186997,10,0.14673506326612828,0.01713743164237648,10,27.3,6.178906771338187,10,0.24283483926057814,0.0016650693487480883,10,0.10871823590726785,0.011796347929999656,10,797512.0,0.0,10,2400.0,0.0,10,600.0,0.0,10,1000.0,0.0,10,29.1,5.689073347703961,10,4.43,0.7208097298640375,10,4.5,0.9574271077563381,10,5.4,0.7223418704310154,10,0.5,0.16666666666666669,10
0ff3d879fa,0.20812442855040234,0.00037199770379560605,10,0.2850358432117859,0.000683326465223195,10,49.7,0.15275252316519497,10,0.22991182373762128,0.00010480748128270254,10,0.2038528222790931,0.0004720318700127699,10,515912.0,0.0,10,2400.0,0.0,10,600.0,0.0,10,1000.0,0.0,10,50.0,0.0,10,6.36,0.026666666666666766,10,4.5,0.9574271077563381,10,7.2700000000000005,0.026034165586355514,10,0.5,0.16666666666666669,10
103450e0e3,0.2047511191765467,0.0003466846149056823,10,0.3031777220262143,0.0011655915072982027,10,49.3,0.3,10,0.2283951510667801,9.603690697907785e-05,10,0.215791010403768,0.0006168031679267161,10,438344.0,0.0,10,2400.0,0.0,10,600.0,0.0,10,1000.0,0.0,10,50.0,0.0,10,6.5,0.04216370213557836,10,4.5,0.9574271077563381,10,7.45,0.052174919474995154,10,0.5,0.16666666666666669,10
107f80e3cc,0.22523185024658837,0.00909018626794204,10,0.21525527908036493,0.03170939615990305,10,40.6,6.266666666666666,10,0.24167960003614425,0.006376957825039336,10,0.1557522917338674,0.021969854072657658,10,682568.0,0.0,10,2400.0,0.0,10,600.0,0.0,10,1000.0,0.0,10,41.2,5.866666666666666,10,5.65,0.708715583134573,10,4.5,0.9574271077563381,10,6.609999999999999,0.7103129200883541,10,0.5,0.16666666666666669,10
12359853fe,0.24643757780392966,0.004835280419788798,10,0.08098114071611733,0.02454172121893278,10,24.2,6.895731368833267,10,0.2524365845799446,0.0031237255770104823,10,0.05880286455487406,0.0173772608560189,10,1369928.0,0.0,10,2400.0,0.0,10,600.0,0.0,10,1000.0,0.0,10,26.2,6.485539470408165,10,4.4399999999999995,0.9021209576449393,10,4.5,0.9574271077563381,10,5.4,0.9060291876583716,10,0.5,0.16666666666666669,10
125cc296a3,0.22269737770160042,0.00044860695848429854,10,0.2066703097463473,0.0008135267316104331,10,50.0,0.0,10,0.2371738052725792,8.940790107870054e-05,10,0.14969773466643632,0.0005176975860035437,10,1028936.0,0.0,10,2400.0,0.0,10,600.0,0.0,10,1000.0,0.0,10,50.0,0.0,10,7.2,0.0365148371670111,10,4.5,0.9574271077563381,10,8.139999999999999,0.030550504633038905,10,0.5,0.16666666666666669,10
12788a45f5,0.21183051707347236,0.0003655088579033784,10,0.2700780465951741,0.0007497328182502901,10,49.8,0.13333333333333314,10,0.23154670906066896,8.805363170970973e-05,10,0.1928200229921822,0.0005184780859320826,10,469064.0,0.0,10,2400.0,0.0,10,600.0,0.0,10,1000.0,0.0,10,50.0,0.0,10,6.57,0.05587684871413402,10,4.5,0.9574271077563381,10,7.55,0.05426273532033236,10,0.5,0.16666666666666669,10
129247d99b,0.24084626650810242,0.0005150306594923521,10,0.11494118922463499,0.002592084979381501,10,8.0,0.4714045207910317,10,0.24592240586280822,0.0002057308534915381,10,0.08511522137565186,0.0016285538666567648,10,581960.0,0.0,10,2400.0,0.0,10,600.0,0.0,10,1000.0,0.0,10,11.0,0.4714045207910318,10,2.09,0.05044248650140518,10,4.5,0.9574271077563381,10,3.04,0.04988876515698592,10,0.5,0.16666666666666669,10
13513980c5,0.21038846671581268,0.00043872399865722757,10,0.27461772571360477,0.0009631311078527096,10,50.0,0.0,10,0.2299285702586174,0.0001199077127884647,10,0.19721933688176363,0.0005608785273806873,10,384840.0,0.0,10,2400.0,0.0,10,600.0,0.0,10,1000.0,0.0,10,50.0,0.0,10,6.4,0.03333333333333337,10,4.5,0.9574271077563381,10,7.359999999999999,0.040000000000000036,10,0.5,0.16666666666666669,10
13ead7416e,0.21550948937733966,0.001431894551014138,10,0.24612575783394747,0.007529951170348877,10,46.1,3.049407957110509,10,0.23505419200658798,0.0006616228945890521,10,0.17471935916997597,0.00544703611004391,10,682312.0,0.0,10,2400.0,0.0,10,600.0,0.0,10,1000.0,0.0,10,47.0,2.7848798098940564,10,6.4799999999999995,0.3345976024354562,10,4.5,0.9574271077563381,10,7.44,0.33105890714493696,10,0.5,0.16666666666666669,10
141e04553d,0.21711581232150395,0.004616349481045511,10,0.23470430291488245,0.020949545652063684,10,45.2,4.5796651988254915,10,0.23562351802587508,0.0027456157982401253,10,0.16834580273896363,0.014459394833811973,10,879688.0,0.0,10,2400.0,0.0,10,600.0,0.0,10,1000.0,0.0,10,45.7,4.3,10,6.76,0.5739144341953579,10,4.5,0.9574271077563381,10,7.74,0.5827520913733387,10,0.5,0.16666666666666669,10
1486f31f18,0.21054308138291042,0.00046935374181429157,10,0.26802350905932654,0.0010403036391579464,10,49.9,0.10000000000000026,10,0.23345399601459502,0.00013007487256998945,10,0.19189463694525877,0.0007215835829119061,10,713288.0,0.0,10,2400.0,0.0,10,600.0,0.0,10,1000.0,0.0,10,50.0,0.0,10,6.88,0.0200000000000001,10,4.5,0.9574271077563381,10,7.840000000000001,0.022110831935702725,10,0.5,0.16666666666666669,10
1501646c90,0.2220080943504969,0.0004372355648765987,10,0.20978924246216266,0.000885402340739464,10,49.6,0.22110831935702654,10,0.2387628461122513,0.00010549871725886299,10,0.1504787343192105,0.0005510230571569512,10,1141832.0,0.0,10,2400.0,0.0,10,600.0,0.0,10,1000.0,0.0,10,50.0,0.0,10,7.44,0.033993463423951854,10,4.5,0.9574271077563381,10,8.370000000000001,0.036666666666666715,10,0.5,0.16666666666666669,10
1742a6efd8,0.21434011896451316,0.0004568429795743511,10,0.25648931665542374,0.0011246129926378347,10,50.0,0.0,10,0.23227766143083572,0.0001013218892184449,10,0.18347999301198464,0.0007449518099933722,10,384840.0,0.0,10,2400.0,0.0,10,600.0,0.0,10,1000.0,0.0,10,50.0,0.0,10,6.4,0.014907119849998615,10,4.5,0.9574271077563381,10,7.35,0.026874192494328562,10,0.5,0.16666666666666669,10
17ab1a9f05,0.24011640612284343,0.0003755545443405486,10,0.1243535649830572,0.0009522695654667695,10,13.4,0.2666666666666669,10,0.2461460383296013,0.00025131631210258137,10,0.09172234068086396,0.0004333176713451449,10,530760.0,0.0,10,2400.0,0.0,10,600.0,0.0,10,1000.0,0.0,10,16.4,0.26666666666666666,10,2.7800000000000002,0.04422166387140534,10,4.5,0.9574271077563381,10,3.75,0.04772607021092117,10,0.5,0.16666666666666669,10
19ced6374c,0.2288122312823931,0.000456071129507665,10,0.1702416825774228,0.0011660830096852923,10,50.0,0.0,10,0.24082304993867876,0.00014769379846049432,10,0.12246508298296344,0.0010702791905967748,10,1142088.0,0.0,10,2400.0,0.0,10,600.0,0.0,10,1000.0,0.0,10,50.0,0.0,10,7.32,0.05120763831912418,10,4.5,0.9574271077563381,10,8.3,0.05163977794943226,10,0.5,0.16666666666666669,10
1a1b195f3c,0.23930089396238324,0.007379793515539741,10,0.12388249097281152,0.03492067738612163,10,21.8,7.675067860720625,10,0.2489449925303459,0.00443857440653892,10,0.09031900710129805,0.023727450444903937,10,1226312.0,0.0,10,2400.0,0.0,10,600.0,0.0,10,1000.0,0.0,10,23.6,7.185169912163989,10,3.97,0.9881576572367162,10,4.5,0.9574271077563381,10,4.93,0.9921973370028543,10,0.5,0.16666666666666669,10
1a351ba427,0.20445093303918838,0.00034966774217498565,10,0.3039805293449741,0.0011477481396454307,10,47.0,1.0110500592068734,10,0.22720853313207626,0.0001664741599163532,10,0.21753350685019504,0.0006891892885532577,10,438344.0,0.0,10,2400.0,0.0,10,600.0,0.0,10,1000.0,0.0,10,48.7,0.7,10,6.39,0.11000000000000003,10,4.5,0.9574271077563381,10,7.35,0.11279282877125762,10,0.5,0.16666666666666669,10
1bee7d9cd4,0.24155253674586613,0.0003530663266028186,10,0.12263420567067815,0.0013323536598977477,10,14.4,0.3055050463303893,10,0.24683439157009124,9.064254664618885e-05,10,0.09065204674899958,0.00045501962086372656,10,551240.0,0.0,10,2400.0,0.0,10,600.0,0.0,10,1000.0,0.0,10,17.4,0.30550504633038944,10,2.8600000000000003,0.05416025603090638,10,4.5,0.9574271077563381,10,3.84,0.07023769168568494,10,0.5,0.16666666666666669,10
1c866566d5,0.21515307591358818,0.005651971302554278,10,0.2468029046698758,0.029657635394221185,10,38.0,5.90668171555645,10,0.2337991308450699,0.003097857014584096,10,0.17695868747978263,0.02022898945623116,10,844360.0,0.0,10,2400.0,0.0,10,600.0,0.0,10,1000.0,0.0,10,39.5,5.586193297367677,10,5.5600000000000005,0.6860838950967376,10,4.5,0.9574271077563381,10,6.5200000000000005,0.6873136110975834,10,0.5,0.16666666666666669,10
1cd5acb590,0.2283478009502093,0.00047238399939984646,10,0.17680488377036982,0.0009255193418121453,10,50.0,0.0,10,0.2407764251470566,9.380675020058228e-05,10,0.12914948586683145,0.0007717254444153893,10,1141832.0,0.0,10,2400.0,0.0,10,600.0,0.0,10,1000.0,0.0,10,50.0,0.0,10,7.45,0.02236067977499782,10,4.5,0.9574271077563381,10,8.41,0.03144660377352187,10,0.5,0.16666666666666669,10
1e8446f854,0.2087610238790512,0.0040710122735452626,10,0.28111665931996854,0.01933203252409756,10,45.4,4.269270039089431,10,0.2301430701971054,0.002199474512717596,10,0.2021110276043478,0.01314447005214319,10,766792.0,0.0,10,2400.0,0.0,10,600.0,0.0,10,1000.0,0.0,10,46.0,4.0,10,6.5200000000000005,0.4921156142389487,10,4.5,0.9574271077563381,10,7.44,0.49445817708769757,10,0.5,0.16666666666666669,10
1ea0d031f5,0.2553704625169436,0.0011630719867031577,10,0.020982187932590695,0.002546752238356115,10,3.0,0.0,10,0.25631193838119504,0.0011337716152375874,10,0.016068060325203068,0.002454752243415403,10,1257032.0,0.0,10,2400.0,0.0,10,600.0,0.0,10,1000.0,0.0,10,6.0,0.0,10,1.53,0.015275252316519482,10,4.5,0.9574271077563381,10,2.4899999999999998,0.010000000000000012,10,0.5,0.16666666666666669,10
1f3cb735f1,0.22319583155711492,0.0003197563234435151,10,0.215413900204002,0.0011034102145577307,10,49.7,0.15275252316519491,10,0.2361444499254227,7.369806163606577e-05,10,0.15463243521149234,0.0005944919322284169,10,600136.0,0.0,10,2400.0,0.0,10,600.0,0.0,10,1000.0,0.0,10,50.0,0.0,10,6.6,0.021081851067789217,10,4.5,0.9574271077563381,10,7.529999999999999,0.026034165586355476,10,0.5,0.16666666666666669,10
1feacca601,0.22590504378080367,0.0016619394265000355,10,0.19559027081554953,0.008881562545628212,10,37.7,3.8094910712878987,10,0.23948316513299944,0.0006065160739138124,10,0.13877030071118884,0.006413236707891997,10,844104.0,0.0,10,2400.0,0.0,10,600.0,0.0,10,1000.0,0.0,10,39.8,3.5017455964450392,10,5.65,0.4405173725922232,10,4.5,0.9574271077563381,10,6.56,0.4369591895513051,10,0.5,0.16666666666666669,10
200598f7d4,0.22265898748238883,0.0006291840702531983,10,0.2021798476876968,0.002494456466094785,10,49.0,0.894427190999916,10,0.23954316794872285,0.0002693676560255274,10,0.14513420945014094,0.0015574480532162891,10,1172552.0,0.0,10,2400.0,0.0,10,600.0,0.0,10,1000.0,0.0,10,49.4,0.6000000000000001,10,7.38,0.09043106644167026,10,4.5,0.9574271077563381,10,8.35,0.09098229375970797,10,0.5,0.16666666666666669,10
2034f71c2d,0.22046129377683005,0.000626654590418248,10,0.21426624047546622,0.003118965009704544,10,49.9,0.10000000000000006,10,0.2387404307246208,0.00024604259516559544,10,0.15274382012423338,0.0017365604232847957,10,1041480.0,0.0,10,2400.0,0.0,10,600.0,0.0,10,1000.0,0.0,10,50.0,0.0,10,7.459999999999999,0.03399346342395183,10,4.5,0.9574271077563381,10,8.4,0.02981423969999709,10,0.5,0.16666666666666669,10
2052373a61,0.21318460710843407,0.0005316418871779314,10,0.2556747259210368,0.0014564642492284042,10,50.0,0.0,10,0.23300851552486418,0.00010262106467560029,10,0.18327137191432213,0.0010737734565639796,10,944712.0,0.0,10,2400.0,0.0,10,600.0,0.0,10,1000.0,0.0,10,50.0,0.0,10,6.99,0.037859388972001785,10,4.5,0.9574271077563381,10,7.909999999999999,0.04068851871911233,10,0.5,0.16666666666666669,10
207442fdfd,0.2054562747478485,0.0003084631376310875,10,0.2989751142307061,0.0006277151398606975,10,49.8,0.13333333333333353,10,0.22879765651226042,9.301334472115067e-05,10,0.2135563945059486,0.00047691617774793743,10,569416.0,0.0,10,2400.0,0.0,10,600.0,0.0,10,1000.0,0.0,10,50.0,0.0,10,6.639999999999999,0.03055050463303896,10,4.5,0.9574271077563381,10,7.590000000000001,0.0433333333333333,10,0.5,0.16666666666666669,10
207d2cc991,0.24254842913150787,0.0030946679976565127,10,0.11320975398274553,0.014616677196803833,10,17.7,5.3852679702231265,10,0.2496300208210945,0.001837203919412358,10,0.08617251554729433,0.009486570524913822,10,879688.0,0.0,10,2400.0,0.0,10,600.0,0.0,10,1000.0,0.0,10,20.1,4.985423196123318,10,3.35,0.6422616289332564,10,4.5,0.9574271077563381,10,4.3,0.6508114592995083,10,0.5,0.16666666666666669,10
20dbe4c62e,0.21225941507021587,0.0005225950548219797,10,0.26077974625860867,0.001527210254927753,10,50.0,0.0,10,0.2327849890589714,0.00016163665030220078,10,0.18723089790109976,0.0007918648625009967,10,713288.0,0.0,10,2400.0,0.0,10,600.0,0.0,10,1000.0,0.0,10,50.0,0.0,10,6.81,0.03144660377352198,10,4.5,0.9574271077563381,10,7.720000000000001,0.04163331998932269,10,0.5,0.16666666666666669,10
21680b609b,0.22415933179855346,0.00044839637987765727,10,0.198691077417904,0.0011149220047267708,10,50.0,0.0,10,0.23745454719066622,8.92131436206537e-05,10,0.1443886419558616,0.0006935956915284189,10,1059656.0,0.0,10,2400.0,0.0,10,600.0,0.0,10,1000.0,0.0,10,50.0,0.0,10,7.220000000000001,0.03265986323710908,10,4.5,0.9574271077563381,10,8.16,0.04268749491621906,10,0.5,0.16666666666666669,10
216c9cdfdd,0.22759363645315173,0.0015379831675884019,10,0.19333932619819452,0.01035777423729906,10,45.7,3.969466798786289,10,0.23850035294294356,0.0009786030640916963,10,0.13883466037311676,0.0072457645042619,10,731208.0,0.0,10,2400.0,0.0,10,600.0,0.0,10,1000.0,0.0,10,46.3,3.7,10,6.26,0.4407569246950825,10,4.5,0.9574271077563381,10,7.19,0.43370496884402887,10,0.5,0.16666666666666669,10
21f7c611b4,0.24365307941039402,0.0006657355963482044,10,0.09969738903832254,0.0025005477807876365,10,10.0,0.21081851067789195,10,0.2509284752488136,0.0006037257334021482,10,0.07701646534818642,0.0015016917153958817,10,859208.0,0.0,10,2400.0,0.0,10,600.0,0.0,10,1000.0,0.0,10,13.0,0.21081851067789195,10,2.43,0.033499585403736334,10,4.5,0.9574271077563381,10,3.37,0.033499585403736286,10,0.5,0.16666666666666669,10
221fe2c06d,0.2480248687664668,0.0019324683918824988,10,0.09967593313560233,0.006305378016215871,10,11.4,1.1372481406154655,10,0.25268490554094314,0.0016571685661219556,10,0.0745871218309755,0.00439006171172363,10,581960.0,0.0,10,2400.0,0.0,10,600.0,0.0,10,1000.0,0.0,10,14.4,1.1372481406154655,10,2.5300000000000002,0.1505914266410202,10,4.5,0.9574271077563381,10,3.46,0.16206994374857625,10,0.5,0.16666666666666669,10
22da062cd7,0.2528577903707822,0.0008286120583458088,10,0.05435717474306738,0.001733140942595582,10,8.8,0.1333333333333334,10,0.2556416309595108,0.0008236593156518897,10,0.04300839967861871,0.0015407935900415644,10,1041480.0,0.0,10,2400.0,0.0,10,600.0,0.0,10,1000.0,0.0,10,11.8,0.1333333333333334,10,2.3,0.02108185106778916,10,4.5,0.9574271077563381,10,3.28,0.013333333333333284,10,0.5,0.16666666666666669,10
25ccb31117,0.2415144379734993,0.001942161138444977,10,0.1206656407378636,0.011490234414932037,10,19.4,5.2243021862573515,10,0.24794220572710035,0.0014786795652649526,10,0.08843407165377981,0.007446188835676279,10,682312.0,0.0,10,2400.0,0.0,10,600.0,0.0,10,1000.0,0.0,10,21.8,4.834597535817571,10,3.4,0.590668171555645,10,4.5,0.9574271077563381,10,4.34,0.5914577095805095,10,0.5,0.16666666666666669,10
25e1bfb2b4,0.22153994556268058,0.00045435232396512083,10,0.21389213994891168,0.0017551882670885138,10,50.0,0.0,10,0.23622482758760452,0.00020735981206817858,10,0.1543160106664412,0.0012053088804428666,10,682568.0,0.0,10,2400.0,0.0,10,600.0,0.0,10,1000.0,0.0,10,50.0,0.0,10,6.7299999999999995,0.033499585403736494,10,4.5,0.9574271077563381,10,7.7,0.0394405318873309,10,0.5,0.16666666666666669,10
25f4b9356e,0.2432796142697334,0.0028028403505822664,10,0.10915498979406388,0.013471374174932826,10,17.7,5.3852679702231265,10,0.24995978845357897,0.0016459460274263046,10,0.08347664326536605,0.00876668164379369,10,879688.0,0.0,10,2400.0,0.0,10,600.0,0.0,10,1000.0,0.0,10,20.1,4.985423196123318,10,3.3600000000000003,0.6487937525387658,10,4.5,0.9574271077563381,10,4.319999999999999,0.6470102180199492,10,0.5,0.16666666666666669,10
27d4acb66e,0.21906474169095355,0.004947624570097278,10,0.22973514463000436,0.02652667414904115,10,40.2,6.2017918557641245,10,0.23539662572145464,0.0027973627815338614,10,0.16467071114501877,0.01881932197099764,10,600136.0,0.0,10,2400.0,0.0,10,600.0,0.0,10,1000.0,0.0,10,41.2,5.866666666666666,10,5.6,0.7004760286167305,10,4.5,0.9574271077563381,10,6.5200000000000005,0.6871519320920066,10,0.5,0.16666666666666669,10
2824202c82,0.20777129425605137,0.00035011992974882635,10,0.2822524968415707,0.00125256027626266,10,50.0,0.0,10,0.23121526987552646,0.0001603977240187154,10,0.20158692136068787,0.0006980507869308264,10,746312.0,0.0,10,2400.0,0.0,10,600.0,0.0,10,1000.0,0.0,10,50.0,0.0,10,6.970000000000001,0.029999999999999947,10,4.5,0.9574271077563381,10,7.9,0.02981423969999723,10,0.5,0.16666666666666669,10
28f738d4ad,0.2240960831840833,0.0003510558319260708,10,0.2076494086443223,0.0009722853717724628,10,49.6,0.16329931618554513,10,0.23652752249240874,9.550483232734928e-05,10,0.14871066840569178,0.0007823583761055333,10,485192.0,0.0,10,2400.0,0.0,10,600.0,0.0,10,1000.0,0.0,10,50.0,0.0,10,6.42,0.029059326290271154,10,4.5,0.9574271077563381,10,7.38,0.029059326290271224,10,0.5,0.16666666666666669,10
298433168a,0.21172379461924234,0.00030012934240674044,10,0.27068489424635117,0.0006757530566322446,10,49.8,0.1333333333333333,10,0.23116242998838424,7.423477826140986e-05,10,0.19317500042515207,0.0003294322883296658,10,569416.0,0.0,10,2400.0,0.0,10,600.0,0.0,10,1000.0,0.0,10,50.0,0.0,10,6.63,0.030000000000000075,10,4.5,0.9574271077563381,10,7.57,0.04229525846816497,10,0.5,0.16666666666666669,10
29baa8f3a1,0.22205521386861798,0.0003229305195790852,10,0.21009587191544443,0.0015954539883487572,10,49.9,0.10000000000000035,10,0.23906537427902222,0.00012406177886799234,10,0.15030837972052857,0.0008036864716379044,10,1041480.0,0.0,10,2400.0,0.0,10,600.0,0.0,10,1000.0,0.0,10,50.0,0.0,10,7.470000000000001,0.021343747458109394,10,4.5,0.9574271077563381,10,8.45,0.022360679774997772,10,0.5,0.16666666666666669,10
2a52ef7bc8,0.21266085225343706,0.0003966909966053032,10,0.26334287764943765,0.0011782367538170245,10,49.9,0.10000000000000006,10,0.23101811010837556,0.00010752360587265212,10,0.18845404896286166,0.0008113501832439143,10,485192.0,0.0,10,2400.0,0.0,10,600.0,0.0,10,1000.0,0.0,10,50.0,0.0,10,6.459999999999999,0.030550504633038853,10,4.5,0.9574271077563381,10,7.42,0.02494438257849294,10,0.5,0.16666666666666669,10
2cfb0b76ba,0.21555898280938468,0.00020653232009608394,10,0.24323211879807335,0.0014960845839104508,10,49.9,0.10000000000000035,10,0.2361972348690033,0.00028416430912296035,10,0.17414640612516347,0.0012239977151746685,10,975432.0,0.0,10,2400.0,0.0,10,600.0,0.0,10,1000.0,0.0,10,50.0,0.0,10,6.959999999999999,0.03999999999999993,10,4.5,0.9574271077563381,10,7.9,0.047140452079103105,10,0.5,0.16666666666666669,10
2d0e0abf8a,0.21262311132748923,0.00035022283424860165,10,0.2669354893624057,0.0007672649832035399,10,49.7,0.15275252316519478,10,0.2319253079414368,9.305581641302515e-05,10,0.19068541855127918,0.0005801447027346106,10,469064.0,0.0,10,2400.0,0.0,10,600.0,0.0,10,1000.0,0.0,10,50.0,0.0,10,6.57,0.04725815626252602,10,4.5,0.9574271077563381,10,7.540000000000001,0.052068331172711015,10,0.5,0.16666666666666669,10
2d166fdada,0.22299796042839687,0.00039135241551531554,10,0.21590701939285775,0.0010787993542138688,10,49.8,0.133333333333333,10,0.2386747747182846,8.843978865235776e-05,10,0.1535666080515057,0.0006106855141768501,10,844104.0,0.0,10,2400.0,0.0,10,600.0,0.0,10,1000.0,0.0,10,50.0,0.0,10,6.9,0.02581988897471619,10,4.5,0.9574271077563381,10,7.82,0.029059326290271168,10,0.5,0.16666666666666669,10
2dec7a8863,0.24085274972518284,0.0056963142484133394,10,0.1131341315055481,0.027943126084491572,10,23.3,7.31672361405325,10,0.24968908649682997,0.0030099468930692894,10,0.08265276932239478,0.01922688280296676,10,1369928.0,0.0,10,2400.0,0.0,10,600.0,0.0,10,1000.0,0.0,10,25.3,6.91865433287267,10,4.38,0.998754780269467,10,4.5,0.9574271077563381,10,5.35,1.0011382410924967,10,0.5,0.16666666666666669,10
2eb0a6f185,0.23646419042348862,0.006854109457661551,10,0.15475549716159,0.029054004969536456,10,31.5,7.485170524295207,10,0.24892972784042358,0.004637598289734858,10,0.1122621948494991,0.019581129736557762,10,879688.0,0.0,10,2400.0,0.0,10,600.0,0.0,10,1000.0,0.0,10,32.8,7.021870595978443,10,5.07,0.9176116341411061,10,4.5,0.9574271077563381,10,6.0200000000000005,0.9245779818081569,10,0.5,0.16666666666666669,10
309d12c152,0.20689096015691755,0.00040262682656716,10,0.2911859173736105,0.0009287453495583878,10,49.8,0.1333333333333333,10,0.22925679230690005,0.00012454504687813467,10,0.207644192523053,0.0007217967803893415,10,354120.0,0.0,10,2400.0,0.0,10,600.0,0.0,10,1000.0,0.0,10,50.0,0.0,10,6.3100000000000005,0.05259911279353169,10,4.5,0.9574271077563381,10,7.24,0.061824123303304765,10,0.5,0.16666666666666669,10
3120f4b38f,0.2175127295454343,0.002167006455050406,10,0.23373023959436115,0.010998265736050287,10,43.8,3.96316371938716,10,0.23520352363586428,0.0009657837537749421,10,0.16543365974754498,0.008047537819438271,10,551240.0,0.0,10,2400.0,0.0,10,600.0,0.0,10,1000.0,0.0,10,45.0,3.675746333890726,10,6.1899999999999995,0.4405678154382138,10,4.5,0.9574271077563381,10,7.13,0.43231932642434573,10,0.5,0.16666666666666669,10
33120af0fa,0.22588147324323654,0.0003594640907257739,10,0.20458509863923874,0.0011420021497484277,10,49.8,0.13333333333333303,10,0.23770636228322983,9.952740287300698e-05,10,0.14692279017206905,0.0006090552250886415,10,600136.0,0.0,10,2400.0,0.0,10,600.0,0.0,10,1000.0,0.0,10,50.0,0.0,10,6.6,0.029814239699997212,10,4.5,0.9574271077563381,10,7.5,0.03333333333333329,10,0.5,0.16666666666666669,10
33e77b5ace,0.23473390358686447,0.0043394190957080124,10,0.13986390029477297,0.02176416307418931,10,19.4,5.532128382859932,10,0.2434890520453453,0.002086448362388302,10,0.10230398142648789,0.014470621011824109,10,1141832.0,0.0,10,2400.0,0.0,10,600.0,0.0,10,1000.0,0.0,10,21.9,5.231209760232862,10,3.66,0.7044619696382954,10,4.5,0.9574271077563381,10,4.65,0.6986097305044896,10,0.5,0.16666666666666669,10
34a422e652,0.22335602422555287,0.0022283313053115205,10,0.21176532055795533,0.012938094750326942,10,41.7,5.285304574425626,10,0.23834829931259155,0.000995349252926862,10,0.1503736531699919,0.00918478838882885,10,551240.0,0.0,10,2400.0,0.0,10,600.0,0.0,10,1000.0,0.0,10,42.6,4.933333333333334,10,5.880000000000001,0.5889350086762075,10,4.5,0.9574271077563381,10,6.8,0.5846176338238335,10,0.5,0.16666666666666669,10
352a2d95a7,0.2263638014793396,0.00035291098476995504,10,0.20361068613366723,0.0006608190029567077,10,50.0,0.0,10,0.2383728151321411,6.217873226453888e-05,10,0.1461870627576542,0.0004784399812468915,10,469064.0,0.0,10,2400.0,0.0,10,600.0,0.0,10,1000.0,0.0,10,50.0,0.0,10,6.590000000000001,0.04818944098266984,10,4.5,0.9574271077563381,10,7.540000000000001,0.05811865258054231,10,0.5,0.16666666666666669,10
3693abaf4d,0.22690640195210773,0.002742026439689492,10,0.183630360218673,0.014494310753824043,10,42.4,5.066666666666666,10,0.2389733412027359,0.0011399415810597073,10,0.13340910153064917,0.010220281310521445,10,928584.0,0.0,10,2400.0,0.0,10,600.0,0.0,10,1000.0,0.0,10,43.0,4.666666666666667,10,6.24,0.5989249628385104,10,4.5,0.9574271077563381,10,7.19,0.5987858084861769,10,0.5,0.16666666666666669,10
36b42bd442,0.22804593336582185,0.005599394180760997,10,0.18265574736381232,0.02781472896599251,10,24.6,6.915682660928469,10,0.24251430855989456,0.003580767372163111,10,0.13185711071777323,0.019342338958601806,10,746312.0,0.0,10,2400.0,0.0,10,600.0,0.0,10,1000.0,0.0,10,26.4,6.425988899253821,10,4.05,0.8103839967708039,10,4.5,0.9574271077563381,10,5.0200000000000005,0.8118292102817357,10,0.5,0.16666666666666669,10
37210ceafd,0.24139383498827618,0.001980525124671012,10,0.12099759272435766,0.01161463635135425,10,19.4,5.2243021862573515,10,0.2478597727060318,0.001501088286104753,10,0.08868522619479965,0.007541977179469358,10,682312.0,0.0,10,2400.0,0.0,10,600.0,0.0,10,1000.0,0.0,10,21.8,4.834597535817571,10,3.41,0.5907528153880343,10,4.5,0.9574271077563381,10,4.36,0.5991104516976259,10,0.5,0.16666666666666669,10
377a76d72b,0.20556597739458082,0.0004041819606005101,10,0.298176318373391,0.0011986131221227796,10,44.3,1.468559384794046,10,0.2277628026366234,0.00012469876471064774,10,0.21369319103310835,0.0009770667258261632,10,469064.0,0.0,10,2400.0,0.0,10,600.0,0.0,10,1000.0,0.0,10,46.8,1.3232955494186138,10,6.26,0.1550627113281734,10,4.5,0.9574271077563381,10,7.209999999999999,0.1573742884548384,10,0.5,0.16666666666666669,10
37d577efd7,0.20787614442904792,0.0005195464325119404,10,0.28439909783819106,0.001415709274410173,10,49.6,0.16329931618554513,10,0.22977788397073745,0.0002855063577459176,10,0.20334172610718276,0.0010226850447102387,10,944712.0,0.0,10,2400.0,0.0,10,600.0,0.0,10,1000.0,0.0,10,50.0,0.0,10,6.970000000000001,0.04484541349024567,10,4.5,0.9574271077563381,10,7.9,0.044721359549995704,10,0.5,0.16666666666666669,10
39bf5048a3,0.20953303734461465,0.0006317618391470333,10,0.27224845548072263,0.0026840204269633953,10,50.0,0.0,10,0.23230819751024248,0.00022630274142317416,10,0.19541585272986034,0.0017680909804488759,10,766792.0,0.0,10,2400.0,0.0,10,600.0,0.0,10,1000.0,0.0,10,50.0,0.0,10,7.06,0.07023769168568485,10,4.5,0.9574271077563381,10,8.02,0.06633249580710797,10,0.5,0.16666666666666669,10
39e45193ad,0.26671553804477055,0.006337477357292489,10,0.07708876251661216,0.021639277871985954,10,8.4,4.6240915023626235,10,0.27415533488988875,0.005063320794504982,10,0.06184840998676068,0.014967514225883464,10,662088.0,0.0,10,2400.0,0.0,10,600.0,0.0,10,1000.0,0.0,10,11.1,4.324221188710042,10,2.1,0.5335416259924494,10,4.5,0.9574271077563381,10,3.04,0.5291922565990969,10,0.5,0.16666666666666669,10
39e94ccfce,0.2364742894967397,0.0017052461159687757,10,0.13628035785581424,0.009551884946651634,10,16.6,3.7124415446202277,10,0.24493574323654171,0.0009862016137773702,10,0.10213945920602711,0.006206977693612028,10,746312.0,0.0,10,2400.0,0.0,10,600.0,0.0,10,1000.0,0.0,10,19.3,3.4125585058069783,10,3.21,0.4212283624512164,10,4.5,0.9574271077563381,10,4.15,0.41719965910287554,10,0.5,0.16666666666666669,10
3a36618a31,0.22355088979005813,0.000377525124380741,10,0.2140421923133949,0.0007598378545141256,10,50.0,0.0,10,0.2366945069551468,8.704212699285753e-05,10,0.1532410969146401,0.0005471604750229375,10,469064.0,0.0,10,2400.0,0.0,10,600.0,0.0,10,1000.0,0.0,10,50.0,0.0,10,6.57,0.05783117190965829,10,4.5,0.9574271077563381,10,7.5,0.05773502691896256,10,0.5,0.16666666666666669,10
3a8a31f864,0.22896428096294405,0.002774588432711769,10,0.17954394724744308,0.015366894651986093,10,30.2,6.401041581909411,10,0.24046241954565048,0.001089689981171342,10,0.12741445760329678,0.011185408679207493,10,682312.0,0.0,10,2400.0,0.0,10,600.0,0.0,10,1000.0,0.0,10,32.0,6.0,10,4.66,0.7409003531739833,10,4.5,0.9574271077563381,10,5.57,0.744468490490587,10,0.5,0.16666666666666669,10
3b962d45e2,0.2102717466155688,0.000387107759932405,10,0.269434749342341,0.0012003431615341257,10,49.4,0.2666666666666667,10,0.23237026051282883,0.00017655790016452754,10,0.1914384531679171,0.0008744001130078392,10,581960.0,0.0,10,2400.0,0.0,10,600.0,0.0,10,1000.0,0.0,10,50.0,0.0,10,6.909999999999999,0.04333333333333339,10,4.5,0.9574271077563381,10,7.88,0.048989794855663585,10,0.5,0.16666666666666669,10
3bf0053958,0.21110584731896717,0.0003282962756914516,10,0.27406694579189156,0.0006054680591741236,10,49.7,0.1527525231651945,10,0.23094812676906584,7.065263229981877e-05,10,0.19579637873839736,0.00037031683367440006,10,417864.0,0.0,10,2400.0,0.0,10,600.0,0.0,10,1000.0,0.0,10,50.0,0.0,10,6.5200000000000005,0.061101009266077824,10,4.5,0.9574271077563381,10,7.45,0.06540472290116195,10,0.5,0.16666666666666669,10
3cb621df8c,0.2273250605861346,0.005733049902244886,10,0.19404316978958425,0.02442973382294374,10,40.8,6.133333333333333,10,0.24269691338539126,0.003849178104371297,10,0.13895806264453886,0.016464457891673757,10,879688.0,0.0,10,2400.0,0.0,10,600.0,0.0,10,1000.0,0.0,10,41.4,5.733333333333334,10,6.220000000000001,0.7622772898799142,10,4.5,0.9574271077563381,10,7.17,0.7538125319556138,10,0.5,0.16666666666666669,10
3cf9f89d9e,0.2236439946691195,0.00045515137410226245,10,0.202442235507877,0.0016715955449634087,10,50.0,0.0,10,0.23743818765878677,0.0001817051406170955,10,0.14632582115389453,0.0012163249031951582,10,682568.0,0.0,10,2400.0,0.0,10,600.0,0.0,10,1000.0,0.0,10,50.0,0.0,10,6.709999999999999,0.03480102169636843,10,4.5,0.9574271077563381,10,7.659999999999999,0.042687494916218996,10,0.5,0.16666666666666669,10
3d11be03ec,0.24025786346197128,0.007162656139085313,10,0.12114269969690299,0.03262037631407442,10,22.5,7.51480021173033,10,0.24998067541122437,0.003859177795773724,10,0.08719308692659943,0.022131110196799846,10,1369928.0,0.0,10,2400.0,0.0,10,600.0,0.0,10,1000.0,0.0,10,24.3,7.02701137674395,10,4.220000000000001,1.0062913207527044,10,4.5,0.9574271077563381,10,5.21,1.0023804999433434,10,0.5,0.16666666666666669,10
3d39d916a9,0.2359180447459221,0.0014625148695390422,10,0.15006548116239668,0.006875098728569249,10,18.5,3.3903457706323175,10,0.24365813159942626,0.0007337216055231349,10,0.10813347053962374,0.004967808116667622,10,417864.0,0.0,10,2400.0,0.0,10,600.0,0.0,10,1000.0,0.0,10,21.3,3.1904370999737464,10,3.22,0.38838697769678693,10,4.5,0.9574271077563381,10,4.18,0.3820413008505174,10,0.5,0.16666666666666669,10
3d792bfed2,0.2494741937319438,0.011809090984985709,10,0.12951835782582283,0.04381897367995091,10,21.7,7.634788798650557,10,0.2579733008146286,0.008270293822136331,10,0.09718924879736232,0.030690576850155808,10,682568.0,0.0,10,2400.0,0.0,10,600.0,0.0,10,1000.0,0.0,10,23.6,7.185169912163989,10,3.59,0.8602906485601247,10,4.5,0.9574271077563381,10,4.5200000000000005,0.8587846709805149,10,0.5,0.16666666666666669,10
3fb55b4b88,0.21509412147601448,0.0047475390316576395,10,0.24697698600939902,0.02473400112054183,10,33.7,5.880381695850099,10,0.2339730123758316,0.002875170809319061,10,0.17658248831891393,0.018029298464250634,10,682568.0,0.0,10,2400.0,0.0,10,600.0,0.0,10,1000.0,0.0,10,35.8,5.615059117132152,10,5.04,0.6631909394904475,10,4.5,0.9574271077563381,10,5.99,0.6682398105803369,10,0.5,0.16666666666666669,10
4077cef8fa,0.22585121452808382,0.0034149703704461566,10,0.18784692695938773,0.016234072742316325,10,45.0,4.889898885571267,10,0.24127353420257566,0.00187237676534492,10,0.13436298801020236,0.010919158750450403,10,1141832.0,0.0,10,2400.0,0.0,10,600.0,0.0,10,1000.0,0.0,10,45.4,4.6000000000000005,10,6.859999999999999,0.6294971538193533,10,4.5,0.9574271077563381,10,7.840000000000001,0.6386096007908293,10,0.5,0.16666666666666669,10
415d0d7f95,0.21473382606108982,0.004250674770922916,10,0.24872856607641008,0.02134933078893141,10,45.0,4.779586221049312,10,0.2357302931189537,0.002268138996404275,10,0.1780408067136061,0.014656738577305267,10,844360.0,0.0,10,2400.0,0.0,10,600.0,0.0,10,1000.0,0.0,10,45.5,4.5,10,6.32,0.5474790711372749,10,4.5,0.9574271077563381,10,7.2700000000000005,0.5531827104231577,10,0.5,0.16666666666666669,10
41af99ebfe,0.21450396337111793,0.0005726060405906551,10,0.2481815083079734,0.0014558888572886897,10,50.0,0.0,10,0.23380072147846223,0.00020550344339718507,10,0.17805375055401385,0.0010877654087130448,10,944712.0,0.0,10,2400.0,0.0,10,600.0,0.0,10,1000.0,0.0,10,50.0,0.0,10,6.9,0.03651483716701102,10,4.5,0.9574271077563381,10,7.859999999999999,0.03999999999999995,10,0.5,0.16666666666666669,10
43e682270b,0.20943377029895785,0.00036384127949763364,10,0.2783404610874721,0.0010080376567310838,10,49.8,0.1333333333333335,10,0.22906604261398317,0.00010551266410483872,10,0.19974213009765335,0.0005967350282739372,10,485192.0,0.0,10,2400.0,0.0,10,600.0,0.0,10,1000.0,0.0,10,50.0,0.0,10,6.470000000000001,0.033499585403736286,10,4.5,0.9574271077563381,10,7.44,0.03399346342395189,10,0.5,0.16666666666666669,10
455d1d3069,0.20778300275405245,0.0004304185703978706,10,0.28677949507909695,0.0011972165257570382,10,49.8,0.20000000000000007,10,0.22984510308504102,0.00010931436701538024,10,0.20528504725034838,0.0006718632245882908,10,384840.0,0.0,10,2400.0,0.0,10,600.0,0.0,10,1000.0,0.0,10,50.0,0.0,10,6.44,0.05416025603090636,10,4.5,0.9574271077563381,10,7.37,0.049553562491061735,10,0.5,0.16666666666666669,10
460908a218,0.2538332486152649,0.0033320218463603313,10,0.0514522708225314,0.014530025555954935,10,11.3,4.190067620774951,10,0.25648583440780637,0.0019894029011283732,10,0.03962175866105895,0.010243339857865274,10,1339208.0,0.0,10,2400.0,0.0,10,600.0,0.0,10,1000.0,0.0,10,14.1,3.990126703641265,10,2.63,0.5304191214920938,10,4.5,0.9574271077563381,10,3.56,0.5275098735252893,10,0.5,0.16666666666666669,10
469cba8f4e,0.2370109408895175,0.0003900280144296412,10,0.13097066371121185,0.0005620982492755803,10,9.0,0.0,10,0.24446418471336365,7.756007304643794e-05,10,0.093721604073464,0.00028393459804378996,10,530760.0,0.0,10,2400.0,0.0,10,600.0,0.0,10,1000.0,0.0,10,12.0,0.0,10,2.1700000000000004,0.015275252316519482,10,4.5,0.9574271077563381,10,3.08,0.013333333333333345,10,0.5,0.16666666666666669,10
47308e91a0,0.22561652147769928,0.00034298367709619746,10,0.1913667875228569,0.001605678977599457,10,50.0,0.0,10,0.23829483823776246,0.000151270678265174,10,0.13899896096931375,0.0008033389461262161,10,844360.0,0.0,10,2400.0,0.0,10,600.0,0.0,10,1000.0,0.0,10,50.0,0.0,10,6.87,0.015275252316519515,10,4.5,0.9574271077563381,10,7.82,0.020000000000000125,10,0.5,0.16666666666666669,10
480d92d1a9,0.24317725976308185,0.005524917567901022,10,0.116452872722652,0.024129428583887065,10,14.3,5.962941108770626,10,0.25333823301792147,0.003925793604163655,10,0.08705936039367582,0.016707474197789108,10,859208.0,0.0,10,2400.0,0.0,10,600.0,0.0,10,1000.0,0.0,10,16.7,5.563871553753436,10,2.96,0.7414999812691988,10,4.5,0.9574271077563381,10,3.9300000000000006,0.7386248483950879,10,0.5,0.16666666666666669,10
483e66447e,0.21127772825956342,0.0003811827445351764,10,0.2732146407853782,0.0008843079301461726,10,49.8,0.13333333333333328,10,0.2311247258901596,5.6352186407822885e-05,10,0.19461288933312942,0.00038486809158537786,10,438344.0,0.0,10,2400.0,0.0,10,600.0,0.0,10,1000.0,0.0,10,50.0,0.0,10,6.55,0.047726070210921116,10,4.5,0.9574271077563381,10,7.470000000000001,0.05385164807134504,10,0.5,0.16666666666666669,10
4948760338,0.20707976947228116,0.0004082511202691291,10,0.29112549694008943,0.0011245000882158984,10,49.7,0.15275252316519497,10,0.229866532933712,9.797606733979105e-05,10,0.20814977695227266,0.0005523026414354534,10,731208.0,0.0,10,2400.0,0.0,10,600.0,0.0,10,1000.0,0.0,10,50.0,0.0,10,6.659999999999999,0.016329931618554602,10,4.5,0.9574271077563381,10,7.590000000000001,0.023333333333333345,10,0.5,0.16666666666666669,10
49be0f3412,0.21575552719831464,0.004859641234938426,10,0.24526970439156828,0.02217468375299768,10,45.3,4.699999999999999,10,0.23545229882001878,0.0029092390726223175,10,0.17617257814889406,0.015170155893132514,10,797512.0,0.0,10,2400.0,0.0,10,600.0,0.0,10,1000.0,0.0,10,45.6,4.4,10,6.4799999999999995,0.5543364401596641,10,4.5,0.9574271077563381,10,7.42,0.5597221532947296,10,0.5,0.16666666666666669,10
49d986f540,0.2405987004240354,0.007243519121319907,10,0.11777008737273861,0.034100815131209675,10,21.8,7.675067860720624,10,0.24970819905996322,0.004411020434901631,10,0.08607145526258209,0.02348938234274938,10,1226312.0,0.0,10,2400.0,0.0,10,600.0,0.0,10,1000.0,0.0,10,23.6,7.185169912163989,10,3.9799999999999995,0.9856526320723297,10,4.5,0.9574271077563381,10,4.92,0.9814728161741867,10,0.5,0.16666666666666669,10
4a606cddd2,0.22587620453039806,0.0012026057884939076,10,0.1848298261810027,0.0069500205925645,10,45.1,3.1249888888691357,10,0.24071584553718567,0.00035489307094065564,10,0.13299184967394728,0.0042589602708637195,10,1172552.0,0.0,10,2400.0,0.0,10,600.0,0.0,10,1000.0,0.0,10,45.9,2.758622844826744,10,6.94,0.3876424469361769,10,4.5,0.9574271077563381,10,7.92,0.3843609414773219,10,0.5,0.16666666666666669,10
4bad2e9e98,0.20860185412565868,0.0004745946175102447,10,0.2805335072756551,0.0011005912103612743,10,49.6,0.22110831935702718,10,0.2322119246006012,0.00014725839129797852,10,0.20030556732104668,0.0006524748929839188,10,713288.0,0.0,10,2400.0,0.0,10,600.0,0.0,10,1000.0,0.0,10,50.0,0.0,10,6.85,0.022360679774997966,10,4.5,0.9574271077563381,10,7.81,0.027688746209726927,10,0.5,0.16666666666666669,10
4c9ba2eb7f,0.22250170594453814,0.005710374421635892,10,0.20778693832441325,0.029211282742440715,10,33.9,6.46262760458589,10,0.23801350997686388,0.0032345800771922525,10,0.1482561072913741,0.019485415076926468,10,1142088.0,0.0,10,2400.0,0.0,10,600.0,0.0,10,1000.0,0.0,10,35.5,6.088696266215143,10,5.4,0.7919034733546199,10,4.5,0.9574271077563381,10,6.34,0.7895427650088231,10,0.5,0.16666666666666669,10
4ec13d3ea2,0.23836898068586984,0.0019486899784489308,10,0.12682916227995386,0.009343804808129933,10,16.2,3.7617962612442355,10,0.24526160899400712,0.0009935063519836698,10,0.09515559807200333,0.006588252902717383,10,766792.0,0.0,10,2400.0,0.0,10,600.0,0.0,10,1000.0,0.0,10,18.9,3.462337039887622,10,3.14,0.4185158964191869,10,4.5,0.9574271077563381,10,4.09,0.41350802759908895,10,0.5,0.16666666666666669,10
4fb4c104fc,0.22116811382770538,0.0033035071934053328,10,0.21331564349543436,0.018129974602597798,10,37.0,6.121002096606949,10,0.2368973662376404,0.001631841950244117,10,0.15193723590975847,0.012675768134862453,10,530760.0,0.0,10,2400.0,0.0,10,600.0,0.0,10,1000.0,0.0,10,38.5,5.783597496368502,10,5.39,0.7117193579244873,10,4.5,0.9574271077563381,10,6.34,0.7013003794539272,10,0.5,0.16666666666666669,10
50862aaf57,0.20928446207443874,0.0005230227332847334,10,0.2755199430424694,0.001463566045693231,10,49.3,0.26034165586355523,10,0.23227119113206865,0.00022195247955770377,10,0.19600618838398437,0.0009448651625091415,10,944712.0,0.0,10,2400.0,0.0,10,600.0,0.0,10,1000.0,0.0,10,50.0,0.0,10,6.92,0.024944382578492942,10,4.5,0.9574271077563381,10,7.859999999999999,0.02666666666666684,10,0.5,0.16666666666666669,10
5131965268,0.22535297795136772,0.0003034422379655556,10,0.2076084005685784,0.0007315945565021004,10,49.6,0.16329931618554525,10,0.23763785742521285,6.615669911213504e-05,10,0.14832857655376092,0.00046155652513623366,10,569416.0,0.0,10,2400.0,0.0,10,600.0,0.0,10,1000.0,0.0,10,50.0,0.0,10,6.659999999999999,0.033993463423951945,10,4.5,0.9574271077563381,10,7.62,0.04163331998932264,10,0.5,0.16666666666666669,10
51e3acc169,0.2212012710372607,0.0004699947590249097,10,0.21112463241370025,0.0031113028860997767,10,49.8,0.1333333333333333,10,0.2397392181992531,0.000453294131246572,10,0.14961590652469473,0.0021142863467214835,10,1369928.0,0.0,10,2400.0,0.0,10,600.0,0.0,10,1000.0,0.0,10,50.0,0.0,10,7.890000000000001,0.04068851871911237,10,4.5,0.9574271077563381,10,8.870000000000001,0.03958114029012635,10,0.5,0.16666666666666669,10
51f86f99ee,0.2167130619088809,0.0015497033746987281,10,0.23704065355105333,0.008542560232450898,10,45.9,2.762647683332463,10,0.23518565111160278,0.0007611469255502702,10,0.167763398523931,0.006131522057712955,10,713032.0,0.0,10,2400.0,0.0,10,600.0,0.0,10,1000.0,0.0,10,47.0,2.494438257849294,10,6.49,0.31708743974563935,10,4.5,0.9574271077563381,10,7.409999999999999,0.32161053050752764,10,0.5,0.16666666666666669,10
52a03bc97e,0.24262373854716618,0.008004700152010753,10,0.12865157753151796,0.03377460873721305,10,22.2,7.49933330370107,10,0.25221515367031094,0.005147515271483295,10,0.0963075638954479,0.02289530389372526,10,910408.0,0.0,10,2400.0,0.0,10,600.0,0.0,10,1000.0,0.0,10,24.1,7.049743888176995,10,3.9200000000000004,0.9270982208542475,10,4.5,0.9574271077563381,10,4.87,0.9272480190805956,10,0.5,0.16666666666666669,10
535ac634af,0.22446877592802048,0.0004431040375834279,10,0.19790830243474555,0.0012817928652463875,10,50.0,0.0,10,0.23793555792570115,0.0001243246700383953,10,0.14307331315244873,0.000956928864227453,10,713288.0,0.0,10,2400.0,0.0,10,600.0,0.0,10,1000.0,0.0,10,50.0,0.0,10,6.840000000000001,0.022110831935702725,10,4.5,0.9574271077563381,10,7.82,0.032659863237109,10,0.5,0.16666666666666669,10
537f8cc69d,0.21966972430547077,0.007099605872666763,10,0.23232562182022756,0.030196211387996913,10,31.3,6.48254065419827,10,0.23846185241937637,0.0052069687108878965,10,0.16604835929008616,0.021617096738525163,10,662088.0,0.0,10,2400.0,0.0,10,600.0,0.0,10,1000.0,0.0,10,33.1,6.105462035478286,10,4.75,0.7421066110891494,10,4.5,0.9574271077563381,10,5.7,0.7351492667781452,10,0.5,0.16666666666666669,10
539c372875,0.20651481300592422,0.0003803853939637173,10,0.2915315673688542,0.0009719608200155616,10,49.8,0.13333333333333341,10,0.2289688823103905,0.00020045630694011024,10,0.20938306076288282,0.0005759360350592735,10,928584.0,0.0,10,2400.0,0.0,10,600.0,0.0,10,1000.0,0.0,10,50.0,0.0,10,7.12,0.044221663871405324,10,4.5,0.9574271077563381,10,8.08,0.04163331998932254,10,0.5,0.16666666666666669,10
53a5d993b1,0.22635437864065172,0.004101704157511419,10,0.18404534773959572,0.02062021881438551,10,30.2,5.689756878227165,10,0.23910893005132677,0.0013817122192633865,10,0.1326076714417883,0.0141628585966431,10,1041480.0,0.0,10,2400.0,0.0,10,600.0,0.0,10,1000.0,0.0,10,32.1,5.271411364879217,10,5.05,0.706988920233785,10,4.5,0.9574271077563381,10,5.99,0.7137459865619794,10,0.5,0.16666666666666669,10
53bdd02a88,0.20612894984086355,0.0004243219841365067,10,0.2946361523372814,0.0012817078687702053,10,48.1,0.752034278178565,10,0.2277685876250267,0.00016463969188000748,10,0.2115733038803842,0.0008738958983358579,10,354120.0,0.0,10,2400.0,0.0,10,600.0,0.0,10,1000.0,0.0,10,49.5,0.5,10,6.25,0.05627314338711386,10,4.5,0.9574271077563381,10,7.17,0.061553951042064604,10,0.5,0.16666666666666669,10
54563edb73,0.2593304140170415,0.010723168778431564,10,0.08346873612935865,0.0313225157387716,10,12.2,5.470730197047637,10,0.26555701776742935,0.00833210523514729,10,0.05998461692388081,0.02159397330525903,10,1339208.0,0.0,10,2400.0,0.0,10,600.0,0.0,10,1000.0,0.0,10,14.9,5.243938299492938,10,2.74,0.7083941150392359,10,4.5,0.9574271077563381,10,3.6700000000000004,0.7072717535242966,10,0.5,0.16666666666666669,10
555dcedff0,0.22675757133960722,0.0003629421697560664,10,0.19466790057128458,0.0009770270610475595,10,49.6,0.16329931618554502,10,0.23781885402202607,6.981282615324032e-05,10,0.13924386969714025,0.0007091728717461386,10,646984.0,0.0,10,2400.0,0.0,10,600.0,0.0,10,1000.0,0.0,10,50.0,0.0,10,6.56,0.08326663997864515,10,4.5,0.9574271077563381,10,30.139999999999997,15.201697273659939,10,0.5,0.16666666666666669,10
556bc47576,0.21577373603979746,0.0014641461986158247,10,0.24520989069771928,0.007634614799057282,10,45.3,3.0697448319580785,10,0.2351007196187973,0.0006733715339864694,10,0.1736379021970027,0.005354966419254617,10,551240.0,0.0,10,2400.0,0.0,10,600.0,0.0,10,1000.0,0.0,10,46.2,2.739829678404602,10,6.32,0.35396170539888766,10,4.5,0.9574271077563381,10,7.26,0.3458323293158115,10,0.5,0.16666666666666669,10
559c4bb8ae,0.2713827812472979,0.008710148058535977,10,0.049499359743314986,0.027128014146499232,10,12.3,6.200448012487126,10,0.2741510086655617,0.006427318419231299,10,0.03757587934737627,0.018686667079008724,10,1142088.0,0.0,10,2400.0,0.0,10,600.0,0.0,10,1000.0,0.0,10,14.8,5.866666666666666,10,2.65,0.7667028976946242,10,4.5,0.9574271077563381,10,3.63,0.7617304860207008,10,0.5,0.16666666666666669,10
5614caf89c,0.21562400190035502,0.0016347617350287776,10,0.24264774828064756,0.0077331608244990795,10,46.5,2.6214923654709015,10,0.23416111495494843,0.0007881085768783018,10,0.17221960888136162,0.005644827210380105,10,682312.0,0.0,10,2400.0,0.0,10,600.0,0.0,10,1000.0,0.0,10,47.6,2.4,10,6.58,0.31155523854794465,10,4.5,0.9574271077563381,10,7.5,0.3148191720831358,10,0.5,0.16666666666666669,10
566b29f564,0.2137031456232071,0.0020406927895012467,10,0.25088068214514353,0.011389090910107941,10,42.9,3.5385182083905,10,0.233926205098629,0.0010092203041314539,10,0.17904162121943862,0.007979638324595712,10,844104.0,0.0,10,2400.0,0.0,10,600.0,0.0,10,1000.0,0.0,10,44.5,3.253203549323856,10,6.24,0.4006106450019631,10,4.5,0.9574271077563381,10,7.15,0.4028371603734911,10,0.5,0.16666666666666669,10
57ac7d0446,0.21065009448925656,0.003046792471761316,10,0.2700793752102047,0.016687592165935464,10,39.2,4.797684626752552,10,0.23044278606176377,0.0017724446810232545,10,0.19412341511736791,0.012033701699372335,10,333640.0,0.0,10,2400.0,0.0,10,600.0,0.0,10,1000.0,0.0,10,41.2,4.569950157763698,10,5.4,0.5308274463305169,10,4.5,0.9574271077563381,10,6.32,0.5272149045271345,10,0.5,0.16666666666666669,10
57baf8c458,0.25147024559974673,0.008625660041299606,10,0.0936799635286687,0.03150049877727594,10,19.3,7.564610587025173,10,0.2593050406098366,0.005772181110271398,10,0.0684761881179071,0.02175773938508354,10,1339208.0,0.0,10,2400.0,0.0,10,600.0,0.0,10,1000.0,0.0,10,21.4,7.161936423435587,10,3.6399999999999997,0.9814048886955656,10,4.5,0.9574271077563381,10,4.6,0.9795690662508466,10,0.5,0.16666666666666669,10
57cc696f5f,0.21375209391117095,0.007159686468478299,10,0.2594763801946408,0.0321413869311531,10,41.0,5.809953145728075,10,0.2341728959321976,0.004335068480197726,10,0.18654264159538084,0.022518869738426442,10,797512.0,0.0,10,2400.0,0.0,10,600.0,0.0,10,1000.0,0.0,10,41.9,5.461888155411297,10,6.05,0.7014667173541134,10,4.5,0.9574271077563381,10,7.01,0.694334213473598,10,0.5,0.16666666666666669,10
57e3f060a1,0.2164868313471476,0.0005293511455695112,10,0.23736124514782872,0.0011779206771126687,10,49.8,0.13333333333333314,10,0.23615049765110013,0.0002809564904440107,10,0.17069267619829293,0.0009631522611396478,10,1059656.0,0.0,10,2400.0,0.0,10,600.0,0.0,10,1000.0,0.0,10,50.0,0.0,10,7.26,0.030550504633038964,10,4.5,0.9574271077563381,10,8.209999999999999,0.03144660377352212,10,0.5,0.16666666666666669,10
583df3359c,0.2574795761704445,0.008993849496536855,10,0.07928166107133423,0.031516778329036356,10,15.7,7.484873635094539,10,0.2640327276945114,0.006287077948551761,10,0.058523557259492584,0.021799255383183183,10,1339208.0,0.0,10,2400.0,0.0,10,600.0,0.0,10,1000.0,0.0,10,17.8,7.0266160655989545,10,3.13,0.9541779475315679,10,4.5,0.9574271077563381,10,4.05,0.9498830337350896,10,0.5,0.16666666666666669,10
5889e92c23,0.2173626607656479,0.00296916030409634,10,0.2314291950514562,0.015497957926632035,10,40.4,3.9417987997585286,10,0.2356604883790016,0.0008879515087321003,10,0.16204874772040315,0.010143527152596045,10,1172808.0,0.0,10,2400.0,0.0,10,600.0,0.0,10,1000.0,0.0,10,41.8,3.523886743040669,10,6.3100000000000005,0.46246921819487374,10,4.5,0.9574271077563381,10,7.26,0.4695624440784089,10,0.5,0.16666666666666669,10
58b388fefb,0.22621306961774829,0.00039986421432592923,10,0.19892794671230385,0.001139631490546054,10,49.7,0.15275252316519491,10,0.23782367789745332,9.052570582061946e-05,10,0.14233708163656658,0.0008096900406611078,10,485192.0,0.0,10,2400.0,0.0,10,600.0,0.0,10,1000.0,0.0,10,50.0,0.0,10,6.409999999999999,0.037859388972001806,10,4.5,0.9574271077563381,10,7.340000000000001,0.04268749491621907,10,0.5,0.16666666666666669,10
5a3f76cd38,0.22777080998818078,0.00032157377426262685,10,0.17830656458496155,0.0013552925379835563,10,50.0,0.0,10,0.23928091164827348,7.586454620203548e-05,10,0.12910866138280164,0.0007173293697213264,10,975432.0,0.0,10,2400.0,0.0,10,600.0,0.0,10,1000.0,0.0,10,50.0,0.0,10,6.99,0.031446603773521965,10,4.5,0.9574271077563381,10,7.970000000000001,0.033499585403736216,10,0.5,0.16666666666666669,10
5be419da14,0.22457569350798928,0.004938799860167404,10,0.19816566885060324,0.02309091700976959,10,41.6,5.696392620675729,10,0.24089799766540526,0.003035386483353837,10,0.14190292483426198,0.016026815651786982,10,910408.0,0.0,10,2400.0,0.0,10,600.0,0.0,10,1000.0,0.0,10,42.2,5.303667494186347,10,6.28,0.6937498748748636,10,4.5,0.9574271077563381,10,7.2299999999999995,0.6953895790610229,10,0.5,0.16666666666666669,10
5c2e9dd11a,0.22512204360961915,0.0003130947428134909,10,0.19337976258839634,0.0012337226175283735,10,50.0,0.0,10,0.2380180819272995,0.00013298290538120915,10,0.13946348675338655,0.0004991635136085581,10,975432.0,0.0,10,2400.0,0.0,10,600.0,0.0,10,1000.0,0.0,10,50.0,0.0,10,6.970000000000001,0.03958114029012639,10,4.5,0.9574271077563381,10,7.9,0.05163977794943219,10,0.5,0.16666666666666669,10
5c54cf92db,0.20880649898449583,0.0003097796916726908,10,0.279064014705664,0.001090949297831626,10,50.0,0.0,10,0.23089778336286546,0.0001246063653800717,10,0.19937651762736375,0.000692024492088498,10,766792.0,0.0,10,2400.0,0.0,10,600.0,0.0,10,1000.0,0.0,10,50.0,0.0,10,7.040000000000001,0.03399346342395185,10,4.5,0.9574271077563381,10,7.9799999999999995,0.029059326290271116,10,0.5,0.16666666666666669,10
5cd0ee19a8,0.25068074111143746,0.001019939627105063,10,0.07267692093776226,0.0037209595544391285,10,9.0,0.14907119849998599,10,0.25478134057521823,0.0007403417989404308,10,0.05783714188006215,0.0026116568231744153,10,910408.0,0.0,10,2400.0,0.0,10,600.0,0.0,10,1000.0,0.0,10,12.0,0.14907119849998599,10,2.3299999999999996,0.021343747458109498,10,4.5,0.9574271077563381,10,3.29,0.031446603773521965,10,0.5,0.16666666666666669,10
5d6d0b4897,0.2224244249860446,0.00032370571781891166,10,0.20903328780422226,0.0007311889490236314,10,50.0,0.0,10,0.23685569525957106,9.840116775819284e-05,10,0.1512393308906151,0.0005681940409863239,10,662088.0,0.0,10,2400.0,0.0,10,600.0,0.0,10,1000.0,0.0,10,50.0,0.0,10,6.87,0.05174724898753341,10,4.5,0.9574271077563381,10,7.82,0.0442216638714053,10,0.5,0.16666666666666669,10
5d9ab62396,0.2422572749654452,0.010293202548158782,10,0.15218175459373473,0.030418675302956978,10,30.2,7.948165406767359,10,0.2537855961680412,0.007173648621120992,10,0.11215152034992279,0.020552046358965695,10,879688.0,0.0,10,2400.0,0.0,10,600.0,0.0,10,1000.0,0.0,10,31.6,7.51176854453508,10,4.9399999999999995,0.9979089248133932,10,4.5,0.9574271077563381,10,5.86,0.9965719018493123,10,0.5,0.16666666666666669,10
5e6a165247,0.2384483040571213,0.00192795272759698,10,0.12651994926156293,0.009230278920885607,10,16.2,3.7617962612442355,10,0.2452969247341156,0.0009782956090664133,10,0.09499229547434405,0.006510852303617594,10,766792.0,0.0,10,2400.0,0.0,10,600.0,0.0,10,1000.0,0.0,10,18.9,3.462337039887622,10,3.1100000000000003,0.42175559009665514,10,4.5,0.9574271077563381,10,4.09,0.4246436414480055,10,0.5,0.16666666666666669,10
5e73847b92,0.20792330209414164,0.00035378801063006915,10,0.2869682801002575,0.0005285570421856939,10,49.5,0.30731814857642964,10,0.22888844491243363,8.118593395282436e-05,10,0.20518471080441528,0.0004795251864820981,10,417864.0,0.0,10,2400.0,0.0,10,600.0,0.0,10,1000.0,0.0,10,50.0,0.0,10,6.590000000000001,0.06227180564089801,10,4.5,0.9574271077563381,10,7.55,0.07490735018081414,10,0.5,0.16666666666666669,10
5e8e21b181,0.20771620041131972,0.0003105086288646413,10,0.28647314441011984,0.0013765069000740676,10,50.0,0.0,10,0.22939009276628494,8.622506421077883e-05,10,0.20506282104371296,0.0007462577422816698,10,485192.0,0.0,10,2400.0,0.0,10,600.0,0.0,10,1000.0,0.0,10,50.0,0.0,10,6.45,0.03415650255319863,10,4.5,0.9574271077563381,10,7.409999999999999,0.034801021696368506,10,0.5,0.16666666666666669,10
5ee7545c3f,0.22502974615494412,0.00030130748782738955,10,0.2088460564991274,0.0007458993336570375,10,49.7,0.1527525231651945,10,0.23745472670793535,7.587823552946934e-05,10,0.1492407524078126,0.0004437476214176561,10,569416.0,0.0,10,2400.0,0.0,10,600.0,0.0,10,1000.0,0.0,10,50.0,0.0,10,6.69,0.03785938897200189,10,4.5,0.9574271077563381,10,7.640000000000001,0.04988876515698586,10,0.5,0.16666666666666669,10
5ee8055034,0.22796451944112778,0.0004878241882654823,10,0.17871675535815387,0.0009930686504598966,10,50.0,0.0,10,0.24055508791208266,9.682432680349198e-05,10,0.1304133760952884,0.0008548956568263267,10,1141832.0,0.0,10,2400.0,0.0,10,600.0,0.0,10,1000.0,0.0,10,50.0,0.0,10,7.44,0.02666666666666662,10,4.5,0.9574271077563381,10,8.39,0.0276887462097268,10,0.5,0.16666666666666669,10
5ef737d6ed,0.2270765862663587,0.0004882882677719274,10,0.19592289016398454,0.0007903806642475631,10,50.0,0.0,10,0.23851440316438674,0.00011814026577126252,10,0.1405580211182078,0.0006139004144277601,10,384840.0,0.0,10,2400.0,0.0,10,600.0,0.0,10,1000.0,0.0,10,50.0,0.0,10,6.390000000000001,0.023333333333333463,10,4.5,0.9574271077563381,10,7.32,0.029059326290271293,10,0.5,0.16666666666666669,10
5fcf8ac166,0.21366789972782135,0.0003864456810362498,10,0.2584634035064415,0.0012404460310015304,10,49.9,0.09999999999999992,10,0.23178501499891283,0.00012315498443651396,10,0.1846461717757896,0.0007333064203986325,10,646984.0,0.0,10,2400.0,0.0,10,600.0,0.0,10,1000.0,0.0,10,50.0,0.0,10,6.5,0.021081851067789124,10,4.5,0.9574271077563381,10,7.43,0.02134374745810946,10,0.5,0.16666666666666669,10
5ff2ac7ded,0.2122082615097364,0.003489931241635079,10,0.2624506260929626,0.01738117715889083,10,40.3,4.901360355384344,10,0.23134342991113663,0.0016902091104088078,10,0.1882275985037052,0.012791847937664073,10,646984.0,0.0,10,2400.0,0.0,10,600.0,0.0,10,1000.0,0.0,10,42.1,4.667737972270699,10,5.6,0.5345818719127856,10,4.5,0.9574271077563381,10,6.5200000000000005,0.5384752135015647,10,0.5,0.16666666666666669,10
60149fa3a9,0.21620669066905976,0.004255915368453315,10,0.23976719068405067,0.021407310026634947,10,35.2,4.776795764712761,10,0.23366615688800813,0.0017721300526164865,10,0.17068036269348222,0.014413829550432385,10,975432.0,0.0,10,2400.0,0.0,10,600.0,0.0,10,1000.0,0.0,10,37.6,4.583060597945923,10,5.43,0.57,10,4.5,0.9574271077563381,10,6.39,0.5747366546708345,10,0.5,0.16666666666666669,10
6023ab39bb,0.2354257291952769,0.009053209308154418,10,0.16544583169556112,0.03312375970461547,10,35.3,7.484873635094539,10,0.24960039832592013,0.006210013933021312,10,0.11622799405511339,0.023237294057517337,10,1226312.0,0.0,10,2400.0,0.0,10,600.0,0.0,10,1000.0,0.0,10,36.2,7.0266160655989545,10,5.74,0.9691003846638157,10,4.5,0.9574271077563381,10,6.7,0.9749074030103804,10,0.5,0.16666666666666669,10
622fe938af,0.22151869797706603,0.008548032616788086,10,0.22541895466770528,0.03464094227082897,10,40.2,6.533333333333333,10,0.24083901612758635,0.00534985751580647,10,0.16074435277920354,0.024530251941168865,10,797512.0,0.0,10,2400.0,0.0,10,600.0,0.0,10,1000.0,0.0,10,40.8,6.133333333333333,10,5.85,0.7752060657944082,10,4.5,0.9574271077563381,10,6.8,0.7753135566408671,10,0.5,0.16666666666666669,10
6456de6250,0.22065589197476704,0.008747476097834377,10,0.2318244196579124,0.03636290223647751,10,40.3,6.218342044128625,10,0.2381934722185135,0.005786694112342786,10,0.16704194241617892,0.025682546948190277,10,713288.0,0.0,10,2400.0,0.0,10,600.0,0.0,10,1000.0,0.0,10,41.2,5.866666666666667,10,5.74,0.7157280675414839,10,4.5,0.9574271077563381,10,6.709999999999999,0.7109383470690925,10,0.5,0.16666666666666669,10
64e28029d3,0.23463214991490045,0.0022807595478693253,10,0.14579158654170601,0.012703973505758274,10,20.3,4.950981945253105,10,0.24393639430999756,0.0013690392680610745,10,0.10858367006681442,0.00835607128663786,10,746312.0,0.0,10,2400.0,0.0,10,600.0,0.0,10,1000.0,0.0,10,22.7,4.551068250666234,10,3.62,0.5634812429097451,10,4.5,0.9574271077563381,10,4.57,0.57194599589666,10,0.5,0.16666666666666669,10
6567291f02,0.2197896277705828,0.004831727160330245,10,0.227246905191882,0.026104184280482147,10,40.2,6.2017918557641245,10,0.23573886256217955,0.002742295574766061,10,0.16318111892375534,0.01856507272231188,10,600136.0,0.0,10,2400.0,0.0,10,600.0,0.0,10,1000.0,0.0,10,41.2,5.866666666666666,10,5.55,0.6920581221577018,10,4.5,0.9574271077563381,10,6.470000000000001,0.6952297781629065,10,0.5,0.16666666666666669,10
6574b37e7a,0.23165199424823127,0.0028401332066836215,10,0.1557119275319379,0.015130394696743625,10,38.7,5.7716741264751095,10,0.24203774762153624,0.0013228154390727703,10,0.11472558375302477,0.010383675749842482,10,1172552.0,0.0,10,2400.0,0.0,10,600.0,0.0,10,1000.0,0.0,10,39.6,5.3149683807986,10,6.08,0.711149304529881,10,4.5,0.9574271077563381,10,7.01,0.717936858876415,10,0.5,0.16666666666666669,10
68415a6774,0.2201045040686925,0.0039542012114570525,10,0.21797586428388485,0.02004733777387851,10,30.9,6.107281628424293,10,0.2369120106816292,0.0020618152843313686,10,0.154073822296255,0.01454748553375273,10,530760.0,0.0,10,2400.0,0.0,10,600.0,0.0,10,1000.0,0.0,10,32.8,5.73449600614077,10,4.71,0.6906438220160149,10,4.5,0.9574271077563381,10,5.64,0.6870549064262945,10,0.5,0.16666666666666669,10
68659cb0db,0.23584404609600704,0.0027022287314935373,10,0.14115248599097246,0.013816212746301662,10,20.0,5.002221728614418,10,0.24398491156101226,0.001475162533521116,10,0.10449489788069373,0.009592895794843063,10,766792.0,0.0,10,2400.0,0.0,10,600.0,0.0,10,1000.0,0.0,10,22.4,4.602414825091522,10,3.6100000000000003,0.5829903753731942,10,4.5,0.9574271077563381,10,4.57,0.5815783122962318,10,0.5,0.16666666666666669,10
68ec3868f9,0.23639876315991085,0.0028336953309150027,10,0.13604161845938284,0.016058328348622728,10,23.5,5.783597496368502,10,0.243918862593174,0.0015613462903463842,10,0.10114009102709953,0.010946191326541928,10,797512.0,0.0,10,2400.0,0.0,10,600.0,0.0,10,1000.0,0.0,10,25.6,5.325410782277739,10,4.029999999999999,0.6701658169604162,10,4.5,0.9574271077563381,10,4.9799999999999995,0.6813059355221982,10,0.5,0.16666666666666669,10
6914bfee36,0.24045703995227813,0.002603860680803586,10,0.12281574737259074,0.01306903886338482,10,22.4,5.503937984146744,10,0.2471954434633255,0.001750839565149204,10,0.08835412231992713,0.009313825184773571,10,844104.0,0.0,10,2400.0,0.0,10,600.0,0.0,10,1000.0,0.0,10,24.9,5.233333333333333,10,3.79,0.6403905058634146,10,4.5,0.9574271077563381,10,4.720000000000001,0.6373207809084667,10,0.5,0.16666666666666669,10
6941db8ce3,0.21536646445592242,0.0004797339792317129,10,0.24325371778922594,0.0016076013624226576,10,50.0,0.0,10,0.23471988946199418,0.00022695327604932918,10,0.17516810709550146,0.0010087661999372236,10,1059656.0,0.0,10,2400.0,0.0,10,600.0,0.0,10,1000.0,0.0,10,50.0,0.0,10,7.290000000000001,0.03144660377352205,10,4.5,0.9574271077563381,10,8.24,0.03399346342395204,10,0.5,0.16666666666666669,10
696350f402,0.2183462961713473,0.002179818377252151,10,0.2251472988586376,0.012205696616816088,10,41.9,3.7784476530271878,10,0.23716543514728547,0.0007913789254115388,10,0.15862880832980203,0.00791302896755532,10,1369928.0,0.0,10,2400.0,0.0,10,600.0,0.0,10,1000.0,0.0,10,43.2,3.388870673903689,10,6.88,0.472769617373104,10,4.5,0.9574271077563381,10,7.859999999999999,0.48424052792893024,10,0.5,0.16666666666666669,10
6b0d5c13ce,0.22300839199622474,0.00044860619066883266,10,0.20503421149480472,0.0008074408876720989,10,50.0,0.0,10,0.2373404704451561,8.64576267178429e-05,10,0.14870242188855992,0.0005043476584168619,10,1028936.0,0.0,10,2400.0,0.0,10,600.0,0.0,10,1000.0,0.0,10,50.0,0.0,10,7.19,0.023333333333333352,10,4.5,0.9574271077563381,10,8.139999999999999,0.03055050463303878,10,0.5,0.16666666666666669,10
6b4a23ffad,0.22684528714418412,0.004580405196852036,10,0.18584721342938235,0.021156265075245855,10,41.6,5.696392620675729,10,0.24223814660310747,0.0028389122489467606,10,0.13353604332195124,0.014682123409518402,10,910408.0,0.0,10,2400.0,0.0,10,600.0,0.0,10,1000.0,0.0,10,42.2,5.303667494186347,10,6.29,0.7056045477303684,10,4.5,0.9574271077563381,10,7.24,0.6976468383868096,10,0.5,0.16666666666666669,10
6c19eaf7fc,0.22849807951847714,0.00045830705132960856,10,0.1719128879928727,0.0011626347447873844,10,50.0,0.0,10,0.24064606233835223,0.00014905449688774647,10,0.12341555465510926,0.0010712593069800303,10,1142088.0,0.0,10,2400.0,0.0,10,600.0,0.0,10,1000.0,0.0,10,50.0,0.0,10,7.3,0.03333333333333338,10,4.5,0.9574271077563381,10,8.27,0.030000000000000193,10,0.5,0.16666666666666669,10
6c7ada3069,0.23742218925555547,0.0073946701558256665,10,0.15220215542174004,0.028999670362427454,10,31.5,7.553145040312676,10,0.24924211037158966,0.00482165163457532,10,0.11114768656016268,0.019266588092166508,10,910408.0,0.0,10,2400.0,0.0,10,600.0,0.0,10,1000.0,0.0,10,32.7,7.063285354564121,10,5.01,0.9215265113446879,10,4.5,0.9574271077563381,10,5.97,0.9174905388552456,10,0.5,0.16666666666666669,10
6cbc60cf57,0.22997772469123207,0.0003952716769527398,10,0.16410025362722616,0.0013843320225797654,10,50.0,0.0,10,0.24091641293764116,0.00012651305881592037,10,0.11792030372713899,0.0008216403410324876,10,1172808.0,0.0,10,2400.0,0.0,10,600.0,0.0,10,1000.0,0.0,10,50.0,0.0,10,7.390000000000001,0.027688746209726958,10,4.5,0.9574271077563381,10,8.33,0.030000000000000034,10,0.5,0.16666666666666669,10
6d7375e703,0.24083919105927148,0.0003974975333427467,10,0.12529669710707675,0.001015121684409219,10,14.8,0.19999999999999998,10,0.2465842555999756,0.0001241786337717454,10,0.09187226474624201,0.00032616925050131323,10,551240.0,0.0,10,2400.0,0.0,10,600.0,0.0,10,1000.0,0.0,10,17.8,0.20000000000000004,10,2.9,0.039440531887330765,10,4.5,0.9574271077563381,10,3.84,0.03399346342395189,10,0.5,0.16666666666666669,10
6dd55ce859,0.2097472327152888,0.0003549259358289079,10,0.2721830404701565,0.002134575347744349,10,48.1,1.2512216252748973,10,0.2316567707180977,0.00021059428424550456,10,0.19285029988733224,0.0013858642463979803,10,551240.0,0.0,10,2400.0,0.0,10,600.0,0.0,10,1000.0,0.0,10,49.0,0.9999999999999998,10,6.709999999999999,0.11298967504452204,10,4.5,0.9574271077563381,10,7.659999999999999,0.10974718422102901,10,0.5,0.16666666666666669,10
6de8eab681,0.20867824888229372,0.0004159883847643058,10,0.2819637833781231,0.0010546371938708584,10,49.8,0.1333333333333333,10,0.23031745365858075,7.768185131520665e-05,10,0.20131528758481038,0.0005850231979816281,10,384840.0,0.0,10,2400.0,0.0,10,600.0,0.0,10,1000.0,0.0,10,50.0,0.0,10,6.45,0.0401386485959743,10,4.5,0.9574271077563381,10,7.42,0.03887301263230199,10,0.5,0.16666666666666669,10
6eda4f2c0e,0.23402876909573872,0.002550247417647547,10,0.15065897511803522,0.01381930890822459,10,20.5,4.919914181726705,10,0.24362025743722918,0.0015710287153625673,10,0.11156612946246532,0.009139952796484743,10,746312.0,0.0,10,2400.0,0.0,10,600.0,0.0,10,1000.0,0.0,10,22.9,4.520201568760205,10,3.63,0.5707791945129823,10,4.5,0.9574271077563381,10,4.5600000000000005,0.5659210781254457,10,0.5,0.16666666666666669,10
6f86146404,0.22066403476397198,0.00029580715061986666,10,0.21891232852915285,0.0009179241204213259,10,50.0,0.0,10,0.2357127707719803,0.00015541065680368558,10,0.15794794965385459,0.0006864407069784379,10,662088.0,0.0,10,2400.0,0.0,10,600.0,0.0,10,1000.0,0.0,10,50.0,0.0,10,6.75,0.026874192494328528,10,4.5,0.9574271077563381,10,7.68,0.03265986323710906,10,0.5,0.16666666666666669,10
70d0f11337,0.20765212525924048,0.000378031151823904,10,0.28755129857573747,0.0008011818167876451,10,49.9,0.09999999999999992,10,0.22949129000902174,7.13748377665945e-05,10,0.2050788882767991,0.0006058677604882682,10,354120.0,0.0,10,2400.0,0.0,10,600.0,0.0,10,1000.0,0.0,10,50.0,0.0,10,6.33,0.059721576223896365,10,4.5,0.9574271077563381,10,7.279999999999999,0.07571877794400365,10,0.5,0.16666666666666669,10
710629d033,0.20979848039150237,0.000323782624647375,10,0.27386497508982116,0.0011122689997168814,10,50.0,0.0,10,0.23151215678453446,0.00014205658525385506,10,0.1959919997180814,0.0007086032137291749,10,766792.0,0.0,10,2400.0,0.0,10,600.0,0.0,10,1000.0,0.0,10,50.0,0.0,10,7.0,0.04216370213557834,10,4.5,0.9574271077563381,10,7.970000000000001,0.05174724898753334,10,0.5,0.16666666666666669,10
7107b7bb76,0.21320766679445904,0.0032253792929359208,10,0.2535175593143003,0.016476326739310185,10,45.9,3.9901267036412653,10,0.23434621679782866,0.0011049772210718779,10,0.18205253402748067,0.010934497931605464,10,1028936.0,0.0,10,2400.0,0.0,10,600.0,0.0,10,1000.0,0.0,10,46.3,3.6999999999999997,10,6.720000000000001,0.46923104946047395,10,4.5,0.9574271077563381,10,7.68,0.47604855027845855,10,0.5,0.16666666666666669,10
71fe8144e1,0.22653942503531774,0.0058471847560603125,10,0.18627122420081033,0.02973396074709367,10,30.6,6.458758050550861,10,0.24018313125371932,0.0033443948556720763,10,0.13460423627649995,0.020257839483860656,10,910408.0,0.0,10,2400.0,0.0,10,600.0,0.0,10,1000.0,0.0,10,32.4,6.0648348882902186,10,4.9799999999999995,0.7934173624966315,10,4.5,0.9574271077563381,10,5.9399999999999995,0.7913701198975525,10,0.5,0.16666666666666669,10
721fa852f3,0.2108133339881897,0.0003153831899476819,10,0.2737309785681864,0.0006896256107228372,10,49.7,0.15275252316519486,10,0.2307245178103447,7.239250542475142e-05,10,0.19522930867694513,0.0002973996775922827,10,569416.0,0.0,10,2400.0,0.0,10,600.0,0.0,10,1000.0,0.0,10,50.0,0.0,10,6.58,0.032659863237108976,10,4.5,0.9574271077563381,10,7.49,0.037859388972001716,10,0.5,0.16666666666666669,10
723e48a350,0.24280716653664908,0.004339714211170251,10,0.09639173489584454,0.023988496991370213,10,28.9,7.043436661176133,10,0.24981731507778168,0.0026660912632144587,10,0.06940476333861698,0.016971087364728576,10,1369928.0,0.0,10,2400.0,0.0,10,600.0,0.0,10,1000.0,0.0,10,30.4,6.544208635630947,10,5.029999999999999,0.9120246098044115,10,4.5,0.9574271077563381,10,6.0,0.9149377635178861,10,0.5,0.16666666666666669,10
74561ea032,0.21252175295352935,0.008084477996642038,10,0.2731055495105698,0.028367498418536155,10,44.9,4.879549159502341,10,0.23459117641448976,0.0057217430887161955,10,0.1942626986717565,0.020403840378309293,10,928584.0,0.0,10,2400.0,0.0,10,600.0,0.0,10,1000.0,0.0,10,45.4,4.6000000000000005,10,6.56,0.5959492894161009,10,4.5,0.9574271077563381,10,7.539999999999999,0.5937077470345901,10,0.5,0.16666666666666669,10
74bbda4101,0.2207752301096916,0.0009741104923176651,10,0.2126349934582823,0.0044490494042770615,10,48.3,1.5919938581679407,10,0.23892490396499633,0.0003529987427724378,10,0.1495369503366933,0.0033804525061017104,10,1172808.0,0.0,10,2400.0,0.0,10,600.0,0.0,10,1000.0,0.0,10,48.7,1.3,10,7.220000000000001,0.17243356208503424,10,4.5,0.9574271077563381,10,8.190000000000001,0.18040078836979742,10,0.5,0.16666666666666669,10
76487718f2,0.21182978600263597,0.004625144394865059,10,0.2619002288680132,0.02499091532319051,10,39.8,5.148462553682085,10,0.2316539349079132,0.001993560816017618,10,0.18772850121994517,0.016595518106103976,10,1028936.0,0.0,10,2400.0,0.0,10,600.0,0.0,10,1000.0,0.0,10,41.3,4.839765834555773,10,5.99,0.605612637472722,10,4.5,0.9574271077563381,10,6.970000000000001,0.6018582335843992,10,0.5,0.16666666666666669,10
765d6388f0,0.21771427104870478,0.00028611998652788194,10,0.23216742776736435,0.0013002412254878035,10,50.0,0.0,10,0.23577985616922378,0.00027702366661207825,10,0.16799956847683,0.0009409482135032085,10,975432.0,0.0,10,2400.0,0.0,10,600.0,0.0,10,1000.0,0.0,10,50.0,0.0,10,6.9799999999999995,0.03590109871423001,10,4.5,0.9574271077563381,10,7.92,0.0290593262902712,10,0.5,0.16666666666666669,10
774deb1216,0.22342244581381482,0.00045125816405991074,10,0.20361524847772322,0.0016788253290110884,10,50.0,0.0,10,0.23731349684000014,0.0001787975067815994,10,0.1470868421282296,0.0012176257606738585,10,682568.0,0.0,10,2400.0,0.0,10,600.0,0.0,10,1000.0,0.0,10,50.0,0.0,10,6.76,0.04000000000000003,10,4.5,0.9574271077563381,10,7.720000000000001,0.044221663871405276,10,0.5,0.16666666666666669,10
78f3988f9e,0.2094497179786364,0.00037391791867524696,10,0.2779118893630021,0.00107211373233671,10,50.0,0.0,10,0.230830498278141,0.0001091417111347168,10,0.19772546398395136,0.0005918053932451697,10,646984.0,0.0,10,2400.0,0.0,10,600.0,0.0,10,1000.0,0.0,10,50.0,0.0,10,6.540000000000001,0.037118429085533464,10,4.5,0.9574271077563381,10,7.470000000000001,0.03666666666666661,10,0.5,0.16666666666666669,10
79355a23fe,0.22535379101832706,0.0003469132161794643,10,0.19276614827546712,0.001603740379360509,10,50.0,0.0,10,0.23820987632274626,0.00014906427550132962,10,0.1398869716918551,0.0007940196625408579,10,844360.0,0.0,10,2400.0,0.0,10,600.0,0.0,10,1000.0,0.0,10,50.0,0.0,10,6.88,0.013333333333333381,10,4.5,0.9574271077563381,10,7.81,0.017950549357114993,10,0.5,0.16666666666666669,10
7b44e83912,0.2731531507968903,0.0015106943224878337,10,0.052599871090297325,0.002845980298569932,10,3.6,0.1632993161855452,10,0.2778826499223709,0.0017914885424653412,10,0.04472465023147336,0.0022410099630084325,10,662088.0,0.0,10,2400.0,0.0,10,600.0,0.0,10,1000.0,0.0,10,6.6,0.16329931618554516,10,1.56,0.02666666666666668,10,4.5,0.9574271077563381,10,2.5100000000000002,0.04068851871911231,10,0.5,0.16666666666666669,10
7c3fdffbc7,0.22565464597940443,0.0010935147088012864,10,0.20200343063363727,0.006085044287293141,10,46.6,3.18049611783375,10,0.23796285229921343,0.000668231917159339,10,0.14458079946765495,0.004373076998744877,10,333640.0,0.0,10,2400.0,0.0,10,600.0,0.0,10,1000.0,0.0,10,47.1,2.9,10,6.01,0.3260708852722399,10,4.5,0.9574271077563381,10,6.93,0.32865043908552916,10,0.5,0.16666666666666669,10
7d2a9b9b36,0.22558875131607053,0.0004733989927942266,10,0.18820438455832394,0.0013476881265863786,10,50.0,0.0,10,0.23904576864242552,0.0002751187238365674,10,0.13364979728133494,0.0012463004759477392,10,1142088.0,0.0,10,2400.0,0.0,10,600.0,0.0,10,1000.0,0.0,10,50.0,0.0,10,7.3,0.04216370213557844,10,4.5,0.9574271077563381,10,8.27,0.036666666666666785,10,0.5,0.16666666666666669,10
7e642f6634,0.20445885666211447,0.0002727566904714679,10,0.30401250799013557,0.0007746377367734429,10,49.7,0.15275252316519464,10,0.22834046345949172,0.00010631539461427931,10,0.2170761989228165,0.00034223128174829144,10,569416.0,0.0,10,2400.0,0.0,10,600.0,0.0,10,1000.0,0.0,10,50.0,0.0,10,6.67,0.030000000000000058,10,4.5,0.9574271077563381,10,7.659999999999999,0.039999999999999966,10,0.5,0.16666666666666669,10
7ea885a1fa,0.22263537001609804,0.000324349325139827,10,0.20788598841838507,0.0007180372507911165,10,50.0,0.0,10,0.23697912938594817,9.869695974663115e-05,10,0.15054940943615108,0.0005726476104763793,10,662088.0,0.0,10,2400.0,0.0,10,600.0,0.0,10,1000.0,0.0,10,50.0,0.0,10,6.82,0.029059326290271133,10,4.5,0.9574271077563381,10,7.779999999999999,0.03265986323710906,10,0.5,0.16666666666666669,10
809c2be0c3,0.24952841822306318,0.0008496404900502792,10,0.07548761869696469,0.004442878121401392,10,7.7,0.7000000000000001,10,0.2537458911657334,0.0007472553982591789,10,0.057796016390366176,0.0027249464834470482,10,713032.0,0.0,10,2400.0,0.0,10,600.0,0.0,10,1000.0,0.0,10,10.7,0.7000000000000001,10,2.01,0.08875684637129562,10,4.5,0.9574271077563381,10,2.92,0.08793937305515286,10,0.5,0.16666666666666669,10
81383b5ed0,0.22624830108880997,0.0025566061381029725,10,0.19777317696189306,0.014824829591108448,10,37.5,6.150429072656458,10,0.23976706241369244,0.0010526847474483616,10,0.14050241950756226,0.010479257232049477,10,551240.0,0.0,10,2400.0,0.0,10,600.0,0.0,10,1000.0,0.0,10,38.7,5.756252639039086,10,5.4,0.6857275130999355,10,4.5,0.9574271077563381,10,6.3100000000000005,0.6877418766433296,10,0.5,0.16666666666666669,10
819f6b7314,0.2169843144218127,0.005539734760737792,10,0.24083613088832304,0.020461193098033455,10,44.8,4.868949236402724,10,0.23660758736133575,0.0032980140907827747,10,0.17280355835812936,0.013243178118660295,10,859208.0,0.0,10,2400.0,0.0,10,600.0,0.0,10,1000.0,0.0,10,45.4,4.6000000000000005,10,6.7299999999999995,0.6150067750304328,10,4.5,0.9574271077563381,10,7.7,0.6113736809658868,10,0.5,0.16666666666666669,10
83aa5a7fa7,0.22440278553962706,0.008963417893421116,10,0.21835182533450373,0.032254375855601154,10,40.5,6.250777729388737,10,0.24120945632457733,0.006206335670397704,10,0.15777872150060693,0.022328225286563093,10,682568.0,0.0,10,2400.0,0.0,10,600.0,0.0,10,1000.0,0.0,10,41.2,5.866666666666666,10,5.66,0.7019338367047931,10,4.5,0.9574271077563381,10,6.6,0.7001587121661934,10,0.5,0.16666666666666669,10
84e30a94f3,0.24766732490062715,0.0023708010897367936,10,0.10373362363044161,0.009365054345225344,10,14.8,3.9491208585653026,10,0.2526773620247841,0.0018715562690015785,10,0.07733816346271274,0.006416479505943118,10,581960.0,0.0,10,2400.0,0.0,10,600.0,0.0,10,1000.0,0.0,10,17.6,3.7570674142947653,10,2.93,0.4623731057153832,10,4.5,0.9574271077563381,10,3.85,0.4612181937242092,10,0.5,0.16666666666666669,10
84f9460e63,0.22301757425069807,0.008041867246995727,10,0.21463472194639666,0.032884032558513646,10,40.2,6.533333333333333,10,0.24151080298423766,0.004973685648937646,10,0.1537224259086,0.023358430922910893,10,797512.0,0.0,10,2400.0,0.0,10,600.0,0.0,10,1000.0,0.0,10,40.8,6.133333333333333,10,5.86,0.7688664094337557,10,4.5,0.9574271077563381,10,6.8,0.7671013260609347,10,0.5,0.16666666666666669,10
857fc10eab,0.23398122912645342,0.004209184586852311,10,0.13872533721965782,0.023871045375963736,10,33.7,6.6550732527899354,10,0.24384998733997346,0.0020656421829973034,10,0.09915107223952731,0.016859022820928514,10,1226312.0,0.0,10,2400.0,0.0,10,600.0,0.0,10,1000.0,0.0,10,34.9,6.165225056719342,10,5.55,0.8509145406887554,10,4.5,0.9574271077563381,10,6.529999999999999,0.8453861707987524,10,0.5,0.16666666666666669,10
861192fd3c,0.2423056527376175,0.00493120707816405,10,0.10151725631140514,0.025751709342264298,10,26.9,6.654071435344428,10,0.24981425569057464,0.0030972070935910297,10,0.07278889790624563,0.018064754018167165,10,1369928.0,0.0,10,2400.0,0.0,10,600.0,0.0,10,1000.0,0.0,10,28.8,6.235739286118723,10,4.83,0.8794000480125325,10,4.5,0.9574271077563381,10,5.8,0.8750872972325549,10,0.5,0.16666666666666669,10
86d67c50c1,0.22962154338757196,0.0003993340732066055,10,0.16604490670124322,0.0013470730200812744,10,50.0,0.0,10,0.24074124157428742,0.00012191334183093335,10,0.11907887355391407,0.0008335640209401491,10,1172808.0,0.0,10,2400.0,0.0,10,600.0,0.0,10,1000.0,0.0,10,50.0,0.0,10,7.43,0.0395811402901263,10,4.5,0.9574271077563381,10,8.360000000000001,0.03711842908553343,10,0.5,0.16666666666666669,10
8753ec1596,0.2436324405471484,0.0006643358040587529,10,0.09981694644647637,0.0024627307615836076,10,10.0,0.21081851067789195,10,0.2509597134947777,0.0006031692802901308,10,0.07709391459755924,0.0014760176750707322,10,859208.0,0.0,10,2400.0,0.0,10,600.0,0.0,10,1000.0,0.0,10,13.0,0.21081851067789195,10,2.48,0.035901098714230056,10,4.5,0.9574271077563381,10,3.46,0.022110831935702662,10,0.5,0.16666666666666669,10
88eb7476bb,0.2224079157312711,0.001509183782563675,10,0.21712004248444972,0.00969954646665419,10,46.0,3.890158522905376,10,0.23823085532188415,0.0005957986959309112,10,0.154225994386425,0.006599441139928431,10,713032.0,0.0,10,2400.0,0.0,10,600.0,0.0,10,1000.0,0.0,10,46.4,3.6000000000000005,10,6.36,0.4420155854466874,10,4.5,0.9574271077563381,10,7.2700000000000005,0.4432330713694044,10,0.5,0.16666666666666669,10
89e5952b69,0.23483103615045547,0.002756500361075385,10,0.15333723666828908,0.014310225881207398,10,34.8,6.27304639797213,10,0.2442813488483429,0.001704863031060925,10,0.11036113673263512,0.009531618151689701,10,682312.0,0.0,10,2400.0,0.0,10,600.0,0.0,10,1000.0,0.0,10,36.1,5.820366540576861,10,5.130000000000001,0.7031753377042994,10,4.5,0.9574271077563381,10,6.09,0.7146794153091767,10,0.5,0.16666666666666669,10
8a0191418e,0.22347676183780035,0.004005977518591136,10,0.20177099619493152,0.01800672063735092,10,45.0,4.889898885571267,10,0.2404079524040222,0.0022535196790936214,10,0.14386243807194868,0.012184148099899999,10,1141832.0,0.0,10,2400.0,0.0,10,600.0,0.0,10,1000.0,0.0,10,45.4,4.6000000000000005,10,6.83,0.6146453358554743,10,4.5,0.9574271077563381,10,7.7700000000000005,0.6193275923666461,10,0.5,0.16666666666666669,10
8a2f738164,0.2132073524991671,0.0002865852235864616,10,0.26214781118681846,0.0007642463959942069,10,50.0,0.0,10,0.23155566970109936,7.866458860838757e-05,10,0.18781356520167358,0.0005528468674443295,10,333640.0,0.0,10,2400.0,0.0,10,600.0,0.0,10,1000.0,0.0,10,50.0,0.0,10,6.37,0.061553951042064646,10,4.5,0.9574271077563381,10,7.290000000000001,0.06046119049072357,10,0.5,0.16666666666666669,10
8bd727f360,0.2133206800619761,0.004228018903556888,10,0.25740224061404876,0.021305841699792223,10,35.7,5.432515275838829,10,0.2319758771300316,0.0020698122046363156,10,0.1839227059543413,0.015896439512317655,10,731208.0,0.0,10,2400.0,0.0,10,600.0,0.0,10,1000.0,0.0,10,37.8,5.189305241445032,10,5.26,0.6166576575918495,10,4.5,0.9574271077563381,10,6.1899999999999995,0.6090885722855822,10,0.5,0.16666666666666669,10
8cf3958aff,0.23926909007628758,0.005700921845296078,10,0.13417104889120907,0.025445432115168986,10,22.8,7.403902874685606,10,0.25052208877801896,0.003809512788135447,10,0.09925645378699263,0.017204181331340045,10,859208.0,0.0,10,2400.0,0.0,10,600.0,0.0,10,1000.0,0.0,10,24.6,6.9140758199808925,10,3.97,0.9133637464522737,10,4.5,0.9574271077563381,10,4.94,0.9147191432954221,10,0.5,0.16666666666666669,10
8d056b6d1e,0.24018579004208246,0.009512269597855219,10,0.1495574650213502,0.033797825020092306,10,22.2,7.514134828589531,10,0.2501045026063919,0.0064225283943537765,10,0.11175953311299706,0.022696026243904877,10,879688.0,0.0,10,2400.0,0.0,10,600.0,0.0,10,1000.0,0.0,10,24.2,7.108367526295253,10,3.9,0.9173633716012186,10,4.5,0.9574271077563381,10,4.86,0.9284634857895299,10,0.5,0.16666666666666669,10
8d07eb04c2,0.22001914062102634,0.00043887899611346626,10,0.22105798836129154,0.0008111541289139163,10,50.0,0.0,10,0.23565550404787064,0.00011504453422688737,10,0.15917465753450002,0.0005781934010010795,10,1028936.0,0.0,10,2400.0,0.0,10,600.0,0.0,10,1000.0,0.0,10,50.0,0.0,10,7.220000000000001,0.013333333333333244,10,4.5,0.9574271077563381,10,8.16,0.02211083193570273,10,0.5,0.16666666666666669,10
8d2a018a07,0.2190600390831629,0.0020295329294752517,10,0.22123337794738607,0.010042349000556991,10,45.3,3.333499995833542,10,0.23692173609733583,0.0006316999556854435,10,0.15595160843776074,0.006586757681701682,10,1142088.0,0.0,10,2400.0,0.0,10,600.0,0.0,10,1000.0,0.0,10,46.0,2.9851484236317476,10,6.840000000000001,0.38992876842372687,10,4.5,0.9574271077563381,10,7.790000000000001,0.38310137909783964,10,0.5,0.16666666666666669,10
8df57a36b4,0.22369499546289445,0.0004934161453254314,10,0.19827667341583263,0.001767436737950295,10,49.8,0.13333333333333353,10,0.23956675733327865,0.00011525667221616834,10,0.1434616092843875,0.0008844356959493934,10,1172552.0,0.0,10,2400.0,0.0,10,600.0,0.0,10,1000.0,0.0,10,50.0,0.0,10,7.44,0.030550504633038923,10,4.5,0.9574271077563381,10,8.370000000000001,0.03349958540373629,10,0.5,0.16666666666666669,10
8e47740b79,0.21382101704676945,0.0013686072440864748,10,0.2552453662664042,0.006224700315311653,10,46.2,2.563851269737255,10,0.23380708767175676,0.0006244010799692603,10,0.1813988934991023,0.004841201109996805,10,530760.0,0.0,10,2400.0,0.0,10,600.0,0.0,10,1000.0,0.0,10,47.3,2.2903177848402514,10,6.49,0.2930491047209968,10,4.5,0.9574271077563381,10,7.43,0.2989054105305631,10,0.5,0.16666666666666669,10
8e505c7a6e,0.22034499436616897,0.005406923568764058,10,0.22612069525920017,0.01922470040336464,10,42.8,5.083306010855534,10,0.23899698083400725,0.003237561037201143,10,0.1618575714810212,0.01239458506383894,10,859208.0,0.0,10,2400.0,0.0,10,600.0,0.0,10,1000.0,0.0,10,43.6,4.749736834815167,10,6.459999999999999,0.6213247495830537,10,4.5,0.9574271077563381,10,7.409999999999999,0.6245798587850876,10,0.5,0.16666666666666669,10
8efa07f196,0.22762926693757377,0.003115635185193757,10,0.17763998213444027,0.017506457606341196,10,30.7,5.206939813577859,10,0.24012495296001432,0.0011362388104835031,10,0.12872101475820624,0.011818412167223541,10,1172552.0,0.0,10,2400.0,0.0,10,600.0,0.0,10,1000.0,0.0,10,32.9,4.888648984012749,10,5.11,0.6490077897152785,10,4.5,0.9574271077563381,10,6.07,0.6555828619548324,10,0.5,0.16666666666666669,10
8f4cfc4f84,0.21205451101064682,0.003741843130868576,10,0.26207964923762417,0.019553636618520328,10,37.4,4.8446992797397765,10,0.2316219005703926,0.0018949879048889993,10,0.18729987914252932,0.014183181294953934,10,713288.0,0.0,10,2400.0,0.0,10,600.0,0.0,10,1000.0,0.0,10,39.5,4.6049490285512995,10,5.5600000000000005,0.5556177742937235,10,4.5,0.9574271077563381,10,6.51,0.5594540990008822,10,0.5,0.16666666666666669,10
8f67e46e4b,0.21449591205517451,0.0003629540188586688,10,0.25480093166186923,0.0009305519636147734,10,49.9,0.09999999999999985,10,0.23213143033981326,9.176354813161418e-05,10,0.1818101118020716,0.0006983508363874433,10,515912.0,0.0,10,2400.0,0.0,10,600.0,0.0,10,1000.0,0.0,10,50.0,0.0,10,6.33,0.026034165586355597,10,4.5,0.9574271077563381,10,7.26,0.030550504633038964,10,0.5,0.16666666666666669,10
8fc2dde18e,0.2112816134492556,0.00047924549228061373,10,0.2649112528887605,0.0013513509868195563,10,50.0,0.0,10,0.23276837099790573,0.00018294900380130566,10,0.18907854950365938,0.0008305313693294835,10,1028936.0,0.0,10,2400.0,0.0,10,600.0,0.0,10,1000.0,0.0,10,50.0,0.0,10,7.17,0.030000000000000047,10,4.5,0.9574271077563381,10,8.120000000000001,0.032659863237109,10,0.5,0.16666666666666669,10
91f121df85,0.21197250028451284,0.0004022230646527954,10,0.2706519511059669,0.0008693600729539736,10,49.9,0.09999999999999985,10,0.23149807339906694,6.930339437886822e-05,10,0.19299328185229944,0.0004035442554661764,10,438344.0,0.0,10,2400.0,0.0,10,600.0,0.0,10,1000.0,0.0,10,50.0,0.0,10,6.56,0.030550504633038867,10,4.5,0.9574271077563381,10,7.5,0.03944053188733076,10,0.5,0.16666666666666669,10
92a3d93aa0,0.20915375715494156,0.0004608090829622583,10,0.2748350747887188,0.0013978233940354961,10,50.0,0.0,10,0.2323505022883415,0.0001622630646843561,10,0.1970719139217683,0.0009059200837654352,10,682568.0,0.0,10,2400.0,0.0,10,600.0,0.0,10,1000.0,0.0,10,50.0,0.0,10,6.76,0.02211083193570265,10,4.5,0.9574271077563381,10,7.69,0.03144660377352207,10,0.5,0.16666666666666669,10
93901dd33c,0.23446558405955634,0.005617542635253915,10,0.1512085333617293,0.02501896699714455,10,32.8,7.080175766807551,10,0.2467011983394623,0.003260273941836325,10,0.10941134577237285,0.016765313985095984,10,1339208.0,0.0,10,2400.0,0.0,10,600.0,0.0,10,1000.0,0.0,10,34.2,6.6563253125629815,10,5.39,0.9065747502427903,10,4.5,0.9574271077563381,10,6.32,0.9030565381586644,10,0.5,0.16666666666666669,10
9590d9a067,0.2125192049741745,0.00037793242835868943,10,0.2603704339465887,0.0017556433743980832,10,49.8,0.1999999999999998,10,0.23417721384763718,0.00015347273048857784,10,0.1846345208547348,0.0011422728391174877,10,581960.0,0.0,10,2400.0,0.0,10,600.0,0.0,10,1000.0,0.0,10,50.0,0.0,10,6.81,0.04333333333333338,10,4.5,0.9574271077563381,10,7.76,0.0561743318211758,10,0.5,0.16666666666666669,10
960ab09c51,0.20627785780032476,0.0003296736707275398,10,0.29201986588699796,0.0011315404836495994,10,48.9,0.5666666666666668,10,0.22903923639059065,0.00027548068613390803,10,0.2091602313170715,0.0008627058044052148,10,1028936.0,0.0,10,2400.0,0.0,10,600.0,0.0,10,1000.0,0.0,10,49.7,0.3000000000000001,10,7.18,0.05333333333333334,10,4.5,0.9574271077563381,10,8.129999999999999,0.0422952584681651,10,0.5,0.16666666666666669,10
96fffcf418,0.20730978554487228,0.00032877943895772034,10,0.2841999905720459,0.0011858326394599073,10,50.0,0.0,10,0.23068517309427264,0.00014001285823231127,10,0.20340976922090678,0.0006549896415137628,10,662088.0,0.0,10,2400.0,0.0,10,600.0,0.0,10,1000.0,0.0,10,50.0,0.0,10,6.7700000000000005,0.021343747458109495,10,4.5,0.9574271077563381,10,7.7,0.025819888974716182,10,0.5,0.16666666666666669,10
98ac866b0e,0.20562043790022533,0.0003417157009257924,10,0.29928017964998577,0.0009269445530954199,10,50.0,0.0,10,0.22881207361221315,6.836490919749725e-05,10,0.213094253614002,0.0004348983424798423,10,438344.0,0.0,10,2400.0,0.0,10,600.0,0.0,10,1000.0,0.0,10,50.0,0.0,10,6.5,0.05773502691896255,10,4.5,0.9574271077563381,10,7.42,0.06463573143221771,10,0.5,0.16666666666666669,10
992af5bcec,0.2131366283496221,0.0005166684073052745,10,0.2558185908870691,0.0015287819027918921,10,50.0,0.0,10,0.23332402710914613,0.00012941699124604215,10,0.1839443213061317,0.0008099128321091748,10,713288.0,0.0,10,2400.0,0.0,10,600.0,0.0,10,1000.0,0.0,10,50.0,0.0,10,6.85,0.016666666666666802,10,4.5,0.9574271077563381,10,7.8,0.029814239699997212,10,0.5,0.16666666666666669,10
9bf3aa06b3,0.22682740185658137,0.00036069516498524467,10,0.19528284229559975,0.0009083785277846822,10,49.9,0.10000000000000026,10,0.23806260979175567,8.78355863271148e-05,10,0.13966351643864158,0.0006994714652845699,10,515912.0,0.0,10,2400.0,0.0,10,600.0,0.0,10,1000.0,0.0,10,50.0,0.0,10,6.34,0.026666666666666606,10,4.5,0.9574271077563381,10,7.2700000000000005,0.021343747458109585,10,0.5,0.16666666666666669,10
9c3dbfb543,0.22271251356601715,0.0005491945272000154,10,0.20196999182720607,0.0025473910039711285,10,49.6,0.2211083193570267,10,0.23985143319368363,0.00014586914699481616,10,0.14504248531389025,0.001296940727417046,10,1041480.0,0.0,10,2400.0,0.0,10,600.0,0.0,10,1000.0,0.0,10,50.0,0.0,10,7.43,0.026034165586355525,10,4.5,0.9574271077563381,10,8.4,0.021081851067789082,10,0.5,0.16666666666666669,10
9cf1c5dee3,0.22466533583402634,0.0003297619997234734,10,0.20606600253749688,0.0007701387470358438,10,49.9,0.1000000000000001,10,0.2372229717731476,5.910805948662408e-05,10,0.14742678964613048,0.00048692533330193274,10,354120.0,0.0,10,2400.0,0.0,10,600.0,0.0,10,1000.0,0.0,10,50.0,0.0,10,6.3,0.05577733510227173,10,4.5,0.9574271077563381,10,7.2299999999999995,0.07,10,0.5,0.16666666666666669,10
9d21c080e5,0.22489871100584663,0.0005188704294081984,10,0.204701907376863,0.0010498178681503103,10,49.8,0.13333333333333328,10,0.23728856552839278,0.0001280665949819452,10,0.14669872217993082,0.0008081371250085986,10,384840.0,0.0,10,2400.0,0.0,10,600.0,0.0,10,1000.0,0.0,10,50.0,0.0,10,6.42,0.029059326290271213,10,4.5,0.9574271077563381,10,7.35,0.02687419249432854,10,0.5,0.16666666666666669,10
9e54a9a86d,0.24027315519253412,0.010159719250387608,10,0.15177276321611782,0.037462612224972304,10,30.4,8.001666493091715,10,0.2526201274394989,0.007070108642315172,10,0.10733495346898744,0.026542853932043857,10,1226312.0,0.0,10,2400.0,0.0,10,600.0,0.0,10,1000.0,0.0,10,31.6,7.511768544535078,10,5.11,1.0373523991392701,10,4.5,0.9574271077563381,10,6.05,1.0484114968211034,10,0.5,0.16666666666666669,10
9ec4548273,0.23343953078985216,0.0054284001041256195,10,0.15174246179371656,0.031259417347640435,10,21.8,7.675067860720624,10,0.24326101871728895,0.0032047943877067256,10,0.11010187061312152,0.02198152440191262,10,731208.0,0.0,10,2400.0,0.0,10,600.0,0.0,10,1000.0,0.0,10,23.6,7.18516991216399,10,3.5200000000000005,0.8587846709805149,10,4.5,0.9574271077563381,10,4.4399999999999995,0.8601291892629979,10,0.5,0.16666666666666669,10
a1917ad2c0,0.2232786683042844,0.0004237814407292315,10,0.2166806475660898,0.0006319657681550695,10,50.0,0.0,10,0.23665941163301468,7.581835682391954e-05,10,0.15489492604332686,0.0005112346310892109,10,438344.0,0.0,10,2400.0,0.0,10,600.0,0.0,10,1000.0,0.0,10,50.0,0.0,10,6.5200000000000005,0.041633319989322605,10,4.5,0.9574271077563381,10,7.43,0.044845413490245664,10,0.5,0.16666666666666669,10
a1eb048142,0.22626038362582523,0.005581971841200558,10,0.18988456072566112,0.028116645776651485,10,20.8,6.304848222686341,10,0.24107487654685972,0.003282590206089603,10,0.1344357696457243,0.020142661815046287,10,746312.0,0.0,10,2400.0,0.0,10,600.0,0.0,10,1000.0,0.0,10,23.0,5.897268670984711,10,3.62,0.7240012277460431,10,4.5,0.9574271077563381,10,4.57,0.7206555657486068,10,0.5,0.16666666666666669,10
a21d605754,0.20580454816420873,0.00034844715553326606,10,0.2984972526012917,0.0006884210721129789,10,50.0,0.0,10,0.22930950379371642,0.00010975662880892255,10,0.2134928039551983,0.00036944300253165734,10,600136.0,0.0,10,2400.0,0.0,10,600.0,0.0,10,1000.0,0.0,10,50.0,0.0,10,6.58,0.013333333333333296,10,4.5,0.9574271077563381,10,7.49,0.017950549357114983,10,0.5,0.16666666666666669,10
a2411e4610,0.22100895899534226,0.00030561497046428755,10,0.21497725380638158,0.0015631837156976857,10,49.8,0.19999999999999984,10,0.2385499771952629,9.764478309762104e-05,10,0.1533261735377569,0.0007799813611649468,10,1041480.0,0.0,10,2400.0,0.0,10,600.0,0.0,10,1000.0,0.0,10,50.0,0.0,10,7.4799999999999995,0.03265986323710903,10,4.5,0.9574271077563381,10,8.49,0.045825756949558365,10,0.5,0.16666666666666669,10
a32547720b,0.21254033257563912,0.000409624466782137,10,0.25938699840285856,0.0028573585733741467,10,47.6,0.9683892697555968,10,0.23380014873743055,0.00022451587761035958,10,0.18403235017147332,0.0018006350819222507,10,682312.0,0.0,10,2400.0,0.0,10,600.0,0.0,10,1000.0,0.0,10,49.0,0.6146362971528592,10,6.720000000000001,0.0840634680861233,10,4.5,0.9574271077563381,10,7.69,0.09363047936792093,10,0.5,0.16666666666666669,10
a361225e49,0.21572837189833324,0.0007979948402194264,10,0.24629941630391436,0.004955115491123042,10,47.2,1.9652537297311568,10,0.23541884868144985,0.00043647477651491537,10,0.17485557898846657,0.0034634341771300984,10,581960.0,0.0,10,2400.0,0.0,10,600.0,0.0,10,1000.0,0.0,10,47.9,1.6224124698183942,10,6.640000000000001,0.20396078054371136,10,4.5,0.9574271077563381,10,7.540000000000001,0.20450482200237294,10,0.5,0.16666666666666669,10
a39466c489,0.22646992492675783,0.00036690561734643585,10,0.19585642490394853,0.0009727223175492382,10,49.6,0.16329931618554502,10,0.2376504879951477,7.146956562733316e-05,10,0.1401193301507747,0.0006956896512540976,10,646984.0,0.0,10,2400.0,0.0,10,600.0,0.0,10,1000.0,0.0,10,50.0,0.0,10,6.44,0.026666666666666655,10,4.5,0.9574271077563381,10,7.340000000000001,0.030550504633038985,10,0.5,0.16666666666666669,10
a3f543751d,0.2527732067704201,0.0008193378196745237,10,0.05443492057973469,0.0017394564031948643,10,8.8,0.1333333333333334,10,0.25557026567459107,0.0008200037950572622,10,0.043079167244541305,0.001536080059210356,10,1041480.0,0.0,10,2400.0,0.0,10,600.0,0.0,10,1000.0,0.0,10,11.8,0.1333333333333334,10,2.32,0.01999999999999998,10,4.5,0.9574271077563381,10,3.28,0.024944382578492914,10,0.5,0.16666666666666669,10
a49926cfaf,0.21249686511357627,0.00029036365532206134,10,0.2646072134154466,0.0007997305353265808,10,50.0,0.0,10,0.23120353322029114,8.732980470995135e-05,10,0.18943718693351458,0.0005372516419572812,10,333640.0,0.0,10,2400.0,0.0,10,600.0,0.0,10,1000.0,0.0,10,50.0,0.0,10,6.3,0.05577733510227177,10,4.5,0.9574271077563381,10,7.26,0.07023769168568493,10,0.5,0.16666666666666669,10
a49a1351fc,0.2325526627500852,0.004742281499454784,10,0.14643402304338526,0.02710562814485885,10,33.6,6.695271963607354,10,0.24311788529157638,0.0024314436855337354,10,0.10355415030399798,0.01924282459011998,10,1226312.0,0.0,10,2400.0,0.0,10,600.0,0.0,10,1000.0,0.0,10,34.8,6.205374015050719,10,5.5600000000000005,0.8606457523924179,10,4.5,0.9574271077563381,10,6.540000000000001,0.8686131986614576,10,0.5,0.16666666666666669,10
a596ad5a4c,0.212333704551061,0.004053235134788032,10,0.26259376054570077,0.021507629927388427,10,45.0,4.671426144361294,10,0.23152976392507557,0.002227804390801141,10,0.1886929889528663,0.015174899558946535,10,600136.0,0.0,10,2400.0,0.0,10,600.0,0.0,10,1000.0,0.0,10,45.6,4.4,10,6.0600000000000005,0.5188020388891659,10,4.5,0.9574271077563381,10,6.99,0.5220578937670078,10,0.5,0.16666666666666669,10
a65423724a,0.23875022234519322,0.005899142898657635,10,0.13637456653582694,0.026283880548195936,10,22.8,7.403902874685606,10,0.25019277032613757,0.003972222145402541,10,0.10071605122730869,0.017758845016311125,10,859208.0,0.0,10,2400.0,0.0,10,600.0,0.0,10,1000.0,0.0,10,24.6,6.9140758199808925,10,4.0,0.9121403400793104,10,4.5,0.9574271077563381,10,4.93,0.9108055043019156,10,0.5,0.16666666666666669,10
a65fe16292,0.21254119022687273,0.00046850465976929493,10,0.25784404338295774,0.0013246102848514854,10,50.0,0.0,10,0.23334794428348543,0.00015333325836311892,10,0.18447646601386275,0.0008149642092227042,10,1028936.0,0.0,10,2400.0,0.0,10,600.0,0.0,10,1000.0,0.0,10,50.0,0.0,10,7.220000000000001,0.01999999999999997,10,4.5,0.9574271077563381,10,8.169999999999998,0.02603416558635552,10,0.5,0.16666666666666669,10
a6617e3532,0.20599372134606045,0.00042770800951395815,10,0.2971803447721161,0.000923297191748993,10,49.9,0.09999999999999992,10,0.22930433416366575,9.590772783326931e-05,10,0.21210960866848785,0.0004350563337032025,10,731208.0,0.0,10,2400.0,0.0,10,600.0,0.0,10,1000.0,0.0,10,50.0,0.0,10,6.709999999999999,0.031446603773522055,10,4.5,0.9574271077563381,10,7.65,0.037267799624996566,10,0.5,0.16666666666666669,10
a79fbcd398,0.23263992567857109,0.0065744516921716015,10,0.16293138333244958,0.02780770286901678,10,19.8,6.677990383008615,10,0.2442773442387581,0.003844547361998396,10,0.11836337957622134,0.018707579461839853,10,859208.0,0.0,10,2400.0,0.0,10,600.0,0.0,10,1000.0,0.0,10,21.9,6.226199125915871,10,3.6,0.8219218670625302,10,4.5,0.9574271077563381,10,4.58,0.8182365862702005,10,0.5,0.16666666666666669,10
a8108a0a4f,0.20998404610157015,0.0003783702985091711,10,0.2728655673151977,0.0008535260064965827,10,50.0,0.0,10,0.23186455719470977,0.00014667560559599642,10,0.1949279636994517,0.0006991723678351899,10,797512.0,0.0,10,2400.0,0.0,10,600.0,0.0,10,1000.0,0.0,10,50.0,0.0,10,7.0,0.029814239699997185,10,4.5,0.9574271077563381,10,7.93,0.03958114029012633,10,0.5,0.16666666666666669,10
a91e268ea4,0.24338763753573098,0.0027640544180341157,10,0.10864419255778415,0.01334372869805296,10,17.7,5.3852679702231265,10,0.25002277396917344,0.0016143682984937542,10,0.0831261113924422,0.008690887374982558,10,879688.0,0.0,10,2400.0,0.0,10,600.0,0.0,10,1000.0,0.0,10,20.1,4.985423196123318,10,3.38,0.6621178142898739,10,4.5,0.9574271077563381,10,4.35,0.6673746240972075,10,0.5,0.16666666666666669,10
a98e7aff7f,0.22577271902561188,0.0004605083181580233,10,0.20752837508727673,0.0006050727027584445,10,50.0,0.0,10,0.23819734518527985,9.326229651037287e-05,10,0.1484866179667038,0.0005308900858980759,10,438344.0,0.0,10,2400.0,0.0,10,600.0,0.0,10,1000.0,0.0,10,50.0,0.0,10,6.529999999999999,0.04484541349024571,10,4.5,0.9574271077563381,10,7.4399999999999995,0.04760952285695228,10,0.5,0.16666666666666669,10
a995c84d69,0.2049920879205068,0.0003693690556770097,10,0.3022327042104565,0.0004906239180508103,10,49.8,0.13333333333333314,10,0.22821727063655853,4.989135392669563e-05,10,0.21589400162751313,0.0004782241973719605,10,417864.0,0.0,10,2400.0,0.0,10,600.0,0.0,10,1000.0,0.0,10,50.0,0.0,10,6.540000000000001,0.05617433182117572,10,4.5,0.9574271077563381,10,7.5,0.06324555320336758,10,0.5,0.16666666666666669,10
aace021403,0.23420891749858858,0.004153419816924296,10,0.13755939883573523,0.023574350493987963,10,33.7,6.6550732527899354,10,0.24402072447538375,0.0020305712380250577,10,0.09846366790493176,0.01666447658552062,10,1226312.0,0.0,10,2400.0,0.0,10,600.0,0.0,10,1000.0,0.0,10,34.9,6.165225056719342,10,5.54,0.834559098499854,10,4.5,0.9574271077563381,10,6.489999999999999,0.8483251473082449,10,0.5,0.16666666666666669,10
ab69944b7b,0.20962375511725742,0.00034081081072910883,10,0.27745872735349597,0.0007135721884388255,10,49.8,0.19999999999999987,10,0.22954975278377532,7.598374600146245e-05,10,0.19871210486797833,0.0004497431759368544,10,333640.0,0.0,10,2400.0,0.0,10,600.0,0.0,10,1000.0,0.0,10,50.0,0.0,10,6.32,0.04898979485566362,10,4.5,0.9574271077563381,10,7.290000000000001,0.05859465277082317,10,0.5,0.16666666666666669,10
ab87f24f8b,0.21181896630922953,0.003969998482434083,10,0.2626715589718858,0.021832034156933532,10,39.6,4.869861964733246,10,0.23190992171764374,0.0018999518795499858,10,0.18664116490019916,0.015169358458832355,10,944712.0,0.0,10,2400.0,0.0,10,600.0,0.0,10,1000.0,0.0,10,41.4,4.607240678178933,10,5.779999999999999,0.573255808712151,10,4.5,0.9574271077563381,10,6.7299999999999995,0.5715573267641468,10,0.5,0.16666666666666669,10
abdb27d94d,0.22598530220985413,0.00040330825319191487,10,0.19986769132920768,0.001090124458990262,10,49.7,0.15275252316519464,10,0.23768381922245024,0.000101343595570153,10,0.14303601133413216,0.0007575778390354514,10,485192.0,0.0,10,2400.0,0.0,10,600.0,0.0,10,1000.0,0.0,10,50.0,0.0,10,6.37,0.033499585403736334,10,4.5,0.9574271077563381,10,7.32,0.038873012632302015,10,0.5,0.16666666666666669,10
acd175eb01,0.2227902159492175,0.002522587669569197,10,0.21262724398597294,0.013226740701138138,10,41.9,5.152022256680704,10,0.23779801601171494,0.000981942081642992,10,0.15069085730895865,0.009448002547126095,10,682312.0,0.0,10,2400.0,0.0,10,600.0,0.0,10,1000.0,0.0,10,42.8,4.8,10,5.970000000000001,0.587281874401041,10,4.5,0.9574271077563381,10,6.9,0.5842373946721773,10,0.5,0.16666666666666669,10
acd82ddab3,0.22303220101197557,0.00032558607674938576,10,0.205472542680111,0.001682663155734749,10,50.0,0.0,10,0.23710975373983384,0.00018925335247771925,10,0.14844458695085022,0.0009023924893417953,10,844360.0,0.0,10,2400.0,0.0,10,600.0,0.0,10,1000.0,0.0,10,50.0,0.0,10,6.88,0.029059326290271213,10,4.5,0.9574271077563381,10,7.83,0.03349958540373639,10,0.5,0.16666666666666669,10
ad2400bfce,0.24664720960458117,0.0018037117227890254,10,0.09022652777199384,0.01048359947400488,10,11.8,3.2856590747604284,10,0.25154885870218274,0.0014596929983346388,10,0.06770565803048749,0.0068457846543838515,10,713032.0,0.0,10,2400.0,0.0,10,600.0,0.0,10,1000.0,0.0,10,14.8,3.2856590747604284,10,2.5,0.3974921382870359,10,4.5,0.9574271077563381,10,3.45,0.39022785366728724,10,0.5,0.16666666666666669,10
ad507b8a55,0.22667003341515857,0.0003362340310420117,10,0.19807178531027309,0.0007045203712174303,10,49.9,0.10000000000000006,10,0.23841544095277784,7.698496113588909e-05,10,0.14175624596847727,0.00047234589040986264,10,354120.0,0.0,10,2400.0,0.0,10,600.0,0.0,10,1000.0,0.0,10,50.0,0.0,10,6.279999999999999,0.05333333333333345,10,4.5,0.9574271077563381,10,7.2299999999999995,0.06333333333333337,10,0.5,0.16666666666666669,10
ad83ab0aa8,0.24474720670779546,0.002044269356468859,10,0.1008556926030433,0.011066808676740656,10,15.2,4.4964183277112655,10,0.25001494014263154,0.001488549594147862,10,0.07296507485738951,0.007653581786852607,10,844104.0,0.0,10,2400.0,0.0,10,600.0,0.0,10,1000.0,0.0,10,17.9,4.241200039821015,10,2.9899999999999998,0.5536645594982981,10,4.5,0.9574271077563381,10,3.91,0.5590567452812321,10,0.5,0.16666666666666669,10
ad9e882b9c,0.2055900658170382,0.00029631407170479623,10,0.2964059889709093,0.0005173516444342102,10,49.9,0.10000000000000005,10,0.22873985620737075,0.00014208783393666717,10,0.21284438928972088,0.0005589933250255303,10,797512.0,0.0,10,2400.0,0.0,10,600.0,0.0,10,1000.0,0.0,10,50.0,0.0,10,6.959999999999999,0.03055050463303889,10,4.5,0.9574271077563381,10,7.92,0.03265986323710905,10,0.5,0.16666666666666669,10
ada0c1b7f0,0.20980610187848409,0.0003925893943119807,10,0.27728670261710947,0.0010036618874281489,10,49.5,0.22360679774997883,10,0.22973162012100218,0.00011131157932654755,10,0.19787241222221824,0.0005560870458048401,10,354120.0,0.0,10,2400.0,0.0,10,600.0,0.0,10,1000.0,0.0,10,50.0,0.0,10,6.33,0.05174724898753342,10,4.5,0.9574271077563381,10,7.279999999999999,0.05537749241945389,10,0.5,0.16666666666666669,10
ae960b4670,0.22290367796023686,0.0005344763176922042,10,0.20623861326755125,0.0015914969125252795,10,50.0,0.0,10,0.23703844470977783,0.00015405067102692573,10,0.14870594357974526,0.0009017722900500456,10,944712.0,0.0,10,2400.0,0.0,10,600.0,0.0,10,1000.0,0.0,10,50.0,0.0,10,6.92,0.03265986323710902,10,4.5,0.9574271077563381,10,7.87,0.0366666666666667,10,0.5,0.16666666666666669,10
aed86bea98,0.2504438279072444,0.004390317894339385,10,0.06685634391120805,0.020441141374577282,10,15.5,5.6671568415446805,10,0.25461916987895966,0.0024923643739884612,10,0.04973572231569172,0.014096664826169043,10,1339208.0,0.0,10,2400.0,0.0,10,600.0,0.0,10,1000.0,0.0,10,18.0,5.333333333333334,10,3.1900000000000004,0.7355194687354569,10,4.5,0.9574271077563381,10,4.11,0.7409378441467873,10,0.5,0.16666666666666669,10
b05c1bdd76,0.22807688091198602,0.0003160536770767967,10,0.176610193612616,0.0013744927310732366,10,50.0,0.0,10,0.2393940428137779,7.147207399417304e-05,10,0.12794428427531432,0.000743779324816075,10,975432.0,0.0,10,2400.0,0.0,10,600.0,0.0,10,1000.0,0.0,10,50.0,0.0,10,7.0,0.033333333333333284,10,4.5,0.9574271077563381,10,7.959999999999999,0.03999999999999997,10,0.5,0.16666666666666669,10
b0b6ec61ae,0.20508508976300557,0.0003577459427164773,10,0.30003329456910327,0.0008578997088698768,10,48.3,0.8698658900466589,10,0.22786197764873503,0.00010253284633742511,10,0.21582732941390653,0.0005254938239575926,10,600136.0,0.0,10,2400.0,0.0,10,600.0,0.0,10,1000.0,0.0,10,49.4,0.6000000000000001,10,6.4799999999999995,0.07118052168020869,10,4.5,0.9574271077563381,10,7.409999999999999,0.07218802609235907,10,0.5,0.16666666666666669,10
b0c5de6b23,0.20907215372721355,0.0004073211131071377,10,0.27960089653884057,0.0008146862362140131,10,50.0,0.0,10,0.2305998049378395,0.00012959743289329208,10,0.1995133529672748,0.0006389050500832569,10,515912.0,0.0,10,2400.0,0.0,10,600.0,0.0,10,1000.0,0.0,10,50.0,0.0,10,6.3,0.014907119849998617,10,4.5,0.9574271077563381,10,7.220000000000001,0.019999999999999997,10,0.5,0.16666666666666669,10
b15aa56581,0.22293784073988596,0.0012843546474448017,10,0.20004770198058325,0.00606896386724978,10,46.9,2.7706798203088474,10,0.24002178760766985,0.000301020698397051,10,0.1409361378665207,0.00391429616431983,10,1172808.0,0.0,10,2400.0,0.0,10,600.0,0.0,10,1000.0,0.0,10,47.5,2.5000000000000004,10,7.07,0.3306727149984475,10,4.5,0.9574271077563381,10,8.010000000000002,0.33547644394866905,10,0.5,0.16666666666666669,10
b1f1074b37,0.22658140222231546,0.0003596112271123883,10,0.1962830955220199,0.0009164691556425502,10,49.9,0.10000000000000026,10,0.23792182343006135,9.139095653324872e-05,10,0.14041137060145079,0.0007040081989729859,10,515912.0,0.0,10,2400.0,0.0,10,600.0,0.0,10,1000.0,0.0,10,50.0,0.0,10,6.32,0.020000000000000066,10,4.5,0.9574271077563381,10,7.220000000000001,0.02,10,0.5,0.16666666666666669,10
b3e3214add,0.23370797624190648,0.006678156912693208,10,0.1660387106397631,0.026105218617799485,10,36.1,7.078056858269004,10,0.24687945063114167,0.0044073425887591,10,0.12072320120093775,0.017279873043608868,10,910408.0,0.0,10,2400.0,0.0,10,600.0,0.0,10,1000.0,0.0,10,37.0,6.619835513230085,10,5.5200000000000005,0.8556738734925695,10,4.5,0.9574271077563381,10,6.489999999999999,0.8564072240081426,10,0.5,0.16666666666666669,10
b48a81fe62,0.22546388844648999,0.0004577297851505261,10,0.2085533260225067,0.0006262202383972621,10,50.0,0.0,10,0.2380056813597679,9.100998634770191e-05,10,0.1492046896324789,0.0005384653309861726,10,438344.0,0.0,10,2400.0,0.0,10,600.0,0.0,10,1000.0,0.0,10,50.0,0.0,10,6.51,0.05666666666666667,10,4.5,0.9574271077563381,10,7.459999999999999,0.05811865258054231,10,0.5,0.16666666666666669,10
b48d48b3f0,0.20675995786984763,0.00033990316640898876,10,0.29124017643735234,0.001444025907304289,10,49.6,0.2211083193570266,10,0.22890843162536623,0.00015931631572645152,10,0.20854126050631683,0.0008452737606002388,10,485192.0,0.0,10,2400.0,0.0,10,600.0,0.0,10,1000.0,0.0,10,50.0,0.0,10,6.4799999999999995,0.024944382578492942,10,4.5,0.9574271077563381,10,7.42,0.035901098714229994,10,0.5,0.16666666666666669,10
b4df0a52ac,0.2225653511683146,0.00030166370049872654,10,0.21831944690755584,0.0006862118644941047,10,49.9,0.09999999999999992,10,0.2359173311591148,8.216889646699389e-05,10,0.15600358031899114,0.0004616785160251443,10,569416.0,0.0,10,2400.0,0.0,10,600.0,0.0,10,1000.0,0.0,10,50.0,0.0,10,6.609999999999999,0.040688518719112256,10,4.5,0.9574271077563381,10,7.58,0.05734883511361756,10,0.5,0.16666666666666669,10
b570561d4c,0.22469673200448353,0.0003688187018348131,10,0.20449120983078184,0.0010531122218744812,10,49.8,0.13333333333333316,10,0.23683853876590727,9.988125878685099e-05,10,0.1465250031243281,0.0006853739274336608,10,515912.0,0.0,10,2400.0,0.0,10,600.0,0.0,10,1000.0,0.0,10,50.0,0.0,10,6.32,0.029059326290271154,10,4.5,0.9574271077563381,10,7.24,0.030550504633038975,10,0.5,0.16666666666666669,10
b5a3d5e270,0.23961150594552358,0.000394453081786401,10,0.12497696554047492,0.0012283672782916232,10,13.3,0.33499585403736315,10,0.2457917379140854,0.00020196293406725201,10,0.09197105635712924,0.000600185656445093,10,530760.0,0.0,10,2400.0,0.0,10,600.0,0.0,10,1000.0,0.0,10,16.3,0.3349958540373626,10,2.73,0.05783117190965822,10,4.5,0.9574271077563381,10,3.72,0.06960204339273698,10,0.5,0.16666666666666669,10
b63b88678f,0.28705763800938927,0.00856459970347793,10,0.028779816161640277,0.019873357203571366,10,7.7,4.7,10,0.28731274045705796,0.006734787246518462,10,0.024912662540797277,0.013844760197379305,10,1172808.0,0.0,10,2400.0,0.0,10,600.0,0.0,10,1000.0,0.0,10,10.4,4.4,10,2.13,0.5746593193652507,10,4.5,0.9574271077563381,10,3.06,0.5823706341802922,10,0.5,0.16666666666666669,10
b72831a247,0.21319351526101432,0.0009225563592196851,10,0.2554917547462579,0.0055150186988220835,10,47.2,1.6110727964792761,10,0.2341402507066727,0.0003393190282550967,10,0.1825554687276205,0.003940574397601942,10,975432.0,0.0,10,2400.0,0.0,10,600.0,0.0,10,1000.0,0.0,10,48.2,1.2806248474865696,10,6.739999999999999,0.18749814813900315,10,4.5,0.9574271077563381,10,7.719999999999999,0.18487232831816067,10,0.5,0.16666666666666669,10
b824e2d6d6,0.2723997789223989,0.0022256085910015125,10,0.04339124841303259,0.001970134932872962,10,3.2,0.13333333333333336,10,0.27466019389629365,0.002401555355613448,10,0.038304777884283915,0.0014427410974450444,10,662088.0,0.0,10,2400.0,0.0,10,600.0,0.0,10,1000.0,0.0,10,6.2,0.1333333333333334,10,1.48,0.020000000000000018,10,4.5,0.9574271077563381,10,2.42,0.02000000000000002,10,0.5,0.16666666666666669,10
b9893fe70f,0.2199090108672778,0.005831709061223924,10,0.21868076802316888,0.030865221198128616,10,33.9,6.381309513815414,10,0.23568355169296265,0.002331270894316448,10,0.15893403945467774,0.020986748156939385,10,1059656.0,0.0,10,2400.0,0.0,10,600.0,0.0,10,1000.0,0.0,10,35.4,5.970669048681972,10,5.32,0.7693864799667042,10,4.5,0.9574271077563381,10,6.3,0.7573345070413441,10,0.5,0.16666666666666669,10
b99211d04d,0.2552208565076192,0.0011919125847550253,10,0.021219564216720922,0.0025708584487990345,10,3.0,0.0,10,0.25618683428764344,0.0011626603036474622,10,0.016230594287682806,0.0024619331582960975,10,1257032.0,0.0,10,2400.0,0.0,10,600.0,0.0,10,1000.0,0.0,10,6.0,0.0,10,1.51,0.010000000000000005,10,4.5,0.9574271077563381,10,2.4899999999999998,0.009999999999999998,10,0.5,0.16666666666666669,10
b9a4c65a38,0.21297037174304326,0.00047096393900199576,10,0.2566593704218124,0.0015822292077794448,10,49.6,0.16329931618554522,10,0.23473093552589414,0.0002667361726313248,10,0.18410425984889525,0.0008431268545700857,10,1059656.0,0.0,10,2400.0,0.0,10,600.0,0.0,10,1000.0,0.0,10,50.0,0.0,10,7.2,0.03944053188733082,10,4.5,0.9574271077563381,10,8.15,0.037267799624996524,10,0.5,0.16666666666666669,10
ba129981c0,0.28085318354765576,0.0030842108351502398,10,0.008770647325323781,0.0007987995045448076,10,3.0,0.0,10,0.2805897305011749,0.0026349932537189785,10,0.00820749384294856,0.0009726950352133826,10,1142088.0,0.0,10,2400.0,0.0,10,600.0,0.0,10,1000.0,0.0,10,6.0,0.0,10,1.52,0.013333333333333352,10,4.5,0.9574271077563381,10,2.4699999999999998,0.01527525231651949,10,0.5,0.16666666666666669,10
ba274b6484,0.21376774871349333,0.00036209616871391064,10,0.2573808201980355,0.000859540657888791,10,49.9,0.10000000000000016,10,0.2318263275980949,9.027013035397966e-05,10,0.18362765974507256,0.0005780575386486527,10,515912.0,0.0,10,2400.0,0.0,10,600.0,0.0,10,1000.0,0.0,10,50.0,0.0,10,6.35,0.030731814857642974,10,4.5,0.9574271077563381,10,7.25,0.03073181485764294,10,0.5,0.16666666666666669,10
badb14d67a,0.23540034623940786,0.0016955758550220017,10,0.1562988203634929,0.00873021512203805,10,22.4,4.602414825091522,10,0.2435877323746681,0.0009022780749431862,10,0.11264167830532217,0.0062440971732664104,10,417864.0,0.0,10,2400.0,0.0,10,600.0,0.0,10,1000.0,0.0,10,24.8,4.202644669993196,10,3.65,0.4935697631653616,10,4.5,0.9574271077563381,10,4.6,0.49283758875403255,10,0.5,0.16666666666666669,10
bae304ea85,0.20644475519657135,0.0003301032379843584,10,0.29314147565811227,0.0005158606311159355,10,50.0,0.0,10,0.22865564544200895,6.887974511517345e-05,10,0.2097472759539422,0.0003653501774121258,10,333640.0,0.0,10,2400.0,0.0,10,600.0,0.0,10,1000.0,0.0,10,50.0,0.0,10,6.39,0.05859465277082303,10,4.5,0.9574271077563381,10,7.32,0.06798692684790382,10,0.5,0.16666666666666669,10
bb405dbdcf,0.2099570716023445,0.0003021157353952458,10,0.2734398422829359,0.0009780216050221107,10,49.6,0.1632993161855451,10,0.23038519283533096,0.0001891409048894528,10,0.19610184027310684,0.000771659752666043,10,975432.0,0.0,10,2400.0,0.0,10,600.0,0.0,10,1000.0,0.0,10,50.0,0.0,10,6.92,0.04422166387140526,10,4.5,0.9574271077563381,10,7.83,0.04484541349024571,10,0.5,0.16666666666666669,10
bbe440459e,0.20560405228535333,0.00030395951936301193,10,0.29578658728907953,0.0011781513924498947,10,50.0,0.0,10,0.22958496804237366,0.00021894056453456012,10,0.21152082977688708,0.0006165140497626312,10,662088.0,0.0,10,2400.0,0.0,10,600.0,0.0,10,1000.0,0.0,10,50.0,0.0,10,6.8,0.03651483716701115,10,4.5,0.9574271077563381,10,7.75,0.04013864859597435,10,0.5,0.16666666666666669,10
bbef0af463,0.21192264185349147,0.00033436194268854694,10,0.271669505603329,0.0005754030223024501,10,49.9,0.10000000000000005,10,0.2314192198872566,5.9296852656676265e-05,10,0.1943182310873597,0.00030983280844833975,10,417864.0,0.0,10,2400.0,0.0,10,600.0,0.0,10,1000.0,0.0,10,50.0,0.0,10,6.55,0.04999999999999999,10,4.5,0.9574271077563381,10,7.49,0.05666666666666667,10,0.5,0.16666666666666669,10
bd019aa5cc,0.2495131907860438,0.0008615096060904282,10,0.0755431657905124,0.0044605450067770995,10,7.7,0.7000000000000001,10,0.25373403366804126,0.0007562738932282999,10,0.0578338882225102,0.002736145826220378,10,713032.0,0.0,10,2400.0,0.0,10,600.0,0.0,10,1000.0,0.0,10,10.7,0.7000000000000001,10,2.0300000000000002,0.08698658900466592,10,4.5,0.9574271077563381,10,2.96,0.09451631252505216,10,0.5,0.16666666666666669,10
bd2784fef6,0.23977931000789007,0.010490538155829078,10,0.16114598394763716,0.03274552379905761,10,30.3,7.975030477127414,10,0.25233585399389263,0.007115683244240941,10,0.11832491039278965,0.02211011388893485,10,879688.0,0.0,10,2400.0,0.0,10,600.0,0.0,10,1000.0,0.0,10,31.6,7.51176854453508,10,4.87,0.999005060603354,10,4.5,0.9574271077563381,10,5.83,0.9881576572367161,10,0.5,0.16666666666666669,10
bec82a3afc,0.244658333559831,0.002074848997964249,10,0.10111074637985844,0.01117296848463815,10,15.2,4.4964183277112655,10,0.24995532553195954,0.0015031547224863757,10,0.07314058761116715,0.0077335212903491875,10,844104.0,0.0,10,2400.0,0.0,10,600.0,0.0,10,1000.0,0.0,10,17.9,4.241200039821015,10,2.92,0.515277702905056,10,4.5,0.9574271077563381,10,3.8200000000000003,0.515277702905056,10,0.5,0.16666666666666669,10
bff1a08def,0.20833301758766173,0.0003061885406870563,10,0.2843486374858505,0.0008825408717442162,10,49.4,0.2666666666666664,10,0.22954968725442887,9.606213656087557e-05,10,0.2030631982525152,0.0005206840802907375,10,469064.0,0.0,10,2400.0,0.0,10,600.0,0.0,10,1000.0,0.0,10,50.0,0.0,10,6.55,0.04281744192888374,10,4.5,0.9574271077563381,10,7.49,0.054670731556189074,10,0.5,0.16666666666666669,10
c031bf0a5c,0.23552602668603262,0.0016746734685434339,10,0.15601850644091314,0.008645663874399393,10,22.4,4.602414825091522,10,0.2436775391101837,0.0008889728383743765,10,0.11247512292071034,0.0061809299676128205,10,417864.0,0.0,10,2400.0,0.0,10,600.0,0.0,10,1000.0,0.0,10,24.8,4.202644669993196,10,3.6700000000000004,0.5142524239666308,10,4.5,0.9574271077563381,10,4.64,0.5196580071974687,10,0.5,0.16666666666666669,10
c0ba717310,0.2397238365014394,0.004721898673591156,10,0.10612811059147982,0.027087332569903394,10,29.5,6.833333333333333,10,0.247136611020565,0.0026609967504016008,10,0.07676949728326823,0.019224548851685164,10,1257032.0,0.0,10,2400.0,0.0,10,600.0,0.0,10,1000.0,0.0,10,31.0,6.333333333333334,10,5.01,0.8778066099343549,10,4.5,0.9574271077563381,10,5.970000000000001,0.8715312195593837,10,0.5,0.16666666666666669,10
c12f3921b9,0.21518067522843679,0.0003347938611588267,10,0.2446562652245329,0.0016778260865357027,10,50.0,0.0,10,0.2344570498943329,0.00016984836351956664,10,0.17595155754008865,0.0009027080335662098,10,844360.0,0.0,10,2400.0,0.0,10,600.0,0.0,10,1000.0,0.0,10,50.0,0.0,10,6.93,0.01527525231651942,10,4.5,0.9574271077563381,10,7.87,0.026034165586355542,10,0.5,0.16666666666666669,10
c23749d752,0.21365697062015535,0.00030911025299658064,10,0.26010760592242405,0.0009705625663208545,10,49.9,0.10000000000000016,10,0.2318137672662735,9.894367102821736e-05,10,0.1858404066654388,0.0007954952312234177,10,354120.0,0.0,10,2400.0,0.0,10,600.0,0.0,10,1000.0,0.0,10,50.0,0.0,10,6.34,0.045215533220835116,10,4.5,0.9574271077563381,10,7.290000000000001,0.05259911279353173,10,0.5,0.16666666666666669,10
c30f9bdba4,0.24958321505784992,0.0023857461396665346,10,0.0695040447306948,0.01256070880811484,10,12.9,4.124318125460256,10,0.25347419688701633,0.0016397864161324615,10,0.05392710441194596,0.009045042414636223,10,1041480.0,0.0,10,2400.0,0.0,10,600.0,0.0,10,1000.0,0.0,10,15.6,3.824482535803591,10,2.84,0.5294021785624485,10,4.5,0.9574271077563381,10,3.7700000000000005,0.5257904102925001,10,0.5,0.16666666666666669,10
c38c5fcc69,0.21297978802522022,0.00030458797784298263,10,0.262586930935624,0.0009860563658514068,10,49.9,0.10000000000000016,10,0.2314735075235367,0.00010026794964489563,10,0.1875222142079082,0.0007991216627104822,10,354120.0,0.0,10,2400.0,0.0,10,600.0,0.0,10,1000.0,0.0,10,50.0,0.0,10,6.35,0.060092521257733164,10,4.5,0.9574271077563381,10,7.290000000000001,0.08491826135237997,10,0.5,0.16666666666666669,10
c477e7afa5,0.22449357000986736,0.0004495057611649013,10,0.19694217355033442,0.001146842044295305,10,50.0,0.0,10,0.23761686862707138,8.29245212601559e-05,10,0.1432759632230718,0.0006854626696596044,10,1059656.0,0.0,10,2400.0,0.0,10,600.0,0.0,10,1000.0,0.0,10,50.0,0.0,10,7.2,0.042163702135578456,10,4.5,0.9574271077563381,10,8.190000000000001,0.06046119049072367,10,0.5,0.16666666666666669,10
c4b1ca2947,0.24794502844413122,0.011851953326978304,10,0.13152796223423585,0.0425526997035437,10,21.4,7.695886347047146,10,0.259050792324543,0.008842387524240089,10,0.09365019762706282,0.02998540525626531,10,1226312.0,0.0,10,2400.0,0.0,10,600.0,0.0,10,1000.0,0.0,10,23.4,7.289566364179545,10,3.8600000000000003,0.9772069040552943,10,4.5,0.9574271077563381,10,4.8100000000000005,0.9771216232724904,10,0.5,0.16666666666666669,10
c4e3f3ecf8,0.21874494298299152,0.003585072432283823,10,0.22791872004486408,0.017196794038551455,10,44.7,4.638127016611579,10,0.2368845074057579,0.002230475902945199,10,0.16233534719864146,0.012031957125945623,10,844104.0,0.0,10,2400.0,0.0,10,600.0,0.0,10,1000.0,0.0,10,45.6,4.4,10,6.4,0.5561774297230456,10,4.5,0.9574271077563381,10,7.35,0.5512107884769069,10,0.5,0.16666666666666669,10
c644e5ed88,0.23703954005241396,0.0003961835947710068,10,0.13082756489726105,0.0005627615301884544,10,9.0,0.0,10,0.24445811204910278,8.428515996144102e-05,10,0.09363005050686626,0.000288776291958552,10,530760.0,0.0,10,2400.0,0.0,10,600.0,0.0,10,1000.0,0.0,10,12.0,0.0,10,2.1900000000000004,0.01795054935711501,10,4.5,0.9574271077563381,10,3.14,0.030550504633038916,10,0.5,0.16666666666666669,10
c878c7e5ce,0.21222846152385078,0.0005226173963462794,10,0.2588712876909829,0.0013282084505349906,10,50.0,0.0,10,0.2341314184308052,0.00026696920085498194,10,0.1852635707826979,0.0008570871382713138,10,944712.0,0.0,10,2400.0,0.0,10,600.0,0.0,10,1000.0,0.0,10,50.0,0.0,10,7.0,0.06831300510639732,10,4.5,0.9574271077563381,10,7.93,0.07608474807008883,10,0.5,0.16666666666666669,10
c8b00fc915,0.22601559563477833,0.00035307272925537886,10,0.20474348829500316,0.0006712739119730052,10,50.0,0.0,10,0.23816382143497467,6.132119644946651e-05,10,0.14696792024935607,0.0004858341769424102,10,469064.0,0.0,10,2400.0,0.0,10,600.0,0.0,10,1000.0,0.0,10,50.0,0.0,10,6.57,0.047258156262526094,10,4.5,0.9574271077563381,10,7.459999999999999,0.05206833117271095,10,0.5,0.16666666666666669,10
c9170ec5c4,0.2226623035868009,0.0005028382275752425,10,0.2033199926840341,0.002043400974982338,10,49.8,0.1333333333333335,10,0.23893096919059756,0.00010256983680680098,10,0.14660166355431714,0.0010943988327092279,10,1172552.0,0.0,10,2400.0,0.0,10,600.0,0.0,10,1000.0,0.0,10,50.0,0.0,10,7.43,0.026034165586355493,10,4.5,0.9574271077563381,10,8.370000000000001,0.029999999999999992,10,0.5,0.16666666666666669,10
c91e9d5caf,0.22367437577247617,0.00413196461272326,10,0.19735694722802025,0.020459277094877906,10,45.2,4.800000000000001,10,0.2407978600025177,0.0024744882515587816,10,0.13820844940915553,0.014503020694448159,10,1142088.0,0.0,10,2400.0,0.0,10,600.0,0.0,10,1000.0,0.0,10,45.5,4.5,10,6.69,0.5879247873287496,10,4.5,0.9574271077563381,10,7.639999999999999,0.5825613939987595,10,0.5,0.16666666666666669,10
c95e267974,0.22469771897792815,0.00044302636518994963,10,0.19668461242056515,0.0012615387770100058,10,50.0,0.0,10,0.2380278988838196,0.00011828038855686556,10,0.14233594315220408,0.0009415780256923277,10,713288.0,0.0,10,2400.0,0.0,10,600.0,0.0,10,1000.0,0.0,10,50.0,0.0,10,6.88,0.02494438257849302,10,4.5,0.9574271077563381,10,7.82,0.02494438257849303,10,0.5,0.16666666666666669,10
c966b0c534,0.21053414434194564,0.00036258524942360537,10,0.2726762206815786,0.00092216599578273,10,49.5,0.22360679774997888,10,0.2299622894048691,0.0001263661926352271,10,0.19574332272335374,0.0005491990483077724,10,646984.0,0.0,10,2400.0,0.0,10,600.0,0.0,10,1000.0,0.0,10,50.0,0.0,10,6.55,0.04999999999999996,10,4.5,0.9574271077563381,10,7.470000000000001,0.04484541349024565,10,0.5,0.16666666666666669,10
c978abef32,0.20822130672136946,0.00032205368884049565,10,0.2840751286451166,0.0009031781049081352,10,49.5,0.2236067977499788,10,0.23017629765272138,8.708324612941728e-05,10,0.20285144497597013,0.00046103871980885525,10,646984.0,0.0,10,2400.0,0.0,10,600.0,0.0,10,1000.0,0.0,10,50.0,0.0,10,6.540000000000001,0.022110831935702575,10,4.5,0.9574271077563381,10,7.45,0.026874192494328437,10,0.5,0.16666666666666669,10
ca5e9d598b,0.21438547186056772,0.00038727537030290853,10,0.2552591212739529,0.001264612902994772,10,49.8,0.13333333333333314,10,0.23205303514003753,0.00012745439375080758,10,0.18247223060669965,0.0007555133787720084,10,646984.0,0.0,10,2400.0,0.0,10,600.0,0.0,10,1000.0,0.0,10,50.0,0.0,10,6.4799999999999995,0.032659863237108955,10,4.5,0.9574271077563381,10,7.390000000000001,0.031446603773522076,10,0.5,0.16666666666666669,10
cc3f731628,0.23376584563652675,0.0023693262407181942,10,0.14617424287480263,0.012526283003783733,10,39.0,5.641118880348315,10,0.24276984851360323,0.0011569625590709227,10,0.10854102598476281,0.008844561241722724,10,1172552.0,0.0,10,2400.0,0.0,10,600.0,0.0,10,1000.0,0.0,10,39.9,5.186413875587725,10,6.08,0.6990151802516326,10,4.5,0.9574271077563381,10,7.040000000000001,0.6984427121978024,10,0.5,0.16666666666666669,10
cceb986785,0.24019390807549157,0.000370820176463623,10,0.12426718330687132,0.000944161188519015,10,13.4,0.2666666666666669,10,0.2462032848954201,0.00025453128579155866,10,0.09166843622358603,0.00042995013593370143,10,530760.0,0.0,10,2400.0,0.0,10,600.0,0.0,10,1000.0,0.0,10,16.4,0.26666666666666666,10,2.7600000000000002,0.04988876515698583,10,4.5,0.9574271077563381,10,3.7,0.04714045207910315,10,0.5,0.16666666666666669,10
ce0f318d9b,0.2300173165202141,0.005629505608625262,10,0.17429090753786022,0.019270756669704302,10,41.7,5.4529298954272685,10,0.24523604767322538,0.004006417773465812,10,0.1246118209167582,0.013832263330685974,10,1369928.0,0.0,10,2400.0,0.0,10,600.0,0.0,10,1000.0,0.0,10,42.6,5.112511885343424,10,6.85,0.7350359023733315,10,4.5,0.9574271077563381,10,7.8,0.7331818025261918,10,0.5,0.16666666666666669,10
d08a0d9993,0.20945830563704174,0.0021847219445376266,10,0.27706309234311643,0.011948149163253633,10,46.1,3.680126809409335,10,0.22995738146305084,0.0012198386637001684,10,0.1989929891122778,0.008931150729449226,10,515912.0,0.0,10,2400.0,0.0,10,600.0,0.0,10,1000.0,0.0,10,46.6,3.4,10,5.95,0.38391260579575776,10,4.5,0.9574271077563381,10,6.88,0.3872409528388695,10,0.5,0.16666666666666669,10
d0b7223fe0,0.22550263398885728,0.0005179363742170228,10,0.19135565627065948,0.0013216550396647653,10,50.0,0.0,10,0.23849171867370605,9.042631497440062e-05,10,0.13861788382708534,0.0008416689506846877,10,944712.0,0.0,10,2400.0,0.0,10,600.0,0.0,10,1000.0,0.0,10,50.0,0.0,10,6.99,0.027688746209726892,10,4.5,0.9574271077563381,10,7.92,0.029059326290271133,10,0.5,0.16666666666666669,10
d0cc180d79,0.23517472352584204,0.008059073522905327,10,0.15094476301556187,0.03647649730875061,10,30.4,8.001666493091715,10,0.2479488187789917,0.00470268874369304,10,0.10749228842621983,0.025355413053552777,10,1257032.0,0.0,10,2400.0,0.0,10,600.0,0.0,10,1000.0,0.0,10,31.6,7.51176854453508,10,4.99,1.0044843895695388,10,4.5,0.9574271077563381,10,5.95,1.0074445118439253,10,0.5,0.16666666666666669,10
d0f88bc6ab,0.2266106528043747,0.00038382569497500026,10,0.18266458676127995,0.0013764799444683116,10,50.0,0.0,10,0.23924044414758683,0.00026537530165175705,10,0.13020284738526966,0.0008024091449926891,10,1172808.0,0.0,10,2400.0,0.0,10,600.0,0.0,10,1000.0,0.0,10,50.0,0.0,10,7.35,0.03415650255319864,10,4.5,0.9574271077563381,10,8.34,0.033993463423952,10,0.5,0.16666666666666669,10
d15f18a47b,0.21336255909999213,0.0003753484606131319,10,0.26065215127361296,0.0011776937862545765,10,50.0,0.0,10,0.2313410889983177,9.641192525017557e-05,10,0.18670919753005535,0.0008421071485040837,10,485192.0,0.0,10,2400.0,0.0,10,600.0,0.0,10,1000.0,0.0,10,50.0,0.0,10,6.43,0.026034165586355518,10,4.5,0.9574271077563381,10,7.409999999999999,0.034801021696368506,10,0.5,0.16666666666666669,10
d56f8a696c,0.21666929604609808,0.0011333625233863579,10,0.24123921521808023,0.005146883639930205,10,47.6,2.181742422927143,10,0.2362400330543518,0.00039162321136847927,10,0.1711521267507225,0.0037146785348715922,10,844104.0,0.0,10,2400.0,0.0,10,600.0,0.0,10,1000.0,0.0,10,48.1,1.9000000000000001,10,6.65,0.21768989156340926,10,4.5,0.9574271077563381,10,7.58,0.22201101073795623,10,0.5,0.16666666666666669,10
d61c91998c,0.21356768019994102,0.00044581686254027426,10,0.2591859336388347,0.001096142934760184,10,49.9,0.10000000000000005,10,0.23195486291646955,0.0001035342630026989,10,0.18522380493738635,0.0006974869951224234,10,384840.0,0.0,10,2400.0,0.0,10,600.0,0.0,10,1000.0,0.0,10,50.0,0.0,10,6.36,0.03711842908553347,10,4.5,0.9574271077563381,10,7.32,0.044221663871405324,10,0.5,0.16666666666666669,10
d74a2ca78c,0.21726430686314901,0.004364255306058664,10,0.2356341316958391,0.02291603808243356,10,29.4,6.0940772704141,10,0.23411224257946012,0.0023569066636506845,10,0.16793139974763577,0.016895094691063803,10,569416.0,0.0,10,2400.0,0.0,10,600.0,0.0,10,1000.0,0.0,10,31.7,5.846271366340164,10,4.470000000000001,0.6855735636028502,10,4.5,0.9574271077563381,10,5.42,0.6884443009826979,10,0.5,0.16666666666666669,10
d7eb0c8702,0.20683382181326548,0.00033832943225313146,10,0.29263592158442825,0.0006486591743587466,10,49.8,0.13333333333333328,10,0.22972327061891556,6.463850093178784e-05,10,0.2090279960501006,0.00031368210554779064,10,600136.0,0.0,10,2400.0,0.0,10,600.0,0.0,10,1000.0,0.0,10,50.0,0.0,10,6.6,0.03333333333333335,10,4.5,0.9574271077563381,10,7.5200000000000005,0.032659863237108996,10,0.5,0.16666666666666669,10
d85b70c171,0.2229864854812622,0.00037992290115790924,10,0.21541398473163423,0.0008072202017756191,10,49.6,0.22110831935702677,10,0.23587277500629425,6.946997121982964e-05,10,0.15441980527733787,0.00042967529439528015,10,731208.0,0.0,10,2400.0,0.0,10,600.0,0.0,10,1000.0,0.0,10,50.0,0.0,10,6.7299999999999995,0.04229525846816513,10,4.5,0.9574271077563381,10,7.65,0.040138648595974255,10,0.5,0.16666666666666669,10
d8987b7d9e,0.2257669274409612,0.0038621811747913716,10,0.18649502662741121,0.0201640328287381,10,34.8,6.087875016967925,10,0.239615345788002,0.0015761247524402038,10,0.13281888996484012,0.014070357786898436,10,1172552.0,0.0,10,2400.0,0.0,10,600.0,0.0,10,1000.0,0.0,10,36.2,5.652531389661725,10,5.6,0.7580677190506575,10,4.5,0.9574271077563381,10,6.5200000000000005,0.749933330370107,10,0.5,0.16666666666666669,10
d930b8d328,0.2164606692592303,0.00030993817093009847,10,0.23895880437105155,0.0015772369828589178,10,50.0,0.0,10,0.23480405333042143,0.00026153729520155103,10,0.17242139219930863,0.0010275936129950749,10,975432.0,0.0,10,2400.0,0.0,10,600.0,0.0,10,1000.0,0.0,10,50.0,0.0,10,6.99,0.045825756949558406,10,4.5,0.9574271077563381,10,7.93,0.04229525846816505,10,0.5,0.16666666666666669,10
d979781efc,0.22846422153711318,0.0014149885225208032,10,0.18987334706299572,0.007304731816606115,10,43.3,4.302583203404929,10,0.2396650467991829,0.0007814341999710671,10,0.1358910811782511,0.005357323098330867,10,333640.0,0.0,10,2400.0,0.0,10,600.0,0.0,10,1000.0,0.0,10,44.1,3.93403948463493,10,5.68,0.45112205788579113,10,4.5,0.9574271077563381,10,6.640000000000001,0.4445222154178573,10,0.5,0.16666666666666669,10
d98702a1b8,0.2282594679792722,0.001432749382820934,10,0.19054345776496043,0.007387182207226882,10,43.3,4.302583203404929,10,0.2395319962859154,0.0007932364813210565,10,0.13637039081019137,0.0054186586008261,10,333640.0,0.0,10,2400.0,0.0,10,600.0,0.0,10,1000.0,0.0,10,44.1,3.93403948463493,10,5.65,0.4374801582802229,10,4.5,0.9574271077563381,10,6.590000000000001,0.4370227555733098,10,0.5,0.16666666666666669,10
d9da088959,0.22702425915002822,0.003429851738852379,10,0.1820640569526995,0.018962933234610502,10,38.6,5.804595880277397,10,0.23886254584789274,0.0015295923882795866,10,0.13210884927209968,0.013121798376324639,10,928584.0,0.0,10,2400.0,0.0,10,600.0,0.0,10,1000.0,0.0,10,39.5,5.346338310781813,10,5.779999999999999,0.6869902150362518,10,4.5,0.9574271077563381,10,6.75,0.6877095640199025,10,0.5,0.16666666666666669,10
dc206492d1,0.2119433090686798,0.0005265582126074348,10,0.2630353846512952,0.0015528002691021048,10,49.1,0.4333333333333334,10,0.23312353656291962,0.00011369531148415246,10,0.1864512074131126,0.00104699086223089,10,551240.0,0.0,10,2400.0,0.0,10,600.0,0.0,10,1000.0,0.0,10,49.9,0.1000000000000001,10,6.81,0.06046119049072349,10,4.5,0.9574271077563381,10,7.74,0.07023769168568494,10,0.5,0.16666666666666669,10
dd19756d7b,0.2272343333363533,0.001573940549401749,10,0.19457043956061712,0.01047724834503345,10,45.7,3.969466798786289,10,0.23828278453350066,0.0010008769242746689,10,0.13969933341909396,0.0073375603382773375,10,731208.0,0.0,10,2400.0,0.0,10,600.0,0.0,10,1000.0,0.0,10,46.3,3.7,10,6.3,0.44621868081817356,10,4.5,0.9574271077563381,10,7.2299999999999995,0.449456461863784,10,0.5,0.16666666666666669,10
dda305d1ae,0.21883578523000083,0.007494485915598696,10,0.23943872574635888,0.024620563282291855,10,45.1,4.9,10,0.23928046233654024,0.005310677808172502,10,0.17150881260709896,0.01787292666155942,10,928584.0,0.0,10,2400.0,0.0,10,600.0,0.0,10,1000.0,0.0,10,45.4,4.6000000000000005,10,6.609999999999999,0.6015627795814646,10,4.5,0.9574271077563381,10,7.57,0.5972250645927193,10,0.5,0.16666666666666669,10
ddec020c21,0.23487770827611287,0.007394174189080038,10,0.1626308704901975,0.03205922630664405,10,19.4,6.703564557590072,10,0.24789327468872072,0.005037764920281308,10,0.11934609209940597,0.02181368239829363,10,746312.0,0.0,10,2400.0,0.0,10,600.0,0.0,10,1000.0,0.0,10,21.5,6.24722160466377,10,3.45,0.7857409807874913,10,4.5,0.9574271077563381,10,4.43,0.7824534064935326,10,0.5,0.16666666666666669,10
ddfb4afd69,0.22240351780255638,0.00044905498633362686,10,0.2092397385541831,0.0014891395364302008,10,50.0,0.0,10,0.23683339586257937,0.00021162519185469514,10,0.15065660108014853,0.0011069275163422658,10,713288.0,0.0,10,2400.0,0.0,10,600.0,0.0,10,1000.0,0.0,10,50.0,0.0,10,6.840000000000001,0.030550504633039002,10,4.5,0.9574271077563381,10,7.81,0.03144660377352208,10,0.5,0.16666666666666669,10
deb459139b,0.21381775335470837,0.0012847990248797958,10,0.25348388498895125,0.005855022986792685,10,47.1,1.9405039437103844,10,0.23490457227230072,0.00047949825357255257,10,0.1803112021933754,0.0040840622878440085,10,713032.0,0.0,10,2400.0,0.0,10,600.0,0.0,10,1000.0,0.0,10,48.2,1.6918103387266028,10,6.67,0.2027861489900684,10,4.5,0.9574271077563381,10,7.62,0.20965580258021846,10,0.5,0.16666666666666669,10
e18884486b,0.2548303110400836,0.0013188067545344111,10,0.02169668114241469,0.0028573337004092945,10,3.0,0.0,10,0.25571094715595244,0.001254604646154251,10,0.01693336191739124,0.0026930081944036973,10,1257032.0,0.0,10,2400.0,0.0,10,600.0,0.0,10,1000.0,0.0,10,6.0,0.0,10,1.53,0.015275252316519489,10,4.5,0.9574271077563381,10,2.4899999999999998,0.010000000000000021,10,0.5,0.16666666666666669,10
e2f519ccef,0.21027400785684586,0.00033978786588659905,10,0.26936456070470294,0.0008871407718267575,10,49.6,0.1632993161855452,10,0.2323917042732239,0.00028225100646577807,10,0.19115757051323992,0.000577570169175673,10,713032.0,0.0,10,2400.0,0.0,10,600.0,0.0,10,1000.0,0.0,10,50.0,0.0,10,6.93,0.02134374745810947,10,4.5,0.9574271077563381,10,7.859999999999999,0.026666666666666682,10,0.5,0.16666666666666669,10
e4cc74b61d,0.24870472608009972,0.0023288298130603193,10,0.10082698560577788,0.009210212283222897,10,14.2,3.991101212558871,10,0.25366377427577974,0.001837455344881757,10,0.07530025456198365,0.00638561970278036,10,581960.0,0.0,10,2400.0,0.0,10,600.0,0.0,10,1000.0,0.0,10,17.0,3.7976600983002977,10,2.8600000000000003,0.478005113873156,10,4.5,0.9574271077563381,10,3.79,0.48658675142945135,10,0.5,0.16666666666666669,10
e522f8802e,0.27910308225949604,0.00810761357287724,10,0.032159955613061945,0.02483500741798927,10,7.7,4.7,10,0.28032555881738663,0.006073366328744247,10,0.02615010916100296,0.01699200994992613,10,1172808.0,0.0,10,2400.0,0.0,10,600.0,0.0,10,1000.0,0.0,10,10.4,4.4,10,2.13,0.5857663546348683,10,4.5,0.9574271077563381,10,3.09,0.5791660671459727,10,0.5,0.16666666666666669,10
e6e23de749,0.21192759760220845,0.00036395398131934466,10,0.2617554464778672,0.0012864657558311085,10,50.0,0.0,10,0.2330407308101654,0.00017846309520706753,10,0.18788278014677984,0.0008668878766011005,10,928584.0,0.0,10,2400.0,0.0,10,600.0,0.0,10,1000.0,0.0,10,50.0,0.0,10,7.13,0.03666666666666665,10,4.5,0.9574271077563381,10,8.1,0.036514837167010955,10,0.5,0.16666666666666669,10
e88201a568,0.23952295915285746,0.0047844551464910155,10,0.10708958180884003,0.02742569131896899,10,29.5,6.833333333333333,10,0.2470382107138634,0.002691651442418825,10,0.0772367272056945,0.019446340298999765,10,1257032.0,0.0,10,2400.0,0.0,10,600.0,0.0,10,1000.0,0.0,10,31.0,6.333333333333334,10,4.99,0.8704341190208225,10,4.5,0.9574271077563381,10,5.9399999999999995,0.8669486720677297,10,0.5,0.16666666666666669,10
e939b60f69,0.2267960710922877,0.0004938783406028706,10,0.1969356904755341,0.000805306399235478,10,50.0,0.0,10,0.23835491871833803,0.00012051112141915156,10,0.1412654814390241,0.0006288097919050342,10,384840.0,0.0,10,2400.0,0.0,10,600.0,0.0,10,1000.0,0.0,10,50.0,0.0,10,6.38,0.02494438257849305,10,4.5,0.9574271077563381,10,7.31,0.03144660377352209,10,0.5,0.16666666666666669,10
e966e78792,0.20804649009307224,0.0003679118436427971,10,0.287470555014896,0.0010255351626730085,10,49.5,0.22360679774997813,10,0.22898053129911422,9.215009131516809e-05,10,0.20536125327559204,0.0004230199010531056,10,438344.0,0.0,10,2400.0,0.0,10,600.0,0.0,10,1000.0,0.0,10,50.0,0.0,10,6.51,0.04333333333333329,10,4.5,0.9574271077563381,10,7.470000000000001,0.042295258468165065,10,0.5,0.16666666666666669,10
e9b75efc00,0.22053656204541525,0.004012699477597069,10,0.21893345718441792,0.020757134774605702,10,26.6,6.035450825470013,10,0.23591756130456926,0.0021856518127841,10,0.15588845174309357,0.015367233489512189,10,485192.0,0.0,10,2400.0,0.0,10,600.0,0.0,10,1000.0,0.0,10,28.9,5.743498740121545,10,4.08,0.6657994359331412,10,4.5,0.9574271077563381,10,5.01,0.6644044952687583,10,0.5,0.16666666666666669,10
eacd1243f5,0.22335765113433204,0.003447951309437946,10,0.20356441623185334,0.01849856871857711,10,34.5,6.126898798649191,10,0.2380415127873421,0.0015450745649543854,10,0.14489882433610454,0.01283790003049414,10,581960.0,0.0,10,2400.0,0.0,10,600.0,0.0,10,1000.0,0.0,10,36.0,5.715476066494083,10,5.13,0.6891298861608021,10,4.5,0.9574271077563381,10,6.08,0.6890895765025361,10,0.5,0.16666666666666669,10
eadf003c2d,0.2290684413512548,0.0030045903311834835,10,0.1710967222582203,0.01680677348698826,10,38.6,5.804595880277398,10,0.2399782512187958,0.0013059527835780483,10,0.12467550430656076,0.011672159303829546,10,928584.0,0.0,10,2400.0,0.0,10,600.0,0.0,10,1000.0,0.0,10,39.5,5.346338310781813,10,5.79,0.689355576688193,10,4.5,0.9574271077563381,10,6.739999999999999,0.6854357900067827,10,0.5,0.16666666666666669,10
eaf90c649c,0.23308846040566764,0.005561661992072196,10,0.15296974583795095,0.03174415651830232,10,21.7,7.634788798650557,10,0.24306921167373657,0.003262729618096278,10,0.1108230594412775,0.02227834523950529,10,731208.0,0.0,10,2400.0,0.0,10,600.0,0.0,10,1000.0,0.0,10,23.6,7.18516991216399,10,3.54,0.8602583591250041,10,4.5,0.9574271077563381,10,4.45,0.8576777431594639,10,0.5,0.16666666666666669,10
f123346b5d,0.25101529898246133,0.0010440479024662029,10,0.07036323393095927,0.0033696716315530237,10,9.0,0.14907119849998599,10,0.2550414759397507,0.000789796175919985,10,0.05631026493217054,0.002390789259478529,10,910408.0,0.0,10,2400.0,0.0,10,600.0,0.0,10,1000.0,0.0,10,12.0,0.14907119849998599,10,2.3299999999999996,0.03349958540373631,10,4.5,0.9574271077563381,10,3.29,0.023333333333333314,10,0.5,0.16666666666666669,10
f2439db103,0.22290039122104646,0.00840744473362901,10,0.21005506805822455,0.03804828152174615,10,35.9,7.179368588764148,10,0.23973703315258027,0.00535487062518773,10,0.15037216128620218,0.026204737627415427,10,1226312.0,0.0,10,2400.0,0.0,10,600.0,0.0,10,1000.0,0.0,10,36.8,6.721111019268565,10,5.71,0.9189909925806913,10,4.5,0.9574271077563381,10,6.68,0.9124813544518168,10,0.5,0.16666666666666669,10
f2530d6474,0.22881339490413666,0.0036561482746248265,10,0.17578524632573217,0.018786452798327354,10,34.8,6.205374015050717,10,0.24004637147188185,0.0018467804874143902,10,0.12806985722633313,0.012752502921966053,10,797512.0,0.0,10,2400.0,0.0,10,600.0,0.0,10,1000.0,0.0,10,36.0,5.715476066494083,10,5.35,0.7216108523451001,10,4.5,0.9574271077563381,10,6.29,0.7257869292476041,10,0.5,0.16666666666666669,10
f2f5e5a4c0,0.23402815671761829,0.002321192350732063,10,0.14505444620365765,0.012306969085809291,10,39.0,5.641118880348315,10,0.24288116642236707,0.0011360147241557352,10,0.10779435080888747,0.00870686838577069,10,1172552.0,0.0,10,2400.0,0.0,10,600.0,0.0,10,1000.0,0.0,10,39.9,5.186413875587725,10,6.13,0.7045960229490056,10,4.5,0.9574271077563381,10,7.07,0.7050689485590911,10,0.5,0.16666666666666669,10
f32ea47a1c,0.20597723879416785,0.0003071011256943012,10,0.29756272488078317,0.0007248275070127635,10,49.7,0.3000000000000001,10,0.22936969982385635,6.4443580948727e-05,10,0.2124984665737329,0.000376383587268171,10,469064.0,0.0,10,2400.0,0.0,10,600.0,0.0,10,1000.0,0.0,10,50.0,0.0,10,6.58,0.057348835113617457,10,4.5,0.9574271077563381,10,7.4799999999999995,0.05925462944877062,10,0.5,0.16666666666666669,10
f48aca2c4a,0.20716764970620472,0.0005471386190427208,10,0.28643806117460024,0.0023110885163507254,10,49.9,0.10000000000000005,10,0.23071024467945098,0.00035986029621644096,10,0.2046541615985277,0.001689562099302306,10,766792.0,0.0,10,2400.0,0.0,10,600.0,0.0,10,1000.0,0.0,10,50.0,0.0,10,7.05,0.022360679774997883,10,4.5,0.9574271077563381,10,7.99,0.023333333333333255,10,0.5,0.16666666666666669,10
f52dd049c2,0.21681921490033468,0.003992695557476245,10,0.23633866206101714,0.020003382474100037,10,45.2,4.8,10,0.23692384350299833,0.0021029460152493166,10,0.16951602450462633,0.013749894053623195,10,844360.0,0.0,10,2400.0,0.0,10,600.0,0.0,10,1000.0,0.0,10,45.5,4.5,10,6.36,0.5625734519943941,10,4.5,0.9574271077563381,10,7.35,0.5619905100029121,10,0.5,0.16666666666666669,10
f540a5bc46,0.21416952739159267,0.0003504125054507171,10,0.2504884488345949,0.0015660342520553156,10,50.0,0.0,10,0.2338183357000351,0.00018696712564530906,10,0.1799926188799089,0.0007423215008040921,10,844360.0,0.0,10,2400.0,0.0,10,600.0,0.0,10,1000.0,0.0,10,50.0,0.0,10,6.93,0.029999999999999975,10,4.5,0.9574271077563381,10,7.890000000000001,0.03785938897200182,10,0.5,0.16666666666666669,10
f63419201f,0.21139418955643974,0.0006464034366562185,10,0.26453136424879176,0.002863166006528395,10,46.7,1.2115187896924167,10,0.23274972170591351,0.00023475783597188583,10,0.1876458102930065,0.002046437582487334,10,530760.0,0.0,10,2400.0,0.0,10,600.0,0.0,10,1000.0,0.0,10,48.2,0.8137703743822466,10,6.57,0.09893881386437227,10,4.5,0.9574271077563381,10,7.529999999999999,0.10651030205780307,10,0.5,0.16666666666666669,10
f65fb13ee9,0.2257633631825447,0.0005235758756073784,10,0.18981889874384061,0.0013272763303078332,10,50.0,0.0,10,0.23857738354206087,9.073106196295625e-05,10,0.1376160597284702,0.000845750462180862,10,944712.0,0.0,10,2400.0,0.0,10,600.0,0.0,10,1000.0,0.0,10,50.0,0.0,10,6.95,0.04013864859597429,10,4.5,0.9574271077563381,10,7.9,0.042163702135578296,10,0.5,0.16666666666666669,10
f68b5f8588,0.2237618408203125,0.006214409839289248,10,0.2005522585138669,0.03400698233166978,10,30.8,7.5686487859091764,10,0.23794692772626877,0.0034896737894966235,10,0.14441150277944784,0.023897225700536637,10,731208.0,0.0,10,2400.0,0.0,10,600.0,0.0,10,1000.0,0.0,10,32.4,7.18516991216399,10,4.59,0.861710185877157,10,4.5,0.9574271077563381,10,5.5200000000000005,0.8630437094634574,10,0.5,0.16666666666666669,10
f725969c83,0.2215126002629598,0.00044775484125014525,10,0.21306862925714992,0.0011395854554281386,10,49.9,0.10000000000000035,10,0.23616558657884598,0.00011208028768320289,10,0.15377696278229813,0.000746256168312953,10,1059656.0,0.0,10,2400.0,0.0,10,600.0,0.0,10,1000.0,0.0,10,50.0,0.0,10,7.290000000000001,0.03480102169636851,10,4.5,0.9574271077563381,10,8.23,0.030000000000000155,10,0.5,0.16666666666666669,10
f754b0d2e0,0.22642194571097693,0.00033552218490185803,10,0.1989635675757669,0.0007079500865871439,10,49.9,0.10000000000000006,10,0.23826444605588915,7.496220034614604e-05,10,0.14238341954210273,0.00047476932773375533,10,354120.0,0.0,10,2400.0,0.0,10,600.0,0.0,10,1000.0,0.0,10,50.0,0.0,10,6.37,0.061553951042064535,10,4.5,0.9574271077563381,10,7.31,0.0690410505906933,10,0.5,0.16666666666666669,10
f7fc68a1f7,0.21321853699286777,0.005291097685161938,10,0.2555977412053446,0.02698189896428409,10,36.8,5.872345736112992,10,0.23200714141130446,0.0026540189690795186,10,0.18447403742592816,0.01922447910161538,10,766792.0,0.0,10,2400.0,0.0,10,600.0,0.0,10,1000.0,0.0,10,38.2,5.48290271865389,10,5.58,0.6951898221988645,10,4.5,0.9574271077563381,10,6.55,0.7030489156365849,10,0.5,0.16666666666666669,10
f8cae52bb3,0.21060849543412527,0.0027912906496216066,10,0.26958953535094954,0.015313943613137319,10,45.9,3.55105618091294,10,0.23120830037593842,0.0013061126066483098,10,0.1933672512838366,0.010905623931831549,10,1059656.0,0.0,10,2400.0,0.0,10,600.0,0.0,10,1000.0,0.0,10,46.7,3.3000000000000003,10,6.779999999999999,0.43199794238193107,10,4.5,0.9574271077563381,10,7.739999999999999,0.4382287581211945,10,0.5,0.16666666666666669,10
f8e9ecff70,0.25106012837092084,0.0010320538114462281,10,0.07017155485266176,0.0033245886945311174,10,9.0,0.14907119849998599,10,0.2550730181932449,0.000775000773709424,10,0.05617137659978451,0.0023605448141850224,10,910408.0,0.0,10,2400.0,0.0,10,600.0,0.0,10,1000.0,0.0,10,12.0,0.14907119849998599,10,2.32,0.02494438257849295,10,4.5,0.9574271077563381,10,3.2700000000000005,0.026034165586355473,10,0.5,0.16666666666666669,10
f9e3d3e972,0.22226784571011865,0.005680921298520446,10,0.20695606724986876,0.028122273084591053,10,40.7,6.1174613471057855,10,0.23917124388217928,0.0031501512347098673,10,0.14765552356414724,0.019132266714442295,10,1141832.0,0.0,10,2400.0,0.0,10,600.0,0.0,10,1000.0,0.0,10,41.4,5.733333333333333,10,6.29,0.765861896456825,10,4.5,0.9574271077563381,10,7.2299999999999995,0.7727368389188018,10,0.5,0.16666666666666669,10
fa13f52252,0.20580679853757222,0.0002986139603930483,10,0.2964400611326831,0.0004232957619259836,10,49.5,0.22360679774997824,10,0.22828771628141403,7.170965772055108e-05,10,0.21227970754252695,0.00024349399572466814,10,333640.0,0.0,10,2400.0,0.0,10,600.0,0.0,10,1000.0,0.0,10,50.0,0.0,10,6.36,0.06182412330330468,10,4.5,0.9574271077563381,10,7.290000000000001,0.07371114795831993,10,0.5,0.16666666666666669,10
fa9dd5dce3,0.22437465836604437,0.0013373838634474398,10,0.20745697866544388,0.009080188696004106,10,44.5,3.865085883766218,10,0.23908096226453784,0.0005426994155592097,10,0.1477582738259003,0.006157989054111486,10,713032.0,0.0,10,2400.0,0.0,10,600.0,0.0,10,1000.0,0.0,10,45.6,3.6000000000000005,10,6.29,0.4453338323350498,10,4.5,0.9574271077563381,10,7.2,0.4356349134054544,10,0.5,0.16666666666666669,10
fc086999c3,0.2208969747622808,0.0004345992123375994,10,0.21581874312990204,0.0010925394757963147,10,50.0,0.0,10,0.23820175392627715,0.00012648864959506086,10,0.153799547723804,0.0007899548318263484,10,1141832.0,0.0,10,2400.0,0.0,10,600.0,0.0,10,1000.0,0.0,10,50.0,0.0,10,7.45,0.04281744192888372,10,4.5,0.9574271077563381,10,8.4,0.03944053188733072,10,0.5,0.16666666666666669,10
fc6e79db4d,0.2368358986377716,0.007897394202475125,10,0.13980771633105635,0.03664927199300833,10,21.3,6.614882211095423,10,0.2470885240316391,0.004742848457217941,10,0.10166505098256784,0.025594288905956858,10,1257032.0,0.0,10,2400.0,0.0,10,600.0,0.0,10,1000.0,0.0,10,23.7,6.331666447310692,10,3.95,0.8469881279503797,10,4.5,0.9574271077563381,10,4.88,0.8528123409571938,10,0.5,0.16666666666666669,10
fcc40b3827,0.20873622622092566,0.0003400481623284062,10,0.28015116687881264,0.000940029910100305,10,49.8,0.133333333333333,10,0.2302976522922516,0.0001900084498863824,10,0.2007513790390055,0.0006196243849819264,10,844360.0,0.0,10,2400.0,0.0,10,600.0,0.0,10,1000.0,0.0,10,50.0,0.0,10,6.88,0.029059326290271213,10,4.5,0.9574271077563381,10,7.85,0.030731814857642897,10,0.5,0.16666666666666669,10
fe3573e781,0.206769138276577,0.0003247805009796508,10,0.29295244657250713,0.0008801650745783569,10,49.7,0.15275252316519491,10,0.2295585848927498,7.031272165306525e-05,10,0.2091410221863848,0.00046565384356937614,10,469064.0,0.0,10,2400.0,0.0,10,600.0,0.0,10,1000.0,0.0,10,50.0,0.0,10,6.56,0.04988876515698585,10,4.5,0.9574271077563381,10,7.4799999999999995,0.0573488351136175,10,0.5,0.16666666666666669,10
feb827e2cd,0.2264996584057808,0.001288048916560293,10,0.18508231722670695,0.006913733608899012,10,46.6,3.4,10,0.2397911825299263,0.0005413659683703808,10,0.134224528827541,0.004504886430742609,10,1141832.0,0.0,10,2400.0,0.0,10,600.0,0.0,10,1000.0,0.0,10,46.9,3.1,10,7.029999999999999,0.41501004003919395,10,4.5,0.9574271077563381,10,7.9799999999999995,0.4210568713236834,10,0.5,0.16666666666666669,10
ff2186a9f2,0.2538405840396881,0.003265979029124223,10,0.05130525517173119,0.01428837325860381,10,11.3,4.190067620774951,10,0.25648073821067807,0.0019526646961361483,10,0.03953700647959649,0.01006110461219316,10,1339208.0,0.0,10,2400.0,0.0,10,600.0,0.0,10,1000.0,0.0,10,14.1,3.990126703641265,10,2.68,0.5265822717191389,10,4.5,0.9574271077563381,10,3.6,0.5245103536738919,10,0.5,0.16666666666666669,10
