2026-02-02 22:27:29,125 - INFO - ==================================================
2026-02-02 22:27:29,126 - INFO - Experiment run directory: results/binned_2026-02-02_22-27-29
2026-02-02 22:27:29,126 - INFO - Config file: config.yaml (copied to results/binned_2026-02-02_22-27-29/config.yaml)
2026-02-02 22:27:29,126 - INFO - Inference mode: False
2026-02-02 22:27:29,127 - INFO - Random seed: 42
2026-02-02 22:27:29,127 - INFO - ==================================================
2026-02-02 22:27:29,128 - INFO - Total trials: 5000
2026-02-02 22:27:29,139 - INFO - Oracle trials: 1000 (50 patterns × 10 trials)
2026-02-02 22:27:29,140 - INFO - Sample trials: 4000
2026-02-02 22:27:29,142 - INFO - Train: 3400, Val: 600, Test: 1000
2026-02-02 22:27:29,142 - INFO - Dataset config: input_bin_size=10ms, output_bin_size=60ms, n_input_bins=60, n_output_bins=10, output_offset=0, encoding_mode=current
2026-02-02 22:27:44,902 - INFO - BinnedStimSpikeDataset initialized:
2026-02-02 22:27:44,904 - INFO -   input_bin_size_ms=10, output_bin_size_ms=60
2026-02-02 22:27:44,905 - INFO -   n_input_bins=60, n_output_bins=10
2026-02-02 22:27:44,905 - INFO -   output_offset=0, total_bins_input=60, total_bins_output=10
2026-02-02 22:27:44,905 - INFO -   Valid start positions per trial: 0 to 0
2026-02-02 22:27:44,905 - INFO -   Total samples: 3400 (3400 trials × 1 positions)
2026-02-02 22:28:00,160 - INFO - BinnedStimSpikeDataset initialized:
2026-02-02 22:28:00,162 - INFO -   input_bin_size_ms=10, output_bin_size_ms=60
2026-02-02 22:28:00,162 - INFO -   n_input_bins=60, n_output_bins=10
2026-02-02 22:28:00,162 - INFO -   output_offset=0, total_bins_input=60, total_bins_output=10
2026-02-02 22:28:00,163 - INFO -   Valid start positions per trial: 0 to 0
2026-02-02 22:28:00,163 - INFO -   Total samples: 600 (600 trials × 1 positions)
2026-02-02 22:28:15,166 - INFO - BinnedStimSpikeDataset initialized:
2026-02-02 22:28:15,167 - INFO -   input_bin_size_ms=10, output_bin_size_ms=60
2026-02-02 22:28:15,167 - INFO -   n_input_bins=60, n_output_bins=10
2026-02-02 22:28:15,168 - INFO -   output_offset=0, total_bins_input=60, total_bins_output=10
2026-02-02 22:28:15,168 - INFO -   Valid start positions per trial: 0 to 0
2026-02-02 22:28:15,168 - INFO -   Total samples: 1000 (1000 trials × 1 positions)
2026-02-02 22:28:15,170 - INFO - Train samples: 3400, Val samples: 600, Test samples: 1000
2026-02-02 22:28:15,170 - INFO - Train batches: 213, Val batches: 38, Test batches: 63
2026-02-02 22:28:15,170 - INFO - Number of stimulation channels: 42
2026-02-02 22:28:15,171 - INFO - Number of recorded neurons: 63
2026-02-02 22:28:15,173 - INFO - Sample X shape: torch.Size([42, 60]) (n_channels, n_input_bins)
2026-02-02 22:28:15,173 - INFO - Sample Y shape: torch.Size([63, 10]) (n_neurons, n_output_bins)
2026-02-02 22:28:15,201 - INFO - Using Apple Silicon MPS acceleration
2026-02-02 22:28:15,202 - INFO - PyTorch version: 2.10.0.dev20251124
2026-02-02 22:28:15,202 - INFO - Device: mps
2026-02-02 22:28:15,203 - INFO - Saved experiment config to results/binned_2026-02-02_22-27-29/summary_config.json
2026-02-02 22:29:10,285 - INFO - Saved spike distribution plot (counts mode) to results/binned_2026-02-02_22-27-29/train_spike_distribution_counts.png
2026-02-02 22:29:13,710 - INFO - Model: CNN
2026-02-02 22:29:13,711 - INFO -   Embedding: 5 categories -> 0-dim vectors
2026-02-02 22:29:13,711 - INFO -   Hidden layers: [128, 64]
2026-02-02 22:29:13,711 - INFO -   Dropout: 0.2
2026-02-02 22:29:13,712 - INFO -   Total parameters: 99,455
2026-02-02 22:29:13,712 - INFO -   Trainable parameters: 99,455
2026-02-02 22:29:14,519 - INFO - Input shape: torch.Size([16, 42, 60]), dtype: torch.float32
2026-02-02 22:29:14,520 - INFO - Output shape: torch.Size([16, 63, 10])
2026-02-02 22:29:14,520 - INFO - Target shape: torch.Size([16, 63, 10])
2026-02-02 22:29:14,521 - INFO - ✓ Output and target shapes match!
2026-02-02 22:29:14,521 - INFO - Sample model inputs (first batch):
2026-02-02 22:29:14,521 - INFO - Sample model outputs (first batch):
2026-02-02 22:29:14,522 - INFO - Sample 0 target (neuron 4, all output bins): [1. 0. 0. 0. 1. 1. 2. 0. 0. 2.]
2026-02-02 22:29:14,522 - INFO - Sample 1 target (neuron 4, all output bins): [0. 0. 0. 0. 1. 1. 0. 0. 0. 2.]
2026-02-02 22:29:14,523 - INFO - Sample 2 target (neuron 4, all output bins): [0. 0. 1. 1. 0. 1. 0. 0. 1. 0.]
2026-02-02 22:29:14,523 - INFO - Sample 3 target (neuron 4, all output bins): [0. 0. 2. 0. 0. 0. 0. 0. 0. 0.]
2026-02-02 22:29:14,524 - INFO - Sample 4 target (neuron 4, all output bins): [0. 0. 0. 0. 2. 0. 0. 0. 1. 0.]
2026-02-02 22:29:14,528 - INFO - Sample 0 model output (neuron 4, all output bins): [-13.791509 -14.040865 -13.615196 -13.533475 -13.97785  -14.07086
 -14.051837 -13.941211 -14.162925 -14.31575 ]
2026-02-02 22:29:14,529 - INFO - Sample 1 model output (neuron 4, all output bins): [-13.868695 -13.822565 -13.871923 -14.26439  -14.111149 -13.814013
 -13.661647 -13.779182 -13.697769 -13.537765]
2026-02-02 22:29:14,529 - INFO - Sample 2 model output (neuron 4, all output bins): [-13.701119 -14.033043 -14.024193 -14.111408 -13.834107 -14.034679
 -14.303189 -13.876577 -14.15908  -13.809836]
2026-02-02 22:29:14,530 - INFO - Sample 3 model output (neuron 4, all output bins): [-13.804838 -13.907314 -13.865103 -13.931338 -14.002476 -13.539164
 -13.953182 -13.750761 -13.739138 -13.978376]
2026-02-02 22:29:14,530 - INFO - Sample 4 model output (neuron 4, all output bins): [-13.828112 -14.199189 -13.963998 -14.119488 -14.12998  -14.057611
 -14.535425 -14.031929 -13.947492 -13.770763]
2026-02-02 22:29:17,560 - INFO - Starting training...
2026-02-02 22:29:17,561 - INFO - ==================================================
2026-02-02 22:29:21,261 - INFO - Epoch   1/50 | Train Loss: 2.025480 | Val Loss: 0.993046 | Val Corr: 0.100223 | LR: 1.00e-03
2026-02-02 22:29:21,271 - INFO - Saved best model to results/binned_2026-02-02_22-27-29/best_stim_spike_model.pt
2026-02-02 22:29:23,383 - INFO - Epoch   2/50 | Train Loss: 0.921083 | Val Loss: 0.782363 | Val Corr: 0.173091 | LR: 1.00e-03
2026-02-02 22:29:23,390 - INFO - Saved best model to results/binned_2026-02-02_22-27-29/best_stim_spike_model.pt
2026-02-02 22:29:25,675 - INFO - Epoch   3/50 | Train Loss: 0.853733 | Val Loss: 0.786784 | Val Corr: 0.171638 | LR: 1.00e-03
2026-02-02 22:29:27,875 - INFO - Epoch   4/50 | Train Loss: 0.831509 | Val Loss: 0.702396 | Val Corr: 0.206374 | LR: 1.00e-03
2026-02-02 22:29:27,882 - INFO - Saved best model to results/binned_2026-02-02_22-27-29/best_stim_spike_model.pt
2026-02-02 22:29:30,352 - INFO - Epoch   5/50 | Train Loss: 0.805472 | Val Loss: 0.704930 | Val Corr: 0.215284 | LR: 1.00e-03
2026-02-02 22:29:30,359 - INFO - Saved best model to results/binned_2026-02-02_22-27-29/best_stim_spike_model.pt
2026-02-02 22:29:32,788 - INFO - Epoch   6/50 | Train Loss: 0.790961 | Val Loss: 0.714453 | Val Corr: 0.217454 | LR: 1.00e-03
2026-02-02 22:29:32,794 - INFO - Saved best model to results/binned_2026-02-02_22-27-29/best_stim_spike_model.pt
2026-02-02 22:29:35,392 - INFO - Epoch   7/50 | Train Loss: 0.773303 | Val Loss: 0.656324 | Val Corr: 0.224705 | LR: 1.00e-03
2026-02-02 22:29:35,399 - INFO - Saved best model to results/binned_2026-02-02_22-27-29/best_stim_spike_model.pt
2026-02-02 22:29:37,874 - INFO - Epoch   8/50 | Train Loss: 0.766533 | Val Loss: 0.680093 | Val Corr: 0.228867 | LR: 1.00e-03
2026-02-02 22:29:37,880 - INFO - Saved best model to results/binned_2026-02-02_22-27-29/best_stim_spike_model.pt
2026-02-02 22:29:40,561 - INFO - Epoch   9/50 | Train Loss: 0.750144 | Val Loss: 0.674561 | Val Corr: 0.228703 | LR: 1.00e-03
2026-02-02 22:29:43,279 - INFO - Epoch  10/50 | Train Loss: 0.743461 | Val Loss: 0.667978 | Val Corr: 0.230345 | LR: 1.00e-03
2026-02-02 22:29:43,287 - INFO - Saved best model to results/binned_2026-02-02_22-27-29/best_stim_spike_model.pt
2026-02-02 22:29:46,001 - INFO - Epoch  11/50 | Train Loss: 0.734112 | Val Loss: 0.617146 | Val Corr: 0.229701 | LR: 1.00e-03
2026-02-02 22:29:48,765 - INFO - Epoch  12/50 | Train Loss: 0.731980 | Val Loss: 0.619380 | Val Corr: 0.229977 | LR: 1.00e-03
2026-02-02 22:29:51,562 - INFO - Epoch  13/50 | Train Loss: 0.722245 | Val Loss: 0.614143 | Val Corr: 0.231374 | LR: 1.00e-03
2026-02-02 22:29:51,570 - INFO - Saved best model to results/binned_2026-02-02_22-27-29/best_stim_spike_model.pt
2026-02-02 22:29:54,014 - INFO - Epoch  14/50 | Train Loss: 0.718532 | Val Loss: 0.627254 | Val Corr: 0.235319 | LR: 1.00e-03
2026-02-02 22:29:54,021 - INFO - Saved best model to results/binned_2026-02-02_22-27-29/best_stim_spike_model.pt
2026-02-02 22:29:56,376 - INFO - Epoch  15/50 | Train Loss: 0.716016 | Val Loss: 0.618087 | Val Corr: 0.232333 | LR: 1.00e-03
2026-02-02 22:29:58,697 - INFO - Epoch  16/50 | Train Loss: 0.708454 | Val Loss: 0.603381 | Val Corr: 0.232956 | LR: 1.00e-03
2026-02-02 22:30:01,126 - INFO - Epoch  17/50 | Train Loss: 0.707307 | Val Loss: 0.611173 | Val Corr: 0.234561 | LR: 1.00e-03
2026-02-02 22:30:03,630 - INFO - Epoch  18/50 | Train Loss: 0.706497 | Val Loss: 0.610237 | Val Corr: 0.235558 | LR: 1.00e-03
2026-02-02 22:30:03,636 - INFO - Saved best model to results/binned_2026-02-02_22-27-29/best_stim_spike_model.pt
2026-02-02 22:30:06,045 - INFO - Epoch  19/50 | Train Loss: 0.698975 | Val Loss: 0.594092 | Val Corr: 0.236708 | LR: 1.00e-03
2026-02-02 22:30:06,051 - INFO - Saved best model to results/binned_2026-02-02_22-27-29/best_stim_spike_model.pt
2026-02-02 22:30:08,459 - INFO - Epoch  20/50 | Train Loss: 0.700732 | Val Loss: 0.607836 | Val Corr: 0.234652 | LR: 1.00e-03
2026-02-02 22:30:10,827 - INFO - Epoch  21/50 | Train Loss: 0.690426 | Val Loss: 0.629597 | Val Corr: 0.235863 | LR: 1.00e-03
2026-02-02 22:30:13,313 - INFO - Epoch  22/50 | Train Loss: 0.691800 | Val Loss: 0.599049 | Val Corr: 0.233171 | LR: 1.00e-03
2026-02-02 22:30:15,655 - INFO - Epoch  23/50 | Train Loss: 0.690188 | Val Loss: 0.606389 | Val Corr: 0.236798 | LR: 1.00e-03
2026-02-02 22:30:15,663 - INFO - Saved best model to results/binned_2026-02-02_22-27-29/best_stim_spike_model.pt
2026-02-02 22:30:18,032 - INFO - Epoch  24/50 | Train Loss: 0.680230 | Val Loss: 0.609511 | Val Corr: 0.236979 | LR: 1.00e-03
2026-02-02 22:30:18,038 - INFO - Saved best model to results/binned_2026-02-02_22-27-29/best_stim_spike_model.pt
2026-02-02 22:30:20,500 - INFO - Epoch  25/50 | Train Loss: 0.680515 | Val Loss: 0.605580 | Val Corr: 0.238323 | LR: 5.00e-04
2026-02-02 22:30:20,509 - INFO - Saved best model to results/binned_2026-02-02_22-27-29/best_stim_spike_model.pt
2026-02-02 22:30:23,004 - INFO - Epoch  26/50 | Train Loss: 0.673845 | Val Loss: 0.597312 | Val Corr: 0.239991 | LR: 5.00e-04
2026-02-02 22:30:23,011 - INFO - Saved best model to results/binned_2026-02-02_22-27-29/best_stim_spike_model.pt
2026-02-02 22:30:25,568 - INFO - Epoch  27/50 | Train Loss: 0.670368 | Val Loss: 0.617268 | Val Corr: 0.241055 | LR: 5.00e-04
2026-02-02 22:30:25,575 - INFO - Saved best model to results/binned_2026-02-02_22-27-29/best_stim_spike_model.pt
2026-02-02 22:30:28,091 - INFO - Epoch  28/50 | Train Loss: 0.672040 | Val Loss: 0.591249 | Val Corr: 0.239329 | LR: 5.00e-04
2026-02-02 22:30:30,478 - INFO - Epoch  29/50 | Train Loss: 0.669120 | Val Loss: 0.597199 | Val Corr: 0.238811 | LR: 5.00e-04
2026-02-02 22:30:32,967 - INFO - Epoch  30/50 | Train Loss: 0.662355 | Val Loss: 0.598376 | Val Corr: 0.238029 | LR: 5.00e-04
2026-02-02 22:30:35,431 - INFO - Epoch  31/50 | Train Loss: 0.664423 | Val Loss: 0.567807 | Val Corr: 0.238752 | LR: 5.00e-04
2026-02-02 22:30:38,007 - INFO - Epoch  32/50 | Train Loss: 0.662735 | Val Loss: 0.604928 | Val Corr: 0.238400 | LR: 5.00e-04
2026-02-02 22:30:40,417 - INFO - Epoch  33/50 | Train Loss: 0.662819 | Val Loss: 0.601571 | Val Corr: 0.238217 | LR: 5.00e-04
2026-02-02 22:30:42,937 - INFO - Epoch  34/50 | Train Loss: 0.661007 | Val Loss: 0.615221 | Val Corr: 0.237516 | LR: 5.00e-04
2026-02-02 22:30:45,426 - INFO - Epoch  35/50 | Train Loss: 0.656912 | Val Loss: 0.583419 | Val Corr: 0.240515 | LR: 5.00e-04
2026-02-02 22:30:47,957 - INFO - Epoch  36/50 | Train Loss: 0.658033 | Val Loss: 0.593065 | Val Corr: 0.238022 | LR: 5.00e-04
2026-02-02 22:30:50,408 - INFO - Epoch  37/50 | Train Loss: 0.653479 | Val Loss: 0.590597 | Val Corr: 0.239965 | LR: 2.50e-04
2026-02-02 22:30:50,409 - INFO - Early stopping at epoch 37
2026-02-02 22:30:50,410 - INFO - ==================================================
2026-02-02 22:30:50,411 - INFO - Training complete! Best validation correlation: 0.241055
2026-02-02 22:30:50,411 - INFO - Saved training history to results/binned_2026-02-02_22-27-29/training_history.json
2026-02-02 22:31:46,128 - INFO - Correlation between predicted and actual per-neuron averages: r=0.9943, p=4.64e-61
2026-02-02 22:31:51,427 - INFO - 
Per-pattern analysis:
2026-02-02 22:31:54,068 - INFO - Pattern selectivity summary:
2026-02-02 22:31:54,069 - INFO -   Mean correlation across neurons: 0.0995
2026-02-02 22:31:54,069 - INFO -   Median correlation: 0.0914
2026-02-02 22:31:54,070 - INFO -   Neurons with r > 0.5: 1 / 63
2026-02-02 22:31:54,070 - INFO -   Neurons with r > 0.3: 7 / 63
2026-02-02 22:31:54,336 - INFO - 
Pattern selectivity summary:
2026-02-02 22:31:54,337 - INFO -   Mean correlation across neurons: 0.0995
2026-02-02 22:31:54,337 - INFO -   Median correlation: 0.0914
2026-02-02 22:31:54,337 - INFO -   Neurons with r > 0.5: 1 / 63
2026-02-02 22:31:54,338 - INFO -   Neurons with r > 0.3: 7 / 63
2026-02-02 22:32:01,148 - INFO - Sample model outputs (first batch):
2026-02-02 22:32:01,149 - INFO - Sample 0 target (neuron 4, all output bins): [0. 0. 0. 0. 0. 0. 0. 1. 0. 0.]
2026-02-02 22:32:01,154 - INFO - Sample 0 model output (neuron 4, all output bins): [-13.806279 -13.918368 -13.899847 -14.131148 -13.861623 -14.033759
 -13.982273 -13.951249 -14.039143 -13.526972]
2026-02-02 22:40:13,056 - INFO - Building stim pattern for pattern_name 4033
2026-02-02 22:40:13,068 - INFO - Building stim pattern for pattern_name 4017
2026-02-02 22:40:13,078 - INFO - Building stim pattern for pattern_name 4028
2026-02-02 22:40:13,090 - INFO - Building stim pattern for pattern_name 2739
2026-02-02 22:40:13,100 - INFO - Building stim pattern for pattern_name 4003
2026-02-02 22:40:13,110 - INFO - Building stim pattern for pattern_name 3514
2026-02-02 22:40:13,121 - INFO - Building stim pattern for pattern_name 91
2026-02-02 22:40:13,134 - INFO - Building stim pattern for pattern_name 617
2026-02-02 22:40:13,143 - INFO - Building stim pattern for pattern_name 3852
2026-02-02 22:40:13,154 - INFO - Building stim pattern for pattern_name 4025
2026-02-02 22:40:13,166 - INFO - Building stim pattern for pattern_name 3219
2026-02-02 22:40:13,175 - INFO - Building stim pattern for pattern_name 3708
2026-02-02 22:40:13,185 - INFO - Building stim pattern for pattern_name 2977
2026-02-02 22:40:13,198 - INFO - Building stim pattern for pattern_name 399
2026-02-02 22:40:13,208 - INFO - Building stim pattern for pattern_name 3495
2026-02-02 22:40:13,217 - INFO - Building stim pattern for pattern_name 535
2026-02-02 22:40:13,229 - INFO - Building stim pattern for pattern_name 522
2026-02-02 22:40:13,239 - INFO - Building stim pattern for pattern_name 3430
2026-02-02 22:40:13,251 - INFO - Building stim pattern for pattern_name 4004
2026-02-02 22:40:13,263 - INFO - Building stim pattern for pattern_name 1001
2026-02-02 22:40:13,275 - INFO - Building stim pattern for pattern_name 244
2026-02-02 22:40:13,289 - INFO - Building stim pattern for pattern_name 1209
2026-02-02 22:40:13,300 - INFO - Building stim pattern for pattern_name 858
2026-02-02 22:40:13,313 - INFO - Building stim pattern for pattern_name 2446
2026-02-02 22:40:13,323 - INFO - Building stim pattern for pattern_name 623
2026-02-02 22:40:13,333 - INFO - Building stim pattern for pattern_name 1578
2026-02-02 22:40:13,347 - INFO - Building stim pattern for pattern_name 1268
2026-02-02 22:40:13,359 - INFO - Building stim pattern for pattern_name 47
2026-02-02 22:40:13,370 - INFO - Building stim pattern for pattern_name 1768
2026-02-02 22:40:13,381 - INFO - Building stim pattern for pattern_name 2971
2026-02-02 22:40:13,392 - INFO - Building stim pattern for pattern_name 3515
2026-02-02 22:40:13,402 - INFO - Building stim pattern for pattern_name 238
2026-02-02 22:40:13,413 - INFO - Building stim pattern for pattern_name 90
2026-02-02 22:40:13,423 - INFO - Building stim pattern for pattern_name 2509
2026-02-02 22:40:13,434 - INFO - Building stim pattern for pattern_name 695
2026-02-02 22:40:13,443 - INFO - Building stim pattern for pattern_name 369
2026-02-02 22:40:13,453 - INFO - Building stim pattern for pattern_name 596
2026-02-02 22:40:13,464 - INFO - Building stim pattern for pattern_name 2055
2026-02-02 22:40:13,473 - INFO - Building stim pattern for pattern_name 4040
2026-02-02 22:40:13,482 - INFO - Building stim pattern for pattern_name 2275
2026-02-02 22:40:13,492 - INFO - Building stim pattern for pattern_name 784
2026-02-02 22:40:13,501 - INFO - Building stim pattern for pattern_name 373
2026-02-02 22:40:13,511 - INFO - Building stim pattern for pattern_name 43
2026-02-02 22:40:13,520 - INFO - Building stim pattern for pattern_name 3162
2026-02-02 22:40:13,536 - INFO - Building stim pattern for pattern_name 3934
2026-02-02 22:40:13,545 - INFO - Building stim pattern for pattern_name 3718
2026-02-02 22:40:13,555 - INFO - Building stim pattern for pattern_name 2046
2026-02-02 22:40:13,564 - INFO - Building stim pattern for pattern_name 3660
2026-02-02 22:40:13,576 - INFO - Building stim pattern for pattern_name 2329
2026-02-02 22:40:13,598 - INFO - Building stim pattern for pattern_name 1278
2026-02-02 22:40:13,608 - INFO - Building stim pattern for pattern_name 3361
2026-02-02 22:40:13,618 - INFO - Building stim pattern for pattern_name 277
2026-02-02 22:40:13,627 - INFO - Building stim pattern for pattern_name 2556
2026-02-02 22:40:13,640 - INFO - Building stim pattern for pattern_name 3010
2026-02-02 22:40:13,735 - INFO - Building stim pattern for pattern_name 4038
2026-02-02 22:40:13,756 - INFO - Building stim pattern for pattern_name 1626
2026-02-02 22:40:13,780 - INFO - Building stim pattern for pattern_name 2212
2026-02-02 22:40:13,792 - INFO - Building stim pattern for pattern_name 2428
2026-02-02 22:40:13,807 - INFO - Building stim pattern for pattern_name 840
2026-02-02 22:40:13,817 - INFO - Building stim pattern for pattern_name 4022
2026-02-02 22:40:13,827 - INFO - Building stim pattern for pattern_name 2597
2026-02-02 22:40:13,837 - INFO - Building stim pattern for pattern_name 2560
2026-02-02 22:40:13,847 - INFO - Building stim pattern for pattern_name 3531
2026-02-02 22:40:13,855 - INFO - Building stim pattern for pattern_name 3288
2026-02-02 22:40:13,864 - INFO - Building stim pattern for pattern_name 3119
2026-02-02 22:40:13,873 - INFO - Building stim pattern for pattern_name 776
2026-02-02 22:40:13,882 - INFO - Building stim pattern for pattern_name 3074
2026-02-02 22:40:13,891 - INFO - Building stim pattern for pattern_name 2100
2026-02-02 22:40:13,899 - INFO - Building stim pattern for pattern_name 449
2026-02-02 22:40:13,909 - INFO - Building stim pattern for pattern_name 716
2026-02-02 22:40:13,918 - INFO - Building stim pattern for pattern_name 4034
2026-02-02 22:40:13,928 - INFO - Building stim pattern for pattern_name 3365
2026-02-02 22:40:13,937 - INFO - Building stim pattern for pattern_name 1181
2026-02-02 22:40:13,947 - INFO - Building stim pattern for pattern_name 4030
2026-02-02 22:40:13,957 - INFO - Building stim pattern for pattern_name 4031
2026-02-02 22:40:13,968 - INFO - Building stim pattern for pattern_name 1296
2026-02-02 22:40:13,979 - INFO - Building stim pattern for pattern_name 814
2026-02-02 22:40:13,989 - INFO - Building stim pattern for pattern_name 4005
2026-02-02 22:40:13,999 - INFO - Building stim pattern for pattern_name 3584
2026-02-02 22:40:14,008 - INFO - Building stim pattern for pattern_name 570
2026-02-02 22:40:14,018 - INFO - Building stim pattern for pattern_name 2649
2026-02-02 22:40:14,026 - INFO - Building stim pattern for pattern_name 962
2026-02-02 22:40:14,035 - INFO - Building stim pattern for pattern_name 4
2026-02-02 22:40:14,044 - INFO - Building stim pattern for pattern_name 2240
2026-02-02 22:40:14,054 - INFO - Building stim pattern for pattern_name 2929
2026-02-02 22:40:14,063 - INFO - Building stim pattern for pattern_name 345
2026-02-02 22:40:14,073 - INFO - Building stim pattern for pattern_name 3545
2026-02-02 22:40:14,082 - INFO - Building stim pattern for pattern_name 1590
2026-02-02 22:40:14,092 - INFO - Building stim pattern for pattern_name 3243
2026-02-02 22:40:14,103 - INFO - Building stim pattern for pattern_name 3251
2026-02-02 22:40:14,114 - INFO - Building stim pattern for pattern_name 1261
2026-02-02 22:40:14,124 - INFO - Building stim pattern for pattern_name 3792
2026-02-02 22:40:14,137 - INFO - Building stim pattern for pattern_name 4010
2026-02-02 22:40:14,148 - INFO - Building stim pattern for pattern_name 3475
2026-02-02 22:40:14,159 - INFO - Building stim pattern for pattern_name 1583
2026-02-02 22:40:14,168 - INFO - Building stim pattern for pattern_name 2987
2026-02-02 22:40:14,187 - INFO - Building stim pattern for pattern_name 1373
2026-02-02 22:40:14,197 - INFO - Building stim pattern for pattern_name 670
2026-02-02 22:40:14,207 - INFO - Building stim pattern for pattern_name 2630
2026-02-02 22:40:14,217 - INFO - Building stim pattern for pattern_name 566
2026-02-02 22:40:14,227 - INFO - Building stim pattern for pattern_name 1389
2026-02-02 22:40:14,242 - INFO - Building stim pattern for pattern_name 2721
2026-02-02 22:40:14,252 - INFO - Building stim pattern for pattern_name 2260
2026-02-02 22:40:14,262 - INFO - Building stim pattern for pattern_name 2022
2026-02-02 22:40:14,271 - INFO - Building stim pattern for pattern_name 4039
2026-02-02 22:40:14,281 - INFO - Building stim pattern for pattern_name 1930
2026-02-02 22:40:14,290 - INFO - Building stim pattern for pattern_name 738
2026-02-02 22:40:14,300 - INFO - Building stim pattern for pattern_name 2002
2026-02-02 22:40:14,309 - INFO - Building stim pattern for pattern_name 3454
2026-02-02 22:40:14,319 - INFO - Building stim pattern for pattern_name 408
2026-02-02 22:40:14,329 - INFO - Building stim pattern for pattern_name 4002
2026-02-02 22:40:14,344 - INFO - Building stim pattern for pattern_name 227
2026-02-02 22:40:14,353 - INFO - Building stim pattern for pattern_name 3404
2026-02-02 22:40:14,364 - INFO - Building stim pattern for pattern_name 10
2026-02-02 22:40:14,375 - INFO - Building stim pattern for pattern_name 2714
2026-02-02 22:40:14,385 - INFO - Building stim pattern for pattern_name 4026
2026-02-02 22:40:14,398 - INFO - Building stim pattern for pattern_name 3755
2026-02-02 22:40:14,409 - INFO - Building stim pattern for pattern_name 1052
2026-02-02 22:40:14,429 - INFO - Building stim pattern for pattern_name 258
2026-02-02 22:40:14,442 - INFO - Building stim pattern for pattern_name 576
2026-02-02 22:40:14,454 - INFO - Building stim pattern for pattern_name 1895
2026-02-02 22:40:14,464 - INFO - Building stim pattern for pattern_name 1455
2026-02-02 22:40:14,474 - INFO - Building stim pattern for pattern_name 1439
2026-02-02 22:40:14,485 - INFO - Building stim pattern for pattern_name 2933
2026-02-02 22:40:14,496 - INFO - Building stim pattern for pattern_name 1325
2026-02-02 22:40:14,507 - INFO - Building stim pattern for pattern_name 3610
2026-02-02 22:40:14,518 - INFO - Building stim pattern for pattern_name 3601
2026-02-02 22:40:14,530 - INFO - Building stim pattern for pattern_name 3022
2026-02-02 22:40:14,539 - INFO - Building stim pattern for pattern_name 1312
2026-02-02 22:40:14,549 - INFO - Building stim pattern for pattern_name 1654
2026-02-02 22:40:14,562 - INFO - Building stim pattern for pattern_name 2031
2026-02-02 22:40:14,572 - INFO - Building stim pattern for pattern_name 1564
2026-02-02 22:40:14,588 - INFO - Building stim pattern for pattern_name 3398
2026-02-02 22:40:14,599 - INFO - Building stim pattern for pattern_name 4047
2026-02-02 22:40:14,609 - INFO - Building stim pattern for pattern_name 4036
2026-02-02 22:40:14,618 - INFO - Building stim pattern for pattern_name 727
2026-02-02 22:40:14,629 - INFO - Building stim pattern for pattern_name 263
2026-02-02 22:40:14,639 - INFO - Building stim pattern for pattern_name 2402
2026-02-02 22:40:14,649 - INFO - Building stim pattern for pattern_name 4020
2026-02-02 22:40:14,659 - INFO - Building stim pattern for pattern_name 4049
2026-02-02 22:40:14,669 - INFO - Building stim pattern for pattern_name 4029
2026-02-02 22:40:14,679 - INFO - Building stim pattern for pattern_name 3641
2026-02-02 22:40:14,690 - INFO - Building stim pattern for pattern_name 501
2026-02-02 22:40:14,702 - INFO - Building stim pattern for pattern_name 3574
2026-02-02 22:40:14,712 - INFO - Building stim pattern for pattern_name 2214
2026-02-02 22:40:14,724 - INFO - Building stim pattern for pattern_name 543
2026-02-02 22:40:14,734 - INFO - Building stim pattern for pattern_name 4044
2026-02-02 22:40:14,745 - INFO - Building stim pattern for pattern_name 2058
2026-02-02 22:40:14,756 - INFO - Building stim pattern for pattern_name 4012
2026-02-02 22:40:14,766 - INFO - Building stim pattern for pattern_name 1565
2026-02-02 22:40:14,776 - INFO - Building stim pattern for pattern_name 3892
2026-02-02 22:40:14,786 - INFO - Building stim pattern for pattern_name 2481
2026-02-02 22:40:14,797 - INFO - Building stim pattern for pattern_name 334
2026-02-02 22:40:14,809 - INFO - Building stim pattern for pattern_name 2102
2026-02-02 22:40:14,819 - INFO - Building stim pattern for pattern_name 3316
2026-02-02 22:40:14,835 - INFO - Building stim pattern for pattern_name 4037
2026-02-02 22:40:14,846 - INFO - Building stim pattern for pattern_name 1577
2026-02-02 22:40:14,855 - INFO - Building stim pattern for pattern_name 4045
2026-02-02 22:40:14,866 - INFO - Building stim pattern for pattern_name 394
2026-02-02 22:40:14,875 - INFO - Building stim pattern for pattern_name 1252
2026-02-02 22:40:14,884 - INFO - Building stim pattern for pattern_name 870
2026-02-02 22:40:14,899 - INFO - Building stim pattern for pattern_name 1892
2026-02-02 22:40:14,909 - INFO - Building stim pattern for pattern_name 1727
2026-02-02 22:40:14,920 - INFO - Building stim pattern for pattern_name 175
2026-02-02 22:40:14,937 - INFO - Building stim pattern for pattern_name 285
2026-02-02 22:40:14,947 - INFO - Building stim pattern for pattern_name 560
2026-02-02 22:40:14,956 - INFO - Building stim pattern for pattern_name 2111
2026-02-02 22:40:14,966 - INFO - Building stim pattern for pattern_name 3690
2026-02-02 22:40:14,976 - INFO - Building stim pattern for pattern_name 2901
2026-02-02 22:40:14,986 - INFO - Building stim pattern for pattern_name 77
2026-02-02 22:40:14,997 - INFO - Building stim pattern for pattern_name 3692
2026-02-02 22:40:15,008 - INFO - Building stim pattern for pattern_name 3193
2026-02-02 22:40:15,017 - INFO - Building stim pattern for pattern_name 896
2026-02-02 22:40:15,027 - INFO - Building stim pattern for pattern_name 2138
2026-02-02 22:40:15,036 - INFO - Building stim pattern for pattern_name 1822
2026-02-02 22:40:15,046 - INFO - Building stim pattern for pattern_name 2381
2026-02-02 22:40:15,055 - INFO - Building stim pattern for pattern_name 2717
2026-02-02 22:40:15,065 - INFO - Building stim pattern for pattern_name 4014
2026-02-02 22:40:15,077 - INFO - Building stim pattern for pattern_name 481
2026-02-02 22:40:15,093 - INFO - Building stim pattern for pattern_name 2091
2026-02-02 22:40:15,105 - INFO - Building stim pattern for pattern_name 2664
2026-02-02 22:40:15,117 - INFO - Building stim pattern for pattern_name 3013
2026-02-02 22:40:15,128 - INFO - Building stim pattern for pattern_name 463
2026-02-02 22:40:15,138 - INFO - Building stim pattern for pattern_name 707
2026-02-02 22:40:15,149 - INFO - Building stim pattern for pattern_name 3307
2026-02-02 22:40:15,159 - INFO - Building stim pattern for pattern_name 4015
2026-02-02 22:40:15,177 - INFO - Building stim pattern for pattern_name 3803
2026-02-02 22:40:15,196 - INFO - Building stim pattern for pattern_name 4023
2026-02-02 22:40:15,205 - INFO - Building stim pattern for pattern_name 2383
2026-02-02 22:40:15,215 - INFO - Building stim pattern for pattern_name 3612
2026-02-02 22:40:15,232 - INFO - Building stim pattern for pattern_name 1697
2026-02-02 22:40:15,242 - INFO - Building stim pattern for pattern_name 3728
2026-02-02 22:40:15,252 - INFO - Building stim pattern for pattern_name 4048
2026-02-02 22:40:15,262 - INFO - Building stim pattern for pattern_name 3467
2026-02-02 22:40:15,272 - INFO - Building stim pattern for pattern_name 1574
2026-02-02 22:40:15,282 - INFO - Building stim pattern for pattern_name 862
2026-02-02 22:40:15,291 - INFO - Building stim pattern for pattern_name 3815
2026-02-02 22:40:15,302 - INFO - Building stim pattern for pattern_name 1971
2026-02-02 22:40:15,312 - INFO - Building stim pattern for pattern_name 2552
2026-02-02 22:40:15,322 - INFO - Building stim pattern for pattern_name 1106
2026-02-02 22:40:15,333 - INFO - Building stim pattern for pattern_name 4011
2026-02-02 22:40:15,343 - INFO - Building stim pattern for pattern_name 1169
2026-02-02 22:40:15,352 - INFO - Building stim pattern for pattern_name 2064
2026-02-02 22:40:15,364 - INFO - Building stim pattern for pattern_name 842
2026-02-02 22:40:15,374 - INFO - Building stim pattern for pattern_name 1291
2026-02-02 22:40:15,383 - INFO - Building stim pattern for pattern_name 1010
2026-02-02 22:40:15,391 - INFO - Building stim pattern for pattern_name 2060
2026-02-02 22:40:15,407 - INFO - Building stim pattern for pattern_name 446
2026-02-02 22:40:15,416 - INFO - Building stim pattern for pattern_name 2079
2026-02-02 22:40:15,427 - INFO - Building stim pattern for pattern_name 1757
2026-02-02 22:40:15,437 - INFO - Building stim pattern for pattern_name 2970
2026-02-02 22:40:15,449 - INFO - Building stim pattern for pattern_name 2644
2026-02-02 22:40:15,460 - INFO - Building stim pattern for pattern_name 3990
2026-02-02 22:40:15,470 - INFO - Building stim pattern for pattern_name 3640
2026-02-02 22:40:15,480 - INFO - Building stim pattern for pattern_name 1082
2026-02-02 22:40:15,489 - INFO - Building stim pattern for pattern_name 2042
2026-02-02 22:40:15,498 - INFO - Building stim pattern for pattern_name 95
2026-02-02 22:40:15,508 - INFO - Building stim pattern for pattern_name 2950
2026-02-02 22:40:15,518 - INFO - Building stim pattern for pattern_name 426
2026-02-02 22:40:15,528 - INFO - Building stim pattern for pattern_name 1850
2026-02-02 22:40:15,538 - INFO - Building stim pattern for pattern_name 75
2026-02-02 22:40:15,548 - INFO - Building stim pattern for pattern_name 2924
2026-02-02 22:40:15,563 - INFO - Building stim pattern for pattern_name 2441
2026-02-02 22:40:15,573 - INFO - Building stim pattern for pattern_name 3549
2026-02-02 22:40:15,584 - INFO - Building stim pattern for pattern_name 2675
2026-02-02 22:40:15,600 - INFO - Building stim pattern for pattern_name 2725
2026-02-02 22:40:15,610 - INFO - Building stim pattern for pattern_name 1870
2026-02-02 22:40:15,620 - INFO - Building stim pattern for pattern_name 2451
2026-02-02 22:40:15,631 - INFO - Building stim pattern for pattern_name 3724
2026-02-02 22:40:15,642 - INFO - Building stim pattern for pattern_name 3249
2026-02-02 22:40:15,652 - INFO - Building stim pattern for pattern_name 3699
2026-02-02 22:40:15,664 - INFO - Building stim pattern for pattern_name 3552
2026-02-02 22:40:15,678 - INFO - Building stim pattern for pattern_name 4019
2026-02-02 22:40:15,688 - INFO - Building stim pattern for pattern_name 3991
2026-02-02 22:40:15,702 - INFO - Building stim pattern for pattern_name 947
2026-02-02 22:40:15,713 - INFO - Building stim pattern for pattern_name 3400
2026-02-02 22:40:15,722 - INFO - Building stim pattern for pattern_name 1872
2026-02-02 22:40:15,732 - INFO - Building stim pattern for pattern_name 2998
2026-02-02 22:40:15,742 - INFO - Building stim pattern for pattern_name 279
2026-02-02 22:40:15,751 - INFO - Building stim pattern for pattern_name 2713
2026-02-02 22:40:15,761 - INFO - Building stim pattern for pattern_name 3671
2026-02-02 22:40:15,771 - INFO - Building stim pattern for pattern_name 2049
2026-02-02 22:40:15,786 - INFO - Building stim pattern for pattern_name 3492
2026-02-02 22:40:15,796 - INFO - Building stim pattern for pattern_name 3191
2026-02-02 22:40:15,807 - INFO - Building stim pattern for pattern_name 1320
2026-02-02 22:40:15,824 - INFO - Building stim pattern for pattern_name 1107
2026-02-02 22:40:15,838 - INFO - Building stim pattern for pattern_name 1467
2026-02-02 22:40:15,849 - INFO - Building stim pattern for pattern_name 242
2026-02-02 22:40:15,863 - INFO - Building stim pattern for pattern_name 159
2026-02-02 22:40:15,873 - INFO - Building stim pattern for pattern_name 3747
2026-02-02 22:40:15,886 - INFO - Building stim pattern for pattern_name 951
2026-02-02 22:40:15,897 - INFO - Building stim pattern for pattern_name 4050
2026-02-02 22:40:15,907 - INFO - Building stim pattern for pattern_name 2008
2026-02-02 22:40:15,917 - INFO - Building stim pattern for pattern_name 956
2026-02-02 22:40:15,926 - INFO - Building stim pattern for pattern_name 3761
2026-02-02 22:40:15,935 - INFO - Building stim pattern for pattern_name 1473
2026-02-02 22:40:15,945 - INFO - Building stim pattern for pattern_name 2087
2026-02-02 22:40:15,956 - INFO - Building stim pattern for pattern_name 1154
2026-02-02 22:40:15,966 - INFO - Building stim pattern for pattern_name 2730
2026-02-02 22:40:15,975 - INFO - Building stim pattern for pattern_name 2718
2026-02-02 22:40:15,985 - INFO - Building stim pattern for pattern_name 218
2026-02-02 22:40:15,993 - INFO - Building stim pattern for pattern_name 4018
2026-02-02 22:40:16,003 - INFO - Building stim pattern for pattern_name 2301
2026-02-02 22:40:16,012 - INFO - Building stim pattern for pattern_name 3763
2026-02-02 22:40:16,023 - INFO - Building stim pattern for pattern_name 1623
2026-02-02 22:40:16,037 - INFO - Building stim pattern for pattern_name 3285
2026-02-02 22:40:16,047 - INFO - Building stim pattern for pattern_name 953
2026-02-02 22:40:16,058 - INFO - Building stim pattern for pattern_name 1075
2026-02-02 22:40:16,069 - INFO - Building stim pattern for pattern_name 143
2026-02-02 22:40:16,079 - INFO - Building stim pattern for pattern_name 250
2026-02-02 22:40:16,091 - INFO - Building stim pattern for pattern_name 1644
2026-02-02 22:40:16,106 - INFO - Building stim pattern for pattern_name 2740
2026-02-02 22:40:16,118 - INFO - Building stim pattern for pattern_name 1048
2026-02-02 22:40:16,129 - INFO - Building stim pattern for pattern_name 3084
2026-02-02 22:40:16,146 - INFO - Building stim pattern for pattern_name 3717
2026-02-02 22:40:16,157 - INFO - Building stim pattern for pattern_name 2184
2026-02-02 22:40:16,167 - INFO - Building stim pattern for pattern_name 128
2026-02-02 22:40:16,175 - INFO - Building stim pattern for pattern_name 965
2026-02-02 22:40:16,186 - INFO - Building stim pattern for pattern_name 3493
2026-02-02 22:40:16,199 - INFO - Building stim pattern for pattern_name 1234
2026-02-02 22:40:16,210 - INFO - Building stim pattern for pattern_name 3247
2026-02-02 22:40:16,227 - INFO - Building stim pattern for pattern_name 4001
2026-02-02 22:40:16,236 - INFO - Building stim pattern for pattern_name 2430
2026-02-02 22:40:16,246 - INFO - Building stim pattern for pattern_name 3266
2026-02-02 22:40:16,256 - INFO - Building stim pattern for pattern_name 1227
2026-02-02 22:40:16,266 - INFO - Building stim pattern for pattern_name 2495
2026-02-02 22:40:16,276 - INFO - Building stim pattern for pattern_name 3507
2026-02-02 22:40:16,287 - INFO - Building stim pattern for pattern_name 181
2026-02-02 22:40:16,301 - INFO - Building stim pattern for pattern_name 1036
2026-02-02 22:40:16,312 - INFO - Building stim pattern for pattern_name 922
2026-02-02 22:40:16,327 - INFO - Building stim pattern for pattern_name 3226
2026-02-02 22:40:16,337 - INFO - Building stim pattern for pattern_name 100
2026-02-02 22:40:16,346 - INFO - Building stim pattern for pattern_name 1211
2026-02-02 22:40:16,355 - INFO - Building stim pattern for pattern_name 440
2026-02-02 22:40:16,366 - INFO - Building stim pattern for pattern_name 2073
2026-02-02 22:40:16,376 - INFO - Building stim pattern for pattern_name 4032
2026-02-02 22:40:16,387 - INFO - Building stim pattern for pattern_name 3500
2026-02-02 22:40:16,397 - INFO - Building stim pattern for pattern_name 3644
2026-02-02 22:40:16,408 - INFO - Building stim pattern for pattern_name 3916
2026-02-02 22:40:16,418 - INFO - Building stim pattern for pattern_name 1394
2026-02-02 22:40:16,428 - INFO - Building stim pattern for pattern_name 483
2026-02-02 22:40:16,438 - INFO - Building stim pattern for pattern_name 4021
2026-02-02 22:40:16,447 - INFO - Building stim pattern for pattern_name 3
2026-02-02 22:40:16,459 - INFO - Building stim pattern for pattern_name 213
2026-02-02 22:40:16,469 - INFO - Building stim pattern for pattern_name 251
2026-02-02 22:40:16,478 - INFO - Building stim pattern for pattern_name 1120
2026-02-02 22:40:16,489 - INFO - Building stim pattern for pattern_name 1975
2026-02-02 22:40:16,498 - INFO - Building stim pattern for pattern_name 1508
2026-02-02 22:40:16,508 - INFO - Building stim pattern for pattern_name 4046
2026-02-02 22:40:16,518 - INFO - Building stim pattern for pattern_name 3344
2026-02-02 22:40:16,528 - INFO - Building stim pattern for pattern_name 750
2026-02-02 22:40:16,538 - INFO - Building stim pattern for pattern_name 3446
2026-02-02 22:40:16,547 - INFO - Building stim pattern for pattern_name 4006
2026-02-02 22:40:16,556 - INFO - Building stim pattern for pattern_name 2695
2026-02-02 22:40:16,566 - INFO - Building stim pattern for pattern_name 3354
2026-02-02 22:40:16,576 - INFO - Building stim pattern for pattern_name 1520
2026-02-02 22:40:16,586 - INFO - Building stim pattern for pattern_name 1826
2026-02-02 22:40:16,596 - INFO - Building stim pattern for pattern_name 2940
2026-02-02 22:40:16,605 - INFO - Building stim pattern for pattern_name 2122
2026-02-02 22:40:16,616 - INFO - Building stim pattern for pattern_name 881
2026-02-02 22:40:16,624 - INFO - Building stim pattern for pattern_name 3672
2026-02-02 22:40:16,635 - INFO - Building stim pattern for pattern_name 992
2026-02-02 22:40:16,646 - INFO - Building stim pattern for pattern_name 2321
2026-02-02 22:40:16,664 - INFO - Building stim pattern for pattern_name 2616
2026-02-02 22:40:16,676 - INFO - Building stim pattern for pattern_name 262
2026-02-02 22:40:16,686 - INFO - Building stim pattern for pattern_name 1469
2026-02-02 22:40:16,697 - INFO - Building stim pattern for pattern_name 2457
2026-02-02 22:40:16,712 - INFO - Building stim pattern for pattern_name 4013
2026-02-02 22:40:16,722 - INFO - Building stim pattern for pattern_name 2163
2026-02-02 22:40:16,732 - INFO - Building stim pattern for pattern_name 1813
2026-02-02 22:40:16,742 - INFO - Building stim pattern for pattern_name 1774
2026-02-02 22:40:16,753 - INFO - Building stim pattern for pattern_name 1958
2026-02-02 22:40:16,764 - INFO - Building stim pattern for pattern_name 1381
2026-02-02 22:40:16,773 - INFO - Building stim pattern for pattern_name 686
2026-02-02 22:40:16,783 - INFO - Building stim pattern for pattern_name 1858
2026-02-02 22:40:16,793 - INFO - Building stim pattern for pattern_name 3453
2026-02-02 22:40:16,804 - INFO - Building stim pattern for pattern_name 3733
2026-02-02 22:40:16,817 - INFO - Building stim pattern for pattern_name 556
2026-02-02 22:40:16,828 - INFO - Building stim pattern for pattern_name 1994
2026-02-02 22:40:16,839 - INFO - Building stim pattern for pattern_name 2524
2026-02-02 22:40:16,855 - INFO - Building stim pattern for pattern_name 557
2026-02-02 22:40:16,868 - INFO - Building stim pattern for pattern_name 1558
2026-02-02 22:40:16,884 - INFO - Building stim pattern for pattern_name 60
2026-02-02 22:40:16,895 - INFO - Building stim pattern for pattern_name 2622
2026-02-02 22:40:16,906 - INFO - Building stim pattern for pattern_name 1390
2026-02-02 22:40:16,916 - INFO - Building stim pattern for pattern_name 1571
2026-02-02 22:40:16,926 - INFO - Building stim pattern for pattern_name 3504
2026-02-02 22:40:16,938 - INFO - Building stim pattern for pattern_name 495
2026-02-02 22:40:16,949 - INFO - Building stim pattern for pattern_name 2783
2026-02-02 22:40:16,959 - INFO - Building stim pattern for pattern_name 3214
2026-02-02 22:40:16,971 - INFO - Building stim pattern for pattern_name 952
2026-02-02 22:40:16,983 - INFO - Building stim pattern for pattern_name 3294
2026-02-02 22:40:16,994 - INFO - Building stim pattern for pattern_name 660
2026-02-02 22:40:17,007 - INFO - Building stim pattern for pattern_name 946
2026-02-02 22:40:17,017 - INFO - Building stim pattern for pattern_name 2420
2026-02-02 22:40:17,027 - INFO - Building stim pattern for pattern_name 4027
2026-02-02 22:40:17,037 - INFO - Building stim pattern for pattern_name 1995
2026-02-02 22:40:17,053 - INFO - Building stim pattern for pattern_name 1279
2026-02-02 22:40:17,063 - INFO - Building stim pattern for pattern_name 2700
2026-02-02 22:40:17,073 - INFO - Building stim pattern for pattern_name 1475
2026-02-02 22:40:17,084 - INFO - Building stim pattern for pattern_name 869
2026-02-02 22:40:17,093 - INFO - Building stim pattern for pattern_name 2167
2026-02-02 22:40:17,113 - INFO - Building stim pattern for pattern_name 577
2026-02-02 22:40:17,123 - INFO - Building stim pattern for pattern_name 4016
2026-02-02 22:40:17,134 - INFO - Building stim pattern for pattern_name 2799
2026-02-02 22:40:17,144 - INFO - Building stim pattern for pattern_name 3782
2026-02-02 22:40:17,155 - INFO - Building stim pattern for pattern_name 1906
2026-02-02 22:40:17,166 - INFO - Building stim pattern for pattern_name 865
2026-02-02 22:40:17,185 - INFO - Building stim pattern for pattern_name 1899
2026-02-02 22:40:17,239 - INFO - Building stim pattern for pattern_name 350
2026-02-02 22:40:17,271 - INFO - Building stim pattern for pattern_name 3349
2026-02-02 22:40:17,302 - INFO - Building stim pattern for pattern_name 3253
2026-02-02 22:40:17,314 - INFO - Building stim pattern for pattern_name 3470
2026-02-02 22:40:17,325 - INFO - Building stim pattern for pattern_name 3292
2026-02-02 22:40:17,335 - INFO - Building stim pattern for pattern_name 3817
2026-02-02 22:40:17,347 - INFO - Building stim pattern for pattern_name 192
2026-02-02 22:40:17,358 - INFO - Building stim pattern for pattern_name 900
2026-02-02 22:40:17,369 - INFO - Building stim pattern for pattern_name 294
2026-02-02 22:40:17,379 - INFO - Building stim pattern for pattern_name 161
2026-02-02 22:40:17,400 - INFO - Building stim pattern for pattern_name 2539
2026-02-02 22:40:17,410 - INFO - Building stim pattern for pattern_name 1854
2026-02-02 22:40:17,419 - INFO - Building stim pattern for pattern_name 3469
2026-02-02 22:40:17,429 - INFO - Building stim pattern for pattern_name 2053
2026-02-02 22:40:17,439 - INFO - Building stim pattern for pattern_name 3100
2026-02-02 22:40:17,458 - INFO - Building stim pattern for pattern_name 967
2026-02-02 22:40:17,469 - INFO - Building stim pattern for pattern_name 3840
2026-02-02 22:40:17,480 - INFO - Building stim pattern for pattern_name 2020
2026-02-02 22:40:17,489 - INFO - Building stim pattern for pattern_name 3423
2026-02-02 22:40:17,499 - INFO - Building stim pattern for pattern_name 141
2026-02-02 22:40:17,509 - INFO - Building stim pattern for pattern_name 3861
2026-02-02 22:40:17,520 - INFO - Building stim pattern for pattern_name 584
2026-02-02 22:40:17,530 - INFO - Building stim pattern for pattern_name 969
2026-02-02 22:40:17,543 - INFO - Building stim pattern for pattern_name 3582
2026-02-02 22:40:17,552 - INFO - Building stim pattern for pattern_name 3050
2026-02-02 22:40:17,562 - INFO - Building stim pattern for pattern_name 439
2026-02-02 22:40:17,573 - INFO - Building stim pattern for pattern_name 3742
2026-02-02 22:40:17,584 - INFO - Building stim pattern for pattern_name 3036
2026-02-02 22:40:17,599 - INFO - Building stim pattern for pattern_name 2346
2026-02-02 22:40:17,615 - INFO - Building stim pattern for pattern_name 3713
2026-02-02 22:40:17,631 - INFO - Building stim pattern for pattern_name 2185
2026-02-02 22:40:17,642 - INFO - Building stim pattern for pattern_name 3794
2026-02-02 22:40:17,653 - INFO - Building stim pattern for pattern_name 1458
2026-02-02 22:40:17,664 - INFO - Building stim pattern for pattern_name 3301
2026-02-02 22:40:17,673 - INFO - Building stim pattern for pattern_name 1421
2026-02-02 22:40:17,682 - INFO - Building stim pattern for pattern_name 2047
2026-02-02 22:40:17,692 - INFO - Building stim pattern for pattern_name 1666
2026-02-02 22:40:17,702 - INFO - Building stim pattern for pattern_name 852
2026-02-02 22:40:17,715 - INFO - Building stim pattern for pattern_name 461
2026-02-02 22:40:17,724 - INFO - Building stim pattern for pattern_name 2964
2026-02-02 22:40:17,734 - INFO - Building stim pattern for pattern_name 3723
2026-02-02 22:40:17,746 - INFO - Building stim pattern for pattern_name 2045
2026-02-02 22:40:17,757 - INFO - Building stim pattern for pattern_name 3663
2026-02-02 22:40:17,769 - INFO - Building stim pattern for pattern_name 1694
2026-02-02 22:40:17,784 - INFO - Building stim pattern for pattern_name 3772
2026-02-02 22:40:17,796 - INFO - Building stim pattern for pattern_name 593
2026-02-02 22:40:17,815 - INFO - Building stim pattern for pattern_name 2256
2026-02-02 22:40:17,825 - INFO - Building stim pattern for pattern_name 2750
2026-02-02 22:40:17,845 - INFO - Building stim pattern for pattern_name 3007
2026-02-02 22:40:17,854 - INFO - Building stim pattern for pattern_name 1875
2026-02-02 22:40:17,865 - INFO - Building stim pattern for pattern_name 2231
2026-02-02 22:40:17,875 - INFO - Building stim pattern for pattern_name 310
2026-02-02 22:40:17,884 - INFO - Building stim pattern for pattern_name 1939
2026-02-02 22:40:17,894 - INFO - Building stim pattern for pattern_name 1037
2026-02-02 22:40:17,905 - INFO - Building stim pattern for pattern_name 3302
2026-02-02 22:40:17,916 - INFO - Building stim pattern for pattern_name 3597
2026-02-02 22:40:17,925 - INFO - Building stim pattern for pattern_name 2225
2026-02-02 22:40:17,941 - INFO - Building stim pattern for pattern_name 4043
2026-02-02 22:40:17,951 - INFO - Building stim pattern for pattern_name 3413
2026-02-02 22:40:17,971 - INFO - Building stim pattern for pattern_name 2592
2026-02-02 22:40:17,980 - INFO - Building stim pattern for pattern_name 3888
2026-02-02 22:40:17,989 - INFO - Building stim pattern for pattern_name 3853
2026-02-02 22:40:18,004 - INFO - Building stim pattern for pattern_name 2804
2026-02-02 22:40:18,015 - INFO - Building stim pattern for pattern_name 1599
2026-02-02 22:40:18,027 - INFO - Building stim pattern for pattern_name 2263
2026-02-02 22:40:18,038 - INFO - Building stim pattern for pattern_name 1979
2026-02-02 22:40:18,048 - INFO - Building stim pattern for pattern_name 2093
2026-02-02 22:40:18,058 - INFO - Building stim pattern for pattern_name 3460
2026-02-02 22:40:18,075 - INFO - Building stim pattern for pattern_name 3778
2026-02-02 22:40:18,087 - INFO - Building stim pattern for pattern_name 123
2026-02-02 22:40:18,099 - INFO - Building stim pattern for pattern_name 1685
2026-02-02 22:40:18,109 - INFO - Building stim pattern for pattern_name 3231
2026-02-02 22:40:18,119 - INFO - Building stim pattern for pattern_name 3317
2026-02-02 22:40:18,129 - INFO - Building stim pattern for pattern_name 950
2026-02-02 22:40:18,138 - INFO - Building stim pattern for pattern_name 1737
2026-02-02 22:40:18,147 - INFO - Building stim pattern for pattern_name 4041
2026-02-02 22:40:18,157 - INFO - Building stim pattern for pattern_name 796
2026-02-02 22:40:18,173 - INFO - Building stim pattern for pattern_name 768
2026-02-02 22:40:18,185 - INFO - Building stim pattern for pattern_name 2821
2026-02-02 22:40:18,197 - INFO - Building stim pattern for pattern_name 465
2026-02-02 22:40:18,207 - INFO - Building stim pattern for pattern_name 2922
2026-02-02 22:40:18,218 - INFO - Building stim pattern for pattern_name 32
2026-02-02 22:40:18,227 - INFO - Building stim pattern for pattern_name 3359
2026-02-02 22:40:18,238 - INFO - Building stim pattern for pattern_name 3658
2026-02-02 22:40:18,249 - INFO - Building stim pattern for pattern_name 2143
2026-02-02 22:40:18,260 - INFO - Building stim pattern for pattern_name 3267
2026-02-02 22:40:18,271 - INFO - Building stim pattern for pattern_name 1533
2026-02-02 22:40:18,282 - INFO - Building stim pattern for pattern_name 544
2026-02-02 22:40:18,292 - INFO - Building stim pattern for pattern_name 3686
2026-02-02 22:40:18,302 - INFO - Building stim pattern for pattern_name 3557
2026-02-02 22:40:18,313 - INFO - Building stim pattern for pattern_name 2328
2026-02-02 22:40:18,331 - INFO - Building stim pattern for pattern_name 2626
2026-02-02 22:40:18,341 - INFO - Building stim pattern for pattern_name 2425
2026-02-02 22:40:18,359 - INFO - Building stim pattern for pattern_name 3622
2026-02-02 22:40:18,369 - INFO - Building stim pattern for pattern_name 1977
2026-02-02 22:40:18,380 - INFO - Building stim pattern for pattern_name 3830
2026-02-02 22:40:18,390 - INFO - Building stim pattern for pattern_name 392
2026-02-02 22:40:18,399 - INFO - Building stim pattern for pattern_name 4008
2026-02-02 22:40:18,410 - INFO - Building stim pattern for pattern_name 790
2026-02-02 22:40:18,428 - INFO - Building stim pattern for pattern_name 1985
2026-02-02 22:40:18,438 - INFO - Building stim pattern for pattern_name 2311
2026-02-02 22:40:18,453 - INFO - Building stim pattern for pattern_name 2427
2026-02-02 22:40:18,464 - INFO - Building stim pattern for pattern_name 3419
2026-02-02 22:40:18,475 - INFO - Building stim pattern for pattern_name 3412
2026-02-02 22:40:18,484 - INFO - Building stim pattern for pattern_name 1897
2026-02-02 22:40:18,493 - INFO - Building stim pattern for pattern_name 910
2026-02-02 22:40:18,502 - INFO - Building stim pattern for pattern_name 702
2026-02-02 22:40:18,513 - INFO - Building stim pattern for pattern_name 551
2026-02-02 22:40:18,524 - INFO - Building stim pattern for pattern_name 3025
2026-02-02 22:40:18,541 - INFO - Building stim pattern for pattern_name 1867
2026-02-02 22:40:18,551 - INFO - Building stim pattern for pattern_name 2745
2026-02-02 22:40:18,561 - INFO - Building stim pattern for pattern_name 1839
2026-02-02 22:40:18,571 - INFO - Building stim pattern for pattern_name 3263
2026-02-02 22:40:18,581 - INFO - Building stim pattern for pattern_name 1099
2026-02-02 22:40:18,591 - INFO - Building stim pattern for pattern_name 2802
2026-02-02 22:40:18,600 - INFO - Building stim pattern for pattern_name 4007
2026-02-02 22:40:18,611 - INFO - Building stim pattern for pattern_name 1947
2026-02-02 22:40:18,622 - INFO - Building stim pattern for pattern_name 2747
2026-02-02 22:40:18,640 - INFO - Building stim pattern for pattern_name 148
2026-02-02 22:40:18,652 - INFO - Building stim pattern for pattern_name 106
2026-02-02 22:40:18,668 - INFO - Building stim pattern for pattern_name 3953
2026-02-02 22:40:18,679 - INFO - Building stim pattern for pattern_name 1562
2026-02-02 22:40:18,697 - INFO - Building stim pattern for pattern_name 4042
2026-02-02 22:40:18,731 - INFO - Building stim pattern for pattern_name 963
2026-02-02 22:40:18,744 - INFO - Building stim pattern for pattern_name 174
2026-02-02 22:40:18,755 - INFO - Building stim pattern for pattern_name 1116
2026-02-02 22:40:18,766 - INFO - Building stim pattern for pattern_name 253
2026-02-02 22:40:18,777 - INFO - Building stim pattern for pattern_name 3767
2026-02-02 22:40:18,788 - INFO - Building stim pattern for pattern_name 302
2026-02-02 22:40:18,798 - INFO - Building stim pattern for pattern_name 2480
2026-02-02 22:40:18,808 - INFO - Building stim pattern for pattern_name 2069
2026-02-02 22:40:18,820 - INFO - Building stim pattern for pattern_name 1419
2026-02-02 22:40:18,831 - INFO - Building stim pattern for pattern_name 2520
2026-02-02 22:40:18,842 - INFO - Building stim pattern for pattern_name 2254
2026-02-02 22:40:18,852 - INFO - Building stim pattern for pattern_name 2152
2026-02-02 22:40:18,862 - INFO - Building stim pattern for pattern_name 1153
2026-02-02 22:40:18,872 - INFO - Building stim pattern for pattern_name 2331
2026-02-02 22:40:18,888 - INFO - Building stim pattern for pattern_name 1428
2026-02-02 22:40:18,898 - INFO - Building stim pattern for pattern_name 2424
2026-02-02 22:40:18,909 - INFO - Building stim pattern for pattern_name 2526
2026-02-02 22:40:18,923 - INFO - Building stim pattern for pattern_name 3031
2026-02-02 22:40:18,935 - INFO - Building stim pattern for pattern_name 1940
2026-02-02 22:40:18,946 - INFO - Building stim pattern for pattern_name 994
2026-02-02 22:40:18,957 - INFO - Building stim pattern for pattern_name 1753
2026-02-02 22:40:18,967 - INFO - Building stim pattern for pattern_name 3823
2026-02-02 22:40:18,977 - INFO - Building stim pattern for pattern_name 929
2026-02-02 22:40:18,987 - INFO - Building stim pattern for pattern_name 2096
2026-02-02 22:40:18,999 - INFO - Building stim pattern for pattern_name 73
2026-02-02 22:40:19,008 - INFO - Building stim pattern for pattern_name 3865
2026-02-02 22:40:19,017 - INFO - Building stim pattern for pattern_name 4009
2026-02-02 22:40:19,028 - INFO - Building stim pattern for pattern_name 402
2026-02-02 22:40:19,045 - INFO - Building stim pattern for pattern_name 2232
2026-02-02 22:40:19,055 - INFO - Building stim pattern for pattern_name 2353
2026-02-02 22:40:19,067 - INFO - Building stim pattern for pattern_name 1453
2026-02-02 22:40:19,077 - INFO - Building stim pattern for pattern_name 2913
2026-02-02 22:40:19,092 - INFO - Building stim pattern for pattern_name 2355
2026-02-02 22:40:19,102 - INFO - Building stim pattern for pattern_name 190
2026-02-02 22:40:19,117 - INFO - Building stim pattern for pattern_name 1034
2026-02-02 22:40:19,127 - INFO - Building stim pattern for pattern_name 2822
2026-02-02 22:40:19,145 - INFO - Building stim pattern for pattern_name 2968
2026-02-02 22:40:19,155 - INFO - Building stim pattern for pattern_name 2506
2026-02-02 22:40:19,171 - INFO - Building stim pattern for pattern_name 648
2026-02-02 22:40:19,181 - INFO - Building stim pattern for pattern_name 3202
2026-02-02 22:40:19,192 - INFO - Building stim pattern for pattern_name 2669
2026-02-02 22:40:19,210 - INFO - Building stim pattern for pattern_name 1953
2026-02-02 22:40:19,223 - INFO - Building stim pattern for pattern_name 2070
2026-02-02 22:40:19,235 - INFO - Building stim pattern for pattern_name 1716
2026-02-02 22:40:19,245 - INFO - Building stim pattern for pattern_name 1266
2026-02-02 22:40:19,254 - INFO - Building stim pattern for pattern_name 1335
2026-02-02 22:40:19,265 - INFO - Building stim pattern for pattern_name 2146
2026-02-02 22:40:19,288 - INFO - Building stim pattern for pattern_name 1330
2026-02-02 22:40:19,299 - INFO - Building stim pattern for pattern_name 3730
2026-02-02 22:40:19,315 - INFO - Building stim pattern for pattern_name 563
2026-02-02 22:40:19,325 - INFO - Building stim pattern for pattern_name 3954
2026-02-02 22:40:19,335 - INFO - Building stim pattern for pattern_name 2651
2026-02-02 22:40:19,348 - INFO - Building stim pattern for pattern_name 1859
2026-02-02 22:40:19,361 - INFO - Building stim pattern for pattern_name 3210
2026-02-02 22:40:19,374 - INFO - Building stim pattern for pattern_name 2648
2026-02-02 22:40:19,387 - INFO - Building stim pattern for pattern_name 2033
2026-02-02 22:40:19,397 - INFO - Building stim pattern for pattern_name 3337
2026-02-02 22:40:19,408 - INFO - Building stim pattern for pattern_name 1831
2026-02-02 22:40:19,418 - INFO - Building stim pattern for pattern_name 715
2026-02-02 22:40:19,428 - INFO - Building stim pattern for pattern_name 431
2026-02-02 22:40:19,439 - INFO - Building stim pattern for pattern_name 3816
2026-02-02 22:40:19,450 - INFO - Building stim pattern for pattern_name 2989
2026-02-02 22:40:19,461 - INFO - Building stim pattern for pattern_name 573
2026-02-02 22:40:19,471 - INFO - Building stim pattern for pattern_name 2643
2026-02-02 22:40:19,481 - INFO - Building stim pattern for pattern_name 3599
2026-02-02 22:40:19,492 - INFO - Building stim pattern for pattern_name 1040
2026-02-02 22:40:19,502 - INFO - Building stim pattern for pattern_name 655
2026-02-02 22:40:19,513 - INFO - Building stim pattern for pattern_name 775
2026-02-02 22:40:19,524 - INFO - Building stim pattern for pattern_name 3986
2026-02-02 22:40:19,541 - INFO - Building stim pattern for pattern_name 11
2026-02-02 22:40:19,565 - INFO - Building stim pattern for pattern_name 3878
2026-02-02 22:40:19,584 - INFO - Building stim pattern for pattern_name 1652
2026-02-02 22:40:19,601 - INFO - Building stim pattern for pattern_name 374
2026-02-02 22:40:19,612 - INFO - Building stim pattern for pattern_name 3635
2026-02-02 22:40:19,632 - INFO - Building stim pattern for pattern_name 189
2026-02-02 22:40:19,644 - INFO - Building stim pattern for pattern_name 3295
2026-02-02 22:40:19,654 - INFO - Building stim pattern for pattern_name 271
2026-02-02 22:40:19,666 - INFO - Building stim pattern for pattern_name 1710
2026-02-02 22:40:19,691 - INFO - Building stim pattern for pattern_name 697
2026-02-02 22:40:19,704 - INFO - Building stim pattern for pattern_name 115
2026-02-02 22:40:19,717 - INFO - Building stim pattern for pattern_name 490
2026-02-02 22:40:19,729 - INFO - Building stim pattern for pattern_name 473
2026-02-02 22:40:19,740 - INFO - Building stim pattern for pattern_name 837
2026-02-02 22:40:19,752 - INFO - Building stim pattern for pattern_name 152
2026-02-02 22:40:19,774 - INFO - Building stim pattern for pattern_name 2813
2026-02-02 22:40:19,785 - INFO - Building stim pattern for pattern_name 1212
2026-02-02 22:40:19,797 - INFO - Building stim pattern for pattern_name 1879
2026-02-02 22:40:19,812 - INFO - Building stim pattern for pattern_name 442
2026-02-02 22:40:19,836 - INFO - Building stim pattern for pattern_name 1175
2026-02-02 22:40:19,847 - INFO - Building stim pattern for pattern_name 3581
2026-02-02 22:40:19,859 - INFO - Building stim pattern for pattern_name 3360
2026-02-02 22:40:19,890 - INFO - Building stim pattern for pattern_name 4024
2026-02-02 22:40:19,900 - INFO - Building stim pattern for pattern_name 1396
2026-02-02 22:40:19,916 - INFO - Building stim pattern for pattern_name 3562
2026-02-02 22:40:19,926 - INFO - Building stim pattern for pattern_name 2982
2026-02-02 22:40:19,942 - INFO - Building stim pattern for pattern_name 2812
2026-02-02 22:40:19,953 - INFO - Building stim pattern for pattern_name 2866
2026-02-02 22:40:19,969 - INFO - Building stim pattern for pattern_name 2893
2026-02-02 22:40:19,985 - INFO - Building stim pattern for pattern_name 307
2026-02-02 22:40:19,996 - INFO - Building stim pattern for pattern_name 1961
2026-02-02 22:40:20,006 - INFO - Building stim pattern for pattern_name 3576
2026-02-02 22:40:20,028 - INFO - Building stim pattern for pattern_name 3465
2026-02-02 22:40:20,048 - INFO - Building stim pattern for pattern_name 1962
2026-02-02 22:40:20,061 - INFO - Building stim pattern for pattern_name 2607
2026-02-02 22:40:20,082 - INFO - Building stim pattern for pattern_name 3184
2026-02-02 22:40:20,093 - INFO - Building stim pattern for pattern_name 1142
2026-02-02 22:40:20,104 - INFO - Building stim pattern for pattern_name 1619
2026-02-02 22:40:20,121 - INFO - Building stim pattern for pattern_name 2605
2026-02-02 22:40:20,132 - INFO - Building stim pattern for pattern_name 647
2026-02-02 22:40:20,142 - INFO - Building stim pattern for pattern_name 162
2026-02-02 22:40:20,157 - INFO - Building stim pattern for pattern_name 1972
2026-02-02 22:40:20,168 - INFO - Building stim pattern for pattern_name 2844
2026-02-02 22:40:20,191 - INFO - Building stim pattern for pattern_name 2671
2026-02-02 22:40:20,203 - INFO - Building stim pattern for pattern_name 1423
2026-02-02 22:40:20,215 - INFO - Building stim pattern for pattern_name 13
2026-02-02 22:40:20,227 - INFO - Building stim pattern for pattern_name 2945
2026-02-02 22:40:20,240 - INFO - Building stim pattern for pattern_name 2296
2026-02-02 22:40:20,286 - INFO - Building stim pattern for pattern_name 2645
2026-02-02 22:40:20,333 - INFO - Building stim pattern for pattern_name 2201
2026-02-02 22:40:20,345 - INFO - Building stim pattern for pattern_name 2423
2026-02-02 22:40:20,370 - INFO - Building stim pattern for pattern_name 2939
2026-02-02 22:40:20,383 - INFO - Building stim pattern for pattern_name 3693
2026-02-02 22:40:20,395 - INFO - Building stim pattern for pattern_name 1233
2026-02-02 22:40:20,405 - INFO - Building stim pattern for pattern_name 2114
2026-02-02 22:40:20,416 - INFO - Building stim pattern for pattern_name 1604
2026-02-02 22:40:20,427 - INFO - Building stim pattern for pattern_name 3617
2026-02-02 22:40:20,437 - INFO - Building stim pattern for pattern_name 437
2026-02-02 22:40:20,447 - INFO - Building stim pattern for pattern_name 3869
2026-02-02 22:40:20,457 - INFO - Building stim pattern for pattern_name 1387
2026-02-02 22:40:20,469 - INFO - Building stim pattern for pattern_name 3882
2026-02-02 22:40:20,478 - INFO - Building stim pattern for pattern_name 642
2026-02-02 22:40:20,488 - INFO - Building stim pattern for pattern_name 1083
2026-02-02 22:40:20,499 - INFO - Building stim pattern for pattern_name 1796
2026-02-02 22:40:20,510 - INFO - Building stim pattern for pattern_name 3568
2026-02-02 22:40:20,520 - INFO - Building stim pattern for pattern_name 1678
2026-02-02 22:40:20,532 - INFO - Building stim pattern for pattern_name 730
2026-02-02 22:40:20,546 - INFO - Building stim pattern for pattern_name 3315
2026-02-02 22:40:20,557 - INFO - Building stim pattern for pattern_name 3668
2026-02-02 22:40:20,568 - INFO - Building stim pattern for pattern_name 757
2026-02-02 22:40:20,585 - INFO - Building stim pattern for pattern_name 278
2026-02-02 22:40:20,595 - INFO - Building stim pattern for pattern_name 1998
2026-02-02 22:40:20,612 - INFO - Building stim pattern for pattern_name 2344
2026-02-02 22:40:20,627 - INFO - Building stim pattern for pattern_name 3305
2026-02-02 22:40:20,639 - INFO - Building stim pattern for pattern_name 2378
2026-02-02 22:40:20,651 - INFO - Building stim pattern for pattern_name 3067
2026-02-02 22:40:20,664 - INFO - Building stim pattern for pattern_name 1625
2026-02-02 22:40:20,676 - INFO - Building stim pattern for pattern_name 2872
2026-02-02 22:40:20,694 - INFO - Building stim pattern for pattern_name 3731
2026-02-02 22:40:20,706 - INFO - Building stim pattern for pattern_name 638
2026-02-02 22:40:20,716 - INFO - Building stim pattern for pattern_name 2016
2026-02-02 22:40:20,732 - INFO - Building stim pattern for pattern_name 1363
2026-02-02 22:40:20,747 - INFO - Building stim pattern for pattern_name 1397
2026-02-02 22:40:20,766 - INFO - Building stim pattern for pattern_name 1761
2026-02-02 22:40:20,777 - INFO - Building stim pattern for pattern_name 2290
2026-02-02 22:40:20,788 - INFO - Building stim pattern for pattern_name 3590
2026-02-02 22:40:20,801 - INFO - Building stim pattern for pattern_name 2247
2026-02-02 22:40:20,814 - INFO - Building stim pattern for pattern_name 699
2026-02-02 22:40:20,834 - INFO - Building stim pattern for pattern_name 1915
2026-02-02 22:40:20,844 - INFO - Building stim pattern for pattern_name 1289
2026-02-02 22:40:20,856 - INFO - Building stim pattern for pattern_name 1691
2026-02-02 22:40:20,867 - INFO - Building stim pattern for pattern_name 990
2026-02-02 22:40:20,876 - INFO - Building stim pattern for pattern_name 3077
2026-02-02 22:40:20,891 - INFO - Building stim pattern for pattern_name 1191
2026-02-02 22:40:20,902 - INFO - Building stim pattern for pattern_name 118
2026-02-02 22:40:20,912 - INFO - Building stim pattern for pattern_name 1177
2026-02-02 22:40:20,923 - INFO - Building stim pattern for pattern_name 1683
2026-02-02 22:40:20,935 - INFO - Building stim pattern for pattern_name 1348
2026-02-02 22:40:20,946 - INFO - Building stim pattern for pattern_name 1789
2026-02-02 22:40:20,957 - INFO - Building stim pattern for pattern_name 578
2026-02-02 22:40:20,969 - INFO - Building stim pattern for pattern_name 1982
2026-02-02 22:40:20,981 - INFO - Building stim pattern for pattern_name 3520
2026-02-02 22:40:20,997 - INFO - Building stim pattern for pattern_name 2865
2026-02-02 22:40:21,008 - INFO - Building stim pattern for pattern_name 1262
2026-02-02 22:40:21,017 - INFO - Building stim pattern for pattern_name 2807
2026-02-02 22:40:21,034 - INFO - Building stim pattern for pattern_name 4035
2026-02-02 22:40:21,051 - INFO - Building stim pattern for pattern_name 2139
2026-02-02 22:40:21,061 - INFO - Building stim pattern for pattern_name 1738
2026-02-02 22:40:21,070 - INFO - Building stim pattern for pattern_name 1094
2026-02-02 22:40:21,080 - INFO - Building stim pattern for pattern_name 2333
2026-02-02 22:40:21,091 - INFO - Building stim pattern for pattern_name 2517
2026-02-02 22:40:21,101 - INFO - Building stim pattern for pattern_name 1152
2026-02-02 22:40:21,117 - INFO - Building stim pattern for pattern_name 2024
2026-02-02 22:40:21,128 - INFO - Building stim pattern for pattern_name 1051
2026-02-02 22:40:21,144 - INFO - Building stim pattern for pattern_name 2839
2026-02-02 22:40:21,155 - INFO - Building stim pattern for pattern_name 3963
2026-02-02 22:40:21,165 - INFO - Building stim pattern for pattern_name 2777
2026-02-02 22:40:21,175 - INFO - Building stim pattern for pattern_name 3296
2026-02-02 22:40:21,186 - INFO - Building stim pattern for pattern_name 3091
2026-02-02 22:40:21,209 - INFO - Building stim pattern for pattern_name 3788
2026-02-02 22:40:21,220 - INFO - Building stim pattern for pattern_name 2110
2026-02-02 22:40:21,231 - INFO - Building stim pattern for pattern_name 2770
2026-02-02 22:40:21,241 - INFO - Building stim pattern for pattern_name 27
2026-02-02 22:40:21,252 - INFO - Building stim pattern for pattern_name 2656
2026-02-02 22:40:21,288 - INFO - Building stim pattern for pattern_name 3911
2026-02-02 22:40:21,305 - INFO - Building stim pattern for pattern_name 3796
2026-02-02 22:40:21,315 - INFO - Building stim pattern for pattern_name 3072
2026-02-02 22:40:21,326 - INFO - Building stim pattern for pattern_name 1686
2026-02-02 22:40:21,336 - INFO - Building stim pattern for pattern_name 3831
2026-02-02 22:40:21,346 - INFO - Building stim pattern for pattern_name 1885
2026-02-02 22:40:21,355 - INFO - Building stim pattern for pattern_name 311
2026-02-02 22:40:21,365 - INFO - Building stim pattern for pattern_name 1816
2026-02-02 22:40:21,380 - INFO - Building stim pattern for pattern_name 926
2026-02-02 22:40:21,391 - INFO - Building stim pattern for pattern_name 1298
2026-02-02 22:40:21,402 - INFO - Building stim pattern for pattern_name 3795
2026-02-02 22:40:21,421 - INFO - Building stim pattern for pattern_name 2130
2026-02-02 22:40:21,432 - INFO - Building stim pattern for pattern_name 1773
2026-02-02 22:40:21,444 - INFO - Building stim pattern for pattern_name 1027
2026-02-02 22:40:21,455 - INFO - Building stim pattern for pattern_name 3698
2026-02-02 22:40:21,473 - INFO - Building stim pattern for pattern_name 2150
2026-02-02 22:40:21,484 - INFO - Building stim pattern for pattern_name 3151
2026-02-02 22:40:21,502 - INFO - Building stim pattern for pattern_name 3047
2026-02-02 22:40:21,515 - INFO - Building stim pattern for pattern_name 3741
2026-02-02 22:40:21,533 - INFO - Building stim pattern for pattern_name 1412
2026-02-02 22:40:21,545 - INFO - Building stim pattern for pattern_name 2879
2026-02-02 22:40:21,559 - INFO - Building stim pattern for pattern_name 2868
2026-02-02 22:40:21,573 - INFO - Building stim pattern for pattern_name 3942
2026-02-02 22:40:21,585 - INFO - Building stim pattern for pattern_name 659
2026-02-02 22:40:21,595 - INFO - Building stim pattern for pattern_name 3526
2026-02-02 22:40:21,606 - INFO - Building stim pattern for pattern_name 2693
2026-02-02 22:40:21,618 - INFO - Building stim pattern for pattern_name 1505
2026-02-02 22:40:21,629 - INFO - Building stim pattern for pattern_name 613
2026-02-02 22:40:21,641 - INFO - Building stim pattern for pattern_name 548
2026-02-02 22:40:21,657 - INFO - Building stim pattern for pattern_name 2760
2026-02-02 22:40:21,668 - INFO - Building stim pattern for pattern_name 812
2026-02-02 22:40:21,683 - INFO - Building stim pattern for pattern_name 2904
2026-02-02 22:40:21,693 - INFO - Building stim pattern for pattern_name 883
2026-02-02 22:40:21,715 - INFO - Building stim pattern for pattern_name 1840
2026-02-02 22:40:21,725 - INFO - Building stim pattern for pattern_name 2769
2026-02-02 22:40:21,735 - INFO - Building stim pattern for pattern_name 718
2026-02-02 22:40:21,756 - INFO - Building stim pattern for pattern_name 2326
2026-02-02 22:40:21,768 - INFO - Building stim pattern for pattern_name 3736
2026-02-02 22:40:21,778 - INFO - Building stim pattern for pattern_name 2074
2026-02-02 22:40:21,801 - INFO - Building stim pattern for pattern_name 3420
2026-02-02 22:40:21,811 - INFO - Building stim pattern for pattern_name 599
2026-02-02 22:40:21,828 - INFO - Building stim pattern for pattern_name 2044
2026-02-02 22:40:21,839 - INFO - Building stim pattern for pattern_name 1814
2026-02-02 22:40:21,850 - INFO - Building stim pattern for pattern_name 3229
2026-02-02 22:40:21,861 - INFO - Building stim pattern for pattern_name 411
2026-02-02 22:40:21,871 - INFO - Building stim pattern for pattern_name 1552
2026-02-02 22:40:21,881 - INFO - Building stim pattern for pattern_name 2082
2026-02-02 22:40:21,907 - INFO - Building stim pattern for pattern_name 3217
2026-02-02 22:40:21,918 - INFO - Building stim pattern for pattern_name 1667
2026-02-02 22:40:21,936 - INFO - Building stim pattern for pattern_name 3268
2026-02-02 22:40:21,947 - INFO - Building stim pattern for pattern_name 3161
2026-02-02 22:40:21,957 - INFO - Building stim pattern for pattern_name 2767
2026-02-02 22:40:21,967 - INFO - Building stim pattern for pattern_name 20
2026-02-02 22:40:21,977 - INFO - Building stim pattern for pattern_name 3684
2026-02-02 22:40:21,988 - INFO - Building stim pattern for pattern_name 538
2026-02-02 22:40:22,000 - INFO - Building stim pattern for pattern_name 3116
2026-02-02 22:40:22,011 - INFO - Building stim pattern for pattern_name 1914
2026-02-02 22:40:22,022 - INFO - Building stim pattern for pattern_name 2768
2026-02-02 22:40:22,033 - INFO - Building stim pattern for pattern_name 1821
2026-02-02 22:40:22,049 - INFO - Building stim pattern for pattern_name 886
2026-02-02 22:40:22,060 - INFO - Building stim pattern for pattern_name 2325
2026-02-02 22:40:22,070 - INFO - Building stim pattern for pattern_name 3727
2026-02-02 22:40:22,080 - INFO - Building stim pattern for pattern_name 3245
2026-02-02 22:40:22,091 - INFO - Building stim pattern for pattern_name 1322
2026-02-02 22:40:22,101 - INFO - Building stim pattern for pattern_name 2583
2026-02-02 22:40:22,120 - INFO - Building stim pattern for pattern_name 2090
2026-02-02 22:40:22,132 - INFO - Building stim pattern for pattern_name 3384
2026-02-02 22:40:22,156 - INFO - Building stim pattern for pattern_name 164
2026-02-02 22:40:22,173 - INFO - Building stim pattern for pattern_name 22
2026-02-02 22:40:22,184 - INFO - Building stim pattern for pattern_name 3186
2026-02-02 22:40:22,196 - INFO - Building stim pattern for pattern_name 3745
2026-02-02 22:40:22,205 - INFO - Building stim pattern for pattern_name 70
2026-02-02 22:40:22,218 - INFO - Building stim pattern for pattern_name 1110
2026-02-02 22:40:22,229 - INFO - Building stim pattern for pattern_name 3532
2026-02-02 22:40:22,240 - INFO - Building stim pattern for pattern_name 1989
2026-02-02 22:40:22,252 - INFO - Building stim pattern for pattern_name 2307
2026-02-02 22:40:22,264 - INFO - Building stim pattern for pattern_name 633
2026-02-02 22:40:22,274 - INFO - Building stim pattern for pattern_name 3440
2026-02-02 22:40:22,287 - INFO - Building stim pattern for pattern_name 1734
2026-02-02 22:40:22,311 - INFO - Building stim pattern for pattern_name 1648
2026-02-02 22:40:22,322 - INFO - Building stim pattern for pattern_name 2462
2026-02-02 22:40:22,336 - INFO - Building stim pattern for pattern_name 3760
2026-02-02 22:40:22,348 - INFO - Building stim pattern for pattern_name 3913
2026-02-02 22:40:22,358 - INFO - Building stim pattern for pattern_name 2474
2026-02-02 22:40:22,383 - INFO - Building stim pattern for pattern_name 2059
2026-02-02 22:40:22,392 - INFO - Building stim pattern for pattern_name 1931
2026-02-02 22:40:22,402 - INFO - Building stim pattern for pattern_name 2632
2026-02-02 22:40:22,412 - INFO - Building stim pattern for pattern_name 2165
2026-02-02 22:40:22,423 - INFO - Building stim pattern for pattern_name 2408
2026-02-02 22:40:22,434 - INFO - Building stim pattern for pattern_name 1470
2026-02-02 22:40:22,445 - INFO - Building stim pattern for pattern_name 1003
2026-02-02 22:40:22,456 - INFO - Building stim pattern for pattern_name 1550
2026-02-02 22:40:22,466 - INFO - Building stim pattern for pattern_name 759
2026-02-02 22:40:22,488 - INFO - Building stim pattern for pattern_name 1126
2026-02-02 22:40:22,506 - INFO - Building stim pattern for pattern_name 1301
2026-02-02 22:40:22,525 - INFO - Building stim pattern for pattern_name 528
2026-02-02 22:40:22,537 - INFO - Building stim pattern for pattern_name 2026
2026-02-02 22:40:22,547 - INFO - Building stim pattern for pattern_name 1210
2026-02-02 22:40:22,559 - INFO - Building stim pattern for pattern_name 46
2026-02-02 22:40:22,570 - INFO - Building stim pattern for pattern_name 2697
2026-02-02 22:40:22,580 - INFO - Building stim pattern for pattern_name 3589
2026-02-02 22:40:22,599 - INFO - Building stim pattern for pattern_name 1220
2026-02-02 22:40:22,610 - INFO - Building stim pattern for pattern_name 3018
2026-02-02 22:40:22,628 - INFO - Building stim pattern for pattern_name 1012
2026-02-02 22:40:22,639 - INFO - Building stim pattern for pattern_name 1417
2026-02-02 22:40:22,650 - INFO - Building stim pattern for pattern_name 401
2026-02-02 22:40:22,677 - INFO - Building stim pattern for pattern_name 3023
2026-02-02 22:40:22,692 - INFO - Building stim pattern for pattern_name 1886
2026-02-02 22:40:22,703 - INFO - Building stim pattern for pattern_name 1228
2026-02-02 22:40:22,719 - INFO - Building stim pattern for pattern_name 147
2026-02-02 22:40:22,731 - INFO - Building stim pattern for pattern_name 1731
2026-02-02 22:40:22,748 - INFO - Building stim pattern for pattern_name 3847
2026-02-02 22:40:22,760 - INFO - Building stim pattern for pattern_name 2513
2026-02-02 22:40:22,769 - INFO - Building stim pattern for pattern_name 1022
2026-02-02 22:40:22,780 - INFO - Building stim pattern for pattern_name 1057
2026-02-02 22:40:22,800 - INFO - Building stim pattern for pattern_name 257
2026-02-02 22:40:22,816 - INFO - Building stim pattern for pattern_name 780
2026-02-02 22:40:22,827 - INFO - Building stim pattern for pattern_name 928
2026-02-02 22:40:22,838 - INFO - Building stim pattern for pattern_name 126
2026-02-02 22:40:22,849 - INFO - Building stim pattern for pattern_name 384
2026-02-02 22:40:22,860 - INFO - Building stim pattern for pattern_name 3080
2026-02-02 22:40:22,870 - INFO - Building stim pattern for pattern_name 2198
2026-02-02 22:40:22,880 - INFO - Building stim pattern for pattern_name 698
2026-02-02 22:40:22,896 - INFO - Building stim pattern for pattern_name 1992
2026-02-02 22:40:22,912 - INFO - Building stim pattern for pattern_name 194
2026-02-02 22:40:22,922 - INFO - Building stim pattern for pattern_name 916
2026-02-02 22:40:22,932 - INFO - Building stim pattern for pattern_name 3662
2026-02-02 22:40:22,942 - INFO - Building stim pattern for pattern_name 3975
2026-02-02 22:40:22,951 - INFO - Building stim pattern for pattern_name 385
2026-02-02 22:40:22,961 - INFO - Building stim pattern for pattern_name 723
2026-02-02 22:40:22,978 - INFO - Building stim pattern for pattern_name 636
2026-02-02 22:40:22,993 - INFO - Building stim pattern for pattern_name 3841
2026-02-02 22:40:23,019 - INFO - Building stim pattern for pattern_name 3781
2026-02-02 22:40:23,030 - INFO - Building stim pattern for pattern_name 3309
2026-02-02 22:40:23,040 - INFO - Building stim pattern for pattern_name 2554
2026-02-02 22:40:23,056 - INFO - Building stim pattern for pattern_name 794
2026-02-02 22:40:23,068 - INFO - Building stim pattern for pattern_name 1062
2026-02-02 22:40:23,079 - INFO - Building stim pattern for pattern_name 366
2026-02-02 22:40:23,091 - INFO - Building stim pattern for pattern_name 327
2026-02-02 22:40:23,102 - INFO - Building stim pattern for pattern_name 1460
2026-02-02 22:40:23,116 - INFO - Building stim pattern for pattern_name 2959
2026-02-02 22:40:23,137 - INFO - Building stim pattern for pattern_name 1740
2026-02-02 22:40:23,157 - INFO - Building stim pattern for pattern_name 3757
2026-02-02 22:40:23,168 - INFO - Building stim pattern for pattern_name 2684
2026-02-02 22:40:23,264 - INFO - Building stim pattern for pattern_name 376
2026-02-02 22:40:23,301 - INFO - Building stim pattern for pattern_name 2994
2026-02-02 22:40:23,314 - INFO - Building stim pattern for pattern_name 3012
2026-02-02 22:40:23,326 - INFO - Building stim pattern for pattern_name 2162
2026-02-02 22:40:23,337 - INFO - Building stim pattern for pattern_name 425
2026-02-02 22:40:23,347 - INFO - Building stim pattern for pattern_name 1276
2026-02-02 22:40:23,357 - INFO - Building stim pattern for pattern_name 701
2026-02-02 22:40:23,374 - INFO - Building stim pattern for pattern_name 3352
2026-02-02 22:40:23,387 - INFO - Building stim pattern for pattern_name 3114
2026-02-02 22:40:23,398 - INFO - Building stim pattern for pattern_name 1890
2026-02-02 22:40:23,409 - INFO - Building stim pattern for pattern_name 3081
2026-02-02 22:40:23,427 - INFO - Building stim pattern for pattern_name 2126
2026-02-02 22:40:23,446 - INFO - Building stim pattern for pattern_name 169
2026-02-02 22:40:23,464 - INFO - Building stim pattern for pattern_name 2638
2026-02-02 22:40:23,491 - INFO - Building stim pattern for pattern_name 2886
2026-02-02 22:40:23,502 - INFO - Building stim pattern for pattern_name 3517
2026-02-02 22:40:23,515 - INFO - Building stim pattern for pattern_name 1308
2026-02-02 22:40:23,527 - INFO - Building stim pattern for pattern_name 938
2026-02-02 22:40:23,539 - INFO - Building stim pattern for pattern_name 3714
2026-02-02 22:40:23,552 - INFO - Building stim pattern for pattern_name 3984
2026-02-02 22:40:23,584 - INFO - Building stim pattern for pattern_name 228
2026-02-02 22:40:23,594 - INFO - Building stim pattern for pattern_name 2600
2026-02-02 22:40:23,606 - INFO - Building stim pattern for pattern_name 1511
2026-02-02 22:40:23,617 - INFO - Building stim pattern for pattern_name 629
2026-02-02 22:40:23,628 - INFO - Building stim pattern for pattern_name 1969
2026-02-02 22:40:23,638 - INFO - Building stim pattern for pattern_name 2899
2026-02-02 22:40:23,650 - INFO - Building stim pattern for pattern_name 2631
2026-02-02 22:40:23,662 - INFO - Building stim pattern for pattern_name 835
2026-02-02 22:40:23,674 - INFO - Building stim pattern for pattern_name 2123
2026-02-02 22:40:23,686 - INFO - Building stim pattern for pattern_name 480
2026-02-02 22:40:23,696 - INFO - Building stim pattern for pattern_name 137
2026-02-02 22:40:23,707 - INFO - Building stim pattern for pattern_name 3894
2026-02-02 22:40:23,719 - INFO - Building stim pattern for pattern_name 3345
2026-02-02 22:40:23,730 - INFO - Building stim pattern for pattern_name 1207
2026-02-02 22:40:23,742 - INFO - Building stim pattern for pattern_name 3876
2026-02-02 22:40:23,754 - INFO - Building stim pattern for pattern_name 360
2026-02-02 22:40:23,767 - INFO - Building stim pattern for pattern_name 2179
2026-02-02 22:40:23,780 - INFO - Building stim pattern for pattern_name 1699
2026-02-02 22:40:23,794 - INFO - Building stim pattern for pattern_name 1354
2026-02-02 22:40:23,808 - INFO - Building stim pattern for pattern_name 1420
2026-02-02 22:40:23,820 - INFO - Building stim pattern for pattern_name 170
2026-02-02 22:40:23,834 - INFO - Building stim pattern for pattern_name 1690
2026-02-02 22:40:23,846 - INFO - Building stim pattern for pattern_name 2377
2026-02-02 22:40:23,878 - INFO - Building stim pattern for pattern_name 3907
2026-02-02 22:40:23,889 - INFO - Building stim pattern for pattern_name 1019
2026-02-02 22:40:23,901 - INFO - Building stim pattern for pattern_name 2576
2026-02-02 22:40:23,914 - INFO - Building stim pattern for pattern_name 1007
2026-02-02 22:40:23,926 - INFO - Building stim pattern for pattern_name 1194
2026-02-02 22:40:23,943 - INFO - Building stim pattern for pattern_name 3494
2026-02-02 22:40:23,955 - INFO - Building stim pattern for pattern_name 3279
2026-02-02 22:40:23,967 - INFO - Building stim pattern for pattern_name 2343
2026-02-02 22:40:23,977 - INFO - Building stim pattern for pattern_name 400
2026-02-02 22:40:24,000 - INFO - Building stim pattern for pattern_name 1584
2026-02-02 22:40:24,011 - INFO - Building stim pattern for pattern_name 1089
2026-02-02 22:40:24,023 - INFO - Building stim pattern for pattern_name 1061
2026-02-02 22:40:24,033 - INFO - Building stim pattern for pattern_name 1954
2026-02-02 22:40:24,054 - INFO - Building stim pattern for pattern_name 2006
2026-02-02 22:40:24,085 - INFO - Building stim pattern for pattern_name 1671
2026-02-02 22:40:24,099 - INFO - Building stim pattern for pattern_name 3478
2026-02-02 22:40:24,111 - INFO - Building stim pattern for pattern_name 1319
2026-02-02 22:40:24,130 - INFO - Building stim pattern for pattern_name 2433
2026-02-02 22:40:24,142 - INFO - Building stim pattern for pattern_name 3032
2026-02-02 22:40:24,157 - INFO - Building stim pattern for pattern_name 93
2026-02-02 22:40:24,169 - INFO - Building stim pattern for pattern_name 1161
2026-02-02 22:40:24,180 - INFO - Building stim pattern for pattern_name 249
2026-02-02 22:40:24,209 - INFO - Building stim pattern for pattern_name 687
2026-02-02 22:40:24,226 - INFO - Building stim pattern for pattern_name 1676
2026-02-02 22:40:24,237 - INFO - Building stim pattern for pattern_name 2654
2026-02-02 22:40:24,247 - INFO - Building stim pattern for pattern_name 901
2026-02-02 22:40:24,258 - INFO - Building stim pattern for pattern_name 1916
2026-02-02 22:40:24,275 - INFO - Building stim pattern for pattern_name 377
2026-02-02 22:40:24,287 - INFO - Building stim pattern for pattern_name 2389
2026-02-02 22:40:24,299 - INFO - Building stim pattern for pattern_name 78
2026-02-02 22:40:24,310 - INFO - Building stim pattern for pattern_name 1836
2026-02-02 22:40:24,327 - INFO - Building stim pattern for pattern_name 2199
2026-02-02 22:40:24,338 - INFO - Building stim pattern for pattern_name 3854
2026-02-02 22:40:24,350 - INFO - Building stim pattern for pattern_name 2395
2026-02-02 22:40:24,360 - INFO - Building stim pattern for pattern_name 753
2026-02-02 22:40:24,379 - INFO - Building stim pattern for pattern_name 1983
2026-02-02 22:40:24,391 - INFO - Building stim pattern for pattern_name 3225
2026-02-02 22:40:24,402 - INFO - Building stim pattern for pattern_name 1728
2026-02-02 22:40:24,421 - INFO - Building stim pattern for pattern_name 1500
2026-02-02 22:40:24,432 - INFO - Building stim pattern for pattern_name 2376
2026-02-02 22:40:24,450 - INFO - Building stim pattern for pattern_name 1029
2026-02-02 22:40:24,461 - INFO - Building stim pattern for pattern_name 2863
2026-02-02 22:40:24,472 - INFO - Building stim pattern for pattern_name 1586
2026-02-02 22:40:24,485 - INFO - Building stim pattern for pattern_name 2856
2026-02-02 22:40:24,497 - INFO - Building stim pattern for pattern_name 897
2026-02-02 22:40:24,510 - INFO - Building stim pattern for pattern_name 2621
2026-02-02 22:40:24,519 - INFO - Building stim pattern for pattern_name 2226
2026-02-02 22:40:24,529 - INFO - Building stim pattern for pattern_name 291
2026-02-02 22:40:24,540 - INFO - Building stim pattern for pattern_name 2482
2026-02-02 22:40:24,554 - INFO - Building stim pattern for pattern_name 2449
2026-02-02 22:40:24,568 - INFO - Building stim pattern for pattern_name 1216
2026-02-02 22:40:24,580 - INFO - Building stim pattern for pattern_name 1714
2026-02-02 22:40:24,590 - INFO - Building stim pattern for pattern_name 2447
2026-02-02 22:40:24,604 - INFO - Building stim pattern for pattern_name 1616
2026-02-02 22:40:24,623 - INFO - Building stim pattern for pattern_name 3793
2026-02-02 22:40:24,635 - INFO - Building stim pattern for pattern_name 2986
2026-02-02 22:40:24,646 - INFO - Building stim pattern for pattern_name 2364
2026-02-02 22:40:24,663 - INFO - Building stim pattern for pattern_name 2548
2026-02-02 22:40:24,675 - INFO - Building stim pattern for pattern_name 3133
2026-02-02 22:40:24,686 - INFO - Building stim pattern for pattern_name 3978
2026-02-02 22:40:24,697 - INFO - Building stim pattern for pattern_name 1495
2026-02-02 22:40:24,707 - INFO - Building stim pattern for pattern_name 1719
2026-02-02 22:40:24,724 - INFO - Building stim pattern for pattern_name 1908
2026-02-02 22:40:24,735 - INFO - Building stim pattern for pattern_name 1170
2026-02-02 22:40:24,746 - INFO - Building stim pattern for pattern_name 1883
2026-02-02 22:40:24,757 - INFO - Building stim pattern for pattern_name 3141
2026-02-02 22:40:24,773 - INFO - Building stim pattern for pattern_name 1451
2026-02-02 22:40:24,784 - INFO - Building stim pattern for pattern_name 255
2026-02-02 22:40:24,795 - INFO - Building stim pattern for pattern_name 1024
2026-02-02 22:40:24,805 - INFO - Building stim pattern for pattern_name 2085
2026-02-02 22:40:24,816 - INFO - Building stim pattern for pattern_name 413
2026-02-02 22:40:24,827 - INFO - Building stim pattern for pattern_name 1680
2026-02-02 22:40:24,837 - INFO - Building stim pattern for pattern_name 3868
2026-02-02 22:40:24,856 - INFO - Building stim pattern for pattern_name 292
2026-02-02 22:40:24,867 - INFO - Building stim pattern for pattern_name 469
2026-02-02 22:40:24,878 - INFO - Building stim pattern for pattern_name 2286
2026-02-02 22:40:24,899 - INFO - Building stim pattern for pattern_name 184
2026-02-02 22:40:24,913 - INFO - Building stim pattern for pattern_name 1965
2026-02-02 22:40:24,924 - INFO - Building stim pattern for pattern_name 3849
2026-02-02 22:40:24,937 - INFO - Building stim pattern for pattern_name 2011
2026-02-02 22:40:24,949 - INFO - Building stim pattern for pattern_name 3866
2026-02-02 22:40:24,962 - INFO - Building stim pattern for pattern_name 1779
2026-02-02 22:40:24,973 - INFO - Building stim pattern for pattern_name 3881
2026-02-02 22:40:24,984 - INFO - Building stim pattern for pattern_name 3839
2026-02-02 22:40:24,995 - INFO - Building stim pattern for pattern_name 1273
2026-02-02 22:40:25,010 - INFO - Building stim pattern for pattern_name 1563
2026-02-02 22:40:25,027 - INFO - Building stim pattern for pattern_name 1799
2026-02-02 22:40:25,038 - INFO - Building stim pattern for pattern_name 3416
2026-02-02 22:40:25,049 - INFO - Building stim pattern for pattern_name 661
2026-02-02 22:40:25,059 - INFO - Building stim pattern for pattern_name 2728
2026-02-02 22:40:25,070 - INFO - Building stim pattern for pattern_name 838
2026-02-02 22:40:25,081 - INFO - Building stim pattern for pattern_name 1634
2026-02-02 22:40:25,092 - INFO - Building stim pattern for pattern_name 3973
2026-02-02 22:40:25,103 - INFO - Building stim pattern for pattern_name 1171
2026-02-02 22:40:25,120 - INFO - Building stim pattern for pattern_name 2416
2026-02-02 22:40:25,129 - INFO - Building stim pattern for pattern_name 313
2026-02-02 22:40:25,146 - INFO - Building stim pattern for pattern_name 3313
2026-02-02 22:40:25,162 - INFO - Building stim pattern for pattern_name 3611
2026-02-02 22:40:25,174 - INFO - Building stim pattern for pattern_name 3715
2026-02-02 22:40:25,185 - INFO - Building stim pattern for pattern_name 764
2026-02-02 22:40:25,196 - INFO - Building stim pattern for pattern_name 116
2026-02-02 22:40:25,214 - INFO - Building stim pattern for pattern_name 2786
2026-02-02 22:40:25,225 - INFO - Building stim pattern for pattern_name 445
2026-02-02 22:40:25,241 - INFO - Building stim pattern for pattern_name 2529
2026-02-02 22:40:25,261 - INFO - Building stim pattern for pattern_name 3631
2026-02-02 22:40:25,290 - INFO - Building stim pattern for pattern_name 2092
2026-02-02 22:40:25,301 - INFO - Building stim pattern for pattern_name 1368
2026-02-02 22:40:25,313 - INFO - Building stim pattern for pattern_name 2239
2026-02-02 22:40:25,326 - INFO - Building stim pattern for pattern_name 944
2026-02-02 22:40:25,339 - INFO - Building stim pattern for pattern_name 1294
2026-02-02 22:40:25,350 - INFO - Building stim pattern for pattern_name 562
2026-02-02 22:40:25,362 - INFO - Building stim pattern for pattern_name 815
2026-02-02 22:40:25,373 - INFO - Building stim pattern for pattern_name 2478
2026-02-02 22:40:25,385 - INFO - Building stim pattern for pattern_name 964
2026-02-02 22:40:25,395 - INFO - Building stim pattern for pattern_name 3378
2026-02-02 22:40:25,412 - INFO - Building stim pattern for pattern_name 2920
2026-02-02 22:40:25,423 - INFO - Building stim pattern for pattern_name 1687
2026-02-02 22:40:25,434 - INFO - Building stim pattern for pattern_name 1438
2026-02-02 22:40:25,444 - INFO - Building stim pattern for pattern_name 487
2026-02-02 22:40:25,456 - INFO - Building stim pattern for pattern_name 825
2026-02-02 22:40:25,478 - INFO - Building stim pattern for pattern_name 974
2026-02-02 22:40:25,488 - INFO - Building stim pattern for pattern_name 3126
2026-02-02 22:40:25,500 - INFO - Building stim pattern for pattern_name 1772
2026-02-02 22:40:25,511 - INFO - Building stim pattern for pattern_name 1708
2026-02-02 22:40:25,522 - INFO - Building stim pattern for pattern_name 2729
2026-02-02 22:40:25,539 - INFO - Building stim pattern for pattern_name 2610
2026-02-02 22:40:25,550 - INFO - Building stim pattern for pattern_name 3685
2026-02-02 22:40:25,562 - INFO - Building stim pattern for pattern_name 2843
2026-02-02 22:40:25,574 - INFO - Building stim pattern for pattern_name 1133
2026-02-02 22:40:25,587 - INFO - Building stim pattern for pattern_name 3825
2026-02-02 22:40:25,600 - INFO - Building stim pattern for pattern_name 1403
2026-02-02 22:40:25,611 - INFO - Building stim pattern for pattern_name 3256
2026-02-02 22:40:25,621 - INFO - Building stim pattern for pattern_name 2534
2026-02-02 22:40:25,632 - INFO - Building stim pattern for pattern_name 3385
2026-02-02 22:40:25,652 - INFO - Building stim pattern for pattern_name 726
2026-02-02 22:40:25,662 - INFO - Building stim pattern for pattern_name 3877
2026-02-02 22:40:25,673 - INFO - Building stim pattern for pattern_name 1575
2026-02-02 22:40:25,690 - INFO - Building stim pattern for pattern_name 2518
2026-02-02 22:40:25,702 - INFO - Building stim pattern for pattern_name 340
2026-02-02 22:40:25,722 - INFO - Building stim pattern for pattern_name 3073
2026-02-02 22:40:25,738 - INFO - Building stim pattern for pattern_name 380
2026-02-02 22:40:25,749 - INFO - Building stim pattern for pattern_name 2323
2026-02-02 22:40:25,760 - INFO - Building stim pattern for pattern_name 639
2026-02-02 22:40:25,771 - INFO - Building stim pattern for pattern_name 1701
2026-02-02 22:40:25,783 - INFO - Building stim pattern for pattern_name 1366
2026-02-02 22:40:25,794 - INFO - Building stim pattern for pattern_name 1762
2026-02-02 22:40:25,806 - INFO - Building stim pattern for pattern_name 3967
2026-02-02 22:40:25,818 - INFO - Building stim pattern for pattern_name 602
2026-02-02 22:40:25,830 - INFO - Building stim pattern for pattern_name 443
2026-02-02 22:40:25,840 - INFO - Building stim pattern for pattern_name 3694
2026-02-02 22:40:25,850 - INFO - Building stim pattern for pattern_name 3604
2026-02-02 22:40:25,862 - INFO - Building stim pattern for pattern_name 1314
2026-02-02 22:40:25,874 - INFO - Building stim pattern for pattern_name 1426
2026-02-02 22:40:25,931 - INFO - Building stim pattern for pattern_name 2819
2026-02-02 22:40:25,991 - INFO - Building stim pattern for pattern_name 2105
2026-02-02 22:40:26,011 - INFO - Building stim pattern for pattern_name 329
2026-02-02 22:40:26,024 - INFO - Building stim pattern for pattern_name 1380
2026-02-02 22:40:26,036 - INFO - Building stim pattern for pattern_name 3461
2026-02-02 22:40:26,047 - INFO - Building stim pattern for pattern_name 2375
2026-02-02 22:40:26,058 - INFO - Building stim pattern for pattern_name 632
2026-02-02 22:40:26,071 - INFO - Building stim pattern for pattern_name 1717
2026-02-02 22:40:26,082 - INFO - Building stim pattern for pattern_name 3993
2026-02-02 22:40:26,093 - INFO - Building stim pattern for pattern_name 1128
2026-02-02 22:40:26,104 - INFO - Building stim pattern for pattern_name 2623
2026-02-02 22:40:26,115 - INFO - Building stim pattern for pattern_name 816
2026-02-02 22:40:26,126 - INFO - Building stim pattern for pattern_name 1104
2026-02-02 22:40:26,145 - INFO - Building stim pattern for pattern_name 1143
2026-02-02 22:40:26,155 - INFO - Building stim pattern for pattern_name 1949
2026-02-02 22:40:26,167 - INFO - Building stim pattern for pattern_name 344
2026-02-02 22:40:26,180 - INFO - Building stim pattern for pattern_name 3649
2026-02-02 22:40:26,195 - INFO - Building stim pattern for pattern_name 2077
2026-02-02 22:40:26,207 - INFO - Building stim pattern for pattern_name 2458
2026-02-02 22:40:26,223 - INFO - Building stim pattern for pattern_name 1898
2026-02-02 22:40:26,233 - INFO - Building stim pattern for pattern_name 1332
2026-02-02 22:40:26,244 - INFO - Building stim pattern for pattern_name 3807
2026-02-02 22:40:26,254 - INFO - Building stim pattern for pattern_name 1364
2026-02-02 22:40:26,264 - INFO - Building stim pattern for pattern_name 3982
2026-02-02 22:40:26,275 - INFO - Building stim pattern for pattern_name 1406
2026-02-02 22:40:26,285 - INFO - Building stim pattern for pattern_name 336
2026-02-02 22:40:26,295 - INFO - Building stim pattern for pattern_name 710
2026-02-02 22:40:26,315 - INFO - Building stim pattern for pattern_name 2342
2026-02-02 22:40:26,335 - INFO - Building stim pattern for pattern_name 3776
2026-02-02 22:40:26,360 - INFO - Building stim pattern for pattern_name 1158
2026-02-02 22:40:26,371 - INFO - Building stim pattern for pattern_name 486
2026-02-02 22:40:26,387 - INFO - Building stim pattern for pattern_name 421
2026-02-02 22:40:26,398 - INFO - Building stim pattern for pattern_name 1471
2026-02-02 22:40:26,408 - INFO - Building stim pattern for pattern_name 3021
2026-02-02 22:40:26,418 - INFO - Building stim pattern for pattern_name 3674
2026-02-02 22:40:26,435 - INFO - Building stim pattern for pattern_name 2966
2026-02-02 22:40:26,446 - INFO - Building stim pattern for pattern_name 2921
2026-02-02 22:40:26,458 - INFO - Building stim pattern for pattern_name 834
2026-02-02 22:40:26,470 - INFO - Building stim pattern for pattern_name 3237
2026-02-02 22:40:26,481 - INFO - Building stim pattern for pattern_name 2612
2026-02-02 22:40:26,491 - INFO - Building stim pattern for pattern_name 1541
2026-02-02 22:40:26,501 - INFO - Building stim pattern for pattern_name 2351
2026-02-02 22:40:26,512 - INFO - Building stim pattern for pattern_name 1570
2026-02-02 22:40:26,523 - INFO - Building stim pattern for pattern_name 325
2026-02-02 22:40:26,534 - INFO - Building stim pattern for pattern_name 3914
2026-02-02 22:40:26,552 - INFO - Building stim pattern for pattern_name 3355
2026-02-02 22:40:26,562 - INFO - Building stim pattern for pattern_name 1837
2026-02-02 22:40:26,574 - INFO - Building stim pattern for pattern_name 2503
2026-02-02 22:40:26,597 - INFO - Building stim pattern for pattern_name 306
2026-02-02 22:40:26,609 - INFO - Building stim pattern for pattern_name 672
2026-02-02 22:40:26,620 - INFO - Building stim pattern for pattern_name 2018
2026-02-02 22:40:26,630 - INFO - Building stim pattern for pattern_name 1778
2026-02-02 22:40:26,665 - INFO - Building stim pattern for pattern_name 2189
2026-02-02 22:40:26,687 - INFO - Building stim pattern for pattern_name 3448
2026-02-02 22:40:26,698 - INFO - Building stim pattern for pattern_name 2211
2026-02-02 22:40:26,715 - INFO - Building stim pattern for pattern_name 2148
2026-02-02 22:40:26,725 - INFO - Building stim pattern for pattern_name 3409
2026-02-02 22:40:26,736 - INFO - Building stim pattern for pattern_name 3052
2026-02-02 22:40:26,767 - INFO - Building stim pattern for pattern_name 268
2026-02-02 22:40:26,777 - INFO - Building stim pattern for pattern_name 1385
2026-02-02 22:40:26,786 - INFO - Building stim pattern for pattern_name 720
2026-02-02 22:40:26,797 - INFO - Building stim pattern for pattern_name 72
2026-02-02 22:40:26,806 - INFO - Building stim pattern for pattern_name 2759
2026-02-02 22:40:26,815 - INFO - Building stim pattern for pattern_name 2765
2026-02-02 22:40:26,826 - INFO - Building stim pattern for pattern_name 793
2026-02-02 22:40:26,835 - INFO - Building stim pattern for pattern_name 2171
2026-02-02 22:40:26,850 - INFO - Building stim pattern for pattern_name 2985
2026-02-02 22:40:26,861 - INFO - Building stim pattern for pattern_name 2598
2026-02-02 22:40:26,871 - INFO - Building stim pattern for pattern_name 3851
2026-02-02 22:40:26,881 - INFO - Building stim pattern for pattern_name 1434
2026-02-02 22:40:26,892 - INFO - Building stim pattern for pattern_name 1445
2026-02-02 22:40:26,903 - INFO - Building stim pattern for pattern_name 1146
2026-02-02 22:40:26,913 - INFO - Building stim pattern for pattern_name 2551
2026-02-02 22:40:26,923 - INFO - Building stim pattern for pattern_name 1802
2026-02-02 22:40:26,934 - INFO - Building stim pattern for pattern_name 3123
2026-02-02 22:40:26,950 - INFO - Building stim pattern for pattern_name 902
2026-02-02 22:40:26,961 - INFO - Building stim pattern for pattern_name 767
2026-02-02 22:40:26,973 - INFO - Building stim pattern for pattern_name 3821
2026-02-02 22:40:26,986 - INFO - Building stim pattern for pattern_name 3564
2026-02-02 22:40:27,004 - INFO - Building stim pattern for pattern_name 905
2026-02-02 22:40:27,015 - INFO - Building stim pattern for pattern_name 2624
2026-02-02 22:40:27,026 - INFO - Building stim pattern for pattern_name 2434
2026-02-02 22:40:27,035 - INFO - Building stim pattern for pattern_name 2267
2026-02-02 22:40:27,046 - INFO - Building stim pattern for pattern_name 3028
2026-02-02 22:40:27,056 - INFO - Building stim pattern for pattern_name 131
2026-02-02 22:40:27,067 - INFO - Building stim pattern for pattern_name 763
2026-02-02 22:40:27,078 - INFO - Building stim pattern for pattern_name 1751
2026-02-02 22:40:27,088 - INFO - Building stim pattern for pattern_name 2951
2026-02-02 22:40:27,100 - INFO - Building stim pattern for pattern_name 2175
2026-02-02 22:40:27,111 - INFO - Building stim pattern for pattern_name 616
2026-02-02 22:40:27,122 - INFO - Building stim pattern for pattern_name 3139
2026-02-02 22:40:27,133 - INFO - Building stim pattern for pattern_name 407
2026-02-02 22:40:27,143 - INFO - Building stim pattern for pattern_name 1245
2026-02-02 22:40:27,154 - INFO - Building stim pattern for pattern_name 3654
2026-02-02 22:40:27,165 - INFO - Building stim pattern for pattern_name 1079
2026-02-02 22:40:27,184 - INFO - Building stim pattern for pattern_name 3188
2026-02-02 22:40:27,198 - INFO - Building stim pattern for pattern_name 265
2026-02-02 22:40:27,213 - INFO - Building stim pattern for pattern_name 608
2026-02-02 22:40:27,227 - INFO - Building stim pattern for pattern_name 1025
2026-02-02 22:40:27,248 - INFO - Building stim pattern for pattern_name 2837
2026-02-02 22:40:27,259 - INFO - Building stim pattern for pattern_name 3160
2026-02-02 22:40:27,272 - INFO - Building stim pattern for pattern_name 1091
2026-02-02 22:40:27,283 - INFO - Building stim pattern for pattern_name 324
2026-02-02 22:40:27,296 - INFO - Building stim pattern for pattern_name 1214
2026-02-02 22:40:27,312 - INFO - Building stim pattern for pattern_name 180
2026-02-02 22:40:27,325 - INFO - Building stim pattern for pattern_name 3997
2026-02-02 22:40:27,337 - INFO - Building stim pattern for pattern_name 9
2026-02-02 22:40:27,353 - INFO - Building stim pattern for pattern_name 1547
2026-02-02 22:40:27,371 - INFO - Building stim pattern for pattern_name 3689
2026-02-02 22:40:27,384 - INFO - Building stim pattern for pattern_name 2159
2026-02-02 22:40:27,396 - INFO - Building stim pattern for pattern_name 364
2026-02-02 22:40:27,410 - INFO - Building stim pattern for pattern_name 3376
2026-02-02 22:40:27,420 - INFO - Building stim pattern for pattern_name 3197
2026-02-02 22:40:27,430 - INFO - Building stim pattern for pattern_name 2129
2026-02-02 22:40:27,441 - INFO - Building stim pattern for pattern_name 2472
2026-02-02 22:40:27,452 - INFO - Building stim pattern for pattern_name 3510
2026-02-02 22:40:27,463 - INFO - Building stim pattern for pattern_name 1401
2026-02-02 22:40:27,475 - INFO - Building stim pattern for pattern_name 346
2026-02-02 22:40:27,487 - INFO - Building stim pattern for pattern_name 173
2026-02-02 22:40:27,497 - INFO - Building stim pattern for pattern_name 1503
2026-02-02 22:40:27,510 - INFO - Building stim pattern for pattern_name 3506
2026-02-02 22:40:27,521 - INFO - Building stim pattern for pattern_name 356
2026-02-02 22:40:27,531 - INFO - Building stim pattern for pattern_name 709
2026-02-02 22:40:27,542 - INFO - Building stim pattern for pattern_name 1446
2026-02-02 22:40:27,561 - INFO - Building stim pattern for pattern_name 1760
2026-02-02 22:40:27,572 - INFO - Building stim pattern for pattern_name 1056
2026-02-02 22:40:27,582 - INFO - Building stim pattern for pattern_name 2995
2026-02-02 22:40:27,593 - INFO - Building stim pattern for pattern_name 122
2026-02-02 22:40:27,610 - INFO - Building stim pattern for pattern_name 19
2026-02-02 22:40:27,619 - INFO - Building stim pattern for pattern_name 536
2026-02-02 22:40:27,628 - INFO - Building stim pattern for pattern_name 1632
2026-02-02 22:40:27,638 - INFO - Building stim pattern for pattern_name 3356
2026-02-02 22:40:27,649 - INFO - Building stim pattern for pattern_name 3326
2026-02-02 22:40:27,659 - INFO - Building stim pattern for pattern_name 612
2026-02-02 22:40:27,672 - INFO - Building stim pattern for pattern_name 3573
2026-02-02 22:40:27,682 - INFO - Building stim pattern for pattern_name 3572
2026-02-02 22:40:27,692 - INFO - Building stim pattern for pattern_name 2566
2026-02-02 22:40:27,703 - INFO - Building stim pattern for pattern_name 65
2026-02-02 22:40:27,725 - INFO - Building stim pattern for pattern_name 290
2026-02-02 22:40:27,736 - INFO - Building stim pattern for pattern_name 167
2026-02-02 22:40:27,752 - INFO - Building stim pattern for pattern_name 2161
2026-02-02 22:40:27,762 - INFO - Building stim pattern for pattern_name 1315
2026-02-02 22:40:27,774 - INFO - Building stim pattern for pattern_name 1504
2026-02-02 22:40:27,801 - INFO - Building stim pattern for pattern_name 2931
2026-02-02 22:40:27,812 - INFO - Building stim pattern for pattern_name 1183
2026-02-02 22:40:27,823 - INFO - Building stim pattern for pattern_name 2652
2026-02-02 22:40:27,834 - INFO - Building stim pattern for pattern_name 466
2026-02-02 22:40:27,845 - INFO - Building stim pattern for pattern_name 3981
2026-02-02 22:40:27,855 - INFO - Building stim pattern for pattern_name 676
2026-02-02 22:40:27,867 - INFO - Building stim pattern for pattern_name 2038
2026-02-02 22:40:27,879 - INFO - Building stim pattern for pattern_name 3037
2026-02-02 22:40:27,900 - INFO - Building stim pattern for pattern_name 2153
2026-02-02 22:40:27,913 - INFO - Building stim pattern for pattern_name 927
2026-02-02 22:40:27,928 - INFO - Building stim pattern for pattern_name 2662
2026-02-02 22:40:27,946 - INFO - Building stim pattern for pattern_name 935
2026-02-02 22:40:27,958 - INFO - Building stim pattern for pattern_name 2168
2026-02-02 22:40:27,969 - INFO - Building stim pattern for pattern_name 1919
2026-02-02 22:40:27,980 - INFO - Building stim pattern for pattern_name 1136
2026-02-02 22:40:27,991 - INFO - Building stim pattern for pattern_name 3236
2026-02-02 22:40:28,000 - INFO - Building stim pattern for pattern_name 2009
2026-02-02 22:40:28,011 - INFO - Building stim pattern for pattern_name 1226
2026-02-02 22:40:28,021 - INFO - Building stim pattern for pattern_name 3799
2026-02-02 22:40:28,030 - INFO - Building stim pattern for pattern_name 1478
2026-02-02 22:40:28,041 - INFO - Building stim pattern for pattern_name 2806
2026-02-02 22:40:28,051 - INFO - Building stim pattern for pattern_name 2258
2026-02-02 22:40:28,061 - INFO - Building stim pattern for pattern_name 782
2026-02-02 22:40:28,078 - INFO - Building stim pattern for pattern_name 1272
2026-02-02 22:40:28,088 - INFO - Building stim pattern for pattern_name 2761
2026-02-02 22:40:28,099 - INFO - Building stim pattern for pattern_name 154
2026-02-02 22:40:28,109 - INFO - Building stim pattern for pattern_name 914
2026-02-02 22:40:28,119 - INFO - Building stim pattern for pattern_name 2960
2026-02-02 22:40:28,131 - INFO - Building stim pattern for pattern_name 1196
2026-02-02 22:40:28,143 - INFO - Building stim pattern for pattern_name 552
2026-02-02 22:40:28,155 - INFO - Building stim pattern for pattern_name 3571
2026-02-02 22:40:28,165 - INFO - Building stim pattern for pattern_name 3228
2026-02-02 22:40:28,189 - INFO - Building stim pattern for pattern_name 1568
2026-02-02 22:40:28,199 - INFO - Building stim pattern for pattern_name 3122
2026-02-02 22:40:28,210 - INFO - Building stim pattern for pattern_name 1509
2026-02-02 22:40:28,223 - INFO - Building stim pattern for pattern_name 1865
2026-02-02 22:40:28,237 - INFO - Building stim pattern for pattern_name 2864
2026-02-02 22:40:28,288 - INFO - Building stim pattern for pattern_name 3547
2026-02-02 22:40:28,363 - INFO - Building stim pattern for pattern_name 2019
2026-02-02 22:40:28,379 - INFO - Building stim pattern for pattern_name 2295
2026-02-02 22:40:28,398 - INFO - Building stim pattern for pattern_name 818
2026-02-02 22:40:28,419 - INFO - Building stim pattern for pattern_name 1304
2026-02-02 22:40:28,429 - INFO - Building stim pattern for pattern_name 1517
2026-02-02 22:40:28,440 - INFO - Building stim pattern for pattern_name 606
2026-02-02 22:40:28,451 - INFO - Building stim pattern for pattern_name 1938
2026-02-02 22:40:28,461 - INFO - Building stim pattern for pattern_name 368
2026-02-02 22:40:28,474 - INFO - Building stim pattern for pattern_name 895
2026-02-02 22:40:28,484 - INFO - Building stim pattern for pattern_name 1398
2026-02-02 22:40:28,494 - INFO - Building stim pattern for pattern_name 2190
2026-02-02 22:40:28,506 - INFO - Building stim pattern for pattern_name 3522
2026-02-02 22:40:28,520 - INFO - Building stim pattern for pattern_name 63
2026-02-02 22:40:28,532 - INFO - Building stim pattern for pattern_name 1372
2026-02-02 22:40:28,549 - INFO - Building stim pattern for pattern_name 605
2026-02-02 22:40:28,567 - INFO - Building stim pattern for pattern_name 471
2026-02-02 22:40:28,577 - INFO - Building stim pattern for pattern_name 3042
2026-02-02 22:40:28,588 - INFO - Building stim pattern for pattern_name 261
2026-02-02 22:40:28,598 - INFO - Building stim pattern for pattern_name 752
2026-02-02 22:40:28,610 - INFO - Building stim pattern for pattern_name 2916
2026-02-02 22:40:28,621 - INFO - Building stim pattern for pattern_name 187
2026-02-02 22:40:28,631 - INFO - Building stim pattern for pattern_name 2733
2026-02-02 22:40:28,666 - INFO - Building stim pattern for pattern_name 3790
2026-02-02 22:40:28,676 - INFO - Building stim pattern for pattern_name 2233
2026-02-02 22:40:28,685 - INFO - Building stim pattern for pattern_name 1225
2026-02-02 22:40:28,696 - INFO - Building stim pattern for pattern_name 1371
2026-02-02 22:40:28,708 - INFO - Building stim pattern for pattern_name 3034
2026-02-02 22:40:28,724 - INFO - Building stim pattern for pattern_name 1733
2026-02-02 22:40:28,736 - INFO - Building stim pattern for pattern_name 1072
2026-02-02 22:40:28,747 - INFO - Building stim pattern for pattern_name 2601
2026-02-02 22:40:28,763 - INFO - Building stim pattern for pattern_name 414
2026-02-02 22:40:28,774 - INFO - Building stim pattern for pattern_name 2519
2026-02-02 22:40:28,789 - INFO - Building stim pattern for pattern_name 3828
2026-02-02 22:40:28,803 - INFO - Building stim pattern for pattern_name 1607
2026-02-02 22:40:28,823 - INFO - Building stim pattern for pattern_name 2690
2026-02-02 22:40:28,838 - INFO - Building stim pattern for pattern_name 2878
2026-02-02 22:40:28,854 - INFO - Building stim pattern for pattern_name 386
2026-02-02 22:40:28,874 - INFO - Building stim pattern for pattern_name 713
2026-02-02 22:40:28,887 - INFO - Building stim pattern for pattern_name 3758
2026-02-02 22:40:28,897 - INFO - Building stim pattern for pattern_name 2014
2026-02-02 22:40:28,914 - INFO - Building stim pattern for pattern_name 1162
2026-02-02 22:40:28,924 - INFO - Building stim pattern for pattern_name 2166
2026-02-02 22:40:28,935 - INFO - Building stim pattern for pattern_name 1242
2026-02-02 22:40:28,946 - INFO - Building stim pattern for pattern_name 1292
2026-02-02 22:40:28,970 - INFO - Building stim pattern for pattern_name 2145
2026-02-02 22:40:28,982 - INFO - Building stim pattern for pattern_name 3591
2026-02-02 22:40:28,995 - INFO - Building stim pattern for pattern_name 1461
2026-02-02 22:40:29,008 - INFO - Building stim pattern for pattern_name 3275
2026-02-02 22:40:29,017 - INFO - Building stim pattern for pattern_name 2618
2026-02-02 22:40:29,029 - INFO - Building stim pattern for pattern_name 1190
2026-02-02 22:40:29,040 - INFO - Building stim pattern for pattern_name 124
2026-02-02 22:40:29,051 - INFO - Building stim pattern for pattern_name 2194
2026-02-02 22:40:29,070 - INFO - Building stim pattern for pattern_name 2795
2026-02-02 22:40:29,096 - INFO - Building stim pattern for pattern_name 2083
2026-02-02 22:40:29,116 - INFO - Building stim pattern for pattern_name 388
2026-02-02 22:40:29,129 - INFO - Building stim pattern for pattern_name 1544
2026-02-02 22:40:29,149 - INFO - Building stim pattern for pattern_name 1448
2026-02-02 22:40:29,160 - INFO - Building stim pattern for pattern_name 3941
2026-02-02 22:40:29,176 - INFO - Building stim pattern for pattern_name 2227
2026-02-02 22:40:29,188 - INFO - Building stim pattern for pattern_name 607
2026-02-02 22:40:29,200 - INFO - Building stim pattern for pattern_name 622
2026-02-02 22:40:29,210 - INFO - Building stim pattern for pattern_name 3408
2026-02-02 22:40:29,222 - INFO - Building stim pattern for pattern_name 110
2026-02-02 22:40:29,246 - INFO - Building stim pattern for pattern_name 3287
2026-02-02 22:40:29,255 - INFO - Building stim pattern for pattern_name 2315
2026-02-02 22:40:29,272 - INFO - Building stim pattern for pattern_name 1860
2026-02-02 22:40:29,282 - INFO - Building stim pattern for pattern_name 1254
2026-02-02 22:40:29,295 - INFO - Building stim pattern for pattern_name 3029
2026-02-02 22:40:29,309 - INFO - Building stim pattern for pattern_name 1463
2026-02-02 22:40:29,321 - INFO - Building stim pattern for pattern_name 454
2026-02-02 22:40:29,334 - INFO - Building stim pattern for pattern_name 2640
2026-02-02 22:40:29,346 - INFO - Building stim pattern for pattern_name 1472
2026-02-02 22:40:29,355 - INFO - Building stim pattern for pattern_name 959
2026-02-02 22:40:29,364 - INFO - Building stim pattern for pattern_name 1827
2026-02-02 22:40:29,375 - INFO - Building stim pattern for pattern_name 3392
2026-02-02 22:40:29,386 - INFO - Building stim pattern for pattern_name 1715
2026-02-02 22:40:29,397 - INFO - Building stim pattern for pattern_name 2847
2026-02-02 22:40:29,410 - INFO - Building stim pattern for pattern_name 1119
2026-02-02 22:40:29,431 - INFO - Building stim pattern for pattern_name 452
2026-02-02 22:40:29,443 - INFO - Building stim pattern for pattern_name 1310
2026-02-02 22:40:29,463 - INFO - Building stim pattern for pattern_name 2590
2026-02-02 22:40:29,476 - INFO - Building stim pattern for pattern_name 136
2026-02-02 22:40:29,486 - INFO - Building stim pattern for pattern_name 3518
2026-02-02 22:40:29,496 - INFO - Building stim pattern for pattern_name 2463
2026-02-02 22:40:29,507 - INFO - Building stim pattern for pattern_name 1937
2026-02-02 22:40:29,517 - INFO - Building stim pattern for pattern_name 3739
2026-02-02 22:40:29,527 - INFO - Building stim pattern for pattern_name 945
2026-02-02 22:40:29,547 - INFO - Building stim pattern for pattern_name 2900
2026-02-02 22:40:29,559 - INFO - Building stim pattern for pattern_name 3976
2026-02-02 22:40:29,571 - INFO - Building stim pattern for pattern_name 919
2026-02-02 22:40:29,582 - INFO - Building stim pattern for pattern_name 774
2026-02-02 22:40:29,592 - INFO - Building stim pattern for pattern_name 2625
2026-02-02 22:40:29,603 - INFO - Building stim pattern for pattern_name 107
2026-02-02 22:40:29,614 - INFO - Building stim pattern for pattern_name 1002
2026-02-02 22:40:29,625 - INFO - Building stim pattern for pattern_name 1900
2026-02-02 22:40:29,635 - INFO - Building stim pattern for pattern_name 703
2026-02-02 22:40:29,647 - INFO - Building stim pattern for pattern_name 1068
2026-02-02 22:40:29,656 - INFO - Building stim pattern for pattern_name 3233
2026-02-02 22:40:29,675 - INFO - Building stim pattern for pattern_name 1844
2026-02-02 22:40:29,687 - INFO - Building stim pattern for pattern_name 2288
2026-02-02 22:40:29,699 - INFO - Building stim pattern for pattern_name 1028
2026-02-02 22:40:29,709 - INFO - Building stim pattern for pattern_name 348
2026-02-02 22:40:29,727 - INFO - Building stim pattern for pattern_name 3848
2026-02-02 22:40:29,740 - INFO - Building stim pattern for pattern_name 3109
2026-02-02 22:40:29,765 - INFO - Building stim pattern for pattern_name 3886
2026-02-02 22:40:29,776 - INFO - Building stim pattern for pattern_name 1748
2026-02-02 22:40:29,786 - INFO - Building stim pattern for pattern_name 2012
2026-02-02 22:40:29,796 - INFO - Building stim pattern for pattern_name 297
2026-02-02 22:40:29,809 - INFO - Building stim pattern for pattern_name 2132
2026-02-02 22:40:29,836 - INFO - Building stim pattern for pattern_name 3538
2026-02-02 22:40:29,848 - INFO - Building stim pattern for pattern_name 2504
2026-02-02 22:40:29,860 - INFO - Building stim pattern for pattern_name 2352
2026-02-02 22:40:29,872 - INFO - Building stim pattern for pattern_name 1926
2026-02-02 22:40:29,882 - INFO - Building stim pattern for pattern_name 906
2026-02-02 22:40:29,892 - INFO - Building stim pattern for pattern_name 3293
2026-02-02 22:40:29,906 - INFO - Building stim pattern for pattern_name 3339
2026-02-02 22:40:29,919 - INFO - Building stim pattern for pattern_name 3004
2026-02-02 22:40:29,930 - INFO - Building stim pattern for pattern_name 761
2026-02-02 22:40:29,939 - INFO - Building stim pattern for pattern_name 3487
2026-02-02 22:40:29,950 - INFO - Building stim pattern for pattern_name 354
2026-02-02 22:40:29,966 - INFO - Building stim pattern for pattern_name 3653
2026-02-02 22:40:29,980 - INFO - Building stim pattern for pattern_name 3737
2026-02-02 22:40:29,992 - INFO - Building stim pattern for pattern_name 2757
2026-02-02 22:40:30,006 - INFO - Building stim pattern for pattern_name 3813
2026-02-02 22:40:30,107 - INFO - Building stim pattern for pattern_name 1528
2026-02-02 22:40:30,132 - INFO - Building stim pattern for pattern_name 3054
2026-02-02 22:40:30,145 - INFO - Building stim pattern for pattern_name 208
2026-02-02 22:40:30,157 - INFO - Building stim pattern for pattern_name 3377
2026-02-02 22:40:30,169 - INFO - Building stim pattern for pattern_name 1277
2026-02-02 22:40:30,193 - INFO - Building stim pattern for pattern_name 2500
2026-02-02 22:40:30,204 - INFO - Building stim pattern for pattern_name 3283
2026-02-02 22:40:30,222 - INFO - Building stim pattern for pattern_name 708
2026-02-02 22:40:30,234 - INFO - Building stim pattern for pattern_name 2209
2026-02-02 22:40:30,251 - INFO - Building stim pattern for pattern_name 2215
2026-02-02 22:40:30,262 - INFO - Building stim pattern for pattern_name 2471
2026-02-02 22:40:30,278 - INFO - Building stim pattern for pattern_name 792
2026-02-02 22:40:30,289 - INFO - Building stim pattern for pattern_name 3899
2026-02-02 22:40:30,301 - INFO - Building stim pattern for pattern_name 3912
2026-02-02 22:40:30,312 - INFO - Building stim pattern for pattern_name 382
2026-02-02 22:40:30,323 - INFO - Building stim pattern for pattern_name 778
2026-02-02 22:40:30,334 - INFO - Building stim pattern for pattern_name 3867
2026-02-02 22:40:30,352 - INFO - Building stim pattern for pattern_name 1948
2026-02-02 22:40:30,363 - INFO - Building stim pattern for pattern_name 3509
2026-02-02 22:40:30,374 - INFO - Building stim pattern for pattern_name 3555
2026-02-02 22:40:30,384 - INFO - Building stim pattern for pattern_name 3992
2026-02-02 22:40:30,395 - INFO - Building stim pattern for pattern_name 1882
2026-02-02 22:40:30,406 - INFO - Building stim pattern for pattern_name 99
2026-02-02 22:40:30,422 - INFO - Building stim pattern for pattern_name 2536
2026-02-02 22:40:30,432 - INFO - Building stim pattern for pattern_name 892
2026-02-02 22:40:30,442 - INFO - Building stim pattern for pattern_name 2834
2026-02-02 22:40:30,453 - INFO - Building stim pattern for pattern_name 989
2026-02-02 22:40:30,464 - INFO - Building stim pattern for pattern_name 3540
2026-02-02 22:40:30,475 - INFO - Building stim pattern for pattern_name 1501
2026-02-02 22:40:30,485 - INFO - Building stim pattern for pattern_name 2793
2026-02-02 22:40:30,494 - INFO - Building stim pattern for pattern_name 1042
2026-02-02 22:40:30,505 - INFO - Building stim pattern for pattern_name 3417
2026-02-02 22:40:30,518 - INFO - Building stim pattern for pattern_name 665
2026-02-02 22:40:30,530 - INFO - Building stim pattern for pattern_name 3579
2026-02-02 22:40:30,542 - INFO - Building stim pattern for pattern_name 58
2026-02-02 22:40:30,557 - INFO - Building stim pattern for pattern_name 626
2026-02-02 22:40:30,567 - INFO - Building stim pattern for pattern_name 1013
2026-02-02 22:40:30,582 - INFO - Building stim pattern for pattern_name 3159
2026-02-02 22:40:30,593 - INFO - Building stim pattern for pattern_name 3679
2026-02-02 22:40:30,616 - INFO - Building stim pattern for pattern_name 3675
2026-02-02 22:40:30,625 - INFO - Building stim pattern for pattern_name 3944
2026-02-02 22:40:30,636 - INFO - Building stim pattern for pattern_name 1251
2026-02-02 22:40:30,646 - INFO - Building stim pattern for pattern_name 3505
2026-02-02 22:40:30,657 - INFO - Building stim pattern for pattern_name 1151
2026-02-02 22:40:30,679 - INFO - Building stim pattern for pattern_name 1369
2026-02-02 22:40:30,690 - INFO - Building stim pattern for pattern_name 600
2026-02-02 22:40:30,700 - INFO - Building stim pattern for pattern_name 2459
2026-02-02 22:40:30,710 - INFO - Building stim pattern for pattern_name 1249
2026-02-02 22:40:30,726 - INFO - Building stim pattern for pattern_name 841
2026-02-02 22:40:30,737 - INFO - Building stim pattern for pattern_name 3321
2026-02-02 22:40:30,748 - INFO - Building stim pattern for pattern_name 1639
2026-02-02 22:40:30,759 - INFO - Building stim pattern for pattern_name 3864
2026-02-02 22:40:30,769 - INFO - Building stim pattern for pattern_name 1328
2026-02-02 22:40:30,786 - INFO - Building stim pattern for pattern_name 2142
2026-02-02 22:40:30,797 - INFO - Building stim pattern for pattern_name 3770
2026-02-02 22:40:30,809 - INFO - Building stim pattern for pattern_name 3134
2026-02-02 22:40:30,819 - INFO - Building stim pattern for pattern_name 3687
2026-02-02 22:40:30,829 - INFO - Building stim pattern for pattern_name 202
2026-02-02 22:40:30,840 - INFO - Building stim pattern for pattern_name 771
2026-02-02 22:40:30,850 - INFO - Building stim pattern for pattern_name 1163
2026-02-02 22:40:30,860 - INFO - Building stim pattern for pattern_name 1642
2026-02-02 22:40:30,871 - INFO - Building stim pattern for pattern_name 504
2026-02-02 22:40:30,881 - INFO - Building stim pattern for pattern_name 3560
2026-02-02 22:40:30,893 - INFO - Building stim pattern for pattern_name 2873
2026-02-02 22:40:30,910 - INFO - Building stim pattern for pattern_name 3058
2026-02-02 22:40:30,920 - INFO - Building stim pattern for pattern_name 1881
2026-02-02 22:40:30,939 - INFO - Building stim pattern for pattern_name 3563
2026-02-02 22:40:30,956 - INFO - Building stim pattern for pattern_name 1231
2026-02-02 22:40:30,968 - INFO - Building stim pattern for pattern_name 166
2026-02-02 22:40:30,981 - INFO - Building stim pattern for pattern_name 2391
2026-02-02 22:40:30,993 - INFO - Building stim pattern for pattern_name 1186
2026-02-02 22:40:31,004 - INFO - Building stim pattern for pattern_name 2487
2026-02-02 22:40:31,015 - INFO - Building stim pattern for pattern_name 722
2026-02-02 22:40:31,031 - INFO - Building stim pattern for pattern_name 3943
2026-02-02 22:40:31,042 - INFO - Building stim pattern for pattern_name 2571
2026-02-02 22:40:31,052 - INFO - Building stim pattern for pattern_name 1148
2026-02-02 22:40:31,070 - INFO - Building stim pattern for pattern_name 3646
2026-02-02 22:40:31,080 - INFO - Building stim pattern for pattern_name 3394
2026-02-02 22:40:31,091 - INFO - Building stim pattern for pattern_name 2976
2026-02-02 22:40:31,102 - INFO - Building stim pattern for pattern_name 873
2026-02-02 22:40:31,124 - INFO - Building stim pattern for pattern_name 371
2026-02-02 22:40:31,135 - INFO - Building stim pattern for pattern_name 1404
2026-02-02 22:40:31,152 - INFO - Building stim pattern for pattern_name 3965
2026-02-02 22:40:31,163 - INFO - Building stim pattern for pattern_name 3791
2026-02-02 22:40:31,173 - INFO - Building stim pattern for pattern_name 2476
2026-02-02 22:40:31,183 - INFO - Building stim pattern for pattern_name 2606
2026-02-02 22:40:31,193 - INFO - Building stim pattern for pattern_name 1392
2026-02-02 22:40:31,204 - INFO - Building stim pattern for pattern_name 2365
2026-02-02 22:40:31,214 - INFO - Building stim pattern for pattern_name 845
2026-02-02 22:40:31,224 - INFO - Building stim pattern for pattern_name 1622
2026-02-02 22:40:31,234 - INFO - Building stim pattern for pattern_name 3936
2026-02-02 22:40:31,244 - INFO - Building stim pattern for pattern_name 2287
2026-02-02 22:40:31,254 - INFO - Building stim pattern for pattern_name 2195
2026-02-02 22:40:31,264 - INFO - Building stim pattern for pattern_name 2647
2026-02-02 22:40:31,275 - INFO - Building stim pattern for pattern_name 2680
2026-02-02 22:40:31,287 - INFO - Building stim pattern for pattern_name 3402
2026-02-02 22:40:31,297 - INFO - Building stim pattern for pattern_name 1627
2026-02-02 22:40:31,307 - INFO - Building stim pattern for pattern_name 3479
2026-02-02 22:40:31,325 - INFO - Building stim pattern for pattern_name 804
2026-02-02 22:40:31,336 - INFO - Building stim pattern for pattern_name 2938
2026-02-02 22:40:31,354 - INFO - Building stim pattern for pattern_name 2304
2026-02-02 22:40:31,364 - INFO - Building stim pattern for pattern_name 3090
2026-02-02 22:40:31,375 - INFO - Building stim pattern for pattern_name 918
2026-02-02 22:40:31,385 - INFO - Building stim pattern for pattern_name 984
2026-02-02 22:40:31,401 - INFO - Building stim pattern for pattern_name 1344
2026-02-02 22:40:31,425 - INFO - Building stim pattern for pattern_name 40
2026-02-02 22:40:31,436 - INFO - Building stim pattern for pattern_name 667
2026-02-02 22:40:31,447 - INFO - Building stim pattern for pattern_name 422
2026-02-02 22:40:31,457 - INFO - Building stim pattern for pattern_name 3551
2026-02-02 22:40:31,472 - INFO - Building stim pattern for pattern_name 3415
2026-02-02 22:40:31,486 - INFO - Building stim pattern for pattern_name 304
2026-02-02 22:40:31,510 - INFO - Building stim pattern for pattern_name 3079
2026-02-02 22:40:31,526 - INFO - Building stim pattern for pattern_name 1984
2026-02-02 22:40:31,538 - INFO - Building stim pattern for pattern_name 3390
2026-02-02 22:40:31,549 - INFO - Building stim pattern for pattern_name 2914
2026-02-02 22:40:31,560 - INFO - Building stim pattern for pattern_name 3115
2026-02-02 22:40:31,570 - INFO - Building stim pattern for pattern_name 3110
2026-02-02 22:40:31,581 - INFO - Building stim pattern for pattern_name 3386
2026-02-02 22:40:31,591 - INFO - Building stim pattern for pattern_name 1718
2026-02-02 22:40:31,602 - INFO - Building stim pattern for pattern_name 1970
2026-02-02 22:40:31,613 - INFO - Building stim pattern for pattern_name 820
2026-02-02 22:40:31,624 - INFO - Building stim pattern for pattern_name 1452
2026-02-02 22:40:31,639 - INFO - Building stim pattern for pattern_name 3078
2026-02-02 22:40:31,657 - INFO - Building stim pattern for pattern_name 1004
2026-02-02 22:40:31,669 - INFO - Building stim pattern for pattern_name 1818
2026-02-02 22:40:31,679 - INFO - Building stim pattern for pattern_name 1349
2026-02-02 22:40:31,692 - INFO - Building stim pattern for pattern_name 3041
2026-02-02 22:40:31,703 - INFO - Building stim pattern for pattern_name 451
2026-02-02 22:40:31,715 - INFO - Building stim pattern for pattern_name 2332
2026-02-02 22:40:31,725 - INFO - Building stim pattern for pattern_name 598
2026-02-02 22:40:31,735 - INFO - Building stim pattern for pattern_name 2805
2026-02-02 22:40:31,747 - INFO - Building stim pattern for pattern_name 3656
2026-02-02 22:40:31,757 - INFO - Building stim pattern for pattern_name 882
2026-02-02 22:40:31,767 - INFO - Building stim pattern for pattern_name 3873
2026-02-02 22:40:31,779 - INFO - Building stim pattern for pattern_name 3630
2026-02-02 22:40:31,789 - INFO - Building stim pattern for pattern_name 3797
2026-02-02 22:40:31,799 - INFO - Building stim pattern for pattern_name 3749
2026-02-02 22:40:31,809 - INFO - Building stim pattern for pattern_name 97
2026-02-02 22:40:31,819 - INFO - Building stim pattern for pattern_name 3280
2026-02-02 22:40:31,830 - INFO - Building stim pattern for pattern_name 172
2026-02-02 22:40:31,841 - INFO - Building stim pattern for pattern_name 3891
2026-02-02 22:40:31,852 - INFO - Building stim pattern for pattern_name 3932
2026-02-02 22:40:31,863 - INFO - Building stim pattern for pattern_name 1784
2026-02-02 22:40:31,880 - INFO - Building stim pattern for pattern_name 493
2026-02-02 22:40:31,894 - INFO - Building stim pattern for pattern_name 2833
2026-02-02 22:40:31,905 - INFO - Building stim pattern for pattern_name 690
2026-02-02 22:40:31,915 - INFO - Building stim pattern for pattern_name 3333
2026-02-02 22:40:31,926 - INFO - Building stim pattern for pattern_name 3800
2026-02-02 22:40:31,936 - INFO - Building stim pattern for pattern_name 59
2026-02-02 22:40:31,946 - INFO - Building stim pattern for pattern_name 3299
2026-02-02 22:40:31,957 - INFO - Building stim pattern for pattern_name 2670
2026-02-02 22:40:31,969 - INFO - Building stim pattern for pattern_name 2439
2026-02-02 22:40:31,979 - INFO - Building stim pattern for pattern_name 283
2026-02-02 22:40:31,996 - INFO - Building stim pattern for pattern_name 3543
2026-02-02 22:40:32,007 - INFO - Building stim pattern for pattern_name 3824
2026-02-02 22:40:32,018 - INFO - Building stim pattern for pattern_name 3232
2026-02-02 22:40:32,030 - INFO - Building stim pattern for pattern_name 1803
2026-02-02 22:40:32,101 - INFO - Building stim pattern for pattern_name 1306
2026-02-02 22:40:32,151 - INFO - Building stim pattern for pattern_name 260
2026-02-02 22:40:32,166 - INFO - Building stim pattern for pattern_name 2071
2026-02-02 22:40:32,179 - INFO - Building stim pattern for pattern_name 379
2026-02-02 22:40:32,189 - INFO - Building stim pattern for pattern_name 3962
2026-02-02 22:40:32,206 - INFO - Building stim pattern for pattern_name 779
2026-02-02 22:40:32,217 - INFO - Building stim pattern for pattern_name 861
2026-02-02 22:40:32,241 - INFO - Building stim pattern for pattern_name 177
2026-02-02 22:40:32,275 - INFO - Building stim pattern for pattern_name 1338
2026-02-02 22:40:32,288 - INFO - Building stim pattern for pattern_name 312
2026-02-02 22:40:32,297 - INFO - Building stim pattern for pattern_name 163
2026-02-02 22:40:32,315 - INFO - Building stim pattern for pattern_name 3632
2026-02-02 22:40:32,333 - INFO - Building stim pattern for pattern_name 1904
2026-02-02 22:40:32,345 - INFO - Building stim pattern for pattern_name 1535
2026-02-02 22:40:32,357 - INFO - Building stim pattern for pattern_name 3490
2026-02-02 22:40:32,377 - INFO - Building stim pattern for pattern_name 2617
2026-02-02 22:40:32,388 - INFO - Building stim pattern for pattern_name 2490
2026-02-02 22:40:32,399 - INFO - Building stim pattern for pattern_name 1732
2026-02-02 22:40:32,416 - INFO - Building stim pattern for pattern_name 57
2026-02-02 22:40:32,427 - INFO - Building stim pattern for pattern_name 295
2026-02-02 22:40:32,443 - INFO - Building stim pattern for pattern_name 458
2026-02-02 22:40:32,454 - INFO - Building stim pattern for pattern_name 966
2026-02-02 22:40:32,465 - INFO - Building stim pattern for pattern_name 1797
2026-02-02 22:40:32,476 - INFO - Building stim pattern for pattern_name 3066
2026-02-02 22:40:32,486 - INFO - Building stim pattern for pattern_name 3681
2026-02-02 22:40:32,498 - INFO - Building stim pattern for pattern_name 2550
2026-02-02 22:40:32,508 - INFO - Building stim pattern for pattern_name 2187
2026-02-02 22:40:32,519 - INFO - Building stim pattern for pattern_name 2511
2026-02-02 22:40:32,530 - INFO - Building stim pattern for pattern_name 328
2026-02-02 22:40:32,540 - INFO - Building stim pattern for pattern_name 2477
2026-02-02 22:40:32,550 - INFO - Building stim pattern for pattern_name 299
2026-02-02 22:40:32,562 - INFO - Building stim pattern for pattern_name 2154
2026-02-02 22:40:32,572 - INFO - Building stim pattern for pattern_name 3324
2026-02-02 22:40:32,588 - INFO - Building stim pattern for pattern_name 2411
2026-02-02 22:40:32,597 - INFO - Building stim pattern for pattern_name 3928
2026-02-02 22:40:32,609 - INFO - Building stim pattern for pattern_name 315
2026-02-02 22:40:32,632 - INFO - Building stim pattern for pattern_name 2808
2026-02-02 22:40:32,650 - INFO - Building stim pattern for pattern_name 1712
2026-02-02 22:40:32,665 - INFO - Building stim pattern for pattern_name 2687
2026-02-02 22:40:32,691 - INFO - Building stim pattern for pattern_name 2116
2026-02-02 22:40:32,722 - INFO - Building stim pattern for pattern_name 3743
2026-02-02 22:40:32,739 - INFO - Building stim pattern for pattern_name 1185
2026-02-02 22:40:32,751 - INFO - Building stim pattern for pattern_name 3624
2026-02-02 22:40:32,764 - INFO - Building stim pattern for pattern_name 45
2026-02-02 22:40:32,776 - INFO - Building stim pattern for pattern_name 3977
2026-02-02 22:40:32,789 - INFO - Building stim pattern for pattern_name 807
2026-02-02 22:40:32,799 - INFO - Building stim pattern for pattern_name 1749
2026-02-02 22:40:32,811 - INFO - Building stim pattern for pattern_name 997
2026-02-02 22:40:32,822 - INFO - Building stim pattern for pattern_name 3006
2026-02-02 22:40:32,831 - INFO - Building stim pattern for pattern_name 1527
2026-02-02 22:40:32,842 - INFO - Building stim pattern for pattern_name 188
2026-02-02 22:40:32,854 - INFO - Building stim pattern for pattern_name 2707
2026-02-02 22:40:32,871 - INFO - Building stim pattern for pattern_name 1105
2026-02-02 22:40:32,881 - INFO - Building stim pattern for pattern_name 3918
2026-02-02 22:40:32,892 - INFO - Building stim pattern for pattern_name 1020
2026-02-02 22:40:32,902 - INFO - Building stim pattern for pattern_name 2975
2026-02-02 22:40:32,914 - INFO - Building stim pattern for pattern_name 3680
2026-02-02 22:40:32,924 - INFO - Building stim pattern for pattern_name 1981
2026-02-02 22:40:32,936 - INFO - Building stim pattern for pattern_name 1139
2026-02-02 22:40:32,947 - INFO - Building stim pattern for pattern_name 867
2026-02-02 22:40:32,957 - INFO - Building stim pattern for pattern_name 1378
2026-02-02 22:40:32,968 - INFO - Building stim pattern for pattern_name 1649
2026-02-02 22:40:32,979 - INFO - Building stim pattern for pattern_name 3927
2026-02-02 22:40:32,991 - INFO - Building stim pattern for pattern_name 3904
2026-02-02 22:40:33,008 - INFO - Building stim pattern for pattern_name 1605
2026-02-02 22:40:33,020 - INFO - Building stim pattern for pattern_name 1993
2026-02-02 22:40:33,029 - INFO - Building stim pattern for pattern_name 2703
2026-02-02 22:40:33,039 - INFO - Building stim pattern for pattern_name 2896
2026-02-02 22:40:33,049 - INFO - Building stim pattern for pattern_name 308
2026-02-02 22:40:33,060 - INFO - Building stim pattern for pattern_name 1179
2026-02-02 22:40:33,077 - INFO - Building stim pattern for pattern_name 3523
2026-02-02 22:40:33,090 - INFO - Building stim pattern for pattern_name 1409
2026-02-02 22:40:33,104 - INFO - Building stim pattern for pattern_name 3464
2026-02-02 22:40:33,119 - INFO - Building stim pattern for pattern_name 3750
2026-02-02 22:40:33,129 - INFO - Building stim pattern for pattern_name 331
2026-02-02 22:40:33,139 - INFO - Building stim pattern for pattern_name 1334
2026-02-02 22:40:33,151 - INFO - Building stim pattern for pattern_name 2553
2026-02-02 22:40:33,165 - INFO - Building stim pattern for pattern_name 874
2026-02-02 22:40:33,178 - INFO - Building stim pattern for pattern_name 2438
2026-02-02 22:40:33,189 - INFO - Building stim pattern for pattern_name 1658
2026-02-02 22:40:33,205 - INFO - Building stim pattern for pattern_name 2538
2026-02-02 22:40:33,215 - INFO - Building stim pattern for pattern_name 3519
2026-02-02 22:40:33,226 - INFO - Building stim pattern for pattern_name 3804
2026-02-02 22:40:33,238 - INFO - Building stim pattern for pattern_name 3281
2026-02-02 22:40:33,250 - INFO - Building stim pattern for pattern_name 1432
2026-02-02 22:40:33,260 - INFO - Building stim pattern for pattern_name 2906
2026-02-02 22:40:33,269 - INFO - Building stim pattern for pattern_name 2702
2026-02-02 22:40:33,280 - INFO - Building stim pattern for pattern_name 3250
2026-02-02 22:40:33,292 - INFO - Building stim pattern for pattern_name 2470
2026-02-02 22:40:33,304 - INFO - Building stim pattern for pattern_name 3154
2026-02-02 22:40:33,315 - INFO - Building stim pattern for pattern_name 2789
2026-02-02 22:40:33,334 - INFO - Building stim pattern for pattern_name 1474
2026-02-02 22:40:33,348 - INFO - Building stim pattern for pattern_name 736
2026-02-02 22:40:33,358 - INFO - Building stim pattern for pattern_name 3343
2026-02-02 22:40:33,371 - INFO - Building stim pattern for pattern_name 2317
2026-02-02 22:40:33,386 - INFO - Building stim pattern for pattern_name 3508
2026-02-02 22:40:33,397 - INFO - Building stim pattern for pattern_name 114
2026-02-02 22:40:33,409 - INFO - Building stim pattern for pattern_name 96
2026-02-02 22:40:33,420 - INFO - Building stim pattern for pattern_name 303
2026-02-02 22:40:33,431 - INFO - Building stim pattern for pattern_name 970
2026-02-02 22:40:33,453 - INFO - Building stim pattern for pattern_name 482
2026-02-02 22:40:33,465 - INFO - Building stim pattern for pattern_name 2678
2026-02-02 22:40:33,477 - INFO - Building stim pattern for pattern_name 2298
2026-02-02 22:40:33,491 - INFO - Building stim pattern for pattern_name 565
2026-02-02 22:40:33,515 - INFO - Building stim pattern for pattern_name 3819
2026-02-02 22:40:33,527 - INFO - Building stim pattern for pattern_name 2284
2026-02-02 22:40:33,538 - INFO - Building stim pattern for pattern_name 2489
2026-02-02 22:40:33,550 - INFO - Building stim pattern for pattern_name 1365
2026-02-02 22:40:33,560 - INFO - Building stim pattern for pattern_name 2817
2026-02-02 22:40:33,570 - INFO - Building stim pattern for pattern_name 1804
2026-02-02 22:40:33,581 - INFO - Building stim pattern for pattern_name 688
2026-02-02 22:40:33,591 - INFO - Building stim pattern for pattern_name 1071
2026-02-02 22:40:33,603 - INFO - Building stim pattern for pattern_name 1657
2026-02-02 22:40:33,613 - INFO - Building stim pattern for pattern_name 498
2026-02-02 22:40:33,622 - INFO - Building stim pattern for pattern_name 1100
2026-02-02 22:40:33,632 - INFO - Building stim pattern for pattern_name 2957
2026-02-02 22:40:33,643 - INFO - Building stim pattern for pattern_name 3502
2026-02-02 22:40:33,661 - INFO - Building stim pattern for pattern_name 1538
2026-02-02 22:40:33,671 - INFO - Building stim pattern for pattern_name 3999
2026-02-02 22:40:33,681 - INFO - Building stim pattern for pattern_name 3917
2026-02-02 22:40:33,702 - INFO - Building stim pattern for pattern_name 2823
2026-02-02 22:40:33,713 - INFO - Building stim pattern for pattern_name 2810
2026-02-02 22:40:33,725 - INFO - Building stim pattern for pattern_name 3921
2026-02-02 22:40:33,753 - INFO - Building stim pattern for pattern_name 1065
2026-02-02 22:40:33,768 - INFO - Building stim pattern for pattern_name 1066
2026-02-02 22:40:33,780 - INFO - Building stim pattern for pattern_name 3003
2026-02-02 22:40:33,797 - INFO - Building stim pattern for pattern_name 3609
2026-02-02 22:40:33,808 - INFO - Building stim pattern for pattern_name 1321
2026-02-02 22:40:33,821 - INFO - Building stim pattern for pattern_name 1922
2026-02-02 22:40:33,832 - INFO - Building stim pattern for pattern_name 2756
2026-02-02 22:40:33,843 - INFO - Building stim pattern for pattern_name 1164
2026-02-02 22:40:33,854 - INFO - Building stim pattern for pattern_name 620
2026-02-02 22:40:33,864 - INFO - Building stim pattern for pattern_name 2502
2026-02-02 22:40:33,879 - INFO - Building stim pattern for pattern_name 3068
2026-02-02 22:40:33,892 - INFO - Building stim pattern for pattern_name 1271
2026-02-02 22:40:33,908 - INFO - Building stim pattern for pattern_name 2243
2026-02-02 22:40:33,919 - INFO - Building stim pattern for pattern_name 1592
2026-02-02 22:40:33,930 - INFO - Building stim pattern for pattern_name 3035
2026-02-02 22:40:33,942 - INFO - Building stim pattern for pattern_name 999
2026-02-02 22:40:33,952 - INFO - Building stim pattern for pattern_name 2460
2026-02-02 22:40:33,961 - INFO - Building stim pattern for pattern_name 3320
2026-02-02 22:40:34,052 - INFO - Building stim pattern for pattern_name 958
2026-02-02 22:40:34,068 - INFO - Building stim pattern for pattern_name 215
2026-02-02 22:40:34,096 - INFO - Building stim pattern for pattern_name 2269
2026-02-02 22:40:34,113 - INFO - Building stim pattern for pattern_name 2797
2026-02-02 22:40:34,123 - INFO - Building stim pattern for pattern_name 2473
2026-02-02 22:40:34,134 - INFO - Building stim pattern for pattern_name 2127
2026-02-02 22:40:34,145 - INFO - Building stim pattern for pattern_name 3076
2026-02-02 22:40:34,157 - INFO - Building stim pattern for pattern_name 3346
2026-02-02 22:40:34,173 - INFO - Building stim pattern for pattern_name 2870
2026-02-02 22:40:34,183 - INFO - Building stim pattern for pattern_name 362
2026-02-02 22:40:34,193 - INFO - Building stim pattern for pattern_name 2903
2026-02-02 22:40:34,203 - INFO - Building stim pattern for pattern_name 3843
2026-02-02 22:40:34,214 - INFO - Building stim pattern for pattern_name 2373
2026-02-02 22:40:34,225 - INFO - Building stim pattern for pattern_name 1026
2026-02-02 22:40:34,234 - INFO - Building stim pattern for pattern_name 1055
2026-02-02 22:40:34,245 - INFO - Building stim pattern for pattern_name 2587
2026-02-02 22:40:34,255 - INFO - Building stim pattern for pattern_name 833
2026-02-02 22:40:34,266 - INFO - Building stim pattern for pattern_name 805
2026-02-02 22:40:34,277 - INFO - Building stim pattern for pattern_name 3244
2026-02-02 22:40:34,288 - INFO - Building stim pattern for pattern_name 1660
2026-02-02 22:40:34,300 - INFO - Building stim pattern for pattern_name 3319
2026-02-02 22:40:34,322 - INFO - Building stim pattern for pattern_name 1990
2026-02-02 22:40:34,342 - INFO - Building stim pattern for pattern_name 2952
2026-02-02 22:40:34,354 - INFO - Building stim pattern for pattern_name 3200
2026-02-02 22:40:34,372 - INFO - Building stim pattern for pattern_name 66
2026-02-02 22:40:34,382 - INFO - Building stim pattern for pattern_name 1088
2026-02-02 22:40:34,394 - INFO - Building stim pattern for pattern_name 2450
2026-02-02 22:40:34,407 - INFO - Building stim pattern for pattern_name 3016
2026-02-02 22:40:34,420 - INFO - Building stim pattern for pattern_name 2486
2026-02-02 22:40:34,433 - INFO - Building stim pattern for pattern_name 3414
2026-02-02 22:40:34,447 - INFO - Building stim pattern for pattern_name 2133
2026-02-02 22:40:34,458 - INFO - Building stim pattern for pattern_name 1046
2026-02-02 22:40:34,477 - INFO - Building stim pattern for pattern_name 977
2026-02-02 22:40:34,489 - INFO - Building stim pattern for pattern_name 3227
2026-02-02 22:40:34,501 - INFO - Building stim pattern for pattern_name 197
2026-02-02 22:40:34,511 - INFO - Building stim pattern for pattern_name 2257
2026-02-02 22:40:34,524 - INFO - Building stim pattern for pattern_name 3298
2026-02-02 22:40:34,538 - INFO - Building stim pattern for pattern_name 2003
2026-02-02 22:40:34,548 - INFO - Building stim pattern for pattern_name 513
2026-02-02 22:40:34,559 - INFO - Building stim pattern for pattern_name 2419
2026-02-02 22:40:34,570 - INFO - Building stim pattern for pattern_name 3182
2026-02-02 22:40:34,581 - INFO - Building stim pattern for pattern_name 2088
2026-02-02 22:40:34,593 - INFO - Building stim pattern for pattern_name 2825
2026-02-02 22:40:34,605 - INFO - Building stim pattern for pattern_name 2379
2026-02-02 22:40:34,614 - INFO - Building stim pattern for pattern_name 3664
2026-02-02 22:40:34,626 - INFO - Building stim pattern for pattern_name 789
2026-02-02 22:40:34,638 - INFO - Building stim pattern for pattern_name 755
2026-02-02 22:40:34,650 - INFO - Building stim pattern for pattern_name 2540
2026-02-02 22:40:34,661 - INFO - Building stim pattern for pattern_name 3166
2026-02-02 22:40:34,674 - INFO - Building stim pattern for pattern_name 868
2026-02-02 22:40:34,685 - INFO - Building stim pattern for pattern_name 1810
2026-02-02 22:40:34,696 - INFO - Building stim pattern for pattern_name 915
2026-02-02 22:40:34,707 - INFO - Building stim pattern for pattern_name 2335
2026-02-02 22:40:34,718 - INFO - Building stim pattern for pattern_name 1705
2026-02-02 22:40:34,727 - INFO - Building stim pattern for pattern_name 438
2026-02-02 22:40:34,737 - INFO - Building stim pattern for pattern_name 610
2026-02-02 22:40:34,748 - INFO - Building stim pattern for pattern_name 2784
2026-02-02 22:40:34,760 - INFO - Building stim pattern for pattern_name 2029
2026-02-02 22:40:34,769 - INFO - Building stim pattern for pattern_name 300
2026-02-02 22:40:34,779 - INFO - Building stim pattern for pattern_name 2853
2026-02-02 22:40:34,792 - INFO - Building stim pattern for pattern_name 3491
2026-02-02 22:40:34,801 - INFO - Building stim pattern for pattern_name 1597
2026-02-02 22:40:34,817 - INFO - Building stim pattern for pattern_name 14
2026-02-02 22:40:34,828 - INFO - Building stim pattern for pattern_name 3501
2026-02-02 22:40:34,840 - INFO - Building stim pattern for pattern_name 361
2026-02-02 22:40:34,851 - INFO - Building stim pattern for pattern_name 2121
2026-02-02 22:40:34,862 - INFO - Building stim pattern for pattern_name 864
2026-02-02 22:40:34,879 - INFO - Building stim pattern for pattern_name 92
2026-02-02 22:40:34,889 - INFO - Building stim pattern for pattern_name 3629
2026-02-02 22:40:34,899 - INFO - Building stim pattern for pattern_name 524
2026-02-02 22:40:34,912 - INFO - Building stim pattern for pattern_name 39
2026-02-02 22:40:34,925 - INFO - Building stim pattern for pattern_name 2119
2026-02-02 22:40:34,937 - INFO - Building stim pattern for pattern_name 477
2026-02-02 22:40:34,949 - INFO - Building stim pattern for pattern_name 3593
2026-02-02 22:40:34,969 - INFO - Building stim pattern for pattern_name 1828
2026-02-02 22:40:34,979 - INFO - Building stim pattern for pattern_name 907
2026-02-02 22:40:34,990 - INFO - Building stim pattern for pattern_name 2851
2026-02-02 22:40:35,002 - INFO - Building stim pattern for pattern_name 500
2026-02-02 22:40:35,013 - INFO - Building stim pattern for pattern_name 3578
2026-02-02 22:40:35,024 - INFO - Building stim pattern for pattern_name 1305
2026-02-02 22:40:35,035 - INFO - Building stim pattern for pattern_name 2354
2026-02-02 22:40:35,047 - INFO - Building stim pattern for pattern_name 2222
2026-02-02 22:40:35,067 - INFO - Building stim pattern for pattern_name 1896
2026-02-02 22:40:35,084 - INFO - Building stim pattern for pattern_name 3890
2026-02-02 22:40:35,097 - INFO - Building stim pattern for pattern_name 2947
2026-02-02 22:40:35,108 - INFO - Building stim pattern for pattern_name 1735
2026-02-02 22:40:35,123 - INFO - Building stim pattern for pattern_name 2173
2026-02-02 22:40:35,133 - INFO - Building stim pattern for pattern_name 1767
2026-02-02 22:40:35,144 - INFO - Building stim pattern for pattern_name 3499
2026-02-02 22:40:35,155 - INFO - Building stim pattern for pattern_name 1615
2026-02-02 22:40:35,165 - INFO - Building stim pattern for pattern_name 1532
2026-02-02 22:40:35,176 - INFO - Building stim pattern for pattern_name 3009
2026-02-02 22:40:35,188 - INFO - Building stim pattern for pattern_name 559
2026-02-02 22:40:35,200 - INFO - Building stim pattern for pattern_name 3677
2026-02-02 22:40:35,211 - INFO - Building stim pattern for pattern_name 595
2026-02-02 22:40:35,227 - INFO - Building stim pattern for pattern_name 1222
2026-02-02 22:40:35,236 - INFO - Building stim pattern for pattern_name 17
2026-02-02 22:40:35,246 - INFO - Building stim pattern for pattern_name 121
2026-02-02 22:40:35,259 - INFO - Building stim pattern for pattern_name 2149
2026-02-02 22:40:35,267 - INFO - Building stim pattern for pattern_name 1208
2026-02-02 22:40:35,277 - INFO - Building stim pattern for pattern_name 2917
2026-02-02 22:40:35,290 - INFO - Building stim pattern for pattern_name 2396
2026-02-02 22:40:35,300 - INFO - Building stim pattern for pattern_name 3959
2026-02-02 22:40:35,310 - INFO - Building stim pattern for pattern_name 2829
2026-02-02 22:40:35,322 - INFO - Building stim pattern for pattern_name 3766
2026-02-02 22:40:35,334 - INFO - Building stim pattern for pattern_name 589
2026-02-02 22:40:35,354 - INFO - Building stim pattern for pattern_name 3235
2026-02-02 22:40:35,370 - INFO - Building stim pattern for pattern_name 1920
2026-02-02 22:40:35,380 - INFO - Building stim pattern for pattern_name 3089
2026-02-02 22:40:35,396 - INFO - Building stim pattern for pattern_name 2923
2026-02-02 22:40:35,405 - INFO - Building stim pattern for pattern_name 3956
2026-02-02 22:40:35,416 - INFO - Building stim pattern for pattern_name 1729
2026-02-02 22:40:35,428 - INFO - Building stim pattern for pattern_name 971
2026-02-02 22:40:35,438 - INFO - Building stim pattern for pattern_name 1798
2026-02-02 22:40:35,451 - INFO - Building stim pattern for pattern_name 2762
2026-02-02 22:40:35,465 - INFO - Building stim pattern for pattern_name 828
2026-02-02 22:40:35,476 - INFO - Building stim pattern for pattern_name 685
2026-02-02 22:40:35,496 - INFO - Building stim pattern for pattern_name 3185
2026-02-02 22:40:35,508 - INFO - Building stim pattern for pattern_name 2775
2026-02-02 22:40:35,520 - INFO - Building stim pattern for pattern_name 2461
2026-02-02 22:40:35,530 - INFO - Building stim pattern for pattern_name 2586
2026-02-02 22:40:35,541 - INFO - Building stim pattern for pattern_name 3380
2026-02-02 22:40:35,553 - INFO - Building stim pattern for pattern_name 81
2026-02-02 22:40:35,563 - INFO - Building stim pattern for pattern_name 52
2026-02-02 22:40:35,574 - INFO - Building stim pattern for pattern_name 2369
2026-02-02 22:40:35,584 - INFO - Building stim pattern for pattern_name 1205
2026-02-02 22:40:35,594 - INFO - Building stim pattern for pattern_name 1188
2026-02-02 22:40:35,604 - INFO - Building stim pattern for pattern_name 561
2026-02-02 22:40:35,627 - INFO - Building stim pattern for pattern_name 678
2026-02-02 22:40:35,638 - INFO - Building stim pattern for pattern_name 406
2026-02-02 22:40:35,666 - INFO - Building stim pattern for pattern_name 1456
2026-02-02 22:40:35,678 - INFO - Building stim pattern for pattern_name 1526
2026-02-02 22:40:35,696 - INFO - Building stim pattern for pattern_name 1093
2026-02-02 22:40:35,707 - INFO - Building stim pattern for pattern_name 3775
2026-02-02 22:40:35,724 - INFO - Building stim pattern for pattern_name 3102
2026-02-02 22:40:35,736 - INFO - Building stim pattern for pattern_name 2788
2026-02-02 22:40:35,745 - INFO - Building stim pattern for pattern_name 3676
2026-02-02 22:40:35,756 - INFO - Building stim pattern for pattern_name 1067
2026-02-02 22:40:35,767 - INFO - Building stim pattern for pattern_name 3463
2026-02-02 22:40:35,778 - INFO - Building stim pattern for pattern_name 2800
2026-02-02 22:40:35,789 - INFO - Building stim pattern for pattern_name 2278
2026-02-02 22:40:35,811 - INFO - Building stim pattern for pattern_name 3933
2026-02-02 22:40:35,821 - INFO - Building stim pattern for pattern_name 2237
2026-02-02 22:40:35,832 - INFO - Building stim pattern for pattern_name 2180
2026-02-02 22:40:35,854 - INFO - Building stim pattern for pattern_name 913
2026-02-02 22:40:35,865 - INFO - Building stim pattern for pattern_name 2385
2026-02-02 22:40:35,875 - INFO - Building stim pattern for pattern_name 2367
2026-02-02 22:40:35,884 - INFO - Building stim pattern for pattern_name 1573
2026-02-02 22:40:35,895 - INFO - Building stim pattern for pattern_name 745
2026-02-02 22:40:35,905 - INFO - Building stim pattern for pattern_name 3303
2026-02-02 22:40:35,916 - INFO - Building stim pattern for pattern_name 681
2026-02-02 22:40:35,934 - INFO - Building stim pattern for pattern_name 3168
2026-02-02 22:40:35,948 - INFO - Building stim pattern for pattern_name 2944
2026-02-02 22:40:35,979 - INFO - Building stim pattern for pattern_name 941
2026-02-02 22:40:36,005 - INFO - Building stim pattern for pattern_name 940
2026-02-02 22:40:36,031 - INFO - Building stim pattern for pattern_name 3434
2026-02-02 22:40:36,050 - INFO - Building stim pattern for pattern_name 2722
2026-02-02 22:40:36,066 - INFO - Building stim pattern for pattern_name 1375
2026-02-02 22:40:36,081 - INFO - Building stim pattern for pattern_name 3659
2026-02-02 22:40:36,097 - INFO - Building stim pattern for pattern_name 2285
2026-02-02 22:40:36,161 - INFO - Building stim pattern for pattern_name 2514
2026-02-02 22:40:36,231 - INFO - Building stim pattern for pattern_name 2292
2026-02-02 22:40:36,259 - INFO - Building stim pattern for pattern_name 3855
2026-02-02 22:40:36,274 - INFO - Building stim pattern for pattern_name 3931
2026-02-02 22:40:36,288 - INFO - Building stim pattern for pattern_name 1741
2026-02-02 22:40:36,305 - INFO - Building stim pattern for pattern_name 3026
2026-02-02 22:40:36,319 - INFO - Building stim pattern for pattern_name 3082
2026-02-02 22:40:36,340 - INFO - Building stim pattern for pattern_name 706
2026-02-02 22:40:36,349 - INFO - Building stim pattern for pattern_name 1534
2026-02-02 22:40:36,367 - INFO - Building stim pattern for pattern_name 1113
2026-02-02 22:40:36,376 - INFO - Building stim pattern for pattern_name 119
2026-02-02 22:40:36,387 - INFO - Building stim pattern for pattern_name 2140
2026-02-02 22:40:36,398 - INFO - Building stim pattern for pattern_name 3044
2026-02-02 22:40:36,409 - INFO - Building stim pattern for pattern_name 3428
2026-02-02 22:40:36,419 - INFO - Building stim pattern for pattern_name 2614
2026-02-02 22:40:36,430 - INFO - Building stim pattern for pattern_name 3367
2026-02-02 22:40:36,441 - INFO - Building stim pattern for pattern_name 2109
2026-02-02 22:40:36,452 - INFO - Building stim pattern for pattern_name 2043
2026-02-02 22:40:36,463 - INFO - Building stim pattern for pattern_name 1987
2026-02-02 22:40:36,474 - INFO - Building stim pattern for pattern_name 534
2026-02-02 22:40:36,485 - INFO - Building stim pattern for pattern_name 3765
2026-02-02 22:40:36,498 - INFO - Building stim pattern for pattern_name 583
2026-02-02 22:40:36,518 - INFO - Building stim pattern for pattern_name 54
2026-02-02 22:40:36,528 - INFO - Building stim pattern for pattern_name 2897
2026-02-02 22:40:36,539 - INFO - Building stim pattern for pattern_name 1487
2026-02-02 22:40:36,549 - INFO - Building stim pattern for pattern_name 2465
2026-02-02 22:40:36,561 - INFO - Building stim pattern for pattern_name 397
2026-02-02 22:40:36,572 - INFO - Building stim pattern for pattern_name 1073
2026-02-02 22:40:36,582 - INFO - Building stim pattern for pattern_name 658
2026-02-02 22:40:36,592 - INFO - Building stim pattern for pattern_name 2312
2026-02-02 22:40:36,609 - INFO - Building stim pattern for pattern_name 2568
2026-02-02 22:40:36,625 - INFO - Building stim pattern for pattern_name 1832
2026-02-02 22:40:36,636 - INFO - Building stim pattern for pattern_name 3627
2026-02-02 22:40:36,646 - INFO - Building stim pattern for pattern_name 3174
2026-02-02 22:40:36,668 - INFO - Building stim pattern for pattern_name 338
2026-02-02 22:40:36,690 - INFO - Building stim pattern for pattern_name 505
2026-02-02 22:40:36,700 - INFO - Building stim pattern for pattern_name 863
2026-02-02 22:40:36,716 - INFO - Building stim pattern for pattern_name 3406
2026-02-02 22:40:36,728 - INFO - Building stim pattern for pattern_name 1880
2026-02-02 22:40:36,740 - INFO - Building stim pattern for pattern_name 428
2026-02-02 22:40:36,761 - INFO - Building stim pattern for pattern_name 2570
2026-02-02 22:40:36,772 - INFO - Building stim pattern for pattern_name 3587
2026-02-02 22:40:36,782 - INFO - Building stim pattern for pattern_name 2188
2026-02-02 22:40:36,794 - INFO - Building stim pattern for pattern_name 531
2026-02-02 22:40:36,806 - INFO - Building stim pattern for pattern_name 3484
2026-02-02 22:40:36,822 - INFO - Building stim pattern for pattern_name 586
2026-02-02 22:40:36,833 - INFO - Building stim pattern for pattern_name 3746
2026-02-02 22:40:36,843 - INFO - Building stim pattern for pattern_name 1629
2026-02-02 22:40:36,851 - INFO - Building stim pattern for pattern_name 1247
2026-02-02 22:40:36,867 - INFO - Building stim pattern for pattern_name 1011
2026-02-02 22:40:36,878 - INFO - Building stim pattern for pattern_name 2068
2026-02-02 22:40:36,895 - INFO - Building stim pattern for pattern_name 899
2026-02-02 22:40:36,910 - INFO - Building stim pattern for pattern_name 1464
2026-02-02 22:40:36,920 - INFO - Building stim pattern for pattern_name 2388
2026-02-02 22:40:36,930 - INFO - Building stim pattern for pattern_name 1050
2026-02-02 22:40:36,941 - INFO - Building stim pattern for pattern_name 3968
2026-02-02 22:40:36,951 - INFO - Building stim pattern for pattern_name 742
2026-02-02 22:40:36,967 - INFO - Building stim pattern for pattern_name 2742
2026-02-02 22:40:36,979 - INFO - Building stim pattern for pattern_name 2754
2026-02-02 22:40:36,988 - INFO - Building stim pattern for pattern_name 1884
2026-02-02 22:40:37,006 - INFO - Building stim pattern for pattern_name 741
2026-02-02 22:40:37,015 - INFO - Building stim pattern for pattern_name 2337
2026-02-02 22:40:37,027 - INFO - Building stim pattern for pattern_name 3215
2026-02-02 22:40:37,036 - INFO - Building stim pattern for pattern_name 1274
2026-02-02 22:40:37,047 - INFO - Building stim pattern for pattern_name 1134
2026-02-02 22:40:37,057 - INFO - Building stim pattern for pattern_name 982
2026-02-02 22:40:37,067 - INFO - Building stim pattern for pattern_name 1790
2026-02-02 22:40:37,079 - INFO - Building stim pattern for pattern_name 3221
2026-02-02 22:40:37,091 - INFO - Building stim pattern for pattern_name 2455
2026-02-02 22:40:37,101 - INFO - Building stim pattern for pattern_name 866
2026-02-02 22:40:37,111 - INFO - Building stim pattern for pattern_name 2561
2026-02-02 22:40:37,122 - INFO - Building stim pattern for pattern_name 1812
2026-02-02 22:40:37,133 - INFO - Building stim pattern for pattern_name 1370
2026-02-02 22:40:37,143 - INFO - Building stim pattern for pattern_name 787
2026-02-02 22:40:37,153 - INFO - Building stim pattern for pattern_name 209
2026-02-02 22:40:37,165 - INFO - Building stim pattern for pattern_name 3952
2026-02-02 22:40:37,191 - INFO - Building stim pattern for pattern_name 1633
2026-02-02 22:40:37,202 - INFO - Building stim pattern for pattern_name 3946
2026-02-02 22:40:37,212 - INFO - Building stim pattern for pattern_name 3039
2026-02-02 22:40:37,223 - INFO - Building stim pattern for pattern_name 1612
2026-02-02 22:40:37,234 - INFO - Building stim pattern for pattern_name 2531
2026-02-02 22:40:37,245 - INFO - Building stim pattern for pattern_name 2668
2026-02-02 22:40:37,256 - INFO - Building stim pattern for pattern_name 1466
2026-02-02 22:40:37,266 - INFO - Building stim pattern for pattern_name 1519
2026-02-02 22:40:37,289 - INFO - Building stim pattern for pattern_name 3485
2026-02-02 22:40:37,301 - INFO - Building stim pattern for pattern_name 991
2026-02-02 22:40:37,313 - INFO - Building stim pattern for pattern_name 3171
2026-02-02 22:40:37,324 - INFO - Building stim pattern for pattern_name 1123
2026-02-02 22:40:37,334 - INFO - Building stim pattern for pattern_name 2076
2026-02-02 22:40:37,345 - INFO - Building stim pattern for pattern_name 2191
2026-02-02 22:40:37,357 - INFO - Building stim pattern for pattern_name 1443
2026-02-02 22:40:37,367 - INFO - Building stim pattern for pattern_name 34
2026-02-02 22:40:37,377 - INFO - Building stim pattern for pattern_name 191
2026-02-02 22:40:37,387 - INFO - Building stim pattern for pattern_name 1706
2026-02-02 22:40:37,404 - INFO - Building stim pattern for pattern_name 2052
2026-02-02 22:40:37,415 - INFO - Building stim pattern for pattern_name 3340
2026-02-02 22:40:37,425 - INFO - Building stim pattern for pattern_name 3922
2026-02-02 22:40:37,436 - INFO - Building stim pattern for pattern_name 2268
2026-02-02 22:40:37,446 - INFO - Building stim pattern for pattern_name 3887
2026-02-02 22:40:37,455 - INFO - Building stim pattern for pattern_name 591
2026-02-02 22:40:37,467 - INFO - Building stim pattern for pattern_name 3030
2026-02-02 22:40:37,478 - INFO - Building stim pattern for pattern_name 2466
2026-02-02 22:40:37,487 - INFO - Building stim pattern for pattern_name 884
2026-02-02 22:40:37,497 - INFO - Building stim pattern for pattern_name 3477
2026-02-02 22:40:37,506 - INFO - Building stim pattern for pattern_name 981
2026-02-02 22:40:37,522 - INFO - Building stim pattern for pattern_name 920
2026-02-02 22:40:37,533 - INFO - Building stim pattern for pattern_name 3924
2026-02-02 22:40:37,543 - INFO - Building stim pattern for pattern_name 3049
2026-02-02 22:40:37,553 - INFO - Building stim pattern for pattern_name 1450
2026-02-02 22:40:37,563 - INFO - Building stim pattern for pattern_name 341
2026-02-02 22:40:37,572 - INFO - Building stim pattern for pattern_name 3189
2026-02-02 22:40:37,587 - INFO - Building stim pattern for pattern_name 2357
2026-02-02 22:40:37,597 - INFO - Building stim pattern for pattern_name 3716
2026-02-02 22:40:37,606 - INFO - Building stim pattern for pattern_name 269
2026-02-02 22:40:37,618 - INFO - Building stim pattern for pattern_name 674
2026-02-02 22:40:37,630 - INFO - Building stim pattern for pattern_name 2831
2026-02-02 22:40:37,641 - INFO - Building stim pattern for pattern_name 1357
2026-02-02 22:40:37,650 - INFO - Building stim pattern for pattern_name 3902
2026-02-02 22:40:37,663 - INFO - Building stim pattern for pattern_name 587
2026-02-02 22:40:37,678 - INFO - Building stim pattern for pattern_name 3738
2026-02-02 22:40:37,690 - INFO - Building stim pattern for pattern_name 1807
2026-02-02 22:40:37,701 - INFO - Building stim pattern for pattern_name 1299
2026-02-02 22:40:37,711 - INFO - Building stim pattern for pattern_name 656
2026-02-02 22:40:37,721 - INFO - Building stim pattern for pattern_name 1635
2026-02-02 22:40:37,731 - INFO - Building stim pattern for pattern_name 908
2026-02-02 22:40:37,742 - INFO - Building stim pattern for pattern_name 3870
2026-02-02 22:40:37,762 - INFO - Building stim pattern for pattern_name 3638
2026-02-02 22:40:37,781 - INFO - Building stim pattern for pattern_name 1777
2026-02-02 22:40:37,796 - INFO - Building stim pattern for pattern_name 467
2026-02-02 22:40:37,806 - INFO - Building stim pattern for pattern_name 3388
2026-02-02 22:40:37,830 - INFO - Building stim pattern for pattern_name 3144
2026-02-02 22:40:37,841 - INFO - Building stim pattern for pattern_name 2912
2026-02-02 22:40:37,853 - INFO - Building stim pattern for pattern_name 3314
2026-02-02 22:40:37,863 - INFO - Building stim pattern for pattern_name 2380
2026-02-02 22:40:37,880 - INFO - Building stim pattern for pattern_name 696
2026-02-02 22:40:37,899 - INFO - Building stim pattern for pattern_name 3424
2026-02-02 22:40:37,910 - INFO - Building stim pattern for pattern_name 876
2026-02-02 22:40:37,920 - INFO - Building stim pattern for pattern_name 1498
2026-02-02 22:40:37,930 - INFO - Building stim pattern for pattern_name 3771
2026-02-02 22:40:37,939 - INFO - Building stim pattern for pattern_name 3544
2026-02-02 22:40:37,960 - INFO - Building stim pattern for pattern_name 1871
2026-02-02 22:40:37,970 - INFO - Building stim pattern for pattern_name 3647
2026-02-02 22:40:37,981 - INFO - Building stim pattern for pattern_name 2988
2026-02-02 22:40:37,991 - INFO - Building stim pattern for pattern_name 2937
2026-02-02 22:40:38,005 - INFO - Building stim pattern for pattern_name 2953
2026-02-02 22:40:38,016 - INFO - Building stim pattern for pattern_name 1641
2026-02-02 22:40:38,025 - INFO - Building stim pattern for pattern_name 1902
2026-02-02 22:40:38,036 - INFO - Building stim pattern for pattern_name 3443
2026-02-02 22:40:38,046 - INFO - Building stim pattern for pattern_name 3421
2026-02-02 22:40:38,055 - INFO - Building stim pattern for pattern_name 3399
2026-02-02 22:40:38,066 - INFO - Building stim pattern for pattern_name 3396
2026-02-02 22:40:38,077 - INFO - Building stim pattern for pattern_name 2926
2026-02-02 22:40:38,087 - INFO - Building stim pattern for pattern_name 2653
2026-02-02 22:40:38,097 - INFO - Building stim pattern for pattern_name 3900
2026-02-02 22:40:38,107 - INFO - Building stim pattern for pattern_name 2832
2026-02-02 22:40:38,118 - INFO - Building stim pattern for pattern_name 3449
2026-02-02 22:40:38,128 - INFO - Building stim pattern for pattern_name 541
2026-02-02 22:40:38,139 - INFO - Building stim pattern for pattern_name 3152
2026-02-02 22:40:38,153 - INFO - Building stim pattern for pattern_name 3156
2026-02-02 22:40:38,165 - INFO - Building stim pattern for pattern_name 2362
2026-02-02 22:40:38,175 - INFO - Building stim pattern for pattern_name 196
2026-02-02 22:40:38,189 - INFO - Building stim pattern for pattern_name 2015
2026-02-02 22:40:38,201 - INFO - Building stim pattern for pattern_name 2241
2026-02-02 22:40:38,214 - INFO - Building stim pattern for pattern_name 3802
2026-02-02 22:40:38,227 - INFO - Building stim pattern for pattern_name 3513
2026-02-02 22:40:38,240 - INFO - Building stim pattern for pattern_name 171
2026-02-02 22:40:38,251 - INFO - Building stim pattern for pattern_name 1554
2026-02-02 22:40:38,263 - INFO - Building stim pattern for pattern_name 138
2026-02-02 22:40:38,275 - INFO - Building stim pattern for pattern_name 1653
2026-02-02 22:40:38,286 - INFO - Building stim pattern for pattern_name 2766
2026-02-02 22:40:38,298 - INFO - Building stim pattern for pattern_name 280
2026-02-02 22:40:38,309 - INFO - Building stim pattern for pattern_name 3297
2026-02-02 22:40:38,364 - INFO - Building stim pattern for pattern_name 3483
2026-02-02 22:40:38,407 - INFO - Building stim pattern for pattern_name 160
2026-02-02 22:40:38,444 - INFO - Building stim pattern for pattern_name 1957
2026-02-02 22:40:38,456 - INFO - Building stim pattern for pattern_name 335
2026-02-02 22:40:38,467 - INFO - Building stim pattern for pattern_name 3691
2026-02-02 22:40:38,480 - INFO - Building stim pattern for pattern_name 506
2026-02-02 22:40:38,500 - INFO - Building stim pattern for pattern_name 3559
2026-02-02 22:40:38,531 - INFO - Building stim pattern for pattern_name 1548
2026-02-02 22:40:38,543 - INFO - Building stim pattern for pattern_name 2682
2026-02-02 22:40:38,557 - INFO - Building stim pattern for pattern_name 675
2026-02-02 22:40:38,569 - INFO - Building stim pattern for pattern_name 3706
2026-02-02 22:40:38,580 - INFO - Building stim pattern for pattern_name 1023
2026-02-02 22:40:38,592 - INFO - Building stim pattern for pattern_name 2508
2026-02-02 22:40:38,602 - INFO - Building stim pattern for pattern_name 3393
2026-02-02 22:40:38,613 - INFO - Building stim pattern for pattern_name 1665
2026-02-02 22:40:38,623 - INFO - Building stim pattern for pattern_name 643
2026-02-02 22:40:38,634 - INFO - Building stim pattern for pattern_name 2468
2026-02-02 22:40:38,645 - INFO - Building stim pattern for pattern_name 2792
2026-02-02 22:40:38,655 - INFO - Building stim pattern for pattern_name 3528
2026-02-02 22:40:38,665 - INFO - Building stim pattern for pattern_name 134
2026-02-02 22:40:38,676 - INFO - Building stim pattern for pattern_name 3371
2026-02-02 22:40:38,686 - INFO - Building stim pattern for pattern_name 1849
2026-02-02 22:40:38,696 - INFO - Building stim pattern for pattern_name 3284
2026-02-02 22:40:38,706 - INFO - Building stim pattern for pattern_name 3342
2026-02-02 22:40:38,717 - INFO - Building stim pattern for pattern_name 2318
2026-02-02 22:40:38,730 - INFO - Building stim pattern for pattern_name 1661
2026-02-02 22:40:38,742 - INFO - Building stim pattern for pattern_name 3323
2026-02-02 22:40:38,754 - INFO - Building stim pattern for pattern_name 827
2026-02-02 22:40:38,775 - INFO - Building stim pattern for pattern_name 1108
2026-02-02 22:40:38,787 - INFO - Building stim pattern for pattern_name 2516
2026-02-02 22:40:38,797 - INFO - Building stim pattern for pattern_name 1925
2026-02-02 22:40:38,808 - INFO - Building stim pattern for pattern_name 1147
2026-02-02 22:40:38,818 - INFO - Building stim pattern for pattern_name 1944
2026-02-02 22:40:38,830 - INFO - Building stim pattern for pattern_name 3947
2026-02-02 22:40:38,841 - INFO - Building stim pattern for pattern_name 2372
2026-02-02 22:40:38,851 - INFO - Building stim pattern for pattern_name 1964
2026-02-02 22:40:38,862 - INFO - Building stim pattern for pattern_name 2679
2026-02-02 22:40:38,872 - INFO - Building stim pattern for pattern_name 751
2026-02-02 22:40:38,883 - INFO - Building stim pattern for pattern_name 2811
2026-02-02 22:40:38,893 - INFO - Building stim pattern for pattern_name 872
2026-02-02 22:40:38,904 - INFO - Building stim pattern for pattern_name 2611
2026-02-02 22:40:38,924 - INFO - Building stim pattern for pattern_name 2981
2026-02-02 22:40:38,937 - INFO - Building stim pattern for pattern_name 1951
2026-02-02 22:40:38,947 - INFO - Building stim pattern for pattern_name 383
2026-02-02 22:40:38,957 - INFO - Building stim pattern for pattern_name 2484
2026-02-02 22:40:38,968 - INFO - Building stim pattern for pattern_name 1485
2026-02-02 22:40:38,979 - INFO - Building stim pattern for pattern_name 1160
2026-02-02 22:40:38,990 - INFO - Building stim pattern for pattern_name 151
2026-02-02 22:40:39,002 - INFO - Building stim pattern for pattern_name 514
2026-02-02 22:40:39,013 - INFO - Building stim pattern for pattern_name 393
2026-02-02 22:40:39,025 - INFO - Building stim pattern for pattern_name 1482
2026-02-02 22:40:39,037 - INFO - Building stim pattern for pattern_name 1999
2026-02-02 22:40:39,049 - INFO - Building stim pattern for pattern_name 640
2026-02-02 22:40:39,063 - INFO - Building stim pattern for pattern_name 2978
2026-02-02 22:40:39,078 - INFO - Building stim pattern for pattern_name 204
2026-02-02 22:40:39,089 - INFO - Building stim pattern for pattern_name 2435
2026-02-02 22:40:39,101 - INFO - Building stim pattern for pattern_name 3594
2026-02-02 22:40:39,112 - INFO - Building stim pattern for pattern_name 996
2026-02-02 22:40:39,122 - INFO - Building stim pattern for pattern_name 797
2026-02-02 22:40:39,138 - INFO - Building stim pattern for pattern_name 3019
2026-02-02 22:40:39,148 - INFO - Building stim pattern for pattern_name 3784
2026-02-02 22:40:39,171 - INFO - Building stim pattern for pattern_name 3846
2026-02-02 22:40:39,182 - INFO - Building stim pattern for pattern_name 2151
2026-02-02 22:40:39,192 - INFO - Building stim pattern for pattern_name 978
2026-02-02 22:40:39,202 - INFO - Building stim pattern for pattern_name 1379
2026-02-02 22:40:39,213 - INFO - Building stim pattern for pattern_name 3310
2026-02-02 22:40:39,231 - INFO - Building stim pattern for pattern_name 1317
2026-02-02 22:40:39,242 - INFO - Building stim pattern for pattern_name 3964
2026-02-02 22:40:39,253 - INFO - Building stim pattern for pattern_name 156
2026-02-02 22:40:39,263 - INFO - Building stim pattern for pattern_name 680
2026-02-02 22:40:39,274 - INFO - Building stim pattern for pattern_name 664
2026-02-02 22:40:39,294 - INFO - Building stim pattern for pattern_name 2634
2026-02-02 22:40:39,305 - INFO - Building stim pattern for pattern_name 1429
2026-02-02 22:40:39,315 - INFO - Building stim pattern for pattern_name 3381
2026-02-02 22:40:39,325 - INFO - Building stim pattern for pattern_name 1582
2026-02-02 22:40:39,341 - INFO - Building stim pattern for pattern_name 3972
2026-02-02 22:40:39,353 - INFO - Building stim pattern for pattern_name 2229
2026-02-02 22:40:39,369 - INFO - Building stim pattern for pattern_name 232
2026-02-02 22:40:39,391 - INFO - Building stim pattern for pattern_name 1303
2026-02-02 22:40:39,403 - INFO - Building stim pattern for pattern_name 3910
2026-02-02 22:40:39,422 - INFO - Building stim pattern for pattern_name 3364
2026-02-02 22:40:39,440 - INFO - Building stim pattern for pattern_name 1549
2026-02-02 22:40:39,454 - INFO - Building stim pattern for pattern_name 2790
2026-02-02 22:40:39,467 - INFO - Building stim pattern for pattern_name 2708
2026-02-02 22:40:39,478 - INFO - Building stim pattern for pattern_name 2001
2026-02-02 22:40:39,488 - INFO - Building stim pattern for pattern_name 743
2026-02-02 22:40:39,498 - INFO - Building stim pattern for pattern_name 853
2026-02-02 22:40:39,520 - INFO - Building stim pattern for pattern_name 2588
2026-02-02 22:40:39,536 - INFO - Building stim pattern for pattern_name 1031
2026-02-02 22:40:39,547 - INFO - Building stim pattern for pattern_name 1587
2026-02-02 22:40:39,557 - INFO - Building stim pattern for pattern_name 1522
2026-02-02 22:40:39,574 - INFO - Building stim pattern for pattern_name 2327
2026-02-02 22:40:39,587 - INFO - Building stim pattern for pattern_name 165
2026-02-02 22:40:39,598 - INFO - Building stim pattern for pattern_name 3592
2026-02-02 22:40:39,612 - INFO - Building stim pattern for pattern_name 2798
2026-02-02 22:40:39,623 - INFO - Building stim pattern for pattern_name 772
2026-02-02 22:40:39,634 - INFO - Building stim pattern for pattern_name 2144
2026-02-02 22:40:39,653 - INFO - Building stim pattern for pattern_name 49
2026-02-02 22:40:39,677 - INFO - Building stim pattern for pattern_name 298
2026-02-02 22:40:39,688 - INFO - Building stim pattern for pattern_name 2270
2026-02-02 22:40:39,705 - INFO - Building stim pattern for pattern_name 2056
2026-02-02 22:40:39,716 - INFO - Building stim pattern for pattern_name 2207
2026-02-02 22:40:39,727 - INFO - Building stim pattern for pattern_name 3542
2026-02-02 22:40:39,737 - INFO - Building stim pattern for pattern_name 3338
2026-02-02 22:40:39,747 - INFO - Building stim pattern for pattern_name 105
2026-02-02 22:40:39,757 - INFO - Building stim pattern for pattern_name 3129
2026-02-02 22:40:39,774 - INFO - Building stim pattern for pattern_name 2027
2026-02-02 22:40:39,784 - INFO - Building stim pattern for pattern_name 2242
2026-02-02 22:40:39,795 - INFO - Building stim pattern for pattern_name 1302
2026-02-02 22:40:39,806 - INFO - Building stim pattern for pattern_name 2673
2026-02-02 22:40:39,816 - INFO - Building stim pattern for pattern_name 496
2026-02-02 22:40:39,827 - INFO - Building stim pattern for pattern_name 2104
2026-02-02 22:40:39,837 - INFO - Building stim pattern for pattern_name 1553
2026-02-02 22:40:39,852 - INFO - Building stim pattern for pattern_name 1889
2026-02-02 22:40:39,864 - INFO - Building stim pattern for pattern_name 669
2026-02-02 22:40:39,874 - INFO - Building stim pattern for pattern_name 2277
2026-02-02 22:40:39,885 - INFO - Building stim pattern for pattern_name 3260
2026-02-02 22:40:39,895 - INFO - Building stim pattern for pattern_name 1835
2026-02-02 22:40:39,905 - INFO - Building stim pattern for pattern_name 1788
2026-02-02 22:40:39,914 - INFO - Building stim pattern for pattern_name 247
2026-02-02 22:40:39,926 - INFO - Building stim pattern for pattern_name 1318
2026-02-02 22:40:39,938 - INFO - Building stim pattern for pattern_name 3131
2026-02-02 22:40:39,952 - INFO - Building stim pattern for pattern_name 434
2026-02-02 22:40:39,967 - INFO - Building stim pattern for pattern_name 582
2026-02-02 22:40:39,978 - INFO - Building stim pattern for pattern_name 1200
2026-02-02 22:40:39,990 - INFO - Building stim pattern for pattern_name 2115
2026-02-02 22:40:40,001 - INFO - Building stim pattern for pattern_name 7
2026-02-02 22:40:40,012 - INFO - Building stim pattern for pattern_name 1782
2026-02-02 22:40:40,024 - INFO - Building stim pattern for pattern_name 3444
2026-02-02 22:40:40,035 - INFO - Building stim pattern for pattern_name 3613
2026-02-02 22:40:40,046 - INFO - Building stim pattern for pattern_name 810
2026-02-02 22:40:40,057 - INFO - Building stim pattern for pattern_name 1912
2026-02-02 22:40:40,067 - INFO - Building stim pattern for pattern_name 3403
2026-02-02 22:40:40,078 - INFO - Building stim pattern for pattern_name 2358
2026-02-02 22:40:40,088 - INFO - Building stim pattern for pattern_name 1038
2026-02-02 22:40:40,098 - INFO - Building stim pattern for pattern_name 1129
2026-02-02 22:40:40,110 - INFO - Building stim pattern for pattern_name 2712
2026-02-02 22:40:40,120 - INFO - Building stim pattern for pattern_name 2206
2026-02-02 22:40:40,131 - INFO - Building stim pattern for pattern_name 871
2026-02-02 22:40:40,141 - INFO - Building stim pattern for pattern_name 2815
2026-02-02 22:40:40,151 - INFO - Building stim pattern for pattern_name 3879
2026-02-02 22:40:40,171 - INFO - Building stim pattern for pattern_name 3553
2026-02-02 22:40:40,210 - INFO - Building stim pattern for pattern_name 1101
2026-02-02 22:40:40,268 - INFO - Building stim pattern for pattern_name 2619
2026-02-02 22:40:40,280 - INFO - Building stim pattern for pattern_name 1877
2026-02-02 22:40:40,299 - INFO - Building stim pattern for pattern_name 2276
2026-02-02 22:40:40,318 - INFO - Building stim pattern for pattern_name 604
2026-02-02 22:40:40,329 - INFO - Building stim pattern for pattern_name 1085
2026-02-02 22:40:40,347 - INFO - Building stim pattern for pattern_name 2898
2026-02-02 22:40:40,358 - INFO - Building stim pattern for pattern_name 682
2026-02-02 22:40:40,369 - INFO - Building stim pattern for pattern_name 186
2026-02-02 22:40:40,380 - INFO - Building stim pattern for pattern_name 1682
2026-02-02 22:40:40,391 - INFO - Building stim pattern for pattern_name 2072
2026-02-02 22:40:40,403 - INFO - Building stim pattern for pattern_name 2869
2026-02-02 22:40:40,413 - INFO - Building stim pattern for pattern_name 1601
2026-02-02 22:40:40,425 - INFO - Building stim pattern for pattern_name 2158
2026-02-02 22:40:40,443 - INFO - Building stim pattern for pattern_name 2099
2026-02-02 22:40:40,455 - INFO - Building stim pattern for pattern_name 1704
2026-02-02 22:40:40,465 - INFO - Building stim pattern for pattern_name 3527
2026-02-02 22:40:40,475 - INFO - Building stim pattern for pattern_name 2244
2026-02-02 22:40:40,485 - INFO - Building stim pattern for pattern_name 2041
2026-02-02 22:40:40,502 - INFO - Building stim pattern for pattern_name 3312
2026-02-02 22:40:40,514 - INFO - Building stim pattern for pattern_name 2403
2026-02-02 22:40:40,524 - INFO - Building stim pattern for pattern_name 2842
2026-02-02 22:40:40,534 - INFO - Building stim pattern for pattern_name 719
2026-02-02 22:40:40,545 - INFO - Building stim pattern for pattern_name 3539
2026-02-02 22:40:40,555 - INFO - Building stim pattern for pattern_name 2724
2026-02-02 22:40:40,565 - INFO - Building stim pattern for pattern_name 3429
2026-02-02 22:40:40,577 - INFO - Building stim pattern for pattern_name 3252
2026-02-02 22:40:40,596 - INFO - Building stim pattern for pattern_name 3938
2026-02-02 22:40:40,613 - INFO - Building stim pattern for pattern_name 3259
2026-02-02 22:40:40,623 - INFO - Building stim pattern for pattern_name 2037
2026-02-02 22:40:40,639 - INFO - Building stim pattern for pattern_name 1927
2026-02-02 22:40:40,649 - INFO - Building stim pattern for pattern_name 3683
2026-02-02 22:40:40,660 - INFO - Building stim pattern for pattern_name 1150
2026-02-02 22:40:40,670 - INFO - Building stim pattern for pattern_name 3336
2026-02-02 22:40:40,680 - INFO - Building stim pattern for pattern_name 1286
2026-02-02 22:40:40,698 - INFO - Building stim pattern for pattern_name 3065
2026-02-02 22:40:40,711 - INFO - Building stim pattern for pattern_name 3472
2026-02-02 22:40:40,734 - INFO - Building stim pattern for pattern_name 898
2026-02-02 22:40:40,746 - INFO - Building stim pattern for pattern_name 1189
2026-02-02 22:40:40,757 - INFO - Building stim pattern for pattern_name 1556
2026-02-02 22:40:40,768 - INFO - Building stim pattern for pattern_name 1290
2026-02-02 22:40:40,786 - INFO - Building stim pattern for pattern_name 1391
2026-02-02 22:40:40,797 - INFO - Building stim pattern for pattern_name 3135
2026-02-02 22:40:40,809 - INFO - Building stim pattern for pattern_name 71
2026-02-02 22:40:40,826 - INFO - Building stim pattern for pattern_name 3362
2026-02-02 22:40:40,837 - INFO - Building stim pattern for pattern_name 359
2026-02-02 22:40:40,847 - INFO - Building stim pattern for pattern_name 450
2026-02-02 22:40:40,857 - INFO - Building stim pattern for pattern_name 3170
2026-02-02 22:40:40,866 - INFO - Building stim pattern for pattern_name 1447
2026-02-02 22:40:40,877 - INFO - Building stim pattern for pattern_name 1070
2026-02-02 22:40:40,887 - INFO - Building stim pattern for pattern_name 193
2026-02-02 22:40:40,897 - INFO - Building stim pattern for pattern_name 1942
2026-02-02 22:40:40,907 - INFO - Building stim pattern for pattern_name 79
2026-02-02 22:40:40,932 - INFO - Building stim pattern for pattern_name 2787
2026-02-02 22:40:40,945 - INFO - Building stim pattern for pattern_name 2017
2026-02-02 22:40:40,955 - INFO - Building stim pattern for pattern_name 3218
2026-02-02 22:40:40,966 - INFO - Building stim pattern for pattern_name 42
2026-02-02 22:40:40,977 - INFO - Building stim pattern for pattern_name 2710
2026-02-02 22:40:40,996 - INFO - Building stim pattern for pattern_name 456
2026-02-02 22:40:41,009 - INFO - Building stim pattern for pattern_name 2390
2026-02-02 22:40:41,025 - INFO - Building stim pattern for pattern_name 1959
2026-02-02 22:40:41,036 - INFO - Building stim pattern for pattern_name 3536
2026-02-02 22:40:41,047 - INFO - Building stim pattern for pattern_name 1309
2026-02-02 22:40:41,057 - INFO - Building stim pattern for pattern_name 1681
2026-02-02 22:40:41,067 - INFO - Building stim pattern for pattern_name 2980
2026-02-02 22:40:41,082 - INFO - Building stim pattern for pattern_name 3274
2026-02-02 22:40:41,099 - INFO - Building stim pattern for pattern_name 813
2026-02-02 22:40:41,111 - INFO - Building stim pattern for pattern_name 2293
2026-02-02 22:40:41,126 - INFO - Building stim pattern for pattern_name 1775
2026-02-02 22:40:41,137 - INFO - Building stim pattern for pattern_name 572
2026-02-02 22:40:41,148 - INFO - Building stim pattern for pattern_name 3372
2026-02-02 22:40:41,178 - INFO - Building stim pattern for pattern_name 1952
2026-02-02 22:40:41,195 - INFO - Building stim pattern for pattern_name 2674
2026-02-02 22:40:41,206 - INFO - Building stim pattern for pattern_name 1115
2026-02-02 22:40:41,217 - INFO - Building stim pattern for pattern_name 2635
2026-02-02 22:40:41,227 - INFO - Building stim pattern for pattern_name 44
2026-02-02 22:40:41,245 - INFO - Building stim pattern for pattern_name 2067
2026-02-02 22:40:41,255 - INFO - Building stim pattern for pattern_name 2861
2026-02-02 22:40:41,269 - INFO - Building stim pattern for pattern_name 611
2026-02-02 22:40:41,280 - INFO - Building stim pattern for pattern_name 381
2026-02-02 22:40:41,290 - INFO - Building stim pattern for pattern_name 615
2026-02-02 22:40:41,307 - INFO - Building stim pattern for pattern_name 3363
2026-02-02 22:40:41,317 - INFO - Building stim pattern for pattern_name 3702
2026-02-02 22:40:41,327 - INFO - Building stim pattern for pattern_name 3370
2026-02-02 22:40:41,337 - INFO - Building stim pattern for pattern_name 2204
2026-02-02 22:40:41,347 - INFO - Building stim pattern for pattern_name 3983
2026-02-02 22:40:41,358 - INFO - Building stim pattern for pattern_name 84
2026-02-02 22:40:41,368 - INFO - Building stim pattern for pattern_name 1662
2026-02-02 22:40:41,378 - INFO - Building stim pattern for pattern_name 1792
2026-02-02 22:40:41,387 - INFO - Building stim pattern for pattern_name 1137
2026-02-02 22:40:41,398 - INFO - Building stim pattern for pattern_name 168
2026-02-02 22:40:41,408 - INFO - Building stim pattern for pattern_name 2493
2026-02-02 22:40:41,418 - INFO - Building stim pattern for pattern_name 1988
2026-02-02 22:40:41,429 - INFO - Building stim pattern for pattern_name 235
2026-02-02 22:40:41,445 - INFO - Building stim pattern for pattern_name 2883
2026-02-02 22:40:41,457 - INFO - Building stim pattern for pattern_name 932
2026-02-02 22:40:41,485 - INFO - Building stim pattern for pattern_name 1679
2026-02-02 22:40:41,497 - INFO - Building stim pattern for pattern_name 3379
2026-02-02 22:40:41,515 - INFO - Building stim pattern for pattern_name 2216
2026-02-02 22:40:41,526 - INFO - Building stim pattern for pattern_name 1917
2026-02-02 22:40:41,537 - INFO - Building stim pattern for pattern_name 3120
2026-02-02 22:40:41,561 - INFO - Building stim pattern for pattern_name 786
2026-02-02 22:40:41,579 - INFO - Building stim pattern for pattern_name 1491
2026-02-02 22:40:41,590 - INFO - Building stim pattern for pattern_name 3598
2026-02-02 22:40:41,603 - INFO - Building stim pattern for pattern_name 2336
2026-02-02 22:40:41,615 - INFO - Building stim pattern for pattern_name 1546
2026-02-02 22:40:41,624 - INFO - Building stim pattern for pattern_name 1219
2026-02-02 22:40:41,636 - INFO - Building stim pattern for pattern_name 3015
2026-02-02 22:40:41,647 - INFO - Building stim pattern for pattern_name 2202
2026-02-02 22:40:41,668 - INFO - Building stim pattern for pattern_name 2689
2026-02-02 22:40:41,680 - INFO - Building stim pattern for pattern_name 3704
2026-02-02 22:40:41,693 - INFO - Building stim pattern for pattern_name 1997
2026-02-02 22:40:41,705 - INFO - Building stim pattern for pattern_name 2289
2026-02-02 22:40:41,720 - INFO - Building stim pattern for pattern_name 2704
2026-02-02 22:40:41,729 - INFO - Building stim pattern for pattern_name 2131
2026-02-02 22:40:41,748 - INFO - Building stim pattern for pattern_name 3458
2026-02-02 22:40:41,760 - INFO - Building stim pattern for pattern_name 889
2026-02-02 22:40:41,776 - INFO - Building stim pattern for pattern_name 1358
2026-02-02 22:40:41,803 - INFO - Building stim pattern for pattern_name 25
2026-02-02 22:40:41,814 - INFO - Building stim pattern for pattern_name 1514
2026-02-02 22:40:41,824 - INFO - Building stim pattern for pattern_name 2272
2026-02-02 22:40:41,835 - INFO - Building stim pattern for pattern_name 2238
2026-02-02 22:40:41,846 - INFO - Building stim pattern for pattern_name 2181
2026-02-02 22:40:41,856 - INFO - Building stim pattern for pattern_name 3642
2026-02-02 22:40:41,865 - INFO - Building stim pattern for pattern_name 320
2026-02-02 22:40:41,876 - INFO - Building stim pattern for pattern_name 2608
2026-02-02 22:40:41,887 - INFO - Building stim pattern for pattern_name 3729
2026-02-02 22:40:41,896 - INFO - Building stim pattern for pattern_name 765
2026-02-02 22:40:41,908 - INFO - Building stim pattern for pattern_name 2360
2026-02-02 22:40:41,918 - INFO - Building stim pattern for pattern_name 1763
2026-02-02 22:40:41,928 - INFO - Building stim pattern for pattern_name 783
2026-02-02 22:40:41,939 - INFO - Building stim pattern for pattern_name 358
2026-02-02 22:40:41,951 - INFO - Building stim pattern for pattern_name 569
2026-02-02 22:40:41,966 - INFO - Building stim pattern for pattern_name 3195
2026-02-02 22:40:41,976 - INFO - Building stim pattern for pattern_name 714
2026-02-02 22:40:41,993 - INFO - Building stim pattern for pattern_name 1324
2026-02-02 22:40:42,004 - INFO - Building stim pattern for pattern_name 3194
2026-02-02 22:40:42,015 - INFO - Building stim pattern for pattern_name 2310
2026-02-02 22:40:42,085 - INFO - Building stim pattern for pattern_name 464
2026-02-02 22:40:42,119 - INFO - Building stim pattern for pattern_name 2880
2026-02-02 22:40:42,146 - INFO - Building stim pattern for pattern_name 216
2026-02-02 22:40:42,160 - INFO - Building stim pattern for pattern_name 1650
2026-02-02 22:40:42,181 - INFO - Building stim pattern for pattern_name 3273
2026-02-02 22:40:42,194 - INFO - Building stim pattern for pattern_name 375
2026-02-02 22:40:42,205 - INFO - Building stim pattern for pattern_name 282
2026-02-02 22:40:42,218 - INFO - Building stim pattern for pattern_name 3366
2026-02-02 22:40:42,230 - INFO - Building stim pattern for pattern_name 1555
2026-02-02 22:40:42,252 - INFO - Building stim pattern for pattern_name 3756
2026-02-02 22:40:42,270 - INFO - Building stim pattern for pattern_name 734
2026-02-02 22:40:42,299 - INFO - Building stim pattern for pattern_name 1785
2026-02-02 22:40:42,312 - INFO - Building stim pattern for pattern_name 744
2026-02-02 22:40:42,330 - INFO - Building stim pattern for pattern_name 1140
2026-02-02 22:40:42,349 - INFO - Building stim pattern for pattern_name 1588
2026-02-02 22:40:42,361 - INFO - Building stim pattern for pattern_name 2340
2026-02-02 22:40:42,371 - INFO - Building stim pattern for pattern_name 3169
2026-02-02 22:40:42,382 - INFO - Building stim pattern for pattern_name 1545
2026-02-02 22:40:42,399 - INFO - Building stim pattern for pattern_name 2744
2026-02-02 22:40:42,415 - INFO - Building stim pattern for pattern_name 848
2026-02-02 22:40:42,426 - INFO - Building stim pattern for pattern_name 3845
2026-02-02 22:40:42,437 - INFO - Building stim pattern for pattern_name 1636
2026-02-02 22:40:42,448 - INFO - Building stim pattern for pattern_name 2013
2026-02-02 22:40:42,459 - INFO - Building stim pattern for pattern_name 2252
2026-02-02 22:40:42,469 - INFO - Building stim pattern for pattern_name 3783
2026-02-02 22:40:42,481 - INFO - Building stim pattern for pattern_name 725
2026-02-02 22:40:42,491 - INFO - Building stim pattern for pattern_name 405
2026-02-02 22:40:42,504 - INFO - Building stim pattern for pattern_name 2051
2026-02-02 22:40:42,517 - INFO - Building stim pattern for pattern_name 832
2026-02-02 22:40:42,543 - INFO - Building stim pattern for pattern_name 887
2026-02-02 22:40:42,555 - INFO - Building stim pattern for pattern_name 2294
2026-02-02 22:40:42,579 - INFO - Building stim pattern for pattern_name 2544
2026-02-02 22:40:42,598 - INFO - Building stim pattern for pattern_name 74
2026-02-02 22:40:42,611 - INFO - Building stim pattern for pattern_name 2028
2026-02-02 22:40:42,622 - INFO - Building stim pattern for pattern_name 766
2026-02-02 22:40:42,633 - INFO - Building stim pattern for pattern_name 198
2026-02-02 22:40:42,644 - INFO - Building stim pattern for pattern_name 2891
2026-02-02 22:40:42,657 - INFO - Building stim pattern for pattern_name 267
2026-02-02 22:40:42,670 - INFO - Building stim pattern for pattern_name 1486
2026-02-02 22:40:42,683 - INFO - Building stim pattern for pattern_name 1257
2026-02-02 22:40:42,695 - INFO - Building stim pattern for pattern_name 3837
2026-02-02 22:40:42,707 - INFO - Building stim pattern for pattern_name 1356
2026-02-02 22:40:42,721 - INFO - Building stim pattern for pattern_name 2596
2026-02-02 22:40:42,735 - INFO - Building stim pattern for pattern_name 1978
2026-02-02 22:40:42,749 - INFO - Building stim pattern for pattern_name 1259
2026-02-02 22:40:42,761 - INFO - Building stim pattern for pattern_name 3682
2026-02-02 22:40:42,774 - INFO - Building stim pattern for pattern_name 1124
2026-02-02 22:40:42,786 - INFO - Building stim pattern for pattern_name 2442
2026-02-02 22:40:42,800 - INFO - Building stim pattern for pattern_name 2688
2026-02-02 22:40:42,810 - INFO - Building stim pattern for pattern_name 2549
2026-02-02 22:40:42,828 - INFO - Building stim pattern for pattern_name 822
2026-02-02 22:40:42,841 - INFO - Building stim pattern for pattern_name 3290
2026-02-02 22:40:42,854 - INFO - Building stim pattern for pattern_name 2341
2026-02-02 22:40:42,867 - INFO - Building stim pattern for pattern_name 925
2026-02-02 22:40:42,878 - INFO - Building stim pattern for pattern_name 1098
2026-02-02 22:40:42,897 - INFO - Building stim pattern for pattern_name 781
2026-02-02 22:40:42,908 - INFO - Building stim pattern for pattern_name 2791
2026-02-02 22:40:42,922 - INFO - Building stim pattern for pattern_name 120
2026-02-02 22:40:42,935 - INFO - Building stim pattern for pattern_name 1507
2026-02-02 22:40:42,947 - INFO - Building stim pattern for pattern_name 3779
2026-02-02 22:40:42,960 - INFO - Building stim pattern for pattern_name 2135
2026-02-02 22:40:42,974 - INFO - Building stim pattern for pattern_name 1213
2026-02-02 22:40:43,000 - INFO - Building stim pattern for pattern_name 2280
2026-02-02 22:40:43,013 - INFO - Building stim pattern for pattern_name 3242
2026-02-02 22:40:43,027 - INFO - Building stim pattern for pattern_name 3248
2026-02-02 22:40:43,038 - INFO - Building stim pattern for pattern_name 3121
2026-02-02 22:40:43,048 - INFO - Building stim pattern for pattern_name 2585
2026-02-02 22:40:43,060 - INFO - Building stim pattern for pattern_name 314
2026-02-02 22:40:43,072 - INFO - Building stim pattern for pattern_name 731
2026-02-02 22:40:43,084 - INFO - Building stim pattern for pattern_name 2902
2026-02-02 22:40:43,102 - INFO - Building stim pattern for pattern_name 3789
2026-02-02 22:40:43,113 - INFO - Building stim pattern for pattern_name 404
2026-02-02 22:40:43,132 - INFO - Building stim pattern for pattern_name 1155
2026-02-02 22:40:43,143 - INFO - Building stim pattern for pattern_name 3726
2026-02-02 22:40:43,159 - INFO - Building stim pattern for pattern_name 2696
2026-02-02 22:40:43,172 - INFO - Building stim pattern for pattern_name 806
2026-02-02 22:40:43,191 - INFO - Building stim pattern for pattern_name 1263
2026-02-02 22:40:43,202 - INFO - Building stim pattern for pattern_name 1695
2026-02-02 22:40:43,215 - INFO - Building stim pattern for pattern_name 3709
2026-02-02 22:40:43,234 - INFO - Building stim pattern for pattern_name 3958
2026-02-02 22:40:43,245 - INFO - Building stim pattern for pattern_name 1815
2026-02-02 22:40:43,257 - INFO - Building stim pattern for pattern_name 2178
2026-02-02 22:40:43,284 - INFO - Building stim pattern for pattern_name 1076
2026-02-02 22:40:43,303 - INFO - Building stim pattern for pattern_name 2867
2026-02-02 22:40:43,325 - INFO - Building stim pattern for pattern_name 2219
2026-02-02 22:40:43,336 - INFO - Building stim pattern for pattern_name 459
2026-02-02 22:40:43,347 - INFO - Building stim pattern for pattern_name 3318
2026-02-02 22:40:43,359 - INFO - Building stim pattern for pattern_name 2063
2026-02-02 22:40:43,369 - INFO - Building stim pattern for pattern_name 3561
2026-02-02 22:40:43,381 - INFO - Building stim pattern for pattern_name 1851
2026-02-02 22:40:43,392 - INFO - Building stim pattern for pattern_name 357
2026-02-02 22:40:43,413 - INFO - Building stim pattern for pattern_name 3213
2026-02-02 22:40:43,426 - INFO - Building stim pattern for pattern_name 3389
2026-02-02 22:40:43,436 - INFO - Building stim pattern for pattern_name 83
2026-02-02 22:40:43,447 - INFO - Building stim pattern for pattern_name 2193
2026-02-02 22:40:43,459 - INFO - Building stim pattern for pattern_name 1730
2026-02-02 22:40:43,469 - INFO - Building stim pattern for pattern_name 523
2026-02-02 22:40:43,481 - INFO - Building stim pattern for pattern_name 3234
2026-02-02 22:40:43,494 - INFO - Building stim pattern for pattern_name 1359
2026-02-02 22:40:43,506 - INFO - Building stim pattern for pattern_name 2961
2026-02-02 22:40:43,519 - INFO - Building stim pattern for pattern_name 1000
2026-02-02 22:40:43,537 - INFO - Building stim pattern for pattern_name 3607
2026-02-02 22:40:43,549 - INFO - Building stim pattern for pattern_name 3985
2026-02-02 22:40:43,562 - INFO - Building stim pattern for pattern_name 1808
2026-02-02 22:40:43,572 - INFO - Building stim pattern for pattern_name 1909
2026-02-02 22:40:43,583 - INFO - Building stim pattern for pattern_name 2854
2026-02-02 22:40:43,593 - INFO - Building stim pattern for pattern_name 3095
2026-02-02 22:40:43,612 - INFO - Building stim pattern for pattern_name 1016
2026-02-02 22:40:43,630 - INFO - Building stim pattern for pattern_name 3548
2026-02-02 22:40:43,655 - INFO - Building stim pattern for pattern_name 3198
2026-02-02 22:40:43,675 - INFO - Building stim pattern for pattern_name 38
2026-02-02 22:40:43,689 - INFO - Building stim pattern for pattern_name 1095
2026-02-02 22:40:43,702 - INFO - Building stim pattern for pattern_name 3529
2026-02-02 22:40:43,713 - INFO - Building stim pattern for pattern_name 700
2026-02-02 22:40:43,727 - INFO - Building stim pattern for pattern_name 61
2026-02-02 22:40:43,738 - INFO - Building stim pattern for pattern_name 1008
2026-02-02 22:40:43,751 - INFO - Building stim pattern for pattern_name 29
2026-02-02 22:40:43,763 - INFO - Building stim pattern for pattern_name 16
2026-02-02 22:40:43,774 - INFO - Building stim pattern for pattern_name 3525
2026-02-02 22:40:43,784 - INFO - Building stim pattern for pattern_name 3535
2026-02-02 22:40:43,795 - INFO - Building stim pattern for pattern_name 1069
2026-02-02 22:40:43,807 - INFO - Building stim pattern for pattern_name 683
2026-02-02 22:40:43,819 - INFO - Building stim pattern for pattern_name 1847
2026-02-02 22:40:43,831 - INFO - Building stim pattern for pattern_name 1878
2026-02-02 22:40:43,851 - INFO - Building stim pattern for pattern_name 1876
2026-02-02 22:40:43,870 - INFO - Building stim pattern for pattern_name 429
2026-02-02 22:40:43,881 - INFO - Building stim pattern for pattern_name 3038
2026-02-02 22:40:43,893 - INFO - Building stim pattern for pattern_name 3438
2026-02-02 22:40:43,921 - INFO - Building stim pattern for pattern_name 1609
2026-02-02 22:40:43,931 - INFO - Building stim pattern for pattern_name 1199
2026-02-02 22:40:43,959 - INFO - Building stim pattern for pattern_name 241
2026-02-02 22:40:43,979 - INFO - Building stim pattern for pattern_name 2322
2026-02-02 22:40:43,993 - INFO - Building stim pattern for pattern_name 3773
2026-02-02 22:40:44,007 - INFO - Building stim pattern for pattern_name 2629
2026-02-02 22:40:44,019 - INFO - Building stim pattern for pattern_name 2660
2026-02-02 22:40:44,038 - INFO - Building stim pattern for pattern_name 2958
2026-02-02 22:40:44,056 - INFO - Building stim pattern for pattern_name 3970
2026-02-02 22:40:44,067 - INFO - Building stim pattern for pattern_name 1144
2026-02-02 22:40:44,094 - INFO - Building stim pattern for pattern_name 2984
2026-02-02 22:40:44,162 - INFO - Building stim pattern for pattern_name 3179
2026-02-02 22:40:44,178 - INFO - Building stim pattern for pattern_name 2259
2026-02-02 22:40:44,199 - INFO - Building stim pattern for pattern_name 3138
2026-02-02 22:40:44,217 - INFO - Building stim pattern for pattern_name 2228
2026-02-02 22:40:44,261 - INFO - Building stim pattern for pattern_name 1103
2026-02-02 22:40:44,271 - INFO - Building stim pattern for pattern_name 851
2026-02-02 22:40:44,288 - INFO - Building stim pattern for pattern_name 3142
2026-02-02 22:40:44,299 - INFO - Building stim pattern for pattern_name 510
2026-02-02 22:40:44,311 - INFO - Building stim pattern for pattern_name 3473
2026-02-02 22:40:44,323 - INFO - Building stim pattern for pattern_name 3008
2026-02-02 22:40:44,336 - INFO - Building stim pattern for pattern_name 2871
2026-02-02 22:40:44,356 - INFO - Building stim pattern for pattern_name 86
2026-02-02 22:40:44,367 - INFO - Building stim pattern for pattern_name 2796
2026-02-02 22:40:44,378 - INFO - Building stim pattern for pattern_name 1911
2026-02-02 22:40:44,392 - INFO - Building stim pattern for pattern_name 1596
2026-02-02 22:40:44,406 - INFO - Building stim pattern for pattern_name 1829
2026-02-02 22:40:44,420 - INFO - Building stim pattern for pattern_name 3874
2026-02-02 22:40:44,431 - INFO - Building stim pattern for pattern_name 3094
2026-02-02 22:40:44,450 - INFO - Building stim pattern for pattern_name 101
2026-02-02 22:40:44,462 - INFO - Building stim pattern for pattern_name 1323
2026-02-02 22:40:44,474 - INFO - Building stim pattern for pattern_name 1032
2026-02-02 22:40:44,487 - INFO - Building stim pattern for pattern_name 3836
2026-02-02 22:40:44,498 - INFO - Building stim pattern for pattern_name 2039
2026-02-02 22:40:44,509 - INFO - Building stim pattern for pattern_name 673
2026-02-02 22:40:44,521 - INFO - Building stim pattern for pattern_name 1834
2026-02-02 22:40:44,531 - INFO - Building stim pattern for pattern_name 2895
2026-02-02 22:40:44,544 - INFO - Building stim pattern for pattern_name 3328
2026-02-02 22:40:44,558 - INFO - Building stim pattern for pattern_name 2698
2026-02-02 22:40:44,571 - INFO - Building stim pattern for pattern_name 2919
2026-02-02 22:40:44,583 - INFO - Building stim pattern for pattern_name 231
2026-02-02 22:40:44,593 - INFO - Building stim pattern for pattern_name 1824
2026-02-02 22:40:44,605 - INFO - Building stim pattern for pattern_name 1449
2026-02-02 22:40:44,616 - INFO - Building stim pattern for pattern_name 2752
2026-02-02 22:40:44,626 - INFO - Building stim pattern for pattern_name 3140
2026-02-02 22:40:44,637 - INFO - Building stim pattern for pattern_name 1589
2026-02-02 22:40:44,651 - INFO - Building stim pattern for pattern_name 1516
2026-02-02 22:40:44,672 - INFO - Building stim pattern for pattern_name 3060
2026-02-02 22:40:44,686 - INFO - Building stim pattern for pattern_name 89
2026-02-02 22:40:44,698 - INFO - Building stim pattern for pattern_name 502
2026-02-02 22:40:44,709 - INFO - Building stim pattern for pattern_name 1521
2026-02-02 22:40:44,720 - INFO - Building stim pattern for pattern_name 2974
2026-02-02 22:40:44,731 - INFO - Building stim pattern for pattern_name 540
2026-02-02 22:40:44,743 - INFO - Building stim pattern for pattern_name 1360
2026-02-02 22:40:44,754 - INFO - Building stim pattern for pattern_name 2530
2026-02-02 22:40:44,766 - INFO - Building stim pattern for pattern_name 1282
2026-02-02 22:40:44,778 - INFO - Building stim pattern for pattern_name 1956
2026-02-02 22:40:44,790 - INFO - Building stim pattern for pattern_name 1243
2026-02-02 22:40:44,801 - INFO - Building stim pattern for pattern_name 2350
2026-02-02 22:40:44,820 - INFO - Building stim pattern for pattern_name 2075
2026-02-02 22:40:44,832 - INFO - Building stim pattern for pattern_name 1830
2026-02-02 22:40:44,843 - INFO - Building stim pattern for pattern_name 1542
2026-02-02 22:40:44,857 - INFO - Building stim pattern for pattern_name 2137
2026-02-02 22:40:44,870 - INFO - Building stim pattern for pattern_name 3614
2026-02-02 22:40:44,880 - INFO - Building stim pattern for pattern_name 3425
2026-02-02 22:40:44,908 - INFO - Building stim pattern for pattern_name 447
2026-02-02 22:40:44,929 - INFO - Building stim pattern for pattern_name 885
2026-02-02 22:40:44,945 - INFO - Building stim pattern for pattern_name 1720
2026-02-02 22:40:44,955 - INFO - Building stim pattern for pattern_name 317
2026-02-02 22:40:44,967 - INFO - Building stim pattern for pattern_name 3373
2026-02-02 22:40:44,978 - INFO - Building stim pattern for pattern_name 517
2026-02-02 22:40:44,988 - INFO - Building stim pattern for pattern_name 1454
2026-02-02 22:40:45,000 - INFO - Building stim pattern for pattern_name 619
2026-02-02 22:40:45,012 - INFO - Building stim pattern for pattern_name 3093
2026-02-02 22:40:45,023 - INFO - Building stim pattern for pattern_name 319
2026-02-02 22:40:45,035 - INFO - Building stim pattern for pattern_name 3818
2026-02-02 22:40:45,053 - INFO - Building stim pattern for pattern_name 1388
2026-02-02 22:40:45,065 - INFO - Building stim pattern for pattern_name 1411
2026-02-02 22:40:45,079 - INFO - Building stim pattern for pattern_name 3620
2026-02-02 22:40:45,090 - INFO - Building stim pattern for pattern_name 2685
2026-02-02 22:40:45,104 - INFO - Building stim pattern for pattern_name 3929
2026-02-02 22:40:45,117 - INFO - Building stim pattern for pattern_name 547
2026-02-02 22:40:45,130 - INFO - Building stim pattern for pattern_name 2894
2026-02-02 22:40:45,142 - INFO - Building stim pattern for pattern_name 1494
2026-02-02 22:40:45,153 - INFO - Building stim pattern for pattern_name 2666
2026-02-02 22:40:45,166 - INFO - Building stim pattern for pattern_name 590
2026-02-02 22:40:45,177 - INFO - Building stim pattern for pattern_name 2993
2026-02-02 22:40:45,187 - INFO - Building stim pattern for pattern_name 219
2026-02-02 22:40:45,198 - INFO - Building stim pattern for pattern_name 3596
2026-02-02 22:40:45,214 - INFO - Building stim pattern for pattern_name 3884
2026-02-02 22:40:45,225 - INFO - Building stim pattern for pattern_name 1444
2026-02-02 22:40:45,241 - INFO - Building stim pattern for pattern_name 1187
2026-02-02 22:40:45,252 - INFO - Building stim pattern for pattern_name 2969
2026-02-02 22:40:45,264 - INFO - Building stim pattern for pattern_name 627
2026-02-02 22:40:45,275 - INFO - Building stim pattern for pattern_name 1766
2026-02-02 22:40:45,288 - INFO - Building stim pattern for pattern_name 890
2026-02-02 22:40:45,300 - INFO - Building stim pattern for pattern_name 3439
2026-02-02 22:40:45,312 - INFO - Building stim pattern for pattern_name 1250
2026-02-02 22:40:45,324 - INFO - Building stim pattern for pattern_name 3780
2026-02-02 22:40:45,336 - INFO - Building stim pattern for pattern_name 3814
2026-02-02 22:40:45,348 - INFO - Building stim pattern for pattern_name 3255
2026-02-02 22:40:45,361 - INFO - Building stim pattern for pattern_name 2485
2026-02-02 22:40:45,373 - INFO - Building stim pattern for pattern_name 1264
2026-02-02 22:40:45,384 - INFO - Building stim pattern for pattern_name 2935
2026-02-02 22:40:45,396 - INFO - Building stim pattern for pattern_name 2426
2026-02-02 22:40:45,408 - INFO - Building stim pattern for pattern_name 296
2026-02-02 22:40:45,422 - INFO - Building stim pattern for pattern_name 1684
2026-02-02 22:40:45,434 - INFO - Building stim pattern for pattern_name 729
2026-02-02 22:40:45,445 - INFO - Building stim pattern for pattern_name 1283
2026-02-02 22:40:45,463 - INFO - Building stim pattern for pattern_name 1483
2026-02-02 22:40:45,476 - INFO - Building stim pattern for pattern_name 1611
2026-02-02 22:40:45,491 - INFO - Building stim pattern for pattern_name 2780
2026-02-02 22:40:45,503 - INFO - Building stim pattern for pattern_name 484
2026-02-02 22:40:45,524 - INFO - Building stim pattern for pattern_name 1086
2026-02-02 22:40:45,536 - INFO - Building stim pattern for pattern_name 3521
2026-02-02 22:40:45,548 - INFO - Building stim pattern for pattern_name 3196
2026-02-02 22:40:45,560 - INFO - Building stim pattern for pattern_name 1656
2026-02-02 22:40:45,571 - INFO - Building stim pattern for pattern_name 1125
2026-02-02 22:40:45,581 - INFO - Building stim pattern for pattern_name 3187
2026-02-02 22:40:45,596 - INFO - Building stim pattern for pattern_name 3088
2026-02-02 22:40:45,607 - INFO - Building stim pattern for pattern_name 2274
2026-02-02 22:40:45,620 - INFO - Building stim pattern for pattern_name 1333
2026-02-02 22:40:45,632 - INFO - Building stim pattern for pattern_name 417
2026-02-02 22:40:45,643 - INFO - Building stim pattern for pattern_name 82
2026-02-02 22:40:45,654 - INFO - Building stim pattern for pattern_name 1677
2026-02-02 22:40:45,664 - INFO - Building stim pattern for pattern_name 2676
2026-02-02 22:40:45,675 - INFO - Building stim pattern for pattern_name 2035
2026-02-02 22:40:45,698 - INFO - Building stim pattern for pattern_name 847
2026-02-02 22:40:45,709 - INFO - Building stim pattern for pattern_name 2639
2026-02-02 22:40:45,720 - INFO - Building stim pattern for pattern_name 3569
2026-02-02 22:40:45,731 - INFO - Building stim pattern for pattern_name 2946
2026-02-02 22:40:45,744 - INFO - Building stim pattern for pattern_name 1698
2026-02-02 22:40:45,756 - INFO - Building stim pattern for pattern_name 1620
2026-02-02 22:40:45,824 - INFO - Building stim pattern for pattern_name 1435
2026-02-02 22:40:45,859 - INFO - Building stim pattern for pattern_name 3330
2026-02-02 22:40:45,882 - INFO - Building stim pattern for pattern_name 733
2026-02-02 22:40:45,894 - INFO - Building stim pattern for pattern_name 3567
2026-02-02 22:40:45,907 - INFO - Building stim pattern for pattern_name 3204
2026-02-02 22:40:45,917 - INFO - Building stim pattern for pattern_name 2413
2026-02-02 22:40:45,928 - INFO - Building stim pattern for pattern_name 1907
2026-02-02 22:40:45,944 - INFO - Building stim pattern for pattern_name 1801
2026-02-02 22:40:45,956 - INFO - Building stim pattern for pattern_name 1269
2026-02-02 22:40:45,967 - INFO - Building stim pattern for pattern_name 3024
2026-02-02 22:40:45,986 - INFO - Building stim pattern for pattern_name 1109
2026-02-02 22:40:45,998 - INFO - Building stim pattern for pattern_name 3497
2026-02-02 22:40:46,008 - INFO - Building stim pattern for pattern_name 2103
2026-02-02 22:40:46,020 - INFO - Building stim pattern for pattern_name 1192
2026-02-02 22:40:46,031 - INFO - Building stim pattern for pattern_name 2591
2026-02-02 22:40:46,041 - INFO - Building stim pattern for pattern_name 2545
2026-02-02 22:40:46,052 - INFO - Building stim pattern for pattern_name 836
2026-02-02 22:40:46,063 - INFO - Building stim pattern for pattern_name 2061
2026-02-02 22:40:46,082 - INFO - Building stim pattern for pattern_name 995
2026-02-02 22:40:46,094 - INFO - Building stim pattern for pattern_name 2824
2026-02-02 22:40:46,105 - INFO - Building stim pattern for pattern_name 21
2026-02-02 22:40:46,117 - INFO - Building stim pattern for pattern_name 2746
2026-02-02 22:40:46,129 - INFO - Building stim pattern for pattern_name 109
2026-02-02 22:40:46,138 - INFO - Building stim pattern for pattern_name 2941
2026-02-02 22:40:46,148 - INFO - Building stim pattern for pattern_name 2172
2026-02-02 22:40:46,160 - INFO - Building stim pattern for pattern_name 3117
2026-02-02 22:40:46,172 - INFO - Building stim pattern for pattern_name 2265
2026-02-02 22:40:46,184 - INFO - Building stim pattern for pattern_name 1923
2026-02-02 22:40:46,195 - INFO - Building stim pattern for pattern_name 3061
2026-02-02 22:40:46,205 - INFO - Building stim pattern for pattern_name 1174
2026-02-02 22:40:46,217 - INFO - Building stim pattern for pattern_name 1361
2026-02-02 22:40:46,228 - INFO - Building stim pattern for pattern_name 3164
2026-02-02 22:40:46,239 - INFO - Building stim pattern for pattern_name 1384
2026-02-02 22:40:46,249 - INFO - Building stim pattern for pattern_name 2925
2026-02-02 22:40:46,259 - INFO - Building stim pattern for pattern_name 2089
2026-02-02 22:40:46,270 - INFO - Building stim pattern for pattern_name 398
2026-02-02 22:40:46,282 - INFO - Building stim pattern for pattern_name 1484
2026-02-02 22:40:46,294 - INFO - Building stim pattern for pattern_name 1122
2026-02-02 22:40:46,306 - INFO - Building stim pattern for pattern_name 594
2026-02-02 22:40:46,317 - INFO - Building stim pattern for pattern_name 1567
2026-02-02 22:40:46,327 - INFO - Building stim pattern for pattern_name 363
2026-02-02 22:40:46,337 - INFO - Building stim pattern for pattern_name 3451
2026-02-02 22:40:46,348 - INFO - Building stim pattern for pattern_name 1600
2026-02-02 22:40:46,366 - INFO - Building stim pattern for pattern_name 1764
2026-02-02 22:40:46,377 - INFO - Building stim pattern for pattern_name 791
2026-02-02 22:40:46,388 - INFO - Building stim pattern for pattern_name 1602
2026-02-02 22:40:46,406 - INFO - Building stim pattern for pattern_name 1425
2026-02-02 22:40:46,415 - INFO - Building stim pattern for pattern_name 2220
2026-02-02 22:40:46,424 - INFO - Building stim pattern for pattern_name 1241
2026-02-02 22:40:46,434 - INFO - Building stim pattern for pattern_name 2582
2026-02-02 22:40:46,443 - INFO - Building stim pattern for pattern_name 1015
2026-02-02 22:40:46,471 - INFO - Building stim pattern for pattern_name 206
2026-02-02 22:40:46,481 - INFO - Building stim pattern for pattern_name 1692
2026-02-02 22:40:46,492 - INFO - Building stim pattern for pattern_name 226
2026-02-02 22:40:46,503 - INFO - Building stim pattern for pattern_name 2665
2026-02-02 22:40:46,514 - INFO - Building stim pattern for pattern_name 234
2026-02-02 22:40:46,526 - INFO - Building stim pattern for pattern_name 705
2026-02-02 22:40:46,538 - INFO - Building stim pattern for pattern_name 1316
2026-02-02 22:40:46,550 - INFO - Building stim pattern for pattern_name 2877
2026-02-02 22:40:46,561 - INFO - Building stim pattern for pattern_name 1367
2026-02-02 22:40:46,581 - INFO - Building stim pattern for pattern_name 333
2026-02-02 22:40:46,593 - INFO - Building stim pattern for pattern_name 1673
2026-02-02 22:40:46,615 - INFO - Building stim pattern for pattern_name 205
2026-02-02 22:40:46,627 - INFO - Building stim pattern for pattern_name 2776
2026-02-02 22:40:46,637 - INFO - Building stim pattern for pattern_name 3863
2026-02-02 22:40:46,647 - INFO - Building stim pattern for pattern_name 760
2026-02-02 22:40:46,658 - INFO - Building stim pattern for pattern_name 1869
2026-02-02 22:40:46,669 - INFO - Building stim pattern for pattern_name 933
2026-02-02 22:40:46,678 - INFO - Building stim pattern for pattern_name 2547
2026-02-02 22:40:46,689 - INFO - Building stim pattern for pattern_name 2363
2026-02-02 22:40:46,705 - INFO - Building stim pattern for pattern_name 3722
2026-02-02 22:40:46,717 - INFO - Building stim pattern for pattern_name 2348
2026-02-02 22:40:46,737 - INFO - Building stim pattern for pattern_name 2334
2026-02-02 22:40:46,753 - INFO - Building stim pattern for pattern_name 3678
2026-02-02 22:40:46,772 - INFO - Building stim pattern for pattern_name 18
2026-02-02 22:40:46,783 - INFO - Building stim pattern for pattern_name 1499
2026-02-02 22:40:46,795 - INFO - Building stim pattern for pattern_name 3961
2026-02-02 22:40:46,806 - INFO - Building stim pattern for pattern_name 1674
2026-02-02 22:40:46,837 - INFO - Building stim pattern for pattern_name 2934
2026-02-02 22:40:46,848 - INFO - Building stim pattern for pattern_name 432
2026-02-02 22:40:46,871 - INFO - Building stim pattern for pattern_name 145
2026-02-02 22:40:46,882 - INFO - Building stim pattern for pattern_name 1974
2026-02-02 22:40:46,893 - INFO - Building stim pattern for pattern_name 3112
2026-02-02 22:40:46,911 - INFO - Building stim pattern for pattern_name 2967
2026-02-02 22:40:46,923 - INFO - Building stim pattern for pattern_name 1080
2026-02-02 22:40:46,938 - INFO - Building stim pattern for pattern_name 3111
2026-02-02 22:40:46,949 - INFO - Building stim pattern for pattern_name 1759
2026-02-02 22:40:46,959 - INFO - Building stim pattern for pattern_name 391
2026-02-02 22:40:46,970 - INFO - Building stim pattern for pattern_name 158
2026-02-02 22:40:46,982 - INFO - Building stim pattern for pattern_name 3940
2026-02-02 22:40:46,993 - INFO - Building stim pattern for pattern_name 948
2026-02-02 22:40:47,005 - INFO - Building stim pattern for pattern_name 1218
2026-02-02 22:40:47,016 - INFO - Building stim pattern for pattern_name 3165
2026-02-02 22:40:47,026 - INFO - Building stim pattern for pattern_name 830
2026-02-02 22:40:47,035 - INFO - Building stim pattern for pattern_name 1039
2026-02-02 22:40:47,047 - INFO - Building stim pattern for pattern_name 3220
2026-02-02 22:40:47,058 - INFO - Building stim pattern for pattern_name 410
2026-02-02 22:40:47,068 - INFO - Building stim pattern for pattern_name 3257
2026-02-02 22:40:47,080 - INFO - Building stim pattern for pattern_name 1217
2026-02-02 22:40:47,090 - INFO - Building stim pattern for pattern_name 1637
2026-02-02 22:40:47,101 - INFO - Building stim pattern for pattern_name 2361
2026-02-02 22:40:47,111 - INFO - Building stim pattern for pattern_name 3626
2026-02-02 22:40:47,122 - INFO - Building stim pattern for pattern_name 3966
2026-02-02 22:40:47,136 - INFO - Building stim pattern for pattern_name 1339
2026-02-02 22:40:47,147 - INFO - Building stim pattern for pattern_name 259
2026-02-02 22:40:47,158 - INFO - Building stim pattern for pattern_name 424
2026-02-02 22:40:47,168 - INFO - Building stim pattern for pattern_name 1903
2026-02-02 22:40:47,178 - INFO - Building stim pattern for pattern_name 3908
2026-02-02 22:40:47,188 - INFO - Building stim pattern for pattern_name 909
2026-02-02 22:40:47,199 - INFO - Building stim pattern for pattern_name 3834
2026-02-02 22:40:47,228 - INFO - Building stim pattern for pattern_name 102
2026-02-02 22:40:47,239 - INFO - Building stim pattern for pattern_name 903
2026-02-02 22:40:47,249 - INFO - Building stim pattern for pattern_name 811
2026-02-02 22:40:47,261 - INFO - Building stim pattern for pattern_name 2633
2026-02-02 22:40:47,272 - INFO - Building stim pattern for pattern_name 2773
2026-02-02 22:40:47,290 - INFO - Building stim pattern for pattern_name 2887
2026-02-02 22:40:47,304 - INFO - Building stim pattern for pattern_name 2918
2026-02-02 22:40:47,322 - INFO - Building stim pattern for pattern_name 1114
2026-02-02 22:40:47,334 - INFO - Building stim pattern for pattern_name 3634
2026-02-02 22:40:47,352 - INFO - Building stim pattern for pattern_name 2374
2026-02-02 22:40:47,365 - INFO - Building stim pattern for pattern_name 1628
2026-02-02 22:40:47,384 - INFO - Building stim pattern for pattern_name 644
2026-02-02 22:40:47,395 - INFO - Building stim pattern for pattern_name 2141
2026-02-02 22:40:47,412 - INFO - Building stim pattern for pattern_name 2738
2026-02-02 22:40:47,423 - INFO - Building stim pattern for pattern_name 3341
2026-02-02 22:40:47,433 - INFO - Building stim pattern for pattern_name 1739
2026-02-02 22:40:47,474 - INFO - Building stim pattern for pattern_name 3734
2026-02-02 22:40:47,530 - INFO - Building stim pattern for pattern_name 195
2026-02-02 22:40:47,557 - INFO - Building stim pattern for pattern_name 2584
2026-02-02 22:40:47,569 - INFO - Building stim pattern for pattern_name 1646
2026-02-02 22:40:47,589 - INFO - Building stim pattern for pattern_name 625
2026-02-02 22:40:47,600 - INFO - Building stim pattern for pattern_name 2128
2026-02-02 22:40:47,611 - INFO - Building stim pattern for pattern_name 942
2026-02-02 22:40:47,621 - INFO - Building stim pattern for pattern_name 1539
2026-02-02 22:40:47,631 - INFO - Building stim pattern for pattern_name 3720
2026-02-02 22:40:47,644 - INFO - Building stim pattern for pattern_name 370
2026-02-02 22:40:47,657 - INFO - Building stim pattern for pattern_name 2283
2026-02-02 22:40:47,668 - INFO - Building stim pattern for pattern_name 2882
2026-02-02 22:40:47,681 - INFO - Building stim pattern for pattern_name 2412
2026-02-02 22:40:47,694 - INFO - Building stim pattern for pattern_name 2235
2026-02-02 22:40:47,706 - INFO - Building stim pattern for pattern_name 3240
2026-02-02 22:40:47,723 - INFO - Building stim pattern for pattern_name 3462
2026-02-02 22:40:47,735 - INFO - Building stim pattern for pattern_name 355
2026-02-02 22:40:47,746 - INFO - Building stim pattern for pattern_name 1193
2026-02-02 22:40:47,763 - INFO - Building stim pattern for pattern_name 704
2026-02-02 22:40:47,773 - INFO - Building stim pattern for pattern_name 3201
2026-02-02 22:40:47,786 - INFO - Building stim pattern for pattern_name 3896
2026-02-02 22:40:47,797 - INFO - Building stim pattern for pattern_name 3322
2026-02-02 22:40:47,810 - INFO - Building stim pattern for pattern_name 1416
2026-02-02 22:40:47,831 - INFO - Building stim pattern for pattern_name 1776
2026-02-02 22:40:47,848 - INFO - Building stim pattern for pattern_name 1846
2026-02-02 22:40:47,866 - INFO - Building stim pattern for pattern_name 904
2026-02-02 22:40:47,878 - INFO - Building stim pattern for pattern_name 3176
2026-02-02 22:40:47,889 - INFO - Building stim pattern for pattern_name 3157
2026-02-02 22:40:47,898 - INFO - Building stim pattern for pattern_name 2577
2026-02-02 22:40:47,911 - INFO - Building stim pattern for pattern_name 516
2026-02-02 22:40:47,923 - INFO - Building stim pattern for pattern_name 2841
2026-02-02 22:40:47,948 - INFO - Building stim pattern for pattern_name 2136
2026-02-02 22:40:47,960 - INFO - Building stim pattern for pattern_name 3994
2026-02-02 22:40:47,972 - INFO - Building stim pattern for pattern_name 2371
2026-02-02 22:40:47,985 - INFO - Building stim pattern for pattern_name 717
2026-02-02 22:40:47,996 - INFO - Building stim pattern for pattern_name 1156
2026-02-02 22:40:48,007 - INFO - Building stim pattern for pattern_name 3149
2026-02-02 22:40:48,017 - INFO - Building stim pattern for pattern_name 2248
2026-02-02 22:40:48,027 - INFO - Building stim pattern for pattern_name 448
2026-02-02 22:40:48,037 - INFO - Building stim pattern for pattern_name 367
2026-02-02 22:40:48,047 - INFO - Building stim pattern for pattern_name 537
2026-02-02 22:40:48,059 - INFO - Building stim pattern for pattern_name 519
2026-02-02 22:40:48,075 - INFO - Building stim pattern for pattern_name 3608
2026-02-02 22:40:48,086 - INFO - Building stim pattern for pattern_name 1693
2026-02-02 22:40:48,117 - INFO - Building stim pattern for pattern_name 1476
2026-02-02 22:40:48,129 - INFO - Building stim pattern for pattern_name 182
2026-02-02 22:40:48,146 - INFO - Building stim pattern for pattern_name 287
2026-02-02 22:40:48,168 - INFO - Building stim pattern for pattern_name 1149
2026-02-02 22:40:48,181 - INFO - Building stim pattern for pattern_name 2848
2026-02-02 22:40:48,192 - INFO - Building stim pattern for pattern_name 2208
2026-02-02 22:40:48,203 - INFO - Building stim pattern for pattern_name 2505
2026-02-02 22:40:48,215 - INFO - Building stim pattern for pattern_name 788
2026-02-02 22:40:48,226 - INFO - Building stim pattern for pattern_name 3471
2026-02-02 22:40:48,235 - INFO - Building stim pattern for pattern_name 3667
2026-02-02 22:40:48,253 - INFO - Building stim pattern for pattern_name 3351
2026-02-02 22:40:48,264 - INFO - Building stim pattern for pattern_name 2927
2026-02-02 22:40:48,281 - INFO - Building stim pattern for pattern_name 986
2026-02-02 22:40:48,298 - INFO - Building stim pattern for pattern_name 3098
2026-02-02 22:40:48,310 - INFO - Building stim pattern for pattern_name 2840
2026-02-02 22:40:48,320 - INFO - Building stim pattern for pattern_name 479
2026-02-02 22:40:48,330 - INFO - Building stim pattern for pattern_name 3732
2026-02-02 22:40:48,341 - INFO - Building stim pattern for pattern_name 435
2026-02-02 22:40:48,357 - INFO - Building stim pattern for pattern_name 2701
2026-02-02 22:40:48,367 - INFO - Building stim pattern for pattern_name 3616
2026-02-02 22:40:48,378 - INFO - Building stim pattern for pattern_name 1327
2026-02-02 22:40:48,391 - INFO - Building stim pattern for pattern_name 2113
2026-02-02 22:40:48,414 - INFO - Building stim pattern for pattern_name 2830
2026-02-02 22:40:48,426 - INFO - Building stim pattern for pattern_name 2021
2026-02-02 22:40:48,447 - INFO - Building stim pattern for pattern_name 1913
2026-02-02 22:40:48,459 - INFO - Building stim pattern for pattern_name 1955
2026-02-02 22:40:48,475 - INFO - Building stim pattern for pattern_name 3636
2026-02-02 22:40:48,487 - INFO - Building stim pattern for pattern_name 2120
2026-02-02 22:40:48,521 - INFO - Building stim pattern for pattern_name 2440
2026-02-02 22:40:48,533 - INFO - Building stim pattern for pattern_name 135
2026-02-02 22:40:48,546 - INFO - Building stim pattern for pattern_name 470
2026-02-02 22:40:48,558 - INFO - Building stim pattern for pattern_name 2453
2026-02-02 22:40:48,576 - INFO - Building stim pattern for pattern_name 113
2026-02-02 22:40:48,590 - INFO - Building stim pattern for pattern_name 230
2026-02-02 22:40:48,601 - INFO - Building stim pattern for pattern_name 2979
2026-02-02 22:40:48,611 - INFO - Building stim pattern for pattern_name 1842
2026-02-02 22:40:48,629 - INFO - Building stim pattern for pattern_name 1215
2026-02-02 22:40:48,639 - INFO - Building stim pattern for pattern_name 117
2026-02-02 22:40:48,650 - INFO - Building stim pattern for pattern_name 3105
2026-02-02 22:40:48,662 - INFO - Building stim pattern for pattern_name 769
2026-02-02 22:40:48,672 - INFO - Building stim pattern for pattern_name 555
2026-02-02 22:40:48,682 - INFO - Building stim pattern for pattern_name 1655
2026-02-02 22:40:48,698 - INFO - Building stim pattern for pattern_name 1513
2026-02-02 22:40:48,709 - INFO - Building stim pattern for pattern_name 1415
2026-02-02 22:40:48,720 - INFO - Building stim pattern for pattern_name 3459
2026-02-02 22:40:48,731 - INFO - Building stim pattern for pattern_name 1393
2026-02-02 22:40:48,748 - INFO - Building stim pattern for pattern_name 878
2026-02-02 22:40:48,760 - INFO - Building stim pattern for pattern_name 2217
2026-02-02 22:40:48,771 - INFO - Building stim pattern for pattern_name 3043
2026-02-02 22:40:48,783 - INFO - Building stim pattern for pattern_name 2594
2026-02-02 22:40:48,792 - INFO - Building stim pattern for pattern_name 3670
2026-02-02 22:40:48,809 - INFO - Building stim pattern for pattern_name 3000
2026-02-02 22:40:48,821 - INFO - Building stim pattern for pattern_name 972
2026-02-02 22:40:48,838 - INFO - Building stim pattern for pattern_name 3955
2026-02-02 22:40:48,849 - INFO - Building stim pattern for pattern_name 936
2026-02-02 22:40:48,866 - INFO - Building stim pattern for pattern_name 2246
2026-02-02 22:40:48,878 - INFO - Building stim pattern for pattern_name 985
2026-02-02 22:40:48,889 - INFO - Building stim pattern for pattern_name 2772
2026-02-02 22:40:48,900 - INFO - Building stim pattern for pattern_name 645
2026-02-02 22:40:48,910 - INFO - Building stim pattern for pattern_name 3838
2026-02-02 22:40:48,920 - INFO - Building stim pattern for pattern_name 309
2026-02-02 22:40:48,932 - INFO - Building stim pattern for pattern_name 2250
2026-02-02 22:40:48,941 - INFO - Building stim pattern for pattern_name 1606
2026-02-02 22:40:48,951 - INFO - Building stim pattern for pattern_name 943
2026-02-02 22:40:48,962 - INFO - Building stim pattern for pattern_name 931
2026-02-02 22:40:48,973 - INFO - Building stim pattern for pattern_name 1543
2026-02-02 22:40:48,989 - INFO - Building stim pattern for pattern_name 2909
2026-02-02 22:40:49,001 - INFO - Building stim pattern for pattern_name 2117
2026-02-02 22:40:49,013 - INFO - Building stim pattern for pattern_name 3651
2026-02-02 22:40:49,026 - INFO - Building stim pattern for pattern_name 2253
2026-02-02 22:40:49,038 - INFO - Building stim pattern for pattern_name 33
2026-02-02 22:40:49,050 - INFO - Building stim pattern for pattern_name 153
2026-02-02 22:40:49,068 - INFO - Building stim pattern for pattern_name 3768
2026-02-02 22:40:49,084 - INFO - Building stim pattern for pattern_name 2080
2026-02-02 22:40:49,115 - INFO - Building stim pattern for pattern_name 1688
2026-02-02 22:40:49,126 - INFO - Building stim pattern for pattern_name 30
2026-02-02 22:40:49,137 - INFO - Building stim pattern for pattern_name 85
2026-02-02 22:40:49,148 - INFO - Building stim pattern for pattern_name 1260
2026-02-02 22:40:49,158 - INFO - Building stim pattern for pattern_name 973
2026-02-02 22:40:49,175 - INFO - Building stim pattern for pattern_name 3147
2026-02-02 22:40:49,186 - INFO - Building stim pattern for pattern_name 2574
2026-02-02 22:40:49,196 - INFO - Building stim pattern for pattern_name 1284
2026-02-02 22:40:49,224 - INFO - Building stim pattern for pattern_name 1928
2026-02-02 22:40:49,290 - INFO - Building stim pattern for pattern_name 829
2026-02-02 22:40:49,319 - INFO - Building stim pattern for pattern_name 1579
2026-02-02 22:40:49,340 - INFO - Building stim pattern for pattern_name 2948
2026-02-02 22:40:49,350 - INFO - Building stim pattern for pattern_name 2949
2026-02-02 22:40:49,360 - INFO - Building stim pattern for pattern_name 1700
2026-02-02 22:40:49,379 - INFO - Building stim pattern for pattern_name 1477
2026-02-02 22:40:49,390 - INFO - Building stim pattern for pattern_name 323
2026-02-02 22:40:49,408 - INFO - Building stim pattern for pattern_name 3269
2026-02-02 22:40:49,424 - INFO - Building stim pattern for pattern_name 3503
2026-02-02 22:40:49,435 - INFO - Building stim pattern for pattern_name 220
2026-02-02 22:40:49,445 - INFO - Building stim pattern for pattern_name 2862
2026-02-02 22:40:49,455 - INFO - Building stim pattern for pattern_name 2686
2026-02-02 22:40:49,466 - INFO - Building stim pattern for pattern_name 824
2026-02-02 22:40:49,476 - INFO - Building stim pattern for pattern_name 2541
2026-02-02 22:40:49,488 - INFO - Building stim pattern for pattern_name 2983
2026-02-02 22:40:49,498 - INFO - Building stim pattern for pattern_name 3482
2026-02-02 22:40:49,508 - INFO - Building stim pattern for pattern_name 2101
2026-02-02 22:40:49,519 - INFO - Building stim pattern for pattern_name 2642
2026-02-02 22:40:49,530 - INFO - Building stim pattern for pattern_name 1755
2026-02-02 22:40:49,545 - INFO - Building stim pattern for pattern_name 272
2026-02-02 22:40:49,569 - INFO - Building stim pattern for pattern_name 2794
2026-02-02 22:40:49,580 - INFO - Building stim pattern for pattern_name 3431
2026-02-02 22:40:49,590 - INFO - Building stim pattern for pattern_name 817
2026-02-02 22:40:49,600 - INFO - Building stim pattern for pattern_name 389
2026-02-02 22:40:49,610 - INFO - Building stim pattern for pattern_name 178
2026-02-02 22:40:49,621 - INFO - Building stim pattern for pattern_name 3812
2026-02-02 22:40:49,632 - INFO - Building stim pattern for pattern_name 860
2026-02-02 22:40:49,643 - INFO - Building stim pattern for pattern_name 671
2026-02-02 22:40:49,655 - INFO - Building stim pattern for pattern_name 826
2026-02-02 22:40:49,666 - INFO - Building stim pattern for pattern_name 2528
2026-02-02 22:40:49,676 - INFO - Building stim pattern for pattern_name 2436
2026-02-02 22:40:49,686 - INFO - Building stim pattern for pattern_name 1488
2026-02-02 22:40:49,706 - INFO - Building stim pattern for pattern_name 1493
2026-02-02 22:40:49,728 - INFO - Building stim pattern for pattern_name 823
2026-02-02 22:40:49,749 - INFO - Building stim pattern for pattern_name 237
2026-02-02 22:40:49,762 - INFO - Building stim pattern for pattern_name 2515
2026-02-02 22:40:49,775 - INFO - Building stim pattern for pattern_name 157
2026-02-02 22:40:49,786 - INFO - Building stim pattern for pattern_name 3570
2026-02-02 22:40:49,804 - INFO - Building stim pattern for pattern_name 2186
2026-02-02 22:40:49,815 - INFO - Building stim pattern for pattern_name 3748
2026-02-02 22:40:49,826 - INFO - Building stim pattern for pattern_name 3172
2026-02-02 22:40:49,838 - INFO - Building stim pattern for pattern_name 352
2026-02-02 22:40:49,848 - INFO - Building stim pattern for pattern_name 3550
2026-02-02 22:40:49,860 - INFO - Building stim pattern for pattern_name 3835
2026-02-02 22:40:49,871 - INFO - Building stim pattern for pattern_name 416
2026-02-02 22:40:49,882 - INFO - Building stim pattern for pattern_name 1617
2026-02-02 22:40:49,893 - INFO - Building stim pattern for pattern_name 508
2026-02-02 22:40:49,906 - INFO - Building stim pattern for pattern_name 2048
2026-02-02 22:40:49,918 - INFO - Building stim pattern for pattern_name 23
2026-02-02 22:40:49,928 - INFO - Building stim pattern for pattern_name 1769
2026-02-02 22:40:49,940 - INFO - Building stim pattern for pattern_name 712
2026-02-02 22:40:49,952 - INFO - Building stim pattern for pattern_name 1165
2026-02-02 22:40:49,963 - INFO - Building stim pattern for pattern_name 274
2026-02-02 22:40:49,974 - INFO - Building stim pattern for pattern_name 3541
2026-02-02 22:40:49,990 - INFO - Building stim pattern for pattern_name 3329
2026-02-02 22:40:50,002 - INFO - Building stim pattern for pattern_name 264
2026-02-02 22:40:50,012 - INFO - Building stim pattern for pattern_name 3639
2026-02-02 22:40:50,023 - INFO - Building stim pattern for pattern_name 2392
2026-02-02 22:40:50,034 - INFO - Building stim pattern for pattern_name 2057
2026-02-02 22:40:50,054 - INFO - Building stim pattern for pattern_name 1805
2026-02-02 22:40:50,064 - INFO - Building stim pattern for pattern_name 3971
2026-02-02 22:40:50,075 - INFO - Building stim pattern for pattern_name 3136
2026-02-02 22:40:50,086 - INFO - Building stim pattern for pattern_name 98
2026-02-02 22:40:50,104 - INFO - Building stim pattern for pattern_name 3001
2026-02-02 22:40:50,114 - INFO - Building stim pattern for pattern_name 2737
2026-02-02 22:40:50,124 - INFO - Building stim pattern for pattern_name 3282
2026-02-02 22:40:50,134 - INFO - Building stim pattern for pattern_name 2066
2026-02-02 22:40:50,145 - INFO - Building stim pattern for pattern_name 3829
2026-02-02 22:40:50,156 - INFO - Building stim pattern for pattern_name 1018
2026-02-02 22:40:50,167 - INFO - Building stim pattern for pattern_name 2164
2026-02-02 22:40:50,179 - INFO - Building stim pattern for pattern_name 3643
2026-02-02 22:40:50,191 - INFO - Building stim pattern for pattern_name 3623
2026-02-02 22:40:50,201 - INFO - Building stim pattern for pattern_name 239
2026-02-02 22:40:50,211 - INFO - Building stim pattern for pattern_name 1244
2026-02-02 22:40:50,222 - INFO - Building stim pattern for pattern_name 3753
2026-02-02 22:40:50,232 - INFO - Building stim pattern for pattern_name 1523
2026-02-02 22:40:50,242 - INFO - Building stim pattern for pattern_name 419
2026-02-02 22:40:50,259 - INFO - Building stim pattern for pattern_name 2859
2026-02-02 22:40:50,271 - INFO - Building stim pattern for pattern_name 2907
2026-02-02 22:40:50,282 - INFO - Building stim pattern for pattern_name 2050
2026-02-02 22:40:50,293 - INFO - Building stim pattern for pattern_name 3056
2026-02-02 22:40:50,315 - INFO - Building stim pattern for pattern_name 2838
2026-02-02 22:40:50,328 - INFO - Building stim pattern for pattern_name 839
2026-02-02 22:40:50,339 - INFO - Building stim pattern for pattern_name 1479
2026-02-02 22:40:50,356 - INFO - Building stim pattern for pattern_name 1433
2026-02-02 22:40:50,376 - INFO - Building stim pattern for pattern_name 3673
2026-02-02 22:40:50,388 - INFO - Building stim pattern for pattern_name 831
2026-02-02 22:40:50,399 - INFO - Building stim pattern for pattern_name 349
2026-02-02 22:40:50,409 - INFO - Building stim pattern for pattern_name 2054
2026-02-02 22:40:50,421 - INFO - Building stim pattern for pattern_name 1800
2026-02-02 22:40:50,432 - INFO - Building stim pattern for pattern_name 930
2026-02-02 22:40:50,442 - INFO - Building stim pattern for pattern_name 857
2026-02-02 22:40:50,453 - INFO - Building stim pattern for pattern_name 1664
2026-02-02 22:40:50,463 - INFO - Building stim pattern for pattern_name 3721
2026-02-02 22:40:50,474 - INFO - Building stim pattern for pattern_name 2778
2026-02-02 22:40:50,493 - INFO - Building stim pattern for pattern_name 2234
2026-02-02 22:40:50,502 - INFO - Building stim pattern for pattern_name 689
2026-02-02 22:40:50,513 - INFO - Building stim pattern for pattern_name 634
2026-02-02 22:40:50,532 - INFO - Building stim pattern for pattern_name 2236
2026-02-02 22:40:50,543 - INFO - Building stim pattern for pattern_name 3919
2026-02-02 22:40:50,553 - INFO - Building stim pattern for pattern_name 3167
2026-02-02 22:40:50,563 - INFO - Building stim pattern for pattern_name 3859
2026-02-02 22:40:50,573 - INFO - Building stim pattern for pattern_name 420
2026-02-02 22:40:50,584 - INFO - Building stim pattern for pattern_name 3258
2026-02-02 22:40:50,594 - INFO - Building stim pattern for pattern_name 2835
2026-02-02 22:40:50,604 - INFO - Building stim pattern for pattern_name 2359
2026-02-02 22:40:50,614 - INFO - Building stim pattern for pattern_name 1703
2026-02-02 22:40:50,624 - INFO - Building stim pattern for pattern_name 140
2026-02-02 22:40:50,635 - INFO - Building stim pattern for pattern_name 2300
2026-02-02 22:40:50,645 - INFO - Building stim pattern for pattern_name 1092
2026-02-02 22:40:50,660 - INFO - Building stim pattern for pattern_name 2432
2026-02-02 22:40:50,670 - INFO - Building stim pattern for pattern_name 2000
2026-02-02 22:40:50,688 - INFO - Building stim pattern for pattern_name 3059
2026-02-02 22:40:50,699 - INFO - Building stim pattern for pattern_name 3980
2026-02-02 22:40:50,709 - INFO - Building stim pattern for pattern_name 1668
2026-02-02 22:40:50,720 - INFO - Building stim pattern for pattern_name 457
2026-02-02 22:40:50,736 - INFO - Building stim pattern for pattern_name 3979
2026-02-02 22:40:50,748 - INFO - Building stim pattern for pattern_name 3085
2026-02-02 22:40:50,768 - INFO - Building stim pattern for pattern_name 3655
2026-02-02 22:40:50,787 - INFO - Building stim pattern for pattern_name 983
2026-02-02 22:40:50,798 - INFO - Building stim pattern for pattern_name 2973
2026-02-02 22:40:50,811 - INFO - Building stim pattern for pattern_name 1400
2026-02-02 22:40:50,823 - INFO - Building stim pattern for pattern_name 2124
2026-02-02 22:40:50,839 - INFO - Building stim pattern for pattern_name 2990
2026-02-02 22:40:50,850 - INFO - Building stim pattern for pattern_name 3669
2026-02-02 22:40:50,862 - INFO - Building stim pattern for pattern_name 3950
2026-02-02 22:40:50,886 - INFO - Building stim pattern for pattern_name 1594
2026-02-02 22:40:50,900 - INFO - Building stim pattern for pattern_name 3875
2026-02-02 22:40:50,912 - INFO - Building stim pattern for pattern_name 934
2026-02-02 22:40:50,930 - INFO - Building stim pattern for pattern_name 3615
2026-02-02 22:40:50,962 - INFO - Building stim pattern for pattern_name 1941
2026-02-02 22:40:50,974 - INFO - Building stim pattern for pattern_name 129
2026-02-02 22:40:50,986 - INFO - Building stim pattern for pattern_name 2663
2026-02-02 22:40:50,996 - INFO - Building stim pattern for pattern_name 2543
2026-02-02 22:40:51,009 - INFO - Building stim pattern for pattern_name 2309
2026-02-02 22:40:51,021 - INFO - Building stim pattern for pattern_name 795
2026-02-02 22:40:51,033 - INFO - Building stim pattern for pattern_name 1713
2026-02-02 22:40:51,045 - INFO - Building stim pattern for pattern_name 3264
2026-02-02 22:40:51,060 - INFO - Building stim pattern for pattern_name 3158
2026-02-02 22:40:51,076 - INFO - Building stim pattern for pattern_name 515
2026-02-02 22:40:51,093 - INFO - Building stim pattern for pattern_name 1946
2026-02-02 22:40:51,104 - INFO - Building stim pattern for pattern_name 3625
2026-02-02 22:40:51,115 - INFO - Building stim pattern for pattern_name 436
2026-02-02 22:40:51,126 - INFO - Building stim pattern for pattern_name 2160
2026-02-02 22:40:51,144 - INFO - Building stim pattern for pattern_name 2443
2026-02-02 22:40:51,156 - INFO - Building stim pattern for pattern_name 2320
2026-02-02 22:40:51,188 - INFO - Building stim pattern for pattern_name 3769
2026-02-02 22:40:51,247 - INFO - Building stim pattern for pattern_name 1986
2026-02-02 22:40:51,258 - INFO - Building stim pattern for pattern_name 1598
2026-02-02 22:40:51,282 - INFO - Building stim pattern for pattern_name 36
2026-02-02 22:40:51,299 - INFO - Building stim pattern for pattern_name 1009
2026-02-02 22:40:51,321 - INFO - Building stim pattern for pattern_name 55
2026-02-02 22:40:51,334 - INFO - Building stim pattern for pattern_name 64
2026-02-02 22:40:51,347 - INFO - Building stim pattern for pattern_name 2386
2026-02-02 22:40:51,359 - INFO - Building stim pattern for pattern_name 1224
2026-02-02 22:40:51,372 - INFO - Building stim pattern for pattern_name 3920
2026-02-02 22:40:51,384 - INFO - Building stim pattern for pattern_name 1342
2026-02-02 22:40:51,393 - INFO - Building stim pattern for pattern_name 3764
2026-02-02 22:40:51,405 - INFO - Building stim pattern for pattern_name 3566
2026-02-02 22:40:51,416 - INFO - Building stim pattern for pattern_name 3872
2026-02-02 22:40:51,434 - INFO - Building stim pattern for pattern_name 2637
2026-02-02 22:40:51,445 - INFO - Building stim pattern for pattern_name 2429
2026-02-02 22:40:51,456 - INFO - Building stim pattern for pattern_name 3427
2026-02-02 22:40:51,468 - INFO - Building stim pattern for pattern_name 2279
2026-02-02 22:40:51,478 - INFO - Building stim pattern for pattern_name 1887
2026-02-02 22:40:51,509 - INFO - Building stim pattern for pattern_name 2726
2026-02-02 22:40:51,520 - INFO - Building stim pattern for pattern_name 2943
2026-02-02 22:40:51,531 - INFO - Building stim pattern for pattern_name 2399
2026-02-02 22:40:51,541 - INFO - Building stim pattern for pattern_name 1631
2026-02-02 22:40:51,559 - INFO - Building stim pattern for pattern_name 3057
2026-02-02 22:40:51,569 - INFO - Building stim pattern for pattern_name 3418
2026-02-02 22:40:51,587 - INFO - Building stim pattern for pattern_name 1414
2026-02-02 22:40:51,599 - INFO - Building stim pattern for pattern_name 2677
2026-02-02 22:40:51,609 - INFO - Building stim pattern for pattern_name 3401
2026-02-02 22:40:51,619 - INFO - Building stim pattern for pattern_name 2107
2026-02-02 22:40:51,631 - INFO - Building stim pattern for pattern_name 1145
2026-02-02 22:40:51,649 - INFO - Building stim pattern for pattern_name 1288
2026-02-02 22:40:51,660 - INFO - Building stim pattern for pattern_name 2125
2026-02-02 22:40:51,670 - INFO - Building stim pattern for pattern_name 3858
2026-02-02 22:40:51,681 - INFO - Building stim pattern for pattern_name 2418
2026-02-02 22:40:51,691 - INFO - Building stim pattern for pattern_name 2860
2026-02-02 22:40:51,714 - INFO - Building stim pattern for pattern_name 2230
2026-02-02 22:40:51,726 - INFO - Building stim pattern for pattern_name 53
2026-02-02 22:40:51,736 - INFO - Building stim pattern for pattern_name 1669
2026-02-02 22:40:51,747 - INFO - Building stim pattern for pattern_name 2667
2026-02-02 22:40:51,757 - INFO - Building stim pattern for pattern_name 104
2026-02-02 22:40:51,768 - INFO - Building stim pattern for pattern_name 2271
2026-02-02 22:40:51,779 - INFO - Building stim pattern for pattern_name 2892
2026-02-02 22:40:51,790 - INFO - Building stim pattern for pattern_name 601
2026-02-02 22:40:51,800 - INFO - Building stim pattern for pattern_name 2210
2026-02-02 22:40:51,824 - INFO - Building stim pattern for pattern_name 879
2026-02-02 22:40:51,835 - INFO - Building stim pattern for pattern_name 1481
2026-02-02 22:40:51,847 - INFO - Building stim pattern for pattern_name 3688
2026-02-02 22:40:51,859 - INFO - Building stim pattern for pattern_name 527
2026-02-02 22:40:51,875 - INFO - Building stim pattern for pattern_name 955
2026-02-02 22:40:51,886 - INFO - Building stim pattern for pattern_name 1621
2026-02-02 22:40:51,897 - INFO - Building stim pattern for pattern_name 1437
2026-02-02 22:40:51,907 - INFO - Building stim pattern for pattern_name 1614
2026-02-02 22:40:51,925 - INFO - Building stim pattern for pattern_name 112
2026-02-02 22:40:51,942 - INFO - Building stim pattern for pattern_name 2157
2026-02-02 22:40:51,952 - INFO - Building stim pattern for pattern_name 3809
2026-02-02 22:40:51,963 - INFO - Building stim pattern for pattern_name 1195
2026-02-02 22:40:51,973 - INFO - Building stim pattern for pattern_name 1267
2026-02-02 22:40:51,991 - INFO - Building stim pattern for pattern_name 3885
2026-02-02 22:40:52,001 - INFO - Building stim pattern for pattern_name 1049
2026-02-02 22:40:52,012 - INFO - Building stim pattern for pattern_name 2264
2026-02-02 22:40:52,022 - INFO - Building stim pattern for pattern_name 2603
2026-02-02 22:40:52,033 - INFO - Building stim pattern for pattern_name 2488
2026-02-02 22:40:52,045 - INFO - Building stim pattern for pattern_name 1280
2026-02-02 22:40:52,063 - INFO - Building stim pattern for pattern_name 2203
2026-02-02 22:40:52,073 - INFO - Building stim pattern for pattern_name 653
2026-02-02 22:40:52,085 - INFO - Building stim pattern for pattern_name 3600
2026-02-02 22:40:52,095 - INFO - Building stim pattern for pattern_name 1610
2026-02-02 22:40:52,105 - INFO - Building stim pattern for pattern_name 1540
2026-02-02 22:40:52,116 - INFO - Building stim pattern for pattern_name 2182
2026-02-02 22:40:52,134 - INFO - Building stim pattern for pattern_name 1976
2026-02-02 22:40:52,145 - INFO - Building stim pattern for pattern_name 1924
2026-02-02 22:40:52,162 - INFO - Building stim pattern for pattern_name 1630
2026-02-02 22:40:52,172 - INFO - Building stim pattern for pattern_name 521
2026-02-02 22:40:52,190 - INFO - Building stim pattern for pattern_name 1374
2026-02-02 22:40:52,209 - INFO - Building stim pattern for pattern_name 1932
2026-02-02 22:40:52,221 - INFO - Building stim pattern for pattern_name 694
2026-02-02 22:40:52,231 - INFO - Building stim pattern for pattern_name 2965
2026-02-02 22:40:52,243 - INFO - Building stim pattern for pattern_name 3358
2026-02-02 22:40:52,259 - INFO - Building stim pattern for pattern_name 2004
2026-02-02 22:40:52,281 - INFO - Building stim pattern for pattern_name 2578
2026-02-02 22:40:52,291 - INFO - Building stim pattern for pattern_name 2814
2026-02-02 22:40:52,302 - INFO - Building stim pattern for pattern_name 3974
2026-02-02 22:40:52,315 - INFO - Building stim pattern for pattern_name 3118
2026-02-02 22:40:52,335 - INFO - Building stim pattern for pattern_name 641
2026-02-02 22:40:52,349 - INFO - Building stim pattern for pattern_name 3516
2026-02-02 22:40:52,373 - INFO - Building stim pattern for pattern_name 1182
2026-02-02 22:40:52,386 - INFO - Building stim pattern for pattern_name 2694
2026-02-02 22:40:52,398 - INFO - Building stim pattern for pattern_name 3173
2026-02-02 22:40:52,411 - INFO - Building stim pattern for pattern_name 3565
2026-02-02 22:40:52,422 - INFO - Building stim pattern for pattern_name 2992
2026-02-02 22:40:52,433 - INFO - Building stim pattern for pattern_name 236
2026-02-02 22:40:52,444 - INFO - Building stim pattern for pattern_name 1238
2026-02-02 22:40:52,462 - INFO - Building stim pattern for pattern_name 321
2026-02-02 22:40:52,472 - INFO - Building stim pattern for pattern_name 3752
2026-02-02 22:40:52,491 - INFO - Building stim pattern for pattern_name 2779
2026-02-02 22:40:52,501 - INFO - Building stim pattern for pattern_name 1595
2026-02-02 22:40:52,518 - INFO - Building stim pattern for pattern_name 3637
2026-02-02 22:40:52,527 - INFO - Building stim pattern for pattern_name 511
2026-02-02 22:40:52,553 - INFO - Building stim pattern for pattern_name 2599
2026-02-02 22:40:52,562 - INFO - Building stim pattern for pattern_name 975
2026-02-02 22:40:52,575 - INFO - Building stim pattern for pattern_name 3190
2026-02-02 22:40:52,587 - INFO - Building stim pattern for pattern_name 3291
2026-02-02 22:40:52,598 - INFO - Building stim pattern for pattern_name 2763
2026-02-02 22:40:52,617 - INFO - Building stim pattern for pattern_name 2223
2026-02-02 22:40:52,627 - INFO - Building stim pattern for pattern_name 1430
2026-02-02 22:40:52,648 - INFO - Building stim pattern for pattern_name 2454
2026-02-02 22:40:52,666 - INFO - Building stim pattern for pattern_name 3017
2026-02-02 22:40:52,685 - INFO - Building stim pattern for pattern_name 646
2026-02-02 22:40:52,696 - INFO - Building stim pattern for pattern_name 497
2026-02-02 22:40:52,708 - INFO - Building stim pattern for pattern_name 1743
2026-02-02 22:40:52,719 - INFO - Building stim pattern for pattern_name 2034
2026-02-02 22:40:52,730 - INFO - Building stim pattern for pattern_name 1459
2026-02-02 22:40:52,740 - INFO - Building stim pattern for pattern_name 3241
2026-02-02 22:40:52,758 - INFO - Building stim pattern for pattern_name 3883
2026-02-02 22:40:52,770 - INFO - Building stim pattern for pattern_name 67
2026-02-02 22:40:52,781 - INFO - Building stim pattern for pattern_name 3871
2026-02-02 22:40:52,799 - INFO - Building stim pattern for pattern_name 1413
2026-02-02 22:40:52,811 - INFO - Building stim pattern for pattern_name 1758
2026-02-02 22:40:52,821 - INFO - Building stim pattern for pattern_name 2836
2026-02-02 22:40:52,833 - INFO - Building stim pattern for pattern_name 423
2026-02-02 22:40:52,846 - INFO - Building stim pattern for pattern_name 475
2026-02-02 22:40:52,858 - INFO - Building stim pattern for pattern_name 1640
2026-02-02 22:40:52,871 - INFO - Building stim pattern for pattern_name 132
2026-02-02 22:40:52,884 - INFO - Building stim pattern for pattern_name 1135
2026-02-02 22:40:52,906 - INFO - Building stim pattern for pattern_name 2510
2026-02-02 22:40:52,917 - INFO - Building stim pattern for pattern_name 1258
2026-02-02 22:40:52,928 - INFO - Building stim pattern for pattern_name 337
2026-02-02 22:40:52,954 - INFO - Building stim pattern for pattern_name 2595
2026-02-02 22:40:52,967 - INFO - Building stim pattern for pattern_name 1765
2026-02-02 22:40:52,978 - INFO - Building stim pattern for pattern_name 580
2026-02-02 22:40:52,989 - INFO - Building stim pattern for pattern_name 3895
2026-02-02 22:40:53,000 - INFO - Building stim pattern for pattern_name 2170
2026-02-02 22:40:53,032 - INFO - Building stim pattern for pattern_name 2394
2026-02-02 22:40:53,097 - INFO - Building stim pattern for pattern_name 3276
2026-02-02 22:40:53,122 - INFO - Building stim pattern for pattern_name 798
2026-02-02 22:40:53,142 - INFO - Building stim pattern for pattern_name 2706
2026-02-02 22:40:53,160 - INFO - Building stim pattern for pattern_name 2557
2026-02-02 22:40:53,172 - INFO - Building stim pattern for pattern_name 3606
2026-02-02 22:40:53,186 - INFO - Building stim pattern for pattern_name 2356
2026-02-02 22:40:53,197 - INFO - Building stim pattern for pattern_name 455
2026-02-02 22:40:53,209 - INFO - Building stim pattern for pattern_name 3335
2026-02-02 22:40:53,221 - INFO - Building stim pattern for pattern_name 1173
2026-02-02 22:40:53,231 - INFO - Building stim pattern for pattern_name 494
2026-02-02 22:40:53,243 - INFO - Building stim pattern for pattern_name 1973
2026-02-02 22:40:53,256 - INFO - Building stim pattern for pattern_name 2155
2026-02-02 22:40:53,267 - INFO - Building stim pattern for pattern_name 3801
2026-02-02 22:40:53,278 - INFO - Building stim pattern for pattern_name 2349
2026-02-02 22:40:53,289 - INFO - Building stim pattern for pattern_name 1130
2026-02-02 22:40:53,300 - INFO - Building stim pattern for pattern_name 968
2026-02-02 22:40:53,310 - INFO - Building stim pattern for pattern_name 1184
2026-02-02 22:40:53,321 - INFO - Building stim pattern for pattern_name 3124
2026-02-02 22:40:53,331 - INFO - Building stim pattern for pattern_name 1005
2026-02-02 22:40:53,343 - INFO - Building stim pattern for pattern_name 3132
2026-02-02 22:40:53,355 - INFO - Building stim pattern for pattern_name 453
2026-02-02 22:40:53,366 - INFO - Building stim pattern for pattern_name 3725
2026-02-02 22:40:53,377 - INFO - Building stim pattern for pattern_name 545
2026-02-02 22:40:53,390 - INFO - Building stim pattern for pattern_name 1084
2026-02-02 22:40:53,400 - INFO - Building stim pattern for pattern_name 2192
2026-02-02 22:40:53,414 - INFO - Building stim pattern for pattern_name 2384
2026-02-02 22:40:53,433 - INFO - Building stim pattern for pattern_name 3230
2026-02-02 22:40:53,448 - INFO - Building stim pattern for pattern_name 2956
2026-02-02 22:40:53,459 - INFO - Building stim pattern for pattern_name 1336
2026-02-02 22:40:53,471 - INFO - Building stim pattern for pattern_name 223
2026-02-02 22:40:53,494 - INFO - Building stim pattern for pattern_name 2281
2026-02-02 22:40:53,511 - INFO - Building stim pattern for pattern_name 233
2026-02-02 22:40:53,524 - INFO - Building stim pattern for pattern_name 2483
2026-02-02 22:40:53,548 - INFO - Building stim pattern for pattern_name 1232
2026-02-02 22:40:53,559 - INFO - Building stim pattern for pattern_name 581
2026-02-02 22:40:53,588 - INFO - Building stim pattern for pattern_name 3923
2026-02-02 22:40:53,602 - INFO - Building stim pattern for pattern_name 353
2026-02-02 22:40:53,615 - INFO - Building stim pattern for pattern_name 1240
2026-02-02 22:40:53,628 - INFO - Building stim pattern for pattern_name 2112
2026-02-02 22:40:53,639 - INFO - Building stim pattern for pattern_name 2628
2026-02-02 22:40:53,652 - INFO - Building stim pattern for pattern_name 923
2026-02-02 22:40:53,663 - INFO - Building stim pattern for pattern_name 1531
2026-02-02 22:40:53,674 - INFO - Building stim pattern for pattern_name 542
2026-02-02 22:40:53,685 - INFO - Building stim pattern for pattern_name 3148
2026-02-02 22:40:53,696 - INFO - Building stim pattern for pattern_name 1350
2026-02-02 22:40:53,707 - INFO - Building stim pattern for pattern_name 2330
2026-02-02 22:40:53,727 - INFO - Building stim pattern for pattern_name 3901
2026-02-02 22:40:53,738 - INFO - Building stim pattern for pattern_name 1506
2026-02-02 22:40:53,750 - INFO - Building stim pattern for pattern_name 2751
2026-02-02 22:40:53,763 - INFO - Building stim pattern for pattern_name 2494
2026-02-02 22:40:53,773 - INFO - Building stim pattern for pattern_name 2313
2026-02-02 22:40:53,785 - INFO - Building stim pattern for pattern_name 433
2026-02-02 22:40:53,802 - INFO - Building stim pattern for pattern_name 859
2026-02-02 22:40:53,819 - INFO - Building stim pattern for pattern_name 3909
2026-02-02 22:40:53,830 - INFO - Building stim pattern for pattern_name 3822
2026-02-02 22:40:53,843 - INFO - Building stim pattern for pattern_name 3048
2026-02-02 22:40:53,853 - INFO - Building stim pattern for pattern_name 979
2026-02-02 22:40:53,864 - INFO - Building stim pattern for pattern_name 3096
2026-02-02 22:40:53,876 - INFO - Building stim pattern for pattern_name 2661
2026-02-02 22:40:53,889 - INFO - Building stim pattern for pattern_name 1724
2026-02-02 22:40:53,899 - INFO - Building stim pattern for pattern_name 1157
2026-02-02 22:40:53,920 - INFO - Building stim pattern for pattern_name 3103
2026-02-02 22:40:53,930 - INFO - Building stim pattern for pattern_name 1856
2026-02-02 22:40:53,948 - INFO - Building stim pattern for pattern_name 5
2026-02-02 22:40:53,965 - INFO - Building stim pattern for pattern_name 1861
2026-02-02 22:40:53,977 - INFO - Building stim pattern for pattern_name 3996
2026-02-02 22:40:53,992 - INFO - Building stim pattern for pattern_name 3071
2026-02-02 22:40:54,012 - INFO - Building stim pattern for pattern_name 2522
2026-02-02 22:40:54,036 - INFO - Building stim pattern for pattern_name 3405
2026-02-02 22:40:54,047 - INFO - Building stim pattern for pattern_name 1960
2026-02-02 22:40:54,059 - INFO - Building stim pattern for pattern_name 988
2026-02-02 22:40:54,073 - INFO - Building stim pattern for pattern_name 2444
2026-02-02 22:40:54,086 - INFO - Building stim pattern for pattern_name 1893
2026-02-02 22:40:54,099 - INFO - Building stim pattern for pattern_name 3740
2026-02-02 22:40:54,113 - INFO - Building stim pattern for pattern_name 1709
2026-02-02 22:40:54,126 - INFO - Building stim pattern for pattern_name 1281
2026-02-02 22:40:54,146 - INFO - Building stim pattern for pattern_name 2062
2026-02-02 22:40:54,156 - INFO - Building stim pattern for pattern_name 1168
2026-02-02 22:40:54,169 - INFO - Building stim pattern for pattern_name 2467
2026-02-02 22:40:54,182 - INFO - Building stim pattern for pattern_name 1102
2026-02-02 22:40:54,194 - INFO - Building stim pattern for pattern_name 444
2026-02-02 22:40:54,207 - INFO - Building stim pattern for pattern_name 691
2026-02-02 22:40:54,220 - INFO - Building stim pattern for pattern_name 339
2026-02-02 22:40:54,233 - INFO - Building stim pattern for pattern_name 2573
2026-02-02 22:40:54,244 - INFO - Building stim pattern for pattern_name 1855
2026-02-02 22:40:54,285 - INFO - Building stim pattern for pattern_name 1341
2026-02-02 22:40:54,370 - INFO - Building stim pattern for pattern_name 2563
2026-02-02 22:40:54,383 - INFO - Building stim pattern for pattern_name 2930
2026-02-02 22:40:54,401 - INFO - Building stim pattern for pattern_name 3661
2026-02-02 22:40:54,431 - INFO - Building stim pattern for pattern_name 800
2026-02-02 22:40:54,444 - INFO - Building stim pattern for pattern_name 1285
2026-02-02 22:40:54,463 - INFO - Building stim pattern for pattern_name 76
2026-02-02 22:40:54,475 - INFO - Building stim pattern for pattern_name 1239
2026-02-02 22:40:54,487 - INFO - Building stim pattern for pattern_name 1440
2026-02-02 22:40:54,499 - INFO - Building stim pattern for pattern_name 588
2026-02-02 22:40:54,511 - INFO - Building stim pattern for pattern_name 1248
2026-02-02 22:40:54,525 - INFO - Building stim pattern for pattern_name 2095
2026-02-02 22:40:54,537 - INFO - Building stim pattern for pattern_name 256
2026-02-02 22:40:54,548 - INFO - Building stim pattern for pattern_name 3199
2026-02-02 22:40:54,561 - INFO - Building stim pattern for pattern_name 3628
2026-02-02 22:40:54,572 - INFO - Building stim pattern for pattern_name 1934
2026-02-02 22:40:54,649 - INFO - Building stim pattern for pattern_name 3842
2026-02-02 22:40:54,684 - INFO - Building stim pattern for pattern_name 877
2026-02-02 22:40:54,709 - INFO - Building stim pattern for pattern_name 2876
2026-02-02 22:40:54,722 - INFO - Building stim pattern for pattern_name 3798
2026-02-02 22:40:54,735 - INFO - Building stim pattern for pattern_name 212
2026-02-02 22:40:54,746 - INFO - Building stim pattern for pattern_name 1502
2026-02-02 22:40:54,756 - INFO - Building stim pattern for pattern_name 3441
2026-02-02 22:40:54,767 - INFO - Building stim pattern for pattern_name 1287
2026-02-02 22:40:54,779 - INFO - Building stim pattern for pattern_name 1569
2026-02-02 22:40:54,791 - INFO - Building stim pattern for pattern_name 663
2026-02-02 22:40:54,804 - INFO - Building stim pattern for pattern_name 875
2026-02-02 22:40:54,817 - INFO - Building stim pattern for pattern_name 2491
2026-02-02 22:40:54,830 - INFO - Building stim pattern for pattern_name 460
2026-02-02 22:40:54,852 - INFO - Building stim pattern for pattern_name 3905
2026-02-02 22:40:54,864 - INFO - Building stim pattern for pattern_name 1933
2026-02-02 22:40:54,874 - INFO - Building stim pattern for pattern_name 3935
2026-02-02 22:40:54,886 - INFO - Building stim pattern for pattern_name 1382
2026-02-02 22:40:54,897 - INFO - Building stim pattern for pattern_name 6
2026-02-02 22:40:54,909 - INFO - Building stim pattern for pattern_name 574
2026-02-02 22:40:54,922 - INFO - Building stim pattern for pattern_name 3774
2026-02-02 22:40:54,933 - INFO - Building stim pattern for pattern_name 185
2026-02-02 22:40:54,945 - INFO - Building stim pattern for pattern_name 1178
2026-02-02 22:40:54,969 - INFO - Building stim pattern for pattern_name 3481
2026-02-02 22:40:54,984 - INFO - Building stim pattern for pattern_name 1572
2026-02-02 22:40:54,996 - INFO - Building stim pattern for pattern_name 2496
2026-02-02 22:40:55,008 - INFO - Building stim pattern for pattern_name 912
2026-02-02 22:40:55,020 - INFO - Building stim pattern for pattern_name 183
2026-02-02 22:40:55,031 - INFO - Building stim pattern for pattern_name 844
2026-02-02 22:40:55,051 - INFO - Building stim pattern for pattern_name 2716
2026-02-02 22:40:55,082 - INFO - Building stim pattern for pattern_name 2734
2026-02-02 22:40:55,096 - INFO - Building stim pattern for pattern_name 618
2026-02-02 22:40:55,107 - INFO - Building stim pattern for pattern_name 332
2026-02-02 22:40:55,119 - INFO - Building stim pattern for pattern_name 2078
2026-02-02 22:40:55,136 - INFO - Building stim pattern for pattern_name 1754
2026-02-02 22:40:55,147 - INFO - Building stim pattern for pattern_name 1756
2026-02-02 22:40:55,158 - INFO - Building stim pattern for pattern_name 1512
2026-02-02 22:40:55,176 - INFO - Building stim pattern for pattern_name 24
2026-02-02 22:40:55,187 - INFO - Building stim pattern for pattern_name 146
2026-02-02 22:40:55,203 - INFO - Building stim pattern for pattern_name 721
2026-02-02 22:40:55,216 - INFO - Building stim pattern for pattern_name 3808
2026-02-02 22:40:55,229 - INFO - Building stim pattern for pattern_name 2910
2026-02-02 22:40:55,242 - INFO - Building stim pattern for pattern_name 3605
2026-02-02 22:40:55,256 - INFO - Building stim pattern for pattern_name 3020
2026-02-02 22:40:55,267 - INFO - Building stim pattern for pattern_name 472
2026-02-02 22:40:55,279 - INFO - Building stim pattern for pattern_name 2303
2026-02-02 22:40:55,292 - INFO - Building stim pattern for pattern_name 3143
2026-02-02 22:40:55,304 - INFO - Building stim pattern for pattern_name 1462
2026-02-02 22:40:55,319 - INFO - Building stim pattern for pattern_name 245
2026-02-02 22:40:55,332 - INFO - Building stim pattern for pattern_name 3150
2026-02-02 22:40:55,343 - INFO - Building stim pattern for pattern_name 525
2026-02-02 22:40:55,361 - INFO - Building stim pattern for pattern_name 2098
2026-02-02 22:40:55,372 - INFO - Building stim pattern for pattern_name 1613
2026-02-02 22:40:55,390 - INFO - Building stim pattern for pattern_name 3468
2026-02-02 22:40:55,401 - INFO - Building stim pattern for pattern_name 3583
2026-02-02 22:40:55,413 - INFO - Building stim pattern for pattern_name 1841
2026-02-02 22:40:55,425 - INFO - Building stim pattern for pattern_name 657
2026-02-02 22:40:55,439 - INFO - Building stim pattern for pattern_name 2954
2026-02-02 22:40:55,452 - INFO - Building stim pattern for pattern_name 2727
2026-02-02 22:40:55,472 - INFO - Building stim pattern for pattern_name 1223
2026-02-02 22:40:55,489 - INFO - Building stim pattern for pattern_name 318
2026-02-02 22:40:55,500 - INFO - Building stim pattern for pattern_name 614
2026-02-02 22:40:55,513 - INFO - Building stim pattern for pattern_name 2065
2026-02-02 22:40:55,524 - INFO - Building stim pattern for pattern_name 2711
2026-02-02 22:40:55,541 - INFO - Building stim pattern for pattern_name 1868
2026-02-02 22:40:55,552 - INFO - Building stim pattern for pattern_name 802
2026-02-02 22:40:55,563 - INFO - Building stim pattern for pattern_name 2850
2026-02-02 22:40:55,575 - INFO - Building stim pattern for pattern_name 3106
2026-02-02 22:40:55,595 - INFO - Building stim pattern for pattern_name 3271
2026-02-02 22:40:55,606 - INFO - Building stim pattern for pattern_name 3951
2026-02-02 22:40:55,624 - INFO - Building stim pattern for pattern_name 1077
2026-02-02 22:40:55,637 - INFO - Building stim pattern for pattern_name 960
2026-02-02 22:40:55,658 - INFO - Building stim pattern for pattern_name 3489
2026-02-02 22:40:55,671 - INFO - Building stim pattern for pattern_name 2809
2026-02-02 22:40:55,683 - INFO - Building stim pattern for pattern_name 917
2026-02-02 22:40:55,695 - INFO - Building stim pattern for pattern_name 1991
2026-02-02 22:40:55,705 - INFO - Building stim pattern for pattern_name 3987
2026-02-02 22:40:55,730 - INFO - Building stim pattern for pattern_name 3308
2026-02-02 22:40:55,742 - INFO - Building stim pattern for pattern_name 1014
2026-02-02 22:40:55,755 - INFO - Building stim pattern for pattern_name 1054
2026-02-02 22:40:55,768 - INFO - Building stim pattern for pattern_name 937
2026-02-02 22:40:55,778 - INFO - Building stim pattern for pattern_name 127
2026-02-02 22:40:55,790 - INFO - Building stim pattern for pattern_name 1063
2026-02-02 22:40:55,809 - INFO - Building stim pattern for pattern_name 179
2026-02-02 22:40:55,820 - INFO - Building stim pattern for pattern_name 409
2026-02-02 22:40:55,832 - INFO - Building stim pattern for pattern_name 2659
2026-02-02 22:40:55,843 - INFO - Building stim pattern for pattern_name 1561
2026-02-02 22:40:55,855 - INFO - Building stim pattern for pattern_name 1624
2026-02-02 22:40:55,867 - INFO - Building stim pattern for pattern_name 3751
2026-02-02 22:40:55,882 - INFO - Building stim pattern for pattern_name 3426
2026-02-02 22:40:55,910 - INFO - Building stim pattern for pattern_name 849
2026-02-02 22:40:55,922 - INFO - Building stim pattern for pattern_name 3710
2026-02-02 22:40:55,933 - INFO - Building stim pattern for pattern_name 1936
2026-02-02 22:40:55,950 - INFO - Building stim pattern for pattern_name 3177
2026-02-02 22:40:55,961 - INFO - Building stim pattern for pattern_name 3862
2026-02-02 22:40:55,972 - INFO - Building stim pattern for pattern_name 3104
2026-02-02 22:40:55,982 - INFO - Building stim pattern for pattern_name 2010
2026-02-02 22:40:55,994 - INFO - Building stim pattern for pattern_name 15
2026-02-02 22:40:56,012 - INFO - Building stim pattern for pattern_name 488
2026-02-02 22:40:56,031 - INFO - Building stim pattern for pattern_name 507
2026-02-02 22:40:56,043 - INFO - Building stim pattern for pattern_name 1670
2026-02-02 22:40:56,054 - INFO - Building stim pattern for pattern_name 3207
2026-02-02 22:40:56,065 - INFO - Building stim pattern for pattern_name 3350
2026-02-02 22:40:56,078 - INFO - Building stim pattern for pattern_name 518
2026-02-02 22:40:56,094 - INFO - Building stim pattern for pattern_name 1536
2026-02-02 22:40:56,105 - INFO - Building stim pattern for pattern_name 3707
2026-02-02 22:40:56,119 - INFO - Building stim pattern for pattern_name 2658
2026-02-02 22:40:56,133 - INFO - Building stim pattern for pattern_name 3648
2026-02-02 22:40:56,145 - INFO - Building stim pattern for pattern_name 4000
2026-02-02 22:40:56,156 - INFO - Building stim pattern for pattern_name 3353
2026-02-02 22:40:56,168 - INFO - Building stim pattern for pattern_name 1172
2026-02-02 22:40:56,181 - INFO - Building stim pattern for pattern_name 1270
2026-02-02 22:40:56,193 - INFO - Building stim pattern for pattern_name 281
2026-02-02 22:40:56,204 - INFO - Building stim pattern for pattern_name 579
2026-02-02 22:40:56,221 - INFO - Building stim pattern for pattern_name 3125
2026-02-02 22:40:56,241 - INFO - Building stim pattern for pattern_name 273
2026-02-02 22:40:56,253 - INFO - Building stim pattern for pattern_name 1313
2026-02-02 22:40:56,268 - INFO - Building stim pattern for pattern_name 1345
2026-02-02 22:40:56,282 - INFO - Building stim pattern for pattern_name 888
2026-02-02 22:40:56,296 - INFO - Building stim pattern for pattern_name 2523
2026-02-02 22:40:56,310 - INFO - Building stim pattern for pattern_name 2855
2026-02-02 22:40:56,322 - INFO - Building stim pattern for pattern_name 2527
2026-02-02 22:40:56,336 - INFO - Building stim pattern for pattern_name 2546
2026-02-02 22:40:56,348 - INFO - Building stim pattern for pattern_name 3930
2026-02-02 22:40:56,361 - INFO - Building stim pattern for pattern_name 2174
2026-02-02 22:40:56,382 - INFO - Building stim pattern for pattern_name 2134
2026-02-02 22:40:56,397 - INFO - Building stim pattern for pattern_name 2213
2026-02-02 22:40:56,411 - INFO - Building stim pattern for pattern_name 2291
2026-02-02 22:40:56,426 - INFO - Building stim pattern for pattern_name 3530
2026-02-02 22:40:56,449 - INFO - Building stim pattern for pattern_name 2169
2026-02-02 22:40:56,462 - INFO - Building stim pattern for pattern_name 2657
2026-02-02 22:40:56,478 - INFO - Building stim pattern for pattern_name 3533
2026-02-02 22:40:56,490 - INFO - Building stim pattern for pattern_name 3474
2026-02-02 22:40:56,505 - INFO - Building stim pattern for pattern_name 125
2026-02-02 22:40:56,525 - INFO - Building stim pattern for pattern_name 3300
2026-02-02 22:40:56,538 - INFO - Building stim pattern for pattern_name 3209
2026-02-02 22:40:56,556 - INFO - Building stim pattern for pattern_name 668
2026-02-02 22:40:56,572 - INFO - Building stim pattern for pattern_name 1823
2026-02-02 22:40:56,586 - INFO - Building stim pattern for pattern_name 1786
2026-02-02 22:40:56,598 - INFO - Building stim pattern for pattern_name 31
2026-02-02 22:40:56,610 - INFO - Building stim pattern for pattern_name 1132
2026-02-02 22:40:56,631 - INFO - Building stim pattern for pattern_name 1293
2026-02-02 22:40:56,642 - INFO - Building stim pattern for pattern_name 2007
2026-02-02 22:40:56,664 - INFO - Building stim pattern for pattern_name 1047
2026-02-02 22:40:56,676 - INFO - Building stim pattern for pattern_name 1935
2026-02-02 22:40:56,691 - INFO - Building stim pattern for pattern_name 1663
2026-02-02 22:40:56,720 - INFO - Building stim pattern for pattern_name 248
2026-02-02 22:40:56,732 - INFO - Building stim pattern for pattern_name 462
2026-02-02 22:40:56,745 - INFO - Building stim pattern for pattern_name 1410
2026-02-02 22:40:56,764 - INFO - Building stim pattern for pattern_name 155
2026-02-02 22:40:56,776 - INFO - Building stim pattern for pattern_name 3455
2026-02-02 22:40:56,787 - INFO - Building stim pattern for pattern_name 3062
2026-02-02 22:40:56,799 - INFO - Building stim pattern for pattern_name 225
2026-02-02 22:40:56,819 - INFO - Building stim pattern for pattern_name 211
2026-02-02 22:40:56,831 - INFO - Building stim pattern for pattern_name 1058
2026-02-02 22:40:56,846 - INFO - Building stim pattern for pattern_name 3374
2026-02-02 22:40:56,861 - INFO - Building stim pattern for pattern_name 2828
2026-02-02 22:40:56,881 - INFO - Building stim pattern for pattern_name 2302
2026-02-02 22:40:56,906 - INFO - Building stim pattern for pattern_name 3511
2026-02-02 22:40:56,926 - INFO - Building stim pattern for pattern_name 2249
2026-02-02 22:40:56,939 - INFO - Building stim pattern for pattern_name 1377
2026-02-02 22:40:56,952 - INFO - Building stim pattern for pattern_name 3711
2026-02-02 22:40:56,966 - INFO - Building stim pattern for pattern_name 939
2026-02-02 22:40:56,981 - INFO - Building stim pattern for pattern_name 3447
2026-02-02 22:40:56,998 - INFO - Building stim pattern for pattern_name 1087
2026-02-02 22:40:57,008 - INFO - Building stim pattern for pattern_name 2572
2026-02-02 22:40:57,021 - INFO - Building stim pattern for pattern_name 207
2026-02-02 22:40:57,035 - INFO - Building stim pattern for pattern_name 651
2026-02-02 22:40:57,046 - INFO - Building stim pattern for pattern_name 3216
2026-02-02 22:40:57,058 - INFO - Building stim pattern for pattern_name 3602
2026-02-02 22:40:57,071 - INFO - Building stim pattern for pattern_name 3027
2026-02-02 22:40:57,089 - INFO - Building stim pattern for pattern_name 1265
2026-02-02 22:40:57,101 - INFO - Building stim pattern for pattern_name 1059
2026-02-02 22:40:57,119 - INFO - Building stim pattern for pattern_name 532
2026-02-02 22:40:57,130 - INFO - Building stim pattern for pattern_name 740
2026-02-02 22:40:57,147 - INFO - Building stim pattern for pattern_name 1096
2026-02-02 22:40:57,166 - INFO - Building stim pattern for pattern_name 692
2026-02-02 22:40:57,179 - INFO - Building stim pattern for pattern_name 3332
2026-02-02 22:40:57,193 - INFO - Building stim pattern for pattern_name 3969
2026-02-02 22:40:57,209 - INFO - Building stim pattern for pattern_name 1787
2026-02-02 22:40:57,225 - INFO - Building stim pattern for pattern_name 3452
2026-02-02 22:40:57,241 - INFO - Building stim pattern for pattern_name 3183
2026-02-02 22:40:57,256 - INFO - Building stim pattern for pattern_name 1006
2026-02-02 22:40:57,268 - INFO - Building stim pattern for pattern_name 2431
2026-02-02 22:40:57,327 - INFO - Building stim pattern for pattern_name 1689
2026-02-02 22:40:57,363 - INFO - Building stim pattern for pattern_name 1118
2026-02-02 22:40:57,385 - INFO - Building stim pattern for pattern_name 3786
2026-02-02 22:40:57,401 - INFO - Building stim pattern for pattern_name 2407
2026-02-02 22:40:57,424 - INFO - Building stim pattern for pattern_name 1863
2026-02-02 22:40:57,436 - INFO - Building stim pattern for pattern_name 1311
2026-02-02 22:40:57,450 - INFO - Building stim pattern for pattern_name 3957
2026-02-02 22:40:57,461 - INFO - Building stim pattern for pattern_name 1525
2026-02-02 22:40:57,472 - INFO - Building stim pattern for pattern_name 37
2026-02-02 22:40:57,496 - INFO - Building stim pattern for pattern_name 476
2026-02-02 22:40:57,510 - INFO - Building stim pattern for pattern_name 2081
2026-02-02 22:40:57,531 - INFO - Building stim pattern for pattern_name 3811
2026-02-02 22:40:57,543 - INFO - Building stim pattern for pattern_name 2827
2026-02-02 22:40:57,554 - INFO - Building stim pattern for pattern_name 2398
2026-02-02 22:40:57,566 - INFO - Building stim pattern for pattern_name 3239
2026-02-02 22:40:57,586 - INFO - Building stim pattern for pattern_name 139
2026-02-02 22:40:57,599 - INFO - Building stim pattern for pattern_name 1510
2026-02-02 22:40:57,610 - INFO - Building stim pattern for pattern_name 3810
2026-02-02 22:40:57,624 - INFO - Building stim pattern for pattern_name 1966
2026-02-02 22:40:57,637 - INFO - Building stim pattern for pattern_name 1593
2026-02-02 22:40:57,658 - INFO - Building stim pattern for pattern_name 1518
2026-02-02 22:40:57,669 - INFO - Building stim pattern for pattern_name 1395
2026-02-02 22:40:57,681 - INFO - Building stim pattern for pattern_name 3832
2026-02-02 22:40:57,693 - INFO - Building stim pattern for pattern_name 1326
2026-02-02 22:40:57,704 - INFO - Building stim pattern for pattern_name 3208
2026-02-02 22:40:57,724 - INFO - Building stim pattern for pattern_name 2319
2026-02-02 22:40:57,736 - INFO - Building stim pattern for pattern_name 2615
2026-02-02 22:40:57,747 - INFO - Building stim pattern for pattern_name 1117
2026-02-02 22:40:57,759 - INFO - Building stim pattern for pattern_name 1967
2026-02-02 22:40:57,771 - INFO - Building stim pattern for pattern_name 2692
2026-02-02 22:40:57,783 - INFO - Building stim pattern for pattern_name 2415
2026-02-02 22:40:57,795 - INFO - Building stim pattern for pattern_name 378
2026-02-02 22:40:57,807 - INFO - Building stim pattern for pattern_name 3163
2026-02-02 22:40:57,819 - INFO - Building stim pattern for pattern_name 1407
2026-02-02 22:40:57,831 - INFO - Building stim pattern for pattern_name 1340
2026-02-02 22:40:57,843 - INFO - Building stim pattern for pattern_name 2555
2026-02-02 22:40:57,856 - INFO - Building stim pattern for pattern_name 3820
2026-02-02 22:40:57,876 - INFO - Building stim pattern for pattern_name 3948
2026-02-02 22:40:57,888 - INFO - Building stim pattern for pattern_name 3127
2026-02-02 22:40:57,900 - INFO - Building stim pattern for pattern_name 1442
2026-02-02 22:40:57,920 - INFO - Building stim pattern for pattern_name 3488
2026-02-02 22:40:57,947 - INFO - Building stim pattern for pattern_name 2732
2026-02-02 22:40:57,971 - INFO - Building stim pattern for pattern_name 2475
2026-02-02 22:40:57,984 - INFO - Building stim pattern for pattern_name 3575
2026-02-02 22:40:57,997 - INFO - Building stim pattern for pattern_name 924
2026-02-02 22:40:58,009 - INFO - Building stim pattern for pattern_name 3915
2026-02-02 22:40:58,020 - INFO - Building stim pattern for pattern_name 3262
2026-02-02 22:40:58,033 - INFO - Building stim pattern for pattern_name 2397
2026-02-02 22:40:58,061 - INFO - Building stim pattern for pattern_name 3180
2026-02-02 22:40:58,073 - INFO - Building stim pattern for pattern_name 1167
2026-02-02 22:40:58,111 - INFO - Building stim pattern for pattern_name 1097
2026-02-02 22:40:58,131 - INFO - Building stim pattern for pattern_name 3705
2026-02-02 22:40:58,146 - INFO - Building stim pattern for pattern_name 2106
2026-02-02 22:40:58,173 - INFO - Building stim pattern for pattern_name 3101
2026-02-02 22:40:58,187 - INFO - Building stim pattern for pattern_name 1618
2026-02-02 22:40:58,199 - INFO - Building stim pattern for pattern_name 1353
2026-02-02 22:40:58,214 - INFO - Building stim pattern for pattern_name 1402
2026-02-02 22:40:58,229 - INFO - Building stim pattern for pattern_name 976
2026-02-02 22:40:58,249 - INFO - Building stim pattern for pattern_name 1783
2026-02-02 22:40:58,262 - INFO - Building stim pattern for pattern_name 1275
2026-02-02 22:40:58,276 - INFO - Building stim pattern for pattern_name 1950
2026-02-02 22:40:58,290 - INFO - Building stim pattern for pattern_name 2888
2026-02-02 22:40:58,304 - INFO - Building stim pattern for pattern_name 724
2026-02-02 22:40:58,315 - INFO - Building stim pattern for pattern_name 395
2026-02-02 22:40:58,328 - INFO - Building stim pattern for pattern_name 1090
2026-02-02 22:40:58,341 - INFO - Building stim pattern for pattern_name 957
2026-02-02 22:40:58,356 - INFO - Building stim pattern for pattern_name 728
2026-02-02 22:40:58,367 - INFO - Building stim pattern for pattern_name 546
2026-02-02 22:40:58,382 - INFO - Building stim pattern for pattern_name 210
2026-02-02 22:40:58,401 - INFO - Building stim pattern for pattern_name 3880
2026-02-02 22:40:58,414 - INFO - Building stim pattern for pattern_name 1819
2026-02-02 22:40:58,426 - INFO - Building stim pattern for pattern_name 1771
2026-02-02 22:40:58,437 - INFO - Building stim pattern for pattern_name 1963
2026-02-02 22:40:58,449 - INFO - Building stim pattern for pattern_name 246
2026-02-02 22:40:58,462 - INFO - Building stim pattern for pattern_name 252
2026-02-02 22:40:58,481 - INFO - Building stim pattern for pattern_name 1496
2026-02-02 22:40:58,494 - INFO - Building stim pattern for pattern_name 509
2026-02-02 22:40:58,508 - INFO - Building stim pattern for pattern_name 549
2026-02-02 22:40:58,520 - INFO - Building stim pattern for pattern_name 3633
2026-02-02 22:40:58,540 - INFO - Building stim pattern for pattern_name 3695
2026-02-02 22:40:58,552 - INFO - Building stim pattern for pattern_name 512
2026-02-02 22:40:58,566 - INFO - Building stim pattern for pattern_name 809
2026-02-02 22:40:58,580 - INFO - Building stim pattern for pattern_name 980
2026-02-02 22:40:58,592 - INFO - Building stim pattern for pattern_name 1675
2026-02-02 22:40:58,602 - INFO - Building stim pattern for pattern_name 2683
2026-02-02 22:40:58,613 - INFO - Building stim pattern for pattern_name 1647
2026-02-02 22:40:58,625 - INFO - Building stim pattern for pattern_name 2200
2026-02-02 22:40:58,636 - INFO - Building stim pattern for pattern_name 846
2026-02-02 22:40:58,648 - INFO - Building stim pattern for pattern_name 3092
2026-02-02 22:40:58,660 - INFO - Building stim pattern for pattern_name 2437
2026-02-02 22:40:58,673 - INFO - Building stim pattern for pattern_name 2741
2026-02-02 22:40:58,686 - INFO - Building stim pattern for pattern_name 2245
2026-02-02 22:40:58,701 - INFO - Building stim pattern for pattern_name 585
2026-02-02 22:40:58,714 - INFO - Building stim pattern for pattern_name 1726
2026-02-02 22:40:58,730 - INFO - Building stim pattern for pattern_name 3939
2026-02-02 22:40:58,749 - INFO - Building stim pattern for pattern_name 737
2026-02-02 22:40:58,763 - INFO - Building stim pattern for pattern_name 342
2026-02-02 22:40:58,777 - INFO - Building stim pattern for pattern_name 1591
2026-02-02 22:40:58,788 - INFO - Building stim pattern for pattern_name 2720
2026-02-02 22:40:58,826 - INFO - Building stim pattern for pattern_name 2857
2026-02-02 22:40:58,886 - INFO - Building stim pattern for pattern_name 1457
2026-02-02 22:40:58,911 - INFO - Building stim pattern for pattern_name 1781
2026-02-02 22:40:58,936 - INFO - Building stim pattern for pattern_name 3254
2026-02-02 22:40:58,948 - INFO - Building stim pattern for pattern_name 1809
2026-02-02 22:40:58,969 - INFO - Building stim pattern for pattern_name 3327
2026-02-02 22:40:58,982 - INFO - Building stim pattern for pattern_name 1492
2026-02-02 22:40:58,995 - INFO - Building stim pattern for pattern_name 3844
2026-02-02 22:40:59,009 - INFO - Building stim pattern for pattern_name 2156
2026-02-02 22:40:59,023 - INFO - Building stim pattern for pattern_name 2636
2026-02-02 22:40:59,034 - INFO - Building stim pattern for pattern_name 609
2026-02-02 22:40:59,046 - INFO - Building stim pattern for pattern_name 203
2026-02-02 22:40:59,060 - INFO - Building stim pattern for pattern_name 3270
2026-02-02 22:40:59,089 - INFO - Building stim pattern for pattern_name 1203
2026-02-02 22:40:59,100 - INFO - Building stim pattern for pattern_name 2409
2026-02-02 22:40:59,114 - INFO - Building stim pattern for pattern_name 1723
2026-02-02 22:40:59,125 - INFO - Building stim pattern for pattern_name 3988
2026-02-02 22:40:59,139 - INFO - Building stim pattern for pattern_name 1524
2026-02-02 22:40:59,153 - INFO - Building stim pattern for pattern_name 2094
2026-02-02 22:40:59,174 - INFO - Building stim pattern for pattern_name 1873
2026-02-02 22:40:59,187 - INFO - Building stim pattern for pattern_name 322
2026-02-02 22:40:59,202 - INFO - Building stim pattern for pattern_name 2567
2026-02-02 22:40:59,215 - INFO - Building stim pattern for pattern_name 2602
2026-02-02 22:40:59,236 - INFO - Building stim pattern for pattern_name 1246
2026-02-02 22:40:59,259 - INFO - Building stim pattern for pattern_name 3785
2026-02-02 22:40:59,272 - INFO - Building stim pattern for pattern_name 2347
2026-02-02 22:40:59,284 - INFO - Building stim pattern for pattern_name 3537
2026-02-02 22:40:59,303 - INFO - Building stim pattern for pattern_name 2672
2026-02-02 22:40:59,315 - INFO - Building stim pattern for pattern_name 489
2026-02-02 22:40:59,328 - INFO - Building stim pattern for pattern_name 2456
2026-02-02 22:40:59,341 - INFO - Building stim pattern for pattern_name 1427
2026-02-02 22:40:59,363 - INFO - Building stim pattern for pattern_name 1337
2026-02-02 22:40:59,374 - INFO - Building stim pattern for pattern_name 1559
2026-02-02 22:40:59,393 - INFO - Building stim pattern for pattern_name 1838
2026-02-02 22:40:59,408 - INFO - Building stim pattern for pattern_name 679
2026-02-02 22:40:59,421 - INFO - Building stim pattern for pattern_name 3145
2026-02-02 22:40:59,434 - INFO - Building stim pattern for pattern_name 1021
2026-02-02 22:40:59,473 - INFO - Building stim pattern for pattern_name 403
2026-02-02 22:40:59,490 - INFO - Building stim pattern for pattern_name 3580
2026-02-02 22:40:59,504 - INFO - Building stim pattern for pattern_name 3603
2026-02-02 22:40:59,515 - INFO - Building stim pattern for pattern_name 998
2026-02-02 22:40:59,528 - INFO - Building stim pattern for pattern_name 3666
2026-02-02 22:40:59,541 - INFO - Building stim pattern for pattern_name 3311
2026-02-02 22:40:59,580 - INFO - Building stim pattern for pattern_name 3005
2026-02-02 22:40:59,594 - INFO - Building stim pattern for pattern_name 2562
2026-02-02 22:40:59,606 - INFO - Building stim pattern for pattern_name 1176
2026-02-02 22:40:59,618 - INFO - Building stim pattern for pattern_name 2405
2026-02-02 22:40:59,631 - INFO - Building stim pattern for pattern_name 2908
2026-02-02 22:40:59,646 - INFO - Building stim pattern for pattern_name 326
2026-02-02 22:40:59,666 - INFO - Building stim pattern for pattern_name 2025
2026-02-02 22:40:59,677 - INFO - Building stim pattern for pattern_name 1255
2026-02-02 22:40:59,689 - INFO - Building stim pattern for pattern_name 418
2026-02-02 22:40:59,701 - INFO - Building stim pattern for pattern_name 1651
2026-02-02 22:40:59,734 - INFO - Building stim pattern for pattern_name 3087
2026-02-02 22:40:59,746 - INFO - Building stim pattern for pattern_name 2736
2026-02-02 22:40:59,758 - INFO - Building stim pattern for pattern_name 891
2026-02-02 22:40:59,770 - INFO - Building stim pattern for pattern_name 2308
2026-02-02 22:40:59,782 - INFO - Building stim pattern for pattern_name 2558
2026-02-02 22:40:59,795 - INFO - Building stim pattern for pattern_name 2032
2026-02-02 22:40:59,806 - INFO - Building stim pattern for pattern_name 2641
2026-02-02 22:40:59,819 - INFO - Building stim pattern for pattern_name 240
2026-02-02 22:40:59,831 - INFO - Building stim pattern for pattern_name 1530
2026-02-02 22:40:59,861 - INFO - Building stim pattern for pattern_name 592
2026-02-02 22:40:59,871 - INFO - Building stim pattern for pattern_name 2400
2026-02-02 22:40:59,884 - INFO - Building stim pattern for pattern_name 2705
2026-02-02 22:40:59,897 - INFO - Building stim pattern for pattern_name 654
2026-02-02 22:40:59,909 - INFO - Building stim pattern for pattern_name 3107
2026-02-02 22:40:59,922 - INFO - Building stim pattern for pattern_name 3181
2026-02-02 22:40:59,935 - INFO - Building stim pattern for pattern_name 1351
2026-02-02 22:40:59,967 - INFO - Building stim pattern for pattern_name 2422
2026-02-02 22:40:59,980 - INFO - Building stim pattern for pattern_name 2715
2026-02-02 22:40:59,993 - INFO - Building stim pattern for pattern_name 1035
2026-02-02 22:41:00,007 - INFO - Building stim pattern for pattern_name 3893
2026-02-02 22:41:00,020 - INFO - Building stim pattern for pattern_name 1557
2026-02-02 22:41:00,036 - INFO - Building stim pattern for pattern_name 1418
2026-02-02 22:41:00,063 - INFO - Building stim pattern for pattern_name 2575
2026-02-02 22:41:00,085 - INFO - Building stim pattern for pattern_name 2339
2026-02-02 22:41:00,097 - INFO - Building stim pattern for pattern_name 3331
2026-02-02 22:41:00,110 - INFO - Building stim pattern for pattern_name 3826
2026-02-02 22:41:00,122 - INFO - Building stim pattern for pattern_name 1968
2026-02-02 22:41:00,135 - INFO - Building stim pattern for pattern_name 1888
2026-02-02 22:41:00,149 - INFO - Building stim pattern for pattern_name 3205
2026-02-02 22:41:00,159 - INFO - Building stim pattern for pattern_name 1852
2026-02-02 22:41:00,172 - INFO - Building stim pattern for pattern_name 770
2026-02-02 22:41:00,183 - INFO - Building stim pattern for pattern_name 1229
2026-02-02 22:41:00,196 - INFO - Building stim pattern for pattern_name 492
2026-02-02 22:41:00,207 - INFO - Building stim pattern for pattern_name 3382
2026-02-02 22:41:00,227 - INFO - Building stim pattern for pattern_name 1405
2026-02-02 22:41:00,249 - INFO - Building stim pattern for pattern_name 1386
2026-02-02 22:41:00,282 - INFO - Building stim pattern for pattern_name 41
2026-02-02 22:41:00,297 - INFO - Building stim pattern for pattern_name 530
2026-02-02 22:41:00,308 - INFO - Building stim pattern for pattern_name 1197
2026-02-02 22:41:00,324 - INFO - Building stim pattern for pattern_name 2915
2026-02-02 22:41:00,337 - INFO - Building stim pattern for pattern_name 1581
2026-02-02 22:41:00,351 - INFO - Building stim pattern for pattern_name 316
2026-02-02 22:41:00,363 - INFO - Building stim pattern for pattern_name 533
2026-02-02 22:41:00,374 - INFO - Building stim pattern for pattern_name 3369
2026-02-02 22:41:00,386 - INFO - Building stim pattern for pattern_name 2097
2026-02-02 22:41:00,408 - INFO - Building stim pattern for pattern_name 2962
2026-02-02 22:41:00,420 - INFO - Building stim pattern for pattern_name 474
2026-02-02 22:41:00,433 - INFO - Building stim pattern for pattern_name 3657
2026-02-02 22:41:00,446 - INFO - Building stim pattern for pattern_name 1346
2026-02-02 22:41:00,464 - INFO - Building stim pattern for pattern_name 2691
2026-02-02 22:41:00,476 - INFO - Building stim pattern for pattern_name 2999
2026-02-02 22:41:00,496 - INFO - Building stim pattern for pattern_name 2499
2026-02-02 22:41:00,507 - INFO - Building stim pattern for pattern_name 2118
2026-02-02 22:41:00,522 - INFO - Building stim pattern for pattern_name 1060
2026-02-02 22:41:00,535 - INFO - Building stim pattern for pattern_name 1770
2026-02-02 22:41:00,550 - INFO - Building stim pattern for pattern_name 624
2026-02-02 22:41:00,561 - INFO - Building stim pattern for pattern_name 1744
2026-02-02 22:41:00,574 - INFO - Building stim pattern for pattern_name 2801
2026-02-02 22:41:00,589 - INFO - Building stim pattern for pattern_name 3222
2026-02-02 22:41:00,602 - INFO - Building stim pattern for pattern_name 1566
2026-02-02 22:41:00,646 - INFO - Building stim pattern for pattern_name 3055
2026-02-02 22:41:00,699 - INFO - Building stim pattern for pattern_name 526
2026-02-02 22:41:00,719 - INFO - Building stim pattern for pattern_name 850
2026-02-02 22:41:00,735 - INFO - Building stim pattern for pattern_name 880
2026-02-02 22:41:00,749 - INFO - Building stim pattern for pattern_name 3436
2026-02-02 22:41:00,761 - INFO - Building stim pattern for pattern_name 2565
2026-02-02 22:41:00,776 - INFO - Building stim pattern for pattern_name 2366
2026-02-02 22:41:00,792 - INFO - Building stim pattern for pattern_name 856
2026-02-02 22:41:00,806 - INFO - Building stim pattern for pattern_name 2305
2026-02-02 22:41:00,825 - INFO - Building stim pattern for pattern_name 305
2026-02-02 22:41:00,837 - INFO - Building stim pattern for pattern_name 2559
2026-02-02 22:41:00,864 - INFO - Building stim pattern for pattern_name 3937
2026-02-02 22:41:00,876 - INFO - Building stim pattern for pattern_name 1138
2026-02-02 22:41:00,897 - INFO - Building stim pattern for pattern_name 2846
2026-02-02 22:41:00,909 - INFO - Building stim pattern for pattern_name 2646
2026-02-02 22:41:00,921 - INFO - Building stim pattern for pattern_name 2224
2026-02-02 22:41:00,933 - INFO - Building stim pattern for pattern_name 3014
2026-02-02 22:41:00,955 - INFO - Building stim pattern for pattern_name 2874
2026-02-02 22:41:00,966 - INFO - Building stim pattern for pattern_name 1795
2026-02-02 22:41:00,986 - INFO - Building stim pattern for pattern_name 3045
2026-02-02 22:41:00,998 - INFO - Building stim pattern for pattern_name 2709
2026-02-02 22:41:01,011 - INFO - Building stim pattern for pattern_name 1112
2026-02-02 22:41:01,023 - INFO - Building stim pattern for pattern_name 662
2026-02-02 22:41:01,035 - INFO - Building stim pattern for pattern_name 3926
2026-02-02 22:41:01,047 - INFO - Building stim pattern for pattern_name 50
2026-02-02 22:41:01,058 - INFO - Building stim pattern for pattern_name 1424
2026-02-02 22:41:01,081 - INFO - Building stim pattern for pattern_name 1017
2026-02-02 22:41:01,092 - INFO - Building stim pattern for pattern_name 1929
2026-02-02 22:41:01,104 - INFO - Building stim pattern for pattern_name 3083
2026-02-02 22:41:01,116 - INFO - Building stim pattern for pattern_name 1862
2026-02-02 22:41:01,135 - INFO - Building stim pattern for pattern_name 2820
2026-02-02 22:41:01,148 - INFO - Building stim pattern for pattern_name 2731
2026-02-02 22:41:01,161 - INFO - Building stim pattern for pattern_name 108
2026-02-02 22:41:01,171 - INFO - Building stim pattern for pattern_name 2452
2026-02-02 22:41:01,207 - INFO - Building stim pattern for pattern_name 3546
2026-02-02 22:41:01,219 - INFO - Building stim pattern for pattern_name 412
2026-02-02 22:41:01,240 - INFO - Building stim pattern for pattern_name 3011
2026-02-02 22:41:01,251 - INFO - Building stim pattern for pattern_name 2681
2026-02-02 22:41:01,271 - INFO - Building stim pattern for pattern_name 748
2026-02-02 22:41:01,285 - INFO - Building stim pattern for pattern_name 3224
2026-02-02 22:41:01,296 - INFO - Building stim pattern for pattern_name 1436
2026-02-02 22:41:01,307 - INFO - Building stim pattern for pattern_name 3652
2026-02-02 22:41:01,328 - INFO - Building stim pattern for pattern_name 289
2026-02-02 22:41:01,346 - INFO - Building stim pattern for pattern_name 1081
2026-02-02 22:41:01,358 - INFO - Building stim pattern for pattern_name 1848
2026-02-02 22:41:01,375 - INFO - Building stim pattern for pattern_name 2345
2026-02-02 22:41:01,388 - INFO - Building stim pattern for pattern_name 2282
2026-02-02 22:41:01,400 - INFO - Building stim pattern for pattern_name 1901
2026-02-02 22:41:01,420 - INFO - Building stim pattern for pattern_name 2299
2026-02-02 22:41:01,430 - INFO - Building stim pattern for pattern_name 3703
2026-02-02 22:41:01,444 - INFO - Building stim pattern for pattern_name 3588
2026-02-02 22:41:01,466 - INFO - Building stim pattern for pattern_name 1204
2026-02-02 22:41:01,477 - INFO - Building stim pattern for pattern_name 1041
2026-02-02 22:41:01,490 - INFO - Building stim pattern for pattern_name 567
2026-02-02 22:41:01,508 - INFO - Building stim pattern for pattern_name 1362
2026-02-02 22:41:01,521 - INFO - Building stim pattern for pattern_name 637
2026-02-02 22:41:01,534 - INFO - Building stim pattern for pattern_name 3212
2026-02-02 22:41:01,546 - INFO - Building stim pattern for pattern_name 554
2026-02-02 22:41:01,559 - INFO - Building stim pattern for pattern_name 2816
2026-02-02 22:41:01,579 - INFO - Building stim pattern for pattern_name 777
2026-02-02 22:41:01,590 - INFO - Building stim pattern for pattern_name 529
2026-02-02 22:41:01,602 - INFO - Building stim pattern for pattern_name 3375
2026-02-02 22:41:01,615 - INFO - Building stim pattern for pattern_name 1180
2026-02-02 22:41:01,627 - INFO - Building stim pattern for pattern_name 3053
2026-02-02 22:41:01,637 - INFO - Building stim pattern for pattern_name 3595
2026-02-02 22:41:01,649 - INFO - Building stim pattern for pattern_name 1820
2026-02-02 22:41:01,667 - INFO - Building stim pattern for pattern_name 3512
2026-02-02 22:41:01,679 - INFO - Building stim pattern for pattern_name 2875
2026-02-02 22:41:01,691 - INFO - Building stim pattern for pattern_name 1659
2026-02-02 22:41:01,703 - INFO - Building stim pattern for pattern_name 1131
2026-02-02 22:41:01,716 - INFO - Building stim pattern for pattern_name 2338
2026-02-02 22:41:01,728 - INFO - Building stim pattern for pattern_name 3787
2026-02-02 22:41:01,738 - INFO - Building stim pattern for pattern_name 503
2026-02-02 22:41:01,749 - INFO - Building stim pattern for pattern_name 621
2026-02-02 22:41:01,760 - INFO - Building stim pattern for pattern_name 1853
2026-02-02 22:41:01,772 - INFO - Building stim pattern for pattern_name 3272
2026-02-02 22:41:01,784 - INFO - Building stim pattern for pattern_name 1791
2026-02-02 22:41:01,796 - INFO - Building stim pattern for pattern_name 597
2026-02-02 22:41:01,807 - INFO - Building stim pattern for pattern_name 2197
2026-02-02 22:41:01,827 - INFO - Building stim pattern for pattern_name 1845
2026-02-02 22:41:01,842 - INFO - Building stim pattern for pattern_name 1910
2026-02-02 22:41:01,859 - INFO - Building stim pattern for pattern_name 1980
2026-02-02 22:41:01,879 - INFO - Building stim pattern for pattern_name 229
2026-02-02 22:41:01,899 - INFO - Building stim pattern for pattern_name 2884
2026-02-02 22:41:01,917 - INFO - Building stim pattern for pattern_name 746
2026-02-02 22:41:01,938 - INFO - Building stim pattern for pattern_name 652
2026-02-02 22:41:01,950 - INFO - Building stim pattern for pattern_name 1253
2026-02-02 22:41:01,960 - INFO - Building stim pattern for pattern_name 1696
2026-02-02 22:41:01,973 - INFO - Building stim pattern for pattern_name 3498
2026-02-02 22:41:01,986 - INFO - Building stim pattern for pattern_name 2314
2026-02-02 22:41:01,998 - INFO - Building stim pattern for pattern_name 2387
2026-02-02 22:41:02,016 - INFO - Building stim pattern for pattern_name 2774
2026-02-02 22:41:02,030 - INFO - Building stim pattern for pattern_name 88
2026-02-02 22:41:02,044 - INFO - Building stim pattern for pattern_name 2589
2026-02-02 22:41:02,058 - INFO - Building stim pattern for pattern_name 3070
2026-02-02 22:41:02,078 - INFO - Building stim pattern for pattern_name 571
2026-02-02 22:41:02,090 - INFO - Building stim pattern for pattern_name 1159
2026-02-02 22:41:02,101 - INFO - Building stim pattern for pattern_name 1206
2026-02-02 22:41:02,115 - INFO - Building stim pattern for pattern_name 351
2026-02-02 22:41:02,131 - INFO - Building stim pattern for pattern_name 2885
2026-02-02 22:41:02,145 - INFO - Building stim pattern for pattern_name 564
2026-02-02 22:41:02,160 - INFO - Building stim pattern for pattern_name 2176
2026-02-02 22:41:02,196 - INFO - Building stim pattern for pattern_name 68
2026-02-02 22:41:02,267 - INFO - Building stim pattern for pattern_name 3051
2026-02-02 22:41:02,303 - INFO - Building stim pattern for pattern_name 1141
2026-02-02 22:41:02,337 - INFO - Building stim pattern for pattern_name 365
2026-02-02 22:41:02,350 - INFO - Building stim pattern for pattern_name 3998
2026-02-02 22:41:02,362 - INFO - Building stim pattern for pattern_name 1721
2026-02-02 22:41:02,383 - INFO - Building stim pattern for pattern_name 1408
2026-02-02 22:41:02,395 - INFO - Building stim pattern for pattern_name 3903
2026-02-02 22:41:02,406 - INFO - Building stim pattern for pattern_name 415
2026-02-02 22:41:02,418 - INFO - Building stim pattern for pattern_name 773
2026-02-02 22:41:02,430 - INFO - Building stim pattern for pattern_name 2972
2026-02-02 22:41:02,442 - INFO - Building stim pattern for pattern_name 3211
2026-02-02 22:41:02,462 - INFO - Building stim pattern for pattern_name 2818
2026-02-02 22:41:02,475 - INFO - Building stim pattern for pattern_name 2497
2026-02-02 22:41:02,486 - INFO - Building stim pattern for pattern_name 1874
2026-02-02 22:41:02,500 - INFO - Building stim pattern for pattern_name 3960
2026-02-02 22:41:02,522 - INFO - Building stim pattern for pattern_name 1725
2026-02-02 22:41:02,534 - INFO - Building stim pattern for pattern_name 2996
2026-02-02 22:41:02,546 - INFO - Building stim pattern for pattern_name 1702
2026-02-02 22:41:02,568 - INFO - Building stim pattern for pattern_name 1576
2026-02-02 22:41:02,580 - INFO - Building stim pattern for pattern_name 144
2026-02-02 22:41:02,592 - INFO - Building stim pattern for pattern_name 3395
2026-02-02 22:41:02,621 - INFO - Building stim pattern for pattern_name 1780
2026-02-02 22:41:02,650 - INFO - Building stim pattern for pattern_name 2218
2026-02-02 22:41:02,662 - INFO - Building stim pattern for pattern_name 3450
2026-02-02 22:41:02,673 - INFO - Building stim pattern for pattern_name 2579
2026-02-02 22:41:02,686 - INFO - Building stim pattern for pattern_name 2005
2026-02-02 22:41:02,698 - INFO - Building stim pattern for pattern_name 3889
2026-02-02 22:41:02,710 - INFO - Building stim pattern for pattern_name 1127
2026-02-02 22:41:02,724 - INFO - Building stim pattern for pattern_name 2542
2026-02-02 22:41:02,743 - INFO - Building stim pattern for pattern_name 288
2026-02-02 22:41:02,754 - INFO - Building stim pattern for pattern_name 1736
2026-02-02 22:41:02,765 - INFO - Building stim pattern for pattern_name 2417
2026-02-02 22:41:02,786 - INFO - Building stim pattern for pattern_name 631
2026-02-02 22:41:02,798 - INFO - Building stim pattern for pattern_name 2781
2026-02-02 22:41:02,811 - INFO - Building stim pattern for pattern_name 3175
2026-02-02 22:41:02,824 - INFO - Building stim pattern for pattern_name 961
2026-02-02 22:41:02,838 - INFO - Building stim pattern for pattern_name 485
2026-02-02 22:41:02,859 - INFO - Building stim pattern for pattern_name 3860
2026-02-02 22:41:02,871 - INFO - Building stim pattern for pattern_name 2410
2026-02-02 22:41:02,885 - INFO - Building stim pattern for pattern_name 2108
2026-02-02 22:41:02,897 - INFO - Building stim pattern for pattern_name 3178
2026-02-02 22:41:02,909 - INFO - Building stim pattern for pattern_name 270
2026-02-02 22:41:02,921 - INFO - Building stim pattern for pattern_name 799
2026-02-02 22:41:02,934 - INFO - Building stim pattern for pattern_name 1794
2026-02-02 22:41:02,945 - INFO - Building stim pattern for pattern_name 603
2026-02-02 22:41:02,965 - INFO - Building stim pattern for pattern_name 3805
2026-02-02 22:41:02,977 - INFO - Building stim pattern for pattern_name 539
2026-02-02 22:41:02,989 - INFO - Building stim pattern for pattern_name 2221
2026-02-02 22:41:03,001 - INFO - Building stim pattern for pattern_name 635
2026-02-02 22:41:03,012 - INFO - Building stim pattern for pattern_name 176
2026-02-02 22:41:03,036 - INFO - Building stim pattern for pattern_name 468
2026-02-02 22:41:03,048 - INFO - Building stim pattern for pattern_name 3827
2026-02-02 22:41:03,060 - INFO - Building stim pattern for pattern_name 2262
2026-02-02 22:41:03,072 - INFO - Building stim pattern for pattern_name 3153
2026-02-02 22:41:03,083 - INFO - Building stim pattern for pattern_name 2183
2026-02-02 22:41:03,101 - INFO - Building stim pattern for pattern_name 1297
2026-02-02 22:41:03,113 - INFO - Building stim pattern for pattern_name 1383
2026-02-02 22:41:03,124 - INFO - Building stim pattern for pattern_name 2533
2026-02-02 22:41:03,135 - INFO - Building stim pattern for pattern_name 390
2026-02-02 22:41:03,148 - INFO - Building stim pattern for pattern_name 3777
2026-02-02 22:41:03,160 - INFO - Building stim pattern for pattern_name 3697
2026-02-02 22:41:03,171 - INFO - Building stim pattern for pattern_name 3719
2026-02-02 22:41:03,188 - INFO - Building stim pattern for pattern_name 2255
2026-02-02 22:41:03,205 - INFO - Building stim pattern for pattern_name 3155
2026-02-02 22:41:03,217 - INFO - Building stim pattern for pattern_name 1529
2026-02-02 22:41:03,227 - INFO - Building stim pattern for pattern_name 396
2026-02-02 22:41:03,239 - INFO - Building stim pattern for pattern_name 2324
2026-02-02 22:41:03,250 - INFO - Building stim pattern for pattern_name 1905
2026-02-02 22:41:03,268 - INFO - Building stim pattern for pattern_name 1422
2026-02-02 22:41:03,280 - INFO - Building stim pattern for pattern_name 3712
2026-02-02 22:41:03,293 - INFO - Building stim pattern for pattern_name 987
2026-02-02 22:41:03,317 - INFO - Building stim pattern for pattern_name 2613
2026-02-02 22:41:03,331 - INFO - Building stim pattern for pattern_name 2932
2026-02-02 22:41:03,349 - INFO - Building stim pattern for pattern_name 149
2026-02-02 22:41:03,361 - INFO - Building stim pattern for pattern_name 3585
2026-02-02 22:41:03,372 - INFO - Building stim pattern for pattern_name 735
2026-02-02 22:41:03,391 - INFO - Building stim pattern for pattern_name 3554
2026-02-02 22:41:03,402 - INFO - Building stim pattern for pattern_name 2826
2026-02-02 22:41:03,420 - INFO - Building stim pattern for pattern_name 150
2026-02-02 22:41:03,431 - INFO - Building stim pattern for pattern_name 478
2026-02-02 22:41:03,449 - INFO - Building stim pattern for pattern_name 1111
2026-02-02 22:41:03,461 - INFO - Building stim pattern for pattern_name 843
2026-02-02 22:41:03,474 - INFO - Building stim pattern for pattern_name 26
2026-02-02 22:41:03,485 - INFO - Building stim pattern for pattern_name 1866
2026-02-02 22:41:03,497 - INFO - Building stim pattern for pattern_name 803
2026-02-02 22:41:03,512 - INFO - Building stim pattern for pattern_name 1431
2026-02-02 22:41:03,525 - INFO - Building stim pattern for pattern_name 201
2026-02-02 22:41:03,538 - INFO - Building stim pattern for pattern_name 254
2026-02-02 22:41:03,551 - INFO - Building stim pattern for pattern_name 2889
2026-02-02 22:41:03,563 - INFO - Building stim pattern for pattern_name 1672
2026-02-02 22:41:03,582 - INFO - Building stim pattern for pattern_name 2849
2026-02-02 22:41:03,595 - INFO - Building stim pattern for pattern_name 1166
2026-02-02 22:41:03,617 - INFO - Building stim pattern for pattern_name 2537
2026-02-02 22:41:03,629 - INFO - Building stim pattern for pattern_name 1945
2026-02-02 22:41:03,641 - INFO - Building stim pattern for pattern_name 1943
2026-02-02 22:41:03,656 - INFO - Building stim pattern for pattern_name 1638
2026-02-02 22:41:03,668 - INFO - Building stim pattern for pattern_name 1817
2026-02-02 22:41:03,681 - INFO - Building stim pattern for pattern_name 2414
2026-02-02 22:41:03,703 - INFO - Building stim pattern for pattern_name 1078
2026-02-02 22:41:03,714 - INFO - Building stim pattern for pattern_name 3099
2026-02-02 22:41:03,726 - INFO - Building stim pattern for pattern_name 3046
2026-02-02 22:41:03,738 - INFO - Building stim pattern for pattern_name 3700
2026-02-02 22:41:03,757 - INFO - Building stim pattern for pattern_name 3735
2026-02-02 22:41:03,769 - INFO - Building stim pattern for pattern_name 3754
2026-02-02 22:41:03,790 - INFO - Building stim pattern for pattern_name 894
2026-02-02 22:41:03,804 - INFO - Building stim pattern for pattern_name 221
2026-02-02 22:41:03,817 - INFO - Building stim pattern for pattern_name 3476
2026-02-02 22:41:03,830 - INFO - Building stim pattern for pattern_name 1045
2026-02-02 22:41:03,842 - INFO - Building stim pattern for pattern_name 2905
2026-02-02 22:41:03,885 - INFO - Building stim pattern for pattern_name 224
2026-02-02 22:41:03,938 - INFO - Building stim pattern for pattern_name 2464
2026-02-02 22:41:03,966 - INFO - Building stim pattern for pattern_name 3437
2026-02-02 22:41:03,979 - INFO - Building stim pattern for pattern_name 693
2026-02-02 22:41:03,996 - INFO - Building stim pattern for pattern_name 87
2026-02-02 22:41:04,008 - INFO - Building stim pattern for pattern_name 3325
2026-02-02 22:41:04,020 - INFO - Building stim pattern for pattern_name 1746
2026-02-02 22:41:04,033 - INFO - Building stim pattern for pattern_name 2928
2026-02-02 22:41:04,047 - INFO - Building stim pattern for pattern_name 739
2026-02-02 22:41:04,062 - INFO - Building stim pattern for pattern_name 2852
2026-02-02 22:41:04,073 - INFO - Building stim pattern for pattern_name 2525
2026-02-02 22:41:04,085 - INFO - Building stim pattern for pattern_name 855
2026-02-02 22:41:04,106 - INFO - Building stim pattern for pattern_name 3203
2026-02-02 22:41:04,119 - INFO - Building stim pattern for pattern_name 3128
2026-02-02 22:41:04,133 - INFO - Building stim pattern for pattern_name 2445
2026-02-02 22:41:04,162 - INFO - Building stim pattern for pattern_name 2251
2026-02-02 22:41:04,174 - INFO - Building stim pattern for pattern_name 200
2026-02-02 22:41:04,186 - INFO - Building stim pattern for pattern_name 1489
2026-02-02 22:41:04,207 - INFO - Building stim pattern for pattern_name 3486
2026-02-02 22:41:04,218 - INFO - Building stim pattern for pattern_name 1043
2026-02-02 22:41:04,230 - INFO - Building stim pattern for pattern_name 3391
2026-02-02 22:41:04,242 - INFO - Building stim pattern for pattern_name 2650
2026-02-02 22:41:04,262 - INFO - Building stim pattern for pattern_name 3304
2026-02-02 22:41:04,275 - INFO - Building stim pattern for pattern_name 3223
2026-02-02 22:41:04,289 - INFO - Building stim pattern for pattern_name 1864
2026-02-02 22:41:04,304 - INFO - Building stim pattern for pattern_name 347
2026-02-02 22:41:04,318 - INFO - Building stim pattern for pattern_name 1441
2026-02-02 22:41:04,331 - INFO - Building stim pattern for pattern_name 3619
2026-02-02 22:41:04,342 - INFO - Building stim pattern for pattern_name 1811
2026-02-02 22:41:04,364 - INFO - Building stim pattern for pattern_name 3586
2026-02-02 22:41:04,377 - INFO - Building stim pattern for pattern_name 558
2026-02-02 22:41:04,391 - INFO - Building stim pattern for pattern_name 2569
2026-02-02 22:41:04,429 - INFO - Building stim pattern for pattern_name 1053
2026-02-02 22:41:04,443 - INFO - Building stim pattern for pattern_name 3856
2026-02-02 22:41:04,453 - INFO - Building stim pattern for pattern_name 387
2026-02-02 22:41:04,468 - INFO - Building stim pattern for pattern_name 2564
2026-02-02 22:41:04,483 - INFO - Building stim pattern for pattern_name 3989
2026-02-02 22:41:04,497 - INFO - Building stim pattern for pattern_name 2997
2026-02-02 22:41:04,512 - INFO - Building stim pattern for pattern_name 754
2026-02-02 22:41:04,527 - INFO - Building stim pattern for pattern_name 3348
2026-02-02 22:41:04,565 - INFO - Building stim pattern for pattern_name 2609
2026-02-02 22:41:04,578 - INFO - Building stim pattern for pattern_name 284
2026-02-02 22:41:04,590 - INFO - Building stim pattern for pattern_name 3206
2026-02-02 22:41:04,611 - INFO - Building stim pattern for pattern_name 2266
2026-02-02 22:41:04,622 - INFO - Building stim pattern for pattern_name 2196
2026-02-02 22:41:04,634 - INFO - Building stim pattern for pattern_name 372
2026-02-02 22:41:04,650 - INFO - Building stim pattern for pattern_name 2581
2026-02-02 22:41:04,674 - INFO - Building stim pattern for pattern_name 3002
2026-02-02 22:41:04,687 - INFO - Building stim pattern for pattern_name 954
2026-02-02 22:41:04,702 - INFO - Building stim pattern for pattern_name 3906
2026-02-02 22:41:04,715 - INFO - Building stim pattern for pattern_name 2512
2026-02-02 22:41:04,731 - INFO - Building stim pattern for pattern_name 666
2026-02-02 22:41:04,742 - INFO - Building stim pattern for pattern_name 3387
2026-02-02 22:41:04,754 - INFO - Building stim pattern for pattern_name 2084
2026-02-02 22:41:04,779 - INFO - Building stim pattern for pattern_name 993
2026-02-02 22:41:04,793 - INFO - Building stim pattern for pattern_name 1307
2026-02-02 22:41:04,807 - INFO - Building stim pattern for pattern_name 575
2026-02-02 22:41:04,836 - INFO - Building stim pattern for pattern_name 48
2026-02-02 22:41:04,849 - INFO - Building stim pattern for pattern_name 3075
2026-02-02 22:41:04,862 - INFO - Building stim pattern for pattern_name 1376
2026-02-02 22:41:04,873 - INFO - Building stim pattern for pattern_name 1202
2026-02-02 22:41:04,893 - INFO - Building stim pattern for pattern_name 2448
2026-02-02 22:41:04,904 - INFO - Building stim pattern for pattern_name 2
2026-02-02 22:41:04,917 - INFO - Building stim pattern for pattern_name 801
2026-02-02 22:41:04,932 - INFO - Building stim pattern for pattern_name 1806
2026-02-02 22:41:04,946 - INFO - Building stim pattern for pattern_name 3064
2026-02-02 22:41:04,959 - INFO - Building stim pattern for pattern_name 1468
2026-02-02 22:41:04,971 - INFO - Building stim pattern for pattern_name 819
2026-02-02 22:41:04,982 - INFO - Building stim pattern for pattern_name 732
2026-02-02 22:41:05,004 - INFO - Building stim pattern for pattern_name 2942
2026-02-02 22:41:05,017 - INFO - Building stim pattern for pattern_name 1331
2026-02-02 22:41:05,038 - INFO - Building stim pattern for pattern_name 2749
2026-02-02 22:41:05,050 - INFO - Building stim pattern for pattern_name 2758
2026-02-02 22:41:05,064 - INFO - Building stim pattern for pattern_name 3621
2026-02-02 22:41:05,076 - INFO - Building stim pattern for pattern_name 2507
2026-02-02 22:41:05,088 - INFO - Building stim pattern for pattern_name 1551
2026-02-02 22:41:05,099 - INFO - Building stim pattern for pattern_name 1235
2026-02-02 22:41:05,119 - INFO - Building stim pattern for pattern_name 3945
2026-02-02 22:41:05,130 - INFO - Building stim pattern for pattern_name 1230
2026-02-02 22:41:05,143 - INFO - Building stim pattern for pattern_name 199
2026-02-02 22:41:05,155 - INFO - Building stim pattern for pattern_name 821
2026-02-02 22:41:05,168 - INFO - Building stim pattern for pattern_name 3762
2026-02-02 22:41:05,180 - INFO - Building stim pattern for pattern_name 3278
2026-02-02 22:41:05,194 - INFO - Building stim pattern for pattern_name 1921
2026-02-02 22:41:05,207 - INFO - Building stim pattern for pattern_name 630
2026-02-02 22:41:05,219 - INFO - Building stim pattern for pattern_name 756
2026-02-02 22:41:05,232 - INFO - Building stim pattern for pattern_name 142
2026-02-02 22:41:05,247 - INFO - Building stim pattern for pattern_name 430
2026-02-02 22:41:05,261 - INFO - Building stim pattern for pattern_name 628
2026-02-02 22:41:05,276 - INFO - Building stim pattern for pattern_name 550
2026-02-02 22:41:05,291 - INFO - Building stim pattern for pattern_name 1857
2026-02-02 22:41:05,306 - INFO - Building stim pattern for pattern_name 2723
2026-02-02 22:41:05,389 - INFO - Building stim pattern for pattern_name 1580
2026-02-02 22:41:05,450 - INFO - Building stim pattern for pattern_name 1465
2026-02-02 22:41:05,463 - INFO - Building stim pattern for pattern_name 3130
2026-02-02 22:41:05,477 - INFO - Building stim pattern for pattern_name 330
2026-02-02 22:41:05,489 - INFO - Building stim pattern for pattern_name 921
2026-02-02 22:41:05,501 - INFO - Building stim pattern for pattern_name 2755
2026-02-02 22:41:05,513 - INFO - Building stim pattern for pattern_name 3558
2026-02-02 22:41:05,524 - INFO - Building stim pattern for pattern_name 3534
2026-02-02 22:41:05,538 - INFO - Building stim pattern for pattern_name 1515
2026-02-02 22:41:05,559 - INFO - Building stim pattern for pattern_name 2404
2026-02-02 22:41:05,571 - INFO - Building stim pattern for pattern_name 1030
2026-02-02 22:41:05,584 - INFO - Building stim pattern for pattern_name 2393
2026-02-02 22:41:05,595 - INFO - Building stim pattern for pattern_name 2086
2026-02-02 22:41:05,615 - INFO - Building stim pattern for pattern_name 2297
2026-02-02 22:41:05,649 - INFO - Building stim pattern for pattern_name 3850
2026-02-02 22:41:05,669 - INFO - Building stim pattern for pattern_name 1343
2026-02-02 22:41:05,681 - INFO - Building stim pattern for pattern_name 2627
2026-02-02 22:41:05,693 - INFO - Building stim pattern for pattern_name 2535
2026-02-02 22:41:05,714 - INFO - Building stim pattern for pattern_name 2370
2026-02-02 22:41:05,734 - INFO - Building stim pattern for pattern_name 1894
2026-02-02 22:41:05,751 - INFO - Building stim pattern for pattern_name 1355
2026-02-02 22:41:05,763 - INFO - Building stim pattern for pattern_name 2316
2026-02-02 22:41:05,775 - INFO - Building stim pattern for pattern_name 2655
2026-02-02 22:41:05,790 - INFO - Building stim pattern for pattern_name 1295
2026-02-02 22:41:05,805 - INFO - Building stim pattern for pattern_name 2521
2026-02-02 22:41:05,817 - INFO - Building stim pattern for pattern_name 3618
2026-02-02 22:41:05,828 - INFO - Building stim pattern for pattern_name 2023
2026-02-02 22:41:05,840 - INFO - Building stim pattern for pattern_name 1497
2026-02-02 22:41:05,859 - INFO - Building stim pattern for pattern_name 2735
2026-02-02 22:41:05,878 - INFO - Building stim pattern for pattern_name 1645
2026-02-02 22:41:05,890 - INFO - Building stim pattern for pattern_name 3407
2026-02-02 22:41:05,900 - INFO - Building stim pattern for pattern_name 2401
2026-02-02 22:41:05,912 - INFO - Building stim pattern for pattern_name 1745
2026-02-02 22:41:05,934 - INFO - Building stim pattern for pattern_name 3192
2026-02-02 22:41:05,948 - INFO - Building stim pattern for pattern_name 1585
2026-02-02 22:41:05,960 - INFO - Building stim pattern for pattern_name 1300
2026-02-02 22:41:05,971 - INFO - Building stim pattern for pattern_name 3246
2026-02-02 22:41:05,983 - INFO - Building stim pattern for pattern_name 1121
2026-02-02 22:41:06,002 - INFO - Building stim pattern for pattern_name 1399
2026-02-02 22:41:06,045 - INFO - Building stim pattern for pattern_name 2147
2026-02-02 22:41:06,059 - INFO - Building stim pattern for pattern_name 3086
2026-02-02 22:41:06,073 - INFO - Building stim pattern for pattern_name 1237
2026-02-02 22:41:06,086 - INFO - Building stim pattern for pattern_name 51
2026-02-02 22:41:06,099 - INFO - Building stim pattern for pattern_name 749
2026-02-02 22:41:06,120 - INFO - Building stim pattern for pattern_name 520
2026-02-02 22:41:06,130 - INFO - Building stim pattern for pattern_name 1201
2026-02-02 22:41:06,143 - INFO - Building stim pattern for pattern_name 35
2026-02-02 22:41:06,157 - INFO - Building stim pattern for pattern_name 3069
2026-02-02 22:41:06,171 - INFO - Building stim pattern for pattern_name 2040
2026-02-02 22:41:06,184 - INFO - Building stim pattern for pattern_name 2719
2026-02-02 22:41:06,197 - INFO - Building stim pattern for pattern_name 3833
2026-02-02 22:41:06,210 - INFO - Building stim pattern for pattern_name 1722
2026-02-02 22:41:06,229 - INFO - Building stim pattern for pattern_name 2593
2026-02-02 22:41:06,248 - INFO - Building stim pattern for pattern_name 1329
2026-02-02 22:41:06,260 - INFO - Building stim pattern for pattern_name 2382
2026-02-02 22:41:06,272 - INFO - Building stim pattern for pattern_name 1603
2026-02-02 22:41:06,284 - INFO - Building stim pattern for pattern_name 1064
2026-02-02 22:41:06,297 - INFO - Building stim pattern for pattern_name 286
2026-02-02 22:41:06,308 - INFO - Building stim pattern for pattern_name 1918
2026-02-02 22:41:06,319 - INFO - Building stim pattern for pattern_name 568
2026-02-02 22:41:06,331 - INFO - Building stim pattern for pattern_name 243
2026-02-02 22:41:06,343 - INFO - Building stim pattern for pattern_name 2785
2026-02-02 22:41:06,361 - INFO - Building stim pattern for pattern_name 3063
2026-02-02 22:41:06,374 - INFO - Building stim pattern for pattern_name 3097
2026-02-02 22:41:06,386 - INFO - Building stim pattern for pattern_name 1843
2026-02-02 22:41:06,405 - INFO - Building stim pattern for pattern_name 3383
2026-02-02 22:41:06,417 - INFO - Building stim pattern for pattern_name 491
2026-02-02 22:41:06,430 - INFO - Building stim pattern for pattern_name 1752
2026-02-02 22:41:06,443 - INFO - Building stim pattern for pattern_name 2306
2026-02-02 22:41:06,456 - INFO - Building stim pattern for pattern_name 2030
2026-02-02 22:41:06,479 - INFO - Building stim pattern for pattern_name 2368
2026-02-02 22:41:06,491 - INFO - Building stim pattern for pattern_name 2753
2026-02-02 22:41:06,509 - INFO - Building stim pattern for pattern_name 2479
2026-02-02 22:41:06,522 - INFO - Building stim pattern for pattern_name 2782
2026-02-02 22:41:06,533 - INFO - Building stim pattern for pattern_name 553
2026-02-02 22:41:06,546 - INFO - Building stim pattern for pattern_name 2205
2026-02-02 22:41:06,558 - INFO - Building stim pattern for pattern_name 949
2026-02-02 22:41:06,587 - INFO - Building stim pattern for pattern_name 2858
2026-02-02 22:41:06,599 - INFO - Building stim pattern for pattern_name 3108
2026-02-02 22:41:06,612 - INFO - Building stim pattern for pattern_name 3347
2026-02-02 22:41:06,623 - INFO - Building stim pattern for pattern_name 275
2026-02-02 22:41:06,635 - INFO - Building stim pattern for pattern_name 1711
2026-02-02 22:41:06,647 - INFO - Building stim pattern for pattern_name 2955
2026-02-02 22:41:06,659 - INFO - Building stim pattern for pattern_name 1996
2026-02-02 22:41:06,671 - INFO - Building stim pattern for pattern_name 3289
2026-02-02 22:41:06,690 - INFO - Building stim pattern for pattern_name 3456
2026-02-02 22:41:06,702 - INFO - Building stim pattern for pattern_name 1221
2026-02-02 22:41:06,714 - INFO - Building stim pattern for pattern_name 3897
2026-02-02 22:41:06,724 - INFO - Building stim pattern for pattern_name 3524
2026-02-02 22:41:06,736 - INFO - Building stim pattern for pattern_name 3949
2026-02-02 22:41:06,749 - INFO - Building stim pattern for pattern_name 3397
2026-02-02 22:41:06,761 - INFO - Building stim pattern for pattern_name 28
2026-02-02 22:41:06,773 - INFO - Building stim pattern for pattern_name 3857
2026-02-02 22:41:06,796 - INFO - Building stim pattern for pattern_name 2421
2026-02-02 22:41:06,815 - INFO - Building stim pattern for pattern_name 2881
2026-02-02 22:41:06,826 - INFO - Building stim pattern for pattern_name 3238
2026-02-02 22:41:06,839 - INFO - Building stim pattern for pattern_name 1537
2026-02-02 22:41:06,875 - INFO - Building stim pattern for pattern_name 2177
2026-02-02 22:41:06,886 - INFO - Building stim pattern for pattern_name 893
2026-02-02 22:41:06,904 - INFO - Building stim pattern for pattern_name 711
2026-02-02 22:41:06,915 - INFO - Building stim pattern for pattern_name 3898
2026-02-02 22:41:06,926 - INFO - Building stim pattern for pattern_name 3701
2026-02-02 22:41:06,938 - INFO - Building stim pattern for pattern_name 130
2026-02-02 22:41:06,949 - INFO - Building stim pattern for pattern_name 217
2026-02-02 22:41:06,961 - INFO - Building stim pattern for pattern_name 3480
2026-02-02 22:41:06,973 - INFO - Building stim pattern for pattern_name 3432
2026-02-02 22:41:07,023 - INFO - Building stim pattern for pattern_name 1347
2026-02-02 22:41:07,073 - INFO - Building stim pattern for pattern_name 12
2026-02-02 22:41:07,090 - INFO - Building stim pattern for pattern_name 2699
2026-02-02 22:41:07,110 - INFO - Building stim pattern for pattern_name 427
2026-02-02 22:41:07,124 - INFO - Building stim pattern for pattern_name 3261
2026-02-02 22:41:07,136 - INFO - Building stim pattern for pattern_name 3368
2026-02-02 22:41:07,149 - INFO - Building stim pattern for pattern_name 1747
2026-02-02 22:41:07,167 - INFO - Building stim pattern for pattern_name 3665
2026-02-02 22:41:07,179 - INFO - Building stim pattern for pattern_name 343
2026-02-02 22:41:07,191 - INFO - Building stim pattern for pattern_name 3113
2026-02-02 22:41:07,203 - INFO - Building stim pattern for pattern_name 2501
2026-02-02 22:41:07,221 - INFO - Building stim pattern for pattern_name 3040
2026-02-02 22:41:07,232 - INFO - Building stim pattern for pattern_name 133
2026-02-02 22:41:07,252 - INFO - Building stim pattern for pattern_name 3696
2026-02-02 22:41:07,264 - INFO - Building stim pattern for pattern_name 3577
2026-02-02 22:41:07,279 - INFO - Building stim pattern for pattern_name 3334
2026-02-02 22:41:07,292 - INFO - Building stim pattern for pattern_name 1707
2026-02-02 22:41:07,307 - INFO - Building stim pattern for pattern_name 293
2026-02-02 22:41:07,318 - INFO - Building stim pattern for pattern_name 2492
2026-02-02 22:41:07,331 - INFO - Building stim pattern for pattern_name 8
2026-02-02 22:41:07,342 - INFO - Building stim pattern for pattern_name 2036
2026-02-02 22:41:07,365 - INFO - Building stim pattern for pattern_name 3442
2026-02-02 22:41:07,378 - INFO - Building stim pattern for pattern_name 2273
2026-02-02 22:41:07,403 - INFO - Building stim pattern for pattern_name 3435
2026-02-02 22:41:07,422 - INFO - Building stim pattern for pattern_name 3556
2026-02-02 22:41:07,434 - INFO - Building stim pattern for pattern_name 3306
2026-02-02 22:41:07,445 - INFO - Building stim pattern for pattern_name 808
2026-02-02 22:41:07,456 - INFO - Building stim pattern for pattern_name 80
2026-02-02 22:41:07,483 - INFO - Building stim pattern for pattern_name 3410
2026-02-02 22:41:07,495 - INFO - Building stim pattern for pattern_name 650
2026-02-02 22:41:07,506 - INFO - Building stim pattern for pattern_name 2743
2026-02-02 22:41:07,518 - INFO - Building stim pattern for pattern_name 3265
2026-02-02 22:41:07,539 - INFO - Building stim pattern for pattern_name 3357
2026-02-02 22:41:07,551 - INFO - Building stim pattern for pattern_name 266
2026-02-02 22:41:07,565 - INFO - Building stim pattern for pattern_name 684
2026-02-02 22:41:07,584 - INFO - Building stim pattern for pattern_name 1256
2026-02-02 22:41:07,597 - INFO - Building stim pattern for pattern_name 854
2026-02-02 22:41:07,610 - INFO - Building stim pattern for pattern_name 2620
2026-02-02 22:41:07,621 - INFO - Building stim pattern for pattern_name 2764
2026-02-02 22:41:07,640 - INFO - Building stim pattern for pattern_name 677
2026-02-02 22:41:07,660 - INFO - Building stim pattern for pattern_name 2845
2026-02-02 22:41:07,672 - INFO - Building stim pattern for pattern_name 2771
2026-02-02 22:41:07,685 - INFO - Building stim pattern for pattern_name 1560
2026-02-02 22:41:07,696 - INFO - Building stim pattern for pattern_name 1608
2026-02-02 22:41:07,717 - INFO - Building stim pattern for pattern_name 441
2026-02-02 22:41:07,729 - INFO - Building stim pattern for pattern_name 1044
2026-02-02 22:41:07,742 - INFO - Building stim pattern for pattern_name 2406
2026-02-02 22:41:07,754 - INFO - Building stim pattern for pattern_name 1490
2026-02-02 22:41:07,768 - INFO - Building stim pattern for pattern_name 56
2026-02-02 22:41:07,781 - INFO - Building stim pattern for pattern_name 2580
2026-02-02 22:41:07,793 - INFO - Building stim pattern for pattern_name 69
2026-02-02 22:41:07,805 - INFO - Building stim pattern for pattern_name 3277
2026-02-02 22:41:07,823 - INFO - Building stim pattern for pattern_name 3645
2026-02-02 22:41:07,842 - INFO - Building stim pattern for pattern_name 2604
2026-02-02 22:41:07,854 - INFO - Building stim pattern for pattern_name 301
2026-02-02 22:41:07,866 - INFO - Building stim pattern for pattern_name 1643
2026-02-02 22:41:07,877 - INFO - Building stim pattern for pattern_name 3650
2026-02-02 22:41:07,888 - INFO - Building stim pattern for pattern_name 2261
2026-02-02 22:41:07,899 - INFO - Building stim pattern for pattern_name 2963
2026-02-02 22:41:07,911 - INFO - Building stim pattern for pattern_name 1
2026-02-02 22:41:07,922 - INFO - Building stim pattern for pattern_name 3033
2026-02-02 22:41:07,934 - INFO - Building stim pattern for pattern_name 499
2026-02-02 22:41:07,946 - INFO - Building stim pattern for pattern_name 3759
2026-02-02 22:41:07,956 - INFO - Building stim pattern for pattern_name 2469
2026-02-02 22:41:07,967 - INFO - Building stim pattern for pattern_name 1352
2026-02-02 22:41:07,979 - INFO - Building stim pattern for pattern_name 1891
2026-02-02 22:41:07,990 - INFO - Building stim pattern for pattern_name 3422
2026-02-02 22:41:08,002 - INFO - Building stim pattern for pattern_name 94
2026-02-02 22:41:08,014 - INFO - Building stim pattern for pattern_name 3445
2026-02-02 22:41:08,026 - INFO - Building stim pattern for pattern_name 103
2026-02-02 22:41:08,037 - INFO - Building stim pattern for pattern_name 2803
2026-02-02 22:41:08,049 - INFO - Building stim pattern for pattern_name 1742
2026-02-02 22:41:08,060 - INFO - Building stim pattern for pattern_name 2532
2026-02-02 22:41:08,071 - INFO - Building stim pattern for pattern_name 276
2026-02-02 22:41:08,088 - INFO - Building stim pattern for pattern_name 758
2026-02-02 22:41:08,100 - INFO - Building stim pattern for pattern_name 62
2026-02-02 22:41:08,111 - INFO - Building stim pattern for pattern_name 2748
2026-02-02 22:41:08,122 - INFO - Building stim pattern for pattern_name 2936
2026-02-02 22:41:08,133 - INFO - Building stim pattern for pattern_name 785
2026-02-02 22:41:08,155 - INFO - Building stim pattern for pattern_name 1750
2026-02-02 22:41:08,169 - INFO - Building stim pattern for pattern_name 3137
2026-02-02 22:41:08,181 - INFO - Building stim pattern for pattern_name 1793
2026-02-02 22:41:08,193 - INFO - Building stim pattern for pattern_name 3433
2026-02-02 22:41:08,205 - INFO - Building stim pattern for pattern_name 2991
2026-02-02 22:41:08,218 - INFO - Building stim pattern for pattern_name 3411
2026-02-02 22:41:08,231 - INFO - Building stim pattern for pattern_name 1833
2026-02-02 22:41:08,245 - INFO - Building stim pattern for pattern_name 2911
2026-02-02 22:41:08,272 - INFO - Building stim pattern for pattern_name 747
2026-02-02 22:41:08,284 - INFO - Building stim pattern for pattern_name 222
2026-02-02 22:41:08,295 - INFO - Building stim pattern for pattern_name 1074
2026-02-02 22:41:08,309 - INFO - Building stim pattern for pattern_name 3806
2026-02-02 22:41:08,322 - INFO - Building stim pattern for pattern_name 2890
2026-02-02 22:41:08,334 - INFO - Building stim pattern for pattern_name 911
2026-02-02 22:41:08,346 - INFO - Building stim pattern for pattern_name 1825
2026-02-02 22:41:08,358 - INFO - Building stim pattern for pattern_name 3457
2026-02-02 22:41:08,369 - INFO - Building stim pattern for pattern_name 214
2026-02-02 22:41:08,380 - INFO - Building stim pattern for pattern_name 3925
2026-02-02 22:41:08,392 - INFO - Building stim pattern for pattern_name 3496
2026-02-02 22:41:08,404 - INFO - Building stim pattern for pattern_name 762
2026-02-02 22:41:08,416 - INFO - Building stim pattern for pattern_name 1198
2026-02-02 22:41:08,429 - INFO - Building stim pattern for pattern_name 2498
2026-02-02 22:41:08,442 - INFO - Building stim pattern for pattern_name 1480
2026-02-02 22:41:08,454 - INFO - Building stim pattern for pattern_name 3744
2026-02-02 22:41:08,474 - INFO - Building stim pattern for pattern_name 3995
2026-02-02 22:41:08,486 - INFO - Building stim pattern for pattern_name 3146
2026-02-02 22:41:08,498 - INFO - Building stim pattern for pattern_name 3466
2026-02-02 22:41:08,511 - INFO - Building stim pattern for pattern_name 649
2026-02-02 22:41:08,524 - INFO - Building stim pattern for pattern_name 3286
2026-02-02 22:41:08,541 - INFO - Building stim pattern for pattern_name 111
2026-02-02 22:41:08,565 - INFO - Building stim pattern for pattern_name 1033
2026-02-02 22:41:08,581 - INFO - Building stim pattern for pattern_name 1236
