2026-02-02 09:09:36,764 - INFO - ==================================================
2026-02-02 09:09:36,765 - INFO - Experiment run directory: results/binned_2026-02-02_09-09-36
2026-02-02 09:09:36,765 - INFO - Config file: config.yaml (copied to results/binned_2026-02-02_09-09-36/config.yaml)
2026-02-02 09:09:36,765 - INFO - Inference mode: False
2026-02-02 09:09:36,766 - INFO - Random seed: 42
2026-02-02 09:09:36,766 - INFO - ==================================================
2026-02-02 09:09:36,767 - INFO - Total trials: 5000
2026-02-02 09:09:36,777 - INFO - Oracle trials: 1000 (50 patterns × 10 trials)
2026-02-02 09:09:36,777 - INFO - Sample trials: 4000
2026-02-02 09:09:36,779 - INFO - Train: 3400, Val: 600, Test: 1000
2026-02-02 09:09:36,779 - INFO - Dataset config: bin_size=10ms, n_input_bins=1, n_output_bins=6, output_offset=0
2026-02-02 09:09:52,635 - INFO - BinnedStimSpikeDataset initialized:
2026-02-02 09:09:52,638 - INFO -   bin_size_ms=10, n_input_bins=1, n_output_bins=6
2026-02-02 09:09:52,638 - INFO -   output_offset=0, total_bins per trial=60
2026-02-02 09:09:52,638 - INFO -   Valid start positions per trial: 0 to 54
2026-02-02 09:09:52,639 - INFO -   Total samples: 187000 (3400 trials × 55 positions)
2026-02-02 09:10:07,455 - INFO - BinnedStimSpikeDataset initialized:
2026-02-02 09:10:07,456 - INFO -   bin_size_ms=10, n_input_bins=1, n_output_bins=6
2026-02-02 09:10:07,456 - INFO -   output_offset=0, total_bins per trial=60
2026-02-02 09:10:07,457 - INFO -   Valid start positions per trial: 0 to 54
2026-02-02 09:10:07,457 - INFO -   Total samples: 33000 (600 trials × 55 positions)
2026-02-02 09:10:22,381 - INFO - BinnedStimSpikeDataset initialized:
2026-02-02 09:10:22,382 - INFO -   bin_size_ms=10, n_input_bins=1, n_output_bins=6
2026-02-02 09:10:22,383 - INFO -   output_offset=0, total_bins per trial=60
2026-02-02 09:10:22,383 - INFO -   Valid start positions per trial: 0 to 54
2026-02-02 09:10:22,383 - INFO -   Total samples: 55000 (1000 trials × 55 positions)
2026-02-02 09:10:22,385 - INFO - Train samples: 187000, Val samples: 33000, Test samples: 55000
2026-02-02 09:10:22,385 - INFO - Train batches: 1461, Val batches: 258, Test batches: 430
2026-02-02 09:10:22,386 - INFO - Number of stimulation channels: 42
2026-02-02 09:10:22,386 - INFO - Number of recorded neurons: 63
2026-02-02 09:10:22,388 - INFO - Sample X shape: torch.Size([42, 1]) (n_channels, n_input_bins)
2026-02-02 09:10:22,388 - INFO - Sample Y shape: torch.Size([63, 6]) (n_neurons, n_output_bins)
2026-02-02 09:10:22,410 - INFO - Using Apple Silicon MPS acceleration
2026-02-02 09:10:22,410 - INFO - PyTorch version: 2.10.0.dev20251124
2026-02-02 09:10:22,411 - INFO - Device: mps
2026-02-02 09:10:22,412 - INFO - Saved experiment config to results/binned_2026-02-02_09-09-36/config.json
2026-02-02 09:10:28,494 - INFO - Saved spike distribution plot (counts mode) to results/binned_2026-02-02_09-09-36/train_spike_distribution_counts.png
2026-02-02 09:10:33,460 - INFO - Saved spike distribution plot (binary mode) to results/binned_2026-02-02_09-09-36/train_spike_distribution_binary.png
2026-02-02 09:10:34,286 - INFO - Model: CNN
2026-02-02 09:10:34,286 - INFO -   Embedding: 5 categories -> 32-dim vectors
2026-02-02 09:10:34,287 - INFO -   Hidden layers: [128, 64]
2026-02-02 09:10:34,287 - INFO -   Dropout: 0.2
2026-02-02 09:10:34,288 - INFO -   Total parameters: 196,442
2026-02-02 09:10:34,288 - INFO -   Trainable parameters: 196,442
2026-02-02 09:10:34,462 - INFO - Input shape: torch.Size([128, 42, 1]), dtype: torch.int64
2026-02-02 09:10:34,462 - INFO - Output shape: torch.Size([128, 63, 6])
2026-02-02 09:10:34,463 - INFO - Target shape: torch.Size([128, 63, 6])
2026-02-02 09:10:34,463 - INFO - ✓ Output and target shapes match!
2026-02-02 09:10:34,463 - INFO - Sample model outputs (first batch):
2026-02-02 09:10:34,464 - INFO - Sample 0 target (neuron 4, all output bins): [0. 0. 0. 0. 0. 0.]
2026-02-02 09:10:34,464 - INFO - Sample 1 target (neuron 4, all output bins): [0. 0. 0. 0. 0. 0.]
2026-02-02 09:10:34,465 - INFO - Sample 2 target (neuron 4, all output bins): [0. 0. 0. 0. 0. 0.]
2026-02-02 09:10:34,465 - INFO - Sample 3 target (neuron 4, all output bins): [0. 0. 1. 0. 0. 0.]
2026-02-02 09:10:34,465 - INFO - Sample 4 target (neuron 4, all output bins): [0. 0. 0. 1. 0. 0.]
2026-02-02 09:10:34,467 - INFO - Sample 0 model output (neuron 4, all output bins): [-13.763638 -13.814563 -13.844033 -13.830806 -13.830713 -13.834591]
2026-02-02 09:10:34,467 - INFO - Sample 1 model output (neuron 4, all output bins): [-13.759756 -13.796078 -13.835385 -13.811811 -13.822535 -13.807553]
2026-02-02 09:10:34,468 - INFO - Sample 2 model output (neuron 4, all output bins): [-13.796169 -13.8227   -13.823778 -13.814679 -13.813529 -13.820875]
2026-02-02 09:10:34,468 - INFO - Sample 3 model output (neuron 4, all output bins): [-13.784766  -13.7977295 -13.810233  -13.810367  -13.818569  -13.814024 ]
2026-02-02 09:10:34,469 - INFO - Sample 4 model output (neuron 4, all output bins): [-13.775325 -13.804781 -13.830097 -13.809982 -13.797456 -13.800012]
2026-02-02 09:10:35,228 - INFO - Starting training...
2026-02-02 09:10:35,228 - INFO - ==================================================
2026-02-02 09:11:21,459 - INFO - Epoch   1/50 | Train Loss: 0.269446 | Val Loss: 0.251904 | Val Corr: 0.121834 | LR: 1.00e-03
2026-02-02 09:11:21,469 - INFO - Saved best model to results/binned_2026-02-02_09-09-36/best_stim_spike_model.pt
2026-02-02 09:12:06,668 - INFO - Epoch   2/50 | Train Loss: 0.254535 | Val Loss: 0.249416 | Val Corr: 0.122842 | LR: 1.00e-03
2026-02-02 09:12:06,676 - INFO - Saved best model to results/binned_2026-02-02_09-09-36/best_stim_spike_model.pt
2026-02-02 09:12:51,952 - INFO - Epoch   3/50 | Train Loss: 0.254072 | Val Loss: 0.256597 | Val Corr: 0.120303 | LR: 1.00e-03
2026-02-02 09:13:37,286 - INFO - Epoch   4/50 | Train Loss: 0.253688 | Val Loss: 0.251080 | Val Corr: 0.124800 | LR: 1.00e-03
2026-02-02 09:13:37,305 - INFO - Saved best model to results/binned_2026-02-02_09-09-36/best_stim_spike_model.pt
2026-02-02 09:14:22,438 - INFO - Epoch   5/50 | Train Loss: 0.253393 | Val Loss: 0.249249 | Val Corr: 0.123799 | LR: 1.00e-03
2026-02-02 09:15:07,759 - INFO - Epoch   6/50 | Train Loss: 0.253047 | Val Loss: 0.250099 | Val Corr: 0.125615 | LR: 1.00e-03
2026-02-02 09:15:07,767 - INFO - Saved best model to results/binned_2026-02-02_09-09-36/best_stim_spike_model.pt
2026-02-02 09:15:53,137 - INFO - Epoch   7/50 | Train Loss: 0.252971 | Val Loss: 0.254776 | Val Corr: 0.124077 | LR: 1.00e-03
2026-02-02 09:16:38,542 - INFO - Epoch   8/50 | Train Loss: 0.252706 | Val Loss: 0.250974 | Val Corr: 0.124818 | LR: 1.00e-03
2026-02-02 09:17:24,043 - INFO - Epoch   9/50 | Train Loss: 0.252589 | Val Loss: 0.251577 | Val Corr: 0.124308 | LR: 1.00e-03
2026-02-02 09:18:09,392 - INFO - Epoch  10/50 | Train Loss: 0.252438 | Val Loss: 0.249018 | Val Corr: 0.123980 | LR: 1.00e-03
2026-02-02 09:18:54,883 - INFO - Epoch  11/50 | Train Loss: 0.252257 | Val Loss: 0.248864 | Val Corr: 0.126059 | LR: 1.00e-03
2026-02-02 09:18:54,903 - INFO - Saved best model to results/binned_2026-02-02_09-09-36/best_stim_spike_model.pt
2026-02-02 09:19:40,507 - INFO - Epoch  12/50 | Train Loss: 0.252001 | Val Loss: 0.249801 | Val Corr: 0.124454 | LR: 1.00e-03
2026-02-02 09:20:25,834 - INFO - Epoch  13/50 | Train Loss: 0.251975 | Val Loss: 0.249357 | Val Corr: 0.126023 | LR: 1.00e-03
2026-02-02 09:21:11,705 - INFO - Epoch  14/50 | Train Loss: 0.251754 | Val Loss: 0.248732 | Val Corr: 0.125349 | LR: 1.00e-03
2026-02-02 09:21:57,105 - INFO - Epoch  15/50 | Train Loss: 0.251582 | Val Loss: 0.248767 | Val Corr: 0.125457 | LR: 1.00e-03
2026-02-02 09:22:42,617 - INFO - Epoch  16/50 | Train Loss: 0.251399 | Val Loss: 0.248763 | Val Corr: 0.125475 | LR: 1.00e-03
2026-02-02 09:23:28,384 - INFO - Epoch  17/50 | Train Loss: 0.251265 | Val Loss: 0.249184 | Val Corr: 0.125722 | LR: 1.00e-03
2026-02-02 09:24:14,173 - INFO - Epoch  18/50 | Train Loss: 0.251136 | Val Loss: 0.249535 | Val Corr: 0.126365 | LR: 1.00e-03
2026-02-02 09:24:14,200 - INFO - Saved best model to results/binned_2026-02-02_09-09-36/best_stim_spike_model.pt
2026-02-02 09:24:59,688 - INFO - Epoch  19/50 | Train Loss: 0.251078 | Val Loss: 0.250115 | Val Corr: 0.125333 | LR: 1.00e-03
2026-02-02 09:25:45,543 - INFO - Epoch  20/50 | Train Loss: 0.250896 | Val Loss: 0.248725 | Val Corr: 0.126157 | LR: 5.00e-04
2026-02-02 09:26:31,457 - INFO - Epoch  21/50 | Train Loss: 0.250584 | Val Loss: 0.249403 | Val Corr: 0.127162 | LR: 5.00e-04
2026-02-02 09:26:31,470 - INFO - Saved best model to results/binned_2026-02-02_09-09-36/best_stim_spike_model.pt
2026-02-02 09:27:16,908 - INFO - Epoch  22/50 | Train Loss: 0.250444 | Val Loss: 0.248578 | Val Corr: 0.126885 | LR: 5.00e-04
2026-02-02 09:28:02,392 - INFO - Epoch  23/50 | Train Loss: 0.250412 | Val Loss: 0.248799 | Val Corr: 0.127055 | LR: 5.00e-04
2026-02-02 09:28:48,182 - INFO - Epoch  24/50 | Train Loss: 0.250343 | Val Loss: 0.248502 | Val Corr: 0.126667 | LR: 5.00e-04
2026-02-02 09:29:33,948 - INFO - Epoch  25/50 | Train Loss: 0.250262 | Val Loss: 0.248721 | Val Corr: 0.126781 | LR: 5.00e-04
2026-02-02 09:30:19,510 - INFO - Epoch  26/50 | Train Loss: 0.250133 | Val Loss: 0.249185 | Val Corr: 0.126780 | LR: 5.00e-04
2026-02-02 09:31:04,987 - INFO - Epoch  27/50 | Train Loss: 0.250236 | Val Loss: 0.248793 | Val Corr: 0.126780 | LR: 5.00e-04
2026-02-02 09:31:50,386 - INFO - Epoch  28/50 | Train Loss: 0.250186 | Val Loss: 0.249146 | Val Corr: 0.126740 | LR: 5.00e-04
2026-02-02 09:32:35,928 - INFO - Epoch  29/50 | Train Loss: 0.250090 | Val Loss: 0.248787 | Val Corr: 0.126577 | LR: 5.00e-04
2026-02-02 09:33:21,464 - INFO - Epoch  30/50 | Train Loss: 0.250028 | Val Loss: 0.249455 | Val Corr: 0.126354 | LR: 2.50e-04
2026-02-02 09:34:06,760 - INFO - Epoch  31/50 | Train Loss: 0.249847 | Val Loss: 0.249046 | Val Corr: 0.126228 | LR: 2.50e-04
2026-02-02 09:34:06,761 - INFO - Early stopping at epoch 31
2026-02-02 09:34:06,762 - INFO - ==================================================
2026-02-02 09:34:06,762 - INFO - Training complete! Best validation correlation: 0.127162
2026-02-02 09:34:06,763 - INFO - Saved training history to results/binned_2026-02-02_09-09-36/training_history.json
2026-02-02 09:34:13,530 - INFO - Correlation between predicted and actual per-neuron averages: r=0.9966, p=7.78e-68
2026-02-02 09:34:15,170 - INFO - Pattern selectivity summary:
2026-02-02 09:34:15,170 - INFO -   Mean correlation across neurons: 0.1128
2026-02-02 09:34:15,171 - INFO -   Median correlation: 0.1323
2026-02-02 09:34:15,171 - INFO -   Neurons with r > 0.5: 0 / 63
2026-02-02 09:34:15,172 - INFO -   Neurons with r > 0.3: 4 / 63
2026-02-02 09:34:15,301 - INFO - 
Pattern selectivity summary:
2026-02-02 09:34:15,301 - INFO -   Mean correlation across neurons: 0.1128
2026-02-02 09:34:15,302 - INFO -   Median correlation: 0.1323
2026-02-02 09:34:15,302 - INFO -   Neurons with r > 0.5: 0 / 63
2026-02-02 09:34:15,302 - INFO -   Neurons with r > 0.3: 4 / 63
2026-02-02 09:34:15,328 - INFO - Sample model outputs (first batch):
2026-02-02 09:34:15,329 - INFO - Sample 0 target (neuron 4, all output bins): [0. 0. 0. 0. 0. 0.]
2026-02-02 09:34:15,330 - INFO - Sample 0 model output (neuron 4, all output bins): [-13.861098 -13.801943 -13.832915 -13.813467 -13.760774 -13.807453]
2026-02-02 09:34:16,130 - INFO - Found 50 oracle patterns
2026-02-02 09:34:16,130 - INFO - Using bin_size=10ms, n_input_bins=1, n_output_bins=6, output_offset=0
2026-02-02 09:34:16,131 - INFO - Total bins: 60, Valid input positions: 0 to 54
2026-02-02 09:34:16,470 - INFO - Saved pattern 4033 trial 0 figure to results/binned_2026-02-02_09-09-36/oracle_trials_by_pattern/pattern_4033/trial_00_timing_0.jpg
2026-02-02 09:34:22,430 - INFO - Completed pattern 4033 (1/50)
2026-02-02 09:34:22,740 - INFO - Saved pattern 4017 trial 0 figure to results/binned_2026-02-02_09-09-36/oracle_trials_by_pattern/pattern_4017/trial_00_timing_1.jpg
2026-02-02 09:34:28,775 - INFO - Completed pattern 4017 (2/50)
2026-02-02 09:34:29,081 - INFO - Saved pattern 4028 trial 0 figure to results/binned_2026-02-02_09-09-36/oracle_trials_by_pattern/pattern_4028/trial_00_timing_2.jpg
2026-02-02 09:34:34,973 - INFO - Completed pattern 4028 (3/50)
2026-02-02 09:34:34,974 - INFO - Pattern limit of 3 reached, stopping.
2026-02-02 09:34:34,974 - INFO - Saved all oracle pattern figures to results/binned_2026-02-02_09-09-36/oracle_trials_by_pattern
2026-02-02 09:34:35,013 - INFO - Input shape: torch.Size([128, 42, 1]), dtype: torch.int64
2026-02-02 09:34:35,014 - INFO - Output shape: torch.Size([128, 63, 6])
2026-02-02 09:34:35,014 - INFO - Target shape: torch.Size([128, 63, 6])
2026-02-02 09:34:35,015 - INFO - ✓ Output and target shapes match!
2026-02-02 09:34:35,015 - INFO - Sample model outputs (first batch):
2026-02-02 09:34:35,015 - INFO - Sample 0 target (neuron 4, all output bins): [0. 0. 0. 0. 0. 0.]
2026-02-02 09:34:35,016 - INFO - Sample 1 target (neuron 4, all output bins): [0. 0. 0. 0. 0. 0.]
2026-02-02 09:34:35,016 - INFO - Sample 2 target (neuron 4, all output bins): [0. 0. 0. 1. 0. 0.]
2026-02-02 09:34:35,017 - INFO - Sample 3 target (neuron 4, all output bins): [0. 0. 0. 1. 0. 0.]
2026-02-02 09:34:35,018 - INFO - Sample 4 target (neuron 4, all output bins): [0. 0. 1. 0. 0. 0.]
2026-02-02 09:34:35,020 - INFO - Sample 0 model output (neuron 4, all output bins): [0.11042995 0.11658723 0.10706545 0.11917152 0.12169801 0.13040897]
2026-02-02 09:34:35,021 - INFO - Sample 1 model output (neuron 4, all output bins): [0.10784458 0.11379149 0.10484303 0.11644788 0.11894669 0.12701382]
2026-02-02 09:34:35,022 - INFO - Sample 2 model output (neuron 4, all output bins): [0.10938755 0.11518522 0.10537983 0.11772046 0.12010916 0.12962756]
2026-02-02 09:34:35,023 - INFO - Sample 3 model output (neuron 4, all output bins): [0.10938755 0.11518522 0.10537983 0.11772046 0.12010916 0.12962756]
2026-02-02 09:34:35,025 - INFO - Sample 4 model output (neuron 4, all output bins): [0.11638349 0.12311141 0.11305756 0.125797   0.12851335 0.137407  ]
2026-02-02 14:41:32,557 - INFO - Building stim pattern for pattern_name 4033
2026-02-02 14:41:32,570 - INFO - Building stim pattern for pattern_name 4017
2026-02-02 14:41:32,580 - INFO - Building stim pattern for pattern_name 4028
2026-02-02 14:41:32,591 - INFO - Building stim pattern for pattern_name 2739
2026-02-02 14:41:32,603 - INFO - Building stim pattern for pattern_name 4003
2026-02-02 14:41:32,613 - INFO - Building stim pattern for pattern_name 3514
2026-02-02 14:41:32,624 - INFO - Building stim pattern for pattern_name 91
2026-02-02 14:41:32,636 - INFO - Building stim pattern for pattern_name 617
2026-02-02 14:41:32,645 - INFO - Building stim pattern for pattern_name 3852
2026-02-02 14:41:32,661 - INFO - Building stim pattern for pattern_name 4025
2026-02-02 14:41:32,673 - INFO - Building stim pattern for pattern_name 3219
2026-02-02 14:41:32,683 - INFO - Building stim pattern for pattern_name 3708
2026-02-02 14:41:32,693 - INFO - Building stim pattern for pattern_name 2977
2026-02-02 14:41:32,705 - INFO - Building stim pattern for pattern_name 399
2026-02-02 14:41:32,715 - INFO - Building stim pattern for pattern_name 3495
2026-02-02 14:41:32,725 - INFO - Building stim pattern for pattern_name 535
2026-02-02 14:41:32,737 - INFO - Building stim pattern for pattern_name 522
2026-02-02 14:41:32,748 - INFO - Building stim pattern for pattern_name 3430
2026-02-02 14:41:32,759 - INFO - Building stim pattern for pattern_name 4004
2026-02-02 14:41:32,771 - INFO - Building stim pattern for pattern_name 1001
2026-02-02 14:41:32,784 - INFO - Building stim pattern for pattern_name 244
2026-02-02 14:41:32,794 - INFO - Building stim pattern for pattern_name 1209
2026-02-02 14:41:32,805 - INFO - Building stim pattern for pattern_name 858
2026-02-02 14:41:32,817 - INFO - Building stim pattern for pattern_name 2446
2026-02-02 14:41:32,826 - INFO - Building stim pattern for pattern_name 623
2026-02-02 14:41:32,837 - INFO - Building stim pattern for pattern_name 1578
2026-02-02 14:41:32,847 - INFO - Building stim pattern for pattern_name 1268
2026-02-02 14:41:32,857 - INFO - Building stim pattern for pattern_name 47
2026-02-02 14:41:32,867 - INFO - Building stim pattern for pattern_name 1768
2026-02-02 14:41:32,877 - INFO - Building stim pattern for pattern_name 2971
2026-02-02 14:41:32,888 - INFO - Building stim pattern for pattern_name 3515
2026-02-02 14:41:32,897 - INFO - Building stim pattern for pattern_name 238
2026-02-02 14:41:32,907 - INFO - Building stim pattern for pattern_name 90
2026-02-02 14:41:32,917 - INFO - Building stim pattern for pattern_name 2509
2026-02-02 14:41:32,926 - INFO - Building stim pattern for pattern_name 695
2026-02-02 14:41:32,936 - INFO - Building stim pattern for pattern_name 369
2026-02-02 14:41:32,945 - INFO - Building stim pattern for pattern_name 596
2026-02-02 14:41:32,956 - INFO - Building stim pattern for pattern_name 2055
2026-02-02 14:41:32,967 - INFO - Building stim pattern for pattern_name 4040
2026-02-02 14:41:32,975 - INFO - Building stim pattern for pattern_name 2275
2026-02-02 14:41:32,985 - INFO - Building stim pattern for pattern_name 784
2026-02-02 14:41:32,994 - INFO - Building stim pattern for pattern_name 373
2026-02-02 14:41:33,016 - INFO - Building stim pattern for pattern_name 43
2026-02-02 14:41:33,026 - INFO - Building stim pattern for pattern_name 3162
2026-02-02 14:41:33,037 - INFO - Building stim pattern for pattern_name 3934
2026-02-02 14:41:33,046 - INFO - Building stim pattern for pattern_name 3718
2026-02-02 14:41:33,056 - INFO - Building stim pattern for pattern_name 2046
2026-02-02 14:41:33,066 - INFO - Building stim pattern for pattern_name 3660
2026-02-02 14:41:33,075 - INFO - Building stim pattern for pattern_name 2329
2026-02-02 14:41:33,087 - INFO - Building stim pattern for pattern_name 1278
2026-02-02 14:41:33,098 - INFO - Building stim pattern for pattern_name 3361
2026-02-02 14:41:33,108 - INFO - Building stim pattern for pattern_name 277
2026-02-02 14:41:33,118 - INFO - Building stim pattern for pattern_name 2556
2026-02-02 14:41:33,128 - INFO - Building stim pattern for pattern_name 3010
2026-02-02 14:41:33,139 - INFO - Building stim pattern for pattern_name 4038
2026-02-02 14:41:33,149 - INFO - Building stim pattern for pattern_name 1626
2026-02-02 14:41:33,159 - INFO - Building stim pattern for pattern_name 2212
2026-02-02 14:41:33,169 - INFO - Building stim pattern for pattern_name 2428
2026-02-02 14:41:33,180 - INFO - Building stim pattern for pattern_name 840
2026-02-02 14:41:33,190 - INFO - Building stim pattern for pattern_name 4022
2026-02-02 14:41:33,201 - INFO - Building stim pattern for pattern_name 2597
2026-02-02 14:41:33,211 - INFO - Building stim pattern for pattern_name 2560
2026-02-02 14:41:33,220 - INFO - Building stim pattern for pattern_name 3531
2026-02-02 14:41:33,228 - INFO - Building stim pattern for pattern_name 3288
2026-02-02 14:41:33,237 - INFO - Building stim pattern for pattern_name 3119
2026-02-02 14:41:33,246 - INFO - Building stim pattern for pattern_name 776
2026-02-02 14:41:33,255 - INFO - Building stim pattern for pattern_name 3074
2026-02-02 14:41:33,265 - INFO - Building stim pattern for pattern_name 2100
2026-02-02 14:41:33,272 - INFO - Building stim pattern for pattern_name 449
2026-02-02 14:41:33,282 - INFO - Building stim pattern for pattern_name 716
2026-02-02 14:41:33,291 - INFO - Building stim pattern for pattern_name 4034
2026-02-02 14:41:33,301 - INFO - Building stim pattern for pattern_name 3365
2026-02-02 14:41:33,310 - INFO - Building stim pattern for pattern_name 1181
2026-02-02 14:41:33,321 - INFO - Building stim pattern for pattern_name 4030
2026-02-02 14:41:33,331 - INFO - Building stim pattern for pattern_name 4031
2026-02-02 14:41:33,343 - INFO - Building stim pattern for pattern_name 1296
2026-02-02 14:41:33,353 - INFO - Building stim pattern for pattern_name 814
2026-02-02 14:41:33,362 - INFO - Building stim pattern for pattern_name 4005
2026-02-02 14:41:33,372 - INFO - Building stim pattern for pattern_name 3584
2026-02-02 14:41:33,381 - INFO - Building stim pattern for pattern_name 570
2026-02-02 14:41:33,391 - INFO - Building stim pattern for pattern_name 2649
2026-02-02 14:41:33,399 - INFO - Building stim pattern for pattern_name 962
2026-02-02 14:41:33,408 - INFO - Building stim pattern for pattern_name 4
2026-02-02 14:41:33,418 - INFO - Building stim pattern for pattern_name 2240
2026-02-02 14:41:33,427 - INFO - Building stim pattern for pattern_name 2929
2026-02-02 14:41:33,436 - INFO - Building stim pattern for pattern_name 345
2026-02-02 14:41:33,445 - INFO - Building stim pattern for pattern_name 3545
2026-02-02 14:41:33,455 - INFO - Building stim pattern for pattern_name 1590
2026-02-02 14:41:33,465 - INFO - Building stim pattern for pattern_name 3243
2026-02-02 14:41:33,475 - INFO - Building stim pattern for pattern_name 3251
2026-02-02 14:41:33,485 - INFO - Building stim pattern for pattern_name 1261
2026-02-02 14:41:33,495 - INFO - Building stim pattern for pattern_name 3792
2026-02-02 14:41:33,509 - INFO - Building stim pattern for pattern_name 4010
2026-02-02 14:41:33,519 - INFO - Building stim pattern for pattern_name 3475
2026-02-02 14:41:33,529 - INFO - Building stim pattern for pattern_name 1583
2026-02-02 14:41:33,539 - INFO - Building stim pattern for pattern_name 2987
2026-02-02 14:41:33,558 - INFO - Building stim pattern for pattern_name 1373
2026-02-02 14:41:33,568 - INFO - Building stim pattern for pattern_name 670
2026-02-02 14:41:33,579 - INFO - Building stim pattern for pattern_name 2630
2026-02-02 14:41:33,590 - INFO - Building stim pattern for pattern_name 566
2026-02-02 14:41:33,599 - INFO - Building stim pattern for pattern_name 1389
2026-02-02 14:41:33,614 - INFO - Building stim pattern for pattern_name 2721
2026-02-02 14:41:33,624 - INFO - Building stim pattern for pattern_name 2260
2026-02-02 14:41:33,634 - INFO - Building stim pattern for pattern_name 2022
2026-02-02 14:41:33,644 - INFO - Building stim pattern for pattern_name 4039
2026-02-02 14:41:33,654 - INFO - Building stim pattern for pattern_name 1930
2026-02-02 14:41:33,664 - INFO - Building stim pattern for pattern_name 738
2026-02-02 14:41:33,674 - INFO - Building stim pattern for pattern_name 2002
2026-02-02 14:41:33,683 - INFO - Building stim pattern for pattern_name 3454
2026-02-02 14:41:33,693 - INFO - Building stim pattern for pattern_name 408
2026-02-02 14:41:33,703 - INFO - Building stim pattern for pattern_name 4002
2026-02-02 14:41:33,721 - INFO - Building stim pattern for pattern_name 227
2026-02-02 14:41:33,734 - INFO - Building stim pattern for pattern_name 3404
2026-02-02 14:41:33,746 - INFO - Building stim pattern for pattern_name 10
2026-02-02 14:41:33,757 - INFO - Building stim pattern for pattern_name 2714
2026-02-02 14:41:33,768 - INFO - Building stim pattern for pattern_name 4026
2026-02-02 14:41:33,781 - INFO - Building stim pattern for pattern_name 3755
2026-02-02 14:41:33,791 - INFO - Building stim pattern for pattern_name 1052
2026-02-02 14:41:33,812 - INFO - Building stim pattern for pattern_name 258
2026-02-02 14:41:33,825 - INFO - Building stim pattern for pattern_name 576
2026-02-02 14:41:33,837 - INFO - Building stim pattern for pattern_name 1895
2026-02-02 14:41:33,848 - INFO - Building stim pattern for pattern_name 1455
2026-02-02 14:41:33,858 - INFO - Building stim pattern for pattern_name 1439
2026-02-02 14:41:33,868 - INFO - Building stim pattern for pattern_name 2933
2026-02-02 14:41:33,878 - INFO - Building stim pattern for pattern_name 1325
2026-02-02 14:41:33,889 - INFO - Building stim pattern for pattern_name 3610
2026-02-02 14:41:33,900 - INFO - Building stim pattern for pattern_name 3601
2026-02-02 14:41:33,913 - INFO - Building stim pattern for pattern_name 3022
2026-02-02 14:41:33,923 - INFO - Building stim pattern for pattern_name 1312
2026-02-02 14:41:33,933 - INFO - Building stim pattern for pattern_name 1654
2026-02-02 14:41:33,944 - INFO - Building stim pattern for pattern_name 2031
2026-02-02 14:41:33,956 - INFO - Building stim pattern for pattern_name 1564
2026-02-02 14:41:33,973 - INFO - Building stim pattern for pattern_name 3398
2026-02-02 14:41:33,982 - INFO - Building stim pattern for pattern_name 4047
2026-02-02 14:41:33,993 - INFO - Building stim pattern for pattern_name 4036
2026-02-02 14:41:34,003 - INFO - Building stim pattern for pattern_name 727
2026-02-02 14:41:34,013 - INFO - Building stim pattern for pattern_name 263
2026-02-02 14:41:34,024 - INFO - Building stim pattern for pattern_name 2402
2026-02-02 14:41:34,035 - INFO - Building stim pattern for pattern_name 4020
2026-02-02 14:41:34,046 - INFO - Building stim pattern for pattern_name 4049
2026-02-02 14:41:34,056 - INFO - Building stim pattern for pattern_name 4029
2026-02-02 14:41:34,066 - INFO - Building stim pattern for pattern_name 3641
2026-02-02 14:41:34,077 - INFO - Building stim pattern for pattern_name 501
2026-02-02 14:41:34,088 - INFO - Building stim pattern for pattern_name 3574
2026-02-02 14:41:34,099 - INFO - Building stim pattern for pattern_name 2214
2026-02-02 14:41:34,110 - INFO - Building stim pattern for pattern_name 543
2026-02-02 14:41:34,120 - INFO - Building stim pattern for pattern_name 4044
2026-02-02 14:41:34,131 - INFO - Building stim pattern for pattern_name 2058
2026-02-02 14:41:34,142 - INFO - Building stim pattern for pattern_name 4012
2026-02-02 14:41:34,152 - INFO - Building stim pattern for pattern_name 1565
2026-02-02 14:41:34,161 - INFO - Building stim pattern for pattern_name 3892
2026-02-02 14:41:34,171 - INFO - Building stim pattern for pattern_name 2481
2026-02-02 14:41:34,181 - INFO - Building stim pattern for pattern_name 334
2026-02-02 14:41:34,192 - INFO - Building stim pattern for pattern_name 2102
2026-02-02 14:41:34,203 - INFO - Building stim pattern for pattern_name 3316
2026-02-02 14:41:34,220 - INFO - Building stim pattern for pattern_name 4037
2026-02-02 14:41:34,231 - INFO - Building stim pattern for pattern_name 1577
2026-02-02 14:41:34,240 - INFO - Building stim pattern for pattern_name 4045
2026-02-02 14:41:34,251 - INFO - Building stim pattern for pattern_name 394
2026-02-02 14:41:34,260 - INFO - Building stim pattern for pattern_name 1252
2026-02-02 14:41:34,270 - INFO - Building stim pattern for pattern_name 870
2026-02-02 14:41:34,287 - INFO - Building stim pattern for pattern_name 1892
2026-02-02 14:41:34,296 - INFO - Building stim pattern for pattern_name 1727
2026-02-02 14:41:34,308 - INFO - Building stim pattern for pattern_name 175
2026-02-02 14:41:34,324 - INFO - Building stim pattern for pattern_name 285
2026-02-02 14:41:34,335 - INFO - Building stim pattern for pattern_name 560
2026-02-02 14:41:34,351 - INFO - Building stim pattern for pattern_name 2111
2026-02-02 14:41:34,362 - INFO - Building stim pattern for pattern_name 3690
2026-02-02 14:41:34,372 - INFO - Building stim pattern for pattern_name 2901
2026-02-02 14:41:34,381 - INFO - Building stim pattern for pattern_name 77
2026-02-02 14:41:34,392 - INFO - Building stim pattern for pattern_name 3692
2026-02-02 14:41:34,403 - INFO - Building stim pattern for pattern_name 3193
2026-02-02 14:41:34,413 - INFO - Building stim pattern for pattern_name 896
2026-02-02 14:41:34,424 - INFO - Building stim pattern for pattern_name 2138
2026-02-02 14:41:34,435 - INFO - Building stim pattern for pattern_name 1822
2026-02-02 14:41:34,446 - INFO - Building stim pattern for pattern_name 2381
2026-02-02 14:41:34,456 - INFO - Building stim pattern for pattern_name 2717
2026-02-02 14:41:34,468 - INFO - Building stim pattern for pattern_name 4014
2026-02-02 14:41:34,480 - INFO - Building stim pattern for pattern_name 481
2026-02-02 14:41:34,496 - INFO - Building stim pattern for pattern_name 2091
2026-02-02 14:41:34,507 - INFO - Building stim pattern for pattern_name 2664
2026-02-02 14:41:34,520 - INFO - Building stim pattern for pattern_name 3013
2026-02-02 14:41:34,532 - INFO - Building stim pattern for pattern_name 463
2026-02-02 14:41:34,542 - INFO - Building stim pattern for pattern_name 707
2026-02-02 14:41:34,553 - INFO - Building stim pattern for pattern_name 3307
2026-02-02 14:41:34,562 - INFO - Building stim pattern for pattern_name 4015
2026-02-02 14:41:34,581 - INFO - Building stim pattern for pattern_name 3803
2026-02-02 14:41:34,593 - INFO - Building stim pattern for pattern_name 4023
2026-02-02 14:41:34,602 - INFO - Building stim pattern for pattern_name 2383
2026-02-02 14:41:34,610 - INFO - Building stim pattern for pattern_name 3612
2026-02-02 14:41:34,628 - INFO - Building stim pattern for pattern_name 1697
2026-02-02 14:41:34,638 - INFO - Building stim pattern for pattern_name 3728
2026-02-02 14:41:34,648 - INFO - Building stim pattern for pattern_name 4048
2026-02-02 14:41:34,658 - INFO - Building stim pattern for pattern_name 3467
2026-02-02 14:41:34,668 - INFO - Building stim pattern for pattern_name 1574
2026-02-02 14:41:34,679 - INFO - Building stim pattern for pattern_name 862
2026-02-02 14:41:34,688 - INFO - Building stim pattern for pattern_name 3815
2026-02-02 14:41:34,699 - INFO - Building stim pattern for pattern_name 1971
2026-02-02 14:41:34,708 - INFO - Building stim pattern for pattern_name 2552
2026-02-02 14:41:34,719 - INFO - Building stim pattern for pattern_name 1106
2026-02-02 14:41:34,731 - INFO - Building stim pattern for pattern_name 4011
2026-02-02 14:41:34,741 - INFO - Building stim pattern for pattern_name 1169
2026-02-02 14:41:34,750 - INFO - Building stim pattern for pattern_name 2064
2026-02-02 14:41:34,761 - INFO - Building stim pattern for pattern_name 842
2026-02-02 14:41:34,771 - INFO - Building stim pattern for pattern_name 1291
2026-02-02 14:41:34,780 - INFO - Building stim pattern for pattern_name 1010
2026-02-02 14:41:34,788 - INFO - Building stim pattern for pattern_name 2060
2026-02-02 14:41:34,803 - INFO - Building stim pattern for pattern_name 446
2026-02-02 14:41:34,813 - INFO - Building stim pattern for pattern_name 2079
2026-02-02 14:41:34,824 - INFO - Building stim pattern for pattern_name 1757
2026-02-02 14:41:34,834 - INFO - Building stim pattern for pattern_name 2970
2026-02-02 14:41:34,846 - INFO - Building stim pattern for pattern_name 2644
2026-02-02 14:41:34,857 - INFO - Building stim pattern for pattern_name 3990
2026-02-02 14:41:34,869 - INFO - Building stim pattern for pattern_name 3640
2026-02-02 14:41:34,879 - INFO - Building stim pattern for pattern_name 1082
2026-02-02 14:41:34,889 - INFO - Building stim pattern for pattern_name 2042
2026-02-02 14:41:34,901 - INFO - Building stim pattern for pattern_name 95
2026-02-02 14:41:34,910 - INFO - Building stim pattern for pattern_name 2950
2026-02-02 14:41:34,921 - INFO - Building stim pattern for pattern_name 426
2026-02-02 14:41:34,930 - INFO - Building stim pattern for pattern_name 1850
2026-02-02 14:41:34,940 - INFO - Building stim pattern for pattern_name 75
2026-02-02 14:41:34,950 - INFO - Building stim pattern for pattern_name 2924
2026-02-02 14:41:34,965 - INFO - Building stim pattern for pattern_name 2441
2026-02-02 14:41:34,975 - INFO - Building stim pattern for pattern_name 3549
2026-02-02 14:41:34,985 - INFO - Building stim pattern for pattern_name 2675
2026-02-02 14:41:35,002 - INFO - Building stim pattern for pattern_name 2725
2026-02-02 14:41:35,011 - INFO - Building stim pattern for pattern_name 1870
2026-02-02 14:41:35,022 - INFO - Building stim pattern for pattern_name 2451
2026-02-02 14:41:35,033 - INFO - Building stim pattern for pattern_name 3724
2026-02-02 14:41:35,043 - INFO - Building stim pattern for pattern_name 3249
2026-02-02 14:41:35,054 - INFO - Building stim pattern for pattern_name 3699
2026-02-02 14:41:35,067 - INFO - Building stim pattern for pattern_name 3552
2026-02-02 14:41:35,079 - INFO - Building stim pattern for pattern_name 4019
2026-02-02 14:41:35,089 - INFO - Building stim pattern for pattern_name 3991
2026-02-02 14:41:35,103 - INFO - Building stim pattern for pattern_name 947
2026-02-02 14:41:35,114 - INFO - Building stim pattern for pattern_name 3400
2026-02-02 14:41:35,124 - INFO - Building stim pattern for pattern_name 1872
2026-02-02 14:41:35,134 - INFO - Building stim pattern for pattern_name 2998
2026-02-02 14:41:35,144 - INFO - Building stim pattern for pattern_name 279
2026-02-02 14:41:35,153 - INFO - Building stim pattern for pattern_name 2713
2026-02-02 14:41:35,164 - INFO - Building stim pattern for pattern_name 3671
2026-02-02 14:41:35,173 - INFO - Building stim pattern for pattern_name 2049
2026-02-02 14:41:35,192 - INFO - Building stim pattern for pattern_name 3492
2026-02-02 14:41:35,203 - INFO - Building stim pattern for pattern_name 3191
2026-02-02 14:41:35,214 - INFO - Building stim pattern for pattern_name 1320
2026-02-02 14:41:35,230 - INFO - Building stim pattern for pattern_name 1107
2026-02-02 14:41:35,245 - INFO - Building stim pattern for pattern_name 1467
2026-02-02 14:41:35,256 - INFO - Building stim pattern for pattern_name 242
2026-02-02 14:41:35,272 - INFO - Building stim pattern for pattern_name 159
2026-02-02 14:41:35,281 - INFO - Building stim pattern for pattern_name 3747
2026-02-02 14:41:35,295 - INFO - Building stim pattern for pattern_name 951
2026-02-02 14:41:35,306 - INFO - Building stim pattern for pattern_name 4050
2026-02-02 14:41:35,315 - INFO - Building stim pattern for pattern_name 2008
2026-02-02 14:41:35,326 - INFO - Building stim pattern for pattern_name 956
2026-02-02 14:41:35,335 - INFO - Building stim pattern for pattern_name 3761
2026-02-02 14:41:35,345 - INFO - Building stim pattern for pattern_name 1473
2026-02-02 14:41:35,355 - INFO - Building stim pattern for pattern_name 2087
2026-02-02 14:41:35,365 - INFO - Building stim pattern for pattern_name 1154
2026-02-02 14:41:35,375 - INFO - Building stim pattern for pattern_name 2730
2026-02-02 14:41:35,384 - INFO - Building stim pattern for pattern_name 2718
2026-02-02 14:41:35,394 - INFO - Building stim pattern for pattern_name 218
2026-02-02 14:41:35,403 - INFO - Building stim pattern for pattern_name 4018
2026-02-02 14:41:35,412 - INFO - Building stim pattern for pattern_name 2301
2026-02-02 14:41:35,424 - INFO - Building stim pattern for pattern_name 3763
2026-02-02 14:41:35,434 - INFO - Building stim pattern for pattern_name 1623
2026-02-02 14:41:35,457 - INFO - Building stim pattern for pattern_name 3285
2026-02-02 14:41:35,550 - INFO - Building stim pattern for pattern_name 953
2026-02-02 14:41:35,575 - INFO - Building stim pattern for pattern_name 1075
2026-02-02 14:41:35,589 - INFO - Building stim pattern for pattern_name 143
2026-02-02 14:41:35,602 - INFO - Building stim pattern for pattern_name 250
2026-02-02 14:41:35,614 - INFO - Building stim pattern for pattern_name 1644
2026-02-02 14:41:35,629 - INFO - Building stim pattern for pattern_name 2740
2026-02-02 14:41:35,640 - INFO - Building stim pattern for pattern_name 1048
2026-02-02 14:41:35,651 - INFO - Building stim pattern for pattern_name 3084
2026-02-02 14:41:35,668 - INFO - Building stim pattern for pattern_name 3717
2026-02-02 14:41:35,678 - INFO - Building stim pattern for pattern_name 2184
2026-02-02 14:41:35,689 - INFO - Building stim pattern for pattern_name 128
2026-02-02 14:41:35,698 - INFO - Building stim pattern for pattern_name 965
2026-02-02 14:41:35,708 - INFO - Building stim pattern for pattern_name 3493
2026-02-02 14:41:35,720 - INFO - Building stim pattern for pattern_name 1234
2026-02-02 14:41:35,731 - INFO - Building stim pattern for pattern_name 3247
2026-02-02 14:41:35,750 - INFO - Building stim pattern for pattern_name 4001
2026-02-02 14:41:35,759 - INFO - Building stim pattern for pattern_name 2430
2026-02-02 14:41:35,769 - INFO - Building stim pattern for pattern_name 3266
2026-02-02 14:41:35,779 - INFO - Building stim pattern for pattern_name 1227
2026-02-02 14:41:35,790 - INFO - Building stim pattern for pattern_name 2495
2026-02-02 14:41:35,800 - INFO - Building stim pattern for pattern_name 3507
2026-02-02 14:41:35,811 - INFO - Building stim pattern for pattern_name 181
2026-02-02 14:41:35,826 - INFO - Building stim pattern for pattern_name 1036
2026-02-02 14:41:35,837 - INFO - Building stim pattern for pattern_name 922
2026-02-02 14:41:35,853 - INFO - Building stim pattern for pattern_name 3226
2026-02-02 14:41:35,863 - INFO - Building stim pattern for pattern_name 100
2026-02-02 14:41:35,872 - INFO - Building stim pattern for pattern_name 1211
2026-02-02 14:41:35,881 - INFO - Building stim pattern for pattern_name 440
2026-02-02 14:41:35,892 - INFO - Building stim pattern for pattern_name 2073
2026-02-02 14:41:35,903 - INFO - Building stim pattern for pattern_name 4032
2026-02-02 14:41:35,913 - INFO - Building stim pattern for pattern_name 3500
2026-02-02 14:41:35,924 - INFO - Building stim pattern for pattern_name 3644
2026-02-02 14:41:35,935 - INFO - Building stim pattern for pattern_name 3916
2026-02-02 14:41:35,945 - INFO - Building stim pattern for pattern_name 1394
2026-02-02 14:41:35,956 - INFO - Building stim pattern for pattern_name 483
2026-02-02 14:41:35,964 - INFO - Building stim pattern for pattern_name 4021
2026-02-02 14:41:35,973 - INFO - Building stim pattern for pattern_name 3
2026-02-02 14:41:35,986 - INFO - Building stim pattern for pattern_name 213
2026-02-02 14:41:35,996 - INFO - Building stim pattern for pattern_name 251
2026-02-02 14:41:36,010 - INFO - Building stim pattern for pattern_name 1120
2026-02-02 14:41:36,023 - INFO - Building stim pattern for pattern_name 1975
2026-02-02 14:41:36,032 - INFO - Building stim pattern for pattern_name 1508
2026-02-02 14:41:36,042 - INFO - Building stim pattern for pattern_name 4046
2026-02-02 14:41:36,052 - INFO - Building stim pattern for pattern_name 3344
2026-02-02 14:41:36,061 - INFO - Building stim pattern for pattern_name 750
2026-02-02 14:41:36,072 - INFO - Building stim pattern for pattern_name 3446
2026-02-02 14:41:36,080 - INFO - Building stim pattern for pattern_name 4006
2026-02-02 14:41:36,090 - INFO - Building stim pattern for pattern_name 2695
2026-02-02 14:41:36,100 - INFO - Building stim pattern for pattern_name 3354
2026-02-02 14:41:36,110 - INFO - Building stim pattern for pattern_name 1520
2026-02-02 14:41:36,120 - INFO - Building stim pattern for pattern_name 1826
2026-02-02 14:41:36,129 - INFO - Building stim pattern for pattern_name 2940
2026-02-02 14:41:36,138 - INFO - Building stim pattern for pattern_name 2122
2026-02-02 14:41:36,149 - INFO - Building stim pattern for pattern_name 881
2026-02-02 14:41:36,158 - INFO - Building stim pattern for pattern_name 3672
2026-02-02 14:41:36,168 - INFO - Building stim pattern for pattern_name 992
2026-02-02 14:41:36,179 - INFO - Building stim pattern for pattern_name 2321
2026-02-02 14:41:36,189 - INFO - Building stim pattern for pattern_name 2616
2026-02-02 14:41:36,201 - INFO - Building stim pattern for pattern_name 262
2026-02-02 14:41:36,210 - INFO - Building stim pattern for pattern_name 1469
2026-02-02 14:41:36,222 - INFO - Building stim pattern for pattern_name 2457
2026-02-02 14:41:36,237 - INFO - Building stim pattern for pattern_name 4013
2026-02-02 14:41:36,247 - INFO - Building stim pattern for pattern_name 2163
2026-02-02 14:41:36,257 - INFO - Building stim pattern for pattern_name 1813
2026-02-02 14:41:36,267 - INFO - Building stim pattern for pattern_name 1774
2026-02-02 14:41:36,278 - INFO - Building stim pattern for pattern_name 1958
2026-02-02 14:41:36,288 - INFO - Building stim pattern for pattern_name 1381
2026-02-02 14:41:36,298 - INFO - Building stim pattern for pattern_name 686
2026-02-02 14:41:36,307 - INFO - Building stim pattern for pattern_name 1858
2026-02-02 14:41:36,317 - INFO - Building stim pattern for pattern_name 3453
2026-02-02 14:41:36,328 - INFO - Building stim pattern for pattern_name 3733
2026-02-02 14:41:36,340 - INFO - Building stim pattern for pattern_name 556
2026-02-02 14:41:36,351 - INFO - Building stim pattern for pattern_name 1994
2026-02-02 14:41:36,362 - INFO - Building stim pattern for pattern_name 2524
2026-02-02 14:41:36,378 - INFO - Building stim pattern for pattern_name 557
2026-02-02 14:41:36,390 - INFO - Building stim pattern for pattern_name 1558
2026-02-02 14:41:36,406 - INFO - Building stim pattern for pattern_name 60
2026-02-02 14:41:36,417 - INFO - Building stim pattern for pattern_name 2622
2026-02-02 14:41:36,428 - INFO - Building stim pattern for pattern_name 1390
2026-02-02 14:41:36,438 - INFO - Building stim pattern for pattern_name 1571
2026-02-02 14:41:36,448 - INFO - Building stim pattern for pattern_name 3504
2026-02-02 14:41:36,460 - INFO - Building stim pattern for pattern_name 495
2026-02-02 14:41:36,470 - INFO - Building stim pattern for pattern_name 2783
2026-02-02 14:41:36,481 - INFO - Building stim pattern for pattern_name 3214
2026-02-02 14:41:36,492 - INFO - Building stim pattern for pattern_name 952
2026-02-02 14:41:36,503 - INFO - Building stim pattern for pattern_name 3294
2026-02-02 14:41:36,514 - INFO - Building stim pattern for pattern_name 660
2026-02-02 14:41:36,527 - INFO - Building stim pattern for pattern_name 946
2026-02-02 14:41:36,537 - INFO - Building stim pattern for pattern_name 2420
2026-02-02 14:41:36,546 - INFO - Building stim pattern for pattern_name 4027
2026-02-02 14:41:36,556 - INFO - Building stim pattern for pattern_name 1995
2026-02-02 14:41:36,572 - INFO - Building stim pattern for pattern_name 1279
2026-02-02 14:41:36,583 - INFO - Building stim pattern for pattern_name 2700
2026-02-02 14:41:36,592 - INFO - Building stim pattern for pattern_name 1475
2026-02-02 14:41:36,603 - INFO - Building stim pattern for pattern_name 869
2026-02-02 14:41:36,613 - INFO - Building stim pattern for pattern_name 2167
2026-02-02 14:41:36,633 - INFO - Building stim pattern for pattern_name 577
2026-02-02 14:41:36,642 - INFO - Building stim pattern for pattern_name 4016
2026-02-02 14:41:36,653 - INFO - Building stim pattern for pattern_name 2799
2026-02-02 14:41:36,662 - INFO - Building stim pattern for pattern_name 3782
2026-02-02 14:41:36,673 - INFO - Building stim pattern for pattern_name 1906
2026-02-02 14:41:36,683 - INFO - Building stim pattern for pattern_name 865
2026-02-02 14:41:36,691 - INFO - Building stim pattern for pattern_name 1899
2026-02-02 14:41:36,700 - INFO - Building stim pattern for pattern_name 350
2026-02-02 14:41:36,710 - INFO - Building stim pattern for pattern_name 3349
2026-02-02 14:41:36,725 - INFO - Building stim pattern for pattern_name 3253
2026-02-02 14:41:36,735 - INFO - Building stim pattern for pattern_name 3470
2026-02-02 14:41:36,745 - INFO - Building stim pattern for pattern_name 3292
2026-02-02 14:41:36,755 - INFO - Building stim pattern for pattern_name 3817
2026-02-02 14:41:36,766 - INFO - Building stim pattern for pattern_name 192
2026-02-02 14:41:36,777 - INFO - Building stim pattern for pattern_name 900
2026-02-02 14:41:36,788 - INFO - Building stim pattern for pattern_name 294
2026-02-02 14:41:36,797 - INFO - Building stim pattern for pattern_name 161
2026-02-02 14:41:36,818 - INFO - Building stim pattern for pattern_name 2539
2026-02-02 14:41:36,828 - INFO - Building stim pattern for pattern_name 1854
2026-02-02 14:41:36,837 - INFO - Building stim pattern for pattern_name 3469
2026-02-02 14:41:36,846 - INFO - Building stim pattern for pattern_name 2053
2026-02-02 14:41:36,857 - INFO - Building stim pattern for pattern_name 3100
2026-02-02 14:41:36,875 - INFO - Building stim pattern for pattern_name 967
2026-02-02 14:41:36,886 - INFO - Building stim pattern for pattern_name 3840
2026-02-02 14:41:36,897 - INFO - Building stim pattern for pattern_name 2020
2026-02-02 14:41:36,907 - INFO - Building stim pattern for pattern_name 3423
2026-02-02 14:41:36,916 - INFO - Building stim pattern for pattern_name 141
2026-02-02 14:41:36,926 - INFO - Building stim pattern for pattern_name 3861
2026-02-02 14:41:36,937 - INFO - Building stim pattern for pattern_name 584
2026-02-02 14:41:36,946 - INFO - Building stim pattern for pattern_name 969
2026-02-02 14:41:36,959 - INFO - Building stim pattern for pattern_name 3582
2026-02-02 14:41:36,968 - INFO - Building stim pattern for pattern_name 3050
2026-02-02 14:41:36,978 - INFO - Building stim pattern for pattern_name 439
2026-02-02 14:41:36,988 - INFO - Building stim pattern for pattern_name 3742
2026-02-02 14:41:36,999 - INFO - Building stim pattern for pattern_name 3036
2026-02-02 14:41:37,014 - INFO - Building stim pattern for pattern_name 2346
2026-02-02 14:41:37,029 - INFO - Building stim pattern for pattern_name 3713
2026-02-02 14:41:37,045 - INFO - Building stim pattern for pattern_name 2185
2026-02-02 14:41:37,055 - INFO - Building stim pattern for pattern_name 3794
2026-02-02 14:41:37,066 - INFO - Building stim pattern for pattern_name 1458
2026-02-02 14:41:37,076 - INFO - Building stim pattern for pattern_name 3301
2026-02-02 14:41:37,086 - INFO - Building stim pattern for pattern_name 1421
2026-02-02 14:41:37,103 - INFO - Building stim pattern for pattern_name 2047
2026-02-02 14:41:37,113 - INFO - Building stim pattern for pattern_name 1666
2026-02-02 14:41:37,123 - INFO - Building stim pattern for pattern_name 852
2026-02-02 14:41:37,136 - INFO - Building stim pattern for pattern_name 461
2026-02-02 14:41:37,145 - INFO - Building stim pattern for pattern_name 2964
2026-02-02 14:41:37,155 - INFO - Building stim pattern for pattern_name 3723
2026-02-02 14:41:37,166 - INFO - Building stim pattern for pattern_name 2045
2026-02-02 14:41:37,177 - INFO - Building stim pattern for pattern_name 3663
2026-02-02 14:41:37,188 - INFO - Building stim pattern for pattern_name 1694
2026-02-02 14:41:37,204 - INFO - Building stim pattern for pattern_name 3772
2026-02-02 14:41:37,215 - INFO - Building stim pattern for pattern_name 593
2026-02-02 14:41:37,226 - INFO - Building stim pattern for pattern_name 2256
2026-02-02 14:41:37,236 - INFO - Building stim pattern for pattern_name 2750
2026-02-02 14:41:37,255 - INFO - Building stim pattern for pattern_name 3007
2026-02-02 14:41:37,264 - INFO - Building stim pattern for pattern_name 1875
2026-02-02 14:41:37,275 - INFO - Building stim pattern for pattern_name 2231
2026-02-02 14:41:37,284 - INFO - Building stim pattern for pattern_name 310
2026-02-02 14:41:37,293 - INFO - Building stim pattern for pattern_name 1939
2026-02-02 14:41:37,304 - INFO - Building stim pattern for pattern_name 1037
2026-02-02 14:41:37,315 - INFO - Building stim pattern for pattern_name 3302
2026-02-02 14:41:37,326 - INFO - Building stim pattern for pattern_name 3597
2026-02-02 14:41:37,335 - INFO - Building stim pattern for pattern_name 2225
2026-02-02 14:41:37,351 - INFO - Building stim pattern for pattern_name 4043
2026-02-02 14:41:37,360 - INFO - Building stim pattern for pattern_name 3413
2026-02-02 14:41:37,381 - INFO - Building stim pattern for pattern_name 2592
2026-02-02 14:41:37,389 - INFO - Building stim pattern for pattern_name 3888
2026-02-02 14:41:37,398 - INFO - Building stim pattern for pattern_name 3853
2026-02-02 14:41:37,413 - INFO - Building stim pattern for pattern_name 2804
2026-02-02 14:41:37,429 - INFO - Building stim pattern for pattern_name 1599
2026-02-02 14:41:37,444 - INFO - Building stim pattern for pattern_name 2263
2026-02-02 14:41:37,456 - INFO - Building stim pattern for pattern_name 1979
2026-02-02 14:41:37,467 - INFO - Building stim pattern for pattern_name 2093
2026-02-02 14:41:37,477 - INFO - Building stim pattern for pattern_name 3460
2026-02-02 14:41:37,494 - INFO - Building stim pattern for pattern_name 3778
2026-02-02 14:41:37,507 - INFO - Building stim pattern for pattern_name 123
2026-02-02 14:41:37,520 - INFO - Building stim pattern for pattern_name 1685
2026-02-02 14:41:37,532 - INFO - Building stim pattern for pattern_name 3231
2026-02-02 14:41:37,543 - INFO - Building stim pattern for pattern_name 3317
2026-02-02 14:41:37,553 - INFO - Building stim pattern for pattern_name 950
2026-02-02 14:41:37,563 - INFO - Building stim pattern for pattern_name 1737
2026-02-02 14:41:37,573 - INFO - Building stim pattern for pattern_name 4041
2026-02-02 14:41:37,583 - INFO - Building stim pattern for pattern_name 796
2026-02-02 14:41:37,597 - INFO - Building stim pattern for pattern_name 768
2026-02-02 14:41:37,608 - INFO - Building stim pattern for pattern_name 2821
2026-02-02 14:41:37,619 - INFO - Building stim pattern for pattern_name 465
2026-02-02 14:41:37,629 - INFO - Building stim pattern for pattern_name 2922
2026-02-02 14:41:37,639 - INFO - Building stim pattern for pattern_name 32
2026-02-02 14:41:37,648 - INFO - Building stim pattern for pattern_name 3359
2026-02-02 14:41:37,658 - INFO - Building stim pattern for pattern_name 3658
2026-02-02 14:41:37,667 - INFO - Building stim pattern for pattern_name 2143
2026-02-02 14:41:37,676 - INFO - Building stim pattern for pattern_name 3267
2026-02-02 14:41:37,687 - INFO - Building stim pattern for pattern_name 1533
2026-02-02 14:41:37,698 - INFO - Building stim pattern for pattern_name 544
2026-02-02 14:41:37,708 - INFO - Building stim pattern for pattern_name 3686
2026-02-02 14:41:37,718 - INFO - Building stim pattern for pattern_name 3557
2026-02-02 14:41:37,728 - INFO - Building stim pattern for pattern_name 2328
2026-02-02 14:41:37,744 - INFO - Building stim pattern for pattern_name 2626
2026-02-02 14:41:37,755 - INFO - Building stim pattern for pattern_name 2425
2026-02-02 14:41:37,773 - INFO - Building stim pattern for pattern_name 3622
2026-02-02 14:41:37,784 - INFO - Building stim pattern for pattern_name 1977
2026-02-02 14:41:37,805 - INFO - Building stim pattern for pattern_name 3830
2026-02-02 14:41:37,816 - INFO - Building stim pattern for pattern_name 392
2026-02-02 14:41:37,825 - INFO - Building stim pattern for pattern_name 4008
2026-02-02 14:41:37,835 - INFO - Building stim pattern for pattern_name 790
2026-02-02 14:41:37,853 - INFO - Building stim pattern for pattern_name 1985
2026-02-02 14:41:37,862 - INFO - Building stim pattern for pattern_name 2311
2026-02-02 14:41:37,876 - INFO - Building stim pattern for pattern_name 2427
2026-02-02 14:41:37,887 - INFO - Building stim pattern for pattern_name 3419
2026-02-02 14:41:37,897 - INFO - Building stim pattern for pattern_name 3412
2026-02-02 14:41:37,906 - INFO - Building stim pattern for pattern_name 1897
2026-02-02 14:41:37,916 - INFO - Building stim pattern for pattern_name 910
2026-02-02 14:41:37,925 - INFO - Building stim pattern for pattern_name 702
2026-02-02 14:41:37,937 - INFO - Building stim pattern for pattern_name 551
2026-02-02 14:41:37,947 - INFO - Building stim pattern for pattern_name 3025
2026-02-02 14:41:37,964 - INFO - Building stim pattern for pattern_name 1867
2026-02-02 14:41:37,973 - INFO - Building stim pattern for pattern_name 2745
2026-02-02 14:41:37,983 - INFO - Building stim pattern for pattern_name 1839
2026-02-02 14:41:37,993 - INFO - Building stim pattern for pattern_name 3263
2026-02-02 14:41:38,003 - INFO - Building stim pattern for pattern_name 1099
2026-02-02 14:41:38,012 - INFO - Building stim pattern for pattern_name 2802
2026-02-02 14:41:38,021 - INFO - Building stim pattern for pattern_name 4007
2026-02-02 14:41:38,032 - INFO - Building stim pattern for pattern_name 1947
2026-02-02 14:41:38,042 - INFO - Building stim pattern for pattern_name 2747
2026-02-02 14:41:38,059 - INFO - Building stim pattern for pattern_name 148
2026-02-02 14:41:38,071 - INFO - Building stim pattern for pattern_name 106
2026-02-02 14:41:38,086 - INFO - Building stim pattern for pattern_name 3953
2026-02-02 14:41:38,097 - INFO - Building stim pattern for pattern_name 1562
2026-02-02 14:41:38,114 - INFO - Building stim pattern for pattern_name 4042
2026-02-02 14:41:38,139 - INFO - Building stim pattern for pattern_name 963
2026-02-02 14:41:38,152 - INFO - Building stim pattern for pattern_name 174
2026-02-02 14:41:38,163 - INFO - Building stim pattern for pattern_name 1116
2026-02-02 14:41:38,173 - INFO - Building stim pattern for pattern_name 253
2026-02-02 14:41:38,183 - INFO - Building stim pattern for pattern_name 3767
2026-02-02 14:41:38,194 - INFO - Building stim pattern for pattern_name 302
2026-02-02 14:41:38,204 - INFO - Building stim pattern for pattern_name 2480
2026-02-02 14:41:38,214 - INFO - Building stim pattern for pattern_name 2069
2026-02-02 14:41:38,225 - INFO - Building stim pattern for pattern_name 1419
2026-02-02 14:41:38,234 - INFO - Building stim pattern for pattern_name 2520
2026-02-02 14:41:38,245 - INFO - Building stim pattern for pattern_name 2254
2026-02-02 14:41:38,254 - INFO - Building stim pattern for pattern_name 2152
2026-02-02 14:41:38,264 - INFO - Building stim pattern for pattern_name 1153
2026-02-02 14:41:38,273 - INFO - Building stim pattern for pattern_name 2331
2026-02-02 14:41:38,289 - INFO - Building stim pattern for pattern_name 1428
2026-02-02 14:41:38,300 - INFO - Building stim pattern for pattern_name 2424
2026-02-02 14:41:38,330 - INFO - Building stim pattern for pattern_name 2526
2026-02-02 14:41:38,404 - INFO - Building stim pattern for pattern_name 3031
2026-02-02 14:41:38,426 - INFO - Building stim pattern for pattern_name 1940
2026-02-02 14:41:38,440 - INFO - Building stim pattern for pattern_name 994
2026-02-02 14:41:38,451 - INFO - Building stim pattern for pattern_name 1753
2026-02-02 14:41:38,461 - INFO - Building stim pattern for pattern_name 3823
2026-02-02 14:41:38,470 - INFO - Building stim pattern for pattern_name 929
2026-02-02 14:41:38,480 - INFO - Building stim pattern for pattern_name 2096
2026-02-02 14:41:38,490 - INFO - Building stim pattern for pattern_name 73
2026-02-02 14:41:38,499 - INFO - Building stim pattern for pattern_name 3865
2026-02-02 14:41:38,508 - INFO - Building stim pattern for pattern_name 4009
2026-02-02 14:41:38,519 - INFO - Building stim pattern for pattern_name 402
2026-02-02 14:41:38,534 - INFO - Building stim pattern for pattern_name 2232
2026-02-02 14:41:38,545 - INFO - Building stim pattern for pattern_name 2353
2026-02-02 14:41:38,557 - INFO - Building stim pattern for pattern_name 1453
2026-02-02 14:41:38,566 - INFO - Building stim pattern for pattern_name 2913
2026-02-02 14:41:38,582 - INFO - Building stim pattern for pattern_name 2355
2026-02-02 14:41:38,592 - INFO - Building stim pattern for pattern_name 190
2026-02-02 14:41:38,606 - INFO - Building stim pattern for pattern_name 1034
2026-02-02 14:41:38,616 - INFO - Building stim pattern for pattern_name 2822
2026-02-02 14:41:38,633 - INFO - Building stim pattern for pattern_name 2968
2026-02-02 14:41:38,642 - INFO - Building stim pattern for pattern_name 2506
2026-02-02 14:41:38,658 - INFO - Building stim pattern for pattern_name 648
2026-02-02 14:41:38,668 - INFO - Building stim pattern for pattern_name 3202
2026-02-02 14:41:38,678 - INFO - Building stim pattern for pattern_name 2669
2026-02-02 14:41:38,696 - INFO - Building stim pattern for pattern_name 1953
2026-02-02 14:41:38,708 - INFO - Building stim pattern for pattern_name 2070
2026-02-02 14:41:38,720 - INFO - Building stim pattern for pattern_name 1716
2026-02-02 14:41:38,730 - INFO - Building stim pattern for pattern_name 1266
2026-02-02 14:41:38,744 - INFO - Building stim pattern for pattern_name 1335
2026-02-02 14:41:38,756 - INFO - Building stim pattern for pattern_name 2146
2026-02-02 14:41:38,772 - INFO - Building stim pattern for pattern_name 1330
2026-02-02 14:41:38,782 - INFO - Building stim pattern for pattern_name 3730
2026-02-02 14:41:38,797 - INFO - Building stim pattern for pattern_name 563
2026-02-02 14:41:38,807 - INFO - Building stim pattern for pattern_name 3954
2026-02-02 14:41:38,817 - INFO - Building stim pattern for pattern_name 2651
2026-02-02 14:41:38,830 - INFO - Building stim pattern for pattern_name 1859
2026-02-02 14:41:38,843 - INFO - Building stim pattern for pattern_name 3210
2026-02-02 14:41:38,855 - INFO - Building stim pattern for pattern_name 2648
2026-02-02 14:41:38,868 - INFO - Building stim pattern for pattern_name 2033
2026-02-02 14:41:38,877 - INFO - Building stim pattern for pattern_name 3337
2026-02-02 14:41:38,889 - INFO - Building stim pattern for pattern_name 1831
2026-02-02 14:41:38,899 - INFO - Building stim pattern for pattern_name 715
2026-02-02 14:41:38,909 - INFO - Building stim pattern for pattern_name 431
2026-02-02 14:41:38,919 - INFO - Building stim pattern for pattern_name 3816
2026-02-02 14:41:38,929 - INFO - Building stim pattern for pattern_name 2989
2026-02-02 14:41:38,941 - INFO - Building stim pattern for pattern_name 573
2026-02-02 14:41:38,951 - INFO - Building stim pattern for pattern_name 2643
2026-02-02 14:41:38,961 - INFO - Building stim pattern for pattern_name 3599
2026-02-02 14:41:38,972 - INFO - Building stim pattern for pattern_name 1040
2026-02-02 14:41:38,982 - INFO - Building stim pattern for pattern_name 655
2026-02-02 14:41:38,992 - INFO - Building stim pattern for pattern_name 775
2026-02-02 14:41:39,003 - INFO - Building stim pattern for pattern_name 3986
2026-02-02 14:41:39,020 - INFO - Building stim pattern for pattern_name 11
2026-02-02 14:41:39,044 - INFO - Building stim pattern for pattern_name 3878
2026-02-02 14:41:39,062 - INFO - Building stim pattern for pattern_name 1652
2026-02-02 14:41:39,079 - INFO - Building stim pattern for pattern_name 374
2026-02-02 14:41:39,089 - INFO - Building stim pattern for pattern_name 3635
2026-02-02 14:41:39,108 - INFO - Building stim pattern for pattern_name 189
2026-02-02 14:41:39,119 - INFO - Building stim pattern for pattern_name 3295
2026-02-02 14:41:39,130 - INFO - Building stim pattern for pattern_name 271
2026-02-02 14:41:39,141 - INFO - Building stim pattern for pattern_name 1710
2026-02-02 14:41:39,164 - INFO - Building stim pattern for pattern_name 697
2026-02-02 14:41:39,178 - INFO - Building stim pattern for pattern_name 115
2026-02-02 14:41:39,191 - INFO - Building stim pattern for pattern_name 490
2026-02-02 14:41:39,203 - INFO - Building stim pattern for pattern_name 473
2026-02-02 14:41:39,213 - INFO - Building stim pattern for pattern_name 837
2026-02-02 14:41:39,225 - INFO - Building stim pattern for pattern_name 152
2026-02-02 14:41:39,247 - INFO - Building stim pattern for pattern_name 2813
2026-02-02 14:41:39,257 - INFO - Building stim pattern for pattern_name 1212
2026-02-02 14:41:39,269 - INFO - Building stim pattern for pattern_name 1879
2026-02-02 14:41:39,285 - INFO - Building stim pattern for pattern_name 442
2026-02-02 14:41:39,308 - INFO - Building stim pattern for pattern_name 1175
2026-02-02 14:41:39,318 - INFO - Building stim pattern for pattern_name 3581
2026-02-02 14:41:39,330 - INFO - Building stim pattern for pattern_name 3360
2026-02-02 14:41:39,360 - INFO - Building stim pattern for pattern_name 4024
2026-02-02 14:41:39,370 - INFO - Building stim pattern for pattern_name 1396
2026-02-02 14:41:39,386 - INFO - Building stim pattern for pattern_name 3562
2026-02-02 14:41:39,396 - INFO - Building stim pattern for pattern_name 2982
2026-02-02 14:41:39,411 - INFO - Building stim pattern for pattern_name 2812
2026-02-02 14:41:39,422 - INFO - Building stim pattern for pattern_name 2866
2026-02-02 14:41:39,437 - INFO - Building stim pattern for pattern_name 2893
2026-02-02 14:41:39,453 - INFO - Building stim pattern for pattern_name 307
2026-02-02 14:41:39,463 - INFO - Building stim pattern for pattern_name 1961
2026-02-02 14:41:39,473 - INFO - Building stim pattern for pattern_name 3576
2026-02-02 14:41:39,502 - INFO - Building stim pattern for pattern_name 3465
2026-02-02 14:41:39,521 - INFO - Building stim pattern for pattern_name 1962
2026-02-02 14:41:39,533 - INFO - Building stim pattern for pattern_name 2607
2026-02-02 14:41:39,545 - INFO - Building stim pattern for pattern_name 3184
2026-02-02 14:41:39,556 - INFO - Building stim pattern for pattern_name 1142
2026-02-02 14:41:39,566 - INFO - Building stim pattern for pattern_name 1619
2026-02-02 14:41:39,582 - INFO - Building stim pattern for pattern_name 2605
2026-02-02 14:41:39,593 - INFO - Building stim pattern for pattern_name 647
2026-02-02 14:41:39,603 - INFO - Building stim pattern for pattern_name 162
2026-02-02 14:41:39,616 - INFO - Building stim pattern for pattern_name 1972
2026-02-02 14:41:39,628 - INFO - Building stim pattern for pattern_name 2844
2026-02-02 14:41:39,651 - INFO - Building stim pattern for pattern_name 2671
2026-02-02 14:41:39,662 - INFO - Building stim pattern for pattern_name 1423
2026-02-02 14:41:39,674 - INFO - Building stim pattern for pattern_name 13
2026-02-02 14:41:39,686 - INFO - Building stim pattern for pattern_name 2945
2026-02-02 14:41:39,698 - INFO - Building stim pattern for pattern_name 2296
2026-02-02 14:41:39,707 - INFO - Building stim pattern for pattern_name 2645
2026-02-02 14:41:39,718 - INFO - Building stim pattern for pattern_name 2201
2026-02-02 14:41:39,729 - INFO - Building stim pattern for pattern_name 2423
2026-02-02 14:41:39,739 - INFO - Building stim pattern for pattern_name 2939
2026-02-02 14:41:39,750 - INFO - Building stim pattern for pattern_name 3693
2026-02-02 14:41:39,760 - INFO - Building stim pattern for pattern_name 1233
2026-02-02 14:41:39,770 - INFO - Building stim pattern for pattern_name 2114
2026-02-02 14:41:39,780 - INFO - Building stim pattern for pattern_name 1604
2026-02-02 14:41:39,791 - INFO - Building stim pattern for pattern_name 3617
2026-02-02 14:41:39,801 - INFO - Building stim pattern for pattern_name 437
2026-02-02 14:41:39,811 - INFO - Building stim pattern for pattern_name 3869
2026-02-02 14:41:39,821 - INFO - Building stim pattern for pattern_name 1387
2026-02-02 14:41:39,832 - INFO - Building stim pattern for pattern_name 3882
2026-02-02 14:41:39,842 - INFO - Building stim pattern for pattern_name 642
2026-02-02 14:41:39,852 - INFO - Building stim pattern for pattern_name 1083
2026-02-02 14:41:39,862 - INFO - Building stim pattern for pattern_name 1796
2026-02-02 14:41:39,872 - INFO - Building stim pattern for pattern_name 3568
2026-02-02 14:41:39,882 - INFO - Building stim pattern for pattern_name 1678
2026-02-02 14:41:39,893 - INFO - Building stim pattern for pattern_name 730
2026-02-02 14:41:39,908 - INFO - Building stim pattern for pattern_name 3315
2026-02-02 14:41:39,918 - INFO - Building stim pattern for pattern_name 3668
2026-02-02 14:41:39,929 - INFO - Building stim pattern for pattern_name 757
2026-02-02 14:41:39,944 - INFO - Building stim pattern for pattern_name 278
2026-02-02 14:41:39,954 - INFO - Building stim pattern for pattern_name 1998
2026-02-02 14:41:39,971 - INFO - Building stim pattern for pattern_name 2344
2026-02-02 14:41:39,986 - INFO - Building stim pattern for pattern_name 3305
2026-02-02 14:41:39,997 - INFO - Building stim pattern for pattern_name 2378
2026-02-02 14:41:40,009 - INFO - Building stim pattern for pattern_name 3067
2026-02-02 14:41:40,022 - INFO - Building stim pattern for pattern_name 1625
2026-02-02 14:41:40,035 - INFO - Building stim pattern for pattern_name 2872
2026-02-02 14:41:40,051 - INFO - Building stim pattern for pattern_name 3731
2026-02-02 14:41:40,063 - INFO - Building stim pattern for pattern_name 638
2026-02-02 14:41:40,073 - INFO - Building stim pattern for pattern_name 2016
2026-02-02 14:41:40,088 - INFO - Building stim pattern for pattern_name 1363
2026-02-02 14:41:40,104 - INFO - Building stim pattern for pattern_name 1397
2026-02-02 14:41:40,128 - INFO - Building stim pattern for pattern_name 1761
2026-02-02 14:41:40,140 - INFO - Building stim pattern for pattern_name 2290
2026-02-02 14:41:40,150 - INFO - Building stim pattern for pattern_name 3590
2026-02-02 14:41:40,163 - INFO - Building stim pattern for pattern_name 2247
2026-02-02 14:41:40,175 - INFO - Building stim pattern for pattern_name 699
2026-02-02 14:41:40,187 - INFO - Building stim pattern for pattern_name 1915
2026-02-02 14:41:40,196 - INFO - Building stim pattern for pattern_name 1289
2026-02-02 14:41:40,207 - INFO - Building stim pattern for pattern_name 1691
2026-02-02 14:41:40,217 - INFO - Building stim pattern for pattern_name 990
2026-02-02 14:41:40,227 - INFO - Building stim pattern for pattern_name 3077
2026-02-02 14:41:40,242 - INFO - Building stim pattern for pattern_name 1191
2026-02-02 14:41:40,252 - INFO - Building stim pattern for pattern_name 118
2026-02-02 14:41:40,262 - INFO - Building stim pattern for pattern_name 1177
2026-02-02 14:41:40,273 - INFO - Building stim pattern for pattern_name 1683
2026-02-02 14:41:40,285 - INFO - Building stim pattern for pattern_name 1348
2026-02-02 14:41:40,295 - INFO - Building stim pattern for pattern_name 1789
2026-02-02 14:41:40,306 - INFO - Building stim pattern for pattern_name 578
2026-02-02 14:41:40,318 - INFO - Building stim pattern for pattern_name 1982
2026-02-02 14:41:40,329 - INFO - Building stim pattern for pattern_name 3520
2026-02-02 14:41:40,345 - INFO - Building stim pattern for pattern_name 2865
2026-02-02 14:41:40,356 - INFO - Building stim pattern for pattern_name 1262
2026-02-02 14:41:40,365 - INFO - Building stim pattern for pattern_name 2807
2026-02-02 14:41:40,381 - INFO - Building stim pattern for pattern_name 4035
2026-02-02 14:41:40,397 - INFO - Building stim pattern for pattern_name 2139
2026-02-02 14:41:40,407 - INFO - Building stim pattern for pattern_name 1738
2026-02-02 14:41:40,417 - INFO - Building stim pattern for pattern_name 1094
2026-02-02 14:41:40,427 - INFO - Building stim pattern for pattern_name 2333
2026-02-02 14:41:40,437 - INFO - Building stim pattern for pattern_name 2517
2026-02-02 14:41:40,446 - INFO - Building stim pattern for pattern_name 1152
2026-02-02 14:41:40,463 - INFO - Building stim pattern for pattern_name 2024
2026-02-02 14:41:40,473 - INFO - Building stim pattern for pattern_name 1051
2026-02-02 14:41:40,489 - INFO - Building stim pattern for pattern_name 2839
2026-02-02 14:41:40,499 - INFO - Building stim pattern for pattern_name 3963
2026-02-02 14:41:40,509 - INFO - Building stim pattern for pattern_name 2777
2026-02-02 14:41:40,519 - INFO - Building stim pattern for pattern_name 3296
2026-02-02 14:41:40,529 - INFO - Building stim pattern for pattern_name 3091
2026-02-02 14:41:40,553 - INFO - Building stim pattern for pattern_name 3788
2026-02-02 14:41:40,563 - INFO - Building stim pattern for pattern_name 2110
2026-02-02 14:41:40,573 - INFO - Building stim pattern for pattern_name 2770
2026-02-02 14:41:40,584 - INFO - Building stim pattern for pattern_name 27
2026-02-02 14:41:40,594 - INFO - Building stim pattern for pattern_name 2656
2026-02-02 14:41:40,629 - INFO - Building stim pattern for pattern_name 3911
2026-02-02 14:41:40,646 - INFO - Building stim pattern for pattern_name 3796
2026-02-02 14:41:40,656 - INFO - Building stim pattern for pattern_name 3072
2026-02-02 14:41:40,666 - INFO - Building stim pattern for pattern_name 1686
2026-02-02 14:41:40,676 - INFO - Building stim pattern for pattern_name 3831
2026-02-02 14:41:40,686 - INFO - Building stim pattern for pattern_name 1885
2026-02-02 14:41:40,695 - INFO - Building stim pattern for pattern_name 311
2026-02-02 14:41:40,706 - INFO - Building stim pattern for pattern_name 1816
2026-02-02 14:41:40,720 - INFO - Building stim pattern for pattern_name 926
2026-02-02 14:41:40,731 - INFO - Building stim pattern for pattern_name 1298
2026-02-02 14:41:40,748 - INFO - Building stim pattern for pattern_name 3795
2026-02-02 14:41:40,766 - INFO - Building stim pattern for pattern_name 2130
2026-02-02 14:41:40,777 - INFO - Building stim pattern for pattern_name 1773
2026-02-02 14:41:40,789 - INFO - Building stim pattern for pattern_name 1027
2026-02-02 14:41:40,800 - INFO - Building stim pattern for pattern_name 3698
2026-02-02 14:41:40,817 - INFO - Building stim pattern for pattern_name 2150
2026-02-02 14:41:40,827 - INFO - Building stim pattern for pattern_name 3151
2026-02-02 14:41:40,839 - INFO - Building stim pattern for pattern_name 3047
2026-02-02 14:41:40,850 - INFO - Building stim pattern for pattern_name 3741
2026-02-02 14:41:40,871 - INFO - Building stim pattern for pattern_name 1412
2026-02-02 14:41:40,883 - INFO - Building stim pattern for pattern_name 2879
2026-02-02 14:41:40,896 - INFO - Building stim pattern for pattern_name 2868
2026-02-02 14:41:40,955 - INFO - Building stim pattern for pattern_name 3942
2026-02-02 14:41:40,993 - INFO - Building stim pattern for pattern_name 659
2026-02-02 14:41:41,021 - INFO - Building stim pattern for pattern_name 3526
2026-02-02 14:41:41,034 - INFO - Building stim pattern for pattern_name 2693
2026-02-02 14:41:41,045 - INFO - Building stim pattern for pattern_name 1505
2026-02-02 14:41:41,056 - INFO - Building stim pattern for pattern_name 613
2026-02-02 14:41:41,069 - INFO - Building stim pattern for pattern_name 548
2026-02-02 14:41:41,085 - INFO - Building stim pattern for pattern_name 2760
2026-02-02 14:41:41,095 - INFO - Building stim pattern for pattern_name 812
2026-02-02 14:41:41,110 - INFO - Building stim pattern for pattern_name 2904
2026-02-02 14:41:41,120 - INFO - Building stim pattern for pattern_name 883
2026-02-02 14:41:41,142 - INFO - Building stim pattern for pattern_name 1840
2026-02-02 14:41:41,152 - INFO - Building stim pattern for pattern_name 2769
2026-02-02 14:41:41,161 - INFO - Building stim pattern for pattern_name 718
2026-02-02 14:41:41,182 - INFO - Building stim pattern for pattern_name 2326
2026-02-02 14:41:41,194 - INFO - Building stim pattern for pattern_name 3736
2026-02-02 14:41:41,205 - INFO - Building stim pattern for pattern_name 2074
2026-02-02 14:41:41,227 - INFO - Building stim pattern for pattern_name 3420
2026-02-02 14:41:41,237 - INFO - Building stim pattern for pattern_name 599
2026-02-02 14:41:41,253 - INFO - Building stim pattern for pattern_name 2044
2026-02-02 14:41:41,264 - INFO - Building stim pattern for pattern_name 1814
2026-02-02 14:41:41,276 - INFO - Building stim pattern for pattern_name 3229
2026-02-02 14:41:41,286 - INFO - Building stim pattern for pattern_name 411
2026-02-02 14:41:41,296 - INFO - Building stim pattern for pattern_name 1552
2026-02-02 14:41:41,306 - INFO - Building stim pattern for pattern_name 2082
2026-02-02 14:41:41,330 - INFO - Building stim pattern for pattern_name 3217
2026-02-02 14:41:41,341 - INFO - Building stim pattern for pattern_name 1667
2026-02-02 14:41:41,359 - INFO - Building stim pattern for pattern_name 3268
2026-02-02 14:41:41,369 - INFO - Building stim pattern for pattern_name 3161
2026-02-02 14:41:41,379 - INFO - Building stim pattern for pattern_name 2767
2026-02-02 14:41:41,389 - INFO - Building stim pattern for pattern_name 20
2026-02-02 14:41:41,398 - INFO - Building stim pattern for pattern_name 3684
2026-02-02 14:41:41,409 - INFO - Building stim pattern for pattern_name 538
2026-02-02 14:41:41,421 - INFO - Building stim pattern for pattern_name 3116
2026-02-02 14:41:41,440 - INFO - Building stim pattern for pattern_name 1914
2026-02-02 14:41:41,451 - INFO - Building stim pattern for pattern_name 2768
2026-02-02 14:41:41,462 - INFO - Building stim pattern for pattern_name 1821
2026-02-02 14:41:41,477 - INFO - Building stim pattern for pattern_name 886
2026-02-02 14:41:41,488 - INFO - Building stim pattern for pattern_name 2325
2026-02-02 14:41:41,497 - INFO - Building stim pattern for pattern_name 3727
2026-02-02 14:41:41,507 - INFO - Building stim pattern for pattern_name 3245
2026-02-02 14:41:41,517 - INFO - Building stim pattern for pattern_name 1322
2026-02-02 14:41:41,528 - INFO - Building stim pattern for pattern_name 2583
2026-02-02 14:41:41,539 - INFO - Building stim pattern for pattern_name 2090
2026-02-02 14:41:41,551 - INFO - Building stim pattern for pattern_name 3384
2026-02-02 14:41:41,573 - INFO - Building stim pattern for pattern_name 164
2026-02-02 14:41:41,591 - INFO - Building stim pattern for pattern_name 22
2026-02-02 14:41:41,602 - INFO - Building stim pattern for pattern_name 3186
2026-02-02 14:41:41,612 - INFO - Building stim pattern for pattern_name 3745
2026-02-02 14:41:41,622 - INFO - Building stim pattern for pattern_name 70
2026-02-02 14:41:41,635 - INFO - Building stim pattern for pattern_name 1110
2026-02-02 14:41:41,645 - INFO - Building stim pattern for pattern_name 3532
2026-02-02 14:41:41,656 - INFO - Building stim pattern for pattern_name 1989
2026-02-02 14:41:41,667 - INFO - Building stim pattern for pattern_name 2307
2026-02-02 14:41:41,678 - INFO - Building stim pattern for pattern_name 633
2026-02-02 14:41:41,689 - INFO - Building stim pattern for pattern_name 3440
2026-02-02 14:41:41,701 - INFO - Building stim pattern for pattern_name 1734
2026-02-02 14:41:41,724 - INFO - Building stim pattern for pattern_name 1648
2026-02-02 14:41:41,735 - INFO - Building stim pattern for pattern_name 2462
2026-02-02 14:41:41,748 - INFO - Building stim pattern for pattern_name 3760
2026-02-02 14:41:41,759 - INFO - Building stim pattern for pattern_name 3913
2026-02-02 14:41:41,769 - INFO - Building stim pattern for pattern_name 2474
2026-02-02 14:41:41,793 - INFO - Building stim pattern for pattern_name 2059
2026-02-02 14:41:41,802 - INFO - Building stim pattern for pattern_name 1931
2026-02-02 14:41:41,812 - INFO - Building stim pattern for pattern_name 2632
2026-02-02 14:41:41,824 - INFO - Building stim pattern for pattern_name 2165
2026-02-02 14:41:41,835 - INFO - Building stim pattern for pattern_name 2408
2026-02-02 14:41:41,846 - INFO - Building stim pattern for pattern_name 1470
2026-02-02 14:41:41,856 - INFO - Building stim pattern for pattern_name 1003
2026-02-02 14:41:41,867 - INFO - Building stim pattern for pattern_name 1550
2026-02-02 14:41:41,878 - INFO - Building stim pattern for pattern_name 759
2026-02-02 14:41:41,898 - INFO - Building stim pattern for pattern_name 1126
2026-02-02 14:41:41,915 - INFO - Building stim pattern for pattern_name 1301
2026-02-02 14:41:41,933 - INFO - Building stim pattern for pattern_name 528
2026-02-02 14:41:41,945 - INFO - Building stim pattern for pattern_name 2026
2026-02-02 14:41:41,955 - INFO - Building stim pattern for pattern_name 1210
2026-02-02 14:41:41,966 - INFO - Building stim pattern for pattern_name 46
2026-02-02 14:41:41,977 - INFO - Building stim pattern for pattern_name 2697
2026-02-02 14:41:41,994 - INFO - Building stim pattern for pattern_name 3589
2026-02-02 14:41:42,013 - INFO - Building stim pattern for pattern_name 1220
2026-02-02 14:41:42,024 - INFO - Building stim pattern for pattern_name 3018
2026-02-02 14:41:42,041 - INFO - Building stim pattern for pattern_name 1012
2026-02-02 14:41:42,052 - INFO - Building stim pattern for pattern_name 1417
2026-02-02 14:41:42,063 - INFO - Building stim pattern for pattern_name 401
2026-02-02 14:41:42,089 - INFO - Building stim pattern for pattern_name 3023
2026-02-02 14:41:42,104 - INFO - Building stim pattern for pattern_name 1886
2026-02-02 14:41:42,114 - INFO - Building stim pattern for pattern_name 1228
2026-02-02 14:41:42,124 - INFO - Building stim pattern for pattern_name 147
2026-02-02 14:41:42,134 - INFO - Building stim pattern for pattern_name 1731
2026-02-02 14:41:42,151 - INFO - Building stim pattern for pattern_name 3847
2026-02-02 14:41:42,162 - INFO - Building stim pattern for pattern_name 2513
2026-02-02 14:41:42,172 - INFO - Building stim pattern for pattern_name 1022
2026-02-02 14:41:42,182 - INFO - Building stim pattern for pattern_name 1057
2026-02-02 14:41:42,201 - INFO - Building stim pattern for pattern_name 257
2026-02-02 14:41:42,217 - INFO - Building stim pattern for pattern_name 780
2026-02-02 14:41:42,228 - INFO - Building stim pattern for pattern_name 928
2026-02-02 14:41:42,239 - INFO - Building stim pattern for pattern_name 126
2026-02-02 14:41:42,249 - INFO - Building stim pattern for pattern_name 384
2026-02-02 14:41:42,259 - INFO - Building stim pattern for pattern_name 3080
2026-02-02 14:41:42,269 - INFO - Building stim pattern for pattern_name 2198
2026-02-02 14:41:42,279 - INFO - Building stim pattern for pattern_name 698
2026-02-02 14:41:42,294 - INFO - Building stim pattern for pattern_name 1992
2026-02-02 14:41:42,310 - INFO - Building stim pattern for pattern_name 194
2026-02-02 14:41:42,321 - INFO - Building stim pattern for pattern_name 916
2026-02-02 14:41:42,331 - INFO - Building stim pattern for pattern_name 3662
2026-02-02 14:41:42,341 - INFO - Building stim pattern for pattern_name 3975
2026-02-02 14:41:42,351 - INFO - Building stim pattern for pattern_name 385
2026-02-02 14:41:42,360 - INFO - Building stim pattern for pattern_name 723
2026-02-02 14:41:42,376 - INFO - Building stim pattern for pattern_name 636
2026-02-02 14:41:42,391 - INFO - Building stim pattern for pattern_name 3841
2026-02-02 14:41:42,417 - INFO - Building stim pattern for pattern_name 3781
2026-02-02 14:41:42,427 - INFO - Building stim pattern for pattern_name 3309
2026-02-02 14:41:42,437 - INFO - Building stim pattern for pattern_name 2554
2026-02-02 14:41:42,452 - INFO - Building stim pattern for pattern_name 794
2026-02-02 14:41:42,464 - INFO - Building stim pattern for pattern_name 1062
2026-02-02 14:41:42,475 - INFO - Building stim pattern for pattern_name 366
2026-02-02 14:41:42,486 - INFO - Building stim pattern for pattern_name 327
2026-02-02 14:41:42,496 - INFO - Building stim pattern for pattern_name 1460
2026-02-02 14:41:42,510 - INFO - Building stim pattern for pattern_name 2959
2026-02-02 14:41:42,538 - INFO - Building stim pattern for pattern_name 1740
2026-02-02 14:41:42,559 - INFO - Building stim pattern for pattern_name 3757
2026-02-02 14:41:42,570 - INFO - Building stim pattern for pattern_name 2684
2026-02-02 14:41:42,586 - INFO - Building stim pattern for pattern_name 376
2026-02-02 14:41:42,604 - INFO - Building stim pattern for pattern_name 2994
2026-02-02 14:41:42,614 - INFO - Building stim pattern for pattern_name 3012
2026-02-02 14:41:42,625 - INFO - Building stim pattern for pattern_name 2162
2026-02-02 14:41:42,636 - INFO - Building stim pattern for pattern_name 425
2026-02-02 14:41:42,644 - INFO - Building stim pattern for pattern_name 1276
2026-02-02 14:41:42,655 - INFO - Building stim pattern for pattern_name 701
2026-02-02 14:41:42,665 - INFO - Building stim pattern for pattern_name 3352
2026-02-02 14:41:42,676 - INFO - Building stim pattern for pattern_name 3114
2026-02-02 14:41:42,686 - INFO - Building stim pattern for pattern_name 1890
2026-02-02 14:41:42,697 - INFO - Building stim pattern for pattern_name 3081
2026-02-02 14:41:42,714 - INFO - Building stim pattern for pattern_name 2126
2026-02-02 14:41:42,734 - INFO - Building stim pattern for pattern_name 169
2026-02-02 14:41:42,752 - INFO - Building stim pattern for pattern_name 2638
2026-02-02 14:41:42,777 - INFO - Building stim pattern for pattern_name 2886
2026-02-02 14:41:42,789 - INFO - Building stim pattern for pattern_name 3517
2026-02-02 14:41:42,801 - INFO - Building stim pattern for pattern_name 1308
2026-02-02 14:41:42,813 - INFO - Building stim pattern for pattern_name 938
2026-02-02 14:41:42,825 - INFO - Building stim pattern for pattern_name 3714
2026-02-02 14:41:42,839 - INFO - Building stim pattern for pattern_name 3984
2026-02-02 14:41:42,869 - INFO - Building stim pattern for pattern_name 228
2026-02-02 14:41:42,879 - INFO - Building stim pattern for pattern_name 2600
2026-02-02 14:41:42,891 - INFO - Building stim pattern for pattern_name 1511
2026-02-02 14:41:42,901 - INFO - Building stim pattern for pattern_name 629
2026-02-02 14:41:42,912 - INFO - Building stim pattern for pattern_name 1969
2026-02-02 14:41:42,923 - INFO - Building stim pattern for pattern_name 2899
2026-02-02 14:41:42,934 - INFO - Building stim pattern for pattern_name 2631
2026-02-02 14:41:42,946 - INFO - Building stim pattern for pattern_name 835
2026-02-02 14:41:42,958 - INFO - Building stim pattern for pattern_name 2123
2026-02-02 14:41:42,969 - INFO - Building stim pattern for pattern_name 480
2026-02-02 14:41:42,979 - INFO - Building stim pattern for pattern_name 137
2026-02-02 14:41:42,990 - INFO - Building stim pattern for pattern_name 3894
2026-02-02 14:41:43,000 - INFO - Building stim pattern for pattern_name 3345
2026-02-02 14:41:43,012 - INFO - Building stim pattern for pattern_name 1207
2026-02-02 14:41:43,024 - INFO - Building stim pattern for pattern_name 3876
2026-02-02 14:41:43,043 - INFO - Building stim pattern for pattern_name 360
2026-02-02 14:41:43,056 - INFO - Building stim pattern for pattern_name 2179
2026-02-02 14:41:43,070 - INFO - Building stim pattern for pattern_name 1699
2026-02-02 14:41:43,083 - INFO - Building stim pattern for pattern_name 1354
2026-02-02 14:41:43,096 - INFO - Building stim pattern for pattern_name 1420
2026-02-02 14:41:43,108 - INFO - Building stim pattern for pattern_name 170
2026-02-02 14:41:43,121 - INFO - Building stim pattern for pattern_name 1690
2026-02-02 14:41:43,132 - INFO - Building stim pattern for pattern_name 2377
2026-02-02 14:41:43,156 - INFO - Building stim pattern for pattern_name 3907
2026-02-02 14:41:43,166 - INFO - Building stim pattern for pattern_name 1019
2026-02-02 14:41:43,178 - INFO - Building stim pattern for pattern_name 2576
2026-02-02 14:41:43,190 - INFO - Building stim pattern for pattern_name 1007
2026-02-02 14:41:43,201 - INFO - Building stim pattern for pattern_name 1194
2026-02-02 14:41:43,218 - INFO - Building stim pattern for pattern_name 3494
2026-02-02 14:41:43,230 - INFO - Building stim pattern for pattern_name 3279
2026-02-02 14:41:43,241 - INFO - Building stim pattern for pattern_name 2343
2026-02-02 14:41:43,251 - INFO - Building stim pattern for pattern_name 400
2026-02-02 14:41:43,274 - INFO - Building stim pattern for pattern_name 1584
2026-02-02 14:41:43,285 - INFO - Building stim pattern for pattern_name 1089
2026-02-02 14:41:43,296 - INFO - Building stim pattern for pattern_name 1061
2026-02-02 14:41:43,306 - INFO - Building stim pattern for pattern_name 1954
2026-02-02 14:41:43,327 - INFO - Building stim pattern for pattern_name 2006
2026-02-02 14:41:43,357 - INFO - Building stim pattern for pattern_name 1671
2026-02-02 14:41:43,371 - INFO - Building stim pattern for pattern_name 3478
2026-02-02 14:41:43,383 - INFO - Building stim pattern for pattern_name 1319
2026-02-02 14:41:43,402 - INFO - Building stim pattern for pattern_name 2433
2026-02-02 14:41:43,413 - INFO - Building stim pattern for pattern_name 3032
2026-02-02 14:41:43,428 - INFO - Building stim pattern for pattern_name 93
2026-02-02 14:41:43,439 - INFO - Building stim pattern for pattern_name 1161
2026-02-02 14:41:43,450 - INFO - Building stim pattern for pattern_name 249
2026-02-02 14:41:43,568 - INFO - Building stim pattern for pattern_name 687
2026-02-02 14:41:43,633 - INFO - Building stim pattern for pattern_name 1676
2026-02-02 14:41:43,645 - INFO - Building stim pattern for pattern_name 2654
2026-02-02 14:41:43,656 - INFO - Building stim pattern for pattern_name 901
2026-02-02 14:41:43,667 - INFO - Building stim pattern for pattern_name 1916
2026-02-02 14:41:43,691 - INFO - Building stim pattern for pattern_name 377
2026-02-02 14:41:43,702 - INFO - Building stim pattern for pattern_name 2389
2026-02-02 14:41:43,713 - INFO - Building stim pattern for pattern_name 78
2026-02-02 14:41:43,725 - INFO - Building stim pattern for pattern_name 1836
2026-02-02 14:41:43,742 - INFO - Building stim pattern for pattern_name 2199
2026-02-02 14:41:43,753 - INFO - Building stim pattern for pattern_name 3854
2026-02-02 14:41:43,764 - INFO - Building stim pattern for pattern_name 2395
2026-02-02 14:41:43,773 - INFO - Building stim pattern for pattern_name 753
2026-02-02 14:41:43,784 - INFO - Building stim pattern for pattern_name 1983
2026-02-02 14:41:43,795 - INFO - Building stim pattern for pattern_name 3225
2026-02-02 14:41:43,806 - INFO - Building stim pattern for pattern_name 1728
2026-02-02 14:41:43,823 - INFO - Building stim pattern for pattern_name 1500
2026-02-02 14:41:43,834 - INFO - Building stim pattern for pattern_name 2376
2026-02-02 14:41:43,852 - INFO - Building stim pattern for pattern_name 1029
2026-02-02 14:41:43,864 - INFO - Building stim pattern for pattern_name 2863
2026-02-02 14:41:43,874 - INFO - Building stim pattern for pattern_name 1586
2026-02-02 14:41:43,887 - INFO - Building stim pattern for pattern_name 2856
2026-02-02 14:41:43,898 - INFO - Building stim pattern for pattern_name 897
2026-02-02 14:41:43,911 - INFO - Building stim pattern for pattern_name 2621
2026-02-02 14:41:43,920 - INFO - Building stim pattern for pattern_name 2226
2026-02-02 14:41:43,931 - INFO - Building stim pattern for pattern_name 291
2026-02-02 14:41:43,942 - INFO - Building stim pattern for pattern_name 2482
2026-02-02 14:41:43,955 - INFO - Building stim pattern for pattern_name 2449
2026-02-02 14:41:43,969 - INFO - Building stim pattern for pattern_name 1216
2026-02-02 14:41:43,981 - INFO - Building stim pattern for pattern_name 1714
2026-02-02 14:41:43,992 - INFO - Building stim pattern for pattern_name 2447
2026-02-02 14:41:44,004 - INFO - Building stim pattern for pattern_name 1616
2026-02-02 14:41:44,022 - INFO - Building stim pattern for pattern_name 3793
2026-02-02 14:41:44,034 - INFO - Building stim pattern for pattern_name 2986
2026-02-02 14:41:44,045 - INFO - Building stim pattern for pattern_name 2364
2026-02-02 14:41:44,061 - INFO - Building stim pattern for pattern_name 2548
2026-02-02 14:41:44,073 - INFO - Building stim pattern for pattern_name 3133
2026-02-02 14:41:44,083 - INFO - Building stim pattern for pattern_name 3978
2026-02-02 14:41:44,093 - INFO - Building stim pattern for pattern_name 1495
2026-02-02 14:41:44,104 - INFO - Building stim pattern for pattern_name 1719
2026-02-02 14:41:44,120 - INFO - Building stim pattern for pattern_name 1908
2026-02-02 14:41:44,131 - INFO - Building stim pattern for pattern_name 1170
2026-02-02 14:41:44,141 - INFO - Building stim pattern for pattern_name 1883
2026-02-02 14:41:44,152 - INFO - Building stim pattern for pattern_name 3141
2026-02-02 14:41:44,175 - INFO - Building stim pattern for pattern_name 1451
2026-02-02 14:41:44,185 - INFO - Building stim pattern for pattern_name 255
2026-02-02 14:41:44,196 - INFO - Building stim pattern for pattern_name 1024
2026-02-02 14:41:44,206 - INFO - Building stim pattern for pattern_name 2085
2026-02-02 14:41:44,217 - INFO - Building stim pattern for pattern_name 413
2026-02-02 14:41:44,228 - INFO - Building stim pattern for pattern_name 1680
2026-02-02 14:41:44,238 - INFO - Building stim pattern for pattern_name 3868
2026-02-02 14:41:44,248 - INFO - Building stim pattern for pattern_name 292
2026-02-02 14:41:44,259 - INFO - Building stim pattern for pattern_name 469
2026-02-02 14:41:44,269 - INFO - Building stim pattern for pattern_name 2286
2026-02-02 14:41:44,289 - INFO - Building stim pattern for pattern_name 184
2026-02-02 14:41:44,303 - INFO - Building stim pattern for pattern_name 1965
2026-02-02 14:41:44,313 - INFO - Building stim pattern for pattern_name 3849
2026-02-02 14:41:44,326 - INFO - Building stim pattern for pattern_name 2011
2026-02-02 14:41:44,338 - INFO - Building stim pattern for pattern_name 3866
2026-02-02 14:41:44,350 - INFO - Building stim pattern for pattern_name 1779
2026-02-02 14:41:44,360 - INFO - Building stim pattern for pattern_name 3881
2026-02-02 14:41:44,371 - INFO - Building stim pattern for pattern_name 3839
2026-02-02 14:41:44,382 - INFO - Building stim pattern for pattern_name 1273
2026-02-02 14:41:44,396 - INFO - Building stim pattern for pattern_name 1563
2026-02-02 14:41:44,413 - INFO - Building stim pattern for pattern_name 1799
2026-02-02 14:41:44,426 - INFO - Building stim pattern for pattern_name 3416
2026-02-02 14:41:44,437 - INFO - Building stim pattern for pattern_name 661
2026-02-02 14:41:44,447 - INFO - Building stim pattern for pattern_name 2728
2026-02-02 14:41:44,457 - INFO - Building stim pattern for pattern_name 838
2026-02-02 14:41:44,468 - INFO - Building stim pattern for pattern_name 1634
2026-02-02 14:41:44,479 - INFO - Building stim pattern for pattern_name 3973
2026-02-02 14:41:44,489 - INFO - Building stim pattern for pattern_name 1171
2026-02-02 14:41:44,505 - INFO - Building stim pattern for pattern_name 2416
2026-02-02 14:41:44,515 - INFO - Building stim pattern for pattern_name 313
2026-02-02 14:41:44,531 - INFO - Building stim pattern for pattern_name 3313
2026-02-02 14:41:44,548 - INFO - Building stim pattern for pattern_name 3611
2026-02-02 14:41:44,559 - INFO - Building stim pattern for pattern_name 3715
2026-02-02 14:41:44,571 - INFO - Building stim pattern for pattern_name 764
2026-02-02 14:41:44,581 - INFO - Building stim pattern for pattern_name 116
2026-02-02 14:41:44,598 - INFO - Building stim pattern for pattern_name 2786
2026-02-02 14:41:44,608 - INFO - Building stim pattern for pattern_name 445
2026-02-02 14:41:44,625 - INFO - Building stim pattern for pattern_name 2529
2026-02-02 14:41:44,645 - INFO - Building stim pattern for pattern_name 3631
2026-02-02 14:41:44,666 - INFO - Building stim pattern for pattern_name 2092
2026-02-02 14:41:44,677 - INFO - Building stim pattern for pattern_name 1368
2026-02-02 14:41:44,695 - INFO - Building stim pattern for pattern_name 2239
2026-02-02 14:41:44,708 - INFO - Building stim pattern for pattern_name 944
2026-02-02 14:41:44,721 - INFO - Building stim pattern for pattern_name 1294
2026-02-02 14:41:44,731 - INFO - Building stim pattern for pattern_name 562
2026-02-02 14:41:44,743 - INFO - Building stim pattern for pattern_name 815
2026-02-02 14:41:44,753 - INFO - Building stim pattern for pattern_name 2478
2026-02-02 14:41:44,764 - INFO - Building stim pattern for pattern_name 964
2026-02-02 14:41:44,774 - INFO - Building stim pattern for pattern_name 3378
2026-02-02 14:41:44,791 - INFO - Building stim pattern for pattern_name 2920
2026-02-02 14:41:44,802 - INFO - Building stim pattern for pattern_name 1687
2026-02-02 14:41:44,813 - INFO - Building stim pattern for pattern_name 1438
2026-02-02 14:41:44,823 - INFO - Building stim pattern for pattern_name 487
2026-02-02 14:41:44,834 - INFO - Building stim pattern for pattern_name 825
2026-02-02 14:41:44,856 - INFO - Building stim pattern for pattern_name 974
2026-02-02 14:41:44,866 - INFO - Building stim pattern for pattern_name 3126
2026-02-02 14:41:44,878 - INFO - Building stim pattern for pattern_name 1772
2026-02-02 14:41:44,888 - INFO - Building stim pattern for pattern_name 1708
2026-02-02 14:41:44,899 - INFO - Building stim pattern for pattern_name 2729
2026-02-02 14:41:44,916 - INFO - Building stim pattern for pattern_name 2610
2026-02-02 14:41:44,927 - INFO - Building stim pattern for pattern_name 3685
2026-02-02 14:41:44,938 - INFO - Building stim pattern for pattern_name 2843
2026-02-02 14:41:44,950 - INFO - Building stim pattern for pattern_name 1133
2026-02-02 14:41:44,963 - INFO - Building stim pattern for pattern_name 3825
2026-02-02 14:41:44,975 - INFO - Building stim pattern for pattern_name 1403
2026-02-02 14:41:44,986 - INFO - Building stim pattern for pattern_name 3256
2026-02-02 14:41:44,996 - INFO - Building stim pattern for pattern_name 2534
2026-02-02 14:41:45,007 - INFO - Building stim pattern for pattern_name 3385
2026-02-02 14:41:45,027 - INFO - Building stim pattern for pattern_name 726
2026-02-02 14:41:45,037 - INFO - Building stim pattern for pattern_name 3877
2026-02-02 14:41:45,049 - INFO - Building stim pattern for pattern_name 1575
2026-02-02 14:41:45,065 - INFO - Building stim pattern for pattern_name 2518
2026-02-02 14:41:45,076 - INFO - Building stim pattern for pattern_name 340
2026-02-02 14:41:45,087 - INFO - Building stim pattern for pattern_name 3073
2026-02-02 14:41:45,103 - INFO - Building stim pattern for pattern_name 380
2026-02-02 14:41:45,114 - INFO - Building stim pattern for pattern_name 2323
2026-02-02 14:41:45,131 - INFO - Building stim pattern for pattern_name 639
2026-02-02 14:41:45,143 - INFO - Building stim pattern for pattern_name 1701
2026-02-02 14:41:45,154 - INFO - Building stim pattern for pattern_name 1366
2026-02-02 14:41:45,164 - INFO - Building stim pattern for pattern_name 1762
2026-02-02 14:41:45,176 - INFO - Building stim pattern for pattern_name 3967
2026-02-02 14:41:45,187 - INFO - Building stim pattern for pattern_name 602
2026-02-02 14:41:45,199 - INFO - Building stim pattern for pattern_name 443
2026-02-02 14:41:45,209 - INFO - Building stim pattern for pattern_name 3694
2026-02-02 14:41:45,219 - INFO - Building stim pattern for pattern_name 3604
2026-02-02 14:41:45,230 - INFO - Building stim pattern for pattern_name 1314
2026-02-02 14:41:45,242 - INFO - Building stim pattern for pattern_name 1426
2026-02-02 14:41:45,253 - INFO - Building stim pattern for pattern_name 2819
2026-02-02 14:41:45,270 - INFO - Building stim pattern for pattern_name 2105
2026-02-02 14:41:45,280 - INFO - Building stim pattern for pattern_name 329
2026-02-02 14:41:45,291 - INFO - Building stim pattern for pattern_name 1380
2026-02-02 14:41:45,301 - INFO - Building stim pattern for pattern_name 3461
2026-02-02 14:41:45,313 - INFO - Building stim pattern for pattern_name 2375
2026-02-02 14:41:45,324 - INFO - Building stim pattern for pattern_name 632
2026-02-02 14:41:45,337 - INFO - Building stim pattern for pattern_name 1717
2026-02-02 14:41:45,347 - INFO - Building stim pattern for pattern_name 3993
2026-02-02 14:41:45,358 - INFO - Building stim pattern for pattern_name 1128
2026-02-02 14:41:45,369 - INFO - Building stim pattern for pattern_name 2623
2026-02-02 14:41:45,379 - INFO - Building stim pattern for pattern_name 816
2026-02-02 14:41:45,391 - INFO - Building stim pattern for pattern_name 1104
2026-02-02 14:41:45,411 - INFO - Building stim pattern for pattern_name 1143
2026-02-02 14:41:45,421 - INFO - Building stim pattern for pattern_name 1949
2026-02-02 14:41:45,432 - INFO - Building stim pattern for pattern_name 344
2026-02-02 14:41:45,444 - INFO - Building stim pattern for pattern_name 3649
2026-02-02 14:41:45,460 - INFO - Building stim pattern for pattern_name 2077
2026-02-02 14:41:45,472 - INFO - Building stim pattern for pattern_name 2458
2026-02-02 14:41:45,488 - INFO - Building stim pattern for pattern_name 1898
2026-02-02 14:41:45,498 - INFO - Building stim pattern for pattern_name 1332
2026-02-02 14:41:45,515 - INFO - Building stim pattern for pattern_name 3807
2026-02-02 14:41:45,527 - INFO - Building stim pattern for pattern_name 1364
2026-02-02 14:41:45,537 - INFO - Building stim pattern for pattern_name 3982
2026-02-02 14:41:45,549 - INFO - Building stim pattern for pattern_name 1406
2026-02-02 14:41:45,559 - INFO - Building stim pattern for pattern_name 336
2026-02-02 14:41:45,569 - INFO - Building stim pattern for pattern_name 710
2026-02-02 14:41:45,586 - INFO - Building stim pattern for pattern_name 2342
2026-02-02 14:41:45,598 - INFO - Building stim pattern for pattern_name 3776
2026-02-02 14:41:45,623 - INFO - Building stim pattern for pattern_name 1158
2026-02-02 14:41:45,633 - INFO - Building stim pattern for pattern_name 486
2026-02-02 14:41:45,649 - INFO - Building stim pattern for pattern_name 421
2026-02-02 14:41:45,659 - INFO - Building stim pattern for pattern_name 1471
2026-02-02 14:41:45,670 - INFO - Building stim pattern for pattern_name 3021
2026-02-02 14:41:45,680 - INFO - Building stim pattern for pattern_name 3674
2026-02-02 14:41:45,696 - INFO - Building stim pattern for pattern_name 2966
2026-02-02 14:41:45,707 - INFO - Building stim pattern for pattern_name 2921
2026-02-02 14:41:45,718 - INFO - Building stim pattern for pattern_name 834
2026-02-02 14:41:45,730 - INFO - Building stim pattern for pattern_name 3237
2026-02-02 14:41:45,741 - INFO - Building stim pattern for pattern_name 2612
2026-02-02 14:41:45,752 - INFO - Building stim pattern for pattern_name 1541
2026-02-02 14:41:45,762 - INFO - Building stim pattern for pattern_name 2351
2026-02-02 14:41:45,774 - INFO - Building stim pattern for pattern_name 1570
2026-02-02 14:41:45,854 - INFO - Building stim pattern for pattern_name 325
2026-02-02 14:41:45,871 - INFO - Building stim pattern for pattern_name 3914
2026-02-02 14:41:45,898 - INFO - Building stim pattern for pattern_name 3355
2026-02-02 14:41:45,909 - INFO - Building stim pattern for pattern_name 1837
2026-02-02 14:41:45,921 - INFO - Building stim pattern for pattern_name 2503
2026-02-02 14:41:45,944 - INFO - Building stim pattern for pattern_name 306
2026-02-02 14:41:45,956 - INFO - Building stim pattern for pattern_name 672
2026-02-02 14:41:45,967 - INFO - Building stim pattern for pattern_name 2018
2026-02-02 14:41:45,977 - INFO - Building stim pattern for pattern_name 1778
2026-02-02 14:41:46,012 - INFO - Building stim pattern for pattern_name 2189
2026-02-02 14:41:46,033 - INFO - Building stim pattern for pattern_name 3448
2026-02-02 14:41:46,044 - INFO - Building stim pattern for pattern_name 2211
2026-02-02 14:41:46,061 - INFO - Building stim pattern for pattern_name 2148
2026-02-02 14:41:46,070 - INFO - Building stim pattern for pattern_name 3409
2026-02-02 14:41:46,082 - INFO - Building stim pattern for pattern_name 3052
2026-02-02 14:41:46,113 - INFO - Building stim pattern for pattern_name 268
2026-02-02 14:41:46,123 - INFO - Building stim pattern for pattern_name 1385
2026-02-02 14:41:46,133 - INFO - Building stim pattern for pattern_name 720
2026-02-02 14:41:46,144 - INFO - Building stim pattern for pattern_name 72
2026-02-02 14:41:46,153 - INFO - Building stim pattern for pattern_name 2759
2026-02-02 14:41:46,163 - INFO - Building stim pattern for pattern_name 2765
2026-02-02 14:41:46,173 - INFO - Building stim pattern for pattern_name 793
2026-02-02 14:41:46,183 - INFO - Building stim pattern for pattern_name 2171
2026-02-02 14:41:46,198 - INFO - Building stim pattern for pattern_name 2985
2026-02-02 14:41:46,209 - INFO - Building stim pattern for pattern_name 2598
2026-02-02 14:41:46,219 - INFO - Building stim pattern for pattern_name 3851
2026-02-02 14:41:46,229 - INFO - Building stim pattern for pattern_name 1434
2026-02-02 14:41:46,240 - INFO - Building stim pattern for pattern_name 1445
2026-02-02 14:41:46,251 - INFO - Building stim pattern for pattern_name 1146
2026-02-02 14:41:46,261 - INFO - Building stim pattern for pattern_name 2551
2026-02-02 14:41:46,271 - INFO - Building stim pattern for pattern_name 1802
2026-02-02 14:41:46,282 - INFO - Building stim pattern for pattern_name 3123
2026-02-02 14:41:46,299 - INFO - Building stim pattern for pattern_name 902
2026-02-02 14:41:46,309 - INFO - Building stim pattern for pattern_name 767
2026-02-02 14:41:46,320 - INFO - Building stim pattern for pattern_name 3821
2026-02-02 14:41:46,331 - INFO - Building stim pattern for pattern_name 3564
2026-02-02 14:41:46,341 - INFO - Building stim pattern for pattern_name 905
2026-02-02 14:41:46,351 - INFO - Building stim pattern for pattern_name 2624
2026-02-02 14:41:46,361 - INFO - Building stim pattern for pattern_name 2434
2026-02-02 14:41:46,371 - INFO - Building stim pattern for pattern_name 2267
2026-02-02 14:41:46,381 - INFO - Building stim pattern for pattern_name 3028
2026-02-02 14:41:46,391 - INFO - Building stim pattern for pattern_name 131
2026-02-02 14:41:46,402 - INFO - Building stim pattern for pattern_name 763
2026-02-02 14:41:46,420 - INFO - Building stim pattern for pattern_name 1751
2026-02-02 14:41:46,430 - INFO - Building stim pattern for pattern_name 2951
2026-02-02 14:41:46,441 - INFO - Building stim pattern for pattern_name 2175
2026-02-02 14:41:46,452 - INFO - Building stim pattern for pattern_name 616
2026-02-02 14:41:46,463 - INFO - Building stim pattern for pattern_name 3139
2026-02-02 14:41:46,474 - INFO - Building stim pattern for pattern_name 407
2026-02-02 14:41:46,484 - INFO - Building stim pattern for pattern_name 1245
2026-02-02 14:41:46,495 - INFO - Building stim pattern for pattern_name 3654
2026-02-02 14:41:46,506 - INFO - Building stim pattern for pattern_name 1079
2026-02-02 14:41:46,527 - INFO - Building stim pattern for pattern_name 3188
2026-02-02 14:41:46,541 - INFO - Building stim pattern for pattern_name 265
2026-02-02 14:41:46,556 - INFO - Building stim pattern for pattern_name 608
2026-02-02 14:41:46,570 - INFO - Building stim pattern for pattern_name 1025
2026-02-02 14:41:46,590 - INFO - Building stim pattern for pattern_name 2837
2026-02-02 14:41:46,603 - INFO - Building stim pattern for pattern_name 3160
2026-02-02 14:41:46,616 - INFO - Building stim pattern for pattern_name 1091
2026-02-02 14:41:46,627 - INFO - Building stim pattern for pattern_name 324
2026-02-02 14:41:46,638 - INFO - Building stim pattern for pattern_name 1214
2026-02-02 14:41:46,650 - INFO - Building stim pattern for pattern_name 180
2026-02-02 14:41:46,662 - INFO - Building stim pattern for pattern_name 3997
2026-02-02 14:41:46,676 - INFO - Building stim pattern for pattern_name 9
2026-02-02 14:41:46,687 - INFO - Building stim pattern for pattern_name 1547
2026-02-02 14:41:46,754 - INFO - Building stim pattern for pattern_name 3689
2026-02-02 14:41:46,785 - INFO - Building stim pattern for pattern_name 2159
2026-02-02 14:41:46,824 - INFO - Building stim pattern for pattern_name 364
2026-02-02 14:41:46,840 - INFO - Building stim pattern for pattern_name 3376
2026-02-02 14:41:46,851 - INFO - Building stim pattern for pattern_name 3197
2026-02-02 14:41:46,862 - INFO - Building stim pattern for pattern_name 2129
2026-02-02 14:41:46,874 - INFO - Building stim pattern for pattern_name 2472
2026-02-02 14:41:46,885 - INFO - Building stim pattern for pattern_name 3510
2026-02-02 14:41:46,897 - INFO - Building stim pattern for pattern_name 1401
2026-02-02 14:41:46,909 - INFO - Building stim pattern for pattern_name 346
2026-02-02 14:41:46,922 - INFO - Building stim pattern for pattern_name 173
2026-02-02 14:41:46,932 - INFO - Building stim pattern for pattern_name 1503
2026-02-02 14:41:46,945 - INFO - Building stim pattern for pattern_name 3506
2026-02-02 14:41:46,957 - INFO - Building stim pattern for pattern_name 356
2026-02-02 14:41:47,058 - INFO - Building stim pattern for pattern_name 709
2026-02-02 14:41:47,078 - INFO - Building stim pattern for pattern_name 1446
2026-02-02 14:41:47,110 - INFO - Building stim pattern for pattern_name 1760
2026-02-02 14:41:47,122 - INFO - Building stim pattern for pattern_name 1056
2026-02-02 14:41:47,132 - INFO - Building stim pattern for pattern_name 2995
2026-02-02 14:41:47,143 - INFO - Building stim pattern for pattern_name 122
2026-02-02 14:41:47,160 - INFO - Building stim pattern for pattern_name 19
2026-02-02 14:41:47,170 - INFO - Building stim pattern for pattern_name 536
2026-02-02 14:41:47,179 - INFO - Building stim pattern for pattern_name 1632
2026-02-02 14:41:47,189 - INFO - Building stim pattern for pattern_name 3356
2026-02-02 14:41:47,200 - INFO - Building stim pattern for pattern_name 3326
2026-02-02 14:41:47,210 - INFO - Building stim pattern for pattern_name 612
2026-02-02 14:41:47,222 - INFO - Building stim pattern for pattern_name 3573
2026-02-02 14:41:47,232 - INFO - Building stim pattern for pattern_name 3572
2026-02-02 14:41:47,242 - INFO - Building stim pattern for pattern_name 2566
2026-02-02 14:41:47,252 - INFO - Building stim pattern for pattern_name 65
2026-02-02 14:41:47,275 - INFO - Building stim pattern for pattern_name 290
2026-02-02 14:41:47,286 - INFO - Building stim pattern for pattern_name 167
2026-02-02 14:41:47,303 - INFO - Building stim pattern for pattern_name 2161
2026-02-02 14:41:47,313 - INFO - Building stim pattern for pattern_name 1315
2026-02-02 14:41:47,324 - INFO - Building stim pattern for pattern_name 1504
2026-02-02 14:41:47,348 - INFO - Building stim pattern for pattern_name 2931
2026-02-02 14:41:47,359 - INFO - Building stim pattern for pattern_name 1183
2026-02-02 14:41:47,369 - INFO - Building stim pattern for pattern_name 2652
2026-02-02 14:41:47,380 - INFO - Building stim pattern for pattern_name 466
2026-02-02 14:41:47,391 - INFO - Building stim pattern for pattern_name 3981
2026-02-02 14:41:47,401 - INFO - Building stim pattern for pattern_name 676
2026-02-02 14:41:47,412 - INFO - Building stim pattern for pattern_name 2038
2026-02-02 14:41:47,424 - INFO - Building stim pattern for pattern_name 3037
2026-02-02 14:41:47,451 - INFO - Building stim pattern for pattern_name 2153
2026-02-02 14:41:47,465 - INFO - Building stim pattern for pattern_name 927
2026-02-02 14:41:47,478 - INFO - Building stim pattern for pattern_name 2662
2026-02-02 14:41:47,495 - INFO - Building stim pattern for pattern_name 935
2026-02-02 14:41:47,507 - INFO - Building stim pattern for pattern_name 2168
2026-02-02 14:41:47,518 - INFO - Building stim pattern for pattern_name 1919
2026-02-02 14:41:47,529 - INFO - Building stim pattern for pattern_name 1136
2026-02-02 14:41:47,541 - INFO - Building stim pattern for pattern_name 3236
2026-02-02 14:41:47,550 - INFO - Building stim pattern for pattern_name 2009
2026-02-02 14:41:47,561 - INFO - Building stim pattern for pattern_name 1226
2026-02-02 14:41:47,572 - INFO - Building stim pattern for pattern_name 3799
2026-02-02 14:41:47,581 - INFO - Building stim pattern for pattern_name 1478
2026-02-02 14:41:47,592 - INFO - Building stim pattern for pattern_name 2806
2026-02-02 14:41:47,602 - INFO - Building stim pattern for pattern_name 2258
2026-02-02 14:41:47,612 - INFO - Building stim pattern for pattern_name 782
2026-02-02 14:41:47,628 - INFO - Building stim pattern for pattern_name 1272
2026-02-02 14:41:47,637 - INFO - Building stim pattern for pattern_name 2761
2026-02-02 14:41:47,647 - INFO - Building stim pattern for pattern_name 154
2026-02-02 14:41:47,658 - INFO - Building stim pattern for pattern_name 914
2026-02-02 14:41:47,669 - INFO - Building stim pattern for pattern_name 2960
2026-02-02 14:41:47,680 - INFO - Building stim pattern for pattern_name 1196
2026-02-02 14:41:47,692 - INFO - Building stim pattern for pattern_name 552
2026-02-02 14:41:47,704 - INFO - Building stim pattern for pattern_name 3571
2026-02-02 14:41:47,715 - INFO - Building stim pattern for pattern_name 3228
2026-02-02 14:41:47,739 - INFO - Building stim pattern for pattern_name 1568
2026-02-02 14:41:47,749 - INFO - Building stim pattern for pattern_name 3122
2026-02-02 14:41:47,760 - INFO - Building stim pattern for pattern_name 1509
2026-02-02 14:41:47,771 - INFO - Building stim pattern for pattern_name 1865
2026-02-02 14:41:47,781 - INFO - Building stim pattern for pattern_name 2864
2026-02-02 14:41:47,793 - INFO - Building stim pattern for pattern_name 3547
2026-02-02 14:41:47,805 - INFO - Building stim pattern for pattern_name 2019
2026-02-02 14:41:47,816 - INFO - Building stim pattern for pattern_name 2295
2026-02-02 14:41:47,827 - INFO - Building stim pattern for pattern_name 818
2026-02-02 14:41:47,854 - INFO - Building stim pattern for pattern_name 1304
2026-02-02 14:41:47,865 - INFO - Building stim pattern for pattern_name 1517
2026-02-02 14:41:47,877 - INFO - Building stim pattern for pattern_name 606
2026-02-02 14:41:47,888 - INFO - Building stim pattern for pattern_name 1938
2026-02-02 14:41:47,897 - INFO - Building stim pattern for pattern_name 368
2026-02-02 14:41:47,908 - INFO - Building stim pattern for pattern_name 895
2026-02-02 14:41:47,919 - INFO - Building stim pattern for pattern_name 1398
2026-02-02 14:41:47,929 - INFO - Building stim pattern for pattern_name 2190
2026-02-02 14:41:47,942 - INFO - Building stim pattern for pattern_name 3522
2026-02-02 14:41:47,955 - INFO - Building stim pattern for pattern_name 63
2026-02-02 14:41:47,967 - INFO - Building stim pattern for pattern_name 1372
2026-02-02 14:41:47,984 - INFO - Building stim pattern for pattern_name 605
2026-02-02 14:41:48,001 - INFO - Building stim pattern for pattern_name 471
2026-02-02 14:41:48,011 - INFO - Building stim pattern for pattern_name 3042
2026-02-02 14:41:48,023 - INFO - Building stim pattern for pattern_name 261
2026-02-02 14:41:48,033 - INFO - Building stim pattern for pattern_name 752
2026-02-02 14:41:48,044 - INFO - Building stim pattern for pattern_name 2916
2026-02-02 14:41:48,055 - INFO - Building stim pattern for pattern_name 187
2026-02-02 14:41:48,066 - INFO - Building stim pattern for pattern_name 2733
2026-02-02 14:41:48,101 - INFO - Building stim pattern for pattern_name 3790
2026-02-02 14:41:48,112 - INFO - Building stim pattern for pattern_name 2233
2026-02-02 14:41:48,122 - INFO - Building stim pattern for pattern_name 1225
2026-02-02 14:41:48,132 - INFO - Building stim pattern for pattern_name 1371
2026-02-02 14:41:48,144 - INFO - Building stim pattern for pattern_name 3034
2026-02-02 14:41:48,160 - INFO - Building stim pattern for pattern_name 1733
2026-02-02 14:41:48,171 - INFO - Building stim pattern for pattern_name 1072
2026-02-02 14:41:48,182 - INFO - Building stim pattern for pattern_name 2601
2026-02-02 14:41:48,206 - INFO - Building stim pattern for pattern_name 414
2026-02-02 14:41:48,216 - INFO - Building stim pattern for pattern_name 2519
2026-02-02 14:41:48,231 - INFO - Building stim pattern for pattern_name 3828
2026-02-02 14:41:48,241 - INFO - Building stim pattern for pattern_name 1607
2026-02-02 14:41:48,254 - INFO - Building stim pattern for pattern_name 2690
2026-02-02 14:41:48,268 - INFO - Building stim pattern for pattern_name 2878
2026-02-02 14:41:48,283 - INFO - Building stim pattern for pattern_name 386
2026-02-02 14:41:48,305 - INFO - Building stim pattern for pattern_name 713
2026-02-02 14:41:48,317 - INFO - Building stim pattern for pattern_name 3758
2026-02-02 14:41:48,328 - INFO - Building stim pattern for pattern_name 2014
2026-02-02 14:41:48,344 - INFO - Building stim pattern for pattern_name 1162
2026-02-02 14:41:48,355 - INFO - Building stim pattern for pattern_name 2166
2026-02-02 14:41:48,366 - INFO - Building stim pattern for pattern_name 1242
2026-02-02 14:41:48,377 - INFO - Building stim pattern for pattern_name 1292
2026-02-02 14:41:48,401 - INFO - Building stim pattern for pattern_name 2145
2026-02-02 14:41:48,413 - INFO - Building stim pattern for pattern_name 3591
2026-02-02 14:41:48,426 - INFO - Building stim pattern for pattern_name 1461
2026-02-02 14:41:48,439 - INFO - Building stim pattern for pattern_name 3275
2026-02-02 14:41:48,449 - INFO - Building stim pattern for pattern_name 2618
2026-02-02 14:41:48,461 - INFO - Building stim pattern for pattern_name 1190
2026-02-02 14:41:48,472 - INFO - Building stim pattern for pattern_name 124
2026-02-02 14:41:48,481 - INFO - Building stim pattern for pattern_name 2194
2026-02-02 14:41:48,501 - INFO - Building stim pattern for pattern_name 2795
2026-02-02 14:41:48,526 - INFO - Building stim pattern for pattern_name 2083
2026-02-02 14:41:48,546 - INFO - Building stim pattern for pattern_name 388
2026-02-02 14:41:48,558 - INFO - Building stim pattern for pattern_name 1544
2026-02-02 14:41:48,585 - INFO - Building stim pattern for pattern_name 1448
2026-02-02 14:41:48,597 - INFO - Building stim pattern for pattern_name 3941
2026-02-02 14:41:48,613 - INFO - Building stim pattern for pattern_name 2227
2026-02-02 14:41:48,625 - INFO - Building stim pattern for pattern_name 607
2026-02-02 14:41:48,638 - INFO - Building stim pattern for pattern_name 622
2026-02-02 14:41:48,649 - INFO - Building stim pattern for pattern_name 3408
2026-02-02 14:41:48,661 - INFO - Building stim pattern for pattern_name 110
2026-02-02 14:41:48,686 - INFO - Building stim pattern for pattern_name 3287
2026-02-02 14:41:48,696 - INFO - Building stim pattern for pattern_name 2315
2026-02-02 14:41:48,713 - INFO - Building stim pattern for pattern_name 1860
2026-02-02 14:41:48,723 - INFO - Building stim pattern for pattern_name 1254
2026-02-02 14:41:48,735 - INFO - Building stim pattern for pattern_name 3029
2026-02-02 14:41:48,748 - INFO - Building stim pattern for pattern_name 1463
2026-02-02 14:41:48,759 - INFO - Building stim pattern for pattern_name 454
2026-02-02 14:41:48,773 - INFO - Building stim pattern for pattern_name 2640
2026-02-02 14:41:48,783 - INFO - Building stim pattern for pattern_name 1472
2026-02-02 14:41:48,792 - INFO - Building stim pattern for pattern_name 959
2026-02-02 14:41:48,802 - INFO - Building stim pattern for pattern_name 1827
2026-02-02 14:41:48,813 - INFO - Building stim pattern for pattern_name 3392
2026-02-02 14:41:48,824 - INFO - Building stim pattern for pattern_name 1715
2026-02-02 14:41:48,835 - INFO - Building stim pattern for pattern_name 2847
2026-02-02 14:41:48,847 - INFO - Building stim pattern for pattern_name 1119
2026-02-02 14:41:48,860 - INFO - Building stim pattern for pattern_name 452
2026-02-02 14:41:48,871 - INFO - Building stim pattern for pattern_name 1310
2026-02-02 14:41:48,890 - INFO - Building stim pattern for pattern_name 2590
2026-02-02 14:41:48,902 - INFO - Building stim pattern for pattern_name 136
2026-02-02 14:41:48,912 - INFO - Building stim pattern for pattern_name 3518
2026-02-02 14:41:48,921 - INFO - Building stim pattern for pattern_name 2463
2026-02-02 14:41:48,931 - INFO - Building stim pattern for pattern_name 1937
2026-02-02 14:41:48,941 - INFO - Building stim pattern for pattern_name 3739
2026-02-02 14:41:48,958 - INFO - Building stim pattern for pattern_name 945
2026-02-02 14:41:48,978 - INFO - Building stim pattern for pattern_name 2900
2026-02-02 14:41:48,991 - INFO - Building stim pattern for pattern_name 3976
2026-02-02 14:41:49,003 - INFO - Building stim pattern for pattern_name 919
2026-02-02 14:41:49,014 - INFO - Building stim pattern for pattern_name 774
2026-02-02 14:41:49,025 - INFO - Building stim pattern for pattern_name 2625
2026-02-02 14:41:49,036 - INFO - Building stim pattern for pattern_name 107
2026-02-02 14:41:49,047 - INFO - Building stim pattern for pattern_name 1002
2026-02-02 14:41:49,058 - INFO - Building stim pattern for pattern_name 1900
2026-02-02 14:41:49,068 - INFO - Building stim pattern for pattern_name 703
2026-02-02 14:41:49,080 - INFO - Building stim pattern for pattern_name 1068
2026-02-02 14:41:49,090 - INFO - Building stim pattern for pattern_name 3233
2026-02-02 14:41:49,108 - INFO - Building stim pattern for pattern_name 1844
2026-02-02 14:41:49,120 - INFO - Building stim pattern for pattern_name 2288
2026-02-02 14:41:49,132 - INFO - Building stim pattern for pattern_name 1028
2026-02-02 14:41:49,142 - INFO - Building stim pattern for pattern_name 348
2026-02-02 14:41:49,159 - INFO - Building stim pattern for pattern_name 3848
2026-02-02 14:41:49,173 - INFO - Building stim pattern for pattern_name 3109
2026-02-02 14:41:49,197 - INFO - Building stim pattern for pattern_name 3886
2026-02-02 14:41:49,209 - INFO - Building stim pattern for pattern_name 1748
2026-02-02 14:41:49,219 - INFO - Building stim pattern for pattern_name 2012
2026-02-02 14:41:49,229 - INFO - Building stim pattern for pattern_name 297
2026-02-02 14:41:49,242 - INFO - Building stim pattern for pattern_name 2132
2026-02-02 14:41:49,269 - INFO - Building stim pattern for pattern_name 3538
2026-02-02 14:41:49,281 - INFO - Building stim pattern for pattern_name 2504
2026-02-02 14:41:49,299 - INFO - Building stim pattern for pattern_name 2352
2026-02-02 14:41:49,312 - INFO - Building stim pattern for pattern_name 1926
2026-02-02 14:41:49,322 - INFO - Building stim pattern for pattern_name 906
2026-02-02 14:41:49,332 - INFO - Building stim pattern for pattern_name 3293
2026-02-02 14:41:49,345 - INFO - Building stim pattern for pattern_name 3339
2026-02-02 14:41:49,358 - INFO - Building stim pattern for pattern_name 3004
2026-02-02 14:41:49,369 - INFO - Building stim pattern for pattern_name 761
2026-02-02 14:41:49,378 - INFO - Building stim pattern for pattern_name 3487
2026-02-02 14:41:49,389 - INFO - Building stim pattern for pattern_name 354
2026-02-02 14:41:49,405 - INFO - Building stim pattern for pattern_name 3653
2026-02-02 14:41:49,415 - INFO - Building stim pattern for pattern_name 3737
2026-02-02 14:41:49,426 - INFO - Building stim pattern for pattern_name 2757
2026-02-02 14:41:49,435 - INFO - Building stim pattern for pattern_name 3813
2026-02-02 14:41:49,451 - INFO - Building stim pattern for pattern_name 1528
2026-02-02 14:41:49,463 - INFO - Building stim pattern for pattern_name 3054
2026-02-02 14:41:49,473 - INFO - Building stim pattern for pattern_name 208
2026-02-02 14:41:49,483 - INFO - Building stim pattern for pattern_name 3377
2026-02-02 14:41:49,494 - INFO - Building stim pattern for pattern_name 1277
2026-02-02 14:41:49,517 - INFO - Building stim pattern for pattern_name 2500
2026-02-02 14:41:49,528 - INFO - Building stim pattern for pattern_name 3283
2026-02-02 14:41:49,548 - INFO - Building stim pattern for pattern_name 708
2026-02-02 14:41:49,560 - INFO - Building stim pattern for pattern_name 2209
2026-02-02 14:41:49,577 - INFO - Building stim pattern for pattern_name 2215
2026-02-02 14:41:49,589 - INFO - Building stim pattern for pattern_name 2471
2026-02-02 14:41:49,605 - INFO - Building stim pattern for pattern_name 792
2026-02-02 14:41:49,614 - INFO - Building stim pattern for pattern_name 3899
2026-02-02 14:41:49,632 - INFO - Building stim pattern for pattern_name 3912
2026-02-02 14:41:49,644 - INFO - Building stim pattern for pattern_name 382
2026-02-02 14:41:49,655 - INFO - Building stim pattern for pattern_name 778
2026-02-02 14:41:49,665 - INFO - Building stim pattern for pattern_name 3867
2026-02-02 14:41:49,684 - INFO - Building stim pattern for pattern_name 1948
2026-02-02 14:41:49,695 - INFO - Building stim pattern for pattern_name 3509
2026-02-02 14:41:49,706 - INFO - Building stim pattern for pattern_name 3555
2026-02-02 14:41:49,716 - INFO - Building stim pattern for pattern_name 3992
2026-02-02 14:41:49,727 - INFO - Building stim pattern for pattern_name 1882
2026-02-02 14:41:49,737 - INFO - Building stim pattern for pattern_name 99
2026-02-02 14:41:49,754 - INFO - Building stim pattern for pattern_name 2536
2026-02-02 14:41:49,764 - INFO - Building stim pattern for pattern_name 892
2026-02-02 14:41:49,774 - INFO - Building stim pattern for pattern_name 2834
2026-02-02 14:41:49,785 - INFO - Building stim pattern for pattern_name 989
2026-02-02 14:41:49,796 - INFO - Building stim pattern for pattern_name 3540
2026-02-02 14:41:49,806 - INFO - Building stim pattern for pattern_name 1501
2026-02-02 14:41:49,816 - INFO - Building stim pattern for pattern_name 2793
2026-02-02 14:41:49,825 - INFO - Building stim pattern for pattern_name 1042
2026-02-02 14:41:49,835 - INFO - Building stim pattern for pattern_name 3417
2026-02-02 14:41:49,848 - INFO - Building stim pattern for pattern_name 665
2026-02-02 14:41:49,861 - INFO - Building stim pattern for pattern_name 3579
2026-02-02 14:41:49,873 - INFO - Building stim pattern for pattern_name 58
2026-02-02 14:41:49,887 - INFO - Building stim pattern for pattern_name 626
2026-02-02 14:41:49,897 - INFO - Building stim pattern for pattern_name 1013
2026-02-02 14:41:49,914 - INFO - Building stim pattern for pattern_name 3159
2026-02-02 14:41:49,924 - INFO - Building stim pattern for pattern_name 3679
2026-02-02 14:41:49,948 - INFO - Building stim pattern for pattern_name 3675
2026-02-02 14:41:49,958 - INFO - Building stim pattern for pattern_name 3944
2026-02-02 14:41:49,969 - INFO - Building stim pattern for pattern_name 1251
2026-02-02 14:41:49,979 - INFO - Building stim pattern for pattern_name 3505
2026-02-02 14:41:49,997 - INFO - Building stim pattern for pattern_name 1151
2026-02-02 14:41:50,019 - INFO - Building stim pattern for pattern_name 1369
2026-02-02 14:41:50,030 - INFO - Building stim pattern for pattern_name 600
2026-02-02 14:41:50,041 - INFO - Building stim pattern for pattern_name 2459
2026-02-02 14:41:50,051 - INFO - Building stim pattern for pattern_name 1249
2026-02-02 14:41:50,066 - INFO - Building stim pattern for pattern_name 841
2026-02-02 14:41:50,077 - INFO - Building stim pattern for pattern_name 3321
2026-02-02 14:41:50,088 - INFO - Building stim pattern for pattern_name 1639
2026-02-02 14:41:50,099 - INFO - Building stim pattern for pattern_name 3864
2026-02-02 14:41:50,110 - INFO - Building stim pattern for pattern_name 1328
2026-02-02 14:41:50,127 - INFO - Building stim pattern for pattern_name 2142
2026-02-02 14:41:50,138 - INFO - Building stim pattern for pattern_name 3770
2026-02-02 14:41:50,149 - INFO - Building stim pattern for pattern_name 3134
2026-02-02 14:41:50,160 - INFO - Building stim pattern for pattern_name 3687
2026-02-02 14:41:50,170 - INFO - Building stim pattern for pattern_name 202
2026-02-02 14:41:50,182 - INFO - Building stim pattern for pattern_name 771
2026-02-02 14:41:50,193 - INFO - Building stim pattern for pattern_name 1163
2026-02-02 14:41:50,202 - INFO - Building stim pattern for pattern_name 1642
2026-02-02 14:41:50,213 - INFO - Building stim pattern for pattern_name 504
2026-02-02 14:41:50,223 - INFO - Building stim pattern for pattern_name 3560
2026-02-02 14:41:50,235 - INFO - Building stim pattern for pattern_name 2873
2026-02-02 14:41:50,252 - INFO - Building stim pattern for pattern_name 3058
2026-02-02 14:41:50,263 - INFO - Building stim pattern for pattern_name 1881
2026-02-02 14:41:50,281 - INFO - Building stim pattern for pattern_name 3563
2026-02-02 14:41:50,306 - INFO - Building stim pattern for pattern_name 1231
2026-02-02 14:41:50,318 - INFO - Building stim pattern for pattern_name 166
2026-02-02 14:41:50,331 - INFO - Building stim pattern for pattern_name 2391
2026-02-02 14:41:50,343 - INFO - Building stim pattern for pattern_name 1186
2026-02-02 14:41:50,354 - INFO - Building stim pattern for pattern_name 2487
2026-02-02 14:41:50,365 - INFO - Building stim pattern for pattern_name 722
2026-02-02 14:41:50,381 - INFO - Building stim pattern for pattern_name 3943
2026-02-02 14:41:50,392 - INFO - Building stim pattern for pattern_name 2571
2026-02-02 14:41:50,403 - INFO - Building stim pattern for pattern_name 1148
2026-02-02 14:41:50,421 - INFO - Building stim pattern for pattern_name 3646
2026-02-02 14:41:50,431 - INFO - Building stim pattern for pattern_name 3394
2026-02-02 14:41:50,443 - INFO - Building stim pattern for pattern_name 2976
2026-02-02 14:41:50,453 - INFO - Building stim pattern for pattern_name 873
2026-02-02 14:41:50,475 - INFO - Building stim pattern for pattern_name 371
2026-02-02 14:41:50,487 - INFO - Building stim pattern for pattern_name 1404
2026-02-02 14:41:50,504 - INFO - Building stim pattern for pattern_name 3965
2026-02-02 14:41:50,515 - INFO - Building stim pattern for pattern_name 3791
2026-02-02 14:41:50,525 - INFO - Building stim pattern for pattern_name 2476
2026-02-02 14:41:50,535 - INFO - Building stim pattern for pattern_name 2606
2026-02-02 14:41:50,546 - INFO - Building stim pattern for pattern_name 1392
2026-02-02 14:41:50,556 - INFO - Building stim pattern for pattern_name 2365
2026-02-02 14:41:50,567 - INFO - Building stim pattern for pattern_name 845
2026-02-02 14:41:50,577 - INFO - Building stim pattern for pattern_name 1622
2026-02-02 14:41:50,588 - INFO - Building stim pattern for pattern_name 3936
2026-02-02 14:41:50,598 - INFO - Building stim pattern for pattern_name 2287
2026-02-02 14:41:50,609 - INFO - Building stim pattern for pattern_name 2195
2026-02-02 14:41:50,620 - INFO - Building stim pattern for pattern_name 2647
2026-02-02 14:41:50,637 - INFO - Building stim pattern for pattern_name 2680
2026-02-02 14:41:50,649 - INFO - Building stim pattern for pattern_name 3402
2026-02-02 14:41:50,659 - INFO - Building stim pattern for pattern_name 1627
2026-02-02 14:41:50,670 - INFO - Building stim pattern for pattern_name 3479
2026-02-02 14:41:50,687 - INFO - Building stim pattern for pattern_name 804
2026-02-02 14:41:50,699 - INFO - Building stim pattern for pattern_name 2938
2026-02-02 14:41:50,717 - INFO - Building stim pattern for pattern_name 2304
2026-02-02 14:41:50,728 - INFO - Building stim pattern for pattern_name 3090
2026-02-02 14:41:50,738 - INFO - Building stim pattern for pattern_name 918
2026-02-02 14:41:50,749 - INFO - Building stim pattern for pattern_name 984
2026-02-02 14:41:50,766 - INFO - Building stim pattern for pattern_name 1344
2026-02-02 14:41:50,790 - INFO - Building stim pattern for pattern_name 40
2026-02-02 14:41:50,802 - INFO - Building stim pattern for pattern_name 667
2026-02-02 14:41:50,812 - INFO - Building stim pattern for pattern_name 422
2026-02-02 14:41:50,823 - INFO - Building stim pattern for pattern_name 3551
2026-02-02 14:41:50,837 - INFO - Building stim pattern for pattern_name 3415
2026-02-02 14:41:50,851 - INFO - Building stim pattern for pattern_name 304
2026-02-02 14:41:50,877 - INFO - Building stim pattern for pattern_name 3079
2026-02-02 14:41:50,894 - INFO - Building stim pattern for pattern_name 1984
2026-02-02 14:41:50,905 - INFO - Building stim pattern for pattern_name 3390
2026-02-02 14:41:50,917 - INFO - Building stim pattern for pattern_name 2914
2026-02-02 14:41:50,927 - INFO - Building stim pattern for pattern_name 3115
2026-02-02 14:41:50,945 - INFO - Building stim pattern for pattern_name 3110
2026-02-02 14:41:50,956 - INFO - Building stim pattern for pattern_name 3386
2026-02-02 14:41:50,966 - INFO - Building stim pattern for pattern_name 1718
2026-02-02 14:41:50,977 - INFO - Building stim pattern for pattern_name 1970
2026-02-02 14:41:50,987 - INFO - Building stim pattern for pattern_name 820
2026-02-02 14:41:50,999 - INFO - Building stim pattern for pattern_name 1452
2026-02-02 14:41:51,013 - INFO - Building stim pattern for pattern_name 3078
2026-02-02 14:41:51,026 - INFO - Building stim pattern for pattern_name 1004
2026-02-02 14:41:51,037 - INFO - Building stim pattern for pattern_name 1818
2026-02-02 14:41:51,047 - INFO - Building stim pattern for pattern_name 1349
2026-02-02 14:41:51,059 - INFO - Building stim pattern for pattern_name 3041
2026-02-02 14:41:51,070 - INFO - Building stim pattern for pattern_name 451
2026-02-02 14:41:51,124 - INFO - Building stim pattern for pattern_name 2332
2026-02-02 14:41:51,168 - INFO - Building stim pattern for pattern_name 598
2026-02-02 14:41:51,209 - INFO - Building stim pattern for pattern_name 2805
2026-02-02 14:41:51,225 - INFO - Building stim pattern for pattern_name 3656
2026-02-02 14:41:51,241 - INFO - Building stim pattern for pattern_name 882
2026-02-02 14:41:51,252 - INFO - Building stim pattern for pattern_name 3873
2026-02-02 14:41:51,266 - INFO - Building stim pattern for pattern_name 3630
2026-02-02 14:41:51,277 - INFO - Building stim pattern for pattern_name 3797
2026-02-02 14:41:51,288 - INFO - Building stim pattern for pattern_name 3749
2026-02-02 14:41:51,304 - INFO - Building stim pattern for pattern_name 97
2026-02-02 14:41:51,320 - INFO - Building stim pattern for pattern_name 3280
2026-02-02 14:41:51,333 - INFO - Building stim pattern for pattern_name 172
2026-02-02 14:41:51,344 - INFO - Building stim pattern for pattern_name 3891
2026-02-02 14:41:51,354 - INFO - Building stim pattern for pattern_name 3932
2026-02-02 14:41:51,366 - INFO - Building stim pattern for pattern_name 1784
2026-02-02 14:41:51,382 - INFO - Building stim pattern for pattern_name 493
2026-02-02 14:41:51,395 - INFO - Building stim pattern for pattern_name 2833
2026-02-02 14:41:51,406 - INFO - Building stim pattern for pattern_name 690
2026-02-02 14:41:51,417 - INFO - Building stim pattern for pattern_name 3333
2026-02-02 14:41:51,428 - INFO - Building stim pattern for pattern_name 3800
2026-02-02 14:41:51,438 - INFO - Building stim pattern for pattern_name 59
2026-02-02 14:41:51,448 - INFO - Building stim pattern for pattern_name 3299
2026-02-02 14:41:51,459 - INFO - Building stim pattern for pattern_name 2670
2026-02-02 14:41:51,472 - INFO - Building stim pattern for pattern_name 2439
2026-02-02 14:41:51,483 - INFO - Building stim pattern for pattern_name 283
2026-02-02 14:41:51,500 - INFO - Building stim pattern for pattern_name 3543
2026-02-02 14:41:51,511 - INFO - Building stim pattern for pattern_name 3824
2026-02-02 14:41:51,521 - INFO - Building stim pattern for pattern_name 3232
2026-02-02 14:41:51,534 - INFO - Building stim pattern for pattern_name 1803
2026-02-02 14:41:51,546 - INFO - Building stim pattern for pattern_name 1306
2026-02-02 14:41:51,565 - INFO - Building stim pattern for pattern_name 260
2026-02-02 14:41:51,578 - INFO - Building stim pattern for pattern_name 2071
2026-02-02 14:41:51,590 - INFO - Building stim pattern for pattern_name 379
2026-02-02 14:41:51,603 - INFO - Building stim pattern for pattern_name 3962
2026-02-02 14:41:51,619 - INFO - Building stim pattern for pattern_name 779
2026-02-02 14:41:51,630 - INFO - Building stim pattern for pattern_name 861
2026-02-02 14:41:51,656 - INFO - Building stim pattern for pattern_name 177
2026-02-02 14:41:51,687 - INFO - Building stim pattern for pattern_name 1338
2026-02-02 14:41:51,700 - INFO - Building stim pattern for pattern_name 312
2026-02-02 14:41:51,710 - INFO - Building stim pattern for pattern_name 163
2026-02-02 14:41:51,728 - INFO - Building stim pattern for pattern_name 3632
2026-02-02 14:41:51,746 - INFO - Building stim pattern for pattern_name 1904
2026-02-02 14:41:51,758 - INFO - Building stim pattern for pattern_name 1535
2026-02-02 14:41:51,770 - INFO - Building stim pattern for pattern_name 3490
2026-02-02 14:41:51,790 - INFO - Building stim pattern for pattern_name 2617
2026-02-02 14:41:51,801 - INFO - Building stim pattern for pattern_name 2490
2026-02-02 14:41:51,812 - INFO - Building stim pattern for pattern_name 1732
2026-02-02 14:41:51,831 - INFO - Building stim pattern for pattern_name 57
2026-02-02 14:41:51,842 - INFO - Building stim pattern for pattern_name 295
2026-02-02 14:41:51,858 - INFO - Building stim pattern for pattern_name 458
2026-02-02 14:41:51,869 - INFO - Building stim pattern for pattern_name 966
2026-02-02 14:41:51,880 - INFO - Building stim pattern for pattern_name 1797
2026-02-02 14:41:51,891 - INFO - Building stim pattern for pattern_name 3066
2026-02-02 14:41:51,902 - INFO - Building stim pattern for pattern_name 3681
2026-02-02 14:41:51,913 - INFO - Building stim pattern for pattern_name 2550
2026-02-02 14:41:51,931 - INFO - Building stim pattern for pattern_name 2187
2026-02-02 14:41:51,943 - INFO - Building stim pattern for pattern_name 2511
2026-02-02 14:41:51,953 - INFO - Building stim pattern for pattern_name 328
2026-02-02 14:41:51,963 - INFO - Building stim pattern for pattern_name 2477
2026-02-02 14:41:51,974 - INFO - Building stim pattern for pattern_name 299
2026-02-02 14:41:51,984 - INFO - Building stim pattern for pattern_name 2154
2026-02-02 14:41:51,994 - INFO - Building stim pattern for pattern_name 3324
2026-02-02 14:41:52,010 - INFO - Building stim pattern for pattern_name 2411
2026-02-02 14:41:52,020 - INFO - Building stim pattern for pattern_name 3928
2026-02-02 14:41:52,032 - INFO - Building stim pattern for pattern_name 315
2026-02-02 14:41:52,056 - INFO - Building stim pattern for pattern_name 2808
2026-02-02 14:41:52,075 - INFO - Building stim pattern for pattern_name 1712
2026-02-02 14:41:52,087 - INFO - Building stim pattern for pattern_name 2687
2026-02-02 14:41:52,109 - INFO - Building stim pattern for pattern_name 2116
2026-02-02 14:41:52,137 - INFO - Building stim pattern for pattern_name 3743
2026-02-02 14:41:52,154 - INFO - Building stim pattern for pattern_name 1185
2026-02-02 14:41:52,166 - INFO - Building stim pattern for pattern_name 3624
2026-02-02 14:41:52,179 - INFO - Building stim pattern for pattern_name 45
2026-02-02 14:41:52,191 - INFO - Building stim pattern for pattern_name 3977
2026-02-02 14:41:52,204 - INFO - Building stim pattern for pattern_name 807
2026-02-02 14:41:52,214 - INFO - Building stim pattern for pattern_name 1749
2026-02-02 14:41:52,233 - INFO - Building stim pattern for pattern_name 997
2026-02-02 14:41:52,244 - INFO - Building stim pattern for pattern_name 3006
2026-02-02 14:41:52,254 - INFO - Building stim pattern for pattern_name 1527
2026-02-02 14:41:52,265 - INFO - Building stim pattern for pattern_name 188
2026-02-02 14:41:52,277 - INFO - Building stim pattern for pattern_name 2707
2026-02-02 14:41:52,294 - INFO - Building stim pattern for pattern_name 1105
2026-02-02 14:41:52,304 - INFO - Building stim pattern for pattern_name 3918
2026-02-02 14:41:52,314 - INFO - Building stim pattern for pattern_name 1020
2026-02-02 14:41:52,325 - INFO - Building stim pattern for pattern_name 2975
2026-02-02 14:41:52,336 - INFO - Building stim pattern for pattern_name 3680
2026-02-02 14:41:52,347 - INFO - Building stim pattern for pattern_name 1981
2026-02-02 14:41:52,359 - INFO - Building stim pattern for pattern_name 1139
2026-02-02 14:41:52,369 - INFO - Building stim pattern for pattern_name 867
2026-02-02 14:41:52,381 - INFO - Building stim pattern for pattern_name 1378
2026-02-02 14:41:52,391 - INFO - Building stim pattern for pattern_name 1649
2026-02-02 14:41:52,402 - INFO - Building stim pattern for pattern_name 3927
2026-02-02 14:41:52,413 - INFO - Building stim pattern for pattern_name 3904
2026-02-02 14:41:52,431 - INFO - Building stim pattern for pattern_name 1605
2026-02-02 14:41:52,443 - INFO - Building stim pattern for pattern_name 1993
2026-02-02 14:41:52,453 - INFO - Building stim pattern for pattern_name 2703
2026-02-02 14:41:52,463 - INFO - Building stim pattern for pattern_name 2896
2026-02-02 14:41:52,473 - INFO - Building stim pattern for pattern_name 308
2026-02-02 14:41:52,484 - INFO - Building stim pattern for pattern_name 1179
2026-02-02 14:41:52,508 - INFO - Building stim pattern for pattern_name 3523
2026-02-02 14:41:52,521 - INFO - Building stim pattern for pattern_name 1409
2026-02-02 14:41:52,535 - INFO - Building stim pattern for pattern_name 3464
2026-02-02 14:41:52,550 - INFO - Building stim pattern for pattern_name 3750
2026-02-02 14:41:52,560 - INFO - Building stim pattern for pattern_name 331
2026-02-02 14:41:52,570 - INFO - Building stim pattern for pattern_name 1334
2026-02-02 14:41:52,583 - INFO - Building stim pattern for pattern_name 2553
2026-02-02 14:41:52,594 - INFO - Building stim pattern for pattern_name 874
2026-02-02 14:41:52,605 - INFO - Building stim pattern for pattern_name 2438
2026-02-02 14:41:52,616 - INFO - Building stim pattern for pattern_name 1658
2026-02-02 14:41:52,632 - INFO - Building stim pattern for pattern_name 2538
2026-02-02 14:41:52,642 - INFO - Building stim pattern for pattern_name 3519
2026-02-02 14:41:52,653 - INFO - Building stim pattern for pattern_name 3804
2026-02-02 14:41:52,663 - INFO - Building stim pattern for pattern_name 3281
2026-02-02 14:41:52,675 - INFO - Building stim pattern for pattern_name 1432
2026-02-02 14:41:52,685 - INFO - Building stim pattern for pattern_name 2906
2026-02-02 14:41:52,694 - INFO - Building stim pattern for pattern_name 2702
2026-02-02 14:41:52,706 - INFO - Building stim pattern for pattern_name 3250
2026-02-02 14:41:52,717 - INFO - Building stim pattern for pattern_name 2470
2026-02-02 14:41:52,729 - INFO - Building stim pattern for pattern_name 3154
2026-02-02 14:41:52,741 - INFO - Building stim pattern for pattern_name 2789
2026-02-02 14:41:52,760 - INFO - Building stim pattern for pattern_name 1474
2026-02-02 14:41:52,775 - INFO - Building stim pattern for pattern_name 736
2026-02-02 14:41:52,785 - INFO - Building stim pattern for pattern_name 3343
2026-02-02 14:41:52,805 - INFO - Building stim pattern for pattern_name 2317
2026-02-02 14:41:52,820 - INFO - Building stim pattern for pattern_name 3508
2026-02-02 14:41:52,831 - INFO - Building stim pattern for pattern_name 114
2026-02-02 14:41:52,843 - INFO - Building stim pattern for pattern_name 96
2026-02-02 14:41:52,854 - INFO - Building stim pattern for pattern_name 303
2026-02-02 14:41:52,866 - INFO - Building stim pattern for pattern_name 970
2026-02-02 14:41:52,888 - INFO - Building stim pattern for pattern_name 482
2026-02-02 14:41:52,900 - INFO - Building stim pattern for pattern_name 2678
2026-02-02 14:41:52,910 - INFO - Building stim pattern for pattern_name 2298
2026-02-02 14:41:52,921 - INFO - Building stim pattern for pattern_name 565
2026-02-02 14:41:52,943 - INFO - Building stim pattern for pattern_name 3819
2026-02-02 14:41:52,954 - INFO - Building stim pattern for pattern_name 2284
2026-02-02 14:41:52,965 - INFO - Building stim pattern for pattern_name 2489
2026-02-02 14:41:52,978 - INFO - Building stim pattern for pattern_name 1365
2026-02-02 14:41:52,989 - INFO - Building stim pattern for pattern_name 2817
2026-02-02 14:41:52,999 - INFO - Building stim pattern for pattern_name 1804
2026-02-02 14:41:53,010 - INFO - Building stim pattern for pattern_name 688
2026-02-02 14:41:53,020 - INFO - Building stim pattern for pattern_name 1071
2026-02-02 14:41:53,031 - INFO - Building stim pattern for pattern_name 1657
2026-02-02 14:41:53,041 - INFO - Building stim pattern for pattern_name 498
2026-02-02 14:41:53,050 - INFO - Building stim pattern for pattern_name 1100
2026-02-02 14:41:53,060 - INFO - Building stim pattern for pattern_name 2957
2026-02-02 14:41:53,071 - INFO - Building stim pattern for pattern_name 3502
2026-02-02 14:41:53,165 - INFO - Building stim pattern for pattern_name 1538
2026-02-02 14:41:53,179 - INFO - Building stim pattern for pattern_name 3999
2026-02-02 14:41:53,212 - INFO - Building stim pattern for pattern_name 3917
2026-02-02 14:41:53,233 - INFO - Building stim pattern for pattern_name 2823
2026-02-02 14:41:53,245 - INFO - Building stim pattern for pattern_name 2810
2026-02-02 14:41:53,256 - INFO - Building stim pattern for pattern_name 3921
2026-02-02 14:41:53,283 - INFO - Building stim pattern for pattern_name 1065
2026-02-02 14:41:53,299 - INFO - Building stim pattern for pattern_name 1066
2026-02-02 14:41:53,310 - INFO - Building stim pattern for pattern_name 3003
2026-02-02 14:41:53,327 - INFO - Building stim pattern for pattern_name 3609
2026-02-02 14:41:53,338 - INFO - Building stim pattern for pattern_name 1321
2026-02-02 14:41:53,351 - INFO - Building stim pattern for pattern_name 1922
2026-02-02 14:41:53,362 - INFO - Building stim pattern for pattern_name 2756
2026-02-02 14:41:53,373 - INFO - Building stim pattern for pattern_name 1164
2026-02-02 14:41:53,384 - INFO - Building stim pattern for pattern_name 620
2026-02-02 14:41:53,396 - INFO - Building stim pattern for pattern_name 2502
2026-02-02 14:41:53,410 - INFO - Building stim pattern for pattern_name 3068
2026-02-02 14:41:53,424 - INFO - Building stim pattern for pattern_name 1271
2026-02-02 14:41:53,440 - INFO - Building stim pattern for pattern_name 2243
2026-02-02 14:41:53,457 - INFO - Building stim pattern for pattern_name 1592
2026-02-02 14:41:53,469 - INFO - Building stim pattern for pattern_name 3035
2026-02-02 14:41:53,480 - INFO - Building stim pattern for pattern_name 999
2026-02-02 14:41:53,491 - INFO - Building stim pattern for pattern_name 2460
2026-02-02 14:41:53,500 - INFO - Building stim pattern for pattern_name 3320
2026-02-02 14:41:53,511 - INFO - Building stim pattern for pattern_name 958
2026-02-02 14:41:53,522 - INFO - Building stim pattern for pattern_name 215
2026-02-02 14:41:53,538 - INFO - Building stim pattern for pattern_name 2269
2026-02-02 14:41:53,553 - INFO - Building stim pattern for pattern_name 2797
2026-02-02 14:41:53,565 - INFO - Building stim pattern for pattern_name 2473
2026-02-02 14:41:53,576 - INFO - Building stim pattern for pattern_name 2127
2026-02-02 14:41:53,586 - INFO - Building stim pattern for pattern_name 3076
2026-02-02 14:41:53,598 - INFO - Building stim pattern for pattern_name 3346
2026-02-02 14:41:53,614 - INFO - Building stim pattern for pattern_name 2870
2026-02-02 14:41:53,624 - INFO - Building stim pattern for pattern_name 362
2026-02-02 14:41:53,634 - INFO - Building stim pattern for pattern_name 2903
2026-02-02 14:41:53,645 - INFO - Building stim pattern for pattern_name 3843
2026-02-02 14:41:53,655 - INFO - Building stim pattern for pattern_name 2373
2026-02-02 14:41:53,667 - INFO - Building stim pattern for pattern_name 1026
2026-02-02 14:41:53,677 - INFO - Building stim pattern for pattern_name 1055
2026-02-02 14:41:53,695 - INFO - Building stim pattern for pattern_name 2587
2026-02-02 14:41:53,706 - INFO - Building stim pattern for pattern_name 833
2026-02-02 14:41:53,717 - INFO - Building stim pattern for pattern_name 805
2026-02-02 14:41:53,728 - INFO - Building stim pattern for pattern_name 3244
2026-02-02 14:41:53,739 - INFO - Building stim pattern for pattern_name 1660
2026-02-02 14:41:53,752 - INFO - Building stim pattern for pattern_name 3319
2026-02-02 14:41:53,773 - INFO - Building stim pattern for pattern_name 1990
2026-02-02 14:41:53,794 - INFO - Building stim pattern for pattern_name 2952
2026-02-02 14:41:53,805 - INFO - Building stim pattern for pattern_name 3200
2026-02-02 14:41:53,823 - INFO - Building stim pattern for pattern_name 66
2026-02-02 14:41:53,834 - INFO - Building stim pattern for pattern_name 1088
2026-02-02 14:41:53,845 - INFO - Building stim pattern for pattern_name 2450
2026-02-02 14:41:53,858 - INFO - Building stim pattern for pattern_name 3016
2026-02-02 14:41:53,871 - INFO - Building stim pattern for pattern_name 2486
2026-02-02 14:41:53,884 - INFO - Building stim pattern for pattern_name 3414
2026-02-02 14:41:53,898 - INFO - Building stim pattern for pattern_name 2133
2026-02-02 14:41:53,909 - INFO - Building stim pattern for pattern_name 1046
2026-02-02 14:41:53,929 - INFO - Building stim pattern for pattern_name 977
2026-02-02 14:41:53,940 - INFO - Building stim pattern for pattern_name 3227
2026-02-02 14:41:53,952 - INFO - Building stim pattern for pattern_name 197
2026-02-02 14:41:53,962 - INFO - Building stim pattern for pattern_name 2257
2026-02-02 14:41:53,984 - INFO - Building stim pattern for pattern_name 3298
2026-02-02 14:41:53,998 - INFO - Building stim pattern for pattern_name 2003
2026-02-02 14:41:54,009 - INFO - Building stim pattern for pattern_name 513
2026-02-02 14:41:54,020 - INFO - Building stim pattern for pattern_name 2419
2026-02-02 14:41:54,031 - INFO - Building stim pattern for pattern_name 3182
2026-02-02 14:41:54,042 - INFO - Building stim pattern for pattern_name 2088
2026-02-02 14:41:54,055 - INFO - Building stim pattern for pattern_name 2825
2026-02-02 14:41:54,067 - INFO - Building stim pattern for pattern_name 2379
2026-02-02 14:41:54,077 - INFO - Building stim pattern for pattern_name 3664
2026-02-02 14:41:54,088 - INFO - Building stim pattern for pattern_name 789
2026-02-02 14:41:54,101 - INFO - Building stim pattern for pattern_name 755
2026-02-02 14:41:54,113 - INFO - Building stim pattern for pattern_name 2540
2026-02-02 14:41:54,124 - INFO - Building stim pattern for pattern_name 3166
2026-02-02 14:41:54,138 - INFO - Building stim pattern for pattern_name 868
2026-02-02 14:41:54,151 - INFO - Building stim pattern for pattern_name 1810
2026-02-02 14:41:54,162 - INFO - Building stim pattern for pattern_name 915
2026-02-02 14:41:54,175 - INFO - Building stim pattern for pattern_name 2335
2026-02-02 14:41:54,186 - INFO - Building stim pattern for pattern_name 1705
2026-02-02 14:41:54,202 - INFO - Building stim pattern for pattern_name 438
2026-02-02 14:41:54,213 - INFO - Building stim pattern for pattern_name 610
2026-02-02 14:41:54,224 - INFO - Building stim pattern for pattern_name 2784
2026-02-02 14:41:54,236 - INFO - Building stim pattern for pattern_name 2029
2026-02-02 14:41:54,245 - INFO - Building stim pattern for pattern_name 300
2026-02-02 14:41:54,255 - INFO - Building stim pattern for pattern_name 2853
2026-02-02 14:41:54,267 - INFO - Building stim pattern for pattern_name 3491
2026-02-02 14:41:54,276 - INFO - Building stim pattern for pattern_name 1597
2026-02-02 14:41:54,293 - INFO - Building stim pattern for pattern_name 14
2026-02-02 14:41:54,304 - INFO - Building stim pattern for pattern_name 3501
2026-02-02 14:41:54,316 - INFO - Building stim pattern for pattern_name 361
2026-02-02 14:41:54,327 - INFO - Building stim pattern for pattern_name 2121
2026-02-02 14:41:54,338 - INFO - Building stim pattern for pattern_name 864
2026-02-02 14:41:54,354 - INFO - Building stim pattern for pattern_name 92
2026-02-02 14:41:54,366 - INFO - Building stim pattern for pattern_name 3629
2026-02-02 14:41:54,376 - INFO - Building stim pattern for pattern_name 524
2026-02-02 14:41:54,389 - INFO - Building stim pattern for pattern_name 39
2026-02-02 14:41:54,402 - INFO - Building stim pattern for pattern_name 2119
2026-02-02 14:41:54,413 - INFO - Building stim pattern for pattern_name 477
2026-02-02 14:41:54,426 - INFO - Building stim pattern for pattern_name 3593
2026-02-02 14:41:54,446 - INFO - Building stim pattern for pattern_name 1828
2026-02-02 14:41:54,457 - INFO - Building stim pattern for pattern_name 907
2026-02-02 14:41:54,468 - INFO - Building stim pattern for pattern_name 2851
2026-02-02 14:41:54,480 - INFO - Building stim pattern for pattern_name 500
2026-02-02 14:41:54,498 - INFO - Building stim pattern for pattern_name 3578
2026-02-02 14:41:54,509 - INFO - Building stim pattern for pattern_name 1305
2026-02-02 14:41:54,521 - INFO - Building stim pattern for pattern_name 2354
2026-02-02 14:41:54,533 - INFO - Building stim pattern for pattern_name 2222
2026-02-02 14:41:54,553 - INFO - Building stim pattern for pattern_name 1896
2026-02-02 14:41:54,571 - INFO - Building stim pattern for pattern_name 3890
2026-02-02 14:41:54,584 - INFO - Building stim pattern for pattern_name 2947
2026-02-02 14:41:54,597 - INFO - Building stim pattern for pattern_name 1735
2026-02-02 14:41:54,612 - INFO - Building stim pattern for pattern_name 2173
2026-02-02 14:41:54,622 - INFO - Building stim pattern for pattern_name 1767
2026-02-02 14:41:54,633 - INFO - Building stim pattern for pattern_name 3499
2026-02-02 14:41:54,645 - INFO - Building stim pattern for pattern_name 1615
2026-02-02 14:41:54,655 - INFO - Building stim pattern for pattern_name 1532
2026-02-02 14:41:54,667 - INFO - Building stim pattern for pattern_name 3009
2026-02-02 14:41:54,678 - INFO - Building stim pattern for pattern_name 559
2026-02-02 14:41:54,690 - INFO - Building stim pattern for pattern_name 3677
2026-02-02 14:41:54,702 - INFO - Building stim pattern for pattern_name 595
2026-02-02 14:41:54,719 - INFO - Building stim pattern for pattern_name 1222
2026-02-02 14:41:54,736 - INFO - Building stim pattern for pattern_name 17
2026-02-02 14:41:54,747 - INFO - Building stim pattern for pattern_name 121
2026-02-02 14:41:54,760 - INFO - Building stim pattern for pattern_name 2149
2026-02-02 14:41:54,768 - INFO - Building stim pattern for pattern_name 1208
2026-02-02 14:41:54,778 - INFO - Building stim pattern for pattern_name 2917
2026-02-02 14:41:54,791 - INFO - Building stim pattern for pattern_name 2396
2026-02-02 14:41:54,802 - INFO - Building stim pattern for pattern_name 3959
2026-02-02 14:41:54,812 - INFO - Building stim pattern for pattern_name 2829
2026-02-02 14:41:54,823 - INFO - Building stim pattern for pattern_name 3766
2026-02-02 14:41:54,835 - INFO - Building stim pattern for pattern_name 589
2026-02-02 14:41:54,855 - INFO - Building stim pattern for pattern_name 3235
2026-02-02 14:41:54,872 - INFO - Building stim pattern for pattern_name 1920
2026-02-02 14:41:54,882 - INFO - Building stim pattern for pattern_name 3089
2026-02-02 14:41:54,898 - INFO - Building stim pattern for pattern_name 2923
2026-02-02 14:41:54,907 - INFO - Building stim pattern for pattern_name 3956
2026-02-02 14:41:54,919 - INFO - Building stim pattern for pattern_name 1729
2026-02-02 14:41:54,962 - INFO - Building stim pattern for pattern_name 971
2026-02-02 14:41:55,027 - INFO - Building stim pattern for pattern_name 1798
2026-02-02 14:41:55,062 - INFO - Building stim pattern for pattern_name 2762
2026-02-02 14:41:55,079 - INFO - Building stim pattern for pattern_name 828
2026-02-02 14:41:55,091 - INFO - Building stim pattern for pattern_name 685
2026-02-02 14:41:55,111 - INFO - Building stim pattern for pattern_name 3185
2026-02-02 14:41:55,122 - INFO - Building stim pattern for pattern_name 2775
2026-02-02 14:41:55,135 - INFO - Building stim pattern for pattern_name 2461
2026-02-02 14:41:55,146 - INFO - Building stim pattern for pattern_name 2586
2026-02-02 14:41:55,157 - INFO - Building stim pattern for pattern_name 3380
2026-02-02 14:41:55,170 - INFO - Building stim pattern for pattern_name 81
2026-02-02 14:41:55,181 - INFO - Building stim pattern for pattern_name 52
2026-02-02 14:41:55,191 - INFO - Building stim pattern for pattern_name 2369
2026-02-02 14:41:55,202 - INFO - Building stim pattern for pattern_name 1205
2026-02-02 14:41:55,211 - INFO - Building stim pattern for pattern_name 1188
2026-02-02 14:41:55,222 - INFO - Building stim pattern for pattern_name 561
2026-02-02 14:41:55,246 - INFO - Building stim pattern for pattern_name 678
2026-02-02 14:41:55,257 - INFO - Building stim pattern for pattern_name 406
2026-02-02 14:41:55,284 - INFO - Building stim pattern for pattern_name 1456
2026-02-02 14:41:55,295 - INFO - Building stim pattern for pattern_name 1526
2026-02-02 14:41:55,320 - INFO - Building stim pattern for pattern_name 1093
2026-02-02 14:41:55,332 - INFO - Building stim pattern for pattern_name 3775
2026-02-02 14:41:55,350 - INFO - Building stim pattern for pattern_name 3102
2026-02-02 14:41:55,361 - INFO - Building stim pattern for pattern_name 2788
2026-02-02 14:41:55,371 - INFO - Building stim pattern for pattern_name 3676
2026-02-02 14:41:55,382 - INFO - Building stim pattern for pattern_name 1067
2026-02-02 14:41:55,394 - INFO - Building stim pattern for pattern_name 3463
2026-02-02 14:41:55,405 - INFO - Building stim pattern for pattern_name 2800
2026-02-02 14:41:55,416 - INFO - Building stim pattern for pattern_name 2278
2026-02-02 14:41:55,438 - INFO - Building stim pattern for pattern_name 3933
2026-02-02 14:41:55,449 - INFO - Building stim pattern for pattern_name 2237
2026-02-02 14:41:55,460 - INFO - Building stim pattern for pattern_name 2180
2026-02-02 14:41:55,483 - INFO - Building stim pattern for pattern_name 913
2026-02-02 14:41:55,494 - INFO - Building stim pattern for pattern_name 2385
2026-02-02 14:41:55,504 - INFO - Building stim pattern for pattern_name 2367
2026-02-02 14:41:55,513 - INFO - Building stim pattern for pattern_name 1573
2026-02-02 14:41:55,524 - INFO - Building stim pattern for pattern_name 745
2026-02-02 14:41:55,534 - INFO - Building stim pattern for pattern_name 3303
2026-02-02 14:41:55,545 - INFO - Building stim pattern for pattern_name 681
2026-02-02 14:41:55,555 - INFO - Building stim pattern for pattern_name 3168
2026-02-02 14:41:55,565 - INFO - Building stim pattern for pattern_name 2944
2026-02-02 14:41:55,576 - INFO - Building stim pattern for pattern_name 941
2026-02-02 14:41:55,592 - INFO - Building stim pattern for pattern_name 940
2026-02-02 14:41:55,609 - INFO - Building stim pattern for pattern_name 3434
2026-02-02 14:41:55,621 - INFO - Building stim pattern for pattern_name 2722
2026-02-02 14:41:55,631 - INFO - Building stim pattern for pattern_name 1375
2026-02-02 14:41:55,640 - INFO - Building stim pattern for pattern_name 3659
2026-02-02 14:41:55,651 - INFO - Building stim pattern for pattern_name 2285
2026-02-02 14:41:55,662 - INFO - Building stim pattern for pattern_name 2514
2026-02-02 14:41:55,673 - INFO - Building stim pattern for pattern_name 2292
2026-02-02 14:41:55,686 - INFO - Building stim pattern for pattern_name 3855
2026-02-02 14:41:55,697 - INFO - Building stim pattern for pattern_name 3931
2026-02-02 14:41:55,708 - INFO - Building stim pattern for pattern_name 1741
2026-02-02 14:41:55,718 - INFO - Building stim pattern for pattern_name 3026
2026-02-02 14:41:55,728 - INFO - Building stim pattern for pattern_name 3082
2026-02-02 14:41:55,744 - INFO - Building stim pattern for pattern_name 706
2026-02-02 14:41:55,753 - INFO - Building stim pattern for pattern_name 1534
2026-02-02 14:41:55,770 - INFO - Building stim pattern for pattern_name 1113
2026-02-02 14:41:55,779 - INFO - Building stim pattern for pattern_name 119
2026-02-02 14:41:55,790 - INFO - Building stim pattern for pattern_name 2140
2026-02-02 14:41:55,801 - INFO - Building stim pattern for pattern_name 3044
2026-02-02 14:41:55,812 - INFO - Building stim pattern for pattern_name 3428
2026-02-02 14:41:55,823 - INFO - Building stim pattern for pattern_name 2614
2026-02-02 14:41:55,840 - INFO - Building stim pattern for pattern_name 3367
2026-02-02 14:41:55,852 - INFO - Building stim pattern for pattern_name 2109
2026-02-02 14:41:55,863 - INFO - Building stim pattern for pattern_name 2043
2026-02-02 14:41:55,874 - INFO - Building stim pattern for pattern_name 1987
2026-02-02 14:41:55,885 - INFO - Building stim pattern for pattern_name 534
2026-02-02 14:41:55,896 - INFO - Building stim pattern for pattern_name 3765
2026-02-02 14:41:55,909 - INFO - Building stim pattern for pattern_name 583
2026-02-02 14:41:55,931 - INFO - Building stim pattern for pattern_name 54
2026-02-02 14:41:55,943 - INFO - Building stim pattern for pattern_name 2897
2026-02-02 14:41:55,954 - INFO - Building stim pattern for pattern_name 1487
2026-02-02 14:41:55,965 - INFO - Building stim pattern for pattern_name 2465
2026-02-02 14:41:55,977 - INFO - Building stim pattern for pattern_name 397
2026-02-02 14:41:55,989 - INFO - Building stim pattern for pattern_name 1073
2026-02-02 14:41:56,000 - INFO - Building stim pattern for pattern_name 658
2026-02-02 14:41:56,012 - INFO - Building stim pattern for pattern_name 2312
2026-02-02 14:41:56,030 - INFO - Building stim pattern for pattern_name 2568
2026-02-02 14:41:56,048 - INFO - Building stim pattern for pattern_name 1832
2026-02-02 14:41:56,059 - INFO - Building stim pattern for pattern_name 3627
2026-02-02 14:41:56,111 - INFO - Building stim pattern for pattern_name 3174
2026-02-02 14:41:56,144 - INFO - Building stim pattern for pattern_name 338
2026-02-02 14:41:56,171 - INFO - Building stim pattern for pattern_name 505
2026-02-02 14:41:56,184 - INFO - Building stim pattern for pattern_name 863
2026-02-02 14:41:56,201 - INFO - Building stim pattern for pattern_name 3406
2026-02-02 14:41:56,213 - INFO - Building stim pattern for pattern_name 1880
2026-02-02 14:41:56,225 - INFO - Building stim pattern for pattern_name 428
2026-02-02 14:41:56,249 - INFO - Building stim pattern for pattern_name 2570
2026-02-02 14:41:56,261 - INFO - Building stim pattern for pattern_name 3587
2026-02-02 14:41:56,271 - INFO - Building stim pattern for pattern_name 2188
2026-02-02 14:41:56,282 - INFO - Building stim pattern for pattern_name 531
2026-02-02 14:41:56,294 - INFO - Building stim pattern for pattern_name 3484
2026-02-02 14:41:56,310 - INFO - Building stim pattern for pattern_name 586
2026-02-02 14:41:56,321 - INFO - Building stim pattern for pattern_name 3746
2026-02-02 14:41:56,332 - INFO - Building stim pattern for pattern_name 1629
2026-02-02 14:41:56,341 - INFO - Building stim pattern for pattern_name 1247
2026-02-02 14:41:56,358 - INFO - Building stim pattern for pattern_name 1011
2026-02-02 14:41:56,369 - INFO - Building stim pattern for pattern_name 2068
2026-02-02 14:41:56,386 - INFO - Building stim pattern for pattern_name 899
2026-02-02 14:41:56,401 - INFO - Building stim pattern for pattern_name 1464
2026-02-02 14:41:56,413 - INFO - Building stim pattern for pattern_name 2388
2026-02-02 14:41:56,433 - INFO - Building stim pattern for pattern_name 1050
2026-02-02 14:41:56,445 - INFO - Building stim pattern for pattern_name 3968
2026-02-02 14:41:56,454 - INFO - Building stim pattern for pattern_name 742
2026-02-02 14:41:56,471 - INFO - Building stim pattern for pattern_name 2742
2026-02-02 14:41:56,483 - INFO - Building stim pattern for pattern_name 2754
2026-02-02 14:41:56,492 - INFO - Building stim pattern for pattern_name 1884
2026-02-02 14:41:56,511 - INFO - Building stim pattern for pattern_name 741
2026-02-02 14:41:56,520 - INFO - Building stim pattern for pattern_name 2337
2026-02-02 14:41:56,532 - INFO - Building stim pattern for pattern_name 3215
2026-02-02 14:41:56,541 - INFO - Building stim pattern for pattern_name 1274
2026-02-02 14:41:56,553 - INFO - Building stim pattern for pattern_name 1134
2026-02-02 14:41:56,563 - INFO - Building stim pattern for pattern_name 982
2026-02-02 14:41:56,574 - INFO - Building stim pattern for pattern_name 1790
2026-02-02 14:41:56,585 - INFO - Building stim pattern for pattern_name 3221
2026-02-02 14:41:56,597 - INFO - Building stim pattern for pattern_name 2455
2026-02-02 14:41:56,607 - INFO - Building stim pattern for pattern_name 866
2026-02-02 14:41:56,618 - INFO - Building stim pattern for pattern_name 2561
2026-02-02 14:41:56,629 - INFO - Building stim pattern for pattern_name 1812
2026-02-02 14:41:56,640 - INFO - Building stim pattern for pattern_name 1370
2026-02-02 14:41:56,656 - INFO - Building stim pattern for pattern_name 787
2026-02-02 14:41:56,667 - INFO - Building stim pattern for pattern_name 209
2026-02-02 14:41:56,679 - INFO - Building stim pattern for pattern_name 3952
2026-02-02 14:41:56,704 - INFO - Building stim pattern for pattern_name 1633
2026-02-02 14:41:56,716 - INFO - Building stim pattern for pattern_name 3946
2026-02-02 14:41:56,726 - INFO - Building stim pattern for pattern_name 3039
2026-02-02 14:41:56,737 - INFO - Building stim pattern for pattern_name 1612
2026-02-02 14:41:56,749 - INFO - Building stim pattern for pattern_name 2531
2026-02-02 14:41:56,759 - INFO - Building stim pattern for pattern_name 2668
2026-02-02 14:41:56,771 - INFO - Building stim pattern for pattern_name 1466
2026-02-02 14:41:56,782 - INFO - Building stim pattern for pattern_name 1519
2026-02-02 14:41:56,804 - INFO - Building stim pattern for pattern_name 3485
2026-02-02 14:41:56,816 - INFO - Building stim pattern for pattern_name 991
2026-02-02 14:41:56,829 - INFO - Building stim pattern for pattern_name 3171
2026-02-02 14:41:56,918 - INFO - Building stim pattern for pattern_name 1123
2026-02-02 14:41:56,943 - INFO - Building stim pattern for pattern_name 2076
2026-02-02 14:41:56,956 - INFO - Building stim pattern for pattern_name 2191
2026-02-02 14:41:56,977 - INFO - Building stim pattern for pattern_name 1443
2026-02-02 14:41:56,988 - INFO - Building stim pattern for pattern_name 34
2026-02-02 14:41:56,999 - INFO - Building stim pattern for pattern_name 191
2026-02-02 14:41:57,009 - INFO - Building stim pattern for pattern_name 1706
2026-02-02 14:41:57,025 - INFO - Building stim pattern for pattern_name 2052
2026-02-02 14:41:57,036 - INFO - Building stim pattern for pattern_name 3340
2026-02-02 14:41:57,046 - INFO - Building stim pattern for pattern_name 3922
2026-02-02 14:41:57,057 - INFO - Building stim pattern for pattern_name 2268
2026-02-02 14:41:57,067 - INFO - Building stim pattern for pattern_name 3887
2026-02-02 14:41:57,077 - INFO - Building stim pattern for pattern_name 591
2026-02-02 14:41:57,087 - INFO - Building stim pattern for pattern_name 3030
2026-02-02 14:41:57,099 - INFO - Building stim pattern for pattern_name 2466
2026-02-02 14:41:57,109 - INFO - Building stim pattern for pattern_name 884
2026-02-02 14:41:57,119 - INFO - Building stim pattern for pattern_name 3477
2026-02-02 14:41:57,129 - INFO - Building stim pattern for pattern_name 981
2026-02-02 14:41:57,145 - INFO - Building stim pattern for pattern_name 920
2026-02-02 14:41:57,155 - INFO - Building stim pattern for pattern_name 3924
2026-02-02 14:41:57,165 - INFO - Building stim pattern for pattern_name 3049
2026-02-02 14:41:57,175 - INFO - Building stim pattern for pattern_name 1450
2026-02-02 14:41:57,192 - INFO - Building stim pattern for pattern_name 341
2026-02-02 14:41:57,202 - INFO - Building stim pattern for pattern_name 3189
2026-02-02 14:41:57,217 - INFO - Building stim pattern for pattern_name 2357
2026-02-02 14:41:57,227 - INFO - Building stim pattern for pattern_name 3716
2026-02-02 14:41:57,237 - INFO - Building stim pattern for pattern_name 269
2026-02-02 14:41:57,249 - INFO - Building stim pattern for pattern_name 674
2026-02-02 14:41:57,263 - INFO - Building stim pattern for pattern_name 2831
2026-02-02 14:41:57,274 - INFO - Building stim pattern for pattern_name 1357
2026-02-02 14:41:57,284 - INFO - Building stim pattern for pattern_name 3902
2026-02-02 14:41:57,296 - INFO - Building stim pattern for pattern_name 587
2026-02-02 14:41:57,312 - INFO - Building stim pattern for pattern_name 3738
2026-02-02 14:41:57,324 - INFO - Building stim pattern for pattern_name 1807
2026-02-02 14:41:57,336 - INFO - Building stim pattern for pattern_name 1299
2026-02-02 14:41:57,346 - INFO - Building stim pattern for pattern_name 656
2026-02-02 14:41:57,357 - INFO - Building stim pattern for pattern_name 1635
2026-02-02 14:41:57,367 - INFO - Building stim pattern for pattern_name 908
2026-02-02 14:41:57,378 - INFO - Building stim pattern for pattern_name 3870
2026-02-02 14:41:57,399 - INFO - Building stim pattern for pattern_name 3638
2026-02-02 14:41:57,417 - INFO - Building stim pattern for pattern_name 1777
2026-02-02 14:41:57,439 - INFO - Building stim pattern for pattern_name 467
2026-02-02 14:41:57,450 - INFO - Building stim pattern for pattern_name 3388
2026-02-02 14:41:57,474 - INFO - Building stim pattern for pattern_name 3144
2026-02-02 14:41:57,486 - INFO - Building stim pattern for pattern_name 2912
2026-02-02 14:41:57,498 - INFO - Building stim pattern for pattern_name 3314
2026-02-02 14:41:57,508 - INFO - Building stim pattern for pattern_name 2380
2026-02-02 14:41:57,525 - INFO - Building stim pattern for pattern_name 696
2026-02-02 14:41:57,543 - INFO - Building stim pattern for pattern_name 3424
2026-02-02 14:41:57,554 - INFO - Building stim pattern for pattern_name 876
2026-02-02 14:41:57,564 - INFO - Building stim pattern for pattern_name 1498
2026-02-02 14:41:57,575 - INFO - Building stim pattern for pattern_name 3771
2026-02-02 14:41:57,585 - INFO - Building stim pattern for pattern_name 3544
2026-02-02 14:41:57,605 - INFO - Building stim pattern for pattern_name 1871
2026-02-02 14:41:57,616 - INFO - Building stim pattern for pattern_name 3647
2026-02-02 14:41:57,627 - INFO - Building stim pattern for pattern_name 2988
2026-02-02 14:41:57,636 - INFO - Building stim pattern for pattern_name 2937
2026-02-02 14:41:57,651 - INFO - Building stim pattern for pattern_name 2953
2026-02-02 14:41:57,662 - INFO - Building stim pattern for pattern_name 1641
2026-02-02 14:41:57,671 - INFO - Building stim pattern for pattern_name 1902
2026-02-02 14:41:57,689 - INFO - Building stim pattern for pattern_name 3443
2026-02-02 14:41:57,701 - INFO - Building stim pattern for pattern_name 3421
2026-02-02 14:41:57,710 - INFO - Building stim pattern for pattern_name 3399
2026-02-02 14:41:57,721 - INFO - Building stim pattern for pattern_name 3396
2026-02-02 14:41:57,732 - INFO - Building stim pattern for pattern_name 2926
2026-02-02 14:41:57,742 - INFO - Building stim pattern for pattern_name 2653
2026-02-02 14:41:57,752 - INFO - Building stim pattern for pattern_name 3900
2026-02-02 14:41:57,763 - INFO - Building stim pattern for pattern_name 2832
2026-02-02 14:41:57,773 - INFO - Building stim pattern for pattern_name 3449
2026-02-02 14:41:57,784 - INFO - Building stim pattern for pattern_name 541
2026-02-02 14:41:57,795 - INFO - Building stim pattern for pattern_name 3152
2026-02-02 14:41:57,809 - INFO - Building stim pattern for pattern_name 3156
2026-02-02 14:41:57,820 - INFO - Building stim pattern for pattern_name 2362
2026-02-02 14:41:57,831 - INFO - Building stim pattern for pattern_name 196
2026-02-02 14:41:57,846 - INFO - Building stim pattern for pattern_name 2015
2026-02-02 14:41:57,859 - INFO - Building stim pattern for pattern_name 2241
2026-02-02 14:41:57,875 - INFO - Building stim pattern for pattern_name 3802
2026-02-02 14:41:57,888 - INFO - Building stim pattern for pattern_name 3513
2026-02-02 14:41:57,906 - INFO - Building stim pattern for pattern_name 171
2026-02-02 14:41:57,918 - INFO - Building stim pattern for pattern_name 1554
2026-02-02 14:41:57,929 - INFO - Building stim pattern for pattern_name 138
2026-02-02 14:41:57,941 - INFO - Building stim pattern for pattern_name 1653
2026-02-02 14:41:57,953 - INFO - Building stim pattern for pattern_name 2766
2026-02-02 14:41:57,965 - INFO - Building stim pattern for pattern_name 280
2026-02-02 14:41:57,976 - INFO - Building stim pattern for pattern_name 3297
2026-02-02 14:41:57,987 - INFO - Building stim pattern for pattern_name 3483
2026-02-02 14:41:57,999 - INFO - Building stim pattern for pattern_name 160
2026-02-02 14:41:58,020 - INFO - Building stim pattern for pattern_name 1957
2026-02-02 14:41:58,031 - INFO - Building stim pattern for pattern_name 335
2026-02-02 14:41:58,041 - INFO - Building stim pattern for pattern_name 3691
2026-02-02 14:41:58,055 - INFO - Building stim pattern for pattern_name 506
2026-02-02 14:41:58,074 - INFO - Building stim pattern for pattern_name 3559
2026-02-02 14:41:58,115 - INFO - Building stim pattern for pattern_name 1548
2026-02-02 14:41:58,127 - INFO - Building stim pattern for pattern_name 2682
2026-02-02 14:41:58,142 - INFO - Building stim pattern for pattern_name 675
2026-02-02 14:41:58,155 - INFO - Building stim pattern for pattern_name 3706
2026-02-02 14:41:58,167 - INFO - Building stim pattern for pattern_name 1023
2026-02-02 14:41:58,179 - INFO - Building stim pattern for pattern_name 2508
2026-02-02 14:41:58,189 - INFO - Building stim pattern for pattern_name 3393
2026-02-02 14:41:58,200 - INFO - Building stim pattern for pattern_name 1665
2026-02-02 14:41:58,210 - INFO - Building stim pattern for pattern_name 643
2026-02-02 14:41:58,221 - INFO - Building stim pattern for pattern_name 2468
2026-02-02 14:41:58,233 - INFO - Building stim pattern for pattern_name 2792
2026-02-02 14:41:58,243 - INFO - Building stim pattern for pattern_name 3528
2026-02-02 14:41:58,253 - INFO - Building stim pattern for pattern_name 134
2026-02-02 14:41:58,264 - INFO - Building stim pattern for pattern_name 3371
2026-02-02 14:41:58,274 - INFO - Building stim pattern for pattern_name 1849
2026-02-02 14:41:58,284 - INFO - Building stim pattern for pattern_name 3284
2026-02-02 14:41:58,295 - INFO - Building stim pattern for pattern_name 3342
2026-02-02 14:41:58,306 - INFO - Building stim pattern for pattern_name 2318
2026-02-02 14:41:58,320 - INFO - Building stim pattern for pattern_name 1661
2026-02-02 14:41:58,332 - INFO - Building stim pattern for pattern_name 3323
2026-02-02 14:41:58,345 - INFO - Building stim pattern for pattern_name 827
2026-02-02 14:41:58,374 - INFO - Building stim pattern for pattern_name 1108
2026-02-02 14:41:58,385 - INFO - Building stim pattern for pattern_name 2516
2026-02-02 14:41:58,396 - INFO - Building stim pattern for pattern_name 1925
2026-02-02 14:41:58,407 - INFO - Building stim pattern for pattern_name 1147
2026-02-02 14:41:58,417 - INFO - Building stim pattern for pattern_name 1944
2026-02-02 14:41:58,430 - INFO - Building stim pattern for pattern_name 3947
2026-02-02 14:41:58,442 - INFO - Building stim pattern for pattern_name 2372
2026-02-02 14:41:58,454 - INFO - Building stim pattern for pattern_name 1964
2026-02-02 14:41:58,470 - INFO - Building stim pattern for pattern_name 2679
2026-02-02 14:41:58,491 - INFO - Building stim pattern for pattern_name 751
2026-02-02 14:41:58,515 - INFO - Building stim pattern for pattern_name 2811
2026-02-02 14:41:58,533 - INFO - Building stim pattern for pattern_name 872
2026-02-02 14:41:58,566 - INFO - Building stim pattern for pattern_name 2611
2026-02-02 14:41:58,684 - INFO - Building stim pattern for pattern_name 2981
2026-02-02 14:41:58,703 - INFO - Building stim pattern for pattern_name 1951
2026-02-02 14:41:58,726 - INFO - Building stim pattern for pattern_name 383
2026-02-02 14:41:58,741 - INFO - Building stim pattern for pattern_name 2484
2026-02-02 14:41:58,768 - INFO - Building stim pattern for pattern_name 1485
2026-02-02 14:41:58,784 - INFO - Building stim pattern for pattern_name 1160
2026-02-02 14:41:58,798 - INFO - Building stim pattern for pattern_name 151
2026-02-02 14:41:58,815 - INFO - Building stim pattern for pattern_name 514
2026-02-02 14:41:58,831 - INFO - Building stim pattern for pattern_name 393
2026-02-02 14:41:58,849 - INFO - Building stim pattern for pattern_name 1482
2026-02-02 14:41:58,862 - INFO - Building stim pattern for pattern_name 1999
2026-02-02 14:41:58,874 - INFO - Building stim pattern for pattern_name 640
2026-02-02 14:41:58,888 - INFO - Building stim pattern for pattern_name 2978
2026-02-02 14:41:58,904 - INFO - Building stim pattern for pattern_name 204
2026-02-02 14:41:58,915 - INFO - Building stim pattern for pattern_name 2435
2026-02-02 14:41:58,926 - INFO - Building stim pattern for pattern_name 3594
2026-02-02 14:41:58,938 - INFO - Building stim pattern for pattern_name 996
2026-02-02 14:41:58,948 - INFO - Building stim pattern for pattern_name 797
2026-02-02 14:41:58,972 - INFO - Building stim pattern for pattern_name 3019
2026-02-02 14:41:58,982 - INFO - Building stim pattern for pattern_name 3784
2026-02-02 14:41:59,005 - INFO - Building stim pattern for pattern_name 3846
2026-02-02 14:41:59,017 - INFO - Building stim pattern for pattern_name 2151
2026-02-02 14:41:59,027 - INFO - Building stim pattern for pattern_name 978
2026-02-02 14:41:59,038 - INFO - Building stim pattern for pattern_name 1379
2026-02-02 14:41:59,048 - INFO - Building stim pattern for pattern_name 3310
2026-02-02 14:41:59,067 - INFO - Building stim pattern for pattern_name 1317
2026-02-02 14:41:59,078 - INFO - Building stim pattern for pattern_name 3964
2026-02-02 14:41:59,089 - INFO - Building stim pattern for pattern_name 156
2026-02-02 14:41:59,099 - INFO - Building stim pattern for pattern_name 680
2026-02-02 14:41:59,110 - INFO - Building stim pattern for pattern_name 664
2026-02-02 14:41:59,131 - INFO - Building stim pattern for pattern_name 2634
2026-02-02 14:41:59,142 - INFO - Building stim pattern for pattern_name 1429
2026-02-02 14:41:59,152 - INFO - Building stim pattern for pattern_name 3381
2026-02-02 14:41:59,161 - INFO - Building stim pattern for pattern_name 1582
2026-02-02 14:41:59,178 - INFO - Building stim pattern for pattern_name 3972
2026-02-02 14:41:59,189 - INFO - Building stim pattern for pattern_name 2229
2026-02-02 14:41:59,213 - INFO - Building stim pattern for pattern_name 232
2026-02-02 14:41:59,235 - INFO - Building stim pattern for pattern_name 1303
2026-02-02 14:41:59,247 - INFO - Building stim pattern for pattern_name 3910
2026-02-02 14:41:59,267 - INFO - Building stim pattern for pattern_name 3364
2026-02-02 14:41:59,285 - INFO - Building stim pattern for pattern_name 1549
2026-02-02 14:41:59,298 - INFO - Building stim pattern for pattern_name 2790
2026-02-02 14:41:59,311 - INFO - Building stim pattern for pattern_name 2708
2026-02-02 14:41:59,323 - INFO - Building stim pattern for pattern_name 2001
2026-02-02 14:41:59,333 - INFO - Building stim pattern for pattern_name 743
2026-02-02 14:41:59,344 - INFO - Building stim pattern for pattern_name 853
2026-02-02 14:41:59,367 - INFO - Building stim pattern for pattern_name 2588
2026-02-02 14:41:59,382 - INFO - Building stim pattern for pattern_name 1031
2026-02-02 14:41:59,394 - INFO - Building stim pattern for pattern_name 1587
2026-02-02 14:41:59,404 - INFO - Building stim pattern for pattern_name 1522
2026-02-02 14:41:59,422 - INFO - Building stim pattern for pattern_name 2327
2026-02-02 14:41:59,435 - INFO - Building stim pattern for pattern_name 165
2026-02-02 14:41:59,447 - INFO - Building stim pattern for pattern_name 3592
2026-02-02 14:41:59,468 - INFO - Building stim pattern for pattern_name 2798
2026-02-02 14:41:59,480 - INFO - Building stim pattern for pattern_name 772
2026-02-02 14:41:59,491 - INFO - Building stim pattern for pattern_name 2144
2026-02-02 14:41:59,509 - INFO - Building stim pattern for pattern_name 49
2026-02-02 14:41:59,533 - INFO - Building stim pattern for pattern_name 298
2026-02-02 14:41:59,544 - INFO - Building stim pattern for pattern_name 2270
2026-02-02 14:41:59,562 - INFO - Building stim pattern for pattern_name 2056
2026-02-02 14:41:59,572 - INFO - Building stim pattern for pattern_name 2207
2026-02-02 14:41:59,583 - INFO - Building stim pattern for pattern_name 3542
2026-02-02 14:41:59,594 - INFO - Building stim pattern for pattern_name 3338
2026-02-02 14:41:59,604 - INFO - Building stim pattern for pattern_name 105
2026-02-02 14:41:59,614 - INFO - Building stim pattern for pattern_name 3129
2026-02-02 14:41:59,632 - INFO - Building stim pattern for pattern_name 2027
2026-02-02 14:41:59,642 - INFO - Building stim pattern for pattern_name 2242
2026-02-02 14:41:59,652 - INFO - Building stim pattern for pattern_name 1302
2026-02-02 14:41:59,670 - INFO - Building stim pattern for pattern_name 2673
2026-02-02 14:41:59,681 - INFO - Building stim pattern for pattern_name 496
2026-02-02 14:41:59,692 - INFO - Building stim pattern for pattern_name 2104
2026-02-02 14:41:59,702 - INFO - Building stim pattern for pattern_name 1553
2026-02-02 14:41:59,718 - INFO - Building stim pattern for pattern_name 1889
2026-02-02 14:41:59,729 - INFO - Building stim pattern for pattern_name 669
2026-02-02 14:41:59,740 - INFO - Building stim pattern for pattern_name 2277
2026-02-02 14:41:59,751 - INFO - Building stim pattern for pattern_name 3260
2026-02-02 14:41:59,762 - INFO - Building stim pattern for pattern_name 1835
2026-02-02 14:41:59,772 - INFO - Building stim pattern for pattern_name 1788
2026-02-02 14:41:59,782 - INFO - Building stim pattern for pattern_name 247
2026-02-02 14:41:59,794 - INFO - Building stim pattern for pattern_name 1318
2026-02-02 14:41:59,806 - INFO - Building stim pattern for pattern_name 3131
2026-02-02 14:41:59,820 - INFO - Building stim pattern for pattern_name 434
2026-02-02 14:41:59,833 - INFO - Building stim pattern for pattern_name 582
2026-02-02 14:41:59,844 - INFO - Building stim pattern for pattern_name 1200
2026-02-02 14:41:59,856 - INFO - Building stim pattern for pattern_name 2115
2026-02-02 14:41:59,868 - INFO - Building stim pattern for pattern_name 7
2026-02-02 14:41:59,885 - INFO - Building stim pattern for pattern_name 1782
2026-02-02 14:41:59,898 - INFO - Building stim pattern for pattern_name 3444
2026-02-02 14:41:59,910 - INFO - Building stim pattern for pattern_name 3613
2026-02-02 14:41:59,921 - INFO - Building stim pattern for pattern_name 810
2026-02-02 14:41:59,932 - INFO - Building stim pattern for pattern_name 1912
2026-02-02 14:41:59,943 - INFO - Building stim pattern for pattern_name 3403
2026-02-02 14:41:59,954 - INFO - Building stim pattern for pattern_name 2358
2026-02-02 14:41:59,965 - INFO - Building stim pattern for pattern_name 1038
2026-02-02 14:41:59,975 - INFO - Building stim pattern for pattern_name 1129
2026-02-02 14:41:59,987 - INFO - Building stim pattern for pattern_name 2712
2026-02-02 14:41:59,997 - INFO - Building stim pattern for pattern_name 2206
2026-02-02 14:42:00,008 - INFO - Building stim pattern for pattern_name 871
2026-02-02 14:42:00,018 - INFO - Building stim pattern for pattern_name 2815
2026-02-02 14:42:00,029 - INFO - Building stim pattern for pattern_name 3879
2026-02-02 14:42:00,049 - INFO - Building stim pattern for pattern_name 3553
2026-02-02 14:42:00,060 - INFO - Building stim pattern for pattern_name 1101
2026-02-02 14:42:00,076 - INFO - Building stim pattern for pattern_name 2619
2026-02-02 14:42:00,086 - INFO - Building stim pattern for pattern_name 1877
2026-02-02 14:42:00,098 - INFO - Building stim pattern for pattern_name 2276
2026-02-02 14:42:00,115 - INFO - Building stim pattern for pattern_name 604
2026-02-02 14:42:00,126 - INFO - Building stim pattern for pattern_name 1085
2026-02-02 14:42:00,145 - INFO - Building stim pattern for pattern_name 2898
2026-02-02 14:42:00,155 - INFO - Building stim pattern for pattern_name 682
2026-02-02 14:42:00,166 - INFO - Building stim pattern for pattern_name 186
2026-02-02 14:42:00,177 - INFO - Building stim pattern for pattern_name 1682
2026-02-02 14:42:00,188 - INFO - Building stim pattern for pattern_name 2072
2026-02-02 14:42:00,201 - INFO - Building stim pattern for pattern_name 2869
2026-02-02 14:42:00,211 - INFO - Building stim pattern for pattern_name 1601
2026-02-02 14:42:00,222 - INFO - Building stim pattern for pattern_name 2158
2026-02-02 14:42:00,240 - INFO - Building stim pattern for pattern_name 2099
2026-02-02 14:42:00,252 - INFO - Building stim pattern for pattern_name 1704
2026-02-02 14:42:00,263 - INFO - Building stim pattern for pattern_name 3527
2026-02-02 14:42:00,273 - INFO - Building stim pattern for pattern_name 2244
2026-02-02 14:42:00,283 - INFO - Building stim pattern for pattern_name 2041
2026-02-02 14:42:00,385 - INFO - Building stim pattern for pattern_name 3312
2026-02-02 14:42:00,402 - INFO - Building stim pattern for pattern_name 2403
2026-02-02 14:42:00,420 - INFO - Building stim pattern for pattern_name 2842
2026-02-02 14:42:00,433 - INFO - Building stim pattern for pattern_name 719
2026-02-02 14:42:00,445 - INFO - Building stim pattern for pattern_name 3539
2026-02-02 14:42:00,455 - INFO - Building stim pattern for pattern_name 2724
2026-02-02 14:42:00,466 - INFO - Building stim pattern for pattern_name 3429
2026-02-02 14:42:00,478 - INFO - Building stim pattern for pattern_name 3252
2026-02-02 14:42:00,496 - INFO - Building stim pattern for pattern_name 3938
2026-02-02 14:42:00,514 - INFO - Building stim pattern for pattern_name 3259
2026-02-02 14:42:00,524 - INFO - Building stim pattern for pattern_name 2037
2026-02-02 14:42:00,540 - INFO - Building stim pattern for pattern_name 1927
2026-02-02 14:42:00,551 - INFO - Building stim pattern for pattern_name 3683
2026-02-02 14:42:00,563 - INFO - Building stim pattern for pattern_name 1150
2026-02-02 14:42:00,573 - INFO - Building stim pattern for pattern_name 3336
2026-02-02 14:42:00,583 - INFO - Building stim pattern for pattern_name 1286
2026-02-02 14:42:00,601 - INFO - Building stim pattern for pattern_name 3065
2026-02-02 14:42:00,614 - INFO - Building stim pattern for pattern_name 3472
2026-02-02 14:42:00,642 - INFO - Building stim pattern for pattern_name 898
2026-02-02 14:42:00,653 - INFO - Building stim pattern for pattern_name 1189
2026-02-02 14:42:00,664 - INFO - Building stim pattern for pattern_name 1556
2026-02-02 14:42:00,676 - INFO - Building stim pattern for pattern_name 1290
2026-02-02 14:42:00,692 - INFO - Building stim pattern for pattern_name 1391
2026-02-02 14:42:00,704 - INFO - Building stim pattern for pattern_name 3135
2026-02-02 14:42:00,716 - INFO - Building stim pattern for pattern_name 71
2026-02-02 14:42:00,733 - INFO - Building stim pattern for pattern_name 3362
2026-02-02 14:42:00,744 - INFO - Building stim pattern for pattern_name 359
2026-02-02 14:42:00,755 - INFO - Building stim pattern for pattern_name 450
2026-02-02 14:42:00,765 - INFO - Building stim pattern for pattern_name 3170
2026-02-02 14:42:00,774 - INFO - Building stim pattern for pattern_name 1447
2026-02-02 14:42:00,785 - INFO - Building stim pattern for pattern_name 1070
2026-02-02 14:42:00,795 - INFO - Building stim pattern for pattern_name 193
2026-02-02 14:42:00,806 - INFO - Building stim pattern for pattern_name 1942
2026-02-02 14:42:00,816 - INFO - Building stim pattern for pattern_name 79
2026-02-02 14:42:00,830 - INFO - Building stim pattern for pattern_name 2787
2026-02-02 14:42:00,841 - INFO - Building stim pattern for pattern_name 2017
2026-02-02 14:42:00,852 - INFO - Building stim pattern for pattern_name 3218
2026-02-02 14:42:00,863 - INFO - Building stim pattern for pattern_name 42
2026-02-02 14:42:00,881 - INFO - Building stim pattern for pattern_name 2710
2026-02-02 14:42:00,901 - INFO - Building stim pattern for pattern_name 456
2026-02-02 14:42:00,915 - INFO - Building stim pattern for pattern_name 2390
2026-02-02 14:42:00,931 - INFO - Building stim pattern for pattern_name 1959
2026-02-02 14:42:00,942 - INFO - Building stim pattern for pattern_name 3536
2026-02-02 14:42:00,953 - INFO - Building stim pattern for pattern_name 1309
2026-02-02 14:42:00,964 - INFO - Building stim pattern for pattern_name 1681
2026-02-02 14:42:00,974 - INFO - Building stim pattern for pattern_name 2980
2026-02-02 14:42:00,990 - INFO - Building stim pattern for pattern_name 3274
2026-02-02 14:42:01,006 - INFO - Building stim pattern for pattern_name 813
2026-02-02 14:42:01,018 - INFO - Building stim pattern for pattern_name 2293
2026-02-02 14:42:01,034 - INFO - Building stim pattern for pattern_name 1775
2026-02-02 14:42:01,045 - INFO - Building stim pattern for pattern_name 572
2026-02-02 14:42:01,056 - INFO - Building stim pattern for pattern_name 3372
2026-02-02 14:42:01,086 - INFO - Building stim pattern for pattern_name 1952
2026-02-02 14:42:01,103 - INFO - Building stim pattern for pattern_name 2674
2026-02-02 14:42:01,114 - INFO - Building stim pattern for pattern_name 1115
2026-02-02 14:42:01,133 - INFO - Building stim pattern for pattern_name 2635
2026-02-02 14:42:01,144 - INFO - Building stim pattern for pattern_name 44
2026-02-02 14:42:01,161 - INFO - Building stim pattern for pattern_name 2067
2026-02-02 14:42:01,171 - INFO - Building stim pattern for pattern_name 2861
2026-02-02 14:42:01,186 - INFO - Building stim pattern for pattern_name 611
2026-02-02 14:42:01,197 - INFO - Building stim pattern for pattern_name 381
2026-02-02 14:42:01,208 - INFO - Building stim pattern for pattern_name 615
2026-02-02 14:42:01,225 - INFO - Building stim pattern for pattern_name 3363
2026-02-02 14:42:01,236 - INFO - Building stim pattern for pattern_name 3702
2026-02-02 14:42:01,246 - INFO - Building stim pattern for pattern_name 3370
2026-02-02 14:42:01,256 - INFO - Building stim pattern for pattern_name 2204
2026-02-02 14:42:01,266 - INFO - Building stim pattern for pattern_name 3983
2026-02-02 14:42:01,277 - INFO - Building stim pattern for pattern_name 84
2026-02-02 14:42:01,288 - INFO - Building stim pattern for pattern_name 1662
2026-02-02 14:42:01,299 - INFO - Building stim pattern for pattern_name 1792
2026-02-02 14:42:01,308 - INFO - Building stim pattern for pattern_name 1137
2026-02-02 14:42:01,319 - INFO - Building stim pattern for pattern_name 168
2026-02-02 14:42:01,329 - INFO - Building stim pattern for pattern_name 2493
2026-02-02 14:42:01,346 - INFO - Building stim pattern for pattern_name 1988
2026-02-02 14:42:01,357 - INFO - Building stim pattern for pattern_name 235
2026-02-02 14:42:01,374 - INFO - Building stim pattern for pattern_name 2883
2026-02-02 14:42:01,386 - INFO - Building stim pattern for pattern_name 932
2026-02-02 14:42:01,414 - INFO - Building stim pattern for pattern_name 1679
2026-02-02 14:42:01,426 - INFO - Building stim pattern for pattern_name 3379
2026-02-02 14:42:01,444 - INFO - Building stim pattern for pattern_name 2216
2026-02-02 14:42:01,455 - INFO - Building stim pattern for pattern_name 1917
2026-02-02 14:42:01,466 - INFO - Building stim pattern for pattern_name 3120
2026-02-02 14:42:01,490 - INFO - Building stim pattern for pattern_name 786
2026-02-02 14:42:01,508 - INFO - Building stim pattern for pattern_name 1491
2026-02-02 14:42:01,520 - INFO - Building stim pattern for pattern_name 3598
2026-02-02 14:42:01,532 - INFO - Building stim pattern for pattern_name 2336
2026-02-02 14:42:01,544 - INFO - Building stim pattern for pattern_name 1546
2026-02-02 14:42:01,561 - INFO - Building stim pattern for pattern_name 1219
2026-02-02 14:42:01,573 - INFO - Building stim pattern for pattern_name 3015
2026-02-02 14:42:01,585 - INFO - Building stim pattern for pattern_name 2202
2026-02-02 14:42:01,606 - INFO - Building stim pattern for pattern_name 2689
2026-02-02 14:42:01,618 - INFO - Building stim pattern for pattern_name 3704
2026-02-02 14:42:01,631 - INFO - Building stim pattern for pattern_name 1997
2026-02-02 14:42:01,643 - INFO - Building stim pattern for pattern_name 2289
2026-02-02 14:42:01,658 - INFO - Building stim pattern for pattern_name 2704
2026-02-02 14:42:01,667 - INFO - Building stim pattern for pattern_name 2131
2026-02-02 14:42:01,686 - INFO - Building stim pattern for pattern_name 3458
2026-02-02 14:42:01,698 - INFO - Building stim pattern for pattern_name 889
2026-02-02 14:42:01,714 - INFO - Building stim pattern for pattern_name 1358
2026-02-02 14:42:01,742 - INFO - Building stim pattern for pattern_name 25
2026-02-02 14:42:01,753 - INFO - Building stim pattern for pattern_name 1514
2026-02-02 14:42:01,764 - INFO - Building stim pattern for pattern_name 2272
2026-02-02 14:42:01,774 - INFO - Building stim pattern for pattern_name 2238
2026-02-02 14:42:01,785 - INFO - Building stim pattern for pattern_name 2181
2026-02-02 14:42:01,795 - INFO - Building stim pattern for pattern_name 3642
2026-02-02 14:42:01,813 - INFO - Building stim pattern for pattern_name 320
2026-02-02 14:42:01,824 - INFO - Building stim pattern for pattern_name 2608
2026-02-02 14:42:01,834 - INFO - Building stim pattern for pattern_name 3729
2026-02-02 14:42:01,844 - INFO - Building stim pattern for pattern_name 765
2026-02-02 14:42:01,856 - INFO - Building stim pattern for pattern_name 2360
2026-02-02 14:42:01,867 - INFO - Building stim pattern for pattern_name 1763
2026-02-02 14:42:01,877 - INFO - Building stim pattern for pattern_name 783
2026-02-02 14:42:01,888 - INFO - Building stim pattern for pattern_name 358
2026-02-02 14:42:01,900 - INFO - Building stim pattern for pattern_name 569
2026-02-02 14:42:01,916 - INFO - Building stim pattern for pattern_name 3195
2026-02-02 14:42:01,926 - INFO - Building stim pattern for pattern_name 714
2026-02-02 14:42:01,943 - INFO - Building stim pattern for pattern_name 1324
2026-02-02 14:42:01,955 - INFO - Building stim pattern for pattern_name 3194
2026-02-02 14:42:01,967 - INFO - Building stim pattern for pattern_name 2310
2026-02-02 14:42:01,979 - INFO - Building stim pattern for pattern_name 464
2026-02-02 14:42:02,068 - INFO - Building stim pattern for pattern_name 2880
2026-02-02 14:42:02,107 - INFO - Building stim pattern for pattern_name 216
2026-02-02 14:42:02,123 - INFO - Building stim pattern for pattern_name 1650
2026-02-02 14:42:02,143 - INFO - Building stim pattern for pattern_name 3273
2026-02-02 14:42:02,155 - INFO - Building stim pattern for pattern_name 375
2026-02-02 14:42:02,167 - INFO - Building stim pattern for pattern_name 282
2026-02-02 14:42:02,181 - INFO - Building stim pattern for pattern_name 3366
2026-02-02 14:42:02,192 - INFO - Building stim pattern for pattern_name 1555
2026-02-02 14:42:02,214 - INFO - Building stim pattern for pattern_name 3756
2026-02-02 14:42:02,232 - INFO - Building stim pattern for pattern_name 734
2026-02-02 14:42:02,261 - INFO - Building stim pattern for pattern_name 1785
2026-02-02 14:42:02,273 - INFO - Building stim pattern for pattern_name 744
2026-02-02 14:42:02,300 - INFO - Building stim pattern for pattern_name 1140
2026-02-02 14:42:02,318 - INFO - Building stim pattern for pattern_name 1588
2026-02-02 14:42:02,330 - INFO - Building stim pattern for pattern_name 2340
2026-02-02 14:42:02,341 - INFO - Building stim pattern for pattern_name 3169
2026-02-02 14:42:02,352 - INFO - Building stim pattern for pattern_name 1545
2026-02-02 14:42:02,368 - INFO - Building stim pattern for pattern_name 2744
2026-02-02 14:42:02,385 - INFO - Building stim pattern for pattern_name 848
2026-02-02 14:42:02,397 - INFO - Building stim pattern for pattern_name 3845
2026-02-02 14:42:02,408 - INFO - Building stim pattern for pattern_name 1636
2026-02-02 14:42:02,419 - INFO - Building stim pattern for pattern_name 2013
2026-02-02 14:42:02,430 - INFO - Building stim pattern for pattern_name 2252
2026-02-02 14:42:02,440 - INFO - Building stim pattern for pattern_name 3783
2026-02-02 14:42:02,452 - INFO - Building stim pattern for pattern_name 725
2026-02-02 14:42:02,469 - INFO - Building stim pattern for pattern_name 405
2026-02-02 14:42:02,483 - INFO - Building stim pattern for pattern_name 2051
2026-02-02 14:42:02,496 - INFO - Building stim pattern for pattern_name 832
2026-02-02 14:42:02,523 - INFO - Building stim pattern for pattern_name 887
2026-02-02 14:42:02,535 - INFO - Building stim pattern for pattern_name 2294
2026-02-02 14:42:02,559 - INFO - Building stim pattern for pattern_name 2544
2026-02-02 14:42:02,579 - INFO - Building stim pattern for pattern_name 74
2026-02-02 14:42:02,591 - INFO - Building stim pattern for pattern_name 2028
2026-02-02 14:42:02,603 - INFO - Building stim pattern for pattern_name 766
2026-02-02 14:42:02,614 - INFO - Building stim pattern for pattern_name 198
2026-02-02 14:42:02,625 - INFO - Building stim pattern for pattern_name 2891
2026-02-02 14:42:02,638 - INFO - Building stim pattern for pattern_name 267
2026-02-02 14:42:02,651 - INFO - Building stim pattern for pattern_name 1486
2026-02-02 14:42:02,671 - INFO - Building stim pattern for pattern_name 1257
2026-02-02 14:42:02,683 - INFO - Building stim pattern for pattern_name 3837
2026-02-02 14:42:02,695 - INFO - Building stim pattern for pattern_name 1356
2026-02-02 14:42:02,710 - INFO - Building stim pattern for pattern_name 2596
2026-02-02 14:42:02,724 - INFO - Building stim pattern for pattern_name 1978
2026-02-02 14:42:02,739 - INFO - Building stim pattern for pattern_name 1259
2026-02-02 14:42:02,751 - INFO - Building stim pattern for pattern_name 3682
2026-02-02 14:42:02,765 - INFO - Building stim pattern for pattern_name 1124
2026-02-02 14:42:02,777 - INFO - Building stim pattern for pattern_name 2442
2026-02-02 14:42:02,791 - INFO - Building stim pattern for pattern_name 2688
2026-02-02 14:42:02,801 - INFO - Building stim pattern for pattern_name 2549
2026-02-02 14:42:02,820 - INFO - Building stim pattern for pattern_name 822
2026-02-02 14:42:02,832 - INFO - Building stim pattern for pattern_name 3290
2026-02-02 14:42:02,853 - INFO - Building stim pattern for pattern_name 2341
2026-02-02 14:42:02,866 - INFO - Building stim pattern for pattern_name 925
2026-02-02 14:42:02,877 - INFO - Building stim pattern for pattern_name 1098
2026-02-02 14:42:02,897 - INFO - Building stim pattern for pattern_name 781
2026-02-02 14:42:02,908 - INFO - Building stim pattern for pattern_name 2791
2026-02-02 14:42:02,922 - INFO - Building stim pattern for pattern_name 120
2026-02-02 14:42:02,935 - INFO - Building stim pattern for pattern_name 1507
2026-02-02 14:42:02,948 - INFO - Building stim pattern for pattern_name 3779
2026-02-02 14:42:02,962 - INFO - Building stim pattern for pattern_name 2135
2026-02-02 14:42:02,976 - INFO - Building stim pattern for pattern_name 1213
2026-02-02 14:42:03,002 - INFO - Building stim pattern for pattern_name 2280
2026-02-02 14:42:03,015 - INFO - Building stim pattern for pattern_name 3242
2026-02-02 14:42:03,036 - INFO - Building stim pattern for pattern_name 3248
2026-02-02 14:42:03,047 - INFO - Building stim pattern for pattern_name 3121
2026-02-02 14:42:03,058 - INFO - Building stim pattern for pattern_name 2585
2026-02-02 14:42:03,069 - INFO - Building stim pattern for pattern_name 314
2026-02-02 14:42:03,081 - INFO - Building stim pattern for pattern_name 731
2026-02-02 14:42:03,094 - INFO - Building stim pattern for pattern_name 2902
2026-02-02 14:42:03,112 - INFO - Building stim pattern for pattern_name 3789
2026-02-02 14:42:03,123 - INFO - Building stim pattern for pattern_name 404
2026-02-02 14:42:03,142 - INFO - Building stim pattern for pattern_name 1155
2026-02-02 14:42:03,153 - INFO - Building stim pattern for pattern_name 3726
2026-02-02 14:42:03,169 - INFO - Building stim pattern for pattern_name 2696
2026-02-02 14:42:03,183 - INFO - Building stim pattern for pattern_name 806
2026-02-02 14:42:03,202 - INFO - Building stim pattern for pattern_name 1263
2026-02-02 14:42:03,213 - INFO - Building stim pattern for pattern_name 1695
2026-02-02 14:42:03,226 - INFO - Building stim pattern for pattern_name 3709
2026-02-02 14:42:03,253 - INFO - Building stim pattern for pattern_name 3958
2026-02-02 14:42:03,266 - INFO - Building stim pattern for pattern_name 1815
2026-02-02 14:42:03,279 - INFO - Building stim pattern for pattern_name 2178
2026-02-02 14:42:03,306 - INFO - Building stim pattern for pattern_name 1076
2026-02-02 14:42:03,325 - INFO - Building stim pattern for pattern_name 2867
2026-02-02 14:42:03,347 - INFO - Building stim pattern for pattern_name 2219
2026-02-02 14:42:03,358 - INFO - Building stim pattern for pattern_name 459
2026-02-02 14:42:03,369 - INFO - Building stim pattern for pattern_name 3318
2026-02-02 14:42:03,380 - INFO - Building stim pattern for pattern_name 2063
2026-02-02 14:42:03,391 - INFO - Building stim pattern for pattern_name 3561
2026-02-02 14:42:03,403 - INFO - Building stim pattern for pattern_name 1851
2026-02-02 14:42:03,415 - INFO - Building stim pattern for pattern_name 357
2026-02-02 14:42:03,444 - INFO - Building stim pattern for pattern_name 3213
2026-02-02 14:42:03,457 - INFO - Building stim pattern for pattern_name 3389
2026-02-02 14:42:03,467 - INFO - Building stim pattern for pattern_name 83
2026-02-02 14:42:03,478 - INFO - Building stim pattern for pattern_name 2193
2026-02-02 14:42:03,489 - INFO - Building stim pattern for pattern_name 1730
2026-02-02 14:42:03,500 - INFO - Building stim pattern for pattern_name 523
2026-02-02 14:42:03,513 - INFO - Building stim pattern for pattern_name 3234
2026-02-02 14:42:03,525 - INFO - Building stim pattern for pattern_name 1359
2026-02-02 14:42:03,538 - INFO - Building stim pattern for pattern_name 2961
2026-02-02 14:42:03,550 - INFO - Building stim pattern for pattern_name 1000
2026-02-02 14:42:03,569 - INFO - Building stim pattern for pattern_name 3607
2026-02-02 14:42:03,580 - INFO - Building stim pattern for pattern_name 3985
2026-02-02 14:42:03,593 - INFO - Building stim pattern for pattern_name 1808
2026-02-02 14:42:03,604 - INFO - Building stim pattern for pattern_name 1909
2026-02-02 14:42:03,615 - INFO - Building stim pattern for pattern_name 2854
2026-02-02 14:42:03,624 - INFO - Building stim pattern for pattern_name 3095
2026-02-02 14:42:03,650 - INFO - Building stim pattern for pattern_name 1016
2026-02-02 14:42:03,668 - INFO - Building stim pattern for pattern_name 3548
2026-02-02 14:42:03,693 - INFO - Building stim pattern for pattern_name 3198
2026-02-02 14:42:03,714 - INFO - Building stim pattern for pattern_name 38
2026-02-02 14:42:03,728 - INFO - Building stim pattern for pattern_name 1095
2026-02-02 14:42:03,741 - INFO - Building stim pattern for pattern_name 3529
2026-02-02 14:42:03,811 - INFO - Building stim pattern for pattern_name 700
2026-02-02 14:42:03,838 - INFO - Building stim pattern for pattern_name 61
2026-02-02 14:42:03,863 - INFO - Building stim pattern for pattern_name 1008
2026-02-02 14:42:03,877 - INFO - Building stim pattern for pattern_name 29
2026-02-02 14:42:03,891 - INFO - Building stim pattern for pattern_name 16
2026-02-02 14:42:03,902 - INFO - Building stim pattern for pattern_name 3525
2026-02-02 14:42:03,920 - INFO - Building stim pattern for pattern_name 3535
2026-02-02 14:42:03,933 - INFO - Building stim pattern for pattern_name 1069
2026-02-02 14:42:03,945 - INFO - Building stim pattern for pattern_name 683
2026-02-02 14:42:03,958 - INFO - Building stim pattern for pattern_name 1847
2026-02-02 14:42:03,976 - INFO - Building stim pattern for pattern_name 1878
2026-02-02 14:42:04,003 - INFO - Building stim pattern for pattern_name 1876
2026-02-02 14:42:04,030 - INFO - Building stim pattern for pattern_name 429
2026-02-02 14:42:04,046 - INFO - Building stim pattern for pattern_name 3038
2026-02-02 14:42:04,063 - INFO - Building stim pattern for pattern_name 3438
2026-02-02 14:42:04,099 - INFO - Building stim pattern for pattern_name 1609
2026-02-02 14:42:04,117 - INFO - Building stim pattern for pattern_name 1199
2026-02-02 14:42:04,168 - INFO - Building stim pattern for pattern_name 241
2026-02-02 14:42:04,192 - INFO - Building stim pattern for pattern_name 2322
2026-02-02 14:42:04,206 - INFO - Building stim pattern for pattern_name 3773
2026-02-02 14:42:04,221 - INFO - Building stim pattern for pattern_name 2629
2026-02-02 14:42:04,233 - INFO - Building stim pattern for pattern_name 2660
2026-02-02 14:42:04,252 - INFO - Building stim pattern for pattern_name 2958
2026-02-02 14:42:04,270 - INFO - Building stim pattern for pattern_name 3970
2026-02-02 14:42:04,281 - INFO - Building stim pattern for pattern_name 1144
2026-02-02 14:42:04,293 - INFO - Building stim pattern for pattern_name 2984
2026-02-02 14:42:04,304 - INFO - Building stim pattern for pattern_name 3179
2026-02-02 14:42:04,317 - INFO - Building stim pattern for pattern_name 2259
2026-02-02 14:42:04,327 - INFO - Building stim pattern for pattern_name 3138
2026-02-02 14:42:04,344 - INFO - Building stim pattern for pattern_name 2228
2026-02-02 14:42:04,395 - INFO - Building stim pattern for pattern_name 1103
2026-02-02 14:42:04,405 - INFO - Building stim pattern for pattern_name 851
2026-02-02 14:42:04,423 - INFO - Building stim pattern for pattern_name 3142
2026-02-02 14:42:04,434 - INFO - Building stim pattern for pattern_name 510
2026-02-02 14:42:04,447 - INFO - Building stim pattern for pattern_name 3473
2026-02-02 14:42:04,459 - INFO - Building stim pattern for pattern_name 3008
2026-02-02 14:42:04,472 - INFO - Building stim pattern for pattern_name 2871
2026-02-02 14:42:04,492 - INFO - Building stim pattern for pattern_name 86
2026-02-02 14:42:04,503 - INFO - Building stim pattern for pattern_name 2796
2026-02-02 14:42:04,515 - INFO - Building stim pattern for pattern_name 1911
2026-02-02 14:42:04,528 - INFO - Building stim pattern for pattern_name 1596
2026-02-02 14:42:04,542 - INFO - Building stim pattern for pattern_name 1829
2026-02-02 14:42:04,557 - INFO - Building stim pattern for pattern_name 3874
2026-02-02 14:42:04,568 - INFO - Building stim pattern for pattern_name 3094
2026-02-02 14:42:04,594 - INFO - Building stim pattern for pattern_name 101
2026-02-02 14:42:04,606 - INFO - Building stim pattern for pattern_name 1323
2026-02-02 14:42:04,619 - INFO - Building stim pattern for pattern_name 1032
2026-02-02 14:42:04,631 - INFO - Building stim pattern for pattern_name 3836
2026-02-02 14:42:04,643 - INFO - Building stim pattern for pattern_name 2039
2026-02-02 14:42:04,654 - INFO - Building stim pattern for pattern_name 673
2026-02-02 14:42:04,666 - INFO - Building stim pattern for pattern_name 1834
2026-02-02 14:42:04,676 - INFO - Building stim pattern for pattern_name 2895
2026-02-02 14:42:04,689 - INFO - Building stim pattern for pattern_name 3328
2026-02-02 14:42:04,703 - INFO - Building stim pattern for pattern_name 2698
2026-02-02 14:42:04,717 - INFO - Building stim pattern for pattern_name 2919
2026-02-02 14:42:04,729 - INFO - Building stim pattern for pattern_name 231
2026-02-02 14:42:04,739 - INFO - Building stim pattern for pattern_name 1824
2026-02-02 14:42:04,751 - INFO - Building stim pattern for pattern_name 1449
2026-02-02 14:42:04,763 - INFO - Building stim pattern for pattern_name 2752
2026-02-02 14:42:04,780 - INFO - Building stim pattern for pattern_name 3140
2026-02-02 14:42:04,792 - INFO - Building stim pattern for pattern_name 1589
2026-02-02 14:42:04,806 - INFO - Building stim pattern for pattern_name 1516
2026-02-02 14:42:04,828 - INFO - Building stim pattern for pattern_name 3060
2026-02-02 14:42:04,841 - INFO - Building stim pattern for pattern_name 89
2026-02-02 14:42:04,854 - INFO - Building stim pattern for pattern_name 502
2026-02-02 14:42:04,865 - INFO - Building stim pattern for pattern_name 1521
2026-02-02 14:42:04,877 - INFO - Building stim pattern for pattern_name 2974
2026-02-02 14:42:04,888 - INFO - Building stim pattern for pattern_name 540
2026-02-02 14:42:04,901 - INFO - Building stim pattern for pattern_name 1360
2026-02-02 14:42:04,912 - INFO - Building stim pattern for pattern_name 2530
2026-02-02 14:42:04,924 - INFO - Building stim pattern for pattern_name 1282
2026-02-02 14:42:04,936 - INFO - Building stim pattern for pattern_name 1956
2026-02-02 14:42:04,949 - INFO - Building stim pattern for pattern_name 1243
2026-02-02 14:42:04,967 - INFO - Building stim pattern for pattern_name 2350
2026-02-02 14:42:04,987 - INFO - Building stim pattern for pattern_name 2075
2026-02-02 14:42:04,999 - INFO - Building stim pattern for pattern_name 1830
2026-02-02 14:42:05,010 - INFO - Building stim pattern for pattern_name 1542
2026-02-02 14:42:05,024 - INFO - Building stim pattern for pattern_name 2137
2026-02-02 14:42:05,038 - INFO - Building stim pattern for pattern_name 3614
2026-02-02 14:42:05,049 - INFO - Building stim pattern for pattern_name 3425
2026-02-02 14:42:05,076 - INFO - Building stim pattern for pattern_name 447
2026-02-02 14:42:05,097 - INFO - Building stim pattern for pattern_name 885
2026-02-02 14:42:05,113 - INFO - Building stim pattern for pattern_name 1720
2026-02-02 14:42:05,124 - INFO - Building stim pattern for pattern_name 317
2026-02-02 14:42:05,142 - INFO - Building stim pattern for pattern_name 3373
2026-02-02 14:42:05,153 - INFO - Building stim pattern for pattern_name 517
2026-02-02 14:42:05,163 - INFO - Building stim pattern for pattern_name 1454
2026-02-02 14:42:05,175 - INFO - Building stim pattern for pattern_name 619
2026-02-02 14:42:05,187 - INFO - Building stim pattern for pattern_name 3093
2026-02-02 14:42:05,198 - INFO - Building stim pattern for pattern_name 319
2026-02-02 14:42:05,210 - INFO - Building stim pattern for pattern_name 3818
2026-02-02 14:42:05,229 - INFO - Building stim pattern for pattern_name 1388
2026-02-02 14:42:05,242 - INFO - Building stim pattern for pattern_name 1411
2026-02-02 14:42:05,255 - INFO - Building stim pattern for pattern_name 3620
2026-02-02 14:42:05,267 - INFO - Building stim pattern for pattern_name 2685
2026-02-02 14:42:05,281 - INFO - Building stim pattern for pattern_name 3929
2026-02-02 14:42:05,295 - INFO - Building stim pattern for pattern_name 547
2026-02-02 14:42:05,315 - INFO - Building stim pattern for pattern_name 2894
2026-02-02 14:42:05,326 - INFO - Building stim pattern for pattern_name 1494
2026-02-02 14:42:05,338 - INFO - Building stim pattern for pattern_name 2666
2026-02-02 14:42:05,351 - INFO - Building stim pattern for pattern_name 590
2026-02-02 14:42:05,362 - INFO - Building stim pattern for pattern_name 2993
2026-02-02 14:42:05,373 - INFO - Building stim pattern for pattern_name 219
2026-02-02 14:42:05,385 - INFO - Building stim pattern for pattern_name 3596
2026-02-02 14:42:05,401 - INFO - Building stim pattern for pattern_name 3884
2026-02-02 14:42:05,412 - INFO - Building stim pattern for pattern_name 1444
2026-02-02 14:42:05,429 - INFO - Building stim pattern for pattern_name 1187
2026-02-02 14:42:05,440 - INFO - Building stim pattern for pattern_name 2969
2026-02-02 14:42:05,452 - INFO - Building stim pattern for pattern_name 627
2026-02-02 14:42:05,472 - INFO - Building stim pattern for pattern_name 1766
2026-02-02 14:42:05,485 - INFO - Building stim pattern for pattern_name 890
2026-02-02 14:42:05,549 - INFO - Building stim pattern for pattern_name 3439
2026-02-02 14:42:05,583 - INFO - Building stim pattern for pattern_name 1250
2026-02-02 14:42:05,608 - INFO - Building stim pattern for pattern_name 3780
2026-02-02 14:42:05,622 - INFO - Building stim pattern for pattern_name 3814
2026-02-02 14:42:05,635 - INFO - Building stim pattern for pattern_name 3255
2026-02-02 14:42:05,648 - INFO - Building stim pattern for pattern_name 2485
2026-02-02 14:42:05,660 - INFO - Building stim pattern for pattern_name 1264
2026-02-02 14:42:05,671 - INFO - Building stim pattern for pattern_name 2935
2026-02-02 14:42:05,683 - INFO - Building stim pattern for pattern_name 2426
2026-02-02 14:42:05,696 - INFO - Building stim pattern for pattern_name 296
2026-02-02 14:42:05,709 - INFO - Building stim pattern for pattern_name 1684
2026-02-02 14:42:05,721 - INFO - Building stim pattern for pattern_name 729
2026-02-02 14:42:05,732 - INFO - Building stim pattern for pattern_name 1283
2026-02-02 14:42:05,757 - INFO - Building stim pattern for pattern_name 1483
2026-02-02 14:42:05,770 - INFO - Building stim pattern for pattern_name 1611
2026-02-02 14:42:05,785 - INFO - Building stim pattern for pattern_name 2780
2026-02-02 14:42:05,798 - INFO - Building stim pattern for pattern_name 484
2026-02-02 14:42:05,820 - INFO - Building stim pattern for pattern_name 1086
2026-02-02 14:42:05,833 - INFO - Building stim pattern for pattern_name 3521
2026-02-02 14:42:05,844 - INFO - Building stim pattern for pattern_name 3196
2026-02-02 14:42:05,857 - INFO - Building stim pattern for pattern_name 1656
2026-02-02 14:42:05,868 - INFO - Building stim pattern for pattern_name 1125
2026-02-02 14:42:05,879 - INFO - Building stim pattern for pattern_name 3187
2026-02-02 14:42:05,893 - INFO - Building stim pattern for pattern_name 3088
2026-02-02 14:42:05,905 - INFO - Building stim pattern for pattern_name 2274
2026-02-02 14:42:05,925 - INFO - Building stim pattern for pattern_name 1333
2026-02-02 14:42:05,938 - INFO - Building stim pattern for pattern_name 417
2026-02-02 14:42:05,949 - INFO - Building stim pattern for pattern_name 82
2026-02-02 14:42:05,961 - INFO - Building stim pattern for pattern_name 1677
2026-02-02 14:42:05,971 - INFO - Building stim pattern for pattern_name 2676
2026-02-02 14:42:05,982 - INFO - Building stim pattern for pattern_name 2035
2026-02-02 14:42:06,006 - INFO - Building stim pattern for pattern_name 847
2026-02-02 14:42:06,017 - INFO - Building stim pattern for pattern_name 2639
2026-02-02 14:42:06,028 - INFO - Building stim pattern for pattern_name 3569
2026-02-02 14:42:06,039 - INFO - Building stim pattern for pattern_name 2946
2026-02-02 14:42:06,052 - INFO - Building stim pattern for pattern_name 1698
2026-02-02 14:42:06,064 - INFO - Building stim pattern for pattern_name 1620
2026-02-02 14:42:06,078 - INFO - Building stim pattern for pattern_name 1435
2026-02-02 14:42:06,090 - INFO - Building stim pattern for pattern_name 3330
2026-02-02 14:42:06,101 - INFO - Building stim pattern for pattern_name 733
2026-02-02 14:42:06,111 - INFO - Building stim pattern for pattern_name 3567
2026-02-02 14:42:06,123 - INFO - Building stim pattern for pattern_name 3204
2026-02-02 14:42:06,141 - INFO - Building stim pattern for pattern_name 2413
2026-02-02 14:42:06,151 - INFO - Building stim pattern for pattern_name 1907
2026-02-02 14:42:06,168 - INFO - Building stim pattern for pattern_name 1801
2026-02-02 14:42:06,180 - INFO - Building stim pattern for pattern_name 1269
2026-02-02 14:42:06,191 - INFO - Building stim pattern for pattern_name 3024
2026-02-02 14:42:06,210 - INFO - Building stim pattern for pattern_name 1109
2026-02-02 14:42:06,221 - INFO - Building stim pattern for pattern_name 3497
2026-02-02 14:42:06,232 - INFO - Building stim pattern for pattern_name 2103
2026-02-02 14:42:06,244 - INFO - Building stim pattern for pattern_name 1192
2026-02-02 14:42:06,256 - INFO - Building stim pattern for pattern_name 2591
2026-02-02 14:42:06,266 - INFO - Building stim pattern for pattern_name 2545
2026-02-02 14:42:06,277 - INFO - Building stim pattern for pattern_name 836
2026-02-02 14:42:06,288 - INFO - Building stim pattern for pattern_name 2061
2026-02-02 14:42:06,307 - INFO - Building stim pattern for pattern_name 995
2026-02-02 14:42:06,319 - INFO - Building stim pattern for pattern_name 2824
2026-02-02 14:42:06,331 - INFO - Building stim pattern for pattern_name 21
2026-02-02 14:42:06,343 - INFO - Building stim pattern for pattern_name 2746
2026-02-02 14:42:06,361 - INFO - Building stim pattern for pattern_name 109
2026-02-02 14:42:06,371 - INFO - Building stim pattern for pattern_name 2941
2026-02-02 14:42:06,381 - INFO - Building stim pattern for pattern_name 2172
2026-02-02 14:42:06,393 - INFO - Building stim pattern for pattern_name 3117
2026-02-02 14:42:06,405 - INFO - Building stim pattern for pattern_name 2265
2026-02-02 14:42:06,417 - INFO - Building stim pattern for pattern_name 1923
2026-02-02 14:42:06,429 - INFO - Building stim pattern for pattern_name 3061
2026-02-02 14:42:06,440 - INFO - Building stim pattern for pattern_name 1174
2026-02-02 14:42:06,453 - INFO - Building stim pattern for pattern_name 1361
2026-02-02 14:42:06,463 - INFO - Building stim pattern for pattern_name 3164
2026-02-02 14:42:06,475 - INFO - Building stim pattern for pattern_name 1384
2026-02-02 14:42:06,486 - INFO - Building stim pattern for pattern_name 2925
2026-02-02 14:42:06,504 - INFO - Building stim pattern for pattern_name 2089
2026-02-02 14:42:06,515 - INFO - Building stim pattern for pattern_name 398
2026-02-02 14:42:06,527 - INFO - Building stim pattern for pattern_name 1484
2026-02-02 14:42:06,539 - INFO - Building stim pattern for pattern_name 1122
2026-02-02 14:42:06,551 - INFO - Building stim pattern for pattern_name 594
2026-02-02 14:42:06,563 - INFO - Building stim pattern for pattern_name 1567
2026-02-02 14:42:06,573 - INFO - Building stim pattern for pattern_name 363
2026-02-02 14:42:06,583 - INFO - Building stim pattern for pattern_name 3451
2026-02-02 14:42:06,593 - INFO - Building stim pattern for pattern_name 1600
2026-02-02 14:42:06,614 - INFO - Building stim pattern for pattern_name 1764
2026-02-02 14:42:06,624 - INFO - Building stim pattern for pattern_name 791
2026-02-02 14:42:06,635 - INFO - Building stim pattern for pattern_name 1602
2026-02-02 14:42:06,653 - INFO - Building stim pattern for pattern_name 1425
2026-02-02 14:42:06,662 - INFO - Building stim pattern for pattern_name 2220
2026-02-02 14:42:06,672 - INFO - Building stim pattern for pattern_name 1241
2026-02-02 14:42:06,681 - INFO - Building stim pattern for pattern_name 2582
2026-02-02 14:42:06,698 - INFO - Building stim pattern for pattern_name 1015
2026-02-02 14:42:06,727 - INFO - Building stim pattern for pattern_name 206
2026-02-02 14:42:06,738 - INFO - Building stim pattern for pattern_name 1692
2026-02-02 14:42:06,749 - INFO - Building stim pattern for pattern_name 226
2026-02-02 14:42:06,760 - INFO - Building stim pattern for pattern_name 2665
2026-02-02 14:42:06,772 - INFO - Building stim pattern for pattern_name 234
2026-02-02 14:42:06,783 - INFO - Building stim pattern for pattern_name 705
2026-02-02 14:42:06,796 - INFO - Building stim pattern for pattern_name 1316
2026-02-02 14:42:06,809 - INFO - Building stim pattern for pattern_name 2877
2026-02-02 14:42:06,819 - INFO - Building stim pattern for pattern_name 1367
2026-02-02 14:42:06,840 - INFO - Building stim pattern for pattern_name 333
2026-02-02 14:42:06,851 - INFO - Building stim pattern for pattern_name 1673
2026-02-02 14:42:06,875 - INFO - Building stim pattern for pattern_name 205
2026-02-02 14:42:06,886 - INFO - Building stim pattern for pattern_name 2776
2026-02-02 14:42:06,904 - INFO - Building stim pattern for pattern_name 3863
2026-02-02 14:42:06,915 - INFO - Building stim pattern for pattern_name 760
2026-02-02 14:42:06,926 - INFO - Building stim pattern for pattern_name 1869
2026-02-02 14:42:06,937 - INFO - Building stim pattern for pattern_name 933
2026-02-02 14:42:06,946 - INFO - Building stim pattern for pattern_name 2547
2026-02-02 14:42:06,958 - INFO - Building stim pattern for pattern_name 2363
2026-02-02 14:42:06,974 - INFO - Building stim pattern for pattern_name 3722
2026-02-02 14:42:06,987 - INFO - Building stim pattern for pattern_name 2348
2026-02-02 14:42:07,007 - INFO - Building stim pattern for pattern_name 2334
2026-02-02 14:42:07,098 - INFO - Building stim pattern for pattern_name 3678
2026-02-02 14:42:07,134 - INFO - Building stim pattern for pattern_name 18
2026-02-02 14:42:07,147 - INFO - Building stim pattern for pattern_name 1499
2026-02-02 14:42:07,167 - INFO - Building stim pattern for pattern_name 3961
2026-02-02 14:42:07,179 - INFO - Building stim pattern for pattern_name 1674
2026-02-02 14:42:07,211 - INFO - Building stim pattern for pattern_name 2934
2026-02-02 14:42:07,222 - INFO - Building stim pattern for pattern_name 432
2026-02-02 14:42:07,243 - INFO - Building stim pattern for pattern_name 145
2026-02-02 14:42:07,255 - INFO - Building stim pattern for pattern_name 1974
2026-02-02 14:42:07,266 - INFO - Building stim pattern for pattern_name 3112
2026-02-02 14:42:07,284 - INFO - Building stim pattern for pattern_name 2967
2026-02-02 14:42:07,296 - INFO - Building stim pattern for pattern_name 1080
2026-02-02 14:42:07,312 - INFO - Building stim pattern for pattern_name 3111
2026-02-02 14:42:07,323 - INFO - Building stim pattern for pattern_name 1759
2026-02-02 14:42:07,334 - INFO - Building stim pattern for pattern_name 391
2026-02-02 14:42:07,345 - INFO - Building stim pattern for pattern_name 158
2026-02-02 14:42:07,357 - INFO - Building stim pattern for pattern_name 3940
2026-02-02 14:42:07,374 - INFO - Building stim pattern for pattern_name 948
2026-02-02 14:42:07,386 - INFO - Building stim pattern for pattern_name 1218
2026-02-02 14:42:07,398 - INFO - Building stim pattern for pattern_name 3165
2026-02-02 14:42:07,410 - INFO - Building stim pattern for pattern_name 830
2026-02-02 14:42:07,420 - INFO - Building stim pattern for pattern_name 1039
2026-02-02 14:42:07,432 - INFO - Building stim pattern for pattern_name 3220
2026-02-02 14:42:07,443 - INFO - Building stim pattern for pattern_name 410
2026-02-02 14:42:07,453 - INFO - Building stim pattern for pattern_name 3257
2026-02-02 14:42:07,465 - INFO - Building stim pattern for pattern_name 1217
2026-02-02 14:42:07,477 - INFO - Building stim pattern for pattern_name 1637
2026-02-02 14:42:07,487 - INFO - Building stim pattern for pattern_name 2361
2026-02-02 14:42:07,498 - INFO - Building stim pattern for pattern_name 3626
2026-02-02 14:42:07,509 - INFO - Building stim pattern for pattern_name 3966
2026-02-02 14:42:07,523 - INFO - Building stim pattern for pattern_name 1339
2026-02-02 14:42:07,542 - INFO - Building stim pattern for pattern_name 259
2026-02-02 14:42:07,553 - INFO - Building stim pattern for pattern_name 424
2026-02-02 14:42:07,564 - INFO - Building stim pattern for pattern_name 1903
2026-02-02 14:42:07,574 - INFO - Building stim pattern for pattern_name 3908
2026-02-02 14:42:07,585 - INFO - Building stim pattern for pattern_name 909
2026-02-02 14:42:07,598 - INFO - Building stim pattern for pattern_name 3834
2026-02-02 14:42:07,631 - INFO - Building stim pattern for pattern_name 102
2026-02-02 14:42:07,643 - INFO - Building stim pattern for pattern_name 903
2026-02-02 14:42:07,656 - INFO - Building stim pattern for pattern_name 811
2026-02-02 14:42:07,670 - INFO - Building stim pattern for pattern_name 2633
2026-02-02 14:42:07,681 - INFO - Building stim pattern for pattern_name 2773
2026-02-02 14:42:07,708 - INFO - Building stim pattern for pattern_name 2887
2026-02-02 14:42:07,722 - INFO - Building stim pattern for pattern_name 2918
2026-02-02 14:42:07,741 - INFO - Building stim pattern for pattern_name 1114
2026-02-02 14:42:07,752 - INFO - Building stim pattern for pattern_name 3634
2026-02-02 14:42:07,770 - INFO - Building stim pattern for pattern_name 2374
2026-02-02 14:42:07,783 - INFO - Building stim pattern for pattern_name 1628
2026-02-02 14:42:07,803 - INFO - Building stim pattern for pattern_name 644
2026-02-02 14:42:07,814 - INFO - Building stim pattern for pattern_name 2141
2026-02-02 14:42:07,831 - INFO - Building stim pattern for pattern_name 2738
2026-02-02 14:42:07,842 - INFO - Building stim pattern for pattern_name 3341
2026-02-02 14:42:07,860 - INFO - Building stim pattern for pattern_name 1739
2026-02-02 14:42:07,872 - INFO - Building stim pattern for pattern_name 3734
2026-02-02 14:42:07,884 - INFO - Building stim pattern for pattern_name 195
2026-02-02 14:42:07,895 - INFO - Building stim pattern for pattern_name 2584
2026-02-02 14:42:07,905 - INFO - Building stim pattern for pattern_name 1646
2026-02-02 14:42:07,924 - INFO - Building stim pattern for pattern_name 625
2026-02-02 14:42:07,935 - INFO - Building stim pattern for pattern_name 2128
2026-02-02 14:42:07,947 - INFO - Building stim pattern for pattern_name 942
2026-02-02 14:42:07,957 - INFO - Building stim pattern for pattern_name 1539
2026-02-02 14:42:07,968 - INFO - Building stim pattern for pattern_name 3720
2026-02-02 14:42:07,982 - INFO - Building stim pattern for pattern_name 370
2026-02-02 14:42:07,995 - INFO - Building stim pattern for pattern_name 2283
2026-02-02 14:42:08,006 - INFO - Building stim pattern for pattern_name 2882
2026-02-02 14:42:08,026 - INFO - Building stim pattern for pattern_name 2412
2026-02-02 14:42:08,039 - INFO - Building stim pattern for pattern_name 2235
2026-02-02 14:42:08,051 - INFO - Building stim pattern for pattern_name 3240
2026-02-02 14:42:08,070 - INFO - Building stim pattern for pattern_name 3462
2026-02-02 14:42:08,082 - INFO - Building stim pattern for pattern_name 355
2026-02-02 14:42:08,093 - INFO - Building stim pattern for pattern_name 1193
2026-02-02 14:42:08,110 - INFO - Building stim pattern for pattern_name 704
2026-02-02 14:42:08,121 - INFO - Building stim pattern for pattern_name 3201
2026-02-02 14:42:08,134 - INFO - Building stim pattern for pattern_name 3896
2026-02-02 14:42:08,146 - INFO - Building stim pattern for pattern_name 3322
2026-02-02 14:42:08,159 - INFO - Building stim pattern for pattern_name 1416
2026-02-02 14:42:08,190 - INFO - Building stim pattern for pattern_name 1776
2026-02-02 14:42:08,206 - INFO - Building stim pattern for pattern_name 1846
2026-02-02 14:42:08,224 - INFO - Building stim pattern for pattern_name 904
2026-02-02 14:42:08,236 - INFO - Building stim pattern for pattern_name 3176
2026-02-02 14:42:08,247 - INFO - Building stim pattern for pattern_name 3157
2026-02-02 14:42:08,257 - INFO - Building stim pattern for pattern_name 2577
2026-02-02 14:42:08,270 - INFO - Building stim pattern for pattern_name 516
2026-02-02 14:42:08,282 - INFO - Building stim pattern for pattern_name 2841
2026-02-02 14:42:08,307 - INFO - Building stim pattern for pattern_name 2136
2026-02-02 14:42:08,319 - INFO - Building stim pattern for pattern_name 3994
2026-02-02 14:42:08,332 - INFO - Building stim pattern for pattern_name 2371
2026-02-02 14:42:08,345 - INFO - Building stim pattern for pattern_name 717
2026-02-02 14:42:08,361 - INFO - Building stim pattern for pattern_name 1156
2026-02-02 14:42:08,372 - INFO - Building stim pattern for pattern_name 3149
2026-02-02 14:42:08,382 - INFO - Building stim pattern for pattern_name 2248
2026-02-02 14:42:08,393 - INFO - Building stim pattern for pattern_name 448
2026-02-02 14:42:08,403 - INFO - Building stim pattern for pattern_name 367
2026-02-02 14:42:08,414 - INFO - Building stim pattern for pattern_name 537
2026-02-02 14:42:08,425 - INFO - Building stim pattern for pattern_name 519
2026-02-02 14:42:08,442 - INFO - Building stim pattern for pattern_name 3608
2026-02-02 14:42:08,454 - INFO - Building stim pattern for pattern_name 1693
2026-02-02 14:42:08,484 - INFO - Building stim pattern for pattern_name 1476
2026-02-02 14:42:08,495 - INFO - Building stim pattern for pattern_name 182
2026-02-02 14:42:08,513 - INFO - Building stim pattern for pattern_name 287
2026-02-02 14:42:08,543 - INFO - Building stim pattern for pattern_name 1149
2026-02-02 14:42:08,557 - INFO - Building stim pattern for pattern_name 2848
2026-02-02 14:42:08,568 - INFO - Building stim pattern for pattern_name 2208
2026-02-02 14:42:08,580 - INFO - Building stim pattern for pattern_name 2505
2026-02-02 14:42:08,666 - INFO - Building stim pattern for pattern_name 788
2026-02-02 14:42:08,694 - INFO - Building stim pattern for pattern_name 3471
2026-02-02 14:42:08,707 - INFO - Building stim pattern for pattern_name 3667
2026-02-02 14:42:08,725 - INFO - Building stim pattern for pattern_name 3351
2026-02-02 14:42:08,737 - INFO - Building stim pattern for pattern_name 2927
2026-02-02 14:42:08,755 - INFO - Building stim pattern for pattern_name 986
2026-02-02 14:42:08,778 - INFO - Building stim pattern for pattern_name 3098
2026-02-02 14:42:08,791 - INFO - Building stim pattern for pattern_name 2840
2026-02-02 14:42:08,801 - INFO - Building stim pattern for pattern_name 479
2026-02-02 14:42:08,812 - INFO - Building stim pattern for pattern_name 3732
2026-02-02 14:42:08,822 - INFO - Building stim pattern for pattern_name 435
2026-02-02 14:42:08,838 - INFO - Building stim pattern for pattern_name 2701
2026-02-02 14:42:08,848 - INFO - Building stim pattern for pattern_name 3616
2026-02-02 14:42:08,859 - INFO - Building stim pattern for pattern_name 1327
2026-02-02 14:42:08,872 - INFO - Building stim pattern for pattern_name 2113
2026-02-02 14:42:08,897 - INFO - Building stim pattern for pattern_name 2830
2026-02-02 14:42:08,909 - INFO - Building stim pattern for pattern_name 2021
2026-02-02 14:42:08,930 - INFO - Building stim pattern for pattern_name 1913
2026-02-02 14:42:08,941 - INFO - Building stim pattern for pattern_name 1955
2026-02-02 14:42:08,964 - INFO - Building stim pattern for pattern_name 3636
2026-02-02 14:42:08,976 - INFO - Building stim pattern for pattern_name 2120
2026-02-02 14:42:09,010 - INFO - Building stim pattern for pattern_name 2440
2026-02-02 14:42:09,022 - INFO - Building stim pattern for pattern_name 135
2026-02-02 14:42:09,035 - INFO - Building stim pattern for pattern_name 470
2026-02-02 14:42:09,047 - INFO - Building stim pattern for pattern_name 2453
2026-02-02 14:42:09,066 - INFO - Building stim pattern for pattern_name 113
2026-02-02 14:42:09,079 - INFO - Building stim pattern for pattern_name 230
2026-02-02 14:42:09,090 - INFO - Building stim pattern for pattern_name 2979
2026-02-02 14:42:09,102 - INFO - Building stim pattern for pattern_name 1842
2026-02-02 14:42:09,137 - INFO - Building stim pattern for pattern_name 1215
2026-02-02 14:42:09,152 - INFO - Building stim pattern for pattern_name 117
2026-02-02 14:42:09,168 - INFO - Building stim pattern for pattern_name 3105
2026-02-02 14:42:09,187 - INFO - Building stim pattern for pattern_name 769
2026-02-02 14:42:09,203 - INFO - Building stim pattern for pattern_name 555
2026-02-02 14:42:09,219 - INFO - Building stim pattern for pattern_name 1655
2026-02-02 14:42:09,246 - INFO - Building stim pattern for pattern_name 1513
2026-02-02 14:42:09,261 - INFO - Building stim pattern for pattern_name 1415
2026-02-02 14:42:09,277 - INFO - Building stim pattern for pattern_name 3459
2026-02-02 14:42:09,291 - INFO - Building stim pattern for pattern_name 1393
2026-02-02 14:42:09,327 - INFO - Building stim pattern for pattern_name 878
2026-02-02 14:42:09,342 - INFO - Building stim pattern for pattern_name 2217
2026-02-02 14:42:09,355 - INFO - Building stim pattern for pattern_name 3043
2026-02-02 14:42:09,367 - INFO - Building stim pattern for pattern_name 2594
2026-02-02 14:42:09,377 - INFO - Building stim pattern for pattern_name 3670
2026-02-02 14:42:09,393 - INFO - Building stim pattern for pattern_name 3000
2026-02-02 14:42:09,406 - INFO - Building stim pattern for pattern_name 972
2026-02-02 14:42:09,424 - INFO - Building stim pattern for pattern_name 3955
2026-02-02 14:42:09,435 - INFO - Building stim pattern for pattern_name 936
2026-02-02 14:42:09,452 - INFO - Building stim pattern for pattern_name 2246
2026-02-02 14:42:09,465 - INFO - Building stim pattern for pattern_name 985
2026-02-02 14:42:09,475 - INFO - Building stim pattern for pattern_name 2772
2026-02-02 14:42:09,488 - INFO - Building stim pattern for pattern_name 645
2026-02-02 14:42:09,499 - INFO - Building stim pattern for pattern_name 3838
2026-02-02 14:42:09,510 - INFO - Building stim pattern for pattern_name 309
2026-02-02 14:42:09,538 - INFO - Building stim pattern for pattern_name 2250
2026-02-02 14:42:09,551 - INFO - Building stim pattern for pattern_name 1606
2026-02-02 14:42:09,561 - INFO - Building stim pattern for pattern_name 943
2026-02-02 14:42:09,572 - INFO - Building stim pattern for pattern_name 931
2026-02-02 14:42:09,583 - INFO - Building stim pattern for pattern_name 1543
2026-02-02 14:42:09,601 - INFO - Building stim pattern for pattern_name 2909
2026-02-02 14:42:09,612 - INFO - Building stim pattern for pattern_name 2117
2026-02-02 14:42:09,625 - INFO - Building stim pattern for pattern_name 3651
2026-02-02 14:42:09,639 - INFO - Building stim pattern for pattern_name 2253
2026-02-02 14:42:09,651 - INFO - Building stim pattern for pattern_name 33
2026-02-02 14:42:09,670 - INFO - Building stim pattern for pattern_name 153
2026-02-02 14:42:09,689 - INFO - Building stim pattern for pattern_name 3768
2026-02-02 14:42:09,705 - INFO - Building stim pattern for pattern_name 2080
2026-02-02 14:42:09,737 - INFO - Building stim pattern for pattern_name 1688
2026-02-02 14:42:09,749 - INFO - Building stim pattern for pattern_name 30
2026-02-02 14:42:09,760 - INFO - Building stim pattern for pattern_name 85
2026-02-02 14:42:09,771 - INFO - Building stim pattern for pattern_name 1260
2026-02-02 14:42:09,781 - INFO - Building stim pattern for pattern_name 973
2026-02-02 14:42:09,798 - INFO - Building stim pattern for pattern_name 3147
2026-02-02 14:42:09,809 - INFO - Building stim pattern for pattern_name 2574
2026-02-02 14:42:09,827 - INFO - Building stim pattern for pattern_name 1284
2026-02-02 14:42:09,839 - INFO - Building stim pattern for pattern_name 1928
2026-02-02 14:42:09,851 - INFO - Building stim pattern for pattern_name 829
2026-02-02 14:42:09,868 - INFO - Building stim pattern for pattern_name 1579
2026-02-02 14:42:09,886 - INFO - Building stim pattern for pattern_name 2948
2026-02-02 14:42:09,897 - INFO - Building stim pattern for pattern_name 2949
2026-02-02 14:42:09,907 - INFO - Building stim pattern for pattern_name 1700
2026-02-02 14:42:09,926 - INFO - Building stim pattern for pattern_name 1477
2026-02-02 14:42:09,938 - INFO - Building stim pattern for pattern_name 323
2026-02-02 14:42:09,956 - INFO - Building stim pattern for pattern_name 3269
2026-02-02 14:42:09,972 - INFO - Building stim pattern for pattern_name 3503
2026-02-02 14:42:09,984 - INFO - Building stim pattern for pattern_name 220
2026-02-02 14:42:10,002 - INFO - Building stim pattern for pattern_name 2862
2026-02-02 14:42:10,013 - INFO - Building stim pattern for pattern_name 2686
2026-02-02 14:42:10,023 - INFO - Building stim pattern for pattern_name 824
2026-02-02 14:42:10,034 - INFO - Building stim pattern for pattern_name 2541
2026-02-02 14:42:10,046 - INFO - Building stim pattern for pattern_name 2983
2026-02-02 14:42:10,057 - INFO - Building stim pattern for pattern_name 3482
2026-02-02 14:42:10,067 - INFO - Building stim pattern for pattern_name 2101
2026-02-02 14:42:10,077 - INFO - Building stim pattern for pattern_name 2642
2026-02-02 14:42:10,089 - INFO - Building stim pattern for pattern_name 1755
2026-02-02 14:42:10,104 - INFO - Building stim pattern for pattern_name 272
2026-02-02 14:42:10,128 - INFO - Building stim pattern for pattern_name 2794
2026-02-02 14:42:10,139 - INFO - Building stim pattern for pattern_name 3431
2026-02-02 14:42:10,157 - INFO - Building stim pattern for pattern_name 817
2026-02-02 14:42:10,167 - INFO - Building stim pattern for pattern_name 389
2026-02-02 14:42:10,178 - INFO - Building stim pattern for pattern_name 178
2026-02-02 14:42:10,188 - INFO - Building stim pattern for pattern_name 3812
2026-02-02 14:42:10,200 - INFO - Building stim pattern for pattern_name 860
2026-02-02 14:42:10,212 - INFO - Building stim pattern for pattern_name 671
2026-02-02 14:42:10,223 - INFO - Building stim pattern for pattern_name 826
2026-02-02 14:42:10,235 - INFO - Building stim pattern for pattern_name 2528
2026-02-02 14:42:10,297 - INFO - Building stim pattern for pattern_name 2436
2026-02-02 14:42:10,330 - INFO - Building stim pattern for pattern_name 1488
2026-02-02 14:42:10,367 - INFO - Building stim pattern for pattern_name 1493
2026-02-02 14:42:10,390 - INFO - Building stim pattern for pattern_name 823
2026-02-02 14:42:10,418 - INFO - Building stim pattern for pattern_name 237
2026-02-02 14:42:10,431 - INFO - Building stim pattern for pattern_name 2515
2026-02-02 14:42:10,444 - INFO - Building stim pattern for pattern_name 157
2026-02-02 14:42:10,456 - INFO - Building stim pattern for pattern_name 3570
2026-02-02 14:42:10,475 - INFO - Building stim pattern for pattern_name 2186
2026-02-02 14:42:10,486 - INFO - Building stim pattern for pattern_name 3748
2026-02-02 14:42:10,497 - INFO - Building stim pattern for pattern_name 3172
2026-02-02 14:42:10,509 - INFO - Building stim pattern for pattern_name 352
2026-02-02 14:42:10,520 - INFO - Building stim pattern for pattern_name 3550
2026-02-02 14:42:10,532 - INFO - Building stim pattern for pattern_name 3835
2026-02-02 14:42:10,552 - INFO - Building stim pattern for pattern_name 416
2026-02-02 14:42:10,564 - INFO - Building stim pattern for pattern_name 1617
2026-02-02 14:42:10,575 - INFO - Building stim pattern for pattern_name 508
2026-02-02 14:42:10,587 - INFO - Building stim pattern for pattern_name 2048
2026-02-02 14:42:10,599 - INFO - Building stim pattern for pattern_name 23
2026-02-02 14:42:10,609 - INFO - Building stim pattern for pattern_name 1769
2026-02-02 14:42:10,621 - INFO - Building stim pattern for pattern_name 712
2026-02-02 14:42:10,633 - INFO - Building stim pattern for pattern_name 1165
2026-02-02 14:42:10,645 - INFO - Building stim pattern for pattern_name 274
2026-02-02 14:42:10,663 - INFO - Building stim pattern for pattern_name 3541
2026-02-02 14:42:10,680 - INFO - Building stim pattern for pattern_name 3329
2026-02-02 14:42:10,691 - INFO - Building stim pattern for pattern_name 264
2026-02-02 14:42:10,702 - INFO - Building stim pattern for pattern_name 3639
2026-02-02 14:42:10,713 - INFO - Building stim pattern for pattern_name 2392
2026-02-02 14:42:10,724 - INFO - Building stim pattern for pattern_name 2057
2026-02-02 14:42:10,742 - INFO - Building stim pattern for pattern_name 1805
2026-02-02 14:42:10,753 - INFO - Building stim pattern for pattern_name 3971
2026-02-02 14:42:10,764 - INFO - Building stim pattern for pattern_name 3136
2026-02-02 14:42:10,775 - INFO - Building stim pattern for pattern_name 98
2026-02-02 14:42:10,793 - INFO - Building stim pattern for pattern_name 3001
2026-02-02 14:42:10,804 - INFO - Building stim pattern for pattern_name 2737
2026-02-02 14:42:10,821 - INFO - Building stim pattern for pattern_name 3282
2026-02-02 14:42:10,833 - INFO - Building stim pattern for pattern_name 2066
2026-02-02 14:42:10,844 - INFO - Building stim pattern for pattern_name 3829
2026-02-02 14:42:10,856 - INFO - Building stim pattern for pattern_name 1018
2026-02-02 14:42:10,867 - INFO - Building stim pattern for pattern_name 2164
2026-02-02 14:42:10,879 - INFO - Building stim pattern for pattern_name 3643
2026-02-02 14:42:10,891 - INFO - Building stim pattern for pattern_name 3623
2026-02-02 14:42:10,901 - INFO - Building stim pattern for pattern_name 239
2026-02-02 14:42:10,912 - INFO - Building stim pattern for pattern_name 1244
2026-02-02 14:42:10,923 - INFO - Building stim pattern for pattern_name 3753
2026-02-02 14:42:10,933 - INFO - Building stim pattern for pattern_name 1523
2026-02-02 14:42:10,944 - INFO - Building stim pattern for pattern_name 419
2026-02-02 14:42:10,960 - INFO - Building stim pattern for pattern_name 2859
2026-02-02 14:42:10,972 - INFO - Building stim pattern for pattern_name 2907
2026-02-02 14:42:10,991 - INFO - Building stim pattern for pattern_name 2050
2026-02-02 14:42:11,003 - INFO - Building stim pattern for pattern_name 3056
2026-02-02 14:42:11,026 - INFO - Building stim pattern for pattern_name 2838
2026-02-02 14:42:11,039 - INFO - Building stim pattern for pattern_name 839
2026-02-02 14:42:11,051 - INFO - Building stim pattern for pattern_name 1479
2026-02-02 14:42:11,068 - INFO - Building stim pattern for pattern_name 1433
2026-02-02 14:42:11,087 - INFO - Building stim pattern for pattern_name 3673
2026-02-02 14:42:11,098 - INFO - Building stim pattern for pattern_name 831
2026-02-02 14:42:11,110 - INFO - Building stim pattern for pattern_name 349
2026-02-02 14:42:11,120 - INFO - Building stim pattern for pattern_name 2054
2026-02-02 14:42:11,133 - INFO - Building stim pattern for pattern_name 1800
2026-02-02 14:42:11,143 - INFO - Building stim pattern for pattern_name 930
2026-02-02 14:42:11,159 - INFO - Building stim pattern for pattern_name 857
2026-02-02 14:42:11,171 - INFO - Building stim pattern for pattern_name 1664
2026-02-02 14:42:11,182 - INFO - Building stim pattern for pattern_name 3721
2026-02-02 14:42:11,194 - INFO - Building stim pattern for pattern_name 2778
2026-02-02 14:42:11,212 - INFO - Building stim pattern for pattern_name 2234
2026-02-02 14:42:11,222 - INFO - Building stim pattern for pattern_name 689
2026-02-02 14:42:11,233 - INFO - Building stim pattern for pattern_name 634
2026-02-02 14:42:11,252 - INFO - Building stim pattern for pattern_name 2236
2026-02-02 14:42:11,262 - INFO - Building stim pattern for pattern_name 3919
2026-02-02 14:42:11,273 - INFO - Building stim pattern for pattern_name 3167
2026-02-02 14:42:11,284 - INFO - Building stim pattern for pattern_name 3859
2026-02-02 14:42:11,293 - INFO - Building stim pattern for pattern_name 420
2026-02-02 14:42:11,311 - INFO - Building stim pattern for pattern_name 3258
2026-02-02 14:42:11,322 - INFO - Building stim pattern for pattern_name 2835
2026-02-02 14:42:11,332 - INFO - Building stim pattern for pattern_name 2359
2026-02-02 14:42:11,342 - INFO - Building stim pattern for pattern_name 1703
2026-02-02 14:42:11,353 - INFO - Building stim pattern for pattern_name 140
2026-02-02 14:42:11,365 - INFO - Building stim pattern for pattern_name 2300
2026-02-02 14:42:11,375 - INFO - Building stim pattern for pattern_name 1092
2026-02-02 14:42:11,389 - INFO - Building stim pattern for pattern_name 2432
2026-02-02 14:42:11,401 - INFO - Building stim pattern for pattern_name 2000
2026-02-02 14:42:11,419 - INFO - Building stim pattern for pattern_name 3059
2026-02-02 14:42:11,429 - INFO - Building stim pattern for pattern_name 3980
2026-02-02 14:42:11,440 - INFO - Building stim pattern for pattern_name 1668
2026-02-02 14:42:11,452 - INFO - Building stim pattern for pattern_name 457
2026-02-02 14:42:11,473 - INFO - Building stim pattern for pattern_name 3979
2026-02-02 14:42:11,487 - INFO - Building stim pattern for pattern_name 3085
2026-02-02 14:42:11,507 - INFO - Building stim pattern for pattern_name 3655
2026-02-02 14:42:11,527 - INFO - Building stim pattern for pattern_name 983
2026-02-02 14:42:11,539 - INFO - Building stim pattern for pattern_name 2973
2026-02-02 14:42:11,551 - INFO - Building stim pattern for pattern_name 1400
2026-02-02 14:42:11,563 - INFO - Building stim pattern for pattern_name 2124
2026-02-02 14:42:11,580 - INFO - Building stim pattern for pattern_name 2990
2026-02-02 14:42:11,591 - INFO - Building stim pattern for pattern_name 3669
2026-02-02 14:42:11,602 - INFO - Building stim pattern for pattern_name 3950
2026-02-02 14:42:11,613 - INFO - Building stim pattern for pattern_name 1594
2026-02-02 14:42:11,656 - INFO - Building stim pattern for pattern_name 3875
2026-02-02 14:42:11,720 - INFO - Building stim pattern for pattern_name 934
2026-02-02 14:42:11,751 - INFO - Building stim pattern for pattern_name 3615
2026-02-02 14:42:11,784 - INFO - Building stim pattern for pattern_name 1941
2026-02-02 14:42:11,796 - INFO - Building stim pattern for pattern_name 129
2026-02-02 14:42:11,808 - INFO - Building stim pattern for pattern_name 2663
2026-02-02 14:42:11,820 - INFO - Building stim pattern for pattern_name 2543
2026-02-02 14:42:11,833 - INFO - Building stim pattern for pattern_name 2309
2026-02-02 14:42:11,845 - INFO - Building stim pattern for pattern_name 795
2026-02-02 14:42:11,865 - INFO - Building stim pattern for pattern_name 1713
2026-02-02 14:42:11,877 - INFO - Building stim pattern for pattern_name 3264
2026-02-02 14:42:11,891 - INFO - Building stim pattern for pattern_name 3158
2026-02-02 14:42:11,908 - INFO - Building stim pattern for pattern_name 515
2026-02-02 14:42:11,925 - INFO - Building stim pattern for pattern_name 1946
2026-02-02 14:42:11,937 - INFO - Building stim pattern for pattern_name 3625
2026-02-02 14:42:11,948 - INFO - Building stim pattern for pattern_name 436
2026-02-02 14:42:11,959 - INFO - Building stim pattern for pattern_name 2160
2026-02-02 14:42:11,978 - INFO - Building stim pattern for pattern_name 2443
2026-02-02 14:42:11,990 - INFO - Building stim pattern for pattern_name 2320
2026-02-02 14:42:12,009 - INFO - Building stim pattern for pattern_name 3769
2026-02-02 14:42:12,021 - INFO - Building stim pattern for pattern_name 1986
2026-02-02 14:42:12,032 - INFO - Building stim pattern for pattern_name 1598
2026-02-02 14:42:12,044 - INFO - Building stim pattern for pattern_name 36
2026-02-02 14:42:12,059 - INFO - Building stim pattern for pattern_name 1009
2026-02-02 14:42:12,081 - INFO - Building stim pattern for pattern_name 55
2026-02-02 14:42:12,095 - INFO - Building stim pattern for pattern_name 64
2026-02-02 14:42:12,108 - INFO - Building stim pattern for pattern_name 2386
2026-02-02 14:42:12,120 - INFO - Building stim pattern for pattern_name 1224
2026-02-02 14:42:12,134 - INFO - Building stim pattern for pattern_name 3920
2026-02-02 14:42:12,153 - INFO - Building stim pattern for pattern_name 1342
2026-02-02 14:42:12,163 - INFO - Building stim pattern for pattern_name 3764
2026-02-02 14:42:12,176 - INFO - Building stim pattern for pattern_name 3566
2026-02-02 14:42:12,187 - INFO - Building stim pattern for pattern_name 3872
2026-02-02 14:42:12,206 - INFO - Building stim pattern for pattern_name 2637
2026-02-02 14:42:12,217 - INFO - Building stim pattern for pattern_name 2429
2026-02-02 14:42:12,228 - INFO - Building stim pattern for pattern_name 3427
2026-02-02 14:42:12,240 - INFO - Building stim pattern for pattern_name 2279
2026-02-02 14:42:12,251 - INFO - Building stim pattern for pattern_name 1887
2026-02-02 14:42:12,282 - INFO - Building stim pattern for pattern_name 2726
2026-02-02 14:42:12,293 - INFO - Building stim pattern for pattern_name 2943
2026-02-02 14:42:12,304 - INFO - Building stim pattern for pattern_name 2399
2026-02-02 14:42:12,314 - INFO - Building stim pattern for pattern_name 1631
2026-02-02 14:42:12,340 - INFO - Building stim pattern for pattern_name 3057
2026-02-02 14:42:12,350 - INFO - Building stim pattern for pattern_name 3418
2026-02-02 14:42:12,368 - INFO - Building stim pattern for pattern_name 1414
2026-02-02 14:42:12,380 - INFO - Building stim pattern for pattern_name 2677
2026-02-02 14:42:12,390 - INFO - Building stim pattern for pattern_name 3401
2026-02-02 14:42:12,400 - INFO - Building stim pattern for pattern_name 2107
2026-02-02 14:42:12,411 - INFO - Building stim pattern for pattern_name 1145
2026-02-02 14:42:12,430 - INFO - Building stim pattern for pattern_name 1288
2026-02-02 14:42:12,441 - INFO - Building stim pattern for pattern_name 2125
2026-02-02 14:42:12,452 - INFO - Building stim pattern for pattern_name 3858
2026-02-02 14:42:12,463 - INFO - Building stim pattern for pattern_name 2418
2026-02-02 14:42:12,479 - INFO - Building stim pattern for pattern_name 2860
2026-02-02 14:42:12,504 - INFO - Building stim pattern for pattern_name 2230
2026-02-02 14:42:12,516 - INFO - Building stim pattern for pattern_name 53
2026-02-02 14:42:12,526 - INFO - Building stim pattern for pattern_name 1669
2026-02-02 14:42:12,537 - INFO - Building stim pattern for pattern_name 2667
2026-02-02 14:42:12,547 - INFO - Building stim pattern for pattern_name 104
2026-02-02 14:42:12,558 - INFO - Building stim pattern for pattern_name 2271
2026-02-02 14:42:12,569 - INFO - Building stim pattern for pattern_name 2892
2026-02-02 14:42:12,580 - INFO - Building stim pattern for pattern_name 601
2026-02-02 14:42:12,591 - INFO - Building stim pattern for pattern_name 2210
2026-02-02 14:42:12,615 - INFO - Building stim pattern for pattern_name 879
2026-02-02 14:42:12,626 - INFO - Building stim pattern for pattern_name 1481
2026-02-02 14:42:12,638 - INFO - Building stim pattern for pattern_name 3688
2026-02-02 14:42:12,650 - INFO - Building stim pattern for pattern_name 527
2026-02-02 14:42:12,673 - INFO - Building stim pattern for pattern_name 955
2026-02-02 14:42:12,685 - INFO - Building stim pattern for pattern_name 1621
2026-02-02 14:42:12,696 - INFO - Building stim pattern for pattern_name 1437
2026-02-02 14:42:12,707 - INFO - Building stim pattern for pattern_name 1614
2026-02-02 14:42:12,725 - INFO - Building stim pattern for pattern_name 112
2026-02-02 14:42:12,743 - INFO - Building stim pattern for pattern_name 2157
2026-02-02 14:42:12,753 - INFO - Building stim pattern for pattern_name 3809
2026-02-02 14:42:12,764 - INFO - Building stim pattern for pattern_name 1195
2026-02-02 14:42:12,775 - INFO - Building stim pattern for pattern_name 1267
2026-02-02 14:42:12,793 - INFO - Building stim pattern for pattern_name 3885
2026-02-02 14:42:12,804 - INFO - Building stim pattern for pattern_name 1049
2026-02-02 14:42:12,822 - INFO - Building stim pattern for pattern_name 2264
2026-02-02 14:42:12,833 - INFO - Building stim pattern for pattern_name 2603
2026-02-02 14:42:12,843 - INFO - Building stim pattern for pattern_name 2488
2026-02-02 14:42:12,856 - INFO - Building stim pattern for pattern_name 1280
2026-02-02 14:42:12,875 - INFO - Building stim pattern for pattern_name 2203
2026-02-02 14:42:12,886 - INFO - Building stim pattern for pattern_name 653
2026-02-02 14:42:12,897 - INFO - Building stim pattern for pattern_name 3600
2026-02-02 14:42:12,908 - INFO - Building stim pattern for pattern_name 1610
2026-02-02 14:42:12,918 - INFO - Building stim pattern for pattern_name 1540
2026-02-02 14:42:12,930 - INFO - Building stim pattern for pattern_name 2182
2026-02-02 14:42:12,948 - INFO - Building stim pattern for pattern_name 1976
2026-02-02 14:42:12,959 - INFO - Building stim pattern for pattern_name 1924
2026-02-02 14:42:12,984 - INFO - Building stim pattern for pattern_name 1630
2026-02-02 14:42:12,994 - INFO - Building stim pattern for pattern_name 521
2026-02-02 14:42:13,012 - INFO - Building stim pattern for pattern_name 1374
2026-02-02 14:42:13,032 - INFO - Building stim pattern for pattern_name 1932
2026-02-02 14:42:13,043 - INFO - Building stim pattern for pattern_name 694
2026-02-02 14:42:13,054 - INFO - Building stim pattern for pattern_name 2965
2026-02-02 14:42:13,066 - INFO - Building stim pattern for pattern_name 3358
2026-02-02 14:42:13,082 - INFO - Building stim pattern for pattern_name 2004
2026-02-02 14:42:13,183 - INFO - Building stim pattern for pattern_name 2578
2026-02-02 14:42:13,206 - INFO - Building stim pattern for pattern_name 2814
2026-02-02 14:42:13,222 - INFO - Building stim pattern for pattern_name 3974
2026-02-02 14:42:13,245 - INFO - Building stim pattern for pattern_name 3118
2026-02-02 14:42:13,266 - INFO - Building stim pattern for pattern_name 641
2026-02-02 14:42:13,281 - INFO - Building stim pattern for pattern_name 3516
2026-02-02 14:42:13,304 - INFO - Building stim pattern for pattern_name 1182
2026-02-02 14:42:13,317 - INFO - Building stim pattern for pattern_name 2694
2026-02-02 14:42:13,329 - INFO - Building stim pattern for pattern_name 3173
2026-02-02 14:42:13,342 - INFO - Building stim pattern for pattern_name 3565
2026-02-02 14:42:13,353 - INFO - Building stim pattern for pattern_name 2992
2026-02-02 14:42:13,364 - INFO - Building stim pattern for pattern_name 236
2026-02-02 14:42:13,375 - INFO - Building stim pattern for pattern_name 1238
2026-02-02 14:42:13,400 - INFO - Building stim pattern for pattern_name 321
2026-02-02 14:42:13,411 - INFO - Building stim pattern for pattern_name 3752
2026-02-02 14:42:13,436 - INFO - Building stim pattern for pattern_name 2779
2026-02-02 14:42:13,451 - INFO - Building stim pattern for pattern_name 1595
2026-02-02 14:42:13,489 - INFO - Building stim pattern for pattern_name 3637
2026-02-02 14:42:13,501 - INFO - Building stim pattern for pattern_name 511
2026-02-02 14:42:13,540 - INFO - Building stim pattern for pattern_name 2599
2026-02-02 14:42:13,555 - INFO - Building stim pattern for pattern_name 975
2026-02-02 14:42:13,573 - INFO - Building stim pattern for pattern_name 3190
2026-02-02 14:42:13,590 - INFO - Building stim pattern for pattern_name 3291
2026-02-02 14:42:13,608 - INFO - Building stim pattern for pattern_name 2763
2026-02-02 14:42:13,643 - INFO - Building stim pattern for pattern_name 2223
2026-02-02 14:42:13,658 - INFO - Building stim pattern for pattern_name 1430
2026-02-02 14:42:13,691 - INFO - Building stim pattern for pattern_name 2454
2026-02-02 14:42:13,709 - INFO - Building stim pattern for pattern_name 3017
2026-02-02 14:42:13,728 - INFO - Building stim pattern for pattern_name 646
2026-02-02 14:42:13,789 - INFO - Building stim pattern for pattern_name 497
2026-02-02 14:42:13,807 - INFO - Building stim pattern for pattern_name 1743
2026-02-02 14:42:13,820 - INFO - Building stim pattern for pattern_name 2034
2026-02-02 14:42:13,840 - INFO - Building stim pattern for pattern_name 1459
2026-02-02 14:42:13,850 - INFO - Building stim pattern for pattern_name 3241
2026-02-02 14:42:13,870 - INFO - Building stim pattern for pattern_name 3883
2026-02-02 14:42:13,882 - INFO - Building stim pattern for pattern_name 67
2026-02-02 14:42:13,893 - INFO - Building stim pattern for pattern_name 3871
2026-02-02 14:42:13,912 - INFO - Building stim pattern for pattern_name 1413
2026-02-02 14:42:13,924 - INFO - Building stim pattern for pattern_name 1758
2026-02-02 14:42:13,935 - INFO - Building stim pattern for pattern_name 2836
2026-02-02 14:42:13,947 - INFO - Building stim pattern for pattern_name 423
2026-02-02 14:42:13,960 - INFO - Building stim pattern for pattern_name 475
2026-02-02 14:42:13,977 - INFO - Building stim pattern for pattern_name 1640
2026-02-02 14:42:13,992 - INFO - Building stim pattern for pattern_name 132
2026-02-02 14:42:14,006 - INFO - Building stim pattern for pattern_name 1135
2026-02-02 14:42:14,027 - INFO - Building stim pattern for pattern_name 2510
2026-02-02 14:42:14,039 - INFO - Building stim pattern for pattern_name 1258
2026-02-02 14:42:14,050 - INFO - Building stim pattern for pattern_name 337
2026-02-02 14:42:14,077 - INFO - Building stim pattern for pattern_name 2595
2026-02-02 14:42:14,091 - INFO - Building stim pattern for pattern_name 1765
2026-02-02 14:42:14,104 - INFO - Building stim pattern for pattern_name 580
2026-02-02 14:42:14,117 - INFO - Building stim pattern for pattern_name 3895
2026-02-02 14:42:14,134 - INFO - Building stim pattern for pattern_name 2170
2026-02-02 14:42:14,146 - INFO - Building stim pattern for pattern_name 2394
2026-02-02 14:42:14,158 - INFO - Building stim pattern for pattern_name 3276
2026-02-02 14:42:14,171 - INFO - Building stim pattern for pattern_name 798
2026-02-02 14:42:14,190 - INFO - Building stim pattern for pattern_name 2706
2026-02-02 14:42:14,209 - INFO - Building stim pattern for pattern_name 2557
2026-02-02 14:42:14,222 - INFO - Building stim pattern for pattern_name 3606
2026-02-02 14:42:14,236 - INFO - Building stim pattern for pattern_name 2356
2026-02-02 14:42:14,254 - INFO - Building stim pattern for pattern_name 455
2026-02-02 14:42:14,267 - INFO - Building stim pattern for pattern_name 3335
2026-02-02 14:42:14,278 - INFO - Building stim pattern for pattern_name 1173
2026-02-02 14:42:14,289 - INFO - Building stim pattern for pattern_name 494
2026-02-02 14:42:14,301 - INFO - Building stim pattern for pattern_name 1973
2026-02-02 14:42:14,314 - INFO - Building stim pattern for pattern_name 2155
2026-02-02 14:42:14,325 - INFO - Building stim pattern for pattern_name 3801
2026-02-02 14:42:14,336 - INFO - Building stim pattern for pattern_name 2349
2026-02-02 14:42:14,348 - INFO - Building stim pattern for pattern_name 1130
2026-02-02 14:42:14,359 - INFO - Building stim pattern for pattern_name 968
2026-02-02 14:42:14,376 - INFO - Building stim pattern for pattern_name 1184
2026-02-02 14:42:14,389 - INFO - Building stim pattern for pattern_name 3124
2026-02-02 14:42:14,400 - INFO - Building stim pattern for pattern_name 1005
2026-02-02 14:42:14,412 - INFO - Building stim pattern for pattern_name 3132
2026-02-02 14:42:14,424 - INFO - Building stim pattern for pattern_name 453
2026-02-02 14:42:14,436 - INFO - Building stim pattern for pattern_name 3725
2026-02-02 14:42:14,447 - INFO - Building stim pattern for pattern_name 545
2026-02-02 14:42:14,460 - INFO - Building stim pattern for pattern_name 1084
2026-02-02 14:42:14,471 - INFO - Building stim pattern for pattern_name 2192
2026-02-02 14:42:14,484 - INFO - Building stim pattern for pattern_name 2384
2026-02-02 14:42:14,511 - INFO - Building stim pattern for pattern_name 3230
2026-02-02 14:42:14,526 - INFO - Building stim pattern for pattern_name 2956
2026-02-02 14:42:14,538 - INFO - Building stim pattern for pattern_name 1336
2026-02-02 14:42:14,550 - INFO - Building stim pattern for pattern_name 223
2026-02-02 14:42:14,573 - INFO - Building stim pattern for pattern_name 2281
2026-02-02 14:42:14,590 - INFO - Building stim pattern for pattern_name 233
2026-02-02 14:42:14,603 - INFO - Building stim pattern for pattern_name 2483
2026-02-02 14:42:14,628 - INFO - Building stim pattern for pattern_name 1232
2026-02-02 14:42:14,639 - INFO - Building stim pattern for pattern_name 581
2026-02-02 14:42:14,675 - INFO - Building stim pattern for pattern_name 3923
2026-02-02 14:42:14,690 - INFO - Building stim pattern for pattern_name 353
2026-02-02 14:42:14,703 - INFO - Building stim pattern for pattern_name 1240
2026-02-02 14:42:14,715 - INFO - Building stim pattern for pattern_name 2112
2026-02-02 14:42:14,727 - INFO - Building stim pattern for pattern_name 2628
2026-02-02 14:42:14,785 - INFO - Building stim pattern for pattern_name 923
2026-02-02 14:42:14,834 - INFO - Building stim pattern for pattern_name 1531
2026-02-02 14:42:14,858 - INFO - Building stim pattern for pattern_name 542
2026-02-02 14:42:14,873 - INFO - Building stim pattern for pattern_name 3148
2026-02-02 14:42:14,908 - INFO - Building stim pattern for pattern_name 1350
2026-02-02 14:42:14,935 - INFO - Building stim pattern for pattern_name 2330
2026-02-02 14:42:14,962 - INFO - Building stim pattern for pattern_name 3901
2026-02-02 14:42:14,985 - INFO - Building stim pattern for pattern_name 1506
2026-02-02 14:42:15,005 - INFO - Building stim pattern for pattern_name 2751
2026-02-02 14:42:15,031 - INFO - Building stim pattern for pattern_name 2494
2026-02-02 14:42:15,045 - INFO - Building stim pattern for pattern_name 2313
2026-02-02 14:42:15,064 - INFO - Building stim pattern for pattern_name 433
2026-02-02 14:42:15,096 - INFO - Building stim pattern for pattern_name 859
2026-02-02 14:42:15,119 - INFO - Building stim pattern for pattern_name 3909
2026-02-02 14:42:15,134 - INFO - Building stim pattern for pattern_name 3822
2026-02-02 14:42:15,161 - INFO - Building stim pattern for pattern_name 3048
2026-02-02 14:42:15,171 - INFO - Building stim pattern for pattern_name 979
2026-02-02 14:42:15,183 - INFO - Building stim pattern for pattern_name 3096
2026-02-02 14:42:15,195 - INFO - Building stim pattern for pattern_name 2661
2026-02-02 14:42:15,208 - INFO - Building stim pattern for pattern_name 1724
2026-02-02 14:42:15,220 - INFO - Building stim pattern for pattern_name 1157
2026-02-02 14:42:15,245 - INFO - Building stim pattern for pattern_name 3103
2026-02-02 14:42:15,255 - INFO - Building stim pattern for pattern_name 1856
2026-02-02 14:42:15,274 - INFO - Building stim pattern for pattern_name 5
2026-02-02 14:42:15,292 - INFO - Building stim pattern for pattern_name 1861
2026-02-02 14:42:15,304 - INFO - Building stim pattern for pattern_name 3996
2026-02-02 14:42:15,318 - INFO - Building stim pattern for pattern_name 3071
2026-02-02 14:42:15,338 - INFO - Building stim pattern for pattern_name 2522
2026-02-02 14:42:15,362 - INFO - Building stim pattern for pattern_name 3405
2026-02-02 14:42:15,373 - INFO - Building stim pattern for pattern_name 1960
2026-02-02 14:42:15,385 - INFO - Building stim pattern for pattern_name 988
2026-02-02 14:42:15,399 - INFO - Building stim pattern for pattern_name 2444
2026-02-02 14:42:15,411 - INFO - Building stim pattern for pattern_name 1893
2026-02-02 14:42:15,429 - INFO - Building stim pattern for pattern_name 3740
2026-02-02 14:42:15,443 - INFO - Building stim pattern for pattern_name 1709
2026-02-02 14:42:15,455 - INFO - Building stim pattern for pattern_name 1281
2026-02-02 14:42:15,474 - INFO - Building stim pattern for pattern_name 2062
2026-02-02 14:42:15,485 - INFO - Building stim pattern for pattern_name 1168
2026-02-02 14:42:15,497 - INFO - Building stim pattern for pattern_name 2467
2026-02-02 14:42:15,509 - INFO - Building stim pattern for pattern_name 1102
2026-02-02 14:42:15,521 - INFO - Building stim pattern for pattern_name 444
2026-02-02 14:42:15,532 - INFO - Building stim pattern for pattern_name 691
2026-02-02 14:42:15,544 - INFO - Building stim pattern for pattern_name 339
2026-02-02 14:42:15,558 - INFO - Building stim pattern for pattern_name 2573
2026-02-02 14:42:15,569 - INFO - Building stim pattern for pattern_name 1855
2026-02-02 14:42:15,588 - INFO - Building stim pattern for pattern_name 1341
2026-02-02 14:42:15,607 - INFO - Building stim pattern for pattern_name 2563
2026-02-02 14:42:15,618 - INFO - Building stim pattern for pattern_name 2930
2026-02-02 14:42:15,630 - INFO - Building stim pattern for pattern_name 3661
2026-02-02 14:42:15,648 - INFO - Building stim pattern for pattern_name 800
2026-02-02 14:42:15,660 - INFO - Building stim pattern for pattern_name 1285
2026-02-02 14:42:15,678 - INFO - Building stim pattern for pattern_name 76
2026-02-02 14:42:15,690 - INFO - Building stim pattern for pattern_name 1239
2026-02-02 14:42:15,708 - INFO - Building stim pattern for pattern_name 1440
2026-02-02 14:42:15,721 - INFO - Building stim pattern for pattern_name 588
2026-02-02 14:42:15,732 - INFO - Building stim pattern for pattern_name 1248
2026-02-02 14:42:15,745 - INFO - Building stim pattern for pattern_name 2095
2026-02-02 14:42:15,757 - INFO - Building stim pattern for pattern_name 256
2026-02-02 14:42:15,769 - INFO - Building stim pattern for pattern_name 3199
2026-02-02 14:42:15,779 - INFO - Building stim pattern for pattern_name 3628
2026-02-02 14:42:15,791 - INFO - Building stim pattern for pattern_name 1934
2026-02-02 14:42:15,803 - INFO - Building stim pattern for pattern_name 3842
2026-02-02 14:42:15,817 - INFO - Building stim pattern for pattern_name 877
2026-02-02 14:42:15,837 - INFO - Building stim pattern for pattern_name 2876
2026-02-02 14:42:15,849 - INFO - Building stim pattern for pattern_name 3798
2026-02-02 14:42:15,860 - INFO - Building stim pattern for pattern_name 212
2026-02-02 14:42:15,872 - INFO - Building stim pattern for pattern_name 1502
2026-02-02 14:42:15,882 - INFO - Building stim pattern for pattern_name 3441
2026-02-02 14:42:15,893 - INFO - Building stim pattern for pattern_name 1287
2026-02-02 14:42:15,905 - INFO - Building stim pattern for pattern_name 1569
2026-02-02 14:42:15,917 - INFO - Building stim pattern for pattern_name 663
2026-02-02 14:42:15,930 - INFO - Building stim pattern for pattern_name 875
2026-02-02 14:42:15,945 - INFO - Building stim pattern for pattern_name 2491
2026-02-02 14:42:15,958 - INFO - Building stim pattern for pattern_name 460
2026-02-02 14:42:15,987 - INFO - Building stim pattern for pattern_name 3905
2026-02-02 14:42:15,999 - INFO - Building stim pattern for pattern_name 1933
2026-02-02 14:42:16,010 - INFO - Building stim pattern for pattern_name 3935
2026-02-02 14:42:16,022 - INFO - Building stim pattern for pattern_name 1382
2026-02-02 14:42:16,033 - INFO - Building stim pattern for pattern_name 6
2026-02-02 14:42:16,045 - INFO - Building stim pattern for pattern_name 574
2026-02-02 14:42:16,059 - INFO - Building stim pattern for pattern_name 3774
2026-02-02 14:42:16,071 - INFO - Building stim pattern for pattern_name 185
2026-02-02 14:42:16,083 - INFO - Building stim pattern for pattern_name 1178
2026-02-02 14:42:16,107 - INFO - Building stim pattern for pattern_name 3481
2026-02-02 14:42:16,122 - INFO - Building stim pattern for pattern_name 1572
2026-02-02 14:42:16,140 - INFO - Building stim pattern for pattern_name 2496
2026-02-02 14:42:16,154 - INFO - Building stim pattern for pattern_name 912
2026-02-02 14:42:16,167 - INFO - Building stim pattern for pattern_name 183
2026-02-02 14:42:16,178 - INFO - Building stim pattern for pattern_name 844
2026-02-02 14:42:16,198 - INFO - Building stim pattern for pattern_name 2716
2026-02-02 14:42:16,230 - INFO - Building stim pattern for pattern_name 2734
2026-02-02 14:42:16,243 - INFO - Building stim pattern for pattern_name 618
2026-02-02 14:42:16,255 - INFO - Building stim pattern for pattern_name 332
2026-02-02 14:42:16,267 - INFO - Building stim pattern for pattern_name 2078
2026-02-02 14:42:16,372 - INFO - Building stim pattern for pattern_name 1754
2026-02-02 14:42:16,394 - INFO - Building stim pattern for pattern_name 1756
2026-02-02 14:42:16,408 - INFO - Building stim pattern for pattern_name 1512
2026-02-02 14:42:16,427 - INFO - Building stim pattern for pattern_name 24
2026-02-02 14:42:16,438 - INFO - Building stim pattern for pattern_name 146
2026-02-02 14:42:16,454 - INFO - Building stim pattern for pattern_name 721
2026-02-02 14:42:16,468 - INFO - Building stim pattern for pattern_name 3808
2026-02-02 14:42:16,482 - INFO - Building stim pattern for pattern_name 2910
2026-02-02 14:42:16,495 - INFO - Building stim pattern for pattern_name 3605
2026-02-02 14:42:16,509 - INFO - Building stim pattern for pattern_name 3020
2026-02-02 14:42:16,529 - INFO - Building stim pattern for pattern_name 472
2026-02-02 14:42:16,542 - INFO - Building stim pattern for pattern_name 2303
2026-02-02 14:42:16,555 - INFO - Building stim pattern for pattern_name 3143
2026-02-02 14:42:16,568 - INFO - Building stim pattern for pattern_name 1462
2026-02-02 14:42:16,583 - INFO - Building stim pattern for pattern_name 245
2026-02-02 14:42:16,596 - INFO - Building stim pattern for pattern_name 3150
2026-02-02 14:42:16,608 - INFO - Building stim pattern for pattern_name 525
2026-02-02 14:42:16,627 - INFO - Building stim pattern for pattern_name 2098
2026-02-02 14:42:16,638 - INFO - Building stim pattern for pattern_name 1613
2026-02-02 14:42:16,664 - INFO - Building stim pattern for pattern_name 3468
2026-02-02 14:42:16,677 - INFO - Building stim pattern for pattern_name 3583
2026-02-02 14:42:16,689 - INFO - Building stim pattern for pattern_name 1841
2026-02-02 14:42:16,702 - INFO - Building stim pattern for pattern_name 657
2026-02-02 14:42:16,715 - INFO - Building stim pattern for pattern_name 2954
2026-02-02 14:42:16,727 - INFO - Building stim pattern for pattern_name 2727
2026-02-02 14:42:16,749 - INFO - Building stim pattern for pattern_name 1223
2026-02-02 14:42:16,765 - INFO - Building stim pattern for pattern_name 318
2026-02-02 14:42:16,776 - INFO - Building stim pattern for pattern_name 614
2026-02-02 14:42:16,797 - INFO - Building stim pattern for pattern_name 2065
2026-02-02 14:42:16,809 - INFO - Building stim pattern for pattern_name 2711
2026-02-02 14:42:16,826 - INFO - Building stim pattern for pattern_name 1868
2026-02-02 14:42:16,838 - INFO - Building stim pattern for pattern_name 802
2026-02-02 14:42:16,849 - INFO - Building stim pattern for pattern_name 2850
2026-02-02 14:42:16,862 - INFO - Building stim pattern for pattern_name 3106
2026-02-02 14:42:16,881 - INFO - Building stim pattern for pattern_name 3271
2026-02-02 14:42:16,892 - INFO - Building stim pattern for pattern_name 3951
2026-02-02 14:42:16,912 - INFO - Building stim pattern for pattern_name 1077
2026-02-02 14:42:16,925 - INFO - Building stim pattern for pattern_name 960
2026-02-02 14:42:16,953 - INFO - Building stim pattern for pattern_name 3489
2026-02-02 14:42:16,966 - INFO - Building stim pattern for pattern_name 2809
2026-02-02 14:42:16,979 - INFO - Building stim pattern for pattern_name 917
2026-02-02 14:42:16,991 - INFO - Building stim pattern for pattern_name 1991
2026-02-02 14:42:17,002 - INFO - Building stim pattern for pattern_name 3987
2026-02-02 14:42:17,027 - INFO - Building stim pattern for pattern_name 3308
2026-02-02 14:42:17,039 - INFO - Building stim pattern for pattern_name 1014
2026-02-02 14:42:17,052 - INFO - Building stim pattern for pattern_name 1054
2026-02-02 14:42:17,065 - INFO - Building stim pattern for pattern_name 937
2026-02-02 14:42:17,076 - INFO - Building stim pattern for pattern_name 127
2026-02-02 14:42:17,087 - INFO - Building stim pattern for pattern_name 1063
2026-02-02 14:42:17,115 - INFO - Building stim pattern for pattern_name 179
2026-02-02 14:42:17,127 - INFO - Building stim pattern for pattern_name 409
2026-02-02 14:42:17,139 - INFO - Building stim pattern for pattern_name 2659
2026-02-02 14:42:17,150 - INFO - Building stim pattern for pattern_name 1561
2026-02-02 14:42:17,163 - INFO - Building stim pattern for pattern_name 1624
2026-02-02 14:42:17,176 - INFO - Building stim pattern for pattern_name 3751
2026-02-02 14:42:17,190 - INFO - Building stim pattern for pattern_name 3426
2026-02-02 14:42:17,219 - INFO - Building stim pattern for pattern_name 849
2026-02-02 14:42:17,231 - INFO - Building stim pattern for pattern_name 3710
2026-02-02 14:42:17,248 - INFO - Building stim pattern for pattern_name 1936
2026-02-02 14:42:17,268 - INFO - Building stim pattern for pattern_name 3177
2026-02-02 14:42:17,279 - INFO - Building stim pattern for pattern_name 3862
2026-02-02 14:42:17,290 - INFO - Building stim pattern for pattern_name 3104
2026-02-02 14:42:17,300 - INFO - Building stim pattern for pattern_name 2010
2026-02-02 14:42:17,312 - INFO - Building stim pattern for pattern_name 15
2026-02-02 14:42:17,331 - INFO - Building stim pattern for pattern_name 488
2026-02-02 14:42:17,356 - INFO - Building stim pattern for pattern_name 507
2026-02-02 14:42:17,370 - INFO - Building stim pattern for pattern_name 1670
2026-02-02 14:42:17,381 - INFO - Building stim pattern for pattern_name 3207
2026-02-02 14:42:17,392 - INFO - Building stim pattern for pattern_name 3350
2026-02-02 14:42:17,405 - INFO - Building stim pattern for pattern_name 518
2026-02-02 14:42:17,422 - INFO - Building stim pattern for pattern_name 1536
2026-02-02 14:42:17,433 - INFO - Building stim pattern for pattern_name 3707
2026-02-02 14:42:17,447 - INFO - Building stim pattern for pattern_name 2658
2026-02-02 14:42:17,462 - INFO - Building stim pattern for pattern_name 3648
2026-02-02 14:42:17,481 - INFO - Building stim pattern for pattern_name 4000
2026-02-02 14:42:17,493 - INFO - Building stim pattern for pattern_name 3353
2026-02-02 14:42:17,506 - INFO - Building stim pattern for pattern_name 1172
2026-02-02 14:42:17,519 - INFO - Building stim pattern for pattern_name 1270
2026-02-02 14:42:17,531 - INFO - Building stim pattern for pattern_name 281
2026-02-02 14:42:17,543 - INFO - Building stim pattern for pattern_name 579
2026-02-02 14:42:17,560 - INFO - Building stim pattern for pattern_name 3125
2026-02-02 14:42:17,580 - INFO - Building stim pattern for pattern_name 273
2026-02-02 14:42:17,592 - INFO - Building stim pattern for pattern_name 1313
2026-02-02 14:42:17,616 - INFO - Building stim pattern for pattern_name 1345
2026-02-02 14:42:17,631 - INFO - Building stim pattern for pattern_name 888
2026-02-02 14:42:17,645 - INFO - Building stim pattern for pattern_name 2523
2026-02-02 14:42:17,658 - INFO - Building stim pattern for pattern_name 2855
2026-02-02 14:42:17,671 - INFO - Building stim pattern for pattern_name 2527
2026-02-02 14:42:17,685 - INFO - Building stim pattern for pattern_name 2546
2026-02-02 14:42:17,698 - INFO - Building stim pattern for pattern_name 3930
2026-02-02 14:42:17,750 - INFO - Building stim pattern for pattern_name 2174
2026-02-02 14:42:17,805 - INFO - Building stim pattern for pattern_name 2134
2026-02-02 14:42:17,838 - INFO - Building stim pattern for pattern_name 2213
2026-02-02 14:42:17,853 - INFO - Building stim pattern for pattern_name 2291
2026-02-02 14:42:17,866 - INFO - Building stim pattern for pattern_name 3530
2026-02-02 14:42:17,889 - INFO - Building stim pattern for pattern_name 2169
2026-02-02 14:42:17,903 - INFO - Building stim pattern for pattern_name 2657
2026-02-02 14:42:17,918 - INFO - Building stim pattern for pattern_name 3533
2026-02-02 14:42:17,931 - INFO - Building stim pattern for pattern_name 3474
2026-02-02 14:42:17,954 - INFO - Building stim pattern for pattern_name 125
2026-02-02 14:42:17,974 - INFO - Building stim pattern for pattern_name 3300
2026-02-02 14:42:17,987 - INFO - Building stim pattern for pattern_name 3209
2026-02-02 14:42:18,006 - INFO - Building stim pattern for pattern_name 668
2026-02-02 14:42:18,022 - INFO - Building stim pattern for pattern_name 1823
2026-02-02 14:42:18,035 - INFO - Building stim pattern for pattern_name 1786
2026-02-02 14:42:18,049 - INFO - Building stim pattern for pattern_name 31
2026-02-02 14:42:18,069 - INFO - Building stim pattern for pattern_name 1132
2026-02-02 14:42:18,089 - INFO - Building stim pattern for pattern_name 1293
2026-02-02 14:42:18,101 - INFO - Building stim pattern for pattern_name 2007
2026-02-02 14:42:18,126 - INFO - Building stim pattern for pattern_name 1047
2026-02-02 14:42:18,143 - INFO - Building stim pattern for pattern_name 1935
2026-02-02 14:42:18,164 - INFO - Building stim pattern for pattern_name 1663
2026-02-02 14:42:18,205 - INFO - Building stim pattern for pattern_name 248
2026-02-02 14:42:18,221 - INFO - Building stim pattern for pattern_name 462
2026-02-02 14:42:18,251 - INFO - Building stim pattern for pattern_name 1410
2026-02-02 14:42:18,280 - INFO - Building stim pattern for pattern_name 155
2026-02-02 14:42:18,296 - INFO - Building stim pattern for pattern_name 3455
2026-02-02 14:42:18,313 - INFO - Building stim pattern for pattern_name 3062
2026-02-02 14:42:18,330 - INFO - Building stim pattern for pattern_name 225
2026-02-02 14:42:18,354 - INFO - Building stim pattern for pattern_name 211
2026-02-02 14:42:18,366 - INFO - Building stim pattern for pattern_name 1058
2026-02-02 14:42:18,381 - INFO - Building stim pattern for pattern_name 3374
2026-02-02 14:42:18,403 - INFO - Building stim pattern for pattern_name 2828
2026-02-02 14:42:18,424 - INFO - Building stim pattern for pattern_name 2302
2026-02-02 14:42:18,449 - INFO - Building stim pattern for pattern_name 3511
2026-02-02 14:42:18,470 - INFO - Building stim pattern for pattern_name 2249
2026-02-02 14:42:18,483 - INFO - Building stim pattern for pattern_name 1377
2026-02-02 14:42:18,496 - INFO - Building stim pattern for pattern_name 3711
2026-02-02 14:42:18,511 - INFO - Building stim pattern for pattern_name 939
2026-02-02 14:42:18,525 - INFO - Building stim pattern for pattern_name 3447
2026-02-02 14:42:18,549 - INFO - Building stim pattern for pattern_name 1087
2026-02-02 14:42:18,560 - INFO - Building stim pattern for pattern_name 2572
2026-02-02 14:42:18,572 - INFO - Building stim pattern for pattern_name 207
2026-02-02 14:42:18,587 - INFO - Building stim pattern for pattern_name 651
2026-02-02 14:42:18,598 - INFO - Building stim pattern for pattern_name 3216
2026-02-02 14:42:18,611 - INFO - Building stim pattern for pattern_name 3602
2026-02-02 14:42:18,624 - INFO - Building stim pattern for pattern_name 3027
2026-02-02 14:42:18,643 - INFO - Building stim pattern for pattern_name 1265
2026-02-02 14:42:18,662 - INFO - Building stim pattern for pattern_name 1059
2026-02-02 14:42:18,680 - INFO - Building stim pattern for pattern_name 532
2026-02-02 14:42:18,691 - INFO - Building stim pattern for pattern_name 740
2026-02-02 14:42:18,710 - INFO - Building stim pattern for pattern_name 1096
2026-02-02 14:42:18,729 - INFO - Building stim pattern for pattern_name 692
2026-02-02 14:42:18,742 - INFO - Building stim pattern for pattern_name 3332
2026-02-02 14:42:18,758 - INFO - Building stim pattern for pattern_name 3969
2026-02-02 14:42:18,781 - INFO - Building stim pattern for pattern_name 1787
2026-02-02 14:42:18,797 - INFO - Building stim pattern for pattern_name 3452
2026-02-02 14:42:18,815 - INFO - Building stim pattern for pattern_name 3183
2026-02-02 14:42:18,829 - INFO - Building stim pattern for pattern_name 1006
2026-02-02 14:42:18,842 - INFO - Building stim pattern for pattern_name 2431
2026-02-02 14:42:18,856 - INFO - Building stim pattern for pattern_name 1689
2026-02-02 14:42:18,870 - INFO - Building stim pattern for pattern_name 1118
2026-02-02 14:42:18,888 - INFO - Building stim pattern for pattern_name 3786
2026-02-02 14:42:18,900 - INFO - Building stim pattern for pattern_name 2407
2026-02-02 14:42:18,921 - INFO - Building stim pattern for pattern_name 1863
2026-02-02 14:42:18,934 - INFO - Building stim pattern for pattern_name 1311
2026-02-02 14:42:18,947 - INFO - Building stim pattern for pattern_name 3957
2026-02-02 14:42:18,960 - INFO - Building stim pattern for pattern_name 1525
2026-02-02 14:42:18,971 - INFO - Building stim pattern for pattern_name 37
2026-02-02 14:42:19,003 - INFO - Building stim pattern for pattern_name 476
2026-02-02 14:42:19,017 - INFO - Building stim pattern for pattern_name 2081
2026-02-02 14:42:19,038 - INFO - Building stim pattern for pattern_name 3811
2026-02-02 14:42:19,050 - INFO - Building stim pattern for pattern_name 2827
2026-02-02 14:42:19,062 - INFO - Building stim pattern for pattern_name 2398
2026-02-02 14:42:19,075 - INFO - Building stim pattern for pattern_name 3239
2026-02-02 14:42:19,095 - INFO - Building stim pattern for pattern_name 139
2026-02-02 14:42:19,115 - INFO - Building stim pattern for pattern_name 1510
2026-02-02 14:42:19,127 - INFO - Building stim pattern for pattern_name 3810
2026-02-02 14:42:19,142 - INFO - Building stim pattern for pattern_name 1966
2026-02-02 14:42:19,155 - INFO - Building stim pattern for pattern_name 1593
2026-02-02 14:42:19,176 - INFO - Building stim pattern for pattern_name 1518
2026-02-02 14:42:19,187 - INFO - Building stim pattern for pattern_name 1395
2026-02-02 14:42:19,200 - INFO - Building stim pattern for pattern_name 3832
2026-02-02 14:42:19,212 - INFO - Building stim pattern for pattern_name 1326
2026-02-02 14:42:19,224 - INFO - Building stim pattern for pattern_name 3208
2026-02-02 14:42:19,250 - INFO - Building stim pattern for pattern_name 2319
2026-02-02 14:42:19,263 - INFO - Building stim pattern for pattern_name 2615
2026-02-02 14:42:19,275 - INFO - Building stim pattern for pattern_name 1117
2026-02-02 14:42:19,287 - INFO - Building stim pattern for pattern_name 1967
2026-02-02 14:42:19,299 - INFO - Building stim pattern for pattern_name 2692
2026-02-02 14:42:19,311 - INFO - Building stim pattern for pattern_name 2415
2026-02-02 14:42:19,412 - INFO - Building stim pattern for pattern_name 378
2026-02-02 14:42:19,439 - INFO - Building stim pattern for pattern_name 3163
2026-02-02 14:42:19,453 - INFO - Building stim pattern for pattern_name 1407
2026-02-02 14:42:19,467 - INFO - Building stim pattern for pattern_name 1340
2026-02-02 14:42:19,480 - INFO - Building stim pattern for pattern_name 2555
2026-02-02 14:42:19,493 - INFO - Building stim pattern for pattern_name 3820
2026-02-02 14:42:19,513 - INFO - Building stim pattern for pattern_name 3948
2026-02-02 14:42:19,525 - INFO - Building stim pattern for pattern_name 3127
2026-02-02 14:42:19,544 - INFO - Building stim pattern for pattern_name 1442
2026-02-02 14:42:19,564 - INFO - Building stim pattern for pattern_name 3488
2026-02-02 14:42:19,591 - INFO - Building stim pattern for pattern_name 2732
2026-02-02 14:42:19,615 - INFO - Building stim pattern for pattern_name 2475
2026-02-02 14:42:19,628 - INFO - Building stim pattern for pattern_name 3575
2026-02-02 14:42:19,641 - INFO - Building stim pattern for pattern_name 924
2026-02-02 14:42:19,654 - INFO - Building stim pattern for pattern_name 3915
2026-02-02 14:42:19,664 - INFO - Building stim pattern for pattern_name 3262
2026-02-02 14:42:19,678 - INFO - Building stim pattern for pattern_name 2397
2026-02-02 14:42:19,714 - INFO - Building stim pattern for pattern_name 3180
2026-02-02 14:42:19,726 - INFO - Building stim pattern for pattern_name 1167
2026-02-02 14:42:19,763 - INFO - Building stim pattern for pattern_name 1097
2026-02-02 14:42:19,783 - INFO - Building stim pattern for pattern_name 3705
2026-02-02 14:42:19,799 - INFO - Building stim pattern for pattern_name 2106
2026-02-02 14:42:19,825 - INFO - Building stim pattern for pattern_name 3101
2026-02-02 14:42:19,840 - INFO - Building stim pattern for pattern_name 1618
2026-02-02 14:42:19,852 - INFO - Building stim pattern for pattern_name 1353
2026-02-02 14:42:19,867 - INFO - Building stim pattern for pattern_name 1402
2026-02-02 14:42:19,891 - INFO - Building stim pattern for pattern_name 976
2026-02-02 14:42:19,911 - INFO - Building stim pattern for pattern_name 1783
2026-02-02 14:42:19,925 - INFO - Building stim pattern for pattern_name 1275
2026-02-02 14:42:19,939 - INFO - Building stim pattern for pattern_name 1950
2026-02-02 14:42:19,954 - INFO - Building stim pattern for pattern_name 2888
2026-02-02 14:42:19,967 - INFO - Building stim pattern for pattern_name 724
2026-02-02 14:42:19,978 - INFO - Building stim pattern for pattern_name 395
2026-02-02 14:42:19,998 - INFO - Building stim pattern for pattern_name 1090
2026-02-02 14:42:20,012 - INFO - Building stim pattern for pattern_name 957
2026-02-02 14:42:20,027 - INFO - Building stim pattern for pattern_name 728
2026-02-02 14:42:20,039 - INFO - Building stim pattern for pattern_name 546
2026-02-02 14:42:20,052 - INFO - Building stim pattern for pattern_name 210
2026-02-02 14:42:20,072 - INFO - Building stim pattern for pattern_name 3880
2026-02-02 14:42:20,085 - INFO - Building stim pattern for pattern_name 1819
2026-02-02 14:42:20,097 - INFO - Building stim pattern for pattern_name 1771
2026-02-02 14:42:20,113 - INFO - Building stim pattern for pattern_name 1963
2026-02-02 14:42:20,127 - INFO - Building stim pattern for pattern_name 246
2026-02-02 14:42:20,140 - INFO - Building stim pattern for pattern_name 252
2026-02-02 14:42:20,160 - INFO - Building stim pattern for pattern_name 1496
2026-02-02 14:42:20,173 - INFO - Building stim pattern for pattern_name 509
2026-02-02 14:42:20,187 - INFO - Building stim pattern for pattern_name 549
2026-02-02 14:42:20,199 - INFO - Building stim pattern for pattern_name 3633
2026-02-02 14:42:20,220 - INFO - Building stim pattern for pattern_name 3695
2026-02-02 14:42:20,233 - INFO - Building stim pattern for pattern_name 512
2026-02-02 14:42:20,247 - INFO - Building stim pattern for pattern_name 809
2026-02-02 14:42:20,260 - INFO - Building stim pattern for pattern_name 980
2026-02-02 14:42:20,280 - INFO - Building stim pattern for pattern_name 1675
2026-02-02 14:42:20,292 - INFO - Building stim pattern for pattern_name 2683
2026-02-02 14:42:20,304 - INFO - Building stim pattern for pattern_name 1647
2026-02-02 14:42:20,316 - INFO - Building stim pattern for pattern_name 2200
2026-02-02 14:42:20,328 - INFO - Building stim pattern for pattern_name 846
2026-02-02 14:42:20,340 - INFO - Building stim pattern for pattern_name 3092
2026-02-02 14:42:20,352 - INFO - Building stim pattern for pattern_name 2437
2026-02-02 14:42:20,372 - INFO - Building stim pattern for pattern_name 2741
2026-02-02 14:42:20,388 - INFO - Building stim pattern for pattern_name 2245
2026-02-02 14:42:20,404 - INFO - Building stim pattern for pattern_name 585
2026-02-02 14:42:20,418 - INFO - Building stim pattern for pattern_name 1726
2026-02-02 14:42:20,433 - INFO - Building stim pattern for pattern_name 3939
2026-02-02 14:42:20,452 - INFO - Building stim pattern for pattern_name 737
2026-02-02 14:42:20,467 - INFO - Building stim pattern for pattern_name 342
2026-02-02 14:42:20,489 - INFO - Building stim pattern for pattern_name 1591
2026-02-02 14:42:20,500 - INFO - Building stim pattern for pattern_name 2720
2026-02-02 14:42:20,512 - INFO - Building stim pattern for pattern_name 2857
2026-02-02 14:42:20,527 - INFO - Building stim pattern for pattern_name 1457
2026-02-02 14:42:20,540 - INFO - Building stim pattern for pattern_name 1781
2026-02-02 14:42:20,563 - INFO - Building stim pattern for pattern_name 3254
2026-02-02 14:42:20,575 - INFO - Building stim pattern for pattern_name 1809
2026-02-02 14:42:20,596 - INFO - Building stim pattern for pattern_name 3327
2026-02-02 14:42:20,610 - INFO - Building stim pattern for pattern_name 1492
2026-02-02 14:42:20,623 - INFO - Building stim pattern for pattern_name 3844
2026-02-02 14:42:20,645 - INFO - Building stim pattern for pattern_name 2156
2026-02-02 14:42:20,660 - INFO - Building stim pattern for pattern_name 2636
2026-02-02 14:42:20,671 - INFO - Building stim pattern for pattern_name 609
2026-02-02 14:42:20,683 - INFO - Building stim pattern for pattern_name 203
2026-02-02 14:42:20,697 - INFO - Building stim pattern for pattern_name 3270
2026-02-02 14:42:20,726 - INFO - Building stim pattern for pattern_name 1203
2026-02-02 14:42:20,737 - INFO - Building stim pattern for pattern_name 2409
2026-02-02 14:42:20,751 - INFO - Building stim pattern for pattern_name 1723
2026-02-02 14:42:20,763 - INFO - Building stim pattern for pattern_name 3988
2026-02-02 14:42:20,783 - INFO - Building stim pattern for pattern_name 1524
2026-02-02 14:42:20,797 - INFO - Building stim pattern for pattern_name 2094
2026-02-02 14:42:20,819 - INFO - Building stim pattern for pattern_name 1873
2026-02-02 14:42:20,874 - INFO - Building stim pattern for pattern_name 322
2026-02-02 14:42:20,930 - INFO - Building stim pattern for pattern_name 2567
2026-02-02 14:42:20,944 - INFO - Building stim pattern for pattern_name 2602
2026-02-02 14:42:20,965 - INFO - Building stim pattern for pattern_name 1246
2026-02-02 14:42:20,995 - INFO - Building stim pattern for pattern_name 3785
2026-02-02 14:42:21,010 - INFO - Building stim pattern for pattern_name 2347
2026-02-02 14:42:21,022 - INFO - Building stim pattern for pattern_name 3537
2026-02-02 14:42:21,042 - INFO - Building stim pattern for pattern_name 2672
2026-02-02 14:42:21,054 - INFO - Building stim pattern for pattern_name 489
2026-02-02 14:42:21,067 - INFO - Building stim pattern for pattern_name 2456
2026-02-02 14:42:21,080 - INFO - Building stim pattern for pattern_name 1427
2026-02-02 14:42:21,101 - INFO - Building stim pattern for pattern_name 1337
2026-02-02 14:42:21,113 - INFO - Building stim pattern for pattern_name 1559
2026-02-02 14:42:21,132 - INFO - Building stim pattern for pattern_name 1838
2026-02-02 14:42:21,148 - INFO - Building stim pattern for pattern_name 679
2026-02-02 14:42:21,170 - INFO - Building stim pattern for pattern_name 3145
2026-02-02 14:42:21,183 - INFO - Building stim pattern for pattern_name 1021
2026-02-02 14:42:21,223 - INFO - Building stim pattern for pattern_name 403
2026-02-02 14:42:21,239 - INFO - Building stim pattern for pattern_name 3580
2026-02-02 14:42:21,253 - INFO - Building stim pattern for pattern_name 3603
2026-02-02 14:42:21,264 - INFO - Building stim pattern for pattern_name 998
2026-02-02 14:42:21,277 - INFO - Building stim pattern for pattern_name 3666
2026-02-02 14:42:21,291 - INFO - Building stim pattern for pattern_name 3311
2026-02-02 14:42:21,336 - INFO - Building stim pattern for pattern_name 3005
2026-02-02 14:42:21,349 - INFO - Building stim pattern for pattern_name 2562
2026-02-02 14:42:21,361 - INFO - Building stim pattern for pattern_name 1176
2026-02-02 14:42:21,374 - INFO - Building stim pattern for pattern_name 2405
2026-02-02 14:42:21,388 - INFO - Building stim pattern for pattern_name 2908
2026-02-02 14:42:21,403 - INFO - Building stim pattern for pattern_name 326
2026-02-02 14:42:21,423 - INFO - Building stim pattern for pattern_name 2025
2026-02-02 14:42:21,435 - INFO - Building stim pattern for pattern_name 1255
2026-02-02 14:42:21,453 - INFO - Building stim pattern for pattern_name 418
2026-02-02 14:42:21,466 - INFO - Building stim pattern for pattern_name 1651
2026-02-02 14:42:21,499 - INFO - Building stim pattern for pattern_name 3087
2026-02-02 14:42:21,511 - INFO - Building stim pattern for pattern_name 2736
2026-02-02 14:42:21,523 - INFO - Building stim pattern for pattern_name 891
2026-02-02 14:42:21,536 - INFO - Building stim pattern for pattern_name 2308
2026-02-02 14:42:21,548 - INFO - Building stim pattern for pattern_name 2558
2026-02-02 14:42:21,561 - INFO - Building stim pattern for pattern_name 2032
2026-02-02 14:42:21,573 - INFO - Building stim pattern for pattern_name 2641
2026-02-02 14:42:21,594 - INFO - Building stim pattern for pattern_name 240
2026-02-02 14:42:21,606 - INFO - Building stim pattern for pattern_name 1530
2026-02-02 14:42:21,636 - INFO - Building stim pattern for pattern_name 592
2026-02-02 14:42:21,646 - INFO - Building stim pattern for pattern_name 2400
2026-02-02 14:42:21,659 - INFO - Building stim pattern for pattern_name 2705
2026-02-02 14:42:21,672 - INFO - Building stim pattern for pattern_name 654
2026-02-02 14:42:21,685 - INFO - Building stim pattern for pattern_name 3107
2026-02-02 14:42:21,698 - INFO - Building stim pattern for pattern_name 3181
2026-02-02 14:42:21,710 - INFO - Building stim pattern for pattern_name 1351
2026-02-02 14:42:21,743 - INFO - Building stim pattern for pattern_name 2422
2026-02-02 14:42:21,756 - INFO - Building stim pattern for pattern_name 2715
2026-02-02 14:42:21,769 - INFO - Building stim pattern for pattern_name 1035
2026-02-02 14:42:21,789 - INFO - Building stim pattern for pattern_name 3893
2026-02-02 14:42:21,804 - INFO - Building stim pattern for pattern_name 1557
2026-02-02 14:42:21,817 - INFO - Building stim pattern for pattern_name 1418
2026-02-02 14:42:21,845 - INFO - Building stim pattern for pattern_name 2575
2026-02-02 14:42:21,867 - INFO - Building stim pattern for pattern_name 2339
2026-02-02 14:42:21,879 - INFO - Building stim pattern for pattern_name 3331
2026-02-02 14:42:21,893 - INFO - Building stim pattern for pattern_name 3826
2026-02-02 14:42:21,911 - INFO - Building stim pattern for pattern_name 1968
2026-02-02 14:42:21,925 - INFO - Building stim pattern for pattern_name 1888
2026-02-02 14:42:21,940 - INFO - Building stim pattern for pattern_name 3205
2026-02-02 14:42:21,950 - INFO - Building stim pattern for pattern_name 1852
2026-02-02 14:42:21,963 - INFO - Building stim pattern for pattern_name 770
2026-02-02 14:42:21,975 - INFO - Building stim pattern for pattern_name 1229
2026-02-02 14:42:21,988 - INFO - Building stim pattern for pattern_name 492
2026-02-02 14:42:22,000 - INFO - Building stim pattern for pattern_name 3382
2026-02-02 14:42:22,027 - INFO - Building stim pattern for pattern_name 1405
2026-02-02 14:42:22,050 - INFO - Building stim pattern for pattern_name 1386
2026-02-02 14:42:22,083 - INFO - Building stim pattern for pattern_name 41
2026-02-02 14:42:22,098 - INFO - Building stim pattern for pattern_name 530
2026-02-02 14:42:22,110 - INFO - Building stim pattern for pattern_name 1197
2026-02-02 14:42:22,126 - INFO - Building stim pattern for pattern_name 2915
2026-02-02 14:42:22,140 - INFO - Building stim pattern for pattern_name 1581
2026-02-02 14:42:22,153 - INFO - Building stim pattern for pattern_name 316
2026-02-02 14:42:22,173 - INFO - Building stim pattern for pattern_name 533
2026-02-02 14:42:22,185 - INFO - Building stim pattern for pattern_name 3369
2026-02-02 14:42:22,197 - INFO - Building stim pattern for pattern_name 2097
2026-02-02 14:42:22,219 - INFO - Building stim pattern for pattern_name 2962
2026-02-02 14:42:22,231 - INFO - Building stim pattern for pattern_name 474
2026-02-02 14:42:22,243 - INFO - Building stim pattern for pattern_name 3657
2026-02-02 14:42:22,257 - INFO - Building stim pattern for pattern_name 1346
2026-02-02 14:42:22,275 - INFO - Building stim pattern for pattern_name 2691
2026-02-02 14:42:22,288 - INFO - Building stim pattern for pattern_name 2999
2026-02-02 14:42:22,315 - INFO - Building stim pattern for pattern_name 2499
2026-02-02 14:42:22,327 - INFO - Building stim pattern for pattern_name 2118
2026-02-02 14:42:22,405 - INFO - Building stim pattern for pattern_name 1060
2026-02-02 14:42:22,437 - INFO - Building stim pattern for pattern_name 1770
2026-02-02 14:42:22,459 - INFO - Building stim pattern for pattern_name 624
2026-02-02 14:42:22,472 - INFO - Building stim pattern for pattern_name 1744
2026-02-02 14:42:22,484 - INFO - Building stim pattern for pattern_name 2801
2026-02-02 14:42:22,498 - INFO - Building stim pattern for pattern_name 3222
2026-02-02 14:42:22,519 - INFO - Building stim pattern for pattern_name 1566
2026-02-02 14:42:22,530 - INFO - Building stim pattern for pattern_name 3055
2026-02-02 14:42:22,543 - INFO - Building stim pattern for pattern_name 526
2026-02-02 14:42:22,555 - INFO - Building stim pattern for pattern_name 850
2026-02-02 14:42:22,567 - INFO - Building stim pattern for pattern_name 880
2026-02-02 14:42:22,579 - INFO - Building stim pattern for pattern_name 3436
2026-02-02 14:42:22,594 - INFO - Building stim pattern for pattern_name 2565
2026-02-02 14:42:22,620 - INFO - Building stim pattern for pattern_name 2366
2026-02-02 14:42:22,646 - INFO - Building stim pattern for pattern_name 856
2026-02-02 14:42:22,670 - INFO - Building stim pattern for pattern_name 2305
2026-02-02 14:42:22,707 - INFO - Building stim pattern for pattern_name 305
2026-02-02 14:42:22,723 - INFO - Building stim pattern for pattern_name 2559
2026-02-02 14:42:22,766 - INFO - Building stim pattern for pattern_name 3937
2026-02-02 14:42:22,783 - INFO - Building stim pattern for pattern_name 1138
2026-02-02 14:42:22,815 - INFO - Building stim pattern for pattern_name 2846
2026-02-02 14:42:22,834 - INFO - Building stim pattern for pattern_name 2646
2026-02-02 14:42:22,847 - INFO - Building stim pattern for pattern_name 2224
2026-02-02 14:42:22,860 - INFO - Building stim pattern for pattern_name 3014
2026-02-02 14:42:22,888 - INFO - Building stim pattern for pattern_name 2874
2026-02-02 14:42:22,899 - INFO - Building stim pattern for pattern_name 1795
2026-02-02 14:42:22,920 - INFO - Building stim pattern for pattern_name 3045
2026-02-02 14:42:22,932 - INFO - Building stim pattern for pattern_name 2709
2026-02-02 14:42:22,944 - INFO - Building stim pattern for pattern_name 1112
2026-02-02 14:42:22,957 - INFO - Building stim pattern for pattern_name 662
2026-02-02 14:42:22,969 - INFO - Building stim pattern for pattern_name 3926
2026-02-02 14:42:22,982 - INFO - Building stim pattern for pattern_name 50
2026-02-02 14:42:22,993 - INFO - Building stim pattern for pattern_name 1424
2026-02-02 14:42:23,024 - INFO - Building stim pattern for pattern_name 1017
2026-02-02 14:42:23,035 - INFO - Building stim pattern for pattern_name 1929
2026-02-02 14:42:23,047 - INFO - Building stim pattern for pattern_name 3083
2026-02-02 14:42:23,060 - INFO - Building stim pattern for pattern_name 1862
2026-02-02 14:42:23,079 - INFO - Building stim pattern for pattern_name 2820
2026-02-02 14:42:23,092 - INFO - Building stim pattern for pattern_name 2731
2026-02-02 14:42:23,105 - INFO - Building stim pattern for pattern_name 108
2026-02-02 14:42:23,116 - INFO - Building stim pattern for pattern_name 2452
2026-02-02 14:42:23,151 - INFO - Building stim pattern for pattern_name 3546
2026-02-02 14:42:23,164 - INFO - Building stim pattern for pattern_name 412
2026-02-02 14:42:23,191 - INFO - Building stim pattern for pattern_name 3011
2026-02-02 14:42:23,203 - INFO - Building stim pattern for pattern_name 2681
2026-02-02 14:42:23,223 - INFO - Building stim pattern for pattern_name 748
2026-02-02 14:42:23,237 - INFO - Building stim pattern for pattern_name 3224
2026-02-02 14:42:23,249 - INFO - Building stim pattern for pattern_name 1436
2026-02-02 14:42:23,260 - INFO - Building stim pattern for pattern_name 3652
2026-02-02 14:42:23,281 - INFO - Building stim pattern for pattern_name 289
2026-02-02 14:42:23,299 - INFO - Building stim pattern for pattern_name 1081
2026-02-02 14:42:23,312 - INFO - Building stim pattern for pattern_name 1848
2026-02-02 14:42:23,329 - INFO - Building stim pattern for pattern_name 2345
2026-02-02 14:42:23,342 - INFO - Building stim pattern for pattern_name 2282
2026-02-02 14:42:23,362 - INFO - Building stim pattern for pattern_name 1901
2026-02-02 14:42:23,382 - INFO - Building stim pattern for pattern_name 2299
2026-02-02 14:42:23,393 - INFO - Building stim pattern for pattern_name 3703
2026-02-02 14:42:23,406 - INFO - Building stim pattern for pattern_name 3588
2026-02-02 14:42:23,428 - INFO - Building stim pattern for pattern_name 1204
2026-02-02 14:42:23,440 - INFO - Building stim pattern for pattern_name 1041
2026-02-02 14:42:23,453 - INFO - Building stim pattern for pattern_name 567
2026-02-02 14:42:23,479 - INFO - Building stim pattern for pattern_name 1362
2026-02-02 14:42:23,492 - INFO - Building stim pattern for pattern_name 637
2026-02-02 14:42:23,505 - INFO - Building stim pattern for pattern_name 3212
2026-02-02 14:42:23,517 - INFO - Building stim pattern for pattern_name 554
2026-02-02 14:42:23,530 - INFO - Building stim pattern for pattern_name 2816
2026-02-02 14:42:23,551 - INFO - Building stim pattern for pattern_name 777
2026-02-02 14:42:23,562 - INFO - Building stim pattern for pattern_name 529
2026-02-02 14:42:23,574 - INFO - Building stim pattern for pattern_name 3375
2026-02-02 14:42:23,587 - INFO - Building stim pattern for pattern_name 1180
2026-02-02 14:42:23,607 - INFO - Building stim pattern for pattern_name 3053
2026-02-02 14:42:23,619 - INFO - Building stim pattern for pattern_name 3595
2026-02-02 14:42:23,631 - INFO - Building stim pattern for pattern_name 1820
2026-02-02 14:42:23,650 - INFO - Building stim pattern for pattern_name 3512
2026-02-02 14:42:23,662 - INFO - Building stim pattern for pattern_name 2875
2026-02-02 14:42:23,674 - INFO - Building stim pattern for pattern_name 1659
2026-02-02 14:42:23,685 - INFO - Building stim pattern for pattern_name 1131
2026-02-02 14:42:23,698 - INFO - Building stim pattern for pattern_name 2338
2026-02-02 14:42:23,719 - INFO - Building stim pattern for pattern_name 3787
2026-02-02 14:42:23,730 - INFO - Building stim pattern for pattern_name 503
2026-02-02 14:42:23,741 - INFO - Building stim pattern for pattern_name 621
2026-02-02 14:42:23,753 - INFO - Building stim pattern for pattern_name 1853
2026-02-02 14:42:23,765 - INFO - Building stim pattern for pattern_name 3272
2026-02-02 14:42:23,777 - INFO - Building stim pattern for pattern_name 1791
2026-02-02 14:42:23,789 - INFO - Building stim pattern for pattern_name 597
2026-02-02 14:42:23,801 - INFO - Building stim pattern for pattern_name 2197
2026-02-02 14:42:23,821 - INFO - Building stim pattern for pattern_name 1845
2026-02-02 14:42:23,835 - INFO - Building stim pattern for pattern_name 1910
2026-02-02 14:42:23,853 - INFO - Building stim pattern for pattern_name 1980
2026-02-02 14:42:23,953 - INFO - Building stim pattern for pattern_name 229
2026-02-02 14:42:23,987 - INFO - Building stim pattern for pattern_name 2884
2026-02-02 14:42:24,008 - INFO - Building stim pattern for pattern_name 746
2026-02-02 14:42:24,029 - INFO - Building stim pattern for pattern_name 652
2026-02-02 14:42:24,041 - INFO - Building stim pattern for pattern_name 1253
2026-02-02 14:42:24,052 - INFO - Building stim pattern for pattern_name 1696
2026-02-02 14:42:24,065 - INFO - Building stim pattern for pattern_name 3498
2026-02-02 14:42:24,078 - INFO - Building stim pattern for pattern_name 2314
2026-02-02 14:42:24,098 - INFO - Building stim pattern for pattern_name 2387
2026-02-02 14:42:24,117 - INFO - Building stim pattern for pattern_name 2774
2026-02-02 14:42:24,131 - INFO - Building stim pattern for pattern_name 88
2026-02-02 14:42:24,145 - INFO - Building stim pattern for pattern_name 2589
2026-02-02 14:42:24,160 - INFO - Building stim pattern for pattern_name 3070
2026-02-02 14:42:24,180 - INFO - Building stim pattern for pattern_name 571
2026-02-02 14:42:24,192 - INFO - Building stim pattern for pattern_name 1159
2026-02-02 14:42:24,204 - INFO - Building stim pattern for pattern_name 1206
2026-02-02 14:42:24,224 - INFO - Building stim pattern for pattern_name 351
2026-02-02 14:42:24,240 - INFO - Building stim pattern for pattern_name 2885
2026-02-02 14:42:24,254 - INFO - Building stim pattern for pattern_name 564
2026-02-02 14:42:24,268 - INFO - Building stim pattern for pattern_name 2176
2026-02-02 14:42:24,305 - INFO - Building stim pattern for pattern_name 68
2026-02-02 14:42:24,318 - INFO - Building stim pattern for pattern_name 3051
2026-02-02 14:42:24,332 - INFO - Building stim pattern for pattern_name 1141
2026-02-02 14:42:24,364 - INFO - Building stim pattern for pattern_name 365
2026-02-02 14:42:24,375 - INFO - Building stim pattern for pattern_name 3998
2026-02-02 14:42:24,389 - INFO - Building stim pattern for pattern_name 1721
2026-02-02 14:42:24,410 - INFO - Building stim pattern for pattern_name 1408
2026-02-02 14:42:24,422 - INFO - Building stim pattern for pattern_name 3903
2026-02-02 14:42:24,433 - INFO - Building stim pattern for pattern_name 415
2026-02-02 14:42:24,445 - INFO - Building stim pattern for pattern_name 773
2026-02-02 14:42:24,457 - INFO - Building stim pattern for pattern_name 2972
2026-02-02 14:42:24,475 - INFO - Building stim pattern for pattern_name 3211
2026-02-02 14:42:24,496 - INFO - Building stim pattern for pattern_name 2818
2026-02-02 14:42:24,509 - INFO - Building stim pattern for pattern_name 2497
2026-02-02 14:42:24,521 - INFO - Building stim pattern for pattern_name 1874
2026-02-02 14:42:24,535 - INFO - Building stim pattern for pattern_name 3960
2026-02-02 14:42:24,558 - INFO - Building stim pattern for pattern_name 1725
2026-02-02 14:42:24,570 - INFO - Building stim pattern for pattern_name 2996
2026-02-02 14:42:24,582 - INFO - Building stim pattern for pattern_name 1702
2026-02-02 14:42:24,610 - INFO - Building stim pattern for pattern_name 1576
2026-02-02 14:42:24,624 - INFO - Building stim pattern for pattern_name 144
2026-02-02 14:42:24,638 - INFO - Building stim pattern for pattern_name 3395
2026-02-02 14:42:24,667 - INFO - Building stim pattern for pattern_name 1780
2026-02-02 14:42:24,697 - INFO - Building stim pattern for pattern_name 2218
2026-02-02 14:42:24,708 - INFO - Building stim pattern for pattern_name 3450
2026-02-02 14:42:24,720 - INFO - Building stim pattern for pattern_name 2579
2026-02-02 14:42:24,733 - INFO - Building stim pattern for pattern_name 2005
2026-02-02 14:42:24,745 - INFO - Building stim pattern for pattern_name 3889
2026-02-02 14:42:24,758 - INFO - Building stim pattern for pattern_name 1127
2026-02-02 14:42:24,779 - INFO - Building stim pattern for pattern_name 2542
2026-02-02 14:42:24,799 - INFO - Building stim pattern for pattern_name 288
2026-02-02 14:42:24,811 - INFO - Building stim pattern for pattern_name 1736
2026-02-02 14:42:24,822 - INFO - Building stim pattern for pattern_name 2417
2026-02-02 14:42:24,843 - INFO - Building stim pattern for pattern_name 631
2026-02-02 14:42:24,856 - INFO - Building stim pattern for pattern_name 2781
2026-02-02 14:42:24,869 - INFO - Building stim pattern for pattern_name 3175
2026-02-02 14:42:24,882 - INFO - Building stim pattern for pattern_name 961
2026-02-02 14:42:24,896 - INFO - Building stim pattern for pattern_name 485
2026-02-02 14:42:24,925 - INFO - Building stim pattern for pattern_name 3860
2026-02-02 14:42:24,938 - INFO - Building stim pattern for pattern_name 2410
2026-02-02 14:42:24,951 - INFO - Building stim pattern for pattern_name 2108
2026-02-02 14:42:24,964 - INFO - Building stim pattern for pattern_name 3178
2026-02-02 14:42:24,977 - INFO - Building stim pattern for pattern_name 270
2026-02-02 14:42:24,989 - INFO - Building stim pattern for pattern_name 799
2026-02-02 14:42:25,001 - INFO - Building stim pattern for pattern_name 1794
2026-02-02 14:42:25,013 - INFO - Building stim pattern for pattern_name 603
2026-02-02 14:42:25,041 - INFO - Building stim pattern for pattern_name 3805
2026-02-02 14:42:25,054 - INFO - Building stim pattern for pattern_name 539
2026-02-02 14:42:25,067 - INFO - Building stim pattern for pattern_name 2221
2026-02-02 14:42:25,078 - INFO - Building stim pattern for pattern_name 635
2026-02-02 14:42:25,090 - INFO - Building stim pattern for pattern_name 176
2026-02-02 14:42:25,114 - INFO - Building stim pattern for pattern_name 468
2026-02-02 14:42:25,126 - INFO - Building stim pattern for pattern_name 3827
2026-02-02 14:42:25,139 - INFO - Building stim pattern for pattern_name 2262
2026-02-02 14:42:25,151 - INFO - Building stim pattern for pattern_name 3153
2026-02-02 14:42:25,162 - INFO - Building stim pattern for pattern_name 2183
2026-02-02 14:42:25,180 - INFO - Building stim pattern for pattern_name 1297
2026-02-02 14:42:25,192 - INFO - Building stim pattern for pattern_name 1383
2026-02-02 14:42:25,212 - INFO - Building stim pattern for pattern_name 2533
2026-02-02 14:42:25,224 - INFO - Building stim pattern for pattern_name 390
2026-02-02 14:42:25,238 - INFO - Building stim pattern for pattern_name 3777
2026-02-02 14:42:25,250 - INFO - Building stim pattern for pattern_name 3697
2026-02-02 14:42:25,261 - INFO - Building stim pattern for pattern_name 3719
2026-02-02 14:42:25,309 - INFO - Building stim pattern for pattern_name 2255
2026-02-02 14:42:25,382 - INFO - Building stim pattern for pattern_name 3155
2026-02-02 14:42:25,397 - INFO - Building stim pattern for pattern_name 1529
2026-02-02 14:42:25,407 - INFO - Building stim pattern for pattern_name 396
2026-02-02 14:42:25,420 - INFO - Building stim pattern for pattern_name 2324
2026-02-02 14:42:25,431 - INFO - Building stim pattern for pattern_name 1905
2026-02-02 14:42:25,458 - INFO - Building stim pattern for pattern_name 1422
2026-02-02 14:42:25,471 - INFO - Building stim pattern for pattern_name 3712
2026-02-02 14:42:25,485 - INFO - Building stim pattern for pattern_name 987
2026-02-02 14:42:25,509 - INFO - Building stim pattern for pattern_name 2613
2026-02-02 14:42:25,522 - INFO - Building stim pattern for pattern_name 2932
2026-02-02 14:42:25,541 - INFO - Building stim pattern for pattern_name 149
2026-02-02 14:42:25,552 - INFO - Building stim pattern for pattern_name 3585
2026-02-02 14:42:25,565 - INFO - Building stim pattern for pattern_name 735
2026-02-02 14:42:25,591 - INFO - Building stim pattern for pattern_name 3554
2026-02-02 14:42:25,603 - INFO - Building stim pattern for pattern_name 2826
2026-02-02 14:42:25,622 - INFO - Building stim pattern for pattern_name 150
2026-02-02 14:42:25,633 - INFO - Building stim pattern for pattern_name 478
2026-02-02 14:42:25,652 - INFO - Building stim pattern for pattern_name 1111
2026-02-02 14:42:25,664 - INFO - Building stim pattern for pattern_name 843
2026-02-02 14:42:25,676 - INFO - Building stim pattern for pattern_name 26
2026-02-02 14:42:25,688 - INFO - Building stim pattern for pattern_name 1866
2026-02-02 14:42:25,700 - INFO - Building stim pattern for pattern_name 803
2026-02-02 14:42:25,714 - INFO - Building stim pattern for pattern_name 1431
2026-02-02 14:42:25,728 - INFO - Building stim pattern for pattern_name 201
2026-02-02 14:42:25,749 - INFO - Building stim pattern for pattern_name 254
2026-02-02 14:42:25,762 - INFO - Building stim pattern for pattern_name 2889
2026-02-02 14:42:25,774 - INFO - Building stim pattern for pattern_name 1672
2026-02-02 14:42:25,793 - INFO - Building stim pattern for pattern_name 2849
2026-02-02 14:42:25,807 - INFO - Building stim pattern for pattern_name 1166
2026-02-02 14:42:25,828 - INFO - Building stim pattern for pattern_name 2537
2026-02-02 14:42:25,840 - INFO - Building stim pattern for pattern_name 1945
2026-02-02 14:42:25,852 - INFO - Building stim pattern for pattern_name 1943
2026-02-02 14:42:25,873 - INFO - Building stim pattern for pattern_name 1638
2026-02-02 14:42:25,886 - INFO - Building stim pattern for pattern_name 1817
2026-02-02 14:42:25,899 - INFO - Building stim pattern for pattern_name 2414
2026-02-02 14:42:25,921 - INFO - Building stim pattern for pattern_name 1078
2026-02-02 14:42:25,932 - INFO - Building stim pattern for pattern_name 3099
2026-02-02 14:42:25,945 - INFO - Building stim pattern for pattern_name 3046
2026-02-02 14:42:25,957 - INFO - Building stim pattern for pattern_name 3700
2026-02-02 14:42:25,976 - INFO - Building stim pattern for pattern_name 3735
2026-02-02 14:42:25,989 - INFO - Building stim pattern for pattern_name 3754
2026-02-02 14:42:26,019 - INFO - Building stim pattern for pattern_name 894
2026-02-02 14:42:26,032 - INFO - Building stim pattern for pattern_name 221
2026-02-02 14:42:26,045 - INFO - Building stim pattern for pattern_name 3476
2026-02-02 14:42:26,058 - INFO - Building stim pattern for pattern_name 1045
2026-02-02 14:42:26,071 - INFO - Building stim pattern for pattern_name 2905
2026-02-02 14:42:26,084 - INFO - Building stim pattern for pattern_name 224
2026-02-02 14:42:26,096 - INFO - Building stim pattern for pattern_name 2464
2026-02-02 14:42:26,116 - INFO - Building stim pattern for pattern_name 3437
2026-02-02 14:42:26,129 - INFO - Building stim pattern for pattern_name 693
2026-02-02 14:42:26,144 - INFO - Building stim pattern for pattern_name 87
2026-02-02 14:42:26,156 - INFO - Building stim pattern for pattern_name 3325
2026-02-02 14:42:26,168 - INFO - Building stim pattern for pattern_name 1746
2026-02-02 14:42:26,182 - INFO - Building stim pattern for pattern_name 2928
2026-02-02 14:42:26,196 - INFO - Building stim pattern for pattern_name 739
2026-02-02 14:42:26,211 - INFO - Building stim pattern for pattern_name 2852
2026-02-02 14:42:26,230 - INFO - Building stim pattern for pattern_name 2525
2026-02-02 14:42:26,242 - INFO - Building stim pattern for pattern_name 855
2026-02-02 14:42:26,265 - INFO - Building stim pattern for pattern_name 3203
2026-02-02 14:42:26,277 - INFO - Building stim pattern for pattern_name 3128
2026-02-02 14:42:26,292 - INFO - Building stim pattern for pattern_name 2445
2026-02-02 14:42:26,322 - INFO - Building stim pattern for pattern_name 2251
2026-02-02 14:42:26,333 - INFO - Building stim pattern for pattern_name 200
2026-02-02 14:42:26,346 - INFO - Building stim pattern for pattern_name 1489
2026-02-02 14:42:26,369 - INFO - Building stim pattern for pattern_name 3486
2026-02-02 14:42:26,384 - INFO - Building stim pattern for pattern_name 1043
2026-02-02 14:42:26,400 - INFO - Building stim pattern for pattern_name 3391
2026-02-02 14:42:26,415 - INFO - Building stim pattern for pattern_name 2650
2026-02-02 14:42:26,437 - INFO - Building stim pattern for pattern_name 3304
2026-02-02 14:42:26,450 - INFO - Building stim pattern for pattern_name 3223
2026-02-02 14:42:26,466 - INFO - Building stim pattern for pattern_name 1864
2026-02-02 14:42:26,489 - INFO - Building stim pattern for pattern_name 347
2026-02-02 14:42:26,502 - INFO - Building stim pattern for pattern_name 1441
2026-02-02 14:42:26,515 - INFO - Building stim pattern for pattern_name 3619
2026-02-02 14:42:26,527 - INFO - Building stim pattern for pattern_name 1811
2026-02-02 14:42:26,549 - INFO - Building stim pattern for pattern_name 3586
2026-02-02 14:42:26,563 - INFO - Building stim pattern for pattern_name 558
2026-02-02 14:42:26,578 - INFO - Building stim pattern for pattern_name 2569
2026-02-02 14:42:26,622 - INFO - Building stim pattern for pattern_name 1053
2026-02-02 14:42:26,635 - INFO - Building stim pattern for pattern_name 3856
2026-02-02 14:42:26,646 - INFO - Building stim pattern for pattern_name 387
2026-02-02 14:42:26,744 - INFO - Building stim pattern for pattern_name 2564
2026-02-02 14:42:26,791 - INFO - Building stim pattern for pattern_name 3989
2026-02-02 14:42:26,815 - INFO - Building stim pattern for pattern_name 2997
2026-02-02 14:42:26,840 - INFO - Building stim pattern for pattern_name 754
2026-02-02 14:42:26,871 - INFO - Building stim pattern for pattern_name 3348
2026-02-02 14:42:26,927 - INFO - Building stim pattern for pattern_name 2609
2026-02-02 14:42:26,942 - INFO - Building stim pattern for pattern_name 284
2026-02-02 14:42:26,959 - INFO - Building stim pattern for pattern_name 3206
2026-02-02 14:42:26,993 - INFO - Building stim pattern for pattern_name 2266
2026-02-02 14:42:27,005 - INFO - Building stim pattern for pattern_name 2196
2026-02-02 14:42:27,024 - INFO - Building stim pattern for pattern_name 372
2026-02-02 14:42:27,041 - INFO - Building stim pattern for pattern_name 2581
2026-02-02 14:42:27,064 - INFO - Building stim pattern for pattern_name 3002
2026-02-02 14:42:27,078 - INFO - Building stim pattern for pattern_name 954
2026-02-02 14:42:27,092 - INFO - Building stim pattern for pattern_name 3906
2026-02-02 14:42:27,106 - INFO - Building stim pattern for pattern_name 2512
2026-02-02 14:42:27,129 - INFO - Building stim pattern for pattern_name 666
2026-02-02 14:42:27,142 - INFO - Building stim pattern for pattern_name 3387
2026-02-02 14:42:27,154 - INFO - Building stim pattern for pattern_name 2084
2026-02-02 14:42:27,180 - INFO - Building stim pattern for pattern_name 993
2026-02-02 14:42:27,195 - INFO - Building stim pattern for pattern_name 1307
2026-02-02 14:42:27,210 - INFO - Building stim pattern for pattern_name 575
2026-02-02 14:42:27,245 - INFO - Building stim pattern for pattern_name 48
2026-02-02 14:42:27,259 - INFO - Building stim pattern for pattern_name 3075
2026-02-02 14:42:27,272 - INFO - Building stim pattern for pattern_name 1376
2026-02-02 14:42:27,283 - INFO - Building stim pattern for pattern_name 1202
2026-02-02 14:42:27,302 - INFO - Building stim pattern for pattern_name 2448
2026-02-02 14:42:27,315 - INFO - Building stim pattern for pattern_name 2
2026-02-02 14:42:27,327 - INFO - Building stim pattern for pattern_name 801
2026-02-02 14:42:27,350 - INFO - Building stim pattern for pattern_name 1806
2026-02-02 14:42:27,364 - INFO - Building stim pattern for pattern_name 3064
2026-02-02 14:42:27,377 - INFO - Building stim pattern for pattern_name 1468
2026-02-02 14:42:27,391 - INFO - Building stim pattern for pattern_name 819
2026-02-02 14:42:27,403 - INFO - Building stim pattern for pattern_name 732
2026-02-02 14:42:27,426 - INFO - Building stim pattern for pattern_name 2942
2026-02-02 14:42:27,438 - INFO - Building stim pattern for pattern_name 1331
2026-02-02 14:42:27,464 - INFO - Building stim pattern for pattern_name 2749
2026-02-02 14:42:27,478 - INFO - Building stim pattern for pattern_name 2758
2026-02-02 14:42:27,493 - INFO - Building stim pattern for pattern_name 3621
2026-02-02 14:42:27,505 - INFO - Building stim pattern for pattern_name 2507
2026-02-02 14:42:27,518 - INFO - Building stim pattern for pattern_name 1551
2026-02-02 14:42:27,529 - INFO - Building stim pattern for pattern_name 1235
2026-02-02 14:42:27,549 - INFO - Building stim pattern for pattern_name 3945
2026-02-02 14:42:27,561 - INFO - Building stim pattern for pattern_name 1230
2026-02-02 14:42:27,582 - INFO - Building stim pattern for pattern_name 199
2026-02-02 14:42:27,594 - INFO - Building stim pattern for pattern_name 821
2026-02-02 14:42:27,608 - INFO - Building stim pattern for pattern_name 3762
2026-02-02 14:42:27,620 - INFO - Building stim pattern for pattern_name 3278
2026-02-02 14:42:27,634 - INFO - Building stim pattern for pattern_name 1921
2026-02-02 14:42:27,647 - INFO - Building stim pattern for pattern_name 630
2026-02-02 14:42:27,660 - INFO - Building stim pattern for pattern_name 756
2026-02-02 14:42:27,681 - INFO - Building stim pattern for pattern_name 142
2026-02-02 14:42:27,697 - INFO - Building stim pattern for pattern_name 430
2026-02-02 14:42:27,711 - INFO - Building stim pattern for pattern_name 628
2026-02-02 14:42:27,726 - INFO - Building stim pattern for pattern_name 550
2026-02-02 14:42:27,741 - INFO - Building stim pattern for pattern_name 1857
2026-02-02 14:42:27,757 - INFO - Building stim pattern for pattern_name 2723
2026-02-02 14:42:27,783 - INFO - Building stim pattern for pattern_name 1580
2026-02-02 14:42:27,812 - INFO - Building stim pattern for pattern_name 1465
2026-02-02 14:42:27,824 - INFO - Building stim pattern for pattern_name 3130
2026-02-02 14:42:27,836 - INFO - Building stim pattern for pattern_name 330
2026-02-02 14:42:27,849 - INFO - Building stim pattern for pattern_name 921
2026-02-02 14:42:27,862 - INFO - Building stim pattern for pattern_name 2755
2026-02-02 14:42:27,874 - INFO - Building stim pattern for pattern_name 3558
2026-02-02 14:42:27,885 - INFO - Building stim pattern for pattern_name 3534
2026-02-02 14:42:27,899 - INFO - Building stim pattern for pattern_name 1515
2026-02-02 14:42:27,929 - INFO - Building stim pattern for pattern_name 2404
2026-02-02 14:42:27,942 - INFO - Building stim pattern for pattern_name 1030
2026-02-02 14:42:27,954 - INFO - Building stim pattern for pattern_name 2393
2026-02-02 14:42:27,966 - INFO - Building stim pattern for pattern_name 2086
2026-02-02 14:42:27,986 - INFO - Building stim pattern for pattern_name 2297
2026-02-02 14:42:28,021 - INFO - Building stim pattern for pattern_name 3850
2026-02-02 14:42:28,046 - INFO - Building stim pattern for pattern_name 1343
2026-02-02 14:42:28,059 - INFO - Building stim pattern for pattern_name 2627
2026-02-02 14:42:28,072 - INFO - Building stim pattern for pattern_name 2535
2026-02-02 14:42:28,093 - INFO - Building stim pattern for pattern_name 2370
2026-02-02 14:42:28,113 - INFO - Building stim pattern for pattern_name 1894
2026-02-02 14:42:28,131 - INFO - Building stim pattern for pattern_name 1355
2026-02-02 14:42:28,143 - INFO - Building stim pattern for pattern_name 2316
2026-02-02 14:42:28,162 - INFO - Building stim pattern for pattern_name 2655
2026-02-02 14:42:28,177 - INFO - Building stim pattern for pattern_name 1295
2026-02-02 14:42:28,257 - INFO - Building stim pattern for pattern_name 2521
2026-02-02 14:42:28,292 - INFO - Building stim pattern for pattern_name 3618
2026-02-02 14:42:28,305 - INFO - Building stim pattern for pattern_name 2023
2026-02-02 14:42:28,320 - INFO - Building stim pattern for pattern_name 1497
2026-02-02 14:42:28,339 - INFO - Building stim pattern for pattern_name 2735
2026-02-02 14:42:28,365 - INFO - Building stim pattern for pattern_name 1645
2026-02-02 14:42:28,378 - INFO - Building stim pattern for pattern_name 3407
2026-02-02 14:42:28,388 - INFO - Building stim pattern for pattern_name 2401
2026-02-02 14:42:28,400 - INFO - Building stim pattern for pattern_name 1745
2026-02-02 14:42:28,423 - INFO - Building stim pattern for pattern_name 3192
2026-02-02 14:42:28,436 - INFO - Building stim pattern for pattern_name 1585
2026-02-02 14:42:28,449 - INFO - Building stim pattern for pattern_name 1300
2026-02-02 14:42:28,460 - INFO - Building stim pattern for pattern_name 3246
2026-02-02 14:42:28,473 - INFO - Building stim pattern for pattern_name 1121
2026-02-02 14:42:28,495 - INFO - Building stim pattern for pattern_name 1399
2026-02-02 14:42:28,542 - INFO - Building stim pattern for pattern_name 2147
2026-02-02 14:42:28,555 - INFO - Building stim pattern for pattern_name 3086
2026-02-02 14:42:28,569 - INFO - Building stim pattern for pattern_name 1237
2026-02-02 14:42:28,583 - INFO - Building stim pattern for pattern_name 51
2026-02-02 14:42:28,596 - INFO - Building stim pattern for pattern_name 749
2026-02-02 14:42:28,624 - INFO - Building stim pattern for pattern_name 520
2026-02-02 14:42:28,635 - INFO - Building stim pattern for pattern_name 1201
2026-02-02 14:42:28,648 - INFO - Building stim pattern for pattern_name 35
2026-02-02 14:42:28,661 - INFO - Building stim pattern for pattern_name 3069
2026-02-02 14:42:28,675 - INFO - Building stim pattern for pattern_name 2040
2026-02-02 14:42:28,689 - INFO - Building stim pattern for pattern_name 2719
2026-02-02 14:42:28,702 - INFO - Building stim pattern for pattern_name 3833
2026-02-02 14:42:28,715 - INFO - Building stim pattern for pattern_name 1722
2026-02-02 14:42:28,734 - INFO - Building stim pattern for pattern_name 2593
2026-02-02 14:42:28,762 - INFO - Building stim pattern for pattern_name 1329
2026-02-02 14:42:28,774 - INFO - Building stim pattern for pattern_name 2382
2026-02-02 14:42:28,786 - INFO - Building stim pattern for pattern_name 1603
2026-02-02 14:42:28,798 - INFO - Building stim pattern for pattern_name 1064
2026-02-02 14:42:28,811 - INFO - Building stim pattern for pattern_name 286
2026-02-02 14:42:28,823 - INFO - Building stim pattern for pattern_name 1918
2026-02-02 14:42:28,834 - INFO - Building stim pattern for pattern_name 568
2026-02-02 14:42:28,846 - INFO - Building stim pattern for pattern_name 243
2026-02-02 14:42:28,859 - INFO - Building stim pattern for pattern_name 2785
2026-02-02 14:42:28,883 - INFO - Building stim pattern for pattern_name 3063
2026-02-02 14:42:28,896 - INFO - Building stim pattern for pattern_name 3097
2026-02-02 14:42:28,908 - INFO - Building stim pattern for pattern_name 1843
2026-02-02 14:42:28,928 - INFO - Building stim pattern for pattern_name 3383
2026-02-02 14:42:28,940 - INFO - Building stim pattern for pattern_name 491
2026-02-02 14:42:28,953 - INFO - Building stim pattern for pattern_name 1752
2026-02-02 14:42:28,967 - INFO - Building stim pattern for pattern_name 2306
2026-02-02 14:42:28,981 - INFO - Building stim pattern for pattern_name 2030
2026-02-02 14:42:29,013 - INFO - Building stim pattern for pattern_name 2368
2026-02-02 14:42:29,026 - INFO - Building stim pattern for pattern_name 2753
2026-02-02 14:42:29,044 - INFO - Building stim pattern for pattern_name 2479
2026-02-02 14:42:29,057 - INFO - Building stim pattern for pattern_name 2782
2026-02-02 14:42:29,068 - INFO - Building stim pattern for pattern_name 553
2026-02-02 14:42:29,082 - INFO - Building stim pattern for pattern_name 2205
2026-02-02 14:42:29,094 - INFO - Building stim pattern for pattern_name 949
2026-02-02 14:42:29,132 - INFO - Building stim pattern for pattern_name 2858
2026-02-02 14:42:29,144 - INFO - Building stim pattern for pattern_name 3108
2026-02-02 14:42:29,157 - INFO - Building stim pattern for pattern_name 3347
2026-02-02 14:42:29,169 - INFO - Building stim pattern for pattern_name 275
2026-02-02 14:42:29,181 - INFO - Building stim pattern for pattern_name 1711
2026-02-02 14:42:29,194 - INFO - Building stim pattern for pattern_name 2955
2026-02-02 14:42:29,206 - INFO - Building stim pattern for pattern_name 1996
2026-02-02 14:42:29,218 - INFO - Building stim pattern for pattern_name 3289
2026-02-02 14:42:29,245 - INFO - Building stim pattern for pattern_name 3456
2026-02-02 14:42:29,258 - INFO - Building stim pattern for pattern_name 1221
2026-02-02 14:42:29,270 - INFO - Building stim pattern for pattern_name 3897
2026-02-02 14:42:29,281 - INFO - Building stim pattern for pattern_name 3524
2026-02-02 14:42:29,294 - INFO - Building stim pattern for pattern_name 3949
2026-02-02 14:42:29,307 - INFO - Building stim pattern for pattern_name 3397
2026-02-02 14:42:29,319 - INFO - Building stim pattern for pattern_name 28
2026-02-02 14:42:29,331 - INFO - Building stim pattern for pattern_name 3857
2026-02-02 14:42:29,362 - INFO - Building stim pattern for pattern_name 2421
2026-02-02 14:42:29,382 - INFO - Building stim pattern for pattern_name 2881
2026-02-02 14:42:29,394 - INFO - Building stim pattern for pattern_name 3238
2026-02-02 14:42:29,407 - INFO - Building stim pattern for pattern_name 1537
2026-02-02 14:42:29,442 - INFO - Building stim pattern for pattern_name 2177
2026-02-02 14:42:29,453 - INFO - Building stim pattern for pattern_name 893
2026-02-02 14:42:29,471 - INFO - Building stim pattern for pattern_name 711
2026-02-02 14:42:29,482 - INFO - Building stim pattern for pattern_name 3898
2026-02-02 14:42:29,500 - INFO - Building stim pattern for pattern_name 3701
2026-02-02 14:42:29,512 - INFO - Building stim pattern for pattern_name 130
2026-02-02 14:42:29,525 - INFO - Building stim pattern for pattern_name 217
2026-02-02 14:42:29,536 - INFO - Building stim pattern for pattern_name 3480
2026-02-02 14:42:29,549 - INFO - Building stim pattern for pattern_name 3432
2026-02-02 14:42:29,562 - INFO - Building stim pattern for pattern_name 1347
2026-02-02 14:42:29,574 - INFO - Building stim pattern for pattern_name 12
2026-02-02 14:42:29,586 - INFO - Building stim pattern for pattern_name 2699
2026-02-02 14:42:29,675 - INFO - Building stim pattern for pattern_name 427
2026-02-02 14:42:29,696 - INFO - Building stim pattern for pattern_name 3261
2026-02-02 14:42:29,723 - INFO - Building stim pattern for pattern_name 3368
2026-02-02 14:42:29,739 - INFO - Building stim pattern for pattern_name 1747
2026-02-02 14:42:29,759 - INFO - Building stim pattern for pattern_name 3665
2026-02-02 14:42:29,770 - INFO - Building stim pattern for pattern_name 343
2026-02-02 14:42:29,790 - INFO - Building stim pattern for pattern_name 3113
2026-02-02 14:42:29,802 - INFO - Building stim pattern for pattern_name 2501
2026-02-02 14:42:29,821 - INFO - Building stim pattern for pattern_name 3040
2026-02-02 14:42:29,833 - INFO - Building stim pattern for pattern_name 133
2026-02-02 14:42:29,853 - INFO - Building stim pattern for pattern_name 3696
2026-02-02 14:42:29,865 - INFO - Building stim pattern for pattern_name 3577
2026-02-02 14:42:29,880 - INFO - Building stim pattern for pattern_name 3334
2026-02-02 14:42:29,894 - INFO - Building stim pattern for pattern_name 1707
2026-02-02 14:42:29,916 - INFO - Building stim pattern for pattern_name 293
2026-02-02 14:42:29,928 - INFO - Building stim pattern for pattern_name 2492
2026-02-02 14:42:29,941 - INFO - Building stim pattern for pattern_name 8
2026-02-02 14:42:29,952 - INFO - Building stim pattern for pattern_name 2036
2026-02-02 14:42:29,976 - INFO - Building stim pattern for pattern_name 3442
2026-02-02 14:42:29,988 - INFO - Building stim pattern for pattern_name 2273
2026-02-02 14:42:30,014 - INFO - Building stim pattern for pattern_name 3435
2026-02-02 14:42:30,032 - INFO - Building stim pattern for pattern_name 3556
2026-02-02 14:42:30,052 - INFO - Building stim pattern for pattern_name 3306
2026-02-02 14:42:30,064 - INFO - Building stim pattern for pattern_name 808
2026-02-02 14:42:30,076 - INFO - Building stim pattern for pattern_name 80
2026-02-02 14:42:30,102 - INFO - Building stim pattern for pattern_name 3410
2026-02-02 14:42:30,114 - INFO - Building stim pattern for pattern_name 650
2026-02-02 14:42:30,126 - INFO - Building stim pattern for pattern_name 2743
2026-02-02 14:42:30,140 - INFO - Building stim pattern for pattern_name 3265
2026-02-02 14:42:30,167 - INFO - Building stim pattern for pattern_name 3357
2026-02-02 14:42:30,180 - INFO - Building stim pattern for pattern_name 266
2026-02-02 14:42:30,194 - INFO - Building stim pattern for pattern_name 684
2026-02-02 14:42:30,214 - INFO - Building stim pattern for pattern_name 1256
2026-02-02 14:42:30,227 - INFO - Building stim pattern for pattern_name 854
2026-02-02 14:42:30,240 - INFO - Building stim pattern for pattern_name 2620
2026-02-02 14:42:30,257 - INFO - Building stim pattern for pattern_name 2764
2026-02-02 14:42:30,278 - INFO - Building stim pattern for pattern_name 677
2026-02-02 14:42:30,298 - INFO - Building stim pattern for pattern_name 2845
2026-02-02 14:42:30,311 - INFO - Building stim pattern for pattern_name 2771
2026-02-02 14:42:30,324 - INFO - Building stim pattern for pattern_name 1560
2026-02-02 14:42:30,336 - INFO - Building stim pattern for pattern_name 1608
2026-02-02 14:42:30,364 - INFO - Building stim pattern for pattern_name 441
2026-02-02 14:42:30,377 - INFO - Building stim pattern for pattern_name 1044
2026-02-02 14:42:30,389 - INFO - Building stim pattern for pattern_name 2406
2026-02-02 14:42:30,401 - INFO - Building stim pattern for pattern_name 1490
2026-02-02 14:42:30,416 - INFO - Building stim pattern for pattern_name 56
2026-02-02 14:42:30,430 - INFO - Building stim pattern for pattern_name 2580
2026-02-02 14:42:30,441 - INFO - Building stim pattern for pattern_name 69
2026-02-02 14:42:30,454 - INFO - Building stim pattern for pattern_name 3277
2026-02-02 14:42:30,472 - INFO - Building stim pattern for pattern_name 3645
2026-02-02 14:42:30,491 - INFO - Building stim pattern for pattern_name 2604
2026-02-02 14:42:30,503 - INFO - Building stim pattern for pattern_name 301
2026-02-02 14:42:30,522 - INFO - Building stim pattern for pattern_name 1643
2026-02-02 14:42:30,533 - INFO - Building stim pattern for pattern_name 3650
2026-02-02 14:42:30,544 - INFO - Building stim pattern for pattern_name 2261
2026-02-02 14:42:30,556 - INFO - Building stim pattern for pattern_name 2963
2026-02-02 14:42:30,568 - INFO - Building stim pattern for pattern_name 1
2026-02-02 14:42:30,580 - INFO - Building stim pattern for pattern_name 3033
2026-02-02 14:42:30,592 - INFO - Building stim pattern for pattern_name 499
2026-02-02 14:42:30,604 - INFO - Building stim pattern for pattern_name 3759
2026-02-02 14:42:30,616 - INFO - Building stim pattern for pattern_name 2469
2026-02-02 14:42:30,634 - INFO - Building stim pattern for pattern_name 1352
2026-02-02 14:42:30,652 - INFO - Building stim pattern for pattern_name 1891
2026-02-02 14:42:30,677 - INFO - Building stim pattern for pattern_name 3422
2026-02-02 14:42:30,697 - INFO - Building stim pattern for pattern_name 94
2026-02-02 14:42:30,713 - INFO - Building stim pattern for pattern_name 3445
2026-02-02 14:42:30,729 - INFO - Building stim pattern for pattern_name 103
2026-02-02 14:42:30,747 - INFO - Building stim pattern for pattern_name 2803
2026-02-02 14:42:30,765 - INFO - Building stim pattern for pattern_name 1742
2026-02-02 14:42:30,788 - INFO - Building stim pattern for pattern_name 2532
2026-02-02 14:42:30,804 - INFO - Building stim pattern for pattern_name 276
2026-02-02 14:42:30,832 - INFO - Building stim pattern for pattern_name 758
2026-02-02 14:42:30,850 - INFO - Building stim pattern for pattern_name 62
2026-02-02 14:42:30,862 - INFO - Building stim pattern for pattern_name 2748
2026-02-02 14:42:30,874 - INFO - Building stim pattern for pattern_name 2936
2026-02-02 14:42:30,885 - INFO - Building stim pattern for pattern_name 785
2026-02-02 14:42:30,912 - INFO - Building stim pattern for pattern_name 1750
2026-02-02 14:42:30,928 - INFO - Building stim pattern for pattern_name 3137
2026-02-02 14:42:30,941 - INFO - Building stim pattern for pattern_name 1793
2026-02-02 14:42:30,953 - INFO - Building stim pattern for pattern_name 3433
2026-02-02 14:42:30,966 - INFO - Building stim pattern for pattern_name 2991
2026-02-02 14:42:30,980 - INFO - Building stim pattern for pattern_name 3411
2026-02-02 14:42:30,992 - INFO - Building stim pattern for pattern_name 1833
2026-02-02 14:42:31,007 - INFO - Building stim pattern for pattern_name 2911
2026-02-02 14:42:31,114 - INFO - Building stim pattern for pattern_name 747
2026-02-02 14:42:31,138 - INFO - Building stim pattern for pattern_name 222
2026-02-02 14:42:31,152 - INFO - Building stim pattern for pattern_name 1074
2026-02-02 14:42:31,166 - INFO - Building stim pattern for pattern_name 3806
2026-02-02 14:42:31,180 - INFO - Building stim pattern for pattern_name 2890
2026-02-02 14:42:31,192 - INFO - Building stim pattern for pattern_name 911
2026-02-02 14:42:31,205 - INFO - Building stim pattern for pattern_name 1825
2026-02-02 14:42:31,223 - INFO - Building stim pattern for pattern_name 3457
2026-02-02 14:42:31,235 - INFO - Building stim pattern for pattern_name 214
2026-02-02 14:42:31,247 - INFO - Building stim pattern for pattern_name 3925
2026-02-02 14:42:31,259 - INFO - Building stim pattern for pattern_name 3496
2026-02-02 14:42:31,271 - INFO - Building stim pattern for pattern_name 762
2026-02-02 14:42:31,284 - INFO - Building stim pattern for pattern_name 1198
2026-02-02 14:42:31,297 - INFO - Building stim pattern for pattern_name 2498
2026-02-02 14:42:31,319 - INFO - Building stim pattern for pattern_name 1480
2026-02-02 14:42:31,331 - INFO - Building stim pattern for pattern_name 3744
2026-02-02 14:42:31,351 - INFO - Building stim pattern for pattern_name 3995
2026-02-02 14:42:31,364 - INFO - Building stim pattern for pattern_name 3146
2026-02-02 14:42:31,376 - INFO - Building stim pattern for pattern_name 3466
2026-02-02 14:42:31,389 - INFO - Building stim pattern for pattern_name 649
2026-02-02 14:42:31,403 - INFO - Building stim pattern for pattern_name 3286
2026-02-02 14:42:31,426 - INFO - Building stim pattern for pattern_name 111
2026-02-02 14:42:31,452 - INFO - Building stim pattern for pattern_name 1033
2026-02-02 14:42:31,468 - INFO - Building stim pattern for pattern_name 1236
2026-02-02 14:51:22,578 - INFO - Building stim pattern for pattern_name 4033
2026-02-02 14:51:22,591 - INFO - Building stim pattern for pattern_name 4017
2026-02-02 14:51:22,603 - INFO - Building stim pattern for pattern_name 4028
2026-02-02 14:51:22,614 - INFO - Building stim pattern for pattern_name 2739
2026-02-02 14:51:22,624 - INFO - Building stim pattern for pattern_name 4003
2026-02-02 14:51:22,634 - INFO - Building stim pattern for pattern_name 3514
2026-02-02 14:51:22,646 - INFO - Building stim pattern for pattern_name 91
2026-02-02 14:51:22,657 - INFO - Building stim pattern for pattern_name 617
2026-02-02 14:51:22,667 - INFO - Building stim pattern for pattern_name 3852
2026-02-02 14:51:22,677 - INFO - Building stim pattern for pattern_name 4025
2026-02-02 14:51:22,688 - INFO - Building stim pattern for pattern_name 3219
2026-02-02 14:51:22,697 - INFO - Building stim pattern for pattern_name 3708
2026-02-02 14:51:22,706 - INFO - Building stim pattern for pattern_name 2977
2026-02-02 14:51:22,716 - INFO - Building stim pattern for pattern_name 399
2026-02-02 14:51:22,726 - INFO - Building stim pattern for pattern_name 3495
2026-02-02 14:51:22,735 - INFO - Building stim pattern for pattern_name 535
2026-02-02 14:51:22,746 - INFO - Building stim pattern for pattern_name 522
2026-02-02 14:51:22,755 - INFO - Building stim pattern for pattern_name 3430
2026-02-02 14:51:22,766 - INFO - Building stim pattern for pattern_name 4004
2026-02-02 14:51:22,777 - INFO - Building stim pattern for pattern_name 1001
2026-02-02 14:51:22,788 - INFO - Building stim pattern for pattern_name 244
2026-02-02 14:51:22,798 - INFO - Building stim pattern for pattern_name 1209
2026-02-02 14:51:22,808 - INFO - Building stim pattern for pattern_name 858
2026-02-02 14:51:22,819 - INFO - Building stim pattern for pattern_name 2446
2026-02-02 14:51:22,827 - INFO - Building stim pattern for pattern_name 623
2026-02-02 14:51:22,837 - INFO - Building stim pattern for pattern_name 1578
2026-02-02 14:51:22,847 - INFO - Building stim pattern for pattern_name 1268
2026-02-02 14:51:22,856 - INFO - Building stim pattern for pattern_name 47
2026-02-02 14:51:22,866 - INFO - Building stim pattern for pattern_name 1768
2026-02-02 14:51:22,875 - INFO - Building stim pattern for pattern_name 2971
2026-02-02 14:51:22,886 - INFO - Building stim pattern for pattern_name 3515
2026-02-02 14:51:22,895 - INFO - Building stim pattern for pattern_name 238
2026-02-02 14:51:22,905 - INFO - Building stim pattern for pattern_name 90
2026-02-02 14:51:22,914 - INFO - Building stim pattern for pattern_name 2509
2026-02-02 14:51:22,924 - INFO - Building stim pattern for pattern_name 695
2026-02-02 14:51:22,934 - INFO - Building stim pattern for pattern_name 369
2026-02-02 14:51:22,944 - INFO - Building stim pattern for pattern_name 596
2026-02-02 14:51:22,955 - INFO - Building stim pattern for pattern_name 2055
2026-02-02 14:51:22,964 - INFO - Building stim pattern for pattern_name 4040
2026-02-02 14:51:22,972 - INFO - Building stim pattern for pattern_name 2275
2026-02-02 14:51:22,981 - INFO - Building stim pattern for pattern_name 784
2026-02-02 14:51:22,990 - INFO - Building stim pattern for pattern_name 373
2026-02-02 14:51:23,001 - INFO - Building stim pattern for pattern_name 43
2026-02-02 14:51:23,009 - INFO - Building stim pattern for pattern_name 3162
2026-02-02 14:51:23,021 - INFO - Building stim pattern for pattern_name 3934
2026-02-02 14:51:23,030 - INFO - Building stim pattern for pattern_name 3718
2026-02-02 14:51:23,041 - INFO - Building stim pattern for pattern_name 2046
2026-02-02 14:51:23,050 - INFO - Building stim pattern for pattern_name 3660
2026-02-02 14:51:23,059 - INFO - Building stim pattern for pattern_name 2329
2026-02-02 14:51:23,071 - INFO - Building stim pattern for pattern_name 1278
2026-02-02 14:51:23,081 - INFO - Building stim pattern for pattern_name 3361
2026-02-02 14:51:23,090 - INFO - Building stim pattern for pattern_name 277
2026-02-02 14:51:23,099 - INFO - Building stim pattern for pattern_name 2556
2026-02-02 14:51:23,109 - INFO - Building stim pattern for pattern_name 3010
2026-02-02 14:51:23,119 - INFO - Building stim pattern for pattern_name 4038
2026-02-02 14:51:23,129 - INFO - Building stim pattern for pattern_name 1626
2026-02-02 14:51:23,138 - INFO - Building stim pattern for pattern_name 2212
2026-02-02 14:51:23,148 - INFO - Building stim pattern for pattern_name 2428
2026-02-02 14:51:23,158 - INFO - Building stim pattern for pattern_name 840
2026-02-02 14:51:23,168 - INFO - Building stim pattern for pattern_name 4022
2026-02-02 14:51:23,178 - INFO - Building stim pattern for pattern_name 2597
2026-02-02 14:51:23,188 - INFO - Building stim pattern for pattern_name 2560
2026-02-02 14:51:23,197 - INFO - Building stim pattern for pattern_name 3531
2026-02-02 14:51:23,206 - INFO - Building stim pattern for pattern_name 3288
2026-02-02 14:51:23,214 - INFO - Building stim pattern for pattern_name 3119
2026-02-02 14:51:23,223 - INFO - Building stim pattern for pattern_name 776
2026-02-02 14:51:23,232 - INFO - Building stim pattern for pattern_name 3074
2026-02-02 14:51:23,252 - INFO - Building stim pattern for pattern_name 2100
2026-02-02 14:51:23,263 - INFO - Building stim pattern for pattern_name 449
2026-02-02 14:51:23,272 - INFO - Building stim pattern for pattern_name 716
2026-02-02 14:51:23,280 - INFO - Building stim pattern for pattern_name 4034
2026-02-02 14:51:23,290 - INFO - Building stim pattern for pattern_name 3365
2026-02-02 14:51:23,299 - INFO - Building stim pattern for pattern_name 1181
2026-02-02 14:51:23,310 - INFO - Building stim pattern for pattern_name 4030
2026-02-02 14:51:23,320 - INFO - Building stim pattern for pattern_name 4031
2026-02-02 14:51:23,331 - INFO - Building stim pattern for pattern_name 1296
2026-02-02 14:51:23,341 - INFO - Building stim pattern for pattern_name 814
2026-02-02 14:51:23,351 - INFO - Building stim pattern for pattern_name 4005
2026-02-02 14:51:23,360 - INFO - Building stim pattern for pattern_name 3584
2026-02-02 14:51:23,369 - INFO - Building stim pattern for pattern_name 570
2026-02-02 14:51:23,380 - INFO - Building stim pattern for pattern_name 2649
2026-02-02 14:51:23,388 - INFO - Building stim pattern for pattern_name 962
2026-02-02 14:51:23,397 - INFO - Building stim pattern for pattern_name 4
2026-02-02 14:51:23,406 - INFO - Building stim pattern for pattern_name 2240
2026-02-02 14:51:23,415 - INFO - Building stim pattern for pattern_name 2929
2026-02-02 14:51:23,424 - INFO - Building stim pattern for pattern_name 345
2026-02-02 14:51:23,434 - INFO - Building stim pattern for pattern_name 3545
2026-02-02 14:51:23,442 - INFO - Building stim pattern for pattern_name 1590
2026-02-02 14:51:23,452 - INFO - Building stim pattern for pattern_name 3243
2026-02-02 14:51:23,462 - INFO - Building stim pattern for pattern_name 3251
2026-02-02 14:51:23,472 - INFO - Building stim pattern for pattern_name 1261
2026-02-02 14:51:23,482 - INFO - Building stim pattern for pattern_name 3792
2026-02-02 14:51:23,495 - INFO - Building stim pattern for pattern_name 4010
2026-02-02 14:51:23,505 - INFO - Building stim pattern for pattern_name 3475
2026-02-02 14:51:23,514 - INFO - Building stim pattern for pattern_name 1583
2026-02-02 14:51:23,524 - INFO - Building stim pattern for pattern_name 2987
2026-02-02 14:51:23,541 - INFO - Building stim pattern for pattern_name 1373
2026-02-02 14:51:23,551 - INFO - Building stim pattern for pattern_name 670
2026-02-02 14:51:23,560 - INFO - Building stim pattern for pattern_name 2630
2026-02-02 14:51:23,571 - INFO - Building stim pattern for pattern_name 566
2026-02-02 14:51:23,581 - INFO - Building stim pattern for pattern_name 1389
2026-02-02 14:51:23,596 - INFO - Building stim pattern for pattern_name 2721
2026-02-02 14:51:23,605 - INFO - Building stim pattern for pattern_name 2260
2026-02-02 14:51:23,614 - INFO - Building stim pattern for pattern_name 2022
2026-02-02 14:51:23,624 - INFO - Building stim pattern for pattern_name 4039
2026-02-02 14:51:23,634 - INFO - Building stim pattern for pattern_name 1930
2026-02-02 14:51:23,644 - INFO - Building stim pattern for pattern_name 738
2026-02-02 14:51:23,654 - INFO - Building stim pattern for pattern_name 2002
2026-02-02 14:51:23,662 - INFO - Building stim pattern for pattern_name 3454
2026-02-02 14:51:23,672 - INFO - Building stim pattern for pattern_name 408
2026-02-02 14:51:23,681 - INFO - Building stim pattern for pattern_name 4002
2026-02-02 14:51:23,695 - INFO - Building stim pattern for pattern_name 227
2026-02-02 14:51:23,705 - INFO - Building stim pattern for pattern_name 3404
2026-02-02 14:51:23,715 - INFO - Building stim pattern for pattern_name 10
2026-02-02 14:51:23,725 - INFO - Building stim pattern for pattern_name 2714
2026-02-02 14:51:23,735 - INFO - Building stim pattern for pattern_name 4026
2026-02-02 14:51:23,747 - INFO - Building stim pattern for pattern_name 3755
2026-02-02 14:51:23,757 - INFO - Building stim pattern for pattern_name 1052
2026-02-02 14:51:23,777 - INFO - Building stim pattern for pattern_name 258
2026-02-02 14:51:23,789 - INFO - Building stim pattern for pattern_name 576
2026-02-02 14:51:23,800 - INFO - Building stim pattern for pattern_name 1895
2026-02-02 14:51:23,811 - INFO - Building stim pattern for pattern_name 1455
2026-02-02 14:51:23,821 - INFO - Building stim pattern for pattern_name 1439
2026-02-02 14:51:23,831 - INFO - Building stim pattern for pattern_name 2933
2026-02-02 14:51:23,842 - INFO - Building stim pattern for pattern_name 1325
2026-02-02 14:51:23,852 - INFO - Building stim pattern for pattern_name 3610
2026-02-02 14:51:23,862 - INFO - Building stim pattern for pattern_name 3601
2026-02-02 14:51:23,873 - INFO - Building stim pattern for pattern_name 3022
2026-02-02 14:51:23,883 - INFO - Building stim pattern for pattern_name 1312
2026-02-02 14:51:23,893 - INFO - Building stim pattern for pattern_name 1654
2026-02-02 14:51:23,905 - INFO - Building stim pattern for pattern_name 2031
2026-02-02 14:51:23,915 - INFO - Building stim pattern for pattern_name 1564
2026-02-02 14:51:23,932 - INFO - Building stim pattern for pattern_name 3398
2026-02-02 14:51:23,942 - INFO - Building stim pattern for pattern_name 4047
2026-02-02 14:51:23,952 - INFO - Building stim pattern for pattern_name 4036
2026-02-02 14:51:23,961 - INFO - Building stim pattern for pattern_name 727
2026-02-02 14:51:23,971 - INFO - Building stim pattern for pattern_name 263
2026-02-02 14:51:23,981 - INFO - Building stim pattern for pattern_name 2402
2026-02-02 14:51:23,991 - INFO - Building stim pattern for pattern_name 4020
2026-02-02 14:51:24,002 - INFO - Building stim pattern for pattern_name 4049
2026-02-02 14:51:24,012 - INFO - Building stim pattern for pattern_name 4029
2026-02-02 14:51:24,024 - INFO - Building stim pattern for pattern_name 3641
2026-02-02 14:51:24,038 - INFO - Building stim pattern for pattern_name 501
2026-02-02 14:51:24,052 - INFO - Building stim pattern for pattern_name 3574
2026-02-02 14:51:24,062 - INFO - Building stim pattern for pattern_name 2214
2026-02-02 14:51:24,074 - INFO - Building stim pattern for pattern_name 543
2026-02-02 14:51:24,084 - INFO - Building stim pattern for pattern_name 4044
2026-02-02 14:51:24,095 - INFO - Building stim pattern for pattern_name 2058
2026-02-02 14:51:24,106 - INFO - Building stim pattern for pattern_name 4012
2026-02-02 14:51:24,115 - INFO - Building stim pattern for pattern_name 1565
2026-02-02 14:51:24,125 - INFO - Building stim pattern for pattern_name 3892
2026-02-02 14:51:24,135 - INFO - Building stim pattern for pattern_name 2481
2026-02-02 14:51:24,144 - INFO - Building stim pattern for pattern_name 334
2026-02-02 14:51:24,155 - INFO - Building stim pattern for pattern_name 2102
2026-02-02 14:51:24,167 - INFO - Building stim pattern for pattern_name 3316
2026-02-02 14:51:24,183 - INFO - Building stim pattern for pattern_name 4037
2026-02-02 14:51:24,193 - INFO - Building stim pattern for pattern_name 1577
2026-02-02 14:51:24,202 - INFO - Building stim pattern for pattern_name 4045
2026-02-02 14:51:24,213 - INFO - Building stim pattern for pattern_name 394
2026-02-02 14:51:24,222 - INFO - Building stim pattern for pattern_name 1252
2026-02-02 14:51:24,232 - INFO - Building stim pattern for pattern_name 870
2026-02-02 14:51:24,247 - INFO - Building stim pattern for pattern_name 1892
2026-02-02 14:51:24,258 - INFO - Building stim pattern for pattern_name 1727
2026-02-02 14:51:24,269 - INFO - Building stim pattern for pattern_name 175
2026-02-02 14:51:24,285 - INFO - Building stim pattern for pattern_name 285
2026-02-02 14:51:24,295 - INFO - Building stim pattern for pattern_name 560
2026-02-02 14:51:24,305 - INFO - Building stim pattern for pattern_name 2111
2026-02-02 14:51:24,314 - INFO - Building stim pattern for pattern_name 3690
2026-02-02 14:51:24,324 - INFO - Building stim pattern for pattern_name 2901
2026-02-02 14:51:24,334 - INFO - Building stim pattern for pattern_name 77
2026-02-02 14:51:24,345 - INFO - Building stim pattern for pattern_name 3692
2026-02-02 14:51:24,356 - INFO - Building stim pattern for pattern_name 3193
2026-02-02 14:51:24,367 - INFO - Building stim pattern for pattern_name 896
2026-02-02 14:51:24,377 - INFO - Building stim pattern for pattern_name 2138
2026-02-02 14:51:24,386 - INFO - Building stim pattern for pattern_name 1822
2026-02-02 14:51:24,395 - INFO - Building stim pattern for pattern_name 2381
2026-02-02 14:51:24,405 - INFO - Building stim pattern for pattern_name 2717
2026-02-02 14:51:24,415 - INFO - Building stim pattern for pattern_name 4014
2026-02-02 14:51:24,426 - INFO - Building stim pattern for pattern_name 481
2026-02-02 14:51:24,441 - INFO - Building stim pattern for pattern_name 2091
2026-02-02 14:51:24,452 - INFO - Building stim pattern for pattern_name 2664
2026-02-02 14:51:24,464 - INFO - Building stim pattern for pattern_name 3013
2026-02-02 14:51:24,476 - INFO - Building stim pattern for pattern_name 463
2026-02-02 14:51:24,486 - INFO - Building stim pattern for pattern_name 707
2026-02-02 14:51:24,496 - INFO - Building stim pattern for pattern_name 3307
2026-02-02 14:51:24,506 - INFO - Building stim pattern for pattern_name 4015
2026-02-02 14:51:24,527 - INFO - Building stim pattern for pattern_name 3803
2026-02-02 14:51:24,539 - INFO - Building stim pattern for pattern_name 4023
2026-02-02 14:51:24,549 - INFO - Building stim pattern for pattern_name 2383
2026-02-02 14:51:24,557 - INFO - Building stim pattern for pattern_name 3612
2026-02-02 14:51:24,575 - INFO - Building stim pattern for pattern_name 1697
2026-02-02 14:51:24,584 - INFO - Building stim pattern for pattern_name 3728
2026-02-02 14:51:24,594 - INFO - Building stim pattern for pattern_name 4048
2026-02-02 14:51:24,604 - INFO - Building stim pattern for pattern_name 3467
2026-02-02 14:51:24,614 - INFO - Building stim pattern for pattern_name 1574
2026-02-02 14:51:24,624 - INFO - Building stim pattern for pattern_name 862
2026-02-02 14:51:24,633 - INFO - Building stim pattern for pattern_name 3815
2026-02-02 14:51:24,644 - INFO - Building stim pattern for pattern_name 1971
2026-02-02 14:51:24,654 - INFO - Building stim pattern for pattern_name 2552
2026-02-02 14:51:24,665 - INFO - Building stim pattern for pattern_name 1106
2026-02-02 14:51:24,676 - INFO - Building stim pattern for pattern_name 4011
2026-02-02 14:51:24,686 - INFO - Building stim pattern for pattern_name 1169
2026-02-02 14:51:24,695 - INFO - Building stim pattern for pattern_name 2064
2026-02-02 14:51:24,706 - INFO - Building stim pattern for pattern_name 842
2026-02-02 14:51:24,716 - INFO - Building stim pattern for pattern_name 1291
2026-02-02 14:51:24,724 - INFO - Building stim pattern for pattern_name 1010
2026-02-02 14:51:24,733 - INFO - Building stim pattern for pattern_name 2060
2026-02-02 14:51:24,750 - INFO - Building stim pattern for pattern_name 446
2026-02-02 14:51:24,759 - INFO - Building stim pattern for pattern_name 2079
2026-02-02 14:51:24,770 - INFO - Building stim pattern for pattern_name 1757
2026-02-02 14:51:24,780 - INFO - Building stim pattern for pattern_name 2970
2026-02-02 14:51:24,792 - INFO - Building stim pattern for pattern_name 2644
2026-02-02 14:51:24,802 - INFO - Building stim pattern for pattern_name 3990
2026-02-02 14:51:24,812 - INFO - Building stim pattern for pattern_name 3640
2026-02-02 14:51:24,822 - INFO - Building stim pattern for pattern_name 1082
2026-02-02 14:51:24,832 - INFO - Building stim pattern for pattern_name 2042
2026-02-02 14:51:24,841 - INFO - Building stim pattern for pattern_name 95
2026-02-02 14:51:24,851 - INFO - Building stim pattern for pattern_name 2950
2026-02-02 14:51:24,861 - INFO - Building stim pattern for pattern_name 426
2026-02-02 14:51:24,870 - INFO - Building stim pattern for pattern_name 1850
2026-02-02 14:51:24,880 - INFO - Building stim pattern for pattern_name 75
2026-02-02 14:51:24,891 - INFO - Building stim pattern for pattern_name 2924
2026-02-02 14:51:24,906 - INFO - Building stim pattern for pattern_name 2441
2026-02-02 14:51:24,916 - INFO - Building stim pattern for pattern_name 3549
2026-02-02 14:51:24,927 - INFO - Building stim pattern for pattern_name 2675
2026-02-02 14:51:24,943 - INFO - Building stim pattern for pattern_name 2725
2026-02-02 14:51:24,960 - INFO - Building stim pattern for pattern_name 1870
2026-02-02 14:51:24,971 - INFO - Building stim pattern for pattern_name 2451
2026-02-02 14:51:24,983 - INFO - Building stim pattern for pattern_name 3724
2026-02-02 14:51:24,997 - INFO - Building stim pattern for pattern_name 3249
2026-02-02 14:51:25,008 - INFO - Building stim pattern for pattern_name 3699
2026-02-02 14:51:25,021 - INFO - Building stim pattern for pattern_name 3552
2026-02-02 14:51:25,034 - INFO - Building stim pattern for pattern_name 4019
2026-02-02 14:51:25,044 - INFO - Building stim pattern for pattern_name 3991
2026-02-02 14:51:25,059 - INFO - Building stim pattern for pattern_name 947
2026-02-02 14:51:25,069 - INFO - Building stim pattern for pattern_name 3400
2026-02-02 14:51:25,078 - INFO - Building stim pattern for pattern_name 1872
2026-02-02 14:51:25,088 - INFO - Building stim pattern for pattern_name 2998
2026-02-02 14:51:25,100 - INFO - Building stim pattern for pattern_name 279
2026-02-02 14:51:25,109 - INFO - Building stim pattern for pattern_name 2713
2026-02-02 14:51:25,119 - INFO - Building stim pattern for pattern_name 3671
2026-02-02 14:51:25,128 - INFO - Building stim pattern for pattern_name 2049
2026-02-02 14:51:25,143 - INFO - Building stim pattern for pattern_name 3492
2026-02-02 14:51:25,154 - INFO - Building stim pattern for pattern_name 3191
2026-02-02 14:51:25,164 - INFO - Building stim pattern for pattern_name 1320
2026-02-02 14:51:25,180 - INFO - Building stim pattern for pattern_name 1107
2026-02-02 14:51:25,196 - INFO - Building stim pattern for pattern_name 1467
2026-02-02 14:51:25,207 - INFO - Building stim pattern for pattern_name 242
2026-02-02 14:51:25,222 - INFO - Building stim pattern for pattern_name 159
2026-02-02 14:51:25,232 - INFO - Building stim pattern for pattern_name 3747
2026-02-02 14:51:25,245 - INFO - Building stim pattern for pattern_name 951
2026-02-02 14:51:25,256 - INFO - Building stim pattern for pattern_name 4050
2026-02-02 14:51:25,266 - INFO - Building stim pattern for pattern_name 2008
2026-02-02 14:51:25,276 - INFO - Building stim pattern for pattern_name 956
2026-02-02 14:51:25,285 - INFO - Building stim pattern for pattern_name 3761
2026-02-02 14:51:25,294 - INFO - Building stim pattern for pattern_name 1473
2026-02-02 14:51:25,304 - INFO - Building stim pattern for pattern_name 2087
2026-02-02 14:51:25,315 - INFO - Building stim pattern for pattern_name 1154
2026-02-02 14:51:25,326 - INFO - Building stim pattern for pattern_name 2730
2026-02-02 14:51:25,335 - INFO - Building stim pattern for pattern_name 2718
2026-02-02 14:51:25,344 - INFO - Building stim pattern for pattern_name 218
2026-02-02 14:51:25,353 - INFO - Building stim pattern for pattern_name 4018
2026-02-02 14:51:25,362 - INFO - Building stim pattern for pattern_name 2301
2026-02-02 14:51:25,372 - INFO - Building stim pattern for pattern_name 3763
2026-02-02 14:51:25,382 - INFO - Building stim pattern for pattern_name 1623
2026-02-02 14:51:25,397 - INFO - Building stim pattern for pattern_name 3285
2026-02-02 14:51:25,406 - INFO - Building stim pattern for pattern_name 953
2026-02-02 14:51:25,417 - INFO - Building stim pattern for pattern_name 1075
2026-02-02 14:51:25,428 - INFO - Building stim pattern for pattern_name 143
2026-02-02 14:51:25,438 - INFO - Building stim pattern for pattern_name 250
2026-02-02 14:51:25,449 - INFO - Building stim pattern for pattern_name 1644
2026-02-02 14:51:25,465 - INFO - Building stim pattern for pattern_name 2740
2026-02-02 14:51:25,475 - INFO - Building stim pattern for pattern_name 1048
2026-02-02 14:51:25,486 - INFO - Building stim pattern for pattern_name 3084
2026-02-02 14:51:25,503 - INFO - Building stim pattern for pattern_name 3717
2026-02-02 14:51:25,514 - INFO - Building stim pattern for pattern_name 2184
2026-02-02 14:51:25,524 - INFO - Building stim pattern for pattern_name 128
2026-02-02 14:51:25,532 - INFO - Building stim pattern for pattern_name 965
2026-02-02 14:51:25,543 - INFO - Building stim pattern for pattern_name 3493
2026-02-02 14:51:25,555 - INFO - Building stim pattern for pattern_name 1234
2026-02-02 14:51:25,566 - INFO - Building stim pattern for pattern_name 3247
2026-02-02 14:51:25,583 - INFO - Building stim pattern for pattern_name 4001
2026-02-02 14:51:25,593 - INFO - Building stim pattern for pattern_name 2430
2026-02-02 14:51:25,602 - INFO - Building stim pattern for pattern_name 3266
2026-02-02 14:51:25,612 - INFO - Building stim pattern for pattern_name 1227
2026-02-02 14:51:25,623 - INFO - Building stim pattern for pattern_name 2495
2026-02-02 14:51:25,632 - INFO - Building stim pattern for pattern_name 3507
2026-02-02 14:51:25,643 - INFO - Building stim pattern for pattern_name 181
2026-02-02 14:51:25,658 - INFO - Building stim pattern for pattern_name 1036
2026-02-02 14:51:25,669 - INFO - Building stim pattern for pattern_name 922
2026-02-02 14:51:25,688 - INFO - Building stim pattern for pattern_name 3226
2026-02-02 14:51:25,697 - INFO - Building stim pattern for pattern_name 100
2026-02-02 14:51:25,706 - INFO - Building stim pattern for pattern_name 1211
2026-02-02 14:51:25,715 - INFO - Building stim pattern for pattern_name 440
2026-02-02 14:51:25,725 - INFO - Building stim pattern for pattern_name 2073
2026-02-02 14:51:25,736 - INFO - Building stim pattern for pattern_name 4032
2026-02-02 14:51:25,745 - INFO - Building stim pattern for pattern_name 3500
2026-02-02 14:51:25,756 - INFO - Building stim pattern for pattern_name 3644
2026-02-02 14:51:25,767 - INFO - Building stim pattern for pattern_name 3916
2026-02-02 14:51:25,776 - INFO - Building stim pattern for pattern_name 1394
2026-02-02 14:51:25,786 - INFO - Building stim pattern for pattern_name 483
2026-02-02 14:51:25,795 - INFO - Building stim pattern for pattern_name 4021
2026-02-02 14:51:25,803 - INFO - Building stim pattern for pattern_name 3
2026-02-02 14:51:25,815 - INFO - Building stim pattern for pattern_name 213
2026-02-02 14:51:25,825 - INFO - Building stim pattern for pattern_name 251
2026-02-02 14:51:25,834 - INFO - Building stim pattern for pattern_name 1120
2026-02-02 14:51:25,844 - INFO - Building stim pattern for pattern_name 1975
2026-02-02 14:51:25,854 - INFO - Building stim pattern for pattern_name 1508
2026-02-02 14:51:25,864 - INFO - Building stim pattern for pattern_name 4046
2026-02-02 14:51:25,874 - INFO - Building stim pattern for pattern_name 3344
2026-02-02 14:51:25,883 - INFO - Building stim pattern for pattern_name 750
2026-02-02 14:51:25,893 - INFO - Building stim pattern for pattern_name 3446
2026-02-02 14:51:25,902 - INFO - Building stim pattern for pattern_name 4006
2026-02-02 14:51:25,910 - INFO - Building stim pattern for pattern_name 2695
2026-02-02 14:51:25,920 - INFO - Building stim pattern for pattern_name 3354
2026-02-02 14:51:25,929 - INFO - Building stim pattern for pattern_name 1520
2026-02-02 14:51:25,939 - INFO - Building stim pattern for pattern_name 1826
2026-02-02 14:51:25,948 - INFO - Building stim pattern for pattern_name 2940
2026-02-02 14:51:25,957 - INFO - Building stim pattern for pattern_name 2122
2026-02-02 14:51:25,967 - INFO - Building stim pattern for pattern_name 881
2026-02-02 14:51:25,976 - INFO - Building stim pattern for pattern_name 3672
2026-02-02 14:51:25,985 - INFO - Building stim pattern for pattern_name 992
2026-02-02 14:51:25,997 - INFO - Building stim pattern for pattern_name 2321
2026-02-02 14:51:26,007 - INFO - Building stim pattern for pattern_name 2616
2026-02-02 14:51:26,018 - INFO - Building stim pattern for pattern_name 262
2026-02-02 14:51:26,027 - INFO - Building stim pattern for pattern_name 1469
2026-02-02 14:51:26,038 - INFO - Building stim pattern for pattern_name 2457
2026-02-02 14:51:26,053 - INFO - Building stim pattern for pattern_name 4013
2026-02-02 14:51:26,063 - INFO - Building stim pattern for pattern_name 2163
2026-02-02 14:51:26,074 - INFO - Building stim pattern for pattern_name 1813
2026-02-02 14:51:26,087 - INFO - Building stim pattern for pattern_name 1774
2026-02-02 14:51:26,138 - INFO - Building stim pattern for pattern_name 1958
2026-02-02 14:51:26,189 - INFO - Building stim pattern for pattern_name 1381
2026-02-02 14:51:26,216 - INFO - Building stim pattern for pattern_name 686
2026-02-02 14:51:26,227 - INFO - Building stim pattern for pattern_name 1858
2026-02-02 14:51:26,237 - INFO - Building stim pattern for pattern_name 3453
2026-02-02 14:51:26,248 - INFO - Building stim pattern for pattern_name 3733
2026-02-02 14:51:26,260 - INFO - Building stim pattern for pattern_name 556
2026-02-02 14:51:26,270 - INFO - Building stim pattern for pattern_name 1994
2026-02-02 14:51:26,281 - INFO - Building stim pattern for pattern_name 2524
2026-02-02 14:51:26,297 - INFO - Building stim pattern for pattern_name 557
2026-02-02 14:51:26,309 - INFO - Building stim pattern for pattern_name 1558
2026-02-02 14:51:26,325 - INFO - Building stim pattern for pattern_name 60
2026-02-02 14:51:26,336 - INFO - Building stim pattern for pattern_name 2622
2026-02-02 14:51:26,346 - INFO - Building stim pattern for pattern_name 1390
2026-02-02 14:51:26,356 - INFO - Building stim pattern for pattern_name 1571
2026-02-02 14:51:26,365 - INFO - Building stim pattern for pattern_name 3504
2026-02-02 14:51:26,377 - INFO - Building stim pattern for pattern_name 495
2026-02-02 14:51:26,387 - INFO - Building stim pattern for pattern_name 2783
2026-02-02 14:51:26,398 - INFO - Building stim pattern for pattern_name 3214
2026-02-02 14:51:26,411 - INFO - Building stim pattern for pattern_name 952
2026-02-02 14:51:26,422 - INFO - Building stim pattern for pattern_name 3294
2026-02-02 14:51:26,433 - INFO - Building stim pattern for pattern_name 660
2026-02-02 14:51:26,445 - INFO - Building stim pattern for pattern_name 946
2026-02-02 14:51:26,455 - INFO - Building stim pattern for pattern_name 2420
2026-02-02 14:51:26,464 - INFO - Building stim pattern for pattern_name 4027
2026-02-02 14:51:26,474 - INFO - Building stim pattern for pattern_name 1995
2026-02-02 14:51:26,489 - INFO - Building stim pattern for pattern_name 1279
2026-02-02 14:51:26,499 - INFO - Building stim pattern for pattern_name 2700
2026-02-02 14:51:26,509 - INFO - Building stim pattern for pattern_name 1475
2026-02-02 14:51:26,519 - INFO - Building stim pattern for pattern_name 869
2026-02-02 14:51:26,528 - INFO - Building stim pattern for pattern_name 2167
2026-02-02 14:51:26,547 - INFO - Building stim pattern for pattern_name 577
2026-02-02 14:51:26,557 - INFO - Building stim pattern for pattern_name 4016
2026-02-02 14:51:26,567 - INFO - Building stim pattern for pattern_name 2799
2026-02-02 14:51:26,576 - INFO - Building stim pattern for pattern_name 3782
2026-02-02 14:51:26,587 - INFO - Building stim pattern for pattern_name 1906
2026-02-02 14:51:26,597 - INFO - Building stim pattern for pattern_name 865
2026-02-02 14:51:26,606 - INFO - Building stim pattern for pattern_name 1899
2026-02-02 14:51:26,614 - INFO - Building stim pattern for pattern_name 350
2026-02-02 14:51:26,624 - INFO - Building stim pattern for pattern_name 3349
2026-02-02 14:51:26,638 - INFO - Building stim pattern for pattern_name 3253
2026-02-02 14:51:26,648 - INFO - Building stim pattern for pattern_name 3470
2026-02-02 14:51:26,657 - INFO - Building stim pattern for pattern_name 3292
2026-02-02 14:51:26,666 - INFO - Building stim pattern for pattern_name 3817
2026-02-02 14:51:26,677 - INFO - Building stim pattern for pattern_name 192
2026-02-02 14:51:26,688 - INFO - Building stim pattern for pattern_name 900
2026-02-02 14:51:26,698 - INFO - Building stim pattern for pattern_name 294
2026-02-02 14:51:26,708 - INFO - Building stim pattern for pattern_name 161
2026-02-02 14:51:26,727 - INFO - Building stim pattern for pattern_name 2539
2026-02-02 14:51:26,736 - INFO - Building stim pattern for pattern_name 1854
2026-02-02 14:51:26,744 - INFO - Building stim pattern for pattern_name 3469
2026-02-02 14:51:26,754 - INFO - Building stim pattern for pattern_name 2053
2026-02-02 14:51:26,763 - INFO - Building stim pattern for pattern_name 3100
2026-02-02 14:51:26,782 - INFO - Building stim pattern for pattern_name 967
2026-02-02 14:51:26,791 - INFO - Building stim pattern for pattern_name 3840
2026-02-02 14:51:26,802 - INFO - Building stim pattern for pattern_name 2020
2026-02-02 14:51:26,812 - INFO - Building stim pattern for pattern_name 3423
2026-02-02 14:51:26,821 - INFO - Building stim pattern for pattern_name 141
2026-02-02 14:51:26,831 - INFO - Building stim pattern for pattern_name 3861
2026-02-02 14:51:26,841 - INFO - Building stim pattern for pattern_name 584
2026-02-02 14:51:26,850 - INFO - Building stim pattern for pattern_name 969
2026-02-02 14:51:26,862 - INFO - Building stim pattern for pattern_name 3582
2026-02-02 14:51:26,871 - INFO - Building stim pattern for pattern_name 3050
2026-02-02 14:51:26,881 - INFO - Building stim pattern for pattern_name 439
2026-02-02 14:51:26,891 - INFO - Building stim pattern for pattern_name 3742
2026-02-02 14:51:26,902 - INFO - Building stim pattern for pattern_name 3036
2026-02-02 14:51:26,916 - INFO - Building stim pattern for pattern_name 2346
2026-02-02 14:51:26,931 - INFO - Building stim pattern for pattern_name 3713
2026-02-02 14:51:26,947 - INFO - Building stim pattern for pattern_name 2185
2026-02-02 14:51:26,957 - INFO - Building stim pattern for pattern_name 3794
2026-02-02 14:51:26,967 - INFO - Building stim pattern for pattern_name 1458
2026-02-02 14:51:26,977 - INFO - Building stim pattern for pattern_name 3301
2026-02-02 14:51:26,987 - INFO - Building stim pattern for pattern_name 1421
2026-02-02 14:51:26,996 - INFO - Building stim pattern for pattern_name 2047
2026-02-02 14:51:27,005 - INFO - Building stim pattern for pattern_name 1666
2026-02-02 14:51:27,014 - INFO - Building stim pattern for pattern_name 852
2026-02-02 14:51:27,026 - INFO - Building stim pattern for pattern_name 461
2026-02-02 14:51:27,035 - INFO - Building stim pattern for pattern_name 2964
2026-02-02 14:51:27,044 - INFO - Building stim pattern for pattern_name 3723
2026-02-02 14:51:27,056 - INFO - Building stim pattern for pattern_name 2045
2026-02-02 14:51:27,066 - INFO - Building stim pattern for pattern_name 3663
2026-02-02 14:51:27,077 - INFO - Building stim pattern for pattern_name 1694
2026-02-02 14:51:27,092 - INFO - Building stim pattern for pattern_name 3772
2026-02-02 14:51:27,103 - INFO - Building stim pattern for pattern_name 593
2026-02-02 14:51:27,114 - INFO - Building stim pattern for pattern_name 2256
2026-02-02 14:51:27,123 - INFO - Building stim pattern for pattern_name 2750
2026-02-02 14:51:27,142 - INFO - Building stim pattern for pattern_name 3007
2026-02-02 14:51:27,151 - INFO - Building stim pattern for pattern_name 1875
2026-02-02 14:51:27,161 - INFO - Building stim pattern for pattern_name 2231
2026-02-02 14:51:27,170 - INFO - Building stim pattern for pattern_name 310
2026-02-02 14:51:27,179 - INFO - Building stim pattern for pattern_name 1939
2026-02-02 14:51:27,188 - INFO - Building stim pattern for pattern_name 1037
2026-02-02 14:51:27,198 - INFO - Building stim pattern for pattern_name 3302
2026-02-02 14:51:27,209 - INFO - Building stim pattern for pattern_name 3597
2026-02-02 14:51:27,218 - INFO - Building stim pattern for pattern_name 2225
2026-02-02 14:51:27,233 - INFO - Building stim pattern for pattern_name 4043
2026-02-02 14:51:27,242 - INFO - Building stim pattern for pattern_name 3413
2026-02-02 14:51:27,260 - INFO - Building stim pattern for pattern_name 2592
2026-02-02 14:51:27,268 - INFO - Building stim pattern for pattern_name 3888
2026-02-02 14:51:27,277 - INFO - Building stim pattern for pattern_name 3853
2026-02-02 14:51:27,290 - INFO - Building stim pattern for pattern_name 2804
2026-02-02 14:51:27,300 - INFO - Building stim pattern for pattern_name 1599
2026-02-02 14:51:27,311 - INFO - Building stim pattern for pattern_name 2263
2026-02-02 14:51:27,323 - INFO - Building stim pattern for pattern_name 1979
2026-02-02 14:51:27,336 - INFO - Building stim pattern for pattern_name 2093
2026-02-02 14:51:27,346 - INFO - Building stim pattern for pattern_name 3460
2026-02-02 14:51:27,362 - INFO - Building stim pattern for pattern_name 3778
2026-02-02 14:51:27,374 - INFO - Building stim pattern for pattern_name 123
2026-02-02 14:51:27,386 - INFO - Building stim pattern for pattern_name 1685
2026-02-02 14:51:27,396 - INFO - Building stim pattern for pattern_name 3231
2026-02-02 14:51:27,407 - INFO - Building stim pattern for pattern_name 3317
2026-02-02 14:51:27,415 - INFO - Building stim pattern for pattern_name 950
2026-02-02 14:51:27,423 - INFO - Building stim pattern for pattern_name 1737
2026-02-02 14:51:27,432 - INFO - Building stim pattern for pattern_name 4041
2026-02-02 14:51:27,441 - INFO - Building stim pattern for pattern_name 796
2026-02-02 14:51:27,455 - INFO - Building stim pattern for pattern_name 768
2026-02-02 14:51:27,466 - INFO - Building stim pattern for pattern_name 2821
2026-02-02 14:51:27,477 - INFO - Building stim pattern for pattern_name 465
2026-02-02 14:51:27,486 - INFO - Building stim pattern for pattern_name 2922
2026-02-02 14:51:27,496 - INFO - Building stim pattern for pattern_name 32
2026-02-02 14:51:27,505 - INFO - Building stim pattern for pattern_name 3359
2026-02-02 14:51:27,515 - INFO - Building stim pattern for pattern_name 3658
2026-02-02 14:51:27,524 - INFO - Building stim pattern for pattern_name 2143
2026-02-02 14:51:27,534 - INFO - Building stim pattern for pattern_name 3267
2026-02-02 14:51:27,544 - INFO - Building stim pattern for pattern_name 1533
2026-02-02 14:51:27,553 - INFO - Building stim pattern for pattern_name 544
2026-02-02 14:51:27,563 - INFO - Building stim pattern for pattern_name 3686
2026-02-02 14:51:27,572 - INFO - Building stim pattern for pattern_name 3557
2026-02-02 14:51:27,581 - INFO - Building stim pattern for pattern_name 2328
2026-02-02 14:51:27,595 - INFO - Building stim pattern for pattern_name 2626
2026-02-02 14:51:27,605 - INFO - Building stim pattern for pattern_name 2425
2026-02-02 14:51:27,622 - INFO - Building stim pattern for pattern_name 3622
2026-02-02 14:51:27,632 - INFO - Building stim pattern for pattern_name 1977
2026-02-02 14:51:27,642 - INFO - Building stim pattern for pattern_name 3830
2026-02-02 14:51:27,652 - INFO - Building stim pattern for pattern_name 392
2026-02-02 14:51:27,662 - INFO - Building stim pattern for pattern_name 4008
2026-02-02 14:51:27,671 - INFO - Building stim pattern for pattern_name 790
2026-02-02 14:51:27,688 - INFO - Building stim pattern for pattern_name 1985
2026-02-02 14:51:27,697 - INFO - Building stim pattern for pattern_name 2311
2026-02-02 14:51:27,712 - INFO - Building stim pattern for pattern_name 2427
2026-02-02 14:51:27,722 - INFO - Building stim pattern for pattern_name 3419
2026-02-02 14:51:27,731 - INFO - Building stim pattern for pattern_name 3412
2026-02-02 14:51:27,740 - INFO - Building stim pattern for pattern_name 1897
2026-02-02 14:51:27,749 - INFO - Building stim pattern for pattern_name 910
2026-02-02 14:51:27,758 - INFO - Building stim pattern for pattern_name 702
2026-02-02 14:51:27,768 - INFO - Building stim pattern for pattern_name 551
2026-02-02 14:51:27,779 - INFO - Building stim pattern for pattern_name 3025
2026-02-02 14:51:27,795 - INFO - Building stim pattern for pattern_name 1867
2026-02-02 14:51:27,805 - INFO - Building stim pattern for pattern_name 2745
2026-02-02 14:51:27,816 - INFO - Building stim pattern for pattern_name 1839
2026-02-02 14:51:27,826 - INFO - Building stim pattern for pattern_name 3263
2026-02-02 14:51:27,836 - INFO - Building stim pattern for pattern_name 1099
2026-02-02 14:51:27,845 - INFO - Building stim pattern for pattern_name 2802
2026-02-02 14:51:27,854 - INFO - Building stim pattern for pattern_name 4007
2026-02-02 14:51:27,864 - INFO - Building stim pattern for pattern_name 1947
2026-02-02 14:51:27,874 - INFO - Building stim pattern for pattern_name 2747
2026-02-02 14:51:27,891 - INFO - Building stim pattern for pattern_name 148
2026-02-02 14:51:27,903 - INFO - Building stim pattern for pattern_name 106
2026-02-02 14:51:27,918 - INFO - Building stim pattern for pattern_name 3953
2026-02-02 14:51:27,928 - INFO - Building stim pattern for pattern_name 1562
2026-02-02 14:51:27,946 - INFO - Building stim pattern for pattern_name 4042
2026-02-02 14:51:27,969 - INFO - Building stim pattern for pattern_name 963
2026-02-02 14:51:27,981 - INFO - Building stim pattern for pattern_name 174
2026-02-02 14:51:27,992 - INFO - Building stim pattern for pattern_name 1116
2026-02-02 14:51:28,003 - INFO - Building stim pattern for pattern_name 253
2026-02-02 14:51:28,013 - INFO - Building stim pattern for pattern_name 3767
2026-02-02 14:51:28,023 - INFO - Building stim pattern for pattern_name 302
2026-02-02 14:51:28,033 - INFO - Building stim pattern for pattern_name 2480
2026-02-02 14:51:28,043 - INFO - Building stim pattern for pattern_name 2069
2026-02-02 14:51:28,053 - INFO - Building stim pattern for pattern_name 1419
2026-02-02 14:51:28,062 - INFO - Building stim pattern for pattern_name 2520
2026-02-02 14:51:28,073 - INFO - Building stim pattern for pattern_name 2254
2026-02-02 14:51:28,082 - INFO - Building stim pattern for pattern_name 2152
2026-02-02 14:51:28,092 - INFO - Building stim pattern for pattern_name 1153
2026-02-02 14:51:28,102 - INFO - Building stim pattern for pattern_name 2331
2026-02-02 14:51:28,117 - INFO - Building stim pattern for pattern_name 1428
2026-02-02 14:51:28,127 - INFO - Building stim pattern for pattern_name 2424
2026-02-02 14:51:28,137 - INFO - Building stim pattern for pattern_name 2526
2026-02-02 14:51:28,151 - INFO - Building stim pattern for pattern_name 3031
2026-02-02 14:51:28,161 - INFO - Building stim pattern for pattern_name 1940
2026-02-02 14:51:28,173 - INFO - Building stim pattern for pattern_name 994
2026-02-02 14:51:28,183 - INFO - Building stim pattern for pattern_name 1753
2026-02-02 14:51:28,192 - INFO - Building stim pattern for pattern_name 3823
2026-02-02 14:51:28,202 - INFO - Building stim pattern for pattern_name 929
2026-02-02 14:51:28,211 - INFO - Building stim pattern for pattern_name 2096
2026-02-02 14:51:28,221 - INFO - Building stim pattern for pattern_name 73
2026-02-02 14:51:28,231 - INFO - Building stim pattern for pattern_name 3865
2026-02-02 14:51:28,244 - INFO - Building stim pattern for pattern_name 4009
2026-02-02 14:51:28,255 - INFO - Building stim pattern for pattern_name 402
2026-02-02 14:51:28,276 - INFO - Building stim pattern for pattern_name 2232
2026-02-02 14:51:28,290 - INFO - Building stim pattern for pattern_name 2353
2026-02-02 14:51:28,303 - INFO - Building stim pattern for pattern_name 1453
2026-02-02 14:51:28,313 - INFO - Building stim pattern for pattern_name 2913
2026-02-02 14:51:28,331 - INFO - Building stim pattern for pattern_name 2355
2026-02-02 14:51:28,343 - INFO - Building stim pattern for pattern_name 190
2026-02-02 14:51:28,359 - INFO - Building stim pattern for pattern_name 1034
2026-02-02 14:51:28,369 - INFO - Building stim pattern for pattern_name 2822
2026-02-02 14:51:28,389 - INFO - Building stim pattern for pattern_name 2968
2026-02-02 14:51:28,399 - INFO - Building stim pattern for pattern_name 2506
2026-02-02 14:51:28,417 - INFO - Building stim pattern for pattern_name 648
2026-02-02 14:51:28,427 - INFO - Building stim pattern for pattern_name 3202
2026-02-02 14:51:28,437 - INFO - Building stim pattern for pattern_name 2669
2026-02-02 14:51:28,456 - INFO - Building stim pattern for pattern_name 1953
2026-02-02 14:51:28,469 - INFO - Building stim pattern for pattern_name 2070
2026-02-02 14:51:28,481 - INFO - Building stim pattern for pattern_name 1716
2026-02-02 14:51:28,491 - INFO - Building stim pattern for pattern_name 1266
2026-02-02 14:51:28,500 - INFO - Building stim pattern for pattern_name 1335
2026-02-02 14:51:28,510 - INFO - Building stim pattern for pattern_name 2146
2026-02-02 14:51:28,525 - INFO - Building stim pattern for pattern_name 1330
2026-02-02 14:51:28,536 - INFO - Building stim pattern for pattern_name 3730
2026-02-02 14:51:28,551 - INFO - Building stim pattern for pattern_name 563
2026-02-02 14:51:28,562 - INFO - Building stim pattern for pattern_name 3954
2026-02-02 14:51:28,571 - INFO - Building stim pattern for pattern_name 2651
2026-02-02 14:51:28,583 - INFO - Building stim pattern for pattern_name 1859
2026-02-02 14:51:28,596 - INFO - Building stim pattern for pattern_name 3210
2026-02-02 14:51:28,608 - INFO - Building stim pattern for pattern_name 2648
2026-02-02 14:51:28,621 - INFO - Building stim pattern for pattern_name 2033
2026-02-02 14:51:28,630 - INFO - Building stim pattern for pattern_name 3337
2026-02-02 14:51:28,641 - INFO - Building stim pattern for pattern_name 1831
2026-02-02 14:51:28,651 - INFO - Building stim pattern for pattern_name 715
2026-02-02 14:51:28,661 - INFO - Building stim pattern for pattern_name 431
2026-02-02 14:51:28,671 - INFO - Building stim pattern for pattern_name 3816
2026-02-02 14:51:28,681 - INFO - Building stim pattern for pattern_name 2989
2026-02-02 14:51:28,692 - INFO - Building stim pattern for pattern_name 573
2026-02-02 14:51:28,701 - INFO - Building stim pattern for pattern_name 2643
2026-02-02 14:51:28,711 - INFO - Building stim pattern for pattern_name 3599
2026-02-02 14:51:28,722 - INFO - Building stim pattern for pattern_name 1040
2026-02-02 14:51:28,732 - INFO - Building stim pattern for pattern_name 655
2026-02-02 14:51:28,743 - INFO - Building stim pattern for pattern_name 775
2026-02-02 14:51:28,754 - INFO - Building stim pattern for pattern_name 3986
2026-02-02 14:51:28,770 - INFO - Building stim pattern for pattern_name 11
2026-02-02 14:51:28,792 - INFO - Building stim pattern for pattern_name 3878
2026-02-02 14:51:28,810 - INFO - Building stim pattern for pattern_name 1652
2026-02-02 14:51:28,826 - INFO - Building stim pattern for pattern_name 374
2026-02-02 14:51:28,836 - INFO - Building stim pattern for pattern_name 3635
2026-02-02 14:51:28,855 - INFO - Building stim pattern for pattern_name 189
2026-02-02 14:51:28,867 - INFO - Building stim pattern for pattern_name 3295
2026-02-02 14:51:28,877 - INFO - Building stim pattern for pattern_name 271
2026-02-02 14:51:28,888 - INFO - Building stim pattern for pattern_name 1710
2026-02-02 14:51:28,911 - INFO - Building stim pattern for pattern_name 697
2026-02-02 14:51:28,923 - INFO - Building stim pattern for pattern_name 115
2026-02-02 14:51:28,936 - INFO - Building stim pattern for pattern_name 490
2026-02-02 14:51:28,946 - INFO - Building stim pattern for pattern_name 473
2026-02-02 14:51:28,956 - INFO - Building stim pattern for pattern_name 837
2026-02-02 14:51:28,968 - INFO - Building stim pattern for pattern_name 152
2026-02-02 14:51:28,989 - INFO - Building stim pattern for pattern_name 2813
2026-02-02 14:51:28,998 - INFO - Building stim pattern for pattern_name 1212
2026-02-02 14:51:29,010 - INFO - Building stim pattern for pattern_name 1879
2026-02-02 14:51:29,025 - INFO - Building stim pattern for pattern_name 442
2026-02-02 14:51:29,048 - INFO - Building stim pattern for pattern_name 1175
2026-02-02 14:51:29,058 - INFO - Building stim pattern for pattern_name 3581
2026-02-02 14:51:29,070 - INFO - Building stim pattern for pattern_name 3360
2026-02-02 14:51:29,099 - INFO - Building stim pattern for pattern_name 4024
2026-02-02 14:51:29,116 - INFO - Building stim pattern for pattern_name 1396
2026-02-02 14:51:29,131 - INFO - Building stim pattern for pattern_name 3562
2026-02-02 14:51:29,141 - INFO - Building stim pattern for pattern_name 2982
2026-02-02 14:51:29,156 - INFO - Building stim pattern for pattern_name 2812
2026-02-02 14:51:29,167 - INFO - Building stim pattern for pattern_name 2866
2026-02-02 14:51:29,182 - INFO - Building stim pattern for pattern_name 2893
2026-02-02 14:51:29,197 - INFO - Building stim pattern for pattern_name 307
2026-02-02 14:51:29,207 - INFO - Building stim pattern for pattern_name 1961
2026-02-02 14:51:29,217 - INFO - Building stim pattern for pattern_name 3576
2026-02-02 14:51:29,237 - INFO - Building stim pattern for pattern_name 3465
2026-02-02 14:51:29,255 - INFO - Building stim pattern for pattern_name 1962
2026-02-02 14:51:29,267 - INFO - Building stim pattern for pattern_name 2607
2026-02-02 14:51:29,279 - INFO - Building stim pattern for pattern_name 3184
2026-02-02 14:51:29,289 - INFO - Building stim pattern for pattern_name 1142
2026-02-02 14:51:29,300 - INFO - Building stim pattern for pattern_name 1619
2026-02-02 14:51:29,318 - INFO - Building stim pattern for pattern_name 2605
2026-02-02 14:51:29,329 - INFO - Building stim pattern for pattern_name 647
2026-02-02 14:51:29,340 - INFO - Building stim pattern for pattern_name 162
2026-02-02 14:51:29,355 - INFO - Building stim pattern for pattern_name 1972
2026-02-02 14:51:29,366 - INFO - Building stim pattern for pattern_name 2844
2026-02-02 14:51:29,391 - INFO - Building stim pattern for pattern_name 2671
2026-02-02 14:51:29,404 - INFO - Building stim pattern for pattern_name 1423
2026-02-02 14:51:29,418 - INFO - Building stim pattern for pattern_name 13
2026-02-02 14:51:29,433 - INFO - Building stim pattern for pattern_name 2945
2026-02-02 14:51:29,446 - INFO - Building stim pattern for pattern_name 2296
2026-02-02 14:51:29,456 - INFO - Building stim pattern for pattern_name 2645
2026-02-02 14:51:29,468 - INFO - Building stim pattern for pattern_name 2201
2026-02-02 14:51:29,480 - INFO - Building stim pattern for pattern_name 2423
2026-02-02 14:51:29,491 - INFO - Building stim pattern for pattern_name 2939
2026-02-02 14:51:29,502 - INFO - Building stim pattern for pattern_name 3693
2026-02-02 14:51:29,514 - INFO - Building stim pattern for pattern_name 1233
2026-02-02 14:51:29,526 - INFO - Building stim pattern for pattern_name 2114
2026-02-02 14:51:29,537 - INFO - Building stim pattern for pattern_name 1604
2026-02-02 14:51:29,547 - INFO - Building stim pattern for pattern_name 3617
2026-02-02 14:51:29,557 - INFO - Building stim pattern for pattern_name 437
2026-02-02 14:51:29,567 - INFO - Building stim pattern for pattern_name 3869
2026-02-02 14:51:29,576 - INFO - Building stim pattern for pattern_name 1387
2026-02-02 14:51:29,588 - INFO - Building stim pattern for pattern_name 3882
2026-02-02 14:51:29,597 - INFO - Building stim pattern for pattern_name 642
2026-02-02 14:51:29,606 - INFO - Building stim pattern for pattern_name 1083
2026-02-02 14:51:29,616 - INFO - Building stim pattern for pattern_name 1796
2026-02-02 14:51:29,627 - INFO - Building stim pattern for pattern_name 3568
2026-02-02 14:51:29,637 - INFO - Building stim pattern for pattern_name 1678
2026-02-02 14:51:29,648 - INFO - Building stim pattern for pattern_name 730
2026-02-02 14:51:29,663 - INFO - Building stim pattern for pattern_name 3315
2026-02-02 14:51:29,672 - INFO - Building stim pattern for pattern_name 3668
2026-02-02 14:51:29,683 - INFO - Building stim pattern for pattern_name 757
2026-02-02 14:51:29,698 - INFO - Building stim pattern for pattern_name 278
2026-02-02 14:51:29,708 - INFO - Building stim pattern for pattern_name 1998
2026-02-02 14:51:29,724 - INFO - Building stim pattern for pattern_name 2344
2026-02-02 14:51:29,739 - INFO - Building stim pattern for pattern_name 3305
2026-02-02 14:51:29,750 - INFO - Building stim pattern for pattern_name 2378
2026-02-02 14:51:29,761 - INFO - Building stim pattern for pattern_name 3067
2026-02-02 14:51:29,774 - INFO - Building stim pattern for pattern_name 1625
2026-02-02 14:51:29,785 - INFO - Building stim pattern for pattern_name 2872
2026-02-02 14:51:29,802 - INFO - Building stim pattern for pattern_name 3731
2026-02-02 14:51:29,813 - INFO - Building stim pattern for pattern_name 638
2026-02-02 14:51:29,823 - INFO - Building stim pattern for pattern_name 2016
2026-02-02 14:51:29,837 - INFO - Building stim pattern for pattern_name 1363
2026-02-02 14:51:29,852 - INFO - Building stim pattern for pattern_name 1397
2026-02-02 14:51:29,869 - INFO - Building stim pattern for pattern_name 1761
2026-02-02 14:51:29,880 - INFO - Building stim pattern for pattern_name 2290
2026-02-02 14:51:29,890 - INFO - Building stim pattern for pattern_name 3590
2026-02-02 14:51:29,902 - INFO - Building stim pattern for pattern_name 2247
2026-02-02 14:51:29,915 - INFO - Building stim pattern for pattern_name 699
2026-02-02 14:51:29,926 - INFO - Building stim pattern for pattern_name 1915
2026-02-02 14:51:29,934 - INFO - Building stim pattern for pattern_name 1289
2026-02-02 14:51:29,945 - INFO - Building stim pattern for pattern_name 1691
2026-02-02 14:51:29,955 - INFO - Building stim pattern for pattern_name 990
2026-02-02 14:51:29,965 - INFO - Building stim pattern for pattern_name 3077
2026-02-02 14:51:29,980 - INFO - Building stim pattern for pattern_name 1191
2026-02-02 14:51:29,990 - INFO - Building stim pattern for pattern_name 118
2026-02-02 14:51:30,000 - INFO - Building stim pattern for pattern_name 1177
2026-02-02 14:51:30,010 - INFO - Building stim pattern for pattern_name 1683
2026-02-02 14:51:30,021 - INFO - Building stim pattern for pattern_name 1348
2026-02-02 14:51:30,032 - INFO - Building stim pattern for pattern_name 1789
2026-02-02 14:51:30,042 - INFO - Building stim pattern for pattern_name 578
2026-02-02 14:51:30,053 - INFO - Building stim pattern for pattern_name 1982
2026-02-02 14:51:30,064 - INFO - Building stim pattern for pattern_name 3520
2026-02-02 14:51:30,079 - INFO - Building stim pattern for pattern_name 2865
2026-02-02 14:51:30,090 - INFO - Building stim pattern for pattern_name 1262
2026-02-02 14:51:30,099 - INFO - Building stim pattern for pattern_name 2807
2026-02-02 14:51:30,115 - INFO - Building stim pattern for pattern_name 4035
2026-02-02 14:51:30,130 - INFO - Building stim pattern for pattern_name 2139
2026-02-02 14:51:30,140 - INFO - Building stim pattern for pattern_name 1738
2026-02-02 14:51:30,149 - INFO - Building stim pattern for pattern_name 1094
2026-02-02 14:51:30,159 - INFO - Building stim pattern for pattern_name 2333
2026-02-02 14:51:30,169 - INFO - Building stim pattern for pattern_name 2517
2026-02-02 14:51:30,178 - INFO - Building stim pattern for pattern_name 1152
2026-02-02 14:51:30,194 - INFO - Building stim pattern for pattern_name 2024
2026-02-02 14:51:30,204 - INFO - Building stim pattern for pattern_name 1051
2026-02-02 14:51:30,219 - INFO - Building stim pattern for pattern_name 2839
2026-02-02 14:51:30,229 - INFO - Building stim pattern for pattern_name 3963
2026-02-02 14:51:30,239 - INFO - Building stim pattern for pattern_name 2777
2026-02-02 14:51:30,248 - INFO - Building stim pattern for pattern_name 3296
2026-02-02 14:51:30,259 - INFO - Building stim pattern for pattern_name 3091
2026-02-02 14:51:30,281 - INFO - Building stim pattern for pattern_name 3788
2026-02-02 14:51:30,292 - INFO - Building stim pattern for pattern_name 2110
2026-02-02 14:51:30,301 - INFO - Building stim pattern for pattern_name 2770
2026-02-02 14:51:30,311 - INFO - Building stim pattern for pattern_name 27
2026-02-02 14:51:30,321 - INFO - Building stim pattern for pattern_name 2656
2026-02-02 14:51:30,355 - INFO - Building stim pattern for pattern_name 3911
2026-02-02 14:51:30,371 - INFO - Building stim pattern for pattern_name 3796
2026-02-02 14:51:30,380 - INFO - Building stim pattern for pattern_name 3072
2026-02-02 14:51:30,390 - INFO - Building stim pattern for pattern_name 1686
2026-02-02 14:51:30,402 - INFO - Building stim pattern for pattern_name 3831
2026-02-02 14:51:30,411 - INFO - Building stim pattern for pattern_name 1885
2026-02-02 14:51:30,420 - INFO - Building stim pattern for pattern_name 311
2026-02-02 14:51:30,430 - INFO - Building stim pattern for pattern_name 1816
2026-02-02 14:51:30,445 - INFO - Building stim pattern for pattern_name 926
2026-02-02 14:51:30,455 - INFO - Building stim pattern for pattern_name 1298
2026-02-02 14:51:30,465 - INFO - Building stim pattern for pattern_name 3795
2026-02-02 14:51:30,483 - INFO - Building stim pattern for pattern_name 2130
2026-02-02 14:51:30,493 - INFO - Building stim pattern for pattern_name 1773
2026-02-02 14:51:30,504 - INFO - Building stim pattern for pattern_name 1027
2026-02-02 14:51:30,515 - INFO - Building stim pattern for pattern_name 3698
2026-02-02 14:51:30,532 - INFO - Building stim pattern for pattern_name 2150
2026-02-02 14:51:30,542 - INFO - Building stim pattern for pattern_name 3151
2026-02-02 14:51:30,553 - INFO - Building stim pattern for pattern_name 3047
2026-02-02 14:51:30,565 - INFO - Building stim pattern for pattern_name 3741
2026-02-02 14:51:30,582 - INFO - Building stim pattern for pattern_name 1412
2026-02-02 14:51:30,594 - INFO - Building stim pattern for pattern_name 2879
2026-02-02 14:51:30,607 - INFO - Building stim pattern for pattern_name 2868
2026-02-02 14:51:30,619 - INFO - Building stim pattern for pattern_name 3942
2026-02-02 14:51:30,630 - INFO - Building stim pattern for pattern_name 659
2026-02-02 14:51:30,640 - INFO - Building stim pattern for pattern_name 3526
2026-02-02 14:51:30,650 - INFO - Building stim pattern for pattern_name 2693
2026-02-02 14:51:30,661 - INFO - Building stim pattern for pattern_name 1505
2026-02-02 14:51:30,671 - INFO - Building stim pattern for pattern_name 613
2026-02-02 14:51:30,683 - INFO - Building stim pattern for pattern_name 548
2026-02-02 14:51:30,698 - INFO - Building stim pattern for pattern_name 2760
2026-02-02 14:51:30,707 - INFO - Building stim pattern for pattern_name 812
2026-02-02 14:51:30,721 - INFO - Building stim pattern for pattern_name 2904
2026-02-02 14:51:30,731 - INFO - Building stim pattern for pattern_name 883
2026-02-02 14:51:30,751 - INFO - Building stim pattern for pattern_name 1840
2026-02-02 14:51:30,761 - INFO - Building stim pattern for pattern_name 2769
2026-02-02 14:51:30,771 - INFO - Building stim pattern for pattern_name 718
2026-02-02 14:51:30,790 - INFO - Building stim pattern for pattern_name 2326
2026-02-02 14:51:30,802 - INFO - Building stim pattern for pattern_name 3736
2026-02-02 14:51:30,811 - INFO - Building stim pattern for pattern_name 2074
2026-02-02 14:51:30,831 - INFO - Building stim pattern for pattern_name 3420
2026-02-02 14:51:30,841 - INFO - Building stim pattern for pattern_name 599
2026-02-02 14:51:30,856 - INFO - Building stim pattern for pattern_name 2044
2026-02-02 14:51:30,867 - INFO - Building stim pattern for pattern_name 1814
2026-02-02 14:51:30,878 - INFO - Building stim pattern for pattern_name 3229
2026-02-02 14:51:30,889 - INFO - Building stim pattern for pattern_name 411
2026-02-02 14:51:30,899 - INFO - Building stim pattern for pattern_name 1552
2026-02-02 14:51:30,908 - INFO - Building stim pattern for pattern_name 2082
2026-02-02 14:51:30,932 - INFO - Building stim pattern for pattern_name 3217
2026-02-02 14:51:30,942 - INFO - Building stim pattern for pattern_name 1667
2026-02-02 14:51:30,960 - INFO - Building stim pattern for pattern_name 3268
2026-02-02 14:51:30,970 - INFO - Building stim pattern for pattern_name 3161
2026-02-02 14:51:30,979 - INFO - Building stim pattern for pattern_name 2767
2026-02-02 14:51:30,989 - INFO - Building stim pattern for pattern_name 20
2026-02-02 14:51:30,998 - INFO - Building stim pattern for pattern_name 3684
2026-02-02 14:51:31,009 - INFO - Building stim pattern for pattern_name 538
2026-02-02 14:51:31,020 - INFO - Building stim pattern for pattern_name 3116
2026-02-02 14:51:31,030 - INFO - Building stim pattern for pattern_name 1914
2026-02-02 14:51:31,041 - INFO - Building stim pattern for pattern_name 2768
2026-02-02 14:51:31,051 - INFO - Building stim pattern for pattern_name 1821
2026-02-02 14:51:31,067 - INFO - Building stim pattern for pattern_name 886
2026-02-02 14:51:31,076 - INFO - Building stim pattern for pattern_name 2325
2026-02-02 14:51:31,086 - INFO - Building stim pattern for pattern_name 3727
2026-02-02 14:51:31,095 - INFO - Building stim pattern for pattern_name 3245
2026-02-02 14:51:31,105 - INFO - Building stim pattern for pattern_name 1322
2026-02-02 14:51:31,116 - INFO - Building stim pattern for pattern_name 2583
2026-02-02 14:51:31,126 - INFO - Building stim pattern for pattern_name 2090
2026-02-02 14:51:31,138 - INFO - Building stim pattern for pattern_name 3384
2026-02-02 14:51:31,229 - INFO - Building stim pattern for pattern_name 164
2026-02-02 14:51:31,263 - INFO - Building stim pattern for pattern_name 22
2026-02-02 14:51:31,275 - INFO - Building stim pattern for pattern_name 3186
2026-02-02 14:51:31,285 - INFO - Building stim pattern for pattern_name 3745
2026-02-02 14:51:31,294 - INFO - Building stim pattern for pattern_name 70
2026-02-02 14:51:31,307 - INFO - Building stim pattern for pattern_name 1110
2026-02-02 14:51:31,318 - INFO - Building stim pattern for pattern_name 3532
2026-02-02 14:51:31,329 - INFO - Building stim pattern for pattern_name 1989
2026-02-02 14:51:31,340 - INFO - Building stim pattern for pattern_name 2307
2026-02-02 14:51:31,351 - INFO - Building stim pattern for pattern_name 633
2026-02-02 14:51:31,361 - INFO - Building stim pattern for pattern_name 3440
2026-02-02 14:51:31,373 - INFO - Building stim pattern for pattern_name 1734
2026-02-02 14:51:31,395 - INFO - Building stim pattern for pattern_name 1648
2026-02-02 14:51:31,405 - INFO - Building stim pattern for pattern_name 2462
2026-02-02 14:51:31,418 - INFO - Building stim pattern for pattern_name 3760
2026-02-02 14:51:31,429 - INFO - Building stim pattern for pattern_name 3913
2026-02-02 14:51:31,439 - INFO - Building stim pattern for pattern_name 2474
2026-02-02 14:51:31,461 - INFO - Building stim pattern for pattern_name 2059
2026-02-02 14:51:31,471 - INFO - Building stim pattern for pattern_name 1931
2026-02-02 14:51:31,480 - INFO - Building stim pattern for pattern_name 2632
2026-02-02 14:51:31,490 - INFO - Building stim pattern for pattern_name 2165
2026-02-02 14:51:31,501 - INFO - Building stim pattern for pattern_name 2408
2026-02-02 14:51:31,511 - INFO - Building stim pattern for pattern_name 1470
2026-02-02 14:51:31,521 - INFO - Building stim pattern for pattern_name 1003
2026-02-02 14:51:31,532 - INFO - Building stim pattern for pattern_name 1550
2026-02-02 14:51:31,542 - INFO - Building stim pattern for pattern_name 759
2026-02-02 14:51:31,563 - INFO - Building stim pattern for pattern_name 1126
2026-02-02 14:51:31,580 - INFO - Building stim pattern for pattern_name 1301
2026-02-02 14:51:31,597 - INFO - Building stim pattern for pattern_name 528
2026-02-02 14:51:31,609 - INFO - Building stim pattern for pattern_name 2026
2026-02-02 14:51:31,619 - INFO - Building stim pattern for pattern_name 1210
2026-02-02 14:51:31,630 - INFO - Building stim pattern for pattern_name 46
2026-02-02 14:51:31,641 - INFO - Building stim pattern for pattern_name 2697
2026-02-02 14:51:31,650 - INFO - Building stim pattern for pattern_name 3589
2026-02-02 14:51:31,668 - INFO - Building stim pattern for pattern_name 1220
2026-02-02 14:51:31,679 - INFO - Building stim pattern for pattern_name 3018
2026-02-02 14:51:31,695 - INFO - Building stim pattern for pattern_name 1012
2026-02-02 14:51:31,705 - INFO - Building stim pattern for pattern_name 1417
2026-02-02 14:51:31,716 - INFO - Building stim pattern for pattern_name 401
2026-02-02 14:51:31,741 - INFO - Building stim pattern for pattern_name 3023
2026-02-02 14:51:31,755 - INFO - Building stim pattern for pattern_name 1886
2026-02-02 14:51:31,765 - INFO - Building stim pattern for pattern_name 1228
2026-02-02 14:51:31,775 - INFO - Building stim pattern for pattern_name 147
2026-02-02 14:51:31,785 - INFO - Building stim pattern for pattern_name 1731
2026-02-02 14:51:31,801 - INFO - Building stim pattern for pattern_name 3847
2026-02-02 14:51:31,812 - INFO - Building stim pattern for pattern_name 2513
2026-02-02 14:51:31,821 - INFO - Building stim pattern for pattern_name 1022
2026-02-02 14:51:31,830 - INFO - Building stim pattern for pattern_name 1057
2026-02-02 14:51:31,849 - INFO - Building stim pattern for pattern_name 257
2026-02-02 14:51:31,865 - INFO - Building stim pattern for pattern_name 780
2026-02-02 14:51:31,875 - INFO - Building stim pattern for pattern_name 928
2026-02-02 14:51:31,885 - INFO - Building stim pattern for pattern_name 126
2026-02-02 14:51:31,898 - INFO - Building stim pattern for pattern_name 384
2026-02-02 14:51:31,908 - INFO - Building stim pattern for pattern_name 3080
2026-02-02 14:51:31,917 - INFO - Building stim pattern for pattern_name 2198
2026-02-02 14:51:31,927 - INFO - Building stim pattern for pattern_name 698
2026-02-02 14:51:31,941 - INFO - Building stim pattern for pattern_name 1992
2026-02-02 14:51:31,956 - INFO - Building stim pattern for pattern_name 194
2026-02-02 14:51:31,966 - INFO - Building stim pattern for pattern_name 916
2026-02-02 14:51:31,976 - INFO - Building stim pattern for pattern_name 3662
2026-02-02 14:51:31,986 - INFO - Building stim pattern for pattern_name 3975
2026-02-02 14:51:31,995 - INFO - Building stim pattern for pattern_name 385
2026-02-02 14:51:32,004 - INFO - Building stim pattern for pattern_name 723
2026-02-02 14:51:32,020 - INFO - Building stim pattern for pattern_name 636
2026-02-02 14:51:32,034 - INFO - Building stim pattern for pattern_name 3841
2026-02-02 14:51:32,059 - INFO - Building stim pattern for pattern_name 3781
2026-02-02 14:51:32,069 - INFO - Building stim pattern for pattern_name 3309
2026-02-02 14:51:32,079 - INFO - Building stim pattern for pattern_name 2554
2026-02-02 14:51:32,094 - INFO - Building stim pattern for pattern_name 794
2026-02-02 14:51:32,106 - INFO - Building stim pattern for pattern_name 1062
2026-02-02 14:51:32,116 - INFO - Building stim pattern for pattern_name 366
2026-02-02 14:51:32,127 - INFO - Building stim pattern for pattern_name 327
2026-02-02 14:51:32,137 - INFO - Building stim pattern for pattern_name 1460
2026-02-02 14:51:32,151 - INFO - Building stim pattern for pattern_name 2959
2026-02-02 14:51:32,170 - INFO - Building stim pattern for pattern_name 1740
2026-02-02 14:51:32,190 - INFO - Building stim pattern for pattern_name 3757
2026-02-02 14:51:32,200 - INFO - Building stim pattern for pattern_name 2684
2026-02-02 14:51:32,216 - INFO - Building stim pattern for pattern_name 376
2026-02-02 14:51:32,233 - INFO - Building stim pattern for pattern_name 2994
2026-02-02 14:51:32,243 - INFO - Building stim pattern for pattern_name 3012
2026-02-02 14:51:32,254 - INFO - Building stim pattern for pattern_name 2162
2026-02-02 14:51:32,264 - INFO - Building stim pattern for pattern_name 425
2026-02-02 14:51:32,272 - INFO - Building stim pattern for pattern_name 1276
2026-02-02 14:51:32,282 - INFO - Building stim pattern for pattern_name 701
2026-02-02 14:51:32,292 - INFO - Building stim pattern for pattern_name 3352
2026-02-02 14:51:32,303 - INFO - Building stim pattern for pattern_name 3114
2026-02-02 14:51:32,314 - INFO - Building stim pattern for pattern_name 1890
2026-02-02 14:51:32,324 - INFO - Building stim pattern for pattern_name 3081
2026-02-02 14:51:32,341 - INFO - Building stim pattern for pattern_name 2126
2026-02-02 14:51:32,359 - INFO - Building stim pattern for pattern_name 169
2026-02-02 14:51:32,377 - INFO - Building stim pattern for pattern_name 2638
2026-02-02 14:51:32,402 - INFO - Building stim pattern for pattern_name 2886
2026-02-02 14:51:32,413 - INFO - Building stim pattern for pattern_name 3517
2026-02-02 14:51:32,426 - INFO - Building stim pattern for pattern_name 1308
2026-02-02 14:51:32,437 - INFO - Building stim pattern for pattern_name 938
2026-02-02 14:51:32,448 - INFO - Building stim pattern for pattern_name 3714
2026-02-02 14:51:32,462 - INFO - Building stim pattern for pattern_name 3984
2026-02-02 14:51:32,492 - INFO - Building stim pattern for pattern_name 228
2026-02-02 14:51:32,502 - INFO - Building stim pattern for pattern_name 2600
2026-02-02 14:51:32,513 - INFO - Building stim pattern for pattern_name 1511
2026-02-02 14:51:32,523 - INFO - Building stim pattern for pattern_name 629
2026-02-02 14:51:32,534 - INFO - Building stim pattern for pattern_name 1969
2026-02-02 14:51:32,544 - INFO - Building stim pattern for pattern_name 2899
2026-02-02 14:51:32,555 - INFO - Building stim pattern for pattern_name 2631
2026-02-02 14:51:32,566 - INFO - Building stim pattern for pattern_name 835
2026-02-02 14:51:32,577 - INFO - Building stim pattern for pattern_name 2123
2026-02-02 14:51:32,588 - INFO - Building stim pattern for pattern_name 480
2026-02-02 14:51:32,598 - INFO - Building stim pattern for pattern_name 137
2026-02-02 14:51:32,609 - INFO - Building stim pattern for pattern_name 3894
2026-02-02 14:51:32,619 - INFO - Building stim pattern for pattern_name 3345
2026-02-02 14:51:32,630 - INFO - Building stim pattern for pattern_name 1207
2026-02-02 14:51:32,642 - INFO - Building stim pattern for pattern_name 3876
2026-02-02 14:51:32,654 - INFO - Building stim pattern for pattern_name 360
2026-02-02 14:51:32,666 - INFO - Building stim pattern for pattern_name 2179
2026-02-02 14:51:32,679 - INFO - Building stim pattern for pattern_name 1699
2026-02-02 14:51:32,691 - INFO - Building stim pattern for pattern_name 1354
2026-02-02 14:51:32,704 - INFO - Building stim pattern for pattern_name 1420
2026-02-02 14:51:32,715 - INFO - Building stim pattern for pattern_name 170
2026-02-02 14:51:32,727 - INFO - Building stim pattern for pattern_name 1690
2026-02-02 14:51:32,739 - INFO - Building stim pattern for pattern_name 2377
2026-02-02 14:51:32,761 - INFO - Building stim pattern for pattern_name 3907
2026-02-02 14:51:32,771 - INFO - Building stim pattern for pattern_name 1019
2026-02-02 14:51:32,783 - INFO - Building stim pattern for pattern_name 2576
2026-02-02 14:51:32,795 - INFO - Building stim pattern for pattern_name 1007
2026-02-02 14:51:32,806 - INFO - Building stim pattern for pattern_name 1194
2026-02-02 14:51:32,822 - INFO - Building stim pattern for pattern_name 3494
2026-02-02 14:51:32,834 - INFO - Building stim pattern for pattern_name 3279
2026-02-02 14:51:32,844 - INFO - Building stim pattern for pattern_name 2343
2026-02-02 14:51:32,854 - INFO - Building stim pattern for pattern_name 400
2026-02-02 14:51:32,876 - INFO - Building stim pattern for pattern_name 1584
2026-02-02 14:51:32,886 - INFO - Building stim pattern for pattern_name 1089
2026-02-02 14:51:32,897 - INFO - Building stim pattern for pattern_name 1061
2026-02-02 14:51:32,906 - INFO - Building stim pattern for pattern_name 1954
2026-02-02 14:51:32,926 - INFO - Building stim pattern for pattern_name 2006
2026-02-02 14:51:32,955 - INFO - Building stim pattern for pattern_name 1671
2026-02-02 14:51:32,969 - INFO - Building stim pattern for pattern_name 3478
2026-02-02 14:51:32,980 - INFO - Building stim pattern for pattern_name 1319
2026-02-02 14:51:32,998 - INFO - Building stim pattern for pattern_name 2433
2026-02-02 14:51:33,010 - INFO - Building stim pattern for pattern_name 3032
2026-02-02 14:51:33,024 - INFO - Building stim pattern for pattern_name 93
2026-02-02 14:51:33,035 - INFO - Building stim pattern for pattern_name 1161
2026-02-02 14:51:33,046 - INFO - Building stim pattern for pattern_name 249
2026-02-02 14:51:33,073 - INFO - Building stim pattern for pattern_name 687
2026-02-02 14:51:33,090 - INFO - Building stim pattern for pattern_name 1676
2026-02-02 14:51:33,100 - INFO - Building stim pattern for pattern_name 2654
2026-02-02 14:51:33,109 - INFO - Building stim pattern for pattern_name 901
2026-02-02 14:51:33,120 - INFO - Building stim pattern for pattern_name 1916
2026-02-02 14:51:33,135 - INFO - Building stim pattern for pattern_name 377
2026-02-02 14:51:33,146 - INFO - Building stim pattern for pattern_name 2389
2026-02-02 14:51:33,158 - INFO - Building stim pattern for pattern_name 78
2026-02-02 14:51:33,168 - INFO - Building stim pattern for pattern_name 1836
2026-02-02 14:51:33,185 - INFO - Building stim pattern for pattern_name 2199
2026-02-02 14:51:33,196 - INFO - Building stim pattern for pattern_name 3854
2026-02-02 14:51:33,206 - INFO - Building stim pattern for pattern_name 2395
2026-02-02 14:51:33,216 - INFO - Building stim pattern for pattern_name 753
2026-02-02 14:51:33,227 - INFO - Building stim pattern for pattern_name 1983
2026-02-02 14:51:33,238 - INFO - Building stim pattern for pattern_name 3225
2026-02-02 14:51:33,248 - INFO - Building stim pattern for pattern_name 1728
2026-02-02 14:51:33,266 - INFO - Building stim pattern for pattern_name 1500
2026-02-02 14:51:33,276 - INFO - Building stim pattern for pattern_name 2376
2026-02-02 14:51:33,294 - INFO - Building stim pattern for pattern_name 1029
2026-02-02 14:51:33,305 - INFO - Building stim pattern for pattern_name 2863
2026-02-02 14:51:33,316 - INFO - Building stim pattern for pattern_name 1586
2026-02-02 14:51:33,327 - INFO - Building stim pattern for pattern_name 2856
2026-02-02 14:51:33,339 - INFO - Building stim pattern for pattern_name 897
2026-02-02 14:51:33,351 - INFO - Building stim pattern for pattern_name 2621
2026-02-02 14:51:33,360 - INFO - Building stim pattern for pattern_name 2226
2026-02-02 14:51:33,370 - INFO - Building stim pattern for pattern_name 291
2026-02-02 14:51:33,381 - INFO - Building stim pattern for pattern_name 2482
2026-02-02 14:51:33,393 - INFO - Building stim pattern for pattern_name 2449
2026-02-02 14:51:33,406 - INFO - Building stim pattern for pattern_name 1216
2026-02-02 14:51:33,418 - INFO - Building stim pattern for pattern_name 1714
2026-02-02 14:51:33,428 - INFO - Building stim pattern for pattern_name 2447
2026-02-02 14:51:33,440 - INFO - Building stim pattern for pattern_name 1616
2026-02-02 14:51:33,458 - INFO - Building stim pattern for pattern_name 3793
2026-02-02 14:51:33,469 - INFO - Building stim pattern for pattern_name 2986
2026-02-02 14:51:33,480 - INFO - Building stim pattern for pattern_name 2364
2026-02-02 14:51:33,497 - INFO - Building stim pattern for pattern_name 2548
2026-02-02 14:51:33,508 - INFO - Building stim pattern for pattern_name 3133
2026-02-02 14:51:33,518 - INFO - Building stim pattern for pattern_name 3978
2026-02-02 14:51:33,528 - INFO - Building stim pattern for pattern_name 1495
2026-02-02 14:51:33,538 - INFO - Building stim pattern for pattern_name 1719
2026-02-02 14:51:33,555 - INFO - Building stim pattern for pattern_name 1908
2026-02-02 14:51:33,565 - INFO - Building stim pattern for pattern_name 1170
2026-02-02 14:51:33,634 - INFO - Building stim pattern for pattern_name 1883
2026-02-02 14:51:33,666 - INFO - Building stim pattern for pattern_name 3141
2026-02-02 14:51:33,690 - INFO - Building stim pattern for pattern_name 1451
2026-02-02 14:51:33,701 - INFO - Building stim pattern for pattern_name 255
2026-02-02 14:51:33,712 - INFO - Building stim pattern for pattern_name 1024
2026-02-02 14:51:33,721 - INFO - Building stim pattern for pattern_name 2085
2026-02-02 14:51:33,731 - INFO - Building stim pattern for pattern_name 413
2026-02-02 14:51:33,742 - INFO - Building stim pattern for pattern_name 1680
2026-02-02 14:51:33,752 - INFO - Building stim pattern for pattern_name 3868
2026-02-02 14:51:33,762 - INFO - Building stim pattern for pattern_name 292
2026-02-02 14:51:33,773 - INFO - Building stim pattern for pattern_name 469
2026-02-02 14:51:33,782 - INFO - Building stim pattern for pattern_name 2286
2026-02-02 14:51:33,802 - INFO - Building stim pattern for pattern_name 184
2026-02-02 14:51:33,815 - INFO - Building stim pattern for pattern_name 1965
2026-02-02 14:51:33,825 - INFO - Building stim pattern for pattern_name 3849
2026-02-02 14:51:33,838 - INFO - Building stim pattern for pattern_name 2011
2026-02-02 14:51:33,850 - INFO - Building stim pattern for pattern_name 3866
2026-02-02 14:51:33,862 - INFO - Building stim pattern for pattern_name 1779
2026-02-02 14:51:33,873 - INFO - Building stim pattern for pattern_name 3881
2026-02-02 14:51:33,884 - INFO - Building stim pattern for pattern_name 3839
2026-02-02 14:51:33,894 - INFO - Building stim pattern for pattern_name 1273
2026-02-02 14:51:33,909 - INFO - Building stim pattern for pattern_name 1563
2026-02-02 14:51:33,925 - INFO - Building stim pattern for pattern_name 1799
2026-02-02 14:51:33,935 - INFO - Building stim pattern for pattern_name 3416
2026-02-02 14:51:33,945 - INFO - Building stim pattern for pattern_name 661
2026-02-02 14:51:33,955 - INFO - Building stim pattern for pattern_name 2728
2026-02-02 14:51:33,965 - INFO - Building stim pattern for pattern_name 838
2026-02-02 14:51:33,976 - INFO - Building stim pattern for pattern_name 1634
2026-02-02 14:51:33,986 - INFO - Building stim pattern for pattern_name 3973
2026-02-02 14:51:33,996 - INFO - Building stim pattern for pattern_name 1171
2026-02-02 14:51:34,012 - INFO - Building stim pattern for pattern_name 2416
2026-02-02 14:51:34,021 - INFO - Building stim pattern for pattern_name 313
2026-02-02 14:51:34,036 - INFO - Building stim pattern for pattern_name 3313
2026-02-02 14:51:34,053 - INFO - Building stim pattern for pattern_name 3611
2026-02-02 14:51:34,064 - INFO - Building stim pattern for pattern_name 3715
2026-02-02 14:51:34,075 - INFO - Building stim pattern for pattern_name 764
2026-02-02 14:51:34,086 - INFO - Building stim pattern for pattern_name 116
2026-02-02 14:51:34,103 - INFO - Building stim pattern for pattern_name 2786
2026-02-02 14:51:34,114 - INFO - Building stim pattern for pattern_name 445
2026-02-02 14:51:34,130 - INFO - Building stim pattern for pattern_name 2529
2026-02-02 14:51:34,148 - INFO - Building stim pattern for pattern_name 3631
2026-02-02 14:51:34,169 - INFO - Building stim pattern for pattern_name 2092
2026-02-02 14:51:34,180 - INFO - Building stim pattern for pattern_name 1368
2026-02-02 14:51:34,190 - INFO - Building stim pattern for pattern_name 2239
2026-02-02 14:51:34,202 - INFO - Building stim pattern for pattern_name 944
2026-02-02 14:51:34,215 - INFO - Building stim pattern for pattern_name 1294
2026-02-02 14:51:34,226 - INFO - Building stim pattern for pattern_name 562
2026-02-02 14:51:34,237 - INFO - Building stim pattern for pattern_name 815
2026-02-02 14:51:34,247 - INFO - Building stim pattern for pattern_name 2478
2026-02-02 14:51:34,258 - INFO - Building stim pattern for pattern_name 964
2026-02-02 14:51:34,268 - INFO - Building stim pattern for pattern_name 3378
2026-02-02 14:51:34,284 - INFO - Building stim pattern for pattern_name 2920
2026-02-02 14:51:34,295 - INFO - Building stim pattern for pattern_name 1687
2026-02-02 14:51:34,306 - INFO - Building stim pattern for pattern_name 1438
2026-02-02 14:51:34,315 - INFO - Building stim pattern for pattern_name 487
2026-02-02 14:51:34,326 - INFO - Building stim pattern for pattern_name 825
2026-02-02 14:51:34,347 - INFO - Building stim pattern for pattern_name 974
2026-02-02 14:51:34,357 - INFO - Building stim pattern for pattern_name 3126
2026-02-02 14:51:34,368 - INFO - Building stim pattern for pattern_name 1772
2026-02-02 14:51:34,379 - INFO - Building stim pattern for pattern_name 1708
2026-02-02 14:51:34,389 - INFO - Building stim pattern for pattern_name 2729
2026-02-02 14:51:34,406 - INFO - Building stim pattern for pattern_name 2610
2026-02-02 14:51:34,416 - INFO - Building stim pattern for pattern_name 3685
2026-02-02 14:51:34,428 - INFO - Building stim pattern for pattern_name 2843
2026-02-02 14:51:34,440 - INFO - Building stim pattern for pattern_name 1133
2026-02-02 14:51:34,452 - INFO - Building stim pattern for pattern_name 3825
2026-02-02 14:51:34,464 - INFO - Building stim pattern for pattern_name 1403
2026-02-02 14:51:34,474 - INFO - Building stim pattern for pattern_name 3256
2026-02-02 14:51:34,484 - INFO - Building stim pattern for pattern_name 2534
2026-02-02 14:51:34,496 - INFO - Building stim pattern for pattern_name 3385
2026-02-02 14:51:34,515 - INFO - Building stim pattern for pattern_name 726
2026-02-02 14:51:34,524 - INFO - Building stim pattern for pattern_name 3877
2026-02-02 14:51:34,536 - INFO - Building stim pattern for pattern_name 1575
2026-02-02 14:51:34,552 - INFO - Building stim pattern for pattern_name 2518
2026-02-02 14:51:34,563 - INFO - Building stim pattern for pattern_name 340
2026-02-02 14:51:34,573 - INFO - Building stim pattern for pattern_name 3073
2026-02-02 14:51:34,588 - INFO - Building stim pattern for pattern_name 380
2026-02-02 14:51:34,599 - INFO - Building stim pattern for pattern_name 2323
2026-02-02 14:51:34,609 - INFO - Building stim pattern for pattern_name 639
2026-02-02 14:51:34,619 - INFO - Building stim pattern for pattern_name 1701
2026-02-02 14:51:34,630 - INFO - Building stim pattern for pattern_name 1366
2026-02-02 14:51:34,640 - INFO - Building stim pattern for pattern_name 1762
2026-02-02 14:51:34,651 - INFO - Building stim pattern for pattern_name 3967
2026-02-02 14:51:34,661 - INFO - Building stim pattern for pattern_name 602
2026-02-02 14:51:34,673 - INFO - Building stim pattern for pattern_name 443
2026-02-02 14:51:34,682 - INFO - Building stim pattern for pattern_name 3694
2026-02-02 14:51:34,692 - INFO - Building stim pattern for pattern_name 3604
2026-02-02 14:51:34,703 - INFO - Building stim pattern for pattern_name 1314
2026-02-02 14:51:34,715 - INFO - Building stim pattern for pattern_name 1426
2026-02-02 14:51:34,725 - INFO - Building stim pattern for pattern_name 2819
2026-02-02 14:51:34,741 - INFO - Building stim pattern for pattern_name 2105
2026-02-02 14:51:34,751 - INFO - Building stim pattern for pattern_name 329
2026-02-02 14:51:34,763 - INFO - Building stim pattern for pattern_name 1380
2026-02-02 14:51:34,773 - INFO - Building stim pattern for pattern_name 3461
2026-02-02 14:51:34,784 - INFO - Building stim pattern for pattern_name 2375
2026-02-02 14:51:34,795 - INFO - Building stim pattern for pattern_name 632
2026-02-02 14:51:34,807 - INFO - Building stim pattern for pattern_name 1717
2026-02-02 14:51:34,817 - INFO - Building stim pattern for pattern_name 3993
2026-02-02 14:51:34,828 - INFO - Building stim pattern for pattern_name 1128
2026-02-02 14:51:34,838 - INFO - Building stim pattern for pattern_name 2623
2026-02-02 14:51:34,849 - INFO - Building stim pattern for pattern_name 816
2026-02-02 14:51:34,860 - INFO - Building stim pattern for pattern_name 1104
2026-02-02 14:51:34,878 - INFO - Building stim pattern for pattern_name 1143
2026-02-02 14:51:34,888 - INFO - Building stim pattern for pattern_name 1949
2026-02-02 14:51:34,900 - INFO - Building stim pattern for pattern_name 344
2026-02-02 14:51:34,911 - INFO - Building stim pattern for pattern_name 3649
2026-02-02 14:51:34,926 - INFO - Building stim pattern for pattern_name 2077
2026-02-02 14:51:34,937 - INFO - Building stim pattern for pattern_name 2458
2026-02-02 14:51:34,953 - INFO - Building stim pattern for pattern_name 1898
2026-02-02 14:51:34,962 - INFO - Building stim pattern for pattern_name 1332
2026-02-02 14:51:34,973 - INFO - Building stim pattern for pattern_name 3807
2026-02-02 14:51:34,983 - INFO - Building stim pattern for pattern_name 1364
2026-02-02 14:51:34,993 - INFO - Building stim pattern for pattern_name 3982
2026-02-02 14:51:35,004 - INFO - Building stim pattern for pattern_name 1406
2026-02-02 14:51:35,014 - INFO - Building stim pattern for pattern_name 336
2026-02-02 14:51:35,024 - INFO - Building stim pattern for pattern_name 710
2026-02-02 14:51:35,041 - INFO - Building stim pattern for pattern_name 2342
2026-02-02 14:51:35,052 - INFO - Building stim pattern for pattern_name 3776
2026-02-02 14:51:35,076 - INFO - Building stim pattern for pattern_name 1158
2026-02-02 14:51:35,086 - INFO - Building stim pattern for pattern_name 486
2026-02-02 14:51:35,102 - INFO - Building stim pattern for pattern_name 421
2026-02-02 14:51:35,112 - INFO - Building stim pattern for pattern_name 1471
2026-02-02 14:51:35,122 - INFO - Building stim pattern for pattern_name 3021
2026-02-02 14:51:35,132 - INFO - Building stim pattern for pattern_name 3674
2026-02-02 14:51:35,148 - INFO - Building stim pattern for pattern_name 2966
2026-02-02 14:51:35,159 - INFO - Building stim pattern for pattern_name 2921
2026-02-02 14:51:35,171 - INFO - Building stim pattern for pattern_name 834
2026-02-02 14:51:35,182 - INFO - Building stim pattern for pattern_name 3237
2026-02-02 14:51:35,193 - INFO - Building stim pattern for pattern_name 2612
2026-02-02 14:51:35,203 - INFO - Building stim pattern for pattern_name 1541
2026-02-02 14:51:35,213 - INFO - Building stim pattern for pattern_name 2351
2026-02-02 14:51:35,223 - INFO - Building stim pattern for pattern_name 1570
2026-02-02 14:51:35,234 - INFO - Building stim pattern for pattern_name 325
2026-02-02 14:51:35,244 - INFO - Building stim pattern for pattern_name 3914
2026-02-02 14:51:35,261 - INFO - Building stim pattern for pattern_name 3355
2026-02-02 14:51:35,271 - INFO - Building stim pattern for pattern_name 1837
2026-02-02 14:51:35,282 - INFO - Building stim pattern for pattern_name 2503
2026-02-02 14:51:35,306 - INFO - Building stim pattern for pattern_name 306
2026-02-02 14:51:35,317 - INFO - Building stim pattern for pattern_name 672
2026-02-02 14:51:35,328 - INFO - Building stim pattern for pattern_name 2018
2026-02-02 14:51:35,337 - INFO - Building stim pattern for pattern_name 1778
2026-02-02 14:51:35,365 - INFO - Building stim pattern for pattern_name 2189
2026-02-02 14:51:35,385 - INFO - Building stim pattern for pattern_name 3448
2026-02-02 14:51:35,397 - INFO - Building stim pattern for pattern_name 2211
2026-02-02 14:51:35,413 - INFO - Building stim pattern for pattern_name 2148
2026-02-02 14:51:35,423 - INFO - Building stim pattern for pattern_name 3409
2026-02-02 14:51:35,434 - INFO - Building stim pattern for pattern_name 3052
2026-02-02 14:51:35,464 - INFO - Building stim pattern for pattern_name 268
2026-02-02 14:51:35,474 - INFO - Building stim pattern for pattern_name 1385
2026-02-02 14:51:35,484 - INFO - Building stim pattern for pattern_name 720
2026-02-02 14:51:35,495 - INFO - Building stim pattern for pattern_name 72
2026-02-02 14:51:35,504 - INFO - Building stim pattern for pattern_name 2759
2026-02-02 14:51:35,513 - INFO - Building stim pattern for pattern_name 2765
2026-02-02 14:51:35,524 - INFO - Building stim pattern for pattern_name 793
2026-02-02 14:51:35,533 - INFO - Building stim pattern for pattern_name 2171
2026-02-02 14:51:35,548 - INFO - Building stim pattern for pattern_name 2985
2026-02-02 14:51:35,558 - INFO - Building stim pattern for pattern_name 2598
2026-02-02 14:51:35,568 - INFO - Building stim pattern for pattern_name 3851
2026-02-02 14:51:35,578 - INFO - Building stim pattern for pattern_name 1434
2026-02-02 14:51:35,589 - INFO - Building stim pattern for pattern_name 1445
2026-02-02 14:51:35,600 - INFO - Building stim pattern for pattern_name 1146
2026-02-02 14:51:35,610 - INFO - Building stim pattern for pattern_name 2551
2026-02-02 14:51:35,620 - INFO - Building stim pattern for pattern_name 1802
2026-02-02 14:51:35,631 - INFO - Building stim pattern for pattern_name 3123
2026-02-02 14:51:35,647 - INFO - Building stim pattern for pattern_name 902
2026-02-02 14:51:35,657 - INFO - Building stim pattern for pattern_name 767
2026-02-02 14:51:35,668 - INFO - Building stim pattern for pattern_name 3821
2026-02-02 14:51:35,678 - INFO - Building stim pattern for pattern_name 3564
2026-02-02 14:51:35,689 - INFO - Building stim pattern for pattern_name 905
2026-02-02 14:51:35,697 - INFO - Building stim pattern for pattern_name 2624
2026-02-02 14:51:35,708 - INFO - Building stim pattern for pattern_name 2434
2026-02-02 14:51:35,717 - INFO - Building stim pattern for pattern_name 2267
2026-02-02 14:51:35,728 - INFO - Building stim pattern for pattern_name 3028
2026-02-02 14:51:35,738 - INFO - Building stim pattern for pattern_name 131
2026-02-02 14:51:35,748 - INFO - Building stim pattern for pattern_name 763
2026-02-02 14:51:35,759 - INFO - Building stim pattern for pattern_name 1751
2026-02-02 14:51:35,769 - INFO - Building stim pattern for pattern_name 2951
2026-02-02 14:51:35,780 - INFO - Building stim pattern for pattern_name 2175
2026-02-02 14:51:35,791 - INFO - Building stim pattern for pattern_name 616
2026-02-02 14:51:35,801 - INFO - Building stim pattern for pattern_name 3139
2026-02-02 14:51:35,812 - INFO - Building stim pattern for pattern_name 407
2026-02-02 14:51:35,821 - INFO - Building stim pattern for pattern_name 1245
2026-02-02 14:51:35,832 - INFO - Building stim pattern for pattern_name 3654
2026-02-02 14:51:35,843 - INFO - Building stim pattern for pattern_name 1079
2026-02-02 14:51:35,921 - INFO - Building stim pattern for pattern_name 3188
2026-02-02 14:51:35,957 - INFO - Building stim pattern for pattern_name 265
2026-02-02 14:51:35,979 - INFO - Building stim pattern for pattern_name 608
2026-02-02 14:51:35,993 - INFO - Building stim pattern for pattern_name 1025
2026-02-02 14:51:36,011 - INFO - Building stim pattern for pattern_name 2837
2026-02-02 14:51:36,022 - INFO - Building stim pattern for pattern_name 3160
2026-02-02 14:51:36,034 - INFO - Building stim pattern for pattern_name 1091
2026-02-02 14:51:36,044 - INFO - Building stim pattern for pattern_name 324
2026-02-02 14:51:36,055 - INFO - Building stim pattern for pattern_name 1214
2026-02-02 14:51:36,067 - INFO - Building stim pattern for pattern_name 180
2026-02-02 14:51:36,078 - INFO - Building stim pattern for pattern_name 3997
2026-02-02 14:51:36,088 - INFO - Building stim pattern for pattern_name 9
2026-02-02 14:51:36,098 - INFO - Building stim pattern for pattern_name 1547
2026-02-02 14:51:36,109 - INFO - Building stim pattern for pattern_name 3689
2026-02-02 14:51:36,119 - INFO - Building stim pattern for pattern_name 2159
2026-02-02 14:51:36,130 - INFO - Building stim pattern for pattern_name 364
2026-02-02 14:51:36,143 - INFO - Building stim pattern for pattern_name 3376
2026-02-02 14:51:36,153 - INFO - Building stim pattern for pattern_name 3197
2026-02-02 14:51:36,163 - INFO - Building stim pattern for pattern_name 2129
2026-02-02 14:51:36,173 - INFO - Building stim pattern for pattern_name 2472
2026-02-02 14:51:36,184 - INFO - Building stim pattern for pattern_name 3510
2026-02-02 14:51:36,195 - INFO - Building stim pattern for pattern_name 1401
2026-02-02 14:51:36,206 - INFO - Building stim pattern for pattern_name 346
2026-02-02 14:51:36,217 - INFO - Building stim pattern for pattern_name 173
2026-02-02 14:51:36,228 - INFO - Building stim pattern for pattern_name 1503
2026-02-02 14:51:36,239 - INFO - Building stim pattern for pattern_name 3506
2026-02-02 14:51:36,251 - INFO - Building stim pattern for pattern_name 356
2026-02-02 14:51:36,261 - INFO - Building stim pattern for pattern_name 709
2026-02-02 14:51:36,271 - INFO - Building stim pattern for pattern_name 1446
2026-02-02 14:51:36,289 - INFO - Building stim pattern for pattern_name 1760
2026-02-02 14:51:36,299 - INFO - Building stim pattern for pattern_name 1056
2026-02-02 14:51:36,309 - INFO - Building stim pattern for pattern_name 2995
2026-02-02 14:51:36,320 - INFO - Building stim pattern for pattern_name 122
2026-02-02 14:51:36,336 - INFO - Building stim pattern for pattern_name 19
2026-02-02 14:51:36,346 - INFO - Building stim pattern for pattern_name 536
2026-02-02 14:51:36,355 - INFO - Building stim pattern for pattern_name 1632
2026-02-02 14:51:36,364 - INFO - Building stim pattern for pattern_name 3356
2026-02-02 14:51:36,375 - INFO - Building stim pattern for pattern_name 3326
2026-02-02 14:51:36,385 - INFO - Building stim pattern for pattern_name 612
2026-02-02 14:51:36,397 - INFO - Building stim pattern for pattern_name 3573
2026-02-02 14:51:36,407 - INFO - Building stim pattern for pattern_name 3572
2026-02-02 14:51:36,416 - INFO - Building stim pattern for pattern_name 2566
2026-02-02 14:51:36,427 - INFO - Building stim pattern for pattern_name 65
2026-02-02 14:51:36,447 - INFO - Building stim pattern for pattern_name 290
2026-02-02 14:51:36,458 - INFO - Building stim pattern for pattern_name 167
2026-02-02 14:51:36,474 - INFO - Building stim pattern for pattern_name 2161
2026-02-02 14:51:36,484 - INFO - Building stim pattern for pattern_name 1315
2026-02-02 14:51:36,495 - INFO - Building stim pattern for pattern_name 1504
2026-02-02 14:51:36,518 - INFO - Building stim pattern for pattern_name 2931
2026-02-02 14:51:36,529 - INFO - Building stim pattern for pattern_name 1183
2026-02-02 14:51:36,539 - INFO - Building stim pattern for pattern_name 2652
2026-02-02 14:51:36,550 - INFO - Building stim pattern for pattern_name 466
2026-02-02 14:51:36,560 - INFO - Building stim pattern for pattern_name 3981
2026-02-02 14:51:36,570 - INFO - Building stim pattern for pattern_name 676
2026-02-02 14:51:36,581 - INFO - Building stim pattern for pattern_name 2038
2026-02-02 14:51:36,593 - INFO - Building stim pattern for pattern_name 3037
2026-02-02 14:51:36,612 - INFO - Building stim pattern for pattern_name 2153
2026-02-02 14:51:36,624 - INFO - Building stim pattern for pattern_name 927
2026-02-02 14:51:36,636 - INFO - Building stim pattern for pattern_name 2662
2026-02-02 14:51:36,653 - INFO - Building stim pattern for pattern_name 935
2026-02-02 14:51:36,664 - INFO - Building stim pattern for pattern_name 2168
2026-02-02 14:51:36,675 - INFO - Building stim pattern for pattern_name 1919
2026-02-02 14:51:36,685 - INFO - Building stim pattern for pattern_name 1136
2026-02-02 14:51:36,696 - INFO - Building stim pattern for pattern_name 3236
2026-02-02 14:51:36,706 - INFO - Building stim pattern for pattern_name 2009
2026-02-02 14:51:36,716 - INFO - Building stim pattern for pattern_name 1226
2026-02-02 14:51:36,726 - INFO - Building stim pattern for pattern_name 3799
2026-02-02 14:51:36,736 - INFO - Building stim pattern for pattern_name 1478
2026-02-02 14:51:36,746 - INFO - Building stim pattern for pattern_name 2806
2026-02-02 14:51:36,756 - INFO - Building stim pattern for pattern_name 2258
2026-02-02 14:51:36,765 - INFO - Building stim pattern for pattern_name 782
2026-02-02 14:51:36,782 - INFO - Building stim pattern for pattern_name 1272
2026-02-02 14:51:36,792 - INFO - Building stim pattern for pattern_name 2761
2026-02-02 14:51:36,802 - INFO - Building stim pattern for pattern_name 154
2026-02-02 14:51:36,813 - INFO - Building stim pattern for pattern_name 914
2026-02-02 14:51:36,823 - INFO - Building stim pattern for pattern_name 2960
2026-02-02 14:51:36,835 - INFO - Building stim pattern for pattern_name 1196
2026-02-02 14:51:36,846 - INFO - Building stim pattern for pattern_name 552
2026-02-02 14:51:36,858 - INFO - Building stim pattern for pattern_name 3571
2026-02-02 14:51:36,869 - INFO - Building stim pattern for pattern_name 3228
2026-02-02 14:51:36,891 - INFO - Building stim pattern for pattern_name 1568
2026-02-02 14:51:36,901 - INFO - Building stim pattern for pattern_name 3122
2026-02-02 14:51:36,912 - INFO - Building stim pattern for pattern_name 1509
2026-02-02 14:51:36,922 - INFO - Building stim pattern for pattern_name 1865
2026-02-02 14:51:36,932 - INFO - Building stim pattern for pattern_name 2864
2026-02-02 14:51:36,943 - INFO - Building stim pattern for pattern_name 3547
2026-02-02 14:51:36,955 - INFO - Building stim pattern for pattern_name 2019
2026-02-02 14:51:36,966 - INFO - Building stim pattern for pattern_name 2295
2026-02-02 14:51:36,977 - INFO - Building stim pattern for pattern_name 818
2026-02-02 14:51:36,994 - INFO - Building stim pattern for pattern_name 1304
2026-02-02 14:51:37,003 - INFO - Building stim pattern for pattern_name 1517
2026-02-02 14:51:37,014 - INFO - Building stim pattern for pattern_name 606
2026-02-02 14:51:37,025 - INFO - Building stim pattern for pattern_name 1938
2026-02-02 14:51:37,035 - INFO - Building stim pattern for pattern_name 368
2026-02-02 14:51:37,046 - INFO - Building stim pattern for pattern_name 895
2026-02-02 14:51:37,056 - INFO - Building stim pattern for pattern_name 1398
2026-02-02 14:51:37,065 - INFO - Building stim pattern for pattern_name 2190
2026-02-02 14:51:37,078 - INFO - Building stim pattern for pattern_name 3522
2026-02-02 14:51:37,091 - INFO - Building stim pattern for pattern_name 63
2026-02-02 14:51:37,102 - INFO - Building stim pattern for pattern_name 1372
2026-02-02 14:51:37,119 - INFO - Building stim pattern for pattern_name 605
2026-02-02 14:51:37,135 - INFO - Building stim pattern for pattern_name 471
2026-02-02 14:51:37,146 - INFO - Building stim pattern for pattern_name 3042
2026-02-02 14:51:37,157 - INFO - Building stim pattern for pattern_name 261
2026-02-02 14:51:37,167 - INFO - Building stim pattern for pattern_name 752
2026-02-02 14:51:37,178 - INFO - Building stim pattern for pattern_name 2916
2026-02-02 14:51:37,189 - INFO - Building stim pattern for pattern_name 187
2026-02-02 14:51:37,199 - INFO - Building stim pattern for pattern_name 2733
2026-02-02 14:51:37,232 - INFO - Building stim pattern for pattern_name 3790
2026-02-02 14:51:37,242 - INFO - Building stim pattern for pattern_name 2233
2026-02-02 14:51:37,251 - INFO - Building stim pattern for pattern_name 1225
2026-02-02 14:51:37,262 - INFO - Building stim pattern for pattern_name 1371
2026-02-02 14:51:37,273 - INFO - Building stim pattern for pattern_name 3034
2026-02-02 14:51:37,289 - INFO - Building stim pattern for pattern_name 1733
2026-02-02 14:51:37,300 - INFO - Building stim pattern for pattern_name 1072
2026-02-02 14:51:37,311 - INFO - Building stim pattern for pattern_name 2601
2026-02-02 14:51:37,326 - INFO - Building stim pattern for pattern_name 414
2026-02-02 14:51:37,337 - INFO - Building stim pattern for pattern_name 2519
2026-02-02 14:51:37,351 - INFO - Building stim pattern for pattern_name 3828
2026-02-02 14:51:37,360 - INFO - Building stim pattern for pattern_name 1607
2026-02-02 14:51:37,372 - INFO - Building stim pattern for pattern_name 2690
2026-02-02 14:51:37,387 - INFO - Building stim pattern for pattern_name 2878
2026-02-02 14:51:37,401 - INFO - Building stim pattern for pattern_name 386
2026-02-02 14:51:37,421 - INFO - Building stim pattern for pattern_name 713
2026-02-02 14:51:37,433 - INFO - Building stim pattern for pattern_name 3758
2026-02-02 14:51:37,443 - INFO - Building stim pattern for pattern_name 2014
2026-02-02 14:51:37,460 - INFO - Building stim pattern for pattern_name 1162
2026-02-02 14:51:37,470 - INFO - Building stim pattern for pattern_name 2166
2026-02-02 14:51:37,480 - INFO - Building stim pattern for pattern_name 1242
2026-02-02 14:51:37,491 - INFO - Building stim pattern for pattern_name 1292
2026-02-02 14:51:37,514 - INFO - Building stim pattern for pattern_name 2145
2026-02-02 14:51:37,526 - INFO - Building stim pattern for pattern_name 3591
2026-02-02 14:51:37,538 - INFO - Building stim pattern for pattern_name 1461
2026-02-02 14:51:37,551 - INFO - Building stim pattern for pattern_name 3275
2026-02-02 14:51:37,560 - INFO - Building stim pattern for pattern_name 2618
2026-02-02 14:51:37,572 - INFO - Building stim pattern for pattern_name 1190
2026-02-02 14:51:37,582 - INFO - Building stim pattern for pattern_name 124
2026-02-02 14:51:37,592 - INFO - Building stim pattern for pattern_name 2194
2026-02-02 14:51:37,611 - INFO - Building stim pattern for pattern_name 2795
2026-02-02 14:51:37,636 - INFO - Building stim pattern for pattern_name 2083
2026-02-02 14:51:37,655 - INFO - Building stim pattern for pattern_name 388
2026-02-02 14:51:37,667 - INFO - Building stim pattern for pattern_name 1544
2026-02-02 14:51:37,686 - INFO - Building stim pattern for pattern_name 1448
2026-02-02 14:51:37,697 - INFO - Building stim pattern for pattern_name 3941
2026-02-02 14:51:37,713 - INFO - Building stim pattern for pattern_name 2227
2026-02-02 14:51:37,724 - INFO - Building stim pattern for pattern_name 607
2026-02-02 14:51:37,736 - INFO - Building stim pattern for pattern_name 622
2026-02-02 14:51:37,746 - INFO - Building stim pattern for pattern_name 3408
2026-02-02 14:51:37,757 - INFO - Building stim pattern for pattern_name 110
2026-02-02 14:51:37,781 - INFO - Building stim pattern for pattern_name 3287
2026-02-02 14:51:37,790 - INFO - Building stim pattern for pattern_name 2315
2026-02-02 14:51:37,806 - INFO - Building stim pattern for pattern_name 1860
2026-02-02 14:51:37,816 - INFO - Building stim pattern for pattern_name 1254
2026-02-02 14:51:37,829 - INFO - Building stim pattern for pattern_name 3029
2026-02-02 14:51:37,841 - INFO - Building stim pattern for pattern_name 1463
2026-02-02 14:51:37,855 - INFO - Building stim pattern for pattern_name 454
2026-02-02 14:51:37,867 - INFO - Building stim pattern for pattern_name 2640
2026-02-02 14:51:37,878 - INFO - Building stim pattern for pattern_name 1472
2026-02-02 14:51:37,887 - INFO - Building stim pattern for pattern_name 959
2026-02-02 14:51:37,896 - INFO - Building stim pattern for pattern_name 1827
2026-02-02 14:51:37,907 - INFO - Building stim pattern for pattern_name 3392
2026-02-02 14:51:37,918 - INFO - Building stim pattern for pattern_name 1715
2026-02-02 14:51:37,930 - INFO - Building stim pattern for pattern_name 2847
2026-02-02 14:51:37,941 - INFO - Building stim pattern for pattern_name 1119
2026-02-02 14:51:37,954 - INFO - Building stim pattern for pattern_name 452
2026-02-02 14:51:37,966 - INFO - Building stim pattern for pattern_name 1310
2026-02-02 14:51:38,055 - INFO - Building stim pattern for pattern_name 2590
2026-02-02 14:51:38,081 - INFO - Building stim pattern for pattern_name 136
2026-02-02 14:51:38,092 - INFO - Building stim pattern for pattern_name 3518
2026-02-02 14:51:38,103 - INFO - Building stim pattern for pattern_name 2463
2026-02-02 14:51:38,114 - INFO - Building stim pattern for pattern_name 1937
2026-02-02 14:51:38,123 - INFO - Building stim pattern for pattern_name 3739
2026-02-02 14:51:38,133 - INFO - Building stim pattern for pattern_name 945
2026-02-02 14:51:38,151 - INFO - Building stim pattern for pattern_name 2900
2026-02-02 14:51:38,164 - INFO - Building stim pattern for pattern_name 3976
2026-02-02 14:51:38,176 - INFO - Building stim pattern for pattern_name 919
2026-02-02 14:51:38,187 - INFO - Building stim pattern for pattern_name 774
2026-02-02 14:51:38,197 - INFO - Building stim pattern for pattern_name 2625
2026-02-02 14:51:38,207 - INFO - Building stim pattern for pattern_name 107
2026-02-02 14:51:38,218 - INFO - Building stim pattern for pattern_name 1002
2026-02-02 14:51:38,229 - INFO - Building stim pattern for pattern_name 1900
2026-02-02 14:51:38,239 - INFO - Building stim pattern for pattern_name 703
2026-02-02 14:51:38,250 - INFO - Building stim pattern for pattern_name 1068
2026-02-02 14:51:38,260 - INFO - Building stim pattern for pattern_name 3233
2026-02-02 14:51:38,277 - INFO - Building stim pattern for pattern_name 1844
2026-02-02 14:51:38,289 - INFO - Building stim pattern for pattern_name 2288
2026-02-02 14:51:38,300 - INFO - Building stim pattern for pattern_name 1028
2026-02-02 14:51:38,310 - INFO - Building stim pattern for pattern_name 348
2026-02-02 14:51:38,327 - INFO - Building stim pattern for pattern_name 3848
2026-02-02 14:51:38,339 - INFO - Building stim pattern for pattern_name 3109
2026-02-02 14:51:38,362 - INFO - Building stim pattern for pattern_name 3886
2026-02-02 14:51:38,374 - INFO - Building stim pattern for pattern_name 1748
2026-02-02 14:51:38,384 - INFO - Building stim pattern for pattern_name 2012
2026-02-02 14:51:38,393 - INFO - Building stim pattern for pattern_name 297
2026-02-02 14:51:38,406 - INFO - Building stim pattern for pattern_name 2132
2026-02-02 14:51:38,433 - INFO - Building stim pattern for pattern_name 3538
2026-02-02 14:51:38,444 - INFO - Building stim pattern for pattern_name 2504
2026-02-02 14:51:38,457 - INFO - Building stim pattern for pattern_name 2352
2026-02-02 14:51:38,468 - INFO - Building stim pattern for pattern_name 1926
2026-02-02 14:51:38,478 - INFO - Building stim pattern for pattern_name 906
2026-02-02 14:51:38,488 - INFO - Building stim pattern for pattern_name 3293
2026-02-02 14:51:38,501 - INFO - Building stim pattern for pattern_name 3339
2026-02-02 14:51:38,513 - INFO - Building stim pattern for pattern_name 3004
2026-02-02 14:51:38,524 - INFO - Building stim pattern for pattern_name 761
2026-02-02 14:51:38,533 - INFO - Building stim pattern for pattern_name 3487
2026-02-02 14:51:38,544 - INFO - Building stim pattern for pattern_name 354
2026-02-02 14:51:38,559 - INFO - Building stim pattern for pattern_name 3653
2026-02-02 14:51:38,569 - INFO - Building stim pattern for pattern_name 3737
2026-02-02 14:51:38,579 - INFO - Building stim pattern for pattern_name 2757
2026-02-02 14:51:38,589 - INFO - Building stim pattern for pattern_name 3813
2026-02-02 14:51:38,604 - INFO - Building stim pattern for pattern_name 1528
2026-02-02 14:51:38,615 - INFO - Building stim pattern for pattern_name 3054
2026-02-02 14:51:38,625 - INFO - Building stim pattern for pattern_name 208
2026-02-02 14:51:38,635 - INFO - Building stim pattern for pattern_name 3377
2026-02-02 14:51:38,646 - INFO - Building stim pattern for pattern_name 1277
2026-02-02 14:51:38,669 - INFO - Building stim pattern for pattern_name 2500
2026-02-02 14:51:38,679 - INFO - Building stim pattern for pattern_name 3283
2026-02-02 14:51:38,696 - INFO - Building stim pattern for pattern_name 708
2026-02-02 14:51:38,708 - INFO - Building stim pattern for pattern_name 2209
2026-02-02 14:51:38,724 - INFO - Building stim pattern for pattern_name 2215
2026-02-02 14:51:38,735 - INFO - Building stim pattern for pattern_name 2471
2026-02-02 14:51:38,750 - INFO - Building stim pattern for pattern_name 792
2026-02-02 14:51:38,760 - INFO - Building stim pattern for pattern_name 3899
2026-02-02 14:51:38,772 - INFO - Building stim pattern for pattern_name 3912
2026-02-02 14:51:38,782 - INFO - Building stim pattern for pattern_name 382
2026-02-02 14:51:38,792 - INFO - Building stim pattern for pattern_name 778
2026-02-02 14:51:38,802 - INFO - Building stim pattern for pattern_name 3867
2026-02-02 14:51:38,820 - INFO - Building stim pattern for pattern_name 1948
2026-02-02 14:51:38,831 - INFO - Building stim pattern for pattern_name 3509
2026-02-02 14:51:38,841 - INFO - Building stim pattern for pattern_name 3555
2026-02-02 14:51:38,851 - INFO - Building stim pattern for pattern_name 3992
2026-02-02 14:51:38,862 - INFO - Building stim pattern for pattern_name 1882
2026-02-02 14:51:38,872 - INFO - Building stim pattern for pattern_name 99
2026-02-02 14:51:38,888 - INFO - Building stim pattern for pattern_name 2536
2026-02-02 14:51:38,898 - INFO - Building stim pattern for pattern_name 892
2026-02-02 14:51:38,908 - INFO - Building stim pattern for pattern_name 2834
2026-02-02 14:51:38,918 - INFO - Building stim pattern for pattern_name 989
2026-02-02 14:51:38,929 - INFO - Building stim pattern for pattern_name 3540
2026-02-02 14:51:38,939 - INFO - Building stim pattern for pattern_name 1501
2026-02-02 14:51:38,949 - INFO - Building stim pattern for pattern_name 2793
2026-02-02 14:51:38,958 - INFO - Building stim pattern for pattern_name 1042
2026-02-02 14:51:38,969 - INFO - Building stim pattern for pattern_name 3417
2026-02-02 14:51:38,981 - INFO - Building stim pattern for pattern_name 665
2026-02-02 14:51:38,994 - INFO - Building stim pattern for pattern_name 3579
2026-02-02 14:51:39,005 - INFO - Building stim pattern for pattern_name 58
2026-02-02 14:51:39,019 - INFO - Building stim pattern for pattern_name 626
2026-02-02 14:51:39,029 - INFO - Building stim pattern for pattern_name 1013
2026-02-02 14:51:39,045 - INFO - Building stim pattern for pattern_name 3159
2026-02-02 14:51:39,055 - INFO - Building stim pattern for pattern_name 3679
2026-02-02 14:51:39,078 - INFO - Building stim pattern for pattern_name 3675
2026-02-02 14:51:39,091 - INFO - Building stim pattern for pattern_name 3944
2026-02-02 14:51:39,104 - INFO - Building stim pattern for pattern_name 1251
2026-02-02 14:51:39,115 - INFO - Building stim pattern for pattern_name 3505
2026-02-02 14:51:39,127 - INFO - Building stim pattern for pattern_name 1151
2026-02-02 14:51:39,150 - INFO - Building stim pattern for pattern_name 1369
2026-02-02 14:51:39,161 - INFO - Building stim pattern for pattern_name 600
2026-02-02 14:51:39,171 - INFO - Building stim pattern for pattern_name 2459
2026-02-02 14:51:39,181 - INFO - Building stim pattern for pattern_name 1249
2026-02-02 14:51:39,196 - INFO - Building stim pattern for pattern_name 841
2026-02-02 14:51:39,207 - INFO - Building stim pattern for pattern_name 3321
2026-02-02 14:51:39,217 - INFO - Building stim pattern for pattern_name 1639
2026-02-02 14:51:39,227 - INFO - Building stim pattern for pattern_name 3864
2026-02-02 14:51:39,238 - INFO - Building stim pattern for pattern_name 1328
2026-02-02 14:51:39,255 - INFO - Building stim pattern for pattern_name 2142
2026-02-02 14:51:39,265 - INFO - Building stim pattern for pattern_name 3770
2026-02-02 14:51:39,277 - INFO - Building stim pattern for pattern_name 3134
2026-02-02 14:51:39,288 - INFO - Building stim pattern for pattern_name 3687
2026-02-02 14:51:39,297 - INFO - Building stim pattern for pattern_name 202
2026-02-02 14:51:39,308 - INFO - Building stim pattern for pattern_name 771
2026-02-02 14:51:39,318 - INFO - Building stim pattern for pattern_name 1163
2026-02-02 14:51:39,328 - INFO - Building stim pattern for pattern_name 1642
2026-02-02 14:51:39,338 - INFO - Building stim pattern for pattern_name 504
2026-02-02 14:51:39,348 - INFO - Building stim pattern for pattern_name 3560
2026-02-02 14:51:39,359 - INFO - Building stim pattern for pattern_name 2873
2026-02-02 14:51:39,376 - INFO - Building stim pattern for pattern_name 3058
2026-02-02 14:51:39,387 - INFO - Building stim pattern for pattern_name 1881
2026-02-02 14:51:39,405 - INFO - Building stim pattern for pattern_name 3563
2026-02-02 14:51:39,423 - INFO - Building stim pattern for pattern_name 1231
2026-02-02 14:51:39,434 - INFO - Building stim pattern for pattern_name 166
2026-02-02 14:51:39,447 - INFO - Building stim pattern for pattern_name 2391
2026-02-02 14:51:39,460 - INFO - Building stim pattern for pattern_name 1186
2026-02-02 14:51:39,470 - INFO - Building stim pattern for pattern_name 2487
2026-02-02 14:51:39,482 - INFO - Building stim pattern for pattern_name 722
2026-02-02 14:51:39,498 - INFO - Building stim pattern for pattern_name 3943
2026-02-02 14:51:39,509 - INFO - Building stim pattern for pattern_name 2571
2026-02-02 14:51:39,519 - INFO - Building stim pattern for pattern_name 1148
2026-02-02 14:51:39,537 - INFO - Building stim pattern for pattern_name 3646
2026-02-02 14:51:39,547 - INFO - Building stim pattern for pattern_name 3394
2026-02-02 14:51:39,559 - INFO - Building stim pattern for pattern_name 2976
2026-02-02 14:51:39,569 - INFO - Building stim pattern for pattern_name 873
2026-02-02 14:51:39,590 - INFO - Building stim pattern for pattern_name 371
2026-02-02 14:51:39,603 - INFO - Building stim pattern for pattern_name 1404
2026-02-02 14:51:39,621 - INFO - Building stim pattern for pattern_name 3965
2026-02-02 14:51:39,631 - INFO - Building stim pattern for pattern_name 3791
2026-02-02 14:51:39,641 - INFO - Building stim pattern for pattern_name 2476
2026-02-02 14:51:39,651 - INFO - Building stim pattern for pattern_name 2606
2026-02-02 14:51:39,662 - INFO - Building stim pattern for pattern_name 1392
2026-02-02 14:51:39,673 - INFO - Building stim pattern for pattern_name 2365
2026-02-02 14:51:39,683 - INFO - Building stim pattern for pattern_name 845
2026-02-02 14:51:39,692 - INFO - Building stim pattern for pattern_name 1622
2026-02-02 14:51:39,703 - INFO - Building stim pattern for pattern_name 3936
2026-02-02 14:51:39,712 - INFO - Building stim pattern for pattern_name 2287
2026-02-02 14:51:39,723 - INFO - Building stim pattern for pattern_name 2195
2026-02-02 14:51:39,732 - INFO - Building stim pattern for pattern_name 2647
2026-02-02 14:51:39,743 - INFO - Building stim pattern for pattern_name 2680
2026-02-02 14:51:39,755 - INFO - Building stim pattern for pattern_name 3402
2026-02-02 14:51:39,765 - INFO - Building stim pattern for pattern_name 1627
2026-02-02 14:51:39,775 - INFO - Building stim pattern for pattern_name 3479
2026-02-02 14:51:39,793 - INFO - Building stim pattern for pattern_name 804
2026-02-02 14:51:39,804 - INFO - Building stim pattern for pattern_name 2938
2026-02-02 14:51:39,822 - INFO - Building stim pattern for pattern_name 2304
2026-02-02 14:51:39,832 - INFO - Building stim pattern for pattern_name 3090
2026-02-02 14:51:39,842 - INFO - Building stim pattern for pattern_name 918
2026-02-02 14:51:39,853 - INFO - Building stim pattern for pattern_name 984
2026-02-02 14:51:39,868 - INFO - Building stim pattern for pattern_name 1344
2026-02-02 14:51:39,891 - INFO - Building stim pattern for pattern_name 40
2026-02-02 14:51:39,903 - INFO - Building stim pattern for pattern_name 667
2026-02-02 14:51:39,914 - INFO - Building stim pattern for pattern_name 422
2026-02-02 14:51:39,924 - INFO - Building stim pattern for pattern_name 3551
2026-02-02 14:51:39,939 - INFO - Building stim pattern for pattern_name 3415
2026-02-02 14:51:39,952 - INFO - Building stim pattern for pattern_name 304
2026-02-02 14:51:39,975 - INFO - Building stim pattern for pattern_name 3079
2026-02-02 14:51:39,991 - INFO - Building stim pattern for pattern_name 1984
2026-02-02 14:51:40,001 - INFO - Building stim pattern for pattern_name 3390
2026-02-02 14:51:40,013 - INFO - Building stim pattern for pattern_name 2914
2026-02-02 14:51:40,023 - INFO - Building stim pattern for pattern_name 3115
2026-02-02 14:51:40,033 - INFO - Building stim pattern for pattern_name 3110
2026-02-02 14:51:40,044 - INFO - Building stim pattern for pattern_name 3386
2026-02-02 14:51:40,114 - INFO - Building stim pattern for pattern_name 1718
2026-02-02 14:51:40,137 - INFO - Building stim pattern for pattern_name 1970
2026-02-02 14:51:40,162 - INFO - Building stim pattern for pattern_name 820
2026-02-02 14:51:40,175 - INFO - Building stim pattern for pattern_name 1452
2026-02-02 14:51:40,188 - INFO - Building stim pattern for pattern_name 3078
2026-02-02 14:51:40,201 - INFO - Building stim pattern for pattern_name 1004
2026-02-02 14:51:40,211 - INFO - Building stim pattern for pattern_name 1818
2026-02-02 14:51:40,221 - INFO - Building stim pattern for pattern_name 1349
2026-02-02 14:51:40,233 - INFO - Building stim pattern for pattern_name 3041
2026-02-02 14:51:40,243 - INFO - Building stim pattern for pattern_name 451
2026-02-02 14:51:40,254 - INFO - Building stim pattern for pattern_name 2332
2026-02-02 14:51:40,263 - INFO - Building stim pattern for pattern_name 598
2026-02-02 14:51:40,274 - INFO - Building stim pattern for pattern_name 2805
2026-02-02 14:51:40,285 - INFO - Building stim pattern for pattern_name 3656
2026-02-02 14:51:40,296 - INFO - Building stim pattern for pattern_name 882
2026-02-02 14:51:40,305 - INFO - Building stim pattern for pattern_name 3873
2026-02-02 14:51:40,317 - INFO - Building stim pattern for pattern_name 3630
2026-02-02 14:51:40,327 - INFO - Building stim pattern for pattern_name 3797
2026-02-02 14:51:40,336 - INFO - Building stim pattern for pattern_name 3749
2026-02-02 14:51:40,346 - INFO - Building stim pattern for pattern_name 97
2026-02-02 14:51:40,356 - INFO - Building stim pattern for pattern_name 3280
2026-02-02 14:51:40,367 - INFO - Building stim pattern for pattern_name 172
2026-02-02 14:51:40,378 - INFO - Building stim pattern for pattern_name 3891
2026-02-02 14:51:40,388 - INFO - Building stim pattern for pattern_name 3932
2026-02-02 14:51:40,399 - INFO - Building stim pattern for pattern_name 1784
2026-02-02 14:51:40,415 - INFO - Building stim pattern for pattern_name 493
2026-02-02 14:51:40,428 - INFO - Building stim pattern for pattern_name 2833
2026-02-02 14:51:40,438 - INFO - Building stim pattern for pattern_name 690
2026-02-02 14:51:40,448 - INFO - Building stim pattern for pattern_name 3333
2026-02-02 14:51:40,458 - INFO - Building stim pattern for pattern_name 3800
2026-02-02 14:51:40,469 - INFO - Building stim pattern for pattern_name 59
2026-02-02 14:51:40,478 - INFO - Building stim pattern for pattern_name 3299
2026-02-02 14:51:40,489 - INFO - Building stim pattern for pattern_name 2670
2026-02-02 14:51:40,501 - INFO - Building stim pattern for pattern_name 2439
2026-02-02 14:51:40,511 - INFO - Building stim pattern for pattern_name 283
2026-02-02 14:51:40,527 - INFO - Building stim pattern for pattern_name 3543
2026-02-02 14:51:40,538 - INFO - Building stim pattern for pattern_name 3824
2026-02-02 14:51:40,549 - INFO - Building stim pattern for pattern_name 3232
2026-02-02 14:51:40,561 - INFO - Building stim pattern for pattern_name 1803
2026-02-02 14:51:40,572 - INFO - Building stim pattern for pattern_name 1306
2026-02-02 14:51:40,588 - INFO - Building stim pattern for pattern_name 260
2026-02-02 14:51:40,599 - INFO - Building stim pattern for pattern_name 2071
2026-02-02 14:51:40,610 - INFO - Building stim pattern for pattern_name 379
2026-02-02 14:51:40,620 - INFO - Building stim pattern for pattern_name 3962
2026-02-02 14:51:40,635 - INFO - Building stim pattern for pattern_name 779
2026-02-02 14:51:40,646 - INFO - Building stim pattern for pattern_name 861
2026-02-02 14:51:40,663 - INFO - Building stim pattern for pattern_name 177
2026-02-02 14:51:40,693 - INFO - Building stim pattern for pattern_name 1338
2026-02-02 14:51:40,705 - INFO - Building stim pattern for pattern_name 312
2026-02-02 14:51:40,714 - INFO - Building stim pattern for pattern_name 163
2026-02-02 14:51:40,732 - INFO - Building stim pattern for pattern_name 3632
2026-02-02 14:51:40,749 - INFO - Building stim pattern for pattern_name 1904
2026-02-02 14:51:40,761 - INFO - Building stim pattern for pattern_name 1535
2026-02-02 14:51:40,773 - INFO - Building stim pattern for pattern_name 3490
2026-02-02 14:51:40,793 - INFO - Building stim pattern for pattern_name 2617
2026-02-02 14:51:40,805 - INFO - Building stim pattern for pattern_name 2490
2026-02-02 14:51:40,816 - INFO - Building stim pattern for pattern_name 1732
2026-02-02 14:51:40,833 - INFO - Building stim pattern for pattern_name 57
2026-02-02 14:51:40,844 - INFO - Building stim pattern for pattern_name 295
2026-02-02 14:51:40,861 - INFO - Building stim pattern for pattern_name 458
2026-02-02 14:51:40,872 - INFO - Building stim pattern for pattern_name 966
2026-02-02 14:51:40,883 - INFO - Building stim pattern for pattern_name 1797
2026-02-02 14:51:40,894 - INFO - Building stim pattern for pattern_name 3066
2026-02-02 14:51:40,904 - INFO - Building stim pattern for pattern_name 3681
2026-02-02 14:51:40,916 - INFO - Building stim pattern for pattern_name 2550
2026-02-02 14:51:40,927 - INFO - Building stim pattern for pattern_name 2187
2026-02-02 14:51:40,938 - INFO - Building stim pattern for pattern_name 2511
2026-02-02 14:51:40,949 - INFO - Building stim pattern for pattern_name 328
2026-02-02 14:51:40,959 - INFO - Building stim pattern for pattern_name 2477
2026-02-02 14:51:40,969 - INFO - Building stim pattern for pattern_name 299
2026-02-02 14:51:40,981 - INFO - Building stim pattern for pattern_name 2154
2026-02-02 14:51:40,991 - INFO - Building stim pattern for pattern_name 3324
2026-02-02 14:51:41,006 - INFO - Building stim pattern for pattern_name 2411
2026-02-02 14:51:41,016 - INFO - Building stim pattern for pattern_name 3928
2026-02-02 14:51:41,027 - INFO - Building stim pattern for pattern_name 315
2026-02-02 14:51:41,051 - INFO - Building stim pattern for pattern_name 2808
2026-02-02 14:51:41,069 - INFO - Building stim pattern for pattern_name 1712
2026-02-02 14:51:41,082 - INFO - Building stim pattern for pattern_name 2687
2026-02-02 14:51:41,103 - INFO - Building stim pattern for pattern_name 2116
2026-02-02 14:51:41,131 - INFO - Building stim pattern for pattern_name 3743
2026-02-02 14:51:41,148 - INFO - Building stim pattern for pattern_name 1185
2026-02-02 14:51:41,160 - INFO - Building stim pattern for pattern_name 3624
2026-02-02 14:51:41,172 - INFO - Building stim pattern for pattern_name 45
2026-02-02 14:51:41,184 - INFO - Building stim pattern for pattern_name 3977
2026-02-02 14:51:41,196 - INFO - Building stim pattern for pattern_name 807
2026-02-02 14:51:41,206 - INFO - Building stim pattern for pattern_name 1749
2026-02-02 14:51:41,217 - INFO - Building stim pattern for pattern_name 997
2026-02-02 14:51:41,228 - INFO - Building stim pattern for pattern_name 3006
2026-02-02 14:51:41,237 - INFO - Building stim pattern for pattern_name 1527
2026-02-02 14:51:41,248 - INFO - Building stim pattern for pattern_name 188
2026-02-02 14:51:41,259 - INFO - Building stim pattern for pattern_name 2707
2026-02-02 14:51:41,276 - INFO - Building stim pattern for pattern_name 1105
2026-02-02 14:51:41,286 - INFO - Building stim pattern for pattern_name 3918
2026-02-02 14:51:41,296 - INFO - Building stim pattern for pattern_name 1020
2026-02-02 14:51:41,308 - INFO - Building stim pattern for pattern_name 2975
2026-02-02 14:51:41,322 - INFO - Building stim pattern for pattern_name 3680
2026-02-02 14:51:41,332 - INFO - Building stim pattern for pattern_name 1981
2026-02-02 14:51:41,345 - INFO - Building stim pattern for pattern_name 1139
2026-02-02 14:51:41,356 - INFO - Building stim pattern for pattern_name 867
2026-02-02 14:51:41,368 - INFO - Building stim pattern for pattern_name 1378
2026-02-02 14:51:41,380 - INFO - Building stim pattern for pattern_name 1649
2026-02-02 14:51:41,392 - INFO - Building stim pattern for pattern_name 3927
2026-02-02 14:51:41,406 - INFO - Building stim pattern for pattern_name 3904
2026-02-02 14:51:41,425 - INFO - Building stim pattern for pattern_name 1605
2026-02-02 14:51:41,439 - INFO - Building stim pattern for pattern_name 1993
2026-02-02 14:51:41,450 - INFO - Building stim pattern for pattern_name 2703
2026-02-02 14:51:41,461 - INFO - Building stim pattern for pattern_name 2896
2026-02-02 14:51:41,472 - INFO - Building stim pattern for pattern_name 308
2026-02-02 14:51:41,484 - INFO - Building stim pattern for pattern_name 1179
2026-02-02 14:51:41,501 - INFO - Building stim pattern for pattern_name 3523
2026-02-02 14:51:41,516 - INFO - Building stim pattern for pattern_name 1409
2026-02-02 14:51:41,531 - INFO - Building stim pattern for pattern_name 3464
2026-02-02 14:51:41,547 - INFO - Building stim pattern for pattern_name 3750
2026-02-02 14:51:41,558 - INFO - Building stim pattern for pattern_name 331
2026-02-02 14:51:41,569 - INFO - Building stim pattern for pattern_name 1334
2026-02-02 14:51:41,581 - INFO - Building stim pattern for pattern_name 2553
2026-02-02 14:51:41,593 - INFO - Building stim pattern for pattern_name 874
2026-02-02 14:51:41,604 - INFO - Building stim pattern for pattern_name 2438
2026-02-02 14:51:41,617 - INFO - Building stim pattern for pattern_name 1658
2026-02-02 14:51:41,633 - INFO - Building stim pattern for pattern_name 2538
2026-02-02 14:51:41,644 - INFO - Building stim pattern for pattern_name 3519
2026-02-02 14:51:41,655 - INFO - Building stim pattern for pattern_name 3804
2026-02-02 14:51:41,666 - INFO - Building stim pattern for pattern_name 3281
2026-02-02 14:51:41,679 - INFO - Building stim pattern for pattern_name 1432
2026-02-02 14:51:41,689 - INFO - Building stim pattern for pattern_name 2906
2026-02-02 14:51:41,700 - INFO - Building stim pattern for pattern_name 2702
2026-02-02 14:51:41,711 - INFO - Building stim pattern for pattern_name 3250
2026-02-02 14:51:41,724 - INFO - Building stim pattern for pattern_name 2470
2026-02-02 14:51:41,736 - INFO - Building stim pattern for pattern_name 3154
2026-02-02 14:51:41,749 - INFO - Building stim pattern for pattern_name 2789
2026-02-02 14:51:41,768 - INFO - Building stim pattern for pattern_name 1474
2026-02-02 14:51:41,782 - INFO - Building stim pattern for pattern_name 736
2026-02-02 14:51:41,793 - INFO - Building stim pattern for pattern_name 3343
2026-02-02 14:51:41,806 - INFO - Building stim pattern for pattern_name 2317
2026-02-02 14:51:41,820 - INFO - Building stim pattern for pattern_name 3508
2026-02-02 14:51:41,832 - INFO - Building stim pattern for pattern_name 114
2026-02-02 14:51:41,844 - INFO - Building stim pattern for pattern_name 96
2026-02-02 14:51:41,855 - INFO - Building stim pattern for pattern_name 303
2026-02-02 14:51:41,866 - INFO - Building stim pattern for pattern_name 970
2026-02-02 14:51:41,889 - INFO - Building stim pattern for pattern_name 482
2026-02-02 14:51:41,900 - INFO - Building stim pattern for pattern_name 2678
2026-02-02 14:51:41,909 - INFO - Building stim pattern for pattern_name 2298
2026-02-02 14:51:41,920 - INFO - Building stim pattern for pattern_name 565
2026-02-02 14:51:41,942 - INFO - Building stim pattern for pattern_name 3819
2026-02-02 14:51:41,953 - INFO - Building stim pattern for pattern_name 2284
2026-02-02 14:51:41,964 - INFO - Building stim pattern for pattern_name 2489
2026-02-02 14:51:41,976 - INFO - Building stim pattern for pattern_name 1365
2026-02-02 14:51:41,987 - INFO - Building stim pattern for pattern_name 2817
2026-02-02 14:51:41,997 - INFO - Building stim pattern for pattern_name 1804
2026-02-02 14:51:42,008 - INFO - Building stim pattern for pattern_name 688
2026-02-02 14:51:42,018 - INFO - Building stim pattern for pattern_name 1071
2026-02-02 14:51:42,029 - INFO - Building stim pattern for pattern_name 1657
2026-02-02 14:51:42,039 - INFO - Building stim pattern for pattern_name 498
2026-02-02 14:51:42,048 - INFO - Building stim pattern for pattern_name 1100
2026-02-02 14:51:42,058 - INFO - Building stim pattern for pattern_name 2957
2026-02-02 14:51:42,069 - INFO - Building stim pattern for pattern_name 3502
2026-02-02 14:51:42,086 - INFO - Building stim pattern for pattern_name 1538
2026-02-02 14:51:42,097 - INFO - Building stim pattern for pattern_name 3999
2026-02-02 14:51:42,106 - INFO - Building stim pattern for pattern_name 3917
2026-02-02 14:51:42,125 - INFO - Building stim pattern for pattern_name 2823
2026-02-02 14:51:42,137 - INFO - Building stim pattern for pattern_name 2810
2026-02-02 14:51:42,147 - INFO - Building stim pattern for pattern_name 3921
2026-02-02 14:51:42,174 - INFO - Building stim pattern for pattern_name 1065
2026-02-02 14:51:42,190 - INFO - Building stim pattern for pattern_name 1066
2026-02-02 14:51:42,270 - INFO - Building stim pattern for pattern_name 3003
2026-02-02 14:51:42,300 - INFO - Building stim pattern for pattern_name 3609
2026-02-02 14:51:42,312 - INFO - Building stim pattern for pattern_name 1321
2026-02-02 14:51:42,326 - INFO - Building stim pattern for pattern_name 1922
2026-02-02 14:51:42,337 - INFO - Building stim pattern for pattern_name 2756
2026-02-02 14:51:42,348 - INFO - Building stim pattern for pattern_name 1164
2026-02-02 14:51:42,359 - INFO - Building stim pattern for pattern_name 620
2026-02-02 14:51:42,369 - INFO - Building stim pattern for pattern_name 2502
2026-02-02 14:51:42,383 - INFO - Building stim pattern for pattern_name 3068
2026-02-02 14:51:42,396 - INFO - Building stim pattern for pattern_name 1271
2026-02-02 14:51:42,412 - INFO - Building stim pattern for pattern_name 2243
2026-02-02 14:51:42,423 - INFO - Building stim pattern for pattern_name 1592
2026-02-02 14:51:42,434 - INFO - Building stim pattern for pattern_name 3035
2026-02-02 14:51:42,445 - INFO - Building stim pattern for pattern_name 999
2026-02-02 14:51:42,455 - INFO - Building stim pattern for pattern_name 2460
2026-02-02 14:51:42,464 - INFO - Building stim pattern for pattern_name 3320
2026-02-02 14:51:42,475 - INFO - Building stim pattern for pattern_name 958
2026-02-02 14:51:42,485 - INFO - Building stim pattern for pattern_name 215
2026-02-02 14:51:42,501 - INFO - Building stim pattern for pattern_name 2269
2026-02-02 14:51:42,516 - INFO - Building stim pattern for pattern_name 2797
2026-02-02 14:51:42,527 - INFO - Building stim pattern for pattern_name 2473
2026-02-02 14:51:42,538 - INFO - Building stim pattern for pattern_name 2127
2026-02-02 14:51:42,549 - INFO - Building stim pattern for pattern_name 3076
2026-02-02 14:51:42,561 - INFO - Building stim pattern for pattern_name 3346
2026-02-02 14:51:42,577 - INFO - Building stim pattern for pattern_name 2870
2026-02-02 14:51:42,587 - INFO - Building stim pattern for pattern_name 362
2026-02-02 14:51:42,597 - INFO - Building stim pattern for pattern_name 2903
2026-02-02 14:51:42,607 - INFO - Building stim pattern for pattern_name 3843
2026-02-02 14:51:42,618 - INFO - Building stim pattern for pattern_name 2373
2026-02-02 14:51:42,629 - INFO - Building stim pattern for pattern_name 1026
2026-02-02 14:51:42,639 - INFO - Building stim pattern for pattern_name 1055
2026-02-02 14:51:42,650 - INFO - Building stim pattern for pattern_name 2587
2026-02-02 14:51:42,661 - INFO - Building stim pattern for pattern_name 833
2026-02-02 14:51:42,672 - INFO - Building stim pattern for pattern_name 805
2026-02-02 14:51:42,683 - INFO - Building stim pattern for pattern_name 3244
2026-02-02 14:51:42,694 - INFO - Building stim pattern for pattern_name 1660
2026-02-02 14:51:42,706 - INFO - Building stim pattern for pattern_name 3319
2026-02-02 14:51:42,727 - INFO - Building stim pattern for pattern_name 1990
2026-02-02 14:51:42,747 - INFO - Building stim pattern for pattern_name 2952
2026-02-02 14:51:42,760 - INFO - Building stim pattern for pattern_name 3200
2026-02-02 14:51:42,777 - INFO - Building stim pattern for pattern_name 66
2026-02-02 14:51:42,787 - INFO - Building stim pattern for pattern_name 1088
2026-02-02 14:51:42,798 - INFO - Building stim pattern for pattern_name 2450
2026-02-02 14:51:42,811 - INFO - Building stim pattern for pattern_name 3016
2026-02-02 14:51:42,824 - INFO - Building stim pattern for pattern_name 2486
2026-02-02 14:51:42,837 - INFO - Building stim pattern for pattern_name 3414
2026-02-02 14:51:42,852 - INFO - Building stim pattern for pattern_name 2133
2026-02-02 14:51:42,862 - INFO - Building stim pattern for pattern_name 1046
2026-02-02 14:51:42,882 - INFO - Building stim pattern for pattern_name 977
2026-02-02 14:51:42,893 - INFO - Building stim pattern for pattern_name 3227
2026-02-02 14:51:42,904 - INFO - Building stim pattern for pattern_name 197
2026-02-02 14:51:42,914 - INFO - Building stim pattern for pattern_name 2257
2026-02-02 14:51:42,927 - INFO - Building stim pattern for pattern_name 3298
2026-02-02 14:51:42,940 - INFO - Building stim pattern for pattern_name 2003
2026-02-02 14:51:42,950 - INFO - Building stim pattern for pattern_name 513
2026-02-02 14:51:42,961 - INFO - Building stim pattern for pattern_name 2419
2026-02-02 14:51:42,972 - INFO - Building stim pattern for pattern_name 3182
2026-02-02 14:51:42,982 - INFO - Building stim pattern for pattern_name 2088
2026-02-02 14:51:42,994 - INFO - Building stim pattern for pattern_name 2825
2026-02-02 14:51:43,005 - INFO - Building stim pattern for pattern_name 2379
2026-02-02 14:51:43,015 - INFO - Building stim pattern for pattern_name 3664
2026-02-02 14:51:43,027 - INFO - Building stim pattern for pattern_name 789
2026-02-02 14:51:43,039 - INFO - Building stim pattern for pattern_name 755
2026-02-02 14:51:43,051 - INFO - Building stim pattern for pattern_name 2540
2026-02-02 14:51:43,062 - INFO - Building stim pattern for pattern_name 3166
2026-02-02 14:51:43,075 - INFO - Building stim pattern for pattern_name 868
2026-02-02 14:51:43,086 - INFO - Building stim pattern for pattern_name 1810
2026-02-02 14:51:43,097 - INFO - Building stim pattern for pattern_name 915
2026-02-02 14:51:43,108 - INFO - Building stim pattern for pattern_name 2335
2026-02-02 14:51:43,119 - INFO - Building stim pattern for pattern_name 1705
2026-02-02 14:51:43,129 - INFO - Building stim pattern for pattern_name 438
2026-02-02 14:51:43,138 - INFO - Building stim pattern for pattern_name 610
2026-02-02 14:51:43,149 - INFO - Building stim pattern for pattern_name 2784
2026-02-02 14:51:43,160 - INFO - Building stim pattern for pattern_name 2029
2026-02-02 14:51:43,169 - INFO - Building stim pattern for pattern_name 300
2026-02-02 14:51:43,179 - INFO - Building stim pattern for pattern_name 2853
2026-02-02 14:51:43,191 - INFO - Building stim pattern for pattern_name 3491
2026-02-02 14:51:43,200 - INFO - Building stim pattern for pattern_name 1597
2026-02-02 14:51:43,216 - INFO - Building stim pattern for pattern_name 14
2026-02-02 14:51:43,227 - INFO - Building stim pattern for pattern_name 3501
2026-02-02 14:51:43,238 - INFO - Building stim pattern for pattern_name 361
2026-02-02 14:51:43,249 - INFO - Building stim pattern for pattern_name 2121
2026-02-02 14:51:43,259 - INFO - Building stim pattern for pattern_name 864
2026-02-02 14:51:43,276 - INFO - Building stim pattern for pattern_name 92
2026-02-02 14:51:43,286 - INFO - Building stim pattern for pattern_name 3629
2026-02-02 14:51:43,296 - INFO - Building stim pattern for pattern_name 524
2026-02-02 14:51:43,309 - INFO - Building stim pattern for pattern_name 39
2026-02-02 14:51:43,322 - INFO - Building stim pattern for pattern_name 2119
2026-02-02 14:51:43,333 - INFO - Building stim pattern for pattern_name 477
2026-02-02 14:51:43,346 - INFO - Building stim pattern for pattern_name 3593
2026-02-02 14:51:43,365 - INFO - Building stim pattern for pattern_name 1828
2026-02-02 14:51:43,376 - INFO - Building stim pattern for pattern_name 907
2026-02-02 14:51:43,387 - INFO - Building stim pattern for pattern_name 2851
2026-02-02 14:51:43,399 - INFO - Building stim pattern for pattern_name 500
2026-02-02 14:51:43,410 - INFO - Building stim pattern for pattern_name 3578
2026-02-02 14:51:43,421 - INFO - Building stim pattern for pattern_name 1305
2026-02-02 14:51:43,433 - INFO - Building stim pattern for pattern_name 2354
2026-02-02 14:51:43,445 - INFO - Building stim pattern for pattern_name 2222
2026-02-02 14:51:43,464 - INFO - Building stim pattern for pattern_name 1896
2026-02-02 14:51:43,481 - INFO - Building stim pattern for pattern_name 3890
2026-02-02 14:51:43,494 - INFO - Building stim pattern for pattern_name 2947
2026-02-02 14:51:43,505 - INFO - Building stim pattern for pattern_name 1735
2026-02-02 14:51:43,520 - INFO - Building stim pattern for pattern_name 2173
2026-02-02 14:51:43,530 - INFO - Building stim pattern for pattern_name 1767
2026-02-02 14:51:43,541 - INFO - Building stim pattern for pattern_name 3499
2026-02-02 14:51:43,552 - INFO - Building stim pattern for pattern_name 1615
2026-02-02 14:51:43,562 - INFO - Building stim pattern for pattern_name 1532
2026-02-02 14:51:43,573 - INFO - Building stim pattern for pattern_name 3009
2026-02-02 14:51:43,584 - INFO - Building stim pattern for pattern_name 559
2026-02-02 14:51:43,597 - INFO - Building stim pattern for pattern_name 3677
2026-02-02 14:51:43,608 - INFO - Building stim pattern for pattern_name 595
2026-02-02 14:51:43,623 - INFO - Building stim pattern for pattern_name 1222
2026-02-02 14:51:43,632 - INFO - Building stim pattern for pattern_name 17
2026-02-02 14:51:43,642 - INFO - Building stim pattern for pattern_name 121
2026-02-02 14:51:43,654 - INFO - Building stim pattern for pattern_name 2149
2026-02-02 14:51:43,663 - INFO - Building stim pattern for pattern_name 1208
2026-02-02 14:51:43,672 - INFO - Building stim pattern for pattern_name 2917
2026-02-02 14:51:43,685 - INFO - Building stim pattern for pattern_name 2396
2026-02-02 14:51:43,695 - INFO - Building stim pattern for pattern_name 3959
2026-02-02 14:51:43,705 - INFO - Building stim pattern for pattern_name 2829
2026-02-02 14:51:43,717 - INFO - Building stim pattern for pattern_name 3766
2026-02-02 14:51:43,731 - INFO - Building stim pattern for pattern_name 589
2026-02-02 14:51:43,754 - INFO - Building stim pattern for pattern_name 3235
2026-02-02 14:51:43,771 - INFO - Building stim pattern for pattern_name 1920
2026-02-02 14:51:43,781 - INFO - Building stim pattern for pattern_name 3089
2026-02-02 14:51:43,797 - INFO - Building stim pattern for pattern_name 2923
2026-02-02 14:51:43,806 - INFO - Building stim pattern for pattern_name 3956
2026-02-02 14:51:43,817 - INFO - Building stim pattern for pattern_name 1729
2026-02-02 14:51:43,828 - INFO - Building stim pattern for pattern_name 971
2026-02-02 14:51:43,837 - INFO - Building stim pattern for pattern_name 1798
2026-02-02 14:51:43,850 - INFO - Building stim pattern for pattern_name 2762
2026-02-02 14:51:43,862 - INFO - Building stim pattern for pattern_name 828
2026-02-02 14:51:43,873 - INFO - Building stim pattern for pattern_name 685
2026-02-02 14:51:43,891 - INFO - Building stim pattern for pattern_name 3185
2026-02-02 14:51:43,902 - INFO - Building stim pattern for pattern_name 2775
2026-02-02 14:51:43,913 - INFO - Building stim pattern for pattern_name 2461
2026-02-02 14:51:43,924 - INFO - Building stim pattern for pattern_name 2586
2026-02-02 14:51:43,935 - INFO - Building stim pattern for pattern_name 3380
2026-02-02 14:51:43,946 - INFO - Building stim pattern for pattern_name 81
2026-02-02 14:51:43,957 - INFO - Building stim pattern for pattern_name 52
2026-02-02 14:51:43,967 - INFO - Building stim pattern for pattern_name 2369
2026-02-02 14:51:44,033 - INFO - Building stim pattern for pattern_name 1205
2026-02-02 14:51:44,063 - INFO - Building stim pattern for pattern_name 1188
2026-02-02 14:51:44,087 - INFO - Building stim pattern for pattern_name 561
2026-02-02 14:51:44,114 - INFO - Building stim pattern for pattern_name 678
2026-02-02 14:51:44,125 - INFO - Building stim pattern for pattern_name 406
2026-02-02 14:51:44,151 - INFO - Building stim pattern for pattern_name 1456
2026-02-02 14:51:44,162 - INFO - Building stim pattern for pattern_name 1526
2026-02-02 14:51:44,180 - INFO - Building stim pattern for pattern_name 1093
2026-02-02 14:51:44,191 - INFO - Building stim pattern for pattern_name 3775
2026-02-02 14:51:44,208 - INFO - Building stim pattern for pattern_name 3102
2026-02-02 14:51:44,220 - INFO - Building stim pattern for pattern_name 2788
2026-02-02 14:51:44,230 - INFO - Building stim pattern for pattern_name 3676
2026-02-02 14:51:44,241 - INFO - Building stim pattern for pattern_name 1067
2026-02-02 14:51:44,253 - INFO - Building stim pattern for pattern_name 3463
2026-02-02 14:51:44,264 - INFO - Building stim pattern for pattern_name 2800
2026-02-02 14:51:44,275 - INFO - Building stim pattern for pattern_name 2278
2026-02-02 14:51:44,297 - INFO - Building stim pattern for pattern_name 3933
2026-02-02 14:51:44,307 - INFO - Building stim pattern for pattern_name 2237
2026-02-02 14:51:44,318 - INFO - Building stim pattern for pattern_name 2180
2026-02-02 14:51:44,340 - INFO - Building stim pattern for pattern_name 913
2026-02-02 14:51:44,351 - INFO - Building stim pattern for pattern_name 2385
2026-02-02 14:51:44,361 - INFO - Building stim pattern for pattern_name 2367
2026-02-02 14:51:44,370 - INFO - Building stim pattern for pattern_name 1573
2026-02-02 14:51:44,381 - INFO - Building stim pattern for pattern_name 745
2026-02-02 14:51:44,392 - INFO - Building stim pattern for pattern_name 3303
2026-02-02 14:51:44,402 - INFO - Building stim pattern for pattern_name 681
2026-02-02 14:51:44,412 - INFO - Building stim pattern for pattern_name 3168
2026-02-02 14:51:44,422 - INFO - Building stim pattern for pattern_name 2944
2026-02-02 14:51:44,432 - INFO - Building stim pattern for pattern_name 941
2026-02-02 14:51:44,443 - INFO - Building stim pattern for pattern_name 940
2026-02-02 14:51:44,458 - INFO - Building stim pattern for pattern_name 3434
2026-02-02 14:51:44,469 - INFO - Building stim pattern for pattern_name 2722
2026-02-02 14:51:44,480 - INFO - Building stim pattern for pattern_name 1375
2026-02-02 14:51:44,489 - INFO - Building stim pattern for pattern_name 3659
2026-02-02 14:51:44,499 - INFO - Building stim pattern for pattern_name 2285
2026-02-02 14:51:44,510 - INFO - Building stim pattern for pattern_name 2514
2026-02-02 14:51:44,521 - INFO - Building stim pattern for pattern_name 2292
2026-02-02 14:51:44,533 - INFO - Building stim pattern for pattern_name 3855
2026-02-02 14:51:44,544 - INFO - Building stim pattern for pattern_name 3931
2026-02-02 14:51:44,554 - INFO - Building stim pattern for pattern_name 1741
2026-02-02 14:51:44,564 - INFO - Building stim pattern for pattern_name 3026
2026-02-02 14:51:44,574 - INFO - Building stim pattern for pattern_name 3082
2026-02-02 14:51:44,589 - INFO - Building stim pattern for pattern_name 706
2026-02-02 14:51:44,598 - INFO - Building stim pattern for pattern_name 1534
2026-02-02 14:51:44,615 - INFO - Building stim pattern for pattern_name 1113
2026-02-02 14:51:44,623 - INFO - Building stim pattern for pattern_name 119
2026-02-02 14:51:44,634 - INFO - Building stim pattern for pattern_name 2140
2026-02-02 14:51:44,645 - INFO - Building stim pattern for pattern_name 3044
2026-02-02 14:51:44,656 - INFO - Building stim pattern for pattern_name 3428
2026-02-02 14:51:44,667 - INFO - Building stim pattern for pattern_name 2614
2026-02-02 14:51:44,677 - INFO - Building stim pattern for pattern_name 3367
2026-02-02 14:51:44,688 - INFO - Building stim pattern for pattern_name 2109
2026-02-02 14:51:44,698 - INFO - Building stim pattern for pattern_name 2043
2026-02-02 14:51:44,709 - INFO - Building stim pattern for pattern_name 1987
2026-02-02 14:51:44,720 - INFO - Building stim pattern for pattern_name 534
2026-02-02 14:51:44,731 - INFO - Building stim pattern for pattern_name 3765
2026-02-02 14:51:44,744 - INFO - Building stim pattern for pattern_name 583
2026-02-02 14:51:44,763 - INFO - Building stim pattern for pattern_name 54
2026-02-02 14:51:44,773 - INFO - Building stim pattern for pattern_name 2897
2026-02-02 14:51:44,784 - INFO - Building stim pattern for pattern_name 1487
2026-02-02 14:51:44,794 - INFO - Building stim pattern for pattern_name 2465
2026-02-02 14:51:44,805 - INFO - Building stim pattern for pattern_name 397
2026-02-02 14:51:44,816 - INFO - Building stim pattern for pattern_name 1073
2026-02-02 14:51:44,826 - INFO - Building stim pattern for pattern_name 658
2026-02-02 14:51:44,838 - INFO - Building stim pattern for pattern_name 2312
2026-02-02 14:51:44,855 - INFO - Building stim pattern for pattern_name 2568
2026-02-02 14:51:44,870 - INFO - Building stim pattern for pattern_name 1832
2026-02-02 14:51:44,881 - INFO - Building stim pattern for pattern_name 3627
2026-02-02 14:51:44,892 - INFO - Building stim pattern for pattern_name 3174
2026-02-02 14:51:44,914 - INFO - Building stim pattern for pattern_name 338
2026-02-02 14:51:44,937 - INFO - Building stim pattern for pattern_name 505
2026-02-02 14:51:44,948 - INFO - Building stim pattern for pattern_name 863
2026-02-02 14:51:44,964 - INFO - Building stim pattern for pattern_name 3406
2026-02-02 14:51:44,976 - INFO - Building stim pattern for pattern_name 1880
2026-02-02 14:51:44,989 - INFO - Building stim pattern for pattern_name 428
2026-02-02 14:51:45,010 - INFO - Building stim pattern for pattern_name 2570
2026-02-02 14:51:45,022 - INFO - Building stim pattern for pattern_name 3587
2026-02-02 14:51:45,032 - INFO - Building stim pattern for pattern_name 2188
2026-02-02 14:51:45,043 - INFO - Building stim pattern for pattern_name 531
2026-02-02 14:51:45,055 - INFO - Building stim pattern for pattern_name 3484
2026-02-02 14:51:45,070 - INFO - Building stim pattern for pattern_name 586
2026-02-02 14:51:45,082 - INFO - Building stim pattern for pattern_name 3746
2026-02-02 14:51:45,093 - INFO - Building stim pattern for pattern_name 1629
2026-02-02 14:51:45,102 - INFO - Building stim pattern for pattern_name 1247
2026-02-02 14:51:45,117 - INFO - Building stim pattern for pattern_name 1011
2026-02-02 14:51:45,128 - INFO - Building stim pattern for pattern_name 2068
2026-02-02 14:51:45,144 - INFO - Building stim pattern for pattern_name 899
2026-02-02 14:51:45,159 - INFO - Building stim pattern for pattern_name 1464
2026-02-02 14:51:45,169 - INFO - Building stim pattern for pattern_name 2388
2026-02-02 14:51:45,180 - INFO - Building stim pattern for pattern_name 1050
2026-02-02 14:51:45,190 - INFO - Building stim pattern for pattern_name 3968
2026-02-02 14:51:45,200 - INFO - Building stim pattern for pattern_name 742
2026-02-02 14:51:45,215 - INFO - Building stim pattern for pattern_name 2742
2026-02-02 14:51:45,227 - INFO - Building stim pattern for pattern_name 2754
2026-02-02 14:51:45,237 - INFO - Building stim pattern for pattern_name 1884
2026-02-02 14:51:45,255 - INFO - Building stim pattern for pattern_name 741
2026-02-02 14:51:45,264 - INFO - Building stim pattern for pattern_name 2337
2026-02-02 14:51:45,275 - INFO - Building stim pattern for pattern_name 3215
2026-02-02 14:51:45,285 - INFO - Building stim pattern for pattern_name 1274
2026-02-02 14:51:45,297 - INFO - Building stim pattern for pattern_name 1134
2026-02-02 14:51:45,306 - INFO - Building stim pattern for pattern_name 982
2026-02-02 14:51:45,317 - INFO - Building stim pattern for pattern_name 1790
2026-02-02 14:51:45,328 - INFO - Building stim pattern for pattern_name 3221
2026-02-02 14:51:45,340 - INFO - Building stim pattern for pattern_name 2455
2026-02-02 14:51:45,351 - INFO - Building stim pattern for pattern_name 866
2026-02-02 14:51:45,361 - INFO - Building stim pattern for pattern_name 2561
2026-02-02 14:51:45,371 - INFO - Building stim pattern for pattern_name 1812
2026-02-02 14:51:45,382 - INFO - Building stim pattern for pattern_name 1370
2026-02-02 14:51:45,392 - INFO - Building stim pattern for pattern_name 787
2026-02-02 14:51:45,403 - INFO - Building stim pattern for pattern_name 209
2026-02-02 14:51:45,415 - INFO - Building stim pattern for pattern_name 3952
2026-02-02 14:51:45,440 - INFO - Building stim pattern for pattern_name 1633
2026-02-02 14:51:45,452 - INFO - Building stim pattern for pattern_name 3946
2026-02-02 14:51:45,462 - INFO - Building stim pattern for pattern_name 3039
2026-02-02 14:51:45,473 - INFO - Building stim pattern for pattern_name 1612
2026-02-02 14:51:45,484 - INFO - Building stim pattern for pattern_name 2531
2026-02-02 14:51:45,494 - INFO - Building stim pattern for pattern_name 2668
2026-02-02 14:51:45,506 - INFO - Building stim pattern for pattern_name 1466
2026-02-02 14:51:45,516 - INFO - Building stim pattern for pattern_name 1519
2026-02-02 14:51:45,538 - INFO - Building stim pattern for pattern_name 3485
2026-02-02 14:51:45,549 - INFO - Building stim pattern for pattern_name 991
2026-02-02 14:51:45,561 - INFO - Building stim pattern for pattern_name 3171
2026-02-02 14:51:45,572 - INFO - Building stim pattern for pattern_name 1123
2026-02-02 14:51:45,581 - INFO - Building stim pattern for pattern_name 2076
2026-02-02 14:51:45,592 - INFO - Building stim pattern for pattern_name 2191
2026-02-02 14:51:45,603 - INFO - Building stim pattern for pattern_name 1443
2026-02-02 14:51:45,613 - INFO - Building stim pattern for pattern_name 34
2026-02-02 14:51:45,623 - INFO - Building stim pattern for pattern_name 191
2026-02-02 14:51:45,632 - INFO - Building stim pattern for pattern_name 1706
2026-02-02 14:51:45,648 - INFO - Building stim pattern for pattern_name 2052
2026-02-02 14:51:45,659 - INFO - Building stim pattern for pattern_name 3340
2026-02-02 14:51:45,669 - INFO - Building stim pattern for pattern_name 3922
2026-02-02 14:51:45,679 - INFO - Building stim pattern for pattern_name 2268
2026-02-02 14:51:45,689 - INFO - Building stim pattern for pattern_name 3887
2026-02-02 14:51:45,699 - INFO - Building stim pattern for pattern_name 591
2026-02-02 14:51:45,709 - INFO - Building stim pattern for pattern_name 3030
2026-02-02 14:51:45,720 - INFO - Building stim pattern for pattern_name 2466
2026-02-02 14:51:45,777 - INFO - Building stim pattern for pattern_name 884
2026-02-02 14:51:45,812 - INFO - Building stim pattern for pattern_name 3477
2026-02-02 14:51:45,829 - INFO - Building stim pattern for pattern_name 981
2026-02-02 14:51:45,851 - INFO - Building stim pattern for pattern_name 920
2026-02-02 14:51:45,862 - INFO - Building stim pattern for pattern_name 3924
2026-02-02 14:51:45,872 - INFO - Building stim pattern for pattern_name 3049
2026-02-02 14:51:45,882 - INFO - Building stim pattern for pattern_name 1450
2026-02-02 14:51:45,892 - INFO - Building stim pattern for pattern_name 341
2026-02-02 14:51:45,902 - INFO - Building stim pattern for pattern_name 3189
2026-02-02 14:51:45,917 - INFO - Building stim pattern for pattern_name 2357
2026-02-02 14:51:45,927 - INFO - Building stim pattern for pattern_name 3716
2026-02-02 14:51:45,937 - INFO - Building stim pattern for pattern_name 269
2026-02-02 14:51:45,948 - INFO - Building stim pattern for pattern_name 674
2026-02-02 14:51:45,962 - INFO - Building stim pattern for pattern_name 2831
2026-02-02 14:51:45,972 - INFO - Building stim pattern for pattern_name 1357
2026-02-02 14:51:45,982 - INFO - Building stim pattern for pattern_name 3902
2026-02-02 14:51:45,994 - INFO - Building stim pattern for pattern_name 587
2026-02-02 14:51:46,009 - INFO - Building stim pattern for pattern_name 3738
2026-02-02 14:51:46,021 - INFO - Building stim pattern for pattern_name 1807
2026-02-02 14:51:46,032 - INFO - Building stim pattern for pattern_name 1299
2026-02-02 14:51:46,043 - INFO - Building stim pattern for pattern_name 656
2026-02-02 14:51:46,054 - INFO - Building stim pattern for pattern_name 1635
2026-02-02 14:51:46,064 - INFO - Building stim pattern for pattern_name 908
2026-02-02 14:51:46,075 - INFO - Building stim pattern for pattern_name 3870
2026-02-02 14:51:46,095 - INFO - Building stim pattern for pattern_name 3638
2026-02-02 14:51:46,113 - INFO - Building stim pattern for pattern_name 1777
2026-02-02 14:51:46,128 - INFO - Building stim pattern for pattern_name 467
2026-02-02 14:51:46,138 - INFO - Building stim pattern for pattern_name 3388
2026-02-02 14:51:46,162 - INFO - Building stim pattern for pattern_name 3144
2026-02-02 14:51:46,174 - INFO - Building stim pattern for pattern_name 2912
2026-02-02 14:51:46,185 - INFO - Building stim pattern for pattern_name 3314
2026-02-02 14:51:46,195 - INFO - Building stim pattern for pattern_name 2380
2026-02-02 14:51:46,212 - INFO - Building stim pattern for pattern_name 696
2026-02-02 14:51:46,231 - INFO - Building stim pattern for pattern_name 3424
2026-02-02 14:51:46,242 - INFO - Building stim pattern for pattern_name 876
2026-02-02 14:51:46,251 - INFO - Building stim pattern for pattern_name 1498
2026-02-02 14:51:46,261 - INFO - Building stim pattern for pattern_name 3771
2026-02-02 14:51:46,271 - INFO - Building stim pattern for pattern_name 3544
2026-02-02 14:51:46,291 - INFO - Building stim pattern for pattern_name 1871
2026-02-02 14:51:46,302 - INFO - Building stim pattern for pattern_name 3647
2026-02-02 14:51:46,313 - INFO - Building stim pattern for pattern_name 2988
2026-02-02 14:51:46,322 - INFO - Building stim pattern for pattern_name 2937
2026-02-02 14:51:46,337 - INFO - Building stim pattern for pattern_name 2953
2026-02-02 14:51:46,348 - INFO - Building stim pattern for pattern_name 1641
2026-02-02 14:51:46,356 - INFO - Building stim pattern for pattern_name 1902
2026-02-02 14:51:46,367 - INFO - Building stim pattern for pattern_name 3443
2026-02-02 14:51:46,377 - INFO - Building stim pattern for pattern_name 3421
2026-02-02 14:51:46,386 - INFO - Building stim pattern for pattern_name 3399
2026-02-02 14:51:46,397 - INFO - Building stim pattern for pattern_name 3396
2026-02-02 14:51:46,408 - INFO - Building stim pattern for pattern_name 2926
2026-02-02 14:51:46,417 - INFO - Building stim pattern for pattern_name 2653
2026-02-02 14:51:46,427 - INFO - Building stim pattern for pattern_name 3900
2026-02-02 14:51:46,437 - INFO - Building stim pattern for pattern_name 2832
2026-02-02 14:51:46,448 - INFO - Building stim pattern for pattern_name 3449
2026-02-02 14:51:46,458 - INFO - Building stim pattern for pattern_name 541
2026-02-02 14:51:46,469 - INFO - Building stim pattern for pattern_name 3152
2026-02-02 14:51:46,483 - INFO - Building stim pattern for pattern_name 3156
2026-02-02 14:51:46,496 - INFO - Building stim pattern for pattern_name 2362
2026-02-02 14:51:46,506 - INFO - Building stim pattern for pattern_name 196
2026-02-02 14:51:46,520 - INFO - Building stim pattern for pattern_name 2015
2026-02-02 14:51:46,532 - INFO - Building stim pattern for pattern_name 2241
2026-02-02 14:51:46,546 - INFO - Building stim pattern for pattern_name 3802
2026-02-02 14:51:46,558 - INFO - Building stim pattern for pattern_name 3513
2026-02-02 14:51:46,569 - INFO - Building stim pattern for pattern_name 171
2026-02-02 14:51:46,580 - INFO - Building stim pattern for pattern_name 1554
2026-02-02 14:51:46,592 - INFO - Building stim pattern for pattern_name 138
2026-02-02 14:51:46,604 - INFO - Building stim pattern for pattern_name 1653
2026-02-02 14:51:46,614 - INFO - Building stim pattern for pattern_name 2766
2026-02-02 14:51:46,627 - INFO - Building stim pattern for pattern_name 280
2026-02-02 14:51:46,638 - INFO - Building stim pattern for pattern_name 3297
2026-02-02 14:51:46,648 - INFO - Building stim pattern for pattern_name 3483
2026-02-02 14:51:46,659 - INFO - Building stim pattern for pattern_name 160
2026-02-02 14:51:46,680 - INFO - Building stim pattern for pattern_name 1957
2026-02-02 14:51:46,690 - INFO - Building stim pattern for pattern_name 335
2026-02-02 14:51:46,700 - INFO - Building stim pattern for pattern_name 3691
2026-02-02 14:51:46,713 - INFO - Building stim pattern for pattern_name 506
2026-02-02 14:51:46,733 - INFO - Building stim pattern for pattern_name 3559
2026-02-02 14:51:46,763 - INFO - Building stim pattern for pattern_name 1548
2026-02-02 14:51:46,775 - INFO - Building stim pattern for pattern_name 2682
2026-02-02 14:51:46,789 - INFO - Building stim pattern for pattern_name 675
2026-02-02 14:51:46,802 - INFO - Building stim pattern for pattern_name 3706
2026-02-02 14:51:46,813 - INFO - Building stim pattern for pattern_name 1023
2026-02-02 14:51:46,824 - INFO - Building stim pattern for pattern_name 2508
2026-02-02 14:51:46,834 - INFO - Building stim pattern for pattern_name 3393
2026-02-02 14:51:46,845 - INFO - Building stim pattern for pattern_name 1665
2026-02-02 14:51:46,855 - INFO - Building stim pattern for pattern_name 643
2026-02-02 14:51:46,866 - INFO - Building stim pattern for pattern_name 2468
2026-02-02 14:51:46,877 - INFO - Building stim pattern for pattern_name 2792
2026-02-02 14:51:46,887 - INFO - Building stim pattern for pattern_name 3528
2026-02-02 14:51:46,897 - INFO - Building stim pattern for pattern_name 134
2026-02-02 14:51:46,908 - INFO - Building stim pattern for pattern_name 3371
2026-02-02 14:51:46,918 - INFO - Building stim pattern for pattern_name 1849
2026-02-02 14:51:46,929 - INFO - Building stim pattern for pattern_name 3284
2026-02-02 14:51:46,939 - INFO - Building stim pattern for pattern_name 3342
2026-02-02 14:51:46,950 - INFO - Building stim pattern for pattern_name 2318
2026-02-02 14:51:46,963 - INFO - Building stim pattern for pattern_name 1661
2026-02-02 14:51:46,976 - INFO - Building stim pattern for pattern_name 3323
2026-02-02 14:51:47,001 - INFO - Building stim pattern for pattern_name 827
2026-02-02 14:51:47,041 - INFO - Building stim pattern for pattern_name 1108
2026-02-02 14:51:47,055 - INFO - Building stim pattern for pattern_name 2516
2026-02-02 14:51:47,121 - INFO - Building stim pattern for pattern_name 1925
2026-02-02 14:51:47,158 - INFO - Building stim pattern for pattern_name 1147
2026-02-02 14:51:47,186 - INFO - Building stim pattern for pattern_name 1944
2026-02-02 14:51:47,200 - INFO - Building stim pattern for pattern_name 3947
2026-02-02 14:51:47,213 - INFO - Building stim pattern for pattern_name 2372
2026-02-02 14:51:47,223 - INFO - Building stim pattern for pattern_name 1964
2026-02-02 14:51:47,234 - INFO - Building stim pattern for pattern_name 2679
2026-02-02 14:51:47,246 - INFO - Building stim pattern for pattern_name 751
2026-02-02 14:51:47,257 - INFO - Building stim pattern for pattern_name 2811
2026-02-02 14:51:47,268 - INFO - Building stim pattern for pattern_name 872
2026-02-02 14:51:47,280 - INFO - Building stim pattern for pattern_name 2611
2026-02-02 14:51:47,300 - INFO - Building stim pattern for pattern_name 2981
2026-02-02 14:51:47,314 - INFO - Building stim pattern for pattern_name 1951
2026-02-02 14:51:47,326 - INFO - Building stim pattern for pattern_name 383
2026-02-02 14:51:47,336 - INFO - Building stim pattern for pattern_name 2484
2026-02-02 14:51:47,347 - INFO - Building stim pattern for pattern_name 1485
2026-02-02 14:51:47,364 - INFO - Building stim pattern for pattern_name 1160
2026-02-02 14:51:47,378 - INFO - Building stim pattern for pattern_name 151
2026-02-02 14:51:47,488 - INFO - Building stim pattern for pattern_name 514
2026-02-02 14:51:47,518 - INFO - Building stim pattern for pattern_name 393
2026-02-02 14:51:47,534 - INFO - Building stim pattern for pattern_name 1482
2026-02-02 14:51:47,547 - INFO - Building stim pattern for pattern_name 1999
2026-02-02 14:51:47,560 - INFO - Building stim pattern for pattern_name 640
2026-02-02 14:51:47,574 - INFO - Building stim pattern for pattern_name 2978
2026-02-02 14:51:47,590 - INFO - Building stim pattern for pattern_name 204
2026-02-02 14:51:47,602 - INFO - Building stim pattern for pattern_name 2435
2026-02-02 14:51:47,614 - INFO - Building stim pattern for pattern_name 3594
2026-02-02 14:51:47,625 - INFO - Building stim pattern for pattern_name 996
2026-02-02 14:51:47,635 - INFO - Building stim pattern for pattern_name 797
2026-02-02 14:51:47,653 - INFO - Building stim pattern for pattern_name 3019
2026-02-02 14:51:47,663 - INFO - Building stim pattern for pattern_name 3784
2026-02-02 14:51:47,777 - INFO - Building stim pattern for pattern_name 3846
2026-02-02 14:51:47,793 - INFO - Building stim pattern for pattern_name 2151
2026-02-02 14:51:47,804 - INFO - Building stim pattern for pattern_name 978
2026-02-02 14:51:47,815 - INFO - Building stim pattern for pattern_name 1379
2026-02-02 14:51:47,825 - INFO - Building stim pattern for pattern_name 3310
2026-02-02 14:51:47,843 - INFO - Building stim pattern for pattern_name 1317
2026-02-02 14:51:47,853 - INFO - Building stim pattern for pattern_name 3964
2026-02-02 14:51:47,864 - INFO - Building stim pattern for pattern_name 156
2026-02-02 14:51:47,874 - INFO - Building stim pattern for pattern_name 680
2026-02-02 14:51:47,884 - INFO - Building stim pattern for pattern_name 664
2026-02-02 14:51:47,904 - INFO - Building stim pattern for pattern_name 2634
2026-02-02 14:51:47,915 - INFO - Building stim pattern for pattern_name 1429
2026-02-02 14:51:47,924 - INFO - Building stim pattern for pattern_name 3381
2026-02-02 14:51:47,933 - INFO - Building stim pattern for pattern_name 1582
2026-02-02 14:51:47,950 - INFO - Building stim pattern for pattern_name 3972
2026-02-02 14:51:47,960 - INFO - Building stim pattern for pattern_name 2229
2026-02-02 14:51:47,976 - INFO - Building stim pattern for pattern_name 232
2026-02-02 14:51:47,997 - INFO - Building stim pattern for pattern_name 1303
2026-02-02 14:51:48,009 - INFO - Building stim pattern for pattern_name 3910
2026-02-02 14:51:48,028 - INFO - Building stim pattern for pattern_name 3364
2026-02-02 14:51:48,046 - INFO - Building stim pattern for pattern_name 1549
2026-02-02 14:51:48,060 - INFO - Building stim pattern for pattern_name 2790
2026-02-02 14:51:48,072 - INFO - Building stim pattern for pattern_name 2708
2026-02-02 14:51:48,083 - INFO - Building stim pattern for pattern_name 2001
2026-02-02 14:51:48,093 - INFO - Building stim pattern for pattern_name 743
2026-02-02 14:51:48,104 - INFO - Building stim pattern for pattern_name 853
2026-02-02 14:51:48,125 - INFO - Building stim pattern for pattern_name 2588
2026-02-02 14:51:48,140 - INFO - Building stim pattern for pattern_name 1031
2026-02-02 14:51:48,151 - INFO - Building stim pattern for pattern_name 1587
2026-02-02 14:51:48,160 - INFO - Building stim pattern for pattern_name 1522
2026-02-02 14:51:48,178 - INFO - Building stim pattern for pattern_name 2327
2026-02-02 14:51:48,191 - INFO - Building stim pattern for pattern_name 165
2026-02-02 14:51:48,201 - INFO - Building stim pattern for pattern_name 3592
2026-02-02 14:51:48,215 - INFO - Building stim pattern for pattern_name 2798
2026-02-02 14:51:48,227 - INFO - Building stim pattern for pattern_name 772
2026-02-02 14:51:48,239 - INFO - Building stim pattern for pattern_name 2144
2026-02-02 14:51:48,256 - INFO - Building stim pattern for pattern_name 49
2026-02-02 14:51:48,280 - INFO - Building stim pattern for pattern_name 298
2026-02-02 14:51:48,291 - INFO - Building stim pattern for pattern_name 2270
2026-02-02 14:51:48,308 - INFO - Building stim pattern for pattern_name 2056
2026-02-02 14:51:48,319 - INFO - Building stim pattern for pattern_name 2207
2026-02-02 14:51:48,330 - INFO - Building stim pattern for pattern_name 3542
2026-02-02 14:51:48,340 - INFO - Building stim pattern for pattern_name 3338
2026-02-02 14:51:48,351 - INFO - Building stim pattern for pattern_name 105
2026-02-02 14:51:48,361 - INFO - Building stim pattern for pattern_name 3129
2026-02-02 14:51:48,378 - INFO - Building stim pattern for pattern_name 2027
2026-02-02 14:51:48,388 - INFO - Building stim pattern for pattern_name 2242
2026-02-02 14:51:48,399 - INFO - Building stim pattern for pattern_name 1302
2026-02-02 14:51:48,409 - INFO - Building stim pattern for pattern_name 2673
2026-02-02 14:51:48,420 - INFO - Building stim pattern for pattern_name 496
2026-02-02 14:51:48,431 - INFO - Building stim pattern for pattern_name 2104
2026-02-02 14:51:48,440 - INFO - Building stim pattern for pattern_name 1553
2026-02-02 14:51:48,455 - INFO - Building stim pattern for pattern_name 1889
2026-02-02 14:51:48,466 - INFO - Building stim pattern for pattern_name 669
2026-02-02 14:51:48,477 - INFO - Building stim pattern for pattern_name 2277
2026-02-02 14:51:48,487 - INFO - Building stim pattern for pattern_name 3260
2026-02-02 14:51:48,498 - INFO - Building stim pattern for pattern_name 1835
2026-02-02 14:51:48,508 - INFO - Building stim pattern for pattern_name 1788
2026-02-02 14:51:48,518 - INFO - Building stim pattern for pattern_name 247
2026-02-02 14:51:48,530 - INFO - Building stim pattern for pattern_name 1318
2026-02-02 14:51:48,542 - INFO - Building stim pattern for pattern_name 3131
2026-02-02 14:51:48,555 - INFO - Building stim pattern for pattern_name 434
2026-02-02 14:51:48,567 - INFO - Building stim pattern for pattern_name 582
2026-02-02 14:51:48,578 - INFO - Building stim pattern for pattern_name 1200
2026-02-02 14:51:48,590 - INFO - Building stim pattern for pattern_name 2115
2026-02-02 14:51:48,601 - INFO - Building stim pattern for pattern_name 7
2026-02-02 14:51:48,611 - INFO - Building stim pattern for pattern_name 1782
2026-02-02 14:51:48,623 - INFO - Building stim pattern for pattern_name 3444
2026-02-02 14:51:48,634 - INFO - Building stim pattern for pattern_name 3613
2026-02-02 14:51:48,645 - INFO - Building stim pattern for pattern_name 810
2026-02-02 14:51:48,655 - INFO - Building stim pattern for pattern_name 1912
2026-02-02 14:51:48,666 - INFO - Building stim pattern for pattern_name 3403
2026-02-02 14:51:48,676 - INFO - Building stim pattern for pattern_name 2358
2026-02-02 14:51:48,687 - INFO - Building stim pattern for pattern_name 1038
2026-02-02 14:51:48,696 - INFO - Building stim pattern for pattern_name 1129
2026-02-02 14:51:48,707 - INFO - Building stim pattern for pattern_name 2712
2026-02-02 14:51:48,718 - INFO - Building stim pattern for pattern_name 2206
2026-02-02 14:51:48,728 - INFO - Building stim pattern for pattern_name 871
2026-02-02 14:51:48,737 - INFO - Building stim pattern for pattern_name 2815
2026-02-02 14:51:48,748 - INFO - Building stim pattern for pattern_name 3879
2026-02-02 14:51:48,767 - INFO - Building stim pattern for pattern_name 3553
2026-02-02 14:51:48,776 - INFO - Building stim pattern for pattern_name 1101
2026-02-02 14:51:48,786 - INFO - Building stim pattern for pattern_name 2619
2026-02-02 14:51:48,796 - INFO - Building stim pattern for pattern_name 1877
2026-02-02 14:51:48,807 - INFO - Building stim pattern for pattern_name 2276
2026-02-02 14:51:48,823 - INFO - Building stim pattern for pattern_name 604
2026-02-02 14:51:48,834 - INFO - Building stim pattern for pattern_name 1085
2026-02-02 14:51:48,851 - INFO - Building stim pattern for pattern_name 2898
2026-02-02 14:51:48,862 - INFO - Building stim pattern for pattern_name 682
2026-02-02 14:51:48,873 - INFO - Building stim pattern for pattern_name 186
2026-02-02 14:51:48,883 - INFO - Building stim pattern for pattern_name 1682
2026-02-02 14:51:48,894 - INFO - Building stim pattern for pattern_name 2072
2026-02-02 14:51:48,906 - INFO - Building stim pattern for pattern_name 2869
2026-02-02 14:51:48,915 - INFO - Building stim pattern for pattern_name 1601
2026-02-02 14:51:48,926 - INFO - Building stim pattern for pattern_name 2158
2026-02-02 14:51:48,943 - INFO - Building stim pattern for pattern_name 2099
2026-02-02 14:51:48,955 - INFO - Building stim pattern for pattern_name 1704
2026-02-02 14:51:48,965 - INFO - Building stim pattern for pattern_name 3527
2026-02-02 14:51:48,975 - INFO - Building stim pattern for pattern_name 2244
2026-02-02 14:51:48,985 - INFO - Building stim pattern for pattern_name 2041
2026-02-02 14:51:49,002 - INFO - Building stim pattern for pattern_name 3312
2026-02-02 14:51:49,013 - INFO - Building stim pattern for pattern_name 2403
2026-02-02 14:51:49,024 - INFO - Building stim pattern for pattern_name 2842
2026-02-02 14:51:49,035 - INFO - Building stim pattern for pattern_name 719
2026-02-02 14:51:49,045 - INFO - Building stim pattern for pattern_name 3539
2026-02-02 14:51:49,054 - INFO - Building stim pattern for pattern_name 2724
2026-02-02 14:51:49,065 - INFO - Building stim pattern for pattern_name 3429
2026-02-02 14:51:49,077 - INFO - Building stim pattern for pattern_name 3252
2026-02-02 14:51:49,094 - INFO - Building stim pattern for pattern_name 3938
2026-02-02 14:51:49,112 - INFO - Building stim pattern for pattern_name 3259
2026-02-02 14:51:49,122 - INFO - Building stim pattern for pattern_name 2037
2026-02-02 14:51:49,137 - INFO - Building stim pattern for pattern_name 1927
2026-02-02 14:51:49,148 - INFO - Building stim pattern for pattern_name 3683
2026-02-02 14:51:49,160 - INFO - Building stim pattern for pattern_name 1150
2026-02-02 14:51:49,170 - INFO - Building stim pattern for pattern_name 3336
2026-02-02 14:51:49,180 - INFO - Building stim pattern for pattern_name 1286
2026-02-02 14:51:49,198 - INFO - Building stim pattern for pattern_name 3065
2026-02-02 14:51:49,212 - INFO - Building stim pattern for pattern_name 3472
2026-02-02 14:51:49,234 - INFO - Building stim pattern for pattern_name 898
2026-02-02 14:51:49,245 - INFO - Building stim pattern for pattern_name 1189
2026-02-02 14:51:49,256 - INFO - Building stim pattern for pattern_name 1556
2026-02-02 14:51:49,267 - INFO - Building stim pattern for pattern_name 1290
2026-02-02 14:51:49,284 - INFO - Building stim pattern for pattern_name 1391
2026-02-02 14:51:49,295 - INFO - Building stim pattern for pattern_name 3135
2026-02-02 14:51:49,307 - INFO - Building stim pattern for pattern_name 71
2026-02-02 14:51:49,324 - INFO - Building stim pattern for pattern_name 3362
2026-02-02 14:51:49,334 - INFO - Building stim pattern for pattern_name 359
2026-02-02 14:51:49,345 - INFO - Building stim pattern for pattern_name 450
2026-02-02 14:51:49,355 - INFO - Building stim pattern for pattern_name 3170
2026-02-02 14:51:49,364 - INFO - Building stim pattern for pattern_name 1447
2026-02-02 14:51:49,374 - INFO - Building stim pattern for pattern_name 1070
2026-02-02 14:51:49,383 - INFO - Building stim pattern for pattern_name 193
2026-02-02 14:51:49,393 - INFO - Building stim pattern for pattern_name 1942
2026-02-02 14:51:49,404 - INFO - Building stim pattern for pattern_name 79
2026-02-02 14:51:49,417 - INFO - Building stim pattern for pattern_name 2787
2026-02-02 14:51:49,428 - INFO - Building stim pattern for pattern_name 2017
2026-02-02 14:51:49,439 - INFO - Building stim pattern for pattern_name 3218
2026-02-02 14:51:49,449 - INFO - Building stim pattern for pattern_name 42
2026-02-02 14:51:49,461 - INFO - Building stim pattern for pattern_name 2710
2026-02-02 14:51:49,480 - INFO - Building stim pattern for pattern_name 456
2026-02-02 14:51:49,492 - INFO - Building stim pattern for pattern_name 2390
2026-02-02 14:51:49,508 - INFO - Building stim pattern for pattern_name 1959
2026-02-02 14:51:49,519 - INFO - Building stim pattern for pattern_name 3536
2026-02-02 14:51:49,530 - INFO - Building stim pattern for pattern_name 1309
2026-02-02 14:51:49,540 - INFO - Building stim pattern for pattern_name 1681
2026-02-02 14:51:49,550 - INFO - Building stim pattern for pattern_name 2980
2026-02-02 14:51:49,565 - INFO - Building stim pattern for pattern_name 3274
2026-02-02 14:51:49,583 - INFO - Building stim pattern for pattern_name 813
2026-02-02 14:51:49,594 - INFO - Building stim pattern for pattern_name 2293
2026-02-02 14:51:49,610 - INFO - Building stim pattern for pattern_name 1775
2026-02-02 14:51:49,620 - INFO - Building stim pattern for pattern_name 572
2026-02-02 14:51:49,631 - INFO - Building stim pattern for pattern_name 3372
2026-02-02 14:51:49,661 - INFO - Building stim pattern for pattern_name 1952
2026-02-02 14:51:49,679 - INFO - Building stim pattern for pattern_name 2674
2026-02-02 14:51:49,689 - INFO - Building stim pattern for pattern_name 1115
2026-02-02 14:51:49,701 - INFO - Building stim pattern for pattern_name 2635
2026-02-02 14:51:49,711 - INFO - Building stim pattern for pattern_name 44
2026-02-02 14:51:49,727 - INFO - Building stim pattern for pattern_name 2067
2026-02-02 14:51:49,737 - INFO - Building stim pattern for pattern_name 2861
2026-02-02 14:51:49,753 - INFO - Building stim pattern for pattern_name 611
2026-02-02 14:51:49,764 - INFO - Building stim pattern for pattern_name 381
2026-02-02 14:51:49,775 - INFO - Building stim pattern for pattern_name 615
2026-02-02 14:51:49,791 - INFO - Building stim pattern for pattern_name 3363
2026-02-02 14:51:49,802 - INFO - Building stim pattern for pattern_name 3702
2026-02-02 14:51:49,812 - INFO - Building stim pattern for pattern_name 3370
2026-02-02 14:51:49,822 - INFO - Building stim pattern for pattern_name 2204
2026-02-02 14:51:49,833 - INFO - Building stim pattern for pattern_name 3983
2026-02-02 14:51:49,843 - INFO - Building stim pattern for pattern_name 84
2026-02-02 14:51:49,853 - INFO - Building stim pattern for pattern_name 1662
2026-02-02 14:51:49,864 - INFO - Building stim pattern for pattern_name 1792
2026-02-02 14:51:49,873 - INFO - Building stim pattern for pattern_name 1137
2026-02-02 14:51:49,883 - INFO - Building stim pattern for pattern_name 168
2026-02-02 14:51:49,893 - INFO - Building stim pattern for pattern_name 2493
2026-02-02 14:51:49,904 - INFO - Building stim pattern for pattern_name 1988
2026-02-02 14:51:49,915 - INFO - Building stim pattern for pattern_name 235
2026-02-02 14:51:49,932 - INFO - Building stim pattern for pattern_name 2883
2026-02-02 14:51:49,946 - INFO - Building stim pattern for pattern_name 932
2026-02-02 14:51:49,981 - INFO - Building stim pattern for pattern_name 1679
2026-02-02 14:51:49,995 - INFO - Building stim pattern for pattern_name 3379
2026-02-02 14:51:50,012 - INFO - Building stim pattern for pattern_name 2216
2026-02-02 14:51:50,023 - INFO - Building stim pattern for pattern_name 1917
2026-02-02 14:51:50,035 - INFO - Building stim pattern for pattern_name 3120
2026-02-02 14:51:50,060 - INFO - Building stim pattern for pattern_name 786
2026-02-02 14:51:50,079 - INFO - Building stim pattern for pattern_name 1491
2026-02-02 14:51:50,090 - INFO - Building stim pattern for pattern_name 3598
2026-02-02 14:51:50,103 - INFO - Building stim pattern for pattern_name 2336
2026-02-02 14:51:50,115 - INFO - Building stim pattern for pattern_name 1546
2026-02-02 14:51:50,125 - INFO - Building stim pattern for pattern_name 1219
2026-02-02 14:51:50,136 - INFO - Building stim pattern for pattern_name 3015
2026-02-02 14:51:50,148 - INFO - Building stim pattern for pattern_name 2202
2026-02-02 14:51:50,168 - INFO - Building stim pattern for pattern_name 2689
2026-02-02 14:51:50,180 - INFO - Building stim pattern for pattern_name 3704
2026-02-02 14:51:50,192 - INFO - Building stim pattern for pattern_name 1997
2026-02-02 14:51:50,205 - INFO - Building stim pattern for pattern_name 2289
2026-02-02 14:51:50,220 - INFO - Building stim pattern for pattern_name 2704
2026-02-02 14:51:50,231 - INFO - Building stim pattern for pattern_name 2131
2026-02-02 14:51:50,250 - INFO - Building stim pattern for pattern_name 3458
2026-02-02 14:51:50,262 - INFO - Building stim pattern for pattern_name 889
2026-02-02 14:51:50,278 - INFO - Building stim pattern for pattern_name 1358
2026-02-02 14:51:50,306 - INFO - Building stim pattern for pattern_name 25
2026-02-02 14:51:50,317 - INFO - Building stim pattern for pattern_name 1514
2026-02-02 14:51:50,328 - INFO - Building stim pattern for pattern_name 2272
2026-02-02 14:51:50,339 - INFO - Building stim pattern for pattern_name 2238
2026-02-02 14:51:50,351 - INFO - Building stim pattern for pattern_name 2181
2026-02-02 14:51:50,361 - INFO - Building stim pattern for pattern_name 3642
2026-02-02 14:51:50,371 - INFO - Building stim pattern for pattern_name 320
2026-02-02 14:51:50,382 - INFO - Building stim pattern for pattern_name 2608
2026-02-02 14:51:50,393 - INFO - Building stim pattern for pattern_name 3729
2026-02-02 14:51:50,403 - INFO - Building stim pattern for pattern_name 765
2026-02-02 14:51:50,414 - INFO - Building stim pattern for pattern_name 2360
2026-02-02 14:51:50,425 - INFO - Building stim pattern for pattern_name 1763
2026-02-02 14:51:50,435 - INFO - Building stim pattern for pattern_name 783
2026-02-02 14:51:50,446 - INFO - Building stim pattern for pattern_name 358
2026-02-02 14:51:50,457 - INFO - Building stim pattern for pattern_name 569
2026-02-02 14:51:50,473 - INFO - Building stim pattern for pattern_name 3195
2026-02-02 14:51:50,483 - INFO - Building stim pattern for pattern_name 714
2026-02-02 14:51:50,499 - INFO - Building stim pattern for pattern_name 1324
2026-02-02 14:51:50,510 - INFO - Building stim pattern for pattern_name 3194
2026-02-02 14:51:50,521 - INFO - Building stim pattern for pattern_name 2310
2026-02-02 14:51:50,533 - INFO - Building stim pattern for pattern_name 464
2026-02-02 14:51:50,546 - INFO - Building stim pattern for pattern_name 2880
2026-02-02 14:51:50,559 - INFO - Building stim pattern for pattern_name 216
2026-02-02 14:51:50,571 - INFO - Building stim pattern for pattern_name 1650
2026-02-02 14:51:50,590 - INFO - Building stim pattern for pattern_name 3273
2026-02-02 14:51:50,603 - INFO - Building stim pattern for pattern_name 375
2026-02-02 14:51:50,614 - INFO - Building stim pattern for pattern_name 282
2026-02-02 14:51:50,626 - INFO - Building stim pattern for pattern_name 3366
2026-02-02 14:51:50,637 - INFO - Building stim pattern for pattern_name 1555
2026-02-02 14:51:50,658 - INFO - Building stim pattern for pattern_name 3756
2026-02-02 14:51:50,676 - INFO - Building stim pattern for pattern_name 734
2026-02-02 14:51:50,704 - INFO - Building stim pattern for pattern_name 1785
2026-02-02 14:51:50,717 - INFO - Building stim pattern for pattern_name 744
2026-02-02 14:51:50,735 - INFO - Building stim pattern for pattern_name 1140
2026-02-02 14:51:50,753 - INFO - Building stim pattern for pattern_name 1588
2026-02-02 14:51:50,766 - INFO - Building stim pattern for pattern_name 2340
2026-02-02 14:51:50,776 - INFO - Building stim pattern for pattern_name 3169
2026-02-02 14:51:50,787 - INFO - Building stim pattern for pattern_name 1545
2026-02-02 14:51:50,803 - INFO - Building stim pattern for pattern_name 2744
2026-02-02 14:51:50,819 - INFO - Building stim pattern for pattern_name 848
2026-02-02 14:51:50,830 - INFO - Building stim pattern for pattern_name 3845
2026-02-02 14:51:50,841 - INFO - Building stim pattern for pattern_name 1636
2026-02-02 14:51:50,851 - INFO - Building stim pattern for pattern_name 2013
2026-02-02 14:51:50,862 - INFO - Building stim pattern for pattern_name 2252
2026-02-02 14:51:50,872 - INFO - Building stim pattern for pattern_name 3783
2026-02-02 14:51:50,883 - INFO - Building stim pattern for pattern_name 725
2026-02-02 14:51:50,894 - INFO - Building stim pattern for pattern_name 405
2026-02-02 14:51:50,906 - INFO - Building stim pattern for pattern_name 2051
2026-02-02 14:51:50,920 - INFO - Building stim pattern for pattern_name 832
2026-02-02 14:51:50,947 - INFO - Building stim pattern for pattern_name 887
2026-02-02 14:51:50,958 - INFO - Building stim pattern for pattern_name 2294
2026-02-02 14:51:50,982 - INFO - Building stim pattern for pattern_name 2544
2026-02-02 14:51:51,001 - INFO - Building stim pattern for pattern_name 74
2026-02-02 14:51:51,013 - INFO - Building stim pattern for pattern_name 2028
2026-02-02 14:51:51,025 - INFO - Building stim pattern for pattern_name 766
2026-02-02 14:51:51,036 - INFO - Building stim pattern for pattern_name 198
2026-02-02 14:51:51,047 - INFO - Building stim pattern for pattern_name 2891
2026-02-02 14:51:51,059 - INFO - Building stim pattern for pattern_name 267
2026-02-02 14:51:51,072 - INFO - Building stim pattern for pattern_name 1486
2026-02-02 14:51:51,085 - INFO - Building stim pattern for pattern_name 1257
2026-02-02 14:51:51,097 - INFO - Building stim pattern for pattern_name 3837
2026-02-02 14:51:51,108 - INFO - Building stim pattern for pattern_name 1356
2026-02-02 14:51:51,122 - INFO - Building stim pattern for pattern_name 2596
2026-02-02 14:51:51,136 - INFO - Building stim pattern for pattern_name 1978
2026-02-02 14:51:51,151 - INFO - Building stim pattern for pattern_name 1259
2026-02-02 14:51:51,163 - INFO - Building stim pattern for pattern_name 3682
2026-02-02 14:51:51,176 - INFO - Building stim pattern for pattern_name 1124
2026-02-02 14:51:51,189 - INFO - Building stim pattern for pattern_name 2442
2026-02-02 14:51:51,203 - INFO - Building stim pattern for pattern_name 2688
2026-02-02 14:51:51,214 - INFO - Building stim pattern for pattern_name 2549
2026-02-02 14:51:51,233 - INFO - Building stim pattern for pattern_name 822
2026-02-02 14:51:51,246 - INFO - Building stim pattern for pattern_name 3290
2026-02-02 14:51:51,260 - INFO - Building stim pattern for pattern_name 2341
2026-02-02 14:51:51,273 - INFO - Building stim pattern for pattern_name 925
2026-02-02 14:51:51,286 - INFO - Building stim pattern for pattern_name 1098
2026-02-02 14:51:51,306 - INFO - Building stim pattern for pattern_name 781
2026-02-02 14:51:51,317 - INFO - Building stim pattern for pattern_name 2791
2026-02-02 14:51:51,333 - INFO - Building stim pattern for pattern_name 120
2026-02-02 14:51:51,348 - INFO - Building stim pattern for pattern_name 1507
2026-02-02 14:51:51,362 - INFO - Building stim pattern for pattern_name 3779
2026-02-02 14:51:51,380 - INFO - Building stim pattern for pattern_name 2135
2026-02-02 14:51:51,396 - INFO - Building stim pattern for pattern_name 1213
2026-02-02 14:51:51,424 - INFO - Building stim pattern for pattern_name 2280
2026-02-02 14:51:51,438 - INFO - Building stim pattern for pattern_name 3242
2026-02-02 14:51:51,452 - INFO - Building stim pattern for pattern_name 3248
2026-02-02 14:51:51,464 - INFO - Building stim pattern for pattern_name 3121
2026-02-02 14:51:51,475 - INFO - Building stim pattern for pattern_name 2585
2026-02-02 14:51:51,487 - INFO - Building stim pattern for pattern_name 314
2026-02-02 14:51:51,499 - INFO - Building stim pattern for pattern_name 731
2026-02-02 14:51:51,512 - INFO - Building stim pattern for pattern_name 2902
2026-02-02 14:51:51,529 - INFO - Building stim pattern for pattern_name 3789
2026-02-02 14:51:51,540 - INFO - Building stim pattern for pattern_name 404
2026-02-02 14:51:51,560 - INFO - Building stim pattern for pattern_name 1155
2026-02-02 14:51:51,570 - INFO - Building stim pattern for pattern_name 3726
2026-02-02 14:51:51,586 - INFO - Building stim pattern for pattern_name 2696
2026-02-02 14:51:51,599 - INFO - Building stim pattern for pattern_name 806
2026-02-02 14:51:51,618 - INFO - Building stim pattern for pattern_name 1263
2026-02-02 14:51:51,628 - INFO - Building stim pattern for pattern_name 1695
2026-02-02 14:51:51,641 - INFO - Building stim pattern for pattern_name 3709
2026-02-02 14:51:51,660 - INFO - Building stim pattern for pattern_name 3958
2026-02-02 14:51:51,671 - INFO - Building stim pattern for pattern_name 1815
2026-02-02 14:51:51,684 - INFO - Building stim pattern for pattern_name 2178
2026-02-02 14:51:51,709 - INFO - Building stim pattern for pattern_name 1076
2026-02-02 14:51:51,728 - INFO - Building stim pattern for pattern_name 2867
2026-02-02 14:51:51,750 - INFO - Building stim pattern for pattern_name 2219
2026-02-02 14:51:51,760 - INFO - Building stim pattern for pattern_name 459
2026-02-02 14:51:51,771 - INFO - Building stim pattern for pattern_name 3318
2026-02-02 14:51:51,783 - INFO - Building stim pattern for pattern_name 2063
2026-02-02 14:51:51,793 - INFO - Building stim pattern for pattern_name 3561
2026-02-02 14:51:51,805 - INFO - Building stim pattern for pattern_name 1851
2026-02-02 14:51:51,816 - INFO - Building stim pattern for pattern_name 357
2026-02-02 14:51:51,836 - INFO - Building stim pattern for pattern_name 3213
2026-02-02 14:51:51,849 - INFO - Building stim pattern for pattern_name 3389
2026-02-02 14:51:51,859 - INFO - Building stim pattern for pattern_name 83
2026-02-02 14:51:51,870 - INFO - Building stim pattern for pattern_name 2193
2026-02-02 14:51:51,881 - INFO - Building stim pattern for pattern_name 1730
2026-02-02 14:51:51,891 - INFO - Building stim pattern for pattern_name 523
2026-02-02 14:51:51,904 - INFO - Building stim pattern for pattern_name 3234
2026-02-02 14:51:51,916 - INFO - Building stim pattern for pattern_name 1359
2026-02-02 14:51:51,928 - INFO - Building stim pattern for pattern_name 2961
2026-02-02 14:51:51,940 - INFO - Building stim pattern for pattern_name 1000
2026-02-02 14:51:51,959 - INFO - Building stim pattern for pattern_name 3607
2026-02-02 14:51:51,971 - INFO - Building stim pattern for pattern_name 3985
2026-02-02 14:51:51,983 - INFO - Building stim pattern for pattern_name 1808
2026-02-02 14:51:51,993 - INFO - Building stim pattern for pattern_name 1909
2026-02-02 14:51:52,004 - INFO - Building stim pattern for pattern_name 2854
2026-02-02 14:51:52,014 - INFO - Building stim pattern for pattern_name 3095
2026-02-02 14:51:52,033 - INFO - Building stim pattern for pattern_name 1016
2026-02-02 14:51:52,051 - INFO - Building stim pattern for pattern_name 3548
2026-02-02 14:51:52,076 - INFO - Building stim pattern for pattern_name 3198
2026-02-02 14:51:52,096 - INFO - Building stim pattern for pattern_name 38
2026-02-02 14:51:52,110 - INFO - Building stim pattern for pattern_name 1095
2026-02-02 14:51:52,123 - INFO - Building stim pattern for pattern_name 3529
2026-02-02 14:51:52,134 - INFO - Building stim pattern for pattern_name 700
2026-02-02 14:51:52,148 - INFO - Building stim pattern for pattern_name 61
2026-02-02 14:51:52,159 - INFO - Building stim pattern for pattern_name 1008
2026-02-02 14:51:52,171 - INFO - Building stim pattern for pattern_name 29
2026-02-02 14:51:52,183 - INFO - Building stim pattern for pattern_name 16
2026-02-02 14:51:52,194 - INFO - Building stim pattern for pattern_name 3525
2026-02-02 14:51:52,204 - INFO - Building stim pattern for pattern_name 3535
2026-02-02 14:51:52,216 - INFO - Building stim pattern for pattern_name 1069
2026-02-02 14:51:52,227 - INFO - Building stim pattern for pattern_name 683
2026-02-02 14:51:52,239 - INFO - Building stim pattern for pattern_name 1847
2026-02-02 14:51:52,252 - INFO - Building stim pattern for pattern_name 1878
2026-02-02 14:51:52,271 - INFO - Building stim pattern for pattern_name 1876
2026-02-02 14:51:52,289 - INFO - Building stim pattern for pattern_name 429
2026-02-02 14:51:52,300 - INFO - Building stim pattern for pattern_name 3038
2026-02-02 14:51:52,312 - INFO - Building stim pattern for pattern_name 3438
2026-02-02 14:51:52,340 - INFO - Building stim pattern for pattern_name 1609
2026-02-02 14:51:52,349 - INFO - Building stim pattern for pattern_name 1199
2026-02-02 14:51:52,377 - INFO - Building stim pattern for pattern_name 241
2026-02-02 14:51:52,396 - INFO - Building stim pattern for pattern_name 2322
2026-02-02 14:51:52,410 - INFO - Building stim pattern for pattern_name 3773
2026-02-02 14:51:52,424 - INFO - Building stim pattern for pattern_name 2629
2026-02-02 14:51:52,436 - INFO - Building stim pattern for pattern_name 2660
2026-02-02 14:51:52,454 - INFO - Building stim pattern for pattern_name 2958
2026-02-02 14:51:52,472 - INFO - Building stim pattern for pattern_name 3970
2026-02-02 14:51:52,483 - INFO - Building stim pattern for pattern_name 1144
2026-02-02 14:51:52,494 - INFO - Building stim pattern for pattern_name 2984
2026-02-02 14:51:52,505 - INFO - Building stim pattern for pattern_name 3179
2026-02-02 14:51:52,517 - INFO - Building stim pattern for pattern_name 2259
2026-02-02 14:51:52,527 - INFO - Building stim pattern for pattern_name 3138
2026-02-02 14:51:52,543 - INFO - Building stim pattern for pattern_name 2228
2026-02-02 14:51:52,587 - INFO - Building stim pattern for pattern_name 1103
2026-02-02 14:51:52,597 - INFO - Building stim pattern for pattern_name 851
2026-02-02 14:51:52,614 - INFO - Building stim pattern for pattern_name 3142
2026-02-02 14:51:52,625 - INFO - Building stim pattern for pattern_name 510
2026-02-02 14:51:52,638 - INFO - Building stim pattern for pattern_name 3473
2026-02-02 14:51:52,649 - INFO - Building stim pattern for pattern_name 3008
2026-02-02 14:51:52,662 - INFO - Building stim pattern for pattern_name 2871
2026-02-02 14:51:52,682 - INFO - Building stim pattern for pattern_name 86
2026-02-02 14:51:52,693 - INFO - Building stim pattern for pattern_name 2796
2026-02-02 14:51:52,704 - INFO - Building stim pattern for pattern_name 1911
2026-02-02 14:51:52,717 - INFO - Building stim pattern for pattern_name 1596
2026-02-02 14:51:52,731 - INFO - Building stim pattern for pattern_name 1829
2026-02-02 14:51:52,746 - INFO - Building stim pattern for pattern_name 3874
2026-02-02 14:51:52,756 - INFO - Building stim pattern for pattern_name 3094
2026-02-02 14:51:52,775 - INFO - Building stim pattern for pattern_name 101
2026-02-02 14:51:52,787 - INFO - Building stim pattern for pattern_name 1323
2026-02-02 14:51:52,799 - INFO - Building stim pattern for pattern_name 1032
2026-02-02 14:51:52,811 - INFO - Building stim pattern for pattern_name 3836
2026-02-02 14:51:52,823 - INFO - Building stim pattern for pattern_name 2039
2026-02-02 14:51:52,833 - INFO - Building stim pattern for pattern_name 673
2026-02-02 14:51:52,845 - INFO - Building stim pattern for pattern_name 1834
2026-02-02 14:51:52,855 - INFO - Building stim pattern for pattern_name 2895
2026-02-02 14:51:52,941 - INFO - Building stim pattern for pattern_name 3328
2026-02-02 14:51:52,962 - INFO - Building stim pattern for pattern_name 2698
2026-02-02 14:51:52,981 - INFO - Building stim pattern for pattern_name 2919
2026-02-02 14:51:52,995 - INFO - Building stim pattern for pattern_name 231
2026-02-02 14:51:53,005 - INFO - Building stim pattern for pattern_name 1824
2026-02-02 14:51:53,017 - INFO - Building stim pattern for pattern_name 1449
2026-02-02 14:51:53,029 - INFO - Building stim pattern for pattern_name 2752
2026-02-02 14:51:53,038 - INFO - Building stim pattern for pattern_name 3140
2026-02-02 14:51:53,049 - INFO - Building stim pattern for pattern_name 1589
2026-02-02 14:51:53,063 - INFO - Building stim pattern for pattern_name 1516
2026-02-02 14:51:53,083 - INFO - Building stim pattern for pattern_name 3060
2026-02-02 14:51:53,096 - INFO - Building stim pattern for pattern_name 89
2026-02-02 14:51:53,108 - INFO - Building stim pattern for pattern_name 502
2026-02-02 14:51:53,120 - INFO - Building stim pattern for pattern_name 1521
2026-02-02 14:51:53,131 - INFO - Building stim pattern for pattern_name 2974
2026-02-02 14:51:53,141 - INFO - Building stim pattern for pattern_name 540
2026-02-02 14:51:53,154 - INFO - Building stim pattern for pattern_name 1360
2026-02-02 14:51:53,165 - INFO - Building stim pattern for pattern_name 2530
2026-02-02 14:51:53,177 - INFO - Building stim pattern for pattern_name 1282
2026-02-02 14:51:53,189 - INFO - Building stim pattern for pattern_name 1956
2026-02-02 14:51:53,201 - INFO - Building stim pattern for pattern_name 1243
2026-02-02 14:51:53,212 - INFO - Building stim pattern for pattern_name 2350
2026-02-02 14:51:53,231 - INFO - Building stim pattern for pattern_name 2075
2026-02-02 14:51:53,243 - INFO - Building stim pattern for pattern_name 1830
2026-02-02 14:51:53,254 - INFO - Building stim pattern for pattern_name 1542
2026-02-02 14:51:53,267 - INFO - Building stim pattern for pattern_name 2137
2026-02-02 14:51:53,280 - INFO - Building stim pattern for pattern_name 3614
2026-02-02 14:51:53,291 - INFO - Building stim pattern for pattern_name 3425
2026-02-02 14:51:53,318 - INFO - Building stim pattern for pattern_name 447
2026-02-02 14:51:53,338 - INFO - Building stim pattern for pattern_name 885
2026-02-02 14:51:53,355 - INFO - Building stim pattern for pattern_name 1720
2026-02-02 14:51:53,365 - INFO - Building stim pattern for pattern_name 317
2026-02-02 14:51:53,376 - INFO - Building stim pattern for pattern_name 3373
2026-02-02 14:51:53,387 - INFO - Building stim pattern for pattern_name 517
2026-02-02 14:51:53,397 - INFO - Building stim pattern for pattern_name 1454
2026-02-02 14:51:53,408 - INFO - Building stim pattern for pattern_name 619
2026-02-02 14:51:53,419 - INFO - Building stim pattern for pattern_name 3093
2026-02-02 14:51:53,430 - INFO - Building stim pattern for pattern_name 319
2026-02-02 14:51:53,442 - INFO - Building stim pattern for pattern_name 3818
2026-02-02 14:51:53,460 - INFO - Building stim pattern for pattern_name 1388
2026-02-02 14:51:53,472 - INFO - Building stim pattern for pattern_name 1411
2026-02-02 14:51:53,485 - INFO - Building stim pattern for pattern_name 3620
2026-02-02 14:51:53,497 - INFO - Building stim pattern for pattern_name 2685
2026-02-02 14:51:53,509 - INFO - Building stim pattern for pattern_name 3929
2026-02-02 14:51:53,523 - INFO - Building stim pattern for pattern_name 547
2026-02-02 14:51:53,536 - INFO - Building stim pattern for pattern_name 2894
2026-02-02 14:51:53,547 - INFO - Building stim pattern for pattern_name 1494
2026-02-02 14:51:53,558 - INFO - Building stim pattern for pattern_name 2666
2026-02-02 14:51:53,570 - INFO - Building stim pattern for pattern_name 590
2026-02-02 14:51:53,581 - INFO - Building stim pattern for pattern_name 2993
2026-02-02 14:51:53,591 - INFO - Building stim pattern for pattern_name 219
2026-02-02 14:51:53,603 - INFO - Building stim pattern for pattern_name 3596
2026-02-02 14:51:53,618 - INFO - Building stim pattern for pattern_name 3884
2026-02-02 14:51:53,629 - INFO - Building stim pattern for pattern_name 1444
2026-02-02 14:51:53,645 - INFO - Building stim pattern for pattern_name 1187
2026-02-02 14:51:53,656 - INFO - Building stim pattern for pattern_name 2969
2026-02-02 14:51:53,667 - INFO - Building stim pattern for pattern_name 627
2026-02-02 14:51:53,679 - INFO - Building stim pattern for pattern_name 1766
2026-02-02 14:51:53,691 - INFO - Building stim pattern for pattern_name 890
2026-02-02 14:51:53,704 - INFO - Building stim pattern for pattern_name 3439
2026-02-02 14:51:53,716 - INFO - Building stim pattern for pattern_name 1250
2026-02-02 14:51:53,727 - INFO - Building stim pattern for pattern_name 3780
2026-02-02 14:51:53,740 - INFO - Building stim pattern for pattern_name 3814
2026-02-02 14:51:53,752 - INFO - Building stim pattern for pattern_name 3255
2026-02-02 14:51:53,765 - INFO - Building stim pattern for pattern_name 2485
2026-02-02 14:51:53,776 - INFO - Building stim pattern for pattern_name 1264
2026-02-02 14:51:53,787 - INFO - Building stim pattern for pattern_name 2935
2026-02-02 14:51:53,799 - INFO - Building stim pattern for pattern_name 2426
2026-02-02 14:51:53,811 - INFO - Building stim pattern for pattern_name 296
2026-02-02 14:51:53,824 - INFO - Building stim pattern for pattern_name 1684
2026-02-02 14:51:53,836 - INFO - Building stim pattern for pattern_name 729
2026-02-02 14:51:53,847 - INFO - Building stim pattern for pattern_name 1283
2026-02-02 14:51:53,865 - INFO - Building stim pattern for pattern_name 1483
2026-02-02 14:51:53,878 - INFO - Building stim pattern for pattern_name 1611
2026-02-02 14:51:53,892 - INFO - Building stim pattern for pattern_name 2780
2026-02-02 14:51:53,905 - INFO - Building stim pattern for pattern_name 484
2026-02-02 14:51:53,925 - INFO - Building stim pattern for pattern_name 1086
2026-02-02 14:51:53,937 - INFO - Building stim pattern for pattern_name 3521
2026-02-02 14:51:53,950 - INFO - Building stim pattern for pattern_name 3196
2026-02-02 14:51:53,962 - INFO - Building stim pattern for pattern_name 1656
2026-02-02 14:51:53,973 - INFO - Building stim pattern for pattern_name 1125
2026-02-02 14:51:53,984 - INFO - Building stim pattern for pattern_name 3187
2026-02-02 14:51:53,999 - INFO - Building stim pattern for pattern_name 3088
2026-02-02 14:51:54,010 - INFO - Building stim pattern for pattern_name 2274
2026-02-02 14:51:54,023 - INFO - Building stim pattern for pattern_name 1333
2026-02-02 14:51:54,035 - INFO - Building stim pattern for pattern_name 417
2026-02-02 14:51:54,046 - INFO - Building stim pattern for pattern_name 82
2026-02-02 14:51:54,056 - INFO - Building stim pattern for pattern_name 1677
2026-02-02 14:51:54,066 - INFO - Building stim pattern for pattern_name 2676
2026-02-02 14:51:54,078 - INFO - Building stim pattern for pattern_name 2035
2026-02-02 14:51:54,100 - INFO - Building stim pattern for pattern_name 847
2026-02-02 14:51:54,111 - INFO - Building stim pattern for pattern_name 2639
2026-02-02 14:51:54,122 - INFO - Building stim pattern for pattern_name 3569
2026-02-02 14:51:54,132 - INFO - Building stim pattern for pattern_name 2946
2026-02-02 14:51:54,145 - INFO - Building stim pattern for pattern_name 1698
2026-02-02 14:51:54,157 - INFO - Building stim pattern for pattern_name 1620
2026-02-02 14:51:54,170 - INFO - Building stim pattern for pattern_name 1435
2026-02-02 14:51:54,183 - INFO - Building stim pattern for pattern_name 3330
2026-02-02 14:51:54,193 - INFO - Building stim pattern for pattern_name 733
2026-02-02 14:51:54,204 - INFO - Building stim pattern for pattern_name 3567
2026-02-02 14:51:54,215 - INFO - Building stim pattern for pattern_name 3204
2026-02-02 14:51:54,226 - INFO - Building stim pattern for pattern_name 2413
2026-02-02 14:51:54,236 - INFO - Building stim pattern for pattern_name 1907
2026-02-02 14:51:54,252 - INFO - Building stim pattern for pattern_name 1801
2026-02-02 14:51:54,264 - INFO - Building stim pattern for pattern_name 1269
2026-02-02 14:51:54,275 - INFO - Building stim pattern for pattern_name 3024
2026-02-02 14:51:54,293 - INFO - Building stim pattern for pattern_name 1109
2026-02-02 14:51:54,304 - INFO - Building stim pattern for pattern_name 3497
2026-02-02 14:51:54,315 - INFO - Building stim pattern for pattern_name 2103
2026-02-02 14:51:54,326 - INFO - Building stim pattern for pattern_name 1192
2026-02-02 14:51:54,339 - INFO - Building stim pattern for pattern_name 2591
2026-02-02 14:51:54,349 - INFO - Building stim pattern for pattern_name 2545
2026-02-02 14:51:54,360 - INFO - Building stim pattern for pattern_name 836
2026-02-02 14:51:54,371 - INFO - Building stim pattern for pattern_name 2061
2026-02-02 14:51:54,389 - INFO - Building stim pattern for pattern_name 995
2026-02-02 14:51:54,401 - INFO - Building stim pattern for pattern_name 2824
2026-02-02 14:51:54,412 - INFO - Building stim pattern for pattern_name 21
2026-02-02 14:51:54,424 - INFO - Building stim pattern for pattern_name 2746
2026-02-02 14:51:54,436 - INFO - Building stim pattern for pattern_name 109
2026-02-02 14:51:54,446 - INFO - Building stim pattern for pattern_name 2941
2026-02-02 14:51:54,456 - INFO - Building stim pattern for pattern_name 2172
2026-02-02 14:51:54,467 - INFO - Building stim pattern for pattern_name 3117
2026-02-02 14:51:54,479 - INFO - Building stim pattern for pattern_name 2265
2026-02-02 14:51:54,491 - INFO - Building stim pattern for pattern_name 1923
2026-02-02 14:51:54,503 - INFO - Building stim pattern for pattern_name 3061
2026-02-02 14:51:54,513 - INFO - Building stim pattern for pattern_name 1174
2026-02-02 14:51:54,525 - INFO - Building stim pattern for pattern_name 1361
2026-02-02 14:51:54,536 - INFO - Building stim pattern for pattern_name 3164
2026-02-02 14:51:54,620 - INFO - Building stim pattern for pattern_name 1384
2026-02-02 14:51:54,634 - INFO - Building stim pattern for pattern_name 2925
2026-02-02 14:51:54,654 - INFO - Building stim pattern for pattern_name 2089
2026-02-02 14:51:54,666 - INFO - Building stim pattern for pattern_name 398
2026-02-02 14:51:54,678 - INFO - Building stim pattern for pattern_name 1484
2026-02-02 14:51:54,689 - INFO - Building stim pattern for pattern_name 1122
2026-02-02 14:51:54,701 - INFO - Building stim pattern for pattern_name 594
2026-02-02 14:51:54,712 - INFO - Building stim pattern for pattern_name 1567
2026-02-02 14:51:54,722 - INFO - Building stim pattern for pattern_name 363
2026-02-02 14:51:54,732 - INFO - Building stim pattern for pattern_name 3451
2026-02-02 14:51:54,744 - INFO - Building stim pattern for pattern_name 1600
2026-02-02 14:51:54,763 - INFO - Building stim pattern for pattern_name 1764
2026-02-02 14:51:54,773 - INFO - Building stim pattern for pattern_name 791
2026-02-02 14:51:54,785 - INFO - Building stim pattern for pattern_name 1602
2026-02-02 14:51:54,801 - INFO - Building stim pattern for pattern_name 1425
2026-02-02 14:51:54,810 - INFO - Building stim pattern for pattern_name 2220
2026-02-02 14:51:54,820 - INFO - Building stim pattern for pattern_name 1241
2026-02-02 14:51:54,829 - INFO - Building stim pattern for pattern_name 2582
2026-02-02 14:51:54,838 - INFO - Building stim pattern for pattern_name 1015
2026-02-02 14:51:54,866 - INFO - Building stim pattern for pattern_name 206
2026-02-02 14:51:54,876 - INFO - Building stim pattern for pattern_name 1692
2026-02-02 14:51:54,887 - INFO - Building stim pattern for pattern_name 226
2026-02-02 14:51:54,898 - INFO - Building stim pattern for pattern_name 2665
2026-02-02 14:51:54,909 - INFO - Building stim pattern for pattern_name 234
2026-02-02 14:51:54,921 - INFO - Building stim pattern for pattern_name 705
2026-02-02 14:51:54,933 - INFO - Building stim pattern for pattern_name 1316
2026-02-02 14:51:54,945 - INFO - Building stim pattern for pattern_name 2877
2026-02-02 14:51:54,955 - INFO - Building stim pattern for pattern_name 1367
2026-02-02 14:51:54,975 - INFO - Building stim pattern for pattern_name 333
2026-02-02 14:51:54,986 - INFO - Building stim pattern for pattern_name 1673
2026-02-02 14:51:55,008 - INFO - Building stim pattern for pattern_name 205
2026-02-02 14:51:55,020 - INFO - Building stim pattern for pattern_name 2776
2026-02-02 14:51:55,030 - INFO - Building stim pattern for pattern_name 3863
2026-02-02 14:51:55,040 - INFO - Building stim pattern for pattern_name 760
2026-02-02 14:51:55,051 - INFO - Building stim pattern for pattern_name 1869
2026-02-02 14:51:55,062 - INFO - Building stim pattern for pattern_name 933
2026-02-02 14:51:55,071 - INFO - Building stim pattern for pattern_name 2547
2026-02-02 14:51:55,081 - INFO - Building stim pattern for pattern_name 2363
2026-02-02 14:51:55,098 - INFO - Building stim pattern for pattern_name 3722
2026-02-02 14:51:55,109 - INFO - Building stim pattern for pattern_name 2348
2026-02-02 14:51:55,129 - INFO - Building stim pattern for pattern_name 2334
2026-02-02 14:51:55,145 - INFO - Building stim pattern for pattern_name 3678
2026-02-02 14:51:55,164 - INFO - Building stim pattern for pattern_name 18
2026-02-02 14:51:55,175 - INFO - Building stim pattern for pattern_name 1499
2026-02-02 14:51:55,186 - INFO - Building stim pattern for pattern_name 3961
2026-02-02 14:51:55,198 - INFO - Building stim pattern for pattern_name 1674
2026-02-02 14:51:55,228 - INFO - Building stim pattern for pattern_name 2934
2026-02-02 14:51:55,239 - INFO - Building stim pattern for pattern_name 432
2026-02-02 14:51:55,260 - INFO - Building stim pattern for pattern_name 145
2026-02-02 14:51:55,272 - INFO - Building stim pattern for pattern_name 1974
2026-02-02 14:51:55,283 - INFO - Building stim pattern for pattern_name 3112
2026-02-02 14:51:55,300 - INFO - Building stim pattern for pattern_name 2967
2026-02-02 14:51:55,312 - INFO - Building stim pattern for pattern_name 1080
2026-02-02 14:51:55,328 - INFO - Building stim pattern for pattern_name 3111
2026-02-02 14:51:55,339 - INFO - Building stim pattern for pattern_name 1759
2026-02-02 14:51:55,349 - INFO - Building stim pattern for pattern_name 391
2026-02-02 14:51:55,360 - INFO - Building stim pattern for pattern_name 158
2026-02-02 14:51:55,371 - INFO - Building stim pattern for pattern_name 3940
2026-02-02 14:51:55,382 - INFO - Building stim pattern for pattern_name 948
2026-02-02 14:51:55,394 - INFO - Building stim pattern for pattern_name 1218
2026-02-02 14:51:55,405 - INFO - Building stim pattern for pattern_name 3165
2026-02-02 14:51:55,415 - INFO - Building stim pattern for pattern_name 830
2026-02-02 14:51:55,424 - INFO - Building stim pattern for pattern_name 1039
2026-02-02 14:51:55,436 - INFO - Building stim pattern for pattern_name 3220
2026-02-02 14:51:55,448 - INFO - Building stim pattern for pattern_name 410
2026-02-02 14:51:55,459 - INFO - Building stim pattern for pattern_name 3257
2026-02-02 14:51:55,470 - INFO - Building stim pattern for pattern_name 1217
2026-02-02 14:51:55,481 - INFO - Building stim pattern for pattern_name 1637
2026-02-02 14:51:55,492 - INFO - Building stim pattern for pattern_name 2361
2026-02-02 14:51:55,502 - INFO - Building stim pattern for pattern_name 3626
2026-02-02 14:51:55,513 - INFO - Building stim pattern for pattern_name 3966
2026-02-02 14:51:55,526 - INFO - Building stim pattern for pattern_name 1339
2026-02-02 14:51:55,537 - INFO - Building stim pattern for pattern_name 259
2026-02-02 14:51:55,548 - INFO - Building stim pattern for pattern_name 424
2026-02-02 14:51:55,558 - INFO - Building stim pattern for pattern_name 1903
2026-02-02 14:51:55,568 - INFO - Building stim pattern for pattern_name 3908
2026-02-02 14:51:55,578 - INFO - Building stim pattern for pattern_name 909
2026-02-02 14:51:55,589 - INFO - Building stim pattern for pattern_name 3834
2026-02-02 14:51:55,616 - INFO - Building stim pattern for pattern_name 102
2026-02-02 14:51:55,628 - INFO - Building stim pattern for pattern_name 903
2026-02-02 14:51:55,639 - INFO - Building stim pattern for pattern_name 811
2026-02-02 14:51:55,650 - INFO - Building stim pattern for pattern_name 2633
2026-02-02 14:51:55,660 - INFO - Building stim pattern for pattern_name 2773
2026-02-02 14:51:55,679 - INFO - Building stim pattern for pattern_name 2887
2026-02-02 14:51:55,693 - INFO - Building stim pattern for pattern_name 2918
2026-02-02 14:51:55,710 - INFO - Building stim pattern for pattern_name 1114
2026-02-02 14:51:55,721 - INFO - Building stim pattern for pattern_name 3634
2026-02-02 14:51:55,738 - INFO - Building stim pattern for pattern_name 2374
2026-02-02 14:51:55,751 - INFO - Building stim pattern for pattern_name 1628
2026-02-02 14:51:55,769 - INFO - Building stim pattern for pattern_name 644
2026-02-02 14:51:55,780 - INFO - Building stim pattern for pattern_name 2141
2026-02-02 14:51:55,796 - INFO - Building stim pattern for pattern_name 2738
2026-02-02 14:51:55,807 - INFO - Building stim pattern for pattern_name 3341
2026-02-02 14:51:55,817 - INFO - Building stim pattern for pattern_name 1739
2026-02-02 14:51:55,829 - INFO - Building stim pattern for pattern_name 3734
2026-02-02 14:51:55,840 - INFO - Building stim pattern for pattern_name 195
2026-02-02 14:51:55,851 - INFO - Building stim pattern for pattern_name 2584
2026-02-02 14:51:55,861 - INFO - Building stim pattern for pattern_name 1646
2026-02-02 14:51:55,879 - INFO - Building stim pattern for pattern_name 625
2026-02-02 14:51:55,890 - INFO - Building stim pattern for pattern_name 2128
2026-02-02 14:51:55,900 - INFO - Building stim pattern for pattern_name 942
2026-02-02 14:51:55,911 - INFO - Building stim pattern for pattern_name 1539
2026-02-02 14:51:55,921 - INFO - Building stim pattern for pattern_name 3720
2026-02-02 14:51:55,934 - INFO - Building stim pattern for pattern_name 370
2026-02-02 14:51:55,946 - INFO - Building stim pattern for pattern_name 2283
2026-02-02 14:51:55,957 - INFO - Building stim pattern for pattern_name 2882
2026-02-02 14:51:55,970 - INFO - Building stim pattern for pattern_name 2412
2026-02-02 14:51:55,982 - INFO - Building stim pattern for pattern_name 2235
2026-02-02 14:51:55,994 - INFO - Building stim pattern for pattern_name 3240
2026-02-02 14:51:56,011 - INFO - Building stim pattern for pattern_name 3462
2026-02-02 14:51:56,023 - INFO - Building stim pattern for pattern_name 355
2026-02-02 14:51:56,034 - INFO - Building stim pattern for pattern_name 1193
2026-02-02 14:51:56,050 - INFO - Building stim pattern for pattern_name 704
2026-02-02 14:51:56,061 - INFO - Building stim pattern for pattern_name 3201
2026-02-02 14:51:56,073 - INFO - Building stim pattern for pattern_name 3896
2026-02-02 14:51:56,085 - INFO - Building stim pattern for pattern_name 3322
2026-02-02 14:51:56,097 - INFO - Building stim pattern for pattern_name 1416
2026-02-02 14:51:56,118 - INFO - Building stim pattern for pattern_name 1776
2026-02-02 14:51:56,134 - INFO - Building stim pattern for pattern_name 1846
2026-02-02 14:51:56,152 - INFO - Building stim pattern for pattern_name 904
2026-02-02 14:51:56,164 - INFO - Building stim pattern for pattern_name 3176
2026-02-02 14:51:56,176 - INFO - Building stim pattern for pattern_name 3157
2026-02-02 14:51:56,186 - INFO - Building stim pattern for pattern_name 2577
2026-02-02 14:51:56,198 - INFO - Building stim pattern for pattern_name 516
2026-02-02 14:51:56,210 - INFO - Building stim pattern for pattern_name 2841
2026-02-02 14:51:56,235 - INFO - Building stim pattern for pattern_name 2136
2026-02-02 14:51:56,246 - INFO - Building stim pattern for pattern_name 3994
2026-02-02 14:51:56,259 - INFO - Building stim pattern for pattern_name 2371
2026-02-02 14:51:56,322 - INFO - Building stim pattern for pattern_name 717
2026-02-02 14:51:56,351 - INFO - Building stim pattern for pattern_name 1156
2026-02-02 14:51:56,374 - INFO - Building stim pattern for pattern_name 3149
2026-02-02 14:51:56,386 - INFO - Building stim pattern for pattern_name 2248
2026-02-02 14:51:56,397 - INFO - Building stim pattern for pattern_name 448
2026-02-02 14:51:56,407 - INFO - Building stim pattern for pattern_name 367
2026-02-02 14:51:56,418 - INFO - Building stim pattern for pattern_name 537
2026-02-02 14:51:56,430 - INFO - Building stim pattern for pattern_name 519
2026-02-02 14:51:56,446 - INFO - Building stim pattern for pattern_name 3608
2026-02-02 14:51:56,457 - INFO - Building stim pattern for pattern_name 1693
2026-02-02 14:51:56,486 - INFO - Building stim pattern for pattern_name 1476
2026-02-02 14:51:56,497 - INFO - Building stim pattern for pattern_name 182
2026-02-02 14:51:56,514 - INFO - Building stim pattern for pattern_name 287
2026-02-02 14:51:56,536 - INFO - Building stim pattern for pattern_name 1149
2026-02-02 14:51:56,549 - INFO - Building stim pattern for pattern_name 2848
2026-02-02 14:51:56,560 - INFO - Building stim pattern for pattern_name 2208
2026-02-02 14:51:56,570 - INFO - Building stim pattern for pattern_name 2505
2026-02-02 14:51:56,582 - INFO - Building stim pattern for pattern_name 788
2026-02-02 14:51:56,593 - INFO - Building stim pattern for pattern_name 3471
2026-02-02 14:51:56,603 - INFO - Building stim pattern for pattern_name 3667
2026-02-02 14:51:56,620 - INFO - Building stim pattern for pattern_name 3351
2026-02-02 14:51:56,631 - INFO - Building stim pattern for pattern_name 2927
2026-02-02 14:51:56,648 - INFO - Building stim pattern for pattern_name 986
2026-02-02 14:51:56,665 - INFO - Building stim pattern for pattern_name 3098
2026-02-02 14:51:56,677 - INFO - Building stim pattern for pattern_name 2840
2026-02-02 14:51:56,687 - INFO - Building stim pattern for pattern_name 479
2026-02-02 14:51:56,697 - INFO - Building stim pattern for pattern_name 3732
2026-02-02 14:51:56,707 - INFO - Building stim pattern for pattern_name 435
2026-02-02 14:51:56,723 - INFO - Building stim pattern for pattern_name 2701
2026-02-02 14:51:56,732 - INFO - Building stim pattern for pattern_name 3616
2026-02-02 14:51:56,743 - INFO - Building stim pattern for pattern_name 1327
2026-02-02 14:51:56,756 - INFO - Building stim pattern for pattern_name 2113
2026-02-02 14:51:56,779 - INFO - Building stim pattern for pattern_name 2830
2026-02-02 14:51:56,792 - INFO - Building stim pattern for pattern_name 2021
2026-02-02 14:51:56,813 - INFO - Building stim pattern for pattern_name 1913
2026-02-02 14:51:56,824 - INFO - Building stim pattern for pattern_name 1955
2026-02-02 14:51:56,839 - INFO - Building stim pattern for pattern_name 3636
2026-02-02 14:51:56,851 - INFO - Building stim pattern for pattern_name 2120
2026-02-02 14:51:56,886 - INFO - Building stim pattern for pattern_name 2440
2026-02-02 14:51:56,898 - INFO - Building stim pattern for pattern_name 135
2026-02-02 14:51:56,911 - INFO - Building stim pattern for pattern_name 470
2026-02-02 14:51:56,922 - INFO - Building stim pattern for pattern_name 2453
2026-02-02 14:51:56,940 - INFO - Building stim pattern for pattern_name 113
2026-02-02 14:51:56,953 - INFO - Building stim pattern for pattern_name 230
2026-02-02 14:51:56,965 - INFO - Building stim pattern for pattern_name 2979
2026-02-02 14:51:56,975 - INFO - Building stim pattern for pattern_name 1842
2026-02-02 14:51:56,992 - INFO - Building stim pattern for pattern_name 1215
2026-02-02 14:51:57,002 - INFO - Building stim pattern for pattern_name 117
2026-02-02 14:51:57,013 - INFO - Building stim pattern for pattern_name 3105
2026-02-02 14:51:57,026 - INFO - Building stim pattern for pattern_name 769
2026-02-02 14:51:57,035 - INFO - Building stim pattern for pattern_name 555
2026-02-02 14:51:57,046 - INFO - Building stim pattern for pattern_name 1655
2026-02-02 14:51:57,062 - INFO - Building stim pattern for pattern_name 1513
2026-02-02 14:51:57,072 - INFO - Building stim pattern for pattern_name 1415
2026-02-02 14:51:57,084 - INFO - Building stim pattern for pattern_name 3459
2026-02-02 14:51:57,094 - INFO - Building stim pattern for pattern_name 1393
2026-02-02 14:51:57,111 - INFO - Building stim pattern for pattern_name 878
2026-02-02 14:51:57,123 - INFO - Building stim pattern for pattern_name 2217
2026-02-02 14:51:57,134 - INFO - Building stim pattern for pattern_name 3043
2026-02-02 14:51:57,146 - INFO - Building stim pattern for pattern_name 2594
2026-02-02 14:51:57,156 - INFO - Building stim pattern for pattern_name 3670
2026-02-02 14:51:57,172 - INFO - Building stim pattern for pattern_name 3000
2026-02-02 14:51:57,185 - INFO - Building stim pattern for pattern_name 972
2026-02-02 14:51:57,202 - INFO - Building stim pattern for pattern_name 3955
2026-02-02 14:51:57,212 - INFO - Building stim pattern for pattern_name 936
2026-02-02 14:51:57,229 - INFO - Building stim pattern for pattern_name 2246
2026-02-02 14:51:57,241 - INFO - Building stim pattern for pattern_name 985
2026-02-02 14:51:57,252 - INFO - Building stim pattern for pattern_name 2772
2026-02-02 14:51:57,265 - INFO - Building stim pattern for pattern_name 645
2026-02-02 14:51:57,275 - INFO - Building stim pattern for pattern_name 3838
2026-02-02 14:51:57,284 - INFO - Building stim pattern for pattern_name 309
2026-02-02 14:51:57,297 - INFO - Building stim pattern for pattern_name 2250
2026-02-02 14:51:57,307 - INFO - Building stim pattern for pattern_name 1606
2026-02-02 14:51:57,317 - INFO - Building stim pattern for pattern_name 943
2026-02-02 14:51:57,328 - INFO - Building stim pattern for pattern_name 931
2026-02-02 14:51:57,339 - INFO - Building stim pattern for pattern_name 1543
2026-02-02 14:51:57,356 - INFO - Building stim pattern for pattern_name 2909
2026-02-02 14:51:57,367 - INFO - Building stim pattern for pattern_name 2117
2026-02-02 14:51:57,380 - INFO - Building stim pattern for pattern_name 3651
2026-02-02 14:51:57,393 - INFO - Building stim pattern for pattern_name 2253
2026-02-02 14:51:57,405 - INFO - Building stim pattern for pattern_name 33
2026-02-02 14:51:57,416 - INFO - Building stim pattern for pattern_name 153
2026-02-02 14:51:57,434 - INFO - Building stim pattern for pattern_name 3768
2026-02-02 14:51:57,450 - INFO - Building stim pattern for pattern_name 2080
2026-02-02 14:51:57,481 - INFO - Building stim pattern for pattern_name 1688
2026-02-02 14:51:57,492 - INFO - Building stim pattern for pattern_name 30
2026-02-02 14:51:57,503 - INFO - Building stim pattern for pattern_name 85
2026-02-02 14:51:57,513 - INFO - Building stim pattern for pattern_name 1260
2026-02-02 14:51:57,524 - INFO - Building stim pattern for pattern_name 973
2026-02-02 14:51:57,539 - INFO - Building stim pattern for pattern_name 3147
2026-02-02 14:51:57,550 - INFO - Building stim pattern for pattern_name 2574
2026-02-02 14:51:57,561 - INFO - Building stim pattern for pattern_name 1284
2026-02-02 14:51:57,572 - INFO - Building stim pattern for pattern_name 1928
2026-02-02 14:51:57,582 - INFO - Building stim pattern for pattern_name 829
2026-02-02 14:51:57,599 - INFO - Building stim pattern for pattern_name 1579
2026-02-02 14:51:57,617 - INFO - Building stim pattern for pattern_name 2948
2026-02-02 14:51:57,627 - INFO - Building stim pattern for pattern_name 2949
2026-02-02 14:51:57,637 - INFO - Building stim pattern for pattern_name 1700
2026-02-02 14:51:57,655 - INFO - Building stim pattern for pattern_name 1477
2026-02-02 14:51:57,667 - INFO - Building stim pattern for pattern_name 323
2026-02-02 14:51:57,684 - INFO - Building stim pattern for pattern_name 3269
2026-02-02 14:51:57,699 - INFO - Building stim pattern for pattern_name 3503
2026-02-02 14:51:57,710 - INFO - Building stim pattern for pattern_name 220
2026-02-02 14:51:57,787 - INFO - Building stim pattern for pattern_name 2862
2026-02-02 14:51:57,803 - INFO - Building stim pattern for pattern_name 2686
2026-02-02 14:51:57,828 - INFO - Building stim pattern for pattern_name 824
2026-02-02 14:51:57,840 - INFO - Building stim pattern for pattern_name 2541
2026-02-02 14:51:57,852 - INFO - Building stim pattern for pattern_name 2983
2026-02-02 14:51:57,863 - INFO - Building stim pattern for pattern_name 3482
2026-02-02 14:51:57,872 - INFO - Building stim pattern for pattern_name 2101
2026-02-02 14:51:57,882 - INFO - Building stim pattern for pattern_name 2642
2026-02-02 14:51:57,894 - INFO - Building stim pattern for pattern_name 1755
2026-02-02 14:51:57,909 - INFO - Building stim pattern for pattern_name 272
2026-02-02 14:51:57,932 - INFO - Building stim pattern for pattern_name 2794
2026-02-02 14:51:57,942 - INFO - Building stim pattern for pattern_name 3431
2026-02-02 14:51:57,953 - INFO - Building stim pattern for pattern_name 817
2026-02-02 14:51:57,962 - INFO - Building stim pattern for pattern_name 389
2026-02-02 14:51:57,972 - INFO - Building stim pattern for pattern_name 178
2026-02-02 14:51:57,983 - INFO - Building stim pattern for pattern_name 3812
2026-02-02 14:51:57,994 - INFO - Building stim pattern for pattern_name 860
2026-02-02 14:51:58,006 - INFO - Building stim pattern for pattern_name 671
2026-02-02 14:51:58,017 - INFO - Building stim pattern for pattern_name 826
2026-02-02 14:51:58,028 - INFO - Building stim pattern for pattern_name 2528
2026-02-02 14:51:58,039 - INFO - Building stim pattern for pattern_name 2436
2026-02-02 14:51:58,049 - INFO - Building stim pattern for pattern_name 1488
2026-02-02 14:51:58,068 - INFO - Building stim pattern for pattern_name 1493
2026-02-02 14:51:58,089 - INFO - Building stim pattern for pattern_name 823
2026-02-02 14:51:58,110 - INFO - Building stim pattern for pattern_name 237
2026-02-02 14:51:58,122 - INFO - Building stim pattern for pattern_name 2515
2026-02-02 14:51:58,135 - INFO - Building stim pattern for pattern_name 157
2026-02-02 14:51:58,146 - INFO - Building stim pattern for pattern_name 3570
2026-02-02 14:51:58,166 - INFO - Building stim pattern for pattern_name 2186
2026-02-02 14:51:58,178 - INFO - Building stim pattern for pattern_name 3748
2026-02-02 14:51:58,188 - INFO - Building stim pattern for pattern_name 3172
2026-02-02 14:51:58,201 - INFO - Building stim pattern for pattern_name 352
2026-02-02 14:51:58,211 - INFO - Building stim pattern for pattern_name 3550
2026-02-02 14:51:58,222 - INFO - Building stim pattern for pattern_name 3835
2026-02-02 14:51:58,234 - INFO - Building stim pattern for pattern_name 416
2026-02-02 14:51:58,245 - INFO - Building stim pattern for pattern_name 1617
2026-02-02 14:51:58,256 - INFO - Building stim pattern for pattern_name 508
2026-02-02 14:51:58,267 - INFO - Building stim pattern for pattern_name 2048
2026-02-02 14:51:58,278 - INFO - Building stim pattern for pattern_name 23
2026-02-02 14:51:58,289 - INFO - Building stim pattern for pattern_name 1769
2026-02-02 14:51:58,300 - INFO - Building stim pattern for pattern_name 712
2026-02-02 14:51:58,312 - INFO - Building stim pattern for pattern_name 1165
2026-02-02 14:51:58,323 - INFO - Building stim pattern for pattern_name 274
2026-02-02 14:51:58,334 - INFO - Building stim pattern for pattern_name 3541
2026-02-02 14:51:58,350 - INFO - Building stim pattern for pattern_name 3329
2026-02-02 14:51:58,361 - INFO - Building stim pattern for pattern_name 264
2026-02-02 14:51:58,371 - INFO - Building stim pattern for pattern_name 3639
2026-02-02 14:51:58,382 - INFO - Building stim pattern for pattern_name 2392
2026-02-02 14:51:58,394 - INFO - Building stim pattern for pattern_name 2057
2026-02-02 14:51:58,410 - INFO - Building stim pattern for pattern_name 1805
2026-02-02 14:51:58,421 - INFO - Building stim pattern for pattern_name 3971
2026-02-02 14:51:58,432 - INFO - Building stim pattern for pattern_name 3136
2026-02-02 14:51:58,442 - INFO - Building stim pattern for pattern_name 98
2026-02-02 14:51:58,459 - INFO - Building stim pattern for pattern_name 3001
2026-02-02 14:51:58,470 - INFO - Building stim pattern for pattern_name 2737
2026-02-02 14:51:58,480 - INFO - Building stim pattern for pattern_name 3282
2026-02-02 14:51:58,491 - INFO - Building stim pattern for pattern_name 2066
2026-02-02 14:51:58,502 - INFO - Building stim pattern for pattern_name 3829
2026-02-02 14:51:58,512 - INFO - Building stim pattern for pattern_name 1018
2026-02-02 14:51:58,523 - INFO - Building stim pattern for pattern_name 2164
2026-02-02 14:51:58,535 - INFO - Building stim pattern for pattern_name 3643
2026-02-02 14:51:58,546 - INFO - Building stim pattern for pattern_name 3623
2026-02-02 14:51:58,556 - INFO - Building stim pattern for pattern_name 239
2026-02-02 14:51:58,567 - INFO - Building stim pattern for pattern_name 1244
2026-02-02 14:51:58,578 - INFO - Building stim pattern for pattern_name 3753
2026-02-02 14:51:58,588 - INFO - Building stim pattern for pattern_name 1523
2026-02-02 14:51:58,598 - INFO - Building stim pattern for pattern_name 419
2026-02-02 14:51:58,614 - INFO - Building stim pattern for pattern_name 2859
2026-02-02 14:51:58,626 - INFO - Building stim pattern for pattern_name 2907
2026-02-02 14:51:58,637 - INFO - Building stim pattern for pattern_name 2050
2026-02-02 14:51:58,648 - INFO - Building stim pattern for pattern_name 3056
2026-02-02 14:51:58,670 - INFO - Building stim pattern for pattern_name 2838
2026-02-02 14:51:58,683 - INFO - Building stim pattern for pattern_name 839
2026-02-02 14:51:58,694 - INFO - Building stim pattern for pattern_name 1479
2026-02-02 14:51:58,710 - INFO - Building stim pattern for pattern_name 1433
2026-02-02 14:51:58,728 - INFO - Building stim pattern for pattern_name 3673
2026-02-02 14:51:58,740 - INFO - Building stim pattern for pattern_name 831
2026-02-02 14:51:58,751 - INFO - Building stim pattern for pattern_name 349
2026-02-02 14:51:58,761 - INFO - Building stim pattern for pattern_name 2054
2026-02-02 14:51:58,773 - INFO - Building stim pattern for pattern_name 1800
2026-02-02 14:51:58,783 - INFO - Building stim pattern for pattern_name 930
2026-02-02 14:51:58,793 - INFO - Building stim pattern for pattern_name 857
2026-02-02 14:51:58,804 - INFO - Building stim pattern for pattern_name 1664
2026-02-02 14:51:58,815 - INFO - Building stim pattern for pattern_name 3721
2026-02-02 14:51:58,826 - INFO - Building stim pattern for pattern_name 2778
2026-02-02 14:51:58,844 - INFO - Building stim pattern for pattern_name 2234
2026-02-02 14:51:58,853 - INFO - Building stim pattern for pattern_name 689
2026-02-02 14:51:58,864 - INFO - Building stim pattern for pattern_name 634
2026-02-02 14:51:58,882 - INFO - Building stim pattern for pattern_name 2236
2026-02-02 14:51:58,892 - INFO - Building stim pattern for pattern_name 3919
2026-02-02 14:51:58,903 - INFO - Building stim pattern for pattern_name 3167
2026-02-02 14:51:58,912 - INFO - Building stim pattern for pattern_name 3859
2026-02-02 14:51:58,922 - INFO - Building stim pattern for pattern_name 420
2026-02-02 14:51:58,933 - INFO - Building stim pattern for pattern_name 3258
2026-02-02 14:51:58,943 - INFO - Building stim pattern for pattern_name 2835
2026-02-02 14:51:58,953 - INFO - Building stim pattern for pattern_name 2359
2026-02-02 14:51:58,963 - INFO - Building stim pattern for pattern_name 1703
2026-02-02 14:51:58,973 - INFO - Building stim pattern for pattern_name 140
2026-02-02 14:51:58,984 - INFO - Building stim pattern for pattern_name 2300
2026-02-02 14:51:58,994 - INFO - Building stim pattern for pattern_name 1092
2026-02-02 14:51:59,008 - INFO - Building stim pattern for pattern_name 2432
2026-02-02 14:51:59,019 - INFO - Building stim pattern for pattern_name 2000
2026-02-02 14:51:59,036 - INFO - Building stim pattern for pattern_name 3059
2026-02-02 14:51:59,047 - INFO - Building stim pattern for pattern_name 3980
2026-02-02 14:51:59,058 - INFO - Building stim pattern for pattern_name 1668
2026-02-02 14:51:59,069 - INFO - Building stim pattern for pattern_name 457
2026-02-02 14:51:59,085 - INFO - Building stim pattern for pattern_name 3979
2026-02-02 14:51:59,096 - INFO - Building stim pattern for pattern_name 3085
2026-02-02 14:51:59,115 - INFO - Building stim pattern for pattern_name 3655
2026-02-02 14:51:59,206 - INFO - Building stim pattern for pattern_name 983
2026-02-02 14:51:59,232 - INFO - Building stim pattern for pattern_name 2973
2026-02-02 14:51:59,246 - INFO - Building stim pattern for pattern_name 1400
2026-02-02 14:51:59,257 - INFO - Building stim pattern for pattern_name 2124
2026-02-02 14:51:59,274 - INFO - Building stim pattern for pattern_name 2990
2026-02-02 14:51:59,285 - INFO - Building stim pattern for pattern_name 3669
2026-02-02 14:51:59,294 - INFO - Building stim pattern for pattern_name 3950
2026-02-02 14:51:59,306 - INFO - Building stim pattern for pattern_name 1594
2026-02-02 14:51:59,319 - INFO - Building stim pattern for pattern_name 3875
2026-02-02 14:51:59,331 - INFO - Building stim pattern for pattern_name 934
2026-02-02 14:51:59,348 - INFO - Building stim pattern for pattern_name 3615
2026-02-02 14:51:59,380 - INFO - Building stim pattern for pattern_name 1941
2026-02-02 14:51:59,391 - INFO - Building stim pattern for pattern_name 129
2026-02-02 14:51:59,403 - INFO - Building stim pattern for pattern_name 2663
2026-02-02 14:51:59,414 - INFO - Building stim pattern for pattern_name 2543
2026-02-02 14:51:59,426 - INFO - Building stim pattern for pattern_name 2309
2026-02-02 14:51:59,438 - INFO - Building stim pattern for pattern_name 795
2026-02-02 14:51:59,451 - INFO - Building stim pattern for pattern_name 1713
2026-02-02 14:51:59,462 - INFO - Building stim pattern for pattern_name 3264
2026-02-02 14:51:59,475 - INFO - Building stim pattern for pattern_name 3158
2026-02-02 14:51:59,492 - INFO - Building stim pattern for pattern_name 515
2026-02-02 14:51:59,508 - INFO - Building stim pattern for pattern_name 1946
2026-02-02 14:51:59,519 - INFO - Building stim pattern for pattern_name 3625
2026-02-02 14:51:59,530 - INFO - Building stim pattern for pattern_name 436
2026-02-02 14:51:59,540 - INFO - Building stim pattern for pattern_name 2160
2026-02-02 14:51:59,558 - INFO - Building stim pattern for pattern_name 2443
2026-02-02 14:51:59,571 - INFO - Building stim pattern for pattern_name 2320
2026-02-02 14:51:59,582 - INFO - Building stim pattern for pattern_name 3769
2026-02-02 14:51:59,594 - INFO - Building stim pattern for pattern_name 1986
2026-02-02 14:51:59,604 - INFO - Building stim pattern for pattern_name 1598
2026-02-02 14:51:59,615 - INFO - Building stim pattern for pattern_name 36
2026-02-02 14:51:59,629 - INFO - Building stim pattern for pattern_name 1009
2026-02-02 14:51:59,650 - INFO - Building stim pattern for pattern_name 55
2026-02-02 14:51:59,663 - INFO - Building stim pattern for pattern_name 64
2026-02-02 14:51:59,676 - INFO - Building stim pattern for pattern_name 2386
2026-02-02 14:51:59,688 - INFO - Building stim pattern for pattern_name 1224
2026-02-02 14:51:59,701 - INFO - Building stim pattern for pattern_name 3920
2026-02-02 14:51:59,713 - INFO - Building stim pattern for pattern_name 1342
2026-02-02 14:51:59,722 - INFO - Building stim pattern for pattern_name 3764
2026-02-02 14:51:59,734 - INFO - Building stim pattern for pattern_name 3566
2026-02-02 14:51:59,746 - INFO - Building stim pattern for pattern_name 3872
2026-02-02 14:51:59,763 - INFO - Building stim pattern for pattern_name 2637
2026-02-02 14:51:59,774 - INFO - Building stim pattern for pattern_name 2429
2026-02-02 14:51:59,786 - INFO - Building stim pattern for pattern_name 3427
2026-02-02 14:51:59,798 - INFO - Building stim pattern for pattern_name 2279
2026-02-02 14:51:59,809 - INFO - Building stim pattern for pattern_name 1887
2026-02-02 14:51:59,839 - INFO - Building stim pattern for pattern_name 2726
2026-02-02 14:51:59,850 - INFO - Building stim pattern for pattern_name 2943
2026-02-02 14:51:59,861 - INFO - Building stim pattern for pattern_name 2399
2026-02-02 14:51:59,871 - INFO - Building stim pattern for pattern_name 1631
2026-02-02 14:51:59,889 - INFO - Building stim pattern for pattern_name 3057
2026-02-02 14:51:59,899 - INFO - Building stim pattern for pattern_name 3418
2026-02-02 14:51:59,916 - INFO - Building stim pattern for pattern_name 1414
2026-02-02 14:51:59,928 - INFO - Building stim pattern for pattern_name 2677
2026-02-02 14:51:59,938 - INFO - Building stim pattern for pattern_name 3401
2026-02-02 14:51:59,948 - INFO - Building stim pattern for pattern_name 2107
2026-02-02 14:51:59,959 - INFO - Building stim pattern for pattern_name 1145
2026-02-02 14:51:59,977 - INFO - Building stim pattern for pattern_name 1288
2026-02-02 14:51:59,988 - INFO - Building stim pattern for pattern_name 2125
2026-02-02 14:51:59,998 - INFO - Building stim pattern for pattern_name 3858
2026-02-02 14:52:00,009 - INFO - Building stim pattern for pattern_name 2418
2026-02-02 14:52:00,019 - INFO - Building stim pattern for pattern_name 2860
2026-02-02 14:52:00,043 - INFO - Building stim pattern for pattern_name 2230
2026-02-02 14:52:00,055 - INFO - Building stim pattern for pattern_name 53
2026-02-02 14:52:00,064 - INFO - Building stim pattern for pattern_name 1669
2026-02-02 14:52:00,075 - INFO - Building stim pattern for pattern_name 2667
2026-02-02 14:52:00,085 - INFO - Building stim pattern for pattern_name 104
2026-02-02 14:52:00,095 - INFO - Building stim pattern for pattern_name 2271
2026-02-02 14:52:00,106 - INFO - Building stim pattern for pattern_name 2892
2026-02-02 14:52:00,117 - INFO - Building stim pattern for pattern_name 601
2026-02-02 14:52:00,127 - INFO - Building stim pattern for pattern_name 2210
2026-02-02 14:52:00,151 - INFO - Building stim pattern for pattern_name 879
2026-02-02 14:52:00,162 - INFO - Building stim pattern for pattern_name 1481
2026-02-02 14:52:00,173 - INFO - Building stim pattern for pattern_name 3688
2026-02-02 14:52:00,185 - INFO - Building stim pattern for pattern_name 527
2026-02-02 14:52:00,200 - INFO - Building stim pattern for pattern_name 955
2026-02-02 14:52:00,211 - INFO - Building stim pattern for pattern_name 1621
2026-02-02 14:52:00,223 - INFO - Building stim pattern for pattern_name 1437
2026-02-02 14:52:00,233 - INFO - Building stim pattern for pattern_name 1614
2026-02-02 14:52:00,250 - INFO - Building stim pattern for pattern_name 112
2026-02-02 14:52:00,267 - INFO - Building stim pattern for pattern_name 2157
2026-02-02 14:52:00,278 - INFO - Building stim pattern for pattern_name 3809
2026-02-02 14:52:00,288 - INFO - Building stim pattern for pattern_name 1195
2026-02-02 14:52:00,299 - INFO - Building stim pattern for pattern_name 1267
2026-02-02 14:52:00,316 - INFO - Building stim pattern for pattern_name 3885
2026-02-02 14:52:00,326 - INFO - Building stim pattern for pattern_name 1049
2026-02-02 14:52:00,337 - INFO - Building stim pattern for pattern_name 2264
2026-02-02 14:52:00,347 - INFO - Building stim pattern for pattern_name 2603
2026-02-02 14:52:00,358 - INFO - Building stim pattern for pattern_name 2488
2026-02-02 14:52:00,369 - INFO - Building stim pattern for pattern_name 1280
2026-02-02 14:52:00,387 - INFO - Building stim pattern for pattern_name 2203
2026-02-02 14:52:00,398 - INFO - Building stim pattern for pattern_name 653
2026-02-02 14:52:00,409 - INFO - Building stim pattern for pattern_name 3600
2026-02-02 14:52:00,419 - INFO - Building stim pattern for pattern_name 1610
2026-02-02 14:52:00,429 - INFO - Building stim pattern for pattern_name 1540
2026-02-02 14:52:00,440 - INFO - Building stim pattern for pattern_name 2182
2026-02-02 14:52:00,457 - INFO - Building stim pattern for pattern_name 1976
2026-02-02 14:52:00,468 - INFO - Building stim pattern for pattern_name 1924
2026-02-02 14:52:00,485 - INFO - Building stim pattern for pattern_name 1630
2026-02-02 14:52:00,495 - INFO - Building stim pattern for pattern_name 521
2026-02-02 14:52:00,513 - INFO - Building stim pattern for pattern_name 1374
2026-02-02 14:52:00,532 - INFO - Building stim pattern for pattern_name 1932
2026-02-02 14:52:00,543 - INFO - Building stim pattern for pattern_name 694
2026-02-02 14:52:00,554 - INFO - Building stim pattern for pattern_name 2965
2026-02-02 14:52:00,566 - INFO - Building stim pattern for pattern_name 3358
2026-02-02 14:52:00,581 - INFO - Building stim pattern for pattern_name 2004
2026-02-02 14:52:00,603 - INFO - Building stim pattern for pattern_name 2578
2026-02-02 14:52:00,614 - INFO - Building stim pattern for pattern_name 2814
2026-02-02 14:52:00,625 - INFO - Building stim pattern for pattern_name 3974
2026-02-02 14:52:00,637 - INFO - Building stim pattern for pattern_name 3118
2026-02-02 14:52:00,657 - INFO - Building stim pattern for pattern_name 641
2026-02-02 14:52:00,671 - INFO - Building stim pattern for pattern_name 3516
2026-02-02 14:52:00,759 - INFO - Building stim pattern for pattern_name 1182
2026-02-02 14:52:00,784 - INFO - Building stim pattern for pattern_name 2694
2026-02-02 14:52:00,798 - INFO - Building stim pattern for pattern_name 3173
2026-02-02 14:52:00,828 - INFO - Building stim pattern for pattern_name 3565
2026-02-02 14:52:00,841 - INFO - Building stim pattern for pattern_name 2992
2026-02-02 14:52:00,852 - INFO - Building stim pattern for pattern_name 236
2026-02-02 14:52:00,863 - INFO - Building stim pattern for pattern_name 1238
2026-02-02 14:52:00,881 - INFO - Building stim pattern for pattern_name 321
2026-02-02 14:52:00,894 - INFO - Building stim pattern for pattern_name 3752
2026-02-02 14:52:00,914 - INFO - Building stim pattern for pattern_name 2779
2026-02-02 14:52:00,926 - INFO - Building stim pattern for pattern_name 1595
2026-02-02 14:52:00,947 - INFO - Building stim pattern for pattern_name 3637
2026-02-02 14:52:00,957 - INFO - Building stim pattern for pattern_name 511
2026-02-02 14:52:00,984 - INFO - Building stim pattern for pattern_name 2599
2026-02-02 14:52:00,994 - INFO - Building stim pattern for pattern_name 975
2026-02-02 14:52:01,007 - INFO - Building stim pattern for pattern_name 3190
2026-02-02 14:52:01,019 - INFO - Building stim pattern for pattern_name 3291
2026-02-02 14:52:01,029 - INFO - Building stim pattern for pattern_name 2763
2026-02-02 14:52:01,048 - INFO - Building stim pattern for pattern_name 2223
2026-02-02 14:52:01,058 - INFO - Building stim pattern for pattern_name 1430
2026-02-02 14:52:01,079 - INFO - Building stim pattern for pattern_name 2454
2026-02-02 14:52:01,097 - INFO - Building stim pattern for pattern_name 3017
2026-02-02 14:52:01,115 - INFO - Building stim pattern for pattern_name 646
2026-02-02 14:52:01,126 - INFO - Building stim pattern for pattern_name 497
2026-02-02 14:52:01,138 - INFO - Building stim pattern for pattern_name 1743
2026-02-02 14:52:01,149 - INFO - Building stim pattern for pattern_name 2034
2026-02-02 14:52:01,160 - INFO - Building stim pattern for pattern_name 1459
2026-02-02 14:52:01,171 - INFO - Building stim pattern for pattern_name 3241
2026-02-02 14:52:01,189 - INFO - Building stim pattern for pattern_name 3883
2026-02-02 14:52:01,201 - INFO - Building stim pattern for pattern_name 67
2026-02-02 14:52:01,212 - INFO - Building stim pattern for pattern_name 3871
2026-02-02 14:52:01,229 - INFO - Building stim pattern for pattern_name 1413
2026-02-02 14:52:01,241 - INFO - Building stim pattern for pattern_name 1758
2026-02-02 14:52:01,252 - INFO - Building stim pattern for pattern_name 2836
2026-02-02 14:52:01,263 - INFO - Building stim pattern for pattern_name 423
2026-02-02 14:52:01,276 - INFO - Building stim pattern for pattern_name 475
2026-02-02 14:52:01,288 - INFO - Building stim pattern for pattern_name 1640
2026-02-02 14:52:01,301 - INFO - Building stim pattern for pattern_name 132
2026-02-02 14:52:01,314 - INFO - Building stim pattern for pattern_name 1135
2026-02-02 14:52:01,335 - INFO - Building stim pattern for pattern_name 2510
2026-02-02 14:52:01,346 - INFO - Building stim pattern for pattern_name 1258
2026-02-02 14:52:01,356 - INFO - Building stim pattern for pattern_name 337
2026-02-02 14:52:01,382 - INFO - Building stim pattern for pattern_name 2595
2026-02-02 14:52:01,394 - INFO - Building stim pattern for pattern_name 1765
2026-02-02 14:52:01,405 - INFO - Building stim pattern for pattern_name 580
2026-02-02 14:52:01,417 - INFO - Building stim pattern for pattern_name 3895
2026-02-02 14:52:01,428 - INFO - Building stim pattern for pattern_name 2170
2026-02-02 14:52:01,439 - INFO - Building stim pattern for pattern_name 2394
2026-02-02 14:52:01,450 - INFO - Building stim pattern for pattern_name 3276
2026-02-02 14:52:01,462 - INFO - Building stim pattern for pattern_name 798
2026-02-02 14:52:01,480 - INFO - Building stim pattern for pattern_name 2706
2026-02-02 14:52:01,496 - INFO - Building stim pattern for pattern_name 2557
2026-02-02 14:52:01,509 - INFO - Building stim pattern for pattern_name 3606
2026-02-02 14:52:01,522 - INFO - Building stim pattern for pattern_name 2356
2026-02-02 14:52:01,533 - INFO - Building stim pattern for pattern_name 455
2026-02-02 14:52:01,546 - INFO - Building stim pattern for pattern_name 3335
2026-02-02 14:52:01,556 - INFO - Building stim pattern for pattern_name 1173
2026-02-02 14:52:01,567 - INFO - Building stim pattern for pattern_name 494
2026-02-02 14:52:01,579 - INFO - Building stim pattern for pattern_name 1973
2026-02-02 14:52:01,592 - INFO - Building stim pattern for pattern_name 2155
2026-02-02 14:52:01,602 - INFO - Building stim pattern for pattern_name 3801
2026-02-02 14:52:01,613 - INFO - Building stim pattern for pattern_name 2349
2026-02-02 14:52:01,624 - INFO - Building stim pattern for pattern_name 1130
2026-02-02 14:52:01,635 - INFO - Building stim pattern for pattern_name 968
2026-02-02 14:52:01,645 - INFO - Building stim pattern for pattern_name 1184
2026-02-02 14:52:01,656 - INFO - Building stim pattern for pattern_name 3124
2026-02-02 14:52:01,667 - INFO - Building stim pattern for pattern_name 1005
2026-02-02 14:52:01,678 - INFO - Building stim pattern for pattern_name 3132
2026-02-02 14:52:01,690 - INFO - Building stim pattern for pattern_name 453
2026-02-02 14:52:01,701 - INFO - Building stim pattern for pattern_name 3725
2026-02-02 14:52:01,712 - INFO - Building stim pattern for pattern_name 545
2026-02-02 14:52:01,725 - INFO - Building stim pattern for pattern_name 1084
2026-02-02 14:52:01,738 - INFO - Building stim pattern for pattern_name 2192
2026-02-02 14:52:01,754 - INFO - Building stim pattern for pattern_name 2384
2026-02-02 14:52:01,776 - INFO - Building stim pattern for pattern_name 3230
2026-02-02 14:52:01,793 - INFO - Building stim pattern for pattern_name 2956
2026-02-02 14:52:01,808 - INFO - Building stim pattern for pattern_name 1336
2026-02-02 14:52:01,822 - INFO - Building stim pattern for pattern_name 223
2026-02-02 14:52:01,848 - INFO - Building stim pattern for pattern_name 2281
2026-02-02 14:52:01,866 - INFO - Building stim pattern for pattern_name 233
2026-02-02 14:52:01,880 - INFO - Building stim pattern for pattern_name 2483
2026-02-02 14:52:01,908 - INFO - Building stim pattern for pattern_name 1232
2026-02-02 14:52:01,920 - INFO - Building stim pattern for pattern_name 581
2026-02-02 14:52:01,951 - INFO - Building stim pattern for pattern_name 3923
2026-02-02 14:52:01,967 - INFO - Building stim pattern for pattern_name 353
2026-02-02 14:52:01,982 - INFO - Building stim pattern for pattern_name 1240
2026-02-02 14:52:01,995 - INFO - Building stim pattern for pattern_name 2112
2026-02-02 14:52:02,006 - INFO - Building stim pattern for pattern_name 2628
2026-02-02 14:52:02,018 - INFO - Building stim pattern for pattern_name 923
2026-02-02 14:52:02,030 - INFO - Building stim pattern for pattern_name 1531
2026-02-02 14:52:02,041 - INFO - Building stim pattern for pattern_name 542
2026-02-02 14:52:02,052 - INFO - Building stim pattern for pattern_name 3148
2026-02-02 14:52:02,062 - INFO - Building stim pattern for pattern_name 1350
2026-02-02 14:52:02,074 - INFO - Building stim pattern for pattern_name 2330
2026-02-02 14:52:02,093 - INFO - Building stim pattern for pattern_name 3901
2026-02-02 14:52:02,104 - INFO - Building stim pattern for pattern_name 1506
2026-02-02 14:52:02,115 - INFO - Building stim pattern for pattern_name 2751
2026-02-02 14:52:02,129 - INFO - Building stim pattern for pattern_name 2494
2026-02-02 14:52:02,138 - INFO - Building stim pattern for pattern_name 2313
2026-02-02 14:52:02,149 - INFO - Building stim pattern for pattern_name 433
2026-02-02 14:52:02,166 - INFO - Building stim pattern for pattern_name 859
2026-02-02 14:52:02,184 - INFO - Building stim pattern for pattern_name 3909
2026-02-02 14:52:02,195 - INFO - Building stim pattern for pattern_name 3822
2026-02-02 14:52:02,207 - INFO - Building stim pattern for pattern_name 3048
2026-02-02 14:52:02,217 - INFO - Building stim pattern for pattern_name 979
2026-02-02 14:52:02,228 - INFO - Building stim pattern for pattern_name 3096
2026-02-02 14:52:02,239 - INFO - Building stim pattern for pattern_name 2661
2026-02-02 14:52:02,252 - INFO - Building stim pattern for pattern_name 1724
2026-02-02 14:52:02,263 - INFO - Building stim pattern for pattern_name 1157
2026-02-02 14:52:02,282 - INFO - Building stim pattern for pattern_name 3103
2026-02-02 14:52:02,292 - INFO - Building stim pattern for pattern_name 1856
2026-02-02 14:52:02,310 - INFO - Building stim pattern for pattern_name 5
2026-02-02 14:52:02,328 - INFO - Building stim pattern for pattern_name 1861
2026-02-02 14:52:02,340 - INFO - Building stim pattern for pattern_name 3996
2026-02-02 14:52:02,354 - INFO - Building stim pattern for pattern_name 3071
2026-02-02 14:52:02,373 - INFO - Building stim pattern for pattern_name 2522
2026-02-02 14:52:02,397 - INFO - Building stim pattern for pattern_name 3405
2026-02-02 14:52:02,408 - INFO - Building stim pattern for pattern_name 1960
2026-02-02 14:52:02,420 - INFO - Building stim pattern for pattern_name 988
2026-02-02 14:52:02,432 - INFO - Building stim pattern for pattern_name 2444
2026-02-02 14:52:02,444 - INFO - Building stim pattern for pattern_name 1893
2026-02-02 14:52:02,456 - INFO - Building stim pattern for pattern_name 3740
2026-02-02 14:52:02,469 - INFO - Building stim pattern for pattern_name 1709
2026-02-02 14:52:02,481 - INFO - Building stim pattern for pattern_name 1281
2026-02-02 14:52:02,499 - INFO - Building stim pattern for pattern_name 2062
2026-02-02 14:52:02,509 - INFO - Building stim pattern for pattern_name 1168
2026-02-02 14:52:02,521 - INFO - Building stim pattern for pattern_name 2467
2026-02-02 14:52:02,533 - INFO - Building stim pattern for pattern_name 1102
2026-02-02 14:52:02,544 - INFO - Building stim pattern for pattern_name 444
2026-02-02 14:52:02,556 - INFO - Building stim pattern for pattern_name 691
2026-02-02 14:52:02,567 - INFO - Building stim pattern for pattern_name 339
2026-02-02 14:52:02,580 - INFO - Building stim pattern for pattern_name 2573
2026-02-02 14:52:02,590 - INFO - Building stim pattern for pattern_name 1855
2026-02-02 14:52:02,603 - INFO - Building stim pattern for pattern_name 1341
2026-02-02 14:52:02,620 - INFO - Building stim pattern for pattern_name 2563
2026-02-02 14:52:02,631 - INFO - Building stim pattern for pattern_name 2930
2026-02-02 14:52:02,643 - INFO - Building stim pattern for pattern_name 3661
2026-02-02 14:52:02,659 - INFO - Building stim pattern for pattern_name 800
2026-02-02 14:52:02,671 - INFO - Building stim pattern for pattern_name 1285
2026-02-02 14:52:02,688 - INFO - Building stim pattern for pattern_name 76
2026-02-02 14:52:02,699 - INFO - Building stim pattern for pattern_name 1239
2026-02-02 14:52:02,710 - INFO - Building stim pattern for pattern_name 1440
2026-02-02 14:52:02,722 - INFO - Building stim pattern for pattern_name 588
2026-02-02 14:52:02,733 - INFO - Building stim pattern for pattern_name 1248
2026-02-02 14:52:02,819 - INFO - Building stim pattern for pattern_name 2095
2026-02-02 14:52:02,843 - INFO - Building stim pattern for pattern_name 256
2026-02-02 14:52:02,856 - INFO - Building stim pattern for pattern_name 3199
2026-02-02 14:52:02,868 - INFO - Building stim pattern for pattern_name 3628
2026-02-02 14:52:02,879 - INFO - Building stim pattern for pattern_name 1934
2026-02-02 14:52:02,892 - INFO - Building stim pattern for pattern_name 3842
2026-02-02 14:52:02,905 - INFO - Building stim pattern for pattern_name 877
2026-02-02 14:52:02,918 - INFO - Building stim pattern for pattern_name 2876
2026-02-02 14:52:02,931 - INFO - Building stim pattern for pattern_name 3798
2026-02-02 14:52:02,943 - INFO - Building stim pattern for pattern_name 212
2026-02-02 14:52:02,955 - INFO - Building stim pattern for pattern_name 1502
2026-02-02 14:52:02,967 - INFO - Building stim pattern for pattern_name 3441
2026-02-02 14:52:02,980 - INFO - Building stim pattern for pattern_name 1287
2026-02-02 14:52:02,994 - INFO - Building stim pattern for pattern_name 1569
2026-02-02 14:52:03,006 - INFO - Building stim pattern for pattern_name 663
2026-02-02 14:52:03,020 - INFO - Building stim pattern for pattern_name 875
2026-02-02 14:52:03,034 - INFO - Building stim pattern for pattern_name 2491
2026-02-02 14:52:03,048 - INFO - Building stim pattern for pattern_name 460
2026-02-02 14:52:03,071 - INFO - Building stim pattern for pattern_name 3905
2026-02-02 14:52:03,084 - INFO - Building stim pattern for pattern_name 1933
2026-02-02 14:52:03,096 - INFO - Building stim pattern for pattern_name 3935
2026-02-02 14:52:03,109 - INFO - Building stim pattern for pattern_name 1382
2026-02-02 14:52:03,121 - INFO - Building stim pattern for pattern_name 6
2026-02-02 14:52:03,134 - INFO - Building stim pattern for pattern_name 574
2026-02-02 14:52:03,149 - INFO - Building stim pattern for pattern_name 3774
2026-02-02 14:52:03,162 - INFO - Building stim pattern for pattern_name 185
2026-02-02 14:52:03,174 - INFO - Building stim pattern for pattern_name 1178
2026-02-02 14:52:03,199 - INFO - Building stim pattern for pattern_name 3481
2026-02-02 14:52:03,215 - INFO - Building stim pattern for pattern_name 1572
2026-02-02 14:52:03,236 - INFO - Building stim pattern for pattern_name 2496
2026-02-02 14:52:03,250 - INFO - Building stim pattern for pattern_name 912
2026-02-02 14:52:03,265 - INFO - Building stim pattern for pattern_name 183
2026-02-02 14:52:03,279 - INFO - Building stim pattern for pattern_name 844
2026-02-02 14:52:03,304 - INFO - Building stim pattern for pattern_name 2716
2026-02-02 14:52:03,339 - INFO - Building stim pattern for pattern_name 2734
2026-02-02 14:52:03,354 - INFO - Building stim pattern for pattern_name 618
2026-02-02 14:52:03,366 - INFO - Building stim pattern for pattern_name 332
2026-02-02 14:52:03,379 - INFO - Building stim pattern for pattern_name 2078
2026-02-02 14:52:03,400 - INFO - Building stim pattern for pattern_name 1754
2026-02-02 14:52:03,413 - INFO - Building stim pattern for pattern_name 1756
2026-02-02 14:52:03,426 - INFO - Building stim pattern for pattern_name 1512
2026-02-02 14:52:03,449 - INFO - Building stim pattern for pattern_name 24
2026-02-02 14:52:03,464 - INFO - Building stim pattern for pattern_name 146
2026-02-02 14:52:03,485 - INFO - Building stim pattern for pattern_name 721
2026-02-02 14:52:03,500 - INFO - Building stim pattern for pattern_name 3808
2026-02-02 14:52:03,517 - INFO - Building stim pattern for pattern_name 2910
2026-02-02 14:52:03,532 - INFO - Building stim pattern for pattern_name 3605
2026-02-02 14:52:03,557 - INFO - Building stim pattern for pattern_name 3020
2026-02-02 14:52:03,571 - INFO - Building stim pattern for pattern_name 472
2026-02-02 14:52:03,584 - INFO - Building stim pattern for pattern_name 2303
2026-02-02 14:52:03,598 - INFO - Building stim pattern for pattern_name 3143
2026-02-02 14:52:03,612 - INFO - Building stim pattern for pattern_name 1462
2026-02-02 14:52:03,631 - INFO - Building stim pattern for pattern_name 245
2026-02-02 14:52:03,646 - INFO - Building stim pattern for pattern_name 3150
2026-02-02 14:52:03,659 - INFO - Building stim pattern for pattern_name 525
2026-02-02 14:52:03,689 - INFO - Building stim pattern for pattern_name 2098
2026-02-02 14:52:03,701 - INFO - Building stim pattern for pattern_name 1613
2026-02-02 14:52:03,721 - INFO - Building stim pattern for pattern_name 3468
2026-02-02 14:52:03,733 - INFO - Building stim pattern for pattern_name 3583
2026-02-02 14:52:03,746 - INFO - Building stim pattern for pattern_name 1841
2026-02-02 14:52:03,760 - INFO - Building stim pattern for pattern_name 657
2026-02-02 14:52:03,775 - INFO - Building stim pattern for pattern_name 2954
2026-02-02 14:52:03,788 - INFO - Building stim pattern for pattern_name 2727
2026-02-02 14:52:03,810 - INFO - Building stim pattern for pattern_name 1223
2026-02-02 14:52:03,828 - INFO - Building stim pattern for pattern_name 318
2026-02-02 14:52:03,847 - INFO - Building stim pattern for pattern_name 614
2026-02-02 14:52:03,861 - INFO - Building stim pattern for pattern_name 2065
2026-02-02 14:52:03,874 - INFO - Building stim pattern for pattern_name 2711
2026-02-02 14:52:03,892 - INFO - Building stim pattern for pattern_name 1868
2026-02-02 14:52:03,904 - INFO - Building stim pattern for pattern_name 802
2026-02-02 14:52:03,916 - INFO - Building stim pattern for pattern_name 2850
2026-02-02 14:52:03,929 - INFO - Building stim pattern for pattern_name 3106
2026-02-02 14:52:03,949 - INFO - Building stim pattern for pattern_name 3271
2026-02-02 14:52:03,961 - INFO - Building stim pattern for pattern_name 3951
2026-02-02 14:52:03,988 - INFO - Building stim pattern for pattern_name 1077
2026-02-02 14:52:04,003 - INFO - Building stim pattern for pattern_name 960
2026-02-02 14:52:04,024 - INFO - Building stim pattern for pattern_name 3489
2026-02-02 14:52:04,039 - INFO - Building stim pattern for pattern_name 2809
2026-02-02 14:52:04,053 - INFO - Building stim pattern for pattern_name 917
2026-02-02 14:52:04,065 - INFO - Building stim pattern for pattern_name 1991
2026-02-02 14:52:04,076 - INFO - Building stim pattern for pattern_name 3987
2026-02-02 14:52:04,103 - INFO - Building stim pattern for pattern_name 3308
2026-02-02 14:52:04,115 - INFO - Building stim pattern for pattern_name 1014
2026-02-02 14:52:04,128 - INFO - Building stim pattern for pattern_name 1054
2026-02-02 14:52:04,142 - INFO - Building stim pattern for pattern_name 937
2026-02-02 14:52:04,162 - INFO - Building stim pattern for pattern_name 127
2026-02-02 14:52:04,175 - INFO - Building stim pattern for pattern_name 1063
2026-02-02 14:52:04,195 - INFO - Building stim pattern for pattern_name 179
2026-02-02 14:52:04,207 - INFO - Building stim pattern for pattern_name 409
2026-02-02 14:52:04,219 - INFO - Building stim pattern for pattern_name 2659
2026-02-02 14:52:04,230 - INFO - Building stim pattern for pattern_name 1561
2026-02-02 14:52:04,243 - INFO - Building stim pattern for pattern_name 1624
2026-02-02 14:52:04,301 - INFO - Building stim pattern for pattern_name 3751
2026-02-02 14:52:04,353 - INFO - Building stim pattern for pattern_name 3426
2026-02-02 14:52:04,403 - INFO - Building stim pattern for pattern_name 849
2026-02-02 14:52:04,416 - INFO - Building stim pattern for pattern_name 3710
2026-02-02 14:52:04,428 - INFO - Building stim pattern for pattern_name 1936
2026-02-02 14:52:04,449 - INFO - Building stim pattern for pattern_name 3177
2026-02-02 14:52:04,462 - INFO - Building stim pattern for pattern_name 3862
2026-02-02 14:52:04,476 - INFO - Building stim pattern for pattern_name 3104
2026-02-02 14:52:04,489 - INFO - Building stim pattern for pattern_name 2010
2026-02-02 14:52:04,518 - INFO - Building stim pattern for pattern_name 15
2026-02-02 14:52:04,540 - INFO - Building stim pattern for pattern_name 488
2026-02-02 14:52:04,559 - INFO - Building stim pattern for pattern_name 507
2026-02-02 14:52:04,572 - INFO - Building stim pattern for pattern_name 1670
2026-02-02 14:52:04,584 - INFO - Building stim pattern for pattern_name 3207
2026-02-02 14:52:04,596 - INFO - Building stim pattern for pattern_name 3350
2026-02-02 14:52:04,610 - INFO - Building stim pattern for pattern_name 518
2026-02-02 14:52:04,627 - INFO - Building stim pattern for pattern_name 1536
2026-02-02 14:52:04,638 - INFO - Building stim pattern for pattern_name 3707
2026-02-02 14:52:04,653 - INFO - Building stim pattern for pattern_name 2658
2026-02-02 14:52:04,667 - INFO - Building stim pattern for pattern_name 3648
2026-02-02 14:52:04,679 - INFO - Building stim pattern for pattern_name 4000
2026-02-02 14:52:04,691 - INFO - Building stim pattern for pattern_name 3353
2026-02-02 14:52:04,703 - INFO - Building stim pattern for pattern_name 1172
2026-02-02 14:52:04,716 - INFO - Building stim pattern for pattern_name 1270
2026-02-02 14:52:04,728 - INFO - Building stim pattern for pattern_name 281
2026-02-02 14:52:04,740 - INFO - Building stim pattern for pattern_name 579
2026-02-02 14:52:04,756 - INFO - Building stim pattern for pattern_name 3125
2026-02-02 14:52:04,776 - INFO - Building stim pattern for pattern_name 273
2026-02-02 14:52:04,788 - INFO - Building stim pattern for pattern_name 1313
2026-02-02 14:52:04,804 - INFO - Building stim pattern for pattern_name 1345
2026-02-02 14:52:04,818 - INFO - Building stim pattern for pattern_name 888
2026-02-02 14:52:04,832 - INFO - Building stim pattern for pattern_name 2523
2026-02-02 14:52:04,845 - INFO - Building stim pattern for pattern_name 2855
2026-02-02 14:52:04,857 - INFO - Building stim pattern for pattern_name 2527
2026-02-02 14:52:04,872 - INFO - Building stim pattern for pattern_name 2546
2026-02-02 14:52:04,885 - INFO - Building stim pattern for pattern_name 3930
2026-02-02 14:52:04,898 - INFO - Building stim pattern for pattern_name 2174
2026-02-02 14:52:04,918 - INFO - Building stim pattern for pattern_name 2134
2026-02-02 14:52:04,932 - INFO - Building stim pattern for pattern_name 2213
2026-02-02 14:52:04,946 - INFO - Building stim pattern for pattern_name 2291
2026-02-02 14:52:04,959 - INFO - Building stim pattern for pattern_name 3530
2026-02-02 14:52:04,982 - INFO - Building stim pattern for pattern_name 2169
2026-02-02 14:52:04,995 - INFO - Building stim pattern for pattern_name 2657
2026-02-02 14:52:05,010 - INFO - Building stim pattern for pattern_name 3533
2026-02-02 14:52:05,023 - INFO - Building stim pattern for pattern_name 3474
2026-02-02 14:52:05,037 - INFO - Building stim pattern for pattern_name 125
2026-02-02 14:52:05,058 - INFO - Building stim pattern for pattern_name 3300
2026-02-02 14:52:05,070 - INFO - Building stim pattern for pattern_name 3209
2026-02-02 14:52:05,089 - INFO - Building stim pattern for pattern_name 668
2026-02-02 14:52:05,105 - INFO - Building stim pattern for pattern_name 1823
2026-02-02 14:52:05,118 - INFO - Building stim pattern for pattern_name 1786
2026-02-02 14:52:05,130 - INFO - Building stim pattern for pattern_name 31
2026-02-02 14:52:05,143 - INFO - Building stim pattern for pattern_name 1132
2026-02-02 14:52:05,163 - INFO - Building stim pattern for pattern_name 1293
2026-02-02 14:52:05,175 - INFO - Building stim pattern for pattern_name 2007
2026-02-02 14:52:05,196 - INFO - Building stim pattern for pattern_name 1047
2026-02-02 14:52:05,208 - INFO - Building stim pattern for pattern_name 1935
2026-02-02 14:52:05,223 - INFO - Building stim pattern for pattern_name 1663
2026-02-02 14:52:05,252 - INFO - Building stim pattern for pattern_name 248
2026-02-02 14:52:05,264 - INFO - Building stim pattern for pattern_name 462
2026-02-02 14:52:05,277 - INFO - Building stim pattern for pattern_name 1410
2026-02-02 14:52:05,296 - INFO - Building stim pattern for pattern_name 155
2026-02-02 14:52:05,308 - INFO - Building stim pattern for pattern_name 3455
2026-02-02 14:52:05,319 - INFO - Building stim pattern for pattern_name 3062
2026-02-02 14:52:05,332 - INFO - Building stim pattern for pattern_name 225
2026-02-02 14:52:05,352 - INFO - Building stim pattern for pattern_name 211
2026-02-02 14:52:05,363 - INFO - Building stim pattern for pattern_name 1058
2026-02-02 14:52:05,379 - INFO - Building stim pattern for pattern_name 3374
2026-02-02 14:52:05,394 - INFO - Building stim pattern for pattern_name 2828
2026-02-02 14:52:05,414 - INFO - Building stim pattern for pattern_name 2302
2026-02-02 14:52:05,439 - INFO - Building stim pattern for pattern_name 3511
2026-02-02 14:52:05,459 - INFO - Building stim pattern for pattern_name 2249
2026-02-02 14:52:05,472 - INFO - Building stim pattern for pattern_name 1377
2026-02-02 14:52:05,486 - INFO - Building stim pattern for pattern_name 3711
2026-02-02 14:52:05,501 - INFO - Building stim pattern for pattern_name 939
2026-02-02 14:52:05,516 - INFO - Building stim pattern for pattern_name 3447
2026-02-02 14:52:05,532 - INFO - Building stim pattern for pattern_name 1087
2026-02-02 14:52:05,543 - INFO - Building stim pattern for pattern_name 2572
2026-02-02 14:52:05,555 - INFO - Building stim pattern for pattern_name 207
2026-02-02 14:52:05,570 - INFO - Building stim pattern for pattern_name 651
2026-02-02 14:52:05,652 - INFO - Building stim pattern for pattern_name 3216
2026-02-02 14:52:05,672 - INFO - Building stim pattern for pattern_name 3602
2026-02-02 14:52:05,692 - INFO - Building stim pattern for pattern_name 3027
2026-02-02 14:52:05,713 - INFO - Building stim pattern for pattern_name 1265
2026-02-02 14:52:05,725 - INFO - Building stim pattern for pattern_name 1059
2026-02-02 14:52:05,743 - INFO - Building stim pattern for pattern_name 532
2026-02-02 14:52:05,754 - INFO - Building stim pattern for pattern_name 740
2026-02-02 14:52:05,771 - INFO - Building stim pattern for pattern_name 1096
2026-02-02 14:52:05,790 - INFO - Building stim pattern for pattern_name 692
2026-02-02 14:52:05,803 - INFO - Building stim pattern for pattern_name 3332
2026-02-02 14:52:05,816 - INFO - Building stim pattern for pattern_name 3969
2026-02-02 14:52:05,831 - INFO - Building stim pattern for pattern_name 1787
2026-02-02 14:52:05,847 - INFO - Building stim pattern for pattern_name 3452
2026-02-02 14:52:05,863 - INFO - Building stim pattern for pattern_name 3183
2026-02-02 14:52:05,878 - INFO - Building stim pattern for pattern_name 1006
2026-02-02 14:52:05,890 - INFO - Building stim pattern for pattern_name 2431
2026-02-02 14:52:05,904 - INFO - Building stim pattern for pattern_name 1689
2026-02-02 14:52:05,917 - INFO - Building stim pattern for pattern_name 1118
2026-02-02 14:52:05,928 - INFO - Building stim pattern for pattern_name 3786
2026-02-02 14:52:05,939 - INFO - Building stim pattern for pattern_name 2407
2026-02-02 14:52:05,959 - INFO - Building stim pattern for pattern_name 1863
2026-02-02 14:52:05,972 - INFO - Building stim pattern for pattern_name 1311
2026-02-02 14:52:05,985 - INFO - Building stim pattern for pattern_name 3957
2026-02-02 14:52:05,998 - INFO - Building stim pattern for pattern_name 1525
2026-02-02 14:52:06,009 - INFO - Building stim pattern for pattern_name 37
2026-02-02 14:52:06,032 - INFO - Building stim pattern for pattern_name 476
2026-02-02 14:52:06,045 - INFO - Building stim pattern for pattern_name 2081
2026-02-02 14:52:06,067 - INFO - Building stim pattern for pattern_name 3811
2026-02-02 14:52:06,079 - INFO - Building stim pattern for pattern_name 2827
2026-02-02 14:52:06,091 - INFO - Building stim pattern for pattern_name 2398
2026-02-02 14:52:06,104 - INFO - Building stim pattern for pattern_name 3239
2026-02-02 14:52:06,124 - INFO - Building stim pattern for pattern_name 139
2026-02-02 14:52:06,137 - INFO - Building stim pattern for pattern_name 1510
2026-02-02 14:52:06,148 - INFO - Building stim pattern for pattern_name 3810
2026-02-02 14:52:06,163 - INFO - Building stim pattern for pattern_name 1966
2026-02-02 14:52:06,176 - INFO - Building stim pattern for pattern_name 1593
2026-02-02 14:52:06,197 - INFO - Building stim pattern for pattern_name 1518
2026-02-02 14:52:06,209 - INFO - Building stim pattern for pattern_name 1395
2026-02-02 14:52:06,221 - INFO - Building stim pattern for pattern_name 3832
2026-02-02 14:52:06,233 - INFO - Building stim pattern for pattern_name 1326
2026-02-02 14:52:06,244 - INFO - Building stim pattern for pattern_name 3208
2026-02-02 14:52:06,263 - INFO - Building stim pattern for pattern_name 2319
2026-02-02 14:52:06,275 - INFO - Building stim pattern for pattern_name 2615
2026-02-02 14:52:06,287 - INFO - Building stim pattern for pattern_name 1117
2026-02-02 14:52:06,299 - INFO - Building stim pattern for pattern_name 1967
2026-02-02 14:52:06,310 - INFO - Building stim pattern for pattern_name 2692
2026-02-02 14:52:06,322 - INFO - Building stim pattern for pattern_name 2415
2026-02-02 14:52:06,334 - INFO - Building stim pattern for pattern_name 378
2026-02-02 14:52:06,346 - INFO - Building stim pattern for pattern_name 3163
2026-02-02 14:52:06,358 - INFO - Building stim pattern for pattern_name 1407
2026-02-02 14:52:06,370 - INFO - Building stim pattern for pattern_name 1340
2026-02-02 14:52:06,383 - INFO - Building stim pattern for pattern_name 2555
2026-02-02 14:52:06,395 - INFO - Building stim pattern for pattern_name 3820
2026-02-02 14:52:06,414 - INFO - Building stim pattern for pattern_name 3948
2026-02-02 14:52:06,426 - INFO - Building stim pattern for pattern_name 3127
2026-02-02 14:52:06,438 - INFO - Building stim pattern for pattern_name 1442
2026-02-02 14:52:06,457 - INFO - Building stim pattern for pattern_name 3488
2026-02-02 14:52:06,483 - INFO - Building stim pattern for pattern_name 2732
2026-02-02 14:52:06,507 - INFO - Building stim pattern for pattern_name 2475
2026-02-02 14:52:06,520 - INFO - Building stim pattern for pattern_name 3575
2026-02-02 14:52:06,532 - INFO - Building stim pattern for pattern_name 924
2026-02-02 14:52:06,545 - INFO - Building stim pattern for pattern_name 3915
2026-02-02 14:52:06,556 - INFO - Building stim pattern for pattern_name 3262
2026-02-02 14:52:06,569 - INFO - Building stim pattern for pattern_name 2397
2026-02-02 14:52:06,598 - INFO - Building stim pattern for pattern_name 3180
2026-02-02 14:52:06,610 - INFO - Building stim pattern for pattern_name 1167
2026-02-02 14:52:06,648 - INFO - Building stim pattern for pattern_name 1097
2026-02-02 14:52:06,668 - INFO - Building stim pattern for pattern_name 3705
2026-02-02 14:52:06,684 - INFO - Building stim pattern for pattern_name 2106
2026-02-02 14:52:06,710 - INFO - Building stim pattern for pattern_name 3101
2026-02-02 14:52:06,724 - INFO - Building stim pattern for pattern_name 1618
2026-02-02 14:52:06,736 - INFO - Building stim pattern for pattern_name 1353
2026-02-02 14:52:06,751 - INFO - Building stim pattern for pattern_name 1402
2026-02-02 14:52:06,765 - INFO - Building stim pattern for pattern_name 976
2026-02-02 14:52:06,785 - INFO - Building stim pattern for pattern_name 1783
2026-02-02 14:52:06,799 - INFO - Building stim pattern for pattern_name 1275
2026-02-02 14:52:06,813 - INFO - Building stim pattern for pattern_name 1950
2026-02-02 14:52:06,827 - INFO - Building stim pattern for pattern_name 2888
2026-02-02 14:52:06,840 - INFO - Building stim pattern for pattern_name 724
2026-02-02 14:52:06,851 - INFO - Building stim pattern for pattern_name 395
2026-02-02 14:52:06,864 - INFO - Building stim pattern for pattern_name 1090
2026-02-02 14:52:06,876 - INFO - Building stim pattern for pattern_name 957
2026-02-02 14:52:06,890 - INFO - Building stim pattern for pattern_name 728
2026-02-02 14:52:06,902 - INFO - Building stim pattern for pattern_name 546
2026-02-02 14:52:06,915 - INFO - Building stim pattern for pattern_name 210
2026-02-02 14:52:06,933 - INFO - Building stim pattern for pattern_name 3880
2026-02-02 14:52:06,947 - INFO - Building stim pattern for pattern_name 1819
2026-02-02 14:52:06,958 - INFO - Building stim pattern for pattern_name 1771
2026-02-02 14:52:06,969 - INFO - Building stim pattern for pattern_name 1963
2026-02-02 14:52:06,981 - INFO - Building stim pattern for pattern_name 246
2026-02-02 14:52:06,994 - INFO - Building stim pattern for pattern_name 252
2026-02-02 14:52:07,086 - INFO - Building stim pattern for pattern_name 1496
2026-02-02 14:52:07,111 - INFO - Building stim pattern for pattern_name 509
2026-02-02 14:52:07,125 - INFO - Building stim pattern for pattern_name 549
2026-02-02 14:52:07,138 - INFO - Building stim pattern for pattern_name 3633
2026-02-02 14:52:07,158 - INFO - Building stim pattern for pattern_name 3695
2026-02-02 14:52:07,171 - INFO - Building stim pattern for pattern_name 512
2026-02-02 14:52:07,185 - INFO - Building stim pattern for pattern_name 809
2026-02-02 14:52:07,198 - INFO - Building stim pattern for pattern_name 980
2026-02-02 14:52:07,210 - INFO - Building stim pattern for pattern_name 1675
2026-02-02 14:52:07,220 - INFO - Building stim pattern for pattern_name 2683
2026-02-02 14:52:07,232 - INFO - Building stim pattern for pattern_name 1647
2026-02-02 14:52:07,244 - INFO - Building stim pattern for pattern_name 2200
2026-02-02 14:52:07,255 - INFO - Building stim pattern for pattern_name 846
2026-02-02 14:52:07,266 - INFO - Building stim pattern for pattern_name 3092
2026-02-02 14:52:07,278 - INFO - Building stim pattern for pattern_name 2437
2026-02-02 14:52:07,291 - INFO - Building stim pattern for pattern_name 2741
2026-02-02 14:52:07,305 - INFO - Building stim pattern for pattern_name 2245
2026-02-02 14:52:07,319 - INFO - Building stim pattern for pattern_name 585
2026-02-02 14:52:07,333 - INFO - Building stim pattern for pattern_name 1726
2026-02-02 14:52:07,348 - INFO - Building stim pattern for pattern_name 3939
2026-02-02 14:52:07,367 - INFO - Building stim pattern for pattern_name 737
2026-02-02 14:52:07,381 - INFO - Building stim pattern for pattern_name 342
2026-02-02 14:52:07,394 - INFO - Building stim pattern for pattern_name 1591
2026-02-02 14:52:07,405 - INFO - Building stim pattern for pattern_name 2720
2026-02-02 14:52:07,417 - INFO - Building stim pattern for pattern_name 2857
2026-02-02 14:52:07,432 - INFO - Building stim pattern for pattern_name 1457
2026-02-02 14:52:07,443 - INFO - Building stim pattern for pattern_name 1781
2026-02-02 14:52:07,465 - INFO - Building stim pattern for pattern_name 3254
2026-02-02 14:52:07,476 - INFO - Building stim pattern for pattern_name 1809
2026-02-02 14:52:07,497 - INFO - Building stim pattern for pattern_name 3327
2026-02-02 14:52:07,510 - INFO - Building stim pattern for pattern_name 1492
2026-02-02 14:52:07,523 - INFO - Building stim pattern for pattern_name 3844
2026-02-02 14:52:07,537 - INFO - Building stim pattern for pattern_name 2156
2026-02-02 14:52:07,551 - INFO - Building stim pattern for pattern_name 2636
2026-02-02 14:52:07,562 - INFO - Building stim pattern for pattern_name 609
2026-02-02 14:52:07,575 - INFO - Building stim pattern for pattern_name 203
2026-02-02 14:52:07,590 - INFO - Building stim pattern for pattern_name 3270
2026-02-02 14:52:07,619 - INFO - Building stim pattern for pattern_name 1203
2026-02-02 14:52:07,630 - INFO - Building stim pattern for pattern_name 2409
2026-02-02 14:52:07,644 - INFO - Building stim pattern for pattern_name 1723
2026-02-02 14:52:07,656 - INFO - Building stim pattern for pattern_name 3988
2026-02-02 14:52:07,669 - INFO - Building stim pattern for pattern_name 1524
2026-02-02 14:52:07,683 - INFO - Building stim pattern for pattern_name 2094
2026-02-02 14:52:07,704 - INFO - Building stim pattern for pattern_name 1873
2026-02-02 14:52:07,717 - INFO - Building stim pattern for pattern_name 322
2026-02-02 14:52:07,732 - INFO - Building stim pattern for pattern_name 2567
2026-02-02 14:52:07,745 - INFO - Building stim pattern for pattern_name 2602
2026-02-02 14:52:07,764 - INFO - Building stim pattern for pattern_name 1246
2026-02-02 14:52:07,786 - INFO - Building stim pattern for pattern_name 3785
2026-02-02 14:52:07,799 - INFO - Building stim pattern for pattern_name 2347
2026-02-02 14:52:07,811 - INFO - Building stim pattern for pattern_name 3537
2026-02-02 14:52:07,831 - INFO - Building stim pattern for pattern_name 2672
2026-02-02 14:52:07,843 - INFO - Building stim pattern for pattern_name 489
2026-02-02 14:52:07,856 - INFO - Building stim pattern for pattern_name 2456
2026-02-02 14:52:07,869 - INFO - Building stim pattern for pattern_name 1427
2026-02-02 14:52:07,889 - INFO - Building stim pattern for pattern_name 1337
2026-02-02 14:52:07,900 - INFO - Building stim pattern for pattern_name 1559
2026-02-02 14:52:07,919 - INFO - Building stim pattern for pattern_name 1838
2026-02-02 14:52:07,933 - INFO - Building stim pattern for pattern_name 679
2026-02-02 14:52:07,947 - INFO - Building stim pattern for pattern_name 3145
2026-02-02 14:52:07,960 - INFO - Building stim pattern for pattern_name 1021
2026-02-02 14:52:07,999 - INFO - Building stim pattern for pattern_name 403
2026-02-02 14:52:08,015 - INFO - Building stim pattern for pattern_name 3580
2026-02-02 14:52:08,029 - INFO - Building stim pattern for pattern_name 3603
2026-02-02 14:52:08,039 - INFO - Building stim pattern for pattern_name 998
2026-02-02 14:52:08,053 - INFO - Building stim pattern for pattern_name 3666
2026-02-02 14:52:08,066 - INFO - Building stim pattern for pattern_name 3311
2026-02-02 14:52:08,103 - INFO - Building stim pattern for pattern_name 3005
2026-02-02 14:52:08,117 - INFO - Building stim pattern for pattern_name 2562
2026-02-02 14:52:08,129 - INFO - Building stim pattern for pattern_name 1176
2026-02-02 14:52:08,141 - INFO - Building stim pattern for pattern_name 2405
2026-02-02 14:52:08,155 - INFO - Building stim pattern for pattern_name 2908
2026-02-02 14:52:08,169 - INFO - Building stim pattern for pattern_name 326
2026-02-02 14:52:08,189 - INFO - Building stim pattern for pattern_name 2025
2026-02-02 14:52:08,200 - INFO - Building stim pattern for pattern_name 1255
2026-02-02 14:52:08,212 - INFO - Building stim pattern for pattern_name 418
2026-02-02 14:52:08,224 - INFO - Building stim pattern for pattern_name 1651
2026-02-02 14:52:08,256 - INFO - Building stim pattern for pattern_name 3087
2026-02-02 14:52:08,268 - INFO - Building stim pattern for pattern_name 2736
2026-02-02 14:52:08,280 - INFO - Building stim pattern for pattern_name 891
2026-02-02 14:52:08,292 - INFO - Building stim pattern for pattern_name 2308
2026-02-02 14:52:08,303 - INFO - Building stim pattern for pattern_name 2558
2026-02-02 14:52:08,316 - INFO - Building stim pattern for pattern_name 2032
2026-02-02 14:52:08,327 - INFO - Building stim pattern for pattern_name 2641
2026-02-02 14:52:08,341 - INFO - Building stim pattern for pattern_name 240
2026-02-02 14:52:08,352 - INFO - Building stim pattern for pattern_name 1530
2026-02-02 14:52:08,382 - INFO - Building stim pattern for pattern_name 592
2026-02-02 14:52:08,393 - INFO - Building stim pattern for pattern_name 2400
2026-02-02 14:52:08,405 - INFO - Building stim pattern for pattern_name 2705
2026-02-02 14:52:08,418 - INFO - Building stim pattern for pattern_name 654
2026-02-02 14:52:08,527 - INFO - Building stim pattern for pattern_name 3107
2026-02-02 14:52:08,559 - INFO - Building stim pattern for pattern_name 3181
2026-02-02 14:52:08,576 - INFO - Building stim pattern for pattern_name 1351
2026-02-02 14:52:08,614 - INFO - Building stim pattern for pattern_name 2422
2026-02-02 14:52:08,628 - INFO - Building stim pattern for pattern_name 2715
2026-02-02 14:52:08,642 - INFO - Building stim pattern for pattern_name 1035
2026-02-02 14:52:08,659 - INFO - Building stim pattern for pattern_name 3893
2026-02-02 14:52:08,684 - INFO - Building stim pattern for pattern_name 1557
2026-02-02 14:52:08,700 - INFO - Building stim pattern for pattern_name 1418
2026-02-02 14:52:08,733 - INFO - Building stim pattern for pattern_name 2575
2026-02-02 14:52:08,760 - INFO - Building stim pattern for pattern_name 2339
2026-02-02 14:52:08,774 - INFO - Building stim pattern for pattern_name 3331
2026-02-02 14:52:08,791 - INFO - Building stim pattern for pattern_name 3826
2026-02-02 14:52:08,807 - INFO - Building stim pattern for pattern_name 1968
2026-02-02 14:52:08,830 - INFO - Building stim pattern for pattern_name 1888
2026-02-02 14:52:08,874 - INFO - Building stim pattern for pattern_name 3205
2026-02-02 14:52:08,887 - INFO - Building stim pattern for pattern_name 1852
2026-02-02 14:52:08,900 - INFO - Building stim pattern for pattern_name 770
2026-02-02 14:52:08,914 - INFO - Building stim pattern for pattern_name 1229
2026-02-02 14:52:08,928 - INFO - Building stim pattern for pattern_name 492
2026-02-02 14:52:08,941 - INFO - Building stim pattern for pattern_name 3382
2026-02-02 14:52:08,962 - INFO - Building stim pattern for pattern_name 1405
2026-02-02 14:52:08,986 - INFO - Building stim pattern for pattern_name 1386
2026-02-02 14:52:09,029 - INFO - Building stim pattern for pattern_name 41
2026-02-02 14:52:09,044 - INFO - Building stim pattern for pattern_name 530
2026-02-02 14:52:09,056 - INFO - Building stim pattern for pattern_name 1197
2026-02-02 14:52:09,072 - INFO - Building stim pattern for pattern_name 2915
2026-02-02 14:52:09,086 - INFO - Building stim pattern for pattern_name 1581
2026-02-02 14:52:09,099 - INFO - Building stim pattern for pattern_name 316
2026-02-02 14:52:09,112 - INFO - Building stim pattern for pattern_name 533
2026-02-02 14:52:09,124 - INFO - Building stim pattern for pattern_name 3369
2026-02-02 14:52:09,137 - INFO - Building stim pattern for pattern_name 2097
2026-02-02 14:52:09,159 - INFO - Building stim pattern for pattern_name 2962
2026-02-02 14:52:09,171 - INFO - Building stim pattern for pattern_name 474
2026-02-02 14:52:09,191 - INFO - Building stim pattern for pattern_name 3657
2026-02-02 14:52:09,205 - INFO - Building stim pattern for pattern_name 1346
2026-02-02 14:52:09,225 - INFO - Building stim pattern for pattern_name 2691
2026-02-02 14:52:09,238 - INFO - Building stim pattern for pattern_name 2999
2026-02-02 14:52:09,259 - INFO - Building stim pattern for pattern_name 2499
2026-02-02 14:52:09,272 - INFO - Building stim pattern for pattern_name 2118
2026-02-02 14:52:09,291 - INFO - Building stim pattern for pattern_name 1060
2026-02-02 14:52:09,353 - INFO - Building stim pattern for pattern_name 1770
2026-02-02 14:52:09,423 - INFO - Building stim pattern for pattern_name 624
2026-02-02 14:52:09,458 - INFO - Building stim pattern for pattern_name 1744
2026-02-02 14:52:09,478 - INFO - Building stim pattern for pattern_name 2801
2026-02-02 14:52:09,495 - INFO - Building stim pattern for pattern_name 3222
2026-02-02 14:52:09,510 - INFO - Building stim pattern for pattern_name 1566
2026-02-02 14:52:09,522 - INFO - Building stim pattern for pattern_name 3055
2026-02-02 14:52:09,535 - INFO - Building stim pattern for pattern_name 526
2026-02-02 14:52:09,546 - INFO - Building stim pattern for pattern_name 850
2026-02-02 14:52:09,558 - INFO - Building stim pattern for pattern_name 880
2026-02-02 14:52:09,571 - INFO - Building stim pattern for pattern_name 3436
2026-02-02 14:52:09,583 - INFO - Building stim pattern for pattern_name 2565
2026-02-02 14:52:09,598 - INFO - Building stim pattern for pattern_name 2366
2026-02-02 14:52:09,613 - INFO - Building stim pattern for pattern_name 856
2026-02-02 14:52:09,627 - INFO - Building stim pattern for pattern_name 2305
2026-02-02 14:52:09,648 - INFO - Building stim pattern for pattern_name 305
2026-02-02 14:52:09,661 - INFO - Building stim pattern for pattern_name 2559
2026-02-02 14:52:09,689 - INFO - Building stim pattern for pattern_name 3937
2026-02-02 14:52:09,702 - INFO - Building stim pattern for pattern_name 1138
2026-02-02 14:52:09,725 - INFO - Building stim pattern for pattern_name 2846
2026-02-02 14:52:09,739 - INFO - Building stim pattern for pattern_name 2646
2026-02-02 14:52:09,751 - INFO - Building stim pattern for pattern_name 2224
2026-02-02 14:52:09,764 - INFO - Building stim pattern for pattern_name 3014
2026-02-02 14:52:09,788 - INFO - Building stim pattern for pattern_name 2874
2026-02-02 14:52:09,800 - INFO - Building stim pattern for pattern_name 1795
2026-02-02 14:52:09,822 - INFO - Building stim pattern for pattern_name 3045
2026-02-02 14:52:09,834 - INFO - Building stim pattern for pattern_name 2709
2026-02-02 14:52:09,848 - INFO - Building stim pattern for pattern_name 1112
2026-02-02 14:52:09,861 - INFO - Building stim pattern for pattern_name 662
2026-02-02 14:52:09,874 - INFO - Building stim pattern for pattern_name 3926
2026-02-02 14:52:09,886 - INFO - Building stim pattern for pattern_name 50
2026-02-02 14:52:09,898 - INFO - Building stim pattern for pattern_name 1424
2026-02-02 14:52:09,922 - INFO - Building stim pattern for pattern_name 1017
2026-02-02 14:52:09,934 - INFO - Building stim pattern for pattern_name 1929
2026-02-02 14:52:09,947 - INFO - Building stim pattern for pattern_name 3083
2026-02-02 14:52:09,961 - INFO - Building stim pattern for pattern_name 1862
2026-02-02 14:52:09,981 - INFO - Building stim pattern for pattern_name 2820
2026-02-02 14:52:09,994 - INFO - Building stim pattern for pattern_name 2731
2026-02-02 14:52:10,007 - INFO - Building stim pattern for pattern_name 108
2026-02-02 14:52:10,019 - INFO - Building stim pattern for pattern_name 2452
2026-02-02 14:52:10,057 - INFO - Building stim pattern for pattern_name 3546
2026-02-02 14:52:10,070 - INFO - Building stim pattern for pattern_name 412
2026-02-02 14:52:10,092 - INFO - Building stim pattern for pattern_name 3011
2026-02-02 14:52:10,103 - INFO - Building stim pattern for pattern_name 2681
2026-02-02 14:52:10,125 - INFO - Building stim pattern for pattern_name 748
2026-02-02 14:52:10,139 - INFO - Building stim pattern for pattern_name 3224
2026-02-02 14:52:10,151 - INFO - Building stim pattern for pattern_name 1436
2026-02-02 14:52:10,163 - INFO - Building stim pattern for pattern_name 3652
2026-02-02 14:52:10,185 - INFO - Building stim pattern for pattern_name 289
2026-02-02 14:52:10,204 - INFO - Building stim pattern for pattern_name 1081
2026-02-02 14:52:10,219 - INFO - Building stim pattern for pattern_name 1848
2026-02-02 14:52:10,238 - INFO - Building stim pattern for pattern_name 2345
2026-02-02 14:52:10,252 - INFO - Building stim pattern for pattern_name 2282
2026-02-02 14:52:10,265 - INFO - Building stim pattern for pattern_name 1901
2026-02-02 14:52:10,285 - INFO - Building stim pattern for pattern_name 2299
2026-02-02 14:52:10,297 - INFO - Building stim pattern for pattern_name 3703
2026-02-02 14:52:10,311 - INFO - Building stim pattern for pattern_name 3588
2026-02-02 14:52:10,334 - INFO - Building stim pattern for pattern_name 1204
2026-02-02 14:52:10,346 - INFO - Building stim pattern for pattern_name 1041
2026-02-02 14:52:10,359 - INFO - Building stim pattern for pattern_name 567
2026-02-02 14:52:10,379 - INFO - Building stim pattern for pattern_name 1362
2026-02-02 14:52:10,392 - INFO - Building stim pattern for pattern_name 637
2026-02-02 14:52:10,405 - INFO - Building stim pattern for pattern_name 3212
2026-02-02 14:52:10,418 - INFO - Building stim pattern for pattern_name 554
2026-02-02 14:52:10,432 - INFO - Building stim pattern for pattern_name 2816
2026-02-02 14:52:10,454 - INFO - Building stim pattern for pattern_name 777
2026-02-02 14:52:10,466 - INFO - Building stim pattern for pattern_name 529
2026-02-02 14:52:10,478 - INFO - Building stim pattern for pattern_name 3375
2026-02-02 14:52:10,492 - INFO - Building stim pattern for pattern_name 1180
2026-02-02 14:52:10,504 - INFO - Building stim pattern for pattern_name 3053
2026-02-02 14:52:10,515 - INFO - Building stim pattern for pattern_name 3595
2026-02-02 14:52:10,527 - INFO - Building stim pattern for pattern_name 1820
2026-02-02 14:52:10,545 - INFO - Building stim pattern for pattern_name 3512
2026-02-02 14:52:10,558 - INFO - Building stim pattern for pattern_name 2875
2026-02-02 14:52:10,570 - INFO - Building stim pattern for pattern_name 1659
2026-02-02 14:52:10,582 - INFO - Building stim pattern for pattern_name 1131
2026-02-02 14:52:10,596 - INFO - Building stim pattern for pattern_name 2338
2026-02-02 14:52:10,609 - INFO - Building stim pattern for pattern_name 3787
2026-02-02 14:52:10,621 - INFO - Building stim pattern for pattern_name 503
2026-02-02 14:52:10,634 - INFO - Building stim pattern for pattern_name 621
2026-02-02 14:52:10,648 - INFO - Building stim pattern for pattern_name 1853
2026-02-02 14:52:10,663 - INFO - Building stim pattern for pattern_name 3272
2026-02-02 14:52:10,680 - INFO - Building stim pattern for pattern_name 1791
2026-02-02 14:52:10,693 - INFO - Building stim pattern for pattern_name 597
2026-02-02 14:52:10,705 - INFO - Building stim pattern for pattern_name 2197
2026-02-02 14:52:10,727 - INFO - Building stim pattern for pattern_name 1845
2026-02-02 14:52:10,742 - INFO - Building stim pattern for pattern_name 1910
2026-02-02 14:52:10,762 - INFO - Building stim pattern for pattern_name 1980
2026-02-02 14:52:10,783 - INFO - Building stim pattern for pattern_name 229
2026-02-02 14:52:10,805 - INFO - Building stim pattern for pattern_name 2884
2026-02-02 14:52:10,824 - INFO - Building stim pattern for pattern_name 746
2026-02-02 14:52:10,846 - INFO - Building stim pattern for pattern_name 652
2026-02-02 14:52:10,858 - INFO - Building stim pattern for pattern_name 1253
2026-02-02 14:52:10,869 - INFO - Building stim pattern for pattern_name 1696
2026-02-02 14:52:10,881 - INFO - Building stim pattern for pattern_name 3498
2026-02-02 14:52:10,893 - INFO - Building stim pattern for pattern_name 2314
2026-02-02 14:52:10,906 - INFO - Building stim pattern for pattern_name 2387
2026-02-02 14:52:10,924 - INFO - Building stim pattern for pattern_name 2774
2026-02-02 14:52:10,937 - INFO - Building stim pattern for pattern_name 88
2026-02-02 14:52:10,951 - INFO - Building stim pattern for pattern_name 2589
2026-02-02 14:52:10,965 - INFO - Building stim pattern for pattern_name 3070
2026-02-02 14:52:10,985 - INFO - Building stim pattern for pattern_name 571
2026-02-02 14:52:10,997 - INFO - Building stim pattern for pattern_name 1159
2026-02-02 14:52:11,008 - INFO - Building stim pattern for pattern_name 1206
2026-02-02 14:52:11,022 - INFO - Building stim pattern for pattern_name 351
2026-02-02 14:52:11,038 - INFO - Building stim pattern for pattern_name 2885
2026-02-02 14:52:11,053 - INFO - Building stim pattern for pattern_name 564
2026-02-02 14:52:11,069 - INFO - Building stim pattern for pattern_name 2176
2026-02-02 14:52:11,107 - INFO - Building stim pattern for pattern_name 68
2026-02-02 14:52:11,120 - INFO - Building stim pattern for pattern_name 3051
2026-02-02 14:52:11,134 - INFO - Building stim pattern for pattern_name 1141
2026-02-02 14:52:11,157 - INFO - Building stim pattern for pattern_name 365
2026-02-02 14:52:11,169 - INFO - Building stim pattern for pattern_name 3998
2026-02-02 14:52:11,181 - INFO - Building stim pattern for pattern_name 1721
2026-02-02 14:52:11,202 - INFO - Building stim pattern for pattern_name 1408
2026-02-02 14:52:11,213 - INFO - Building stim pattern for pattern_name 3903
2026-02-02 14:52:11,225 - INFO - Building stim pattern for pattern_name 415
2026-02-02 14:52:11,236 - INFO - Building stim pattern for pattern_name 773
2026-02-02 14:52:11,248 - INFO - Building stim pattern for pattern_name 2972
2026-02-02 14:52:11,260 - INFO - Building stim pattern for pattern_name 3211
2026-02-02 14:52:11,281 - INFO - Building stim pattern for pattern_name 2818
2026-02-02 14:52:11,292 - INFO - Building stim pattern for pattern_name 2497
2026-02-02 14:52:11,304 - INFO - Building stim pattern for pattern_name 1874
2026-02-02 14:52:11,317 - INFO - Building stim pattern for pattern_name 3960
2026-02-02 14:52:11,434 - INFO - Building stim pattern for pattern_name 1725
2026-02-02 14:52:11,465 - INFO - Building stim pattern for pattern_name 2996
2026-02-02 14:52:11,481 - INFO - Building stim pattern for pattern_name 1702
2026-02-02 14:52:11,506 - INFO - Building stim pattern for pattern_name 1576
2026-02-02 14:52:11,519 - INFO - Building stim pattern for pattern_name 144
2026-02-02 14:52:11,534 - INFO - Building stim pattern for pattern_name 3395
2026-02-02 14:52:11,565 - INFO - Building stim pattern for pattern_name 1780
2026-02-02 14:52:11,596 - INFO - Building stim pattern for pattern_name 2218
2026-02-02 14:52:11,608 - INFO - Building stim pattern for pattern_name 3450
2026-02-02 14:52:11,619 - INFO - Building stim pattern for pattern_name 2579
2026-02-02 14:52:11,632 - INFO - Building stim pattern for pattern_name 2005
2026-02-02 14:52:11,644 - INFO - Building stim pattern for pattern_name 3889
2026-02-02 14:52:11,656 - INFO - Building stim pattern for pattern_name 1127
2026-02-02 14:52:11,669 - INFO - Building stim pattern for pattern_name 2542
2026-02-02 14:52:11,688 - INFO - Building stim pattern for pattern_name 288
2026-02-02 14:52:11,700 - INFO - Building stim pattern for pattern_name 1736
2026-02-02 14:52:11,711 - INFO - Building stim pattern for pattern_name 2417
2026-02-02 14:52:11,732 - INFO - Building stim pattern for pattern_name 631
2026-02-02 14:52:11,744 - INFO - Building stim pattern for pattern_name 2781
2026-02-02 14:52:11,757 - INFO - Building stim pattern for pattern_name 3175
2026-02-02 14:52:11,770 - INFO - Building stim pattern for pattern_name 961
2026-02-02 14:52:11,784 - INFO - Building stim pattern for pattern_name 485
2026-02-02 14:52:11,804 - INFO - Building stim pattern for pattern_name 3860
2026-02-02 14:52:11,817 - INFO - Building stim pattern for pattern_name 2410
2026-02-02 14:52:11,830 - INFO - Building stim pattern for pattern_name 2108
2026-02-02 14:52:11,843 - INFO - Building stim pattern for pattern_name 3178
2026-02-02 14:52:11,856 - INFO - Building stim pattern for pattern_name 270
2026-02-02 14:52:11,867 - INFO - Building stim pattern for pattern_name 799
2026-02-02 14:52:11,880 - INFO - Building stim pattern for pattern_name 1794
2026-02-02 14:52:11,891 - INFO - Building stim pattern for pattern_name 603
2026-02-02 14:52:11,911 - INFO - Building stim pattern for pattern_name 3805
2026-02-02 14:52:11,923 - INFO - Building stim pattern for pattern_name 539
2026-02-02 14:52:11,936 - INFO - Building stim pattern for pattern_name 2221
2026-02-02 14:52:11,947 - INFO - Building stim pattern for pattern_name 635
2026-02-02 14:52:11,958 - INFO - Building stim pattern for pattern_name 176
2026-02-02 14:52:11,981 - INFO - Building stim pattern for pattern_name 468
2026-02-02 14:52:11,993 - INFO - Building stim pattern for pattern_name 3827
2026-02-02 14:52:12,005 - INFO - Building stim pattern for pattern_name 2262
2026-02-02 14:52:12,016 - INFO - Building stim pattern for pattern_name 3153
2026-02-02 14:52:12,027 - INFO - Building stim pattern for pattern_name 2183
2026-02-02 14:52:12,044 - INFO - Building stim pattern for pattern_name 1297
2026-02-02 14:52:12,056 - INFO - Building stim pattern for pattern_name 1383
2026-02-02 14:52:12,067 - INFO - Building stim pattern for pattern_name 2533
2026-02-02 14:52:12,079 - INFO - Building stim pattern for pattern_name 390
2026-02-02 14:52:12,092 - INFO - Building stim pattern for pattern_name 3777
2026-02-02 14:52:12,104 - INFO - Building stim pattern for pattern_name 3697
2026-02-02 14:52:12,115 - INFO - Building stim pattern for pattern_name 3719
2026-02-02 14:52:12,133 - INFO - Building stim pattern for pattern_name 2255
2026-02-02 14:52:12,152 - INFO - Building stim pattern for pattern_name 3155
2026-02-02 14:52:12,164 - INFO - Building stim pattern for pattern_name 1529
2026-02-02 14:52:12,174 - INFO - Building stim pattern for pattern_name 396
2026-02-02 14:52:12,188 - INFO - Building stim pattern for pattern_name 2324
2026-02-02 14:52:12,200 - INFO - Building stim pattern for pattern_name 1905
2026-02-02 14:52:12,220 - INFO - Building stim pattern for pattern_name 1422
2026-02-02 14:52:12,233 - INFO - Building stim pattern for pattern_name 3712
2026-02-02 14:52:12,247 - INFO - Building stim pattern for pattern_name 987
2026-02-02 14:52:12,273 - INFO - Building stim pattern for pattern_name 2613
2026-02-02 14:52:12,288 - INFO - Building stim pattern for pattern_name 2932
2026-02-02 14:52:12,309 - INFO - Building stim pattern for pattern_name 149
2026-02-02 14:52:12,321 - INFO - Building stim pattern for pattern_name 3585
2026-02-02 14:52:12,333 - INFO - Building stim pattern for pattern_name 735
2026-02-02 14:52:12,352 - INFO - Building stim pattern for pattern_name 3554
2026-02-02 14:52:12,363 - INFO - Building stim pattern for pattern_name 2826
2026-02-02 14:52:12,381 - INFO - Building stim pattern for pattern_name 150
2026-02-02 14:52:12,392 - INFO - Building stim pattern for pattern_name 478
2026-02-02 14:52:12,410 - INFO - Building stim pattern for pattern_name 1111
2026-02-02 14:52:12,421 - INFO - Building stim pattern for pattern_name 843
2026-02-02 14:52:12,434 - INFO - Building stim pattern for pattern_name 26
2026-02-02 14:52:12,445 - INFO - Building stim pattern for pattern_name 1866
2026-02-02 14:52:12,458 - INFO - Building stim pattern for pattern_name 803
2026-02-02 14:52:12,472 - INFO - Building stim pattern for pattern_name 1431
2026-02-02 14:52:12,485 - INFO - Building stim pattern for pattern_name 201
2026-02-02 14:52:12,499 - INFO - Building stim pattern for pattern_name 254
2026-02-02 14:52:12,512 - INFO - Building stim pattern for pattern_name 2889
2026-02-02 14:52:12,523 - INFO - Building stim pattern for pattern_name 1672
2026-02-02 14:52:12,542 - INFO - Building stim pattern for pattern_name 2849
2026-02-02 14:52:12,555 - INFO - Building stim pattern for pattern_name 1166
2026-02-02 14:52:12,577 - INFO - Building stim pattern for pattern_name 2537
2026-02-02 14:52:12,588 - INFO - Building stim pattern for pattern_name 1945
2026-02-02 14:52:12,600 - INFO - Building stim pattern for pattern_name 1943
2026-02-02 14:52:12,614 - INFO - Building stim pattern for pattern_name 1638
2026-02-02 14:52:12,627 - INFO - Building stim pattern for pattern_name 1817
2026-02-02 14:52:12,639 - INFO - Building stim pattern for pattern_name 2414
2026-02-02 14:52:12,661 - INFO - Building stim pattern for pattern_name 1078
2026-02-02 14:52:12,672 - INFO - Building stim pattern for pattern_name 3099
2026-02-02 14:52:12,684 - INFO - Building stim pattern for pattern_name 3046
2026-02-02 14:52:12,696 - INFO - Building stim pattern for pattern_name 3700
2026-02-02 14:52:12,714 - INFO - Building stim pattern for pattern_name 3735
2026-02-02 14:52:12,726 - INFO - Building stim pattern for pattern_name 3754
2026-02-02 14:52:12,747 - INFO - Building stim pattern for pattern_name 894
2026-02-02 14:52:12,760 - INFO - Building stim pattern for pattern_name 221
2026-02-02 14:52:12,773 - INFO - Building stim pattern for pattern_name 3476
2026-02-02 14:52:12,786 - INFO - Building stim pattern for pattern_name 1045
2026-02-02 14:52:12,799 - INFO - Building stim pattern for pattern_name 2905
2026-02-02 14:52:12,812 - INFO - Building stim pattern for pattern_name 224
2026-02-02 14:52:12,823 - INFO - Building stim pattern for pattern_name 2464
2026-02-02 14:52:12,836 - INFO - Building stim pattern for pattern_name 3437
2026-02-02 14:52:12,848 - INFO - Building stim pattern for pattern_name 693
2026-02-02 14:52:12,909 - INFO - Building stim pattern for pattern_name 87
2026-02-02 14:52:12,946 - INFO - Building stim pattern for pattern_name 3325
2026-02-02 14:52:12,968 - INFO - Building stim pattern for pattern_name 1746
2026-02-02 14:52:12,983 - INFO - Building stim pattern for pattern_name 2928
2026-02-02 14:52:12,998 - INFO - Building stim pattern for pattern_name 739
2026-02-02 14:52:13,012 - INFO - Building stim pattern for pattern_name 2852
2026-02-02 14:52:13,024 - INFO - Building stim pattern for pattern_name 2525
2026-02-02 14:52:13,035 - INFO - Building stim pattern for pattern_name 855
2026-02-02 14:52:13,056 - INFO - Building stim pattern for pattern_name 3203
2026-02-02 14:52:13,069 - INFO - Building stim pattern for pattern_name 3128
2026-02-02 14:52:13,083 - INFO - Building stim pattern for pattern_name 2445
2026-02-02 14:52:13,111 - INFO - Building stim pattern for pattern_name 2251
2026-02-02 14:52:13,122 - INFO - Building stim pattern for pattern_name 200
2026-02-02 14:52:13,134 - INFO - Building stim pattern for pattern_name 1489
2026-02-02 14:52:13,154 - INFO - Building stim pattern for pattern_name 3486
2026-02-02 14:52:13,166 - INFO - Building stim pattern for pattern_name 1043
2026-02-02 14:52:13,177 - INFO - Building stim pattern for pattern_name 3391
2026-02-02 14:52:13,189 - INFO - Building stim pattern for pattern_name 2650
2026-02-02 14:52:13,209 - INFO - Building stim pattern for pattern_name 3304
2026-02-02 14:52:13,222 - INFO - Building stim pattern for pattern_name 3223
2026-02-02 14:52:13,237 - INFO - Building stim pattern for pattern_name 1864
2026-02-02 14:52:13,251 - INFO - Building stim pattern for pattern_name 347
2026-02-02 14:52:13,265 - INFO - Building stim pattern for pattern_name 1441
2026-02-02 14:52:13,278 - INFO - Building stim pattern for pattern_name 3619
2026-02-02 14:52:13,289 - INFO - Building stim pattern for pattern_name 1811
2026-02-02 14:52:13,313 - INFO - Building stim pattern for pattern_name 3586
2026-02-02 14:52:13,328 - INFO - Building stim pattern for pattern_name 558
2026-02-02 14:52:13,343 - INFO - Building stim pattern for pattern_name 2569
2026-02-02 14:52:13,383 - INFO - Building stim pattern for pattern_name 1053
2026-02-02 14:52:13,397 - INFO - Building stim pattern for pattern_name 3856
2026-02-02 14:52:13,408 - INFO - Building stim pattern for pattern_name 387
2026-02-02 14:52:13,424 - INFO - Building stim pattern for pattern_name 2564
2026-02-02 14:52:13,439 - INFO - Building stim pattern for pattern_name 3989
2026-02-02 14:52:13,455 - INFO - Building stim pattern for pattern_name 2997
2026-02-02 14:52:13,470 - INFO - Building stim pattern for pattern_name 754
2026-02-02 14:52:13,486 - INFO - Building stim pattern for pattern_name 3348
2026-02-02 14:52:13,525 - INFO - Building stim pattern for pattern_name 2609
2026-02-02 14:52:13,539 - INFO - Building stim pattern for pattern_name 284
2026-02-02 14:52:13,552 - INFO - Building stim pattern for pattern_name 3206
2026-02-02 14:52:13,575 - INFO - Building stim pattern for pattern_name 2266
2026-02-02 14:52:13,587 - INFO - Building stim pattern for pattern_name 2196
2026-02-02 14:52:13,601 - INFO - Building stim pattern for pattern_name 372
2026-02-02 14:52:13,617 - INFO - Building stim pattern for pattern_name 2581
2026-02-02 14:52:13,643 - INFO - Building stim pattern for pattern_name 3002
2026-02-02 14:52:13,657 - INFO - Building stim pattern for pattern_name 954
2026-02-02 14:52:13,672 - INFO - Building stim pattern for pattern_name 3906
2026-02-02 14:52:13,687 - INFO - Building stim pattern for pattern_name 2512
2026-02-02 14:52:13,703 - INFO - Building stim pattern for pattern_name 666
2026-02-02 14:52:13,716 - INFO - Building stim pattern for pattern_name 3387
2026-02-02 14:52:13,730 - INFO - Building stim pattern for pattern_name 2084
2026-02-02 14:52:13,756 - INFO - Building stim pattern for pattern_name 993
2026-02-02 14:52:13,771 - INFO - Building stim pattern for pattern_name 1307
2026-02-02 14:52:13,785 - INFO - Building stim pattern for pattern_name 575
2026-02-02 14:52:13,816 - INFO - Building stim pattern for pattern_name 48
2026-02-02 14:52:13,830 - INFO - Building stim pattern for pattern_name 3075
2026-02-02 14:52:13,843 - INFO - Building stim pattern for pattern_name 1376
2026-02-02 14:52:13,854 - INFO - Building stim pattern for pattern_name 1202
2026-02-02 14:52:13,873 - INFO - Building stim pattern for pattern_name 2448
2026-02-02 14:52:13,885 - INFO - Building stim pattern for pattern_name 2
2026-02-02 14:52:13,899 - INFO - Building stim pattern for pattern_name 801
2026-02-02 14:52:13,914 - INFO - Building stim pattern for pattern_name 1806
2026-02-02 14:52:13,929 - INFO - Building stim pattern for pattern_name 3064
2026-02-02 14:52:13,943 - INFO - Building stim pattern for pattern_name 1468
2026-02-02 14:52:13,956 - INFO - Building stim pattern for pattern_name 819
2026-02-02 14:52:13,967 - INFO - Building stim pattern for pattern_name 732
2026-02-02 14:52:13,990 - INFO - Building stim pattern for pattern_name 2942
2026-02-02 14:52:14,004 - INFO - Building stim pattern for pattern_name 1331
2026-02-02 14:52:14,026 - INFO - Building stim pattern for pattern_name 2749
2026-02-02 14:52:14,039 - INFO - Building stim pattern for pattern_name 2758
2026-02-02 14:52:14,053 - INFO - Building stim pattern for pattern_name 3621
2026-02-02 14:52:14,065 - INFO - Building stim pattern for pattern_name 2507
2026-02-02 14:52:14,078 - INFO - Building stim pattern for pattern_name 1551
2026-02-02 14:52:14,090 - INFO - Building stim pattern for pattern_name 1235
2026-02-02 14:52:14,111 - INFO - Building stim pattern for pattern_name 3945
2026-02-02 14:52:14,122 - INFO - Building stim pattern for pattern_name 1230
2026-02-02 14:52:14,135 - INFO - Building stim pattern for pattern_name 199
2026-02-02 14:52:14,148 - INFO - Building stim pattern for pattern_name 821
2026-02-02 14:52:14,161 - INFO - Building stim pattern for pattern_name 3762
2026-02-02 14:52:14,173 - INFO - Building stim pattern for pattern_name 3278
2026-02-02 14:52:14,187 - INFO - Building stim pattern for pattern_name 1921
2026-02-02 14:52:14,199 - INFO - Building stim pattern for pattern_name 630
2026-02-02 14:52:14,212 - INFO - Building stim pattern for pattern_name 756
2026-02-02 14:52:14,225 - INFO - Building stim pattern for pattern_name 142
2026-02-02 14:52:14,240 - INFO - Building stim pattern for pattern_name 430
2026-02-02 14:52:14,253 - INFO - Building stim pattern for pattern_name 628
2026-02-02 14:52:14,338 - INFO - Building stim pattern for pattern_name 550
2026-02-02 14:52:14,367 - INFO - Building stim pattern for pattern_name 1857
2026-02-02 14:52:14,385 - INFO - Building stim pattern for pattern_name 2723
2026-02-02 14:52:14,404 - INFO - Building stim pattern for pattern_name 1580
2026-02-02 14:52:14,431 - INFO - Building stim pattern for pattern_name 1465
2026-02-02 14:52:14,443 - INFO - Building stim pattern for pattern_name 3130
2026-02-02 14:52:14,456 - INFO - Building stim pattern for pattern_name 330
2026-02-02 14:52:14,469 - INFO - Building stim pattern for pattern_name 921
2026-02-02 14:52:14,481 - INFO - Building stim pattern for pattern_name 2755
2026-02-02 14:52:14,493 - INFO - Building stim pattern for pattern_name 3558
2026-02-02 14:52:14,504 - INFO - Building stim pattern for pattern_name 3534
2026-02-02 14:52:14,518 - INFO - Building stim pattern for pattern_name 1515
2026-02-02 14:52:14,538 - INFO - Building stim pattern for pattern_name 2404
2026-02-02 14:52:14,551 - INFO - Building stim pattern for pattern_name 1030
2026-02-02 14:52:14,563 - INFO - Building stim pattern for pattern_name 2393
2026-02-02 14:52:14,575 - INFO - Building stim pattern for pattern_name 2086
2026-02-02 14:52:14,594 - INFO - Building stim pattern for pattern_name 2297
2026-02-02 14:52:14,628 - INFO - Building stim pattern for pattern_name 3850
2026-02-02 14:52:14,648 - INFO - Building stim pattern for pattern_name 1343
2026-02-02 14:52:14,659 - INFO - Building stim pattern for pattern_name 2627
2026-02-02 14:52:14,672 - INFO - Building stim pattern for pattern_name 2535
2026-02-02 14:52:14,693 - INFO - Building stim pattern for pattern_name 2370
2026-02-02 14:52:14,715 - INFO - Building stim pattern for pattern_name 1894
2026-02-02 14:52:14,733 - INFO - Building stim pattern for pattern_name 1355
2026-02-02 14:52:14,746 - INFO - Building stim pattern for pattern_name 2316
2026-02-02 14:52:14,759 - INFO - Building stim pattern for pattern_name 2655
2026-02-02 14:52:14,775 - INFO - Building stim pattern for pattern_name 1295
2026-02-02 14:52:14,790 - INFO - Building stim pattern for pattern_name 2521
2026-02-02 14:52:14,804 - INFO - Building stim pattern for pattern_name 3618
2026-02-02 14:52:14,816 - INFO - Building stim pattern for pattern_name 2023
2026-02-02 14:52:14,829 - INFO - Building stim pattern for pattern_name 1497
2026-02-02 14:52:14,849 - INFO - Building stim pattern for pattern_name 2735
2026-02-02 14:52:14,869 - INFO - Building stim pattern for pattern_name 1645
2026-02-02 14:52:14,882 - INFO - Building stim pattern for pattern_name 3407
2026-02-02 14:52:14,893 - INFO - Building stim pattern for pattern_name 2401
2026-02-02 14:52:14,906 - INFO - Building stim pattern for pattern_name 1745
2026-02-02 14:52:14,930 - INFO - Building stim pattern for pattern_name 3192
2026-02-02 14:52:14,944 - INFO - Building stim pattern for pattern_name 1585
2026-02-02 14:52:14,958 - INFO - Building stim pattern for pattern_name 1300
2026-02-02 14:52:14,969 - INFO - Building stim pattern for pattern_name 3246
2026-02-02 14:52:14,983 - INFO - Building stim pattern for pattern_name 1121
2026-02-02 14:52:15,003 - INFO - Building stim pattern for pattern_name 1399
2026-02-02 14:52:15,048 - INFO - Building stim pattern for pattern_name 2147
2026-02-02 14:52:15,061 - INFO - Building stim pattern for pattern_name 3086
2026-02-02 14:52:15,076 - INFO - Building stim pattern for pattern_name 1237
2026-02-02 14:52:15,089 - INFO - Building stim pattern for pattern_name 51
2026-02-02 14:52:15,102 - INFO - Building stim pattern for pattern_name 749
2026-02-02 14:52:15,122 - INFO - Building stim pattern for pattern_name 520
2026-02-02 14:52:15,133 - INFO - Building stim pattern for pattern_name 1201
2026-02-02 14:52:15,145 - INFO - Building stim pattern for pattern_name 35
2026-02-02 14:52:15,159 - INFO - Building stim pattern for pattern_name 3069
2026-02-02 14:52:15,173 - INFO - Building stim pattern for pattern_name 2040
2026-02-02 14:52:15,187 - INFO - Building stim pattern for pattern_name 2719
2026-02-02 14:52:15,199 - INFO - Building stim pattern for pattern_name 3833
2026-02-02 14:52:15,212 - INFO - Building stim pattern for pattern_name 1722
2026-02-02 14:52:15,231 - INFO - Building stim pattern for pattern_name 2593
2026-02-02 14:52:15,250 - INFO - Building stim pattern for pattern_name 1329
2026-02-02 14:52:15,262 - INFO - Building stim pattern for pattern_name 2382
2026-02-02 14:52:15,274 - INFO - Building stim pattern for pattern_name 1603
2026-02-02 14:52:15,286 - INFO - Building stim pattern for pattern_name 1064
2026-02-02 14:52:15,298 - INFO - Building stim pattern for pattern_name 286
2026-02-02 14:52:15,309 - INFO - Building stim pattern for pattern_name 1918
2026-02-02 14:52:15,320 - INFO - Building stim pattern for pattern_name 568
2026-02-02 14:52:15,333 - INFO - Building stim pattern for pattern_name 243
2026-02-02 14:52:15,345 - INFO - Building stim pattern for pattern_name 2785
2026-02-02 14:52:15,363 - INFO - Building stim pattern for pattern_name 3063
2026-02-02 14:52:15,375 - INFO - Building stim pattern for pattern_name 3097
2026-02-02 14:52:15,387 - INFO - Building stim pattern for pattern_name 1843
2026-02-02 14:52:15,405 - INFO - Building stim pattern for pattern_name 3383
2026-02-02 14:52:15,417 - INFO - Building stim pattern for pattern_name 491
2026-02-02 14:52:15,430 - INFO - Building stim pattern for pattern_name 1752
2026-02-02 14:52:15,443 - INFO - Building stim pattern for pattern_name 2306
2026-02-02 14:52:15,456 - INFO - Building stim pattern for pattern_name 2030
2026-02-02 14:52:15,478 - INFO - Building stim pattern for pattern_name 2368
2026-02-02 14:52:15,491 - INFO - Building stim pattern for pattern_name 2753
2026-02-02 14:52:15,510 - INFO - Building stim pattern for pattern_name 2479
2026-02-02 14:52:15,524 - INFO - Building stim pattern for pattern_name 2782
2026-02-02 14:52:15,536 - INFO - Building stim pattern for pattern_name 553
2026-02-02 14:52:15,616 - INFO - Building stim pattern for pattern_name 2205
2026-02-02 14:52:15,659 - INFO - Building stim pattern for pattern_name 949
2026-02-02 14:52:15,709 - INFO - Building stim pattern for pattern_name 2858
2026-02-02 14:52:15,723 - INFO - Building stim pattern for pattern_name 3108
2026-02-02 14:52:15,735 - INFO - Building stim pattern for pattern_name 3347
2026-02-02 14:52:15,747 - INFO - Building stim pattern for pattern_name 275
2026-02-02 14:52:15,759 - INFO - Building stim pattern for pattern_name 1711
2026-02-02 14:52:15,771 - INFO - Building stim pattern for pattern_name 2955
2026-02-02 14:52:15,783 - INFO - Building stim pattern for pattern_name 1996
2026-02-02 14:52:15,795 - INFO - Building stim pattern for pattern_name 3289
2026-02-02 14:52:15,814 - INFO - Building stim pattern for pattern_name 3456
2026-02-02 14:52:15,826 - INFO - Building stim pattern for pattern_name 1221
2026-02-02 14:52:15,838 - INFO - Building stim pattern for pattern_name 3897
2026-02-02 14:52:15,848 - INFO - Building stim pattern for pattern_name 3524
2026-02-02 14:52:15,860 - INFO - Building stim pattern for pattern_name 3949
2026-02-02 14:52:15,872 - INFO - Building stim pattern for pattern_name 3397
2026-02-02 14:52:15,884 - INFO - Building stim pattern for pattern_name 28
2026-02-02 14:52:15,897 - INFO - Building stim pattern for pattern_name 3857
2026-02-02 14:52:15,920 - INFO - Building stim pattern for pattern_name 2421
2026-02-02 14:52:15,938 - INFO - Building stim pattern for pattern_name 2881
2026-02-02 14:52:15,950 - INFO - Building stim pattern for pattern_name 3238
2026-02-02 14:52:15,962 - INFO - Building stim pattern for pattern_name 1537
2026-02-02 14:52:15,997 - INFO - Building stim pattern for pattern_name 2177
2026-02-02 14:52:16,008 - INFO - Building stim pattern for pattern_name 893
2026-02-02 14:52:16,027 - INFO - Building stim pattern for pattern_name 711
2026-02-02 14:52:16,038 - INFO - Building stim pattern for pattern_name 3898
2026-02-02 14:52:16,049 - INFO - Building stim pattern for pattern_name 3701
2026-02-02 14:52:16,061 - INFO - Building stim pattern for pattern_name 130
2026-02-02 14:52:16,073 - INFO - Building stim pattern for pattern_name 217
2026-02-02 14:52:16,084 - INFO - Building stim pattern for pattern_name 3480
2026-02-02 14:52:16,097 - INFO - Building stim pattern for pattern_name 3432
2026-02-02 14:52:16,110 - INFO - Building stim pattern for pattern_name 1347
2026-02-02 14:52:16,121 - INFO - Building stim pattern for pattern_name 12
2026-02-02 14:52:16,135 - INFO - Building stim pattern for pattern_name 2699
2026-02-02 14:52:16,150 - INFO - Building stim pattern for pattern_name 427
2026-02-02 14:52:16,162 - INFO - Building stim pattern for pattern_name 3261
2026-02-02 14:52:16,175 - INFO - Building stim pattern for pattern_name 3368
2026-02-02 14:52:16,189 - INFO - Building stim pattern for pattern_name 1747
2026-02-02 14:52:16,209 - INFO - Building stim pattern for pattern_name 3665
2026-02-02 14:52:16,222 - INFO - Building stim pattern for pattern_name 343
2026-02-02 14:52:16,235 - INFO - Building stim pattern for pattern_name 3113
2026-02-02 14:52:16,247 - INFO - Building stim pattern for pattern_name 2501
2026-02-02 14:52:16,266 - INFO - Building stim pattern for pattern_name 3040
2026-02-02 14:52:16,278 - INFO - Building stim pattern for pattern_name 133
2026-02-02 14:52:16,299 - INFO - Building stim pattern for pattern_name 3696
2026-02-02 14:52:16,312 - INFO - Building stim pattern for pattern_name 3577
2026-02-02 14:52:16,327 - INFO - Building stim pattern for pattern_name 3334
2026-02-02 14:52:16,343 - INFO - Building stim pattern for pattern_name 1707
2026-02-02 14:52:16,358 - INFO - Building stim pattern for pattern_name 293
2026-02-02 14:52:16,370 - INFO - Building stim pattern for pattern_name 2492
2026-02-02 14:52:16,384 - INFO - Building stim pattern for pattern_name 8
2026-02-02 14:52:16,396 - INFO - Building stim pattern for pattern_name 2036
2026-02-02 14:52:16,420 - INFO - Building stim pattern for pattern_name 3442
2026-02-02 14:52:16,433 - INFO - Building stim pattern for pattern_name 2273
2026-02-02 14:52:16,460 - INFO - Building stim pattern for pattern_name 3435
2026-02-02 14:52:16,482 - INFO - Building stim pattern for pattern_name 3556
2026-02-02 14:52:16,494 - INFO - Building stim pattern for pattern_name 3306
2026-02-02 14:52:16,506 - INFO - Building stim pattern for pattern_name 808
2026-02-02 14:52:16,517 - INFO - Building stim pattern for pattern_name 80
2026-02-02 14:52:16,543 - INFO - Building stim pattern for pattern_name 3410
2026-02-02 14:52:16,556 - INFO - Building stim pattern for pattern_name 650
2026-02-02 14:52:16,566 - INFO - Building stim pattern for pattern_name 2743
2026-02-02 14:52:16,579 - INFO - Building stim pattern for pattern_name 3265
2026-02-02 14:52:16,600 - INFO - Building stim pattern for pattern_name 3357
2026-02-02 14:52:16,612 - INFO - Building stim pattern for pattern_name 266
2026-02-02 14:52:16,626 - INFO - Building stim pattern for pattern_name 684
2026-02-02 14:52:16,644 - INFO - Building stim pattern for pattern_name 1256
2026-02-02 14:52:16,657 - INFO - Building stim pattern for pattern_name 854
2026-02-02 14:52:16,669 - INFO - Building stim pattern for pattern_name 2620
2026-02-02 14:52:16,690 - INFO - Building stim pattern for pattern_name 2764
2026-02-02 14:52:16,710 - INFO - Building stim pattern for pattern_name 677
2026-02-02 14:52:16,730 - INFO - Building stim pattern for pattern_name 2845
2026-02-02 14:52:16,742 - INFO - Building stim pattern for pattern_name 2771
2026-02-02 14:52:16,754 - INFO - Building stim pattern for pattern_name 1560
2026-02-02 14:52:16,767 - INFO - Building stim pattern for pattern_name 1608
2026-02-02 14:52:16,789 - INFO - Building stim pattern for pattern_name 441
2026-02-02 14:52:16,801 - INFO - Building stim pattern for pattern_name 1044
2026-02-02 14:52:16,814 - INFO - Building stim pattern for pattern_name 2406
2026-02-02 14:52:16,827 - INFO - Building stim pattern for pattern_name 1490
2026-02-02 14:52:16,941 - INFO - Building stim pattern for pattern_name 56
2026-02-02 14:52:16,962 - INFO - Building stim pattern for pattern_name 2580
2026-02-02 14:52:16,997 - INFO - Building stim pattern for pattern_name 69
2026-02-02 14:52:17,012 - INFO - Building stim pattern for pattern_name 3277
2026-02-02 14:52:17,031 - INFO - Building stim pattern for pattern_name 3645
2026-02-02 14:52:17,050 - INFO - Building stim pattern for pattern_name 2604
2026-02-02 14:52:17,061 - INFO - Building stim pattern for pattern_name 301
2026-02-02 14:52:17,073 - INFO - Building stim pattern for pattern_name 1643
2026-02-02 14:52:17,084 - INFO - Building stim pattern for pattern_name 3650
2026-02-02 14:52:17,095 - INFO - Building stim pattern for pattern_name 2261
2026-02-02 14:52:17,106 - INFO - Building stim pattern for pattern_name 2963
2026-02-02 14:52:17,119 - INFO - Building stim pattern for pattern_name 1
2026-02-02 14:52:17,131 - INFO - Building stim pattern for pattern_name 3033
2026-02-02 14:52:17,143 - INFO - Building stim pattern for pattern_name 499
2026-02-02 14:52:17,154 - INFO - Building stim pattern for pattern_name 3759
2026-02-02 14:52:17,165 - INFO - Building stim pattern for pattern_name 2469
2026-02-02 14:52:17,176 - INFO - Building stim pattern for pattern_name 1352
2026-02-02 14:52:17,188 - INFO - Building stim pattern for pattern_name 1891
2026-02-02 14:52:17,200 - INFO - Building stim pattern for pattern_name 3422
2026-02-02 14:52:17,212 - INFO - Building stim pattern for pattern_name 94
2026-02-02 14:52:17,224 - INFO - Building stim pattern for pattern_name 3445
2026-02-02 14:52:17,236 - INFO - Building stim pattern for pattern_name 103
2026-02-02 14:52:17,247 - INFO - Building stim pattern for pattern_name 2803
2026-02-02 14:52:17,259 - INFO - Building stim pattern for pattern_name 1742
2026-02-02 14:52:17,270 - INFO - Building stim pattern for pattern_name 2532
2026-02-02 14:52:17,281 - INFO - Building stim pattern for pattern_name 276
2026-02-02 14:52:17,299 - INFO - Building stim pattern for pattern_name 758
2026-02-02 14:52:17,311 - INFO - Building stim pattern for pattern_name 62
2026-02-02 14:52:17,322 - INFO - Building stim pattern for pattern_name 2748
2026-02-02 14:52:17,333 - INFO - Building stim pattern for pattern_name 2936
2026-02-02 14:52:17,344 - INFO - Building stim pattern for pattern_name 785
2026-02-02 14:52:17,365 - INFO - Building stim pattern for pattern_name 1750
2026-02-02 14:52:17,379 - INFO - Building stim pattern for pattern_name 3137
2026-02-02 14:52:17,391 - INFO - Building stim pattern for pattern_name 1793
2026-02-02 14:52:17,402 - INFO - Building stim pattern for pattern_name 3433
2026-02-02 14:52:17,415 - INFO - Building stim pattern for pattern_name 2991
2026-02-02 14:52:17,428 - INFO - Building stim pattern for pattern_name 3411
2026-02-02 14:52:17,440 - INFO - Building stim pattern for pattern_name 1833
2026-02-02 14:52:17,455 - INFO - Building stim pattern for pattern_name 2911
2026-02-02 14:52:17,481 - INFO - Building stim pattern for pattern_name 747
2026-02-02 14:52:17,492 - INFO - Building stim pattern for pattern_name 222
2026-02-02 14:52:17,503 - INFO - Building stim pattern for pattern_name 1074
2026-02-02 14:52:17,516 - INFO - Building stim pattern for pattern_name 3806
2026-02-02 14:52:17,529 - INFO - Building stim pattern for pattern_name 2890
2026-02-02 14:52:17,541 - INFO - Building stim pattern for pattern_name 911
2026-02-02 14:52:17,554 - INFO - Building stim pattern for pattern_name 1825
2026-02-02 14:52:17,565 - INFO - Building stim pattern for pattern_name 3457
2026-02-02 14:52:17,576 - INFO - Building stim pattern for pattern_name 214
2026-02-02 14:52:17,587 - INFO - Building stim pattern for pattern_name 3925
2026-02-02 14:52:17,598 - INFO - Building stim pattern for pattern_name 3496
2026-02-02 14:52:17,610 - INFO - Building stim pattern for pattern_name 762
2026-02-02 14:52:17,622 - INFO - Building stim pattern for pattern_name 1198
2026-02-02 14:52:17,635 - INFO - Building stim pattern for pattern_name 2498
2026-02-02 14:52:17,648 - INFO - Building stim pattern for pattern_name 1480
2026-02-02 14:52:17,660 - INFO - Building stim pattern for pattern_name 3744
2026-02-02 14:52:17,679 - INFO - Building stim pattern for pattern_name 3995
2026-02-02 14:52:17,691 - INFO - Building stim pattern for pattern_name 3146
2026-02-02 14:52:17,703 - INFO - Building stim pattern for pattern_name 3466
2026-02-02 14:52:17,715 - INFO - Building stim pattern for pattern_name 649
2026-02-02 14:52:17,729 - INFO - Building stim pattern for pattern_name 3286
2026-02-02 14:52:17,745 - INFO - Building stim pattern for pattern_name 111
2026-02-02 14:52:17,769 - INFO - Building stim pattern for pattern_name 1033
2026-02-02 14:52:17,785 - INFO - Building stim pattern for pattern_name 1236
