,pattern_timing_index,pattern_name,pattern_flag_start_timestamp,pattern_end_timestamp,is_oracle,trial
0,0,4033,0,61751,True,1
21,1,4017,61752,123202,True,1
43,2,4028,123203,184288,True,1
67,3,2739,184289,245416,False,1
89,4,4003,245417,306814,True,1
107,5,3514,306815,368206,False,1
131,6,91,368207,429672,False,1
168,7,617,429673,491081,False,1
196,8,3852,491082,552092,False,1
214,9,4025,552093,613231,True,1
236,10,3219,613232,674431,False,1
255,11,3708,674432,735847,False,1
271,12,2977,735848,797187,False,1
298,13,399,797188,858460,False,1
325,14,3495,858461,919595,False,1
337,15,535,919596,980881,False,1
353,16,522,980882,1042181,False,1
382,17,3430,1042182,1103374,False,1
402,18,4004,1103375,1164757,True,1
425,19,1001,1164758,1225917,False,1
450,20,244,1225918,1287482,False,1
472,21,1209,1287483,1348806,False,1
496,22,858,1348807,1410182,False,1
514,23,2446,1410183,1471410,False,1
530,24,623,1471411,1532713,False,1
555,25,1578,1532714,1594074,False,1
576,26,1268,1594075,1655363,False,1
596,27,47,1655364,1716602,False,1
621,28,1768,1716603,1777881,False,1
641,29,2971,1777882,1839218,False,1
660,30,3515,1839219,1900577,False,1
687,31,238,1900578,1961944,False,1
716,32,90,1961945,2023342,False,1
733,33,2509,2023343,2084773,False,1
763,34,695,2084774,2146156,False,1
788,35,369,2146157,2207406,False,1
808,36,596,2207407,2268740,False,1
827,37,2055,2268741,2330074,False,1
847,38,4040,2330075,2391252,True,1
872,39,2275,2391253,2452575,False,1
895,40,784,2452576,2513902,False,1
913,41,373,2513903,2575148,False,1
940,42,43,2575149,2636506,False,1
964,43,3162,2636507,2697873,False,1
989,44,3934,2697874,2759203,False,1
1019,45,3718,2759204,2820569,False,1
1047,46,2046,2820570,2881879,False,1
1076,47,3660,2881880,2943215,False,1
1103,48,2329,2943216,3004515,False,1
1121,49,1278,3004516,3065851,False,1
1146,50,3361,3065852,3127151,False,1
1173,51,277,3127152,3188391,False,1
1193,52,2556,3188392,3249677,False,1
1222,53,3010,3249678,3311058,False,1
1253,54,4038,3311059,3372352,True,1
1275,55,1626,3372353,3433612,False,1
1305,56,2212,3433613,3494965,False,1
1325,57,2428,3494966,3556332,False,1
1347,58,840,3556333,3617627,False,1
1377,59,4022,3617628,3679001,True,1
1402,60,2597,3679002,3740297,False,1
1423,61,2560,3740298,3801582,False,1
1454,62,3531,3801583,3862996,False,1
1475,63,3288,3862997,3924337,False,1
1496,64,3119,3924338,3985589,False,1
1518,65,776,3985590,4046878,False,1
1542,66,3074,4046879,4108157,False,1
1569,67,2100,4108158,4169499,False,1
1586,68,449,4169500,4230918,False,1
1622,69,716,4230919,4292288,False,1
1640,70,4034,4292289,4353582,True,1
1664,71,3365,4353583,4414826,False,1
1682,72,1181,4414827,4476064,False,1
1701,73,4030,4476065,4537194,True,1
1729,74,4031,4537195,4598511,True,1
1749,75,1296,4598512,4659810,False,1
1773,76,814,4659811,4721045,False,1
1796,77,4005,4721046,4782327,True,1
1813,78,3584,4782328,4843698,False,1
1829,79,570,4843699,4905009,False,1
1855,80,2649,4905010,4966281,False,1
1872,81,962,4966282,5027642,False,1
1900,82,4,5027643,5088939,False,1
1924,83,2240,5088940,5150223,False,1
1942,84,2929,5150224,5211579,False,1
1969,85,345,5211580,5272934,False,1
1994,86,3545,5272935,5334084,False,1
2019,87,1590,5334085,5395248,False,1
2037,88,3243,5395249,5456617,False,1
2071,89,3251,5456618,5518006,False,1
2094,90,1261,5518007,5579298,False,1
2115,91,3792,5579299,5640697,False,1
2133,92,4005,5640698,5702065,True,2
2150,93,4010,5702066,5763446,True,1
2167,94,3475,5763447,5824854,False,1
2196,95,1583,5824855,5886144,False,1
2215,96,2987,5886145,5947349,False,1
2244,97,4028,5947350,6008721,True,2
2268,98,1373,6008722,6069830,False,1
2292,99,670,6069831,6131098,False,1
2316,100,2630,6131099,6192378,False,1
2339,101,566,6192379,6253717,False,1
2365,102,1389,6253718,6315043,False,1
2385,103,4034,6315044,6376307,True,2
2409,104,2721,6376308,6437654,False,1
2431,105,2260,6437655,6498897,False,1
2457,106,2022,6498898,6560176,False,1
2478,107,4039,6560177,6621511,True,1
2501,108,1930,6621512,6682867,False,1
2520,109,738,6682868,6744073,False,1
2538,110,2002,6744074,6805340,False,1
2561,111,3454,6805341,6866551,False,1
2583,112,408,6866552,6927806,False,1
2603,113,4002,6927807,6989120,True,1
2629,114,4017,6989121,7050421,True,2
2651,115,227,7050422,7111782,False,1
2678,116,3404,7111783,7173110,False,1
2705,117,10,7173111,7234462,False,1
2731,118,2714,7234463,7295894,False,1
2762,119,4026,7295895,7357150,True,1
2784,120,3755,7357151,7418412,False,1
2806,121,1052,7418413,7479662,False,1
2835,122,4028,7479663,7540969,True,3
2859,123,258,7540970,7602311,False,1
2875,124,576,7602312,7663610,False,1
2897,125,1895,7663611,7725014,False,1
2924,126,1455,7725015,7786339,False,1
2945,127,1439,7786340,7847515,False,1
2972,128,2933,7847516,7908672,False,1
2986,129,1325,7908673,7970008,False,1
3003,130,3610,7970009,8031380,False,1
3031,131,3601,8031381,8092803,False,1
3052,132,3022,8092804,8154074,False,1
3076,133,1312,8154075,8215416,False,1
3102,134,1654,8215417,8276853,False,1
3122,135,2031,8276854,8338190,False,1
3151,136,1564,8338191,8399486,False,1
3174,137,4039,8399487,8460835,True,2
3197,138,3398,8460836,8522076,False,1
3220,139,4047,8522077,8583474,True,1
3242,140,4036,8583475,8644742,True,1
3264,141,727,8644743,8705969,False,1
3290,142,263,8705970,8767345,False,1
3309,143,2402,8767346,8828671,False,1
3328,144,4020,8828672,8890056,True,1
3349,145,4049,8890057,8951396,True,1
3367,146,4029,8951397,9012634,True,1
3390,147,3641,9012635,9074007,False,1
3405,148,501,9074008,9135366,False,1
3424,149,3574,9135367,9196716,False,1
3444,150,2214,9196717,9258001,False,1
3474,151,543,9258002,9319286,False,1
3503,152,4044,9319287,9380435,True,1
3530,153,2058,9380436,9441697,False,1
3559,154,4012,9441698,9502873,True,1
3582,155,1565,9502874,9564147,False,1
3606,156,3892,9564148,9625024,False,1
3636,157,2481,9625025,9686297,False,1
3655,158,334,9686298,9747564,False,1
3682,159,2102,9747565,9808880,False,1
3705,160,3316,9808881,9870205,False,1
3727,161,4030,9870206,9931582,True,2
3755,162,4037,9931583,9992874,True,1
3781,163,1577,9992875,10054275,False,1
3805,164,4045,10054276,10115587,True,1
3821,165,394,10115588,10176936,False,1
3847,166,1252,10176937,10238279,False,1
3879,167,870,10238280,10299534,False,1
3893,168,4003,10299535,10360879,True,2
3911,169,1892,10360880,10422225,False,1
3935,170,1727,10422226,10483619,False,1
3954,171,175,10483620,10544978,False,1
3977,172,4036,10544979,10606200,True,2
3999,173,285,10606201,10667538,False,1
4024,174,560,10667539,10728874,False,1
4053,175,2111,10728875,10790284,False,1
4077,176,3690,10790285,10851680,False,1
4106,177,2901,10851681,10913095,False,1
4130,178,77,10913096,10974451,False,1
4152,179,3692,10974452,11035858,False,1
4179,180,3193,11035859,11097214,False,1
4204,181,896,11097215,11158564,False,1
4232,182,2138,11158565,11219876,False,1
4257,183,1822,11219877,11281273,False,1
4288,184,2381,11281274,11342598,False,1
4313,185,2717,11342599,11404027,False,1
4329,186,4014,11404028,11465435,True,1
4351,187,481,11465436,11526722,False,1
4376,188,4038,11526723,11588091,True,2
4398,189,2091,11588092,11649431,False,1
4421,190,2664,11649432,11710804,False,1
4448,191,3013,11710805,11772152,False,1
4464,192,463,11772153,11833495,False,1
4493,193,707,11833496,11894878,False,1
4517,194,3307,11894879,11956257,False,1
4536,195,4015,11956258,12017624,True,1
4558,196,4015,12017625,12079020,True,2
4580,197,4014,12079021,12140355,True,2
4602,198,3803,12140356,12201599,False,1
4626,199,4023,12201600,12263009,True,1
4641,200,2383,12263010,12324422,False,1
4662,201,3612,12324423,12385719,False,1
4690,202,4022,12385720,12447081,True,2
4715,203,1697,12447082,12508487,False,1
4741,204,3728,12508488,12569815,False,1
4756,205,4048,12569816,12631117,True,1
4783,206,3467,12631118,12692459,False,1
4808,207,1574,12692460,12753795,False,1
4826,208,862,12753796,12815148,False,1
4857,209,3815,12815149,12876479,False,1
4877,210,1971,12876480,12937791,False,1
4898,211,2552,12937792,12999081,False,1
4914,212,1106,12999082,13060404,False,1
4940,213,4011,13060405,13121765,True,1
4962,214,1169,13121766,13183159,False,1
4982,215,2064,13183160,13244607,False,1
5005,216,842,13244608,13305998,False,1
5029,217,1291,13305999,13367399,False,1
5054,218,1010,13367400,13428817,False,1
5075,219,2060,13428818,13490239,False,1
5092,220,4003,13490240,13551587,True,3
5110,221,446,13551588,13612984,False,1
5132,222,2079,13612985,13674335,False,1
5159,223,1757,13674336,13735712,False,1
5185,224,2970,13735713,13797012,False,1
5199,225,2644,13797013,13858433,False,1
5236,226,3990,13858434,13919810,False,1
5256,227,3640,13919811,13981117,False,1
5278,228,1082,13981118,14042456,False,1
5296,229,2042,14042457,14103702,False,1
5314,230,95,14103703,14165007,False,1
5343,231,2950,14165008,14226388,False,1
5366,232,426,14226389,14287773,False,1
5394,233,1850,14287774,14349184,False,1
5419,234,75,14349185,14410570,False,1
5440,235,2924,14410571,14471948,False,1
5461,236,4049,14471949,14533308,True,2
5479,237,2441,14533309,14594711,False,1
5497,238,3549,14594712,14656029,False,1
5520,239,2675,14656030,14717375,False,1
5543,240,4045,14717376,14778765,True,2
5559,241,2725,14778766,14840145,False,1
5584,242,1870,14840146,14901533,False,1
5597,243,2451,14901534,14962943,False,1
5633,244,3724,14962944,15024318,False,1
5664,245,3249,15024319,15085685,False,1
5692,246,3699,15085686,15147041,False,1
5715,247,3552,15147042,15208440,False,1
5741,248,4019,15208441,15269790,True,1
5764,249,3991,15269791,15331163,False,1
5791,250,947,15331164,15392490,False,1
5822,251,3400,15392491,15453919,False,1
5841,252,1872,15453920,15515204,False,1
5860,253,2998,15515205,15576585,False,1
5886,254,279,15576586,15637987,False,1
5902,255,2713,15637988,15699353,False,1
5924,256,3671,15699354,15760709,False,1
5942,257,2049,15760710,15822084,False,1
5964,258,4047,15822085,15883497,True,2
5986,259,3492,15883498,15944874,False,1
6002,260,3191,15944875,16006216,False,1
6026,261,1320,16006217,16067535,False,1
6057,262,4039,16067536,16128962,True,3
6080,263,1107,16128963,16190368,False,1
6103,264,4045,16190369,16251751,True,3
6119,265,1467,16251752,16313088,False,1
6135,266,242,16313089,16374486,False,1
6161,267,4023,16374487,16435833,True,2
6176,268,159,16435834,16497237,False,1
6202,269,3747,16497238,16558599,False,1
6223,270,4017,16558600,16619973,True,3
6245,271,951,16619974,16681268,False,1
6268,272,4050,16681269,16742648,True,1
6284,273,2008,16742649,16804044,False,1
6316,274,956,16804045,16865396,False,1
6339,275,3761,16865397,16926741,False,1
6359,276,1473,16926742,16988167,False,1
6383,277,2087,16988168,17049565,False,1
6408,278,1154,17049566,17110955,False,1
6446,279,2730,17110956,17172296,False,1
6467,280,2718,17172297,17233611,False,1
6494,281,218,17233612,17295032,False,1
6517,282,4018,17295033,17356405,True,1
6540,283,2301,17356406,17417720,False,1
6569,284,3763,17417721,17479105,False,1
6598,285,1623,17479106,17540499,False,1
6616,286,4048,17540500,17601832,True,2
6643,287,3285,17601833,17663240,False,1
6667,288,953,17663241,17724622,False,1
6697,289,1075,17724623,17786011,False,1
6716,290,143,17786012,17847371,False,1
6754,291,250,17847372,17908745,False,1
6783,292,1644,17908746,17970142,False,1
6801,293,4036,17970143,18031541,True,3
6823,294,2740,18031542,18092903,False,1
6852,295,1048,18092904,18154293,False,1
6875,296,3084,18154294,18215615,False,1
6891,297,4045,18215616,18276912,True,4
6907,298,3717,18276913,18338287,False,1
6925,299,2184,18338288,18399683,False,1
6946,300,128,18399684,18461053,False,1
6968,301,965,18461054,18522445,False,1
6997,302,3493,18522446,18583872,False,1
7013,303,1234,18583873,18645224,False,1
7026,304,3247,18645225,18706536,False,1
7049,305,4028,18706537,18767821,True,4
7073,306,4001,18767822,18829162,True,1
7113,307,2430,18829163,18890479,False,1
7132,308,3266,18890480,18951858,False,1
7159,309,1227,18951859,19013057,False,1
7184,310,2495,19013058,19074374,False,1
7201,311,3507,19074375,19135710,False,1
7231,312,181,19135711,19197133,False,1
7254,313,4017,19197134,19258465,True,4
7276,314,1036,19258466,19319734,False,1
7299,315,922,19319735,19381106,False,1
7319,316,4012,19381107,19442403,True,2
7342,317,3226,19442404,19503740,False,1
7369,318,100,19503741,19565086,False,1
7391,319,1211,19565087,19626455,False,1
7418,320,440,19626456,19687786,False,1
7432,321,2073,19687787,19749183,False,1
7450,322,4032,19749184,19810481,True,1
7486,323,3500,19810482,19871909,False,1
7500,324,3644,19871910,19933266,False,1
7515,325,3916,19933267,19994483,False,1
7544,326,1394,19994484,20055832,False,1
7577,327,483,20055833,20117130,False,1
7600,328,4021,20117131,20178556,True,1
7622,329,3,20178557,20239894,False,1
7651,330,4023,20239895,20301275,True,3
7666,331,213,20301276,20362641,False,1
7702,332,251,20362642,20423989,False,1
7722,333,1120,20423990,20485341,False,1
7746,334,1975,20485342,20546736,False,1
7771,335,1508,20546737,20608151,False,1
7791,336,4046,20608152,20669488,True,1
7808,337,3344,20669489,20730873,False,1
7827,338,750,20730874,20792273,False,1
7858,339,3446,20792274,20853670,False,1
7878,340,4006,20853671,20915015,True,1
7898,341,2695,20915016,20976408,False,1
7918,342,3354,20976409,21037759,False,1
7942,343,1520,21037760,21099107,False,1
7957,344,1826,21099108,21160510,False,1
7982,345,2940,21160511,21221774,False,1
8006,346,2122,21221775,21283112,False,1
8032,347,881,21283113,21344521,False,1
8053,348,3672,21344522,21405789,False,1
8067,349,992,21405790,21467162,False,1
8090,350,2321,21467163,21528565,False,1
8116,351,2616,21528566,21589895,False,1
8133,352,262,21589896,21651208,False,1
8155,353,1469,21651209,21712629,False,1
8168,354,2457,21712630,21773913,False,1
8184,355,4033,21773914,21835295,True,2
8205,356,4013,21835296,21896548,True,1
8218,357,2163,21896549,21957747,False,1
8235,358,1813,21957748,22019065,False,1
8263,359,1774,22019066,22080485,False,1
8290,360,1958,22080486,22141864,False,1
8308,361,1381,22141865,22203199,False,1
8332,362,686,22203200,22264640,False,1
8353,363,1858,22264641,22326031,False,1
8373,364,3453,22326032,22387336,False,1
8398,365,3733,22387337,22448755,False,1
8421,366,556,22448756,22510076,False,1
8444,367,1994,22510077,22571481,False,1
8461,368,2524,22571482,22632892,False,1
8483,369,4010,22632893,22694289,True,2
8500,370,557,22694290,22755668,False,1
8521,371,1558,22755669,22817094,False,1
8540,372,4029,22817095,22878423,True,2
8563,373,60,22878424,22939762,False,1
8590,374,2622,22939763,23001077,False,1
8612,375,1390,23001078,23062458,False,1
8628,376,1571,23062459,23123718,False,1
8651,377,3504,23123719,23185057,False,1
8672,378,495,23185058,23246367,False,1
8698,379,2783,23246368,23307740,False,1
8723,380,3214,23307741,23369039,False,1
8757,381,952,23369040,23430450,False,1
8779,382,3294,23430451,23491860,False,1
8796,383,660,23491861,23553237,False,1
8822,384,946,23553238,23614602,False,1
8842,385,2420,23614603,23675940,False,1
8872,386,4027,23675941,23737263,True,1
8896,387,1995,23737264,23798642,False,1
8918,388,4049,23798643,23859985,True,3
8936,389,1279,23859986,23921362,False,1
8956,390,2700,23921363,23982744,False,1
8977,391,1475,23982745,24044137,False,1
9006,392,869,24044138,24105563,False,1
9029,393,2167,24105564,24166944,False,1
9050,394,4019,24166945,24228332,True,2
9073,395,4036,24228333,24289647,True,4
9095,396,577,24289648,24351040,False,1
9114,397,4016,24351041,24412302,True,1
9135,398,2799,24412303,24473686,False,1
9153,399,3782,24473687,24534925,False,1
9179,400,1906,24534926,24596303,False,1
9199,401,865,24596304,24657655,False,1
9221,402,1899,24657656,24718869,False,1
9238,403,350,24718870,24780190,False,1
9250,404,3349,24780191,24841544,False,1
9272,405,4016,24841545,24902852,True,2
9293,406,3253,24902853,24964214,False,1
9318,407,3470,24964215,25025614,False,1
9341,408,3292,25025615,25087031,False,1
9355,409,3817,25087032,25148309,False,1
9375,410,192,25148310,25209603,False,1
9395,411,900,25209604,25270999,False,1
9416,412,294,25271000,25332373,False,1
9432,413,161,25332374,25393731,False,1
9454,414,4019,25393732,25454961,True,3
9477,415,4050,25454962,25516262,True,2
9493,416,2539,25516263,25577647,False,1
9526,417,1854,25577648,25639038,False,1
9545,418,3469,25639039,25700391,False,1
9582,419,2053,25700392,25761743,False,1
9605,420,3100,25761744,25823144,False,1
9632,421,4021,25823145,25884553,True,2
9654,422,4001,25884554,25945915,True,2
9694,423,967,25945916,26007339,False,1
9722,424,3840,26007340,26068695,False,1
9741,425,2020,26068696,26130106,False,1
9763,426,3423,26130107,26191444,False,1
9784,427,141,26191445,26252820,False,1
9806,428,3861,26252821,26314214,False,1
9829,429,584,26314215,26375529,False,1
9854,430,969,26375530,26436885,False,1
9880,431,4048,26436886,26498235,True,3
9907,432,3582,26498236,26559612,False,1
9928,433,3050,26559613,26620929,False,1
9964,434,439,26620930,26682241,False,1
9987,435,3742,26682242,26743621,False,1
10016,436,3036,26743622,26804888,False,1
10039,437,4023,26804889,26866258,True,4
10054,438,2346,26866259,26927634,False,1
10088,439,4047,26927635,26988909,True,3
10110,440,3713,26988910,27050294,False,1
10128,441,4003,27050295,27111704,True,4
10146,442,2185,27111705,27172936,False,1
10173,443,3794,27172937,27234284,False,1
10190,444,1458,27234285,27295625,False,1
10211,445,3301,27295626,27357007,False,1
10232,446,1421,27357008,27418255,False,1
10250,447,2047,27418256,27479583,False,1
10275,448,1666,27479584,27540906,False,1
10302,449,852,27540907,27602304,False,1
10317,450,4019,27602305,27663671,True,4
10340,451,461,27663672,27725037,False,1
10361,452,2964,27725038,27786426,False,1
10381,453,3723,27786427,27847803,False,1
10410,454,2045,27847804,27909033,False,1
10429,455,3663,27909034,27970317,False,1
10452,456,1694,27970318,28031598,False,1
10481,457,4033,28031599,28092935,True,3
10502,458,3772,28092936,28154286,False,1
10528,459,593,28154287,28215697,False,1
10556,460,2256,28215698,28277009,False,1
10569,461,2750,28277010,28338323,False,1
10593,462,4032,28338324,28399638,True,2
10629,463,4002,28399639,28461033,True,2
10655,464,3007,28461034,28522423,False,1
10682,465,1875,28522424,28583572,False,1
10703,466,2231,28583573,28644861,False,1
10724,467,310,28644862,28706122,False,1
10744,468,1939,28706123,28767500,False,1
10773,469,1037,28767501,28828859,False,1
10795,470,3302,28828860,28890199,False,1
10826,471,3597,28890200,28951541,False,1
10852,472,2225,28951542,29012882,False,1
10875,473,4002,29012883,29074191,True,3
10901,474,4043,29074192,29135550,True,1
10915,475,3413,29135551,29196908,False,1
10934,476,4036,29196909,29258297,True,5
10956,477,4043,29258298,29319646,True,2
10970,478,2592,29319647,29381015,False,1
10999,479,3888,29381016,29442387,False,1
11019,480,3853,29442388,29503765,False,1
11040,481,4038,29503766,29565146,True,3
11062,482,2804,29565147,29626536,False,1
11083,483,1599,29626537,29687904,False,1
11109,484,2263,29687905,29749221,False,1
11131,485,1979,29749222,29810605,False,1
11155,486,2093,29810606,29871979,False,1
11175,487,3460,29871980,29933375,False,1
11195,488,4045,29933376,29994681,True,5
11211,489,3778,29994682,30056079,False,1
11239,490,123,30056080,30117399,False,1
11267,491,1685,30117400,30178724,False,1
11297,492,3231,30178725,30240088,False,1
11320,493,3317,30240089,30301378,False,1
11351,494,950,30301379,30362660,False,1
11378,495,1737,30362661,30423938,False,1
11404,496,4041,30423939,30485284,True,1
11427,497,796,30485285,30546673,False,1
11455,498,4023,30546674,30608061,True,5
11470,499,768,30608062,30669344,False,1
11488,500,2821,30669345,30730713,False,1
11509,501,465,30730714,30792049,False,1
11539,502,2922,30792050,30853330,False,1
11568,503,32,30853331,30914658,False,1
11590,504,3359,30914659,30976051,False,1
11611,505,3658,30976052,31037477,False,1
11632,506,2143,31037478,31098846,False,1
11650,507,3267,31098847,31160254,False,1
11673,508,1533,31160255,31221592,False,1
11701,509,544,31221593,31282955,False,1
11728,510,3686,31282956,31344371,False,1
11745,511,3557,31344372,31405676,False,1
11773,512,2328,31405677,31467002,False,1
11797,513,4003,31467003,31528380,True,5
11815,514,2626,31528381,31589720,False,1
11844,515,2425,31589721,31651107,False,1
11864,516,4037,31651108,31712511,True,2
11890,517,3622,31712512,31773861,False,1
11909,518,1977,31773862,31835212,False,1
11933,519,3830,31835213,31896629,False,1
11953,520,392,31896630,31958023,False,1
11973,521,4008,31958024,32019278,True,1
11995,522,790,32019279,32080719,False,1
12013,523,4018,32080720,32142144,True,2
12036,524,4006,32142145,32203459,True,2
12056,525,1985,32203460,32264839,False,1
12079,526,2311,32264840,32326264,False,1
12112,527,4046,32326265,32387629,True,2
12129,528,2427,32387630,32448944,False,1
12159,529,3419,32448945,32510275,False,1
12183,530,3412,32510276,32571599,False,1
12201,531,1897,32571600,32632940,False,1
12224,532,910,32632941,32694219,False,1
12245,533,702,32694220,32755616,False,1
12276,534,551,32755617,32816993,False,1
12296,535,3025,32816994,32878351,False,1
12314,536,4041,32878352,32939779,True,2
12337,537,1867,32939780,33001108,False,1
12357,538,2745,33001109,33062528,False,1
12379,539,1839,33062529,33123798,False,1
12400,540,3263,33123799,33185214,False,1
12425,541,1099,33185215,33246569,False,1
12446,542,2802,33246570,33307946,False,1
12462,543,4007,33307947,33369273,True,1
12481,544,1947,33369274,33430695,False,1
12499,545,2747,33430696,33492062,False,1
12523,546,4026,33492063,33553387,True,2
12545,547,148,33553388,33614789,False,1
12571,548,106,33614790,33676094,False,1
12596,549,4025,33676095,33737483,True,2
12618,550,3953,33737484,33798888,False,1
12643,551,1562,33798889,33860306,False,1
12663,552,4046,33860307,33921640,True,3
12680,553,4042,33921641,33982873,True,1
12706,554,4022,33982874,34044153,True,3
12731,555,4046,34044154,34105520,True,4
12748,556,963,34105521,34166845,False,1
12777,557,174,34166846,34228235,False,1
12798,558,1116,34228236,34289589,False,1
12818,559,253,34289590,34350959,False,1
12839,560,3767,34350960,34412292,False,1
12855,561,302,34412293,34473568,False,1
12881,562,2480,34473569,34534922,False,1
12902,563,2069,34534923,34596259,False,1
12925,564,1419,34596260,34657587,False,1
12943,565,2520,34657588,34718956,False,1
12969,566,2254,34718957,34780267,False,1
12983,567,2152,34780268,34841658,False,1
13007,568,1153,34841659,34903078,False,1
13030,569,2331,34903079,34964429,False,1
13044,570,4041,34964430,35025796,True,3
13067,571,1428,35025797,35087123,False,1
13095,572,2424,35087124,35148485,False,1
13129,573,2526,35148486,35209850,False,1
13149,574,4014,35209851,35271196,True,3
13171,575,3031,35271197,35332527,False,1
13186,576,1940,35332528,35393832,False,1
13204,577,994,35393833,35455154,False,1
13226,578,1753,35455155,35516468,False,1
13249,579,3823,35516469,35577788,False,1
13278,580,929,35577789,35639117,False,1
13301,581,2096,35639118,35700466,False,1
13322,582,73,35700467,35761854,False,1
13351,583,3865,35761855,35823252,False,1
13378,584,4009,35823253,35884614,True,1
13398,585,402,35884615,35945968,False,1
13423,586,4026,35945969,36007296,True,3
13445,587,2232,36007297,36068647,False,1
13475,588,2353,36068648,36130010,False,1
13494,589,1453,36130011,36191354,False,1
13517,590,2913,36191355,36252751,False,1
13550,591,4041,36252752,36314148,True,4
13573,592,2355,36314149,36375375,False,1
13594,593,190,36375376,36436673,False,1
13614,594,4023,36436674,36498024,True,6
13629,595,1034,36498025,36559444,False,1
13643,596,2822,36559445,36620776,False,1
13660,597,4021,36620777,36682216,True,3
13682,598,2968,36682217,36743605,False,1
13702,599,2506,36743606,36805015,False,1
13724,600,4021,36805016,36866378,True,4
13746,601,648,36866379,36927754,False,1
13767,602,3202,36927755,36989125,False,1
13790,603,2669,36989126,37050440,False,1
13806,604,4037,37050441,37111814,True,3
13832,605,1953,37111815,37173108,False,1
13853,606,2070,37173109,37234526,False,1
13884,607,1716,37234527,37295888,False,1
13911,608,1266,37295889,37357273,False,1
13932,609,1335,37357274,37418698,False,1
13954,610,2146,37418699,37480054,False,1
13970,611,4046,37480055,37541410,True,5
13987,612,1330,37541411,37602807,False,1
14011,613,3730,37602808,37664140,False,1
14026,614,4012,37664141,37725568,True,3
14049,615,563,37725569,37786788,False,1
14064,616,3954,37786789,37848181,False,1
14085,617,2651,37848182,37909516,False,1
14114,618,1859,37909517,37970712,False,1
14138,619,3210,37970713,38032098,False,1
14154,620,2648,38032099,38093449,False,1
14180,621,2033,38093450,38154748,False,1
14207,622,3337,38154749,38216054,False,1
14222,623,1831,38216055,38277434,False,1
14247,624,715,38277435,38338792,False,1
14265,625,431,38338793,38400123,False,1
14285,626,3816,38400124,38461534,False,1
14305,627,2989,38461535,38522959,False,1
14329,628,573,38522960,38584311,False,1
14357,629,2643,38584312,38645695,False,1
14375,630,3599,38645696,38707085,False,1
14399,631,1040,38707086,38768395,False,1
14424,632,655,38768396,38829758,False,1
14446,633,775,38829759,38891098,False,1
14473,634,3986,38891099,38952466,False,1
14497,635,4043,38952467,39013821,True,3
14511,636,11,39013822,39075192,False,1
14540,637,4037,39075193,39136529,True,4
14566,638,4033,39136530,39197898,True,4
14587,639,3878,39197899,39259280,False,1
14607,640,4031,39259281,39320665,True,2
14627,641,1652,39320666,39381987,False,1
14656,642,4011,39381988,39443303,True,2
14678,643,374,39443304,39504637,False,1
14702,644,3635,39504638,39565935,False,1
14727,645,4014,39565936,39627273,True,4
14749,646,189,39627274,39688601,False,1
14773,647,3295,39688602,39749946,False,1
14795,648,271,39749947,39811316,False,1
14823,649,1710,39811317,39872712,False,1
14849,650,4009,39872713,39934110,True,2
14869,651,4049,39934111,39995432,True,4
14887,652,697,39995433,40056695,False,1
14905,653,115,40056696,40117997,False,1
14924,654,490,40117998,40179352,False,1
14950,655,473,40179353,40240688,False,1
14973,656,837,40240689,40302053,False,1
14997,657,152,40302054,40363452,False,1
15020,658,4011,40363453,40424848,True,3
15042,659,4014,40424849,40486182,True,5
15064,660,2813,40486183,40547517,False,1
15082,661,1212,40547518,40608913,False,1
15109,662,1879,40608914,40670327,False,1
15137,663,4048,40670328,40731682,True,4
15164,664,442,40731683,40793026,False,1
15180,665,4004,40793027,40854357,True,2
15203,666,4021,40854358,40915772,True,5
15225,667,1175,40915773,40977121,False,1
15252,668,3581,40977122,41038410,False,1
15272,669,3360,41038411,41099759,False,1
15290,670,4018,41099760,41161165,True,3
15313,671,4031,41161166,41222532,True,3
15333,672,4031,41222533,41283836,True,4
15353,673,4024,41283837,41345279,True,1
15383,674,1396,41345280,41406629,False,1
15404,675,4005,41406630,41467968,True,3
15421,676,3562,41467969,41529364,False,1
15438,677,2982,41529365,41590765,False,1
15460,678,4012,41590766,41652164,True,4
15483,679,2812,41652165,41713581,False,1
15522,680,2866,41713582,41774986,False,1
15548,681,4049,41774987,41836305,True,5
15566,682,2893,41836306,41897725,False,1
15592,683,4007,41897726,41959106,True,2
15611,684,307,41959107,42020470,False,1
15629,685,1961,42020471,42081820,False,1
15647,686,3576,42081821,42143133,False,1
15676,687,4013,42143134,42204441,True,2
15689,688,3465,42204442,42265812,False,1
15704,689,4018,42265813,42327187,True,4
15727,690,1962,42327188,42388509,False,1
15745,691,2607,42388510,42449904,False,1
15777,692,3184,42449905,42511220,False,1
15799,693,1142,42511221,42572644,False,1
15827,694,1619,42572645,42634054,False,1
15848,695,4005,42634055,42695401,True,4
15865,696,2605,42695402,42756692,False,1
15895,697,647,42756693,42818080,False,1
15926,698,162,42818081,42879440,False,1
15944,699,1972,42879441,42940785,False,1
15963,700,2844,42940786,43002133,False,1
15988,701,4043,43002134,43063514,True,4
16002,702,4026,43063515,43124894,True,4
16024,703,2671,43124895,43186318,False,1
16048,704,1423,43186319,43247711,False,1
16072,705,13,43247712,43309075,False,1
16103,706,2945,43309076,43370412,False,1
16130,707,2296,43370413,43431743,False,1
16161,708,2645,43431744,43493061,False,1
16183,709,2201,43493062,43554427,False,1
16202,710,2423,43554428,43615778,False,1
16231,711,2939,43615779,43677099,False,1
16257,712,3693,43677100,43738447,False,1
16278,713,1233,43738448,43799678,False,1
16303,714,2114,43799679,43860946,False,1
16325,715,1604,43860947,43922364,False,1
16346,716,3617,43922365,43983783,False,1
16382,717,437,43983784,44045179,False,1
16416,718,3869,44045180,44106529,False,1
16434,719,1387,44106530,44167874,False,1
16453,720,3882,44167875,44229284,False,1
16483,721,642,44229285,44290623,False,1
16498,722,1083,44290624,44351933,False,1
16515,723,1796,44351934,44413270,False,1
16542,724,3568,44413271,44474649,False,1
16561,725,1678,44474650,44535986,False,1
16583,726,730,44535987,44597383,False,1
16608,727,4001,44597384,44658715,True,3
16648,728,3315,44658716,44720122,False,1
16675,729,3668,44720123,44781449,False,1
16693,730,757,44781450,44842803,False,1
16710,731,4010,44842804,44904188,True,3
16727,732,278,44904189,44965608,False,1
16752,733,1998,44965609,45026974,False,1
16767,734,4030,45026975,45088402,True,3
16795,735,2344,45088403,45149777,False,1
16812,736,4023,45149778,45211159,True,7
16827,737,3305,45211160,45272519,False,1
16853,738,2378,45272520,45333901,False,1
16886,739,3067,45333902,45395236,False,1
16904,740,1625,45395237,45456580,False,1
16927,741,2872,45456581,45517934,False,1
16951,742,4004,45517935,45579277,True,3
16974,743,3731,45579278,45640518,False,1
16996,744,638,45640519,45701882,False,1
17014,745,2016,45701883,45763272,False,1
17042,746,4049,45763273,45824584,True,6
17060,747,1363,45824585,45885893,False,1
17076,748,4044,45885894,45947232,True,2
17103,749,1397,45947233,46008521,False,1
17123,750,4045,46008522,46069916,True,6
17139,751,1761,46069917,46131277,False,1
17161,752,2290,46131278,46192594,False,1
17189,753,3590,46192595,46253931,False,1
17207,754,2247,46253932,46315344,False,1
17224,755,699,46315345,46376695,False,1
17240,756,1915,46376696,46438038,False,1
17263,757,1289,46438039,46499427,False,1
17286,758,1691,46499428,46560747,False,1
17314,759,990,46560748,46622069,False,1
17339,760,3077,46622070,46683431,False,1
17356,761,4030,46683432,46744775,True,4
17384,762,1191,46744776,46806099,False,1
17418,763,118,46806100,46867512,False,1
17437,764,1177,46867513,46928871,False,1
17457,765,1683,46928872,46990253,False,1
17480,766,1348,46990254,47051649,False,1
17510,767,1789,47051650,47113090,False,1
17529,768,578,47113091,47174516,False,1
17551,769,1982,47174517,47235910,False,1
17592,770,3520,47235911,47297241,False,1
17607,771,4016,47297242,47358560,True,3
17628,772,2865,47358561,47419876,False,1
17653,773,1262,47419877,47481189,False,1
17672,774,2807,47481190,47542572,False,1
17693,775,4045,47542573,47603900,True,7
17709,776,4035,47603901,47665118,True,1
17732,777,4029,47665119,47726483,True,3
17755,778,2139,47726484,47787861,False,1
17783,779,1738,47787862,47849212,False,1
17820,780,1094,47849213,47910598,False,1
17838,781,2333,47910599,47971878,False,1
17856,782,2517,47971879,48033178,False,1
17873,783,1152,48033179,48094567,False,1
17890,784,4012,48094568,48155953,True,5
17913,785,2024,48155954,48217297,False,1
17939,786,1051,48217298,48278611,False,1
17963,787,4046,48278612,48339982,True,6
17980,788,2839,48339983,48401391,False,1
18003,789,3963,48401392,48462608,False,1
18025,790,2777,48462609,48524004,False,1
18045,791,3296,48524005,48585348,False,1
18059,792,3091,48585349,48646742,False,1
18076,793,4046,48646743,48708083,True,7
18093,794,4041,48708084,48769377,True,5
18116,795,3788,48769378,48830746,False,1
18147,796,2110,48830747,48891976,False,1
18175,797,2770,48891977,48953234,False,1
18195,798,27,48953235,49014649,False,1
18220,799,2656,49014650,49076003,False,1
18244,800,4043,49076004,49137328,True,5
18258,801,4031,49137329,49198739,True,5
18278,802,4028,49198740,49260134,True,5
18302,803,4030,49260135,49321515,True,5
18330,804,3911,49321516,49382902,False,1
18348,805,4021,49382903,49444274,True,6
18370,806,3796,49444275,49505646,False,1
18397,807,3072,49505647,49567020,False,1
18429,808,1686,49567021,49628393,False,1
18459,809,3831,49628394,49689752,False,1
18489,810,1885,49689753,49751123,False,1
18508,811,311,49751124,49812443,False,1
18537,812,1816,49812444,49873730,False,1
18560,813,4040,49873731,49935035,True,2
18585,814,926,49935036,49996436,False,1
18620,815,1298,49996437,50057837,False,1
18639,816,3795,50057838,50119267,False,1
18666,817,4012,50119268,50180632,True,6
18689,818,2130,50180633,50241956,False,1
18705,819,1773,50241957,50303353,False,1
18728,820,1027,50303354,50364700,False,1
18751,821,3698,50364701,50426044,False,1
18772,822,4045,50426045,50487403,True,8
18788,823,2150,50487404,50548756,False,1
18803,824,3151,50548757,50610115,False,1
18836,825,3047,50610116,50671479,False,1
18858,826,3741,50671480,50732825,False,1
18873,827,4050,50732826,50794215,True,3
18889,828,1412,50794216,50855572,False,1
18912,829,2879,50855573,50916905,False,1
18937,830,2868,50916906,50978228,False,1
18960,831,3942,50978229,51039607,False,1
18988,832,659,51039608,51100931,False,1
19012,833,3526,51100932,51162328,False,1
19035,834,2693,51162329,51223754,False,1
19054,835,1505,51223755,51285093,False,1
19077,836,613,51285094,51346485,False,1
19112,837,548,51346486,51407867,False,1
19128,838,4044,51407868,51469208,True,3
19155,839,2760,51469209,51530568,False,1
19183,840,812,51530569,51591865,False,1
19214,841,4029,51591866,51653171,True,4
19237,842,2904,51653172,51714484,False,1
19256,843,883,51714485,51775854,False,1
19277,844,4048,51775855,51837160,True,5
19304,845,4032,51837161,51898535,True,3
19340,846,1840,51898536,51959887,False,1
19372,847,2769,51959888,52021175,False,1
19395,848,718,52021176,52082512,False,1
19426,849,4005,52082513,52143821,True,5
19443,850,4006,52143822,52205128,True,3
19463,851,2326,52205129,52266497,False,1
19480,852,3736,52266498,52327824,False,1
19507,853,2074,52327825,52389137,False,1
19526,854,4002,52389138,52450472,True,4
19552,855,4005,52450473,52511764,True,6
19569,856,3420,52511765,52573038,False,1
19587,857,599,52573039,52634364,False,1
19623,858,4010,52634365,52695659,True,4
19640,859,2044,52695660,52757029,False,1
19659,860,1814,52757030,52818391,False,1
19689,861,3229,52818392,52879797,False,1
19708,862,411,52879798,52941139,False,1
19740,863,1552,52941140,53002417,False,1
19757,864,2082,53002418,53063837,False,1
19774,865,4049,53063838,53125121,True,7
19792,866,4009,53125122,53186280,True,3
19812,867,3217,53186281,53247722,False,1
19829,868,1667,53247723,53309091,False,1
19854,869,4001,53309092,53370457,True,4
19894,870,3268,53370458,53431860,False,1
19910,871,3161,53431861,53493216,False,1
19938,872,2767,53493217,53554603,False,1
19956,873,20,53554604,53615903,False,1
19988,874,3684,53615904,53677214,False,1
20007,875,538,53677215,53738640,False,1
20029,876,3116,53738641,53799977,False,1
20058,877,1914,53799978,53861247,False,1
20087,878,2768,53861248,53922505,False,1
20107,879,1821,53922506,53983815,False,1
20124,880,4029,53983816,54045163,True,5
20147,881,886,54045164,54106533,False,1
20170,882,2325,54106534,54167833,False,1
20196,883,3727,54167834,54229168,False,1
20218,884,3245,54229169,54290563,False,1
20232,885,1322,54290564,54351965,False,1
20249,886,2583,54351966,54413374,False,1
20275,887,2090,54413375,54474748,False,1
20297,888,3384,54474749,54536134,False,1
20316,889,4035,54536135,54597558,True,2
20339,890,164,54597559,54658934,False,1
20363,891,4030,54658935,54720279,True,6
20391,892,22,54720280,54781560,False,1
20412,893,3186,54781561,54842950,False,1
20432,894,3745,54842951,54904376,False,1
20457,895,70,54904377,54965691,False,1
20483,896,1110,54965692,55027063,False,1
20515,897,3532,55027064,55088459,False,1
20538,898,1989,55088460,55149849,False,1
20562,899,2307,55149850,55211252,False,1
20588,900,633,55211253,55272562,False,1
20613,901,3440,55272563,55333895,False,1
20644,902,1734,55333896,55395248,False,1
20671,903,4041,55395249,55456673,True,6
20694,904,4006,55456674,55518082,True,4
20714,905,1648,55518083,55579434,False,1
20738,906,2462,55579435,55640661,False,1
20757,907,3760,55640662,55701948,False,1
20772,908,3913,55701949,55763292,False,1
20797,909,2474,55763293,55824598,False,1
20825,910,4020,55824599,55885961,True,2
20846,911,4037,55885962,55947291,True,5
20872,912,2059,55947292,56008657,False,1
20892,913,1931,56008658,56070060,False,1
20914,914,2632,56070061,56131389,False,1
20929,915,2165,56131390,56192814,False,1
20952,916,2408,56192815,56254137,False,1
20975,917,1470,56254138,56315483,False,1
20997,918,1003,56315484,56376894,False,1
21024,919,1550,56376895,56438247,False,1
21044,920,759,56438248,56499678,False,1
21063,921,4024,56499679,56560994,True,2
21093,922,4023,56560995,56622332,True,8
21108,923,1126,56622333,56683735,False,1
21138,924,4013,56683736,56745110,True,3
21151,925,1301,56745111,56806454,False,1
21179,926,4031,56806455,56867722,True,6
21199,927,528,56867723,56929104,False,1
21221,928,2026,56929105,56990492,False,1
21248,929,1210,56990493,57051844,False,1
21267,930,46,57051845,57113233,False,1
21282,931,2697,57113234,57174630,False,1
21299,932,3589,57174631,57236025,False,1
21325,933,4007,57236026,57297452,True,3
21344,934,1220,57297453,57358817,False,1
21362,935,3018,57358818,57420186,False,1
21396,936,4035,57420187,57481485,True,3
21419,937,1012,57481486,57542836,False,1
21443,938,1417,57542837,57604201,False,1
21472,939,401,57604202,57665641,False,1
21492,940,4019,57665642,57726855,True,5
21515,941,4038,57726856,57788182,True,4
21537,942,3023,57788183,57849601,False,1
21556,943,4021,57849602,57911010,True,7
21578,944,1886,57911011,57972409,False,1
21608,945,1228,57972410,58033799,False,1
21627,946,147,58033800,58095173,False,1
21651,947,1731,58095174,58156528,False,1
21673,948,4045,58156529,58217921,True,9
21689,949,3847,58217922,58279210,False,1
21723,950,2513,58279211,58340540,False,1
21742,951,1022,58340541,58401982,False,1
21774,952,1057,58401983,58463243,False,1
21794,953,4047,58463244,58524494,True,4
21816,954,257,58524495,58585903,False,1
21841,955,4030,58585904,58647270,True,7
21869,956,780,58647271,58708583,False,1
21886,957,928,58708584,58769879,False,1
21918,958,126,58769880,58831238,False,1
21947,959,384,58831239,58892594,False,1
21973,960,3080,58892595,58953929,False,1
21992,961,2198,58953930,59015286,False,1
22009,962,698,59015287,59076652,False,1
22030,963,4034,59076653,59138033,True,3
22054,964,1992,59138034,59199446,False,1
22077,965,4030,59199447,59260855,True,8
22105,966,194,59260856,59322136,False,1
22123,967,916,59322137,59383519,False,1
22140,968,3662,59383520,59444862,False,1
22168,969,3975,59444863,59506241,False,1
22196,970,385,59506242,59567522,False,1
22225,971,723,59567523,59628922,False,1
22246,972,4047,59628923,59690317,True,5
22268,973,636,59690318,59751629,False,1
22286,974,4032,59751630,59812980,True,4
22322,975,3841,59812981,59874381,False,1
22352,976,4013,59874382,59935677,True,4
22365,977,4040,59935678,59997017,True,3
22390,978,3781,59997018,60058336,False,1
22415,979,3309,60058337,60119733,False,1
22434,980,2554,60119734,60181085,False,1
22450,981,4019,60181086,60242511,True,6
22473,982,794,60242512,60303750,False,1
22493,983,1062,60303751,60365125,False,1
22532,984,366,60365126,60426490,False,1
22556,985,327,60426491,60487856,False,1
22578,986,1460,60487857,60549299,False,1
22605,987,2959,60549300,60610693,False,1
22630,988,4019,60610694,60672016,True,7
22653,989,1740,60672017,60733369,False,1
22677,990,4013,60733370,60794782,True,5
22690,991,3757,60794783,60856128,False,1
22725,992,2684,60856129,60917523,False,1
22749,993,4005,60917524,60978880,True,7
22766,994,376,60978881,61040260,False,1
22791,995,4045,61040261,61101675,True,10
22807,996,2994,61101676,61163015,False,1
22835,997,3012,61163016,61224363,False,1
22858,998,2162,61224364,61285775,False,1
22884,999,425,61285776,61347569,False,1
22911,1000,1276,61347570,61408906,False,1
22938,1001,701,61408907,61470257,False,1
22955,1002,3352,61470258,61531598,False,1
22977,1003,3114,61531599,61592954,False,1
23002,1004,1890,61592955,61654250,False,1
23033,1005,3081,61654251,61715651,False,1
23059,1006,4007,61715652,61777048,True,4
23078,1007,2126,61777049,61838318,False,1
23095,1008,4034,61838319,61899667,True,4
23119,1009,169,61899668,61961057,False,1
23141,1010,4048,61961058,62022389,True,6
23168,1011,2638,62022390,62083769,False,1
23200,1012,4001,62083770,62145162,True,5
23240,1013,4031,62145163,62206527,True,7
23260,1014,2886,62206528,62267892,False,1
23276,1015,3517,62267893,62329221,False,1
23293,1016,1308,62329222,62390590,False,1
23312,1017,938,62390591,62451973,False,1
23339,1018,3714,62451974,62513400,False,1
23369,1019,3984,62513401,62574800,False,1
23402,1020,4044,62574801,62636207,True,4
23429,1021,4020,62636208,62697602,True,3
23450,1022,228,62697603,62759011,False,1
23472,1023,2600,62759012,62820397,False,1
23501,1024,1511,62820398,62881767,False,1
23524,1025,629,62881768,62943183,False,1
23556,1026,1969,62943184,63004551,False,1
23571,1027,2899,63004552,63065951,False,1
23610,1028,2631,63065952,63127204,False,1
23634,1029,835,63127205,63188576,False,1
23655,1030,2123,63188577,63249970,False,1
23674,1031,480,63249971,63311304,False,1
23703,1032,137,63311305,63372701,False,1
23725,1033,3894,63372702,63434115,False,1
23753,1034,3345,63434116,63495521,False,1
23775,1035,1207,63495522,63556902,False,1
23803,1036,3876,63556903,63618342,False,1
23826,1037,360,63618343,63679665,False,1
23846,1038,2179,63679666,63741010,False,1
23875,1039,1699,63741011,63802394,False,1
23901,1040,1354,63802395,63863721,False,1
23917,1041,1420,63863722,63925026,False,1
23946,1042,170,63925027,63986363,False,1
23970,1043,1690,63986364,64047669,False,1
23990,1044,2377,64047670,64109011,False,1
24007,1045,4016,64109012,64170363,True,4
24028,1046,4044,64170364,64231666,True,5
24055,1047,3907,64231667,64292919,False,1
24071,1048,1019,64292920,64354319,False,1
24104,1049,2576,64354320,64415702,False,1
24124,1050,1007,64415703,64477100,False,1
24145,1051,1194,64477101,64538461,False,1
24165,1052,4006,64538462,64599832,True,5
24185,1053,3494,64599833,64661173,False,1
24221,1054,3279,64661174,64722561,False,1
24248,1055,2343,64722562,64783825,False,1
24270,1056,400,64783826,64844928,False,1
24288,1057,4011,64844929,64906309,True,4
24310,1058,4027,64906310,64967650,True,2
24334,1059,1584,64967651,65029059,False,1
24357,1060,1089,65029060,65090395,False,1
24394,1061,1061,65090396,65151684,False,1
24416,1062,1954,65151685,65212991,False,1
24441,1063,4049,65212992,65274373,True,8
24459,1064,2006,65274374,65335759,False,1
24477,1065,4040,65335760,65397138,True,4
24502,1066,4049,65397139,65458494,True,9
24520,1067,1671,65458495,65519939,False,1
24539,1068,3478,65519940,65581289,False,1
24568,1069,1319,65581290,65642625,False,1
24591,1070,4049,65642626,65703869,True,10
24609,1071,2433,65703870,65765171,False,1
24634,1072,3032,65765172,65826488,False,1
24658,1073,4002,65826489,65887856,True,5
24684,1074,93,65887857,65949187,False,1
24714,1075,1161,65949188,66010445,False,1
24748,1076,249,66010446,66071780,False,1
24770,1077,4022,66071781,66133151,True,4
24795,1078,4047,66133152,66194561,True,6
24817,1079,4022,66194562,66255917,True,5
24842,1080,687,66255918,66317295,False,1
24873,1081,4045,66317296,66378620,True,11
24889,1082,1676,66378621,66440020,False,1
24913,1083,2654,66440021,66501437,False,1
24945,1084,901,66501438,66562730,False,1
24975,1085,1916,66562731,66624051,False,1
24998,1086,4009,66624052,66685334,True,4
25018,1087,377,66685335,66746662,False,1
25036,1088,2389,66746663,66808090,False,1
25050,1089,78,66808091,66869365,False,1
25075,1090,1836,66869366,66930671,False,1
25090,1091,4018,66930672,66992025,True,5
25113,1092,2199,66992026,67053330,False,1
25138,1093,3854,67053331,67114584,False,1
25154,1094,2395,67114585,67175957,False,1
25182,1095,753,67175958,67237376,False,1
25203,1096,1983,67237377,67298587,False,1
25217,1097,3225,67298588,67359945,False,1
25238,1098,1728,67359946,67421266,False,1
25264,1099,4041,67421267,67482633,True,7
25287,1100,1500,67482634,67543975,False,1
25312,1101,2376,67543976,67605326,False,1
25327,1102,4035,67605327,67666743,True,4
25350,1103,1029,67666744,67728104,False,1
25374,1104,2863,67728105,67789446,False,1
25399,1105,1586,67789447,67850850,False,1
25427,1106,2856,67850851,67912206,False,1
25444,1107,897,67912207,67973635,False,1
25470,1108,2621,67973636,68034927,False,1
25492,1109,2226,68034928,68096298,False,1
25518,1110,291,68096299,68157680,False,1
25547,1111,2482,68157681,68219041,False,1
25564,1112,2449,68219042,68280404,False,1
25584,1113,1216,68280405,68341785,False,1
25603,1114,1714,68341786,68403096,False,1
25634,1115,2447,68403097,68464438,False,1
25666,1116,1616,68464439,68525774,False,1
25696,1117,4004,68525775,68587215,True,4
25719,1118,3793,68587216,68648623,False,1
25739,1119,2986,68648624,68710045,False,1
25760,1120,2364,68710046,68771367,False,1
25787,1121,4001,68771368,68832710,True,6
25827,1122,2548,68832711,68893873,False,1
25847,1123,3133,68893874,68955284,False,1
25876,1124,3978,68955285,69016635,False,1
25901,1125,1495,69016636,69078018,False,1
25917,1126,1719,69078019,69139416,False,1
25937,1127,4007,69139417,69200772,True,5
25956,1128,1908,69200773,69262136,False,1
25981,1129,1170,69262137,69323447,False,1
26002,1130,1883,69323448,69384789,False,1
26036,1131,3141,69384790,69446128,False,1
26051,1132,4033,69446129,69507555,True,5
26072,1133,1451,69507556,69568954,False,1
26095,1134,255,69568955,69630348,False,1
26115,1135,1024,69630349,69691684,False,1
26147,1136,2085,69691685,69753105,False,1
26171,1137,413,69753106,69814498,False,1
26193,1138,1680,69814499,69875875,False,1
26221,1139,3868,69875876,69937213,False,1
26244,1140,292,69937214,69998597,False,1
26271,1141,469,69998598,70059994,False,1
26295,1142,2286,70059995,70121421,False,1
26319,1143,4047,70121422,70182817,True,7
26341,1144,184,70182818,70244241,False,1
26362,1145,1965,70244242,70305511,False,1
26385,1146,3849,70305512,70366827,False,1
26411,1147,2011,70366828,70428190,False,1
26436,1148,3866,70428191,70489398,False,1
26456,1149,1779,70489399,70550812,False,1
26478,1150,3881,70550813,70612101,False,1
26495,1151,3839,70612102,70673528,False,1
26516,1152,1273,70673529,70734887,False,1
26545,1153,4038,70734888,70796233,True,5
26567,1154,1563,70796234,70857543,False,1
26589,1155,4036,70857544,70918926,True,6
26611,1156,1799,70918927,70980262,False,1
26627,1157,3416,70980263,71041616,False,1
26654,1158,661,71041617,71102912,False,1
26676,1159,2728,71102913,71164218,False,1
26698,1160,838,71164219,71225503,False,1
26719,1161,1634,71225504,71286896,False,1
26736,1162,3973,71286897,71348188,False,1
26755,1163,1171,71348189,71409533,False,1
26780,1164,4042,71409534,71470973,True,2
26806,1165,2416,71470974,71532329,False,1
26820,1166,313,71532330,71593698,False,1
26843,1167,4042,71593699,71655091,True,3
26869,1168,3313,71655092,71716461,False,1
26898,1169,4004,71716462,71777856,True,5
26921,1170,3611,71777857,71839179,False,1
26949,1171,3715,71839180,71900623,False,1
26967,1172,764,71900624,71961913,False,1
26992,1173,116,71961914,72023250,False,1
27013,1174,4034,72023251,72084638,True,5
27037,1175,2786,72084639,72145987,False,1
27057,1176,445,72145988,72207287,False,1
27080,1177,4045,72207288,72268642,True,12
27096,1178,2529,72268643,72329942,False,1
27114,1179,4033,72329943,72391370,True,6
27135,1180,3631,72391371,72452768,False,1
27160,1181,4037,72452769,72514177,True,6
27186,1182,2092,72514178,72575543,False,1
27218,1183,1368,72575544,72636925,False,1
27242,1184,2239,72636926,72698167,False,1
27267,1185,944,72698168,72759448,False,1
27282,1186,1294,72759449,72820797,False,1
27315,1187,562,72820798,72882150,False,1
27331,1188,815,72882151,72943527,False,1
27353,1189,2478,72943528,73004893,False,1
27378,1190,964,73004894,73066217,False,1
27403,1191,3378,73066218,73127585,False,1
27421,1192,4002,73127586,73188898,True,6
27447,1193,2920,73188899,73250256,False,1
27466,1194,1687,73250257,73311589,False,1
27492,1195,1438,73311590,73372882,False,1
27514,1196,487,73372883,73434267,False,1
27536,1197,825,73434268,73495615,False,1
27565,1198,4005,73495616,73557010,True,8
27582,1199,4011,73557011,73618400,True,5
27604,1200,974,73618401,73679701,False,1
27628,1201,3126,73679702,73741128,False,1
27655,1202,1772,73741129,73802403,False,1
27675,1203,1708,73802404,73863757,False,1
27698,1204,2729,73863758,73925168,False,1
27720,1205,4015,73925169,73986493,True,3
27742,1206,2610,73986494,74047823,False,1
27775,1207,3685,74047824,74109188,False,1
27793,1208,2843,74109189,74170527,False,1
27810,1209,1133,74170528,74231952,False,1
27827,1210,3825,74231953,74293354,False,1
27859,1211,1403,74293355,74354797,False,1
27877,1212,3256,74354798,74416176,False,1
27902,1213,2534,74416177,74477533,False,1
27923,1214,3385,74477534,74538960,False,1
27946,1215,4035,74538961,74600326,True,5
27969,1216,726,74600327,74661721,False,1
27994,1217,3877,74661722,74723114,False,1
28025,1218,1575,74723115,74784503,False,1
28055,1219,4050,74784504,74845748,True,4
28071,1220,2518,74845749,74907094,False,1
28097,1221,340,74907095,74968438,False,1
28120,1222,3073,74968439,75029778,False,1
28138,1223,4005,75029779,75091092,True,9
28155,1224,380,75091093,75152312,False,1
28180,1225,2323,75152313,75213679,False,1
28204,1226,639,75213680,75274988,False,1
28229,1227,1701,75274989,75336339,False,1
28246,1228,1366,75336340,75397637,False,1
28264,1229,1762,75397638,75459033,False,1
28281,1230,3967,75459034,75520475,False,1
28316,1231,602,75520476,75581803,False,1
28340,1232,443,75581804,75643172,False,1
28364,1233,3694,75643173,75704592,False,1
28382,1234,3604,75704593,75765993,False,1
28412,1235,1314,75765994,75827313,False,1
28433,1236,1426,75827314,75888621,False,1
28464,1237,2819,75888622,75950018,False,1
28489,1238,4032,75950019,76011315,True,5
28525,1239,2105,76011316,76072621,False,1
28545,1240,329,76072622,76133940,False,1
28564,1241,1380,76133941,76195273,False,1
28579,1242,3461,76195274,76256654,False,1
28603,1243,2375,76256655,76318035,False,1
28621,1244,632,76318036,76379271,False,1
28642,1245,1717,76379272,76440667,False,1
28673,1246,3993,76440668,76501930,False,1
28699,1247,1128,76501931,76563317,False,1
28717,1248,2623,76563318,76624702,False,1
28738,1249,816,76624703,76686095,False,1
28765,1250,1104,76686096,76747448,False,1
28785,1251,4044,76747449,76808754,True,6
28812,1252,1143,76808755,76870054,False,1
28828,1253,1949,76870055,76931424,False,1
28848,1254,344,76931425,76992703,False,1
28871,1255,3649,76992704,77054084,False,1
28905,1256,4041,77054085,77115431,True,8
28928,1257,2077,77115432,77176789,False,1
28949,1258,2458,77176790,77238213,False,1
28977,1259,4020,77238214,77299554,True,4
28998,1260,1898,77299555,77360949,False,1
29027,1261,1332,77360950,77422392,False,1
29052,1262,3807,77422393,77483680,False,1
29079,1263,1364,77483681,77544990,False,1
29102,1264,3982,77544991,77606328,False,1
29124,1265,1406,77606329,77667740,False,1
29154,1266,336,77667741,77729046,False,1
29176,1267,710,77729047,77790444,False,1
29193,1268,4042,77790445,77851885,True,4
29219,1269,2342,77851886,77913259,False,1
29241,1270,3776,77913260,77974633,False,1
29266,1271,4019,77974634,78036029,True,8
29289,1272,4013,78036030,78097273,True,6
29302,1273,1158,78097274,78158698,False,1
29328,1274,486,78158699,78220017,False,1
29350,1275,4038,78220018,78281402,True,6
29372,1276,421,78281403,78342760,False,1
29387,1277,1471,78342761,78404171,False,1
29414,1278,3021,78404172,78465598,False,1
29439,1279,3674,78465599,78526928,False,1
29459,1280,4039,78526929,78588324,True,4
29482,1281,2966,78588325,78649751,False,1
29503,1282,2921,78649752,78711050,False,1
29518,1283,834,78711051,78772416,False,1
29539,1284,3237,78772417,78833731,False,1
29558,1285,2612,78833732,78895051,False,1
29584,1286,1541,78895052,78956347,False,1
29616,1287,2351,78956348,79017763,False,1
29636,1288,1570,79017764,79079159,False,1
29659,1289,325,79079160,79140587,False,1
29687,1290,3914,79140588,79201948,False,1
29710,1291,4034,79201949,79263314,True,6
29734,1292,3355,79263315,79324654,False,1
29755,1293,1837,79324655,79386055,False,1
29781,1294,2503,79386056,79447421,False,1
29805,1295,4016,79447422,79508775,True,5
29826,1296,4013,79508776,79570199,True,7
29839,1297,306,79570200,79631519,False,1
29857,1298,672,79631520,79692864,False,1
29879,1299,2018,79692865,79754247,False,1
29897,1300,1778,79754248,79815621,False,1
29923,1301,4007,79815622,79877026,True,6
29942,1302,4007,79877027,79938391,True,7
29961,1303,2189,79938392,79999637,False,1
29978,1304,4020,79999638,80060968,True,5
29999,1305,3448,80060969,80122206,False,1
30032,1306,2211,80122207,80183600,False,1
30062,1307,4022,80183601,80244852,True,6
30087,1308,2148,80244853,80306251,False,1
30118,1309,3409,80306252,80367617,False,1
30138,1310,3052,80367618,80429012,False,1
30162,1311,4043,80429013,80490339,True,6
30176,1312,4042,80490340,80551645,True,5
30202,1313,4032,80551646,80612935,True,6
30238,1314,268,80612936,80674253,False,1
30257,1315,1385,80674254,80735573,False,1
30280,1316,720,80735574,80796803,False,1
30311,1317,72,80796804,80858174,False,1
30336,1318,2759,80858175,80919504,False,1
30358,1319,2765,80919505,80980835,False,1
30377,1320,793,80980836,81042139,False,1
30397,1321,2171,81042140,81103558,False,1
30425,1322,4017,81103559,81164897,True,5
30447,1323,2985,81164898,81226307,False,1
30475,1324,2598,81226308,81287731,False,1
30492,1325,3851,81287732,81349006,False,1
30527,1326,1434,81349007,81410248,False,1
30564,1327,1445,81410249,81471681,False,1
30587,1328,1146,81471682,81533035,False,1
30621,1329,2551,81533036,81594388,False,1
30646,1330,1802,81594389,81655828,False,1
30665,1331,3123,81655829,81717211,False,1
30681,1332,4026,81717212,81778566,True,5
30703,1333,902,81778567,81839906,False,1
30732,1334,767,81839907,81901270,False,1
30757,1335,3821,81901271,81962564,False,1
30777,1336,3564,81962565,82023796,False,1
30806,1337,905,82023797,82085213,False,1
30835,1338,2624,82085214,82146564,False,1
30859,1339,2434,82146565,82207908,False,1
30883,1340,2267,82207909,82269292,False,1
30901,1341,3028,82269293,82330698,False,1
30919,1342,131,82330699,82392100,False,1
30935,1343,763,82392101,82453520,False,1
30955,1344,1751,82453521,82514886,False,1
30984,1345,2951,82514887,82576310,False,1
31002,1346,2175,82576311,82637653,False,1
31024,1347,616,82637654,82699052,False,1
31047,1348,3139,82699053,82760429,False,1
31073,1349,407,82760430,82821762,False,1
31100,1350,1245,82821763,82883074,False,1
31131,1351,3654,82883075,82944404,False,1
31159,1352,1079,82944405,83005818,False,1
31186,1353,4013,83005819,83067149,True,8
31199,1354,3188,83067150,83128354,False,1
31213,1355,265,83128355,83189764,False,1
31234,1356,608,83189765,83251146,False,1
31257,1357,1025,83251147,83312511,False,1
31289,1358,4022,83312512,83373781,True,7
31314,1359,2837,83373782,83435193,False,1
31344,1360,3160,83435194,83496541,False,1
31365,1361,1091,83496542,83557847,False,1
31397,1362,324,83557848,83619153,False,1
31419,1363,1214,83619154,83680531,False,1
31437,1364,180,83680532,83741866,False,1
31462,1365,3997,83741867,83803209,False,1
31490,1366,9,83803210,83864518,False,1
31519,1367,1547,83864519,83925920,False,1
31548,1368,3689,83925921,83987213,False,1
31573,1369,2159,83987214,84048574,False,1
31593,1370,364,84048575,84109888,False,1
31613,1371,3376,84109889,84171205,False,1
31643,1372,3197,84171206,84232616,False,1
31671,1373,2129,84232617,84293930,False,1
31689,1374,2472,84293931,84355143,False,1
31715,1375,3510,84355144,84416500,False,1
31733,1376,1401,84416501,84477836,False,1
31749,1377,346,84477837,84539246,False,1
31769,1378,173,84539247,84600617,False,1
31791,1379,1503,84600618,84661892,False,1
31809,1380,3506,84661893,84723241,False,1
31830,1381,356,84723242,84784607,False,1
31851,1382,709,84784608,84845961,False,1
31869,1383,1446,84845962,84907361,False,1
31890,1384,4034,84907362,84968664,True,7
31914,1385,1760,84968665,85030038,False,1
31940,1386,1056,85030039,85091397,False,1
31959,1387,2995,85091398,85152750,False,1
31986,1388,122,85152751,85214024,False,1
32010,1389,4049,85214025,85275420,True,11
32028,1390,19,85275421,85336794,False,1
32055,1391,536,85336795,85398016,False,1
32084,1392,1632,85398017,85459284,False,1
32102,1393,3356,85459285,85520619,False,1
32123,1394,3326,85520620,85581969,False,1
32150,1395,612,85581970,85643241,False,1
32167,1396,3573,85643242,85704638,False,1
32192,1397,3572,85704639,85765982,False,1
32219,1398,2566,85765983,85827234,False,1
32237,1399,65,85827235,85888643,False,1
32268,1400,4004,85888644,85950003,True,6
32291,1401,4027,85950004,86011364,True,3
32315,1402,290,86011365,86072718,False,1
32341,1403,167,86072719,86134084,False,1
32369,1404,4038,86134085,86195422,True,7
32391,1405,2161,86195423,86256731,False,1
32420,1406,1315,86256732,86318048,False,1
32445,1407,1504,86318049,86379422,False,1
32466,1408,4040,86379423,86440713,True,5
32491,1409,4042,86440714,86502072,True,6
32517,1410,2931,86502073,86563346,False,1
32549,1411,1183,86563347,86624600,False,1
32568,1412,2652,86624601,86685932,False,1
32591,1413,466,86685933,86747296,False,1
32618,1414,3981,86747297,86808633,False,1
32645,1415,676,86808634,86870026,False,1
32667,1416,2038,86870027,86931377,False,1
32703,1417,3037,86931378,86992758,False,1
32728,1418,4017,86992759,87054165,True,6
32750,1419,2153,87054166,87115397,False,1
32777,1420,927,87115398,87176795,False,1
32804,1421,2662,87176796,87238160,False,1
32825,1422,4036,87238161,87299475,True,7
32847,1423,935,87299476,87360738,False,1
32875,1424,2168,87360739,87421984,False,1
32896,1425,1919,87421985,87483354,False,1
32914,1426,1136,87483355,87544738,False,1
32943,1427,3236,87544739,87606069,False,1
32975,1428,2009,87606070,87667368,False,1
32997,1429,1226,87667369,87728721,False,1
33013,1430,3799,87728722,87790099,False,1
33038,1431,1478,87790100,87851540,False,1
33066,1432,2806,87851541,87912935,False,1
33091,1433,2258,87912936,87974265,False,1
33119,1434,782,87974266,88035566,False,1
33144,1435,4027,88035567,88096902,True,4
33168,1436,1272,88096903,88158225,False,1
33192,1437,2761,88158226,88219520,False,1
33214,1438,154,88219521,88280858,False,1
33235,1439,914,88280859,88342222,False,1
33268,1440,2960,88342223,88403582,False,1
33293,1441,1196,88403583,88464850,False,1
33312,1442,552,88464851,88526155,False,1
33334,1443,3571,88526156,88587512,False,1
33353,1444,3228,88587513,88648943,False,1
33386,1445,4043,88648944,88710324,True,7
33400,1446,4018,88710325,88771731,True,6
33423,1447,1568,88771732,88833052,False,1
33454,1448,3122,88833053,88894355,False,1
33478,1449,1509,88894356,88955706,False,1
33497,1450,1865,88955707,89017067,False,1
33519,1451,2864,89017068,89078410,False,1
33548,1452,3547,89078411,89139761,False,1
33571,1453,2019,89139762,89201087,False,1
33594,1454,2295,89201088,89262483,False,1
33615,1455,818,89262484,89323769,False,1
33634,1456,4040,89323770,89385139,True,6
33659,1457,1304,89385140,89446433,False,1
33683,1458,1517,89446434,89507709,False,1
33702,1459,606,89507710,89569151,False,1
33722,1460,1938,89569152,89630526,False,1
33755,1461,368,89630527,89691906,False,1
33777,1462,895,89691907,89753276,False,1
33798,1463,1398,89753277,89814701,False,1
33821,1464,2190,89814702,89876095,False,1
33843,1465,3522,89876096,89937536,False,1
33867,1466,63,89937537,89998937,False,1
33890,1467,1372,89998938,90060318,False,1
33920,1468,4020,90060319,90121737,True,6
33941,1469,605,90121738,90183012,False,1
33966,1470,4003,90183013,90244345,True,6
33984,1471,471,90244346,90305726,False,1
34010,1472,3042,90305727,90367033,False,1
34025,1473,261,90367034,90428370,False,1
34050,1474,752,90428371,90489741,False,1
34075,1475,2916,90489742,90551116,False,1
34103,1476,187,90551117,90612503,False,1
34119,1477,2733,90612504,90673902,False,1
34145,1478,4024,90673903,90735273,True,3
34175,1479,4012,90735274,90796648,True,7
34198,1480,4021,90796649,90857964,True,8
34220,1481,4022,90857965,90919380,True,8
34245,1482,3790,90919381,90980797,False,1
34275,1483,2233,90980798,91042222,False,1
34291,1484,1225,91042223,91103606,False,1
34304,1485,1371,91103607,91165033,False,1
34331,1486,3034,91165034,91226439,False,1
34346,1487,4039,91226440,91287779,True,5
34369,1488,1733,91287780,91349164,False,1
34391,1489,1072,91349165,91410567,False,1
34414,1490,2601,91410568,91471941,False,1
34433,1491,4008,91471942,91533256,True,2
34455,1492,414,91533257,91594653,False,1
34478,1493,2519,91594654,91655945,False,1
34500,1494,4048,91655946,91717325,True,7
34527,1495,3828,91717326,91778703,False,1
34560,1496,1607,91778704,91840120,False,1
34581,1497,2690,91840121,91901486,False,1
34604,1498,2878,91901487,91962892,False,1
34624,1499,386,91962893,92024273,False,1
34647,1500,4007,92024274,92085634,True,8
34666,1501,713,92085635,92146949,False,1
34684,1502,3758,92146950,92208316,False,1
34708,1503,2014,92208317,92269675,False,1
34739,1504,4018,92269676,92331090,True,7
34762,1505,1162,92331091,92392348,False,1
34789,1506,2166,92392349,92453660,False,1
34807,1507,1242,92453661,92515003,False,1
34829,1508,1292,92515004,92576411,False,1
34852,1509,4002,92576412,92637757,True,7
34878,1510,4016,92637758,92699127,True,6
34899,1511,2145,92699128,92760434,False,1
34929,1512,3591,92760435,92821852,False,1
34953,1513,1461,92821853,92883224,False,1
34971,1514,3275,92883225,92944565,False,1
34997,1515,2618,92944566,93005960,False,1
35019,1516,1190,93005961,93067355,False,1
35034,1517,124,93067356,93128781,False,1
35059,1518,2194,93128782,93190147,False,1
35077,1519,4036,93190148,93251529,True,8
35099,1520,2795,93251530,93312905,False,1
35114,1521,4047,93312906,93374256,True,8
35136,1522,4003,93374257,93435579,True,7
35154,1523,2083,93435580,93496967,False,1
35178,1524,4042,93496968,93558350,True,7
35204,1525,388,93558351,93619717,False,1
35224,1526,1544,93619718,93681093,False,1
35248,1527,4027,93681094,93742412,True,5
35272,1528,1448,93742413,93803758,False,1
35289,1529,3941,93803759,93865128,False,1
35320,1530,4027,93865129,93926524,True,6
35344,1531,2227,93926525,93987965,False,1
35370,1532,607,93987966,94049375,False,1
35397,1533,622,94049376,94110671,False,1
35416,1534,3408,94110672,94172091,False,1
35440,1535,110,94172092,94233487,False,1
35462,1536,4041,94233488,94294891,True,9
35485,1537,4011,94294892,94356231,True,6
35507,1538,3287,94356232,94417587,False,1
35533,1539,2315,94417588,94478893,False,1
35566,1540,4031,94478894,94540173,True,8
35586,1541,1860,94540174,94601522,False,1
35607,1542,1254,94601523,94662842,False,1
35629,1543,3029,94662843,94724237,False,1
35650,1544,1463,94724238,94785563,False,1
35676,1545,454,94785564,94846811,False,1
35703,1546,2640,94846812,94908233,False,1
35726,1547,1472,94908234,94969554,False,1
35752,1548,959,94969555,95030899,False,1
35782,1549,1827,95030900,95092275,False,1
35795,1550,3392,95092276,95153660,False,1
35824,1551,1715,95153661,95215061,False,1
35848,1552,2847,95215062,95276447,False,1
35874,1553,1119,95276448,95337799,False,1
35896,1554,452,95337800,95399093,False,1
35918,1555,1310,95399094,95460321,False,1
35938,1556,4028,95460322,95521643,True,6
35962,1557,2590,95521644,95582976,False,1
35985,1558,136,95582977,95644280,False,1
36020,1559,3518,95644281,95705638,False,1
36046,1560,2463,95705639,95766957,False,1
36091,1561,1937,95766958,95828305,False,1
36118,1562,3739,95828306,95889662,False,1
36140,1563,945,95889663,95951006,False,1
36167,1564,4036,95951007,96012380,True,9
36189,1565,2900,96012381,96073768,False,1
36207,1566,3976,96073769,96135188,False,1
36221,1567,919,96135189,96196540,False,1
36238,1568,774,96196541,96257957,False,1
36275,1569,2625,96257958,96319344,False,1
36293,1570,107,96319345,96380712,False,1
36312,1571,1002,96380713,96442065,False,1
36334,1572,1900,96442066,96503472,False,1
36352,1573,703,96503473,96564791,False,1
36375,1574,1068,96564792,96626167,False,1
36413,1575,3233,96626168,96687511,False,1
36436,1576,4002,96687512,96748763,True,8
36462,1577,1844,96748764,96810188,False,1
36477,1578,2288,96810189,96871494,False,1
36503,1579,1028,96871495,96932817,False,1
36528,1580,348,96932818,96994193,False,1
36564,1581,4034,96994194,97055597,True,8
36588,1582,3848,97055598,97116968,False,1
36608,1583,3109,97116969,97178294,False,1
36632,1584,4028,97178295,97239668,True,7
36656,1585,4004,97239669,97301039,True,7
36679,1586,3886,97301040,97362440,False,1
36706,1587,1748,97362441,97423846,False,1
36727,1588,2012,97423847,97485196,False,1
36751,1589,297,97485197,97546579,False,1
36781,1590,2132,97546580,97607977,False,1
36804,1591,4036,97607978,97669400,True,10
36826,1592,4013,97669401,97730756,True,9
36839,1593,3538,97730757,97792069,False,1
36866,1594,2504,97792070,97853440,False,1
36896,1595,2352,97853441,97914819,False,1
36913,1596,1926,97914820,97976125,False,1
36940,1597,906,97976126,98037477,False,1
36958,1598,3293,98037478,98098876,False,1
36982,1599,3339,98098877,98160203,False,1
37014,1600,3004,98160204,98221552,False,1
37038,1601,761,98221553,98282758,False,1
37060,1602,3487,98282759,98344075,False,1
37083,1603,354,98344076,98405491,False,1
37114,1604,4010,98405492,98466769,True,5
37131,1605,3653,98466770,98528167,False,1
37159,1606,3737,98528168,98589540,False,1
37188,1607,2757,98589541,98650880,False,1
37214,1608,3813,98650881,98712163,False,1
37244,1609,4017,98712164,98773536,True,7
37266,1610,1528,98773537,98834897,False,1
37287,1611,3054,98834898,98896271,False,1
37312,1612,208,98896272,98957578,False,1
37331,1613,3377,98957579,99018846,False,1
37352,1614,1277,99018847,99080171,False,1
37376,1615,4019,99080172,99141541,True,9
37399,1616,4003,99141542,99202820,True,8
37417,1617,2500,99202821,99264171,False,1
37458,1618,3283,99264172,99325536,False,1
37477,1619,4010,99325537,99386769,True,6
37494,1620,708,99386770,99448153,False,1
37513,1621,2209,99448154,99509533,False,1
37536,1622,4006,99509534,99570973,True,6
37556,1623,2215,99570974,99632368,False,1
37573,1624,2471,99632369,99693797,False,1
37595,1625,4032,99693798,99755175,True,7
37631,1626,792,99755176,99816600,False,1
37650,1627,3899,99816601,99877914,False,1
37665,1628,3912,99877915,99939313,False,1
37690,1629,382,99939314,100000708,False,1
37707,1630,778,100000709,100062101,False,1
37732,1631,3867,100062102,100123510,False,1
37763,1632,4047,100123511,100184863,True,9
37785,1633,1948,100184864,100246182,False,1
37814,1634,3509,100246183,100307581,False,1
37837,1635,3555,100307582,100368977,False,1
37860,1636,3992,100368978,100430348,False,1
37887,1637,1882,100430349,100491728,False,1
37906,1638,99,100491729,100553100,False,1
37925,1639,4016,100553101,100614467,True,7
37946,1640,2536,100614468,100675826,False,1
37966,1641,892,100675827,100737226,False,1
37999,1642,2834,100737227,100798589,False,1
38021,1643,989,100798590,100859922,False,1
38045,1644,3540,100859923,100921268,False,1
38075,1645,1501,100921269,100982649,False,1
38094,1646,2793,100982650,101043904,False,1
38119,1647,1042,101043905,101105285,False,1
38142,1648,3417,101105286,101166614,False,1
38163,1649,665,101166615,101228008,False,1
38189,1650,3579,101228009,101289449,False,1
38213,1651,58,101289450,101350789,False,1
38237,1652,626,101350790,101412163,False,1
38258,1653,1013,101412164,101473575,False,1
38284,1654,4046,101473576,101534939,True,8
38301,1655,3159,101534940,101596306,False,1
38318,1656,3679,101596307,101657726,False,1
38344,1657,4009,101657727,101719079,True,5
38364,1658,4031,101719080,101780398,True,9
38384,1659,3675,101780399,101841769,False,1
38406,1660,3944,101841770,101903166,False,1
38422,1661,1251,101903167,101964572,False,1
38448,1662,3505,101964573,102025921,False,1
38471,1663,1151,102025922,102087273,False,1
38492,1664,4025,102087274,102148638,True,3
38514,1665,4024,102148639,102209976,True,4
38544,1666,1369,102209977,102271363,False,1
38569,1667,600,102271364,102332724,False,1
38600,1668,2459,102332725,102394099,False,1
38627,1669,1249,102394100,102455456,False,1
38654,1670,4042,102455457,102516833,True,8
38680,1671,841,102516834,102578146,False,1
38709,1672,3321,102578147,102639541,False,1
38725,1673,1639,102639542,102700937,False,1
38747,1674,3864,102700938,102762321,False,1
38767,1675,1328,102762322,102823647,False,1
38791,1676,4028,102823648,102884944,True,8
38815,1677,2142,102884945,102946318,False,1
38832,1678,3770,102946319,103007621,False,1
38850,1679,3134,103007622,103068943,False,1
38877,1680,3687,103068944,103130273,False,1
38901,1681,202,103130274,103191671,False,1
38933,1682,771,103191672,103252967,False,1
38952,1683,1163,103252968,103314387,False,1
38978,1684,1642,103314388,103375751,False,1
38997,1685,504,103375752,103437130,False,1
39017,1686,3560,103437131,103498412,False,1
39048,1687,2873,103498413,103559645,False,1
39075,1688,4002,103559646,103620990,True,9
39101,1689,3058,103620991,103682315,False,1
39130,1690,1881,103682316,103743712,False,1
39149,1691,4016,103743713,103805047,True,8
39170,1692,3563,103805048,103866429,False,1
39190,1693,4041,103866430,103927802,True,10
39213,1694,1231,103927803,103989202,False,1
39229,1695,166,103989203,104050563,False,1
39252,1696,2391,104050564,104111930,False,1
39277,1697,1186,104111931,104173329,False,1
39297,1698,2487,104173330,104234657,False,1
39312,1699,722,104234658,104295944,False,1
39331,1700,4022,104295945,104357355,True,9
39356,1701,3943,104357356,104418698,False,1
39376,1702,2571,104418699,104480096,False,1
39410,1703,1148,104480097,104541459,False,1
39437,1704,4049,104541460,104602838,True,12
39455,1705,3646,104602839,104664165,False,1
39487,1706,3394,104664166,104725516,False,1
39502,1707,2976,104725517,104786838,False,1
39540,1708,873,104786839,104848204,False,1
39563,1709,4015,104848205,104909607,True,4
39585,1710,4025,104909608,104970943,True,4
39607,1711,371,104970944,105032354,False,1
39625,1712,1404,105032355,105093752,False,1
39653,1713,4042,105093753,105155091,True,9
39679,1714,3965,105155092,105216465,False,1
39696,1715,3791,105216466,105277795,False,1
39722,1716,2476,105277796,105339192,False,1
39736,1717,2606,105339193,105400439,False,1
39750,1718,1392,105400440,105461820,False,1
39777,1719,2365,105461821,105523194,False,1
39802,1720,845,105523195,105584597,False,1
39823,1721,1622,105584598,105645992,False,1
39847,1722,3936,105645993,105707381,False,1
39882,1723,2287,105707382,105768792,False,1
39901,1724,2195,105768793,105830117,False,1
39923,1725,2647,105830118,105891500,False,1
39943,1726,2680,105891501,105952884,False,1
39960,1727,3402,105952885,106014259,False,1
39988,1728,1627,106014260,106075688,False,1
40016,1729,3479,106075689,106137053,False,1
40047,1730,4006,106137054,106198438,True,7
40067,1731,804,106198439,106259782,False,1
40091,1732,2938,106259783,106321158,False,1
40112,1733,4010,106321159,106382509,True,7
40129,1734,2304,106382510,106443913,False,1
40154,1735,3090,106443914,106505297,False,1
40175,1736,918,106505298,106566679,False,1
40198,1737,984,106566680,106628012,False,1
40223,1738,4029,106628013,106689424,True,6
40246,1739,1344,106689425,106750788,False,1
40267,1740,4050,106750789,106812169,True,5
40283,1741,4007,106812170,106873592,True,9
40302,1742,40,106873593,106934948,False,1
40330,1743,667,106934949,106996235,False,1
40353,1744,422,106996236,107057645,False,1
40381,1745,3551,107057646,107118975,False,1
40407,1746,3415,107118976,107180346,False,1
40427,1747,304,107180347,107241727,False,1
40449,1748,4018,107241728,107303122,True,8
40472,1749,4048,107303123,107364467,True,8
40499,1750,3079,107364468,107425862,False,1
40518,1751,4047,107425863,107487226,True,10
40540,1752,1984,107487227,107548569,False,1
40555,1753,3390,107548570,107609956,False,1
40580,1754,2914,107609957,107671339,False,1
40599,1755,3115,107671340,107732764,False,1
40632,1756,3110,107732765,107794179,False,1
40664,1757,3386,107794180,107855539,False,1
40687,1758,1718,107855540,107916906,False,1
40710,1759,1970,107916907,107978297,False,1
40742,1760,820,107978298,108039723,False,1
40768,1761,1452,108039724,108101112,False,1
40784,1762,3078,108101113,108162492,False,1
40802,1763,1004,108162493,108223933,False,1
40826,1764,1818,108223934,108285339,False,1
40842,1765,1349,108285340,108346745,False,1
40867,1766,3041,108346746,108408105,False,1
40890,1767,451,108408106,108469442,False,1
40911,1768,2332,108469443,108530784,False,1
40932,1769,598,108530785,108592132,False,1
40952,1770,2805,108592133,108653482,False,1
40974,1771,3656,108653483,108714819,False,1
40991,1772,882,108714820,108776115,False,1
41016,1773,3873,108776116,108837466,False,1
41035,1774,3630,108837467,108898777,False,1
41054,1775,3797,108898778,108960101,False,1
41085,1776,3749,108960102,109021438,False,1
41109,1777,97,109021439,109082772,False,1
41130,1778,3280,109082773,109144137,False,1
41154,1779,172,109144138,109205486,False,1
41181,1780,3891,109205487,109266883,False,1
41202,1781,3932,109266884,109328253,False,1
41220,1782,1784,109328254,109389681,False,1
41241,1783,4045,109389682,109450993,True,13
41257,1784,493,109450994,109512324,False,1
41284,1785,2833,109512325,109573743,False,1
41305,1786,690,109573744,109635109,False,1
41328,1787,3333,109635110,109696501,False,1
41350,1788,3800,109696502,109757912,False,1
41378,1789,59,109757913,109819282,False,1
41400,1790,3299,109819283,109880691,False,1
41418,1791,2670,109880692,109942089,False,1
41442,1792,2439,109942090,110003425,False,1
41465,1793,283,110003426,110064821,False,1
41492,1794,4005,110064822,110126195,True,10
41509,1795,3543,110126196,110187516,False,1
41526,1796,3824,110187517,110248922,False,1
41549,1797,3232,110248923,110310338,False,1
41567,1798,1803,110310339,110371673,False,1
41587,1799,1306,110371674,110433089,False,1
41617,1800,4033,110433090,110494437,True,7
41638,1801,260,110494438,110555777,False,1
41656,1802,2071,110555778,110617199,False,1
41684,1803,379,110617200,110678600,False,1
41709,1804,3962,110678601,110739948,False,1
41726,1805,4039,110739949,110801272,True,6
41749,1806,779,110801273,110862657,False,1
41766,1807,861,110862658,110924039,False,1
41784,1808,4014,110924040,110985438,True,6
41806,1809,177,110985439,111046713,False,1
41824,1810,4047,111046714,111108078,True,11
41846,1811,4003,111108079,111169442,True,9
41864,1812,4029,111169443,111230778,True,7
41887,1813,1338,111230779,111292098,False,1
41916,1814,312,111292099,111353317,False,1
41935,1815,163,111353318,111414685,False,1
41954,1816,4044,111414686,111476050,True,7
41981,1817,3632,111476051,111537433,False,1
41999,1818,4026,111537434,111598607,True,6
42021,1819,1904,111598608,111659904,False,1
42041,1820,1535,111659905,111721253,False,1
42064,1821,3490,111721254,111782603,False,1
42086,1822,4034,111782604,111843952,True,9
42110,1823,2617,111843953,111905273,False,1
42126,1824,2490,111905274,111966614,False,1
42147,1825,1732,111966615,112028017,False,1
42168,1826,4043,112028018,112089370,True,8
42182,1827,57,112089371,112150744,False,1
42216,1828,295,112150745,112212087,False,1
42238,1829,4015,112212088,112273453,True,5
42260,1830,458,112273454,112334765,False,1
42280,1831,966,112334766,112396025,False,1
42312,1832,1797,112396026,112457394,False,1
42332,1833,3066,112457395,112518769,False,1
42356,1834,3681,112518770,112580165,False,1
42384,1835,2550,112580166,112641554,False,1
42409,1836,2187,112641555,112702932,False,1
42430,1837,2511,112702933,112764332,False,1
42453,1838,328,112764333,112825778,False,1
42487,1839,2477,112825779,112887130,False,1
42509,1840,299,112887131,112948494,False,1
42530,1841,2154,112948495,113009840,False,1
42552,1842,3324,113009841,113071205,False,1
42571,1843,4019,113071206,113132418,True,10
42594,1844,2411,113132419,113193810,False,1
42626,1845,3928,113193811,113255235,False,1
42652,1846,315,113255236,113316596,False,1
42677,1847,4032,113316597,113377995,True,8
42713,1848,4046,113377996,113439325,True,9
42730,1849,2808,113439326,113500639,False,1
42747,1850,4035,113500640,113562026,True,6
42770,1851,1712,113562027,113623293,False,1
42801,1852,2687,113623294,113684633,False,1
42827,1853,4014,113684634,113745923,True,7
42849,1854,2116,113745924,113807229,False,1
42872,1855,4037,113807230,113868615,True,7
42898,1856,4050,113868616,113929893,True,6
42914,1857,3743,113929894,113991279,False,1
42944,1858,4039,113991280,114052671,True,7
42967,1859,1185,114052672,114114035,False,1
42994,1860,3624,114114036,114175385,False,1
43019,1861,45,114175386,114236774,False,1
43045,1862,3977,114236775,114298135,False,1
43068,1863,807,114298136,114359522,False,1
43096,1864,1749,114359523,114420895,False,1
43119,1865,997,114420896,114482207,False,1
43139,1866,3006,114482208,114543559,False,1
43166,1867,1527,114543560,114604940,False,1
43185,1868,188,114604941,114666170,False,1
43210,1869,2707,114666171,114727575,False,1
43234,1870,4048,114727576,114788937,True,9
43261,1871,1105,114788938,114850265,False,1
43283,1872,3918,114850266,114911632,False,1
43305,1873,1020,114911633,114972875,False,1
43325,1874,2975,114972876,115034273,False,1
43339,1875,3680,115034274,115095665,False,1
43366,1876,1981,115095666,115157063,False,1
43383,1877,1139,115157064,115218421,False,1
43412,1878,867,115218422,115279834,False,1
43436,1879,1378,115279835,115341202,False,1
43467,1880,1649,115341203,115402548,False,1
43492,1881,3927,115402549,115463817,False,1
43516,1882,3904,115463818,115525232,False,1
43544,1883,4014,115525233,115586581,True,8
43566,1884,1605,115586582,115647998,False,1
43589,1885,1993,115647999,115709337,False,1
43621,1886,2703,115709338,115770688,False,1
43648,1887,2896,115770689,115832103,False,1
43668,1888,308,115832104,115893538,False,1
43690,1889,1179,115893539,115954861,False,1
43709,1890,4009,115954862,116016236,True,6
43729,1891,3523,116016237,116077537,False,1
43760,1892,1409,116077538,116138886,False,1
43785,1893,3464,116138887,116200213,False,1
43819,1894,3750,116200214,116261580,False,1
43847,1895,331,116261581,116322888,False,1
43873,1896,1334,116322889,116384273,False,1
43894,1897,2553,116384274,116445620,False,1
43916,1898,874,116445621,116506975,False,1
43938,1899,2438,116506976,116568298,False,1
43964,1900,1658,116568299,116629530,False,1
43983,1901,4032,116629531,116690879,True,9
44019,1902,2538,116690880,116752267,False,1
44042,1903,3519,116752268,116813664,False,1
44064,1904,3804,116813665,116875057,False,1
44084,1905,3281,116875058,116936348,False,1
44104,1906,1432,116936349,116997733,False,1
44136,1907,2906,116997734,117059103,False,1
44168,1908,2702,117059104,117120500,False,1
44184,1909,3250,117120501,117181905,False,1
44210,1910,2470,117181906,117243308,False,1
44232,1911,3154,117243309,117304647,False,1
44262,1912,2789,117304648,117365917,False,1
44290,1913,4028,117365918,117427294,True,9
44314,1914,1474,117427295,117488637,False,1
44337,1915,736,117488638,117549960,False,1
44358,1916,3343,117549961,117611350,False,1
44379,1917,2317,117611351,117672694,False,1
44399,1918,4003,117672695,117734092,True,10
44417,1919,3508,117734093,117795429,False,1
44435,1920,114,117795430,117856805,False,1
44446,1921,96,117856806,117918133,False,1
44468,1922,303,117918134,117979538,False,1
44488,1923,970,117979539,118040933,False,1
44509,1924,4013,118040934,118102265,True,10
44522,1925,4036,118102266,118163575,True,11
44544,1926,482,118163576,118224964,False,1
44565,1927,2678,118224965,118286334,False,1
44591,1928,2298,118286335,118347706,False,1
44613,1929,565,118347707,118408932,False,1
44637,1930,4028,118408933,118470263,True,10
44661,1931,4005,118470264,118531575,True,11
44678,1932,3819,118531576,118592898,False,1
44707,1933,2284,118592899,118654271,False,1
44727,1934,2489,118654272,118715651,False,1
44755,1935,1365,118715652,118777034,False,1
44781,1936,2817,118777035,118838385,False,1
44808,1937,1804,118838386,118899766,False,1
44839,1938,688,118899767,118961126,False,1
44858,1939,1071,118961127,119022468,False,1
44874,1940,1657,119022469,119083835,False,1
44900,1941,498,119083836,119145243,False,1
44920,1942,1100,119145244,119206610,False,1
44943,1943,2957,119206611,119267778,False,1
44967,1944,3502,119267779,119329185,False,1
44986,1945,4012,119329186,119390550,True,8
45009,1946,1538,119390551,119451873,False,1
45031,1947,3999,119451874,119513197,False,1
45058,1948,3917,119513198,119574554,False,1
45077,1949,4005,119574555,119635899,True,12
45094,1950,2823,119635900,119697217,False,1
45121,1951,2810,119697218,119758556,False,1
45146,1952,3921,119758557,119819880,False,1
45167,1953,4031,119819881,119881191,True,10
45187,1954,4047,119881192,119942542,True,12
45209,1955,1065,119942543,120003889,False,1
45241,1956,4048,120003890,120065180,True,10
45268,1957,1066,120065181,120126555,False,1
45300,1958,3003,120126556,120187839,False,1
45324,1959,4026,120187840,120249201,True,7
45346,1960,3609,120249202,120310564,False,1
45370,1961,1321,120310565,120371932,False,1
45393,1962,1922,120371933,120433307,False,1
45413,1963,2756,120433308,120494621,False,1
45432,1964,1164,120494622,120555966,False,1
45457,1965,620,120555967,120617380,False,1
45482,1966,2502,120617381,120678734,False,1
45504,1967,3068,120678735,120740091,False,1
45519,1968,1271,120740092,120801447,False,1
45544,1969,4008,120801448,120862772,True,3
45566,1970,2243,120862773,120924088,False,1
45590,1971,1592,120924089,120985458,False,1
45613,1972,3035,120985459,121046752,False,1
45650,1973,999,121046753,121108108,False,1
45667,1974,2460,121108109,121169482,False,1
45695,1975,3320,121169483,121230760,False,1
45715,1976,958,121230761,121292152,False,1
45749,1977,215,121292153,121353480,False,1
45769,1978,4028,121353481,121414773,True,11
45793,1979,2269,121414774,121476090,False,1
45833,1980,4048,121476091,121537408,True,11
45860,1981,2797,121537409,121598786,False,1
45882,1982,2473,121598787,121660168,False,1
45906,1983,2127,121660169,121721348,False,1
45928,1984,3076,121721349,121782684,False,1
45953,1985,3346,121782685,121844068,False,1
45979,1986,4008,121844069,121905351,True,4
46001,1987,2870,121905352,121966689,False,1
46022,1988,362,121966690,122028011,False,1
46041,1989,2903,122028012,122089327,False,1
46060,1990,3843,122089328,122150603,False,1
46090,1991,2373,122150604,122211917,False,1
46111,1992,1026,122211918,122273285,False,1
46135,1993,1055,122273286,122334620,False,1
46157,1994,2587,122334621,122395900,False,1
46183,1995,833,122395901,122457274,False,1
46210,1996,805,122457275,122518586,False,1
46244,1997,3244,122518587,122579868,False,1
46267,1998,1660,122579869,122641153,False,1
46288,1999,3319,122641154,122702527,False,1
46306,2000,4036,122702528,122763840,True,12
46328,2001,1990,122763841,122825169,False,1
46349,2002,4015,122825170,122886576,True,6
46371,2003,2952,122886577,122947915,False,1
46387,2004,3200,122947916,123009341,False,1
46412,2005,4015,123009342,123070691,True,7
46434,2006,66,123070692,123132004,False,1
46454,2007,1088,123132005,123193411,False,1
46483,2008,2450,123193412,123254816,False,1
46516,2009,3016,123254817,123316130,False,1
46544,2010,2486,123316131,123377459,False,1
46559,2011,3414,123377460,123438822,False,1
46581,2012,2133,123438823,123500205,False,1
46598,2013,1046,123500206,123561596,False,1
46625,2014,4050,123561597,123622977,True,7
46641,2015,977,123622978,123684346,False,1
46663,2016,3227,123684347,123745719,False,1
46691,2017,197,123745720,123807049,False,1
46712,2018,2257,123807050,123868445,False,1
46733,2019,3298,123868446,123929744,False,1
46768,2020,2003,123929745,123990987,False,1
46792,2021,513,123990988,124052270,False,1
46829,2022,2419,124052271,124113676,False,1
46844,2023,3182,124113677,124174995,False,1
46868,2024,2088,124174996,124236217,False,1
46896,2025,2825,124236218,124297474,False,1
46920,2026,2379,124297475,124358715,False,1
46941,2027,3664,124358716,124420092,False,1
46965,2028,789,124420093,124481464,False,1
46991,2029,755,124481465,124542727,False,1
47015,2030,2540,124542728,124603989,False,1
47037,2031,3166,124603990,124665307,False,1
47051,2032,868,124665308,124726631,False,1
47068,2033,1810,124726632,124787974,False,1
47088,2034,915,124787975,124849338,False,1
47112,2035,2335,124849339,124910635,False,1
47135,2036,1705,124910636,124972002,False,1
47161,2037,438,124972003,125033327,False,1
47195,2038,610,125033328,125094602,False,1
47221,2039,2784,125094603,125155905,False,1
47243,2040,2029,125155906,125217232,False,1
47278,2041,300,125217233,125278563,False,1
47299,2042,2853,125278564,125339910,False,1
47319,2043,3491,125339911,125401234,False,1
47352,2044,1597,125401235,125462615,False,1
47377,2045,4023,125462616,125523856,True,9
47392,2046,14,125523857,125585239,False,1
47418,2047,3501,125585240,125646583,False,1
47451,2048,361,125646584,125707919,False,1
47476,2049,2121,125707920,125769198,False,1
47506,2050,864,125769199,125830515,False,1
47524,2051,4019,125830516,125891942,True,11
47547,2052,92,125891943,125953248,False,1
47570,2053,3629,125953249,126014600,False,1
47593,2054,524,126014601,126075974,False,1
47610,2055,39,126075975,126137238,False,1
47629,2056,2119,126137239,126198560,False,1
47657,2057,477,126198561,126260002,False,1
47681,2058,3593,126260003,126321354,False,1
47695,2059,4026,126321355,126382631,True,8
47717,2060,1828,126382632,126443982,False,1
47735,2061,907,126443983,126505311,False,1
47766,2062,2851,126505312,126566589,False,1
47790,2063,500,126566590,126627979,False,1
47809,2064,3578,126627980,126689290,False,1
47845,2065,1305,126689291,126750573,False,1
47876,2066,2354,126750574,126811880,False,1
47903,2067,2222,126811881,126873309,False,1
47931,2068,4037,126873310,126934651,True,8
47957,2069,1896,126934652,126996001,False,1
47985,2070,4009,126996002,127057319,True,7
48005,2071,3890,127057320,127118651,False,1
48021,2072,2947,127118652,127179978,False,1
48048,2073,1735,127179979,127241272,False,1
48066,2074,4001,127241273,127302599,True,7
48106,2075,2173,127302600,127363891,False,1
48137,2076,1767,127363892,127425222,False,1
48164,2077,3499,127425223,127486523,False,1
48191,2078,1615,127486524,127547899,False,1
48212,2079,1532,127547900,127609204,False,1
48230,2080,3009,127609205,127670576,False,1
48252,2081,559,127670577,127731905,False,1
48279,2082,3677,127731906,127793243,False,1
48307,2083,595,127793244,127854627,False,1
48324,2084,4046,127854628,127915989,True,10
48341,2085,1222,127915990,127977320,False,1
48364,2086,17,127977321,128038704,False,1
48385,2087,121,128038705,128100066,False,1
48401,2088,2149,128100067,128161460,False,1
48434,2089,1208,128161461,128222846,False,1
48461,2090,2917,128222847,128284207,False,1
48477,2091,2396,128284208,128345559,False,1
48506,2092,3959,128345560,128406916,False,1
48524,2093,2829,128406917,128468252,False,1
48551,2094,3766,128468253,128529657,False,1
48580,2095,589,128529658,128590997,False,1
48596,2096,4022,128590998,128652218,True,10
48621,2097,3235,128652219,128713569,False,1
48641,2098,4044,128713570,128774789,True,8
48668,2099,1920,128774790,128836217,False,1
48697,2100,3089,128836218,128897605,False,1
48718,2101,4035,128897606,128958917,True,7
48741,2102,2923,128958918,129020300,False,1
48761,2103,3956,129020301,129081508,False,1
48789,2104,1729,129081509,129142895,False,1
48801,2105,971,129142896,129204246,False,1
48820,2106,1798,129204247,129265463,False,1
48840,2107,2762,129265464,129326812,False,1
48856,2108,828,129326813,129388102,False,1
48877,2109,685,129388103,129449455,False,1
48895,2110,4020,129449456,129510846,True,7
48916,2111,3185,129510847,129572144,False,1
48946,2112,2775,129572145,129633473,False,1
48971,2113,2461,129633474,129694799,False,1
48998,2114,2586,129694800,129756123,False,1
49018,2115,3380,129756124,129817504,False,1
49038,2116,81,129817505,129878795,False,1
49059,2117,52,129878796,129940129,False,1
49093,2118,2369,129940130,130001402,False,1
49116,2119,1205,130001403,130062740,False,1
49148,2120,1188,130062741,130124130,False,1
49162,2121,561,130124131,130185376,False,1
49185,2122,4008,130185377,130246787,True,5
49207,2123,4045,130246788,130308196,True,14
49223,2124,678,130308197,130369608,False,1
49239,2125,406,130369609,130430952,False,1
49262,2126,4041,130430953,130492292,True,11
49285,2127,4041,130492293,130553662,True,12
49308,2128,1456,130553663,130615011,False,1
49334,2129,1526,130615012,130676359,False,1
49360,2130,4050,130676360,130737683,True,8
49376,2131,1093,130737684,130799019,False,1
49407,2132,3775,130799020,130860458,False,1
49426,2133,4027,130860459,130921823,True,7
49450,2134,3102,130921824,130983141,False,1
49487,2135,2788,130983142,131044449,False,1
49509,2136,3676,131044450,131105766,False,1
49530,2137,1067,131105767,131167062,False,1
49548,2138,3463,131167063,131228392,False,1
49575,2139,2800,131228393,131289797,False,1
49603,2140,2278,131289798,131351171,False,1
49631,2141,4006,131351172,131412610,True,8
49651,2142,4022,131412611,131474004,True,11
49676,2143,3933,131474005,131535380,False,1
49699,2144,2237,131535381,131596730,False,1
49715,2145,2180,131596731,131658129,False,1
49741,2146,4035,131658130,131719377,True,8
49764,2147,4027,131719378,131780726,True,8
49788,2148,913,131780727,131842136,False,1
49810,2149,2385,131842137,131903494,False,1
49839,2150,2367,131903495,131964825,False,1
49859,2151,1573,131964826,132026101,False,1
49880,2152,745,132026102,132087418,False,1
49900,2153,3303,132087419,132148760,False,1
49928,2154,681,132148761,132210165,False,1
49956,2155,3168,132210166,132271568,False,1
49977,2156,2944,132271569,132332884,False,1
50000,2157,941,132332885,132394215,False,1
50029,2158,940,132394216,132455540,False,1
50056,2159,4026,132455541,132516912,True,9
50078,2160,3434,132516913,132578211,False,1
50091,2161,2722,132578212,132639561,False,1
50118,2162,1375,132639562,132700844,False,1
50143,2163,3659,132700845,132762208,False,1
50161,2164,2285,132762209,132823522,False,1
50180,2165,2514,132823523,132884790,False,1
50204,2166,2292,132884791,132946166,False,1
50223,2167,3855,132946167,133007556,False,1
50247,2168,3931,133007557,133068942,False,1
50266,2169,1741,133068943,133130242,False,1
50301,2170,3026,133130243,133191547,False,1
50328,2171,3082,133191548,133252921,False,1
50348,2172,4040,133252922,133314244,True,7
50373,2173,706,133314245,133375558,False,1
50395,2174,1534,133375559,133436827,False,1
50412,2175,4044,133436828,133498206,True,9
50439,2176,1113,133498207,133559549,False,1
50478,2177,119,133559550,133620848,False,1
50497,2178,2140,133620849,133682211,False,1
50522,2179,3044,133682212,133743579,False,1
50543,2180,3428,133743580,133804927,False,1
50574,2181,2614,133804928,133866326,False,1
50599,2182,3367,133866327,133927762,False,1
50637,2183,2109,133927763,133989084,False,1
50655,2184,2043,133989085,134050517,False,1
50679,2185,1987,134050518,134111783,False,1
50700,2186,534,134111784,134173112,False,1
50720,2187,3765,134173113,134234420,False,1
50739,2188,583,134234421,134295841,False,1
50756,2189,4037,134295842,134357125,True,9
50782,2190,54,134357126,134418452,False,1
50803,2191,2897,134418453,134479876,False,1
50831,2192,1487,134479877,134541255,False,1
50853,2193,2465,134541256,134602688,False,1
50877,2194,397,134602689,134664083,False,1
50897,2195,1073,134664084,134725466,False,1
50914,2196,658,134725467,134786831,False,1
50940,2197,2312,134786832,134848125,False,1
50966,2198,4027,134848126,134909481,True,9
50990,2199,2568,134909482,134970844,False,1
51013,2200,4029,134970845,135032200,True,8
51036,2201,1832,135032201,135093554,False,1
51062,2202,3627,135093555,135154909,False,1
51082,2203,3174,135154910,135216254,False,1
51101,2204,4003,135216255,135277676,True,11
51119,2205,4042,135277677,135339001,True,10
51145,2206,338,135339002,135400319,False,1
51171,2207,4030,135400320,135461640,True,9
51199,2208,4016,135461641,135522934,True,9
51220,2209,505,135522935,135584159,False,1
51248,2210,863,135584160,135645537,False,1
51268,2211,4036,135645538,135706858,True,13
51290,2212,3406,135706859,135768183,False,1
51303,2213,1880,135768184,135829566,False,1
51327,2214,428,135829567,135890869,False,1
51353,2215,4035,135890870,135952155,True,9
51376,2216,4038,135952156,136013403,True,8
51398,2217,2570,136013404,136074762,False,1
51420,2218,3587,136074763,136136138,False,1
51439,2219,2188,136136139,136197493,False,1
51457,2220,531,136197494,136258935,False,1
51474,2221,3484,136258936,136320337,False,1
51504,2222,4004,136320338,136381655,True,8
51527,2223,586,136381656,136443049,False,1
51557,2224,3746,136443050,136504336,False,1
51582,2225,1629,136504337,136565724,False,1
51609,2226,1247,136565725,136627129,False,1
51623,2227,4030,136627130,136688532,True,10
51651,2228,1011,136688533,136749909,False,1
51670,2229,2068,136749910,136811297,False,1
51685,2230,4008,136811298,136872676,True,6
51707,2231,899,136872677,136934074,False,1
51738,2232,4014,136934075,136995442,True,9
51760,2233,1464,136995443,137056747,False,1
51789,2234,2388,137056748,137118120,False,1
51808,2235,1050,137118121,137179529,False,1
51831,2236,3968,137179530,137240892,False,1
51858,2237,742,137240893,137302176,False,1
51875,2238,4016,137302177,137363514,True,10
51896,2239,2742,137363515,137424908,False,1
51918,2240,2754,137424909,137486237,False,1
51938,2241,1884,137486238,137547557,False,1
51963,2242,4044,137547558,137608869,True,10
51990,2243,741,137608870,137670144,False,1
52019,2244,2337,137670145,137731511,False,1
52046,2245,3215,137731512,137792842,False,1
52072,2246,1274,137792843,137854237,False,1
52089,2247,1134,137854238,137915530,False,1
52118,2248,982,137915531,137976970,False,1
52142,2249,1790,137976971,138038309,False,1
52169,2250,3221,138038310,138099667,False,1
52187,2251,2455,138099668,138161055,False,1
52214,2252,866,138161056,138222425,False,1
52234,2253,2561,138222426,138283746,False,1
52254,2254,1812,138283747,138345091,False,1
52274,2255,1370,138345092,138406443,False,1
52293,2256,787,138406444,138467755,False,1
52317,2257,209,138467756,138529150,False,1
52335,2258,3952,138529151,138590533,False,1
52356,2259,4031,138590534,138651780,True,11
52376,2260,4020,138651781,138713196,True,8
52397,2261,1633,138713197,138774577,False,1
52421,2262,3946,138774578,138836005,False,1
52445,2263,3039,138836006,138897347,False,1
52472,2264,1612,138897348,138958729,False,1
52499,2265,2531,138958730,139020060,False,1
52521,2266,2668,139020061,139081456,False,1
52547,2267,1466,139081457,139142858,False,1
52572,2268,1519,139142859,139204214,False,1
52588,2269,4018,139204215,139265605,True,9
52611,2270,4013,139265606,139326932,True,11
52624,2271,3485,139326933,139388299,False,1
52647,2272,991,139388300,139449702,False,1
52666,2273,3171,139449703,139511014,False,1
52685,2274,1123,139511015,139572359,False,1
52700,2275,2076,139572360,139633632,False,1
52721,2276,2191,139633633,139695047,False,1
52739,2277,1443,139695048,139756445,False,1
52752,2278,34,139756446,139817718,False,1
52783,2279,191,139817719,139878995,False,1
52803,2280,1706,139878996,139940405,False,1
52825,2281,4022,139940406,140001754,True,12
52850,2282,2052,140001755,140063139,False,1
52874,2283,3340,140063140,140124456,False,1
52899,2284,3922,140124457,140185786,False,1
52927,2285,2268,140185787,140247068,False,1
52952,2286,3887,140247069,140308488,False,1
52981,2287,591,140308489,140369877,False,1
53009,2288,3030,140369878,140431260,False,1
53030,2289,2466,140431261,140492645,False,1
53052,2290,884,140492646,140554017,False,1
53069,2291,3477,140554018,140615281,False,1
53105,2292,981,140615282,140676664,False,1
53120,2293,4010,140676665,140738014,True,8
53137,2294,920,140738015,140799442,False,1
53167,2295,3924,140799443,140860832,False,1
53187,2296,3049,140860833,140922148,False,1
53209,2297,1450,140922149,140983567,False,1
53238,2298,341,140983568,141044958,False,1
53260,2299,3189,141044959,141106303,False,1
53285,2300,4041,141106304,141167669,True,13
53308,2301,2357,141167670,141229035,False,1
53326,2302,3716,141229036,141290416,False,1
53352,2303,269,141290417,141351821,False,1
53370,2304,674,141351822,141413161,False,1
53396,2305,4025,141413162,141474534,True,5
53418,2306,2831,141474535,141535875,False,1
53435,2307,1357,141535876,141597195,False,1
53465,2308,3902,141597196,141658508,False,1
53480,2309,587,141658509,141719873,False,1
53500,2310,4042,141719874,141781269,True,11
53526,2311,3738,141781270,141842696,False,1
53546,2312,1807,141842697,141904074,False,1
53563,2313,1299,141904075,141965388,False,1
53594,2314,656,141965389,142026681,False,1
53620,2315,1635,142026682,142088075,False,1
53639,2316,908,142088076,142149464,False,1
53661,2317,3870,142149465,142210865,False,1
53684,2318,4001,142210866,142272215,True,8
53724,2319,3638,142272216,142333593,False,1
53751,2320,4001,142333594,142394936,True,9
53791,2321,1777,142394937,142456336,False,1
53817,2322,4015,142456337,142517683,True,8
53839,2323,467,142517684,142579052,False,1
53858,2324,3388,142579053,142640477,False,1
53884,2325,4039,142640478,142701764,True,8
53907,2326,4008,142701765,142763176,True,7
53929,2327,3144,142763177,142824575,False,1
53951,2328,2912,142824576,142885941,False,1
53971,2329,3314,142885942,142947364,False,1
54003,2330,2380,142947365,143008681,False,1
54025,2331,4017,143008682,143069967,True,8
54047,2332,696,143069968,143131340,False,1
54071,2333,4050,143131341,143192727,True,9
54087,2334,3424,143192728,143254078,False,1
54110,2335,876,143254079,143315439,False,1
54140,2336,1498,143315440,143376741,False,1
54160,2337,3771,143376742,143438033,False,1
54182,2338,3544,143438034,143499340,False,1
54204,2339,4035,143499341,143560746,True,10
54227,2340,4016,143560747,143622172,True,11
54248,2341,1871,143622173,143683559,False,1
54265,2342,3647,143683560,143744976,False,1
54296,2343,2988,143744977,143806403,False,1
54325,2344,2937,143806404,143867772,False,1
54347,2345,4021,143867773,143929214,True,9
54369,2346,2953,143929215,143990623,False,1
54400,2347,1641,143990624,144051967,False,1
54426,2348,1902,144051968,144113275,False,1
54448,2349,3443,144113276,144174643,False,1
54478,2350,3421,144174644,144236013,False,1
54496,2351,3399,144236014,144297264,False,1
54525,2352,3396,144297265,144358578,False,1
54544,2353,2926,144358579,144419982,False,1
54562,2354,2653,144419983,144481344,False,1
54585,2355,3900,144481345,144542675,False,1
54610,2356,2832,144542676,144603985,False,1
54642,2357,3449,144603986,144665330,False,1
54667,2358,541,144665331,144726693,False,1
54691,2359,3152,144726694,144788088,False,1
54709,2360,3156,144788089,144849487,False,1
54731,2361,2362,144849488,144910874,False,1
54745,2362,196,144910875,144972143,False,1
54762,2363,2015,144972144,145033458,False,1
54786,2364,2241,145033459,145094815,False,1
54819,2365,3802,145094816,145156183,False,1
54844,2366,3513,145156184,145217457,False,1
54864,2367,171,145217458,145278809,False,1
54886,2368,1554,145278810,145340129,False,1
54904,2369,138,145340130,145401522,False,1
54931,2370,1653,145401523,145462942,False,1
54947,2371,2766,145462943,145524335,False,1
54962,2372,280,145524336,145585564,False,1
54985,2373,3297,145585565,145646897,False,1
55004,2374,3483,145646898,145708279,False,1
55022,2375,160,145708280,145769634,False,1
55057,2376,4015,145769635,145830963,True,9
55079,2377,4023,145830964,145892250,True,10
55094,2378,1957,145892251,145953546,False,1
55120,2379,335,145953547,146014884,False,1
55145,2380,3691,146014885,146076260,False,1
55171,2381,506,146076261,146137638,False,1
55190,2382,4043,146137639,146199005,True,9
55204,2383,3559,146199006,146260374,False,1
55222,2384,4026,146260375,146321741,True,10
55244,2385,4016,146321742,146383119,True,12
55265,2386,1548,146383120,146444531,False,1
55279,2387,2682,146444532,146505918,False,1
55306,2388,675,146505919,146567167,False,1
55325,2389,3706,146567168,146628549,False,1
55347,2390,1023,146628550,146689915,False,1
55375,2391,2508,146689916,146751320,False,1
55402,2392,3393,146751321,146812737,False,1
55426,2393,1665,146812738,146874119,False,1
55451,2394,643,146874120,146935458,False,1
55479,2395,2468,146935459,146996842,False,1
55510,2396,2792,146996843,147058151,False,1
55527,2397,3528,147058152,147119481,False,1
55547,2398,134,147119482,147180895,False,1
55577,2399,3371,147180896,147242266,False,1
55595,2400,1849,147242267,147303597,False,1
55613,2401,3284,147303598,147364937,False,1
55631,2402,3342,147364938,147426249,False,1
55658,2403,2318,147426250,147487643,False,1
55684,2404,1661,147487644,147549042,False,1
55704,2405,3323,147549043,147610462,False,1
55742,2406,827,147610463,147671842,False,1
55765,2407,4006,147671843,147733143,True,9
55785,2408,4024,147733144,147794471,True,5
55815,2409,1108,147794472,147855820,False,1
55841,2410,2516,147855821,147917074,False,1
55860,2411,1925,147917075,147978383,False,1
55882,2412,1147,147978384,148039763,False,1
55903,2413,1944,148039764,148101051,False,1
55932,2414,3947,148101052,148162432,False,1
55952,2415,2372,148162433,148223742,False,1
55974,2416,1964,148223743,148285107,False,1
56001,2417,2679,148285108,148346496,False,1
56019,2418,751,148346497,148407892,False,1
56041,2419,2811,148407893,148469243,False,1
56064,2420,872,148469244,148530636,False,1
56084,2421,2611,148530637,148591987,False,1
56101,2422,4028,148591988,148653351,True,12
56125,2423,2981,148653352,148714713,False,1
56144,2424,1951,148714714,148776078,False,1
56171,2425,383,148776079,148837352,False,1
56199,2426,2484,148837353,148898693,False,1
56221,2427,1485,148898694,148960034,False,1
56236,2428,1160,148960035,149021382,False,1
56268,2429,151,149021383,149082720,False,1
56284,2430,514,149082721,149144160,False,1
56311,2431,393,149144161,149205567,False,1
56330,2432,1482,149205568,149266993,False,1
56356,2433,1999,149266994,149328399,False,1
56374,2434,640,149328400,149389796,False,1
56401,2435,2978,149389797,149451084,False,1
56425,2436,4048,149451085,149512481,True,12
56452,2437,204,149512482,149573826,False,1
56479,2438,2435,149573827,149635179,False,1
56502,2439,3594,149635180,149696506,False,1
56524,2440,996,149696507,149757837,False,1
56543,2441,797,149757838,149819226,False,1
56560,2442,4006,149819227,149880571,True,10
56580,2443,3019,149880572,149941867,False,1
56605,2444,3784,149941868,150003263,False,1
56627,2445,4041,150003264,150064592,True,14
56650,2446,4029,150064593,150125991,True,9
56673,2447,3846,150125992,150187345,False,1
56708,2448,2151,150187346,150248703,False,1
56732,2449,978,150248704,150309995,False,1
56753,2450,1379,150309996,150371373,False,1
56784,2451,3310,150371374,150432694,False,1
56819,2452,4003,150432695,150494082,True,12
56837,2453,1317,150494083,150555455,False,1
56859,2454,3964,150555456,150616857,False,1
56872,2455,156,150616858,150678200,False,1
56895,2456,680,150678201,150739631,False,1
56919,2457,664,150739632,150800983,False,1
56944,2458,4023,150800984,150862394,True,11
56959,2459,4011,150862395,150923734,True,7
56981,2460,2634,150923735,150985104,False,1
57002,2461,1429,150985105,151046488,False,1
57032,2462,3381,151046489,151107852,False,1
57051,2463,1582,151107853,151169225,False,1
57078,2464,4040,151169226,151230614,True,8
57103,2465,3972,151230615,151291914,False,1
57119,2466,2229,151291915,151353237,False,1
57142,2467,4024,151353238,151414622,True,6
57172,2468,232,151414623,151475927,False,1
57203,2469,4035,151475928,151537274,True,11
57226,2470,4046,151537275,151598673,True,11
57243,2471,1303,151598674,151660036,False,1
57265,2472,3910,151660037,151721331,False,1
57291,2473,4007,151721332,151782643,True,10
57310,2474,3364,151782644,151844055,False,1
57328,2475,4024,151844056,151905463,True,7
57358,2476,1549,151905464,151966768,False,1
57379,2477,2790,151966769,152028167,False,1
57404,2478,2708,152028168,152089565,False,1
57436,2479,2001,152089566,152150903,False,1
57463,2480,743,152150904,152212291,False,1
57494,2481,853,152212292,152273686,False,1
57519,2482,4038,152273687,152335083,True,9
57541,2483,4009,152335084,152396494,True,8
57561,2484,2588,152396495,152457839,False,1
57591,2485,4035,152457840,152519213,True,12
57614,2486,1031,152519214,152580594,False,1
57633,2487,1587,152580595,152641953,False,1
57656,2488,1522,152641954,152703339,False,1
57676,2489,4039,152703340,152764690,True,9
57699,2490,2327,152764691,152825979,False,1
57718,2491,165,152825980,152887313,False,1
57743,2492,3592,152887314,152948649,False,1
57766,2493,2798,152948650,153009975,False,1
57798,2494,772,153009976,153071381,False,1
57825,2495,2144,153071382,153132801,False,1
57856,2496,4009,153132802,153194230,True,9
57876,2497,49,153194231,153255580,False,1
57894,2498,4012,153255581,153316936,True,9
57917,2499,4004,153316937,153378338,True,9
57940,2500,298,153378339,153439676,False,1
57963,2501,2270,153439677,153501035,False,1
57979,2502,4042,153501036,153562435,True,12
58005,2503,2056,153562436,153623744,False,1
58027,2504,2207,153623745,153685082,False,1
58052,2505,3542,153685083,153746491,False,1
58070,2506,3338,153746492,153807832,False,1
58103,2507,105,153807833,153869193,False,1
58126,2508,3129,153869194,153930570,False,1
58149,2509,4026,153930571,153991939,True,11
58171,2510,2027,153991940,154053302,False,1
58192,2511,2242,154053303,154114700,False,1
58221,2512,1302,154114701,154176105,False,1
58244,2513,2673,154176106,154237446,False,1
58271,2514,496,154237447,154298820,False,1
58290,2515,2104,154298821,154360138,False,1
58325,2516,1553,154360139,154421482,False,1
58349,2517,4015,154421483,154482841,True,10
58371,2518,1889,154482842,154544236,False,1
58394,2519,669,154544237,154605543,False,1
58417,2520,2277,154605544,154666866,False,1
58437,2521,3260,154666867,154728226,False,1
58460,2522,1835,154728227,154789638,False,1
58486,2523,1788,154789639,154850990,False,1
58510,2524,247,154850991,154912310,False,1
58540,2525,1318,154912311,154973637,False,1
58560,2526,3131,154973638,155035033,False,1
58576,2527,434,155035034,155096392,False,1
58595,2528,582,155096393,155157788,False,1
58621,2529,1200,155157789,155219142,False,1
58638,2530,2115,155219143,155280448,False,1
58665,2531,7,155280449,155341851,False,1
58681,2532,1782,155341852,155403245,False,1
58710,2533,3444,155403246,155464631,False,1
58729,2534,3613,155464632,155525994,False,1
58759,2535,810,155525995,155587391,False,1
58781,2536,1912,155587392,155648772,False,1
58803,2537,3403,155648773,155710092,False,1
58833,2538,2358,155710093,155771466,False,1
58856,2539,1038,155771467,155832773,False,1
58883,2540,1129,155832774,155894141,False,1
58903,2541,2712,155894142,155955474,False,1
58923,2542,2206,155955475,156016877,False,1
58953,2543,871,156016878,156078219,False,1
58987,2544,2815,156078220,156139614,False,1
59014,2545,3879,156139615,156200887,False,1
59035,2546,4029,156200888,156262269,True,10
59058,2547,4001,156262270,156323678,True,10
59098,2548,3553,156323679,156384989,False,1
59123,2549,1101,156384990,156446349,False,1
59143,2550,2619,156446350,156507753,False,1
59166,2551,1877,156507754,156569114,False,1
59184,2552,2276,156569115,156630478,False,1
59200,2553,4015,156630479,156691875,True,11
59222,2554,604,156691876,156753119,False,1
59251,2555,1085,156753120,156814486,False,1
59275,2556,4045,156814487,156875748,True,15
59291,2557,2898,156875749,156937160,False,1
59313,2558,682,156937161,156998549,False,1
59332,2559,186,156998550,157059970,False,1
59350,2560,1682,157059971,157121367,False,1
59367,2561,2072,157121368,157182700,False,1
59395,2562,2869,157182701,157244107,False,1
59419,2563,1601,157244108,157305470,False,1
59438,2564,2158,157305471,157366868,False,1
59465,2565,4043,157366869,157428126,True,10
59479,2566,2099,157428127,157489420,False,1
59502,2567,1704,157489421,157550815,False,1
59535,2568,3527,157550816,157612165,False,1
59562,2569,2244,157612166,157673512,False,1
59587,2570,2041,157673513,157734800,False,1
59617,2571,4043,157734801,157796127,True,11
59631,2572,3312,157796128,157857450,False,1
59652,2573,2403,157857451,157918732,False,1
59686,2574,2842,157918733,157980121,False,1
59703,2575,719,157980122,158041458,False,1
59735,2576,3539,158041459,158102833,False,1
59762,2577,2724,158102834,158164223,False,1
59785,2578,3429,158164224,158225596,False,1
59805,2579,3252,158225597,158286928,False,1
59826,2580,4027,158286929,158348320,True,10
59850,2581,3938,158348321,158409669,False,1
59868,2582,4050,158409670,158471037,True,10
59884,2583,3259,158471038,158532445,False,1
59909,2584,2037,158532446,158593853,False,1
59938,2585,4034,158593854,158655228,True,10
59962,2586,1927,158655229,158716586,False,1
59983,2587,3683,158716587,158777945,False,1
60005,2588,1150,158777946,158839319,False,1
60022,2589,3336,158839320,158900700,False,1
60047,2590,1286,158900701,158962098,False,1
60068,2591,4010,158962099,159023497,True,9
60085,2592,3065,159023498,159084862,False,1
60121,2593,3472,159084863,159146260,False,1
60141,2594,4017,159146261,159207562,True,9
60163,2595,898,159207563,159268868,False,1
60182,2596,1189,159268869,159330184,False,1
60200,2597,1556,159330185,159391503,False,1
60220,2598,1290,159391504,159452812,False,1
60245,2599,4004,159452813,159514677,True,10
60268,2600,1391,159514678,159575935,False,1
60298,2601,3135,159575936,159637363,False,1
60319,2602,71,159637364,159698774,False,1
60337,2603,4003,159698775,159760182,True,13
60355,2604,3362,159760183,159821555,False,1
60387,2605,359,159821556,159882886,False,1
60406,2606,450,159882887,159944265,False,1
60433,2607,3170,159944266,160005585,False,1
60458,2608,1447,160005586,160066920,False,1
60485,2609,1070,160066921,160128233,False,1
60510,2610,193,160128234,160189575,False,1
60528,2611,1942,160189576,160250873,False,1
60551,2612,79,160250874,160312217,False,1
60579,2613,2787,160312218,160373614,False,1
60602,2614,2017,160373615,160434933,False,1
60617,2615,3218,160434934,160496332,False,1
60652,2616,42,160496333,160557731,False,1
60672,2617,2710,160557732,160619097,False,1
60711,2618,4039,160619098,160680477,True,10
60734,2619,456,160680478,160741892,False,1
60759,2620,2390,160741893,160803257,False,1
60787,2621,4009,160803258,160864698,True,10
60807,2622,1959,160864699,160926082,False,1
60827,2623,3536,160926083,160987460,False,1
60853,2624,1309,160987461,161048853,False,1
60879,2625,1681,161048854,161110175,False,1
60895,2626,2980,161110176,161171530,False,1
60918,2627,4013,161171531,161232945,True,12
60931,2628,3274,161232946,161294371,False,1
60949,2629,4029,161294372,161355726,True,11
60972,2630,813,161355727,161417151,False,1
60986,2631,2293,161417152,161478548,False,1
61013,2632,4023,161478549,161539894,True,12
61028,2633,1775,161539895,161601236,False,1
61054,2634,572,161601237,161662632,False,1
61071,2635,3372,161662633,161724007,False,1
61089,2636,4002,161724008,161785418,True,10
61115,2637,4031,161785419,161846768,True,12
61135,2638,4010,161846769,161908148,True,10
61152,2639,1952,161908149,161969527,False,1
61173,2640,4037,161969528,162030967,True,10
61199,2641,2674,162030968,162092374,False,1
61219,2642,1115,162092375,162153757,False,1
61241,2643,2635,162153758,162215123,False,1
61263,2644,44,162215124,162276477,False,1
61287,2645,4016,162276478,162337905,True,13
61308,2646,2067,162337906,162399281,False,1
61323,2647,2861,162399282,162460651,False,1
61346,2648,4030,162460652,162522029,True,11
61374,2649,611,162522030,162583339,False,1
61397,2650,381,162583340,162644746,False,1
61411,2651,615,162644747,162706134,False,1
61432,2652,4047,162706135,162767535,True,13
61454,2653,3363,162767536,162828899,False,1
61472,2654,3702,162828900,162890308,False,1
61498,2655,3370,162890309,162951721,False,1
61518,2656,2204,162951722,163013112,False,1
61537,2657,3983,163013113,163074462,False,1
61555,2658,84,163074463,163135892,False,1
61581,2659,1662,163135893,163197299,False,1
61607,2660,1792,163197300,163258668,False,1
61645,2661,1137,163258669,163319993,False,1
61663,2662,168,163319994,163381296,False,1
61688,2663,2493,163381297,163442717,False,1
61715,2664,1988,163442718,163504144,False,1
61742,2665,235,163504145,163565525,False,1
61766,2666,4007,163565526,163626950,True,11
61785,2667,2883,163626951,163688359,False,1
61804,2668,932,163688360,163749776,False,1
61818,2669,4013,163749777,163811116,True,13
61831,2670,4026,163811117,163872500,True,12
61853,2671,1679,163872501,163933837,False,1
61877,2672,3379,163933838,163995215,False,1
61909,2673,4021,163995216,164056484,True,10
61931,2674,2216,164056485,164117838,False,1
61946,2675,1917,164117839,164179203,False,1
61962,2676,3120,164179204,164240528,False,1
61988,2677,4038,164240529,164301836,True,10
62010,2678,4023,164301837,164363167,True,13
62025,2679,786,164363168,164424445,False,1
62050,2680,4044,164424446,164485878,True,11
62077,2681,1491,164485879,164547254,False,1
62109,2682,3598,164547255,164608657,False,1
62136,2683,2336,164608658,164670073,False,1
62164,2684,1546,164670074,164731429,False,1
62188,2685,1219,164731430,164792855,False,1
62205,2686,3015,164792856,164854281,False,1
62224,2687,2202,164854282,164915663,False,1
62249,2688,4028,164915664,164977038,True,13
62273,2689,2689,164977039,165038445,False,1
62309,2690,3704,165038446,165099831,False,1
62329,2691,1997,165099832,165161130,False,1
62352,2692,2289,165161131,165222457,False,1
62377,2693,2704,165222458,165283875,False,1
62397,2694,2131,165283876,165345251,False,1
62423,2695,4013,165345252,165406648,True,14
62436,2696,3458,165406649,165468015,False,1
62456,2697,889,165468016,165529399,False,1
62482,2698,4021,165529400,165590805,True,11
62504,2699,1358,165590806,165652073,False,1
62539,2700,4027,165652074,165713475,True,11
62563,2701,4004,165713476,165774826,True,11
62586,2702,4036,165774827,165836206,True,14
62608,2703,25,165836207,165897524,False,1
62638,2704,1514,165897525,165958799,False,1
62666,2705,2272,165958800,166020241,False,1
62702,2706,2238,166020242,166081562,False,1
62720,2707,2181,166081563,166142959,False,1
62749,2708,3642,166142960,166204289,False,1
62769,2709,320,166204290,166265732,False,1
62794,2710,2608,166265733,166327097,False,1
62823,2711,3729,166327098,166388421,False,1
62844,2712,765,166388422,166449862,False,1
62859,2713,2360,166449863,166511209,False,1
62884,2714,1763,166511210,166572585,False,1
62910,2715,783,166572586,166634003,False,1
62936,2716,358,166634004,166695371,False,1
62964,2717,569,166695372,166756723,False,1
62981,2718,4025,166756724,166818132,True,6
63003,2719,3195,166818133,166879470,False,1
63040,2720,714,166879471,166940801,False,1
63073,2721,4037,166940802,167002180,True,11
63099,2722,1324,167002181,167063505,False,1
63126,2723,3194,167063506,167124904,False,1
63162,2724,2310,167124905,167186154,False,1
63179,2725,464,167186155,167247382,False,1
63202,2726,2880,167247383,167308641,False,1
63227,2727,216,167308642,167369976,False,1
63255,2728,1650,167369977,167431333,False,1
63292,2729,4002,167431334,167492657,True,11
63318,2730,3273,167492658,167553994,False,1
63336,2731,375,167553995,167615274,False,1
63356,2732,282,167615275,167676669,False,1
63373,2733,3366,167676670,167737964,False,1
63403,2734,1555,167737965,167799341,False,1
63426,2735,4028,167799342,167860744,True,14
63450,2736,3756,167860745,167922103,False,1
63478,2737,4039,167922104,167983434,True,11
63501,2738,734,167983435,168044850,False,1
63525,2739,4034,168044851,168106236,True,11
63549,2740,4008,168106237,168167638,True,8
63571,2741,1785,168167639,168229027,False,1
63599,2742,744,168229028,168290421,False,1
63627,2743,4049,168290422,168351835,True,13
63645,2744,1140,168351836,168413170,False,1
63666,2745,4033,168413171,168474571,True,8
63687,2746,1588,168474572,168535935,False,1
63724,2747,2340,168535936,168597290,False,1
63753,2748,3169,168597291,168658680,False,1
63776,2749,1545,168658681,168720069,False,1
63803,2750,4046,168720070,168781405,True,12
63820,2751,2744,168781406,168842779,False,1
63838,2752,4008,168842780,168904180,True,9
63860,2753,848,168904181,168965486,False,1
63881,2754,3845,168965487,169026885,False,1
63903,2755,1636,169026886,169088167,False,1
63934,2756,2013,169088168,169149495,False,1
63961,2757,2252,169149496,169210881,False,1
63993,2758,3783,169210882,169272252,False,1
64013,2759,725,169272253,169333680,False,1
64043,2760,405,169333681,169395030,False,1
64069,2761,2051,169395031,169456456,False,1
64090,2762,832,169456457,169517861,False,1
64119,2763,4003,169517862,169579203,True,14
64137,2764,4022,169579204,169640568,True,13
64162,2765,887,169640569,169701921,False,1
64189,2766,2294,169701922,169763286,False,1
64212,2767,4011,169763287,169824653,True,8
64234,2768,4002,169824654,169886036,True,12
64260,2769,2544,169886037,169947394,False,1
64282,2770,4010,169947395,170008771,True,11
64299,2771,74,170008772,170070128,False,1
64317,2772,2028,170070129,170131398,False,1
64346,2773,766,170131399,170192766,False,1
64370,2774,198,170192767,170254084,False,1
64392,2775,2891,170254085,170315470,False,1
64422,2776,267,170315471,170376803,False,1
64443,2777,1486,170376804,170438186,False,1
64463,2778,1257,170438187,170499456,False,1
64491,2779,3837,170499457,170560896,False,1
64514,2780,1356,170560897,170622284,False,1
64532,2781,2596,170622285,170683671,False,1
64555,2782,1978,170683672,170745010,False,1
64584,2783,1259,170745011,170806439,False,1
64626,2784,3682,170806440,170867837,False,1
64655,2785,1124,170867838,170929221,False,1
64685,2786,2442,170929222,170990582,False,1
64716,2787,2688,170990583,171051943,False,1
64739,2788,2549,171051944,171113236,False,1
64756,2789,4033,171113237,171174463,True,9
64777,2790,822,171174464,171235870,False,1
64795,2791,3290,171235871,171297142,False,1
64822,2792,2341,171297143,171358502,False,1
64847,2793,925,171358503,171419888,False,1
64869,2794,1098,171419889,171481291,False,1
64893,2795,4040,171481292,171542591,True,9
64918,2796,781,171542592,171603989,False,1
64952,2797,2791,171603990,171665275,False,1
64983,2798,120,171665276,171726673,False,1
65003,2799,1507,171726674,171788421,False,1
65033,2800,3779,171788422,171849695,False,1
65050,2801,2135,171849696,171910911,False,1
65073,2802,1213,171910912,171972141,False,1
65096,2803,4009,171972142,172033516,True,11
65116,2804,4048,172033517,172094854,True,13
65143,2805,2280,172094855,172156206,False,1
65163,2806,3242,172156207,172217478,False,1
65180,2807,3248,172217479,172278760,False,1
65195,2808,3121,172278761,172340100,False,1
65224,2809,2585,172340101,172401486,False,1
65242,2810,314,172401487,172462899,False,1
65264,2811,731,172462900,172524268,False,1
65285,2812,2902,172524269,172585578,False,1
65328,2813,4033,172585579,172646866,True,10
65349,2814,3789,172646867,172708133,False,1
65375,2815,404,172708134,172769473,False,1
65393,2816,4006,172769474,172830870,True,11
65413,2817,1155,172830871,172892245,False,1
65442,2818,3726,172892246,172953544,False,1
65467,2819,4001,172953545,173014810,True,11
65507,2820,2696,173014811,173076187,False,1
65523,2821,806,173076188,173137522,False,1
65550,2822,4021,173137523,173198893,True,12
65572,2823,1263,173198894,173260260,False,1
65595,2824,1695,173260261,173321662,False,1
65620,2825,3709,173321663,173383018,False,1
65652,2826,4022,173383019,173444307,True,14
65677,2827,3958,173444308,173505734,False,1
65696,2828,1815,173505735,173567174,False,1
65718,2829,2178,173567175,173628577,False,1
65735,2830,4024,173628578,173689880,True,8
65765,2831,4043,173689881,173751288,True,12
65779,2832,1076,173751289,173812655,False,1
65802,2833,4028,173812656,173874034,True,15
65826,2834,2867,173874035,173935318,False,1
65854,2835,4012,173935319,173996648,True,10
65877,2836,2219,173996649,174058032,False,1
65900,2837,459,174058033,174119406,False,1
65922,2838,3318,174119407,174180723,False,1
65944,2839,2063,174180724,174242050,False,1
65969,2840,3561,174242051,174303438,False,1
65989,2841,1851,174303439,174364757,False,1
66007,2842,357,174364758,174426061,False,1
66030,2843,4025,174426062,174487387,True,7
66052,2844,3213,174487388,174548783,False,1
66077,2845,3389,174548784,174610084,False,1
66105,2846,83,174610085,174671400,False,1
66130,2847,2193,174671401,174732745,False,1
66161,2848,1730,174732746,174794076,False,1
66180,2849,523,174794077,174855500,False,1
66199,2850,3234,174855501,174916748,False,1
66227,2851,1359,174916749,174978175,False,1
66247,2852,2961,174978176,175039529,False,1
66266,2853,1000,175039530,175100941,False,1
66295,2854,4031,175100942,175162305,True,13
66315,2855,3607,175162306,175223636,False,1
66334,2856,3985,175223637,175284936,False,1
66364,2857,1808,175284937,175346250,False,1
66397,2858,1909,175346251,175407625,False,1
66419,2859,2854,175407626,175469035,False,1
66445,2860,3095,175469036,175530422,False,1
66463,2861,4042,175530423,175591836,True,13
66489,2862,1016,175591837,175653237,False,1
66513,2863,4046,175653238,175714643,True,13
66530,2864,3548,175714644,175776019,False,1
66550,2865,4004,175776020,175837382,True,12
66573,2866,4038,175837383,175898710,True,11
66595,2867,3198,175898711,175960035,False,1
66618,2868,4029,175960036,176021374,True,12
66641,2869,38,176021375,176082661,False,1
66659,2870,1095,176082662,176143924,False,1
66686,2871,3529,176143925,176205315,False,1
66706,2872,700,176205316,176266581,False,1
66720,2873,61,176266582,176327980,False,1
66748,2874,1008,176327981,176389406,False,1
66771,2875,29,176389407,176450816,False,1
66789,2876,16,176450817,176512130,False,1
66811,2877,3525,176512131,176573511,False,1
66842,2878,3535,176573512,176634675,False,1
66860,2879,1069,176634676,176695987,False,1
66890,2880,683,176695988,176757335,False,1
66918,2881,1847,176757336,176818698,False,1
66948,2882,1878,176818699,176880012,False,1
66967,2883,4013,176880013,176941408,True,15
66980,2884,1876,176941409,177002814,False,1
66997,2885,4004,177002815,177064237,True,13
67020,2886,429,177064238,177125608,False,1
67045,2887,3038,177125609,177186998,False,1
67068,2888,3438,177186999,177248357,False,1
67091,2889,4020,177248358,177309774,True,9
67112,2890,4017,177309775,177371164,True,10
67134,2891,1609,177371165,177432562,False,1
67155,2892,1199,177432563,177493941,False,1
67173,2893,4027,177493942,177555319,True,12
67197,2894,4025,177555320,177616709,True,8
67219,2895,241,177616710,177678024,False,1
67246,2896,4028,177678025,177739406,True,16
67270,2897,2322,177739407,177800727,False,1
67290,2898,3773,177800728,177862053,False,1
67313,2899,2629,177862054,177923450,False,1
67335,2900,2660,177923451,177984795,False,1
67366,2901,4034,177984796,178046165,True,12
67390,2902,2958,178046166,178107554,False,1
67410,2903,4043,178107555,178168953,True,13
67424,2904,3970,178168954,178230357,False,1
67447,2905,1144,178230358,178291784,False,1
67466,2906,2984,178291785,178353193,False,1
67494,2907,3179,178353194,178414506,False,1
67529,2908,2259,178414507,178475879,False,1
67551,2909,3138,178475880,178537162,False,1
67570,2910,4011,178537163,178598498,True,9
67592,2911,2228,178598499,178659861,False,1
67619,2912,4014,178659862,178721187,True,10
67641,2913,4024,178721188,178782462,True,9
67671,2914,4009,178782463,178843799,True,12
67691,2915,4003,178843800,178905170,True,15
67709,2916,4011,178905171,178966513,True,10
67731,2917,1103,178966514,179027856,False,1
67759,2918,851,179027857,179089165,False,1
67784,2919,4025,179089166,179150500,True,9
67806,2920,3142,179150501,179211726,False,1
67829,2921,510,179211727,179273107,False,1
67847,2922,3473,179273108,179334437,False,1
67866,2923,3008,179334438,179395855,False,1
67890,2924,2871,179395856,179457116,False,1
67909,2925,4008,179457117,179518536,True,10
67931,2926,86,179518537,179579908,False,1
67962,2927,2796,179579909,179641190,False,1
67983,2928,1911,179641191,179702575,False,1
68002,2929,1596,179702576,179763944,False,1
68025,2930,1829,179763945,179825205,False,1
68048,2931,3874,179825206,179886599,False,1
68071,2932,3094,179886600,179947936,False,1
68094,2933,4008,179947937,180009318,True,11
68116,2934,101,180009319,180070693,False,1
68142,2935,1323,180070694,180131970,False,1
68168,2936,1032,180131971,180193214,False,1
68193,2937,3836,180193215,180254586,False,1
68213,2938,2039,180254587,180315971,False,1
68240,2939,673,180315972,180377260,False,1
68264,2940,1834,180377261,180438648,False,1
68289,2941,2895,180438649,180499923,False,1
68313,2942,3328,180499924,180561266,False,1
68342,2943,2698,180561267,180622707,False,1
68358,2944,2919,180622708,180684018,False,1
68378,2945,231,180684019,180745323,False,1
68409,2946,1824,180745324,180806693,False,1
68431,2947,1449,180806694,180868077,False,1
68450,2948,2752,180868078,180929347,False,1
68485,2949,3140,180929348,180990671,False,1
68509,2950,1589,180990672,181052033,False,1
68528,2951,1516,181052034,181113371,False,1
68555,2952,4036,181113372,181174687,True,15
68577,2953,3060,181174688,181236075,False,1
68610,2954,89,181236076,181297352,False,1
68632,2955,502,181297353,181358657,False,1
68659,2956,1521,181358658,181420070,False,1
68684,2957,2974,181420071,181481446,False,1
68706,2958,540,181481447,181542795,False,1
68732,2959,1360,181542796,181604115,False,1
68764,2960,2530,181604116,181665541,False,1
68782,2961,1282,181665542,181726917,False,1
68806,2962,1956,181726918,181788308,False,1
68824,2963,1243,181788309,181849701,False,1
68846,2964,2350,181849702,181911091,False,1
68862,2965,4027,181911092,181972466,True,13
68886,2966,2075,181972467,182033896,False,1
68904,2967,1830,182033897,182095273,False,1
68926,2968,1542,182095274,182156696,False,1
68945,2969,2137,182156697,182217973,False,1
68971,2970,3614,182217974,182279309,False,1
68999,2971,3425,182279310,182340625,False,1
69023,2972,4002,182340626,182401996,True,13
69049,2973,4006,182401997,182463296,True,12
69069,2974,447,182463297,182524644,False,1
69091,2975,4010,182524645,182585936,True,12
69108,2976,885,182585937,182647332,False,1
69132,2977,4025,182647333,182708639,True,10
69154,2978,1720,182708640,182769960,False,1
69174,2979,317,182769961,182831355,False,1
69198,2980,3373,182831356,182892703,False,1
69215,2981,517,182892704,182953924,False,1
69238,2982,1454,182953925,183015329,False,1
69261,2983,619,183015330,183076684,False,1
69287,2984,3093,183076685,183138010,False,1
69326,2985,319,183138011,183199326,False,1
69341,2986,3818,183199327,183260668,False,1
69366,2987,4044,183260669,183322050,True,12
69393,2988,1388,183322051,183383436,False,1
69409,2989,1411,183383437,183444861,False,1
69430,2990,3620,183444862,183506253,False,1
69451,2991,2685,183506254,183567679,False,1
69475,2992,3929,183567680,183629026,False,1
69490,2993,547,183629027,183690358,False,1
69511,2994,2894,183690359,183751705,False,1
69539,2995,1494,183751706,183813078,False,1
69556,2996,2666,183813079,183874456,False,1
69584,2997,590,183874457,183935882,False,1
69613,2998,2993,183935883,183997260,False,1
69637,2999,219,183997261,184059081,False,1
69659,3000,3596,184059082,184120404,False,1
69681,3001,4040,184120405,184181774,True,10
69706,3002,3884,184181775,184243176,False,1
69724,3003,1444,184243177,184304617,False,1
69749,3004,4030,184304618,184366022,True,12
69777,3005,1187,184366023,184427454,False,1
69806,3006,2969,184427455,184488867,False,1
69831,3007,627,184488868,184550242,False,1
69847,3008,1766,184550243,184611577,False,1
69868,3009,890,184611578,184673032,False,1
69899,3010,3439,184673033,184734372,False,1
69918,3011,1250,184734373,184795788,False,1
69938,3012,3780,184795789,184857135,False,1
69958,3013,3814,184857136,184918541,False,1
69978,3014,3255,184918542,184979948,False,1
70003,3015,2485,184979949,185041389,False,1
70021,3016,1264,185041390,185102766,False,1
70039,3017,2935,185102767,185164075,False,1
70074,3018,2426,185164076,185225453,False,1
70110,3019,296,185225454,185286809,False,1
70139,3020,1684,185286810,185348076,False,1
70172,3021,729,185348077,185409447,False,1
70203,3022,1283,185409448,185470767,False,1
70239,3023,4044,185470768,185532080,True,13
70266,3024,1483,185532081,185593407,False,1
70288,3025,1611,185593408,185654849,False,1
70305,3026,2780,185654850,185716248,False,1
70328,3027,484,185716249,185777674,False,1
70349,3028,4012,185777675,185839054,True,11
70372,3029,1086,185839055,185900406,False,1
70393,3030,3521,185900407,185961765,False,1
70415,3031,3196,185961766,186023141,False,1
70429,3032,1656,186023142,186084543,False,1
70451,3033,1125,186084544,186145860,False,1
70478,3034,3187,186145861,186207160,False,1
70495,3035,3088,186207161,186268526,False,1
70521,3036,2274,186268527,186329939,False,1
70539,3037,1333,186329940,186391352,False,1
70562,3038,417,186391353,186452658,False,1
70588,3039,82,186452659,186514001,False,1
70613,3040,1677,186514002,186575385,False,1
70641,3041,2676,186575386,186636722,False,1
70667,3042,2035,186636723,186698056,False,1
70694,3043,4025,186698057,186759426,True,11
70716,3044,4019,186759427,186820804,True,12
70739,3045,847,186820805,186882175,False,1
70757,3046,2639,186882176,186943521,False,1
70782,3047,3569,186943522,187004904,False,1
70800,3048,2946,187004905,187066275,False,1
70828,3049,1698,187066276,187127636,False,1
70848,3050,1620,187127637,187188975,False,1
70877,3051,1435,187188976,187250354,False,1
70892,3052,3330,187250355,187311769,False,1
70919,3053,733,187311770,187373194,False,1
70940,3054,3567,187373195,187434546,False,1
70967,3055,3204,187434547,187495920,False,1
70990,3056,2413,187495921,187557328,False,1
71019,3057,1907,187557329,187618663,False,1
71051,3058,4017,187618664,187680002,True,11
71073,3059,1801,187680003,187741413,False,1
71093,3060,1269,187741414,187802746,False,1
71114,3061,3024,187802747,187864086,False,1
71136,3062,4020,187864087,187925422,True,10
71157,3063,1109,187925423,187986713,False,1
71187,3064,3497,187986714,188048031,False,1
71206,3065,2103,188048032,188109341,False,1
71239,3066,1192,188109342,188170690,False,1
71264,3067,2591,188170691,188232005,False,1
71300,3068,2545,188232006,188293342,False,1
71319,3069,836,188293343,188354686,False,1
71346,3070,2061,188354687,188416028,False,1
71370,3071,4020,188416029,188477425,True,11
71391,3072,995,188477426,188538805,False,1
71413,3073,2824,188538806,188600139,False,1
71433,3074,21,188600140,188661535,False,1
71453,3075,2746,188661536,188722942,False,1
71466,3076,109,188722943,188784320,False,1
71491,3077,2941,188784321,188845708,False,1
71510,3078,2172,188845709,188907121,False,1
71524,3079,3117,188907122,188968476,False,1
71549,3080,2265,188968477,189029818,False,1
71574,3081,1923,189029819,189091085,False,1
71599,3082,3061,189091086,189152426,False,1
71631,3083,1174,189152427,189213794,False,1
71650,3084,1361,189213795,189275183,False,1
71676,3085,3164,189275184,189336549,False,1
71690,3086,1384,189336550,189397905,False,1
71716,3087,2925,189397906,189459246,False,1
71737,3088,2089,189459247,189520635,False,1
71762,3089,398,189520636,189582015,False,1
71790,3090,1484,189582016,189643372,False,1
71814,3091,1122,189643373,189704766,False,1
71836,3092,594,189704767,189766158,False,1
71860,3093,1567,189766159,189827481,False,1
71899,3094,363,189827482,189888839,False,1
71929,3095,3451,189888840,189950144,False,1
71949,3096,1600,189950145,190011389,False,1
71970,3097,4045,190011390,190072744,True,16
71986,3098,1764,190072745,190134155,False,1
72004,3099,791,190134156,190195472,False,1
72025,3100,1602,190195473,190256764,False,1
72045,3101,4032,190256765,190318166,True,10
72081,3102,1425,190318167,190379470,False,1
72119,3103,2220,190379471,190440856,False,1
72148,3104,1241,190440857,190502261,False,1
72179,3105,2582,190502262,190563686,False,1
72199,3106,1015,190563687,190625078,False,1
72214,3107,4031,190625079,190686444,True,14
72234,3108,4028,190686445,190747779,True,17
72258,3109,206,190747780,190809222,False,1
72288,3110,1692,190809223,190870510,False,1
72308,3111,226,190870511,190931905,False,1
72341,3112,2665,190931906,190993296,False,1
72358,3113,234,190993297,191054722,False,1
72378,3114,705,191054723,191116097,False,1
72397,3115,1316,191116098,191177491,False,1
72414,3116,2877,191177492,191238897,False,1
72431,3117,1367,191238898,191300244,False,1
72447,3118,4012,191300245,191361630,True,12
72470,3119,333,191361631,191423020,False,1
72483,3120,1673,191423021,191484338,False,1
72510,3121,4050,191484339,191545763,True,11
72526,3122,205,191545764,191607133,False,1
72552,3123,2776,191607134,191668501,False,1
72573,3124,3863,191668502,191729765,False,1
72592,3125,760,191729766,191791176,False,1
72610,3126,1869,191791177,191852461,False,1
72636,3127,933,191852462,191913808,False,1
72659,3128,2547,191913809,191975238,False,1
72677,3129,2363,191975239,192036542,False,1
72696,3130,4015,192036543,192097941,True,12
72718,3131,3722,192097942,192159337,False,1
72736,3132,2348,192159338,192220642,False,1
72763,3133,4043,192220643,192282071,True,14
72777,3134,2334,192282072,192343392,False,1
72800,3135,4037,192343393,192404789,True,12
72826,3136,3678,192404790,192466162,False,1
72852,3137,4022,192466163,192527501,True,15
72877,3138,18,192527502,192588883,False,1
72895,3139,1499,192588884,192650168,False,1
72917,3140,3961,192650169,192711533,False,1
72950,3141,1674,192711534,192772971,False,1
72968,3142,4040,192772972,192834303,True,11
72993,3143,4035,192834304,192895639,True,13
73016,3144,4045,192895640,192957004,True,17
73032,3145,2934,192957005,193018405,False,1
73061,3146,432,193018406,193079738,False,1
73076,3147,4012,193079739,193141129,True,13
73099,3148,145,193141130,193202527,False,1
73117,3149,1974,193202528,193263780,False,1
73143,3150,3112,193263781,193325127,False,1
73166,3151,4038,193325128,193386463,True,12
73188,3152,2967,193386464,193447816,False,1
73217,3153,1080,193447817,193509214,False,1
73249,3154,4017,193509215,193570577,True,12
73271,3155,3111,193570578,193631953,False,1
73294,3156,1759,193631954,193693356,False,1
73319,3157,391,193693357,193754739,False,1
73343,3158,158,193754740,193816051,False,1
73362,3159,3940,193816052,193877420,False,1
73380,3160,948,193877421,193938849,False,1
73405,3161,1218,193938850,194000246,False,1
73436,3162,3165,194000247,194061594,False,1
73453,3163,830,194061595,194123018,False,1
73481,3164,1039,194123019,194184444,False,1
73499,3165,3220,194184445,194245841,False,1
73529,3166,410,194245842,194307233,False,1
73548,3167,3257,194307234,194368492,False,1
73575,3168,1217,194368493,194429781,False,1
73599,3169,1637,194429782,194491106,False,1
73625,3170,2361,194491107,194552483,False,1
73646,3171,3626,194552484,194613908,False,1
73670,3172,3966,194613909,194675285,False,1
73694,3173,1339,194675286,194736667,False,1
73730,3174,259,194736668,194798006,False,1
73747,3175,424,194798007,194859350,False,1
73765,3176,1903,194859351,194920639,False,1
73787,3177,3908,194920640,194982035,False,1
73810,3178,909,194982036,195043334,False,1
73833,3179,3834,195043335,195104760,False,1
73856,3180,4030,195104761,195166072,True,13
73884,3181,4006,195166073,195227416,True,13
73904,3182,4025,195227417,195288826,True,12
73926,3183,102,195288827,195350192,False,1
73945,3184,903,195350193,195411527,False,1
73968,3185,811,195411528,195472899,False,1
73984,3186,2633,195472900,195534209,False,1
74003,3187,2773,195534210,195595606,False,1
74021,3188,4041,195595607,195656939,True,15
74044,3189,2887,195656940,195718275,False,1
74067,3190,2918,195718276,195779676,False,1
74099,3191,4026,195779677,195841083,True,13
74121,3192,1114,195841084,195902449,False,1
74138,3193,3634,195902450,195963811,False,1
74160,3194,4018,195963812,196025217,True,10
74183,3195,2374,196025218,196086611,False,1
74201,3196,1628,196086612,196147997,False,1
74225,3197,4036,196147998,196209393,True,16
74247,3198,644,196209394,196270648,False,1
74285,3199,2141,196270649,196332026,False,1
74302,3200,4024,196332027,196393353,True,10
74332,3201,2738,196393354,196454695,False,1
74350,3202,3341,196454696,196516034,False,1
74379,3203,1739,196516035,196577363,False,1
74405,3204,3734,196577364,196638718,False,1
74426,3205,195,196638719,196700127,False,1
74445,3206,2584,196700128,196761406,False,1
74466,3207,1646,196761407,196822731,False,1
74480,3208,4005,196822732,196884110,True,13
74497,3209,625,196884111,196945444,False,1
74517,3210,2128,196945445,197006830,False,1
74536,3211,942,197006831,197068200,False,1
74553,3212,1539,197068201,197129536,False,1
74584,3213,3720,197129537,197190956,False,1
74600,3214,370,197190957,197252335,False,1
74629,3215,2283,197252336,197313699,False,1
74647,3216,2882,197313700,197375110,False,1
74664,3217,2412,197375111,197436456,False,1
74696,3218,2235,197436457,197497884,False,1
74714,3219,3240,197497885,197559292,False,1
74735,3220,4001,197559293,197620706,True,12
74775,3221,3462,197620707,197682086,False,1
74797,3222,355,197682087,197743453,False,1
74823,3223,1193,197743454,197804849,False,1
74847,3224,4050,197804850,197866200,True,12
74863,3225,704,197866201,197927588,False,1
74880,3226,3201,197927589,197988939,False,1
74896,3227,3896,197988940,198050338,False,1
74924,3228,3322,198050339,198111754,False,1
74938,3229,1416,198111755,198173119,False,1
74952,3230,4033,198173120,198234507,True,11
74973,3231,1776,198234508,198295834,False,1
74993,3232,4026,198295835,198357098,True,14
75015,3233,1846,198357099,198418374,False,1
75035,3234,4044,198418375,198479719,True,14
75062,3235,904,198479720,198541072,False,1
75084,3236,3176,198541073,198602420,False,1
75106,3237,3157,198602421,198663800,False,1
75127,3238,2577,198663801,198725169,False,1
75147,3239,516,198725170,198786545,False,1
75167,3240,2841,198786546,198847942,False,1
75186,3241,4044,198847943,198909355,True,15
75213,3242,4011,198909356,198970709,True,11
75235,3243,2136,198970710,199032027,False,1
75265,3244,3994,199032028,199093458,False,1
75281,3245,2371,199093459,199154854,False,1
75305,3246,717,199154855,199216184,False,1
75329,3247,1156,199216185,199277456,False,1
75351,3248,3149,199277457,199338717,False,1
75381,3249,2248,199338718,199400146,False,1
75399,3250,448,199400147,199461467,False,1
75424,3251,367,199461468,199522826,False,1
75445,3252,537,199522827,199584117,False,1
75474,3253,519,199584118,199645487,False,1
75508,3254,4018,199645488,199706815,True,11
75531,3255,3608,199706816,199768212,False,1
75547,3256,1693,199768213,199829538,False,1
75571,3257,4004,199829539,199890866,True,14
75594,3258,4020,199890867,199952150,True,12
75615,3259,4012,199952151,200013547,True,14
75638,3260,1476,200013548,200074912,False,1
75661,3261,182,200074913,200136237,False,1
75688,3262,4033,200136238,200197549,True,12
75709,3263,287,200197550,200258885,False,1
75730,3264,4014,200258886,200320234,True,11
75752,3265,1149,200320235,200381598,False,1
75776,3266,2848,200381599,200442951,False,1
75796,3267,2208,200442952,200504303,False,1
75823,3268,2505,200504304,200565725,False,1
75854,3269,788,200565726,200627105,False,1
75878,3270,3471,200627106,200688444,False,1
75898,3271,3667,200688445,200749819,False,1
75922,3272,4038,200749820,200811180,True,13
75944,3273,3351,200811181,200872537,False,1
75965,3274,2927,200872538,200933931,False,1
75984,3275,4041,200933932,200995339,True,16
76007,3276,986,200995340,201056730,False,1
76027,3277,4043,201056731,201118145,True,15
76041,3278,3098,201118146,201179469,False,1
76066,3279,2840,201179470,201240870,False,1
76090,3280,479,201240871,201302298,False,1
76104,3281,3732,201302299,201363705,False,1
76124,3282,435,201363706,201425051,False,1
76151,3283,4024,201425052,201486460,True,11
76181,3284,2701,201486461,201547885,False,1
76197,3285,3616,201547886,201609280,False,1
76214,3286,1327,201609281,201670687,False,1
76234,3287,2113,201670688,201732009,False,1
76267,3288,4017,201732010,201793317,True,13
76289,3289,4006,201793318,201854653,True,14
76309,3290,2830,201854654,201915996,False,1
76340,3291,2021,201915997,201977393,False,1
76363,3292,4014,201977394,202038820,True,12
76385,3293,1913,202038821,202100171,False,1
76409,3294,1955,202100172,202161561,False,1
76436,3295,4031,202161562,202222908,True,15
76456,3296,3636,202222909,202284179,False,1
76471,3297,2120,202284180,202345545,False,1
76496,3298,4050,202345546,202406884,True,13
76512,3299,4023,202406885,202468282,True,14
76527,3300,4050,202468283,202529687,True,14
76543,3301,2440,202529688,202591055,False,1
76572,3302,135,202591056,202652469,False,1
76588,3303,470,202652470,202713845,False,1
76614,3304,2453,202713846,202775261,False,1
76645,3305,4010,202775262,202836616,True,13
76662,3306,113,202836617,202897991,False,1
76681,3307,230,202897992,202959334,False,1
76703,3308,2979,202959335,203020718,False,1
76730,3309,1842,203020719,203082082,False,1
76749,3310,4025,203082083,203143432,True,13
76771,3311,1215,203143433,203204861,False,1
76799,3312,117,203204862,203266190,False,1
76826,3313,3105,203266191,203327580,False,1
76851,3314,769,203327581,203388853,False,1
76877,3315,555,203388854,203450162,False,1
76905,3316,1655,203450163,203511497,False,1
76927,3317,4018,203511498,203572893,True,12
76950,3318,1513,203572894,203634277,False,1
76975,3319,1415,203634278,203695659,False,1
76998,3320,3459,203695660,203756962,False,1
77024,3321,1393,203756963,203818329,False,1
77040,3322,4032,203818330,203879698,True,11
77076,3323,878,203879699,203941071,False,1
77095,3324,2217,203941072,204002414,False,1
77119,3325,3043,204002415,204063810,False,1
77148,3326,2594,204063811,204125158,False,1
77178,3327,3670,204125159,204186431,False,1
77201,3328,4023,204186432,204247802,True,15
77216,3329,3000,204247803,204309244,False,1
77242,3330,972,204309245,204370651,False,1
77267,3331,4012,204370652,204431981,True,15
77290,3332,3955,204431982,204493404,False,1
77312,3333,936,204493405,204554829,False,1
77338,3334,4045,204554830,204616122,True,18
77354,3335,2246,204616123,204677483,False,1
77374,3336,985,204677484,204738880,False,1
77398,3337,2772,204738881,204800238,False,1
77425,3338,645,204800239,204861590,False,1
77460,3339,3838,204861591,204923018,False,1
77489,3340,309,204923019,204984413,False,1
77509,3341,2250,204984414,205045823,False,1
77544,3342,1606,205045824,205107235,False,1
77581,3343,943,205107236,205168589,False,1
77597,3344,931,205168590,205230000,False,1
77623,3345,1543,205230001,205291366,False,1
77646,3346,4015,205291367,205352721,True,13
77668,3347,2909,205352722,205414122,False,1
77690,3348,2117,205414123,205475444,False,1
77719,3349,3651,205475445,205536839,False,1
77740,3350,2253,205536840,205598236,False,1
77756,3351,33,205598237,205659669,False,1
77776,3352,153,205659670,205721052,False,1
77796,3353,4007,205721053,205782392,True,12
77815,3354,3768,205782393,205843752,False,1
77837,3355,4027,205843753,205905115,True,14
77861,3356,2080,205905116,205966502,False,1
77880,3357,4021,205966503,206027894,True,13
77902,3358,4004,206027895,206089121,True,15
77925,3359,4003,206089122,206150414,True,16
77943,3360,1688,206150415,206211836,False,1
77961,3361,30,206211837,206273175,False,1
77984,3362,85,206273176,206334582,False,1
78003,3363,1260,206334583,206396001,False,1
78026,3364,973,206396002,206457354,False,1
78049,3365,4014,206457355,206518734,True,13
78071,3366,3147,206518735,206580110,False,1
78094,3367,2574,206580111,206641350,False,1
78111,3368,1284,206641351,206702708,False,1
78140,3369,1928,206702709,206764057,False,1
78167,3370,829,206764058,206825367,False,1
78187,3371,4016,206825368,206886742,True,14
78208,3372,1579,206886743,206948099,False,1
78229,3373,4012,206948100,207009397,True,16
78252,3374,2948,207009398,207070749,False,1
78276,3375,2949,207070750,207132019,False,1
78299,3376,1700,207132020,207193441,False,1
78320,3377,4045,207193442,207254820,True,19
78336,3378,1477,207254821,207316183,False,1
78357,3379,323,207316184,207377536,False,1
78381,3380,4038,207377537,207438907,True,14
78403,3381,3269,207438908,207500332,False,1
78425,3382,4040,207500333,207561738,True,12
78450,3383,3503,207561739,207623139,False,1
78464,3384,220,207623140,207684473,False,1
78480,3385,2862,207684474,207745815,False,1
78502,3386,2686,207745816,207807167,False,1
78521,3387,824,207807168,207868523,False,1
78546,3388,2541,207868524,207929908,False,1
78567,3389,2983,207929909,207991297,False,1
78598,3390,3482,207991298,208052561,False,1
78618,3391,2101,208052562,208113956,False,1
78643,3392,2642,208113957,208175306,False,1
78661,3393,1755,208175307,208236689,False,1
78690,3394,4042,208236690,208298115,True,14
78716,3395,272,208298116,208359517,False,1
78751,3396,4030,208359518,208420870,True,14
78779,3397,4001,208420871,208482242,True,13
78819,3398,2794,208482243,208543642,False,1
78844,3399,3431,208543643,208604996,False,1
78869,3400,817,208604997,208666229,False,1
78897,3401,389,208666230,208727536,False,1
78917,3402,178,208727537,208788944,False,1
78934,3403,3812,208788945,208850250,False,1
78958,3404,860,208850251,208911623,False,1
78981,3405,671,208911624,208972943,False,1
78999,3406,826,208972944,209034338,False,1
79027,3407,2528,209034339,209095759,False,1
79050,3408,2436,209095760,209157117,False,1
79070,3409,1488,209157118,209218514,False,1
79086,3410,4007,209218515,209279915,True,13
79105,3411,1493,209279916,209341266,False,1
79129,3412,4007,209341267,209402616,True,14
79148,3413,823,209402617,209464012,False,1
79168,3414,4008,209464013,209525339,True,12
79190,3415,237,209525340,209586618,False,1
79219,3416,2515,209586619,209648017,False,1
79245,3417,157,209648018,209709353,False,1
79276,3418,3570,209709354,209770764,False,1
79298,3419,4008,209770765,209832162,True,13
79320,3420,2186,209832163,209893534,False,1
79345,3421,3748,209893535,209954951,False,1
79369,3422,3172,209954952,210016302,False,1
79383,3423,352,210016303,210077713,False,1
79405,3424,3550,210077714,210139117,False,1
79426,3425,3835,210139118,210200482,False,1
79453,3426,416,210200483,210261878,False,1
79478,3427,1617,210261879,210323255,False,1
79498,3428,508,210323256,210384629,False,1
79524,3429,2048,210384630,210446010,False,1
79545,3430,23,210446011,210507381,False,1
79570,3431,1769,210507382,210568716,False,1
79588,3432,712,210568717,210630099,False,1
79617,3433,1165,210630100,210691419,False,1
79647,3434,274,210691420,210752740,False,1
79674,3435,3541,210752741,210814032,False,1
79693,3436,4017,210814033,210875397,True,14
79715,3437,3329,210875398,210936653,False,1
79732,3438,264,210936654,210998075,False,1
79762,3439,3639,210998076,211059436,False,1
79788,3440,2392,211059437,211120747,False,1
79811,3441,2057,211120748,211181989,False,1
79835,3442,4037,211181990,211243315,True,13
79861,3443,1805,211243316,211304662,False,1
79878,3444,3971,211304663,211366033,False,1
79893,3445,3136,211366034,211427451,False,1
79917,3446,98,211427452,211488821,False,1
79935,3447,4025,211488822,211550157,True,14
79957,3448,3001,211550158,211611491,False,1
79976,3449,2737,211611492,211672873,False,1
79997,3450,3282,211672874,211734147,False,1
80019,3451,2066,211734148,211795556,False,1
80035,3452,3829,211795557,211856866,False,1
80062,3453,1018,211856867,211918100,False,1
80081,3454,2164,211918101,211979479,False,1
80111,3455,3643,211979480,212040844,False,1
80137,3456,3623,212040845,212102138,False,1
80160,3457,239,212102139,212163508,False,1
80182,3458,1244,212163509,212224842,False,1
80207,3459,3753,212224843,212286138,False,1
80228,3460,1523,212286139,212347546,False,1
80262,3461,419,212347547,212408924,False,1
80285,3462,4026,212408925,212470247,True,15
80307,3463,2859,212470248,212531627,False,1
80327,3464,2907,212531628,212592980,False,1
80354,3465,2050,212592981,212654401,False,1
80375,3466,3056,212654402,212715773,False,1
80399,3467,4025,212715774,212777193,True,15
80421,3468,4029,212777194,212838593,True,13
80444,3469,2838,212838594,212899958,False,1
80481,3470,839,212899959,212961287,False,1
80510,3471,1479,212961288,213022567,False,1
80536,3472,4015,213022568,213083946,True,14
80558,3473,1433,213083947,213145288,False,1
80578,3474,4043,213145289,213206609,True,16
80592,3475,3673,213206610,213267962,False,1
80613,3476,831,213267963,213329318,False,1
80634,3477,349,213329319,213390701,False,1
80650,3478,2054,213390702,213452102,False,1
80667,3479,1800,213452103,213513520,False,1
80698,3480,930,213513521,213574937,False,1
80732,3481,857,213574938,213636242,False,1
80763,3482,1664,213636243,213697646,False,1
80795,3483,3721,213697647,213759011,False,1
80816,3484,2778,213759012,213820403,False,1
80846,3485,4007,213820404,213881840,True,15
80865,3486,2234,213881841,213943168,False,1
80888,3487,689,213943169,214004548,False,1
80902,3488,634,214004549,214065956,False,1
80917,3489,4046,214065957,214127293,True,14
80934,3490,2236,214127294,214188718,False,1
80958,3491,3919,214188719,214250095,False,1
80978,3492,3167,214250096,214311426,False,1
81008,3493,3859,214311427,214372714,False,1
81040,3494,420,214372715,214434024,False,1
81054,3495,3258,214434025,214495405,False,1
81080,3496,2835,214495406,214556713,False,1
81103,3497,2359,214556714,214618124,False,1
81121,3498,1703,214618125,214679534,False,1
81143,3499,140,214679535,214740922,False,1
81162,3500,2300,214740923,214802328,False,1
81185,3501,1092,214802329,214863746,False,1
81205,3502,4029,214863747,214925133,True,14
81228,3503,2432,214925134,214986461,False,1
81250,3504,2000,214986462,215047794,False,1
81267,3505,4018,215047795,215109139,True,13
81290,3506,3059,215109140,215170519,False,1
81322,3507,3980,215170520,215231873,False,1
81353,3508,1668,215231874,215293268,False,1
81373,3509,457,215293269,215354651,False,1
81408,3510,4005,215354652,215416070,True,14
81425,3511,3979,215416071,215477457,False,1
81452,3512,3085,215477458,215538843,False,1
81480,3513,4032,215538844,215600205,True,12
81516,3514,3655,215600206,215661616,False,1
81540,3515,4044,215661617,215722998,True,16
81567,3516,983,215722999,215784395,False,1
81586,3517,2973,215784396,215845746,False,1
81608,3518,1400,215845747,215907056,False,1
81638,3519,2124,215907057,215968436,False,1
81669,3520,4047,215968437,216029824,True,14
81691,3521,2990,216029825,216091199,False,1
81715,3522,3669,216091200,216152607,False,1
81734,3523,3950,216152608,216213920,False,1
81749,3524,1594,216213921,216275321,False,1
81764,3525,3875,216275322,216336703,False,1
81794,3526,934,216336704,216398100,False,1
81811,3527,4034,216398101,216459465,True,13
81835,3528,3615,216459466,216520839,False,1
81859,3529,4048,216520840,216582176,True,14
81886,3530,4024,216582177,216643447,True,12
81916,3531,4024,216643448,216704753,True,13
81946,3532,1941,216704754,216766183,False,1
81964,3533,129,216766184,216827598,False,1
81997,3534,2663,216827599,216888933,False,1
82021,3535,2543,216888934,216950306,False,1
82049,3536,2309,216950307,217011681,False,1
82079,3537,795,217011682,217073053,False,1
82104,3538,1713,217073054,217134348,False,1
82127,3539,3264,217134349,217195737,False,1
82152,3540,3158,217195738,217257044,False,1
82179,3541,4001,217257045,217318355,True,14
82219,3542,515,217318356,217379690,False,1
82246,3543,4007,217379691,217441020,True,16
82265,3544,1946,217441021,217502333,False,1
82282,3545,3625,217502334,217563718,False,1
82307,3546,436,217563719,217625073,False,1
82324,3547,2160,217625074,217686383,False,1
82345,3548,4016,217686384,217747739,True,15
82366,3549,2443,217747740,217809058,False,1
82386,3550,2320,217809059,217870464,False,1
82410,3551,3769,217870465,217931834,False,1
82428,3552,1986,217931835,217993199,False,1
82456,3553,1598,217993200,218054618,False,1
82474,3554,36,218054619,218116002,False,1
82506,3555,1009,218116003,218177373,False,1
82528,3556,4010,218177374,218238622,True,14
82545,3557,55,218238623,218300006,False,1
82563,3558,64,218300007,218361429,False,1
82586,3559,2386,218361430,218422808,False,1
82607,3560,1224,218422809,218484158,False,1
82635,3561,3920,218484159,218545515,False,1
82663,3562,1342,218545516,218606824,False,1
82687,3563,3764,218606825,218668178,False,1
82706,3564,3566,218668179,218729610,False,1
82727,3565,3872,218729611,218790846,False,1
82762,3566,4040,218790847,218852153,True,13
82787,3567,2637,218852154,218913565,False,1
82813,3568,2429,218913566,218974937,False,1
82839,3569,3427,218974938,219036364,False,1
82863,3570,2279,219036365,219097782,False,1
82885,3571,1887,219097783,219159188,False,1
82904,3572,4019,219159189,219220521,True,13
82927,3573,4008,219220522,219281881,True,14
82949,3574,4048,219281882,219343273,True,15
82976,3575,2726,219343274,219404634,False,1
83009,3576,2943,219404635,219466048,False,1
83033,3577,2399,219466049,219527426,False,1
83057,3578,1631,219527427,219588794,False,1
83079,3579,4011,219588795,219650138,True,12
83101,3580,3057,219650139,219711541,False,1
83123,3581,3418,219711542,219772923,False,1
83141,3582,4031,219772924,219834324,True,16
83161,3583,1414,219834325,219895645,False,1
83182,3584,2677,219895646,219957044,False,1
83208,3585,3401,219957045,220018315,False,1
83229,3586,2107,220018316,220079707,False,1
83246,3587,1145,220079708,220141047,False,1
83268,3588,4010,220141048,220202479,True,15
83285,3589,1288,220202480,220263798,False,1
83308,3590,2125,220263799,220325226,False,1
83333,3591,3858,220325227,220386589,False,1
83357,3592,2418,220386590,220447982,False,1
83388,3593,2860,220447983,220509324,False,1
83406,3594,4029,220509325,220570727,True,15
83429,3595,4022,220570728,220632090,True,16
83454,3596,2230,220632091,220693449,False,1
83475,3597,53,220693450,220754822,False,1
83502,3598,1669,220754823,220816156,False,1
83521,3599,2667,220816157,220877433,False,1
83548,3600,104,220877434,220938850,False,1
83567,3601,2271,220938851,221000243,False,1
83585,3602,2892,221000244,221061571,False,1
83606,3603,601,221061572,221122965,False,1
83629,3604,2210,221122966,221184350,False,1
83649,3605,4048,221184351,221245696,True,16
83676,3606,4020,221245697,221307143,True,13
83697,3607,879,221307144,221368506,False,1
83718,3608,1481,221368507,221429923,False,1
83738,3609,3688,221429924,221491284,False,1
83755,3610,527,221491285,221552691,False,1
83779,3611,4021,221552692,221614025,True,14
83801,3612,955,221614026,221675358,False,1
83821,3613,1621,221675359,221736632,False,1
83841,3614,1437,221736633,221797972,False,1
83865,3615,1614,221797973,221859315,False,1
83886,3616,4044,221859316,221920624,True,17
83913,3617,112,221920625,221981948,False,1
83935,3618,4031,221981949,222043344,True,17
83955,3619,2157,222043345,222104715,False,1
83988,3620,3809,222104716,222166094,False,1
84007,3621,1195,222166095,222227520,False,1
84034,3622,1267,222227521,222288944,False,1
84061,3623,4013,222288945,222350306,True,16
84074,3624,3885,222350307,222411677,False,1
84103,3625,1049,222411678,222473058,False,1
84127,3626,2264,222473059,222534386,False,1
84151,3627,2603,222534387,222595754,False,1
84174,3628,2488,222595755,222657088,False,1
84194,3629,1280,222657089,222718300,False,1
84233,3630,4037,222718301,222779705,True,14
84259,3631,2203,222779706,222841028,False,1
84291,3632,653,222841029,222902372,False,1
84311,3633,3600,222902373,222963725,False,1
84339,3634,1610,222963726,223025027,False,1
84358,3635,1540,223025028,223086311,False,1
84377,3636,2182,223086312,223147658,False,1
84404,3637,4047,223147659,223209083,True,15
84426,3638,1976,223209084,223270509,False,1
84452,3639,1924,223270510,223331912,False,1
84475,3640,4018,223331913,223393307,True,14
84498,3641,1630,223393308,223454678,False,1
84530,3642,521,223454679,223516083,False,1
84549,3643,4050,223516084,223577456,True,15
84565,3644,1374,223577457,223638832,False,1
84587,3645,4005,223638833,223700204,True,15
84604,3646,1932,223700205,223761588,False,1
84627,3647,694,223761589,223822974,False,1
84651,3648,2965,223822975,223884415,False,1
84669,3649,3358,223884416,223945802,False,1
84700,3650,4002,223945803,224007117,True,14
84726,3651,2004,224007118,224068562,False,1
84749,3652,4027,224068563,224129924,True,15
84773,3653,4029,224129925,224191280,True,16
84796,3654,2578,224191281,224252656,False,1
84816,3655,2814,224252657,224314068,False,1
84841,3656,3974,224314069,224375466,False,1
84861,3657,3118,224375467,224436826,False,1
84895,3658,4050,224436827,224498164,True,16
84911,3659,641,224498165,224559508,False,1
84925,3660,3516,224559509,224620814,False,1
84948,3661,4033,224620815,224682162,True,13
84969,3662,1182,224682163,224743569,False,1
84997,3663,2694,224743570,224804879,False,1
85024,3664,3173,224804880,224866212,False,1
85044,3665,3565,224866213,224927588,False,1
85077,3666,2992,224927589,224988884,False,1
85108,3667,236,224988885,225050251,False,1
85132,3668,1238,225050252,225111530,False,1
85159,3669,4034,225111531,225172925,True,14
85183,3670,321,225172926,225234235,False,1
85205,3671,3752,225234236,225295564,False,1
85228,3672,4032,225295565,225356829,True,13
85264,3673,2779,225356830,225418179,False,1
85297,3674,1595,225418180,225479587,False,1
85325,3675,4020,225479588,225540921,True,14
85346,3676,3637,225540922,225602335,False,1
85374,3677,511,225602336,225663551,False,1
85390,3678,4028,225663552,225724877,True,18
85414,3679,4005,225724878,225786217,True,16
85431,3680,2599,225786218,225847655,False,1
85455,3681,975,225847656,225908989,False,1
85475,3682,3190,225908990,225970384,False,1
85501,3683,3291,225970385,226031766,False,1
85521,3684,2763,226031767,226093145,False,1
85537,3685,4030,226093146,226154540,True,15
85565,3686,2223,226154541,226215936,False,1
85597,3687,1430,226215937,226277347,False,1
85619,3688,4042,226277348,226338697,True,15
85645,3689,4021,226338698,226400090,True,15
85667,3690,2454,226400091,226461489,False,1
85688,3691,4002,226461490,226522897,True,15
85714,3692,3017,226522898,226584238,False,1
85732,3693,4011,226584239,226645655,True,13
85754,3694,646,226645656,226707022,False,1
85786,3695,497,226707023,226768412,False,1
85805,3696,1743,226768413,226829734,False,1
85830,3697,2034,226829735,226891137,False,1
85863,3698,1459,226891138,226952503,False,1
85898,3699,3241,226952504,227013907,False,1
85914,3700,4040,227013908,227075286,True,14
85939,3701,3883,227075287,227136668,False,1
85964,3702,67,227136669,227198057,False,1
85993,3703,3871,227198058,227259436,False,1
86019,3704,4048,227259437,227320747,True,17
86046,3705,1413,227320748,227382067,False,1
86069,3706,1758,227382068,227443387,False,1
86100,3707,2836,227443388,227504745,False,1
86124,3708,423,227504746,227566053,False,1
86147,3709,475,227566054,227627403,False,1
86175,3710,1640,227627404,227688790,False,1
86203,3711,132,227688791,227750233,False,1
86219,3712,1135,227750234,227811594,False,1
86245,3713,4011,227811595,227872954,True,14
86267,3714,2510,227872955,227934198,False,1
86295,3715,1258,227934199,227995567,False,1
86321,3716,337,227995568,228056945,False,1
86336,3717,4017,228056946,228118269,True,15
86358,3718,4016,228118270,228179680,True,16
86379,3719,2595,228179681,228241093,False,1
86402,3720,1765,228241094,228302494,False,1
86422,3721,580,228302495,228363854,False,1
86440,3722,3895,228363855,228425234,False,1
86458,3723,2170,228425235,228486614,False,1
86478,3724,2394,228486615,228547906,False,1
86495,3725,3276,228547907,228609286,False,1
86521,3726,798,228609287,228670598,False,1
86554,3727,4033,228670599,228731948,True,14
86575,3728,2706,228731949,228793298,False,1
86597,3729,4008,228793299,228854695,True,15
86619,3730,2557,228854696,228916074,False,1
86642,3731,3606,228916075,228977424,False,1
86666,3732,2356,228977425,229038807,False,1
86690,3733,455,229038808,229100141,False,1
86714,3734,3335,229100142,229161532,False,1
86744,3735,1173,229161533,229222883,False,1
86770,3736,494,229222884,229284250,False,1
86796,3737,1973,229284251,229345637,False,1
86816,3738,2155,229345638,229406944,False,1
86839,3739,3801,229406945,229468279,False,1
86861,3740,2349,229468280,229529623,False,1
86882,3741,1130,229529624,229590941,False,1
86912,3742,968,229590942,229652355,False,1
86941,3743,1184,229652356,229713571,False,1
86964,3744,3124,229713572,229774677,False,1
86989,3745,1005,229774678,229835939,False,1
87014,3746,3132,229835940,229897276,False,1
87032,3747,453,229897277,229958615,False,1
87055,3748,3725,229958616,230019926,False,1
87079,3749,545,230019927,230081285,False,1
87101,3750,1084,230081286,230142552,False,1
87128,3751,2192,230142553,230203928,False,1
87152,3752,2384,230203929,230265275,False,1
87178,3753,4024,230265276,230326659,True,14
87208,3754,3230,230326660,230388073,False,1
87223,3755,2956,230388074,230449483,False,1
87244,3756,1336,230449484,230510865,False,1
87270,3757,223,230510866,230572211,False,1
87293,3758,4015,230572212,230633581,True,15
87315,3759,2281,230633582,230694834,False,1
87347,3760,4033,230694835,230756113,True,15
87368,3761,233,230756114,230817500,False,1
87401,3762,2483,230817501,230878895,False,1
87418,3763,4004,230878896,230940322,True,16
87441,3764,4042,230940323,231001664,True,16
87467,3765,1232,231001665,231063060,False,1
87497,3766,581,231063061,231124456,False,1
87518,3767,4030,231124457,231185766,True,16
87546,3768,4039,231185767,231247137,True,12
87569,3769,3923,231247138,231308409,False,1
87588,3770,353,231308410,231369671,False,1
87611,3771,1240,231369672,231431009,False,1
87635,3772,2112,231431010,231492435,False,1
87661,3773,2628,231492436,231553820,False,1
87687,3774,923,231553821,231615201,False,1
87708,3775,1531,231615202,231676551,False,1
87733,3776,542,231676552,231737934,False,1
87758,3777,3148,231737935,231799332,False,1
87775,3778,1350,231799333,231860700,False,1
87803,3779,2330,231860701,231921998,False,1
87827,3780,4006,231921999,231983306,True,15
87847,3781,3901,231983307,232044672,False,1
87872,3782,1506,232044673,232105918,False,1
87899,3783,2751,232105919,232167240,False,1
87923,3784,2494,232167241,232228585,False,1
87948,3785,2313,232228586,232289938,False,1
87970,3786,433,232289939,232351239,False,1
88015,3787,4019,232351240,232412615,True,14
88038,3788,859,232412616,232473917,False,1
88061,3789,4048,232473918,232535286,True,18
88088,3790,3909,232535287,232596612,False,1
88116,3791,3822,232596613,232657855,False,1
88138,3792,3048,232657856,232719235,False,1
88163,3793,979,232719236,232780607,False,1
88176,3794,3096,232780608,232841964,False,1
88204,3795,2661,232841965,232903242,False,1
88226,3796,1724,232903243,232964567,False,1
88242,3797,1157,232964568,233025840,False,1
88270,3798,4020,233025841,233087205,True,15
88291,3799,3103,233087206,233148507,False,1
88323,3800,1856,233148508,233209856,False,1
88343,3801,4040,233209857,233271250,True,15
88368,3802,5,233271251,233332645,False,1
88397,3803,4030,233332646,233393993,True,17
88425,3804,1861,233393994,233455422,False,1
88446,3805,3996,233455423,233516787,False,1
88462,3806,3071,233516788,233578114,False,1
88486,3807,4037,233578115,233639494,True,15
88512,3808,2522,233639495,233700876,False,1
88542,3809,4008,233700877,233762241,True,16
88564,3810,4018,233762242,233823472,True,15
88587,3811,3405,233823473,233884793,False,1
88611,3812,1960,233884794,233946203,False,1
88633,3813,988,233946204,234007551,False,1
88662,3814,2444,234007552,234068876,False,1
88685,3815,1893,234068877,234130225,False,1
88713,3816,3740,234130226,234191607,False,1
88739,3817,1709,234191608,234252934,False,1
88764,3818,1281,234252935,234314239,False,1
88789,3819,4011,234314240,234375605,True,15
88811,3820,2062,234375606,234436868,False,1
88839,3821,1168,234436869,234498203,False,1
88854,3822,2467,234498204,234559559,False,1
88880,3823,1102,234559560,234620875,False,1
88901,3824,444,234620876,234682294,False,1
88922,3825,691,234682295,234743641,False,1
88947,3826,339,234743642,234805064,False,1
88971,3827,2573,234805065,234866476,False,1
88993,3828,1855,234866477,234927838,False,1
89016,3829,1341,234927839,234989241,False,1
89049,3830,4049,234989242,235050682,True,14
89067,3831,2563,235050683,235112056,False,1
89088,3832,2930,235112057,235173369,False,1
89108,3833,3661,235173370,235234772,False,1
89131,3834,4024,235234773,235296169,True,15
89161,3835,800,235296170,235357540,False,1
89182,3836,1285,235357541,235418934,False,1
89207,3837,4005,235418935,235480264,True,17
89224,3838,76,235480265,235541657,False,1
89251,3839,1239,235541658,235603057,False,1
89274,3840,1440,235603058,235664277,False,1
89297,3841,588,235664278,235725613,False,1
89327,3842,1248,235725614,235787008,False,1
89352,3843,2095,235787009,235848394,False,1
89384,3844,256,235848395,235909756,False,1
89406,3845,3199,235909757,235971100,False,1
89440,3846,3628,235971101,236032512,False,1
89469,3847,1934,236032513,236093852,False,1
89500,3848,3842,236093853,236155233,False,1
89522,3849,877,236155234,236216598,False,1
89549,3850,2876,236216599,236277993,False,1
89576,3851,3798,236277994,236339238,False,1
89594,3852,212,236339239,236400581,False,1
89614,3853,1502,236400582,236461988,False,1
89639,3854,3441,236461989,236523363,False,1
89654,3855,1287,236523364,236584715,False,1
89676,3856,1569,236584716,236646116,False,1
89699,3857,663,236646117,236707503,False,1
89714,3858,875,236707504,236768867,False,1
89729,3859,2491,236768868,236831208,False,1
89752,3860,460,236831209,236892574,False,1
89776,3861,4037,236892575,236953992,True,16
89802,3862,3905,236953993,237015341,False,1
89830,3863,1933,237015342,237076745,False,1
89862,3864,3935,237076746,237138183,False,1
89889,3865,1382,237138184,237199545,False,1
89913,3866,6,237199546,237260900,False,1
89939,3867,574,237260901,237322307,False,1
89960,3868,3774,237322308,237383665,False,1
89987,3869,185,237383666,237445020,False,1
90013,3870,1178,237445021,237506391,False,1
90035,3871,4042,237506392,237567744,True,17
90061,3872,3481,237567745,237629144,False,1
90087,3873,1572,237629145,237690442,False,1
90105,3874,2496,237690443,237751820,False,1
90121,3875,912,237751821,237813115,False,1
90144,3876,183,237813116,237874497,False,1
90164,3877,844,237874498,237935887,False,1
90182,3878,4013,237935888,237997277,True,17
90195,3879,2716,237997278,238058620,False,1
90217,3880,4014,238058621,238119960,True,14
90239,3881,4027,238119961,238181305,True,16
90263,3882,2734,238181306,238242683,False,1
90282,3883,618,238242684,238304102,False,1
90308,3884,332,238304103,238365491,False,1
90331,3885,2078,238365492,238426885,False,1
90354,3886,4008,238426886,238488254,True,17
90376,3887,1754,238488255,238549650,False,1
90399,3888,1756,238549651,238611014,False,1
90419,3889,1512,238611015,238672368,False,1
90441,3890,4031,238672369,238733729,True,18
90461,3891,24,238733730,238795125,False,1
90490,3892,146,238795126,238856462,False,1
90509,3893,721,238856463,238917744,False,1
90549,3894,3808,238917745,238979140,False,1
90563,3895,2910,238979141,239040485,False,1
90591,3896,3605,239040486,239101864,False,1
90620,3897,3020,239101865,239163171,False,1
90643,3898,472,239163172,239224567,False,1
90656,3899,2303,239224568,239285961,False,1
90675,3900,3143,239285962,239347274,False,1
90700,3901,1462,239347275,239408598,False,1
90723,3902,245,239408599,239469926,False,1
90756,3903,3150,239469927,239531331,False,1
90778,3904,525,239531332,239592709,False,1
90797,3905,4015,239592710,239654100,True,16
90819,3906,2098,239654101,239715430,False,1
90841,3907,1613,239715431,239776709,False,1
90863,3908,4025,239776710,239838060,True,16
90885,3909,3468,239838061,239899364,False,1
90907,3910,3583,239899365,239960758,False,1
90934,3911,1841,239960759,240022027,False,1
90957,3912,657,240022028,240083373,False,1
90982,3913,2954,240083374,240144667,False,1
91006,3914,2727,240144668,240205970,False,1
91032,3915,4024,240205971,240267306,True,16
91062,3916,1223,240267307,240328672,False,1
91079,3917,4039,240328673,240389894,True,13
91102,3918,318,240389895,240451291,False,1
91121,3919,614,240451292,240512653,False,1
91144,3920,2065,240512654,240573998,False,1
91175,3921,2711,240573999,240635237,False,1
91199,3922,4031,240635238,240696614,True,19
91219,3923,1868,240696615,240757936,False,1
91247,3924,802,240757937,240819331,False,1
91270,3925,2850,240819332,240880652,False,1
91290,3926,3106,240880653,240942018,False,1
91313,3927,4029,240942019,241003411,True,17
91336,3928,3271,241003412,241064786,False,1
91362,3929,3951,241064787,241126181,False,1
91386,3930,4033,241126182,241187574,True,16
91407,3931,1077,241187575,241248885,False,1
91424,3932,960,241248886,241310253,False,1
91446,3933,4031,241310254,241371604,True,20
91466,3934,3489,241371605,241432927,False,1
91491,3935,2809,241432928,241494322,False,1
91523,3936,917,241494323,241555573,False,1
91552,3937,1991,241555574,241616975,False,1
91580,3938,3987,241616976,241678284,False,1
91601,3939,4011,241678285,241739641,True,16
91623,3940,4018,241739642,241801042,True,16
91646,3941,3308,241801043,241862295,False,1
91669,3942,1014,241862296,241923632,False,1
91686,3943,1054,241923633,241985022,False,1
91706,3944,937,241985023,242046411,False,1
91732,3945,127,242046412,242107758,False,1
91751,3946,1063,242107759,242169132,False,1
91773,3947,4010,242169133,242230490,True,16
91790,3948,179,242230491,242291768,False,1
91815,3949,409,242291769,242353007,False,1
91833,3950,2659,242353008,242414361,False,1
91856,3951,1561,242414362,242475672,False,1
91878,3952,1624,242475673,242537021,False,1
91897,3953,3751,242537022,242598374,False,1
91915,3954,3426,242598375,242659729,False,1
91933,3955,4036,242659730,242721114,True,17
91955,3956,4022,242721115,242782478,True,17
91980,3957,849,242782479,242843908,False,1
92006,3958,3710,242843909,242905303,False,1
92032,3959,1936,242905304,242966707,False,1
92057,3960,4047,242966708,243028088,True,16
92079,3961,3177,243028089,243089445,False,1
92108,3962,3862,243089446,243150673,False,1
92133,3963,3104,243150674,243211988,False,1
92157,3964,2010,243211989,243273329,False,1
92179,3965,15,243273330,243334745,False,1
92210,3966,4041,243334746,243396023,True,17
92233,3967,488,243396024,243457331,False,1
92258,3968,4019,243457332,243518776,True,15
92281,3969,507,243518777,243580127,False,1
92302,3970,1670,243580128,243641464,False,1
92336,3971,3207,243641465,243702815,False,1
92358,3972,3350,243702816,243764197,False,1
92376,3973,518,243764198,243825592,False,1
92403,3974,1536,243825593,243886951,False,1
92425,3975,3707,243886952,243948314,False,1
92443,3976,2658,243948315,244009692,False,1
92465,3977,3648,244009693,244071104,False,1
92494,3978,4000,244071105,244132525,False,1
92520,3979,3353,244132526,244193901,False,1
92539,3980,1172,244193902,244255326,False,1
92556,3981,1270,244255327,244316703,False,1
92580,3982,281,244316704,244378045,False,1
92607,3983,579,244378046,244439402,False,1
92624,3984,3125,244439403,244500705,False,1
92653,3985,4042,244500706,244562023,True,18
92679,3986,273,244562024,244623309,False,1
92703,3987,1313,244623310,244684676,False,1
92721,3988,1345,244684677,244746006,False,1
92746,3989,888,244746007,244807384,False,1
92777,3990,2523,244807385,244868712,False,1
92799,3991,2855,244868713,244930086,False,1
92826,3992,2527,244930087,244991462,False,1
92846,3993,2546,244991463,245052869,False,1
92862,3994,3930,245052870,245114209,False,1
92875,3995,2174,245114210,245175553,False,1
92893,3996,4027,245175554,245236814,True,17
92917,3997,2134,245236815,245298194,False,1
92937,3998,2213,245298195,245359538,False,1
92968,3999,2291,245359539,245420885,False,1
92992,4000,3530,245420886,245482269,False,1
93009,4001,4032,245482270,245543649,True,14
93045,4002,2169,245543650,245605039,False,1
93074,4003,2657,245605040,245666422,False,1
93099,4004,3533,245666423,245727787,False,1
93128,4005,3474,245727788,245789170,False,1
93149,4006,125,245789171,245850509,False,1
93176,4007,4006,245850510,245911883,True,16
93196,4008,3300,245911884,245973205,False,1
93218,4009,3209,245973206,246034536,False,1
93240,4010,4004,246034537,246095931,True,17
93263,4011,668,246095932,246157318,False,1
93282,4012,1823,246157319,246218705,False,1
93307,4013,1786,246218706,246280112,False,1
93328,4014,31,246280113,246341469,False,1
93351,4015,1132,246341470,246402804,False,1
93378,4016,4049,246402805,246464105,True,15
93396,4017,1293,246464106,246525389,False,1
93422,4018,2007,246525390,246586771,False,1
93442,4019,4046,246586772,246648095,True,15
93459,4020,1047,246648096,246709383,False,1
93490,4021,1935,246709384,246770800,False,1
93523,4022,1663,246770801,246832084,False,1
93547,4023,4033,246832085,246893403,True,17
93568,4024,4007,246893404,246954763,True,17
93587,4025,248,246954764,247016118,False,1
93612,4026,462,247016119,247077447,False,1
93629,4027,1410,247077448,247138797,False,1
93660,4028,4032,247138798,247200112,True,15
93696,4029,155,247200113,247261359,False,1
93715,4030,3455,247261360,247322759,False,1
93747,4031,3062,247322760,247384059,False,1
93767,4032,225,247384060,247445484,False,1
93789,4033,4034,247445485,247506838,True,15
93813,4034,211,247506839,247568223,False,1
93841,4035,1058,247568224,247629557,False,1
93863,4036,3374,247629558,247690924,False,1
93892,4037,2828,247690925,247752365,False,1
93911,4038,4019,247752366,247813696,True,16
93934,4039,2302,247813697,247875061,False,1
93960,4040,4041,247875062,247936325,True,18
93983,4041,4023,247936326,247997727,True,16
93998,4042,3511,247997728,248059049,False,1
94019,4043,4003,248059050,248120268,True,17
94037,4044,2249,248120269,248181681,False,1
94062,4045,1377,248181682,248243085,False,1
94094,4046,3711,248243086,248304422,False,1
94119,4047,939,248304423,248365830,False,1
94137,4048,3447,248365831,248427236,False,1
94150,4049,1087,248427237,248488652,False,1
94182,4050,2572,248488653,248550078,False,1
94203,4051,207,248550079,248611413,False,1
94230,4052,651,248611414,248672813,False,1
94247,4053,3216,248672814,248734193,False,1
94271,4054,3602,248734194,248795603,False,1
94291,4055,3027,248795604,248856890,False,1
94324,4056,4033,248856891,248918215,True,18
94345,4057,1265,248918216,248979599,False,1
94374,4058,1059,248979600,249040965,False,1
94404,4059,4038,249040966,249102346,True,15
94426,4060,532,249102347,249163679,False,1
94450,4061,740,249163680,249225027,False,1
94467,4062,4015,249225028,249286427,True,17
94489,4063,1096,249286428,249347853,False,1
94516,4064,4033,249347854,249409167,True,19
94537,4065,692,249409168,249470586,False,1
94565,4066,3332,249470587,249531955,False,1
94583,4067,3969,249531956,249593301,False,1
94603,4068,1787,249593302,249654624,False,1
94620,4069,3452,249654625,249715987,False,1
94645,4070,3183,249715988,249777296,False,1
94663,4071,1006,249777297,249838669,False,1
94684,4072,2431,249838670,249900030,False,1
94707,4073,1689,249900031,249961350,False,1
94726,4074,1118,249961351,250022772,False,1
94754,4075,3786,250022773,250084027,False,1
94782,4076,2407,250084028,250145300,False,1
94800,4077,4048,250145301,250206651,True,19
94827,4078,1863,250206652,250267927,False,1
94844,4079,1311,250267928,250329270,False,1
94871,4080,3957,250329271,250390656,False,1
94897,4081,1525,250390657,250452070,False,1
94924,4082,37,250452071,250513421,False,1
94946,4083,4050,250513422,250574816,True,17
94962,4084,476,250574817,250636215,False,1
94984,4085,2081,250636216,250697497,False,1
95012,4086,4017,250697498,250758911,True,16
95034,4087,3811,250758912,250820265,False,1
95077,4088,2827,250820266,250881632,False,1
95108,4089,2398,250881633,250942933,False,1
95129,4090,3239,250942934,251004343,False,1
95164,4091,4004,251004344,251065698,True,18
95187,4092,139,251065699,251127103,False,1
95212,4093,1510,251127104,251188528,False,1
95235,4094,3810,251188529,251249904,False,1
95253,4095,1966,251249905,251311223,False,1
95275,4096,1593,251311224,251372596,False,1
95293,4097,4018,251372597,251433995,True,17
95316,4098,1518,251433996,251495390,False,1
95342,4099,1395,251495391,251556800,False,1
95365,4100,3832,251556801,251618196,False,1
95386,4101,1326,251618197,251679511,False,1
95408,4102,3208,251679512,251740768,False,1
95433,4103,4024,251740769,251802012,True,17
95463,4104,2319,251802013,251863336,False,1
95491,4105,2615,251863337,251924741,False,1
95507,4106,1117,251924742,251986091,False,1
95547,4107,1967,251986092,252047402,False,1
95569,4108,2692,252047403,252108770,False,1
95596,4109,2415,252108771,252170068,False,1
95621,4110,378,252170069,252231456,False,1
95648,4111,3163,252231457,252292882,False,1
95680,4112,1407,252292883,252354238,False,1
95709,4113,1340,252354239,252415663,False,1
95736,4114,2555,252415664,252477049,False,1
95769,4115,3820,252477050,252538405,False,1
95798,4116,4026,252538406,252599778,True,16
95820,4117,3948,252599779,252661160,False,1
95851,4118,3127,252661161,252722556,False,1
95877,4119,1442,252722557,252783916,False,1
95903,4120,4016,252783917,252845296,True,17
95924,4121,3488,252845297,252906614,False,1
95947,4122,4003,252906615,252967936,True,18
95965,4123,4039,252967937,253029235,True,14
95988,4124,2732,253029236,253090555,False,1
96003,4125,4009,253090556,253151895,True,13
96023,4126,2475,253151896,253213322,False,1
96053,4127,3575,253213323,253274750,False,1
96078,4128,924,253274751,253336127,False,1
96098,4129,3915,253336128,253397507,False,1
96124,4130,3262,253397508,253458785,False,1
96141,4131,2397,253458786,253520098,False,1
96168,4132,4029,253520099,253581481,True,18
96191,4133,4039,253581482,253642883,True,15
96214,4134,3180,253642884,253704203,False,1
96240,4135,1167,253704204,253765569,False,1
96271,4136,4050,253765570,253826856,True,18
96287,4137,4006,253826857,253888240,True,17
96307,4138,4035,253888241,253949556,True,14
96330,4139,1097,253949557,254010924,False,1
96362,4140,4008,254010925,254072251,True,18
96384,4141,3705,254072252,254133589,False,1
96415,4142,2106,254133590,254194969,False,1
96430,4143,4001,254194970,254256399,True,15
96470,4144,3101,254256400,254317818,False,1
96496,4145,1618,254317819,254379205,False,1
96518,4146,1353,254379206,254440575,False,1
96548,4147,1402,254440576,254501981,False,1
96575,4148,976,254501982,254563276,False,1
96599,4149,4042,254563277,254624621,True,19
96625,4150,1783,254624622,254686019,False,1
96649,4151,1275,254686020,254747433,False,1
96679,4152,1950,254747434,254808828,False,1
96694,4153,2888,254808829,254870246,False,1
96717,4154,724,254870247,254931594,False,1
96745,4155,395,254931595,254992971,False,1
96767,4156,1090,254992972,255054383,False,1
96797,4157,957,255054384,255115751,False,1
96808,4158,728,255115752,255177084,False,1
96832,4159,546,255177085,255238476,False,1
96852,4160,210,255238477,255299876,False,1
96876,4161,4020,255299877,255361137,True,16
96897,4162,3880,255361138,255422538,False,1
96919,4163,1819,255422539,255483854,False,1
96941,4164,1771,255483855,255545214,False,1
96961,4165,1963,255545215,255606618,False,1
96979,4166,246,255606619,255668014,False,1
97009,4167,252,255668015,255729439,False,1
97037,4168,4041,255729440,255790793,True,19
97060,4169,1496,255790794,255852223,False,1
97077,4170,509,255852224,255913588,False,1
97103,4171,549,255913589,255975031,False,1
97141,4172,3633,255975032,256036413,False,1
97173,4173,4018,256036414,256097775,True,18
97196,4174,3695,256097776,256159186,False,1
97221,4175,512,256159187,256220522,False,1
97254,4176,809,256220523,256281921,False,1
97280,4177,980,256281922,256343279,False,1
97305,4178,1675,256343280,256404678,False,1
97336,4179,2683,256404679,256466088,False,1
97360,4180,1647,256466089,256527429,False,1
97380,4181,2200,256527430,256588791,False,1
97402,4182,846,256588792,256650165,False,1
97422,4183,3092,256650166,256711550,False,1
97445,4184,2437,256711551,256772881,False,1
97469,4185,2741,256772882,256834287,False,1
97490,4186,2245,256834288,256895660,False,1
97506,4187,585,256895661,256957029,False,1
97528,4188,1726,256957030,257018396,False,1
97545,4189,3939,257018397,257079706,False,1
97569,4190,4038,257079707,257141066,True,16
97591,4191,737,257141067,257202389,False,1
97614,4192,342,257202390,257263781,False,1
97637,4193,1591,257263782,257325190,False,1
97667,4194,2720,257325191,257386559,False,1
97685,4195,2857,257386560,257447845,False,1
97707,4196,1457,257447846,257509121,False,1
97734,4197,1781,257509122,257570541,False,1
97753,4198,4007,257570542,257631807,True,18
97772,4199,3254,257631808,257693597,False,1
97796,4200,1809,257693598,257755038,False,1
97814,4201,4044,257755039,257816274,True,18
97841,4202,3327,257816275,257877620,False,1
97859,4203,1492,257877621,257939002,False,1
97876,4204,3844,257939003,258000396,False,1
97895,4205,2156,258000397,258061716,False,1
97919,4206,2636,258061717,258123077,False,1
97943,4207,609,258123078,258184416,False,1
97962,4208,203,258184417,258245776,False,1
97989,4209,3270,258245777,258307164,False,1
98017,4210,4040,258307165,258368546,True,16
98042,4211,4045,258368547,258429933,True,20
98058,4212,1203,258429934,258491235,False,1
98080,4213,2409,258491236,258552660,False,1
98103,4214,1723,258552661,258614049,False,1
98128,4215,3988,258614050,258675434,False,1
98145,4216,1524,258675435,258736773,False,1
98161,4217,2094,258736774,258798191,False,1
98184,4218,4039,258798192,258859572,True,16
98207,4219,1873,258859573,258920943,False,1
98227,4220,322,258920944,258982291,False,1
98251,4221,2567,258982292,259043553,False,1
98281,4222,2602,259043554,259104955,False,1
98301,4223,4002,259104956,259166353,True,16
98327,4224,1246,259166354,259227629,False,1
98351,4225,4035,259227630,259288949,True,15
98374,4226,3785,259288950,259350111,False,1
98401,4227,2347,259350112,259411382,False,1
98433,4228,3537,259411383,259472781,False,1
98455,4229,4040,259472782,259533919,True,17
98480,4230,2672,259533920,259595534,False,1
98508,4231,489,259595535,259656784,False,1
98531,4232,2456,259656785,259718156,False,1
98553,4233,1427,259718157,259779546,False,1
98581,4234,4021,259779547,259840932,True,16
98603,4235,1337,259840933,259902300,False,1
98624,4236,1559,259902301,259963702,False,1
98644,4237,4011,259963703,260025051,True,17
98666,4238,1838,260025052,260086416,False,1
98681,4239,679,260086417,260147686,False,1
98713,4240,3145,260147687,260209067,False,1
98730,4241,1021,260209068,260270378,False,1
98751,4242,4014,260270379,260331778,True,15
98773,4243,4038,260331779,260393104,True,17
98795,4244,4018,260393105,260454457,True,19
98818,4245,403,260454458,260515874,False,1
98840,4246,3580,260515875,260577233,False,1
98873,4247,3603,260577234,260638611,False,1
98900,4248,998,260638612,260699964,False,1
98926,4249,3666,260699965,260761313,False,1
98946,4250,3311,260761314,260822702,False,1
98979,4251,4009,260822703,260884037,True,14
98999,4252,4035,260884038,260945435,True,16
99022,4253,4014,260945436,261006804,True,16
99044,4254,3005,261006805,261068128,False,1
99062,4255,2562,261068129,261129475,False,1
99082,4256,1176,261129476,261190865,False,1
99105,4257,2405,261190866,261252231,False,1
99131,4258,2908,261252232,261313616,False,1
99152,4259,326,261313617,261375019,False,1
99188,4260,4021,261375020,261436340,True,17
99210,4261,2025,261436341,261497716,False,1
99238,4262,1255,261497717,261559095,False,1
99255,4263,418,261559096,261620476,False,1
99272,4264,1651,261620477,261681846,False,1
99292,4265,4017,261681847,261743288,True,17
99314,4266,4037,261743289,261804683,True,17
99340,4267,3087,261804684,261866027,False,1
99369,4268,2736,261866028,261927383,False,1
99400,4269,891,261927384,261988804,False,1
99419,4270,2308,261988805,262050168,False,1
99437,4271,2558,262050169,262111535,False,1
99457,4272,2032,262111536,262172953,False,1
99490,4273,2641,262172954,262234327,False,1
99515,4274,240,262234328,262295711,False,1
99536,4275,1530,262295712,262357098,False,1
99560,4276,4012,262357099,262418363,True,17
99583,4277,4001,262418364,262479754,True,16
99623,4278,592,262479755,262541106,False,1
99648,4279,2400,262541107,262602487,False,1
99667,4280,2705,262602488,262663888,False,1
99684,4281,654,262663889,262725264,False,1
99715,4282,3107,262725265,262786637,False,1
99736,4283,3181,262786638,262847983,False,1
99759,4284,1351,262847984,262909363,False,1
99774,4285,4006,262909364,262970631,True,18
99794,4286,4015,262970632,263032028,True,18
99816,4287,4014,263032029,263093403,True,17
99838,4288,2422,263093404,263154684,False,1
99863,4289,2715,263154685,263215974,False,1
99898,4290,1035,263215975,263277272,False,1
99931,4291,3893,263277273,263338702,False,1
99961,4292,1557,263338703,263400002,False,1
99978,4293,1418,263400003,263461385,False,1
100006,4294,4050,263461386,263522736,True,19
100022,4295,4021,263522737,263584012,True,18
100044,4296,2575,263584013,263645423,False,1
100064,4297,4032,263645424,263706743,True,16
100100,4298,2339,263706744,263768070,False,1
100119,4299,3331,263768071,263829364,False,1
100146,4300,3826,263829365,263890759,False,1
100169,4301,1968,263890760,263952141,False,1
100188,4302,1888,263952142,264013477,False,1
100220,4303,3205,264013478,264074819,False,1
100243,4304,1852,264074820,264136112,False,1
100263,4305,770,264136113,264197478,False,1
100284,4306,1229,264197479,264258835,False,1
100308,4307,492,264258836,264320124,False,1
100332,4308,3382,264320125,264381475,False,1
100359,4309,4043,264381476,264442826,True,17
100373,4310,1405,264442827,264504199,False,1
100396,4311,4013,264504200,264565568,True,18
100409,4312,1386,264565569,264626864,False,1
100439,4313,4049,264626865,264688209,True,16
100457,4314,4029,264688210,264749490,True,19
100480,4315,41,264749491,264810853,False,1
100497,4316,530,264810854,264872233,False,1
100519,4317,1197,264872234,264933579,False,1
100537,4318,2915,264933580,264994923,False,1
100571,4319,1581,264994924,265056313,False,1
100588,4320,316,265056314,265117640,False,1
100601,4321,533,265117641,265179060,False,1
100635,4322,3369,265179061,265240469,False,1
100660,4323,2097,265240470,265301839,False,1
100689,4324,4009,265301840,265363205,True,15
100709,4325,2962,265363206,265424589,False,1
100734,4326,474,265424590,265485856,False,1
100758,4327,3657,265485857,265547211,False,1
100793,4328,1346,265547212,265608563,False,1
100819,4329,4027,265608564,265669886,True,18
100843,4330,2691,265669887,265731293,False,1
100865,4331,2999,265731294,265792680,False,1
100893,4332,4034,265792681,265854033,True,16
100917,4333,2499,265854034,265915413,False,1
100942,4334,2118,265915414,265976809,False,1
100963,4335,1060,265976810,266038180,False,1
100997,4336,1770,266038181,266099547,False,1
101015,4337,624,266099548,266160961,False,1
101037,4338,1744,266160962,266222358,False,1
101068,4339,2801,266222359,266283700,False,1
101090,4340,3222,266283701,266345076,False,1
101116,4341,1566,266345077,266406473,False,1
101139,4342,3055,266406474,266467785,False,1
101151,4343,526,266467786,266529103,False,1
101176,4344,850,266529104,266590500,False,1
101195,4345,880,266590501,266651778,False,1
101216,4346,3436,266651779,266713011,False,1
101245,4347,2565,266713012,266774289,False,1
101271,4348,2366,266774290,266835595,False,1
101298,4349,856,266835596,266896917,False,1
101320,4350,2305,266896918,266958237,False,1
101343,4351,4035,266958238,267019578,True,17
101366,4352,305,267019579,267080944,False,1
101389,4353,2559,267080945,267142277,False,1
101403,4354,4034,267142278,267203627,True,17
101427,4355,4015,267203628,267264939,True,19
101449,4356,3937,267264940,267326251,False,1
101475,4357,1138,267326252,267387596,False,1
101496,4358,4029,267387597,267448966,True,20
101519,4359,2846,267448967,267510245,False,1
101539,4360,2646,267510246,267571625,False,1
101568,4361,2224,267571626,267632844,False,1
101593,4362,3014,267632845,267694247,False,1
101623,4363,4023,267694248,267755575,True,17
101638,4364,2874,267755576,267816858,False,1
101666,4365,1795,267816859,267878216,False,1
101682,4366,4013,267878217,267939516,True,19
101695,4367,3045,267939517,268000786,False,1
101722,4368,2709,268000787,268062120,False,1
101762,4369,1112,268062121,268123512,False,1
101780,4370,662,268123513,268184832,False,1
101798,4371,3926,268184833,268246199,False,1
101815,4372,50,268246200,268307471,False,1
101842,4373,1424,268307472,268368815,False,1
101863,4374,4037,268368816,268430153,True,18
101889,4375,1017,268430154,268491465,False,1
101915,4376,1929,268491466,268552738,False,1
101937,4377,3083,268552739,268614112,False,1
101964,4378,1862,268614113,268675473,False,1
101991,4379,4022,268675474,268736792,True,18
102016,4380,2820,268736793,268798163,False,1
102038,4381,2731,268798164,268859500,False,1
102060,4382,108,268859501,268920773,False,1
102080,4383,2452,268920774,268982123,False,1
102097,4384,4003,268982124,269043444,True,19
102115,4385,4016,269043445,269104805,True,18
102136,4386,4043,269104806,269166140,True,18
102150,4387,3546,269166141,269227484,False,1
102177,4388,412,269227485,269288775,False,1
102200,4389,4050,269288776,269350170,True,20
102216,4390,3011,269350171,269411516,False,1
102239,4391,2681,269411517,269472935,False,1
102263,4392,4011,269472936,269534348,True,18
102285,4393,748,269534349,269595721,False,1
102322,4394,3224,269595722,269657108,False,1
102346,4395,1436,269657109,269718506,False,1
102365,4396,3652,269718507,269779930,False,1
102385,4397,4001,269779931,269841343,True,17
102425,4398,289,269841344,269902706,False,1
102450,4399,4001,269902707,269964051,True,18
102490,4400,1081,269964052,270025337,False,1
102510,4401,1848,270025338,270086732,False,1
102535,4402,4025,270086733,270148106,True,17
102557,4403,2345,270148107,270209516,False,1
102572,4404,2282,270209517,270270924,False,1
102592,4405,1901,270270925,270332315,False,1
102622,4406,4016,270332316,270393726,True,19
102643,4407,2299,270393727,270455033,False,1
102664,4408,3703,270455034,270516394,False,1
102684,4409,3588,270516395,270577675,False,1
102704,4410,4035,270577676,270639086,True,18
102727,4411,1204,270639087,270700451,False,1
102761,4412,1041,270700452,270761877,False,1
102778,4413,567,270761878,270823290,False,1
102800,4414,4049,270823291,270884611,True,17
102818,4415,1362,270884612,270945880,False,1
102839,4416,637,270945881,271007250,False,1
102857,4417,3212,271007251,271068600,False,1
102879,4418,554,271068601,271129917,False,1
102898,4419,2816,271129918,271191299,False,1
102920,4420,4021,271191300,271252658,True,19
102942,4421,777,271252659,271314007,False,1
102979,4422,529,271314008,271375340,False,1
103003,4423,3375,271375341,271436674,False,1
103023,4424,1180,271436675,271498039,False,1
103050,4425,3053,271498040,271559374,False,1
103073,4426,3595,271559375,271620785,False,1
103095,4427,1820,271620786,271682153,False,1
103121,4428,4047,271682154,271743512,True,17
103143,4429,3512,271743513,271804900,False,1
103162,4430,2875,271804901,271866134,False,1
103182,4431,1659,271866135,271927488,False,1
103202,4432,1131,271927489,271988858,False,1
103219,4433,2338,271988859,272050198,False,1
103248,4434,3787,272050199,272111569,False,1
103275,4435,503,272111570,272172872,False,1
103295,4436,621,272172873,272234132,False,1
103318,4437,1853,272234133,272295477,False,1
103339,4438,3272,272295478,272356817,False,1
103361,4439,1791,272356818,272418199,False,1
103384,4440,597,272418200,272479574,False,1
103409,4441,2197,272479575,272540966,False,1
103427,4442,4044,272540967,272602272,True,19
103454,4443,1845,272602273,272663530,False,1
103473,4444,1910,272663531,272724926,False,1
103500,4445,4035,272724927,272786309,True,19
103523,4446,1980,272786310,272847609,False,1
103549,4447,4027,272847610,272908966,True,19
103573,4448,229,272908967,272970303,False,1
103604,4449,4034,272970304,273031651,True,18
103628,4450,2884,273031652,273093058,False,1
103655,4451,4025,273093059,273154426,True,18
103677,4452,746,273154427,273215785,False,1
103699,4453,4014,273215786,273277136,True,18
103721,4454,652,273277137,273338516,False,1
103742,4455,1253,273338517,273399810,False,1
103767,4456,1696,273399811,273461252,False,1
103787,4457,3498,273461253,273522662,False,1
103816,4458,2314,273522663,273583975,False,1
103836,4459,2387,273583976,273645345,False,1
103863,4460,4036,273645346,273706705,True,18
103885,4461,2774,273706706,273768056,False,1
103902,4462,88,273768057,273829435,False,1
103931,4463,2589,273829436,273890864,False,1
103957,4464,3070,273890865,273952244,False,1
103981,4465,4039,273952245,274013655,True,17
104004,4466,571,274013656,274075053,False,1
104025,4467,1159,274075054,274136406,False,1
104055,4468,1206,274136407,274197801,False,1
104076,4469,351,274197802,274259192,False,1
104104,4470,2885,274259193,274320560,False,1
104136,4471,564,274320561,274381921,False,1
104162,4472,2176,274381922,274443345,False,1
104185,4473,4010,274443346,274504687,True,17
104202,4474,4023,274504688,274566067,True,18
104217,4475,4040,274566068,274627452,True,18
104242,4476,68,274627453,274688817,False,1
104273,4477,3051,274688818,274750219,False,1
104304,4478,1141,274750220,274811601,False,1
104327,4479,4046,274811602,274872828,True,16
104344,4480,365,274872829,274934110,False,1
104366,4481,3998,274934111,274995508,False,1
104393,4482,1721,274995509,275056806,False,1
104414,4483,4020,275056807,275118194,True,17
104435,4484,1408,275118195,275179618,False,1
104465,4485,3903,275179619,275240977,False,1
104489,4486,415,275240978,275302317,False,1
104505,4487,773,275302318,275363715,False,1
104530,4488,2972,275363716,275425078,False,1
104546,4489,3211,275425079,275486475,False,1
104570,4490,4014,275486476,275547890,True,19
104592,4491,2818,275547891,275609232,False,1
104617,4492,2497,275609233,275670658,False,1
104641,4493,1874,275670659,275732017,False,1
104661,4494,3960,275732018,275793376,False,1
104687,4495,4017,275793377,275854691,True,18
104709,4496,1725,275854692,275916046,False,1
104734,4497,2996,275916047,275977348,False,1
104750,4498,1702,275977349,276038705,False,1
104769,4499,4010,276038706,276100093,True,18
104786,4500,1576,276100094,276161479,False,1
104809,4501,144,276161480,276222847,False,1
104832,4502,3395,276222848,276284239,False,1
104866,4503,4020,276284240,276345543,True,18
104887,4504,4046,276345544,276406821,True,17
104904,4505,1780,276406822,276468075,False,1
104932,4506,4038,276468076,276529424,True,18
104954,4507,4034,276529425,276590736,True,19
104978,4508,2218,276590737,276652151,False,1
105003,4509,3450,276652152,276713516,False,1
105031,4510,2579,276713517,276774753,False,1
105060,4511,2005,276774754,276836042,False,1
105087,4512,3889,276836043,276897424,False,1
105119,4513,1127,276897425,276958751,False,1
105146,4514,2542,276958752,277020098,False,1
105175,4515,4022,277020099,277081512,True,19
105200,4516,288,277081513,277142891,False,1
105222,4517,1736,277142892,277204283,False,1
105249,4518,2417,277204284,277265642,False,1
105269,4519,4001,277265643,277327062,True,19
105309,4520,631,277327063,277388398,False,1
105333,4521,2781,277388399,277449721,False,1
105363,4522,3175,277449722,277511133,False,1
105385,4523,961,277511134,277572399,False,1
105410,4524,485,277572400,277633653,False,1
105436,4525,4038,277633654,277695048,True,19
105458,4526,3860,277695049,277756412,False,1
105485,4527,2410,277756413,277817743,False,1
105512,4528,2108,277817744,277879048,False,1
105539,4529,3178,277879049,277940303,False,1
105563,4530,270,277940304,278001675,False,1
105593,4531,799,278001676,278062989,False,1
105612,4532,1794,278062990,278124311,False,1
105638,4533,603,278124312,278185680,False,1
105658,4534,4032,278185681,278247053,True,17
105694,4535,3805,278247054,278308423,False,1
105711,4536,539,278308424,278369765,False,1
105734,4537,2221,278369766,278431082,False,1
105758,4538,635,278431083,278492439,False,1
105779,4539,176,278492440,278553725,False,1
105801,4540,4010,278553726,278615152,True,19
105818,4541,468,278615153,278676567,False,1
105843,4542,3827,278676568,278737908,False,1
105863,4543,2262,278737909,278799296,False,1
105896,4544,3153,278799297,278860706,False,1
105923,4545,2183,278860707,278922017,False,1
105947,4546,4046,278922018,278983378,True,18
105964,4547,1297,278983379,279044709,False,1
105993,4548,1383,279044710,279106088,False,1
106020,4549,2533,279106089,279167378,False,1
106041,4550,390,279167379,279228741,False,1
106065,4551,3777,279228742,279290117,False,1
106107,4552,3697,279290118,279351496,False,1
106127,4553,3719,279351497,279412879,False,1
106157,4554,4049,279412880,279474202,True,18
106175,4555,2255,279474203,279535606,False,1
106193,4556,4043,279535607,279597002,True,19
106207,4557,3155,279597003,279658396,False,1
106234,4558,1529,279658397,279719825,False,1
106256,4559,396,279719826,279781161,False,1
106272,4560,2324,279781162,279842480,False,1
106300,4561,1905,279842481,279903819,False,1
106319,4562,4002,279903820,279965159,True,17
106345,4563,1422,279965160,280026577,False,1
106365,4564,3712,280026578,280087954,False,1
106390,4565,987,280087955,280149277,False,1
106417,4566,4040,280149278,280210690,True,19
106442,4567,2613,280210691,280271952,False,1
106469,4568,2932,280271953,280333250,False,1
106496,4569,4002,280333251,280394588,True,18
106522,4570,149,280394589,280455973,False,1
106543,4571,3585,280455974,280517265,False,1
106564,4572,735,280517266,280578574,False,1
106589,4573,4007,280578575,280639875,True,19
106608,4574,3554,280639876,280701268,False,1
106639,4575,2826,280701269,280762658,False,1
106659,4576,4030,280762659,280824011,True,18
106687,4577,150,280824012,280885366,False,1
106714,4578,478,280885367,280946698,False,1
106737,4579,4037,280946699,281008054,True,19
106763,4580,1111,281008055,281069462,False,1
106782,4581,843,281069463,281130732,False,1
106802,4582,26,281130733,281192097,False,1
106827,4583,1866,281192098,281253339,False,1
106856,4584,803,281253340,281314670,False,1
106873,4585,1431,281314671,281376059,False,1
106901,4586,201,281376060,281437372,False,1
106920,4587,254,281437373,281498717,False,1
106937,4588,2889,281498718,281560092,False,1
106960,4589,1672,281560093,281621478,False,1
106984,4590,4008,281621479,281682793,True,19
107006,4591,2849,281682794,281744168,False,1
107021,4592,1166,281744169,281805566,False,1
107043,4593,4020,281805567,281866978,True,19
107064,4594,2537,281866979,281928343,False,1
107081,4595,1945,281928344,281989669,False,1
107102,4596,1943,281989670,282050961,False,1
107122,4597,1638,282050962,282112250,False,1
107151,4598,1817,282112251,282173637,False,1
107178,4599,2414,282173638,282235429,False,1
107199,4600,4032,282235430,282296780,True,18
107235,4601,1078,282296781,282358184,False,1
107256,4602,3099,282358185,282419525,False,1
107270,4603,3046,282419526,282480919,False,1
107293,4604,3700,282480920,282542333,False,1
107319,4605,4018,282542334,282603697,True,20
107342,4606,3735,282603698,282665093,False,1
107365,4607,3754,282665094,282726438,False,1
107389,4608,4026,282726439,282787862,True,17
107411,4609,894,282787863,282849261,False,1
107429,4610,221,282849262,282910641,False,1
107450,4611,3476,282910642,282971995,False,1
107464,4612,1045,282971996,283033394,False,1
107483,4613,2905,283033395,283094836,False,1
107506,4614,224,283094837,283156204,False,1
107533,4615,2464,283156205,283217585,False,1
107557,4616,3437,283217586,283278853,False,1
107586,4617,693,283278854,283340222,False,1
107617,4618,87,283340223,283401515,False,1
107643,4619,3325,283401516,283462829,False,1
107665,4620,1746,283462830,283524213,False,1
107685,4621,2928,283524214,283585577,False,1
107707,4622,739,283585578,283646948,False,1
107729,4623,2852,283646949,283708326,False,1
107755,4624,2525,283708327,283769640,False,1
107793,4625,855,283769641,283831012,False,1
107814,4626,4014,283831013,283892363,True,20
107836,4627,3203,283892364,283953733,False,1
107863,4628,3128,283953734,284015162,False,1
107894,4629,2445,284015163,284076551,False,1
107916,4630,4017,284076552,284137977,True,19
107938,4631,4032,284137978,284199336,True,19
107974,4632,2251,284199337,284260772,False,1
107998,4633,200,284260773,284322123,False,1
108018,4634,1489,284322124,284383493,False,1
108039,4635,4011,284383494,284444819,True,19
108061,4636,3486,284444820,284506136,False,1
108078,4637,1043,284506137,284567501,False,1
108093,4638,3391,284567502,284628899,False,1
108110,4639,2650,284628900,284690218,False,1
108128,4640,4003,284690219,284751524,True,20
108146,4641,3304,284751525,284812897,False,1
108166,4642,3223,284812898,284874326,False,1
108194,4643,1864,284874327,284935677,False,1
108213,4644,347,284935678,284997078,False,1
108240,4645,1441,284997079,285058493,False,1
108255,4646,3619,285058494,285119827,False,1
108284,4647,1811,285119828,285181192,False,1
108300,4648,4010,285181193,285242570,True,20
108317,4649,3586,285242571,285303968,False,1
108347,4650,558,285303969,285365278,False,1
108368,4651,2569,285365279,285426660,False,1
108392,4652,4048,285426661,285487999,True,20
108419,4653,4043,285488000,285549378,True,20
108433,4654,4008,285549379,285610689,True,20
108455,4655,1053,285610690,285672027,False,1
108483,4656,3856,285672028,285733319,False,1
108513,4657,387,285733320,285794701,False,1
108530,4658,2564,285794702,285856044,False,1
108558,4659,3989,285856045,285917441,False,1
108588,4660,2997,285917442,285978794,False,1
108613,4661,754,285978795,286040001,False,1
108640,4662,3348,286040002,286101283,False,1
108659,4663,4012,286101284,286162513,True,18
108682,4664,4016,286162514,286223848,True,20
108703,4665,2609,286223849,286285203,False,1
108732,4666,284,286285204,286346644,False,1
108754,4667,3206,286346645,286408013,False,1
108773,4668,4007,286408014,286469357,True,20
108792,4669,2266,286469358,286530683,False,1
108818,4670,2196,286530684,286592047,False,1
108838,4671,372,286592048,286653429,False,1
108861,4672,2581,286653430,286714790,False,1
108887,4673,4004,286714791,286776129,True,19
108910,4674,3002,286776130,286837538,False,1
108929,4675,954,286837539,286898941,False,1
108948,4676,3906,286898942,286960279,False,1
108975,4677,2512,286960280,287021692,False,1
109005,4678,666,287021693,287083064,False,1
109038,4679,3387,287083065,287144475,False,1
109056,4680,2084,287144476,287205824,False,1
109083,4681,4015,287205825,287267172,True,20
109105,4682,4040,287267173,287328485,True,20
109130,4683,993,287328486,287389849,False,1
109154,4684,1307,287389850,287451219,False,1
109171,4685,575,287451220,287512549,False,1
109193,4686,4023,287512550,287573886,True,19
109208,4687,4026,287573887,287635259,True,18
109230,4688,48,287635260,287696563,False,1
109248,4689,3075,287696564,287757854,False,1
109284,4690,1376,287757855,287819220,False,1
109318,4691,1202,287819221,287880474,False,1
109333,4692,4044,287880475,287941885,True,20
109360,4693,2448,287941886,288003243,False,1
109382,4694,2,288003244,288064628,False,1
109402,4695,801,288064629,288125964,False,1
109426,4696,1806,288125965,288187365,False,1
109447,4697,3064,288187366,288248654,False,1
109468,4698,1468,288248655,288310056,False,1
109490,4699,819,288310057,288371408,False,1
109521,4700,732,288371409,288432613,False,1
109535,4701,4033,288432614,288494022,True,20
109556,4702,2942,288494023,288555368,False,1
109583,4703,1331,288555369,288616648,False,1
109605,4704,4028,288616649,288677945,True,19
109629,4705,2749,288677946,288739301,False,1
109648,4706,2758,288739302,288800706,False,1
109673,4707,3621,288800707,288861953,False,1
109704,4708,2507,288861954,288923308,False,1
109729,4709,1551,288923309,288984676,False,1
109758,4710,1235,288984677,289045914,False,1
109776,4711,4011,289045915,289107219,True,20
109798,4712,3945,289107220,289168625,False,1
109825,4713,1230,289168626,289230007,False,1
109844,4714,199,289230008,289291378,False,1
109873,4715,821,289291379,289352696,False,1
109897,4716,3762,289352697,289414034,False,1
109917,4717,3278,289414035,289475384,False,1
109935,4718,1921,289475385,289536673,False,1
109963,4719,630,289536674,289598040,False,1
109987,4720,756,289598041,289659452,False,1
110009,4721,142,289659453,289720820,False,1
110031,4722,430,289720821,289782167,False,1
110060,4723,628,289782168,289843575,False,1
110083,4724,550,289843576,289904961,False,1
110108,4725,1857,289904962,289966234,False,1
110126,4726,2723,289966235,290027621,False,1
110155,4727,4030,290027622,290088871,True,19
110183,4728,1580,290088872,290150178,False,1
110218,4729,4047,290150179,290211565,True,18
110240,4730,4041,290211566,290272927,True,20
110263,4731,1465,290272928,290334267,False,1
110291,4732,3130,290334268,290395678,False,1
110307,4733,330,290395679,290457093,False,1
110338,4734,921,290457094,290518483,False,1
110362,4735,2755,290518484,290579851,False,1
110383,4736,3558,290579852,290641200,False,1
110406,4737,3534,290641201,290702589,False,1
110428,4738,1515,290702590,290763908,False,1
110446,4739,4004,290763909,290825214,True,20
110469,4740,2404,290825215,290886595,False,1
110503,4741,1030,290886596,290947809,False,1
110528,4742,2393,290947810,291009077,False,1
110555,4743,2086,291009078,291070453,False,1
110579,4744,4006,291070454,291131865,True,19
110599,4745,2297,291131866,291193216,False,1
110628,4746,4002,291193217,291254582,True,19
110654,4747,4039,291254583,291315941,True,18
110677,4748,4024,291315942,291377351,True,18
110707,4749,3850,291377352,291438719,False,1
110734,4750,4009,291438720,291500109,True,16
110754,4751,1343,291500110,291561495,False,1
110783,4752,2627,291561496,291622782,False,1
110801,4753,2535,291622783,291684280,False,1
110829,4754,4025,291684281,291745568,True,19
110851,4755,2370,291745569,291806995,False,1
110881,4756,4038,291806996,291868271,True,20
110903,4757,1894,291868272,291929592,False,1
110930,4758,4023,291929593,291991106,True,20
110945,4759,1355,291991107,292052518,False,1
110973,4760,2316,292052519,292113837,False,1
111008,4761,2655,292113838,292175172,False,1
111038,4762,1295,292175173,292236508,False,1
111063,4763,2521,292236509,292297787,False,1
111091,4764,3618,292297788,292358910,False,1
111112,4765,2023,292358911,292420155,False,1
111132,4766,1497,292420156,292481515,False,1
111153,4767,4005,292481516,292542819,True,18
111170,4768,2735,292542820,292603942,False,1
111198,4769,4002,292603943,292665308,True,20
111224,4770,1645,292665309,292726732,False,1
111257,4771,3407,292726733,292788106,False,1
111290,4772,2401,292788107,292849489,False,1
111305,4773,1745,292849490,292910858,False,1
111326,4774,4012,292910859,292972260,True,19
111349,4775,3192,292972261,293033656,False,1
111373,4776,1585,293033657,293094981,False,1
111393,4777,1300,293094982,293156377,False,1
111422,4778,3246,293156378,293217771,False,1
111442,4779,1121,293217772,293279139,False,1
111477,4780,4019,293279140,293340457,True,17
111500,4781,1399,293340458,293401836,False,1
111519,4782,4028,293401837,293463155,True,20
111543,4783,4035,293463156,293524522,True,20
111566,4784,4009,293524523,293585826,True,17
111586,4785,2147,293585827,293647167,False,1
111612,4786,3086,293647168,293708534,False,1
111630,4787,1237,293708535,293769856,False,1
111657,4788,51,293769857,293831219,False,1
111676,4789,749,293831220,293892454,False,1
111699,4790,4036,293892455,293953821,True,19
111721,4791,520,293953822,294015194,False,1
111747,4792,1201,294015195,294076621,False,1
111765,4793,35,294076622,294137962,False,1
111783,4794,3069,294137963,294199370,False,1
111803,4795,2040,294199371,294260691,False,1
111824,4796,2719,294260692,294322092,False,1
111849,4797,3833,294322093,294383402,False,1
111874,4798,1722,294383403,294444844,False,1
111907,4799,4037,294444845,294506661,True,20
111933,4800,2593,294506662,294568007,False,1
111953,4801,4049,294568008,294629293,True,19
111971,4802,1329,294629294,294690661,False,1
111994,4803,2382,294690662,294751898,False,1
112016,4804,1603,294751899,294813235,False,1
112037,4805,1064,294813236,294874568,False,1
112063,4806,286,294874569,294935888,False,1
112083,4807,1918,294935889,294997188,False,1
112108,4808,568,294997189,295058506,False,1
112129,4809,243,295058507,295119834,False,1
112158,4810,2785,295119835,295181115,False,1
112184,4811,4046,295181116,295242481,True,19
112201,4812,3063,295242482,295303797,False,1
112219,4813,3097,295303798,295365139,False,1
112244,4814,1843,295365140,295426462,False,1
112265,4815,4019,295426463,295487690,True,18
112288,4816,3383,295487691,295549093,False,1
112308,4817,491,295549094,295610480,False,1
112333,4818,1752,295610481,295671910,False,1
112358,4819,2306,295671911,295733304,False,1
112386,4820,2030,295733305,295794684,False,1
112410,4821,4005,295794685,295856022,True,19
112427,4822,2368,295856023,295917332,False,1
112449,4823,2753,295917333,295978719,False,1
112485,4824,4022,295978720,296040142,True,20
112510,4825,2479,296040143,296101544,False,1
112534,4826,2782,296101545,296162840,False,1
112561,4827,553,296162841,296224210,False,1
112580,4828,2205,296224211,296285560,False,1
112609,4829,949,296285561,296346941,False,1
112632,4830,4009,296346942,296408324,True,18
112652,4831,4046,296408325,296469722,True,20
112669,4832,2858,296469723,296531137,False,1
112698,4833,3108,296531138,296592439,False,1
112717,4834,3347,296592440,296653784,False,1
112738,4835,275,296653785,296715121,False,1
112760,4836,1711,296715122,296776462,False,1
112779,4837,2955,296776463,296837825,False,1
112809,4838,1996,296837826,296899129,False,1
112830,4839,3289,296899130,296960512,False,1
112856,4840,4024,296960513,297021845,True,19
112886,4841,3456,297021846,297083186,False,1
112905,4842,1221,297083187,297144501,False,1
112927,4843,3897,297144502,297205868,False,1
112947,4844,3524,297205869,297267176,False,1
112963,4845,3949,297267177,297328527,False,1
112981,4846,3397,297328528,297389932,False,1
113009,4847,28,297389933,297451361,False,1
113032,4848,3857,297451362,297512741,False,1
113045,4849,4009,297512742,297574081,True,19
113065,4850,2421,297574082,297635456,False,1
113098,4851,4021,297635457,297696831,True,20
113120,4852,2881,297696832,297758165,False,1
113138,4853,3238,297758166,297819560,False,1
113167,4854,1537,297819561,297880971,False,1
113193,4855,4039,297880972,297942397,True,19
113216,4856,4001,297942398,298003785,True,20
113256,4857,4013,298003786,298065195,True,20
113269,4858,2177,298065196,298126557,False,1
113295,4859,893,298126558,298187929,False,1
113308,4860,4019,298187930,298249283,True,19
113331,4861,711,298249284,298310657,False,1
113349,4862,3898,298310658,298372045,False,1
113369,4863,3701,298372046,298433301,False,1
113385,4864,130,298433302,298494691,False,1
113409,4865,217,298494692,298556014,False,1
113437,4866,3480,298556015,298617418,False,1
113458,4867,3432,298617419,298678784,False,1
113486,4868,1347,298678785,298740215,False,1
113513,4869,12,298740216,298801614,False,1
113536,4870,2699,298801615,298862973,False,1
113551,4871,427,298862974,298924388,False,1
113572,4872,3261,298924389,298985723,False,1
113589,4873,3368,298985724,299047051,False,1
113610,4874,1747,299047052,299108356,False,1
113634,4875,4020,299108357,299169724,True,20
113655,4876,3665,299169725,299230992,False,1
113679,4877,343,299230993,299292372,False,1
113701,4878,3113,299292373,299353660,False,1
113722,4879,2501,299353661,299415091,False,1
113738,4880,4039,299415092,299476491,True,20
113761,4881,3040,299476492,299537841,False,1
113786,4882,133,299537842,299599213,False,1
113811,4883,4047,299599214,299660624,True,19
113833,4884,3696,299660625,299721995,False,1
113865,4885,3577,299721996,299783234,False,1
113894,4886,3334,299783235,299844659,False,1
113914,4887,1707,299844660,299906046,False,1
113929,4888,293,299906047,299967340,False,1
113953,4889,2492,299967341,300028741,False,1
113973,4890,8,300028742,300090101,False,1
114001,4891,2036,300090102,300151501,False,1
114028,4892,4030,300151502,300212779,True,20
114056,4893,3442,300212780,300274094,False,1
114085,4894,2273,300274095,300335479,False,1
114108,4895,4032,300335480,300396807,True,20
114144,4896,4019,300396808,300458139,True,20
114167,4897,3435,300458140,300519473,False,1
114194,4898,4017,300519474,300580819,True,20
114216,4899,3556,300580820,300642187,False,1
114245,4900,3306,300642188,300703507,False,1
114268,4901,808,300703508,300764777,False,1
114289,4902,80,300764778,300826182,False,1
114312,4903,4026,300826183,300887518,True,19
114334,4904,4005,300887519,300948935,True,20
114351,4905,3410,300948936,301010341,False,1
114369,4906,650,301010342,301071735,False,1
114391,4907,2743,301071736,301133154,False,1
114412,4908,3265,301133155,301194547,False,1
114441,4909,4024,301194548,301255914,True,20
114471,4910,3357,301255915,301317288,False,1
114488,4911,266,301317289,301378734,False,1
114512,4912,684,301378735,301440149,False,1
114546,4913,4026,301440150,301501523,True,20
114568,4914,1256,301501524,301562818,False,1
114585,4915,854,301562819,301624083,False,1
114608,4916,2620,301624084,301685418,False,1
114636,4917,2764,301685419,301746811,False,1
114654,4918,4047,301746812,301808179,True,20
114676,4919,677,301808180,301869508,False,1
114694,4920,4049,301869509,301930934,True,20
114712,4921,2845,301930935,301992360,False,1
114731,4922,2771,301992361,302053663,False,1
114751,4923,1560,302053664,302115032,False,1
114767,4924,1608,302115033,302176420,False,1
114790,4925,4009,302176421,302237729,True,20
114810,4926,441,302237730,302299031,False,1
114829,4927,1044,302299032,302360427,False,1
114850,4928,2406,302360428,302421825,False,1
114883,4929,1490,302421826,302483143,False,1
114907,4930,56,302483144,302544505,False,1
114933,4931,2580,302544506,302605902,False,1
114954,4932,69,302605903,302667328,False,1
114969,4933,3277,302667329,302728704,False,1
114998,4934,4042,302728705,302789972,True,20
115024,4935,3645,302789973,302851349,False,1
115055,4936,4006,302851350,302912739,True,20
115075,4937,2604,302912740,302974067,False,1
115099,4938,301,302974068,303035406,False,1
115121,4939,1643,303035407,303096817,False,1
115151,4940,3650,303096818,303158133,False,1
115176,4941,2261,303158134,303219537,False,1
115198,4942,2963,303219538,303280887,False,1
115220,4943,1,303280888,303342314,False,1
115243,4944,3033,303342315,303403626,False,1
115265,4945,499,303403627,303464955,False,1
115289,4946,3759,303464956,303526327,False,1
115315,4947,2469,303526328,303587698,False,1
115334,4948,1352,303587699,303649068,False,1
115355,4949,1891,303649069,303710361,False,1
115377,4950,3422,303710362,303771643,False,1
115402,4951,94,303771644,303832949,False,1
115424,4952,3445,303832950,303894323,False,1
115451,4953,103,303894324,303955710,False,1
115480,4954,2803,303955711,304017008,False,1
115498,4955,1742,304017009,304078228,False,1
115524,4956,2532,304078229,304139492,False,1
115552,4957,276,304139493,304200820,False,1
115579,4958,4034,304200821,304262174,True,20
115603,4959,758,304262175,304323564,False,1
115626,4960,62,304323565,304384958,False,1
115655,4961,2748,304384959,304446321,False,1
115695,4962,2936,304446322,304507590,False,1
115709,4963,785,304507591,304568933,False,1
115729,4964,4036,304568934,304630157,True,20
115751,4965,1750,304630158,304691522,False,1
115780,4966,3137,304691523,304752870,False,1
115799,4967,1793,304752871,304814255,False,1
115827,4968,3433,304814256,304875647,False,1
115854,4969,2991,304875648,304937027,False,1
115875,4970,3411,304937028,304998376,False,1
115897,4971,1833,304998377,305059760,False,1
115921,4972,2911,305059761,305121027,False,1
115949,4973,4027,305121028,305182390,True,20
115973,4974,747,305182391,305243694,False,1
115999,4975,222,305243695,305304978,False,1
116031,4976,1074,305304979,305366378,False,1
116054,4977,3806,305366379,305427730,False,1
116077,4978,2890,305427731,305489089,False,1
116097,4979,911,305489090,305550396,False,1
116123,4980,1825,305550397,305611765,False,1
116148,4981,3457,305611766,305673087,False,1
116169,4982,214,305673088,305734454,False,1
116193,4983,3925,305734455,305795875,False,1
116207,4984,3496,305795876,305857227,False,1
116233,4985,762,305857228,305918586,False,1
116263,4986,1198,305918587,305979933,False,1
116283,4987,2498,305979934,306041278,False,1
116295,4988,1480,306041279,306102632,False,1
116320,4989,3744,306102633,306163918,False,1
116342,4990,4025,306163919,306225324,True,20
116364,4991,3995,306225325,306286750,False,1
116396,4992,3146,306286751,306348117,False,1
116418,4993,3466,306348118,306409467,False,1
116442,4994,649,306409468,306470828,False,1
116466,4995,3286,306470829,306532161,False,1
116485,4996,111,306532162,306593534,False,1
116521,4997,4012,306593535,306654826,True,20
116544,4998,1033,306654827,306716198,False,1
116564,4999,1236,306716199,306718198,False,1
