run_dir,model_type,batch_avg_test_loss,batch_avg_test_corr,all_test_fve,AR_FVE,AR_test_correlation,best_val_corr,total_params,trainable_params,epochs_trained,mean_pattern_corr,history,init_state,loo_avg_mean_corr,model_avg_mean_corr,neurons_model_beats_loo_avg,loo_temporal_mean_corr,all_test_corr,neurons_model_beats_loo_temporal,kernel_sizes,conv_channels,fc_dims,slurm_job_id,hostname,wall_time_s,run_id,config_id,experiment
/scratch/sb272/patterns5k_results/slurm_base_cnn_2026-03-03_15-12-57/trial_0000_learning_rate=1.0e-04_kernel_sizes=3_conv_channels=128_fc_dims=256_seed0,cnn,0.17015916430950165,0.11669820872527846,0.016438118049076626,,,0.11946464259444563,65727,65727,50,0.4277017896699311,0,True,0.45456832695830385,0.25387432740668836,1,0.31855225563049316,0.11812466382980347,0,[3],[128],[256],6837017,bb3u16c1,283.1,trial_0000_learning_rate=1.0e-04_kernel_sizes=3_conv_channels=128_fc_dims=256_seed0,94a08d89d0,trial_0000_learning_rate=1.0e-04_kernel_sizes=3_conv_channels=128_fc_dims=256_seed0
/scratch/sb272/patterns5k_results/slurm_base_cnn_2026-03-03_15-12-57/trial_0000_learning_rate=1.0e-04_kernel_sizes=3_conv_channels=128_fc_dims=256_seed1,cnn,0.17023032915592193,0.11637464539396608,0.016453700406210765,,,0.11976262390997379,65727,65727,50,0.43166178709762215,0,True,0.45456832695830385,0.25706197970172884,1,0.31855225563049316,0.11787925660610199,0,[3],[128],[256],6837017,bb3u16c1,284.9,trial_0000_learning_rate=1.0e-04_kernel_sizes=3_conv_channels=128_fc_dims=256_seed1,94a08d89d0,trial_0000_learning_rate=1.0e-04_kernel_sizes=3_conv_channels=128_fc_dims=256_seed1
/scratch/sb272/patterns5k_results/slurm_base_cnn_2026-03-03_15-12-57/trial_0000_learning_rate=1.0e-04_kernel_sizes=3_conv_channels=128_fc_dims=256_seed2,cnn,0.1701822897195816,0.11673960638711167,0.016098917476714603,,,0.11528259319408181,65727,65727,50,0.4091718085117095,0,True,0.45456832695830385,0.24600297362303872,1,0.31855225563049316,0.11794991791248322,0,[3],[128],[256],6837017,bb3u16c1,255.6,trial_0000_learning_rate=1.0e-04_kernel_sizes=3_conv_channels=128_fc_dims=256_seed2,94a08d89d0,trial_0000_learning_rate=1.0e-04_kernel_sizes=3_conv_channels=128_fc_dims=256_seed2
/scratch/sb272/patterns5k_results/slurm_base_cnn_2026-03-03_15-12-57/trial_0001_learning_rate=1.0e-04_kernel_sizes=5_conv_channels=128_fc_dims=256_seed0,cnn,0.16993569493293761,0.11772176819893448,0.016673554503728472,,,0.11854361400697648,76479,76479,50,0.42727832688133327,0,True,0.45456832695830385,0.2526665188661414,1,0.31855225563049316,0.11902030557394028,0,[5],[128],[256],6837017,bb3u16c1,272.5,trial_0001_learning_rate=1.0e-04_kernel_sizes=5_conv_channels=128_fc_dims=256_seed0,e1e17fef33,trial_0001_learning_rate=1.0e-04_kernel_sizes=5_conv_channels=128_fc_dims=256_seed0
/scratch/sb272/patterns5k_results/slurm_base_cnn_2026-03-03_15-12-57/trial_0001_learning_rate=1.0e-04_kernel_sizes=5_conv_channels=128_fc_dims=256_seed1,cnn,0.17052032709121703,0.11637479896012828,0.014904111150711302,,,0.11994686775578425,76479,76479,50,0.42362259710827843,0,True,0.45456832695830385,0.2482689993783726,1,0.31855225563049316,0.11752651631832123,0,[5],[128],[256],6837017,bb3u16c1,264.8,trial_0001_learning_rate=1.0e-04_kernel_sizes=5_conv_channels=128_fc_dims=256_seed1,e1e17fef33,trial_0001_learning_rate=1.0e-04_kernel_sizes=5_conv_channels=128_fc_dims=256_seed1
/scratch/sb272/patterns5k_results/slurm_base_cnn_2026-03-03_15-12-57/trial_0001_learning_rate=1.0e-04_kernel_sizes=5_conv_channels=128_fc_dims=256_seed2,cnn,0.17012751269340515,0.11613142783641903,0.015785931594788083,,,0.11227722115457174,76479,76479,50,0.4310600821919614,0,True,0.45456832695830385,0.25286857143549935,1,0.31855225563049316,0.11726325750350952,0,[5],[128],[256],6837017,bb3u16c1,262.4,trial_0001_learning_rate=1.0e-04_kernel_sizes=5_conv_channels=128_fc_dims=256_seed2,e1e17fef33,trial_0001_learning_rate=1.0e-04_kernel_sizes=5_conv_channels=128_fc_dims=256_seed2
/scratch/sb272/patterns5k_results/slurm_base_cnn_2026-03-03_15-12-57/trial_0002_learning_rate=1.0e-04_kernel_sizes=10_conv_channels=128_fc_dims=256_seed0,cnn,0.1707084492444992,0.10867992824673525,0.013468614646366664,,,0.10976664789231075,103359,103359,50,0.3868439664259008,0,True,0.45456832695830385,0.2194510245656757,1,0.31855225563049316,0.10917267948389053,0,[10],[128],[256],6837017,bb3u16c1,302.1,trial_0002_learning_rate=1.0e-04_kernel_sizes=10_conv_channels=128_fc_dims=256_seed0,6e57062d13,trial_0002_learning_rate=1.0e-04_kernel_sizes=10_conv_channels=128_fc_dims=256_seed0
/scratch/sb272/patterns5k_results/slurm_base_cnn_2026-03-03_15-12-57/trial_0002_learning_rate=1.0e-04_kernel_sizes=10_conv_channels=128_fc_dims=256_seed1,cnn,0.1713585922718048,0.1020880091150548,0.01109899982573494,,,0.107910362232214,103359,103359,50,0.3838948305724878,0,True,0.45456832695830385,0.21534693918428896,0,0.31855225563049316,0.10240397602319717,0,[10],[128],[256],6837017,bb3u16c1,256.7,trial_0002_learning_rate=1.0e-04_kernel_sizes=10_conv_channels=128_fc_dims=256_seed1,6e57062d13,trial_0002_learning_rate=1.0e-04_kernel_sizes=10_conv_channels=128_fc_dims=256_seed1
/scratch/sb272/patterns5k_results/slurm_base_cnn_2026-03-03_15-12-57/trial_0002_learning_rate=1.0e-04_kernel_sizes=10_conv_channels=128_fc_dims=256_seed2,cnn,0.1709756087064743,0.10637328229663898,0.012335423439268082,,,0.10176465403304083,103359,103359,50,0.38943362699013817,0,True,0.45456832695830385,0.21891813482757672,0,0.31855225563049316,0.10691209882497787,0,[10],[128],[256],6837017,bb3u16c1,260.3,trial_0002_learning_rate=1.0e-04_kernel_sizes=10_conv_channels=128_fc_dims=256_seed2,6e57062d13,trial_0002_learning_rate=1.0e-04_kernel_sizes=10_conv_channels=128_fc_dims=256_seed2
/scratch/sb272/patterns5k_results/slurm_base_cnn_2026-03-03_15-12-57/trial_0003_learning_rate=1.0e-04_kernel_sizes=30_conv_channels=256_fc_dims=256_seed0,cnn,0.1714004203081131,0.1162323459816293,0.014861695350162567,,,0.11298812901904703,405311,405311,50,0.2950575934308781,0,True,0.45456832695830385,0.16670257889052245,0,0.31855225563049316,0.1174834594130516,0,[30],[256],[256],6837017,bb3u16c1,411.0,trial_0003_learning_rate=1.0e-04_kernel_sizes=30_conv_channels=256_fc_dims=256_seed0,f68af5481d,trial_0003_learning_rate=1.0e-04_kernel_sizes=30_conv_channels=256_fc_dims=256_seed0
/scratch/sb272/patterns5k_results/slurm_base_cnn_2026-03-03_15-12-57/trial_0003_learning_rate=1.0e-04_kernel_sizes=30_conv_channels=256_fc_dims=256_seed1,cnn,0.17146035408973695,0.11730879260052464,0.01396721601486206,,,0.11455030479293958,405311,405311,50,0.2997800568541593,0,True,0.45456832695830385,0.17114990734956992,0,0.31855225563049316,0.1190590113401413,0,[30],[256],[256],6837017,bb3u16c1,462.1,trial_0003_learning_rate=1.0e-04_kernel_sizes=30_conv_channels=256_fc_dims=256_seed1,f68af5481d,trial_0003_learning_rate=1.0e-04_kernel_sizes=30_conv_channels=256_fc_dims=256_seed1
/scratch/sb272/patterns5k_results/slurm_base_cnn_2026-03-03_15-12-57/trial_0003_learning_rate=1.0e-04_kernel_sizes=30_conv_channels=256_fc_dims=256_seed2,cnn,0.17133336150646208,0.11425875383143905,0.013698212684146942,,,0.10821692409664917,405311,405311,50,0.26734212964852927,0,True,0.45456832695830385,0.1541390053253045,0,0.31855225563049316,0.11507633328437805,0,[30],[256],[256],6837017,bb3u16c1,403.5,trial_0003_learning_rate=1.0e-04_kernel_sizes=30_conv_channels=256_fc_dims=256_seed2,f68af5481d,trial_0003_learning_rate=1.0e-04_kernel_sizes=30_conv_channels=256_fc_dims=256_seed2
/scratch/sb272/patterns5k_results/slurm_base_cnn_2026-03-03_15-12-57/trial_0004_learning_rate=1.0e-04_kernel_sizes=60_conv_channels=256_fc_dims=256_seed0,cnn,0.1733835061788559,0.10729450411737564,0.009958258696964808,,,0.09964900215984483,727871,727871,50,0.1522618395760625,0,True,0.45456832695830385,0.08497673426037605,0,0.31855225563049316,0.10781549662351608,0,[60],[256],[256],6837017,bb3u16c1,584.7,trial_0004_learning_rate=1.0e-04_kernel_sizes=60_conv_channels=256_fc_dims=256_seed0,fca922c7bc,trial_0004_learning_rate=1.0e-04_kernel_sizes=60_conv_channels=256_fc_dims=256_seed0
/scratch/sb272/patterns5k_results/slurm_base_cnn_2026-03-03_15-12-57/trial_0004_learning_rate=1.0e-04_kernel_sizes=60_conv_channels=256_fc_dims=256_seed1,cnn,0.17370538187026976,0.1060090041542851,0.00931138935543242,,,0.10328995195288346,727871,727871,50,0.17742809500738063,0,True,0.45456832695830385,0.1000726582770186,0,0.31855225563049316,0.10681522637605667,0,[60],[256],[256],6837017,bb3u16c1,643.2,trial_0004_learning_rate=1.0e-04_kernel_sizes=60_conv_channels=256_fc_dims=256_seed1,fca922c7bc,trial_0004_learning_rate=1.0e-04_kernel_sizes=60_conv_channels=256_fc_dims=256_seed1
/scratch/sb272/patterns5k_results/slurm_base_cnn_2026-03-03_15-12-57/trial_0004_learning_rate=1.0e-04_kernel_sizes=60_conv_channels=256_fc_dims=256_seed2,cnn,0.17416976475715637,0.10681950872029428,0.01028956969579061,,,0.09893746384673271,727871,727871,50,0.1616335432898043,0,True,0.45456832695830385,0.09112157693146385,0,0.31855225563049316,0.10787487030029297,0,[60],[256],[256],6837017,bb3u16c1,576.2,trial_0004_learning_rate=1.0e-04_kernel_sizes=60_conv_channels=256_fc_dims=256_seed2,fca922c7bc,trial_0004_learning_rate=1.0e-04_kernel_sizes=60_conv_channels=256_fc_dims=256_seed2
/scratch/sb272/patterns5k_results/slurm_base_cnn_2026-03-03_15-12-57/trial_0005_learning_rate=1.0e-04_kernel_sizes=10x3_conv_channels=256x128_fc_dims=256_seed0,cnn,0.17118799340724944,0.11430169985862455,0.007978419462839762,,,0.11105390752623352,256191,256191,50,0.39347317884947625,0,True,0.45456832695830385,0.23201931301093479,1,0.31855225563049316,0.11502666026353836,0,"[10, 3]","[256, 128]",[256],6837017,bb3u16c1,409.2,trial_0005_learning_rate=1.0e-04_kernel_sizes=10x3_conv_channels=256x128_fc_dims=256_seed0,9e064e0e8a,trial_0005_learning_rate=1.0e-04_kernel_sizes=10x3_conv_channels=256x128_fc_dims=256_seed0
/scratch/sb272/patterns5k_results/slurm_base_cnn_2026-03-03_15-12-57/trial_0005_learning_rate=1.0e-04_kernel_sizes=10x3_conv_channels=256x128_fc_dims=256_seed1,cnn,0.1709804928302765,0.11802587304028762,0.00879026973058307,,,0.1205624866139173,256191,256191,50,0.41007696812678823,0,True,0.45456832695830385,0.24294843405017275,1,0.31855225563049316,0.11874823272228241,0,"[10, 3]","[256, 128]",[256],6837017,bb3u16c1,359.8,trial_0005_learning_rate=1.0e-04_kernel_sizes=10x3_conv_channels=256x128_fc_dims=256_seed1,9e064e0e8a,trial_0005_learning_rate=1.0e-04_kernel_sizes=10x3_conv_channels=256x128_fc_dims=256_seed1
/scratch/sb272/patterns5k_results/slurm_base_cnn_2026-03-03_15-12-57/trial_0005_learning_rate=1.0e-04_kernel_sizes=10x3_conv_channels=256x128_fc_dims=256_seed2,cnn,0.17060785603523254,0.1176849837058802,0.010577365519508483,,,0.11211323744349432,256191,256191,50,0.4215477243534982,0,True,0.45456832695830385,0.24555476067680726,1,0.31855225563049316,0.11891604959964752,0,"[10, 3]","[256, 128]",[256],6837017,bb3u16c1,389.0,trial_0005_learning_rate=1.0e-04_kernel_sizes=10x3_conv_channels=256x128_fc_dims=256_seed2,9e064e0e8a,trial_0005_learning_rate=1.0e-04_kernel_sizes=10x3_conv_channels=256x128_fc_dims=256_seed2
/scratch/sb272/patterns5k_results/slurm_base_cnn_2026-03-03_15-12-57/trial_0006_learning_rate=1.0e-04_kernel_sizes=30x5_conv_channels=256x128_fc_dims=256_seed0,cnn,0.17361806786060333,0.10430655530579044,0.0014716084041292705,,,0.10170508024294077,536767,536767,50,0.27634106126017766,0,True,0.45456832695830385,0.15649297815775387,1,0.31855225563049316,0.10519777983427048,0,"[30, 5]","[256, 128]",[256],6837017,bb3u16c1,509.4,trial_0006_learning_rate=1.0e-04_kernel_sizes=30x5_conv_channels=256x128_fc_dims=256_seed0,4f1c78ad38,trial_0006_learning_rate=1.0e-04_kernel_sizes=30x5_conv_channels=256x128_fc_dims=256_seed0
/scratch/sb272/patterns5k_results/slurm_base_cnn_2026-03-03_15-12-57/trial_0006_learning_rate=1.0e-04_kernel_sizes=30x5_conv_channels=256x128_fc_dims=256_seed1,cnn,0.17264839041233063,0.10851953401116729,0.0034627763051835315,,,0.10366888649082452,536767,536767,50,0.31945234031536507,0,True,0.45456832695830385,0.18263818053269418,0,0.31855225563049316,0.10959583520889282,0,"[30, 5]","[256, 128]",[256],6837017,bb3u16c1,481.6,trial_0006_learning_rate=1.0e-04_kernel_sizes=30x5_conv_channels=256x128_fc_dims=256_seed1,4f1c78ad38,trial_0006_learning_rate=1.0e-04_kernel_sizes=30x5_conv_channels=256x128_fc_dims=256_seed1
/scratch/sb272/patterns5k_results/slurm_base_cnn_2026-03-03_15-12-57/trial_0006_learning_rate=1.0e-04_kernel_sizes=30x5_conv_channels=256x128_fc_dims=256_seed2,cnn,0.17291371667385103,0.1096340951889247,0.004060661981976222,,,0.09495181690220347,536767,536767,50,0.31891874344579285,0,True,0.45456832695830385,0.18258984645958656,1,0.31855225563049316,0.11087314039468765,0,"[30, 5]","[256, 128]",[256],6837017,bb3u16c1,468.5,trial_0006_learning_rate=1.0e-04_kernel_sizes=30x5_conv_channels=256x128_fc_dims=256_seed2,4f1c78ad38,trial_0006_learning_rate=1.0e-04_kernel_sizes=30x5_conv_channels=256x128_fc_dims=256_seed2
/scratch/sb272/patterns5k_results/slurm_base_cnn_2026-03-03_15-12-57/trial_0007_learning_rate=1.0e-04_kernel_sizes=5x5_conv_channels=128x64_fc_dims=256_seed0,cnn,0.17078350007534027,0.11039865258460639,0.011238682837713333,,,0.11107267839022868,101247,101247,50,0.3815460358644444,0,True,0.45456832695830385,0.22031411715792812,1,0.31855225563049316,0.11112938076257706,0,"[5, 5]","[128, 64]",[256],6837017,bb3u16c1,299.7,trial_0007_learning_rate=1.0e-04_kernel_sizes=5x5_conv_channels=128x64_fc_dims=256_seed0,4791c991de,trial_0007_learning_rate=1.0e-04_kernel_sizes=5x5_conv_channels=128x64_fc_dims=256_seed0
/scratch/sb272/patterns5k_results/slurm_base_cnn_2026-03-03_15-12-57/trial_0007_learning_rate=1.0e-04_kernel_sizes=5x5_conv_channels=128x64_fc_dims=256_seed1,cnn,0.17005962216854095,0.11392083187945201,0.014056371317969428,,,0.11846069166269757,101247,101247,50,0.4063130634622292,0,True,0.45456832695830385,0.23813023039627454,1,0.31855225563049316,0.11507823318243027,0,"[5, 5]","[128, 64]",[256],6837017,bb3u16c1,307.0,trial_0007_learning_rate=1.0e-04_kernel_sizes=5x5_conv_channels=128x64_fc_dims=256_seed1,4791c991de,trial_0007_learning_rate=1.0e-04_kernel_sizes=5x5_conv_channels=128x64_fc_dims=256_seed1
/scratch/sb272/patterns5k_results/slurm_base_cnn_2026-03-03_15-12-57/trial_0007_learning_rate=1.0e-04_kernel_sizes=5x5_conv_channels=128x64_fc_dims=256_seed2,cnn,0.17068898665905,0.11479378048285496,0.011808981025029742,,,0.11118603560351897,101247,101247,50,0.39426887074577954,0,True,0.45456832695830385,0.23087582591560257,1,0.31855225563049316,0.11570943146944046,0,"[5, 5]","[128, 64]",[256],6837017,bb3u16c1,291.7,trial_0007_learning_rate=1.0e-04_kernel_sizes=5x5_conv_channels=128x64_fc_dims=256_seed2,4791c991de,trial_0007_learning_rate=1.0e-04_kernel_sizes=5x5_conv_channels=128x64_fc_dims=256_seed2
/scratch/sb272/patterns5k_results/slurm_base_cnn_2026-03-03_15-12-57/trial_0008_learning_rate=1.0e-04_kernel_sizes=10x5x3_conv_channels=256x128x64_fc_dims=256_seed0,cnn,0.17120022070407867,0.10212082773696092,0.011223501629299588,,,0.09664645127541531,330111,330111,50,0.2521383815587088,0,True,0.45456832695830385,0.14077844299735923,0,0.31855225563049316,0.10236653685569763,0,"[10, 5, 3]","[256, 128, 64]",[256],6837017,bb3u16c1,368.1,trial_0008_learning_rate=1.0e-04_kernel_sizes=10x5x3_conv_channels=256x128x64_fc_dims=256_seed0,586e07cdae,trial_0008_learning_rate=1.0e-04_kernel_sizes=10x5x3_conv_channels=256x128x64_fc_dims=256_seed0
/scratch/sb272/patterns5k_results/slurm_base_cnn_2026-03-03_15-12-57/trial_0008_learning_rate=1.0e-04_kernel_sizes=10x5x3_conv_channels=256x128x64_fc_dims=256_seed1,cnn,0.1711000152826309,0.10169242015700015,0.011211211719210185,,,0.10164907315556802,330111,330111,50,0.30870266847910005,0,True,0.45456832695830385,0.17270865861739074,0,0.31855225563049316,0.10222243517637253,0,"[10, 5, 3]","[256, 128, 64]",[256],6837017,bb3u16c1,361.5,trial_0008_learning_rate=1.0e-04_kernel_sizes=10x5x3_conv_channels=256x128x64_fc_dims=256_seed1,586e07cdae,trial_0008_learning_rate=1.0e-04_kernel_sizes=10x5x3_conv_channels=256x128x64_fc_dims=256_seed1
/scratch/sb272/patterns5k_results/slurm_base_cnn_2026-03-03_15-12-57/trial_0008_learning_rate=1.0e-04_kernel_sizes=10x5x3_conv_channels=256x128x64_fc_dims=256_seed2,cnn,0.17062222802639007,0.10454692828786864,0.01181935601764255,,,0.0956478188544573,330111,330111,43,0.31511427702920347,0,True,0.45456832695830385,0.1725705782580652,2,0.31855225563049316,0.10470983386039734,0,"[10, 5, 3]","[256, 128, 64]",[256],6837017,bb3u16c1,329.5,trial_0008_learning_rate=1.0e-04_kernel_sizes=10x5x3_conv_channels=256x128x64_fc_dims=256_seed2,586e07cdae,trial_0008_learning_rate=1.0e-04_kernel_sizes=10x5x3_conv_channels=256x128x64_fc_dims=256_seed2
/scratch/sb272/patterns5k_results/slurm_base_cnn_2026-03-03_15-12-57/trial_0009_learning_rate=1.0e-04_kernel_sizes=3_conv_channels=128_fc_dims=256_seed0,cnn,0.17013147675991058,0.1157172409400863,0.016426710855393184,,,0.11873413991807091,65727,65727,50,0.4196932984462598,0,True,0.45456832695830385,0.24858936894735026,1,0.31855225563049316,0.1169060468673706,0,[3],[128],[256],6837017,bb3u16c1,230.5,trial_0009_learning_rate=1.0e-04_kernel_sizes=3_conv_channels=128_fc_dims=256_seed0,0c79b032b3,trial_0009_learning_rate=1.0e-04_kernel_sizes=3_conv_channels=128_fc_dims=256_seed0
/scratch/sb272/patterns5k_results/slurm_base_cnn_2026-03-03_15-12-57/trial_0009_learning_rate=1.0e-04_kernel_sizes=3_conv_channels=128_fc_dims=256_seed1,cnn,0.17029478347301483,0.11441246300634851,0.015513425781613304,,,0.12083930709258363,65727,65727,50,0.43575928414325094,0,True,0.45456832695830385,0.2576502757951689,1,0.31855225563049316,0.11573661118745804,0,[3],[128],[256],6837017,bb3u16c1,227.3,trial_0009_learning_rate=1.0e-04_kernel_sizes=3_conv_channels=128_fc_dims=256_seed1,0c79b032b3,trial_0009_learning_rate=1.0e-04_kernel_sizes=3_conv_channels=128_fc_dims=256_seed1
/scratch/sb272/patterns5k_results/slurm_base_cnn_2026-03-03_15-12-57/trial_0009_learning_rate=1.0e-04_kernel_sizes=3_conv_channels=128_fc_dims=256_seed2,cnn,0.16998744368553162,0.1165743385652412,0.016713961722358825,,,0.1137209998430398,65727,65727,50,0.42919385786804004,0,True,0.45456832695830385,0.2531740646978332,1,0.31855225563049316,0.11772851645946503,0,[3],[128],[256],6837017,bb3u16c1,233.2,trial_0009_learning_rate=1.0e-04_kernel_sizes=3_conv_channels=128_fc_dims=256_seed2,0c79b032b3,trial_0009_learning_rate=1.0e-04_kernel_sizes=3_conv_channels=128_fc_dims=256_seed2
/scratch/sb272/patterns5k_results/slurm_base_cnn_2026-03-03_15-12-57/trial_0010_learning_rate=1.0e-04_kernel_sizes=5_conv_channels=128_fc_dims=256_seed0,cnn,0.170492302775383,0.11268393502443128,0.014259775479634603,,,0.11682406908187834,76479,76479,50,0.4096447333449205,0,True,0.45456832695830385,0.23976900965678596,1,0.31855225563049316,0.11350490897893906,0,[5],[128],[256],6837017,bb3u16c1,230.6,trial_0010_learning_rate=1.0e-04_kernel_sizes=5_conv_channels=128_fc_dims=256_seed0,39fe616ca8,trial_0010_learning_rate=1.0e-04_kernel_sizes=5_conv_channels=128_fc_dims=256_seed0
/scratch/sb272/patterns5k_results/slurm_base_cnn_2026-03-03_15-12-57/trial_0010_learning_rate=1.0e-04_kernel_sizes=5_conv_channels=128_fc_dims=256_seed1,cnn,0.17030912947654725,0.11479851147356249,0.015546407964494493,,,0.1202638193597083,76479,76479,50,0.4174625593362209,0,True,0.45456832695830385,0.2454352103909674,1,0.31855225563049316,0.11588886380195618,0,[5],[128],[256],6837017,bb3u16c1,237.3,trial_0010_learning_rate=1.0e-04_kernel_sizes=5_conv_channels=128_fc_dims=256_seed1,39fe616ca8,trial_0010_learning_rate=1.0e-04_kernel_sizes=5_conv_channels=128_fc_dims=256_seed1
/scratch/sb272/patterns5k_results/slurm_base_cnn_2026-03-03_15-12-57/trial_0010_learning_rate=1.0e-04_kernel_sizes=5_conv_channels=128_fc_dims=256_seed2,cnn,0.1701463544368744,0.11418828853648731,0.015975683454483275,,,0.11120254494622576,76479,76479,50,0.41963279752884264,0,True,0.45456832695830385,0.2461519243509207,1,0.31855225563049316,0.11558718234300613,0,[5],[128],[256],6837017,bb3u16c1,232.1,trial_0010_learning_rate=1.0e-04_kernel_sizes=5_conv_channels=128_fc_dims=256_seed2,39fe616ca8,trial_0010_learning_rate=1.0e-04_kernel_sizes=5_conv_channels=128_fc_dims=256_seed2
/scratch/sb272/patterns5k_results/slurm_base_cnn_2026-03-03_15-12-57/trial_0011_learning_rate=1.0e-04_kernel_sizes=10_conv_channels=128_fc_dims=256_seed0,cnn,0.171138214468956,0.10592332308738847,0.012186201791914682,,,0.1066611842758447,103359,103359,50,0.3892943446964123,0,True,0.45456832695830385,0.22210390847743486,1,0.31855225563049316,0.10651712119579315,0,[10],[128],[256],6837017,bb3u16c1,246.1,trial_0011_learning_rate=1.0e-04_kernel_sizes=10_conv_channels=128_fc_dims=256_seed0,12adc32d65,trial_0011_learning_rate=1.0e-04_kernel_sizes=10_conv_channels=128_fc_dims=256_seed0
/scratch/sb272/patterns5k_results/slurm_base_cnn_2026-03-03_15-12-57/trial_0011_learning_rate=1.0e-04_kernel_sizes=10_conv_channels=128_fc_dims=256_seed1,cnn,0.17072076284885407,0.10893844269662498,0.013721544591207353,,,0.1126186159067715,103359,103359,50,0.40057962310690004,0,True,0.45456832695830385,0.2285543977551697,1,0.31855225563049316,0.1099775955080986,0,[10],[128],[256],6837017,bb3u16c1,244.2,trial_0011_learning_rate=1.0e-04_kernel_sizes=10_conv_channels=128_fc_dims=256_seed1,12adc32d65,trial_0011_learning_rate=1.0e-04_kernel_sizes=10_conv_channels=128_fc_dims=256_seed1
/scratch/sb272/patterns5k_results/slurm_base_cnn_2026-03-03_15-12-57/trial_0011_learning_rate=1.0e-04_kernel_sizes=10_conv_channels=128_fc_dims=256_seed2,cnn,0.1709456877708435,0.10589708789179221,0.012865686227404883,,,0.10230283321531201,103359,103359,50,0.38933781485713453,0,True,0.45456832695830385,0.22036820096171197,1,0.31855225563049316,0.10668954253196716,0,[10],[128],[256],6837017,bb3u16c1,245.7,trial_0011_learning_rate=1.0e-04_kernel_sizes=10_conv_channels=128_fc_dims=256_seed2,12adc32d65,trial_0011_learning_rate=1.0e-04_kernel_sizes=10_conv_channels=128_fc_dims=256_seed2
/scratch/sb272/patterns5k_results/slurm_base_cnn_2026-03-03_15-12-57/trial_0012_learning_rate=1.0e-04_kernel_sizes=30_conv_channels=256_fc_dims=256_seed0,cnn,0.17150438725948333,0.11504257710963703,0.013930212883722214,,,0.10974569250156871,405311,405311,50,0.30282946536204053,0,True,0.45456832695830385,0.17331609939434717,0,0.31855225563049316,0.11647960543632507,0,[30],[256],[256],6837017,bb3u16c1,364.2,trial_0012_learning_rate=1.0e-04_kernel_sizes=30_conv_channels=256_fc_dims=256_seed0,76603a15f5,trial_0012_learning_rate=1.0e-04_kernel_sizes=30_conv_channels=256_fc_dims=256_seed0
/scratch/sb272/patterns5k_results/slurm_base_cnn_2026-03-03_15-12-57/trial_0012_learning_rate=1.0e-04_kernel_sizes=30_conv_channels=256_fc_dims=256_seed1,cnn,0.17129089903831482,0.11590765176192062,0.013697939259665353,,,0.11633262674087101,405311,405311,50,0.2989445174309957,0,True,0.45456832695830385,0.17114072422449997,0,0.31855225563049316,0.11763922870159149,0,[30],[256],[256],6837017,bb3u16c1,361.3,trial_0012_learning_rate=1.0e-04_kernel_sizes=30_conv_channels=256_fc_dims=256_seed1,76603a15f5,trial_0012_learning_rate=1.0e-04_kernel_sizes=30_conv_channels=256_fc_dims=256_seed1
/scratch/sb272/patterns5k_results/slurm_base_cnn_2026-03-03_15-12-57/trial_0012_learning_rate=1.0e-04_kernel_sizes=30_conv_channels=256_fc_dims=256_seed2,cnn,0.17099523890018464,0.11627255451005325,0.013878451453314887,,,0.10911232709046838,405311,405311,50,0.2933886309532662,0,True,0.45456832695830385,0.1669273221436652,0,0.31855225563049316,0.11783923208713531,0,[30],[256],[256],6837017,bb3u16c1,362.0,trial_0012_learning_rate=1.0e-04_kernel_sizes=30_conv_channels=256_fc_dims=256_seed2,76603a15f5,trial_0012_learning_rate=1.0e-04_kernel_sizes=30_conv_channels=256_fc_dims=256_seed2
/scratch/sb272/patterns5k_results/slurm_base_cnn_2026-03-03_15-12-57/trial_0013_learning_rate=1.0e-04_kernel_sizes=60_conv_channels=256_fc_dims=256_seed0,cnn,0.1740406552553177,0.11142363633717056,0.011538020202091761,,,0.10626410363208784,727871,727871,50,0.1968948920477043,0,True,0.45456832695830385,0.11054234941472225,0,0.31855225563049316,0.11236702650785446,0,[60],[256],[256],6837017,bb3u16c1,536.4,trial_0013_learning_rate=1.0e-04_kernel_sizes=60_conv_channels=256_fc_dims=256_seed0,55d9bc94ca,trial_0013_learning_rate=1.0e-04_kernel_sizes=60_conv_channels=256_fc_dims=256_seed0
/scratch/sb272/patterns5k_results/slurm_base_cnn_2026-03-03_15-12-57/trial_0013_learning_rate=1.0e-04_kernel_sizes=60_conv_channels=256_fc_dims=256_seed1,cnn,0.17409924161434173,0.10771189789496578,0.010245191672491648,,,0.10489887579369776,727871,727871,50,0.18295525259587433,0,True,0.45456832695830385,0.1019923336808163,0,0.31855225563049316,0.10873226076364517,0,[60],[256],[256],6837017,bb3u16c1,526.1,trial_0013_learning_rate=1.0e-04_kernel_sizes=60_conv_channels=256_fc_dims=256_seed1,55d9bc94ca,trial_0013_learning_rate=1.0e-04_kernel_sizes=60_conv_channels=256_fc_dims=256_seed1
/scratch/sb272/patterns5k_results/slurm_base_cnn_2026-03-03_15-12-57/trial_0013_learning_rate=1.0e-04_kernel_sizes=60_conv_channels=256_fc_dims=256_seed2,cnn,0.17391987347602844,0.11016576675460854,0.010869262710450188,,,0.10177181056767545,727871,727871,50,0.1738399252633739,0,True,0.45456832695830385,0.0989059524584728,0,0.31855225563049316,0.1109057366847992,0,[60],[256],[256],6837017,bb3u16c1,526.4,trial_0013_learning_rate=1.0e-04_kernel_sizes=60_conv_channels=256_fc_dims=256_seed2,55d9bc94ca,trial_0013_learning_rate=1.0e-04_kernel_sizes=60_conv_channels=256_fc_dims=256_seed2
/scratch/sb272/patterns5k_results/slurm_base_cnn_2026-03-03_15-12-57/trial_0014_learning_rate=1.0e-04_kernel_sizes=10x3_conv_channels=256x128_fc_dims=256_seed0,cnn,0.17125378739833833,0.11484294989304035,0.00812912554967971,,,0.11285292667657283,256191,256191,50,0.37118483906691724,0,True,0.45456832695830385,0.21581992754535057,1,0.31855225563049316,0.11535634100437164,0,"[10, 3]","[256, 128]",[256],6837017,bb3u16c1,322.1,trial_0014_learning_rate=1.0e-04_kernel_sizes=10x3_conv_channels=256x128_fc_dims=256_seed0,cd55e0e814,trial_0014_learning_rate=1.0e-04_kernel_sizes=10x3_conv_channels=256x128_fc_dims=256_seed0
/scratch/sb272/patterns5k_results/slurm_base_cnn_2026-03-03_15-12-57/trial_0014_learning_rate=1.0e-04_kernel_sizes=10x3_conv_channels=256x128_fc_dims=256_seed1,cnn,0.17106760907173157,0.1175988646569683,0.00808306818916684,,,0.11898639246184425,256191,256191,50,0.4286290792167808,0,True,0.45456832695830385,0.24702351901370637,1,0.31855225563049316,0.11850033700466156,0,"[10, 3]","[256, 128]",[256],6837017,bb3u16c1,322.5,trial_0014_learning_rate=1.0e-04_kernel_sizes=10x3_conv_channels=256x128_fc_dims=256_seed1,cd55e0e814,trial_0014_learning_rate=1.0e-04_kernel_sizes=10x3_conv_channels=256x128_fc_dims=256_seed1
/scratch/sb272/patterns5k_results/slurm_base_cnn_2026-03-03_15-12-57/trial_0014_learning_rate=1.0e-04_kernel_sizes=10x3_conv_channels=256x128_fc_dims=256_seed2,cnn,0.17067831945419312,0.11635610044027506,0.00974423544747489,,,0.11246322978282915,256191,256191,50,0.40754449875169707,0,True,0.45456832695830385,0.2372972663884417,1,0.31855225563049316,0.11745315790176392,0,"[10, 3]","[256, 128]",[256],6837017,bb3u16c1,321.7,trial_0014_learning_rate=1.0e-04_kernel_sizes=10x3_conv_channels=256x128_fc_dims=256_seed2,cd55e0e814,trial_0014_learning_rate=1.0e-04_kernel_sizes=10x3_conv_channels=256x128_fc_dims=256_seed2
/scratch/sb272/patterns5k_results/slurm_base_cnn_2026-03-03_15-12-57/trial_0015_learning_rate=1.0e-04_kernel_sizes=30x5_conv_channels=256x128_fc_dims=256_seed0,cnn,0.1734640657901764,0.10585473907109809,0.004168228497580876,,,0.10313521903359715,536767,536767,50,0.2822578761607019,0,True,0.45456832695830385,0.1637423756530259,0,0.31855225563049316,0.10670215636491776,0,"[30, 5]","[256, 128]",[256],6837017,bb3u16c1,432.6,trial_0015_learning_rate=1.0e-04_kernel_sizes=30x5_conv_channels=256x128_fc_dims=256_seed0,dd967ac824,trial_0015_learning_rate=1.0e-04_kernel_sizes=30x5_conv_channels=256x128_fc_dims=256_seed0
/scratch/sb272/patterns5k_results/slurm_base_cnn_2026-03-03_15-12-57/trial_0015_learning_rate=1.0e-04_kernel_sizes=30x5_conv_channels=256x128_fc_dims=256_seed1,cnn,0.17261124575138093,0.1090918373215904,0.004889448483784993,,,0.10145822448673851,536767,536767,50,0.30799145052615623,0,True,0.45456832695830385,0.1744371101303238,1,0.31855225563049316,0.11026034504175186,0,"[30, 5]","[256, 128]",[256],6837017,bb3u16c1,429.9,trial_0015_learning_rate=1.0e-04_kernel_sizes=30x5_conv_channels=256x128_fc_dims=256_seed1,dd967ac824,trial_0015_learning_rate=1.0e-04_kernel_sizes=30x5_conv_channels=256x128_fc_dims=256_seed1
/scratch/sb272/patterns5k_results/slurm_base_cnn_2026-03-03_15-12-57/trial_0015_learning_rate=1.0e-04_kernel_sizes=30x5_conv_channels=256x128_fc_dims=256_seed2,cnn,0.17252940583229065,0.107489575860058,0.0036580770734756713,,,0.09554443568629506,536767,536767,50,0.30790517707988296,0,True,0.45456832695830385,0.17434179214154427,0,0.31855225563049316,0.1082104817032814,0,"[30, 5]","[256, 128]",[256],6837017,bb3u16c1,432.2,trial_0015_learning_rate=1.0e-04_kernel_sizes=30x5_conv_channels=256x128_fc_dims=256_seed2,dd967ac824,trial_0015_learning_rate=1.0e-04_kernel_sizes=30x5_conv_channels=256x128_fc_dims=256_seed2
/scratch/sb272/patterns5k_results/slurm_base_cnn_2026-03-03_15-12-57/trial_0016_learning_rate=1.0e-04_kernel_sizes=5x5_conv_channels=128x64_fc_dims=256_seed0,cnn,0.17097758603096008,0.10735224718879409,0.010628648220546662,,,0.10455476100019288,101247,101247,50,0.3542337457620693,0,True,0.45456832695830385,0.20822525411012852,1,0.31855225563049316,0.10799863934516907,0,"[5, 5]","[128, 64]",[256],6837017,bb3u16c1,253.6,trial_0016_learning_rate=1.0e-04_kernel_sizes=5x5_conv_channels=128x64_fc_dims=256_seed0,c802fd08e3,trial_0016_learning_rate=1.0e-04_kernel_sizes=5x5_conv_channels=128x64_fc_dims=256_seed0
/scratch/sb272/patterns5k_results/slurm_base_cnn_2026-03-03_15-12-57/trial_0016_learning_rate=1.0e-04_kernel_sizes=5x5_conv_channels=128x64_fc_dims=256_seed1,cnn,0.17029721415042878,0.11577388255588675,0.013492833054254926,,,0.11775133967505198,101247,101247,50,0.39138077738823185,0,True,0.45456832695830385,0.2319758908629944,1,0.31855225563049316,0.11678127944469452,0,"[5, 5]","[128, 64]",[256],6837017,bb3u16c1,252.7,trial_0016_learning_rate=1.0e-04_kernel_sizes=5x5_conv_channels=128x64_fc_dims=256_seed1,c802fd08e3,trial_0016_learning_rate=1.0e-04_kernel_sizes=5x5_conv_channels=128x64_fc_dims=256_seed1
/scratch/sb272/patterns5k_results/slurm_base_cnn_2026-03-03_15-12-57/trial_0016_learning_rate=1.0e-04_kernel_sizes=5x5_conv_channels=128x64_fc_dims=256_seed2,cnn,0.17073558831214905,0.11381603242880951,0.011783076657189263,,,0.10977802582282252,101247,101247,50,0.4333293762499478,0,True,0.45456832695830385,0.24844416576882433,1,0.31855225563049316,0.11487415432929993,0,"[5, 5]","[128, 64]",[256],6837018,bb3u23c1,281.5,trial_0016_learning_rate=1.0e-04_kernel_sizes=5x5_conv_channels=128x64_fc_dims=256_seed2,c802fd08e3,trial_0016_learning_rate=1.0e-04_kernel_sizes=5x5_conv_channels=128x64_fc_dims=256_seed2
/scratch/sb272/patterns5k_results/slurm_base_cnn_2026-03-03_15-12-57/trial_0017_learning_rate=1.0e-04_kernel_sizes=10x5x3_conv_channels=256x128x64_fc_dims=256_seed0,cnn,0.17172554445266724,0.1001214718923032,0.01055143844513666,,,0.09757116544861692,330111,330111,50,0.24408545260989348,0,True,0.45456832695830385,0.13600152612463265,0,0.31855225563049316,0.10027734190225601,0,"[10, 5, 3]","[256, 128, 64]",[256],6837018,bb3u23c1,400.5,trial_0017_learning_rate=1.0e-04_kernel_sizes=10x5x3_conv_channels=256x128x64_fc_dims=256_seed0,6f98dc87be,trial_0017_learning_rate=1.0e-04_kernel_sizes=10x5x3_conv_channels=256x128x64_fc_dims=256_seed0
/scratch/sb272/patterns5k_results/slurm_base_cnn_2026-03-03_15-12-57/trial_0017_learning_rate=1.0e-04_kernel_sizes=10x5x3_conv_channels=256x128x64_fc_dims=256_seed1,cnn,0.17067642378807069,0.10204689178154629,0.011693471953982399,,,0.1002218680228652,330111,330111,33,0.32992700983484086,0,True,0.45456832695830385,0.1819528600686079,1,0.31855225563049316,0.10239635407924652,0,"[10, 5, 3]","[256, 128, 64]",[256],6837018,bb3u23c1,312.8,trial_0017_learning_rate=1.0e-04_kernel_sizes=10x5x3_conv_channels=256x128x64_fc_dims=256_seed1,6f98dc87be,trial_0017_learning_rate=1.0e-04_kernel_sizes=10x5x3_conv_channels=256x128x64_fc_dims=256_seed1
/scratch/sb272/patterns5k_results/slurm_base_cnn_2026-03-03_15-12-57/trial_0017_learning_rate=1.0e-04_kernel_sizes=10x5x3_conv_channels=256x128x64_fc_dims=256_seed2,cnn,0.17090030491352082,0.10435360846046181,0.011707995619092668,,,0.0978208555023221,330111,330111,50,0.31125503361994994,0,True,0.45456832695830385,0.17268586200019276,1,0.31855225563049316,0.10500966757535934,0,"[10, 5, 3]","[256, 128, 64]",[256],6837018,bb3u23c1,399.6,trial_0017_learning_rate=1.0e-04_kernel_sizes=10x5x3_conv_channels=256x128x64_fc_dims=256_seed2,6f98dc87be,trial_0017_learning_rate=1.0e-04_kernel_sizes=10x5x3_conv_channels=256x128x64_fc_dims=256_seed2
/scratch/sb272/patterns5k_results/slurm_base_cnn_2026-03-03_15-12-57/trial_0018_learning_rate=1.0e-04_kernel_sizes=3_conv_channels=128_fc_dims=256_seed0,cnn,0.1707543318271637,0.11417739715802626,0.01413559251361423,,,0.11707496903551193,65727,65727,50,0.42237477795110195,0,True,0.45456832695830385,0.25067640966743593,1,0.31855225563049316,0.11540747433900833,0,[3],[128],[256],6837018,bb3u23c1,244.4,trial_0018_learning_rate=1.0e-04_kernel_sizes=3_conv_channels=128_fc_dims=256_seed0,4c658429e7,trial_0018_learning_rate=1.0e-04_kernel_sizes=3_conv_channels=128_fc_dims=256_seed0
/scratch/sb272/patterns5k_results/slurm_base_cnn_2026-03-03_15-12-57/trial_0018_learning_rate=1.0e-04_kernel_sizes=3_conv_channels=128_fc_dims=256_seed1,cnn,0.1702210011482239,0.11373040891312487,0.015768057770199247,,,0.12122508927539594,65727,65727,50,0.42754017078392476,0,True,0.45456832695830385,0.25185381126074163,1,0.31855225563049316,0.11505422741174698,0,[3],[128],[256],6837018,bb3u23c1,245.7,trial_0018_learning_rate=1.0e-04_kernel_sizes=3_conv_channels=128_fc_dims=256_seed1,4c658429e7,trial_0018_learning_rate=1.0e-04_kernel_sizes=3_conv_channels=128_fc_dims=256_seed1
/scratch/sb272/patterns5k_results/slurm_base_cnn_2026-03-03_15-12-57/trial_0018_learning_rate=1.0e-04_kernel_sizes=3_conv_channels=128_fc_dims=256_seed2,cnn,0.17008073782920838,0.11668259383494685,0.016513817840152316,,,0.11378023071279178,65727,65727,50,0.4304543386868151,0,True,0.45456832695830385,0.2547125275265763,1,0.31855225563049316,0.11805877089500427,0,[3],[128],[256],6837018,bb3u23c1,241.2,trial_0018_learning_rate=1.0e-04_kernel_sizes=3_conv_channels=128_fc_dims=256_seed2,4c658429e7,trial_0018_learning_rate=1.0e-04_kernel_sizes=3_conv_channels=128_fc_dims=256_seed2
/scratch/sb272/patterns5k_results/slurm_base_cnn_2026-03-03_15-12-57/trial_0019_learning_rate=1.0e-04_kernel_sizes=5_conv_channels=128_fc_dims=256_seed0,cnn,0.17034049868583678,0.11400171367818196,0.015132618328881643,,,0.11835459151654276,76479,76479,50,0.4254548645336808,0,True,0.45456832695830385,0.24867362889411568,1,0.31855225563049316,0.1151457130908966,0,[5],[128],[256],6837018,bb3u23c1,247.7,trial_0019_learning_rate=1.0e-04_kernel_sizes=5_conv_channels=128_fc_dims=256_seed0,606819c3ce,trial_0019_learning_rate=1.0e-04_kernel_sizes=5_conv_channels=128_fc_dims=256_seed0
/scratch/sb272/patterns5k_results/slurm_base_cnn_2026-03-03_15-12-57/trial_0019_learning_rate=1.0e-04_kernel_sizes=5_conv_channels=128_fc_dims=256_seed1,cnn,0.17048596704006194,0.1116675004814454,0.01494261385902526,,,0.11940720361215318,76479,76479,50,0.4254539537772931,0,True,0.45456832695830385,0.24698212904226471,1,0.31855225563049316,0.11263001710176468,0,[5],[128],[256],6837018,bb3u23c1,250.7,trial_0019_learning_rate=1.0e-04_kernel_sizes=5_conv_channels=128_fc_dims=256_seed1,606819c3ce,trial_0019_learning_rate=1.0e-04_kernel_sizes=5_conv_channels=128_fc_dims=256_seed1
/scratch/sb272/patterns5k_results/slurm_base_cnn_2026-03-03_15-12-57/trial_0019_learning_rate=1.0e-04_kernel_sizes=5_conv_channels=128_fc_dims=256_seed2,cnn,0.17041943466663362,0.11385430585240808,0.014582469349815733,,,0.11148685435671808,76479,76479,50,0.4234116753741227,0,True,0.45456832695830385,0.24768619572443795,1,0.31855225563049316,0.11494433134794235,0,[5],[128],[256],6837018,bb3u23c1,247.5,trial_0019_learning_rate=1.0e-04_kernel_sizes=5_conv_channels=128_fc_dims=256_seed2,606819c3ce,trial_0019_learning_rate=1.0e-04_kernel_sizes=5_conv_channels=128_fc_dims=256_seed2
/scratch/sb272/patterns5k_results/slurm_base_cnn_2026-03-03_15-12-57/trial_0020_learning_rate=1.0e-04_kernel_sizes=10_conv_channels=128_fc_dims=256_seed0,cnn,0.17083922159671783,0.10757829096301583,0.01308203689635746,,,0.10692322689273856,103359,103359,50,0.3706693259262384,0,True,0.45456832695830385,0.2124981236608298,0,0.31855225563049316,0.10808108747005463,0,[10],[128],[256],6837018,bb3u23c1,258.6,trial_0020_learning_rate=1.0e-04_kernel_sizes=10_conv_channels=128_fc_dims=256_seed0,9945f77896,trial_0020_learning_rate=1.0e-04_kernel_sizes=10_conv_channels=128_fc_dims=256_seed0
/scratch/sb272/patterns5k_results/slurm_base_cnn_2026-03-03_15-12-57/trial_0020_learning_rate=1.0e-04_kernel_sizes=10_conv_channels=128_fc_dims=256_seed1,cnn,0.1710780951976776,0.10638564596549989,0.012708040456923227,,,0.10976793746357684,103359,103359,50,0.383638727673902,0,True,0.45456832695830385,0.2195468988827354,1,0.31855225563049316,0.10730919986963272,0,[10],[128],[256],6837018,bb3u23c1,259.9,trial_0020_learning_rate=1.0e-04_kernel_sizes=10_conv_channels=128_fc_dims=256_seed1,9945f77896,trial_0020_learning_rate=1.0e-04_kernel_sizes=10_conv_channels=128_fc_dims=256_seed1
/scratch/sb272/patterns5k_results/slurm_base_cnn_2026-03-03_15-12-57/trial_0020_learning_rate=1.0e-04_kernel_sizes=10_conv_channels=128_fc_dims=256_seed2,cnn,0.17091224038600922,0.10851503430075055,0.012816850155118912,,,0.10223442160999881,103359,103359,50,0.3820373913405456,0,True,0.45456832695830385,0.21723357192272066,0,0.31855225563049316,0.10930850356817245,0,[10],[128],[256],6837018,bb3u23c1,259.5,trial_0020_learning_rate=1.0e-04_kernel_sizes=10_conv_channels=128_fc_dims=256_seed2,9945f77896,trial_0020_learning_rate=1.0e-04_kernel_sizes=10_conv_channels=128_fc_dims=256_seed2
/scratch/sb272/patterns5k_results/slurm_base_cnn_2026-03-03_15-12-57/trial_0021_learning_rate=1.0e-04_kernel_sizes=30_conv_channels=256_fc_dims=256_seed0,cnn,0.17160256946086883,0.11349249323582956,0.013175399530501593,,,0.11085063963133457,405311,405311,50,0.2822991411319239,0,True,0.45456832695830385,0.15994266447667965,0,0.31855225563049316,0.1142948642373085,0,[30],[256],[256],6837018,bb3u23c1,395.7,trial_0021_learning_rate=1.0e-04_kernel_sizes=30_conv_channels=256_fc_dims=256_seed0,48d59bf587,trial_0021_learning_rate=1.0e-04_kernel_sizes=30_conv_channels=256_fc_dims=256_seed0
/scratch/sb272/patterns5k_results/slurm_base_cnn_2026-03-03_15-12-57/trial_0021_learning_rate=1.0e-04_kernel_sizes=30_conv_channels=256_fc_dims=256_seed1,cnn,0.17121934020519256,0.11675112635112801,0.014388240519024077,,,0.1164284303450687,405311,405311,50,0.30861151872838816,0,True,0.45456832695830385,0.1748658932294989,0,0.31855225563049316,0.11845710128545761,0,[30],[256],[256],6837018,bb3u23c1,391.0,trial_0021_learning_rate=1.0e-04_kernel_sizes=30_conv_channels=256_fc_dims=256_seed1,48d59bf587,trial_0021_learning_rate=1.0e-04_kernel_sizes=30_conv_channels=256_fc_dims=256_seed1
/scratch/sb272/patterns5k_results/slurm_base_cnn_2026-03-03_15-12-57/trial_0021_learning_rate=1.0e-04_kernel_sizes=30_conv_channels=256_fc_dims=256_seed2,cnn,0.17142365312576294,0.11579747610672379,0.013204301160479348,,,0.10869847345919313,405311,405311,50,0.2837970193070164,0,True,0.45456832695830385,0.1624648641504761,0,0.31855225563049316,0.11726648360490799,0,[30],[256],[256],6837018,bb3u23c1,393.5,trial_0021_learning_rate=1.0e-04_kernel_sizes=30_conv_channels=256_fc_dims=256_seed2,48d59bf587,trial_0021_learning_rate=1.0e-04_kernel_sizes=30_conv_channels=256_fc_dims=256_seed2
/scratch/sb272/patterns5k_results/slurm_base_cnn_2026-03-03_15-12-57/trial_0022_learning_rate=1.0e-04_kernel_sizes=60_conv_channels=256_fc_dims=256_seed0,cnn,0.17360399997234344,0.11103186535362493,0.011114464865790473,,,0.10421518602155483,727871,727871,50,0.17426568639067275,0,True,0.45456832695830385,0.09891846513199835,0,0.31855225563049316,0.11164861917495728,0,[60],[256],[256],6837018,bb3u23c1,577.9,trial_0022_learning_rate=1.0e-04_kernel_sizes=60_conv_channels=256_fc_dims=256_seed0,ff62b9c164,trial_0022_learning_rate=1.0e-04_kernel_sizes=60_conv_channels=256_fc_dims=256_seed0
/scratch/sb272/patterns5k_results/slurm_base_cnn_2026-03-03_15-12-57/trial_0022_learning_rate=1.0e-04_kernel_sizes=60_conv_channels=256_fc_dims=256_seed1,cnn,0.17362281095981597,0.10508673436530729,0.009569838879600404,,,0.1026410312666489,727871,727871,50,0.16866416427946126,0,True,0.45456832695830385,0.09555586496988909,0,0.31855225563049316,0.10553518682718277,0,[60],[256],[256],6837018,bb3u23c1,575.0,trial_0022_learning_rate=1.0e-04_kernel_sizes=60_conv_channels=256_fc_dims=256_seed1,ff62b9c164,trial_0022_learning_rate=1.0e-04_kernel_sizes=60_conv_channels=256_fc_dims=256_seed1
/scratch/sb272/patterns5k_results/slurm_base_cnn_2026-03-03_15-12-57/trial_0022_learning_rate=1.0e-04_kernel_sizes=60_conv_channels=256_fc_dims=256_seed2,cnn,0.17411826896667482,0.10942442058783546,0.009814543383462089,,,0.10328785275086948,727871,727871,50,0.17694999917780038,0,True,0.45456832695830385,0.10056238005506665,0,0.31855225563049316,0.11035114526748657,0,[60],[256],[256],6837018,bb3u23c1,577.1,trial_0022_learning_rate=1.0e-04_kernel_sizes=60_conv_channels=256_fc_dims=256_seed2,ff62b9c164,trial_0022_learning_rate=1.0e-04_kernel_sizes=60_conv_channels=256_fc_dims=256_seed2
/scratch/sb272/patterns5k_results/slurm_base_cnn_2026-03-03_15-12-57/trial_0023_learning_rate=1.0e-04_kernel_sizes=10x3_conv_channels=256x128_fc_dims=256_seed0,cnn,0.1708134891986847,0.11871683241105573,0.009348957311539422,,,0.11638303088164494,256191,256191,50,0.40250041210870624,0,True,0.45456832695830385,0.2382852922224845,0,0.31855225563049316,0.11967290937900543,0,"[10, 3]","[256, 128]",[256],6837018,bb3u23c1,350.2,trial_0023_learning_rate=1.0e-04_kernel_sizes=10x3_conv_channels=256x128_fc_dims=256_seed0,cf3d00e793,trial_0023_learning_rate=1.0e-04_kernel_sizes=10x3_conv_channels=256x128_fc_dims=256_seed0
/scratch/sb272/patterns5k_results/slurm_base_cnn_2026-03-03_15-12-57/trial_0023_learning_rate=1.0e-04_kernel_sizes=10x3_conv_channels=256x128_fc_dims=256_seed1,cnn,0.17134865009784697,0.11132412696787494,0.007745967024848575,,,0.11347298625661774,256191,256191,50,0.38949830275796427,0,True,0.45456832695830385,0.2275722967003213,1,0.31855225563049316,0.11221235245466232,0,"[10, 3]","[256, 128]",[256],6837018,bb3u23c1,349.8,trial_0023_learning_rate=1.0e-04_kernel_sizes=10x3_conv_channels=256x128_fc_dims=256_seed1,cf3d00e793,trial_0023_learning_rate=1.0e-04_kernel_sizes=10x3_conv_channels=256x128_fc_dims=256_seed1
/scratch/sb272/patterns5k_results/slurm_base_cnn_2026-03-03_15-12-57/trial_0023_learning_rate=1.0e-04_kernel_sizes=10x3_conv_channels=256x128_fc_dims=256_seed2,cnn,0.17074790966510772,0.11727409436009723,0.009941718881092375,,,0.11130891656889995,256191,256191,50,0.3984829179881772,0,True,0.45456832695830385,0.23342434830316622,1,0.31855225563049316,0.11813410371541977,0,"[10, 3]","[256, 128]",[256],6837018,bb3u23c1,350.5,trial_0023_learning_rate=1.0e-04_kernel_sizes=10x3_conv_channels=256x128_fc_dims=256_seed2,cf3d00e793,trial_0023_learning_rate=1.0e-04_kernel_sizes=10x3_conv_channels=256x128_fc_dims=256_seed2
/scratch/sb272/patterns5k_results/slurm_base_cnn_2026-03-03_15-12-57/trial_0024_learning_rate=1.0e-04_kernel_sizes=30x5_conv_channels=256x128_fc_dims=256_seed0,cnn,0.17231049728393555,0.10401200870857584,0.004707294797140454,,,0.09712289640009265,536767,536767,50,0.2862654263280489,0,True,0.45456832695830385,0.16307623529659598,0,0.31855225563049316,0.1049448773264885,0,"[30, 5]","[256, 128]",[256],6837018,bb3u23c1,464.9,trial_0024_learning_rate=1.0e-04_kernel_sizes=30x5_conv_channels=256x128_fc_dims=256_seed0,0a629f8b8a,trial_0024_learning_rate=1.0e-04_kernel_sizes=30x5_conv_channels=256x128_fc_dims=256_seed0
/scratch/sb272/patterns5k_results/slurm_base_cnn_2026-03-03_15-12-57/trial_0024_learning_rate=1.0e-04_kernel_sizes=30x5_conv_channels=256x128_fc_dims=256_seed1,cnn,0.17310898768901825,0.10495231712183653,0.003056958554283021,,,0.10214523972918388,536767,536767,50,0.2863048102961938,0,True,0.45456832695830385,0.16232054356811784,0,0.31855225563049316,0.10546887665987015,0,"[30, 5]","[256, 128]",[256],6837018,bb3u23c1,464.8,trial_0024_learning_rate=1.0e-04_kernel_sizes=30x5_conv_channels=256x128_fc_dims=256_seed1,0a629f8b8a,trial_0024_learning_rate=1.0e-04_kernel_sizes=30x5_conv_channels=256x128_fc_dims=256_seed1
/scratch/sb272/patterns5k_results/slurm_base_cnn_2026-03-03_15-12-57/trial_0024_learning_rate=1.0e-04_kernel_sizes=30x5_conv_channels=256x128_fc_dims=256_seed2,cnn,0.17250862085819244,0.10747377127797605,0.0035075819681561183,,,0.09529822006754776,536767,536767,50,0.27727741214711127,0,True,0.45456832695830385,0.1558130437032626,0,0.31855225563049316,0.10806213319301605,0,"[30, 5]","[256, 128]",[256],6837018,bb3u23c1,443.8,trial_0024_learning_rate=1.0e-04_kernel_sizes=30x5_conv_channels=256x128_fc_dims=256_seed2,0a629f8b8a,trial_0024_learning_rate=1.0e-04_kernel_sizes=30x5_conv_channels=256x128_fc_dims=256_seed2
/scratch/sb272/patterns5k_results/slurm_base_cnn_2026-03-03_15-12-57/trial_0025_learning_rate=1.0e-04_kernel_sizes=5x5_conv_channels=128x64_fc_dims=256_seed0,cnn,0.17133687317371368,0.1062206846464429,0.009443731535048712,,,0.10147192667959723,101247,101247,50,0.3710417668296674,0,True,0.45456832695830385,0.2162100136885548,1,0.31855225563049316,0.10675672441720963,0,"[5, 5]","[128, 64]",[256],6837018,bb3u23c1,252.7,trial_0025_learning_rate=1.0e-04_kernel_sizes=5x5_conv_channels=128x64_fc_dims=256_seed0,458c02d4ba,trial_0025_learning_rate=1.0e-04_kernel_sizes=5x5_conv_channels=128x64_fc_dims=256_seed0
/scratch/sb272/patterns5k_results/slurm_base_cnn_2026-03-03_15-12-57/trial_0025_learning_rate=1.0e-04_kernel_sizes=5x5_conv_channels=128x64_fc_dims=256_seed1,cnn,0.17117709839344025,0.11557361148523228,0.010549161169264052,,,0.11665333284289786,101247,101247,50,0.4126997152914251,0,True,0.45456832695830385,0.24032533853155089,1,0.31855225563049316,0.1166302040219307,0,"[5, 5]","[128, 64]",[256],6837018,bb3u23c1,259.0,trial_0025_learning_rate=1.0e-04_kernel_sizes=5x5_conv_channels=128x64_fc_dims=256_seed1,458c02d4ba,trial_0025_learning_rate=1.0e-04_kernel_sizes=5x5_conv_channels=128x64_fc_dims=256_seed1
/scratch/sb272/patterns5k_results/slurm_base_cnn_2026-03-03_15-12-57/trial_0025_learning_rate=1.0e-04_kernel_sizes=5x5_conv_channels=128x64_fc_dims=256_seed2,cnn,0.17151799857616423,0.10421958730922419,0.008593187445685976,,,0.09943709158133125,101247,101247,50,0.3648701996329433,0,True,0.45456832695830385,0.21248509037654156,1,0.31855225563049316,0.10506101697683334,0,"[5, 5]","[128, 64]",[256],6837018,bb3u23c1,258.7,trial_0025_learning_rate=1.0e-04_kernel_sizes=5x5_conv_channels=128x64_fc_dims=256_seed2,458c02d4ba,trial_0025_learning_rate=1.0e-04_kernel_sizes=5x5_conv_channels=128x64_fc_dims=256_seed2
/scratch/sb272/patterns5k_results/slurm_base_cnn_2026-03-03_15-12-57/trial_0026_learning_rate=1.0e-04_kernel_sizes=10x5x3_conv_channels=256x128x64_fc_dims=256_seed0,cnn,0.1710974165201187,0.10428749734260355,0.011714999637906514,,,0.09954605795004644,330111,330111,50,0.2970699746532306,0,True,0.45456832695830385,0.1634607012876274,1,0.31855225563049316,0.10447588562965393,0,"[10, 5, 3]","[256, 128, 64]",[256],6837018,bb3u23c1,376.2,trial_0026_learning_rate=1.0e-04_kernel_sizes=10x5x3_conv_channels=256x128x64_fc_dims=256_seed0,c6bc8d7b01,trial_0026_learning_rate=1.0e-04_kernel_sizes=10x5x3_conv_channels=256x128x64_fc_dims=256_seed0
/scratch/sb272/patterns5k_results/slurm_base_cnn_2026-03-03_15-12-57/trial_0026_learning_rate=1.0e-04_kernel_sizes=10x5x3_conv_channels=256x128x64_fc_dims=256_seed1,cnn,0.17100086867809294,0.10504229219909926,0.01171498071579706,,,0.10310597493317522,330111,330111,50,0.3013643834580726,0,True,0.45456832695830385,0.16480420117694355,1,0.31855225563049316,0.10512561351060867,0,"[10, 5, 3]","[256, 128, 64]",[256],6837018,bb3u23c1,374.3,trial_0026_learning_rate=1.0e-04_kernel_sizes=10x5x3_conv_channels=256x128x64_fc_dims=256_seed1,c6bc8d7b01,trial_0026_learning_rate=1.0e-04_kernel_sizes=10x5x3_conv_channels=256x128x64_fc_dims=256_seed1
/scratch/sb272/patterns5k_results/slurm_base_cnn_2026-03-03_15-12-57/trial_0026_learning_rate=1.0e-04_kernel_sizes=10x5x3_conv_channels=256x128x64_fc_dims=256_seed2,cnn,0.17134685134887695,0.10037816440587341,0.010783968463776604,,,0.0938938774560711,330111,330111,50,0.27387231792819255,0,True,0.45456832695830385,0.14938135672577543,2,0.31855225563049316,0.10050303488969803,0,"[10, 5, 3]","[256, 128, 64]",[256],6837018,bb3u23c1,375.1,trial_0026_learning_rate=1.0e-04_kernel_sizes=10x5x3_conv_channels=256x128x64_fc_dims=256_seed2,c6bc8d7b01,trial_0026_learning_rate=1.0e-04_kernel_sizes=10x5x3_conv_channels=256x128x64_fc_dims=256_seed2
/scratch/sb272/patterns5k_results/slurm_base_cnn_2026-03-03_15-12-57/trial_0027_learning_rate=1.0e-04_kernel_sizes=3_conv_channels=128_fc_dims=256_seed0,cnn,0.1701854085922241,0.11638769839130267,0.016157240148574586,,,0.11953272584899421,65727,65727,50,0.4156583100366794,0,True,0.45456832695830385,0.24889730012427316,1,0.31855225563049316,0.11745582520961761,0,[3],[128],[256],6837018,bb3u23c1,231.9,trial_0027_learning_rate=1.0e-04_kernel_sizes=3_conv_channels=128_fc_dims=256_seed0,36aee78112,trial_0027_learning_rate=1.0e-04_kernel_sizes=3_conv_channels=128_fc_dims=256_seed0
/scratch/sb272/patterns5k_results/slurm_base_cnn_2026-03-03_15-12-57/trial_0027_learning_rate=1.0e-04_kernel_sizes=3_conv_channels=128_fc_dims=256_seed1,cnn,0.1699311556816101,0.1173272855167232,0.016838211861867753,,,0.12259327802328222,65727,65727,50,0.43242311415406903,0,True,0.45456832695830385,0.25708965678571677,1,0.31855225563049316,0.11860905587673187,0,[3],[128],[256],6837018,bb3u23c1,231.9,trial_0027_learning_rate=1.0e-04_kernel_sizes=3_conv_channels=128_fc_dims=256_seed1,36aee78112,trial_0027_learning_rate=1.0e-04_kernel_sizes=3_conv_channels=128_fc_dims=256_seed1
/scratch/sb272/patterns5k_results/slurm_base_cnn_2026-03-03_15-12-57/trial_0027_learning_rate=1.0e-04_kernel_sizes=3_conv_channels=128_fc_dims=256_seed2,cnn,0.17038121700286865,0.11664248118766368,0.01584271022251674,,,0.11484018386698852,65727,65727,50,0.4340634356209486,0,True,0.45456832695830385,0.2565593100558642,1,0.31855225563049316,0.11805140227079391,0,[3],[128],[256],6837018,bb3u23c1,234.6,trial_0027_learning_rate=1.0e-04_kernel_sizes=3_conv_channels=128_fc_dims=256_seed2,36aee78112,trial_0027_learning_rate=1.0e-04_kernel_sizes=3_conv_channels=128_fc_dims=256_seed2
/scratch/sb272/patterns5k_results/slurm_base_cnn_2026-03-03_15-12-57/trial_0028_learning_rate=1.0e-04_kernel_sizes=5_conv_channels=128_fc_dims=256_seed0,cnn,0.17039665770530701,0.11541206768854036,0.01566726253146217,,,0.11873331406395687,76479,76479,50,0.42107658509638735,0,True,0.45456832695830385,0.24608836918919436,1,0.31855225563049316,0.11665141582489014,0,[5],[128],[256],6837018,bb3u23c1,237.7,trial_0028_learning_rate=1.0e-04_kernel_sizes=5_conv_channels=128_fc_dims=256_seed0,26a4b73978,trial_0028_learning_rate=1.0e-04_kernel_sizes=5_conv_channels=128_fc_dims=256_seed0
/scratch/sb272/patterns5k_results/slurm_base_cnn_2026-03-03_15-12-57/trial_0028_learning_rate=1.0e-04_kernel_sizes=5_conv_channels=128_fc_dims=256_seed1,cnn,0.1706246440410614,0.11368840043660353,0.01433323583905659,,,0.11865296427474857,76479,76479,50,0.41714271985829227,0,True,0.45456832695830385,0.24369288444445797,1,0.31855225563049316,0.11474277824163437,0,[5],[128],[256],6837018,bb3u23c1,237.6,trial_0028_learning_rate=1.0e-04_kernel_sizes=5_conv_channels=128_fc_dims=256_seed1,26a4b73978,trial_0028_learning_rate=1.0e-04_kernel_sizes=5_conv_channels=128_fc_dims=256_seed1
/scratch/sb272/patterns5k_results/slurm_base_cnn_2026-03-03_15-12-57/trial_0028_learning_rate=1.0e-04_kernel_sizes=5_conv_channels=128_fc_dims=256_seed2,cnn,0.16999424600601196,0.11795574163675258,0.01664157613875374,,,0.11376559627233004,76479,76479,50,0.4239817178466663,0,True,0.45456832695830385,0.24982340549939802,1,0.31855225563049316,0.11928622424602509,0,[5],[128],[256],6837018,bb3u23c1,233.7,trial_0028_learning_rate=1.0e-04_kernel_sizes=5_conv_channels=128_fc_dims=256_seed2,26a4b73978,trial_0028_learning_rate=1.0e-04_kernel_sizes=5_conv_channels=128_fc_dims=256_seed2
/scratch/sb272/patterns5k_results/slurm_base_cnn_2026-03-03_15-12-57/trial_0029_learning_rate=1.0e-04_kernel_sizes=10_conv_channels=128_fc_dims=256_seed0,cnn,0.17082451117038727,0.10752642188574102,0.012579236711774553,,,0.10891709203713276,103359,103359,50,0.3903196481104633,0,True,0.45456832695830385,0.2231677598201616,1,0.31855225563049316,0.10813770443201065,0,[10],[128],[256],6837018,bb3u23c1,244.7,trial_0029_learning_rate=1.0e-04_kernel_sizes=10_conv_channels=128_fc_dims=256_seed0,917287521a,trial_0029_learning_rate=1.0e-04_kernel_sizes=10_conv_channels=128_fc_dims=256_seed0
/scratch/sb272/patterns5k_results/slurm_base_cnn_2026-03-03_15-12-57/trial_0029_learning_rate=1.0e-04_kernel_sizes=10_conv_channels=128_fc_dims=256_seed1,cnn,0.1711069664955139,0.10794183122368582,0.012559612592061361,,,0.1119809227555426,103359,103359,50,0.40173195098300235,0,True,0.45456832695830385,0.22893553284748647,1,0.31855225563049316,0.10897096246480942,0,[10],[128],[256],6837018,bb3u23c1,246.5,trial_0029_learning_rate=1.0e-04_kernel_sizes=10_conv_channels=128_fc_dims=256_seed1,917287521a,trial_0029_learning_rate=1.0e-04_kernel_sizes=10_conv_channels=128_fc_dims=256_seed1
/scratch/sb272/patterns5k_results/slurm_base_cnn_2026-03-03_15-12-57/trial_0029_learning_rate=1.0e-04_kernel_sizes=10_conv_channels=128_fc_dims=256_seed2,cnn,0.1707558693885803,0.10759968829327077,0.01316716368236239,,,0.10339066879469522,103359,103359,50,0.3908227993042808,0,True,0.45456832695830385,0.22344483794425946,1,0.31855225563049316,0.10846643149852753,0,[10],[128],[256],6837018,bb3u23c1,246.7,trial_0029_learning_rate=1.0e-04_kernel_sizes=10_conv_channels=128_fc_dims=256_seed2,917287521a,trial_0029_learning_rate=1.0e-04_kernel_sizes=10_conv_channels=128_fc_dims=256_seed2
/scratch/sb272/patterns5k_results/slurm_base_cnn_2026-03-03_15-12-57/trial_0030_learning_rate=1.0e-04_kernel_sizes=30_conv_channels=256_fc_dims=256_seed0,cnn,0.17162812983989714,0.1155627300435001,0.01391099180494036,,,0.11173316935423581,405311,405311,50,0.28204591264091877,0,True,0.45456832695830385,0.1622222158602804,0,0.31855225563049316,0.11668132245540619,0,[30],[256],[256],6837018,bb3u23c1,370.8,trial_0030_learning_rate=1.0e-04_kernel_sizes=30_conv_channels=256_fc_dims=256_seed0,277ab4c72d,trial_0030_learning_rate=1.0e-04_kernel_sizes=30_conv_channels=256_fc_dims=256_seed0
/scratch/sb272/patterns5k_results/slurm_base_cnn_2026-03-03_15-12-57/trial_0030_learning_rate=1.0e-04_kernel_sizes=30_conv_channels=256_fc_dims=256_seed1,cnn,0.1711517114639282,0.11850713147377062,0.015383892589145236,,,0.11692446834248017,405311,405311,50,0.31835790424108396,0,True,0.45456832695830385,0.1826469113159839,0,0.31855225563049316,0.11997614055871964,0,[30],[256],[256],6837018,bb3u23c1,398.4,trial_0030_learning_rate=1.0e-04_kernel_sizes=30_conv_channels=256_fc_dims=256_seed1,277ab4c72d,trial_0030_learning_rate=1.0e-04_kernel_sizes=30_conv_channels=256_fc_dims=256_seed1
/scratch/sb272/patterns5k_results/slurm_base_cnn_2026-03-03_15-12-57/trial_0030_learning_rate=1.0e-04_kernel_sizes=30_conv_channels=256_fc_dims=256_seed2,cnn,0.17161164677143098,0.11362747738950947,0.01339694621070983,,,0.10740200201824175,405311,405311,50,0.31212877303152614,0,True,0.45456832695830385,0.17667868535041942,0,0.31855225563049316,0.11481267213821411,0,[30],[256],[256],6837018,bb3u23c1,368.0,trial_0030_learning_rate=1.0e-04_kernel_sizes=30_conv_channels=256_fc_dims=256_seed2,277ab4c72d,trial_0030_learning_rate=1.0e-04_kernel_sizes=30_conv_channels=256_fc_dims=256_seed2
/scratch/sb272/patterns5k_results/slurm_base_cnn_2026-03-03_15-12-57/trial_0031_learning_rate=1.0e-04_kernel_sizes=60_conv_channels=256_fc_dims=256_seed0,cnn,0.1738046919107437,0.10840244452192827,0.010475450091891818,,,0.10220244778911033,727871,727871,50,0.1671649782421072,0,True,0.45456832695830385,0.09476288033688103,0,0.31855225563049316,0.10898572951555252,0,[60],[256],[256],6837018,bb3u23c1,543.7,trial_0031_learning_rate=1.0e-04_kernel_sizes=60_conv_channels=256_fc_dims=256_seed0,3962d1997f,trial_0031_learning_rate=1.0e-04_kernel_sizes=60_conv_channels=256_fc_dims=256_seed0
/scratch/sb272/patterns5k_results/slurm_base_cnn_2026-03-03_15-12-57/trial_0031_learning_rate=1.0e-04_kernel_sizes=60_conv_channels=256_fc_dims=256_seed1,cnn,0.17418750667572022,0.10904011319976048,0.009403159694066123,,,0.10443059083262667,727871,727871,50,0.18655370476190342,0,True,0.45456832695830385,0.10538358674957644,0,0.31855225563049316,0.10958904027938843,0,[60],[256],[256],6837018,bb3u23c1,539.6,trial_0031_learning_rate=1.0e-04_kernel_sizes=60_conv_channels=256_fc_dims=256_seed1,3962d1997f,trial_0031_learning_rate=1.0e-04_kernel_sizes=60_conv_channels=256_fc_dims=256_seed1
/scratch/sb272/patterns5k_results/slurm_base_cnn_2026-03-03_15-12-57/trial_0031_learning_rate=1.0e-04_kernel_sizes=60_conv_channels=256_fc_dims=256_seed2,cnn,0.17399967885017395,0.1055578896818824,0.0083343471799578,,,0.09952167576361455,727871,727871,50,0.16337016389476083,0,True,0.45456832695830385,0.09098237126616195,0,0.31855225563049316,0.10581641644239426,0,[60],[256],[256],6837018,bb3u23c1,537.7,trial_0031_learning_rate=1.0e-04_kernel_sizes=60_conv_channels=256_fc_dims=256_seed2,3962d1997f,trial_0031_learning_rate=1.0e-04_kernel_sizes=60_conv_channels=256_fc_dims=256_seed2
/scratch/sb272/patterns5k_results/slurm_base_cnn_2026-03-03_15-12-57/trial_0032_learning_rate=1.0e-04_kernel_sizes=10x3_conv_channels=256x128_fc_dims=256_seed0,cnn,0.1717484233379364,0.11261926640868253,0.005365190997956291,,,0.1111587173589762,256191,256191,50,0.4100838197572137,0,True,0.45456832695830385,0.23808005349987593,1,0.31855225563049316,0.11327428370714188,0,"[10, 3]","[256, 128]",[256],6837018,bb3u23c1,326.8,trial_0032_learning_rate=1.0e-04_kernel_sizes=10x3_conv_channels=256x128_fc_dims=256_seed0,4deda01811,trial_0032_learning_rate=1.0e-04_kernel_sizes=10x3_conv_channels=256x128_fc_dims=256_seed0
/scratch/sb272/patterns5k_results/slurm_base_cnn_2026-03-03_15-12-57/trial_0032_learning_rate=1.0e-04_kernel_sizes=10x3_conv_channels=256x128_fc_dims=256_seed1,cnn,0.1712147604227066,0.11625373654381614,0.008201446798112657,,,0.1178649691305828,256191,256191,50,0.3887387316134395,0,True,0.45456832695830385,0.2260345492689867,1,0.31855225563049316,0.11719143390655518,0,"[10, 3]","[256, 128]",[256],6837018,bb3u23c1,328.2,trial_0032_learning_rate=1.0e-04_kernel_sizes=10x3_conv_channels=256x128_fc_dims=256_seed1,4deda01811,trial_0032_learning_rate=1.0e-04_kernel_sizes=10x3_conv_channels=256x128_fc_dims=256_seed1
/scratch/sb272/patterns5k_results/slurm_base_cnn_2026-03-03_15-12-57/trial_0032_learning_rate=1.0e-04_kernel_sizes=10x3_conv_channels=256x128_fc_dims=256_seed2,cnn,0.1711952735185623,0.11865520151348082,0.007995120116642543,,,0.11349186868331586,256191,256191,50,0.4281018839251468,0,True,0.45456832695830385,0.2481044025410962,1,0.31855225563049316,0.11987663805484772,0,"[10, 3]","[256, 128]",[256],6837018,bb3u23c1,331.3,trial_0032_learning_rate=1.0e-04_kernel_sizes=10x3_conv_channels=256x128_fc_dims=256_seed2,4deda01811,trial_0032_learning_rate=1.0e-04_kernel_sizes=10x3_conv_channels=256x128_fc_dims=256_seed2
/scratch/sb272/patterns5k_results/slurm_base_cnn_2026-03-03_15-12-57/trial_0033_learning_rate=1.0e-04_kernel_sizes=30x5_conv_channels=256x128_fc_dims=256_seed0,cnn,0.17313681638240813,0.10483477245216531,0.001839575313386463,,,0.0989011896572857,536767,536767,50,0.28098251573491423,0,True,0.45456832695830385,0.15882292346901283,0,0.31855225563049316,0.1058221086859703,0,"[30, 5]","[256, 128]",[256],6837018,bb3u23c1,437.0,trial_0033_learning_rate=1.0e-04_kernel_sizes=30x5_conv_channels=256x128_fc_dims=256_seed0,35292b5d19,trial_0033_learning_rate=1.0e-04_kernel_sizes=30x5_conv_channels=256x128_fc_dims=256_seed0
/scratch/sb272/patterns5k_results/slurm_base_cnn_2026-03-03_15-12-57/trial_0033_learning_rate=1.0e-04_kernel_sizes=30x5_conv_channels=256x128_fc_dims=256_seed1,cnn,0.1731560502052307,0.10017728161207629,-0.0003160285571264842,,,0.10241939657945118,536767,536767,50,0.2383447914912425,0,True,0.45456832695830385,0.13577593449761005,0,0.31855225563049316,0.10103148221969604,0,"[30, 5]","[256, 128]",[256],6837019,bb4u16c1,438.6,trial_0033_learning_rate=1.0e-04_kernel_sizes=30x5_conv_channels=256x128_fc_dims=256_seed1,35292b5d19,trial_0033_learning_rate=1.0e-04_kernel_sizes=30x5_conv_channels=256x128_fc_dims=256_seed1
/scratch/sb272/patterns5k_results/slurm_base_cnn_2026-03-03_15-12-57/trial_0033_learning_rate=1.0e-04_kernel_sizes=30x5_conv_channels=256x128_fc_dims=256_seed2,cnn,0.1726698031425476,0.10687015736986465,0.0033818549580044216,,,0.09514937613280905,536767,536767,50,0.305048543315538,0,True,0.45456832695830385,0.17460949316685032,0,0.31855225563049316,0.10812870413064957,0,"[30, 5]","[256, 128]",[256],6837019,bb4u16c1,428.1,trial_0033_learning_rate=1.0e-04_kernel_sizes=30x5_conv_channels=256x128_fc_dims=256_seed2,35292b5d19,trial_0033_learning_rate=1.0e-04_kernel_sizes=30x5_conv_channels=256x128_fc_dims=256_seed2
/scratch/sb272/patterns5k_results/slurm_base_cnn_2026-03-03_15-12-57/trial_0034_learning_rate=1.0e-04_kernel_sizes=5x5_conv_channels=128x64_fc_dims=256_seed0,cnn,0.16994162034988403,0.11372109110097549,0.014481579500531394,,,0.11201835180717988,101247,101247,50,0.4106318406626198,0,True,0.45456832695830385,0.23825257501615907,1,0.31855225563049316,0.1145220398902893,0,"[5, 5]","[128, 64]",[256],6837019,bb4u16c1,248.1,trial_0034_learning_rate=1.0e-04_kernel_sizes=5x5_conv_channels=128x64_fc_dims=256_seed0,d75b75f7c8,trial_0034_learning_rate=1.0e-04_kernel_sizes=5x5_conv_channels=128x64_fc_dims=256_seed0
/scratch/sb272/patterns5k_results/slurm_base_cnn_2026-03-03_15-12-57/trial_0034_learning_rate=1.0e-04_kernel_sizes=5x5_conv_channels=128x64_fc_dims=256_seed1,cnn,0.17081782865524292,0.11340642449019431,0.011784282941666861,,,0.11540114207973375,101247,101247,50,0.4001931020800101,0,True,0.45456832695830385,0.23239963095992167,1,0.31855225563049316,0.11463487148284912,0,"[5, 5]","[128, 64]",[256],6837019,bb4u16c1,249.2,trial_0034_learning_rate=1.0e-04_kernel_sizes=5x5_conv_channels=128x64_fc_dims=256_seed1,d75b75f7c8,trial_0034_learning_rate=1.0e-04_kernel_sizes=5x5_conv_channels=128x64_fc_dims=256_seed1
/scratch/sb272/patterns5k_results/slurm_base_cnn_2026-03-03_15-12-57/trial_0034_learning_rate=1.0e-04_kernel_sizes=5x5_conv_channels=128x64_fc_dims=256_seed2,cnn,0.17054124867916107,0.11130312368557882,0.011607277961004348,,,0.10614198734242604,101247,101247,50,0.39282796756487987,0,True,0.45456832695830385,0.22791282525262496,1,0.31855225563049316,0.11219446361064911,0,"[5, 5]","[128, 64]",[256],6837019,bb4u16c1,244.6,trial_0034_learning_rate=1.0e-04_kernel_sizes=5x5_conv_channels=128x64_fc_dims=256_seed2,d75b75f7c8,trial_0034_learning_rate=1.0e-04_kernel_sizes=5x5_conv_channels=128x64_fc_dims=256_seed2
/scratch/sb272/patterns5k_results/slurm_base_cnn_2026-03-03_15-12-57/trial_0035_learning_rate=1.0e-04_kernel_sizes=10x5x3_conv_channels=256x128x64_fc_dims=256_seed0,cnn,0.17081402611732482,0.10339847767091685,0.011528277207934668,,,0.09628345184908431,330111,330111,50,0.28000350703448357,0,True,0.45456832695830385,0.1535874838499793,1,0.31855225563049316,0.10359252989292145,0,"[10, 5, 3]","[256, 128, 64]",[256],6837019,bb4u16c1,357.5,trial_0035_learning_rate=1.0e-04_kernel_sizes=10x5x3_conv_channels=256x128x64_fc_dims=256_seed0,04ce206687,trial_0035_learning_rate=1.0e-04_kernel_sizes=10x5x3_conv_channels=256x128x64_fc_dims=256_seed0
/scratch/sb272/patterns5k_results/slurm_base_cnn_2026-03-03_15-12-57/trial_0035_learning_rate=1.0e-04_kernel_sizes=10x5x3_conv_channels=256x128x64_fc_dims=256_seed1,cnn,0.17115914237499236,0.10006091671813082,0.010614658158922952,,,0.1009075203635129,330111,330111,50,0.2940864664444689,0,True,0.45456832695830385,0.16403195103020404,0,0.31855225563049316,0.10017397999763489,0,"[10, 5, 3]","[256, 128, 64]",[256],6837019,bb4u16c1,359.8,trial_0035_learning_rate=1.0e-04_kernel_sizes=10x5x3_conv_channels=256x128x64_fc_dims=256_seed1,04ce206687,trial_0035_learning_rate=1.0e-04_kernel_sizes=10x5x3_conv_channels=256x128x64_fc_dims=256_seed1
/scratch/sb272/patterns5k_results/slurm_base_cnn_2026-03-03_15-12-57/trial_0035_learning_rate=1.0e-04_kernel_sizes=10x5x3_conv_channels=256x128x64_fc_dims=256_seed2,cnn,0.17076215267181397,0.10806921430087116,0.01244282154809861,,,0.09791579958809968,330111,330111,50,0.3246260273522515,0,True,0.45456832695830385,0.1802897007631286,1,0.31855225563049316,0.10829625278711319,0,"[10, 5, 3]","[256, 128, 64]",[256],6837019,bb4u16c1,370.0,trial_0035_learning_rate=1.0e-04_kernel_sizes=10x5x3_conv_channels=256x128x64_fc_dims=256_seed2,04ce206687,trial_0035_learning_rate=1.0e-04_kernel_sizes=10x5x3_conv_channels=256x128x64_fc_dims=256_seed2
/scratch/sb272/patterns5k_results/slurm_base_cnn_2026-03-03_15-12-57/trial_0036_learning_rate=5.0e-04_kernel_sizes=3_conv_channels=128_fc_dims=256_seed0,cnn,0.16913019156455994,0.13216334829495832,0.019990852900913784,,,0.13291143735079228,65727,65727,50,0.4849352694900916,0,True,0.45456832695830385,0.285463907145016,1,0.31855225563049316,0.13342753052711487,0,[3],[128],[256],6837019,bb4u16c1,225.6,trial_0036_learning_rate=5.0e-04_kernel_sizes=3_conv_channels=128_fc_dims=256_seed0,3656073522,trial_0036_learning_rate=5.0e-04_kernel_sizes=3_conv_channels=128_fc_dims=256_seed0
/scratch/sb272/patterns5k_results/slurm_base_cnn_2026-03-03_15-12-57/trial_0036_learning_rate=5.0e-04_kernel_sizes=3_conv_channels=128_fc_dims=256_seed1,cnn,0.16931708312034607,0.12830541341646218,0.018616081230224124,,,0.1357696449253146,65727,65727,50,0.48576917186659485,0,True,0.45456832695830385,0.28817721145368885,1,0.31855225563049316,0.12962400913238525,0,[3],[128],[256],6837019,bb4u16c1,224.8,trial_0036_learning_rate=5.0e-04_kernel_sizes=3_conv_channels=128_fc_dims=256_seed1,3656073522,trial_0036_learning_rate=5.0e-04_kernel_sizes=3_conv_channels=128_fc_dims=256_seed1
/scratch/sb272/patterns5k_results/slurm_base_cnn_2026-03-03_15-12-57/trial_0036_learning_rate=5.0e-04_kernel_sizes=3_conv_channels=128_fc_dims=256_seed2,cnn,0.16919378983974456,0.12945298793659268,0.01964923029854184,,,0.12783805600941797,65727,65727,50,0.4754280535966246,0,True,0.45456832695830385,0.28104424172702075,1,0.31855225563049316,0.13081586360931396,0,[3],[128],[256],6837019,bb4u16c1,224.4,trial_0036_learning_rate=5.0e-04_kernel_sizes=3_conv_channels=128_fc_dims=256_seed2,3656073522,trial_0036_learning_rate=5.0e-04_kernel_sizes=3_conv_channels=128_fc_dims=256_seed2
/scratch/sb272/patterns5k_results/slurm_base_cnn_2026-03-03_15-12-57/trial_0037_learning_rate=5.0e-04_kernel_sizes=5_conv_channels=128_fc_dims=256_seed0,cnn,0.16897014999389648,0.1299355837013824,0.01934219352782719,,,0.13500231045220057,76479,76479,48,0.46760134485780913,0,True,0.45456832695830385,0.27491899067021963,1,0.31855225563049316,0.1309099793434143,0,[5],[128],[256],6837019,bb4u16c1,225.7,trial_0037_learning_rate=5.0e-04_kernel_sizes=5_conv_channels=128_fc_dims=256_seed0,67f0d39ad8,trial_0037_learning_rate=5.0e-04_kernel_sizes=5_conv_channels=128_fc_dims=256_seed0
/scratch/sb272/patterns5k_results/slurm_base_cnn_2026-03-03_15-12-57/trial_0037_learning_rate=5.0e-04_kernel_sizes=5_conv_channels=128_fc_dims=256_seed1,cnn,0.16916319191455842,0.13214083240137875,0.01846006370726086,,,0.13730993627008695,76479,76479,50,0.4737958840453069,0,True,0.45456832695830385,0.2811329825790985,1,0.31855225563049316,0.13342604041099548,0,[5],[128],[256],6837019,bb4u16c1,230.3,trial_0037_learning_rate=5.0e-04_kernel_sizes=5_conv_channels=128_fc_dims=256_seed1,67f0d39ad8,trial_0037_learning_rate=5.0e-04_kernel_sizes=5_conv_channels=128_fc_dims=256_seed1
/scratch/sb272/patterns5k_results/slurm_base_cnn_2026-03-03_15-12-57/trial_0037_learning_rate=5.0e-04_kernel_sizes=5_conv_channels=128_fc_dims=256_seed2,cnn,0.168947203874588,0.13450033659777375,0.020500036459120494,,,0.12938691184917636,76479,76479,47,0.48814306141839275,0,True,0.45456832695830385,0.28622123166645574,1,0.31855225563049316,0.1356782168149948,0,[5],[128],[256],6837019,bb4u16c1,224.6,trial_0037_learning_rate=5.0e-04_kernel_sizes=5_conv_channels=128_fc_dims=256_seed2,67f0d39ad8,trial_0037_learning_rate=5.0e-04_kernel_sizes=5_conv_channels=128_fc_dims=256_seed2
/scratch/sb272/patterns5k_results/slurm_base_cnn_2026-03-03_15-12-57/trial_0038_learning_rate=5.0e-04_kernel_sizes=10_conv_channels=128_fc_dims=256_seed0,cnn,0.16903901374340058,0.12784977975178993,0.01723167442140125,,,0.1283051050588561,103359,103359,50,0.46208208779430027,0,True,0.45456832695830385,0.2667891636418064,2,0.31855225563049316,0.12872210144996643,0,[10],[128],[256],6837019,bb4u16c1,239.7,trial_0038_learning_rate=5.0e-04_kernel_sizes=10_conv_channels=128_fc_dims=256_seed0,75e5b88d22,trial_0038_learning_rate=5.0e-04_kernel_sizes=10_conv_channels=128_fc_dims=256_seed0
/scratch/sb272/patterns5k_results/slurm_base_cnn_2026-03-03_15-12-57/trial_0038_learning_rate=5.0e-04_kernel_sizes=10_conv_channels=128_fc_dims=256_seed1,cnn,0.16919119238853456,0.12701340429837998,0.017264486305297366,,,0.13225223335571237,103359,103359,50,0.47003863332568413,0,True,0.45456832695830385,0.27190196948660716,1,0.31855225563049316,0.1281372457742691,0,[10],[128],[256],6837019,bb4u16c1,237.5,trial_0038_learning_rate=5.0e-04_kernel_sizes=10_conv_channels=128_fc_dims=256_seed1,75e5b88d22,trial_0038_learning_rate=5.0e-04_kernel_sizes=10_conv_channels=128_fc_dims=256_seed1
/scratch/sb272/patterns5k_results/slurm_base_cnn_2026-03-03_15-12-57/trial_0038_learning_rate=5.0e-04_kernel_sizes=10_conv_channels=128_fc_dims=256_seed2,cnn,0.16870651519298555,0.1314292522271265,0.01826191516149612,,,0.1264169256204053,103359,103359,50,0.48715476484277104,0,True,0.45456832695830385,0.2808049727312905,1,0.31855225563049316,0.1325860172510147,0,[10],[128],[256],6837019,bb4u16c1,236.2,trial_0038_learning_rate=5.0e-04_kernel_sizes=10_conv_channels=128_fc_dims=256_seed2,75e5b88d22,trial_0038_learning_rate=5.0e-04_kernel_sizes=10_conv_channels=128_fc_dims=256_seed2
/scratch/sb272/patterns5k_results/slurm_base_cnn_2026-03-03_15-12-57/trial_0039_learning_rate=5.0e-04_kernel_sizes=30_conv_channels=256_fc_dims=256_seed0,cnn,0.17068868947029114,0.12757080059405498,0.015912042723761663,,,0.12486683968040564,405311,405311,42,0.3837773346235306,0,True,0.45456832695830385,0.2168805945303316,0,0.31855225563049316,0.12939421832561493,0,[30],[256],[256],6837019,bb4u16c1,326.1,trial_0039_learning_rate=5.0e-04_kernel_sizes=30_conv_channels=256_fc_dims=256_seed0,268be4c569,trial_0039_learning_rate=5.0e-04_kernel_sizes=30_conv_channels=256_fc_dims=256_seed0
/scratch/sb272/patterns5k_results/slurm_base_cnn_2026-03-03_15-12-57/trial_0039_learning_rate=5.0e-04_kernel_sizes=30_conv_channels=256_fc_dims=256_seed1,cnn,0.17089960169792176,0.12668478561669108,0.01707443736848377,,,0.12729395205010363,405311,405311,41,0.3625910182296857,0,True,0.45456832695830385,0.20899347876430932,1,0.31855225563049316,0.1283898502588272,0,[30],[256],[256],6837019,bb4u16c1,318.8,trial_0039_learning_rate=5.0e-04_kernel_sizes=30_conv_channels=256_fc_dims=256_seed1,268be4c569,trial_0039_learning_rate=5.0e-04_kernel_sizes=30_conv_channels=256_fc_dims=256_seed1
/scratch/sb272/patterns5k_results/slurm_base_cnn_2026-03-03_15-12-57/trial_0039_learning_rate=5.0e-04_kernel_sizes=30_conv_channels=256_fc_dims=256_seed2,cnn,0.17012315952777862,0.1291884066163859,0.01567024181759547,,,0.11952958337796249,405311,405311,45,0.39108081565441305,0,True,0.45456832695830385,0.22522622243490842,0,0.31855225563049316,0.13099628686904907,0,[30],[256],[256],6837019,bb4u16c1,336.5,trial_0039_learning_rate=5.0e-04_kernel_sizes=30_conv_channels=256_fc_dims=256_seed2,268be4c569,trial_0039_learning_rate=5.0e-04_kernel_sizes=30_conv_channels=256_fc_dims=256_seed2
/scratch/sb272/patterns5k_results/slurm_base_cnn_2026-03-03_15-12-57/trial_0040_learning_rate=5.0e-04_kernel_sizes=60_conv_channels=256_fc_dims=256_seed0,cnn,0.17234575819969178,0.12035521614010884,0.011510963477785624,,,0.11601619056412149,727871,727871,35,0.22704781075309977,0,True,0.45456832695830385,0.130441999044607,0,0.31855225563049316,0.12141241878271103,0,[60],[256],[256],6837019,bb4u16c1,406.7,trial_0040_learning_rate=5.0e-04_kernel_sizes=60_conv_channels=256_fc_dims=256_seed0,3d87ba3743,trial_0040_learning_rate=5.0e-04_kernel_sizes=60_conv_channels=256_fc_dims=256_seed0
/scratch/sb272/patterns5k_results/slurm_base_cnn_2026-03-03_15-12-57/trial_0040_learning_rate=5.0e-04_kernel_sizes=60_conv_channels=256_fc_dims=256_seed1,cnn,0.17315075087547302,0.12218795032009203,0.012819245694175599,,,0.1163690750235794,727871,727871,37,0.2657248950127488,0,True,0.45456832695830385,0.15205325484329044,0,0.31855225563049316,0.12374909222126007,0,[60],[256],[256],6837019,bb4u16c1,420.6,trial_0040_learning_rate=5.0e-04_kernel_sizes=60_conv_channels=256_fc_dims=256_seed1,3d87ba3743,trial_0040_learning_rate=5.0e-04_kernel_sizes=60_conv_channels=256_fc_dims=256_seed1
/scratch/sb272/patterns5k_results/slurm_base_cnn_2026-03-03_15-12-57/trial_0040_learning_rate=5.0e-04_kernel_sizes=60_conv_channels=256_fc_dims=256_seed2,cnn,0.17315946054458617,0.11695668768102571,0.010224364106617277,,,0.11066076260646848,727871,727871,33,0.23953860837670637,0,True,0.45456832695830385,0.13685371255102097,0,0.31855225563049316,0.11810053139925003,0,[60],[256],[256],6837019,bb4u16c1,396.2,trial_0040_learning_rate=5.0e-04_kernel_sizes=60_conv_channels=256_fc_dims=256_seed2,3d87ba3743,trial_0040_learning_rate=5.0e-04_kernel_sizes=60_conv_channels=256_fc_dims=256_seed2
/scratch/sb272/patterns5k_results/slurm_base_cnn_2026-03-03_15-12-57/trial_0041_learning_rate=5.0e-04_kernel_sizes=10x3_conv_channels=256x128_fc_dims=256_seed0,cnn,0.17047751677036285,0.12588832785427975,0.01061184633345831,,,0.12572770683845408,256191,256191,36,0.4380381466877771,0,True,0.45456832695830385,0.2546685038834311,2,0.31855225563049316,0.12656308710575104,0,"[10, 3]","[256, 128]",[256],6837019,bb4u16c1,271.3,trial_0041_learning_rate=5.0e-04_kernel_sizes=10x3_conv_channels=256x128_fc_dims=256_seed0,9cb78030be,trial_0041_learning_rate=5.0e-04_kernel_sizes=10x3_conv_channels=256x128_fc_dims=256_seed0
/scratch/sb272/patterns5k_results/slurm_base_cnn_2026-03-03_15-12-57/trial_0041_learning_rate=5.0e-04_kernel_sizes=10x3_conv_channels=256x128_fc_dims=256_seed1,cnn,0.1693784966468811,0.12803656209280634,0.014453440431564574,,,0.12809667128807536,256191,256191,32,0.4687530787760938,0,True,0.45456832695830385,0.2696508055192784,1,0.31855225563049316,0.12880875170230865,0,"[10, 3]","[256, 128]",[256],6837019,bb4u16c1,256.3,trial_0041_learning_rate=5.0e-04_kernel_sizes=10x3_conv_channels=256x128_fc_dims=256_seed1,9cb78030be,trial_0041_learning_rate=5.0e-04_kernel_sizes=10x3_conv_channels=256x128_fc_dims=256_seed1
/scratch/sb272/patterns5k_results/slurm_base_cnn_2026-03-03_15-12-57/trial_0041_learning_rate=5.0e-04_kernel_sizes=10x3_conv_channels=256x128_fc_dims=256_seed2,cnn,0.17032335162162782,0.12405025612612082,0.011129292230757456,,,0.12323574779520319,256191,256191,37,0.4404670776851364,0,True,0.45456832695830385,0.25556403633832336,0,0.31855225563049316,0.1246572956442833,0,"[10, 3]","[256, 128]",[256],6837019,bb4u16c1,271.3,trial_0041_learning_rate=5.0e-04_kernel_sizes=10x3_conv_channels=256x128_fc_dims=256_seed2,9cb78030be,trial_0041_learning_rate=5.0e-04_kernel_sizes=10x3_conv_channels=256x128_fc_dims=256_seed2
/scratch/sb272/patterns5k_results/slurm_base_cnn_2026-03-03_15-12-57/trial_0042_learning_rate=5.0e-04_kernel_sizes=30x5_conv_channels=256x128_fc_dims=256_seed0,cnn,0.17417095875740052,0.11626859360248422,0.005707507095639668,,,0.11328115752527983,536767,536767,43,0.3168526026304914,0,True,0.45456832695830385,0.18056883442921778,0,0.31855225563049316,0.11705304682254791,0,"[30, 5]","[256, 128]",[256],6837019,bb4u16c1,380.3,trial_0042_learning_rate=5.0e-04_kernel_sizes=30x5_conv_channels=256x128_fc_dims=256_seed0,e09a55cf39,trial_0042_learning_rate=5.0e-04_kernel_sizes=30x5_conv_channels=256x128_fc_dims=256_seed0
/scratch/sb272/patterns5k_results/slurm_base_cnn_2026-03-03_15-12-57/trial_0042_learning_rate=5.0e-04_kernel_sizes=30x5_conv_channels=256x128_fc_dims=256_seed1,cnn,0.17314070188999175,0.1217797574036181,0.006864715190160842,,,0.11486032403613365,536767,536767,47,0.37203105098928924,0,True,0.45456832695830385,0.2155170422403175,1,0.31855225563049316,0.12324313819408417,0,"[30, 5]","[256, 128]",[256],6837019,bb4u16c1,408.1,trial_0042_learning_rate=5.0e-04_kernel_sizes=30x5_conv_channels=256x128_fc_dims=256_seed1,e09a55cf39,trial_0042_learning_rate=5.0e-04_kernel_sizes=30x5_conv_channels=256x128_fc_dims=256_seed1
/scratch/sb272/patterns5k_results/slurm_base_cnn_2026-03-03_15-12-57/trial_0042_learning_rate=5.0e-04_kernel_sizes=30x5_conv_channels=256x128_fc_dims=256_seed2,cnn,0.17375494730472565,0.11474901206713894,0.0012710170140342108,,,0.10740787914983976,536767,536767,47,0.3237085406528041,0,True,0.45456832695830385,0.18637968399007232,0,0.31855225563049316,0.11574994772672653,0,"[30, 5]","[256, 128]",[256],6837019,bb4u16c1,415.4,trial_0042_learning_rate=5.0e-04_kernel_sizes=30x5_conv_channels=256x128_fc_dims=256_seed2,e09a55cf39,trial_0042_learning_rate=5.0e-04_kernel_sizes=30x5_conv_channels=256x128_fc_dims=256_seed2
/scratch/sb272/patterns5k_results/slurm_base_cnn_2026-03-03_15-12-57/trial_0043_learning_rate=5.0e-04_kernel_sizes=5x5_conv_channels=128x64_fc_dims=256_seed0,cnn,0.17021520483493804,0.13040241204638947,0.014204323291778564,,,0.12952207846245767,101247,101247,44,0.460791858634777,0,True,0.45456832695830385,0.26768855280505943,1,0.31855225563049316,0.13115915656089783,0,"[5, 5]","[128, 64]",[256],6837019,bb4u16c1,235.3,trial_0043_learning_rate=5.0e-04_kernel_sizes=5x5_conv_channels=128x64_fc_dims=256_seed0,595ce00ab3,trial_0043_learning_rate=5.0e-04_kernel_sizes=5x5_conv_channels=128x64_fc_dims=256_seed0
/scratch/sb272/patterns5k_results/slurm_base_cnn_2026-03-03_15-12-57/trial_0043_learning_rate=5.0e-04_kernel_sizes=5x5_conv_channels=128x64_fc_dims=256_seed1,cnn,0.16964325153827667,0.12826724787258087,0.01579428381390042,,,0.13171298591283262,101247,101247,49,0.4722699614078201,0,True,0.45456832695830385,0.27251424934462315,1,0.31855225563049316,0.12940415740013123,0,"[5, 5]","[128, 64]",[256],6837019,bb4u16c1,245.3,trial_0043_learning_rate=5.0e-04_kernel_sizes=5x5_conv_channels=128x64_fc_dims=256_seed1,595ce00ab3,trial_0043_learning_rate=5.0e-04_kernel_sizes=5x5_conv_channels=128x64_fc_dims=256_seed1
/scratch/sb272/patterns5k_results/slurm_base_cnn_2026-03-03_15-12-57/trial_0043_learning_rate=5.0e-04_kernel_sizes=5x5_conv_channels=128x64_fc_dims=256_seed2,cnn,0.16990379750728607,0.12872215424517863,0.015192046051933653,,,0.127948378974073,101247,101247,50,0.4604109307157825,0,True,0.45456832695830385,0.2655825712886195,2,0.31855225563049316,0.12976419925689697,0,"[5, 5]","[128, 64]",[256],6837019,bb4u16c1,247.3,trial_0043_learning_rate=5.0e-04_kernel_sizes=5x5_conv_channels=128x64_fc_dims=256_seed2,595ce00ab3,trial_0043_learning_rate=5.0e-04_kernel_sizes=5x5_conv_channels=128x64_fc_dims=256_seed2
/scratch/sb272/patterns5k_results/slurm_base_cnn_2026-03-03_15-12-57/trial_0044_learning_rate=5.0e-04_kernel_sizes=10x5x3_conv_channels=256x128x64_fc_dims=256_seed0,cnn,0.1707959371805191,0.1128743084744181,0.012695093949635824,,,0.1125118496417489,330111,330111,33,0.3397317974368909,0,True,0.45456832695830385,0.19075214309016153,1,0.31855225563049316,0.11349263042211533,0,"[10, 5, 3]","[256, 128, 64]",[256],6837019,bb4u16c1,285.9,trial_0044_learning_rate=5.0e-04_kernel_sizes=10x5x3_conv_channels=256x128x64_fc_dims=256_seed0,debbd57c08,trial_0044_learning_rate=5.0e-04_kernel_sizes=10x5x3_conv_channels=256x128x64_fc_dims=256_seed0
/scratch/sb272/patterns5k_results/slurm_base_cnn_2026-03-03_15-12-57/trial_0044_learning_rate=5.0e-04_kernel_sizes=10x5x3_conv_channels=256x128x64_fc_dims=256_seed1,cnn,0.16971557474136353,0.11892797964785631,0.01491926492206634,,,0.11533042875403683,330111,330111,30,0.3905715309519398,0,True,0.45456832695830385,0.2182536372211843,1,0.31855225563049316,0.11946532875299454,0,"[10, 5, 3]","[256, 128, 64]",[256],6837019,bb4u16c1,274.2,trial_0044_learning_rate=5.0e-04_kernel_sizes=10x5x3_conv_channels=256x128x64_fc_dims=256_seed1,debbd57c08,trial_0044_learning_rate=5.0e-04_kernel_sizes=10x5x3_conv_channels=256x128x64_fc_dims=256_seed1
/scratch/sb272/patterns5k_results/slurm_base_cnn_2026-03-03_15-12-57/trial_0044_learning_rate=5.0e-04_kernel_sizes=10x5x3_conv_channels=256x128x64_fc_dims=256_seed2,cnn,0.1707158603668213,0.11521738009661321,0.013597679516625783,,,0.1106466977377092,330111,330111,33,0.3701824234221026,0,True,0.45456832695830385,0.2071557597242122,1,0.31855225563049316,0.11588124185800552,0,"[10, 5, 3]","[256, 128, 64]",[256],6837019,bb4u16c1,285.1,trial_0044_learning_rate=5.0e-04_kernel_sizes=10x5x3_conv_channels=256x128x64_fc_dims=256_seed2,debbd57c08,trial_0044_learning_rate=5.0e-04_kernel_sizes=10x5x3_conv_channels=256x128x64_fc_dims=256_seed2
/scratch/sb272/patterns5k_results/slurm_base_cnn_2026-03-03_15-12-57/trial_0045_learning_rate=5.0e-04_kernel_sizes=3_conv_channels=128_fc_dims=256_seed0,cnn,0.16888273501396178,0.13203306878637527,0.020379682381947834,,,0.13186461944737637,65727,65727,50,0.47113472390441224,0,True,0.45456832695830385,0.2801416141887567,1,0.31855225563049316,0.1330527514219284,0,[3],[128],[256],6837019,bb4u16c1,223.8,trial_0045_learning_rate=5.0e-04_kernel_sizes=3_conv_channels=128_fc_dims=256_seed0,7c7bb17588,trial_0045_learning_rate=5.0e-04_kernel_sizes=3_conv_channels=128_fc_dims=256_seed0
/scratch/sb272/patterns5k_results/slurm_base_cnn_2026-03-03_15-12-57/trial_0045_learning_rate=5.0e-04_kernel_sizes=3_conv_channels=128_fc_dims=256_seed1,cnn,0.168842294216156,0.1328303205350795,0.02147869174442594,,,0.13541158039015336,65727,65727,50,0.4785389226629972,0,True,0.45456832695830385,0.2853765693348484,1,0.31855225563049316,0.13448409736156464,0,[3],[128],[256],6837019,bb4u16c1,223.7,trial_0045_learning_rate=5.0e-04_kernel_sizes=3_conv_channels=128_fc_dims=256_seed1,7c7bb17588,trial_0045_learning_rate=5.0e-04_kernel_sizes=3_conv_channels=128_fc_dims=256_seed1
/scratch/sb272/patterns5k_results/slurm_base_cnn_2026-03-03_15-12-57/trial_0045_learning_rate=5.0e-04_kernel_sizes=3_conv_channels=128_fc_dims=256_seed2,cnn,0.1693085116147995,0.1304306034024892,0.018570907532222687,,,0.1288686856086573,65727,65727,50,0.4858363832708867,0,True,0.45456832695830385,0.28690844054647924,1,0.31855225563049316,0.1319044828414917,0,[3],[128],[256],6837019,bb4u16c1,226.6,trial_0045_learning_rate=5.0e-04_kernel_sizes=3_conv_channels=128_fc_dims=256_seed2,7c7bb17588,trial_0045_learning_rate=5.0e-04_kernel_sizes=3_conv_channels=128_fc_dims=256_seed2
/scratch/sb272/patterns5k_results/slurm_base_cnn_2026-03-03_15-12-57/trial_0046_learning_rate=5.0e-04_kernel_sizes=5_conv_channels=128_fc_dims=256_seed0,cnn,0.16880350840091704,0.13311398616182538,0.02102629438279167,,,0.13534489307213227,76479,76479,50,0.4799319512063637,0,True,0.45456832695830385,0.2812653803154939,1,0.31855225563049316,0.13433602452278137,0,[5],[128],[256],6837019,bb4u16c1,234.0,trial_0046_learning_rate=5.0e-04_kernel_sizes=5_conv_channels=128_fc_dims=256_seed0,a3e2552a50,trial_0046_learning_rate=5.0e-04_kernel_sizes=5_conv_channels=128_fc_dims=256_seed0
/scratch/sb272/patterns5k_results/slurm_base_cnn_2026-03-03_15-12-57/trial_0046_learning_rate=5.0e-04_kernel_sizes=5_conv_channels=128_fc_dims=256_seed1,cnn,0.1688178539276123,0.13183335075572175,0.01954326175508045,,,0.13713697727631713,76479,76479,50,0.47828010716406344,0,True,0.45456832695830385,0.28187352369380714,1,0.31855225563049316,0.13307707011699677,0,[5],[128],[256],6837019,bb4u16c1,233.2,trial_0046_learning_rate=5.0e-04_kernel_sizes=5_conv_channels=128_fc_dims=256_seed1,a3e2552a50,trial_0046_learning_rate=5.0e-04_kernel_sizes=5_conv_channels=128_fc_dims=256_seed1
/scratch/sb272/patterns5k_results/slurm_base_cnn_2026-03-03_15-12-57/trial_0046_learning_rate=5.0e-04_kernel_sizes=5_conv_channels=128_fc_dims=256_seed2,cnn,0.16912354350090028,0.13290722534347477,0.018326682703835622,,,0.12904425564322552,76479,76479,50,0.4718763903377731,0,True,0.45456832695830385,0.2778750769892126,1,0.31855225563049316,0.13422751426696777,0,[5],[128],[256],6837019,bb4u16c1,235.3,trial_0046_learning_rate=5.0e-04_kernel_sizes=5_conv_channels=128_fc_dims=256_seed2,a3e2552a50,trial_0046_learning_rate=5.0e-04_kernel_sizes=5_conv_channels=128_fc_dims=256_seed2
/scratch/sb272/patterns5k_results/slurm_base_cnn_2026-03-03_15-12-57/trial_0047_learning_rate=5.0e-04_kernel_sizes=10_conv_channels=128_fc_dims=256_seed0,cnn,0.16927673363685608,0.12558695939945996,0.01640510464471484,,,0.12999997044592254,103359,103359,50,0.455857688588313,0,True,0.45456832695830385,0.2636182197664622,2,0.31855225563049316,0.12663275003433228,0,[10],[128],[256],6837019,bb4u16c1,240.8,trial_0047_learning_rate=5.0e-04_kernel_sizes=10_conv_channels=128_fc_dims=256_seed0,a8399bbc79,trial_0047_learning_rate=5.0e-04_kernel_sizes=10_conv_channels=128_fc_dims=256_seed0
/scratch/sb272/patterns5k_results/slurm_base_cnn_2026-03-03_15-12-57/trial_0047_learning_rate=5.0e-04_kernel_sizes=10_conv_channels=128_fc_dims=256_seed1,cnn,0.16887678718566895,0.12980020613904045,0.018755197525024414,,,0.13201824230904452,103359,103359,50,0.4772433902015733,0,True,0.45456832695830385,0.2774869042237984,1,0.31855225563049316,0.13154180347919464,0,[10],[128],[256],6837019,bb4u16c1,239.0,trial_0047_learning_rate=5.0e-04_kernel_sizes=10_conv_channels=128_fc_dims=256_seed1,a8399bbc79,trial_0047_learning_rate=5.0e-04_kernel_sizes=10_conv_channels=128_fc_dims=256_seed1
/scratch/sb272/patterns5k_results/slurm_base_cnn_2026-03-03_15-12-57/trial_0047_learning_rate=5.0e-04_kernel_sizes=10_conv_channels=128_fc_dims=256_seed2,cnn,0.1685800824165344,0.12985530166682868,0.01909172629553174,,,0.12723128761068378,103359,103359,50,0.5057896828921079,0,True,0.45456832695830385,0.2872826068443762,2,0.31855225563049316,0.13095468282699585,0,[10],[128],[256],6837019,bb4u16c1,239.6,trial_0047_learning_rate=5.0e-04_kernel_sizes=10_conv_channels=128_fc_dims=256_seed2,a8399bbc79,trial_0047_learning_rate=5.0e-04_kernel_sizes=10_conv_channels=128_fc_dims=256_seed2
/scratch/sb272/patterns5k_results/slurm_base_cnn_2026-03-03_15-12-57/trial_0048_learning_rate=5.0e-04_kernel_sizes=30_conv_channels=256_fc_dims=256_seed0,cnn,0.17016011941432954,0.13165832088369447,0.017696997476002528,,,0.12494319856213598,405311,405311,40,0.35227166196331405,0,True,0.45456832695830385,0.20340070014668762,0,0.31855225563049316,0.13333600759506226,0,[30],[256],[256],6837019,bb4u16c1,315.0,trial_0048_learning_rate=5.0e-04_kernel_sizes=30_conv_channels=256_fc_dims=256_seed0,caabd5451e,trial_0048_learning_rate=5.0e-04_kernel_sizes=30_conv_channels=256_fc_dims=256_seed0
/scratch/sb272/patterns5k_results/slurm_base_cnn_2026-03-03_15-12-57/trial_0048_learning_rate=5.0e-04_kernel_sizes=30_conv_channels=256_fc_dims=256_seed1,cnn,0.17075276947021484,0.1272590582645114,0.014526801449911935,,,0.12513132885286646,405311,405311,42,0.3486973750910418,0,True,0.45456832695830385,0.19753536410179168,1,0.31855225563049316,0.128067284822464,0,[30],[256],[256],6837019,bb4u16c1,322.8,trial_0048_learning_rate=5.0e-04_kernel_sizes=30_conv_channels=256_fc_dims=256_seed1,caabd5451e,trial_0048_learning_rate=5.0e-04_kernel_sizes=30_conv_channels=256_fc_dims=256_seed1
/scratch/sb272/patterns5k_results/slurm_base_cnn_2026-03-03_15-12-57/trial_0048_learning_rate=5.0e-04_kernel_sizes=30_conv_channels=256_fc_dims=256_seed2,cnn,0.17037759780883788,0.128186946412786,0.01674655316367982,,,0.12071193893720071,405311,405311,44,0.358443057997243,0,True,0.45456832695830385,0.2054698148764734,0,0.31855225563049316,0.12938469648361206,0,[30],[256],[256],6837019,bb4u16c1,336.9,trial_0048_learning_rate=5.0e-04_kernel_sizes=30_conv_channels=256_fc_dims=256_seed2,caabd5451e,trial_0048_learning_rate=5.0e-04_kernel_sizes=30_conv_channels=256_fc_dims=256_seed2
/scratch/sb272/patterns5k_results/slurm_base_cnn_2026-03-03_15-12-57/trial_0049_learning_rate=5.0e-04_kernel_sizes=60_conv_channels=256_fc_dims=256_seed0,cnn,0.17334087598323822,0.1186293044951514,0.010803663541400244,,,0.11675583305628184,727871,727871,33,0.21924506265397892,0,True,0.45456832695830385,0.12677856139649654,0,0.31855225563049316,0.11947376281023026,0,[60],[256],[256],6837019,bb4u16c1,392.5,trial_0049_learning_rate=5.0e-04_kernel_sizes=60_conv_channels=256_fc_dims=256_seed0,4a11e10711,trial_0049_learning_rate=5.0e-04_kernel_sizes=60_conv_channels=256_fc_dims=256_seed0
/scratch/sb272/patterns5k_results/slurm_base_cnn_2026-03-03_15-12-57/trial_0049_learning_rate=5.0e-04_kernel_sizes=60_conv_channels=256_fc_dims=256_seed1,cnn,0.17284646916389465,0.11906080849127831,0.011648004963284447,,,0.11511868068334062,727871,727871,34,0.24152685255872222,0,True,0.45456832695830385,0.13802655866938546,0,0.31855225563049316,0.1205032467842102,0,[60],[256],[256],6837019,bb4u16c1,398.4,trial_0049_learning_rate=5.0e-04_kernel_sizes=60_conv_channels=256_fc_dims=256_seed1,4a11e10711,trial_0049_learning_rate=5.0e-04_kernel_sizes=60_conv_channels=256_fc_dims=256_seed1
/scratch/sb272/patterns5k_results/slurm_base_cnn_2026-03-03_15-12-57/trial_0049_learning_rate=5.0e-04_kernel_sizes=60_conv_channels=256_fc_dims=256_seed2,cnn,0.17390533471107483,0.12026294626396525,0.010509013183533198,,,0.11450561392450699,727871,727871,42,0.26919483922104276,0,True,0.45456832695830385,0.15620181794415547,0,0.31855225563049316,0.12169785797595978,0,[60],[256],[256],6837019,bb4u16c1,463.9,trial_0049_learning_rate=5.0e-04_kernel_sizes=60_conv_channels=256_fc_dims=256_seed2,4a11e10711,trial_0049_learning_rate=5.0e-04_kernel_sizes=60_conv_channels=256_fc_dims=256_seed2
/scratch/sb272/patterns5k_results/slurm_base_cnn_2026-03-03_15-12-57/trial_0050_learning_rate=5.0e-04_kernel_sizes=10x3_conv_channels=256x128_fc_dims=256_seed0,cnn,0.17073551261425018,0.12108192255296513,0.009379897798810686,,,0.12539033496959343,256191,256191,38,0.4427784056521484,0,True,0.45456832695830385,0.25637854689560097,2,0.31855225563049316,0.12137115746736526,0,"[10, 3]","[256, 128]",[256],6837020,bb4u16c1,286.4,trial_0050_learning_rate=5.0e-04_kernel_sizes=10x3_conv_channels=256x128_fc_dims=256_seed0,0cd40cd8c4,trial_0050_learning_rate=5.0e-04_kernel_sizes=10x3_conv_channels=256x128_fc_dims=256_seed0
/scratch/sb272/patterns5k_results/slurm_base_cnn_2026-03-03_15-12-57/trial_0050_learning_rate=5.0e-04_kernel_sizes=10x3_conv_channels=256x128_fc_dims=256_seed1,cnn,0.17191194450855254,0.12135925160887115,0.0008444483318026104,,,0.13020717286907416,256191,256191,41,0.4444580132836782,0,True,0.45456832695830385,0.25773316520443557,1,0.31855225563049316,0.12210893630981445,0,"[10, 3]","[256, 128]",[256],6837020,bb4u16c1,286.6,trial_0050_learning_rate=5.0e-04_kernel_sizes=10x3_conv_channels=256x128_fc_dims=256_seed1,0cd40cd8c4,trial_0050_learning_rate=5.0e-04_kernel_sizes=10x3_conv_channels=256x128_fc_dims=256_seed1
/scratch/sb272/patterns5k_results/slurm_base_cnn_2026-03-03_15-12-57/trial_0050_learning_rate=5.0e-04_kernel_sizes=10x3_conv_channels=256x128_fc_dims=256_seed2,cnn,0.17029197776317598,0.12472050834709475,0.008850239572070893,,,0.12177482394168282,256191,256191,41,0.4584205977575213,0,True,0.45456832695830385,0.26526193350217514,2,0.31855225563049316,0.12571953237056732,0,"[10, 3]","[256, 128]",[256],6837020,bb4u16c1,286.2,trial_0050_learning_rate=5.0e-04_kernel_sizes=10x3_conv_channels=256x128_fc_dims=256_seed2,0cd40cd8c4,trial_0050_learning_rate=5.0e-04_kernel_sizes=10x3_conv_channels=256x128_fc_dims=256_seed2
/scratch/sb272/patterns5k_results/slurm_base_cnn_2026-03-03_15-12-57/trial_0051_learning_rate=5.0e-04_kernel_sizes=30x5_conv_channels=256x128_fc_dims=256_seed0,cnn,0.17436206543445587,0.11989482771455039,0.005681401207333519,,,0.11467144704015961,536767,536767,50,0.3417932340564414,0,True,0.45456832695830385,0.19681528341751034,1,0.31855225563049316,0.12136910110712051,0,"[30, 5]","[256, 128]",[256],6837020,bb4u16c1,427.3,trial_0051_learning_rate=5.0e-04_kernel_sizes=30x5_conv_channels=256x128_fc_dims=256_seed0,d6eaa7debc,trial_0051_learning_rate=5.0e-04_kernel_sizes=30x5_conv_channels=256x128_fc_dims=256_seed0
/scratch/sb272/patterns5k_results/slurm_base_cnn_2026-03-03_15-12-57/trial_0051_learning_rate=5.0e-04_kernel_sizes=30x5_conv_channels=256x128_fc_dims=256_seed1,cnn,0.17233599388599397,0.11653237355412954,0.007651101029108441,,,0.11518862458884245,536767,536767,29,0.341027040391028,0,True,0.45456832695830385,0.19590402577109314,1,0.31855225563049316,0.11756940186023712,0,"[30, 5]","[256, 128]",[256],6837020,bb4u16c1,301.6,trial_0051_learning_rate=5.0e-04_kernel_sizes=30x5_conv_channels=256x128_fc_dims=256_seed1,d6eaa7debc,trial_0051_learning_rate=5.0e-04_kernel_sizes=30x5_conv_channels=256x128_fc_dims=256_seed1
/scratch/sb272/patterns5k_results/slurm_base_cnn_2026-03-03_15-12-57/trial_0051_learning_rate=5.0e-04_kernel_sizes=30x5_conv_channels=256x128_fc_dims=256_seed2,cnn,0.17299765920639038,0.1167062001798939,0.005059281038859534,,,0.10969739756528213,536767,536767,38,0.3513041044732432,0,True,0.45456832695830385,0.20100918060421993,1,0.31855225563049316,0.11815246194601059,0,"[30, 5]","[256, 128]",[256],6837020,bb4u16c1,350.3,trial_0051_learning_rate=5.0e-04_kernel_sizes=30x5_conv_channels=256x128_fc_dims=256_seed2,d6eaa7debc,trial_0051_learning_rate=5.0e-04_kernel_sizes=30x5_conv_channels=256x128_fc_dims=256_seed2
/scratch/sb272/patterns5k_results/slurm_base_cnn_2026-03-03_15-12-57/trial_0052_learning_rate=5.0e-04_kernel_sizes=5x5_conv_channels=128x64_fc_dims=256_seed0,cnn,0.16966475534439088,0.12836950811260678,0.01593204244734749,,,0.13068315169779438,101247,101247,44,0.47107464380386843,0,True,0.45456832695830385,0.27243752895810686,1,0.31855225563049316,0.12945091724395752,0,"[5, 5]","[128, 64]",[256],6837020,bb4u16c1,234.3,trial_0052_learning_rate=5.0e-04_kernel_sizes=5x5_conv_channels=128x64_fc_dims=256_seed0,39114c95b7,trial_0052_learning_rate=5.0e-04_kernel_sizes=5x5_conv_channels=128x64_fc_dims=256_seed0
/scratch/sb272/patterns5k_results/slurm_base_cnn_2026-03-03_15-12-57/trial_0052_learning_rate=5.0e-04_kernel_sizes=5x5_conv_channels=128x64_fc_dims=256_seed1,cnn,0.16913024520874023,0.1287732101831222,0.01702556912861173,,,0.13299310667512046,101247,101247,50,0.474975094037644,0,True,0.45456832695830385,0.27390878572912536,1,0.31855225563049316,0.1298048347234726,0,"[5, 5]","[128, 64]",[256],6837020,bb4u16c1,247.1,trial_0052_learning_rate=5.0e-04_kernel_sizes=5x5_conv_channels=128x64_fc_dims=256_seed1,39114c95b7,trial_0052_learning_rate=5.0e-04_kernel_sizes=5x5_conv_channels=128x64_fc_dims=256_seed1
/scratch/sb272/patterns5k_results/slurm_base_cnn_2026-03-03_15-12-57/trial_0052_learning_rate=5.0e-04_kernel_sizes=5x5_conv_channels=128x64_fc_dims=256_seed2,cnn,0.16976918315887451,0.130083635822635,0.015581467794993567,,,0.1266201627900578,101247,101247,50,0.46987980041185623,0,True,0.45456832695830385,0.27076036435676604,2,0.31855225563049316,0.13079336285591125,0,"[5, 5]","[128, 64]",[256],6837020,bb4u16c1,246.1,trial_0052_learning_rate=5.0e-04_kernel_sizes=5x5_conv_channels=128x64_fc_dims=256_seed2,39114c95b7,trial_0052_learning_rate=5.0e-04_kernel_sizes=5x5_conv_channels=128x64_fc_dims=256_seed2
/scratch/sb272/patterns5k_results/slurm_base_cnn_2026-03-03_15-12-57/trial_0053_learning_rate=5.0e-04_kernel_sizes=10x5x3_conv_channels=256x128x64_fc_dims=256_seed0,cnn,0.17123860418796538,0.11163069704255713,0.010809364772978284,,,0.11209365787575741,330111,330111,34,0.32675902356845277,0,True,0.45456832695830385,0.18446749340153346,2,0.31855225563049316,0.11173365265130997,0,"[10, 5, 3]","[256, 128, 64]",[256],6837020,bb4u16c1,287.0,trial_0053_learning_rate=5.0e-04_kernel_sizes=10x5x3_conv_channels=256x128x64_fc_dims=256_seed0,082bc59402,trial_0053_learning_rate=5.0e-04_kernel_sizes=10x5x3_conv_channels=256x128x64_fc_dims=256_seed0
/scratch/sb272/patterns5k_results/slurm_base_cnn_2026-03-03_15-12-57/trial_0053_learning_rate=5.0e-04_kernel_sizes=10x5x3_conv_channels=256x128x64_fc_dims=256_seed1,cnn,0.17067955589294434,0.1151939335992045,0.012476694962335012,,,0.11840420679067315,330111,330111,32,0.3649258687686765,0,True,0.45456832695830385,0.2047918459849835,1,0.31855225563049316,0.11566068977117538,0,"[10, 5, 3]","[256, 128, 64]",[256],6837020,bb4u16c1,276.5,trial_0053_learning_rate=5.0e-04_kernel_sizes=10x5x3_conv_channels=256x128x64_fc_dims=256_seed1,082bc59402,trial_0053_learning_rate=5.0e-04_kernel_sizes=10x5x3_conv_channels=256x128x64_fc_dims=256_seed1
/scratch/sb272/patterns5k_results/slurm_base_cnn_2026-03-03_15-12-57/trial_0053_learning_rate=5.0e-04_kernel_sizes=10x5x3_conv_channels=256x128x64_fc_dims=256_seed2,cnn,0.1702398200035095,0.11592216712809664,0.01399125750102694,,,0.10879177744639111,330111,330111,31,0.3669297492563207,0,True,0.45456832695830385,0.2049912464646905,3,0.31855225563049316,0.11655505001544952,0,"[10, 5, 3]","[256, 128, 64]",[256],6837020,bb4u16c1,275.5,trial_0053_learning_rate=5.0e-04_kernel_sizes=10x5x3_conv_channels=256x128x64_fc_dims=256_seed2,082bc59402,trial_0053_learning_rate=5.0e-04_kernel_sizes=10x5x3_conv_channels=256x128x64_fc_dims=256_seed2
/scratch/sb272/patterns5k_results/slurm_base_cnn_2026-03-03_15-12-57/trial_0054_learning_rate=5.0e-04_kernel_sizes=3_conv_channels=128_fc_dims=256_seed0,cnn,0.16908782076835632,0.1314980290114704,0.020034742733788868,,,0.1338758162418427,65727,65727,49,0.48025377245409073,0,True,0.45456832695830385,0.2831889429393829,1,0.31855225563049316,0.13225504755973816,0,[3],[128],[256],6837020,bb4u16c1,222.5,trial_0054_learning_rate=5.0e-04_kernel_sizes=3_conv_channels=128_fc_dims=256_seed0,95db6a1da4,trial_0054_learning_rate=5.0e-04_kernel_sizes=3_conv_channels=128_fc_dims=256_seed0
/scratch/sb272/patterns5k_results/slurm_base_cnn_2026-03-03_15-12-57/trial_0054_learning_rate=5.0e-04_kernel_sizes=3_conv_channels=128_fc_dims=256_seed1,cnn,0.16891502118110657,0.13328084225137282,0.021006754466465542,,,0.1363055421052529,65727,65727,49,0.47116973820941704,0,True,0.45456832695830385,0.2810175168818143,1,0.31855225563049316,0.13507838547229767,0,[3],[128],[256],6837020,bb4u16c1,222.8,trial_0054_learning_rate=5.0e-04_kernel_sizes=3_conv_channels=128_fc_dims=256_seed1,95db6a1da4,trial_0054_learning_rate=5.0e-04_kernel_sizes=3_conv_channels=128_fc_dims=256_seed1
/scratch/sb272/patterns5k_results/slurm_base_cnn_2026-03-03_15-12-57/trial_0054_learning_rate=5.0e-04_kernel_sizes=3_conv_channels=128_fc_dims=256_seed2,cnn,0.16908239722251892,0.13022924544123887,0.019878822659689283,,,0.1281292152778702,65727,65727,50,0.4866019465776544,0,True,0.45456832695830385,0.2867886945094113,1,0.31855225563049316,0.13140854239463806,0,[3],[128],[256],6837020,bb4u16c1,224.5,trial_0054_learning_rate=5.0e-04_kernel_sizes=3_conv_channels=128_fc_dims=256_seed2,95db6a1da4,trial_0054_learning_rate=5.0e-04_kernel_sizes=3_conv_channels=128_fc_dims=256_seed2
/scratch/sb272/patterns5k_results/slurm_base_cnn_2026-03-03_15-12-57/trial_0055_learning_rate=5.0e-04_kernel_sizes=5_conv_channels=128_fc_dims=256_seed0,cnn,0.1688616598844528,0.13072554930142288,0.019535612492334275,,,0.13603248751131458,76479,76479,50,0.47463939107980546,0,True,0.45456832695830385,0.2789535149262625,1,0.31855225563049316,0.13168372213840485,0,[5],[128],[256],6837020,bb4u16c1,226.9,trial_0055_learning_rate=5.0e-04_kernel_sizes=5_conv_channels=128_fc_dims=256_seed0,d9aae0ea7e,trial_0055_learning_rate=5.0e-04_kernel_sizes=5_conv_channels=128_fc_dims=256_seed0
/scratch/sb272/patterns5k_results/slurm_base_cnn_2026-03-03_15-12-57/trial_0055_learning_rate=5.0e-04_kernel_sizes=5_conv_channels=128_fc_dims=256_seed1,cnn,0.16858898520469665,0.1306080369628347,0.020855614117213657,,,0.13564354389042954,76479,76479,48,0.4700924618448033,0,True,0.45456832695830385,0.2782916123287811,1,0.31855225563049316,0.1317078024148941,0,[5],[128],[256],6837020,bb4u16c1,221.8,trial_0055_learning_rate=5.0e-04_kernel_sizes=5_conv_channels=128_fc_dims=256_seed1,d9aae0ea7e,trial_0055_learning_rate=5.0e-04_kernel_sizes=5_conv_channels=128_fc_dims=256_seed1
/scratch/sb272/patterns5k_results/slurm_base_cnn_2026-03-03_15-12-57/trial_0055_learning_rate=5.0e-04_kernel_sizes=5_conv_channels=128_fc_dims=256_seed2,cnn,0.16848389673233033,0.13562935362018144,0.021146383550431993,,,0.1312971717049601,76479,76479,50,0.4900864069727486,0,True,0.45456832695830385,0.28864869589573633,1,0.31855225563049316,0.13675300776958466,0,[5],[128],[256],6837020,bb4u16c1,230.2,trial_0055_learning_rate=5.0e-04_kernel_sizes=5_conv_channels=128_fc_dims=256_seed2,d9aae0ea7e,trial_0055_learning_rate=5.0e-04_kernel_sizes=5_conv_channels=128_fc_dims=256_seed2
/scratch/sb272/patterns5k_results/slurm_base_cnn_2026-03-03_15-12-57/trial_0056_learning_rate=5.0e-04_kernel_sizes=10_conv_channels=128_fc_dims=256_seed0,cnn,0.16906924164295198,0.13157292845394652,0.017257954393114363,,,0.13114447617173416,103359,103359,50,0.4795545328696825,0,True,0.45456832695830385,0.2768771819149366,1,0.31855225563049316,0.13238199055194855,0,[10],[128],[256],6837020,bb4u16c1,239.5,trial_0056_learning_rate=5.0e-04_kernel_sizes=10_conv_channels=128_fc_dims=256_seed0,a53c728528,trial_0056_learning_rate=5.0e-04_kernel_sizes=10_conv_channels=128_fc_dims=256_seed0
/scratch/sb272/patterns5k_results/slurm_base_cnn_2026-03-03_15-12-57/trial_0056_learning_rate=5.0e-04_kernel_sizes=10_conv_channels=128_fc_dims=256_seed1,cnn,0.16906534039974214,0.12876544599853323,0.017311254191020177,,,0.132536817150984,103359,103359,50,0.4908058492595482,0,True,0.45456832695830385,0.28462698369198697,1,0.31855225563049316,0.1299981027841568,0,[10],[128],[256],6837020,bb4u16c1,236.7,trial_0056_learning_rate=5.0e-04_kernel_sizes=10_conv_channels=128_fc_dims=256_seed1,a53c728528,trial_0056_learning_rate=5.0e-04_kernel_sizes=10_conv_channels=128_fc_dims=256_seed1
/scratch/sb272/patterns5k_results/slurm_base_cnn_2026-03-03_15-12-57/trial_0056_learning_rate=5.0e-04_kernel_sizes=10_conv_channels=128_fc_dims=256_seed2,cnn,0.16905995154380798,0.13123962208235368,0.01739689376619127,,,0.12581099033335724,103359,103359,50,0.4859265126186977,0,True,0.45456832695830385,0.2807686041770632,1,0.31855225563049316,0.13222543895244598,0,[10],[128],[256],6837020,bb4u16c1,242.1,trial_0056_learning_rate=5.0e-04_kernel_sizes=10_conv_channels=128_fc_dims=256_seed2,a53c728528,trial_0056_learning_rate=5.0e-04_kernel_sizes=10_conv_channels=128_fc_dims=256_seed2
/scratch/sb272/patterns5k_results/slurm_base_cnn_2026-03-03_15-12-57/trial_0057_learning_rate=5.0e-04_kernel_sizes=30_conv_channels=256_fc_dims=256_seed0,cnn,0.17088743591308594,0.12636532091667343,0.01268238869924394,,,0.12652340700754755,405311,405311,43,0.3851263055658693,0,True,0.45456832695830385,0.2208579095878908,0,0.31855225563049316,0.1278304010629654,0,[30],[256],[256],6837020,bb4u16c1,327.1,trial_0057_learning_rate=5.0e-04_kernel_sizes=30_conv_channels=256_fc_dims=256_seed0,1496bc5158,trial_0057_learning_rate=5.0e-04_kernel_sizes=30_conv_channels=256_fc_dims=256_seed0
/scratch/sb272/patterns5k_results/slurm_base_cnn_2026-03-03_15-12-57/trial_0057_learning_rate=5.0e-04_kernel_sizes=30_conv_channels=256_fc_dims=256_seed1,cnn,0.17000691175460816,0.12793849869456625,0.015658994515736897,,,0.12765621095592392,405311,405311,37,0.3713026862239435,0,True,0.45456832695830385,0.21118187760838478,1,0.31855225563049316,0.1298564076423645,0,[30],[256],[256],6837020,bb4u16c1,299.6,trial_0057_learning_rate=5.0e-04_kernel_sizes=30_conv_channels=256_fc_dims=256_seed1,1496bc5158,trial_0057_learning_rate=5.0e-04_kernel_sizes=30_conv_channels=256_fc_dims=256_seed1
/scratch/sb272/patterns5k_results/slurm_base_cnn_2026-03-03_15-12-57/trial_0057_learning_rate=5.0e-04_kernel_sizes=30_conv_channels=256_fc_dims=256_seed2,cnn,0.17069528019428254,0.12654095444481905,0.015364844647664872,,,0.11886756156598459,405311,405311,40,0.36729534396770286,0,True,0.45456832695830385,0.2119474036758723,0,0.31855225563049316,0.1281912922859192,0,[30],[256],[256],6837020,bb4u16c1,309.0,trial_0057_learning_rate=5.0e-04_kernel_sizes=30_conv_channels=256_fc_dims=256_seed2,1496bc5158,trial_0057_learning_rate=5.0e-04_kernel_sizes=30_conv_channels=256_fc_dims=256_seed2
/scratch/sb272/patterns5k_results/slurm_base_cnn_2026-03-03_15-12-57/trial_0058_learning_rate=5.0e-04_kernel_sizes=60_conv_channels=256_fc_dims=256_seed0,cnn,0.17264366579055787,0.12074037432256764,0.012833554593343583,,,0.11824176018894934,727871,727871,33,0.22945395749488046,0,True,0.45456832695830385,0.1309344361968018,0,0.31855225563049316,0.12214820086956024,0,[60],[256],[256],6837020,bb4u16c1,395.6,trial_0058_learning_rate=5.0e-04_kernel_sizes=60_conv_channels=256_fc_dims=256_seed0,e4da847895,trial_0058_learning_rate=5.0e-04_kernel_sizes=60_conv_channels=256_fc_dims=256_seed0
/scratch/sb272/patterns5k_results/slurm_base_cnn_2026-03-03_15-12-57/trial_0058_learning_rate=5.0e-04_kernel_sizes=60_conv_channels=256_fc_dims=256_seed1,cnn,0.1732408757209778,0.1215539957364476,0.012608428796132406,,,0.11572944201913743,727871,727871,38,0.2792372171745797,0,True,0.45456832695830385,0.15837460863277297,0,0.31855225563049316,0.12340860068798065,0,[60],[256],[256],6837020,bb4u16c1,435.1,trial_0058_learning_rate=5.0e-04_kernel_sizes=60_conv_channels=256_fc_dims=256_seed1,e4da847895,trial_0058_learning_rate=5.0e-04_kernel_sizes=60_conv_channels=256_fc_dims=256_seed1
/scratch/sb272/patterns5k_results/slurm_base_cnn_2026-03-03_15-12-57/trial_0058_learning_rate=5.0e-04_kernel_sizes=60_conv_channels=256_fc_dims=256_seed2,cnn,0.17310597932338714,0.12085669001130192,0.011806865533192953,,,0.11175255350160121,727871,727871,37,0.23566237978753324,0,True,0.45456832695830385,0.1346526949183778,0,0.31855225563049316,0.12232031673192978,0,[60],[256],[256],6837020,bb4u16c1,422.9,trial_0058_learning_rate=5.0e-04_kernel_sizes=60_conv_channels=256_fc_dims=256_seed2,e4da847895,trial_0058_learning_rate=5.0e-04_kernel_sizes=60_conv_channels=256_fc_dims=256_seed2
/scratch/sb272/patterns5k_results/slurm_base_cnn_2026-03-03_15-12-57/trial_0059_learning_rate=5.0e-04_kernel_sizes=10x3_conv_channels=256x128_fc_dims=256_seed0,cnn,0.17021150267124177,0.12274105757136879,0.011861842776101732,,,0.1264016104302626,256191,256191,31,0.43536869448563076,0,True,0.45456832695830385,0.2517409657847385,1,0.31855225563049316,0.12347304075956345,0,"[10, 3]","[256, 128]",[256],6837020,bb4u16c1,247.8,trial_0059_learning_rate=5.0e-04_kernel_sizes=10x3_conv_channels=256x128_fc_dims=256_seed0,d147eac7f0,trial_0059_learning_rate=5.0e-04_kernel_sizes=10x3_conv_channels=256x128_fc_dims=256_seed0
/scratch/sb272/patterns5k_results/slurm_base_cnn_2026-03-03_15-12-57/trial_0059_learning_rate=5.0e-04_kernel_sizes=10x3_conv_channels=256x128_fc_dims=256_seed1,cnn,0.16971676898002624,0.12696631673181094,0.014633837200346448,,,0.1274260033570043,256191,256191,38,0.44854652223173724,0,True,0.45456832695830385,0.25903421394544107,1,0.31855225563049316,0.12770763039588928,0,"[10, 3]","[256, 128]",[256],6837020,bb4u16c1,272.0,trial_0059_learning_rate=5.0e-04_kernel_sizes=10x3_conv_channels=256x128_fc_dims=256_seed1,d147eac7f0,trial_0059_learning_rate=5.0e-04_kernel_sizes=10x3_conv_channels=256x128_fc_dims=256_seed1
/scratch/sb272/patterns5k_results/slurm_base_cnn_2026-03-03_15-12-57/trial_0059_learning_rate=5.0e-04_kernel_sizes=10x3_conv_channels=256x128_fc_dims=256_seed2,cnn,0.17018683576583862,0.1244425919839288,0.009665348227061922,,,0.12212175040843697,256191,256191,43,0.43570608350415935,0,True,0.45456832695830385,0.25430227825570273,1,0.31855225563049316,0.12516242265701294,0,"[10, 3]","[256, 128]",[256],6837020,bb4u16c1,293.6,trial_0059_learning_rate=5.0e-04_kernel_sizes=10x3_conv_channels=256x128_fc_dims=256_seed2,d147eac7f0,trial_0059_learning_rate=5.0e-04_kernel_sizes=10x3_conv_channels=256x128_fc_dims=256_seed2
/scratch/sb272/patterns5k_results/slurm_base_cnn_2026-03-03_15-12-57/trial_0060_learning_rate=5.0e-04_kernel_sizes=30x5_conv_channels=256x128_fc_dims=256_seed0,cnn,0.17366228449344634,0.12001238756104744,0.00393029148616488,,,0.11405249853854618,536767,536767,48,0.29173606869148977,0,True,0.45456832695830385,0.17050818139165752,0,0.31855225563049316,0.12075375020503998,0,"[30, 5]","[256, 128]",[256],6837020,bb4u16c1,416.0,trial_0060_learning_rate=5.0e-04_kernel_sizes=30x5_conv_channels=256x128_fc_dims=256_seed0,d932627aad,trial_0060_learning_rate=5.0e-04_kernel_sizes=30x5_conv_channels=256x128_fc_dims=256_seed0
/scratch/sb272/patterns5k_results/slurm_base_cnn_2026-03-03_15-12-57/trial_0060_learning_rate=5.0e-04_kernel_sizes=30x5_conv_channels=256x128_fc_dims=256_seed1,cnn,0.1742059487104416,0.11482356365428636,0.0015068650245666504,,,0.11593294139726998,536767,536767,46,0.3021651769948813,0,True,0.45456832695830385,0.17256947410390816,1,0.31855225563049316,0.11574627459049225,0,"[30, 5]","[256, 128]",[256],6837020,bb4u16c1,400.4,trial_0060_learning_rate=5.0e-04_kernel_sizes=30x5_conv_channels=256x128_fc_dims=256_seed1,d932627aad,trial_0060_learning_rate=5.0e-04_kernel_sizes=30x5_conv_channels=256x128_fc_dims=256_seed1
/scratch/sb272/patterns5k_results/slurm_base_cnn_2026-03-03_15-12-57/trial_0060_learning_rate=5.0e-04_kernel_sizes=30x5_conv_channels=256x128_fc_dims=256_seed2,cnn,0.17278036391735077,0.11927894816968548,0.006791140351976667,,,0.11029609248515787,536767,536767,38,0.3675641387740279,0,True,0.45456832695830385,0.20711166443259177,1,0.31855225563049316,0.12000046670436859,0,"[30, 5]","[256, 128]",[256],6837020,bb4u16c1,356.6,trial_0060_learning_rate=5.0e-04_kernel_sizes=30x5_conv_channels=256x128_fc_dims=256_seed2,d932627aad,trial_0060_learning_rate=5.0e-04_kernel_sizes=30x5_conv_channels=256x128_fc_dims=256_seed2
/scratch/sb272/patterns5k_results/slurm_base_cnn_2026-03-03_15-12-57/trial_0061_learning_rate=5.0e-04_kernel_sizes=5x5_conv_channels=128x64_fc_dims=256_seed0,cnn,0.16935671377182007,0.130792432937075,0.017347758724575953,,,0.1313642682294845,101247,101247,49,0.46306381597816293,0,True,0.45456832695830385,0.27068581575050105,1,0.31855225563049316,0.1318388283252716,0,"[5, 5]","[128, 64]",[256],6837020,bb4u16c1,242.5,trial_0061_learning_rate=5.0e-04_kernel_sizes=5x5_conv_channels=128x64_fc_dims=256_seed0,7b2718a3ae,trial_0061_learning_rate=5.0e-04_kernel_sizes=5x5_conv_channels=128x64_fc_dims=256_seed0
/scratch/sb272/patterns5k_results/slurm_base_cnn_2026-03-03_15-12-57/trial_0061_learning_rate=5.0e-04_kernel_sizes=5x5_conv_channels=128x64_fc_dims=256_seed1,cnn,0.16946747207641602,0.12880491655532295,0.01585708251075139,,,0.13333656123720466,101247,101247,50,0.4808970528930724,0,True,0.45456832695830385,0.2777646039680152,1,0.31855225563049316,0.12972621619701385,0,"[5, 5]","[128, 64]",[256],6837020,bb4u16c1,248.7,trial_0061_learning_rate=5.0e-04_kernel_sizes=5x5_conv_channels=128x64_fc_dims=256_seed1,7b2718a3ae,trial_0061_learning_rate=5.0e-04_kernel_sizes=5x5_conv_channels=128x64_fc_dims=256_seed1
/scratch/sb272/patterns5k_results/slurm_base_cnn_2026-03-03_15-12-57/trial_0061_learning_rate=5.0e-04_kernel_sizes=5x5_conv_channels=128x64_fc_dims=256_seed2,cnn,0.1692863094806671,0.12813075408699698,0.015597097457401336,,,0.12582377460638974,101247,101247,43,0.48212419198379114,0,True,0.45456832695830385,0.2773151072336886,1,0.31855225563049316,0.12860479950904846,0,"[5, 5]","[128, 64]",[256],6837020,bb4u16c1,232.2,trial_0061_learning_rate=5.0e-04_kernel_sizes=5x5_conv_channels=128x64_fc_dims=256_seed2,7b2718a3ae,trial_0061_learning_rate=5.0e-04_kernel_sizes=5x5_conv_channels=128x64_fc_dims=256_seed2
/scratch/sb272/patterns5k_results/slurm_base_cnn_2026-03-03_15-12-57/trial_0062_learning_rate=5.0e-04_kernel_sizes=10x5x3_conv_channels=256x128x64_fc_dims=256_seed0,cnn,0.17005636715888978,0.11732513553579083,0.014141759229084802,,,0.11495641161527904,330111,330111,33,0.36867669511846146,0,True,0.45456832695830385,0.20605156749936504,1,0.31855225563049316,0.11783119291067123,0,"[10, 5, 3]","[256, 128, 64]",[256],6837020,bb4u16c1,283.1,trial_0062_learning_rate=5.0e-04_kernel_sizes=10x5x3_conv_channels=256x128x64_fc_dims=256_seed0,41c6f7dcf4,trial_0062_learning_rate=5.0e-04_kernel_sizes=10x5x3_conv_channels=256x128x64_fc_dims=256_seed0
/scratch/sb272/patterns5k_results/slurm_base_cnn_2026-03-03_15-12-57/trial_0062_learning_rate=5.0e-04_kernel_sizes=10x5x3_conv_channels=256x128x64_fc_dims=256_seed1,cnn,0.17017202830314637,0.11775875662123793,0.013528720727042547,,,0.11732318283157049,330111,330111,31,0.3592902248120693,0,True,0.45456832695830385,0.20128684102333116,1,0.31855225563049316,0.11836990714073181,0,"[10, 5, 3]","[256, 128, 64]",[256],6837020,bb4u16c1,275.8,trial_0062_learning_rate=5.0e-04_kernel_sizes=10x5x3_conv_channels=256x128x64_fc_dims=256_seed1,41c6f7dcf4,trial_0062_learning_rate=5.0e-04_kernel_sizes=10x5x3_conv_channels=256x128x64_fc_dims=256_seed1
/scratch/sb272/patterns5k_results/slurm_base_cnn_2026-03-03_15-12-57/trial_0062_learning_rate=5.0e-04_kernel_sizes=10x5x3_conv_channels=256x128x64_fc_dims=256_seed2,cnn,0.17014028489589691,0.11546043686336876,0.014233646884797111,,,0.11045216501506268,330111,330111,31,0.3679320342934276,0,True,0.45456832695830385,0.20730516929156348,2,0.31855225563049316,0.116131491959095,0,"[10, 5, 3]","[256, 128, 64]",[256],6837020,bb4u16c1,273.7,trial_0062_learning_rate=5.0e-04_kernel_sizes=10x5x3_conv_channels=256x128x64_fc_dims=256_seed2,41c6f7dcf4,trial_0062_learning_rate=5.0e-04_kernel_sizes=10x5x3_conv_channels=256x128x64_fc_dims=256_seed2
/scratch/sb272/patterns5k_results/slurm_base_cnn_2026-03-03_15-12-57/trial_0063_learning_rate=5.0e-04_kernel_sizes=3_conv_channels=128_fc_dims=256_seed0,cnn,0.16898424589633942,0.13066057414828558,0.02004364085575891,,,0.13466214681100339,65727,65727,50,0.47107490027989174,0,True,0.45456832695830385,0.2795613171913481,1,0.31855225563049316,0.13184437155723572,0,[3],[128],[256],6837020,bb4u16c1,226.9,trial_0063_learning_rate=5.0e-04_kernel_sizes=3_conv_channels=128_fc_dims=256_seed0,65777a438f,trial_0063_learning_rate=5.0e-04_kernel_sizes=3_conv_channels=128_fc_dims=256_seed0
/scratch/sb272/patterns5k_results/slurm_base_cnn_2026-03-03_15-12-57/trial_0063_learning_rate=5.0e-04_kernel_sizes=3_conv_channels=128_fc_dims=256_seed1,cnn,0.16902952468395233,0.12947815707529442,0.020061926236228336,,,0.13501049606296206,65727,65727,50,0.46191216529320467,0,True,0.45456832695830385,0.2775184253416448,1,0.31855225563049316,0.13128088414669037,0,[3],[128],[256],6837020,bb4u16c1,223.5,trial_0063_learning_rate=5.0e-04_kernel_sizes=3_conv_channels=128_fc_dims=256_seed1,65777a438f,trial_0063_learning_rate=5.0e-04_kernel_sizes=3_conv_channels=128_fc_dims=256_seed1
/scratch/sb272/patterns5k_results/slurm_base_cnn_2026-03-03_15-12-57/trial_0063_learning_rate=5.0e-04_kernel_sizes=3_conv_channels=128_fc_dims=256_seed2,cnn,0.1687915927171707,0.1331618209527337,0.021353981797657316,,,0.12870884096729646,65727,65727,50,0.48609880907164493,0,True,0.45456832695830385,0.2889853787502108,1,0.31855225563049316,0.13486164808273315,0,[3],[128],[256],6837020,bb4u16c1,225.6,trial_0063_learning_rate=5.0e-04_kernel_sizes=3_conv_channels=128_fc_dims=256_seed2,65777a438f,trial_0063_learning_rate=5.0e-04_kernel_sizes=3_conv_channels=128_fc_dims=256_seed2
/scratch/sb272/patterns5k_results/slurm_base_cnn_2026-03-03_15-12-57/trial_0064_learning_rate=5.0e-04_kernel_sizes=5_conv_channels=128_fc_dims=256_seed0,cnn,0.16932865369319916,0.13160035123140815,0.01855260417574928,,,0.13537201714703972,76479,76479,46,0.46003842075903173,0,True,0.45456832695830385,0.27066501322454595,1,0.31855225563049316,0.13257940113544464,0,[5],[128],[256],6837020,bb4u16c1,219.7,trial_0064_learning_rate=5.0e-04_kernel_sizes=5_conv_channels=128_fc_dims=256_seed0,a59edce088,trial_0064_learning_rate=5.0e-04_kernel_sizes=5_conv_channels=128_fc_dims=256_seed0
/scratch/sb272/patterns5k_results/slurm_base_cnn_2026-03-03_15-12-57/trial_0064_learning_rate=5.0e-04_kernel_sizes=5_conv_channels=128_fc_dims=256_seed1,cnn,0.16853448009490968,0.13312319592065475,0.02098739336407374,,,0.13740110260203525,76479,76479,50,0.46754095343861113,0,True,0.45456832695830385,0.2770601039013274,1,0.31855225563049316,0.13419467210769653,0,[5],[128],[256],6837020,bb4u16c1,225.8,trial_0064_learning_rate=5.0e-04_kernel_sizes=5_conv_channels=128_fc_dims=256_seed1,a59edce088,trial_0064_learning_rate=5.0e-04_kernel_sizes=5_conv_channels=128_fc_dims=256_seed1
/scratch/sb272/patterns5k_results/slurm_base_cnn_2026-03-03_15-12-57/trial_0064_learning_rate=5.0e-04_kernel_sizes=5_conv_channels=128_fc_dims=256_seed2,cnn,0.16883509242534636,0.13193551258790034,0.020239005013117716,,,0.13066036230728836,76479,76479,50,0.4699099927039696,0,True,0.45456832695830385,0.27681153790263563,1,0.31855225563049316,0.13300640881061554,0,[5],[128],[256],6837020,bb4u16c1,225.1,trial_0064_learning_rate=5.0e-04_kernel_sizes=5_conv_channels=128_fc_dims=256_seed2,a59edce088,trial_0064_learning_rate=5.0e-04_kernel_sizes=5_conv_channels=128_fc_dims=256_seed2
/scratch/sb272/patterns5k_results/slurm_base_cnn_2026-03-03_15-12-57/trial_0065_learning_rate=5.0e-04_kernel_sizes=10_conv_channels=128_fc_dims=256_seed0,cnn,0.1694868870973587,0.1280918546201325,0.015947541547200038,,,0.1305787014930631,103359,103359,50,0.4770856732767173,0,True,0.45456832695830385,0.2751076196602437,1,0.31855225563049316,0.12914425134658813,0,[10],[128],[256],6837020,bb4u16c1,235.6,trial_0065_learning_rate=5.0e-04_kernel_sizes=10_conv_channels=128_fc_dims=256_seed0,82df4579b5,trial_0065_learning_rate=5.0e-04_kernel_sizes=10_conv_channels=128_fc_dims=256_seed0
/scratch/sb272/patterns5k_results/slurm_base_cnn_2026-03-03_15-12-57/trial_0065_learning_rate=5.0e-04_kernel_sizes=10_conv_channels=128_fc_dims=256_seed1,cnn,0.16937822496891022,0.1283063291506589,0.016604711139012896,,,0.13318072523203422,103359,103359,47,0.4684226995597458,0,True,0.45456832695830385,0.27036247844610856,2,0.31855225563049316,0.1290304958820343,0,[10],[128],[256],6837020,bb4u16c1,232.2,trial_0065_learning_rate=5.0e-04_kernel_sizes=10_conv_channels=128_fc_dims=256_seed1,82df4579b5,trial_0065_learning_rate=5.0e-04_kernel_sizes=10_conv_channels=128_fc_dims=256_seed1
/scratch/sb272/patterns5k_results/slurm_base_cnn_2026-03-03_15-12-57/trial_0065_learning_rate=5.0e-04_kernel_sizes=10_conv_channels=128_fc_dims=256_seed2,cnn,0.16923235929012298,0.1274899996712231,0.01712230746708219,,,0.12674052105747705,103359,103359,50,0.49147747838465033,0,True,0.45456832695830385,0.28287415941911964,2,0.31855225563049316,0.12862075865268707,0,[10],[128],[256],6837020,bb4u16c1,239.6,trial_0065_learning_rate=5.0e-04_kernel_sizes=10_conv_channels=128_fc_dims=256_seed2,82df4579b5,trial_0065_learning_rate=5.0e-04_kernel_sizes=10_conv_channels=128_fc_dims=256_seed2
/scratch/sb272/patterns5k_results/slurm_base_cnn_2026-03-03_15-12-57/trial_0066_learning_rate=5.0e-04_kernel_sizes=30_conv_channels=256_fc_dims=256_seed0,cnn,0.1703599818944931,0.1299769839279823,0.01631992676901439,,,0.12350831286301599,405311,405311,43,0.3671086922760911,0,True,0.45456832695830385,0.20904539686815038,0,0.31855225563049316,0.1310926228761673,0,[30],[256],[256],6837020,bb4u16c1,332.3,trial_0066_learning_rate=5.0e-04_kernel_sizes=30_conv_channels=256_fc_dims=256_seed0,52befa0801,trial_0066_learning_rate=5.0e-04_kernel_sizes=30_conv_channels=256_fc_dims=256_seed0
/scratch/sb272/patterns5k_results/slurm_base_cnn_2026-03-03_15-12-57/trial_0066_learning_rate=5.0e-04_kernel_sizes=30_conv_channels=256_fc_dims=256_seed1,cnn,0.1707405763864517,0.12716439737740498,0.016145955948602585,,,0.12366325977601023,405311,405311,48,0.38167177368873895,0,True,0.45456832695830385,0.2161269234271192,1,0.31855225563049316,0.12884272634983063,0,[30],[256],[256],6837020,bb4u16c1,350.7,trial_0066_learning_rate=5.0e-04_kernel_sizes=30_conv_channels=256_fc_dims=256_seed1,52befa0801,trial_0066_learning_rate=5.0e-04_kernel_sizes=30_conv_channels=256_fc_dims=256_seed1
/scratch/sb272/patterns5k_results/slurm_base_cnn_2026-03-03_15-12-57/trial_0066_learning_rate=5.0e-04_kernel_sizes=30_conv_channels=256_fc_dims=256_seed2,cnn,0.17106085300445556,0.12576940020594574,0.013825704181005084,,,0.12035904362350439,405311,405311,47,0.36254667955178993,0,True,0.45456832695830385,0.20980226752650236,0,0.31855225563049316,0.1275295615196228,0,[30],[256],[256],6837021,bb4u19c1,407.0,trial_0066_learning_rate=5.0e-04_kernel_sizes=30_conv_channels=256_fc_dims=256_seed2,52befa0801,trial_0066_learning_rate=5.0e-04_kernel_sizes=30_conv_channels=256_fc_dims=256_seed2
/scratch/sb272/patterns5k_results/slurm_base_cnn_2026-03-03_15-12-57/trial_0067_learning_rate=5.0e-04_kernel_sizes=60_conv_channels=256_fc_dims=256_seed0,cnn,0.1736840784549713,0.12203747235197303,0.013499264679257833,,,0.11727224760574032,727871,727871,38,0.23863664461995113,0,True,0.45456832695830385,0.1383691283214388,0,0.31855225563049316,0.12345287203788757,0,[60],[256],[256],6837021,bb4u19c1,521.9,trial_0067_learning_rate=5.0e-04_kernel_sizes=60_conv_channels=256_fc_dims=256_seed0,c7a25dec46,trial_0067_learning_rate=5.0e-04_kernel_sizes=60_conv_channels=256_fc_dims=256_seed0
/scratch/sb272/patterns5k_results/slurm_base_cnn_2026-03-03_15-12-57/trial_0067_learning_rate=5.0e-04_kernel_sizes=60_conv_channels=256_fc_dims=256_seed1,cnn,0.17251329469680787,0.11723786135306934,0.011379428326137482,,,0.11653177807157607,727871,727871,32,0.23785455153084623,0,True,0.45456832695830385,0.13754709739722715,0,0.31855225563049316,0.11832192540168762,0,[60],[256],[256],6837021,bb4u19c1,429.2,trial_0067_learning_rate=5.0e-04_kernel_sizes=60_conv_channels=256_fc_dims=256_seed1,c7a25dec46,trial_0067_learning_rate=5.0e-04_kernel_sizes=60_conv_channels=256_fc_dims=256_seed1
/scratch/sb272/patterns5k_results/slurm_base_cnn_2026-03-03_15-12-57/trial_0067_learning_rate=5.0e-04_kernel_sizes=60_conv_channels=256_fc_dims=256_seed2,cnn,0.1727812088727951,0.1213228857731417,0.012645404490213546,,,0.11306546294112121,727871,727871,35,0.26557346307163154,0,True,0.45456832695830385,0.15342036563812028,0,0.31855225563049316,0.12296431511640549,0,[60],[256],[256],6837021,bb4u19c1,445.6,trial_0067_learning_rate=5.0e-04_kernel_sizes=60_conv_channels=256_fc_dims=256_seed2,c7a25dec46,trial_0067_learning_rate=5.0e-04_kernel_sizes=60_conv_channels=256_fc_dims=256_seed2
/scratch/sb272/patterns5k_results/slurm_base_cnn_2026-03-03_15-12-57/trial_0068_learning_rate=5.0e-04_kernel_sizes=10x3_conv_channels=256x128_fc_dims=256_seed0,cnn,0.17059809470176696,0.12446641213521323,0.00859602481599838,,,0.12754928022775922,256191,256191,41,0.42118027066076114,0,True,0.45456832695830385,0.24608664247411874,1,0.31855225563049316,0.12501130998134613,0,"[10, 3]","[256, 128]",[256],6837021,bb4u19c1,344.4,trial_0068_learning_rate=5.0e-04_kernel_sizes=10x3_conv_channels=256x128_fc_dims=256_seed0,585dac884d,trial_0068_learning_rate=5.0e-04_kernel_sizes=10x3_conv_channels=256x128_fc_dims=256_seed0
/scratch/sb272/patterns5k_results/slurm_base_cnn_2026-03-03_15-12-57/trial_0068_learning_rate=5.0e-04_kernel_sizes=10x3_conv_channels=256x128_fc_dims=256_seed1,cnn,0.17107362306118012,0.12717422354803443,0.008367830798739479,,,0.12669394607152717,256191,256191,38,0.44715145099858244,0,True,0.45456832695830385,0.26061951370820224,1,0.31855225563049316,0.1281738132238388,0,"[10, 3]","[256, 128]",[256],6837021,bb4u19c1,333.4,trial_0068_learning_rate=5.0e-04_kernel_sizes=10x3_conv_channels=256x128_fc_dims=256_seed1,585dac884d,trial_0068_learning_rate=5.0e-04_kernel_sizes=10x3_conv_channels=256x128_fc_dims=256_seed1
/scratch/sb272/patterns5k_results/slurm_base_cnn_2026-03-03_15-12-57/trial_0068_learning_rate=5.0e-04_kernel_sizes=10x3_conv_channels=256x128_fc_dims=256_seed2,cnn,0.16978371155261993,0.1286088667085994,0.012914630155714731,,,0.12294380299795821,256191,256191,39,0.47981312094892653,0,True,0.45456832695830385,0.2764578910975853,1,0.31855225563049316,0.12983426451683044,0,"[10, 3]","[256, 128]",[256],6837021,bb4u19c1,324.4,trial_0068_learning_rate=5.0e-04_kernel_sizes=10x3_conv_channels=256x128_fc_dims=256_seed2,585dac884d,trial_0068_learning_rate=5.0e-04_kernel_sizes=10x3_conv_channels=256x128_fc_dims=256_seed2
/scratch/sb272/patterns5k_results/slurm_base_cnn_2026-03-03_15-12-57/trial_0069_learning_rate=5.0e-04_kernel_sizes=30x5_conv_channels=256x128_fc_dims=256_seed0,cnn,0.17397508871555328,0.11572143044372384,0.005534091639140296,,,0.11251407799578578,536767,536767,40,0.2892525127440352,0,True,0.45456832695830385,0.1649584776959697,1,0.31855225563049316,0.11683754622936249,0,"[30, 5]","[256, 128]",[256],6837021,bb4u19c1,405.7,trial_0069_learning_rate=5.0e-04_kernel_sizes=30x5_conv_channels=256x128_fc_dims=256_seed0,cc530e0147,trial_0069_learning_rate=5.0e-04_kernel_sizes=30x5_conv_channels=256x128_fc_dims=256_seed0
/scratch/sb272/patterns5k_results/slurm_base_cnn_2026-03-03_15-12-57/trial_0069_learning_rate=5.0e-04_kernel_sizes=30x5_conv_channels=256x128_fc_dims=256_seed1,cnn,0.17379918265342711,0.12021281124553289,0.0033872335676162963,,,0.11496193130246429,536767,536767,42,0.35671429707978175,0,True,0.45456832695830385,0.20444950542845297,1,0.31855225563049316,0.12193313986063004,0,"[30, 5]","[256, 128]",[256],6837021,bb4u19c1,452.9,trial_0069_learning_rate=5.0e-04_kernel_sizes=30x5_conv_channels=256x128_fc_dims=256_seed1,cc530e0147,trial_0069_learning_rate=5.0e-04_kernel_sizes=30x5_conv_channels=256x128_fc_dims=256_seed1
/scratch/sb272/patterns5k_results/slurm_base_cnn_2026-03-03_15-12-57/trial_0069_learning_rate=5.0e-04_kernel_sizes=30x5_conv_channels=256x128_fc_dims=256_seed2,cnn,0.17322882521152497,0.12023420347975541,0.004976323672703334,,,0.10949235989463141,536767,536767,48,0.3446368784722851,0,True,0.45456832695830385,0.19940656049462632,0,0.31855225563049316,0.12225811928510666,0,"[30, 5]","[256, 128]",[256],6837021,bb4u19c1,503.2,trial_0069_learning_rate=5.0e-04_kernel_sizes=30x5_conv_channels=256x128_fc_dims=256_seed2,cc530e0147,trial_0069_learning_rate=5.0e-04_kernel_sizes=30x5_conv_channels=256x128_fc_dims=256_seed2
/scratch/sb272/patterns5k_results/slurm_base_cnn_2026-03-03_15-12-57/trial_0070_learning_rate=5.0e-04_kernel_sizes=5x5_conv_channels=128x64_fc_dims=256_seed0,cnn,0.16972569596767426,0.12980068980231435,0.015546216851189024,,,0.13173785962992435,101247,101247,50,0.45145044654086763,0,True,0.45456832695830385,0.2611463664943998,3,0.31855225563049316,0.1304493397474289,0,"[5, 5]","[128, 64]",[256],6837021,bb4u19c1,272.6,trial_0070_learning_rate=5.0e-04_kernel_sizes=5x5_conv_channels=128x64_fc_dims=256_seed0,9c42355a2e,trial_0070_learning_rate=5.0e-04_kernel_sizes=5x5_conv_channels=128x64_fc_dims=256_seed0
/scratch/sb272/patterns5k_results/slurm_base_cnn_2026-03-03_15-12-57/trial_0070_learning_rate=5.0e-04_kernel_sizes=5x5_conv_channels=128x64_fc_dims=256_seed1,cnn,0.16943027806282043,0.12713153000063182,0.01591116568398854,,,0.13266890787587415,101247,101247,50,0.4743585086889087,0,True,0.45456832695830385,0.2725757136150513,1,0.31855225563049316,0.12810823321342468,0,"[5, 5]","[128, 64]",[256],6837021,bb4u19c1,269.8,trial_0070_learning_rate=5.0e-04_kernel_sizes=5x5_conv_channels=128x64_fc_dims=256_seed1,9c42355a2e,trial_0070_learning_rate=5.0e-04_kernel_sizes=5x5_conv_channels=128x64_fc_dims=256_seed1
/scratch/sb272/patterns5k_results/slurm_base_cnn_2026-03-03_15-12-57/trial_0070_learning_rate=5.0e-04_kernel_sizes=5x5_conv_channels=128x64_fc_dims=256_seed2,cnn,0.16948048138618468,0.1305467621658775,0.015707314960540286,,,0.1266316374897766,101247,101247,50,0.4858867422708103,0,True,0.45456832695830385,0.2799153254600664,1,0.31855225563049316,0.13151389360427856,0,"[5, 5]","[128, 64]",[256],6837021,bb4u19c1,296.9,trial_0070_learning_rate=5.0e-04_kernel_sizes=5x5_conv_channels=128x64_fc_dims=256_seed2,9c42355a2e,trial_0070_learning_rate=5.0e-04_kernel_sizes=5x5_conv_channels=128x64_fc_dims=256_seed2
/scratch/sb272/patterns5k_results/slurm_base_cnn_2026-03-03_15-12-57/trial_0071_learning_rate=5.0e-04_kernel_sizes=10x5x3_conv_channels=256x128x64_fc_dims=256_seed0,cnn,0.1707774475812912,0.11753068713770398,0.009937285430847652,,,0.11401369987351014,330111,330111,30,0.384873310299469,0,True,0.45456832695830385,0.21312352794567102,1,0.31855225563049316,0.11825817078351974,0,"[10, 5, 3]","[256, 128, 64]",[256],6837021,bb4u19c1,332.1,trial_0071_learning_rate=5.0e-04_kernel_sizes=10x5x3_conv_channels=256x128x64_fc_dims=256_seed0,82bd0c8d13,trial_0071_learning_rate=5.0e-04_kernel_sizes=10x5x3_conv_channels=256x128x64_fc_dims=256_seed0
/scratch/sb272/patterns5k_results/slurm_base_cnn_2026-03-03_15-12-57/trial_0071_learning_rate=5.0e-04_kernel_sizes=10x5x3_conv_channels=256x128x64_fc_dims=256_seed1,cnn,0.17047832548618316,0.11626036014490916,0.013596034239208887,,,0.11506057174259486,330111,330111,35,0.3984178587751988,0,True,0.45456832695830385,0.2259822307928967,1,0.31855225563049316,0.11706313490867615,0,"[10, 5, 3]","[256, 128, 64]",[256],6837021,bb4u19c1,359.4,trial_0071_learning_rate=5.0e-04_kernel_sizes=10x5x3_conv_channels=256x128x64_fc_dims=256_seed1,82bd0c8d13,trial_0071_learning_rate=5.0e-04_kernel_sizes=10x5x3_conv_channels=256x128x64_fc_dims=256_seed1
/scratch/sb272/patterns5k_results/slurm_base_cnn_2026-03-03_15-12-57/trial_0071_learning_rate=5.0e-04_kernel_sizes=10x5x3_conv_channels=256x128x64_fc_dims=256_seed2,cnn,0.17062631785869598,0.11466677734318316,0.01286480256489345,,,0.11206796082764875,330111,330111,33,0.36418317094715913,0,True,0.45456832695830385,0.20295291305043484,2,0.31855225563049316,0.11549226194620132,0,"[10, 5, 3]","[256, 128, 64]",[256],6837021,bb4u19c1,290.1,trial_0071_learning_rate=5.0e-04_kernel_sizes=10x5x3_conv_channels=256x128x64_fc_dims=256_seed2,82bd0c8d13,trial_0071_learning_rate=5.0e-04_kernel_sizes=10x5x3_conv_channels=256x128x64_fc_dims=256_seed2
/scratch/sb272/patterns5k_results/slurm_base_cnn_2026-03-03_15-12-57/trial_0072_learning_rate=1.0e-03_kernel_sizes=3_conv_channels=128_fc_dims=256_seed0,cnn,0.16891760289669036,0.13037757374748984,0.020783738484458317,,,0.134004800284603,65727,65727,36,0.47658870341219584,0,True,0.45456832695830385,0.2808849856032131,1,0.31855225563049316,0.1314229667186737,0,[3],[128],[256],6837021,bb4u19c1,215.4,trial_0072_learning_rate=1.0e-03_kernel_sizes=3_conv_channels=128_fc_dims=256_seed0,c6bb8ae3b0,trial_0072_learning_rate=1.0e-03_kernel_sizes=3_conv_channels=128_fc_dims=256_seed0
/scratch/sb272/patterns5k_results/slurm_base_cnn_2026-03-03_15-12-57/trial_0072_learning_rate=1.0e-03_kernel_sizes=3_conv_channels=128_fc_dims=256_seed1,cnn,0.16904930222034453,0.1282800104054606,0.01993174874593341,,,0.13536531744343314,65727,65727,39,0.4781146216956643,0,True,0.45456832695830385,0.2838085048357731,1,0.31855225563049316,0.12980243563652039,0,[3],[128],[256],6837021,bb4u19c1,225.1,trial_0072_learning_rate=1.0e-03_kernel_sizes=3_conv_channels=128_fc_dims=256_seed1,c6bb8ae3b0,trial_0072_learning_rate=1.0e-03_kernel_sizes=3_conv_channels=128_fc_dims=256_seed1
/scratch/sb272/patterns5k_results/slurm_base_cnn_2026-03-03_15-12-57/trial_0072_learning_rate=1.0e-03_kernel_sizes=3_conv_channels=128_fc_dims=256_seed2,cnn,0.16909145569801332,0.12815268088923154,0.01937371681606959,,,0.12893344438867368,65727,65727,45,0.4882219041007615,0,True,0.45456832695830385,0.28724142859848123,1,0.31855225563049316,0.12902884185314178,0,[3],[128],[256],6837021,bb4u19c1,256.2,trial_0072_learning_rate=1.0e-03_kernel_sizes=3_conv_channels=128_fc_dims=256_seed2,c6bb8ae3b0,trial_0072_learning_rate=1.0e-03_kernel_sizes=3_conv_channels=128_fc_dims=256_seed2
/scratch/sb272/patterns5k_results/slurm_base_cnn_2026-03-03_15-12-57/trial_0073_learning_rate=1.0e-03_kernel_sizes=5_conv_channels=128_fc_dims=256_seed0,cnn,0.1691535494327545,0.13114971035287787,0.0185944778578622,,,0.13630051454760478,76479,76479,38,0.46490947736907834,0,True,0.45456832695830385,0.27402466411168286,1,0.31855225563049316,0.1320887953042984,0,[5],[128],[256],6837021,bb4u19c1,243.7,trial_0073_learning_rate=1.0e-03_kernel_sizes=5_conv_channels=128_fc_dims=256_seed0,fe40a3c760,trial_0073_learning_rate=1.0e-03_kernel_sizes=5_conv_channels=128_fc_dims=256_seed0
/scratch/sb272/patterns5k_results/slurm_base_cnn_2026-03-03_15-12-57/trial_0073_learning_rate=1.0e-03_kernel_sizes=5_conv_channels=128_fc_dims=256_seed1,cnn,0.16884776854515077,0.13003606378541005,0.020497992871299622,,,0.1383618286882349,76479,76479,37,0.46997974560266176,0,True,0.45456832695830385,0.27442910759814704,1,0.31855225563049316,0.13125239312648773,0,[5],[128],[256],6837021,bb4u19c1,247.3,trial_0073_learning_rate=1.0e-03_kernel_sizes=5_conv_channels=128_fc_dims=256_seed1,fe40a3c760,trial_0073_learning_rate=1.0e-03_kernel_sizes=5_conv_channels=128_fc_dims=256_seed1
/scratch/sb272/patterns5k_results/slurm_base_cnn_2026-03-03_15-12-57/trial_0073_learning_rate=1.0e-03_kernel_sizes=5_conv_channels=128_fc_dims=256_seed2,cnn,0.1688037507534027,0.1313917004208731,0.019399112179165796,,,0.13002445392974785,76479,76479,43,0.46512029819312334,0,True,0.45456832695830385,0.27668757224629165,1,0.31855225563049316,0.13239312171936035,0,[5],[128],[256],6837021,bb4u19c1,242.4,trial_0073_learning_rate=1.0e-03_kernel_sizes=5_conv_channels=128_fc_dims=256_seed2,fe40a3c760,trial_0073_learning_rate=1.0e-03_kernel_sizes=5_conv_channels=128_fc_dims=256_seed2
/scratch/sb272/patterns5k_results/slurm_base_cnn_2026-03-03_15-12-57/trial_0074_learning_rate=1.0e-03_kernel_sizes=10_conv_channels=128_fc_dims=256_seed0,cnn,0.16962587094306947,0.1277353411929828,0.01470658987287491,,,0.13008223245286987,103359,103359,44,0.4569454262566367,0,True,0.45456832695830385,0.2645459338533308,1,0.31855225563049316,0.12843142449855804,0,[10],[128],[256],6837021,bb4u19c1,249.4,trial_0074_learning_rate=1.0e-03_kernel_sizes=10_conv_channels=128_fc_dims=256_seed0,e6f67b1da4,trial_0074_learning_rate=1.0e-03_kernel_sizes=10_conv_channels=128_fc_dims=256_seed0
/scratch/sb272/patterns5k_results/slurm_base_cnn_2026-03-03_15-12-57/trial_0074_learning_rate=1.0e-03_kernel_sizes=10_conv_channels=128_fc_dims=256_seed1,cnn,0.1696755245923996,0.12871563255471297,0.014799910878378248,,,0.13109316331011497,103359,103359,40,0.48937955765209307,0,True,0.45456832695830385,0.28528199342557986,1,0.31855225563049316,0.13000594079494476,0,[10],[128],[256],6837021,bb4u19c1,223.6,trial_0074_learning_rate=1.0e-03_kernel_sizes=10_conv_channels=128_fc_dims=256_seed1,e6f67b1da4,trial_0074_learning_rate=1.0e-03_kernel_sizes=10_conv_channels=128_fc_dims=256_seed1
/scratch/sb272/patterns5k_results/slurm_base_cnn_2026-03-03_15-12-57/trial_0074_learning_rate=1.0e-03_kernel_sizes=10_conv_channels=128_fc_dims=256_seed2,cnn,0.16954433953762055,0.12634295664324452,0.015495220820109049,,,0.1258780014940715,103359,103359,39,0.4725010246363456,0,True,0.45456832695830385,0.270724508818103,2,0.31855225563049316,0.1272730678319931,0,[10],[128],[256],6837021,bb4u19c1,249.8,trial_0074_learning_rate=1.0e-03_kernel_sizes=10_conv_channels=128_fc_dims=256_seed2,e6f67b1da4,trial_0074_learning_rate=1.0e-03_kernel_sizes=10_conv_channels=128_fc_dims=256_seed2
/scratch/sb272/patterns5k_results/slurm_base_cnn_2026-03-03_15-12-57/trial_0075_learning_rate=1.0e-03_kernel_sizes=30_conv_channels=256_fc_dims=256_seed0,cnn,0.17023320913314818,0.1323948826680172,0.01668551043858604,,,0.1255263099553764,405311,405311,32,0.3855470754990068,0,True,0.45456832695830385,0.2201710756247912,2,0.31855225563049316,0.13418807089328766,0,[30],[256],[256],6837021,bb4u19c1,329.4,trial_0075_learning_rate=1.0e-03_kernel_sizes=30_conv_channels=256_fc_dims=256_seed0,5e700ae021,trial_0075_learning_rate=1.0e-03_kernel_sizes=30_conv_channels=256_fc_dims=256_seed0
/scratch/sb272/patterns5k_results/slurm_base_cnn_2026-03-03_15-12-57/trial_0075_learning_rate=1.0e-03_kernel_sizes=30_conv_channels=256_fc_dims=256_seed1,cnn,0.17097757840156555,0.12822096499227179,0.012576235665215386,,,0.12681352991021538,405311,405311,35,0.3868667204440647,0,True,0.45456832695830385,0.22253166968726473,1,0.31855225563049316,0.13021571934223175,0,[30],[256],[256],6837021,bb4u19c1,346.2,trial_0075_learning_rate=1.0e-03_kernel_sizes=30_conv_channels=256_fc_dims=256_seed1,5e700ae021,trial_0075_learning_rate=1.0e-03_kernel_sizes=30_conv_channels=256_fc_dims=256_seed1
/scratch/sb272/patterns5k_results/slurm_base_cnn_2026-03-03_15-12-57/trial_0075_learning_rate=1.0e-03_kernel_sizes=30_conv_channels=256_fc_dims=256_seed2,cnn,0.17068125438690185,0.12675749992886806,0.01598813704081944,,,0.12040227464081348,405311,405311,33,0.38984997202747684,0,True,0.45456832695830385,0.22022161396372503,1,0.31855225563049316,0.12869255244731903,0,[30],[256],[256],6837021,bb4u19c1,311.9,trial_0075_learning_rate=1.0e-03_kernel_sizes=30_conv_channels=256_fc_dims=256_seed2,5e700ae021,trial_0075_learning_rate=1.0e-03_kernel_sizes=30_conv_channels=256_fc_dims=256_seed2
/scratch/sb272/patterns5k_results/slurm_base_cnn_2026-03-03_15-12-57/trial_0076_learning_rate=1.0e-03_kernel_sizes=60_conv_channels=256_fc_dims=256_seed0,cnn,0.17270047771930694,0.12026104186692096,0.011594139394306001,,,0.11873470254245751,727871,727871,29,0.27257158889682453,0,True,0.45456832695830385,0.15391410924432927,0,0.31855225563049316,0.12186913192272186,0,[60],[256],[256],6837021,bb4u19c1,390.0,trial_0076_learning_rate=1.0e-03_kernel_sizes=60_conv_channels=256_fc_dims=256_seed0,ed99ca05a8,trial_0076_learning_rate=1.0e-03_kernel_sizes=60_conv_channels=256_fc_dims=256_seed0
/scratch/sb272/patterns5k_results/slurm_base_cnn_2026-03-03_15-12-57/trial_0076_learning_rate=1.0e-03_kernel_sizes=60_conv_channels=256_fc_dims=256_seed1,cnn,0.17315990757942198,0.12010555584460289,0.011184320563361758,,,0.1191046661023766,727871,727871,30,0.2455859571585949,0,True,0.45456832695830385,0.14258372819642104,0,0.31855225563049316,0.12161925435066223,0,[60],[256],[256],6837021,bb4u19c1,444.2,trial_0076_learning_rate=1.0e-03_kernel_sizes=60_conv_channels=256_fc_dims=256_seed1,ed99ca05a8,trial_0076_learning_rate=1.0e-03_kernel_sizes=60_conv_channels=256_fc_dims=256_seed1
/scratch/sb272/patterns5k_results/slurm_base_cnn_2026-03-03_15-12-57/trial_0076_learning_rate=1.0e-03_kernel_sizes=60_conv_channels=256_fc_dims=256_seed2,cnn,0.1715173008441925,0.12241275062006515,0.012720537564111135,,,0.11298836443540078,727871,727871,26,0.27178296602468704,0,True,0.45456832695830385,0.15621500496980487,0,0.31855225563049316,0.12405439466238022,0,[60],[256],[256],6837021,bb4u19c1,399.8,trial_0076_learning_rate=1.0e-03_kernel_sizes=60_conv_channels=256_fc_dims=256_seed2,ed99ca05a8,trial_0076_learning_rate=1.0e-03_kernel_sizes=60_conv_channels=256_fc_dims=256_seed2
/scratch/sb272/patterns5k_results/slurm_base_cnn_2026-03-03_15-12-57/trial_0077_learning_rate=1.0e-03_kernel_sizes=10x3_conv_channels=256x128_fc_dims=256_seed0,cnn,0.16998675060272217,0.1257984758152377,0.01347440481185913,,,0.12798824268106831,256191,256191,28,0.4187477995416212,0,True,0.45456832695830385,0.2441544900239588,1,0.31855225563049316,0.12632587552070618,0,"[10, 3]","[256, 128]",[256],6837021,bb4u19c1,287.5,trial_0077_learning_rate=1.0e-03_kernel_sizes=10x3_conv_channels=256x128_fc_dims=256_seed0,6d385b0ec2,trial_0077_learning_rate=1.0e-03_kernel_sizes=10x3_conv_channels=256x128_fc_dims=256_seed0
/scratch/sb272/patterns5k_results/slurm_base_cnn_2026-03-03_15-12-57/trial_0077_learning_rate=1.0e-03_kernel_sizes=10x3_conv_channels=256x128_fc_dims=256_seed1,cnn,0.17076615154743194,0.12634953590965423,0.009363392988840738,,,0.129450954813339,256191,256191,24,0.4621588074185476,0,True,0.45456832695830385,0.2698278083843205,1,0.31855225563049316,0.12739218771457672,0,"[10, 3]","[256, 128]",[256],6837021,bb4u19c1,230.0,trial_0077_learning_rate=1.0e-03_kernel_sizes=10x3_conv_channels=256x128_fc_dims=256_seed1,6d385b0ec2,trial_0077_learning_rate=1.0e-03_kernel_sizes=10x3_conv_channels=256x128_fc_dims=256_seed1
/scratch/sb272/patterns5k_results/slurm_base_cnn_2026-03-03_15-12-57/trial_0077_learning_rate=1.0e-03_kernel_sizes=10x3_conv_channels=256x128_fc_dims=256_seed2,cnn,0.17002300453186034,0.1304472518817078,0.01126058612551008,,,0.1253212958395593,256191,256191,32,0.47962989255027144,0,True,0.45456832695830385,0.2783869180194151,2,0.31855225563049316,0.13136819005012512,0,"[10, 3]","[256, 128]",[256],6837021,bb4u19c1,288.8,trial_0077_learning_rate=1.0e-03_kernel_sizes=10x3_conv_channels=256x128_fc_dims=256_seed2,6d385b0ec2,trial_0077_learning_rate=1.0e-03_kernel_sizes=10x3_conv_channels=256x128_fc_dims=256_seed2
/scratch/sb272/patterns5k_results/slurm_base_cnn_2026-03-03_15-12-57/trial_0078_learning_rate=1.0e-03_kernel_sizes=30x5_conv_channels=256x128_fc_dims=256_seed0,cnn,0.17357689642906188,0.11971982778407365,0.0040495215900360594,,,0.1192442818460572,536767,536767,31,0.3086055434210847,0,True,0.45456832695830385,0.18145205425678382,1,0.31855225563049316,0.12078215181827545,0,"[30, 5]","[256, 128]",[256],6837021,bb4u19c1,385.6,trial_0078_learning_rate=1.0e-03_kernel_sizes=30x5_conv_channels=256x128_fc_dims=256_seed0,627954f899,trial_0078_learning_rate=1.0e-03_kernel_sizes=30x5_conv_channels=256x128_fc_dims=256_seed0
/scratch/sb272/patterns5k_results/slurm_base_cnn_2026-03-03_15-12-57/trial_0078_learning_rate=1.0e-03_kernel_sizes=30x5_conv_channels=256x128_fc_dims=256_seed1,cnn,0.17248443174362182,0.12011396768059711,0.011379754732525537,,,0.11700860074488825,536767,536767,27,0.3208506404364497,0,True,0.45456832695830385,0.18602077392069366,0,0.31855225563049316,0.12123777717351913,0,"[30, 5]","[256, 128]",[256],6837021,bb4u19c1,347.5,trial_0078_learning_rate=1.0e-03_kernel_sizes=30x5_conv_channels=256x128_fc_dims=256_seed1,627954f899,trial_0078_learning_rate=1.0e-03_kernel_sizes=30x5_conv_channels=256x128_fc_dims=256_seed1
/scratch/sb272/patterns5k_results/slurm_base_cnn_2026-03-03_15-12-57/trial_0078_learning_rate=1.0e-03_kernel_sizes=30x5_conv_channels=256x128_fc_dims=256_seed2,cnn,0.17231721663475036,0.11818277026648458,0.0050558883046347,,,0.1133584442870275,536767,536767,25,0.3297293282924032,0,True,0.45456832695830385,0.1909500002254275,1,0.31855225563049316,0.11911752820014954,0,"[30, 5]","[256, 128]",[256],6837021,bb4u19c1,326.1,trial_0078_learning_rate=1.0e-03_kernel_sizes=30x5_conv_channels=256x128_fc_dims=256_seed2,627954f899,trial_0078_learning_rate=1.0e-03_kernel_sizes=30x5_conv_channels=256x128_fc_dims=256_seed2
/scratch/sb272/patterns5k_results/slurm_base_cnn_2026-03-03_15-12-57/trial_0079_learning_rate=1.0e-03_kernel_sizes=5x5_conv_channels=128x64_fc_dims=256_seed0,cnn,0.16890190410614014,0.13055665655450716,0.018637578638773116,,,0.13239792769711786,101247,101247,38,0.447548754047324,0,True,0.45456832695830385,0.2632288689720886,0,0.31855225563049316,0.13128338754177094,0,"[5, 5]","[128, 64]",[256],6837021,bb4u19c1,238.8,trial_0079_learning_rate=1.0e-03_kernel_sizes=5x5_conv_channels=128x64_fc_dims=256_seed0,c7cd7eef36,trial_0079_learning_rate=1.0e-03_kernel_sizes=5x5_conv_channels=128x64_fc_dims=256_seed0
/scratch/sb272/patterns5k_results/slurm_base_cnn_2026-03-03_15-12-57/trial_0079_learning_rate=1.0e-03_kernel_sizes=5x5_conv_channels=128x64_fc_dims=256_seed1,cnn,0.16948382127285003,0.12882692181917826,0.0154913654403081,,,0.13307262075482656,101247,101247,45,0.4897730226649393,0,True,0.45456832695830385,0.28416739128747465,1,0.31855225563049316,0.1301921010017395,0,"[5, 5]","[128, 64]",[256],6837021,bb4u19c1,266.7,trial_0079_learning_rate=1.0e-03_kernel_sizes=5x5_conv_channels=128x64_fc_dims=256_seed1,c7cd7eef36,trial_0079_learning_rate=1.0e-03_kernel_sizes=5x5_conv_channels=128x64_fc_dims=256_seed1
/scratch/sb272/patterns5k_results/slurm_base_cnn_2026-03-03_15-12-57/trial_0079_learning_rate=1.0e-03_kernel_sizes=5x5_conv_channels=128x64_fc_dims=256_seed2,cnn,0.16955512142181398,0.12951379006534885,0.01464755099917215,,,0.12812074602264278,101247,101247,40,0.47115268134137195,0,True,0.45456832695830385,0.2727211907221095,1,0.31855225563049316,0.1303226798772812,0,"[5, 5]","[128, 64]",[256],6837021,bb4u19c1,270.7,trial_0079_learning_rate=1.0e-03_kernel_sizes=5x5_conv_channels=128x64_fc_dims=256_seed2,c7cd7eef36,trial_0079_learning_rate=1.0e-03_kernel_sizes=5x5_conv_channels=128x64_fc_dims=256_seed2
/scratch/sb272/patterns5k_results/slurm_base_cnn_2026-03-03_15-12-57/trial_0080_learning_rate=1.0e-03_kernel_sizes=10x5x3_conv_channels=256x128x64_fc_dims=256_seed0,cnn,0.1699040846824646,0.12025828969825021,0.014663380289834643,,,0.11806683803252328,330111,330111,28,0.42265494671689974,0,True,0.45456832695830385,0.23535457130559054,2,0.31855225563049316,0.12142457813024521,0,"[10, 5, 3]","[256, 128, 64]",[256],6837021,bb4u19c1,314.9,trial_0080_learning_rate=1.0e-03_kernel_sizes=10x5x3_conv_channels=256x128x64_fc_dims=256_seed0,18b8fd8028,trial_0080_learning_rate=1.0e-03_kernel_sizes=10x5x3_conv_channels=256x128x64_fc_dims=256_seed0
/scratch/sb272/patterns5k_results/slurm_base_cnn_2026-03-03_15-12-57/trial_0080_learning_rate=1.0e-03_kernel_sizes=10x5x3_conv_channels=256x128x64_fc_dims=256_seed1,cnn,0.16953219079971313,0.12249044807951544,0.013890749878353544,,,0.12140826136369233,330111,330111,24,0.4176388770802874,0,True,0.45456832695830385,0.23486705100028166,2,0.31855225563049316,0.12372656911611557,0,"[10, 5, 3]","[256, 128, 64]",[256],6837021,bb4u19c1,303.4,trial_0080_learning_rate=1.0e-03_kernel_sizes=10x5x3_conv_channels=256x128x64_fc_dims=256_seed1,18b8fd8028,trial_0080_learning_rate=1.0e-03_kernel_sizes=10x5x3_conv_channels=256x128x64_fc_dims=256_seed1
/scratch/sb272/patterns5k_results/slurm_base_cnn_2026-03-03_15-12-57/trial_0080_learning_rate=1.0e-03_kernel_sizes=10x5x3_conv_channels=256x128x64_fc_dims=256_seed2,cnn,0.17244468665122986,0.11584147764534063,0.003100436831277514,,,0.11514764112583253,330111,330111,30,0.3310416547674445,0,True,0.45456832695830385,0.1822245317677039,1,0.31855225563049316,0.11645893007516861,0,"[10, 5, 3]","[256, 128, 64]",[256],6837021,bb4u19c1,295.5,trial_0080_learning_rate=1.0e-03_kernel_sizes=10x5x3_conv_channels=256x128x64_fc_dims=256_seed2,18b8fd8028,trial_0080_learning_rate=1.0e-03_kernel_sizes=10x5x3_conv_channels=256x128x64_fc_dims=256_seed2
/scratch/sb272/patterns5k_results/slurm_base_cnn_2026-03-03_15-12-57/trial_0081_learning_rate=1.0e-03_kernel_sizes=3_conv_channels=128_fc_dims=256_seed0,cnn,0.16952868783473968,0.13050536950074046,0.01850799246439858,,,0.1332834714472252,65727,65727,49,0.4634321221955345,0,True,0.45456832695830385,0.2781314665388245,1,0.31855225563049316,0.13212674856185913,0,[3],[128],[256],6837021,bb4u19c1,248.2,trial_0081_learning_rate=1.0e-03_kernel_sizes=3_conv_channels=128_fc_dims=256_seed0,e1cc2bb76a,trial_0081_learning_rate=1.0e-03_kernel_sizes=3_conv_channels=128_fc_dims=256_seed0
/scratch/sb272/patterns5k_results/slurm_base_cnn_2026-03-03_15-12-57/trial_0081_learning_rate=1.0e-03_kernel_sizes=3_conv_channels=128_fc_dims=256_seed1,cnn,0.16903182518482207,0.13173320145185352,0.02022903968417455,,,0.13589421739370044,65727,65727,38,0.4637448155861512,0,True,0.45456832695830385,0.27752449515204486,1,0.31855225563049316,0.13335540890693665,0,[3],[128],[256],6837021,bb4u19c1,242.4,trial_0081_learning_rate=1.0e-03_kernel_sizes=3_conv_channels=128_fc_dims=256_seed1,e1cc2bb76a,trial_0081_learning_rate=1.0e-03_kernel_sizes=3_conv_channels=128_fc_dims=256_seed1
/scratch/sb272/patterns5k_results/slurm_base_cnn_2026-03-03_15-12-57/trial_0081_learning_rate=1.0e-03_kernel_sizes=3_conv_channels=128_fc_dims=256_seed2,cnn,0.17023528289794923,0.12673785846564303,0.014093159683166987,,,0.12744561602848004,65727,65727,43,0.4656087998896287,0,True,0.45456832695830385,0.2757601193641626,1,0.31855225563049316,0.12816567718982697,0,[3],[128],[256],6837021,bb4u19c1,260.2,trial_0081_learning_rate=1.0e-03_kernel_sizes=3_conv_channels=128_fc_dims=256_seed2,e1cc2bb76a,trial_0081_learning_rate=1.0e-03_kernel_sizes=3_conv_channels=128_fc_dims=256_seed2
/scratch/sb272/patterns5k_results/slurm_base_cnn_2026-03-03_15-12-57/trial_0082_learning_rate=1.0e-03_kernel_sizes=5_conv_channels=128_fc_dims=256_seed0,cnn,0.1686769423484802,0.13391121674001424,0.02013045076339964,,,0.13471730730742085,76479,76479,37,0.4827426919595643,0,True,0.45456832695830385,0.2832655366747325,1,0.31855225563049316,0.13497252762317657,0,[5],[128],[256],6837021,bb4u19c1,247.7,trial_0082_learning_rate=1.0e-03_kernel_sizes=5_conv_channels=128_fc_dims=256_seed0,ed738cdb39,trial_0082_learning_rate=1.0e-03_kernel_sizes=5_conv_channels=128_fc_dims=256_seed0
/scratch/sb272/patterns5k_results/slurm_base_cnn_2026-03-03_15-12-57/trial_0082_learning_rate=1.0e-03_kernel_sizes=5_conv_channels=128_fc_dims=256_seed1,cnn,0.168855033993721,0.13305499079023286,0.020013729731241863,,,0.13736573716963207,76479,76479,40,0.4625490633297379,0,True,0.45456832695830385,0.2749714297577629,1,0.31855225563049316,0.13445758819580078,0,[5],[128],[256],6837021,bb4u19c1,243.8,trial_0082_learning_rate=1.0e-03_kernel_sizes=5_conv_channels=128_fc_dims=256_seed1,ed738cdb39,trial_0082_learning_rate=1.0e-03_kernel_sizes=5_conv_channels=128_fc_dims=256_seed1
/scratch/sb272/patterns5k_results/slurm_base_cnn_2026-03-03_15-12-57/trial_0082_learning_rate=1.0e-03_kernel_sizes=5_conv_channels=128_fc_dims=256_seed2,cnn,0.1686835367679596,0.13523808968451995,0.020605644536396815,,,0.12981570460327618,76479,76479,42,0.4837815432143561,0,True,0.45456832695830385,0.28610903539374305,1,0.31855225563049316,0.13669593632221222,0,[5],[128],[256],6837021,bb4u19c1,226.7,trial_0082_learning_rate=1.0e-03_kernel_sizes=5_conv_channels=128_fc_dims=256_seed2,ed738cdb39,trial_0082_learning_rate=1.0e-03_kernel_sizes=5_conv_channels=128_fc_dims=256_seed2
/scratch/sb272/patterns5k_results/slurm_base_cnn_2026-03-03_15-12-57/trial_0083_learning_rate=1.0e-03_kernel_sizes=10_conv_channels=128_fc_dims=256_seed0,cnn,0.1693813956975937,0.12698715360768117,0.015265208388131762,,,0.12883353583857282,103359,103359,43,0.4476371271432809,0,True,0.45456832695830385,0.2592084486958346,0,0.31855225563049316,0.12747441232204437,0,[10],[128],[256],6837021,bb4u19c1,248.5,trial_0083_learning_rate=1.0e-03_kernel_sizes=10_conv_channels=128_fc_dims=256_seed0,b99b5c9483,trial_0083_learning_rate=1.0e-03_kernel_sizes=10_conv_channels=128_fc_dims=256_seed0
/scratch/sb272/patterns5k_results/slurm_base_cnn_2026-03-03_15-12-57/trial_0083_learning_rate=1.0e-03_kernel_sizes=10_conv_channels=128_fc_dims=256_seed1,cnn,0.16896903550624848,0.1303772264051979,0.017993295949602885,,,0.1321130995486317,103359,103359,34,0.4730634963100212,0,True,0.45456832695830385,0.272184177852936,1,0.31855225563049316,0.13142138719558716,0,[10],[128],[256],6837022,bb5u12c1,231.0,trial_0083_learning_rate=1.0e-03_kernel_sizes=10_conv_channels=128_fc_dims=256_seed1,b99b5c9483,trial_0083_learning_rate=1.0e-03_kernel_sizes=10_conv_channels=128_fc_dims=256_seed1
/scratch/sb272/patterns5k_results/slurm_base_cnn_2026-03-03_15-12-57/trial_0083_learning_rate=1.0e-03_kernel_sizes=10_conv_channels=128_fc_dims=256_seed2,cnn,0.16935414159297943,0.12752004469319192,0.016113553728376116,,,0.1261158716449876,103359,103359,39,0.48285972495883167,0,True,0.45456832695830385,0.2776424546901128,2,0.31855225563049316,0.1281687468290329,0,[10],[128],[256],6837022,bb5u12c1,256.2,trial_0083_learning_rate=1.0e-03_kernel_sizes=10_conv_channels=128_fc_dims=256_seed2,b99b5c9483,trial_0083_learning_rate=1.0e-03_kernel_sizes=10_conv_channels=128_fc_dims=256_seed2
/scratch/sb272/patterns5k_results/slurm_base_cnn_2026-03-03_15-12-57/trial_0084_learning_rate=1.0e-03_kernel_sizes=30_conv_channels=256_fc_dims=256_seed0,cnn,0.17098300075531006,0.12608888410412983,0.013704228968847366,,,0.12437487496295996,405311,405311,33,0.3347728119091437,0,True,0.45456832695830385,0.19306423237226292,0,0.31855225563049316,0.12773257493972778,0,[30],[256],[256],6837022,bb5u12c1,338.9,trial_0084_learning_rate=1.0e-03_kernel_sizes=30_conv_channels=256_fc_dims=256_seed0,18bb905a7f,trial_0084_learning_rate=1.0e-03_kernel_sizes=30_conv_channels=256_fc_dims=256_seed0
/scratch/sb272/patterns5k_results/slurm_base_cnn_2026-03-03_15-12-57/trial_0084_learning_rate=1.0e-03_kernel_sizes=30_conv_channels=256_fc_dims=256_seed1,cnn,0.17027930319309234,0.1266479962864533,0.016222641581580752,,,0.12568729986276153,405311,405311,30,0.3568651494986582,0,True,0.45456832695830385,0.20488780507245158,0,0.31855225563049316,0.1285458654165268,0,[30],[256],[256],6837022,bb5u12c1,325.2,trial_0084_learning_rate=1.0e-03_kernel_sizes=30_conv_channels=256_fc_dims=256_seed1,18bb905a7f,trial_0084_learning_rate=1.0e-03_kernel_sizes=30_conv_channels=256_fc_dims=256_seed1
/scratch/sb272/patterns5k_results/slurm_base_cnn_2026-03-03_15-12-57/trial_0084_learning_rate=1.0e-03_kernel_sizes=30_conv_channels=256_fc_dims=256_seed2,cnn,0.1706960495710373,0.12979778862514812,0.01552703550883702,,,0.1208693091745348,405311,405311,34,0.37512608739023096,0,True,0.45456832695830385,0.21835908506612114,1,0.31855225563049316,0.13128222525119781,0,[30],[256],[256],6837022,bb5u12c1,307.2,trial_0084_learning_rate=1.0e-03_kernel_sizes=30_conv_channels=256_fc_dims=256_seed2,18bb905a7f,trial_0084_learning_rate=1.0e-03_kernel_sizes=30_conv_channels=256_fc_dims=256_seed2
/scratch/sb272/patterns5k_results/slurm_base_cnn_2026-03-03_15-12-57/trial_0085_learning_rate=1.0e-03_kernel_sizes=60_conv_channels=256_fc_dims=256_seed0,cnn,0.17445674407482148,0.11868786069467138,0.009021935008821032,,,0.11807351407357508,727871,727871,32,0.24718474165438692,0,True,0.45456832695830385,0.14118543007705733,0,0.31855225563049316,0.11989947408437729,0,[60],[256],[256],6837022,bb5u12c1,436.4,trial_0085_learning_rate=1.0e-03_kernel_sizes=60_conv_channels=256_fc_dims=256_seed0,dddd777e07,trial_0085_learning_rate=1.0e-03_kernel_sizes=60_conv_channels=256_fc_dims=256_seed0
/scratch/sb272/patterns5k_results/slurm_base_cnn_2026-03-03_15-12-57/trial_0085_learning_rate=1.0e-03_kernel_sizes=60_conv_channels=256_fc_dims=256_seed1,cnn,0.17195394670963288,0.12357666480213704,0.011733492215474447,,,0.11972250432278946,727871,727871,27,0.23224698718557005,0,True,0.45456832695830385,0.13485123827086298,0,0.31855225563049316,0.12487572431564331,0,[60],[256],[256],6837022,bb5u12c1,411.7,trial_0085_learning_rate=1.0e-03_kernel_sizes=60_conv_channels=256_fc_dims=256_seed1,dddd777e07,trial_0085_learning_rate=1.0e-03_kernel_sizes=60_conv_channels=256_fc_dims=256_seed1
/scratch/sb272/patterns5k_results/slurm_base_cnn_2026-03-03_15-12-57/trial_0085_learning_rate=1.0e-03_kernel_sizes=60_conv_channels=256_fc_dims=256_seed2,cnn,0.17302201497554778,0.12294622582143519,0.011410372597830636,,,0.11385071956534425,727871,727871,33,0.27999691156351914,0,True,0.45456832695830385,0.1595065793575519,0,0.31855225563049316,0.12413152307271957,0,[60],[256],[256],6837022,bb5u12c1,471.2,trial_0085_learning_rate=1.0e-03_kernel_sizes=60_conv_channels=256_fc_dims=256_seed2,dddd777e07,trial_0085_learning_rate=1.0e-03_kernel_sizes=60_conv_channels=256_fc_dims=256_seed2
/scratch/sb272/patterns5k_results/slurm_base_cnn_2026-03-03_15-12-57/trial_0086_learning_rate=1.0e-03_kernel_sizes=10x3_conv_channels=256x128_fc_dims=256_seed0,cnn,0.16988924038410186,0.12905453864745262,0.012324003946213495,,,0.12660109159937097,256191,256191,29,0.44802284958887567,0,True,0.45456832695830385,0.26037412676813826,1,0.31855225563049316,0.1297869086265564,0,"[10, 3]","[256, 128]",[256],6837022,bb5u12c1,274.0,trial_0086_learning_rate=1.0e-03_kernel_sizes=10x3_conv_channels=256x128_fc_dims=256_seed0,190e0db7e2,trial_0086_learning_rate=1.0e-03_kernel_sizes=10x3_conv_channels=256x128_fc_dims=256_seed0
/scratch/sb272/patterns5k_results/slurm_base_cnn_2026-03-03_15-12-57/trial_0086_learning_rate=1.0e-03_kernel_sizes=10x3_conv_channels=256x128_fc_dims=256_seed1,cnn,0.17091704499721527,0.12780190999074842,0.00787655890934051,,,0.13261466813084688,256191,256191,29,0.4308576736636898,0,True,0.45456832695830385,0.2538867128742834,0,0.31855225563049316,0.1285894215106964,0,"[10, 3]","[256, 128]",[256],6837022,bb5u12c1,268.3,trial_0086_learning_rate=1.0e-03_kernel_sizes=10x3_conv_channels=256x128_fc_dims=256_seed1,190e0db7e2,trial_0086_learning_rate=1.0e-03_kernel_sizes=10x3_conv_channels=256x128_fc_dims=256_seed1
/scratch/sb272/patterns5k_results/slurm_base_cnn_2026-03-03_15-12-57/trial_0086_learning_rate=1.0e-03_kernel_sizes=10x3_conv_channels=256x128_fc_dims=256_seed2,cnn,0.17021598958969117,0.12622329664487786,0.012159135606553819,,,0.12345993901983728,256191,256191,26,0.44981218042257654,0,True,0.45456832695830385,0.25736993656965423,2,0.31855225563049316,0.12644030153751373,0,"[10, 3]","[256, 128]",[256],6837022,bb5u12c1,275.7,trial_0086_learning_rate=1.0e-03_kernel_sizes=10x3_conv_channels=256x128_fc_dims=256_seed2,190e0db7e2,trial_0086_learning_rate=1.0e-03_kernel_sizes=10x3_conv_channels=256x128_fc_dims=256_seed2
/scratch/sb272/patterns5k_results/slurm_base_cnn_2026-03-03_15-12-57/trial_0087_learning_rate=1.0e-03_kernel_sizes=30x5_conv_channels=256x128_fc_dims=256_seed0,cnn,0.17338749194145203,0.11989144263149215,0.006773093390086341,,,0.11649885628793451,536767,536767,31,0.3357048644655849,0,True,0.45456832695830385,0.19259447555383802,1,0.31855225563049316,0.12157540023326874,0,"[30, 5]","[256, 128]",[256],6837022,bb5u12c1,378.8,trial_0087_learning_rate=1.0e-03_kernel_sizes=30x5_conv_channels=256x128_fc_dims=256_seed0,c606f476d9,trial_0087_learning_rate=1.0e-03_kernel_sizes=30x5_conv_channels=256x128_fc_dims=256_seed0
/scratch/sb272/patterns5k_results/slurm_base_cnn_2026-03-03_15-12-57/trial_0087_learning_rate=1.0e-03_kernel_sizes=30x5_conv_channels=256x128_fc_dims=256_seed1,cnn,0.172941654920578,0.11986459341343848,0.008124673177325537,,,0.11803694582866524,536767,536767,28,0.376845096779804,0,True,0.45456832695830385,0.21554398103342173,1,0.31855225563049316,0.1218787431716919,0,"[30, 5]","[256, 128]",[256],6837022,bb5u12c1,340.7,trial_0087_learning_rate=1.0e-03_kernel_sizes=30x5_conv_channels=256x128_fc_dims=256_seed1,c606f476d9,trial_0087_learning_rate=1.0e-03_kernel_sizes=30x5_conv_channels=256x128_fc_dims=256_seed1
/scratch/sb272/patterns5k_results/slurm_base_cnn_2026-03-03_15-12-57/trial_0087_learning_rate=1.0e-03_kernel_sizes=30x5_conv_channels=256x128_fc_dims=256_seed2,cnn,0.17420998895168305,0.12068051895791507,0.006265424546741304,,,0.11391302132604243,536767,536767,34,0.33528523400527716,0,True,0.45456832695830385,0.19444875263293587,0,0.31855225563049316,0.12189806252717972,0,"[30, 5]","[256, 128]",[256],6837022,bb5u12c1,360.1,trial_0087_learning_rate=1.0e-03_kernel_sizes=30x5_conv_channels=256x128_fc_dims=256_seed2,c606f476d9,trial_0087_learning_rate=1.0e-03_kernel_sizes=30x5_conv_channels=256x128_fc_dims=256_seed2
/scratch/sb272/patterns5k_results/slurm_base_cnn_2026-03-03_15-12-57/trial_0088_learning_rate=1.0e-03_kernel_sizes=5x5_conv_channels=128x64_fc_dims=256_seed0,cnn,0.16946605551242827,0.13062324030092784,0.01642787456512451,,,0.13221640601710363,101247,101247,45,0.46065370845152154,0,True,0.45456832695830385,0.267043379918247,1,0.31855225563049316,0.1315525770187378,0,"[5, 5]","[128, 64]",[256],6837022,bb5u12c1,274.9,trial_0088_learning_rate=1.0e-03_kernel_sizes=5x5_conv_channels=128x64_fc_dims=256_seed0,a8ba24365a,trial_0088_learning_rate=1.0e-03_kernel_sizes=5x5_conv_channels=128x64_fc_dims=256_seed0
/scratch/sb272/patterns5k_results/slurm_base_cnn_2026-03-03_15-12-57/trial_0088_learning_rate=1.0e-03_kernel_sizes=5x5_conv_channels=128x64_fc_dims=256_seed1,cnn,0.17041238141059875,0.1277073938403548,0.012927277693672785,,,0.13412632685533102,101247,101247,35,0.4936916129297045,0,True,0.45456832695830385,0.28122597839827773,2,0.31855225563049316,0.12851211428642273,0,"[5, 5]","[128, 64]",[256],6837022,bb5u12c1,255.9,trial_0088_learning_rate=1.0e-03_kernel_sizes=5x5_conv_channels=128x64_fc_dims=256_seed1,a8ba24365a,trial_0088_learning_rate=1.0e-03_kernel_sizes=5x5_conv_channels=128x64_fc_dims=256_seed1
/scratch/sb272/patterns5k_results/slurm_base_cnn_2026-03-03_15-12-57/trial_0088_learning_rate=1.0e-03_kernel_sizes=5x5_conv_channels=128x64_fc_dims=256_seed2,cnn,0.16917155051231383,0.13083861053847254,0.016998479290614054,,,0.12801008919088924,101247,101247,40,0.4924908640792991,0,True,0.45456832695830385,0.2822469995332823,1,0.31855225563049316,0.13171134889125824,0,"[5, 5]","[128, 64]",[256],6837022,bb5u12c1,267.5,trial_0088_learning_rate=1.0e-03_kernel_sizes=5x5_conv_channels=128x64_fc_dims=256_seed2,a8ba24365a,trial_0088_learning_rate=1.0e-03_kernel_sizes=5x5_conv_channels=128x64_fc_dims=256_seed2
/scratch/sb272/patterns5k_results/slurm_base_cnn_2026-03-03_15-12-57/trial_0089_learning_rate=1.0e-03_kernel_sizes=10x5x3_conv_channels=256x128x64_fc_dims=256_seed0,cnn,0.17036588609218598,0.1155174194578026,0.012350564911251976,,,0.11834136688729517,330111,330111,27,0.3241859792336796,0,True,0.45456832695830385,0.1819411525691641,1,0.31855225563049316,0.11620252579450607,0,"[10, 5, 3]","[256, 128, 64]",[256],6837022,bb5u12c1,299.3,trial_0089_learning_rate=1.0e-03_kernel_sizes=10x5x3_conv_channels=256x128x64_fc_dims=256_seed0,c1f0d8b091,trial_0089_learning_rate=1.0e-03_kernel_sizes=10x5x3_conv_channels=256x128x64_fc_dims=256_seed0
/scratch/sb272/patterns5k_results/slurm_base_cnn_2026-03-03_15-12-57/trial_0089_learning_rate=1.0e-03_kernel_sizes=10x5x3_conv_channels=256x128x64_fc_dims=256_seed1,cnn,0.16996649515628814,0.11744095947005921,0.014543678079332625,,,0.11951669121674743,330111,330111,25,0.3345524429807551,0,True,0.45456832695830385,0.18614481324301577,2,0.31855225563049316,0.11769481748342514,0,"[10, 5, 3]","[256, 128, 64]",[256],6837022,bb5u12c1,279.2,trial_0089_learning_rate=1.0e-03_kernel_sizes=10x5x3_conv_channels=256x128x64_fc_dims=256_seed1,c1f0d8b091,trial_0089_learning_rate=1.0e-03_kernel_sizes=10x5x3_conv_channels=256x128x64_fc_dims=256_seed1
/scratch/sb272/patterns5k_results/slurm_base_cnn_2026-03-03_15-12-57/trial_0089_learning_rate=1.0e-03_kernel_sizes=10x5x3_conv_channels=256x128x64_fc_dims=256_seed2,cnn,0.16951299726963043,0.12196473248718859,0.014886143661680677,,,0.1157552455758582,330111,330111,27,0.4033053181280943,0,True,0.45456832695830385,0.2266040837991248,2,0.31855225563049316,0.1229529082775116,0,"[10, 5, 3]","[256, 128, 64]",[256],6837022,bb5u12c1,283.3,trial_0089_learning_rate=1.0e-03_kernel_sizes=10x5x3_conv_channels=256x128x64_fc_dims=256_seed2,c1f0d8b091,trial_0089_learning_rate=1.0e-03_kernel_sizes=10x5x3_conv_channels=256x128x64_fc_dims=256_seed2
/scratch/sb272/patterns5k_results/slurm_base_cnn_2026-03-03_15-12-57/trial_0090_learning_rate=1.0e-03_kernel_sizes=3_conv_channels=128_fc_dims=256_seed0,cnn,0.1692738790512085,0.12981583916599237,0.01875559678153386,,,0.13448424634183792,65727,65727,45,0.4689098181017689,0,True,0.45456832695830385,0.2763845096645496,1,0.31855225563049316,0.13096243143081665,0,[3],[128],[256],6837022,bb5u12c1,250.6,trial_0090_learning_rate=1.0e-03_kernel_sizes=3_conv_channels=128_fc_dims=256_seed0,dcd8ac8c41,trial_0090_learning_rate=1.0e-03_kernel_sizes=3_conv_channels=128_fc_dims=256_seed0
/scratch/sb272/patterns5k_results/slurm_base_cnn_2026-03-03_15-12-57/trial_0090_learning_rate=1.0e-03_kernel_sizes=3_conv_channels=128_fc_dims=256_seed1,cnn,0.16896695375442505,0.12965870460382434,0.020143645150320872,,,0.1345361640579141,65727,65727,48,0.4808032954600186,0,True,0.45456832695830385,0.28447867949383376,1,0.31855225563049316,0.13127049803733826,0,[3],[128],[256],6837022,bb5u12c1,266.4,trial_0090_learning_rate=1.0e-03_kernel_sizes=3_conv_channels=128_fc_dims=256_seed1,dcd8ac8c41,trial_0090_learning_rate=1.0e-03_kernel_sizes=3_conv_channels=128_fc_dims=256_seed1
/scratch/sb272/patterns5k_results/slurm_base_cnn_2026-03-03_15-12-57/trial_0090_learning_rate=1.0e-03_kernel_sizes=3_conv_channels=128_fc_dims=256_seed2,cnn,0.1695486627817154,0.1287797927518745,0.01779758740985204,,,0.1277527481661107,65727,65727,43,0.4595561128865682,0,True,0.45456832695830385,0.2731988246331458,1,0.31855225563049316,0.12966978549957275,0,[3],[128],[256],6837022,bb5u12c1,252.5,trial_0090_learning_rate=1.0e-03_kernel_sizes=3_conv_channels=128_fc_dims=256_seed2,dcd8ac8c41,trial_0090_learning_rate=1.0e-03_kernel_sizes=3_conv_channels=128_fc_dims=256_seed2
/scratch/sb272/patterns5k_results/slurm_base_cnn_2026-03-03_15-12-57/trial_0091_learning_rate=1.0e-03_kernel_sizes=5_conv_channels=128_fc_dims=256_seed0,cnn,0.1694128383398056,0.13327685597597538,0.018277969625261094,,,0.13537642307094178,76479,76479,40,0.4828539326964459,0,True,0.45456832695830385,0.28252964747973175,1,0.31855225563049316,0.13441547751426697,0,[5],[128],[256],6837022,bb5u12c1,249.3,trial_0091_learning_rate=1.0e-03_kernel_sizes=5_conv_channels=128_fc_dims=256_seed0,167fbf10a0,trial_0091_learning_rate=1.0e-03_kernel_sizes=5_conv_channels=128_fc_dims=256_seed0
/scratch/sb272/patterns5k_results/slurm_base_cnn_2026-03-03_15-12-57/trial_0091_learning_rate=1.0e-03_kernel_sizes=5_conv_channels=128_fc_dims=256_seed1,cnn,0.1689723073244095,0.13175550661184923,0.019378404768686446,,,0.13779845111298777,76479,76479,40,0.4633499372343603,0,True,0.45456832695830385,0.27642693206756325,1,0.31855225563049316,0.1330382376909256,0,[5],[128],[256],6837022,bb5u12c1,232.1,trial_0091_learning_rate=1.0e-03_kernel_sizes=5_conv_channels=128_fc_dims=256_seed1,167fbf10a0,trial_0091_learning_rate=1.0e-03_kernel_sizes=5_conv_channels=128_fc_dims=256_seed1
/scratch/sb272/patterns5k_results/slurm_base_cnn_2026-03-03_15-12-57/trial_0091_learning_rate=1.0e-03_kernel_sizes=5_conv_channels=128_fc_dims=256_seed2,cnn,0.16873465883731842,0.13033537911244808,0.019933259676373195,,,0.13077767761512568,76479,76479,36,0.48015427973798713,0,True,0.45456832695830385,0.28198097336780414,2,0.31855225563049316,0.13153328001499176,0,[5],[128],[256],6837022,bb5u12c1,221.1,trial_0091_learning_rate=1.0e-03_kernel_sizes=5_conv_channels=128_fc_dims=256_seed2,167fbf10a0,trial_0091_learning_rate=1.0e-03_kernel_sizes=5_conv_channels=128_fc_dims=256_seed2
/scratch/sb272/patterns5k_results/slurm_base_cnn_2026-03-03_15-12-57/trial_0092_learning_rate=1.0e-03_kernel_sizes=10_conv_channels=128_fc_dims=256_seed0,cnn,0.1703925622701645,0.12664911467818993,0.012808962473793635,,,0.1306122666654319,103359,103359,36,0.4559485050534384,0,True,0.45456832695830385,0.2652707084236966,1,0.31855225563049316,0.12771746516227722,0,[10],[128],[256],6837022,bb5u12c1,241.3,trial_0092_learning_rate=1.0e-03_kernel_sizes=10_conv_channels=128_fc_dims=256_seed0,444faa2ff7,trial_0092_learning_rate=1.0e-03_kernel_sizes=10_conv_channels=128_fc_dims=256_seed0
/scratch/sb272/patterns5k_results/slurm_base_cnn_2026-03-03_15-12-57/trial_0092_learning_rate=1.0e-03_kernel_sizes=10_conv_channels=128_fc_dims=256_seed1,cnn,0.16968542993068694,0.1253137447914005,0.014382531718602256,,,0.1313983328800951,103359,103359,40,0.4948274314708186,0,True,0.45456832695830385,0.28470156587435824,1,0.31855225563049316,0.12627287209033966,0,[10],[128],[256],6837022,bb5u12c1,259.4,trial_0092_learning_rate=1.0e-03_kernel_sizes=10_conv_channels=128_fc_dims=256_seed1,444faa2ff7,trial_0092_learning_rate=1.0e-03_kernel_sizes=10_conv_channels=128_fc_dims=256_seed1
/scratch/sb272/patterns5k_results/slurm_base_cnn_2026-03-03_15-12-57/trial_0092_learning_rate=1.0e-03_kernel_sizes=10_conv_channels=128_fc_dims=256_seed2,cnn,0.16910817623138427,0.12739452215087782,0.01685332116626558,,,0.1254748699124307,103359,103359,40,0.4788747701387308,0,True,0.45456832695830385,0.27920985509467744,1,0.31855225563049316,0.1285289227962494,0,[10],[128],[256],6837022,bb5u12c1,258.0,trial_0092_learning_rate=1.0e-03_kernel_sizes=10_conv_channels=128_fc_dims=256_seed2,444faa2ff7,trial_0092_learning_rate=1.0e-03_kernel_sizes=10_conv_channels=128_fc_dims=256_seed2
/scratch/sb272/patterns5k_results/slurm_base_cnn_2026-03-03_15-12-57/trial_0093_learning_rate=1.0e-03_kernel_sizes=30_conv_channels=256_fc_dims=256_seed0,cnn,0.17098437190055849,0.1271608219373228,0.012107473517221117,,,0.12585535690849037,405311,405311,36,0.41335534280435166,0,True,0.45456832695830385,0.2358765044066862,1,0.31855225563049316,0.12864291667938232,0,[30],[256],[256],6837022,bb5u12c1,362.2,trial_0093_learning_rate=1.0e-03_kernel_sizes=30_conv_channels=256_fc_dims=256_seed0,863d46420d,trial_0093_learning_rate=1.0e-03_kernel_sizes=30_conv_channels=256_fc_dims=256_seed0
/scratch/sb272/patterns5k_results/slurm_base_cnn_2026-03-03_15-12-57/trial_0093_learning_rate=1.0e-03_kernel_sizes=30_conv_channels=256_fc_dims=256_seed1,cnn,0.17154239308834077,0.12441747150418137,0.01044915687470209,,,0.12575168855841407,405311,405311,38,0.355746422142416,0,True,0.45456832695830385,0.20403454632296616,1,0.31855225563049316,0.12590226531028748,0,[30],[256],[256],6837022,bb5u12c1,340.4,trial_0093_learning_rate=1.0e-03_kernel_sizes=30_conv_channels=256_fc_dims=256_seed1,863d46420d,trial_0093_learning_rate=1.0e-03_kernel_sizes=30_conv_channels=256_fc_dims=256_seed1
/scratch/sb272/patterns5k_results/slurm_base_cnn_2026-03-03_15-12-57/trial_0093_learning_rate=1.0e-03_kernel_sizes=30_conv_channels=256_fc_dims=256_seed2,cnn,0.1707772057056427,0.1305089371913737,0.014598256065731957,,,0.12102482149694806,405311,405311,35,0.3803299735446427,0,True,0.45456832695830385,0.21717011438599615,0,0.31855225563049316,0.1321219950914383,0,[30],[256],[256],6837022,bb5u12c1,337.9,trial_0093_learning_rate=1.0e-03_kernel_sizes=30_conv_channels=256_fc_dims=256_seed2,863d46420d,trial_0093_learning_rate=1.0e-03_kernel_sizes=30_conv_channels=256_fc_dims=256_seed2
/scratch/sb272/patterns5k_results/slurm_base_cnn_2026-03-03_15-12-57/trial_0094_learning_rate=1.0e-03_kernel_sizes=60_conv_channels=256_fc_dims=256_seed0,cnn,0.17258969140052796,0.12152470542322934,0.012163834912436349,,,0.11818238072676733,727871,727871,30,0.24407382696258711,0,True,0.45456832695830385,0.14060388785648958,0,0.31855225563049316,0.12300502508878708,0,[60],[256],[256],6837022,bb5u12c1,439.6,trial_0094_learning_rate=1.0e-03_kernel_sizes=60_conv_channels=256_fc_dims=256_seed0,4b34b8068c,trial_0094_learning_rate=1.0e-03_kernel_sizes=60_conv_channels=256_fc_dims=256_seed0
/scratch/sb272/patterns5k_results/slurm_base_cnn_2026-03-03_15-12-57/trial_0094_learning_rate=1.0e-03_kernel_sizes=60_conv_channels=256_fc_dims=256_seed1,cnn,0.17320616960525512,0.12376150913122154,0.011526043452913798,,,0.1200883705129061,727871,727871,32,0.2860818013557486,0,True,0.45456832695830385,0.16515460509107716,0,0.31855225563049316,0.1258646696805954,0,[60],[256],[256],6837022,bb5u12c1,463.1,trial_0094_learning_rate=1.0e-03_kernel_sizes=60_conv_channels=256_fc_dims=256_seed1,4b34b8068c,trial_0094_learning_rate=1.0e-03_kernel_sizes=60_conv_channels=256_fc_dims=256_seed1
/scratch/sb272/patterns5k_results/slurm_base_cnn_2026-03-03_15-12-57/trial_0094_learning_rate=1.0e-03_kernel_sizes=60_conv_channels=256_fc_dims=256_seed2,cnn,0.17169578182697295,0.12250338820041191,0.013928804132673476,,,0.11434483768895551,727871,727871,27,0.24939054787305484,0,True,0.45456832695830385,0.14220152760782867,0,0.31855225563049316,0.12369031459093094,0,[60],[256],[256],6837022,bb5u12c1,381.1,trial_0094_learning_rate=1.0e-03_kernel_sizes=60_conv_channels=256_fc_dims=256_seed2,4b34b8068c,trial_0094_learning_rate=1.0e-03_kernel_sizes=60_conv_channels=256_fc_dims=256_seed2
/scratch/sb272/patterns5k_results/slurm_base_cnn_2026-03-03_15-12-57/trial_0095_learning_rate=1.0e-03_kernel_sizes=10x3_conv_channels=256x128_fc_dims=256_seed0,cnn,0.16993569588661195,0.1266228549234875,0.011844361585284036,,,0.1288592271198192,256191,256191,29,0.4444652463540607,0,True,0.45456832695830385,0.25810272092316655,2,0.31855225563049316,0.12698107957839966,0,"[10, 3]","[256, 128]",[256],6837022,bb5u12c1,278.3,trial_0095_learning_rate=1.0e-03_kernel_sizes=10x3_conv_channels=256x128_fc_dims=256_seed0,9ae2b6aad2,trial_0095_learning_rate=1.0e-03_kernel_sizes=10x3_conv_channels=256x128_fc_dims=256_seed0
/scratch/sb272/patterns5k_results/slurm_base_cnn_2026-03-03_15-12-57/trial_0095_learning_rate=1.0e-03_kernel_sizes=10x3_conv_channels=256x128_fc_dims=256_seed1,cnn,0.17028936159610747,0.13002836668870038,0.012793378224448553,,,0.12906730316175966,256191,256191,31,0.46269389130333344,0,True,0.45456832695830385,0.2702321296543277,1,0.31855225563049316,0.13118033111095428,0,"[10, 3]","[256, 128]",[256],6837022,bb5u12c1,303.2,trial_0095_learning_rate=1.0e-03_kernel_sizes=10x3_conv_channels=256x128_fc_dims=256_seed1,9ae2b6aad2,trial_0095_learning_rate=1.0e-03_kernel_sizes=10x3_conv_channels=256x128_fc_dims=256_seed1
/scratch/sb272/patterns5k_results/slurm_base_cnn_2026-03-03_15-12-57/trial_0095_learning_rate=1.0e-03_kernel_sizes=10x3_conv_channels=256x128_fc_dims=256_seed2,cnn,0.16980661714076997,0.12807177320416083,0.013354530410161094,,,0.12540406190232553,256191,256191,26,0.46352833824968304,0,True,0.45456832695830385,0.26982652674220703,1,0.31855225563049316,0.129240944981575,0,"[10, 3]","[256, 128]",[256],6837022,bb5u12c1,279.4,trial_0095_learning_rate=1.0e-03_kernel_sizes=10x3_conv_channels=256x128_fc_dims=256_seed2,9ae2b6aad2,trial_0095_learning_rate=1.0e-03_kernel_sizes=10x3_conv_channels=256x128_fc_dims=256_seed2
/scratch/sb272/patterns5k_results/slurm_base_cnn_2026-03-03_15-12-57/trial_0096_learning_rate=1.0e-03_kernel_sizes=30x5_conv_channels=256x128_fc_dims=256_seed0,cnn,0.17321881461143493,0.12147292004658734,0.01020761803975181,,,0.11884842478595103,536767,536767,27,0.34320721670001725,0,True,0.45456832695830385,0.19777627057396296,0,0.31855225563049316,0.12254258990287781,0,"[30, 5]","[256, 128]",[256],6837022,bb5u12c1,343.3,trial_0096_learning_rate=1.0e-03_kernel_sizes=30x5_conv_channels=256x128_fc_dims=256_seed0,1855a084fa,trial_0096_learning_rate=1.0e-03_kernel_sizes=30x5_conv_channels=256x128_fc_dims=256_seed0
/scratch/sb272/patterns5k_results/slurm_base_cnn_2026-03-03_15-12-57/trial_0096_learning_rate=1.0e-03_kernel_sizes=30x5_conv_channels=256x128_fc_dims=256_seed1,cnn,0.17269481551647187,0.12548243667054154,0.0057420191310700915,,,0.11869410486190207,536767,536767,28,0.3519781297031303,0,True,0.45456832695830385,0.1999724355528491,2,0.31855225563049316,0.12744303047657013,0,"[30, 5]","[256, 128]",[256],6837022,bb5u12c1,331.7,trial_0096_learning_rate=1.0e-03_kernel_sizes=30x5_conv_channels=256x128_fc_dims=256_seed1,1855a084fa,trial_0096_learning_rate=1.0e-03_kernel_sizes=30x5_conv_channels=256x128_fc_dims=256_seed1
/scratch/sb272/patterns5k_results/slurm_base_cnn_2026-03-03_15-12-57/trial_0096_learning_rate=1.0e-03_kernel_sizes=30x5_conv_channels=256x128_fc_dims=256_seed2,cnn,0.1731050796508789,0.11840479514885038,0.002815137779901898,,,0.11422164703556864,536767,536767,28,0.3570106511356107,0,True,0.45456832695830385,0.205102246722839,1,0.31855225563049316,0.1197938621044159,0,"[30, 5]","[256, 128]",[256],6837022,bb5u12c1,342.8,trial_0096_learning_rate=1.0e-03_kernel_sizes=30x5_conv_channels=256x128_fc_dims=256_seed2,1855a084fa,trial_0096_learning_rate=1.0e-03_kernel_sizes=30x5_conv_channels=256x128_fc_dims=256_seed2
/scratch/sb272/patterns5k_results/slurm_base_cnn_2026-03-03_15-12-57/trial_0097_learning_rate=1.0e-03_kernel_sizes=5x5_conv_channels=128x64_fc_dims=256_seed0,cnn,0.16885582542419433,0.13027353243036702,0.01822776264614529,,,0.13289437432513304,101247,101247,38,0.47784191371106766,0,True,0.45456832695830385,0.27420594397782266,1,0.31855225563049316,0.1311226636171341,0,"[5, 5]","[128, 64]",[256],6837022,bb5u12c1,266.2,trial_0097_learning_rate=1.0e-03_kernel_sizes=5x5_conv_channels=128x64_fc_dims=256_seed0,ef81bbf4cb,trial_0097_learning_rate=1.0e-03_kernel_sizes=5x5_conv_channels=128x64_fc_dims=256_seed0
/scratch/sb272/patterns5k_results/slurm_base_cnn_2026-03-03_15-12-57/trial_0097_learning_rate=1.0e-03_kernel_sizes=5x5_conv_channels=128x64_fc_dims=256_seed1,cnn,0.16872369980812071,0.13159497352089825,0.019168244467841253,,,0.13391460592216517,101247,101247,34,0.5009179292315367,0,True,0.45456832695830385,0.28563543000363323,1,0.31855225563049316,0.13251078128814697,0,"[5, 5]","[128, 64]",[256],6837022,bb5u12c1,251.5,trial_0097_learning_rate=1.0e-03_kernel_sizes=5x5_conv_channels=128x64_fc_dims=256_seed1,ef81bbf4cb,trial_0097_learning_rate=1.0e-03_kernel_sizes=5x5_conv_channels=128x64_fc_dims=256_seed1
/scratch/sb272/patterns5k_results/slurm_base_cnn_2026-03-03_15-12-57/trial_0097_learning_rate=1.0e-03_kernel_sizes=5x5_conv_channels=128x64_fc_dims=256_seed2,cnn,0.1694997354745865,0.12750053585625434,0.01600257366422623,,,0.12666207586944464,101247,101247,44,0.46699049866100845,0,True,0.45456832695830385,0.27007557540960725,2,0.31855225563049316,0.12788133323192596,0,"[5, 5]","[128, 64]",[256],6837022,bb5u12c1,280.0,trial_0097_learning_rate=1.0e-03_kernel_sizes=5x5_conv_channels=128x64_fc_dims=256_seed2,ef81bbf4cb,trial_0097_learning_rate=1.0e-03_kernel_sizes=5x5_conv_channels=128x64_fc_dims=256_seed2
/scratch/sb272/patterns5k_results/slurm_base_cnn_2026-03-03_15-12-57/trial_0098_learning_rate=1.0e-03_kernel_sizes=10x5x3_conv_channels=256x128x64_fc_dims=256_seed0,cnn,0.17005963575839997,0.11628845491585198,0.012452692266494508,,,0.11762002817360759,330111,330111,25,0.4245898398004352,0,True,0.45456832695830385,0.23728681680023228,2,0.31855225563049316,0.11751522868871689,0,"[10, 5, 3]","[256, 128, 64]",[256],6837022,bb5u12c1,272.9,trial_0098_learning_rate=1.0e-03_kernel_sizes=10x5x3_conv_channels=256x128x64_fc_dims=256_seed0,73d8517a3d,trial_0098_learning_rate=1.0e-03_kernel_sizes=10x5x3_conv_channels=256x128x64_fc_dims=256_seed0
/scratch/sb272/patterns5k_results/slurm_base_cnn_2026-03-03_15-12-57/trial_0098_learning_rate=1.0e-03_kernel_sizes=10x5x3_conv_channels=256x128x64_fc_dims=256_seed1,cnn,0.1700518548488617,0.11823427541926278,0.012919982274373373,,,0.12144663835975325,330111,330111,26,0.39666040999563423,0,True,0.45456832695830385,0.22452603825884554,3,0.31855225563049316,0.11904767900705338,0,"[10, 5, 3]","[256, 128, 64]",[256],6837022,bb5u12c1,279.1,trial_0098_learning_rate=1.0e-03_kernel_sizes=10x5x3_conv_channels=256x128x64_fc_dims=256_seed1,73d8517a3d,trial_0098_learning_rate=1.0e-03_kernel_sizes=10x5x3_conv_channels=256x128x64_fc_dims=256_seed1
/scratch/sb272/patterns5k_results/slurm_base_cnn_2026-03-03_15-12-57/trial_0098_learning_rate=1.0e-03_kernel_sizes=10x5x3_conv_channels=256x128x64_fc_dims=256_seed2,cnn,0.1699083158969879,0.12062381170901544,0.015795883678254626,,,0.11459711599833389,330111,330111,27,0.3706020890110554,0,True,0.45456832695830385,0.2061655408303489,3,0.31855225563049316,0.12113238871097565,0,"[10, 5, 3]","[256, 128, 64]",[256],6837022,bb5u12c1,300.4,trial_0098_learning_rate=1.0e-03_kernel_sizes=10x5x3_conv_channels=256x128x64_fc_dims=256_seed2,73d8517a3d,trial_0098_learning_rate=1.0e-03_kernel_sizes=10x5x3_conv_channels=256x128x64_fc_dims=256_seed2
/scratch/sb272/patterns5k_results/slurm_base_cnn_2026-03-03_15-12-57/trial_0099_learning_rate=1.0e-03_kernel_sizes=3_conv_channels=128_fc_dims=256_seed0,cnn,0.16952807211875914,0.1316246828432412,0.01760216270174299,,,0.1341395581228402,65727,65727,44,0.48242209194431696,0,True,0.45456832695830385,0.2837098264022282,1,0.31855225563049316,0.13266998529434204,0,[3],[128],[256],6837022,bb5u12c1,259.6,trial_0099_learning_rate=1.0e-03_kernel_sizes=3_conv_channels=128_fc_dims=256_seed0,008664747b,trial_0099_learning_rate=1.0e-03_kernel_sizes=3_conv_channels=128_fc_dims=256_seed0
/scratch/sb272/patterns5k_results/slurm_base_cnn_2026-03-03_15-12-57/trial_0099_learning_rate=1.0e-03_kernel_sizes=3_conv_channels=128_fc_dims=256_seed1,cnn,0.1694430251121521,0.13108254136898215,0.01983104149500529,,,0.13522578096671023,65727,65727,34,0.47256693009763007,0,True,0.45456832695830385,0.2811624049880852,1,0.31855225563049316,0.1332787573337555,0,[3],[128],[256],6837022,bb5u12c1,235.8,trial_0099_learning_rate=1.0e-03_kernel_sizes=3_conv_channels=128_fc_dims=256_seed1,008664747b,trial_0099_learning_rate=1.0e-03_kernel_sizes=3_conv_channels=128_fc_dims=256_seed1
/scratch/sb272/patterns5k_results/slurm_base_cnn_2026-03-03_15-12-57/trial_0099_learning_rate=1.0e-03_kernel_sizes=3_conv_channels=128_fc_dims=256_seed2,cnn,0.16925169098377227,0.13226369232550164,0.019463092561752077,,,0.12792356165435811,65727,65727,46,0.4651872186522054,0,True,0.45456832695830385,0.2783820210819157,1,0.31855225563049316,0.1340579390525818,0,[3],[128],[256],6837022,bb5u12c1,255.9,trial_0099_learning_rate=1.0e-03_kernel_sizes=3_conv_channels=128_fc_dims=256_seed2,008664747b,trial_0099_learning_rate=1.0e-03_kernel_sizes=3_conv_channels=128_fc_dims=256_seed2
/scratch/sb272/patterns5k_results/slurm_base_cnn_2026-03-03_15-12-57/trial_0100_learning_rate=1.0e-03_kernel_sizes=5_conv_channels=128_fc_dims=256_seed0,cnn,0.16905588352680206,0.13367694119333934,0.01962793441045852,,,0.13664692140747023,76479,76479,40,0.46445374803187545,0,True,0.45456832695830385,0.27416935586826946,1,0.31855225563049316,0.13468340039253235,0,[5],[128],[256],6837023,bb5u13c1,260.3,trial_0100_learning_rate=1.0e-03_kernel_sizes=5_conv_channels=128_fc_dims=256_seed0,3d31a7a017,trial_0100_learning_rate=1.0e-03_kernel_sizes=5_conv_channels=128_fc_dims=256_seed0
/scratch/sb272/patterns5k_results/slurm_base_cnn_2026-03-03_15-12-57/trial_0100_learning_rate=1.0e-03_kernel_sizes=5_conv_channels=128_fc_dims=256_seed1,cnn,0.16850995099544525,0.13452672956306885,0.021568548111688523,,,0.13696038081343162,76479,76479,42,0.47490964098066984,0,True,0.45456832695830385,0.2806832744465413,1,0.31855225563049316,0.13587862253189087,0,[5],[128],[256],6837023,bb5u13c1,259.1,trial_0100_learning_rate=1.0e-03_kernel_sizes=5_conv_channels=128_fc_dims=256_seed1,3d31a7a017,trial_0100_learning_rate=1.0e-03_kernel_sizes=5_conv_channels=128_fc_dims=256_seed1
/scratch/sb272/patterns5k_results/slurm_base_cnn_2026-03-03_15-12-57/trial_0100_learning_rate=1.0e-03_kernel_sizes=5_conv_channels=128_fc_dims=256_seed2,cnn,0.16869887673854828,0.13312939228355736,0.020365385782150996,,,0.1315072819200161,76479,76479,41,0.4948026818056973,0,True,0.45456832695830385,0.2875980606043882,2,0.31855225563049316,0.13454915583133698,0,[5],[128],[256],6837023,bb5u13c1,256.1,trial_0100_learning_rate=1.0e-03_kernel_sizes=5_conv_channels=128_fc_dims=256_seed2,3d31a7a017,trial_0100_learning_rate=1.0e-03_kernel_sizes=5_conv_channels=128_fc_dims=256_seed2
/scratch/sb272/patterns5k_results/slurm_base_cnn_2026-03-03_15-12-57/trial_0101_learning_rate=1.0e-03_kernel_sizes=10_conv_channels=128_fc_dims=256_seed0,cnn,0.16881855618953706,0.1300971420194646,0.018608340195247104,,,0.13052594695008324,103359,103359,42,0.4741783558632851,0,True,0.45456832695830385,0.2762130274378109,1,0.31855225563049316,0.13133078813552856,0,[10],[128],[256],6837023,bb5u13c1,268.9,trial_0101_learning_rate=1.0e-03_kernel_sizes=10_conv_channels=128_fc_dims=256_seed0,6e39103f00,trial_0101_learning_rate=1.0e-03_kernel_sizes=10_conv_channels=128_fc_dims=256_seed0
/scratch/sb272/patterns5k_results/slurm_base_cnn_2026-03-03_15-12-57/trial_0101_learning_rate=1.0e-03_kernel_sizes=10_conv_channels=128_fc_dims=256_seed1,cnn,0.16865604388713837,0.12886762079000724,0.01908536468233381,,,0.133550845703755,103359,103359,37,0.482263306821966,0,True,0.45456832695830385,0.2753406788605408,2,0.31855225563049316,0.1299302875995636,0,[10],[128],[256],6837023,bb5u13c1,238.3,trial_0101_learning_rate=1.0e-03_kernel_sizes=10_conv_channels=128_fc_dims=256_seed1,6e39103f00,trial_0101_learning_rate=1.0e-03_kernel_sizes=10_conv_channels=128_fc_dims=256_seed1
/scratch/sb272/patterns5k_results/slurm_base_cnn_2026-03-03_15-12-57/trial_0101_learning_rate=1.0e-03_kernel_sizes=10_conv_channels=128_fc_dims=256_seed2,cnn,0.1689437302350998,0.12850658026797715,0.01801579339163644,,,0.12693892308829316,103359,103359,36,0.47015258965665085,0,True,0.45456832695830385,0.2697169560100983,2,0.31855225563049316,0.12942421436309814,0,[10],[128],[256],6837023,bb5u13c1,239.8,trial_0101_learning_rate=1.0e-03_kernel_sizes=10_conv_channels=128_fc_dims=256_seed2,6e39103f00,trial_0101_learning_rate=1.0e-03_kernel_sizes=10_conv_channels=128_fc_dims=256_seed2
/scratch/sb272/patterns5k_results/slurm_base_cnn_2026-03-03_15-12-57/trial_0102_learning_rate=1.0e-03_kernel_sizes=30_conv_channels=256_fc_dims=256_seed0,cnn,0.1706884595155716,0.13126397905389095,0.014024172510419573,,,0.12353937891547341,405311,405311,33,0.3955085846885966,0,True,0.45456832695830385,0.22633661236537947,1,0.31855225563049316,0.13261039555072784,0,[30],[256],[256],6837023,bb5u13c1,324.0,trial_0102_learning_rate=1.0e-03_kernel_sizes=30_conv_channels=256_fc_dims=256_seed0,52eccbc8dc,trial_0102_learning_rate=1.0e-03_kernel_sizes=30_conv_channels=256_fc_dims=256_seed0
/scratch/sb272/patterns5k_results/slurm_base_cnn_2026-03-03_15-12-57/trial_0102_learning_rate=1.0e-03_kernel_sizes=30_conv_channels=256_fc_dims=256_seed1,cnn,0.170801482796669,0.12797552725887087,0.014096268585750036,,,0.12655779336027018,405311,405311,35,0.41243156672360637,0,True,0.45456832695830385,0.2331917261474149,1,0.31855225563049316,0.12928591668605804,0,[30],[256],[256],6837023,bb5u13c1,350.7,trial_0102_learning_rate=1.0e-03_kernel_sizes=30_conv_channels=256_fc_dims=256_seed1,52eccbc8dc,trial_0102_learning_rate=1.0e-03_kernel_sizes=30_conv_channels=256_fc_dims=256_seed1
/scratch/sb272/patterns5k_results/slurm_base_cnn_2026-03-03_15-12-57/trial_0102_learning_rate=1.0e-03_kernel_sizes=30_conv_channels=256_fc_dims=256_seed2,cnn,0.170664133310318,0.1314014810588373,0.015055190003107465,,,0.12170064673909593,405311,405311,32,0.4018820122857815,0,True,0.45456832695830385,0.2311456405170299,0,0.31855225563049316,0.13281194865703583,0,[30],[256],[256],6837023,bb5u13c1,333.9,trial_0102_learning_rate=1.0e-03_kernel_sizes=30_conv_channels=256_fc_dims=256_seed2,52eccbc8dc,trial_0102_learning_rate=1.0e-03_kernel_sizes=30_conv_channels=256_fc_dims=256_seed2
/scratch/sb272/patterns5k_results/slurm_base_cnn_2026-03-03_15-12-57/trial_0103_learning_rate=1.0e-03_kernel_sizes=60_conv_channels=256_fc_dims=256_seed0,cnn,0.1724650740623474,0.12470666048645458,0.01235286962418329,,,0.11982665950099342,727871,727871,30,0.23800584744869427,0,True,0.45456832695830385,0.13781432292266663,0,0.31855225563049316,0.12603403627872467,0,[60],[256],[256],6837023,bb5u13c1,416.9,trial_0103_learning_rate=1.0e-03_kernel_sizes=60_conv_channels=256_fc_dims=256_seed0,3ccd9af7b8,trial_0103_learning_rate=1.0e-03_kernel_sizes=60_conv_channels=256_fc_dims=256_seed0
/scratch/sb272/patterns5k_results/slurm_base_cnn_2026-03-03_15-12-57/trial_0103_learning_rate=1.0e-03_kernel_sizes=60_conv_channels=256_fc_dims=256_seed1,cnn,0.1716256971359253,0.12406586775991614,0.01380113476798648,,,0.12020566099750696,727871,727871,27,0.2493253229267094,0,True,0.45456832695830385,0.14007755675166603,0,0.31855225563049316,0.12570643424987793,0,[60],[256],[256],6837023,bb5u13c1,399.3,trial_0103_learning_rate=1.0e-03_kernel_sizes=60_conv_channels=256_fc_dims=256_seed1,3ccd9af7b8,trial_0103_learning_rate=1.0e-03_kernel_sizes=60_conv_channels=256_fc_dims=256_seed1
/scratch/sb272/patterns5k_results/slurm_base_cnn_2026-03-03_15-12-57/trial_0103_learning_rate=1.0e-03_kernel_sizes=60_conv_channels=256_fc_dims=256_seed2,cnn,0.1725815771818161,0.12627819747815125,0.01132300921848842,,,0.11637258015965661,727871,727871,33,0.27719928188419757,0,True,0.45456832695830385,0.15897082083862352,0,0.31855225563049316,0.12762217223644257,0,[60],[256],[256],6837023,bb5u13c1,468.8,trial_0103_learning_rate=1.0e-03_kernel_sizes=60_conv_channels=256_fc_dims=256_seed2,3ccd9af7b8,trial_0103_learning_rate=1.0e-03_kernel_sizes=60_conv_channels=256_fc_dims=256_seed2
/scratch/sb272/patterns5k_results/slurm_base_cnn_2026-03-03_15-12-57/trial_0104_learning_rate=1.0e-03_kernel_sizes=10x3_conv_channels=256x128_fc_dims=256_seed0,cnn,0.1712344331741333,0.12524356419564112,0.008421153303176637,,,0.1263933320745445,256191,256191,25,0.46317128276712444,0,True,0.45456832695830385,0.26663631314142366,1,0.31855225563049316,0.12605427205562592,0,"[10, 3]","[256, 128]",[256],6837023,bb5u13c1,271.9,trial_0104_learning_rate=1.0e-03_kernel_sizes=10x3_conv_channels=256x128_fc_dims=256_seed0,99af6ad0b1,trial_0104_learning_rate=1.0e-03_kernel_sizes=10x3_conv_channels=256x128_fc_dims=256_seed0
/scratch/sb272/patterns5k_results/slurm_base_cnn_2026-03-03_15-12-57/trial_0104_learning_rate=1.0e-03_kernel_sizes=10x3_conv_channels=256x128_fc_dims=256_seed1,cnn,0.1695180928707123,0.128366122547699,0.01551115039795164,,,0.1290764443426139,256191,256191,27,0.4570109324182513,0,True,0.45456832695830385,0.2621472897575015,2,0.31855225563049316,0.1290654093027115,0,"[10, 3]","[256, 128]",[256],6837023,bb5u13c1,268.1,trial_0104_learning_rate=1.0e-03_kernel_sizes=10x3_conv_channels=256x128_fc_dims=256_seed1,99af6ad0b1,trial_0104_learning_rate=1.0e-03_kernel_sizes=10x3_conv_channels=256x128_fc_dims=256_seed1
/scratch/sb272/patterns5k_results/slurm_base_cnn_2026-03-03_15-12-57/trial_0104_learning_rate=1.0e-03_kernel_sizes=10x3_conv_channels=256x128_fc_dims=256_seed2,cnn,0.16978859734535218,0.12984013369472933,0.013327244728330582,,,0.12529429190141633,256191,256191,28,0.4706415129542384,0,True,0.45456832695830385,0.27297131040997696,1,0.31855225563049316,0.13110440969467163,0,"[10, 3]","[256, 128]",[256],6837023,bb5u13c1,250.8,trial_0104_learning_rate=1.0e-03_kernel_sizes=10x3_conv_channels=256x128_fc_dims=256_seed2,99af6ad0b1,trial_0104_learning_rate=1.0e-03_kernel_sizes=10x3_conv_channels=256x128_fc_dims=256_seed2
/scratch/sb272/patterns5k_results/slurm_base_cnn_2026-03-03_15-12-57/trial_0105_learning_rate=1.0e-03_kernel_sizes=30x5_conv_channels=256x128_fc_dims=256_seed0,cnn,0.17348826968669892,0.11835375548411244,0.005793603639754038,,,0.1153612094212604,536767,536767,35,0.3535052181001114,0,True,0.45456832695830385,0.20561283401873776,1,0.31855225563049316,0.1191878691315651,0,"[30, 5]","[256, 128]",[256],6837023,bb5u13c1,400.5,trial_0105_learning_rate=1.0e-03_kernel_sizes=30x5_conv_channels=256x128_fc_dims=256_seed0,02e81db1a1,trial_0105_learning_rate=1.0e-03_kernel_sizes=30x5_conv_channels=256x128_fc_dims=256_seed0
/scratch/sb272/patterns5k_results/slurm_base_cnn_2026-03-03_15-12-57/trial_0105_learning_rate=1.0e-03_kernel_sizes=30x5_conv_channels=256x128_fc_dims=256_seed1,cnn,0.17381666493415832,0.12076472251252428,0.00781139021828061,,,0.11833387518558375,536767,536767,32,0.33780603733567516,0,True,0.45456832695830385,0.1946515200378393,1,0.31855225563049316,0.12260929495096207,0,"[30, 5]","[256, 128]",[256],6837023,bb5u13c1,391.8,trial_0105_learning_rate=1.0e-03_kernel_sizes=30x5_conv_channels=256x128_fc_dims=256_seed1,02e81db1a1,trial_0105_learning_rate=1.0e-03_kernel_sizes=30x5_conv_channels=256x128_fc_dims=256_seed1
/scratch/sb272/patterns5k_results/slurm_base_cnn_2026-03-03_15-12-57/trial_0105_learning_rate=1.0e-03_kernel_sizes=30x5_conv_channels=256x128_fc_dims=256_seed2,cnn,0.17288331615924835,0.12007557047895107,0.004414270794580853,,,0.1109849027358631,536767,536767,29,0.3161667135920401,0,True,0.45456832695830385,0.17950279006153458,0,0.31855225563049316,0.12145943939685822,0,"[30, 5]","[256, 128]",[256],6837023,bb5u13c1,356.9,trial_0105_learning_rate=1.0e-03_kernel_sizes=30x5_conv_channels=256x128_fc_dims=256_seed2,02e81db1a1,trial_0105_learning_rate=1.0e-03_kernel_sizes=30x5_conv_channels=256x128_fc_dims=256_seed2
/scratch/sb272/patterns5k_results/slurm_base_cnn_2026-03-03_15-12-57/trial_0106_learning_rate=1.0e-03_kernel_sizes=5x5_conv_channels=128x64_fc_dims=256_seed0,cnn,0.16877836573123933,0.1321561207950537,0.018721876636384024,,,0.13412325699430852,101247,101247,41,0.48667576503850885,0,True,0.45456832695830385,0.28102265125441694,1,0.31855225563049316,0.13295191526412964,0,"[5, 5]","[128, 64]",[256],6837023,bb5u13c1,251.5,trial_0106_learning_rate=1.0e-03_kernel_sizes=5x5_conv_channels=128x64_fc_dims=256_seed0,9f1750d1a1,trial_0106_learning_rate=1.0e-03_kernel_sizes=5x5_conv_channels=128x64_fc_dims=256_seed0
/scratch/sb272/patterns5k_results/slurm_base_cnn_2026-03-03_15-12-57/trial_0106_learning_rate=1.0e-03_kernel_sizes=5x5_conv_channels=128x64_fc_dims=256_seed1,cnn,0.16937885415554046,0.13005209023812503,0.017462324528467087,,,0.13509564931198312,101247,101247,32,0.4724601994034186,0,True,0.45456832695830385,0.27314203036850326,1,0.31855225563049316,0.13129094243049622,0,"[5, 5]","[128, 64]",[256],6837023,bb5u13c1,221.5,trial_0106_learning_rate=1.0e-03_kernel_sizes=5x5_conv_channels=128x64_fc_dims=256_seed1,9f1750d1a1,trial_0106_learning_rate=1.0e-03_kernel_sizes=5x5_conv_channels=128x64_fc_dims=256_seed1
/scratch/sb272/patterns5k_results/slurm_base_cnn_2026-03-03_15-12-57/trial_0106_learning_rate=1.0e-03_kernel_sizes=5x5_conv_channels=128x64_fc_dims=256_seed2,cnn,0.16911492943763734,0.13063847241788842,0.01642354613258725,,,0.1275059041436755,101247,101247,42,0.48166188355208595,0,True,0.45456832695830385,0.2793614151405945,1,0.31855225563049316,0.13170616328716278,0,"[5, 5]","[128, 64]",[256],6837023,bb5u13c1,264.7,trial_0106_learning_rate=1.0e-03_kernel_sizes=5x5_conv_channels=128x64_fc_dims=256_seed2,9f1750d1a1,trial_0106_learning_rate=1.0e-03_kernel_sizes=5x5_conv_channels=128x64_fc_dims=256_seed2
/scratch/sb272/patterns5k_results/slurm_base_cnn_2026-03-03_15-12-57/trial_0107_learning_rate=1.0e-03_kernel_sizes=10x5x3_conv_channels=256x128x64_fc_dims=256_seed0,cnn,0.16991359746456147,0.1178751769294428,0.011692334735204302,,,0.11819956244098623,330111,330111,26,0.3864866254652405,0,True,0.45456832695830385,0.2145915006427566,4,0.31855225563049316,0.11868289858102798,0,"[10, 5, 3]","[256, 128, 64]",[256],6837023,bb5u13c1,302.3,trial_0107_learning_rate=1.0e-03_kernel_sizes=10x5x3_conv_channels=256x128x64_fc_dims=256_seed0,be464b7e68,trial_0107_learning_rate=1.0e-03_kernel_sizes=10x5x3_conv_channels=256x128x64_fc_dims=256_seed0
/scratch/sb272/patterns5k_results/slurm_base_cnn_2026-03-03_15-12-57/trial_0107_learning_rate=1.0e-03_kernel_sizes=10x5x3_conv_channels=256x128x64_fc_dims=256_seed1,cnn,0.16940779638290404,0.11883313687277682,0.01399621982423086,,,0.12053050509295192,330111,330111,22,0.42361126211207956,0,True,0.45456832695830385,0.2367007844981873,2,0.31855225563049316,0.12006387859582901,0,"[10, 5, 3]","[256, 128, 64]",[256],6837023,bb5u13c1,283.0,trial_0107_learning_rate=1.0e-03_kernel_sizes=10x5x3_conv_channels=256x128x64_fc_dims=256_seed1,be464b7e68,trial_0107_learning_rate=1.0e-03_kernel_sizes=10x5x3_conv_channels=256x128x64_fc_dims=256_seed1
/scratch/sb272/patterns5k_results/slurm_base_cnn_2026-03-03_15-12-57/trial_0107_learning_rate=1.0e-03_kernel_sizes=10x5x3_conv_channels=256x128x64_fc_dims=256_seed2,cnn,0.1696339180469513,0.1175102822519328,0.014577743552979968,,,0.1136279722877889,330111,330111,25,0.38759897759201445,0,True,0.45456832695830385,0.21365464171111612,4,0.31855225563049316,0.11841005831956863,0,"[10, 5, 3]","[256, 128, 64]",[256],6837023,bb5u13c1,297.7,trial_0107_learning_rate=1.0e-03_kernel_sizes=10x5x3_conv_channels=256x128x64_fc_dims=256_seed2,be464b7e68,trial_0107_learning_rate=1.0e-03_kernel_sizes=10x5x3_conv_channels=256x128x64_fc_dims=256_seed2
/scratch/sb272/patterns5k_results/slurm_base_cnn_2026-03-03_15-12-57/trial_0108_learning_rate=5.0e-03_kernel_sizes=3_conv_channels=128_fc_dims=256_seed0,cnn,0.16918823087215423,0.13015139921891333,0.020343017956567188,,,0.1312168048245091,65727,65727,25,0.47599609257747116,0,True,0.45456832695830385,0.28151655920317975,1,0.31855225563049316,0.13136978447437286,0,[3],[128],[256],6837023,bb5u13c1,205.4,trial_0108_learning_rate=5.0e-03_kernel_sizes=3_conv_channels=128_fc_dims=256_seed0,b18490e793,trial_0108_learning_rate=5.0e-03_kernel_sizes=3_conv_channels=128_fc_dims=256_seed0
/scratch/sb272/patterns5k_results/slurm_base_cnn_2026-03-03_15-12-57/trial_0108_learning_rate=5.0e-03_kernel_sizes=3_conv_channels=128_fc_dims=256_seed1,cnn,0.16966945946216583,0.12857910497923392,0.017165505696856785,,,0.13341791335028397,65727,65727,30,0.4704618839036866,0,True,0.45456832695830385,0.28064602071753914,1,0.31855225563049316,0.12968312203884125,0,[3],[128],[256],6837023,bb5u13c1,214.1,trial_0108_learning_rate=5.0e-03_kernel_sizes=3_conv_channels=128_fc_dims=256_seed1,b18490e793,trial_0108_learning_rate=5.0e-03_kernel_sizes=3_conv_channels=128_fc_dims=256_seed1
/scratch/sb272/patterns5k_results/slurm_base_cnn_2026-03-03_15-12-57/trial_0108_learning_rate=5.0e-03_kernel_sizes=3_conv_channels=128_fc_dims=256_seed2,cnn,0.16895243668556215,0.13131019729805243,0.02082699348056127,,,0.12786568347249974,65727,65727,29,0.490617413407584,0,True,0.45456832695830385,0.2890166519155131,2,0.31855225563049316,0.13275255262851715,0,[3],[128],[256],6837023,bb5u13c1,217.7,trial_0108_learning_rate=5.0e-03_kernel_sizes=3_conv_channels=128_fc_dims=256_seed2,b18490e793,trial_0108_learning_rate=5.0e-03_kernel_sizes=3_conv_channels=128_fc_dims=256_seed2
/scratch/sb272/patterns5k_results/slurm_base_cnn_2026-03-03_15-12-57/trial_0109_learning_rate=5.0e-03_kernel_sizes=5_conv_channels=128_fc_dims=256_seed0,cnn,0.168880087018013,0.13215217555320094,0.020727239903949556,,,0.13457649741039518,76479,76479,22,0.4621369909978335,0,True,0.45456832695830385,0.2732667657836583,1,0.31855225563049316,0.13327276706695557,0,[5],[128],[256],6837023,bb5u13c1,213.1,trial_0109_learning_rate=5.0e-03_kernel_sizes=5_conv_channels=128_fc_dims=256_seed0,3031fcbc48,trial_0109_learning_rate=5.0e-03_kernel_sizes=5_conv_channels=128_fc_dims=256_seed0
/scratch/sb272/patterns5k_results/slurm_base_cnn_2026-03-03_15-12-57/trial_0109_learning_rate=5.0e-03_kernel_sizes=5_conv_channels=128_fc_dims=256_seed1,cnn,0.16875713384151458,0.13191922379980378,0.02113778345168583,,,0.13578954714094868,76479,76479,27,0.49688196161150594,0,True,0.45456832695830385,0.28980703292036236,1,0.31855225563049316,0.13353286683559418,0,[5],[128],[256],6837023,bb5u13c1,229.6,trial_0109_learning_rate=5.0e-03_kernel_sizes=5_conv_channels=128_fc_dims=256_seed1,3031fcbc48,trial_0109_learning_rate=5.0e-03_kernel_sizes=5_conv_channels=128_fc_dims=256_seed1
/scratch/sb272/patterns5k_results/slurm_base_cnn_2026-03-03_15-12-57/trial_0109_learning_rate=5.0e-03_kernel_sizes=5_conv_channels=128_fc_dims=256_seed2,cnn,0.16904157292842864,0.13195538180079458,0.020156167802356538,,,0.13018796583814976,76479,76479,28,0.4794496296017065,0,True,0.45456832695830385,0.28347120202994563,1,0.31855225563049316,0.13358822464942932,0,[5],[128],[256],6837023,bb5u13c1,224.4,trial_0109_learning_rate=5.0e-03_kernel_sizes=5_conv_channels=128_fc_dims=256_seed2,3031fcbc48,trial_0109_learning_rate=5.0e-03_kernel_sizes=5_conv_channels=128_fc_dims=256_seed2
/scratch/sb272/patterns5k_results/slurm_base_cnn_2026-03-03_15-12-57/trial_0110_learning_rate=5.0e-03_kernel_sizes=10_conv_channels=128_fc_dims=256_seed0,cnn,0.16915340423583985,0.12751213910235376,0.01884316641186911,,,0.1296142397854278,103359,103359,24,0.4601599044051569,0,True,0.45456832695830385,0.26545575105923036,2,0.31855225563049316,0.12816964089870453,0,[10],[128],[256],6837023,bb5u13c1,221.3,trial_0110_learning_rate=5.0e-03_kernel_sizes=10_conv_channels=128_fc_dims=256_seed0,357f4d8f72,trial_0110_learning_rate=5.0e-03_kernel_sizes=10_conv_channels=128_fc_dims=256_seed0
/scratch/sb272/patterns5k_results/slurm_base_cnn_2026-03-03_15-12-57/trial_0110_learning_rate=5.0e-03_kernel_sizes=10_conv_channels=128_fc_dims=256_seed1,cnn,0.1692620418071747,0.1259660981609577,0.017145618559822204,,,0.13172572812558206,103359,103359,25,0.4541308684692247,0,True,0.45456832695830385,0.26244380718775456,1,0.31855225563049316,0.12664419412612915,0,[10],[128],[256],6837023,bb5u13c1,224.6,trial_0110_learning_rate=5.0e-03_kernel_sizes=10_conv_channels=128_fc_dims=256_seed1,357f4d8f72,trial_0110_learning_rate=5.0e-03_kernel_sizes=10_conv_channels=128_fc_dims=256_seed1
/scratch/sb272/patterns5k_results/slurm_base_cnn_2026-03-03_15-12-57/trial_0110_learning_rate=5.0e-03_kernel_sizes=10_conv_channels=128_fc_dims=256_seed2,cnn,0.1700901356935501,0.12587696576428486,0.012870590838174972,,,0.12400685556525495,103359,103359,30,0.46113247478554137,0,True,0.45456832695830385,0.26877822318306943,1,0.31855225563049316,0.1266425997018814,0,[10],[128],[256],6837023,bb5u13c1,223.3,trial_0110_learning_rate=5.0e-03_kernel_sizes=10_conv_channels=128_fc_dims=256_seed2,357f4d8f72,trial_0110_learning_rate=5.0e-03_kernel_sizes=10_conv_channels=128_fc_dims=256_seed2
/scratch/sb272/patterns5k_results/slurm_base_cnn_2026-03-03_15-12-57/trial_0111_learning_rate=5.0e-03_kernel_sizes=30_conv_channels=256_fc_dims=256_seed0,cnn,0.17197626960277557,0.11913422891047905,0.01312072787966047,,,0.11928839066761804,405311,405311,24,0.382378916048826,0,True,0.45456832695830385,0.22165757285184928,0,0.31855225563049316,0.12142518907785416,0,[30],[256],[256],6837023,bb5u13c1,297.0,trial_0111_learning_rate=5.0e-03_kernel_sizes=30_conv_channels=256_fc_dims=256_seed0,ce025a5acd,trial_0111_learning_rate=5.0e-03_kernel_sizes=30_conv_channels=256_fc_dims=256_seed0
/scratch/sb272/patterns5k_results/slurm_base_cnn_2026-03-03_15-12-57/trial_0111_learning_rate=5.0e-03_kernel_sizes=30_conv_channels=256_fc_dims=256_seed1,cnn,0.1721443885564804,0.12223809472847606,0.009361157341608925,,,0.12099594173958499,405311,405311,23,0.3850370405253148,0,True,0.45456832695830385,0.21830473909542164,0,0.31855225563049316,0.12365474551916122,0,[30],[256],[256],6837023,bb5u13c1,301.6,trial_0111_learning_rate=5.0e-03_kernel_sizes=30_conv_channels=256_fc_dims=256_seed1,ce025a5acd,trial_0111_learning_rate=5.0e-03_kernel_sizes=30_conv_channels=256_fc_dims=256_seed1
/scratch/sb272/patterns5k_results/slurm_base_cnn_2026-03-03_15-12-57/trial_0111_learning_rate=5.0e-03_kernel_sizes=30_conv_channels=256_fc_dims=256_seed2,cnn,0.17102112638950348,0.12436875351311776,0.013519502821422759,,,0.11532479181581375,405311,405311,23,0.38832032689101814,0,True,0.45456832695830385,0.22533964527462957,0,0.31855225563049316,0.12604519724845886,0,[30],[256],[256],6837023,bb5u13c1,301.1,trial_0111_learning_rate=5.0e-03_kernel_sizes=30_conv_channels=256_fc_dims=256_seed2,ce025a5acd,trial_0111_learning_rate=5.0e-03_kernel_sizes=30_conv_channels=256_fc_dims=256_seed2
/scratch/sb272/patterns5k_results/slurm_base_cnn_2026-03-03_15-12-57/trial_0112_learning_rate=5.0e-03_kernel_sizes=60_conv_channels=256_fc_dims=256_seed0,cnn,0.17298768353462218,0.12395093223148244,0.013868028209322975,,,0.11495609319509685,727871,727871,22,0.30487602261660274,0,True,0.45456832695830385,0.1759816638517197,0,0.31855225563049316,0.12607981264591217,0,[60],[256],[256],6837023,bb5u13c1,370.7,trial_0112_learning_rate=5.0e-03_kernel_sizes=60_conv_channels=256_fc_dims=256_seed0,ac8aaf9739,trial_0112_learning_rate=5.0e-03_kernel_sizes=60_conv_channels=256_fc_dims=256_seed0
/scratch/sb272/patterns5k_results/slurm_base_cnn_2026-03-03_15-12-57/trial_0112_learning_rate=5.0e-03_kernel_sizes=60_conv_channels=256_fc_dims=256_seed1,cnn,0.17235918176174164,0.11663940899211668,0.011015765250675262,,,0.11637342577731224,727871,727871,19,0.30001520082036853,0,True,0.45456832695830385,0.16847615881273967,0,0.31855225563049316,0.11798597872257233,0,[60],[256],[256],6837023,bb5u13c1,314.1,trial_0112_learning_rate=5.0e-03_kernel_sizes=60_conv_channels=256_fc_dims=256_seed1,ac8aaf9739,trial_0112_learning_rate=5.0e-03_kernel_sizes=60_conv_channels=256_fc_dims=256_seed1
/scratch/sb272/patterns5k_results/slurm_base_cnn_2026-03-03_15-12-57/trial_0112_learning_rate=5.0e-03_kernel_sizes=60_conv_channels=256_fc_dims=256_seed2,cnn,0.1717033373117447,0.1168887942281526,0.013488019269610208,,,0.10959726200313902,727871,727871,19,0.2971555022549332,0,True,0.45456832695830385,0.167713036395082,2,0.31855225563049316,0.11870604008436203,0,[60],[256],[256],6837023,bb5u13c1,347.6,trial_0112_learning_rate=5.0e-03_kernel_sizes=60_conv_channels=256_fc_dims=256_seed2,ac8aaf9739,trial_0112_learning_rate=5.0e-03_kernel_sizes=60_conv_channels=256_fc_dims=256_seed2
/scratch/sb272/patterns5k_results/slurm_base_cnn_2026-03-03_15-12-57/trial_0113_learning_rate=5.0e-03_kernel_sizes=10x3_conv_channels=256x128_fc_dims=256_seed0,cnn,0.17056267440319062,0.1271030855088623,0.014624375199514723,,,0.13048765382734806,256191,256191,20,0.44757893788024866,0,True,0.45456832695830385,0.2572308572073048,1,0.31855225563049316,0.1278792768716812,0,"[10, 3]","[256, 128]",[256],6837023,bb5u13c1,264.3,trial_0113_learning_rate=5.0e-03_kernel_sizes=10x3_conv_channels=256x128_fc_dims=256_seed0,ac663a96f7,trial_0113_learning_rate=5.0e-03_kernel_sizes=10x3_conv_channels=256x128_fc_dims=256_seed0
/scratch/sb272/patterns5k_results/slurm_base_cnn_2026-03-03_15-12-57/trial_0113_learning_rate=5.0e-03_kernel_sizes=10x3_conv_channels=256x128_fc_dims=256_seed1,cnn,0.16980923116207122,0.12848201664137598,0.015877288485330248,,,0.132975821168482,256191,256191,20,0.47474235694866773,0,True,0.45456832695830385,0.2732978269469831,1,0.31855225563049316,0.1294739991426468,0,"[10, 3]","[256, 128]",[256],6837023,bb5u13c1,263.3,trial_0113_learning_rate=5.0e-03_kernel_sizes=10x3_conv_channels=256x128_fc_dims=256_seed1,ac663a96f7,trial_0113_learning_rate=5.0e-03_kernel_sizes=10x3_conv_channels=256x128_fc_dims=256_seed1
/scratch/sb272/patterns5k_results/slurm_base_cnn_2026-03-03_15-12-57/trial_0113_learning_rate=5.0e-03_kernel_sizes=10x3_conv_channels=256x128_fc_dims=256_seed2,cnn,0.16917356050014495,0.12879604435673989,0.019121358318934367,,,0.12638757821813762,256191,256191,20,0.4439319072949648,0,True,0.45456832695830385,0.2599409585472217,0,0.31855225563049316,0.12953491508960724,0,"[10, 3]","[256, 128]",[256],6837023,bb5u13c1,258.0,trial_0113_learning_rate=5.0e-03_kernel_sizes=10x3_conv_channels=256x128_fc_dims=256_seed2,ac663a96f7,trial_0113_learning_rate=5.0e-03_kernel_sizes=10x3_conv_channels=256x128_fc_dims=256_seed2
/scratch/sb272/patterns5k_results/slurm_base_cnn_2026-03-03_15-12-57/trial_0114_learning_rate=5.0e-03_kernel_sizes=30x5_conv_channels=256x128_fc_dims=256_seed0,cnn,0.1713818817138672,0.11411026927031621,0.012459151328556121,,,0.11601950129897923,536767,536767,17,0.2696210235060796,0,True,0.45456832695830385,0.15270685490654087,0,0.31855225563049316,0.11493492126464844,0,"[30, 5]","[256, 128]",[256],6837023,bb5u13c1,270.2,trial_0114_learning_rate=5.0e-03_kernel_sizes=30x5_conv_channels=256x128_fc_dims=256_seed0,a767d620b7,trial_0114_learning_rate=5.0e-03_kernel_sizes=30x5_conv_channels=256x128_fc_dims=256_seed0
/scratch/sb272/patterns5k_results/slurm_base_cnn_2026-03-03_15-12-57/trial_0114_learning_rate=5.0e-03_kernel_sizes=30x5_conv_channels=256x128_fc_dims=256_seed1,cnn,0.1729690102338791,0.11401107792629023,0.004232954411279587,,,0.12119595731072659,536767,536767,19,0.3055433838790499,0,True,0.45456832695830385,0.17652062851233222,0,0.31855225563049316,0.11527349799871445,0,"[30, 5]","[256, 128]",[256],6837023,bb5u13c1,291.1,trial_0114_learning_rate=5.0e-03_kernel_sizes=30x5_conv_channels=256x128_fc_dims=256_seed1,a767d620b7,trial_0114_learning_rate=5.0e-03_kernel_sizes=30x5_conv_channels=256x128_fc_dims=256_seed1
/scratch/sb272/patterns5k_results/slurm_base_cnn_2026-03-03_15-12-57/trial_0114_learning_rate=5.0e-03_kernel_sizes=30x5_conv_channels=256x128_fc_dims=256_seed2,cnn,0.1708690412044525,0.11416428945221802,0.011755933837285118,,,0.10983982190852179,536767,536767,17,0.29796006436631545,0,True,0.45456832695830385,0.17045803583470173,1,0.31855225563049316,0.1152697205543518,0,"[30, 5]","[256, 128]",[256],6837023,bb5u13c1,286.3,trial_0114_learning_rate=5.0e-03_kernel_sizes=30x5_conv_channels=256x128_fc_dims=256_seed2,a767d620b7,trial_0114_learning_rate=5.0e-03_kernel_sizes=30x5_conv_channels=256x128_fc_dims=256_seed2
/scratch/sb272/patterns5k_results/slurm_base_cnn_2026-03-03_15-12-57/trial_0115_learning_rate=5.0e-03_kernel_sizes=5x5_conv_channels=128x64_fc_dims=256_seed0,cnn,0.16881919741630555,0.13034913611182047,0.01985966402386862,,,0.13401795342657036,101247,101247,25,0.48783134355828783,0,True,0.45456832695830385,0.2823691275710528,1,0.31855225563049316,0.13135631382465363,0,"[5, 5]","[128, 64]",[256],6837023,bb5u13c1,244.8,trial_0115_learning_rate=5.0e-03_kernel_sizes=5x5_conv_channels=128x64_fc_dims=256_seed0,0f155b70e6,trial_0115_learning_rate=5.0e-03_kernel_sizes=5x5_conv_channels=128x64_fc_dims=256_seed0
/scratch/sb272/patterns5k_results/slurm_base_cnn_2026-03-03_15-12-57/trial_0115_learning_rate=5.0e-03_kernel_sizes=5x5_conv_channels=128x64_fc_dims=256_seed1,cnn,0.1695897411108017,0.13077939136850297,0.017943138167971655,,,0.13625750006051582,101247,101247,25,0.48734676342562705,0,True,0.45456832695830385,0.2831673383369429,1,0.31855225563049316,0.13222526013851166,0,"[5, 5]","[128, 64]",[256],6837023,bb5u13c1,245.6,trial_0115_learning_rate=5.0e-03_kernel_sizes=5x5_conv_channels=128x64_fc_dims=256_seed1,0f155b70e6,trial_0115_learning_rate=5.0e-03_kernel_sizes=5x5_conv_channels=128x64_fc_dims=256_seed1
/scratch/sb272/patterns5k_results/slurm_base_cnn_2026-03-03_15-12-57/trial_0115_learning_rate=5.0e-03_kernel_sizes=5x5_conv_channels=128x64_fc_dims=256_seed2,cnn,0.16838900876045226,0.13268217769390353,0.020501452779013014,,,0.12831778319346998,101247,101247,23,0.49599968738700917,0,True,0.45456832695830385,0.28484911233101434,1,0.31855225563049316,0.13404682278633118,0,"[5, 5]","[128, 64]",[256],6837023,bb5u13c1,232.5,trial_0115_learning_rate=5.0e-03_kernel_sizes=5x5_conv_channels=128x64_fc_dims=256_seed2,0f155b70e6,trial_0115_learning_rate=5.0e-03_kernel_sizes=5x5_conv_channels=128x64_fc_dims=256_seed2
/scratch/sb272/patterns5k_results/slurm_base_cnn_2026-03-03_15-12-57/trial_0116_learning_rate=5.0e-03_kernel_sizes=10x5x3_conv_channels=256x128x64_fc_dims=256_seed0,cnn,0.16903482031822203,0.126259237770632,0.01700679271940201,,,0.12313493361887168,330111,330111,22,0.4174542368703226,0,True,0.45456832695830385,0.23236824435120856,3,0.31855225563049316,0.12743820250034332,0,"[10, 5, 3]","[256, 128, 64]",[256],6837023,bb5u13c1,263.5,trial_0116_learning_rate=5.0e-03_kernel_sizes=10x5x3_conv_channels=256x128x64_fc_dims=256_seed0,7eb211b395,trial_0116_learning_rate=5.0e-03_kernel_sizes=10x5x3_conv_channels=256x128x64_fc_dims=256_seed0
/scratch/sb272/patterns5k_results/slurm_base_cnn_2026-03-03_15-12-57/trial_0116_learning_rate=5.0e-03_kernel_sizes=10x5x3_conv_channels=256x128x64_fc_dims=256_seed1,cnn,0.16920238947868346,0.12399444295993424,0.015996481691087996,,,0.12489153819471786,330111,330111,23,0.43424151346984674,0,True,0.45456832695830385,0.24280669795279777,2,0.31855225563049316,0.12503233551979065,0,"[10, 5, 3]","[256, 128, 64]",[256],6837023,bb5u13c1,284.5,trial_0116_learning_rate=5.0e-03_kernel_sizes=10x5x3_conv_channels=256x128x64_fc_dims=256_seed1,7eb211b395,trial_0116_learning_rate=5.0e-03_kernel_sizes=10x5x3_conv_channels=256x128x64_fc_dims=256_seed1
/scratch/sb272/patterns5k_results/slurm_base_cnn_2026-03-03_15-12-57/trial_0116_learning_rate=5.0e-03_kernel_sizes=10x5x3_conv_channels=256x128x64_fc_dims=256_seed2,cnn,0.16879657757282257,0.12271882957421007,0.01714221920285906,,,0.12055628496282547,330111,330111,21,0.3821398541900435,0,True,0.45456832695830385,0.21467680707734824,1,0.31855225563049316,0.12342709302902222,0,"[10, 5, 3]","[256, 128, 64]",[256],6837024,bb5u18c1,268.1,trial_0116_learning_rate=5.0e-03_kernel_sizes=10x5x3_conv_channels=256x128x64_fc_dims=256_seed2,7eb211b395,trial_0116_learning_rate=5.0e-03_kernel_sizes=10x5x3_conv_channels=256x128x64_fc_dims=256_seed2
/scratch/sb272/patterns5k_results/slurm_base_cnn_2026-03-03_15-12-57/trial_0117_learning_rate=5.0e-03_kernel_sizes=3_conv_channels=128_fc_dims=256_seed0,cnn,0.16911955177783966,0.13198059191800202,0.020492147831689744,,,0.13365888281670435,65727,65727,28,0.5005652981216178,0,True,0.45456832695830385,0.294045852135358,1,0.31855225563049316,0.13327930867671967,0,[3],[128],[256],6837024,bb5u18c1,215.8,trial_0117_learning_rate=5.0e-03_kernel_sizes=3_conv_channels=128_fc_dims=256_seed0,b896b0d5be,trial_0117_learning_rate=5.0e-03_kernel_sizes=3_conv_channels=128_fc_dims=256_seed0
/scratch/sb272/patterns5k_results/slurm_base_cnn_2026-03-03_15-12-57/trial_0117_learning_rate=5.0e-03_kernel_sizes=3_conv_channels=128_fc_dims=256_seed1,cnn,0.16934827661514282,0.12595339233343156,0.018945230378044978,,,0.13349403858254824,65727,65727,23,0.45620745679835634,0,True,0.45456832695830385,0.2689318476191939,1,0.31855225563049316,0.12759153544902802,0,[3],[128],[256],6837024,bb5u18c1,206.9,trial_0117_learning_rate=5.0e-03_kernel_sizes=3_conv_channels=128_fc_dims=256_seed1,b896b0d5be,trial_0117_learning_rate=5.0e-03_kernel_sizes=3_conv_channels=128_fc_dims=256_seed1
/scratch/sb272/patterns5k_results/slurm_base_cnn_2026-03-03_15-12-57/trial_0117_learning_rate=5.0e-03_kernel_sizes=3_conv_channels=128_fc_dims=256_seed2,cnn,0.16894349241256715,0.1324110342301419,0.020579466744074747,,,0.12650927726020003,65727,65727,31,0.49480846649044774,0,True,0.45456832695830385,0.2903467291235398,1,0.31855225563049316,0.13399095833301544,0,[3],[128],[256],6837024,bb5u18c1,224.1,trial_0117_learning_rate=5.0e-03_kernel_sizes=3_conv_channels=128_fc_dims=256_seed2,b896b0d5be,trial_0117_learning_rate=5.0e-03_kernel_sizes=3_conv_channels=128_fc_dims=256_seed2
/scratch/sb272/patterns5k_results/slurm_base_cnn_2026-03-03_15-12-57/trial_0118_learning_rate=5.0e-03_kernel_sizes=5_conv_channels=128_fc_dims=256_seed0,cnn,0.1693425279855728,0.13057772979048182,0.018992008670927988,,,0.13392806233334317,76479,76479,32,0.49152210911893074,0,True,0.45456832695830385,0.28841979196342044,1,0.31855225563049316,0.13182035088539124,0,[5],[128],[256],6837024,bb5u18c1,227.2,trial_0118_learning_rate=5.0e-03_kernel_sizes=5_conv_channels=128_fc_dims=256_seed0,62d2c8b9df,trial_0118_learning_rate=5.0e-03_kernel_sizes=5_conv_channels=128_fc_dims=256_seed0
/scratch/sb272/patterns5k_results/slurm_base_cnn_2026-03-03_15-12-57/trial_0118_learning_rate=5.0e-03_kernel_sizes=5_conv_channels=128_fc_dims=256_seed1,cnn,0.16911342418193817,0.12711436964973447,0.02047929120442224,,,0.13459415340946393,76479,76479,22,0.481796486010878,0,True,0.45456832695830385,0.28208041758525493,1,0.31855225563049316,0.12831942737102509,0,[5],[128],[256],6837024,bb5u18c1,182.8,trial_0118_learning_rate=5.0e-03_kernel_sizes=5_conv_channels=128_fc_dims=256_seed1,62d2c8b9df,trial_0118_learning_rate=5.0e-03_kernel_sizes=5_conv_channels=128_fc_dims=256_seed1
/scratch/sb272/patterns5k_results/slurm_base_cnn_2026-03-03_15-12-57/trial_0118_learning_rate=5.0e-03_kernel_sizes=5_conv_channels=128_fc_dims=256_seed2,cnn,0.16894283747673033,0.1308708489725466,0.020026116144089473,,,0.12937757061811866,76479,76479,29,0.4699020427930534,0,True,0.45456832695830385,0.2799163180937007,1,0.31855225563049316,0.13223206996917725,0,[5],[128],[256],6837024,bb5u18c1,208.5,trial_0118_learning_rate=5.0e-03_kernel_sizes=5_conv_channels=128_fc_dims=256_seed2,62d2c8b9df,trial_0118_learning_rate=5.0e-03_kernel_sizes=5_conv_channels=128_fc_dims=256_seed2
/scratch/sb272/patterns5k_results/slurm_base_cnn_2026-03-03_15-12-57/trial_0119_learning_rate=5.0e-03_kernel_sizes=10_conv_channels=128_fc_dims=256_seed0,cnn,0.16966802191734315,0.12676616024734952,0.01611458687555222,,,0.1281380637944157,103359,103359,25,0.44817467221216334,0,True,0.45456832695830385,0.26319831671281685,0,0.31855225563049316,0.12782008945941925,0,[10],[128],[256],6837024,bb5u18c1,205.9,trial_0119_learning_rate=5.0e-03_kernel_sizes=10_conv_channels=128_fc_dims=256_seed0,7a440b0132,trial_0119_learning_rate=5.0e-03_kernel_sizes=10_conv_channels=128_fc_dims=256_seed0
/scratch/sb272/patterns5k_results/slurm_base_cnn_2026-03-03_15-12-57/trial_0119_learning_rate=5.0e-03_kernel_sizes=10_conv_channels=128_fc_dims=256_seed1,cnn,0.16882252740859985,0.12983532742056814,0.019443346394432917,,,0.13046737118713964,103359,103359,24,0.4882088122870372,0,True,0.45456832695830385,0.28044382259014317,1,0.31855225563049316,0.1306917518377304,0,[10],[128],[256],6837024,bb5u18c1,208.3,trial_0119_learning_rate=5.0e-03_kernel_sizes=10_conv_channels=128_fc_dims=256_seed1,7a440b0132,trial_0119_learning_rate=5.0e-03_kernel_sizes=10_conv_channels=128_fc_dims=256_seed1
/scratch/sb272/patterns5k_results/slurm_base_cnn_2026-03-03_15-12-57/trial_0119_learning_rate=5.0e-03_kernel_sizes=10_conv_channels=128_fc_dims=256_seed2,cnn,0.16960532522201538,0.12454079631328718,0.01602197355694241,,,0.12474531443225549,103359,103359,27,0.46393266081993084,0,True,0.45456832695830385,0.26877399129906976,1,0.31855225563049316,0.12578725814819336,0,[10],[128],[256],6837024,bb5u18c1,220.7,trial_0119_learning_rate=5.0e-03_kernel_sizes=10_conv_channels=128_fc_dims=256_seed2,7a440b0132,trial_0119_learning_rate=5.0e-03_kernel_sizes=10_conv_channels=128_fc_dims=256_seed2
/scratch/sb272/patterns5k_results/slurm_base_cnn_2026-03-03_15-12-57/trial_0120_learning_rate=5.0e-03_kernel_sizes=30_conv_channels=256_fc_dims=256_seed0,cnn,0.17186928176879882,0.12155997106243267,0.012387450725313217,,,0.11969384936716367,405311,405311,23,0.35006622783757535,0,True,0.45456832695830385,0.20178632950994552,0,0.31855225563049316,0.12290150672197342,0,[30],[256],[256],6837024,bb5u18c1,282.8,trial_0120_learning_rate=5.0e-03_kernel_sizes=30_conv_channels=256_fc_dims=256_seed0,5f11b697bc,trial_0120_learning_rate=5.0e-03_kernel_sizes=30_conv_channels=256_fc_dims=256_seed0
/scratch/sb272/patterns5k_results/slurm_base_cnn_2026-03-03_15-12-57/trial_0120_learning_rate=5.0e-03_kernel_sizes=30_conv_channels=256_fc_dims=256_seed1,cnn,0.17051013207435609,0.11885051069811658,0.014043537397233267,,,0.12104630338805236,405311,405311,19,0.36546233043808396,0,True,0.45456832695830385,0.20712242129447123,1,0.31855225563049316,0.1210523396730423,0,[30],[256],[256],6837024,bb5u18c1,255.8,trial_0120_learning_rate=5.0e-03_kernel_sizes=30_conv_channels=256_fc_dims=256_seed1,5f11b697bc,trial_0120_learning_rate=5.0e-03_kernel_sizes=30_conv_channels=256_fc_dims=256_seed1
/scratch/sb272/patterns5k_results/slurm_base_cnn_2026-03-03_15-12-57/trial_0120_learning_rate=5.0e-03_kernel_sizes=30_conv_channels=256_fc_dims=256_seed2,cnn,0.1710200673341751,0.12295201132473998,0.015332713013603574,,,0.11646433995658062,405311,405311,21,0.3701618634068915,0,True,0.45456832695830385,0.21215503707157982,0,0.31855225563049316,0.12460867315530777,0,[30],[256],[256],6837024,bb5u18c1,244.6,trial_0120_learning_rate=5.0e-03_kernel_sizes=30_conv_channels=256_fc_dims=256_seed2,5f11b697bc,trial_0120_learning_rate=5.0e-03_kernel_sizes=30_conv_channels=256_fc_dims=256_seed2
/scratch/sb272/patterns5k_results/slurm_base_cnn_2026-03-03_15-12-57/trial_0121_learning_rate=5.0e-03_kernel_sizes=60_conv_channels=256_fc_dims=256_seed0,cnn,0.1739035745859146,0.12414603550784932,0.012883908218807645,,,0.11428213441694399,727871,727871,24,0.329821566838541,0,True,0.45456832695830385,0.18901262444651107,1,0.31855225563049316,0.1263238936662674,0,[60],[256],[256],6837024,bb5u18c1,356.0,trial_0121_learning_rate=5.0e-03_kernel_sizes=60_conv_channels=256_fc_dims=256_seed0,9d21f98432,trial_0121_learning_rate=5.0e-03_kernel_sizes=60_conv_channels=256_fc_dims=256_seed0
/scratch/sb272/patterns5k_results/slurm_base_cnn_2026-03-03_15-12-57/trial_0121_learning_rate=5.0e-03_kernel_sizes=60_conv_channels=256_fc_dims=256_seed1,cnn,0.17400076842308043,0.12020836630171851,0.01230935634128631,,,0.11455733123201182,727871,727871,23,0.3015647810337411,0,True,0.45456832695830385,0.17349147982198942,0,0.31855225563049316,0.12250573933124542,0,[60],[256],[256],6837024,bb5u18c1,376.3,trial_0121_learning_rate=5.0e-03_kernel_sizes=60_conv_channels=256_fc_dims=256_seed1,9d21f98432,trial_0121_learning_rate=5.0e-03_kernel_sizes=60_conv_channels=256_fc_dims=256_seed1
/scratch/sb272/patterns5k_results/slurm_base_cnn_2026-03-03_15-12-57/trial_0121_learning_rate=5.0e-03_kernel_sizes=60_conv_channels=256_fc_dims=256_seed2,cnn,0.17650381982326507,0.11847485725346901,0.011756879942757743,,,0.11067267605747103,727871,727871,23,0.2669251026617388,0,True,0.45456832695830385,0.15265037583645633,1,0.31855225563049316,0.12054531276226044,0,[60],[256],[256],6837024,bb5u18c1,371.3,trial_0121_learning_rate=5.0e-03_kernel_sizes=60_conv_channels=256_fc_dims=256_seed2,9d21f98432,trial_0121_learning_rate=5.0e-03_kernel_sizes=60_conv_channels=256_fc_dims=256_seed2
/scratch/sb272/patterns5k_results/slurm_base_cnn_2026-03-03_15-12-57/trial_0122_learning_rate=5.0e-03_kernel_sizes=10x3_conv_channels=256x128_fc_dims=256_seed0,cnn,0.1697535001039505,0.12320807425165005,0.015891756330217634,,,0.12712600022008216,256191,256191,20,0.4429973213594509,0,True,0.45456832695830385,0.25831048402564766,2,0.31855225563049316,0.12392502278089523,0,"[10, 3]","[256, 128]",[256],6837024,bb5u18c1,232.9,trial_0122_learning_rate=5.0e-03_kernel_sizes=10x3_conv_channels=256x128_fc_dims=256_seed0,e0743e6076,trial_0122_learning_rate=5.0e-03_kernel_sizes=10x3_conv_channels=256x128_fc_dims=256_seed0
/scratch/sb272/patterns5k_results/slurm_base_cnn_2026-03-03_15-12-57/trial_0122_learning_rate=5.0e-03_kernel_sizes=10x3_conv_channels=256x128_fc_dims=256_seed1,cnn,0.16959330785274507,0.12476968967000698,0.018152770541963122,,,0.1331624502415269,256191,256191,18,0.4341023985360424,0,True,0.45456832695830385,0.2558409717686886,1,0.31855225563049316,0.1254759579896927,0,"[10, 3]","[256, 128]",[256],6837024,bb5u18c1,209.7,trial_0122_learning_rate=5.0e-03_kernel_sizes=10x3_conv_channels=256x128_fc_dims=256_seed1,e0743e6076,trial_0122_learning_rate=5.0e-03_kernel_sizes=10x3_conv_channels=256x128_fc_dims=256_seed1
/scratch/sb272/patterns5k_results/slurm_base_cnn_2026-03-03_15-12-57/trial_0122_learning_rate=5.0e-03_kernel_sizes=10x3_conv_channels=256x128_fc_dims=256_seed2,cnn,0.1688696210384369,0.1295134528564043,0.018480883704291448,,,0.12695333678845686,256191,256191,19,0.4455088547519395,0,True,0.45456832695830385,0.2602336791283091,0,0.31855225563049316,0.12955598533153534,0,"[10, 3]","[256, 128]",[256],6837024,bb5u18c1,226.5,trial_0122_learning_rate=5.0e-03_kernel_sizes=10x3_conv_channels=256x128_fc_dims=256_seed2,e0743e6076,trial_0122_learning_rate=5.0e-03_kernel_sizes=10x3_conv_channels=256x128_fc_dims=256_seed2
/scratch/sb272/patterns5k_results/slurm_base_cnn_2026-03-03_15-12-57/trial_0123_learning_rate=5.0e-03_kernel_sizes=30x5_conv_channels=256x128_fc_dims=256_seed0,cnn,0.17398692858219147,0.12273692548711129,0.013046954359327043,,,0.11745371315188814,536767,536767,24,0.2939948413807272,0,True,0.45456832695830385,0.16888359264193548,0,0.31855225563049316,0.12399668991565704,0,"[30, 5]","[256, 128]",[256],6837024,bb5u18c1,326.5,trial_0123_learning_rate=5.0e-03_kernel_sizes=30x5_conv_channels=256x128_fc_dims=256_seed0,6930ecb1da,trial_0123_learning_rate=5.0e-03_kernel_sizes=30x5_conv_channels=256x128_fc_dims=256_seed0
/scratch/sb272/patterns5k_results/slurm_base_cnn_2026-03-03_15-12-57/trial_0123_learning_rate=5.0e-03_kernel_sizes=30x5_conv_channels=256x128_fc_dims=256_seed1,cnn,0.17190967524051667,0.11612132359129845,0.0068576279140654065,,,0.11853539052770103,536767,536767,19,0.34437115751769537,0,True,0.45456832695830385,0.19584116127628323,1,0.31855225563049316,0.11744682490825653,0,"[30, 5]","[256, 128]",[256],6837024,bb5u18c1,290.9,trial_0123_learning_rate=5.0e-03_kernel_sizes=30x5_conv_channels=256x128_fc_dims=256_seed1,6930ecb1da,trial_0123_learning_rate=5.0e-03_kernel_sizes=30x5_conv_channels=256x128_fc_dims=256_seed1
/scratch/sb272/patterns5k_results/slurm_base_cnn_2026-03-03_15-12-57/trial_0123_learning_rate=5.0e-03_kernel_sizes=30x5_conv_channels=256x128_fc_dims=256_seed2,cnn,0.17305796027183531,0.12049440690589053,0.004923583969237312,,,0.11344372434493666,536767,536767,21,0.316705659605604,0,True,0.45456832695830385,0.17861566329148582,0,0.31855225563049316,0.12190507352352142,0,"[30, 5]","[256, 128]",[256],6837024,bb5u18c1,305.1,trial_0123_learning_rate=5.0e-03_kernel_sizes=30x5_conv_channels=256x128_fc_dims=256_seed2,6930ecb1da,trial_0123_learning_rate=5.0e-03_kernel_sizes=30x5_conv_channels=256x128_fc_dims=256_seed2
/scratch/sb272/patterns5k_results/slurm_base_cnn_2026-03-03_15-12-57/trial_0124_learning_rate=5.0e-03_kernel_sizes=5x5_conv_channels=128x64_fc_dims=256_seed0,cnn,0.16842051661014557,0.1333013858366668,0.02039459395030188,,,0.1345992064316757,101247,101247,32,0.48082293648433366,0,True,0.45456832695830385,0.27811353722255605,1,0.31855225563049316,0.13414213061332703,0,"[5, 5]","[128, 64]",[256],6837024,bb5u18c1,226.2,trial_0124_learning_rate=5.0e-03_kernel_sizes=5x5_conv_channels=128x64_fc_dims=256_seed0,4c2a1e6508,trial_0124_learning_rate=5.0e-03_kernel_sizes=5x5_conv_channels=128x64_fc_dims=256_seed0
/scratch/sb272/patterns5k_results/slurm_base_cnn_2026-03-03_15-12-57/trial_0124_learning_rate=5.0e-03_kernel_sizes=5x5_conv_channels=128x64_fc_dims=256_seed1,cnn,0.1690557392835617,0.13152358845673034,0.019032785816798136,,,0.13589556381008933,101247,101247,24,0.47565324673157106,0,True,0.45456832695830385,0.27511019207060944,0,0.31855225563049316,0.13268472254276276,0,"[5, 5]","[128, 64]",[256],6837024,bb5u18c1,211.3,trial_0124_learning_rate=5.0e-03_kernel_sizes=5x5_conv_channels=128x64_fc_dims=256_seed1,4c2a1e6508,trial_0124_learning_rate=5.0e-03_kernel_sizes=5x5_conv_channels=128x64_fc_dims=256_seed1
/scratch/sb272/patterns5k_results/slurm_base_cnn_2026-03-03_15-12-57/trial_0124_learning_rate=5.0e-03_kernel_sizes=5x5_conv_channels=128x64_fc_dims=256_seed2,cnn,0.1685727159976959,0.1307968289993638,0.020296635135771738,,,0.12972798331496407,101247,101247,25,0.4636114989144019,0,True,0.45456832695830385,0.26972622932210794,1,0.31855225563049316,0.1320861130952835,0,"[5, 5]","[128, 64]",[256],6837024,bb5u18c1,212.8,trial_0124_learning_rate=5.0e-03_kernel_sizes=5x5_conv_channels=128x64_fc_dims=256_seed2,4c2a1e6508,trial_0124_learning_rate=5.0e-03_kernel_sizes=5x5_conv_channels=128x64_fc_dims=256_seed2
/scratch/sb272/patterns5k_results/slurm_base_cnn_2026-03-03_15-12-57/trial_0125_learning_rate=5.0e-03_kernel_sizes=10x5x3_conv_channels=256x128x64_fc_dims=256_seed0,cnn,0.16911983597278596,0.12229039995911652,0.0157267413442097,,,0.12106761667786634,330111,330111,22,0.3927573839294803,0,True,0.45456832695830385,0.21858578303005863,3,0.31855225563049316,0.12278939038515091,0,"[10, 5, 3]","[256, 128, 64]",[256],6837024,bb5u18c1,271.0,trial_0125_learning_rate=5.0e-03_kernel_sizes=10x5x3_conv_channels=256x128x64_fc_dims=256_seed0,13ce0e656d,trial_0125_learning_rate=5.0e-03_kernel_sizes=10x5x3_conv_channels=256x128x64_fc_dims=256_seed0
/scratch/sb272/patterns5k_results/slurm_base_cnn_2026-03-03_15-12-57/trial_0125_learning_rate=5.0e-03_kernel_sizes=10x5x3_conv_channels=256x128x64_fc_dims=256_seed1,cnn,0.1690581616163254,0.12645512765550937,0.017483120872860865,,,0.1250902598283983,330111,330111,20,0.3872292148050017,0,True,0.45456832695830385,0.21362313141474,3,0.31855225563049316,0.12780557572841644,0,"[10, 5, 3]","[256, 128, 64]",[256],6837024,bb5u18c1,261.3,trial_0125_learning_rate=5.0e-03_kernel_sizes=10x5x3_conv_channels=256x128x64_fc_dims=256_seed1,13ce0e656d,trial_0125_learning_rate=5.0e-03_kernel_sizes=10x5x3_conv_channels=256x128x64_fc_dims=256_seed1
/scratch/sb272/patterns5k_results/slurm_base_cnn_2026-03-03_15-12-57/trial_0125_learning_rate=5.0e-03_kernel_sizes=10x5x3_conv_channels=256x128x64_fc_dims=256_seed2,cnn,0.16937091994285583,0.1223143839805283,0.014911684725019667,,,0.11940235780953311,330111,330111,21,0.4551351036611358,0,True,0.45456832695830385,0.2537633830345637,3,0.31855225563049316,0.12355741113424301,0,"[10, 5, 3]","[256, 128, 64]",[256],6837024,bb5u18c1,267.0,trial_0125_learning_rate=5.0e-03_kernel_sizes=10x5x3_conv_channels=256x128x64_fc_dims=256_seed2,13ce0e656d,trial_0125_learning_rate=5.0e-03_kernel_sizes=10x5x3_conv_channels=256x128x64_fc_dims=256_seed2
/scratch/sb272/patterns5k_results/slurm_base_cnn_2026-03-03_15-12-57/trial_0126_learning_rate=5.0e-03_kernel_sizes=3_conv_channels=128_fc_dims=256_seed0,cnn,0.16913843619823457,0.13018016546296346,0.020064270685589504,,,0.13360605148608698,65727,65727,29,0.4867078365649228,0,True,0.45456832695830385,0.2876320475888243,1,0.31855225563049316,0.13111326098442078,0,[3],[128],[256],6837024,bb5u18c1,215.5,trial_0126_learning_rate=5.0e-03_kernel_sizes=3_conv_channels=128_fc_dims=256_seed0,ac2caf7f90,trial_0126_learning_rate=5.0e-03_kernel_sizes=3_conv_channels=128_fc_dims=256_seed0
/scratch/sb272/patterns5k_results/slurm_base_cnn_2026-03-03_15-12-57/trial_0126_learning_rate=5.0e-03_kernel_sizes=3_conv_channels=128_fc_dims=256_seed1,cnn,0.16918221628665925,0.13005310445892931,0.01988628837797377,,,0.13284091135600262,65727,65727,28,0.47216259546750183,0,True,0.45456832695830385,0.28170033666599137,1,0.31855225563049316,0.1315169632434845,0,[3],[128],[256],6837024,bb5u18c1,191.1,trial_0126_learning_rate=5.0e-03_kernel_sizes=3_conv_channels=128_fc_dims=256_seed1,ac2caf7f90,trial_0126_learning_rate=5.0e-03_kernel_sizes=3_conv_channels=128_fc_dims=256_seed1
/scratch/sb272/patterns5k_results/slurm_base_cnn_2026-03-03_15-12-57/trial_0126_learning_rate=5.0e-03_kernel_sizes=3_conv_channels=128_fc_dims=256_seed2,cnn,0.16912490558624269,0.12974794014635146,0.020038766520363942,,,0.12705156308568943,65727,65727,31,0.47695727722358316,0,True,0.45456832695830385,0.28109866125196037,2,0.31855225563049316,0.1313430815935135,0,[3],[128],[256],6837024,bb5u18c1,207.3,trial_0126_learning_rate=5.0e-03_kernel_sizes=3_conv_channels=128_fc_dims=256_seed2,ac2caf7f90,trial_0126_learning_rate=5.0e-03_kernel_sizes=3_conv_channels=128_fc_dims=256_seed2
/scratch/sb272/patterns5k_results/slurm_base_cnn_2026-03-03_15-12-57/trial_0127_learning_rate=5.0e-03_kernel_sizes=5_conv_channels=128_fc_dims=256_seed0,cnn,0.16912478387355803,0.12992342219272882,0.020148944287073044,,,0.13326009301109967,76479,76479,30,0.4635420618943893,0,True,0.45456832695830385,0.271721653860935,1,0.31855225563049316,0.13102126121520996,0,[5],[128],[256],6837024,bb5u18c1,206.7,trial_0127_learning_rate=5.0e-03_kernel_sizes=5_conv_channels=128_fc_dims=256_seed0,0784ded953,trial_0127_learning_rate=5.0e-03_kernel_sizes=5_conv_channels=128_fc_dims=256_seed0
/scratch/sb272/patterns5k_results/slurm_base_cnn_2026-03-03_15-12-57/trial_0127_learning_rate=5.0e-03_kernel_sizes=5_conv_channels=128_fc_dims=256_seed1,cnn,0.17024516355991365,0.12899610885139315,0.013944286202627516,,,0.1358044087191989,76479,76479,24,0.45342476660376924,0,True,0.45456832695830385,0.2704037207284491,1,0.31855225563049316,0.13023026287555695,0,[5],[128],[256],6837024,bb5u18c1,203.0,trial_0127_learning_rate=5.0e-03_kernel_sizes=5_conv_channels=128_fc_dims=256_seed1,0784ded953,trial_0127_learning_rate=5.0e-03_kernel_sizes=5_conv_channels=128_fc_dims=256_seed1
/scratch/sb272/patterns5k_results/slurm_base_cnn_2026-03-03_15-12-57/trial_0127_learning_rate=5.0e-03_kernel_sizes=5_conv_channels=128_fc_dims=256_seed2,cnn,0.16918165469169616,0.13185922554750268,0.019343653368571447,,,0.12814902886977345,76479,76479,29,0.4756998583338196,0,True,0.45456832695830385,0.27894961597939355,1,0.31855225563049316,0.13328425586223602,0,[5],[128],[256],6837024,bb5u18c1,219.0,trial_0127_learning_rate=5.0e-03_kernel_sizes=5_conv_channels=128_fc_dims=256_seed2,0784ded953,trial_0127_learning_rate=5.0e-03_kernel_sizes=5_conv_channels=128_fc_dims=256_seed2
/scratch/sb272/patterns5k_results/slurm_base_cnn_2026-03-03_15-12-57/trial_0128_learning_rate=5.0e-03_kernel_sizes=10_conv_channels=128_fc_dims=256_seed0,cnn,0.16926319122314454,0.12734153754935543,0.018104937341478135,,,0.12750715701923745,103359,103359,23,0.46023228223084617,0,True,0.45456832695830385,0.2653718924429917,2,0.31855225563049316,0.1282547265291214,0,[10],[128],[256],6837024,bb5u18c1,208.6,trial_0128_learning_rate=5.0e-03_kernel_sizes=10_conv_channels=128_fc_dims=256_seed0,a6f8a1be9d,trial_0128_learning_rate=5.0e-03_kernel_sizes=10_conv_channels=128_fc_dims=256_seed0
/scratch/sb272/patterns5k_results/slurm_base_cnn_2026-03-03_15-12-57/trial_0128_learning_rate=5.0e-03_kernel_sizes=10_conv_channels=128_fc_dims=256_seed1,cnn,0.16898094844818115,0.12687306770486992,0.018198096562945652,,,0.1318365382948833,103359,103359,21,0.46827426889058466,0,True,0.45456832695830385,0.2744797921519517,1,0.31855225563049316,0.12783657014369965,0,[10],[128],[256],6837024,bb5u18c1,205.4,trial_0128_learning_rate=5.0e-03_kernel_sizes=10_conv_channels=128_fc_dims=256_seed1,a6f8a1be9d,trial_0128_learning_rate=5.0e-03_kernel_sizes=10_conv_channels=128_fc_dims=256_seed1
/scratch/sb272/patterns5k_results/slurm_base_cnn_2026-03-03_15-12-57/trial_0128_learning_rate=5.0e-03_kernel_sizes=10_conv_channels=128_fc_dims=256_seed2,cnn,0.16882443022727966,0.12988374271589087,0.019855581578754243,,,0.12525456688992723,103359,103359,25,0.4814524330629016,0,True,0.45456832695830385,0.276545818077785,2,0.31855225563049316,0.1309485137462616,0,[10],[128],[256],6837024,bb5u18c1,210.9,trial_0128_learning_rate=5.0e-03_kernel_sizes=10_conv_channels=128_fc_dims=256_seed2,a6f8a1be9d,trial_0128_learning_rate=5.0e-03_kernel_sizes=10_conv_channels=128_fc_dims=256_seed2
/scratch/sb272/patterns5k_results/slurm_base_cnn_2026-03-03_15-12-57/trial_0129_learning_rate=5.0e-03_kernel_sizes=30_conv_channels=256_fc_dims=256_seed0,cnn,0.17051012086868286,0.12380661030954809,0.01677367989979093,,,0.12073558975464739,405311,405311,19,0.3653331140783765,0,True,0.45456832695830385,0.21060564414159652,0,0.31855225563049316,0.1254192739725113,0,[30],[256],[256],6837024,bb5u18c1,246.3,trial_0129_learning_rate=5.0e-03_kernel_sizes=30_conv_channels=256_fc_dims=256_seed0,b5f7eff8d8,trial_0129_learning_rate=5.0e-03_kernel_sizes=30_conv_channels=256_fc_dims=256_seed0
/scratch/sb272/patterns5k_results/slurm_base_cnn_2026-03-03_15-12-57/trial_0129_learning_rate=5.0e-03_kernel_sizes=30_conv_channels=256_fc_dims=256_seed1,cnn,0.17143138802051544,0.11969735338562391,0.0158287523284791,,,0.12072809965779573,405311,405311,20,0.35164389688466663,0,True,0.45456832695830385,0.203424219837899,0,0.31855225563049316,0.12150391191244125,0,[30],[256],[256],6837024,bb5u18c1,247.9,trial_0129_learning_rate=5.0e-03_kernel_sizes=30_conv_channels=256_fc_dims=256_seed1,b5f7eff8d8,trial_0129_learning_rate=5.0e-03_kernel_sizes=30_conv_channels=256_fc_dims=256_seed1
/scratch/sb272/patterns5k_results/slurm_base_cnn_2026-03-03_15-12-57/trial_0129_learning_rate=5.0e-03_kernel_sizes=30_conv_channels=256_fc_dims=256_seed2,cnn,0.17063561391830445,0.1230208886985382,0.016241597750830273,,,0.11413428413608531,405311,405311,20,0.3963349425224093,0,True,0.45456832695830385,0.2239864372960194,0,0.31855225563049316,0.12446438521146774,0,[30],[256],[256],6837024,bb5u18c1,261.5,trial_0129_learning_rate=5.0e-03_kernel_sizes=30_conv_channels=256_fc_dims=256_seed2,b5f7eff8d8,trial_0129_learning_rate=5.0e-03_kernel_sizes=30_conv_channels=256_fc_dims=256_seed2
/scratch/sb272/patterns5k_results/slurm_base_cnn_2026-03-03_15-12-57/trial_0130_learning_rate=5.0e-03_kernel_sizes=60_conv_channels=256_fc_dims=256_seed0,cnn,0.17621229994297027,0.11859146310154241,0.009054582270364913,,,0.11301776347309134,727871,727871,25,0.2814258962934661,0,True,0.45456832695830385,0.16341501293761956,0,0.31855225563049316,0.1205667182803154,0,[60],[256],[256],6837024,bb5u18c1,394.4,trial_0130_learning_rate=5.0e-03_kernel_sizes=60_conv_channels=256_fc_dims=256_seed0,4c51f438dd,trial_0130_learning_rate=5.0e-03_kernel_sizes=60_conv_channels=256_fc_dims=256_seed0
/scratch/sb272/patterns5k_results/slurm_base_cnn_2026-03-03_15-12-57/trial_0130_learning_rate=5.0e-03_kernel_sizes=60_conv_channels=256_fc_dims=256_seed1,cnn,0.17253459095954896,0.12168540202669606,0.012348807047283838,,,0.11699874451860288,727871,727871,20,0.2891288445878003,0,True,0.45456832695830385,0.1640983115940812,0,0.31855225563049316,0.12356980890035629,0,[60],[256],[256],6837024,bb5u18c1,350.7,trial_0130_learning_rate=5.0e-03_kernel_sizes=60_conv_channels=256_fc_dims=256_seed1,4c51f438dd,trial_0130_learning_rate=5.0e-03_kernel_sizes=60_conv_channels=256_fc_dims=256_seed1
/scratch/sb272/patterns5k_results/slurm_base_cnn_2026-03-03_15-12-57/trial_0130_learning_rate=5.0e-03_kernel_sizes=60_conv_channels=256_fc_dims=256_seed2,cnn,0.17516919958591462,0.11734521969094783,0.009422916268545484,,,0.11207256038124058,727871,727871,23,0.2934691440120136,0,True,0.45456832695830385,0.16710331517737825,0,0.31855225563049316,0.11885800957679749,0,[60],[256],[256],6837024,bb5u18c1,336.5,trial_0130_learning_rate=5.0e-03_kernel_sizes=60_conv_channels=256_fc_dims=256_seed2,4c51f438dd,trial_0130_learning_rate=5.0e-03_kernel_sizes=60_conv_channels=256_fc_dims=256_seed2
/scratch/sb272/patterns5k_results/slurm_base_cnn_2026-03-03_15-12-57/trial_0131_learning_rate=5.0e-03_kernel_sizes=10x3_conv_channels=256x128_fc_dims=256_seed0,cnn,0.16965668523311614,0.12559792933892697,0.016638489942702037,,,0.13148543964659548,256191,256191,22,0.46242896001138345,0,True,0.45456832695830385,0.26488746796556323,2,0.31855225563049316,0.12631787359714508,0,"[10, 3]","[256, 128]",[256],6837024,bb5u18c1,245.0,trial_0131_learning_rate=5.0e-03_kernel_sizes=10x3_conv_channels=256x128_fc_dims=256_seed0,254f0231c9,trial_0131_learning_rate=5.0e-03_kernel_sizes=10x3_conv_channels=256x128_fc_dims=256_seed0
/scratch/sb272/patterns5k_results/slurm_base_cnn_2026-03-03_15-12-57/trial_0131_learning_rate=5.0e-03_kernel_sizes=10x3_conv_channels=256x128_fc_dims=256_seed1,cnn,0.16988551127910614,0.12734919815257187,0.015378577368600028,,,0.1310960966855113,256191,256191,17,0.45135276381120226,0,True,0.45456832695830385,0.2597460417539357,0,0.31855225563049316,0.12810379266738892,0,"[10, 3]","[256, 128]",[256],6837024,bb5u18c1,224.5,trial_0131_learning_rate=5.0e-03_kernel_sizes=10x3_conv_channels=256x128_fc_dims=256_seed1,254f0231c9,trial_0131_learning_rate=5.0e-03_kernel_sizes=10x3_conv_channels=256x128_fc_dims=256_seed1
/scratch/sb272/patterns5k_results/slurm_base_cnn_2026-03-03_15-12-57/trial_0131_learning_rate=5.0e-03_kernel_sizes=10x3_conv_channels=256x128_fc_dims=256_seed2,cnn,0.17024388670921325,0.12622671888106743,0.012218002289060562,,,0.12637203450702658,256191,256191,20,0.4668625675143178,0,True,0.45456832695830385,0.2693883693137761,0,0.31855225563049316,0.12694835662841797,0,"[10, 3]","[256, 128]",[256],6837024,bb5u18c1,249.2,trial_0131_learning_rate=5.0e-03_kernel_sizes=10x3_conv_channels=256x128_fc_dims=256_seed2,254f0231c9,trial_0131_learning_rate=5.0e-03_kernel_sizes=10x3_conv_channels=256x128_fc_dims=256_seed2
/scratch/sb272/patterns5k_results/slurm_base_cnn_2026-03-03_15-12-57/trial_0132_learning_rate=5.0e-03_kernel_sizes=30x5_conv_channels=256x128_fc_dims=256_seed0,cnn,0.17321134793758391,0.11449470608269227,0.010825102291409932,,,0.11566031964523302,536767,536767,21,0.28004782339712336,0,True,0.45456832695830385,0.1618477264458843,0,0.31855225563049316,0.11545374989509583,0,"[30, 5]","[256, 128]",[256],6837024,bb5u18c1,303.2,trial_0132_learning_rate=5.0e-03_kernel_sizes=30x5_conv_channels=256x128_fc_dims=256_seed0,1cd1ae92f7,trial_0132_learning_rate=5.0e-03_kernel_sizes=30x5_conv_channels=256x128_fc_dims=256_seed0
/scratch/sb272/patterns5k_results/slurm_base_cnn_2026-03-03_15-12-57/trial_0132_learning_rate=5.0e-03_kernel_sizes=30x5_conv_channels=256x128_fc_dims=256_seed1,cnn,0.1740249161720276,0.11602398883256708,0.006585330244094607,,,0.1172672530501071,536767,536767,24,0.33633017613801985,0,True,0.45456832695830385,0.19106621098398271,1,0.31855225563049316,0.11741424351930618,0,"[30, 5]","[256, 128]",[256],6837024,bb5u18c1,305.9,trial_0132_learning_rate=5.0e-03_kernel_sizes=30x5_conv_channels=256x128_fc_dims=256_seed1,1cd1ae92f7,trial_0132_learning_rate=5.0e-03_kernel_sizes=30x5_conv_channels=256x128_fc_dims=256_seed1
/scratch/sb272/patterns5k_results/slurm_base_cnn_2026-03-03_15-12-57/trial_0132_learning_rate=5.0e-03_kernel_sizes=30x5_conv_channels=256x128_fc_dims=256_seed2,cnn,0.1707731181383133,0.1178943645210177,0.013045294890328058,,,0.1119473185530225,536767,536767,17,0.31394868841196677,0,True,0.45456832695830385,0.18287325927889156,0,0.31855225563049316,0.1191544458270073,0,"[30, 5]","[256, 128]",[256],6837024,bb5u18c1,256.3,trial_0132_learning_rate=5.0e-03_kernel_sizes=30x5_conv_channels=256x128_fc_dims=256_seed2,1cd1ae92f7,trial_0132_learning_rate=5.0e-03_kernel_sizes=30x5_conv_channels=256x128_fc_dims=256_seed2
/scratch/sb272/patterns5k_results/slurm_base_cnn_2026-03-03_15-12-57/trial_0133_learning_rate=5.0e-03_kernel_sizes=5x5_conv_channels=128x64_fc_dims=256_seed0,cnn,0.1685432252883911,0.13200683973833166,0.02050419364656721,,,0.13338266228271614,101247,101247,29,0.48840409130111,0,True,0.45456832695830385,0.2795899750774052,1,0.31855225563049316,0.13257652521133423,0,"[5, 5]","[128, 64]",[256],6837024,bb5u18c1,221.4,trial_0133_learning_rate=5.0e-03_kernel_sizes=5x5_conv_channels=128x64_fc_dims=256_seed0,4308f77cdc,trial_0133_learning_rate=5.0e-03_kernel_sizes=5x5_conv_channels=128x64_fc_dims=256_seed0
/scratch/sb272/patterns5k_results/slurm_base_cnn_2026-03-03_15-12-57/trial_0133_learning_rate=5.0e-03_kernel_sizes=5x5_conv_channels=128x64_fc_dims=256_seed1,cnn,0.16823987352848052,0.13368822925559593,0.021263221899668377,,,0.13536593897943958,101247,101247,28,0.4805609764340936,0,True,0.45456832695830385,0.27871951445781334,1,0.31855225563049316,0.1346036195755005,0,"[5, 5]","[128, 64]",[256],6837003,bb5u19c1,241.5,trial_0133_learning_rate=5.0e-03_kernel_sizes=5x5_conv_channels=128x64_fc_dims=256_seed1,4308f77cdc,trial_0133_learning_rate=5.0e-03_kernel_sizes=5x5_conv_channels=128x64_fc_dims=256_seed1
/scratch/sb272/patterns5k_results/slurm_base_cnn_2026-03-03_15-12-57/trial_0133_learning_rate=5.0e-03_kernel_sizes=5x5_conv_channels=128x64_fc_dims=256_seed2,cnn,0.16846905493736267,0.13540078527159452,0.020717715460156636,,,0.1302127694590051,101247,101247,36,0.5100275905531381,0,True,0.45456832695830385,0.29237844270992985,2,0.31855225563049316,0.13669610023498535,0,"[5, 5]","[128, 64]",[256],6837003,bb5u19c1,254.0,trial_0133_learning_rate=5.0e-03_kernel_sizes=5x5_conv_channels=128x64_fc_dims=256_seed2,4308f77cdc,trial_0133_learning_rate=5.0e-03_kernel_sizes=5x5_conv_channels=128x64_fc_dims=256_seed2
/scratch/sb272/patterns5k_results/slurm_base_cnn_2026-03-03_15-12-57/trial_0134_learning_rate=5.0e-03_kernel_sizes=10x5x3_conv_channels=256x128x64_fc_dims=256_seed0,cnn,0.16940400803089142,0.12389132257171961,0.017176678256383016,,,0.12415598865885924,330111,330111,22,0.3991685080103139,0,True,0.45456832695830385,0.22464701708791268,4,0.31855225563049316,0.12464890629053116,0,"[10, 5, 3]","[256, 128, 64]",[256],6837003,bb5u19c1,284.1,trial_0134_learning_rate=5.0e-03_kernel_sizes=10x5x3_conv_channels=256x128x64_fc_dims=256_seed0,c9540f735d,trial_0134_learning_rate=5.0e-03_kernel_sizes=10x5x3_conv_channels=256x128x64_fc_dims=256_seed0
/scratch/sb272/patterns5k_results/slurm_base_cnn_2026-03-03_15-12-57/trial_0134_learning_rate=5.0e-03_kernel_sizes=10x5x3_conv_channels=256x128x64_fc_dims=256_seed1,cnn,0.1688752784729004,0.12269226929034216,0.017161537730504595,,,0.1264816653294132,330111,330111,20,0.4279232635365914,0,True,0.45456832695830385,0.23886688218745425,2,0.31855225563049316,0.12416238337755203,0,"[10, 5, 3]","[256, 128, 64]",[256],6837003,bb5u19c1,271.0,trial_0134_learning_rate=5.0e-03_kernel_sizes=10x5x3_conv_channels=256x128x64_fc_dims=256_seed1,c9540f735d,trial_0134_learning_rate=5.0e-03_kernel_sizes=10x5x3_conv_channels=256x128x64_fc_dims=256_seed1
/scratch/sb272/patterns5k_results/slurm_base_cnn_2026-03-03_15-12-57/trial_0134_learning_rate=5.0e-03_kernel_sizes=10x5x3_conv_channels=256x128x64_fc_dims=256_seed2,cnn,0.1690550013780594,0.12601917133039597,0.018390865552993046,,,0.11708303254357003,330111,330111,22,0.42533671828307,0,True,0.45456832695830385,0.23673676989277234,3,0.31855225563049316,0.12757901847362518,0,"[10, 5, 3]","[256, 128, 64]",[256],6837003,bb5u19c1,261.0,trial_0134_learning_rate=5.0e-03_kernel_sizes=10x5x3_conv_channels=256x128x64_fc_dims=256_seed2,c9540f735d,trial_0134_learning_rate=5.0e-03_kernel_sizes=10x5x3_conv_channels=256x128x64_fc_dims=256_seed2
/scratch/sb272/patterns5k_results/slurm_base_cnn_2026-03-03_15-12-57/trial_0135_learning_rate=5.0e-03_kernel_sizes=3_conv_channels=128_fc_dims=256_seed0,cnn,0.16951467049121857,0.13026486571140444,0.018631782796647813,,,0.1315507230984939,65727,65727,35,0.49007555909827444,0,True,0.45456832695830385,0.2906864834542417,1,0.31855225563049316,0.13174618780612946,0,[3],[128],[256],6837003,bb5u19c1,223.7,trial_0135_learning_rate=5.0e-03_kernel_sizes=3_conv_channels=128_fc_dims=256_seed0,49f93e279a,trial_0135_learning_rate=5.0e-03_kernel_sizes=3_conv_channels=128_fc_dims=256_seed0
/scratch/sb272/patterns5k_results/slurm_base_cnn_2026-03-03_15-12-57/trial_0135_learning_rate=5.0e-03_kernel_sizes=3_conv_channels=128_fc_dims=256_seed1,cnn,0.16918034434318543,0.12909154498523542,0.02018516877340892,,,0.1332282749429369,65727,65727,28,0.48665447919121674,0,True,0.45456832695830385,0.28618475806830845,1,0.31855225563049316,0.13091491162776947,0,[3],[128],[256],6837003,bb5u19c1,208.0,trial_0135_learning_rate=5.0e-03_kernel_sizes=3_conv_channels=128_fc_dims=256_seed1,49f93e279a,trial_0135_learning_rate=5.0e-03_kernel_sizes=3_conv_channels=128_fc_dims=256_seed1
/scratch/sb272/patterns5k_results/slurm_base_cnn_2026-03-03_15-12-57/trial_0135_learning_rate=5.0e-03_kernel_sizes=3_conv_channels=128_fc_dims=256_seed2,cnn,0.1692682147026062,0.1293955867684567,0.019778470198313396,,,0.12696336164334204,65727,65727,30,0.49035221480149477,0,True,0.45456832695830385,0.2883474440976749,1,0.31855225563049316,0.13093262910842896,0,[3],[128],[256],6837003,bb5u19c1,219.8,trial_0135_learning_rate=5.0e-03_kernel_sizes=3_conv_channels=128_fc_dims=256_seed2,49f93e279a,trial_0135_learning_rate=5.0e-03_kernel_sizes=3_conv_channels=128_fc_dims=256_seed2
/scratch/sb272/patterns5k_results/slurm_base_cnn_2026-03-03_15-12-57/trial_0136_learning_rate=5.0e-03_kernel_sizes=5_conv_channels=128_fc_dims=256_seed0,cnn,0.16900508642196654,0.1320907498018001,0.020686243261609758,,,0.1336471978213129,76479,76479,23,0.480026777154646,0,True,0.45456832695830385,0.28259895195804396,1,0.31855225563049316,0.1334986835718155,0,[5],[128],[256],6837003,bb5u19c1,212.4,trial_0136_learning_rate=5.0e-03_kernel_sizes=5_conv_channels=128_fc_dims=256_seed0,8362a0e278,trial_0136_learning_rate=5.0e-03_kernel_sizes=5_conv_channels=128_fc_dims=256_seed0
/scratch/sb272/patterns5k_results/slurm_base_cnn_2026-03-03_15-12-57/trial_0136_learning_rate=5.0e-03_kernel_sizes=5_conv_channels=128_fc_dims=256_seed1,cnn,0.169884091258049,0.1278085332951731,0.016024882831270734,,,0.13588971665844032,76479,76479,34,0.48722918339628063,0,True,0.45456832695830385,0.2841863189002757,1,0.31855225563049316,0.12908001244068146,0,[5],[128],[256],6837003,bb5u19c1,237.5,trial_0136_learning_rate=5.0e-03_kernel_sizes=5_conv_channels=128_fc_dims=256_seed1,8362a0e278,trial_0136_learning_rate=5.0e-03_kernel_sizes=5_conv_channels=128_fc_dims=256_seed1
/scratch/sb272/patterns5k_results/slurm_base_cnn_2026-03-03_15-12-57/trial_0136_learning_rate=5.0e-03_kernel_sizes=5_conv_channels=128_fc_dims=256_seed2,cnn,0.16907796263694763,0.12990495970767071,0.020044114854600694,,,0.12984022080656815,76479,76479,26,0.47758879167032364,0,True,0.45456832695830385,0.2816594031751122,1,0.31855225563049316,0.13121654093265533,0,[5],[128],[256],6837003,bb5u19c1,214.1,trial_0136_learning_rate=5.0e-03_kernel_sizes=5_conv_channels=128_fc_dims=256_seed2,8362a0e278,trial_0136_learning_rate=5.0e-03_kernel_sizes=5_conv_channels=128_fc_dims=256_seed2
/scratch/sb272/patterns5k_results/slurm_base_cnn_2026-03-03_15-12-57/trial_0137_learning_rate=5.0e-03_kernel_sizes=10_conv_channels=128_fc_dims=256_seed0,cnn,0.16928555417060853,0.12842232961329902,0.017219551971980503,,,0.12737385886432898,103359,103359,27,0.46960149698157805,0,True,0.45456832695830385,0.27360923019689143,1,0.31855225563049316,0.12921500205993652,0,[10],[128],[256],6837003,bb5u19c1,212.6,trial_0137_learning_rate=5.0e-03_kernel_sizes=10_conv_channels=128_fc_dims=256_seed0,4f2f4e3438,trial_0137_learning_rate=5.0e-03_kernel_sizes=10_conv_channels=128_fc_dims=256_seed0
/scratch/sb272/patterns5k_results/slurm_base_cnn_2026-03-03_15-12-57/trial_0137_learning_rate=5.0e-03_kernel_sizes=10_conv_channels=128_fc_dims=256_seed1,cnn,0.1703342180252075,0.12471324745056717,0.01412950905542525,,,0.13155528074631836,103359,103359,21,0.47317361769719335,0,True,0.45456832695830385,0.2773346019608668,1,0.31855225563049316,0.12620113790035248,0,[10],[128],[256],6837003,bb5u19c1,198.8,trial_0137_learning_rate=5.0e-03_kernel_sizes=10_conv_channels=128_fc_dims=256_seed1,4f2f4e3438,trial_0137_learning_rate=5.0e-03_kernel_sizes=10_conv_channels=128_fc_dims=256_seed1
/scratch/sb272/patterns5k_results/slurm_base_cnn_2026-03-03_15-12-57/trial_0137_learning_rate=5.0e-03_kernel_sizes=10_conv_channels=128_fc_dims=256_seed2,cnn,0.1692613263130188,0.12758200190093563,0.01585485916289072,,,0.12489601318439551,103359,103359,23,0.46631766120982665,0,True,0.45456832695830385,0.2696548737144591,1,0.31855225563049316,0.12839946150779724,0,[10],[128],[256],6837003,bb5u19c1,193.2,trial_0137_learning_rate=5.0e-03_kernel_sizes=10_conv_channels=128_fc_dims=256_seed2,4f2f4e3438,trial_0137_learning_rate=5.0e-03_kernel_sizes=10_conv_channels=128_fc_dims=256_seed2
/scratch/sb272/patterns5k_results/slurm_base_cnn_2026-03-03_15-12-57/trial_0138_learning_rate=5.0e-03_kernel_sizes=30_conv_channels=256_fc_dims=256_seed0,cnn,0.1706840876340866,0.11986578703298788,0.015182859367794461,,,0.1185929647532453,405311,405311,20,0.33212145887678324,0,True,0.45456832695830385,0.1881711579912412,0,0.31855225563049316,0.12088058888912201,0,[30],[256],[256],6837003,bb5u19c1,262.7,trial_0138_learning_rate=5.0e-03_kernel_sizes=30_conv_channels=256_fc_dims=256_seed0,1562beb397,trial_0138_learning_rate=5.0e-03_kernel_sizes=30_conv_channels=256_fc_dims=256_seed0
/scratch/sb272/patterns5k_results/slurm_base_cnn_2026-03-03_15-12-57/trial_0138_learning_rate=5.0e-03_kernel_sizes=30_conv_channels=256_fc_dims=256_seed1,cnn,0.17068197464942933,0.12339243244017584,0.01662042878922962,,,0.12139149242847881,405311,405311,20,0.36101717844943143,0,True,0.45456832695830385,0.20820223618262804,0,0.31855225563049316,0.12527187168598175,0,[30],[256],[256],6837003,bb5u19c1,269.0,trial_0138_learning_rate=5.0e-03_kernel_sizes=30_conv_channels=256_fc_dims=256_seed1,1562beb397,trial_0138_learning_rate=5.0e-03_kernel_sizes=30_conv_channels=256_fc_dims=256_seed1
/scratch/sb272/patterns5k_results/slurm_base_cnn_2026-03-03_15-12-57/trial_0138_learning_rate=5.0e-03_kernel_sizes=30_conv_channels=256_fc_dims=256_seed2,cnn,0.1720445830821991,0.12478419994865184,0.011066081978025891,,,0.1164580203003792,405311,405311,22,0.4037437642095529,0,True,0.45456832695830385,0.2345136454328658,0,0.31855225563049316,0.12724123895168304,0,[30],[256],[256],6837003,bb5u19c1,281.8,trial_0138_learning_rate=5.0e-03_kernel_sizes=30_conv_channels=256_fc_dims=256_seed2,1562beb397,trial_0138_learning_rate=5.0e-03_kernel_sizes=30_conv_channels=256_fc_dims=256_seed2
/scratch/sb272/patterns5k_results/slurm_base_cnn_2026-03-03_15-12-57/trial_0139_learning_rate=5.0e-03_kernel_sizes=60_conv_channels=256_fc_dims=256_seed0,cnn,0.174269726395607,0.12504811002000327,0.011476566867222862,,,0.11611451475884688,727871,727871,23,0.31433339041073777,0,True,0.45456832695830385,0.17939407680215946,0,0.31855225563049316,0.12676602602005005,0,[60],[256],[256],6837003,bb5u19c1,362.7,trial_0139_learning_rate=5.0e-03_kernel_sizes=60_conv_channels=256_fc_dims=256_seed0,80b3ea2684,trial_0139_learning_rate=5.0e-03_kernel_sizes=60_conv_channels=256_fc_dims=256_seed0
/scratch/sb272/patterns5k_results/slurm_base_cnn_2026-03-03_15-12-57/trial_0139_learning_rate=5.0e-03_kernel_sizes=60_conv_channels=256_fc_dims=256_seed1,cnn,0.1753722369670868,0.11937290350347837,0.008770892544398232,,,0.11591163512199444,727871,727871,24,0.28532274220637177,0,True,0.45456832695830385,0.16426270113123018,0,0.31855225563049316,0.12129109352827072,0,[60],[256],[256],6837003,bb5u19c1,352.9,trial_0139_learning_rate=5.0e-03_kernel_sizes=60_conv_channels=256_fc_dims=256_seed1,80b3ea2684,trial_0139_learning_rate=5.0e-03_kernel_sizes=60_conv_channels=256_fc_dims=256_seed1
/scratch/sb272/patterns5k_results/slurm_base_cnn_2026-03-03_15-12-57/trial_0139_learning_rate=5.0e-03_kernel_sizes=60_conv_channels=256_fc_dims=256_seed2,cnn,0.17582787036895753,0.11683567786439303,0.009733380779387459,,,0.10946421623971124,727871,727871,25,0.25523274652480116,0,True,0.45456832695830385,0.14892158105191994,0,0.31855225563049316,0.11857136338949203,0,[60],[256],[256],6837003,bb5u19c1,397.1,trial_0139_learning_rate=5.0e-03_kernel_sizes=60_conv_channels=256_fc_dims=256_seed2,80b3ea2684,trial_0139_learning_rate=5.0e-03_kernel_sizes=60_conv_channels=256_fc_dims=256_seed2
/scratch/sb272/patterns5k_results/slurm_base_cnn_2026-03-03_15-12-57/trial_0140_learning_rate=5.0e-03_kernel_sizes=10x3_conv_channels=256x128_fc_dims=256_seed0,cnn,0.16901743340492248,0.1274966292521764,0.018496191690838527,,,0.12891143302455638,256191,256191,18,0.4306594107266538,0,True,0.45456832695830385,0.2499285725607867,1,0.31855225563049316,0.12864404916763306,0,"[10, 3]","[256, 128]",[256],6837003,bb5u19c1,240.2,trial_0140_learning_rate=5.0e-03_kernel_sizes=10x3_conv_channels=256x128_fc_dims=256_seed0,70de84a954,trial_0140_learning_rate=5.0e-03_kernel_sizes=10x3_conv_channels=256x128_fc_dims=256_seed0
/scratch/sb272/patterns5k_results/slurm_base_cnn_2026-03-03_15-12-57/trial_0140_learning_rate=5.0e-03_kernel_sizes=10x3_conv_channels=256x128_fc_dims=256_seed1,cnn,0.16922227382659913,0.13077192290197456,0.01746844866919139,,,0.13102846260644235,256191,256191,18,0.4471686259547272,0,True,0.45456832695830385,0.2618372331633305,1,0.31855225563049316,0.13147827982902527,0,"[10, 3]","[256, 128]",[256],6837003,bb5u19c1,235.2,trial_0140_learning_rate=5.0e-03_kernel_sizes=10x3_conv_channels=256x128_fc_dims=256_seed1,70de84a954,trial_0140_learning_rate=5.0e-03_kernel_sizes=10x3_conv_channels=256x128_fc_dims=256_seed1
/scratch/sb272/patterns5k_results/slurm_base_cnn_2026-03-03_15-12-57/trial_0140_learning_rate=5.0e-03_kernel_sizes=10x3_conv_channels=256x128_fc_dims=256_seed2,cnn,0.16975152015686035,0.12710824734197926,0.01565052592565143,,,0.12751383710159406,256191,256191,20,0.4505653491665158,0,True,0.45456832695830385,0.26124793151866477,0,0.31855225563049316,0.12787355482578278,0,"[10, 3]","[256, 128]",[256],6837003,bb5u19c1,224.9,trial_0140_learning_rate=5.0e-03_kernel_sizes=10x3_conv_channels=256x128_fc_dims=256_seed2,70de84a954,trial_0140_learning_rate=5.0e-03_kernel_sizes=10x3_conv_channels=256x128_fc_dims=256_seed2
/scratch/sb272/patterns5k_results/slurm_base_cnn_2026-03-03_15-12-57/trial_0141_learning_rate=5.0e-03_kernel_sizes=30x5_conv_channels=256x128_fc_dims=256_seed0,cnn,0.17074937224388123,0.1165249164909024,0.013385816225929865,,,0.11827703570725476,536767,536767,17,0.3030282843325176,0,True,0.45456832695830385,0.1747448325788022,0,0.31855225563049316,0.11752954870462418,0,"[30, 5]","[256, 128]",[256],6837003,bb5u19c1,266.5,trial_0141_learning_rate=5.0e-03_kernel_sizes=30x5_conv_channels=256x128_fc_dims=256_seed0,87e12b8f23,trial_0141_learning_rate=5.0e-03_kernel_sizes=30x5_conv_channels=256x128_fc_dims=256_seed0
/scratch/sb272/patterns5k_results/slurm_base_cnn_2026-03-03_15-12-57/trial_0141_learning_rate=5.0e-03_kernel_sizes=30x5_conv_channels=256x128_fc_dims=256_seed1,cnn,0.17182970237731934,0.11852038621425816,0.012827309351118784,,,0.11723807535432246,536767,536767,20,0.32040455338577795,0,True,0.45456832695830385,0.18574725032740477,0,0.31855225563049316,0.11954174935817719,0,"[30, 5]","[256, 128]",[256],6837003,bb5u19c1,274.5,trial_0141_learning_rate=5.0e-03_kernel_sizes=30x5_conv_channels=256x128_fc_dims=256_seed1,87e12b8f23,trial_0141_learning_rate=5.0e-03_kernel_sizes=30x5_conv_channels=256x128_fc_dims=256_seed1
/scratch/sb272/patterns5k_results/slurm_base_cnn_2026-03-03_15-12-57/trial_0141_learning_rate=5.0e-03_kernel_sizes=30x5_conv_channels=256x128_fc_dims=256_seed2,cnn,0.17079744791984558,0.11962478133377055,0.01411729199545724,,,0.1113120134533018,536767,536767,18,0.30542880834165026,0,True,0.45456832695830385,0.17793185236329062,0,0.31855225563049316,0.12075341492891312,0,"[30, 5]","[256, 128]",[256],6837003,bb5u19c1,289.0,trial_0141_learning_rate=5.0e-03_kernel_sizes=30x5_conv_channels=256x128_fc_dims=256_seed2,87e12b8f23,trial_0141_learning_rate=5.0e-03_kernel_sizes=30x5_conv_channels=256x128_fc_dims=256_seed2
/scratch/sb272/patterns5k_results/slurm_base_cnn_2026-03-03_15-12-57/trial_0142_learning_rate=5.0e-03_kernel_sizes=5x5_conv_channels=128x64_fc_dims=256_seed0,cnn,0.16849419176578523,0.13233597505249245,0.02093514941987537,,,0.13423515748115472,101247,101247,23,0.4827976913138255,0,True,0.45456832695830385,0.2800507002949952,1,0.31855225563049316,0.1336132287979126,0,"[5, 5]","[128, 64]",[256],6837003,bb5u19c1,218.9,trial_0142_learning_rate=5.0e-03_kernel_sizes=5x5_conv_channels=128x64_fc_dims=256_seed0,ba4e15765d,trial_0142_learning_rate=5.0e-03_kernel_sizes=5x5_conv_channels=128x64_fc_dims=256_seed0
/scratch/sb272/patterns5k_results/slurm_base_cnn_2026-03-03_15-12-57/trial_0142_learning_rate=5.0e-03_kernel_sizes=5x5_conv_channels=128x64_fc_dims=256_seed1,cnn,0.16859766125679015,0.12990532404942454,0.020272885050092424,,,0.13717158436248805,101247,101247,27,0.4566704253515196,0,True,0.45456832695830385,0.26726222138204836,2,0.31855225563049316,0.13096748292446136,0,"[5, 5]","[128, 64]",[256],6837003,bb5u19c1,236.3,trial_0142_learning_rate=5.0e-03_kernel_sizes=5x5_conv_channels=128x64_fc_dims=256_seed1,ba4e15765d,trial_0142_learning_rate=5.0e-03_kernel_sizes=5x5_conv_channels=128x64_fc_dims=256_seed1
/scratch/sb272/patterns5k_results/slurm_base_cnn_2026-03-03_15-12-57/trial_0142_learning_rate=5.0e-03_kernel_sizes=5x5_conv_channels=128x64_fc_dims=256_seed2,cnn,0.16871907353401183,0.1309273550860931,0.019825832238273014,,,0.12929508660218442,101247,101247,25,0.490482378151242,0,True,0.45456832695830385,0.282511407283217,2,0.31855225563049316,0.1322266310453415,0,"[5, 5]","[128, 64]",[256],6837003,bb5u19c1,220.6,trial_0142_learning_rate=5.0e-03_kernel_sizes=5x5_conv_channels=128x64_fc_dims=256_seed2,ba4e15765d,trial_0142_learning_rate=5.0e-03_kernel_sizes=5x5_conv_channels=128x64_fc_dims=256_seed2
/scratch/sb272/patterns5k_results/slurm_base_cnn_2026-03-03_15-12-57/trial_0143_learning_rate=5.0e-03_kernel_sizes=10x5x3_conv_channels=256x128x64_fc_dims=256_seed0,cnn,0.16923811054229737,0.12402465236087581,0.0166721987345862,,,0.12283028972351767,330111,330111,21,0.4211156121244698,0,True,0.45456832695830385,0.23446758656383945,2,0.31855225563049316,0.12543727457523346,0,"[10, 5, 3]","[256, 128, 64]",[256],6837003,bb5u19c1,259.9,trial_0143_learning_rate=5.0e-03_kernel_sizes=10x5x3_conv_channels=256x128x64_fc_dims=256_seed0,741a59a025,trial_0143_learning_rate=5.0e-03_kernel_sizes=10x5x3_conv_channels=256x128x64_fc_dims=256_seed0
/scratch/sb272/patterns5k_results/slurm_base_cnn_2026-03-03_15-12-57/trial_0143_learning_rate=5.0e-03_kernel_sizes=10x5x3_conv_channels=256x128x64_fc_dims=256_seed1,cnn,0.1689537136554718,0.12126942964164725,0.016029467658391073,,,0.1242194395618847,330111,330111,20,0.4034522479920172,0,True,0.45456832695830385,0.226977958988845,0,0.31855225563049316,0.12228197604417801,0,"[10, 5, 3]","[256, 128, 64]",[256],6837003,bb5u19c1,246.8,trial_0143_learning_rate=5.0e-03_kernel_sizes=10x5x3_conv_channels=256x128x64_fc_dims=256_seed1,741a59a025,trial_0143_learning_rate=5.0e-03_kernel_sizes=10x5x3_conv_channels=256x128x64_fc_dims=256_seed1
/scratch/sb272/patterns5k_results/slurm_base_cnn_2026-03-03_15-12-57/trial_0143_learning_rate=5.0e-03_kernel_sizes=10x5x3_conv_channels=256x128x64_fc_dims=256_seed2,cnn,0.16916288089752196,0.1273748768451632,0.016676044653332424,,,0.11891613555398142,330111,330111,23,0.4366336527057318,0,True,0.45456832695830385,0.2431033241381671,4,0.31855225563049316,0.12886863946914673,0,"[10, 5, 3]","[256, 128, 64]",[256],6837003,bb5u19c1,279.7,trial_0143_learning_rate=5.0e-03_kernel_sizes=10x5x3_conv_channels=256x128x64_fc_dims=256_seed2,741a59a025,trial_0143_learning_rate=5.0e-03_kernel_sizes=10x5x3_conv_channels=256x128x64_fc_dims=256_seed2
