2026-02-01 17:50:32,851 - INFO - ==================================================
2026-02-01 17:50:32,851 - INFO - Experiment run directory: results/binned_2026-02-01_17-50-32
2026-02-01 17:50:32,852 - INFO - Inference mode: False
2026-02-01 17:50:32,852 - INFO - Random seed: 42
2026-02-01 17:50:32,852 - INFO - ==================================================
2026-02-01 17:50:32,853 - INFO - Total trials: 5000
2026-02-01 17:50:32,867 - INFO - Oracle trials: 1000 (50 patterns × 10 trials)
2026-02-01 17:50:32,867 - INFO - Sample trials: 4000
2026-02-01 17:50:32,869 - INFO - Train: 3400, Val: 600, Test: 1000
2026-02-01 17:50:32,870 - INFO - Dataset config: bin_size=10ms, n_input_bins=1, n_output_bins=6, output_offset=0
2026-02-01 17:50:48,493 - INFO - BinnedStimSpikeDataset initialized:
2026-02-01 17:50:48,496 - INFO -   bin_size_ms=10, n_input_bins=1, n_output_bins=6
2026-02-01 17:50:48,496 - INFO -   output_offset=0, total_bins per trial=60
2026-02-01 17:50:48,497 - INFO -   Valid start positions per trial: 0 to 54
2026-02-01 17:50:48,497 - INFO -   Total samples: 187000 (3400 trials × 55 positions)
2026-02-01 17:51:03,385 - INFO - BinnedStimSpikeDataset initialized:
2026-02-01 17:51:03,385 - INFO -   bin_size_ms=10, n_input_bins=1, n_output_bins=6
2026-02-01 17:51:03,386 - INFO -   output_offset=0, total_bins per trial=60
2026-02-01 17:51:03,386 - INFO -   Valid start positions per trial: 0 to 54
2026-02-01 17:51:03,386 - INFO -   Total samples: 33000 (600 trials × 55 positions)
2026-02-01 17:51:18,649 - INFO - BinnedStimSpikeDataset initialized:
2026-02-01 17:51:18,652 - INFO -   bin_size_ms=10, n_input_bins=1, n_output_bins=6
2026-02-01 17:51:18,653 - INFO -   output_offset=0, total_bins per trial=60
2026-02-01 17:51:18,653 - INFO -   Valid start positions per trial: 0 to 54
2026-02-01 17:51:18,654 - INFO -   Total samples: 55000 (1000 trials × 55 positions)
2026-02-01 17:51:18,656 - INFO - Train samples: 187000, Val samples: 33000, Test samples: 55000
2026-02-01 17:51:18,656 - INFO - Train batches: 1461, Val batches: 258, Test batches: 430
2026-02-01 17:51:18,657 - INFO - Number of stimulation channels: 42
2026-02-01 17:51:18,657 - INFO - Number of recorded neurons: 63
2026-02-01 17:51:18,659 - INFO - Sample X shape: torch.Size([42, 1]) (n_channels, n_input_bins)
2026-02-01 17:51:18,659 - INFO - Sample Y shape: torch.Size([63, 6]) (n_neurons, n_output_bins)
2026-02-01 17:51:18,706 - INFO - Using Apple Silicon MPS acceleration
2026-02-01 17:51:18,707 - INFO - PyTorch version: 2.10.0.dev20251124
2026-02-01 17:51:18,707 - INFO - Device: mps
2026-02-01 17:51:18,708 - INFO - Saved experiment config to results/binned_2026-02-01_17-50-32/config.json
2026-02-01 17:51:24,897 - INFO - Saved spike distribution plot (counts mode) to results/binned_2026-02-01_17-50-32/train_spike_distribution_counts.png
2026-02-01 17:51:29,894 - INFO - Saved spike distribution plot (binary mode) to results/binned_2026-02-01_17-50-32/train_spike_distribution_binary.png
2026-02-01 17:58:12,724 - INFO - Model: MLP
2026-02-01 17:58:12,725 - INFO -   Embedding: 5 categories -> 32-dim vectors
2026-02-01 17:58:12,725 - INFO -   Hidden layers: [128, 64]
2026-02-01 17:58:12,725 - INFO -   Dropout: 0.2
2026-02-01 17:58:12,726 - INFO -   Total parameters: 205,146
2026-02-01 17:58:12,726 - INFO -   Trainable parameters: 205,146
2026-02-01 17:58:13,102 - INFO - Input shape: torch.Size([128, 42, 1]), dtype: torch.int64
2026-02-01 17:58:13,103 - INFO - Output shape: torch.Size([128, 63, 6])
2026-02-01 17:58:13,103 - INFO - Target shape: torch.Size([128, 63, 6])
2026-02-01 17:58:13,103 - INFO - ✓ Output and target shapes match!
2026-02-01 17:58:15,076 - INFO - Sample model outputs (first batch):
2026-02-01 17:58:15,076 - INFO - Sample 0 target (neuron 4, all output bins): [0. 0. 0. 0. 0. 0.]
2026-02-01 17:58:15,077 - INFO - Sample 1 target (neuron 4, all output bins): [0. 0. 0. 0. 0. 0.]
2026-02-01 17:58:15,078 - INFO - Sample 2 target (neuron 4, all output bins): [0. 0. 1. 0. 1. 0.]
2026-02-01 17:58:15,078 - INFO - Sample 3 target (neuron 4, all output bins): [0. 0. 0. 0. 0. 0.]
2026-02-01 17:58:15,078 - INFO - Sample 4 target (neuron 4, all output bins): [0. 0. 0. 0. 0. 0.]
2026-02-01 17:58:15,083 - INFO - Sample 0 model output (neuron 4, all output bins): [-13.814483 -13.782104 -13.830134 -13.812732 -13.778588 -13.814932]
2026-02-01 17:58:15,084 - INFO - Sample 1 model output (neuron 4, all output bins): [-13.847808 -13.806545 -13.810352 -13.815595 -13.790327 -13.806751]
2026-02-01 17:58:15,084 - INFO - Sample 2 model output (neuron 4, all output bins): [-13.820714 -13.797131 -13.846056 -13.775234 -13.796267 -13.857795]
2026-02-01 17:58:15,085 - INFO - Sample 3 model output (neuron 4, all output bins): [-13.84106  -13.80341  -13.822923 -13.759867 -13.80633  -13.804487]
2026-02-01 17:58:15,085 - INFO - Sample 4 model output (neuron 4, all output bins): [-13.831192  -13.797274  -13.82874   -13.797213  -13.819777  -13.8007765]
2026-02-01 17:58:20,136 - INFO - Starting training...
2026-02-01 17:58:20,137 - INFO - ==================================================
2026-02-01 17:58:58,512 - INFO - Epoch   1/50 | Train Loss: 3.884596 | Val Loss: 0.190336 | Val Corr: 0.051423 | LR: 1.00e-03
2026-02-01 17:58:58,522 - INFO - Saved best model to results/binned_2026-02-01_17-50-32/best_stim_spike_model.pt
2026-02-01 17:59:34,526 - INFO - Epoch   2/50 | Train Loss: 3.581443 | Val Loss: 0.179581 | Val Corr: 0.028790 | LR: 1.00e-03
2026-02-01 18:00:11,923 - INFO - Epoch   3/50 | Train Loss: 3.160780 | Val Loss: 0.182603 | Val Corr: 0.049320 | LR: 1.00e-03
2026-02-01 18:00:50,568 - INFO - Epoch   4/50 | Train Loss: 3.153335 | Val Loss: 0.178123 | Val Corr: 0.045196 | LR: 1.00e-03
2026-02-01 18:01:29,002 - INFO - Epoch   5/50 | Train Loss: 3.200222 | Val Loss: 0.354724 | Val Corr: 0.033866 | LR: 1.00e-03
2026-02-01 18:02:08,301 - INFO - Epoch   6/50 | Train Loss: 3.193411 | Val Loss: 0.344800 | Val Corr: 0.037806 | LR: 1.00e-03
2026-02-01 18:02:47,550 - INFO - Epoch   7/50 | Train Loss: 3.142309 | Val Loss: 0.312981 | Val Corr: 0.037289 | LR: 1.00e-03
2026-02-01 18:03:26,671 - INFO - Epoch   8/50 | Train Loss: 3.101815 | Val Loss: 0.298241 | Val Corr: 0.040080 | LR: 1.00e-03
2026-02-01 18:04:05,594 - INFO - Epoch   9/50 | Train Loss: 3.086691 | Val Loss: 0.286525 | Val Corr: 0.044619 | LR: 1.00e-03
2026-02-01 18:04:43,946 - INFO - Epoch  10/50 | Train Loss: 3.145438 | Val Loss: 0.368047 | Val Corr: 0.032023 | LR: 5.00e-04
2026-02-01 18:05:22,305 - INFO - Epoch  11/50 | Train Loss: 3.031135 | Val Loss: 0.360037 | Val Corr: 0.041141 | LR: 5.00e-04
2026-02-01 18:05:22,307 - INFO - Early stopping at epoch 11
2026-02-01 18:05:22,307 - INFO - ==================================================
2026-02-01 18:05:22,307 - INFO - Training complete! Best validation loss: inf
2026-02-01 18:05:22,308 - INFO - Saved training history to results/binned_2026-02-01_17-50-32/training_history.json
2026-02-01 18:10:43,446 - INFO - Correlation between predicted and actual per-neuron averages: r=0.8494, p=1.38e-18
2026-02-01 18:10:49,277 - INFO - Pattern selectivity summary:
2026-02-01 18:10:49,278 - INFO -   Mean correlation across neurons: 0.0612
2026-02-01 18:10:49,279 - INFO -   Median correlation: 0.0581
2026-02-01 18:10:49,279 - INFO -   Neurons with r > 0.5: 1 / 63
2026-02-01 18:10:49,280 - INFO -   Neurons with r > 0.3: 2 / 63
2026-02-01 18:10:49,413 - INFO - 
Pattern selectivity summary:
2026-02-01 18:10:49,413 - INFO -   Mean correlation across neurons: 0.0612
2026-02-01 18:10:49,414 - INFO -   Median correlation: 0.0581
2026-02-01 18:10:49,414 - INFO -   Neurons with r > 0.5: 1 / 63
2026-02-01 18:10:49,414 - INFO -   Neurons with r > 0.3: 2 / 63
2026-02-01 18:10:50,767 - INFO - Sample model outputs (first batch):
2026-02-01 18:10:50,768 - INFO - Sample 0 target (neuron 4, all output bins): [0. 0. 0. 0. 0. 0.]
2026-02-01 18:10:50,770 - INFO - Sample 0 model output (neuron 4, all output bins): [-13.873127 -13.806972 -13.786084 -13.764747 -13.841746 -13.846406]
2026-02-01 18:10:54,686 - INFO - Found 50 oracle patterns
2026-02-01 18:10:54,686 - INFO - Using bin_size=10ms, n_input_bins=1, n_output_bins=6, output_offset=0
2026-02-01 18:10:54,687 - INFO - Total bins: 60, Valid input positions: 0 to 54
2026-02-01 18:10:55,025 - INFO - Saved pattern 4033 trial 0 figure to results/binned_2026-02-01_17-50-32/oracle_trials_by_pattern/pattern_4033/trial_00_timing_0.jpg
2026-02-01 18:11:01,441 - INFO - Completed pattern 4033 (1/50)
2026-02-01 18:11:01,748 - INFO - Saved pattern 4017 trial 0 figure to results/binned_2026-02-01_17-50-32/oracle_trials_by_pattern/pattern_4017/trial_00_timing_1.jpg
2026-02-01 18:11:07,642 - INFO - Completed pattern 4017 (2/50)
2026-02-01 18:11:07,953 - INFO - Saved pattern 4028 trial 0 figure to results/binned_2026-02-01_17-50-32/oracle_trials_by_pattern/pattern_4028/trial_00_timing_2.jpg
2026-02-01 18:11:14,165 - INFO - Completed pattern 4028 (3/50)
2026-02-01 18:11:14,166 - INFO - Pattern limit of 3 reached, stopping.
2026-02-01 18:11:14,167 - INFO - Saved all oracle pattern figures to results/binned_2026-02-01_17-50-32/oracle_trials_by_pattern
2026-02-01 19:03:53,172 - INFO - Building stim pattern for pattern_name 4033
2026-02-01 19:03:53,198 - INFO - Building stim pattern for pattern_name 4017
2026-02-01 19:03:53,210 - INFO - Building stim pattern for pattern_name 4028
2026-02-01 19:03:53,223 - INFO - Building stim pattern for pattern_name 2739
2026-02-01 19:03:53,233 - INFO - Building stim pattern for pattern_name 4003
2026-02-01 19:03:53,246 - INFO - Building stim pattern for pattern_name 3514
2026-02-01 19:03:53,258 - INFO - Building stim pattern for pattern_name 91
2026-02-01 19:03:53,270 - INFO - Building stim pattern for pattern_name 617
2026-02-01 19:03:53,279 - INFO - Building stim pattern for pattern_name 3852
2026-02-01 19:03:53,292 - INFO - Building stim pattern for pattern_name 4025
2026-02-01 19:03:53,305 - INFO - Building stim pattern for pattern_name 3219
2026-02-01 19:03:53,316 - INFO - Building stim pattern for pattern_name 3708
2026-02-01 19:03:53,326 - INFO - Building stim pattern for pattern_name 2977
2026-02-01 19:03:53,336 - INFO - Building stim pattern for pattern_name 399
2026-02-01 19:03:53,346 - INFO - Building stim pattern for pattern_name 3495
2026-02-01 19:03:53,355 - INFO - Building stim pattern for pattern_name 535
2026-02-01 19:03:53,367 - INFO - Building stim pattern for pattern_name 522
2026-02-01 19:03:53,377 - INFO - Building stim pattern for pattern_name 3430
2026-02-01 19:03:53,388 - INFO - Building stim pattern for pattern_name 4004
2026-02-01 19:03:53,402 - INFO - Building stim pattern for pattern_name 1001
2026-02-01 19:03:53,415 - INFO - Building stim pattern for pattern_name 244
2026-02-01 19:03:53,425 - INFO - Building stim pattern for pattern_name 1209
2026-02-01 19:03:53,436 - INFO - Building stim pattern for pattern_name 858
2026-02-01 19:03:53,448 - INFO - Building stim pattern for pattern_name 2446
2026-02-01 19:03:53,458 - INFO - Building stim pattern for pattern_name 623
2026-02-01 19:03:53,468 - INFO - Building stim pattern for pattern_name 1578
2026-02-01 19:03:53,478 - INFO - Building stim pattern for pattern_name 1268
2026-02-01 19:03:53,487 - INFO - Building stim pattern for pattern_name 47
2026-02-01 19:03:53,498 - INFO - Building stim pattern for pattern_name 1768
2026-02-01 19:03:53,510 - INFO - Building stim pattern for pattern_name 2971
2026-02-01 19:03:53,522 - INFO - Building stim pattern for pattern_name 3515
2026-02-01 19:03:53,532 - INFO - Building stim pattern for pattern_name 238
2026-02-01 19:03:53,543 - INFO - Building stim pattern for pattern_name 90
2026-02-01 19:03:53,554 - INFO - Building stim pattern for pattern_name 2509
2026-02-01 19:03:53,565 - INFO - Building stim pattern for pattern_name 695
2026-02-01 19:03:53,577 - INFO - Building stim pattern for pattern_name 369
2026-02-01 19:03:53,587 - INFO - Building stim pattern for pattern_name 596
2026-02-01 19:03:53,598 - INFO - Building stim pattern for pattern_name 2055
2026-02-01 19:03:53,608 - INFO - Building stim pattern for pattern_name 4040
2026-02-01 19:03:53,616 - INFO - Building stim pattern for pattern_name 2275
2026-02-01 19:03:53,626 - INFO - Building stim pattern for pattern_name 784
2026-02-01 19:03:53,635 - INFO - Building stim pattern for pattern_name 373
2026-02-01 19:03:53,645 - INFO - Building stim pattern for pattern_name 43
2026-02-01 19:03:53,655 - INFO - Building stim pattern for pattern_name 3162
2026-02-01 19:03:53,666 - INFO - Building stim pattern for pattern_name 3934
2026-02-01 19:03:53,676 - INFO - Building stim pattern for pattern_name 3718
2026-02-01 19:03:53,686 - INFO - Building stim pattern for pattern_name 2046
2026-02-01 19:03:53,695 - INFO - Building stim pattern for pattern_name 3660
2026-02-01 19:03:53,705 - INFO - Building stim pattern for pattern_name 2329
2026-02-01 19:03:53,717 - INFO - Building stim pattern for pattern_name 1278
2026-02-01 19:03:53,727 - INFO - Building stim pattern for pattern_name 3361
2026-02-01 19:03:53,737 - INFO - Building stim pattern for pattern_name 277
2026-02-01 19:03:53,747 - INFO - Building stim pattern for pattern_name 2556
2026-02-01 19:03:53,757 - INFO - Building stim pattern for pattern_name 3010
2026-02-01 19:03:53,767 - INFO - Building stim pattern for pattern_name 4038
2026-02-01 19:03:53,777 - INFO - Building stim pattern for pattern_name 1626
2026-02-01 19:03:53,786 - INFO - Building stim pattern for pattern_name 2212
2026-02-01 19:03:53,797 - INFO - Building stim pattern for pattern_name 2428
2026-02-01 19:03:53,807 - INFO - Building stim pattern for pattern_name 840
2026-02-01 19:03:53,817 - INFO - Building stim pattern for pattern_name 4022
2026-02-01 19:03:53,827 - INFO - Building stim pattern for pattern_name 2597
2026-02-01 19:03:53,838 - INFO - Building stim pattern for pattern_name 2560
2026-02-01 19:03:53,847 - INFO - Building stim pattern for pattern_name 3531
2026-02-01 19:03:53,856 - INFO - Building stim pattern for pattern_name 3288
2026-02-01 19:03:53,865 - INFO - Building stim pattern for pattern_name 3119
2026-02-01 19:03:53,874 - INFO - Building stim pattern for pattern_name 776
2026-02-01 19:03:53,884 - INFO - Building stim pattern for pattern_name 3074
2026-02-01 19:03:53,893 - INFO - Building stim pattern for pattern_name 2100
2026-02-01 19:03:53,902 - INFO - Building stim pattern for pattern_name 449
2026-02-01 19:03:53,910 - INFO - Building stim pattern for pattern_name 716
2026-02-01 19:03:53,920 - INFO - Building stim pattern for pattern_name 4034
2026-02-01 19:03:53,929 - INFO - Building stim pattern for pattern_name 3365
2026-02-01 19:03:53,938 - INFO - Building stim pattern for pattern_name 1181
2026-02-01 19:03:53,948 - INFO - Building stim pattern for pattern_name 4030
2026-02-01 19:03:53,959 - INFO - Building stim pattern for pattern_name 4031
2026-02-01 19:03:54,033 - INFO - Building stim pattern for pattern_name 1296
2026-02-01 19:03:54,049 - INFO - Building stim pattern for pattern_name 814
2026-02-01 19:03:54,072 - INFO - Building stim pattern for pattern_name 4005
2026-02-01 19:03:54,085 - INFO - Building stim pattern for pattern_name 3584
2026-02-01 19:03:54,095 - INFO - Building stim pattern for pattern_name 570
2026-02-01 19:03:54,105 - INFO - Building stim pattern for pattern_name 2649
2026-02-01 19:03:54,114 - INFO - Building stim pattern for pattern_name 962
2026-02-01 19:03:54,123 - INFO - Building stim pattern for pattern_name 4
2026-02-01 19:03:54,133 - INFO - Building stim pattern for pattern_name 2240
2026-02-01 19:03:54,143 - INFO - Building stim pattern for pattern_name 2929
2026-02-01 19:03:54,152 - INFO - Building stim pattern for pattern_name 345
2026-02-01 19:03:54,161 - INFO - Building stim pattern for pattern_name 3545
2026-02-01 19:03:54,170 - INFO - Building stim pattern for pattern_name 1590
2026-02-01 19:03:54,180 - INFO - Building stim pattern for pattern_name 3243
2026-02-01 19:03:54,190 - INFO - Building stim pattern for pattern_name 3251
2026-02-01 19:03:54,200 - INFO - Building stim pattern for pattern_name 1261
2026-02-01 19:03:54,209 - INFO - Building stim pattern for pattern_name 3792
2026-02-01 19:03:54,224 - INFO - Building stim pattern for pattern_name 4010
2026-02-01 19:03:54,234 - INFO - Building stim pattern for pattern_name 3475
2026-02-01 19:03:54,244 - INFO - Building stim pattern for pattern_name 1583
2026-02-01 19:03:54,254 - INFO - Building stim pattern for pattern_name 2987
2026-02-01 19:03:54,273 - INFO - Building stim pattern for pattern_name 1373
2026-02-01 19:03:54,283 - INFO - Building stim pattern for pattern_name 670
2026-02-01 19:03:54,294 - INFO - Building stim pattern for pattern_name 2630
2026-02-01 19:03:54,305 - INFO - Building stim pattern for pattern_name 566
2026-02-01 19:03:54,316 - INFO - Building stim pattern for pattern_name 1389
2026-02-01 19:03:54,332 - INFO - Building stim pattern for pattern_name 2721
2026-02-01 19:03:54,343 - INFO - Building stim pattern for pattern_name 2260
2026-02-01 19:03:54,353 - INFO - Building stim pattern for pattern_name 2022
2026-02-01 19:03:54,363 - INFO - Building stim pattern for pattern_name 4039
2026-02-01 19:03:54,374 - INFO - Building stim pattern for pattern_name 1930
2026-02-01 19:03:54,383 - INFO - Building stim pattern for pattern_name 738
2026-02-01 19:03:54,393 - INFO - Building stim pattern for pattern_name 2002
2026-02-01 19:03:54,402 - INFO - Building stim pattern for pattern_name 3454
2026-02-01 19:03:54,412 - INFO - Building stim pattern for pattern_name 408
2026-02-01 19:03:54,422 - INFO - Building stim pattern for pattern_name 4002
2026-02-01 19:03:54,438 - INFO - Building stim pattern for pattern_name 227
2026-02-01 19:03:54,447 - INFO - Building stim pattern for pattern_name 3404
2026-02-01 19:03:54,457 - INFO - Building stim pattern for pattern_name 10
2026-02-01 19:03:54,468 - INFO - Building stim pattern for pattern_name 2714
2026-02-01 19:03:54,478 - INFO - Building stim pattern for pattern_name 4026
2026-02-01 19:03:54,498 - INFO - Building stim pattern for pattern_name 3755
2026-02-01 19:03:54,513 - INFO - Building stim pattern for pattern_name 1052
2026-02-01 19:03:54,538 - INFO - Building stim pattern for pattern_name 258
2026-02-01 19:03:54,555 - INFO - Building stim pattern for pattern_name 576
2026-02-01 19:03:54,570 - INFO - Building stim pattern for pattern_name 1895
2026-02-01 19:03:54,584 - INFO - Building stim pattern for pattern_name 1455
2026-02-01 19:03:54,595 - INFO - Building stim pattern for pattern_name 1439
2026-02-01 19:03:54,607 - INFO - Building stim pattern for pattern_name 2933
2026-02-01 19:03:54,620 - INFO - Building stim pattern for pattern_name 1325
2026-02-01 19:03:54,633 - INFO - Building stim pattern for pattern_name 3610
2026-02-01 19:03:54,646 - INFO - Building stim pattern for pattern_name 3601
2026-02-01 19:03:54,659 - INFO - Building stim pattern for pattern_name 3022
2026-02-01 19:03:54,669 - INFO - Building stim pattern for pattern_name 1312
2026-02-01 19:03:54,679 - INFO - Building stim pattern for pattern_name 1654
2026-02-01 19:03:54,691 - INFO - Building stim pattern for pattern_name 2031
2026-02-01 19:03:54,702 - INFO - Building stim pattern for pattern_name 1564
2026-02-01 19:03:54,717 - INFO - Building stim pattern for pattern_name 3398
2026-02-01 19:03:54,727 - INFO - Building stim pattern for pattern_name 4047
2026-02-01 19:03:54,737 - INFO - Building stim pattern for pattern_name 4036
2026-02-01 19:03:54,747 - INFO - Building stim pattern for pattern_name 727
2026-02-01 19:03:54,757 - INFO - Building stim pattern for pattern_name 263
2026-02-01 19:03:54,768 - INFO - Building stim pattern for pattern_name 2402
2026-02-01 19:03:54,777 - INFO - Building stim pattern for pattern_name 4020
2026-02-01 19:03:54,787 - INFO - Building stim pattern for pattern_name 4049
2026-02-01 19:03:54,797 - INFO - Building stim pattern for pattern_name 4029
2026-02-01 19:03:54,807 - INFO - Building stim pattern for pattern_name 3641
2026-02-01 19:03:54,817 - INFO - Building stim pattern for pattern_name 501
2026-02-01 19:03:54,829 - INFO - Building stim pattern for pattern_name 3574
2026-02-01 19:03:54,839 - INFO - Building stim pattern for pattern_name 2214
2026-02-01 19:03:54,850 - INFO - Building stim pattern for pattern_name 543
2026-02-01 19:03:54,860 - INFO - Building stim pattern for pattern_name 4044
2026-02-01 19:03:54,871 - INFO - Building stim pattern for pattern_name 2058
2026-02-01 19:03:54,882 - INFO - Building stim pattern for pattern_name 4012
2026-02-01 19:03:54,891 - INFO - Building stim pattern for pattern_name 1565
2026-02-01 19:03:54,900 - INFO - Building stim pattern for pattern_name 3892
2026-02-01 19:03:54,910 - INFO - Building stim pattern for pattern_name 2481
2026-02-01 19:03:54,920 - INFO - Building stim pattern for pattern_name 334
2026-02-01 19:03:54,930 - INFO - Building stim pattern for pattern_name 2102
2026-02-01 19:03:54,941 - INFO - Building stim pattern for pattern_name 3316
2026-02-01 19:03:54,956 - INFO - Building stim pattern for pattern_name 4037
2026-02-01 19:03:54,966 - INFO - Building stim pattern for pattern_name 1577
2026-02-01 19:03:54,975 - INFO - Building stim pattern for pattern_name 4045
2026-02-01 19:03:54,986 - INFO - Building stim pattern for pattern_name 394
2026-02-01 19:03:54,995 - INFO - Building stim pattern for pattern_name 1252
2026-02-01 19:03:55,004 - INFO - Building stim pattern for pattern_name 870
2026-02-01 19:03:55,019 - INFO - Building stim pattern for pattern_name 1892
2026-02-01 19:03:55,029 - INFO - Building stim pattern for pattern_name 1727
2026-02-01 19:03:55,040 - INFO - Building stim pattern for pattern_name 175
2026-02-01 19:03:55,055 - INFO - Building stim pattern for pattern_name 285
2026-02-01 19:03:55,065 - INFO - Building stim pattern for pattern_name 560
2026-02-01 19:03:55,074 - INFO - Building stim pattern for pattern_name 2111
2026-02-01 19:03:55,084 - INFO - Building stim pattern for pattern_name 3690
2026-02-01 19:03:55,093 - INFO - Building stim pattern for pattern_name 2901
2026-02-01 19:03:55,102 - INFO - Building stim pattern for pattern_name 77
2026-02-01 19:03:55,113 - INFO - Building stim pattern for pattern_name 3692
2026-02-01 19:03:55,124 - INFO - Building stim pattern for pattern_name 3193
2026-02-01 19:03:55,132 - INFO - Building stim pattern for pattern_name 896
2026-02-01 19:03:55,142 - INFO - Building stim pattern for pattern_name 2138
2026-02-01 19:03:55,150 - INFO - Building stim pattern for pattern_name 1822
2026-02-01 19:03:55,159 - INFO - Building stim pattern for pattern_name 2381
2026-02-01 19:03:55,168 - INFO - Building stim pattern for pattern_name 2717
2026-02-01 19:03:55,178 - INFO - Building stim pattern for pattern_name 4014
2026-02-01 19:03:55,188 - INFO - Building stim pattern for pattern_name 481
2026-02-01 19:03:55,204 - INFO - Building stim pattern for pattern_name 2091
2026-02-01 19:03:55,215 - INFO - Building stim pattern for pattern_name 2664
2026-02-01 19:03:55,226 - INFO - Building stim pattern for pattern_name 3013
2026-02-01 19:03:55,238 - INFO - Building stim pattern for pattern_name 463
2026-02-01 19:03:55,247 - INFO - Building stim pattern for pattern_name 707
2026-02-01 19:03:55,257 - INFO - Building stim pattern for pattern_name 3307
2026-02-01 19:03:55,266 - INFO - Building stim pattern for pattern_name 4015
2026-02-01 19:03:55,283 - INFO - Building stim pattern for pattern_name 3803
2026-02-01 19:03:55,294 - INFO - Building stim pattern for pattern_name 4023
2026-02-01 19:03:55,303 - INFO - Building stim pattern for pattern_name 2383
2026-02-01 19:03:55,311 - INFO - Building stim pattern for pattern_name 3612
2026-02-01 19:03:55,328 - INFO - Building stim pattern for pattern_name 1697
2026-02-01 19:03:55,337 - INFO - Building stim pattern for pattern_name 3728
2026-02-01 19:03:55,347 - INFO - Building stim pattern for pattern_name 4048
2026-02-01 19:03:55,357 - INFO - Building stim pattern for pattern_name 3467
2026-02-01 19:03:55,367 - INFO - Building stim pattern for pattern_name 1574
2026-02-01 19:03:55,376 - INFO - Building stim pattern for pattern_name 862
2026-02-01 19:03:55,386 - INFO - Building stim pattern for pattern_name 3815
2026-02-01 19:03:55,397 - INFO - Building stim pattern for pattern_name 1971
2026-02-01 19:03:55,406 - INFO - Building stim pattern for pattern_name 2552
2026-02-01 19:03:55,416 - INFO - Building stim pattern for pattern_name 1106
2026-02-01 19:03:55,426 - INFO - Building stim pattern for pattern_name 4011
2026-02-01 19:03:55,438 - INFO - Building stim pattern for pattern_name 1169
2026-02-01 19:03:55,447 - INFO - Building stim pattern for pattern_name 2064
2026-02-01 19:03:55,457 - INFO - Building stim pattern for pattern_name 842
2026-02-01 19:03:55,466 - INFO - Building stim pattern for pattern_name 1291
2026-02-01 19:03:55,475 - INFO - Building stim pattern for pattern_name 1010
2026-02-01 19:03:55,484 - INFO - Building stim pattern for pattern_name 2060
2026-02-01 19:03:55,498 - INFO - Building stim pattern for pattern_name 446
2026-02-01 19:03:55,506 - INFO - Building stim pattern for pattern_name 2079
2026-02-01 19:03:55,517 - INFO - Building stim pattern for pattern_name 1757
2026-02-01 19:03:55,526 - INFO - Building stim pattern for pattern_name 2970
2026-02-01 19:03:55,538 - INFO - Building stim pattern for pattern_name 2644
2026-02-01 19:03:55,548 - INFO - Building stim pattern for pattern_name 3990
2026-02-01 19:03:55,558 - INFO - Building stim pattern for pattern_name 3640
2026-02-01 19:03:55,567 - INFO - Building stim pattern for pattern_name 1082
2026-02-01 19:03:55,576 - INFO - Building stim pattern for pattern_name 2042
2026-02-01 19:03:55,585 - INFO - Building stim pattern for pattern_name 95
2026-02-01 19:03:55,594 - INFO - Building stim pattern for pattern_name 2950
2026-02-01 19:03:55,604 - INFO - Building stim pattern for pattern_name 426
2026-02-01 19:03:55,612 - INFO - Building stim pattern for pattern_name 1850
2026-02-01 19:03:55,622 - INFO - Building stim pattern for pattern_name 75
2026-02-01 19:03:55,632 - INFO - Building stim pattern for pattern_name 2924
2026-02-01 19:03:55,646 - INFO - Building stim pattern for pattern_name 2441
2026-02-01 19:03:55,656 - INFO - Building stim pattern for pattern_name 3549
2026-02-01 19:03:55,667 - INFO - Building stim pattern for pattern_name 2675
2026-02-01 19:03:55,685 - INFO - Building stim pattern for pattern_name 2725
2026-02-01 19:03:55,695 - INFO - Building stim pattern for pattern_name 1870
2026-02-01 19:03:55,706 - INFO - Building stim pattern for pattern_name 2451
2026-02-01 19:03:55,719 - INFO - Building stim pattern for pattern_name 3724
2026-02-01 19:03:55,732 - INFO - Building stim pattern for pattern_name 3249
2026-02-01 19:03:55,743 - INFO - Building stim pattern for pattern_name 3699
2026-02-01 19:03:55,757 - INFO - Building stim pattern for pattern_name 3552
2026-02-01 19:03:55,772 - INFO - Building stim pattern for pattern_name 4019
2026-02-01 19:03:55,785 - INFO - Building stim pattern for pattern_name 3991
2026-02-01 19:03:55,805 - INFO - Building stim pattern for pattern_name 947
2026-02-01 19:03:55,818 - INFO - Building stim pattern for pattern_name 3400
2026-02-01 19:03:55,829 - INFO - Building stim pattern for pattern_name 1872
2026-02-01 19:03:55,841 - INFO - Building stim pattern for pattern_name 2998
2026-02-01 19:03:55,853 - INFO - Building stim pattern for pattern_name 279
2026-02-01 19:03:55,862 - INFO - Building stim pattern for pattern_name 2713
2026-02-01 19:03:55,873 - INFO - Building stim pattern for pattern_name 3671
2026-02-01 19:03:55,882 - INFO - Building stim pattern for pattern_name 2049
2026-02-01 19:03:55,898 - INFO - Building stim pattern for pattern_name 3492
2026-02-01 19:03:55,908 - INFO - Building stim pattern for pattern_name 3191
2026-02-01 19:03:55,919 - INFO - Building stim pattern for pattern_name 1320
2026-02-01 19:03:55,939 - INFO - Building stim pattern for pattern_name 1107
2026-02-01 19:03:55,955 - INFO - Building stim pattern for pattern_name 1467
2026-02-01 19:03:55,967 - INFO - Building stim pattern for pattern_name 242
2026-02-01 19:03:55,981 - INFO - Building stim pattern for pattern_name 159
2026-02-01 19:03:55,992 - INFO - Building stim pattern for pattern_name 3747
2026-02-01 19:03:56,005 - INFO - Building stim pattern for pattern_name 951
2026-02-01 19:03:56,015 - INFO - Building stim pattern for pattern_name 4050
2026-02-01 19:03:56,024 - INFO - Building stim pattern for pattern_name 2008
2026-02-01 19:03:56,034 - INFO - Building stim pattern for pattern_name 956
2026-02-01 19:03:56,043 - INFO - Building stim pattern for pattern_name 3761
2026-02-01 19:03:56,053 - INFO - Building stim pattern for pattern_name 1473
2026-02-01 19:03:56,063 - INFO - Building stim pattern for pattern_name 2087
2026-02-01 19:03:56,073 - INFO - Building stim pattern for pattern_name 1154
2026-02-01 19:03:56,083 - INFO - Building stim pattern for pattern_name 2730
2026-02-01 19:03:56,091 - INFO - Building stim pattern for pattern_name 2718
2026-02-01 19:03:56,100 - INFO - Building stim pattern for pattern_name 218
2026-02-01 19:03:56,108 - INFO - Building stim pattern for pattern_name 4018
2026-02-01 19:03:56,117 - INFO - Building stim pattern for pattern_name 2301
2026-02-01 19:03:56,127 - INFO - Building stim pattern for pattern_name 3763
2026-02-01 19:03:56,137 - INFO - Building stim pattern for pattern_name 1623
2026-02-01 19:03:56,151 - INFO - Building stim pattern for pattern_name 3285
2026-02-01 19:03:56,161 - INFO - Building stim pattern for pattern_name 953
2026-02-01 19:03:56,171 - INFO - Building stim pattern for pattern_name 1075
2026-02-01 19:03:56,181 - INFO - Building stim pattern for pattern_name 143
2026-02-01 19:03:56,190 - INFO - Building stim pattern for pattern_name 250
2026-02-01 19:03:56,201 - INFO - Building stim pattern for pattern_name 1644
2026-02-01 19:03:56,216 - INFO - Building stim pattern for pattern_name 2740
2026-02-01 19:03:56,226 - INFO - Building stim pattern for pattern_name 1048
2026-02-01 19:03:56,236 - INFO - Building stim pattern for pattern_name 3084
2026-02-01 19:03:56,252 - INFO - Building stim pattern for pattern_name 3717
2026-02-01 19:03:56,262 - INFO - Building stim pattern for pattern_name 2184
2026-02-01 19:03:56,271 - INFO - Building stim pattern for pattern_name 128
2026-02-01 19:03:56,280 - INFO - Building stim pattern for pattern_name 965
2026-02-01 19:03:56,291 - INFO - Building stim pattern for pattern_name 3493
2026-02-01 19:03:56,303 - INFO - Building stim pattern for pattern_name 1234
2026-02-01 19:03:56,313 - INFO - Building stim pattern for pattern_name 3247
2026-02-01 19:03:56,329 - INFO - Building stim pattern for pattern_name 4001
2026-02-01 19:03:56,338 - INFO - Building stim pattern for pattern_name 2430
2026-02-01 19:03:56,350 - INFO - Building stim pattern for pattern_name 3266
2026-02-01 19:03:56,361 - INFO - Building stim pattern for pattern_name 1227
2026-02-01 19:03:56,372 - INFO - Building stim pattern for pattern_name 2495
2026-02-01 19:03:56,384 - INFO - Building stim pattern for pattern_name 3507
2026-02-01 19:03:56,396 - INFO - Building stim pattern for pattern_name 181
2026-02-01 19:03:56,413 - INFO - Building stim pattern for pattern_name 1036
2026-02-01 19:03:56,424 - INFO - Building stim pattern for pattern_name 922
2026-02-01 19:03:56,441 - INFO - Building stim pattern for pattern_name 3226
2026-02-01 19:03:56,452 - INFO - Building stim pattern for pattern_name 100
2026-02-01 19:03:56,463 - INFO - Building stim pattern for pattern_name 1211
2026-02-01 19:03:56,509 - INFO - Building stim pattern for pattern_name 440
2026-02-01 19:03:56,603 - INFO - Building stim pattern for pattern_name 2073
2026-02-01 19:03:56,656 - INFO - Building stim pattern for pattern_name 4032
2026-02-01 19:03:56,682 - INFO - Building stim pattern for pattern_name 3500
2026-02-01 19:03:56,694 - INFO - Building stim pattern for pattern_name 3644
2026-02-01 19:03:56,705 - INFO - Building stim pattern for pattern_name 3916
2026-02-01 19:03:56,715 - INFO - Building stim pattern for pattern_name 1394
2026-02-01 19:03:56,726 - INFO - Building stim pattern for pattern_name 483
2026-02-01 19:03:56,737 - INFO - Building stim pattern for pattern_name 4021
2026-02-01 19:03:56,747 - INFO - Building stim pattern for pattern_name 3
2026-02-01 19:03:56,762 - INFO - Building stim pattern for pattern_name 213
2026-02-01 19:03:56,773 - INFO - Building stim pattern for pattern_name 251
2026-02-01 19:03:56,783 - INFO - Building stim pattern for pattern_name 1120
2026-02-01 19:03:56,796 - INFO - Building stim pattern for pattern_name 1975
2026-02-01 19:03:56,805 - INFO - Building stim pattern for pattern_name 1508
2026-02-01 19:03:56,817 - INFO - Building stim pattern for pattern_name 4046
2026-02-01 19:03:56,827 - INFO - Building stim pattern for pattern_name 3344
2026-02-01 19:03:56,838 - INFO - Building stim pattern for pattern_name 750
2026-02-01 19:03:56,848 - INFO - Building stim pattern for pattern_name 3446
2026-02-01 19:03:56,858 - INFO - Building stim pattern for pattern_name 4006
2026-02-01 19:03:56,869 - INFO - Building stim pattern for pattern_name 2695
2026-02-01 19:03:56,881 - INFO - Building stim pattern for pattern_name 3354
2026-02-01 19:03:56,891 - INFO - Building stim pattern for pattern_name 1520
2026-02-01 19:03:56,900 - INFO - Building stim pattern for pattern_name 1826
2026-02-01 19:03:56,911 - INFO - Building stim pattern for pattern_name 2940
2026-02-01 19:03:56,920 - INFO - Building stim pattern for pattern_name 2122
2026-02-01 19:03:56,930 - INFO - Building stim pattern for pattern_name 881
2026-02-01 19:03:56,940 - INFO - Building stim pattern for pattern_name 3672
2026-02-01 19:03:56,949 - INFO - Building stim pattern for pattern_name 992
2026-02-01 19:03:56,961 - INFO - Building stim pattern for pattern_name 2321
2026-02-01 19:03:56,970 - INFO - Building stim pattern for pattern_name 2616
2026-02-01 19:03:56,981 - INFO - Building stim pattern for pattern_name 262
2026-02-01 19:03:56,991 - INFO - Building stim pattern for pattern_name 1469
2026-02-01 19:03:57,002 - INFO - Building stim pattern for pattern_name 2457
2026-02-01 19:03:57,017 - INFO - Building stim pattern for pattern_name 4013
2026-02-01 19:03:57,027 - INFO - Building stim pattern for pattern_name 2163
2026-02-01 19:03:57,036 - INFO - Building stim pattern for pattern_name 1813
2026-02-01 19:03:57,046 - INFO - Building stim pattern for pattern_name 1774
2026-02-01 19:03:57,057 - INFO - Building stim pattern for pattern_name 1958
2026-02-01 19:03:57,067 - INFO - Building stim pattern for pattern_name 1381
2026-02-01 19:03:57,077 - INFO - Building stim pattern for pattern_name 686
2026-02-01 19:03:57,086 - INFO - Building stim pattern for pattern_name 1858
2026-02-01 19:03:57,096 - INFO - Building stim pattern for pattern_name 3453
2026-02-01 19:03:57,107 - INFO - Building stim pattern for pattern_name 3733
2026-02-01 19:03:57,119 - INFO - Building stim pattern for pattern_name 556
2026-02-01 19:03:57,129 - INFO - Building stim pattern for pattern_name 1994
2026-02-01 19:03:57,140 - INFO - Building stim pattern for pattern_name 2524
2026-02-01 19:03:57,156 - INFO - Building stim pattern for pattern_name 557
2026-02-01 19:03:57,168 - INFO - Building stim pattern for pattern_name 1558
2026-02-01 19:03:57,184 - INFO - Building stim pattern for pattern_name 60
2026-02-01 19:03:57,197 - INFO - Building stim pattern for pattern_name 2622
2026-02-01 19:03:57,208 - INFO - Building stim pattern for pattern_name 1390
2026-02-01 19:03:57,217 - INFO - Building stim pattern for pattern_name 1571
2026-02-01 19:03:57,227 - INFO - Building stim pattern for pattern_name 3504
2026-02-01 19:03:57,239 - INFO - Building stim pattern for pattern_name 495
2026-02-01 19:03:57,249 - INFO - Building stim pattern for pattern_name 2783
2026-02-01 19:03:57,260 - INFO - Building stim pattern for pattern_name 3214
2026-02-01 19:03:57,271 - INFO - Building stim pattern for pattern_name 952
2026-02-01 19:03:57,282 - INFO - Building stim pattern for pattern_name 3294
2026-02-01 19:03:57,294 - INFO - Building stim pattern for pattern_name 660
2026-02-01 19:03:57,308 - INFO - Building stim pattern for pattern_name 946
2026-02-01 19:03:57,318 - INFO - Building stim pattern for pattern_name 2420
2026-02-01 19:03:57,329 - INFO - Building stim pattern for pattern_name 4027
2026-02-01 19:03:57,341 - INFO - Building stim pattern for pattern_name 1995
2026-02-01 19:03:57,358 - INFO - Building stim pattern for pattern_name 1279
2026-02-01 19:03:57,370 - INFO - Building stim pattern for pattern_name 2700
2026-02-01 19:03:57,381 - INFO - Building stim pattern for pattern_name 1475
2026-02-01 19:03:57,393 - INFO - Building stim pattern for pattern_name 869
2026-02-01 19:03:57,405 - INFO - Building stim pattern for pattern_name 2167
2026-02-01 19:03:57,426 - INFO - Building stim pattern for pattern_name 577
2026-02-01 19:03:57,437 - INFO - Building stim pattern for pattern_name 4016
2026-02-01 19:03:57,450 - INFO - Building stim pattern for pattern_name 2799
2026-02-01 19:03:57,461 - INFO - Building stim pattern for pattern_name 3782
2026-02-01 19:03:57,473 - INFO - Building stim pattern for pattern_name 1906
2026-02-01 19:03:57,483 - INFO - Building stim pattern for pattern_name 865
2026-02-01 19:03:57,493 - INFO - Building stim pattern for pattern_name 1899
2026-02-01 19:03:57,501 - INFO - Building stim pattern for pattern_name 350
2026-02-01 19:03:57,511 - INFO - Building stim pattern for pattern_name 3349
2026-02-01 19:03:57,526 - INFO - Building stim pattern for pattern_name 3253
2026-02-01 19:03:57,536 - INFO - Building stim pattern for pattern_name 3470
2026-02-01 19:03:57,545 - INFO - Building stim pattern for pattern_name 3292
2026-02-01 19:03:57,555 - INFO - Building stim pattern for pattern_name 3817
2026-02-01 19:03:57,565 - INFO - Building stim pattern for pattern_name 192
2026-02-01 19:03:57,576 - INFO - Building stim pattern for pattern_name 900
2026-02-01 19:03:57,587 - INFO - Building stim pattern for pattern_name 294
2026-02-01 19:03:57,597 - INFO - Building stim pattern for pattern_name 161
2026-02-01 19:03:57,617 - INFO - Building stim pattern for pattern_name 2539
2026-02-01 19:03:57,626 - INFO - Building stim pattern for pattern_name 1854
2026-02-01 19:03:57,634 - INFO - Building stim pattern for pattern_name 3469
2026-02-01 19:03:57,644 - INFO - Building stim pattern for pattern_name 2053
2026-02-01 19:03:57,654 - INFO - Building stim pattern for pattern_name 3100
2026-02-01 19:03:57,673 - INFO - Building stim pattern for pattern_name 967
2026-02-01 19:03:57,683 - INFO - Building stim pattern for pattern_name 3840
2026-02-01 19:03:57,694 - INFO - Building stim pattern for pattern_name 2020
2026-02-01 19:03:57,704 - INFO - Building stim pattern for pattern_name 3423
2026-02-01 19:03:57,713 - INFO - Building stim pattern for pattern_name 141
2026-02-01 19:03:57,723 - INFO - Building stim pattern for pattern_name 3861
2026-02-01 19:03:57,733 - INFO - Building stim pattern for pattern_name 584
2026-02-01 19:03:57,743 - INFO - Building stim pattern for pattern_name 969
2026-02-01 19:03:57,757 - INFO - Building stim pattern for pattern_name 3582
2026-02-01 19:03:57,766 - INFO - Building stim pattern for pattern_name 3050
2026-02-01 19:03:57,776 - INFO - Building stim pattern for pattern_name 439
2026-02-01 19:03:57,786 - INFO - Building stim pattern for pattern_name 3742
2026-02-01 19:03:57,796 - INFO - Building stim pattern for pattern_name 3036
2026-02-01 19:03:57,811 - INFO - Building stim pattern for pattern_name 2346
2026-02-01 19:03:57,827 - INFO - Building stim pattern for pattern_name 3713
2026-02-01 19:03:57,843 - INFO - Building stim pattern for pattern_name 2185
2026-02-01 19:03:57,852 - INFO - Building stim pattern for pattern_name 3794
2026-02-01 19:03:57,863 - INFO - Building stim pattern for pattern_name 1458
2026-02-01 19:03:57,874 - INFO - Building stim pattern for pattern_name 3301
2026-02-01 19:03:57,883 - INFO - Building stim pattern for pattern_name 1421
2026-02-01 19:03:57,893 - INFO - Building stim pattern for pattern_name 2047
2026-02-01 19:03:57,902 - INFO - Building stim pattern for pattern_name 1666
2026-02-01 19:03:57,912 - INFO - Building stim pattern for pattern_name 852
2026-02-01 19:03:57,925 - INFO - Building stim pattern for pattern_name 461
2026-02-01 19:03:57,934 - INFO - Building stim pattern for pattern_name 2964
2026-02-01 19:03:57,943 - INFO - Building stim pattern for pattern_name 3723
2026-02-01 19:03:57,954 - INFO - Building stim pattern for pattern_name 2045
2026-02-01 19:03:57,965 - INFO - Building stim pattern for pattern_name 3663
2026-02-01 19:03:57,976 - INFO - Building stim pattern for pattern_name 1694
2026-02-01 19:03:57,991 - INFO - Building stim pattern for pattern_name 3772
2026-02-01 19:03:58,002 - INFO - Building stim pattern for pattern_name 593
2026-02-01 19:03:58,013 - INFO - Building stim pattern for pattern_name 2256
2026-02-01 19:03:58,022 - INFO - Building stim pattern for pattern_name 2750
2026-02-01 19:03:58,041 - INFO - Building stim pattern for pattern_name 3007
2026-02-01 19:03:58,050 - INFO - Building stim pattern for pattern_name 1875
2026-02-01 19:03:58,061 - INFO - Building stim pattern for pattern_name 2231
2026-02-01 19:03:58,070 - INFO - Building stim pattern for pattern_name 310
2026-02-01 19:03:58,079 - INFO - Building stim pattern for pattern_name 1939
2026-02-01 19:03:58,088 - INFO - Building stim pattern for pattern_name 1037
2026-02-01 19:03:58,102 - INFO - Building stim pattern for pattern_name 3302
2026-02-01 19:03:58,112 - INFO - Building stim pattern for pattern_name 3597
2026-02-01 19:03:58,122 - INFO - Building stim pattern for pattern_name 2225
2026-02-01 19:03:58,137 - INFO - Building stim pattern for pattern_name 4043
2026-02-01 19:03:58,146 - INFO - Building stim pattern for pattern_name 3413
2026-02-01 19:03:58,166 - INFO - Building stim pattern for pattern_name 2592
2026-02-01 19:03:58,173 - INFO - Building stim pattern for pattern_name 3888
2026-02-01 19:03:58,182 - INFO - Building stim pattern for pattern_name 3853
2026-02-01 19:03:58,196 - INFO - Building stim pattern for pattern_name 2804
2026-02-01 19:03:58,206 - INFO - Building stim pattern for pattern_name 1599
2026-02-01 19:03:58,217 - INFO - Building stim pattern for pattern_name 2263
2026-02-01 19:03:58,228 - INFO - Building stim pattern for pattern_name 1979
2026-02-01 19:03:58,237 - INFO - Building stim pattern for pattern_name 2093
2026-02-01 19:03:58,246 - INFO - Building stim pattern for pattern_name 3460
2026-02-01 19:03:58,262 - INFO - Building stim pattern for pattern_name 3778
2026-02-01 19:03:58,274 - INFO - Building stim pattern for pattern_name 123
2026-02-01 19:03:58,285 - INFO - Building stim pattern for pattern_name 1685
2026-02-01 19:03:58,296 - INFO - Building stim pattern for pattern_name 3231
2026-02-01 19:03:58,308 - INFO - Building stim pattern for pattern_name 3317
2026-02-01 19:03:58,320 - INFO - Building stim pattern for pattern_name 950
2026-02-01 19:03:58,329 - INFO - Building stim pattern for pattern_name 1737
2026-02-01 19:03:58,339 - INFO - Building stim pattern for pattern_name 4041
2026-02-01 19:03:58,348 - INFO - Building stim pattern for pattern_name 796
2026-02-01 19:03:58,362 - INFO - Building stim pattern for pattern_name 768
2026-02-01 19:03:58,373 - INFO - Building stim pattern for pattern_name 2821
2026-02-01 19:03:58,384 - INFO - Building stim pattern for pattern_name 465
2026-02-01 19:03:58,393 - INFO - Building stim pattern for pattern_name 2922
2026-02-01 19:03:58,402 - INFO - Building stim pattern for pattern_name 32
2026-02-01 19:03:58,412 - INFO - Building stim pattern for pattern_name 3359
2026-02-01 19:03:58,422 - INFO - Building stim pattern for pattern_name 3658
2026-02-01 19:03:58,431 - INFO - Building stim pattern for pattern_name 2143
2026-02-01 19:03:58,440 - INFO - Building stim pattern for pattern_name 3267
2026-02-01 19:03:58,450 - INFO - Building stim pattern for pattern_name 1533
2026-02-01 19:03:58,460 - INFO - Building stim pattern for pattern_name 544
2026-02-01 19:03:58,470 - INFO - Building stim pattern for pattern_name 3686
2026-02-01 19:03:58,478 - INFO - Building stim pattern for pattern_name 3557
2026-02-01 19:03:58,487 - INFO - Building stim pattern for pattern_name 2328
2026-02-01 19:03:58,502 - INFO - Building stim pattern for pattern_name 2626
2026-02-01 19:03:58,511 - INFO - Building stim pattern for pattern_name 2425
2026-02-01 19:03:58,528 - INFO - Building stim pattern for pattern_name 3622
2026-02-01 19:03:58,539 - INFO - Building stim pattern for pattern_name 1977
2026-02-01 19:03:58,548 - INFO - Building stim pattern for pattern_name 3830
2026-02-01 19:03:58,559 - INFO - Building stim pattern for pattern_name 392
2026-02-01 19:03:58,568 - INFO - Building stim pattern for pattern_name 4008
2026-02-01 19:03:58,577 - INFO - Building stim pattern for pattern_name 790
2026-02-01 19:03:58,594 - INFO - Building stim pattern for pattern_name 1985
2026-02-01 19:03:58,603 - INFO - Building stim pattern for pattern_name 2311
2026-02-01 19:03:58,617 - INFO - Building stim pattern for pattern_name 2427
2026-02-01 19:03:58,628 - INFO - Building stim pattern for pattern_name 3419
2026-02-01 19:03:58,637 - INFO - Building stim pattern for pattern_name 3412
2026-02-01 19:03:58,646 - INFO - Building stim pattern for pattern_name 1897
2026-02-01 19:03:58,656 - INFO - Building stim pattern for pattern_name 910
2026-02-01 19:03:58,664 - INFO - Building stim pattern for pattern_name 702
2026-02-01 19:03:58,675 - INFO - Building stim pattern for pattern_name 551
2026-02-01 19:03:58,685 - INFO - Building stim pattern for pattern_name 3025
2026-02-01 19:03:58,701 - INFO - Building stim pattern for pattern_name 1867
2026-02-01 19:03:58,710 - INFO - Building stim pattern for pattern_name 2745
2026-02-01 19:03:58,721 - INFO - Building stim pattern for pattern_name 1839
2026-02-01 19:03:58,731 - INFO - Building stim pattern for pattern_name 3263
2026-02-01 19:03:58,741 - INFO - Building stim pattern for pattern_name 1099
2026-02-01 19:03:58,750 - INFO - Building stim pattern for pattern_name 2802
2026-02-01 19:03:58,759 - INFO - Building stim pattern for pattern_name 4007
2026-02-01 19:03:58,769 - INFO - Building stim pattern for pattern_name 1947
2026-02-01 19:03:58,780 - INFO - Building stim pattern for pattern_name 2747
2026-02-01 19:03:58,797 - INFO - Building stim pattern for pattern_name 148
2026-02-01 19:03:58,808 - INFO - Building stim pattern for pattern_name 106
2026-02-01 19:03:58,826 - INFO - Building stim pattern for pattern_name 3953
2026-02-01 19:03:58,837 - INFO - Building stim pattern for pattern_name 1562
2026-02-01 19:03:58,856 - INFO - Building stim pattern for pattern_name 4042
2026-02-01 19:03:58,881 - INFO - Building stim pattern for pattern_name 963
2026-02-01 19:03:58,893 - INFO - Building stim pattern for pattern_name 174
2026-02-01 19:03:58,905 - INFO - Building stim pattern for pattern_name 1116
2026-02-01 19:03:58,916 - INFO - Building stim pattern for pattern_name 253
2026-02-01 19:03:58,926 - INFO - Building stim pattern for pattern_name 3767
2026-02-01 19:03:59,007 - INFO - Building stim pattern for pattern_name 302
2026-02-01 19:03:59,019 - INFO - Building stim pattern for pattern_name 2480
2026-02-01 19:03:59,040 - INFO - Building stim pattern for pattern_name 2069
2026-02-01 19:03:59,053 - INFO - Building stim pattern for pattern_name 1419
2026-02-01 19:03:59,063 - INFO - Building stim pattern for pattern_name 2520
2026-02-01 19:03:59,073 - INFO - Building stim pattern for pattern_name 2254
2026-02-01 19:03:59,083 - INFO - Building stim pattern for pattern_name 2152
2026-02-01 19:03:59,093 - INFO - Building stim pattern for pattern_name 1153
2026-02-01 19:03:59,103 - INFO - Building stim pattern for pattern_name 2331
2026-02-01 19:03:59,119 - INFO - Building stim pattern for pattern_name 1428
2026-02-01 19:03:59,130 - INFO - Building stim pattern for pattern_name 2424
2026-02-01 19:03:59,139 - INFO - Building stim pattern for pattern_name 2526
2026-02-01 19:03:59,154 - INFO - Building stim pattern for pattern_name 3031
2026-02-01 19:03:59,165 - INFO - Building stim pattern for pattern_name 1940
2026-02-01 19:03:59,176 - INFO - Building stim pattern for pattern_name 994
2026-02-01 19:03:59,187 - INFO - Building stim pattern for pattern_name 1753
2026-02-01 19:03:59,196 - INFO - Building stim pattern for pattern_name 3823
2026-02-01 19:03:59,206 - INFO - Building stim pattern for pattern_name 929
2026-02-01 19:03:59,218 - INFO - Building stim pattern for pattern_name 2096
2026-02-01 19:03:59,230 - INFO - Building stim pattern for pattern_name 73
2026-02-01 19:03:59,241 - INFO - Building stim pattern for pattern_name 3865
2026-02-01 19:03:59,250 - INFO - Building stim pattern for pattern_name 4009
2026-02-01 19:03:59,262 - INFO - Building stim pattern for pattern_name 402
2026-02-01 19:03:59,281 - INFO - Building stim pattern for pattern_name 2232
2026-02-01 19:03:59,293 - INFO - Building stim pattern for pattern_name 2353
2026-02-01 19:03:59,306 - INFO - Building stim pattern for pattern_name 1453
2026-02-01 19:03:59,318 - INFO - Building stim pattern for pattern_name 2913
2026-02-01 19:03:59,335 - INFO - Building stim pattern for pattern_name 2355
2026-02-01 19:03:59,347 - INFO - Building stim pattern for pattern_name 190
2026-02-01 19:03:59,364 - INFO - Building stim pattern for pattern_name 1034
2026-02-01 19:03:59,374 - INFO - Building stim pattern for pattern_name 2822
2026-02-01 19:03:59,395 - INFO - Building stim pattern for pattern_name 2968
2026-02-01 19:03:59,406 - INFO - Building stim pattern for pattern_name 2506
2026-02-01 19:03:59,424 - INFO - Building stim pattern for pattern_name 648
2026-02-01 19:03:59,435 - INFO - Building stim pattern for pattern_name 3202
2026-02-01 19:03:59,445 - INFO - Building stim pattern for pattern_name 2669
2026-02-01 19:03:59,463 - INFO - Building stim pattern for pattern_name 1953
2026-02-01 19:03:59,475 - INFO - Building stim pattern for pattern_name 2070
2026-02-01 19:03:59,487 - INFO - Building stim pattern for pattern_name 1716
2026-02-01 19:03:59,496 - INFO - Building stim pattern for pattern_name 1266
2026-02-01 19:03:59,505 - INFO - Building stim pattern for pattern_name 1335
2026-02-01 19:03:59,515 - INFO - Building stim pattern for pattern_name 2146
2026-02-01 19:03:59,530 - INFO - Building stim pattern for pattern_name 1330
2026-02-01 19:03:59,541 - INFO - Building stim pattern for pattern_name 3730
2026-02-01 19:03:59,556 - INFO - Building stim pattern for pattern_name 563
2026-02-01 19:03:59,566 - INFO - Building stim pattern for pattern_name 3954
2026-02-01 19:03:59,575 - INFO - Building stim pattern for pattern_name 2651
2026-02-01 19:03:59,587 - INFO - Building stim pattern for pattern_name 1859
2026-02-01 19:03:59,601 - INFO - Building stim pattern for pattern_name 3210
2026-02-01 19:03:59,613 - INFO - Building stim pattern for pattern_name 2648
2026-02-01 19:03:59,625 - INFO - Building stim pattern for pattern_name 2033
2026-02-01 19:03:59,634 - INFO - Building stim pattern for pattern_name 3337
2026-02-01 19:03:59,645 - INFO - Building stim pattern for pattern_name 1831
2026-02-01 19:03:59,655 - INFO - Building stim pattern for pattern_name 715
2026-02-01 19:03:59,665 - INFO - Building stim pattern for pattern_name 431
2026-02-01 19:03:59,674 - INFO - Building stim pattern for pattern_name 3816
2026-02-01 19:03:59,685 - INFO - Building stim pattern for pattern_name 2989
2026-02-01 19:03:59,696 - INFO - Building stim pattern for pattern_name 573
2026-02-01 19:03:59,706 - INFO - Building stim pattern for pattern_name 2643
2026-02-01 19:03:59,715 - INFO - Building stim pattern for pattern_name 3599
2026-02-01 19:03:59,726 - INFO - Building stim pattern for pattern_name 1040
2026-02-01 19:03:59,736 - INFO - Building stim pattern for pattern_name 655
2026-02-01 19:03:59,746 - INFO - Building stim pattern for pattern_name 775
2026-02-01 19:03:59,757 - INFO - Building stim pattern for pattern_name 3986
2026-02-01 19:03:59,775 - INFO - Building stim pattern for pattern_name 11
2026-02-01 19:03:59,799 - INFO - Building stim pattern for pattern_name 3878
2026-02-01 19:03:59,818 - INFO - Building stim pattern for pattern_name 1652
2026-02-01 19:03:59,839 - INFO - Building stim pattern for pattern_name 374
2026-02-01 19:03:59,850 - INFO - Building stim pattern for pattern_name 3635
2026-02-01 19:03:59,869 - INFO - Building stim pattern for pattern_name 189
2026-02-01 19:03:59,881 - INFO - Building stim pattern for pattern_name 3295
2026-02-01 19:03:59,891 - INFO - Building stim pattern for pattern_name 271
2026-02-01 19:03:59,902 - INFO - Building stim pattern for pattern_name 1710
2026-02-01 19:03:59,925 - INFO - Building stim pattern for pattern_name 697
2026-02-01 19:03:59,938 - INFO - Building stim pattern for pattern_name 115
2026-02-01 19:03:59,951 - INFO - Building stim pattern for pattern_name 490
2026-02-01 19:03:59,962 - INFO - Building stim pattern for pattern_name 473
2026-02-01 19:03:59,972 - INFO - Building stim pattern for pattern_name 837
2026-02-01 19:03:59,983 - INFO - Building stim pattern for pattern_name 152
2026-02-01 19:04:00,004 - INFO - Building stim pattern for pattern_name 2813
2026-02-01 19:04:00,014 - INFO - Building stim pattern for pattern_name 1212
2026-02-01 19:04:00,026 - INFO - Building stim pattern for pattern_name 1879
2026-02-01 19:04:00,042 - INFO - Building stim pattern for pattern_name 442
2026-02-01 19:04:00,066 - INFO - Building stim pattern for pattern_name 1175
2026-02-01 19:04:00,076 - INFO - Building stim pattern for pattern_name 3581
2026-02-01 19:04:00,089 - INFO - Building stim pattern for pattern_name 3360
2026-02-01 19:04:00,121 - INFO - Building stim pattern for pattern_name 4024
2026-02-01 19:04:00,132 - INFO - Building stim pattern for pattern_name 1396
2026-02-01 19:04:00,148 - INFO - Building stim pattern for pattern_name 3562
2026-02-01 19:04:00,160 - INFO - Building stim pattern for pattern_name 2982
2026-02-01 19:04:00,177 - INFO - Building stim pattern for pattern_name 2812
2026-02-01 19:04:00,189 - INFO - Building stim pattern for pattern_name 2866
2026-02-01 19:04:00,206 - INFO - Building stim pattern for pattern_name 2893
2026-02-01 19:04:00,223 - INFO - Building stim pattern for pattern_name 307
2026-02-01 19:04:00,236 - INFO - Building stim pattern for pattern_name 1961
2026-02-01 19:04:00,247 - INFO - Building stim pattern for pattern_name 3576
2026-02-01 19:04:00,270 - INFO - Building stim pattern for pattern_name 3465
2026-02-01 19:04:00,292 - INFO - Building stim pattern for pattern_name 1962
2026-02-01 19:04:00,306 - INFO - Building stim pattern for pattern_name 2607
2026-02-01 19:04:00,320 - INFO - Building stim pattern for pattern_name 3184
2026-02-01 19:04:00,335 - INFO - Building stim pattern for pattern_name 1142
2026-02-01 19:04:00,348 - INFO - Building stim pattern for pattern_name 1619
2026-02-01 19:04:00,365 - INFO - Building stim pattern for pattern_name 2605
2026-02-01 19:04:00,377 - INFO - Building stim pattern for pattern_name 647
2026-02-01 19:04:00,387 - INFO - Building stim pattern for pattern_name 162
2026-02-01 19:04:00,400 - INFO - Building stim pattern for pattern_name 1972
2026-02-01 19:04:00,411 - INFO - Building stim pattern for pattern_name 2844
2026-02-01 19:04:00,434 - INFO - Building stim pattern for pattern_name 2671
2026-02-01 19:04:00,446 - INFO - Building stim pattern for pattern_name 1423
2026-02-01 19:04:00,457 - INFO - Building stim pattern for pattern_name 13
2026-02-01 19:04:00,469 - INFO - Building stim pattern for pattern_name 2945
2026-02-01 19:04:00,480 - INFO - Building stim pattern for pattern_name 2296
2026-02-01 19:04:00,491 - INFO - Building stim pattern for pattern_name 2645
2026-02-01 19:04:00,501 - INFO - Building stim pattern for pattern_name 2201
2026-02-01 19:04:00,511 - INFO - Building stim pattern for pattern_name 2423
2026-02-01 19:04:00,521 - INFO - Building stim pattern for pattern_name 2939
2026-02-01 19:04:00,532 - INFO - Building stim pattern for pattern_name 3693
2026-02-01 19:04:00,541 - INFO - Building stim pattern for pattern_name 1233
2026-02-01 19:04:00,551 - INFO - Building stim pattern for pattern_name 2114
2026-02-01 19:04:00,562 - INFO - Building stim pattern for pattern_name 1604
2026-02-01 19:04:00,573 - INFO - Building stim pattern for pattern_name 3617
2026-02-01 19:04:00,582 - INFO - Building stim pattern for pattern_name 437
2026-02-01 19:04:00,592 - INFO - Building stim pattern for pattern_name 3869
2026-02-01 19:04:00,601 - INFO - Building stim pattern for pattern_name 1387
2026-02-01 19:04:00,612 - INFO - Building stim pattern for pattern_name 3882
2026-02-01 19:04:00,622 - INFO - Building stim pattern for pattern_name 642
2026-02-01 19:04:00,631 - INFO - Building stim pattern for pattern_name 1083
2026-02-01 19:04:00,641 - INFO - Building stim pattern for pattern_name 1796
2026-02-01 19:04:00,652 - INFO - Building stim pattern for pattern_name 3568
2026-02-01 19:04:00,662 - INFO - Building stim pattern for pattern_name 1678
2026-02-01 19:04:00,673 - INFO - Building stim pattern for pattern_name 730
2026-02-01 19:04:00,687 - INFO - Building stim pattern for pattern_name 3315
2026-02-01 19:04:00,697 - INFO - Building stim pattern for pattern_name 3668
2026-02-01 19:04:00,708 - INFO - Building stim pattern for pattern_name 757
2026-02-01 19:04:00,725 - INFO - Building stim pattern for pattern_name 278
2026-02-01 19:04:00,734 - INFO - Building stim pattern for pattern_name 1998
2026-02-01 19:04:00,750 - INFO - Building stim pattern for pattern_name 2344
2026-02-01 19:04:00,765 - INFO - Building stim pattern for pattern_name 3305
2026-02-01 19:04:00,776 - INFO - Building stim pattern for pattern_name 2378
2026-02-01 19:04:00,788 - INFO - Building stim pattern for pattern_name 3067
2026-02-01 19:04:00,801 - INFO - Building stim pattern for pattern_name 1625
2026-02-01 19:04:00,814 - INFO - Building stim pattern for pattern_name 2872
2026-02-01 19:04:00,830 - INFO - Building stim pattern for pattern_name 3731
2026-02-01 19:04:00,843 - INFO - Building stim pattern for pattern_name 638
2026-02-01 19:04:00,853 - INFO - Building stim pattern for pattern_name 2016
2026-02-01 19:04:00,868 - INFO - Building stim pattern for pattern_name 1363
2026-02-01 19:04:00,883 - INFO - Building stim pattern for pattern_name 1397
2026-02-01 19:04:00,900 - INFO - Building stim pattern for pattern_name 1761
2026-02-01 19:04:00,911 - INFO - Building stim pattern for pattern_name 2290
2026-02-01 19:04:00,921 - INFO - Building stim pattern for pattern_name 3590
2026-02-01 19:04:00,933 - INFO - Building stim pattern for pattern_name 2247
2026-02-01 19:04:00,946 - INFO - Building stim pattern for pattern_name 699
2026-02-01 19:04:00,957 - INFO - Building stim pattern for pattern_name 1915
2026-02-01 19:04:00,966 - INFO - Building stim pattern for pattern_name 1289
2026-02-01 19:04:00,976 - INFO - Building stim pattern for pattern_name 1691
2026-02-01 19:04:00,987 - INFO - Building stim pattern for pattern_name 990
2026-02-01 19:04:00,996 - INFO - Building stim pattern for pattern_name 3077
2026-02-01 19:04:01,011 - INFO - Building stim pattern for pattern_name 1191
2026-02-01 19:04:01,021 - INFO - Building stim pattern for pattern_name 118
2026-02-01 19:04:01,031 - INFO - Building stim pattern for pattern_name 1177
2026-02-01 19:04:01,041 - INFO - Building stim pattern for pattern_name 1683
2026-02-01 19:04:01,053 - INFO - Building stim pattern for pattern_name 1348
2026-02-01 19:04:01,066 - INFO - Building stim pattern for pattern_name 1789
2026-02-01 19:04:01,079 - INFO - Building stim pattern for pattern_name 578
2026-02-01 19:04:01,091 - INFO - Building stim pattern for pattern_name 1982
2026-02-01 19:04:01,104 - INFO - Building stim pattern for pattern_name 3520
2026-02-01 19:04:01,122 - INFO - Building stim pattern for pattern_name 2865
2026-02-01 19:04:01,135 - INFO - Building stim pattern for pattern_name 1262
2026-02-01 19:04:01,146 - INFO - Building stim pattern for pattern_name 2807
2026-02-01 19:04:01,164 - INFO - Building stim pattern for pattern_name 4035
2026-02-01 19:04:01,182 - INFO - Building stim pattern for pattern_name 2139
2026-02-01 19:04:01,194 - INFO - Building stim pattern for pattern_name 1738
2026-02-01 19:04:01,206 - INFO - Building stim pattern for pattern_name 1094
2026-02-01 19:04:01,217 - INFO - Building stim pattern for pattern_name 2333
2026-02-01 19:04:01,228 - INFO - Building stim pattern for pattern_name 2517
2026-02-01 19:04:01,237 - INFO - Building stim pattern for pattern_name 1152
2026-02-01 19:04:01,253 - INFO - Building stim pattern for pattern_name 2024
2026-02-01 19:04:01,263 - INFO - Building stim pattern for pattern_name 1051
2026-02-01 19:04:01,279 - INFO - Building stim pattern for pattern_name 2839
2026-02-01 19:04:01,290 - INFO - Building stim pattern for pattern_name 3963
2026-02-01 19:04:01,300 - INFO - Building stim pattern for pattern_name 2777
2026-02-01 19:04:01,310 - INFO - Building stim pattern for pattern_name 3296
2026-02-01 19:04:01,321 - INFO - Building stim pattern for pattern_name 3091
2026-02-01 19:04:01,345 - INFO - Building stim pattern for pattern_name 3788
2026-02-01 19:04:01,432 - INFO - Building stim pattern for pattern_name 2110
2026-02-01 19:04:01,446 - INFO - Building stim pattern for pattern_name 2770
2026-02-01 19:04:01,466 - INFO - Building stim pattern for pattern_name 27
2026-02-01 19:04:01,478 - INFO - Building stim pattern for pattern_name 2656
2026-02-01 19:04:01,512 - INFO - Building stim pattern for pattern_name 3911
2026-02-01 19:04:01,529 - INFO - Building stim pattern for pattern_name 3796
2026-02-01 19:04:01,539 - INFO - Building stim pattern for pattern_name 3072
2026-02-01 19:04:01,549 - INFO - Building stim pattern for pattern_name 1686
2026-02-01 19:04:01,559 - INFO - Building stim pattern for pattern_name 3831
2026-02-01 19:04:01,569 - INFO - Building stim pattern for pattern_name 1885
2026-02-01 19:04:01,578 - INFO - Building stim pattern for pattern_name 311
2026-02-01 19:04:01,588 - INFO - Building stim pattern for pattern_name 1816
2026-02-01 19:04:01,603 - INFO - Building stim pattern for pattern_name 926
2026-02-01 19:04:01,614 - INFO - Building stim pattern for pattern_name 1298
2026-02-01 19:04:01,625 - INFO - Building stim pattern for pattern_name 3795
2026-02-01 19:04:01,643 - INFO - Building stim pattern for pattern_name 2130
2026-02-01 19:04:01,654 - INFO - Building stim pattern for pattern_name 1773
2026-02-01 19:04:01,665 - INFO - Building stim pattern for pattern_name 1027
2026-02-01 19:04:01,676 - INFO - Building stim pattern for pattern_name 3698
2026-02-01 19:04:01,693 - INFO - Building stim pattern for pattern_name 2150
2026-02-01 19:04:01,703 - INFO - Building stim pattern for pattern_name 3151
2026-02-01 19:04:01,714 - INFO - Building stim pattern for pattern_name 3047
2026-02-01 19:04:01,726 - INFO - Building stim pattern for pattern_name 3741
2026-02-01 19:04:01,744 - INFO - Building stim pattern for pattern_name 1412
2026-02-01 19:04:01,756 - INFO - Building stim pattern for pattern_name 2879
2026-02-01 19:04:01,768 - INFO - Building stim pattern for pattern_name 2868
2026-02-01 19:04:01,782 - INFO - Building stim pattern for pattern_name 3942
2026-02-01 19:04:01,792 - INFO - Building stim pattern for pattern_name 659
2026-02-01 19:04:01,802 - INFO - Building stim pattern for pattern_name 3526
2026-02-01 19:04:01,813 - INFO - Building stim pattern for pattern_name 2693
2026-02-01 19:04:01,824 - INFO - Building stim pattern for pattern_name 1505
2026-02-01 19:04:01,835 - INFO - Building stim pattern for pattern_name 613
2026-02-01 19:04:01,847 - INFO - Building stim pattern for pattern_name 548
2026-02-01 19:04:01,863 - INFO - Building stim pattern for pattern_name 2760
2026-02-01 19:04:01,873 - INFO - Building stim pattern for pattern_name 812
2026-02-01 19:04:01,887 - INFO - Building stim pattern for pattern_name 2904
2026-02-01 19:04:01,898 - INFO - Building stim pattern for pattern_name 883
2026-02-01 19:04:01,918 - INFO - Building stim pattern for pattern_name 1840
2026-02-01 19:04:01,928 - INFO - Building stim pattern for pattern_name 2769
2026-02-01 19:04:01,938 - INFO - Building stim pattern for pattern_name 718
2026-02-01 19:04:01,959 - INFO - Building stim pattern for pattern_name 2326
2026-02-01 19:04:01,971 - INFO - Building stim pattern for pattern_name 3736
2026-02-01 19:04:01,981 - INFO - Building stim pattern for pattern_name 2074
2026-02-01 19:04:02,002 - INFO - Building stim pattern for pattern_name 3420
2026-02-01 19:04:02,012 - INFO - Building stim pattern for pattern_name 599
2026-02-01 19:04:02,030 - INFO - Building stim pattern for pattern_name 2044
2026-02-01 19:04:02,041 - INFO - Building stim pattern for pattern_name 1814
2026-02-01 19:04:02,053 - INFO - Building stim pattern for pattern_name 3229
2026-02-01 19:04:02,066 - INFO - Building stim pattern for pattern_name 411
2026-02-01 19:04:02,077 - INFO - Building stim pattern for pattern_name 1552
2026-02-01 19:04:02,089 - INFO - Building stim pattern for pattern_name 2082
2026-02-01 19:04:02,116 - INFO - Building stim pattern for pattern_name 3217
2026-02-01 19:04:02,129 - INFO - Building stim pattern for pattern_name 1667
2026-02-01 19:04:02,148 - INFO - Building stim pattern for pattern_name 3268
2026-02-01 19:04:02,160 - INFO - Building stim pattern for pattern_name 3161
2026-02-01 19:04:02,172 - INFO - Building stim pattern for pattern_name 2767
2026-02-01 19:04:02,182 - INFO - Building stim pattern for pattern_name 20
2026-02-01 19:04:02,192 - INFO - Building stim pattern for pattern_name 3684
2026-02-01 19:04:02,202 - INFO - Building stim pattern for pattern_name 538
2026-02-01 19:04:02,214 - INFO - Building stim pattern for pattern_name 3116
2026-02-01 19:04:02,225 - INFO - Building stim pattern for pattern_name 1914
2026-02-01 19:04:02,236 - INFO - Building stim pattern for pattern_name 2768
2026-02-01 19:04:02,247 - INFO - Building stim pattern for pattern_name 1821
2026-02-01 19:04:02,263 - INFO - Building stim pattern for pattern_name 886
2026-02-01 19:04:02,273 - INFO - Building stim pattern for pattern_name 2325
2026-02-01 19:04:02,283 - INFO - Building stim pattern for pattern_name 3727
2026-02-01 19:04:02,294 - INFO - Building stim pattern for pattern_name 3245
2026-02-01 19:04:02,304 - INFO - Building stim pattern for pattern_name 1322
2026-02-01 19:04:02,315 - INFO - Building stim pattern for pattern_name 2583
2026-02-01 19:04:02,326 - INFO - Building stim pattern for pattern_name 2090
2026-02-01 19:04:02,338 - INFO - Building stim pattern for pattern_name 3384
2026-02-01 19:04:02,360 - INFO - Building stim pattern for pattern_name 164
2026-02-01 19:04:02,377 - INFO - Building stim pattern for pattern_name 22
2026-02-01 19:04:02,387 - INFO - Building stim pattern for pattern_name 3186
2026-02-01 19:04:02,398 - INFO - Building stim pattern for pattern_name 3745
2026-02-01 19:04:02,407 - INFO - Building stim pattern for pattern_name 70
2026-02-01 19:04:02,420 - INFO - Building stim pattern for pattern_name 1110
2026-02-01 19:04:02,430 - INFO - Building stim pattern for pattern_name 3532
2026-02-01 19:04:02,441 - INFO - Building stim pattern for pattern_name 1989
2026-02-01 19:04:02,453 - INFO - Building stim pattern for pattern_name 2307
2026-02-01 19:04:02,465 - INFO - Building stim pattern for pattern_name 633
2026-02-01 19:04:02,475 - INFO - Building stim pattern for pattern_name 3440
2026-02-01 19:04:02,488 - INFO - Building stim pattern for pattern_name 1734
2026-02-01 19:04:02,511 - INFO - Building stim pattern for pattern_name 1648
2026-02-01 19:04:02,522 - INFO - Building stim pattern for pattern_name 2462
2026-02-01 19:04:02,535 - INFO - Building stim pattern for pattern_name 3760
2026-02-01 19:04:02,546 - INFO - Building stim pattern for pattern_name 3913
2026-02-01 19:04:02,556 - INFO - Building stim pattern for pattern_name 2474
2026-02-01 19:04:02,578 - INFO - Building stim pattern for pattern_name 2059
2026-02-01 19:04:02,588 - INFO - Building stim pattern for pattern_name 1931
2026-02-01 19:04:02,599 - INFO - Building stim pattern for pattern_name 2632
2026-02-01 19:04:02,610 - INFO - Building stim pattern for pattern_name 2165
2026-02-01 19:04:02,622 - INFO - Building stim pattern for pattern_name 2408
2026-02-01 19:04:02,634 - INFO - Building stim pattern for pattern_name 1470
2026-02-01 19:04:02,646 - INFO - Building stim pattern for pattern_name 1003
2026-02-01 19:04:02,657 - INFO - Building stim pattern for pattern_name 1550
2026-02-01 19:04:02,670 - INFO - Building stim pattern for pattern_name 759
2026-02-01 19:04:02,693 - INFO - Building stim pattern for pattern_name 1126
2026-02-01 19:04:02,713 - INFO - Building stim pattern for pattern_name 1301
2026-02-01 19:04:02,738 - INFO - Building stim pattern for pattern_name 528
2026-02-01 19:04:02,751 - INFO - Building stim pattern for pattern_name 2026
2026-02-01 19:04:02,762 - INFO - Building stim pattern for pattern_name 1210
2026-02-01 19:04:02,775 - INFO - Building stim pattern for pattern_name 46
2026-02-01 19:04:02,787 - INFO - Building stim pattern for pattern_name 2697
2026-02-01 19:04:02,798 - INFO - Building stim pattern for pattern_name 3589
2026-02-01 19:04:02,816 - INFO - Building stim pattern for pattern_name 1220
2026-02-01 19:04:02,827 - INFO - Building stim pattern for pattern_name 3018
2026-02-01 19:04:02,845 - INFO - Building stim pattern for pattern_name 1012
2026-02-01 19:04:02,855 - INFO - Building stim pattern for pattern_name 1417
2026-02-01 19:04:02,866 - INFO - Building stim pattern for pattern_name 401
2026-02-01 19:04:02,893 - INFO - Building stim pattern for pattern_name 3023
2026-02-01 19:04:02,909 - INFO - Building stim pattern for pattern_name 1886
2026-02-01 19:04:02,919 - INFO - Building stim pattern for pattern_name 1228
2026-02-01 19:04:02,930 - INFO - Building stim pattern for pattern_name 147
2026-02-01 19:04:02,940 - INFO - Building stim pattern for pattern_name 1731
2026-02-01 19:04:02,956 - INFO - Building stim pattern for pattern_name 3847
2026-02-01 19:04:02,967 - INFO - Building stim pattern for pattern_name 2513
2026-02-01 19:04:02,977 - INFO - Building stim pattern for pattern_name 1022
2026-02-01 19:04:02,986 - INFO - Building stim pattern for pattern_name 1057
2026-02-01 19:04:03,006 - INFO - Building stim pattern for pattern_name 257
2026-02-01 19:04:03,021 - INFO - Building stim pattern for pattern_name 780
2026-02-01 19:04:03,032 - INFO - Building stim pattern for pattern_name 928
2026-02-01 19:04:03,043 - INFO - Building stim pattern for pattern_name 126
2026-02-01 19:04:03,054 - INFO - Building stim pattern for pattern_name 384
2026-02-01 19:04:03,064 - INFO - Building stim pattern for pattern_name 3080
2026-02-01 19:04:03,074 - INFO - Building stim pattern for pattern_name 2198
2026-02-01 19:04:03,084 - INFO - Building stim pattern for pattern_name 698
2026-02-01 19:04:03,100 - INFO - Building stim pattern for pattern_name 1992
2026-02-01 19:04:03,115 - INFO - Building stim pattern for pattern_name 194
2026-02-01 19:04:03,126 - INFO - Building stim pattern for pattern_name 916
2026-02-01 19:04:03,136 - INFO - Building stim pattern for pattern_name 3662
2026-02-01 19:04:03,146 - INFO - Building stim pattern for pattern_name 3975
2026-02-01 19:04:03,156 - INFO - Building stim pattern for pattern_name 385
2026-02-01 19:04:03,166 - INFO - Building stim pattern for pattern_name 723
2026-02-01 19:04:03,181 - INFO - Building stim pattern for pattern_name 636
2026-02-01 19:04:03,196 - INFO - Building stim pattern for pattern_name 3841
2026-02-01 19:04:03,222 - INFO - Building stim pattern for pattern_name 3781
2026-02-01 19:04:03,232 - INFO - Building stim pattern for pattern_name 3309
2026-02-01 19:04:03,242 - INFO - Building stim pattern for pattern_name 2554
2026-02-01 19:04:03,257 - INFO - Building stim pattern for pattern_name 794
2026-02-01 19:04:03,270 - INFO - Building stim pattern for pattern_name 1062
2026-02-01 19:04:03,281 - INFO - Building stim pattern for pattern_name 366
2026-02-01 19:04:03,292 - INFO - Building stim pattern for pattern_name 327
2026-02-01 19:04:03,302 - INFO - Building stim pattern for pattern_name 1460
2026-02-01 19:04:03,315 - INFO - Building stim pattern for pattern_name 2959
2026-02-01 19:04:03,336 - INFO - Building stim pattern for pattern_name 1740
2026-02-01 19:04:03,357 - INFO - Building stim pattern for pattern_name 3757
2026-02-01 19:04:03,368 - INFO - Building stim pattern for pattern_name 2684
2026-02-01 19:04:03,386 - INFO - Building stim pattern for pattern_name 376
2026-02-01 19:04:03,403 - INFO - Building stim pattern for pattern_name 2994
2026-02-01 19:04:03,416 - INFO - Building stim pattern for pattern_name 3012
2026-02-01 19:04:03,428 - INFO - Building stim pattern for pattern_name 2162
2026-02-01 19:04:03,440 - INFO - Building stim pattern for pattern_name 425
2026-02-01 19:04:03,451 - INFO - Building stim pattern for pattern_name 1276
2026-02-01 19:04:03,463 - INFO - Building stim pattern for pattern_name 701
2026-02-01 19:04:03,473 - INFO - Building stim pattern for pattern_name 3352
2026-02-01 19:04:03,485 - INFO - Building stim pattern for pattern_name 3114
2026-02-01 19:04:03,499 - INFO - Building stim pattern for pattern_name 1890
2026-02-01 19:04:03,512 - INFO - Building stim pattern for pattern_name 3081
2026-02-01 19:04:03,629 - INFO - Building stim pattern for pattern_name 2126
2026-02-01 19:04:03,662 - INFO - Building stim pattern for pattern_name 169
2026-02-01 19:04:03,683 - INFO - Building stim pattern for pattern_name 2638
2026-02-01 19:04:03,710 - INFO - Building stim pattern for pattern_name 2886
2026-02-01 19:04:03,721 - INFO - Building stim pattern for pattern_name 3517
2026-02-01 19:04:03,734 - INFO - Building stim pattern for pattern_name 1308
2026-02-01 19:04:03,746 - INFO - Building stim pattern for pattern_name 938
2026-02-01 19:04:03,757 - INFO - Building stim pattern for pattern_name 3714
2026-02-01 19:04:03,771 - INFO - Building stim pattern for pattern_name 3984
2026-02-01 19:04:03,802 - INFO - Building stim pattern for pattern_name 228
2026-02-01 19:04:03,812 - INFO - Building stim pattern for pattern_name 2600
2026-02-01 19:04:03,824 - INFO - Building stim pattern for pattern_name 1511
2026-02-01 19:04:03,835 - INFO - Building stim pattern for pattern_name 629
2026-02-01 19:04:03,846 - INFO - Building stim pattern for pattern_name 1969
2026-02-01 19:04:03,856 - INFO - Building stim pattern for pattern_name 2899
2026-02-01 19:04:03,868 - INFO - Building stim pattern for pattern_name 2631
2026-02-01 19:04:03,879 - INFO - Building stim pattern for pattern_name 835
2026-02-01 19:04:03,891 - INFO - Building stim pattern for pattern_name 2123
2026-02-01 19:04:03,901 - INFO - Building stim pattern for pattern_name 480
2026-02-01 19:04:03,912 - INFO - Building stim pattern for pattern_name 137
2026-02-01 19:04:03,923 - INFO - Building stim pattern for pattern_name 3894
2026-02-01 19:04:03,933 - INFO - Building stim pattern for pattern_name 3345
2026-02-01 19:04:03,944 - INFO - Building stim pattern for pattern_name 1207
2026-02-01 19:04:03,957 - INFO - Building stim pattern for pattern_name 3876
2026-02-01 19:04:03,968 - INFO - Building stim pattern for pattern_name 360
2026-02-01 19:04:03,981 - INFO - Building stim pattern for pattern_name 2179
2026-02-01 19:04:03,994 - INFO - Building stim pattern for pattern_name 1699
2026-02-01 19:04:04,007 - INFO - Building stim pattern for pattern_name 1354
2026-02-01 19:04:04,021 - INFO - Building stim pattern for pattern_name 1420
2026-02-01 19:04:04,033 - INFO - Building stim pattern for pattern_name 170
2026-02-01 19:04:04,046 - INFO - Building stim pattern for pattern_name 1690
2026-02-01 19:04:04,058 - INFO - Building stim pattern for pattern_name 2377
2026-02-01 19:04:04,081 - INFO - Building stim pattern for pattern_name 3907
2026-02-01 19:04:04,091 - INFO - Building stim pattern for pattern_name 1019
2026-02-01 19:04:04,103 - INFO - Building stim pattern for pattern_name 2576
2026-02-01 19:04:04,116 - INFO - Building stim pattern for pattern_name 1007
2026-02-01 19:04:04,127 - INFO - Building stim pattern for pattern_name 1194
2026-02-01 19:04:04,144 - INFO - Building stim pattern for pattern_name 3494
2026-02-01 19:04:04,156 - INFO - Building stim pattern for pattern_name 3279
2026-02-01 19:04:04,168 - INFO - Building stim pattern for pattern_name 2343
2026-02-01 19:04:04,179 - INFO - Building stim pattern for pattern_name 400
2026-02-01 19:04:04,205 - INFO - Building stim pattern for pattern_name 1584
2026-02-01 19:04:04,217 - INFO - Building stim pattern for pattern_name 1089
2026-02-01 19:04:04,230 - INFO - Building stim pattern for pattern_name 1061
2026-02-01 19:04:04,241 - INFO - Building stim pattern for pattern_name 1954
2026-02-01 19:04:04,264 - INFO - Building stim pattern for pattern_name 2006
2026-02-01 19:04:04,299 - INFO - Building stim pattern for pattern_name 1671
2026-02-01 19:04:04,315 - INFO - Building stim pattern for pattern_name 3478
2026-02-01 19:04:04,328 - INFO - Building stim pattern for pattern_name 1319
2026-02-01 19:04:04,348 - INFO - Building stim pattern for pattern_name 2433
2026-02-01 19:04:04,361 - INFO - Building stim pattern for pattern_name 3032
2026-02-01 19:04:04,376 - INFO - Building stim pattern for pattern_name 93
2026-02-01 19:04:04,387 - INFO - Building stim pattern for pattern_name 1161
2026-02-01 19:04:04,398 - INFO - Building stim pattern for pattern_name 249
2026-02-01 19:04:04,426 - INFO - Building stim pattern for pattern_name 687
2026-02-01 19:04:04,443 - INFO - Building stim pattern for pattern_name 1676
2026-02-01 19:04:04,454 - INFO - Building stim pattern for pattern_name 2654
2026-02-01 19:04:04,463 - INFO - Building stim pattern for pattern_name 901
2026-02-01 19:04:04,475 - INFO - Building stim pattern for pattern_name 1916
2026-02-01 19:04:04,491 - INFO - Building stim pattern for pattern_name 377
2026-02-01 19:04:04,502 - INFO - Building stim pattern for pattern_name 2389
2026-02-01 19:04:04,514 - INFO - Building stim pattern for pattern_name 78
2026-02-01 19:04:04,525 - INFO - Building stim pattern for pattern_name 1836
2026-02-01 19:04:04,542 - INFO - Building stim pattern for pattern_name 2199
2026-02-01 19:04:04,554 - INFO - Building stim pattern for pattern_name 3854
2026-02-01 19:04:04,565 - INFO - Building stim pattern for pattern_name 2395
2026-02-01 19:04:04,575 - INFO - Building stim pattern for pattern_name 753
2026-02-01 19:04:04,584 - INFO - Building stim pattern for pattern_name 1983
2026-02-01 19:04:04,596 - INFO - Building stim pattern for pattern_name 3225
2026-02-01 19:04:04,606 - INFO - Building stim pattern for pattern_name 1728
2026-02-01 19:04:04,624 - INFO - Building stim pattern for pattern_name 1500
2026-02-01 19:04:04,635 - INFO - Building stim pattern for pattern_name 2376
2026-02-01 19:04:04,653 - INFO - Building stim pattern for pattern_name 1029
2026-02-01 19:04:04,664 - INFO - Building stim pattern for pattern_name 2863
2026-02-01 19:04:04,676 - INFO - Building stim pattern for pattern_name 1586
2026-02-01 19:04:04,688 - INFO - Building stim pattern for pattern_name 2856
2026-02-01 19:04:04,700 - INFO - Building stim pattern for pattern_name 897
2026-02-01 19:04:04,713 - INFO - Building stim pattern for pattern_name 2621
2026-02-01 19:04:04,723 - INFO - Building stim pattern for pattern_name 2226
2026-02-01 19:04:04,734 - INFO - Building stim pattern for pattern_name 291
2026-02-01 19:04:04,747 - INFO - Building stim pattern for pattern_name 2482
2026-02-01 19:04:04,762 - INFO - Building stim pattern for pattern_name 2449
2026-02-01 19:04:04,778 - INFO - Building stim pattern for pattern_name 1216
2026-02-01 19:04:04,791 - INFO - Building stim pattern for pattern_name 1714
2026-02-01 19:04:04,803 - INFO - Building stim pattern for pattern_name 2447
2026-02-01 19:04:04,818 - INFO - Building stim pattern for pattern_name 1616
2026-02-01 19:04:04,840 - INFO - Building stim pattern for pattern_name 3793
2026-02-01 19:04:04,853 - INFO - Building stim pattern for pattern_name 2986
2026-02-01 19:04:04,865 - INFO - Building stim pattern for pattern_name 2364
2026-02-01 19:04:04,883 - INFO - Building stim pattern for pattern_name 2548
2026-02-01 19:04:04,896 - INFO - Building stim pattern for pattern_name 3133
2026-02-01 19:04:04,908 - INFO - Building stim pattern for pattern_name 3978
2026-02-01 19:04:04,918 - INFO - Building stim pattern for pattern_name 1495
2026-02-01 19:04:04,929 - INFO - Building stim pattern for pattern_name 1719
2026-02-01 19:04:04,946 - INFO - Building stim pattern for pattern_name 1908
2026-02-01 19:04:04,956 - INFO - Building stim pattern for pattern_name 1170
2026-02-01 19:04:04,967 - INFO - Building stim pattern for pattern_name 1883
2026-02-01 19:04:04,978 - INFO - Building stim pattern for pattern_name 3141
2026-02-01 19:04:04,994 - INFO - Building stim pattern for pattern_name 1451
2026-02-01 19:04:05,005 - INFO - Building stim pattern for pattern_name 255
2026-02-01 19:04:05,016 - INFO - Building stim pattern for pattern_name 1024
2026-02-01 19:04:05,028 - INFO - Building stim pattern for pattern_name 2085
2026-02-01 19:04:05,038 - INFO - Building stim pattern for pattern_name 413
2026-02-01 19:04:05,049 - INFO - Building stim pattern for pattern_name 1680
2026-02-01 19:04:05,059 - INFO - Building stim pattern for pattern_name 3868
2026-02-01 19:04:05,069 - INFO - Building stim pattern for pattern_name 292
2026-02-01 19:04:05,080 - INFO - Building stim pattern for pattern_name 469
2026-02-01 19:04:05,091 - INFO - Building stim pattern for pattern_name 2286
2026-02-01 19:04:05,111 - INFO - Building stim pattern for pattern_name 184
2026-02-01 19:04:05,124 - INFO - Building stim pattern for pattern_name 1965
2026-02-01 19:04:05,135 - INFO - Building stim pattern for pattern_name 3849
2026-02-01 19:04:05,147 - INFO - Building stim pattern for pattern_name 2011
2026-02-01 19:04:05,159 - INFO - Building stim pattern for pattern_name 3866
2026-02-01 19:04:05,171 - INFO - Building stim pattern for pattern_name 1779
2026-02-01 19:04:05,181 - INFO - Building stim pattern for pattern_name 3881
2026-02-01 19:04:05,193 - INFO - Building stim pattern for pattern_name 3839
2026-02-01 19:04:05,203 - INFO - Building stim pattern for pattern_name 1273
2026-02-01 19:04:05,218 - INFO - Building stim pattern for pattern_name 1563
2026-02-01 19:04:05,235 - INFO - Building stim pattern for pattern_name 1799
2026-02-01 19:04:05,246 - INFO - Building stim pattern for pattern_name 3416
2026-02-01 19:04:05,255 - INFO - Building stim pattern for pattern_name 661
2026-02-01 19:04:05,265 - INFO - Building stim pattern for pattern_name 2728
2026-02-01 19:04:05,276 - INFO - Building stim pattern for pattern_name 838
2026-02-01 19:04:05,288 - INFO - Building stim pattern for pattern_name 1634
2026-02-01 19:04:05,299 - INFO - Building stim pattern for pattern_name 3973
2026-02-01 19:04:05,311 - INFO - Building stim pattern for pattern_name 1171
2026-02-01 19:04:05,329 - INFO - Building stim pattern for pattern_name 2416
2026-02-01 19:04:05,340 - INFO - Building stim pattern for pattern_name 313
2026-02-01 19:04:05,358 - INFO - Building stim pattern for pattern_name 3313
2026-02-01 19:04:05,375 - INFO - Building stim pattern for pattern_name 3611
2026-02-01 19:04:05,388 - INFO - Building stim pattern for pattern_name 3715
2026-02-01 19:04:05,400 - INFO - Building stim pattern for pattern_name 764
2026-02-01 19:04:05,412 - INFO - Building stim pattern for pattern_name 116
2026-02-01 19:04:05,431 - INFO - Building stim pattern for pattern_name 2786
2026-02-01 19:04:05,442 - INFO - Building stim pattern for pattern_name 445
2026-02-01 19:04:05,461 - INFO - Building stim pattern for pattern_name 2529
2026-02-01 19:04:05,482 - INFO - Building stim pattern for pattern_name 3631
2026-02-01 19:04:05,505 - INFO - Building stim pattern for pattern_name 2092
2026-02-01 19:04:05,517 - INFO - Building stim pattern for pattern_name 1368
2026-02-01 19:04:05,529 - INFO - Building stim pattern for pattern_name 2239
2026-02-01 19:04:05,542 - INFO - Building stim pattern for pattern_name 944
2026-02-01 19:04:05,556 - INFO - Building stim pattern for pattern_name 1294
2026-02-01 19:04:05,568 - INFO - Building stim pattern for pattern_name 562
2026-02-01 19:04:05,582 - INFO - Building stim pattern for pattern_name 815
2026-02-01 19:04:05,594 - INFO - Building stim pattern for pattern_name 2478
2026-02-01 19:04:05,607 - INFO - Building stim pattern for pattern_name 964
2026-02-01 19:04:05,619 - INFO - Building stim pattern for pattern_name 3378
2026-02-01 19:04:05,638 - INFO - Building stim pattern for pattern_name 2920
2026-02-01 19:04:05,650 - INFO - Building stim pattern for pattern_name 1687
2026-02-01 19:04:05,663 - INFO - Building stim pattern for pattern_name 1438
2026-02-01 19:04:05,673 - INFO - Building stim pattern for pattern_name 487
2026-02-01 19:04:05,685 - INFO - Building stim pattern for pattern_name 825
2026-02-01 19:04:05,709 - INFO - Building stim pattern for pattern_name 974
2026-02-01 19:04:05,720 - INFO - Building stim pattern for pattern_name 3126
2026-02-01 19:04:05,734 - INFO - Building stim pattern for pattern_name 1772
2026-02-01 19:04:05,745 - INFO - Building stim pattern for pattern_name 1708
2026-02-01 19:04:05,758 - INFO - Building stim pattern for pattern_name 2729
2026-02-01 19:04:05,776 - INFO - Building stim pattern for pattern_name 2610
2026-02-01 19:04:05,787 - INFO - Building stim pattern for pattern_name 3685
2026-02-01 19:04:05,799 - INFO - Building stim pattern for pattern_name 2843
2026-02-01 19:04:05,812 - INFO - Building stim pattern for pattern_name 1133
2026-02-01 19:04:05,825 - INFO - Building stim pattern for pattern_name 3825
2026-02-01 19:04:05,837 - INFO - Building stim pattern for pattern_name 1403
2026-02-01 19:04:05,847 - INFO - Building stim pattern for pattern_name 3256
2026-02-01 19:04:05,857 - INFO - Building stim pattern for pattern_name 2534
2026-02-01 19:04:05,869 - INFO - Building stim pattern for pattern_name 3385
2026-02-01 19:04:05,889 - INFO - Building stim pattern for pattern_name 726
2026-02-01 19:04:05,900 - INFO - Building stim pattern for pattern_name 3877
2026-02-01 19:04:05,911 - INFO - Building stim pattern for pattern_name 1575
2026-02-01 19:04:05,929 - INFO - Building stim pattern for pattern_name 2518
2026-02-01 19:04:05,940 - INFO - Building stim pattern for pattern_name 340
2026-02-01 19:04:05,951 - INFO - Building stim pattern for pattern_name 3073
2026-02-01 19:04:05,967 - INFO - Building stim pattern for pattern_name 380
2026-02-01 19:04:05,978 - INFO - Building stim pattern for pattern_name 2323
2026-02-01 19:04:05,989 - INFO - Building stim pattern for pattern_name 639
2026-02-01 19:04:05,999 - INFO - Building stim pattern for pattern_name 1701
2026-02-01 19:04:06,010 - INFO - Building stim pattern for pattern_name 1366
2026-02-01 19:04:06,020 - INFO - Building stim pattern for pattern_name 1762
2026-02-01 19:04:06,032 - INFO - Building stim pattern for pattern_name 3967
2026-02-01 19:04:06,042 - INFO - Building stim pattern for pattern_name 602
2026-02-01 19:04:06,054 - INFO - Building stim pattern for pattern_name 443
2026-02-01 19:04:06,065 - INFO - Building stim pattern for pattern_name 3694
2026-02-01 19:04:06,075 - INFO - Building stim pattern for pattern_name 3604
2026-02-01 19:04:06,086 - INFO - Building stim pattern for pattern_name 1314
2026-02-01 19:04:06,099 - INFO - Building stim pattern for pattern_name 1426
2026-02-01 19:04:06,110 - INFO - Building stim pattern for pattern_name 2819
2026-02-01 19:04:06,126 - INFO - Building stim pattern for pattern_name 2105
2026-02-01 19:04:06,137 - INFO - Building stim pattern for pattern_name 329
2026-02-01 19:04:06,148 - INFO - Building stim pattern for pattern_name 1380
2026-02-01 19:04:06,159 - INFO - Building stim pattern for pattern_name 3461
2026-02-01 19:04:06,171 - INFO - Building stim pattern for pattern_name 2375
2026-02-01 19:04:06,182 - INFO - Building stim pattern for pattern_name 632
2026-02-01 19:04:06,194 - INFO - Building stim pattern for pattern_name 1717
2026-02-01 19:04:06,204 - INFO - Building stim pattern for pattern_name 3993
2026-02-01 19:04:06,215 - INFO - Building stim pattern for pattern_name 1128
2026-02-01 19:04:06,226 - INFO - Building stim pattern for pattern_name 2623
2026-02-01 19:04:06,317 - INFO - Building stim pattern for pattern_name 816
2026-02-01 19:04:06,340 - INFO - Building stim pattern for pattern_name 1104
2026-02-01 19:04:06,364 - INFO - Building stim pattern for pattern_name 1143
2026-02-01 19:04:06,374 - INFO - Building stim pattern for pattern_name 1949
2026-02-01 19:04:06,387 - INFO - Building stim pattern for pattern_name 344
2026-02-01 19:04:06,399 - INFO - Building stim pattern for pattern_name 3649
2026-02-01 19:04:06,416 - INFO - Building stim pattern for pattern_name 2077
2026-02-01 19:04:06,429 - INFO - Building stim pattern for pattern_name 2458
2026-02-01 19:04:06,447 - INFO - Building stim pattern for pattern_name 1898
2026-02-01 19:04:06,458 - INFO - Building stim pattern for pattern_name 1332
2026-02-01 19:04:06,471 - INFO - Building stim pattern for pattern_name 3807
2026-02-01 19:04:06,482 - INFO - Building stim pattern for pattern_name 1364
2026-02-01 19:04:06,494 - INFO - Building stim pattern for pattern_name 3982
2026-02-01 19:04:06,506 - INFO - Building stim pattern for pattern_name 1406
2026-02-01 19:04:06,518 - INFO - Building stim pattern for pattern_name 336
2026-02-01 19:04:06,529 - INFO - Building stim pattern for pattern_name 710
2026-02-01 19:04:06,549 - INFO - Building stim pattern for pattern_name 2342
2026-02-01 19:04:06,563 - INFO - Building stim pattern for pattern_name 3776
2026-02-01 19:04:06,590 - INFO - Building stim pattern for pattern_name 1158
2026-02-01 19:04:06,600 - INFO - Building stim pattern for pattern_name 486
2026-02-01 19:04:06,616 - INFO - Building stim pattern for pattern_name 421
2026-02-01 19:04:06,627 - INFO - Building stim pattern for pattern_name 1471
2026-02-01 19:04:06,638 - INFO - Building stim pattern for pattern_name 3021
2026-02-01 19:04:06,648 - INFO - Building stim pattern for pattern_name 3674
2026-02-01 19:04:06,664 - INFO - Building stim pattern for pattern_name 2966
2026-02-01 19:04:06,675 - INFO - Building stim pattern for pattern_name 2921
2026-02-01 19:04:06,687 - INFO - Building stim pattern for pattern_name 834
2026-02-01 19:04:06,698 - INFO - Building stim pattern for pattern_name 3237
2026-02-01 19:04:06,709 - INFO - Building stim pattern for pattern_name 2612
2026-02-01 19:04:06,720 - INFO - Building stim pattern for pattern_name 1541
2026-02-01 19:04:06,730 - INFO - Building stim pattern for pattern_name 2351
2026-02-01 19:04:06,739 - INFO - Building stim pattern for pattern_name 1570
2026-02-01 19:04:06,751 - INFO - Building stim pattern for pattern_name 325
2026-02-01 19:04:06,761 - INFO - Building stim pattern for pattern_name 3914
2026-02-01 19:04:06,779 - INFO - Building stim pattern for pattern_name 3355
2026-02-01 19:04:06,789 - INFO - Building stim pattern for pattern_name 1837
2026-02-01 19:04:06,800 - INFO - Building stim pattern for pattern_name 2503
2026-02-01 19:04:06,825 - INFO - Building stim pattern for pattern_name 306
2026-02-01 19:04:06,837 - INFO - Building stim pattern for pattern_name 672
2026-02-01 19:04:06,847 - INFO - Building stim pattern for pattern_name 2018
2026-02-01 19:04:06,857 - INFO - Building stim pattern for pattern_name 1778
2026-02-01 19:04:06,883 - INFO - Building stim pattern for pattern_name 2189
2026-02-01 19:04:06,906 - INFO - Building stim pattern for pattern_name 3448
2026-02-01 19:04:06,916 - INFO - Building stim pattern for pattern_name 2211
2026-02-01 19:04:06,933 - INFO - Building stim pattern for pattern_name 2148
2026-02-01 19:04:06,943 - INFO - Building stim pattern for pattern_name 3409
2026-02-01 19:04:06,955 - INFO - Building stim pattern for pattern_name 3052
2026-02-01 19:04:06,985 - INFO - Building stim pattern for pattern_name 268
2026-02-01 19:04:06,996 - INFO - Building stim pattern for pattern_name 1385
2026-02-01 19:04:07,005 - INFO - Building stim pattern for pattern_name 720
2026-02-01 19:04:07,017 - INFO - Building stim pattern for pattern_name 72
2026-02-01 19:04:07,027 - INFO - Building stim pattern for pattern_name 2759
2026-02-01 19:04:07,038 - INFO - Building stim pattern for pattern_name 2765
2026-02-01 19:04:07,049 - INFO - Building stim pattern for pattern_name 793
2026-02-01 19:04:07,062 - INFO - Building stim pattern for pattern_name 2171
2026-02-01 19:04:07,078 - INFO - Building stim pattern for pattern_name 2985
2026-02-01 19:04:07,090 - INFO - Building stim pattern for pattern_name 2598
2026-02-01 19:04:07,101 - INFO - Building stim pattern for pattern_name 3851
2026-02-01 19:04:07,112 - INFO - Building stim pattern for pattern_name 1434
2026-02-01 19:04:07,123 - INFO - Building stim pattern for pattern_name 1445
2026-02-01 19:04:07,134 - INFO - Building stim pattern for pattern_name 1146
2026-02-01 19:04:07,149 - INFO - Building stim pattern for pattern_name 2551
2026-02-01 19:04:07,164 - INFO - Building stim pattern for pattern_name 1802
2026-02-01 19:04:07,177 - INFO - Building stim pattern for pattern_name 3123
2026-02-01 19:04:07,196 - INFO - Building stim pattern for pattern_name 902
2026-02-01 19:04:07,208 - INFO - Building stim pattern for pattern_name 767
2026-02-01 19:04:07,219 - INFO - Building stim pattern for pattern_name 3821
2026-02-01 19:04:07,230 - INFO - Building stim pattern for pattern_name 3564
2026-02-01 19:04:07,240 - INFO - Building stim pattern for pattern_name 905
2026-02-01 19:04:07,250 - INFO - Building stim pattern for pattern_name 2624
2026-02-01 19:04:07,260 - INFO - Building stim pattern for pattern_name 2434
2026-02-01 19:04:07,269 - INFO - Building stim pattern for pattern_name 2267
2026-02-01 19:04:07,280 - INFO - Building stim pattern for pattern_name 3028
2026-02-01 19:04:07,290 - INFO - Building stim pattern for pattern_name 131
2026-02-01 19:04:07,301 - INFO - Building stim pattern for pattern_name 763
2026-02-01 19:04:07,312 - INFO - Building stim pattern for pattern_name 1751
2026-02-01 19:04:07,322 - INFO - Building stim pattern for pattern_name 2951
2026-02-01 19:04:07,333 - INFO - Building stim pattern for pattern_name 2175
2026-02-01 19:04:07,344 - INFO - Building stim pattern for pattern_name 616
2026-02-01 19:04:07,355 - INFO - Building stim pattern for pattern_name 3139
2026-02-01 19:04:07,366 - INFO - Building stim pattern for pattern_name 407
2026-02-01 19:04:07,376 - INFO - Building stim pattern for pattern_name 1245
2026-02-01 19:04:07,387 - INFO - Building stim pattern for pattern_name 3654
2026-02-01 19:04:07,398 - INFO - Building stim pattern for pattern_name 1079
2026-02-01 19:04:07,418 - INFO - Building stim pattern for pattern_name 3188
2026-02-01 19:04:07,431 - INFO - Building stim pattern for pattern_name 265
2026-02-01 19:04:07,446 - INFO - Building stim pattern for pattern_name 608
2026-02-01 19:04:07,459 - INFO - Building stim pattern for pattern_name 1025
2026-02-01 19:04:07,479 - INFO - Building stim pattern for pattern_name 2837
2026-02-01 19:04:07,490 - INFO - Building stim pattern for pattern_name 3160
2026-02-01 19:04:07,502 - INFO - Building stim pattern for pattern_name 1091
2026-02-01 19:04:07,513 - INFO - Building stim pattern for pattern_name 324
2026-02-01 19:04:07,524 - INFO - Building stim pattern for pattern_name 1214
2026-02-01 19:04:07,536 - INFO - Building stim pattern for pattern_name 180
2026-02-01 19:04:07,547 - INFO - Building stim pattern for pattern_name 3997
2026-02-01 19:04:07,559 - INFO - Building stim pattern for pattern_name 9
2026-02-01 19:04:07,569 - INFO - Building stim pattern for pattern_name 1547
2026-02-01 19:04:07,580 - INFO - Building stim pattern for pattern_name 3689
2026-02-01 19:04:07,591 - INFO - Building stim pattern for pattern_name 2159
2026-02-01 19:04:07,602 - INFO - Building stim pattern for pattern_name 364
2026-02-01 19:04:07,615 - INFO - Building stim pattern for pattern_name 3376
2026-02-01 19:04:07,625 - INFO - Building stim pattern for pattern_name 3197
2026-02-01 19:04:07,634 - INFO - Building stim pattern for pattern_name 2129
2026-02-01 19:04:07,645 - INFO - Building stim pattern for pattern_name 2472
2026-02-01 19:04:07,656 - INFO - Building stim pattern for pattern_name 3510
2026-02-01 19:04:07,666 - INFO - Building stim pattern for pattern_name 1401
2026-02-01 19:04:07,678 - INFO - Building stim pattern for pattern_name 346
2026-02-01 19:04:07,690 - INFO - Building stim pattern for pattern_name 173
2026-02-01 19:04:07,700 - INFO - Building stim pattern for pattern_name 1503
2026-02-01 19:04:07,712 - INFO - Building stim pattern for pattern_name 3506
2026-02-01 19:04:07,723 - INFO - Building stim pattern for pattern_name 356
2026-02-01 19:04:07,733 - INFO - Building stim pattern for pattern_name 709
2026-02-01 19:04:07,743 - INFO - Building stim pattern for pattern_name 1446
2026-02-01 19:04:07,762 - INFO - Building stim pattern for pattern_name 1760
2026-02-01 19:04:07,773 - INFO - Building stim pattern for pattern_name 1056
2026-02-01 19:04:07,783 - INFO - Building stim pattern for pattern_name 2995
2026-02-01 19:04:07,793 - INFO - Building stim pattern for pattern_name 122
2026-02-01 19:04:07,810 - INFO - Building stim pattern for pattern_name 19
2026-02-01 19:04:07,820 - INFO - Building stim pattern for pattern_name 536
2026-02-01 19:04:07,829 - INFO - Building stim pattern for pattern_name 1632
2026-02-01 19:04:07,839 - INFO - Building stim pattern for pattern_name 3356
2026-02-01 19:04:07,850 - INFO - Building stim pattern for pattern_name 3326
2026-02-01 19:04:07,861 - INFO - Building stim pattern for pattern_name 612
2026-02-01 19:04:07,874 - INFO - Building stim pattern for pattern_name 3573
2026-02-01 19:04:07,885 - INFO - Building stim pattern for pattern_name 3572
2026-02-01 19:04:07,896 - INFO - Building stim pattern for pattern_name 2566
2026-02-01 19:04:07,908 - INFO - Building stim pattern for pattern_name 65
2026-02-01 19:04:07,932 - INFO - Building stim pattern for pattern_name 290
2026-02-01 19:04:07,944 - INFO - Building stim pattern for pattern_name 167
2026-02-01 19:04:07,964 - INFO - Building stim pattern for pattern_name 2161
2026-02-01 19:04:07,976 - INFO - Building stim pattern for pattern_name 1315
2026-02-01 19:04:07,988 - INFO - Building stim pattern for pattern_name 1504
2026-02-01 19:04:08,016 - INFO - Building stim pattern for pattern_name 2931
2026-02-01 19:04:08,115 - INFO - Building stim pattern for pattern_name 1183
2026-02-01 19:04:08,131 - INFO - Building stim pattern for pattern_name 2652
2026-02-01 19:04:08,153 - INFO - Building stim pattern for pattern_name 466
2026-02-01 19:04:08,166 - INFO - Building stim pattern for pattern_name 3981
2026-02-01 19:04:08,176 - INFO - Building stim pattern for pattern_name 676
2026-02-01 19:04:08,188 - INFO - Building stim pattern for pattern_name 2038
2026-02-01 19:04:08,200 - INFO - Building stim pattern for pattern_name 3037
2026-02-01 19:04:08,220 - INFO - Building stim pattern for pattern_name 2153
2026-02-01 19:04:08,232 - INFO - Building stim pattern for pattern_name 927
2026-02-01 19:04:08,245 - INFO - Building stim pattern for pattern_name 2662
2026-02-01 19:04:08,263 - INFO - Building stim pattern for pattern_name 935
2026-02-01 19:04:08,274 - INFO - Building stim pattern for pattern_name 2168
2026-02-01 19:04:08,286 - INFO - Building stim pattern for pattern_name 1919
2026-02-01 19:04:08,297 - INFO - Building stim pattern for pattern_name 1136
2026-02-01 19:04:08,308 - INFO - Building stim pattern for pattern_name 3236
2026-02-01 19:04:08,317 - INFO - Building stim pattern for pattern_name 2009
2026-02-01 19:04:08,328 - INFO - Building stim pattern for pattern_name 1226
2026-02-01 19:04:08,338 - INFO - Building stim pattern for pattern_name 3799
2026-02-01 19:04:08,348 - INFO - Building stim pattern for pattern_name 1478
2026-02-01 19:04:08,358 - INFO - Building stim pattern for pattern_name 2806
2026-02-01 19:04:08,369 - INFO - Building stim pattern for pattern_name 2258
2026-02-01 19:04:08,378 - INFO - Building stim pattern for pattern_name 782
2026-02-01 19:04:08,394 - INFO - Building stim pattern for pattern_name 1272
2026-02-01 19:04:08,403 - INFO - Building stim pattern for pattern_name 2761
2026-02-01 19:04:08,414 - INFO - Building stim pattern for pattern_name 154
2026-02-01 19:04:08,424 - INFO - Building stim pattern for pattern_name 914
2026-02-01 19:04:08,434 - INFO - Building stim pattern for pattern_name 2960
2026-02-01 19:04:08,445 - INFO - Building stim pattern for pattern_name 1196
2026-02-01 19:04:08,457 - INFO - Building stim pattern for pattern_name 552
2026-02-01 19:04:08,468 - INFO - Building stim pattern for pattern_name 3571
2026-02-01 19:04:08,479 - INFO - Building stim pattern for pattern_name 3228
2026-02-01 19:04:08,502 - INFO - Building stim pattern for pattern_name 1568
2026-02-01 19:04:08,513 - INFO - Building stim pattern for pattern_name 3122
2026-02-01 19:04:08,523 - INFO - Building stim pattern for pattern_name 1509
2026-02-01 19:04:08,534 - INFO - Building stim pattern for pattern_name 1865
2026-02-01 19:04:08,544 - INFO - Building stim pattern for pattern_name 2864
2026-02-01 19:04:08,555 - INFO - Building stim pattern for pattern_name 3547
2026-02-01 19:04:08,567 - INFO - Building stim pattern for pattern_name 2019
2026-02-01 19:04:08,578 - INFO - Building stim pattern for pattern_name 2295
2026-02-01 19:04:08,590 - INFO - Building stim pattern for pattern_name 818
2026-02-01 19:04:08,607 - INFO - Building stim pattern for pattern_name 1304
2026-02-01 19:04:08,616 - INFO - Building stim pattern for pattern_name 1517
2026-02-01 19:04:08,627 - INFO - Building stim pattern for pattern_name 606
2026-02-01 19:04:08,639 - INFO - Building stim pattern for pattern_name 1938
2026-02-01 19:04:08,648 - INFO - Building stim pattern for pattern_name 368
2026-02-01 19:04:08,660 - INFO - Building stim pattern for pattern_name 895
2026-02-01 19:04:08,670 - INFO - Building stim pattern for pattern_name 1398
2026-02-01 19:04:08,680 - INFO - Building stim pattern for pattern_name 2190
2026-02-01 19:04:08,692 - INFO - Building stim pattern for pattern_name 3522
2026-02-01 19:04:08,706 - INFO - Building stim pattern for pattern_name 63
2026-02-01 19:04:08,718 - INFO - Building stim pattern for pattern_name 1372
2026-02-01 19:04:08,735 - INFO - Building stim pattern for pattern_name 605
2026-02-01 19:04:08,752 - INFO - Building stim pattern for pattern_name 471
2026-02-01 19:04:08,763 - INFO - Building stim pattern for pattern_name 3042
2026-02-01 19:04:08,774 - INFO - Building stim pattern for pattern_name 261
2026-02-01 19:04:08,785 - INFO - Building stim pattern for pattern_name 752
2026-02-01 19:04:08,797 - INFO - Building stim pattern for pattern_name 2916
2026-02-01 19:04:08,808 - INFO - Building stim pattern for pattern_name 187
2026-02-01 19:04:08,819 - INFO - Building stim pattern for pattern_name 2733
2026-02-01 19:04:08,854 - INFO - Building stim pattern for pattern_name 3790
2026-02-01 19:04:08,866 - INFO - Building stim pattern for pattern_name 2233
2026-02-01 19:04:08,876 - INFO - Building stim pattern for pattern_name 1225
2026-02-01 19:04:08,887 - INFO - Building stim pattern for pattern_name 1371
2026-02-01 19:04:08,899 - INFO - Building stim pattern for pattern_name 3034
2026-02-01 19:04:08,915 - INFO - Building stim pattern for pattern_name 1733
2026-02-01 19:04:08,926 - INFO - Building stim pattern for pattern_name 1072
2026-02-01 19:04:08,937 - INFO - Building stim pattern for pattern_name 2601
2026-02-01 19:04:08,953 - INFO - Building stim pattern for pattern_name 414
2026-02-01 19:04:08,964 - INFO - Building stim pattern for pattern_name 2519
2026-02-01 19:04:08,979 - INFO - Building stim pattern for pattern_name 3828
2026-02-01 19:04:08,989 - INFO - Building stim pattern for pattern_name 1607
2026-02-01 19:04:09,001 - INFO - Building stim pattern for pattern_name 2690
2026-02-01 19:04:09,016 - INFO - Building stim pattern for pattern_name 2878
2026-02-01 19:04:09,030 - INFO - Building stim pattern for pattern_name 386
2026-02-01 19:04:09,051 - INFO - Building stim pattern for pattern_name 713
2026-02-01 19:04:09,063 - INFO - Building stim pattern for pattern_name 3758
2026-02-01 19:04:09,074 - INFO - Building stim pattern for pattern_name 2014
2026-02-01 19:04:09,091 - INFO - Building stim pattern for pattern_name 1162
2026-02-01 19:04:09,102 - INFO - Building stim pattern for pattern_name 2166
2026-02-01 19:04:09,113 - INFO - Building stim pattern for pattern_name 1242
2026-02-01 19:04:09,124 - INFO - Building stim pattern for pattern_name 1292
2026-02-01 19:04:09,148 - INFO - Building stim pattern for pattern_name 2145
2026-02-01 19:04:09,161 - INFO - Building stim pattern for pattern_name 3591
2026-02-01 19:04:09,174 - INFO - Building stim pattern for pattern_name 1461
2026-02-01 19:04:09,188 - INFO - Building stim pattern for pattern_name 3275
2026-02-01 19:04:09,197 - INFO - Building stim pattern for pattern_name 2618
2026-02-01 19:04:09,209 - INFO - Building stim pattern for pattern_name 1190
2026-02-01 19:04:09,220 - INFO - Building stim pattern for pattern_name 124
2026-02-01 19:04:09,230 - INFO - Building stim pattern for pattern_name 2194
2026-02-01 19:04:09,250 - INFO - Building stim pattern for pattern_name 2795
2026-02-01 19:04:09,275 - INFO - Building stim pattern for pattern_name 2083
2026-02-01 19:04:09,295 - INFO - Building stim pattern for pattern_name 388
2026-02-01 19:04:09,307 - INFO - Building stim pattern for pattern_name 1544
2026-02-01 19:04:09,326 - INFO - Building stim pattern for pattern_name 1448
2026-02-01 19:04:09,338 - INFO - Building stim pattern for pattern_name 3941
2026-02-01 19:04:09,354 - INFO - Building stim pattern for pattern_name 2227
2026-02-01 19:04:09,366 - INFO - Building stim pattern for pattern_name 607
2026-02-01 19:04:09,378 - INFO - Building stim pattern for pattern_name 622
2026-02-01 19:04:09,389 - INFO - Building stim pattern for pattern_name 3408
2026-02-01 19:04:09,401 - INFO - Building stim pattern for pattern_name 110
2026-02-01 19:04:09,426 - INFO - Building stim pattern for pattern_name 3287
2026-02-01 19:04:09,436 - INFO - Building stim pattern for pattern_name 2315
2026-02-01 19:04:09,453 - INFO - Building stim pattern for pattern_name 1860
2026-02-01 19:04:09,463 - INFO - Building stim pattern for pattern_name 1254
2026-02-01 19:04:09,476 - INFO - Building stim pattern for pattern_name 3029
2026-02-01 19:04:09,488 - INFO - Building stim pattern for pattern_name 1463
2026-02-01 19:04:09,500 - INFO - Building stim pattern for pattern_name 454
2026-02-01 19:04:09,513 - INFO - Building stim pattern for pattern_name 2640
2026-02-01 19:04:09,524 - INFO - Building stim pattern for pattern_name 1472
2026-02-01 19:04:09,532 - INFO - Building stim pattern for pattern_name 959
2026-02-01 19:04:09,543 - INFO - Building stim pattern for pattern_name 1827
2026-02-01 19:04:09,554 - INFO - Building stim pattern for pattern_name 3392
2026-02-01 19:04:09,564 - INFO - Building stim pattern for pattern_name 1715
2026-02-01 19:04:09,575 - INFO - Building stim pattern for pattern_name 2847
2026-02-01 19:04:09,586 - INFO - Building stim pattern for pattern_name 1119
2026-02-01 19:04:09,599 - INFO - Building stim pattern for pattern_name 452
2026-02-01 19:04:09,611 - INFO - Building stim pattern for pattern_name 1310
2026-02-01 19:04:09,630 - INFO - Building stim pattern for pattern_name 2590
2026-02-01 19:04:09,643 - INFO - Building stim pattern for pattern_name 136
2026-02-01 19:04:09,653 - INFO - Building stim pattern for pattern_name 3518
2026-02-01 19:04:09,663 - INFO - Building stim pattern for pattern_name 2463
2026-02-01 19:04:09,674 - INFO - Building stim pattern for pattern_name 1937
2026-02-01 19:04:09,684 - INFO - Building stim pattern for pattern_name 3739
2026-02-01 19:04:09,695 - INFO - Building stim pattern for pattern_name 945
2026-02-01 19:04:09,716 - INFO - Building stim pattern for pattern_name 2900
2026-02-01 19:04:09,729 - INFO - Building stim pattern for pattern_name 3976
2026-02-01 19:04:09,742 - INFO - Building stim pattern for pattern_name 919
2026-02-01 19:04:09,753 - INFO - Building stim pattern for pattern_name 774
2026-02-01 19:04:09,763 - INFO - Building stim pattern for pattern_name 2625
2026-02-01 19:04:09,774 - INFO - Building stim pattern for pattern_name 107
2026-02-01 19:04:09,785 - INFO - Building stim pattern for pattern_name 1002
2026-02-01 19:04:09,796 - INFO - Building stim pattern for pattern_name 1900
2026-02-01 19:04:09,806 - INFO - Building stim pattern for pattern_name 703
2026-02-01 19:04:09,817 - INFO - Building stim pattern for pattern_name 1068
2026-02-01 19:04:09,827 - INFO - Building stim pattern for pattern_name 3233
2026-02-01 19:04:09,845 - INFO - Building stim pattern for pattern_name 1844
2026-02-01 19:04:09,857 - INFO - Building stim pattern for pattern_name 2288
2026-02-01 19:04:09,870 - INFO - Building stim pattern for pattern_name 1028
2026-02-01 19:04:09,880 - INFO - Building stim pattern for pattern_name 348
2026-02-01 19:04:09,898 - INFO - Building stim pattern for pattern_name 3848
2026-02-01 19:04:09,911 - INFO - Building stim pattern for pattern_name 3109
2026-02-01 19:04:09,999 - INFO - Building stim pattern for pattern_name 3886
2026-02-01 19:04:10,018 - INFO - Building stim pattern for pattern_name 1748
2026-02-01 19:04:10,040 - INFO - Building stim pattern for pattern_name 2012
2026-02-01 19:04:10,051 - INFO - Building stim pattern for pattern_name 297
2026-02-01 19:04:10,064 - INFO - Building stim pattern for pattern_name 2132
2026-02-01 19:04:10,092 - INFO - Building stim pattern for pattern_name 3538
2026-02-01 19:04:10,103 - INFO - Building stim pattern for pattern_name 2504
2026-02-01 19:04:10,116 - INFO - Building stim pattern for pattern_name 2352
2026-02-01 19:04:10,128 - INFO - Building stim pattern for pattern_name 1926
2026-02-01 19:04:10,138 - INFO - Building stim pattern for pattern_name 906
2026-02-01 19:04:10,148 - INFO - Building stim pattern for pattern_name 3293
2026-02-01 19:04:10,161 - INFO - Building stim pattern for pattern_name 3339
2026-02-01 19:04:10,174 - INFO - Building stim pattern for pattern_name 3004
2026-02-01 19:04:10,185 - INFO - Building stim pattern for pattern_name 761
2026-02-01 19:04:10,194 - INFO - Building stim pattern for pattern_name 3487
2026-02-01 19:04:10,204 - INFO - Building stim pattern for pattern_name 354
2026-02-01 19:04:10,221 - INFO - Building stim pattern for pattern_name 3653
2026-02-01 19:04:10,231 - INFO - Building stim pattern for pattern_name 3737
2026-02-01 19:04:10,241 - INFO - Building stim pattern for pattern_name 2757
2026-02-01 19:04:10,252 - INFO - Building stim pattern for pattern_name 3813
2026-02-01 19:04:10,268 - INFO - Building stim pattern for pattern_name 1528
2026-02-01 19:04:10,279 - INFO - Building stim pattern for pattern_name 3054
2026-02-01 19:04:10,289 - INFO - Building stim pattern for pattern_name 208
2026-02-01 19:04:10,299 - INFO - Building stim pattern for pattern_name 3377
2026-02-01 19:04:10,310 - INFO - Building stim pattern for pattern_name 1277
2026-02-01 19:04:10,334 - INFO - Building stim pattern for pattern_name 2500
2026-02-01 19:04:10,345 - INFO - Building stim pattern for pattern_name 3283
2026-02-01 19:04:10,362 - INFO - Building stim pattern for pattern_name 708
2026-02-01 19:04:10,374 - INFO - Building stim pattern for pattern_name 2209
2026-02-01 19:04:10,392 - INFO - Building stim pattern for pattern_name 2215
2026-02-01 19:04:10,403 - INFO - Building stim pattern for pattern_name 2471
2026-02-01 19:04:10,419 - INFO - Building stim pattern for pattern_name 792
2026-02-01 19:04:10,429 - INFO - Building stim pattern for pattern_name 3899
2026-02-01 19:04:10,441 - INFO - Building stim pattern for pattern_name 3912
2026-02-01 19:04:10,452 - INFO - Building stim pattern for pattern_name 382
2026-02-01 19:04:10,463 - INFO - Building stim pattern for pattern_name 778
2026-02-01 19:04:10,473 - INFO - Building stim pattern for pattern_name 3867
2026-02-01 19:04:10,492 - INFO - Building stim pattern for pattern_name 1948
2026-02-01 19:04:10,503 - INFO - Building stim pattern for pattern_name 3509
2026-02-01 19:04:10,513 - INFO - Building stim pattern for pattern_name 3555
2026-02-01 19:04:10,524 - INFO - Building stim pattern for pattern_name 3992
2026-02-01 19:04:10,534 - INFO - Building stim pattern for pattern_name 1882
2026-02-01 19:04:10,544 - INFO - Building stim pattern for pattern_name 99
2026-02-01 19:04:10,560 - INFO - Building stim pattern for pattern_name 2536
2026-02-01 19:04:10,571 - INFO - Building stim pattern for pattern_name 892
2026-02-01 19:04:10,581 - INFO - Building stim pattern for pattern_name 2834
2026-02-01 19:04:10,591 - INFO - Building stim pattern for pattern_name 989
2026-02-01 19:04:10,602 - INFO - Building stim pattern for pattern_name 3540
2026-02-01 19:04:10,612 - INFO - Building stim pattern for pattern_name 1501
2026-02-01 19:04:10,623 - INFO - Building stim pattern for pattern_name 2793
2026-02-01 19:04:10,632 - INFO - Building stim pattern for pattern_name 1042
2026-02-01 19:04:10,642 - INFO - Building stim pattern for pattern_name 3417
2026-02-01 19:04:10,654 - INFO - Building stim pattern for pattern_name 665
2026-02-01 19:04:10,667 - INFO - Building stim pattern for pattern_name 3579
2026-02-01 19:04:10,679 - INFO - Building stim pattern for pattern_name 58
2026-02-01 19:04:10,693 - INFO - Building stim pattern for pattern_name 626
2026-02-01 19:04:10,704 - INFO - Building stim pattern for pattern_name 1013
2026-02-01 19:04:10,720 - INFO - Building stim pattern for pattern_name 3159
2026-02-01 19:04:10,731 - INFO - Building stim pattern for pattern_name 3679
2026-02-01 19:04:10,754 - INFO - Building stim pattern for pattern_name 3675
2026-02-01 19:04:10,764 - INFO - Building stim pattern for pattern_name 3944
2026-02-01 19:04:10,775 - INFO - Building stim pattern for pattern_name 1251
2026-02-01 19:04:10,785 - INFO - Building stim pattern for pattern_name 3505
2026-02-01 19:04:10,796 - INFO - Building stim pattern for pattern_name 1151
2026-02-01 19:04:10,818 - INFO - Building stim pattern for pattern_name 1369
2026-02-01 19:04:10,830 - INFO - Building stim pattern for pattern_name 600
2026-02-01 19:04:10,840 - INFO - Building stim pattern for pattern_name 2459
2026-02-01 19:04:10,851 - INFO - Building stim pattern for pattern_name 1249
2026-02-01 19:04:10,866 - INFO - Building stim pattern for pattern_name 841
2026-02-01 19:04:10,877 - INFO - Building stim pattern for pattern_name 3321
2026-02-01 19:04:10,888 - INFO - Building stim pattern for pattern_name 1639
2026-02-01 19:04:10,899 - INFO - Building stim pattern for pattern_name 3864
2026-02-01 19:04:10,909 - INFO - Building stim pattern for pattern_name 1328
2026-02-01 19:04:10,926 - INFO - Building stim pattern for pattern_name 2142
2026-02-01 19:04:10,937 - INFO - Building stim pattern for pattern_name 3770
2026-02-01 19:04:10,949 - INFO - Building stim pattern for pattern_name 3134
2026-02-01 19:04:10,960 - INFO - Building stim pattern for pattern_name 3687
2026-02-01 19:04:10,969 - INFO - Building stim pattern for pattern_name 202
2026-02-01 19:04:10,981 - INFO - Building stim pattern for pattern_name 771
2026-02-01 19:04:10,991 - INFO - Building stim pattern for pattern_name 1163
2026-02-01 19:04:11,001 - INFO - Building stim pattern for pattern_name 1642
2026-02-01 19:04:11,012 - INFO - Building stim pattern for pattern_name 504
2026-02-01 19:04:11,021 - INFO - Building stim pattern for pattern_name 3560
2026-02-01 19:04:11,033 - INFO - Building stim pattern for pattern_name 2873
2026-02-01 19:04:11,051 - INFO - Building stim pattern for pattern_name 3058
2026-02-01 19:04:11,061 - INFO - Building stim pattern for pattern_name 1881
2026-02-01 19:04:11,080 - INFO - Building stim pattern for pattern_name 3563
2026-02-01 19:04:11,098 - INFO - Building stim pattern for pattern_name 1231
2026-02-01 19:04:11,109 - INFO - Building stim pattern for pattern_name 166
2026-02-01 19:04:11,123 - INFO - Building stim pattern for pattern_name 2391
2026-02-01 19:04:11,135 - INFO - Building stim pattern for pattern_name 1186
2026-02-01 19:04:11,146 - INFO - Building stim pattern for pattern_name 2487
2026-02-01 19:04:11,158 - INFO - Building stim pattern for pattern_name 722
2026-02-01 19:04:11,174 - INFO - Building stim pattern for pattern_name 3943
2026-02-01 19:04:11,186 - INFO - Building stim pattern for pattern_name 2571
2026-02-01 19:04:11,196 - INFO - Building stim pattern for pattern_name 1148
2026-02-01 19:04:11,215 - INFO - Building stim pattern for pattern_name 3646
2026-02-01 19:04:11,226 - INFO - Building stim pattern for pattern_name 3394
2026-02-01 19:04:11,237 - INFO - Building stim pattern for pattern_name 2976
2026-02-01 19:04:11,248 - INFO - Building stim pattern for pattern_name 873
2026-02-01 19:04:11,270 - INFO - Building stim pattern for pattern_name 371
2026-02-01 19:04:11,284 - INFO - Building stim pattern for pattern_name 1404
2026-02-01 19:04:11,300 - INFO - Building stim pattern for pattern_name 3965
2026-02-01 19:04:11,311 - INFO - Building stim pattern for pattern_name 3791
2026-02-01 19:04:11,322 - INFO - Building stim pattern for pattern_name 2476
2026-02-01 19:04:11,332 - INFO - Building stim pattern for pattern_name 2606
2026-02-01 19:04:11,342 - INFO - Building stim pattern for pattern_name 1392
2026-02-01 19:04:11,353 - INFO - Building stim pattern for pattern_name 2365
2026-02-01 19:04:11,363 - INFO - Building stim pattern for pattern_name 845
2026-02-01 19:04:11,372 - INFO - Building stim pattern for pattern_name 1622
2026-02-01 19:04:11,383 - INFO - Building stim pattern for pattern_name 3936
2026-02-01 19:04:11,393 - INFO - Building stim pattern for pattern_name 2287
2026-02-01 19:04:11,403 - INFO - Building stim pattern for pattern_name 2195
2026-02-01 19:04:11,414 - INFO - Building stim pattern for pattern_name 2647
2026-02-01 19:04:11,425 - INFO - Building stim pattern for pattern_name 2680
2026-02-01 19:04:11,436 - INFO - Building stim pattern for pattern_name 3402
2026-02-01 19:04:11,446 - INFO - Building stim pattern for pattern_name 1627
2026-02-01 19:04:11,456 - INFO - Building stim pattern for pattern_name 3479
2026-02-01 19:04:11,474 - INFO - Building stim pattern for pattern_name 804
2026-02-01 19:04:11,485 - INFO - Building stim pattern for pattern_name 2938
2026-02-01 19:04:11,503 - INFO - Building stim pattern for pattern_name 2304
2026-02-01 19:04:11,513 - INFO - Building stim pattern for pattern_name 3090
2026-02-01 19:04:11,524 - INFO - Building stim pattern for pattern_name 918
2026-02-01 19:04:11,534 - INFO - Building stim pattern for pattern_name 984
2026-02-01 19:04:11,550 - INFO - Building stim pattern for pattern_name 1344
2026-02-01 19:04:11,574 - INFO - Building stim pattern for pattern_name 40
2026-02-01 19:04:11,586 - INFO - Building stim pattern for pattern_name 667
2026-02-01 19:04:11,597 - INFO - Building stim pattern for pattern_name 422
2026-02-01 19:04:11,607 - INFO - Building stim pattern for pattern_name 3551
2026-02-01 19:04:11,622 - INFO - Building stim pattern for pattern_name 3415
2026-02-01 19:04:11,636 - INFO - Building stim pattern for pattern_name 304
2026-02-01 19:04:11,660 - INFO - Building stim pattern for pattern_name 3079
2026-02-01 19:04:11,677 - INFO - Building stim pattern for pattern_name 1984
2026-02-01 19:04:11,688 - INFO - Building stim pattern for pattern_name 3390
2026-02-01 19:04:11,699 - INFO - Building stim pattern for pattern_name 2914
2026-02-01 19:04:11,710 - INFO - Building stim pattern for pattern_name 3115
2026-02-01 19:04:11,720 - INFO - Building stim pattern for pattern_name 3110
2026-02-01 19:04:11,731 - INFO - Building stim pattern for pattern_name 3386
2026-02-01 19:04:11,741 - INFO - Building stim pattern for pattern_name 1718
2026-02-01 19:04:11,752 - INFO - Building stim pattern for pattern_name 1970
2026-02-01 19:04:11,762 - INFO - Building stim pattern for pattern_name 820
2026-02-01 19:04:11,840 - INFO - Building stim pattern for pattern_name 1452
2026-02-01 19:04:11,867 - INFO - Building stim pattern for pattern_name 3078
2026-02-01 19:04:11,882 - INFO - Building stim pattern for pattern_name 1004
2026-02-01 19:04:11,894 - INFO - Building stim pattern for pattern_name 1818
2026-02-01 19:04:11,905 - INFO - Building stim pattern for pattern_name 1349
2026-02-01 19:04:11,916 - INFO - Building stim pattern for pattern_name 3041
2026-02-01 19:04:11,927 - INFO - Building stim pattern for pattern_name 451
2026-02-01 19:04:11,938 - INFO - Building stim pattern for pattern_name 2332
2026-02-01 19:04:11,948 - INFO - Building stim pattern for pattern_name 598
2026-02-01 19:04:11,959 - INFO - Building stim pattern for pattern_name 2805
2026-02-01 19:04:11,971 - INFO - Building stim pattern for pattern_name 3656
2026-02-01 19:04:11,982 - INFO - Building stim pattern for pattern_name 882
2026-02-01 19:04:11,992 - INFO - Building stim pattern for pattern_name 3873
2026-02-01 19:04:12,003 - INFO - Building stim pattern for pattern_name 3630
2026-02-01 19:04:12,014 - INFO - Building stim pattern for pattern_name 3797
2026-02-01 19:04:12,024 - INFO - Building stim pattern for pattern_name 3749
2026-02-01 19:04:12,034 - INFO - Building stim pattern for pattern_name 97
2026-02-01 19:04:12,044 - INFO - Building stim pattern for pattern_name 3280
2026-02-01 19:04:12,056 - INFO - Building stim pattern for pattern_name 172
2026-02-01 19:04:12,066 - INFO - Building stim pattern for pattern_name 3891
2026-02-01 19:04:12,077 - INFO - Building stim pattern for pattern_name 3932
2026-02-01 19:04:12,088 - INFO - Building stim pattern for pattern_name 1784
2026-02-01 19:04:12,104 - INFO - Building stim pattern for pattern_name 493
2026-02-01 19:04:12,117 - INFO - Building stim pattern for pattern_name 2833
2026-02-01 19:04:12,127 - INFO - Building stim pattern for pattern_name 690
2026-02-01 19:04:12,138 - INFO - Building stim pattern for pattern_name 3333
2026-02-01 19:04:12,148 - INFO - Building stim pattern for pattern_name 3800
2026-02-01 19:04:12,159 - INFO - Building stim pattern for pattern_name 59
2026-02-01 19:04:12,169 - INFO - Building stim pattern for pattern_name 3299
2026-02-01 19:04:12,180 - INFO - Building stim pattern for pattern_name 2670
2026-02-01 19:04:12,191 - INFO - Building stim pattern for pattern_name 2439
2026-02-01 19:04:12,202 - INFO - Building stim pattern for pattern_name 283
2026-02-01 19:04:12,219 - INFO - Building stim pattern for pattern_name 3543
2026-02-01 19:04:12,230 - INFO - Building stim pattern for pattern_name 3824
2026-02-01 19:04:12,241 - INFO - Building stim pattern for pattern_name 3232
2026-02-01 19:04:12,253 - INFO - Building stim pattern for pattern_name 1803
2026-02-01 19:04:12,266 - INFO - Building stim pattern for pattern_name 1306
2026-02-01 19:04:12,284 - INFO - Building stim pattern for pattern_name 260
2026-02-01 19:04:12,296 - INFO - Building stim pattern for pattern_name 2071
2026-02-01 19:04:12,307 - INFO - Building stim pattern for pattern_name 379
2026-02-01 19:04:12,317 - INFO - Building stim pattern for pattern_name 3962
2026-02-01 19:04:12,336 - INFO - Building stim pattern for pattern_name 779
2026-02-01 19:04:12,347 - INFO - Building stim pattern for pattern_name 861
2026-02-01 19:04:12,364 - INFO - Building stim pattern for pattern_name 177
2026-02-01 19:04:12,395 - INFO - Building stim pattern for pattern_name 1338
2026-02-01 19:04:12,407 - INFO - Building stim pattern for pattern_name 312
2026-02-01 19:04:12,416 - INFO - Building stim pattern for pattern_name 163
2026-02-01 19:04:12,434 - INFO - Building stim pattern for pattern_name 3632
2026-02-01 19:04:12,453 - INFO - Building stim pattern for pattern_name 1904
2026-02-01 19:04:12,468 - INFO - Building stim pattern for pattern_name 1535
2026-02-01 19:04:12,480 - INFO - Building stim pattern for pattern_name 3490
2026-02-01 19:04:12,501 - INFO - Building stim pattern for pattern_name 2617
2026-02-01 19:04:12,513 - INFO - Building stim pattern for pattern_name 2490
2026-02-01 19:04:12,525 - INFO - Building stim pattern for pattern_name 1732
2026-02-01 19:04:12,543 - INFO - Building stim pattern for pattern_name 57
2026-02-01 19:04:12,554 - INFO - Building stim pattern for pattern_name 295
2026-02-01 19:04:12,570 - INFO - Building stim pattern for pattern_name 458
2026-02-01 19:04:12,582 - INFO - Building stim pattern for pattern_name 966
2026-02-01 19:04:12,593 - INFO - Building stim pattern for pattern_name 1797
2026-02-01 19:04:12,604 - INFO - Building stim pattern for pattern_name 3066
2026-02-01 19:04:12,614 - INFO - Building stim pattern for pattern_name 3681
2026-02-01 19:04:12,626 - INFO - Building stim pattern for pattern_name 2550
2026-02-01 19:04:12,638 - INFO - Building stim pattern for pattern_name 2187
2026-02-01 19:04:12,650 - INFO - Building stim pattern for pattern_name 2511
2026-02-01 19:04:12,662 - INFO - Building stim pattern for pattern_name 328
2026-02-01 19:04:12,674 - INFO - Building stim pattern for pattern_name 2477
2026-02-01 19:04:12,684 - INFO - Building stim pattern for pattern_name 299
2026-02-01 19:04:12,696 - INFO - Building stim pattern for pattern_name 2154
2026-02-01 19:04:12,707 - INFO - Building stim pattern for pattern_name 3324
2026-02-01 19:04:12,725 - INFO - Building stim pattern for pattern_name 2411
2026-02-01 19:04:12,737 - INFO - Building stim pattern for pattern_name 3928
2026-02-01 19:04:12,750 - INFO - Building stim pattern for pattern_name 315
2026-02-01 19:04:12,774 - INFO - Building stim pattern for pattern_name 2808
2026-02-01 19:04:12,792 - INFO - Building stim pattern for pattern_name 1712
2026-02-01 19:04:12,805 - INFO - Building stim pattern for pattern_name 2687
2026-02-01 19:04:12,826 - INFO - Building stim pattern for pattern_name 2116
2026-02-01 19:04:12,855 - INFO - Building stim pattern for pattern_name 3743
2026-02-01 19:04:12,872 - INFO - Building stim pattern for pattern_name 1185
2026-02-01 19:04:12,885 - INFO - Building stim pattern for pattern_name 3624
2026-02-01 19:04:12,897 - INFO - Building stim pattern for pattern_name 45
2026-02-01 19:04:12,910 - INFO - Building stim pattern for pattern_name 3977
2026-02-01 19:04:12,924 - INFO - Building stim pattern for pattern_name 807
2026-02-01 19:04:12,934 - INFO - Building stim pattern for pattern_name 1749
2026-02-01 19:04:12,947 - INFO - Building stim pattern for pattern_name 997
2026-02-01 19:04:12,958 - INFO - Building stim pattern for pattern_name 3006
2026-02-01 19:04:12,969 - INFO - Building stim pattern for pattern_name 1527
2026-02-01 19:04:12,980 - INFO - Building stim pattern for pattern_name 188
2026-02-01 19:04:12,992 - INFO - Building stim pattern for pattern_name 2707
2026-02-01 19:04:13,010 - INFO - Building stim pattern for pattern_name 1105
2026-02-01 19:04:13,020 - INFO - Building stim pattern for pattern_name 3918
2026-02-01 19:04:13,031 - INFO - Building stim pattern for pattern_name 1020
2026-02-01 19:04:13,041 - INFO - Building stim pattern for pattern_name 2975
2026-02-01 19:04:13,052 - INFO - Building stim pattern for pattern_name 3680
2026-02-01 19:04:13,062 - INFO - Building stim pattern for pattern_name 1981
2026-02-01 19:04:13,074 - INFO - Building stim pattern for pattern_name 1139
2026-02-01 19:04:13,085 - INFO - Building stim pattern for pattern_name 867
2026-02-01 19:04:13,095 - INFO - Building stim pattern for pattern_name 1378
2026-02-01 19:04:13,107 - INFO - Building stim pattern for pattern_name 1649
2026-02-01 19:04:13,117 - INFO - Building stim pattern for pattern_name 3927
2026-02-01 19:04:13,128 - INFO - Building stim pattern for pattern_name 3904
2026-02-01 19:04:13,145 - INFO - Building stim pattern for pattern_name 1605
2026-02-01 19:04:13,157 - INFO - Building stim pattern for pattern_name 1993
2026-02-01 19:04:13,167 - INFO - Building stim pattern for pattern_name 2703
2026-02-01 19:04:13,177 - INFO - Building stim pattern for pattern_name 2896
2026-02-01 19:04:13,187 - INFO - Building stim pattern for pattern_name 308
2026-02-01 19:04:13,198 - INFO - Building stim pattern for pattern_name 1179
2026-02-01 19:04:13,216 - INFO - Building stim pattern for pattern_name 3523
2026-02-01 19:04:13,231 - INFO - Building stim pattern for pattern_name 1409
2026-02-01 19:04:13,245 - INFO - Building stim pattern for pattern_name 3464
2026-02-01 19:04:13,260 - INFO - Building stim pattern for pattern_name 3750
2026-02-01 19:04:13,270 - INFO - Building stim pattern for pattern_name 331
2026-02-01 19:04:13,280 - INFO - Building stim pattern for pattern_name 1334
2026-02-01 19:04:13,292 - INFO - Building stim pattern for pattern_name 2553
2026-02-01 19:04:13,304 - INFO - Building stim pattern for pattern_name 874
2026-02-01 19:04:13,315 - INFO - Building stim pattern for pattern_name 2438
2026-02-01 19:04:13,326 - INFO - Building stim pattern for pattern_name 1658
2026-02-01 19:04:13,342 - INFO - Building stim pattern for pattern_name 2538
2026-02-01 19:04:13,352 - INFO - Building stim pattern for pattern_name 3519
2026-02-01 19:04:13,363 - INFO - Building stim pattern for pattern_name 3804
2026-02-01 19:04:13,374 - INFO - Building stim pattern for pattern_name 3281
2026-02-01 19:04:13,385 - INFO - Building stim pattern for pattern_name 1432
2026-02-01 19:04:13,395 - INFO - Building stim pattern for pattern_name 2906
2026-02-01 19:04:13,405 - INFO - Building stim pattern for pattern_name 2702
2026-02-01 19:04:13,416 - INFO - Building stim pattern for pattern_name 3250
2026-02-01 19:04:13,428 - INFO - Building stim pattern for pattern_name 2470
2026-02-01 19:04:13,439 - INFO - Building stim pattern for pattern_name 3154
2026-02-01 19:04:13,451 - INFO - Building stim pattern for pattern_name 2789
2026-02-01 19:04:13,470 - INFO - Building stim pattern for pattern_name 1474
2026-02-01 19:04:13,535 - INFO - Building stim pattern for pattern_name 736
2026-02-01 19:04:13,584 - INFO - Building stim pattern for pattern_name 3343
2026-02-01 19:04:13,601 - INFO - Building stim pattern for pattern_name 2317
2026-02-01 19:04:13,616 - INFO - Building stim pattern for pattern_name 3508
2026-02-01 19:04:13,627 - INFO - Building stim pattern for pattern_name 114
2026-02-01 19:04:13,640 - INFO - Building stim pattern for pattern_name 96
2026-02-01 19:04:13,651 - INFO - Building stim pattern for pattern_name 303
2026-02-01 19:04:13,662 - INFO - Building stim pattern for pattern_name 970
2026-02-01 19:04:13,684 - INFO - Building stim pattern for pattern_name 482
2026-02-01 19:04:13,695 - INFO - Building stim pattern for pattern_name 2678
2026-02-01 19:04:13,705 - INFO - Building stim pattern for pattern_name 2298
2026-02-01 19:04:13,716 - INFO - Building stim pattern for pattern_name 565
2026-02-01 19:04:13,739 - INFO - Building stim pattern for pattern_name 3819
2026-02-01 19:04:13,753 - INFO - Building stim pattern for pattern_name 2284
2026-02-01 19:04:13,765 - INFO - Building stim pattern for pattern_name 2489
2026-02-01 19:04:13,793 - INFO - Building stim pattern for pattern_name 1365
2026-02-01 19:04:13,824 - INFO - Building stim pattern for pattern_name 2817
2026-02-01 19:04:13,838 - INFO - Building stim pattern for pattern_name 1804
2026-02-01 19:04:13,852 - INFO - Building stim pattern for pattern_name 688
2026-02-01 19:04:13,864 - INFO - Building stim pattern for pattern_name 1071
2026-02-01 19:04:13,877 - INFO - Building stim pattern for pattern_name 1657
2026-02-01 19:04:13,888 - INFO - Building stim pattern for pattern_name 498
2026-02-01 19:04:13,899 - INFO - Building stim pattern for pattern_name 1100
2026-02-01 19:04:13,910 - INFO - Building stim pattern for pattern_name 2957
2026-02-01 19:04:13,921 - INFO - Building stim pattern for pattern_name 3502
2026-02-01 19:04:13,940 - INFO - Building stim pattern for pattern_name 1538
2026-02-01 19:04:13,952 - INFO - Building stim pattern for pattern_name 3999
2026-02-01 19:04:13,962 - INFO - Building stim pattern for pattern_name 3917
2026-02-01 19:04:13,983 - INFO - Building stim pattern for pattern_name 2823
2026-02-01 19:04:13,995 - INFO - Building stim pattern for pattern_name 2810
2026-02-01 19:04:14,006 - INFO - Building stim pattern for pattern_name 3921
2026-02-01 19:04:14,033 - INFO - Building stim pattern for pattern_name 1065
2026-02-01 19:04:14,050 - INFO - Building stim pattern for pattern_name 1066
2026-02-01 19:04:14,062 - INFO - Building stim pattern for pattern_name 3003
2026-02-01 19:04:14,080 - INFO - Building stim pattern for pattern_name 3609
2026-02-01 19:04:14,092 - INFO - Building stim pattern for pattern_name 1321
2026-02-01 19:04:14,105 - INFO - Building stim pattern for pattern_name 1922
2026-02-01 19:04:14,116 - INFO - Building stim pattern for pattern_name 2756
2026-02-01 19:04:14,128 - INFO - Building stim pattern for pattern_name 1164
2026-02-01 19:04:14,140 - INFO - Building stim pattern for pattern_name 620
2026-02-01 19:04:14,152 - INFO - Building stim pattern for pattern_name 2502
2026-02-01 19:04:14,167 - INFO - Building stim pattern for pattern_name 3068
2026-02-01 19:04:14,182 - INFO - Building stim pattern for pattern_name 1271
2026-02-01 19:04:14,201 - INFO - Building stim pattern for pattern_name 2243
2026-02-01 19:04:14,214 - INFO - Building stim pattern for pattern_name 1592
2026-02-01 19:04:14,226 - INFO - Building stim pattern for pattern_name 3035
2026-02-01 19:04:14,239 - INFO - Building stim pattern for pattern_name 999
2026-02-01 19:04:14,250 - INFO - Building stim pattern for pattern_name 2460
2026-02-01 19:04:14,259 - INFO - Building stim pattern for pattern_name 3320
2026-02-01 19:04:14,269 - INFO - Building stim pattern for pattern_name 958
2026-02-01 19:04:14,280 - INFO - Building stim pattern for pattern_name 215
2026-02-01 19:04:14,296 - INFO - Building stim pattern for pattern_name 2269
2026-02-01 19:04:14,312 - INFO - Building stim pattern for pattern_name 2797
2026-02-01 19:04:14,322 - INFO - Building stim pattern for pattern_name 2473
2026-02-01 19:04:14,333 - INFO - Building stim pattern for pattern_name 2127
2026-02-01 19:04:14,345 - INFO - Building stim pattern for pattern_name 3076
2026-02-01 19:04:14,357 - INFO - Building stim pattern for pattern_name 3346
2026-02-01 19:04:14,376 - INFO - Building stim pattern for pattern_name 2870
2026-02-01 19:04:14,386 - INFO - Building stim pattern for pattern_name 362
2026-02-01 19:04:14,396 - INFO - Building stim pattern for pattern_name 2903
2026-02-01 19:04:14,406 - INFO - Building stim pattern for pattern_name 3843
2026-02-01 19:04:14,416 - INFO - Building stim pattern for pattern_name 2373
2026-02-01 19:04:14,427 - INFO - Building stim pattern for pattern_name 1026
2026-02-01 19:04:14,438 - INFO - Building stim pattern for pattern_name 1055
2026-02-01 19:04:14,448 - INFO - Building stim pattern for pattern_name 2587
2026-02-01 19:04:14,459 - INFO - Building stim pattern for pattern_name 833
2026-02-01 19:04:14,471 - INFO - Building stim pattern for pattern_name 805
2026-02-01 19:04:14,482 - INFO - Building stim pattern for pattern_name 3244
2026-02-01 19:04:14,493 - INFO - Building stim pattern for pattern_name 1660
2026-02-01 19:04:14,505 - INFO - Building stim pattern for pattern_name 3319
2026-02-01 19:04:14,527 - INFO - Building stim pattern for pattern_name 1990
2026-02-01 19:04:14,547 - INFO - Building stim pattern for pattern_name 2952
2026-02-01 19:04:14,561 - INFO - Building stim pattern for pattern_name 3200
2026-02-01 19:04:14,580 - INFO - Building stim pattern for pattern_name 66
2026-02-01 19:04:14,592 - INFO - Building stim pattern for pattern_name 1088
2026-02-01 19:04:14,604 - INFO - Building stim pattern for pattern_name 2450
2026-02-01 19:04:14,616 - INFO - Building stim pattern for pattern_name 3016
2026-02-01 19:04:14,629 - INFO - Building stim pattern for pattern_name 2486
2026-02-01 19:04:14,642 - INFO - Building stim pattern for pattern_name 3414
2026-02-01 19:04:14,656 - INFO - Building stim pattern for pattern_name 2133
2026-02-01 19:04:14,666 - INFO - Building stim pattern for pattern_name 1046
2026-02-01 19:04:14,688 - INFO - Building stim pattern for pattern_name 977
2026-02-01 19:04:14,700 - INFO - Building stim pattern for pattern_name 3227
2026-02-01 19:04:14,712 - INFO - Building stim pattern for pattern_name 197
2026-02-01 19:04:14,722 - INFO - Building stim pattern for pattern_name 2257
2026-02-01 19:04:14,734 - INFO - Building stim pattern for pattern_name 3298
2026-02-01 19:04:14,747 - INFO - Building stim pattern for pattern_name 2003
2026-02-01 19:04:14,759 - INFO - Building stim pattern for pattern_name 513
2026-02-01 19:04:14,771 - INFO - Building stim pattern for pattern_name 2419
2026-02-01 19:04:14,784 - INFO - Building stim pattern for pattern_name 3182
2026-02-01 19:04:14,796 - INFO - Building stim pattern for pattern_name 2088
2026-02-01 19:04:14,810 - INFO - Building stim pattern for pattern_name 2825
2026-02-01 19:04:14,821 - INFO - Building stim pattern for pattern_name 2379
2026-02-01 19:04:14,831 - INFO - Building stim pattern for pattern_name 3664
2026-02-01 19:04:14,844 - INFO - Building stim pattern for pattern_name 789
2026-02-01 19:04:14,856 - INFO - Building stim pattern for pattern_name 755
2026-02-01 19:04:14,870 - INFO - Building stim pattern for pattern_name 2540
2026-02-01 19:04:14,881 - INFO - Building stim pattern for pattern_name 3166
2026-02-01 19:04:14,894 - INFO - Building stim pattern for pattern_name 868
2026-02-01 19:04:14,906 - INFO - Building stim pattern for pattern_name 1810
2026-02-01 19:04:14,917 - INFO - Building stim pattern for pattern_name 915
2026-02-01 19:04:14,929 - INFO - Building stim pattern for pattern_name 2335
2026-02-01 19:04:14,940 - INFO - Building stim pattern for pattern_name 1705
2026-02-01 19:04:14,949 - INFO - Building stim pattern for pattern_name 438
2026-02-01 19:04:14,960 - INFO - Building stim pattern for pattern_name 610
2026-02-01 19:04:14,971 - INFO - Building stim pattern for pattern_name 2784
2026-02-01 19:04:14,983 - INFO - Building stim pattern for pattern_name 2029
2026-02-01 19:04:14,993 - INFO - Building stim pattern for pattern_name 300
2026-02-01 19:04:15,012 - INFO - Building stim pattern for pattern_name 2853
2026-02-01 19:04:15,027 - INFO - Building stim pattern for pattern_name 3491
2026-02-01 19:04:15,055 - INFO - Building stim pattern for pattern_name 1597
2026-02-01 19:04:15,079 - INFO - Building stim pattern for pattern_name 14
2026-02-01 19:04:15,105 - INFO - Building stim pattern for pattern_name 3501
2026-02-01 19:04:15,128 - INFO - Building stim pattern for pattern_name 361
2026-02-01 19:04:15,152 - INFO - Building stim pattern for pattern_name 2121
2026-02-01 19:04:15,177 - INFO - Building stim pattern for pattern_name 864
2026-02-01 19:04:15,199 - INFO - Building stim pattern for pattern_name 92
2026-02-01 19:04:15,217 - INFO - Building stim pattern for pattern_name 3629
2026-02-01 19:04:15,230 - INFO - Building stim pattern for pattern_name 524
2026-02-01 19:04:15,244 - INFO - Building stim pattern for pattern_name 39
2026-02-01 19:04:15,256 - INFO - Building stim pattern for pattern_name 2119
2026-02-01 19:04:15,268 - INFO - Building stim pattern for pattern_name 477
2026-02-01 19:04:15,280 - INFO - Building stim pattern for pattern_name 3593
2026-02-01 19:04:15,299 - INFO - Building stim pattern for pattern_name 1828
2026-02-01 19:04:15,310 - INFO - Building stim pattern for pattern_name 907
2026-02-01 19:04:15,321 - INFO - Building stim pattern for pattern_name 2851
2026-02-01 19:04:15,333 - INFO - Building stim pattern for pattern_name 500
2026-02-01 19:04:15,344 - INFO - Building stim pattern for pattern_name 3578
2026-02-01 19:04:15,355 - INFO - Building stim pattern for pattern_name 1305
2026-02-01 19:04:15,366 - INFO - Building stim pattern for pattern_name 2354
2026-02-01 19:04:15,378 - INFO - Building stim pattern for pattern_name 2222
2026-02-01 19:04:15,398 - INFO - Building stim pattern for pattern_name 1896
2026-02-01 19:04:15,415 - INFO - Building stim pattern for pattern_name 3890
2026-02-01 19:04:15,428 - INFO - Building stim pattern for pattern_name 2947
2026-02-01 19:04:15,440 - INFO - Building stim pattern for pattern_name 1735
2026-02-01 19:04:15,454 - INFO - Building stim pattern for pattern_name 2173
2026-02-01 19:04:15,464 - INFO - Building stim pattern for pattern_name 1767
2026-02-01 19:04:15,475 - INFO - Building stim pattern for pattern_name 3499
2026-02-01 19:04:15,486 - INFO - Building stim pattern for pattern_name 1615
2026-02-01 19:04:15,497 - INFO - Building stim pattern for pattern_name 1532
2026-02-01 19:04:15,508 - INFO - Building stim pattern for pattern_name 3009
2026-02-01 19:04:15,520 - INFO - Building stim pattern for pattern_name 559
2026-02-01 19:04:15,532 - INFO - Building stim pattern for pattern_name 3677
2026-02-01 19:04:15,543 - INFO - Building stim pattern for pattern_name 595
2026-02-01 19:04:15,559 - INFO - Building stim pattern for pattern_name 1222
2026-02-01 19:04:15,568 - INFO - Building stim pattern for pattern_name 17
2026-02-01 19:04:15,578 - INFO - Building stim pattern for pattern_name 121
2026-02-01 19:04:15,591 - INFO - Building stim pattern for pattern_name 2149
2026-02-01 19:04:15,599 - INFO - Building stim pattern for pattern_name 1208
2026-02-01 19:04:15,608 - INFO - Building stim pattern for pattern_name 2917
2026-02-01 19:04:15,621 - INFO - Building stim pattern for pattern_name 2396
2026-02-01 19:04:15,632 - INFO - Building stim pattern for pattern_name 3959
2026-02-01 19:04:15,642 - INFO - Building stim pattern for pattern_name 2829
2026-02-01 19:04:15,655 - INFO - Building stim pattern for pattern_name 3766
2026-02-01 19:04:15,707 - INFO - Building stim pattern for pattern_name 589
2026-02-01 19:04:15,801 - INFO - Building stim pattern for pattern_name 3235
2026-02-01 19:04:15,820 - INFO - Building stim pattern for pattern_name 1920
2026-02-01 19:04:15,830 - INFO - Building stim pattern for pattern_name 3089
2026-02-01 19:04:15,846 - INFO - Building stim pattern for pattern_name 2923
2026-02-01 19:04:15,855 - INFO - Building stim pattern for pattern_name 3956
2026-02-01 19:04:15,866 - INFO - Building stim pattern for pattern_name 1729
2026-02-01 19:04:15,877 - INFO - Building stim pattern for pattern_name 971
2026-02-01 19:04:15,886 - INFO - Building stim pattern for pattern_name 1798
2026-02-01 19:04:15,898 - INFO - Building stim pattern for pattern_name 2762
2026-02-01 19:04:15,910 - INFO - Building stim pattern for pattern_name 828
2026-02-01 19:04:15,921 - INFO - Building stim pattern for pattern_name 685
2026-02-01 19:04:15,939 - INFO - Building stim pattern for pattern_name 3185
2026-02-01 19:04:15,950 - INFO - Building stim pattern for pattern_name 2775
2026-02-01 19:04:15,961 - INFO - Building stim pattern for pattern_name 2461
2026-02-01 19:04:15,971 - INFO - Building stim pattern for pattern_name 2586
2026-02-01 19:04:15,982 - INFO - Building stim pattern for pattern_name 3380
2026-02-01 19:04:15,993 - INFO - Building stim pattern for pattern_name 81
2026-02-01 19:04:16,004 - INFO - Building stim pattern for pattern_name 52
2026-02-01 19:04:16,014 - INFO - Building stim pattern for pattern_name 2369
2026-02-01 19:04:16,024 - INFO - Building stim pattern for pattern_name 1205
2026-02-01 19:04:16,034 - INFO - Building stim pattern for pattern_name 1188
2026-02-01 19:04:16,044 - INFO - Building stim pattern for pattern_name 561
2026-02-01 19:04:16,068 - INFO - Building stim pattern for pattern_name 678
2026-02-01 19:04:16,079 - INFO - Building stim pattern for pattern_name 406
2026-02-01 19:04:16,106 - INFO - Building stim pattern for pattern_name 1456
2026-02-01 19:04:16,117 - INFO - Building stim pattern for pattern_name 1526
2026-02-01 19:04:16,136 - INFO - Building stim pattern for pattern_name 1093
2026-02-01 19:04:16,146 - INFO - Building stim pattern for pattern_name 3775
2026-02-01 19:04:16,165 - INFO - Building stim pattern for pattern_name 3102
2026-02-01 19:04:16,176 - INFO - Building stim pattern for pattern_name 2788
2026-02-01 19:04:16,186 - INFO - Building stim pattern for pattern_name 3676
2026-02-01 19:04:16,196 - INFO - Building stim pattern for pattern_name 1067
2026-02-01 19:04:16,208 - INFO - Building stim pattern for pattern_name 3463
2026-02-01 19:04:16,219 - INFO - Building stim pattern for pattern_name 2800
2026-02-01 19:04:16,230 - INFO - Building stim pattern for pattern_name 2278
2026-02-01 19:04:16,251 - INFO - Building stim pattern for pattern_name 3933
2026-02-01 19:04:16,261 - INFO - Building stim pattern for pattern_name 2237
2026-02-01 19:04:16,272 - INFO - Building stim pattern for pattern_name 2180
2026-02-01 19:04:16,294 - INFO - Building stim pattern for pattern_name 913
2026-02-01 19:04:16,305 - INFO - Building stim pattern for pattern_name 2385
2026-02-01 19:04:16,315 - INFO - Building stim pattern for pattern_name 2367
2026-02-01 19:04:16,325 - INFO - Building stim pattern for pattern_name 1573
2026-02-01 19:04:16,336 - INFO - Building stim pattern for pattern_name 745
2026-02-01 19:04:16,346 - INFO - Building stim pattern for pattern_name 3303
2026-02-01 19:04:16,356 - INFO - Building stim pattern for pattern_name 681
2026-02-01 19:04:16,366 - INFO - Building stim pattern for pattern_name 3168
2026-02-01 19:04:16,376 - INFO - Building stim pattern for pattern_name 2944
2026-02-01 19:04:16,386 - INFO - Building stim pattern for pattern_name 941
2026-02-01 19:04:16,397 - INFO - Building stim pattern for pattern_name 940
2026-02-01 19:04:16,413 - INFO - Building stim pattern for pattern_name 3434
2026-02-01 19:04:16,424 - INFO - Building stim pattern for pattern_name 2722
2026-02-01 19:04:16,434 - INFO - Building stim pattern for pattern_name 1375
2026-02-01 19:04:16,444 - INFO - Building stim pattern for pattern_name 3659
2026-02-01 19:04:16,454 - INFO - Building stim pattern for pattern_name 2285
2026-02-01 19:04:16,465 - INFO - Building stim pattern for pattern_name 2514
2026-02-01 19:04:16,476 - INFO - Building stim pattern for pattern_name 2292
2026-02-01 19:04:16,488 - INFO - Building stim pattern for pattern_name 3855
2026-02-01 19:04:16,499 - INFO - Building stim pattern for pattern_name 3931
2026-02-01 19:04:16,509 - INFO - Building stim pattern for pattern_name 1741
2026-02-01 19:04:16,519 - INFO - Building stim pattern for pattern_name 3026
2026-02-01 19:04:16,529 - INFO - Building stim pattern for pattern_name 3082
2026-02-01 19:04:16,545 - INFO - Building stim pattern for pattern_name 706
2026-02-01 19:04:16,555 - INFO - Building stim pattern for pattern_name 1534
2026-02-01 19:04:16,573 - INFO - Building stim pattern for pattern_name 1113
2026-02-01 19:04:16,582 - INFO - Building stim pattern for pattern_name 119
2026-02-01 19:04:16,593 - INFO - Building stim pattern for pattern_name 2140
2026-02-01 19:04:16,604 - INFO - Building stim pattern for pattern_name 3044
2026-02-01 19:04:16,616 - INFO - Building stim pattern for pattern_name 3428
2026-02-01 19:04:16,627 - INFO - Building stim pattern for pattern_name 2614
2026-02-01 19:04:16,639 - INFO - Building stim pattern for pattern_name 3367
2026-02-01 19:04:16,649 - INFO - Building stim pattern for pattern_name 2109
2026-02-01 19:04:16,661 - INFO - Building stim pattern for pattern_name 2043
2026-02-01 19:04:16,672 - INFO - Building stim pattern for pattern_name 1987
2026-02-01 19:04:16,683 - INFO - Building stim pattern for pattern_name 534
2026-02-01 19:04:16,694 - INFO - Building stim pattern for pattern_name 3765
2026-02-01 19:04:16,707 - INFO - Building stim pattern for pattern_name 583
2026-02-01 19:04:16,727 - INFO - Building stim pattern for pattern_name 54
2026-02-01 19:04:16,738 - INFO - Building stim pattern for pattern_name 2897
2026-02-01 19:04:16,749 - INFO - Building stim pattern for pattern_name 1487
2026-02-01 19:04:16,759 - INFO - Building stim pattern for pattern_name 2465
2026-02-01 19:04:16,770 - INFO - Building stim pattern for pattern_name 397
2026-02-01 19:04:16,782 - INFO - Building stim pattern for pattern_name 1073
2026-02-01 19:04:16,792 - INFO - Building stim pattern for pattern_name 658
2026-02-01 19:04:16,802 - INFO - Building stim pattern for pattern_name 2312
2026-02-01 19:04:16,819 - INFO - Building stim pattern for pattern_name 2568
2026-02-01 19:04:16,835 - INFO - Building stim pattern for pattern_name 1832
2026-02-01 19:04:16,845 - INFO - Building stim pattern for pattern_name 3627
2026-02-01 19:04:16,856 - INFO - Building stim pattern for pattern_name 3174
2026-02-01 19:04:16,877 - INFO - Building stim pattern for pattern_name 338
2026-02-01 19:04:16,899 - INFO - Building stim pattern for pattern_name 505
2026-02-01 19:04:16,910 - INFO - Building stim pattern for pattern_name 863
2026-02-01 19:04:16,925 - INFO - Building stim pattern for pattern_name 3406
2026-02-01 19:04:16,937 - INFO - Building stim pattern for pattern_name 1880
2026-02-01 19:04:16,950 - INFO - Building stim pattern for pattern_name 428
2026-02-01 19:04:16,971 - INFO - Building stim pattern for pattern_name 2570
2026-02-01 19:04:16,983 - INFO - Building stim pattern for pattern_name 3587
2026-02-01 19:04:16,993 - INFO - Building stim pattern for pattern_name 2188
2026-02-01 19:04:17,004 - INFO - Building stim pattern for pattern_name 531
2026-02-01 19:04:17,016 - INFO - Building stim pattern for pattern_name 3484
2026-02-01 19:04:17,032 - INFO - Building stim pattern for pattern_name 586
2026-02-01 19:04:17,044 - INFO - Building stim pattern for pattern_name 3746
2026-02-01 19:04:17,055 - INFO - Building stim pattern for pattern_name 1629
2026-02-01 19:04:17,063 - INFO - Building stim pattern for pattern_name 1247
2026-02-01 19:04:17,079 - INFO - Building stim pattern for pattern_name 1011
2026-02-01 19:04:17,090 - INFO - Building stim pattern for pattern_name 2068
2026-02-01 19:04:17,106 - INFO - Building stim pattern for pattern_name 899
2026-02-01 19:04:17,122 - INFO - Building stim pattern for pattern_name 1464
2026-02-01 19:04:17,132 - INFO - Building stim pattern for pattern_name 2388
2026-02-01 19:04:17,142 - INFO - Building stim pattern for pattern_name 1050
2026-02-01 19:04:17,152 - INFO - Building stim pattern for pattern_name 3968
2026-02-01 19:04:17,162 - INFO - Building stim pattern for pattern_name 742
2026-02-01 19:04:17,178 - INFO - Building stim pattern for pattern_name 2742
2026-02-01 19:04:17,190 - INFO - Building stim pattern for pattern_name 2754
2026-02-01 19:04:17,199 - INFO - Building stim pattern for pattern_name 1884
2026-02-01 19:04:17,217 - INFO - Building stim pattern for pattern_name 741
2026-02-01 19:04:17,226 - INFO - Building stim pattern for pattern_name 2337
2026-02-01 19:04:17,238 - INFO - Building stim pattern for pattern_name 3215
2026-02-01 19:04:17,248 - INFO - Building stim pattern for pattern_name 1274
2026-02-01 19:04:17,259 - INFO - Building stim pattern for pattern_name 1134
2026-02-01 19:04:17,269 - INFO - Building stim pattern for pattern_name 982
2026-02-01 19:04:17,279 - INFO - Building stim pattern for pattern_name 1790
2026-02-01 19:04:17,290 - INFO - Building stim pattern for pattern_name 3221
2026-02-01 19:04:17,302 - INFO - Building stim pattern for pattern_name 2455
2026-02-01 19:04:17,312 - INFO - Building stim pattern for pattern_name 866
2026-02-01 19:04:17,322 - INFO - Building stim pattern for pattern_name 2561
2026-02-01 19:04:17,333 - INFO - Building stim pattern for pattern_name 1812
2026-02-01 19:04:17,391 - INFO - Building stim pattern for pattern_name 1370
2026-02-01 19:04:17,425 - INFO - Building stim pattern for pattern_name 787
2026-02-01 19:04:17,447 - INFO - Building stim pattern for pattern_name 209
2026-02-01 19:04:17,461 - INFO - Building stim pattern for pattern_name 3952
2026-02-01 19:04:17,487 - INFO - Building stim pattern for pattern_name 1633
2026-02-01 19:04:17,499 - INFO - Building stim pattern for pattern_name 3946
2026-02-01 19:04:17,509 - INFO - Building stim pattern for pattern_name 3039
2026-02-01 19:04:17,520 - INFO - Building stim pattern for pattern_name 1612
2026-02-01 19:04:17,531 - INFO - Building stim pattern for pattern_name 2531
2026-02-01 19:04:17,542 - INFO - Building stim pattern for pattern_name 2668
2026-02-01 19:04:17,554 - INFO - Building stim pattern for pattern_name 1466
2026-02-01 19:04:17,564 - INFO - Building stim pattern for pattern_name 1519
2026-02-01 19:04:17,587 - INFO - Building stim pattern for pattern_name 3485
2026-02-01 19:04:17,599 - INFO - Building stim pattern for pattern_name 991
2026-02-01 19:04:17,612 - INFO - Building stim pattern for pattern_name 3171
2026-02-01 19:04:17,622 - INFO - Building stim pattern for pattern_name 1123
2026-02-01 19:04:17,632 - INFO - Building stim pattern for pattern_name 2076
2026-02-01 19:04:17,643 - INFO - Building stim pattern for pattern_name 2191
2026-02-01 19:04:17,654 - INFO - Building stim pattern for pattern_name 1443
2026-02-01 19:04:17,664 - INFO - Building stim pattern for pattern_name 34
2026-02-01 19:04:17,674 - INFO - Building stim pattern for pattern_name 191
2026-02-01 19:04:17,684 - INFO - Building stim pattern for pattern_name 1706
2026-02-01 19:04:17,700 - INFO - Building stim pattern for pattern_name 2052
2026-02-01 19:04:17,711 - INFO - Building stim pattern for pattern_name 3340
2026-02-01 19:04:17,722 - INFO - Building stim pattern for pattern_name 3922
2026-02-01 19:04:17,732 - INFO - Building stim pattern for pattern_name 2268
2026-02-01 19:04:17,742 - INFO - Building stim pattern for pattern_name 3887
2026-02-01 19:04:17,752 - INFO - Building stim pattern for pattern_name 591
2026-02-01 19:04:17,762 - INFO - Building stim pattern for pattern_name 3030
2026-02-01 19:04:17,773 - INFO - Building stim pattern for pattern_name 2466
2026-02-01 19:04:17,782 - INFO - Building stim pattern for pattern_name 884
2026-02-01 19:04:17,793 - INFO - Building stim pattern for pattern_name 3477
2026-02-01 19:04:17,803 - INFO - Building stim pattern for pattern_name 981
2026-02-01 19:04:17,819 - INFO - Building stim pattern for pattern_name 920
2026-02-01 19:04:17,830 - INFO - Building stim pattern for pattern_name 3924
2026-02-01 19:04:17,839 - INFO - Building stim pattern for pattern_name 3049
2026-02-01 19:04:17,849 - INFO - Building stim pattern for pattern_name 1450
2026-02-01 19:04:17,859 - INFO - Building stim pattern for pattern_name 341
2026-02-01 19:04:17,868 - INFO - Building stim pattern for pattern_name 3189
2026-02-01 19:04:17,884 - INFO - Building stim pattern for pattern_name 2357
2026-02-01 19:04:17,893 - INFO - Building stim pattern for pattern_name 3716
2026-02-01 19:04:17,903 - INFO - Building stim pattern for pattern_name 269
2026-02-01 19:04:17,914 - INFO - Building stim pattern for pattern_name 674
2026-02-01 19:04:17,927 - INFO - Building stim pattern for pattern_name 2831
2026-02-01 19:04:17,938 - INFO - Building stim pattern for pattern_name 1357
2026-02-01 19:04:17,947 - INFO - Building stim pattern for pattern_name 3902
2026-02-01 19:04:17,959 - INFO - Building stim pattern for pattern_name 587
2026-02-01 19:04:17,975 - INFO - Building stim pattern for pattern_name 3738
2026-02-01 19:04:17,987 - INFO - Building stim pattern for pattern_name 1807
2026-02-01 19:04:17,998 - INFO - Building stim pattern for pattern_name 1299
2026-02-01 19:04:18,008 - INFO - Building stim pattern for pattern_name 656
2026-02-01 19:04:18,019 - INFO - Building stim pattern for pattern_name 1635
2026-02-01 19:04:18,029 - INFO - Building stim pattern for pattern_name 908
2026-02-01 19:04:18,040 - INFO - Building stim pattern for pattern_name 3870
2026-02-01 19:04:18,061 - INFO - Building stim pattern for pattern_name 3638
2026-02-01 19:04:18,079 - INFO - Building stim pattern for pattern_name 1777
2026-02-01 19:04:18,094 - INFO - Building stim pattern for pattern_name 467
2026-02-01 19:04:18,104 - INFO - Building stim pattern for pattern_name 3388
2026-02-01 19:04:18,127 - INFO - Building stim pattern for pattern_name 3144
2026-02-01 19:04:18,139 - INFO - Building stim pattern for pattern_name 2912
2026-02-01 19:04:18,151 - INFO - Building stim pattern for pattern_name 3314
2026-02-01 19:04:18,162 - INFO - Building stim pattern for pattern_name 2380
2026-02-01 19:04:18,179 - INFO - Building stim pattern for pattern_name 696
2026-02-01 19:04:18,197 - INFO - Building stim pattern for pattern_name 3424
2026-02-01 19:04:18,208 - INFO - Building stim pattern for pattern_name 876
2026-02-01 19:04:18,218 - INFO - Building stim pattern for pattern_name 1498
2026-02-01 19:04:18,228 - INFO - Building stim pattern for pattern_name 3771
2026-02-01 19:04:18,238 - INFO - Building stim pattern for pattern_name 3544
2026-02-01 19:04:18,259 - INFO - Building stim pattern for pattern_name 1871
2026-02-01 19:04:18,269 - INFO - Building stim pattern for pattern_name 3647
2026-02-01 19:04:18,280 - INFO - Building stim pattern for pattern_name 2988
2026-02-01 19:04:18,290 - INFO - Building stim pattern for pattern_name 2937
2026-02-01 19:04:18,306 - INFO - Building stim pattern for pattern_name 2953
2026-02-01 19:04:18,316 - INFO - Building stim pattern for pattern_name 1641
2026-02-01 19:04:18,325 - INFO - Building stim pattern for pattern_name 1902
2026-02-01 19:04:18,338 - INFO - Building stim pattern for pattern_name 3443
2026-02-01 19:04:18,349 - INFO - Building stim pattern for pattern_name 3421
2026-02-01 19:04:18,359 - INFO - Building stim pattern for pattern_name 3399
2026-02-01 19:04:18,371 - INFO - Building stim pattern for pattern_name 3396
2026-02-01 19:04:18,384 - INFO - Building stim pattern for pattern_name 2926
2026-02-01 19:04:18,394 - INFO - Building stim pattern for pattern_name 2653
2026-02-01 19:04:18,405 - INFO - Building stim pattern for pattern_name 3900
2026-02-01 19:04:18,417 - INFO - Building stim pattern for pattern_name 2832
2026-02-01 19:04:18,430 - INFO - Building stim pattern for pattern_name 3449
2026-02-01 19:04:18,442 - INFO - Building stim pattern for pattern_name 541
2026-02-01 19:04:18,454 - INFO - Building stim pattern for pattern_name 3152
2026-02-01 19:04:18,468 - INFO - Building stim pattern for pattern_name 3156
2026-02-01 19:04:18,482 - INFO - Building stim pattern for pattern_name 2362
2026-02-01 19:04:18,492 - INFO - Building stim pattern for pattern_name 196
2026-02-01 19:04:18,507 - INFO - Building stim pattern for pattern_name 2015
2026-02-01 19:04:18,519 - INFO - Building stim pattern for pattern_name 2241
2026-02-01 19:04:18,532 - INFO - Building stim pattern for pattern_name 3802
2026-02-01 19:04:18,545 - INFO - Building stim pattern for pattern_name 3513
2026-02-01 19:04:18,556 - INFO - Building stim pattern for pattern_name 171
2026-02-01 19:04:18,567 - INFO - Building stim pattern for pattern_name 1554
2026-02-01 19:04:18,580 - INFO - Building stim pattern for pattern_name 138
2026-02-01 19:04:18,593 - INFO - Building stim pattern for pattern_name 1653
2026-02-01 19:04:18,603 - INFO - Building stim pattern for pattern_name 2766
2026-02-01 19:04:18,615 - INFO - Building stim pattern for pattern_name 280
2026-02-01 19:04:18,627 - INFO - Building stim pattern for pattern_name 3297
2026-02-01 19:04:18,637 - INFO - Building stim pattern for pattern_name 3483
2026-02-01 19:04:18,651 - INFO - Building stim pattern for pattern_name 160
2026-02-01 19:04:18,673 - INFO - Building stim pattern for pattern_name 1957
2026-02-01 19:04:18,684 - INFO - Building stim pattern for pattern_name 335
2026-02-01 19:04:18,695 - INFO - Building stim pattern for pattern_name 3691
2026-02-01 19:04:18,709 - INFO - Building stim pattern for pattern_name 506
2026-02-01 19:04:18,729 - INFO - Building stim pattern for pattern_name 3559
2026-02-01 19:04:18,762 - INFO - Building stim pattern for pattern_name 1548
2026-02-01 19:04:18,774 - INFO - Building stim pattern for pattern_name 2682
2026-02-01 19:04:18,788 - INFO - Building stim pattern for pattern_name 675
2026-02-01 19:04:18,801 - INFO - Building stim pattern for pattern_name 3706
2026-02-01 19:04:18,813 - INFO - Building stim pattern for pattern_name 1023
2026-02-01 19:04:18,825 - INFO - Building stim pattern for pattern_name 2508
2026-02-01 19:04:18,836 - INFO - Building stim pattern for pattern_name 3393
2026-02-01 19:04:18,849 - INFO - Building stim pattern for pattern_name 1665
2026-02-01 19:04:18,860 - INFO - Building stim pattern for pattern_name 643
2026-02-01 19:04:18,872 - INFO - Building stim pattern for pattern_name 2468
2026-02-01 19:04:18,966 - INFO - Building stim pattern for pattern_name 2792
2026-02-01 19:04:18,991 - INFO - Building stim pattern for pattern_name 3528
2026-02-01 19:04:19,003 - INFO - Building stim pattern for pattern_name 134
2026-02-01 19:04:19,016 - INFO - Building stim pattern for pattern_name 3371
2026-02-01 19:04:19,027 - INFO - Building stim pattern for pattern_name 1849
2026-02-01 19:04:19,037 - INFO - Building stim pattern for pattern_name 3284
2026-02-01 19:04:19,048 - INFO - Building stim pattern for pattern_name 3342
2026-02-01 19:04:19,059 - INFO - Building stim pattern for pattern_name 2318
2026-02-01 19:04:19,073 - INFO - Building stim pattern for pattern_name 1661
2026-02-01 19:04:19,084 - INFO - Building stim pattern for pattern_name 3323
2026-02-01 19:04:19,096 - INFO - Building stim pattern for pattern_name 827
2026-02-01 19:04:19,118 - INFO - Building stim pattern for pattern_name 1108
2026-02-01 19:04:19,129 - INFO - Building stim pattern for pattern_name 2516
2026-02-01 19:04:19,140 - INFO - Building stim pattern for pattern_name 1925
2026-02-01 19:04:19,150 - INFO - Building stim pattern for pattern_name 1147
2026-02-01 19:04:19,160 - INFO - Building stim pattern for pattern_name 1944
2026-02-01 19:04:19,173 - INFO - Building stim pattern for pattern_name 3947
2026-02-01 19:04:19,184 - INFO - Building stim pattern for pattern_name 2372
2026-02-01 19:04:19,194 - INFO - Building stim pattern for pattern_name 1964
2026-02-01 19:04:19,205 - INFO - Building stim pattern for pattern_name 2679
2026-02-01 19:04:19,216 - INFO - Building stim pattern for pattern_name 751
2026-02-01 19:04:19,227 - INFO - Building stim pattern for pattern_name 2811
2026-02-01 19:04:19,237 - INFO - Building stim pattern for pattern_name 872
2026-02-01 19:04:19,248 - INFO - Building stim pattern for pattern_name 2611
2026-02-01 19:04:19,268 - INFO - Building stim pattern for pattern_name 2981
2026-02-01 19:04:19,280 - INFO - Building stim pattern for pattern_name 1951
2026-02-01 19:04:19,291 - INFO - Building stim pattern for pattern_name 383
2026-02-01 19:04:19,301 - INFO - Building stim pattern for pattern_name 2484
2026-02-01 19:04:19,313 - INFO - Building stim pattern for pattern_name 1485
2026-02-01 19:04:19,324 - INFO - Building stim pattern for pattern_name 1160
2026-02-01 19:04:19,334 - INFO - Building stim pattern for pattern_name 151
2026-02-01 19:04:19,345 - INFO - Building stim pattern for pattern_name 514
2026-02-01 19:04:19,357 - INFO - Building stim pattern for pattern_name 393
2026-02-01 19:04:19,369 - INFO - Building stim pattern for pattern_name 1482
2026-02-01 19:04:19,381 - INFO - Building stim pattern for pattern_name 1999
2026-02-01 19:04:19,394 - INFO - Building stim pattern for pattern_name 640
2026-02-01 19:04:19,409 - INFO - Building stim pattern for pattern_name 2978
2026-02-01 19:04:19,426 - INFO - Building stim pattern for pattern_name 204
2026-02-01 19:04:19,437 - INFO - Building stim pattern for pattern_name 2435
2026-02-01 19:04:19,448 - INFO - Building stim pattern for pattern_name 3594
2026-02-01 19:04:19,459 - INFO - Building stim pattern for pattern_name 996
2026-02-01 19:04:19,469 - INFO - Building stim pattern for pattern_name 797
2026-02-01 19:04:19,486 - INFO - Building stim pattern for pattern_name 3019
2026-02-01 19:04:19,496 - INFO - Building stim pattern for pattern_name 3784
2026-02-01 19:04:19,519 - INFO - Building stim pattern for pattern_name 3846
2026-02-01 19:04:19,530 - INFO - Building stim pattern for pattern_name 2151
2026-02-01 19:04:19,540 - INFO - Building stim pattern for pattern_name 978
2026-02-01 19:04:19,550 - INFO - Building stim pattern for pattern_name 1379
2026-02-01 19:04:19,560 - INFO - Building stim pattern for pattern_name 3310
2026-02-01 19:04:19,579 - INFO - Building stim pattern for pattern_name 1317
2026-02-01 19:04:19,590 - INFO - Building stim pattern for pattern_name 3964
2026-02-01 19:04:19,601 - INFO - Building stim pattern for pattern_name 156
2026-02-01 19:04:19,610 - INFO - Building stim pattern for pattern_name 680
2026-02-01 19:04:19,621 - INFO - Building stim pattern for pattern_name 664
2026-02-01 19:04:19,644 - INFO - Building stim pattern for pattern_name 2634
2026-02-01 19:04:19,655 - INFO - Building stim pattern for pattern_name 1429
2026-02-01 19:04:19,666 - INFO - Building stim pattern for pattern_name 3381
2026-02-01 19:04:19,675 - INFO - Building stim pattern for pattern_name 1582
2026-02-01 19:04:19,692 - INFO - Building stim pattern for pattern_name 3972
2026-02-01 19:04:19,703 - INFO - Building stim pattern for pattern_name 2229
2026-02-01 19:04:19,719 - INFO - Building stim pattern for pattern_name 232
2026-02-01 19:04:19,742 - INFO - Building stim pattern for pattern_name 1303
2026-02-01 19:04:19,755 - INFO - Building stim pattern for pattern_name 3910
2026-02-01 19:04:19,773 - INFO - Building stim pattern for pattern_name 3364
2026-02-01 19:04:19,791 - INFO - Building stim pattern for pattern_name 1549
2026-02-01 19:04:19,804 - INFO - Building stim pattern for pattern_name 2790
2026-02-01 19:04:19,817 - INFO - Building stim pattern for pattern_name 2708
2026-02-01 19:04:19,828 - INFO - Building stim pattern for pattern_name 2001
2026-02-01 19:04:19,838 - INFO - Building stim pattern for pattern_name 743
2026-02-01 19:04:19,850 - INFO - Building stim pattern for pattern_name 853
2026-02-01 19:04:19,875 - INFO - Building stim pattern for pattern_name 2588
2026-02-01 19:04:19,891 - INFO - Building stim pattern for pattern_name 1031
2026-02-01 19:04:19,902 - INFO - Building stim pattern for pattern_name 1587
2026-02-01 19:04:19,912 - INFO - Building stim pattern for pattern_name 1522
2026-02-01 19:04:19,929 - INFO - Building stim pattern for pattern_name 2327
2026-02-01 19:04:19,943 - INFO - Building stim pattern for pattern_name 165
2026-02-01 19:04:19,953 - INFO - Building stim pattern for pattern_name 3592
2026-02-01 19:04:19,967 - INFO - Building stim pattern for pattern_name 2798
2026-02-01 19:04:19,978 - INFO - Building stim pattern for pattern_name 772
2026-02-01 19:04:19,990 - INFO - Building stim pattern for pattern_name 2144
2026-02-01 19:04:20,006 - INFO - Building stim pattern for pattern_name 49
2026-02-01 19:04:20,029 - INFO - Building stim pattern for pattern_name 298
2026-02-01 19:04:20,041 - INFO - Building stim pattern for pattern_name 2270
2026-02-01 19:04:20,058 - INFO - Building stim pattern for pattern_name 2056
2026-02-01 19:04:20,069 - INFO - Building stim pattern for pattern_name 2207
2026-02-01 19:04:20,080 - INFO - Building stim pattern for pattern_name 3542
2026-02-01 19:04:20,090 - INFO - Building stim pattern for pattern_name 3338
2026-02-01 19:04:20,100 - INFO - Building stim pattern for pattern_name 105
2026-02-01 19:04:20,110 - INFO - Building stim pattern for pattern_name 3129
2026-02-01 19:04:20,126 - INFO - Building stim pattern for pattern_name 2027
2026-02-01 19:04:20,137 - INFO - Building stim pattern for pattern_name 2242
2026-02-01 19:04:20,147 - INFO - Building stim pattern for pattern_name 1302
2026-02-01 19:04:20,157 - INFO - Building stim pattern for pattern_name 2673
2026-02-01 19:04:20,168 - INFO - Building stim pattern for pattern_name 496
2026-02-01 19:04:20,179 - INFO - Building stim pattern for pattern_name 2104
2026-02-01 19:04:20,189 - INFO - Building stim pattern for pattern_name 1553
2026-02-01 19:04:20,204 - INFO - Building stim pattern for pattern_name 1889
2026-02-01 19:04:20,215 - INFO - Building stim pattern for pattern_name 669
2026-02-01 19:04:20,226 - INFO - Building stim pattern for pattern_name 2277
2026-02-01 19:04:20,237 - INFO - Building stim pattern for pattern_name 3260
2026-02-01 19:04:20,247 - INFO - Building stim pattern for pattern_name 1835
2026-02-01 19:04:20,257 - INFO - Building stim pattern for pattern_name 1788
2026-02-01 19:04:20,266 - INFO - Building stim pattern for pattern_name 247
2026-02-01 19:04:20,278 - INFO - Building stim pattern for pattern_name 1318
2026-02-01 19:04:20,291 - INFO - Building stim pattern for pattern_name 3131
2026-02-01 19:04:20,304 - INFO - Building stim pattern for pattern_name 434
2026-02-01 19:04:20,316 - INFO - Building stim pattern for pattern_name 582
2026-02-01 19:04:20,327 - INFO - Building stim pattern for pattern_name 1200
2026-02-01 19:04:20,338 - INFO - Building stim pattern for pattern_name 2115
2026-02-01 19:04:20,349 - INFO - Building stim pattern for pattern_name 7
2026-02-01 19:04:20,359 - INFO - Building stim pattern for pattern_name 1782
2026-02-01 19:04:20,372 - INFO - Building stim pattern for pattern_name 3444
2026-02-01 19:04:20,410 - INFO - Building stim pattern for pattern_name 3613
2026-02-01 19:04:20,457 - INFO - Building stim pattern for pattern_name 810
2026-02-01 19:04:20,482 - INFO - Building stim pattern for pattern_name 1912
2026-02-01 19:04:20,494 - INFO - Building stim pattern for pattern_name 3403
2026-02-01 19:04:20,506 - INFO - Building stim pattern for pattern_name 2358
2026-02-01 19:04:20,517 - INFO - Building stim pattern for pattern_name 1038
2026-02-01 19:04:20,527 - INFO - Building stim pattern for pattern_name 1129
2026-02-01 19:04:20,538 - INFO - Building stim pattern for pattern_name 2712
2026-02-01 19:04:20,548 - INFO - Building stim pattern for pattern_name 2206
2026-02-01 19:04:20,559 - INFO - Building stim pattern for pattern_name 871
2026-02-01 19:04:20,569 - INFO - Building stim pattern for pattern_name 2815
2026-02-01 19:04:20,580 - INFO - Building stim pattern for pattern_name 3879
2026-02-01 19:04:20,601 - INFO - Building stim pattern for pattern_name 3553
2026-02-01 19:04:20,611 - INFO - Building stim pattern for pattern_name 1101
2026-02-01 19:04:20,621 - INFO - Building stim pattern for pattern_name 2619
2026-02-01 19:04:20,631 - INFO - Building stim pattern for pattern_name 1877
2026-02-01 19:04:20,643 - INFO - Building stim pattern for pattern_name 2276
2026-02-01 19:04:20,660 - INFO - Building stim pattern for pattern_name 604
2026-02-01 19:04:20,671 - INFO - Building stim pattern for pattern_name 1085
2026-02-01 19:04:20,689 - INFO - Building stim pattern for pattern_name 2898
2026-02-01 19:04:20,700 - INFO - Building stim pattern for pattern_name 682
2026-02-01 19:04:20,712 - INFO - Building stim pattern for pattern_name 186
2026-02-01 19:04:20,722 - INFO - Building stim pattern for pattern_name 1682
2026-02-01 19:04:20,733 - INFO - Building stim pattern for pattern_name 2072
2026-02-01 19:04:20,745 - INFO - Building stim pattern for pattern_name 2869
2026-02-01 19:04:20,755 - INFO - Building stim pattern for pattern_name 1601
2026-02-01 19:04:20,766 - INFO - Building stim pattern for pattern_name 2158
2026-02-01 19:04:20,784 - INFO - Building stim pattern for pattern_name 2099
2026-02-01 19:04:20,796 - INFO - Building stim pattern for pattern_name 1704
2026-02-01 19:04:20,807 - INFO - Building stim pattern for pattern_name 3527
2026-02-01 19:04:20,818 - INFO - Building stim pattern for pattern_name 2244
2026-02-01 19:04:20,827 - INFO - Building stim pattern for pattern_name 2041
2026-02-01 19:04:20,845 - INFO - Building stim pattern for pattern_name 3312
2026-02-01 19:04:20,857 - INFO - Building stim pattern for pattern_name 2403
2026-02-01 19:04:20,867 - INFO - Building stim pattern for pattern_name 2842
2026-02-01 19:04:20,878 - INFO - Building stim pattern for pattern_name 719
2026-02-01 19:04:20,889 - INFO - Building stim pattern for pattern_name 3539
2026-02-01 19:04:20,899 - INFO - Building stim pattern for pattern_name 2724
2026-02-01 19:04:20,909 - INFO - Building stim pattern for pattern_name 3429
2026-02-01 19:04:20,921 - INFO - Building stim pattern for pattern_name 3252
2026-02-01 19:04:20,939 - INFO - Building stim pattern for pattern_name 3938
2026-02-01 19:04:20,956 - INFO - Building stim pattern for pattern_name 3259
2026-02-01 19:04:20,966 - INFO - Building stim pattern for pattern_name 2037
2026-02-01 19:04:20,982 - INFO - Building stim pattern for pattern_name 1927
2026-02-01 19:04:20,993 - INFO - Building stim pattern for pattern_name 3683
2026-02-01 19:04:21,005 - INFO - Building stim pattern for pattern_name 1150
2026-02-01 19:04:21,015 - INFO - Building stim pattern for pattern_name 3336
2026-02-01 19:04:21,025 - INFO - Building stim pattern for pattern_name 1286
2026-02-01 19:04:21,042 - INFO - Building stim pattern for pattern_name 3065
2026-02-01 19:04:21,056 - INFO - Building stim pattern for pattern_name 3472
2026-02-01 19:04:21,077 - INFO - Building stim pattern for pattern_name 898
2026-02-01 19:04:21,088 - INFO - Building stim pattern for pattern_name 1189
2026-02-01 19:04:21,098 - INFO - Building stim pattern for pattern_name 1556
2026-02-01 19:04:21,110 - INFO - Building stim pattern for pattern_name 1290
2026-02-01 19:04:21,126 - INFO - Building stim pattern for pattern_name 1391
2026-02-01 19:04:21,137 - INFO - Building stim pattern for pattern_name 3135
2026-02-01 19:04:21,149 - INFO - Building stim pattern for pattern_name 71
2026-02-01 19:04:21,166 - INFO - Building stim pattern for pattern_name 3362
2026-02-01 19:04:21,177 - INFO - Building stim pattern for pattern_name 359
2026-02-01 19:04:21,188 - INFO - Building stim pattern for pattern_name 450
2026-02-01 19:04:21,199 - INFO - Building stim pattern for pattern_name 3170
2026-02-01 19:04:21,208 - INFO - Building stim pattern for pattern_name 1447
2026-02-01 19:04:21,219 - INFO - Building stim pattern for pattern_name 1070
2026-02-01 19:04:21,229 - INFO - Building stim pattern for pattern_name 193
2026-02-01 19:04:21,238 - INFO - Building stim pattern for pattern_name 1942
2026-02-01 19:04:21,249 - INFO - Building stim pattern for pattern_name 79
2026-02-01 19:04:21,262 - INFO - Building stim pattern for pattern_name 2787
2026-02-01 19:04:21,274 - INFO - Building stim pattern for pattern_name 2017
2026-02-01 19:04:21,284 - INFO - Building stim pattern for pattern_name 3218
2026-02-01 19:04:21,295 - INFO - Building stim pattern for pattern_name 42
2026-02-01 19:04:21,307 - INFO - Building stim pattern for pattern_name 2710
2026-02-01 19:04:21,326 - INFO - Building stim pattern for pattern_name 456
2026-02-01 19:04:21,339 - INFO - Building stim pattern for pattern_name 2390
2026-02-01 19:04:21,355 - INFO - Building stim pattern for pattern_name 1959
2026-02-01 19:04:21,366 - INFO - Building stim pattern for pattern_name 3536
2026-02-01 19:04:21,377 - INFO - Building stim pattern for pattern_name 1309
2026-02-01 19:04:21,387 - INFO - Building stim pattern for pattern_name 1681
2026-02-01 19:04:21,397 - INFO - Building stim pattern for pattern_name 2980
2026-02-01 19:04:21,412 - INFO - Building stim pattern for pattern_name 3274
2026-02-01 19:04:21,430 - INFO - Building stim pattern for pattern_name 813
2026-02-01 19:04:21,441 - INFO - Building stim pattern for pattern_name 2293
2026-02-01 19:04:21,457 - INFO - Building stim pattern for pattern_name 1775
2026-02-01 19:04:21,468 - INFO - Building stim pattern for pattern_name 572
2026-02-01 19:04:21,479 - INFO - Building stim pattern for pattern_name 3372
2026-02-01 19:04:21,510 - INFO - Building stim pattern for pattern_name 1952
2026-02-01 19:04:21,527 - INFO - Building stim pattern for pattern_name 2674
2026-02-01 19:04:21,537 - INFO - Building stim pattern for pattern_name 1115
2026-02-01 19:04:21,549 - INFO - Building stim pattern for pattern_name 2635
2026-02-01 19:04:21,559 - INFO - Building stim pattern for pattern_name 44
2026-02-01 19:04:21,576 - INFO - Building stim pattern for pattern_name 2067
2026-02-01 19:04:21,586 - INFO - Building stim pattern for pattern_name 2861
2026-02-01 19:04:21,600 - INFO - Building stim pattern for pattern_name 611
2026-02-01 19:04:21,611 - INFO - Building stim pattern for pattern_name 381
2026-02-01 19:04:21,621 - INFO - Building stim pattern for pattern_name 615
2026-02-01 19:04:21,638 - INFO - Building stim pattern for pattern_name 3363
2026-02-01 19:04:21,648 - INFO - Building stim pattern for pattern_name 3702
2026-02-01 19:04:21,658 - INFO - Building stim pattern for pattern_name 3370
2026-02-01 19:04:21,668 - INFO - Building stim pattern for pattern_name 2204
2026-02-01 19:04:21,678 - INFO - Building stim pattern for pattern_name 3983
2026-02-01 19:04:21,689 - INFO - Building stim pattern for pattern_name 84
2026-02-01 19:04:21,699 - INFO - Building stim pattern for pattern_name 1662
2026-02-01 19:04:21,710 - INFO - Building stim pattern for pattern_name 1792
2026-02-01 19:04:21,719 - INFO - Building stim pattern for pattern_name 1137
2026-02-01 19:04:21,729 - INFO - Building stim pattern for pattern_name 168
2026-02-01 19:04:21,739 - INFO - Building stim pattern for pattern_name 2493
2026-02-01 19:04:21,750 - INFO - Building stim pattern for pattern_name 1988
2026-02-01 19:04:21,761 - INFO - Building stim pattern for pattern_name 235
2026-02-01 19:04:21,778 - INFO - Building stim pattern for pattern_name 2883
2026-02-01 19:04:21,789 - INFO - Building stim pattern for pattern_name 932
2026-02-01 19:04:21,817 - INFO - Building stim pattern for pattern_name 1679
2026-02-01 19:04:21,829 - INFO - Building stim pattern for pattern_name 3379
2026-02-01 19:04:21,846 - INFO - Building stim pattern for pattern_name 2216
2026-02-01 19:04:21,857 - INFO - Building stim pattern for pattern_name 1917
2026-02-01 19:04:21,868 - INFO - Building stim pattern for pattern_name 3120
2026-02-01 19:04:21,891 - INFO - Building stim pattern for pattern_name 786
2026-02-01 19:04:21,910 - INFO - Building stim pattern for pattern_name 1491
2026-02-01 19:04:21,921 - INFO - Building stim pattern for pattern_name 3598
2026-02-01 19:04:21,933 - INFO - Building stim pattern for pattern_name 2336
2026-02-01 19:04:21,981 - INFO - Building stim pattern for pattern_name 1546
2026-02-01 19:04:22,018 - INFO - Building stim pattern for pattern_name 1219
2026-02-01 19:04:22,038 - INFO - Building stim pattern for pattern_name 3015
2026-02-01 19:04:22,052 - INFO - Building stim pattern for pattern_name 2202
2026-02-01 19:04:22,073 - INFO - Building stim pattern for pattern_name 2689
2026-02-01 19:04:22,085 - INFO - Building stim pattern for pattern_name 3704
2026-02-01 19:04:22,097 - INFO - Building stim pattern for pattern_name 1997
2026-02-01 19:04:22,109 - INFO - Building stim pattern for pattern_name 2289
2026-02-01 19:04:22,123 - INFO - Building stim pattern for pattern_name 2704
2026-02-01 19:04:22,133 - INFO - Building stim pattern for pattern_name 2131
2026-02-01 19:04:22,152 - INFO - Building stim pattern for pattern_name 3458
2026-02-01 19:04:22,163 - INFO - Building stim pattern for pattern_name 889
2026-02-01 19:04:22,180 - INFO - Building stim pattern for pattern_name 1358
2026-02-01 19:04:22,210 - INFO - Building stim pattern for pattern_name 25
2026-02-01 19:04:22,221 - INFO - Building stim pattern for pattern_name 1514
2026-02-01 19:04:22,232 - INFO - Building stim pattern for pattern_name 2272
2026-02-01 19:04:22,244 - INFO - Building stim pattern for pattern_name 2238
2026-02-01 19:04:22,256 - INFO - Building stim pattern for pattern_name 2181
2026-02-01 19:04:22,266 - INFO - Building stim pattern for pattern_name 3642
2026-02-01 19:04:22,277 - INFO - Building stim pattern for pattern_name 320
2026-02-01 19:04:22,287 - INFO - Building stim pattern for pattern_name 2608
2026-02-01 19:04:22,297 - INFO - Building stim pattern for pattern_name 3729
2026-02-01 19:04:22,307 - INFO - Building stim pattern for pattern_name 765
2026-02-01 19:04:22,318 - INFO - Building stim pattern for pattern_name 2360
2026-02-01 19:04:22,328 - INFO - Building stim pattern for pattern_name 1763
2026-02-01 19:04:22,338 - INFO - Building stim pattern for pattern_name 783
2026-02-01 19:04:22,349 - INFO - Building stim pattern for pattern_name 358
2026-02-01 19:04:22,361 - INFO - Building stim pattern for pattern_name 569
2026-02-01 19:04:22,377 - INFO - Building stim pattern for pattern_name 3195
2026-02-01 19:04:22,386 - INFO - Building stim pattern for pattern_name 714
2026-02-01 19:04:22,403 - INFO - Building stim pattern for pattern_name 1324
2026-02-01 19:04:22,414 - INFO - Building stim pattern for pattern_name 3194
2026-02-01 19:04:22,426 - INFO - Building stim pattern for pattern_name 2310
2026-02-01 19:04:22,438 - INFO - Building stim pattern for pattern_name 464
2026-02-01 19:04:22,451 - INFO - Building stim pattern for pattern_name 2880
2026-02-01 19:04:22,464 - INFO - Building stim pattern for pattern_name 216
2026-02-01 19:04:22,475 - INFO - Building stim pattern for pattern_name 1650
2026-02-01 19:04:22,496 - INFO - Building stim pattern for pattern_name 3273
2026-02-01 19:04:22,508 - INFO - Building stim pattern for pattern_name 375
2026-02-01 19:04:22,520 - INFO - Building stim pattern for pattern_name 282
2026-02-01 19:04:22,532 - INFO - Building stim pattern for pattern_name 3366
2026-02-01 19:04:22,544 - INFO - Building stim pattern for pattern_name 1555
2026-02-01 19:04:22,565 - INFO - Building stim pattern for pattern_name 3756
2026-02-01 19:04:22,583 - INFO - Building stim pattern for pattern_name 734
2026-02-01 19:04:22,612 - INFO - Building stim pattern for pattern_name 1785
2026-02-01 19:04:22,625 - INFO - Building stim pattern for pattern_name 744
2026-02-01 19:04:22,644 - INFO - Building stim pattern for pattern_name 1140
2026-02-01 19:04:22,662 - INFO - Building stim pattern for pattern_name 1588
2026-02-01 19:04:22,674 - INFO - Building stim pattern for pattern_name 2340
2026-02-01 19:04:22,684 - INFO - Building stim pattern for pattern_name 3169
2026-02-01 19:04:22,695 - INFO - Building stim pattern for pattern_name 1545
2026-02-01 19:04:22,711 - INFO - Building stim pattern for pattern_name 2744
2026-02-01 19:04:22,727 - INFO - Building stim pattern for pattern_name 848
2026-02-01 19:04:22,738 - INFO - Building stim pattern for pattern_name 3845
2026-02-01 19:04:22,749 - INFO - Building stim pattern for pattern_name 1636
2026-02-01 19:04:22,760 - INFO - Building stim pattern for pattern_name 2013
2026-02-01 19:04:22,771 - INFO - Building stim pattern for pattern_name 2252
2026-02-01 19:04:22,782 - INFO - Building stim pattern for pattern_name 3783
2026-02-01 19:04:22,793 - INFO - Building stim pattern for pattern_name 725
2026-02-01 19:04:22,804 - INFO - Building stim pattern for pattern_name 405
2026-02-01 19:04:22,816 - INFO - Building stim pattern for pattern_name 2051
2026-02-01 19:04:22,828 - INFO - Building stim pattern for pattern_name 832
2026-02-01 19:04:22,855 - INFO - Building stim pattern for pattern_name 887
2026-02-01 19:04:22,867 - INFO - Building stim pattern for pattern_name 2294
2026-02-01 19:04:22,891 - INFO - Building stim pattern for pattern_name 2544
2026-02-01 19:04:22,910 - INFO - Building stim pattern for pattern_name 74
2026-02-01 19:04:22,923 - INFO - Building stim pattern for pattern_name 2028
2026-02-01 19:04:22,934 - INFO - Building stim pattern for pattern_name 766
2026-02-01 19:04:22,945 - INFO - Building stim pattern for pattern_name 198
2026-02-01 19:04:22,956 - INFO - Building stim pattern for pattern_name 2891
2026-02-01 19:04:22,968 - INFO - Building stim pattern for pattern_name 267
2026-02-01 19:04:22,981 - INFO - Building stim pattern for pattern_name 1486
2026-02-01 19:04:22,994 - INFO - Building stim pattern for pattern_name 1257
2026-02-01 19:04:23,006 - INFO - Building stim pattern for pattern_name 3837
2026-02-01 19:04:23,018 - INFO - Building stim pattern for pattern_name 1356
2026-02-01 19:04:23,032 - INFO - Building stim pattern for pattern_name 2596
2026-02-01 19:04:23,046 - INFO - Building stim pattern for pattern_name 1978
2026-02-01 19:04:23,061 - INFO - Building stim pattern for pattern_name 1259
2026-02-01 19:04:23,073 - INFO - Building stim pattern for pattern_name 3682
2026-02-01 19:04:23,085 - INFO - Building stim pattern for pattern_name 1124
2026-02-01 19:04:23,097 - INFO - Building stim pattern for pattern_name 2442
2026-02-01 19:04:23,111 - INFO - Building stim pattern for pattern_name 2688
2026-02-01 19:04:23,122 - INFO - Building stim pattern for pattern_name 2549
2026-02-01 19:04:23,148 - INFO - Building stim pattern for pattern_name 822
2026-02-01 19:04:23,165 - INFO - Building stim pattern for pattern_name 3290
2026-02-01 19:04:23,184 - INFO - Building stim pattern for pattern_name 2341
2026-02-01 19:04:23,201 - INFO - Building stim pattern for pattern_name 925
2026-02-01 19:04:23,213 - INFO - Building stim pattern for pattern_name 1098
2026-02-01 19:04:23,232 - INFO - Building stim pattern for pattern_name 781
2026-02-01 19:04:23,243 - INFO - Building stim pattern for pattern_name 2791
2026-02-01 19:04:23,258 - INFO - Building stim pattern for pattern_name 120
2026-02-01 19:04:23,272 - INFO - Building stim pattern for pattern_name 1507
2026-02-01 19:04:23,285 - INFO - Building stim pattern for pattern_name 3779
2026-02-01 19:04:23,299 - INFO - Building stim pattern for pattern_name 2135
2026-02-01 19:04:23,313 - INFO - Building stim pattern for pattern_name 1213
2026-02-01 19:04:23,340 - INFO - Building stim pattern for pattern_name 2280
2026-02-01 19:04:23,354 - INFO - Building stim pattern for pattern_name 3242
2026-02-01 19:04:23,367 - INFO - Building stim pattern for pattern_name 3248
2026-02-01 19:04:23,379 - INFO - Building stim pattern for pattern_name 3121
2026-02-01 19:04:23,404 - INFO - Building stim pattern for pattern_name 2585
2026-02-01 19:04:23,418 - INFO - Building stim pattern for pattern_name 314
2026-02-01 19:04:23,431 - INFO - Building stim pattern for pattern_name 731
2026-02-01 19:04:23,443 - INFO - Building stim pattern for pattern_name 2902
2026-02-01 19:04:23,461 - INFO - Building stim pattern for pattern_name 3789
2026-02-01 19:04:23,472 - INFO - Building stim pattern for pattern_name 404
2026-02-01 19:04:23,492 - INFO - Building stim pattern for pattern_name 1155
2026-02-01 19:04:23,503 - INFO - Building stim pattern for pattern_name 3726
2026-02-01 19:04:23,519 - INFO - Building stim pattern for pattern_name 2696
2026-02-01 19:04:23,532 - INFO - Building stim pattern for pattern_name 806
2026-02-01 19:04:23,550 - INFO - Building stim pattern for pattern_name 1263
2026-02-01 19:04:23,561 - INFO - Building stim pattern for pattern_name 1695
2026-02-01 19:04:23,583 - INFO - Building stim pattern for pattern_name 3709
2026-02-01 19:04:23,664 - INFO - Building stim pattern for pattern_name 3958
2026-02-01 19:04:23,684 - INFO - Building stim pattern for pattern_name 1815
2026-02-01 19:04:23,698 - INFO - Building stim pattern for pattern_name 2178
2026-02-01 19:04:23,726 - INFO - Building stim pattern for pattern_name 1076
2026-02-01 19:04:23,744 - INFO - Building stim pattern for pattern_name 2867
2026-02-01 19:04:23,766 - INFO - Building stim pattern for pattern_name 2219
2026-02-01 19:04:23,777 - INFO - Building stim pattern for pattern_name 459
2026-02-01 19:04:23,788 - INFO - Building stim pattern for pattern_name 3318
2026-02-01 19:04:23,799 - INFO - Building stim pattern for pattern_name 2063
2026-02-01 19:04:23,810 - INFO - Building stim pattern for pattern_name 3561
2026-02-01 19:04:23,822 - INFO - Building stim pattern for pattern_name 1851
2026-02-01 19:04:23,833 - INFO - Building stim pattern for pattern_name 357
2026-02-01 19:04:23,854 - INFO - Building stim pattern for pattern_name 3213
2026-02-01 19:04:23,866 - INFO - Building stim pattern for pattern_name 3389
2026-02-01 19:04:23,877 - INFO - Building stim pattern for pattern_name 83
2026-02-01 19:04:23,888 - INFO - Building stim pattern for pattern_name 2193
2026-02-01 19:04:23,899 - INFO - Building stim pattern for pattern_name 1730
2026-02-01 19:04:23,910 - INFO - Building stim pattern for pattern_name 523
2026-02-01 19:04:23,922 - INFO - Building stim pattern for pattern_name 3234
2026-02-01 19:04:23,934 - INFO - Building stim pattern for pattern_name 1359
2026-02-01 19:04:23,946 - INFO - Building stim pattern for pattern_name 2961
2026-02-01 19:04:23,959 - INFO - Building stim pattern for pattern_name 1000
2026-02-01 19:04:23,977 - INFO - Building stim pattern for pattern_name 3607
2026-02-01 19:04:23,992 - INFO - Building stim pattern for pattern_name 3985
2026-02-01 19:04:24,005 - INFO - Building stim pattern for pattern_name 1808
2026-02-01 19:04:24,015 - INFO - Building stim pattern for pattern_name 1909
2026-02-01 19:04:24,025 - INFO - Building stim pattern for pattern_name 2854
2026-02-01 19:04:24,035 - INFO - Building stim pattern for pattern_name 3095
2026-02-01 19:04:24,054 - INFO - Building stim pattern for pattern_name 1016
2026-02-01 19:04:24,072 - INFO - Building stim pattern for pattern_name 3548
2026-02-01 19:04:24,097 - INFO - Building stim pattern for pattern_name 3198
2026-02-01 19:04:24,118 - INFO - Building stim pattern for pattern_name 38
2026-02-01 19:04:24,132 - INFO - Building stim pattern for pattern_name 1095
2026-02-01 19:04:24,146 - INFO - Building stim pattern for pattern_name 3529
2026-02-01 19:04:24,158 - INFO - Building stim pattern for pattern_name 700
2026-02-01 19:04:24,173 - INFO - Building stim pattern for pattern_name 61
2026-02-01 19:04:24,184 - INFO - Building stim pattern for pattern_name 1008
2026-02-01 19:04:24,196 - INFO - Building stim pattern for pattern_name 29
2026-02-01 19:04:24,209 - INFO - Building stim pattern for pattern_name 16
2026-02-01 19:04:24,221 - INFO - Building stim pattern for pattern_name 3525
2026-02-01 19:04:24,252 - INFO - Building stim pattern for pattern_name 3535
2026-02-01 19:04:24,266 - INFO - Building stim pattern for pattern_name 1069
2026-02-01 19:04:24,279 - INFO - Building stim pattern for pattern_name 683
2026-02-01 19:04:24,292 - INFO - Building stim pattern for pattern_name 1847
2026-02-01 19:04:24,306 - INFO - Building stim pattern for pattern_name 1878
2026-02-01 19:04:24,325 - INFO - Building stim pattern for pattern_name 1876
2026-02-01 19:04:24,345 - INFO - Building stim pattern for pattern_name 429
2026-02-01 19:04:24,357 - INFO - Building stim pattern for pattern_name 3038
2026-02-01 19:04:24,369 - INFO - Building stim pattern for pattern_name 3438
2026-02-01 19:04:24,398 - INFO - Building stim pattern for pattern_name 1609
2026-02-01 19:04:24,408 - INFO - Building stim pattern for pattern_name 1199
2026-02-01 19:04:24,437 - INFO - Building stim pattern for pattern_name 241
2026-02-01 19:04:24,457 - INFO - Building stim pattern for pattern_name 2322
2026-02-01 19:04:24,473 - INFO - Building stim pattern for pattern_name 3773
2026-02-01 19:04:24,488 - INFO - Building stim pattern for pattern_name 2629
2026-02-01 19:04:24,501 - INFO - Building stim pattern for pattern_name 2660
2026-02-01 19:04:24,521 - INFO - Building stim pattern for pattern_name 2958
2026-02-01 19:04:24,541 - INFO - Building stim pattern for pattern_name 3970
2026-02-01 19:04:24,553 - INFO - Building stim pattern for pattern_name 1144
2026-02-01 19:04:24,565 - INFO - Building stim pattern for pattern_name 2984
2026-02-01 19:04:24,578 - INFO - Building stim pattern for pattern_name 3179
2026-02-01 19:04:24,591 - INFO - Building stim pattern for pattern_name 2259
2026-02-01 19:04:24,602 - INFO - Building stim pattern for pattern_name 3138
2026-02-01 19:04:24,619 - INFO - Building stim pattern for pattern_name 2228
2026-02-01 19:04:24,664 - INFO - Building stim pattern for pattern_name 1103
2026-02-01 19:04:24,674 - INFO - Building stim pattern for pattern_name 851
2026-02-01 19:04:24,691 - INFO - Building stim pattern for pattern_name 3142
2026-02-01 19:04:24,702 - INFO - Building stim pattern for pattern_name 510
2026-02-01 19:04:24,714 - INFO - Building stim pattern for pattern_name 3473
2026-02-01 19:04:24,726 - INFO - Building stim pattern for pattern_name 3008
2026-02-01 19:04:24,739 - INFO - Building stim pattern for pattern_name 2871
2026-02-01 19:04:24,759 - INFO - Building stim pattern for pattern_name 86
2026-02-01 19:04:24,771 - INFO - Building stim pattern for pattern_name 2796
2026-02-01 19:04:24,782 - INFO - Building stim pattern for pattern_name 1911
2026-02-01 19:04:24,796 - INFO - Building stim pattern for pattern_name 1596
2026-02-01 19:04:24,810 - INFO - Building stim pattern for pattern_name 1829
2026-02-01 19:04:24,824 - INFO - Building stim pattern for pattern_name 3874
2026-02-01 19:04:24,835 - INFO - Building stim pattern for pattern_name 3094
2026-02-01 19:04:24,853 - INFO - Building stim pattern for pattern_name 101
2026-02-01 19:04:24,865 - INFO - Building stim pattern for pattern_name 1323
2026-02-01 19:04:24,878 - INFO - Building stim pattern for pattern_name 1032
2026-02-01 19:04:24,890 - INFO - Building stim pattern for pattern_name 3836
2026-02-01 19:04:24,902 - INFO - Building stim pattern for pattern_name 2039
2026-02-01 19:04:24,913 - INFO - Building stim pattern for pattern_name 673
2026-02-01 19:04:24,925 - INFO - Building stim pattern for pattern_name 1834
2026-02-01 19:04:24,936 - INFO - Building stim pattern for pattern_name 2895
2026-02-01 19:04:24,949 - INFO - Building stim pattern for pattern_name 3328
2026-02-01 19:04:24,963 - INFO - Building stim pattern for pattern_name 2698
2026-02-01 19:04:24,975 - INFO - Building stim pattern for pattern_name 2919
2026-02-01 19:04:24,988 - INFO - Building stim pattern for pattern_name 231
2026-02-01 19:04:24,998 - INFO - Building stim pattern for pattern_name 1824
2026-02-01 19:04:25,010 - INFO - Building stim pattern for pattern_name 1449
2026-02-01 19:04:25,021 - INFO - Building stim pattern for pattern_name 2752
2026-02-01 19:04:25,031 - INFO - Building stim pattern for pattern_name 3140
2026-02-01 19:04:25,042 - INFO - Building stim pattern for pattern_name 1589
2026-02-01 19:04:25,055 - INFO - Building stim pattern for pattern_name 1516
2026-02-01 19:04:25,076 - INFO - Building stim pattern for pattern_name 3060
2026-02-01 19:04:25,090 - INFO - Building stim pattern for pattern_name 89
2026-02-01 19:04:25,102 - INFO - Building stim pattern for pattern_name 502
2026-02-01 19:04:25,113 - INFO - Building stim pattern for pattern_name 1521
2026-02-01 19:04:25,124 - INFO - Building stim pattern for pattern_name 2974
2026-02-01 19:04:25,135 - INFO - Building stim pattern for pattern_name 540
2026-02-01 19:04:25,176 - INFO - Building stim pattern for pattern_name 1360
2026-02-01 19:04:25,225 - INFO - Building stim pattern for pattern_name 2530
2026-02-01 19:04:25,249 - INFO - Building stim pattern for pattern_name 1282
2026-02-01 19:04:25,262 - INFO - Building stim pattern for pattern_name 1956
2026-02-01 19:04:25,275 - INFO - Building stim pattern for pattern_name 1243
2026-02-01 19:04:25,286 - INFO - Building stim pattern for pattern_name 2350
2026-02-01 19:04:25,304 - INFO - Building stim pattern for pattern_name 2075
2026-02-01 19:04:25,316 - INFO - Building stim pattern for pattern_name 1830
2026-02-01 19:04:25,327 - INFO - Building stim pattern for pattern_name 1542
2026-02-01 19:04:25,341 - INFO - Building stim pattern for pattern_name 2137
2026-02-01 19:04:25,354 - INFO - Building stim pattern for pattern_name 3614
2026-02-01 19:04:25,365 - INFO - Building stim pattern for pattern_name 3425
2026-02-01 19:04:25,392 - INFO - Building stim pattern for pattern_name 447
2026-02-01 19:04:25,413 - INFO - Building stim pattern for pattern_name 885
2026-02-01 19:04:25,429 - INFO - Building stim pattern for pattern_name 1720
2026-02-01 19:04:25,439 - INFO - Building stim pattern for pattern_name 317
2026-02-01 19:04:25,450 - INFO - Building stim pattern for pattern_name 3373
2026-02-01 19:04:25,461 - INFO - Building stim pattern for pattern_name 517
2026-02-01 19:04:25,471 - INFO - Building stim pattern for pattern_name 1454
2026-02-01 19:04:25,483 - INFO - Building stim pattern for pattern_name 619
2026-02-01 19:04:25,494 - INFO - Building stim pattern for pattern_name 3093
2026-02-01 19:04:25,505 - INFO - Building stim pattern for pattern_name 319
2026-02-01 19:04:25,517 - INFO - Building stim pattern for pattern_name 3818
2026-02-01 19:04:25,535 - INFO - Building stim pattern for pattern_name 1388
2026-02-01 19:04:25,547 - INFO - Building stim pattern for pattern_name 1411
2026-02-01 19:04:25,560 - INFO - Building stim pattern for pattern_name 3620
2026-02-01 19:04:25,572 - INFO - Building stim pattern for pattern_name 2685
2026-02-01 19:04:25,586 - INFO - Building stim pattern for pattern_name 3929
2026-02-01 19:04:25,599 - INFO - Building stim pattern for pattern_name 547
2026-02-01 19:04:25,612 - INFO - Building stim pattern for pattern_name 2894
2026-02-01 19:04:25,623 - INFO - Building stim pattern for pattern_name 1494
2026-02-01 19:04:25,634 - INFO - Building stim pattern for pattern_name 2666
2026-02-01 19:04:25,647 - INFO - Building stim pattern for pattern_name 590
2026-02-01 19:04:25,658 - INFO - Building stim pattern for pattern_name 2993
2026-02-01 19:04:25,669 - INFO - Building stim pattern for pattern_name 219
2026-02-01 19:04:25,681 - INFO - Building stim pattern for pattern_name 3596
2026-02-01 19:04:25,697 - INFO - Building stim pattern for pattern_name 3884
2026-02-01 19:04:25,709 - INFO - Building stim pattern for pattern_name 1444
2026-02-01 19:04:25,726 - INFO - Building stim pattern for pattern_name 1187
2026-02-01 19:04:25,737 - INFO - Building stim pattern for pattern_name 2969
2026-02-01 19:04:25,748 - INFO - Building stim pattern for pattern_name 627
2026-02-01 19:04:25,760 - INFO - Building stim pattern for pattern_name 1766
2026-02-01 19:04:25,773 - INFO - Building stim pattern for pattern_name 890
2026-02-01 19:04:25,786 - INFO - Building stim pattern for pattern_name 3439
2026-02-01 19:04:25,798 - INFO - Building stim pattern for pattern_name 1250
2026-02-01 19:04:25,809 - INFO - Building stim pattern for pattern_name 3780
2026-02-01 19:04:25,822 - INFO - Building stim pattern for pattern_name 3814
2026-02-01 19:04:25,834 - INFO - Building stim pattern for pattern_name 3255
2026-02-01 19:04:25,846 - INFO - Building stim pattern for pattern_name 2485
2026-02-01 19:04:25,858 - INFO - Building stim pattern for pattern_name 1264
2026-02-01 19:04:25,869 - INFO - Building stim pattern for pattern_name 2935
2026-02-01 19:04:25,881 - INFO - Building stim pattern for pattern_name 2426
2026-02-01 19:04:25,893 - INFO - Building stim pattern for pattern_name 296
2026-02-01 19:04:25,906 - INFO - Building stim pattern for pattern_name 1684
2026-02-01 19:04:25,918 - INFO - Building stim pattern for pattern_name 729
2026-02-01 19:04:25,929 - INFO - Building stim pattern for pattern_name 1283
2026-02-01 19:04:25,947 - INFO - Building stim pattern for pattern_name 1483
2026-02-01 19:04:25,960 - INFO - Building stim pattern for pattern_name 1611
2026-02-01 19:04:25,975 - INFO - Building stim pattern for pattern_name 2780
2026-02-01 19:04:25,987 - INFO - Building stim pattern for pattern_name 484
2026-02-01 19:04:26,007 - INFO - Building stim pattern for pattern_name 1086
2026-02-01 19:04:26,019 - INFO - Building stim pattern for pattern_name 3521
2026-02-01 19:04:26,032 - INFO - Building stim pattern for pattern_name 3196
2026-02-01 19:04:26,044 - INFO - Building stim pattern for pattern_name 1656
2026-02-01 19:04:26,055 - INFO - Building stim pattern for pattern_name 1125
2026-02-01 19:04:26,065 - INFO - Building stim pattern for pattern_name 3187
2026-02-01 19:04:26,079 - INFO - Building stim pattern for pattern_name 3088
2026-02-01 19:04:26,091 - INFO - Building stim pattern for pattern_name 2274
2026-02-01 19:04:26,103 - INFO - Building stim pattern for pattern_name 1333
2026-02-01 19:04:26,115 - INFO - Building stim pattern for pattern_name 417
2026-02-01 19:04:26,126 - INFO - Building stim pattern for pattern_name 82
2026-02-01 19:04:26,137 - INFO - Building stim pattern for pattern_name 1677
2026-02-01 19:04:26,147 - INFO - Building stim pattern for pattern_name 2676
2026-02-01 19:04:26,158 - INFO - Building stim pattern for pattern_name 2035
2026-02-01 19:04:26,181 - INFO - Building stim pattern for pattern_name 847
2026-02-01 19:04:26,192 - INFO - Building stim pattern for pattern_name 2639
2026-02-01 19:04:26,203 - INFO - Building stim pattern for pattern_name 3569
2026-02-01 19:04:26,214 - INFO - Building stim pattern for pattern_name 2946
2026-02-01 19:04:26,227 - INFO - Building stim pattern for pattern_name 1698
2026-02-01 19:04:26,239 - INFO - Building stim pattern for pattern_name 1620
2026-02-01 19:04:26,252 - INFO - Building stim pattern for pattern_name 1435
2026-02-01 19:04:26,264 - INFO - Building stim pattern for pattern_name 3330
2026-02-01 19:04:26,275 - INFO - Building stim pattern for pattern_name 733
2026-02-01 19:04:26,285 - INFO - Building stim pattern for pattern_name 3567
2026-02-01 19:04:26,296 - INFO - Building stim pattern for pattern_name 3204
2026-02-01 19:04:26,307 - INFO - Building stim pattern for pattern_name 2413
2026-02-01 19:04:26,317 - INFO - Building stim pattern for pattern_name 1907
2026-02-01 19:04:26,334 - INFO - Building stim pattern for pattern_name 1801
2026-02-01 19:04:26,345 - INFO - Building stim pattern for pattern_name 1269
2026-02-01 19:04:26,356 - INFO - Building stim pattern for pattern_name 3024
2026-02-01 19:04:26,375 - INFO - Building stim pattern for pattern_name 1109
2026-02-01 19:04:26,386 - INFO - Building stim pattern for pattern_name 3497
2026-02-01 19:04:26,396 - INFO - Building stim pattern for pattern_name 2103
2026-02-01 19:04:26,407 - INFO - Building stim pattern for pattern_name 1192
2026-02-01 19:04:26,419 - INFO - Building stim pattern for pattern_name 2591
2026-02-01 19:04:26,429 - INFO - Building stim pattern for pattern_name 2545
2026-02-01 19:04:26,439 - INFO - Building stim pattern for pattern_name 836
2026-02-01 19:04:26,450 - INFO - Building stim pattern for pattern_name 2061
2026-02-01 19:04:26,469 - INFO - Building stim pattern for pattern_name 995
2026-02-01 19:04:26,481 - INFO - Building stim pattern for pattern_name 2824
2026-02-01 19:04:26,492 - INFO - Building stim pattern for pattern_name 21
2026-02-01 19:04:26,504 - INFO - Building stim pattern for pattern_name 2746
2026-02-01 19:04:26,516 - INFO - Building stim pattern for pattern_name 109
2026-02-01 19:04:26,525 - INFO - Building stim pattern for pattern_name 2941
2026-02-01 19:04:26,536 - INFO - Building stim pattern for pattern_name 2172
2026-02-01 19:04:26,547 - INFO - Building stim pattern for pattern_name 3117
2026-02-01 19:04:26,559 - INFO - Building stim pattern for pattern_name 2265
2026-02-01 19:04:26,570 - INFO - Building stim pattern for pattern_name 1923
2026-02-01 19:04:26,582 - INFO - Building stim pattern for pattern_name 3061
2026-02-01 19:04:26,592 - INFO - Building stim pattern for pattern_name 1174
2026-02-01 19:04:26,678 - INFO - Building stim pattern for pattern_name 1361
2026-02-01 19:04:26,704 - INFO - Building stim pattern for pattern_name 3164
2026-02-01 19:04:26,717 - INFO - Building stim pattern for pattern_name 1384
2026-02-01 19:04:26,729 - INFO - Building stim pattern for pattern_name 2925
2026-02-01 19:04:26,739 - INFO - Building stim pattern for pattern_name 2089
2026-02-01 19:04:26,750 - INFO - Building stim pattern for pattern_name 398
2026-02-01 19:04:26,762 - INFO - Building stim pattern for pattern_name 1484
2026-02-01 19:04:26,774 - INFO - Building stim pattern for pattern_name 1122
2026-02-01 19:04:26,785 - INFO - Building stim pattern for pattern_name 594
2026-02-01 19:04:26,797 - INFO - Building stim pattern for pattern_name 1567
2026-02-01 19:04:26,806 - INFO - Building stim pattern for pattern_name 363
2026-02-01 19:04:26,816 - INFO - Building stim pattern for pattern_name 3451
2026-02-01 19:04:26,827 - INFO - Building stim pattern for pattern_name 1600
2026-02-01 19:04:26,846 - INFO - Building stim pattern for pattern_name 1764
2026-02-01 19:04:26,856 - INFO - Building stim pattern for pattern_name 791
2026-02-01 19:04:26,867 - INFO - Building stim pattern for pattern_name 1602
2026-02-01 19:04:26,884 - INFO - Building stim pattern for pattern_name 1425
2026-02-01 19:04:26,893 - INFO - Building stim pattern for pattern_name 2220
2026-02-01 19:04:26,902 - INFO - Building stim pattern for pattern_name 1241
2026-02-01 19:04:26,911 - INFO - Building stim pattern for pattern_name 2582
2026-02-01 19:04:26,921 - INFO - Building stim pattern for pattern_name 1015
2026-02-01 19:04:26,949 - INFO - Building stim pattern for pattern_name 206
2026-02-01 19:04:26,959 - INFO - Building stim pattern for pattern_name 1692
2026-02-01 19:04:26,970 - INFO - Building stim pattern for pattern_name 226
2026-02-01 19:04:26,981 - INFO - Building stim pattern for pattern_name 2665
2026-02-01 19:04:26,992 - INFO - Building stim pattern for pattern_name 234
2026-02-01 19:04:27,004 - INFO - Building stim pattern for pattern_name 705
2026-02-01 19:04:27,016 - INFO - Building stim pattern for pattern_name 1316
2026-02-01 19:04:27,029 - INFO - Building stim pattern for pattern_name 2877
2026-02-01 19:04:27,039 - INFO - Building stim pattern for pattern_name 1367
2026-02-01 19:04:27,059 - INFO - Building stim pattern for pattern_name 333
2026-02-01 19:04:27,070 - INFO - Building stim pattern for pattern_name 1673
2026-02-01 19:04:27,095 - INFO - Building stim pattern for pattern_name 205
2026-02-01 19:04:27,106 - INFO - Building stim pattern for pattern_name 2776
2026-02-01 19:04:27,117 - INFO - Building stim pattern for pattern_name 3863
2026-02-01 19:04:27,127 - INFO - Building stim pattern for pattern_name 760
2026-02-01 19:04:27,138 - INFO - Building stim pattern for pattern_name 1869
2026-02-01 19:04:27,148 - INFO - Building stim pattern for pattern_name 933
2026-02-01 19:04:27,157 - INFO - Building stim pattern for pattern_name 2547
2026-02-01 19:04:27,167 - INFO - Building stim pattern for pattern_name 2363
2026-02-01 19:04:27,184 - INFO - Building stim pattern for pattern_name 3722
2026-02-01 19:04:27,195 - INFO - Building stim pattern for pattern_name 2348
2026-02-01 19:04:27,215 - INFO - Building stim pattern for pattern_name 2334
2026-02-01 19:04:27,232 - INFO - Building stim pattern for pattern_name 3678
2026-02-01 19:04:27,250 - INFO - Building stim pattern for pattern_name 18
2026-02-01 19:04:27,262 - INFO - Building stim pattern for pattern_name 1499
2026-02-01 19:04:27,273 - INFO - Building stim pattern for pattern_name 3961
2026-02-01 19:04:27,284 - INFO - Building stim pattern for pattern_name 1674
2026-02-01 19:04:27,315 - INFO - Building stim pattern for pattern_name 2934
2026-02-01 19:04:27,326 - INFO - Building stim pattern for pattern_name 432
2026-02-01 19:04:27,347 - INFO - Building stim pattern for pattern_name 145
2026-02-01 19:04:27,359 - INFO - Building stim pattern for pattern_name 1974
2026-02-01 19:04:27,370 - INFO - Building stim pattern for pattern_name 3112
2026-02-01 19:04:27,388 - INFO - Building stim pattern for pattern_name 2967
2026-02-01 19:04:27,400 - INFO - Building stim pattern for pattern_name 1080
2026-02-01 19:04:27,415 - INFO - Building stim pattern for pattern_name 3111
2026-02-01 19:04:27,426 - INFO - Building stim pattern for pattern_name 1759
2026-02-01 19:04:27,436 - INFO - Building stim pattern for pattern_name 391
2026-02-01 19:04:27,447 - INFO - Building stim pattern for pattern_name 158
2026-02-01 19:04:27,458 - INFO - Building stim pattern for pattern_name 3940
2026-02-01 19:04:27,470 - INFO - Building stim pattern for pattern_name 948
2026-02-01 19:04:27,482 - INFO - Building stim pattern for pattern_name 1218
2026-02-01 19:04:27,493 - INFO - Building stim pattern for pattern_name 3165
2026-02-01 19:04:27,503 - INFO - Building stim pattern for pattern_name 830
2026-02-01 19:04:27,512 - INFO - Building stim pattern for pattern_name 1039
2026-02-01 19:04:27,524 - INFO - Building stim pattern for pattern_name 3220
2026-02-01 19:04:27,535 - INFO - Building stim pattern for pattern_name 410
2026-02-01 19:04:27,545 - INFO - Building stim pattern for pattern_name 3257
2026-02-01 19:04:27,556 - INFO - Building stim pattern for pattern_name 1217
2026-02-01 19:04:27,567 - INFO - Building stim pattern for pattern_name 1637
2026-02-01 19:04:27,578 - INFO - Building stim pattern for pattern_name 2361
2026-02-01 19:04:27,588 - INFO - Building stim pattern for pattern_name 3626
2026-02-01 19:04:27,599 - INFO - Building stim pattern for pattern_name 3966
2026-02-01 19:04:27,613 - INFO - Building stim pattern for pattern_name 1339
2026-02-01 19:04:27,624 - INFO - Building stim pattern for pattern_name 259
2026-02-01 19:04:27,634 - INFO - Building stim pattern for pattern_name 424
2026-02-01 19:04:27,645 - INFO - Building stim pattern for pattern_name 1903
2026-02-01 19:04:27,654 - INFO - Building stim pattern for pattern_name 3908
2026-02-01 19:04:27,664 - INFO - Building stim pattern for pattern_name 909
2026-02-01 19:04:27,675 - INFO - Building stim pattern for pattern_name 3834
2026-02-01 19:04:27,703 - INFO - Building stim pattern for pattern_name 102
2026-02-01 19:04:27,715 - INFO - Building stim pattern for pattern_name 903
2026-02-01 19:04:27,725 - INFO - Building stim pattern for pattern_name 811
2026-02-01 19:04:27,736 - INFO - Building stim pattern for pattern_name 2633
2026-02-01 19:04:27,747 - INFO - Building stim pattern for pattern_name 2773
2026-02-01 19:04:27,766 - INFO - Building stim pattern for pattern_name 2887
2026-02-01 19:04:27,779 - INFO - Building stim pattern for pattern_name 2918
2026-02-01 19:04:27,796 - INFO - Building stim pattern for pattern_name 1114
2026-02-01 19:04:27,807 - INFO - Building stim pattern for pattern_name 3634
2026-02-01 19:04:27,825 - INFO - Building stim pattern for pattern_name 2374
2026-02-01 19:04:27,838 - INFO - Building stim pattern for pattern_name 1628
2026-02-01 19:04:27,857 - INFO - Building stim pattern for pattern_name 644
2026-02-01 19:04:27,868 - INFO - Building stim pattern for pattern_name 2141
2026-02-01 19:04:27,885 - INFO - Building stim pattern for pattern_name 2738
2026-02-01 19:04:27,896 - INFO - Building stim pattern for pattern_name 3341
2026-02-01 19:04:27,906 - INFO - Building stim pattern for pattern_name 1739
2026-02-01 19:04:27,917 - INFO - Building stim pattern for pattern_name 3734
2026-02-01 19:04:27,928 - INFO - Building stim pattern for pattern_name 195
2026-02-01 19:04:27,939 - INFO - Building stim pattern for pattern_name 2584
2026-02-01 19:04:27,949 - INFO - Building stim pattern for pattern_name 1646
2026-02-01 19:04:27,967 - INFO - Building stim pattern for pattern_name 625
2026-02-01 19:04:27,978 - INFO - Building stim pattern for pattern_name 2128
2026-02-01 19:04:27,993 - INFO - Building stim pattern for pattern_name 942
2026-02-01 19:04:28,003 - INFO - Building stim pattern for pattern_name 1539
2026-02-01 19:04:28,014 - INFO - Building stim pattern for pattern_name 3720
2026-02-01 19:04:28,070 - INFO - Building stim pattern for pattern_name 370
2026-02-01 19:04:28,127 - INFO - Building stim pattern for pattern_name 2283
2026-02-01 19:04:28,164 - INFO - Building stim pattern for pattern_name 2882
2026-02-01 19:04:28,194 - INFO - Building stim pattern for pattern_name 2412
2026-02-01 19:04:28,216 - INFO - Building stim pattern for pattern_name 2235
2026-02-01 19:04:28,234 - INFO - Building stim pattern for pattern_name 3240
2026-02-01 19:04:28,261 - INFO - Building stim pattern for pattern_name 3462
2026-02-01 19:04:28,277 - INFO - Building stim pattern for pattern_name 355
2026-02-01 19:04:28,290 - INFO - Building stim pattern for pattern_name 1193
2026-02-01 19:04:28,314 - INFO - Building stim pattern for pattern_name 704
2026-02-01 19:04:28,332 - INFO - Building stim pattern for pattern_name 3201
2026-02-01 19:04:28,349 - INFO - Building stim pattern for pattern_name 3896
2026-02-01 19:04:28,363 - INFO - Building stim pattern for pattern_name 3322
2026-02-01 19:04:28,381 - INFO - Building stim pattern for pattern_name 1416
2026-02-01 19:04:28,412 - INFO - Building stim pattern for pattern_name 1776
2026-02-01 19:04:28,431 - INFO - Building stim pattern for pattern_name 1846
2026-02-01 19:04:28,448 - INFO - Building stim pattern for pattern_name 904
2026-02-01 19:04:28,460 - INFO - Building stim pattern for pattern_name 3176
2026-02-01 19:04:28,471 - INFO - Building stim pattern for pattern_name 3157
2026-02-01 19:04:28,481 - INFO - Building stim pattern for pattern_name 2577
2026-02-01 19:04:28,493 - INFO - Building stim pattern for pattern_name 516
2026-02-01 19:04:28,505 - INFO - Building stim pattern for pattern_name 2841
2026-02-01 19:04:28,531 - INFO - Building stim pattern for pattern_name 2136
2026-02-01 19:04:28,543 - INFO - Building stim pattern for pattern_name 3994
2026-02-01 19:04:28,556 - INFO - Building stim pattern for pattern_name 2371
2026-02-01 19:04:28,568 - INFO - Building stim pattern for pattern_name 717
2026-02-01 19:04:28,579 - INFO - Building stim pattern for pattern_name 1156
2026-02-01 19:04:28,590 - INFO - Building stim pattern for pattern_name 3149
2026-02-01 19:04:28,600 - INFO - Building stim pattern for pattern_name 2248
2026-02-01 19:04:28,610 - INFO - Building stim pattern for pattern_name 448
2026-02-01 19:04:28,620 - INFO - Building stim pattern for pattern_name 367
2026-02-01 19:04:28,630 - INFO - Building stim pattern for pattern_name 537
2026-02-01 19:04:28,641 - INFO - Building stim pattern for pattern_name 519
2026-02-01 19:04:28,658 - INFO - Building stim pattern for pattern_name 3608
2026-02-01 19:04:28,669 - INFO - Building stim pattern for pattern_name 1693
2026-02-01 19:04:28,699 - INFO - Building stim pattern for pattern_name 1476
2026-02-01 19:04:28,710 - INFO - Building stim pattern for pattern_name 182
2026-02-01 19:04:28,728 - INFO - Building stim pattern for pattern_name 287
2026-02-01 19:04:28,750 - INFO - Building stim pattern for pattern_name 1149
2026-02-01 19:04:28,763 - INFO - Building stim pattern for pattern_name 2848
2026-02-01 19:04:28,775 - INFO - Building stim pattern for pattern_name 2208
2026-02-01 19:04:28,785 - INFO - Building stim pattern for pattern_name 2505
2026-02-01 19:04:28,797 - INFO - Building stim pattern for pattern_name 788
2026-02-01 19:04:28,808 - INFO - Building stim pattern for pattern_name 3471
2026-02-01 19:04:28,818 - INFO - Building stim pattern for pattern_name 3667
2026-02-01 19:04:28,835 - INFO - Building stim pattern for pattern_name 3351
2026-02-01 19:04:28,847 - INFO - Building stim pattern for pattern_name 2927
2026-02-01 19:04:28,863 - INFO - Building stim pattern for pattern_name 986
2026-02-01 19:04:28,881 - INFO - Building stim pattern for pattern_name 3098
2026-02-01 19:04:28,892 - INFO - Building stim pattern for pattern_name 2840
2026-02-01 19:04:28,902 - INFO - Building stim pattern for pattern_name 479
2026-02-01 19:04:28,913 - INFO - Building stim pattern for pattern_name 3732
2026-02-01 19:04:28,923 - INFO - Building stim pattern for pattern_name 435
2026-02-01 19:04:28,938 - INFO - Building stim pattern for pattern_name 2701
2026-02-01 19:04:28,948 - INFO - Building stim pattern for pattern_name 3616
2026-02-01 19:04:28,958 - INFO - Building stim pattern for pattern_name 1327
2026-02-01 19:04:28,971 - INFO - Building stim pattern for pattern_name 2113
2026-02-01 19:04:28,994 - INFO - Building stim pattern for pattern_name 2830
2026-02-01 19:04:29,006 - INFO - Building stim pattern for pattern_name 2021
2026-02-01 19:04:29,026 - INFO - Building stim pattern for pattern_name 1913
2026-02-01 19:04:29,037 - INFO - Building stim pattern for pattern_name 1955
2026-02-01 19:04:29,053 - INFO - Building stim pattern for pattern_name 3636
2026-02-01 19:04:29,066 - INFO - Building stim pattern for pattern_name 2120
2026-02-01 19:04:29,100 - INFO - Building stim pattern for pattern_name 2440
2026-02-01 19:04:29,112 - INFO - Building stim pattern for pattern_name 135
2026-02-01 19:04:29,125 - INFO - Building stim pattern for pattern_name 470
2026-02-01 19:04:29,137 - INFO - Building stim pattern for pattern_name 2453
2026-02-01 19:04:29,156 - INFO - Building stim pattern for pattern_name 113
2026-02-01 19:04:29,169 - INFO - Building stim pattern for pattern_name 230
2026-02-01 19:04:29,180 - INFO - Building stim pattern for pattern_name 2979
2026-02-01 19:04:29,190 - INFO - Building stim pattern for pattern_name 1842
2026-02-01 19:04:29,207 - INFO - Building stim pattern for pattern_name 1215
2026-02-01 19:04:29,217 - INFO - Building stim pattern for pattern_name 117
2026-02-01 19:04:29,228 - INFO - Building stim pattern for pattern_name 3105
2026-02-01 19:04:29,240 - INFO - Building stim pattern for pattern_name 769
2026-02-01 19:04:29,250 - INFO - Building stim pattern for pattern_name 555
2026-02-01 19:04:29,261 - INFO - Building stim pattern for pattern_name 1655
2026-02-01 19:04:29,277 - INFO - Building stim pattern for pattern_name 1513
2026-02-01 19:04:29,288 - INFO - Building stim pattern for pattern_name 1415
2026-02-01 19:04:29,299 - INFO - Building stim pattern for pattern_name 3459
2026-02-01 19:04:29,310 - INFO - Building stim pattern for pattern_name 1393
2026-02-01 19:04:29,328 - INFO - Building stim pattern for pattern_name 878
2026-02-01 19:04:29,340 - INFO - Building stim pattern for pattern_name 2217
2026-02-01 19:04:29,351 - INFO - Building stim pattern for pattern_name 3043
2026-02-01 19:04:29,363 - INFO - Building stim pattern for pattern_name 2594
2026-02-01 19:04:29,373 - INFO - Building stim pattern for pattern_name 3670
2026-02-01 19:04:29,390 - INFO - Building stim pattern for pattern_name 3000
2026-02-01 19:04:29,402 - INFO - Building stim pattern for pattern_name 972
2026-02-01 19:04:29,419 - INFO - Building stim pattern for pattern_name 3955
2026-02-01 19:04:29,430 - INFO - Building stim pattern for pattern_name 936
2026-02-01 19:04:29,447 - INFO - Building stim pattern for pattern_name 2246
2026-02-01 19:04:29,460 - INFO - Building stim pattern for pattern_name 985
2026-02-01 19:04:29,470 - INFO - Building stim pattern for pattern_name 2772
2026-02-01 19:04:29,481 - INFO - Building stim pattern for pattern_name 645
2026-02-01 19:04:29,492 - INFO - Building stim pattern for pattern_name 3838
2026-02-01 19:04:29,501 - INFO - Building stim pattern for pattern_name 309
2026-02-01 19:04:29,513 - INFO - Building stim pattern for pattern_name 2250
2026-02-01 19:04:29,523 - INFO - Building stim pattern for pattern_name 1606
2026-02-01 19:04:29,533 - INFO - Building stim pattern for pattern_name 943
2026-02-01 19:04:29,544 - INFO - Building stim pattern for pattern_name 931
2026-02-01 19:04:29,554 - INFO - Building stim pattern for pattern_name 1543
2026-02-01 19:04:29,571 - INFO - Building stim pattern for pattern_name 2909
2026-02-01 19:04:29,582 - INFO - Building stim pattern for pattern_name 2117
2026-02-01 19:04:29,619 - INFO - Building stim pattern for pattern_name 3651
2026-02-01 19:04:29,676 - INFO - Building stim pattern for pattern_name 2253
2026-02-01 19:04:29,698 - INFO - Building stim pattern for pattern_name 33
2026-02-01 19:04:29,711 - INFO - Building stim pattern for pattern_name 153
2026-02-01 19:04:29,730 - INFO - Building stim pattern for pattern_name 3768
2026-02-01 19:04:29,747 - INFO - Building stim pattern for pattern_name 2080
2026-02-01 19:04:29,781 - INFO - Building stim pattern for pattern_name 1688
2026-02-01 19:04:29,793 - INFO - Building stim pattern for pattern_name 30
2026-02-01 19:04:29,804 - INFO - Building stim pattern for pattern_name 85
2026-02-01 19:04:29,815 - INFO - Building stim pattern for pattern_name 1260
2026-02-01 19:04:29,826 - INFO - Building stim pattern for pattern_name 973
2026-02-01 19:04:29,843 - INFO - Building stim pattern for pattern_name 3147
2026-02-01 19:04:29,854 - INFO - Building stim pattern for pattern_name 2574
2026-02-01 19:04:29,866 - INFO - Building stim pattern for pattern_name 1284
2026-02-01 19:04:29,877 - INFO - Building stim pattern for pattern_name 1928
2026-02-01 19:04:29,888 - INFO - Building stim pattern for pattern_name 829
2026-02-01 19:04:29,905 - INFO - Building stim pattern for pattern_name 1579
2026-02-01 19:04:29,922 - INFO - Building stim pattern for pattern_name 2948
2026-02-01 19:04:29,933 - INFO - Building stim pattern for pattern_name 2949
2026-02-01 19:04:29,943 - INFO - Building stim pattern for pattern_name 1700
2026-02-01 19:04:29,962 - INFO - Building stim pattern for pattern_name 1477
2026-02-01 19:04:29,974 - INFO - Building stim pattern for pattern_name 323
2026-02-01 19:04:29,991 - INFO - Building stim pattern for pattern_name 3269
2026-02-01 19:04:30,007 - INFO - Building stim pattern for pattern_name 3503
2026-02-01 19:04:30,018 - INFO - Building stim pattern for pattern_name 220
2026-02-01 19:04:30,029 - INFO - Building stim pattern for pattern_name 2862
2026-02-01 19:04:30,039 - INFO - Building stim pattern for pattern_name 2686
2026-02-01 19:04:30,050 - INFO - Building stim pattern for pattern_name 824
2026-02-01 19:04:30,060 - INFO - Building stim pattern for pattern_name 2541
2026-02-01 19:04:30,072 - INFO - Building stim pattern for pattern_name 2983
2026-02-01 19:04:30,082 - INFO - Building stim pattern for pattern_name 3482
2026-02-01 19:04:30,092 - INFO - Building stim pattern for pattern_name 2101
2026-02-01 19:04:30,103 - INFO - Building stim pattern for pattern_name 2642
2026-02-01 19:04:30,114 - INFO - Building stim pattern for pattern_name 1755
2026-02-01 19:04:30,129 - INFO - Building stim pattern for pattern_name 272
2026-02-01 19:04:30,153 - INFO - Building stim pattern for pattern_name 2794
2026-02-01 19:04:30,164 - INFO - Building stim pattern for pattern_name 3431
2026-02-01 19:04:30,174 - INFO - Building stim pattern for pattern_name 817
2026-02-01 19:04:30,183 - INFO - Building stim pattern for pattern_name 389
2026-02-01 19:04:30,194 - INFO - Building stim pattern for pattern_name 178
2026-02-01 19:04:30,205 - INFO - Building stim pattern for pattern_name 3812
2026-02-01 19:04:30,216 - INFO - Building stim pattern for pattern_name 860
2026-02-01 19:04:30,228 - INFO - Building stim pattern for pattern_name 671
2026-02-01 19:04:30,239 - INFO - Building stim pattern for pattern_name 826
2026-02-01 19:04:30,250 - INFO - Building stim pattern for pattern_name 2528
2026-02-01 19:04:30,261 - INFO - Building stim pattern for pattern_name 2436
2026-02-01 19:04:30,271 - INFO - Building stim pattern for pattern_name 1488
2026-02-01 19:04:30,291 - INFO - Building stim pattern for pattern_name 1493
2026-02-01 19:04:30,312 - INFO - Building stim pattern for pattern_name 823
2026-02-01 19:04:30,333 - INFO - Building stim pattern for pattern_name 237
2026-02-01 19:04:30,345 - INFO - Building stim pattern for pattern_name 2515
2026-02-01 19:04:30,359 - INFO - Building stim pattern for pattern_name 157
2026-02-01 19:04:30,370 - INFO - Building stim pattern for pattern_name 3570
2026-02-01 19:04:30,389 - INFO - Building stim pattern for pattern_name 2186
2026-02-01 19:04:30,400 - INFO - Building stim pattern for pattern_name 3748
2026-02-01 19:04:30,410 - INFO - Building stim pattern for pattern_name 3172
2026-02-01 19:04:30,423 - INFO - Building stim pattern for pattern_name 352
2026-02-01 19:04:30,433 - INFO - Building stim pattern for pattern_name 3550
2026-02-01 19:04:30,444 - INFO - Building stim pattern for pattern_name 3835
2026-02-01 19:04:30,455 - INFO - Building stim pattern for pattern_name 416
2026-02-01 19:04:30,466 - INFO - Building stim pattern for pattern_name 1617
2026-02-01 19:04:30,477 - INFO - Building stim pattern for pattern_name 508
2026-02-01 19:04:30,488 - INFO - Building stim pattern for pattern_name 2048
2026-02-01 19:04:30,500 - INFO - Building stim pattern for pattern_name 23
2026-02-01 19:04:30,510 - INFO - Building stim pattern for pattern_name 1769
2026-02-01 19:04:30,521 - INFO - Building stim pattern for pattern_name 712
2026-02-01 19:04:30,533 - INFO - Building stim pattern for pattern_name 1165
2026-02-01 19:04:30,544 - INFO - Building stim pattern for pattern_name 274
2026-02-01 19:04:30,556 - INFO - Building stim pattern for pattern_name 3541
2026-02-01 19:04:30,572 - INFO - Building stim pattern for pattern_name 3329
2026-02-01 19:04:30,584 - INFO - Building stim pattern for pattern_name 264
2026-02-01 19:04:30,595 - INFO - Building stim pattern for pattern_name 3639
2026-02-01 19:04:30,605 - INFO - Building stim pattern for pattern_name 2392
2026-02-01 19:04:30,616 - INFO - Building stim pattern for pattern_name 2057
2026-02-01 19:04:30,633 - INFO - Building stim pattern for pattern_name 1805
2026-02-01 19:04:30,643 - INFO - Building stim pattern for pattern_name 3971
2026-02-01 19:04:30,654 - INFO - Building stim pattern for pattern_name 3136
2026-02-01 19:04:30,665 - INFO - Building stim pattern for pattern_name 98
2026-02-01 19:04:30,683 - INFO - Building stim pattern for pattern_name 3001
2026-02-01 19:04:30,694 - INFO - Building stim pattern for pattern_name 2737
2026-02-01 19:04:30,704 - INFO - Building stim pattern for pattern_name 3282
2026-02-01 19:04:30,714 - INFO - Building stim pattern for pattern_name 2066
2026-02-01 19:04:30,725 - INFO - Building stim pattern for pattern_name 3829
2026-02-01 19:04:30,736 - INFO - Building stim pattern for pattern_name 1018
2026-02-01 19:04:30,747 - INFO - Building stim pattern for pattern_name 2164
2026-02-01 19:04:30,758 - INFO - Building stim pattern for pattern_name 3643
2026-02-01 19:04:30,770 - INFO - Building stim pattern for pattern_name 3623
2026-02-01 19:04:30,780 - INFO - Building stim pattern for pattern_name 239
2026-02-01 19:04:30,791 - INFO - Building stim pattern for pattern_name 1244
2026-02-01 19:04:30,801 - INFO - Building stim pattern for pattern_name 3753
2026-02-01 19:04:30,811 - INFO - Building stim pattern for pattern_name 1523
2026-02-01 19:04:30,822 - INFO - Building stim pattern for pattern_name 419
2026-02-01 19:04:30,838 - INFO - Building stim pattern for pattern_name 2859
2026-02-01 19:04:30,849 - INFO - Building stim pattern for pattern_name 2907
2026-02-01 19:04:30,860 - INFO - Building stim pattern for pattern_name 2050
2026-02-01 19:04:30,872 - INFO - Building stim pattern for pattern_name 3056
2026-02-01 19:04:30,894 - INFO - Building stim pattern for pattern_name 2838
2026-02-01 19:04:30,906 - INFO - Building stim pattern for pattern_name 839
2026-02-01 19:04:30,917 - INFO - Building stim pattern for pattern_name 1479
2026-02-01 19:04:31,012 - INFO - Building stim pattern for pattern_name 1433
2026-02-01 19:04:31,046 - INFO - Building stim pattern for pattern_name 3673
2026-02-01 19:04:31,060 - INFO - Building stim pattern for pattern_name 831
2026-02-01 19:04:31,072 - INFO - Building stim pattern for pattern_name 349
2026-02-01 19:04:31,082 - INFO - Building stim pattern for pattern_name 2054
2026-02-01 19:04:31,094 - INFO - Building stim pattern for pattern_name 1800
2026-02-01 19:04:31,104 - INFO - Building stim pattern for pattern_name 930
2026-02-01 19:04:31,114 - INFO - Building stim pattern for pattern_name 857
2026-02-01 19:04:31,125 - INFO - Building stim pattern for pattern_name 1664
2026-02-01 19:04:31,136 - INFO - Building stim pattern for pattern_name 3721
2026-02-01 19:04:31,146 - INFO - Building stim pattern for pattern_name 2778
2026-02-01 19:04:31,165 - INFO - Building stim pattern for pattern_name 2234
2026-02-01 19:04:31,175 - INFO - Building stim pattern for pattern_name 689
2026-02-01 19:04:31,186 - INFO - Building stim pattern for pattern_name 634
2026-02-01 19:04:31,204 - INFO - Building stim pattern for pattern_name 2236
2026-02-01 19:04:31,215 - INFO - Building stim pattern for pattern_name 3919
2026-02-01 19:04:31,225 - INFO - Building stim pattern for pattern_name 3167
2026-02-01 19:04:31,236 - INFO - Building stim pattern for pattern_name 3859
2026-02-01 19:04:31,247 - INFO - Building stim pattern for pattern_name 420
2026-02-01 19:04:31,261 - INFO - Building stim pattern for pattern_name 3258
2026-02-01 19:04:31,274 - INFO - Building stim pattern for pattern_name 2835
2026-02-01 19:04:31,284 - INFO - Building stim pattern for pattern_name 2359
2026-02-01 19:04:31,296 - INFO - Building stim pattern for pattern_name 1703
2026-02-01 19:04:31,309 - INFO - Building stim pattern for pattern_name 140
2026-02-01 19:04:31,323 - INFO - Building stim pattern for pattern_name 2300
2026-02-01 19:04:31,335 - INFO - Building stim pattern for pattern_name 1092
2026-02-01 19:04:31,352 - INFO - Building stim pattern for pattern_name 2432
2026-02-01 19:04:31,369 - INFO - Building stim pattern for pattern_name 2000
2026-02-01 19:04:31,388 - INFO - Building stim pattern for pattern_name 3059
2026-02-01 19:04:31,404 - INFO - Building stim pattern for pattern_name 3980
2026-02-01 19:04:31,417 - INFO - Building stim pattern for pattern_name 1668
2026-02-01 19:04:31,432 - INFO - Building stim pattern for pattern_name 457
2026-02-01 19:04:31,452 - INFO - Building stim pattern for pattern_name 3979
2026-02-01 19:04:31,464 - INFO - Building stim pattern for pattern_name 3085
2026-02-01 19:04:31,483 - INFO - Building stim pattern for pattern_name 3655
2026-02-01 19:04:31,503 - INFO - Building stim pattern for pattern_name 983
2026-02-01 19:04:31,514 - INFO - Building stim pattern for pattern_name 2973
2026-02-01 19:04:31,527 - INFO - Building stim pattern for pattern_name 1400
2026-02-01 19:04:31,538 - INFO - Building stim pattern for pattern_name 2124
2026-02-01 19:04:31,555 - INFO - Building stim pattern for pattern_name 2990
2026-02-01 19:04:31,566 - INFO - Building stim pattern for pattern_name 3669
2026-02-01 19:04:31,577 - INFO - Building stim pattern for pattern_name 3950
2026-02-01 19:04:31,588 - INFO - Building stim pattern for pattern_name 1594
2026-02-01 19:04:31,601 - INFO - Building stim pattern for pattern_name 3875
2026-02-01 19:04:31,614 - INFO - Building stim pattern for pattern_name 934
2026-02-01 19:04:31,631 - INFO - Building stim pattern for pattern_name 3615
2026-02-01 19:04:31,663 - INFO - Building stim pattern for pattern_name 1941
2026-02-01 19:04:31,676 - INFO - Building stim pattern for pattern_name 129
2026-02-01 19:04:31,688 - INFO - Building stim pattern for pattern_name 2663
2026-02-01 19:04:31,699 - INFO - Building stim pattern for pattern_name 2543
2026-02-01 19:04:31,712 - INFO - Building stim pattern for pattern_name 2309
2026-02-01 19:04:31,724 - INFO - Building stim pattern for pattern_name 795
2026-02-01 19:04:31,736 - INFO - Building stim pattern for pattern_name 1713
2026-02-01 19:04:31,748 - INFO - Building stim pattern for pattern_name 3264
2026-02-01 19:04:31,761 - INFO - Building stim pattern for pattern_name 3158
2026-02-01 19:04:31,778 - INFO - Building stim pattern for pattern_name 515
2026-02-01 19:04:31,794 - INFO - Building stim pattern for pattern_name 1946
2026-02-01 19:04:31,805 - INFO - Building stim pattern for pattern_name 3625
2026-02-01 19:04:31,816 - INFO - Building stim pattern for pattern_name 436
2026-02-01 19:04:31,827 - INFO - Building stim pattern for pattern_name 2160
2026-02-01 19:04:31,845 - INFO - Building stim pattern for pattern_name 2443
2026-02-01 19:04:31,857 - INFO - Building stim pattern for pattern_name 2320
2026-02-01 19:04:31,868 - INFO - Building stim pattern for pattern_name 3769
2026-02-01 19:04:31,881 - INFO - Building stim pattern for pattern_name 1986
2026-02-01 19:04:31,891 - INFO - Building stim pattern for pattern_name 1598
2026-02-01 19:04:31,903 - INFO - Building stim pattern for pattern_name 36
2026-02-01 19:04:31,918 - INFO - Building stim pattern for pattern_name 1009
2026-02-01 19:04:31,940 - INFO - Building stim pattern for pattern_name 55
2026-02-01 19:04:31,953 - INFO - Building stim pattern for pattern_name 64
2026-02-01 19:04:31,966 - INFO - Building stim pattern for pattern_name 2386
2026-02-01 19:04:31,978 - INFO - Building stim pattern for pattern_name 1224
2026-02-01 19:04:31,992 - INFO - Building stim pattern for pattern_name 3920
2026-02-01 19:04:32,004 - INFO - Building stim pattern for pattern_name 1342
2026-02-01 19:04:32,013 - INFO - Building stim pattern for pattern_name 3764
2026-02-01 19:04:32,026 - INFO - Building stim pattern for pattern_name 3566
2026-02-01 19:04:32,037 - INFO - Building stim pattern for pattern_name 3872
2026-02-01 19:04:32,057 - INFO - Building stim pattern for pattern_name 2637
2026-02-01 19:04:32,069 - INFO - Building stim pattern for pattern_name 2429
2026-02-01 19:04:32,082 - INFO - Building stim pattern for pattern_name 3427
2026-02-01 19:04:32,201 - INFO - Building stim pattern for pattern_name 2279
2026-02-01 19:04:32,227 - INFO - Building stim pattern for pattern_name 1887
2026-02-01 19:04:32,265 - INFO - Building stim pattern for pattern_name 2726
2026-02-01 19:04:32,277 - INFO - Building stim pattern for pattern_name 2943
2026-02-01 19:04:32,288 - INFO - Building stim pattern for pattern_name 2399
2026-02-01 19:04:32,298 - INFO - Building stim pattern for pattern_name 1631
2026-02-01 19:04:32,317 - INFO - Building stim pattern for pattern_name 3057
2026-02-01 19:04:32,327 - INFO - Building stim pattern for pattern_name 3418
2026-02-01 19:04:32,345 - INFO - Building stim pattern for pattern_name 1414
2026-02-01 19:04:32,357 - INFO - Building stim pattern for pattern_name 2677
2026-02-01 19:04:32,367 - INFO - Building stim pattern for pattern_name 3401
2026-02-01 19:04:32,377 - INFO - Building stim pattern for pattern_name 2107
2026-02-01 19:04:32,388 - INFO - Building stim pattern for pattern_name 1145
2026-02-01 19:04:32,407 - INFO - Building stim pattern for pattern_name 1288
2026-02-01 19:04:32,418 - INFO - Building stim pattern for pattern_name 2125
2026-02-01 19:04:32,428 - INFO - Building stim pattern for pattern_name 3858
2026-02-01 19:04:32,439 - INFO - Building stim pattern for pattern_name 2418
2026-02-01 19:04:32,449 - INFO - Building stim pattern for pattern_name 2860
2026-02-01 19:04:32,473 - INFO - Building stim pattern for pattern_name 2230
2026-02-01 19:04:32,485 - INFO - Building stim pattern for pattern_name 53
2026-02-01 19:04:32,494 - INFO - Building stim pattern for pattern_name 1669
2026-02-01 19:04:32,505 - INFO - Building stim pattern for pattern_name 2667
2026-02-01 19:04:32,515 - INFO - Building stim pattern for pattern_name 104
2026-02-01 19:04:32,526 - INFO - Building stim pattern for pattern_name 2271
2026-02-01 19:04:32,537 - INFO - Building stim pattern for pattern_name 2892
2026-02-01 19:04:32,548 - INFO - Building stim pattern for pattern_name 601
2026-02-01 19:04:32,558 - INFO - Building stim pattern for pattern_name 2210
2026-02-01 19:04:32,583 - INFO - Building stim pattern for pattern_name 879
2026-02-01 19:04:32,593 - INFO - Building stim pattern for pattern_name 1481
2026-02-01 19:04:32,606 - INFO - Building stim pattern for pattern_name 3688
2026-02-01 19:04:32,618 - INFO - Building stim pattern for pattern_name 527
2026-02-01 19:04:32,634 - INFO - Building stim pattern for pattern_name 955
2026-02-01 19:04:32,644 - INFO - Building stim pattern for pattern_name 1621
2026-02-01 19:04:32,656 - INFO - Building stim pattern for pattern_name 1437
2026-02-01 19:04:32,667 - INFO - Building stim pattern for pattern_name 1614
2026-02-01 19:04:32,684 - INFO - Building stim pattern for pattern_name 112
2026-02-01 19:04:32,701 - INFO - Building stim pattern for pattern_name 2157
2026-02-01 19:04:32,712 - INFO - Building stim pattern for pattern_name 3809
2026-02-01 19:04:32,722 - INFO - Building stim pattern for pattern_name 1195
2026-02-01 19:04:32,732 - INFO - Building stim pattern for pattern_name 1267
2026-02-01 19:04:32,750 - INFO - Building stim pattern for pattern_name 3885
2026-02-01 19:04:32,761 - INFO - Building stim pattern for pattern_name 1049
2026-02-01 19:04:32,772 - INFO - Building stim pattern for pattern_name 2264
2026-02-01 19:04:32,782 - INFO - Building stim pattern for pattern_name 2603
2026-02-01 19:04:32,793 - INFO - Building stim pattern for pattern_name 2488
2026-02-01 19:04:32,805 - INFO - Building stim pattern for pattern_name 1280
2026-02-01 19:04:32,823 - INFO - Building stim pattern for pattern_name 2203
2026-02-01 19:04:32,834 - INFO - Building stim pattern for pattern_name 653
2026-02-01 19:04:32,846 - INFO - Building stim pattern for pattern_name 3600
2026-02-01 19:04:32,855 - INFO - Building stim pattern for pattern_name 1610
2026-02-01 19:04:32,865 - INFO - Building stim pattern for pattern_name 1540
2026-02-01 19:04:32,877 - INFO - Building stim pattern for pattern_name 2182
2026-02-01 19:04:32,894 - INFO - Building stim pattern for pattern_name 1976
2026-02-01 19:04:32,905 - INFO - Building stim pattern for pattern_name 1924
2026-02-01 19:04:32,923 - INFO - Building stim pattern for pattern_name 1630
2026-02-01 19:04:32,933 - INFO - Building stim pattern for pattern_name 521
2026-02-01 19:04:32,952 - INFO - Building stim pattern for pattern_name 1374
2026-02-01 19:04:32,971 - INFO - Building stim pattern for pattern_name 1932
2026-02-01 19:04:32,982 - INFO - Building stim pattern for pattern_name 694
2026-02-01 19:04:32,994 - INFO - Building stim pattern for pattern_name 2965
2026-02-01 19:04:33,005 - INFO - Building stim pattern for pattern_name 3358
2026-02-01 19:04:33,022 - INFO - Building stim pattern for pattern_name 2004
2026-02-01 19:04:33,044 - INFO - Building stim pattern for pattern_name 2578
2026-02-01 19:04:33,054 - INFO - Building stim pattern for pattern_name 2814
2026-02-01 19:04:33,065 - INFO - Building stim pattern for pattern_name 3974
2026-02-01 19:04:33,079 - INFO - Building stim pattern for pattern_name 3118
2026-02-01 19:04:33,098 - INFO - Building stim pattern for pattern_name 641
2026-02-01 19:04:33,113 - INFO - Building stim pattern for pattern_name 3516
2026-02-01 19:04:33,137 - INFO - Building stim pattern for pattern_name 1182
2026-02-01 19:04:33,150 - INFO - Building stim pattern for pattern_name 2694
2026-02-01 19:04:33,163 - INFO - Building stim pattern for pattern_name 3173
2026-02-01 19:04:33,176 - INFO - Building stim pattern for pattern_name 3565
2026-02-01 19:04:33,187 - INFO - Building stim pattern for pattern_name 2992
2026-02-01 19:04:33,198 - INFO - Building stim pattern for pattern_name 236
2026-02-01 19:04:33,209 - INFO - Building stim pattern for pattern_name 1238
2026-02-01 19:04:33,228 - INFO - Building stim pattern for pattern_name 321
2026-02-01 19:04:33,238 - INFO - Building stim pattern for pattern_name 3752
2026-02-01 19:04:33,258 - INFO - Building stim pattern for pattern_name 2779
2026-02-01 19:04:33,270 - INFO - Building stim pattern for pattern_name 1595
2026-02-01 19:04:33,288 - INFO - Building stim pattern for pattern_name 3637
2026-02-01 19:04:33,298 - INFO - Building stim pattern for pattern_name 511
2026-02-01 19:04:33,326 - INFO - Building stim pattern for pattern_name 2599
2026-02-01 19:04:33,336 - INFO - Building stim pattern for pattern_name 975
2026-02-01 19:04:33,349 - INFO - Building stim pattern for pattern_name 3190
2026-02-01 19:04:33,362 - INFO - Building stim pattern for pattern_name 3291
2026-02-01 19:04:33,375 - INFO - Building stim pattern for pattern_name 2763
2026-02-01 19:04:33,395 - INFO - Building stim pattern for pattern_name 2223
2026-02-01 19:04:33,407 - INFO - Building stim pattern for pattern_name 1430
2026-02-01 19:04:33,482 - INFO - Building stim pattern for pattern_name 2454
2026-02-01 19:04:33,548 - INFO - Building stim pattern for pattern_name 3017
2026-02-01 19:04:33,579 - INFO - Building stim pattern for pattern_name 646
2026-02-01 19:04:33,591 - INFO - Building stim pattern for pattern_name 497
2026-02-01 19:04:33,603 - INFO - Building stim pattern for pattern_name 1743
2026-02-01 19:04:33,615 - INFO - Building stim pattern for pattern_name 2034
2026-02-01 19:04:33,627 - INFO - Building stim pattern for pattern_name 1459
2026-02-01 19:04:33,638 - INFO - Building stim pattern for pattern_name 3241
2026-02-01 19:04:33,660 - INFO - Building stim pattern for pattern_name 3883
2026-02-01 19:04:33,674 - INFO - Building stim pattern for pattern_name 67
2026-02-01 19:04:33,685 - INFO - Building stim pattern for pattern_name 3871
2026-02-01 19:04:33,703 - INFO - Building stim pattern for pattern_name 1413
2026-02-01 19:04:33,779 - INFO - Building stim pattern for pattern_name 1758
2026-02-01 19:04:33,801 - INFO - Building stim pattern for pattern_name 2836
2026-02-01 19:04:33,822 - INFO - Building stim pattern for pattern_name 423
2026-02-01 19:04:33,837 - INFO - Building stim pattern for pattern_name 475
2026-02-01 19:04:33,848 - INFO - Building stim pattern for pattern_name 1640
2026-02-01 19:04:33,861 - INFO - Building stim pattern for pattern_name 132
2026-02-01 19:04:33,875 - INFO - Building stim pattern for pattern_name 1135
2026-02-01 19:04:33,897 - INFO - Building stim pattern for pattern_name 2510
2026-02-01 19:04:33,909 - INFO - Building stim pattern for pattern_name 1258
2026-02-01 19:04:33,919 - INFO - Building stim pattern for pattern_name 337
2026-02-01 19:04:33,945 - INFO - Building stim pattern for pattern_name 2595
2026-02-01 19:04:33,957 - INFO - Building stim pattern for pattern_name 1765
2026-02-01 19:04:33,969 - INFO - Building stim pattern for pattern_name 580
2026-02-01 19:04:33,981 - INFO - Building stim pattern for pattern_name 3895
2026-02-01 19:04:33,993 - INFO - Building stim pattern for pattern_name 2170
2026-02-01 19:04:34,004 - INFO - Building stim pattern for pattern_name 2394
2026-02-01 19:04:34,015 - INFO - Building stim pattern for pattern_name 3276
2026-02-01 19:04:34,026 - INFO - Building stim pattern for pattern_name 798
2026-02-01 19:04:34,044 - INFO - Building stim pattern for pattern_name 2706
2026-02-01 19:04:34,061 - INFO - Building stim pattern for pattern_name 2557
2026-02-01 19:04:34,074 - INFO - Building stim pattern for pattern_name 3606
2026-02-01 19:04:34,088 - INFO - Building stim pattern for pattern_name 2356
2026-02-01 19:04:34,099 - INFO - Building stim pattern for pattern_name 455
2026-02-01 19:04:34,112 - INFO - Building stim pattern for pattern_name 3335
2026-02-01 19:04:34,122 - INFO - Building stim pattern for pattern_name 1173
2026-02-01 19:04:34,134 - INFO - Building stim pattern for pattern_name 494
2026-02-01 19:04:34,145 - INFO - Building stim pattern for pattern_name 1973
2026-02-01 19:04:34,158 - INFO - Building stim pattern for pattern_name 2155
2026-02-01 19:04:34,169 - INFO - Building stim pattern for pattern_name 3801
2026-02-01 19:04:34,180 - INFO - Building stim pattern for pattern_name 2349
2026-02-01 19:04:34,191 - INFO - Building stim pattern for pattern_name 1130
2026-02-01 19:04:34,202 - INFO - Building stim pattern for pattern_name 968
2026-02-01 19:04:34,212 - INFO - Building stim pattern for pattern_name 1184
2026-02-01 19:04:34,224 - INFO - Building stim pattern for pattern_name 3124
2026-02-01 19:04:34,235 - INFO - Building stim pattern for pattern_name 1005
2026-02-01 19:04:34,246 - INFO - Building stim pattern for pattern_name 3132
2026-02-01 19:04:34,259 - INFO - Building stim pattern for pattern_name 453
2026-02-01 19:04:34,271 - INFO - Building stim pattern for pattern_name 3725
2026-02-01 19:04:34,282 - INFO - Building stim pattern for pattern_name 545
2026-02-01 19:04:34,295 - INFO - Building stim pattern for pattern_name 1084
2026-02-01 19:04:34,306 - INFO - Building stim pattern for pattern_name 2192
2026-02-01 19:04:34,321 - INFO - Building stim pattern for pattern_name 2384
2026-02-01 19:04:34,342 - INFO - Building stim pattern for pattern_name 3230
2026-02-01 19:04:34,358 - INFO - Building stim pattern for pattern_name 2956
2026-02-01 19:04:34,371 - INFO - Building stim pattern for pattern_name 1336
2026-02-01 19:04:34,385 - INFO - Building stim pattern for pattern_name 223
2026-02-01 19:04:34,412 - INFO - Building stim pattern for pattern_name 2281
2026-02-01 19:04:34,432 - INFO - Building stim pattern for pattern_name 233
2026-02-01 19:04:34,448 - INFO - Building stim pattern for pattern_name 2483
2026-02-01 19:04:34,475 - INFO - Building stim pattern for pattern_name 1232
2026-02-01 19:04:34,487 - INFO - Building stim pattern for pattern_name 581
2026-02-01 19:04:34,517 - INFO - Building stim pattern for pattern_name 3923
2026-02-01 19:04:34,532 - INFO - Building stim pattern for pattern_name 353
2026-02-01 19:04:34,546 - INFO - Building stim pattern for pattern_name 1240
2026-02-01 19:04:34,559 - INFO - Building stim pattern for pattern_name 2112
2026-02-01 19:04:34,571 - INFO - Building stim pattern for pattern_name 2628
2026-02-01 19:04:34,584 - INFO - Building stim pattern for pattern_name 923
2026-02-01 19:04:34,595 - INFO - Building stim pattern for pattern_name 1531
2026-02-01 19:04:34,606 - INFO - Building stim pattern for pattern_name 542
2026-02-01 19:04:34,618 - INFO - Building stim pattern for pattern_name 3148
2026-02-01 19:04:34,630 - INFO - Building stim pattern for pattern_name 1350
2026-02-01 19:04:34,641 - INFO - Building stim pattern for pattern_name 2330
2026-02-01 19:04:34,661 - INFO - Building stim pattern for pattern_name 3901
2026-02-01 19:04:34,672 - INFO - Building stim pattern for pattern_name 1506
2026-02-01 19:04:34,684 - INFO - Building stim pattern for pattern_name 2751
2026-02-01 19:04:34,697 - INFO - Building stim pattern for pattern_name 2494
2026-02-01 19:04:34,707 - INFO - Building stim pattern for pattern_name 2313
2026-02-01 19:04:34,718 - INFO - Building stim pattern for pattern_name 433
2026-02-01 19:04:34,735 - INFO - Building stim pattern for pattern_name 859
2026-02-01 19:04:34,753 - INFO - Building stim pattern for pattern_name 3909
2026-02-01 19:04:34,764 - INFO - Building stim pattern for pattern_name 3822
2026-02-01 19:04:34,777 - INFO - Building stim pattern for pattern_name 3048
2026-02-01 19:04:34,787 - INFO - Building stim pattern for pattern_name 979
2026-02-01 19:04:34,798 - INFO - Building stim pattern for pattern_name 3096
2026-02-01 19:04:34,810 - INFO - Building stim pattern for pattern_name 2661
2026-02-01 19:04:34,823 - INFO - Building stim pattern for pattern_name 1724
2026-02-01 19:04:34,834 - INFO - Building stim pattern for pattern_name 1157
2026-02-01 19:04:34,854 - INFO - Building stim pattern for pattern_name 3103
2026-02-01 19:04:34,864 - INFO - Building stim pattern for pattern_name 1856
2026-02-01 19:04:34,883 - INFO - Building stim pattern for pattern_name 5
2026-02-01 19:04:34,900 - INFO - Building stim pattern for pattern_name 1861
2026-02-01 19:04:34,913 - INFO - Building stim pattern for pattern_name 3996
2026-02-01 19:04:34,927 - INFO - Building stim pattern for pattern_name 3071
2026-02-01 19:04:34,946 - INFO - Building stim pattern for pattern_name 2522
2026-02-01 19:04:34,972 - INFO - Building stim pattern for pattern_name 3405
2026-02-01 19:04:34,984 - INFO - Building stim pattern for pattern_name 1960
2026-02-01 19:04:34,995 - INFO - Building stim pattern for pattern_name 988
2026-02-01 19:04:35,008 - INFO - Building stim pattern for pattern_name 2444
2026-02-01 19:04:35,020 - INFO - Building stim pattern for pattern_name 1893
2026-02-01 19:04:35,032 - INFO - Building stim pattern for pattern_name 3740
2026-02-01 19:04:35,046 - INFO - Building stim pattern for pattern_name 1709
2026-02-01 19:04:35,058 - INFO - Building stim pattern for pattern_name 1281
2026-02-01 19:04:35,077 - INFO - Building stim pattern for pattern_name 2062
2026-02-01 19:04:35,087 - INFO - Building stim pattern for pattern_name 1168
2026-02-01 19:04:35,100 - INFO - Building stim pattern for pattern_name 2467
2026-02-01 19:04:35,111 - INFO - Building stim pattern for pattern_name 1102
2026-02-01 19:04:35,123 - INFO - Building stim pattern for pattern_name 444
2026-02-01 19:04:35,135 - INFO - Building stim pattern for pattern_name 691
2026-02-01 19:04:35,147 - INFO - Building stim pattern for pattern_name 339
2026-02-01 19:04:35,160 - INFO - Building stim pattern for pattern_name 2573
2026-02-01 19:04:35,171 - INFO - Building stim pattern for pattern_name 1855
2026-02-01 19:04:35,184 - INFO - Building stim pattern for pattern_name 1341
2026-02-01 19:04:35,202 - INFO - Building stim pattern for pattern_name 2563
2026-02-01 19:04:35,213 - INFO - Building stim pattern for pattern_name 2930
2026-02-01 19:04:35,227 - INFO - Building stim pattern for pattern_name 3661
2026-02-01 19:04:35,246 - INFO - Building stim pattern for pattern_name 800
2026-02-01 19:04:35,259 - INFO - Building stim pattern for pattern_name 1285
2026-02-01 19:04:35,280 - INFO - Building stim pattern for pattern_name 76
2026-02-01 19:04:35,292 - INFO - Building stim pattern for pattern_name 1239
2026-02-01 19:04:35,305 - INFO - Building stim pattern for pattern_name 1440
2026-02-01 19:04:35,318 - INFO - Building stim pattern for pattern_name 588
2026-02-01 19:04:35,331 - INFO - Building stim pattern for pattern_name 1248
2026-02-01 19:04:35,346 - INFO - Building stim pattern for pattern_name 2095
2026-02-01 19:04:35,359 - INFO - Building stim pattern for pattern_name 256
2026-02-01 19:04:35,372 - INFO - Building stim pattern for pattern_name 3199
2026-02-01 19:04:35,384 - INFO - Building stim pattern for pattern_name 3628
2026-02-01 19:04:35,396 - INFO - Building stim pattern for pattern_name 1934
2026-02-01 19:04:35,410 - INFO - Building stim pattern for pattern_name 3842
2026-02-01 19:04:35,423 - INFO - Building stim pattern for pattern_name 877
2026-02-01 19:04:35,436 - INFO - Building stim pattern for pattern_name 2876
2026-02-01 19:04:35,448 - INFO - Building stim pattern for pattern_name 3798
2026-02-01 19:04:35,459 - INFO - Building stim pattern for pattern_name 212
2026-02-01 19:04:35,470 - INFO - Building stim pattern for pattern_name 1502
2026-02-01 19:04:35,481 - INFO - Building stim pattern for pattern_name 3441
2026-02-01 19:04:35,492 - INFO - Building stim pattern for pattern_name 1287
2026-02-01 19:04:35,504 - INFO - Building stim pattern for pattern_name 1569
2026-02-01 19:04:35,515 - INFO - Building stim pattern for pattern_name 663
2026-02-01 19:04:35,529 - INFO - Building stim pattern for pattern_name 875
2026-02-01 19:04:35,543 - INFO - Building stim pattern for pattern_name 2491
2026-02-01 19:04:35,556 - INFO - Building stim pattern for pattern_name 460
2026-02-01 19:04:35,577 - INFO - Building stim pattern for pattern_name 3905
2026-02-01 19:04:35,589 - INFO - Building stim pattern for pattern_name 1933
2026-02-01 19:04:35,600 - INFO - Building stim pattern for pattern_name 3935
2026-02-01 19:04:35,612 - INFO - Building stim pattern for pattern_name 1382
2026-02-01 19:04:35,623 - INFO - Building stim pattern for pattern_name 6
2026-02-01 19:04:35,635 - INFO - Building stim pattern for pattern_name 574
2026-02-01 19:04:35,648 - INFO - Building stim pattern for pattern_name 3774
2026-02-01 19:04:35,660 - INFO - Building stim pattern for pattern_name 185
2026-02-01 19:04:35,672 - INFO - Building stim pattern for pattern_name 1178
2026-02-01 19:04:35,696 - INFO - Building stim pattern for pattern_name 3481
2026-02-01 19:04:35,711 - INFO - Building stim pattern for pattern_name 1572
2026-02-01 19:04:35,724 - INFO - Building stim pattern for pattern_name 2496
2026-02-01 19:04:35,736 - INFO - Building stim pattern for pattern_name 912
2026-02-01 19:04:35,748 - INFO - Building stim pattern for pattern_name 183
2026-02-01 19:04:35,759 - INFO - Building stim pattern for pattern_name 844
2026-02-01 19:04:35,779 - INFO - Building stim pattern for pattern_name 2716
2026-02-01 19:04:35,812 - INFO - Building stim pattern for pattern_name 2734
2026-02-01 19:04:35,827 - INFO - Building stim pattern for pattern_name 618
2026-02-01 19:04:35,839 - INFO - Building stim pattern for pattern_name 332
2026-02-01 19:04:35,851 - INFO - Building stim pattern for pattern_name 2078
2026-02-01 19:04:35,871 - INFO - Building stim pattern for pattern_name 1754
2026-02-01 19:04:35,883 - INFO - Building stim pattern for pattern_name 1756
2026-02-01 19:04:35,895 - INFO - Building stim pattern for pattern_name 1512
2026-02-01 19:04:35,917 - INFO - Building stim pattern for pattern_name 24
2026-02-01 19:04:35,931 - INFO - Building stim pattern for pattern_name 146
2026-02-01 19:04:35,948 - INFO - Building stim pattern for pattern_name 721
2026-02-01 19:04:35,967 - INFO - Building stim pattern for pattern_name 3808
2026-02-01 19:04:35,984 - INFO - Building stim pattern for pattern_name 2910
2026-02-01 19:04:36,001 - INFO - Building stim pattern for pattern_name 3605
2026-02-01 19:04:36,018 - INFO - Building stim pattern for pattern_name 3020
2026-02-01 19:04:36,036 - INFO - Building stim pattern for pattern_name 472
2026-02-01 19:04:36,057 - INFO - Building stim pattern for pattern_name 2303
2026-02-01 19:04:36,076 - INFO - Building stim pattern for pattern_name 3143
2026-02-01 19:04:36,088 - INFO - Building stim pattern for pattern_name 1462
2026-02-01 19:04:36,104 - INFO - Building stim pattern for pattern_name 245
2026-02-01 19:04:36,117 - INFO - Building stim pattern for pattern_name 3150
2026-02-01 19:04:36,128 - INFO - Building stim pattern for pattern_name 525
2026-02-01 19:04:36,146 - INFO - Building stim pattern for pattern_name 2098
2026-02-01 19:04:36,157 - INFO - Building stim pattern for pattern_name 1613
2026-02-01 19:04:36,176 - INFO - Building stim pattern for pattern_name 3468
2026-02-01 19:04:36,187 - INFO - Building stim pattern for pattern_name 3583
2026-02-01 19:04:36,200 - INFO - Building stim pattern for pattern_name 1841
2026-02-01 19:04:36,213 - INFO - Building stim pattern for pattern_name 657
2026-02-01 19:04:36,227 - INFO - Building stim pattern for pattern_name 2954
2026-02-01 19:04:36,239 - INFO - Building stim pattern for pattern_name 2727
2026-02-01 19:04:36,260 - INFO - Building stim pattern for pattern_name 1223
2026-02-01 19:04:36,277 - INFO - Building stim pattern for pattern_name 318
2026-02-01 19:04:36,288 - INFO - Building stim pattern for pattern_name 614
2026-02-01 19:04:36,301 - INFO - Building stim pattern for pattern_name 2065
2026-02-01 19:04:36,312 - INFO - Building stim pattern for pattern_name 2711
2026-02-01 19:04:36,330 - INFO - Building stim pattern for pattern_name 1868
2026-02-01 19:04:36,341 - INFO - Building stim pattern for pattern_name 802
2026-02-01 19:04:36,352 - INFO - Building stim pattern for pattern_name 2850
2026-02-01 19:04:36,364 - INFO - Building stim pattern for pattern_name 3106
2026-02-01 19:04:36,383 - INFO - Building stim pattern for pattern_name 3271
2026-02-01 19:04:36,394 - INFO - Building stim pattern for pattern_name 3951
2026-02-01 19:04:36,413 - INFO - Building stim pattern for pattern_name 1077
2026-02-01 19:04:36,427 - INFO - Building stim pattern for pattern_name 960
2026-02-01 19:04:36,448 - INFO - Building stim pattern for pattern_name 3489
2026-02-01 19:04:36,461 - INFO - Building stim pattern for pattern_name 2809
2026-02-01 19:04:36,473 - INFO - Building stim pattern for pattern_name 917
2026-02-01 19:04:36,485 - INFO - Building stim pattern for pattern_name 1991
2026-02-01 19:04:36,495 - INFO - Building stim pattern for pattern_name 3987
2026-02-01 19:04:36,521 - INFO - Building stim pattern for pattern_name 3308
2026-02-01 19:04:36,533 - INFO - Building stim pattern for pattern_name 1014
2026-02-01 19:04:36,546 - INFO - Building stim pattern for pattern_name 1054
2026-02-01 19:04:36,560 - INFO - Building stim pattern for pattern_name 937
2026-02-01 19:04:36,570 - INFO - Building stim pattern for pattern_name 127
2026-02-01 19:04:36,584 - INFO - Building stim pattern for pattern_name 1063
2026-02-01 19:04:36,605 - INFO - Building stim pattern for pattern_name 179
2026-02-01 19:04:36,618 - INFO - Building stim pattern for pattern_name 409
2026-02-01 19:04:36,631 - INFO - Building stim pattern for pattern_name 2659
2026-02-01 19:04:36,643 - INFO - Building stim pattern for pattern_name 1561
2026-02-01 19:04:36,655 - INFO - Building stim pattern for pattern_name 1624
2026-02-01 19:04:36,668 - INFO - Building stim pattern for pattern_name 3751
2026-02-01 19:04:36,684 - INFO - Building stim pattern for pattern_name 3426
2026-02-01 19:04:36,713 - INFO - Building stim pattern for pattern_name 849
2026-02-01 19:04:36,726 - INFO - Building stim pattern for pattern_name 3710
2026-02-01 19:04:36,737 - INFO - Building stim pattern for pattern_name 1936
2026-02-01 19:04:36,755 - INFO - Building stim pattern for pattern_name 3177
2026-02-01 19:04:36,765 - INFO - Building stim pattern for pattern_name 3862
2026-02-01 19:04:36,776 - INFO - Building stim pattern for pattern_name 3104
2026-02-01 19:04:36,790 - INFO - Building stim pattern for pattern_name 2010
2026-02-01 19:04:36,807 - INFO - Building stim pattern for pattern_name 15
2026-02-01 19:04:36,833 - INFO - Building stim pattern for pattern_name 488
2026-02-01 19:04:36,860 - INFO - Building stim pattern for pattern_name 507
2026-02-01 19:04:36,875 - INFO - Building stim pattern for pattern_name 1670
2026-02-01 19:04:36,889 - INFO - Building stim pattern for pattern_name 3207
2026-02-01 19:04:36,908 - INFO - Building stim pattern for pattern_name 3350
2026-02-01 19:04:36,924 - INFO - Building stim pattern for pattern_name 518
2026-02-01 19:04:36,942 - INFO - Building stim pattern for pattern_name 1536
2026-02-01 19:04:36,955 - INFO - Building stim pattern for pattern_name 3707
2026-02-01 19:04:36,970 - INFO - Building stim pattern for pattern_name 2658
2026-02-01 19:04:36,985 - INFO - Building stim pattern for pattern_name 3648
2026-02-01 19:04:36,997 - INFO - Building stim pattern for pattern_name 4000
2026-02-01 19:04:37,009 - INFO - Building stim pattern for pattern_name 3353
2026-02-01 19:04:37,023 - INFO - Building stim pattern for pattern_name 1172
2026-02-01 19:04:37,036 - INFO - Building stim pattern for pattern_name 1270
2026-02-01 19:04:37,048 - INFO - Building stim pattern for pattern_name 281
2026-02-01 19:04:37,060 - INFO - Building stim pattern for pattern_name 579
2026-02-01 19:04:37,076 - INFO - Building stim pattern for pattern_name 3125
2026-02-01 19:04:37,097 - INFO - Building stim pattern for pattern_name 273
2026-02-01 19:04:37,110 - INFO - Building stim pattern for pattern_name 1313
2026-02-01 19:04:37,125 - INFO - Building stim pattern for pattern_name 1345
2026-02-01 19:04:37,140 - INFO - Building stim pattern for pattern_name 888
2026-02-01 19:04:37,154 - INFO - Building stim pattern for pattern_name 2523
2026-02-01 19:04:37,167 - INFO - Building stim pattern for pattern_name 2855
2026-02-01 19:04:37,180 - INFO - Building stim pattern for pattern_name 2527
2026-02-01 19:04:37,194 - INFO - Building stim pattern for pattern_name 2546
2026-02-01 19:04:37,207 - INFO - Building stim pattern for pattern_name 3930
2026-02-01 19:04:37,220 - INFO - Building stim pattern for pattern_name 2174
2026-02-01 19:04:37,241 - INFO - Building stim pattern for pattern_name 2134
2026-02-01 19:04:37,256 - INFO - Building stim pattern for pattern_name 2213
2026-02-01 19:04:37,270 - INFO - Building stim pattern for pattern_name 2291
2026-02-01 19:04:37,284 - INFO - Building stim pattern for pattern_name 3530
2026-02-01 19:04:37,306 - INFO - Building stim pattern for pattern_name 2169
2026-02-01 19:04:37,319 - INFO - Building stim pattern for pattern_name 2657
2026-02-01 19:04:37,335 - INFO - Building stim pattern for pattern_name 3533
2026-02-01 19:04:37,348 - INFO - Building stim pattern for pattern_name 3474
2026-02-01 19:04:37,362 - INFO - Building stim pattern for pattern_name 125
2026-02-01 19:04:37,383 - INFO - Building stim pattern for pattern_name 3300
2026-02-01 19:04:37,395 - INFO - Building stim pattern for pattern_name 3209
2026-02-01 19:04:37,414 - INFO - Building stim pattern for pattern_name 668
2026-02-01 19:04:37,430 - INFO - Building stim pattern for pattern_name 1823
2026-02-01 19:04:37,443 - INFO - Building stim pattern for pattern_name 1786
2026-02-01 19:04:37,456 - INFO - Building stim pattern for pattern_name 31
2026-02-01 19:04:37,468 - INFO - Building stim pattern for pattern_name 1132
2026-02-01 19:04:37,488 - INFO - Building stim pattern for pattern_name 1293
2026-02-01 19:04:37,500 - INFO - Building stim pattern for pattern_name 2007
2026-02-01 19:04:37,522 - INFO - Building stim pattern for pattern_name 1047
2026-02-01 19:04:37,534 - INFO - Building stim pattern for pattern_name 1935
2026-02-01 19:04:37,548 - INFO - Building stim pattern for pattern_name 1663
2026-02-01 19:04:37,578 - INFO - Building stim pattern for pattern_name 248
2026-02-01 19:04:37,590 - INFO - Building stim pattern for pattern_name 462
2026-02-01 19:04:37,604 - INFO - Building stim pattern for pattern_name 1410
2026-02-01 19:04:37,622 - INFO - Building stim pattern for pattern_name 155
2026-02-01 19:04:37,634 - INFO - Building stim pattern for pattern_name 3455
2026-02-01 19:04:37,646 - INFO - Building stim pattern for pattern_name 3062
2026-02-01 19:04:37,658 - INFO - Building stim pattern for pattern_name 225
2026-02-01 19:04:37,678 - INFO - Building stim pattern for pattern_name 211
2026-02-01 19:04:37,691 - INFO - Building stim pattern for pattern_name 1058
2026-02-01 19:04:37,706 - INFO - Building stim pattern for pattern_name 3374
2026-02-01 19:04:37,721 - INFO - Building stim pattern for pattern_name 2828
2026-02-01 19:04:37,741 - INFO - Building stim pattern for pattern_name 2302
2026-02-01 19:04:37,770 - INFO - Building stim pattern for pattern_name 3511
2026-02-01 19:04:37,793 - INFO - Building stim pattern for pattern_name 2249
2026-02-01 19:04:37,911 - INFO - Building stim pattern for pattern_name 1377
2026-02-01 19:04:37,944 - INFO - Building stim pattern for pattern_name 3711
2026-02-01 19:04:37,961 - INFO - Building stim pattern for pattern_name 939
2026-02-01 19:04:37,976 - INFO - Building stim pattern for pattern_name 3447
2026-02-01 19:04:37,993 - INFO - Building stim pattern for pattern_name 1087
2026-02-01 19:04:38,004 - INFO - Building stim pattern for pattern_name 2572
2026-02-01 19:04:38,016 - INFO - Building stim pattern for pattern_name 207
2026-02-01 19:04:38,030 - INFO - Building stim pattern for pattern_name 651
2026-02-01 19:04:38,043 - INFO - Building stim pattern for pattern_name 3216
2026-02-01 19:04:38,054 - INFO - Building stim pattern for pattern_name 3602
2026-02-01 19:04:38,067 - INFO - Building stim pattern for pattern_name 3027
2026-02-01 19:04:38,086 - INFO - Building stim pattern for pattern_name 1265
2026-02-01 19:04:38,098 - INFO - Building stim pattern for pattern_name 1059
2026-02-01 19:04:38,115 - INFO - Building stim pattern for pattern_name 532
2026-02-01 19:04:38,126 - INFO - Building stim pattern for pattern_name 740
2026-02-01 19:04:38,144 - INFO - Building stim pattern for pattern_name 1096
2026-02-01 19:04:38,163 - INFO - Building stim pattern for pattern_name 692
2026-02-01 19:04:38,176 - INFO - Building stim pattern for pattern_name 3332
2026-02-01 19:04:38,190 - INFO - Building stim pattern for pattern_name 3969
2026-02-01 19:04:38,206 - INFO - Building stim pattern for pattern_name 1787
2026-02-01 19:04:38,222 - INFO - Building stim pattern for pattern_name 3452
2026-02-01 19:04:38,239 - INFO - Building stim pattern for pattern_name 3183
2026-02-01 19:04:38,254 - INFO - Building stim pattern for pattern_name 1006
2026-02-01 19:04:38,266 - INFO - Building stim pattern for pattern_name 2431
2026-02-01 19:04:38,280 - INFO - Building stim pattern for pattern_name 1689
2026-02-01 19:04:38,294 - INFO - Building stim pattern for pattern_name 1118
2026-02-01 19:04:38,305 - INFO - Building stim pattern for pattern_name 3786
2026-02-01 19:04:38,317 - INFO - Building stim pattern for pattern_name 2407
2026-02-01 19:04:38,338 - INFO - Building stim pattern for pattern_name 1863
2026-02-01 19:04:38,353 - INFO - Building stim pattern for pattern_name 1311
2026-02-01 19:04:38,368 - INFO - Building stim pattern for pattern_name 3957
2026-02-01 19:04:38,382 - INFO - Building stim pattern for pattern_name 1525
2026-02-01 19:04:38,395 - INFO - Building stim pattern for pattern_name 37
2026-02-01 19:04:38,424 - INFO - Building stim pattern for pattern_name 476
2026-02-01 19:04:38,440 - INFO - Building stim pattern for pattern_name 2081
2026-02-01 19:04:38,466 - INFO - Building stim pattern for pattern_name 3811
2026-02-01 19:04:38,481 - INFO - Building stim pattern for pattern_name 2827
2026-02-01 19:04:38,495 - INFO - Building stim pattern for pattern_name 2398
2026-02-01 19:04:38,509 - INFO - Building stim pattern for pattern_name 3239
2026-02-01 19:04:38,529 - INFO - Building stim pattern for pattern_name 139
2026-02-01 19:04:38,543 - INFO - Building stim pattern for pattern_name 1510
2026-02-01 19:04:38,554 - INFO - Building stim pattern for pattern_name 3810
2026-02-01 19:04:38,569 - INFO - Building stim pattern for pattern_name 1966
2026-02-01 19:04:38,583 - INFO - Building stim pattern for pattern_name 1593
2026-02-01 19:04:38,603 - INFO - Building stim pattern for pattern_name 1518
2026-02-01 19:04:38,614 - INFO - Building stim pattern for pattern_name 1395
2026-02-01 19:04:38,627 - INFO - Building stim pattern for pattern_name 3832
2026-02-01 19:04:38,639 - INFO - Building stim pattern for pattern_name 1326
2026-02-01 19:04:38,651 - INFO - Building stim pattern for pattern_name 3208
2026-02-01 19:04:38,670 - INFO - Building stim pattern for pattern_name 2319
2026-02-01 19:04:38,682 - INFO - Building stim pattern for pattern_name 2615
2026-02-01 19:04:38,694 - INFO - Building stim pattern for pattern_name 1117
2026-02-01 19:04:38,706 - INFO - Building stim pattern for pattern_name 1967
2026-02-01 19:04:38,717 - INFO - Building stim pattern for pattern_name 2692
2026-02-01 19:04:38,729 - INFO - Building stim pattern for pattern_name 2415
2026-02-01 19:04:38,742 - INFO - Building stim pattern for pattern_name 378
2026-02-01 19:04:38,753 - INFO - Building stim pattern for pattern_name 3163
2026-02-01 19:04:38,766 - INFO - Building stim pattern for pattern_name 1407
2026-02-01 19:04:38,778 - INFO - Building stim pattern for pattern_name 1340
2026-02-01 19:04:38,791 - INFO - Building stim pattern for pattern_name 2555
2026-02-01 19:04:38,804 - INFO - Building stim pattern for pattern_name 3820
2026-02-01 19:04:38,824 - INFO - Building stim pattern for pattern_name 3948
2026-02-01 19:04:38,837 - INFO - Building stim pattern for pattern_name 3127
2026-02-01 19:04:38,849 - INFO - Building stim pattern for pattern_name 1442
2026-02-01 19:04:38,868 - INFO - Building stim pattern for pattern_name 3488
2026-02-01 19:04:38,895 - INFO - Building stim pattern for pattern_name 2732
2026-02-01 19:04:38,920 - INFO - Building stim pattern for pattern_name 2475
2026-02-01 19:04:38,932 - INFO - Building stim pattern for pattern_name 3575
2026-02-01 19:04:38,945 - INFO - Building stim pattern for pattern_name 924
2026-02-01 19:04:38,958 - INFO - Building stim pattern for pattern_name 3915
2026-02-01 19:04:38,968 - INFO - Building stim pattern for pattern_name 3262
2026-02-01 19:04:38,981 - INFO - Building stim pattern for pattern_name 2397
2026-02-01 19:04:39,010 - INFO - Building stim pattern for pattern_name 3180
2026-02-01 19:04:39,022 - INFO - Building stim pattern for pattern_name 1167
2026-02-01 19:04:39,059 - INFO - Building stim pattern for pattern_name 1097
2026-02-01 19:04:39,079 - INFO - Building stim pattern for pattern_name 3705
2026-02-01 19:04:39,095 - INFO - Building stim pattern for pattern_name 2106
2026-02-01 19:04:39,122 - INFO - Building stim pattern for pattern_name 3101
2026-02-01 19:04:39,137 - INFO - Building stim pattern for pattern_name 1618
2026-02-01 19:04:39,149 - INFO - Building stim pattern for pattern_name 1353
2026-02-01 19:04:39,163 - INFO - Building stim pattern for pattern_name 1402
2026-02-01 19:04:39,178 - INFO - Building stim pattern for pattern_name 976
2026-02-01 19:04:39,198 - INFO - Building stim pattern for pattern_name 1783
2026-02-01 19:04:39,212 - INFO - Building stim pattern for pattern_name 1275
2026-02-01 19:04:39,226 - INFO - Building stim pattern for pattern_name 1950
2026-02-01 19:04:39,240 - INFO - Building stim pattern for pattern_name 2888
2026-02-01 19:04:39,254 - INFO - Building stim pattern for pattern_name 724
2026-02-01 19:04:39,265 - INFO - Building stim pattern for pattern_name 395
2026-02-01 19:04:39,278 - INFO - Building stim pattern for pattern_name 1090
2026-02-01 19:04:39,291 - INFO - Building stim pattern for pattern_name 957
2026-02-01 19:04:39,306 - INFO - Building stim pattern for pattern_name 728
2026-02-01 19:04:39,317 - INFO - Building stim pattern for pattern_name 546
2026-02-01 19:04:39,330 - INFO - Building stim pattern for pattern_name 210
2026-02-01 19:04:39,350 - INFO - Building stim pattern for pattern_name 3880
2026-02-01 19:04:39,363 - INFO - Building stim pattern for pattern_name 1819
2026-02-01 19:04:39,374 - INFO - Building stim pattern for pattern_name 1771
2026-02-01 19:04:39,386 - INFO - Building stim pattern for pattern_name 1963
2026-02-01 19:04:39,398 - INFO - Building stim pattern for pattern_name 246
2026-02-01 19:04:39,411 - INFO - Building stim pattern for pattern_name 252
2026-02-01 19:04:39,496 - INFO - Building stim pattern for pattern_name 1496
2026-02-01 19:04:39,527 - INFO - Building stim pattern for pattern_name 509
2026-02-01 19:04:39,544 - INFO - Building stim pattern for pattern_name 549
2026-02-01 19:04:39,557 - INFO - Building stim pattern for pattern_name 3633
2026-02-01 19:04:39,579 - INFO - Building stim pattern for pattern_name 3695
2026-02-01 19:04:39,596 - INFO - Building stim pattern for pattern_name 512
2026-02-01 19:04:39,614 - INFO - Building stim pattern for pattern_name 809
2026-02-01 19:04:39,633 - INFO - Building stim pattern for pattern_name 980
2026-02-01 19:04:39,646 - INFO - Building stim pattern for pattern_name 1675
2026-02-01 19:04:39,658 - INFO - Building stim pattern for pattern_name 2683
2026-02-01 19:04:39,672 - INFO - Building stim pattern for pattern_name 1647
2026-02-01 19:04:39,686 - INFO - Building stim pattern for pattern_name 2200
2026-02-01 19:04:39,698 - INFO - Building stim pattern for pattern_name 846
2026-02-01 19:04:39,709 - INFO - Building stim pattern for pattern_name 3092
2026-02-01 19:04:39,722 - INFO - Building stim pattern for pattern_name 2437
2026-02-01 19:04:39,734 - INFO - Building stim pattern for pattern_name 2741
2026-02-01 19:04:39,748 - INFO - Building stim pattern for pattern_name 2245
2026-02-01 19:04:39,763 - INFO - Building stim pattern for pattern_name 585
2026-02-01 19:04:39,777 - INFO - Building stim pattern for pattern_name 1726
2026-02-01 19:04:39,792 - INFO - Building stim pattern for pattern_name 3939
2026-02-01 19:04:39,812 - INFO - Building stim pattern for pattern_name 737
2026-02-01 19:04:39,825 - INFO - Building stim pattern for pattern_name 342
2026-02-01 19:04:39,840 - INFO - Building stim pattern for pattern_name 1591
2026-02-01 19:04:39,851 - INFO - Building stim pattern for pattern_name 2720
2026-02-01 19:04:39,863 - INFO - Building stim pattern for pattern_name 2857
2026-02-01 19:04:39,878 - INFO - Building stim pattern for pattern_name 1457
2026-02-01 19:04:39,891 - INFO - Building stim pattern for pattern_name 1781
2026-02-01 19:04:39,913 - INFO - Building stim pattern for pattern_name 3254
2026-02-01 19:04:39,925 - INFO - Building stim pattern for pattern_name 1809
2026-02-01 19:04:39,946 - INFO - Building stim pattern for pattern_name 3327
2026-02-01 19:04:39,959 - INFO - Building stim pattern for pattern_name 1492
2026-02-01 19:04:39,972 - INFO - Building stim pattern for pattern_name 3844
2026-02-01 19:04:39,987 - INFO - Building stim pattern for pattern_name 2156
2026-02-01 19:04:40,001 - INFO - Building stim pattern for pattern_name 2636
2026-02-01 19:04:40,012 - INFO - Building stim pattern for pattern_name 609
2026-02-01 19:04:40,025 - INFO - Building stim pattern for pattern_name 203
2026-02-01 19:04:40,039 - INFO - Building stim pattern for pattern_name 3270
2026-02-01 19:04:40,067 - INFO - Building stim pattern for pattern_name 1203
2026-02-01 19:04:40,079 - INFO - Building stim pattern for pattern_name 2409
2026-02-01 19:04:40,093 - INFO - Building stim pattern for pattern_name 1723
2026-02-01 19:04:40,104 - INFO - Building stim pattern for pattern_name 3988
2026-02-01 19:04:40,119 - INFO - Building stim pattern for pattern_name 1524
2026-02-01 19:04:40,133 - INFO - Building stim pattern for pattern_name 2094
2026-02-01 19:04:40,155 - INFO - Building stim pattern for pattern_name 1873
2026-02-01 19:04:40,168 - INFO - Building stim pattern for pattern_name 322
2026-02-01 19:04:40,183 - INFO - Building stim pattern for pattern_name 2567
2026-02-01 19:04:40,196 - INFO - Building stim pattern for pattern_name 2602
2026-02-01 19:04:40,215 - INFO - Building stim pattern for pattern_name 1246
2026-02-01 19:04:40,237 - INFO - Building stim pattern for pattern_name 3785
2026-02-01 19:04:40,251 - INFO - Building stim pattern for pattern_name 2347
2026-02-01 19:04:40,263 - INFO - Building stim pattern for pattern_name 3537
2026-02-01 19:04:40,283 - INFO - Building stim pattern for pattern_name 2672
2026-02-01 19:04:40,295 - INFO - Building stim pattern for pattern_name 489
2026-02-01 19:04:40,308 - INFO - Building stim pattern for pattern_name 2456
2026-02-01 19:04:40,321 - INFO - Building stim pattern for pattern_name 1427
2026-02-01 19:04:40,342 - INFO - Building stim pattern for pattern_name 1337
2026-02-01 19:04:40,354 - INFO - Building stim pattern for pattern_name 1559
2026-02-01 19:04:40,373 - INFO - Building stim pattern for pattern_name 1838
2026-02-01 19:04:40,387 - INFO - Building stim pattern for pattern_name 679
2026-02-01 19:04:40,401 - INFO - Building stim pattern for pattern_name 3145
2026-02-01 19:04:40,415 - INFO - Building stim pattern for pattern_name 1021
2026-02-01 19:04:40,454 - INFO - Building stim pattern for pattern_name 403
2026-02-01 19:04:40,470 - INFO - Building stim pattern for pattern_name 3580
2026-02-01 19:04:40,484 - INFO - Building stim pattern for pattern_name 3603
2026-02-01 19:04:40,495 - INFO - Building stim pattern for pattern_name 998
2026-02-01 19:04:40,508 - INFO - Building stim pattern for pattern_name 3666
2026-02-01 19:04:40,522 - INFO - Building stim pattern for pattern_name 3311
2026-02-01 19:04:40,561 - INFO - Building stim pattern for pattern_name 3005
2026-02-01 19:04:40,575 - INFO - Building stim pattern for pattern_name 2562
2026-02-01 19:04:40,587 - INFO - Building stim pattern for pattern_name 1176
2026-02-01 19:04:40,599 - INFO - Building stim pattern for pattern_name 2405
2026-02-01 19:04:40,613 - INFO - Building stim pattern for pattern_name 2908
2026-02-01 19:04:40,628 - INFO - Building stim pattern for pattern_name 326
2026-02-01 19:04:40,648 - INFO - Building stim pattern for pattern_name 2025
2026-02-01 19:04:40,659 - INFO - Building stim pattern for pattern_name 1255
2026-02-01 19:04:40,671 - INFO - Building stim pattern for pattern_name 418
2026-02-01 19:04:40,684 - INFO - Building stim pattern for pattern_name 1651
2026-02-01 19:04:40,716 - INFO - Building stim pattern for pattern_name 3087
2026-02-01 19:04:40,728 - INFO - Building stim pattern for pattern_name 2736
2026-02-01 19:04:40,741 - INFO - Building stim pattern for pattern_name 891
2026-02-01 19:04:40,752 - INFO - Building stim pattern for pattern_name 2308
2026-02-01 19:04:40,764 - INFO - Building stim pattern for pattern_name 2558
2026-02-01 19:04:40,777 - INFO - Building stim pattern for pattern_name 2032
2026-02-01 19:04:40,789 - INFO - Building stim pattern for pattern_name 2641
2026-02-01 19:04:40,804 - INFO - Building stim pattern for pattern_name 240
2026-02-01 19:04:40,815 - INFO - Building stim pattern for pattern_name 1530
2026-02-01 19:04:40,847 - INFO - Building stim pattern for pattern_name 592
2026-02-01 19:04:40,858 - INFO - Building stim pattern for pattern_name 2400
2026-02-01 19:04:40,872 - INFO - Building stim pattern for pattern_name 2705
2026-02-01 19:04:40,885 - INFO - Building stim pattern for pattern_name 654
2026-02-01 19:04:40,897 - INFO - Building stim pattern for pattern_name 3107
2026-02-01 19:04:40,911 - INFO - Building stim pattern for pattern_name 3181
2026-02-01 19:04:40,924 - INFO - Building stim pattern for pattern_name 1351
2026-02-01 19:04:40,957 - INFO - Building stim pattern for pattern_name 2422
2026-02-01 19:04:40,970 - INFO - Building stim pattern for pattern_name 2715
2026-02-01 19:04:40,983 - INFO - Building stim pattern for pattern_name 1035
2026-02-01 19:04:40,997 - INFO - Building stim pattern for pattern_name 3893
2026-02-01 19:04:41,010 - INFO - Building stim pattern for pattern_name 1557
2026-02-01 19:04:41,024 - INFO - Building stim pattern for pattern_name 1418
2026-02-01 19:04:41,051 - INFO - Building stim pattern for pattern_name 2575
2026-02-01 19:04:41,074 - INFO - Building stim pattern for pattern_name 2339
2026-02-01 19:04:41,086 - INFO - Building stim pattern for pattern_name 3331
2026-02-01 19:04:41,099 - INFO - Building stim pattern for pattern_name 3826
2026-02-01 19:04:41,111 - INFO - Building stim pattern for pattern_name 1968
2026-02-01 19:04:41,124 - INFO - Building stim pattern for pattern_name 1888
2026-02-01 19:04:41,139 - INFO - Building stim pattern for pattern_name 3205
2026-02-01 19:04:41,149 - INFO - Building stim pattern for pattern_name 1852
2026-02-01 19:04:41,162 - INFO - Building stim pattern for pattern_name 770
2026-02-01 19:04:41,173 - INFO - Building stim pattern for pattern_name 1229
2026-02-01 19:04:41,186 - INFO - Building stim pattern for pattern_name 492
2026-02-01 19:04:41,197 - INFO - Building stim pattern for pattern_name 3382
2026-02-01 19:04:41,216 - INFO - Building stim pattern for pattern_name 1405
2026-02-01 19:04:41,239 - INFO - Building stim pattern for pattern_name 1386
2026-02-01 19:04:41,271 - INFO - Building stim pattern for pattern_name 41
2026-02-01 19:04:41,286 - INFO - Building stim pattern for pattern_name 530
2026-02-01 19:04:41,298 - INFO - Building stim pattern for pattern_name 1197
2026-02-01 19:04:41,313 - INFO - Building stim pattern for pattern_name 2915
2026-02-01 19:04:41,327 - INFO - Building stim pattern for pattern_name 1581
2026-02-01 19:04:41,341 - INFO - Building stim pattern for pattern_name 316
2026-02-01 19:04:41,353 - INFO - Building stim pattern for pattern_name 533
2026-02-01 19:04:41,366 - INFO - Building stim pattern for pattern_name 3369
2026-02-01 19:04:41,379 - INFO - Building stim pattern for pattern_name 2097
2026-02-01 19:04:41,402 - INFO - Building stim pattern for pattern_name 2962
2026-02-01 19:04:41,416 - INFO - Building stim pattern for pattern_name 474
2026-02-01 19:04:41,429 - INFO - Building stim pattern for pattern_name 3657
2026-02-01 19:04:41,444 - INFO - Building stim pattern for pattern_name 1346
2026-02-01 19:04:41,463 - INFO - Building stim pattern for pattern_name 2691
2026-02-01 19:04:41,476 - INFO - Building stim pattern for pattern_name 2999
2026-02-01 19:04:41,499 - INFO - Building stim pattern for pattern_name 2499
2026-02-01 19:04:41,510 - INFO - Building stim pattern for pattern_name 2118
2026-02-01 19:04:41,531 - INFO - Building stim pattern for pattern_name 1060
2026-02-01 19:04:41,546 - INFO - Building stim pattern for pattern_name 1770
2026-02-01 19:04:41,563 - INFO - Building stim pattern for pattern_name 624
2026-02-01 19:04:41,575 - INFO - Building stim pattern for pattern_name 1744
2026-02-01 19:04:41,588 - INFO - Building stim pattern for pattern_name 2801
2026-02-01 19:04:41,601 - INFO - Building stim pattern for pattern_name 3222
2026-02-01 19:04:41,614 - INFO - Building stim pattern for pattern_name 1566
2026-02-01 19:04:41,625 - INFO - Building stim pattern for pattern_name 3055
2026-02-01 19:04:41,638 - INFO - Building stim pattern for pattern_name 526
2026-02-01 19:04:41,650 - INFO - Building stim pattern for pattern_name 850
2026-02-01 19:04:41,662 - INFO - Building stim pattern for pattern_name 880
2026-02-01 19:04:41,675 - INFO - Building stim pattern for pattern_name 3436
2026-02-01 19:04:41,688 - INFO - Building stim pattern for pattern_name 2565
2026-02-01 19:04:41,703 - INFO - Building stim pattern for pattern_name 2366
2026-02-01 19:04:41,719 - INFO - Building stim pattern for pattern_name 856
2026-02-01 19:04:41,807 - INFO - Building stim pattern for pattern_name 2305
2026-02-01 19:04:41,840 - INFO - Building stim pattern for pattern_name 305
2026-02-01 19:04:41,853 - INFO - Building stim pattern for pattern_name 2559
2026-02-01 19:04:41,880 - INFO - Building stim pattern for pattern_name 3937
2026-02-01 19:04:41,892 - INFO - Building stim pattern for pattern_name 1138
2026-02-01 19:04:41,913 - INFO - Building stim pattern for pattern_name 2846
2026-02-01 19:04:41,925 - INFO - Building stim pattern for pattern_name 2646
2026-02-01 19:04:41,936 - INFO - Building stim pattern for pattern_name 2224
2026-02-01 19:04:41,948 - INFO - Building stim pattern for pattern_name 3014
2026-02-01 19:04:41,970 - INFO - Building stim pattern for pattern_name 2874
2026-02-01 19:04:41,981 - INFO - Building stim pattern for pattern_name 1795
2026-02-01 19:04:42,002 - INFO - Building stim pattern for pattern_name 3045
2026-02-01 19:04:42,013 - INFO - Building stim pattern for pattern_name 2709
2026-02-01 19:04:42,026 - INFO - Building stim pattern for pattern_name 1112
2026-02-01 19:04:42,038 - INFO - Building stim pattern for pattern_name 662
2026-02-01 19:04:42,050 - INFO - Building stim pattern for pattern_name 3926
2026-02-01 19:04:42,062 - INFO - Building stim pattern for pattern_name 50
2026-02-01 19:04:42,074 - INFO - Building stim pattern for pattern_name 1424
2026-02-01 19:04:42,097 - INFO - Building stim pattern for pattern_name 1017
2026-02-01 19:04:42,108 - INFO - Building stim pattern for pattern_name 1929
2026-02-01 19:04:42,120 - INFO - Building stim pattern for pattern_name 3083
2026-02-01 19:04:42,132 - INFO - Building stim pattern for pattern_name 1862
2026-02-01 19:04:42,151 - INFO - Building stim pattern for pattern_name 2820
2026-02-01 19:04:42,164 - INFO - Building stim pattern for pattern_name 2731
2026-02-01 19:04:42,176 - INFO - Building stim pattern for pattern_name 108
2026-02-01 19:04:42,187 - INFO - Building stim pattern for pattern_name 2452
2026-02-01 19:04:42,223 - INFO - Building stim pattern for pattern_name 3546
2026-02-01 19:04:42,236 - INFO - Building stim pattern for pattern_name 412
2026-02-01 19:04:42,255 - INFO - Building stim pattern for pattern_name 3011
2026-02-01 19:04:42,267 - INFO - Building stim pattern for pattern_name 2681
2026-02-01 19:04:42,287 - INFO - Building stim pattern for pattern_name 748
2026-02-01 19:04:42,301 - INFO - Building stim pattern for pattern_name 3224
2026-02-01 19:04:42,312 - INFO - Building stim pattern for pattern_name 1436
2026-02-01 19:04:42,323 - INFO - Building stim pattern for pattern_name 3652
2026-02-01 19:04:42,344 - INFO - Building stim pattern for pattern_name 289
2026-02-01 19:04:42,362 - INFO - Building stim pattern for pattern_name 1081
2026-02-01 19:04:42,374 - INFO - Building stim pattern for pattern_name 1848
2026-02-01 19:04:42,392 - INFO - Building stim pattern for pattern_name 2345
2026-02-01 19:04:42,405 - INFO - Building stim pattern for pattern_name 2282
2026-02-01 19:04:42,416 - INFO - Building stim pattern for pattern_name 1901
2026-02-01 19:04:42,436 - INFO - Building stim pattern for pattern_name 2299
2026-02-01 19:04:42,446 - INFO - Building stim pattern for pattern_name 3703
2026-02-01 19:04:42,460 - INFO - Building stim pattern for pattern_name 3588
2026-02-01 19:04:42,482 - INFO - Building stim pattern for pattern_name 1204
2026-02-01 19:04:42,494 - INFO - Building stim pattern for pattern_name 1041
2026-02-01 19:04:42,507 - INFO - Building stim pattern for pattern_name 567
2026-02-01 19:04:42,525 - INFO - Building stim pattern for pattern_name 1362
2026-02-01 19:04:42,537 - INFO - Building stim pattern for pattern_name 637
2026-02-01 19:04:42,550 - INFO - Building stim pattern for pattern_name 3212
2026-02-01 19:04:42,563 - INFO - Building stim pattern for pattern_name 554
2026-02-01 19:04:42,576 - INFO - Building stim pattern for pattern_name 2816
2026-02-01 19:04:42,596 - INFO - Building stim pattern for pattern_name 777
2026-02-01 19:04:42,606 - INFO - Building stim pattern for pattern_name 529
2026-02-01 19:04:42,620 - INFO - Building stim pattern for pattern_name 3375
2026-02-01 19:04:42,633 - INFO - Building stim pattern for pattern_name 1180
2026-02-01 19:04:42,645 - INFO - Building stim pattern for pattern_name 3053
2026-02-01 19:04:42,656 - INFO - Building stim pattern for pattern_name 3595
2026-02-01 19:04:42,668 - INFO - Building stim pattern for pattern_name 1820
2026-02-01 19:04:42,686 - INFO - Building stim pattern for pattern_name 3512
2026-02-01 19:04:42,698 - INFO - Building stim pattern for pattern_name 2875
2026-02-01 19:04:42,710 - INFO - Building stim pattern for pattern_name 1659
2026-02-01 19:04:42,721 - INFO - Building stim pattern for pattern_name 1131
2026-02-01 19:04:42,734 - INFO - Building stim pattern for pattern_name 2338
2026-02-01 19:04:42,747 - INFO - Building stim pattern for pattern_name 3787
2026-02-01 19:04:42,757 - INFO - Building stim pattern for pattern_name 503
2026-02-01 19:04:42,768 - INFO - Building stim pattern for pattern_name 621
2026-02-01 19:04:42,779 - INFO - Building stim pattern for pattern_name 1853
2026-02-01 19:04:42,791 - INFO - Building stim pattern for pattern_name 3272
2026-02-01 19:04:42,804 - INFO - Building stim pattern for pattern_name 1791
2026-02-01 19:04:42,815 - INFO - Building stim pattern for pattern_name 597
2026-02-01 19:04:42,827 - INFO - Building stim pattern for pattern_name 2197
2026-02-01 19:04:42,847 - INFO - Building stim pattern for pattern_name 1845
2026-02-01 19:04:42,863 - INFO - Building stim pattern for pattern_name 1910
2026-02-01 19:04:42,883 - INFO - Building stim pattern for pattern_name 1980
2026-02-01 19:04:42,906 - INFO - Building stim pattern for pattern_name 229
2026-02-01 19:04:42,931 - INFO - Building stim pattern for pattern_name 2884
2026-02-01 19:04:43,044 - INFO - Building stim pattern for pattern_name 746
2026-02-01 19:04:43,090 - INFO - Building stim pattern for pattern_name 652
2026-02-01 19:04:43,104 - INFO - Building stim pattern for pattern_name 1253
2026-02-01 19:04:43,116 - INFO - Building stim pattern for pattern_name 1696
2026-02-01 19:04:43,128 - INFO - Building stim pattern for pattern_name 3498
2026-02-01 19:04:43,141 - INFO - Building stim pattern for pattern_name 2314
2026-02-01 19:04:43,153 - INFO - Building stim pattern for pattern_name 2387
2026-02-01 19:04:43,173 - INFO - Building stim pattern for pattern_name 2774
2026-02-01 19:04:43,186 - INFO - Building stim pattern for pattern_name 88
2026-02-01 19:04:43,201 - INFO - Building stim pattern for pattern_name 2589
2026-02-01 19:04:43,214 - INFO - Building stim pattern for pattern_name 3070
2026-02-01 19:04:43,235 - INFO - Building stim pattern for pattern_name 571
2026-02-01 19:04:43,247 - INFO - Building stim pattern for pattern_name 1159
2026-02-01 19:04:43,259 - INFO - Building stim pattern for pattern_name 1206
2026-02-01 19:04:43,273 - INFO - Building stim pattern for pattern_name 351
2026-02-01 19:04:43,289 - INFO - Building stim pattern for pattern_name 2885
2026-02-01 19:04:43,304 - INFO - Building stim pattern for pattern_name 564
2026-02-01 19:04:43,318 - INFO - Building stim pattern for pattern_name 2176
2026-02-01 19:04:43,354 - INFO - Building stim pattern for pattern_name 68
2026-02-01 19:04:43,367 - INFO - Building stim pattern for pattern_name 3051
2026-02-01 19:04:43,381 - INFO - Building stim pattern for pattern_name 1141
2026-02-01 19:04:43,404 - INFO - Building stim pattern for pattern_name 365
2026-02-01 19:04:43,416 - INFO - Building stim pattern for pattern_name 3998
2026-02-01 19:04:43,428 - INFO - Building stim pattern for pattern_name 1721
2026-02-01 19:04:43,449 - INFO - Building stim pattern for pattern_name 1408
2026-02-01 19:04:43,461 - INFO - Building stim pattern for pattern_name 3903
2026-02-01 19:04:43,472 - INFO - Building stim pattern for pattern_name 415
2026-02-01 19:04:43,484 - INFO - Building stim pattern for pattern_name 773
2026-02-01 19:04:43,496 - INFO - Building stim pattern for pattern_name 2972
2026-02-01 19:04:43,509 - INFO - Building stim pattern for pattern_name 3211
2026-02-01 19:04:43,530 - INFO - Building stim pattern for pattern_name 2818
2026-02-01 19:04:43,542 - INFO - Building stim pattern for pattern_name 2497
2026-02-01 19:04:43,553 - INFO - Building stim pattern for pattern_name 1874
2026-02-01 19:04:43,567 - INFO - Building stim pattern for pattern_name 3960
2026-02-01 19:04:43,590 - INFO - Building stim pattern for pattern_name 1725
2026-02-01 19:04:43,602 - INFO - Building stim pattern for pattern_name 2996
2026-02-01 19:04:43,613 - INFO - Building stim pattern for pattern_name 1702
2026-02-01 19:04:43,636 - INFO - Building stim pattern for pattern_name 1576
2026-02-01 19:04:43,648 - INFO - Building stim pattern for pattern_name 144
2026-02-01 19:04:43,662 - INFO - Building stim pattern for pattern_name 3395
2026-02-01 19:04:43,691 - INFO - Building stim pattern for pattern_name 1780
2026-02-01 19:04:43,720 - INFO - Building stim pattern for pattern_name 2218
2026-02-01 19:04:43,733 - INFO - Building stim pattern for pattern_name 3450
2026-02-01 19:04:43,744 - INFO - Building stim pattern for pattern_name 2579
2026-02-01 19:04:43,756 - INFO - Building stim pattern for pattern_name 2005
2026-02-01 19:04:43,769 - INFO - Building stim pattern for pattern_name 3889
2026-02-01 19:04:43,781 - INFO - Building stim pattern for pattern_name 1127
2026-02-01 19:04:43,795 - INFO - Building stim pattern for pattern_name 2542
2026-02-01 19:04:43,814 - INFO - Building stim pattern for pattern_name 288
2026-02-01 19:04:43,825 - INFO - Building stim pattern for pattern_name 1736
2026-02-01 19:04:43,836 - INFO - Building stim pattern for pattern_name 2417
2026-02-01 19:04:43,857 - INFO - Building stim pattern for pattern_name 631
2026-02-01 19:04:43,870 - INFO - Building stim pattern for pattern_name 2781
2026-02-01 19:04:43,883 - INFO - Building stim pattern for pattern_name 3175
2026-02-01 19:04:43,897 - INFO - Building stim pattern for pattern_name 961
2026-02-01 19:04:43,911 - INFO - Building stim pattern for pattern_name 485
2026-02-01 19:04:43,932 - INFO - Building stim pattern for pattern_name 3860
2026-02-01 19:04:43,945 - INFO - Building stim pattern for pattern_name 2410
2026-02-01 19:04:43,958 - INFO - Building stim pattern for pattern_name 2108
2026-02-01 19:04:43,971 - INFO - Building stim pattern for pattern_name 3178
2026-02-01 19:04:43,983 - INFO - Building stim pattern for pattern_name 270
2026-02-01 19:04:43,995 - INFO - Building stim pattern for pattern_name 799
2026-02-01 19:04:44,007 - INFO - Building stim pattern for pattern_name 1794
2026-02-01 19:04:44,019 - INFO - Building stim pattern for pattern_name 603
2026-02-01 19:04:44,038 - INFO - Building stim pattern for pattern_name 3805
2026-02-01 19:04:44,051 - INFO - Building stim pattern for pattern_name 539
2026-02-01 19:04:44,063 - INFO - Building stim pattern for pattern_name 2221
2026-02-01 19:04:44,075 - INFO - Building stim pattern for pattern_name 635
2026-02-01 19:04:44,086 - INFO - Building stim pattern for pattern_name 176
2026-02-01 19:04:44,110 - INFO - Building stim pattern for pattern_name 468
2026-02-01 19:04:44,122 - INFO - Building stim pattern for pattern_name 3827
2026-02-01 19:04:44,135 - INFO - Building stim pattern for pattern_name 2262
2026-02-01 19:04:44,147 - INFO - Building stim pattern for pattern_name 3153
2026-02-01 19:04:44,157 - INFO - Building stim pattern for pattern_name 2183
2026-02-01 19:04:44,175 - INFO - Building stim pattern for pattern_name 1297
2026-02-01 19:04:44,187 - INFO - Building stim pattern for pattern_name 1383
2026-02-01 19:04:44,198 - INFO - Building stim pattern for pattern_name 2533
2026-02-01 19:04:44,210 - INFO - Building stim pattern for pattern_name 390
2026-02-01 19:04:44,226 - INFO - Building stim pattern for pattern_name 3777
2026-02-01 19:04:44,344 - INFO - Building stim pattern for pattern_name 3697
2026-02-01 19:04:44,358 - INFO - Building stim pattern for pattern_name 3719
2026-02-01 19:04:44,381 - INFO - Building stim pattern for pattern_name 2255
2026-02-01 19:04:44,420 - INFO - Building stim pattern for pattern_name 3155
2026-02-01 19:04:44,437 - INFO - Building stim pattern for pattern_name 1529
2026-02-01 19:04:44,448 - INFO - Building stim pattern for pattern_name 396
2026-02-01 19:04:44,465 - INFO - Building stim pattern for pattern_name 2324
2026-02-01 19:04:44,478 - INFO - Building stim pattern for pattern_name 1905
2026-02-01 19:04:44,501 - INFO - Building stim pattern for pattern_name 1422
2026-02-01 19:04:44,515 - INFO - Building stim pattern for pattern_name 3712
2026-02-01 19:04:44,532 - INFO - Building stim pattern for pattern_name 987
2026-02-01 19:04:44,557 - INFO - Building stim pattern for pattern_name 2613
2026-02-01 19:04:44,573 - INFO - Building stim pattern for pattern_name 2932
2026-02-01 19:04:44,594 - INFO - Building stim pattern for pattern_name 149
2026-02-01 19:04:44,608 - INFO - Building stim pattern for pattern_name 3585
2026-02-01 19:04:44,626 - INFO - Building stim pattern for pattern_name 735
2026-02-01 19:04:44,648 - INFO - Building stim pattern for pattern_name 3554
2026-02-01 19:04:44,661 - INFO - Building stim pattern for pattern_name 2826
2026-02-01 19:04:44,684 - INFO - Building stim pattern for pattern_name 150
2026-02-01 19:04:44,698 - INFO - Building stim pattern for pattern_name 478
2026-02-01 19:04:44,723 - INFO - Building stim pattern for pattern_name 1111
2026-02-01 19:04:44,736 - INFO - Building stim pattern for pattern_name 843
2026-02-01 19:04:44,753 - INFO - Building stim pattern for pattern_name 26
2026-02-01 19:04:44,768 - INFO - Building stim pattern for pattern_name 1866
2026-02-01 19:04:44,784 - INFO - Building stim pattern for pattern_name 803
2026-02-01 19:04:44,801 - INFO - Building stim pattern for pattern_name 1431
2026-02-01 19:04:44,819 - INFO - Building stim pattern for pattern_name 201
2026-02-01 19:04:44,834 - INFO - Building stim pattern for pattern_name 254
2026-02-01 19:04:44,847 - INFO - Building stim pattern for pattern_name 2889
2026-02-01 19:04:44,859 - INFO - Building stim pattern for pattern_name 1672
2026-02-01 19:04:44,880 - INFO - Building stim pattern for pattern_name 2849
2026-02-01 19:04:44,895 - INFO - Building stim pattern for pattern_name 1166
2026-02-01 19:04:44,920 - INFO - Building stim pattern for pattern_name 2537
2026-02-01 19:04:44,933 - INFO - Building stim pattern for pattern_name 1945
2026-02-01 19:04:44,946 - INFO - Building stim pattern for pattern_name 1943
2026-02-01 19:04:44,963 - INFO - Building stim pattern for pattern_name 1638
2026-02-01 19:04:44,978 - INFO - Building stim pattern for pattern_name 1817
2026-02-01 19:04:44,993 - INFO - Building stim pattern for pattern_name 2414
2026-02-01 19:04:45,019 - INFO - Building stim pattern for pattern_name 1078
2026-02-01 19:04:45,033 - INFO - Building stim pattern for pattern_name 3099
2026-02-01 19:04:45,048 - INFO - Building stim pattern for pattern_name 3046
2026-02-01 19:04:45,065 - INFO - Building stim pattern for pattern_name 3700
2026-02-01 19:04:45,088 - INFO - Building stim pattern for pattern_name 3735
2026-02-01 19:04:45,102 - INFO - Building stim pattern for pattern_name 3754
2026-02-01 19:04:45,127 - INFO - Building stim pattern for pattern_name 894
2026-02-01 19:04:45,141 - INFO - Building stim pattern for pattern_name 221
2026-02-01 19:04:45,155 - INFO - Building stim pattern for pattern_name 3476
2026-02-01 19:04:45,170 - INFO - Building stim pattern for pattern_name 1045
2026-02-01 19:04:45,185 - INFO - Building stim pattern for pattern_name 2905
2026-02-01 19:04:45,200 - INFO - Building stim pattern for pattern_name 224
2026-02-01 19:04:45,213 - INFO - Building stim pattern for pattern_name 2464
2026-02-01 19:04:45,228 - INFO - Building stim pattern for pattern_name 3437
2026-02-01 19:04:45,242 - INFO - Building stim pattern for pattern_name 693
2026-02-01 19:04:45,258 - INFO - Building stim pattern for pattern_name 87
2026-02-01 19:04:45,272 - INFO - Building stim pattern for pattern_name 3325
2026-02-01 19:04:45,286 - INFO - Building stim pattern for pattern_name 1746
2026-02-01 19:04:45,300 - INFO - Building stim pattern for pattern_name 2928
2026-02-01 19:04:45,316 - INFO - Building stim pattern for pattern_name 739
2026-02-01 19:04:45,333 - INFO - Building stim pattern for pattern_name 2852
2026-02-01 19:04:45,346 - INFO - Building stim pattern for pattern_name 2525
2026-02-01 19:04:45,361 - INFO - Building stim pattern for pattern_name 855
2026-02-01 19:04:45,385 - INFO - Building stim pattern for pattern_name 3203
2026-02-01 19:04:45,400 - INFO - Building stim pattern for pattern_name 3128
2026-02-01 19:04:45,416 - INFO - Building stim pattern for pattern_name 2445
2026-02-01 19:04:45,447 - INFO - Building stim pattern for pattern_name 2251
2026-02-01 19:04:45,459 - INFO - Building stim pattern for pattern_name 200
2026-02-01 19:04:45,472 - INFO - Building stim pattern for pattern_name 1489
2026-02-01 19:04:45,493 - INFO - Building stim pattern for pattern_name 3486
2026-02-01 19:04:45,506 - INFO - Building stim pattern for pattern_name 1043
2026-02-01 19:04:45,519 - INFO - Building stim pattern for pattern_name 3391
2026-02-01 19:04:45,532 - INFO - Building stim pattern for pattern_name 2650
2026-02-01 19:04:45,555 - INFO - Building stim pattern for pattern_name 3304
2026-02-01 19:04:45,571 - INFO - Building stim pattern for pattern_name 3223
2026-02-01 19:04:45,587 - INFO - Building stim pattern for pattern_name 1864
2026-02-01 19:04:45,604 - INFO - Building stim pattern for pattern_name 347
2026-02-01 19:04:45,619 - INFO - Building stim pattern for pattern_name 1441
2026-02-01 19:04:45,634 - INFO - Building stim pattern for pattern_name 3619
2026-02-01 19:04:45,646 - INFO - Building stim pattern for pattern_name 1811
2026-02-01 19:04:45,672 - INFO - Building stim pattern for pattern_name 3586
2026-02-01 19:04:45,687 - INFO - Building stim pattern for pattern_name 558
2026-02-01 19:04:45,703 - INFO - Building stim pattern for pattern_name 2569
2026-02-01 19:04:45,744 - INFO - Building stim pattern for pattern_name 1053
2026-02-01 19:04:45,759 - INFO - Building stim pattern for pattern_name 3856
2026-02-01 19:04:45,771 - INFO - Building stim pattern for pattern_name 387
2026-02-01 19:04:45,788 - INFO - Building stim pattern for pattern_name 2564
2026-02-01 19:04:45,804 - INFO - Building stim pattern for pattern_name 3989
2026-02-01 19:04:45,821 - INFO - Building stim pattern for pattern_name 2997
2026-02-01 19:04:45,838 - INFO - Building stim pattern for pattern_name 754
2026-02-01 19:04:45,854 - INFO - Building stim pattern for pattern_name 3348
2026-02-01 19:04:45,894 - INFO - Building stim pattern for pattern_name 2609
2026-02-01 19:04:45,908 - INFO - Building stim pattern for pattern_name 284
2026-02-01 19:04:45,922 - INFO - Building stim pattern for pattern_name 3206
2026-02-01 19:04:45,947 - INFO - Building stim pattern for pattern_name 2266
2026-02-01 19:04:45,970 - INFO - Building stim pattern for pattern_name 2196
2026-02-01 19:04:45,985 - INFO - Building stim pattern for pattern_name 372
2026-02-01 19:04:46,003 - INFO - Building stim pattern for pattern_name 2581
2026-02-01 19:04:46,033 - INFO - Building stim pattern for pattern_name 3002
2026-02-01 19:04:46,049 - INFO - Building stim pattern for pattern_name 954
2026-02-01 19:04:46,066 - INFO - Building stim pattern for pattern_name 3906
2026-02-01 19:04:46,083 - INFO - Building stim pattern for pattern_name 2512
2026-02-01 19:04:46,101 - INFO - Building stim pattern for pattern_name 666
2026-02-01 19:04:46,115 - INFO - Building stim pattern for pattern_name 3387
2026-02-01 19:04:46,129 - INFO - Building stim pattern for pattern_name 2084
2026-02-01 19:04:46,159 - INFO - Building stim pattern for pattern_name 993
2026-02-01 19:04:46,180 - INFO - Building stim pattern for pattern_name 1307
2026-02-01 19:04:46,196 - INFO - Building stim pattern for pattern_name 575
2026-02-01 19:04:46,225 - INFO - Building stim pattern for pattern_name 48
2026-02-01 19:04:46,238 - INFO - Building stim pattern for pattern_name 3075
2026-02-01 19:04:46,252 - INFO - Building stim pattern for pattern_name 1376
2026-02-01 19:04:46,263 - INFO - Building stim pattern for pattern_name 1202
2026-02-01 19:04:46,283 - INFO - Building stim pattern for pattern_name 2448
2026-02-01 19:04:46,296 - INFO - Building stim pattern for pattern_name 2
2026-02-01 19:04:46,310 - INFO - Building stim pattern for pattern_name 801
2026-02-01 19:04:46,327 - INFO - Building stim pattern for pattern_name 1806
2026-02-01 19:04:46,342 - INFO - Building stim pattern for pattern_name 3064
2026-02-01 19:04:46,356 - INFO - Building stim pattern for pattern_name 1468
2026-02-01 19:04:46,370 - INFO - Building stim pattern for pattern_name 819
2026-02-01 19:04:46,383 - INFO - Building stim pattern for pattern_name 732
2026-02-01 19:04:46,406 - INFO - Building stim pattern for pattern_name 2942
2026-02-01 19:04:46,420 - INFO - Building stim pattern for pattern_name 1331
2026-02-01 19:04:46,444 - INFO - Building stim pattern for pattern_name 2749
2026-02-01 19:04:46,457 - INFO - Building stim pattern for pattern_name 2758
2026-02-01 19:04:46,472 - INFO - Building stim pattern for pattern_name 3621
2026-02-01 19:04:46,484 - INFO - Building stim pattern for pattern_name 2507
2026-02-01 19:04:46,497 - INFO - Building stim pattern for pattern_name 1551
2026-02-01 19:04:46,508 - INFO - Building stim pattern for pattern_name 1235
2026-02-01 19:04:46,528 - INFO - Building stim pattern for pattern_name 3945
2026-02-01 19:04:46,540 - INFO - Building stim pattern for pattern_name 1230
2026-02-01 19:04:46,553 - INFO - Building stim pattern for pattern_name 199
2026-02-01 19:04:46,565 - INFO - Building stim pattern for pattern_name 821
2026-02-01 19:04:46,578 - INFO - Building stim pattern for pattern_name 3762
2026-02-01 19:04:46,590 - INFO - Building stim pattern for pattern_name 3278
2026-02-01 19:04:46,604 - INFO - Building stim pattern for pattern_name 1921
2026-02-01 19:04:46,616 - INFO - Building stim pattern for pattern_name 630
2026-02-01 19:04:46,630 - INFO - Building stim pattern for pattern_name 756
2026-02-01 19:04:46,643 - INFO - Building stim pattern for pattern_name 142
2026-02-01 19:04:46,659 - INFO - Building stim pattern for pattern_name 430
2026-02-01 19:04:46,674 - INFO - Building stim pattern for pattern_name 628
2026-02-01 19:04:46,690 - INFO - Building stim pattern for pattern_name 550
2026-02-01 19:04:46,705 - INFO - Building stim pattern for pattern_name 1857
2026-02-01 19:04:46,721 - INFO - Building stim pattern for pattern_name 2723
2026-02-01 19:04:46,742 - INFO - Building stim pattern for pattern_name 1580
2026-02-01 19:04:46,770 - INFO - Building stim pattern for pattern_name 1465
2026-02-01 19:04:46,782 - INFO - Building stim pattern for pattern_name 3130
2026-02-01 19:04:46,795 - INFO - Building stim pattern for pattern_name 330
2026-02-01 19:04:46,807 - INFO - Building stim pattern for pattern_name 921
2026-02-01 19:04:46,819 - INFO - Building stim pattern for pattern_name 2755
2026-02-01 19:04:46,831 - INFO - Building stim pattern for pattern_name 3558
2026-02-01 19:04:46,842 - INFO - Building stim pattern for pattern_name 3534
2026-02-01 19:04:46,856 - INFO - Building stim pattern for pattern_name 1515
2026-02-01 19:04:46,876 - INFO - Building stim pattern for pattern_name 2404
2026-02-01 19:04:46,889 - INFO - Building stim pattern for pattern_name 1030
2026-02-01 19:04:46,902 - INFO - Building stim pattern for pattern_name 2393
2026-02-01 19:04:46,915 - INFO - Building stim pattern for pattern_name 2086
2026-02-01 19:04:46,937 - INFO - Building stim pattern for pattern_name 2297
2026-02-01 19:04:46,974 - INFO - Building stim pattern for pattern_name 3850
2026-02-01 19:04:46,996 - INFO - Building stim pattern for pattern_name 1343
2026-02-01 19:04:47,009 - INFO - Building stim pattern for pattern_name 2627
2026-02-01 19:04:47,023 - INFO - Building stim pattern for pattern_name 2535
2026-02-01 19:04:47,045 - INFO - Building stim pattern for pattern_name 2370
2026-02-01 19:04:47,066 - INFO - Building stim pattern for pattern_name 1894
2026-02-01 19:04:47,084 - INFO - Building stim pattern for pattern_name 1355
2026-02-01 19:04:47,096 - INFO - Building stim pattern for pattern_name 2316
2026-02-01 19:04:47,109 - INFO - Building stim pattern for pattern_name 2655
2026-02-01 19:04:47,125 - INFO - Building stim pattern for pattern_name 1295
2026-02-01 19:04:47,139 - INFO - Building stim pattern for pattern_name 2521
2026-02-01 19:04:47,151 - INFO - Building stim pattern for pattern_name 3618
2026-02-01 19:04:47,163 - INFO - Building stim pattern for pattern_name 2023
2026-02-01 19:04:47,177 - INFO - Building stim pattern for pattern_name 1497
2026-02-01 19:04:47,196 - INFO - Building stim pattern for pattern_name 2735
2026-02-01 19:04:47,217 - INFO - Building stim pattern for pattern_name 1645
2026-02-01 19:04:47,230 - INFO - Building stim pattern for pattern_name 3407
2026-02-01 19:04:47,241 - INFO - Building stim pattern for pattern_name 2401
2026-02-01 19:04:47,254 - INFO - Building stim pattern for pattern_name 1745
2026-02-01 19:04:47,276 - INFO - Building stim pattern for pattern_name 3192
2026-02-01 19:04:47,290 - INFO - Building stim pattern for pattern_name 1585
2026-02-01 19:04:47,303 - INFO - Building stim pattern for pattern_name 1300
2026-02-01 19:04:47,315 - INFO - Building stim pattern for pattern_name 3246
2026-02-01 19:04:47,329 - INFO - Building stim pattern for pattern_name 1121
2026-02-01 19:04:47,351 - INFO - Building stim pattern for pattern_name 1399
2026-02-01 19:04:47,397 - INFO - Building stim pattern for pattern_name 2147
2026-02-01 19:04:47,410 - INFO - Building stim pattern for pattern_name 3086
2026-02-01 19:04:47,424 - INFO - Building stim pattern for pattern_name 1237
2026-02-01 19:04:47,437 - INFO - Building stim pattern for pattern_name 51
2026-02-01 19:04:47,451 - INFO - Building stim pattern for pattern_name 749
2026-02-01 19:04:47,472 - INFO - Building stim pattern for pattern_name 520
2026-02-01 19:04:47,483 - INFO - Building stim pattern for pattern_name 1201
2026-02-01 19:04:47,495 - INFO - Building stim pattern for pattern_name 35
2026-02-01 19:04:47,509 - INFO - Building stim pattern for pattern_name 3069
2026-02-01 19:04:47,523 - INFO - Building stim pattern for pattern_name 2040
2026-02-01 19:04:47,537 - INFO - Building stim pattern for pattern_name 2719
2026-02-01 19:04:47,549 - INFO - Building stim pattern for pattern_name 3833
2026-02-01 19:04:47,562 - INFO - Building stim pattern for pattern_name 1722
2026-02-01 19:04:47,583 - INFO - Building stim pattern for pattern_name 2593
2026-02-01 19:04:47,603 - INFO - Building stim pattern for pattern_name 1329
2026-02-01 19:04:47,615 - INFO - Building stim pattern for pattern_name 2382
2026-02-01 19:04:47,627 - INFO - Building stim pattern for pattern_name 1603
2026-02-01 19:04:47,689 - INFO - Building stim pattern for pattern_name 1064
2026-02-01 19:04:47,731 - INFO - Building stim pattern for pattern_name 286
2026-02-01 19:04:47,744 - INFO - Building stim pattern for pattern_name 1918
2026-02-01 19:04:47,757 - INFO - Building stim pattern for pattern_name 568
2026-02-01 19:04:47,770 - INFO - Building stim pattern for pattern_name 243
2026-02-01 19:04:47,783 - INFO - Building stim pattern for pattern_name 2785
2026-02-01 19:04:47,802 - INFO - Building stim pattern for pattern_name 3063
2026-02-01 19:04:47,815 - INFO - Building stim pattern for pattern_name 3097
2026-02-01 19:04:47,826 - INFO - Building stim pattern for pattern_name 1843
2026-02-01 19:04:47,845 - INFO - Building stim pattern for pattern_name 3383
2026-02-01 19:04:47,857 - INFO - Building stim pattern for pattern_name 491
2026-02-01 19:04:47,870 - INFO - Building stim pattern for pattern_name 1752
2026-02-01 19:04:47,884 - INFO - Building stim pattern for pattern_name 2306
2026-02-01 19:04:47,897 - INFO - Building stim pattern for pattern_name 2030
2026-02-01 19:04:47,920 - INFO - Building stim pattern for pattern_name 2368
2026-02-01 19:04:47,933 - INFO - Building stim pattern for pattern_name 2753
2026-02-01 19:04:47,951 - INFO - Building stim pattern for pattern_name 2479
2026-02-01 19:04:47,963 - INFO - Building stim pattern for pattern_name 2782
2026-02-01 19:04:47,974 - INFO - Building stim pattern for pattern_name 553
2026-02-01 19:04:47,987 - INFO - Building stim pattern for pattern_name 2205
2026-02-01 19:04:47,999 - INFO - Building stim pattern for pattern_name 949
2026-02-01 19:04:48,027 - INFO - Building stim pattern for pattern_name 2858
2026-02-01 19:04:48,040 - INFO - Building stim pattern for pattern_name 3108
2026-02-01 19:04:48,052 - INFO - Building stim pattern for pattern_name 3347
2026-02-01 19:04:48,064 - INFO - Building stim pattern for pattern_name 275
2026-02-01 19:04:48,076 - INFO - Building stim pattern for pattern_name 1711
2026-02-01 19:04:48,089 - INFO - Building stim pattern for pattern_name 2955
2026-02-01 19:04:48,102 - INFO - Building stim pattern for pattern_name 1996
2026-02-01 19:04:48,114 - INFO - Building stim pattern for pattern_name 3289
2026-02-01 19:04:48,134 - INFO - Building stim pattern for pattern_name 3456
2026-02-01 19:04:48,146 - INFO - Building stim pattern for pattern_name 1221
2026-02-01 19:04:48,157 - INFO - Building stim pattern for pattern_name 3897
2026-02-01 19:04:48,168 - INFO - Building stim pattern for pattern_name 3524
2026-02-01 19:04:48,181 - INFO - Building stim pattern for pattern_name 3949
2026-02-01 19:04:48,194 - INFO - Building stim pattern for pattern_name 3397
2026-02-01 19:04:48,206 - INFO - Building stim pattern for pattern_name 28
2026-02-01 19:04:48,219 - INFO - Building stim pattern for pattern_name 3857
2026-02-01 19:04:48,242 - INFO - Building stim pattern for pattern_name 2421
2026-02-01 19:04:48,262 - INFO - Building stim pattern for pattern_name 2881
2026-02-01 19:04:48,274 - INFO - Building stim pattern for pattern_name 3238
2026-02-01 19:04:48,286 - INFO - Building stim pattern for pattern_name 1537
2026-02-01 19:04:48,323 - INFO - Building stim pattern for pattern_name 2177
2026-02-01 19:04:48,334 - INFO - Building stim pattern for pattern_name 893
2026-02-01 19:04:48,353 - INFO - Building stim pattern for pattern_name 711
2026-02-01 19:04:48,364 - INFO - Building stim pattern for pattern_name 3898
2026-02-01 19:04:48,374 - INFO - Building stim pattern for pattern_name 3701
2026-02-01 19:04:48,386 - INFO - Building stim pattern for pattern_name 130
2026-02-01 19:04:48,398 - INFO - Building stim pattern for pattern_name 217
2026-02-01 19:04:48,410 - INFO - Building stim pattern for pattern_name 3480
2026-02-01 19:04:48,422 - INFO - Building stim pattern for pattern_name 3432
2026-02-01 19:04:48,435 - INFO - Building stim pattern for pattern_name 1347
2026-02-01 19:04:48,446 - INFO - Building stim pattern for pattern_name 12
2026-02-01 19:04:48,459 - INFO - Building stim pattern for pattern_name 2699
2026-02-01 19:04:48,473 - INFO - Building stim pattern for pattern_name 427
2026-02-01 19:04:48,485 - INFO - Building stim pattern for pattern_name 3261
2026-02-01 19:04:48,496 - INFO - Building stim pattern for pattern_name 3368
2026-02-01 19:04:48,510 - INFO - Building stim pattern for pattern_name 1747
2026-02-01 19:04:48,529 - INFO - Building stim pattern for pattern_name 3665
2026-02-01 19:04:48,540 - INFO - Building stim pattern for pattern_name 343
2026-02-01 19:04:48,552 - INFO - Building stim pattern for pattern_name 3113
2026-02-01 19:04:48,564 - INFO - Building stim pattern for pattern_name 2501
2026-02-01 19:04:48,583 - INFO - Building stim pattern for pattern_name 3040
2026-02-01 19:04:48,594 - INFO - Building stim pattern for pattern_name 133
2026-02-01 19:04:48,614 - INFO - Building stim pattern for pattern_name 3696
2026-02-01 19:04:48,626 - INFO - Building stim pattern for pattern_name 3577
2026-02-01 19:04:48,640 - INFO - Building stim pattern for pattern_name 3334
2026-02-01 19:04:48,655 - INFO - Building stim pattern for pattern_name 1707
2026-02-01 19:04:48,669 - INFO - Building stim pattern for pattern_name 293
2026-02-01 19:04:48,681 - INFO - Building stim pattern for pattern_name 2492
2026-02-01 19:04:48,693 - INFO - Building stim pattern for pattern_name 8
2026-02-01 19:04:48,705 - INFO - Building stim pattern for pattern_name 2036
2026-02-01 19:04:48,728 - INFO - Building stim pattern for pattern_name 3442
2026-02-01 19:04:48,741 - INFO - Building stim pattern for pattern_name 2273
2026-02-01 19:04:48,767 - INFO - Building stim pattern for pattern_name 3435
2026-02-01 19:04:48,863 - INFO - Building stim pattern for pattern_name 3556
2026-02-01 19:04:48,892 - INFO - Building stim pattern for pattern_name 3306
2026-02-01 19:04:48,905 - INFO - Building stim pattern for pattern_name 808
2026-02-01 19:04:48,916 - INFO - Building stim pattern for pattern_name 80
2026-02-01 19:04:48,943 - INFO - Building stim pattern for pattern_name 3410
2026-02-01 19:04:48,956 - INFO - Building stim pattern for pattern_name 650
2026-02-01 19:04:48,966 - INFO - Building stim pattern for pattern_name 2743
2026-02-01 19:04:48,979 - INFO - Building stim pattern for pattern_name 3265
2026-02-01 19:04:49,000 - INFO - Building stim pattern for pattern_name 3357
2026-02-01 19:04:49,013 - INFO - Building stim pattern for pattern_name 266
2026-02-01 19:04:49,027 - INFO - Building stim pattern for pattern_name 684
2026-02-01 19:04:49,046 - INFO - Building stim pattern for pattern_name 1256
2026-02-01 19:04:49,059 - INFO - Building stim pattern for pattern_name 854
2026-02-01 19:04:49,071 - INFO - Building stim pattern for pattern_name 2620
2026-02-01 19:04:49,083 - INFO - Building stim pattern for pattern_name 2764
2026-02-01 19:04:49,102 - INFO - Building stim pattern for pattern_name 677
2026-02-01 19:04:49,121 - INFO - Building stim pattern for pattern_name 2845
2026-02-01 19:04:49,134 - INFO - Building stim pattern for pattern_name 2771
2026-02-01 19:04:49,146 - INFO - Building stim pattern for pattern_name 1560
2026-02-01 19:04:49,158 - INFO - Building stim pattern for pattern_name 1608
2026-02-01 19:04:49,179 - INFO - Building stim pattern for pattern_name 441
2026-02-01 19:04:49,191 - INFO - Building stim pattern for pattern_name 1044
2026-02-01 19:04:49,203 - INFO - Building stim pattern for pattern_name 2406
2026-02-01 19:04:49,215 - INFO - Building stim pattern for pattern_name 1490
2026-02-01 19:04:49,230 - INFO - Building stim pattern for pattern_name 56
2026-02-01 19:04:49,243 - INFO - Building stim pattern for pattern_name 2580
2026-02-01 19:04:49,254 - INFO - Building stim pattern for pattern_name 69
2026-02-01 19:04:49,266 - INFO - Building stim pattern for pattern_name 3277
2026-02-01 19:04:49,285 - INFO - Building stim pattern for pattern_name 3645
2026-02-01 19:04:49,304 - INFO - Building stim pattern for pattern_name 2604
2026-02-01 19:04:49,315 - INFO - Building stim pattern for pattern_name 301
2026-02-01 19:04:49,327 - INFO - Building stim pattern for pattern_name 1643
2026-02-01 19:04:49,338 - INFO - Building stim pattern for pattern_name 3650
2026-02-01 19:04:49,349 - INFO - Building stim pattern for pattern_name 2261
2026-02-01 19:04:49,360 - INFO - Building stim pattern for pattern_name 2963
2026-02-01 19:04:49,372 - INFO - Building stim pattern for pattern_name 1
2026-02-01 19:04:49,384 - INFO - Building stim pattern for pattern_name 3033
2026-02-01 19:04:49,396 - INFO - Building stim pattern for pattern_name 499
2026-02-01 19:04:49,408 - INFO - Building stim pattern for pattern_name 3759
2026-02-01 19:04:49,419 - INFO - Building stim pattern for pattern_name 2469
2026-02-01 19:04:49,430 - INFO - Building stim pattern for pattern_name 1352
2026-02-01 19:04:49,442 - INFO - Building stim pattern for pattern_name 1891
2026-02-01 19:04:49,453 - INFO - Building stim pattern for pattern_name 3422
2026-02-01 19:04:49,464 - INFO - Building stim pattern for pattern_name 94
2026-02-01 19:04:49,477 - INFO - Building stim pattern for pattern_name 3445
2026-02-01 19:04:49,489 - INFO - Building stim pattern for pattern_name 103
2026-02-01 19:04:49,500 - INFO - Building stim pattern for pattern_name 2803
2026-02-01 19:04:49,513 - INFO - Building stim pattern for pattern_name 1742
2026-02-01 19:04:49,523 - INFO - Building stim pattern for pattern_name 2532
2026-02-01 19:04:49,534 - INFO - Building stim pattern for pattern_name 276
2026-02-01 19:04:49,552 - INFO - Building stim pattern for pattern_name 758
2026-02-01 19:04:49,564 - INFO - Building stim pattern for pattern_name 62
2026-02-01 19:04:49,576 - INFO - Building stim pattern for pattern_name 2748
2026-02-01 19:04:49,587 - INFO - Building stim pattern for pattern_name 2936
2026-02-01 19:04:49,598 - INFO - Building stim pattern for pattern_name 785
2026-02-01 19:04:49,619 - INFO - Building stim pattern for pattern_name 1750
2026-02-01 19:04:49,633 - INFO - Building stim pattern for pattern_name 3137
2026-02-01 19:04:49,645 - INFO - Building stim pattern for pattern_name 1793
2026-02-01 19:04:49,657 - INFO - Building stim pattern for pattern_name 3433
2026-02-01 19:04:49,670 - INFO - Building stim pattern for pattern_name 2991
2026-02-01 19:04:49,683 - INFO - Building stim pattern for pattern_name 3411
2026-02-01 19:04:49,695 - INFO - Building stim pattern for pattern_name 1833
2026-02-01 19:04:49,709 - INFO - Building stim pattern for pattern_name 2911
2026-02-01 19:04:49,736 - INFO - Building stim pattern for pattern_name 747
2026-02-01 19:04:49,747 - INFO - Building stim pattern for pattern_name 222
2026-02-01 19:04:49,759 - INFO - Building stim pattern for pattern_name 1074
2026-02-01 19:04:49,772 - INFO - Building stim pattern for pattern_name 3806
2026-02-01 19:04:49,785 - INFO - Building stim pattern for pattern_name 2890
2026-02-01 19:04:49,797 - INFO - Building stim pattern for pattern_name 911
2026-02-01 19:04:49,809 - INFO - Building stim pattern for pattern_name 1825
2026-02-01 19:04:49,821 - INFO - Building stim pattern for pattern_name 3457
2026-02-01 19:04:49,832 - INFO - Building stim pattern for pattern_name 214
2026-02-01 19:04:49,843 - INFO - Building stim pattern for pattern_name 3925
2026-02-01 19:04:49,855 - INFO - Building stim pattern for pattern_name 3496
2026-02-01 19:04:49,867 - INFO - Building stim pattern for pattern_name 762
2026-02-01 19:04:49,879 - INFO - Building stim pattern for pattern_name 1198
2026-02-01 19:04:49,892 - INFO - Building stim pattern for pattern_name 2498
2026-02-01 19:04:49,906 - INFO - Building stim pattern for pattern_name 1480
2026-02-01 19:04:49,917 - INFO - Building stim pattern for pattern_name 3744
2026-02-01 19:04:50,002 - INFO - Building stim pattern for pattern_name 3995
2026-02-01 19:04:50,018 - INFO - Building stim pattern for pattern_name 3146
2026-02-01 19:04:50,038 - INFO - Building stim pattern for pattern_name 3466
2026-02-01 19:04:50,051 - INFO - Building stim pattern for pattern_name 649
2026-02-01 19:04:50,065 - INFO - Building stim pattern for pattern_name 3286
2026-02-01 19:04:50,081 - INFO - Building stim pattern for pattern_name 111
2026-02-01 19:04:50,106 - INFO - Building stim pattern for pattern_name 1033
2026-02-01 19:04:50,122 - INFO - Building stim pattern for pattern_name 1236
2026-02-01 19:13:05,091 - INFO - Building stim pattern for pattern_name 4033
2026-02-01 19:13:05,104 - INFO - Building stim pattern for pattern_name 4017
2026-02-01 19:13:05,114 - INFO - Building stim pattern for pattern_name 4028
2026-02-01 19:13:05,125 - INFO - Building stim pattern for pattern_name 2739
2026-02-01 19:13:05,136 - INFO - Building stim pattern for pattern_name 4003
2026-02-01 19:13:05,213 - INFO - Building stim pattern for pattern_name 3514
2026-02-01 19:13:05,312 - INFO - Building stim pattern for pattern_name 91
2026-02-01 19:13:05,326 - INFO - Building stim pattern for pattern_name 617
2026-02-01 19:13:05,342 - INFO - Building stim pattern for pattern_name 3852
2026-02-01 19:13:05,354 - INFO - Building stim pattern for pattern_name 4025
2026-02-01 19:13:05,368 - INFO - Building stim pattern for pattern_name 3219
2026-02-01 19:13:05,377 - INFO - Building stim pattern for pattern_name 3708
2026-02-01 19:13:05,385 - INFO - Building stim pattern for pattern_name 2977
2026-02-01 19:13:05,395 - INFO - Building stim pattern for pattern_name 399
2026-02-01 19:13:05,404 - INFO - Building stim pattern for pattern_name 3495
2026-02-01 19:13:05,412 - INFO - Building stim pattern for pattern_name 535
2026-02-01 19:13:05,423 - INFO - Building stim pattern for pattern_name 522
2026-02-01 19:13:05,432 - INFO - Building stim pattern for pattern_name 3430
2026-02-01 19:13:05,442 - INFO - Building stim pattern for pattern_name 4004
2026-02-01 19:13:05,452 - INFO - Building stim pattern for pattern_name 1001
2026-02-01 19:13:05,463 - INFO - Building stim pattern for pattern_name 244
2026-02-01 19:13:05,472 - INFO - Building stim pattern for pattern_name 1209
2026-02-01 19:13:05,482 - INFO - Building stim pattern for pattern_name 858
2026-02-01 19:13:05,492 - INFO - Building stim pattern for pattern_name 2446
2026-02-01 19:13:05,501 - INFO - Building stim pattern for pattern_name 623
2026-02-01 19:13:05,510 - INFO - Building stim pattern for pattern_name 1578
2026-02-01 19:13:05,519 - INFO - Building stim pattern for pattern_name 1268
2026-02-01 19:13:05,529 - INFO - Building stim pattern for pattern_name 47
2026-02-01 19:13:05,538 - INFO - Building stim pattern for pattern_name 1768
2026-02-01 19:13:05,547 - INFO - Building stim pattern for pattern_name 2971
2026-02-01 19:13:05,558 - INFO - Building stim pattern for pattern_name 3515
2026-02-01 19:13:05,566 - INFO - Building stim pattern for pattern_name 238
2026-02-01 19:13:05,576 - INFO - Building stim pattern for pattern_name 90
2026-02-01 19:13:05,586 - INFO - Building stim pattern for pattern_name 2509
2026-02-01 19:13:05,605 - INFO - Building stim pattern for pattern_name 695
2026-02-01 19:13:05,617 - INFO - Building stim pattern for pattern_name 369
2026-02-01 19:13:05,627 - INFO - Building stim pattern for pattern_name 596
2026-02-01 19:13:05,638 - INFO - Building stim pattern for pattern_name 2055
2026-02-01 19:13:05,648 - INFO - Building stim pattern for pattern_name 4040
2026-02-01 19:13:05,656 - INFO - Building stim pattern for pattern_name 2275
2026-02-01 19:13:05,665 - INFO - Building stim pattern for pattern_name 784
2026-02-01 19:13:05,673 - INFO - Building stim pattern for pattern_name 373
2026-02-01 19:13:05,683 - INFO - Building stim pattern for pattern_name 43
2026-02-01 19:13:05,692 - INFO - Building stim pattern for pattern_name 3162
2026-02-01 19:13:05,703 - INFO - Building stim pattern for pattern_name 3934
2026-02-01 19:13:05,712 - INFO - Building stim pattern for pattern_name 3718
2026-02-01 19:13:05,722 - INFO - Building stim pattern for pattern_name 2046
2026-02-01 19:13:05,730 - INFO - Building stim pattern for pattern_name 3660
2026-02-01 19:13:05,740 - INFO - Building stim pattern for pattern_name 2329
2026-02-01 19:13:05,752 - INFO - Building stim pattern for pattern_name 1278
2026-02-01 19:13:05,762 - INFO - Building stim pattern for pattern_name 3361
2026-02-01 19:13:05,772 - INFO - Building stim pattern for pattern_name 277
2026-02-01 19:13:05,781 - INFO - Building stim pattern for pattern_name 2556
2026-02-01 19:13:05,792 - INFO - Building stim pattern for pattern_name 3010
2026-02-01 19:13:05,802 - INFO - Building stim pattern for pattern_name 4038
2026-02-01 19:13:05,812 - INFO - Building stim pattern for pattern_name 1626
2026-02-01 19:13:05,821 - INFO - Building stim pattern for pattern_name 2212
2026-02-01 19:13:05,831 - INFO - Building stim pattern for pattern_name 2428
2026-02-01 19:13:05,841 - INFO - Building stim pattern for pattern_name 840
2026-02-01 19:13:05,850 - INFO - Building stim pattern for pattern_name 4022
2026-02-01 19:13:05,860 - INFO - Building stim pattern for pattern_name 2597
2026-02-01 19:13:05,870 - INFO - Building stim pattern for pattern_name 2560
2026-02-01 19:13:05,879 - INFO - Building stim pattern for pattern_name 3531
2026-02-01 19:13:05,887 - INFO - Building stim pattern for pattern_name 3288
2026-02-01 19:13:05,896 - INFO - Building stim pattern for pattern_name 3119
2026-02-01 19:13:05,905 - INFO - Building stim pattern for pattern_name 776
2026-02-01 19:13:05,913 - INFO - Building stim pattern for pattern_name 3074
2026-02-01 19:13:05,922 - INFO - Building stim pattern for pattern_name 2100
2026-02-01 19:13:05,930 - INFO - Building stim pattern for pattern_name 449
2026-02-01 19:13:05,939 - INFO - Building stim pattern for pattern_name 716
2026-02-01 19:13:05,949 - INFO - Building stim pattern for pattern_name 4034
2026-02-01 19:13:05,958 - INFO - Building stim pattern for pattern_name 3365
2026-02-01 19:13:05,967 - INFO - Building stim pattern for pattern_name 1181
2026-02-01 19:13:05,977 - INFO - Building stim pattern for pattern_name 4030
2026-02-01 19:13:05,988 - INFO - Building stim pattern for pattern_name 4031
2026-02-01 19:13:05,999 - INFO - Building stim pattern for pattern_name 1296
2026-02-01 19:13:06,010 - INFO - Building stim pattern for pattern_name 814
2026-02-01 19:13:06,022 - INFO - Building stim pattern for pattern_name 4005
2026-02-01 19:13:06,031 - INFO - Building stim pattern for pattern_name 3584
2026-02-01 19:13:06,040 - INFO - Building stim pattern for pattern_name 570
2026-02-01 19:13:06,050 - INFO - Building stim pattern for pattern_name 2649
2026-02-01 19:13:06,058 - INFO - Building stim pattern for pattern_name 962
2026-02-01 19:13:06,067 - INFO - Building stim pattern for pattern_name 4
2026-02-01 19:13:06,075 - INFO - Building stim pattern for pattern_name 2240
2026-02-01 19:13:06,084 - INFO - Building stim pattern for pattern_name 2929
2026-02-01 19:13:06,092 - INFO - Building stim pattern for pattern_name 345
2026-02-01 19:13:06,101 - INFO - Building stim pattern for pattern_name 3545
2026-02-01 19:13:06,110 - INFO - Building stim pattern for pattern_name 1590
2026-02-01 19:13:06,119 - INFO - Building stim pattern for pattern_name 3243
2026-02-01 19:13:06,129 - INFO - Building stim pattern for pattern_name 3251
2026-02-01 19:13:06,139 - INFO - Building stim pattern for pattern_name 1261
2026-02-01 19:13:06,147 - INFO - Building stim pattern for pattern_name 3792
2026-02-01 19:13:06,161 - INFO - Building stim pattern for pattern_name 4010
2026-02-01 19:13:06,171 - INFO - Building stim pattern for pattern_name 3475
2026-02-01 19:13:06,180 - INFO - Building stim pattern for pattern_name 1583
2026-02-01 19:13:06,188 - INFO - Building stim pattern for pattern_name 2987
2026-02-01 19:13:06,206 - INFO - Building stim pattern for pattern_name 1373
2026-02-01 19:13:06,216 - INFO - Building stim pattern for pattern_name 670
2026-02-01 19:13:06,226 - INFO - Building stim pattern for pattern_name 2630
2026-02-01 19:13:06,237 - INFO - Building stim pattern for pattern_name 566
2026-02-01 19:13:06,246 - INFO - Building stim pattern for pattern_name 1389
2026-02-01 19:13:06,260 - INFO - Building stim pattern for pattern_name 2721
2026-02-01 19:13:06,269 - INFO - Building stim pattern for pattern_name 2260
2026-02-01 19:13:06,278 - INFO - Building stim pattern for pattern_name 2022
2026-02-01 19:13:06,287 - INFO - Building stim pattern for pattern_name 4039
2026-02-01 19:13:06,297 - INFO - Building stim pattern for pattern_name 1930
2026-02-01 19:13:06,306 - INFO - Building stim pattern for pattern_name 738
2026-02-01 19:13:06,315 - INFO - Building stim pattern for pattern_name 2002
2026-02-01 19:13:06,325 - INFO - Building stim pattern for pattern_name 3454
2026-02-01 19:13:06,334 - INFO - Building stim pattern for pattern_name 408
2026-02-01 19:13:06,346 - INFO - Building stim pattern for pattern_name 4002
2026-02-01 19:13:06,363 - INFO - Building stim pattern for pattern_name 227
2026-02-01 19:13:06,372 - INFO - Building stim pattern for pattern_name 3404
2026-02-01 19:13:06,382 - INFO - Building stim pattern for pattern_name 10
2026-02-01 19:13:06,392 - INFO - Building stim pattern for pattern_name 2714
2026-02-01 19:13:06,402 - INFO - Building stim pattern for pattern_name 4026
2026-02-01 19:13:06,414 - INFO - Building stim pattern for pattern_name 3755
2026-02-01 19:13:06,424 - INFO - Building stim pattern for pattern_name 1052
2026-02-01 19:13:06,444 - INFO - Building stim pattern for pattern_name 258
2026-02-01 19:13:06,458 - INFO - Building stim pattern for pattern_name 576
2026-02-01 19:13:06,469 - INFO - Building stim pattern for pattern_name 1895
2026-02-01 19:13:06,480 - INFO - Building stim pattern for pattern_name 1455
2026-02-01 19:13:06,490 - INFO - Building stim pattern for pattern_name 1439
2026-02-01 19:13:06,502 - INFO - Building stim pattern for pattern_name 2933
2026-02-01 19:13:06,513 - INFO - Building stim pattern for pattern_name 1325
2026-02-01 19:13:06,524 - INFO - Building stim pattern for pattern_name 3610
2026-02-01 19:13:06,535 - INFO - Building stim pattern for pattern_name 3601
2026-02-01 19:13:06,546 - INFO - Building stim pattern for pattern_name 3022
2026-02-01 19:13:06,556 - INFO - Building stim pattern for pattern_name 1312
2026-02-01 19:13:06,565 - INFO - Building stim pattern for pattern_name 1654
2026-02-01 19:13:06,577 - INFO - Building stim pattern for pattern_name 2031
2026-02-01 19:13:06,587 - INFO - Building stim pattern for pattern_name 1564
2026-02-01 19:13:06,603 - INFO - Building stim pattern for pattern_name 3398
2026-02-01 19:13:06,612 - INFO - Building stim pattern for pattern_name 4047
2026-02-01 19:13:06,622 - INFO - Building stim pattern for pattern_name 4036
2026-02-01 19:13:06,631 - INFO - Building stim pattern for pattern_name 727
2026-02-01 19:13:06,641 - INFO - Building stim pattern for pattern_name 263
2026-02-01 19:13:06,651 - INFO - Building stim pattern for pattern_name 2402
2026-02-01 19:13:06,660 - INFO - Building stim pattern for pattern_name 4020
2026-02-01 19:13:06,670 - INFO - Building stim pattern for pattern_name 4049
2026-02-01 19:13:06,680 - INFO - Building stim pattern for pattern_name 4029
2026-02-01 19:13:06,690 - INFO - Building stim pattern for pattern_name 3641
2026-02-01 19:13:06,699 - INFO - Building stim pattern for pattern_name 501
2026-02-01 19:13:06,710 - INFO - Building stim pattern for pattern_name 3574
2026-02-01 19:13:06,721 - INFO - Building stim pattern for pattern_name 2214
2026-02-01 19:13:06,731 - INFO - Building stim pattern for pattern_name 543
2026-02-01 19:13:06,741 - INFO - Building stim pattern for pattern_name 4044
2026-02-01 19:13:06,751 - INFO - Building stim pattern for pattern_name 2058
2026-02-01 19:13:06,762 - INFO - Building stim pattern for pattern_name 4012
2026-02-01 19:13:06,772 - INFO - Building stim pattern for pattern_name 1565
2026-02-01 19:13:06,781 - INFO - Building stim pattern for pattern_name 3892
2026-02-01 19:13:06,791 - INFO - Building stim pattern for pattern_name 2481
2026-02-01 19:13:06,800 - INFO - Building stim pattern for pattern_name 334
2026-02-01 19:13:06,810 - INFO - Building stim pattern for pattern_name 2102
2026-02-01 19:13:06,820 - INFO - Building stim pattern for pattern_name 3316
2026-02-01 19:13:06,836 - INFO - Building stim pattern for pattern_name 4037
2026-02-01 19:13:06,847 - INFO - Building stim pattern for pattern_name 1577
2026-02-01 19:13:06,856 - INFO - Building stim pattern for pattern_name 4045
2026-02-01 19:13:06,866 - INFO - Building stim pattern for pattern_name 394
2026-02-01 19:13:06,875 - INFO - Building stim pattern for pattern_name 1252
2026-02-01 19:13:06,884 - INFO - Building stim pattern for pattern_name 870
2026-02-01 19:13:06,898 - INFO - Building stim pattern for pattern_name 1892
2026-02-01 19:13:06,908 - INFO - Building stim pattern for pattern_name 1727
2026-02-01 19:13:06,922 - INFO - Building stim pattern for pattern_name 175
2026-02-01 19:13:06,942 - INFO - Building stim pattern for pattern_name 285
2026-02-01 19:13:06,954 - INFO - Building stim pattern for pattern_name 560
2026-02-01 19:13:06,964 - INFO - Building stim pattern for pattern_name 2111
2026-02-01 19:13:06,976 - INFO - Building stim pattern for pattern_name 3690
2026-02-01 19:13:06,986 - INFO - Building stim pattern for pattern_name 2901
2026-02-01 19:13:06,996 - INFO - Building stim pattern for pattern_name 77
2026-02-01 19:13:07,007 - INFO - Building stim pattern for pattern_name 3692
2026-02-01 19:13:07,018 - INFO - Building stim pattern for pattern_name 3193
2026-02-01 19:13:07,028 - INFO - Building stim pattern for pattern_name 896
2026-02-01 19:13:07,039 - INFO - Building stim pattern for pattern_name 2138
2026-02-01 19:13:07,048 - INFO - Building stim pattern for pattern_name 1822
2026-02-01 19:13:07,057 - INFO - Building stim pattern for pattern_name 2381
2026-02-01 19:13:07,066 - INFO - Building stim pattern for pattern_name 2717
2026-02-01 19:13:07,075 - INFO - Building stim pattern for pattern_name 4014
2026-02-01 19:13:07,086 - INFO - Building stim pattern for pattern_name 481
2026-02-01 19:13:07,101 - INFO - Building stim pattern for pattern_name 2091
2026-02-01 19:13:07,113 - INFO - Building stim pattern for pattern_name 2664
2026-02-01 19:13:07,124 - INFO - Building stim pattern for pattern_name 3013
2026-02-01 19:13:07,136 - INFO - Building stim pattern for pattern_name 463
2026-02-01 19:13:07,146 - INFO - Building stim pattern for pattern_name 707
2026-02-01 19:13:07,156 - INFO - Building stim pattern for pattern_name 3307
2026-02-01 19:13:07,165 - INFO - Building stim pattern for pattern_name 4015
2026-02-01 19:13:07,182 - INFO - Building stim pattern for pattern_name 3803
2026-02-01 19:13:07,193 - INFO - Building stim pattern for pattern_name 4023
2026-02-01 19:13:07,202 - INFO - Building stim pattern for pattern_name 2383
2026-02-01 19:13:07,211 - INFO - Building stim pattern for pattern_name 3612
2026-02-01 19:13:07,227 - INFO - Building stim pattern for pattern_name 1697
2026-02-01 19:13:07,237 - INFO - Building stim pattern for pattern_name 3728
2026-02-01 19:13:07,247 - INFO - Building stim pattern for pattern_name 4048
2026-02-01 19:13:07,257 - INFO - Building stim pattern for pattern_name 3467
2026-02-01 19:13:07,267 - INFO - Building stim pattern for pattern_name 1574
2026-02-01 19:13:07,277 - INFO - Building stim pattern for pattern_name 862
2026-02-01 19:13:07,286 - INFO - Building stim pattern for pattern_name 3815
2026-02-01 19:13:07,296 - INFO - Building stim pattern for pattern_name 1971
2026-02-01 19:13:07,305 - INFO - Building stim pattern for pattern_name 2552
2026-02-01 19:13:07,315 - INFO - Building stim pattern for pattern_name 1106
2026-02-01 19:13:07,326 - INFO - Building stim pattern for pattern_name 4011
2026-02-01 19:13:07,337 - INFO - Building stim pattern for pattern_name 1169
2026-02-01 19:13:07,346 - INFO - Building stim pattern for pattern_name 2064
2026-02-01 19:13:07,356 - INFO - Building stim pattern for pattern_name 842
2026-02-01 19:13:07,365 - INFO - Building stim pattern for pattern_name 1291
2026-02-01 19:13:07,374 - INFO - Building stim pattern for pattern_name 1010
2026-02-01 19:13:07,383 - INFO - Building stim pattern for pattern_name 2060
2026-02-01 19:13:07,397 - INFO - Building stim pattern for pattern_name 446
2026-02-01 19:13:07,407 - INFO - Building stim pattern for pattern_name 2079
2026-02-01 19:13:07,417 - INFO - Building stim pattern for pattern_name 1757
2026-02-01 19:13:07,427 - INFO - Building stim pattern for pattern_name 2970
2026-02-01 19:13:07,438 - INFO - Building stim pattern for pattern_name 2644
2026-02-01 19:13:07,449 - INFO - Building stim pattern for pattern_name 3990
2026-02-01 19:13:07,458 - INFO - Building stim pattern for pattern_name 3640
2026-02-01 19:13:07,468 - INFO - Building stim pattern for pattern_name 1082
2026-02-01 19:13:07,477 - INFO - Building stim pattern for pattern_name 2042
2026-02-01 19:13:07,485 - INFO - Building stim pattern for pattern_name 95
2026-02-01 19:13:07,493 - INFO - Building stim pattern for pattern_name 2950
2026-02-01 19:13:07,503 - INFO - Building stim pattern for pattern_name 426
2026-02-01 19:13:07,511 - INFO - Building stim pattern for pattern_name 1850
2026-02-01 19:13:07,522 - INFO - Building stim pattern for pattern_name 75
2026-02-01 19:13:07,532 - INFO - Building stim pattern for pattern_name 2924
2026-02-01 19:13:07,546 - INFO - Building stim pattern for pattern_name 2441
2026-02-01 19:13:07,555 - INFO - Building stim pattern for pattern_name 3549
2026-02-01 19:13:07,566 - INFO - Building stim pattern for pattern_name 2675
2026-02-01 19:13:07,581 - INFO - Building stim pattern for pattern_name 2725
2026-02-01 19:13:07,590 - INFO - Building stim pattern for pattern_name 1870
2026-02-01 19:13:07,599 - INFO - Building stim pattern for pattern_name 2451
2026-02-01 19:13:07,610 - INFO - Building stim pattern for pattern_name 3724
2026-02-01 19:13:07,621 - INFO - Building stim pattern for pattern_name 3249
2026-02-01 19:13:07,630 - INFO - Building stim pattern for pattern_name 3699
2026-02-01 19:13:07,642 - INFO - Building stim pattern for pattern_name 3552
2026-02-01 19:13:07,654 - INFO - Building stim pattern for pattern_name 4019
2026-02-01 19:13:07,663 - INFO - Building stim pattern for pattern_name 3991
2026-02-01 19:13:07,676 - INFO - Building stim pattern for pattern_name 947
2026-02-01 19:13:07,685 - INFO - Building stim pattern for pattern_name 3400
2026-02-01 19:13:07,694 - INFO - Building stim pattern for pattern_name 1872
2026-02-01 19:13:07,703 - INFO - Building stim pattern for pattern_name 2998
2026-02-01 19:13:07,712 - INFO - Building stim pattern for pattern_name 279
2026-02-01 19:13:07,720 - INFO - Building stim pattern for pattern_name 2713
2026-02-01 19:13:07,730 - INFO - Building stim pattern for pattern_name 3671
2026-02-01 19:13:07,738 - INFO - Building stim pattern for pattern_name 2049
2026-02-01 19:13:07,752 - INFO - Building stim pattern for pattern_name 3492
2026-02-01 19:13:07,762 - INFO - Building stim pattern for pattern_name 3191
2026-02-01 19:13:07,772 - INFO - Building stim pattern for pattern_name 1320
2026-02-01 19:13:07,787 - INFO - Building stim pattern for pattern_name 1107
2026-02-01 19:13:07,801 - INFO - Building stim pattern for pattern_name 1467
2026-02-01 19:13:07,811 - INFO - Building stim pattern for pattern_name 242
2026-02-01 19:13:07,825 - INFO - Building stim pattern for pattern_name 159
2026-02-01 19:13:07,835 - INFO - Building stim pattern for pattern_name 3747
2026-02-01 19:13:07,847 - INFO - Building stim pattern for pattern_name 951
2026-02-01 19:13:07,857 - INFO - Building stim pattern for pattern_name 4050
2026-02-01 19:13:07,866 - INFO - Building stim pattern for pattern_name 2008
2026-02-01 19:13:07,875 - INFO - Building stim pattern for pattern_name 956
2026-02-01 19:13:07,883 - INFO - Building stim pattern for pattern_name 3761
2026-02-01 19:13:07,892 - INFO - Building stim pattern for pattern_name 1473
2026-02-01 19:13:07,902 - INFO - Building stim pattern for pattern_name 2087
2026-02-01 19:13:07,912 - INFO - Building stim pattern for pattern_name 1154
2026-02-01 19:13:07,921 - INFO - Building stim pattern for pattern_name 2730
2026-02-01 19:13:07,929 - INFO - Building stim pattern for pattern_name 2718
2026-02-01 19:13:07,938 - INFO - Building stim pattern for pattern_name 218
2026-02-01 19:13:07,947 - INFO - Building stim pattern for pattern_name 4018
2026-02-01 19:13:07,956 - INFO - Building stim pattern for pattern_name 2301
2026-02-01 19:13:07,965 - INFO - Building stim pattern for pattern_name 3763
2026-02-01 19:13:07,974 - INFO - Building stim pattern for pattern_name 1623
2026-02-01 19:13:07,988 - INFO - Building stim pattern for pattern_name 3285
2026-02-01 19:13:07,998 - INFO - Building stim pattern for pattern_name 953
2026-02-01 19:13:08,007 - INFO - Building stim pattern for pattern_name 1075
2026-02-01 19:13:08,017 - INFO - Building stim pattern for pattern_name 143
2026-02-01 19:13:08,026 - INFO - Building stim pattern for pattern_name 250
2026-02-01 19:13:08,037 - INFO - Building stim pattern for pattern_name 1644
2026-02-01 19:13:08,052 - INFO - Building stim pattern for pattern_name 2740
2026-02-01 19:13:08,062 - INFO - Building stim pattern for pattern_name 1048
2026-02-01 19:13:08,075 - INFO - Building stim pattern for pattern_name 3084
2026-02-01 19:13:08,091 - INFO - Building stim pattern for pattern_name 3717
2026-02-01 19:13:08,104 - INFO - Building stim pattern for pattern_name 2184
2026-02-01 19:13:08,113 - INFO - Building stim pattern for pattern_name 128
2026-02-01 19:13:08,122 - INFO - Building stim pattern for pattern_name 965
2026-02-01 19:13:08,132 - INFO - Building stim pattern for pattern_name 3493
2026-02-01 19:13:08,144 - INFO - Building stim pattern for pattern_name 1234
2026-02-01 19:13:08,154 - INFO - Building stim pattern for pattern_name 3247
2026-02-01 19:13:08,170 - INFO - Building stim pattern for pattern_name 4001
2026-02-01 19:13:08,179 - INFO - Building stim pattern for pattern_name 2430
2026-02-01 19:13:08,188 - INFO - Building stim pattern for pattern_name 3266
2026-02-01 19:13:08,197 - INFO - Building stim pattern for pattern_name 1227
2026-02-01 19:13:08,207 - INFO - Building stim pattern for pattern_name 2495
2026-02-01 19:13:08,216 - INFO - Building stim pattern for pattern_name 3507
2026-02-01 19:13:08,227 - INFO - Building stim pattern for pattern_name 181
2026-02-01 19:13:08,240 - INFO - Building stim pattern for pattern_name 1036
2026-02-01 19:13:08,250 - INFO - Building stim pattern for pattern_name 922
2026-02-01 19:13:08,264 - INFO - Building stim pattern for pattern_name 3226
2026-02-01 19:13:08,273 - INFO - Building stim pattern for pattern_name 100
2026-02-01 19:13:08,282 - INFO - Building stim pattern for pattern_name 1211
2026-02-01 19:13:08,290 - INFO - Building stim pattern for pattern_name 440
2026-02-01 19:13:08,300 - INFO - Building stim pattern for pattern_name 2073
2026-02-01 19:13:08,310 - INFO - Building stim pattern for pattern_name 4032
2026-02-01 19:13:08,320 - INFO - Building stim pattern for pattern_name 3500
2026-02-01 19:13:08,329 - INFO - Building stim pattern for pattern_name 3644
2026-02-01 19:13:08,339 - INFO - Building stim pattern for pattern_name 3916
2026-02-01 19:13:08,348 - INFO - Building stim pattern for pattern_name 1394
2026-02-01 19:13:08,357 - INFO - Building stim pattern for pattern_name 483
2026-02-01 19:13:08,366 - INFO - Building stim pattern for pattern_name 4021
2026-02-01 19:13:08,374 - INFO - Building stim pattern for pattern_name 3
2026-02-01 19:13:08,386 - INFO - Building stim pattern for pattern_name 213
2026-02-01 19:13:08,395 - INFO - Building stim pattern for pattern_name 251
2026-02-01 19:13:08,403 - INFO - Building stim pattern for pattern_name 1120
2026-02-01 19:13:08,414 - INFO - Building stim pattern for pattern_name 1975
2026-02-01 19:13:08,422 - INFO - Building stim pattern for pattern_name 1508
2026-02-01 19:13:08,431 - INFO - Building stim pattern for pattern_name 4046
2026-02-01 19:13:08,440 - INFO - Building stim pattern for pattern_name 3344
2026-02-01 19:13:08,449 - INFO - Building stim pattern for pattern_name 750
2026-02-01 19:13:08,459 - INFO - Building stim pattern for pattern_name 3446
2026-02-01 19:13:08,467 - INFO - Building stim pattern for pattern_name 4006
2026-02-01 19:13:08,476 - INFO - Building stim pattern for pattern_name 2695
2026-02-01 19:13:08,486 - INFO - Building stim pattern for pattern_name 3354
2026-02-01 19:13:08,495 - INFO - Building stim pattern for pattern_name 1520
2026-02-01 19:13:08,505 - INFO - Building stim pattern for pattern_name 1826
2026-02-01 19:13:08,514 - INFO - Building stim pattern for pattern_name 2940
2026-02-01 19:13:08,523 - INFO - Building stim pattern for pattern_name 2122
2026-02-01 19:13:08,534 - INFO - Building stim pattern for pattern_name 881
2026-02-01 19:13:08,543 - INFO - Building stim pattern for pattern_name 3672
2026-02-01 19:13:08,552 - INFO - Building stim pattern for pattern_name 992
2026-02-01 19:13:08,563 - INFO - Building stim pattern for pattern_name 2321
2026-02-01 19:13:08,572 - INFO - Building stim pattern for pattern_name 2616
2026-02-01 19:13:08,584 - INFO - Building stim pattern for pattern_name 262
2026-02-01 19:13:08,593 - INFO - Building stim pattern for pattern_name 1469
2026-02-01 19:13:08,603 - INFO - Building stim pattern for pattern_name 2457
2026-02-01 19:13:08,618 - INFO - Building stim pattern for pattern_name 4013
2026-02-01 19:13:08,627 - INFO - Building stim pattern for pattern_name 2163
2026-02-01 19:13:08,640 - INFO - Building stim pattern for pattern_name 1813
2026-02-01 19:13:08,649 - INFO - Building stim pattern for pattern_name 1774
2026-02-01 19:13:08,659 - INFO - Building stim pattern for pattern_name 1958
2026-02-01 19:13:08,669 - INFO - Building stim pattern for pattern_name 1381
2026-02-01 19:13:08,678 - INFO - Building stim pattern for pattern_name 686
2026-02-01 19:13:08,686 - INFO - Building stim pattern for pattern_name 1858
2026-02-01 19:13:08,696 - INFO - Building stim pattern for pattern_name 3453
2026-02-01 19:13:08,706 - INFO - Building stim pattern for pattern_name 3733
2026-02-01 19:13:08,718 - INFO - Building stim pattern for pattern_name 556
2026-02-01 19:13:08,728 - INFO - Building stim pattern for pattern_name 1994
2026-02-01 19:13:08,738 - INFO - Building stim pattern for pattern_name 2524
2026-02-01 19:13:08,754 - INFO - Building stim pattern for pattern_name 557
2026-02-01 19:13:08,766 - INFO - Building stim pattern for pattern_name 1558
2026-02-01 19:13:08,781 - INFO - Building stim pattern for pattern_name 60
2026-02-01 19:13:08,791 - INFO - Building stim pattern for pattern_name 2622
2026-02-01 19:13:08,801 - INFO - Building stim pattern for pattern_name 1390
2026-02-01 19:13:08,811 - INFO - Building stim pattern for pattern_name 1571
2026-02-01 19:13:08,820 - INFO - Building stim pattern for pattern_name 3504
2026-02-01 19:13:08,832 - INFO - Building stim pattern for pattern_name 495
2026-02-01 19:13:08,842 - INFO - Building stim pattern for pattern_name 2783
2026-02-01 19:13:08,852 - INFO - Building stim pattern for pattern_name 3214
2026-02-01 19:13:08,863 - INFO - Building stim pattern for pattern_name 952
2026-02-01 19:13:08,873 - INFO - Building stim pattern for pattern_name 3294
2026-02-01 19:13:08,884 - INFO - Building stim pattern for pattern_name 660
2026-02-01 19:13:08,897 - INFO - Building stim pattern for pattern_name 946
2026-02-01 19:13:08,906 - INFO - Building stim pattern for pattern_name 2420
2026-02-01 19:13:08,915 - INFO - Building stim pattern for pattern_name 4027
2026-02-01 19:13:08,925 - INFO - Building stim pattern for pattern_name 1995
2026-02-01 19:13:08,939 - INFO - Building stim pattern for pattern_name 1279
2026-02-01 19:13:08,949 - INFO - Building stim pattern for pattern_name 2700
2026-02-01 19:13:08,961 - INFO - Building stim pattern for pattern_name 1475
2026-02-01 19:13:08,971 - INFO - Building stim pattern for pattern_name 869
2026-02-01 19:13:08,980 - INFO - Building stim pattern for pattern_name 2167
2026-02-01 19:13:08,998 - INFO - Building stim pattern for pattern_name 577
2026-02-01 19:13:09,008 - INFO - Building stim pattern for pattern_name 4016
2026-02-01 19:13:09,018 - INFO - Building stim pattern for pattern_name 2799
2026-02-01 19:13:09,027 - INFO - Building stim pattern for pattern_name 3782
2026-02-01 19:13:09,037 - INFO - Building stim pattern for pattern_name 1906
2026-02-01 19:13:09,047 - INFO - Building stim pattern for pattern_name 865
2026-02-01 19:13:09,055 - INFO - Building stim pattern for pattern_name 1899
2026-02-01 19:13:09,064 - INFO - Building stim pattern for pattern_name 350
2026-02-01 19:13:09,073 - INFO - Building stim pattern for pattern_name 3349
2026-02-01 19:13:09,088 - INFO - Building stim pattern for pattern_name 3253
2026-02-01 19:13:09,097 - INFO - Building stim pattern for pattern_name 3470
2026-02-01 19:13:09,106 - INFO - Building stim pattern for pattern_name 3292
2026-02-01 19:13:09,115 - INFO - Building stim pattern for pattern_name 3817
2026-02-01 19:13:09,125 - INFO - Building stim pattern for pattern_name 192
2026-02-01 19:13:09,136 - INFO - Building stim pattern for pattern_name 900
2026-02-01 19:13:09,147 - INFO - Building stim pattern for pattern_name 294
2026-02-01 19:13:09,156 - INFO - Building stim pattern for pattern_name 161
2026-02-01 19:13:09,175 - INFO - Building stim pattern for pattern_name 2539
2026-02-01 19:13:09,184 - INFO - Building stim pattern for pattern_name 1854
2026-02-01 19:13:09,192 - INFO - Building stim pattern for pattern_name 3469
2026-02-01 19:13:09,201 - INFO - Building stim pattern for pattern_name 2053
2026-02-01 19:13:09,211 - INFO - Building stim pattern for pattern_name 3100
2026-02-01 19:13:09,230 - INFO - Building stim pattern for pattern_name 967
2026-02-01 19:13:09,240 - INFO - Building stim pattern for pattern_name 3840
2026-02-01 19:13:09,251 - INFO - Building stim pattern for pattern_name 2020
2026-02-01 19:13:09,260 - INFO - Building stim pattern for pattern_name 3423
2026-02-01 19:13:09,269 - INFO - Building stim pattern for pattern_name 141
2026-02-01 19:13:09,280 - INFO - Building stim pattern for pattern_name 3861
2026-02-01 19:13:09,290 - INFO - Building stim pattern for pattern_name 584
2026-02-01 19:13:09,299 - INFO - Building stim pattern for pattern_name 969
2026-02-01 19:13:09,312 - INFO - Building stim pattern for pattern_name 3582
2026-02-01 19:13:09,321 - INFO - Building stim pattern for pattern_name 3050
2026-02-01 19:13:09,330 - INFO - Building stim pattern for pattern_name 439
2026-02-01 19:13:09,340 - INFO - Building stim pattern for pattern_name 3742
2026-02-01 19:13:09,350 - INFO - Building stim pattern for pattern_name 3036
2026-02-01 19:13:09,364 - INFO - Building stim pattern for pattern_name 2346
2026-02-01 19:13:09,379 - INFO - Building stim pattern for pattern_name 3713
2026-02-01 19:13:09,396 - INFO - Building stim pattern for pattern_name 2185
2026-02-01 19:13:09,406 - INFO - Building stim pattern for pattern_name 3794
2026-02-01 19:13:09,416 - INFO - Building stim pattern for pattern_name 1458
2026-02-01 19:13:09,426 - INFO - Building stim pattern for pattern_name 3301
2026-02-01 19:13:09,435 - INFO - Building stim pattern for pattern_name 1421
2026-02-01 19:13:09,445 - INFO - Building stim pattern for pattern_name 2047
2026-02-01 19:13:09,455 - INFO - Building stim pattern for pattern_name 1666
2026-02-01 19:13:09,464 - INFO - Building stim pattern for pattern_name 852
2026-02-01 19:13:09,476 - INFO - Building stim pattern for pattern_name 461
2026-02-01 19:13:09,485 - INFO - Building stim pattern for pattern_name 2964
2026-02-01 19:13:09,493 - INFO - Building stim pattern for pattern_name 3723
2026-02-01 19:13:09,505 - INFO - Building stim pattern for pattern_name 2045
2026-02-01 19:13:09,516 - INFO - Building stim pattern for pattern_name 3663
2026-02-01 19:13:09,527 - INFO - Building stim pattern for pattern_name 1694
2026-02-01 19:13:09,541 - INFO - Building stim pattern for pattern_name 3772
2026-02-01 19:13:09,552 - INFO - Building stim pattern for pattern_name 593
2026-02-01 19:13:09,563 - INFO - Building stim pattern for pattern_name 2256
2026-02-01 19:13:09,572 - INFO - Building stim pattern for pattern_name 2750
2026-02-01 19:13:09,590 - INFO - Building stim pattern for pattern_name 3007
2026-02-01 19:13:09,599 - INFO - Building stim pattern for pattern_name 1875
2026-02-01 19:13:09,608 - INFO - Building stim pattern for pattern_name 2231
2026-02-01 19:13:09,617 - INFO - Building stim pattern for pattern_name 310
2026-02-01 19:13:09,626 - INFO - Building stim pattern for pattern_name 1939
2026-02-01 19:13:09,635 - INFO - Building stim pattern for pattern_name 1037
2026-02-01 19:13:09,645 - INFO - Building stim pattern for pattern_name 3302
2026-02-01 19:13:09,655 - INFO - Building stim pattern for pattern_name 3597
2026-02-01 19:13:09,663 - INFO - Building stim pattern for pattern_name 2225
2026-02-01 19:13:09,678 - INFO - Building stim pattern for pattern_name 4043
2026-02-01 19:13:09,687 - INFO - Building stim pattern for pattern_name 3413
2026-02-01 19:13:09,706 - INFO - Building stim pattern for pattern_name 2592
2026-02-01 19:13:09,714 - INFO - Building stim pattern for pattern_name 3888
2026-02-01 19:13:09,723 - INFO - Building stim pattern for pattern_name 3853
2026-02-01 19:13:09,737 - INFO - Building stim pattern for pattern_name 2804
2026-02-01 19:13:09,746 - INFO - Building stim pattern for pattern_name 1599
2026-02-01 19:13:09,757 - INFO - Building stim pattern for pattern_name 2263
2026-02-01 19:13:09,769 - INFO - Building stim pattern for pattern_name 1979
2026-02-01 19:13:09,784 - INFO - Building stim pattern for pattern_name 2093
2026-02-01 19:13:09,798 - INFO - Building stim pattern for pattern_name 3460
2026-02-01 19:13:09,825 - INFO - Building stim pattern for pattern_name 3778
2026-02-01 19:13:09,840 - INFO - Building stim pattern for pattern_name 123
2026-02-01 19:13:09,855 - INFO - Building stim pattern for pattern_name 1685
2026-02-01 19:13:09,869 - INFO - Building stim pattern for pattern_name 3231
2026-02-01 19:13:09,882 - INFO - Building stim pattern for pattern_name 3317
2026-02-01 19:13:09,895 - INFO - Building stim pattern for pattern_name 950
2026-02-01 19:13:09,904 - INFO - Building stim pattern for pattern_name 1737
2026-02-01 19:13:09,917 - INFO - Building stim pattern for pattern_name 4041
2026-02-01 19:13:09,930 - INFO - Building stim pattern for pattern_name 796
2026-02-01 19:13:09,953 - INFO - Building stim pattern for pattern_name 768
2026-02-01 19:13:09,968 - INFO - Building stim pattern for pattern_name 2821
2026-02-01 19:13:09,981 - INFO - Building stim pattern for pattern_name 465
2026-02-01 19:13:09,994 - INFO - Building stim pattern for pattern_name 2922
2026-02-01 19:13:10,007 - INFO - Building stim pattern for pattern_name 32
2026-02-01 19:13:10,021 - INFO - Building stim pattern for pattern_name 3359
2026-02-01 19:13:10,036 - INFO - Building stim pattern for pattern_name 3658
2026-02-01 19:13:10,046 - INFO - Building stim pattern for pattern_name 2143
2026-02-01 19:13:10,055 - INFO - Building stim pattern for pattern_name 3267
2026-02-01 19:13:10,065 - INFO - Building stim pattern for pattern_name 1533
2026-02-01 19:13:10,075 - INFO - Building stim pattern for pattern_name 544
2026-02-01 19:13:10,084 - INFO - Building stim pattern for pattern_name 3686
2026-02-01 19:13:10,092 - INFO - Building stim pattern for pattern_name 3557
2026-02-01 19:13:10,101 - INFO - Building stim pattern for pattern_name 2328
2026-02-01 19:13:10,115 - INFO - Building stim pattern for pattern_name 2626
2026-02-01 19:13:10,125 - INFO - Building stim pattern for pattern_name 2425
2026-02-01 19:13:10,141 - INFO - Building stim pattern for pattern_name 3622
2026-02-01 19:13:10,151 - INFO - Building stim pattern for pattern_name 1977
2026-02-01 19:13:10,162 - INFO - Building stim pattern for pattern_name 3830
2026-02-01 19:13:10,172 - INFO - Building stim pattern for pattern_name 392
2026-02-01 19:13:10,180 - INFO - Building stim pattern for pattern_name 4008
2026-02-01 19:13:10,189 - INFO - Building stim pattern for pattern_name 790
2026-02-01 19:13:10,206 - INFO - Building stim pattern for pattern_name 1985
2026-02-01 19:13:10,215 - INFO - Building stim pattern for pattern_name 2311
2026-02-01 19:13:10,229 - INFO - Building stim pattern for pattern_name 2427
2026-02-01 19:13:10,240 - INFO - Building stim pattern for pattern_name 3419
2026-02-01 19:13:10,279 - INFO - Building stim pattern for pattern_name 3412
2026-02-01 19:13:10,322 - INFO - Building stim pattern for pattern_name 1897
2026-02-01 19:13:10,345 - INFO - Building stim pattern for pattern_name 910
2026-02-01 19:13:10,355 - INFO - Building stim pattern for pattern_name 702
2026-02-01 19:13:10,367 - INFO - Building stim pattern for pattern_name 551
2026-02-01 19:13:10,377 - INFO - Building stim pattern for pattern_name 3025
2026-02-01 19:13:10,393 - INFO - Building stim pattern for pattern_name 1867
2026-02-01 19:13:10,402 - INFO - Building stim pattern for pattern_name 2745
2026-02-01 19:13:10,412 - INFO - Building stim pattern for pattern_name 1839
2026-02-01 19:13:10,422 - INFO - Building stim pattern for pattern_name 3263
2026-02-01 19:13:10,432 - INFO - Building stim pattern for pattern_name 1099
2026-02-01 19:13:10,441 - INFO - Building stim pattern for pattern_name 2802
2026-02-01 19:13:10,451 - INFO - Building stim pattern for pattern_name 4007
2026-02-01 19:13:10,460 - INFO - Building stim pattern for pattern_name 1947
2026-02-01 19:13:10,470 - INFO - Building stim pattern for pattern_name 2747
2026-02-01 19:13:10,487 - INFO - Building stim pattern for pattern_name 148
2026-02-01 19:13:10,498 - INFO - Building stim pattern for pattern_name 106
2026-02-01 19:13:10,513 - INFO - Building stim pattern for pattern_name 3953
2026-02-01 19:13:10,524 - INFO - Building stim pattern for pattern_name 1562
2026-02-01 19:13:10,541 - INFO - Building stim pattern for pattern_name 4042
2026-02-01 19:13:10,564 - INFO - Building stim pattern for pattern_name 963
2026-02-01 19:13:10,576 - INFO - Building stim pattern for pattern_name 174
2026-02-01 19:13:10,587 - INFO - Building stim pattern for pattern_name 1116
2026-02-01 19:13:10,597 - INFO - Building stim pattern for pattern_name 253
2026-02-01 19:13:10,606 - INFO - Building stim pattern for pattern_name 3767
2026-02-01 19:13:10,617 - INFO - Building stim pattern for pattern_name 302
2026-02-01 19:13:10,627 - INFO - Building stim pattern for pattern_name 2480
2026-02-01 19:13:10,636 - INFO - Building stim pattern for pattern_name 2069
2026-02-01 19:13:10,646 - INFO - Building stim pattern for pattern_name 1419
2026-02-01 19:13:10,655 - INFO - Building stim pattern for pattern_name 2520
2026-02-01 19:13:10,665 - INFO - Building stim pattern for pattern_name 2254
2026-02-01 19:13:10,674 - INFO - Building stim pattern for pattern_name 2152
2026-02-01 19:13:10,683 - INFO - Building stim pattern for pattern_name 1153
2026-02-01 19:13:10,693 - INFO - Building stim pattern for pattern_name 2331
2026-02-01 19:13:10,708 - INFO - Building stim pattern for pattern_name 1428
2026-02-01 19:13:10,718 - INFO - Building stim pattern for pattern_name 2424
2026-02-01 19:13:10,728 - INFO - Building stim pattern for pattern_name 2526
2026-02-01 19:13:10,741 - INFO - Building stim pattern for pattern_name 3031
2026-02-01 19:13:10,752 - INFO - Building stim pattern for pattern_name 1940
2026-02-01 19:13:10,762 - INFO - Building stim pattern for pattern_name 994
2026-02-01 19:13:10,772 - INFO - Building stim pattern for pattern_name 1753
2026-02-01 19:13:10,781 - INFO - Building stim pattern for pattern_name 3823
2026-02-01 19:13:10,790 - INFO - Building stim pattern for pattern_name 929
2026-02-01 19:13:10,800 - INFO - Building stim pattern for pattern_name 2096
2026-02-01 19:13:10,810 - INFO - Building stim pattern for pattern_name 73
2026-02-01 19:13:10,818 - INFO - Building stim pattern for pattern_name 3865
2026-02-01 19:13:10,827 - INFO - Building stim pattern for pattern_name 4009
2026-02-01 19:13:10,837 - INFO - Building stim pattern for pattern_name 402
2026-02-01 19:13:10,852 - INFO - Building stim pattern for pattern_name 2232
2026-02-01 19:13:10,862 - INFO - Building stim pattern for pattern_name 2353
2026-02-01 19:13:10,873 - INFO - Building stim pattern for pattern_name 1453
2026-02-01 19:13:10,881 - INFO - Building stim pattern for pattern_name 2913
2026-02-01 19:13:10,898 - INFO - Building stim pattern for pattern_name 2355
2026-02-01 19:13:10,908 - INFO - Building stim pattern for pattern_name 190
2026-02-01 19:13:10,922 - INFO - Building stim pattern for pattern_name 1034
2026-02-01 19:13:10,931 - INFO - Building stim pattern for pattern_name 2822
2026-02-01 19:13:10,948 - INFO - Building stim pattern for pattern_name 2968
2026-02-01 19:13:10,958 - INFO - Building stim pattern for pattern_name 2506
2026-02-01 19:13:10,974 - INFO - Building stim pattern for pattern_name 648
2026-02-01 19:13:10,983 - INFO - Building stim pattern for pattern_name 3202
2026-02-01 19:13:10,993 - INFO - Building stim pattern for pattern_name 2669
2026-02-01 19:13:11,009 - INFO - Building stim pattern for pattern_name 1953
2026-02-01 19:13:11,021 - INFO - Building stim pattern for pattern_name 2070
2026-02-01 19:13:11,033 - INFO - Building stim pattern for pattern_name 1716
2026-02-01 19:13:11,041 - INFO - Building stim pattern for pattern_name 1266
2026-02-01 19:13:11,050 - INFO - Building stim pattern for pattern_name 1335
2026-02-01 19:13:11,059 - INFO - Building stim pattern for pattern_name 2146
2026-02-01 19:13:11,074 - INFO - Building stim pattern for pattern_name 1330
2026-02-01 19:13:11,085 - INFO - Building stim pattern for pattern_name 3730
2026-02-01 19:13:11,099 - INFO - Building stim pattern for pattern_name 563
2026-02-01 19:13:11,109 - INFO - Building stim pattern for pattern_name 3954
2026-02-01 19:13:11,118 - INFO - Building stim pattern for pattern_name 2651
2026-02-01 19:13:11,130 - INFO - Building stim pattern for pattern_name 1859
2026-02-01 19:13:11,143 - INFO - Building stim pattern for pattern_name 3210
2026-02-01 19:13:11,155 - INFO - Building stim pattern for pattern_name 2648
2026-02-01 19:13:11,167 - INFO - Building stim pattern for pattern_name 2033
2026-02-01 19:13:11,176 - INFO - Building stim pattern for pattern_name 3337
2026-02-01 19:13:11,186 - INFO - Building stim pattern for pattern_name 1831
2026-02-01 19:13:11,196 - INFO - Building stim pattern for pattern_name 715
2026-02-01 19:13:11,205 - INFO - Building stim pattern for pattern_name 431
2026-02-01 19:13:11,215 - INFO - Building stim pattern for pattern_name 3816
2026-02-01 19:13:11,225 - INFO - Building stim pattern for pattern_name 2989
2026-02-01 19:13:11,236 - INFO - Building stim pattern for pattern_name 573
2026-02-01 19:13:11,245 - INFO - Building stim pattern for pattern_name 2643
2026-02-01 19:13:11,255 - INFO - Building stim pattern for pattern_name 3599
2026-02-01 19:13:11,265 - INFO - Building stim pattern for pattern_name 1040
2026-02-01 19:13:11,275 - INFO - Building stim pattern for pattern_name 655
2026-02-01 19:13:11,285 - INFO - Building stim pattern for pattern_name 775
2026-02-01 19:13:11,295 - INFO - Building stim pattern for pattern_name 3986
2026-02-01 19:13:11,311 - INFO - Building stim pattern for pattern_name 11
2026-02-01 19:13:11,333 - INFO - Building stim pattern for pattern_name 3878
2026-02-01 19:13:11,351 - INFO - Building stim pattern for pattern_name 1652
2026-02-01 19:13:11,367 - INFO - Building stim pattern for pattern_name 374
2026-02-01 19:13:11,377 - INFO - Building stim pattern for pattern_name 3635
2026-02-01 19:13:11,395 - INFO - Building stim pattern for pattern_name 189
2026-02-01 19:13:11,407 - INFO - Building stim pattern for pattern_name 3295
2026-02-01 19:13:11,416 - INFO - Building stim pattern for pattern_name 271
2026-02-01 19:13:11,426 - INFO - Building stim pattern for pattern_name 1710
2026-02-01 19:13:11,449 - INFO - Building stim pattern for pattern_name 697
2026-02-01 19:13:11,461 - INFO - Building stim pattern for pattern_name 115
2026-02-01 19:13:11,475 - INFO - Building stim pattern for pattern_name 490
2026-02-01 19:13:11,485 - INFO - Building stim pattern for pattern_name 473
2026-02-01 19:13:11,495 - INFO - Building stim pattern for pattern_name 837
2026-02-01 19:13:11,506 - INFO - Building stim pattern for pattern_name 152
2026-02-01 19:13:11,526 - INFO - Building stim pattern for pattern_name 2813
2026-02-01 19:13:11,536 - INFO - Building stim pattern for pattern_name 1212
2026-02-01 19:13:11,547 - INFO - Building stim pattern for pattern_name 1879
2026-02-01 19:13:11,562 - INFO - Building stim pattern for pattern_name 442
2026-02-01 19:13:11,585 - INFO - Building stim pattern for pattern_name 1175
2026-02-01 19:13:11,595 - INFO - Building stim pattern for pattern_name 3581
2026-02-01 19:13:11,606 - INFO - Building stim pattern for pattern_name 3360
2026-02-01 19:13:11,635 - INFO - Building stim pattern for pattern_name 4024
2026-02-01 19:13:11,644 - INFO - Building stim pattern for pattern_name 1396
2026-02-01 19:13:11,659 - INFO - Building stim pattern for pattern_name 3562
2026-02-01 19:13:11,668 - INFO - Building stim pattern for pattern_name 2982
2026-02-01 19:13:11,683 - INFO - Building stim pattern for pattern_name 2812
2026-02-01 19:13:11,693 - INFO - Building stim pattern for pattern_name 2866
2026-02-01 19:13:11,708 - INFO - Building stim pattern for pattern_name 2893
2026-02-01 19:13:11,723 - INFO - Building stim pattern for pattern_name 307
2026-02-01 19:13:11,733 - INFO - Building stim pattern for pattern_name 1961
2026-02-01 19:13:11,742 - INFO - Building stim pattern for pattern_name 3576
2026-02-01 19:13:11,762 - INFO - Building stim pattern for pattern_name 3465
2026-02-01 19:13:11,780 - INFO - Building stim pattern for pattern_name 1962
2026-02-01 19:13:11,793 - INFO - Building stim pattern for pattern_name 2607
2026-02-01 19:13:11,804 - INFO - Building stim pattern for pattern_name 3184
2026-02-01 19:13:11,814 - INFO - Building stim pattern for pattern_name 1142
2026-02-01 19:13:11,824 - INFO - Building stim pattern for pattern_name 1619
2026-02-01 19:13:11,840 - INFO - Building stim pattern for pattern_name 2605
2026-02-01 19:13:11,850 - INFO - Building stim pattern for pattern_name 647
2026-02-01 19:13:11,860 - INFO - Building stim pattern for pattern_name 162
2026-02-01 19:13:11,874 - INFO - Building stim pattern for pattern_name 1972
2026-02-01 19:13:11,885 - INFO - Building stim pattern for pattern_name 2844
2026-02-01 19:13:11,909 - INFO - Building stim pattern for pattern_name 2671
2026-02-01 19:13:11,921 - INFO - Building stim pattern for pattern_name 1423
2026-02-01 19:13:11,933 - INFO - Building stim pattern for pattern_name 13
2026-02-01 19:13:11,945 - INFO - Building stim pattern for pattern_name 2945
2026-02-01 19:13:11,957 - INFO - Building stim pattern for pattern_name 2296
2026-02-01 19:13:11,967 - INFO - Building stim pattern for pattern_name 2645
2026-02-01 19:13:11,977 - INFO - Building stim pattern for pattern_name 2201
2026-02-01 19:13:11,987 - INFO - Building stim pattern for pattern_name 2423
2026-02-01 19:13:11,997 - INFO - Building stim pattern for pattern_name 2939
2026-02-01 19:13:12,008 - INFO - Building stim pattern for pattern_name 3693
2026-02-01 19:13:12,018 - INFO - Building stim pattern for pattern_name 1233
2026-02-01 19:13:12,028 - INFO - Building stim pattern for pattern_name 2114
2026-02-01 19:13:12,038 - INFO - Building stim pattern for pattern_name 1604
2026-02-01 19:13:12,048 - INFO - Building stim pattern for pattern_name 3617
2026-02-01 19:13:12,057 - INFO - Building stim pattern for pattern_name 437
2026-02-01 19:13:12,067 - INFO - Building stim pattern for pattern_name 3869
2026-02-01 19:13:12,076 - INFO - Building stim pattern for pattern_name 1387
2026-02-01 19:13:12,087 - INFO - Building stim pattern for pattern_name 3882
2026-02-01 19:13:12,096 - INFO - Building stim pattern for pattern_name 642
2026-02-01 19:13:12,105 - INFO - Building stim pattern for pattern_name 1083
2026-02-01 19:13:12,115 - INFO - Building stim pattern for pattern_name 1796
2026-02-01 19:13:12,125 - INFO - Building stim pattern for pattern_name 3568
2026-02-01 19:13:12,134 - INFO - Building stim pattern for pattern_name 1678
2026-02-01 19:13:12,145 - INFO - Building stim pattern for pattern_name 730
2026-02-01 19:13:12,159 - INFO - Building stim pattern for pattern_name 3315
2026-02-01 19:13:12,168 - INFO - Building stim pattern for pattern_name 3668
2026-02-01 19:13:12,179 - INFO - Building stim pattern for pattern_name 757
2026-02-01 19:13:12,196 - INFO - Building stim pattern for pattern_name 278
2026-02-01 19:13:12,205 - INFO - Building stim pattern for pattern_name 1998
2026-02-01 19:13:12,221 - INFO - Building stim pattern for pattern_name 2344
2026-02-01 19:13:12,236 - INFO - Building stim pattern for pattern_name 3305
2026-02-01 19:13:12,246 - INFO - Building stim pattern for pattern_name 2378
2026-02-01 19:13:12,258 - INFO - Building stim pattern for pattern_name 3067
2026-02-01 19:13:12,270 - INFO - Building stim pattern for pattern_name 1625
2026-02-01 19:13:12,282 - INFO - Building stim pattern for pattern_name 2872
2026-02-01 19:13:12,298 - INFO - Building stim pattern for pattern_name 3731
2026-02-01 19:13:12,309 - INFO - Building stim pattern for pattern_name 638
2026-02-01 19:13:12,319 - INFO - Building stim pattern for pattern_name 2016
2026-02-01 19:13:12,333 - INFO - Building stim pattern for pattern_name 1363
2026-02-01 19:13:12,347 - INFO - Building stim pattern for pattern_name 1397
2026-02-01 19:13:12,364 - INFO - Building stim pattern for pattern_name 1761
2026-02-01 19:13:12,375 - INFO - Building stim pattern for pattern_name 2290
2026-02-01 19:13:12,384 - INFO - Building stim pattern for pattern_name 3590
2026-02-01 19:13:12,397 - INFO - Building stim pattern for pattern_name 2247
2026-02-01 19:13:12,409 - INFO - Building stim pattern for pattern_name 699
2026-02-01 19:13:12,419 - INFO - Building stim pattern for pattern_name 1915
2026-02-01 19:13:12,428 - INFO - Building stim pattern for pattern_name 1289
2026-02-01 19:13:12,438 - INFO - Building stim pattern for pattern_name 1691
2026-02-01 19:13:12,449 - INFO - Building stim pattern for pattern_name 990
2026-02-01 19:13:12,458 - INFO - Building stim pattern for pattern_name 3077
2026-02-01 19:13:12,473 - INFO - Building stim pattern for pattern_name 1191
2026-02-01 19:13:12,483 - INFO - Building stim pattern for pattern_name 118
2026-02-01 19:13:12,493 - INFO - Building stim pattern for pattern_name 1177
2026-02-01 19:13:12,502 - INFO - Building stim pattern for pattern_name 1683
2026-02-01 19:13:12,514 - INFO - Building stim pattern for pattern_name 1348
2026-02-01 19:13:12,524 - INFO - Building stim pattern for pattern_name 1789
2026-02-01 19:13:12,534 - INFO - Building stim pattern for pattern_name 578
2026-02-01 19:13:12,545 - INFO - Building stim pattern for pattern_name 1982
2026-02-01 19:13:12,556 - INFO - Building stim pattern for pattern_name 3520
2026-02-01 19:13:12,571 - INFO - Building stim pattern for pattern_name 2865
2026-02-01 19:13:12,582 - INFO - Building stim pattern for pattern_name 1262
2026-02-01 19:13:12,592 - INFO - Building stim pattern for pattern_name 2807
2026-02-01 19:13:12,608 - INFO - Building stim pattern for pattern_name 4035
2026-02-01 19:13:12,624 - INFO - Building stim pattern for pattern_name 2139
2026-02-01 19:13:12,633 - INFO - Building stim pattern for pattern_name 1738
2026-02-01 19:13:12,643 - INFO - Building stim pattern for pattern_name 1094
2026-02-01 19:13:12,653 - INFO - Building stim pattern for pattern_name 2333
2026-02-01 19:13:12,663 - INFO - Building stim pattern for pattern_name 2517
2026-02-01 19:13:12,673 - INFO - Building stim pattern for pattern_name 1152
2026-02-01 19:13:12,689 - INFO - Building stim pattern for pattern_name 2024
2026-02-01 19:13:12,699 - INFO - Building stim pattern for pattern_name 1051
2026-02-01 19:13:12,715 - INFO - Building stim pattern for pattern_name 2839
2026-02-01 19:13:12,726 - INFO - Building stim pattern for pattern_name 3963
2026-02-01 19:13:12,736 - INFO - Building stim pattern for pattern_name 2777
2026-02-01 19:13:12,745 - INFO - Building stim pattern for pattern_name 3296
2026-02-01 19:13:12,756 - INFO - Building stim pattern for pattern_name 3091
2026-02-01 19:13:12,847 - INFO - Building stim pattern for pattern_name 3788
2026-02-01 19:13:12,863 - INFO - Building stim pattern for pattern_name 2110
2026-02-01 19:13:12,875 - INFO - Building stim pattern for pattern_name 2770
2026-02-01 19:13:12,885 - INFO - Building stim pattern for pattern_name 27
2026-02-01 19:13:12,896 - INFO - Building stim pattern for pattern_name 2656
2026-02-01 19:13:12,930 - INFO - Building stim pattern for pattern_name 3911
2026-02-01 19:13:12,947 - INFO - Building stim pattern for pattern_name 3796
2026-02-01 19:13:12,956 - INFO - Building stim pattern for pattern_name 3072
2026-02-01 19:13:12,966 - INFO - Building stim pattern for pattern_name 1686
2026-02-01 19:13:12,976 - INFO - Building stim pattern for pattern_name 3831
2026-02-01 19:13:12,985 - INFO - Building stim pattern for pattern_name 1885
2026-02-01 19:13:12,994 - INFO - Building stim pattern for pattern_name 311
2026-02-01 19:13:13,003 - INFO - Building stim pattern for pattern_name 1816
2026-02-01 19:13:13,018 - INFO - Building stim pattern for pattern_name 926
2026-02-01 19:13:13,028 - INFO - Building stim pattern for pattern_name 1298
2026-02-01 19:13:13,038 - INFO - Building stim pattern for pattern_name 3795
2026-02-01 19:13:13,056 - INFO - Building stim pattern for pattern_name 2130
2026-02-01 19:13:13,067 - INFO - Building stim pattern for pattern_name 1773
2026-02-01 19:13:13,078 - INFO - Building stim pattern for pattern_name 1027
2026-02-01 19:13:13,088 - INFO - Building stim pattern for pattern_name 3698
2026-02-01 19:13:13,105 - INFO - Building stim pattern for pattern_name 2150
2026-02-01 19:13:13,115 - INFO - Building stim pattern for pattern_name 3151
2026-02-01 19:13:13,127 - INFO - Building stim pattern for pattern_name 3047
2026-02-01 19:13:13,138 - INFO - Building stim pattern for pattern_name 3741
2026-02-01 19:13:13,156 - INFO - Building stim pattern for pattern_name 1412
2026-02-01 19:13:13,169 - INFO - Building stim pattern for pattern_name 2879
2026-02-01 19:13:13,183 - INFO - Building stim pattern for pattern_name 2868
2026-02-01 19:13:13,196 - INFO - Building stim pattern for pattern_name 3942
2026-02-01 19:13:13,207 - INFO - Building stim pattern for pattern_name 659
2026-02-01 19:13:13,217 - INFO - Building stim pattern for pattern_name 3526
2026-02-01 19:13:13,228 - INFO - Building stim pattern for pattern_name 2693
2026-02-01 19:13:13,239 - INFO - Building stim pattern for pattern_name 1505
2026-02-01 19:13:13,250 - INFO - Building stim pattern for pattern_name 613
2026-02-01 19:13:13,262 - INFO - Building stim pattern for pattern_name 548
2026-02-01 19:13:13,278 - INFO - Building stim pattern for pattern_name 2760
2026-02-01 19:13:13,288 - INFO - Building stim pattern for pattern_name 812
2026-02-01 19:13:13,303 - INFO - Building stim pattern for pattern_name 2904
2026-02-01 19:13:13,313 - INFO - Building stim pattern for pattern_name 883
2026-02-01 19:13:13,333 - INFO - Building stim pattern for pattern_name 1840
2026-02-01 19:13:13,343 - INFO - Building stim pattern for pattern_name 2769
2026-02-01 19:13:13,352 - INFO - Building stim pattern for pattern_name 718
2026-02-01 19:13:13,372 - INFO - Building stim pattern for pattern_name 2326
2026-02-01 19:13:13,383 - INFO - Building stim pattern for pattern_name 3736
2026-02-01 19:13:13,392 - INFO - Building stim pattern for pattern_name 2074
2026-02-01 19:13:13,413 - INFO - Building stim pattern for pattern_name 3420
2026-02-01 19:13:13,423 - INFO - Building stim pattern for pattern_name 599
2026-02-01 19:13:13,438 - INFO - Building stim pattern for pattern_name 2044
2026-02-01 19:13:13,449 - INFO - Building stim pattern for pattern_name 1814
2026-02-01 19:13:13,460 - INFO - Building stim pattern for pattern_name 3229
2026-02-01 19:13:13,470 - INFO - Building stim pattern for pattern_name 411
2026-02-01 19:13:13,479 - INFO - Building stim pattern for pattern_name 1552
2026-02-01 19:13:13,489 - INFO - Building stim pattern for pattern_name 2082
2026-02-01 19:13:13,513 - INFO - Building stim pattern for pattern_name 3217
2026-02-01 19:13:13,524 - INFO - Building stim pattern for pattern_name 1667
2026-02-01 19:13:13,542 - INFO - Building stim pattern for pattern_name 3268
2026-02-01 19:13:13,552 - INFO - Building stim pattern for pattern_name 3161
2026-02-01 19:13:13,561 - INFO - Building stim pattern for pattern_name 2767
2026-02-01 19:13:13,570 - INFO - Building stim pattern for pattern_name 20
2026-02-01 19:13:13,579 - INFO - Building stim pattern for pattern_name 3684
2026-02-01 19:13:13,590 - INFO - Building stim pattern for pattern_name 538
2026-02-01 19:13:13,602 - INFO - Building stim pattern for pattern_name 3116
2026-02-01 19:13:13,612 - INFO - Building stim pattern for pattern_name 1914
2026-02-01 19:13:13,623 - INFO - Building stim pattern for pattern_name 2768
2026-02-01 19:13:13,634 - INFO - Building stim pattern for pattern_name 1821
2026-02-01 19:13:13,649 - INFO - Building stim pattern for pattern_name 886
2026-02-01 19:13:13,659 - INFO - Building stim pattern for pattern_name 2325
2026-02-01 19:13:13,669 - INFO - Building stim pattern for pattern_name 3727
2026-02-01 19:13:13,679 - INFO - Building stim pattern for pattern_name 3245
2026-02-01 19:13:13,689 - INFO - Building stim pattern for pattern_name 1322
2026-02-01 19:13:13,700 - INFO - Building stim pattern for pattern_name 2583
2026-02-01 19:13:13,709 - INFO - Building stim pattern for pattern_name 2090
2026-02-01 19:13:13,722 - INFO - Building stim pattern for pattern_name 3384
2026-02-01 19:13:13,744 - INFO - Building stim pattern for pattern_name 164
2026-02-01 19:13:13,761 - INFO - Building stim pattern for pattern_name 22
2026-02-01 19:13:13,772 - INFO - Building stim pattern for pattern_name 3186
2026-02-01 19:13:13,782 - INFO - Building stim pattern for pattern_name 3745
2026-02-01 19:13:13,791 - INFO - Building stim pattern for pattern_name 70
2026-02-01 19:13:13,805 - INFO - Building stim pattern for pattern_name 1110
2026-02-01 19:13:13,815 - INFO - Building stim pattern for pattern_name 3532
2026-02-01 19:13:13,826 - INFO - Building stim pattern for pattern_name 1989
2026-02-01 19:13:13,838 - INFO - Building stim pattern for pattern_name 2307
2026-02-01 19:13:13,850 - INFO - Building stim pattern for pattern_name 633
2026-02-01 19:13:13,860 - INFO - Building stim pattern for pattern_name 3440
2026-02-01 19:13:13,872 - INFO - Building stim pattern for pattern_name 1734
2026-02-01 19:13:13,896 - INFO - Building stim pattern for pattern_name 1648
2026-02-01 19:13:13,906 - INFO - Building stim pattern for pattern_name 2462
2026-02-01 19:13:13,918 - INFO - Building stim pattern for pattern_name 3760
2026-02-01 19:13:13,929 - INFO - Building stim pattern for pattern_name 3913
2026-02-01 19:13:13,939 - INFO - Building stim pattern for pattern_name 2474
2026-02-01 19:13:13,963 - INFO - Building stim pattern for pattern_name 2059
2026-02-01 19:13:13,972 - INFO - Building stim pattern for pattern_name 1931
2026-02-01 19:13:13,981 - INFO - Building stim pattern for pattern_name 2632
2026-02-01 19:13:13,991 - INFO - Building stim pattern for pattern_name 2165
2026-02-01 19:13:14,002 - INFO - Building stim pattern for pattern_name 2408
2026-02-01 19:13:14,012 - INFO - Building stim pattern for pattern_name 1470
2026-02-01 19:13:14,022 - INFO - Building stim pattern for pattern_name 1003
2026-02-01 19:13:14,032 - INFO - Building stim pattern for pattern_name 1550
2026-02-01 19:13:14,042 - INFO - Building stim pattern for pattern_name 759
2026-02-01 19:13:14,062 - INFO - Building stim pattern for pattern_name 1126
2026-02-01 19:13:14,079 - INFO - Building stim pattern for pattern_name 1301
2026-02-01 19:13:14,099 - INFO - Building stim pattern for pattern_name 528
2026-02-01 19:13:14,110 - INFO - Building stim pattern for pattern_name 2026
2026-02-01 19:13:14,120 - INFO - Building stim pattern for pattern_name 1210
2026-02-01 19:13:14,131 - INFO - Building stim pattern for pattern_name 46
2026-02-01 19:13:14,141 - INFO - Building stim pattern for pattern_name 2697
2026-02-01 19:13:14,151 - INFO - Building stim pattern for pattern_name 3589
2026-02-01 19:13:14,169 - INFO - Building stim pattern for pattern_name 1220
2026-02-01 19:13:14,180 - INFO - Building stim pattern for pattern_name 3018
2026-02-01 19:13:14,196 - INFO - Building stim pattern for pattern_name 1012
2026-02-01 19:13:14,206 - INFO - Building stim pattern for pattern_name 1417
2026-02-01 19:13:14,216 - INFO - Building stim pattern for pattern_name 401
2026-02-01 19:13:14,241 - INFO - Building stim pattern for pattern_name 3023
2026-02-01 19:13:14,256 - INFO - Building stim pattern for pattern_name 1886
2026-02-01 19:13:14,266 - INFO - Building stim pattern for pattern_name 1228
2026-02-01 19:13:14,276 - INFO - Building stim pattern for pattern_name 147
2026-02-01 19:13:14,286 - INFO - Building stim pattern for pattern_name 1731
2026-02-01 19:13:14,302 - INFO - Building stim pattern for pattern_name 3847
2026-02-01 19:13:14,312 - INFO - Building stim pattern for pattern_name 2513
2026-02-01 19:13:14,321 - INFO - Building stim pattern for pattern_name 1022
2026-02-01 19:13:14,331 - INFO - Building stim pattern for pattern_name 1057
2026-02-01 19:13:14,349 - INFO - Building stim pattern for pattern_name 257
2026-02-01 19:13:14,365 - INFO - Building stim pattern for pattern_name 780
2026-02-01 19:13:14,375 - INFO - Building stim pattern for pattern_name 928
2026-02-01 19:13:14,385 - INFO - Building stim pattern for pattern_name 126
2026-02-01 19:13:14,396 - INFO - Building stim pattern for pattern_name 384
2026-02-01 19:13:14,406 - INFO - Building stim pattern for pattern_name 3080
2026-02-01 19:13:14,415 - INFO - Building stim pattern for pattern_name 2198
2026-02-01 19:13:14,425 - INFO - Building stim pattern for pattern_name 698
2026-02-01 19:13:14,439 - INFO - Building stim pattern for pattern_name 1992
2026-02-01 19:13:14,454 - INFO - Building stim pattern for pattern_name 194
2026-02-01 19:13:14,464 - INFO - Building stim pattern for pattern_name 916
2026-02-01 19:13:14,474 - INFO - Building stim pattern for pattern_name 3662
2026-02-01 19:13:14,484 - INFO - Building stim pattern for pattern_name 3975
2026-02-01 19:13:14,493 - INFO - Building stim pattern for pattern_name 385
2026-02-01 19:13:14,502 - INFO - Building stim pattern for pattern_name 723
2026-02-01 19:13:14,518 - INFO - Building stim pattern for pattern_name 636
2026-02-01 19:13:14,533 - INFO - Building stim pattern for pattern_name 3841
2026-02-01 19:13:14,557 - INFO - Building stim pattern for pattern_name 3781
2026-02-01 19:13:14,567 - INFO - Building stim pattern for pattern_name 3309
2026-02-01 19:13:14,577 - INFO - Building stim pattern for pattern_name 2554
2026-02-01 19:13:14,592 - INFO - Building stim pattern for pattern_name 794
2026-02-01 19:13:14,603 - INFO - Building stim pattern for pattern_name 1062
2026-02-01 19:13:14,614 - INFO - Building stim pattern for pattern_name 366
2026-02-01 19:13:14,624 - INFO - Building stim pattern for pattern_name 327
2026-02-01 19:13:14,634 - INFO - Building stim pattern for pattern_name 1460
2026-02-01 19:13:14,647 - INFO - Building stim pattern for pattern_name 2959
2026-02-01 19:13:14,666 - INFO - Building stim pattern for pattern_name 1740
2026-02-01 19:13:14,685 - INFO - Building stim pattern for pattern_name 3757
2026-02-01 19:13:14,696 - INFO - Building stim pattern for pattern_name 2684
2026-02-01 19:13:14,713 - INFO - Building stim pattern for pattern_name 376
2026-02-01 19:13:14,730 - INFO - Building stim pattern for pattern_name 2994
2026-02-01 19:13:14,740 - INFO - Building stim pattern for pattern_name 3012
2026-02-01 19:13:14,750 - INFO - Building stim pattern for pattern_name 2162
2026-02-01 19:13:14,760 - INFO - Building stim pattern for pattern_name 425
2026-02-01 19:13:14,769 - INFO - Building stim pattern for pattern_name 1276
2026-02-01 19:13:14,779 - INFO - Building stim pattern for pattern_name 701
2026-02-01 19:13:14,788 - INFO - Building stim pattern for pattern_name 3352
2026-02-01 19:13:14,798 - INFO - Building stim pattern for pattern_name 3114
2026-02-01 19:13:14,809 - INFO - Building stim pattern for pattern_name 1890
2026-02-01 19:13:14,819 - INFO - Building stim pattern for pattern_name 3081
2026-02-01 19:13:14,835 - INFO - Building stim pattern for pattern_name 2126
2026-02-01 19:13:14,853 - INFO - Building stim pattern for pattern_name 169
2026-02-01 19:13:14,870 - INFO - Building stim pattern for pattern_name 2638
2026-02-01 19:13:14,895 - INFO - Building stim pattern for pattern_name 2886
2026-02-01 19:13:14,906 - INFO - Building stim pattern for pattern_name 3517
2026-02-01 19:13:14,918 - INFO - Building stim pattern for pattern_name 1308
2026-02-01 19:13:14,929 - INFO - Building stim pattern for pattern_name 938
2026-02-01 19:13:14,940 - INFO - Building stim pattern for pattern_name 3714
2026-02-01 19:13:14,953 - INFO - Building stim pattern for pattern_name 3984
2026-02-01 19:13:14,983 - INFO - Building stim pattern for pattern_name 228
2026-02-01 19:13:14,993 - INFO - Building stim pattern for pattern_name 2600
2026-02-01 19:13:15,004 - INFO - Building stim pattern for pattern_name 1511
2026-02-01 19:13:15,016 - INFO - Building stim pattern for pattern_name 629
2026-02-01 19:13:15,027 - INFO - Building stim pattern for pattern_name 1969
2026-02-01 19:13:15,037 - INFO - Building stim pattern for pattern_name 2899
2026-02-01 19:13:15,048 - INFO - Building stim pattern for pattern_name 2631
2026-02-01 19:13:15,059 - INFO - Building stim pattern for pattern_name 835
2026-02-01 19:13:15,070 - INFO - Building stim pattern for pattern_name 2123
2026-02-01 19:13:15,080 - INFO - Building stim pattern for pattern_name 480
2026-02-01 19:13:15,091 - INFO - Building stim pattern for pattern_name 137
2026-02-01 19:13:15,101 - INFO - Building stim pattern for pattern_name 3894
2026-02-01 19:13:15,111 - INFO - Building stim pattern for pattern_name 3345
2026-02-01 19:13:15,121 - INFO - Building stim pattern for pattern_name 1207
2026-02-01 19:13:15,133 - INFO - Building stim pattern for pattern_name 3876
2026-02-01 19:13:15,144 - INFO - Building stim pattern for pattern_name 360
2026-02-01 19:13:15,227 - INFO - Building stim pattern for pattern_name 2179
2026-02-01 19:13:15,248 - INFO - Building stim pattern for pattern_name 1699
2026-02-01 19:13:15,262 - INFO - Building stim pattern for pattern_name 1354
2026-02-01 19:13:15,276 - INFO - Building stim pattern for pattern_name 1420
2026-02-01 19:13:15,287 - INFO - Building stim pattern for pattern_name 170
2026-02-01 19:13:15,299 - INFO - Building stim pattern for pattern_name 1690
2026-02-01 19:13:15,310 - INFO - Building stim pattern for pattern_name 2377
2026-02-01 19:13:15,333 - INFO - Building stim pattern for pattern_name 3907
2026-02-01 19:13:15,343 - INFO - Building stim pattern for pattern_name 1019
2026-02-01 19:13:15,354 - INFO - Building stim pattern for pattern_name 2576
2026-02-01 19:13:15,366 - INFO - Building stim pattern for pattern_name 1007
2026-02-01 19:13:15,377 - INFO - Building stim pattern for pattern_name 1194
2026-02-01 19:13:15,393 - INFO - Building stim pattern for pattern_name 3494
2026-02-01 19:13:15,405 - INFO - Building stim pattern for pattern_name 3279
2026-02-01 19:13:15,416 - INFO - Building stim pattern for pattern_name 2343
2026-02-01 19:13:15,426 - INFO - Building stim pattern for pattern_name 400
2026-02-01 19:13:15,449 - INFO - Building stim pattern for pattern_name 1584
2026-02-01 19:13:15,460 - INFO - Building stim pattern for pattern_name 1089
2026-02-01 19:13:15,472 - INFO - Building stim pattern for pattern_name 1061
2026-02-01 19:13:15,482 - INFO - Building stim pattern for pattern_name 1954
2026-02-01 19:13:15,503 - INFO - Building stim pattern for pattern_name 2006
2026-02-01 19:13:15,535 - INFO - Building stim pattern for pattern_name 1671
2026-02-01 19:13:15,549 - INFO - Building stim pattern for pattern_name 3478
2026-02-01 19:13:15,561 - INFO - Building stim pattern for pattern_name 1319
2026-02-01 19:13:15,580 - INFO - Building stim pattern for pattern_name 2433
2026-02-01 19:13:15,592 - INFO - Building stim pattern for pattern_name 3032
2026-02-01 19:13:15,607 - INFO - Building stim pattern for pattern_name 93
2026-02-01 19:13:15,618 - INFO - Building stim pattern for pattern_name 1161
2026-02-01 19:13:15,629 - INFO - Building stim pattern for pattern_name 249
2026-02-01 19:13:15,655 - INFO - Building stim pattern for pattern_name 687
2026-02-01 19:13:15,671 - INFO - Building stim pattern for pattern_name 1676
2026-02-01 19:13:15,681 - INFO - Building stim pattern for pattern_name 2654
2026-02-01 19:13:15,690 - INFO - Building stim pattern for pattern_name 901
2026-02-01 19:13:15,701 - INFO - Building stim pattern for pattern_name 1916
2026-02-01 19:13:15,717 - INFO - Building stim pattern for pattern_name 377
2026-02-01 19:13:15,727 - INFO - Building stim pattern for pattern_name 2389
2026-02-01 19:13:15,738 - INFO - Building stim pattern for pattern_name 78
2026-02-01 19:13:15,749 - INFO - Building stim pattern for pattern_name 1836
2026-02-01 19:13:15,766 - INFO - Building stim pattern for pattern_name 2199
2026-02-01 19:13:15,777 - INFO - Building stim pattern for pattern_name 3854
2026-02-01 19:13:15,787 - INFO - Building stim pattern for pattern_name 2395
2026-02-01 19:13:15,797 - INFO - Building stim pattern for pattern_name 753
2026-02-01 19:13:15,806 - INFO - Building stim pattern for pattern_name 1983
2026-02-01 19:13:15,817 - INFO - Building stim pattern for pattern_name 3225
2026-02-01 19:13:15,827 - INFO - Building stim pattern for pattern_name 1728
2026-02-01 19:13:15,844 - INFO - Building stim pattern for pattern_name 1500
2026-02-01 19:13:15,855 - INFO - Building stim pattern for pattern_name 2376
2026-02-01 19:13:15,872 - INFO - Building stim pattern for pattern_name 1029
2026-02-01 19:13:15,883 - INFO - Building stim pattern for pattern_name 2863
2026-02-01 19:13:15,893 - INFO - Building stim pattern for pattern_name 1586
2026-02-01 19:13:15,905 - INFO - Building stim pattern for pattern_name 2856
2026-02-01 19:13:15,917 - INFO - Building stim pattern for pattern_name 897
2026-02-01 19:13:15,930 - INFO - Building stim pattern for pattern_name 2621
2026-02-01 19:13:15,939 - INFO - Building stim pattern for pattern_name 2226
2026-02-01 19:13:15,949 - INFO - Building stim pattern for pattern_name 291
2026-02-01 19:13:15,961 - INFO - Building stim pattern for pattern_name 2482
2026-02-01 19:13:15,974 - INFO - Building stim pattern for pattern_name 2449
2026-02-01 19:13:15,988 - INFO - Building stim pattern for pattern_name 1216
2026-02-01 19:13:16,000 - INFO - Building stim pattern for pattern_name 1714
2026-02-01 19:13:16,010 - INFO - Building stim pattern for pattern_name 2447
2026-02-01 19:13:16,022 - INFO - Building stim pattern for pattern_name 1616
2026-02-01 19:13:16,042 - INFO - Building stim pattern for pattern_name 3793
2026-02-01 19:13:16,052 - INFO - Building stim pattern for pattern_name 2986
2026-02-01 19:13:16,064 - INFO - Building stim pattern for pattern_name 2364
2026-02-01 19:13:16,082 - INFO - Building stim pattern for pattern_name 2548
2026-02-01 19:13:16,094 - INFO - Building stim pattern for pattern_name 3133
2026-02-01 19:13:16,103 - INFO - Building stim pattern for pattern_name 3978
2026-02-01 19:13:16,113 - INFO - Building stim pattern for pattern_name 1495
2026-02-01 19:13:16,123 - INFO - Building stim pattern for pattern_name 1719
2026-02-01 19:13:16,140 - INFO - Building stim pattern for pattern_name 1908
2026-02-01 19:13:16,151 - INFO - Building stim pattern for pattern_name 1170
2026-02-01 19:13:16,161 - INFO - Building stim pattern for pattern_name 1883
2026-02-01 19:13:16,172 - INFO - Building stim pattern for pattern_name 3141
2026-02-01 19:13:16,189 - INFO - Building stim pattern for pattern_name 1451
2026-02-01 19:13:16,200 - INFO - Building stim pattern for pattern_name 255
2026-02-01 19:13:16,210 - INFO - Building stim pattern for pattern_name 1024
2026-02-01 19:13:16,220 - INFO - Building stim pattern for pattern_name 2085
2026-02-01 19:13:16,231 - INFO - Building stim pattern for pattern_name 413
2026-02-01 19:13:16,242 - INFO - Building stim pattern for pattern_name 1680
2026-02-01 19:13:16,252 - INFO - Building stim pattern for pattern_name 3868
2026-02-01 19:13:16,262 - INFO - Building stim pattern for pattern_name 292
2026-02-01 19:13:16,273 - INFO - Building stim pattern for pattern_name 469
2026-02-01 19:13:16,283 - INFO - Building stim pattern for pattern_name 2286
2026-02-01 19:13:16,303 - INFO - Building stim pattern for pattern_name 184
2026-02-01 19:13:16,317 - INFO - Building stim pattern for pattern_name 1965
2026-02-01 19:13:16,327 - INFO - Building stim pattern for pattern_name 3849
2026-02-01 19:13:16,340 - INFO - Building stim pattern for pattern_name 2011
2026-02-01 19:13:16,352 - INFO - Building stim pattern for pattern_name 3866
2026-02-01 19:13:16,364 - INFO - Building stim pattern for pattern_name 1779
2026-02-01 19:13:16,375 - INFO - Building stim pattern for pattern_name 3881
2026-02-01 19:13:16,386 - INFO - Building stim pattern for pattern_name 3839
2026-02-01 19:13:16,396 - INFO - Building stim pattern for pattern_name 1273
2026-02-01 19:13:16,411 - INFO - Building stim pattern for pattern_name 1563
2026-02-01 19:13:16,428 - INFO - Building stim pattern for pattern_name 1799
2026-02-01 19:13:16,439 - INFO - Building stim pattern for pattern_name 3416
2026-02-01 19:13:16,449 - INFO - Building stim pattern for pattern_name 661
2026-02-01 19:13:16,459 - INFO - Building stim pattern for pattern_name 2728
2026-02-01 19:13:16,469 - INFO - Building stim pattern for pattern_name 838
2026-02-01 19:13:16,481 - INFO - Building stim pattern for pattern_name 1634
2026-02-01 19:13:16,494 - INFO - Building stim pattern for pattern_name 3973
2026-02-01 19:13:16,510 - INFO - Building stim pattern for pattern_name 1171
2026-02-01 19:13:16,544 - INFO - Building stim pattern for pattern_name 2416
2026-02-01 19:13:16,556 - INFO - Building stim pattern for pattern_name 313
2026-02-01 19:13:16,574 - INFO - Building stim pattern for pattern_name 3313
2026-02-01 19:13:16,600 - INFO - Building stim pattern for pattern_name 3611
2026-02-01 19:13:16,613 - INFO - Building stim pattern for pattern_name 3715
2026-02-01 19:13:16,624 - INFO - Building stim pattern for pattern_name 764
2026-02-01 19:13:16,635 - INFO - Building stim pattern for pattern_name 116
2026-02-01 19:13:16,653 - INFO - Building stim pattern for pattern_name 2786
2026-02-01 19:13:16,663 - INFO - Building stim pattern for pattern_name 445
2026-02-01 19:13:16,679 - INFO - Building stim pattern for pattern_name 2529
2026-02-01 19:13:16,699 - INFO - Building stim pattern for pattern_name 3631
2026-02-01 19:13:16,721 - INFO - Building stim pattern for pattern_name 2092
2026-02-01 19:13:16,732 - INFO - Building stim pattern for pattern_name 1368
2026-02-01 19:13:16,742 - INFO - Building stim pattern for pattern_name 2239
2026-02-01 19:13:16,755 - INFO - Building stim pattern for pattern_name 944
2026-02-01 19:13:16,769 - INFO - Building stim pattern for pattern_name 1294
2026-02-01 19:13:16,780 - INFO - Building stim pattern for pattern_name 562
2026-02-01 19:13:16,791 - INFO - Building stim pattern for pattern_name 815
2026-02-01 19:13:16,802 - INFO - Building stim pattern for pattern_name 2478
2026-02-01 19:13:16,814 - INFO - Building stim pattern for pattern_name 964
2026-02-01 19:13:16,824 - INFO - Building stim pattern for pattern_name 3378
2026-02-01 19:13:16,841 - INFO - Building stim pattern for pattern_name 2920
2026-02-01 19:13:16,852 - INFO - Building stim pattern for pattern_name 1687
2026-02-01 19:13:16,864 - INFO - Building stim pattern for pattern_name 1438
2026-02-01 19:13:16,876 - INFO - Building stim pattern for pattern_name 487
2026-02-01 19:13:16,887 - INFO - Building stim pattern for pattern_name 825
2026-02-01 19:13:16,909 - INFO - Building stim pattern for pattern_name 974
2026-02-01 19:13:16,919 - INFO - Building stim pattern for pattern_name 3126
2026-02-01 19:13:16,931 - INFO - Building stim pattern for pattern_name 1772
2026-02-01 19:13:16,942 - INFO - Building stim pattern for pattern_name 1708
2026-02-01 19:13:16,953 - INFO - Building stim pattern for pattern_name 2729
2026-02-01 19:13:16,970 - INFO - Building stim pattern for pattern_name 2610
2026-02-01 19:13:16,984 - INFO - Building stim pattern for pattern_name 3685
2026-02-01 19:13:16,995 - INFO - Building stim pattern for pattern_name 2843
2026-02-01 19:13:17,008 - INFO - Building stim pattern for pattern_name 1133
2026-02-01 19:13:17,020 - INFO - Building stim pattern for pattern_name 3825
2026-02-01 19:13:17,032 - INFO - Building stim pattern for pattern_name 1403
2026-02-01 19:13:17,042 - INFO - Building stim pattern for pattern_name 3256
2026-02-01 19:13:17,052 - INFO - Building stim pattern for pattern_name 2534
2026-02-01 19:13:17,063 - INFO - Building stim pattern for pattern_name 3385
2026-02-01 19:13:17,083 - INFO - Building stim pattern for pattern_name 726
2026-02-01 19:13:17,092 - INFO - Building stim pattern for pattern_name 3877
2026-02-01 19:13:17,107 - INFO - Building stim pattern for pattern_name 1575
2026-02-01 19:13:17,123 - INFO - Building stim pattern for pattern_name 2518
2026-02-01 19:13:17,135 - INFO - Building stim pattern for pattern_name 340
2026-02-01 19:13:17,146 - INFO - Building stim pattern for pattern_name 3073
2026-02-01 19:13:17,161 - INFO - Building stim pattern for pattern_name 380
2026-02-01 19:13:17,172 - INFO - Building stim pattern for pattern_name 2323
2026-02-01 19:13:17,182 - INFO - Building stim pattern for pattern_name 639
2026-02-01 19:13:17,192 - INFO - Building stim pattern for pattern_name 1701
2026-02-01 19:13:17,204 - INFO - Building stim pattern for pattern_name 1366
2026-02-01 19:13:17,214 - INFO - Building stim pattern for pattern_name 1762
2026-02-01 19:13:17,226 - INFO - Building stim pattern for pattern_name 3967
2026-02-01 19:13:17,236 - INFO - Building stim pattern for pattern_name 602
2026-02-01 19:13:17,248 - INFO - Building stim pattern for pattern_name 443
2026-02-01 19:13:17,258 - INFO - Building stim pattern for pattern_name 3694
2026-02-01 19:13:17,268 - INFO - Building stim pattern for pattern_name 3604
2026-02-01 19:13:17,279 - INFO - Building stim pattern for pattern_name 1314
2026-02-01 19:13:17,291 - INFO - Building stim pattern for pattern_name 1426
2026-02-01 19:13:17,301 - INFO - Building stim pattern for pattern_name 2819
2026-02-01 19:13:17,317 - INFO - Building stim pattern for pattern_name 2105
2026-02-01 19:13:17,328 - INFO - Building stim pattern for pattern_name 329
2026-02-01 19:13:17,344 - INFO - Building stim pattern for pattern_name 1380
2026-02-01 19:13:17,410 - INFO - Building stim pattern for pattern_name 3461
2026-02-01 19:13:17,449 - INFO - Building stim pattern for pattern_name 2375
2026-02-01 19:13:17,472 - INFO - Building stim pattern for pattern_name 632
2026-02-01 19:13:17,486 - INFO - Building stim pattern for pattern_name 1717
2026-02-01 19:13:17,497 - INFO - Building stim pattern for pattern_name 3993
2026-02-01 19:13:17,508 - INFO - Building stim pattern for pattern_name 1128
2026-02-01 19:13:17,519 - INFO - Building stim pattern for pattern_name 2623
2026-02-01 19:13:17,529 - INFO - Building stim pattern for pattern_name 816
2026-02-01 19:13:17,541 - INFO - Building stim pattern for pattern_name 1104
2026-02-01 19:13:17,559 - INFO - Building stim pattern for pattern_name 1143
2026-02-01 19:13:17,569 - INFO - Building stim pattern for pattern_name 1949
2026-02-01 19:13:17,581 - INFO - Building stim pattern for pattern_name 344
2026-02-01 19:13:17,593 - INFO - Building stim pattern for pattern_name 3649
2026-02-01 19:13:17,608 - INFO - Building stim pattern for pattern_name 2077
2026-02-01 19:13:17,619 - INFO - Building stim pattern for pattern_name 2458
2026-02-01 19:13:17,636 - INFO - Building stim pattern for pattern_name 1898
2026-02-01 19:13:17,646 - INFO - Building stim pattern for pattern_name 1332
2026-02-01 19:13:17,656 - INFO - Building stim pattern for pattern_name 3807
2026-02-01 19:13:17,667 - INFO - Building stim pattern for pattern_name 1364
2026-02-01 19:13:17,677 - INFO - Building stim pattern for pattern_name 3982
2026-02-01 19:13:17,688 - INFO - Building stim pattern for pattern_name 1406
2026-02-01 19:13:17,698 - INFO - Building stim pattern for pattern_name 336
2026-02-01 19:13:17,708 - INFO - Building stim pattern for pattern_name 710
2026-02-01 19:13:17,725 - INFO - Building stim pattern for pattern_name 2342
2026-02-01 19:13:17,737 - INFO - Building stim pattern for pattern_name 3776
2026-02-01 19:13:17,762 - INFO - Building stim pattern for pattern_name 1158
2026-02-01 19:13:17,772 - INFO - Building stim pattern for pattern_name 486
2026-02-01 19:13:17,789 - INFO - Building stim pattern for pattern_name 421
2026-02-01 19:13:17,799 - INFO - Building stim pattern for pattern_name 1471
2026-02-01 19:13:17,809 - INFO - Building stim pattern for pattern_name 3021
2026-02-01 19:13:17,819 - INFO - Building stim pattern for pattern_name 3674
2026-02-01 19:13:17,835 - INFO - Building stim pattern for pattern_name 2966
2026-02-01 19:13:17,846 - INFO - Building stim pattern for pattern_name 2921
2026-02-01 19:13:17,861 - INFO - Building stim pattern for pattern_name 834
2026-02-01 19:13:17,879 - INFO - Building stim pattern for pattern_name 3237
2026-02-01 19:13:17,894 - INFO - Building stim pattern for pattern_name 2612
2026-02-01 19:13:17,910 - INFO - Building stim pattern for pattern_name 1541
2026-02-01 19:13:17,923 - INFO - Building stim pattern for pattern_name 2351
2026-02-01 19:13:17,933 - INFO - Building stim pattern for pattern_name 1570
2026-02-01 19:13:17,945 - INFO - Building stim pattern for pattern_name 325
2026-02-01 19:13:17,955 - INFO - Building stim pattern for pattern_name 3914
2026-02-01 19:13:17,973 - INFO - Building stim pattern for pattern_name 3355
2026-02-01 19:13:17,983 - INFO - Building stim pattern for pattern_name 1837
2026-02-01 19:13:17,994 - INFO - Building stim pattern for pattern_name 2503
2026-02-01 19:13:18,018 - INFO - Building stim pattern for pattern_name 306
2026-02-01 19:13:18,030 - INFO - Building stim pattern for pattern_name 672
2026-02-01 19:13:18,041 - INFO - Building stim pattern for pattern_name 2018
2026-02-01 19:13:18,051 - INFO - Building stim pattern for pattern_name 1778
2026-02-01 19:13:18,079 - INFO - Building stim pattern for pattern_name 2189
2026-02-01 19:13:18,100 - INFO - Building stim pattern for pattern_name 3448
2026-02-01 19:13:18,111 - INFO - Building stim pattern for pattern_name 2211
2026-02-01 19:13:18,128 - INFO - Building stim pattern for pattern_name 2148
2026-02-01 19:13:18,138 - INFO - Building stim pattern for pattern_name 3409
2026-02-01 19:13:18,149 - INFO - Building stim pattern for pattern_name 3052
2026-02-01 19:13:18,181 - INFO - Building stim pattern for pattern_name 268
2026-02-01 19:13:18,192 - INFO - Building stim pattern for pattern_name 1385
2026-02-01 19:13:18,201 - INFO - Building stim pattern for pattern_name 720
2026-02-01 19:13:18,212 - INFO - Building stim pattern for pattern_name 72
2026-02-01 19:13:18,222 - INFO - Building stim pattern for pattern_name 2759
2026-02-01 19:13:18,231 - INFO - Building stim pattern for pattern_name 2765
2026-02-01 19:13:18,241 - INFO - Building stim pattern for pattern_name 793
2026-02-01 19:13:18,251 - INFO - Building stim pattern for pattern_name 2171
2026-02-01 19:13:18,266 - INFO - Building stim pattern for pattern_name 2985
2026-02-01 19:13:18,277 - INFO - Building stim pattern for pattern_name 2598
2026-02-01 19:13:18,286 - INFO - Building stim pattern for pattern_name 3851
2026-02-01 19:13:18,296 - INFO - Building stim pattern for pattern_name 1434
2026-02-01 19:13:18,307 - INFO - Building stim pattern for pattern_name 1445
2026-02-01 19:13:18,318 - INFO - Building stim pattern for pattern_name 1146
2026-02-01 19:13:18,328 - INFO - Building stim pattern for pattern_name 2551
2026-02-01 19:13:18,338 - INFO - Building stim pattern for pattern_name 1802
2026-02-01 19:13:18,349 - INFO - Building stim pattern for pattern_name 3123
2026-02-01 19:13:18,365 - INFO - Building stim pattern for pattern_name 902
2026-02-01 19:13:18,376 - INFO - Building stim pattern for pattern_name 767
2026-02-01 19:13:18,387 - INFO - Building stim pattern for pattern_name 3821
2026-02-01 19:13:18,398 - INFO - Building stim pattern for pattern_name 3564
2026-02-01 19:13:18,407 - INFO - Building stim pattern for pattern_name 905
2026-02-01 19:13:18,416 - INFO - Building stim pattern for pattern_name 2624
2026-02-01 19:13:18,426 - INFO - Building stim pattern for pattern_name 2434
2026-02-01 19:13:18,436 - INFO - Building stim pattern for pattern_name 2267
2026-02-01 19:13:18,447 - INFO - Building stim pattern for pattern_name 3028
2026-02-01 19:13:18,457 - INFO - Building stim pattern for pattern_name 131
2026-02-01 19:13:18,468 - INFO - Building stim pattern for pattern_name 763
2026-02-01 19:13:18,479 - INFO - Building stim pattern for pattern_name 1751
2026-02-01 19:13:18,489 - INFO - Building stim pattern for pattern_name 2951
2026-02-01 19:13:18,500 - INFO - Building stim pattern for pattern_name 2175
2026-02-01 19:13:18,511 - INFO - Building stim pattern for pattern_name 616
2026-02-01 19:13:18,521 - INFO - Building stim pattern for pattern_name 3139
2026-02-01 19:13:18,532 - INFO - Building stim pattern for pattern_name 407
2026-02-01 19:13:18,542 - INFO - Building stim pattern for pattern_name 1245
2026-02-01 19:13:18,554 - INFO - Building stim pattern for pattern_name 3654
2026-02-01 19:13:18,565 - INFO - Building stim pattern for pattern_name 1079
2026-02-01 19:13:18,585 - INFO - Building stim pattern for pattern_name 3188
2026-02-01 19:13:18,598 - INFO - Building stim pattern for pattern_name 265
2026-02-01 19:13:18,613 - INFO - Building stim pattern for pattern_name 608
2026-02-01 19:13:18,626 - INFO - Building stim pattern for pattern_name 1025
2026-02-01 19:13:18,645 - INFO - Building stim pattern for pattern_name 2837
2026-02-01 19:13:18,656 - INFO - Building stim pattern for pattern_name 3160
2026-02-01 19:13:18,669 - INFO - Building stim pattern for pattern_name 1091
2026-02-01 19:13:18,680 - INFO - Building stim pattern for pattern_name 324
2026-02-01 19:13:18,690 - INFO - Building stim pattern for pattern_name 1214
2026-02-01 19:13:18,706 - INFO - Building stim pattern for pattern_name 180
2026-02-01 19:13:18,720 - INFO - Building stim pattern for pattern_name 3997
2026-02-01 19:13:18,734 - INFO - Building stim pattern for pattern_name 9
2026-02-01 19:13:18,749 - INFO - Building stim pattern for pattern_name 1547
2026-02-01 19:13:18,761 - INFO - Building stim pattern for pattern_name 3689
2026-02-01 19:13:18,773 - INFO - Building stim pattern for pattern_name 2159
2026-02-01 19:13:18,786 - INFO - Building stim pattern for pattern_name 364
2026-02-01 19:13:18,801 - INFO - Building stim pattern for pattern_name 3376
2026-02-01 19:13:18,813 - INFO - Building stim pattern for pattern_name 3197
2026-02-01 19:13:18,824 - INFO - Building stim pattern for pattern_name 2129
2026-02-01 19:13:18,837 - INFO - Building stim pattern for pattern_name 2472
2026-02-01 19:13:18,849 - INFO - Building stim pattern for pattern_name 3510
2026-02-01 19:13:18,861 - INFO - Building stim pattern for pattern_name 1401
2026-02-01 19:13:18,874 - INFO - Building stim pattern for pattern_name 346
2026-02-01 19:13:18,887 - INFO - Building stim pattern for pattern_name 173
2026-02-01 19:13:18,899 - INFO - Building stim pattern for pattern_name 1503
2026-02-01 19:13:18,912 - INFO - Building stim pattern for pattern_name 3506
2026-02-01 19:13:18,924 - INFO - Building stim pattern for pattern_name 356
2026-02-01 19:13:18,935 - INFO - Building stim pattern for pattern_name 709
2026-02-01 19:13:18,948 - INFO - Building stim pattern for pattern_name 1446
2026-02-01 19:13:18,969 - INFO - Building stim pattern for pattern_name 1760
2026-02-01 19:13:18,982 - INFO - Building stim pattern for pattern_name 1056
2026-02-01 19:13:18,993 - INFO - Building stim pattern for pattern_name 2995
2026-02-01 19:13:19,004 - INFO - Building stim pattern for pattern_name 122
2026-02-01 19:13:19,021 - INFO - Building stim pattern for pattern_name 19
2026-02-01 19:13:19,031 - INFO - Building stim pattern for pattern_name 536
2026-02-01 19:13:19,040 - INFO - Building stim pattern for pattern_name 1632
2026-02-01 19:13:19,051 - INFO - Building stim pattern for pattern_name 3356
2026-02-01 19:13:19,062 - INFO - Building stim pattern for pattern_name 3326
2026-02-01 19:13:19,073 - INFO - Building stim pattern for pattern_name 612
2026-02-01 19:13:19,085 - INFO - Building stim pattern for pattern_name 3573
2026-02-01 19:13:19,095 - INFO - Building stim pattern for pattern_name 3572
2026-02-01 19:13:19,106 - INFO - Building stim pattern for pattern_name 2566
2026-02-01 19:13:19,116 - INFO - Building stim pattern for pattern_name 65
2026-02-01 19:13:19,138 - INFO - Building stim pattern for pattern_name 290
2026-02-01 19:13:19,150 - INFO - Building stim pattern for pattern_name 167
2026-02-01 19:13:19,166 - INFO - Building stim pattern for pattern_name 2161
2026-02-01 19:13:19,177 - INFO - Building stim pattern for pattern_name 1315
2026-02-01 19:13:19,187 - INFO - Building stim pattern for pattern_name 1504
2026-02-01 19:13:19,211 - INFO - Building stim pattern for pattern_name 2931
2026-02-01 19:13:19,222 - INFO - Building stim pattern for pattern_name 1183
2026-02-01 19:13:19,232 - INFO - Building stim pattern for pattern_name 2652
2026-02-01 19:13:19,243 - INFO - Building stim pattern for pattern_name 466
2026-02-01 19:13:19,253 - INFO - Building stim pattern for pattern_name 3981
2026-02-01 19:13:19,263 - INFO - Building stim pattern for pattern_name 676
2026-02-01 19:13:19,275 - INFO - Building stim pattern for pattern_name 2038
2026-02-01 19:13:19,287 - INFO - Building stim pattern for pattern_name 3037
2026-02-01 19:13:19,307 - INFO - Building stim pattern for pattern_name 2153
2026-02-01 19:13:19,319 - INFO - Building stim pattern for pattern_name 927
2026-02-01 19:13:19,332 - INFO - Building stim pattern for pattern_name 2662
2026-02-01 19:13:19,349 - INFO - Building stim pattern for pattern_name 935
2026-02-01 19:13:19,361 - INFO - Building stim pattern for pattern_name 2168
2026-02-01 19:13:19,372 - INFO - Building stim pattern for pattern_name 1919
2026-02-01 19:13:19,382 - INFO - Building stim pattern for pattern_name 1136
2026-02-01 19:13:19,393 - INFO - Building stim pattern for pattern_name 3236
2026-02-01 19:13:19,403 - INFO - Building stim pattern for pattern_name 2009
2026-02-01 19:13:19,414 - INFO - Building stim pattern for pattern_name 1226
2026-02-01 19:13:19,424 - INFO - Building stim pattern for pattern_name 3799
2026-02-01 19:13:19,434 - INFO - Building stim pattern for pattern_name 1478
2026-02-01 19:13:19,445 - INFO - Building stim pattern for pattern_name 2806
2026-02-01 19:13:19,455 - INFO - Building stim pattern for pattern_name 2258
2026-02-01 19:13:19,464 - INFO - Building stim pattern for pattern_name 782
2026-02-01 19:13:19,480 - INFO - Building stim pattern for pattern_name 1272
2026-02-01 19:13:19,489 - INFO - Building stim pattern for pattern_name 2761
2026-02-01 19:13:19,500 - INFO - Building stim pattern for pattern_name 154
2026-02-01 19:13:19,510 - INFO - Building stim pattern for pattern_name 914
2026-02-01 19:13:19,520 - INFO - Building stim pattern for pattern_name 2960
2026-02-01 19:13:19,531 - INFO - Building stim pattern for pattern_name 1196
2026-02-01 19:13:19,544 - INFO - Building stim pattern for pattern_name 552
2026-02-01 19:13:19,556 - INFO - Building stim pattern for pattern_name 3571
2026-02-01 19:13:19,566 - INFO - Building stim pattern for pattern_name 3228
2026-02-01 19:13:19,589 - INFO - Building stim pattern for pattern_name 1568
2026-02-01 19:13:19,599 - INFO - Building stim pattern for pattern_name 3122
2026-02-01 19:13:19,610 - INFO - Building stim pattern for pattern_name 1509
2026-02-01 19:13:19,620 - INFO - Building stim pattern for pattern_name 1865
2026-02-01 19:13:19,630 - INFO - Building stim pattern for pattern_name 2864
2026-02-01 19:13:19,641 - INFO - Building stim pattern for pattern_name 3547
2026-02-01 19:13:19,653 - INFO - Building stim pattern for pattern_name 2019
2026-02-01 19:13:19,664 - INFO - Building stim pattern for pattern_name 2295
2026-02-01 19:13:19,675 - INFO - Building stim pattern for pattern_name 818
2026-02-01 19:13:19,692 - INFO - Building stim pattern for pattern_name 1304
2026-02-01 19:13:19,702 - INFO - Building stim pattern for pattern_name 1517
2026-02-01 19:13:19,714 - INFO - Building stim pattern for pattern_name 606
2026-02-01 19:13:19,724 - INFO - Building stim pattern for pattern_name 1938
2026-02-01 19:13:19,734 - INFO - Building stim pattern for pattern_name 368
2026-02-01 19:13:19,810 - INFO - Building stim pattern for pattern_name 895
2026-02-01 19:13:19,826 - INFO - Building stim pattern for pattern_name 1398
2026-02-01 19:13:19,846 - INFO - Building stim pattern for pattern_name 2190
2026-02-01 19:13:19,859 - INFO - Building stim pattern for pattern_name 3522
2026-02-01 19:13:19,873 - INFO - Building stim pattern for pattern_name 63
2026-02-01 19:13:19,885 - INFO - Building stim pattern for pattern_name 1372
2026-02-01 19:13:19,901 - INFO - Building stim pattern for pattern_name 605
2026-02-01 19:13:19,918 - INFO - Building stim pattern for pattern_name 471
2026-02-01 19:13:19,929 - INFO - Building stim pattern for pattern_name 3042
2026-02-01 19:13:19,940 - INFO - Building stim pattern for pattern_name 261
2026-02-01 19:13:19,953 - INFO - Building stim pattern for pattern_name 752
2026-02-01 19:13:19,971 - INFO - Building stim pattern for pattern_name 2916
2026-02-01 19:13:19,983 - INFO - Building stim pattern for pattern_name 187
2026-02-01 19:13:19,995 - INFO - Building stim pattern for pattern_name 2733
2026-02-01 19:13:20,033 - INFO - Building stim pattern for pattern_name 3790
2026-02-01 19:13:20,043 - INFO - Building stim pattern for pattern_name 2233
2026-02-01 19:13:20,053 - INFO - Building stim pattern for pattern_name 1225
2026-02-01 19:13:20,063 - INFO - Building stim pattern for pattern_name 1371
2026-02-01 19:13:20,075 - INFO - Building stim pattern for pattern_name 3034
2026-02-01 19:13:20,092 - INFO - Building stim pattern for pattern_name 1733
2026-02-01 19:13:20,103 - INFO - Building stim pattern for pattern_name 1072
2026-02-01 19:13:20,113 - INFO - Building stim pattern for pattern_name 2601
2026-02-01 19:13:20,129 - INFO - Building stim pattern for pattern_name 414
2026-02-01 19:13:20,140 - INFO - Building stim pattern for pattern_name 2519
2026-02-01 19:13:20,156 - INFO - Building stim pattern for pattern_name 3828
2026-02-01 19:13:20,165 - INFO - Building stim pattern for pattern_name 1607
2026-02-01 19:13:20,178 - INFO - Building stim pattern for pattern_name 2690
2026-02-01 19:13:20,192 - INFO - Building stim pattern for pattern_name 2878
2026-02-01 19:13:20,208 - INFO - Building stim pattern for pattern_name 386
2026-02-01 19:13:20,228 - INFO - Building stim pattern for pattern_name 713
2026-02-01 19:13:20,240 - INFO - Building stim pattern for pattern_name 3758
2026-02-01 19:13:20,251 - INFO - Building stim pattern for pattern_name 2014
2026-02-01 19:13:20,267 - INFO - Building stim pattern for pattern_name 1162
2026-02-01 19:13:20,278 - INFO - Building stim pattern for pattern_name 2166
2026-02-01 19:13:20,289 - INFO - Building stim pattern for pattern_name 1242
2026-02-01 19:13:20,300 - INFO - Building stim pattern for pattern_name 1292
2026-02-01 19:13:20,323 - INFO - Building stim pattern for pattern_name 2145
2026-02-01 19:13:20,336 - INFO - Building stim pattern for pattern_name 3591
2026-02-01 19:13:20,349 - INFO - Building stim pattern for pattern_name 1461
2026-02-01 19:13:20,362 - INFO - Building stim pattern for pattern_name 3275
2026-02-01 19:13:20,371 - INFO - Building stim pattern for pattern_name 2618
2026-02-01 19:13:20,383 - INFO - Building stim pattern for pattern_name 1190
2026-02-01 19:13:20,394 - INFO - Building stim pattern for pattern_name 124
2026-02-01 19:13:20,404 - INFO - Building stim pattern for pattern_name 2194
2026-02-01 19:13:20,423 - INFO - Building stim pattern for pattern_name 2795
2026-02-01 19:13:20,449 - INFO - Building stim pattern for pattern_name 2083
2026-02-01 19:13:20,468 - INFO - Building stim pattern for pattern_name 388
2026-02-01 19:13:20,480 - INFO - Building stim pattern for pattern_name 1544
2026-02-01 19:13:20,500 - INFO - Building stim pattern for pattern_name 1448
2026-02-01 19:13:20,511 - INFO - Building stim pattern for pattern_name 3941
2026-02-01 19:13:20,527 - INFO - Building stim pattern for pattern_name 2227
2026-02-01 19:13:20,547 - INFO - Building stim pattern for pattern_name 607
2026-02-01 19:13:20,562 - INFO - Building stim pattern for pattern_name 622
2026-02-01 19:13:20,573 - INFO - Building stim pattern for pattern_name 3408
2026-02-01 19:13:20,584 - INFO - Building stim pattern for pattern_name 110
2026-02-01 19:13:20,609 - INFO - Building stim pattern for pattern_name 3287
2026-02-01 19:13:20,618 - INFO - Building stim pattern for pattern_name 2315
2026-02-01 19:13:20,635 - INFO - Building stim pattern for pattern_name 1860
2026-02-01 19:13:20,646 - INFO - Building stim pattern for pattern_name 1254
2026-02-01 19:13:20,658 - INFO - Building stim pattern for pattern_name 3029
2026-02-01 19:13:20,671 - INFO - Building stim pattern for pattern_name 1463
2026-02-01 19:13:20,682 - INFO - Building stim pattern for pattern_name 454
2026-02-01 19:13:20,695 - INFO - Building stim pattern for pattern_name 2640
2026-02-01 19:13:20,706 - INFO - Building stim pattern for pattern_name 1472
2026-02-01 19:13:20,715 - INFO - Building stim pattern for pattern_name 959
2026-02-01 19:13:20,724 - INFO - Building stim pattern for pattern_name 1827
2026-02-01 19:13:20,735 - INFO - Building stim pattern for pattern_name 3392
2026-02-01 19:13:20,746 - INFO - Building stim pattern for pattern_name 1715
2026-02-01 19:13:20,757 - INFO - Building stim pattern for pattern_name 2847
2026-02-01 19:13:20,768 - INFO - Building stim pattern for pattern_name 1119
2026-02-01 19:13:20,781 - INFO - Building stim pattern for pattern_name 452
2026-02-01 19:13:20,793 - INFO - Building stim pattern for pattern_name 1310
2026-02-01 19:13:20,811 - INFO - Building stim pattern for pattern_name 2590
2026-02-01 19:13:20,824 - INFO - Building stim pattern for pattern_name 136
2026-02-01 19:13:20,833 - INFO - Building stim pattern for pattern_name 3518
2026-02-01 19:13:20,844 - INFO - Building stim pattern for pattern_name 2463
2026-02-01 19:13:20,859 - INFO - Building stim pattern for pattern_name 1937
2026-02-01 19:13:20,869 - INFO - Building stim pattern for pattern_name 3739
2026-02-01 19:13:20,879 - INFO - Building stim pattern for pattern_name 945
2026-02-01 19:13:20,898 - INFO - Building stim pattern for pattern_name 2900
2026-02-01 19:13:20,911 - INFO - Building stim pattern for pattern_name 3976
2026-02-01 19:13:20,923 - INFO - Building stim pattern for pattern_name 919
2026-02-01 19:13:20,935 - INFO - Building stim pattern for pattern_name 774
2026-02-01 19:13:20,944 - INFO - Building stim pattern for pattern_name 2625
2026-02-01 19:13:20,955 - INFO - Building stim pattern for pattern_name 107
2026-02-01 19:13:20,966 - INFO - Building stim pattern for pattern_name 1002
2026-02-01 19:13:20,977 - INFO - Building stim pattern for pattern_name 1900
2026-02-01 19:13:20,986 - INFO - Building stim pattern for pattern_name 703
2026-02-01 19:13:20,998 - INFO - Building stim pattern for pattern_name 1068
2026-02-01 19:13:21,008 - INFO - Building stim pattern for pattern_name 3233
2026-02-01 19:13:21,025 - INFO - Building stim pattern for pattern_name 1844
2026-02-01 19:13:21,038 - INFO - Building stim pattern for pattern_name 2288
2026-02-01 19:13:21,050 - INFO - Building stim pattern for pattern_name 1028
2026-02-01 19:13:21,060 - INFO - Building stim pattern for pattern_name 348
2026-02-01 19:13:21,077 - INFO - Building stim pattern for pattern_name 3848
2026-02-01 19:13:21,090 - INFO - Building stim pattern for pattern_name 3109
2026-02-01 19:13:21,116 - INFO - Building stim pattern for pattern_name 3886
2026-02-01 19:13:21,131 - INFO - Building stim pattern for pattern_name 1748
2026-02-01 19:13:21,142 - INFO - Building stim pattern for pattern_name 2012
2026-02-01 19:13:21,152 - INFO - Building stim pattern for pattern_name 297
2026-02-01 19:13:21,165 - INFO - Building stim pattern for pattern_name 2132
2026-02-01 19:13:21,193 - INFO - Building stim pattern for pattern_name 3538
2026-02-01 19:13:21,204 - INFO - Building stim pattern for pattern_name 2504
2026-02-01 19:13:21,217 - INFO - Building stim pattern for pattern_name 2352
2026-02-01 19:13:21,230 - INFO - Building stim pattern for pattern_name 1926
2026-02-01 19:13:21,240 - INFO - Building stim pattern for pattern_name 906
2026-02-01 19:13:21,251 - INFO - Building stim pattern for pattern_name 3293
2026-02-01 19:13:21,265 - INFO - Building stim pattern for pattern_name 3339
2026-02-01 19:13:21,277 - INFO - Building stim pattern for pattern_name 3004
2026-02-01 19:13:21,288 - INFO - Building stim pattern for pattern_name 761
2026-02-01 19:13:21,298 - INFO - Building stim pattern for pattern_name 3487
2026-02-01 19:13:21,309 - INFO - Building stim pattern for pattern_name 354
2026-02-01 19:13:21,325 - INFO - Building stim pattern for pattern_name 3653
2026-02-01 19:13:21,336 - INFO - Building stim pattern for pattern_name 3737
2026-02-01 19:13:21,346 - INFO - Building stim pattern for pattern_name 2757
2026-02-01 19:13:21,356 - INFO - Building stim pattern for pattern_name 3813
2026-02-01 19:13:21,372 - INFO - Building stim pattern for pattern_name 1528
2026-02-01 19:13:21,383 - INFO - Building stim pattern for pattern_name 3054
2026-02-01 19:13:21,392 - INFO - Building stim pattern for pattern_name 208
2026-02-01 19:13:21,403 - INFO - Building stim pattern for pattern_name 3377
2026-02-01 19:13:21,414 - INFO - Building stim pattern for pattern_name 1277
2026-02-01 19:13:21,516 - INFO - Building stim pattern for pattern_name 2500
2026-02-01 19:13:21,529 - INFO - Building stim pattern for pattern_name 3283
2026-02-01 19:13:21,547 - INFO - Building stim pattern for pattern_name 708
2026-02-01 19:13:21,559 - INFO - Building stim pattern for pattern_name 2209
2026-02-01 19:13:21,575 - INFO - Building stim pattern for pattern_name 2215
2026-02-01 19:13:21,587 - INFO - Building stim pattern for pattern_name 2471
2026-02-01 19:13:21,603 - INFO - Building stim pattern for pattern_name 792
2026-02-01 19:13:21,613 - INFO - Building stim pattern for pattern_name 3899
2026-02-01 19:13:21,625 - INFO - Building stim pattern for pattern_name 3912
2026-02-01 19:13:21,636 - INFO - Building stim pattern for pattern_name 382
2026-02-01 19:13:21,646 - INFO - Building stim pattern for pattern_name 778
2026-02-01 19:13:21,657 - INFO - Building stim pattern for pattern_name 3867
2026-02-01 19:13:21,675 - INFO - Building stim pattern for pattern_name 1948
2026-02-01 19:13:21,686 - INFO - Building stim pattern for pattern_name 3509
2026-02-01 19:13:21,696 - INFO - Building stim pattern for pattern_name 3555
2026-02-01 19:13:21,706 - INFO - Building stim pattern for pattern_name 3992
2026-02-01 19:13:21,718 - INFO - Building stim pattern for pattern_name 1882
2026-02-01 19:13:21,730 - INFO - Building stim pattern for pattern_name 99
2026-02-01 19:13:21,750 - INFO - Building stim pattern for pattern_name 2536
2026-02-01 19:13:21,760 - INFO - Building stim pattern for pattern_name 892
2026-02-01 19:13:21,771 - INFO - Building stim pattern for pattern_name 2834
2026-02-01 19:13:21,782 - INFO - Building stim pattern for pattern_name 989
2026-02-01 19:13:21,793 - INFO - Building stim pattern for pattern_name 3540
2026-02-01 19:13:21,803 - INFO - Building stim pattern for pattern_name 1501
2026-02-01 19:13:21,813 - INFO - Building stim pattern for pattern_name 2793
2026-02-01 19:13:21,822 - INFO - Building stim pattern for pattern_name 1042
2026-02-01 19:13:21,832 - INFO - Building stim pattern for pattern_name 3417
2026-02-01 19:13:21,845 - INFO - Building stim pattern for pattern_name 665
2026-02-01 19:13:21,858 - INFO - Building stim pattern for pattern_name 3579
2026-02-01 19:13:21,870 - INFO - Building stim pattern for pattern_name 58
2026-02-01 19:13:21,884 - INFO - Building stim pattern for pattern_name 626
2026-02-01 19:13:21,894 - INFO - Building stim pattern for pattern_name 1013
2026-02-01 19:13:21,910 - INFO - Building stim pattern for pattern_name 3159
2026-02-01 19:13:21,920 - INFO - Building stim pattern for pattern_name 3679
2026-02-01 19:13:21,945 - INFO - Building stim pattern for pattern_name 3675
2026-02-01 19:13:21,955 - INFO - Building stim pattern for pattern_name 3944
2026-02-01 19:13:21,966 - INFO - Building stim pattern for pattern_name 1251
2026-02-01 19:13:21,976 - INFO - Building stim pattern for pattern_name 3505
2026-02-01 19:13:21,987 - INFO - Building stim pattern for pattern_name 1151
2026-02-01 19:13:22,008 - INFO - Building stim pattern for pattern_name 1369
2026-02-01 19:13:22,019 - INFO - Building stim pattern for pattern_name 600
2026-02-01 19:13:22,029 - INFO - Building stim pattern for pattern_name 2459
2026-02-01 19:13:22,039 - INFO - Building stim pattern for pattern_name 1249
2026-02-01 19:13:22,055 - INFO - Building stim pattern for pattern_name 841
2026-02-01 19:13:22,066 - INFO - Building stim pattern for pattern_name 3321
2026-02-01 19:13:22,076 - INFO - Building stim pattern for pattern_name 1639
2026-02-01 19:13:22,087 - INFO - Building stim pattern for pattern_name 3864
2026-02-01 19:13:22,097 - INFO - Building stim pattern for pattern_name 1328
2026-02-01 19:13:22,116 - INFO - Building stim pattern for pattern_name 2142
2026-02-01 19:13:22,127 - INFO - Building stim pattern for pattern_name 3770
2026-02-01 19:13:22,139 - INFO - Building stim pattern for pattern_name 3134
2026-02-01 19:13:22,150 - INFO - Building stim pattern for pattern_name 3687
2026-02-01 19:13:22,159 - INFO - Building stim pattern for pattern_name 202
2026-02-01 19:13:22,171 - INFO - Building stim pattern for pattern_name 771
2026-02-01 19:13:22,181 - INFO - Building stim pattern for pattern_name 1163
2026-02-01 19:13:22,190 - INFO - Building stim pattern for pattern_name 1642
2026-02-01 19:13:22,202 - INFO - Building stim pattern for pattern_name 504
2026-02-01 19:13:22,212 - INFO - Building stim pattern for pattern_name 3560
2026-02-01 19:13:22,225 - INFO - Building stim pattern for pattern_name 2873
2026-02-01 19:13:22,242 - INFO - Building stim pattern for pattern_name 3058
2026-02-01 19:13:22,253 - INFO - Building stim pattern for pattern_name 1881
2026-02-01 19:13:22,271 - INFO - Building stim pattern for pattern_name 3563
2026-02-01 19:13:22,288 - INFO - Building stim pattern for pattern_name 1231
2026-02-01 19:13:22,300 - INFO - Building stim pattern for pattern_name 166
2026-02-01 19:13:22,313 - INFO - Building stim pattern for pattern_name 2391
2026-02-01 19:13:22,325 - INFO - Building stim pattern for pattern_name 1186
2026-02-01 19:13:22,336 - INFO - Building stim pattern for pattern_name 2487
2026-02-01 19:13:22,347 - INFO - Building stim pattern for pattern_name 722
2026-02-01 19:13:22,362 - INFO - Building stim pattern for pattern_name 3943
2026-02-01 19:13:22,373 - INFO - Building stim pattern for pattern_name 2571
2026-02-01 19:13:22,383 - INFO - Building stim pattern for pattern_name 1148
2026-02-01 19:13:22,401 - INFO - Building stim pattern for pattern_name 3646
2026-02-01 19:13:22,411 - INFO - Building stim pattern for pattern_name 3394
2026-02-01 19:13:22,422 - INFO - Building stim pattern for pattern_name 2976
2026-02-01 19:13:22,433 - INFO - Building stim pattern for pattern_name 873
2026-02-01 19:13:22,454 - INFO - Building stim pattern for pattern_name 371
2026-02-01 19:13:22,466 - INFO - Building stim pattern for pattern_name 1404
2026-02-01 19:13:22,482 - INFO - Building stim pattern for pattern_name 3965
2026-02-01 19:13:22,493 - INFO - Building stim pattern for pattern_name 3791
2026-02-01 19:13:22,503 - INFO - Building stim pattern for pattern_name 2476
2026-02-01 19:13:22,513 - INFO - Building stim pattern for pattern_name 2606
2026-02-01 19:13:22,524 - INFO - Building stim pattern for pattern_name 1392
2026-02-01 19:13:22,535 - INFO - Building stim pattern for pattern_name 2365
2026-02-01 19:13:22,545 - INFO - Building stim pattern for pattern_name 845
2026-02-01 19:13:22,555 - INFO - Building stim pattern for pattern_name 1622
2026-02-01 19:13:22,566 - INFO - Building stim pattern for pattern_name 3936
2026-02-01 19:13:22,576 - INFO - Building stim pattern for pattern_name 2287
2026-02-01 19:13:22,586 - INFO - Building stim pattern for pattern_name 2195
2026-02-01 19:13:22,597 - INFO - Building stim pattern for pattern_name 2647
2026-02-01 19:13:22,608 - INFO - Building stim pattern for pattern_name 2680
2026-02-01 19:13:22,619 - INFO - Building stim pattern for pattern_name 3402
2026-02-01 19:13:22,629 - INFO - Building stim pattern for pattern_name 1627
2026-02-01 19:13:22,640 - INFO - Building stim pattern for pattern_name 3479
2026-02-01 19:13:22,657 - INFO - Building stim pattern for pattern_name 804
2026-02-01 19:13:22,668 - INFO - Building stim pattern for pattern_name 2938
2026-02-01 19:13:22,685 - INFO - Building stim pattern for pattern_name 2304
2026-02-01 19:13:22,696 - INFO - Building stim pattern for pattern_name 3090
2026-02-01 19:13:22,706 - INFO - Building stim pattern for pattern_name 918
2026-02-01 19:13:22,717 - INFO - Building stim pattern for pattern_name 984
2026-02-01 19:13:22,732 - INFO - Building stim pattern for pattern_name 1344
2026-02-01 19:13:22,756 - INFO - Building stim pattern for pattern_name 40
2026-02-01 19:13:22,768 - INFO - Building stim pattern for pattern_name 667
2026-02-01 19:13:22,778 - INFO - Building stim pattern for pattern_name 422
2026-02-01 19:13:22,789 - INFO - Building stim pattern for pattern_name 3551
2026-02-01 19:13:22,804 - INFO - Building stim pattern for pattern_name 3415
2026-02-01 19:13:22,817 - INFO - Building stim pattern for pattern_name 304
2026-02-01 19:13:22,841 - INFO - Building stim pattern for pattern_name 3079
2026-02-01 19:13:22,858 - INFO - Building stim pattern for pattern_name 1984
2026-02-01 19:13:22,868 - INFO - Building stim pattern for pattern_name 3390
2026-02-01 19:13:22,880 - INFO - Building stim pattern for pattern_name 2914
2026-02-01 19:13:22,890 - INFO - Building stim pattern for pattern_name 3115
2026-02-01 19:13:22,900 - INFO - Building stim pattern for pattern_name 3110
2026-02-01 19:13:22,911 - INFO - Building stim pattern for pattern_name 3386
2026-02-01 19:13:22,921 - INFO - Building stim pattern for pattern_name 1718
2026-02-01 19:13:22,932 - INFO - Building stim pattern for pattern_name 1970
2026-02-01 19:13:22,942 - INFO - Building stim pattern for pattern_name 820
2026-02-01 19:13:22,954 - INFO - Building stim pattern for pattern_name 1452
2026-02-01 19:13:22,968 - INFO - Building stim pattern for pattern_name 3078
2026-02-01 19:13:22,980 - INFO - Building stim pattern for pattern_name 1004
2026-02-01 19:13:22,991 - INFO - Building stim pattern for pattern_name 1818
2026-02-01 19:13:23,001 - INFO - Building stim pattern for pattern_name 1349
2026-02-01 19:13:23,014 - INFO - Building stim pattern for pattern_name 3041
2026-02-01 19:13:23,026 - INFO - Building stim pattern for pattern_name 451
2026-02-01 19:13:23,039 - INFO - Building stim pattern for pattern_name 2332
2026-02-01 19:13:23,050 - INFO - Building stim pattern for pattern_name 598
2026-02-01 19:13:23,062 - INFO - Building stim pattern for pattern_name 2805
2026-02-01 19:13:23,074 - INFO - Building stim pattern for pattern_name 3656
2026-02-01 19:13:23,088 - INFO - Building stim pattern for pattern_name 882
2026-02-01 19:13:23,099 - INFO - Building stim pattern for pattern_name 3873
2026-02-01 19:13:23,152 - INFO - Building stim pattern for pattern_name 3630
2026-02-01 19:13:23,217 - INFO - Building stim pattern for pattern_name 3797
2026-02-01 19:13:23,239 - INFO - Building stim pattern for pattern_name 3749
2026-02-01 19:13:23,258 - INFO - Building stim pattern for pattern_name 97
2026-02-01 19:13:23,271 - INFO - Building stim pattern for pattern_name 3280
2026-02-01 19:13:23,283 - INFO - Building stim pattern for pattern_name 172
2026-02-01 19:13:23,295 - INFO - Building stim pattern for pattern_name 3891
2026-02-01 19:13:23,307 - INFO - Building stim pattern for pattern_name 3932
2026-02-01 19:13:23,319 - INFO - Building stim pattern for pattern_name 1784
2026-02-01 19:13:23,337 - INFO - Building stim pattern for pattern_name 493
2026-02-01 19:13:23,350 - INFO - Building stim pattern for pattern_name 2833
2026-02-01 19:13:23,360 - INFO - Building stim pattern for pattern_name 690
2026-02-01 19:13:23,370 - INFO - Building stim pattern for pattern_name 3333
2026-02-01 19:13:23,381 - INFO - Building stim pattern for pattern_name 3800
2026-02-01 19:13:23,392 - INFO - Building stim pattern for pattern_name 59
2026-02-01 19:13:23,401 - INFO - Building stim pattern for pattern_name 3299
2026-02-01 19:13:23,413 - INFO - Building stim pattern for pattern_name 2670
2026-02-01 19:13:23,424 - INFO - Building stim pattern for pattern_name 2439
2026-02-01 19:13:23,434 - INFO - Building stim pattern for pattern_name 283
2026-02-01 19:13:23,451 - INFO - Building stim pattern for pattern_name 3543
2026-02-01 19:13:23,463 - INFO - Building stim pattern for pattern_name 3824
2026-02-01 19:13:23,475 - INFO - Building stim pattern for pattern_name 3232
2026-02-01 19:13:23,488 - INFO - Building stim pattern for pattern_name 1803
2026-02-01 19:13:23,501 - INFO - Building stim pattern for pattern_name 1306
2026-02-01 19:13:23,520 - INFO - Building stim pattern for pattern_name 260
2026-02-01 19:13:23,533 - INFO - Building stim pattern for pattern_name 2071
2026-02-01 19:13:23,545 - INFO - Building stim pattern for pattern_name 379
2026-02-01 19:13:23,556 - INFO - Building stim pattern for pattern_name 3962
2026-02-01 19:13:23,574 - INFO - Building stim pattern for pattern_name 779
2026-02-01 19:13:23,585 - INFO - Building stim pattern for pattern_name 861
2026-02-01 19:13:23,603 - INFO - Building stim pattern for pattern_name 177
2026-02-01 19:13:23,637 - INFO - Building stim pattern for pattern_name 1338
2026-02-01 19:13:23,650 - INFO - Building stim pattern for pattern_name 312
2026-02-01 19:13:23,659 - INFO - Building stim pattern for pattern_name 163
2026-02-01 19:13:23,677 - INFO - Building stim pattern for pattern_name 3632
2026-02-01 19:13:23,695 - INFO - Building stim pattern for pattern_name 1904
2026-02-01 19:13:23,707 - INFO - Building stim pattern for pattern_name 1535
2026-02-01 19:13:23,719 - INFO - Building stim pattern for pattern_name 3490
2026-02-01 19:13:23,739 - INFO - Building stim pattern for pattern_name 2617
2026-02-01 19:13:23,750 - INFO - Building stim pattern for pattern_name 2490
2026-02-01 19:13:23,761 - INFO - Building stim pattern for pattern_name 1732
2026-02-01 19:13:23,778 - INFO - Building stim pattern for pattern_name 57
2026-02-01 19:13:23,789 - INFO - Building stim pattern for pattern_name 295
2026-02-01 19:13:23,805 - INFO - Building stim pattern for pattern_name 458
2026-02-01 19:13:23,816 - INFO - Building stim pattern for pattern_name 966
2026-02-01 19:13:23,828 - INFO - Building stim pattern for pattern_name 1797
2026-02-01 19:13:23,838 - INFO - Building stim pattern for pattern_name 3066
2026-02-01 19:13:23,848 - INFO - Building stim pattern for pattern_name 3681
2026-02-01 19:13:23,860 - INFO - Building stim pattern for pattern_name 2550
2026-02-01 19:13:23,871 - INFO - Building stim pattern for pattern_name 2187
2026-02-01 19:13:23,883 - INFO - Building stim pattern for pattern_name 2511
2026-02-01 19:13:23,894 - INFO - Building stim pattern for pattern_name 328
2026-02-01 19:13:23,905 - INFO - Building stim pattern for pattern_name 2477
2026-02-01 19:13:23,918 - INFO - Building stim pattern for pattern_name 299
2026-02-01 19:13:23,930 - INFO - Building stim pattern for pattern_name 2154
2026-02-01 19:13:23,942 - INFO - Building stim pattern for pattern_name 3324
2026-02-01 19:13:23,961 - INFO - Building stim pattern for pattern_name 2411
2026-02-01 19:13:23,970 - INFO - Building stim pattern for pattern_name 3928
2026-02-01 19:13:23,983 - INFO - Building stim pattern for pattern_name 315
2026-02-01 19:13:24,007 - INFO - Building stim pattern for pattern_name 2808
2026-02-01 19:13:24,025 - INFO - Building stim pattern for pattern_name 1712
2026-02-01 19:13:24,038 - INFO - Building stim pattern for pattern_name 2687
2026-02-01 19:13:24,059 - INFO - Building stim pattern for pattern_name 2116
2026-02-01 19:13:24,089 - INFO - Building stim pattern for pattern_name 3743
2026-02-01 19:13:24,106 - INFO - Building stim pattern for pattern_name 1185
2026-02-01 19:13:24,118 - INFO - Building stim pattern for pattern_name 3624
2026-02-01 19:13:24,131 - INFO - Building stim pattern for pattern_name 45
2026-02-01 19:13:24,143 - INFO - Building stim pattern for pattern_name 3977
2026-02-01 19:13:24,156 - INFO - Building stim pattern for pattern_name 807
2026-02-01 19:13:24,166 - INFO - Building stim pattern for pattern_name 1749
2026-02-01 19:13:24,178 - INFO - Building stim pattern for pattern_name 997
2026-02-01 19:13:24,189 - INFO - Building stim pattern for pattern_name 3006
2026-02-01 19:13:24,199 - INFO - Building stim pattern for pattern_name 1527
2026-02-01 19:13:24,209 - INFO - Building stim pattern for pattern_name 188
2026-02-01 19:13:24,221 - INFO - Building stim pattern for pattern_name 2707
2026-02-01 19:13:24,238 - INFO - Building stim pattern for pattern_name 1105
2026-02-01 19:13:24,248 - INFO - Building stim pattern for pattern_name 3918
2026-02-01 19:13:24,259 - INFO - Building stim pattern for pattern_name 1020
2026-02-01 19:13:24,269 - INFO - Building stim pattern for pattern_name 2975
2026-02-01 19:13:24,281 - INFO - Building stim pattern for pattern_name 3680
2026-02-01 19:13:24,291 - INFO - Building stim pattern for pattern_name 1981
2026-02-01 19:13:24,303 - INFO - Building stim pattern for pattern_name 1139
2026-02-01 19:13:24,314 - INFO - Building stim pattern for pattern_name 867
2026-02-01 19:13:24,325 - INFO - Building stim pattern for pattern_name 1378
2026-02-01 19:13:24,336 - INFO - Building stim pattern for pattern_name 1649
2026-02-01 19:13:24,346 - INFO - Building stim pattern for pattern_name 3927
2026-02-01 19:13:24,358 - INFO - Building stim pattern for pattern_name 3904
2026-02-01 19:13:24,375 - INFO - Building stim pattern for pattern_name 1605
2026-02-01 19:13:24,386 - INFO - Building stim pattern for pattern_name 1993
2026-02-01 19:13:24,397 - INFO - Building stim pattern for pattern_name 2703
2026-02-01 19:13:24,406 - INFO - Building stim pattern for pattern_name 2896
2026-02-01 19:13:24,416 - INFO - Building stim pattern for pattern_name 308
2026-02-01 19:13:24,428 - INFO - Building stim pattern for pattern_name 1179
2026-02-01 19:13:24,445 - INFO - Building stim pattern for pattern_name 3523
2026-02-01 19:13:24,458 - INFO - Building stim pattern for pattern_name 1409
2026-02-01 19:13:24,472 - INFO - Building stim pattern for pattern_name 3464
2026-02-01 19:13:24,486 - INFO - Building stim pattern for pattern_name 3750
2026-02-01 19:13:24,497 - INFO - Building stim pattern for pattern_name 331
2026-02-01 19:13:24,507 - INFO - Building stim pattern for pattern_name 1334
2026-02-01 19:13:24,518 - INFO - Building stim pattern for pattern_name 2553
2026-02-01 19:13:24,529 - INFO - Building stim pattern for pattern_name 874
2026-02-01 19:13:24,540 - INFO - Building stim pattern for pattern_name 2438
2026-02-01 19:13:24,551 - INFO - Building stim pattern for pattern_name 1658
2026-02-01 19:13:24,566 - INFO - Building stim pattern for pattern_name 2538
2026-02-01 19:13:24,576 - INFO - Building stim pattern for pattern_name 3519
2026-02-01 19:13:24,586 - INFO - Building stim pattern for pattern_name 3804
2026-02-01 19:13:24,597 - INFO - Building stim pattern for pattern_name 3281
2026-02-01 19:13:24,609 - INFO - Building stim pattern for pattern_name 1432
2026-02-01 19:13:24,618 - INFO - Building stim pattern for pattern_name 2906
2026-02-01 19:13:24,628 - INFO - Building stim pattern for pattern_name 2702
2026-02-01 19:13:24,639 - INFO - Building stim pattern for pattern_name 3250
2026-02-01 19:13:24,650 - INFO - Building stim pattern for pattern_name 2470
2026-02-01 19:13:24,662 - INFO - Building stim pattern for pattern_name 3154
2026-02-01 19:13:24,673 - INFO - Building stim pattern for pattern_name 2789
2026-02-01 19:13:24,692 - INFO - Building stim pattern for pattern_name 1474
2026-02-01 19:13:24,707 - INFO - Building stim pattern for pattern_name 736
2026-02-01 19:13:24,717 - INFO - Building stim pattern for pattern_name 3343
2026-02-01 19:13:24,729 - INFO - Building stim pattern for pattern_name 2317
2026-02-01 19:13:24,743 - INFO - Building stim pattern for pattern_name 3508
2026-02-01 19:13:24,755 - INFO - Building stim pattern for pattern_name 114
2026-02-01 19:13:24,767 - INFO - Building stim pattern for pattern_name 96
2026-02-01 19:13:24,778 - INFO - Building stim pattern for pattern_name 303
2026-02-01 19:13:24,789 - INFO - Building stim pattern for pattern_name 970
2026-02-01 19:13:24,812 - INFO - Building stim pattern for pattern_name 482
2026-02-01 19:13:24,823 - INFO - Building stim pattern for pattern_name 2678
2026-02-01 19:13:24,833 - INFO - Building stim pattern for pattern_name 2298
2026-02-01 19:13:24,844 - INFO - Building stim pattern for pattern_name 565
2026-02-01 19:13:24,866 - INFO - Building stim pattern for pattern_name 3819
2026-02-01 19:13:24,877 - INFO - Building stim pattern for pattern_name 2284
2026-02-01 19:13:24,888 - INFO - Building stim pattern for pattern_name 2489
2026-02-01 19:13:24,900 - INFO - Building stim pattern for pattern_name 1365
2026-02-01 19:13:24,910 - INFO - Building stim pattern for pattern_name 2817
2026-02-01 19:13:24,920 - INFO - Building stim pattern for pattern_name 1804
2026-02-01 19:13:24,931 - INFO - Building stim pattern for pattern_name 688
2026-02-01 19:13:24,940 - INFO - Building stim pattern for pattern_name 1071
2026-02-01 19:13:24,952 - INFO - Building stim pattern for pattern_name 1657
2026-02-01 19:13:25,027 - INFO - Building stim pattern for pattern_name 498
2026-02-01 19:13:25,038 - INFO - Building stim pattern for pattern_name 1100
2026-02-01 19:13:25,061 - INFO - Building stim pattern for pattern_name 2957
2026-02-01 19:13:25,073 - INFO - Building stim pattern for pattern_name 3502
2026-02-01 19:13:25,092 - INFO - Building stim pattern for pattern_name 1538
2026-02-01 19:13:25,102 - INFO - Building stim pattern for pattern_name 3999
2026-02-01 19:13:25,112 - INFO - Building stim pattern for pattern_name 3917
2026-02-01 19:13:25,132 - INFO - Building stim pattern for pattern_name 2823
2026-02-01 19:13:25,143 - INFO - Building stim pattern for pattern_name 2810
2026-02-01 19:13:25,155 - INFO - Building stim pattern for pattern_name 3921
2026-02-01 19:13:25,182 - INFO - Building stim pattern for pattern_name 1065
2026-02-01 19:13:25,198 - INFO - Building stim pattern for pattern_name 1066
2026-02-01 19:13:25,209 - INFO - Building stim pattern for pattern_name 3003
2026-02-01 19:13:25,226 - INFO - Building stim pattern for pattern_name 3609
2026-02-01 19:13:25,237 - INFO - Building stim pattern for pattern_name 1321
2026-02-01 19:13:25,250 - INFO - Building stim pattern for pattern_name 1922
2026-02-01 19:13:25,261 - INFO - Building stim pattern for pattern_name 2756
2026-02-01 19:13:25,271 - INFO - Building stim pattern for pattern_name 1164
2026-02-01 19:13:25,282 - INFO - Building stim pattern for pattern_name 620
2026-02-01 19:13:25,293 - INFO - Building stim pattern for pattern_name 2502
2026-02-01 19:13:25,307 - INFO - Building stim pattern for pattern_name 3068
2026-02-01 19:13:25,320 - INFO - Building stim pattern for pattern_name 1271
2026-02-01 19:13:25,336 - INFO - Building stim pattern for pattern_name 2243
2026-02-01 19:13:25,347 - INFO - Building stim pattern for pattern_name 1592
2026-02-01 19:13:25,359 - INFO - Building stim pattern for pattern_name 3035
2026-02-01 19:13:25,370 - INFO - Building stim pattern for pattern_name 999
2026-02-01 19:13:25,380 - INFO - Building stim pattern for pattern_name 2460
2026-02-01 19:13:25,389 - INFO - Building stim pattern for pattern_name 3320
2026-02-01 19:13:25,399 - INFO - Building stim pattern for pattern_name 958
2026-02-01 19:13:25,410 - INFO - Building stim pattern for pattern_name 215
2026-02-01 19:13:25,426 - INFO - Building stim pattern for pattern_name 2269
2026-02-01 19:13:25,441 - INFO - Building stim pattern for pattern_name 2797
2026-02-01 19:13:25,452 - INFO - Building stim pattern for pattern_name 2473
2026-02-01 19:13:25,463 - INFO - Building stim pattern for pattern_name 2127
2026-02-01 19:13:25,474 - INFO - Building stim pattern for pattern_name 3076
2026-02-01 19:13:25,486 - INFO - Building stim pattern for pattern_name 3346
2026-02-01 19:13:25,502 - INFO - Building stim pattern for pattern_name 2870
2026-02-01 19:13:25,512 - INFO - Building stim pattern for pattern_name 362
2026-02-01 19:13:25,521 - INFO - Building stim pattern for pattern_name 2903
2026-02-01 19:13:25,531 - INFO - Building stim pattern for pattern_name 3843
2026-02-01 19:13:25,542 - INFO - Building stim pattern for pattern_name 2373
2026-02-01 19:13:25,553 - INFO - Building stim pattern for pattern_name 1026
2026-02-01 19:13:25,563 - INFO - Building stim pattern for pattern_name 1055
2026-02-01 19:13:25,574 - INFO - Building stim pattern for pattern_name 2587
2026-02-01 19:13:25,584 - INFO - Building stim pattern for pattern_name 833
2026-02-01 19:13:25,595 - INFO - Building stim pattern for pattern_name 805
2026-02-01 19:13:25,606 - INFO - Building stim pattern for pattern_name 3244
2026-02-01 19:13:25,616 - INFO - Building stim pattern for pattern_name 1660
2026-02-01 19:13:25,629 - INFO - Building stim pattern for pattern_name 3319
2026-02-01 19:13:25,650 - INFO - Building stim pattern for pattern_name 1990
2026-02-01 19:13:25,670 - INFO - Building stim pattern for pattern_name 2952
2026-02-01 19:13:25,682 - INFO - Building stim pattern for pattern_name 3200
2026-02-01 19:13:25,699 - INFO - Building stim pattern for pattern_name 66
2026-02-01 19:13:25,710 - INFO - Building stim pattern for pattern_name 1088
2026-02-01 19:13:25,721 - INFO - Building stim pattern for pattern_name 2450
2026-02-01 19:13:25,734 - INFO - Building stim pattern for pattern_name 3016
2026-02-01 19:13:25,746 - INFO - Building stim pattern for pattern_name 2486
2026-02-01 19:13:25,760 - INFO - Building stim pattern for pattern_name 3414
2026-02-01 19:13:25,773 - INFO - Building stim pattern for pattern_name 2133
2026-02-01 19:13:25,784 - INFO - Building stim pattern for pattern_name 1046
2026-02-01 19:13:25,804 - INFO - Building stim pattern for pattern_name 977
2026-02-01 19:13:25,815 - INFO - Building stim pattern for pattern_name 3227
2026-02-01 19:13:25,828 - INFO - Building stim pattern for pattern_name 197
2026-02-01 19:13:25,838 - INFO - Building stim pattern for pattern_name 2257
2026-02-01 19:13:25,850 - INFO - Building stim pattern for pattern_name 3298
2026-02-01 19:13:25,863 - INFO - Building stim pattern for pattern_name 2003
2026-02-01 19:13:25,874 - INFO - Building stim pattern for pattern_name 513
2026-02-01 19:13:25,884 - INFO - Building stim pattern for pattern_name 2419
2026-02-01 19:13:25,895 - INFO - Building stim pattern for pattern_name 3182
2026-02-01 19:13:25,906 - INFO - Building stim pattern for pattern_name 2088
2026-02-01 19:13:25,917 - INFO - Building stim pattern for pattern_name 2825
2026-02-01 19:13:25,928 - INFO - Building stim pattern for pattern_name 2379
2026-02-01 19:13:25,948 - INFO - Building stim pattern for pattern_name 3664
2026-02-01 19:13:25,961 - INFO - Building stim pattern for pattern_name 789
2026-02-01 19:13:25,973 - INFO - Building stim pattern for pattern_name 755
2026-02-01 19:13:25,985 - INFO - Building stim pattern for pattern_name 2540
2026-02-01 19:13:25,996 - INFO - Building stim pattern for pattern_name 3166
2026-02-01 19:13:26,009 - INFO - Building stim pattern for pattern_name 868
2026-02-01 19:13:26,021 - INFO - Building stim pattern for pattern_name 1810
2026-02-01 19:13:26,032 - INFO - Building stim pattern for pattern_name 915
2026-02-01 19:13:26,043 - INFO - Building stim pattern for pattern_name 2335
2026-02-01 19:13:26,054 - INFO - Building stim pattern for pattern_name 1705
2026-02-01 19:13:26,063 - INFO - Building stim pattern for pattern_name 438
2026-02-01 19:13:26,074 - INFO - Building stim pattern for pattern_name 610
2026-02-01 19:13:26,084 - INFO - Building stim pattern for pattern_name 2784
2026-02-01 19:13:26,095 - INFO - Building stim pattern for pattern_name 2029
2026-02-01 19:13:26,105 - INFO - Building stim pattern for pattern_name 300
2026-02-01 19:13:26,115 - INFO - Building stim pattern for pattern_name 2853
2026-02-01 19:13:26,126 - INFO - Building stim pattern for pattern_name 3491
2026-02-01 19:13:26,135 - INFO - Building stim pattern for pattern_name 1597
2026-02-01 19:13:26,150 - INFO - Building stim pattern for pattern_name 14
2026-02-01 19:13:26,162 - INFO - Building stim pattern for pattern_name 3501
2026-02-01 19:13:26,173 - INFO - Building stim pattern for pattern_name 361
2026-02-01 19:13:26,184 - INFO - Building stim pattern for pattern_name 2121
2026-02-01 19:13:26,194 - INFO - Building stim pattern for pattern_name 864
2026-02-01 19:13:26,211 - INFO - Building stim pattern for pattern_name 92
2026-02-01 19:13:26,222 - INFO - Building stim pattern for pattern_name 3629
2026-02-01 19:13:26,232 - INFO - Building stim pattern for pattern_name 524
2026-02-01 19:13:26,245 - INFO - Building stim pattern for pattern_name 39
2026-02-01 19:13:26,257 - INFO - Building stim pattern for pattern_name 2119
2026-02-01 19:13:26,269 - INFO - Building stim pattern for pattern_name 477
2026-02-01 19:13:26,281 - INFO - Building stim pattern for pattern_name 3593
2026-02-01 19:13:26,300 - INFO - Building stim pattern for pattern_name 1828
2026-02-01 19:13:26,311 - INFO - Building stim pattern for pattern_name 907
2026-02-01 19:13:26,321 - INFO - Building stim pattern for pattern_name 2851
2026-02-01 19:13:26,334 - INFO - Building stim pattern for pattern_name 500
2026-02-01 19:13:26,345 - INFO - Building stim pattern for pattern_name 3578
2026-02-01 19:13:26,356 - INFO - Building stim pattern for pattern_name 1305
2026-02-01 19:13:26,367 - INFO - Building stim pattern for pattern_name 2354
2026-02-01 19:13:26,378 - INFO - Building stim pattern for pattern_name 2222
2026-02-01 19:13:26,398 - INFO - Building stim pattern for pattern_name 1896
2026-02-01 19:13:26,415 - INFO - Building stim pattern for pattern_name 3890
2026-02-01 19:13:26,427 - INFO - Building stim pattern for pattern_name 2947
2026-02-01 19:13:26,439 - INFO - Building stim pattern for pattern_name 1735
2026-02-01 19:13:26,453 - INFO - Building stim pattern for pattern_name 2173
2026-02-01 19:13:26,463 - INFO - Building stim pattern for pattern_name 1767
2026-02-01 19:13:26,474 - INFO - Building stim pattern for pattern_name 3499
2026-02-01 19:13:26,484 - INFO - Building stim pattern for pattern_name 1615
2026-02-01 19:13:26,495 - INFO - Building stim pattern for pattern_name 1532
2026-02-01 19:13:26,506 - INFO - Building stim pattern for pattern_name 3009
2026-02-01 19:13:26,518 - INFO - Building stim pattern for pattern_name 559
2026-02-01 19:13:26,530 - INFO - Building stim pattern for pattern_name 3677
2026-02-01 19:13:26,541 - INFO - Building stim pattern for pattern_name 595
2026-02-01 19:13:26,556 - INFO - Building stim pattern for pattern_name 1222
2026-02-01 19:13:26,565 - INFO - Building stim pattern for pattern_name 17
2026-02-01 19:13:26,576 - INFO - Building stim pattern for pattern_name 121
2026-02-01 19:13:26,588 - INFO - Building stim pattern for pattern_name 2149
2026-02-01 19:13:26,596 - INFO - Building stim pattern for pattern_name 1208
2026-02-01 19:13:26,605 - INFO - Building stim pattern for pattern_name 2917
2026-02-01 19:13:26,617 - INFO - Building stim pattern for pattern_name 2396
2026-02-01 19:13:26,628 - INFO - Building stim pattern for pattern_name 3959
2026-02-01 19:13:26,638 - INFO - Building stim pattern for pattern_name 2829
2026-02-01 19:13:26,648 - INFO - Building stim pattern for pattern_name 3766
2026-02-01 19:13:26,661 - INFO - Building stim pattern for pattern_name 589
2026-02-01 19:13:26,680 - INFO - Building stim pattern for pattern_name 3235
2026-02-01 19:13:26,697 - INFO - Building stim pattern for pattern_name 1920
2026-02-01 19:13:26,707 - INFO - Building stim pattern for pattern_name 3089
2026-02-01 19:13:26,723 - INFO - Building stim pattern for pattern_name 2923
2026-02-01 19:13:26,732 - INFO - Building stim pattern for pattern_name 3956
2026-02-01 19:13:26,744 - INFO - Building stim pattern for pattern_name 1729
2026-02-01 19:13:26,755 - INFO - Building stim pattern for pattern_name 971
2026-02-01 19:13:26,764 - INFO - Building stim pattern for pattern_name 1798
2026-02-01 19:13:26,776 - INFO - Building stim pattern for pattern_name 2762
2026-02-01 19:13:26,788 - INFO - Building stim pattern for pattern_name 828
2026-02-01 19:13:26,799 - INFO - Building stim pattern for pattern_name 685
2026-02-01 19:13:26,816 - INFO - Building stim pattern for pattern_name 3185
2026-02-01 19:13:26,827 - INFO - Building stim pattern for pattern_name 2775
2026-02-01 19:13:26,838 - INFO - Building stim pattern for pattern_name 2461
2026-02-01 19:13:26,849 - INFO - Building stim pattern for pattern_name 2586
2026-02-01 19:13:26,859 - INFO - Building stim pattern for pattern_name 3380
2026-02-01 19:13:26,870 - INFO - Building stim pattern for pattern_name 81
2026-02-01 19:13:26,881 - INFO - Building stim pattern for pattern_name 52
2026-02-01 19:13:26,891 - INFO - Building stim pattern for pattern_name 2369
2026-02-01 19:13:26,901 - INFO - Building stim pattern for pattern_name 1205
2026-02-01 19:13:26,910 - INFO - Building stim pattern for pattern_name 1188
2026-02-01 19:13:26,921 - INFO - Building stim pattern for pattern_name 561
2026-02-01 19:13:26,944 - INFO - Building stim pattern for pattern_name 678
2026-02-01 19:13:26,955 - INFO - Building stim pattern for pattern_name 406
2026-02-01 19:13:26,981 - INFO - Building stim pattern for pattern_name 1456
2026-02-01 19:13:26,993 - INFO - Building stim pattern for pattern_name 1526
2026-02-01 19:13:27,011 - INFO - Building stim pattern for pattern_name 1093
2026-02-01 19:13:27,022 - INFO - Building stim pattern for pattern_name 3775
2026-02-01 19:13:27,038 - INFO - Building stim pattern for pattern_name 3102
2026-02-01 19:13:27,050 - INFO - Building stim pattern for pattern_name 2788
2026-02-01 19:13:27,060 - INFO - Building stim pattern for pattern_name 3676
2026-02-01 19:13:27,070 - INFO - Building stim pattern for pattern_name 1067
2026-02-01 19:13:27,082 - INFO - Building stim pattern for pattern_name 3463
2026-02-01 19:13:27,093 - INFO - Building stim pattern for pattern_name 2800
2026-02-01 19:13:27,104 - INFO - Building stim pattern for pattern_name 2278
2026-02-01 19:13:27,125 - INFO - Building stim pattern for pattern_name 3933
2026-02-01 19:13:27,136 - INFO - Building stim pattern for pattern_name 2237
2026-02-01 19:13:27,146 - INFO - Building stim pattern for pattern_name 2180
2026-02-01 19:13:27,171 - INFO - Building stim pattern for pattern_name 913
2026-02-01 19:13:27,183 - INFO - Building stim pattern for pattern_name 2385
2026-02-01 19:13:27,194 - INFO - Building stim pattern for pattern_name 2367
2026-02-01 19:13:27,205 - INFO - Building stim pattern for pattern_name 1573
2026-02-01 19:13:27,217 - INFO - Building stim pattern for pattern_name 745
2026-02-01 19:13:27,228 - INFO - Building stim pattern for pattern_name 3303
2026-02-01 19:13:27,238 - INFO - Building stim pattern for pattern_name 681
2026-02-01 19:13:27,248 - INFO - Building stim pattern for pattern_name 3168
2026-02-01 19:13:27,258 - INFO - Building stim pattern for pattern_name 2944
2026-02-01 19:13:27,268 - INFO - Building stim pattern for pattern_name 941
2026-02-01 19:13:27,279 - INFO - Building stim pattern for pattern_name 940
2026-02-01 19:13:27,295 - INFO - Building stim pattern for pattern_name 3434
2026-02-01 19:13:27,306 - INFO - Building stim pattern for pattern_name 2722
2026-02-01 19:13:27,316 - INFO - Building stim pattern for pattern_name 1375
2026-02-01 19:13:27,325 - INFO - Building stim pattern for pattern_name 3659
2026-02-01 19:13:27,335 - INFO - Building stim pattern for pattern_name 2285
2026-02-01 19:13:27,346 - INFO - Building stim pattern for pattern_name 2514
2026-02-01 19:13:27,357 - INFO - Building stim pattern for pattern_name 2292
2026-02-01 19:13:27,369 - INFO - Building stim pattern for pattern_name 3855
2026-02-01 19:13:27,379 - INFO - Building stim pattern for pattern_name 3931
2026-02-01 19:13:27,390 - INFO - Building stim pattern for pattern_name 1741
2026-02-01 19:13:27,400 - INFO - Building stim pattern for pattern_name 3026
2026-02-01 19:13:27,409 - INFO - Building stim pattern for pattern_name 3082
2026-02-01 19:13:27,426 - INFO - Building stim pattern for pattern_name 706
2026-02-01 19:13:27,435 - INFO - Building stim pattern for pattern_name 1534
2026-02-01 19:13:27,452 - INFO - Building stim pattern for pattern_name 1113
2026-02-01 19:13:27,460 - INFO - Building stim pattern for pattern_name 119
2026-02-01 19:13:27,471 - INFO - Building stim pattern for pattern_name 2140
2026-02-01 19:13:27,482 - INFO - Building stim pattern for pattern_name 3044
2026-02-01 19:13:27,493 - INFO - Building stim pattern for pattern_name 3428
2026-02-01 19:13:27,504 - INFO - Building stim pattern for pattern_name 2614
2026-02-01 19:13:27,515 - INFO - Building stim pattern for pattern_name 3367
2026-02-01 19:13:27,526 - INFO - Building stim pattern for pattern_name 2109
2026-02-01 19:13:27,536 - INFO - Building stim pattern for pattern_name 2043
2026-02-01 19:13:27,547 - INFO - Building stim pattern for pattern_name 1987
2026-02-01 19:13:27,558 - INFO - Building stim pattern for pattern_name 534
2026-02-01 19:13:27,569 - INFO - Building stim pattern for pattern_name 3765
2026-02-01 19:13:27,582 - INFO - Building stim pattern for pattern_name 583
2026-02-01 19:13:27,601 - INFO - Building stim pattern for pattern_name 54
2026-02-01 19:13:27,611 - INFO - Building stim pattern for pattern_name 2897
2026-02-01 19:13:27,622 - INFO - Building stim pattern for pattern_name 1487
2026-02-01 19:13:27,633 - INFO - Building stim pattern for pattern_name 2465
2026-02-01 19:13:27,644 - INFO - Building stim pattern for pattern_name 397
2026-02-01 19:13:27,658 - INFO - Building stim pattern for pattern_name 1073
2026-02-01 19:13:27,668 - INFO - Building stim pattern for pattern_name 658
2026-02-01 19:13:27,679 - INFO - Building stim pattern for pattern_name 2312
2026-02-01 19:13:27,695 - INFO - Building stim pattern for pattern_name 2568
2026-02-01 19:13:27,711 - INFO - Building stim pattern for pattern_name 1832
2026-02-01 19:13:27,721 - INFO - Building stim pattern for pattern_name 3627
2026-02-01 19:13:27,732 - INFO - Building stim pattern for pattern_name 3174
2026-02-01 19:13:27,753 - INFO - Building stim pattern for pattern_name 338
2026-02-01 19:13:27,775 - INFO - Building stim pattern for pattern_name 505
2026-02-01 19:13:27,785 - INFO - Building stim pattern for pattern_name 863
2026-02-01 19:13:27,799 - INFO - Building stim pattern for pattern_name 3406
2026-02-01 19:13:27,812 - INFO - Building stim pattern for pattern_name 1880
2026-02-01 19:13:27,823 - INFO - Building stim pattern for pattern_name 428
2026-02-01 19:13:27,844 - INFO - Building stim pattern for pattern_name 2570
2026-02-01 19:13:27,855 - INFO - Building stim pattern for pattern_name 3587
2026-02-01 19:13:27,865 - INFO - Building stim pattern for pattern_name 2188
2026-02-01 19:13:27,876 - INFO - Building stim pattern for pattern_name 531
2026-02-01 19:13:27,888 - INFO - Building stim pattern for pattern_name 3484
2026-02-01 19:13:27,904 - INFO - Building stim pattern for pattern_name 586
2026-02-01 19:13:27,915 - INFO - Building stim pattern for pattern_name 3746
2026-02-01 19:13:27,926 - INFO - Building stim pattern for pattern_name 1629
2026-02-01 19:13:27,934 - INFO - Building stim pattern for pattern_name 1247
2026-02-01 19:13:27,950 - INFO - Building stim pattern for pattern_name 1011
2026-02-01 19:13:27,961 - INFO - Building stim pattern for pattern_name 2068
2026-02-01 19:13:27,977 - INFO - Building stim pattern for pattern_name 899
2026-02-01 19:13:27,992 - INFO - Building stim pattern for pattern_name 1464
2026-02-01 19:13:28,003 - INFO - Building stim pattern for pattern_name 2388
2026-02-01 19:13:28,012 - INFO - Building stim pattern for pattern_name 1050
2026-02-01 19:13:28,023 - INFO - Building stim pattern for pattern_name 3968
2026-02-01 19:13:28,032 - INFO - Building stim pattern for pattern_name 742
2026-02-01 19:13:28,048 - INFO - Building stim pattern for pattern_name 2742
2026-02-01 19:13:28,063 - INFO - Building stim pattern for pattern_name 2754
2026-02-01 19:13:28,072 - INFO - Building stim pattern for pattern_name 1884
2026-02-01 19:13:28,091 - INFO - Building stim pattern for pattern_name 741
2026-02-01 19:13:28,100 - INFO - Building stim pattern for pattern_name 2337
2026-02-01 19:13:28,111 - INFO - Building stim pattern for pattern_name 3215
2026-02-01 19:13:28,121 - INFO - Building stim pattern for pattern_name 1274
2026-02-01 19:13:28,132 - INFO - Building stim pattern for pattern_name 1134
2026-02-01 19:13:28,142 - INFO - Building stim pattern for pattern_name 982
2026-02-01 19:13:28,152 - INFO - Building stim pattern for pattern_name 1790
2026-02-01 19:13:28,164 - INFO - Building stim pattern for pattern_name 3221
2026-02-01 19:13:28,175 - INFO - Building stim pattern for pattern_name 2455
2026-02-01 19:13:28,186 - INFO - Building stim pattern for pattern_name 866
2026-02-01 19:13:28,196 - INFO - Building stim pattern for pattern_name 2561
2026-02-01 19:13:28,207 - INFO - Building stim pattern for pattern_name 1812
2026-02-01 19:13:28,218 - INFO - Building stim pattern for pattern_name 1370
2026-02-01 19:13:28,228 - INFO - Building stim pattern for pattern_name 787
2026-02-01 19:13:28,238 - INFO - Building stim pattern for pattern_name 209
2026-02-01 19:13:28,249 - INFO - Building stim pattern for pattern_name 3952
2026-02-01 19:13:28,275 - INFO - Building stim pattern for pattern_name 1633
2026-02-01 19:13:28,286 - INFO - Building stim pattern for pattern_name 3946
2026-02-01 19:13:28,296 - INFO - Building stim pattern for pattern_name 3039
2026-02-01 19:13:28,306 - INFO - Building stim pattern for pattern_name 1612
2026-02-01 19:13:28,317 - INFO - Building stim pattern for pattern_name 2531
2026-02-01 19:13:28,328 - INFO - Building stim pattern for pattern_name 2668
2026-02-01 19:13:28,340 - INFO - Building stim pattern for pattern_name 1466
2026-02-01 19:13:28,365 - INFO - Building stim pattern for pattern_name 1519
2026-02-01 19:13:28,512 - INFO - Building stim pattern for pattern_name 3485
2026-02-01 19:13:28,545 - INFO - Building stim pattern for pattern_name 991
2026-02-01 19:13:28,560 - INFO - Building stim pattern for pattern_name 3171
2026-02-01 19:13:28,572 - INFO - Building stim pattern for pattern_name 1123
2026-02-01 19:13:28,582 - INFO - Building stim pattern for pattern_name 2076
2026-02-01 19:13:28,593 - INFO - Building stim pattern for pattern_name 2191
2026-02-01 19:13:28,604 - INFO - Building stim pattern for pattern_name 1443
2026-02-01 19:13:28,614 - INFO - Building stim pattern for pattern_name 34
2026-02-01 19:13:28,624 - INFO - Building stim pattern for pattern_name 191
2026-02-01 19:13:28,635 - INFO - Building stim pattern for pattern_name 1706
2026-02-01 19:13:28,651 - INFO - Building stim pattern for pattern_name 2052
2026-02-01 19:13:28,662 - INFO - Building stim pattern for pattern_name 3340
2026-02-01 19:13:28,673 - INFO - Building stim pattern for pattern_name 3922
2026-02-01 19:13:28,683 - INFO - Building stim pattern for pattern_name 2268
2026-02-01 19:13:28,693 - INFO - Building stim pattern for pattern_name 3887
2026-02-01 19:13:28,703 - INFO - Building stim pattern for pattern_name 591
2026-02-01 19:13:28,713 - INFO - Building stim pattern for pattern_name 3030
2026-02-01 19:13:28,724 - INFO - Building stim pattern for pattern_name 2466
2026-02-01 19:13:28,734 - INFO - Building stim pattern for pattern_name 884
2026-02-01 19:13:28,745 - INFO - Building stim pattern for pattern_name 3477
2026-02-01 19:13:28,755 - INFO - Building stim pattern for pattern_name 981
2026-02-01 19:13:28,772 - INFO - Building stim pattern for pattern_name 920
2026-02-01 19:13:28,783 - INFO - Building stim pattern for pattern_name 3924
2026-02-01 19:13:28,792 - INFO - Building stim pattern for pattern_name 3049
2026-02-01 19:13:28,803 - INFO - Building stim pattern for pattern_name 1450
2026-02-01 19:13:28,812 - INFO - Building stim pattern for pattern_name 341
2026-02-01 19:13:28,821 - INFO - Building stim pattern for pattern_name 3189
2026-02-01 19:13:28,838 - INFO - Building stim pattern for pattern_name 2357
2026-02-01 19:13:28,848 - INFO - Building stim pattern for pattern_name 3716
2026-02-01 19:13:28,857 - INFO - Building stim pattern for pattern_name 269
2026-02-01 19:13:28,869 - INFO - Building stim pattern for pattern_name 674
2026-02-01 19:13:28,882 - INFO - Building stim pattern for pattern_name 2831
2026-02-01 19:13:28,892 - INFO - Building stim pattern for pattern_name 1357
2026-02-01 19:13:28,902 - INFO - Building stim pattern for pattern_name 3902
2026-02-01 19:13:28,914 - INFO - Building stim pattern for pattern_name 587
2026-02-01 19:13:28,930 - INFO - Building stim pattern for pattern_name 3738
2026-02-01 19:13:28,943 - INFO - Building stim pattern for pattern_name 1807
2026-02-01 19:13:28,954 - INFO - Building stim pattern for pattern_name 1299
2026-02-01 19:13:28,964 - INFO - Building stim pattern for pattern_name 656
2026-02-01 19:13:28,976 - INFO - Building stim pattern for pattern_name 1635
2026-02-01 19:13:28,986 - INFO - Building stim pattern for pattern_name 908
2026-02-01 19:13:28,997 - INFO - Building stim pattern for pattern_name 3870
2026-02-01 19:13:29,018 - INFO - Building stim pattern for pattern_name 3638
2026-02-01 19:13:29,036 - INFO - Building stim pattern for pattern_name 1777
2026-02-01 19:13:29,051 - INFO - Building stim pattern for pattern_name 467
2026-02-01 19:13:29,063 - INFO - Building stim pattern for pattern_name 3388
2026-02-01 19:13:29,087 - INFO - Building stim pattern for pattern_name 3144
2026-02-01 19:13:29,100 - INFO - Building stim pattern for pattern_name 2912
2026-02-01 19:13:29,112 - INFO - Building stim pattern for pattern_name 3314
2026-02-01 19:13:29,122 - INFO - Building stim pattern for pattern_name 2380
2026-02-01 19:13:29,140 - INFO - Building stim pattern for pattern_name 696
2026-02-01 19:13:29,159 - INFO - Building stim pattern for pattern_name 3424
2026-02-01 19:13:29,171 - INFO - Building stim pattern for pattern_name 876
2026-02-01 19:13:29,181 - INFO - Building stim pattern for pattern_name 1498
2026-02-01 19:13:29,192 - INFO - Building stim pattern for pattern_name 3771
2026-02-01 19:13:29,202 - INFO - Building stim pattern for pattern_name 3544
2026-02-01 19:13:29,224 - INFO - Building stim pattern for pattern_name 1871
2026-02-01 19:13:29,235 - INFO - Building stim pattern for pattern_name 3647
2026-02-01 19:13:29,246 - INFO - Building stim pattern for pattern_name 2988
2026-02-01 19:13:29,255 - INFO - Building stim pattern for pattern_name 2937
2026-02-01 19:13:29,270 - INFO - Building stim pattern for pattern_name 2953
2026-02-01 19:13:29,281 - INFO - Building stim pattern for pattern_name 1641
2026-02-01 19:13:29,290 - INFO - Building stim pattern for pattern_name 1902
2026-02-01 19:13:29,301 - INFO - Building stim pattern for pattern_name 3443
2026-02-01 19:13:29,311 - INFO - Building stim pattern for pattern_name 3421
2026-02-01 19:13:29,320 - INFO - Building stim pattern for pattern_name 3399
2026-02-01 19:13:29,331 - INFO - Building stim pattern for pattern_name 3396
2026-02-01 19:13:29,342 - INFO - Building stim pattern for pattern_name 2926
2026-02-01 19:13:29,352 - INFO - Building stim pattern for pattern_name 2653
2026-02-01 19:13:29,363 - INFO - Building stim pattern for pattern_name 3900
2026-02-01 19:13:29,373 - INFO - Building stim pattern for pattern_name 2832
2026-02-01 19:13:29,384 - INFO - Building stim pattern for pattern_name 3449
2026-02-01 19:13:29,394 - INFO - Building stim pattern for pattern_name 541
2026-02-01 19:13:29,406 - INFO - Building stim pattern for pattern_name 3152
2026-02-01 19:13:29,419 - INFO - Building stim pattern for pattern_name 3156
2026-02-01 19:13:29,431 - INFO - Building stim pattern for pattern_name 2362
2026-02-01 19:13:29,442 - INFO - Building stim pattern for pattern_name 196
2026-02-01 19:13:29,456 - INFO - Building stim pattern for pattern_name 2015
2026-02-01 19:13:29,468 - INFO - Building stim pattern for pattern_name 2241
2026-02-01 19:13:29,482 - INFO - Building stim pattern for pattern_name 3802
2026-02-01 19:13:29,494 - INFO - Building stim pattern for pattern_name 3513
2026-02-01 19:13:29,505 - INFO - Building stim pattern for pattern_name 171
2026-02-01 19:13:29,516 - INFO - Building stim pattern for pattern_name 1554
2026-02-01 19:13:29,528 - INFO - Building stim pattern for pattern_name 138
2026-02-01 19:13:29,540 - INFO - Building stim pattern for pattern_name 1653
2026-02-01 19:13:29,550 - INFO - Building stim pattern for pattern_name 2766
2026-02-01 19:13:29,562 - INFO - Building stim pattern for pattern_name 280
2026-02-01 19:13:29,573 - INFO - Building stim pattern for pattern_name 3297
2026-02-01 19:13:29,584 - INFO - Building stim pattern for pattern_name 3483
2026-02-01 19:13:29,595 - INFO - Building stim pattern for pattern_name 160
2026-02-01 19:13:29,616 - INFO - Building stim pattern for pattern_name 1957
2026-02-01 19:13:29,627 - INFO - Building stim pattern for pattern_name 335
2026-02-01 19:13:29,637 - INFO - Building stim pattern for pattern_name 3691
2026-02-01 19:13:29,652 - INFO - Building stim pattern for pattern_name 506
2026-02-01 19:13:29,672 - INFO - Building stim pattern for pattern_name 3559
2026-02-01 19:13:29,704 - INFO - Building stim pattern for pattern_name 1548
2026-02-01 19:13:29,716 - INFO - Building stim pattern for pattern_name 2682
2026-02-01 19:13:29,730 - INFO - Building stim pattern for pattern_name 675
2026-02-01 19:13:29,742 - INFO - Building stim pattern for pattern_name 3706
2026-02-01 19:13:29,754 - INFO - Building stim pattern for pattern_name 1023
2026-02-01 19:13:29,766 - INFO - Building stim pattern for pattern_name 2508
2026-02-01 19:13:29,776 - INFO - Building stim pattern for pattern_name 3393
2026-02-01 19:13:29,787 - INFO - Building stim pattern for pattern_name 1665
2026-02-01 19:13:29,797 - INFO - Building stim pattern for pattern_name 643
2026-02-01 19:13:29,808 - INFO - Building stim pattern for pattern_name 2468
2026-02-01 19:13:29,819 - INFO - Building stim pattern for pattern_name 2792
2026-02-01 19:13:29,829 - INFO - Building stim pattern for pattern_name 3528
2026-02-01 19:13:29,839 - INFO - Building stim pattern for pattern_name 134
2026-02-01 19:13:29,850 - INFO - Building stim pattern for pattern_name 3371
2026-02-01 19:13:29,860 - INFO - Building stim pattern for pattern_name 1849
2026-02-01 19:13:29,871 - INFO - Building stim pattern for pattern_name 3284
2026-02-01 19:13:29,881 - INFO - Building stim pattern for pattern_name 3342
2026-02-01 19:13:29,892 - INFO - Building stim pattern for pattern_name 2318
2026-02-01 19:13:29,906 - INFO - Building stim pattern for pattern_name 1661
2026-02-01 19:13:29,918 - INFO - Building stim pattern for pattern_name 3323
2026-02-01 19:13:29,930 - INFO - Building stim pattern for pattern_name 827
2026-02-01 19:13:29,953 - INFO - Building stim pattern for pattern_name 1108
2026-02-01 19:13:29,964 - INFO - Building stim pattern for pattern_name 2516
2026-02-01 19:13:29,975 - INFO - Building stim pattern for pattern_name 1925
2026-02-01 19:13:29,986 - INFO - Building stim pattern for pattern_name 1147
2026-02-01 19:13:29,996 - INFO - Building stim pattern for pattern_name 1944
2026-02-01 19:13:30,060 - INFO - Building stim pattern for pattern_name 3947
2026-02-01 19:13:30,105 - INFO - Building stim pattern for pattern_name 2372
2026-02-01 19:13:30,118 - INFO - Building stim pattern for pattern_name 1964
2026-02-01 19:13:30,130 - INFO - Building stim pattern for pattern_name 2679
2026-02-01 19:13:30,140 - INFO - Building stim pattern for pattern_name 751
2026-02-01 19:13:30,151 - INFO - Building stim pattern for pattern_name 2811
2026-02-01 19:13:30,161 - INFO - Building stim pattern for pattern_name 872
2026-02-01 19:13:30,172 - INFO - Building stim pattern for pattern_name 2611
2026-02-01 19:13:30,191 - INFO - Building stim pattern for pattern_name 2981
2026-02-01 19:13:30,204 - INFO - Building stim pattern for pattern_name 1951
2026-02-01 19:13:30,215 - INFO - Building stim pattern for pattern_name 383
2026-02-01 19:13:30,225 - INFO - Building stim pattern for pattern_name 2484
2026-02-01 19:13:30,235 - INFO - Building stim pattern for pattern_name 1485
2026-02-01 19:13:30,246 - INFO - Building stim pattern for pattern_name 1160
2026-02-01 19:13:30,257 - INFO - Building stim pattern for pattern_name 151
2026-02-01 19:13:30,269 - INFO - Building stim pattern for pattern_name 514
2026-02-01 19:13:30,281 - INFO - Building stim pattern for pattern_name 393
2026-02-01 19:13:30,293 - INFO - Building stim pattern for pattern_name 1482
2026-02-01 19:13:30,305 - INFO - Building stim pattern for pattern_name 1999
2026-02-01 19:13:30,318 - INFO - Building stim pattern for pattern_name 640
2026-02-01 19:13:30,331 - INFO - Building stim pattern for pattern_name 2978
2026-02-01 19:13:30,440 - INFO - Building stim pattern for pattern_name 204
2026-02-01 19:13:30,467 - INFO - Building stim pattern for pattern_name 2435
2026-02-01 19:13:30,490 - INFO - Building stim pattern for pattern_name 3594
2026-02-01 19:13:30,516 - INFO - Building stim pattern for pattern_name 996
2026-02-01 19:13:30,530 - INFO - Building stim pattern for pattern_name 797
2026-02-01 19:13:30,549 - INFO - Building stim pattern for pattern_name 3019
2026-02-01 19:13:30,560 - INFO - Building stim pattern for pattern_name 3784
2026-02-01 19:13:30,588 - INFO - Building stim pattern for pattern_name 3846
2026-02-01 19:13:30,601 - INFO - Building stim pattern for pattern_name 2151
2026-02-01 19:13:30,615 - INFO - Building stim pattern for pattern_name 978
2026-02-01 19:13:30,689 - INFO - Building stim pattern for pattern_name 1379
2026-02-01 19:13:30,716 - INFO - Building stim pattern for pattern_name 3310
2026-02-01 19:13:30,757 - INFO - Building stim pattern for pattern_name 1317
2026-02-01 19:13:30,772 - INFO - Building stim pattern for pattern_name 3964
2026-02-01 19:13:30,783 - INFO - Building stim pattern for pattern_name 156
2026-02-01 19:13:30,796 - INFO - Building stim pattern for pattern_name 680
2026-02-01 19:13:30,807 - INFO - Building stim pattern for pattern_name 664
2026-02-01 19:13:30,830 - INFO - Building stim pattern for pattern_name 2634
2026-02-01 19:13:30,841 - INFO - Building stim pattern for pattern_name 1429
2026-02-01 19:13:30,852 - INFO - Building stim pattern for pattern_name 3381
2026-02-01 19:13:30,862 - INFO - Building stim pattern for pattern_name 1582
2026-02-01 19:13:30,880 - INFO - Building stim pattern for pattern_name 3972
2026-02-01 19:13:30,892 - INFO - Building stim pattern for pattern_name 2229
2026-02-01 19:13:30,968 - INFO - Building stim pattern for pattern_name 232
2026-02-01 19:13:31,018 - INFO - Building stim pattern for pattern_name 1303
2026-02-01 19:13:31,031 - INFO - Building stim pattern for pattern_name 3910
2026-02-01 19:13:31,049 - INFO - Building stim pattern for pattern_name 3364
2026-02-01 19:13:31,067 - INFO - Building stim pattern for pattern_name 1549
2026-02-01 19:13:31,081 - INFO - Building stim pattern for pattern_name 2790
2026-02-01 19:13:31,093 - INFO - Building stim pattern for pattern_name 2708
2026-02-01 19:13:31,105 - INFO - Building stim pattern for pattern_name 2001
2026-02-01 19:13:31,115 - INFO - Building stim pattern for pattern_name 743
2026-02-01 19:13:31,125 - INFO - Building stim pattern for pattern_name 853
2026-02-01 19:13:31,146 - INFO - Building stim pattern for pattern_name 2588
2026-02-01 19:13:31,162 - INFO - Building stim pattern for pattern_name 1031
2026-02-01 19:13:31,173 - INFO - Building stim pattern for pattern_name 1587
2026-02-01 19:13:31,182 - INFO - Building stim pattern for pattern_name 1522
2026-02-01 19:13:31,200 - INFO - Building stim pattern for pattern_name 2327
2026-02-01 19:13:31,213 - INFO - Building stim pattern for pattern_name 165
2026-02-01 19:13:31,224 - INFO - Building stim pattern for pattern_name 3592
2026-02-01 19:13:31,240 - INFO - Building stim pattern for pattern_name 2798
2026-02-01 19:13:31,253 - INFO - Building stim pattern for pattern_name 772
2026-02-01 19:13:31,265 - INFO - Building stim pattern for pattern_name 2144
2026-02-01 19:13:31,283 - INFO - Building stim pattern for pattern_name 49
2026-02-01 19:13:31,307 - INFO - Building stim pattern for pattern_name 298
2026-02-01 19:13:31,320 - INFO - Building stim pattern for pattern_name 2270
2026-02-01 19:13:31,338 - INFO - Building stim pattern for pattern_name 2056
2026-02-01 19:13:31,349 - INFO - Building stim pattern for pattern_name 2207
2026-02-01 19:13:31,360 - INFO - Building stim pattern for pattern_name 3542
2026-02-01 19:13:31,371 - INFO - Building stim pattern for pattern_name 3338
2026-02-01 19:13:31,381 - INFO - Building stim pattern for pattern_name 105
2026-02-01 19:13:31,390 - INFO - Building stim pattern for pattern_name 3129
2026-02-01 19:13:31,408 - INFO - Building stim pattern for pattern_name 2027
2026-02-01 19:13:31,419 - INFO - Building stim pattern for pattern_name 2242
2026-02-01 19:13:31,429 - INFO - Building stim pattern for pattern_name 1302
2026-02-01 19:13:31,440 - INFO - Building stim pattern for pattern_name 2673
2026-02-01 19:13:31,451 - INFO - Building stim pattern for pattern_name 496
2026-02-01 19:13:31,462 - INFO - Building stim pattern for pattern_name 2104
2026-02-01 19:13:31,472 - INFO - Building stim pattern for pattern_name 1553
2026-02-01 19:13:31,488 - INFO - Building stim pattern for pattern_name 1889
2026-02-01 19:13:31,500 - INFO - Building stim pattern for pattern_name 669
2026-02-01 19:13:31,511 - INFO - Building stim pattern for pattern_name 2277
2026-02-01 19:13:31,522 - INFO - Building stim pattern for pattern_name 3260
2026-02-01 19:13:31,533 - INFO - Building stim pattern for pattern_name 1835
2026-02-01 19:13:31,545 - INFO - Building stim pattern for pattern_name 1788
2026-02-01 19:13:31,555 - INFO - Building stim pattern for pattern_name 247
2026-02-01 19:13:31,568 - INFO - Building stim pattern for pattern_name 1318
2026-02-01 19:13:31,579 - INFO - Building stim pattern for pattern_name 3131
2026-02-01 19:13:31,593 - INFO - Building stim pattern for pattern_name 434
2026-02-01 19:13:31,606 - INFO - Building stim pattern for pattern_name 582
2026-02-01 19:13:31,616 - INFO - Building stim pattern for pattern_name 1200
2026-02-01 19:13:31,629 - INFO - Building stim pattern for pattern_name 2115
2026-02-01 19:13:31,640 - INFO - Building stim pattern for pattern_name 7
2026-02-01 19:13:31,650 - INFO - Building stim pattern for pattern_name 1782
2026-02-01 19:13:31,663 - INFO - Building stim pattern for pattern_name 3444
2026-02-01 19:13:31,675 - INFO - Building stim pattern for pattern_name 3613
2026-02-01 19:13:31,689 - INFO - Building stim pattern for pattern_name 810
2026-02-01 19:13:31,700 - INFO - Building stim pattern for pattern_name 1912
2026-02-01 19:13:31,711 - INFO - Building stim pattern for pattern_name 3403
2026-02-01 19:13:31,722 - INFO - Building stim pattern for pattern_name 2358
2026-02-01 19:13:31,733 - INFO - Building stim pattern for pattern_name 1038
2026-02-01 19:13:31,743 - INFO - Building stim pattern for pattern_name 1129
2026-02-01 19:13:31,754 - INFO - Building stim pattern for pattern_name 2712
2026-02-01 19:13:31,765 - INFO - Building stim pattern for pattern_name 2206
2026-02-01 19:13:31,776 - INFO - Building stim pattern for pattern_name 871
2026-02-01 19:13:31,785 - INFO - Building stim pattern for pattern_name 2815
2026-02-01 19:13:31,796 - INFO - Building stim pattern for pattern_name 3879
2026-02-01 19:13:31,817 - INFO - Building stim pattern for pattern_name 3553
2026-02-01 19:13:31,827 - INFO - Building stim pattern for pattern_name 1101
2026-02-01 19:13:31,837 - INFO - Building stim pattern for pattern_name 2619
2026-02-01 19:13:31,848 - INFO - Building stim pattern for pattern_name 1877
2026-02-01 19:13:31,860 - INFO - Building stim pattern for pattern_name 2276
2026-02-01 19:13:31,878 - INFO - Building stim pattern for pattern_name 604
2026-02-01 19:13:31,890 - INFO - Building stim pattern for pattern_name 1085
2026-02-01 19:13:31,910 - INFO - Building stim pattern for pattern_name 2898
2026-02-01 19:13:31,920 - INFO - Building stim pattern for pattern_name 682
2026-02-01 19:13:31,931 - INFO - Building stim pattern for pattern_name 186
2026-02-01 19:13:31,942 - INFO - Building stim pattern for pattern_name 1682
2026-02-01 19:13:31,953 - INFO - Building stim pattern for pattern_name 2072
2026-02-01 19:13:31,965 - INFO - Building stim pattern for pattern_name 2869
2026-02-01 19:13:31,975 - INFO - Building stim pattern for pattern_name 1601
2026-02-01 19:13:31,987 - INFO - Building stim pattern for pattern_name 2158
2026-02-01 19:13:32,004 - INFO - Building stim pattern for pattern_name 2099
2026-02-01 19:13:32,017 - INFO - Building stim pattern for pattern_name 1704
2026-02-01 19:13:32,027 - INFO - Building stim pattern for pattern_name 3527
2026-02-01 19:13:32,037 - INFO - Building stim pattern for pattern_name 2244
2026-02-01 19:13:32,047 - INFO - Building stim pattern for pattern_name 2041
2026-02-01 19:13:32,064 - INFO - Building stim pattern for pattern_name 3312
2026-02-01 19:13:32,076 - INFO - Building stim pattern for pattern_name 2403
2026-02-01 19:13:32,087 - INFO - Building stim pattern for pattern_name 2842
2026-02-01 19:13:32,098 - INFO - Building stim pattern for pattern_name 719
2026-02-01 19:13:32,110 - INFO - Building stim pattern for pattern_name 3539
2026-02-01 19:13:32,120 - INFO - Building stim pattern for pattern_name 2724
2026-02-01 19:13:32,131 - INFO - Building stim pattern for pattern_name 3429
2026-02-01 19:13:32,144 - INFO - Building stim pattern for pattern_name 3252
2026-02-01 19:13:32,163 - INFO - Building stim pattern for pattern_name 3938
2026-02-01 19:13:32,183 - INFO - Building stim pattern for pattern_name 3259
2026-02-01 19:13:32,194 - INFO - Building stim pattern for pattern_name 2037
2026-02-01 19:13:32,209 - INFO - Building stim pattern for pattern_name 1927
2026-02-01 19:13:32,220 - INFO - Building stim pattern for pattern_name 3683
2026-02-01 19:13:32,230 - INFO - Building stim pattern for pattern_name 1150
2026-02-01 19:13:32,240 - INFO - Building stim pattern for pattern_name 3336
2026-02-01 19:13:32,251 - INFO - Building stim pattern for pattern_name 1286
2026-02-01 19:13:32,268 - INFO - Building stim pattern for pattern_name 3065
2026-02-01 19:13:32,282 - INFO - Building stim pattern for pattern_name 3472
2026-02-01 19:13:32,303 - INFO - Building stim pattern for pattern_name 898
2026-02-01 19:13:32,314 - INFO - Building stim pattern for pattern_name 1189
2026-02-01 19:13:32,325 - INFO - Building stim pattern for pattern_name 1556
2026-02-01 19:13:32,337 - INFO - Building stim pattern for pattern_name 1290
2026-02-01 19:13:32,353 - INFO - Building stim pattern for pattern_name 1391
2026-02-01 19:13:32,364 - INFO - Building stim pattern for pattern_name 3135
2026-02-01 19:13:32,376 - INFO - Building stim pattern for pattern_name 71
2026-02-01 19:13:32,394 - INFO - Building stim pattern for pattern_name 3362
2026-02-01 19:13:32,405 - INFO - Building stim pattern for pattern_name 359
2026-02-01 19:13:32,416 - INFO - Building stim pattern for pattern_name 450
2026-02-01 19:13:32,426 - INFO - Building stim pattern for pattern_name 3170
2026-02-01 19:13:32,436 - INFO - Building stim pattern for pattern_name 1447
2026-02-01 19:13:32,446 - INFO - Building stim pattern for pattern_name 1070
2026-02-01 19:13:32,457 - INFO - Building stim pattern for pattern_name 193
2026-02-01 19:13:32,468 - INFO - Building stim pattern for pattern_name 1942
2026-02-01 19:13:32,482 - INFO - Building stim pattern for pattern_name 79
2026-02-01 19:13:32,496 - INFO - Building stim pattern for pattern_name 2787
2026-02-01 19:13:32,508 - INFO - Building stim pattern for pattern_name 2017
2026-02-01 19:13:32,519 - INFO - Building stim pattern for pattern_name 3218
2026-02-01 19:13:32,529 - INFO - Building stim pattern for pattern_name 42
2026-02-01 19:13:32,541 - INFO - Building stim pattern for pattern_name 2710
2026-02-01 19:13:32,561 - INFO - Building stim pattern for pattern_name 456
2026-02-01 19:13:32,574 - INFO - Building stim pattern for pattern_name 2390
2026-02-01 19:13:32,590 - INFO - Building stim pattern for pattern_name 1959
2026-02-01 19:13:32,601 - INFO - Building stim pattern for pattern_name 3536
2026-02-01 19:13:32,612 - INFO - Building stim pattern for pattern_name 1309
2026-02-01 19:13:32,621 - INFO - Building stim pattern for pattern_name 1681
2026-02-01 19:13:32,632 - INFO - Building stim pattern for pattern_name 2980
2026-02-01 19:13:32,647 - INFO - Building stim pattern for pattern_name 3274
2026-02-01 19:13:32,664 - INFO - Building stim pattern for pattern_name 813
2026-02-01 19:13:32,677 - INFO - Building stim pattern for pattern_name 2293
2026-02-01 19:13:32,692 - INFO - Building stim pattern for pattern_name 1775
2026-02-01 19:13:32,703 - INFO - Building stim pattern for pattern_name 572
2026-02-01 19:13:32,714 - INFO - Building stim pattern for pattern_name 3372
2026-02-01 19:13:32,743 - INFO - Building stim pattern for pattern_name 1952
2026-02-01 19:13:32,761 - INFO - Building stim pattern for pattern_name 2674
2026-02-01 19:13:32,772 - INFO - Building stim pattern for pattern_name 1115
2026-02-01 19:13:32,785 - INFO - Building stim pattern for pattern_name 2635
2026-02-01 19:13:32,795 - INFO - Building stim pattern for pattern_name 44
2026-02-01 19:13:32,813 - INFO - Building stim pattern for pattern_name 2067
2026-02-01 19:13:32,823 - INFO - Building stim pattern for pattern_name 2861
2026-02-01 19:13:32,838 - INFO - Building stim pattern for pattern_name 611
2026-02-01 19:13:32,849 - INFO - Building stim pattern for pattern_name 381
2026-02-01 19:13:32,859 - INFO - Building stim pattern for pattern_name 615
2026-02-01 19:13:32,876 - INFO - Building stim pattern for pattern_name 3363
2026-02-01 19:13:32,886 - INFO - Building stim pattern for pattern_name 3702
2026-02-01 19:13:32,896 - INFO - Building stim pattern for pattern_name 3370
2026-02-01 19:13:32,906 - INFO - Building stim pattern for pattern_name 2204
2026-02-01 19:13:32,917 - INFO - Building stim pattern for pattern_name 3983
2026-02-01 19:13:32,927 - INFO - Building stim pattern for pattern_name 84
2026-02-01 19:13:32,937 - INFO - Building stim pattern for pattern_name 1662
2026-02-01 19:13:32,948 - INFO - Building stim pattern for pattern_name 1792
2026-02-01 19:13:32,957 - INFO - Building stim pattern for pattern_name 1137
2026-02-01 19:13:32,967 - INFO - Building stim pattern for pattern_name 168
2026-02-01 19:13:32,977 - INFO - Building stim pattern for pattern_name 2493
2026-02-01 19:13:32,988 - INFO - Building stim pattern for pattern_name 1988
2026-02-01 19:13:32,999 - INFO - Building stim pattern for pattern_name 235
2026-02-01 19:13:33,015 - INFO - Building stim pattern for pattern_name 2883
2026-02-01 19:13:33,027 - INFO - Building stim pattern for pattern_name 932
2026-02-01 19:13:33,055 - INFO - Building stim pattern for pattern_name 1679
2026-02-01 19:13:33,068 - INFO - Building stim pattern for pattern_name 3379
2026-02-01 19:13:33,085 - INFO - Building stim pattern for pattern_name 2216
2026-02-01 19:13:33,096 - INFO - Building stim pattern for pattern_name 1917
2026-02-01 19:13:33,107 - INFO - Building stim pattern for pattern_name 3120
2026-02-01 19:13:33,131 - INFO - Building stim pattern for pattern_name 786
2026-02-01 19:13:33,149 - INFO - Building stim pattern for pattern_name 1491
2026-02-01 19:13:33,160 - INFO - Building stim pattern for pattern_name 3598
2026-02-01 19:13:33,172 - INFO - Building stim pattern for pattern_name 2336
2026-02-01 19:13:33,184 - INFO - Building stim pattern for pattern_name 1546
2026-02-01 19:13:33,194 - INFO - Building stim pattern for pattern_name 1219
2026-02-01 19:13:33,205 - INFO - Building stim pattern for pattern_name 3015
2026-02-01 19:13:33,217 - INFO - Building stim pattern for pattern_name 2202
2026-02-01 19:13:33,238 - INFO - Building stim pattern for pattern_name 2689
2026-02-01 19:13:33,250 - INFO - Building stim pattern for pattern_name 3704
2026-02-01 19:13:33,262 - INFO - Building stim pattern for pattern_name 1997
2026-02-01 19:13:33,274 - INFO - Building stim pattern for pattern_name 2289
2026-02-01 19:13:33,288 - INFO - Building stim pattern for pattern_name 2704
2026-02-01 19:13:33,298 - INFO - Building stim pattern for pattern_name 2131
2026-02-01 19:13:33,317 - INFO - Building stim pattern for pattern_name 3458
2026-02-01 19:13:33,329 - INFO - Building stim pattern for pattern_name 889
2026-02-01 19:13:33,345 - INFO - Building stim pattern for pattern_name 1358
2026-02-01 19:13:33,372 - INFO - Building stim pattern for pattern_name 25
2026-02-01 19:13:33,383 - INFO - Building stim pattern for pattern_name 1514
2026-02-01 19:13:33,393 - INFO - Building stim pattern for pattern_name 2272
2026-02-01 19:13:33,404 - INFO - Building stim pattern for pattern_name 2238
2026-02-01 19:13:33,415 - INFO - Building stim pattern for pattern_name 2181
2026-02-01 19:13:33,425 - INFO - Building stim pattern for pattern_name 3642
2026-02-01 19:13:33,435 - INFO - Building stim pattern for pattern_name 320
2026-02-01 19:13:33,446 - INFO - Building stim pattern for pattern_name 2608
2026-02-01 19:13:33,456 - INFO - Building stim pattern for pattern_name 3729
2026-02-01 19:13:33,466 - INFO - Building stim pattern for pattern_name 765
2026-02-01 19:13:33,478 - INFO - Building stim pattern for pattern_name 2360
2026-02-01 19:13:33,488 - INFO - Building stim pattern for pattern_name 1763
2026-02-01 19:13:33,498 - INFO - Building stim pattern for pattern_name 783
2026-02-01 19:13:33,509 - INFO - Building stim pattern for pattern_name 358
2026-02-01 19:13:33,520 - INFO - Building stim pattern for pattern_name 569
2026-02-01 19:13:33,536 - INFO - Building stim pattern for pattern_name 3195
2026-02-01 19:13:33,546 - INFO - Building stim pattern for pattern_name 714
2026-02-01 19:13:33,563 - INFO - Building stim pattern for pattern_name 1324
2026-02-01 19:13:33,574 - INFO - Building stim pattern for pattern_name 3194
2026-02-01 19:13:33,586 - INFO - Building stim pattern for pattern_name 2310
2026-02-01 19:13:33,598 - INFO - Building stim pattern for pattern_name 464
2026-02-01 19:13:33,611 - INFO - Building stim pattern for pattern_name 2880
2026-02-01 19:13:33,625 - INFO - Building stim pattern for pattern_name 216
2026-02-01 19:13:33,637 - INFO - Building stim pattern for pattern_name 1650
2026-02-01 19:13:33,657 - INFO - Building stim pattern for pattern_name 3273
2026-02-01 19:13:33,669 - INFO - Building stim pattern for pattern_name 375
2026-02-01 19:13:33,681 - INFO - Building stim pattern for pattern_name 282
2026-02-01 19:13:33,693 - INFO - Building stim pattern for pattern_name 3366
2026-02-01 19:13:33,705 - INFO - Building stim pattern for pattern_name 1555
2026-02-01 19:13:33,726 - INFO - Building stim pattern for pattern_name 3756
2026-02-01 19:13:33,745 - INFO - Building stim pattern for pattern_name 734
2026-02-01 19:13:33,773 - INFO - Building stim pattern for pattern_name 1785
2026-02-01 19:13:33,787 - INFO - Building stim pattern for pattern_name 744
2026-02-01 19:13:33,805 - INFO - Building stim pattern for pattern_name 1140
2026-02-01 19:13:33,823 - INFO - Building stim pattern for pattern_name 1588
2026-02-01 19:13:33,835 - INFO - Building stim pattern for pattern_name 2340
2026-02-01 19:13:33,845 - INFO - Building stim pattern for pattern_name 3169
2026-02-01 19:13:33,856 - INFO - Building stim pattern for pattern_name 1545
2026-02-01 19:13:33,873 - INFO - Building stim pattern for pattern_name 2744
2026-02-01 19:13:33,889 - INFO - Building stim pattern for pattern_name 848
2026-02-01 19:13:33,900 - INFO - Building stim pattern for pattern_name 3845
2026-02-01 19:13:33,911 - INFO - Building stim pattern for pattern_name 1636
2026-02-01 19:13:33,922 - INFO - Building stim pattern for pattern_name 2013
2026-02-01 19:13:33,933 - INFO - Building stim pattern for pattern_name 2252
2026-02-01 19:13:33,943 - INFO - Building stim pattern for pattern_name 3783
2026-02-01 19:13:33,955 - INFO - Building stim pattern for pattern_name 725
2026-02-01 19:13:33,965 - INFO - Building stim pattern for pattern_name 405
2026-02-01 19:13:33,978 - INFO - Building stim pattern for pattern_name 2051
2026-02-01 19:13:33,990 - INFO - Building stim pattern for pattern_name 832
2026-02-01 19:13:34,016 - INFO - Building stim pattern for pattern_name 887
2026-02-01 19:13:34,028 - INFO - Building stim pattern for pattern_name 2294
2026-02-01 19:13:34,052 - INFO - Building stim pattern for pattern_name 2544
2026-02-01 19:13:34,071 - INFO - Building stim pattern for pattern_name 74
2026-02-01 19:13:34,084 - INFO - Building stim pattern for pattern_name 2028
2026-02-01 19:13:34,095 - INFO - Building stim pattern for pattern_name 766
2026-02-01 19:13:34,147 - INFO - Building stim pattern for pattern_name 198
2026-02-01 19:13:34,190 - INFO - Building stim pattern for pattern_name 2891
2026-02-01 19:13:34,215 - INFO - Building stim pattern for pattern_name 267
2026-02-01 19:13:34,230 - INFO - Building stim pattern for pattern_name 1486
2026-02-01 19:13:34,242 - INFO - Building stim pattern for pattern_name 1257
2026-02-01 19:13:34,255 - INFO - Building stim pattern for pattern_name 3837
2026-02-01 19:13:34,266 - INFO - Building stim pattern for pattern_name 1356
2026-02-01 19:13:34,281 - INFO - Building stim pattern for pattern_name 2596
2026-02-01 19:13:34,294 - INFO - Building stim pattern for pattern_name 1978
2026-02-01 19:13:34,309 - INFO - Building stim pattern for pattern_name 1259
2026-02-01 19:13:34,320 - INFO - Building stim pattern for pattern_name 3682
2026-02-01 19:13:34,333 - INFO - Building stim pattern for pattern_name 1124
2026-02-01 19:13:34,345 - INFO - Building stim pattern for pattern_name 2442
2026-02-01 19:13:34,358 - INFO - Building stim pattern for pattern_name 2688
2026-02-01 19:13:34,368 - INFO - Building stim pattern for pattern_name 2549
2026-02-01 19:13:34,386 - INFO - Building stim pattern for pattern_name 822
2026-02-01 19:13:34,399 - INFO - Building stim pattern for pattern_name 3290
2026-02-01 19:13:34,412 - INFO - Building stim pattern for pattern_name 2341
2026-02-01 19:13:34,424 - INFO - Building stim pattern for pattern_name 925
2026-02-01 19:13:34,435 - INFO - Building stim pattern for pattern_name 1098
2026-02-01 19:13:34,453 - INFO - Building stim pattern for pattern_name 781
2026-02-01 19:13:34,464 - INFO - Building stim pattern for pattern_name 2791
2026-02-01 19:13:34,478 - INFO - Building stim pattern for pattern_name 120
2026-02-01 19:13:34,491 - INFO - Building stim pattern for pattern_name 1507
2026-02-01 19:13:34,503 - INFO - Building stim pattern for pattern_name 3779
2026-02-01 19:13:34,517 - INFO - Building stim pattern for pattern_name 2135
2026-02-01 19:13:34,531 - INFO - Building stim pattern for pattern_name 1213
2026-02-01 19:13:34,556 - INFO - Building stim pattern for pattern_name 2280
2026-02-01 19:13:34,569 - INFO - Building stim pattern for pattern_name 3242
2026-02-01 19:13:34,582 - INFO - Building stim pattern for pattern_name 3248
2026-02-01 19:13:34,593 - INFO - Building stim pattern for pattern_name 3121
2026-02-01 19:13:34,603 - INFO - Building stim pattern for pattern_name 2585
2026-02-01 19:13:34,614 - INFO - Building stim pattern for pattern_name 314
2026-02-01 19:13:34,627 - INFO - Building stim pattern for pattern_name 731
2026-02-01 19:13:34,640 - INFO - Building stim pattern for pattern_name 2902
2026-02-01 19:13:34,657 - INFO - Building stim pattern for pattern_name 3789
2026-02-01 19:13:34,668 - INFO - Building stim pattern for pattern_name 404
2026-02-01 19:13:34,687 - INFO - Building stim pattern for pattern_name 1155
2026-02-01 19:13:34,697 - INFO - Building stim pattern for pattern_name 3726
2026-02-01 19:13:34,714 - INFO - Building stim pattern for pattern_name 2696
2026-02-01 19:13:34,727 - INFO - Building stim pattern for pattern_name 806
2026-02-01 19:13:34,747 - INFO - Building stim pattern for pattern_name 1263
2026-02-01 19:13:34,758 - INFO - Building stim pattern for pattern_name 1695
2026-02-01 19:13:34,771 - INFO - Building stim pattern for pattern_name 3709
2026-02-01 19:13:34,789 - INFO - Building stim pattern for pattern_name 3958
2026-02-01 19:13:34,801 - INFO - Building stim pattern for pattern_name 1815
2026-02-01 19:13:34,813 - INFO - Building stim pattern for pattern_name 2178
2026-02-01 19:13:34,839 - INFO - Building stim pattern for pattern_name 1076
2026-02-01 19:13:34,858 - INFO - Building stim pattern for pattern_name 2867
2026-02-01 19:13:34,881 - INFO - Building stim pattern for pattern_name 2219
2026-02-01 19:13:34,892 - INFO - Building stim pattern for pattern_name 459
2026-02-01 19:13:34,903 - INFO - Building stim pattern for pattern_name 3318
2026-02-01 19:13:34,914 - INFO - Building stim pattern for pattern_name 2063
2026-02-01 19:13:34,924 - INFO - Building stim pattern for pattern_name 3561
2026-02-01 19:13:34,937 - INFO - Building stim pattern for pattern_name 1851
2026-02-01 19:13:34,948 - INFO - Building stim pattern for pattern_name 357
2026-02-01 19:13:34,969 - INFO - Building stim pattern for pattern_name 3213
2026-02-01 19:13:34,981 - INFO - Building stim pattern for pattern_name 3389
2026-02-01 19:13:34,992 - INFO - Building stim pattern for pattern_name 83
2026-02-01 19:13:35,002 - INFO - Building stim pattern for pattern_name 2193
2026-02-01 19:13:35,014 - INFO - Building stim pattern for pattern_name 1730
2026-02-01 19:13:35,024 - INFO - Building stim pattern for pattern_name 523
2026-02-01 19:13:35,036 - INFO - Building stim pattern for pattern_name 3234
2026-02-01 19:13:35,049 - INFO - Building stim pattern for pattern_name 1359
2026-02-01 19:13:35,061 - INFO - Building stim pattern for pattern_name 2961
2026-02-01 19:13:35,073 - INFO - Building stim pattern for pattern_name 1000
2026-02-01 19:13:35,092 - INFO - Building stim pattern for pattern_name 3607
2026-02-01 19:13:35,104 - INFO - Building stim pattern for pattern_name 3985
2026-02-01 19:13:35,117 - INFO - Building stim pattern for pattern_name 1808
2026-02-01 19:13:35,127 - INFO - Building stim pattern for pattern_name 1909
2026-02-01 19:13:35,138 - INFO - Building stim pattern for pattern_name 2854
2026-02-01 19:13:35,147 - INFO - Building stim pattern for pattern_name 3095
2026-02-01 19:13:35,166 - INFO - Building stim pattern for pattern_name 1016
2026-02-01 19:13:35,183 - INFO - Building stim pattern for pattern_name 3548
2026-02-01 19:13:35,209 - INFO - Building stim pattern for pattern_name 3198
2026-02-01 19:13:35,229 - INFO - Building stim pattern for pattern_name 38
2026-02-01 19:13:35,243 - INFO - Building stim pattern for pattern_name 1095
2026-02-01 19:13:35,255 - INFO - Building stim pattern for pattern_name 3529
2026-02-01 19:13:35,267 - INFO - Building stim pattern for pattern_name 700
2026-02-01 19:13:35,281 - INFO - Building stim pattern for pattern_name 61
2026-02-01 19:13:35,292 - INFO - Building stim pattern for pattern_name 1008
2026-02-01 19:13:35,304 - INFO - Building stim pattern for pattern_name 29
2026-02-01 19:13:35,317 - INFO - Building stim pattern for pattern_name 16
2026-02-01 19:13:35,328 - INFO - Building stim pattern for pattern_name 3525
2026-02-01 19:13:35,338 - INFO - Building stim pattern for pattern_name 3535
2026-02-01 19:13:35,349 - INFO - Building stim pattern for pattern_name 1069
2026-02-01 19:13:35,361 - INFO - Building stim pattern for pattern_name 683
2026-02-01 19:13:35,373 - INFO - Building stim pattern for pattern_name 1847
2026-02-01 19:13:35,386 - INFO - Building stim pattern for pattern_name 1878
2026-02-01 19:13:35,405 - INFO - Building stim pattern for pattern_name 1876
2026-02-01 19:13:35,424 - INFO - Building stim pattern for pattern_name 429
2026-02-01 19:13:35,436 - INFO - Building stim pattern for pattern_name 3038
2026-02-01 19:13:35,447 - INFO - Building stim pattern for pattern_name 3438
2026-02-01 19:13:35,476 - INFO - Building stim pattern for pattern_name 1609
2026-02-01 19:13:35,485 - INFO - Building stim pattern for pattern_name 1199
2026-02-01 19:13:35,512 - INFO - Building stim pattern for pattern_name 241
2026-02-01 19:13:35,532 - INFO - Building stim pattern for pattern_name 2322
2026-02-01 19:13:35,546 - INFO - Building stim pattern for pattern_name 3773
2026-02-01 19:13:35,560 - INFO - Building stim pattern for pattern_name 2629
2026-02-01 19:13:35,572 - INFO - Building stim pattern for pattern_name 2660
2026-02-01 19:13:35,590 - INFO - Building stim pattern for pattern_name 2958
2026-02-01 19:13:35,609 - INFO - Building stim pattern for pattern_name 3970
2026-02-01 19:13:35,619 - INFO - Building stim pattern for pattern_name 1144
2026-02-01 19:13:35,630 - INFO - Building stim pattern for pattern_name 2984
2026-02-01 19:13:35,642 - INFO - Building stim pattern for pattern_name 3179
2026-02-01 19:13:35,654 - INFO - Building stim pattern for pattern_name 2259
2026-02-01 19:13:35,665 - INFO - Building stim pattern for pattern_name 3138
2026-02-01 19:13:35,683 - INFO - Building stim pattern for pattern_name 2228
2026-02-01 19:13:35,730 - INFO - Building stim pattern for pattern_name 1103
2026-02-01 19:13:35,741 - INFO - Building stim pattern for pattern_name 851
2026-02-01 19:13:35,760 - INFO - Building stim pattern for pattern_name 3142
2026-02-01 19:13:35,771 - INFO - Building stim pattern for pattern_name 510
2026-02-01 19:13:35,784 - INFO - Building stim pattern for pattern_name 3473
2026-02-01 19:13:35,801 - INFO - Building stim pattern for pattern_name 3008
2026-02-01 19:13:35,892 - INFO - Building stim pattern for pattern_name 2871
2026-02-01 19:13:35,930 - INFO - Building stim pattern for pattern_name 86
2026-02-01 19:13:35,943 - INFO - Building stim pattern for pattern_name 2796
2026-02-01 19:13:35,955 - INFO - Building stim pattern for pattern_name 1911
2026-02-01 19:13:35,969 - INFO - Building stim pattern for pattern_name 1596
2026-02-01 19:13:35,984 - INFO - Building stim pattern for pattern_name 1829
2026-02-01 19:13:35,998 - INFO - Building stim pattern for pattern_name 3874
2026-02-01 19:13:36,010 - INFO - Building stim pattern for pattern_name 3094
2026-02-01 19:13:36,029 - INFO - Building stim pattern for pattern_name 101
2026-02-01 19:13:36,042 - INFO - Building stim pattern for pattern_name 1323
2026-02-01 19:13:36,123 - INFO - Building stim pattern for pattern_name 1032
2026-02-01 19:13:36,144 - INFO - Building stim pattern for pattern_name 3836
2026-02-01 19:13:36,164 - INFO - Building stim pattern for pattern_name 2039
2026-02-01 19:13:36,176 - INFO - Building stim pattern for pattern_name 673
2026-02-01 19:13:36,189 - INFO - Building stim pattern for pattern_name 1834
2026-02-01 19:13:36,199 - INFO - Building stim pattern for pattern_name 2895
2026-02-01 19:13:36,212 - INFO - Building stim pattern for pattern_name 3328
2026-02-01 19:13:36,225 - INFO - Building stim pattern for pattern_name 2698
2026-02-01 19:13:36,238 - INFO - Building stim pattern for pattern_name 2919
2026-02-01 19:13:36,250 - INFO - Building stim pattern for pattern_name 231
2026-02-01 19:13:36,260 - INFO - Building stim pattern for pattern_name 1824
2026-02-01 19:13:36,272 - INFO - Building stim pattern for pattern_name 1449
2026-02-01 19:13:36,283 - INFO - Building stim pattern for pattern_name 2752
2026-02-01 19:13:36,293 - INFO - Building stim pattern for pattern_name 3140
2026-02-01 19:13:36,304 - INFO - Building stim pattern for pattern_name 1589
2026-02-01 19:13:36,318 - INFO - Building stim pattern for pattern_name 1516
2026-02-01 19:13:36,339 - INFO - Building stim pattern for pattern_name 3060
2026-02-01 19:13:36,352 - INFO - Building stim pattern for pattern_name 89
2026-02-01 19:13:36,365 - INFO - Building stim pattern for pattern_name 502
2026-02-01 19:13:36,376 - INFO - Building stim pattern for pattern_name 1521
2026-02-01 19:13:36,388 - INFO - Building stim pattern for pattern_name 2974
2026-02-01 19:13:36,398 - INFO - Building stim pattern for pattern_name 540
2026-02-01 19:13:36,410 - INFO - Building stim pattern for pattern_name 1360
2026-02-01 19:13:36,421 - INFO - Building stim pattern for pattern_name 2530
2026-02-01 19:13:36,433 - INFO - Building stim pattern for pattern_name 1282
2026-02-01 19:13:36,445 - INFO - Building stim pattern for pattern_name 1956
2026-02-01 19:13:36,458 - INFO - Building stim pattern for pattern_name 1243
2026-02-01 19:13:36,469 - INFO - Building stim pattern for pattern_name 2350
2026-02-01 19:13:36,488 - INFO - Building stim pattern for pattern_name 2075
2026-02-01 19:13:36,499 - INFO - Building stim pattern for pattern_name 1830
2026-02-01 19:13:36,511 - INFO - Building stim pattern for pattern_name 1542
2026-02-01 19:13:36,524 - INFO - Building stim pattern for pattern_name 2137
2026-02-01 19:13:36,537 - INFO - Building stim pattern for pattern_name 3614
2026-02-01 19:13:36,547 - INFO - Building stim pattern for pattern_name 3425
2026-02-01 19:13:36,575 - INFO - Building stim pattern for pattern_name 447
2026-02-01 19:13:36,595 - INFO - Building stim pattern for pattern_name 885
2026-02-01 19:13:36,611 - INFO - Building stim pattern for pattern_name 1720
2026-02-01 19:13:36,622 - INFO - Building stim pattern for pattern_name 317
2026-02-01 19:13:36,633 - INFO - Building stim pattern for pattern_name 3373
2026-02-01 19:13:36,644 - INFO - Building stim pattern for pattern_name 517
2026-02-01 19:13:36,655 - INFO - Building stim pattern for pattern_name 1454
2026-02-01 19:13:36,666 - INFO - Building stim pattern for pattern_name 619
2026-02-01 19:13:36,677 - INFO - Building stim pattern for pattern_name 3093
2026-02-01 19:13:36,689 - INFO - Building stim pattern for pattern_name 319
2026-02-01 19:13:36,700 - INFO - Building stim pattern for pattern_name 3818
2026-02-01 19:13:36,719 - INFO - Building stim pattern for pattern_name 1388
2026-02-01 19:13:36,731 - INFO - Building stim pattern for pattern_name 1411
2026-02-01 19:13:36,744 - INFO - Building stim pattern for pattern_name 3620
2026-02-01 19:13:36,756 - INFO - Building stim pattern for pattern_name 2685
2026-02-01 19:13:36,769 - INFO - Building stim pattern for pattern_name 3929
2026-02-01 19:13:36,783 - INFO - Building stim pattern for pattern_name 547
2026-02-01 19:13:36,796 - INFO - Building stim pattern for pattern_name 2894
2026-02-01 19:13:36,807 - INFO - Building stim pattern for pattern_name 1494
2026-02-01 19:13:36,820 - INFO - Building stim pattern for pattern_name 2666
2026-02-01 19:13:36,834 - INFO - Building stim pattern for pattern_name 590
2026-02-01 19:13:36,846 - INFO - Building stim pattern for pattern_name 2993
2026-02-01 19:13:36,858 - INFO - Building stim pattern for pattern_name 219
2026-02-01 19:13:36,872 - INFO - Building stim pattern for pattern_name 3596
2026-02-01 19:13:36,889 - INFO - Building stim pattern for pattern_name 3884
2026-02-01 19:13:36,902 - INFO - Building stim pattern for pattern_name 1444
2026-02-01 19:13:36,922 - INFO - Building stim pattern for pattern_name 1187
2026-02-01 19:13:36,933 - INFO - Building stim pattern for pattern_name 2969
2026-02-01 19:13:36,944 - INFO - Building stim pattern for pattern_name 627
2026-02-01 19:13:36,956 - INFO - Building stim pattern for pattern_name 1766
2026-02-01 19:13:36,971 - INFO - Building stim pattern for pattern_name 890
2026-02-01 19:13:36,984 - INFO - Building stim pattern for pattern_name 3439
2026-02-01 19:13:36,997 - INFO - Building stim pattern for pattern_name 1250
2026-02-01 19:13:37,009 - INFO - Building stim pattern for pattern_name 3780
2026-02-01 19:13:37,022 - INFO - Building stim pattern for pattern_name 3814
2026-02-01 19:13:37,034 - INFO - Building stim pattern for pattern_name 3255
2026-02-01 19:13:37,046 - INFO - Building stim pattern for pattern_name 2485
2026-02-01 19:13:37,058 - INFO - Building stim pattern for pattern_name 1264
2026-02-01 19:13:37,070 - INFO - Building stim pattern for pattern_name 2935
2026-02-01 19:13:37,081 - INFO - Building stim pattern for pattern_name 2426
2026-02-01 19:13:37,093 - INFO - Building stim pattern for pattern_name 296
2026-02-01 19:13:37,106 - INFO - Building stim pattern for pattern_name 1684
2026-02-01 19:13:37,118 - INFO - Building stim pattern for pattern_name 729
2026-02-01 19:13:37,130 - INFO - Building stim pattern for pattern_name 1283
2026-02-01 19:13:37,147 - INFO - Building stim pattern for pattern_name 1483
2026-02-01 19:13:37,160 - INFO - Building stim pattern for pattern_name 1611
2026-02-01 19:13:37,175 - INFO - Building stim pattern for pattern_name 2780
2026-02-01 19:13:37,187 - INFO - Building stim pattern for pattern_name 484
2026-02-01 19:13:37,208 - INFO - Building stim pattern for pattern_name 1086
2026-02-01 19:13:37,221 - INFO - Building stim pattern for pattern_name 3521
2026-02-01 19:13:37,233 - INFO - Building stim pattern for pattern_name 3196
2026-02-01 19:13:37,245 - INFO - Building stim pattern for pattern_name 1656
2026-02-01 19:13:37,257 - INFO - Building stim pattern for pattern_name 1125
2026-02-01 19:13:37,268 - INFO - Building stim pattern for pattern_name 3187
2026-02-01 19:13:37,282 - INFO - Building stim pattern for pattern_name 3088
2026-02-01 19:13:37,294 - INFO - Building stim pattern for pattern_name 2274
2026-02-01 19:13:37,307 - INFO - Building stim pattern for pattern_name 1333
2026-02-01 19:13:37,319 - INFO - Building stim pattern for pattern_name 417
2026-02-01 19:13:37,330 - INFO - Building stim pattern for pattern_name 82
2026-02-01 19:13:37,340 - INFO - Building stim pattern for pattern_name 1677
2026-02-01 19:13:37,350 - INFO - Building stim pattern for pattern_name 2676
2026-02-01 19:13:37,362 - INFO - Building stim pattern for pattern_name 2035
2026-02-01 19:13:37,385 - INFO - Building stim pattern for pattern_name 847
2026-02-01 19:13:37,396 - INFO - Building stim pattern for pattern_name 2639
2026-02-01 19:13:37,407 - INFO - Building stim pattern for pattern_name 3569
2026-02-01 19:13:37,417 - INFO - Building stim pattern for pattern_name 2946
2026-02-01 19:13:37,430 - INFO - Building stim pattern for pattern_name 1698
2026-02-01 19:13:37,443 - INFO - Building stim pattern for pattern_name 1620
2026-02-01 19:13:37,455 - INFO - Building stim pattern for pattern_name 1435
2026-02-01 19:13:37,468 - INFO - Building stim pattern for pattern_name 3330
2026-02-01 19:13:37,478 - INFO - Building stim pattern for pattern_name 733
2026-02-01 19:13:37,488 - INFO - Building stim pattern for pattern_name 3567
2026-02-01 19:13:37,500 - INFO - Building stim pattern for pattern_name 3204
2026-02-01 19:13:37,511 - INFO - Building stim pattern for pattern_name 2413
2026-02-01 19:13:37,521 - INFO - Building stim pattern for pattern_name 1907
2026-02-01 19:13:37,537 - INFO - Building stim pattern for pattern_name 1801
2026-02-01 19:13:37,549 - INFO - Building stim pattern for pattern_name 1269
2026-02-01 19:13:37,560 - INFO - Building stim pattern for pattern_name 3024
2026-02-01 19:13:37,579 - INFO - Building stim pattern for pattern_name 1109
2026-02-01 19:13:37,590 - INFO - Building stim pattern for pattern_name 3497
2026-02-01 19:13:37,601 - INFO - Building stim pattern for pattern_name 2103
2026-02-01 19:13:37,612 - INFO - Building stim pattern for pattern_name 1192
2026-02-01 19:13:37,624 - INFO - Building stim pattern for pattern_name 2591
2026-02-01 19:13:37,634 - INFO - Building stim pattern for pattern_name 2545
2026-02-01 19:13:37,645 - INFO - Building stim pattern for pattern_name 836
2026-02-01 19:13:37,657 - INFO - Building stim pattern for pattern_name 2061
2026-02-01 19:13:37,675 - INFO - Building stim pattern for pattern_name 995
2026-02-01 19:13:37,687 - INFO - Building stim pattern for pattern_name 2824
2026-02-01 19:13:37,698 - INFO - Building stim pattern for pattern_name 21
2026-02-01 19:13:37,710 - INFO - Building stim pattern for pattern_name 2746
2026-02-01 19:13:37,722 - INFO - Building stim pattern for pattern_name 109
2026-02-01 19:13:37,731 - INFO - Building stim pattern for pattern_name 2941
2026-02-01 19:13:37,742 - INFO - Building stim pattern for pattern_name 2172
2026-02-01 19:13:37,753 - INFO - Building stim pattern for pattern_name 3117
2026-02-01 19:13:37,766 - INFO - Building stim pattern for pattern_name 2265
2026-02-01 19:13:37,777 - INFO - Building stim pattern for pattern_name 1923
2026-02-01 19:13:37,789 - INFO - Building stim pattern for pattern_name 3061
2026-02-01 19:13:37,799 - INFO - Building stim pattern for pattern_name 1174
2026-02-01 19:13:37,811 - INFO - Building stim pattern for pattern_name 1361
2026-02-01 19:13:37,822 - INFO - Building stim pattern for pattern_name 3164
2026-02-01 19:13:37,833 - INFO - Building stim pattern for pattern_name 1384
2026-02-01 19:13:37,844 - INFO - Building stim pattern for pattern_name 2925
2026-02-01 19:13:37,854 - INFO - Building stim pattern for pattern_name 2089
2026-02-01 19:13:37,864 - INFO - Building stim pattern for pattern_name 398
2026-02-01 19:13:37,876 - INFO - Building stim pattern for pattern_name 1484
2026-02-01 19:13:37,888 - INFO - Building stim pattern for pattern_name 1122
2026-02-01 19:13:37,900 - INFO - Building stim pattern for pattern_name 594
2026-02-01 19:13:37,911 - INFO - Building stim pattern for pattern_name 1567
2026-02-01 19:13:37,921 - INFO - Building stim pattern for pattern_name 363
2026-02-01 19:13:37,930 - INFO - Building stim pattern for pattern_name 3451
2026-02-01 19:13:37,941 - INFO - Building stim pattern for pattern_name 1600
2026-02-01 19:13:37,960 - INFO - Building stim pattern for pattern_name 1764
2026-02-01 19:13:37,971 - INFO - Building stim pattern for pattern_name 791
2026-02-01 19:13:37,982 - INFO - Building stim pattern for pattern_name 1602
2026-02-01 19:13:37,999 - INFO - Building stim pattern for pattern_name 1425
2026-02-01 19:13:38,008 - INFO - Building stim pattern for pattern_name 2220
2026-02-01 19:13:38,018 - INFO - Building stim pattern for pattern_name 1241
2026-02-01 19:13:38,027 - INFO - Building stim pattern for pattern_name 2582
2026-02-01 19:13:38,037 - INFO - Building stim pattern for pattern_name 1015
2026-02-01 19:13:38,066 - INFO - Building stim pattern for pattern_name 206
2026-02-01 19:13:38,077 - INFO - Building stim pattern for pattern_name 1692
2026-02-01 19:13:38,087 - INFO - Building stim pattern for pattern_name 226
2026-02-01 19:13:38,099 - INFO - Building stim pattern for pattern_name 2665
2026-02-01 19:13:38,110 - INFO - Building stim pattern for pattern_name 234
2026-02-01 19:13:38,121 - INFO - Building stim pattern for pattern_name 705
2026-02-01 19:13:38,134 - INFO - Building stim pattern for pattern_name 1316
2026-02-01 19:13:38,146 - INFO - Building stim pattern for pattern_name 2877
2026-02-01 19:13:38,157 - INFO - Building stim pattern for pattern_name 1367
2026-02-01 19:13:38,177 - INFO - Building stim pattern for pattern_name 333
2026-02-01 19:13:38,189 - INFO - Building stim pattern for pattern_name 1673
2026-02-01 19:13:38,212 - INFO - Building stim pattern for pattern_name 205
2026-02-01 19:13:38,224 - INFO - Building stim pattern for pattern_name 2776
2026-02-01 19:13:38,235 - INFO - Building stim pattern for pattern_name 3863
2026-02-01 19:13:38,245 - INFO - Building stim pattern for pattern_name 760
2026-02-01 19:13:38,256 - INFO - Building stim pattern for pattern_name 1869
2026-02-01 19:13:38,266 - INFO - Building stim pattern for pattern_name 933
2026-02-01 19:13:38,275 - INFO - Building stim pattern for pattern_name 2547
2026-02-01 19:13:38,286 - INFO - Building stim pattern for pattern_name 2363
2026-02-01 19:13:38,302 - INFO - Building stim pattern for pattern_name 3722
2026-02-01 19:13:38,314 - INFO - Building stim pattern for pattern_name 2348
2026-02-01 19:13:38,334 - INFO - Building stim pattern for pattern_name 2334
2026-02-01 19:13:38,351 - INFO - Building stim pattern for pattern_name 3678
2026-02-01 19:13:38,370 - INFO - Building stim pattern for pattern_name 18
2026-02-01 19:13:38,382 - INFO - Building stim pattern for pattern_name 1499
2026-02-01 19:13:38,394 - INFO - Building stim pattern for pattern_name 3961
2026-02-01 19:13:38,405 - INFO - Building stim pattern for pattern_name 1674
2026-02-01 19:13:38,436 - INFO - Building stim pattern for pattern_name 2934
2026-02-01 19:13:38,447 - INFO - Building stim pattern for pattern_name 432
2026-02-01 19:13:38,470 - INFO - Building stim pattern for pattern_name 145
2026-02-01 19:13:38,481 - INFO - Building stim pattern for pattern_name 1974
2026-02-01 19:13:38,492 - INFO - Building stim pattern for pattern_name 3112
2026-02-01 19:13:38,510 - INFO - Building stim pattern for pattern_name 2967
2026-02-01 19:13:38,522 - INFO - Building stim pattern for pattern_name 1080
2026-02-01 19:13:38,537 - INFO - Building stim pattern for pattern_name 3111
2026-02-01 19:13:38,549 - INFO - Building stim pattern for pattern_name 1759
2026-02-01 19:13:38,559 - INFO - Building stim pattern for pattern_name 391
2026-02-01 19:13:38,570 - INFO - Building stim pattern for pattern_name 158
2026-02-01 19:13:38,581 - INFO - Building stim pattern for pattern_name 3940
2026-02-01 19:13:38,592 - INFO - Building stim pattern for pattern_name 948
2026-02-01 19:13:38,604 - INFO - Building stim pattern for pattern_name 1218
2026-02-01 19:13:38,615 - INFO - Building stim pattern for pattern_name 3165
2026-02-01 19:13:38,625 - INFO - Building stim pattern for pattern_name 830
2026-02-01 19:13:38,635 - INFO - Building stim pattern for pattern_name 1039
2026-02-01 19:13:38,647 - INFO - Building stim pattern for pattern_name 3220
2026-02-01 19:13:38,658 - INFO - Building stim pattern for pattern_name 410
2026-02-01 19:13:38,668 - INFO - Building stim pattern for pattern_name 3257
2026-02-01 19:13:38,679 - INFO - Building stim pattern for pattern_name 1217
2026-02-01 19:13:38,690 - INFO - Building stim pattern for pattern_name 1637
2026-02-01 19:13:38,700 - INFO - Building stim pattern for pattern_name 2361
2026-02-01 19:13:38,711 - INFO - Building stim pattern for pattern_name 3626
2026-02-01 19:13:38,722 - INFO - Building stim pattern for pattern_name 3966
2026-02-01 19:13:38,736 - INFO - Building stim pattern for pattern_name 1339
2026-02-01 19:13:38,747 - INFO - Building stim pattern for pattern_name 259
2026-02-01 19:13:38,758 - INFO - Building stim pattern for pattern_name 424
2026-02-01 19:13:38,769 - INFO - Building stim pattern for pattern_name 1903
2026-02-01 19:13:38,779 - INFO - Building stim pattern for pattern_name 3908
2026-02-01 19:13:38,789 - INFO - Building stim pattern for pattern_name 909
2026-02-01 19:13:38,799 - INFO - Building stim pattern for pattern_name 3834
2026-02-01 19:13:38,828 - INFO - Building stim pattern for pattern_name 102
2026-02-01 19:13:38,840 - INFO - Building stim pattern for pattern_name 903
2026-02-01 19:13:38,850 - INFO - Building stim pattern for pattern_name 811
2026-02-01 19:13:38,862 - INFO - Building stim pattern for pattern_name 2633
2026-02-01 19:13:38,872 - INFO - Building stim pattern for pattern_name 2773
2026-02-01 19:13:38,959 - INFO - Building stim pattern for pattern_name 2887
2026-02-01 19:13:38,997 - INFO - Building stim pattern for pattern_name 2918
2026-02-01 19:13:39,029 - INFO - Building stim pattern for pattern_name 1114
2026-02-01 19:13:39,040 - INFO - Building stim pattern for pattern_name 3634
2026-02-01 19:13:39,058 - INFO - Building stim pattern for pattern_name 2374
2026-02-01 19:13:39,071 - INFO - Building stim pattern for pattern_name 1628
2026-02-01 19:13:39,090 - INFO - Building stim pattern for pattern_name 644
2026-02-01 19:13:39,101 - INFO - Building stim pattern for pattern_name 2141
2026-02-01 19:13:39,117 - INFO - Building stim pattern for pattern_name 2738
2026-02-01 19:13:39,128 - INFO - Building stim pattern for pattern_name 3341
2026-02-01 19:13:39,138 - INFO - Building stim pattern for pattern_name 1739
2026-02-01 19:13:39,150 - INFO - Building stim pattern for pattern_name 3734
2026-02-01 19:13:39,161 - INFO - Building stim pattern for pattern_name 195
2026-02-01 19:13:39,171 - INFO - Building stim pattern for pattern_name 2584
2026-02-01 19:13:39,182 - INFO - Building stim pattern for pattern_name 1646
2026-02-01 19:13:39,200 - INFO - Building stim pattern for pattern_name 625
2026-02-01 19:13:39,211 - INFO - Building stim pattern for pattern_name 2128
2026-02-01 19:13:39,222 - INFO - Building stim pattern for pattern_name 942
2026-02-01 19:13:39,232 - INFO - Building stim pattern for pattern_name 1539
2026-02-01 19:13:39,243 - INFO - Building stim pattern for pattern_name 3720
2026-02-01 19:13:39,256 - INFO - Building stim pattern for pattern_name 370
2026-02-01 19:13:39,269 - INFO - Building stim pattern for pattern_name 2283
2026-02-01 19:13:39,279 - INFO - Building stim pattern for pattern_name 2882
2026-02-01 19:13:39,292 - INFO - Building stim pattern for pattern_name 2412
2026-02-01 19:13:39,305 - INFO - Building stim pattern for pattern_name 2235
2026-02-01 19:13:39,317 - INFO - Building stim pattern for pattern_name 3240
2026-02-01 19:13:39,335 - INFO - Building stim pattern for pattern_name 3462
2026-02-01 19:13:39,347 - INFO - Building stim pattern for pattern_name 355
2026-02-01 19:13:39,358 - INFO - Building stim pattern for pattern_name 1193
2026-02-01 19:13:39,375 - INFO - Building stim pattern for pattern_name 704
2026-02-01 19:13:39,386 - INFO - Building stim pattern for pattern_name 3201
2026-02-01 19:13:39,399 - INFO - Building stim pattern for pattern_name 3896
2026-02-01 19:13:39,410 - INFO - Building stim pattern for pattern_name 3322
2026-02-01 19:13:39,422 - INFO - Building stim pattern for pattern_name 1416
2026-02-01 19:13:39,444 - INFO - Building stim pattern for pattern_name 1776
2026-02-01 19:13:39,460 - INFO - Building stim pattern for pattern_name 1846
2026-02-01 19:13:39,478 - INFO - Building stim pattern for pattern_name 904
2026-02-01 19:13:39,490 - INFO - Building stim pattern for pattern_name 3176
2026-02-01 19:13:39,501 - INFO - Building stim pattern for pattern_name 3157
2026-02-01 19:13:39,511 - INFO - Building stim pattern for pattern_name 2577
2026-02-01 19:13:39,523 - INFO - Building stim pattern for pattern_name 516
2026-02-01 19:13:39,536 - INFO - Building stim pattern for pattern_name 2841
2026-02-01 19:13:39,561 - INFO - Building stim pattern for pattern_name 2136
2026-02-01 19:13:39,573 - INFO - Building stim pattern for pattern_name 3994
2026-02-01 19:13:39,585 - INFO - Building stim pattern for pattern_name 2371
2026-02-01 19:13:39,598 - INFO - Building stim pattern for pattern_name 717
2026-02-01 19:13:39,609 - INFO - Building stim pattern for pattern_name 1156
2026-02-01 19:13:39,619 - INFO - Building stim pattern for pattern_name 3149
2026-02-01 19:13:39,628 - INFO - Building stim pattern for pattern_name 2248
2026-02-01 19:13:39,639 - INFO - Building stim pattern for pattern_name 448
2026-02-01 19:13:39,649 - INFO - Building stim pattern for pattern_name 367
2026-02-01 19:13:39,659 - INFO - Building stim pattern for pattern_name 537
2026-02-01 19:13:39,670 - INFO - Building stim pattern for pattern_name 519
2026-02-01 19:13:39,687 - INFO - Building stim pattern for pattern_name 3608
2026-02-01 19:13:39,697 - INFO - Building stim pattern for pattern_name 1693
2026-02-01 19:13:39,728 - INFO - Building stim pattern for pattern_name 1476
2026-02-01 19:13:39,740 - INFO - Building stim pattern for pattern_name 182
2026-02-01 19:13:39,757 - INFO - Building stim pattern for pattern_name 287
2026-02-01 19:13:39,780 - INFO - Building stim pattern for pattern_name 1149
2026-02-01 19:13:39,793 - INFO - Building stim pattern for pattern_name 2848
2026-02-01 19:13:39,804 - INFO - Building stim pattern for pattern_name 2208
2026-02-01 19:13:39,815 - INFO - Building stim pattern for pattern_name 2505
2026-02-01 19:13:39,827 - INFO - Building stim pattern for pattern_name 788
2026-02-01 19:13:39,838 - INFO - Building stim pattern for pattern_name 3471
2026-02-01 19:13:39,847 - INFO - Building stim pattern for pattern_name 3667
2026-02-01 19:13:39,864 - INFO - Building stim pattern for pattern_name 3351
2026-02-01 19:13:39,876 - INFO - Building stim pattern for pattern_name 2927
2026-02-01 19:13:39,892 - INFO - Building stim pattern for pattern_name 986
2026-02-01 19:13:39,909 - INFO - Building stim pattern for pattern_name 3098
2026-02-01 19:13:39,921 - INFO - Building stim pattern for pattern_name 2840
2026-02-01 19:13:39,931 - INFO - Building stim pattern for pattern_name 479
2026-02-01 19:13:39,942 - INFO - Building stim pattern for pattern_name 3732
2026-02-01 19:13:39,952 - INFO - Building stim pattern for pattern_name 435
2026-02-01 19:13:39,968 - INFO - Building stim pattern for pattern_name 2701
2026-02-01 19:13:39,978 - INFO - Building stim pattern for pattern_name 3616
2026-02-01 19:13:39,989 - INFO - Building stim pattern for pattern_name 1327
2026-02-01 19:13:40,001 - INFO - Building stim pattern for pattern_name 2113
2026-02-01 19:13:40,025 - INFO - Building stim pattern for pattern_name 2830
2026-02-01 19:13:40,037 - INFO - Building stim pattern for pattern_name 2021
2026-02-01 19:13:40,057 - INFO - Building stim pattern for pattern_name 1913
2026-02-01 19:13:40,069 - INFO - Building stim pattern for pattern_name 1955
2026-02-01 19:13:40,085 - INFO - Building stim pattern for pattern_name 3636
2026-02-01 19:13:40,097 - INFO - Building stim pattern for pattern_name 2120
2026-02-01 19:13:40,131 - INFO - Building stim pattern for pattern_name 2440
2026-02-01 19:13:40,143 - INFO - Building stim pattern for pattern_name 135
2026-02-01 19:13:40,156 - INFO - Building stim pattern for pattern_name 470
2026-02-01 19:13:40,168 - INFO - Building stim pattern for pattern_name 2453
2026-02-01 19:13:40,186 - INFO - Building stim pattern for pattern_name 113
2026-02-01 19:13:40,199 - INFO - Building stim pattern for pattern_name 230
2026-02-01 19:13:40,211 - INFO - Building stim pattern for pattern_name 2979
2026-02-01 19:13:40,221 - INFO - Building stim pattern for pattern_name 1842
2026-02-01 19:13:40,239 - INFO - Building stim pattern for pattern_name 1215
2026-02-01 19:13:40,249 - INFO - Building stim pattern for pattern_name 117
2026-02-01 19:13:40,260 - INFO - Building stim pattern for pattern_name 3105
2026-02-01 19:13:40,272 - INFO - Building stim pattern for pattern_name 769
2026-02-01 19:13:40,282 - INFO - Building stim pattern for pattern_name 555
2026-02-01 19:13:40,292 - INFO - Building stim pattern for pattern_name 1655
2026-02-01 19:13:40,309 - INFO - Building stim pattern for pattern_name 1513
2026-02-01 19:13:40,319 - INFO - Building stim pattern for pattern_name 1415
2026-02-01 19:13:40,331 - INFO - Building stim pattern for pattern_name 3459
2026-02-01 19:13:40,341 - INFO - Building stim pattern for pattern_name 1393
2026-02-01 19:13:40,359 - INFO - Building stim pattern for pattern_name 878
2026-02-01 19:13:40,370 - INFO - Building stim pattern for pattern_name 2217
2026-02-01 19:13:40,382 - INFO - Building stim pattern for pattern_name 3043
2026-02-01 19:13:40,393 - INFO - Building stim pattern for pattern_name 2594
2026-02-01 19:13:40,403 - INFO - Building stim pattern for pattern_name 3670
2026-02-01 19:13:40,419 - INFO - Building stim pattern for pattern_name 3000
2026-02-01 19:13:40,432 - INFO - Building stim pattern for pattern_name 972
2026-02-01 19:13:40,448 - INFO - Building stim pattern for pattern_name 3955
2026-02-01 19:13:40,459 - INFO - Building stim pattern for pattern_name 936
2026-02-01 19:13:40,476 - INFO - Building stim pattern for pattern_name 2246
2026-02-01 19:13:40,488 - INFO - Building stim pattern for pattern_name 985
2026-02-01 19:13:40,498 - INFO - Building stim pattern for pattern_name 2772
2026-02-01 19:13:40,509 - INFO - Building stim pattern for pattern_name 645
2026-02-01 19:13:40,520 - INFO - Building stim pattern for pattern_name 3838
2026-02-01 19:13:40,529 - INFO - Building stim pattern for pattern_name 309
2026-02-01 19:13:40,541 - INFO - Building stim pattern for pattern_name 2250
2026-02-01 19:13:40,551 - INFO - Building stim pattern for pattern_name 1606
2026-02-01 19:13:40,561 - INFO - Building stim pattern for pattern_name 943
2026-02-01 19:13:40,572 - INFO - Building stim pattern for pattern_name 931
2026-02-01 19:13:40,583 - INFO - Building stim pattern for pattern_name 1543
2026-02-01 19:13:40,599 - INFO - Building stim pattern for pattern_name 2909
2026-02-01 19:13:40,611 - INFO - Building stim pattern for pattern_name 2117
2026-02-01 19:13:40,623 - INFO - Building stim pattern for pattern_name 3651
2026-02-01 19:13:40,686 - INFO - Building stim pattern for pattern_name 2253
2026-02-01 19:13:40,709 - INFO - Building stim pattern for pattern_name 33
2026-02-01 19:13:40,732 - INFO - Building stim pattern for pattern_name 153
2026-02-01 19:13:40,752 - INFO - Building stim pattern for pattern_name 3768
2026-02-01 19:13:40,768 - INFO - Building stim pattern for pattern_name 2080
2026-02-01 19:13:40,799 - INFO - Building stim pattern for pattern_name 1688
2026-02-01 19:13:40,810 - INFO - Building stim pattern for pattern_name 30
2026-02-01 19:13:40,821 - INFO - Building stim pattern for pattern_name 85
2026-02-01 19:13:40,832 - INFO - Building stim pattern for pattern_name 1260
2026-02-01 19:13:40,842 - INFO - Building stim pattern for pattern_name 973
2026-02-01 19:13:40,858 - INFO - Building stim pattern for pattern_name 3147
2026-02-01 19:13:40,869 - INFO - Building stim pattern for pattern_name 2574
2026-02-01 19:13:40,880 - INFO - Building stim pattern for pattern_name 1284
2026-02-01 19:13:40,891 - INFO - Building stim pattern for pattern_name 1928
2026-02-01 19:13:40,902 - INFO - Building stim pattern for pattern_name 829
2026-02-01 19:13:40,919 - INFO - Building stim pattern for pattern_name 1579
2026-02-01 19:13:40,936 - INFO - Building stim pattern for pattern_name 2948
2026-02-01 19:13:40,947 - INFO - Building stim pattern for pattern_name 2949
2026-02-01 19:13:40,956 - INFO - Building stim pattern for pattern_name 1700
2026-02-01 19:13:40,975 - INFO - Building stim pattern for pattern_name 1477
2026-02-01 19:13:40,987 - INFO - Building stim pattern for pattern_name 323
2026-02-01 19:13:41,004 - INFO - Building stim pattern for pattern_name 3269
2026-02-01 19:13:41,020 - INFO - Building stim pattern for pattern_name 3503
2026-02-01 19:13:41,031 - INFO - Building stim pattern for pattern_name 220
2026-02-01 19:13:41,042 - INFO - Building stim pattern for pattern_name 2862
2026-02-01 19:13:41,053 - INFO - Building stim pattern for pattern_name 2686
2026-02-01 19:13:41,064 - INFO - Building stim pattern for pattern_name 824
2026-02-01 19:13:41,074 - INFO - Building stim pattern for pattern_name 2541
2026-02-01 19:13:41,086 - INFO - Building stim pattern for pattern_name 2983
2026-02-01 19:13:41,097 - INFO - Building stim pattern for pattern_name 3482
2026-02-01 19:13:41,107 - INFO - Building stim pattern for pattern_name 2101
2026-02-01 19:13:41,118 - INFO - Building stim pattern for pattern_name 2642
2026-02-01 19:13:41,130 - INFO - Building stim pattern for pattern_name 1755
2026-02-01 19:13:41,144 - INFO - Building stim pattern for pattern_name 272
2026-02-01 19:13:41,168 - INFO - Building stim pattern for pattern_name 2794
2026-02-01 19:13:41,179 - INFO - Building stim pattern for pattern_name 3431
2026-02-01 19:13:41,190 - INFO - Building stim pattern for pattern_name 817
2026-02-01 19:13:41,199 - INFO - Building stim pattern for pattern_name 389
2026-02-01 19:13:41,209 - INFO - Building stim pattern for pattern_name 178
2026-02-01 19:13:41,220 - INFO - Building stim pattern for pattern_name 3812
2026-02-01 19:13:41,231 - INFO - Building stim pattern for pattern_name 860
2026-02-01 19:13:41,242 - INFO - Building stim pattern for pattern_name 671
2026-02-01 19:13:41,254 - INFO - Building stim pattern for pattern_name 826
2026-02-01 19:13:41,265 - INFO - Building stim pattern for pattern_name 2528
2026-02-01 19:13:41,275 - INFO - Building stim pattern for pattern_name 2436
2026-02-01 19:13:41,285 - INFO - Building stim pattern for pattern_name 1488
2026-02-01 19:13:41,305 - INFO - Building stim pattern for pattern_name 1493
2026-02-01 19:13:41,327 - INFO - Building stim pattern for pattern_name 823
2026-02-01 19:13:41,347 - INFO - Building stim pattern for pattern_name 237
2026-02-01 19:13:41,360 - INFO - Building stim pattern for pattern_name 2515
2026-02-01 19:13:41,373 - INFO - Building stim pattern for pattern_name 157
2026-02-01 19:13:41,384 - INFO - Building stim pattern for pattern_name 3570
2026-02-01 19:13:41,402 - INFO - Building stim pattern for pattern_name 2186
2026-02-01 19:13:41,414 - INFO - Building stim pattern for pattern_name 3748
2026-02-01 19:13:41,424 - INFO - Building stim pattern for pattern_name 3172
2026-02-01 19:13:41,436 - INFO - Building stim pattern for pattern_name 352
2026-02-01 19:13:41,447 - INFO - Building stim pattern for pattern_name 3550
2026-02-01 19:13:41,458 - INFO - Building stim pattern for pattern_name 3835
2026-02-01 19:13:41,469 - INFO - Building stim pattern for pattern_name 416
2026-02-01 19:13:41,480 - INFO - Building stim pattern for pattern_name 1617
2026-02-01 19:13:41,491 - INFO - Building stim pattern for pattern_name 508
2026-02-01 19:13:41,503 - INFO - Building stim pattern for pattern_name 2048
2026-02-01 19:13:41,514 - INFO - Building stim pattern for pattern_name 23
2026-02-01 19:13:41,524 - INFO - Building stim pattern for pattern_name 1769
2026-02-01 19:13:41,536 - INFO - Building stim pattern for pattern_name 712
2026-02-01 19:13:41,547 - INFO - Building stim pattern for pattern_name 1165
2026-02-01 19:13:41,558 - INFO - Building stim pattern for pattern_name 274
2026-02-01 19:13:41,570 - INFO - Building stim pattern for pattern_name 3541
2026-02-01 19:13:41,585 - INFO - Building stim pattern for pattern_name 3329
2026-02-01 19:13:41,597 - INFO - Building stim pattern for pattern_name 264
2026-02-01 19:13:41,607 - INFO - Building stim pattern for pattern_name 3639
2026-02-01 19:13:41,618 - INFO - Building stim pattern for pattern_name 2392
2026-02-01 19:13:41,629 - INFO - Building stim pattern for pattern_name 2057
2026-02-01 19:13:41,646 - INFO - Building stim pattern for pattern_name 1805
2026-02-01 19:13:41,657 - INFO - Building stim pattern for pattern_name 3971
2026-02-01 19:13:41,667 - INFO - Building stim pattern for pattern_name 3136
2026-02-01 19:13:41,678 - INFO - Building stim pattern for pattern_name 98
2026-02-01 19:13:41,696 - INFO - Building stim pattern for pattern_name 3001
2026-02-01 19:13:41,707 - INFO - Building stim pattern for pattern_name 2737
2026-02-01 19:13:41,718 - INFO - Building stim pattern for pattern_name 3282
2026-02-01 19:13:41,728 - INFO - Building stim pattern for pattern_name 2066
2026-02-01 19:13:41,739 - INFO - Building stim pattern for pattern_name 3829
2026-02-01 19:13:41,749 - INFO - Building stim pattern for pattern_name 1018
2026-02-01 19:13:41,760 - INFO - Building stim pattern for pattern_name 2164
2026-02-01 19:13:41,772 - INFO - Building stim pattern for pattern_name 3643
2026-02-01 19:13:41,783 - INFO - Building stim pattern for pattern_name 3623
2026-02-01 19:13:41,794 - INFO - Building stim pattern for pattern_name 239
2026-02-01 19:13:41,805 - INFO - Building stim pattern for pattern_name 1244
2026-02-01 19:13:41,815 - INFO - Building stim pattern for pattern_name 3753
2026-02-01 19:13:41,826 - INFO - Building stim pattern for pattern_name 1523
2026-02-01 19:13:41,836 - INFO - Building stim pattern for pattern_name 419
2026-02-01 19:13:41,852 - INFO - Building stim pattern for pattern_name 2859
2026-02-01 19:13:41,864 - INFO - Building stim pattern for pattern_name 2907
2026-02-01 19:13:41,875 - INFO - Building stim pattern for pattern_name 2050
2026-02-01 19:13:41,886 - INFO - Building stim pattern for pattern_name 3056
2026-02-01 19:13:41,909 - INFO - Building stim pattern for pattern_name 2838
2026-02-01 19:13:41,921 - INFO - Building stim pattern for pattern_name 839
2026-02-01 19:13:41,933 - INFO - Building stim pattern for pattern_name 1479
2026-02-01 19:13:41,950 - INFO - Building stim pattern for pattern_name 1433
2026-02-01 19:13:41,968 - INFO - Building stim pattern for pattern_name 3673
2026-02-01 19:13:41,979 - INFO - Building stim pattern for pattern_name 831
2026-02-01 19:13:41,991 - INFO - Building stim pattern for pattern_name 349
2026-02-01 19:13:42,001 - INFO - Building stim pattern for pattern_name 2054
2026-02-01 19:13:42,013 - INFO - Building stim pattern for pattern_name 1800
2026-02-01 19:13:42,023 - INFO - Building stim pattern for pattern_name 930
2026-02-01 19:13:42,034 - INFO - Building stim pattern for pattern_name 857
2026-02-01 19:13:42,045 - INFO - Building stim pattern for pattern_name 1664
2026-02-01 19:13:42,056 - INFO - Building stim pattern for pattern_name 3721
2026-02-01 19:13:42,067 - INFO - Building stim pattern for pattern_name 2778
2026-02-01 19:13:42,087 - INFO - Building stim pattern for pattern_name 2234
2026-02-01 19:13:42,096 - INFO - Building stim pattern for pattern_name 689
2026-02-01 19:13:42,107 - INFO - Building stim pattern for pattern_name 634
2026-02-01 19:13:42,125 - INFO - Building stim pattern for pattern_name 2236
2026-02-01 19:13:42,135 - INFO - Building stim pattern for pattern_name 3919
2026-02-01 19:13:42,146 - INFO - Building stim pattern for pattern_name 3167
2026-02-01 19:13:42,156 - INFO - Building stim pattern for pattern_name 3859
2026-02-01 19:13:42,166 - INFO - Building stim pattern for pattern_name 420
2026-02-01 19:13:42,177 - INFO - Building stim pattern for pattern_name 3258
2026-02-01 19:13:42,188 - INFO - Building stim pattern for pattern_name 2835
2026-02-01 19:13:42,197 - INFO - Building stim pattern for pattern_name 2359
2026-02-01 19:13:42,207 - INFO - Building stim pattern for pattern_name 1703
2026-02-01 19:13:42,217 - INFO - Building stim pattern for pattern_name 140
2026-02-01 19:13:42,275 - INFO - Building stim pattern for pattern_name 2300
2026-02-01 19:13:42,301 - INFO - Building stim pattern for pattern_name 1092
2026-02-01 19:13:42,329 - INFO - Building stim pattern for pattern_name 2432
2026-02-01 19:13:42,341 - INFO - Building stim pattern for pattern_name 2000
2026-02-01 19:13:42,359 - INFO - Building stim pattern for pattern_name 3059
2026-02-01 19:13:42,370 - INFO - Building stim pattern for pattern_name 3980
2026-02-01 19:13:42,380 - INFO - Building stim pattern for pattern_name 1668
2026-02-01 19:13:42,391 - INFO - Building stim pattern for pattern_name 457
2026-02-01 19:13:42,408 - INFO - Building stim pattern for pattern_name 3979
2026-02-01 19:13:42,419 - INFO - Building stim pattern for pattern_name 3085
2026-02-01 19:13:42,439 - INFO - Building stim pattern for pattern_name 3655
2026-02-01 19:13:42,458 - INFO - Building stim pattern for pattern_name 983
2026-02-01 19:13:42,469 - INFO - Building stim pattern for pattern_name 2973
2026-02-01 19:13:42,482 - INFO - Building stim pattern for pattern_name 1400
2026-02-01 19:13:42,493 - INFO - Building stim pattern for pattern_name 2124
2026-02-01 19:13:42,510 - INFO - Building stim pattern for pattern_name 2990
2026-02-01 19:13:42,521 - INFO - Building stim pattern for pattern_name 3669
2026-02-01 19:13:42,531 - INFO - Building stim pattern for pattern_name 3950
2026-02-01 19:13:42,542 - INFO - Building stim pattern for pattern_name 1594
2026-02-01 19:13:42,556 - INFO - Building stim pattern for pattern_name 3875
2026-02-01 19:13:42,568 - INFO - Building stim pattern for pattern_name 934
2026-02-01 19:13:42,586 - INFO - Building stim pattern for pattern_name 3615
2026-02-01 19:13:42,617 - INFO - Building stim pattern for pattern_name 1941
2026-02-01 19:13:42,628 - INFO - Building stim pattern for pattern_name 129
2026-02-01 19:13:42,640 - INFO - Building stim pattern for pattern_name 2663
2026-02-01 19:13:42,651 - INFO - Building stim pattern for pattern_name 2543
2026-02-01 19:13:42,663 - INFO - Building stim pattern for pattern_name 2309
2026-02-01 19:13:42,676 - INFO - Building stim pattern for pattern_name 795
2026-02-01 19:13:42,688 - INFO - Building stim pattern for pattern_name 1713
2026-02-01 19:13:42,700 - INFO - Building stim pattern for pattern_name 3264
2026-02-01 19:13:42,713 - INFO - Building stim pattern for pattern_name 3158
2026-02-01 19:13:42,730 - INFO - Building stim pattern for pattern_name 515
2026-02-01 19:13:42,746 - INFO - Building stim pattern for pattern_name 1946
2026-02-01 19:13:42,758 - INFO - Building stim pattern for pattern_name 3625
2026-02-01 19:13:42,769 - INFO - Building stim pattern for pattern_name 436
2026-02-01 19:13:42,779 - INFO - Building stim pattern for pattern_name 2160
2026-02-01 19:13:42,797 - INFO - Building stim pattern for pattern_name 2443
2026-02-01 19:13:42,809 - INFO - Building stim pattern for pattern_name 2320
2026-02-01 19:13:42,820 - INFO - Building stim pattern for pattern_name 3769
2026-02-01 19:13:42,831 - INFO - Building stim pattern for pattern_name 1986
2026-02-01 19:13:42,841 - INFO - Building stim pattern for pattern_name 1598
2026-02-01 19:13:42,853 - INFO - Building stim pattern for pattern_name 36
2026-02-01 19:13:42,867 - INFO - Building stim pattern for pattern_name 1009
2026-02-01 19:13:42,889 - INFO - Building stim pattern for pattern_name 55
2026-02-01 19:13:42,902 - INFO - Building stim pattern for pattern_name 64
2026-02-01 19:13:42,915 - INFO - Building stim pattern for pattern_name 2386
2026-02-01 19:13:42,926 - INFO - Building stim pattern for pattern_name 1224
2026-02-01 19:13:42,940 - INFO - Building stim pattern for pattern_name 3920
2026-02-01 19:13:42,952 - INFO - Building stim pattern for pattern_name 1342
2026-02-01 19:13:42,962 - INFO - Building stim pattern for pattern_name 3764
2026-02-01 19:13:42,974 - INFO - Building stim pattern for pattern_name 3566
2026-02-01 19:13:42,985 - INFO - Building stim pattern for pattern_name 3872
2026-02-01 19:13:43,003 - INFO - Building stim pattern for pattern_name 2637
2026-02-01 19:13:43,014 - INFO - Building stim pattern for pattern_name 2429
2026-02-01 19:13:43,025 - INFO - Building stim pattern for pattern_name 3427
2026-02-01 19:13:43,037 - INFO - Building stim pattern for pattern_name 2279
2026-02-01 19:13:43,048 - INFO - Building stim pattern for pattern_name 1887
2026-02-01 19:13:43,079 - INFO - Building stim pattern for pattern_name 2726
2026-02-01 19:13:43,090 - INFO - Building stim pattern for pattern_name 2943
2026-02-01 19:13:43,101 - INFO - Building stim pattern for pattern_name 2399
2026-02-01 19:13:43,111 - INFO - Building stim pattern for pattern_name 1631
2026-02-01 19:13:43,129 - INFO - Building stim pattern for pattern_name 3057
2026-02-01 19:13:43,139 - INFO - Building stim pattern for pattern_name 3418
2026-02-01 19:13:43,157 - INFO - Building stim pattern for pattern_name 1414
2026-02-01 19:13:43,169 - INFO - Building stim pattern for pattern_name 2677
2026-02-01 19:13:43,179 - INFO - Building stim pattern for pattern_name 3401
2026-02-01 19:13:43,189 - INFO - Building stim pattern for pattern_name 2107
2026-02-01 19:13:43,200 - INFO - Building stim pattern for pattern_name 1145
2026-02-01 19:13:43,219 - INFO - Building stim pattern for pattern_name 1288
2026-02-01 19:13:43,229 - INFO - Building stim pattern for pattern_name 2125
2026-02-01 19:13:43,240 - INFO - Building stim pattern for pattern_name 3858
2026-02-01 19:13:43,252 - INFO - Building stim pattern for pattern_name 2418
2026-02-01 19:13:43,262 - INFO - Building stim pattern for pattern_name 2860
2026-02-01 19:13:43,286 - INFO - Building stim pattern for pattern_name 2230
2026-02-01 19:13:43,299 - INFO - Building stim pattern for pattern_name 53
2026-02-01 19:13:43,309 - INFO - Building stim pattern for pattern_name 1669
2026-02-01 19:13:43,320 - INFO - Building stim pattern for pattern_name 2667
2026-02-01 19:13:43,329 - INFO - Building stim pattern for pattern_name 104
2026-02-01 19:13:43,340 - INFO - Building stim pattern for pattern_name 2271
2026-02-01 19:13:43,351 - INFO - Building stim pattern for pattern_name 2892
2026-02-01 19:13:43,362 - INFO - Building stim pattern for pattern_name 601
2026-02-01 19:13:43,373 - INFO - Building stim pattern for pattern_name 2210
2026-02-01 19:13:43,399 - INFO - Building stim pattern for pattern_name 879
2026-02-01 19:13:43,410 - INFO - Building stim pattern for pattern_name 1481
2026-02-01 19:13:43,421 - INFO - Building stim pattern for pattern_name 3688
2026-02-01 19:13:43,433 - INFO - Building stim pattern for pattern_name 527
2026-02-01 19:13:43,449 - INFO - Building stim pattern for pattern_name 955
2026-02-01 19:13:43,460 - INFO - Building stim pattern for pattern_name 1621
2026-02-01 19:13:43,473 - INFO - Building stim pattern for pattern_name 1437
2026-02-01 19:13:43,485 - INFO - Building stim pattern for pattern_name 1614
2026-02-01 19:13:43,505 - INFO - Building stim pattern for pattern_name 112
2026-02-01 19:13:43,523 - INFO - Building stim pattern for pattern_name 2157
2026-02-01 19:13:43,534 - INFO - Building stim pattern for pattern_name 3809
2026-02-01 19:13:43,544 - INFO - Building stim pattern for pattern_name 1195
2026-02-01 19:13:43,556 - INFO - Building stim pattern for pattern_name 1267
2026-02-01 19:13:43,574 - INFO - Building stim pattern for pattern_name 3885
2026-02-01 19:13:43,585 - INFO - Building stim pattern for pattern_name 1049
2026-02-01 19:13:43,596 - INFO - Building stim pattern for pattern_name 2264
2026-02-01 19:13:43,641 - INFO - Building stim pattern for pattern_name 2603
2026-02-01 19:13:43,683 - INFO - Building stim pattern for pattern_name 2488
2026-02-01 19:13:43,715 - INFO - Building stim pattern for pattern_name 1280
2026-02-01 19:13:43,734 - INFO - Building stim pattern for pattern_name 2203
2026-02-01 19:13:43,744 - INFO - Building stim pattern for pattern_name 653
2026-02-01 19:13:43,757 - INFO - Building stim pattern for pattern_name 3600
2026-02-01 19:13:43,767 - INFO - Building stim pattern for pattern_name 1610
2026-02-01 19:13:43,777 - INFO - Building stim pattern for pattern_name 1540
2026-02-01 19:13:43,789 - INFO - Building stim pattern for pattern_name 2182
2026-02-01 19:13:43,806 - INFO - Building stim pattern for pattern_name 1976
2026-02-01 19:13:43,816 - INFO - Building stim pattern for pattern_name 1924
2026-02-01 19:13:43,833 - INFO - Building stim pattern for pattern_name 1630
2026-02-01 19:13:43,843 - INFO - Building stim pattern for pattern_name 521
2026-02-01 19:13:43,861 - INFO - Building stim pattern for pattern_name 1374
2026-02-01 19:13:43,880 - INFO - Building stim pattern for pattern_name 1932
2026-02-01 19:13:43,893 - INFO - Building stim pattern for pattern_name 694
2026-02-01 19:13:43,904 - INFO - Building stim pattern for pattern_name 2965
2026-02-01 19:13:43,916 - INFO - Building stim pattern for pattern_name 3358
2026-02-01 19:13:43,933 - INFO - Building stim pattern for pattern_name 2004
2026-02-01 19:13:43,956 - INFO - Building stim pattern for pattern_name 2578
2026-02-01 19:13:43,967 - INFO - Building stim pattern for pattern_name 2814
2026-02-01 19:13:43,978 - INFO - Building stim pattern for pattern_name 3974
2026-02-01 19:13:43,991 - INFO - Building stim pattern for pattern_name 3118
2026-02-01 19:13:44,010 - INFO - Building stim pattern for pattern_name 641
2026-02-01 19:13:44,024 - INFO - Building stim pattern for pattern_name 3516
2026-02-01 19:13:44,047 - INFO - Building stim pattern for pattern_name 1182
2026-02-01 19:13:44,060 - INFO - Building stim pattern for pattern_name 2694
2026-02-01 19:13:44,073 - INFO - Building stim pattern for pattern_name 3173
2026-02-01 19:13:44,086 - INFO - Building stim pattern for pattern_name 3565
2026-02-01 19:13:44,097 - INFO - Building stim pattern for pattern_name 2992
2026-02-01 19:13:44,108 - INFO - Building stim pattern for pattern_name 236
2026-02-01 19:13:44,119 - INFO - Building stim pattern for pattern_name 1238
2026-02-01 19:13:44,138 - INFO - Building stim pattern for pattern_name 321
2026-02-01 19:13:44,150 - INFO - Building stim pattern for pattern_name 3752
2026-02-01 19:13:44,168 - INFO - Building stim pattern for pattern_name 2779
2026-02-01 19:13:44,178 - INFO - Building stim pattern for pattern_name 1595
2026-02-01 19:13:44,196 - INFO - Building stim pattern for pattern_name 3637
2026-02-01 19:13:44,206 - INFO - Building stim pattern for pattern_name 511
2026-02-01 19:13:44,232 - INFO - Building stim pattern for pattern_name 2599
2026-02-01 19:13:44,242 - INFO - Building stim pattern for pattern_name 975
2026-02-01 19:13:44,255 - INFO - Building stim pattern for pattern_name 3190
2026-02-01 19:13:44,267 - INFO - Building stim pattern for pattern_name 3291
2026-02-01 19:13:44,278 - INFO - Building stim pattern for pattern_name 2763
2026-02-01 19:13:44,297 - INFO - Building stim pattern for pattern_name 2223
2026-02-01 19:13:44,307 - INFO - Building stim pattern for pattern_name 1430
2026-02-01 19:13:44,328 - INFO - Building stim pattern for pattern_name 2454
2026-02-01 19:13:44,344 - INFO - Building stim pattern for pattern_name 3017
2026-02-01 19:13:44,363 - INFO - Building stim pattern for pattern_name 646
2026-02-01 19:13:44,375 - INFO - Building stim pattern for pattern_name 497
2026-02-01 19:13:44,387 - INFO - Building stim pattern for pattern_name 1743
2026-02-01 19:13:44,399 - INFO - Building stim pattern for pattern_name 2034
2026-02-01 19:13:44,411 - INFO - Building stim pattern for pattern_name 1459
2026-02-01 19:13:44,431 - INFO - Building stim pattern for pattern_name 3241
2026-02-01 19:13:44,459 - INFO - Building stim pattern for pattern_name 3883
2026-02-01 19:13:44,474 - INFO - Building stim pattern for pattern_name 67
2026-02-01 19:13:44,494 - INFO - Building stim pattern for pattern_name 3871
2026-02-01 19:13:44,528 - INFO - Building stim pattern for pattern_name 1413
2026-02-01 19:13:44,544 - INFO - Building stim pattern for pattern_name 1758
2026-02-01 19:13:44,556 - INFO - Building stim pattern for pattern_name 2836
2026-02-01 19:13:44,569 - INFO - Building stim pattern for pattern_name 423
2026-02-01 19:13:44,583 - INFO - Building stim pattern for pattern_name 475
2026-02-01 19:13:44,595 - INFO - Building stim pattern for pattern_name 1640
2026-02-01 19:13:44,609 - INFO - Building stim pattern for pattern_name 132
2026-02-01 19:13:44,623 - INFO - Building stim pattern for pattern_name 1135
2026-02-01 19:13:44,646 - INFO - Building stim pattern for pattern_name 2510
2026-02-01 19:13:44,658 - INFO - Building stim pattern for pattern_name 1258
2026-02-01 19:13:44,669 - INFO - Building stim pattern for pattern_name 337
2026-02-01 19:13:44,698 - INFO - Building stim pattern for pattern_name 2595
2026-02-01 19:13:44,711 - INFO - Building stim pattern for pattern_name 1765
2026-02-01 19:13:44,722 - INFO - Building stim pattern for pattern_name 580
2026-02-01 19:13:44,735 - INFO - Building stim pattern for pattern_name 3895
2026-02-01 19:13:44,746 - INFO - Building stim pattern for pattern_name 2170
2026-02-01 19:13:44,757 - INFO - Building stim pattern for pattern_name 2394
2026-02-01 19:13:44,769 - INFO - Building stim pattern for pattern_name 3276
2026-02-01 19:13:44,780 - INFO - Building stim pattern for pattern_name 798
2026-02-01 19:13:44,799 - INFO - Building stim pattern for pattern_name 2706
2026-02-01 19:13:44,816 - INFO - Building stim pattern for pattern_name 2557
2026-02-01 19:13:44,828 - INFO - Building stim pattern for pattern_name 3606
2026-02-01 19:13:44,842 - INFO - Building stim pattern for pattern_name 2356
2026-02-01 19:13:44,856 - INFO - Building stim pattern for pattern_name 455
2026-02-01 19:13:44,870 - INFO - Building stim pattern for pattern_name 3335
2026-02-01 19:13:44,883 - INFO - Building stim pattern for pattern_name 1173
2026-02-01 19:13:44,896 - INFO - Building stim pattern for pattern_name 494
2026-02-01 19:13:44,908 - INFO - Building stim pattern for pattern_name 1973
2026-02-01 19:13:44,921 - INFO - Building stim pattern for pattern_name 2155
2026-02-01 19:13:44,933 - INFO - Building stim pattern for pattern_name 3801
2026-02-01 19:13:44,944 - INFO - Building stim pattern for pattern_name 2349
2026-02-01 19:13:44,958 - INFO - Building stim pattern for pattern_name 1130
2026-02-01 19:13:44,971 - INFO - Building stim pattern for pattern_name 968
2026-02-01 19:13:44,983 - INFO - Building stim pattern for pattern_name 1184
2026-02-01 19:13:44,996 - INFO - Building stim pattern for pattern_name 3124
2026-02-01 19:13:45,008 - INFO - Building stim pattern for pattern_name 1005
2026-02-01 19:13:45,020 - INFO - Building stim pattern for pattern_name 3132
2026-02-01 19:13:45,033 - INFO - Building stim pattern for pattern_name 453
2026-02-01 19:13:45,045 - INFO - Building stim pattern for pattern_name 3725
2026-02-01 19:13:45,057 - INFO - Building stim pattern for pattern_name 545
2026-02-01 19:13:45,070 - INFO - Building stim pattern for pattern_name 1084
2026-02-01 19:13:45,081 - INFO - Building stim pattern for pattern_name 2192
2026-02-01 19:13:45,095 - INFO - Building stim pattern for pattern_name 2384
2026-02-01 19:13:45,119 - INFO - Building stim pattern for pattern_name 3230
2026-02-01 19:13:45,135 - INFO - Building stim pattern for pattern_name 2956
2026-02-01 19:13:45,148 - INFO - Building stim pattern for pattern_name 1336
2026-02-01 19:13:45,161 - INFO - Building stim pattern for pattern_name 223
2026-02-01 19:13:45,187 - INFO - Building stim pattern for pattern_name 2281
2026-02-01 19:13:45,206 - INFO - Building stim pattern for pattern_name 233
2026-02-01 19:13:45,221 - INFO - Building stim pattern for pattern_name 2483
2026-02-01 19:13:45,247 - INFO - Building stim pattern for pattern_name 1232
2026-02-01 19:13:45,259 - INFO - Building stim pattern for pattern_name 581
2026-02-01 19:13:45,373 - INFO - Building stim pattern for pattern_name 3923
2026-02-01 19:13:45,402 - INFO - Building stim pattern for pattern_name 353
2026-02-01 19:13:45,417 - INFO - Building stim pattern for pattern_name 1240
2026-02-01 19:13:45,430 - INFO - Building stim pattern for pattern_name 2112
2026-02-01 19:13:45,441 - INFO - Building stim pattern for pattern_name 2628
2026-02-01 19:13:45,453 - INFO - Building stim pattern for pattern_name 923
2026-02-01 19:13:45,465 - INFO - Building stim pattern for pattern_name 1531
2026-02-01 19:13:45,476 - INFO - Building stim pattern for pattern_name 542
2026-02-01 19:13:45,487 - INFO - Building stim pattern for pattern_name 3148
2026-02-01 19:13:45,498 - INFO - Building stim pattern for pattern_name 1350
2026-02-01 19:13:45,510 - INFO - Building stim pattern for pattern_name 2330
2026-02-01 19:13:45,529 - INFO - Building stim pattern for pattern_name 3901
2026-02-01 19:13:45,540 - INFO - Building stim pattern for pattern_name 1506
2026-02-01 19:13:45,552 - INFO - Building stim pattern for pattern_name 2751
2026-02-01 19:13:45,566 - INFO - Building stim pattern for pattern_name 2494
2026-02-01 19:13:45,576 - INFO - Building stim pattern for pattern_name 2313
2026-02-01 19:13:45,587 - INFO - Building stim pattern for pattern_name 433
2026-02-01 19:13:45,605 - INFO - Building stim pattern for pattern_name 859
2026-02-01 19:13:45,622 - INFO - Building stim pattern for pattern_name 3909
2026-02-01 19:13:45,633 - INFO - Building stim pattern for pattern_name 3822
2026-02-01 19:13:45,653 - INFO - Building stim pattern for pattern_name 3048
2026-02-01 19:13:45,673 - INFO - Building stim pattern for pattern_name 979
2026-02-01 19:13:45,694 - INFO - Building stim pattern for pattern_name 3096
2026-02-01 19:13:45,712 - INFO - Building stim pattern for pattern_name 2661
2026-02-01 19:13:45,729 - INFO - Building stim pattern for pattern_name 1724
2026-02-01 19:13:45,752 - INFO - Building stim pattern for pattern_name 1157
2026-02-01 19:13:45,781 - INFO - Building stim pattern for pattern_name 3103
2026-02-01 19:13:45,792 - INFO - Building stim pattern for pattern_name 1856
2026-02-01 19:13:45,812 - INFO - Building stim pattern for pattern_name 5
2026-02-01 19:13:45,830 - INFO - Building stim pattern for pattern_name 1861
2026-02-01 19:13:45,843 - INFO - Building stim pattern for pattern_name 3996
2026-02-01 19:13:45,860 - INFO - Building stim pattern for pattern_name 3071
2026-02-01 19:13:45,883 - INFO - Building stim pattern for pattern_name 2522
2026-02-01 19:13:45,911 - INFO - Building stim pattern for pattern_name 3405
2026-02-01 19:13:45,928 - INFO - Building stim pattern for pattern_name 1960
2026-02-01 19:13:45,941 - INFO - Building stim pattern for pattern_name 988
2026-02-01 19:13:45,959 - INFO - Building stim pattern for pattern_name 2444
2026-02-01 19:13:45,974 - INFO - Building stim pattern for pattern_name 1893
2026-02-01 19:13:45,991 - INFO - Building stim pattern for pattern_name 3740
2026-02-01 19:13:46,022 - INFO - Building stim pattern for pattern_name 1709
2026-02-01 19:13:46,042 - INFO - Building stim pattern for pattern_name 1281
2026-02-01 19:13:46,068 - INFO - Building stim pattern for pattern_name 2062
2026-02-01 19:13:46,079 - INFO - Building stim pattern for pattern_name 1168
2026-02-01 19:13:46,094 - INFO - Building stim pattern for pattern_name 2467
2026-02-01 19:13:46,108 - INFO - Building stim pattern for pattern_name 1102
2026-02-01 19:13:46,120 - INFO - Building stim pattern for pattern_name 444
2026-02-01 19:13:46,131 - INFO - Building stim pattern for pattern_name 691
2026-02-01 19:13:46,143 - INFO - Building stim pattern for pattern_name 339
2026-02-01 19:13:46,156 - INFO - Building stim pattern for pattern_name 2573
2026-02-01 19:13:46,168 - INFO - Building stim pattern for pattern_name 1855
2026-02-01 19:13:46,182 - INFO - Building stim pattern for pattern_name 1341
2026-02-01 19:13:46,200 - INFO - Building stim pattern for pattern_name 2563
2026-02-01 19:13:46,211 - INFO - Building stim pattern for pattern_name 2930
2026-02-01 19:13:46,223 - INFO - Building stim pattern for pattern_name 3661
2026-02-01 19:13:46,240 - INFO - Building stim pattern for pattern_name 800
2026-02-01 19:13:46,252 - INFO - Building stim pattern for pattern_name 1285
2026-02-01 19:13:46,270 - INFO - Building stim pattern for pattern_name 76
2026-02-01 19:13:46,283 - INFO - Building stim pattern for pattern_name 1239
2026-02-01 19:13:46,295 - INFO - Building stim pattern for pattern_name 1440
2026-02-01 19:13:46,308 - INFO - Building stim pattern for pattern_name 588
2026-02-01 19:13:46,323 - INFO - Building stim pattern for pattern_name 1248
2026-02-01 19:13:46,341 - INFO - Building stim pattern for pattern_name 2095
2026-02-01 19:13:46,357 - INFO - Building stim pattern for pattern_name 256
2026-02-01 19:13:46,371 - INFO - Building stim pattern for pattern_name 3199
2026-02-01 19:13:46,384 - INFO - Building stim pattern for pattern_name 3628
2026-02-01 19:13:46,395 - INFO - Building stim pattern for pattern_name 1934
2026-02-01 19:13:46,410 - INFO - Building stim pattern for pattern_name 3842
2026-02-01 19:13:46,432 - INFO - Building stim pattern for pattern_name 877
2026-02-01 19:13:46,449 - INFO - Building stim pattern for pattern_name 2876
2026-02-01 19:13:46,461 - INFO - Building stim pattern for pattern_name 3798
2026-02-01 19:13:46,472 - INFO - Building stim pattern for pattern_name 212
2026-02-01 19:13:46,484 - INFO - Building stim pattern for pattern_name 1502
2026-02-01 19:13:46,494 - INFO - Building stim pattern for pattern_name 3441
2026-02-01 19:13:46,506 - INFO - Building stim pattern for pattern_name 1287
2026-02-01 19:13:46,519 - INFO - Building stim pattern for pattern_name 1569
2026-02-01 19:13:46,530 - INFO - Building stim pattern for pattern_name 663
2026-02-01 19:13:46,544 - INFO - Building stim pattern for pattern_name 875
2026-02-01 19:13:46,557 - INFO - Building stim pattern for pattern_name 2491
2026-02-01 19:13:46,571 - INFO - Building stim pattern for pattern_name 460
2026-02-01 19:13:46,591 - INFO - Building stim pattern for pattern_name 3905
2026-02-01 19:13:46,603 - INFO - Building stim pattern for pattern_name 1933
2026-02-01 19:13:46,614 - INFO - Building stim pattern for pattern_name 3935
2026-02-01 19:13:46,627 - INFO - Building stim pattern for pattern_name 1382
2026-02-01 19:13:46,638 - INFO - Building stim pattern for pattern_name 6
2026-02-01 19:13:46,650 - INFO - Building stim pattern for pattern_name 574
2026-02-01 19:13:46,663 - INFO - Building stim pattern for pattern_name 3774
2026-02-01 19:13:46,675 - INFO - Building stim pattern for pattern_name 185
2026-02-01 19:13:46,689 - INFO - Building stim pattern for pattern_name 1178
2026-02-01 19:13:46,715 - INFO - Building stim pattern for pattern_name 3481
2026-02-01 19:13:46,731 - INFO - Building stim pattern for pattern_name 1572
2026-02-01 19:13:46,744 - INFO - Building stim pattern for pattern_name 2496
2026-02-01 19:13:46,792 - INFO - Building stim pattern for pattern_name 912
2026-02-01 19:13:46,866 - INFO - Building stim pattern for pattern_name 183
2026-02-01 19:13:46,894 - INFO - Building stim pattern for pattern_name 844
2026-02-01 19:13:46,924 - INFO - Building stim pattern for pattern_name 2716
2026-02-01 19:13:46,956 - INFO - Building stim pattern for pattern_name 2734
2026-02-01 19:13:46,970 - INFO - Building stim pattern for pattern_name 618
2026-02-01 19:13:46,982 - INFO - Building stim pattern for pattern_name 332
2026-02-01 19:13:46,993 - INFO - Building stim pattern for pattern_name 2078
2026-02-01 19:13:47,011 - INFO - Building stim pattern for pattern_name 1754
2026-02-01 19:13:47,022 - INFO - Building stim pattern for pattern_name 1756
2026-02-01 19:13:47,033 - INFO - Building stim pattern for pattern_name 1512
2026-02-01 19:13:47,053 - INFO - Building stim pattern for pattern_name 24
2026-02-01 19:13:47,065 - INFO - Building stim pattern for pattern_name 146
2026-02-01 19:13:47,081 - INFO - Building stim pattern for pattern_name 721
2026-02-01 19:13:47,101 - INFO - Building stim pattern for pattern_name 3808
2026-02-01 19:13:47,119 - INFO - Building stim pattern for pattern_name 2910
2026-02-01 19:13:47,134 - INFO - Building stim pattern for pattern_name 3605
2026-02-01 19:13:47,148 - INFO - Building stim pattern for pattern_name 3020
2026-02-01 19:13:47,162 - INFO - Building stim pattern for pattern_name 472
2026-02-01 19:13:47,175 - INFO - Building stim pattern for pattern_name 2303
2026-02-01 19:13:47,189 - INFO - Building stim pattern for pattern_name 3143
2026-02-01 19:13:47,202 - INFO - Building stim pattern for pattern_name 1462
2026-02-01 19:13:47,217 - INFO - Building stim pattern for pattern_name 245
2026-02-01 19:13:47,231 - INFO - Building stim pattern for pattern_name 3150
2026-02-01 19:13:47,242 - INFO - Building stim pattern for pattern_name 525
2026-02-01 19:13:47,260 - INFO - Building stim pattern for pattern_name 2098
2026-02-01 19:13:47,271 - INFO - Building stim pattern for pattern_name 1613
2026-02-01 19:13:47,290 - INFO - Building stim pattern for pattern_name 3468
2026-02-01 19:13:47,302 - INFO - Building stim pattern for pattern_name 3583
2026-02-01 19:13:47,315 - INFO - Building stim pattern for pattern_name 1841
2026-02-01 19:13:47,327 - INFO - Building stim pattern for pattern_name 657
2026-02-01 19:13:47,341 - INFO - Building stim pattern for pattern_name 2954
2026-02-01 19:13:47,354 - INFO - Building stim pattern for pattern_name 2727
2026-02-01 19:13:47,375 - INFO - Building stim pattern for pattern_name 1223
2026-02-01 19:13:47,391 - INFO - Building stim pattern for pattern_name 318
2026-02-01 19:13:47,402 - INFO - Building stim pattern for pattern_name 614
2026-02-01 19:13:47,415 - INFO - Building stim pattern for pattern_name 2065
2026-02-01 19:13:47,426 - INFO - Building stim pattern for pattern_name 2711
2026-02-01 19:13:47,443 - INFO - Building stim pattern for pattern_name 1868
2026-02-01 19:13:47,454 - INFO - Building stim pattern for pattern_name 802
2026-02-01 19:13:47,465 - INFO - Building stim pattern for pattern_name 2850
2026-02-01 19:13:47,477 - INFO - Building stim pattern for pattern_name 3106
2026-02-01 19:13:47,496 - INFO - Building stim pattern for pattern_name 3271
2026-02-01 19:13:47,507 - INFO - Building stim pattern for pattern_name 3951
2026-02-01 19:13:47,525 - INFO - Building stim pattern for pattern_name 1077
2026-02-01 19:13:47,539 - INFO - Building stim pattern for pattern_name 960
2026-02-01 19:13:47,559 - INFO - Building stim pattern for pattern_name 3489
2026-02-01 19:13:47,572 - INFO - Building stim pattern for pattern_name 2809
2026-02-01 19:13:47,584 - INFO - Building stim pattern for pattern_name 917
2026-02-01 19:13:47,597 - INFO - Building stim pattern for pattern_name 1991
2026-02-01 19:13:47,607 - INFO - Building stim pattern for pattern_name 3987
2026-02-01 19:13:47,632 - INFO - Building stim pattern for pattern_name 3308
2026-02-01 19:13:47,644 - INFO - Building stim pattern for pattern_name 1014
2026-02-01 19:13:47,657 - INFO - Building stim pattern for pattern_name 1054
2026-02-01 19:13:47,671 - INFO - Building stim pattern for pattern_name 937
2026-02-01 19:13:47,681 - INFO - Building stim pattern for pattern_name 127
2026-02-01 19:13:47,693 - INFO - Building stim pattern for pattern_name 1063
2026-02-01 19:13:47,712 - INFO - Building stim pattern for pattern_name 179
2026-02-01 19:13:47,724 - INFO - Building stim pattern for pattern_name 409
2026-02-01 19:13:47,736 - INFO - Building stim pattern for pattern_name 2659
2026-02-01 19:13:47,747 - INFO - Building stim pattern for pattern_name 1561
2026-02-01 19:13:47,759 - INFO - Building stim pattern for pattern_name 1624
2026-02-01 19:13:47,771 - INFO - Building stim pattern for pattern_name 3751
2026-02-01 19:13:47,785 - INFO - Building stim pattern for pattern_name 3426
2026-02-01 19:13:47,813 - INFO - Building stim pattern for pattern_name 849
2026-02-01 19:13:47,825 - INFO - Building stim pattern for pattern_name 3710
2026-02-01 19:13:47,836 - INFO - Building stim pattern for pattern_name 1936
2026-02-01 19:13:47,854 - INFO - Building stim pattern for pattern_name 3177
2026-02-01 19:13:47,865 - INFO - Building stim pattern for pattern_name 3862
2026-02-01 19:13:47,875 - INFO - Building stim pattern for pattern_name 3104
2026-02-01 19:13:47,886 - INFO - Building stim pattern for pattern_name 2010
2026-02-01 19:13:47,898 - INFO - Building stim pattern for pattern_name 15
2026-02-01 19:13:47,916 - INFO - Building stim pattern for pattern_name 488
2026-02-01 19:13:47,934 - INFO - Building stim pattern for pattern_name 507
2026-02-01 19:13:47,946 - INFO - Building stim pattern for pattern_name 1670
2026-02-01 19:13:47,957 - INFO - Building stim pattern for pattern_name 3207
2026-02-01 19:13:47,970 - INFO - Building stim pattern for pattern_name 3350
2026-02-01 19:13:48,010 - INFO - Building stim pattern for pattern_name 518
2026-02-01 19:13:48,037 - INFO - Building stim pattern for pattern_name 1536
2026-02-01 19:13:48,050 - INFO - Building stim pattern for pattern_name 3707
2026-02-01 19:13:48,066 - INFO - Building stim pattern for pattern_name 2658
2026-02-01 19:13:48,080 - INFO - Building stim pattern for pattern_name 3648
2026-02-01 19:13:48,093 - INFO - Building stim pattern for pattern_name 4000
2026-02-01 19:13:48,104 - INFO - Building stim pattern for pattern_name 3353
2026-02-01 19:13:48,118 - INFO - Building stim pattern for pattern_name 1172
2026-02-01 19:13:48,131 - INFO - Building stim pattern for pattern_name 1270
2026-02-01 19:13:48,144 - INFO - Building stim pattern for pattern_name 281
2026-02-01 19:13:48,156 - INFO - Building stim pattern for pattern_name 579
2026-02-01 19:13:48,173 - INFO - Building stim pattern for pattern_name 3125
2026-02-01 19:13:48,216 - INFO - Building stim pattern for pattern_name 273
2026-02-01 19:13:48,282 - INFO - Building stim pattern for pattern_name 1313
2026-02-01 19:13:48,310 - INFO - Building stim pattern for pattern_name 1345
2026-02-01 19:13:48,333 - INFO - Building stim pattern for pattern_name 888
2026-02-01 19:13:48,373 - INFO - Building stim pattern for pattern_name 2523
2026-02-01 19:13:48,393 - INFO - Building stim pattern for pattern_name 2855
2026-02-01 19:13:48,409 - INFO - Building stim pattern for pattern_name 2527
2026-02-01 19:13:48,426 - INFO - Building stim pattern for pattern_name 2546
2026-02-01 19:13:48,440 - INFO - Building stim pattern for pattern_name 3930
2026-02-01 19:13:48,455 - INFO - Building stim pattern for pattern_name 2174
2026-02-01 19:13:48,558 - INFO - Building stim pattern for pattern_name 2134
2026-02-01 19:13:48,576 - INFO - Building stim pattern for pattern_name 2213
2026-02-01 19:13:48,591 - INFO - Building stim pattern for pattern_name 2291
2026-02-01 19:13:48,607 - INFO - Building stim pattern for pattern_name 3530
2026-02-01 19:13:48,631 - INFO - Building stim pattern for pattern_name 2169
2026-02-01 19:13:48,645 - INFO - Building stim pattern for pattern_name 2657
2026-02-01 19:13:48,661 - INFO - Building stim pattern for pattern_name 3533
2026-02-01 19:13:48,674 - INFO - Building stim pattern for pattern_name 3474
2026-02-01 19:13:48,689 - INFO - Building stim pattern for pattern_name 125
2026-02-01 19:13:48,711 - INFO - Building stim pattern for pattern_name 3300
2026-02-01 19:13:48,724 - INFO - Building stim pattern for pattern_name 3209
2026-02-01 19:13:48,744 - INFO - Building stim pattern for pattern_name 668
2026-02-01 19:13:48,762 - INFO - Building stim pattern for pattern_name 1823
2026-02-01 19:13:48,776 - INFO - Building stim pattern for pattern_name 1786
2026-02-01 19:13:48,789 - INFO - Building stim pattern for pattern_name 31
2026-02-01 19:13:48,804 - INFO - Building stim pattern for pattern_name 1132
2026-02-01 19:13:48,826 - INFO - Building stim pattern for pattern_name 1293
2026-02-01 19:13:48,840 - INFO - Building stim pattern for pattern_name 2007
2026-02-01 19:13:48,863 - INFO - Building stim pattern for pattern_name 1047
2026-02-01 19:13:48,877 - INFO - Building stim pattern for pattern_name 1935
2026-02-01 19:13:48,893 - INFO - Building stim pattern for pattern_name 1663
2026-02-01 19:13:48,924 - INFO - Building stim pattern for pattern_name 248
2026-02-01 19:13:48,936 - INFO - Building stim pattern for pattern_name 462
2026-02-01 19:13:48,950 - INFO - Building stim pattern for pattern_name 1410
2026-02-01 19:13:48,970 - INFO - Building stim pattern for pattern_name 155
2026-02-01 19:13:48,983 - INFO - Building stim pattern for pattern_name 3455
2026-02-01 19:13:48,996 - INFO - Building stim pattern for pattern_name 3062
2026-02-01 19:13:49,009 - INFO - Building stim pattern for pattern_name 225
2026-02-01 19:13:49,030 - INFO - Building stim pattern for pattern_name 211
2026-02-01 19:13:49,043 - INFO - Building stim pattern for pattern_name 1058
2026-02-01 19:13:49,060 - INFO - Building stim pattern for pattern_name 3374
2026-02-01 19:13:49,080 - INFO - Building stim pattern for pattern_name 2828
2026-02-01 19:13:49,101 - INFO - Building stim pattern for pattern_name 2302
2026-02-01 19:13:49,127 - INFO - Building stim pattern for pattern_name 3511
2026-02-01 19:13:49,149 - INFO - Building stim pattern for pattern_name 2249
2026-02-01 19:13:49,163 - INFO - Building stim pattern for pattern_name 1377
2026-02-01 19:13:49,177 - INFO - Building stim pattern for pattern_name 3711
2026-02-01 19:13:49,196 - INFO - Building stim pattern for pattern_name 939
2026-02-01 19:13:49,220 - INFO - Building stim pattern for pattern_name 3447
2026-02-01 19:13:49,244 - INFO - Building stim pattern for pattern_name 1087
2026-02-01 19:13:49,256 - INFO - Building stim pattern for pattern_name 2572
2026-02-01 19:13:49,270 - INFO - Building stim pattern for pattern_name 207
2026-02-01 19:13:49,285 - INFO - Building stim pattern for pattern_name 651
2026-02-01 19:13:49,298 - INFO - Building stim pattern for pattern_name 3216
2026-02-01 19:13:49,310 - INFO - Building stim pattern for pattern_name 3602
2026-02-01 19:13:49,323 - INFO - Building stim pattern for pattern_name 3027
2026-02-01 19:13:49,342 - INFO - Building stim pattern for pattern_name 1265
2026-02-01 19:13:49,354 - INFO - Building stim pattern for pattern_name 1059
2026-02-01 19:13:49,372 - INFO - Building stim pattern for pattern_name 532
2026-02-01 19:13:49,384 - INFO - Building stim pattern for pattern_name 740
2026-02-01 19:13:49,402 - INFO - Building stim pattern for pattern_name 1096
2026-02-01 19:13:49,423 - INFO - Building stim pattern for pattern_name 692
2026-02-01 19:13:49,437 - INFO - Building stim pattern for pattern_name 3332
2026-02-01 19:13:49,452 - INFO - Building stim pattern for pattern_name 3969
2026-02-01 19:13:49,468 - INFO - Building stim pattern for pattern_name 1787
2026-02-01 19:13:49,490 - INFO - Building stim pattern for pattern_name 3452
2026-02-01 19:13:49,510 - INFO - Building stim pattern for pattern_name 3183
2026-02-01 19:13:49,528 - INFO - Building stim pattern for pattern_name 1006
2026-02-01 19:13:49,542 - INFO - Building stim pattern for pattern_name 2431
2026-02-01 19:13:49,557 - INFO - Building stim pattern for pattern_name 1689
2026-02-01 19:13:49,574 - INFO - Building stim pattern for pattern_name 1118
2026-02-01 19:13:49,590 - INFO - Building stim pattern for pattern_name 3786
2026-02-01 19:13:49,606 - INFO - Building stim pattern for pattern_name 2407
2026-02-01 19:13:49,629 - INFO - Building stim pattern for pattern_name 1863
2026-02-01 19:13:49,646 - INFO - Building stim pattern for pattern_name 1311
2026-02-01 19:13:49,664 - INFO - Building stim pattern for pattern_name 3957
2026-02-01 19:13:49,681 - INFO - Building stim pattern for pattern_name 1525
2026-02-01 19:13:49,695 - INFO - Building stim pattern for pattern_name 37
2026-02-01 19:13:49,724 - INFO - Building stim pattern for pattern_name 476
2026-02-01 19:13:49,741 - INFO - Building stim pattern for pattern_name 2081
2026-02-01 19:13:49,765 - INFO - Building stim pattern for pattern_name 3811
2026-02-01 19:13:49,778 - INFO - Building stim pattern for pattern_name 2827
2026-02-01 19:13:49,792 - INFO - Building stim pattern for pattern_name 2398
2026-02-01 19:13:49,806 - INFO - Building stim pattern for pattern_name 3239
2026-02-01 19:13:49,835 - INFO - Building stim pattern for pattern_name 139
2026-02-01 19:13:49,850 - INFO - Building stim pattern for pattern_name 1510
2026-02-01 19:13:49,866 - INFO - Building stim pattern for pattern_name 3810
2026-02-01 19:13:49,887 - INFO - Building stim pattern for pattern_name 1966
2026-02-01 19:13:49,906 - INFO - Building stim pattern for pattern_name 1593
2026-02-01 19:13:49,931 - INFO - Building stim pattern for pattern_name 1518
2026-02-01 19:13:49,944 - INFO - Building stim pattern for pattern_name 1395
2026-02-01 19:13:49,959 - INFO - Building stim pattern for pattern_name 3832
2026-02-01 19:13:49,975 - INFO - Building stim pattern for pattern_name 1326
2026-02-01 19:13:49,989 - INFO - Building stim pattern for pattern_name 3208
2026-02-01 19:13:50,018 - INFO - Building stim pattern for pattern_name 2319
2026-02-01 19:13:50,032 - INFO - Building stim pattern for pattern_name 2615
2026-02-01 19:13:50,048 - INFO - Building stim pattern for pattern_name 1117
2026-02-01 19:13:50,064 - INFO - Building stim pattern for pattern_name 1967
2026-02-01 19:13:50,079 - INFO - Building stim pattern for pattern_name 2692
2026-02-01 19:13:50,095 - INFO - Building stim pattern for pattern_name 2415
2026-02-01 19:13:50,120 - INFO - Building stim pattern for pattern_name 378
2026-02-01 19:13:50,236 - INFO - Building stim pattern for pattern_name 3163
2026-02-01 19:13:50,267 - INFO - Building stim pattern for pattern_name 1407
2026-02-01 19:13:50,286 - INFO - Building stim pattern for pattern_name 1340
2026-02-01 19:13:50,311 - INFO - Building stim pattern for pattern_name 2555
2026-02-01 19:13:50,334 - INFO - Building stim pattern for pattern_name 3820
2026-02-01 19:13:50,375 - INFO - Building stim pattern for pattern_name 3948
2026-02-01 19:13:50,393 - INFO - Building stim pattern for pattern_name 3127
2026-02-01 19:13:50,413 - INFO - Building stim pattern for pattern_name 1442
2026-02-01 19:13:50,447 - INFO - Building stim pattern for pattern_name 3488
2026-02-01 19:13:50,481 - INFO - Building stim pattern for pattern_name 2732
2026-02-01 19:13:50,514 - INFO - Building stim pattern for pattern_name 2475
2026-02-01 19:13:50,532 - INFO - Building stim pattern for pattern_name 3575
2026-02-01 19:13:50,550 - INFO - Building stim pattern for pattern_name 924
2026-02-01 19:13:50,568 - INFO - Building stim pattern for pattern_name 3915
2026-02-01 19:13:50,587 - INFO - Building stim pattern for pattern_name 3262
2026-02-01 19:13:50,603 - INFO - Building stim pattern for pattern_name 2397
2026-02-01 19:13:50,636 - INFO - Building stim pattern for pattern_name 3180
2026-02-01 19:13:50,650 - INFO - Building stim pattern for pattern_name 1167
2026-02-01 19:13:50,694 - INFO - Building stim pattern for pattern_name 1097
2026-02-01 19:13:50,718 - INFO - Building stim pattern for pattern_name 3705
2026-02-01 19:13:50,736 - INFO - Building stim pattern for pattern_name 2106
2026-02-01 19:13:50,767 - INFO - Building stim pattern for pattern_name 3101
2026-02-01 19:13:50,784 - INFO - Building stim pattern for pattern_name 1618
2026-02-01 19:13:50,798 - INFO - Building stim pattern for pattern_name 1353
2026-02-01 19:13:50,814 - INFO - Building stim pattern for pattern_name 1402
2026-02-01 19:13:50,831 - INFO - Building stim pattern for pattern_name 976
2026-02-01 19:13:50,852 - INFO - Building stim pattern for pattern_name 1783
2026-02-01 19:13:50,868 - INFO - Building stim pattern for pattern_name 1275
2026-02-01 19:13:50,882 - INFO - Building stim pattern for pattern_name 1950
2026-02-01 19:13:50,898 - INFO - Building stim pattern for pattern_name 2888
2026-02-01 19:13:50,913 - INFO - Building stim pattern for pattern_name 724
2026-02-01 19:13:50,924 - INFO - Building stim pattern for pattern_name 395
2026-02-01 19:13:50,939 - INFO - Building stim pattern for pattern_name 1090
2026-02-01 19:13:50,954 - INFO - Building stim pattern for pattern_name 957
2026-02-01 19:13:50,971 - INFO - Building stim pattern for pattern_name 728
2026-02-01 19:13:50,984 - INFO - Building stim pattern for pattern_name 546
2026-02-01 19:13:50,999 - INFO - Building stim pattern for pattern_name 210
2026-02-01 19:13:51,024 - INFO - Building stim pattern for pattern_name 3880
2026-02-01 19:13:51,042 - INFO - Building stim pattern for pattern_name 1819
2026-02-01 19:13:51,058 - INFO - Building stim pattern for pattern_name 1771
2026-02-01 19:13:51,072 - INFO - Building stim pattern for pattern_name 1963
2026-02-01 19:13:51,092 - INFO - Building stim pattern for pattern_name 246
2026-02-01 19:13:51,113 - INFO - Building stim pattern for pattern_name 252
2026-02-01 19:13:51,139 - INFO - Building stim pattern for pattern_name 1496
2026-02-01 19:13:51,155 - INFO - Building stim pattern for pattern_name 509
2026-02-01 19:13:51,169 - INFO - Building stim pattern for pattern_name 549
2026-02-01 19:13:51,184 - INFO - Building stim pattern for pattern_name 3633
2026-02-01 19:13:51,209 - INFO - Building stim pattern for pattern_name 3695
2026-02-01 19:13:51,229 - INFO - Building stim pattern for pattern_name 512
2026-02-01 19:13:51,245 - INFO - Building stim pattern for pattern_name 809
2026-02-01 19:13:51,273 - INFO - Building stim pattern for pattern_name 980
2026-02-01 19:13:51,292 - INFO - Building stim pattern for pattern_name 1675
2026-02-01 19:13:51,308 - INFO - Building stim pattern for pattern_name 2683
2026-02-01 19:13:51,322 - INFO - Building stim pattern for pattern_name 1647
2026-02-01 19:13:51,341 - INFO - Building stim pattern for pattern_name 2200
2026-02-01 19:13:51,356 - INFO - Building stim pattern for pattern_name 846
2026-02-01 19:13:51,371 - INFO - Building stim pattern for pattern_name 3092
2026-02-01 19:13:51,386 - INFO - Building stim pattern for pattern_name 2437
2026-02-01 19:13:51,400 - INFO - Building stim pattern for pattern_name 2741
2026-02-01 19:13:51,417 - INFO - Building stim pattern for pattern_name 2245
2026-02-01 19:13:51,433 - INFO - Building stim pattern for pattern_name 585
2026-02-01 19:13:51,449 - INFO - Building stim pattern for pattern_name 1726
2026-02-01 19:13:51,467 - INFO - Building stim pattern for pattern_name 3939
2026-02-01 19:13:51,488 - INFO - Building stim pattern for pattern_name 737
2026-02-01 19:13:51,504 - INFO - Building stim pattern for pattern_name 342
2026-02-01 19:13:51,523 - INFO - Building stim pattern for pattern_name 1591
2026-02-01 19:13:51,536 - INFO - Building stim pattern for pattern_name 2720
2026-02-01 19:13:51,550 - INFO - Building stim pattern for pattern_name 2857
2026-02-01 19:13:51,566 - INFO - Building stim pattern for pattern_name 1457
2026-02-01 19:13:51,579 - INFO - Building stim pattern for pattern_name 1781
2026-02-01 19:13:51,603 - INFO - Building stim pattern for pattern_name 3254
2026-02-01 19:13:51,616 - INFO - Building stim pattern for pattern_name 1809
2026-02-01 19:13:51,638 - INFO - Building stim pattern for pattern_name 3327
2026-02-01 19:13:51,653 - INFO - Building stim pattern for pattern_name 1492
2026-02-01 19:13:51,668 - INFO - Building stim pattern for pattern_name 3844
2026-02-01 19:13:51,684 - INFO - Building stim pattern for pattern_name 2156
2026-02-01 19:13:51,699 - INFO - Building stim pattern for pattern_name 2636
2026-02-01 19:13:51,711 - INFO - Building stim pattern for pattern_name 609
2026-02-01 19:13:51,725 - INFO - Building stim pattern for pattern_name 203
2026-02-01 19:13:51,740 - INFO - Building stim pattern for pattern_name 3270
2026-02-01 19:13:51,773 - INFO - Building stim pattern for pattern_name 1203
2026-02-01 19:13:51,785 - INFO - Building stim pattern for pattern_name 2409
2026-02-01 19:13:51,799 - INFO - Building stim pattern for pattern_name 1723
2026-02-01 19:13:51,812 - INFO - Building stim pattern for pattern_name 3988
2026-02-01 19:13:51,828 - INFO - Building stim pattern for pattern_name 1524
2026-02-01 19:13:51,849 - INFO - Building stim pattern for pattern_name 2094
2026-02-01 19:13:51,899 - INFO - Building stim pattern for pattern_name 1873
2026-02-01 19:13:51,916 - INFO - Building stim pattern for pattern_name 322
2026-02-01 19:13:51,936 - INFO - Building stim pattern for pattern_name 2567
2026-02-01 19:13:51,951 - INFO - Building stim pattern for pattern_name 2602
2026-02-01 19:13:51,973 - INFO - Building stim pattern for pattern_name 1246
2026-02-01 19:13:51,999 - INFO - Building stim pattern for pattern_name 3785
2026-02-01 19:13:52,013 - INFO - Building stim pattern for pattern_name 2347
2026-02-01 19:13:52,143 - INFO - Building stim pattern for pattern_name 3537
2026-02-01 19:13:52,180 - INFO - Building stim pattern for pattern_name 2672
2026-02-01 19:13:52,193 - INFO - Building stim pattern for pattern_name 489
2026-02-01 19:13:52,207 - INFO - Building stim pattern for pattern_name 2456
2026-02-01 19:13:52,220 - INFO - Building stim pattern for pattern_name 1427
2026-02-01 19:13:52,241 - INFO - Building stim pattern for pattern_name 1337
2026-02-01 19:13:52,253 - INFO - Building stim pattern for pattern_name 1559
2026-02-01 19:13:52,272 - INFO - Building stim pattern for pattern_name 1838
2026-02-01 19:13:52,288 - INFO - Building stim pattern for pattern_name 679
2026-02-01 19:13:52,302 - INFO - Building stim pattern for pattern_name 3145
2026-02-01 19:13:52,316 - INFO - Building stim pattern for pattern_name 1021
2026-02-01 19:13:52,361 - INFO - Building stim pattern for pattern_name 403
2026-02-01 19:13:52,380 - INFO - Building stim pattern for pattern_name 3580
2026-02-01 19:13:52,396 - INFO - Building stim pattern for pattern_name 3603
2026-02-01 19:13:52,407 - INFO - Building stim pattern for pattern_name 998
2026-02-01 19:13:52,421 - INFO - Building stim pattern for pattern_name 3666
2026-02-01 19:13:52,437 - INFO - Building stim pattern for pattern_name 3311
2026-02-01 19:13:52,482 - INFO - Building stim pattern for pattern_name 3005
2026-02-01 19:13:52,496 - INFO - Building stim pattern for pattern_name 2562
2026-02-01 19:13:52,509 - INFO - Building stim pattern for pattern_name 1176
2026-02-01 19:13:52,522 - INFO - Building stim pattern for pattern_name 2405
2026-02-01 19:13:52,536 - INFO - Building stim pattern for pattern_name 2908
2026-02-01 19:13:52,552 - INFO - Building stim pattern for pattern_name 326
2026-02-01 19:13:52,572 - INFO - Building stim pattern for pattern_name 2025
2026-02-01 19:13:52,584 - INFO - Building stim pattern for pattern_name 1255
2026-02-01 19:13:52,596 - INFO - Building stim pattern for pattern_name 418
2026-02-01 19:13:52,608 - INFO - Building stim pattern for pattern_name 1651
2026-02-01 19:13:52,641 - INFO - Building stim pattern for pattern_name 3087
2026-02-01 19:13:52,654 - INFO - Building stim pattern for pattern_name 2736
2026-02-01 19:13:52,667 - INFO - Building stim pattern for pattern_name 891
2026-02-01 19:13:52,678 - INFO - Building stim pattern for pattern_name 2308
2026-02-01 19:13:52,690 - INFO - Building stim pattern for pattern_name 2558
2026-02-01 19:13:52,704 - INFO - Building stim pattern for pattern_name 2032
2026-02-01 19:13:52,716 - INFO - Building stim pattern for pattern_name 2641
2026-02-01 19:13:52,730 - INFO - Building stim pattern for pattern_name 240
2026-02-01 19:13:52,741 - INFO - Building stim pattern for pattern_name 1530
2026-02-01 19:13:52,772 - INFO - Building stim pattern for pattern_name 592
2026-02-01 19:13:52,782 - INFO - Building stim pattern for pattern_name 2400
2026-02-01 19:13:52,795 - INFO - Building stim pattern for pattern_name 2705
2026-02-01 19:13:52,808 - INFO - Building stim pattern for pattern_name 654
2026-02-01 19:13:52,821 - INFO - Building stim pattern for pattern_name 3107
2026-02-01 19:13:52,834 - INFO - Building stim pattern for pattern_name 3181
2026-02-01 19:13:52,846 - INFO - Building stim pattern for pattern_name 1351
2026-02-01 19:13:52,879 - INFO - Building stim pattern for pattern_name 2422
2026-02-01 19:13:52,892 - INFO - Building stim pattern for pattern_name 2715
2026-02-01 19:13:52,905 - INFO - Building stim pattern for pattern_name 1035
2026-02-01 19:13:52,919 - INFO - Building stim pattern for pattern_name 3893
2026-02-01 19:13:52,932 - INFO - Building stim pattern for pattern_name 1557
2026-02-01 19:13:52,947 - INFO - Building stim pattern for pattern_name 1418
2026-02-01 19:13:52,974 - INFO - Building stim pattern for pattern_name 2575
2026-02-01 19:13:52,999 - INFO - Building stim pattern for pattern_name 2339
2026-02-01 19:13:53,011 - INFO - Building stim pattern for pattern_name 3331
2026-02-01 19:13:53,026 - INFO - Building stim pattern for pattern_name 3826
2026-02-01 19:13:53,040 - INFO - Building stim pattern for pattern_name 1968
2026-02-01 19:13:53,055 - INFO - Building stim pattern for pattern_name 1888
2026-02-01 19:13:53,070 - INFO - Building stim pattern for pattern_name 3205
2026-02-01 19:13:53,081 - INFO - Building stim pattern for pattern_name 1852
2026-02-01 19:13:53,094 - INFO - Building stim pattern for pattern_name 770
2026-02-01 19:13:53,106 - INFO - Building stim pattern for pattern_name 1229
2026-02-01 19:13:53,119 - INFO - Building stim pattern for pattern_name 492
2026-02-01 19:13:53,130 - INFO - Building stim pattern for pattern_name 3382
2026-02-01 19:13:53,150 - INFO - Building stim pattern for pattern_name 1405
2026-02-01 19:13:53,180 - INFO - Building stim pattern for pattern_name 1386
2026-02-01 19:13:53,219 - INFO - Building stim pattern for pattern_name 41
2026-02-01 19:13:53,239 - INFO - Building stim pattern for pattern_name 530
2026-02-01 19:13:53,274 - INFO - Building stim pattern for pattern_name 1197
2026-02-01 19:13:53,301 - INFO - Building stim pattern for pattern_name 2915
2026-02-01 19:13:53,327 - INFO - Building stim pattern for pattern_name 1581
2026-02-01 19:13:53,343 - INFO - Building stim pattern for pattern_name 316
2026-02-01 19:13:53,365 - INFO - Building stim pattern for pattern_name 533
2026-02-01 19:13:53,393 - INFO - Building stim pattern for pattern_name 3369
2026-02-01 19:13:53,411 - INFO - Building stim pattern for pattern_name 2097
2026-02-01 19:13:53,442 - INFO - Building stim pattern for pattern_name 2962
2026-02-01 19:13:53,456 - INFO - Building stim pattern for pattern_name 474
2026-02-01 19:13:53,473 - INFO - Building stim pattern for pattern_name 3657
2026-02-01 19:13:53,489 - INFO - Building stim pattern for pattern_name 1346
2026-02-01 19:13:53,513 - INFO - Building stim pattern for pattern_name 2691
2026-02-01 19:13:53,527 - INFO - Building stim pattern for pattern_name 2999
2026-02-01 19:13:53,552 - INFO - Building stim pattern for pattern_name 2499
2026-02-01 19:13:53,563 - INFO - Building stim pattern for pattern_name 2118
2026-02-01 19:13:53,581 - INFO - Building stim pattern for pattern_name 1060
2026-02-01 19:13:53,595 - INFO - Building stim pattern for pattern_name 1770
2026-02-01 19:13:53,612 - INFO - Building stim pattern for pattern_name 624
2026-02-01 19:13:53,625 - INFO - Building stim pattern for pattern_name 1744
2026-02-01 19:13:53,641 - INFO - Building stim pattern for pattern_name 2801
2026-02-01 19:13:53,747 - INFO - Building stim pattern for pattern_name 3222
2026-02-01 19:13:53,772 - INFO - Building stim pattern for pattern_name 1566
2026-02-01 19:13:53,785 - INFO - Building stim pattern for pattern_name 3055
2026-02-01 19:13:53,799 - INFO - Building stim pattern for pattern_name 526
2026-02-01 19:13:53,812 - INFO - Building stim pattern for pattern_name 850
2026-02-01 19:13:53,826 - INFO - Building stim pattern for pattern_name 880
2026-02-01 19:13:53,839 - INFO - Building stim pattern for pattern_name 3436
2026-02-01 19:13:53,852 - INFO - Building stim pattern for pattern_name 2565
2026-02-01 19:13:53,869 - INFO - Building stim pattern for pattern_name 2366
2026-02-01 19:13:53,885 - INFO - Building stim pattern for pattern_name 856
2026-02-01 19:13:53,900 - INFO - Building stim pattern for pattern_name 2305
2026-02-01 19:13:53,924 - INFO - Building stim pattern for pattern_name 305
2026-02-01 19:13:53,937 - INFO - Building stim pattern for pattern_name 2559
2026-02-01 19:13:53,966 - INFO - Building stim pattern for pattern_name 3937
2026-02-01 19:13:53,978 - INFO - Building stim pattern for pattern_name 1138
2026-02-01 19:13:54,000 - INFO - Building stim pattern for pattern_name 2846
2026-02-01 19:13:54,013 - INFO - Building stim pattern for pattern_name 2646
2026-02-01 19:13:54,024 - INFO - Building stim pattern for pattern_name 2224
2026-02-01 19:13:54,037 - INFO - Building stim pattern for pattern_name 3014
2026-02-01 19:13:54,060 - INFO - Building stim pattern for pattern_name 2874
2026-02-01 19:13:54,073 - INFO - Building stim pattern for pattern_name 1795
2026-02-01 19:13:54,093 - INFO - Building stim pattern for pattern_name 3045
2026-02-01 19:13:54,105 - INFO - Building stim pattern for pattern_name 2709
2026-02-01 19:13:54,119 - INFO - Building stim pattern for pattern_name 1112
2026-02-01 19:13:54,133 - INFO - Building stim pattern for pattern_name 662
2026-02-01 19:13:54,145 - INFO - Building stim pattern for pattern_name 3926
2026-02-01 19:13:54,157 - INFO - Building stim pattern for pattern_name 50
2026-02-01 19:13:54,169 - INFO - Building stim pattern for pattern_name 1424
2026-02-01 19:13:54,192 - INFO - Building stim pattern for pattern_name 1017
2026-02-01 19:13:54,204 - INFO - Building stim pattern for pattern_name 1929
2026-02-01 19:13:54,216 - INFO - Building stim pattern for pattern_name 3083
2026-02-01 19:13:54,229 - INFO - Building stim pattern for pattern_name 1862
2026-02-01 19:13:54,248 - INFO - Building stim pattern for pattern_name 2820
2026-02-01 19:13:54,262 - INFO - Building stim pattern for pattern_name 2731
2026-02-01 19:13:54,275 - INFO - Building stim pattern for pattern_name 108
2026-02-01 19:13:54,287 - INFO - Building stim pattern for pattern_name 2452
2026-02-01 19:13:54,324 - INFO - Building stim pattern for pattern_name 3546
2026-02-01 19:13:54,337 - INFO - Building stim pattern for pattern_name 412
2026-02-01 19:13:54,359 - INFO - Building stim pattern for pattern_name 3011
2026-02-01 19:13:54,371 - INFO - Building stim pattern for pattern_name 2681
2026-02-01 19:13:54,393 - INFO - Building stim pattern for pattern_name 748
2026-02-01 19:13:54,407 - INFO - Building stim pattern for pattern_name 3224
2026-02-01 19:13:54,420 - INFO - Building stim pattern for pattern_name 1436
2026-02-01 19:13:54,431 - INFO - Building stim pattern for pattern_name 3652
2026-02-01 19:13:54,451 - INFO - Building stim pattern for pattern_name 289
2026-02-01 19:13:54,474 - INFO - Building stim pattern for pattern_name 1081
2026-02-01 19:13:54,487 - INFO - Building stim pattern for pattern_name 1848
2026-02-01 19:13:54,505 - INFO - Building stim pattern for pattern_name 2345
2026-02-01 19:13:54,519 - INFO - Building stim pattern for pattern_name 2282
2026-02-01 19:13:54,532 - INFO - Building stim pattern for pattern_name 1901
2026-02-01 19:13:54,552 - INFO - Building stim pattern for pattern_name 2299
2026-02-01 19:13:54,563 - INFO - Building stim pattern for pattern_name 3703
2026-02-01 19:13:54,577 - INFO - Building stim pattern for pattern_name 3588
2026-02-01 19:13:54,599 - INFO - Building stim pattern for pattern_name 1204
2026-02-01 19:13:54,611 - INFO - Building stim pattern for pattern_name 1041
2026-02-01 19:13:54,624 - INFO - Building stim pattern for pattern_name 567
2026-02-01 19:13:54,643 - INFO - Building stim pattern for pattern_name 1362
2026-02-01 19:13:54,656 - INFO - Building stim pattern for pattern_name 637
2026-02-01 19:13:54,669 - INFO - Building stim pattern for pattern_name 3212
2026-02-01 19:13:54,682 - INFO - Building stim pattern for pattern_name 554
2026-02-01 19:13:54,695 - INFO - Building stim pattern for pattern_name 2816
2026-02-01 19:13:54,716 - INFO - Building stim pattern for pattern_name 777
2026-02-01 19:13:54,730 - INFO - Building stim pattern for pattern_name 529
2026-02-01 19:13:54,745 - INFO - Building stim pattern for pattern_name 3375
2026-02-01 19:13:54,759 - INFO - Building stim pattern for pattern_name 1180
2026-02-01 19:13:54,772 - INFO - Building stim pattern for pattern_name 3053
2026-02-01 19:13:54,784 - INFO - Building stim pattern for pattern_name 3595
2026-02-01 19:13:54,797 - INFO - Building stim pattern for pattern_name 1820
2026-02-01 19:13:54,817 - INFO - Building stim pattern for pattern_name 3512
2026-02-01 19:13:54,829 - INFO - Building stim pattern for pattern_name 2875
2026-02-01 19:13:54,841 - INFO - Building stim pattern for pattern_name 1659
2026-02-01 19:13:54,854 - INFO - Building stim pattern for pattern_name 1131
2026-02-01 19:13:54,868 - INFO - Building stim pattern for pattern_name 2338
2026-02-01 19:13:54,880 - INFO - Building stim pattern for pattern_name 3787
2026-02-01 19:13:54,891 - INFO - Building stim pattern for pattern_name 503
2026-02-01 19:13:54,903 - INFO - Building stim pattern for pattern_name 621
2026-02-01 19:13:54,916 - INFO - Building stim pattern for pattern_name 1853
2026-02-01 19:13:54,928 - INFO - Building stim pattern for pattern_name 3272
2026-02-01 19:13:54,941 - INFO - Building stim pattern for pattern_name 1791
2026-02-01 19:13:54,955 - INFO - Building stim pattern for pattern_name 597
2026-02-01 19:13:54,967 - INFO - Building stim pattern for pattern_name 2197
2026-02-01 19:13:54,988 - INFO - Building stim pattern for pattern_name 1845
2026-02-01 19:13:55,003 - INFO - Building stim pattern for pattern_name 1910
2026-02-01 19:13:55,099 - INFO - Building stim pattern for pattern_name 1980
2026-02-01 19:13:55,147 - INFO - Building stim pattern for pattern_name 229
2026-02-01 19:13:55,169 - INFO - Building stim pattern for pattern_name 2884
2026-02-01 19:13:55,188 - INFO - Building stim pattern for pattern_name 746
2026-02-01 19:13:55,209 - INFO - Building stim pattern for pattern_name 652
2026-02-01 19:13:55,221 - INFO - Building stim pattern for pattern_name 1253
2026-02-01 19:13:55,233 - INFO - Building stim pattern for pattern_name 1696
2026-02-01 19:13:55,247 - INFO - Building stim pattern for pattern_name 3498
2026-02-01 19:13:55,259 - INFO - Building stim pattern for pattern_name 2314
2026-02-01 19:13:55,272 - INFO - Building stim pattern for pattern_name 2387
2026-02-01 19:13:55,291 - INFO - Building stim pattern for pattern_name 2774
2026-02-01 19:13:55,305 - INFO - Building stim pattern for pattern_name 88
2026-02-01 19:13:55,320 - INFO - Building stim pattern for pattern_name 2589
2026-02-01 19:13:55,334 - INFO - Building stim pattern for pattern_name 3070
2026-02-01 19:13:55,355 - INFO - Building stim pattern for pattern_name 571
2026-02-01 19:13:55,368 - INFO - Building stim pattern for pattern_name 1159
2026-02-01 19:13:55,380 - INFO - Building stim pattern for pattern_name 1206
2026-02-01 19:13:55,394 - INFO - Building stim pattern for pattern_name 351
2026-02-01 19:13:55,410 - INFO - Building stim pattern for pattern_name 2885
2026-02-01 19:13:55,424 - INFO - Building stim pattern for pattern_name 564
2026-02-01 19:13:55,439 - INFO - Building stim pattern for pattern_name 2176
2026-02-01 19:13:55,480 - INFO - Building stim pattern for pattern_name 68
2026-02-01 19:13:55,493 - INFO - Building stim pattern for pattern_name 3051
2026-02-01 19:13:55,507 - INFO - Building stim pattern for pattern_name 1141
2026-02-01 19:13:55,530 - INFO - Building stim pattern for pattern_name 365
2026-02-01 19:13:55,543 - INFO - Building stim pattern for pattern_name 3998
2026-02-01 19:13:55,555 - INFO - Building stim pattern for pattern_name 1721
2026-02-01 19:13:55,579 - INFO - Building stim pattern for pattern_name 1408
2026-02-01 19:13:55,592 - INFO - Building stim pattern for pattern_name 3903
2026-02-01 19:13:55,607 - INFO - Building stim pattern for pattern_name 415
2026-02-01 19:13:55,623 - INFO - Building stim pattern for pattern_name 773
2026-02-01 19:13:55,636 - INFO - Building stim pattern for pattern_name 2972
2026-02-01 19:13:55,650 - INFO - Building stim pattern for pattern_name 3211
2026-02-01 19:13:55,675 - INFO - Building stim pattern for pattern_name 2818
2026-02-01 19:13:55,687 - INFO - Building stim pattern for pattern_name 2497
2026-02-01 19:13:55,699 - INFO - Building stim pattern for pattern_name 1874
2026-02-01 19:13:55,715 - INFO - Building stim pattern for pattern_name 3960
2026-02-01 19:13:55,738 - INFO - Building stim pattern for pattern_name 1725
2026-02-01 19:13:55,750 - INFO - Building stim pattern for pattern_name 2996
2026-02-01 19:13:55,762 - INFO - Building stim pattern for pattern_name 1702
2026-02-01 19:13:55,787 - INFO - Building stim pattern for pattern_name 1576
2026-02-01 19:13:55,800 - INFO - Building stim pattern for pattern_name 144
2026-02-01 19:13:55,813 - INFO - Building stim pattern for pattern_name 3395
2026-02-01 19:13:55,842 - INFO - Building stim pattern for pattern_name 1780
2026-02-01 19:13:55,874 - INFO - Building stim pattern for pattern_name 2218
2026-02-01 19:13:55,886 - INFO - Building stim pattern for pattern_name 3450
2026-02-01 19:13:55,898 - INFO - Building stim pattern for pattern_name 2579
2026-02-01 19:13:55,912 - INFO - Building stim pattern for pattern_name 2005
2026-02-01 19:13:55,924 - INFO - Building stim pattern for pattern_name 3889
2026-02-01 19:13:55,937 - INFO - Building stim pattern for pattern_name 1127
2026-02-01 19:13:55,951 - INFO - Building stim pattern for pattern_name 2542
2026-02-01 19:13:55,971 - INFO - Building stim pattern for pattern_name 288
2026-02-01 19:13:55,983 - INFO - Building stim pattern for pattern_name 1736
2026-02-01 19:13:55,995 - INFO - Building stim pattern for pattern_name 2417
2026-02-01 19:13:56,015 - INFO - Building stim pattern for pattern_name 631
2026-02-01 19:13:56,028 - INFO - Building stim pattern for pattern_name 2781
2026-02-01 19:13:56,040 - INFO - Building stim pattern for pattern_name 3175
2026-02-01 19:13:56,053 - INFO - Building stim pattern for pattern_name 961
2026-02-01 19:13:56,068 - INFO - Building stim pattern for pattern_name 485
2026-02-01 19:13:56,089 - INFO - Building stim pattern for pattern_name 3860
2026-02-01 19:13:56,102 - INFO - Building stim pattern for pattern_name 2410
2026-02-01 19:13:56,115 - INFO - Building stim pattern for pattern_name 2108
2026-02-01 19:13:56,128 - INFO - Building stim pattern for pattern_name 3178
2026-02-01 19:13:56,141 - INFO - Building stim pattern for pattern_name 270
2026-02-01 19:13:56,153 - INFO - Building stim pattern for pattern_name 799
2026-02-01 19:13:56,166 - INFO - Building stim pattern for pattern_name 1794
2026-02-01 19:13:56,177 - INFO - Building stim pattern for pattern_name 603
2026-02-01 19:13:56,197 - INFO - Building stim pattern for pattern_name 3805
2026-02-01 19:13:56,210 - INFO - Building stim pattern for pattern_name 539
2026-02-01 19:13:56,222 - INFO - Building stim pattern for pattern_name 2221
2026-02-01 19:13:56,234 - INFO - Building stim pattern for pattern_name 635
2026-02-01 19:13:56,245 - INFO - Building stim pattern for pattern_name 176
2026-02-01 19:13:56,268 - INFO - Building stim pattern for pattern_name 468
2026-02-01 19:13:56,280 - INFO - Building stim pattern for pattern_name 3827
2026-02-01 19:13:56,294 - INFO - Building stim pattern for pattern_name 2262
2026-02-01 19:13:56,306 - INFO - Building stim pattern for pattern_name 3153
2026-02-01 19:13:56,317 - INFO - Building stim pattern for pattern_name 2183
2026-02-01 19:13:56,335 - INFO - Building stim pattern for pattern_name 1297
2026-02-01 19:13:56,348 - INFO - Building stim pattern for pattern_name 1383
2026-02-01 19:13:56,359 - INFO - Building stim pattern for pattern_name 2533
2026-02-01 19:13:56,371 - INFO - Building stim pattern for pattern_name 390
2026-02-01 19:13:56,384 - INFO - Building stim pattern for pattern_name 3777
2026-02-01 19:13:56,396 - INFO - Building stim pattern for pattern_name 3697
2026-02-01 19:13:56,408 - INFO - Building stim pattern for pattern_name 3719
2026-02-01 19:13:56,424 - INFO - Building stim pattern for pattern_name 2255
2026-02-01 19:13:56,441 - INFO - Building stim pattern for pattern_name 3155
2026-02-01 19:13:56,453 - INFO - Building stim pattern for pattern_name 1529
2026-02-01 19:13:56,463 - INFO - Building stim pattern for pattern_name 396
2026-02-01 19:13:56,476 - INFO - Building stim pattern for pattern_name 2324
2026-02-01 19:13:56,486 - INFO - Building stim pattern for pattern_name 1905
2026-02-01 19:13:56,504 - INFO - Building stim pattern for pattern_name 1422
2026-02-01 19:13:56,516 - INFO - Building stim pattern for pattern_name 3712
2026-02-01 19:13:56,530 - INFO - Building stim pattern for pattern_name 987
2026-02-01 19:13:56,640 - INFO - Building stim pattern for pattern_name 2613
2026-02-01 19:13:56,656 - INFO - Building stim pattern for pattern_name 2932
2026-02-01 19:13:56,675 - INFO - Building stim pattern for pattern_name 149
2026-02-01 19:13:56,687 - INFO - Building stim pattern for pattern_name 3585
2026-02-01 19:13:56,698 - INFO - Building stim pattern for pattern_name 735
2026-02-01 19:13:56,718 - INFO - Building stim pattern for pattern_name 3554
2026-02-01 19:13:56,728 - INFO - Building stim pattern for pattern_name 2826
2026-02-01 19:13:56,747 - INFO - Building stim pattern for pattern_name 150
2026-02-01 19:13:56,758 - INFO - Building stim pattern for pattern_name 478
2026-02-01 19:13:56,776 - INFO - Building stim pattern for pattern_name 1111
2026-02-01 19:13:56,788 - INFO - Building stim pattern for pattern_name 843
2026-02-01 19:13:56,800 - INFO - Building stim pattern for pattern_name 26
2026-02-01 19:13:56,811 - INFO - Building stim pattern for pattern_name 1866
2026-02-01 19:13:56,823 - INFO - Building stim pattern for pattern_name 803
2026-02-01 19:13:56,837 - INFO - Building stim pattern for pattern_name 1431
2026-02-01 19:13:56,851 - INFO - Building stim pattern for pattern_name 201
2026-02-01 19:13:56,864 - INFO - Building stim pattern for pattern_name 254
2026-02-01 19:13:56,877 - INFO - Building stim pattern for pattern_name 2889
2026-02-01 19:13:56,889 - INFO - Building stim pattern for pattern_name 1672
2026-02-01 19:13:56,908 - INFO - Building stim pattern for pattern_name 2849
2026-02-01 19:13:56,921 - INFO - Building stim pattern for pattern_name 1166
2026-02-01 19:13:56,941 - INFO - Building stim pattern for pattern_name 2537
2026-02-01 19:13:56,953 - INFO - Building stim pattern for pattern_name 1945
2026-02-01 19:13:56,965 - INFO - Building stim pattern for pattern_name 1943
2026-02-01 19:13:56,979 - INFO - Building stim pattern for pattern_name 1638
2026-02-01 19:13:56,992 - INFO - Building stim pattern for pattern_name 1817
2026-02-01 19:13:57,005 - INFO - Building stim pattern for pattern_name 2414
2026-02-01 19:13:57,026 - INFO - Building stim pattern for pattern_name 1078
2026-02-01 19:13:57,037 - INFO - Building stim pattern for pattern_name 3099
2026-02-01 19:13:57,050 - INFO - Building stim pattern for pattern_name 3046
2026-02-01 19:13:57,062 - INFO - Building stim pattern for pattern_name 3700
2026-02-01 19:13:57,081 - INFO - Building stim pattern for pattern_name 3735
2026-02-01 19:13:57,092 - INFO - Building stim pattern for pattern_name 3754
2026-02-01 19:13:57,114 - INFO - Building stim pattern for pattern_name 894
2026-02-01 19:13:57,127 - INFO - Building stim pattern for pattern_name 221
2026-02-01 19:13:57,139 - INFO - Building stim pattern for pattern_name 3476
2026-02-01 19:13:57,152 - INFO - Building stim pattern for pattern_name 1045
2026-02-01 19:13:57,165 - INFO - Building stim pattern for pattern_name 2905
2026-02-01 19:13:57,178 - INFO - Building stim pattern for pattern_name 224
2026-02-01 19:13:57,190 - INFO - Building stim pattern for pattern_name 2464
2026-02-01 19:13:57,203 - INFO - Building stim pattern for pattern_name 3437
2026-02-01 19:13:57,215 - INFO - Building stim pattern for pattern_name 693
2026-02-01 19:13:57,229 - INFO - Building stim pattern for pattern_name 87
2026-02-01 19:13:57,242 - INFO - Building stim pattern for pattern_name 3325
2026-02-01 19:13:57,254 - INFO - Building stim pattern for pattern_name 1746
2026-02-01 19:13:57,266 - INFO - Building stim pattern for pattern_name 2928
2026-02-01 19:13:57,281 - INFO - Building stim pattern for pattern_name 739
2026-02-01 19:13:57,296 - INFO - Building stim pattern for pattern_name 2852
2026-02-01 19:13:57,308 - INFO - Building stim pattern for pattern_name 2525
2026-02-01 19:13:57,319 - INFO - Building stim pattern for pattern_name 855
2026-02-01 19:13:57,340 - INFO - Building stim pattern for pattern_name 3203
2026-02-01 19:13:57,353 - INFO - Building stim pattern for pattern_name 3128
2026-02-01 19:13:57,367 - INFO - Building stim pattern for pattern_name 2445
2026-02-01 19:13:57,396 - INFO - Building stim pattern for pattern_name 2251
2026-02-01 19:13:57,407 - INFO - Building stim pattern for pattern_name 200
2026-02-01 19:13:57,419 - INFO - Building stim pattern for pattern_name 1489
2026-02-01 19:13:57,441 - INFO - Building stim pattern for pattern_name 3486
2026-02-01 19:13:57,454 - INFO - Building stim pattern for pattern_name 1043
2026-02-01 19:13:57,468 - INFO - Building stim pattern for pattern_name 3391
2026-02-01 19:13:57,481 - INFO - Building stim pattern for pattern_name 2650
2026-02-01 19:13:57,501 - INFO - Building stim pattern for pattern_name 3304
2026-02-01 19:13:57,515 - INFO - Building stim pattern for pattern_name 3223
2026-02-01 19:13:57,530 - INFO - Building stim pattern for pattern_name 1864
2026-02-01 19:13:57,545 - INFO - Building stim pattern for pattern_name 347
2026-02-01 19:13:57,559 - INFO - Building stim pattern for pattern_name 1441
2026-02-01 19:13:57,572 - INFO - Building stim pattern for pattern_name 3619
2026-02-01 19:13:57,584 - INFO - Building stim pattern for pattern_name 1811
2026-02-01 19:13:57,605 - INFO - Building stim pattern for pattern_name 3586
2026-02-01 19:13:57,619 - INFO - Building stim pattern for pattern_name 558
2026-02-01 19:13:57,633 - INFO - Building stim pattern for pattern_name 2569
2026-02-01 19:13:57,673 - INFO - Building stim pattern for pattern_name 1053
2026-02-01 19:13:57,686 - INFO - Building stim pattern for pattern_name 3856
2026-02-01 19:13:57,696 - INFO - Building stim pattern for pattern_name 387
2026-02-01 19:13:57,711 - INFO - Building stim pattern for pattern_name 2564
2026-02-01 19:13:57,726 - INFO - Building stim pattern for pattern_name 3989
2026-02-01 19:13:57,740 - INFO - Building stim pattern for pattern_name 2997
2026-02-01 19:13:57,755 - INFO - Building stim pattern for pattern_name 754
2026-02-01 19:13:57,770 - INFO - Building stim pattern for pattern_name 3348
2026-02-01 19:13:57,808 - INFO - Building stim pattern for pattern_name 2609
2026-02-01 19:13:57,825 - INFO - Building stim pattern for pattern_name 284
2026-02-01 19:13:57,841 - INFO - Building stim pattern for pattern_name 3206
2026-02-01 19:13:57,865 - INFO - Building stim pattern for pattern_name 2266
2026-02-01 19:13:57,879 - INFO - Building stim pattern for pattern_name 2196
2026-02-01 19:13:57,978 - INFO - Building stim pattern for pattern_name 372
2026-02-01 19:13:58,023 - INFO - Building stim pattern for pattern_name 2581
2026-02-01 19:13:58,049 - INFO - Building stim pattern for pattern_name 3002
2026-02-01 19:13:58,063 - INFO - Building stim pattern for pattern_name 954
2026-02-01 19:13:58,078 - INFO - Building stim pattern for pattern_name 3906
2026-02-01 19:13:58,093 - INFO - Building stim pattern for pattern_name 2512
2026-02-01 19:13:58,115 - INFO - Building stim pattern for pattern_name 666
2026-02-01 19:13:58,129 - INFO - Building stim pattern for pattern_name 3387
2026-02-01 19:13:58,145 - INFO - Building stim pattern for pattern_name 2084
2026-02-01 19:13:58,174 - INFO - Building stim pattern for pattern_name 993
2026-02-01 19:13:58,190 - INFO - Building stim pattern for pattern_name 1307
2026-02-01 19:13:58,221 - INFO - Building stim pattern for pattern_name 575
2026-02-01 19:13:58,283 - INFO - Building stim pattern for pattern_name 48
2026-02-01 19:13:58,313 - INFO - Building stim pattern for pattern_name 3075
2026-02-01 19:13:58,336 - INFO - Building stim pattern for pattern_name 1376
2026-02-01 19:13:58,349 - INFO - Building stim pattern for pattern_name 1202
2026-02-01 19:13:58,373 - INFO - Building stim pattern for pattern_name 2448
2026-02-01 19:13:58,387 - INFO - Building stim pattern for pattern_name 2
2026-02-01 19:13:58,402 - INFO - Building stim pattern for pattern_name 801
2026-02-01 19:13:58,419 - INFO - Building stim pattern for pattern_name 1806
2026-02-01 19:13:58,434 - INFO - Building stim pattern for pattern_name 3064
2026-02-01 19:13:58,448 - INFO - Building stim pattern for pattern_name 1468
2026-02-01 19:13:58,461 - INFO - Building stim pattern for pattern_name 819
2026-02-01 19:13:58,473 - INFO - Building stim pattern for pattern_name 732
2026-02-01 19:13:58,497 - INFO - Building stim pattern for pattern_name 2942
2026-02-01 19:13:58,510 - INFO - Building stim pattern for pattern_name 1331
2026-02-01 19:13:58,533 - INFO - Building stim pattern for pattern_name 2749
2026-02-01 19:13:58,546 - INFO - Building stim pattern for pattern_name 2758
2026-02-01 19:13:58,561 - INFO - Building stim pattern for pattern_name 3621
2026-02-01 19:13:58,574 - INFO - Building stim pattern for pattern_name 2507
2026-02-01 19:13:58,588 - INFO - Building stim pattern for pattern_name 1551
2026-02-01 19:13:58,600 - INFO - Building stim pattern for pattern_name 1235
2026-02-01 19:13:58,621 - INFO - Building stim pattern for pattern_name 3945
2026-02-01 19:13:58,634 - INFO - Building stim pattern for pattern_name 1230
2026-02-01 19:13:58,647 - INFO - Building stim pattern for pattern_name 199
2026-02-01 19:13:58,661 - INFO - Building stim pattern for pattern_name 821
2026-02-01 19:13:58,677 - INFO - Building stim pattern for pattern_name 3762
2026-02-01 19:13:58,695 - INFO - Building stim pattern for pattern_name 3278
2026-02-01 19:13:58,713 - INFO - Building stim pattern for pattern_name 1921
2026-02-01 19:13:58,726 - INFO - Building stim pattern for pattern_name 630
2026-02-01 19:13:58,741 - INFO - Building stim pattern for pattern_name 756
2026-02-01 19:13:58,756 - INFO - Building stim pattern for pattern_name 142
2026-02-01 19:13:58,776 - INFO - Building stim pattern for pattern_name 430
2026-02-01 19:13:58,793 - INFO - Building stim pattern for pattern_name 628
2026-02-01 19:13:58,810 - INFO - Building stim pattern for pattern_name 550
2026-02-01 19:13:58,846 - INFO - Building stim pattern for pattern_name 1857
2026-02-01 19:13:58,876 - INFO - Building stim pattern for pattern_name 2723
2026-02-01 19:13:58,907 - INFO - Building stim pattern for pattern_name 1580
2026-02-01 19:13:58,946 - INFO - Building stim pattern for pattern_name 1465
2026-02-01 19:13:58,960 - INFO - Building stim pattern for pattern_name 3130
2026-02-01 19:13:58,974 - INFO - Building stim pattern for pattern_name 330
2026-02-01 19:13:58,988 - INFO - Building stim pattern for pattern_name 921
2026-02-01 19:13:59,001 - INFO - Building stim pattern for pattern_name 2755
2026-02-01 19:13:59,014 - INFO - Building stim pattern for pattern_name 3558
2026-02-01 19:13:59,026 - INFO - Building stim pattern for pattern_name 3534
2026-02-01 19:13:59,041 - INFO - Building stim pattern for pattern_name 1515
2026-02-01 19:13:59,064 - INFO - Building stim pattern for pattern_name 2404
2026-02-01 19:13:59,079 - INFO - Building stim pattern for pattern_name 1030
2026-02-01 19:13:59,096 - INFO - Building stim pattern for pattern_name 2393
2026-02-01 19:13:59,111 - INFO - Building stim pattern for pattern_name 2086
2026-02-01 19:13:59,137 - INFO - Building stim pattern for pattern_name 2297
2026-02-01 19:13:59,174 - INFO - Building stim pattern for pattern_name 3850
2026-02-01 19:13:59,198 - INFO - Building stim pattern for pattern_name 1343
2026-02-01 19:13:59,215 - INFO - Building stim pattern for pattern_name 2627
2026-02-01 19:13:59,231 - INFO - Building stim pattern for pattern_name 2535
2026-02-01 19:13:59,254 - INFO - Building stim pattern for pattern_name 2370
2026-02-01 19:13:59,276 - INFO - Building stim pattern for pattern_name 1894
2026-02-01 19:13:59,296 - INFO - Building stim pattern for pattern_name 1355
2026-02-01 19:13:59,309 - INFO - Building stim pattern for pattern_name 2316
2026-02-01 19:13:59,322 - INFO - Building stim pattern for pattern_name 2655
2026-02-01 19:13:59,338 - INFO - Building stim pattern for pattern_name 1295
2026-02-01 19:13:59,352 - INFO - Building stim pattern for pattern_name 2521
2026-02-01 19:13:59,365 - INFO - Building stim pattern for pattern_name 3618
2026-02-01 19:13:59,376 - INFO - Building stim pattern for pattern_name 2023
2026-02-01 19:13:59,388 - INFO - Building stim pattern for pattern_name 1497
2026-02-01 19:13:59,407 - INFO - Building stim pattern for pattern_name 2735
2026-02-01 19:13:59,427 - INFO - Building stim pattern for pattern_name 1645
2026-02-01 19:13:59,439 - INFO - Building stim pattern for pattern_name 3407
2026-02-01 19:13:59,449 - INFO - Building stim pattern for pattern_name 2401
2026-02-01 19:13:59,462 - INFO - Building stim pattern for pattern_name 1745
2026-02-01 19:13:59,486 - INFO - Building stim pattern for pattern_name 3192
2026-02-01 19:13:59,503 - INFO - Building stim pattern for pattern_name 1585
2026-02-01 19:13:59,517 - INFO - Building stim pattern for pattern_name 1300
2026-02-01 19:13:59,529 - INFO - Building stim pattern for pattern_name 3246
2026-02-01 19:13:59,579 - INFO - Building stim pattern for pattern_name 1121
2026-02-01 19:13:59,655 - INFO - Building stim pattern for pattern_name 1399
2026-02-01 19:13:59,701 - INFO - Building stim pattern for pattern_name 2147
2026-02-01 19:13:59,716 - INFO - Building stim pattern for pattern_name 3086
2026-02-01 19:13:59,732 - INFO - Building stim pattern for pattern_name 1237
2026-02-01 19:13:59,746 - INFO - Building stim pattern for pattern_name 51
2026-02-01 19:13:59,759 - INFO - Building stim pattern for pattern_name 749
2026-02-01 19:13:59,781 - INFO - Building stim pattern for pattern_name 520
2026-02-01 19:13:59,792 - INFO - Building stim pattern for pattern_name 1201
2026-02-01 19:13:59,805 - INFO - Building stim pattern for pattern_name 35
2026-02-01 19:13:59,819 - INFO - Building stim pattern for pattern_name 3069
2026-02-01 19:13:59,833 - INFO - Building stim pattern for pattern_name 2040
2026-02-01 19:13:59,847 - INFO - Building stim pattern for pattern_name 2719
2026-02-01 19:13:59,860 - INFO - Building stim pattern for pattern_name 3833
2026-02-01 19:13:59,873 - INFO - Building stim pattern for pattern_name 1722
2026-02-01 19:13:59,893 - INFO - Building stim pattern for pattern_name 2593
2026-02-01 19:13:59,914 - INFO - Building stim pattern for pattern_name 1329
2026-02-01 19:13:59,927 - INFO - Building stim pattern for pattern_name 2382
2026-02-01 19:13:59,939 - INFO - Building stim pattern for pattern_name 1603
2026-02-01 19:13:59,952 - INFO - Building stim pattern for pattern_name 1064
2026-02-01 19:13:59,965 - INFO - Building stim pattern for pattern_name 286
2026-02-01 19:13:59,977 - INFO - Building stim pattern for pattern_name 1918
2026-02-01 19:13:59,988 - INFO - Building stim pattern for pattern_name 568
2026-02-01 19:14:00,002 - INFO - Building stim pattern for pattern_name 243
2026-02-01 19:14:00,018 - INFO - Building stim pattern for pattern_name 2785
2026-02-01 19:14:00,040 - INFO - Building stim pattern for pattern_name 3063
2026-02-01 19:14:00,057 - INFO - Building stim pattern for pattern_name 3097
2026-02-01 19:14:00,070 - INFO - Building stim pattern for pattern_name 1843
2026-02-01 19:14:00,092 - INFO - Building stim pattern for pattern_name 3383
2026-02-01 19:14:00,108 - INFO - Building stim pattern for pattern_name 491
2026-02-01 19:14:00,123 - INFO - Building stim pattern for pattern_name 1752
2026-02-01 19:14:00,140 - INFO - Building stim pattern for pattern_name 2306
2026-02-01 19:14:00,156 - INFO - Building stim pattern for pattern_name 2030
2026-02-01 19:14:00,180 - INFO - Building stim pattern for pattern_name 2368
2026-02-01 19:14:00,193 - INFO - Building stim pattern for pattern_name 2753
2026-02-01 19:14:00,213 - INFO - Building stim pattern for pattern_name 2479
2026-02-01 19:14:00,226 - INFO - Building stim pattern for pattern_name 2782
2026-02-01 19:14:00,238 - INFO - Building stim pattern for pattern_name 553
2026-02-01 19:14:00,251 - INFO - Building stim pattern for pattern_name 2205
2026-02-01 19:14:00,266 - INFO - Building stim pattern for pattern_name 949
2026-02-01 19:14:00,297 - INFO - Building stim pattern for pattern_name 2858
2026-02-01 19:14:00,311 - INFO - Building stim pattern for pattern_name 3108
2026-02-01 19:14:00,324 - INFO - Building stim pattern for pattern_name 3347
2026-02-01 19:14:00,337 - INFO - Building stim pattern for pattern_name 275
2026-02-01 19:14:00,349 - INFO - Building stim pattern for pattern_name 1711
2026-02-01 19:14:00,363 - INFO - Building stim pattern for pattern_name 2955
2026-02-01 19:14:00,376 - INFO - Building stim pattern for pattern_name 1996
2026-02-01 19:14:00,388 - INFO - Building stim pattern for pattern_name 3289
2026-02-01 19:14:00,409 - INFO - Building stim pattern for pattern_name 3456
2026-02-01 19:14:00,422 - INFO - Building stim pattern for pattern_name 1221
2026-02-01 19:14:00,434 - INFO - Building stim pattern for pattern_name 3897
2026-02-01 19:14:00,445 - INFO - Building stim pattern for pattern_name 3524
2026-02-01 19:14:00,458 - INFO - Building stim pattern for pattern_name 3949
2026-02-01 19:14:00,470 - INFO - Building stim pattern for pattern_name 3397
2026-02-01 19:14:00,482 - INFO - Building stim pattern for pattern_name 28
2026-02-01 19:14:00,495 - INFO - Building stim pattern for pattern_name 3857
2026-02-01 19:14:00,519 - INFO - Building stim pattern for pattern_name 2421
2026-02-01 19:14:00,538 - INFO - Building stim pattern for pattern_name 2881
2026-02-01 19:14:00,551 - INFO - Building stim pattern for pattern_name 3238
2026-02-01 19:14:00,563 - INFO - Building stim pattern for pattern_name 1537
2026-02-01 19:14:00,601 - INFO - Building stim pattern for pattern_name 2177
2026-02-01 19:14:00,612 - INFO - Building stim pattern for pattern_name 893
2026-02-01 19:14:00,632 - INFO - Building stim pattern for pattern_name 711
2026-02-01 19:14:00,643 - INFO - Building stim pattern for pattern_name 3898
2026-02-01 19:14:00,655 - INFO - Building stim pattern for pattern_name 3701
2026-02-01 19:14:00,668 - INFO - Building stim pattern for pattern_name 130
2026-02-01 19:14:00,681 - INFO - Building stim pattern for pattern_name 217
2026-02-01 19:14:00,693 - INFO - Building stim pattern for pattern_name 3480
2026-02-01 19:14:00,706 - INFO - Building stim pattern for pattern_name 3432
2026-02-01 19:14:00,719 - INFO - Building stim pattern for pattern_name 1347
2026-02-01 19:14:00,734 - INFO - Building stim pattern for pattern_name 12
2026-02-01 19:14:00,747 - INFO - Building stim pattern for pattern_name 2699
2026-02-01 19:14:00,761 - INFO - Building stim pattern for pattern_name 427
2026-02-01 19:14:00,773 - INFO - Building stim pattern for pattern_name 3261
2026-02-01 19:14:00,786 - INFO - Building stim pattern for pattern_name 3368
2026-02-01 19:14:00,799 - INFO - Building stim pattern for pattern_name 1747
2026-02-01 19:14:00,818 - INFO - Building stim pattern for pattern_name 3665
2026-02-01 19:14:00,841 - INFO - Building stim pattern for pattern_name 343
2026-02-01 19:14:00,862 - INFO - Building stim pattern for pattern_name 3113
2026-02-01 19:14:00,880 - INFO - Building stim pattern for pattern_name 2501
2026-02-01 19:14:01,023 - INFO - Building stim pattern for pattern_name 3040
2026-02-01 19:14:01,095 - INFO - Building stim pattern for pattern_name 133
2026-02-01 19:14:01,128 - INFO - Building stim pattern for pattern_name 3696
2026-02-01 19:14:01,143 - INFO - Building stim pattern for pattern_name 3577
2026-02-01 19:14:01,159 - INFO - Building stim pattern for pattern_name 3334
2026-02-01 19:14:01,175 - INFO - Building stim pattern for pattern_name 1707
2026-02-01 19:14:01,190 - INFO - Building stim pattern for pattern_name 293
2026-02-01 19:14:01,203 - INFO - Building stim pattern for pattern_name 2492
2026-02-01 19:14:01,216 - INFO - Building stim pattern for pattern_name 8
2026-02-01 19:14:01,228 - INFO - Building stim pattern for pattern_name 2036
2026-02-01 19:14:01,251 - INFO - Building stim pattern for pattern_name 3442
2026-02-01 19:14:01,265 - INFO - Building stim pattern for pattern_name 2273
2026-02-01 19:14:01,291 - INFO - Building stim pattern for pattern_name 3435
2026-02-01 19:14:01,310 - INFO - Building stim pattern for pattern_name 3556
2026-02-01 19:14:01,322 - INFO - Building stim pattern for pattern_name 3306
2026-02-01 19:14:01,334 - INFO - Building stim pattern for pattern_name 808
2026-02-01 19:14:01,345 - INFO - Building stim pattern for pattern_name 80
2026-02-01 19:14:01,372 - INFO - Building stim pattern for pattern_name 3410
2026-02-01 19:14:01,385 - INFO - Building stim pattern for pattern_name 650
2026-02-01 19:14:01,397 - INFO - Building stim pattern for pattern_name 2743
2026-02-01 19:14:01,410 - INFO - Building stim pattern for pattern_name 3265
2026-02-01 19:14:01,431 - INFO - Building stim pattern for pattern_name 3357
2026-02-01 19:14:01,444 - INFO - Building stim pattern for pattern_name 266
2026-02-01 19:14:01,458 - INFO - Building stim pattern for pattern_name 684
2026-02-01 19:14:01,477 - INFO - Building stim pattern for pattern_name 1256
2026-02-01 19:14:01,490 - INFO - Building stim pattern for pattern_name 854
2026-02-01 19:14:01,502 - INFO - Building stim pattern for pattern_name 2620
2026-02-01 19:14:01,514 - INFO - Building stim pattern for pattern_name 2764
2026-02-01 19:14:01,534 - INFO - Building stim pattern for pattern_name 677
2026-02-01 19:14:01,554 - INFO - Building stim pattern for pattern_name 2845
2026-02-01 19:14:01,570 - INFO - Building stim pattern for pattern_name 2771
2026-02-01 19:14:01,584 - INFO - Building stim pattern for pattern_name 1560
2026-02-01 19:14:01,598 - INFO - Building stim pattern for pattern_name 1608
2026-02-01 19:14:01,623 - INFO - Building stim pattern for pattern_name 441
2026-02-01 19:14:01,642 - INFO - Building stim pattern for pattern_name 1044
2026-02-01 19:14:01,661 - INFO - Building stim pattern for pattern_name 2406
2026-02-01 19:14:01,677 - INFO - Building stim pattern for pattern_name 1490
2026-02-01 19:14:01,694 - INFO - Building stim pattern for pattern_name 56
2026-02-01 19:14:01,708 - INFO - Building stim pattern for pattern_name 2580
2026-02-01 19:14:01,720 - INFO - Building stim pattern for pattern_name 69
2026-02-01 19:14:01,733 - INFO - Building stim pattern for pattern_name 3277
2026-02-01 19:14:01,752 - INFO - Building stim pattern for pattern_name 3645
2026-02-01 19:14:01,773 - INFO - Building stim pattern for pattern_name 2604
2026-02-01 19:14:01,787 - INFO - Building stim pattern for pattern_name 301
2026-02-01 19:14:01,800 - INFO - Building stim pattern for pattern_name 1643
2026-02-01 19:14:01,812 - INFO - Building stim pattern for pattern_name 3650
2026-02-01 19:14:01,823 - INFO - Building stim pattern for pattern_name 2261
2026-02-01 19:14:01,836 - INFO - Building stim pattern for pattern_name 2963
2026-02-01 19:14:01,848 - INFO - Building stim pattern for pattern_name 1
2026-02-01 19:14:01,861 - INFO - Building stim pattern for pattern_name 3033
2026-02-01 19:14:01,874 - INFO - Building stim pattern for pattern_name 499
2026-02-01 19:14:01,887 - INFO - Building stim pattern for pattern_name 3759
2026-02-01 19:14:01,902 - INFO - Building stim pattern for pattern_name 2469
2026-02-01 19:14:01,914 - INFO - Building stim pattern for pattern_name 1352
2026-02-01 19:14:01,926 - INFO - Building stim pattern for pattern_name 1891
2026-02-01 19:14:01,938 - INFO - Building stim pattern for pattern_name 3422
2026-02-01 19:14:01,951 - INFO - Building stim pattern for pattern_name 94
2026-02-01 19:14:01,964 - INFO - Building stim pattern for pattern_name 3445
2026-02-01 19:14:01,980 - INFO - Building stim pattern for pattern_name 103
2026-02-01 19:14:02,001 - INFO - Building stim pattern for pattern_name 2803
2026-02-01 19:14:02,016 - INFO - Building stim pattern for pattern_name 1742
2026-02-01 19:14:02,040 - INFO - Building stim pattern for pattern_name 2532
2026-02-01 19:14:02,061 - INFO - Building stim pattern for pattern_name 276
2026-02-01 19:14:02,087 - INFO - Building stim pattern for pattern_name 758
2026-02-01 19:14:02,103 - INFO - Building stim pattern for pattern_name 62
2026-02-01 19:14:02,129 - INFO - Building stim pattern for pattern_name 2748
2026-02-01 19:14:02,141 - INFO - Building stim pattern for pattern_name 2936
2026-02-01 19:14:02,155 - INFO - Building stim pattern for pattern_name 785
2026-02-01 19:14:02,182 - INFO - Building stim pattern for pattern_name 1750
2026-02-01 19:14:02,199 - INFO - Building stim pattern for pattern_name 3137
2026-02-01 19:14:02,214 - INFO - Building stim pattern for pattern_name 1793
2026-02-01 19:14:02,229 - INFO - Building stim pattern for pattern_name 3433
2026-02-01 19:14:02,243 - INFO - Building stim pattern for pattern_name 2991
2026-02-01 19:14:02,258 - INFO - Building stim pattern for pattern_name 3411
2026-02-01 19:14:02,273 - INFO - Building stim pattern for pattern_name 1833
2026-02-01 19:14:02,289 - INFO - Building stim pattern for pattern_name 2911
2026-02-01 19:14:02,319 - INFO - Building stim pattern for pattern_name 747
2026-02-01 19:14:02,333 - INFO - Building stim pattern for pattern_name 222
2026-02-01 19:14:02,346 - INFO - Building stim pattern for pattern_name 1074
2026-02-01 19:14:02,438 - INFO - Building stim pattern for pattern_name 3806
2026-02-01 19:14:02,470 - INFO - Building stim pattern for pattern_name 2890
2026-02-01 19:14:02,486 - INFO - Building stim pattern for pattern_name 911
2026-02-01 19:14:02,500 - INFO - Building stim pattern for pattern_name 1825
2026-02-01 19:14:02,513 - INFO - Building stim pattern for pattern_name 3457
2026-02-01 19:14:02,528 - INFO - Building stim pattern for pattern_name 214
2026-02-01 19:14:02,542 - INFO - Building stim pattern for pattern_name 3925
2026-02-01 19:14:02,556 - INFO - Building stim pattern for pattern_name 3496
2026-02-01 19:14:02,570 - INFO - Building stim pattern for pattern_name 762
2026-02-01 19:14:02,585 - INFO - Building stim pattern for pattern_name 1198
2026-02-01 19:14:02,602 - INFO - Building stim pattern for pattern_name 2498
2026-02-01 19:14:02,620 - INFO - Building stim pattern for pattern_name 1480
2026-02-01 19:14:02,633 - INFO - Building stim pattern for pattern_name 3744
2026-02-01 19:14:02,658 - INFO - Building stim pattern for pattern_name 3995
2026-02-01 19:14:02,671 - INFO - Building stim pattern for pattern_name 3146
2026-02-01 19:14:02,683 - INFO - Building stim pattern for pattern_name 3466
2026-02-01 19:14:02,698 - INFO - Building stim pattern for pattern_name 649
2026-02-01 19:14:02,715 - INFO - Building stim pattern for pattern_name 3286
2026-02-01 19:14:02,734 - INFO - Building stim pattern for pattern_name 111
2026-02-01 19:14:02,764 - INFO - Building stim pattern for pattern_name 1033
2026-02-01 19:14:02,783 - INFO - Building stim pattern for pattern_name 1236
