best_val_loss,best_val_corr,best_epoch,test_loss,test_corr,n_params,n_train,n_val,n_test,n_epochs_run,train_seconds,device,seed,wall_time_s,gpu_id,hostname,run_id,status,config_id,experiment
0.23683441340923309,0.14524666323013594,50,0.24462243103981018,0.10566490686436723,731208,2400,600,1000,50,7.4,cuda,0,119.3,0,user-Puget-Workstation-Threadripper-PRO-WRX90-T140-XL,trial_0000_lr=1.0e-04_weight_decay=0.0e+00_kernel_sizes=10x7_conv_channels=256x256_fc_dims=512_seed0,completed,04be717877,trial_0000_lr=1.0e-04_weight_decay=0.0e+00_kernel_sizes=10x7_conv_channels=256x256_fc_dims=512_seed0
0.23735102434953054,0.1444145310180667,49,0.2443856348991394,0.10132908466149677,731208,2400,600,1000,50,7.3,cuda,1,119.5,1,user-Puget-Workstation-Threadripper-PRO-WRX90-T140-XL,trial_0000_lr=1.0e-04_weight_decay=0.0e+00_kernel_sizes=10x7_conv_channels=256x256_fc_dims=512_seed1,completed,04be717877,trial_0000_lr=1.0e-04_weight_decay=0.0e+00_kernel_sizes=10x7_conv_channels=256x256_fc_dims=512_seed1
0.23770716806252798,0.14400078835816463,49,0.2447825847864151,0.10357083088512034,731208,2400,600,1000,50,6.5,cuda,2,7.4,0,user-Puget-Workstation-Threadripper-PRO-WRX90-T140-XL,trial_0000_lr=1.0e-04_weight_decay=0.0e+00_kernel_sizes=10x7_conv_channels=256x256_fc_dims=512_seed2,completed,04be717877,trial_0000_lr=1.0e-04_weight_decay=0.0e+00_kernel_sizes=10x7_conv_channels=256x256_fc_dims=512_seed2
0.2389816027879715,0.14810033768269465,50,0.24449293303489686,0.10407548725830296,731208,2400,600,1000,50,6.5,cuda,3,7.3,1,user-Puget-Workstation-Threadripper-PRO-WRX90-T140-XL,trial_0000_lr=1.0e-04_weight_decay=0.0e+00_kernel_sizes=10x7_conv_channels=256x256_fc_dims=512_seed3,completed,04be717877,trial_0000_lr=1.0e-04_weight_decay=0.0e+00_kernel_sizes=10x7_conv_channels=256x256_fc_dims=512_seed3
0.23855711321036022,0.1458950268126237,50,0.2448427642583847,0.10342984759582365,731208,2400,600,1000,50,6.5,cuda,4,7.3,0,user-Puget-Workstation-Threadripper-PRO-WRX90-T140-XL,trial_0000_lr=1.0e-04_weight_decay=0.0e+00_kernel_sizes=10x7_conv_channels=256x256_fc_dims=512_seed4,completed,04be717877,trial_0000_lr=1.0e-04_weight_decay=0.0e+00_kernel_sizes=10x7_conv_channels=256x256_fc_dims=512_seed4
0.24011520187060037,0.1433133849059094,50,0.2448036425113678,0.1020967853850858,731208,2400,600,1000,50,6.5,cuda,5,7.3,1,user-Puget-Workstation-Threadripper-PRO-WRX90-T140-XL,trial_0000_lr=1.0e-04_weight_decay=0.0e+00_kernel_sizes=10x7_conv_channels=256x256_fc_dims=512_seed5,completed,04be717877,trial_0000_lr=1.0e-04_weight_decay=0.0e+00_kernel_sizes=10x7_conv_channels=256x256_fc_dims=512_seed5
0.23882604916890462,0.14555268284471148,49,0.24416814827919006,0.10336102671985356,731208,2400,600,1000,50,6.4,cuda,6,7.2,0,user-Puget-Workstation-Threadripper-PRO-WRX90-T140-XL,trial_0000_lr=1.0e-04_weight_decay=0.0e+00_kernel_sizes=10x7_conv_channels=256x256_fc_dims=512_seed6,completed,04be717877,trial_0000_lr=1.0e-04_weight_decay=0.0e+00_kernel_sizes=10x7_conv_channels=256x256_fc_dims=512_seed6
0.23929810663064321,0.14652976489708383,50,0.24472877979278565,0.10186567828036722,731208,2400,600,1000,50,6.6,cuda,7,7.3,1,user-Puget-Workstation-Threadripper-PRO-WRX90-T140-XL,trial_0000_lr=1.0e-04_weight_decay=0.0e+00_kernel_sizes=10x7_conv_channels=256x256_fc_dims=512_seed7,completed,04be717877,trial_0000_lr=1.0e-04_weight_decay=0.0e+00_kernel_sizes=10x7_conv_channels=256x256_fc_dims=512_seed7
0.240325146317482,0.14226530368710166,50,0.24530410647392273,0.10144614078083809,731208,2400,600,1000,50,6.3,cuda,8,7.1,0,user-Puget-Workstation-Threadripper-PRO-WRX90-T140-XL,trial_0000_lr=1.0e-04_weight_decay=0.0e+00_kernel_sizes=10x7_conv_channels=256x256_fc_dims=512_seed8,completed,04be717877,trial_0000_lr=1.0e-04_weight_decay=0.0e+00_kernel_sizes=10x7_conv_channels=256x256_fc_dims=512_seed8
0.23737760563691457,0.1413263328922217,50,0.24431522846221923,0.10305098942939554,731208,2400,600,1000,50,6.6,cuda,9,7.4,1,user-Puget-Workstation-Threadripper-PRO-WRX90-T140-XL,trial_0000_lr=1.0e-04_weight_decay=0.0e+00_kernel_sizes=10x7_conv_channels=256x256_fc_dims=512_seed9,completed,04be717877,trial_0000_lr=1.0e-04_weight_decay=0.0e+00_kernel_sizes=10x7_conv_channels=256x256_fc_dims=512_seed9
0.23599893709023795,0.14837849617239346,49,0.2440058673620224,0.10793353083120161,731208,2400,600,1000,50,6.5,cuda,0,7.3,0,user-Puget-Workstation-Threadripper-PRO-WRX90-T140-XL,trial_0001_lr=1.0e-04_weight_decay=1.0e-04_kernel_sizes=10x7_conv_channels=256x256_fc_dims=512_seed0,completed,ce937a46b6,trial_0001_lr=1.0e-04_weight_decay=1.0e-04_kernel_sizes=10x7_conv_channels=256x256_fc_dims=512_seed0
0.2365700227022171,0.14853984935488942,49,0.2438872811794281,0.1042798064477815,731208,2400,600,1000,50,6.8,cuda,1,7.6,1,user-Puget-Workstation-Threadripper-PRO-WRX90-T140-XL,trial_0001_lr=1.0e-04_weight_decay=1.0e-04_kernel_sizes=10x7_conv_channels=256x256_fc_dims=512_seed1,completed,ce937a46b6,trial_0001_lr=1.0e-04_weight_decay=1.0e-04_kernel_sizes=10x7_conv_channels=256x256_fc_dims=512_seed1
0.2369382107257843,0.14820027417995346,49,0.24431709623336792,0.10626307640573157,731208,2400,600,1000,50,6.7,cuda,2,7.5,0,user-Puget-Workstation-Threadripper-PRO-WRX90-T140-XL,trial_0001_lr=1.0e-04_weight_decay=1.0e-04_kernel_sizes=10x7_conv_channels=256x256_fc_dims=512_seed2,completed,ce937a46b6,trial_0001_lr=1.0e-04_weight_decay=1.0e-04_kernel_sizes=10x7_conv_channels=256x256_fc_dims=512_seed2
0.2380768616994222,0.15249442153602089,50,0.2439272587299347,0.10685817122522652,731208,2400,600,1000,50,6.7,cuda,3,7.6,1,user-Puget-Workstation-Threadripper-PRO-WRX90-T140-XL,trial_0001_lr=1.0e-04_weight_decay=1.0e-04_kernel_sizes=10x7_conv_channels=256x256_fc_dims=512_seed3,completed,ce937a46b6,trial_0001_lr=1.0e-04_weight_decay=1.0e-04_kernel_sizes=10x7_conv_channels=256x256_fc_dims=512_seed3
0.23778773446877796,0.14880164153565667,49,0.24430560410022736,0.10543685424436638,731208,2400,600,1000,50,6.5,cuda,4,7.4,0,user-Puget-Workstation-Threadripper-PRO-WRX90-T140-XL,trial_0001_lr=1.0e-04_weight_decay=1.0e-04_kernel_sizes=10x7_conv_channels=256x256_fc_dims=512_seed4,completed,ce937a46b6,trial_0001_lr=1.0e-04_weight_decay=1.0e-04_kernel_sizes=10x7_conv_channels=256x256_fc_dims=512_seed4
0.23911950449148814,0.14747198627274435,50,0.2441155798435211,0.10489848894968004,731208,2400,600,1000,50,6.7,cuda,5,7.5,1,user-Puget-Workstation-Threadripper-PRO-WRX90-T140-XL,trial_0001_lr=1.0e-04_weight_decay=1.0e-04_kernel_sizes=10x7_conv_channels=256x256_fc_dims=512_seed5,completed,ce937a46b6,trial_0001_lr=1.0e-04_weight_decay=1.0e-04_kernel_sizes=10x7_conv_channels=256x256_fc_dims=512_seed5
0.23806061645348867,0.1494755296322411,49,0.2436849625110626,0.10603493626419959,731208,2400,600,1000,50,6.5,cuda,6,7.3,0,user-Puget-Workstation-Threadripper-PRO-WRX90-T140-XL,trial_0001_lr=1.0e-04_weight_decay=1.0e-04_kernel_sizes=10x7_conv_channels=256x256_fc_dims=512_seed6,completed,ce937a46b6,trial_0001_lr=1.0e-04_weight_decay=1.0e-04_kernel_sizes=10x7_conv_channels=256x256_fc_dims=512_seed6
0.23843525211016336,0.15099126125164733,50,0.24417410409450532,0.10494680013529563,731208,2400,600,1000,50,6.5,cuda,7,7.3,1,user-Puget-Workstation-Threadripper-PRO-WRX90-T140-XL,trial_0001_lr=1.0e-04_weight_decay=1.0e-04_kernel_sizes=10x7_conv_channels=256x256_fc_dims=512_seed7,completed,ce937a46b6,trial_0001_lr=1.0e-04_weight_decay=1.0e-04_kernel_sizes=10x7_conv_channels=256x256_fc_dims=512_seed7
0.23966508388519286,0.1462629988747931,50,0.24489884293079375,0.10428961437971401,731208,2400,600,1000,50,6.6,cuda,8,7.5,0,user-Puget-Workstation-Threadripper-PRO-WRX90-T140-XL,trial_0001_lr=1.0e-04_weight_decay=1.0e-04_kernel_sizes=10x7_conv_channels=256x256_fc_dims=512_seed8,completed,ce937a46b6,trial_0001_lr=1.0e-04_weight_decay=1.0e-04_kernel_sizes=10x7_conv_channels=256x256_fc_dims=512_seed8
0.236572615702947,0.14566452955997772,50,0.24379935204982758,0.10600759845162785,731208,2400,600,1000,50,6.6,cuda,9,7.5,1,user-Puget-Workstation-Threadripper-PRO-WRX90-T140-XL,trial_0001_lr=1.0e-04_weight_decay=1.0e-04_kernel_sizes=10x7_conv_channels=256x256_fc_dims=512_seed9,completed,ce937a46b6,trial_0001_lr=1.0e-04_weight_decay=1.0e-04_kernel_sizes=10x7_conv_channels=256x256_fc_dims=512_seed9
0.24529688715934753,0.07611059894221692,3,0.25033428061008456,0.059857628605405194,731208,2400,600,1000,6,1.3,cuda,0,2.1,0,user-Puget-Workstation-Threadripper-PRO-WRX90-T140-XL,trial_0002_lr=1.0e-03_weight_decay=0.0e+00_kernel_sizes=10x7_conv_channels=256x256_fc_dims=512_seed0,completed,1668c13fc3,trial_0002_lr=1.0e-03_weight_decay=0.0e+00_kernel_sizes=10x7_conv_channels=256x256_fc_dims=512_seed0
0.24648630460103352,0.07639151066330405,3,0.25109669041633603,0.05521904887362021,731208,2400,600,1000,6,1.3,cuda,1,2.1,1,user-Puget-Workstation-Threadripper-PRO-WRX90-T140-XL,trial_0002_lr=1.0e-03_weight_decay=0.0e+00_kernel_sizes=10x7_conv_channels=256x256_fc_dims=512_seed1,completed,1668c13fc3,trial_0002_lr=1.0e-03_weight_decay=0.0e+00_kernel_sizes=10x7_conv_channels=256x256_fc_dims=512_seed1
0.24656478305657706,0.07459655912516938,3,0.25086986112594606,0.056699898282344285,731208,2400,600,1000,6,1.3,cuda,2,2.1,0,user-Puget-Workstation-Threadripper-PRO-WRX90-T140-XL,trial_0002_lr=1.0e-03_weight_decay=0.0e+00_kernel_sizes=10x7_conv_channels=256x256_fc_dims=512_seed2,completed,1668c13fc3,trial_0002_lr=1.0e-03_weight_decay=0.0e+00_kernel_sizes=10x7_conv_channels=256x256_fc_dims=512_seed2
0.24838457067807515,0.07345768641436859,3,0.2511885063648224,0.05604258401877174,731208,2400,600,1000,6,1.3,cuda,3,2.1,1,user-Puget-Workstation-Threadripper-PRO-WRX90-T140-XL,trial_0002_lr=1.0e-03_weight_decay=0.0e+00_kernel_sizes=10x7_conv_channels=256x256_fc_dims=512_seed3,completed,1668c13fc3,trial_0002_lr=1.0e-03_weight_decay=0.0e+00_kernel_sizes=10x7_conv_channels=256x256_fc_dims=512_seed3
0.24753138105074565,0.07614052932764498,3,0.25193410396575927,0.054692294229431684,731208,2400,600,1000,6,1.3,cuda,4,2.1,0,user-Puget-Workstation-Threadripper-PRO-WRX90-T140-XL,trial_0002_lr=1.0e-03_weight_decay=0.0e+00_kernel_sizes=10x7_conv_channels=256x256_fc_dims=512_seed4,completed,1668c13fc3,trial_0002_lr=1.0e-03_weight_decay=0.0e+00_kernel_sizes=10x7_conv_channels=256x256_fc_dims=512_seed4
0.21381795406341553,0.26546885770231504,50,0.231569228887558,0.19008891654169918,731208,2400,600,1000,50,6.6,cuda,5,7.4,1,user-Puget-Workstation-Threadripper-PRO-WRX90-T140-XL,trial_0002_lr=1.0e-03_weight_decay=0.0e+00_kernel_sizes=10x7_conv_channels=256x256_fc_dims=512_seed5,completed,1668c13fc3,trial_0002_lr=1.0e-03_weight_decay=0.0e+00_kernel_sizes=10x7_conv_channels=256x256_fc_dims=512_seed5
0.2134078355630239,0.26777400076599983,50,0.2316390737295151,0.19138979662632022,731208,2400,600,1000,50,6.5,cuda,6,7.4,0,user-Puget-Workstation-Threadripper-PRO-WRX90-T140-XL,trial_0002_lr=1.0e-03_weight_decay=0.0e+00_kernel_sizes=10x7_conv_channels=256x256_fc_dims=512_seed6,completed,1668c13fc3,trial_0002_lr=1.0e-03_weight_decay=0.0e+00_kernel_sizes=10x7_conv_channels=256x256_fc_dims=512_seed6
0.21251908600330352,0.2716114662659729,50,0.23096696388721466,0.19314117476628367,731208,2400,600,1000,50,6.7,cuda,7,7.6,1,user-Puget-Workstation-Threadripper-PRO-WRX90-T140-XL,trial_0002_lr=1.0e-03_weight_decay=0.0e+00_kernel_sizes=10x7_conv_channels=256x256_fc_dims=512_seed7,completed,1668c13fc3,trial_0002_lr=1.0e-03_weight_decay=0.0e+00_kernel_sizes=10x7_conv_channels=256x256_fc_dims=512_seed7
0.21434966047604878,0.26137094894259755,50,0.23181296992301942,0.18874272265748127,731208,2400,600,1000,50,6.5,cuda,8,7.3,0,user-Puget-Workstation-Threadripper-PRO-WRX90-T140-XL,trial_0002_lr=1.0e-03_weight_decay=0.0e+00_kernel_sizes=10x7_conv_channels=256x256_fc_dims=512_seed8,completed,1668c13fc3,trial_0002_lr=1.0e-03_weight_decay=0.0e+00_kernel_sizes=10x7_conv_channels=256x256_fc_dims=512_seed8
0.2460368452469508,0.07450245978757632,3,0.2511985082626343,0.055144641529857694,731208,2400,600,1000,6,1.3,cuda,9,2.1,1,user-Puget-Workstation-Threadripper-PRO-WRX90-T140-XL,trial_0002_lr=1.0e-03_weight_decay=0.0e+00_kernel_sizes=10x7_conv_channels=256x256_fc_dims=512_seed9,completed,1668c13fc3,trial_0002_lr=1.0e-03_weight_decay=0.0e+00_kernel_sizes=10x7_conv_channels=256x256_fc_dims=512_seed9
0.2453389052549998,0.0766333649897227,3,0.25023291516304014,0.05979523313146683,731208,2400,600,1000,6,1.3,cuda,0,2.1,0,user-Puget-Workstation-Threadripper-PRO-WRX90-T140-XL,trial_0003_lr=1.0e-03_weight_decay=1.0e-04_kernel_sizes=10x7_conv_channels=256x256_fc_dims=512_seed0,completed,f68b5f8588,trial_0003_lr=1.0e-03_weight_decay=1.0e-04_kernel_sizes=10x7_conv_channels=256x256_fc_dims=512_seed0
0.2069097868601481,0.2862601994729776,50,0.22909447705745697,0.20432726137152632,731208,2400,600,1000,50,6.6,cuda,1,7.5,1,user-Puget-Workstation-Threadripper-PRO-WRX90-T140-XL,trial_0003_lr=1.0e-03_weight_decay=1.0e-04_kernel_sizes=10x7_conv_channels=256x256_fc_dims=512_seed1,completed,f68b5f8588,trial_0003_lr=1.0e-03_weight_decay=1.0e-04_kernel_sizes=10x7_conv_channels=256x256_fc_dims=512_seed1
0.20673103054364522,0.2852466338459098,50,0.22938711726665498,0.20476770397866165,731208,2400,600,1000,50,6.4,cuda,2,7.2,0,user-Puget-Workstation-Threadripper-PRO-WRX90-T140-XL,trial_0003_lr=1.0e-03_weight_decay=1.0e-04_kernel_sizes=10x7_conv_channels=256x256_fc_dims=512_seed2,completed,f68b5f8588,trial_0003_lr=1.0e-03_weight_decay=1.0e-04_kernel_sizes=10x7_conv_channels=256x256_fc_dims=512_seed2
0.24786878804365794,0.07409653979803635,3,0.25054957032203673,0.05613527014678694,731208,2400,600,1000,6,1.3,cuda,3,2.1,1,user-Puget-Workstation-Threadripper-PRO-WRX90-T140-XL,trial_0003_lr=1.0e-03_weight_decay=1.0e-04_kernel_sizes=10x7_conv_channels=256x256_fc_dims=512_seed3,completed,f68b5f8588,trial_0003_lr=1.0e-03_weight_decay=1.0e-04_kernel_sizes=10x7_conv_channels=256x256_fc_dims=512_seed3
0.24728668689727784,0.0765795459928542,3,0.2514881916046143,0.05504363636064487,731208,2400,600,1000,6,1.3,cuda,4,2.1,0,user-Puget-Workstation-Threadripper-PRO-WRX90-T140-XL,trial_0003_lr=1.0e-03_weight_decay=1.0e-04_kernel_sizes=10x7_conv_channels=256x256_fc_dims=512_seed4,completed,f68b5f8588,trial_0003_lr=1.0e-03_weight_decay=1.0e-04_kernel_sizes=10x7_conv_channels=256x256_fc_dims=512_seed4
0.20941128313541413,0.28366604317261884,49,0.22948661029338838,0.20337838995463697,731208,2400,600,1000,50,6.6,cuda,5,7.4,1,user-Puget-Workstation-Threadripper-PRO-WRX90-T140-XL,trial_0003_lr=1.0e-03_weight_decay=1.0e-04_kernel_sizes=10x7_conv_channels=256x256_fc_dims=512_seed5,completed,f68b5f8588,trial_0003_lr=1.0e-03_weight_decay=1.0e-04_kernel_sizes=10x7_conv_channels=256x256_fc_dims=512_seed5
0.20957532465457918,0.2807220852348111,48,0.2294382039308548,0.20017698055557506,731208,2400,600,1000,50,6.5,cuda,6,7.3,0,user-Puget-Workstation-Threadripper-PRO-WRX90-T140-XL,trial_0003_lr=1.0e-03_weight_decay=1.0e-04_kernel_sizes=10x7_conv_channels=256x256_fc_dims=512_seed6,completed,f68b5f8588,trial_0003_lr=1.0e-03_weight_decay=1.0e-04_kernel_sizes=10x7_conv_channels=256x256_fc_dims=512_seed6
0.20849108537038166,0.2894816330405709,50,0.2290793265104294,0.20341449265695935,731208,2400,600,1000,50,6.6,cuda,7,7.4,1,user-Puget-Workstation-Threadripper-PRO-WRX90-T140-XL,trial_0003_lr=1.0e-03_weight_decay=1.0e-04_kernel_sizes=10x7_conv_channels=256x256_fc_dims=512_seed7,completed,f68b5f8588,trial_0003_lr=1.0e-03_weight_decay=1.0e-04_kernel_sizes=10x7_conv_channels=256x256_fc_dims=512_seed7
0.21032276491324106,0.2775101554488343,49,0.22993988800048829,0.2015202373202682,731208,2400,600,1000,50,6.6,cuda,8,7.4,0,user-Puget-Workstation-Threadripper-PRO-WRX90-T140-XL,trial_0003_lr=1.0e-03_weight_decay=1.0e-04_kernel_sizes=10x7_conv_channels=256x256_fc_dims=512_seed8,completed,f68b5f8588,trial_0003_lr=1.0e-03_weight_decay=1.0e-04_kernel_sizes=10x7_conv_channels=256x256_fc_dims=512_seed8
0.24568275252978006,0.07532638414233334,3,0.25077297711372376,0.05555582231795212,731208,2400,600,1000,6,1.3,cuda,9,2.1,1,user-Puget-Workstation-Threadripper-PRO-WRX90-T140-XL,trial_0003_lr=1.0e-03_weight_decay=1.0e-04_kernel_sizes=10x7_conv_channels=256x256_fc_dims=512_seed9,completed,f68b5f8588,trial_0003_lr=1.0e-03_weight_decay=1.0e-04_kernel_sizes=10x7_conv_channels=256x256_fc_dims=512_seed9
0.2372523856163025,0.14754494519525588,50,0.24517601537704467,0.10678405876226152,600136,2400,600,1000,50,6.3,cuda,0,7.1,0,user-Puget-Workstation-Threadripper-PRO-WRX90-T140-XL,trial_0004_lr=1.0e-04_weight_decay=0.0e+00_kernel_sizes=10x5_conv_channels=256x256_fc_dims=512_seed0,completed,5f33302a06,trial_0004_lr=1.0e-04_weight_decay=0.0e+00_kernel_sizes=10x5_conv_channels=256x256_fc_dims=512_seed0
0.23821634352207183,0.14594057392788032,50,0.2452901086807251,0.10409833994192903,600136,2400,600,1000,50,6.7,cuda,1,7.5,1,user-Puget-Workstation-Threadripper-PRO-WRX90-T140-XL,trial_0004_lr=1.0e-04_weight_decay=0.0e+00_kernel_sizes=10x5_conv_channels=256x256_fc_dims=512_seed1,completed,5f33302a06,trial_0004_lr=1.0e-04_weight_decay=0.0e+00_kernel_sizes=10x5_conv_channels=256x256_fc_dims=512_seed1
0.23876838386058807,0.14293726881265467,50,0.24583527052402496,0.10307763004438439,600136,2400,600,1000,50,6.7,cuda,2,7.5,0,user-Puget-Workstation-Threadripper-PRO-WRX90-T140-XL,trial_0004_lr=1.0e-04_weight_decay=0.0e+00_kernel_sizes=10x5_conv_channels=256x256_fc_dims=512_seed2,completed,5f33302a06,trial_0004_lr=1.0e-04_weight_decay=0.0e+00_kernel_sizes=10x5_conv_channels=256x256_fc_dims=512_seed2
0.24029851456483206,0.14569329691249205,49,0.24534605669975282,0.10412868536299728,600136,2400,600,1000,50,6.6,cuda,3,7.5,1,user-Puget-Workstation-Threadripper-PRO-WRX90-T140-XL,trial_0004_lr=1.0e-04_weight_decay=0.0e+00_kernel_sizes=10x5_conv_channels=256x256_fc_dims=512_seed3,completed,5f33302a06,trial_0004_lr=1.0e-04_weight_decay=0.0e+00_kernel_sizes=10x5_conv_channels=256x256_fc_dims=512_seed3
0.23912295420964558,0.143832830630386,49,0.24518244063854217,0.10317964347725264,600136,2400,600,1000,50,6.3,cuda,4,7.2,0,user-Puget-Workstation-Threadripper-PRO-WRX90-T140-XL,trial_0004_lr=1.0e-04_weight_decay=0.0e+00_kernel_sizes=10x5_conv_channels=256x256_fc_dims=512_seed4,completed,5f33302a06,trial_0004_lr=1.0e-04_weight_decay=0.0e+00_kernel_sizes=10x5_conv_channels=256x256_fc_dims=512_seed4
0.2399782339731852,0.14633971100701942,50,0.24513323533535003,0.10407706701629178,600136,2400,600,1000,50,6.7,cuda,5,7.5,1,user-Puget-Workstation-Threadripper-PRO-WRX90-T140-XL,trial_0004_lr=1.0e-04_weight_decay=0.0e+00_kernel_sizes=10x5_conv_channels=256x256_fc_dims=512_seed5,completed,5f33302a06,trial_0004_lr=1.0e-04_weight_decay=0.0e+00_kernel_sizes=10x5_conv_channels=256x256_fc_dims=512_seed5
0.2401448259751002,0.14641336487711007,50,0.24534740352630616,0.10446236862611351,600136,2400,600,1000,50,6.5,cuda,6,7.3,0,user-Puget-Workstation-Threadripper-PRO-WRX90-T140-XL,trial_0004_lr=1.0e-04_weight_decay=0.0e+00_kernel_sizes=10x5_conv_channels=256x256_fc_dims=512_seed6,completed,5f33302a06,trial_0004_lr=1.0e-04_weight_decay=0.0e+00_kernel_sizes=10x5_conv_channels=256x256_fc_dims=512_seed6
0.23937581638495128,0.1502084900491187,50,0.24483124482631682,0.10608299078922437,600136,2400,600,1000,50,6.5,cuda,7,7.3,1,user-Puget-Workstation-Threadripper-PRO-WRX90-T140-XL,trial_0004_lr=1.0e-04_weight_decay=0.0e+00_kernel_sizes=10x5_conv_channels=256x256_fc_dims=512_seed7,completed,5f33302a06,trial_0004_lr=1.0e-04_weight_decay=0.0e+00_kernel_sizes=10x5_conv_channels=256x256_fc_dims=512_seed7
0.24061994155248007,0.14534513941464433,50,0.24577997982501984,0.10423380847121501,600136,2400,600,1000,50,6.6,cuda,8,7.4,0,user-Puget-Workstation-Threadripper-PRO-WRX90-T140-XL,trial_0004_lr=1.0e-04_weight_decay=0.0e+00_kernel_sizes=10x5_conv_channels=256x256_fc_dims=512_seed8,completed,5f33302a06,trial_0004_lr=1.0e-04_weight_decay=0.0e+00_kernel_sizes=10x5_conv_channels=256x256_fc_dims=512_seed8
0.2391045719385147,0.1410968353256102,50,0.24600334560871123,0.10342562454679484,600136,2400,600,1000,50,6.5,cuda,9,7.4,1,user-Puget-Workstation-Threadripper-PRO-WRX90-T140-XL,trial_0004_lr=1.0e-04_weight_decay=0.0e+00_kernel_sizes=10x5_conv_channels=256x256_fc_dims=512_seed9,completed,5f33302a06,trial_0004_lr=1.0e-04_weight_decay=0.0e+00_kernel_sizes=10x5_conv_channels=256x256_fc_dims=512_seed9
0.236524254878362,0.15157588272470687,50,0.24473160195350646,0.10954691934885054,600136,2400,600,1000,50,6.4,cuda,0,7.2,0,user-Puget-Workstation-Threadripper-PRO-WRX90-T140-XL,trial_0005_lr=1.0e-04_weight_decay=1.0e-04_kernel_sizes=10x5_conv_channels=256x256_fc_dims=512_seed0,completed,3cf6852b2d,trial_0005_lr=1.0e-04_weight_decay=1.0e-04_kernel_sizes=10x5_conv_channels=256x256_fc_dims=512_seed0
0.23740901410579682,0.14995832443966597,50,0.2447915189266205,0.10687556208542867,600136,2400,600,1000,50,6.5,cuda,1,7.3,1,user-Puget-Workstation-Threadripper-PRO-WRX90-T140-XL,trial_0005_lr=1.0e-04_weight_decay=1.0e-04_kernel_sizes=10x5_conv_channels=256x256_fc_dims=512_seed1,completed,3cf6852b2d,trial_0005_lr=1.0e-04_weight_decay=1.0e-04_kernel_sizes=10x5_conv_channels=256x256_fc_dims=512_seed1
0.2380486144622167,0.14667143701578905,50,0.24539980101585387,0.10542258704705461,600136,2400,600,1000,50,6.6,cuda,2,7.5,0,user-Puget-Workstation-Threadripper-PRO-WRX90-T140-XL,trial_0005_lr=1.0e-04_weight_decay=1.0e-04_kernel_sizes=10x5_conv_channels=256x256_fc_dims=512_seed2,completed,3cf6852b2d,trial_0005_lr=1.0e-04_weight_decay=1.0e-04_kernel_sizes=10x5_conv_channels=256x256_fc_dims=512_seed2
0.2395481785138448,0.15088818364177883,50,0.24497997057437898,0.10746355480089893,600136,2400,600,1000,50,6.4,cuda,3,7.2,1,user-Puget-Workstation-Threadripper-PRO-WRX90-T140-XL,trial_0005_lr=1.0e-04_weight_decay=1.0e-04_kernel_sizes=10x5_conv_channels=256x256_fc_dims=512_seed3,completed,3cf6852b2d,trial_0005_lr=1.0e-04_weight_decay=1.0e-04_kernel_sizes=10x5_conv_channels=256x256_fc_dims=512_seed3
0.23828607936700186,0.14781292458800468,49,0.2446464853286743,0.10578440359489168,600136,2400,600,1000,50,6.6,cuda,4,7.4,0,user-Puget-Workstation-Threadripper-PRO-WRX90-T140-XL,trial_0005_lr=1.0e-04_weight_decay=1.0e-04_kernel_sizes=10x5_conv_channels=256x256_fc_dims=512_seed4,completed,3cf6852b2d,trial_0005_lr=1.0e-04_weight_decay=1.0e-04_kernel_sizes=10x5_conv_channels=256x256_fc_dims=512_seed4
0.23920377592245737,0.15023916329139825,50,0.2446588386297226,0.10653332497544915,600136,2400,600,1000,50,6.7,cuda,5,7.7,1,user-Puget-Workstation-Threadripper-PRO-WRX90-T140-XL,trial_0005_lr=1.0e-04_weight_decay=1.0e-04_kernel_sizes=10x5_conv_channels=256x256_fc_dims=512_seed5,completed,3cf6852b2d,trial_0005_lr=1.0e-04_weight_decay=1.0e-04_kernel_sizes=10x5_conv_channels=256x256_fc_dims=512_seed5
0.23934945583343506,0.15023266585962697,50,0.24483764028549193,0.10717009082145347,600136,2400,600,1000,50,6.6,cuda,6,7.5,0,user-Puget-Workstation-Threadripper-PRO-WRX90-T140-XL,trial_0005_lr=1.0e-04_weight_decay=1.0e-04_kernel_sizes=10x5_conv_channels=256x256_fc_dims=512_seed6,completed,3cf6852b2d,trial_0005_lr=1.0e-04_weight_decay=1.0e-04_kernel_sizes=10x5_conv_channels=256x256_fc_dims=512_seed6
0.23856723666191101,0.1543546904599616,50,0.24436878931522368,0.10867504449845464,600136,2400,600,1000,50,6.8,cuda,7,7.7,1,user-Puget-Workstation-Threadripper-PRO-WRX90-T140-XL,trial_0005_lr=1.0e-04_weight_decay=1.0e-04_kernel_sizes=10x5_conv_channels=256x256_fc_dims=512_seed7,completed,3cf6852b2d,trial_0005_lr=1.0e-04_weight_decay=1.0e-04_kernel_sizes=10x5_conv_channels=256x256_fc_dims=512_seed7
0.2398285820086797,0.1490523416354687,50,0.24526490592956543,0.10688039916744252,600136,2400,600,1000,50,6.7,cuda,8,7.5,0,user-Puget-Workstation-Threadripper-PRO-WRX90-T140-XL,trial_0005_lr=1.0e-04_weight_decay=1.0e-04_kernel_sizes=10x5_conv_channels=256x256_fc_dims=512_seed8,completed,3cf6852b2d,trial_0005_lr=1.0e-04_weight_decay=1.0e-04_kernel_sizes=10x5_conv_channels=256x256_fc_dims=512_seed8
0.23835745255152385,0.14510566908134964,50,0.24556262409687044,0.10591457802298784,600136,2400,600,1000,50,6.8,cuda,9,7.6,1,user-Puget-Workstation-Threadripper-PRO-WRX90-T140-XL,trial_0005_lr=1.0e-04_weight_decay=1.0e-04_kernel_sizes=10x5_conv_channels=256x256_fc_dims=512_seed9,completed,3cf6852b2d,trial_0005_lr=1.0e-04_weight_decay=1.0e-04_kernel_sizes=10x5_conv_channels=256x256_fc_dims=512_seed9
0.2105927715698878,0.26573404983219023,49,0.2313590384721756,0.1913244032956688,600136,2400,600,1000,50,6.5,cuda,0,7.4,0,user-Puget-Workstation-Threadripper-PRO-WRX90-T140-XL,trial_0006_lr=1.0e-03_weight_decay=0.0e+00_kernel_sizes=10x5_conv_channels=256x256_fc_dims=512_seed0,completed,c0eaa562dd,trial_0006_lr=1.0e-03_weight_decay=0.0e+00_kernel_sizes=10x5_conv_channels=256x256_fc_dims=512_seed0
0.2118428824345271,0.26604936598473805,49,0.23176020085811616,0.1898351823779343,600136,2400,600,1000,50,6.5,cuda,1,7.4,1,user-Puget-Workstation-Threadripper-PRO-WRX90-T140-XL,trial_0006_lr=1.0e-03_weight_decay=0.0e+00_kernel_sizes=10x5_conv_channels=256x256_fc_dims=512_seed1,completed,c0eaa562dd,trial_0006_lr=1.0e-03_weight_decay=0.0e+00_kernel_sizes=10x5_conv_channels=256x256_fc_dims=512_seed1
0.21199418246746063,0.2625388571406638,49,0.2316830418109894,0.18831817708025722,600136,2400,600,1000,50,6.5,cuda,2,7.3,0,user-Puget-Workstation-Threadripper-PRO-WRX90-T140-XL,trial_0006_lr=1.0e-03_weight_decay=0.0e+00_kernel_sizes=10x5_conv_channels=256x256_fc_dims=512_seed2,completed,c0eaa562dd,trial_0006_lr=1.0e-03_weight_decay=0.0e+00_kernel_sizes=10x5_conv_channels=256x256_fc_dims=512_seed2
0.24876366635163624,0.06903702262636671,3,0.2516432209014893,0.05200646358751871,600136,2400,600,1000,6,1.3,cuda,3,2.1,1,user-Puget-Workstation-Threadripper-PRO-WRX90-T140-XL,trial_0006_lr=1.0e-03_weight_decay=0.0e+00_kernel_sizes=10x5_conv_channels=256x256_fc_dims=512_seed3,completed,c0eaa562dd,trial_0006_lr=1.0e-03_weight_decay=0.0e+00_kernel_sizes=10x5_conv_channels=256x256_fc_dims=512_seed3
0.2486591589450836,0.07242357477690457,3,0.25272270464897156,0.05166971936242463,600136,2400,600,1000,6,1.3,cuda,4,2.1,0,user-Puget-Workstation-Threadripper-PRO-WRX90-T140-XL,trial_0006_lr=1.0e-03_weight_decay=0.0e+00_kernel_sizes=10x5_conv_channels=256x256_fc_dims=512_seed4,completed,c0eaa562dd,trial_0006_lr=1.0e-03_weight_decay=0.0e+00_kernel_sizes=10x5_conv_channels=256x256_fc_dims=512_seed4
0.21366038699944814,0.26765379926409344,50,0.23184675347805023,0.19138690170310035,600136,2400,600,1000,50,6.7,cuda,5,7.6,1,user-Puget-Workstation-Threadripper-PRO-WRX90-T140-XL,trial_0006_lr=1.0e-03_weight_decay=0.0e+00_kernel_sizes=10x5_conv_channels=256x256_fc_dims=512_seed5,completed,c0eaa562dd,trial_0006_lr=1.0e-03_weight_decay=0.0e+00_kernel_sizes=10x5_conv_channels=256x256_fc_dims=512_seed5
0.21341143369674684,0.2674922557035986,50,0.23167276334762574,0.19264155124338334,600136,2400,600,1000,50,6.5,cuda,6,7.3,0,user-Puget-Workstation-Threadripper-PRO-WRX90-T140-XL,trial_0006_lr=1.0e-03_weight_decay=0.0e+00_kernel_sizes=10x5_conv_channels=256x256_fc_dims=512_seed6,completed,c0eaa562dd,trial_0006_lr=1.0e-03_weight_decay=0.0e+00_kernel_sizes=10x5_conv_channels=256x256_fc_dims=512_seed6
0.21276199122269948,0.272854362330982,50,0.2313696813583374,0.19402575190253382,600136,2400,600,1000,50,6.6,cuda,7,7.5,1,user-Puget-Workstation-Threadripper-PRO-WRX90-T140-XL,trial_0006_lr=1.0e-03_weight_decay=0.0e+00_kernel_sizes=10x5_conv_channels=256x256_fc_dims=512_seed7,completed,c0eaa562dd,trial_0006_lr=1.0e-03_weight_decay=0.0e+00_kernel_sizes=10x5_conv_channels=256x256_fc_dims=512_seed7
0.21425565878550212,0.26201402814522257,49,0.23164732897281648,0.18876611666479853,600136,2400,600,1000,50,6.3,cuda,8,7.1,0,user-Puget-Workstation-Threadripper-PRO-WRX90-T140-XL,trial_0006_lr=1.0e-03_weight_decay=0.0e+00_kernel_sizes=10x5_conv_channels=256x256_fc_dims=512_seed8,completed,c0eaa562dd,trial_0006_lr=1.0e-03_weight_decay=0.0e+00_kernel_sizes=10x5_conv_channels=256x256_fc_dims=512_seed8
0.2119541452328364,0.26667173611406025,50,0.23168389177322388,0.19183692201993366,600136,2400,600,1000,50,6.6,cuda,9,7.5,1,user-Puget-Workstation-Threadripper-PRO-WRX90-T140-XL,trial_0006_lr=1.0e-03_weight_decay=0.0e+00_kernel_sizes=10x5_conv_channels=256x256_fc_dims=512_seed9,completed,c0eaa562dd,trial_0006_lr=1.0e-03_weight_decay=0.0e+00_kernel_sizes=10x5_conv_channels=256x256_fc_dims=512_seed9
0.20663987159729003,0.28286920402061116,50,0.22913058376312256,0.20435041653599711,600136,2400,600,1000,50,6.5,cuda,0,7.3,0,user-Puget-Workstation-Threadripper-PRO-WRX90-T140-XL,trial_0007_lr=1.0e-03_weight_decay=1.0e-04_kernel_sizes=10x5_conv_channels=256x256_fc_dims=512_seed0,completed,a596ad5a4c,trial_0007_lr=1.0e-03_weight_decay=1.0e-04_kernel_sizes=10x5_conv_channels=256x256_fc_dims=512_seed0
0.20743050038814545,0.2860651119973966,49,0.2290275856256485,0.20523188702827647,600136,2400,600,1000,50,6.6,cuda,1,7.4,1,user-Puget-Workstation-Threadripper-PRO-WRX90-T140-XL,trial_0007_lr=1.0e-03_weight_decay=1.0e-04_kernel_sizes=10x5_conv_channels=256x256_fc_dims=512_seed1,completed,a596ad5a4c,trial_0007_lr=1.0e-03_weight_decay=1.0e-04_kernel_sizes=10x5_conv_channels=256x256_fc_dims=512_seed1
0.20734417696793875,0.2828452257404653,50,0.22935748970508577,0.20270322429476767,600136,2400,600,1000,50,6.5,cuda,2,7.3,0,user-Puget-Workstation-Threadripper-PRO-WRX90-T140-XL,trial_0007_lr=1.0e-03_weight_decay=1.0e-04_kernel_sizes=10x5_conv_channels=256x256_fc_dims=512_seed2,completed,a596ad5a4c,trial_0007_lr=1.0e-03_weight_decay=1.0e-04_kernel_sizes=10x5_conv_channels=256x256_fc_dims=512_seed2
0.24865639785925547,0.06910876466964766,3,0.25156242775917054,0.052183622597787735,600136,2400,600,1000,6,1.3,cuda,3,2.1,1,user-Puget-Workstation-Threadripper-PRO-WRX90-T140-XL,trial_0007_lr=1.0e-03_weight_decay=1.0e-04_kernel_sizes=10x5_conv_channels=256x256_fc_dims=512_seed3,completed,a596ad5a4c,trial_0007_lr=1.0e-03_weight_decay=1.0e-04_kernel_sizes=10x5_conv_channels=256x256_fc_dims=512_seed3
0.20809080044428507,0.2839987019886425,50,0.2289581218957901,0.20510664892871064,600136,2400,600,1000,50,6.5,cuda,4,7.3,0,user-Puget-Workstation-Threadripper-PRO-WRX90-T140-XL,trial_0007_lr=1.0e-03_weight_decay=1.0e-04_kernel_sizes=10x5_conv_channels=256x256_fc_dims=512_seed4,completed,a596ad5a4c,trial_0007_lr=1.0e-03_weight_decay=1.0e-04_kernel_sizes=10x5_conv_channels=256x256_fc_dims=512_seed4
0.20890802244345347,0.2857692975840226,50,0.22954209506511689,0.20453499781933146,600136,2400,600,1000,50,6.7,cuda,5,7.6,1,user-Puget-Workstation-Threadripper-PRO-WRX90-T140-XL,trial_0007_lr=1.0e-03_weight_decay=1.0e-04_kernel_sizes=10x5_conv_channels=256x256_fc_dims=512_seed5,completed,a596ad5a4c,trial_0007_lr=1.0e-03_weight_decay=1.0e-04_kernel_sizes=10x5_conv_channels=256x256_fc_dims=512_seed5
0.20962546805540722,0.28163644845453867,48,0.2293868157863617,0.20059888937231524,600136,2400,600,1000,50,6.7,cuda,6,7.5,0,user-Puget-Workstation-Threadripper-PRO-WRX90-T140-XL,trial_0007_lr=1.0e-03_weight_decay=1.0e-04_kernel_sizes=10x5_conv_channels=256x256_fc_dims=512_seed6,completed,a596ad5a4c,trial_0007_lr=1.0e-03_weight_decay=1.0e-04_kernel_sizes=10x5_conv_channels=256x256_fc_dims=512_seed6
0.20858351627985636,0.2878376939355666,50,0.22922158551216126,0.20492932684742204,600136,2400,600,1000,50,6.6,cuda,7,7.4,1,user-Puget-Workstation-Threadripper-PRO-WRX90-T140-XL,trial_0007_lr=1.0e-03_weight_decay=1.0e-04_kernel_sizes=10x5_conv_channels=256x256_fc_dims=512_seed7,completed,a596ad5a4c,trial_0007_lr=1.0e-03_weight_decay=1.0e-04_kernel_sizes=10x5_conv_channels=256x256_fc_dims=512_seed7
0.21059655884901682,0.2816122506670261,50,0.22997794687747955,0.20257309686977884,600136,2400,600,1000,50,6.4,cuda,8,7.2,0,user-Puget-Workstation-Threadripper-PRO-WRX90-T140-XL,trial_0007_lr=1.0e-03_weight_decay=1.0e-04_kernel_sizes=10x5_conv_channels=256x256_fc_dims=512_seed8,completed,a596ad5a4c,trial_0007_lr=1.0e-03_weight_decay=1.0e-04_kernel_sizes=10x5_conv_channels=256x256_fc_dims=512_seed8
0.2074617326259613,0.28419490639909034,50,0.2291329872608185,0.20471777923427567,600136,2400,600,1000,50,6.5,cuda,9,7.4,1,user-Puget-Workstation-Threadripper-PRO-WRX90-T140-XL,trial_0007_lr=1.0e-03_weight_decay=1.0e-04_kernel_sizes=10x5_conv_channels=256x256_fc_dims=512_seed9,completed,a596ad5a4c,trial_0007_lr=1.0e-03_weight_decay=1.0e-04_kernel_sizes=10x5_conv_channels=256x256_fc_dims=512_seed9
0.23614677826563518,0.15112257288396747,50,0.244735555768013,0.1087955834377719,569416,2400,600,1000,50,6.5,cuda,0,7.3,0,user-Puget-Workstation-Threadripper-PRO-WRX90-T140-XL,trial_0008_lr=1.0e-04_weight_decay=0.0e+00_kernel_sizes=7x5_conv_channels=256x256_fc_dims=512_seed0,completed,03647cab3d,trial_0008_lr=1.0e-04_weight_decay=0.0e+00_kernel_sizes=7x5_conv_channels=256x256_fc_dims=512_seed0
0.23669629514217377,0.15321957678868486,50,0.24489527308940887,0.10681985382023784,569416,2400,600,1000,50,6.7,cuda,1,7.6,1,user-Puget-Workstation-Threadripper-PRO-WRX90-T140-XL,trial_0008_lr=1.0e-04_weight_decay=0.0e+00_kernel_sizes=7x5_conv_channels=256x256_fc_dims=512_seed1,completed,03647cab3d,trial_0008_lr=1.0e-04_weight_decay=0.0e+00_kernel_sizes=7x5_conv_channels=256x256_fc_dims=512_seed1
0.23706530114014943,0.15069263538752842,50,0.24481490230560302,0.10930691711377466,569416,2400,600,1000,50,6.6,cuda,2,7.4,0,user-Puget-Workstation-Threadripper-PRO-WRX90-T140-XL,trial_0008_lr=1.0e-04_weight_decay=0.0e+00_kernel_sizes=7x5_conv_channels=256x256_fc_dims=512_seed2,completed,03647cab3d,trial_0008_lr=1.0e-04_weight_decay=0.0e+00_kernel_sizes=7x5_conv_channels=256x256_fc_dims=512_seed2
0.23930888732274375,0.1490041752650134,49,0.24502969324588775,0.10694618217813188,569416,2400,600,1000,50,6.4,cuda,3,7.2,1,user-Puget-Workstation-Threadripper-PRO-WRX90-T140-XL,trial_0008_lr=1.0e-04_weight_decay=0.0e+00_kernel_sizes=7x5_conv_channels=256x256_fc_dims=512_seed3,completed,03647cab3d,trial_0008_lr=1.0e-04_weight_decay=0.0e+00_kernel_sizes=7x5_conv_channels=256x256_fc_dims=512_seed3
0.237770321170489,0.15222635680975902,49,0.24485338258743286,0.10877693994694025,569416,2400,600,1000,50,6.5,cuda,4,7.3,0,user-Puget-Workstation-Threadripper-PRO-WRX90-T140-XL,trial_0008_lr=1.0e-04_weight_decay=0.0e+00_kernel_sizes=7x5_conv_channels=256x256_fc_dims=512_seed4,completed,03647cab3d,trial_0008_lr=1.0e-04_weight_decay=0.0e+00_kernel_sizes=7x5_conv_channels=256x256_fc_dims=512_seed4
0.23890044152736664,0.15164566328985235,50,0.2446747373342514,0.10896162919834111,569416,2400,600,1000,50,6.4,cuda,5,7.2,1,user-Puget-Workstation-Threadripper-PRO-WRX90-T140-XL,trial_0008_lr=1.0e-04_weight_decay=0.0e+00_kernel_sizes=7x5_conv_channels=256x256_fc_dims=512_seed5,completed,03647cab3d,trial_0008_lr=1.0e-04_weight_decay=0.0e+00_kernel_sizes=7x5_conv_channels=256x256_fc_dims=512_seed5
0.23820015947024029,0.15350163799930983,50,0.2444863418340683,0.10950380885756712,569416,2400,600,1000,50,6.5,cuda,6,7.3,0,user-Puget-Workstation-Threadripper-PRO-WRX90-T140-XL,trial_0008_lr=1.0e-04_weight_decay=0.0e+00_kernel_sizes=7x5_conv_channels=256x256_fc_dims=512_seed6,completed,03647cab3d,trial_0008_lr=1.0e-04_weight_decay=0.0e+00_kernel_sizes=7x5_conv_channels=256x256_fc_dims=512_seed6
0.23871022442976633,0.15345269016380464,50,0.24476949965953826,0.10812888188383206,569416,2400,600,1000,50,6.4,cuda,7,7.2,1,user-Puget-Workstation-Threadripper-PRO-WRX90-T140-XL,trial_0008_lr=1.0e-04_weight_decay=0.0e+00_kernel_sizes=7x5_conv_channels=256x256_fc_dims=512_seed7,completed,03647cab3d,trial_0008_lr=1.0e-04_weight_decay=0.0e+00_kernel_sizes=7x5_conv_channels=256x256_fc_dims=512_seed7
0.23897152086098988,0.15135213404986034,49,0.2448400069475174,0.10767857037633653,569416,2400,600,1000,50,6.4,cuda,8,7.2,0,user-Puget-Workstation-Threadripper-PRO-WRX90-T140-XL,trial_0008_lr=1.0e-04_weight_decay=0.0e+00_kernel_sizes=7x5_conv_channels=256x256_fc_dims=512_seed8,completed,03647cab3d,trial_0008_lr=1.0e-04_weight_decay=0.0e+00_kernel_sizes=7x5_conv_channels=256x256_fc_dims=512_seed8
0.23676975607872008,0.14903624464995122,50,0.24456436121463776,0.10987235861585203,569416,2400,600,1000,50,6.7,cuda,9,7.5,1,user-Puget-Workstation-Threadripper-PRO-WRX90-T140-XL,trial_0008_lr=1.0e-04_weight_decay=0.0e+00_kernel_sizes=7x5_conv_channels=256x256_fc_dims=512_seed9,completed,03647cab3d,trial_0008_lr=1.0e-04_weight_decay=0.0e+00_kernel_sizes=7x5_conv_channels=256x256_fc_dims=512_seed9
0.23544654250144958,0.15445271047486012,50,0.24431360399723054,0.11095067110048751,569416,2400,600,1000,50,6.5,cuda,0,7.4,0,user-Puget-Workstation-Threadripper-PRO-WRX90-T140-XL,trial_0009_lr=1.0e-04_weight_decay=1.0e-04_kernel_sizes=7x5_conv_channels=256x256_fc_dims=512_seed0,completed,e6a3bc504d,trial_0009_lr=1.0e-04_weight_decay=1.0e-04_kernel_sizes=7x5_conv_channels=256x256_fc_dims=512_seed0
0.23597154517968497,0.15649770912638053,50,0.24441817653179168,0.10922774815101065,569416,2400,600,1000,50,6.5,cuda,1,7.4,1,user-Puget-Workstation-Threadripper-PRO-WRX90-T140-XL,trial_0009_lr=1.0e-04_weight_decay=1.0e-04_kernel_sizes=7x5_conv_channels=256x256_fc_dims=512_seed1,completed,e6a3bc504d,trial_0009_lr=1.0e-04_weight_decay=1.0e-04_kernel_sizes=7x5_conv_channels=256x256_fc_dims=512_seed1
0.23630301038424173,0.15281325705116344,49,0.24424736249446868,0.11073454659313785,569416,2400,600,1000,50,6.6,cuda,2,7.5,0,user-Puget-Workstation-Threadripper-PRO-WRX90-T140-XL,trial_0009_lr=1.0e-04_weight_decay=1.0e-04_kernel_sizes=7x5_conv_channels=256x256_fc_dims=512_seed2,completed,e6a3bc504d,trial_0009_lr=1.0e-04_weight_decay=1.0e-04_kernel_sizes=7x5_conv_channels=256x256_fc_dims=512_seed2
0.23862315575281778,0.15228886529118807,49,0.2446299241781235,0.10895135612074364,569416,2400,600,1000,50,6.5,cuda,3,7.3,1,user-Puget-Workstation-Threadripper-PRO-WRX90-T140-XL,trial_0009_lr=1.0e-04_weight_decay=1.0e-04_kernel_sizes=7x5_conv_channels=256x256_fc_dims=512_seed3,completed,e6a3bc504d,trial_0009_lr=1.0e-04_weight_decay=1.0e-04_kernel_sizes=7x5_conv_channels=256x256_fc_dims=512_seed3
0.23710729241371153,0.15561412981303727,49,0.244472408413887,0.11086354738758279,569416,2400,600,1000,50,6.6,cuda,4,7.4,0,user-Puget-Workstation-Threadripper-PRO-WRX90-T140-XL,trial_0009_lr=1.0e-04_weight_decay=1.0e-04_kernel_sizes=7x5_conv_channels=256x256_fc_dims=512_seed4,completed,e6a3bc504d,trial_0009_lr=1.0e-04_weight_decay=1.0e-04_kernel_sizes=7x5_conv_channels=256x256_fc_dims=512_seed4
0.23831761956214906,0.15475479590728083,50,0.24432419943809508,0.11103308540837145,569416,2400,600,1000,50,6.5,cuda,5,7.4,1,user-Puget-Workstation-Threadripper-PRO-WRX90-T140-XL,trial_0009_lr=1.0e-04_weight_decay=1.0e-04_kernel_sizes=7x5_conv_channels=256x256_fc_dims=512_seed5,completed,e6a3bc504d,trial_0009_lr=1.0e-04_weight_decay=1.0e-04_kernel_sizes=7x5_conv_channels=256x256_fc_dims=512_seed5
0.23763405323028564,0.1567079189881501,50,0.24414368104934692,0.1115386232186122,569416,2400,600,1000,50,6.4,cuda,6,7.3,0,user-Puget-Workstation-Threadripper-PRO-WRX90-T140-XL,trial_0009_lr=1.0e-04_weight_decay=1.0e-04_kernel_sizes=7x5_conv_channels=256x256_fc_dims=512_seed6,completed,e6a3bc504d,trial_0009_lr=1.0e-04_weight_decay=1.0e-04_kernel_sizes=7x5_conv_channels=256x256_fc_dims=512_seed6
0.23785223404566447,0.15686748867567296,50,0.24420530533790588,0.11041445085451065,569416,2400,600,1000,50,6.7,cuda,7,7.6,1,user-Puget-Workstation-Threadripper-PRO-WRX90-T140-XL,trial_0009_lr=1.0e-04_weight_decay=1.0e-04_kernel_sizes=7x5_conv_channels=256x256_fc_dims=512_seed7,completed,e6a3bc504d,trial_0009_lr=1.0e-04_weight_decay=1.0e-04_kernel_sizes=7x5_conv_channels=256x256_fc_dims=512_seed7
0.2383330629269282,0.1545031452383487,49,0.24444704484939575,0.10981669156787055,569416,2400,600,1000,50,6.5,cuda,8,7.4,0,user-Puget-Workstation-Threadripper-PRO-WRX90-T140-XL,trial_0009_lr=1.0e-04_weight_decay=1.0e-04_kernel_sizes=7x5_conv_channels=256x256_fc_dims=512_seed8,completed,e6a3bc504d,trial_0009_lr=1.0e-04_weight_decay=1.0e-04_kernel_sizes=7x5_conv_channels=256x256_fc_dims=512_seed8
0.23584780553976695,0.1526204479338636,50,0.24392839217185974,0.11218520991913773,569416,2400,600,1000,50,6.6,cuda,9,7.4,1,user-Puget-Workstation-Threadripper-PRO-WRX90-T140-XL,trial_0009_lr=1.0e-04_weight_decay=1.0e-04_kernel_sizes=7x5_conv_channels=256x256_fc_dims=512_seed9,completed,e6a3bc504d,trial_0009_lr=1.0e-04_weight_decay=1.0e-04_kernel_sizes=7x5_conv_channels=256x256_fc_dims=512_seed9
0.21051973084608713,0.2678230738706239,49,0.23133027732372283,0.1918220011804446,569416,2400,600,1000,50,6.5,cuda,0,7.3,0,user-Puget-Workstation-Threadripper-PRO-WRX90-T140-XL,trial_0010_lr=1.0e-03_weight_decay=0.0e+00_kernel_sizes=7x5_conv_channels=256x256_fc_dims=512_seed0,completed,2be3fe216e,trial_0010_lr=1.0e-03_weight_decay=0.0e+00_kernel_sizes=7x5_conv_channels=256x256_fc_dims=512_seed0
0.21051747004191082,0.2722503780723182,50,0.23117598485946655,0.19305142788100735,569416,2400,600,1000,50,6.5,cuda,1,7.3,1,user-Puget-Workstation-Threadripper-PRO-WRX90-T140-XL,trial_0010_lr=1.0e-03_weight_decay=0.0e+00_kernel_sizes=7x5_conv_channels=256x256_fc_dims=512_seed1,completed,2be3fe216e,trial_0010_lr=1.0e-03_weight_decay=0.0e+00_kernel_sizes=7x5_conv_channels=256x256_fc_dims=512_seed1
0.2113489254315694,0.26831737417050633,50,0.23166784751415254,0.19101382517728416,569416,2400,600,1000,50,6.5,cuda,2,7.3,0,user-Puget-Workstation-Threadripper-PRO-WRX90-T140-XL,trial_0010_lr=1.0e-03_weight_decay=0.0e+00_kernel_sizes=7x5_conv_channels=256x256_fc_dims=512_seed2,completed,2be3fe216e,trial_0010_lr=1.0e-03_weight_decay=0.0e+00_kernel_sizes=7x5_conv_channels=256x256_fc_dims=512_seed2
0.2118266197045644,0.270697257282233,50,0.23104468333721162,0.1928420613961572,569416,2400,600,1000,50,6.4,cuda,3,7.2,1,user-Puget-Workstation-Threadripper-PRO-WRX90-T140-XL,trial_0010_lr=1.0e-03_weight_decay=0.0e+00_kernel_sizes=7x5_conv_channels=256x256_fc_dims=512_seed3,completed,2be3fe216e,trial_0010_lr=1.0e-03_weight_decay=0.0e+00_kernel_sizes=7x5_conv_channels=256x256_fc_dims=512_seed3
0.21107690811157226,0.2721084897746726,50,0.23077554845809936,0.1940665140427205,569416,2400,600,1000,50,6.5,cuda,4,7.3,0,user-Puget-Workstation-Threadripper-PRO-WRX90-T140-XL,trial_0010_lr=1.0e-03_weight_decay=0.0e+00_kernel_sizes=7x5_conv_channels=256x256_fc_dims=512_seed4,completed,2be3fe216e,trial_0010_lr=1.0e-03_weight_decay=0.0e+00_kernel_sizes=7x5_conv_channels=256x256_fc_dims=512_seed4
0.21257481475671133,0.272702347786681,49,0.2311672443151474,0.1937935073433277,569416,2400,600,1000,50,6.6,cuda,5,7.4,1,user-Puget-Workstation-Threadripper-PRO-WRX90-T140-XL,trial_0010_lr=1.0e-03_weight_decay=0.0e+00_kernel_sizes=7x5_conv_channels=256x256_fc_dims=512_seed5,completed,2be3fe216e,trial_0010_lr=1.0e-03_weight_decay=0.0e+00_kernel_sizes=7x5_conv_channels=256x256_fc_dims=512_seed5
0.21242346982161203,0.27135882342660117,50,0.23120257472991942,0.19354195801541113,569416,2400,600,1000,50,6.6,cuda,6,7.4,0,user-Puget-Workstation-Threadripper-PRO-WRX90-T140-XL,trial_0010_lr=1.0e-03_weight_decay=0.0e+00_kernel_sizes=7x5_conv_channels=256x256_fc_dims=512_seed6,completed,2be3fe216e,trial_0010_lr=1.0e-03_weight_decay=0.0e+00_kernel_sizes=7x5_conv_channels=256x256_fc_dims=512_seed6
0.21265388548374176,0.2737300144664412,50,0.23122673952579498,0.1942497900565745,569416,2400,600,1000,50,6.5,cuda,7,7.3,1,user-Puget-Workstation-Threadripper-PRO-WRX90-T140-XL,trial_0010_lr=1.0e-03_weight_decay=0.0e+00_kernel_sizes=7x5_conv_channels=256x256_fc_dims=512_seed7,completed,2be3fe216e,trial_0010_lr=1.0e-03_weight_decay=0.0e+00_kernel_sizes=7x5_conv_channels=256x256_fc_dims=512_seed7
0.213195338845253,0.2677320712639279,50,0.23103052508831023,0.1934073064338029,569416,2400,600,1000,50,6.5,cuda,8,7.3,0,user-Puget-Workstation-Threadripper-PRO-WRX90-T140-XL,trial_0010_lr=1.0e-03_weight_decay=0.0e+00_kernel_sizes=7x5_conv_channels=256x256_fc_dims=512_seed8,completed,2be3fe216e,trial_0010_lr=1.0e-03_weight_decay=0.0e+00_kernel_sizes=7x5_conv_channels=256x256_fc_dims=512_seed8
0.21110078314940134,0.27012911234950654,50,0.23100287473201753,0.1939616127247905,569416,2400,600,1000,50,6.4,cuda,9,7.2,1,user-Puget-Workstation-Threadripper-PRO-WRX90-T140-XL,trial_0010_lr=1.0e-03_weight_decay=0.0e+00_kernel_sizes=7x5_conv_channels=256x256_fc_dims=512_seed9,completed,2be3fe216e,trial_0010_lr=1.0e-03_weight_decay=0.0e+00_kernel_sizes=7x5_conv_channels=256x256_fc_dims=512_seed9
0.20627689798672993,0.28413183671703846,48,0.22905539393424987,0.20367186157185188,569416,2400,600,1000,50,6.6,cuda,0,7.4,0,user-Puget-Workstation-Threadripper-PRO-WRX90-T140-XL,trial_0011_lr=1.0e-03_weight_decay=1.0e-04_kernel_sizes=7x5_conv_channels=256x256_fc_dims=512_seed0,completed,04b3c39ea6,trial_0011_lr=1.0e-03_weight_decay=1.0e-04_kernel_sizes=7x5_conv_channels=256x256_fc_dims=512_seed0
0.20686679442723593,0.28560201056897405,48,0.228981268286705,0.20340412827846052,569416,2400,600,1000,50,6.5,cuda,1,7.3,1,user-Puget-Workstation-Threadripper-PRO-WRX90-T140-XL,trial_0011_lr=1.0e-03_weight_decay=1.0e-04_kernel_sizes=7x5_conv_channels=256x256_fc_dims=512_seed1,completed,04b3c39ea6,trial_0011_lr=1.0e-03_weight_decay=1.0e-04_kernel_sizes=7x5_conv_channels=256x256_fc_dims=512_seed1
0.206977153023084,0.2893530946613156,50,0.2286341564655304,0.20670332583226003,569416,2400,600,1000,50,6.7,cuda,2,7.5,0,user-Puget-Workstation-Threadripper-PRO-WRX90-T140-XL,trial_0011_lr=1.0e-03_weight_decay=1.0e-04_kernel_sizes=7x5_conv_channels=256x256_fc_dims=512_seed2,completed,04b3c39ea6,trial_0011_lr=1.0e-03_weight_decay=1.0e-04_kernel_sizes=7x5_conv_channels=256x256_fc_dims=512_seed2
0.20834753453731536,0.28558166728167494,48,0.22868774390220642,0.20426719624658426,569416,2400,600,1000,50,6.4,cuda,3,7.3,1,user-Puget-Workstation-Threadripper-PRO-WRX90-T140-XL,trial_0011_lr=1.0e-03_weight_decay=1.0e-04_kernel_sizes=7x5_conv_channels=256x256_fc_dims=512_seed3,completed,04b3c39ea6,trial_0011_lr=1.0e-03_weight_decay=1.0e-04_kernel_sizes=7x5_conv_channels=256x256_fc_dims=512_seed3
0.20732178409894308,0.2885346159266602,49,0.22849073255062102,0.20530093330743182,569416,2400,600,1000,50,6.7,cuda,4,7.6,0,user-Puget-Workstation-Threadripper-PRO-WRX90-T140-XL,trial_0011_lr=1.0e-03_weight_decay=1.0e-04_kernel_sizes=7x5_conv_channels=256x256_fc_dims=512_seed4,completed,04b3c39ea6,trial_0011_lr=1.0e-03_weight_decay=1.0e-04_kernel_sizes=7x5_conv_channels=256x256_fc_dims=512_seed4
0.20868849198023479,0.28880565417116794,49,0.22848261868953704,0.20575076776060194,569416,2400,600,1000,50,6.5,cuda,5,7.3,1,user-Puget-Workstation-Threadripper-PRO-WRX90-T140-XL,trial_0011_lr=1.0e-03_weight_decay=1.0e-04_kernel_sizes=7x5_conv_channels=256x256_fc_dims=512_seed5,completed,04b3c39ea6,trial_0011_lr=1.0e-03_weight_decay=1.0e-04_kernel_sizes=7x5_conv_channels=256x256_fc_dims=512_seed5
0.2083519556125005,0.2880336742371195,50,0.22854393577575682,0.20641528637242826,569416,2400,600,1000,50,6.4,cuda,6,7.3,0,user-Puget-Workstation-Threadripper-PRO-WRX90-T140-XL,trial_0011_lr=1.0e-03_weight_decay=1.0e-04_kernel_sizes=7x5_conv_channels=256x256_fc_dims=512_seed6,completed,04b3c39ea6,trial_0011_lr=1.0e-03_weight_decay=1.0e-04_kernel_sizes=7x5_conv_channels=256x256_fc_dims=512_seed6
0.20789394418398538,0.2923736646957432,50,0.22814654529094697,0.2080205429517142,569416,2400,600,1000,50,6.4,cuda,7,7.2,1,user-Puget-Workstation-Threadripper-PRO-WRX90-T140-XL,trial_0011_lr=1.0e-03_weight_decay=1.0e-04_kernel_sizes=7x5_conv_channels=256x256_fc_dims=512_seed7,completed,04b3c39ea6,trial_0011_lr=1.0e-03_weight_decay=1.0e-04_kernel_sizes=7x5_conv_channels=256x256_fc_dims=512_seed7
0.2089513373374939,0.28449679106915693,49,0.2284944964647293,0.20546242187843922,569416,2400,600,1000,50,6.5,cuda,8,7.3,0,user-Puget-Workstation-Threadripper-PRO-WRX90-T140-XL,trial_0011_lr=1.0e-03_weight_decay=1.0e-04_kernel_sizes=7x5_conv_channels=256x256_fc_dims=512_seed8,completed,04b3c39ea6,trial_0011_lr=1.0e-03_weight_decay=1.0e-04_kernel_sizes=7x5_conv_channels=256x256_fc_dims=512_seed8
0.20665415287017821,0.2877241317826236,50,0.22857375645637512,0.20635432680432494,569416,2400,600,1000,50,6.5,cuda,9,7.4,1,user-Puget-Workstation-Threadripper-PRO-WRX90-T140-XL,trial_0011_lr=1.0e-03_weight_decay=1.0e-04_kernel_sizes=7x5_conv_channels=256x256_fc_dims=512_seed9,completed,04b3c39ea6,trial_0011_lr=1.0e-03_weight_decay=1.0e-04_kernel_sizes=7x5_conv_channels=256x256_fc_dims=512_seed9
0.2379442745447159,0.14814775206636843,50,0.24631886124610902,0.10645769634180526,438344,2400,600,1000,50,6.4,cuda,0,7.2,0,user-Puget-Workstation-Threadripper-PRO-WRX90-T140-XL,trial_0012_lr=1.0e-04_weight_decay=0.0e+00_kernel_sizes=7x3_conv_channels=256x256_fc_dims=512_seed0,completed,933a6b2718,trial_0012_lr=1.0e-04_weight_decay=0.0e+00_kernel_sizes=7x3_conv_channels=256x256_fc_dims=512_seed0
0.23802042702833812,0.152226532014648,50,0.24607636904716493,0.10843354820363016,438344,2400,600,1000,50,6.4,cuda,1,7.3,1,user-Puget-Workstation-Threadripper-PRO-WRX90-T140-XL,trial_0012_lr=1.0e-04_weight_decay=0.0e+00_kernel_sizes=7x3_conv_channels=256x256_fc_dims=512_seed1,completed,933a6b2718,trial_0012_lr=1.0e-04_weight_decay=0.0e+00_kernel_sizes=7x3_conv_channels=256x256_fc_dims=512_seed1
0.23855046768983204,0.14966155970711845,50,0.24631274485588073,0.1075122127075365,438344,2400,600,1000,50,6.4,cuda,2,7.3,0,user-Puget-Workstation-Threadripper-PRO-WRX90-T140-XL,trial_0012_lr=1.0e-04_weight_decay=0.0e+00_kernel_sizes=7x3_conv_channels=256x256_fc_dims=512_seed2,completed,933a6b2718,trial_0012_lr=1.0e-04_weight_decay=0.0e+00_kernel_sizes=7x3_conv_channels=256x256_fc_dims=512_seed2
0.24057248572508494,0.1498107110971998,50,0.24647674369812012,0.10628940576725918,438344,2400,600,1000,50,6.3,cuda,3,7.2,1,user-Puget-Workstation-Threadripper-PRO-WRX90-T140-XL,trial_0012_lr=1.0e-04_weight_decay=0.0e+00_kernel_sizes=7x3_conv_channels=256x256_fc_dims=512_seed3,completed,933a6b2718,trial_0012_lr=1.0e-04_weight_decay=0.0e+00_kernel_sizes=7x3_conv_channels=256x256_fc_dims=512_seed3
0.2391436400016149,0.15259026726192662,50,0.2463697736263275,0.10828917553048582,438344,2400,600,1000,50,6.3,cuda,4,7.1,0,user-Puget-Workstation-Threadripper-PRO-WRX90-T140-XL,trial_0012_lr=1.0e-04_weight_decay=0.0e+00_kernel_sizes=7x3_conv_channels=256x256_fc_dims=512_seed4,completed,933a6b2718,trial_0012_lr=1.0e-04_weight_decay=0.0e+00_kernel_sizes=7x3_conv_channels=256x256_fc_dims=512_seed4
0.24086387872695922,0.14998895512311552,50,0.24657464611530305,0.10862431886585955,438344,2400,600,1000,50,6.5,cuda,5,7.3,1,user-Puget-Workstation-Threadripper-PRO-WRX90-T140-XL,trial_0012_lr=1.0e-04_weight_decay=0.0e+00_kernel_sizes=7x3_conv_channels=256x256_fc_dims=512_seed5,completed,933a6b2718,trial_0012_lr=1.0e-04_weight_decay=0.0e+00_kernel_sizes=7x3_conv_channels=256x256_fc_dims=512_seed5
0.240536962946256,0.15098570501466993,50,0.24669965088367463,0.10799993792470483,438344,2400,600,1000,50,6.4,cuda,6,7.3,0,user-Puget-Workstation-Threadripper-PRO-WRX90-T140-XL,trial_0012_lr=1.0e-04_weight_decay=0.0e+00_kernel_sizes=7x3_conv_channels=256x256_fc_dims=512_seed6,completed,933a6b2718,trial_0012_lr=1.0e-04_weight_decay=0.0e+00_kernel_sizes=7x3_conv_channels=256x256_fc_dims=512_seed6
0.2403821208079656,0.15097505606427378,50,0.2463460348844528,0.10689550293698111,438344,2400,600,1000,50,6.3,cuda,7,7.1,1,user-Puget-Workstation-Threadripper-PRO-WRX90-T140-XL,trial_0012_lr=1.0e-04_weight_decay=0.0e+00_kernel_sizes=7x3_conv_channels=256x256_fc_dims=512_seed7,completed,933a6b2718,trial_0012_lr=1.0e-04_weight_decay=0.0e+00_kernel_sizes=7x3_conv_channels=256x256_fc_dims=512_seed7
0.24045022467772165,0.1501540732788184,49,0.2461637942790985,0.10787710273338004,438344,2400,600,1000,50,6.4,cuda,8,7.3,0,user-Puget-Workstation-Threadripper-PRO-WRX90-T140-XL,trial_0012_lr=1.0e-04_weight_decay=0.0e+00_kernel_sizes=7x3_conv_channels=256x256_fc_dims=512_seed8,completed,933a6b2718,trial_0012_lr=1.0e-04_weight_decay=0.0e+00_kernel_sizes=7x3_conv_channels=256x256_fc_dims=512_seed8
0.23861469328403473,0.1475850827473752,50,0.2462990517616272,0.10900950615288088,438344,2400,600,1000,50,6.4,cuda,9,7.2,1,user-Puget-Workstation-Threadripper-PRO-WRX90-T140-XL,trial_0012_lr=1.0e-04_weight_decay=0.0e+00_kernel_sizes=7x3_conv_channels=256x256_fc_dims=512_seed9,completed,933a6b2718,trial_0012_lr=1.0e-04_weight_decay=0.0e+00_kernel_sizes=7x3_conv_channels=256x256_fc_dims=512_seed9
0.2372911085685094,0.15095835465555488,50,0.24593616354465483,0.10823578077534936,438344,2400,600,1000,50,6.5,cuda,0,7.3,0,user-Puget-Workstation-Threadripper-PRO-WRX90-T140-XL,trial_0013_lr=1.0e-04_weight_decay=1.0e-04_kernel_sizes=7x3_conv_channels=256x256_fc_dims=512_seed0,completed,87a9878115,trial_0013_lr=1.0e-04_weight_decay=1.0e-04_kernel_sizes=7x3_conv_channels=256x256_fc_dims=512_seed0
0.23718053460121155,0.15501561971519434,50,0.2455250540971756,0.11020505480218279,438344,2400,600,1000,50,6.3,cuda,1,7.1,1,user-Puget-Workstation-Threadripper-PRO-WRX90-T140-XL,trial_0013_lr=1.0e-04_weight_decay=1.0e-04_kernel_sizes=7x3_conv_channels=256x256_fc_dims=512_seed1,completed,87a9878115,trial_0013_lr=1.0e-04_weight_decay=1.0e-04_kernel_sizes=7x3_conv_channels=256x256_fc_dims=512_seed1
0.23778099497159322,0.1527563305918871,50,0.24583993029594423,0.10942254588811096,438344,2400,600,1000,50,6.5,cuda,2,7.4,0,user-Puget-Workstation-Threadripper-PRO-WRX90-T140-XL,trial_0013_lr=1.0e-04_weight_decay=1.0e-04_kernel_sizes=7x3_conv_channels=256x256_fc_dims=512_seed2,completed,87a9878115,trial_0013_lr=1.0e-04_weight_decay=1.0e-04_kernel_sizes=7x3_conv_channels=256x256_fc_dims=512_seed2
0.23983779728412627,0.15272955634024413,50,0.24603109180927277,0.10803427170477135,438344,2400,600,1000,50,6.3,cuda,3,7.1,1,user-Puget-Workstation-Threadripper-PRO-WRX90-T140-XL,trial_0013_lr=1.0e-04_weight_decay=1.0e-04_kernel_sizes=7x3_conv_channels=256x256_fc_dims=512_seed3,completed,87a9878115,trial_0013_lr=1.0e-04_weight_decay=1.0e-04_kernel_sizes=7x3_conv_channels=256x256_fc_dims=512_seed3
0.2383394432067871,0.15551980096198914,50,0.24585554766654968,0.11017127573174128,438344,2400,600,1000,50,6.4,cuda,4,7.3,0,user-Puget-Workstation-Threadripper-PRO-WRX90-T140-XL,trial_0013_lr=1.0e-04_weight_decay=1.0e-04_kernel_sizes=7x3_conv_channels=256x256_fc_dims=512_seed4,completed,87a9878115,trial_0013_lr=1.0e-04_weight_decay=1.0e-04_kernel_sizes=7x3_conv_channels=256x256_fc_dims=512_seed4
0.24014158964157103,0.1527965708605517,50,0.24608813214302064,0.1106307225386567,438344,2400,600,1000,50,6.4,cuda,5,7.3,1,user-Puget-Workstation-Threadripper-PRO-WRX90-T140-XL,trial_0013_lr=1.0e-04_weight_decay=1.0e-04_kernel_sizes=7x3_conv_channels=256x256_fc_dims=512_seed5,completed,87a9878115,trial_0013_lr=1.0e-04_weight_decay=1.0e-04_kernel_sizes=7x3_conv_channels=256x256_fc_dims=512_seed5
0.23989502628644307,0.15370828048223098,50,0.24627867662906647,0.10992012582695532,438344,2400,600,1000,50,6.6,cuda,6,7.5,0,user-Puget-Workstation-Threadripper-PRO-WRX90-T140-XL,trial_0013_lr=1.0e-04_weight_decay=1.0e-04_kernel_sizes=7x3_conv_channels=256x256_fc_dims=512_seed6,completed,87a9878115,trial_0013_lr=1.0e-04_weight_decay=1.0e-04_kernel_sizes=7x3_conv_channels=256x256_fc_dims=512_seed6
0.23961841543515525,0.1538821282248156,50,0.24587804341316224,0.10875400138321263,438344,2400,600,1000,50,6.5,cuda,7,7.3,1,user-Puget-Workstation-Threadripper-PRO-WRX90-T140-XL,trial_0013_lr=1.0e-04_weight_decay=1.0e-04_kernel_sizes=7x3_conv_channels=256x256_fc_dims=512_seed7,completed,87a9878115,trial_0013_lr=1.0e-04_weight_decay=1.0e-04_kernel_sizes=7x3_conv_channels=256x256_fc_dims=512_seed7
0.23975592017173766,0.15285363913526434,49,0.24572388935089112,0.1096167508217725,438344,2400,600,1000,50,6.6,cuda,8,7.4,0,user-Puget-Workstation-Threadripper-PRO-WRX90-T140-XL,trial_0013_lr=1.0e-04_weight_decay=1.0e-04_kernel_sizes=7x3_conv_channels=256x256_fc_dims=512_seed8,completed,87a9878115,trial_0013_lr=1.0e-04_weight_decay=1.0e-04_kernel_sizes=7x3_conv_channels=256x256_fc_dims=512_seed8
0.23780214031537375,0.15062369727655775,50,0.2457738324403763,0.11083148906120824,438344,2400,600,1000,50,6.3,cuda,9,7.2,1,user-Puget-Workstation-Threadripper-PRO-WRX90-T140-XL,trial_0013_lr=1.0e-04_weight_decay=1.0e-04_kernel_sizes=7x3_conv_channels=256x256_fc_dims=512_seed9,completed,87a9878115,trial_0013_lr=1.0e-04_weight_decay=1.0e-04_kernel_sizes=7x3_conv_channels=256x256_fc_dims=512_seed9
0.21082918802897135,0.26740829564827706,50,0.23158868932724,0.1919572046119789,438344,2400,600,1000,50,6.6,cuda,0,7.5,0,user-Puget-Workstation-Threadripper-PRO-WRX90-T140-XL,trial_0014_lr=1.0e-03_weight_decay=0.0e+00_kernel_sizes=7x3_conv_channels=256x256_fc_dims=512_seed0,completed,e51b572a20,trial_0014_lr=1.0e-03_weight_decay=0.0e+00_kernel_sizes=7x3_conv_channels=256x256_fc_dims=512_seed0
0.2102688862880071,0.2752118631070987,50,0.23121127605438233,0.1942733870188813,438344,2400,600,1000,50,6.4,cuda,1,7.2,1,user-Puget-Workstation-Threadripper-PRO-WRX90-T140-XL,trial_0014_lr=1.0e-03_weight_decay=0.0e+00_kernel_sizes=7x3_conv_channels=256x256_fc_dims=512_seed1,completed,e51b572a20,trial_0014_lr=1.0e-03_weight_decay=0.0e+00_kernel_sizes=7x3_conv_channels=256x256_fc_dims=512_seed1
0.21041777034600576,0.2740279518006857,50,0.2314695632457733,0.19410962492752157,438344,2400,600,1000,50,6.4,cuda,2,7.3,0,user-Puget-Workstation-Threadripper-PRO-WRX90-T140-XL,trial_0014_lr=1.0e-03_weight_decay=0.0e+00_kernel_sizes=7x3_conv_channels=256x256_fc_dims=512_seed2,completed,e51b572a20,trial_0014_lr=1.0e-03_weight_decay=0.0e+00_kernel_sizes=7x3_conv_channels=256x256_fc_dims=512_seed2
0.21289249261220297,0.26974041698167434,50,0.23174044930934906,0.1925608629692392,438344,2400,600,1000,50,6.3,cuda,3,7.2,1,user-Puget-Workstation-Threadripper-PRO-WRX90-T140-XL,trial_0014_lr=1.0e-03_weight_decay=0.0e+00_kernel_sizes=7x3_conv_channels=256x256_fc_dims=512_seed3,completed,e51b572a20,trial_0014_lr=1.0e-03_weight_decay=0.0e+00_kernel_sizes=7x3_conv_channels=256x256_fc_dims=512_seed3
0.2114811352888743,0.2719650107304138,50,0.23108842837810517,0.1948925375290319,438344,2400,600,1000,50,6.4,cuda,4,7.2,0,user-Puget-Workstation-Threadripper-PRO-WRX90-T140-XL,trial_0014_lr=1.0e-03_weight_decay=0.0e+00_kernel_sizes=7x3_conv_channels=256x256_fc_dims=512_seed4,completed,e51b572a20,trial_0014_lr=1.0e-03_weight_decay=0.0e+00_kernel_sizes=7x3_conv_channels=256x256_fc_dims=512_seed4
0.21314027667045593,0.27061264440124416,50,0.23176325488090516,0.19249547249329416,438344,2400,600,1000,50,6.5,cuda,5,7.3,1,user-Puget-Workstation-Threadripper-PRO-WRX90-T140-XL,trial_0014_lr=1.0e-03_weight_decay=0.0e+00_kernel_sizes=7x3_conv_channels=256x256_fc_dims=512_seed5,completed,e51b572a20,trial_0014_lr=1.0e-03_weight_decay=0.0e+00_kernel_sizes=7x3_conv_channels=256x256_fc_dims=512_seed5
0.21259313583374023,0.2708625898408003,50,0.23141542065143586,0.1938955792755805,438344,2400,600,1000,50,6.6,cuda,6,7.4,0,user-Puget-Workstation-Threadripper-PRO-WRX90-T140-XL,trial_0014_lr=1.0e-03_weight_decay=0.0e+00_kernel_sizes=7x3_conv_channels=256x256_fc_dims=512_seed6,completed,e51b572a20,trial_0014_lr=1.0e-03_weight_decay=0.0e+00_kernel_sizes=7x3_conv_channels=256x256_fc_dims=512_seed6
0.21291418194770814,0.2713621409401976,50,0.2315820108652115,0.19156433194109887,438344,2400,600,1000,50,6.3,cuda,7,7.1,1,user-Puget-Workstation-Threadripper-PRO-WRX90-T140-XL,trial_0014_lr=1.0e-03_weight_decay=0.0e+00_kernel_sizes=7x3_conv_channels=256x256_fc_dims=512_seed7,completed,e51b572a20,trial_0014_lr=1.0e-03_weight_decay=0.0e+00_kernel_sizes=7x3_conv_channels=256x256_fc_dims=512_seed7
0.21390506148338317,0.2661891870250571,49,0.23166656064987182,0.19104907320941605,438344,2400,600,1000,50,6.3,cuda,8,7.2,0,user-Puget-Workstation-Threadripper-PRO-WRX90-T140-XL,trial_0014_lr=1.0e-03_weight_decay=0.0e+00_kernel_sizes=7x3_conv_channels=256x256_fc_dims=512_seed8,completed,e51b572a20,trial_0014_lr=1.0e-03_weight_decay=0.0e+00_kernel_sizes=7x3_conv_channels=256x256_fc_dims=512_seed8
0.21128287434577941,0.2691394105842203,50,0.2314550806283951,0.19313474454695195,438344,2400,600,1000,50,6.4,cuda,9,7.2,1,user-Puget-Workstation-Threadripper-PRO-WRX90-T140-XL,trial_0014_lr=1.0e-03_weight_decay=0.0e+00_kernel_sizes=7x3_conv_channels=256x256_fc_dims=512_seed9,completed,e51b572a20,trial_0014_lr=1.0e-03_weight_decay=0.0e+00_kernel_sizes=7x3_conv_channels=256x256_fc_dims=512_seed9
0.20696716527144113,0.2824125298048218,50,0.22951243889331818,0.20290859583212403,438344,2400,600,1000,50,6.4,cuda,0,7.3,0,user-Puget-Workstation-Threadripper-PRO-WRX90-T140-XL,trial_0015_lr=1.0e-03_weight_decay=1.0e-04_kernel_sizes=7x3_conv_channels=256x256_fc_dims=512_seed0,completed,e966e78792,trial_0015_lr=1.0e-03_weight_decay=1.0e-04_kernel_sizes=7x3_conv_channels=256x256_fc_dims=512_seed0
0.20659751911958057,0.29233253646507024,50,0.2291448563337326,0.20681143425805726,438344,2400,600,1000,50,6.4,cuda,1,7.2,1,user-Puget-Workstation-Threadripper-PRO-WRX90-T140-XL,trial_0015_lr=1.0e-03_weight_decay=1.0e-04_kernel_sizes=7x3_conv_channels=256x256_fc_dims=512_seed1,completed,e966e78792,trial_0015_lr=1.0e-03_weight_decay=1.0e-04_kernel_sizes=7x3_conv_channels=256x256_fc_dims=512_seed1
0.20648020883401236,0.2907456194045029,50,0.22886633789539337,0.20574626671567034,438344,2400,600,1000,50,6.5,cuda,2,7.3,0,user-Puget-Workstation-Threadripper-PRO-WRX90-T140-XL,trial_0015_lr=1.0e-03_weight_decay=1.0e-04_kernel_sizes=7x3_conv_channels=256x256_fc_dims=512_seed2,completed,e966e78792,trial_0015_lr=1.0e-03_weight_decay=1.0e-04_kernel_sizes=7x3_conv_channels=256x256_fc_dims=512_seed2
0.20906136234601339,0.2889846183111935,50,0.22881251776218414,0.20758036591046397,438344,2400,600,1000,50,6.6,cuda,3,7.4,1,user-Puget-Workstation-Threadripper-PRO-WRX90-T140-XL,trial_0015_lr=1.0e-03_weight_decay=1.0e-04_kernel_sizes=7x3_conv_channels=256x256_fc_dims=512_seed3,completed,e966e78792,trial_0015_lr=1.0e-03_weight_decay=1.0e-04_kernel_sizes=7x3_conv_channels=256x256_fc_dims=512_seed3
0.20751385311285656,0.287516258601196,49,0.228685049533844,0.20563671266811442,438344,2400,600,1000,50,6.3,cuda,4,7.1,0,user-Puget-Workstation-Threadripper-PRO-WRX90-T140-XL,trial_0015_lr=1.0e-03_weight_decay=1.0e-04_kernel_sizes=7x3_conv_channels=256x256_fc_dims=512_seed4,completed,e966e78792,trial_0015_lr=1.0e-03_weight_decay=1.0e-04_kernel_sizes=7x3_conv_channels=256x256_fc_dims=512_seed4
0.2088170943657557,0.2883030118255989,50,0.2286243772506714,0.20612222380609654,438344,2400,600,1000,50,6.5,cuda,5,7.4,1,user-Puget-Workstation-Threadripper-PRO-WRX90-T140-XL,trial_0015_lr=1.0e-03_weight_decay=1.0e-04_kernel_sizes=7x3_conv_channels=256x256_fc_dims=512_seed5,completed,e966e78792,trial_0015_lr=1.0e-03_weight_decay=1.0e-04_kernel_sizes=7x3_conv_channels=256x256_fc_dims=512_seed5
0.20928292552630107,0.2862699518025302,49,0.2293507796525955,0.2048002208862132,438344,2400,600,1000,50,6.4,cuda,6,7.3,0,user-Puget-Workstation-Threadripper-PRO-WRX90-T140-XL,trial_0015_lr=1.0e-03_weight_decay=1.0e-04_kernel_sizes=7x3_conv_channels=256x256_fc_dims=512_seed6,completed,e966e78792,trial_0015_lr=1.0e-03_weight_decay=1.0e-04_kernel_sizes=7x3_conv_channels=256x256_fc_dims=512_seed6
0.20828051686286927,0.2900528476798071,50,0.22874533677101136,0.20422591282996055,438344,2400,600,1000,50,6.4,cuda,7,7.3,1,user-Puget-Workstation-Threadripper-PRO-WRX90-T140-XL,trial_0015_lr=1.0e-03_weight_decay=1.0e-04_kernel_sizes=7x3_conv_channels=256x256_fc_dims=512_seed7,completed,e966e78792,trial_0015_lr=1.0e-03_weight_decay=1.0e-04_kernel_sizes=7x3_conv_channels=256x256_fc_dims=512_seed7
0.2097404400507609,0.28379111686996134,48,0.22905666971206665,0.2045650073934034,438344,2400,600,1000,50,6.7,cuda,8,7.5,0,user-Puget-Workstation-Threadripper-PRO-WRX90-T140-XL,trial_0015_lr=1.0e-03_weight_decay=1.0e-04_kernel_sizes=7x3_conv_channels=256x256_fc_dims=512_seed8,completed,e966e78792,trial_0015_lr=1.0e-03_weight_decay=1.0e-04_kernel_sizes=7x3_conv_channels=256x256_fc_dims=512_seed8
0.20772381544113158,0.2842970593842777,49,0.22900694918632508,0.2052157924558166,438344,2400,600,1000,50,6.5,cuda,9,7.3,1,user-Puget-Workstation-Threadripper-PRO-WRX90-T140-XL,trial_0015_lr=1.0e-03_weight_decay=1.0e-04_kernel_sizes=7x3_conv_channels=256x256_fc_dims=512_seed9,completed,e966e78792,trial_0015_lr=1.0e-03_weight_decay=1.0e-04_kernel_sizes=7x3_conv_channels=256x256_fc_dims=512_seed9
0.23758979757626852,0.15414187112593267,50,0.2466414453983307,0.1111416945412416,417864,2400,600,1000,50,6.5,cuda,0,7.3,0,user-Puget-Workstation-Threadripper-PRO-WRX90-T140-XL,trial_0016_lr=1.0e-04_weight_decay=0.0e+00_kernel_sizes=5x3_conv_channels=256x256_fc_dims=512_seed0,completed,f1c7247f41,trial_0016_lr=1.0e-04_weight_decay=0.0e+00_kernel_sizes=5x3_conv_channels=256x256_fc_dims=512_seed0
0.23809512674808503,0.15370032187453053,49,0.24695015835762024,0.10927264868739396,417864,2400,600,1000,50,6.4,cuda,1,7.2,1,user-Puget-Workstation-Threadripper-PRO-WRX90-T140-XL,trial_0016_lr=1.0e-04_weight_decay=0.0e+00_kernel_sizes=5x3_conv_channels=256x256_fc_dims=512_seed1,completed,f1c7247f41,trial_0016_lr=1.0e-04_weight_decay=0.0e+00_kernel_sizes=5x3_conv_channels=256x256_fc_dims=512_seed1
0.23820450445016225,0.15356258664661018,50,0.24672750234603882,0.1111087969591099,417864,2400,600,1000,50,6.5,cuda,2,7.4,0,user-Puget-Workstation-Threadripper-PRO-WRX90-T140-XL,trial_0016_lr=1.0e-04_weight_decay=0.0e+00_kernel_sizes=5x3_conv_channels=256x256_fc_dims=512_seed2,completed,f1c7247f41,trial_0016_lr=1.0e-04_weight_decay=0.0e+00_kernel_sizes=5x3_conv_channels=256x256_fc_dims=512_seed2
0.23956346213817598,0.15709203066717517,50,0.24642499577999116,0.11257043509015131,417864,2400,600,1000,50,6.3,cuda,3,7.1,1,user-Puget-Workstation-Threadripper-PRO-WRX90-T140-XL,trial_0016_lr=1.0e-04_weight_decay=0.0e+00_kernel_sizes=5x3_conv_channels=256x256_fc_dims=512_seed3,completed,f1c7247f41,trial_0016_lr=1.0e-04_weight_decay=0.0e+00_kernel_sizes=5x3_conv_channels=256x256_fc_dims=512_seed3
0.23880456487337748,0.15678715743745375,50,0.2466422791481018,0.1105546471359406,417864,2400,600,1000,50,6.5,cuda,4,7.4,0,user-Puget-Workstation-Threadripper-PRO-WRX90-T140-XL,trial_0016_lr=1.0e-04_weight_decay=0.0e+00_kernel_sizes=5x3_conv_channels=256x256_fc_dims=512_seed4,completed,f1c7247f41,trial_0016_lr=1.0e-04_weight_decay=0.0e+00_kernel_sizes=5x3_conv_channels=256x256_fc_dims=512_seed4
0.24029643138249715,0.15568583771283456,50,0.24714882147312164,0.11154185755348105,417864,2400,600,1000,50,6.4,cuda,5,7.3,1,user-Puget-Workstation-Threadripper-PRO-WRX90-T140-XL,trial_0016_lr=1.0e-04_weight_decay=0.0e+00_kernel_sizes=5x3_conv_channels=256x256_fc_dims=512_seed5,completed,f1c7247f41,trial_0016_lr=1.0e-04_weight_decay=0.0e+00_kernel_sizes=5x3_conv_channels=256x256_fc_dims=512_seed5
0.24002535700798033,0.15576390419613254,50,0.24677253770828247,0.11161864458668226,417864,2400,600,1000,50,6.6,cuda,6,7.4,0,user-Puget-Workstation-Threadripper-PRO-WRX90-T140-XL,trial_0016_lr=1.0e-04_weight_decay=0.0e+00_kernel_sizes=5x3_conv_channels=256x256_fc_dims=512_seed6,completed,f1c7247f41,trial_0016_lr=1.0e-04_weight_decay=0.0e+00_kernel_sizes=5x3_conv_channels=256x256_fc_dims=512_seed6
0.23959578812122345,0.1572878282006305,50,0.2468491530418396,0.11042409284799501,417864,2400,600,1000,50,6.5,cuda,7,7.4,1,user-Puget-Workstation-Threadripper-PRO-WRX90-T140-XL,trial_0016_lr=1.0e-04_weight_decay=0.0e+00_kernel_sizes=5x3_conv_channels=256x256_fc_dims=512_seed7,completed,f1c7247f41,trial_0016_lr=1.0e-04_weight_decay=0.0e+00_kernel_sizes=5x3_conv_channels=256x256_fc_dims=512_seed7
0.24046140193939208,0.15341443240319877,49,0.2467396957874298,0.11141062335856602,417864,2400,600,1000,50,6.5,cuda,8,7.3,0,user-Puget-Workstation-Threadripper-PRO-WRX90-T140-XL,trial_0016_lr=1.0e-04_weight_decay=0.0e+00_kernel_sizes=5x3_conv_channels=256x256_fc_dims=512_seed8,completed,f1c7247f41,trial_0016_lr=1.0e-04_weight_decay=0.0e+00_kernel_sizes=5x3_conv_channels=256x256_fc_dims=512_seed8
0.23824748734633128,0.1530679419688319,50,0.24693223774433137,0.11106226543687812,417864,2400,600,1000,50,6.5,cuda,9,7.3,1,user-Puget-Workstation-Threadripper-PRO-WRX90-T140-XL,trial_0016_lr=1.0e-04_weight_decay=0.0e+00_kernel_sizes=5x3_conv_channels=256x256_fc_dims=512_seed9,completed,f1c7247f41,trial_0016_lr=1.0e-04_weight_decay=0.0e+00_kernel_sizes=5x3_conv_channels=256x256_fc_dims=512_seed9
0.23696202655633292,0.15655841548682814,50,0.24623865044116974,0.11266732416137093,417864,2400,600,1000,50,6.5,cuda,0,7.4,0,user-Puget-Workstation-Threadripper-PRO-WRX90-T140-XL,trial_0017_lr=1.0e-04_weight_decay=1.0e-04_kernel_sizes=5x3_conv_channels=256x256_fc_dims=512_seed0,completed,10eb3d85fc,trial_0017_lr=1.0e-04_weight_decay=1.0e-04_kernel_sizes=5x3_conv_channels=256x256_fc_dims=512_seed0
0.237476500471433,0.1560142601073624,49,0.2465319322347641,0.11073217887775007,417864,2400,600,1000,50,6.5,cuda,1,7.4,1,user-Puget-Workstation-Threadripper-PRO-WRX90-T140-XL,trial_0017_lr=1.0e-04_weight_decay=1.0e-04_kernel_sizes=5x3_conv_channels=256x256_fc_dims=512_seed1,completed,10eb3d85fc,trial_0017_lr=1.0e-04_weight_decay=1.0e-04_kernel_sizes=5x3_conv_channels=256x256_fc_dims=512_seed1
0.2375137754281362,0.15570630363744356,50,0.2462460687160492,0.11252233915233674,417864,2400,600,1000,50,6.5,cuda,2,7.4,0,user-Puget-Workstation-Threadripper-PRO-WRX90-T140-XL,trial_0017_lr=1.0e-04_weight_decay=1.0e-04_kernel_sizes=5x3_conv_channels=256x256_fc_dims=512_seed2,completed,10eb3d85fc,trial_0017_lr=1.0e-04_weight_decay=1.0e-04_kernel_sizes=5x3_conv_channels=256x256_fc_dims=512_seed2
0.2389304045836131,0.15950244251128917,50,0.24601371252536774,0.11420183800819027,417864,2400,600,1000,50,6.5,cuda,3,7.3,1,user-Puget-Workstation-Threadripper-PRO-WRX90-T140-XL,trial_0017_lr=1.0e-04_weight_decay=1.0e-04_kernel_sizes=5x3_conv_channels=256x256_fc_dims=512_seed3,completed,10eb3d85fc,trial_0017_lr=1.0e-04_weight_decay=1.0e-04_kernel_sizes=5x3_conv_channels=256x256_fc_dims=512_seed3
0.23821813960870106,0.1588109332747497,50,0.24628217804431915,0.11181789756113386,417864,2400,600,1000,50,6.6,cuda,4,7.5,0,user-Puget-Workstation-Threadripper-PRO-WRX90-T140-XL,trial_0017_lr=1.0e-04_weight_decay=1.0e-04_kernel_sizes=5x3_conv_channels=256x256_fc_dims=512_seed4,completed,10eb3d85fc,trial_0017_lr=1.0e-04_weight_decay=1.0e-04_kernel_sizes=5x3_conv_channels=256x256_fc_dims=512_seed4
0.239617134531339,0.1578400369048746,50,0.24670696067810058,0.11278479552423619,417864,2400,600,1000,50,6.6,cuda,5,7.5,1,user-Puget-Workstation-Threadripper-PRO-WRX90-T140-XL,trial_0017_lr=1.0e-04_weight_decay=1.0e-04_kernel_sizes=5x3_conv_channels=256x256_fc_dims=512_seed5,completed,10eb3d85fc,trial_0017_lr=1.0e-04_weight_decay=1.0e-04_kernel_sizes=5x3_conv_channels=256x256_fc_dims=512_seed5
0.23941306114196778,0.1570420257113306,49,0.2462836525440216,0.11232560786893515,417864,2400,600,1000,50,6.4,cuda,6,7.2,0,user-Puget-Workstation-Threadripper-PRO-WRX90-T140-XL,trial_0017_lr=1.0e-04_weight_decay=1.0e-04_kernel_sizes=5x3_conv_channels=256x256_fc_dims=512_seed6,completed,10eb3d85fc,trial_0017_lr=1.0e-04_weight_decay=1.0e-04_kernel_sizes=5x3_conv_channels=256x256_fc_dims=512_seed6
0.23898830890655517,0.15950365698857077,50,0.24646468341350555,0.11183080378885282,417864,2400,600,1000,50,6.6,cuda,7,7.4,1,user-Puget-Workstation-Threadripper-PRO-WRX90-T140-XL,trial_0017_lr=1.0e-04_weight_decay=1.0e-04_kernel_sizes=5x3_conv_channels=256x256_fc_dims=512_seed7,completed,10eb3d85fc,trial_0017_lr=1.0e-04_weight_decay=1.0e-04_kernel_sizes=5x3_conv_channels=256x256_fc_dims=512_seed7
0.2398805425564448,0.1546237500382739,48,0.24627417242527008,0.11207163189034156,417864,2400,600,1000,50,6.4,cuda,8,7.2,0,user-Puget-Workstation-Threadripper-PRO-WRX90-T140-XL,trial_0017_lr=1.0e-04_weight_decay=1.0e-04_kernel_sizes=5x3_conv_channels=256x256_fc_dims=512_seed8,completed,10eb3d85fc,trial_0017_lr=1.0e-04_weight_decay=1.0e-04_kernel_sizes=5x3_conv_channels=256x256_fc_dims=512_seed8
0.2375546983877818,0.1554898372651347,50,0.24646377646923065,0.11253997543065059,417864,2400,600,1000,50,6.5,cuda,9,7.4,1,user-Puget-Workstation-Threadripper-PRO-WRX90-T140-XL,trial_0017_lr=1.0e-04_weight_decay=1.0e-04_kernel_sizes=5x3_conv_channels=256x256_fc_dims=512_seed9,completed,10eb3d85fc,trial_0017_lr=1.0e-04_weight_decay=1.0e-04_kernel_sizes=5x3_conv_channels=256x256_fc_dims=512_seed9
0.2103606681029002,0.27022816057124416,50,0.2313856451511383,0.19452356646556013,417864,2400,600,1000,50,6.3,cuda,0,7.2,0,user-Puget-Workstation-Threadripper-PRO-WRX90-T140-XL,trial_0018_lr=1.0e-03_weight_decay=0.0e+00_kernel_sizes=5x3_conv_channels=256x256_fc_dims=512_seed0,completed,6d28c3367a,trial_0018_lr=1.0e-03_weight_decay=0.0e+00_kernel_sizes=5x3_conv_channels=256x256_fc_dims=512_seed0
0.2108459742863973,0.27367093720091046,50,0.23132637155056,0.1942143392193827,417864,2400,600,1000,50,6.4,cuda,1,7.3,1,user-Puget-Workstation-Threadripper-PRO-WRX90-T140-XL,trial_0018_lr=1.0e-03_weight_decay=0.0e+00_kernel_sizes=5x3_conv_channels=256x256_fc_dims=512_seed1,completed,6d28c3367a,trial_0018_lr=1.0e-03_weight_decay=0.0e+00_kernel_sizes=5x3_conv_channels=256x256_fc_dims=512_seed1
0.21165360927581786,0.269163703400406,50,0.2318993492126465,0.19336466900812666,417864,2400,600,1000,50,6.4,cuda,2,7.3,0,user-Puget-Workstation-Threadripper-PRO-WRX90-T140-XL,trial_0018_lr=1.0e-03_weight_decay=0.0e+00_kernel_sizes=5x3_conv_channels=256x256_fc_dims=512_seed2,completed,6d28c3367a,trial_0018_lr=1.0e-03_weight_decay=0.0e+00_kernel_sizes=5x3_conv_channels=256x256_fc_dims=512_seed2
0.21258953034877778,0.2716416541332877,50,0.23134469389915466,0.19413568749473653,417864,2400,600,1000,50,6.5,cuda,3,7.4,1,user-Puget-Workstation-Threadripper-PRO-WRX90-T140-XL,trial_0018_lr=1.0e-03_weight_decay=0.0e+00_kernel_sizes=5x3_conv_channels=256x256_fc_dims=512_seed3,completed,6d28c3367a,trial_0018_lr=1.0e-03_weight_decay=0.0e+00_kernel_sizes=5x3_conv_channels=256x256_fc_dims=512_seed3
0.21157993058363597,0.27259201656438464,50,0.2313444709777832,0.194925153222956,417864,2400,600,1000,50,6.5,cuda,4,7.3,0,user-Puget-Workstation-Threadripper-PRO-WRX90-T140-XL,trial_0018_lr=1.0e-03_weight_decay=0.0e+00_kernel_sizes=5x3_conv_channels=256x256_fc_dims=512_seed4,completed,6d28c3367a,trial_0018_lr=1.0e-03_weight_decay=0.0e+00_kernel_sizes=5x3_conv_channels=256x256_fc_dims=512_seed4
0.21261177877585094,0.27414337709996356,50,0.23150112128257752,0.19526779349375453,417864,2400,600,1000,50,6.5,cuda,5,7.3,1,user-Puget-Workstation-Threadripper-PRO-WRX90-T140-XL,trial_0018_lr=1.0e-03_weight_decay=0.0e+00_kernel_sizes=5x3_conv_channels=256x256_fc_dims=512_seed5,completed,6d28c3367a,trial_0018_lr=1.0e-03_weight_decay=0.0e+00_kernel_sizes=5x3_conv_channels=256x256_fc_dims=512_seed5
0.21290637850761412,0.271068732792887,50,0.23143258714675904,0.19424240636906082,417864,2400,600,1000,50,6.3,cuda,6,7.2,0,user-Puget-Workstation-Threadripper-PRO-WRX90-T140-XL,trial_0018_lr=1.0e-03_weight_decay=0.0e+00_kernel_sizes=5x3_conv_channels=256x256_fc_dims=512_seed6,completed,6d28c3367a,trial_0018_lr=1.0e-03_weight_decay=0.0e+00_kernel_sizes=5x3_conv_channels=256x256_fc_dims=512_seed6
0.21276840289433796,0.27229407697335756,49,0.23129618775844574,0.19280716812205284,417864,2400,600,1000,50,6.4,cuda,7,7.3,1,user-Puget-Workstation-Threadripper-PRO-WRX90-T140-XL,trial_0018_lr=1.0e-03_weight_decay=0.0e+00_kernel_sizes=5x3_conv_channels=256x256_fc_dims=512_seed7,completed,6d28c3367a,trial_0018_lr=1.0e-03_weight_decay=0.0e+00_kernel_sizes=5x3_conv_channels=256x256_fc_dims=512_seed7
0.21330936312675475,0.2688645498814994,50,0.231447949051857,0.19352451935693607,417864,2400,600,1000,50,6.4,cuda,8,7.3,0,user-Puget-Workstation-Threadripper-PRO-WRX90-T140-XL,trial_0018_lr=1.0e-03_weight_decay=0.0e+00_kernel_sizes=5x3_conv_channels=256x256_fc_dims=512_seed8,completed,6d28c3367a,trial_0018_lr=1.0e-03_weight_decay=0.0e+00_kernel_sizes=5x3_conv_channels=256x256_fc_dims=512_seed8
0.21060078263282775,0.27302784741534913,50,0.2312138228416443,0.19617700812103075,417864,2400,600,1000,50,6.5,cuda,9,7.4,1,user-Puget-Workstation-Threadripper-PRO-WRX90-T140-XL,trial_0018_lr=1.0e-03_weight_decay=0.0e+00_kernel_sizes=5x3_conv_channels=256x256_fc_dims=512_seed9,completed,6d28c3367a,trial_0018_lr=1.0e-03_weight_decay=0.0e+00_kernel_sizes=5x3_conv_channels=256x256_fc_dims=512_seed9
0.2059529107809067,0.28705225942906937,50,0.22874235427379608,0.2065797821009881,417864,2400,600,1000,50,6.4,cuda,0,7.3,0,user-Puget-Workstation-Threadripper-PRO-WRX90-T140-XL,trial_0019_lr=1.0e-03_weight_decay=1.0e-04_kernel_sizes=5x3_conv_channels=256x256_fc_dims=512_seed0,completed,5e73847b92,trial_0019_lr=1.0e-03_weight_decay=1.0e-04_kernel_sizes=5x3_conv_channels=256x256_fc_dims=512_seed0
0.20673115670681,0.2878982326774963,49,0.2286454974412918,0.2040061266130422,417864,2400,600,1000,50,6.6,cuda,1,7.5,1,user-Puget-Workstation-Threadripper-PRO-WRX90-T140-XL,trial_0019_lr=1.0e-03_weight_decay=1.0e-04_kernel_sizes=5x3_conv_channels=256x256_fc_dims=512_seed1,completed,5e73847b92,trial_0019_lr=1.0e-03_weight_decay=1.0e-04_kernel_sizes=5x3_conv_channels=256x256_fc_dims=512_seed1
0.20708815673987072,0.2857749614818412,50,0.2293229773044586,0.2048247368116697,417864,2400,600,1000,50,6.5,cuda,2,7.3,0,user-Puget-Workstation-Threadripper-PRO-WRX90-T140-XL,trial_0019_lr=1.0e-03_weight_decay=1.0e-04_kernel_sizes=5x3_conv_channels=256x256_fc_dims=512_seed2,completed,5e73847b92,trial_0019_lr=1.0e-03_weight_decay=1.0e-04_kernel_sizes=5x3_conv_channels=256x256_fc_dims=512_seed2
0.20878836035728454,0.2871655761686229,50,0.22879185497760773,0.2061847269542575,417864,2400,600,1000,50,6.6,cuda,3,7.4,1,user-Puget-Workstation-Threadripper-PRO-WRX90-T140-XL,trial_0019_lr=1.0e-03_weight_decay=1.0e-04_kernel_sizes=5x3_conv_channels=256x256_fc_dims=512_seed3,completed,5e73847b92,trial_0019_lr=1.0e-03_weight_decay=1.0e-04_kernel_sizes=5x3_conv_channels=256x256_fc_dims=512_seed3
0.20819015602270763,0.2850993092211299,49,0.22921596992015839,0.20452369802391443,417864,2400,600,1000,50,6.4,cuda,4,7.2,0,user-Puget-Workstation-Threadripper-PRO-WRX90-T140-XL,trial_0019_lr=1.0e-03_weight_decay=1.0e-04_kernel_sizes=5x3_conv_channels=256x256_fc_dims=512_seed4,completed,5e73847b92,trial_0019_lr=1.0e-03_weight_decay=1.0e-04_kernel_sizes=5x3_conv_channels=256x256_fc_dims=512_seed4
0.20813080151875815,0.29098517519237355,50,0.2286729459762573,0.20729653386314154,417864,2400,600,1000,50,6.4,cuda,5,7.2,1,user-Puget-Workstation-Threadripper-PRO-WRX90-T140-XL,trial_0019_lr=1.0e-03_weight_decay=1.0e-04_kernel_sizes=5x3_conv_channels=256x256_fc_dims=512_seed5,completed,5e73847b92,trial_0019_lr=1.0e-03_weight_decay=1.0e-04_kernel_sizes=5x3_conv_channels=256x256_fc_dims=512_seed5
0.20898373941580453,0.28528507460741764,50,0.22888606345653534,0.20474240341761243,417864,2400,600,1000,50,6.4,cuda,6,7.3,0,user-Puget-Workstation-Threadripper-PRO-WRX90-T140-XL,trial_0019_lr=1.0e-03_weight_decay=1.0e-04_kernel_sizes=5x3_conv_channels=256x256_fc_dims=512_seed6,completed,5e73847b92,trial_0019_lr=1.0e-03_weight_decay=1.0e-04_kernel_sizes=5x3_conv_channels=256x256_fc_dims=512_seed6
0.20939318497975667,0.286413695510921,47,0.22914026546478272,0.20198599432821482,417864,2400,600,1000,50,6.5,cuda,7,7.3,1,user-Puget-Workstation-Threadripper-PRO-WRX90-T140-XL,trial_0019_lr=1.0e-03_weight_decay=1.0e-04_kernel_sizes=5x3_conv_channels=256x256_fc_dims=512_seed7,completed,5e73847b92,trial_0019_lr=1.0e-03_weight_decay=1.0e-04_kernel_sizes=5x3_conv_channels=256x256_fc_dims=512_seed7
0.208731573621432,0.28686843156845543,50,0.2285761077404022,0.20594261290575422,417864,2400,600,1000,50,6.4,cuda,8,7.2,0,user-Puget-Workstation-Threadripper-PRO-WRX90-T140-XL,trial_0019_lr=1.0e-03_weight_decay=1.0e-04_kernel_sizes=5x3_conv_channels=256x256_fc_dims=512_seed8,completed,5e73847b92,trial_0019_lr=1.0e-03_weight_decay=1.0e-04_kernel_sizes=5x3_conv_channels=256x256_fc_dims=512_seed8
0.20724298079808554,0.2871400851452476,50,0.22889041256904602,0.20576049302555782,417864,2400,600,1000,50,6.5,cuda,9,7.3,1,user-Puget-Workstation-Threadripper-PRO-WRX90-T140-XL,trial_0019_lr=1.0e-03_weight_decay=1.0e-04_kernel_sizes=5x3_conv_channels=256x256_fc_dims=512_seed9,completed,5e73847b92,trial_0019_lr=1.0e-03_weight_decay=1.0e-04_kernel_sizes=5x3_conv_channels=256x256_fc_dims=512_seed9
0.23926741302013396,0.14244967333289013,50,0.24702506244182587,0.10359418005514817,469064,2400,600,1000,50,6.6,cuda,0,7.4,0,user-Puget-Workstation-Threadripper-PRO-WRX90-T140-XL,trial_0020_lr=1.0e-04_weight_decay=0.0e+00_kernel_sizes=10x3_conv_channels=256x256_fc_dims=512_seed0,completed,c79d9c6deb,trial_0020_lr=1.0e-04_weight_decay=0.0e+00_kernel_sizes=10x3_conv_channels=256x256_fc_dims=512_seed0
0.24000800987084706,0.1445175338611606,50,0.24715091252326965,0.10321029751186296,469064,2400,600,1000,50,6.6,cuda,1,7.4,1,user-Puget-Workstation-Threadripper-PRO-WRX90-T140-XL,trial_0020_lr=1.0e-04_weight_decay=0.0e+00_kernel_sizes=10x3_conv_channels=256x256_fc_dims=512_seed1,completed,c79d9c6deb,trial_0020_lr=1.0e-04_weight_decay=0.0e+00_kernel_sizes=10x3_conv_channels=256x256_fc_dims=512_seed1
0.23998442908128104,0.14211953964594273,50,0.246979998588562,0.10433275044442941,469064,2400,600,1000,50,6.5,cuda,2,7.3,0,user-Puget-Workstation-Threadripper-PRO-WRX90-T140-XL,trial_0020_lr=1.0e-04_weight_decay=0.0e+00_kernel_sizes=10x3_conv_channels=256x256_fc_dims=512_seed2,completed,c79d9c6deb,trial_0020_lr=1.0e-04_weight_decay=0.0e+00_kernel_sizes=10x3_conv_channels=256x256_fc_dims=512_seed2
0.24152731756369272,0.14622573390242677,50,0.24670619821548462,0.10507145706889645,469064,2400,600,1000,50,6.5,cuda,3,7.4,1,user-Puget-Workstation-Threadripper-PRO-WRX90-T140-XL,trial_0020_lr=1.0e-04_weight_decay=0.0e+00_kernel_sizes=10x3_conv_channels=256x256_fc_dims=512_seed3,completed,c79d9c6deb,trial_0020_lr=1.0e-04_weight_decay=0.0e+00_kernel_sizes=10x3_conv_channels=256x256_fc_dims=512_seed3
0.2406600989898046,0.14584448443211986,50,0.24720519709587097,0.10387390084056324,469064,2400,600,1000,50,6.4,cuda,4,7.3,0,user-Puget-Workstation-Threadripper-PRO-WRX90-T140-XL,trial_0020_lr=1.0e-04_weight_decay=0.0e+00_kernel_sizes=10x3_conv_channels=256x256_fc_dims=512_seed4,completed,c79d9c6deb,trial_0020_lr=1.0e-04_weight_decay=0.0e+00_kernel_sizes=10x3_conv_channels=256x256_fc_dims=512_seed4
0.24175942718982696,0.144224824695318,50,0.24680483651161195,0.10530756480810143,469064,2400,600,1000,50,6.5,cuda,5,7.5,1,user-Puget-Workstation-Threadripper-PRO-WRX90-T140-XL,trial_0020_lr=1.0e-04_weight_decay=0.0e+00_kernel_sizes=10x3_conv_channels=256x256_fc_dims=512_seed5,completed,c79d9c6deb,trial_0020_lr=1.0e-04_weight_decay=0.0e+00_kernel_sizes=10x3_conv_channels=256x256_fc_dims=512_seed5
0.24153655886650086,0.14591051450449324,50,0.246866508603096,0.10445021995563471,469064,2400,600,1000,50,6.6,cuda,6,7.4,0,user-Puget-Workstation-Threadripper-PRO-WRX90-T140-XL,trial_0020_lr=1.0e-04_weight_decay=0.0e+00_kernel_sizes=10x3_conv_channels=256x256_fc_dims=512_seed6,completed,c79d9c6deb,trial_0020_lr=1.0e-04_weight_decay=0.0e+00_kernel_sizes=10x3_conv_channels=256x256_fc_dims=512_seed6
0.24142346680164337,0.14712994659905262,50,0.2470148342847824,0.1029764404610989,469064,2400,600,1000,50,6.7,cuda,7,7.6,1,user-Puget-Workstation-Threadripper-PRO-WRX90-T140-XL,trial_0020_lr=1.0e-04_weight_decay=0.0e+00_kernel_sizes=10x3_conv_channels=256x256_fc_dims=512_seed7,completed,c79d9c6deb,trial_0020_lr=1.0e-04_weight_decay=0.0e+00_kernel_sizes=10x3_conv_channels=256x256_fc_dims=512_seed7
0.2419021173318227,0.14371004272745216,50,0.24707395195961,0.10261965953838845,469064,2400,600,1000,50,6.3,cuda,8,7.1,0,user-Puget-Workstation-Threadripper-PRO-WRX90-T140-XL,trial_0020_lr=1.0e-04_weight_decay=0.0e+00_kernel_sizes=10x3_conv_channels=256x256_fc_dims=512_seed8,completed,c79d9c6deb,trial_0020_lr=1.0e-04_weight_decay=0.0e+00_kernel_sizes=10x3_conv_channels=256x256_fc_dims=512_seed8
0.23950991074244182,0.14114493476123083,50,0.24667330467700957,0.10343390471448924,469064,2400,600,1000,50,6.7,cuda,9,7.6,1,user-Puget-Workstation-Threadripper-PRO-WRX90-T140-XL,trial_0020_lr=1.0e-04_weight_decay=0.0e+00_kernel_sizes=10x3_conv_channels=256x256_fc_dims=512_seed9,completed,c79d9c6deb,trial_0020_lr=1.0e-04_weight_decay=0.0e+00_kernel_sizes=10x3_conv_channels=256x256_fc_dims=512_seed9
0.2384801463286082,0.14596570368304157,50,0.2465214285850525,0.10576991640951246,469064,2400,600,1000,50,6.6,cuda,0,7.4,0,user-Puget-Workstation-Threadripper-PRO-WRX90-T140-XL,trial_0021_lr=1.0e-04_weight_decay=1.0e-04_kernel_sizes=10x3_conv_channels=256x256_fc_dims=512_seed0,completed,d8b6808574,trial_0021_lr=1.0e-04_weight_decay=1.0e-04_kernel_sizes=10x3_conv_channels=256x256_fc_dims=512_seed0
0.23914164046446482,0.1481770066114752,50,0.2466245857477188,0.10555838157740857,469064,2400,600,1000,50,6.6,cuda,1,7.4,1,user-Puget-Workstation-Threadripper-PRO-WRX90-T140-XL,trial_0021_lr=1.0e-04_weight_decay=1.0e-04_kernel_sizes=10x3_conv_channels=256x256_fc_dims=512_seed1,completed,d8b6808574,trial_0021_lr=1.0e-04_weight_decay=1.0e-04_kernel_sizes=10x3_conv_channels=256x256_fc_dims=512_seed1
0.23916471620400748,0.14557293436283808,50,0.24646335458755494,0.10654528402318866,469064,2400,600,1000,50,6.4,cuda,2,7.3,0,user-Puget-Workstation-Threadripper-PRO-WRX90-T140-XL,trial_0021_lr=1.0e-04_weight_decay=1.0e-04_kernel_sizes=10x3_conv_channels=256x256_fc_dims=512_seed2,completed,d8b6808574,trial_0021_lr=1.0e-04_weight_decay=1.0e-04_kernel_sizes=10x3_conv_channels=256x256_fc_dims=512_seed2
0.24064288159211478,0.14995477680280797,50,0.246163262963295,0.10731844652988172,469064,2400,600,1000,50,6.5,cuda,3,7.4,1,user-Puget-Workstation-Threadripper-PRO-WRX90-T140-XL,trial_0021_lr=1.0e-04_weight_decay=1.0e-04_kernel_sizes=10x3_conv_channels=256x256_fc_dims=512_seed3,completed,d8b6808574,trial_0021_lr=1.0e-04_weight_decay=1.0e-04_kernel_sizes=10x3_conv_channels=256x256_fc_dims=512_seed3
0.23970720609029134,0.14944880585399345,50,0.24656944632530212,0.10632685726068822,469064,2400,600,1000,50,6.5,cuda,4,7.3,0,user-Puget-Workstation-Threadripper-PRO-WRX90-T140-XL,trial_0021_lr=1.0e-04_weight_decay=1.0e-04_kernel_sizes=10x3_conv_channels=256x256_fc_dims=512_seed4,completed,d8b6808574,trial_0021_lr=1.0e-04_weight_decay=1.0e-04_kernel_sizes=10x3_conv_channels=256x256_fc_dims=512_seed4
0.2408883285522461,0.1479726213415611,50,0.24622289490699767,0.10774550226386614,469064,2400,600,1000,50,6.6,cuda,5,7.5,1,user-Puget-Workstation-Threadripper-PRO-WRX90-T140-XL,trial_0021_lr=1.0e-04_weight_decay=1.0e-04_kernel_sizes=10x3_conv_channels=256x256_fc_dims=512_seed5,completed,d8b6808574,trial_0021_lr=1.0e-04_weight_decay=1.0e-04_kernel_sizes=10x3_conv_channels=256x256_fc_dims=512_seed5
0.24074374655882516,0.14932606518041164,50,0.24636502528190612,0.1068028777609809,469064,2400,600,1000,50,6.4,cuda,6,7.2,0,user-Puget-Workstation-Threadripper-PRO-WRX90-T140-XL,trial_0021_lr=1.0e-04_weight_decay=1.0e-04_kernel_sizes=10x3_conv_channels=256x256_fc_dims=512_seed6,completed,d8b6808574,trial_0021_lr=1.0e-04_weight_decay=1.0e-04_kernel_sizes=10x3_conv_channels=256x256_fc_dims=512_seed6
0.2405511184533437,0.15072997895629173,50,0.24646783423423768,0.10521599033426947,469064,2400,600,1000,50,6.6,cuda,7,7.4,1,user-Puget-Workstation-Threadripper-PRO-WRX90-T140-XL,trial_0021_lr=1.0e-04_weight_decay=1.0e-04_kernel_sizes=10x3_conv_channels=256x256_fc_dims=512_seed7,completed,d8b6808574,trial_0021_lr=1.0e-04_weight_decay=1.0e-04_kernel_sizes=10x3_conv_channels=256x256_fc_dims=512_seed7
0.24108008325099944,0.14729208711436512,50,0.24657699716091155,0.10487577197310656,469064,2400,600,1000,50,6.5,cuda,8,7.3,0,user-Puget-Workstation-Threadripper-PRO-WRX90-T140-XL,trial_0021_lr=1.0e-04_weight_decay=1.0e-04_kernel_sizes=10x3_conv_channels=256x256_fc_dims=512_seed8,completed,d8b6808574,trial_0021_lr=1.0e-04_weight_decay=1.0e-04_kernel_sizes=10x3_conv_channels=256x256_fc_dims=512_seed8
0.23871756374835967,0.144625410289659,50,0.24616999185085298,0.10568250057546662,469064,2400,600,1000,50,6.5,cuda,9,7.4,1,user-Puget-Workstation-Threadripper-PRO-WRX90-T140-XL,trial_0021_lr=1.0e-04_weight_decay=1.0e-04_kernel_sizes=10x3_conv_channels=256x256_fc_dims=512_seed9,completed,d8b6808574,trial_0021_lr=1.0e-04_weight_decay=1.0e-04_kernel_sizes=10x3_conv_channels=256x256_fc_dims=512_seed9
0.21116477688153584,0.26569522897562503,50,0.23201200449466705,0.19076443195911275,469064,2400,600,1000,50,6.4,cuda,0,7.2,0,user-Puget-Workstation-Threadripper-PRO-WRX90-T140-XL,trial_0022_lr=1.0e-03_weight_decay=0.0e+00_kernel_sizes=10x3_conv_channels=256x256_fc_dims=512_seed0,completed,c22ead5d6d,trial_0022_lr=1.0e-03_weight_decay=0.0e+00_kernel_sizes=10x3_conv_channels=256x256_fc_dims=512_seed0
0.21146968603134156,0.2698310056852466,50,0.23182159411907197,0.1916599555883264,469064,2400,600,1000,50,6.4,cuda,1,7.2,1,user-Puget-Workstation-Threadripper-PRO-WRX90-T140-XL,trial_0022_lr=1.0e-03_weight_decay=0.0e+00_kernel_sizes=10x3_conv_channels=256x256_fc_dims=512_seed1,completed,c22ead5d6d,trial_0022_lr=1.0e-03_weight_decay=0.0e+00_kernel_sizes=10x3_conv_channels=256x256_fc_dims=512_seed1
0.21113684117794038,0.26679762474611035,50,0.23157848465442657,0.19128198497168905,469064,2400,600,1000,50,6.6,cuda,2,7.4,0,user-Puget-Workstation-Threadripper-PRO-WRX90-T140-XL,trial_0022_lr=1.0e-03_weight_decay=0.0e+00_kernel_sizes=10x3_conv_channels=256x256_fc_dims=512_seed2,completed,c22ead5d6d,trial_0022_lr=1.0e-03_weight_decay=0.0e+00_kernel_sizes=10x3_conv_channels=256x256_fc_dims=512_seed2
0.2135510601600011,0.2666440342451797,49,0.23226238119602202,0.1890956326624762,469064,2400,600,1000,50,6.6,cuda,3,7.4,1,user-Puget-Workstation-Threadripper-PRO-WRX90-T140-XL,trial_0022_lr=1.0e-03_weight_decay=0.0e+00_kernel_sizes=10x3_conv_channels=256x256_fc_dims=512_seed3,completed,c22ead5d6d,trial_0022_lr=1.0e-03_weight_decay=0.0e+00_kernel_sizes=10x3_conv_channels=256x256_fc_dims=512_seed3
0.21240248203277587,0.2668221398440654,50,0.23141991925239563,0.19238131371949477,469064,2400,600,1000,50,6.4,cuda,4,7.2,0,user-Puget-Workstation-Threadripper-PRO-WRX90-T140-XL,trial_0022_lr=1.0e-03_weight_decay=0.0e+00_kernel_sizes=10x3_conv_channels=256x256_fc_dims=512_seed4,completed,c22ead5d6d,trial_0022_lr=1.0e-03_weight_decay=0.0e+00_kernel_sizes=10x3_conv_channels=256x256_fc_dims=512_seed4
0.21303256829579673,0.2716111615191492,50,0.23200637197494506,0.192502849075219,469064,2400,600,1000,50,6.5,cuda,5,7.4,1,user-Puget-Workstation-Threadripper-PRO-WRX90-T140-XL,trial_0022_lr=1.0e-03_weight_decay=0.0e+00_kernel_sizes=10x3_conv_channels=256x256_fc_dims=512_seed5,completed,c22ead5d6d,trial_0022_lr=1.0e-03_weight_decay=0.0e+00_kernel_sizes=10x3_conv_channels=256x256_fc_dims=512_seed5
0.2133689095576604,0.26764719003053583,50,0.23204609382152558,0.19014796903135078,469064,2400,600,1000,50,6.2,cuda,6,7.1,0,user-Puget-Workstation-Threadripper-PRO-WRX90-T140-XL,trial_0022_lr=1.0e-03_weight_decay=0.0e+00_kernel_sizes=10x3_conv_channels=256x256_fc_dims=512_seed6,completed,c22ead5d6d,trial_0022_lr=1.0e-03_weight_decay=0.0e+00_kernel_sizes=10x3_conv_channels=256x256_fc_dims=512_seed6
0.2142056320110957,0.2640977505536756,49,0.23232838332653047,0.1866189593407308,469064,2400,600,1000,50,6.5,cuda,7,7.3,1,user-Puget-Workstation-Threadripper-PRO-WRX90-T140-XL,trial_0022_lr=1.0e-03_weight_decay=0.0e+00_kernel_sizes=10x3_conv_channels=256x256_fc_dims=512_seed7,completed,c22ead5d6d,trial_0022_lr=1.0e-03_weight_decay=0.0e+00_kernel_sizes=10x3_conv_channels=256x256_fc_dims=512_seed7
0.21366433203220367,0.26680972629543476,50,0.2316821973323822,0.19240824204942328,469064,2400,600,1000,50,6.4,cuda,8,7.4,0,user-Puget-Workstation-Threadripper-PRO-WRX90-T140-XL,trial_0022_lr=1.0e-03_weight_decay=0.0e+00_kernel_sizes=10x3_conv_channels=256x256_fc_dims=512_seed8,completed,c22ead5d6d,trial_0022_lr=1.0e-03_weight_decay=0.0e+00_kernel_sizes=10x3_conv_channels=256x256_fc_dims=512_seed8
0.21223482509454092,0.26339903172903406,49,0.23209564924240111,0.1899928471149687,469064,2400,600,1000,50,6.5,cuda,9,7.3,1,user-Puget-Workstation-Threadripper-PRO-WRX90-T140-XL,trial_0022_lr=1.0e-03_weight_decay=0.0e+00_kernel_sizes=10x3_conv_channels=256x256_fc_dims=512_seed9,completed,c22ead5d6d,trial_0022_lr=1.0e-03_weight_decay=0.0e+00_kernel_sizes=10x3_conv_channels=256x256_fc_dims=512_seed9
0.2076802663008372,0.2789560711673642,50,0.22999632966518402,0.20070520266252184,469064,2400,600,1000,50,6.4,cuda,0,7.2,0,user-Puget-Workstation-Threadripper-PRO-WRX90-T140-XL,trial_0023_lr=1.0e-03_weight_decay=1.0e-04_kernel_sizes=10x3_conv_channels=256x256_fc_dims=512_seed0,completed,bff1a08def,trial_0023_lr=1.0e-03_weight_decay=1.0e-04_kernel_sizes=10x3_conv_channels=256x256_fc_dims=512_seed0
0.20717236379782358,0.2863426458559526,48,0.22933319628238677,0.203832170200102,469064,2400,600,1000,50,6.6,cuda,1,7.4,1,user-Puget-Workstation-Threadripper-PRO-WRX90-T140-XL,trial_0023_lr=1.0e-03_weight_decay=1.0e-04_kernel_sizes=10x3_conv_channels=256x256_fc_dims=512_seed1,completed,bff1a08def,trial_0023_lr=1.0e-03_weight_decay=1.0e-04_kernel_sizes=10x3_conv_channels=256x256_fc_dims=512_seed1
0.20695959746837617,0.2845906834958782,50,0.22934444117546082,0.20393198250572678,469064,2400,600,1000,50,6.4,cuda,2,7.2,0,user-Puget-Workstation-Threadripper-PRO-WRX90-T140-XL,trial_0023_lr=1.0e-03_weight_decay=1.0e-04_kernel_sizes=10x3_conv_channels=256x256_fc_dims=512_seed2,completed,bff1a08def,trial_0023_lr=1.0e-03_weight_decay=1.0e-04_kernel_sizes=10x3_conv_channels=256x256_fc_dims=512_seed2
0.20895610570907594,0.28461717693921396,48,0.22981085085868835,0.202445146981088,469064,2400,600,1000,50,6.6,cuda,3,7.4,1,user-Puget-Workstation-Threadripper-PRO-WRX90-T140-XL,trial_0023_lr=1.0e-03_weight_decay=1.0e-04_kernel_sizes=10x3_conv_channels=256x256_fc_dims=512_seed3,completed,bff1a08def,trial_0023_lr=1.0e-03_weight_decay=1.0e-04_kernel_sizes=10x3_conv_channels=256x256_fc_dims=512_seed3
0.20772942264874777,0.2874376108571996,50,0.22898969399929048,0.20603115268903474,469064,2400,600,1000,50,6.3,cuda,4,7.2,0,user-Puget-Workstation-Threadripper-PRO-WRX90-T140-XL,trial_0023_lr=1.0e-03_weight_decay=1.0e-04_kernel_sizes=10x3_conv_channels=256x256_fc_dims=512_seed4,completed,bff1a08def,trial_0023_lr=1.0e-03_weight_decay=1.0e-04_kernel_sizes=10x3_conv_channels=256x256_fc_dims=512_seed4
0.20889110763867696,0.28840400713311565,50,0.22950605821609496,0.20425450275169693,469064,2400,600,1000,50,6.6,cuda,5,7.4,1,user-Puget-Workstation-Threadripper-PRO-WRX90-T140-XL,trial_0023_lr=1.0e-03_weight_decay=1.0e-04_kernel_sizes=10x3_conv_channels=256x256_fc_dims=512_seed5,completed,bff1a08def,trial_0023_lr=1.0e-03_weight_decay=1.0e-04_kernel_sizes=10x3_conv_channels=256x256_fc_dims=512_seed5
0.20899363895257314,0.28507411152612505,50,0.22939296579360963,0.20296546114925143,469064,2400,600,1000,50,6.4,cuda,6,7.2,0,user-Puget-Workstation-Threadripper-PRO-WRX90-T140-XL,trial_0023_lr=1.0e-03_weight_decay=1.0e-04_kernel_sizes=10x3_conv_channels=256x256_fc_dims=512_seed6,completed,bff1a08def,trial_0023_lr=1.0e-03_weight_decay=1.0e-04_kernel_sizes=10x3_conv_channels=256x256_fc_dims=512_seed6
0.2095237249135971,0.28351708121029046,49,0.2298912103176117,0.2004564422234737,469064,2400,600,1000,50,6.5,cuda,7,7.3,1,user-Puget-Workstation-Threadripper-PRO-WRX90-T140-XL,trial_0023_lr=1.0e-03_weight_decay=1.0e-04_kernel_sizes=10x3_conv_channels=256x256_fc_dims=512_seed7,completed,bff1a08def,trial_0023_lr=1.0e-03_weight_decay=1.0e-04_kernel_sizes=10x3_conv_channels=256x256_fc_dims=512_seed7
0.2095987359682719,0.28301325349091194,49,0.22955157732963563,0.20319517741018603,469064,2400,600,1000,50,6.4,cuda,8,7.2,0,user-Puget-Workstation-Threadripper-PRO-WRX90-T140-XL,trial_0023_lr=1.0e-03_weight_decay=1.0e-04_kernel_sizes=10x3_conv_channels=256x256_fc_dims=512_seed8,completed,bff1a08def,trial_0023_lr=1.0e-03_weight_decay=1.0e-04_kernel_sizes=10x3_conv_channels=256x256_fc_dims=512_seed8
0.2078252124786377,0.28153373318245345,50,0.2296805489063263,0.20281474395207053,469064,2400,600,1000,50,6.5,cuda,9,7.3,1,user-Puget-Workstation-Threadripper-PRO-WRX90-T140-XL,trial_0023_lr=1.0e-03_weight_decay=1.0e-04_kernel_sizes=10x3_conv_channels=256x256_fc_dims=512_seed9,completed,bff1a08def,trial_0023_lr=1.0e-03_weight_decay=1.0e-04_kernel_sizes=10x3_conv_channels=256x256_fc_dims=512_seed9
0.23706881682078043,0.12713133789967968,49,0.24381945419311524,0.09580969452403926,1059656,2400,600,1000,50,6.9,cuda,0,7.8,0,user-Puget-Workstation-Threadripper-PRO-WRX90-T140-XL,trial_0024_lr=1.0e-04_weight_decay=0.0e+00_kernel_sizes=10x7x5_conv_channels=256x256x256_fc_dims=512_seed0,completed,cf02e2a55e,trial_0024_lr=1.0e-04_weight_decay=0.0e+00_kernel_sizes=10x7x5_conv_channels=256x256x256_fc_dims=512_seed0
0.23649448891480765,0.12949606788779594,50,0.24318696856498717,0.09298880922215076,1059656,2400,600,1000,50,7.1,cuda,1,8.0,1,user-Puget-Workstation-Threadripper-PRO-WRX90-T140-XL,trial_0024_lr=1.0e-04_weight_decay=0.0e+00_kernel_sizes=10x7x5_conv_channels=256x256x256_fc_dims=512_seed1,completed,cf02e2a55e,trial_0024_lr=1.0e-04_weight_decay=0.0e+00_kernel_sizes=10x7x5_conv_channels=256x256x256_fc_dims=512_seed1
0.23643942912419638,0.1321990397986516,50,0.24305619823932648,0.09793080521724905,1059656,2400,600,1000,50,7.0,cuda,2,7.8,0,user-Puget-Workstation-Threadripper-PRO-WRX90-T140-XL,trial_0024_lr=1.0e-04_weight_decay=0.0e+00_kernel_sizes=10x7x5_conv_channels=256x256x256_fc_dims=512_seed2,completed,cf02e2a55e,trial_0024_lr=1.0e-04_weight_decay=0.0e+00_kernel_sizes=10x7x5_conv_channels=256x256x256_fc_dims=512_seed2
0.2390895442167918,0.12621848203147956,50,0.243797140955925,0.09144340784983734,1059656,2400,600,1000,50,7.2,cuda,3,8.1,1,user-Puget-Workstation-Threadripper-PRO-WRX90-T140-XL,trial_0024_lr=1.0e-04_weight_decay=0.0e+00_kernel_sizes=10x7x5_conv_channels=256x256x256_fc_dims=512_seed3,completed,cf02e2a55e,trial_0024_lr=1.0e-04_weight_decay=0.0e+00_kernel_sizes=10x7x5_conv_channels=256x256x256_fc_dims=512_seed3
0.2401015591621399,0.12070621624852249,50,0.24512531197071075,0.08685331956521739,1059656,2400,600,1000,50,7.0,cuda,4,7.8,0,user-Puget-Workstation-Threadripper-PRO-WRX90-T140-XL,trial_0024_lr=1.0e-04_weight_decay=0.0e+00_kernel_sizes=10x7x5_conv_channels=256x256x256_fc_dims=512_seed4,completed,cf02e2a55e,trial_0024_lr=1.0e-04_weight_decay=0.0e+00_kernel_sizes=10x7x5_conv_channels=256x256x256_fc_dims=512_seed4
0.24029906292756398,0.12101398506820867,50,0.24392559933662414,0.08892302767815213,1059656,2400,600,1000,50,7.2,cuda,5,8.1,1,user-Puget-Workstation-Threadripper-PRO-WRX90-T140-XL,trial_0024_lr=1.0e-04_weight_decay=0.0e+00_kernel_sizes=10x7x5_conv_channels=256x256x256_fc_dims=512_seed5,completed,cf02e2a55e,trial_0024_lr=1.0e-04_weight_decay=0.0e+00_kernel_sizes=10x7x5_conv_channels=256x256x256_fc_dims=512_seed5
0.23955937087535858,0.12838211830655682,50,0.24401072883605956,0.0926412367535741,1059656,2400,600,1000,50,7.0,cuda,6,7.8,0,user-Puget-Workstation-Threadripper-PRO-WRX90-T140-XL,trial_0024_lr=1.0e-04_weight_decay=0.0e+00_kernel_sizes=10x7x5_conv_channels=256x256x256_fc_dims=512_seed6,completed,cf02e2a55e,trial_0024_lr=1.0e-04_weight_decay=0.0e+00_kernel_sizes=10x7x5_conv_channels=256x256x256_fc_dims=512_seed6
0.2399252885580063,0.1253281664737966,50,0.2439459443092346,0.08984457435377496,1059656,2400,600,1000,50,7.3,cuda,7,8.1,1,user-Puget-Workstation-Threadripper-PRO-WRX90-T140-XL,trial_0024_lr=1.0e-04_weight_decay=0.0e+00_kernel_sizes=10x7x5_conv_channels=256x256x256_fc_dims=512_seed7,completed,cf02e2a55e,trial_0024_lr=1.0e-04_weight_decay=0.0e+00_kernel_sizes=10x7x5_conv_channels=256x256x256_fc_dims=512_seed7
0.24097708066304524,0.11922174186466028,50,0.24490439176559448,0.08807107634236307,1059656,2400,600,1000,50,6.9,cuda,8,7.8,0,user-Puget-Workstation-Threadripper-PRO-WRX90-T140-XL,trial_0024_lr=1.0e-04_weight_decay=0.0e+00_kernel_sizes=10x7x5_conv_channels=256x256x256_fc_dims=512_seed8,completed,cf02e2a55e,trial_0024_lr=1.0e-04_weight_decay=0.0e+00_kernel_sizes=10x7x5_conv_channels=256x256x256_fc_dims=512_seed8
0.23868439535299937,0.11807651724995616,50,0.24451469445228577,0.08844457265837218,1059656,2400,600,1000,50,7.2,cuda,9,8.0,1,user-Puget-Workstation-Threadripper-PRO-WRX90-T140-XL,trial_0024_lr=1.0e-04_weight_decay=0.0e+00_kernel_sizes=10x7x5_conv_channels=256x256x256_fc_dims=512_seed9,completed,cf02e2a55e,trial_0024_lr=1.0e-04_weight_decay=0.0e+00_kernel_sizes=10x7x5_conv_channels=256x256x256_fc_dims=512_seed9
0.23632166783014932,0.13244964278907162,49,0.24352306807041169,0.09890535195870266,1059656,2400,600,1000,50,7.0,cuda,0,7.8,0,user-Puget-Workstation-Threadripper-PRO-WRX90-T140-XL,trial_0025_lr=1.0e-04_weight_decay=1.0e-04_kernel_sizes=10x7x5_conv_channels=256x256x256_fc_dims=512_seed0,completed,bd8c346ed7,trial_0025_lr=1.0e-04_weight_decay=1.0e-04_kernel_sizes=10x7x5_conv_channels=256x256x256_fc_dims=512_seed0
0.23559223095575968,0.13513797780353934,50,0.24276438772678374,0.0967876678550858,1059656,2400,600,1000,50,7.3,cuda,1,8.1,1,user-Puget-Workstation-Threadripper-PRO-WRX90-T140-XL,trial_0025_lr=1.0e-04_weight_decay=1.0e-04_kernel_sizes=10x7x5_conv_channels=256x256x256_fc_dims=512_seed1,completed,bd8c346ed7,trial_0025_lr=1.0e-04_weight_decay=1.0e-04_kernel_sizes=10x7x5_conv_channels=256x256x256_fc_dims=512_seed1
0.23560357928276063,0.13719331091452555,50,0.24269813299179077,0.10101859217851052,1059656,2400,600,1000,50,7.0,cuda,2,7.8,0,user-Puget-Workstation-Threadripper-PRO-WRX90-T140-XL,trial_0025_lr=1.0e-04_weight_decay=1.0e-04_kernel_sizes=10x7x5_conv_channels=256x256x256_fc_dims=512_seed2,completed,bd8c346ed7,trial_0025_lr=1.0e-04_weight_decay=1.0e-04_kernel_sizes=10x7x5_conv_channels=256x256x256_fc_dims=512_seed2
0.23817288001378378,0.13175283451592382,50,0.2433544248342514,0.09481113228772864,1059656,2400,600,1000,50,7.2,cuda,3,8.1,1,user-Puget-Workstation-Threadripper-PRO-WRX90-T140-XL,trial_0025_lr=1.0e-04_weight_decay=1.0e-04_kernel_sizes=10x7x5_conv_channels=256x256x256_fc_dims=512_seed3,completed,bd8c346ed7,trial_0025_lr=1.0e-04_weight_decay=1.0e-04_kernel_sizes=10x7x5_conv_channels=256x256x256_fc_dims=512_seed3
0.23894649724165598,0.12610817060400023,50,0.24440973055362702,0.09093091156543244,1059656,2400,600,1000,50,7.0,cuda,4,7.8,0,user-Puget-Workstation-Threadripper-PRO-WRX90-T140-XL,trial_0025_lr=1.0e-04_weight_decay=1.0e-04_kernel_sizes=10x7x5_conv_channels=256x256x256_fc_dims=512_seed4,completed,bd8c346ed7,trial_0025_lr=1.0e-04_weight_decay=1.0e-04_kernel_sizes=10x7x5_conv_channels=256x256x256_fc_dims=512_seed4
0.23941516796747844,0.12645236979291108,50,0.24351033711433412,0.09235844608281281,1059656,2400,600,1000,50,7.2,cuda,5,8.1,1,user-Puget-Workstation-Threadripper-PRO-WRX90-T140-XL,trial_0025_lr=1.0e-04_weight_decay=1.0e-04_kernel_sizes=10x7x5_conv_channels=256x256x256_fc_dims=512_seed5,completed,bd8c346ed7,trial_0025_lr=1.0e-04_weight_decay=1.0e-04_kernel_sizes=10x7x5_conv_channels=256x256x256_fc_dims=512_seed5
0.23861296534538268,0.13384917985284578,50,0.24355037701129914,0.09628339696142743,1059656,2400,600,1000,50,7.0,cuda,6,7.8,0,user-Puget-Workstation-Threadripper-PRO-WRX90-T140-XL,trial_0025_lr=1.0e-04_weight_decay=1.0e-04_kernel_sizes=10x7x5_conv_channels=256x256x256_fc_dims=512_seed6,completed,bd8c346ed7,trial_0025_lr=1.0e-04_weight_decay=1.0e-04_kernel_sizes=10x7x5_conv_channels=256x256x256_fc_dims=512_seed6
0.23875121672948202,0.13151879878495942,50,0.24333887720108033,0.09373387906211009,1059656,2400,600,1000,50,7.1,cuda,7,8.0,1,user-Puget-Workstation-Threadripper-PRO-WRX90-T140-XL,trial_0025_lr=1.0e-04_weight_decay=1.0e-04_kernel_sizes=10x7x5_conv_channels=256x256x256_fc_dims=512_seed7,completed,bd8c346ed7,trial_0025_lr=1.0e-04_weight_decay=1.0e-04_kernel_sizes=10x7x5_conv_channels=256x256x256_fc_dims=512_seed7
0.24003000338872274,0.1244919544982996,50,0.24441126918792724,0.09165431512662686,1059656,2400,600,1000,50,6.9,cuda,8,7.7,0,user-Puget-Workstation-Threadripper-PRO-WRX90-T140-XL,trial_0025_lr=1.0e-04_weight_decay=1.0e-04_kernel_sizes=10x7x5_conv_channels=256x256x256_fc_dims=512_seed8,completed,bd8c346ed7,trial_0025_lr=1.0e-04_weight_decay=1.0e-04_kernel_sizes=10x7x5_conv_channels=256x256x256_fc_dims=512_seed8
0.23778049230575563,0.12329987050820991,50,0.24405323672294615,0.09206823899785313,1059656,2400,600,1000,50,7.1,cuda,9,8.0,1,user-Puget-Workstation-Threadripper-PRO-WRX90-T140-XL,trial_0025_lr=1.0e-04_weight_decay=1.0e-04_kernel_sizes=10x7x5_conv_channels=256x256x256_fc_dims=512_seed9,completed,bd8c346ed7,trial_0025_lr=1.0e-04_weight_decay=1.0e-04_kernel_sizes=10x7x5_conv_channels=256x256x256_fc_dims=512_seed9
0.21237077871958415,0.2509831684508235,50,0.23324003732204437,0.1808452042814386,1059656,2400,600,1000,50,7.1,cuda,0,7.9,0,user-Puget-Workstation-Threadripper-PRO-WRX90-T140-XL,trial_0026_lr=1.0e-03_weight_decay=0.0e+00_kernel_sizes=10x7x5_conv_channels=256x256x256_fc_dims=512_seed0,completed,0c6d456e50,trial_0026_lr=1.0e-03_weight_decay=0.0e+00_kernel_sizes=10x7x5_conv_channels=256x256x256_fc_dims=512_seed0
0.2147564657529195,0.24187856119900958,50,0.23518615412712096,0.17288548942841583,1059656,2400,600,1000,50,7.1,cuda,1,7.9,1,user-Puget-Workstation-Threadripper-PRO-WRX90-T140-XL,trial_0026_lr=1.0e-03_weight_decay=0.0e+00_kernel_sizes=10x7x5_conv_channels=256x256x256_fc_dims=512_seed1,completed,0c6d456e50,trial_0026_lr=1.0e-03_weight_decay=0.0e+00_kernel_sizes=10x7x5_conv_channels=256x256x256_fc_dims=512_seed1
0.21445652802785237,0.24236157015025994,50,0.23474566638469696,0.17298517434539318,1059656,2400,600,1000,50,7.1,cuda,2,7.9,0,user-Puget-Workstation-Threadripper-PRO-WRX90-T140-XL,trial_0026_lr=1.0e-03_weight_decay=0.0e+00_kernel_sizes=10x7x5_conv_channels=256x256x256_fc_dims=512_seed2,completed,0c6d456e50,trial_0026_lr=1.0e-03_weight_decay=0.0e+00_kernel_sizes=10x7x5_conv_channels=256x256x256_fc_dims=512_seed2
0.21536092976729074,0.24586263487517973,50,0.23447132015228273,0.17675992805288912,1059656,2400,600,1000,50,7.2,cuda,3,8.0,1,user-Puget-Workstation-Threadripper-PRO-WRX90-T140-XL,trial_0026_lr=1.0e-03_weight_decay=0.0e+00_kernel_sizes=10x7x5_conv_channels=256x256x256_fc_dims=512_seed3,completed,0c6d456e50,trial_0026_lr=1.0e-03_weight_decay=0.0e+00_kernel_sizes=10x7x5_conv_channels=256x256x256_fc_dims=512_seed3
0.2144785185654958,0.24706478708337906,50,0.2349008026123047,0.17730255455529204,1059656,2400,600,1000,50,7.0,cuda,4,7.7,0,user-Puget-Workstation-Threadripper-PRO-WRX90-T140-XL,trial_0026_lr=1.0e-03_weight_decay=0.0e+00_kernel_sizes=10x7x5_conv_channels=256x256x256_fc_dims=512_seed4,completed,0c6d456e50,trial_0026_lr=1.0e-03_weight_decay=0.0e+00_kernel_sizes=10x7x5_conv_channels=256x256x256_fc_dims=512_seed4
0.21687091767787933,0.24109426999098468,50,0.23483181262016298,0.17461654632103052,1059656,2400,600,1000,50,7.3,cuda,5,8.2,1,user-Puget-Workstation-Threadripper-PRO-WRX90-T140-XL,trial_0026_lr=1.0e-03_weight_decay=0.0e+00_kernel_sizes=10x7x5_conv_channels=256x256x256_fc_dims=512_seed5,completed,0c6d456e50,trial_0026_lr=1.0e-03_weight_decay=0.0e+00_kernel_sizes=10x7x5_conv_channels=256x256x256_fc_dims=512_seed5
0.215124582250913,0.24960131302837046,50,0.2340202112197876,0.1790208345255894,1059656,2400,600,1000,50,6.9,cuda,6,7.8,0,user-Puget-Workstation-Threadripper-PRO-WRX90-T140-XL,trial_0026_lr=1.0e-03_weight_decay=0.0e+00_kernel_sizes=10x7x5_conv_channels=256x256x256_fc_dims=512_seed6,completed,0c6d456e50,trial_0026_lr=1.0e-03_weight_decay=0.0e+00_kernel_sizes=10x7x5_conv_channels=256x256x256_fc_dims=512_seed6
0.21692308882872263,0.24118752443070818,50,0.23587242841720582,0.17123110481303933,1059656,2400,600,1000,50,7.2,cuda,7,8.1,1,user-Puget-Workstation-Threadripper-PRO-WRX90-T140-XL,trial_0026_lr=1.0e-03_weight_decay=0.0e+00_kernel_sizes=10x7x5_conv_channels=256x256x256_fc_dims=512_seed7,completed,0c6d456e50,trial_0026_lr=1.0e-03_weight_decay=0.0e+00_kernel_sizes=10x7x5_conv_channels=256x256x256_fc_dims=512_seed7
0.21757014056046803,0.23713222659459096,50,0.23466328060626984,0.1719242147596667,1059656,2400,600,1000,50,6.9,cuda,8,7.7,0,user-Puget-Workstation-Threadripper-PRO-WRX90-T140-XL,trial_0026_lr=1.0e-03_weight_decay=0.0e+00_kernel_sizes=10x7x5_conv_channels=256x256x256_fc_dims=512_seed8,completed,0c6d456e50,trial_0026_lr=1.0e-03_weight_decay=0.0e+00_kernel_sizes=10x7x5_conv_channels=256x256x256_fc_dims=512_seed8
0.21575269440809886,0.23537112208895347,50,0.2352671811580658,0.1741100198722599,1059656,2400,600,1000,50,7.2,cuda,9,8.1,1,user-Puget-Workstation-Threadripper-PRO-WRX90-T140-XL,trial_0026_lr=1.0e-03_weight_decay=0.0e+00_kernel_sizes=10x7x5_conv_channels=256x256x256_fc_dims=512_seed9,completed,0c6d456e50,trial_0026_lr=1.0e-03_weight_decay=0.0e+00_kernel_sizes=10x7x5_conv_channels=256x256x256_fc_dims=512_seed9
0.205785520474116,0.2869533303585165,49,0.2291742354631424,0.20636501954576614,1059656,2400,600,1000,50,7.1,cuda,0,7.9,0,user-Puget-Workstation-Threadripper-PRO-WRX90-T140-XL,trial_0027_lr=1.0e-03_weight_decay=1.0e-04_kernel_sizes=10x7x5_conv_channels=256x256x256_fc_dims=512_seed0,completed,f8cae52bb3,trial_0027_lr=1.0e-03_weight_decay=1.0e-04_kernel_sizes=10x7x5_conv_channels=256x256x256_fc_dims=512_seed0
0.23551212052504222,0.13207972239974633,14,0.24281387722492218,0.0954581770031771,1059656,2400,600,1000,17,2.8,cuda,1,3.7,1,user-Puget-Workstation-Threadripper-PRO-WRX90-T140-XL,trial_0027_lr=1.0e-03_weight_decay=1.0e-04_kernel_sizes=10x7x5_conv_channels=256x256x256_fc_dims=512_seed1,completed,f8cae52bb3,trial_0027_lr=1.0e-03_weight_decay=1.0e-04_kernel_sizes=10x7x5_conv_channels=256x256x256_fc_dims=512_seed1
0.2065024294455846,0.28494491504370106,50,0.2295653282403946,0.2038635089970651,1059656,2400,600,1000,50,7.0,cuda,2,7.9,0,user-Puget-Workstation-Threadripper-PRO-WRX90-T140-XL,trial_0027_lr=1.0e-03_weight_decay=1.0e-04_kernel_sizes=10x7x5_conv_channels=256x256x256_fc_dims=512_seed2,completed,f8cae52bb3,trial_0027_lr=1.0e-03_weight_decay=1.0e-04_kernel_sizes=10x7x5_conv_channels=256x256x256_fc_dims=512_seed2
0.20811360239982604,0.2867481533274852,49,0.23039228880405427,0.20587368858780167,1059656,2400,600,1000,50,7.2,cuda,3,8.1,1,user-Puget-Workstation-Threadripper-PRO-WRX90-T140-XL,trial_0027_lr=1.0e-03_weight_decay=1.0e-04_kernel_sizes=10x7x5_conv_channels=256x256x256_fc_dims=512_seed3,completed,f8cae52bb3,trial_0027_lr=1.0e-03_weight_decay=1.0e-04_kernel_sizes=10x7x5_conv_channels=256x256x256_fc_dims=512_seed3
0.2069823799530665,0.28740305099967206,50,0.22897205984592436,0.20604896822079316,1059656,2400,600,1000,50,7.0,cuda,4,7.8,0,user-Puget-Workstation-Threadripper-PRO-WRX90-T140-XL,trial_0027_lr=1.0e-03_weight_decay=1.0e-04_kernel_sizes=10x7x5_conv_channels=256x256x256_fc_dims=512_seed4,completed,f8cae52bb3,trial_0027_lr=1.0e-03_weight_decay=1.0e-04_kernel_sizes=10x7x5_conv_channels=256x256x256_fc_dims=512_seed4
0.20873743196328481,0.28621221189193613,50,0.22929545211791993,0.2051629759791125,1059656,2400,600,1000,50,7.1,cuda,5,8.0,1,user-Puget-Workstation-Threadripper-PRO-WRX90-T140-XL,trial_0027_lr=1.0e-03_weight_decay=1.0e-04_kernel_sizes=10x7x5_conv_channels=256x256x256_fc_dims=512_seed5,completed,f8cae52bb3,trial_0027_lr=1.0e-03_weight_decay=1.0e-04_kernel_sizes=10x7x5_conv_channels=256x256x256_fc_dims=512_seed5
0.20787728905677796,0.2888719873314883,50,0.23075439131259917,0.2071505627287691,1059656,2400,600,1000,50,6.8,cuda,6,7.7,0,user-Puget-Workstation-Threadripper-PRO-WRX90-T140-XL,trial_0027_lr=1.0e-03_weight_decay=1.0e-04_kernel_sizes=10x7x5_conv_channels=256x256x256_fc_dims=512_seed6,completed,f8cae52bb3,trial_0027_lr=1.0e-03_weight_decay=1.0e-04_kernel_sizes=10x7x5_conv_channels=256x256x256_fc_dims=512_seed6
0.20889405250549317,0.2841493116243141,48,0.23041141664981843,0.19968659656831328,1059656,2400,600,1000,50,7.1,cuda,7,8.0,1,user-Puget-Workstation-Threadripper-PRO-WRX90-T140-XL,trial_0027_lr=1.0e-03_weight_decay=1.0e-04_kernel_sizes=10x7x5_conv_channels=256x256x256_fc_dims=512_seed7,completed,f8cae52bb3,trial_0027_lr=1.0e-03_weight_decay=1.0e-04_kernel_sizes=10x7x5_conv_channels=256x256x256_fc_dims=512_seed7
0.20967022081216177,0.28002351740708015,50,0.22991939771175385,0.20098073298534275,1059656,2400,600,1000,50,7.0,cuda,8,7.9,0,user-Puget-Workstation-Threadripper-PRO-WRX90-T140-XL,trial_0027_lr=1.0e-03_weight_decay=1.0e-04_kernel_sizes=10x7x5_conv_channels=256x256x256_fc_dims=512_seed8,completed,f8cae52bb3,trial_0027_lr=1.0e-03_weight_decay=1.0e-04_kernel_sizes=10x7x5_conv_channels=256x256x256_fc_dims=512_seed8
0.20800990720589957,0.27850915312555563,49,0.23078455638885498,0.2030822822222252,1059656,2400,600,1000,50,7.0,cuda,9,7.8,1,user-Puget-Workstation-Threadripper-PRO-WRX90-T140-XL,trial_0027_lr=1.0e-03_weight_decay=1.0e-04_kernel_sizes=10x7x5_conv_channels=256x256x256_fc_dims=512_seed9,completed,f8cae52bb3,trial_0027_lr=1.0e-03_weight_decay=1.0e-04_kernel_sizes=10x7x5_conv_channels=256x256x256_fc_dims=512_seed9
0.23971218625704446,0.1356224649581706,50,0.2476561156511307,0.10137431216233134,910408,2400,600,1000,50,7.0,cuda,0,7.8,0,user-Puget-Workstation-Threadripper-PRO-WRX90-T140-XL,trial_0028_lr=1.0e-04_weight_decay=0.0e+00_kernel_sizes=10x5x3_conv_channels=256x256x256_fc_dims=512x256_seed0,completed,ef1e2a51d6,trial_0028_lr=1.0e-04_weight_decay=0.0e+00_kernel_sizes=10x5x3_conv_channels=256x256x256_fc_dims=512x256_seed0
0.23907072246074676,0.13692402527943484,50,0.24691176629066466,0.09929443679134468,910408,2400,600,1000,50,7.2,cuda,1,8.1,1,user-Puget-Workstation-Threadripper-PRO-WRX90-T140-XL,trial_0028_lr=1.0e-04_weight_decay=0.0e+00_kernel_sizes=10x5x3_conv_channels=256x256x256_fc_dims=512x256_seed1,completed,ef1e2a51d6,trial_0028_lr=1.0e-04_weight_decay=0.0e+00_kernel_sizes=10x5x3_conv_channels=256x256x256_fc_dims=512x256_seed1
0.2408309147755305,0.13200554106056536,49,0.24796170938014983,0.09920590439009094,910408,2400,600,1000,50,7.0,cuda,2,7.8,0,user-Puget-Workstation-Threadripper-PRO-WRX90-T140-XL,trial_0028_lr=1.0e-04_weight_decay=0.0e+00_kernel_sizes=10x5x3_conv_channels=256x256x256_fc_dims=512x256_seed2,completed,ef1e2a51d6,trial_0028_lr=1.0e-04_weight_decay=0.0e+00_kernel_sizes=10x5x3_conv_channels=256x256x256_fc_dims=512x256_seed2
0.24163333018620808,0.1383010134116199,50,0.2475439074039459,0.10151359161170333,910408,2400,600,1000,50,7.1,cuda,3,8.0,1,user-Puget-Workstation-Threadripper-PRO-WRX90-T140-XL,trial_0028_lr=1.0e-04_weight_decay=0.0e+00_kernel_sizes=10x5x3_conv_channels=256x256x256_fc_dims=512x256_seed3,completed,ef1e2a51d6,trial_0028_lr=1.0e-04_weight_decay=0.0e+00_kernel_sizes=10x5x3_conv_channels=256x256x256_fc_dims=512x256_seed3
0.24020655651887257,0.14018503025287468,50,0.24707418835163117,0.10083932405282753,910408,2400,600,1000,50,7.0,cuda,4,7.8,0,user-Puget-Workstation-Threadripper-PRO-WRX90-T140-XL,trial_0028_lr=1.0e-04_weight_decay=0.0e+00_kernel_sizes=10x5x3_conv_channels=256x256x256_fc_dims=512x256_seed4,completed,ef1e2a51d6,trial_0028_lr=1.0e-04_weight_decay=0.0e+00_kernel_sizes=10x5x3_conv_channels=256x256x256_fc_dims=512x256_seed4
0.2513856546084086,0.08451777801099856,20,0.25237376165390013,0.06835186215961216,910408,2400,600,1000,23,3.6,cuda,5,4.5,1,user-Puget-Workstation-Threadripper-PRO-WRX90-T140-XL,trial_0028_lr=1.0e-04_weight_decay=0.0e+00_kernel_sizes=10x5x3_conv_channels=256x256x256_fc_dims=512x256_seed5,completed,ef1e2a51d6,trial_0028_lr=1.0e-04_weight_decay=0.0e+00_kernel_sizes=10x5x3_conv_channels=256x256x256_fc_dims=512x256_seed5
0.251318222284317,0.08440796033756277,19,0.25274735188484193,0.06362744098431714,910408,2400,600,1000,22,3.5,cuda,6,4.4,0,user-Puget-Workstation-Threadripper-PRO-WRX90-T140-XL,trial_0028_lr=1.0e-04_weight_decay=0.0e+00_kernel_sizes=10x5x3_conv_channels=256x256x256_fc_dims=512x256_seed6,completed,ef1e2a51d6,trial_0028_lr=1.0e-04_weight_decay=0.0e+00_kernel_sizes=10x5x3_conv_channels=256x256x256_fc_dims=512x256_seed6
0.24876026233037313,0.08657692131632722,20,0.25054633712768554,0.06646485310579024,910408,2400,600,1000,23,3.7,cuda,7,4.6,1,user-Puget-Workstation-Threadripper-PRO-WRX90-T140-XL,trial_0028_lr=1.0e-04_weight_decay=0.0e+00_kernel_sizes=10x5x3_conv_channels=256x256x256_fc_dims=512x256_seed7,completed,ef1e2a51d6,trial_0028_lr=1.0e-04_weight_decay=0.0e+00_kernel_sizes=10x5x3_conv_channels=256x256x256_fc_dims=512x256_seed7
0.2417367219924927,0.13361171397128613,50,0.2466886156797409,0.10103572021538038,910408,2400,600,1000,50,7.0,cuda,8,7.8,0,user-Puget-Workstation-Threadripper-PRO-WRX90-T140-XL,trial_0028_lr=1.0e-04_weight_decay=0.0e+00_kernel_sizes=10x5x3_conv_channels=256x256x256_fc_dims=512x256_seed8,completed,ef1e2a51d6,trial_0028_lr=1.0e-04_weight_decay=0.0e+00_kernel_sizes=10x5x3_conv_channels=256x256x256_fc_dims=512x256_seed8
0.2478017282485962,0.08650158018782875,20,0.2517018613815308,0.06850266900523809,910408,2400,600,1000,23,3.7,cuda,9,4.6,1,user-Puget-Workstation-Threadripper-PRO-WRX90-T140-XL,trial_0028_lr=1.0e-04_weight_decay=0.0e+00_kernel_sizes=10x5x3_conv_channels=256x256x256_fc_dims=512x256_seed9,completed,ef1e2a51d6,trial_0028_lr=1.0e-04_weight_decay=0.0e+00_kernel_sizes=10x5x3_conv_channels=256x256x256_fc_dims=512x256_seed9
0.23871038456757862,0.13975570460542508,50,0.24716760647296906,0.10387174506095255,910408,2400,600,1000,50,6.9,cuda,0,7.7,0,user-Puget-Workstation-Threadripper-PRO-WRX90-T140-XL,trial_0029_lr=1.0e-04_weight_decay=1.0e-04_kernel_sizes=10x5x3_conv_channels=256x256x256_fc_dims=512x256_seed0,completed,ac3d1a2d7d,trial_0029_lr=1.0e-04_weight_decay=1.0e-04_kernel_sizes=10x5x3_conv_channels=256x256x256_fc_dims=512x256_seed0
0.24556539913018544,0.09036435703505173,22,0.24987814116477966,0.0663150068371693,910408,2400,600,1000,25,3.9,cuda,1,4.7,1,user-Puget-Workstation-Threadripper-PRO-WRX90-T140-XL,trial_0029_lr=1.0e-04_weight_decay=1.0e-04_kernel_sizes=10x5x3_conv_channels=256x256x256_fc_dims=512x256_seed1,completed,ac3d1a2d7d,trial_0029_lr=1.0e-04_weight_decay=1.0e-04_kernel_sizes=10x5x3_conv_channels=256x256x256_fc_dims=512x256_seed1
0.23971619427204133,0.13610420812728855,49,0.24745491278171539,0.10165029997443824,910408,2400,600,1000,50,7.1,cuda,2,7.9,0,user-Puget-Workstation-Threadripper-PRO-WRX90-T140-XL,trial_0029_lr=1.0e-04_weight_decay=1.0e-04_kernel_sizes=10x5x3_conv_channels=256x256x256_fc_dims=512x256_seed2,completed,ac3d1a2d7d,trial_0029_lr=1.0e-04_weight_decay=1.0e-04_kernel_sizes=10x5x3_conv_channels=256x256x256_fc_dims=512x256_seed2
0.24066022058327993,0.1422316849390686,50,0.2471113919019699,0.10384040111472927,910408,2400,600,1000,50,7.2,cuda,3,8.1,1,user-Puget-Workstation-Threadripper-PRO-WRX90-T140-XL,trial_0029_lr=1.0e-04_weight_decay=1.0e-04_kernel_sizes=10x5x3_conv_channels=256x256x256_fc_dims=512x256_seed3,completed,ac3d1a2d7d,trial_0029_lr=1.0e-04_weight_decay=1.0e-04_kernel_sizes=10x5x3_conv_channels=256x256x256_fc_dims=512x256_seed3
0.23907288451989492,0.14469048390996145,50,0.24650045454502106,0.10379426511331076,910408,2400,600,1000,50,7.0,cuda,4,7.8,0,user-Puget-Workstation-Threadripper-PRO-WRX90-T140-XL,trial_0029_lr=1.0e-04_weight_decay=1.0e-04_kernel_sizes=10x5x3_conv_channels=256x256x256_fc_dims=512x256_seed4,completed,ac3d1a2d7d,trial_0029_lr=1.0e-04_weight_decay=1.0e-04_kernel_sizes=10x5x3_conv_channels=256x256x256_fc_dims=512x256_seed4
0.25103702863057453,0.08262886131710866,19,0.25197765827178953,0.06693151968308024,910408,2400,600,1000,22,3.6,cuda,5,4.4,1,user-Puget-Workstation-Threadripper-PRO-WRX90-T140-XL,trial_0029_lr=1.0e-04_weight_decay=1.0e-04_kernel_sizes=10x5x3_conv_channels=256x256x256_fc_dims=512x256_seed5,completed,ac3d1a2d7d,trial_0029_lr=1.0e-04_weight_decay=1.0e-04_kernel_sizes=10x5x3_conv_channels=256x256x256_fc_dims=512x256_seed5
0.250902050336202,0.08583173640232211,19,0.25246659564971924,0.06443279266310804,910408,2400,600,1000,22,3.5,cuda,6,4.3,0,user-Puget-Workstation-Threadripper-PRO-WRX90-T140-XL,trial_0029_lr=1.0e-04_weight_decay=1.0e-04_kernel_sizes=10x5x3_conv_channels=256x256x256_fc_dims=512x256_seed6,completed,ac3d1a2d7d,trial_0029_lr=1.0e-04_weight_decay=1.0e-04_kernel_sizes=10x5x3_conv_channels=256x256x256_fc_dims=512x256_seed6
0.2483331060409546,0.08811606108791797,20,0.2502846628427505,0.06738432309721293,910408,2400,600,1000,23,3.8,cuda,7,4.6,1,user-Puget-Workstation-Threadripper-PRO-WRX90-T140-XL,trial_0029_lr=1.0e-04_weight_decay=1.0e-04_kernel_sizes=10x5x3_conv_channels=256x256x256_fc_dims=512x256_seed7,completed,ac3d1a2d7d,trial_0029_lr=1.0e-04_weight_decay=1.0e-04_kernel_sizes=10x5x3_conv_channels=256x256x256_fc_dims=512x256_seed7
0.24076525529225667,0.13792126313037778,50,0.24624777114391327,0.10355534272576347,910408,2400,600,1000,50,7.0,cuda,8,7.8,0,user-Puget-Workstation-Threadripper-PRO-WRX90-T140-XL,trial_0029_lr=1.0e-04_weight_decay=1.0e-04_kernel_sizes=10x5x3_conv_channels=256x256x256_fc_dims=512x256_seed8,completed,ac3d1a2d7d,trial_0029_lr=1.0e-04_weight_decay=1.0e-04_kernel_sizes=10x5x3_conv_channels=256x256x256_fc_dims=512x256_seed8
0.24742862820625305,0.08436418731640534,19,0.25131282973289487,0.06709930907531017,910408,2400,600,1000,22,3.5,cuda,9,4.4,1,user-Puget-Workstation-Threadripper-PRO-WRX90-T140-XL,trial_0029_lr=1.0e-04_weight_decay=1.0e-04_kernel_sizes=10x5x3_conv_channels=256x256x256_fc_dims=512x256_seed9,completed,ac3d1a2d7d,trial_0029_lr=1.0e-04_weight_decay=1.0e-04_kernel_sizes=10x5x3_conv_channels=256x256x256_fc_dims=512x256_seed9
0.258822207848231,0.0480145554284607,4,0.2630590541362762,0.04197380582612346,910408,2400,600,1000,7,1.5,cuda,0,2.3,0,user-Puget-Workstation-Threadripper-PRO-WRX90-T140-XL,trial_0030_lr=1.0e-03_weight_decay=0.0e+00_kernel_sizes=10x5x3_conv_channels=256x256x256_fc_dims=512x256_seed0,completed,c16eb88b3d,trial_0030_lr=1.0e-03_weight_decay=0.0e+00_kernel_sizes=10x5x3_conv_channels=256x256x256_fc_dims=512x256_seed0
0.2207011729478836,0.21299497602367695,50,0.2392374988794327,0.14991210644800965,910408,2400,600,1000,50,7.2,cuda,1,8.0,1,user-Puget-Workstation-Threadripper-PRO-WRX90-T140-XL,trial_0030_lr=1.0e-03_weight_decay=0.0e+00_kernel_sizes=10x5x3_conv_channels=256x256x256_fc_dims=512x256_seed1,completed,c16eb88b3d,trial_0030_lr=1.0e-03_weight_decay=0.0e+00_kernel_sizes=10x5x3_conv_channels=256x256x256_fc_dims=512x256_seed1
0.22036974807580312,0.21163761502684983,50,0.23810700464248657,0.1521629419177787,910408,2400,600,1000,50,7.0,cuda,2,7.8,0,user-Puget-Workstation-Threadripper-PRO-WRX90-T140-XL,trial_0030_lr=1.0e-03_weight_decay=0.0e+00_kernel_sizes=10x5x3_conv_channels=256x256x256_fc_dims=512x256_seed2,completed,c16eb88b3d,trial_0030_lr=1.0e-03_weight_decay=0.0e+00_kernel_sizes=10x5x3_conv_channels=256x256x256_fc_dims=512x256_seed2
0.22039963165918985,0.22383838800331962,50,0.2386204812526703,0.15853590990113553,910408,2400,600,1000,50,7.2,cuda,3,8.0,1,user-Puget-Workstation-Threadripper-PRO-WRX90-T140-XL,trial_0030_lr=1.0e-03_weight_decay=0.0e+00_kernel_sizes=10x5x3_conv_channels=256x256x256_fc_dims=512x256_seed3,completed,c16eb88b3d,trial_0030_lr=1.0e-03_weight_decay=0.0e+00_kernel_sizes=10x5x3_conv_channels=256x256x256_fc_dims=512x256_seed3
0.21951256891091664,0.22318992630250226,50,0.23766358602046966,0.15781423750595644,910408,2400,600,1000,50,7.1,cuda,4,7.9,0,user-Puget-Workstation-Threadripper-PRO-WRX90-T140-XL,trial_0030_lr=1.0e-03_weight_decay=0.0e+00_kernel_sizes=10x5x3_conv_channels=256x256x256_fc_dims=512x256_seed4,completed,c16eb88b3d,trial_0030_lr=1.0e-03_weight_decay=0.0e+00_kernel_sizes=10x5x3_conv_channels=256x256x256_fc_dims=512x256_seed4
0.270445427497228,0.04088349308983689,3,0.2724482955932617,0.03945315002891985,910408,2400,600,1000,6,1.4,cuda,5,2.2,1,user-Puget-Workstation-Threadripper-PRO-WRX90-T140-XL,trial_0030_lr=1.0e-03_weight_decay=0.0e+00_kernel_sizes=10x5x3_conv_channels=256x256x256_fc_dims=512x256_seed5,completed,c16eb88b3d,trial_0030_lr=1.0e-03_weight_decay=0.0e+00_kernel_sizes=10x5x3_conv_channels=256x256x256_fc_dims=512x256_seed5
0.22273781220118205,0.21198421846174478,50,0.2382969229221344,0.15134485218077678,910408,2400,600,1000,50,7.1,cuda,6,7.9,0,user-Puget-Workstation-Threadripper-PRO-WRX90-T140-XL,trial_0030_lr=1.0e-03_weight_decay=0.0e+00_kernel_sizes=10x5x3_conv_channels=256x256x256_fc_dims=512x256_seed6,completed,c16eb88b3d,trial_0030_lr=1.0e-03_weight_decay=0.0e+00_kernel_sizes=10x5x3_conv_channels=256x256x256_fc_dims=512x256_seed6
0.22179772675037385,0.21845902873876316,50,0.2384484614133835,0.15399274169247532,910408,2400,600,1000,50,7.2,cuda,7,8.1,1,user-Puget-Workstation-Threadripper-PRO-WRX90-T140-XL,trial_0030_lr=1.0e-03_weight_decay=0.0e+00_kernel_sizes=10x5x3_conv_channels=256x256x256_fc_dims=512x256_seed7,completed,c16eb88b3d,trial_0030_lr=1.0e-03_weight_decay=0.0e+00_kernel_sizes=10x5x3_conv_channels=256x256x256_fc_dims=512x256_seed7
0.2627668579419454,0.05095291745871738,4,0.26482699418067934,0.04357426026876444,910408,2400,600,1000,7,1.5,cuda,8,2.3,0,user-Puget-Workstation-Threadripper-PRO-WRX90-T140-XL,trial_0030_lr=1.0e-03_weight_decay=0.0e+00_kernel_sizes=10x5x3_conv_channels=256x256x256_fc_dims=512x256_seed8,completed,c16eb88b3d,trial_0030_lr=1.0e-03_weight_decay=0.0e+00_kernel_sizes=10x5x3_conv_channels=256x256x256_fc_dims=512x256_seed8
0.21952660858631134,0.21843198786375959,50,0.23808620727062224,0.15846800623943744,910408,2400,600,1000,50,7.2,cuda,9,8.1,1,user-Puget-Workstation-Threadripper-PRO-WRX90-T140-XL,trial_0030_lr=1.0e-03_weight_decay=0.0e+00_kernel_sizes=10x5x3_conv_channels=256x256x256_fc_dims=512x256_seed9,completed,c16eb88b3d,trial_0030_lr=1.0e-03_weight_decay=0.0e+00_kernel_sizes=10x5x3_conv_channels=256x256x256_fc_dims=512x256_seed9
0.2573826571305593,0.047521239913405504,4,0.2616631064414978,0.04240596285759056,910408,2400,600,1000,7,1.5,cuda,0,2.4,0,user-Puget-Workstation-Threadripper-PRO-WRX90-T140-XL,trial_0031_lr=1.0e-03_weight_decay=1.0e-04_kernel_sizes=10x5x3_conv_channels=256x256x256_fc_dims=512x256_seed0,completed,52a03bc97e,trial_0031_lr=1.0e-03_weight_decay=1.0e-04_kernel_sizes=10x5x3_conv_channels=256x256x256_fc_dims=512x256_seed0
0.2614076046148936,0.050693946800516344,4,0.2646633298397064,0.041637357811861946,910408,2400,600,1000,7,1.5,cuda,1,2.4,1,user-Puget-Workstation-Threadripper-PRO-WRX90-T140-XL,trial_0031_lr=1.0e-03_weight_decay=1.0e-04_kernel_sizes=10x5x3_conv_channels=256x256x256_fc_dims=512x256_seed1,completed,52a03bc97e,trial_0031_lr=1.0e-03_weight_decay=1.0e-04_kernel_sizes=10x5x3_conv_channels=256x256x256_fc_dims=512x256_seed1
0.2597403315703074,0.04547743108273957,4,0.2625271165370941,0.039759289774433035,910408,2400,600,1000,7,1.5,cuda,2,2.3,0,user-Puget-Workstation-Threadripper-PRO-WRX90-T140-XL,trial_0031_lr=1.0e-03_weight_decay=1.0e-04_kernel_sizes=10x5x3_conv_channels=256x256x256_fc_dims=512x256_seed2,completed,52a03bc97e,trial_0031_lr=1.0e-03_weight_decay=1.0e-04_kernel_sizes=10x5x3_conv_channels=256x256x256_fc_dims=512x256_seed2
0.26359283725420635,0.042795696272034243,4,0.26478451704978945,0.03680408114560184,910408,2400,600,1000,7,1.5,cuda,3,2.4,1,user-Puget-Workstation-Threadripper-PRO-WRX90-T140-XL,trial_0031_lr=1.0e-03_weight_decay=1.0e-04_kernel_sizes=10x5x3_conv_channels=256x256x256_fc_dims=512x256_seed3,completed,52a03bc97e,trial_0031_lr=1.0e-03_weight_decay=1.0e-04_kernel_sizes=10x5x3_conv_channels=256x256x256_fc_dims=512x256_seed3
0.21291918357213338,0.25537857645822337,50,0.23315499567985534,0.18166685497439994,910408,2400,600,1000,50,7.1,cuda,4,7.9,0,user-Puget-Workstation-Threadripper-PRO-WRX90-T140-XL,trial_0031_lr=1.0e-03_weight_decay=1.0e-04_kernel_sizes=10x5x3_conv_channels=256x256x256_fc_dims=512x256_seed4,completed,52a03bc97e,trial_0031_lr=1.0e-03_weight_decay=1.0e-04_kernel_sizes=10x5x3_conv_channels=256x256x256_fc_dims=512x256_seed4
0.2686461369196574,0.03994522068210763,3,0.2709232633113861,0.03870303333789705,910408,2400,600,1000,6,1.4,cuda,5,2.2,1,user-Puget-Workstation-Threadripper-PRO-WRX90-T140-XL,trial_0031_lr=1.0e-03_weight_decay=1.0e-04_kernel_sizes=10x5x3_conv_channels=256x256x256_fc_dims=512x256_seed5,completed,52a03bc97e,trial_0031_lr=1.0e-03_weight_decay=1.0e-04_kernel_sizes=10x5x3_conv_channels=256x256x256_fc_dims=512x256_seed5
0.2151299794514974,0.24795174383936422,50,0.23395097851753235,0.17638146838820348,910408,2400,600,1000,50,7.2,cuda,6,8.0,0,user-Puget-Workstation-Threadripper-PRO-WRX90-T140-XL,trial_0031_lr=1.0e-03_weight_decay=1.0e-04_kernel_sizes=10x5x3_conv_channels=256x256x256_fc_dims=512x256_seed6,completed,52a03bc97e,trial_0031_lr=1.0e-03_weight_decay=1.0e-04_kernel_sizes=10x5x3_conv_channels=256x256x256_fc_dims=512x256_seed6
0.21363150815169016,0.2556299789271686,49,0.2334357076883316,0.1801630425315346,910408,2400,600,1000,50,7.3,cuda,7,8.2,1,user-Puget-Workstation-Threadripper-PRO-WRX90-T140-XL,trial_0031_lr=1.0e-03_weight_decay=1.0e-04_kernel_sizes=10x5x3_conv_channels=256x256x256_fc_dims=512x256_seed7,completed,52a03bc97e,trial_0031_lr=1.0e-03_weight_decay=1.0e-04_kernel_sizes=10x5x3_conv_channels=256x256x256_fc_dims=512x256_seed7
0.26181122223536174,0.049388233219932624,4,0.2635142538547516,0.04222802125982083,910408,2400,600,1000,7,1.5,cuda,8,2.3,0,user-Puget-Workstation-Threadripper-PRO-WRX90-T140-XL,trial_0031_lr=1.0e-03_weight_decay=1.0e-04_kernel_sizes=10x5x3_conv_channels=256x256x256_fc_dims=512x256_seed8,completed,52a03bc97e,trial_0031_lr=1.0e-03_weight_decay=1.0e-04_kernel_sizes=10x5x3_conv_channels=256x256x256_fc_dims=512x256_seed8
0.2119759245713552,0.2517337081196876,50,0.23353426778316497,0.18332652687313578,910408,2400,600,1000,50,7.3,cuda,9,8.1,1,user-Puget-Workstation-Threadripper-PRO-WRX90-T140-XL,trial_0031_lr=1.0e-03_weight_decay=1.0e-04_kernel_sizes=10x5x3_conv_channels=256x256x256_fc_dims=512x256_seed9,completed,52a03bc97e,trial_0031_lr=1.0e-03_weight_decay=1.0e-04_kernel_sizes=10x5x3_conv_channels=256x256x256_fc_dims=512x256_seed9
0.23350574672222138,0.1409671075966673,50,0.24233939242362976,0.10299124417630444,1028936,2400,600,1000,50,6.9,cuda,0,7.7,0,user-Puget-Workstation-Threadripper-PRO-WRX90-T140-XL,trial_0032_lr=1.0e-04_weight_decay=0.0e+00_kernel_sizes=7x7x5_conv_channels=256x256x256_fc_dims=512_seed0,completed,f5cef7b66d,trial_0032_lr=1.0e-04_weight_decay=0.0e+00_kernel_sizes=7x7x5_conv_channels=256x256x256_fc_dims=512_seed0
0.23451785186926524,0.14239687626162045,50,0.24257930755615234,0.10178574520197028,1028936,2400,600,1000,50,7.4,cuda,1,8.3,1,user-Puget-Workstation-Threadripper-PRO-WRX90-T140-XL,trial_0032_lr=1.0e-04_weight_decay=0.0e+00_kernel_sizes=7x7x5_conv_channels=256x256x256_fc_dims=512_seed1,completed,f5cef7b66d,trial_0032_lr=1.0e-04_weight_decay=0.0e+00_kernel_sizes=7x7x5_conv_channels=256x256x256_fc_dims=512_seed1
0.2344893056154251,0.14257829011292006,50,0.24226449275016784,0.10488864883321602,1028936,2400,600,1000,50,7.0,cuda,2,7.8,0,user-Puget-Workstation-Threadripper-PRO-WRX90-T140-XL,trial_0032_lr=1.0e-04_weight_decay=0.0e+00_kernel_sizes=7x7x5_conv_channels=256x256x256_fc_dims=512_seed2,completed,f5cef7b66d,trial_0032_lr=1.0e-04_weight_decay=0.0e+00_kernel_sizes=7x7x5_conv_channels=256x256x256_fc_dims=512_seed2
0.2378918476899465,0.13219942140097216,50,0.24323120284080504,0.09704710368462331,1028936,2400,600,1000,50,7.2,cuda,3,8.1,1,user-Puget-Workstation-Threadripper-PRO-WRX90-T140-XL,trial_0032_lr=1.0e-04_weight_decay=0.0e+00_kernel_sizes=7x7x5_conv_channels=256x256x256_fc_dims=512_seed3,completed,f5cef7b66d,trial_0032_lr=1.0e-04_weight_decay=0.0e+00_kernel_sizes=7x7x5_conv_channels=256x256x256_fc_dims=512_seed3
0.23629176060358684,0.13944713781477103,50,0.24296511697769166,0.10213167665063697,1028936,2400,600,1000,50,7.0,cuda,4,7.8,0,user-Puget-Workstation-Threadripper-PRO-WRX90-T140-XL,trial_0032_lr=1.0e-04_weight_decay=0.0e+00_kernel_sizes=7x7x5_conv_channels=256x256x256_fc_dims=512_seed4,completed,f5cef7b66d,trial_0032_lr=1.0e-04_weight_decay=0.0e+00_kernel_sizes=7x7x5_conv_channels=256x256x256_fc_dims=512_seed4
0.23660492956638335,0.14390565838044983,50,0.24214223337173463,0.10637385980180707,1028936,2400,600,1000,50,7.0,cuda,5,7.8,1,user-Puget-Workstation-Threadripper-PRO-WRX90-T140-XL,trial_0032_lr=1.0e-04_weight_decay=0.0e+00_kernel_sizes=7x7x5_conv_channels=256x256x256_fc_dims=512_seed5,completed,f5cef7b66d,trial_0032_lr=1.0e-04_weight_decay=0.0e+00_kernel_sizes=7x7x5_conv_channels=256x256x256_fc_dims=512_seed5
0.23709719777107238,0.13916278929245704,50,0.24283703708648682,0.10137518739938313,1028936,2400,600,1000,50,7.0,cuda,6,7.8,0,user-Puget-Workstation-Threadripper-PRO-WRX90-T140-XL,trial_0032_lr=1.0e-04_weight_decay=0.0e+00_kernel_sizes=7x7x5_conv_channels=256x256x256_fc_dims=512_seed6,completed,f5cef7b66d,trial_0032_lr=1.0e-04_weight_decay=0.0e+00_kernel_sizes=7x7x5_conv_channels=256x256x256_fc_dims=512_seed6
0.23819968263308208,0.13103018886174003,50,0.24328995311260224,0.09510595302765433,1028936,2400,600,1000,50,7.2,cuda,7,8.0,1,user-Puget-Workstation-Threadripper-PRO-WRX90-T140-XL,trial_0032_lr=1.0e-04_weight_decay=0.0e+00_kernel_sizes=7x7x5_conv_channels=256x256x256_fc_dims=512_seed7,completed,f5cef7b66d,trial_0032_lr=1.0e-04_weight_decay=0.0e+00_kernel_sizes=7x7x5_conv_channels=256x256x256_fc_dims=512_seed7
0.23750311215718586,0.13782946082482758,50,0.2428587875366211,0.10000655011788086,1028936,2400,600,1000,50,6.9,cuda,8,7.8,0,user-Puget-Workstation-Threadripper-PRO-WRX90-T140-XL,trial_0032_lr=1.0e-04_weight_decay=0.0e+00_kernel_sizes=7x7x5_conv_channels=256x256x256_fc_dims=512_seed8,completed,f5cef7b66d,trial_0032_lr=1.0e-04_weight_decay=0.0e+00_kernel_sizes=7x7x5_conv_channels=256x256x256_fc_dims=512_seed8
0.23392381032307943,0.14107732011503693,50,0.24174407553672791,0.10543136847067897,1028936,2400,600,1000,50,7.4,cuda,9,8.3,1,user-Puget-Workstation-Threadripper-PRO-WRX90-T140-XL,trial_0032_lr=1.0e-04_weight_decay=0.0e+00_kernel_sizes=7x7x5_conv_channels=256x256x256_fc_dims=512_seed9,completed,f5cef7b66d,trial_0032_lr=1.0e-04_weight_decay=0.0e+00_kernel_sizes=7x7x5_conv_channels=256x256x256_fc_dims=512_seed9
0.2327953588962555,0.1452872111976302,50,0.2420749707221985,0.10546042610740618,1028936,2400,600,1000,50,7.0,cuda,0,7.9,0,user-Puget-Workstation-Threadripper-PRO-WRX90-T140-XL,trial_0033_lr=1.0e-04_weight_decay=1.0e-04_kernel_sizes=7x7x5_conv_channels=256x256x256_fc_dims=512_seed0,completed,dd772c160e,trial_0033_lr=1.0e-04_weight_decay=1.0e-04_kernel_sizes=7x7x5_conv_channels=256x256x256_fc_dims=512_seed0
0.23367882549762725,0.14711056473686762,50,0.24222483134269715,0.10497058370884658,1028936,2400,600,1000,50,7.1,cuda,1,8.0,1,user-Puget-Workstation-Threadripper-PRO-WRX90-T140-XL,trial_0033_lr=1.0e-04_weight_decay=1.0e-04_kernel_sizes=7x7x5_conv_channels=256x256x256_fc_dims=512_seed1,completed,dd772c160e,trial_0033_lr=1.0e-04_weight_decay=1.0e-04_kernel_sizes=7x7x5_conv_channels=256x256x256_fc_dims=512_seed1
0.2335256882508596,0.14724399160946378,50,0.24186580502986907,0.1077530764602349,1028936,2400,600,1000,50,7.0,cuda,2,7.8,0,user-Puget-Workstation-Threadripper-PRO-WRX90-T140-XL,trial_0033_lr=1.0e-04_weight_decay=1.0e-04_kernel_sizes=7x7x5_conv_channels=256x256x256_fc_dims=512_seed2,completed,dd772c160e,trial_0033_lr=1.0e-04_weight_decay=1.0e-04_kernel_sizes=7x7x5_conv_channels=256x256x256_fc_dims=512_seed2
0.2369578997294108,0.13710016963636829,50,0.24281017565727234,0.10004183309499601,1028936,2400,600,1000,50,7.1,cuda,3,8.0,1,user-Puget-Workstation-Threadripper-PRO-WRX90-T140-XL,trial_0033_lr=1.0e-04_weight_decay=1.0e-04_kernel_sizes=7x7x5_conv_channels=256x256x256_fc_dims=512_seed3,completed,dd772c160e,trial_0033_lr=1.0e-04_weight_decay=1.0e-04_kernel_sizes=7x7x5_conv_channels=256x256x256_fc_dims=512_seed3
0.23530198474725086,0.14439631645569825,50,0.24249591958522795,0.10515056699142289,1028936,2400,600,1000,50,7.0,cuda,4,7.8,0,user-Puget-Workstation-Threadripper-PRO-WRX90-T140-XL,trial_0033_lr=1.0e-04_weight_decay=1.0e-04_kernel_sizes=7x7x5_conv_channels=256x256x256_fc_dims=512_seed4,completed,dd772c160e,trial_0033_lr=1.0e-04_weight_decay=1.0e-04_kernel_sizes=7x7x5_conv_channels=256x256x256_fc_dims=512_seed4
0.23586155275503795,0.14723244283949724,49,0.2417778981924057,0.10827831448242281,1028936,2400,600,1000,50,7.3,cuda,5,8.1,1,user-Puget-Workstation-Threadripper-PRO-WRX90-T140-XL,trial_0033_lr=1.0e-04_weight_decay=1.0e-04_kernel_sizes=7x7x5_conv_channels=256x256x256_fc_dims=512_seed5,completed,dd772c160e,trial_0033_lr=1.0e-04_weight_decay=1.0e-04_kernel_sizes=7x7x5_conv_channels=256x256x256_fc_dims=512_seed5
0.23621468087037403,0.1440981698041413,50,0.24244290721416473,0.10441737982985848,1028936,2400,600,1000,50,7.0,cuda,6,7.8,0,user-Puget-Workstation-Threadripper-PRO-WRX90-T140-XL,trial_0033_lr=1.0e-04_weight_decay=1.0e-04_kernel_sizes=7x7x5_conv_channels=256x256x256_fc_dims=512_seed6,completed,dd772c160e,trial_0033_lr=1.0e-04_weight_decay=1.0e-04_kernel_sizes=7x7x5_conv_channels=256x256x256_fc_dims=512_seed6
0.23717772940794626,0.13636515562310386,50,0.24287321412563323,0.09830350203068988,1028936,2400,600,1000,50,7.2,cuda,7,8.0,1,user-Puget-Workstation-Threadripper-PRO-WRX90-T140-XL,trial_0033_lr=1.0e-04_weight_decay=1.0e-04_kernel_sizes=7x7x5_conv_channels=256x256x256_fc_dims=512_seed7,completed,dd772c160e,trial_0033_lr=1.0e-04_weight_decay=1.0e-04_kernel_sizes=7x7x5_conv_channels=256x256x256_fc_dims=512_seed7
0.23661736150582632,0.1424780756099705,50,0.24242682766914367,0.10321451222441798,1028936,2400,600,1000,50,7.1,cuda,8,7.9,0,user-Puget-Workstation-Threadripper-PRO-WRX90-T140-XL,trial_0033_lr=1.0e-04_weight_decay=1.0e-04_kernel_sizes=7x7x5_conv_channels=256x256x256_fc_dims=512_seed8,completed,dd772c160e,trial_0033_lr=1.0e-04_weight_decay=1.0e-04_kernel_sizes=7x7x5_conv_channels=256x256x256_fc_dims=512_seed8
0.23318912625312804,0.14529080364924252,50,0.24144717621803283,0.10825627124147362,1028936,2400,600,1000,50,7.0,cuda,9,7.9,1,user-Puget-Workstation-Threadripper-PRO-WRX90-T140-XL,trial_0033_lr=1.0e-04_weight_decay=1.0e-04_kernel_sizes=7x7x5_conv_channels=256x256x256_fc_dims=512_seed9,completed,dd772c160e,trial_0033_lr=1.0e-04_weight_decay=1.0e-04_kernel_sizes=7x7x5_conv_channels=256x256x256_fc_dims=512_seed9
0.21058952709039053,0.25836147859007347,50,0.233294939160347,0.1848241287879891,1028936,2400,600,1000,50,7.0,cuda,0,7.9,0,user-Puget-Workstation-Threadripper-PRO-WRX90-T140-XL,trial_0034_lr=1.0e-03_weight_decay=0.0e+00_kernel_sizes=7x7x5_conv_channels=256x256x256_fc_dims=512_seed0,completed,3b9970349b,trial_0034_lr=1.0e-03_weight_decay=0.0e+00_kernel_sizes=7x7x5_conv_channels=256x256x256_fc_dims=512_seed0
0.21162121812502543,0.258961941164928,50,0.23389523994922637,0.18258755460649445,1028936,2400,600,1000,50,7.2,cuda,1,8.0,1,user-Puget-Workstation-Threadripper-PRO-WRX90-T140-XL,trial_0034_lr=1.0e-03_weight_decay=0.0e+00_kernel_sizes=7x7x5_conv_channels=256x256x256_fc_dims=512_seed1,completed,3b9970349b,trial_0034_lr=1.0e-03_weight_decay=0.0e+00_kernel_sizes=7x7x5_conv_channels=256x256x256_fc_dims=512_seed1
0.21018429497877758,0.2642123736414976,50,0.2325910050868988,0.18921500956864523,1028936,2400,600,1000,50,7.0,cuda,2,7.8,0,user-Puget-Workstation-Threadripper-PRO-WRX90-T140-XL,trial_0034_lr=1.0e-03_weight_decay=0.0e+00_kernel_sizes=7x7x5_conv_channels=256x256x256_fc_dims=512_seed2,completed,3b9970349b,trial_0034_lr=1.0e-03_weight_decay=0.0e+00_kernel_sizes=7x7x5_conv_channels=256x256x256_fc_dims=512_seed2
0.21453078607718148,0.2504069071915065,50,0.23437891495227814,0.17989217471940083,1028936,2400,600,1000,50,7.2,cuda,3,8.0,1,user-Puget-Workstation-Threadripper-PRO-WRX90-T140-XL,trial_0034_lr=1.0e-03_weight_decay=0.0e+00_kernel_sizes=7x7x5_conv_channels=256x256x256_fc_dims=512_seed3,completed,3b9970349b,trial_0034_lr=1.0e-03_weight_decay=0.0e+00_kernel_sizes=7x7x5_conv_channels=256x256x256_fc_dims=512_seed3
0.21214530368645987,0.25947748435658247,50,0.23311913239955903,0.18611652229523576,1028936,2400,600,1000,50,7.0,cuda,4,7.9,0,user-Puget-Workstation-Threadripper-PRO-WRX90-T140-XL,trial_0034_lr=1.0e-03_weight_decay=0.0e+00_kernel_sizes=7x7x5_conv_channels=256x256x256_fc_dims=512_seed4,completed,3b9970349b,trial_0034_lr=1.0e-03_weight_decay=0.0e+00_kernel_sizes=7x7x5_conv_channels=256x256x256_fc_dims=512_seed4
0.2132530277967453,0.2597538735095208,50,0.233363116979599,0.18474500051383336,1028936,2400,600,1000,50,7.4,cuda,5,8.2,1,user-Puget-Workstation-Threadripper-PRO-WRX90-T140-XL,trial_0034_lr=1.0e-03_weight_decay=0.0e+00_kernel_sizes=7x7x5_conv_channels=256x256x256_fc_dims=512_seed5,completed,3b9970349b,trial_0034_lr=1.0e-03_weight_decay=0.0e+00_kernel_sizes=7x7x5_conv_channels=256x256x256_fc_dims=512_seed5
0.21319709022839864,0.25898747122862575,50,0.2330884554386139,0.18626846594261467,1028936,2400,600,1000,50,7.0,cuda,6,7.8,0,user-Puget-Workstation-Threadripper-PRO-WRX90-T140-XL,trial_0034_lr=1.0e-03_weight_decay=0.0e+00_kernel_sizes=7x7x5_conv_channels=256x256x256_fc_dims=512_seed6,completed,3b9970349b,trial_0034_lr=1.0e-03_weight_decay=0.0e+00_kernel_sizes=7x7x5_conv_channels=256x256x256_fc_dims=512_seed6
0.2131058629353841,0.26137939161971163,50,0.23311401331424714,0.18500679560836233,1028936,2400,600,1000,50,7.2,cuda,7,8.0,1,user-Puget-Workstation-Threadripper-PRO-WRX90-T140-XL,trial_0034_lr=1.0e-03_weight_decay=0.0e+00_kernel_sizes=7x7x5_conv_channels=256x256x256_fc_dims=512_seed7,completed,3b9970349b,trial_0034_lr=1.0e-03_weight_decay=0.0e+00_kernel_sizes=7x7x5_conv_channels=256x256x256_fc_dims=512_seed7
0.21455950975418092,0.2525042290417879,50,0.2333425966501236,0.1819778746006203,1028936,2400,600,1000,50,6.9,cuda,8,7.8,0,user-Puget-Workstation-Threadripper-PRO-WRX90-T140-XL,trial_0034_lr=1.0e-03_weight_decay=0.0e+00_kernel_sizes=7x7x5_conv_channels=256x256x256_fc_dims=512_seed8,completed,3b9970349b,trial_0034_lr=1.0e-03_weight_decay=0.0e+00_kernel_sizes=7x7x5_conv_channels=256x256x256_fc_dims=512_seed8
0.21222528159618378,0.2543952834853437,50,0.23329202890396117,0.18413113349543148,1028936,2400,600,1000,50,7.2,cuda,9,8.1,1,user-Puget-Workstation-Threadripper-PRO-WRX90-T140-XL,trial_0034_lr=1.0e-03_weight_decay=0.0e+00_kernel_sizes=7x7x5_conv_channels=256x256x256_fc_dims=512_seed9,completed,3b9970349b,trial_0034_lr=1.0e-03_weight_decay=0.0e+00_kernel_sizes=7x7x5_conv_channels=256x256x256_fc_dims=512_seed9
0.20448776145776112,0.2910784604861253,50,0.22951185858249665,0.20828572384359467,1028936,2400,600,1000,50,7.1,cuda,0,8.0,0,user-Puget-Workstation-Threadripper-PRO-WRX90-T140-XL,trial_0035_lr=1.0e-03_weight_decay=1.0e-04_kernel_sizes=7x7x5_conv_channels=256x256x256_fc_dims=512_seed0,completed,960ab09c51,trial_0035_lr=1.0e-03_weight_decay=1.0e-04_kernel_sizes=7x7x5_conv_channels=256x256x256_fc_dims=512_seed0
0.2051487495501836,0.2943725835225313,50,0.2305006036758423,0.20786731906832268,1028936,2400,600,1000,50,7.3,cuda,1,8.1,1,user-Puget-Workstation-Threadripper-PRO-WRX90-T140-XL,trial_0035_lr=1.0e-03_weight_decay=1.0e-04_kernel_sizes=7x7x5_conv_channels=256x256x256_fc_dims=512_seed1,completed,960ab09c51,trial_0035_lr=1.0e-03_weight_decay=1.0e-04_kernel_sizes=7x7x5_conv_channels=256x256x256_fc_dims=512_seed1
0.20592140058676403,0.2876813323999608,44,0.22912624597549439,0.20489100124839166,1028936,2400,600,1000,47,6.7,cuda,2,7.5,0,user-Puget-Workstation-Threadripper-PRO-WRX90-T140-XL,trial_0035_lr=1.0e-03_weight_decay=1.0e-04_kernel_sizes=7x7x5_conv_channels=256x256x256_fc_dims=512_seed2,completed,960ab09c51,trial_0035_lr=1.0e-03_weight_decay=1.0e-04_kernel_sizes=7x7x5_conv_channels=256x256x256_fc_dims=512_seed2
0.20756507515907288,0.2874551765081219,49,0.22889192068576814,0.20590091453291187,1028936,2400,600,1000,50,7.3,cuda,3,8.3,1,user-Puget-Workstation-Threadripper-PRO-WRX90-T140-XL,trial_0035_lr=1.0e-03_weight_decay=1.0e-04_kernel_sizes=7x7x5_conv_channels=256x256x256_fc_dims=512_seed3,completed,960ab09c51,trial_0035_lr=1.0e-03_weight_decay=1.0e-04_kernel_sizes=7x7x5_conv_channels=256x256x256_fc_dims=512_seed3
0.2063749913374583,0.29161491872241424,49,0.22951134574413298,0.20888455266789224,1028936,2400,600,1000,50,7.0,cuda,4,7.8,0,user-Puget-Workstation-Threadripper-PRO-WRX90-T140-XL,trial_0035_lr=1.0e-03_weight_decay=1.0e-04_kernel_sizes=7x7x5_conv_channels=256x256x256_fc_dims=512_seed4,completed,960ab09c51,trial_0035_lr=1.0e-03_weight_decay=1.0e-04_kernel_sizes=7x7x5_conv_channels=256x256x256_fc_dims=512_seed4
0.20675350924332936,0.2951364108989195,49,0.22879605746269227,0.20962503567522844,1028936,2400,600,1000,50,7.2,cuda,5,8.0,1,user-Puget-Workstation-Threadripper-PRO-WRX90-T140-XL,trial_0035_lr=1.0e-03_weight_decay=1.0e-04_kernel_sizes=7x7x5_conv_channels=256x256x256_fc_dims=512_seed5,completed,960ab09c51,trial_0035_lr=1.0e-03_weight_decay=1.0e-04_kernel_sizes=7x7x5_conv_channels=256x256x256_fc_dims=512_seed5
0.2073366500933965,0.290561678713094,49,0.22805268013477326,0.20978677857435582,1028936,2400,600,1000,50,7.0,cuda,6,7.9,0,user-Puget-Workstation-Threadripper-PRO-WRX90-T140-XL,trial_0035_lr=1.0e-03_weight_decay=1.0e-04_kernel_sizes=7x7x5_conv_channels=256x256x256_fc_dims=512_seed6,completed,960ab09c51,trial_0035_lr=1.0e-03_weight_decay=1.0e-04_kernel_sizes=7x7x5_conv_channels=256x256x256_fc_dims=512_seed6
0.20594222048918406,0.2994455710335159,49,0.22843275916576386,0.21370048188213275,1028936,2400,600,1000,50,7.1,cuda,7,8.0,1,user-Puget-Workstation-Threadripper-PRO-WRX90-T140-XL,trial_0035_lr=1.0e-03_weight_decay=1.0e-04_kernel_sizes=7x7x5_conv_channels=256x256x256_fc_dims=512_seed7,completed,960ab09c51,trial_0035_lr=1.0e-03_weight_decay=1.0e-04_kernel_sizes=7x7x5_conv_channels=256x256x256_fc_dims=512_seed7
0.20757520178953806,0.2906185530250791,50,0.22994394159317016,0.2097520900646928,1028936,2400,600,1000,50,7.0,cuda,8,7.8,0,user-Puget-Workstation-Threadripper-PRO-WRX90-T140-XL,trial_0035_lr=1.0e-03_weight_decay=1.0e-04_kernel_sizes=7x7x5_conv_channels=256x256x256_fc_dims=512_seed8,completed,960ab09c51,trial_0035_lr=1.0e-03_weight_decay=1.0e-04_kernel_sizes=7x7x5_conv_channels=256x256x256_fc_dims=512_seed8
0.20567301829655965,0.2922339735602174,50,0.2276249508857727,0.21290841561319196,1028936,2400,600,1000,50,7.3,cuda,9,8.1,1,user-Puget-Workstation-Threadripper-PRO-WRX90-T140-XL,trial_0035_lr=1.0e-03_weight_decay=1.0e-04_kernel_sizes=7x7x5_conv_channels=256x256x256_fc_dims=512_seed9,completed,960ab09c51,trial_0035_lr=1.0e-03_weight_decay=1.0e-04_kernel_sizes=7x7x5_conv_channels=256x256x256_fc_dims=512_seed9
0.23669829428195954,0.14196221932662417,50,0.24662733936309814,0.10527109277439665,879688,2400,600,1000,50,7.2,cuda,0,8.0,0,user-Puget-Workstation-Threadripper-PRO-WRX90-T140-XL,trial_0036_lr=1.0e-04_weight_decay=0.0e+00_kernel_sizes=7x5x3_conv_channels=256x256x256_fc_dims=512x256_seed0,completed,dfa74f1927,trial_0036_lr=1.0e-04_weight_decay=0.0e+00_kernel_sizes=7x5x3_conv_channels=256x256x256_fc_dims=512x256_seed0
0.2462053692340851,0.09178877060496388,18,0.25054055273532866,0.07003303401120568,879688,2400,600,1000,21,3.5,cuda,1,4.4,1,user-Puget-Workstation-Threadripper-PRO-WRX90-T140-XL,trial_0036_lr=1.0e-04_weight_decay=0.0e+00_kernel_sizes=7x5x3_conv_channels=256x256x256_fc_dims=512x256_seed1,completed,dfa74f1927,trial_0036_lr=1.0e-04_weight_decay=0.0e+00_kernel_sizes=7x5x3_conv_channels=256x256x256_fc_dims=512x256_seed1
0.2447697760661443,0.09812533302789023,20,0.24946587252616884,0.07796552711392306,879688,2400,600,1000,23,3.7,cuda,2,4.5,0,user-Puget-Workstation-Threadripper-PRO-WRX90-T140-XL,trial_0036_lr=1.0e-04_weight_decay=0.0e+00_kernel_sizes=7x5x3_conv_channels=256x256x256_fc_dims=512x256_seed2,completed,dfa74f1927,trial_0036_lr=1.0e-04_weight_decay=0.0e+00_kernel_sizes=7x5x3_conv_channels=256x256x256_fc_dims=512x256_seed2
0.2407666625579198,0.1422640161411917,50,0.2474472143650055,0.10498429324715627,879688,2400,600,1000,50,7.1,cuda,3,8.0,1,user-Puget-Workstation-Threadripper-PRO-WRX90-T140-XL,trial_0036_lr=1.0e-04_weight_decay=0.0e+00_kernel_sizes=7x5x3_conv_channels=256x256x256_fc_dims=512x256_seed3,completed,dfa74f1927,trial_0036_lr=1.0e-04_weight_decay=0.0e+00_kernel_sizes=7x5x3_conv_channels=256x256x256_fc_dims=512x256_seed3
0.2491051427523295,0.1022353742577739,20,0.25274536609649656,0.07991414067721549,879688,2400,600,1000,23,3.7,cuda,4,4.5,0,user-Puget-Workstation-Threadripper-PRO-WRX90-T140-XL,trial_0036_lr=1.0e-04_weight_decay=0.0e+00_kernel_sizes=7x5x3_conv_channels=256x256x256_fc_dims=512x256_seed4,completed,dfa74f1927,trial_0036_lr=1.0e-04_weight_decay=0.0e+00_kernel_sizes=7x5x3_conv_channels=256x256x256_fc_dims=512x256_seed4
0.2400716874996821,0.1408304076915223,50,0.24687851691246032,0.10441800929019016,879688,2400,600,1000,50,7.1,cuda,5,8.0,1,user-Puget-Workstation-Threadripper-PRO-WRX90-T140-XL,trial_0036_lr=1.0e-04_weight_decay=0.0e+00_kernel_sizes=7x5x3_conv_channels=256x256x256_fc_dims=512x256_seed5,completed,dfa74f1927,trial_0036_lr=1.0e-04_weight_decay=0.0e+00_kernel_sizes=7x5x3_conv_channels=256x256x256_fc_dims=512x256_seed5
0.23983156939347586,0.1446759787871342,50,0.24703685343265533,0.10473289934963968,879688,2400,600,1000,50,7.0,cuda,6,7.8,0,user-Puget-Workstation-Threadripper-PRO-WRX90-T140-XL,trial_0036_lr=1.0e-04_weight_decay=0.0e+00_kernel_sizes=7x5x3_conv_channels=256x256x256_fc_dims=512x256_seed6,completed,dfa74f1927,trial_0036_lr=1.0e-04_weight_decay=0.0e+00_kernel_sizes=7x5x3_conv_channels=256x256x256_fc_dims=512x256_seed6
0.24818806330362955,0.09241270739224816,20,0.25097067713737486,0.07135839251243545,879688,2400,600,1000,23,3.7,cuda,7,4.5,1,user-Puget-Workstation-Threadripper-PRO-WRX90-T140-XL,trial_0036_lr=1.0e-04_weight_decay=0.0e+00_kernel_sizes=7x5x3_conv_channels=256x256x256_fc_dims=512x256_seed7,completed,dfa74f1927,trial_0036_lr=1.0e-04_weight_decay=0.0e+00_kernel_sizes=7x5x3_conv_channels=256x256x256_fc_dims=512x256_seed7
0.24057726462682089,0.1414939305127895,50,0.24705370604991914,0.10396119841999282,879688,2400,600,1000,50,7.0,cuda,8,7.8,0,user-Puget-Workstation-Threadripper-PRO-WRX90-T140-XL,trial_0036_lr=1.0e-04_weight_decay=0.0e+00_kernel_sizes=7x5x3_conv_channels=256x256x256_fc_dims=512x256_seed8,completed,dfa74f1927,trial_0036_lr=1.0e-04_weight_decay=0.0e+00_kernel_sizes=7x5x3_conv_channels=256x256x256_fc_dims=512x256_seed8
0.23768762350082398,0.1388531546902145,50,0.24637250876426697,0.10423960875508909,879688,2400,600,1000,50,7.3,cuda,9,8.2,1,user-Puget-Workstation-Threadripper-PRO-WRX90-T140-XL,trial_0036_lr=1.0e-04_weight_decay=0.0e+00_kernel_sizes=7x5x3_conv_channels=256x256x256_fc_dims=512x256_seed9,completed,dfa74f1927,trial_0036_lr=1.0e-04_weight_decay=0.0e+00_kernel_sizes=7x5x3_conv_channels=256x256x256_fc_dims=512x256_seed9
0.23580445289611818,0.14541778222248009,50,0.24624396932125092,0.10707694343220694,879688,2400,600,1000,50,7.0,cuda,0,7.9,0,user-Puget-Workstation-Threadripper-PRO-WRX90-T140-XL,trial_0037_lr=1.0e-04_weight_decay=1.0e-04_kernel_sizes=7x5x3_conv_channels=256x256x256_fc_dims=512x256_seed0,completed,b89d3a69ab,trial_0037_lr=1.0e-04_weight_decay=1.0e-04_kernel_sizes=7x5x3_conv_channels=256x256x256_fc_dims=512x256_seed0
0.24597774386405946,0.09265919815006898,18,0.2504486187696457,0.0703980700622793,879688,2400,600,1000,21,3.4,cuda,1,4.2,1,user-Puget-Workstation-Threadripper-PRO-WRX90-T140-XL,trial_0037_lr=1.0e-04_weight_decay=1.0e-04_kernel_sizes=7x5x3_conv_channels=256x256x256_fc_dims=512x256_seed1,completed,b89d3a69ab,trial_0037_lr=1.0e-04_weight_decay=1.0e-04_kernel_sizes=7x5x3_conv_channels=256x256x256_fc_dims=512x256_seed1
0.24440721650918326,0.09954278383789278,20,0.24927491700649262,0.07874812697932498,879688,2400,600,1000,23,3.7,cuda,2,4.5,0,user-Puget-Workstation-Threadripper-PRO-WRX90-T140-XL,trial_0037_lr=1.0e-04_weight_decay=1.0e-04_kernel_sizes=7x5x3_conv_channels=256x256x256_fc_dims=512x256_seed2,completed,b89d3a69ab,trial_0037_lr=1.0e-04_weight_decay=1.0e-04_kernel_sizes=7x5x3_conv_channels=256x256x256_fc_dims=512x256_seed2
0.24804724315802257,0.10090675481353181,21,0.2510224952697754,0.07876265462882863,879688,2400,600,1000,24,3.8,cuda,3,4.6,1,user-Puget-Workstation-Threadripper-PRO-WRX90-T140-XL,trial_0037_lr=1.0e-04_weight_decay=1.0e-04_kernel_sizes=7x5x3_conv_channels=256x256x256_fc_dims=512x256_seed3,completed,b89d3a69ab,trial_0037_lr=1.0e-04_weight_decay=1.0e-04_kernel_sizes=7x5x3_conv_channels=256x256x256_fc_dims=512x256_seed3
0.24885246356328328,0.10040208472394432,19,0.25242918014526367,0.07874258225449955,879688,2400,600,1000,22,3.5,cuda,4,4.3,0,user-Puget-Workstation-Threadripper-PRO-WRX90-T140-XL,trial_0037_lr=1.0e-04_weight_decay=1.0e-04_kernel_sizes=7x5x3_conv_channels=256x256x256_fc_dims=512x256_seed4,completed,b89d3a69ab,trial_0037_lr=1.0e-04_weight_decay=1.0e-04_kernel_sizes=7x5x3_conv_channels=256x256x256_fc_dims=512x256_seed4
0.23915969332059225,0.14451870731159586,50,0.24646587002277373,0.10638905054982756,879688,2400,600,1000,50,7.3,cuda,5,8.2,1,user-Puget-Workstation-Threadripper-PRO-WRX90-T140-XL,trial_0037_lr=1.0e-04_weight_decay=1.0e-04_kernel_sizes=7x5x3_conv_channels=256x256x256_fc_dims=512x256_seed5,completed,b89d3a69ab,trial_0037_lr=1.0e-04_weight_decay=1.0e-04_kernel_sizes=7x5x3_conv_channels=256x256x256_fc_dims=512x256_seed5
0.23889188428719837,0.1479093116459632,50,0.2465342185497284,0.10684133728752473,879688,2400,600,1000,50,7.0,cuda,6,7.8,0,user-Puget-Workstation-Threadripper-PRO-WRX90-T140-XL,trial_0037_lr=1.0e-04_weight_decay=1.0e-04_kernel_sizes=7x5x3_conv_channels=256x256x256_fc_dims=512x256_seed6,completed,b89d3a69ab,trial_0037_lr=1.0e-04_weight_decay=1.0e-04_kernel_sizes=7x5x3_conv_channels=256x256x256_fc_dims=512x256_seed6
0.24781431118647257,0.0936084627242668,20,0.250751838684082,0.07197039280160789,879688,2400,600,1000,23,3.7,cuda,7,4.5,1,user-Puget-Workstation-Threadripper-PRO-WRX90-T140-XL,trial_0037_lr=1.0e-04_weight_decay=1.0e-04_kernel_sizes=7x5x3_conv_channels=256x256x256_fc_dims=512x256_seed7,completed,b89d3a69ab,trial_0037_lr=1.0e-04_weight_decay=1.0e-04_kernel_sizes=7x5x3_conv_channels=256x256x256_fc_dims=512x256_seed7
0.23948722064495087,0.1452652952576888,50,0.24646895325183868,0.10638889700053429,879688,2400,600,1000,50,7.2,cuda,8,8.1,0,user-Puget-Workstation-Threadripper-PRO-WRX90-T140-XL,trial_0037_lr=1.0e-04_weight_decay=1.0e-04_kernel_sizes=7x5x3_conv_channels=256x256x256_fc_dims=512x256_seed8,completed,b89d3a69ab,trial_0037_lr=1.0e-04_weight_decay=1.0e-04_kernel_sizes=7x5x3_conv_channels=256x256x256_fc_dims=512x256_seed8
0.2368818736076355,0.14202666813609133,50,0.24599636042118073,0.1061402305688525,879688,2400,600,1000,50,7.2,cuda,9,8.0,1,user-Puget-Workstation-Threadripper-PRO-WRX90-T140-XL,trial_0037_lr=1.0e-04_weight_decay=1.0e-04_kernel_sizes=7x5x3_conv_channels=256x256x256_fc_dims=512x256_seed9,completed,b89d3a69ab,trial_0037_lr=1.0e-04_weight_decay=1.0e-04_kernel_sizes=7x5x3_conv_channels=256x256x256_fc_dims=512x256_seed9
0.21792903304100036,0.2282193873825804,50,0.23781715893745423,0.16228752476290373,879688,2400,600,1000,50,7.2,cuda,0,8.0,0,user-Puget-Workstation-Threadripper-PRO-WRX90-T140-XL,trial_0038_lr=1.0e-03_weight_decay=0.0e+00_kernel_sizes=7x5x3_conv_channels=256x256x256_fc_dims=512x256_seed0,completed,a56c4174c5,trial_0038_lr=1.0e-03_weight_decay=0.0e+00_kernel_sizes=7x5x3_conv_channels=256x256x256_fc_dims=512x256_seed0
0.21886568705240886,0.2236210028724402,49,0.23772618854045868,0.15854222119356973,879688,2400,600,1000,50,7.2,cuda,1,8.0,1,user-Puget-Workstation-Threadripper-PRO-WRX90-T140-XL,trial_0038_lr=1.0e-03_weight_decay=0.0e+00_kernel_sizes=7x5x3_conv_channels=256x256x256_fc_dims=512x256_seed1,completed,a56c4174c5,trial_0038_lr=1.0e-03_weight_decay=0.0e+00_kernel_sizes=7x5x3_conv_channels=256x256x256_fc_dims=512x256_seed1
0.2619677416483561,0.044116209557198825,4,0.26701345896720885,0.038420302224699936,879688,2400,600,1000,7,1.5,cuda,2,2.3,0,user-Puget-Workstation-Threadripper-PRO-WRX90-T140-XL,trial_0038_lr=1.0e-03_weight_decay=0.0e+00_kernel_sizes=7x5x3_conv_channels=256x256x256_fc_dims=512x256_seed2,completed,a56c4174c5,trial_0038_lr=1.0e-03_weight_decay=0.0e+00_kernel_sizes=7x5x3_conv_channels=256x256x256_fc_dims=512x256_seed2
0.26723966280619305,0.041827160014958883,4,0.27060818862915037,0.03461281067580629,879688,2400,600,1000,7,1.5,cuda,3,2.4,1,user-Puget-Workstation-Threadripper-PRO-WRX90-T140-XL,trial_0038_lr=1.0e-03_weight_decay=0.0e+00_kernel_sizes=7x5x3_conv_channels=256x256x256_fc_dims=512x256_seed3,completed,a56c4174c5,trial_0038_lr=1.0e-03_weight_decay=0.0e+00_kernel_sizes=7x5x3_conv_channels=256x256x256_fc_dims=512x256_seed3
0.21988203783830007,0.22449034839425513,50,0.2371766355037689,0.1609957375363031,879688,2400,600,1000,50,7.0,cuda,4,7.8,0,user-Puget-Workstation-Threadripper-PRO-WRX90-T140-XL,trial_0038_lr=1.0e-03_weight_decay=0.0e+00_kernel_sizes=7x5x3_conv_channels=256x256x256_fc_dims=512x256_seed4,completed,a56c4174c5,trial_0038_lr=1.0e-03_weight_decay=0.0e+00_kernel_sizes=7x5x3_conv_channels=256x256x256_fc_dims=512x256_seed4
0.2215295096238454,0.22266069129332786,50,0.23841311240196228,0.15846444497723525,879688,2400,600,1000,50,7.3,cuda,5,8.2,1,user-Puget-Workstation-Threadripper-PRO-WRX90-T140-XL,trial_0038_lr=1.0e-03_weight_decay=0.0e+00_kernel_sizes=7x5x3_conv_channels=256x256x256_fc_dims=512x256_seed5,completed,a56c4174c5,trial_0038_lr=1.0e-03_weight_decay=0.0e+00_kernel_sizes=7x5x3_conv_channels=256x256x256_fc_dims=512x256_seed5
0.22226698954900106,0.2197302472735724,50,0.23872771322727204,0.15512495653666328,879688,2400,600,1000,50,7.0,cuda,6,7.8,0,user-Puget-Workstation-Threadripper-PRO-WRX90-T140-XL,trial_0038_lr=1.0e-03_weight_decay=0.0e+00_kernel_sizes=7x5x3_conv_channels=256x256x256_fc_dims=512x256_seed6,completed,a56c4174c5,trial_0038_lr=1.0e-03_weight_decay=0.0e+00_kernel_sizes=7x5x3_conv_channels=256x256x256_fc_dims=512x256_seed6
0.21860838214556377,0.2360265641541053,50,0.23648852157592773,0.16536162056254067,879688,2400,600,1000,50,7.2,cuda,7,8.1,1,user-Puget-Workstation-Threadripper-PRO-WRX90-T140-XL,trial_0038_lr=1.0e-03_weight_decay=0.0e+00_kernel_sizes=7x5x3_conv_channels=256x256x256_fc_dims=512x256_seed7,completed,a56c4174c5,trial_0038_lr=1.0e-03_weight_decay=0.0e+00_kernel_sizes=7x5x3_conv_channels=256x256x256_fc_dims=512x256_seed7
0.2610073029994965,0.05183402062320441,4,0.2642220370769501,0.042648567582638054,879688,2400,600,1000,7,1.5,cuda,8,2.3,0,user-Puget-Workstation-Threadripper-PRO-WRX90-T140-XL,trial_0038_lr=1.0e-03_weight_decay=0.0e+00_kernel_sizes=7x5x3_conv_channels=256x256x256_fc_dims=512x256_seed8,completed,a56c4174c5,trial_0038_lr=1.0e-03_weight_decay=0.0e+00_kernel_sizes=7x5x3_conv_channels=256x256x256_fc_dims=512x256_seed8
0.255345557530721,0.05502934005025673,4,0.2611042635440826,0.046163762442631096,879688,2400,600,1000,7,1.6,cuda,9,2.4,1,user-Puget-Workstation-Threadripper-PRO-WRX90-T140-XL,trial_0038_lr=1.0e-03_weight_decay=0.0e+00_kernel_sizes=7x5x3_conv_channels=256x256x256_fc_dims=512x256_seed9,completed,a56c4174c5,trial_0038_lr=1.0e-03_weight_decay=0.0e+00_kernel_sizes=7x5x3_conv_channels=256x256x256_fc_dims=512x256_seed9
0.21076586842536926,0.25564344270847994,50,0.23404671347141265,0.1832617478107411,879688,2400,600,1000,50,7.1,cuda,0,8.0,0,user-Puget-Workstation-Threadripper-PRO-WRX90-T140-XL,trial_0039_lr=1.0e-03_weight_decay=1.0e-04_kernel_sizes=7x5x3_conv_channels=256x256x256_fc_dims=512x256_seed0,completed,141e04553d,trial_0039_lr=1.0e-03_weight_decay=1.0e-04_kernel_sizes=7x5x3_conv_channels=256x256x256_fc_dims=512x256_seed0
0.2110376270612081,0.2612090551117104,49,0.2321364668607712,0.1851954159635228,879688,2400,600,1000,50,7.4,cuda,1,8.2,1,user-Puget-Workstation-Threadripper-PRO-WRX90-T140-XL,trial_0039_lr=1.0e-03_weight_decay=1.0e-04_kernel_sizes=7x5x3_conv_channels=256x256x256_fc_dims=512x256_seed1,completed,141e04553d,trial_0039_lr=1.0e-03_weight_decay=1.0e-04_kernel_sizes=7x5x3_conv_channels=256x256x256_fc_dims=512x256_seed1
0.211599658926328,0.255631910457201,50,0.23227400958538055,0.18314242482577783,879688,2400,600,1000,50,7.1,cuda,2,7.9,0,user-Puget-Workstation-Threadripper-PRO-WRX90-T140-XL,trial_0039_lr=1.0e-03_weight_decay=1.0e-04_kernel_sizes=7x5x3_conv_channels=256x256x256_fc_dims=512x256_seed2,completed,141e04553d,trial_0039_lr=1.0e-03_weight_decay=1.0e-04_kernel_sizes=7x5x3_conv_channels=256x256x256_fc_dims=512x256_seed2
0.21354129076004028,0.2555154684435749,50,0.2327054717540741,0.18317408727207307,879688,2400,600,1000,50,7.4,cuda,3,8.2,1,user-Puget-Workstation-Threadripper-PRO-WRX90-T140-XL,trial_0039_lr=1.0e-03_weight_decay=1.0e-04_kernel_sizes=7x5x3_conv_channels=256x256x256_fc_dims=512x256_seed3,completed,141e04553d,trial_0039_lr=1.0e-03_weight_decay=1.0e-04_kernel_sizes=7x5x3_conv_channels=256x256x256_fc_dims=512x256_seed3
0.21252839167912801,0.2554962920956411,50,0.23190159034729005,0.18288868737035008,879688,2400,600,1000,50,7.1,cuda,4,7.9,0,user-Puget-Workstation-Threadripper-PRO-WRX90-T140-XL,trial_0039_lr=1.0e-03_weight_decay=1.0e-04_kernel_sizes=7x5x3_conv_channels=256x256x256_fc_dims=512x256_seed4,completed,141e04553d,trial_0039_lr=1.0e-03_weight_decay=1.0e-04_kernel_sizes=7x5x3_conv_channels=256x256x256_fc_dims=512x256_seed4
0.2139819258451462,0.2529940709441711,50,0.2335479416847229,0.1809766359206965,879688,2400,600,1000,50,7.2,cuda,5,8.0,1,user-Puget-Workstation-Threadripper-PRO-WRX90-T140-XL,trial_0039_lr=1.0e-03_weight_decay=1.0e-04_kernel_sizes=7x5x3_conv_channels=256x256x256_fc_dims=512x256_seed5,completed,141e04553d,trial_0039_lr=1.0e-03_weight_decay=1.0e-04_kernel_sizes=7x5x3_conv_channels=256x256x256_fc_dims=512x256_seed5
0.21368000706036885,0.2538952607263024,49,0.23302766692638396,0.18187162917482266,879688,2400,600,1000,50,7.1,cuda,6,7.9,0,user-Puget-Workstation-Threadripper-PRO-WRX90-T140-XL,trial_0039_lr=1.0e-03_weight_decay=1.0e-04_kernel_sizes=7x5x3_conv_channels=256x256x256_fc_dims=512x256_seed6,completed,141e04553d,trial_0039_lr=1.0e-03_weight_decay=1.0e-04_kernel_sizes=7x5x3_conv_channels=256x256x256_fc_dims=512x256_seed6
0.25854027589162193,0.04627448500704159,4,0.26026170706748963,0.03825520432124653,879688,2400,600,1000,7,1.6,cuda,7,2.4,1,user-Puget-Workstation-Threadripper-PRO-WRX90-T140-XL,trial_0039_lr=1.0e-03_weight_decay=1.0e-04_kernel_sizes=7x5x3_conv_channels=256x256x256_fc_dims=512x256_seed7,completed,141e04553d,trial_0039_lr=1.0e-03_weight_decay=1.0e-04_kernel_sizes=7x5x3_conv_channels=256x256x256_fc_dims=512x256_seed7
0.21327304661273958,0.2570795095653223,50,0.23298503637313842,0.18331930311618078,879688,2400,600,1000,50,7.1,cuda,8,7.9,0,user-Puget-Workstation-Threadripper-PRO-WRX90-T140-XL,trial_0039_lr=1.0e-03_weight_decay=1.0e-04_kernel_sizes=7x5x3_conv_channels=256x256x256_fc_dims=512x256_seed8,completed,141e04553d,trial_0039_lr=1.0e-03_weight_decay=1.0e-04_kernel_sizes=7x5x3_conv_channels=256x256x256_fc_dims=512x256_seed8
0.2122100309530894,0.2533035340893797,50,0.23334857618808746,0.18137289161422493,879688,2400,600,1000,50,7.2,cuda,9,8.1,1,user-Puget-Workstation-Threadripper-PRO-WRX90-T140-XL,trial_0039_lr=1.0e-03_weight_decay=1.0e-04_kernel_sizes=7x5x3_conv_channels=256x256x256_fc_dims=512x256_seed9,completed,141e04553d,trial_0039_lr=1.0e-03_weight_decay=1.0e-04_kernel_sizes=7x5x3_conv_channels=256x256x256_fc_dims=512x256_seed9
0.23214571237564086,0.15496959325546744,50,0.24203196597099305,0.11567071455638309,746312,2400,600,1000,50,6.8,cuda,0,7.6,0,user-Puget-Workstation-Threadripper-PRO-WRX90-T140-XL,trial_0040_lr=1.0e-04_weight_decay=0.0e+00_kernel_sizes=5x5x3_conv_channels=256x256x256_fc_dims=512_seed0,completed,3786faa89d,trial_0040_lr=1.0e-04_weight_decay=0.0e+00_kernel_sizes=5x5x3_conv_channels=256x256x256_fc_dims=512_seed0
0.23328061819076537,0.1575929149651234,50,0.2427669335603714,0.11505396906241212,746312,2400,600,1000,50,7.1,cuda,1,8.0,1,user-Puget-Workstation-Threadripper-PRO-WRX90-T140-XL,trial_0040_lr=1.0e-04_weight_decay=0.0e+00_kernel_sizes=5x5x3_conv_channels=256x256x256_fc_dims=512_seed1,completed,3786faa89d,trial_0040_lr=1.0e-04_weight_decay=0.0e+00_kernel_sizes=5x5x3_conv_channels=256x256x256_fc_dims=512_seed1
0.23239909410476683,0.15752980016478335,50,0.2420110958814621,0.11506104180176133,746312,2400,600,1000,50,6.9,cuda,2,7.8,0,user-Puget-Workstation-Threadripper-PRO-WRX90-T140-XL,trial_0040_lr=1.0e-04_weight_decay=0.0e+00_kernel_sizes=5x5x3_conv_channels=256x256x256_fc_dims=512_seed2,completed,3786faa89d,trial_0040_lr=1.0e-04_weight_decay=0.0e+00_kernel_sizes=5x5x3_conv_channels=256x256x256_fc_dims=512_seed2
0.23477912902832032,0.16017185300559225,50,0.24267855203151703,0.11659707639362003,746312,2400,600,1000,50,6.9,cuda,3,7.8,1,user-Puget-Workstation-Threadripper-PRO-WRX90-T140-XL,trial_0040_lr=1.0e-04_weight_decay=0.0e+00_kernel_sizes=5x5x3_conv_channels=256x256x256_fc_dims=512_seed3,completed,3786faa89d,trial_0040_lr=1.0e-04_weight_decay=0.0e+00_kernel_sizes=5x5x3_conv_channels=256x256x256_fc_dims=512_seed3
0.2332705118258794,0.15930634888382822,50,0.2422088669538498,0.11484767592364392,746312,2400,600,1000,50,6.9,cuda,4,7.8,0,user-Puget-Workstation-Threadripper-PRO-WRX90-T140-XL,trial_0040_lr=1.0e-04_weight_decay=0.0e+00_kernel_sizes=5x5x3_conv_channels=256x256x256_fc_dims=512_seed4,completed,3786faa89d,trial_0040_lr=1.0e-04_weight_decay=0.0e+00_kernel_sizes=5x5x3_conv_channels=256x256x256_fc_dims=512_seed4
0.2347185903787613,0.15961943768548043,50,0.24231914019584655,0.11637696944406503,746312,2400,600,1000,50,7.0,cuda,5,7.8,1,user-Puget-Workstation-Threadripper-PRO-WRX90-T140-XL,trial_0040_lr=1.0e-04_weight_decay=0.0e+00_kernel_sizes=5x5x3_conv_channels=256x256x256_fc_dims=512_seed5,completed,3786faa89d,trial_0040_lr=1.0e-04_weight_decay=0.0e+00_kernel_sizes=5x5x3_conv_channels=256x256x256_fc_dims=512_seed5
0.2344190174341202,0.15708519502291043,50,0.24176850819587709,0.11550999852959871,746312,2400,600,1000,50,6.8,cuda,6,7.7,0,user-Puget-Workstation-Threadripper-PRO-WRX90-T140-XL,trial_0040_lr=1.0e-04_weight_decay=0.0e+00_kernel_sizes=5x5x3_conv_channels=256x256x256_fc_dims=512_seed6,completed,3786faa89d,trial_0040_lr=1.0e-04_weight_decay=0.0e+00_kernel_sizes=5x5x3_conv_channels=256x256x256_fc_dims=512_seed6
0.23567842880884807,0.15449540831646205,50,0.24286639153957368,0.11255232236247192,746312,2400,600,1000,50,7.0,cuda,7,7.9,1,user-Puget-Workstation-Threadripper-PRO-WRX90-T140-XL,trial_0040_lr=1.0e-04_weight_decay=0.0e+00_kernel_sizes=5x5x3_conv_channels=256x256x256_fc_dims=512_seed7,completed,3786faa89d,trial_0040_lr=1.0e-04_weight_decay=0.0e+00_kernel_sizes=5x5x3_conv_channels=256x256x256_fc_dims=512_seed7
0.23578916589419047,0.1558164171797904,50,0.24275942718982696,0.11497601507573617,746312,2400,600,1000,50,6.8,cuda,8,7.6,0,user-Puget-Workstation-Threadripper-PRO-WRX90-T140-XL,trial_0040_lr=1.0e-04_weight_decay=0.0e+00_kernel_sizes=5x5x3_conv_channels=256x256x256_fc_dims=512_seed8,completed,3786faa89d,trial_0040_lr=1.0e-04_weight_decay=0.0e+00_kernel_sizes=5x5x3_conv_channels=256x256x256_fc_dims=512_seed8
0.2334087328116099,0.15258797366570773,50,0.24237546527385712,0.113371948431694,746312,2400,600,1000,50,7.0,cuda,9,7.9,1,user-Puget-Workstation-Threadripper-PRO-WRX90-T140-XL,trial_0040_lr=1.0e-04_weight_decay=0.0e+00_kernel_sizes=5x5x3_conv_channels=256x256x256_fc_dims=512_seed9,completed,3786faa89d,trial_0040_lr=1.0e-04_weight_decay=0.0e+00_kernel_sizes=5x5x3_conv_channels=256x256x256_fc_dims=512_seed9
0.2313929001490275,0.15867764647844423,50,0.24168034625053406,0.11787753711300855,746312,2400,600,1000,50,6.8,cuda,0,7.6,0,user-Puget-Workstation-Threadripper-PRO-WRX90-T140-XL,trial_0041_lr=1.0e-04_weight_decay=1.0e-04_kernel_sizes=5x5x3_conv_channels=256x256x256_fc_dims=512_seed0,completed,74cc3d065b,trial_0041_lr=1.0e-04_weight_decay=1.0e-04_kernel_sizes=5x5x3_conv_channels=256x256x256_fc_dims=512_seed0
0.23246610999107362,0.16152060149553507,50,0.24235899710655212,0.11732891917333399,746312,2400,600,1000,50,6.9,cuda,1,7.8,1,user-Puget-Workstation-Threadripper-PRO-WRX90-T140-XL,trial_0041_lr=1.0e-04_weight_decay=1.0e-04_kernel_sizes=5x5x3_conv_channels=256x256x256_fc_dims=512_seed1,completed,74cc3d065b,trial_0041_lr=1.0e-04_weight_decay=1.0e-04_kernel_sizes=5x5x3_conv_channels=256x256x256_fc_dims=512_seed1
0.23175828238328297,0.16089367108403166,50,0.24170610344409943,0.11717519412969248,746312,2400,600,1000,50,6.8,cuda,2,7.6,0,user-Puget-Workstation-Threadripper-PRO-WRX90-T140-XL,trial_0041_lr=1.0e-04_weight_decay=1.0e-04_kernel_sizes=5x5x3_conv_channels=256x256x256_fc_dims=512_seed2,completed,74cc3d065b,trial_0041_lr=1.0e-04_weight_decay=1.0e-04_kernel_sizes=5x5x3_conv_channels=256x256x256_fc_dims=512_seed2
0.23398181796073914,0.163956251904383,50,0.24222642481327056,0.11919789893445075,746312,2400,600,1000,50,6.9,cuda,3,7.8,1,user-Puget-Workstation-Threadripper-PRO-WRX90-T140-XL,trial_0041_lr=1.0e-04_weight_decay=1.0e-04_kernel_sizes=5x5x3_conv_channels=256x256x256_fc_dims=512_seed3,completed,74cc3d065b,trial_0041_lr=1.0e-04_weight_decay=1.0e-04_kernel_sizes=5x5x3_conv_channels=256x256x256_fc_dims=512_seed3
0.23261286119620006,0.16271217558064913,50,0.24184966373443603,0.11700242202342713,746312,2400,600,1000,50,6.8,cuda,4,7.6,0,user-Puget-Workstation-Threadripper-PRO-WRX90-T140-XL,trial_0041_lr=1.0e-04_weight_decay=1.0e-04_kernel_sizes=5x5x3_conv_channels=256x256x256_fc_dims=512_seed4,completed,74cc3d065b,trial_0041_lr=1.0e-04_weight_decay=1.0e-04_kernel_sizes=5x5x3_conv_channels=256x256x256_fc_dims=512_seed4
0.23398360828558604,0.16277164758777177,50,0.24191598117351532,0.11842521921707845,746312,2400,600,1000,50,7.0,cuda,5,7.9,1,user-Puget-Workstation-Threadripper-PRO-WRX90-T140-XL,trial_0041_lr=1.0e-04_weight_decay=1.0e-04_kernel_sizes=5x5x3_conv_channels=256x256x256_fc_dims=512_seed5,completed,74cc3d065b,trial_0041_lr=1.0e-04_weight_decay=1.0e-04_kernel_sizes=5x5x3_conv_channels=256x256x256_fc_dims=512_seed5
0.23363608638445535,0.16093336500887157,50,0.24136459946632385,0.1178896237324639,746312,2400,600,1000,50,6.8,cuda,6,7.6,0,user-Puget-Workstation-Threadripper-PRO-WRX90-T140-XL,trial_0041_lr=1.0e-04_weight_decay=1.0e-04_kernel_sizes=5x5x3_conv_channels=256x256x256_fc_dims=512_seed6,completed,74cc3d065b,trial_0041_lr=1.0e-04_weight_decay=1.0e-04_kernel_sizes=5x5x3_conv_channels=256x256x256_fc_dims=512_seed6
0.23486645817756652,0.1583659180819406,50,0.2424460519552231,0.11482091786658793,746312,2400,600,1000,50,6.9,cuda,7,7.8,1,user-Puget-Workstation-Threadripper-PRO-WRX90-T140-XL,trial_0041_lr=1.0e-04_weight_decay=1.0e-04_kernel_sizes=5x5x3_conv_channels=256x256x256_fc_dims=512_seed7,completed,74cc3d065b,trial_0041_lr=1.0e-04_weight_decay=1.0e-04_kernel_sizes=5x5x3_conv_channels=256x256x256_fc_dims=512_seed7
0.23509741842746734,0.15939845138911132,50,0.24240462625026704,0.11740029343991407,746312,2400,600,1000,50,6.8,cuda,8,7.6,0,user-Puget-Workstation-Threadripper-PRO-WRX90-T140-XL,trial_0041_lr=1.0e-04_weight_decay=1.0e-04_kernel_sizes=5x5x3_conv_channels=256x256x256_fc_dims=512_seed8,completed,74cc3d065b,trial_0041_lr=1.0e-04_weight_decay=1.0e-04_kernel_sizes=5x5x3_conv_channels=256x256x256_fc_dims=512_seed8
0.2327698791027069,0.15609051758262293,50,0.24205583691596985,0.11561581338390042,746312,2400,600,1000,50,7.0,cuda,9,7.9,1,user-Puget-Workstation-Threadripper-PRO-WRX90-T140-XL,trial_0041_lr=1.0e-04_weight_decay=1.0e-04_kernel_sizes=5x5x3_conv_channels=256x256x256_fc_dims=512_seed9,completed,74cc3d065b,trial_0041_lr=1.0e-04_weight_decay=1.0e-04_kernel_sizes=5x5x3_conv_channels=256x256x256_fc_dims=512_seed9
0.20755052387714387,0.2758621566566845,50,0.23131850576400756,0.19750833211803787,746312,2400,600,1000,50,6.8,cuda,0,7.6,0,user-Puget-Workstation-Threadripper-PRO-WRX90-T140-XL,trial_0042_lr=1.0e-03_weight_decay=0.0e+00_kernel_sizes=5x5x3_conv_channels=256x256x256_fc_dims=512_seed0,completed,e1314f20f0,trial_0042_lr=1.0e-03_weight_decay=0.0e+00_kernel_sizes=5x5x3_conv_channels=256x256x256_fc_dims=512_seed0
0.24040562729040782,0.12081954299063263,8,0.2500472514629364,0.08957453590811648,746312,2400,600,1000,11,2.0,cuda,1,2.8,1,user-Puget-Workstation-Threadripper-PRO-WRX90-T140-XL,trial_0042_lr=1.0e-03_weight_decay=0.0e+00_kernel_sizes=5x5x3_conv_channels=256x256x256_fc_dims=512_seed1,completed,e1314f20f0,trial_0042_lr=1.0e-03_weight_decay=0.0e+00_kernel_sizes=5x5x3_conv_channels=256x256x256_fc_dims=512_seed1
0.20732739229997,0.28088673143278226,50,0.230484237074852,0.20112045806706544,746312,2400,600,1000,50,6.8,cuda,2,7.6,0,user-Puget-Workstation-Threadripper-PRO-WRX90-T140-XL,trial_0042_lr=1.0e-03_weight_decay=0.0e+00_kernel_sizes=5x5x3_conv_channels=256x256x256_fc_dims=512_seed2,completed,e1314f20f0,trial_0042_lr=1.0e-03_weight_decay=0.0e+00_kernel_sizes=5x5x3_conv_channels=256x256x256_fc_dims=512_seed2
0.24756746113300324,0.09971808574353441,6,0.2605658943653107,0.07549629367745535,746312,2400,600,1000,9,1.8,cuda,3,2.6,1,user-Puget-Workstation-Threadripper-PRO-WRX90-T140-XL,trial_0042_lr=1.0e-03_weight_decay=0.0e+00_kernel_sizes=5x5x3_conv_channels=256x256x256_fc_dims=512_seed3,completed,e1314f20f0,trial_0042_lr=1.0e-03_weight_decay=0.0e+00_kernel_sizes=5x5x3_conv_channels=256x256x256_fc_dims=512_seed3
0.23874158044656119,0.11858375247973983,8,0.24730629563331605,0.08664579022334763,746312,2400,600,1000,11,1.9,cuda,4,2.8,0,user-Puget-Workstation-Threadripper-PRO-WRX90-T140-XL,trial_0042_lr=1.0e-03_weight_decay=0.0e+00_kernel_sizes=5x5x3_conv_channels=256x256x256_fc_dims=512_seed4,completed,e1314f20f0,trial_0042_lr=1.0e-03_weight_decay=0.0e+00_kernel_sizes=5x5x3_conv_channels=256x256x256_fc_dims=512_seed4
0.20941515624523163,0.2825716675966159,50,0.2304049550294876,0.2015203835715398,746312,2400,600,1000,50,6.9,cuda,5,7.8,1,user-Puget-Workstation-Threadripper-PRO-WRX90-T140-XL,trial_0042_lr=1.0e-03_weight_decay=0.0e+00_kernel_sizes=5x5x3_conv_channels=256x256x256_fc_dims=512_seed5,completed,e1314f20f0,trial_0042_lr=1.0e-03_weight_decay=0.0e+00_kernel_sizes=5x5x3_conv_channels=256x256x256_fc_dims=512_seed5
0.24245956420898437,0.12212171798367086,8,0.24865092658996582,0.08945388054133209,746312,2400,600,1000,11,2.0,cuda,6,2.9,0,user-Puget-Workstation-Threadripper-PRO-WRX90-T140-XL,trial_0042_lr=1.0e-03_weight_decay=0.0e+00_kernel_sizes=5x5x3_conv_channels=256x256x256_fc_dims=512_seed6,completed,e1314f20f0,trial_0042_lr=1.0e-03_weight_decay=0.0e+00_kernel_sizes=5x5x3_conv_channels=256x256x256_fc_dims=512_seed6
0.21019948184490203,0.278998180293957,50,0.23125033271312714,0.1964476028743535,746312,2400,600,1000,50,7.0,cuda,7,7.8,1,user-Puget-Workstation-Threadripper-PRO-WRX90-T140-XL,trial_0042_lr=1.0e-03_weight_decay=0.0e+00_kernel_sizes=5x5x3_conv_channels=256x256x256_fc_dims=512_seed7,completed,e1314f20f0,trial_0042_lr=1.0e-03_weight_decay=0.0e+00_kernel_sizes=5x5x3_conv_channels=256x256x256_fc_dims=512_seed7
0.24234471102555594,0.1125630890995394,8,0.2491400010585785,0.08191625384454287,746312,2400,600,1000,11,2.0,cuda,8,2.8,0,user-Puget-Workstation-Threadripper-PRO-WRX90-T140-XL,trial_0042_lr=1.0e-03_weight_decay=0.0e+00_kernel_sizes=5x5x3_conv_channels=256x256x256_fc_dims=512_seed8,completed,e1314f20f0,trial_0042_lr=1.0e-03_weight_decay=0.0e+00_kernel_sizes=5x5x3_conv_channels=256x256x256_fc_dims=512_seed8
0.23813701629638673,0.11172821341915534,8,0.24775768327713013,0.08381585383770426,746312,2400,600,1000,11,2.0,cuda,9,2.9,1,user-Puget-Workstation-Threadripper-PRO-WRX90-T140-XL,trial_0042_lr=1.0e-03_weight_decay=0.0e+00_kernel_sizes=5x5x3_conv_channels=256x256x256_fc_dims=512_seed9,completed,e1314f20f0,trial_0042_lr=1.0e-03_weight_decay=0.0e+00_kernel_sizes=5x5x3_conv_channels=256x256x256_fc_dims=512_seed9
0.2426482739051183,0.0991838069235599,7,0.2556976411342621,0.07562190271441814,746312,2400,600,1000,10,1.8,cuda,0,2.7,0,user-Puget-Workstation-Threadripper-PRO-WRX90-T140-XL,trial_0043_lr=1.0e-03_weight_decay=1.0e-04_kernel_sizes=5x5x3_conv_channels=256x256x256_fc_dims=512_seed0,completed,ddec020c21,trial_0043_lr=1.0e-03_weight_decay=1.0e-04_kernel_sizes=5x5x3_conv_channels=256x256x256_fc_dims=512_seed0
0.2031038784980774,0.3043554338083112,50,0.22777665531635286,0.21573637528704032,746312,2400,600,1000,50,7.0,cuda,1,7.8,1,user-Puget-Workstation-Threadripper-PRO-WRX90-T140-XL,trial_0043_lr=1.0e-03_weight_decay=1.0e-04_kernel_sizes=5x5x3_conv_channels=256x256x256_fc_dims=512_seed1,completed,ddec020c21,trial_0043_lr=1.0e-03_weight_decay=1.0e-04_kernel_sizes=5x5x3_conv_channels=256x256x256_fc_dims=512_seed1
0.2024795087178548,0.30576488809327484,50,0.22642744505405427,0.22063358099535207,746312,2400,600,1000,50,6.8,cuda,2,7.6,0,user-Puget-Workstation-Threadripper-PRO-WRX90-T140-XL,trial_0043_lr=1.0e-03_weight_decay=1.0e-04_kernel_sizes=5x5x3_conv_channels=256x256x256_fc_dims=512_seed2,completed,ddec020c21,trial_0043_lr=1.0e-03_weight_decay=1.0e-04_kernel_sizes=5x5x3_conv_channels=256x256x256_fc_dims=512_seed2
0.245111878712972,0.12090539605988933,7,0.25501846432685854,0.08781752094881136,746312,2400,600,1000,10,1.9,cuda,3,2.7,1,user-Puget-Workstation-Threadripper-PRO-WRX90-T140-XL,trial_0043_lr=1.0e-03_weight_decay=1.0e-04_kernel_sizes=5x5x3_conv_channels=256x256x256_fc_dims=512_seed3,completed,ddec020c21,trial_0043_lr=1.0e-03_weight_decay=1.0e-04_kernel_sizes=5x5x3_conv_channels=256x256x256_fc_dims=512_seed3
0.23842013915379842,0.12231569163659878,8,0.2485847932100296,0.08664606075316265,746312,2400,600,1000,11,1.9,cuda,4,2.8,0,user-Puget-Workstation-Threadripper-PRO-WRX90-T140-XL,trial_0043_lr=1.0e-03_weight_decay=1.0e-04_kernel_sizes=5x5x3_conv_channels=256x256x256_fc_dims=512_seed4,completed,ddec020c21,trial_0043_lr=1.0e-03_weight_decay=1.0e-04_kernel_sizes=5x5x3_conv_channels=256x256x256_fc_dims=512_seed4
0.2654991658528646,0.06087003624422867,3,0.2693044774532318,0.05755103346128553,746312,2400,600,1000,6,1.4,cuda,5,2.2,1,user-Puget-Workstation-Threadripper-PRO-WRX90-T140-XL,trial_0043_lr=1.0e-03_weight_decay=1.0e-04_kernel_sizes=5x5x3_conv_channels=256x256x256_fc_dims=512_seed5,completed,ddec020c21,trial_0043_lr=1.0e-03_weight_decay=1.0e-04_kernel_sizes=5x5x3_conv_channels=256x256x256_fc_dims=512_seed5
0.24180424253145855,0.1288793463722848,8,0.24930612516403197,0.09142466086469421,746312,2400,600,1000,11,2.0,cuda,6,2.8,0,user-Puget-Workstation-Threadripper-PRO-WRX90-T140-XL,trial_0043_lr=1.0e-03_weight_decay=1.0e-04_kernel_sizes=5x5x3_conv_channels=256x256x256_fc_dims=512_seed6,completed,ddec020c21,trial_0043_lr=1.0e-03_weight_decay=1.0e-04_kernel_sizes=5x5x3_conv_channels=256x256x256_fc_dims=512_seed6
0.2046394286553065,0.3059898545716244,50,0.22728645169734954,0.21698152845572574,746312,2400,600,1000,50,7.0,cuda,7,7.9,1,user-Puget-Workstation-Threadripper-PRO-WRX90-T140-XL,trial_0043_lr=1.0e-03_weight_decay=1.0e-04_kernel_sizes=5x5x3_conv_channels=256x256x256_fc_dims=512_seed7,completed,ddec020c21,trial_0043_lr=1.0e-03_weight_decay=1.0e-04_kernel_sizes=5x5x3_conv_channels=256x256x256_fc_dims=512_seed7
0.2435862410068512,0.1177769157217658,8,0.25141271805763243,0.08469865974621982,746312,2400,600,1000,11,1.9,cuda,8,2.7,0,user-Puget-Workstation-Threadripper-PRO-WRX90-T140-XL,trial_0043_lr=1.0e-03_weight_decay=1.0e-04_kernel_sizes=5x5x3_conv_channels=256x256x256_fc_dims=512_seed8,completed,ddec020c21,trial_0043_lr=1.0e-03_weight_decay=1.0e-04_kernel_sizes=5x5x3_conv_channels=256x256x256_fc_dims=512_seed8
0.261484325726827,0.06026733547043739,3,0.26811797547340394,0.05634959776734975,746312,2400,600,1000,6,1.4,cuda,9,2.2,1,user-Puget-Workstation-Threadripper-PRO-WRX90-T140-XL,trial_0043_lr=1.0e-03_weight_decay=1.0e-04_kernel_sizes=5x5x3_conv_channels=256x256x256_fc_dims=512_seed9,completed,ddec020c21,trial_0043_lr=1.0e-03_weight_decay=1.0e-04_kernel_sizes=5x5x3_conv_channels=256x256x256_fc_dims=512_seed9
