best_val_loss,best_val_corr,best_epoch,test_loss,test_corr,n_params,n_train,n_val,n_test,n_epochs_run,train_seconds,device,seed,wall_time_s,gpu_id,hostname,run_id,status,config_id,experiment
0.18556236346562704,0.16812143994266046,50,0.18778024268150328,0.14780813272720633,726591,2400,600,1000,50,7.0,cuda,0,112.0,0,user-Puget-Workstation-Threadripper-PRO-WRX90-T140-XL,trial_0000_lr=3.0e-04_weight_decay=0_kernel_sizes=10x7_conv_channels=256x256_fc_dims=512_seed0,completed,4d031e1c50,trial_0000_lr=3.0e-04_weight_decay=0_kernel_sizes=10x7_conv_channels=256x256_fc_dims=512_seed0
0.1890284695227941,0.1528089607284413,38,0.19024499762058258,0.13038540072865132,726591,2400,600,1000,41,5.9,cuda,1,110.5,1,user-Puget-Workstation-Threadripper-PRO-WRX90-T140-XL,trial_0000_lr=3.0e-04_weight_decay=0_kernel_sizes=10x7_conv_channels=256x256_fc_dims=512_seed1,completed,4d031e1c50,trial_0000_lr=3.0e-04_weight_decay=0_kernel_sizes=10x7_conv_channels=256x256_fc_dims=512_seed1
0.18542276382446288,0.16682041303637055,48,0.1875770922899246,0.14713951731227098,726591,2400,600,1000,50,6.2,cuda,0,7.0,0,user-Puget-Workstation-Threadripper-PRO-WRX90-T140-XL,trial_0001_lr=3.0e-04_weight_decay=1.0e-05_kernel_sizes=10x7_conv_channels=256x256_fc_dims=512_seed0,completed,25e969aec3,trial_0001_lr=3.0e-04_weight_decay=1.0e-05_kernel_sizes=10x7_conv_channels=256x256_fc_dims=512_seed0
0.18655271649360658,0.168779991045794,49,0.18832513654232025,0.14465963681623598,726591,2400,600,1000,50,6.1,cuda,1,6.8,1,user-Puget-Workstation-Threadripper-PRO-WRX90-T140-XL,trial_0001_lr=3.0e-04_weight_decay=1.0e-05_kernel_sizes=10x7_conv_channels=256x256_fc_dims=512_seed1,completed,25e969aec3,trial_0001_lr=3.0e-04_weight_decay=1.0e-05_kernel_sizes=10x7_conv_channels=256x256_fc_dims=512_seed1
0.18377794047196705,0.17482509049378023,48,0.18610331594944,0.15542445213691225,726591,2400,600,1000,50,6.2,cuda,0,7.0,0,user-Puget-Workstation-Threadripper-PRO-WRX90-T140-XL,trial_0002_lr=3.0e-04_weight_decay=1.0e-04_kernel_sizes=10x7_conv_channels=256x256_fc_dims=512_seed0,completed,ff36d3c879,trial_0002_lr=3.0e-04_weight_decay=1.0e-04_kernel_sizes=10x7_conv_channels=256x256_fc_dims=512_seed0
0.18408273100852968,0.17834110419237648,49,0.18612347066402435,0.15297349993347203,726591,2400,600,1000,50,6.1,cuda,1,6.9,1,user-Puget-Workstation-Threadripper-PRO-WRX90-T140-XL,trial_0002_lr=3.0e-04_weight_decay=1.0e-04_kernel_sizes=10x7_conv_channels=256x256_fc_dims=512_seed1,completed,ff36d3c879,trial_0002_lr=3.0e-04_weight_decay=1.0e-04_kernel_sizes=10x7_conv_channels=256x256_fc_dims=512_seed1
0.1759479061762492,0.21658335338865162,49,0.18038916206359865,0.18940748002988822,726591,2400,600,1000,50,6.2,cuda,0,7.0,0,user-Puget-Workstation-Threadripper-PRO-WRX90-T140-XL,trial_0003_lr=1.0e-03_weight_decay=0_kernel_sizes=10x7_conv_channels=256x256_fc_dims=512_seed0,completed,d78359041a,trial_0003_lr=1.0e-03_weight_decay=0_kernel_sizes=10x7_conv_channels=256x256_fc_dims=512_seed0
0.17618091881275177,0.21827542092666746,49,0.1803254737854004,0.1877016735469612,726591,2400,600,1000,50,6.1,cuda,1,6.9,1,user-Puget-Workstation-Threadripper-PRO-WRX90-T140-XL,trial_0003_lr=1.0e-03_weight_decay=0_kernel_sizes=10x7_conv_channels=256x256_fc_dims=512_seed1,completed,d78359041a,trial_0003_lr=1.0e-03_weight_decay=0_kernel_sizes=10x7_conv_channels=256x256_fc_dims=512_seed1
0.17475902299086252,0.22043765806740942,49,0.17939114499092101,0.1927538921367078,726591,2400,600,1000,50,6.4,cuda,0,7.2,0,user-Puget-Workstation-Threadripper-PRO-WRX90-T140-XL,trial_0004_lr=1.0e-03_weight_decay=1.0e-05_kernel_sizes=10x7_conv_channels=256x256_fc_dims=512_seed0,completed,3c35d5b004,trial_0004_lr=1.0e-03_weight_decay=1.0e-05_kernel_sizes=10x7_conv_channels=256x256_fc_dims=512_seed0
0.17517307957013448,0.2237914512005078,50,0.17937839567661285,0.19335142210860565,726591,2400,600,1000,50,6.2,cuda,1,6.9,1,user-Puget-Workstation-Threadripper-PRO-WRX90-T140-XL,trial_0004_lr=1.0e-03_weight_decay=1.0e-05_kernel_sizes=10x7_conv_channels=256x256_fc_dims=512_seed1,completed,3c35d5b004,trial_0004_lr=1.0e-03_weight_decay=1.0e-05_kernel_sizes=10x7_conv_channels=256x256_fc_dims=512_seed1
0.17141623357931773,0.23780122817882585,49,0.1768063359260559,0.20595759893785595,726591,2400,600,1000,50,6.3,cuda,0,7.1,0,user-Puget-Workstation-Threadripper-PRO-WRX90-T140-XL,trial_0005_lr=1.0e-03_weight_decay=1.0e-04_kernel_sizes=10x7_conv_channels=256x256_fc_dims=512_seed0,completed,36d5b91c4b,trial_0005_lr=1.0e-03_weight_decay=1.0e-04_kernel_sizes=10x7_conv_channels=256x256_fc_dims=512_seed0
0.17234301408131916,0.23923153309644335,48,0.17724731123447418,0.20478759535886087,726591,2400,600,1000,50,6.1,cuda,1,6.9,1,user-Puget-Workstation-Threadripper-PRO-WRX90-T140-XL,trial_0005_lr=1.0e-03_weight_decay=1.0e-04_kernel_sizes=10x7_conv_channels=256x256_fc_dims=512_seed1,completed,36d5b91c4b,trial_0005_lr=1.0e-03_weight_decay=1.0e-04_kernel_sizes=10x7_conv_channels=256x256_fc_dims=512_seed1
0.17099063595136008,0.24122362911597967,49,0.17764947068691253,0.20614533325049364,726591,2400,600,1000,50,6.4,cuda,0,7.2,0,user-Puget-Workstation-Threadripper-PRO-WRX90-T140-XL,trial_0006_lr=3.0e-03_weight_decay=0_kernel_sizes=10x7_conv_channels=256x256_fc_dims=512_seed0,completed,53840dafef,trial_0006_lr=3.0e-03_weight_decay=0_kernel_sizes=10x7_conv_channels=256x256_fc_dims=512_seed0
0.17084396262963614,0.24777242290971382,50,0.17645550513267516,0.21403736176621374,726591,2400,600,1000,50,6.3,cuda,1,7.0,1,user-Puget-Workstation-Threadripper-PRO-WRX90-T140-XL,trial_0006_lr=3.0e-03_weight_decay=0_kernel_sizes=10x7_conv_channels=256x256_fc_dims=512_seed1,completed,53840dafef,trial_0006_lr=3.0e-03_weight_decay=0_kernel_sizes=10x7_conv_channels=256x256_fc_dims=512_seed1
0.16921548227469127,0.2513339372921626,50,0.17615338706970216,0.21642293600997636,726591,2400,600,1000,50,6.5,cuda,0,7.3,0,user-Puget-Workstation-Threadripper-PRO-WRX90-T140-XL,trial_0007_lr=3.0e-03_weight_decay=1.0e-05_kernel_sizes=10x7_conv_channels=256x256_fc_dims=512_seed0,completed,744da35446,trial_0007_lr=3.0e-03_weight_decay=1.0e-05_kernel_sizes=10x7_conv_channels=256x256_fc_dims=512_seed0
0.16973630766073863,0.25391334029721835,49,0.17588349235057832,0.21972209235267467,726591,2400,600,1000,50,6.3,cuda,1,7.0,1,user-Puget-Workstation-Threadripper-PRO-WRX90-T140-XL,trial_0007_lr=3.0e-03_weight_decay=1.0e-05_kernel_sizes=10x7_conv_channels=256x256_fc_dims=512_seed1,completed,744da35446,trial_0007_lr=3.0e-03_weight_decay=1.0e-05_kernel_sizes=10x7_conv_channels=256x256_fc_dims=512_seed1
0.16816014011700947,0.2579725713205899,48,0.17506482422351838,0.22245245830792656,726591,2400,600,1000,50,6.3,cuda,0,7.1,0,user-Puget-Workstation-Threadripper-PRO-WRX90-T140-XL,trial_0008_lr=3.0e-03_weight_decay=1.0e-04_kernel_sizes=10x7_conv_channels=256x256_fc_dims=512_seed0,completed,4a97b5a6c1,trial_0008_lr=3.0e-03_weight_decay=1.0e-04_kernel_sizes=10x7_conv_channels=256x256_fc_dims=512_seed0
0.17062117874622346,0.24862115135579135,38,0.17612094819545746,0.2158727593887864,726591,2400,600,1000,41,5.2,cuda,1,5.9,1,user-Puget-Workstation-Threadripper-PRO-WRX90-T140-XL,trial_0008_lr=3.0e-03_weight_decay=1.0e-04_kernel_sizes=10x7_conv_channels=256x256_fc_dims=512_seed1,completed,4a97b5a6c1,trial_0008_lr=3.0e-03_weight_decay=1.0e-04_kernel_sizes=10x7_conv_channels=256x256_fc_dims=512_seed1
0.19446020285288493,0.11393147133383796,24,0.19500835263729097,0.09991164249098744,841791,2400,600,1000,27,3.8,cuda,0,4.6,0,user-Puget-Workstation-Threadripper-PRO-WRX90-T140-XL,trial_0009_lr=3.0e-04_weight_decay=0_kernel_sizes=10x7_conv_channels=256x256_fc_dims=512x256_seed0,completed,fbd5dfbb93,trial_0009_lr=3.0e-04_weight_decay=0_kernel_sizes=10x7_conv_channels=256x256_fc_dims=512x256_seed0
0.19615096549193065,0.10853765472411463,19,0.19613240075111388,0.09231191251808825,841791,2400,600,1000,22,3.2,cuda,1,3.9,1,user-Puget-Workstation-Threadripper-PRO-WRX90-T140-XL,trial_0009_lr=3.0e-04_weight_decay=0_kernel_sizes=10x7_conv_channels=256x256_fc_dims=512x256_seed1,completed,fbd5dfbb93,trial_0009_lr=3.0e-04_weight_decay=0_kernel_sizes=10x7_conv_channels=256x256_fc_dims=512x256_seed1
0.2017295871178309,0.0700247454248541,9,0.20169907128810882,0.06389227270085453,841791,2400,600,1000,12,2.0,cuda,0,2.8,0,user-Puget-Workstation-Threadripper-PRO-WRX90-T140-XL,trial_0010_lr=3.0e-04_weight_decay=1.0e-05_kernel_sizes=10x7_conv_channels=256x256_fc_dims=512x256_seed0,completed,dbaba03507,trial_0010_lr=3.0e-04_weight_decay=1.0e-05_kernel_sizes=10x7_conv_channels=256x256_fc_dims=512x256_seed0
0.19606695512930553,0.10891097705702682,19,0.19605045115947722,0.09265298244091179,841791,2400,600,1000,22,3.2,cuda,1,3.9,1,user-Puget-Workstation-Threadripper-PRO-WRX90-T140-XL,trial_0010_lr=3.0e-04_weight_decay=1.0e-05_kernel_sizes=10x7_conv_channels=256x256_fc_dims=512x256_seed1,completed,dbaba03507,trial_0010_lr=3.0e-04_weight_decay=1.0e-05_kernel_sizes=10x7_conv_channels=256x256_fc_dims=512x256_seed1
0.1922471304734548,0.12358480356942929,28,0.19305955004692077,0.10931468437424186,841791,2400,600,1000,31,4.3,cuda,0,5.1,0,user-Puget-Workstation-Threadripper-PRO-WRX90-T140-XL,trial_0011_lr=3.0e-04_weight_decay=1.0e-04_kernel_sizes=10x7_conv_channels=256x256_fc_dims=512x256_seed0,completed,5c665b7544,trial_0011_lr=3.0e-04_weight_decay=1.0e-04_kernel_sizes=10x7_conv_channels=256x256_fc_dims=512x256_seed0
0.19313902457555135,0.12583504622687897,27,0.19372818624973298,0.10660892845337369,841791,2400,600,1000,30,4.0,cuda,1,4.8,1,user-Puget-Workstation-Threadripper-PRO-WRX90-T140-XL,trial_0011_lr=3.0e-04_weight_decay=1.0e-04_kernel_sizes=10x7_conv_channels=256x256_fc_dims=512x256_seed1,completed,5c665b7544,trial_0011_lr=3.0e-04_weight_decay=1.0e-04_kernel_sizes=10x7_conv_channels=256x256_fc_dims=512x256_seed1
0.19141559878985087,0.12184860948738048,16,0.19230559921264648,0.10831988770940133,841791,2400,600,1000,19,2.8,cuda,0,3.6,0,user-Puget-Workstation-Threadripper-PRO-WRX90-T140-XL,trial_0012_lr=1.0e-03_weight_decay=0_kernel_sizes=10x7_conv_channels=256x256_fc_dims=512x256_seed0,completed,339d3afda1,trial_0012_lr=1.0e-03_weight_decay=0_kernel_sizes=10x7_conv_channels=256x256_fc_dims=512x256_seed0
0.19171721637248992,0.13167226515470726,19,0.19265867149829866,0.11143533851244197,841791,2400,600,1000,22,3.2,cuda,1,3.9,1,user-Puget-Workstation-Threadripper-PRO-WRX90-T140-XL,trial_0012_lr=1.0e-03_weight_decay=0_kernel_sizes=10x7_conv_channels=256x256_fc_dims=512x256_seed1,completed,339d3afda1,trial_0012_lr=1.0e-03_weight_decay=0_kernel_sizes=10x7_conv_channels=256x256_fc_dims=512x256_seed1
0.19129168470700583,0.12235500847541178,16,0.1921669099330902,0.10889168196248758,841791,2400,600,1000,19,2.8,cuda,0,3.6,0,user-Puget-Workstation-Threadripper-PRO-WRX90-T140-XL,trial_0013_lr=1.0e-03_weight_decay=1.0e-05_kernel_sizes=10x7_conv_channels=256x256_fc_dims=512x256_seed0,completed,ecfd2f2bc7,trial_0013_lr=1.0e-03_weight_decay=1.0e-05_kernel_sizes=10x7_conv_channels=256x256_fc_dims=512x256_seed0
0.19282308717568716,0.12340966935395078,15,0.19344948410987853,0.1038195877625962,841791,2400,600,1000,18,2.7,cuda,1,3.4,1,user-Puget-Workstation-Threadripper-PRO-WRX90-T140-XL,trial_0013_lr=1.0e-03_weight_decay=1.0e-05_kernel_sizes=10x7_conv_channels=256x256_fc_dims=512x256_seed1,completed,ecfd2f2bc7,trial_0013_lr=1.0e-03_weight_decay=1.0e-05_kernel_sizes=10x7_conv_channels=256x256_fc_dims=512x256_seed1
0.1762331736087799,0.2080597619201994,50,0.18111515200138092,0.18058897687652578,841791,2400,600,1000,50,6.5,cuda,0,7.2,0,user-Puget-Workstation-Threadripper-PRO-WRX90-T140-XL,trial_0014_lr=1.0e-03_weight_decay=1.0e-04_kernel_sizes=10x7_conv_channels=256x256_fc_dims=512x256_seed0,completed,51a74adc97,trial_0014_lr=1.0e-03_weight_decay=1.0e-04_kernel_sizes=10x7_conv_channels=256x256_fc_dims=512x256_seed0
0.1799896385272344,0.19214387694701918,43,0.18343788516521453,0.1663615383142372,841791,2400,600,1000,46,5.9,cuda,1,6.7,1,user-Puget-Workstation-Threadripper-PRO-WRX90-T140-XL,trial_0014_lr=1.0e-03_weight_decay=1.0e-04_kernel_sizes=10x7_conv_channels=256x256_fc_dims=512x256_seed1,completed,51a74adc97,trial_0014_lr=1.0e-03_weight_decay=1.0e-04_kernel_sizes=10x7_conv_channels=256x256_fc_dims=512x256_seed1
0.1819255862633387,0.17631857740870222,35,0.18614793920516967,0.15235096377874993,841791,2400,600,1000,38,5.0,cuda,0,5.8,0,user-Puget-Workstation-Threadripper-PRO-WRX90-T140-XL,trial_0015_lr=3.0e-03_weight_decay=0_kernel_sizes=10x7_conv_channels=256x256_fc_dims=512x256_seed0,completed,7249c5f770,trial_0015_lr=3.0e-03_weight_decay=0_kernel_sizes=10x7_conv_channels=256x256_fc_dims=512x256_seed0
0.18426669239997864,0.1675346422551714,27,0.1869333724975586,0.14312131397233174,841791,2400,600,1000,30,4.1,cuda,1,4.8,1,user-Puget-Workstation-Threadripper-PRO-WRX90-T140-XL,trial_0015_lr=3.0e-03_weight_decay=0_kernel_sizes=10x7_conv_channels=256x256_fc_dims=512x256_seed1,completed,7249c5f770,trial_0015_lr=3.0e-03_weight_decay=0_kernel_sizes=10x7_conv_channels=256x256_fc_dims=512x256_seed1
0.17464768608411152,0.21535916592819673,50,0.1813212515115738,0.18478481240560563,841791,2400,600,1000,50,6.6,cuda,0,7.3,0,user-Puget-Workstation-Threadripper-PRO-WRX90-T140-XL,trial_0016_lr=3.0e-03_weight_decay=1.0e-05_kernel_sizes=10x7_conv_channels=256x256_fc_dims=512x256_seed0,completed,902f99df52,trial_0016_lr=3.0e-03_weight_decay=1.0e-05_kernel_sizes=10x7_conv_channels=256x256_fc_dims=512x256_seed0
0.17555014669895172,0.2163355328701644,47,0.18114334535598756,0.18403836401887202,841791,2400,600,1000,50,6.5,cuda,1,7.3,1,user-Puget-Workstation-Threadripper-PRO-WRX90-T140-XL,trial_0016_lr=3.0e-03_weight_decay=1.0e-05_kernel_sizes=10x7_conv_channels=256x256_fc_dims=512x256_seed1,completed,902f99df52,trial_0016_lr=3.0e-03_weight_decay=1.0e-05_kernel_sizes=10x7_conv_channels=256x256_fc_dims=512x256_seed1
0.17327869872252147,0.2243406487584736,50,0.17947261488437652,0.19397371207498798,841791,2400,600,1000,50,6.5,cuda,0,7.3,0,user-Puget-Workstation-Threadripper-PRO-WRX90-T140-XL,trial_0017_lr=3.0e-03_weight_decay=1.0e-04_kernel_sizes=10x7_conv_channels=256x256_fc_dims=512x256_seed0,completed,c963a43826,trial_0017_lr=3.0e-03_weight_decay=1.0e-04_kernel_sizes=10x7_conv_channels=256x256_fc_dims=512x256_seed0
0.17608867386976879,0.2129361868275557,38,0.18110465383529664,0.1824555135746833,841791,2400,600,1000,41,5.3,cuda,1,6.1,1,user-Puget-Workstation-Threadripper-PRO-WRX90-T140-XL,trial_0017_lr=3.0e-03_weight_decay=1.0e-04_kernel_sizes=10x7_conv_channels=256x256_fc_dims=512x256_seed1,completed,c963a43826,trial_0017_lr=3.0e-03_weight_decay=1.0e-04_kernel_sizes=10x7_conv_channels=256x256_fc_dims=512x256_seed1
0.18612624545892079,0.16978822544893968,50,0.18855763387680052,0.14572359356227055,595519,2400,600,1000,50,6.1,cuda,0,6.8,0,user-Puget-Workstation-Threadripper-PRO-WRX90-T140-XL,trial_0018_lr=3.0e-04_weight_decay=0_kernel_sizes=10x5_conv_channels=256x256_fc_dims=512_seed0,completed,25b47fc310,trial_0018_lr=3.0e-04_weight_decay=0_kernel_sizes=10x5_conv_channels=256x256_fc_dims=512_seed0
0.18655701418717702,0.1718802605120255,50,0.18847563922405242,0.14710033267186015,595519,2400,600,1000,50,6.0,cuda,1,6.8,1,user-Puget-Workstation-Threadripper-PRO-WRX90-T140-XL,trial_0018_lr=3.0e-04_weight_decay=0_kernel_sizes=10x5_conv_channels=256x256_fc_dims=512_seed1,completed,25b47fc310,trial_0018_lr=3.0e-04_weight_decay=0_kernel_sizes=10x5_conv_channels=256x256_fc_dims=512_seed1
0.18594154655933381,0.170726029777384,50,0.18840143513679505,0.14665246235983018,595519,2400,600,1000,50,6.1,cuda,0,6.9,0,user-Puget-Workstation-Threadripper-PRO-WRX90-T140-XL,trial_0019_lr=3.0e-04_weight_decay=1.0e-05_kernel_sizes=10x5_conv_channels=256x256_fc_dims=512_seed0,completed,88376e1af7,trial_0019_lr=3.0e-04_weight_decay=1.0e-05_kernel_sizes=10x5_conv_channels=256x256_fc_dims=512_seed0
0.1862879612048467,0.17301703303350935,50,0.18823554229736328,0.14820285436144762,595519,2400,600,1000,50,6.1,cuda,1,6.9,1,user-Puget-Workstation-Threadripper-PRO-WRX90-T140-XL,trial_0019_lr=3.0e-04_weight_decay=1.0e-05_kernel_sizes=10x5_conv_channels=256x256_fc_dims=512_seed1,completed,88376e1af7,trial_0019_lr=3.0e-04_weight_decay=1.0e-05_kernel_sizes=10x5_conv_channels=256x256_fc_dims=512_seed1
0.18423191706339517,0.17848074245603276,50,0.18694219660758973,0.15396571260595163,595519,2400,600,1000,50,6.1,cuda,0,6.9,0,user-Puget-Workstation-Threadripper-PRO-WRX90-T140-XL,trial_0020_lr=3.0e-04_weight_decay=1.0e-04_kernel_sizes=10x5_conv_channels=256x256_fc_dims=512_seed0,completed,ce4083dcd5,trial_0020_lr=3.0e-04_weight_decay=1.0e-04_kernel_sizes=10x5_conv_channels=256x256_fc_dims=512_seed0
0.1842297101020813,0.18137183197761422,50,0.18634287297725677,0.1565398411888442,595519,2400,600,1000,50,6.1,cuda,1,6.8,1,user-Puget-Workstation-Threadripper-PRO-WRX90-T140-XL,trial_0020_lr=3.0e-04_weight_decay=1.0e-04_kernel_sizes=10x5_conv_channels=256x256_fc_dims=512_seed1,completed,ce4083dcd5,trial_0020_lr=3.0e-04_weight_decay=1.0e-04_kernel_sizes=10x5_conv_channels=256x256_fc_dims=512_seed1
0.17570201297601065,0.21705134118959085,49,0.18069779312610626,0.18658377438801266,595519,2400,600,1000,50,6.2,cuda,0,6.9,0,user-Puget-Workstation-Threadripper-PRO-WRX90-T140-XL,trial_0021_lr=1.0e-03_weight_decay=0_kernel_sizes=10x5_conv_channels=256x256_fc_dims=512_seed0,completed,44cc625550,trial_0021_lr=1.0e-03_weight_decay=0_kernel_sizes=10x5_conv_channels=256x256_fc_dims=512_seed0
0.17596993227799734,0.22158432079783894,50,0.18000757217407226,0.1921271839304991,595519,2400,600,1000,50,6.1,cuda,1,6.8,1,user-Puget-Workstation-Threadripper-PRO-WRX90-T140-XL,trial_0021_lr=1.0e-03_weight_decay=0_kernel_sizes=10x5_conv_channels=256x256_fc_dims=512_seed1,completed,44cc625550,trial_0021_lr=1.0e-03_weight_decay=0_kernel_sizes=10x5_conv_channels=256x256_fc_dims=512_seed1
0.17495572447776794,0.22046675857339737,49,0.18012072205543517,0.18952250427226552,595519,2400,600,1000,50,6.0,cuda,0,6.7,0,user-Puget-Workstation-Threadripper-PRO-WRX90-T140-XL,trial_0022_lr=1.0e-03_weight_decay=1.0e-05_kernel_sizes=10x5_conv_channels=256x256_fc_dims=512_seed0,completed,2d31946514,trial_0022_lr=1.0e-03_weight_decay=1.0e-05_kernel_sizes=10x5_conv_channels=256x256_fc_dims=512_seed0
0.17481302320957184,0.22538160689513215,50,0.1790174788236618,0.19567722895450806,595519,2400,600,1000,50,6.1,cuda,1,6.8,1,user-Puget-Workstation-Threadripper-PRO-WRX90-T140-XL,trial_0022_lr=1.0e-03_weight_decay=1.0e-05_kernel_sizes=10x5_conv_channels=256x256_fc_dims=512_seed1,completed,2d31946514,trial_0022_lr=1.0e-03_weight_decay=1.0e-05_kernel_sizes=10x5_conv_channels=256x256_fc_dims=512_seed1
0.17141641199588775,0.23768836728015355,49,0.17704909801483154,0.2063580452460404,595519,2400,600,1000,50,6.0,cuda,0,6.8,0,user-Puget-Workstation-Threadripper-PRO-WRX90-T140-XL,trial_0023_lr=1.0e-03_weight_decay=1.0e-04_kernel_sizes=10x5_conv_channels=256x256_fc_dims=512_seed0,completed,e6bac78613,trial_0023_lr=1.0e-03_weight_decay=1.0e-04_kernel_sizes=10x5_conv_channels=256x256_fc_dims=512_seed0
0.17193707704544067,0.24283433670832807,50,0.17664808905124665,0.20892103109443166,595519,2400,600,1000,50,6.1,cuda,1,6.9,1,user-Puget-Workstation-Threadripper-PRO-WRX90-T140-XL,trial_0023_lr=1.0e-03_weight_decay=1.0e-04_kernel_sizes=10x5_conv_channels=256x256_fc_dims=512_seed1,completed,e6bac78613,trial_0023_lr=1.0e-03_weight_decay=1.0e-04_kernel_sizes=10x5_conv_channels=256x256_fc_dims=512_seed1
0.16981309473514558,0.24787282847185907,49,0.17655428612232207,0.21244603696483033,595519,2400,600,1000,50,6.1,cuda,0,6.9,0,user-Puget-Workstation-Threadripper-PRO-WRX90-T140-XL,trial_0024_lr=3.0e-03_weight_decay=0_kernel_sizes=10x5_conv_channels=256x256_fc_dims=512_seed0,completed,739714c9cc,trial_0024_lr=3.0e-03_weight_decay=0_kernel_sizes=10x5_conv_channels=256x256_fc_dims=512_seed0
0.17065089464187622,0.24787657359975934,50,0.1767575526237488,0.21136794460698177,595519,2400,600,1000,50,6.1,cuda,1,6.9,1,user-Puget-Workstation-Threadripper-PRO-WRX90-T140-XL,trial_0024_lr=3.0e-03_weight_decay=0_kernel_sizes=10x5_conv_channels=256x256_fc_dims=512_seed1,completed,739714c9cc,trial_0024_lr=3.0e-03_weight_decay=0_kernel_sizes=10x5_conv_channels=256x256_fc_dims=512_seed1
0.16851509392261504,0.2549856314628413,49,0.17568320286273956,0.21817103630450868,595519,2400,600,1000,50,6.1,cuda,0,6.9,0,user-Puget-Workstation-Threadripper-PRO-WRX90-T140-XL,trial_0025_lr=3.0e-03_weight_decay=1.0e-05_kernel_sizes=10x5_conv_channels=256x256_fc_dims=512_seed0,completed,cf8b50f4da,trial_0025_lr=3.0e-03_weight_decay=1.0e-05_kernel_sizes=10x5_conv_channels=256x256_fc_dims=512_seed0
0.16999324063460033,0.25429896693093007,50,0.17613896417617797,0.21713208550337304,595519,2400,600,1000,50,6.1,cuda,1,6.9,1,user-Puget-Workstation-Threadripper-PRO-WRX90-T140-XL,trial_0025_lr=3.0e-03_weight_decay=1.0e-05_kernel_sizes=10x5_conv_channels=256x256_fc_dims=512_seed1,completed,cf8b50f4da,trial_0025_lr=3.0e-03_weight_decay=1.0e-05_kernel_sizes=10x5_conv_channels=256x256_fc_dims=512_seed1
0.167854385972023,0.2581489567088977,47,0.17463820958137513,0.22273253754288233,595519,2400,600,1000,50,6.0,cuda,0,6.7,0,user-Puget-Workstation-Threadripper-PRO-WRX90-T140-XL,trial_0026_lr=3.0e-03_weight_decay=1.0e-04_kernel_sizes=10x5_conv_channels=256x256_fc_dims=512_seed0,completed,2c4618ca36,trial_0026_lr=3.0e-03_weight_decay=1.0e-04_kernel_sizes=10x5_conv_channels=256x256_fc_dims=512_seed0
0.1690444908539454,0.25675883421766704,45,0.1747420792579651,0.2187138667877854,595519,2400,600,1000,48,5.9,cuda,1,6.6,1,user-Puget-Workstation-Threadripper-PRO-WRX90-T140-XL,trial_0026_lr=3.0e-03_weight_decay=1.0e-04_kernel_sizes=10x5_conv_channels=256x256_fc_dims=512_seed1,completed,2c4618ca36,trial_0026_lr=3.0e-03_weight_decay=1.0e-04_kernel_sizes=10x5_conv_channels=256x256_fc_dims=512_seed1
0.19837378044923146,0.0970258789199656,15,0.1987715141773224,0.08403989779072393,710719,2400,600,1000,18,2.7,cuda,0,3.6,0,user-Puget-Workstation-Threadripper-PRO-WRX90-T140-XL,trial_0027_lr=3.0e-04_weight_decay=0_kernel_sizes=10x5_conv_channels=256x256_fc_dims=512x256_seed0,completed,766eb62155,trial_0027_lr=3.0e-04_weight_decay=0_kernel_sizes=10x5_conv_channels=256x256_fc_dims=512x256_seed0
0.1916763303677241,0.1457422616881817,48,0.1930744891166687,0.12347095258976493,710719,2400,600,1000,50,6.6,cuda,1,7.4,1,user-Puget-Workstation-Threadripper-PRO-WRX90-T140-XL,trial_0027_lr=3.0e-04_weight_decay=0_kernel_sizes=10x5_conv_channels=256x256_fc_dims=512x256_seed1,completed,766eb62155,trial_0027_lr=3.0e-04_weight_decay=0_kernel_sizes=10x5_conv_channels=256x256_fc_dims=512x256_seed1
0.19832709848880767,0.09728414911506085,15,0.19872279572486878,0.08427843615836929,710719,2400,600,1000,18,2.8,cuda,0,3.5,0,user-Puget-Workstation-Threadripper-PRO-WRX90-T140-XL,trial_0028_lr=3.0e-04_weight_decay=1.0e-05_kernel_sizes=10x5_conv_channels=256x256_fc_dims=512x256_seed0,completed,2b86e7be61,trial_0028_lr=3.0e-04_weight_decay=1.0e-05_kernel_sizes=10x5_conv_channels=256x256_fc_dims=512x256_seed0
0.19152188261349995,0.14829018770171354,50,0.19299606800079347,0.12633846389681289,710719,2400,600,1000,50,6.5,cuda,1,7.2,1,user-Puget-Workstation-Threadripper-PRO-WRX90-T140-XL,trial_0028_lr=3.0e-04_weight_decay=1.0e-05_kernel_sizes=10x5_conv_channels=256x256_fc_dims=512x256_seed1,completed,2b86e7be61,trial_0028_lr=3.0e-04_weight_decay=1.0e-05_kernel_sizes=10x5_conv_channels=256x256_fc_dims=512x256_seed1
0.18897887190183005,0.1497411168659046,48,0.19099921357631683,0.13080040522313205,710719,2400,600,1000,50,6.3,cuda,0,7.1,0,user-Puget-Workstation-Threadripper-PRO-WRX90-T140-XL,trial_0029_lr=3.0e-04_weight_decay=1.0e-04_kernel_sizes=10x5_conv_channels=256x256_fc_dims=512x256_seed0,completed,afaacf150a,trial_0029_lr=3.0e-04_weight_decay=1.0e-04_kernel_sizes=10x5_conv_channels=256x256_fc_dims=512x256_seed0
0.18871138095855713,0.15592022654862794,50,0.19039770531654357,0.1332370676104803,710719,2400,600,1000,50,6.4,cuda,1,7.2,1,user-Puget-Workstation-Threadripper-PRO-WRX90-T140-XL,trial_0029_lr=3.0e-04_weight_decay=1.0e-04_kernel_sizes=10x5_conv_channels=256x256_fc_dims=512x256_seed1,completed,afaacf150a,trial_0029_lr=3.0e-04_weight_decay=1.0e-04_kernel_sizes=10x5_conv_channels=256x256_fc_dims=512x256_seed1
0.1824446068207423,0.18235832977680952,48,0.18617875277996063,0.15904055016128016,710719,2400,600,1000,50,6.4,cuda,0,7.2,0,user-Puget-Workstation-Threadripper-PRO-WRX90-T140-XL,trial_0030_lr=1.0e-03_weight_decay=0_kernel_sizes=10x5_conv_channels=256x256_fc_dims=512x256_seed0,completed,b3830ef09e,trial_0030_lr=1.0e-03_weight_decay=0_kernel_sizes=10x5_conv_channels=256x256_fc_dims=512x256_seed0
0.18415488064289093,0.18151295626818872,50,0.18743210804462432,0.15461839309675413,710719,2400,600,1000,50,6.4,cuda,1,7.1,1,user-Puget-Workstation-Threadripper-PRO-WRX90-T140-XL,trial_0030_lr=1.0e-03_weight_decay=0_kernel_sizes=10x5_conv_channels=256x256_fc_dims=512x256_seed1,completed,b3830ef09e,trial_0030_lr=1.0e-03_weight_decay=0_kernel_sizes=10x5_conv_channels=256x256_fc_dims=512x256_seed1
0.1820504327615102,0.18472401430657445,48,0.18592818033695221,0.16114772633835067,710719,2400,600,1000,50,6.3,cuda,0,7.1,0,user-Puget-Workstation-Threadripper-PRO-WRX90-T140-XL,trial_0031_lr=1.0e-03_weight_decay=1.0e-05_kernel_sizes=10x5_conv_channels=256x256_fc_dims=512x256_seed0,completed,2b292b2620,trial_0031_lr=1.0e-03_weight_decay=1.0e-05_kernel_sizes=10x5_conv_channels=256x256_fc_dims=512x256_seed0
0.18348919967810312,0.18444934347608122,50,0.1869730200767517,0.15700881640358685,710719,2400,600,1000,50,6.4,cuda,1,7.1,1,user-Puget-Workstation-Threadripper-PRO-WRX90-T140-XL,trial_0031_lr=1.0e-03_weight_decay=1.0e-05_kernel_sizes=10x5_conv_channels=256x256_fc_dims=512x256_seed1,completed,2b292b2620,trial_0031_lr=1.0e-03_weight_decay=1.0e-05_kernel_sizes=10x5_conv_channels=256x256_fc_dims=512x256_seed1
0.18153712471326192,0.17784384946099338,36,0.18495794653892517,0.15598248769046338,710719,2400,600,1000,39,5.2,cuda,0,6.0,0,user-Puget-Workstation-Threadripper-PRO-WRX90-T140-XL,trial_0032_lr=1.0e-03_weight_decay=1.0e-04_kernel_sizes=10x5_conv_channels=256x256_fc_dims=512x256_seed0,completed,dc6e494692,trial_0032_lr=1.0e-03_weight_decay=1.0e-04_kernel_sizes=10x5_conv_channels=256x256_fc_dims=512x256_seed0
0.17777861376603443,0.20447260516545757,50,0.18209774076938628,0.17544934738728163,710719,2400,600,1000,50,6.5,cuda,1,7.2,1,user-Puget-Workstation-Threadripper-PRO-WRX90-T140-XL,trial_0032_lr=1.0e-03_weight_decay=1.0e-04_kernel_sizes=10x5_conv_channels=256x256_fc_dims=512x256_seed1,completed,dc6e494692,trial_0032_lr=1.0e-03_weight_decay=1.0e-04_kernel_sizes=10x5_conv_channels=256x256_fc_dims=512x256_seed1
0.17761581480503083,0.20506847651754684,49,0.1830889104604721,0.1750423524947352,710719,2400,600,1000,50,6.4,cuda,0,7.2,0,user-Puget-Workstation-Threadripper-PRO-WRX90-T140-XL,trial_0033_lr=3.0e-03_weight_decay=0_kernel_sizes=10x5_conv_channels=256x256_fc_dims=512x256_seed0,completed,fcef5cead8,trial_0033_lr=3.0e-03_weight_decay=0_kernel_sizes=10x5_conv_channels=256x256_fc_dims=512x256_seed0
0.18351820786794026,0.17192546894116664,31,0.18598572528362275,0.14857064547430038,710719,2400,600,1000,34,4.6,cuda,1,5.3,1,user-Puget-Workstation-Threadripper-PRO-WRX90-T140-XL,trial_0033_lr=3.0e-03_weight_decay=0_kernel_sizes=10x5_conv_channels=256x256_fc_dims=512x256_seed1,completed,fcef5cead8,trial_0033_lr=3.0e-03_weight_decay=0_kernel_sizes=10x5_conv_channels=256x256_fc_dims=512x256_seed1
0.17505777716636658,0.21804784534926638,50,0.1811050146818161,0.1866239595495639,710719,2400,600,1000,50,6.4,cuda,0,7.2,0,user-Puget-Workstation-Threadripper-PRO-WRX90-T140-XL,trial_0034_lr=3.0e-03_weight_decay=1.0e-05_kernel_sizes=10x5_conv_channels=256x256_fc_dims=512x256_seed0,completed,809baffaaf,trial_0034_lr=3.0e-03_weight_decay=1.0e-05_kernel_sizes=10x5_conv_channels=256x256_fc_dims=512x256_seed0
0.17608681718508404,0.21635135471454373,50,0.18150412464141846,0.1852365560284959,710719,2400,600,1000,50,6.3,cuda,1,7.1,1,user-Puget-Workstation-Threadripper-PRO-WRX90-T140-XL,trial_0034_lr=3.0e-03_weight_decay=1.0e-05_kernel_sizes=10x5_conv_channels=256x256_fc_dims=512x256_seed1,completed,809baffaaf,trial_0034_lr=3.0e-03_weight_decay=1.0e-05_kernel_sizes=10x5_conv_channels=256x256_fc_dims=512x256_seed1
0.17253608206907908,0.22727785189310842,49,0.17897453677654265,0.1954545468957237,710719,2400,600,1000,50,6.4,cuda,0,7.2,0,user-Puget-Workstation-Threadripper-PRO-WRX90-T140-XL,trial_0035_lr=3.0e-03_weight_decay=1.0e-04_kernel_sizes=10x5_conv_channels=256x256_fc_dims=512x256_seed0,completed,6b02ae676e,trial_0035_lr=3.0e-03_weight_decay=1.0e-04_kernel_sizes=10x5_conv_channels=256x256_fc_dims=512x256_seed0
0.17395796696345012,0.22599790978292342,49,0.17898701930046082,0.1956569560749341,710719,2400,600,1000,50,6.4,cuda,1,7.2,1,user-Puget-Workstation-Threadripper-PRO-WRX90-T140-XL,trial_0035_lr=3.0e-03_weight_decay=1.0e-04_kernel_sizes=10x5_conv_channels=256x256_fc_dims=512x256_seed1,completed,6b02ae676e,trial_0035_lr=3.0e-03_weight_decay=1.0e-04_kernel_sizes=10x5_conv_channels=256x256_fc_dims=512x256_seed1
0.18600195368131,0.1697266015469798,50,0.1884734971523285,0.14875942757056768,564799,2400,600,1000,50,6.2,cuda,0,6.9,0,user-Puget-Workstation-Threadripper-PRO-WRX90-T140-XL,trial_0036_lr=3.0e-04_weight_decay=0_kernel_sizes=7x5_conv_channels=256x256_fc_dims=512_seed0,completed,97ca60cc2f,trial_0036_lr=3.0e-04_weight_decay=0_kernel_sizes=7x5_conv_channels=256x256_fc_dims=512_seed0
0.18565032740434012,0.17409877803321622,50,0.1876322547197342,0.15045457619565125,564799,2400,600,1000,50,6.1,cuda,1,6.9,1,user-Puget-Workstation-Threadripper-PRO-WRX90-T140-XL,trial_0036_lr=3.0e-04_weight_decay=0_kernel_sizes=7x5_conv_channels=256x256_fc_dims=512_seed1,completed,97ca60cc2f,trial_0036_lr=3.0e-04_weight_decay=0_kernel_sizes=7x5_conv_channels=256x256_fc_dims=512_seed1
0.1858426473538081,0.17059924975128035,50,0.18832578027248384,0.1496961573570502,564799,2400,600,1000,50,6.2,cuda,0,7.0,0,user-Puget-Workstation-Threadripper-PRO-WRX90-T140-XL,trial_0037_lr=3.0e-04_weight_decay=1.0e-05_kernel_sizes=7x5_conv_channels=256x256_fc_dims=512_seed0,completed,5d0b833e47,trial_0037_lr=3.0e-04_weight_decay=1.0e-05_kernel_sizes=7x5_conv_channels=256x256_fc_dims=512_seed0
0.18548887729644775,0.17498803289826503,50,0.18748064017295837,0.1514986182483985,564799,2400,600,1000,50,6.1,cuda,1,6.9,1,user-Puget-Workstation-Threadripper-PRO-WRX90-T140-XL,trial_0037_lr=3.0e-04_weight_decay=1.0e-05_kernel_sizes=7x5_conv_channels=256x256_fc_dims=512_seed1,completed,5d0b833e47,trial_0037_lr=3.0e-04_weight_decay=1.0e-05_kernel_sizes=7x5_conv_channels=256x256_fc_dims=512_seed1
0.18386891980965933,0.17785221955668726,50,0.18635262727737426,0.15734275142628185,564799,2400,600,1000,50,6.1,cuda,0,6.8,0,user-Puget-Workstation-Threadripper-PRO-WRX90-T140-XL,trial_0038_lr=3.0e-04_weight_decay=1.0e-04_kernel_sizes=7x5_conv_channels=256x256_fc_dims=512_seed0,completed,a93db1b118,trial_0038_lr=3.0e-04_weight_decay=1.0e-04_kernel_sizes=7x5_conv_channels=256x256_fc_dims=512_seed0
0.1840728724002838,0.18141921055924415,49,0.18611707878112793,0.1584035048463856,564799,2400,600,1000,50,6.0,cuda,1,6.8,1,user-Puget-Workstation-Threadripper-PRO-WRX90-T140-XL,trial_0038_lr=3.0e-04_weight_decay=1.0e-04_kernel_sizes=7x5_conv_channels=256x256_fc_dims=512_seed1,completed,a93db1b118,trial_0038_lr=3.0e-04_weight_decay=1.0e-04_kernel_sizes=7x5_conv_channels=256x256_fc_dims=512_seed1
0.17570107301076254,0.2189098227803449,50,0.1801740882396698,0.1917521611590018,564799,2400,600,1000,50,6.2,cuda,0,6.9,0,user-Puget-Workstation-Threadripper-PRO-WRX90-T140-XL,trial_0039_lr=1.0e-03_weight_decay=0_kernel_sizes=7x5_conv_channels=256x256_fc_dims=512_seed0,completed,4f204d2e92,trial_0039_lr=1.0e-03_weight_decay=0_kernel_sizes=7x5_conv_channels=256x256_fc_dims=512_seed0
0.17609437982241313,0.221485664089109,49,0.1803077608346939,0.19123447554627354,564799,2400,600,1000,50,6.2,cuda,1,6.9,1,user-Puget-Workstation-Threadripper-PRO-WRX90-T140-XL,trial_0039_lr=1.0e-03_weight_decay=0_kernel_sizes=7x5_conv_channels=256x256_fc_dims=512_seed1,completed,4f204d2e92,trial_0039_lr=1.0e-03_weight_decay=0_kernel_sizes=7x5_conv_channels=256x256_fc_dims=512_seed1
0.17494801660378775,0.22289594897400594,50,0.17953153800964355,0.19584162331463414,564799,2400,600,1000,50,6.1,cuda,0,6.8,0,user-Puget-Workstation-Threadripper-PRO-WRX90-T140-XL,trial_0040_lr=1.0e-03_weight_decay=1.0e-05_kernel_sizes=7x5_conv_channels=256x256_fc_dims=512_seed0,completed,7e6d46aab7,trial_0040_lr=1.0e-03_weight_decay=1.0e-05_kernel_sizes=7x5_conv_channels=256x256_fc_dims=512_seed0
0.1750733949740728,0.22637082764361935,50,0.17942253351211548,0.19563385249939325,564799,2400,600,1000,50,6.0,cuda,1,6.8,1,user-Puget-Workstation-Threadripper-PRO-WRX90-T140-XL,trial_0040_lr=1.0e-03_weight_decay=1.0e-05_kernel_sizes=7x5_conv_channels=256x256_fc_dims=512_seed1,completed,7e6d46aab7,trial_0040_lr=1.0e-03_weight_decay=1.0e-05_kernel_sizes=7x5_conv_channels=256x256_fc_dims=512_seed1
0.17065178334712983,0.24380054837536277,50,0.1762794818878174,0.21183268307224035,564799,2400,600,1000,50,6.2,cuda,0,6.9,0,user-Puget-Workstation-Threadripper-PRO-WRX90-T140-XL,trial_0041_lr=1.0e-03_weight_decay=1.0e-04_kernel_sizes=7x5_conv_channels=256x256_fc_dims=512_seed0,completed,5d4186cf7a,trial_0041_lr=1.0e-03_weight_decay=1.0e-04_kernel_sizes=7x5_conv_channels=256x256_fc_dims=512_seed0
0.17124744514624277,0.24474136557429715,50,0.17640030872821807,0.21000496480426317,564799,2400,600,1000,50,6.2,cuda,1,6.9,1,user-Puget-Workstation-Threadripper-PRO-WRX90-T140-XL,trial_0041_lr=1.0e-03_weight_decay=1.0e-04_kernel_sizes=7x5_conv_channels=256x256_fc_dims=512_seed1,completed,5d4186cf7a,trial_0041_lr=1.0e-03_weight_decay=1.0e-04_kernel_sizes=7x5_conv_channels=256x256_fc_dims=512_seed1
0.1693239543835322,0.2519071861638866,49,0.175611363530159,0.2187331682171066,564799,2400,600,1000,50,6.1,cuda,0,6.9,0,user-Puget-Workstation-Threadripper-PRO-WRX90-T140-XL,trial_0042_lr=3.0e-03_weight_decay=0_kernel_sizes=7x5_conv_channels=256x256_fc_dims=512_seed0,completed,97f1127201,trial_0042_lr=3.0e-03_weight_decay=0_kernel_sizes=7x5_conv_channels=256x256_fc_dims=512_seed0
0.1700243200858434,0.2527689318058249,50,0.17593247652053834,0.21756607277361673,564799,2400,600,1000,50,6.1,cuda,1,6.8,1,user-Puget-Workstation-Threadripper-PRO-WRX90-T140-XL,trial_0042_lr=3.0e-03_weight_decay=0_kernel_sizes=7x5_conv_channels=256x256_fc_dims=512_seed1,completed,97f1127201,trial_0042_lr=3.0e-03_weight_decay=0_kernel_sizes=7x5_conv_channels=256x256_fc_dims=512_seed1
0.16826454838116964,0.2591136244240544,50,0.17478378343582154,0.22651628597476706,564799,2400,600,1000,50,6.1,cuda,0,6.9,0,user-Puget-Workstation-Threadripper-PRO-WRX90-T140-XL,trial_0043_lr=3.0e-03_weight_decay=1.0e-05_kernel_sizes=7x5_conv_channels=256x256_fc_dims=512_seed0,completed,bdc77314ab,trial_0043_lr=3.0e-03_weight_decay=1.0e-05_kernel_sizes=7x5_conv_channels=256x256_fc_dims=512_seed0
0.16845637142658235,0.26162988582498614,50,0.17501545405387878,0.22269166900712892,564799,2400,600,1000,50,6.1,cuda,1,6.9,1,user-Puget-Workstation-Threadripper-PRO-WRX90-T140-XL,trial_0043_lr=3.0e-03_weight_decay=1.0e-05_kernel_sizes=7x5_conv_channels=256x256_fc_dims=512_seed1,completed,bdc77314ab,trial_0043_lr=3.0e-03_weight_decay=1.0e-05_kernel_sizes=7x5_conv_channels=256x256_fc_dims=512_seed1
0.16696872135003407,0.2632653298122447,50,0.17413704907894134,0.22708536608781527,564799,2400,600,1000,50,6.0,cuda,0,6.8,0,user-Puget-Workstation-Threadripper-PRO-WRX90-T140-XL,trial_0044_lr=3.0e-03_weight_decay=1.0e-04_kernel_sizes=7x5_conv_channels=256x256_fc_dims=512_seed0,completed,5e29652d47,trial_0044_lr=3.0e-03_weight_decay=1.0e-04_kernel_sizes=7x5_conv_channels=256x256_fc_dims=512_seed0
0.16858109613259634,0.2595776902021139,44,0.17462257337570192,0.2231293017110092,564799,2400,600,1000,47,5.7,cuda,1,6.4,1,user-Puget-Workstation-Threadripper-PRO-WRX90-T140-XL,trial_0044_lr=3.0e-03_weight_decay=1.0e-04_kernel_sizes=7x5_conv_channels=256x256_fc_dims=512_seed1,completed,5e29652d47,trial_0044_lr=3.0e-03_weight_decay=1.0e-04_kernel_sizes=7x5_conv_channels=256x256_fc_dims=512_seed1
0.196452965537707,0.09972888684385074,13,0.19697590374946594,0.08848160014277733,679999,2400,600,1000,16,2.5,cuda,0,3.2,0,user-Puget-Workstation-Threadripper-PRO-WRX90-T140-XL,trial_0045_lr=3.0e-04_weight_decay=0_kernel_sizes=7x5_conv_channels=256x256_fc_dims=512x256_seed0,completed,8db84a1078,trial_0045_lr=3.0e-04_weight_decay=0_kernel_sizes=7x5_conv_channels=256x256_fc_dims=512x256_seed0
0.19755579710006713,0.10450871910908492,14,0.19760584938526154,0.08710828489449626,679999,2400,600,1000,17,2.6,cuda,1,3.3,1,user-Puget-Workstation-Threadripper-PRO-WRX90-T140-XL,trial_0045_lr=3.0e-04_weight_decay=0_kernel_sizes=7x5_conv_channels=256x256_fc_dims=512x256_seed1,completed,8db84a1078,trial_0045_lr=3.0e-04_weight_decay=0_kernel_sizes=7x5_conv_channels=256x256_fc_dims=512x256_seed1
0.19643219073613485,0.09991696321143692,13,0.1969591522216797,0.08866598387285714,679999,2400,600,1000,16,2.4,cuda,0,3.2,0,user-Puget-Workstation-Threadripper-PRO-WRX90-T140-XL,trial_0046_lr=3.0e-04_weight_decay=1.0e-05_kernel_sizes=7x5_conv_channels=256x256_fc_dims=512x256_seed0,completed,bf0159b608,trial_0046_lr=3.0e-04_weight_decay=1.0e-05_kernel_sizes=7x5_conv_channels=256x256_fc_dims=512x256_seed0
0.19748668114344278,0.10473496776152927,14,0.19753571617603302,0.08739524509298977,679999,2400,600,1000,17,2.5,cuda,1,3.3,1,user-Puget-Workstation-Threadripper-PRO-WRX90-T140-XL,trial_0046_lr=3.0e-04_weight_decay=1.0e-05_kernel_sizes=7x5_conv_channels=256x256_fc_dims=512x256_seed1,completed,bf0159b608,trial_0046_lr=3.0e-04_weight_decay=1.0e-05_kernel_sizes=7x5_conv_channels=256x256_fc_dims=512x256_seed1
0.19310687760512035,0.12354693443531142,25,0.19418437314033507,0.10970183337507469,679999,2400,600,1000,28,3.8,cuda,0,4.6,0,user-Puget-Workstation-Threadripper-PRO-WRX90-T140-XL,trial_0047_lr=3.0e-04_weight_decay=1.0e-04_kernel_sizes=7x5_conv_channels=256x256_fc_dims=512x256_seed0,completed,df7ec6d64e,trial_0047_lr=3.0e-04_weight_decay=1.0e-04_kernel_sizes=7x5_conv_channels=256x256_fc_dims=512x256_seed0
0.1880636417865753,0.15793819182290036,50,0.18964616727828978,0.13738061253925624,679999,2400,600,1000,50,6.4,cuda,1,7.2,1,user-Puget-Workstation-Threadripper-PRO-WRX90-T140-XL,trial_0047_lr=3.0e-04_weight_decay=1.0e-04_kernel_sizes=7x5_conv_channels=256x256_fc_dims=512x256_seed1,completed,df7ec6d64e,trial_0047_lr=3.0e-04_weight_decay=1.0e-04_kernel_sizes=7x5_conv_channels=256x256_fc_dims=512x256_seed1
0.19230433026949564,0.11727178822918524,12,0.19330432140827178,0.10173274987143872,679999,2400,600,1000,15,2.3,cuda,0,3.1,0,user-Puget-Workstation-Threadripper-PRO-WRX90-T140-XL,trial_0048_lr=1.0e-03_weight_decay=0_kernel_sizes=7x5_conv_channels=256x256_fc_dims=512x256_seed0,completed,553c64008d,trial_0048_lr=1.0e-03_weight_decay=0_kernel_sizes=7x5_conv_channels=256x256_fc_dims=512x256_seed0
0.1817606286207835,0.19100352107314972,50,0.18506640660762788,0.1662957263798876,679999,2400,600,1000,50,6.4,cuda,1,7.2,1,user-Puget-Workstation-Threadripper-PRO-WRX90-T140-XL,trial_0048_lr=1.0e-03_weight_decay=0_kernel_sizes=7x5_conv_channels=256x256_fc_dims=512x256_seed1,completed,553c64008d,trial_0048_lr=1.0e-03_weight_decay=0_kernel_sizes=7x5_conv_channels=256x256_fc_dims=512x256_seed1
0.19223010599613188,0.1176308716265543,12,0.1932203313112259,0.10218589856551298,679999,2400,600,1000,15,2.4,cuda,0,3.2,0,user-Puget-Workstation-Threadripper-PRO-WRX90-T140-XL,trial_0049_lr=1.0e-03_weight_decay=1.0e-05_kernel_sizes=7x5_conv_channels=256x256_fc_dims=512x256_seed0,completed,132d7dc34b,trial_0049_lr=1.0e-03_weight_decay=1.0e-05_kernel_sizes=7x5_conv_channels=256x256_fc_dims=512x256_seed0
0.18044804334640502,0.19546824169681906,50,0.18401354444026946,0.17010594441128718,679999,2400,600,1000,50,6.4,cuda,1,7.2,1,user-Puget-Workstation-Threadripper-PRO-WRX90-T140-XL,trial_0049_lr=1.0e-03_weight_decay=1.0e-05_kernel_sizes=7x5_conv_channels=256x256_fc_dims=512x256_seed1,completed,132d7dc34b,trial_0049_lr=1.0e-03_weight_decay=1.0e-05_kernel_sizes=7x5_conv_channels=256x256_fc_dims=512x256_seed1
0.1831113165616989,0.17311409869487018,38,0.18626913714408874,0.15289572454533126,679999,2400,600,1000,41,5.4,cuda,0,6.2,0,user-Puget-Workstation-Threadripper-PRO-WRX90-T140-XL,trial_0050_lr=1.0e-03_weight_decay=1.0e-04_kernel_sizes=7x5_conv_channels=256x256_fc_dims=512x256_seed0,completed,5b7889db14,trial_0050_lr=1.0e-03_weight_decay=1.0e-04_kernel_sizes=7x5_conv_channels=256x256_fc_dims=512x256_seed0
0.17718553404013315,0.20697482035661577,48,0.1812519133090973,0.17861707436623098,679999,2400,600,1000,50,6.4,cuda,1,7.1,1,user-Puget-Workstation-Threadripper-PRO-WRX90-T140-XL,trial_0050_lr=1.0e-03_weight_decay=1.0e-04_kernel_sizes=7x5_conv_channels=256x256_fc_dims=512x256_seed1,completed,5b7889db14,trial_0050_lr=1.0e-03_weight_decay=1.0e-04_kernel_sizes=7x5_conv_channels=256x256_fc_dims=512x256_seed1
0.17652959903081258,0.20501381168006938,50,0.18224289095401763,0.17494072911713754,679999,2400,600,1000,50,6.4,cuda,0,7.2,0,user-Puget-Workstation-Threadripper-PRO-WRX90-T140-XL,trial_0051_lr=3.0e-03_weight_decay=0_kernel_sizes=7x5_conv_channels=256x256_fc_dims=512x256_seed0,completed,8d673181ff,trial_0051_lr=3.0e-03_weight_decay=0_kernel_sizes=7x5_conv_channels=256x256_fc_dims=512x256_seed0
0.17674931983153025,0.21227843637357577,50,0.1818443840742111,0.18171787811108892,679999,2400,600,1000,50,6.3,cuda,1,7.1,1,user-Puget-Workstation-Threadripper-PRO-WRX90-T140-XL,trial_0051_lr=3.0e-03_weight_decay=0_kernel_sizes=7x5_conv_channels=256x256_fc_dims=512x256_seed1,completed,8d673181ff,trial_0051_lr=3.0e-03_weight_decay=0_kernel_sizes=7x5_conv_channels=256x256_fc_dims=512x256_seed1
0.1745006799697876,0.21563450770937304,50,0.18032390427589418,0.18553955052734342,679999,2400,600,1000,50,6.4,cuda,0,7.2,0,user-Puget-Workstation-Threadripper-PRO-WRX90-T140-XL,trial_0052_lr=3.0e-03_weight_decay=1.0e-05_kernel_sizes=7x5_conv_channels=256x256_fc_dims=512x256_seed0,completed,6b71eb7134,trial_0052_lr=3.0e-03_weight_decay=1.0e-05_kernel_sizes=7x5_conv_channels=256x256_fc_dims=512x256_seed0
0.17499235788981118,0.2183565905646599,48,0.18038894128799438,0.18683702257972867,679999,2400,600,1000,50,6.4,cuda,1,7.2,1,user-Puget-Workstation-Threadripper-PRO-WRX90-T140-XL,trial_0052_lr=3.0e-03_weight_decay=1.0e-05_kernel_sizes=7x5_conv_channels=256x256_fc_dims=512x256_seed1,completed,6b71eb7134,trial_0052_lr=3.0e-03_weight_decay=1.0e-05_kernel_sizes=7x5_conv_channels=256x256_fc_dims=512x256_seed1
0.17250996053218842,0.22680957509126642,49,0.17919642579555511,0.19515747014683318,679999,2400,600,1000,50,6.5,cuda,0,7.2,0,user-Puget-Workstation-Threadripper-PRO-WRX90-T140-XL,trial_0053_lr=3.0e-03_weight_decay=1.0e-04_kernel_sizes=7x5_conv_channels=256x256_fc_dims=512x256_seed0,completed,f71e5f8e82,trial_0053_lr=3.0e-03_weight_decay=1.0e-04_kernel_sizes=7x5_conv_channels=256x256_fc_dims=512x256_seed0
0.17285509685675304,0.23074648869032524,49,0.1784489769935608,0.20078390299957932,679999,2400,600,1000,50,6.4,cuda,1,7.2,1,user-Puget-Workstation-Threadripper-PRO-WRX90-T140-XL,trial_0053_lr=3.0e-03_weight_decay=1.0e-04_kernel_sizes=7x5_conv_channels=256x256_fc_dims=512x256_seed1,completed,f71e5f8e82,trial_0053_lr=3.0e-03_weight_decay=1.0e-04_kernel_sizes=7x5_conv_channels=256x256_fc_dims=512x256_seed1
0.18621683021386465,0.17166526015611916,50,0.18831584668159485,0.15220373013141372,433727,2400,600,1000,50,6.1,cuda,0,6.9,0,user-Puget-Workstation-Threadripper-PRO-WRX90-T140-XL,trial_0054_lr=3.0e-04_weight_decay=0_kernel_sizes=7x3_conv_channels=256x256_fc_dims=512_seed0,completed,cf56194b08,trial_0054_lr=3.0e-04_weight_decay=0_kernel_sizes=7x3_conv_channels=256x256_fc_dims=512_seed0
0.1866102087497711,0.17454718868907682,50,0.18853937602043153,0.1490962633870807,433727,2400,600,1000,50,6.2,cuda,1,7.1,1,user-Puget-Workstation-Threadripper-PRO-WRX90-T140-XL,trial_0054_lr=3.0e-04_weight_decay=0_kernel_sizes=7x3_conv_channels=256x256_fc_dims=512_seed1,completed,cf56194b08,trial_0054_lr=3.0e-04_weight_decay=0_kernel_sizes=7x3_conv_channels=256x256_fc_dims=512_seed1
0.18594680845737457,0.17252103811269867,50,0.18805880558490753,0.15310227698671047,433727,2400,600,1000,50,6.1,cuda,0,6.9,0,user-Puget-Workstation-Threadripper-PRO-WRX90-T140-XL,trial_0055_lr=3.0e-04_weight_decay=1.0e-05_kernel_sizes=7x3_conv_channels=256x256_fc_dims=512_seed0,completed,0c30de13ac,trial_0055_lr=3.0e-04_weight_decay=1.0e-05_kernel_sizes=7x3_conv_channels=256x256_fc_dims=512_seed0
0.1863762754201889,0.175432639497357,50,0.18832848477363587,0.15009883152594344,433727,2400,600,1000,50,6.3,cuda,1,7.1,1,user-Puget-Workstation-Threadripper-PRO-WRX90-T140-XL,trial_0055_lr=3.0e-04_weight_decay=1.0e-05_kernel_sizes=7x3_conv_channels=256x256_fc_dims=512_seed1,completed,0c30de13ac,trial_0055_lr=3.0e-04_weight_decay=1.0e-05_kernel_sizes=7x3_conv_channels=256x256_fc_dims=512_seed1
0.18415458718935648,0.17958736267594128,50,0.18642809331417085,0.160087658099229,433727,2400,600,1000,50,6.0,cuda,0,6.8,0,user-Puget-Workstation-Threadripper-PRO-WRX90-T140-XL,trial_0056_lr=3.0e-04_weight_decay=1.0e-04_kernel_sizes=7x3_conv_channels=256x256_fc_dims=512_seed0,completed,ed90902605,trial_0056_lr=3.0e-04_weight_decay=1.0e-04_kernel_sizes=7x3_conv_channels=256x256_fc_dims=512_seed0
0.1847350353002548,0.18251444803404898,50,0.18687920236587524,0.15784007960109186,433727,2400,600,1000,50,6.1,cuda,1,6.9,1,user-Puget-Workstation-Threadripper-PRO-WRX90-T140-XL,trial_0056_lr=3.0e-04_weight_decay=1.0e-04_kernel_sizes=7x3_conv_channels=256x256_fc_dims=512_seed1,completed,ed90902605,trial_0056_lr=3.0e-04_weight_decay=1.0e-04_kernel_sizes=7x3_conv_channels=256x256_fc_dims=512_seed1
0.17529878397782644,0.22213938220491117,49,0.17989545142650604,0.19456263083210382,433727,2400,600,1000,50,6.0,cuda,0,6.8,0,user-Puget-Workstation-Threadripper-PRO-WRX90-T140-XL,trial_0057_lr=1.0e-03_weight_decay=0_kernel_sizes=7x3_conv_channels=256x256_fc_dims=512_seed0,completed,cfb3f04c6a,trial_0057_lr=1.0e-03_weight_decay=0_kernel_sizes=7x3_conv_channels=256x256_fc_dims=512_seed0
0.17547688126564026,0.2263030090024959,50,0.17963599956035614,0.19682768493079902,433727,2400,600,1000,50,6.2,cuda,1,6.9,1,user-Puget-Workstation-Threadripper-PRO-WRX90-T140-XL,trial_0057_lr=1.0e-03_weight_decay=0_kernel_sizes=7x3_conv_channels=256x256_fc_dims=512_seed1,completed,cfb3f04c6a,trial_0057_lr=1.0e-03_weight_decay=0_kernel_sizes=7x3_conv_channels=256x256_fc_dims=512_seed1
0.17425377110640208,0.22887920470903442,50,0.1791917543411255,0.19950246045583736,433727,2400,600,1000,50,6.0,cuda,0,6.8,0,user-Puget-Workstation-Threadripper-PRO-WRX90-T140-XL,trial_0058_lr=1.0e-03_weight_decay=1.0e-05_kernel_sizes=7x3_conv_channels=256x256_fc_dims=512_seed0,completed,bcccf9535f,trial_0058_lr=1.0e-03_weight_decay=1.0e-05_kernel_sizes=7x3_conv_channels=256x256_fc_dims=512_seed0
0.17469080905119577,0.23004284383093315,50,0.17898257637023926,0.20030779283816583,433727,2400,600,1000,50,6.0,cuda,1,6.8,1,user-Puget-Workstation-Threadripper-PRO-WRX90-T140-XL,trial_0058_lr=1.0e-03_weight_decay=1.0e-05_kernel_sizes=7x3_conv_channels=256x256_fc_dims=512_seed1,completed,bcccf9535f,trial_0058_lr=1.0e-03_weight_decay=1.0e-05_kernel_sizes=7x3_conv_channels=256x256_fc_dims=512_seed1
0.17072956681251525,0.24615214904640395,50,0.1766000862121582,0.21287558397610393,433727,2400,600,1000,50,6.0,cuda,0,6.8,0,user-Puget-Workstation-Threadripper-PRO-WRX90-T140-XL,trial_0059_lr=1.0e-03_weight_decay=1.0e-04_kernel_sizes=7x3_conv_channels=256x256_fc_dims=512_seed0,completed,7f8a1dab74,trial_0059_lr=1.0e-03_weight_decay=1.0e-04_kernel_sizes=7x3_conv_channels=256x256_fc_dims=512_seed0
0.17112891376018524,0.2482339113043738,50,0.17594484841823577,0.2157652374159115,433727,2400,600,1000,50,6.0,cuda,1,6.8,1,user-Puget-Workstation-Threadripper-PRO-WRX90-T140-XL,trial_0059_lr=1.0e-03_weight_decay=1.0e-04_kernel_sizes=7x3_conv_channels=256x256_fc_dims=512_seed1,completed,7f8a1dab74,trial_0059_lr=1.0e-03_weight_decay=1.0e-04_kernel_sizes=7x3_conv_channels=256x256_fc_dims=512_seed1
0.1687555511792501,0.2555844058389998,50,0.17527071690559387,0.22059136326324524,433727,2400,600,1000,50,6.0,cuda,0,6.8,0,user-Puget-Workstation-Threadripper-PRO-WRX90-T140-XL,trial_0060_lr=3.0e-03_weight_decay=0_kernel_sizes=7x3_conv_channels=256x256_fc_dims=512_seed0,completed,aae9f8101e,trial_0060_lr=3.0e-03_weight_decay=0_kernel_sizes=7x3_conv_channels=256x256_fc_dims=512_seed0
0.16938659449418386,0.25651385828685025,49,0.17531733548641204,0.21990255338504616,433727,2400,600,1000,50,6.1,cuda,1,6.9,1,user-Puget-Workstation-Threadripper-PRO-WRX90-T140-XL,trial_0060_lr=3.0e-03_weight_decay=0_kernel_sizes=7x3_conv_channels=256x256_fc_dims=512_seed1,completed,aae9f8101e,trial_0060_lr=3.0e-03_weight_decay=0_kernel_sizes=7x3_conv_channels=256x256_fc_dims=512_seed1
0.1680858991543452,0.2591037969696957,48,0.1748717975616455,0.22389278125498482,433727,2400,600,1000,50,6.0,cuda,0,6.8,0,user-Puget-Workstation-Threadripper-PRO-WRX90-T140-XL,trial_0061_lr=3.0e-03_weight_decay=1.0e-05_kernel_sizes=7x3_conv_channels=256x256_fc_dims=512_seed0,completed,246ce3a6a5,trial_0061_lr=3.0e-03_weight_decay=1.0e-05_kernel_sizes=7x3_conv_channels=256x256_fc_dims=512_seed0
0.1685375080506007,0.2621513196047478,50,0.17455133843421936,0.2267654505165031,433727,2400,600,1000,50,6.0,cuda,1,6.8,1,user-Puget-Workstation-Threadripper-PRO-WRX90-T140-XL,trial_0061_lr=3.0e-03_weight_decay=1.0e-05_kernel_sizes=7x3_conv_channels=256x256_fc_dims=512_seed1,completed,246ce3a6a5,trial_0061_lr=3.0e-03_weight_decay=1.0e-05_kernel_sizes=7x3_conv_channels=256x256_fc_dims=512_seed1
0.1680563368399938,0.25725591938959247,41,0.17465164923667909,0.2214385119193269,433727,2400,600,1000,44,5.5,cuda,0,6.2,0,user-Puget-Workstation-Threadripper-PRO-WRX90-T140-XL,trial_0062_lr=3.0e-03_weight_decay=1.0e-04_kernel_sizes=7x3_conv_channels=256x256_fc_dims=512_seed0,completed,607b01051c,trial_0062_lr=3.0e-03_weight_decay=1.0e-04_kernel_sizes=7x3_conv_channels=256x256_fc_dims=512_seed0
0.16779814143975577,0.26427180749172896,50,0.17338769805431367,0.23024410177352617,433727,2400,600,1000,50,6.0,cuda,1,6.8,1,user-Puget-Workstation-Threadripper-PRO-WRX90-T140-XL,trial_0062_lr=3.0e-03_weight_decay=1.0e-04_kernel_sizes=7x3_conv_channels=256x256_fc_dims=512_seed1,completed,607b01051c,trial_0062_lr=3.0e-03_weight_decay=1.0e-04_kernel_sizes=7x3_conv_channels=256x256_fc_dims=512_seed1
0.19714822590351105,0.10745098356373914,16,0.19769428312778473,0.09789813484920577,548927,2400,600,1000,19,2.8,cuda,0,3.5,0,user-Puget-Workstation-Threadripper-PRO-WRX90-T140-XL,trial_0063_lr=3.0e-04_weight_decay=0_kernel_sizes=7x3_conv_channels=256x256_fc_dims=512x256_seed0,completed,d8dc21693a,trial_0063_lr=3.0e-04_weight_decay=0_kernel_sizes=7x3_conv_channels=256x256_fc_dims=512x256_seed0
0.19793935000896454,0.10654273951592001,14,0.19791696560382843,0.08968327182093781,548927,2400,600,1000,17,2.6,cuda,1,3.4,1,user-Puget-Workstation-Threadripper-PRO-WRX90-T140-XL,trial_0063_lr=3.0e-04_weight_decay=0_kernel_sizes=7x3_conv_channels=256x256_fc_dims=512x256_seed1,completed,d8dc21693a,trial_0063_lr=3.0e-04_weight_decay=0_kernel_sizes=7x3_conv_channels=256x256_fc_dims=512x256_seed1
0.1970925388733546,0.10761952015325459,16,0.19763753068447112,0.09808211763820796,548927,2400,600,1000,19,2.8,cuda,0,3.5,0,user-Puget-Workstation-Threadripper-PRO-WRX90-T140-XL,trial_0064_lr=3.0e-04_weight_decay=1.0e-05_kernel_sizes=7x3_conv_channels=256x256_fc_dims=512x256_seed0,completed,5134844948,trial_0064_lr=3.0e-04_weight_decay=1.0e-05_kernel_sizes=7x3_conv_channels=256x256_fc_dims=512x256_seed0
0.19788015007972717,0.10664997091149807,14,0.19785749197006225,0.08986720710156194,548927,2400,600,1000,17,2.5,cuda,1,3.3,1,user-Puget-Workstation-Threadripper-PRO-WRX90-T140-XL,trial_0064_lr=3.0e-04_weight_decay=1.0e-05_kernel_sizes=7x3_conv_channels=256x256_fc_dims=512x256_seed1,completed,5134844948,trial_0064_lr=3.0e-04_weight_decay=1.0e-05_kernel_sizes=7x3_conv_channels=256x256_fc_dims=512x256_seed1
0.1966931007305781,0.10899249632259243,16,0.19720649194717407,0.09956762609072033,548927,2400,600,1000,19,2.8,cuda,0,3.6,0,user-Puget-Workstation-Threadripper-PRO-WRX90-T140-XL,trial_0065_lr=3.0e-04_weight_decay=1.0e-04_kernel_sizes=7x3_conv_channels=256x256_fc_dims=512x256_seed0,completed,75a378544d,trial_0065_lr=3.0e-04_weight_decay=1.0e-04_kernel_sizes=7x3_conv_channels=256x256_fc_dims=512x256_seed0
0.19750352561473847,0.10534662938343986,13,0.19744009673595428,0.0877166860337119,548927,2400,600,1000,16,2.4,cuda,1,3.2,1,user-Puget-Workstation-Threadripper-PRO-WRX90-T140-XL,trial_0065_lr=3.0e-04_weight_decay=1.0e-04_kernel_sizes=7x3_conv_channels=256x256_fc_dims=512x256_seed1,completed,75a378544d,trial_0065_lr=3.0e-04_weight_decay=1.0e-04_kernel_sizes=7x3_conv_channels=256x256_fc_dims=512x256_seed1
0.18405348141988118,0.17358159544862858,44,0.18726733708381652,0.15205267222495758,548927,2400,600,1000,47,6.0,cuda,0,6.8,0,user-Puget-Workstation-Threadripper-PRO-WRX90-T140-XL,trial_0066_lr=1.0e-03_weight_decay=0_kernel_sizes=7x3_conv_channels=256x256_fc_dims=512x256_seed0,completed,c9e2d35ef3,trial_0066_lr=1.0e-03_weight_decay=0_kernel_sizes=7x3_conv_channels=256x256_fc_dims=512x256_seed0
0.19370803813139598,0.12788063661164265,14,0.19461800968647003,0.1073085550992285,548927,2400,600,1000,17,2.6,cuda,1,3.3,1,user-Puget-Workstation-Threadripper-PRO-WRX90-T140-XL,trial_0066_lr=1.0e-03_weight_decay=0_kernel_sizes=7x3_conv_channels=256x256_fc_dims=512x256_seed1,completed,c9e2d35ef3,trial_0066_lr=1.0e-03_weight_decay=0_kernel_sizes=7x3_conv_channels=256x256_fc_dims=512x256_seed1
0.18210898419221241,0.18605710386154464,50,0.18581446409225463,0.16364455839385658,548927,2400,600,1000,50,6.2,cuda,0,7.0,0,user-Puget-Workstation-Threadripper-PRO-WRX90-T140-XL,trial_0067_lr=1.0e-03_weight_decay=1.0e-05_kernel_sizes=7x3_conv_channels=256x256_fc_dims=512x256_seed0,completed,a5e6854015,trial_0067_lr=1.0e-03_weight_decay=1.0e-05_kernel_sizes=7x3_conv_channels=256x256_fc_dims=512x256_seed0
0.19362682779630025,0.12803165524452506,14,0.19453441178798675,0.10758115461942591,548927,2400,600,1000,17,2.6,cuda,1,3.3,1,user-Puget-Workstation-Threadripper-PRO-WRX90-T140-XL,trial_0067_lr=1.0e-03_weight_decay=1.0e-05_kernel_sizes=7x3_conv_channels=256x256_fc_dims=512x256_seed1,completed,a5e6854015,trial_0067_lr=1.0e-03_weight_decay=1.0e-05_kernel_sizes=7x3_conv_channels=256x256_fc_dims=512x256_seed1
0.1927143386999766,0.11503769836261339,10,0.19325452363491058,0.10224569391184742,548927,2400,600,1000,13,2.1,cuda,0,2.9,0,user-Puget-Workstation-Threadripper-PRO-WRX90-T140-XL,trial_0068_lr=1.0e-03_weight_decay=1.0e-04_kernel_sizes=7x3_conv_channels=256x256_fc_dims=512x256_seed0,completed,7e9d8a0d10,trial_0068_lr=1.0e-03_weight_decay=1.0e-04_kernel_sizes=7x3_conv_channels=256x256_fc_dims=512x256_seed0
0.19260983725388844,0.12672256427921766,13,0.19346697163581847,0.10679312739241223,548927,2400,600,1000,16,2.4,cuda,1,3.2,1,user-Puget-Workstation-Threadripper-PRO-WRX90-T140-XL,trial_0068_lr=1.0e-03_weight_decay=1.0e-04_kernel_sizes=7x3_conv_channels=256x256_fc_dims=512x256_seed1,completed,7e9d8a0d10,trial_0068_lr=1.0e-03_weight_decay=1.0e-04_kernel_sizes=7x3_conv_channels=256x256_fc_dims=512x256_seed1
0.18293023804823558,0.17046541854007916,29,0.18629718434810638,0.14711992798102927,548927,2400,600,1000,32,4.3,cuda,0,5.1,0,user-Puget-Workstation-Threadripper-PRO-WRX90-T140-XL,trial_0069_lr=3.0e-03_weight_decay=0_kernel_sizes=7x3_conv_channels=256x256_fc_dims=512x256_seed0,completed,9076f94724,trial_0069_lr=3.0e-03_weight_decay=0_kernel_sizes=7x3_conv_channels=256x256_fc_dims=512x256_seed0
0.17700902144114175,0.2137369283230367,50,0.18169169998168946,0.18507603612571705,548927,2400,600,1000,50,6.3,cuda,1,7.0,1,user-Puget-Workstation-Threadripper-PRO-WRX90-T140-XL,trial_0069_lr=3.0e-03_weight_decay=0_kernel_sizes=7x3_conv_channels=256x256_fc_dims=512x256_seed1,completed,9076f94724,trial_0069_lr=3.0e-03_weight_decay=0_kernel_sizes=7x3_conv_channels=256x256_fc_dims=512x256_seed1
0.1735353414217631,0.22861181547926662,50,0.1796031413078308,0.19831331623250298,548927,2400,600,1000,50,6.3,cuda,0,7.1,0,user-Puget-Workstation-Threadripper-PRO-WRX90-T140-XL,trial_0070_lr=3.0e-03_weight_decay=1.0e-05_kernel_sizes=7x3_conv_channels=256x256_fc_dims=512x256_seed0,completed,274b2f757b,trial_0070_lr=3.0e-03_weight_decay=1.0e-05_kernel_sizes=7x3_conv_channels=256x256_fc_dims=512x256_seed0
0.1738744459549586,0.2278704041203231,50,0.1790814937353134,0.19789862602894545,548927,2400,600,1000,50,6.3,cuda,1,7.1,1,user-Puget-Workstation-Threadripper-PRO-WRX90-T140-XL,trial_0070_lr=3.0e-03_weight_decay=1.0e-05_kernel_sizes=7x3_conv_channels=256x256_fc_dims=512x256_seed1,completed,274b2f757b,trial_0070_lr=3.0e-03_weight_decay=1.0e-05_kernel_sizes=7x3_conv_channels=256x256_fc_dims=512x256_seed1
0.17195215781529744,0.23164749623759803,46,0.17790318393707275,0.1994911998141765,548927,2400,600,1000,49,6.4,cuda,0,7.2,0,user-Puget-Workstation-Threadripper-PRO-WRX90-T140-XL,trial_0071_lr=3.0e-03_weight_decay=1.0e-04_kernel_sizes=7x3_conv_channels=256x256_fc_dims=512x256_seed0,completed,19aa8e6503,trial_0071_lr=3.0e-03_weight_decay=1.0e-04_kernel_sizes=7x3_conv_channels=256x256_fc_dims=512x256_seed0
0.1734743094444275,0.22880502932849425,43,0.17834857428073883,0.19831901139911726,548927,2400,600,1000,46,5.9,cuda,1,6.7,1,user-Puget-Workstation-Threadripper-PRO-WRX90-T140-XL,trial_0071_lr=3.0e-03_weight_decay=1.0e-04_kernel_sizes=7x3_conv_channels=256x256_fc_dims=512x256_seed1,completed,19aa8e6503,trial_0071_lr=3.0e-03_weight_decay=1.0e-04_kernel_sizes=7x3_conv_channels=256x256_fc_dims=512x256_seed1
0.1953864614168803,0.12086690282488675,16,0.19644152045249938,0.10646494990527612,413247,2400,600,1000,19,2.7,cuda,0,3.5,0,user-Puget-Workstation-Threadripper-PRO-WRX90-T140-XL,trial_0072_lr=3.0e-04_weight_decay=0_kernel_sizes=5x3_conv_channels=256x256_fc_dims=512_seed0,completed,49d03488d6,trial_0072_lr=3.0e-04_weight_decay=0_kernel_sizes=5x3_conv_channels=256x256_fc_dims=512_seed0
0.19584271053473154,0.12282570617172948,16,0.19625670564174652,0.10828976689174814,413247,2400,600,1000,19,2.7,cuda,1,3.5,1,user-Puget-Workstation-Threadripper-PRO-WRX90-T140-XL,trial_0072_lr=3.0e-04_weight_decay=0_kernel_sizes=5x3_conv_channels=256x256_fc_dims=512_seed1,completed,49d03488d6,trial_0072_lr=3.0e-04_weight_decay=0_kernel_sizes=5x3_conv_channels=256x256_fc_dims=512_seed1
0.19526415288448334,0.12103848391637313,16,0.19631385397911072,0.10667980710154945,413247,2400,600,1000,19,2.9,cuda,0,3.6,0,user-Puget-Workstation-Threadripper-PRO-WRX90-T140-XL,trial_0073_lr=3.0e-04_weight_decay=1.0e-05_kernel_sizes=5x3_conv_channels=256x256_fc_dims=512_seed0,completed,624150e837,trial_0073_lr=3.0e-04_weight_decay=1.0e-05_kernel_sizes=5x3_conv_channels=256x256_fc_dims=512_seed0
0.19575903236865996,0.12297566889804964,16,0.19616923069953918,0.10849462806747104,413247,2400,600,1000,19,2.7,cuda,1,3.5,1,user-Puget-Workstation-Threadripper-PRO-WRX90-T140-XL,trial_0073_lr=3.0e-04_weight_decay=1.0e-05_kernel_sizes=5x3_conv_channels=256x256_fc_dims=512_seed1,completed,624150e837,trial_0073_lr=3.0e-04_weight_decay=1.0e-05_kernel_sizes=5x3_conv_channels=256x256_fc_dims=512_seed1
0.1947287940979004,0.12241172979720936,16,0.1957834359407425,0.1080480424969399,413247,2400,600,1000,19,2.8,cuda,0,3.6,0,user-Puget-Workstation-Threadripper-PRO-WRX90-T140-XL,trial_0074_lr=3.0e-04_weight_decay=1.0e-04_kernel_sizes=5x3_conv_channels=256x256_fc_dims=512_seed0,completed,b1b78bd77b,trial_0074_lr=3.0e-04_weight_decay=1.0e-04_kernel_sizes=5x3_conv_channels=256x256_fc_dims=512_seed0
0.1953406697511673,0.1242672524888975,16,0.1957534589767456,0.10989994367040794,413247,2400,600,1000,19,2.6,cuda,1,3.4,1,user-Puget-Workstation-Threadripper-PRO-WRX90-T140-XL,trial_0074_lr=3.0e-04_weight_decay=1.0e-04_kernel_sizes=5x3_conv_channels=256x256_fc_dims=512_seed1,completed,b1b78bd77b,trial_0074_lr=3.0e-04_weight_decay=1.0e-04_kernel_sizes=5x3_conv_channels=256x256_fc_dims=512_seed1
0.1750196760892868,0.22509633760151615,50,0.1800090092420578,0.19462814112901003,413247,2400,600,1000,50,6.1,cuda,0,6.9,0,user-Puget-Workstation-Threadripper-PRO-WRX90-T140-XL,trial_0075_lr=1.0e-03_weight_decay=0_kernel_sizes=5x3_conv_channels=256x256_fc_dims=512_seed0,completed,a3187f805b,trial_0075_lr=1.0e-03_weight_decay=0_kernel_sizes=5x3_conv_channels=256x256_fc_dims=512_seed0
0.1752144690354665,0.22843870439983002,50,0.17922931885719298,0.1999627512731463,413247,2400,600,1000,50,6.0,cuda,1,6.7,1,user-Puget-Workstation-Threadripper-PRO-WRX90-T140-XL,trial_0075_lr=1.0e-03_weight_decay=0_kernel_sizes=5x3_conv_channels=256x256_fc_dims=512_seed1,completed,a3187f805b,trial_0075_lr=1.0e-03_weight_decay=0_kernel_sizes=5x3_conv_channels=256x256_fc_dims=512_seed1
0.17418623407681783,0.22690559597270607,49,0.17926954209804535,0.19627753358936637,413247,2400,600,1000,50,6.2,cuda,0,7.0,0,user-Puget-Workstation-Threadripper-PRO-WRX90-T140-XL,trial_0076_lr=1.0e-03_weight_decay=1.0e-05_kernel_sizes=5x3_conv_channels=256x256_fc_dims=512_seed0,completed,424ab62f0b,trial_0076_lr=1.0e-03_weight_decay=1.0e-05_kernel_sizes=5x3_conv_channels=256x256_fc_dims=512_seed0
0.1744643932580948,0.23138495108139887,50,0.17861027491092682,0.20259650935201873,413247,2400,600,1000,50,6.0,cuda,1,6.8,1,user-Puget-Workstation-Threadripper-PRO-WRX90-T140-XL,trial_0076_lr=1.0e-03_weight_decay=1.0e-05_kernel_sizes=5x3_conv_channels=256x256_fc_dims=512_seed1,completed,424ab62f0b,trial_0076_lr=1.0e-03_weight_decay=1.0e-05_kernel_sizes=5x3_conv_channels=256x256_fc_dims=512_seed1
0.17510948459307352,0.21774278224694082,37,0.17960367155075074,0.19017792452601326,413247,2400,600,1000,40,5.1,cuda,0,6.0,0,user-Puget-Workstation-Threadripper-PRO-WRX90-T140-XL,trial_0077_lr=1.0e-03_weight_decay=1.0e-04_kernel_sizes=5x3_conv_channels=256x256_fc_dims=512_seed0,completed,fabc5df96c,trial_0077_lr=1.0e-03_weight_decay=1.0e-04_kernel_sizes=5x3_conv_channels=256x256_fc_dims=512_seed0
0.1708778198560079,0.24738947360193952,50,0.17545137596130372,0.2162271278130135,413247,2400,600,1000,50,6.0,cuda,1,6.8,1,user-Puget-Workstation-Threadripper-PRO-WRX90-T140-XL,trial_0077_lr=1.0e-03_weight_decay=1.0e-04_kernel_sizes=5x3_conv_channels=256x256_fc_dims=512_seed1,completed,fabc5df96c,trial_0077_lr=1.0e-03_weight_decay=1.0e-04_kernel_sizes=5x3_conv_channels=256x256_fc_dims=512_seed1
0.16839776714642843,0.2593029653285163,50,0.17511957514286042,0.22329702047103472,413247,2400,600,1000,50,6.3,cuda,0,7.1,0,user-Puget-Workstation-Threadripper-PRO-WRX90-T140-XL,trial_0078_lr=3.0e-03_weight_decay=0_kernel_sizes=5x3_conv_channels=256x256_fc_dims=512_seed0,completed,a7a3d27128,trial_0078_lr=3.0e-03_weight_decay=0_kernel_sizes=5x3_conv_channels=256x256_fc_dims=512_seed0
0.1688323547442754,0.26018622535021746,49,0.17464820253849028,0.226203703573283,413247,2400,600,1000,50,6.0,cuda,1,6.8,1,user-Puget-Workstation-Threadripper-PRO-WRX90-T140-XL,trial_0078_lr=3.0e-03_weight_decay=0_kernel_sizes=5x3_conv_channels=256x256_fc_dims=512_seed1,completed,a7a3d27128,trial_0078_lr=3.0e-03_weight_decay=0_kernel_sizes=5x3_conv_channels=256x256_fc_dims=512_seed1
0.1669551799694697,0.26482056935127557,50,0.1741565808057785,0.22754786519305173,413247,2400,600,1000,50,6.3,cuda,0,7.1,0,user-Puget-Workstation-Threadripper-PRO-WRX90-T140-XL,trial_0079_lr=3.0e-03_weight_decay=1.0e-05_kernel_sizes=5x3_conv_channels=256x256_fc_dims=512_seed0,completed,8e6e72e5f1,trial_0079_lr=3.0e-03_weight_decay=1.0e-05_kernel_sizes=5x3_conv_channels=256x256_fc_dims=512_seed0
0.16792118191719055,0.2650941030745124,49,0.1738733731508255,0.2316245327650147,413247,2400,600,1000,50,6.1,cuda,1,6.9,1,user-Puget-Workstation-Threadripper-PRO-WRX90-T140-XL,trial_0079_lr=3.0e-03_weight_decay=1.0e-05_kernel_sizes=5x3_conv_channels=256x256_fc_dims=512_seed1,completed,8e6e72e5f1,trial_0079_lr=3.0e-03_weight_decay=1.0e-05_kernel_sizes=5x3_conv_channels=256x256_fc_dims=512_seed1
0.16668079992135365,0.2647553120284199,49,0.17311680746078492,0.23049209497670664,413247,2400,600,1000,50,6.2,cuda,0,7.0,0,user-Puget-Workstation-Threadripper-PRO-WRX90-T140-XL,trial_0080_lr=3.0e-03_weight_decay=1.0e-04_kernel_sizes=5x3_conv_channels=256x256_fc_dims=512_seed0,completed,90137af5e1,trial_0080_lr=3.0e-03_weight_decay=1.0e-04_kernel_sizes=5x3_conv_channels=256x256_fc_dims=512_seed0
0.16757304807504017,0.2656570281240178,47,0.17352255034446717,0.2298768620012121,413247,2400,600,1000,50,6.1,cuda,1,6.9,1,user-Puget-Workstation-Threadripper-PRO-WRX90-T140-XL,trial_0080_lr=3.0e-03_weight_decay=1.0e-04_kernel_sizes=5x3_conv_channels=256x256_fc_dims=512_seed1,completed,90137af5e1,trial_0080_lr=3.0e-03_weight_decay=1.0e-04_kernel_sizes=5x3_conv_channels=256x256_fc_dims=512_seed1
0.19613871375719708,0.10368123696549124,13,0.1967582241296768,0.08979138544784818,528447,2400,600,1000,16,2.5,cuda,0,3.4,0,user-Puget-Workstation-Threadripper-PRO-WRX90-T140-XL,trial_0081_lr=3.0e-04_weight_decay=0_kernel_sizes=5x3_conv_channels=256x256_fc_dims=512x256_seed0,completed,756c2c7869,trial_0081_lr=3.0e-04_weight_decay=0_kernel_sizes=5x3_conv_channels=256x256_fc_dims=512x256_seed0
0.19670435031255087,0.10995135314515354,14,0.19669013500213622,0.0964685475073789,528447,2400,600,1000,17,2.5,cuda,1,3.4,1,user-Puget-Workstation-Threadripper-PRO-WRX90-T140-XL,trial_0081_lr=3.0e-04_weight_decay=0_kernel_sizes=5x3_conv_channels=256x256_fc_dims=512x256_seed1,completed,756c2c7869,trial_0081_lr=3.0e-04_weight_decay=0_kernel_sizes=5x3_conv_channels=256x256_fc_dims=512x256_seed1
0.19601362625757854,0.103776641245525,13,0.19662076210975646,0.08989026838277633,528447,2400,600,1000,16,2.5,cuda,0,3.3,0,user-Puget-Workstation-Threadripper-PRO-WRX90-T140-XL,trial_0082_lr=3.0e-04_weight_decay=1.0e-05_kernel_sizes=5x3_conv_channels=256x256_fc_dims=512x256_seed0,completed,7131672d83,trial_0082_lr=3.0e-04_weight_decay=1.0e-05_kernel_sizes=5x3_conv_channels=256x256_fc_dims=512x256_seed0
0.1967043219010035,0.11000658540562429,14,0.1966901159286499,0.09659659739898319,528447,2400,600,1000,17,2.6,cuda,1,3.4,1,user-Puget-Workstation-Threadripper-PRO-WRX90-T140-XL,trial_0082_lr=3.0e-04_weight_decay=1.0e-05_kernel_sizes=5x3_conv_channels=256x256_fc_dims=512x256_seed1,completed,7131672d83,trial_0082_lr=3.0e-04_weight_decay=1.0e-05_kernel_sizes=5x3_conv_channels=256x256_fc_dims=512x256_seed1
0.19548861801624298,0.10463199660846452,13,0.19605504477024077,0.09065511759184983,528447,2400,600,1000,16,2.5,cuda,0,3.3,0,user-Puget-Workstation-Threadripper-PRO-WRX90-T140-XL,trial_0083_lr=3.0e-04_weight_decay=1.0e-04_kernel_sizes=5x3_conv_channels=256x256_fc_dims=512x256_seed0,completed,db076f54ca,trial_0083_lr=3.0e-04_weight_decay=1.0e-04_kernel_sizes=5x3_conv_channels=256x256_fc_dims=512x256_seed0
0.1959592507282893,0.10888042522994792,13,0.19576016318798065,0.09572066782152343,528447,2400,600,1000,16,2.4,cuda,1,3.2,1,user-Puget-Workstation-Threadripper-PRO-WRX90-T140-XL,trial_0083_lr=3.0e-04_weight_decay=1.0e-04_kernel_sizes=5x3_conv_channels=256x256_fc_dims=512x256_seed1,completed,db076f54ca,trial_0083_lr=3.0e-04_weight_decay=1.0e-04_kernel_sizes=5x3_conv_channels=256x256_fc_dims=512x256_seed1
0.19326658288637796,0.11477580980022052,10,0.19398891401290894,0.10108642642875092,528447,2400,600,1000,13,2.1,cuda,0,2.9,0,user-Puget-Workstation-Threadripper-PRO-WRX90-T140-XL,trial_0084_lr=1.0e-03_weight_decay=0_kernel_sizes=5x3_conv_channels=256x256_fc_dims=512x256_seed0,completed,c7c36a3cae,trial_0084_lr=1.0e-03_weight_decay=0_kernel_sizes=5x3_conv_channels=256x256_fc_dims=512x256_seed0
0.19423276603221892,0.11364459468446601,9,0.1943477828502655,0.09958586819876347,528447,2400,600,1000,12,2.0,cuda,1,2.8,1,user-Puget-Workstation-Threadripper-PRO-WRX90-T140-XL,trial_0084_lr=1.0e-03_weight_decay=0_kernel_sizes=5x3_conv_channels=256x256_fc_dims=512x256_seed1,completed,c7c36a3cae,trial_0084_lr=1.0e-03_weight_decay=0_kernel_sizes=5x3_conv_channels=256x256_fc_dims=512x256_seed1
0.19325935781002046,0.11485445499963007,10,0.1939910546541214,0.10117059008966665,528447,2400,600,1000,13,2.1,cuda,0,2.9,0,user-Puget-Workstation-Threadripper-PRO-WRX90-T140-XL,trial_0085_lr=1.0e-03_weight_decay=1.0e-05_kernel_sizes=5x3_conv_channels=256x256_fc_dims=512x256_seed0,completed,4ad945b6c3,trial_0085_lr=1.0e-03_weight_decay=1.0e-05_kernel_sizes=5x3_conv_channels=256x256_fc_dims=512x256_seed0
0.19423751592636107,0.11362961479369574,9,0.19435193789005278,0.09969732930595965,528447,2400,600,1000,12,2.0,cuda,1,2.7,1,user-Puget-Workstation-Threadripper-PRO-WRX90-T140-XL,trial_0085_lr=1.0e-03_weight_decay=1.0e-05_kernel_sizes=5x3_conv_channels=256x256_fc_dims=512x256_seed1,completed,4ad945b6c3,trial_0085_lr=1.0e-03_weight_decay=1.0e-05_kernel_sizes=5x3_conv_channels=256x256_fc_dims=512x256_seed1
0.19311486363410948,0.11472415212029191,10,0.1937606256008148,0.10232847628029086,528447,2400,600,1000,13,2.1,cuda,0,2.9,0,user-Puget-Workstation-Threadripper-PRO-WRX90-T140-XL,trial_0086_lr=1.0e-03_weight_decay=1.0e-04_kernel_sizes=5x3_conv_channels=256x256_fc_dims=512x256_seed0,completed,c66723f010,trial_0086_lr=1.0e-03_weight_decay=1.0e-04_kernel_sizes=5x3_conv_channels=256x256_fc_dims=512x256_seed0
0.1852488229672114,0.16778610634837773,32,0.18722203421592712,0.1477543794815645,528447,2400,600,1000,35,4.6,cuda,1,5.5,1,user-Puget-Workstation-Threadripper-PRO-WRX90-T140-XL,trial_0086_lr=1.0e-03_weight_decay=1.0e-04_kernel_sizes=5x3_conv_channels=256x256_fc_dims=512x256_seed1,completed,c66723f010,trial_0086_lr=1.0e-03_weight_decay=1.0e-04_kernel_sizes=5x3_conv_channels=256x256_fc_dims=512x256_seed1
0.17447380204995475,0.2274085445313008,50,0.18038138389587402,0.1961887642559787,528447,2400,600,1000,50,6.3,cuda,0,7.2,0,user-Puget-Workstation-Threadripper-PRO-WRX90-T140-XL,trial_0087_lr=3.0e-03_weight_decay=0_kernel_sizes=5x3_conv_channels=256x256_fc_dims=512x256_seed0,completed,e84ea56980,trial_0087_lr=3.0e-03_weight_decay=0_kernel_sizes=5x3_conv_channels=256x256_fc_dims=512x256_seed0
0.1751041696468989,0.22549376289339865,50,0.1796732997894287,0.19663914309907674,528447,2400,600,1000,50,6.3,cuda,1,7.2,1,user-Puget-Workstation-Threadripper-PRO-WRX90-T140-XL,trial_0087_lr=3.0e-03_weight_decay=0_kernel_sizes=5x3_conv_channels=256x256_fc_dims=512x256_seed1,completed,e84ea56980,trial_0087_lr=3.0e-03_weight_decay=0_kernel_sizes=5x3_conv_channels=256x256_fc_dims=512x256_seed1
0.17191272656122844,0.23561377876115272,50,0.17831514370441437,0.20383474450974753,528447,2400,600,1000,50,6.4,cuda,0,7.2,0,user-Puget-Workstation-Threadripper-PRO-WRX90-T140-XL,trial_0088_lr=3.0e-03_weight_decay=1.0e-05_kernel_sizes=5x3_conv_channels=256x256_fc_dims=512x256_seed0,completed,79f74f6fed,trial_0088_lr=3.0e-03_weight_decay=1.0e-05_kernel_sizes=5x3_conv_channels=256x256_fc_dims=512x256_seed0
0.17337802171707153,0.23227990039864022,50,0.17841424477100373,0.2020792040504241,528447,2400,600,1000,50,6.3,cuda,1,7.1,1,user-Puget-Workstation-Threadripper-PRO-WRX90-T140-XL,trial_0088_lr=3.0e-03_weight_decay=1.0e-05_kernel_sizes=5x3_conv_channels=256x256_fc_dims=512x256_seed1,completed,79f74f6fed,trial_0088_lr=3.0e-03_weight_decay=1.0e-05_kernel_sizes=5x3_conv_channels=256x256_fc_dims=512x256_seed1
0.17113900065422058,0.23833133800588052,48,0.1778038226366043,0.20392238534803345,528447,2400,600,1000,50,6.4,cuda,0,7.3,0,user-Puget-Workstation-Threadripper-PRO-WRX90-T140-XL,trial_0089_lr=3.0e-03_weight_decay=1.0e-04_kernel_sizes=5x3_conv_channels=256x256_fc_dims=512x256_seed0,completed,85d010519e,trial_0089_lr=3.0e-03_weight_decay=1.0e-04_kernel_sizes=5x3_conv_channels=256x256_fc_dims=512x256_seed0
0.1896933424472809,0.13898477036824247,13,0.19055659782886505,0.11985208829251283,528447,2400,600,1000,16,2.4,cuda,1,3.2,1,user-Puget-Workstation-Threadripper-PRO-WRX90-T140-XL,trial_0089_lr=3.0e-03_weight_decay=1.0e-04_kernel_sizes=5x3_conv_channels=256x256_fc_dims=512x256_seed1,completed,85d010519e,trial_0089_lr=3.0e-03_weight_decay=1.0e-04_kernel_sizes=5x3_conv_channels=256x256_fc_dims=512x256_seed1
0.1936218265692393,0.12491088107639932,16,0.19477002036571503,0.1080647936330139,392767,2400,600,1000,19,2.9,cuda,0,3.8,0,user-Puget-Workstation-Threadripper-PRO-WRX90-T140-XL,trial_0090_lr=3.0e-04_weight_decay=0_kernel_sizes=3x3_conv_channels=256x256_fc_dims=512_seed0,completed,4fd97c05e0,trial_0090_lr=3.0e-04_weight_decay=0_kernel_sizes=3x3_conv_channels=256x256_fc_dims=512_seed0
0.1940913466612498,0.12881225885653166,16,0.19448507463932038,0.11222161153407115,392767,2400,600,1000,19,2.7,cuda,1,3.6,1,user-Puget-Workstation-Threadripper-PRO-WRX90-T140-XL,trial_0090_lr=3.0e-04_weight_decay=0_kernel_sizes=3x3_conv_channels=256x256_fc_dims=512_seed1,completed,4fd97c05e0,trial_0090_lr=3.0e-04_weight_decay=0_kernel_sizes=3x3_conv_channels=256x256_fc_dims=512_seed1
0.1935553828875224,0.12496939898255967,16,0.19470342755317688,0.10819461258165673,392767,2400,600,1000,19,2.7,cuda,0,3.7,0,user-Puget-Workstation-Threadripper-PRO-WRX90-T140-XL,trial_0091_lr=3.0e-04_weight_decay=1.0e-05_kernel_sizes=3x3_conv_channels=256x256_fc_dims=512_seed0,completed,9fcc3f2383,trial_0091_lr=3.0e-04_weight_decay=1.0e-05_kernel_sizes=3x3_conv_channels=256x256_fc_dims=512_seed0
0.19404444734255472,0.12893859122328918,16,0.19444211423397065,0.11235607745179851,392767,2400,600,1000,19,2.7,cuda,1,3.5,1,user-Puget-Workstation-Threadripper-PRO-WRX90-T140-XL,trial_0091_lr=3.0e-04_weight_decay=1.0e-05_kernel_sizes=3x3_conv_channels=256x256_fc_dims=512_seed1,completed,9fcc3f2383,trial_0091_lr=3.0e-04_weight_decay=1.0e-05_kernel_sizes=3x3_conv_channels=256x256_fc_dims=512_seed1
0.19312582512696583,0.12552586745776095,16,0.19427931642532348,0.10911717778613873,392767,2400,600,1000,19,2.7,cuda,0,3.5,0,user-Puget-Workstation-Threadripper-PRO-WRX90-T140-XL,trial_0092_lr=3.0e-04_weight_decay=1.0e-04_kernel_sizes=3x3_conv_channels=256x256_fc_dims=512_seed0,completed,f4859b75e4,trial_0092_lr=3.0e-04_weight_decay=1.0e-04_kernel_sizes=3x3_conv_channels=256x256_fc_dims=512_seed0
0.19366106669108074,0.12957329977767898,16,0.19404927921295165,0.11334201101826863,392767,2400,600,1000,19,2.7,cuda,1,3.5,1,user-Puget-Workstation-Threadripper-PRO-WRX90-T140-XL,trial_0092_lr=3.0e-04_weight_decay=1.0e-04_kernel_sizes=3x3_conv_channels=256x256_fc_dims=512_seed1,completed,f4859b75e4,trial_0092_lr=3.0e-04_weight_decay=1.0e-04_kernel_sizes=3x3_conv_channels=256x256_fc_dims=512_seed1
0.17409189621607463,0.23152378482961186,50,0.17897506713867187,0.20209993734917203,392767,2400,600,1000,50,6.1,cuda,0,6.8,0,user-Puget-Workstation-Threadripper-PRO-WRX90-T140-XL,trial_0093_lr=1.0e-03_weight_decay=0_kernel_sizes=3x3_conv_channels=256x256_fc_dims=512_seed0,completed,bb99c6514a,trial_0093_lr=1.0e-03_weight_decay=0_kernel_sizes=3x3_conv_channels=256x256_fc_dims=512_seed0
0.17493244767189026,0.2313292683994,50,0.17899293577671052,0.2022818377437662,392767,2400,600,1000,50,6.2,cuda,1,7.0,1,user-Puget-Workstation-Threadripper-PRO-WRX90-T140-XL,trial_0093_lr=1.0e-03_weight_decay=0_kernel_sizes=3x3_conv_channels=256x256_fc_dims=512_seed1,completed,bb99c6514a,trial_0093_lr=1.0e-03_weight_decay=0_kernel_sizes=3x3_conv_channels=256x256_fc_dims=512_seed1
0.17360494375228883,0.23230041319860648,49,0.17848241353034974,0.2028835319323251,392767,2400,600,1000,50,6.2,cuda,0,7.0,0,user-Puget-Workstation-Threadripper-PRO-WRX90-T140-XL,trial_0094_lr=1.0e-03_weight_decay=1.0e-05_kernel_sizes=3x3_conv_channels=256x256_fc_dims=512_seed0,completed,605c836b2c,trial_0094_lr=1.0e-03_weight_decay=1.0e-05_kernel_sizes=3x3_conv_channels=256x256_fc_dims=512_seed0
0.17358209311962128,0.23573388632814063,50,0.17780023515224458,0.20578272696284985,392767,2400,600,1000,50,6.1,cuda,1,6.9,1,user-Puget-Workstation-Threadripper-PRO-WRX90-T140-XL,trial_0094_lr=1.0e-03_weight_decay=1.0e-05_kernel_sizes=3x3_conv_channels=256x256_fc_dims=512_seed1,completed,605c836b2c,trial_0094_lr=1.0e-03_weight_decay=1.0e-05_kernel_sizes=3x3_conv_channels=256x256_fc_dims=512_seed1
0.17027719020843507,0.2473363212666464,50,0.17552356493473054,0.21665930450141554,392767,2400,600,1000,50,6.1,cuda,0,6.9,0,user-Puget-Workstation-Threadripper-PRO-WRX90-T140-XL,trial_0095_lr=1.0e-03_weight_decay=1.0e-04_kernel_sizes=3x3_conv_channels=256x256_fc_dims=512_seed0,completed,cba364645f,trial_0095_lr=1.0e-03_weight_decay=1.0e-04_kernel_sizes=3x3_conv_channels=256x256_fc_dims=512_seed0
0.17228851974010467,0.23976750337889674,44,0.1767445683479309,0.20833645661551273,392767,2400,600,1000,47,5.8,cuda,1,6.6,1,user-Puget-Workstation-Threadripper-PRO-WRX90-T140-XL,trial_0095_lr=1.0e-03_weight_decay=1.0e-04_kernel_sizes=3x3_conv_channels=256x256_fc_dims=512_seed1,completed,cba364645f,trial_0095_lr=1.0e-03_weight_decay=1.0e-04_kernel_sizes=3x3_conv_channels=256x256_fc_dims=512_seed1
0.16742396314938862,0.26340157654615604,50,0.1737774587869644,0.22999855308011372,392767,2400,600,1000,50,6.1,cuda,0,6.9,0,user-Puget-Workstation-Threadripper-PRO-WRX90-T140-XL,trial_0096_lr=3.0e-03_weight_decay=0_kernel_sizes=3x3_conv_channels=256x256_fc_dims=512_seed0,completed,ec981b2ba1,trial_0096_lr=3.0e-03_weight_decay=0_kernel_sizes=3x3_conv_channels=256x256_fc_dims=512_seed0
0.1681909773747126,0.26681712965730064,50,0.17422687804698944,0.23040190982836314,392767,2400,600,1000,50,6.1,cuda,1,6.9,1,user-Puget-Workstation-Threadripper-PRO-WRX90-T140-XL,trial_0096_lr=3.0e-03_weight_decay=0_kernel_sizes=3x3_conv_channels=256x256_fc_dims=512_seed1,completed,ec981b2ba1,trial_0096_lr=3.0e-03_weight_decay=0_kernel_sizes=3x3_conv_channels=256x256_fc_dims=512_seed1
0.16678922851880393,0.26597612288575156,49,0.17332521986961363,0.2319746125460245,392767,2400,600,1000,50,6.1,cuda,0,6.9,0,user-Puget-Workstation-Threadripper-PRO-WRX90-T140-XL,trial_0097_lr=3.0e-03_weight_decay=1.0e-05_kernel_sizes=3x3_conv_channels=256x256_fc_dims=512_seed0,completed,a8870c904c,trial_0097_lr=3.0e-03_weight_decay=1.0e-05_kernel_sizes=3x3_conv_channels=256x256_fc_dims=512_seed0
0.1672416075070699,0.26876433644131575,48,0.17330477094650268,0.23201280503570026,392767,2400,600,1000,50,6.1,cuda,1,6.9,1,user-Puget-Workstation-Threadripper-PRO-WRX90-T140-XL,trial_0097_lr=3.0e-03_weight_decay=1.0e-05_kernel_sizes=3x3_conv_channels=256x256_fc_dims=512_seed1,completed,a8870c904c,trial_0097_lr=3.0e-03_weight_decay=1.0e-05_kernel_sizes=3x3_conv_channels=256x256_fc_dims=512_seed1
0.18639709492524464,0.1536794794161511,11,0.18871667957305907,0.1306975394780831,392767,2400,600,1000,14,2.1,cuda,0,2.9,0,user-Puget-Workstation-Threadripper-PRO-WRX90-T140-XL,trial_0098_lr=3.0e-03_weight_decay=1.0e-04_kernel_sizes=3x3_conv_channels=256x256_fc_dims=512_seed0,completed,0d2fd138fc,trial_0098_lr=3.0e-03_weight_decay=1.0e-04_kernel_sizes=3x3_conv_channels=256x256_fc_dims=512_seed0
0.1670625787973404,0.26983809441633416,50,0.17274185252189636,0.2355275066156206,392767,2400,600,1000,50,6.0,cuda,1,6.8,1,user-Puget-Workstation-Threadripper-PRO-WRX90-T140-XL,trial_0098_lr=3.0e-03_weight_decay=1.0e-04_kernel_sizes=3x3_conv_channels=256x256_fc_dims=512_seed1,completed,0d2fd138fc,trial_0098_lr=3.0e-03_weight_decay=1.0e-04_kernel_sizes=3x3_conv_channels=256x256_fc_dims=512_seed1
0.19448784748713174,0.1092360146373042,14,0.19516897201538086,0.0971975426620638,507967,2400,600,1000,17,2.6,cuda,0,3.3,0,user-Puget-Workstation-Threadripper-PRO-WRX90-T140-XL,trial_0099_lr=3.0e-04_weight_decay=0_kernel_sizes=3x3_conv_channels=256x256_fc_dims=512x256_seed0,completed,0dfaaedf28,trial_0099_lr=3.0e-04_weight_decay=0_kernel_sizes=3x3_conv_channels=256x256_fc_dims=512x256_seed0
0.19425068616867067,0.11724968191948189,14,0.19442415237426758,0.10306365046810821,507967,2400,600,1000,17,2.5,cuda,1,3.3,1,user-Puget-Workstation-Threadripper-PRO-WRX90-T140-XL,trial_0099_lr=3.0e-04_weight_decay=0_kernel_sizes=3x3_conv_channels=256x256_fc_dims=512x256_seed1,completed,0dfaaedf28,trial_0099_lr=3.0e-04_weight_decay=0_kernel_sizes=3x3_conv_channels=256x256_fc_dims=512x256_seed1
0.19443940957387287,0.10925154983711302,14,0.19511795687675476,0.09728376495620572,507967,2400,600,1000,17,2.6,cuda,0,3.4,0,user-Puget-Workstation-Threadripper-PRO-WRX90-T140-XL,trial_0100_lr=3.0e-04_weight_decay=1.0e-05_kernel_sizes=3x3_conv_channels=256x256_fc_dims=512x256_seed0,completed,a8b187b0bf,trial_0100_lr=3.0e-04_weight_decay=1.0e-05_kernel_sizes=3x3_conv_channels=256x256_fc_dims=512x256_seed0
0.1942321107784907,0.11731538585523833,14,0.1944011342525482,0.10318102284654009,507967,2400,600,1000,17,2.6,cuda,1,3.3,1,user-Puget-Workstation-Threadripper-PRO-WRX90-T140-XL,trial_0100_lr=3.0e-04_weight_decay=1.0e-05_kernel_sizes=3x3_conv_channels=256x256_fc_dims=512x256_seed1,completed,a8b187b0bf,trial_0100_lr=3.0e-04_weight_decay=1.0e-05_kernel_sizes=3x3_conv_channels=256x256_fc_dims=512x256_seed1
0.1942539765437444,0.10941302401002574,14,0.19492816984653472,0.09781661768697228,507967,2400,600,1000,17,2.5,cuda,0,3.3,0,user-Puget-Workstation-Threadripper-PRO-WRX90-T140-XL,trial_0101_lr=3.0e-04_weight_decay=1.0e-04_kernel_sizes=3x3_conv_channels=256x256_fc_dims=512x256_seed0,completed,c8d43d344b,trial_0101_lr=3.0e-04_weight_decay=1.0e-04_kernel_sizes=3x3_conv_channels=256x256_fc_dims=512x256_seed0
0.19410565316677095,0.11578020826094307,13,0.1942190763950348,0.10155388916078999,507967,2400,600,1000,16,2.4,cuda,1,3.2,1,user-Puget-Workstation-Threadripper-PRO-WRX90-T140-XL,trial_0101_lr=3.0e-04_weight_decay=1.0e-04_kernel_sizes=3x3_conv_channels=256x256_fc_dims=512x256_seed1,completed,c8d43d344b,trial_0101_lr=3.0e-04_weight_decay=1.0e-04_kernel_sizes=3x3_conv_channels=256x256_fc_dims=512x256_seed1
0.19275607645511628,0.11545463806248132,10,0.19408319807052613,0.0996294143834164,507967,2400,600,1000,13,2.1,cuda,0,2.9,0,user-Puget-Workstation-Threadripper-PRO-WRX90-T140-XL,trial_0102_lr=1.0e-03_weight_decay=0_kernel_sizes=3x3_conv_channels=256x256_fc_dims=512x256_seed0,completed,59aa2ad25c,trial_0102_lr=1.0e-03_weight_decay=0_kernel_sizes=3x3_conv_channels=256x256_fc_dims=512x256_seed0
0.1931314331293106,0.12118198694825523,10,0.19399024856090546,0.104863788245254,507967,2400,600,1000,13,2.1,cuda,1,2.9,1,user-Puget-Workstation-Threadripper-PRO-WRX90-T140-XL,trial_0102_lr=1.0e-03_weight_decay=0_kernel_sizes=3x3_conv_channels=256x256_fc_dims=512x256_seed1,completed,59aa2ad25c,trial_0102_lr=1.0e-03_weight_decay=0_kernel_sizes=3x3_conv_channels=256x256_fc_dims=512x256_seed1
0.19278377056121826,0.1153720196402801,10,0.19409212112426757,0.09973310202282386,507967,2400,600,1000,13,2.1,cuda,0,2.9,0,user-Puget-Workstation-Threadripper-PRO-WRX90-T140-XL,trial_0103_lr=1.0e-03_weight_decay=1.0e-05_kernel_sizes=3x3_conv_channels=256x256_fc_dims=512x256_seed0,completed,871193780b,trial_0103_lr=1.0e-03_weight_decay=1.0e-05_kernel_sizes=3x3_conv_channels=256x256_fc_dims=512x256_seed0
0.19312471052010854,0.1210602758460585,10,0.1939728124141693,0.10490029040367632,507967,2400,600,1000,13,2.1,cuda,1,2.9,1,user-Puget-Workstation-Threadripper-PRO-WRX90-T140-XL,trial_0103_lr=1.0e-03_weight_decay=1.0e-05_kernel_sizes=3x3_conv_channels=256x256_fc_dims=512x256_seed1,completed,871193780b,trial_0103_lr=1.0e-03_weight_decay=1.0e-05_kernel_sizes=3x3_conv_channels=256x256_fc_dims=512x256_seed1
0.17952667156855265,0.19012924238751144,42,0.1833267024755478,0.1666008397633321,507967,2400,600,1000,45,5.8,cuda,0,6.6,0,user-Puget-Workstation-Threadripper-PRO-WRX90-T140-XL,trial_0104_lr=1.0e-03_weight_decay=1.0e-04_kernel_sizes=3x3_conv_channels=256x256_fc_dims=512x256_seed0,completed,5f992f3eeb,trial_0104_lr=1.0e-03_weight_decay=1.0e-04_kernel_sizes=3x3_conv_channels=256x256_fc_dims=512x256_seed0
0.18383078813552856,0.17435867155813223,34,0.18627654027938842,0.15242551122636624,507967,2400,600,1000,37,4.8,cuda,1,5.6,1,user-Puget-Workstation-Threadripper-PRO-WRX90-T140-XL,trial_0104_lr=1.0e-03_weight_decay=1.0e-04_kernel_sizes=3x3_conv_channels=256x256_fc_dims=512x256_seed1,completed,5f992f3eeb,trial_0104_lr=1.0e-03_weight_decay=1.0e-04_kernel_sizes=3x3_conv_channels=256x256_fc_dims=512x256_seed1
0.1791740518808365,0.19772372803774968,34,0.18309600710868834,0.1733240545617908,507967,2400,600,1000,37,4.8,cuda,0,5.7,0,user-Puget-Workstation-Threadripper-PRO-WRX90-T140-XL,trial_0105_lr=3.0e-03_weight_decay=0_kernel_sizes=3x3_conv_channels=256x256_fc_dims=512x256_seed0,completed,3524e502c0,trial_0105_lr=3.0e-03_weight_decay=0_kernel_sizes=3x3_conv_channels=256x256_fc_dims=512x256_seed0
0.17638771136601766,0.21389683331707351,43,0.18080034458637237,0.18575454780985468,507967,2400,600,1000,46,5.8,cuda,1,6.6,1,user-Puget-Workstation-Threadripper-PRO-WRX90-T140-XL,trial_0105_lr=3.0e-03_weight_decay=0_kernel_sizes=3x3_conv_channels=256x256_fc_dims=512x256_seed1,completed,3524e502c0,trial_0105_lr=3.0e-03_weight_decay=0_kernel_sizes=3x3_conv_channels=256x256_fc_dims=512x256_seed1
0.17201996544996898,0.2321239376874539,50,0.17790243327617644,0.20176084703844782,507967,2400,600,1000,50,6.3,cuda,0,7.1,0,user-Puget-Workstation-Threadripper-PRO-WRX90-T140-XL,trial_0106_lr=3.0e-03_weight_decay=1.0e-05_kernel_sizes=3x3_conv_channels=256x256_fc_dims=512x256_seed0,completed,97bd39360e,trial_0106_lr=3.0e-03_weight_decay=1.0e-05_kernel_sizes=3x3_conv_channels=256x256_fc_dims=512x256_seed0
0.17876471718152365,0.19922719577354836,33,0.18228799426555634,0.1739424173754292,507967,2400,600,1000,36,4.7,cuda,1,5.5,1,user-Puget-Workstation-Threadripper-PRO-WRX90-T140-XL,trial_0106_lr=3.0e-03_weight_decay=1.0e-05_kernel_sizes=3x3_conv_channels=256x256_fc_dims=512x256_seed1,completed,97bd39360e,trial_0106_lr=3.0e-03_weight_decay=1.0e-05_kernel_sizes=3x3_conv_channels=256x256_fc_dims=512x256_seed1
0.18839317083358764,0.13875495674029253,12,0.18990549087524414,0.12217089634005515,507967,2400,600,1000,15,2.4,cuda,0,3.2,0,user-Puget-Workstation-Threadripper-PRO-WRX90-T140-XL,trial_0107_lr=3.0e-03_weight_decay=1.0e-04_kernel_sizes=3x3_conv_channels=256x256_fc_dims=512x256_seed0,completed,2e93d17a2d,trial_0107_lr=3.0e-03_weight_decay=1.0e-04_kernel_sizes=3x3_conv_channels=256x256_fc_dims=512x256_seed0
0.18881939510504406,0.1434510781237268,14,0.18968436706066133,0.12703727971961692,507967,2400,600,1000,17,2.6,cuda,1,3.4,1,user-Puget-Workstation-Threadripper-PRO-WRX90-T140-XL,trial_0107_lr=3.0e-03_weight_decay=1.0e-04_kernel_sizes=3x3_conv_channels=256x256_fc_dims=512x256_seed1,completed,2e93d17a2d,trial_0107_lr=3.0e-03_weight_decay=1.0e-04_kernel_sizes=3x3_conv_channels=256x256_fc_dims=512x256_seed1
0.1843779973189036,0.16172123917887418,50,0.18683528864383697,0.14433627697382212,1055039,2400,600,1000,50,6.8,cuda,0,7.6,0,user-Puget-Workstation-Threadripper-PRO-WRX90-T140-XL,trial_0108_lr=3.0e-04_weight_decay=0_kernel_sizes=10x7x5_conv_channels=256x256x256_fc_dims=512_seed0,completed,7c54a6e332,trial_0108_lr=3.0e-04_weight_decay=0_kernel_sizes=10x7x5_conv_channels=256x256x256_fc_dims=512_seed0
0.18619095146656037,0.15765965948872315,50,0.18785580837726593,0.13650500079356925,1055039,2400,600,1000,50,6.8,cuda,1,7.5,1,user-Puget-Workstation-Threadripper-PRO-WRX90-T140-XL,trial_0108_lr=3.0e-04_weight_decay=0_kernel_sizes=10x7x5_conv_channels=256x256x256_fc_dims=512_seed1,completed,7c54a6e332,trial_0108_lr=3.0e-04_weight_decay=0_kernel_sizes=10x7x5_conv_channels=256x256x256_fc_dims=512_seed1
0.184096909960111,0.16317815527967247,50,0.18664272022247314,0.14535602491314695,1055039,2400,600,1000,50,6.8,cuda,0,7.6,0,user-Puget-Workstation-Threadripper-PRO-WRX90-T140-XL,trial_0109_lr=3.0e-04_weight_decay=1.0e-05_kernel_sizes=10x7x5_conv_channels=256x256x256_fc_dims=512_seed0,completed,3f156affde,trial_0109_lr=3.0e-04_weight_decay=1.0e-05_kernel_sizes=10x7x5_conv_channels=256x256x256_fc_dims=512_seed0
0.18593461394309999,0.15899120076259896,50,0.18763724374771118,0.13784813950026173,1055039,2400,600,1000,50,6.8,cuda,1,7.6,1,user-Puget-Workstation-Threadripper-PRO-WRX90-T140-XL,trial_0109_lr=3.0e-04_weight_decay=1.0e-05_kernel_sizes=10x7x5_conv_channels=256x256x256_fc_dims=512_seed1,completed,3f156affde,trial_0109_lr=3.0e-04_weight_decay=1.0e-05_kernel_sizes=10x7x5_conv_channels=256x256x256_fc_dims=512_seed1
0.1819204984108607,0.176610668149636,50,0.1849843828678131,0.15605477688770686,1055039,2400,600,1000,50,6.8,cuda,0,7.6,0,user-Puget-Workstation-Threadripper-PRO-WRX90-T140-XL,trial_0110_lr=3.0e-04_weight_decay=1.0e-04_kernel_sizes=10x7x5_conv_channels=256x256x256_fc_dims=512_seed0,completed,b58406a53a,trial_0110_lr=3.0e-04_weight_decay=1.0e-04_kernel_sizes=10x7x5_conv_channels=256x256x256_fc_dims=512_seed0
0.1837086929877599,0.17156114077284845,50,0.18571141016483306,0.15042249940415184,1055039,2400,600,1000,50,6.8,cuda,1,7.6,1,user-Puget-Workstation-Threadripper-PRO-WRX90-T140-XL,trial_0110_lr=3.0e-04_weight_decay=1.0e-04_kernel_sizes=10x7x5_conv_channels=256x256x256_fc_dims=512_seed1,completed,b58406a53a,trial_0110_lr=3.0e-04_weight_decay=1.0e-04_kernel_sizes=10x7x5_conv_channels=256x256x256_fc_dims=512_seed1
0.17734805206457774,0.200358934151094,50,0.1826153838634491,0.17389154896968886,1055039,2400,600,1000,50,6.9,cuda,0,7.7,0,user-Puget-Workstation-Threadripper-PRO-WRX90-T140-XL,trial_0111_lr=1.0e-03_weight_decay=0_kernel_sizes=10x7x5_conv_channels=256x256x256_fc_dims=512_seed0,completed,5b3d349e00,trial_0111_lr=1.0e-03_weight_decay=0_kernel_sizes=10x7x5_conv_channels=256x256x256_fc_dims=512_seed0
0.1796642545859019,0.19488010421602833,50,0.18301337802410125,0.171905630010707,1055039,2400,600,1000,50,6.7,cuda,1,7.5,1,user-Puget-Workstation-Threadripper-PRO-WRX90-T140-XL,trial_0111_lr=1.0e-03_weight_decay=0_kernel_sizes=10x7x5_conv_channels=256x256x256_fc_dims=512_seed1,completed,5b3d349e00,trial_0111_lr=1.0e-03_weight_decay=0_kernel_sizes=10x7x5_conv_channels=256x256x256_fc_dims=512_seed1
0.17600888629754385,0.208376204358687,50,0.18136812114715575,0.18060318423284002,1055039,2400,600,1000,50,6.8,cuda,0,7.6,0,user-Puget-Workstation-Threadripper-PRO-WRX90-T140-XL,trial_0112_lr=1.0e-03_weight_decay=1.0e-05_kernel_sizes=10x7x5_conv_channels=256x256x256_fc_dims=512_seed0,completed,3b6e6441e6,trial_0112_lr=1.0e-03_weight_decay=1.0e-05_kernel_sizes=10x7x5_conv_channels=256x256x256_fc_dims=512_seed0
0.17917460521062215,0.19960960678859843,50,0.18282100343704225,0.17618813708260325,1055039,2400,600,1000,50,6.7,cuda,1,7.6,1,user-Puget-Workstation-Threadripper-PRO-WRX90-T140-XL,trial_0112_lr=1.0e-03_weight_decay=1.0e-05_kernel_sizes=10x7x5_conv_channels=256x256x256_fc_dims=512_seed1,completed,3b6e6441e6,trial_0112_lr=1.0e-03_weight_decay=1.0e-05_kernel_sizes=10x7x5_conv_channels=256x256x256_fc_dims=512_seed1
0.17137864569822947,0.23653788868225864,50,0.177703559756279,0.20761472979406734,1055039,2400,600,1000,50,6.7,cuda,0,7.5,0,user-Puget-Workstation-Threadripper-PRO-WRX90-T140-XL,trial_0113_lr=1.0e-03_weight_decay=1.0e-04_kernel_sizes=10x7x5_conv_channels=256x256x256_fc_dims=512_seed0,completed,88049f5384,trial_0113_lr=1.0e-03_weight_decay=1.0e-04_kernel_sizes=10x7x5_conv_channels=256x256x256_fc_dims=512_seed0
0.17348207791646322,0.23302866790399135,49,0.1794775140285492,0.20000578596392915,1055039,2400,600,1000,50,6.8,cuda,1,7.5,1,user-Puget-Workstation-Threadripper-PRO-WRX90-T140-XL,trial_0113_lr=1.0e-03_weight_decay=1.0e-04_kernel_sizes=10x7x5_conv_channels=256x256x256_fc_dims=512_seed1,completed,88049f5384,trial_0113_lr=1.0e-03_weight_decay=1.0e-04_kernel_sizes=10x7x5_conv_channels=256x256x256_fc_dims=512_seed1
0.17592001716295877,0.21013341991386425,50,0.18263718450069427,0.17937764263874773,1055039,2400,600,1000,50,6.9,cuda,0,7.7,0,user-Puget-Workstation-Threadripper-PRO-WRX90-T140-XL,trial_0114_lr=3.0e-03_weight_decay=0_kernel_sizes=10x7x5_conv_channels=256x256x256_fc_dims=512_seed0,completed,952a316de1,trial_0114_lr=3.0e-03_weight_decay=0_kernel_sizes=10x7x5_conv_channels=256x256x256_fc_dims=512_seed0
0.18600255767504373,0.16131269210274166,33,0.1878812173604965,0.14149059526883026,1055039,2400,600,1000,36,5.1,cuda,1,5.9,1,user-Puget-Workstation-Threadripper-PRO-WRX90-T140-XL,trial_0114_lr=3.0e-03_weight_decay=0_kernel_sizes=10x7x5_conv_channels=256x256x256_fc_dims=512_seed1,completed,952a316de1,trial_0114_lr=3.0e-03_weight_decay=0_kernel_sizes=10x7x5_conv_channels=256x256x256_fc_dims=512_seed1
0.1734362006187439,0.2222260607790894,48,0.18040913021564484,0.18778908922236912,1055039,2400,600,1000,50,7.0,cuda,0,7.8,0,user-Puget-Workstation-Threadripper-PRO-WRX90-T140-XL,trial_0115_lr=3.0e-03_weight_decay=1.0e-05_kernel_sizes=10x7x5_conv_channels=256x256x256_fc_dims=512_seed0,completed,b9d71f9eb6,trial_0115_lr=3.0e-03_weight_decay=1.0e-05_kernel_sizes=10x7x5_conv_channels=256x256x256_fc_dims=512_seed0
0.18892006417115528,0.14519358455227802,26,0.18949452543258666,0.12618629803874815,1055039,2400,600,1000,29,4.2,cuda,1,5.0,1,user-Puget-Workstation-Threadripper-PRO-WRX90-T140-XL,trial_0115_lr=3.0e-03_weight_decay=1.0e-05_kernel_sizes=10x7x5_conv_channels=256x256x256_fc_dims=512_seed1,completed,b9d71f9eb6,trial_0115_lr=3.0e-03_weight_decay=1.0e-05_kernel_sizes=10x7x5_conv_channels=256x256x256_fc_dims=512_seed1
0.19203541398048402,0.11382305664004712,14,0.19252169013023376,0.10083661306052759,1055039,2400,600,1000,17,2.7,cuda,0,3.6,0,user-Puget-Workstation-Threadripper-PRO-WRX90-T140-XL,trial_0116_lr=3.0e-03_weight_decay=1.0e-04_kernel_sizes=10x7x5_conv_channels=256x256x256_fc_dims=512_seed0,completed,59a8047688,trial_0116_lr=3.0e-03_weight_decay=1.0e-04_kernel_sizes=10x7x5_conv_channels=256x256x256_fc_dims=512_seed0
0.16954065680503846,0.2545084635420825,48,0.1755158885717392,0.2182342113778099,1055039,2400,600,1000,50,6.7,cuda,1,7.5,1,user-Puget-Workstation-Threadripper-PRO-WRX90-T140-XL,trial_0116_lr=3.0e-03_weight_decay=1.0e-04_kernel_sizes=10x7x5_conv_channels=256x256x256_fc_dims=512_seed1,completed,59a8047688,trial_0116_lr=3.0e-03_weight_decay=1.0e-04_kernel_sizes=10x7x5_conv_channels=256x256x256_fc_dims=512_seed1
0.18917628824710847,0.13571963613607788,50,0.19068782258033753,0.11963939940348972,1170239,2400,600,1000,50,7.2,cuda,0,8.0,0,user-Puget-Workstation-Threadripper-PRO-WRX90-T140-XL,trial_0117_lr=3.0e-04_weight_decay=0_kernel_sizes=10x7x5_conv_channels=256x256x256_fc_dims=512x256_seed0,completed,80f1261659,trial_0117_lr=3.0e-04_weight_decay=0_kernel_sizes=10x7x5_conv_channels=256x256x256_fc_dims=512x256_seed0
0.18933126191298166,0.14017692179419125,50,0.19030988729000092,0.12222219385959203,1170239,2400,600,1000,50,7.1,cuda,1,7.9,1,user-Puget-Workstation-Threadripper-PRO-WRX90-T140-XL,trial_0117_lr=3.0e-04_weight_decay=0_kernel_sizes=10x7x5_conv_channels=256x256x256_fc_dims=512x256_seed1,completed,80f1261659,trial_0117_lr=3.0e-04_weight_decay=0_kernel_sizes=10x7x5_conv_channels=256x256x256_fc_dims=512x256_seed1
0.1884870950380961,0.13940538018376264,50,0.1901681327819824,0.12277024266325456,1170239,2400,600,1000,50,7.1,cuda,0,7.9,0,user-Puget-Workstation-Threadripper-PRO-WRX90-T140-XL,trial_0118_lr=3.0e-04_weight_decay=1.0e-05_kernel_sizes=10x7x5_conv_channels=256x256x256_fc_dims=512x256_seed0,completed,3b87a2617e,trial_0118_lr=3.0e-04_weight_decay=1.0e-05_kernel_sizes=10x7x5_conv_channels=256x256x256_fc_dims=512x256_seed0
0.1889602017402649,0.14179155909936209,50,0.1899455246925354,0.12367803002158616,1170239,2400,600,1000,50,7.1,cuda,1,7.9,1,user-Puget-Workstation-Threadripper-PRO-WRX90-T140-XL,trial_0118_lr=3.0e-04_weight_decay=1.0e-05_kernel_sizes=10x7x5_conv_channels=256x256x256_fc_dims=512x256_seed1,completed,3b87a2617e,trial_0118_lr=3.0e-04_weight_decay=1.0e-05_kernel_sizes=10x7x5_conv_channels=256x256x256_fc_dims=512x256_seed1
0.1856624201933543,0.15423861544134376,50,0.18809253549575805,0.13510148541460917,1170239,2400,600,1000,50,7.0,cuda,0,7.8,0,user-Puget-Workstation-Threadripper-PRO-WRX90-T140-XL,trial_0119_lr=3.0e-04_weight_decay=1.0e-04_kernel_sizes=10x7x5_conv_channels=256x256x256_fc_dims=512x256_seed0,completed,5cfccc3be3,trial_0119_lr=3.0e-04_weight_decay=1.0e-04_kernel_sizes=10x7x5_conv_channels=256x256x256_fc_dims=512x256_seed0
0.18648950298627218,0.15510678135728878,50,0.18797887349128722,0.13564585512240565,1170239,2400,600,1000,50,7.1,cuda,1,7.9,1,user-Puget-Workstation-Threadripper-PRO-WRX90-T140-XL,trial_0119_lr=3.0e-04_weight_decay=1.0e-04_kernel_sizes=10x7x5_conv_channels=256x256x256_fc_dims=512x256_seed1,completed,5cfccc3be3,trial_0119_lr=3.0e-04_weight_decay=1.0e-04_kernel_sizes=10x7x5_conv_channels=256x256x256_fc_dims=512x256_seed1
0.1828078713019689,0.16775023300672096,50,0.18588194155693055,0.14802067559603052,1170239,2400,600,1000,50,7.2,cuda,0,8.0,0,user-Puget-Workstation-Threadripper-PRO-WRX90-T140-XL,trial_0120_lr=1.0e-03_weight_decay=0_kernel_sizes=10x7x5_conv_channels=256x256x256_fc_dims=512x256_seed0,completed,322b161738,trial_0120_lr=1.0e-03_weight_decay=0_kernel_sizes=10x7x5_conv_channels=256x256x256_fc_dims=512x256_seed0
0.18410911122957865,0.16493591243079558,50,0.18645607614517212,0.14390316181720705,1170239,2400,600,1000,50,7.1,cuda,1,7.9,1,user-Puget-Workstation-Threadripper-PRO-WRX90-T140-XL,trial_0120_lr=1.0e-03_weight_decay=0_kernel_sizes=10x7x5_conv_channels=256x256x256_fc_dims=512x256_seed1,completed,322b161738,trial_0120_lr=1.0e-03_weight_decay=0_kernel_sizes=10x7x5_conv_channels=256x256x256_fc_dims=512x256_seed1
0.18209047873814901,0.1714656459726742,50,0.18555707859992981,0.15099570233407889,1170239,2400,600,1000,50,7.2,cuda,0,8.0,0,user-Puget-Workstation-Threadripper-PRO-WRX90-T140-XL,trial_0121_lr=1.0e-03_weight_decay=1.0e-05_kernel_sizes=10x7x5_conv_channels=256x256x256_fc_dims=512x256_seed0,completed,5c444ed356,trial_0121_lr=1.0e-03_weight_decay=1.0e-05_kernel_sizes=10x7x5_conv_channels=256x256x256_fc_dims=512x256_seed0
0.18316371858119965,0.17100753684788028,50,0.18602433943748475,0.14770929265732963,1170239,2400,600,1000,50,7.1,cuda,1,7.9,1,user-Puget-Workstation-Threadripper-PRO-WRX90-T140-XL,trial_0121_lr=1.0e-03_weight_decay=1.0e-05_kernel_sizes=10x7x5_conv_channels=256x256x256_fc_dims=512x256_seed1,completed,5c444ed356,trial_0121_lr=1.0e-03_weight_decay=1.0e-05_kernel_sizes=10x7x5_conv_channels=256x256x256_fc_dims=512x256_seed1
0.1945193737745285,0.10010512260641204,12,0.1949638488292694,0.08997979314023331,1170239,2400,600,1000,15,2.6,cuda,0,3.4,0,user-Puget-Workstation-Threadripper-PRO-WRX90-T140-XL,trial_0122_lr=1.0e-03_weight_decay=1.0e-04_kernel_sizes=10x7x5_conv_channels=256x256x256_fc_dims=512x256_seed0,completed,e6a973d38f,trial_0122_lr=1.0e-03_weight_decay=1.0e-04_kernel_sizes=10x7x5_conv_channels=256x256x256_fc_dims=512x256_seed0
0.19510037422180176,0.10547519966025376,14,0.19478191125392913,0.09147661220006392,1170239,2400,600,1000,17,2.8,cuda,1,3.6,1,user-Puget-Workstation-Threadripper-PRO-WRX90-T140-XL,trial_0122_lr=1.0e-03_weight_decay=1.0e-04_kernel_sizes=10x7x5_conv_channels=256x256x256_fc_dims=512x256_seed1,completed,e6a973d38f,trial_0122_lr=1.0e-03_weight_decay=1.0e-04_kernel_sizes=10x7x5_conv_channels=256x256x256_fc_dims=512x256_seed1
0.18163787662982941,0.17296196844881473,50,0.18576760685443877,0.15218290807955082,1170239,2400,600,1000,50,7.0,cuda,0,7.8,0,user-Puget-Workstation-Threadripper-PRO-WRX90-T140-XL,trial_0123_lr=3.0e-03_weight_decay=0_kernel_sizes=10x7x5_conv_channels=256x256x256_fc_dims=512x256_seed0,completed,1fd1b437b0,trial_0123_lr=3.0e-03_weight_decay=0_kernel_sizes=10x7x5_conv_channels=256x256x256_fc_dims=512x256_seed0
0.18031196852525075,0.18742894009778538,50,0.1846384072303772,0.1591031129967694,1170239,2400,600,1000,50,7.1,cuda,1,7.9,1,user-Puget-Workstation-Threadripper-PRO-WRX90-T140-XL,trial_0123_lr=3.0e-03_weight_decay=0_kernel_sizes=10x7x5_conv_channels=256x256x256_fc_dims=512x256_seed1,completed,1fd1b437b0,trial_0123_lr=3.0e-03_weight_decay=0_kernel_sizes=10x7x5_conv_channels=256x256x256_fc_dims=512x256_seed1
0.17961451709270476,0.18443155143156773,49,0.18409958744049074,0.1612209361353673,1170239,2400,600,1000,50,7.1,cuda,0,7.9,0,user-Puget-Workstation-Threadripper-PRO-WRX90-T140-XL,trial_0124_lr=3.0e-03_weight_decay=1.0e-05_kernel_sizes=10x7x5_conv_channels=256x256x256_fc_dims=512x256_seed0,completed,bd963cdb92,trial_0124_lr=3.0e-03_weight_decay=1.0e-05_kernel_sizes=10x7x5_conv_channels=256x256x256_fc_dims=512x256_seed0
0.17716703176498413,0.20544868085902873,50,0.18233731734752656,0.17310091641691078,1170239,2400,600,1000,50,7.1,cuda,1,7.9,1,user-Puget-Workstation-Threadripper-PRO-WRX90-T140-XL,trial_0124_lr=3.0e-03_weight_decay=1.0e-05_kernel_sizes=10x7x5_conv_channels=256x256x256_fc_dims=512x256_seed1,completed,bd963cdb92,trial_0124_lr=3.0e-03_weight_decay=1.0e-05_kernel_sizes=10x7x5_conv_channels=256x256x256_fc_dims=512x256_seed1
0.1747341517607371,0.2165506710534477,48,0.18105313813686372,0.1866532204502165,1170239,2400,600,1000,50,7.2,cuda,0,8.0,0,user-Puget-Workstation-Threadripper-PRO-WRX90-T140-XL,trial_0125_lr=3.0e-03_weight_decay=1.0e-04_kernel_sizes=10x7x5_conv_channels=256x256x256_fc_dims=512x256_seed0,completed,c063b9a327,trial_0125_lr=3.0e-03_weight_decay=1.0e-04_kernel_sizes=10x7x5_conv_channels=256x256x256_fc_dims=512x256_seed0
0.19317897617816926,0.11371363122183595,12,0.19217510175704955,0.09989027007672067,1170239,2400,600,1000,15,2.6,cuda,1,3.4,1,user-Puget-Workstation-Threadripper-PRO-WRX90-T140-XL,trial_0125_lr=3.0e-03_weight_decay=1.0e-04_kernel_sizes=10x7x5_conv_channels=256x256x256_fc_dims=512x256_seed1,completed,c063b9a327,trial_0125_lr=3.0e-03_weight_decay=1.0e-04_kernel_sizes=10x7x5_conv_channels=256x256x256_fc_dims=512x256_seed1
0.1967197388410568,0.0871150641026228,13,0.19686272084712983,0.07910186251618251,792895,2400,600,1000,16,2.5,cuda,0,3.3,0,user-Puget-Workstation-Threadripper-PRO-WRX90-T140-XL,trial_0126_lr=3.0e-04_weight_decay=0_kernel_sizes=10x5x3_conv_channels=256x256x256_fc_dims=512_seed0,completed,8974b1c48a,trial_0126_lr=3.0e-04_weight_decay=0_kernel_sizes=10x5x3_conv_channels=256x256x256_fc_dims=512_seed0
0.18377534588178,0.17436164193399317,50,0.18596144604682924,0.15302696114125525,792895,2400,600,1000,50,6.7,cuda,1,7.5,1,user-Puget-Workstation-Threadripper-PRO-WRX90-T140-XL,trial_0126_lr=3.0e-04_weight_decay=0_kernel_sizes=10x5x3_conv_channels=256x256x256_fc_dims=512_seed1,completed,8974b1c48a,trial_0126_lr=3.0e-04_weight_decay=0_kernel_sizes=10x5x3_conv_channels=256x256x256_fc_dims=512_seed1
0.1966633230447769,0.08734500070085893,13,0.19679916310310364,0.07931239315891746,792895,2400,600,1000,16,2.6,cuda,0,3.3,0,user-Puget-Workstation-Threadripper-PRO-WRX90-T140-XL,trial_0127_lr=3.0e-04_weight_decay=1.0e-05_kernel_sizes=10x5x3_conv_channels=256x256x256_fc_dims=512_seed0,completed,5f0438743c,trial_0127_lr=3.0e-04_weight_decay=1.0e-05_kernel_sizes=10x5x3_conv_channels=256x256x256_fc_dims=512_seed0
0.1835791289806366,0.17551848826680735,50,0.1857939702272415,0.15409014259114423,792895,2400,600,1000,50,6.8,cuda,1,7.5,1,user-Puget-Workstation-Threadripper-PRO-WRX90-T140-XL,trial_0127_lr=3.0e-04_weight_decay=1.0e-05_kernel_sizes=10x5x3_conv_channels=256x256x256_fc_dims=512_seed1,completed,5f0438743c,trial_0127_lr=3.0e-04_weight_decay=1.0e-05_kernel_sizes=10x5x3_conv_channels=256x256x256_fc_dims=512_seed1
0.19632070263226828,0.08970935605050272,13,0.19646400797367097,0.0814511963336974,792895,2400,600,1000,16,2.5,cuda,0,3.4,0,user-Puget-Workstation-Threadripper-PRO-WRX90-T140-XL,trial_0128_lr=3.0e-04_weight_decay=1.0e-04_kernel_sizes=10x5x3_conv_channels=256x256x256_fc_dims=512_seed0,completed,e52d2468d1,trial_0128_lr=3.0e-04_weight_decay=1.0e-04_kernel_sizes=10x5x3_conv_channels=256x256x256_fc_dims=512_seed0
0.18147393623987834,0.18642729291677923,50,0.18408727073669434,0.16304841401040437,792895,2400,600,1000,50,6.6,cuda,1,7.4,1,user-Puget-Workstation-Threadripper-PRO-WRX90-T140-XL,trial_0128_lr=3.0e-04_weight_decay=1.0e-04_kernel_sizes=10x5x3_conv_channels=256x256x256_fc_dims=512_seed1,completed,e52d2468d1,trial_0128_lr=3.0e-04_weight_decay=1.0e-04_kernel_sizes=10x5x3_conv_channels=256x256x256_fc_dims=512_seed1
0.17353358427683513,0.22365178246459447,50,0.17977999913692475,0.19235625101363754,792895,2400,600,1000,50,6.6,cuda,0,7.5,0,user-Puget-Workstation-Threadripper-PRO-WRX90-T140-XL,trial_0129_lr=1.0e-03_weight_decay=0_kernel_sizes=10x5x3_conv_channels=256x256x256_fc_dims=512_seed0,completed,d515800214,trial_0129_lr=1.0e-03_weight_decay=0_kernel_sizes=10x5x3_conv_channels=256x256x256_fc_dims=512_seed0
0.17428342998027802,0.22368860684076297,50,0.17957242012023925,0.19331055297066763,792895,2400,600,1000,50,6.6,cuda,1,7.4,1,user-Puget-Workstation-Threadripper-PRO-WRX90-T140-XL,trial_0129_lr=1.0e-03_weight_decay=0_kernel_sizes=10x5x3_conv_channels=256x256x256_fc_dims=512_seed1,completed,d515800214,trial_0129_lr=1.0e-03_weight_decay=0_kernel_sizes=10x5x3_conv_channels=256x256x256_fc_dims=512_seed1
0.1726340049505234,0.2284863770152972,50,0.17918670856952668,0.19531582147770638,792895,2400,600,1000,50,6.7,cuda,0,7.5,0,user-Puget-Workstation-Threadripper-PRO-WRX90-T140-XL,trial_0130_lr=1.0e-03_weight_decay=1.0e-05_kernel_sizes=10x5x3_conv_channels=256x256x256_fc_dims=512_seed0,completed,e57cdb902d,trial_0130_lr=1.0e-03_weight_decay=1.0e-05_kernel_sizes=10x5x3_conv_channels=256x256x256_fc_dims=512_seed0
0.17353348851203917,0.2279962751930367,50,0.17908568358421326,0.19663762437480511,792895,2400,600,1000,50,6.6,cuda,1,7.4,1,user-Puget-Workstation-Threadripper-PRO-WRX90-T140-XL,trial_0130_lr=1.0e-03_weight_decay=1.0e-05_kernel_sizes=10x5x3_conv_channels=256x256x256_fc_dims=512_seed1,completed,e57cdb902d,trial_0130_lr=1.0e-03_weight_decay=1.0e-05_kernel_sizes=10x5x3_conv_channels=256x256x256_fc_dims=512_seed1
0.16886714259783428,0.2525222212626412,50,0.1761645325422287,0.21695462161079537,792895,2400,600,1000,50,6.6,cuda,0,7.4,0,user-Puget-Workstation-Threadripper-PRO-WRX90-T140-XL,trial_0131_lr=1.0e-03_weight_decay=1.0e-04_kernel_sizes=10x5x3_conv_channels=256x256x256_fc_dims=512_seed0,completed,e33c8ef975,trial_0131_lr=1.0e-03_weight_decay=1.0e-04_kernel_sizes=10x5x3_conv_channels=256x256x256_fc_dims=512_seed0
0.16945865174134572,0.25344618413698183,50,0.17557595658302308,0.2179944989963548,792895,2400,600,1000,50,6.7,cuda,1,7.5,1,user-Puget-Workstation-Threadripper-PRO-WRX90-T140-XL,trial_0131_lr=1.0e-03_weight_decay=1.0e-04_kernel_sizes=10x5x3_conv_channels=256x256x256_fc_dims=512_seed1,completed,e33c8ef975,trial_0131_lr=1.0e-03_weight_decay=1.0e-04_kernel_sizes=10x5x3_conv_channels=256x256x256_fc_dims=512_seed1
0.17240490198135375,0.22879099976286674,50,0.17986163532733918,0.1947613169981813,792895,2400,600,1000,50,6.7,cuda,0,7.6,0,user-Puget-Workstation-Threadripper-PRO-WRX90-T140-XL,trial_0132_lr=3.0e-03_weight_decay=0_kernel_sizes=10x5x3_conv_channels=256x256x256_fc_dims=512_seed0,completed,109e16d8b9,trial_0132_lr=3.0e-03_weight_decay=0_kernel_sizes=10x5x3_conv_channels=256x256x256_fc_dims=512_seed0
0.17321780184904734,0.2309076095542637,50,0.1797478505373001,0.19624958149327978,792895,2400,600,1000,50,6.6,cuda,1,7.4,1,user-Puget-Workstation-Threadripper-PRO-WRX90-T140-XL,trial_0132_lr=3.0e-03_weight_decay=0_kernel_sizes=10x5x3_conv_channels=256x256x256_fc_dims=512_seed1,completed,109e16d8b9,trial_0132_lr=3.0e-03_weight_decay=0_kernel_sizes=10x5x3_conv_channels=256x256x256_fc_dims=512_seed1
0.1709093318382899,0.23734937344800444,49,0.17847743475437164,0.20163285417583776,792895,2400,600,1000,50,6.7,cuda,0,7.5,0,user-Puget-Workstation-Threadripper-PRO-WRX90-T140-XL,trial_0133_lr=3.0e-03_weight_decay=1.0e-05_kernel_sizes=10x5x3_conv_channels=256x256x256_fc_dims=512_seed0,completed,6c4f4d2381,trial_0133_lr=3.0e-03_weight_decay=1.0e-05_kernel_sizes=10x5x3_conv_channels=256x256x256_fc_dims=512_seed0
0.1712071349223455,0.2434914093793377,50,0.1783882806301117,0.20669135207331313,792895,2400,600,1000,50,6.6,cuda,1,7.4,1,user-Puget-Workstation-Threadripper-PRO-WRX90-T140-XL,trial_0133_lr=3.0e-03_weight_decay=1.0e-05_kernel_sizes=10x5x3_conv_channels=256x256x256_fc_dims=512_seed1,completed,6c4f4d2381,trial_0133_lr=3.0e-03_weight_decay=1.0e-05_kernel_sizes=10x5x3_conv_channels=256x256x256_fc_dims=512_seed1
0.1739172476530075,0.2205874331075051,31,0.1801257358789444,0.18671965070906174,792895,2400,600,1000,34,4.6,cuda,0,5.4,0,user-Puget-Workstation-Threadripper-PRO-WRX90-T140-XL,trial_0134_lr=3.0e-03_weight_decay=1.0e-04_kernel_sizes=10x5x3_conv_channels=256x256x256_fc_dims=512_seed0,completed,9c0c34fc07,trial_0134_lr=3.0e-03_weight_decay=1.0e-04_kernel_sizes=10x5x3_conv_channels=256x256x256_fc_dims=512_seed0
0.16751555621623992,0.2680178945504419,50,0.17440807259082794,0.22925901673132137,792895,2400,600,1000,50,6.5,cuda,1,7.3,1,user-Puget-Workstation-Threadripper-PRO-WRX90-T140-XL,trial_0134_lr=3.0e-03_weight_decay=1.0e-04_kernel_sizes=10x5x3_conv_channels=256x256x256_fc_dims=512_seed1,completed,9c0c34fc07,trial_0134_lr=3.0e-03_weight_decay=1.0e-04_kernel_sizes=10x5x3_conv_channels=256x256x256_fc_dims=512_seed1
0.2032514895995458,0.07302846036727872,10,0.20354972183704376,0.06748223335481895,908095,2400,600,1000,13,2.3,cuda,0,3.1,0,user-Puget-Workstation-Threadripper-PRO-WRX90-T140-XL,trial_0135_lr=3.0e-04_weight_decay=0_kernel_sizes=10x5x3_conv_channels=256x256x256_fc_dims=512x256_seed0,completed,20023088cd,trial_0135_lr=3.0e-04_weight_decay=0_kernel_sizes=10x5x3_conv_channels=256x256x256_fc_dims=512x256_seed0
0.2269989573955536,0.011787301467867089,6,0.22720999228954314,0.0039692056335346925,908095,2400,600,1000,9,1.7,cuda,1,2.6,1,user-Puget-Workstation-Threadripper-PRO-WRX90-T140-XL,trial_0135_lr=3.0e-04_weight_decay=0_kernel_sizes=10x5x3_conv_channels=256x256x256_fc_dims=512x256_seed1,completed,20023088cd,trial_0135_lr=3.0e-04_weight_decay=0_kernel_sizes=10x5x3_conv_channels=256x256x256_fc_dims=512x256_seed1
0.20342140475908915,0.07301462900719403,10,0.20370580089092255,0.06755582880320216,908095,2400,600,1000,13,2.3,cuda,0,3.1,0,user-Puget-Workstation-Threadripper-PRO-WRX90-T140-XL,trial_0136_lr=3.0e-04_weight_decay=1.0e-05_kernel_sizes=10x5x3_conv_channels=256x256x256_fc_dims=512x256_seed0,completed,6046083551,trial_0136_lr=3.0e-04_weight_decay=1.0e-05_kernel_sizes=10x5x3_conv_channels=256x256x256_fc_dims=512x256_seed0
0.2269442896048228,0.01168219440713605,6,0.22718465840816499,0.003885020394176525,908095,2400,600,1000,9,1.7,cuda,1,2.5,1,user-Puget-Workstation-Threadripper-PRO-WRX90-T140-XL,trial_0136_lr=3.0e-04_weight_decay=1.0e-05_kernel_sizes=10x5x3_conv_channels=256x256x256_fc_dims=512x256_seed1,completed,6046083551,trial_0136_lr=3.0e-04_weight_decay=1.0e-05_kernel_sizes=10x5x3_conv_channels=256x256x256_fc_dims=512x256_seed1
0.20523061911265056,0.07542814431408595,10,0.2055744401216507,0.07027300595455449,908095,2400,600,1000,13,2.2,cuda,0,3.0,0,user-Puget-Workstation-Threadripper-PRO-WRX90-T140-XL,trial_0137_lr=3.0e-04_weight_decay=1.0e-04_kernel_sizes=10x5x3_conv_channels=256x256x256_fc_dims=512x256_seed0,completed,64c4c18ab8,trial_0137_lr=3.0e-04_weight_decay=1.0e-04_kernel_sizes=10x5x3_conv_channels=256x256x256_fc_dims=512x256_seed0
0.22631722807884216,0.011566322773530173,6,0.22669141149520874,0.003948050275403347,908095,2400,600,1000,9,1.7,cuda,1,2.5,1,user-Puget-Workstation-Threadripper-PRO-WRX90-T140-XL,trial_0137_lr=3.0e-04_weight_decay=1.0e-04_kernel_sizes=10x5x3_conv_channels=256x256x256_fc_dims=512x256_seed1,completed,64c4c18ab8,trial_0137_lr=3.0e-04_weight_decay=1.0e-04_kernel_sizes=10x5x3_conv_channels=256x256x256_fc_dims=512x256_seed1
0.18059369683265686,0.18305351392150906,50,0.18510443592071532,0.15899180361924972,908095,2400,600,1000,50,6.9,cuda,0,7.7,0,user-Puget-Workstation-Threadripper-PRO-WRX90-T140-XL,trial_0138_lr=1.0e-03_weight_decay=0_kernel_sizes=10x5x3_conv_channels=256x256x256_fc_dims=512x256_seed0,completed,3ce7458f78,trial_0138_lr=1.0e-03_weight_decay=0_kernel_sizes=10x5x3_conv_channels=256x256x256_fc_dims=512x256_seed0
0.18196779012680053,0.18018298637886057,50,0.18514635598659515,0.15643730224911093,908095,2400,600,1000,50,6.9,cuda,1,7.6,1,user-Puget-Workstation-Threadripper-PRO-WRX90-T140-XL,trial_0138_lr=1.0e-03_weight_decay=0_kernel_sizes=10x5x3_conv_channels=256x256x256_fc_dims=512x256_seed1,completed,3ce7458f78,trial_0138_lr=1.0e-03_weight_decay=0_kernel_sizes=10x5x3_conv_channels=256x256x256_fc_dims=512x256_seed1
0.1795424900452296,0.1876651754595471,50,0.18417430877685548,0.16274153215614637,908095,2400,600,1000,50,6.9,cuda,0,7.7,0,user-Puget-Workstation-Threadripper-PRO-WRX90-T140-XL,trial_0139_lr=1.0e-03_weight_decay=1.0e-05_kernel_sizes=10x5x3_conv_channels=256x256x256_fc_dims=512x256_seed0,completed,53a6ef9008,trial_0139_lr=1.0e-03_weight_decay=1.0e-05_kernel_sizes=10x5x3_conv_channels=256x256x256_fc_dims=512x256_seed0
0.18106814285119374,0.1840410656463647,50,0.1845350250005722,0.15907018758438807,908095,2400,600,1000,50,7.0,cuda,1,7.7,1,user-Puget-Workstation-Threadripper-PRO-WRX90-T140-XL,trial_0139_lr=1.0e-03_weight_decay=1.0e-05_kernel_sizes=10x5x3_conv_channels=256x256x256_fc_dims=512x256_seed1,completed,53a6ef9008,trial_0139_lr=1.0e-03_weight_decay=1.0e-05_kernel_sizes=10x5x3_conv_channels=256x256x256_fc_dims=512x256_seed1
0.17481656153996786,0.21339612260178217,49,0.180860067486763,0.18395837075905516,908095,2400,600,1000,50,7.0,cuda,0,7.8,0,user-Puget-Workstation-Threadripper-PRO-WRX90-T140-XL,trial_0140_lr=1.0e-03_weight_decay=1.0e-04_kernel_sizes=10x5x3_conv_channels=256x256x256_fc_dims=512x256_seed0,completed,34b4baf8c5,trial_0140_lr=1.0e-03_weight_decay=1.0e-04_kernel_sizes=10x5x3_conv_channels=256x256x256_fc_dims=512x256_seed0
0.19331483860810597,0.11860591041930701,14,0.19331613790988922,0.1046390138885882,908095,2400,600,1000,17,2.7,cuda,1,3.5,1,user-Puget-Workstation-Threadripper-PRO-WRX90-T140-XL,trial_0140_lr=1.0e-03_weight_decay=1.0e-04_kernel_sizes=10x5x3_conv_channels=256x256x256_fc_dims=512x256_seed1,completed,34b4baf8c5,trial_0140_lr=1.0e-03_weight_decay=1.0e-04_kernel_sizes=10x5x3_conv_channels=256x256x256_fc_dims=512x256_seed1
0.1825648848215739,0.1666860779599969,49,0.18575907766819,0.14799874031944416,908095,2400,600,1000,50,7.0,cuda,0,7.7,0,user-Puget-Workstation-Threadripper-PRO-WRX90-T140-XL,trial_0141_lr=3.0e-03_weight_decay=0_kernel_sizes=10x5x3_conv_channels=256x256x256_fc_dims=512x256_seed0,completed,ea40a1da09,trial_0141_lr=3.0e-03_weight_decay=0_kernel_sizes=10x5x3_conv_channels=256x256x256_fc_dims=512x256_seed0
0.1826274073123932,0.17329130624394798,50,0.1857328714132309,0.15159867415708606,908095,2400,600,1000,50,6.9,cuda,1,7.7,1,user-Puget-Workstation-Threadripper-PRO-WRX90-T140-XL,trial_0141_lr=3.0e-03_weight_decay=0_kernel_sizes=10x5x3_conv_channels=256x256x256_fc_dims=512x256_seed1,completed,ea40a1da09,trial_0141_lr=3.0e-03_weight_decay=0_kernel_sizes=10x5x3_conv_channels=256x256x256_fc_dims=512x256_seed1
0.18067583819230398,0.17928141598077355,49,0.18508526372909545,0.15680900378540474,908095,2400,600,1000,50,6.8,cuda,0,7.6,0,user-Puget-Workstation-Threadripper-PRO-WRX90-T140-XL,trial_0142_lr=3.0e-03_weight_decay=1.0e-05_kernel_sizes=10x5x3_conv_channels=256x256x256_fc_dims=512x256_seed0,completed,ebbcbcd98e,trial_0142_lr=3.0e-03_weight_decay=1.0e-05_kernel_sizes=10x5x3_conv_channels=256x256x256_fc_dims=512x256_seed0
0.18138410925865173,0.18158978970021702,50,0.18537642908096313,0.15602862771866763,908095,2400,600,1000,50,6.7,cuda,1,7.5,1,user-Puget-Workstation-Threadripper-PRO-WRX90-T140-XL,trial_0142_lr=3.0e-03_weight_decay=1.0e-05_kernel_sizes=10x5x3_conv_channels=256x256x256_fc_dims=512x256_seed1,completed,ebbcbcd98e,trial_0142_lr=3.0e-03_weight_decay=1.0e-05_kernel_sizes=10x5x3_conv_channels=256x256x256_fc_dims=512x256_seed1
0.1742267205317815,0.2168872172796132,48,0.18039238786697387,0.18439704384060535,908095,2400,600,1000,50,6.8,cuda,0,7.6,0,user-Puget-Workstation-Threadripper-PRO-WRX90-T140-XL,trial_0143_lr=3.0e-03_weight_decay=1.0e-04_kernel_sizes=10x5x3_conv_channels=256x256x256_fc_dims=512x256_seed0,completed,c776e4cc13,trial_0143_lr=3.0e-03_weight_decay=1.0e-04_kernel_sizes=10x5x3_conv_channels=256x256x256_fc_dims=512x256_seed0
0.17535679439703625,0.2211552571494017,46,0.1805772408246994,0.18892732200673276,908095,2400,600,1000,49,6.7,cuda,1,7.5,1,user-Puget-Workstation-Threadripper-PRO-WRX90-T140-XL,trial_0143_lr=3.0e-03_weight_decay=1.0e-04_kernel_sizes=10x5x3_conv_channels=256x256x256_fc_dims=512x256_seed1,completed,c776e4cc13,trial_0143_lr=3.0e-03_weight_decay=1.0e-04_kernel_sizes=10x5x3_conv_channels=256x256x256_fc_dims=512x256_seed1
0.18309552590052286,0.1690099133127351,50,0.18594894766807557,0.1486425304914085,1024319,2400,600,1000,50,6.9,cuda,0,7.7,0,user-Puget-Workstation-Threadripper-PRO-WRX90-T140-XL,trial_0144_lr=3.0e-04_weight_decay=0_kernel_sizes=7x7x5_conv_channels=256x256x256_fc_dims=512_seed0,completed,0caec2382d,trial_0144_lr=3.0e-04_weight_decay=0_kernel_sizes=7x7x5_conv_channels=256x256x256_fc_dims=512_seed0
0.1841397887468338,0.16966484605251084,50,0.18626574993133546,0.14776212362731553,1024319,2400,600,1000,50,6.8,cuda,1,7.5,1,user-Puget-Workstation-Threadripper-PRO-WRX90-T140-XL,trial_0144_lr=3.0e-04_weight_decay=0_kernel_sizes=7x7x5_conv_channels=256x256x256_fc_dims=512_seed1,completed,0caec2382d,trial_0144_lr=3.0e-04_weight_decay=0_kernel_sizes=7x7x5_conv_channels=256x256x256_fc_dims=512_seed1
0.18289744695027668,0.17026804666496395,50,0.1858156554698944,0.14967693671129756,1024319,2400,600,1000,50,6.9,cuda,0,7.7,0,user-Puget-Workstation-Threadripper-PRO-WRX90-T140-XL,trial_0145_lr=3.0e-04_weight_decay=1.0e-05_kernel_sizes=7x7x5_conv_channels=256x256x256_fc_dims=512_seed0,completed,3acbaccae5,trial_0145_lr=3.0e-04_weight_decay=1.0e-05_kernel_sizes=7x7x5_conv_channels=256x256x256_fc_dims=512_seed0
0.18390496571858725,0.17110636638205645,50,0.18606988048553466,0.14916217466520007,1024319,2400,600,1000,50,6.8,cuda,1,7.6,1,user-Puget-Workstation-Threadripper-PRO-WRX90-T140-XL,trial_0145_lr=3.0e-04_weight_decay=1.0e-05_kernel_sizes=7x7x5_conv_channels=256x256x256_fc_dims=512_seed1,completed,3acbaccae5,trial_0145_lr=3.0e-04_weight_decay=1.0e-05_kernel_sizes=7x7x5_conv_channels=256x256x256_fc_dims=512_seed1
0.1811063653230667,0.18152856045551788,50,0.18431710469722748,0.15935918461118082,1024319,2400,600,1000,50,6.7,cuda,0,7.6,0,user-Puget-Workstation-Threadripper-PRO-WRX90-T140-XL,trial_0146_lr=3.0e-04_weight_decay=1.0e-04_kernel_sizes=7x7x5_conv_channels=256x256x256_fc_dims=512_seed0,completed,d55e8dc3b6,trial_0146_lr=3.0e-04_weight_decay=1.0e-04_kernel_sizes=7x7x5_conv_channels=256x256x256_fc_dims=512_seed0
0.18174988667170205,0.18462049740953843,50,0.18430091917514801,0.1600456171758866,1024319,2400,600,1000,50,6.6,cuda,1,7.5,1,user-Puget-Workstation-Threadripper-PRO-WRX90-T140-XL,trial_0146_lr=3.0e-04_weight_decay=1.0e-04_kernel_sizes=7x7x5_conv_channels=256x256x256_fc_dims=512_seed1,completed,d55e8dc3b6,trial_0146_lr=3.0e-04_weight_decay=1.0e-04_kernel_sizes=7x7x5_conv_channels=256x256x256_fc_dims=512_seed1
0.1755358111858368,0.21071331475510122,50,0.18089147913455964,0.18275368767749722,1024319,2400,600,1000,50,6.7,cuda,0,7.5,0,user-Puget-Workstation-Threadripper-PRO-WRX90-T140-XL,trial_0147_lr=1.0e-03_weight_decay=0_kernel_sizes=7x7x5_conv_channels=256x256x256_fc_dims=512_seed0,completed,90c163eb98,trial_0147_lr=1.0e-03_weight_decay=0_kernel_sizes=7x7x5_conv_channels=256x256x256_fc_dims=512_seed0
0.175407075881958,0.21718183386178433,50,0.18034265518188478,0.1868316413898479,1024319,2400,600,1000,50,6.7,cuda,1,7.5,1,user-Puget-Workstation-Threadripper-PRO-WRX90-T140-XL,trial_0147_lr=1.0e-03_weight_decay=0_kernel_sizes=7x7x5_conv_channels=256x256x256_fc_dims=512_seed1,completed,90c163eb98,trial_0147_lr=1.0e-03_weight_decay=0_kernel_sizes=7x7x5_conv_channels=256x256x256_fc_dims=512_seed1
0.17455032308896382,0.2159198509719604,49,0.18015325701236726,0.18546811797974477,1024319,2400,600,1000,50,6.9,cuda,0,7.7,0,user-Puget-Workstation-Threadripper-PRO-WRX90-T140-XL,trial_0148_lr=1.0e-03_weight_decay=1.0e-05_kernel_sizes=7x7x5_conv_channels=256x256x256_fc_dims=512_seed0,completed,f8db767479,trial_0148_lr=1.0e-03_weight_decay=1.0e-05_kernel_sizes=7x7x5_conv_channels=256x256x256_fc_dims=512_seed0
0.17444338222344716,0.22280838071319511,50,0.17950807046890258,0.19147485722236465,1024319,2400,600,1000,50,6.7,cuda,1,7.5,1,user-Puget-Workstation-Threadripper-PRO-WRX90-T140-XL,trial_0148_lr=1.0e-03_weight_decay=1.0e-05_kernel_sizes=7x7x5_conv_channels=256x256x256_fc_dims=512_seed1,completed,f8db767479,trial_0148_lr=1.0e-03_weight_decay=1.0e-05_kernel_sizes=7x7x5_conv_channels=256x256x256_fc_dims=512_seed1
0.16974263747533164,0.24356964774941833,49,0.1769194129705429,0.20828972687192668,1024319,2400,600,1000,50,6.7,cuda,0,7.5,0,user-Puget-Workstation-Threadripper-PRO-WRX90-T140-XL,trial_0149_lr=1.0e-03_weight_decay=1.0e-04_kernel_sizes=7x7x5_conv_channels=256x256x256_fc_dims=512_seed0,completed,8aeb9e3f51,trial_0149_lr=1.0e-03_weight_decay=1.0e-04_kernel_sizes=7x7x5_conv_channels=256x256x256_fc_dims=512_seed0
0.1948602286974589,0.11440244106101041,12,0.1955869483947754,0.09977910134528281,1024319,2400,600,1000,15,2.4,cuda,1,3.2,1,user-Puget-Workstation-Threadripper-PRO-WRX90-T140-XL,trial_0149_lr=1.0e-03_weight_decay=1.0e-04_kernel_sizes=7x7x5_conv_channels=256x256x256_fc_dims=512_seed1,completed,8aeb9e3f51,trial_0149_lr=1.0e-03_weight_decay=1.0e-04_kernel_sizes=7x7x5_conv_channels=256x256x256_fc_dims=512_seed1
0.17679526845614116,0.20632133920091478,50,0.18290367805957794,0.1798186842596807,1024319,2400,600,1000,50,6.9,cuda,0,7.7,0,user-Puget-Workstation-Threadripper-PRO-WRX90-T140-XL,trial_0150_lr=3.0e-03_weight_decay=0_kernel_sizes=7x7x5_conv_channels=256x256x256_fc_dims=512_seed0,completed,37006bb091,trial_0150_lr=3.0e-03_weight_decay=0_kernel_sizes=7x7x5_conv_channels=256x256x256_fc_dims=512_seed0
0.17742277006308238,0.20694120167219318,49,0.1823897166252136,0.17662897552130802,1024319,2400,600,1000,50,6.7,cuda,1,7.5,1,user-Puget-Workstation-Threadripper-PRO-WRX90-T140-XL,trial_0150_lr=3.0e-03_weight_decay=0_kernel_sizes=7x7x5_conv_channels=256x256x256_fc_dims=512_seed1,completed,37006bb091,trial_0150_lr=3.0e-03_weight_decay=0_kernel_sizes=7x7x5_conv_channels=256x256x256_fc_dims=512_seed1
0.17391296048959096,0.2187597338939372,48,0.18016403234004974,0.18757428477300614,1024319,2400,600,1000,50,6.6,cuda,0,7.4,0,user-Puget-Workstation-Threadripper-PRO-WRX90-T140-XL,trial_0151_lr=3.0e-03_weight_decay=1.0e-05_kernel_sizes=7x7x5_conv_channels=256x256x256_fc_dims=512_seed0,completed,fd88000249,trial_0151_lr=3.0e-03_weight_decay=1.0e-05_kernel_sizes=7x7x5_conv_channels=256x256x256_fc_dims=512_seed0
0.1765159692366918,0.2185209433840167,50,0.182809556722641,0.18689715229042958,1024319,2400,600,1000,50,6.7,cuda,1,7.5,1,user-Puget-Workstation-Threadripper-PRO-WRX90-T140-XL,trial_0151_lr=3.0e-03_weight_decay=1.0e-05_kernel_sizes=7x7x5_conv_channels=256x256x256_fc_dims=512_seed1,completed,fd88000249,trial_0151_lr=3.0e-03_weight_decay=1.0e-05_kernel_sizes=7x7x5_conv_channels=256x256x256_fc_dims=512_seed1
0.16774081726868947,0.257509585970028,48,0.17514976465702056,0.22219811255466737,1024319,2400,600,1000,50,6.7,cuda,0,7.5,0,user-Puget-Workstation-Threadripper-PRO-WRX90-T140-XL,trial_0152_lr=3.0e-03_weight_decay=1.0e-04_kernel_sizes=7x7x5_conv_channels=256x256x256_fc_dims=512_seed0,completed,9aa3fca974,trial_0152_lr=3.0e-03_weight_decay=1.0e-04_kernel_sizes=7x7x5_conv_channels=256x256x256_fc_dims=512_seed0
0.19813686788082122,0.09025157473845982,8,0.19642245090007782,0.07901480994792075,1024319,2400,600,1000,11,2.0,cuda,1,2.8,1,user-Puget-Workstation-Threadripper-PRO-WRX90-T140-XL,trial_0152_lr=3.0e-03_weight_decay=1.0e-04_kernel_sizes=7x7x5_conv_channels=256x256x256_fc_dims=512_seed1,completed,9aa3fca974,trial_0152_lr=3.0e-03_weight_decay=1.0e-04_kernel_sizes=7x7x5_conv_channels=256x256x256_fc_dims=512_seed1
0.18728140294551848,0.14569397301792017,50,0.18948437166213988,0.13035892930524298,1139519,2400,600,1000,50,7.1,cuda,0,7.9,0,user-Puget-Workstation-Threadripper-PRO-WRX90-T140-XL,trial_0153_lr=3.0e-04_weight_decay=0_kernel_sizes=7x7x5_conv_channels=256x256x256_fc_dims=512x256_seed0,completed,cd40a7a0b9,trial_0153_lr=3.0e-04_weight_decay=0_kernel_sizes=7x7x5_conv_channels=256x256x256_fc_dims=512x256_seed0
0.19635392884413402,0.09707801759529118,15,0.19570095002651214,0.08627810399906344,1139519,2400,600,1000,18,2.9,cuda,1,3.7,1,user-Puget-Workstation-Threadripper-PRO-WRX90-T140-XL,trial_0153_lr=3.0e-04_weight_decay=0_kernel_sizes=7x7x5_conv_channels=256x256x256_fc_dims=512x256_seed1,completed,cd40a7a0b9,trial_0153_lr=3.0e-04_weight_decay=0_kernel_sizes=7x7x5_conv_channels=256x256x256_fc_dims=512x256_seed1
0.1871048359076182,0.14672614089669975,50,0.18933829283714296,0.1313820414051893,1139519,2400,600,1000,50,7.1,cuda,0,7.9,0,user-Puget-Workstation-Threadripper-PRO-WRX90-T140-XL,trial_0154_lr=3.0e-04_weight_decay=1.0e-05_kernel_sizes=7x7x5_conv_channels=256x256x256_fc_dims=512x256_seed0,completed,a1f9c74b1d,trial_0154_lr=3.0e-04_weight_decay=1.0e-05_kernel_sizes=7x7x5_conv_channels=256x256x256_fc_dims=512x256_seed0
0.1877732753753662,0.14889187575106747,49,0.18903631114959718,0.13182196207222413,1139519,2400,600,1000,50,7.0,cuda,1,7.8,1,user-Puget-Workstation-Threadripper-PRO-WRX90-T140-XL,trial_0154_lr=3.0e-04_weight_decay=1.0e-05_kernel_sizes=7x7x5_conv_channels=256x256x256_fc_dims=512x256_seed1,completed,a1f9c74b1d,trial_0154_lr=3.0e-04_weight_decay=1.0e-05_kernel_sizes=7x7x5_conv_channels=256x256x256_fc_dims=512x256_seed1
0.18511762062708537,0.1569430244766367,50,0.18779814207553863,0.1407822875223238,1139519,2400,600,1000,50,7.1,cuda,0,8.1,0,user-Puget-Workstation-Threadripper-PRO-WRX90-T140-XL,trial_0155_lr=3.0e-04_weight_decay=1.0e-04_kernel_sizes=7x7x5_conv_channels=256x256x256_fc_dims=512x256_seed0,completed,5db4fbf3e0,trial_0155_lr=3.0e-04_weight_decay=1.0e-04_kernel_sizes=7x7x5_conv_channels=256x256x256_fc_dims=512x256_seed0
0.1854933112859726,0.16099388303629258,50,0.18708780229091646,0.14283874630291565,1139519,2400,600,1000,50,6.9,cuda,1,7.7,1,user-Puget-Workstation-Threadripper-PRO-WRX90-T140-XL,trial_0155_lr=3.0e-04_weight_decay=1.0e-04_kernel_sizes=7x7x5_conv_channels=256x256x256_fc_dims=512x256_seed1,completed,5db4fbf3e0,trial_0155_lr=3.0e-04_weight_decay=1.0e-04_kernel_sizes=7x7x5_conv_channels=256x256x256_fc_dims=512x256_seed1
0.18108103613058726,0.17929578941866006,49,0.18517273259162903,0.1570334682496512,1139519,2400,600,1000,50,7.2,cuda,0,8.0,0,user-Puget-Workstation-Threadripper-PRO-WRX90-T140-XL,trial_0156_lr=1.0e-03_weight_decay=0_kernel_sizes=7x7x5_conv_channels=256x256x256_fc_dims=512x256_seed0,completed,d04abb4646,trial_0156_lr=1.0e-03_weight_decay=0_kernel_sizes=7x7x5_conv_channels=256x256x256_fc_dims=512x256_seed0
0.1819391749302546,0.17903259853773415,50,0.18535535383224488,0.15650715751428831,1139519,2400,600,1000,50,7.0,cuda,1,7.8,1,user-Puget-Workstation-Threadripper-PRO-WRX90-T140-XL,trial_0156_lr=1.0e-03_weight_decay=0_kernel_sizes=7x7x5_conv_channels=256x256x256_fc_dims=512x256_seed1,completed,d04abb4646,trial_0156_lr=1.0e-03_weight_decay=0_kernel_sizes=7x7x5_conv_channels=256x256x256_fc_dims=512x256_seed1
0.18011056880156198,0.18501262727475107,50,0.18453013741970062,0.16137609587271884,1139519,2400,600,1000,50,7.0,cuda,0,7.8,0,user-Puget-Workstation-Threadripper-PRO-WRX90-T140-XL,trial_0157_lr=1.0e-03_weight_decay=1.0e-05_kernel_sizes=7x7x5_conv_channels=256x256x256_fc_dims=512x256_seed0,completed,58732a737c,trial_0157_lr=1.0e-03_weight_decay=1.0e-05_kernel_sizes=7x7x5_conv_channels=256x256x256_fc_dims=512x256_seed0
0.18114273329575856,0.18396685408149724,50,0.18500183546543122,0.15902220185523033,1139519,2400,600,1000,50,7.0,cuda,1,7.7,1,user-Puget-Workstation-Threadripper-PRO-WRX90-T140-XL,trial_0157_lr=1.0e-03_weight_decay=1.0e-05_kernel_sizes=7x7x5_conv_channels=256x256x256_fc_dims=512x256_seed1,completed,58732a737c,trial_0157_lr=1.0e-03_weight_decay=1.0e-05_kernel_sizes=7x7x5_conv_channels=256x256x256_fc_dims=512x256_seed1
0.17460656781991324,0.21449232627122275,49,0.1805904895067215,0.1832363361694173,1139519,2400,600,1000,50,7.0,cuda,0,7.8,0,user-Puget-Workstation-Threadripper-PRO-WRX90-T140-XL,trial_0158_lr=1.0e-03_weight_decay=1.0e-04_kernel_sizes=7x7x5_conv_channels=256x256x256_fc_dims=512x256_seed0,completed,0fb8c7247d,trial_0158_lr=1.0e-03_weight_decay=1.0e-04_kernel_sizes=7x7x5_conv_channels=256x256x256_fc_dims=512x256_seed0
0.20689152558644613,0.04026956341739852,5,0.20595499217510224,0.026616806661076083,1139519,2400,600,1000,8,1.6,cuda,1,2.6,1,user-Puget-Workstation-Threadripper-PRO-WRX90-T140-XL,trial_0158_lr=1.0e-03_weight_decay=1.0e-04_kernel_sizes=7x7x5_conv_channels=256x256x256_fc_dims=512x256_seed1,completed,0fb8c7247d,trial_0158_lr=1.0e-03_weight_decay=1.0e-04_kernel_sizes=7x7x5_conv_channels=256x256x256_fc_dims=512x256_seed1
0.18071388959884643,0.1758114377321063,50,0.18480830085277558,0.15581404872445187,1139519,2400,600,1000,50,7.1,cuda,0,7.9,0,user-Puget-Workstation-Threadripper-PRO-WRX90-T140-XL,trial_0159_lr=3.0e-03_weight_decay=0_kernel_sizes=7x7x5_conv_channels=256x256x256_fc_dims=512x256_seed0,completed,69812e85ba,trial_0159_lr=3.0e-03_weight_decay=0_kernel_sizes=7x7x5_conv_channels=256x256x256_fc_dims=512x256_seed0
0.19639094412326813,0.09529635003974378,12,0.19503445076942444,0.08192178428641467,1139519,2400,600,1000,15,2.5,cuda,1,3.3,1,user-Puget-Workstation-Threadripper-PRO-WRX90-T140-XL,trial_0159_lr=3.0e-03_weight_decay=0_kernel_sizes=7x7x5_conv_channels=256x256x256_fc_dims=512x256_seed1,completed,69812e85ba,trial_0159_lr=3.0e-03_weight_decay=0_kernel_sizes=7x7x5_conv_channels=256x256x256_fc_dims=512x256_seed1
0.17891868631045024,0.1880621589469263,50,0.18390957498550414,0.16369225914466096,1139519,2400,600,1000,50,7.1,cuda,0,7.9,0,user-Puget-Workstation-Threadripper-PRO-WRX90-T140-XL,trial_0160_lr=3.0e-03_weight_decay=1.0e-05_kernel_sizes=7x7x5_conv_channels=256x256x256_fc_dims=512x256_seed0,completed,b807d2e7dc,trial_0160_lr=3.0e-03_weight_decay=1.0e-05_kernel_sizes=7x7x5_conv_channels=256x256x256_fc_dims=512x256_seed0
0.1818253391981125,0.18194820779449625,50,0.18527888894081115,0.15895156322234327,1139519,2400,600,1000,50,7.1,cuda,1,7.9,1,user-Puget-Workstation-Threadripper-PRO-WRX90-T140-XL,trial_0160_lr=3.0e-03_weight_decay=1.0e-05_kernel_sizes=7x7x5_conv_channels=256x256x256_fc_dims=512x256_seed1,completed,b807d2e7dc,trial_0160_lr=3.0e-03_weight_decay=1.0e-05_kernel_sizes=7x7x5_conv_channels=256x256x256_fc_dims=512x256_seed1
0.18962525924046833,0.12823301006124335,22,0.19011997544765472,0.11807669995645134,1139519,2400,600,1000,25,3.7,cuda,0,4.6,0,user-Puget-Workstation-Threadripper-PRO-WRX90-T140-XL,trial_0161_lr=3.0e-03_weight_decay=1.0e-04_kernel_sizes=7x7x5_conv_channels=256x256x256_fc_dims=512x256_seed0,completed,c01b5cb209,trial_0161_lr=3.0e-03_weight_decay=1.0e-04_kernel_sizes=7x7x5_conv_channels=256x256x256_fc_dims=512x256_seed0
0.19715150932470957,0.08747921367709219,9,0.19544485008716583,0.08054182653028365,1139519,2400,600,1000,12,2.1,cuda,1,2.9,1,user-Puget-Workstation-Threadripper-PRO-WRX90-T140-XL,trial_0161_lr=3.0e-03_weight_decay=1.0e-04_kernel_sizes=7x7x5_conv_channels=256x256x256_fc_dims=512x256_seed1,completed,c01b5cb209,trial_0161_lr=3.0e-03_weight_decay=1.0e-04_kernel_sizes=7x7x5_conv_channels=256x256x256_fc_dims=512x256_seed1
0.18179434180259704,0.17880780740226948,50,0.1849316191673279,0.15719203375794888,762175,2400,600,1000,50,6.6,cuda,0,7.4,0,user-Puget-Workstation-Threadripper-PRO-WRX90-T140-XL,trial_0162_lr=3.0e-04_weight_decay=0_kernel_sizes=7x5x3_conv_channels=256x256x256_fc_dims=512_seed0,completed,2e7943695f,trial_0162_lr=3.0e-04_weight_decay=0_kernel_sizes=7x5x3_conv_channels=256x256x256_fc_dims=512_seed0
0.18289345363775888,0.17932686067198877,50,0.18540363788604736,0.15596213212668,762175,2400,600,1000,50,6.6,cuda,1,7.4,1,user-Puget-Workstation-Threadripper-PRO-WRX90-T140-XL,trial_0162_lr=3.0e-04_weight_decay=0_kernel_sizes=7x5x3_conv_channels=256x256x256_fc_dims=512_seed1,completed,2e7943695f,trial_0162_lr=3.0e-04_weight_decay=0_kernel_sizes=7x5x3_conv_channels=256x256x256_fc_dims=512_seed1
0.181537340482076,0.18018161993701945,50,0.18473185205459594,0.15835586102039917,762175,2400,600,1000,50,6.6,cuda,0,7.4,0,user-Puget-Workstation-Threadripper-PRO-WRX90-T140-XL,trial_0163_lr=3.0e-04_weight_decay=1.0e-05_kernel_sizes=7x5x3_conv_channels=256x256x256_fc_dims=512_seed0,completed,98e47ecd4c,trial_0163_lr=3.0e-04_weight_decay=1.0e-05_kernel_sizes=7x5x3_conv_channels=256x256x256_fc_dims=512_seed0
0.18263847529888153,0.1805548455228347,50,0.18518534100055695,0.1570258417476311,762175,2400,600,1000,50,6.6,cuda,1,7.4,1,user-Puget-Workstation-Threadripper-PRO-WRX90-T140-XL,trial_0163_lr=3.0e-04_weight_decay=1.0e-05_kernel_sizes=7x5x3_conv_channels=256x256x256_fc_dims=512_seed1,completed,98e47ecd4c,trial_0163_lr=3.0e-04_weight_decay=1.0e-05_kernel_sizes=7x5x3_conv_channels=256x256x256_fc_dims=512_seed1
0.17961446205774942,0.19099833422475493,50,0.1831495521068573,0.1671107280182643,762175,2400,600,1000,50,6.5,cuda,0,7.4,0,user-Puget-Workstation-Threadripper-PRO-WRX90-T140-XL,trial_0164_lr=3.0e-04_weight_decay=1.0e-04_kernel_sizes=7x5x3_conv_channels=256x256x256_fc_dims=512_seed0,completed,87e569f1a2,trial_0164_lr=3.0e-04_weight_decay=1.0e-04_kernel_sizes=7x5x3_conv_channels=256x256x256_fc_dims=512_seed0
0.19636146068573,0.10226856093206063,13,0.19607359647750855,0.09111123362695221,762175,2400,600,1000,16,2.5,cuda,1,3.3,1,user-Puget-Workstation-Threadripper-PRO-WRX90-T140-XL,trial_0164_lr=3.0e-04_weight_decay=1.0e-04_kernel_sizes=7x5x3_conv_channels=256x256x256_fc_dims=512_seed1,completed,87e569f1a2,trial_0164_lr=3.0e-04_weight_decay=1.0e-04_kernel_sizes=7x5x3_conv_channels=256x256x256_fc_dims=512_seed1
0.1724526713291804,0.2285115548589715,50,0.17850545489788056,0.1973777698558436,762175,2400,600,1000,50,6.7,cuda,0,7.5,0,user-Puget-Workstation-Threadripper-PRO-WRX90-T140-XL,trial_0165_lr=1.0e-03_weight_decay=0_kernel_sizes=7x5x3_conv_channels=256x256x256_fc_dims=512_seed0,completed,a47878d5f3,trial_0165_lr=1.0e-03_weight_decay=0_kernel_sizes=7x5x3_conv_channels=256x256x256_fc_dims=512_seed0
0.17314113875230153,0.230462598365123,50,0.17866472971439362,0.19803504897201255,762175,2400,600,1000,50,6.7,cuda,1,7.5,1,user-Puget-Workstation-Threadripper-PRO-WRX90-T140-XL,trial_0165_lr=1.0e-03_weight_decay=0_kernel_sizes=7x5x3_conv_channels=256x256x256_fc_dims=512_seed1,completed,a47878d5f3,trial_0165_lr=1.0e-03_weight_decay=0_kernel_sizes=7x5x3_conv_channels=256x256x256_fc_dims=512_seed1
0.17159155209859211,0.23355024198978158,50,0.17805258417129516,0.20188352734180323,762175,2400,600,1000,50,6.6,cuda,0,7.4,0,user-Puget-Workstation-Threadripper-PRO-WRX90-T140-XL,trial_0166_lr=1.0e-03_weight_decay=1.0e-05_kernel_sizes=7x5x3_conv_channels=256x256x256_fc_dims=512_seed0,completed,45c88432fb,trial_0166_lr=1.0e-03_weight_decay=1.0e-05_kernel_sizes=7x5x3_conv_channels=256x256x256_fc_dims=512_seed0
0.1723057629664739,0.23551115808830436,50,0.17800143766403198,0.20260354971513356,762175,2400,600,1000,50,6.5,cuda,1,7.3,1,user-Puget-Workstation-Threadripper-PRO-WRX90-T140-XL,trial_0166_lr=1.0e-03_weight_decay=1.0e-05_kernel_sizes=7x5x3_conv_channels=256x256x256_fc_dims=512_seed1,completed,45c88432fb,trial_0166_lr=1.0e-03_weight_decay=1.0e-05_kernel_sizes=7x5x3_conv_channels=256x256x256_fc_dims=512_seed1
0.16736361960570018,0.2582757352267043,50,0.17454702270030975,0.2230222466993545,762175,2400,600,1000,50,6.8,cuda,0,7.6,0,user-Puget-Workstation-Threadripper-PRO-WRX90-T140-XL,trial_0167_lr=1.0e-03_weight_decay=1.0e-04_kernel_sizes=7x5x3_conv_channels=256x256x256_fc_dims=512_seed0,completed,193a9a441a,trial_0167_lr=1.0e-03_weight_decay=1.0e-04_kernel_sizes=7x5x3_conv_channels=256x256x256_fc_dims=512_seed0
0.16815774917602538,0.26081796614859265,50,0.17462307167053223,0.22396937875642078,762175,2400,600,1000,50,6.7,cuda,1,7.4,1,user-Puget-Workstation-Threadripper-PRO-WRX90-T140-XL,trial_0167_lr=1.0e-03_weight_decay=1.0e-04_kernel_sizes=7x5x3_conv_channels=256x256x256_fc_dims=512_seed1,completed,193a9a441a,trial_0167_lr=1.0e-03_weight_decay=1.0e-04_kernel_sizes=7x5x3_conv_channels=256x256x256_fc_dims=512_seed1
0.17230754474798837,0.22735749564230617,50,0.17954108715057374,0.19324832437203288,762175,2400,600,1000,50,6.6,cuda,0,7.5,0,user-Puget-Workstation-Threadripper-PRO-WRX90-T140-XL,trial_0168_lr=3.0e-03_weight_decay=0_kernel_sizes=7x5x3_conv_channels=256x256x256_fc_dims=512_seed0,completed,4af5e2b58d,trial_0168_lr=3.0e-03_weight_decay=0_kernel_sizes=7x5x3_conv_channels=256x256x256_fc_dims=512_seed0
0.17295988003412882,0.230122219934032,50,0.17899627351760863,0.19762874003130504,762175,2400,600,1000,50,6.6,cuda,1,7.4,1,user-Puget-Workstation-Threadripper-PRO-WRX90-T140-XL,trial_0168_lr=3.0e-03_weight_decay=0_kernel_sizes=7x5x3_conv_channels=256x256x256_fc_dims=512_seed1,completed,4af5e2b58d,trial_0168_lr=3.0e-03_weight_decay=0_kernel_sizes=7x5x3_conv_channels=256x256x256_fc_dims=512_seed1
0.1705184547106425,0.23813550022817134,49,0.17824583983421324,0.20228544447655758,762175,2400,600,1000,50,6.6,cuda,0,7.4,0,user-Puget-Workstation-Threadripper-PRO-WRX90-T140-XL,trial_0169_lr=3.0e-03_weight_decay=1.0e-05_kernel_sizes=7x5x3_conv_channels=256x256x256_fc_dims=512_seed0,completed,6aa740c834,trial_0169_lr=3.0e-03_weight_decay=1.0e-05_kernel_sizes=7x5x3_conv_channels=256x256x256_fc_dims=512_seed0
0.17133638759454092,0.2410889148727549,50,0.1776598879098892,0.20956577095634038,762175,2400,600,1000,50,6.6,cuda,1,7.4,1,user-Puget-Workstation-Threadripper-PRO-WRX90-T140-XL,trial_0169_lr=3.0e-03_weight_decay=1.0e-05_kernel_sizes=7x5x3_conv_channels=256x256x256_fc_dims=512_seed1,completed,6aa740c834,trial_0169_lr=3.0e-03_weight_decay=1.0e-05_kernel_sizes=7x5x3_conv_channels=256x256x256_fc_dims=512_seed1
0.1918774676322937,0.11807743322608992,11,0.19204392671585083,0.1049807406794367,762175,2400,600,1000,14,2.3,cuda,0,3.1,0,user-Puget-Workstation-Threadripper-PRO-WRX90-T140-XL,trial_0170_lr=3.0e-03_weight_decay=1.0e-04_kernel_sizes=7x5x3_conv_channels=256x256x256_fc_dims=512_seed0,completed,c3055f0d93,trial_0170_lr=3.0e-03_weight_decay=1.0e-04_kernel_sizes=7x5x3_conv_channels=256x256x256_fc_dims=512_seed0
0.19198775450388592,0.12288297855895434,11,0.1918321635723114,0.10745407563694184,762175,2400,600,1000,14,2.3,cuda,1,3.0,1,user-Puget-Workstation-Threadripper-PRO-WRX90-T140-XL,trial_0170_lr=3.0e-03_weight_decay=1.0e-04_kernel_sizes=7x5x3_conv_channels=256x256x256_fc_dims=512_seed1,completed,c3055f0d93,trial_0170_lr=3.0e-03_weight_decay=1.0e-04_kernel_sizes=7x5x3_conv_channels=256x256x256_fc_dims=512_seed1
0.2006622000535329,0.07794465170365628,11,0.20089688205718995,0.0721185949918864,877375,2400,600,1000,14,2.4,cuda,0,3.2,0,user-Puget-Workstation-Threadripper-PRO-WRX90-T140-XL,trial_0171_lr=3.0e-04_weight_decay=0_kernel_sizes=7x5x3_conv_channels=256x256x256_fc_dims=512x256_seed0,completed,726ff8751f,trial_0171_lr=3.0e-04_weight_decay=0_kernel_sizes=7x5x3_conv_channels=256x256x256_fc_dims=512x256_seed0
0.20177914957205453,0.07847889678259339,10,0.20137458324432372,0.06816038746272085,877375,2400,600,1000,13,2.2,cuda,1,3.0,1,user-Puget-Workstation-Threadripper-PRO-WRX90-T140-XL,trial_0171_lr=3.0e-04_weight_decay=0_kernel_sizes=7x5x3_conv_channels=256x256x256_fc_dims=512x256_seed1,completed,726ff8751f,trial_0171_lr=3.0e-04_weight_decay=0_kernel_sizes=7x5x3_conv_channels=256x256x256_fc_dims=512x256_seed1
0.2006246527036031,0.07827859752737548,11,0.2008759651184082,0.07234842420485708,877375,2400,600,1000,14,2.4,cuda,0,3.2,0,user-Puget-Workstation-Threadripper-PRO-WRX90-T140-XL,trial_0172_lr=3.0e-04_weight_decay=1.0e-05_kernel_sizes=7x5x3_conv_channels=256x256x256_fc_dims=512x256_seed0,completed,bc1e7a64e2,trial_0172_lr=3.0e-04_weight_decay=1.0e-05_kernel_sizes=7x5x3_conv_channels=256x256x256_fc_dims=512x256_seed0
0.2018241326014201,0.0788179480022239,10,0.201448366522789,0.06839561320997072,877375,2400,600,1000,13,2.2,cuda,1,3.0,1,user-Puget-Workstation-Threadripper-PRO-WRX90-T140-XL,trial_0172_lr=3.0e-04_weight_decay=1.0e-05_kernel_sizes=7x5x3_conv_channels=256x256x256_fc_dims=512x256_seed1,completed,bc1e7a64e2,trial_0172_lr=3.0e-04_weight_decay=1.0e-05_kernel_sizes=7x5x3_conv_channels=256x256x256_fc_dims=512x256_seed1
0.20057714104652405,0.08010486519595231,11,0.20098043644428254,0.07408534552730481,877375,2400,600,1000,14,2.3,cuda,0,3.2,0,user-Puget-Workstation-Threadripper-PRO-WRX90-T140-XL,trial_0173_lr=3.0e-04_weight_decay=1.0e-04_kernel_sizes=7x5x3_conv_channels=256x256x256_fc_dims=512x256_seed0,completed,289bf98ced,trial_0173_lr=3.0e-04_weight_decay=1.0e-04_kernel_sizes=7x5x3_conv_channels=256x256x256_fc_dims=512x256_seed0
0.2018305573860804,0.08090034663672195,10,0.20157539200782776,0.07012119506343267,877375,2400,600,1000,13,2.2,cuda,1,3.0,1,user-Puget-Workstation-Threadripper-PRO-WRX90-T140-XL,trial_0173_lr=3.0e-04_weight_decay=1.0e-04_kernel_sizes=7x5x3_conv_channels=256x256x256_fc_dims=512x256_seed1,completed,289bf98ced,trial_0173_lr=3.0e-04_weight_decay=1.0e-04_kernel_sizes=7x5x3_conv_channels=256x256x256_fc_dims=512x256_seed1
0.18062207818031312,0.18754922700311735,50,0.18528128087520598,0.1614733520877372,877375,2400,600,1000,50,6.9,cuda,0,7.7,0,user-Puget-Workstation-Threadripper-PRO-WRX90-T140-XL,trial_0174_lr=1.0e-03_weight_decay=0_kernel_sizes=7x5x3_conv_channels=256x256x256_fc_dims=512x256_seed0,completed,e73cdeb04c,trial_0174_lr=1.0e-03_weight_decay=0_kernel_sizes=7x5x3_conv_channels=256x256x256_fc_dims=512x256_seed0
0.18074833710988364,0.19150354618384702,50,0.18466084551811218,0.16388794246207414,877375,2400,600,1000,50,6.7,cuda,1,7.5,1,user-Puget-Workstation-Threadripper-PRO-WRX90-T140-XL,trial_0174_lr=1.0e-03_weight_decay=0_kernel_sizes=7x5x3_conv_channels=256x256x256_fc_dims=512x256_seed1,completed,e73cdeb04c,trial_0174_lr=1.0e-03_weight_decay=0_kernel_sizes=7x5x3_conv_channels=256x256x256_fc_dims=512x256_seed1
0.17913060903549194,0.19365892873086488,50,0.18391863465309144,0.1667942887996291,877375,2400,600,1000,50,6.9,cuda,0,7.7,0,user-Puget-Workstation-Threadripper-PRO-WRX90-T140-XL,trial_0175_lr=1.0e-03_weight_decay=1.0e-05_kernel_sizes=7x5x3_conv_channels=256x256x256_fc_dims=512x256_seed0,completed,748b06c99f,trial_0175_lr=1.0e-03_weight_decay=1.0e-05_kernel_sizes=7x5x3_conv_channels=256x256x256_fc_dims=512x256_seed0
0.17975516180197398,0.19625829456957464,50,0.18372038793563844,0.16805082461839851,877375,2400,600,1000,50,6.9,cuda,1,7.7,1,user-Puget-Workstation-Threadripper-PRO-WRX90-T140-XL,trial_0175_lr=1.0e-03_weight_decay=1.0e-05_kernel_sizes=7x5x3_conv_channels=256x256x256_fc_dims=512x256_seed1,completed,748b06c99f,trial_0175_lr=1.0e-03_weight_decay=1.0e-05_kernel_sizes=7x5x3_conv_channels=256x256x256_fc_dims=512x256_seed1
0.1745390878121058,0.2154153077509559,50,0.18046420454978943,0.18404220346736994,877375,2400,600,1000,50,6.9,cuda,0,7.7,0,user-Puget-Workstation-Threadripper-PRO-WRX90-T140-XL,trial_0176_lr=1.0e-03_weight_decay=1.0e-04_kernel_sizes=7x5x3_conv_channels=256x256x256_fc_dims=512x256_seed0,completed,72ebf75fe0,trial_0176_lr=1.0e-03_weight_decay=1.0e-04_kernel_sizes=7x5x3_conv_channels=256x256x256_fc_dims=512x256_seed0
0.17414210677146913,0.22302703787835548,50,0.17986239886283875,0.1898090038925127,877375,2400,600,1000,50,6.8,cuda,1,7.6,1,user-Puget-Workstation-Threadripper-PRO-WRX90-T140-XL,trial_0176_lr=1.0e-03_weight_decay=1.0e-04_kernel_sizes=7x5x3_conv_channels=256x256x256_fc_dims=512x256_seed1,completed,72ebf75fe0,trial_0176_lr=1.0e-03_weight_decay=1.0e-04_kernel_sizes=7x5x3_conv_channels=256x256x256_fc_dims=512x256_seed1
0.1740879774093628,0.2193913032337203,50,0.18085054981708526,0.1854968749072431,877375,2400,600,1000,50,6.9,cuda,0,7.7,0,user-Puget-Workstation-Threadripper-PRO-WRX90-T140-XL,trial_0177_lr=3.0e-03_weight_decay=0_kernel_sizes=7x5x3_conv_channels=256x256x256_fc_dims=512x256_seed0,completed,2886017597,trial_0177_lr=3.0e-03_weight_decay=0_kernel_sizes=7x5x3_conv_channels=256x256x256_fc_dims=512x256_seed0
0.17571702043215434,0.21504937520570058,50,0.18181489622592925,0.18138563597346138,877375,2400,600,1000,50,6.7,cuda,1,7.5,1,user-Puget-Workstation-Threadripper-PRO-WRX90-T140-XL,trial_0177_lr=3.0e-03_weight_decay=0_kernel_sizes=7x5x3_conv_channels=256x256x256_fc_dims=512x256_seed1,completed,2886017597,trial_0177_lr=3.0e-03_weight_decay=0_kernel_sizes=7x5x3_conv_channels=256x256x256_fc_dims=512x256_seed1
0.17242960155010223,0.2264447031725433,50,0.1791274266242981,0.19347538304510806,877375,2400,600,1000,50,6.8,cuda,0,7.6,0,user-Puget-Workstation-Threadripper-PRO-WRX90-T140-XL,trial_0178_lr=3.0e-03_weight_decay=1.0e-05_kernel_sizes=7x5x3_conv_channels=256x256x256_fc_dims=512x256_seed0,completed,b2f2d3656e,trial_0178_lr=3.0e-03_weight_decay=1.0e-05_kernel_sizes=7x5x3_conv_channels=256x256x256_fc_dims=512x256_seed0
0.1743834622701009,0.22285045605857381,49,0.180743115067482,0.18978221561638448,877375,2400,600,1000,50,6.8,cuda,1,7.6,1,user-Puget-Workstation-Threadripper-PRO-WRX90-T140-XL,trial_0178_lr=3.0e-03_weight_decay=1.0e-05_kernel_sizes=7x5x3_conv_channels=256x256x256_fc_dims=512x256_seed1,completed,b2f2d3656e,trial_0178_lr=3.0e-03_weight_decay=1.0e-05_kernel_sizes=7x5x3_conv_channels=256x256x256_fc_dims=512x256_seed1
0.17027035117149353,0.23966330031281388,50,0.17702986562252046,0.20532812396892763,877375,2400,600,1000,50,6.9,cuda,0,7.7,0,user-Puget-Workstation-Threadripper-PRO-WRX90-T140-XL,trial_0179_lr=3.0e-03_weight_decay=1.0e-04_kernel_sizes=7x5x3_conv_channels=256x256x256_fc_dims=512x256_seed0,completed,d4e5234822,trial_0179_lr=3.0e-03_weight_decay=1.0e-04_kernel_sizes=7x5x3_conv_channels=256x256x256_fc_dims=512x256_seed0
0.19346345007419585,0.11313176117720616,8,0.19335833179950715,0.09674675215224321,877375,2400,600,1000,11,1.9,cuda,1,2.7,1,user-Puget-Workstation-Threadripper-PRO-WRX90-T140-XL,trial_0179_lr=3.0e-03_weight_decay=1.0e-04_kernel_sizes=7x5x3_conv_channels=256x256x256_fc_dims=512x256_seed1,completed,d4e5234822,trial_0179_lr=3.0e-03_weight_decay=1.0e-04_kernel_sizes=7x5x3_conv_channels=256x256x256_fc_dims=512x256_seed1
0.1952076017856598,0.10811082617124586,14,0.19651939380168915,0.09549341682077514,741695,2400,600,1000,17,2.7,cuda,0,3.5,0,user-Puget-Workstation-Threadripper-PRO-WRX90-T140-XL,trial_0180_lr=3.0e-04_weight_decay=0_kernel_sizes=5x5x3_conv_channels=256x256x256_fc_dims=512_seed0,completed,a1fb6731a5,trial_0180_lr=3.0e-04_weight_decay=0_kernel_sizes=5x5x3_conv_channels=256x256x256_fc_dims=512_seed0
0.18226761976877848,0.1816429720838816,50,0.1845760899782181,0.16091350550781802,741695,2400,600,1000,50,6.5,cuda,1,7.3,1,user-Puget-Workstation-Threadripper-PRO-WRX90-T140-XL,trial_0180_lr=3.0e-04_weight_decay=0_kernel_sizes=5x5x3_conv_channels=256x256x256_fc_dims=512_seed1,completed,a1fb6731a5,trial_0180_lr=3.0e-04_weight_decay=0_kernel_sizes=5x5x3_conv_channels=256x256x256_fc_dims=512_seed1
0.19523566285769145,0.10831719286717129,14,0.1965585185289383,0.09564008589330644,741695,2400,600,1000,17,2.6,cuda,0,3.5,0,user-Puget-Workstation-Threadripper-PRO-WRX90-T140-XL,trial_0181_lr=3.0e-04_weight_decay=1.0e-05_kernel_sizes=5x5x3_conv_channels=256x256x256_fc_dims=512_seed0,completed,8e25c61653,trial_0181_lr=3.0e-04_weight_decay=1.0e-05_kernel_sizes=5x5x3_conv_channels=256x256x256_fc_dims=512_seed0
0.18201906402905782,0.1829790487859595,50,0.1843721569776535,0.16207947766827283,741695,2400,600,1000,50,6.6,cuda,1,7.4,1,user-Puget-Workstation-Threadripper-PRO-WRX90-T140-XL,trial_0181_lr=3.0e-04_weight_decay=1.0e-05_kernel_sizes=5x5x3_conv_channels=256x256x256_fc_dims=512_seed1,completed,8e25c61653,trial_0181_lr=3.0e-04_weight_decay=1.0e-05_kernel_sizes=5x5x3_conv_channels=256x256x256_fc_dims=512_seed1
0.1950007168451945,0.10983705173763243,14,0.1963409345149994,0.09719249359096704,741695,2400,600,1000,17,2.7,cuda,0,3.4,0,user-Puget-Workstation-Threadripper-PRO-WRX90-T140-XL,trial_0182_lr=3.0e-04_weight_decay=1.0e-04_kernel_sizes=5x5x3_conv_channels=256x256x256_fc_dims=512_seed0,completed,c707a71527,trial_0182_lr=3.0e-04_weight_decay=1.0e-04_kernel_sizes=5x5x3_conv_channels=256x256x256_fc_dims=512_seed0
0.1801311214764913,0.19336968767207707,50,0.1827757874727249,0.17096321817846633,741695,2400,600,1000,50,6.5,cuda,1,7.3,1,user-Puget-Workstation-Threadripper-PRO-WRX90-T140-XL,trial_0182_lr=3.0e-04_weight_decay=1.0e-04_kernel_sizes=5x5x3_conv_channels=256x256x256_fc_dims=512_seed1,completed,c707a71527,trial_0182_lr=3.0e-04_weight_decay=1.0e-04_kernel_sizes=5x5x3_conv_channels=256x256x256_fc_dims=512_seed1
0.1977642144759496,0.09897105128831761,8,0.19991156911849975,0.0890900226422809,741695,2400,600,1000,11,1.9,cuda,0,2.7,0,user-Puget-Workstation-Threadripper-PRO-WRX90-T140-XL,trial_0183_lr=1.0e-03_weight_decay=0_kernel_sizes=5x5x3_conv_channels=256x256x256_fc_dims=512_seed0,completed,bdbaecb176,trial_0183_lr=1.0e-03_weight_decay=0_kernel_sizes=5x5x3_conv_channels=256x256x256_fc_dims=512_seed0
0.19660456796487172,0.10186409506016389,8,0.19767393350601195,0.09180718240671669,741695,2400,600,1000,11,1.9,cuda,1,2.7,1,user-Puget-Workstation-Threadripper-PRO-WRX90-T140-XL,trial_0183_lr=1.0e-03_weight_decay=0_kernel_sizes=5x5x3_conv_channels=256x256x256_fc_dims=512_seed1,completed,bdbaecb176,trial_0183_lr=1.0e-03_weight_decay=0_kernel_sizes=5x5x3_conv_channels=256x256x256_fc_dims=512_seed1
0.19736830453077953,0.09856425418784336,8,0.19948546516895294,0.08910296981217107,741695,2400,600,1000,11,1.9,cuda,0,2.7,0,user-Puget-Workstation-Threadripper-PRO-WRX90-T140-XL,trial_0184_lr=1.0e-03_weight_decay=1.0e-05_kernel_sizes=5x5x3_conv_channels=256x256x256_fc_dims=512_seed0,completed,eb49d70468,trial_0184_lr=1.0e-03_weight_decay=1.0e-05_kernel_sizes=5x5x3_conv_channels=256x256x256_fc_dims=512_seed0
0.21850058277448017,0.054101916129069935,3,0.21893676686286925,0.04742404627521322,741695,2400,600,1000,6,1.3,cuda,1,2.1,1,user-Puget-Workstation-Threadripper-PRO-WRX90-T140-XL,trial_0184_lr=1.0e-03_weight_decay=1.0e-05_kernel_sizes=5x5x3_conv_channels=256x256x256_fc_dims=512_seed1,completed,eb49d70468,trial_0184_lr=1.0e-03_weight_decay=1.0e-05_kernel_sizes=5x5x3_conv_channels=256x256x256_fc_dims=512_seed1
0.19691281278928122,0.09968250661802072,8,0.19915747046470642,0.09008552687106831,741695,2400,600,1000,11,1.9,cuda,0,2.7,0,user-Puget-Workstation-Threadripper-PRO-WRX90-T140-XL,trial_0185_lr=1.0e-03_weight_decay=1.0e-04_kernel_sizes=5x5x3_conv_channels=256x256x256_fc_dims=512_seed0,completed,7ca29e6105,trial_0185_lr=1.0e-03_weight_decay=1.0e-04_kernel_sizes=5x5x3_conv_channels=256x256x256_fc_dims=512_seed0
0.21749487896760306,0.050554496824660816,3,0.21788006615638733,0.04417223555120933,741695,2400,600,1000,6,1.3,cuda,1,2.1,1,user-Puget-Workstation-Threadripper-PRO-WRX90-T140-XL,trial_0185_lr=1.0e-03_weight_decay=1.0e-04_kernel_sizes=5x5x3_conv_channels=256x256x256_fc_dims=512_seed1,completed,7ca29e6105,trial_0185_lr=1.0e-03_weight_decay=1.0e-04_kernel_sizes=5x5x3_conv_channels=256x256x256_fc_dims=512_seed1
0.16961467961470286,0.24428203816338875,50,0.1770741640329361,0.20881865429940422,741695,2400,600,1000,50,6.7,cuda,0,7.4,0,user-Puget-Workstation-Threadripper-PRO-WRX90-T140-XL,trial_0186_lr=3.0e-03_weight_decay=0_kernel_sizes=5x5x3_conv_channels=256x256x256_fc_dims=512_seed0,completed,54adbecb1c,trial_0186_lr=3.0e-03_weight_decay=0_kernel_sizes=5x5x3_conv_channels=256x256x256_fc_dims=512_seed0
0.17027227262655895,0.24617001760424131,50,0.17664688658714295,0.21201870678509147,741695,2400,600,1000,50,6.5,cuda,1,7.3,1,user-Puget-Workstation-Threadripper-PRO-WRX90-T140-XL,trial_0186_lr=3.0e-03_weight_decay=0_kernel_sizes=5x5x3_conv_channels=256x256x256_fc_dims=512_seed1,completed,54adbecb1c,trial_0186_lr=3.0e-03_weight_decay=0_kernel_sizes=5x5x3_conv_channels=256x256x256_fc_dims=512_seed1
0.16807398378849028,0.25396063174089,50,0.17566192722320556,0.21726976885110913,741695,2400,600,1000,50,6.6,cuda,0,7.5,0,user-Puget-Workstation-Threadripper-PRO-WRX90-T140-XL,trial_0187_lr=3.0e-03_weight_decay=1.0e-05_kernel_sizes=5x5x3_conv_channels=256x256x256_fc_dims=512_seed0,completed,33d7d32972,trial_0187_lr=3.0e-03_weight_decay=1.0e-05_kernel_sizes=5x5x3_conv_channels=256x256x256_fc_dims=512_seed0
0.16861729919910431,0.25707313677862575,50,0.17484358048439025,0.22348833604573462,741695,2400,600,1000,50,6.5,cuda,1,7.3,1,user-Puget-Workstation-Threadripper-PRO-WRX90-T140-XL,trial_0187_lr=3.0e-03_weight_decay=1.0e-05_kernel_sizes=5x5x3_conv_channels=256x256x256_fc_dims=512_seed1,completed,33d7d32972,trial_0187_lr=3.0e-03_weight_decay=1.0e-05_kernel_sizes=5x5x3_conv_channels=256x256x256_fc_dims=512_seed1
0.1895872622728348,0.127757706943826,11,0.19111090099811553,0.10908178415804898,741695,2400,600,1000,14,2.2,cuda,0,3.1,0,user-Puget-Workstation-Threadripper-PRO-WRX90-T140-XL,trial_0188_lr=3.0e-03_weight_decay=1.0e-04_kernel_sizes=5x5x3_conv_channels=256x256x256_fc_dims=512_seed0,completed,428b4677b6,trial_0188_lr=3.0e-03_weight_decay=1.0e-04_kernel_sizes=5x5x3_conv_channels=256x256x256_fc_dims=512_seed0
0.1897930012146632,0.13577638366354677,11,0.1903562809228897,0.11715195696549469,741695,2400,600,1000,14,2.3,cuda,1,3.1,1,user-Puget-Workstation-Threadripper-PRO-WRX90-T140-XL,trial_0188_lr=3.0e-03_weight_decay=1.0e-04_kernel_sizes=5x5x3_conv_channels=256x256x256_fc_dims=512_seed1,completed,428b4677b6,trial_0188_lr=3.0e-03_weight_decay=1.0e-04_kernel_sizes=5x5x3_conv_channels=256x256x256_fc_dims=512_seed1
0.20120417137940724,0.08025608213241354,11,0.20290382266044615,0.06998976858968763,856895,2400,600,1000,14,2.4,cuda,0,3.2,0,user-Puget-Workstation-Threadripper-PRO-WRX90-T140-XL,trial_0189_lr=3.0e-04_weight_decay=0_kernel_sizes=5x5x3_conv_channels=256x256x256_fc_dims=512x256_seed0,completed,0df2813c6c,trial_0189_lr=3.0e-04_weight_decay=0_kernel_sizes=5x5x3_conv_channels=256x256x256_fc_dims=512x256_seed0
0.20144616027673085,0.08594346260196335,11,0.20242672514915466,0.07397109289655919,856895,2400,600,1000,14,2.3,cuda,1,3.1,1,user-Puget-Workstation-Threadripper-PRO-WRX90-T140-XL,trial_0189_lr=3.0e-04_weight_decay=0_kernel_sizes=5x5x3_conv_channels=256x256x256_fc_dims=512x256_seed1,completed,0df2813c6c,trial_0189_lr=3.0e-04_weight_decay=0_kernel_sizes=5x5x3_conv_channels=256x256x256_fc_dims=512x256_seed1
0.2011371833086014,0.080562993789685,11,0.2028371683359146,0.07025101925765251,856895,2400,600,1000,14,2.4,cuda,0,3.2,0,user-Puget-Workstation-Threadripper-PRO-WRX90-T140-XL,trial_0190_lr=3.0e-04_weight_decay=1.0e-05_kernel_sizes=5x5x3_conv_channels=256x256x256_fc_dims=512x256_seed0,completed,21475b97d7,trial_0190_lr=3.0e-04_weight_decay=1.0e-05_kernel_sizes=5x5x3_conv_channels=256x256x256_fc_dims=512x256_seed0
0.20148248076438904,0.08609262327574678,11,0.20248595309257508,0.07408167502210282,856895,2400,600,1000,14,2.3,cuda,1,3.1,1,user-Puget-Workstation-Threadripper-PRO-WRX90-T140-XL,trial_0190_lr=3.0e-04_weight_decay=1.0e-05_kernel_sizes=5x5x3_conv_channels=256x256x256_fc_dims=512x256_seed1,completed,21475b97d7,trial_0190_lr=3.0e-04_weight_decay=1.0e-05_kernel_sizes=5x5x3_conv_channels=256x256x256_fc_dims=512x256_seed1
0.20123177925745647,0.08197436795558169,11,0.2030099538564682,0.07146056053917489,856895,2400,600,1000,14,2.4,cuda,0,3.2,0,user-Puget-Workstation-Threadripper-PRO-WRX90-T140-XL,trial_0191_lr=3.0e-04_weight_decay=1.0e-04_kernel_sizes=5x5x3_conv_channels=256x256x256_fc_dims=512x256_seed0,completed,e5d6706e80,trial_0191_lr=3.0e-04_weight_decay=1.0e-04_kernel_sizes=5x5x3_conv_channels=256x256x256_fc_dims=512x256_seed0
0.20149538417657217,0.08694076917350238,11,0.20258944678306579,0.07460635170446929,856895,2400,600,1000,14,2.3,cuda,1,3.1,1,user-Puget-Workstation-Threadripper-PRO-WRX90-T140-XL,trial_0191_lr=3.0e-04_weight_decay=1.0e-04_kernel_sizes=5x5x3_conv_channels=256x256x256_fc_dims=512x256_seed1,completed,e5d6706e80,trial_0191_lr=3.0e-04_weight_decay=1.0e-04_kernel_sizes=5x5x3_conv_channels=256x256x256_fc_dims=512x256_seed1
0.20644472738107045,0.053773857625059616,5,0.20875465309619903,0.044313833767979004,856895,2400,600,1000,8,1.6,cuda,0,2.5,0,user-Puget-Workstation-Threadripper-PRO-WRX90-T140-XL,trial_0192_lr=1.0e-03_weight_decay=0_kernel_sizes=5x5x3_conv_channels=256x256x256_fc_dims=512x256_seed0,completed,efbafc502c,trial_0192_lr=1.0e-03_weight_decay=0_kernel_sizes=5x5x3_conv_channels=256x256x256_fc_dims=512x256_seed0
0.180070051352183,0.1946888701021162,49,0.18391768383979798,0.16778889756336896,856895,2400,600,1000,50,6.7,cuda,1,7.5,1,user-Puget-Workstation-Threadripper-PRO-WRX90-T140-XL,trial_0192_lr=1.0e-03_weight_decay=0_kernel_sizes=5x5x3_conv_channels=256x256x256_fc_dims=512x256_seed1,completed,efbafc502c,trial_0192_lr=1.0e-03_weight_decay=0_kernel_sizes=5x5x3_conv_channels=256x256x256_fc_dims=512x256_seed1
0.20669106741746265,0.053295670504290876,5,0.20901616775989532,0.043782798755197,856895,2400,600,1000,8,1.6,cuda,0,2.4,0,user-Puget-Workstation-Threadripper-PRO-WRX90-T140-XL,trial_0193_lr=1.0e-03_weight_decay=1.0e-05_kernel_sizes=5x5x3_conv_channels=256x256x256_fc_dims=512x256_seed0,completed,4d3ce97845,trial_0193_lr=1.0e-03_weight_decay=1.0e-05_kernel_sizes=5x5x3_conv_channels=256x256x256_fc_dims=512x256_seed0
0.17897175312042235,0.19938092842927105,49,0.18308703637123108,0.17121869037834386,856895,2400,600,1000,50,6.9,cuda,1,7.7,1,user-Puget-Workstation-Threadripper-PRO-WRX90-T140-XL,trial_0193_lr=1.0e-03_weight_decay=1.0e-05_kernel_sizes=5x5x3_conv_channels=256x256x256_fc_dims=512x256_seed1,completed,4d3ce97845,trial_0193_lr=1.0e-03_weight_decay=1.0e-05_kernel_sizes=5x5x3_conv_channels=256x256x256_fc_dims=512x256_seed1
0.20897069891293843,0.05238973236218727,5,0.2115465990304947,0.04253588931128765,856895,2400,600,1000,8,1.6,cuda,0,2.4,0,user-Puget-Workstation-Threadripper-PRO-WRX90-T140-XL,trial_0194_lr=1.0e-03_weight_decay=1.0e-04_kernel_sizes=5x5x3_conv_channels=256x256x256_fc_dims=512x256_seed0,completed,369a2e1836,trial_0194_lr=1.0e-03_weight_decay=1.0e-04_kernel_sizes=5x5x3_conv_channels=256x256x256_fc_dims=512x256_seed0
0.17473002135753632,0.21953965869614905,49,0.17971723115444183,0.18904972668184888,856895,2400,600,1000,50,6.9,cuda,1,7.8,1,user-Puget-Workstation-Threadripper-PRO-WRX90-T140-XL,trial_0194_lr=1.0e-03_weight_decay=1.0e-04_kernel_sizes=5x5x3_conv_channels=256x256x256_fc_dims=512x256_seed1,completed,369a2e1836,trial_0194_lr=1.0e-03_weight_decay=1.0e-04_kernel_sizes=5x5x3_conv_channels=256x256x256_fc_dims=512x256_seed1
0.17321908156077068,0.2248473364881569,50,0.18023787236213684,0.19176376497876935,856895,2400,600,1000,50,6.9,cuda,0,7.7,0,user-Puget-Workstation-Threadripper-PRO-WRX90-T140-XL,trial_0195_lr=3.0e-03_weight_decay=0_kernel_sizes=5x5x3_conv_channels=256x256x256_fc_dims=512x256_seed0,completed,7f0bcf194e,trial_0195_lr=3.0e-03_weight_decay=0_kernel_sizes=5x5x3_conv_channels=256x256x256_fc_dims=512x256_seed0
0.17441686610380808,0.22195697346706733,50,0.1797300649881363,0.19088624301148005,856895,2400,600,1000,50,6.8,cuda,1,7.6,1,user-Puget-Workstation-Threadripper-PRO-WRX90-T140-XL,trial_0195_lr=3.0e-03_weight_decay=0_kernel_sizes=5x5x3_conv_channels=256x256x256_fc_dims=512x256_seed1,completed,7f0bcf194e,trial_0195_lr=3.0e-03_weight_decay=0_kernel_sizes=5x5x3_conv_channels=256x256x256_fc_dims=512x256_seed1
0.17188706894715627,0.23115280472579808,49,0.17909791135787964,0.1955358573708632,856895,2400,600,1000,50,6.9,cuda,0,7.7,0,user-Puget-Workstation-Threadripper-PRO-WRX90-T140-XL,trial_0196_lr=3.0e-03_weight_decay=1.0e-05_kernel_sizes=5x5x3_conv_channels=256x256x256_fc_dims=512x256_seed0,completed,b1a38029aa,trial_0196_lr=3.0e-03_weight_decay=1.0e-05_kernel_sizes=5x5x3_conv_channels=256x256x256_fc_dims=512x256_seed0
0.17298409839471182,0.22972102851013876,49,0.17864825439453125,0.19815585608506736,856895,2400,600,1000,50,6.9,cuda,1,7.7,1,user-Puget-Workstation-Threadripper-PRO-WRX90-T140-XL,trial_0196_lr=3.0e-03_weight_decay=1.0e-05_kernel_sizes=5x5x3_conv_channels=256x256x256_fc_dims=512x256_seed1,completed,b1a38029aa,trial_0196_lr=3.0e-03_weight_decay=1.0e-05_kernel_sizes=5x5x3_conv_channels=256x256x256_fc_dims=512x256_seed1
0.1923825349410375,0.11901194930543924,9,0.19349480175971984,0.10750640893653457,856895,2400,600,1000,12,2.1,cuda,0,2.9,0,user-Puget-Workstation-Threadripper-PRO-WRX90-T140-XL,trial_0197_lr=3.0e-03_weight_decay=1.0e-04_kernel_sizes=5x5x3_conv_channels=256x256x256_fc_dims=512x256_seed0,completed,84d9bf63d9,trial_0197_lr=3.0e-03_weight_decay=1.0e-04_kernel_sizes=5x5x3_conv_channels=256x256x256_fc_dims=512x256_seed0
0.17082524160544077,0.24291883158094862,48,0.176714688539505,0.2087549762573347,856895,2400,600,1000,50,6.9,cuda,1,7.7,1,user-Puget-Workstation-Threadripper-PRO-WRX90-T140-XL,trial_0197_lr=3.0e-03_weight_decay=1.0e-04_kernel_sizes=5x5x3_conv_channels=256x256x256_fc_dims=512x256_seed1,completed,84d9bf63d9,trial_0197_lr=3.0e-03_weight_decay=1.0e-04_kernel_sizes=5x5x3_conv_channels=256x256x256_fc_dims=512x256_seed1
0.1801338956753413,0.18955596405748001,50,0.1835007063150406,0.1668576262749714,590143,2400,600,1000,50,6.6,cuda,0,7.4,0,user-Puget-Workstation-Threadripper-PRO-WRX90-T140-XL,trial_0198_lr=3.0e-04_weight_decay=0_kernel_sizes=3x3x3_conv_channels=256x256x256_fc_dims=512_seed0,completed,a8740ef886,trial_0198_lr=3.0e-04_weight_decay=0_kernel_sizes=3x3x3_conv_channels=256x256x256_fc_dims=512_seed0
0.180546502272288,0.19001429250672616,50,0.1833310718536377,0.1668367620526282,590143,2400,600,1000,50,6.5,cuda,1,7.2,1,user-Puget-Workstation-Threadripper-PRO-WRX90-T140-XL,trial_0198_lr=3.0e-04_weight_decay=0_kernel_sizes=3x3x3_conv_channels=256x256x256_fc_dims=512_seed1,completed,a8740ef886,trial_0198_lr=3.0e-04_weight_decay=0_kernel_sizes=3x3x3_conv_channels=256x256x256_fc_dims=512_seed1
0.17994147181510925,0.1906148403195409,50,0.18332305073738098,0.16778359006545912,590143,2400,600,1000,50,6.5,cuda,0,7.3,0,user-Puget-Workstation-Threadripper-PRO-WRX90-T140-XL,trial_0199_lr=3.0e-04_weight_decay=1.0e-05_kernel_sizes=3x3x3_conv_channels=256x256x256_fc_dims=512_seed0,completed,3022a08163,trial_0199_lr=3.0e-04_weight_decay=1.0e-05_kernel_sizes=3x3x3_conv_channels=256x256x256_fc_dims=512_seed0
0.18036636511484783,0.19093597229575995,50,0.18316330981254578,0.16768012186965467,590143,2400,600,1000,50,6.5,cuda,1,7.3,1,user-Puget-Workstation-Threadripper-PRO-WRX90-T140-XL,trial_0199_lr=3.0e-04_weight_decay=1.0e-05_kernel_sizes=3x3x3_conv_channels=256x256x256_fc_dims=512_seed1,completed,3022a08163,trial_0199_lr=3.0e-04_weight_decay=1.0e-05_kernel_sizes=3x3x3_conv_channels=256x256x256_fc_dims=512_seed1
0.17852702021598815,0.19850297717408225,50,0.18207069766521453,0.1751275188556412,590143,2400,600,1000,50,6.6,cuda,0,7.4,0,user-Puget-Workstation-Threadripper-PRO-WRX90-T140-XL,trial_0200_lr=3.0e-04_weight_decay=1.0e-04_kernel_sizes=3x3x3_conv_channels=256x256x256_fc_dims=512_seed0,completed,5dcd411105,trial_0200_lr=3.0e-04_weight_decay=1.0e-04_kernel_sizes=3x3x3_conv_channels=256x256x256_fc_dims=512_seed0
0.17897951006889343,0.1985727888287677,50,0.18185489153862,0.17495677230023782,590143,2400,600,1000,50,6.5,cuda,1,7.3,1,user-Puget-Workstation-Threadripper-PRO-WRX90-T140-XL,trial_0200_lr=3.0e-04_weight_decay=1.0e-04_kernel_sizes=3x3x3_conv_channels=256x256x256_fc_dims=512_seed1,completed,5dcd411105,trial_0200_lr=3.0e-04_weight_decay=1.0e-04_kernel_sizes=3x3x3_conv_channels=256x256x256_fc_dims=512_seed1
0.21975747446219127,0.050820387843392274,3,0.22180007266998292,0.048923103663631055,590143,2400,600,1000,6,1.3,cuda,0,2.1,0,user-Puget-Workstation-Threadripper-PRO-WRX90-T140-XL,trial_0201_lr=1.0e-03_weight_decay=0_kernel_sizes=3x3x3_conv_channels=256x256x256_fc_dims=512_seed0,completed,e5b0cb405d,trial_0201_lr=1.0e-03_weight_decay=0_kernel_sizes=3x3x3_conv_channels=256x256x256_fc_dims=512_seed0
0.21672830780347188,0.058373957921934845,3,0.21759367513656616,0.056682385122545434,590143,2400,600,1000,6,1.3,cuda,1,2.1,1,user-Puget-Workstation-Threadripper-PRO-WRX90-T140-XL,trial_0201_lr=1.0e-03_weight_decay=0_kernel_sizes=3x3x3_conv_channels=256x256x256_fc_dims=512_seed1,completed,e5b0cb405d,trial_0201_lr=1.0e-03_weight_decay=0_kernel_sizes=3x3x3_conv_channels=256x256x256_fc_dims=512_seed1
0.21969464937845865,0.05006059298341747,3,0.22169669580459594,0.04808109353451816,590143,2400,600,1000,6,1.3,cuda,0,2.1,0,user-Puget-Workstation-Threadripper-PRO-WRX90-T140-XL,trial_0202_lr=1.0e-03_weight_decay=1.0e-05_kernel_sizes=3x3x3_conv_channels=256x256x256_fc_dims=512_seed0,completed,97aa3968b0,trial_0202_lr=1.0e-03_weight_decay=1.0e-05_kernel_sizes=3x3x3_conv_channels=256x256x256_fc_dims=512_seed0
0.2165491678317388,0.05774757003972271,3,0.21735963451862336,0.05617632035204039,590143,2400,600,1000,6,1.3,cuda,1,2.1,1,user-Puget-Workstation-Threadripper-PRO-WRX90-T140-XL,trial_0202_lr=1.0e-03_weight_decay=1.0e-05_kernel_sizes=3x3x3_conv_channels=256x256x256_fc_dims=512_seed1,completed,97aa3968b0,trial_0202_lr=1.0e-03_weight_decay=1.0e-05_kernel_sizes=3x3x3_conv_channels=256x256x256_fc_dims=512_seed1
0.22024736682573953,0.04676789984558528,3,0.22210898435115814,0.04435805733180668,590143,2400,600,1000,6,1.3,cuda,0,2.1,0,user-Puget-Workstation-Threadripper-PRO-WRX90-T140-XL,trial_0203_lr=1.0e-03_weight_decay=1.0e-04_kernel_sizes=3x3x3_conv_channels=256x256x256_fc_dims=512_seed0,completed,5a9f3b1571,trial_0203_lr=1.0e-03_weight_decay=1.0e-04_kernel_sizes=3x3x3_conv_channels=256x256x256_fc_dims=512_seed0
0.21597308814525604,0.05364431802803027,3,0.21637261497974397,0.05326041798846558,590143,2400,600,1000,6,1.3,cuda,1,2.1,1,user-Puget-Workstation-Threadripper-PRO-WRX90-T140-XL,trial_0203_lr=1.0e-03_weight_decay=1.0e-04_kernel_sizes=3x3x3_conv_channels=256x256x256_fc_dims=512_seed1,completed,5a9f3b1571,trial_0203_lr=1.0e-03_weight_decay=1.0e-04_kernel_sizes=3x3x3_conv_channels=256x256x256_fc_dims=512_seed1
0.16746757328510284,0.25809063173934993,50,0.17439621555805207,0.2245665666978209,590143,2400,600,1000,50,6.5,cuda,0,7.4,0,user-Puget-Workstation-Threadripper-PRO-WRX90-T140-XL,trial_0204_lr=3.0e-03_weight_decay=0_kernel_sizes=3x3x3_conv_channels=256x256x256_fc_dims=512_seed0,completed,954de9b781,trial_0204_lr=3.0e-03_weight_decay=0_kernel_sizes=3x3x3_conv_channels=256x256x256_fc_dims=512_seed0
0.1680480577548345,0.26053575995020795,50,0.17410288846492766,0.22728769598483142,590143,2400,600,1000,50,6.4,cuda,1,7.2,1,user-Puget-Workstation-Threadripper-PRO-WRX90-T140-XL,trial_0204_lr=3.0e-03_weight_decay=0_kernel_sizes=3x3x3_conv_channels=256x256x256_fc_dims=512_seed1,completed,954de9b781,trial_0204_lr=3.0e-03_weight_decay=0_kernel_sizes=3x3x3_conv_channels=256x256x256_fc_dims=512_seed1
0.16578666885693868,0.2688403971685787,50,0.173027658700943,0.23467019882928974,590143,2400,600,1000,50,6.5,cuda,0,7.3,0,user-Puget-Workstation-Threadripper-PRO-WRX90-T140-XL,trial_0205_lr=3.0e-03_weight_decay=1.0e-05_kernel_sizes=3x3x3_conv_channels=256x256x256_fc_dims=512_seed0,completed,a0a46c45aa,trial_0205_lr=3.0e-03_weight_decay=1.0e-05_kernel_sizes=3x3x3_conv_channels=256x256x256_fc_dims=512_seed0
0.16657931705315907,0.2697221992279766,50,0.17321944153308869,0.23321796344023063,590143,2400,600,1000,50,6.4,cuda,1,7.2,1,user-Puget-Workstation-Threadripper-PRO-WRX90-T140-XL,trial_0205_lr=3.0e-03_weight_decay=1.0e-05_kernel_sizes=3x3x3_conv_channels=256x256x256_fc_dims=512_seed1,completed,a0a46c45aa,trial_0205_lr=3.0e-03_weight_decay=1.0e-05_kernel_sizes=3x3x3_conv_channels=256x256x256_fc_dims=512_seed1
0.1913598563273748,0.12744067472854406,10,0.19405884504318238,0.10935328470047899,590143,2400,600,1000,13,2.2,cuda,0,3.0,0,user-Puget-Workstation-Threadripper-PRO-WRX90-T140-XL,trial_0206_lr=3.0e-03_weight_decay=1.0e-04_kernel_sizes=3x3x3_conv_channels=256x256x256_fc_dims=512_seed0,completed,c4044495c1,trial_0206_lr=3.0e-03_weight_decay=1.0e-04_kernel_sizes=3x3x3_conv_channels=256x256x256_fc_dims=512_seed0
0.19106663902600607,0.13194334171163483,9,0.19275493133068083,0.1144155246867473,590143,2400,600,1000,12,2.0,cuda,1,2.9,1,user-Puget-Workstation-Threadripper-PRO-WRX90-T140-XL,trial_0206_lr=3.0e-03_weight_decay=1.0e-04_kernel_sizes=3x3x3_conv_channels=256x256x256_fc_dims=512_seed1,completed,c4044495c1,trial_0206_lr=3.0e-03_weight_decay=1.0e-04_kernel_sizes=3x3x3_conv_channels=256x256x256_fc_dims=512_seed1
0.2187955830494563,0.060301017691135037,6,0.21939993393421173,0.05994833684707443,705343,2400,600,1000,9,1.7,cuda,0,2.6,0,user-Puget-Workstation-Threadripper-PRO-WRX90-T140-XL,trial_0207_lr=3.0e-04_weight_decay=0_kernel_sizes=3x3x3_conv_channels=256x256x256_fc_dims=512x256_seed0,completed,3cca9b76cc,trial_0207_lr=3.0e-04_weight_decay=0_kernel_sizes=3x3x3_conv_channels=256x256x256_fc_dims=512x256_seed0
0.21762384593486786,0.06705759935688989,7,0.21860403108596801,0.06466605357609682,705343,2400,600,1000,10,1.8,cuda,1,2.6,1,user-Puget-Workstation-Threadripper-PRO-WRX90-T140-XL,trial_0207_lr=3.0e-04_weight_decay=0_kernel_sizes=3x3x3_conv_channels=256x256x256_fc_dims=512x256_seed1,completed,3cca9b76cc,trial_0207_lr=3.0e-04_weight_decay=0_kernel_sizes=3x3x3_conv_channels=256x256x256_fc_dims=512x256_seed1
0.21878856380780537,0.05986054527309589,6,0.21939955818653106,0.0596014093622671,705343,2400,600,1000,9,1.7,cuda,0,2.5,0,user-Puget-Workstation-Threadripper-PRO-WRX90-T140-XL,trial_0208_lr=3.0e-04_weight_decay=1.0e-05_kernel_sizes=3x3x3_conv_channels=256x256x256_fc_dims=512x256_seed0,completed,c58d2c638e,trial_0208_lr=3.0e-04_weight_decay=1.0e-05_kernel_sizes=3x3x3_conv_channels=256x256x256_fc_dims=512x256_seed0
0.21782862186431884,0.06671072291409025,7,0.21877974557876587,0.06447087921649965,705343,2400,600,1000,10,1.8,cuda,1,2.6,1,user-Puget-Workstation-Threadripper-PRO-WRX90-T140-XL,trial_0208_lr=3.0e-04_weight_decay=1.0e-05_kernel_sizes=3x3x3_conv_channels=256x256x256_fc_dims=512x256_seed1,completed,c58d2c638e,trial_0208_lr=3.0e-04_weight_decay=1.0e-05_kernel_sizes=3x3x3_conv_channels=256x256x256_fc_dims=512x256_seed1
0.21935434460639955,0.058280988979279025,6,0.2201240142583847,0.05808205788240499,705343,2400,600,1000,9,1.7,cuda,0,2.5,0,user-Puget-Workstation-Threadripper-PRO-WRX90-T140-XL,trial_0209_lr=3.0e-04_weight_decay=1.0e-04_kernel_sizes=3x3x3_conv_channels=256x256x256_fc_dims=512x256_seed0,completed,5faa4abc7e,trial_0209_lr=3.0e-04_weight_decay=1.0e-04_kernel_sizes=3x3x3_conv_channels=256x256x256_fc_dims=512x256_seed0
0.2192410324017207,0.06455556281011314,7,0.2201408896446228,0.06285726166002738,705343,2400,600,1000,10,1.8,cuda,1,2.6,1,user-Puget-Workstation-Threadripper-PRO-WRX90-T140-XL,trial_0209_lr=3.0e-04_weight_decay=1.0e-04_kernel_sizes=3x3x3_conv_channels=256x256x256_fc_dims=512x256_seed1,completed,5faa4abc7e,trial_0209_lr=3.0e-04_weight_decay=1.0e-04_kernel_sizes=3x3x3_conv_channels=256x256x256_fc_dims=512x256_seed1
0.21168058037757873,0.09591206405913791,8,0.21465573191642762,0.08628903073492007,705343,2400,600,1000,11,2.0,cuda,0,2.8,0,user-Puget-Workstation-Threadripper-PRO-WRX90-T140-XL,trial_0210_lr=1.0e-03_weight_decay=0_kernel_sizes=3x3x3_conv_channels=256x256x256_fc_dims=512x256_seed0,completed,7389db060c,trial_0210_lr=1.0e-03_weight_decay=0_kernel_sizes=3x3x3_conv_channels=256x256x256_fc_dims=512x256_seed0
0.20435466190179188,0.10168030426316893,8,0.2069962054491043,0.08881746341082124,705343,2400,600,1000,11,2.0,cuda,1,2.8,1,user-Puget-Workstation-Threadripper-PRO-WRX90-T140-XL,trial_0210_lr=1.0e-03_weight_decay=0_kernel_sizes=3x3x3_conv_channels=256x256x256_fc_dims=512x256_seed1,completed,7389db060c,trial_0210_lr=1.0e-03_weight_decay=0_kernel_sizes=3x3x3_conv_channels=256x256x256_fc_dims=512x256_seed1
0.21114242633183797,0.0959271611959796,8,0.2141032419204712,0.08670794119511568,705343,2400,600,1000,11,1.9,cuda,0,2.8,0,user-Puget-Workstation-Threadripper-PRO-WRX90-T140-XL,trial_0211_lr=1.0e-03_weight_decay=1.0e-05_kernel_sizes=3x3x3_conv_channels=256x256x256_fc_dims=512x256_seed0,completed,a6b0de1be9,trial_0211_lr=1.0e-03_weight_decay=1.0e-05_kernel_sizes=3x3x3_conv_channels=256x256x256_fc_dims=512x256_seed0
0.2591104813416799,0.045775032235398326,2,0.2588026554584503,0.04692166884608198,705343,2400,600,1000,5,1.2,cuda,1,2.0,1,user-Puget-Workstation-Threadripper-PRO-WRX90-T140-XL,trial_0211_lr=1.0e-03_weight_decay=1.0e-05_kernel_sizes=3x3x3_conv_channels=256x256x256_fc_dims=512x256_seed1,completed,a6b0de1be9,trial_0211_lr=1.0e-03_weight_decay=1.0e-05_kernel_sizes=3x3x3_conv_channels=256x256x256_fc_dims=512x256_seed1
0.242082426349322,0.047356873123688255,2,0.24301745688915252,0.044567926520496744,705343,2400,600,1000,5,1.2,cuda,0,2.0,0,user-Puget-Workstation-Threadripper-PRO-WRX90-T140-XL,trial_0212_lr=1.0e-03_weight_decay=1.0e-04_kernel_sizes=3x3x3_conv_channels=256x256x256_fc_dims=512x256_seed0,completed,b7a5664b6c,trial_0212_lr=1.0e-03_weight_decay=1.0e-04_kernel_sizes=3x3x3_conv_channels=256x256x256_fc_dims=512x256_seed0
0.2460076904296875,0.04449070107221502,2,0.2452561329603195,0.04629809184842986,705343,2400,600,1000,5,1.2,cuda,1,2.0,1,user-Puget-Workstation-Threadripper-PRO-WRX90-T140-XL,trial_0212_lr=1.0e-03_weight_decay=1.0e-04_kernel_sizes=3x3x3_conv_channels=256x256x256_fc_dims=512x256_seed1,completed,b7a5664b6c,trial_0212_lr=1.0e-03_weight_decay=1.0e-04_kernel_sizes=3x3x3_conv_channels=256x256x256_fc_dims=512x256_seed1
0.17369555195172628,0.22392617676312895,50,0.1795227825641632,0.19555431231309695,705343,2400,600,1000,50,6.7,cuda,0,7.5,0,user-Puget-Workstation-Threadripper-PRO-WRX90-T140-XL,trial_0213_lr=3.0e-03_weight_decay=0_kernel_sizes=3x3x3_conv_channels=256x256x256_fc_dims=512x256_seed0,completed,b3b4c9deb2,trial_0213_lr=3.0e-03_weight_decay=0_kernel_sizes=3x3x3_conv_channels=256x256x256_fc_dims=512x256_seed0
0.17477430899937949,0.2234637624123404,50,0.17984235668182372,0.19246426236894176,705343,2400,600,1000,50,6.7,cuda,1,7.5,1,user-Puget-Workstation-Threadripper-PRO-WRX90-T140-XL,trial_0213_lr=3.0e-03_weight_decay=0_kernel_sizes=3x3x3_conv_channels=256x256x256_fc_dims=512x256_seed1,completed,b3b4c9deb2,trial_0213_lr=3.0e-03_weight_decay=0_kernel_sizes=3x3x3_conv_channels=256x256x256_fc_dims=512x256_seed1
0.17233426491419473,0.22959672246890908,50,0.17835586714744567,0.19964814652382887,705343,2400,600,1000,50,6.8,cuda,0,7.6,0,user-Puget-Workstation-Threadripper-PRO-WRX90-T140-XL,trial_0214_lr=3.0e-03_weight_decay=1.0e-05_kernel_sizes=3x3x3_conv_channels=256x256x256_fc_dims=512x256_seed0,completed,678ed79057,trial_0214_lr=3.0e-03_weight_decay=1.0e-05_kernel_sizes=3x3x3_conv_channels=256x256x256_fc_dims=512x256_seed0
0.1735317579905192,0.22944791762191571,50,0.17870815300941467,0.1967978210986646,705343,2400,600,1000,50,6.6,cuda,1,7.4,1,user-Puget-Workstation-Threadripper-PRO-WRX90-T140-XL,trial_0214_lr=3.0e-03_weight_decay=1.0e-05_kernel_sizes=3x3x3_conv_channels=256x256x256_fc_dims=512x256_seed1,completed,678ed79057,trial_0214_lr=3.0e-03_weight_decay=1.0e-05_kernel_sizes=3x3x3_conv_channels=256x256x256_fc_dims=512x256_seed1
0.19047136425971986,0.12452603268165774,12,0.19183638429641722,0.11135088672738869,705343,2400,600,1000,15,2.5,cuda,0,3.3,0,user-Puget-Workstation-Threadripper-PRO-WRX90-T140-XL,trial_0215_lr=3.0e-03_weight_decay=1.0e-04_kernel_sizes=3x3x3_conv_channels=256x256x256_fc_dims=512x256_seed0,completed,08d327bc33,trial_0215_lr=3.0e-03_weight_decay=1.0e-04_kernel_sizes=3x3x3_conv_channels=256x256x256_fc_dims=512x256_seed0
0.19155062317848207,0.12529870371920446,12,0.1917783623933792,0.10964527523492396,705343,2400,600,1000,15,2.5,cuda,1,3.3,1,user-Puget-Workstation-Threadripper-PRO-WRX90-T140-XL,trial_0215_lr=3.0e-03_weight_decay=1.0e-04_kernel_sizes=3x3x3_conv_channels=256x256x256_fc_dims=512x256_seed1,completed,08d327bc33,trial_0215_lr=3.0e-03_weight_decay=1.0e-04_kernel_sizes=3x3x3_conv_channels=256x256x256_fc_dims=512x256_seed1
0.18107944031556447,0.1913017873087838,49,0.1841461181640625,0.16744709806641067,2337855,2400,600,1000,50,8.6,cuda,0,9.4,0,user-Puget-Workstation-Threadripper-PRO-WRX90-T140-XL,trial_0216_lr=3.0e-04_weight_decay=0_kernel_sizes=10x7_conv_channels=512x512_fc_dims=512_seed0,completed,42ff42a7b0,trial_0216_lr=3.0e-04_weight_decay=0_kernel_sizes=10x7_conv_channels=512x512_fc_dims=512_seed0
0.1818734347820282,0.193563088373852,50,0.1842708945274353,0.16773085574183397,2337855,2400,600,1000,50,8.5,cuda,1,9.3,1,user-Puget-Workstation-Threadripper-PRO-WRX90-T140-XL,trial_0216_lr=3.0e-04_weight_decay=0_kernel_sizes=10x7_conv_channels=512x512_fc_dims=512_seed1,completed,42ff42a7b0,trial_0216_lr=3.0e-04_weight_decay=0_kernel_sizes=10x7_conv_channels=512x512_fc_dims=512_seed1
0.1806942621866862,0.19342289245745378,49,0.18384705996513367,0.16929746326571504,2337855,2400,600,1000,50,8.5,cuda,0,9.3,0,user-Puget-Workstation-Threadripper-PRO-WRX90-T140-XL,trial_0217_lr=3.0e-04_weight_decay=1.0e-05_kernel_sizes=10x7_conv_channels=512x512_fc_dims=512_seed0,completed,98b4f9c0fa,trial_0217_lr=3.0e-04_weight_decay=1.0e-05_kernel_sizes=10x7_conv_channels=512x512_fc_dims=512_seed0
0.18104578634103138,0.19595515003056782,50,0.18350022625923157,0.1699962947982268,2337855,2400,600,1000,50,8.4,cuda,1,9.2,1,user-Puget-Workstation-Threadripper-PRO-WRX90-T140-XL,trial_0217_lr=3.0e-04_weight_decay=1.0e-05_kernel_sizes=10x7_conv_channels=512x512_fc_dims=512_seed1,completed,98b4f9c0fa,trial_0217_lr=3.0e-04_weight_decay=1.0e-05_kernel_sizes=10x7_conv_channels=512x512_fc_dims=512_seed1
0.18005937933921815,0.1940820223729608,41,0.1829859571456909,0.1706660781754379,2337855,2400,600,1000,44,7.7,cuda,0,8.5,0,user-Puget-Workstation-Threadripper-PRO-WRX90-T140-XL,trial_0218_lr=3.0e-04_weight_decay=1.0e-04_kernel_sizes=10x7_conv_channels=512x512_fc_dims=512_seed0,completed,a655fa49cc,trial_0218_lr=3.0e-04_weight_decay=1.0e-04_kernel_sizes=10x7_conv_channels=512x512_fc_dims=512_seed0
0.17773628751436868,0.21167570284862053,50,0.1808318291902542,0.18429512834839606,2337855,2400,600,1000,50,8.6,cuda,1,9.4,1,user-Puget-Workstation-Threadripper-PRO-WRX90-T140-XL,trial_0218_lr=3.0e-04_weight_decay=1.0e-04_kernel_sizes=10x7_conv_channels=512x512_fc_dims=512_seed1,completed,a655fa49cc,trial_0218_lr=3.0e-04_weight_decay=1.0e-04_kernel_sizes=10x7_conv_channels=512x512_fc_dims=512_seed1
0.17234268585840862,0.23596330691838674,50,0.1781548911333084,0.20265672675234203,2337855,2400,600,1000,50,8.7,cuda,0,9.5,0,user-Puget-Workstation-Threadripper-PRO-WRX90-T140-XL,trial_0219_lr=1.0e-03_weight_decay=0_kernel_sizes=10x7_conv_channels=512x512_fc_dims=512_seed0,completed,dda78f56fc,trial_0219_lr=1.0e-03_weight_decay=0_kernel_sizes=10x7_conv_channels=512x512_fc_dims=512_seed0
0.17299230913321176,0.24040609618978265,50,0.1780698993206024,0.20598097969458012,2337855,2400,600,1000,50,8.6,cuda,1,9.4,1,user-Puget-Workstation-Threadripper-PRO-WRX90-T140-XL,trial_0219_lr=1.0e-03_weight_decay=0_kernel_sizes=10x7_conv_channels=512x512_fc_dims=512_seed1,completed,dda78f56fc,trial_0219_lr=1.0e-03_weight_decay=0_kernel_sizes=10x7_conv_channels=512x512_fc_dims=512_seed1
0.1714042309919993,0.24172797052184966,50,0.1772914263010025,0.20730141516881168,2337855,2400,600,1000,50,9.0,cuda,0,9.8,0,user-Puget-Workstation-Threadripper-PRO-WRX90-T140-XL,trial_0220_lr=1.0e-03_weight_decay=1.0e-05_kernel_sizes=10x7_conv_channels=512x512_fc_dims=512_seed0,completed,74a35cf238,trial_0220_lr=1.0e-03_weight_decay=1.0e-05_kernel_sizes=10x7_conv_channels=512x512_fc_dims=512_seed0
0.17158365825812022,0.24531461778235306,50,0.17700884234905243,0.2101441096948473,2337855,2400,600,1000,50,8.6,cuda,1,9.4,1,user-Puget-Workstation-Threadripper-PRO-WRX90-T140-XL,trial_0220_lr=1.0e-03_weight_decay=1.0e-05_kernel_sizes=10x7_conv_channels=512x512_fc_dims=512_seed1,completed,74a35cf238,trial_0220_lr=1.0e-03_weight_decay=1.0e-05_kernel_sizes=10x7_conv_channels=512x512_fc_dims=512_seed1
0.17075042366981508,0.24291277864246577,40,0.17664144277572633,0.20787102914394134,2337855,2400,600,1000,43,7.4,cuda,0,8.2,0,user-Puget-Workstation-Threadripper-PRO-WRX90-T140-XL,trial_0221_lr=1.0e-03_weight_decay=1.0e-04_kernel_sizes=10x7_conv_channels=512x512_fc_dims=512_seed0,completed,d7db55abcb,trial_0221_lr=1.0e-03_weight_decay=1.0e-04_kernel_sizes=10x7_conv_channels=512x512_fc_dims=512_seed0
0.17336212734381357,0.23385308777261973,35,0.17776824867725372,0.20340675060768224,2337855,2400,600,1000,38,6.5,cuda,1,7.3,1,user-Puget-Workstation-Threadripper-PRO-WRX90-T140-XL,trial_0221_lr=1.0e-03_weight_decay=1.0e-04_kernel_sizes=10x7_conv_channels=512x512_fc_dims=512_seed1,completed,d7db55abcb,trial_0221_lr=1.0e-03_weight_decay=1.0e-04_kernel_sizes=10x7_conv_channels=512x512_fc_dims=512_seed1
0.169077019294103,0.25434539914804627,50,0.1761947650909424,0.21831275676499626,2337855,2400,600,1000,50,8.8,cuda,0,9.6,0,user-Puget-Workstation-Threadripper-PRO-WRX90-T140-XL,trial_0222_lr=3.0e-03_weight_decay=0_kernel_sizes=10x7_conv_channels=512x512_fc_dims=512_seed0,completed,14dd76a4eb,trial_0222_lr=3.0e-03_weight_decay=0_kernel_sizes=10x7_conv_channels=512x512_fc_dims=512_seed0
0.1703452769915263,0.25370616358496106,50,0.17645647597312927,0.21771256054993274,2337855,2400,600,1000,50,8.6,cuda,1,9.4,1,user-Puget-Workstation-Threadripper-PRO-WRX90-T140-XL,trial_0222_lr=3.0e-03_weight_decay=0_kernel_sizes=10x7_conv_channels=512x512_fc_dims=512_seed1,completed,14dd76a4eb,trial_0222_lr=3.0e-03_weight_decay=0_kernel_sizes=10x7_conv_channels=512x512_fc_dims=512_seed1
0.16776415010293325,0.2610094528912486,47,0.1752409052848816,0.2246480274773748,2337855,2400,600,1000,50,8.7,cuda,0,9.5,0,user-Puget-Workstation-Threadripper-PRO-WRX90-T140-XL,trial_0223_lr=3.0e-03_weight_decay=1.0e-05_kernel_sizes=10x7_conv_channels=512x512_fc_dims=512_seed0,completed,7f46969d53,trial_0223_lr=3.0e-03_weight_decay=1.0e-05_kernel_sizes=10x7_conv_channels=512x512_fc_dims=512_seed0
0.1690274331967036,0.2617995868137615,50,0.17564477908611298,0.2239992333508133,2337855,2400,600,1000,50,8.5,cuda,1,9.3,1,user-Puget-Workstation-Threadripper-PRO-WRX90-T140-XL,trial_0223_lr=3.0e-03_weight_decay=1.0e-05_kernel_sizes=10x7_conv_channels=512x512_fc_dims=512_seed1,completed,7f46969d53,trial_0223_lr=3.0e-03_weight_decay=1.0e-05_kernel_sizes=10x7_conv_channels=512x512_fc_dims=512_seed1
0.19254862348238627,0.11876971182855878,7,0.19350270020961763,0.10411550498774128,2337855,2400,600,1000,10,2.2,cuda,0,3.0,0,user-Puget-Workstation-Threadripper-PRO-WRX90-T140-XL,trial_0224_lr=3.0e-03_weight_decay=1.0e-04_kernel_sizes=10x7_conv_channels=512x512_fc_dims=512_seed0,completed,311600de45,trial_0224_lr=3.0e-03_weight_decay=1.0e-04_kernel_sizes=10x7_conv_channels=512x512_fc_dims=512_seed0
0.19348535815874734,0.12376614240117702,7,0.19386218917369843,0.10443319897841255,2337855,2400,600,1000,10,2.2,cuda,1,2.9,1,user-Puget-Workstation-Threadripper-PRO-WRX90-T140-XL,trial_0224_lr=3.0e-03_weight_decay=1.0e-04_kernel_sizes=10x7_conv_channels=512x512_fc_dims=512_seed1,completed,311600de45,trial_0224_lr=3.0e-03_weight_decay=1.0e-04_kernel_sizes=10x7_conv_channels=512x512_fc_dims=512_seed1
0.1920486221710841,0.11927137590675481,19,0.1925321969985962,0.10567487815338021,2453055,2400,600,1000,22,4.2,cuda,0,5.0,0,user-Puget-Workstation-Threadripper-PRO-WRX90-T140-XL,trial_0225_lr=3.0e-04_weight_decay=0_kernel_sizes=10x7_conv_channels=512x512_fc_dims=512x256_seed0,completed,7231e3397f,trial_0225_lr=3.0e-04_weight_decay=0_kernel_sizes=10x7_conv_channels=512x512_fc_dims=512x256_seed0
0.18980085611343384,0.14154678986215885,34,0.19083121633529662,0.12007274745969727,2453055,2400,600,1000,37,6.8,cuda,1,7.5,1,user-Puget-Workstation-Threadripper-PRO-WRX90-T140-XL,trial_0225_lr=3.0e-04_weight_decay=0_kernel_sizes=10x7_conv_channels=512x512_fc_dims=512x256_seed1,completed,7231e3397f,trial_0225_lr=3.0e-04_weight_decay=0_kernel_sizes=10x7_conv_channels=512x512_fc_dims=512x256_seed1
0.1919509768486023,0.12055701433839601,20,0.1925842217206955,0.10643088450527317,2453055,2400,600,1000,23,4.4,cuda,0,5.2,0,user-Puget-Workstation-Threadripper-PRO-WRX90-T140-XL,trial_0226_lr=3.0e-04_weight_decay=1.0e-05_kernel_sizes=10x7_conv_channels=512x512_fc_dims=512x256_seed0,completed,43bb7a06c7,trial_0226_lr=3.0e-04_weight_decay=1.0e-05_kernel_sizes=10x7_conv_channels=512x512_fc_dims=512x256_seed0
0.18952846109867097,0.1424661361139922,34,0.1905469036102295,0.1210341755322082,2453055,2400,600,1000,37,6.8,cuda,1,7.6,1,user-Puget-Workstation-Threadripper-PRO-WRX90-T140-XL,trial_0226_lr=3.0e-04_weight_decay=1.0e-05_kernel_sizes=10x7_conv_channels=512x512_fc_dims=512x256_seed1,completed,43bb7a06c7,trial_0226_lr=3.0e-04_weight_decay=1.0e-05_kernel_sizes=10x7_conv_channels=512x512_fc_dims=512x256_seed1
0.19066868126392364,0.1274668883114439,21,0.19138551700115203,0.11252891939512455,2453055,2400,600,1000,24,4.7,cuda,0,5.5,0,user-Puget-Workstation-Threadripper-PRO-WRX90-T140-XL,trial_0227_lr=3.0e-04_weight_decay=1.0e-04_kernel_sizes=10x7_conv_channels=512x512_fc_dims=512x256_seed0,completed,0920147f61,trial_0227_lr=3.0e-04_weight_decay=1.0e-04_kernel_sizes=10x7_conv_channels=512x512_fc_dims=512x256_seed0
0.19041263302167258,0.13590899449656949,25,0.1909299943447113,0.11659907959209996,2453055,2400,600,1000,28,5.5,cuda,1,6.3,1,user-Puget-Workstation-Threadripper-PRO-WRX90-T140-XL,trial_0227_lr=3.0e-04_weight_decay=1.0e-04_kernel_sizes=10x7_conv_channels=512x512_fc_dims=512x256_seed1,completed,0920147f61,trial_0227_lr=3.0e-04_weight_decay=1.0e-04_kernel_sizes=10x7_conv_channels=512x512_fc_dims=512x256_seed1
0.17907926678657532,0.19414858346565708,50,0.18320824766159058,0.17134072074014733,2453055,2400,600,1000,50,9.1,cuda,0,9.9,0,user-Puget-Workstation-Threadripper-PRO-WRX90-T140-XL,trial_0228_lr=1.0e-03_weight_decay=0_kernel_sizes=10x7_conv_channels=512x512_fc_dims=512x256_seed0,completed,9da65b2347,trial_0228_lr=1.0e-03_weight_decay=0_kernel_sizes=10x7_conv_channels=512x512_fc_dims=512x256_seed0
0.180189786752065,0.19328508186251134,50,0.18362745332717895,0.16802673556660971,2453055,2400,600,1000,50,8.9,cuda,1,9.8,1,user-Puget-Workstation-Threadripper-PRO-WRX90-T140-XL,trial_0228_lr=1.0e-03_weight_decay=0_kernel_sizes=10x7_conv_channels=512x512_fc_dims=512x256_seed1,completed,9da65b2347,trial_0228_lr=1.0e-03_weight_decay=0_kernel_sizes=10x7_conv_channels=512x512_fc_dims=512x256_seed1
0.17758851031462353,0.2017958028416964,50,0.1822622355222702,0.17715230579891322,2453055,2400,600,1000,50,9.0,cuda,0,9.9,0,user-Puget-Workstation-Threadripper-PRO-WRX90-T140-XL,trial_0229_lr=1.0e-03_weight_decay=1.0e-05_kernel_sizes=10x7_conv_channels=512x512_fc_dims=512x256_seed0,completed,93cae298c8,trial_0229_lr=1.0e-03_weight_decay=1.0e-05_kernel_sizes=10x7_conv_channels=512x512_fc_dims=512x256_seed0
0.1783376242717107,0.20327017165094408,50,0.18230989384651183,0.17659022965795218,2453055,2400,600,1000,50,9.0,cuda,1,9.8,1,user-Puget-Workstation-Threadripper-PRO-WRX90-T140-XL,trial_0229_lr=1.0e-03_weight_decay=1.0e-05_kernel_sizes=10x7_conv_channels=512x512_fc_dims=512x256_seed1,completed,93cae298c8,trial_0229_lr=1.0e-03_weight_decay=1.0e-05_kernel_sizes=10x7_conv_channels=512x512_fc_dims=512x256_seed1
0.17444281498591105,0.2197815511000879,46,0.18003281331062318,0.19157434662954773,2453055,2400,600,1000,49,8.7,cuda,0,9.6,0,user-Puget-Workstation-Threadripper-PRO-WRX90-T140-XL,trial_0230_lr=1.0e-03_weight_decay=1.0e-04_kernel_sizes=10x7_conv_channels=512x512_fc_dims=512x256_seed0,completed,aeb2d2555b,trial_0230_lr=1.0e-03_weight_decay=1.0e-04_kernel_sizes=10x7_conv_channels=512x512_fc_dims=512x256_seed0
0.1741415109237035,0.22650387536178068,50,0.17975397861003875,0.19353066279544592,2453055,2400,600,1000,50,8.8,cuda,1,9.6,1,user-Puget-Workstation-Threadripper-PRO-WRX90-T140-XL,trial_0230_lr=1.0e-03_weight_decay=1.0e-04_kernel_sizes=10x7_conv_channels=512x512_fc_dims=512x256_seed1,completed,aeb2d2555b,trial_0230_lr=1.0e-03_weight_decay=1.0e-04_kernel_sizes=10x7_conv_channels=512x512_fc_dims=512x256_seed1
0.17603651583194732,0.20850757884390292,50,0.1820969798564911,0.18055943536453004,2453055,2400,600,1000,50,9.0,cuda,0,9.9,0,user-Puget-Workstation-Threadripper-PRO-WRX90-T140-XL,trial_0231_lr=3.0e-03_weight_decay=0_kernel_sizes=10x7_conv_channels=512x512_fc_dims=512x256_seed0,completed,e91c3691da,trial_0231_lr=3.0e-03_weight_decay=0_kernel_sizes=10x7_conv_channels=512x512_fc_dims=512x256_seed0
0.1768523552020391,0.21169769952909423,49,0.18216348910331726,0.1815449289669293,2453055,2400,600,1000,50,9.1,cuda,1,9.9,1,user-Puget-Workstation-Threadripper-PRO-WRX90-T140-XL,trial_0231_lr=3.0e-03_weight_decay=0_kernel_sizes=10x7_conv_channels=512x512_fc_dims=512x256_seed1,completed,e91c3691da,trial_0231_lr=3.0e-03_weight_decay=0_kernel_sizes=10x7_conv_channels=512x512_fc_dims=512x256_seed1
0.17315722346305848,0.2270873880151277,50,0.17982939779758453,0.19946114772693374,2453055,2400,600,1000,50,9.0,cuda,0,9.8,0,user-Puget-Workstation-Threadripper-PRO-WRX90-T140-XL,trial_0232_lr=3.0e-03_weight_decay=1.0e-05_kernel_sizes=10x7_conv_channels=512x512_fc_dims=512x256_seed0,completed,8f9c14d652,trial_0232_lr=3.0e-03_weight_decay=1.0e-05_kernel_sizes=10x7_conv_channels=512x512_fc_dims=512x256_seed0
0.17358663082122802,0.22911419245482587,49,0.17973768103122711,0.19621772586066963,2453055,2400,600,1000,50,8.8,cuda,1,9.7,1,user-Puget-Workstation-Threadripper-PRO-WRX90-T140-XL,trial_0232_lr=3.0e-03_weight_decay=1.0e-05_kernel_sizes=10x7_conv_channels=512x512_fc_dims=512x256_seed1,completed,8f9c14d652,trial_0232_lr=3.0e-03_weight_decay=1.0e-05_kernel_sizes=10x7_conv_channels=512x512_fc_dims=512x256_seed1
0.19317607939243317,0.11108564281575455,7,0.19345146191120147,0.10034600932850006,2453055,2400,600,1000,10,2.3,cuda,0,3.1,0,user-Puget-Workstation-Threadripper-PRO-WRX90-T140-XL,trial_0233_lr=3.0e-03_weight_decay=1.0e-04_kernel_sizes=10x7_conv_channels=512x512_fc_dims=512x256_seed0,completed,be1f225f71,trial_0233_lr=3.0e-03_weight_decay=1.0e-04_kernel_sizes=10x7_conv_channels=512x512_fc_dims=512x256_seed0
0.19354063351949055,0.11533279185360676,7,0.1937186541557312,0.09700892894138315,2453055,2400,600,1000,10,2.2,cuda,1,3.0,1,user-Puget-Workstation-Threadripper-PRO-WRX90-T140-XL,trial_0233_lr=3.0e-03_weight_decay=1.0e-04_kernel_sizes=10x7_conv_channels=512x512_fc_dims=512x256_seed1,completed,be1f225f71,trial_0233_lr=3.0e-03_weight_decay=1.0e-04_kernel_sizes=10x7_conv_channels=512x512_fc_dims=512x256_seed1
0.1803268094857534,0.1983137889937835,50,0.18361411821842194,0.1734591964233731,1752127,2400,600,1000,50,8.3,cuda,0,9.1,0,user-Puget-Workstation-Threadripper-PRO-WRX90-T140-XL,trial_0234_lr=3.0e-04_weight_decay=0_kernel_sizes=7x5_conv_channels=512x512_fc_dims=512_seed0,completed,3d35f5c3a0,trial_0234_lr=3.0e-04_weight_decay=0_kernel_sizes=7x5_conv_channels=512x512_fc_dims=512_seed0
0.18059040288130443,0.19952883547991257,49,0.18317123305797578,0.1734690651511429,1752127,2400,600,1000,50,8.1,cuda,1,8.9,1,user-Puget-Workstation-Threadripper-PRO-WRX90-T140-XL,trial_0234_lr=3.0e-04_weight_decay=0_kernel_sizes=7x5_conv_channels=512x512_fc_dims=512_seed1,completed,3d35f5c3a0,trial_0234_lr=3.0e-04_weight_decay=0_kernel_sizes=7x5_conv_channels=512x512_fc_dims=512_seed1
0.17982160151004792,0.20032971051321644,50,0.1831696331501007,0.1754836877317689,1752127,2400,600,1000,50,8.2,cuda,0,9.0,0,user-Puget-Workstation-Threadripper-PRO-WRX90-T140-XL,trial_0235_lr=3.0e-04_weight_decay=1.0e-05_kernel_sizes=7x5_conv_channels=512x512_fc_dims=512_seed0,completed,6eb32d29ac,trial_0235_lr=3.0e-04_weight_decay=1.0e-05_kernel_sizes=7x5_conv_channels=512x512_fc_dims=512_seed0
0.18397517919540404,0.18259583561867168,37,0.18583630406856536,0.15827645336572466,1752127,2400,600,1000,40,6.6,cuda,1,7.4,1,user-Puget-Workstation-Threadripper-PRO-WRX90-T140-XL,trial_0235_lr=3.0e-04_weight_decay=1.0e-05_kernel_sizes=7x5_conv_channels=512x512_fc_dims=512_seed1,completed,6eb32d29ac,trial_0235_lr=3.0e-04_weight_decay=1.0e-05_kernel_sizes=7x5_conv_channels=512x512_fc_dims=512_seed1
0.18490026772022247,0.16996501761919589,28,0.1869609752893448,0.14889217916005265,1752127,2400,600,1000,31,5.3,cuda,0,6.1,0,user-Puget-Workstation-Threadripper-PRO-WRX90-T140-XL,trial_0236_lr=3.0e-04_weight_decay=1.0e-04_kernel_sizes=7x5_conv_channels=512x512_fc_dims=512_seed0,completed,1965d5ffdd,trial_0236_lr=3.0e-04_weight_decay=1.0e-04_kernel_sizes=7x5_conv_channels=512x512_fc_dims=512_seed0
0.1814293509721756,0.1946787595815453,39,0.1836218854188919,0.17045774727536359,1752127,2400,600,1000,42,6.9,cuda,1,7.7,1,user-Puget-Workstation-Threadripper-PRO-WRX90-T140-XL,trial_0236_lr=3.0e-04_weight_decay=1.0e-04_kernel_sizes=7x5_conv_channels=512x512_fc_dims=512_seed1,completed,1965d5ffdd,trial_0236_lr=3.0e-04_weight_decay=1.0e-04_kernel_sizes=7x5_conv_channels=512x512_fc_dims=512_seed1
0.171286377509435,0.24364335017721198,50,0.17695911478996276,0.2117025202539204,1752127,2400,600,1000,50,8.2,cuda,0,9.0,0,user-Puget-Workstation-Threadripper-PRO-WRX90-T140-XL,trial_0237_lr=1.0e-03_weight_decay=0_kernel_sizes=7x5_conv_channels=512x512_fc_dims=512_seed0,completed,a165e3bad4,trial_0237_lr=1.0e-03_weight_decay=0_kernel_sizes=7x5_conv_channels=512x512_fc_dims=512_seed0
0.1712324897448222,0.24775716991722205,50,0.17667016637325286,0.2130114255055961,1752127,2400,600,1000,50,8.2,cuda,1,9.0,1,user-Puget-Workstation-Threadripper-PRO-WRX90-T140-XL,trial_0237_lr=1.0e-03_weight_decay=0_kernel_sizes=7x5_conv_channels=512x512_fc_dims=512_seed1,completed,a165e3bad4,trial_0237_lr=1.0e-03_weight_decay=0_kernel_sizes=7x5_conv_channels=512x512_fc_dims=512_seed1
0.17035739799340566,0.24884450206380634,50,0.17626020562648773,0.21662588558135926,1752127,2400,600,1000,50,8.3,cuda,0,9.1,0,user-Puget-Workstation-Threadripper-PRO-WRX90-T140-XL,trial_0238_lr=1.0e-03_weight_decay=1.0e-05_kernel_sizes=7x5_conv_channels=512x512_fc_dims=512_seed0,completed,10ed1a235d,trial_0238_lr=1.0e-03_weight_decay=1.0e-05_kernel_sizes=7x5_conv_channels=512x512_fc_dims=512_seed0
0.17051152726014454,0.2519179865060166,50,0.17616183018684387,0.21667293634120927,1752127,2400,600,1000,50,8.2,cuda,1,9.0,1,user-Puget-Workstation-Threadripper-PRO-WRX90-T140-XL,trial_0238_lr=1.0e-03_weight_decay=1.0e-05_kernel_sizes=7x5_conv_channels=512x512_fc_dims=512_seed1,completed,10ed1a235d,trial_0238_lr=1.0e-03_weight_decay=1.0e-05_kernel_sizes=7x5_conv_channels=512x512_fc_dims=512_seed1
0.16803695301214855,0.25891851457311,46,0.17460402309894563,0.22439710280049913,1752127,2400,600,1000,49,8.0,cuda,0,8.8,0,user-Puget-Workstation-Threadripper-PRO-WRX90-T140-XL,trial_0239_lr=1.0e-03_weight_decay=1.0e-04_kernel_sizes=7x5_conv_channels=512x512_fc_dims=512_seed0,completed,4e0d92e7fb,trial_0239_lr=1.0e-03_weight_decay=1.0e-04_kernel_sizes=7x5_conv_channels=512x512_fc_dims=512_seed0
0.16841574132442474,0.26332002141021743,49,0.1741379257440567,0.22704528083479414,1752127,2400,600,1000,50,8.1,cuda,1,8.9,1,user-Puget-Workstation-Threadripper-PRO-WRX90-T140-XL,trial_0239_lr=1.0e-03_weight_decay=1.0e-04_kernel_sizes=7x5_conv_channels=512x512_fc_dims=512_seed1,completed,4e0d92e7fb,trial_0239_lr=1.0e-03_weight_decay=1.0e-04_kernel_sizes=7x5_conv_channels=512x512_fc_dims=512_seed1
0.1672369150320689,0.26394126497083564,50,0.17445890605449677,0.2288290437408989,1752127,2400,600,1000,50,8.3,cuda,0,9.1,0,user-Puget-Workstation-Threadripper-PRO-WRX90-T140-XL,trial_0240_lr=3.0e-03_weight_decay=0_kernel_sizes=7x5_conv_channels=512x512_fc_dims=512_seed0,completed,049c7d8b8e,trial_0240_lr=3.0e-03_weight_decay=0_kernel_sizes=7x5_conv_channels=512x512_fc_dims=512_seed0
0.1680070811510086,0.26512324373539614,50,0.1745493370294571,0.22894933656907773,1752127,2400,600,1000,50,8.1,cuda,1,8.9,1,user-Puget-Workstation-Threadripper-PRO-WRX90-T140-XL,trial_0240_lr=3.0e-03_weight_decay=0_kernel_sizes=7x5_conv_channels=512x512_fc_dims=512_seed1,completed,049c7d8b8e,trial_0240_lr=3.0e-03_weight_decay=0_kernel_sizes=7x5_conv_channels=512x512_fc_dims=512_seed1
0.16629356602827708,0.26889061249274826,49,0.17448818171024322,0.2320529606496149,1752127,2400,600,1000,50,8.1,cuda,0,8.9,0,user-Puget-Workstation-Threadripper-PRO-WRX90-T140-XL,trial_0241_lr=3.0e-03_weight_decay=1.0e-05_kernel_sizes=7x5_conv_channels=512x512_fc_dims=512_seed0,completed,c924aae873,trial_0241_lr=3.0e-03_weight_decay=1.0e-05_kernel_sizes=7x5_conv_channels=512x512_fc_dims=512_seed0
0.16737727562586466,0.26975277575912626,50,0.17410568344593047,0.2349006255012494,1752127,2400,600,1000,50,8.1,cuda,1,8.9,1,user-Puget-Workstation-Threadripper-PRO-WRX90-T140-XL,trial_0241_lr=3.0e-03_weight_decay=1.0e-05_kernel_sizes=7x5_conv_channels=512x512_fc_dims=512_seed1,completed,c924aae873,trial_0241_lr=3.0e-03_weight_decay=1.0e-05_kernel_sizes=7x5_conv_channels=512x512_fc_dims=512_seed1
0.18978952487309775,0.1385295868758817,7,0.19119535899162293,0.11727666314048218,1752127,2400,600,1000,10,2.1,cuda,0,2.9,0,user-Puget-Workstation-Threadripper-PRO-WRX90-T140-XL,trial_0242_lr=3.0e-03_weight_decay=1.0e-04_kernel_sizes=7x5_conv_channels=512x512_fc_dims=512_seed0,completed,21bf4e7226,trial_0242_lr=3.0e-03_weight_decay=1.0e-04_kernel_sizes=7x5_conv_channels=512x512_fc_dims=512_seed0
0.19014998376369477,0.14212305076289367,8,0.19062313985824586,0.12310944288771483,1752127,2400,600,1000,11,2.2,cuda,1,3.0,1,user-Puget-Workstation-Threadripper-PRO-WRX90-T140-XL,trial_0242_lr=3.0e-03_weight_decay=1.0e-04_kernel_sizes=7x5_conv_channels=512x512_fc_dims=512_seed1,completed,21bf4e7226,trial_0242_lr=3.0e-03_weight_decay=1.0e-04_kernel_sizes=7x5_conv_channels=512x512_fc_dims=512_seed1
0.1860698479413986,0.1632601658994298,49,0.18826792764663697,0.14331884120974292,1867327,2400,600,1000,50,8.5,cuda,0,9.3,0,user-Puget-Workstation-Threadripper-PRO-WRX90-T140-XL,trial_0243_lr=3.0e-04_weight_decay=0_kernel_sizes=7x5_conv_channels=512x512_fc_dims=512x256_seed0,completed,20d7fa090c,trial_0243_lr=3.0e-04_weight_decay=0_kernel_sizes=7x5_conv_channels=512x512_fc_dims=512x256_seed0
0.1852737965186437,0.1701245843003365,50,0.18723702645301818,0.14664325101020387,1867327,2400,600,1000,50,8.4,cuda,1,9.2,1,user-Puget-Workstation-Threadripper-PRO-WRX90-T140-XL,trial_0243_lr=3.0e-04_weight_decay=0_kernel_sizes=7x5_conv_channels=512x512_fc_dims=512x256_seed1,completed,20d7fa090c,trial_0243_lr=3.0e-04_weight_decay=0_kernel_sizes=7x5_conv_channels=512x512_fc_dims=512x256_seed1
0.1898591148853302,0.13905899852042955,29,0.1912472645044327,0.12249807057181175,1867327,2400,600,1000,32,5.6,cuda,0,6.4,0,user-Puget-Workstation-Threadripper-PRO-WRX90-T140-XL,trial_0244_lr=3.0e-04_weight_decay=1.0e-05_kernel_sizes=7x5_conv_channels=512x512_fc_dims=512x256_seed0,completed,a20ea2d464,trial_0244_lr=3.0e-04_weight_decay=1.0e-05_kernel_sizes=7x5_conv_channels=512x512_fc_dims=512x256_seed0
0.1848794879515966,0.171695532007408,50,0.18689177894592285,0.14829412572557604,1867327,2400,600,1000,50,8.4,cuda,1,9.3,1,user-Puget-Workstation-Threadripper-PRO-WRX90-T140-XL,trial_0244_lr=3.0e-04_weight_decay=1.0e-05_kernel_sizes=7x5_conv_channels=512x512_fc_dims=512x256_seed1,completed,a20ea2d464,trial_0244_lr=3.0e-04_weight_decay=1.0e-05_kernel_sizes=7x5_conv_channels=512x512_fc_dims=512x256_seed1
0.18845432897408804,0.14755029448349458,32,0.19000598752498626,0.12950902194772207,1867327,2400,600,1000,35,6.1,cuda,0,7.0,0,user-Puget-Workstation-Threadripper-PRO-WRX90-T140-XL,trial_0245_lr=3.0e-04_weight_decay=1.0e-04_kernel_sizes=7x5_conv_channels=512x512_fc_dims=512x256_seed0,completed,93b58e3a3a,trial_0245_lr=3.0e-04_weight_decay=1.0e-04_kernel_sizes=7x5_conv_channels=512x512_fc_dims=512x256_seed0
0.19103804449240366,0.1355358278716212,22,0.19174600148200988,0.11511315325867526,1867327,2400,600,1000,25,4.5,cuda,1,5.3,1,user-Puget-Workstation-Threadripper-PRO-WRX90-T140-XL,trial_0245_lr=3.0e-04_weight_decay=1.0e-04_kernel_sizes=7x5_conv_channels=512x512_fc_dims=512x256_seed1,completed,93b58e3a3a,trial_0245_lr=3.0e-04_weight_decay=1.0e-04_kernel_sizes=7x5_conv_channels=512x512_fc_dims=512x256_seed1
0.1779229042927424,0.20121464648815574,50,0.18248046839237214,0.17501234983576863,1867327,2400,600,1000,50,8.5,cuda,0,9.3,0,user-Puget-Workstation-Threadripper-PRO-WRX90-T140-XL,trial_0246_lr=1.0e-03_weight_decay=0_kernel_sizes=7x5_conv_channels=512x512_fc_dims=512x256_seed0,completed,86f6e005a2,trial_0246_lr=1.0e-03_weight_decay=0_kernel_sizes=7x5_conv_channels=512x512_fc_dims=512x256_seed0
0.17882534503936767,0.20041266193507465,50,0.18237140321731568,0.173213963485215,1867327,2400,600,1000,50,8.5,cuda,1,9.3,1,user-Puget-Workstation-Threadripper-PRO-WRX90-T140-XL,trial_0246_lr=1.0e-03_weight_decay=0_kernel_sizes=7x5_conv_channels=512x512_fc_dims=512x256_seed1,completed,86f6e005a2,trial_0246_lr=1.0e-03_weight_decay=0_kernel_sizes=7x5_conv_channels=512x512_fc_dims=512x256_seed1
0.1767972195148468,0.20787904700929494,50,0.18153887009620667,0.18112501562437097,1867327,2400,600,1000,50,8.6,cuda,0,9.3,0,user-Puget-Workstation-Threadripper-PRO-WRX90-T140-XL,trial_0247_lr=1.0e-03_weight_decay=1.0e-05_kernel_sizes=7x5_conv_channels=512x512_fc_dims=512x256_seed0,completed,37e33ab8ef,trial_0247_lr=1.0e-03_weight_decay=1.0e-05_kernel_sizes=7x5_conv_channels=512x512_fc_dims=512x256_seed0
0.17756958266099293,0.20708279595065548,50,0.1814431802034378,0.1792064793179727,1867327,2400,600,1000,50,8.5,cuda,1,9.4,1,user-Puget-Workstation-Threadripper-PRO-WRX90-T140-XL,trial_0247_lr=1.0e-03_weight_decay=1.0e-05_kernel_sizes=7x5_conv_channels=512x512_fc_dims=512x256_seed1,completed,37e33ab8ef,trial_0247_lr=1.0e-03_weight_decay=1.0e-05_kernel_sizes=7x5_conv_channels=512x512_fc_dims=512x256_seed1
0.1719209090868632,0.23773335547815933,49,0.17766573345661163,0.20571536954192562,1867327,2400,600,1000,50,8.5,cuda,0,9.3,0,user-Puget-Workstation-Threadripper-PRO-WRX90-T140-XL,trial_0248_lr=1.0e-03_weight_decay=1.0e-04_kernel_sizes=7x5_conv_channels=512x512_fc_dims=512x256_seed0,completed,6a97263a42,trial_0248_lr=1.0e-03_weight_decay=1.0e-04_kernel_sizes=7x5_conv_channels=512x512_fc_dims=512x256_seed0
0.17274968067804972,0.23328333873649845,49,0.17778611171245576,0.2024347777253374,1867327,2400,600,1000,50,8.4,cuda,1,9.2,1,user-Puget-Workstation-Threadripper-PRO-WRX90-T140-XL,trial_0248_lr=1.0e-03_weight_decay=1.0e-04_kernel_sizes=7x5_conv_channels=512x512_fc_dims=512x256_seed1,completed,6a97263a42,trial_0248_lr=1.0e-03_weight_decay=1.0e-04_kernel_sizes=7x5_conv_channels=512x512_fc_dims=512x256_seed1
0.17463614543279013,0.21691735752895847,50,0.18075768315792085,0.1867582985181382,1867327,2400,600,1000,50,8.5,cuda,0,9.3,0,user-Puget-Workstation-Threadripper-PRO-WRX90-T140-XL,trial_0249_lr=3.0e-03_weight_decay=0_kernel_sizes=7x5_conv_channels=512x512_fc_dims=512x256_seed0,completed,4c86cbb0aa,trial_0249_lr=3.0e-03_weight_decay=0_kernel_sizes=7x5_conv_channels=512x512_fc_dims=512x256_seed0
0.17449510256449383,0.22371254347281094,50,0.17981893265247345,0.19266125397081119,1867327,2400,600,1000,50,8.5,cuda,1,9.3,1,user-Puget-Workstation-Threadripper-PRO-WRX90-T140-XL,trial_0249_lr=3.0e-03_weight_decay=0_kernel_sizes=7x5_conv_channels=512x512_fc_dims=512x256_seed1,completed,4c86cbb0aa,trial_0249_lr=3.0e-03_weight_decay=0_kernel_sizes=7x5_conv_channels=512x512_fc_dims=512x256_seed1
0.17189324657122293,0.23388524286641105,50,0.1787480717897415,0.2040491218591266,1867327,2400,600,1000,50,8.6,cuda,0,9.4,0,user-Puget-Workstation-Threadripper-PRO-WRX90-T140-XL,trial_0250_lr=3.0e-03_weight_decay=1.0e-05_kernel_sizes=7x5_conv_channels=512x512_fc_dims=512x256_seed0,completed,53dec6ac04,trial_0250_lr=3.0e-03_weight_decay=1.0e-05_kernel_sizes=7x5_conv_channels=512x512_fc_dims=512x256_seed0
0.17229742785294852,0.2360277186940893,49,0.1779926028251648,0.2058470554578528,1867327,2400,600,1000,50,8.5,cuda,1,9.4,1,user-Puget-Workstation-Threadripper-PRO-WRX90-T140-XL,trial_0250_lr=3.0e-03_weight_decay=1.0e-05_kernel_sizes=7x5_conv_channels=512x512_fc_dims=512x256_seed1,completed,53dec6ac04,trial_0250_lr=3.0e-03_weight_decay=1.0e-05_kernel_sizes=7x5_conv_channels=512x512_fc_dims=512x256_seed1
0.19207227448622385,0.12218769909981522,8,0.19271903598308562,0.10774009913645609,1867327,2400,600,1000,11,2.4,cuda,0,3.2,0,user-Puget-Workstation-Threadripper-PRO-WRX90-T140-XL,trial_0251_lr=3.0e-03_weight_decay=1.0e-04_kernel_sizes=7x5_conv_channels=512x512_fc_dims=512x256_seed0,completed,e6710174a1,trial_0251_lr=3.0e-03_weight_decay=1.0e-04_kernel_sizes=7x5_conv_channels=512x512_fc_dims=512x256_seed0
0.19214066366354624,0.12600813058989155,7,0.19223704349994658,0.1072684905022825,1867327,2400,600,1000,10,2.2,cuda,1,3.0,1,user-Puget-Workstation-Threadripper-PRO-WRX90-T140-XL,trial_0251_lr=3.0e-03_weight_decay=1.0e-04_kernel_sizes=7x5_conv_channels=512x512_fc_dims=512x256_seed1,completed,e6710174a1,trial_0251_lr=3.0e-03_weight_decay=1.0e-04_kernel_sizes=7x5_conv_channels=512x512_fc_dims=512x256_seed1
0.19027023951212566,0.13668362864766892,14,0.19158534848690034,0.11895657470406332,1186879,2400,600,1000,17,3.0,cuda,0,3.8,0,user-Puget-Workstation-Threadripper-PRO-WRX90-T140-XL,trial_0252_lr=3.0e-04_weight_decay=0_kernel_sizes=5x3_conv_channels=512x512_fc_dims=512_seed0,completed,274fc92a3a,trial_0252_lr=3.0e-04_weight_decay=0_kernel_sizes=5x3_conv_channels=512x512_fc_dims=512_seed0
0.1905149221420288,0.13951531414913634,14,0.19149499988555907,0.11846553141796246,1186879,2400,600,1000,17,3.0,cuda,1,3.8,1,user-Puget-Workstation-Threadripper-PRO-WRX90-T140-XL,trial_0252_lr=3.0e-04_weight_decay=0_kernel_sizes=5x3_conv_channels=512x512_fc_dims=512_seed1,completed,274fc92a3a,trial_0252_lr=3.0e-04_weight_decay=0_kernel_sizes=5x3_conv_channels=512x512_fc_dims=512_seed1
0.19020825783411663,0.13676844612561548,14,0.19151116454601289,0.11914282987382398,1186879,2400,600,1000,17,3.0,cuda,0,3.9,0,user-Puget-Workstation-Threadripper-PRO-WRX90-T140-XL,trial_0253_lr=3.0e-04_weight_decay=1.0e-05_kernel_sizes=5x3_conv_channels=512x512_fc_dims=512_seed0,completed,ac1aaaaf38,trial_0253_lr=3.0e-04_weight_decay=1.0e-05_kernel_sizes=5x3_conv_channels=512x512_fc_dims=512_seed0
0.1904659523566564,0.1396070820727443,14,0.19143393170833586,0.11864677977352721,1186879,2400,600,1000,17,3.0,cuda,1,3.8,1,user-Puget-Workstation-Threadripper-PRO-WRX90-T140-XL,trial_0253_lr=3.0e-04_weight_decay=1.0e-05_kernel_sizes=5x3_conv_channels=512x512_fc_dims=512_seed1,completed,ac1aaaaf38,trial_0253_lr=3.0e-04_weight_decay=1.0e-05_kernel_sizes=5x3_conv_channels=512x512_fc_dims=512_seed1
0.1898297204573949,0.13757970948768863,14,0.1910710462331772,0.12059922245572079,1186879,2400,600,1000,17,2.9,cuda,0,3.7,0,user-Puget-Workstation-Threadripper-PRO-WRX90-T140-XL,trial_0254_lr=3.0e-04_weight_decay=1.0e-04_kernel_sizes=5x3_conv_channels=512x512_fc_dims=512_seed0,completed,70f888b910,trial_0254_lr=3.0e-04_weight_decay=1.0e-04_kernel_sizes=5x3_conv_channels=512x512_fc_dims=512_seed0
0.19015734831492107,0.14045431319312315,14,0.19104901564121246,0.11990542234949612,1186879,2400,600,1000,17,2.9,cuda,1,3.7,1,user-Puget-Workstation-Threadripper-PRO-WRX90-T140-XL,trial_0254_lr=3.0e-04_weight_decay=1.0e-04_kernel_sizes=5x3_conv_channels=512x512_fc_dims=512_seed1,completed,70f888b910,trial_0254_lr=3.0e-04_weight_decay=1.0e-04_kernel_sizes=5x3_conv_channels=512x512_fc_dims=512_seed1
0.17011672139167786,0.2515486333799987,50,0.17612086260318757,0.21678569699655936,1186879,2400,600,1000,50,7.4,cuda,0,8.2,0,user-Puget-Workstation-Threadripper-PRO-WRX90-T140-XL,trial_0255_lr=1.0e-03_weight_decay=0_kernel_sizes=5x3_conv_channels=512x512_fc_dims=512_seed0,completed,a1fc5cf13a,trial_0255_lr=1.0e-03_weight_decay=0_kernel_sizes=5x3_conv_channels=512x512_fc_dims=512_seed0
0.1705819441874822,0.2522142845166544,49,0.17563535940647126,0.21897338178099632,1186879,2400,600,1000,50,7.4,cuda,1,8.3,1,user-Puget-Workstation-Threadripper-PRO-WRX90-T140-XL,trial_0255_lr=1.0e-03_weight_decay=0_kernel_sizes=5x3_conv_channels=512x512_fc_dims=512_seed1,completed,a1fc5cf13a,trial_0255_lr=1.0e-03_weight_decay=0_kernel_sizes=5x3_conv_channels=512x512_fc_dims=512_seed1
0.16915264904499053,0.2565794510213432,50,0.17522668361663818,0.22169485280913795,1186879,2400,600,1000,50,7.7,cuda,0,8.5,0,user-Puget-Workstation-Threadripper-PRO-WRX90-T140-XL,trial_0256_lr=1.0e-03_weight_decay=1.0e-05_kernel_sizes=5x3_conv_channels=512x512_fc_dims=512_seed0,completed,12a0d7db0c,trial_0256_lr=1.0e-03_weight_decay=1.0e-05_kernel_sizes=5x3_conv_channels=512x512_fc_dims=512_seed0
0.16961454550425212,0.2563340788966963,49,0.17487663674354553,0.22292736568502636,1186879,2400,600,1000,50,7.6,cuda,1,8.4,1,user-Puget-Workstation-Threadripper-PRO-WRX90-T140-XL,trial_0256_lr=1.0e-03_weight_decay=1.0e-05_kernel_sizes=5x3_conv_channels=512x512_fc_dims=512_seed1,completed,12a0d7db0c,trial_0256_lr=1.0e-03_weight_decay=1.0e-05_kernel_sizes=5x3_conv_channels=512x512_fc_dims=512_seed1
0.1667011789480845,0.2683809750469595,49,0.1735261708498001,0.2315757503097559,1186879,2400,600,1000,50,7.5,cuda,0,8.3,0,user-Puget-Workstation-Threadripper-PRO-WRX90-T140-XL,trial_0257_lr=1.0e-03_weight_decay=1.0e-04_kernel_sizes=5x3_conv_channels=512x512_fc_dims=512_seed0,completed,fe09da8f9a,trial_0257_lr=1.0e-03_weight_decay=1.0e-04_kernel_sizes=5x3_conv_channels=512x512_fc_dims=512_seed0
0.1674591290950775,0.2683659784660912,50,0.17337637901306152,0.23296294325806213,1186879,2400,600,1000,50,7.6,cuda,1,8.4,1,user-Puget-Workstation-Threadripper-PRO-WRX90-T140-XL,trial_0257_lr=1.0e-03_weight_decay=1.0e-04_kernel_sizes=5x3_conv_channels=512x512_fc_dims=512_seed1,completed,fe09da8f9a,trial_0257_lr=1.0e-03_weight_decay=1.0e-04_kernel_sizes=5x3_conv_channels=512x512_fc_dims=512_seed1
0.16556487798690797,0.27432761122423005,50,0.17299799621105194,0.23716123946536924,1186879,2400,600,1000,50,7.5,cuda,0,8.3,0,user-Puget-Workstation-Threadripper-PRO-WRX90-T140-XL,trial_0258_lr=3.0e-03_weight_decay=0_kernel_sizes=5x3_conv_channels=512x512_fc_dims=512_seed0,completed,9c267c9cb9,trial_0258_lr=3.0e-03_weight_decay=0_kernel_sizes=5x3_conv_channels=512x512_fc_dims=512_seed0
0.16593181133270263,0.2775294123793242,50,0.17269932794570922,0.24046569942061513,1186879,2400,600,1000,50,7.4,cuda,1,8.2,1,user-Puget-Workstation-Threadripper-PRO-WRX90-T140-XL,trial_0258_lr=3.0e-03_weight_decay=0_kernel_sizes=5x3_conv_channels=512x512_fc_dims=512_seed1,completed,9c267c9cb9,trial_0258_lr=3.0e-03_weight_decay=0_kernel_sizes=5x3_conv_channels=512x512_fc_dims=512_seed1
0.16514771580696105,0.27706022941244046,49,0.17304994356632233,0.2404036325615981,1186879,2400,600,1000,50,7.5,cuda,0,8.3,0,user-Puget-Workstation-Threadripper-PRO-WRX90-T140-XL,trial_0259_lr=3.0e-03_weight_decay=1.0e-05_kernel_sizes=5x3_conv_channels=512x512_fc_dims=512_seed0,completed,2912c50b36,trial_0259_lr=3.0e-03_weight_decay=1.0e-05_kernel_sizes=5x3_conv_channels=512x512_fc_dims=512_seed0
0.1658188013235728,0.27787216980013024,49,0.17276342177391052,0.2406800595726619,1186879,2400,600,1000,50,7.5,cuda,1,8.3,1,user-Puget-Workstation-Threadripper-PRO-WRX90-T140-XL,trial_0259_lr=3.0e-03_weight_decay=1.0e-05_kernel_sizes=5x3_conv_channels=512x512_fc_dims=512_seed1,completed,2912c50b36,trial_0259_lr=3.0e-03_weight_decay=1.0e-05_kernel_sizes=5x3_conv_channels=512x512_fc_dims=512_seed1
0.1875939929485321,0.14900489225087848,8,0.18948965060710907,0.12951379327755086,1186879,2400,600,1000,11,2.2,cuda,0,2.9,0,user-Puget-Workstation-Threadripper-PRO-WRX90-T140-XL,trial_0260_lr=3.0e-03_weight_decay=1.0e-04_kernel_sizes=5x3_conv_channels=512x512_fc_dims=512_seed0,completed,4407955439,trial_0260_lr=3.0e-03_weight_decay=1.0e-04_kernel_sizes=5x3_conv_channels=512x512_fc_dims=512_seed0
0.18871979554494223,0.15031122426018143,8,0.18991227173805236,0.1285036179830738,1186879,2400,600,1000,11,2.1,cuda,1,2.9,1,user-Puget-Workstation-Threadripper-PRO-WRX90-T140-XL,trial_0260_lr=3.0e-03_weight_decay=1.0e-04_kernel_sizes=5x3_conv_channels=512x512_fc_dims=512_seed1,completed,4407955439,trial_0260_lr=3.0e-03_weight_decay=1.0e-04_kernel_sizes=5x3_conv_channels=512x512_fc_dims=512_seed1
0.19276384472846986,0.11874584094779225,13,0.1936668050289154,0.10228308671054162,1302079,2400,600,1000,16,3.0,cuda,0,3.8,0,user-Puget-Workstation-Threadripper-PRO-WRX90-T140-XL,trial_0261_lr=3.0e-04_weight_decay=0_kernel_sizes=5x3_conv_channels=512x512_fc_dims=512x256_seed0,completed,4b94a3e988,trial_0261_lr=3.0e-04_weight_decay=0_kernel_sizes=5x3_conv_channels=512x512_fc_dims=512x256_seed0
0.1931388839085897,0.12043963431427983,13,0.19340341901779176,0.10281429353182274,1302079,2400,600,1000,16,2.9,cuda,1,3.7,1,user-Puget-Workstation-Threadripper-PRO-WRX90-T140-XL,trial_0261_lr=3.0e-04_weight_decay=0_kernel_sizes=5x3_conv_channels=512x512_fc_dims=512x256_seed1,completed,4b94a3e988,trial_0261_lr=3.0e-04_weight_decay=0_kernel_sizes=5x3_conv_channels=512x512_fc_dims=512x256_seed1
0.192745228211085,0.11875066354770776,13,0.1936363672018051,0.10241293530501494,1302079,2400,600,1000,16,2.9,cuda,0,3.8,0,user-Puget-Workstation-Threadripper-PRO-WRX90-T140-XL,trial_0262_lr=3.0e-04_weight_decay=1.0e-05_kernel_sizes=5x3_conv_channels=512x512_fc_dims=512x256_seed0,completed,c777d003be,trial_0262_lr=3.0e-04_weight_decay=1.0e-05_kernel_sizes=5x3_conv_channels=512x512_fc_dims=512x256_seed0
0.19310435434182485,0.12047274583828017,13,0.19334679865837098,0.10299675280880118,1302079,2400,600,1000,16,2.9,cuda,1,3.7,1,user-Puget-Workstation-Threadripper-PRO-WRX90-T140-XL,trial_0262_lr=3.0e-04_weight_decay=1.0e-05_kernel_sizes=5x3_conv_channels=512x512_fc_dims=512x256_seed1,completed,c777d003be,trial_0262_lr=3.0e-04_weight_decay=1.0e-05_kernel_sizes=5x3_conv_channels=512x512_fc_dims=512x256_seed1
0.19271883507569632,0.12239830550651214,14,0.19361622309684753,0.10727326488115238,1302079,2400,600,1000,17,3.0,cuda,0,3.8,0,user-Puget-Workstation-Threadripper-PRO-WRX90-T140-XL,trial_0263_lr=3.0e-04_weight_decay=1.0e-04_kernel_sizes=5x3_conv_channels=512x512_fc_dims=512x256_seed0,completed,5bcd538fc3,trial_0263_lr=3.0e-04_weight_decay=1.0e-04_kernel_sizes=5x3_conv_channels=512x512_fc_dims=512x256_seed0
0.19174134016036987,0.13478676686405253,20,0.19247616505622864,0.11764693486425921,1302079,2400,600,1000,23,3.9,cuda,1,4.7,1,user-Puget-Workstation-Threadripper-PRO-WRX90-T140-XL,trial_0263_lr=3.0e-04_weight_decay=1.0e-04_kernel_sizes=5x3_conv_channels=512x512_fc_dims=512x256_seed1,completed,5bcd538fc3,trial_0263_lr=3.0e-04_weight_decay=1.0e-04_kernel_sizes=5x3_conv_channels=512x512_fc_dims=512x256_seed1
0.17646647771199545,0.21049021027722453,50,0.1810330057144165,0.1819231597446174,1302079,2400,600,1000,50,7.9,cuda,0,8.8,0,user-Puget-Workstation-Threadripper-PRO-WRX90-T140-XL,trial_0264_lr=1.0e-03_weight_decay=0_kernel_sizes=5x3_conv_channels=512x512_fc_dims=512x256_seed0,completed,cf07b8070f,trial_0264_lr=1.0e-03_weight_decay=0_kernel_sizes=5x3_conv_channels=512x512_fc_dims=512x256_seed0
0.1766203228632609,0.21327985918311063,50,0.18038014137744904,0.18620813419638274,1302079,2400,600,1000,50,7.8,cuda,1,8.7,1,user-Puget-Workstation-Threadripper-PRO-WRX90-T140-XL,trial_0264_lr=1.0e-03_weight_decay=0_kernel_sizes=5x3_conv_channels=512x512_fc_dims=512x256_seed1,completed,cf07b8070f,trial_0264_lr=1.0e-03_weight_decay=0_kernel_sizes=5x3_conv_channels=512x512_fc_dims=512x256_seed1
0.17586179256439208,0.21607744972106394,50,0.18081600403785705,0.18673089669462672,1302079,2400,600,1000,50,7.8,cuda,0,8.6,0,user-Puget-Workstation-Threadripper-PRO-WRX90-T140-XL,trial_0265_lr=1.0e-03_weight_decay=1.0e-05_kernel_sizes=5x3_conv_channels=512x512_fc_dims=512x256_seed0,completed,23a60d9782,trial_0265_lr=1.0e-03_weight_decay=1.0e-05_kernel_sizes=5x3_conv_channels=512x512_fc_dims=512x256_seed0
0.175246812303861,0.2208687387317031,50,0.17934841287136077,0.19332604424210548,1302079,2400,600,1000,50,7.8,cuda,1,8.6,1,user-Puget-Workstation-Threadripper-PRO-WRX90-T140-XL,trial_0265_lr=1.0e-03_weight_decay=1.0e-05_kernel_sizes=5x3_conv_channels=512x512_fc_dims=512x256_seed1,completed,23a60d9782,trial_0265_lr=1.0e-03_weight_decay=1.0e-05_kernel_sizes=5x3_conv_channels=512x512_fc_dims=512x256_seed1
0.17063962280750275,0.23892933551471504,50,0.17671746551990508,0.20845531775087414,1302079,2400,600,1000,50,7.9,cuda,0,8.7,0,user-Puget-Workstation-Threadripper-PRO-WRX90-T140-XL,trial_0266_lr=1.0e-03_weight_decay=1.0e-04_kernel_sizes=5x3_conv_channels=512x512_fc_dims=512x256_seed0,completed,d89540f4fd,trial_0266_lr=1.0e-03_weight_decay=1.0e-04_kernel_sizes=5x3_conv_channels=512x512_fc_dims=512x256_seed0
0.1708476593097051,0.2455916506838789,50,0.1761168359518051,0.2126860697986561,1302079,2400,600,1000,50,7.7,cuda,1,8.5,1,user-Puget-Workstation-Threadripper-PRO-WRX90-T140-XL,trial_0266_lr=1.0e-03_weight_decay=1.0e-04_kernel_sizes=5x3_conv_channels=512x512_fc_dims=512x256_seed1,completed,d89540f4fd,trial_0266_lr=1.0e-03_weight_decay=1.0e-04_kernel_sizes=5x3_conv_channels=512x512_fc_dims=512x256_seed1
0.1728039300441742,0.2262856774723504,49,0.17892119204998017,0.19466146441638812,1302079,2400,600,1000,50,7.9,cuda,0,8.7,0,user-Puget-Workstation-Threadripper-PRO-WRX90-T140-XL,trial_0267_lr=3.0e-03_weight_decay=0_kernel_sizes=5x3_conv_channels=512x512_fc_dims=512x256_seed0,completed,80e6dc9f67,trial_0267_lr=3.0e-03_weight_decay=0_kernel_sizes=5x3_conv_channels=512x512_fc_dims=512x256_seed0
0.17194246172904967,0.23717041182620557,50,0.1777010737657547,0.20594441452486137,1302079,2400,600,1000,50,7.8,cuda,1,8.6,1,user-Puget-Workstation-Threadripper-PRO-WRX90-T140-XL,trial_0267_lr=3.0e-03_weight_decay=0_kernel_sizes=5x3_conv_channels=512x512_fc_dims=512x256_seed1,completed,80e6dc9f67,trial_0267_lr=3.0e-03_weight_decay=0_kernel_sizes=5x3_conv_channels=512x512_fc_dims=512x256_seed1
0.17023541549841562,0.2422236502021037,50,0.17696050691604615,0.21068830782755998,1302079,2400,600,1000,50,7.8,cuda,0,8.6,0,user-Puget-Workstation-Threadripper-PRO-WRX90-T140-XL,trial_0268_lr=3.0e-03_weight_decay=1.0e-05_kernel_sizes=5x3_conv_channels=512x512_fc_dims=512x256_seed0,completed,0009c4197f,trial_0268_lr=3.0e-03_weight_decay=1.0e-05_kernel_sizes=5x3_conv_channels=512x512_fc_dims=512x256_seed0
0.17033050497372945,0.24791570245522285,50,0.17638134503364564,0.21470993260327395,1302079,2400,600,1000,50,7.8,cuda,1,8.7,1,user-Puget-Workstation-Threadripper-PRO-WRX90-T140-XL,trial_0268_lr=3.0e-03_weight_decay=1.0e-05_kernel_sizes=5x3_conv_channels=512x512_fc_dims=512x256_seed1,completed,0009c4197f,trial_0268_lr=3.0e-03_weight_decay=1.0e-05_kernel_sizes=5x3_conv_channels=512x512_fc_dims=512x256_seed1
0.19151778002580008,0.12970862992654034,7,0.19241053473949432,0.11212893334929416,1302079,2400,600,1000,10,2.1,cuda,0,2.9,0,user-Puget-Workstation-Threadripper-PRO-WRX90-T140-XL,trial_0269_lr=3.0e-03_weight_decay=1.0e-04_kernel_sizes=5x3_conv_channels=512x512_fc_dims=512x256_seed0,completed,c06c1aa32b,trial_0269_lr=3.0e-03_weight_decay=1.0e-04_kernel_sizes=5x3_conv_channels=512x512_fc_dims=512x256_seed0
0.19095649460951486,0.13011398329808788,8,0.19136861956119539,0.11203037684695445,1302079,2400,600,1000,11,2.1,cuda,1,3.0,1,user-Puget-Workstation-Threadripper-PRO-WRX90-T140-XL,trial_0269_lr=3.0e-03_weight_decay=1.0e-04_kernel_sizes=5x3_conv_channels=512x512_fc_dims=512x256_seed1,completed,c06c1aa32b,trial_0269_lr=3.0e-03_weight_decay=1.0e-04_kernel_sizes=5x3_conv_channels=512x512_fc_dims=512x256_seed1
0.18891278425852456,0.1397181647128046,14,0.19093157374858857,0.12014376064209333,1145919,2400,600,1000,17,3.0,cuda,0,3.9,0,user-Puget-Workstation-Threadripper-PRO-WRX90-T140-XL,trial_0270_lr=3.0e-04_weight_decay=0_kernel_sizes=3x3_conv_channels=512x512_fc_dims=512_seed0,completed,a2b18f86f8,trial_0270_lr=3.0e-04_weight_decay=0_kernel_sizes=3x3_conv_channels=512x512_fc_dims=512_seed0
0.18926730593045551,0.14673483816952798,14,0.190623303771019,0.12462481068470811,1145919,2400,600,1000,17,3.0,cuda,1,3.8,1,user-Puget-Workstation-Threadripper-PRO-WRX90-T140-XL,trial_0270_lr=3.0e-04_weight_decay=0_kernel_sizes=3x3_conv_channels=512x512_fc_dims=512_seed1,completed,a2b18f86f8,trial_0270_lr=3.0e-04_weight_decay=0_kernel_sizes=3x3_conv_channels=512x512_fc_dims=512_seed1
0.18889868398507437,0.13970204332516906,14,0.19090507102012635,0.12029741313570588,1145919,2400,600,1000,17,3.0,cuda,0,3.8,0,user-Puget-Workstation-Threadripper-PRO-WRX90-T140-XL,trial_0271_lr=3.0e-04_weight_decay=1.0e-05_kernel_sizes=3x3_conv_channels=512x512_fc_dims=512_seed0,completed,48fce9683c,trial_0271_lr=3.0e-04_weight_decay=1.0e-05_kernel_sizes=3x3_conv_channels=512x512_fc_dims=512_seed0
0.18924981653690337,0.1467435096493809,14,0.19059366393089294,0.1247689291477535,1145919,2400,600,1000,17,2.9,cuda,1,3.8,1,user-Puget-Workstation-Threadripper-PRO-WRX90-T140-XL,trial_0271_lr=3.0e-04_weight_decay=1.0e-05_kernel_sizes=3x3_conv_channels=512x512_fc_dims=512_seed1,completed,48fce9683c,trial_0271_lr=3.0e-04_weight_decay=1.0e-05_kernel_sizes=3x3_conv_channels=512x512_fc_dims=512_seed1
0.1888628900051117,0.13950308450583354,14,0.1907885468006134,0.12099649729043414,1145919,2400,600,1000,17,3.0,cuda,0,3.8,0,user-Puget-Workstation-Threadripper-PRO-WRX90-T140-XL,trial_0272_lr=3.0e-04_weight_decay=1.0e-04_kernel_sizes=3x3_conv_channels=512x512_fc_dims=512_seed0,completed,8faceb0d1d,trial_0272_lr=3.0e-04_weight_decay=1.0e-04_kernel_sizes=3x3_conv_channels=512x512_fc_dims=512_seed0
0.189113046725591,0.14657391096245728,14,0.19037521970272064,0.12539890116630573,1145919,2400,600,1000,17,3.0,cuda,1,3.8,1,user-Puget-Workstation-Threadripper-PRO-WRX90-T140-XL,trial_0272_lr=3.0e-04_weight_decay=1.0e-04_kernel_sizes=3x3_conv_channels=512x512_fc_dims=512_seed1,completed,8faceb0d1d,trial_0272_lr=3.0e-04_weight_decay=1.0e-04_kernel_sizes=3x3_conv_channels=512x512_fc_dims=512_seed1
0.16891824066638947,0.2584931516273069,50,0.1749956773519516,0.22101231726538845,1145919,2400,600,1000,50,7.6,cuda,0,8.4,0,user-Puget-Workstation-Threadripper-PRO-WRX90-T140-XL,trial_0273_lr=1.0e-03_weight_decay=0_kernel_sizes=3x3_conv_channels=512x512_fc_dims=512_seed0,completed,5395e0d7e5,trial_0273_lr=1.0e-03_weight_decay=0_kernel_sizes=3x3_conv_channels=512x512_fc_dims=512_seed0
0.16946458240350087,0.25805934162913413,50,0.17463734686374666,0.22509037911433194,1145919,2400,600,1000,50,7.5,cuda,1,8.3,1,user-Puget-Workstation-Threadripper-PRO-WRX90-T140-XL,trial_0273_lr=1.0e-03_weight_decay=0_kernel_sizes=3x3_conv_channels=512x512_fc_dims=512_seed1,completed,5395e0d7e5,trial_0273_lr=1.0e-03_weight_decay=0_kernel_sizes=3x3_conv_channels=512x512_fc_dims=512_seed1
0.16797864456971487,0.2618409206877867,50,0.17426357758045197,0.22450330884728673,1145919,2400,600,1000,50,7.5,cuda,0,8.3,0,user-Puget-Workstation-Threadripper-PRO-WRX90-T140-XL,trial_0274_lr=1.0e-03_weight_decay=1.0e-05_kernel_sizes=3x3_conv_channels=512x512_fc_dims=512_seed0,completed,eb1de7ed31,trial_0274_lr=1.0e-03_weight_decay=1.0e-05_kernel_sizes=3x3_conv_channels=512x512_fc_dims=512_seed0
0.16910536527633668,0.25967181499914693,49,0.17434091103076935,0.2264768404084425,1145919,2400,600,1000,50,7.5,cuda,1,8.3,1,user-Puget-Workstation-Threadripper-PRO-WRX90-T140-XL,trial_0274_lr=1.0e-03_weight_decay=1.0e-05_kernel_sizes=3x3_conv_channels=512x512_fc_dims=512_seed1,completed,eb1de7ed31,trial_0274_lr=1.0e-03_weight_decay=1.0e-05_kernel_sizes=3x3_conv_channels=512x512_fc_dims=512_seed1
0.1666167324781418,0.26896304779824126,50,0.17282016313076018,0.2343260407797262,1145919,2400,600,1000,50,7.6,cuda,0,8.4,0,user-Puget-Workstation-Threadripper-PRO-WRX90-T140-XL,trial_0275_lr=1.0e-03_weight_decay=1.0e-04_kernel_sizes=3x3_conv_channels=512x512_fc_dims=512_seed0,completed,11293ff2a3,trial_0275_lr=1.0e-03_weight_decay=1.0e-04_kernel_sizes=3x3_conv_channels=512x512_fc_dims=512_seed0
0.20543716450532276,0.09856313594354614,4,0.20970798218250275,0.08237893558476932,1145919,2400,600,1000,7,1.5,cuda,1,2.4,1,user-Puget-Workstation-Threadripper-PRO-WRX90-T140-XL,trial_0275_lr=1.0e-03_weight_decay=1.0e-04_kernel_sizes=3x3_conv_channels=512x512_fc_dims=512_seed1,completed,11293ff2a3,trial_0275_lr=1.0e-03_weight_decay=1.0e-04_kernel_sizes=3x3_conv_channels=512x512_fc_dims=512_seed1
0.16483434160550436,0.278587149562976,50,0.1723651430606842,0.2398099583442617,1145919,2400,600,1000,50,7.6,cuda,0,8.4,0,user-Puget-Workstation-Threadripper-PRO-WRX90-T140-XL,trial_0276_lr=3.0e-03_weight_decay=0_kernel_sizes=3x3_conv_channels=512x512_fc_dims=512_seed0,completed,a1d916b874,trial_0276_lr=3.0e-03_weight_decay=0_kernel_sizes=3x3_conv_channels=512x512_fc_dims=512_seed0
0.1655943739414215,0.27946924382425,50,0.17232811439037324,0.24205953955029963,1145919,2400,600,1000,50,7.6,cuda,1,8.3,1,user-Puget-Workstation-Threadripper-PRO-WRX90-T140-XL,trial_0276_lr=3.0e-03_weight_decay=0_kernel_sizes=3x3_conv_channels=512x512_fc_dims=512_seed1,completed,a1d916b874,trial_0276_lr=3.0e-03_weight_decay=0_kernel_sizes=3x3_conv_channels=512x512_fc_dims=512_seed1
0.16532264550526937,0.27587049891372123,44,0.17274655067920686,0.23910955934901568,1145919,2400,600,1000,47,7.2,cuda,0,8.0,0,user-Puget-Workstation-Threadripper-PRO-WRX90-T140-XL,trial_0277_lr=3.0e-03_weight_decay=1.0e-05_kernel_sizes=3x3_conv_channels=512x512_fc_dims=512_seed0,completed,703e0bbd1c,trial_0277_lr=3.0e-03_weight_decay=1.0e-05_kernel_sizes=3x3_conv_channels=512x512_fc_dims=512_seed0
0.16538881341616313,0.28028845832946797,48,0.17228594779968262,0.24412105526441918,1145919,2400,600,1000,50,7.6,cuda,1,8.4,1,user-Puget-Workstation-Threadripper-PRO-WRX90-T140-XL,trial_0277_lr=3.0e-03_weight_decay=1.0e-05_kernel_sizes=3x3_conv_channels=512x512_fc_dims=512_seed1,completed,703e0bbd1c,trial_0277_lr=3.0e-03_weight_decay=1.0e-05_kernel_sizes=3x3_conv_channels=512x512_fc_dims=512_seed1
0.18907075842221577,0.14396175664374614,8,0.1910711454153061,0.12542135689325548,1145919,2400,600,1000,11,2.2,cuda,0,3.0,0,user-Puget-Workstation-Threadripper-PRO-WRX90-T140-XL,trial_0278_lr=3.0e-03_weight_decay=1.0e-04_kernel_sizes=3x3_conv_channels=512x512_fc_dims=512_seed0,completed,8ca059d506,trial_0278_lr=3.0e-03_weight_decay=1.0e-04_kernel_sizes=3x3_conv_channels=512x512_fc_dims=512_seed0
0.18946338911851246,0.14748453261958072,8,0.190808513879776,0.126085232908445,1145919,2400,600,1000,11,2.1,cuda,1,2.9,1,user-Puget-Workstation-Threadripper-PRO-WRX90-T140-XL,trial_0278_lr=3.0e-03_weight_decay=1.0e-04_kernel_sizes=3x3_conv_channels=512x512_fc_dims=512_seed1,completed,8ca059d506,trial_0278_lr=3.0e-03_weight_decay=1.0e-04_kernel_sizes=3x3_conv_channels=512x512_fc_dims=512_seed1
0.1921357987324397,0.12230726678006633,14,0.1938478949069977,0.10639020511795234,1261119,2400,600,1000,17,3.1,cuda,0,3.9,0,user-Puget-Workstation-Threadripper-PRO-WRX90-T140-XL,trial_0279_lr=3.0e-04_weight_decay=0_kernel_sizes=3x3_conv_channels=512x512_fc_dims=512x256_seed0,completed,30138b97a8,trial_0279_lr=3.0e-04_weight_decay=0_kernel_sizes=3x3_conv_channels=512x512_fc_dims=512x256_seed0
0.19248590767383575,0.1283754595037471,14,0.1935263112783432,0.10925724807090183,1261119,2400,600,1000,17,3.0,cuda,1,3.8,1,user-Puget-Workstation-Threadripper-PRO-WRX90-T140-XL,trial_0279_lr=3.0e-04_weight_decay=0_kernel_sizes=3x3_conv_channels=512x512_fc_dims=512x256_seed1,completed,30138b97a8,trial_0279_lr=3.0e-04_weight_decay=0_kernel_sizes=3x3_conv_channels=512x512_fc_dims=512x256_seed1
0.19213748673597972,0.12226873800005597,14,0.19384640562534333,0.10647947066835255,1261119,2400,600,1000,17,3.1,cuda,0,3.9,0,user-Puget-Workstation-Threadripper-PRO-WRX90-T140-XL,trial_0280_lr=3.0e-04_weight_decay=1.0e-05_kernel_sizes=3x3_conv_channels=512x512_fc_dims=512x256_seed0,completed,04c32e98aa,trial_0280_lr=3.0e-04_weight_decay=1.0e-05_kernel_sizes=3x3_conv_channels=512x512_fc_dims=512x256_seed0
0.19253935158252716,0.1283983740467485,14,0.19358054852485657,0.10939128086583566,1261119,2400,600,1000,17,3.0,cuda,1,3.8,1,user-Puget-Workstation-Threadripper-PRO-WRX90-T140-XL,trial_0280_lr=3.0e-04_weight_decay=1.0e-05_kernel_sizes=3x3_conv_channels=512x512_fc_dims=512x256_seed1,completed,04c32e98aa,trial_0280_lr=3.0e-04_weight_decay=1.0e-05_kernel_sizes=3x3_conv_channels=512x512_fc_dims=512x256_seed1
0.18125421504179637,0.18678744314606605,49,0.18443739902973175,0.16277378444394675,1261119,2400,600,1000,50,8.0,cuda,0,8.8,0,user-Puget-Workstation-Threadripper-PRO-WRX90-T140-XL,trial_0281_lr=3.0e-04_weight_decay=1.0e-04_kernel_sizes=3x3_conv_channels=512x512_fc_dims=512x256_seed0,completed,858425bbbf,trial_0281_lr=3.0e-04_weight_decay=1.0e-04_kernel_sizes=3x3_conv_channels=512x512_fc_dims=512x256_seed0
0.18076151967048645,0.19134050488485901,50,0.18348123967647553,0.16679949018887677,1261119,2400,600,1000,50,7.7,cuda,1,8.5,1,user-Puget-Workstation-Threadripper-PRO-WRX90-T140-XL,trial_0281_lr=3.0e-04_weight_decay=1.0e-04_kernel_sizes=3x3_conv_channels=512x512_fc_dims=512x256_seed1,completed,858425bbbf,trial_0281_lr=3.0e-04_weight_decay=1.0e-04_kernel_sizes=3x3_conv_channels=512x512_fc_dims=512x256_seed1
0.17538238485654195,0.21772740518304332,49,0.1799994194507599,0.19004749990858658,1261119,2400,600,1000,50,7.9,cuda,0,8.8,0,user-Puget-Workstation-Threadripper-PRO-WRX90-T140-XL,trial_0282_lr=1.0e-03_weight_decay=0_kernel_sizes=3x3_conv_channels=512x512_fc_dims=512x256_seed0,completed,b48821acec,trial_0282_lr=1.0e-03_weight_decay=0_kernel_sizes=3x3_conv_channels=512x512_fc_dims=512x256_seed0
0.1757230552037557,0.21753808684756426,49,0.17966813659667968,0.1902381648691998,1261119,2400,600,1000,50,7.7,cuda,1,8.5,1,user-Puget-Workstation-Threadripper-PRO-WRX90-T140-XL,trial_0282_lr=1.0e-03_weight_decay=0_kernel_sizes=3x3_conv_channels=512x512_fc_dims=512x256_seed1,completed,b48821acec,trial_0282_lr=1.0e-03_weight_decay=0_kernel_sizes=3x3_conv_channels=512x512_fc_dims=512x256_seed1
0.17449542264143625,0.2212430730254391,49,0.17934314680099486,0.1933956383230675,1261119,2400,600,1000,50,7.8,cuda,0,8.6,0,user-Puget-Workstation-Threadripper-PRO-WRX90-T140-XL,trial_0283_lr=1.0e-03_weight_decay=1.0e-05_kernel_sizes=3x3_conv_channels=512x512_fc_dims=512x256_seed0,completed,8b367f3798,trial_0283_lr=1.0e-03_weight_decay=1.0e-05_kernel_sizes=3x3_conv_channels=512x512_fc_dims=512x256_seed0
0.17402986546357474,0.2259370107807841,50,0.17837552523612976,0.198330053595956,1261119,2400,600,1000,50,7.7,cuda,1,8.5,1,user-Puget-Workstation-Threadripper-PRO-WRX90-T140-XL,trial_0283_lr=1.0e-03_weight_decay=1.0e-05_kernel_sizes=3x3_conv_channels=512x512_fc_dims=512x256_seed1,completed,8b367f3798,trial_0283_lr=1.0e-03_weight_decay=1.0e-05_kernel_sizes=3x3_conv_channels=512x512_fc_dims=512x256_seed1
0.1702790993452072,0.24224918497204798,50,0.1759262970685959,0.21292025597139663,1261119,2400,600,1000,50,7.8,cuda,0,8.6,0,user-Puget-Workstation-Threadripper-PRO-WRX90-T140-XL,trial_0284_lr=1.0e-03_weight_decay=1.0e-04_kernel_sizes=3x3_conv_channels=512x512_fc_dims=512x256_seed0,completed,a38e6a2572,trial_0284_lr=1.0e-03_weight_decay=1.0e-04_kernel_sizes=3x3_conv_channels=512x512_fc_dims=512x256_seed0
0.17094075779120127,0.24413171481628643,49,0.1761179223060608,0.21249766288350375,1261119,2400,600,1000,50,7.8,cuda,1,8.6,1,user-Puget-Workstation-Threadripper-PRO-WRX90-T140-XL,trial_0284_lr=1.0e-03_weight_decay=1.0e-04_kernel_sizes=3x3_conv_channels=512x512_fc_dims=512x256_seed1,completed,a38e6a2572,trial_0284_lr=1.0e-03_weight_decay=1.0e-04_kernel_sizes=3x3_conv_channels=512x512_fc_dims=512x256_seed1
0.17096769909063975,0.23727108306971767,50,0.17684813594818116,0.2075546046348368,1261119,2400,600,1000,50,8.0,cuda,0,8.8,0,user-Puget-Workstation-Threadripper-PRO-WRX90-T140-XL,trial_0285_lr=3.0e-03_weight_decay=0_kernel_sizes=3x3_conv_channels=512x512_fc_dims=512x256_seed0,completed,4e0ea2cdef,trial_0285_lr=3.0e-03_weight_decay=0_kernel_sizes=3x3_conv_channels=512x512_fc_dims=512x256_seed0
0.17172768314679462,0.23905967138627954,50,0.1771185256242752,0.20734475341965777,1261119,2400,600,1000,50,7.8,cuda,1,8.6,1,user-Puget-Workstation-Threadripper-PRO-WRX90-T140-XL,trial_0285_lr=3.0e-03_weight_decay=0_kernel_sizes=3x3_conv_channels=512x512_fc_dims=512x256_seed1,completed,4e0ea2cdef,trial_0285_lr=3.0e-03_weight_decay=0_kernel_sizes=3x3_conv_channels=512x512_fc_dims=512x256_seed1
0.1689178035656611,0.24990055759269922,50,0.17545053327083587,0.21898464889777108,1261119,2400,600,1000,50,7.9,cuda,0,8.8,0,user-Puget-Workstation-Threadripper-PRO-WRX90-T140-XL,trial_0286_lr=3.0e-03_weight_decay=1.0e-05_kernel_sizes=3x3_conv_channels=512x512_fc_dims=512x256_seed0,completed,09846ccb50,trial_0286_lr=3.0e-03_weight_decay=1.0e-05_kernel_sizes=3x3_conv_channels=512x512_fc_dims=512x256_seed0
0.1702392441034317,0.2496661357077852,50,0.17604080510139467,0.21757549694497433,1261119,2400,600,1000,50,7.8,cuda,1,8.6,1,user-Puget-Workstation-Threadripper-PRO-WRX90-T140-XL,trial_0286_lr=3.0e-03_weight_decay=1.0e-05_kernel_sizes=3x3_conv_channels=512x512_fc_dims=512x256_seed1,completed,09846ccb50,trial_0286_lr=3.0e-03_weight_decay=1.0e-05_kernel_sizes=3x3_conv_channels=512x512_fc_dims=512x256_seed1
0.18982750753561656,0.13152838733090963,8,0.19105942904949189,0.11338681529758762,1261119,2400,600,1000,11,2.2,cuda,0,3.0,0,user-Puget-Workstation-Threadripper-PRO-WRX90-T140-XL,trial_0287_lr=3.0e-03_weight_decay=1.0e-04_kernel_sizes=3x3_conv_channels=512x512_fc_dims=512x256_seed0,completed,4d205dc2b6,trial_0287_lr=3.0e-03_weight_decay=1.0e-04_kernel_sizes=3x3_conv_channels=512x512_fc_dims=512x256_seed0
0.1904477838675181,0.13309936114778056,7,0.19109138083457947,0.11248983002334532,1261119,2400,600,1000,10,2.0,cuda,1,2.9,1,user-Puget-Workstation-Threadripper-PRO-WRX90-T140-XL,trial_0287_lr=3.0e-03_weight_decay=1.0e-04_kernel_sizes=3x3_conv_channels=512x512_fc_dims=512x256_seed1,completed,4d205dc2b6,trial_0287_lr=3.0e-03_weight_decay=1.0e-04_kernel_sizes=3x3_conv_channels=512x512_fc_dims=512x256_seed1
0.1812799761692683,0.18078051753002147,50,0.1842907519340515,0.1620735919727499,3650111,2400,600,1000,50,10.7,cuda,0,11.5,0,user-Puget-Workstation-Threadripper-PRO-WRX90-T140-XL,trial_0288_lr=3.0e-04_weight_decay=0_kernel_sizes=10x7x5_conv_channels=512x512x512_fc_dims=512_seed0,completed,a99de407a9,trial_0288_lr=3.0e-04_weight_decay=0_kernel_sizes=10x7x5_conv_channels=512x512x512_fc_dims=512_seed0
0.21446287949879964,0.0436132707454895,6,0.21411610448360444,0.027741566236811864,3650111,2400,600,1000,9,2.3,cuda,1,3.2,1,user-Puget-Workstation-Threadripper-PRO-WRX90-T140-XL,trial_0288_lr=3.0e-04_weight_decay=0_kernel_sizes=10x7x5_conv_channels=512x512x512_fc_dims=512_seed1,completed,a99de407a9,trial_0288_lr=3.0e-04_weight_decay=0_kernel_sizes=10x7x5_conv_channels=512x512x512_fc_dims=512_seed1
0.1808674325545629,0.1830315794660569,50,0.18390872430801392,0.16408104547330524,3650111,2400,600,1000,50,10.8,cuda,0,11.7,0,user-Puget-Workstation-Threadripper-PRO-WRX90-T140-XL,trial_0289_lr=3.0e-04_weight_decay=1.0e-05_kernel_sizes=10x7x5_conv_channels=512x512x512_fc_dims=512_seed0,completed,9e2726c973,trial_0289_lr=3.0e-04_weight_decay=1.0e-05_kernel_sizes=10x7x5_conv_channels=512x512x512_fc_dims=512_seed0
0.21452792187531788,0.04321187890078354,6,0.21419353723526002,0.027422618915054,3650111,2400,600,1000,9,2.3,cuda,1,3.2,1,user-Puget-Workstation-Threadripper-PRO-WRX90-T140-XL,trial_0289_lr=3.0e-04_weight_decay=1.0e-05_kernel_sizes=10x7x5_conv_channels=512x512x512_fc_dims=512_seed1,completed,9e2726c973,trial_0289_lr=3.0e-04_weight_decay=1.0e-05_kernel_sizes=10x7x5_conv_channels=512x512x512_fc_dims=512_seed1
0.21415302952130635,0.021953923485054833,5,0.21310560715198518,0.016933673761471563,3650111,2400,600,1000,8,2.2,cuda,0,3.0,0,user-Puget-Workstation-Threadripper-PRO-WRX90-T140-XL,trial_0290_lr=3.0e-04_weight_decay=1.0e-04_kernel_sizes=10x7x5_conv_channels=512x512x512_fc_dims=512_seed0,completed,4cae277832,trial_0290_lr=3.0e-04_weight_decay=1.0e-04_kernel_sizes=10x7x5_conv_channels=512x512x512_fc_dims=512_seed0
0.21441771825154624,0.023454255564871403,5,0.2132034419775009,0.013062163680330667,3650111,2400,600,1000,8,2.1,cuda,1,3.0,1,user-Puget-Workstation-Threadripper-PRO-WRX90-T140-XL,trial_0290_lr=3.0e-04_weight_decay=1.0e-04_kernel_sizes=10x7x5_conv_channels=512x512x512_fc_dims=512_seed1,completed,4cae277832,trial_0290_lr=3.0e-04_weight_decay=1.0e-04_kernel_sizes=10x7x5_conv_channels=512x512x512_fc_dims=512_seed1
0.17484380722045897,0.21775757527015793,50,0.18034094083309174,0.19003758438837753,3650111,2400,600,1000,50,10.7,cuda,0,11.5,0,user-Puget-Workstation-Threadripper-PRO-WRX90-T140-XL,trial_0291_lr=1.0e-03_weight_decay=0_kernel_sizes=10x7x5_conv_channels=512x512x512_fc_dims=512_seed0,completed,5aa2424fc0,trial_0291_lr=1.0e-03_weight_decay=0_kernel_sizes=10x7x5_conv_channels=512x512x512_fc_dims=512_seed0
0.18152322073777516,0.1884197629843957,39,0.1842861691713333,0.16543080443284977,3650111,2400,600,1000,42,8.7,cuda,1,9.6,1,user-Puget-Workstation-Threadripper-PRO-WRX90-T140-XL,trial_0291_lr=1.0e-03_weight_decay=0_kernel_sizes=10x7x5_conv_channels=512x512x512_fc_dims=512_seed1,completed,5aa2424fc0,trial_0291_lr=1.0e-03_weight_decay=0_kernel_sizes=10x7x5_conv_channels=512x512x512_fc_dims=512_seed1
0.1797926914691925,0.19130511770714834,38,0.1833283303976059,0.169463599307527,3650111,2400,600,1000,41,8.7,cuda,0,9.6,0,user-Puget-Workstation-Threadripper-PRO-WRX90-T140-XL,trial_0292_lr=1.0e-03_weight_decay=1.0e-05_kernel_sizes=10x7x5_conv_channels=512x512x512_fc_dims=512_seed0,completed,e7ef6b1112,trial_0292_lr=1.0e-03_weight_decay=1.0e-05_kernel_sizes=10x7x5_conv_channels=512x512x512_fc_dims=512_seed0
0.17579693714777628,0.22387480357880782,50,0.18086605060100555,0.19818316057988944,3650111,2400,600,1000,50,10.4,cuda,1,11.3,1,user-Puget-Workstation-Threadripper-PRO-WRX90-T140-XL,trial_0292_lr=1.0e-03_weight_decay=1.0e-05_kernel_sizes=10x7x5_conv_channels=512x512x512_fc_dims=512_seed1,completed,e7ef6b1112,trial_0292_lr=1.0e-03_weight_decay=1.0e-05_kernel_sizes=10x7x5_conv_channels=512x512x512_fc_dims=512_seed1
0.19042894780635833,0.12826199598926996,17,0.19072321546077728,0.11616714137448361,3650111,2400,600,1000,20,4.6,cuda,0,5.4,0,user-Puget-Workstation-Threadripper-PRO-WRX90-T140-XL,trial_0293_lr=1.0e-03_weight_decay=1.0e-04_kernel_sizes=10x7x5_conv_channels=512x512x512_fc_dims=512_seed0,completed,aee395fc38,trial_0293_lr=1.0e-03_weight_decay=1.0e-04_kernel_sizes=10x7x5_conv_channels=512x512x512_fc_dims=512_seed0
0.23020904044310253,0.0154301592265713,2,0.2296890470981598,0.005509108250560752,3650111,2400,600,1000,5,1.5,cuda,1,2.4,1,user-Puget-Workstation-Threadripper-PRO-WRX90-T140-XL,trial_0293_lr=1.0e-03_weight_decay=1.0e-04_kernel_sizes=10x7x5_conv_channels=512x512x512_fc_dims=512_seed1,completed,aee395fc38,trial_0293_lr=1.0e-03_weight_decay=1.0e-04_kernel_sizes=10x7x5_conv_channels=512x512x512_fc_dims=512_seed1
0.19509224573771158,0.09460619659158996,17,0.19509416687488557,0.08635227801828008,3650111,2400,600,1000,20,4.7,cuda,0,5.5,0,user-Puget-Workstation-Threadripper-PRO-WRX90-T140-XL,trial_0294_lr=3.0e-03_weight_decay=0_kernel_sizes=10x7x5_conv_channels=512x512x512_fc_dims=512_seed0,completed,7239b0989c,trial_0294_lr=3.0e-03_weight_decay=0_kernel_sizes=10x7x5_conv_channels=512x512x512_fc_dims=512_seed0
0.1842495075861613,0.1679972165773759,40,0.18662220680713654,0.14699618468572487,3650111,2400,600,1000,43,9.1,cuda,1,9.9,1,user-Puget-Workstation-Threadripper-PRO-WRX90-T140-XL,trial_0294_lr=3.0e-03_weight_decay=0_kernel_sizes=10x7x5_conv_channels=512x512x512_fc_dims=512_seed1,completed,7239b0989c,trial_0294_lr=3.0e-03_weight_decay=0_kernel_sizes=10x7x5_conv_channels=512x512x512_fc_dims=512_seed1
0.1969465047121048,0.0784188878323236,13,0.19640037024021148,0.07258803156147088,3650111,2400,600,1000,16,3.9,cuda,0,4.7,0,user-Puget-Workstation-Threadripper-PRO-WRX90-T140-XL,trial_0295_lr=3.0e-03_weight_decay=1.0e-05_kernel_sizes=10x7x5_conv_channels=512x512x512_fc_dims=512_seed0,completed,5ae4674754,trial_0295_lr=3.0e-03_weight_decay=1.0e-05_kernel_sizes=10x7x5_conv_channels=512x512x512_fc_dims=512_seed0
0.19332999487717947,0.1178686999665492,20,0.19211807656288146,0.10745121474446472,3650111,2400,600,1000,23,5.2,cuda,1,6.0,1,user-Puget-Workstation-Threadripper-PRO-WRX90-T140-XL,trial_0295_lr=3.0e-03_weight_decay=1.0e-05_kernel_sizes=10x7x5_conv_channels=512x512x512_fc_dims=512_seed1,completed,5ae4674754,trial_0295_lr=3.0e-03_weight_decay=1.0e-05_kernel_sizes=10x7x5_conv_channels=512x512x512_fc_dims=512_seed1
0.17657587508360545,0.20761886857396575,32,0.18107784068584443,0.17920558306163953,3650111,2400,600,1000,35,7.6,cuda,0,8.5,0,user-Puget-Workstation-Threadripper-PRO-WRX90-T140-XL,trial_0296_lr=3.0e-03_weight_decay=1.0e-04_kernel_sizes=10x7x5_conv_channels=512x512x512_fc_dims=512_seed0,completed,da915e609a,trial_0296_lr=3.0e-03_weight_decay=1.0e-04_kernel_sizes=10x7x5_conv_channels=512x512x512_fc_dims=512_seed0
0.18289491812388103,0.17625696464729695,25,0.18555456376075743,0.15401514103052363,3650111,2400,600,1000,28,6.1,cuda,1,6.9,1,user-Puget-Workstation-Threadripper-PRO-WRX90-T140-XL,trial_0296_lr=3.0e-03_weight_decay=1.0e-04_kernel_sizes=10x7x5_conv_channels=512x512x512_fc_dims=512_seed1,completed,da915e609a,trial_0296_lr=3.0e-03_weight_decay=1.0e-04_kernel_sizes=10x7x5_conv_channels=512x512x512_fc_dims=512_seed1
0.18666681130727134,0.14732140744331237,50,0.18858720898628234,0.13273811764144164,3765311,2400,600,1000,50,11.3,cuda,0,12.1,0,user-Puget-Workstation-Threadripper-PRO-WRX90-T140-XL,trial_0297_lr=3.0e-04_weight_decay=0_kernel_sizes=10x7x5_conv_channels=512x512x512_fc_dims=512x256_seed0,completed,70803fe344,trial_0297_lr=3.0e-04_weight_decay=0_kernel_sizes=10x7x5_conv_channels=512x512x512_fc_dims=512x256_seed0
0.19312386512756347,0.11603816474826466,28,0.19268880772590638,0.10211761272811352,3765311,2400,600,1000,31,7.0,cuda,1,7.8,1,user-Puget-Workstation-Threadripper-PRO-WRX90-T140-XL,trial_0297_lr=3.0e-04_weight_decay=0_kernel_sizes=10x7x5_conv_channels=512x512x512_fc_dims=512x256_seed1,completed,70803fe344,trial_0297_lr=3.0e-04_weight_decay=0_kernel_sizes=10x7x5_conv_channels=512x512x512_fc_dims=512x256_seed1
0.1902627279361089,0.12678516551080846,33,0.19134194970130922,0.11261166947216626,3765311,2400,600,1000,36,8.0,cuda,0,8.8,0,user-Puget-Workstation-Threadripper-PRO-WRX90-T140-XL,trial_0298_lr=3.0e-04_weight_decay=1.0e-05_kernel_sizes=10x7x5_conv_channels=512x512x512_fc_dims=512x256_seed0,completed,520741c737,trial_0298_lr=3.0e-04_weight_decay=1.0e-05_kernel_sizes=10x7x5_conv_channels=512x512x512_fc_dims=512x256_seed0
0.1930046699444453,0.11653658447421039,28,0.1925323326587677,0.10273871649715119,3765311,2400,600,1000,31,6.8,cuda,1,7.6,1,user-Puget-Workstation-Threadripper-PRO-WRX90-T140-XL,trial_0298_lr=3.0e-04_weight_decay=1.0e-05_kernel_sizes=10x7x5_conv_channels=512x512x512_fc_dims=512x256_seed1,completed,520741c737,trial_0298_lr=3.0e-04_weight_decay=1.0e-05_kernel_sizes=10x7x5_conv_channels=512x512x512_fc_dims=512x256_seed1
0.19464333176612855,0.09962817980736002,14,0.194326296210289,0.09161374622578704,3765311,2400,600,1000,17,4.1,cuda,0,4.9,0,user-Puget-Workstation-Threadripper-PRO-WRX90-T140-XL,trial_0299_lr=3.0e-04_weight_decay=1.0e-04_kernel_sizes=10x7x5_conv_channels=512x512x512_fc_dims=512x256_seed0,completed,d6c1691afa,trial_0299_lr=3.0e-04_weight_decay=1.0e-04_kernel_sizes=10x7x5_conv_channels=512x512x512_fc_dims=512x256_seed0
0.19276362081368764,0.1214996444404621,28,0.19219355154037476,0.10804851049662746,3765311,2400,600,1000,31,6.9,cuda,1,7.8,1,user-Puget-Workstation-Threadripper-PRO-WRX90-T140-XL,trial_0299_lr=3.0e-04_weight_decay=1.0e-04_kernel_sizes=10x7x5_conv_channels=512x512x512_fc_dims=512x256_seed1,completed,d6c1691afa,trial_0299_lr=3.0e-04_weight_decay=1.0e-04_kernel_sizes=10x7x5_conv_channels=512x512x512_fc_dims=512x256_seed1
0.19165902733802795,0.11563261293783024,24,0.1926213492155075,0.10177352401707006,3765311,2400,600,1000,27,6.3,cuda,0,7.2,0,user-Puget-Workstation-Threadripper-PRO-WRX90-T140-XL,trial_0300_lr=1.0e-03_weight_decay=0_kernel_sizes=10x7x5_conv_channels=512x512x512_fc_dims=512x256_seed0,completed,aca1dfb966,trial_0300_lr=1.0e-03_weight_decay=0_kernel_sizes=10x7x5_conv_channels=512x512x512_fc_dims=512x256_seed0
0.1923207583030065,0.12010930258833295,27,0.19250015974044798,0.10328696586165838,3765311,2400,600,1000,30,6.7,cuda,1,7.5,1,user-Puget-Workstation-Threadripper-PRO-WRX90-T140-XL,trial_0300_lr=1.0e-03_weight_decay=0_kernel_sizes=10x7x5_conv_channels=512x512x512_fc_dims=512x256_seed1,completed,aca1dfb966,trial_0300_lr=1.0e-03_weight_decay=0_kernel_sizes=10x7x5_conv_channels=512x512x512_fc_dims=512x256_seed1
0.1824306708574295,0.1741865007603346,50,0.1864439297914505,0.1523156750354608,3765311,2400,600,1000,50,11.0,cuda,0,11.8,0,user-Puget-Workstation-Threadripper-PRO-WRX90-T140-XL,trial_0301_lr=1.0e-03_weight_decay=1.0e-05_kernel_sizes=10x7x5_conv_channels=512x512x512_fc_dims=512x256_seed0,completed,d552c9da5d,trial_0301_lr=1.0e-03_weight_decay=1.0e-05_kernel_sizes=10x7x5_conv_channels=512x512x512_fc_dims=512x256_seed0
0.1942247086763382,0.10815879462049462,15,0.1938318337202072,0.0930462610880038,3765311,2400,600,1000,18,4.3,cuda,1,5.1,1,user-Puget-Workstation-Threadripper-PRO-WRX90-T140-XL,trial_0301_lr=1.0e-03_weight_decay=1.0e-05_kernel_sizes=10x7x5_conv_channels=512x512x512_fc_dims=512x256_seed1,completed,d552c9da5d,trial_0301_lr=1.0e-03_weight_decay=1.0e-05_kernel_sizes=10x7x5_conv_channels=512x512x512_fc_dims=512x256_seed1
0.21704620838165284,0.02500352449094915,3,0.2162306123971939,0.014185673801681285,3765311,2400,600,1000,6,1.8,cuda,0,2.6,0,user-Puget-Workstation-Threadripper-PRO-WRX90-T140-XL,trial_0302_lr=1.0e-03_weight_decay=1.0e-04_kernel_sizes=10x7x5_conv_channels=512x512x512_fc_dims=512x256_seed0,completed,84d5c3bb57,trial_0302_lr=1.0e-03_weight_decay=1.0e-04_kernel_sizes=10x7x5_conv_channels=512x512x512_fc_dims=512x256_seed0
0.19208234051863352,0.120951213998139,20,0.1921605043411255,0.10366702950673158,3765311,2400,600,1000,23,5.2,cuda,1,6.0,1,user-Puget-Workstation-Threadripper-PRO-WRX90-T140-XL,trial_0302_lr=1.0e-03_weight_decay=1.0e-04_kernel_sizes=10x7x5_conv_channels=512x512x512_fc_dims=512x256_seed1,completed,84d5c3bb57,trial_0302_lr=1.0e-03_weight_decay=1.0e-04_kernel_sizes=10x7x5_conv_channels=512x512x512_fc_dims=512x256_seed1
0.18268691539764403,0.17088072112233244,50,0.18686365604400634,0.14978896956630147,3765311,2400,600,1000,50,11.0,cuda,0,11.8,0,user-Puget-Workstation-Threadripper-PRO-WRX90-T140-XL,trial_0303_lr=3.0e-03_weight_decay=0_kernel_sizes=10x7x5_conv_channels=512x512x512_fc_dims=512x256_seed0,completed,8eb5bbbd82,trial_0303_lr=3.0e-03_weight_decay=0_kernel_sizes=10x7x5_conv_channels=512x512x512_fc_dims=512x256_seed0
0.19102975944677988,0.1292008315244455,25,0.19146726632118224,0.11255575140927913,3765311,2400,600,1000,28,6.2,cuda,1,7.1,1,user-Puget-Workstation-Threadripper-PRO-WRX90-T140-XL,trial_0303_lr=3.0e-03_weight_decay=0_kernel_sizes=10x7x5_conv_channels=512x512x512_fc_dims=512x256_seed1,completed,8eb5bbbd82,trial_0303_lr=3.0e-03_weight_decay=0_kernel_sizes=10x7x5_conv_channels=512x512x512_fc_dims=512x256_seed1
0.18939175248146056,0.13046241604868758,24,0.1904711185693741,0.11660394741407816,3765311,2400,600,1000,27,6.1,cuda,0,6.9,0,user-Puget-Workstation-Threadripper-PRO-WRX90-T140-XL,trial_0304_lr=3.0e-03_weight_decay=1.0e-05_kernel_sizes=10x7x5_conv_channels=512x512x512_fc_dims=512x256_seed0,completed,4a46b78870,trial_0304_lr=3.0e-03_weight_decay=1.0e-05_kernel_sizes=10x7x5_conv_channels=512x512x512_fc_dims=512x256_seed0
0.19030432244141895,0.13113105618016105,25,0.19132927072048186,0.1096603345271181,3765311,2400,600,1000,28,6.6,cuda,1,7.4,1,user-Puget-Workstation-Threadripper-PRO-WRX90-T140-XL,trial_0304_lr=3.0e-03_weight_decay=1.0e-05_kernel_sizes=10x7x5_conv_channels=512x512x512_fc_dims=512x256_seed1,completed,4a46b78870,trial_0304_lr=3.0e-03_weight_decay=1.0e-05_kernel_sizes=10x7x5_conv_channels=512x512x512_fc_dims=512x256_seed1
0.19158573349316915,0.12316812854306894,18,0.19191913199424743,0.11161452323706879,3765311,2400,600,1000,21,4.9,cuda,0,5.8,0,user-Puget-Workstation-Threadripper-PRO-WRX90-T140-XL,trial_0305_lr=3.0e-03_weight_decay=1.0e-04_kernel_sizes=10x7x5_conv_channels=512x512x512_fc_dims=512x256_seed0,completed,06928982fb,trial_0305_lr=3.0e-03_weight_decay=1.0e-04_kernel_sizes=10x7x5_conv_channels=512x512x512_fc_dims=512x256_seed0
0.17834346413612365,0.20596712705394546,40,0.18325939631462096,0.17309498813674637,3765311,2400,600,1000,43,9.3,cuda,1,10.1,1,user-Puget-Workstation-Threadripper-PRO-WRX90-T140-XL,trial_0305_lr=3.0e-03_weight_decay=1.0e-04_kernel_sizes=10x7x5_conv_channels=512x512x512_fc_dims=512x256_seed1,completed,06928982fb,trial_0305_lr=3.0e-03_weight_decay=1.0e-04_kernel_sizes=10x7x5_conv_channels=512x512x512_fc_dims=512x256_seed1
0.17967205584049226,0.18969160653566242,50,0.1832465718984604,0.16909403898894954,3588671,2400,600,1000,50,10.8,cuda,0,11.6,0,user-Puget-Workstation-Threadripper-PRO-WRX90-T140-XL,trial_0306_lr=3.0e-04_weight_decay=0_kernel_sizes=7x7x5_conv_channels=512x512x512_fc_dims=512_seed0,completed,f2ccc74cbf,trial_0306_lr=3.0e-04_weight_decay=0_kernel_sizes=7x7x5_conv_channels=512x512x512_fc_dims=512_seed0
0.20788658360640208,0.05064621525357988,6,0.20731866645812988,0.04030277015374517,3588671,2400,600,1000,9,2.3,cuda,1,3.1,1,user-Puget-Workstation-Threadripper-PRO-WRX90-T140-XL,trial_0306_lr=3.0e-04_weight_decay=0_kernel_sizes=7x7x5_conv_channels=512x512x512_fc_dims=512_seed1,completed,f2ccc74cbf,trial_0306_lr=3.0e-04_weight_decay=0_kernel_sizes=7x7x5_conv_channels=512x512x512_fc_dims=512_seed1
0.17887961626052856,0.19432999179619143,50,0.1826681523323059,0.17260236895646222,3588671,2400,600,1000,50,10.8,cuda,0,11.6,0,user-Puget-Workstation-Threadripper-PRO-WRX90-T140-XL,trial_0307_lr=3.0e-04_weight_decay=1.0e-05_kernel_sizes=7x7x5_conv_channels=512x512x512_fc_dims=512_seed0,completed,f7be24d83b,trial_0307_lr=3.0e-04_weight_decay=1.0e-05_kernel_sizes=7x7x5_conv_channels=512x512x512_fc_dims=512_seed0
0.20800700624783833,0.05023232331798443,6,0.20743473815917968,0.03989269684704756,3588671,2400,600,1000,9,2.3,cuda,1,3.2,1,user-Puget-Workstation-Threadripper-PRO-WRX90-T140-XL,trial_0307_lr=3.0e-04_weight_decay=1.0e-05_kernel_sizes=7x7x5_conv_channels=512x512x512_fc_dims=512_seed1,completed,f7be24d83b,trial_0307_lr=3.0e-04_weight_decay=1.0e-05_kernel_sizes=7x7x5_conv_channels=512x512x512_fc_dims=512_seed1
0.17553609828154246,0.21418951053544133,50,0.1805939302444458,0.18759058841273712,3588671,2400,600,1000,50,10.7,cuda,0,11.6,0,user-Puget-Workstation-Threadripper-PRO-WRX90-T140-XL,trial_0308_lr=3.0e-04_weight_decay=1.0e-04_kernel_sizes=7x7x5_conv_channels=512x512x512_fc_dims=512_seed0,completed,7e6d8cdc2e,trial_0308_lr=3.0e-04_weight_decay=1.0e-04_kernel_sizes=7x7x5_conv_channels=512x512x512_fc_dims=512_seed0
0.208705402414004,0.03384540858608348,5,0.20767274487018586,0.02356525211412838,3588671,2400,600,1000,8,2.1,cuda,1,3.0,1,user-Puget-Workstation-Threadripper-PRO-WRX90-T140-XL,trial_0308_lr=3.0e-04_weight_decay=1.0e-04_kernel_sizes=7x7x5_conv_channels=512x512x512_fc_dims=512_seed1,completed,7e6d8cdc2e,trial_0308_lr=3.0e-04_weight_decay=1.0e-04_kernel_sizes=7x7x5_conv_channels=512x512x512_fc_dims=512_seed1
0.17319111069043477,0.22584919033975628,49,0.17917719662189482,0.1976461004386036,3588671,2400,600,1000,50,10.8,cuda,0,11.6,0,user-Puget-Workstation-Threadripper-PRO-WRX90-T140-XL,trial_0309_lr=1.0e-03_weight_decay=0_kernel_sizes=7x7x5_conv_channels=512x512x512_fc_dims=512_seed0,completed,ee63554386,trial_0309_lr=1.0e-03_weight_decay=0_kernel_sizes=7x7x5_conv_channels=512x512x512_fc_dims=512_seed0
0.17340311070283254,0.23054378580738644,49,0.1788159999847412,0.1999383807022609,3588671,2400,600,1000,50,10.6,cuda,1,11.4,1,user-Puget-Workstation-Threadripper-PRO-WRX90-T140-XL,trial_0309_lr=1.0e-03_weight_decay=0_kernel_sizes=7x7x5_conv_channels=512x512x512_fc_dims=512_seed1,completed,ee63554386,trial_0309_lr=1.0e-03_weight_decay=0_kernel_sizes=7x7x5_conv_channels=512x512x512_fc_dims=512_seed1
0.17094095110893248,0.23933417919482888,50,0.17748464632034303,0.20999136252372624,3588671,2400,600,1000,50,10.6,cuda,0,11.4,0,user-Puget-Workstation-Threadripper-PRO-WRX90-T140-XL,trial_0310_lr=1.0e-03_weight_decay=1.0e-05_kernel_sizes=7x7x5_conv_channels=512x512x512_fc_dims=512_seed0,completed,c59fe42f43,trial_0310_lr=1.0e-03_weight_decay=1.0e-05_kernel_sizes=7x7x5_conv_channels=512x512x512_fc_dims=512_seed0
0.17304332792758942,0.2375144761389517,48,0.178932723402977,0.2054456037991744,3588671,2400,600,1000,50,10.5,cuda,1,11.3,1,user-Puget-Workstation-Threadripper-PRO-WRX90-T140-XL,trial_0310_lr=1.0e-03_weight_decay=1.0e-05_kernel_sizes=7x7x5_conv_channels=512x512x512_fc_dims=512_seed1,completed,c59fe42f43,trial_0310_lr=1.0e-03_weight_decay=1.0e-05_kernel_sizes=7x7x5_conv_channels=512x512x512_fc_dims=512_seed1
0.19745504339536032,0.09006499842269947,8,0.19794199645519256,0.08187032827428478,3588671,2400,600,1000,11,2.8,cuda,0,3.6,0,user-Puget-Workstation-Threadripper-PRO-WRX90-T140-XL,trial_0311_lr=1.0e-03_weight_decay=1.0e-04_kernel_sizes=7x7x5_conv_channels=512x512x512_fc_dims=512_seed0,completed,6838925e59,trial_0311_lr=1.0e-03_weight_decay=1.0e-04_kernel_sizes=7x7x5_conv_channels=512x512x512_fc_dims=512_seed0
0.17516269147396088,0.22269933640429515,32,0.17938892221450806,0.1943661035908727,3588671,2400,600,1000,35,7.5,cuda,1,8.3,1,user-Puget-Workstation-Threadripper-PRO-WRX90-T140-XL,trial_0311_lr=1.0e-03_weight_decay=1.0e-04_kernel_sizes=7x7x5_conv_channels=512x512x512_fc_dims=512_seed1,completed,6838925e59,trial_0311_lr=1.0e-03_weight_decay=1.0e-04_kernel_sizes=7x7x5_conv_channels=512x512x512_fc_dims=512_seed1
0.1813906099398931,0.17682251458341217,38,0.1855117826461792,0.15724989827725813,3588671,2400,600,1000,41,8.7,cuda,0,9.6,0,user-Puget-Workstation-Threadripper-PRO-WRX90-T140-XL,trial_0312_lr=3.0e-03_weight_decay=0_kernel_sizes=7x7x5_conv_channels=512x512x512_fc_dims=512_seed0,completed,9e776c0c08,trial_0312_lr=3.0e-03_weight_decay=0_kernel_sizes=7x7x5_conv_channels=512x512x512_fc_dims=512_seed0
0.17921189169089,0.19696610045959695,49,0.18366847681999207,0.17125897268906454,3588671,2400,600,1000,50,10.5,cuda,1,11.3,1,user-Puget-Workstation-Threadripper-PRO-WRX90-T140-XL,trial_0312_lr=3.0e-03_weight_decay=0_kernel_sizes=7x7x5_conv_channels=512x512x512_fc_dims=512_seed1,completed,9e776c0c08,trial_0312_lr=3.0e-03_weight_decay=0_kernel_sizes=7x7x5_conv_channels=512x512x512_fc_dims=512_seed1
0.18997607390085855,0.13556241223051607,22,0.19106448042392732,0.12239744275560355,3588671,2400,600,1000,25,5.6,cuda,0,6.4,0,user-Puget-Workstation-Threadripper-PRO-WRX90-T140-XL,trial_0313_lr=3.0e-03_weight_decay=1.0e-05_kernel_sizes=7x7x5_conv_channels=512x512x512_fc_dims=512_seed0,completed,2b99cf1863,trial_0313_lr=3.0e-03_weight_decay=1.0e-05_kernel_sizes=7x7x5_conv_channels=512x512x512_fc_dims=512_seed0
0.19601937413215637,0.09904415146559196,13,0.1946208333969116,0.08647256220205278,3588671,2400,600,1000,16,3.7,cuda,1,4.5,1,user-Puget-Workstation-Threadripper-PRO-WRX90-T140-XL,trial_0313_lr=3.0e-03_weight_decay=1.0e-05_kernel_sizes=7x7x5_conv_channels=512x512x512_fc_dims=512_seed1,completed,2b99cf1863,trial_0313_lr=3.0e-03_weight_decay=1.0e-05_kernel_sizes=7x7x5_conv_channels=512x512x512_fc_dims=512_seed1
0.172607013185819,0.22824402267143987,32,0.1782530565261841,0.196762412147342,3588671,2400,600,1000,35,7.6,cuda,0,8.5,0,user-Puget-Workstation-Threadripper-PRO-WRX90-T140-XL,trial_0314_lr=3.0e-03_weight_decay=1.0e-04_kernel_sizes=7x7x5_conv_channels=512x512x512_fc_dims=512_seed0,completed,75b4c0856d,trial_0314_lr=3.0e-03_weight_decay=1.0e-04_kernel_sizes=7x7x5_conv_channels=512x512x512_fc_dims=512_seed0
0.20486867825190228,0.0547427037507788,6,0.20308343601226805,0.052605127584916644,3588671,2400,600,1000,9,2.3,cuda,1,3.1,1,user-Puget-Workstation-Threadripper-PRO-WRX90-T140-XL,trial_0314_lr=3.0e-03_weight_decay=1.0e-04_kernel_sizes=7x7x5_conv_channels=512x512x512_fc_dims=512_seed1,completed,75b4c0856d,trial_0314_lr=3.0e-03_weight_decay=1.0e-04_kernel_sizes=7x7x5_conv_channels=512x512x512_fc_dims=512_seed1
0.18531528294086455,0.15401059291007377,50,0.18776492536067962,0.13844508910747094,3703871,2400,600,1000,50,11.0,cuda,0,11.8,0,user-Puget-Workstation-Threadripper-PRO-WRX90-T140-XL,trial_0315_lr=3.0e-04_weight_decay=0_kernel_sizes=7x7x5_conv_channels=512x512x512_fc_dims=512x256_seed0,completed,41ab8512ab,trial_0315_lr=3.0e-04_weight_decay=0_kernel_sizes=7x7x5_conv_channels=512x512x512_fc_dims=512x256_seed0
0.1870299082994461,0.1522432738865602,50,0.18839702355861665,0.13472669129974002,3703871,2400,600,1000,50,10.7,cuda,1,11.5,1,user-Puget-Workstation-Threadripper-PRO-WRX90-T140-XL,trial_0315_lr=3.0e-04_weight_decay=0_kernel_sizes=7x7x5_conv_channels=512x512x512_fc_dims=512x256_seed1,completed,41ab8512ab,trial_0315_lr=3.0e-04_weight_decay=0_kernel_sizes=7x7x5_conv_channels=512x512x512_fc_dims=512x256_seed1
0.1847120092312495,0.15712476658490554,50,0.18712704396247865,0.14116017043373583,3703871,2400,600,1000,50,11.0,cuda,0,11.8,0,user-Puget-Workstation-Threadripper-PRO-WRX90-T140-XL,trial_0316_lr=3.0e-04_weight_decay=1.0e-05_kernel_sizes=7x7x5_conv_channels=512x512x512_fc_dims=512x256_seed0,completed,457a239494,trial_0316_lr=3.0e-04_weight_decay=1.0e-05_kernel_sizes=7x7x5_conv_channels=512x512x512_fc_dims=512x256_seed0
0.18694441696008046,0.15209151336529633,49,0.18845048081874846,0.13529758565783395,3703871,2400,600,1000,50,10.8,cuda,1,11.6,1,user-Puget-Workstation-Threadripper-PRO-WRX90-T140-XL,trial_0316_lr=3.0e-04_weight_decay=1.0e-05_kernel_sizes=7x7x5_conv_channels=512x512x512_fc_dims=512x256_seed1,completed,457a239494,trial_0316_lr=3.0e-04_weight_decay=1.0e-05_kernel_sizes=7x7x5_conv_channels=512x512x512_fc_dims=512x256_seed1
0.18259436309337615,0.17151398677714527,48,0.1857723160982132,0.15187467745701497,3703871,2400,600,1000,50,11.1,cuda,0,11.9,0,user-Puget-Workstation-Threadripper-PRO-WRX90-T140-XL,trial_0317_lr=3.0e-04_weight_decay=1.0e-04_kernel_sizes=7x7x5_conv_channels=512x512x512_fc_dims=512x256_seed0,completed,93bcbf1671,trial_0317_lr=3.0e-04_weight_decay=1.0e-04_kernel_sizes=7x7x5_conv_channels=512x512x512_fc_dims=512x256_seed0
0.19013714154561362,0.13199209196942133,31,0.19052530550956726,0.11665655335347476,3703871,2400,600,1000,34,7.5,cuda,1,8.4,1,user-Puget-Workstation-Threadripper-PRO-WRX90-T140-XL,trial_0317_lr=3.0e-04_weight_decay=1.0e-04_kernel_sizes=7x7x5_conv_channels=512x512x512_fc_dims=512x256_seed1,completed,93bcbf1671,trial_0317_lr=3.0e-04_weight_decay=1.0e-04_kernel_sizes=7x7x5_conv_channels=512x512x512_fc_dims=512x256_seed1
0.18112284004688262,0.177007382051376,50,0.18514237356185914,0.15666106831384088,3703871,2400,600,1000,50,11.1,cuda,0,12.0,0,user-Puget-Workstation-Threadripper-PRO-WRX90-T140-XL,trial_0318_lr=1.0e-03_weight_decay=0_kernel_sizes=7x7x5_conv_channels=512x512x512_fc_dims=512x256_seed0,completed,85691e2724,trial_0318_lr=1.0e-03_weight_decay=0_kernel_sizes=7x7x5_conv_channels=512x512x512_fc_dims=512x256_seed0
0.18626445432504019,0.154719800029003,38,0.18750289583206176,0.13816577464010024,3703871,2400,600,1000,41,9.1,cuda,1,9.9,1,user-Puget-Workstation-Threadripper-PRO-WRX90-T140-XL,trial_0318_lr=1.0e-03_weight_decay=0_kernel_sizes=7x7x5_conv_channels=512x512x512_fc_dims=512x256_seed1,completed,85691e2724,trial_0318_lr=1.0e-03_weight_decay=0_kernel_sizes=7x7x5_conv_channels=512x512x512_fc_dims=512x256_seed1
0.17954492290814716,0.18754374166151938,50,0.18401905882358552,0.16274421063655864,3703871,2400,600,1000,50,11.2,cuda,0,12.0,0,user-Puget-Workstation-Threadripper-PRO-WRX90-T140-XL,trial_0319_lr=1.0e-03_weight_decay=1.0e-05_kernel_sizes=7x7x5_conv_channels=512x512x512_fc_dims=512x256_seed0,completed,79acdafebb,trial_0319_lr=1.0e-03_weight_decay=1.0e-05_kernel_sizes=7x7x5_conv_channels=512x512x512_fc_dims=512x256_seed0
0.18579300244649252,0.15969577812114913,38,0.18712557435035707,0.14259250225644565,3703871,2400,600,1000,41,8.9,cuda,1,9.7,1,user-Puget-Workstation-Threadripper-PRO-WRX90-T140-XL,trial_0319_lr=1.0e-03_weight_decay=1.0e-05_kernel_sizes=7x7x5_conv_channels=512x512x512_fc_dims=512x256_seed1,completed,79acdafebb,trial_0319_lr=1.0e-03_weight_decay=1.0e-05_kernel_sizes=7x7x5_conv_channels=512x512x512_fc_dims=512x256_seed1
0.17399592081705728,0.21647136032569853,47,0.18017183876037599,0.18513467628695782,3703871,2400,600,1000,50,11.1,cuda,0,11.9,0,user-Puget-Workstation-Threadripper-PRO-WRX90-T140-XL,trial_0320_lr=1.0e-03_weight_decay=1.0e-04_kernel_sizes=7x7x5_conv_channels=512x512x512_fc_dims=512x256_seed0,completed,8a2d59f31c,trial_0320_lr=1.0e-03_weight_decay=1.0e-04_kernel_sizes=7x7x5_conv_channels=512x512x512_fc_dims=512x256_seed0
0.19158263941605885,0.12276131648302441,19,0.19158764564990996,0.1064782901676477,3703871,2400,600,1000,22,5.0,cuda,1,5.9,1,user-Puget-Workstation-Threadripper-PRO-WRX90-T140-XL,trial_0320_lr=1.0e-03_weight_decay=1.0e-04_kernel_sizes=7x7x5_conv_channels=512x512x512_fc_dims=512x256_seed1,completed,8a2d59f31c,trial_0320_lr=1.0e-03_weight_decay=1.0e-04_kernel_sizes=7x7x5_conv_channels=512x512x512_fc_dims=512x256_seed1
0.18122935732205708,0.17562306948309708,49,0.18582093703746796,0.1526793664646824,3703871,2400,600,1000,50,11.2,cuda,0,11.9,0,user-Puget-Workstation-Threadripper-PRO-WRX90-T140-XL,trial_0321_lr=3.0e-03_weight_decay=0_kernel_sizes=7x7x5_conv_channels=512x512x512_fc_dims=512x256_seed0,completed,49ee734ab6,trial_0321_lr=3.0e-03_weight_decay=0_kernel_sizes=7x7x5_conv_channels=512x512x512_fc_dims=512x256_seed0
0.18191968758900962,0.17717106756331402,49,0.18572578990459443,0.15338039571698914,3703871,2400,600,1000,50,10.8,cuda,1,11.6,1,user-Puget-Workstation-Threadripper-PRO-WRX90-T140-XL,trial_0321_lr=3.0e-03_weight_decay=0_kernel_sizes=7x7x5_conv_channels=512x512x512_fc_dims=512x256_seed1,completed,49ee734ab6,trial_0321_lr=3.0e-03_weight_decay=0_kernel_sizes=7x7x5_conv_channels=512x512x512_fc_dims=512x256_seed1
0.17497670193513234,0.21115977039584816,50,0.1816864011287689,0.18186581133378565,3703871,2400,600,1000,50,10.9,cuda,0,11.7,0,user-Puget-Workstation-Threadripper-PRO-WRX90-T140-XL,trial_0322_lr=3.0e-03_weight_decay=1.0e-05_kernel_sizes=7x7x5_conv_channels=512x512x512_fc_dims=512x256_seed0,completed,f4051ba28b,trial_0322_lr=3.0e-03_weight_decay=1.0e-05_kernel_sizes=7x7x5_conv_channels=512x512x512_fc_dims=512x256_seed0
0.19846818308035533,0.08512640055486173,7,0.1967507200241089,0.0750639223404659,3703871,2400,600,1000,10,2.6,cuda,1,3.4,1,user-Puget-Workstation-Threadripper-PRO-WRX90-T140-XL,trial_0322_lr=3.0e-03_weight_decay=1.0e-05_kernel_sizes=7x7x5_conv_channels=512x512x512_fc_dims=512x256_seed1,completed,f4051ba28b,trial_0322_lr=3.0e-03_weight_decay=1.0e-05_kernel_sizes=7x7x5_conv_channels=512x512x512_fc_dims=512x256_seed1
0.19153524657090504,0.11306226800358031,14,0.19210812020301818,0.1005783939857437,3703871,2400,600,1000,17,4.2,cuda,0,5.0,0,user-Puget-Workstation-Threadripper-PRO-WRX90-T140-XL,trial_0323_lr=3.0e-03_weight_decay=1.0e-04_kernel_sizes=7x7x5_conv_channels=512x512x512_fc_dims=512x256_seed0,completed,8537a8bda3,trial_0323_lr=3.0e-03_weight_decay=1.0e-04_kernel_sizes=7x7x5_conv_channels=512x512x512_fc_dims=512x256_seed0
0.1999607507387797,0.07156321283176316,6,0.19795261120796204,0.06297593916683555,3703871,2400,600,1000,9,2.4,cuda,1,3.3,1,user-Puget-Workstation-Threadripper-PRO-WRX90-T140-XL,trial_0323_lr=3.0e-03_weight_decay=1.0e-04_kernel_sizes=7x7x5_conv_channels=512x512x512_fc_dims=512x256_seed1,completed,8537a8bda3,trial_0323_lr=3.0e-03_weight_decay=1.0e-04_kernel_sizes=7x7x5_conv_channels=512x512x512_fc_dims=512x256_seed1
0.21313858489195506,0.053764418561989796,6,0.21319199097156524,0.05101105569642462,2499135,2400,600,1000,9,2.2,cuda,0,3.1,0,user-Puget-Workstation-Threadripper-PRO-WRX90-T140-XL,trial_0324_lr=3.0e-04_weight_decay=0_kernel_sizes=5x5x3_conv_channels=512x512x512_fc_dims=512_seed0,completed,d67fe54f57,trial_0324_lr=3.0e-04_weight_decay=0_kernel_sizes=5x5x3_conv_channels=512x512x512_fc_dims=512_seed0
0.2132347971200943,0.05355767567548175,6,0.21216758823394774,0.04705728866351684,2499135,2400,600,1000,9,2.1,cuda,1,3.0,1,user-Puget-Workstation-Threadripper-PRO-WRX90-T140-XL,trial_0324_lr=3.0e-04_weight_decay=0_kernel_sizes=5x5x3_conv_channels=512x512x512_fc_dims=512_seed1,completed,d67fe54f57,trial_0324_lr=3.0e-04_weight_decay=0_kernel_sizes=5x5x3_conv_channels=512x512x512_fc_dims=512_seed1
0.21333064953486125,0.05331194648951842,6,0.2133152861595154,0.050700308831202995,2499135,2400,600,1000,9,2.2,cuda,0,3.0,0,user-Puget-Workstation-Threadripper-PRO-WRX90-T140-XL,trial_0325_lr=3.0e-04_weight_decay=1.0e-05_kernel_sizes=5x5x3_conv_channels=512x512x512_fc_dims=512_seed0,completed,8e12381b6c,trial_0325_lr=3.0e-04_weight_decay=1.0e-05_kernel_sizes=5x5x3_conv_channels=512x512x512_fc_dims=512_seed0
0.21343941768010458,0.05310141068854757,6,0.2123313617706299,0.04674524974228812,2499135,2400,600,1000,9,2.1,cuda,1,2.9,1,user-Puget-Workstation-Threadripper-PRO-WRX90-T140-XL,trial_0325_lr=3.0e-04_weight_decay=1.0e-05_kernel_sizes=5x5x3_conv_channels=512x512x512_fc_dims=512_seed1,completed,8e12381b6c,trial_0325_lr=3.0e-04_weight_decay=1.0e-05_kernel_sizes=5x5x3_conv_channels=512x512x512_fc_dims=512_seed1
0.21486946165561677,0.050748753033405494,6,0.21452902626991271,0.04853659929434092,2499135,2400,600,1000,9,2.2,cuda,0,3.0,0,user-Puget-Workstation-Threadripper-PRO-WRX90-T140-XL,trial_0326_lr=3.0e-04_weight_decay=1.0e-04_kernel_sizes=5x5x3_conv_channels=512x512x512_fc_dims=512_seed0,completed,142a9ab4fc,trial_0326_lr=3.0e-04_weight_decay=1.0e-04_kernel_sizes=5x5x3_conv_channels=512x512x512_fc_dims=512_seed0
0.2142994374036789,0.050949247764061754,6,0.21291299188137056,0.04504595637517346,2499135,2400,600,1000,9,2.1,cuda,1,3.0,1,user-Puget-Workstation-Threadripper-PRO-WRX90-T140-XL,trial_0326_lr=3.0e-04_weight_decay=1.0e-04_kernel_sizes=5x5x3_conv_channels=512x512x512_fc_dims=512_seed1,completed,142a9ab4fc,trial_0326_lr=3.0e-04_weight_decay=1.0e-04_kernel_sizes=5x5x3_conv_channels=512x512x512_fc_dims=512_seed1
0.2720805589358012,0.04235318926044909,2,0.27170489525794983,0.03892540660542446,2499135,2400,600,1000,5,1.5,cuda,0,2.3,0,user-Puget-Workstation-Threadripper-PRO-WRX90-T140-XL,trial_0327_lr=1.0e-03_weight_decay=0_kernel_sizes=5x5x3_conv_channels=512x512x512_fc_dims=512_seed0,completed,ef3bf8c790,trial_0327_lr=1.0e-03_weight_decay=0_kernel_sizes=5x5x3_conv_channels=512x512x512_fc_dims=512_seed0
0.25332104007403056,0.04174773229684066,3,0.25217652070522306,0.0363556199952884,2499135,2400,600,1000,6,1.6,cuda,1,2.4,1,user-Puget-Workstation-Threadripper-PRO-WRX90-T140-XL,trial_0327_lr=1.0e-03_weight_decay=0_kernel_sizes=5x5x3_conv_channels=512x512x512_fc_dims=512_seed1,completed,ef3bf8c790,trial_0327_lr=1.0e-03_weight_decay=0_kernel_sizes=5x5x3_conv_channels=512x512x512_fc_dims=512_seed1
0.2702873651186625,0.04172499432340706,2,0.2699009079933167,0.038550815407735015,2499135,2400,600,1000,5,1.5,cuda,0,2.3,0,user-Puget-Workstation-Threadripper-PRO-WRX90-T140-XL,trial_0328_lr=1.0e-03_weight_decay=1.0e-05_kernel_sizes=5x5x3_conv_channels=512x512x512_fc_dims=512_seed0,completed,de4fd5c0fd,trial_0328_lr=1.0e-03_weight_decay=1.0e-05_kernel_sizes=5x5x3_conv_channels=512x512x512_fc_dims=512_seed0
0.25537754376729327,0.04097232327680461,3,0.2541062582731247,0.035727180894576153,2499135,2400,600,1000,6,1.6,cuda,1,2.4,1,user-Puget-Workstation-Threadripper-PRO-WRX90-T140-XL,trial_0328_lr=1.0e-03_weight_decay=1.0e-05_kernel_sizes=5x5x3_conv_channels=512x512x512_fc_dims=512_seed1,completed,de4fd5c0fd,trial_0328_lr=1.0e-03_weight_decay=1.0e-05_kernel_sizes=5x5x3_conv_channels=512x512x512_fc_dims=512_seed1
0.258287113904953,0.03707354345791451,2,0.2581478581428528,0.03487082023815939,2499135,2400,600,1000,5,1.5,cuda,0,2.3,0,user-Puget-Workstation-Threadripper-PRO-WRX90-T140-XL,trial_0329_lr=1.0e-03_weight_decay=1.0e-04_kernel_sizes=5x5x3_conv_channels=512x512x512_fc_dims=512_seed0,completed,d58d21eeb6,trial_0329_lr=1.0e-03_weight_decay=1.0e-04_kernel_sizes=5x5x3_conv_channels=512x512x512_fc_dims=512_seed0
0.2664175617694855,0.03711659636528944,2,0.2643611323833466,0.03332123213957415,2499135,2400,600,1000,5,1.4,cuda,1,2.2,1,user-Puget-Workstation-Threadripper-PRO-WRX90-T140-XL,trial_0329_lr=1.0e-03_weight_decay=1.0e-04_kernel_sizes=5x5x3_conv_channels=512x512x512_fc_dims=512_seed1,completed,d58d21eeb6,trial_0329_lr=1.0e-03_weight_decay=1.0e-04_kernel_sizes=5x5x3_conv_channels=512x512x512_fc_dims=512_seed1
0.1719873215754827,0.23754514335251936,50,0.17962187814712524,0.2033644580782126,2499135,2400,600,1000,50,9.6,cuda,0,10.4,0,user-Puget-Workstation-Threadripper-PRO-WRX90-T140-XL,trial_0330_lr=3.0e-03_weight_decay=0_kernel_sizes=5x5x3_conv_channels=512x512x512_fc_dims=512_seed0,completed,bd4a787286,trial_0330_lr=3.0e-03_weight_decay=0_kernel_sizes=5x5x3_conv_channels=512x512x512_fc_dims=512_seed0
0.1707200731833776,0.24832456643569084,50,0.17720562756061553,0.21520016229433547,2499135,2400,600,1000,50,9.5,cuda,1,10.3,1,user-Puget-Workstation-Threadripper-PRO-WRX90-T140-XL,trial_0330_lr=3.0e-03_weight_decay=0_kernel_sizes=5x5x3_conv_channels=512x512x512_fc_dims=512_seed1,completed,bd4a787286,trial_0330_lr=3.0e-03_weight_decay=0_kernel_sizes=5x5x3_conv_channels=512x512x512_fc_dims=512_seed1
0.16663893342018127,0.26587437108159107,50,0.17432364082336427,0.22972398627393148,2499135,2400,600,1000,50,9.5,cuda,0,10.3,0,user-Puget-Workstation-Threadripper-PRO-WRX90-T140-XL,trial_0331_lr=3.0e-03_weight_decay=1.0e-05_kernel_sizes=5x5x3_conv_channels=512x512x512_fc_dims=512_seed0,completed,c88c4938d9,trial_0331_lr=3.0e-03_weight_decay=1.0e-05_kernel_sizes=5x5x3_conv_channels=512x512x512_fc_dims=512_seed0
0.16713647822539013,0.27170762339572935,50,0.17460480642318726,0.23389748764348747,2499135,2400,600,1000,50,9.4,cuda,1,10.2,1,user-Puget-Workstation-Threadripper-PRO-WRX90-T140-XL,trial_0331_lr=3.0e-03_weight_decay=1.0e-05_kernel_sizes=5x5x3_conv_channels=512x512x512_fc_dims=512_seed1,completed,c88c4938d9,trial_0331_lr=3.0e-03_weight_decay=1.0e-05_kernel_sizes=5x5x3_conv_channels=512x512x512_fc_dims=512_seed1
0.19876752297083536,0.09121725097046256,7,0.19901238930225373,0.08270210860507014,2499135,2400,600,1000,10,2.4,cuda,0,3.2,0,user-Puget-Workstation-Threadripper-PRO-WRX90-T140-XL,trial_0332_lr=3.0e-03_weight_decay=1.0e-04_kernel_sizes=5x5x3_conv_channels=512x512x512_fc_dims=512_seed0,completed,51301b83b9,trial_0332_lr=3.0e-03_weight_decay=1.0e-04_kernel_sizes=5x5x3_conv_channels=512x512x512_fc_dims=512_seed0
0.17176168541113535,0.24129923636210696,27,0.17647768449783324,0.21158042926039927,2499135,2400,600,1000,30,5.9,cuda,1,6.7,1,user-Puget-Workstation-Threadripper-PRO-WRX90-T140-XL,trial_0332_lr=3.0e-03_weight_decay=1.0e-04_kernel_sizes=5x5x3_conv_channels=512x512x512_fc_dims=512_seed1,completed,51301b83b9,trial_0332_lr=3.0e-03_weight_decay=1.0e-04_kernel_sizes=5x5x3_conv_channels=512x512x512_fc_dims=512_seed1
0.2264646468559901,0.048579987563707856,5,0.22731763744354247,0.04756133192203585,2614335,2400,600,1000,8,2.1,cuda,0,2.9,0,user-Puget-Workstation-Threadripper-PRO-WRX90-T140-XL,trial_0333_lr=3.0e-04_weight_decay=0_kernel_sizes=5x5x3_conv_channels=512x512x512_fc_dims=512x256_seed0,completed,302b4b286c,trial_0333_lr=3.0e-04_weight_decay=0_kernel_sizes=5x5x3_conv_channels=512x512x512_fc_dims=512x256_seed0
0.22867671807607015,0.04663897028328046,5,0.2283746325969696,0.04217698178243415,2614335,2400,600,1000,8,2.0,cuda,1,2.8,1,user-Puget-Workstation-Threadripper-PRO-WRX90-T140-XL,trial_0333_lr=3.0e-04_weight_decay=0_kernel_sizes=5x5x3_conv_channels=512x512x512_fc_dims=512x256_seed1,completed,302b4b286c,trial_0333_lr=3.0e-04_weight_decay=0_kernel_sizes=5x5x3_conv_channels=512x512x512_fc_dims=512x256_seed1
0.22656749804814658,0.04797532243043115,5,0.22744913232326508,0.04712382174877774,2614335,2400,600,1000,8,2.0,cuda,0,2.9,0,user-Puget-Workstation-Threadripper-PRO-WRX90-T140-XL,trial_0334_lr=3.0e-04_weight_decay=1.0e-05_kernel_sizes=5x5x3_conv_channels=512x512x512_fc_dims=512x256_seed0,completed,892d0e4037,trial_0334_lr=3.0e-04_weight_decay=1.0e-05_kernel_sizes=5x5x3_conv_channels=512x512x512_fc_dims=512x256_seed0
0.22879633367061614,0.046044336437351126,5,0.2285029138326645,0.041632713128705715,2614335,2400,600,1000,8,2.1,cuda,1,2.9,1,user-Puget-Workstation-Threadripper-PRO-WRX90-T140-XL,trial_0334_lr=3.0e-04_weight_decay=1.0e-05_kernel_sizes=5x5x3_conv_channels=512x512x512_fc_dims=512x256_seed1,completed,892d0e4037,trial_0334_lr=3.0e-04_weight_decay=1.0e-05_kernel_sizes=5x5x3_conv_channels=512x512x512_fc_dims=512x256_seed1
0.227642590602239,0.0442359294967947,5,0.22854666459560394,0.04395099812476244,2614335,2400,600,1000,8,2.0,cuda,0,2.9,0,user-Puget-Workstation-Threadripper-PRO-WRX90-T140-XL,trial_0335_lr=3.0e-04_weight_decay=1.0e-04_kernel_sizes=5x5x3_conv_channels=512x512x512_fc_dims=512x256_seed0,completed,78ddc659f4,trial_0335_lr=3.0e-04_weight_decay=1.0e-04_kernel_sizes=5x5x3_conv_channels=512x512x512_fc_dims=512x256_seed0
0.23065823594729107,0.042005836963328484,5,0.2303971940279007,0.0380311517083684,2614335,2400,600,1000,8,2.0,cuda,1,2.9,1,user-Puget-Workstation-Threadripper-PRO-WRX90-T140-XL,trial_0335_lr=3.0e-04_weight_decay=1.0e-04_kernel_sizes=5x5x3_conv_channels=512x512x512_fc_dims=512x256_seed1,completed,78ddc659f4,trial_0335_lr=3.0e-04_weight_decay=1.0e-04_kernel_sizes=5x5x3_conv_channels=512x512x512_fc_dims=512x256_seed1
0.252526908715566,0.0460367115901182,2,0.25523630690574645,0.0454554584564719,2614335,2400,600,1000,5,1.5,cuda,0,2.3,0,user-Puget-Workstation-Threadripper-PRO-WRX90-T140-XL,trial_0336_lr=1.0e-03_weight_decay=0_kernel_sizes=5x5x3_conv_channels=512x512x512_fc_dims=512x256_seed0,completed,4ed2373ffe,trial_0336_lr=1.0e-03_weight_decay=0_kernel_sizes=5x5x3_conv_channels=512x512x512_fc_dims=512x256_seed0
0.1768248309691747,0.20834794852753544,50,0.181709042429924,0.17922273778833955,2614335,2400,600,1000,50,9.9,cuda,1,10.7,1,user-Puget-Workstation-Threadripper-PRO-WRX90-T140-XL,trial_0336_lr=1.0e-03_weight_decay=0_kernel_sizes=5x5x3_conv_channels=512x512x512_fc_dims=512x256_seed1,completed,4ed2373ffe,trial_0336_lr=1.0e-03_weight_decay=0_kernel_sizes=5x5x3_conv_channels=512x512x512_fc_dims=512x256_seed1
0.24990994195143382,0.044878268747530155,2,0.2526810932159424,0.0445780067202047,2614335,2400,600,1000,5,1.4,cuda,0,2.3,0,user-Puget-Workstation-Threadripper-PRO-WRX90-T140-XL,trial_0337_lr=1.0e-03_weight_decay=1.0e-05_kernel_sizes=5x5x3_conv_channels=512x512x512_fc_dims=512x256_seed0,completed,4eac575d94,trial_0337_lr=1.0e-03_weight_decay=1.0e-05_kernel_sizes=5x5x3_conv_channels=512x512x512_fc_dims=512x256_seed0
0.1755293047428131,0.2151902263741931,50,0.18086160361766815,0.1831979012944901,2614335,2400,600,1000,50,9.8,cuda,1,10.6,1,user-Puget-Workstation-Threadripper-PRO-WRX90-T140-XL,trial_0337_lr=1.0e-03_weight_decay=1.0e-05_kernel_sizes=5x5x3_conv_channels=512x512x512_fc_dims=512x256_seed1,completed,4eac575d94,trial_0337_lr=1.0e-03_weight_decay=1.0e-05_kernel_sizes=5x5x3_conv_channels=512x512x512_fc_dims=512x256_seed1
0.23926999568939208,0.03891825409556857,2,0.24266325974464417,0.038777818231029715,2614335,2400,600,1000,5,1.5,cuda,0,2.3,0,user-Puget-Workstation-Threadripper-PRO-WRX90-T140-XL,trial_0338_lr=1.0e-03_weight_decay=1.0e-04_kernel_sizes=5x5x3_conv_channels=512x512x512_fc_dims=512x256_seed0,completed,255876dedf,trial_0338_lr=1.0e-03_weight_decay=1.0e-04_kernel_sizes=5x5x3_conv_channels=512x512x512_fc_dims=512x256_seed0
0.24192036310831705,0.037804035607940684,2,0.24342900836467743,0.03496546402904691,2614335,2400,600,1000,5,1.5,cuda,1,2.3,1,user-Puget-Workstation-Threadripper-PRO-WRX90-T140-XL,trial_0338_lr=1.0e-03_weight_decay=1.0e-04_kernel_sizes=5x5x3_conv_channels=512x512x512_fc_dims=512x256_seed1,completed,255876dedf,trial_0338_lr=1.0e-03_weight_decay=1.0e-04_kernel_sizes=5x5x3_conv_channels=512x512x512_fc_dims=512x256_seed1
0.1802230860789617,0.18161044596421547,50,0.18485943901538848,0.1613049122399234,2614335,2400,600,1000,50,9.8,cuda,0,10.6,0,user-Puget-Workstation-Threadripper-PRO-WRX90-T140-XL,trial_0339_lr=3.0e-03_weight_decay=0_kernel_sizes=5x5x3_conv_channels=512x512x512_fc_dims=512x256_seed0,completed,45b6bcf86a,trial_0339_lr=3.0e-03_weight_decay=0_kernel_sizes=5x5x3_conv_channels=512x512x512_fc_dims=512x256_seed0
0.17668180366357167,0.21160452751272896,50,0.18250112545490266,0.18337313416926923,2614335,2400,600,1000,50,9.8,cuda,1,10.7,1,user-Puget-Workstation-Threadripper-PRO-WRX90-T140-XL,trial_0339_lr=3.0e-03_weight_decay=0_kernel_sizes=5x5x3_conv_channels=512x512x512_fc_dims=512x256_seed1,completed,45b6bcf86a,trial_0339_lr=3.0e-03_weight_decay=0_kernel_sizes=5x5x3_conv_channels=512x512x512_fc_dims=512x256_seed1
0.1909629209836324,0.12114333436303165,17,0.191683211684227,0.10926141204608476,2614335,2400,600,1000,20,4.2,cuda,0,5.0,0,user-Puget-Workstation-Threadripper-PRO-WRX90-T140-XL,trial_0340_lr=3.0e-03_weight_decay=1.0e-05_kernel_sizes=5x5x3_conv_channels=512x512x512_fc_dims=512x256_seed0,completed,6ef3fb431d,trial_0340_lr=3.0e-03_weight_decay=1.0e-05_kernel_sizes=5x5x3_conv_channels=512x512x512_fc_dims=512x256_seed0
0.19143568098545075,0.12546077964663763,12,0.19181866586208343,0.11144087848841047,2614335,2400,600,1000,15,3.3,cuda,1,4.1,1,user-Puget-Workstation-Threadripper-PRO-WRX90-T140-XL,trial_0340_lr=3.0e-03_weight_decay=1.0e-05_kernel_sizes=5x5x3_conv_channels=512x512x512_fc_dims=512x256_seed1,completed,6ef3fb431d,trial_0340_lr=3.0e-03_weight_decay=1.0e-05_kernel_sizes=5x5x3_conv_channels=512x512x512_fc_dims=512x256_seed1
0.1999910674492518,0.07561535221516749,6,0.19956713557243347,0.0719830976731641,2614335,2400,600,1000,9,2.3,cuda,0,3.1,0,user-Puget-Workstation-Threadripper-PRO-WRX90-T140-XL,trial_0341_lr=3.0e-03_weight_decay=1.0e-04_kernel_sizes=5x5x3_conv_channels=512x512x512_fc_dims=512x256_seed0,completed,a96831e1ce,trial_0341_lr=3.0e-03_weight_decay=1.0e-04_kernel_sizes=5x5x3_conv_channels=512x512x512_fc_dims=512x256_seed0
0.19625688433647157,0.10172370575103858,7,0.19607691717147827,0.09094157956283522,2614335,2400,600,1000,10,2.4,cuda,1,3.2,1,user-Puget-Workstation-Threadripper-PRO-WRX90-T140-XL,trial_0341_lr=3.0e-03_weight_decay=1.0e-04_kernel_sizes=5x5x3_conv_channels=512x512x512_fc_dims=512x256_seed1,completed,a96831e1ce,trial_0341_lr=3.0e-03_weight_decay=1.0e-04_kernel_sizes=5x5x3_conv_channels=512x512x512_fc_dims=512x256_seed1
0.21479358057181042,0.07510828336006274,7,0.21474383735656738,0.0706811308392246,1933887,2400,600,1000,10,2.2,cuda,0,3.1,0,user-Puget-Workstation-Threadripper-PRO-WRX90-T140-XL,trial_0342_lr=3.0e-04_weight_decay=0_kernel_sizes=3x3x3_conv_channels=512x512x512_fc_dims=512_seed0,completed,105e601b02,trial_0342_lr=3.0e-04_weight_decay=0_kernel_sizes=3x3x3_conv_channels=512x512x512_fc_dims=512_seed0
0.2131354582309723,0.08244348333318033,7,0.21295887231826782,0.07550481282350519,1933887,2400,600,1000,10,2.3,cuda,1,3.0,1,user-Puget-Workstation-Threadripper-PRO-WRX90-T140-XL,trial_0342_lr=3.0e-04_weight_decay=0_kernel_sizes=3x3x3_conv_channels=512x512x512_fc_dims=512_seed1,completed,105e601b02,trial_0342_lr=3.0e-04_weight_decay=0_kernel_sizes=3x3x3_conv_channels=512x512x512_fc_dims=512_seed1
0.21524146815141043,0.0599912313042822,6,0.21541341245174409,0.059653903655596724,1933887,2400,600,1000,9,2.1,cuda,0,2.9,0,user-Puget-Workstation-Threadripper-PRO-WRX90-T140-XL,trial_0343_lr=3.0e-04_weight_decay=1.0e-05_kernel_sizes=3x3x3_conv_channels=512x512x512_fc_dims=512_seed0,completed,d6050f023a,trial_0343_lr=3.0e-04_weight_decay=1.0e-05_kernel_sizes=3x3x3_conv_channels=512x512x512_fc_dims=512_seed0
0.21368328134218853,0.08162377229901299,7,0.21345290148258209,0.07489267128266752,1933887,2400,600,1000,10,2.2,cuda,1,3.0,1,user-Puget-Workstation-Threadripper-PRO-WRX90-T140-XL,trial_0343_lr=3.0e-04_weight_decay=1.0e-05_kernel_sizes=3x3x3_conv_channels=512x512x512_fc_dims=512_seed1,completed,d6050f023a,trial_0343_lr=3.0e-04_weight_decay=1.0e-05_kernel_sizes=3x3x3_conv_channels=512x512x512_fc_dims=512_seed1
0.21658541897932687,0.05671929256795907,6,0.21649468040466308,0.056256852391674675,1933887,2400,600,1000,9,2.1,cuda,0,2.9,0,user-Puget-Workstation-Threadripper-PRO-WRX90-T140-XL,trial_0344_lr=3.0e-04_weight_decay=1.0e-04_kernel_sizes=3x3x3_conv_channels=512x512x512_fc_dims=512_seed0,completed,d217488223,trial_0344_lr=3.0e-04_weight_decay=1.0e-04_kernel_sizes=3x3x3_conv_channels=512x512x512_fc_dims=512_seed0
0.21781678716341654,0.07713402509678938,7,0.2171549746990204,0.07154460869116021,1933887,2400,600,1000,10,2.3,cuda,1,3.1,1,user-Puget-Workstation-Threadripper-PRO-WRX90-T140-XL,trial_0344_lr=3.0e-04_weight_decay=1.0e-04_kernel_sizes=3x3x3_conv_channels=512x512x512_fc_dims=512_seed1,completed,d217488223,trial_0344_lr=3.0e-04_weight_decay=1.0e-04_kernel_sizes=3x3x3_conv_channels=512x512x512_fc_dims=512_seed1
0.24970073759555816,0.06020326251795635,2,0.25083035719394686,0.06076273427097955,1933887,2400,600,1000,5,1.4,cuda,0,2.2,0,user-Puget-Workstation-Threadripper-PRO-WRX90-T140-XL,trial_0345_lr=1.0e-03_weight_decay=0_kernel_sizes=3x3x3_conv_channels=512x512x512_fc_dims=512_seed0,completed,72b4062424,trial_0345_lr=1.0e-03_weight_decay=0_kernel_sizes=3x3x3_conv_channels=512x512x512_fc_dims=512_seed0
0.2602923103173574,0.04096312836580909,3,0.2625628972053528,0.040250344592007915,1933887,2400,600,1000,6,1.5,cuda,1,2.4,1,user-Puget-Workstation-Threadripper-PRO-WRX90-T140-XL,trial_0345_lr=1.0e-03_weight_decay=0_kernel_sizes=3x3x3_conv_channels=512x512x512_fc_dims=512_seed1,completed,72b4062424,trial_0345_lr=1.0e-03_weight_decay=0_kernel_sizes=3x3x3_conv_channels=512x512x512_fc_dims=512_seed1
0.24777300794919332,0.05900896375159086,2,0.24901820147037507,0.05972672017730526,1933887,2400,600,1000,5,1.4,cuda,0,2.2,0,user-Puget-Workstation-Threadripper-PRO-WRX90-T140-XL,trial_0346_lr=1.0e-03_weight_decay=1.0e-05_kernel_sizes=3x3x3_conv_channels=512x512x512_fc_dims=512_seed0,completed,f1d7f0dc65,trial_0346_lr=1.0e-03_weight_decay=1.0e-05_kernel_sizes=3x3x3_conv_channels=512x512x512_fc_dims=512_seed0
0.26277735590934753,0.039872432472200896,3,0.26482113742828367,0.039343571282890656,1933887,2400,600,1000,6,1.5,cuda,1,2.3,1,user-Puget-Workstation-Threadripper-PRO-WRX90-T140-XL,trial_0346_lr=1.0e-03_weight_decay=1.0e-05_kernel_sizes=3x3x3_conv_channels=512x512x512_fc_dims=512_seed1,completed,f1d7f0dc65,trial_0346_lr=1.0e-03_weight_decay=1.0e-05_kernel_sizes=3x3x3_conv_channels=512x512x512_fc_dims=512_seed1
0.23782839397589364,0.054189875953374864,2,0.23947890949249268,0.055501104529722685,1933887,2400,600,1000,5,1.4,cuda,0,2.2,0,user-Puget-Workstation-Threadripper-PRO-WRX90-T140-XL,trial_0347_lr=1.0e-03_weight_decay=1.0e-04_kernel_sizes=3x3x3_conv_channels=512x512x512_fc_dims=512_seed0,completed,c67528a172,trial_0347_lr=1.0e-03_weight_decay=1.0e-04_kernel_sizes=3x3x3_conv_channels=512x512x512_fc_dims=512_seed0
0.26348760922749836,0.05720142254742386,2,0.2654121277332306,0.05633485105685931,1933887,2400,600,1000,5,1.4,cuda,1,2.2,1,user-Puget-Workstation-Threadripper-PRO-WRX90-T140-XL,trial_0347_lr=1.0e-03_weight_decay=1.0e-04_kernel_sizes=3x3x3_conv_channels=512x512x512_fc_dims=512_seed1,completed,c67528a172,trial_0347_lr=1.0e-03_weight_decay=1.0e-04_kernel_sizes=3x3x3_conv_channels=512x512x512_fc_dims=512_seed1
0.23524616519610086,0.026428006825155552,1,0.238137819647789,0.02100990963409573,1933887,2400,600,1000,4,1.2,cuda,0,2.0,0,user-Puget-Workstation-Threadripper-PRO-WRX90-T140-XL,trial_0348_lr=3.0e-03_weight_decay=0_kernel_sizes=3x3x3_conv_channels=512x512x512_fc_dims=512_seed0,completed,e2fb4c7a80,trial_0348_lr=3.0e-03_weight_decay=0_kernel_sizes=3x3x3_conv_channels=512x512x512_fc_dims=512_seed0
0.167845396399498,0.26389652206485353,50,0.17486144018173216,0.22763108170228627,1933887,2400,600,1000,50,8.9,cuda,1,9.7,1,user-Puget-Workstation-Threadripper-PRO-WRX90-T140-XL,trial_0348_lr=3.0e-03_weight_decay=0_kernel_sizes=3x3x3_conv_channels=512x512x512_fc_dims=512_seed1,completed,e2fb4c7a80,trial_0348_lr=3.0e-03_weight_decay=0_kernel_sizes=3x3x3_conv_channels=512x512x512_fc_dims=512_seed1
0.2358521052201589,0.028195816653433767,1,0.23870843517780305,0.022629039925986902,1933887,2400,600,1000,4,1.2,cuda,0,2.0,0,user-Puget-Workstation-Threadripper-PRO-WRX90-T140-XL,trial_0349_lr=3.0e-03_weight_decay=1.0e-05_kernel_sizes=3x3x3_conv_channels=512x512x512_fc_dims=512_seed0,completed,69ed58df1a,trial_0349_lr=3.0e-03_weight_decay=1.0e-05_kernel_sizes=3x3x3_conv_channels=512x512x512_fc_dims=512_seed0
0.16612491925557454,0.2773761486035264,50,0.17294605815410613,0.24050371556618602,1933887,2400,600,1000,50,8.8,cuda,1,9.6,1,user-Puget-Workstation-Threadripper-PRO-WRX90-T140-XL,trial_0349_lr=3.0e-03_weight_decay=1.0e-05_kernel_sizes=3x3x3_conv_channels=512x512x512_fc_dims=512_seed1,completed,69ed58df1a,trial_0349_lr=3.0e-03_weight_decay=1.0e-05_kernel_sizes=3x3x3_conv_channels=512x512x512_fc_dims=512_seed1
0.24745263318220775,0.03845350762384381,1,0.24964113414287567,0.031919479641257166,1933887,2400,600,1000,4,1.2,cuda,0,2.0,0,user-Puget-Workstation-Threadripper-PRO-WRX90-T140-XL,trial_0350_lr=3.0e-03_weight_decay=1.0e-04_kernel_sizes=3x3x3_conv_channels=512x512x512_fc_dims=512_seed0,completed,6e9462ed36,trial_0350_lr=3.0e-03_weight_decay=1.0e-04_kernel_sizes=3x3x3_conv_channels=512x512x512_fc_dims=512_seed0
0.1659170663356781,0.27609986027061545,36,0.17231260550022126,0.2369502877794458,1933887,2400,600,1000,39,6.9,cuda,1,7.7,1,user-Puget-Workstation-Threadripper-PRO-WRX90-T140-XL,trial_0350_lr=3.0e-03_weight_decay=1.0e-04_kernel_sizes=3x3x3_conv_channels=512x512x512_fc_dims=512_seed1,completed,6e9462ed36,trial_0350_lr=3.0e-03_weight_decay=1.0e-04_kernel_sizes=3x3x3_conv_channels=512x512x512_fc_dims=512_seed1
0.22997390786806743,0.06380588790027013,6,0.2308065882921219,0.06154988602407972,2049087,2400,600,1000,9,2.1,cuda,0,3.0,0,user-Puget-Workstation-Threadripper-PRO-WRX90-T140-XL,trial_0351_lr=3.0e-04_weight_decay=0_kernel_sizes=3x3x3_conv_channels=512x512x512_fc_dims=512x256_seed0,completed,5146cf30aa,trial_0351_lr=3.0e-04_weight_decay=0_kernel_sizes=3x3x3_conv_channels=512x512x512_fc_dims=512x256_seed0
0.23267745395501455,0.05766997852949272,5,0.23236270248889923,0.05512066689082338,2049087,2400,600,1000,8,1.9,cuda,1,2.7,1,user-Puget-Workstation-Threadripper-PRO-WRX90-T140-XL,trial_0351_lr=3.0e-04_weight_decay=0_kernel_sizes=3x3x3_conv_channels=512x512x512_fc_dims=512x256_seed1,completed,5146cf30aa,trial_0351_lr=3.0e-04_weight_decay=0_kernel_sizes=3x3x3_conv_channels=512x512x512_fc_dims=512x256_seed1
0.23090387880802155,0.06290373741402834,6,0.2316360388994217,0.06065453869546735,2049087,2400,600,1000,9,2.1,cuda,0,2.9,0,user-Puget-Workstation-Threadripper-PRO-WRX90-T140-XL,trial_0352_lr=3.0e-04_weight_decay=1.0e-05_kernel_sizes=3x3x3_conv_channels=512x512x512_fc_dims=512x256_seed0,completed,116991fc3e,trial_0352_lr=3.0e-04_weight_decay=1.0e-05_kernel_sizes=3x3x3_conv_channels=512x512x512_fc_dims=512x256_seed0
0.2329133556286494,0.05710925478203996,5,0.2325651066303253,0.05479431184796644,2049087,2400,600,1000,8,2.0,cuda,1,2.8,1,user-Puget-Workstation-Threadripper-PRO-WRX90-T140-XL,trial_0352_lr=3.0e-04_weight_decay=1.0e-05_kernel_sizes=3x3x3_conv_channels=512x512x512_fc_dims=512x256_seed1,completed,116991fc3e,trial_0352_lr=3.0e-04_weight_decay=1.0e-05_kernel_sizes=3x3x3_conv_channels=512x512x512_fc_dims=512x256_seed1
0.23668623387813567,0.05824215403454824,6,0.23689899706840514,0.05633894682827749,2049087,2400,600,1000,9,2.0,cuda,0,2.8,0,user-Puget-Workstation-Threadripper-PRO-WRX90-T140-XL,trial_0353_lr=3.0e-04_weight_decay=1.0e-04_kernel_sizes=3x3x3_conv_channels=512x512x512_fc_dims=512x256_seed0,completed,0c332e6fc7,trial_0353_lr=3.0e-04_weight_decay=1.0e-04_kernel_sizes=3x3x3_conv_channels=512x512x512_fc_dims=512x256_seed0
0.23471144219239554,0.05218805375646359,5,0.23410819256305695,0.05134379666324487,2049087,2400,600,1000,8,1.9,cuda,1,2.7,1,user-Puget-Workstation-Threadripper-PRO-WRX90-T140-XL,trial_0353_lr=3.0e-04_weight_decay=1.0e-04_kernel_sizes=3x3x3_conv_channels=512x512x512_fc_dims=512x256_seed1,completed,0c332e6fc7,trial_0353_lr=3.0e-04_weight_decay=1.0e-04_kernel_sizes=3x3x3_conv_channels=512x512x512_fc_dims=512x256_seed1
0.24549876908461252,0.04658027622363315,2,0.24721381855010988,0.04989181485563901,2049087,2400,600,1000,5,1.4,cuda,0,2.2,0,user-Puget-Workstation-Threadripper-PRO-WRX90-T140-XL,trial_0354_lr=1.0e-03_weight_decay=0_kernel_sizes=3x3x3_conv_channels=512x512x512_fc_dims=512x256_seed0,completed,103bd4652b,trial_0354_lr=1.0e-03_weight_decay=0_kernel_sizes=3x3x3_conv_channels=512x512x512_fc_dims=512x256_seed0
0.24221380333105724,0.05021753532113813,2,0.24405710649490356,0.05052716791836987,2049087,2400,600,1000,5,1.4,cuda,1,2.2,1,user-Puget-Workstation-Threadripper-PRO-WRX90-T140-XL,trial_0354_lr=1.0e-03_weight_decay=0_kernel_sizes=3x3x3_conv_channels=512x512x512_fc_dims=512x256_seed1,completed,103bd4652b,trial_0354_lr=1.0e-03_weight_decay=0_kernel_sizes=3x3x3_conv_channels=512x512x512_fc_dims=512x256_seed1
0.24355270127455395,0.04519449310151139,2,0.24528204715251922,0.04851323211406669,2049087,2400,600,1000,5,1.4,cuda,0,2.1,0,user-Puget-Workstation-Threadripper-PRO-WRX90-T140-XL,trial_0355_lr=1.0e-03_weight_decay=1.0e-05_kernel_sizes=3x3x3_conv_channels=512x512x512_fc_dims=512x256_seed0,completed,d436ba215b,trial_0355_lr=1.0e-03_weight_decay=1.0e-05_kernel_sizes=3x3x3_conv_channels=512x512x512_fc_dims=512x256_seed0
0.24142770806948344,0.04924201198685433,2,0.2433170417547226,0.049597277580099665,2049087,2400,600,1000,5,1.4,cuda,1,2.2,1,user-Puget-Workstation-Threadripper-PRO-WRX90-T140-XL,trial_0355_lr=1.0e-03_weight_decay=1.0e-05_kernel_sizes=3x3x3_conv_channels=512x512x512_fc_dims=512x256_seed1,completed,d436ba215b,trial_0355_lr=1.0e-03_weight_decay=1.0e-05_kernel_sizes=3x3x3_conv_channels=512x512x512_fc_dims=512x256_seed1
0.23616085867087047,0.03874547869073126,2,0.23754436302185059,0.04157242681221069,2049087,2400,600,1000,5,1.4,cuda,0,2.1,0,user-Puget-Workstation-Threadripper-PRO-WRX90-T140-XL,trial_0356_lr=1.0e-03_weight_decay=1.0e-04_kernel_sizes=3x3x3_conv_channels=512x512x512_fc_dims=512x256_seed0,completed,729c061d18,trial_0356_lr=1.0e-03_weight_decay=1.0e-04_kernel_sizes=3x3x3_conv_channels=512x512x512_fc_dims=512x256_seed0
0.23554479857285818,0.04329649950183112,2,0.23720868670940398,0.04459567655348381,2049087,2400,600,1000,5,1.4,cuda,1,2.2,1,user-Puget-Workstation-Threadripper-PRO-WRX90-T140-XL,trial_0356_lr=1.0e-03_weight_decay=1.0e-04_kernel_sizes=3x3x3_conv_channels=512x512x512_fc_dims=512x256_seed1,completed,729c061d18,trial_0356_lr=1.0e-03_weight_decay=1.0e-04_kernel_sizes=3x3x3_conv_channels=512x512x512_fc_dims=512x256_seed1
0.22095081408818562,0.0475624410150071,1,0.22042816281318664,0.04453387352930288,2049087,2400,600,1000,4,1.2,cuda,0,1.9,0,user-Puget-Workstation-Threadripper-PRO-WRX90-T140-XL,trial_0357_lr=3.0e-03_weight_decay=0_kernel_sizes=3x3x3_conv_channels=512x512x512_fc_dims=512x256_seed0,completed,9ed2397a7b,trial_0357_lr=3.0e-03_weight_decay=0_kernel_sizes=3x3x3_conv_channels=512x512x512_fc_dims=512x256_seed0
0.17358705004056293,0.2261947173838804,50,0.17942105519771576,0.19351618666903353,2049087,2400,600,1000,50,9.2,cuda,1,10.0,1,user-Puget-Workstation-Threadripper-PRO-WRX90-T140-XL,trial_0357_lr=3.0e-03_weight_decay=0_kernel_sizes=3x3x3_conv_channels=512x512x512_fc_dims=512x256_seed1,completed,9ed2397a7b,trial_0357_lr=3.0e-03_weight_decay=0_kernel_sizes=3x3x3_conv_channels=512x512x512_fc_dims=512x256_seed1
0.2191766208410263,0.04840786425412278,1,0.21876114916801453,0.045551761824447874,2049087,2400,600,1000,4,1.2,cuda,0,2.0,0,user-Puget-Workstation-Threadripper-PRO-WRX90-T140-XL,trial_0358_lr=3.0e-03_weight_decay=1.0e-05_kernel_sizes=3x3x3_conv_channels=512x512x512_fc_dims=512x256_seed0,completed,f7a03c8fcc,trial_0358_lr=3.0e-03_weight_decay=1.0e-05_kernel_sizes=3x3x3_conv_channels=512x512x512_fc_dims=512x256_seed0
0.17270318269729615,0.22870499238095912,45,0.17879039120674134,0.1955207699167893,2049087,2400,600,1000,48,8.8,cuda,1,9.6,1,user-Puget-Workstation-Threadripper-PRO-WRX90-T140-XL,trial_0358_lr=3.0e-03_weight_decay=1.0e-05_kernel_sizes=3x3x3_conv_channels=512x512x512_fc_dims=512x256_seed1,completed,f7a03c8fcc,trial_0358_lr=3.0e-03_weight_decay=1.0e-05_kernel_sizes=3x3x3_conv_channels=512x512x512_fc_dims=512x256_seed1
0.20997546275456747,0.05394865817020571,1,0.21001731443405153,0.05198315493300656,2049087,2400,600,1000,4,1.2,cuda,0,1.9,0,user-Puget-Workstation-Threadripper-PRO-WRX90-T140-XL,trial_0359_lr=3.0e-03_weight_decay=1.0e-04_kernel_sizes=3x3x3_conv_channels=512x512x512_fc_dims=512x256_seed0,completed,e8d71ca1a6,trial_0359_lr=3.0e-03_weight_decay=1.0e-04_kernel_sizes=3x3x3_conv_channels=512x512x512_fc_dims=512x256_seed0
0.19092007140318554,0.12506578749655914,10,0.19145137822628022,0.1064036179994709,2049087,2400,600,1000,13,2.8,cuda,1,3.6,1,user-Puget-Workstation-Threadripper-PRO-WRX90-T140-XL,trial_0359_lr=3.0e-03_weight_decay=1.0e-04_kernel_sizes=3x3x3_conv_channels=512x512x512_fc_dims=512x256_seed1,completed,e8d71ca1a6,trial_0359_lr=3.0e-03_weight_decay=1.0e-04_kernel_sizes=3x3x3_conv_channels=512x512x512_fc_dims=512x256_seed1
