run_dir,model_type,batch_avg_test_loss,batch_avg_test_corr,all_test_fve,AR_FVE,AR_test_correlation,best_val_corr,total_params,trainable_params,epochs_trained,mean_pattern_corr,history,init_state,loo_avg_mean_corr,model_avg_mean_corr,neurons_model_beats_loo_avg,loo_temporal_mean_corr,all_test_corr,neurons_model_beats_loo_temporal,kernel_sizes,conv_channels,fc_dims,slurm_job_id,hostname,wall_time_s,run_id,config_id,experiment
/scratch/sb272/patterns5k_results/slurm_base_cnn_2026-03-04_16-53-19/trial_0000_learning_rate=1.0e-04_kernel_sizes=3x3_conv_channels=64x128_fc_dims=128_seed0,cnn,0.1717909952402115,0.11140719730531781,0.009560238747369675,,,0.10821117984232624,57855,57855,50,0.37325169899339944,0,True,0.45456832695830385,0.2244254821125248,1,0.31855225563049316,0.11250317096710205,0,"[3, 3]","[64, 128]",[128],6872541,bb5u19c1,242.6,trial_0000_learning_rate=1.0e-04_kernel_sizes=3x3_conv_channels=64x128_fc_dims=128_seed0,325c4379b7,trial_0000_learning_rate=1.0e-04_kernel_sizes=3x3_conv_channels=64x128_fc_dims=128_seed0
/scratch/sb272/patterns5k_results/slurm_base_cnn_2026-03-04_16-53-19/trial_0000_learning_rate=1.0e-04_kernel_sizes=3x3_conv_channels=64x128_fc_dims=128_seed1,cnn,0.17093825471401214,0.11086363669498522,0.012833397539835128,,,0.11357725753956048,57855,57855,50,0.3781735438237413,0,True,0.45456832695830385,0.22586568783720248,1,0.31855225563049316,0.11208732426166534,0,"[3, 3]","[64, 128]",[128],6872541,bb5u19c1,243.7,trial_0000_learning_rate=1.0e-04_kernel_sizes=3x3_conv_channels=64x128_fc_dims=128_seed1,325c4379b7,trial_0000_learning_rate=1.0e-04_kernel_sizes=3x3_conv_channels=64x128_fc_dims=128_seed1
/scratch/sb272/patterns5k_results/slurm_base_cnn_2026-03-04_16-53-19/trial_0000_learning_rate=1.0e-04_kernel_sizes=3x3_conv_channels=64x128_fc_dims=128_seed2,cnn,0.1725143072605133,0.10595608561197549,0.007031766195145864,,,0.10087385636333855,57855,57855,50,0.3633806261727544,0,True,0.45456832695830385,0.21887160261409175,1,0.31855225563049316,0.10706191509962082,0,"[3, 3]","[64, 128]",[128],6872541,bb5u19c1,235.3,trial_0000_learning_rate=1.0e-04_kernel_sizes=3x3_conv_channels=64x128_fc_dims=128_seed2,325c4379b7,trial_0000_learning_rate=1.0e-04_kernel_sizes=3x3_conv_channels=64x128_fc_dims=128_seed2
/scratch/sb272/patterns5k_results/slurm_base_cnn_2026-03-04_16-53-19/trial_0000_learning_rate=1.0e-04_kernel_sizes=3x3_conv_channels=64x128_fc_dims=128_seed3,cnn,0.17274493527412416,0.10095667244544028,0.005412466942317902,,,0.09901067413999083,57855,57855,50,0.34292131163792444,0,True,0.45456832695830385,0.20601842688426567,1,0.31855225563049316,0.10210410505533218,0,"[3, 3]","[64, 128]",[128],6872541,bb5u19c1,237.3,trial_0000_learning_rate=1.0e-04_kernel_sizes=3x3_conv_channels=64x128_fc_dims=128_seed3,325c4379b7,trial_0000_learning_rate=1.0e-04_kernel_sizes=3x3_conv_channels=64x128_fc_dims=128_seed3
/scratch/sb272/patterns5k_results/slurm_base_cnn_2026-03-04_16-53-19/trial_0000_learning_rate=1.0e-04_kernel_sizes=3x3_conv_channels=64x128_fc_dims=128_seed4,cnn,0.1721086264848709,0.1076752425854496,0.007883915825495644,,,0.10661480586908027,57855,57855,50,0.3633539446358319,0,True,0.45456832695830385,0.21767729392172683,1,0.31855225563049316,0.10874011367559433,0,"[3, 3]","[64, 128]",[128],6872541,bb5u19c1,236.0,trial_0000_learning_rate=1.0e-04_kernel_sizes=3x3_conv_channels=64x128_fc_dims=128_seed4,325c4379b7,trial_0000_learning_rate=1.0e-04_kernel_sizes=3x3_conv_channels=64x128_fc_dims=128_seed4
/scratch/sb272/patterns5k_results/slurm_base_cnn_2026-03-04_16-53-19/trial_0001_learning_rate=1.0e-04_kernel_sizes=3x3_conv_channels=64x128_fc_dims=256_seed0,cnn,0.1732062485218048,0.10882622449676896,0.004020569816468254,,,0.10851411467645214,82431,82431,50,0.376136879217705,0,True,0.45456832695830385,0.22663392738986965,1,0.31855225563049316,0.109906405210495,0,"[3, 3]","[64, 128]",[256],6872541,bb5u19c1,248.1,trial_0001_learning_rate=1.0e-04_kernel_sizes=3x3_conv_channels=64x128_fc_dims=256_seed0,b77e2d4c80,trial_0001_learning_rate=1.0e-04_kernel_sizes=3x3_conv_channels=64x128_fc_dims=256_seed0
/scratch/sb272/patterns5k_results/slurm_base_cnn_2026-03-04_16-53-19/trial_0001_learning_rate=1.0e-04_kernel_sizes=3x3_conv_channels=64x128_fc_dims=256_seed1,cnn,0.1712391539812088,0.11689037749289898,0.011670431447407556,,,0.1209012381650432,82431,82431,50,0.3990494037115092,0,True,0.45456832695830385,0.23986331109600673,1,0.31855225563049316,0.11825786530971527,0,"[3, 3]","[64, 128]",[256],6872541,bb5u19c1,248.4,trial_0001_learning_rate=1.0e-04_kernel_sizes=3x3_conv_channels=64x128_fc_dims=256_seed1,b77e2d4c80,trial_0001_learning_rate=1.0e-04_kernel_sizes=3x3_conv_channels=64x128_fc_dims=256_seed1
/scratch/sb272/patterns5k_results/slurm_base_cnn_2026-03-04_16-53-19/trial_0001_learning_rate=1.0e-04_kernel_sizes=3x3_conv_channels=64x128_fc_dims=256_seed2,cnn,0.17141329276561737,0.1169734081442134,0.01090313612468659,,,0.11233342037746344,82431,82431,50,0.381979415062503,0,True,0.45456832695830385,0.23075858285123504,1,0.31855225563049316,0.11802138388156891,0,"[3, 3]","[64, 128]",[256],6872541,bb5u19c1,249.5,trial_0001_learning_rate=1.0e-04_kernel_sizes=3x3_conv_channels=64x128_fc_dims=256_seed2,b77e2d4c80,trial_0001_learning_rate=1.0e-04_kernel_sizes=3x3_conv_channels=64x128_fc_dims=256_seed2
/scratch/sb272/patterns5k_results/slurm_base_cnn_2026-03-04_16-53-19/trial_0001_learning_rate=1.0e-04_kernel_sizes=3x3_conv_channels=64x128_fc_dims=256_seed3,cnn,0.17177185606956483,0.1159965576946954,0.009617208488403804,,,0.1164946236025563,82431,82431,50,0.39910642463365403,0,True,0.45456832695830385,0.23986649313591415,1,0.31855225563049316,0.11711663752794266,0,"[3, 3]","[64, 128]",[256],6872541,bb5u19c1,251.2,trial_0001_learning_rate=1.0e-04_kernel_sizes=3x3_conv_channels=64x128_fc_dims=256_seed3,b77e2d4c80,trial_0001_learning_rate=1.0e-04_kernel_sizes=3x3_conv_channels=64x128_fc_dims=256_seed3
/scratch/sb272/patterns5k_results/slurm_base_cnn_2026-03-04_16-53-19/trial_0001_learning_rate=1.0e-04_kernel_sizes=3x3_conv_channels=64x128_fc_dims=256_seed4,cnn,0.17171167159080505,0.11188613499244122,0.009561205667162698,,,0.11383723714657952,82431,82431,50,0.39710074748312996,0,True,0.45456832695830385,0.238042202687824,1,0.31855225563049316,0.11316467821598053,0,"[3, 3]","[64, 128]",[256],6872541,bb5u19c1,249.8,trial_0001_learning_rate=1.0e-04_kernel_sizes=3x3_conv_channels=64x128_fc_dims=256_seed4,b77e2d4c80,trial_0001_learning_rate=1.0e-04_kernel_sizes=3x3_conv_channels=64x128_fc_dims=256_seed4
/scratch/sb272/patterns5k_results/slurm_base_cnn_2026-03-04_16-53-19/trial_0002_learning_rate=1.0e-04_kernel_sizes=3x3_conv_channels=64x128_fc_dims=512_seed0,cnn,0.17151349186897277,0.11862703825080874,0.010290536615583632,,,0.11978533562849232,131583,131583,50,0.4246189137691591,0,True,0.45456832695830385,0.25199894402303225,1,0.31855225563049316,0.11975337564945221,0,"[3, 3]","[64, 128]",[512],6872541,bb5u19c1,277.2,trial_0002_learning_rate=1.0e-04_kernel_sizes=3x3_conv_channels=64x128_fc_dims=512_seed0,7f900c1d5b,trial_0002_learning_rate=1.0e-04_kernel_sizes=3x3_conv_channels=64x128_fc_dims=512_seed0
/scratch/sb272/patterns5k_results/slurm_base_cnn_2026-03-04_16-53-19/trial_0002_learning_rate=1.0e-04_kernel_sizes=3x3_conv_channels=64x128_fc_dims=512_seed1,cnn,0.17203409135341644,0.11622646739438844,0.008604836842370412,,,0.12033269214880765,131583,131583,50,0.41183414221825476,0,True,0.45456832695830385,0.24330071467420827,1,0.31855225563049316,0.11746271699666977,0,"[3, 3]","[64, 128]",[512],6872541,bb5u19c1,277.0,trial_0002_learning_rate=1.0e-04_kernel_sizes=3x3_conv_channels=64x128_fc_dims=512_seed1,7f900c1d5b,trial_0002_learning_rate=1.0e-04_kernel_sizes=3x3_conv_channels=64x128_fc_dims=512_seed1
/scratch/sb272/patterns5k_results/slurm_base_cnn_2026-03-04_16-53-19/trial_0002_learning_rate=1.0e-04_kernel_sizes=3x3_conv_channels=64x128_fc_dims=512_seed2,cnn,0.17224292850494385,0.12120116066400552,0.007891637938363212,,,0.11796557676657343,131583,131583,50,0.4070469402609977,0,True,0.45456832695830385,0.2412544884029324,1,0.31855225563049316,0.12218445539474487,0,"[3, 3]","[64, 128]",[512],6872541,bb5u19c1,274.8,trial_0002_learning_rate=1.0e-04_kernel_sizes=3x3_conv_channels=64x128_fc_dims=512_seed2,7f900c1d5b,trial_0002_learning_rate=1.0e-04_kernel_sizes=3x3_conv_channels=64x128_fc_dims=512_seed2
/scratch/sb272/patterns5k_results/slurm_base_cnn_2026-03-04_16-53-19/trial_0002_learning_rate=1.0e-04_kernel_sizes=3x3_conv_channels=64x128_fc_dims=512_seed3,cnn,0.17125280582904814,0.12353997339899384,0.011206834089188348,,,0.12223826041424829,131583,131583,50,0.45038719926219944,0,True,0.45456832695830385,0.2656865764171734,1,0.31855225563049316,0.12483497709035873,0,"[3, 3]","[64, 128]",[512],6872541,bb5u19c1,274.8,trial_0002_learning_rate=1.0e-04_kernel_sizes=3x3_conv_channels=64x128_fc_dims=512_seed3,7f900c1d5b,trial_0002_learning_rate=1.0e-04_kernel_sizes=3x3_conv_channels=64x128_fc_dims=512_seed3
/scratch/sb272/patterns5k_results/slurm_base_cnn_2026-03-04_16-53-19/trial_0002_learning_rate=1.0e-04_kernel_sizes=3x3_conv_channels=64x128_fc_dims=512_seed4,cnn,0.1724407376050949,0.11780999055157593,0.006579208941686721,,,0.11819200032785136,131583,131583,50,0.416234170876146,0,True,0.45456832695830385,0.247536897636758,1,0.31855225563049316,0.11942049115896225,0,"[3, 3]","[64, 128]",[512],6872541,bb5u19c1,273.7,trial_0002_learning_rate=1.0e-04_kernel_sizes=3x3_conv_channels=64x128_fc_dims=512_seed4,7f900c1d5b,trial_0002_learning_rate=1.0e-04_kernel_sizes=3x3_conv_channels=64x128_fc_dims=512_seed4
/scratch/sb272/patterns5k_results/slurm_base_cnn_2026-03-04_16-53-19/trial_0003_learning_rate=1.0e-04_kernel_sizes=5x3_conv_channels=128x256_fc_dims=256_seed0,cnn,0.17154288685321809,0.12347652339801107,0.00795658618684799,,,0.1241383195669728,208319,208319,50,0.4268758868962335,0,True,0.45456832695830385,0.25201063145846886,1,0.31855225563049316,0.12428752332925797,0,"[5, 3]","[128, 256]",[256],6872541,bb5u19c1,311.9,trial_0003_learning_rate=1.0e-04_kernel_sizes=5x3_conv_channels=128x256_fc_dims=256_seed0,7453f18d15,trial_0003_learning_rate=1.0e-04_kernel_sizes=5x3_conv_channels=128x256_fc_dims=256_seed0
/scratch/sb272/patterns5k_results/slurm_base_cnn_2026-03-04_16-53-19/trial_0003_learning_rate=1.0e-04_kernel_sizes=5x3_conv_channels=128x256_fc_dims=256_seed1,cnn,0.1722419695854187,0.12495852664775194,0.0036264374142601376,,,0.13138844720504972,208319,208319,50,0.42705715768742974,0,True,0.45456832695830385,0.2543488873390714,1,0.31855225563049316,0.12588529288768768,0,"[5, 3]","[128, 256]",[256],6872541,bb5u19c1,316.2,trial_0003_learning_rate=1.0e-04_kernel_sizes=5x3_conv_channels=128x256_fc_dims=256_seed1,7453f18d15,trial_0003_learning_rate=1.0e-04_kernel_sizes=5x3_conv_channels=128x256_fc_dims=256_seed1
/scratch/sb272/patterns5k_results/slurm_base_cnn_2026-03-04_16-53-19/trial_0003_learning_rate=1.0e-04_kernel_sizes=5x3_conv_channels=128x256_fc_dims=256_seed2,cnn,0.1713828786611557,0.12356018543959782,0.007728409199487595,,,0.12299232501526604,208319,208319,50,0.44261617417382554,0,True,0.45456832695830385,0.2621038681455661,1,0.31855225563049316,0.12478939443826675,0,"[5, 3]","[128, 256]",[256],6872541,bb5u19c1,314.7,trial_0003_learning_rate=1.0e-04_kernel_sizes=5x3_conv_channels=128x256_fc_dims=256_seed2,7453f18d15,trial_0003_learning_rate=1.0e-04_kernel_sizes=5x3_conv_channels=128x256_fc_dims=256_seed2
/scratch/sb272/patterns5k_results/slurm_base_cnn_2026-03-04_16-53-19/trial_0003_learning_rate=1.0e-04_kernel_sizes=5x3_conv_channels=128x256_fc_dims=256_seed3,cnn,0.17225821805000305,0.12336793091944133,0.004644819668361119,,,0.12253759710517328,208319,208319,50,0.423371767770203,0,True,0.45456832695830385,0.2532681854282014,1,0.31855225563049316,0.12443508952856064,0,"[5, 3]","[128, 256]",[256],6872541,bb5u19c1,315.8,trial_0003_learning_rate=1.0e-04_kernel_sizes=5x3_conv_channels=128x256_fc_dims=256_seed3,7453f18d15,trial_0003_learning_rate=1.0e-04_kernel_sizes=5x3_conv_channels=128x256_fc_dims=256_seed3
/scratch/sb272/patterns5k_results/slurm_base_cnn_2026-03-04_16-53-19/trial_0003_learning_rate=1.0e-04_kernel_sizes=5x3_conv_channels=128x256_fc_dims=256_seed4,cnn,0.17113802003860473,0.12300361460322624,0.009279226499890525,,,0.12587132690900005,208319,208319,50,0.42097802003736345,0,True,0.45456832695830385,0.2510309317818255,1,0.31855225563049316,0.12381939589977264,0,"[5, 3]","[128, 256]",[256],6872541,bb5u19c1,316.6,trial_0003_learning_rate=1.0e-04_kernel_sizes=5x3_conv_channels=128x256_fc_dims=256_seed4,7453f18d15,trial_0003_learning_rate=1.0e-04_kernel_sizes=5x3_conv_channels=128x256_fc_dims=256_seed4
/scratch/sb272/patterns5k_results/slurm_base_cnn_2026-03-04_16-53-19/trial_0004_learning_rate=1.0e-04_kernel_sizes=5x3_conv_channels=128x256_fc_dims=512_seed0,cnn,0.17156274473667144,0.12673948702383525,0.006020491085355244,,,0.13021921409366535,290239,290239,50,0.43290250260189433,0,True,0.45456832695830385,0.2588488632864499,1,0.31855225563049316,0.1275644749403,0,"[5, 3]","[128, 256]",[512],6872541,bb5u19c1,358.0,trial_0004_learning_rate=1.0e-04_kernel_sizes=5x3_conv_channels=128x256_fc_dims=512_seed0,ecf3c05030,trial_0004_learning_rate=1.0e-04_kernel_sizes=5x3_conv_channels=128x256_fc_dims=512_seed0
/scratch/sb272/patterns5k_results/slurm_base_cnn_2026-03-04_16-53-19/trial_0004_learning_rate=1.0e-04_kernel_sizes=5x3_conv_channels=128x256_fc_dims=512_seed1,cnn,0.17193097937107085,0.12464045199820999,0.004948651979839991,,,0.12816388397909237,290239,290239,50,0.4307426103961245,0,True,0.45456832695830385,0.254680257359816,1,0.31855225563049316,0.12536801397800446,0,"[5, 3]","[128, 256]",[512],6872541,bb5u19c1,358.6,trial_0004_learning_rate=1.0e-04_kernel_sizes=5x3_conv_channels=128x256_fc_dims=512_seed1,ecf3c05030,trial_0004_learning_rate=1.0e-04_kernel_sizes=5x3_conv_channels=128x256_fc_dims=512_seed1
/scratch/sb272/patterns5k_results/slurm_base_cnn_2026-03-04_16-53-19/trial_0004_learning_rate=1.0e-04_kernel_sizes=5x3_conv_channels=128x256_fc_dims=512_seed2,cnn,0.17165653729438782,0.12293961126810703,0.00599638337180728,,,0.11976476731247622,290239,290239,50,0.4442040003389142,0,True,0.45456832695830385,0.2607450973054764,1,0.31855225563049316,0.12359119206666946,0,"[5, 3]","[128, 256]",[512],6872541,bb5u19c1,358.5,trial_0004_learning_rate=1.0e-04_kernel_sizes=5x3_conv_channels=128x256_fc_dims=512_seed2,ecf3c05030,trial_0004_learning_rate=1.0e-04_kernel_sizes=5x3_conv_channels=128x256_fc_dims=512_seed2
/scratch/sb272/patterns5k_results/slurm_base_cnn_2026-03-04_16-53-19/trial_0004_learning_rate=1.0e-04_kernel_sizes=5x3_conv_channels=128x256_fc_dims=512_seed3,cnn,0.17201574718952178,0.124041816389336,0.004978648253849575,,,0.12466512199046373,290239,290239,50,0.43216151862056046,0,True,0.45456832695830385,0.25642182804146263,1,0.31855225563049316,0.12534788250923157,0,"[5, 3]","[128, 256]",[512],6872541,bb5u19c1,354.3,trial_0004_learning_rate=1.0e-04_kernel_sizes=5x3_conv_channels=128x256_fc_dims=512_seed3,ecf3c05030,trial_0004_learning_rate=1.0e-04_kernel_sizes=5x3_conv_channels=128x256_fc_dims=512_seed3
/scratch/sb272/patterns5k_results/slurm_base_cnn_2026-03-04_16-53-19/trial_0004_learning_rate=1.0e-04_kernel_sizes=5x3_conv_channels=128x256_fc_dims=512_seed4,cnn,0.17251804435253143,0.11664912365958348,0.0026401792253766742,,,0.11994276890644247,290239,290239,50,0.4012760731119258,0,True,0.45456832695830385,0.23793454411998677,1,0.31855225563049316,0.11745122075080872,0,"[5, 3]","[128, 256]",[512],6872541,bb5u19c1,356.5,trial_0004_learning_rate=1.0e-04_kernel_sizes=5x3_conv_channels=128x256_fc_dims=512_seed4,ecf3c05030,trial_0004_learning_rate=1.0e-04_kernel_sizes=5x3_conv_channels=128x256_fc_dims=512_seed4
/scratch/sb272/patterns5k_results/slurm_base_cnn_2026-03-04_16-53-19/trial_0005_learning_rate=1.0e-04_kernel_sizes=5x3_conv_channels=128x256_fc_dims=1024_seed0,cnn,0.1729890877008438,0.1300721776771101,-0.0012360139498634943,,,0.1321629639957194,454079,454079,50,0.45297948904454477,0,True,0.45456832695830385,0.2688060364960593,1,0.31855225563049316,0.13070867955684662,0,"[5, 3]","[128, 256]",[1024],6872541,bb5u19c1,430.6,trial_0005_learning_rate=1.0e-04_kernel_sizes=5x3_conv_channels=128x256_fc_dims=1024_seed0,1f27a7199b,trial_0005_learning_rate=1.0e-04_kernel_sizes=5x3_conv_channels=128x256_fc_dims=1024_seed0
/scratch/sb272/patterns5k_results/slurm_base_cnn_2026-03-04_16-53-19/trial_0005_learning_rate=1.0e-04_kernel_sizes=5x3_conv_channels=128x256_fc_dims=1024_seed1,cnn,0.17337797272205352,0.11665250861162163,-0.0003294131112477136,,,0.12199907270935251,454079,454079,50,0.41587111735684396,0,True,0.45456832695830385,0.24955159178365102,1,0.31855225563049316,0.11763191968202591,0,"[5, 3]","[128, 256]",[1024],6872541,bb5u19c1,443.9,trial_0005_learning_rate=1.0e-04_kernel_sizes=5x3_conv_channels=128x256_fc_dims=1024_seed1,1f27a7199b,trial_0005_learning_rate=1.0e-04_kernel_sizes=5x3_conv_channels=128x256_fc_dims=1024_seed1
/scratch/sb272/patterns5k_results/slurm_base_cnn_2026-03-04_16-53-19/trial_0005_learning_rate=1.0e-04_kernel_sizes=5x3_conv_channels=128x256_fc_dims=1024_seed2,cnn,0.17279698991775513,0.12498986092553256,-0.0006303758848281134,,,0.12499485114440265,454079,454079,50,0.457841900153233,0,True,0.45456832695830385,0.26922975445352454,1,0.31855225563049316,0.12595650553703308,0,"[5, 3]","[128, 256]",[1024],6872541,bb5u19c1,500.4,trial_0005_learning_rate=1.0e-04_kernel_sizes=5x3_conv_channels=128x256_fc_dims=1024_seed2,1f27a7199b,trial_0005_learning_rate=1.0e-04_kernel_sizes=5x3_conv_channels=128x256_fc_dims=1024_seed2
/scratch/sb272/patterns5k_results/slurm_base_cnn_2026-03-04_16-53-19/trial_0005_learning_rate=1.0e-04_kernel_sizes=5x3_conv_channels=128x256_fc_dims=1024_seed3,cnn,0.17288545978069306,0.1239966570616893,-0.0015748171579270135,,,0.12821664205925332,454079,454079,50,0.44041578771199197,0,True,0.45456832695830385,0.2642768775950913,1,0.31855225563049316,0.1249900534749031,0,"[5, 3]","[128, 256]",[1024],6872541,bb5u19c1,539.8,trial_0005_learning_rate=1.0e-04_kernel_sizes=5x3_conv_channels=128x256_fc_dims=1024_seed3,1f27a7199b,trial_0005_learning_rate=1.0e-04_kernel_sizes=5x3_conv_channels=128x256_fc_dims=1024_seed3
/scratch/sb272/patterns5k_results/slurm_base_cnn_2026-03-04_16-53-19/trial_0005_learning_rate=1.0e-04_kernel_sizes=5x3_conv_channels=128x256_fc_dims=1024_seed4,cnn,0.1724426293373108,0.1268056270108798,-0.00024525892166864303,,,0.12779349191872888,454079,454079,50,0.4540308476554535,0,True,0.45456832695830385,0.26775173332925256,1,0.31855225563049316,0.12732011079788208,0,"[5, 3]","[128, 256]",[1024],6872541,bb5u19c1,542.6,trial_0005_learning_rate=1.0e-04_kernel_sizes=5x3_conv_channels=128x256_fc_dims=1024_seed4,1f27a7199b,trial_0005_learning_rate=1.0e-04_kernel_sizes=5x3_conv_channels=128x256_fc_dims=1024_seed4
/scratch/sb272/patterns5k_results/slurm_base_cnn_2026-03-04_16-53-19/trial_0006_learning_rate=1.0e-04_kernel_sizes=3x3x3_conv_channels=32x64x128_fc_dims=128_seed0,cnn,0.1704619448184967,0.10657407555992277,0.013213672335185701,,,0.10469462497429567,60063,60063,50,0.3536797263583644,0,True,0.45456832695830385,0.20582946259197987,1,0.31855225563049316,0.10717564821243286,0,"[3, 3, 3]","[32, 64, 128]",[128],6872541,bb5u19c1,274.4,trial_0006_learning_rate=1.0e-04_kernel_sizes=3x3x3_conv_channels=32x64x128_fc_dims=128_seed0,171ef89464,trial_0006_learning_rate=1.0e-04_kernel_sizes=3x3x3_conv_channels=32x64x128_fc_dims=128_seed0
/scratch/sb272/patterns5k_results/slurm_base_cnn_2026-03-04_16-53-19/trial_0006_learning_rate=1.0e-04_kernel_sizes=3x3x3_conv_channels=32x64x128_fc_dims=128_seed1,cnn,0.17051778769493103,0.10659600523729673,0.012927259717668806,,,0.10716095792412295,60063,60063,50,0.34515884496267,0,True,0.45456832695830385,0.20285961958429533,1,0.31855225563049316,0.10736183077096939,0,"[3, 3, 3]","[32, 64, 128]",[128],6872541,bb5u19c1,278.6,trial_0006_learning_rate=1.0e-04_kernel_sizes=3x3x3_conv_channels=32x64x128_fc_dims=128_seed1,171ef89464,trial_0006_learning_rate=1.0e-04_kernel_sizes=3x3x3_conv_channels=32x64x128_fc_dims=128_seed1
/scratch/sb272/patterns5k_results/slurm_base_cnn_2026-03-04_16-53-19/trial_0006_learning_rate=1.0e-04_kernel_sizes=3x3x3_conv_channels=32x64x128_fc_dims=128_seed2,cnn,0.17016434001922606,0.10795063595836622,0.014191816723535932,,,0.10267089979440903,60063,60063,50,0.3744485074206792,0,True,0.45456832695830385,0.21698302021154875,1,0.31855225563049316,0.10907790064811707,0,"[3, 3, 3]","[32, 64, 128]",[128],6872541,bb5u19c1,284.1,trial_0006_learning_rate=1.0e-04_kernel_sizes=3x3x3_conv_channels=32x64x128_fc_dims=128_seed2,171ef89464,trial_0006_learning_rate=1.0e-04_kernel_sizes=3x3x3_conv_channels=32x64x128_fc_dims=128_seed2
/scratch/sb272/patterns5k_results/slurm_base_cnn_2026-03-04_16-53-19/trial_0006_learning_rate=1.0e-04_kernel_sizes=3x3x3_conv_channels=32x64x128_fc_dims=128_seed3,cnn,0.1707057729959488,0.1044761742542106,0.012674576706356473,,,0.1032196695870447,60063,60063,50,0.3482564154156153,0,True,0.45456832695830385,0.20388618950475298,1,0.31855225563049316,0.1051315888762474,0,"[3, 3, 3]","[32, 64, 128]",[128],6872541,bb5u19c1,285.5,trial_0006_learning_rate=1.0e-04_kernel_sizes=3x3x3_conv_channels=32x64x128_fc_dims=128_seed3,171ef89464,trial_0006_learning_rate=1.0e-04_kernel_sizes=3x3x3_conv_channels=32x64x128_fc_dims=128_seed3
/scratch/sb272/patterns5k_results/slurm_base_cnn_2026-03-04_16-53-19/trial_0006_learning_rate=1.0e-04_kernel_sizes=3x3x3_conv_channels=32x64x128_fc_dims=128_seed4,cnn,0.17033436703681945,0.10710090282533942,0.013430136536794996,,,0.10626681252695576,60063,60063,50,0.3575519641144426,0,True,0.45456832695830385,0.20819437186282774,1,0.31855225563049316,0.10762354731559753,0,"[3, 3, 3]","[32, 64, 128]",[128],6872541,bb5u19c1,296.3,trial_0006_learning_rate=1.0e-04_kernel_sizes=3x3x3_conv_channels=32x64x128_fc_dims=128_seed4,171ef89464,trial_0006_learning_rate=1.0e-04_kernel_sizes=3x3x3_conv_channels=32x64x128_fc_dims=128_seed4
/scratch/sb272/patterns5k_results/slurm_base_cnn_2026-03-04_16-53-19/trial_0007_learning_rate=1.0e-04_kernel_sizes=3x3x3_conv_channels=32x64x128_fc_dims=256_seed0,cnn,0.1707017560005188,0.11254027953197443,0.012867729815225753,,,0.11124003659403073,84639,84639,50,0.39781816421772503,0,True,0.45456832695830385,0.23226521306219916,1,0.31855225563049316,0.11350642144680023,0,"[3, 3, 3]","[32, 64, 128]",[256],6872541,bb5u19c1,309.7,trial_0007_learning_rate=1.0e-04_kernel_sizes=3x3x3_conv_channels=32x64x128_fc_dims=256_seed0,2662bf1eb5,trial_0007_learning_rate=1.0e-04_kernel_sizes=3x3x3_conv_channels=32x64x128_fc_dims=256_seed0
/scratch/sb272/patterns5k_results/slurm_base_cnn_2026-03-04_16-53-19/trial_0007_learning_rate=1.0e-04_kernel_sizes=3x3x3_conv_channels=32x64x128_fc_dims=256_seed1,cnn,0.17031097042560578,0.11370907553645018,0.01401168391818092,,,0.11626293268179569,84639,84639,50,0.4040670084573386,0,True,0.45456832695830385,0.23709070736669646,1,0.31855225563049316,0.1146617978811264,0,"[3, 3, 3]","[32, 64, 128]",[256],6872541,bb5u19c1,318.2,trial_0007_learning_rate=1.0e-04_kernel_sizes=3x3x3_conv_channels=32x64x128_fc_dims=256_seed1,2662bf1eb5,trial_0007_learning_rate=1.0e-04_kernel_sizes=3x3x3_conv_channels=32x64x128_fc_dims=256_seed1
/scratch/sb272/patterns5k_results/slurm_base_cnn_2026-03-04_16-53-19/trial_0007_learning_rate=1.0e-04_kernel_sizes=3x3x3_conv_channels=32x64x128_fc_dims=256_seed2,cnn,0.170231152176857,0.1124349683853962,0.014397333538721479,,,0.10798870170722677,84639,84639,50,0.40160612574762417,0,True,0.45456832695830385,0.2310996362299709,1,0.31855225563049316,0.11342325806617737,0,"[3, 3, 3]","[32, 64, 128]",[256],6872541,bb5u19c1,316.1,trial_0007_learning_rate=1.0e-04_kernel_sizes=3x3x3_conv_channels=32x64x128_fc_dims=256_seed2,2662bf1eb5,trial_0007_learning_rate=1.0e-04_kernel_sizes=3x3x3_conv_channels=32x64x128_fc_dims=256_seed2
/scratch/sb272/patterns5k_results/slurm_base_cnn_2026-03-04_16-53-19/trial_0007_learning_rate=1.0e-04_kernel_sizes=3x3x3_conv_channels=32x64x128_fc_dims=256_seed3,cnn,0.17000823271274568,0.11456838940391711,0.014990787657480392,,,0.11080033600179885,84639,84639,50,0.41440600944688166,0,True,0.45456832695830385,0.2403359800692863,1,0.31855225563049316,0.11556510627269745,0,"[3, 3, 3]","[32, 64, 128]",[256],6872541,bb5u19c1,313.4,trial_0007_learning_rate=1.0e-04_kernel_sizes=3x3x3_conv_channels=32x64x128_fc_dims=256_seed3,2662bf1eb5,trial_0007_learning_rate=1.0e-04_kernel_sizes=3x3x3_conv_channels=32x64x128_fc_dims=256_seed3
/scratch/sb272/patterns5k_results/slurm_base_cnn_2026-03-04_16-53-19/trial_0007_learning_rate=1.0e-04_kernel_sizes=3x3x3_conv_channels=32x64x128_fc_dims=256_seed4,cnn,0.16987131094932556,0.1138504891900904,0.01519610011388385,,,0.11306945911113236,84639,84639,50,0.3995932777332624,0,True,0.45456832695830385,0.2322856784112491,1,0.31855225563049316,0.11459526419639587,0,"[3, 3, 3]","[32, 64, 128]",[256],6872541,bb5u19c1,326.1,trial_0007_learning_rate=1.0e-04_kernel_sizes=3x3x3_conv_channels=32x64x128_fc_dims=256_seed4,2662bf1eb5,trial_0007_learning_rate=1.0e-04_kernel_sizes=3x3x3_conv_channels=32x64x128_fc_dims=256_seed4
/scratch/sb272/patterns5k_results/slurm_base_cnn_2026-03-04_16-53-19/trial_0008_learning_rate=1.0e-04_kernel_sizes=5x3x3_conv_channels=64x128x256_fc_dims=256_seed0,cnn,0.1688609116077423,0.12530474819911352,0.017582697527749196,,,0.1297460229815214,219647,219647,50,0.445400141983826,0,True,0.45456832695830385,0.25955951737795047,1,0.31855225563049316,0.12614643573760986,0,"[5, 3, 3]","[64, 128, 256]",[256],6872541,bb5u19c1,423.6,trial_0008_learning_rate=1.0e-04_kernel_sizes=5x3x3_conv_channels=64x128x256_fc_dims=256_seed0,8fd5aae80f,trial_0008_learning_rate=1.0e-04_kernel_sizes=5x3x3_conv_channels=64x128x256_fc_dims=256_seed0
/scratch/sb272/patterns5k_results/slurm_base_cnn_2026-03-04_16-53-19/trial_0008_learning_rate=1.0e-04_kernel_sizes=5x3x3_conv_channels=64x128x256_fc_dims=256_seed1,cnn,0.16845376908779144,0.1278938563459636,0.01927667288553147,,,0.1315886273573773,219647,219647,50,0.45139255394273714,0,True,0.45456832695830385,0.2601206555985766,1,0.31855225563049316,0.12866313755512238,0,"[5, 3, 3]","[64, 128, 256]",[256],6872541,bb5u19c1,401.8,trial_0008_learning_rate=1.0e-04_kernel_sizes=5x3x3_conv_channels=64x128x256_fc_dims=256_seed1,8fd5aae80f,trial_0008_learning_rate=1.0e-04_kernel_sizes=5x3x3_conv_channels=64x128x256_fc_dims=256_seed1
/scratch/sb272/patterns5k_results/slurm_base_cnn_2026-03-04_16-53-19/trial_0008_learning_rate=1.0e-04_kernel_sizes=5x3x3_conv_channels=64x128x256_fc_dims=256_seed2,cnn,0.16853295731544496,0.12840005402981658,0.019341032656412276,,,0.12372384243615588,219647,219647,50,0.4519130450225353,0,True,0.45456832695830385,0.2629022366223943,2,0.31855225563049316,0.12959283590316772,0,"[5, 3, 3]","[64, 128, 256]",[256],6872541,bb5u19c1,400.4,trial_0008_learning_rate=1.0e-04_kernel_sizes=5x3x3_conv_channels=64x128x256_fc_dims=256_seed2,8fd5aae80f,trial_0008_learning_rate=1.0e-04_kernel_sizes=5x3x3_conv_channels=64x128x256_fc_dims=256_seed2
/scratch/sb272/patterns5k_results/slurm_base_cnn_2026-03-04_16-53-19/trial_0008_learning_rate=1.0e-04_kernel_sizes=5x3x3_conv_channels=64x128x256_fc_dims=256_seed3,cnn,0.168987242937088,0.1236674909277424,0.017875488788362533,,,0.12588633738096205,219647,219647,50,0.4237328002028376,0,True,0.45456832695830385,0.24803897189818855,2,0.31855225563049316,0.12451788783073425,0,"[5, 3, 3]","[64, 128, 256]",[256],6872541,bb5u19c1,391.8,trial_0008_learning_rate=1.0e-04_kernel_sizes=5x3x3_conv_channels=64x128x256_fc_dims=256_seed3,8fd5aae80f,trial_0008_learning_rate=1.0e-04_kernel_sizes=5x3x3_conv_channels=64x128x256_fc_dims=256_seed3
/scratch/sb272/patterns5k_results/slurm_base_cnn_2026-03-04_16-53-19/trial_0008_learning_rate=1.0e-04_kernel_sizes=5x3x3_conv_channels=64x128x256_fc_dims=256_seed4,cnn,0.16863446402549745,0.12665028800365044,0.0187729313260033,,,0.12875790151697936,219647,219647,50,0.4425290871801769,0,True,0.45456832695830385,0.2551375373756954,1,0.31855225563049316,0.12732228636741638,0,"[5, 3, 3]","[64, 128, 256]",[256],6872541,bb5u19c1,451.4,trial_0008_learning_rate=1.0e-04_kernel_sizes=5x3x3_conv_channels=64x128x256_fc_dims=256_seed4,8fd5aae80f,trial_0008_learning_rate=1.0e-04_kernel_sizes=5x3x3_conv_channels=64x128x256_fc_dims=256_seed4
/scratch/sb272/patterns5k_results/slurm_base_cnn_2026-03-04_16-53-19/trial_0009_learning_rate=1.0e-04_kernel_sizes=5x3x3_conv_channels=64x128x256_fc_dims=512_seed0,cnn,0.16896563172340393,0.13000445477863604,0.016312198979513987,,,0.1311775851004204,301567,301567,50,0.4527761694737167,0,True,0.45456832695830385,0.2618947278340973,1,0.31855225563049316,0.13060134649276733,0,"[5, 3, 3]","[64, 128, 256]",[512],6872541,bb5u19c1,537.6,trial_0009_learning_rate=1.0e-04_kernel_sizes=5x3x3_conv_channels=64x128x256_fc_dims=512_seed0,e114689274,trial_0009_learning_rate=1.0e-04_kernel_sizes=5x3x3_conv_channels=64x128x256_fc_dims=512_seed0
/scratch/sb272/patterns5k_results/slurm_base_cnn_2026-03-04_16-53-19/trial_0009_learning_rate=1.0e-04_kernel_sizes=5x3x3_conv_channels=64x128x256_fc_dims=512_seed1,cnn,0.16846293032169343,0.13191856070167732,0.01902041832605998,,,0.13512127038020913,301567,301567,50,0.4676687754660851,0,True,0.45456832695830385,0.27306792931758095,1,0.31855225563049316,0.1331031620502472,0,"[5, 3, 3]","[64, 128, 256]",[512],6872541,bb5u19c1,514.1,trial_0009_learning_rate=1.0e-04_kernel_sizes=5x3x3_conv_channels=64x128x256_fc_dims=512_seed1,e114689274,trial_0009_learning_rate=1.0e-04_kernel_sizes=5x3x3_conv_channels=64x128x256_fc_dims=512_seed1
/scratch/sb272/patterns5k_results/slurm_base_cnn_2026-03-04_16-53-19/trial_0009_learning_rate=1.0e-04_kernel_sizes=5x3x3_conv_channels=64x128x256_fc_dims=512_seed2,cnn,0.16859560990333558,0.13038112774539357,0.018123759163750544,,,0.12775112965429447,301567,301567,50,0.46826975245478963,0,True,0.45456832695830385,0.27252964867625623,1,0.31855225563049316,0.13140051066875458,0,"[5, 3, 3]","[64, 128, 256]",[512],6872541,bb5u19c1,500.3,trial_0009_learning_rate=1.0e-04_kernel_sizes=5x3x3_conv_channels=64x128x256_fc_dims=512_seed2,e114689274,trial_0009_learning_rate=1.0e-04_kernel_sizes=5x3x3_conv_channels=64x128x256_fc_dims=512_seed2
/scratch/sb272/patterns5k_results/slurm_base_cnn_2026-03-04_16-53-19/trial_0009_learning_rate=1.0e-04_kernel_sizes=5x3x3_conv_channels=64x128x256_fc_dims=512_seed3,cnn,0.16885380363464356,0.12923344297949782,0.01714149353996156,,,0.13024954594102642,301567,301567,50,0.4434011295900311,0,True,0.45456832695830385,0.25875380008265825,1,0.31855225563049316,0.12984798848628998,0,"[5, 3, 3]","[64, 128, 256]",[512],6872541,bb5u19c1,533.6,trial_0009_learning_rate=1.0e-04_kernel_sizes=5x3x3_conv_channels=64x128x256_fc_dims=512_seed3,e114689274,trial_0009_learning_rate=1.0e-04_kernel_sizes=5x3x3_conv_channels=64x128x256_fc_dims=512_seed3
/scratch/sb272/patterns5k_results/slurm_base_cnn_2026-03-04_16-53-19/trial_0009_learning_rate=1.0e-04_kernel_sizes=5x3x3_conv_channels=64x128x256_fc_dims=512_seed4,cnn,0.16875681614875793,0.12724527526542564,0.01823818494403173,,,0.13099070724745995,301567,301567,50,0.47806641330792915,0,True,0.45456832695830385,0.2727303126191779,2,0.31855225563049316,0.12809891998767853,0,"[5, 3, 3]","[64, 128, 256]",[512],6872541,bb5u19c1,548.9,trial_0009_learning_rate=1.0e-04_kernel_sizes=5x3x3_conv_channels=64x128x256_fc_dims=512_seed4,e114689274,trial_0009_learning_rate=1.0e-04_kernel_sizes=5x3x3_conv_channels=64x128x256_fc_dims=512_seed4
/scratch/sb272/patterns5k_results/slurm_base_cnn_2026-03-04_16-53-19/trial_0010_learning_rate=1.0e-04_kernel_sizes=5x3x3_conv_channels=64x128x256_fc_dims=1024_seed0,cnn,0.16979042899608612,0.1295849069066093,0.011851058119819277,,,0.13375181627531002,465407,465407,50,0.46951745794221056,0,True,0.45456832695830385,0.27119072512007325,1,0.31855225563049316,0.13030368089675903,0,"[5, 3, 3]","[64, 128, 256]",[1024],6872542,bb5u26c1,523.0,trial_0010_learning_rate=1.0e-04_kernel_sizes=5x3x3_conv_channels=64x128x256_fc_dims=1024_seed0,7d4637654e,trial_0010_learning_rate=1.0e-04_kernel_sizes=5x3x3_conv_channels=64x128x256_fc_dims=1024_seed0
/scratch/sb272/patterns5k_results/slurm_base_cnn_2026-03-04_16-53-19/trial_0010_learning_rate=1.0e-04_kernel_sizes=5x3x3_conv_channels=64x128x256_fc_dims=1024_seed1,cnn,0.1695671979188919,0.1291990334119958,0.013617659371996682,,,0.13522924573932893,465407,465407,50,0.4623519390324674,0,True,0.45456832695830385,0.26883968394793983,1,0.31855225563049316,0.1303452104330063,0,"[5, 3, 3]","[64, 128, 256]",[1024],6872542,bb5u26c1,512.2,trial_0010_learning_rate=1.0e-04_kernel_sizes=5x3x3_conv_channels=64x128x256_fc_dims=1024_seed1,7d4637654e,trial_0010_learning_rate=1.0e-04_kernel_sizes=5x3x3_conv_channels=64x128x256_fc_dims=1024_seed1
/scratch/sb272/patterns5k_results/slurm_base_cnn_2026-03-04_16-53-19/trial_0010_learning_rate=1.0e-04_kernel_sizes=5x3x3_conv_channels=64x128x256_fc_dims=1024_seed2,cnn,0.17023639130592347,0.12669267012584054,0.010941105229513986,,,0.12361425805461418,465407,465407,50,0.49104444609078973,0,True,0.45456832695830385,0.28215867497812935,2,0.31855225563049316,0.127816304564476,0,"[5, 3, 3]","[64, 128, 256]",[1024],6872542,bb5u26c1,522.5,trial_0010_learning_rate=1.0e-04_kernel_sizes=5x3x3_conv_channels=64x128x256_fc_dims=1024_seed2,7d4637654e,trial_0010_learning_rate=1.0e-04_kernel_sizes=5x3x3_conv_channels=64x128x256_fc_dims=1024_seed2
/scratch/sb272/patterns5k_results/slurm_base_cnn_2026-03-04_16-53-19/trial_0010_learning_rate=1.0e-04_kernel_sizes=5x3x3_conv_channels=64x128x256_fc_dims=1024_seed3,cnn,0.16921415138244628,0.12966508421604267,0.01373206717627389,,,0.1316991896605271,465407,465407,50,0.4587914709326931,0,True,0.45456832695830385,0.26691395224506054,2,0.31855225563049316,0.13031229376792908,0,"[5, 3, 3]","[64, 128, 256]",[1024],6872542,bb5u26c1,522.4,trial_0010_learning_rate=1.0e-04_kernel_sizes=5x3x3_conv_channels=64x128x256_fc_dims=1024_seed3,7d4637654e,trial_0010_learning_rate=1.0e-04_kernel_sizes=5x3x3_conv_channels=64x128x256_fc_dims=1024_seed3
/scratch/sb272/patterns5k_results/slurm_base_cnn_2026-03-04_16-53-19/trial_0010_learning_rate=1.0e-04_kernel_sizes=5x3x3_conv_channels=64x128x256_fc_dims=1024_seed4,cnn,0.17022415494918824,0.1327077223739652,0.008926836271134634,,,0.13484560296941078,465407,465407,50,0.4925820803979472,0,True,0.45456832695830385,0.28550395542037466,1,0.31855225563049316,0.13366705179214478,0,"[5, 3, 3]","[64, 128, 256]",[1024],6872542,bb5u26c1,687.2,trial_0010_learning_rate=1.0e-04_kernel_sizes=5x3x3_conv_channels=64x128x256_fc_dims=1024_seed4,7d4637654e,trial_0010_learning_rate=1.0e-04_kernel_sizes=5x3x3_conv_channels=64x128x256_fc_dims=1024_seed4
/scratch/sb272/patterns5k_results/slurm_base_cnn_2026-03-04_16-53-19/trial_0011_learning_rate=1.0e-04_kernel_sizes=3x3x3_conv_channels=128x128x128_fc_dims=256_seed0,cnn,0.1689961770772934,0.12316688340899404,0.018342976532285175,,,0.12400481086470248,164799,164799,50,0.435133293488018,0,True,0.45456832695830385,0.25632296693218726,1,0.31855225563049316,0.1241055354475975,0,"[3, 3, 3]","[128, 128, 128]",[256],6872542,bb5u26c1,579.6,trial_0011_learning_rate=1.0e-04_kernel_sizes=3x3x3_conv_channels=128x128x128_fc_dims=256_seed0,7697a79321,trial_0011_learning_rate=1.0e-04_kernel_sizes=3x3x3_conv_channels=128x128x128_fc_dims=256_seed0
/scratch/sb272/patterns5k_results/slurm_base_cnn_2026-03-04_16-53-19/trial_0011_learning_rate=1.0e-04_kernel_sizes=3x3x3_conv_channels=128x128x128_fc_dims=256_seed1,cnn,0.16904980647563933,0.12306262049384296,0.0181326497168768,,,0.12817011980029344,164799,164799,50,0.42468342952867216,0,True,0.45456832695830385,0.2469662437958083,1,0.31855225563049316,0.12356855720281601,0,"[3, 3, 3]","[128, 128, 128]",[256],6872542,bb5u26c1,584.5,trial_0011_learning_rate=1.0e-04_kernel_sizes=3x3x3_conv_channels=128x128x128_fc_dims=256_seed1,7697a79321,trial_0011_learning_rate=1.0e-04_kernel_sizes=3x3x3_conv_channels=128x128x128_fc_dims=256_seed1
/scratch/sb272/patterns5k_results/slurm_base_cnn_2026-03-04_16-53-19/trial_0011_learning_rate=1.0e-04_kernel_sizes=3x3x3_conv_channels=128x128x128_fc_dims=256_seed2,cnn,0.16892506170272828,0.12415708251761923,0.0188365379969279,,,0.12081096380688083,164799,164799,50,0.4677345766538003,0,True,0.45456832695830385,0.26771371266808275,1,0.31855225563049316,0.12539732456207275,0,"[3, 3, 3]","[128, 128, 128]",[256],6872542,bb5u26c1,583.3,trial_0011_learning_rate=1.0e-04_kernel_sizes=3x3x3_conv_channels=128x128x128_fc_dims=256_seed2,7697a79321,trial_0011_learning_rate=1.0e-04_kernel_sizes=3x3x3_conv_channels=128x128x128_fc_dims=256_seed2
/scratch/sb272/patterns5k_results/slurm_base_cnn_2026-03-04_16-53-19/trial_0011_learning_rate=1.0e-04_kernel_sizes=3x3x3_conv_channels=128x128x128_fc_dims=256_seed3,cnn,0.16921907520294188,0.12152919160863467,0.018471700804574148,,,0.12161985769716854,164799,164799,50,0.44308596011508,0,True,0.45456832695830385,0.2595847412269196,1,0.31855225563049316,0.12275521457195282,0,"[3, 3, 3]","[128, 128, 128]",[256],6872542,bb5u26c1,585.0,trial_0011_learning_rate=1.0e-04_kernel_sizes=3x3x3_conv_channels=128x128x128_fc_dims=256_seed3,7697a79321,trial_0011_learning_rate=1.0e-04_kernel_sizes=3x3x3_conv_channels=128x128x128_fc_dims=256_seed3
/scratch/sb272/patterns5k_results/slurm_base_cnn_2026-03-04_16-53-19/trial_0011_learning_rate=1.0e-04_kernel_sizes=3x3x3_conv_channels=128x128x128_fc_dims=256_seed4,cnn,0.16910441970825196,0.12502068142564973,0.017559385488903713,,,0.12556228496345193,164799,164799,50,0.4762269037517711,0,True,0.45456832695830385,0.27526733450667934,1,0.31855225563049316,0.12604212760925293,0,"[3, 3, 3]","[128, 128, 128]",[256],6872542,bb5u26c1,601.5,trial_0011_learning_rate=1.0e-04_kernel_sizes=3x3x3_conv_channels=128x128x128_fc_dims=256_seed4,7697a79321,trial_0011_learning_rate=1.0e-04_kernel_sizes=3x3x3_conv_channels=128x128x128_fc_dims=256_seed4
/scratch/sb272/patterns5k_results/slurm_base_cnn_2026-03-04_16-53-19/trial_0012_learning_rate=1.0e-04_kernel_sizes=3x3x3_conv_channels=128x128x128_fc_dims=512_seed0,cnn,0.16913484072685242,0.1286732785683721,0.017170374355618915,,,0.12950492409169256,213951,213951,50,0.45656663463796365,0,True,0.45456832695830385,0.2655340991997337,1,0.31855225563049316,0.12936846911907196,0,"[3, 3, 3]","[128, 128, 128]",[512],6872542,bb5u26c1,664.6,trial_0012_learning_rate=1.0e-04_kernel_sizes=3x3x3_conv_channels=128x128x128_fc_dims=512_seed0,6a8c0e9cbb,trial_0012_learning_rate=1.0e-04_kernel_sizes=3x3x3_conv_channels=128x128x128_fc_dims=512_seed0
/scratch/sb272/patterns5k_results/slurm_base_cnn_2026-03-04_16-53-19/trial_0012_learning_rate=1.0e-04_kernel_sizes=3x3x3_conv_channels=128x128x128_fc_dims=512_seed1,cnn,0.16908965456485747,0.1266007163741358,0.017828653729151166,,,0.13274631534052866,213951,213951,50,0.46900309763181247,0,True,0.45456832695830385,0.2723875660588744,1,0.31855225563049316,0.12752170860767365,0,"[3, 3, 3]","[128, 128, 128]",[512],6872542,bb5u26c1,595.7,trial_0012_learning_rate=1.0e-04_kernel_sizes=3x3x3_conv_channels=128x128x128_fc_dims=512_seed1,6a8c0e9cbb,trial_0012_learning_rate=1.0e-04_kernel_sizes=3x3x3_conv_channels=128x128x128_fc_dims=512_seed1
/scratch/sb272/patterns5k_results/slurm_base_cnn_2026-03-04_16-53-19/trial_0012_learning_rate=1.0e-04_kernel_sizes=3x3x3_conv_channels=128x128x128_fc_dims=512_seed2,cnn,0.1691810849905014,0.1274334421959329,0.01676723975983877,,,0.12580056444894394,213951,213951,50,0.4704286651772267,0,True,0.45456832695830385,0.27179584611096724,1,0.31855225563049316,0.12794870138168335,0,"[3, 3, 3]","[128, 128, 128]",[512],6872542,bb5u26c1,512.7,trial_0012_learning_rate=1.0e-04_kernel_sizes=3x3x3_conv_channels=128x128x128_fc_dims=512_seed2,6a8c0e9cbb,trial_0012_learning_rate=1.0e-04_kernel_sizes=3x3x3_conv_channels=128x128x128_fc_dims=512_seed2
/scratch/sb272/patterns5k_results/slurm_base_cnn_2026-03-04_16-53-19/trial_0012_learning_rate=1.0e-04_kernel_sizes=3x3x3_conv_channels=128x128x128_fc_dims=512_seed3,cnn,0.16994682097435,0.12402322433059333,0.014875686357891748,,,0.1266815401414766,213951,213951,50,0.44292657056324186,0,True,0.45456832695830385,0.2598174869915675,1,0.31855225563049316,0.12487524002790451,0,"[3, 3, 3]","[128, 128, 128]",[512],6872542,bb5u26c1,498.3,trial_0012_learning_rate=1.0e-04_kernel_sizes=3x3x3_conv_channels=128x128x128_fc_dims=512_seed3,6a8c0e9cbb,trial_0012_learning_rate=1.0e-04_kernel_sizes=3x3x3_conv_channels=128x128x128_fc_dims=512_seed3
/scratch/sb272/patterns5k_results/slurm_base_cnn_2026-03-04_16-53-19/trial_0012_learning_rate=1.0e-04_kernel_sizes=3x3x3_conv_channels=128x128x128_fc_dims=512_seed4,cnn,0.16908592402935027,0.1266978608559263,0.016672042627183217,,,0.12920115824411824,213951,213951,50,0.46670675428743874,0,True,0.45456832695830385,0.2699305618342352,2,0.31855225563049316,0.12760882079601288,0,"[3, 3, 3]","[128, 128, 128]",[512],6872542,bb5u26c1,555.6,trial_0012_learning_rate=1.0e-04_kernel_sizes=3x3x3_conv_channels=128x128x128_fc_dims=512_seed4,6a8c0e9cbb,trial_0012_learning_rate=1.0e-04_kernel_sizes=3x3x3_conv_channels=128x128x128_fc_dims=512_seed4
/scratch/sb272/patterns5k_results/slurm_base_cnn_2026-03-04_16-53-19/trial_0013_learning_rate=1.0e-04_kernel_sizes=3x3x3_conv_channels=256x256x256_fc_dims=512_seed0,cnn,0.1688004448413849,0.13179522224944562,0.01869544718000624,,,0.13496807416926473,591679,591679,50,0.4788160187972422,0,True,0.45456832695830385,0.2792486984397394,1,0.31855225563049316,0.13184651732444763,0,"[3, 3, 3]","[256, 256, 256]",[512],6872542,bb5u26c1,968.0,trial_0013_learning_rate=1.0e-04_kernel_sizes=3x3x3_conv_channels=256x256x256_fc_dims=512_seed0,9be61cab96,trial_0013_learning_rate=1.0e-04_kernel_sizes=3x3x3_conv_channels=256x256x256_fc_dims=512_seed0
/scratch/sb272/patterns5k_results/slurm_base_cnn_2026-03-04_16-53-19/trial_0013_learning_rate=1.0e-04_kernel_sizes=3x3x3_conv_channels=256x256x256_fc_dims=512_seed1,cnn,0.16881817770004273,0.1288913950703336,0.017806924524761382,,,0.13666394925419872,591679,591679,50,0.4693467841664522,0,True,0.45456832695830385,0.2765060337914764,1,0.31855225563049316,0.12926773726940155,0,"[3, 3, 3]","[256, 256, 256]",[512],6872542,bb5u26c1,960.5,trial_0013_learning_rate=1.0e-04_kernel_sizes=3x3x3_conv_channels=256x256x256_fc_dims=512_seed1,9be61cab96,trial_0013_learning_rate=1.0e-04_kernel_sizes=3x3x3_conv_channels=256x256x256_fc_dims=512_seed1
/scratch/sb272/patterns5k_results/slurm_base_cnn_2026-03-04_16-53-19/trial_0013_learning_rate=1.0e-04_kernel_sizes=3x3x3_conv_channels=256x256x256_fc_dims=512_seed2,cnn,0.1688188464641571,0.13253959015006783,0.0164451901874845,,,0.12799856729582074,591679,591679,50,0.48043130728851,0,True,0.45456832695830385,0.28171792753256947,1,0.31855225563049316,0.13329100608825684,0,"[3, 3, 3]","[256, 256, 256]",[512],6872542,bb5u26c1,961.1,trial_0013_learning_rate=1.0e-04_kernel_sizes=3x3x3_conv_channels=256x256x256_fc_dims=512_seed2,9be61cab96,trial_0013_learning_rate=1.0e-04_kernel_sizes=3x3x3_conv_channels=256x256x256_fc_dims=512_seed2
/scratch/sb272/patterns5k_results/slurm_base_cnn_2026-03-04_16-53-19/trial_0013_learning_rate=1.0e-04_kernel_sizes=3x3x3_conv_channels=256x256x256_fc_dims=512_seed3,cnn,0.1691530693769455,0.12890800719532688,0.016207527546655564,,,0.13089921516651062,591679,591679,49,0.4801630998793779,0,True,0.45456832695830385,0.27904415027757007,1,0.31855225563049316,0.1292102336883545,0,"[3, 3, 3]","[256, 256, 256]",[512],6872542,bb5u26c1,954.6,trial_0013_learning_rate=1.0e-04_kernel_sizes=3x3x3_conv_channels=256x256x256_fc_dims=512_seed3,9be61cab96,trial_0013_learning_rate=1.0e-04_kernel_sizes=3x3x3_conv_channels=256x256x256_fc_dims=512_seed3
/scratch/sb272/patterns5k_results/slurm_base_cnn_2026-03-04_16-53-19/trial_0013_learning_rate=1.0e-04_kernel_sizes=3x3x3_conv_channels=256x256x256_fc_dims=512_seed4,cnn,0.1688660774230957,0.13008435835023346,0.017728725123027013,,,0.13230853945916293,591679,591679,50,0.4861468955649881,0,True,0.45456832695830385,0.28112664284898475,2,0.31855225563049316,0.13041937351226807,0,"[3, 3, 3]","[256, 256, 256]",[512],6872542,bb5u26c1,969.3,trial_0013_learning_rate=1.0e-04_kernel_sizes=3x3x3_conv_channels=256x256x256_fc_dims=512_seed4,9be61cab96,trial_0013_learning_rate=1.0e-04_kernel_sizes=3x3x3_conv_channels=256x256x256_fc_dims=512_seed4
/scratch/sb272/patterns5k_results/slurm_base_cnn_2026-03-04_16-53-19/trial_0014_learning_rate=1.0e-04_kernel_sizes=3x3x3_conv_channels=256x256x256_fc_dims=1024_seed0,cnn,0.16925084495544435,0.13301914358727765,0.012058986557854546,,,0.13711269008938268,755519,755519,50,0.48195684422836077,0,True,0.45456832695830385,0.28222736992662445,2,0.31855225563049316,0.13348591327667236,0,"[3, 3, 3]","[256, 256, 256]",[1024],6872542,bb5u26c1,1102.8,trial_0014_learning_rate=1.0e-04_kernel_sizes=3x3x3_conv_channels=256x256x256_fc_dims=1024_seed0,0b1b6ec0ef,trial_0014_learning_rate=1.0e-04_kernel_sizes=3x3x3_conv_channels=256x256x256_fc_dims=1024_seed0
/scratch/sb272/patterns5k_results/slurm_base_cnn_2026-03-04_16-53-19/trial_0014_learning_rate=1.0e-04_kernel_sizes=3x3x3_conv_channels=256x256x256_fc_dims=1024_seed1,cnn,0.16911463332176208,0.13396715433362008,0.012998505244179377,,,0.13835061715402439,755519,755519,50,0.4947344018294218,0,True,0.45456832695830385,0.28806488580076095,1,0.31855225563049316,0.1344929188489914,0,"[3, 3, 3]","[256, 256, 256]",[1024],6872542,bb5u26c1,985.0,trial_0014_learning_rate=1.0e-04_kernel_sizes=3x3x3_conv_channels=256x256x256_fc_dims=1024_seed1,0b1b6ec0ef,trial_0014_learning_rate=1.0e-04_kernel_sizes=3x3x3_conv_channels=256x256x256_fc_dims=1024_seed1
/scratch/sb272/patterns5k_results/slurm_base_cnn_2026-03-04_16-53-19/trial_0014_learning_rate=1.0e-04_kernel_sizes=3x3x3_conv_channels=256x256x256_fc_dims=1024_seed2,cnn,0.16955434429645538,0.13106699381785367,0.012014488379160563,,,0.13157795358502758,755519,755519,50,0.485081357201465,0,True,0.45456832695830385,0.28339814933671975,1,0.31855225563049316,0.13116523623466492,0,"[3, 3, 3]","[256, 256, 256]",[1024],6872542,bb5u26c1,831.5,trial_0014_learning_rate=1.0e-04_kernel_sizes=3x3x3_conv_channels=256x256x256_fc_dims=1024_seed2,0b1b6ec0ef,trial_0014_learning_rate=1.0e-04_kernel_sizes=3x3x3_conv_channels=256x256x256_fc_dims=1024_seed2
/scratch/sb272/patterns5k_results/slurm_base_cnn_2026-03-04_16-53-19/trial_0014_learning_rate=1.0e-04_kernel_sizes=3x3x3_conv_channels=256x256x256_fc_dims=1024_seed3,cnn,0.17009457767009736,0.130693578085558,0.00808793968624539,,,0.13328298726171223,755519,755519,44,0.4779026332263596,0,True,0.45456832695830385,0.2813789589485786,1,0.31855225563049316,0.13101692497730255,0,"[3, 3, 3]","[256, 256, 256]",[1024],6872542,bb5u26c1,782.4,trial_0014_learning_rate=1.0e-04_kernel_sizes=3x3x3_conv_channels=256x256x256_fc_dims=1024_seed3,0b1b6ec0ef,trial_0014_learning_rate=1.0e-04_kernel_sizes=3x3x3_conv_channels=256x256x256_fc_dims=1024_seed3
/scratch/sb272/patterns5k_results/slurm_base_cnn_2026-03-04_16-53-19/trial_0014_learning_rate=1.0e-04_kernel_sizes=3x3x3_conv_channels=256x256x256_fc_dims=1024_seed4,cnn,0.16895118355751038,0.13359044538645962,0.013622277312808566,,,0.13525066960215298,755519,755519,50,0.4900760261671323,0,True,0.45456832695830385,0.28587449250080704,1,0.31855225563049316,0.13398374617099762,0,"[3, 3, 3]","[256, 256, 256]",[1024],6872542,bb5u26c1,979.1,trial_0014_learning_rate=1.0e-04_kernel_sizes=3x3x3_conv_channels=256x256x256_fc_dims=1024_seed4,0b1b6ec0ef,trial_0014_learning_rate=1.0e-04_kernel_sizes=3x3x3_conv_channels=256x256x256_fc_dims=1024_seed4
/scratch/sb272/patterns5k_results/slurm_base_cnn_2026-03-04_16-53-19/trial_0015_learning_rate=1.0e-04_kernel_sizes=3x3_conv_channels=64x128_fc_dims=128_seed0,cnn,0.17169977641105652,0.10947423787645501,0.009398439573863196,,,0.10910746746167863,57855,57855,50,0.36130832316400596,0,True,0.45456832695830385,0.21870849987579952,1,0.31855225563049316,0.11023999750614166,0,"[3, 3]","[64, 128]",[128],6872542,bb5u26c1,376.9,trial_0015_learning_rate=1.0e-04_kernel_sizes=3x3_conv_channels=64x128_fc_dims=128_seed0,6c07a53168,trial_0015_learning_rate=1.0e-04_kernel_sizes=3x3_conv_channels=64x128_fc_dims=128_seed0
/scratch/sb272/patterns5k_results/slurm_base_cnn_2026-03-04_16-53-19/trial_0015_learning_rate=1.0e-04_kernel_sizes=3x3_conv_channels=64x128_fc_dims=128_seed1,cnn,0.1722482168674469,0.10422490086003532,0.007684620599898081,,,0.1024910188290632,57855,57855,50,0.33636926789477395,0,True,0.45456832695830385,0.20307867132675336,1,0.31855225563049316,0.1049957126379013,0,"[3, 3]","[64, 128]",[128],6872542,bb5u26c1,373.6,trial_0015_learning_rate=1.0e-04_kernel_sizes=3x3_conv_channels=64x128_fc_dims=128_seed1,6c07a53168,trial_0015_learning_rate=1.0e-04_kernel_sizes=3x3_conv_channels=64x128_fc_dims=128_seed1
/scratch/sb272/patterns5k_results/slurm_base_cnn_2026-03-04_16-53-19/trial_0015_learning_rate=1.0e-04_kernel_sizes=3x3_conv_channels=64x128_fc_dims=128_seed2,cnn,0.1719216103553772,0.10994894101691395,0.008945115974971227,,,0.10379589308980267,57855,57855,50,0.38299220984612364,0,True,0.45456832695830385,0.22823973807822318,1,0.31855225563049316,0.11110175400972366,0,"[3, 3]","[64, 128]",[128],6872542,bb5u26c1,367.5,trial_0015_learning_rate=1.0e-04_kernel_sizes=3x3_conv_channels=64x128_fc_dims=128_seed2,6c07a53168,trial_0015_learning_rate=1.0e-04_kernel_sizes=3x3_conv_channels=64x128_fc_dims=128_seed2
/scratch/sb272/patterns5k_results/slurm_base_cnn_2026-03-04_16-53-19/trial_0015_learning_rate=1.0e-04_kernel_sizes=3x3_conv_channels=64x128_fc_dims=128_seed3,cnn,0.1720573227405548,0.10719250557852286,0.00870860947502984,,,0.11016022764551275,57855,57855,50,0.38161796531275444,0,True,0.45456832695830385,0.22886690115491784,1,0.31855225563049316,0.10861261934041977,0,"[3, 3]","[64, 128]",[128],6872542,bb5u26c1,385.4,trial_0015_learning_rate=1.0e-04_kernel_sizes=3x3_conv_channels=64x128_fc_dims=128_seed3,6c07a53168,trial_0015_learning_rate=1.0e-04_kernel_sizes=3x3_conv_channels=64x128_fc_dims=128_seed3
/scratch/sb272/patterns5k_results/slurm_base_cnn_2026-03-04_16-53-19/trial_0015_learning_rate=1.0e-04_kernel_sizes=3x3_conv_channels=64x128_fc_dims=128_seed4,cnn,0.17156069386005401,0.10832094156418791,0.010158106448158385,,,0.10856483933947207,57855,57855,50,0.37306162763928025,0,True,0.45456832695830385,0.22259187651650986,1,0.31855225563049316,0.10954941064119339,0,"[3, 3]","[64, 128]",[128],6872542,bb5u26c1,382.6,trial_0015_learning_rate=1.0e-04_kernel_sizes=3x3_conv_channels=64x128_fc_dims=128_seed4,6c07a53168,trial_0015_learning_rate=1.0e-04_kernel_sizes=3x3_conv_channels=64x128_fc_dims=128_seed4
/scratch/sb272/patterns5k_results/slurm_base_cnn_2026-03-04_16-53-19/trial_0016_learning_rate=1.0e-04_kernel_sizes=3x3_conv_channels=64x128_fc_dims=256_seed0,cnn,0.17211190438270568,0.11180975009426232,0.008140247965615893,,,0.11089152586841496,82431,82431,50,0.37225936617023253,0,True,0.45456832695830385,0.2232260469386691,1,0.31855225563049316,0.11285744607448578,0,"[3, 3]","[64, 128]",[256],6872542,bb5u26c1,406.8,trial_0016_learning_rate=1.0e-04_kernel_sizes=3x3_conv_channels=64x128_fc_dims=256_seed0,a460279adb,trial_0016_learning_rate=1.0e-04_kernel_sizes=3x3_conv_channels=64x128_fc_dims=256_seed0
/scratch/sb272/patterns5k_results/slurm_base_cnn_2026-03-04_16-53-19/trial_0016_learning_rate=1.0e-04_kernel_sizes=3x3_conv_channels=64x128_fc_dims=256_seed1,cnn,0.17228623008728028,0.11365806516829738,0.0072974250430152526,,,0.12043905379346045,82431,82431,50,0.3915811411927187,0,True,0.45456832695830385,0.23470035545678142,1,0.31855225563049316,0.11463838070631027,0,"[3, 3]","[64, 128]",[256],6872542,bb5u26c1,402.5,trial_0016_learning_rate=1.0e-04_kernel_sizes=3x3_conv_channels=64x128_fc_dims=256_seed1,a460279adb,trial_0016_learning_rate=1.0e-04_kernel_sizes=3x3_conv_channels=64x128_fc_dims=256_seed1
/scratch/sb272/patterns5k_results/slurm_base_cnn_2026-03-04_16-53-19/trial_0016_learning_rate=1.0e-04_kernel_sizes=3x3_conv_channels=64x128_fc_dims=256_seed2,cnn,0.17226387453079223,0.11318716057012593,0.00742253235408238,,,0.10843172092264053,82431,82431,50,0.3781697736271173,0,True,0.45456832695830385,0.22746831227080924,1,0.31855225563049316,0.11439070105552673,0,"[3, 3]","[64, 128]",[256],6872542,bb5u26c1,402.2,trial_0016_learning_rate=1.0e-04_kernel_sizes=3x3_conv_channels=64x128_fc_dims=256_seed2,a460279adb,trial_0016_learning_rate=1.0e-04_kernel_sizes=3x3_conv_channels=64x128_fc_dims=256_seed2
/scratch/sb272/patterns5k_results/slurm_base_cnn_2026-03-04_16-53-19/trial_0016_learning_rate=1.0e-04_kernel_sizes=3x3_conv_channels=64x128_fc_dims=256_seed3,cnn,0.1713769224882126,0.11875555430068607,0.011303562966604081,,,0.11631032370924049,82431,82431,50,0.4009960981652023,0,True,0.45456832695830385,0.24146960143092977,1,0.31855225563049316,0.1199314072728157,0,"[3, 3]","[64, 128]",[256],6872542,bb5u26c1,405.2,trial_0016_learning_rate=1.0e-04_kernel_sizes=3x3_conv_channels=64x128_fc_dims=256_seed3,a460279adb,trial_0016_learning_rate=1.0e-04_kernel_sizes=3x3_conv_channels=64x128_fc_dims=256_seed3
/scratch/sb272/patterns5k_results/slurm_base_cnn_2026-03-04_16-53-19/trial_0016_learning_rate=1.0e-04_kernel_sizes=3x3_conv_channels=64x128_fc_dims=256_seed4,cnn,0.17193563735485076,0.11238230515641533,0.009078278428032285,,,0.11335653530977115,82431,82431,50,0.38756783052851385,0,True,0.45456832695830385,0.23122357242694658,1,0.31855225563049316,0.11354012042284012,0,"[3, 3]","[64, 128]",[256],6872542,bb5u26c1,403.6,trial_0016_learning_rate=1.0e-04_kernel_sizes=3x3_conv_channels=64x128_fc_dims=256_seed4,a460279adb,trial_0016_learning_rate=1.0e-04_kernel_sizes=3x3_conv_channels=64x128_fc_dims=256_seed4
/scratch/sb272/patterns5k_results/slurm_base_cnn_2026-03-04_16-53-19/trial_0017_learning_rate=1.0e-04_kernel_sizes=3x3_conv_channels=64x128_fc_dims=512_seed0,cnn,0.17305040740966796,0.10942019502397188,0.003938629513695126,,,0.1121630448153261,131583,131583,50,0.38718158219545906,0,True,0.45456832695830385,0.23111846207972692,1,0.31855225563049316,0.11031263321638107,0,"[3, 3]","[64, 128]",[512],6872542,bb5u26c1,462.3,trial_0017_learning_rate=1.0e-04_kernel_sizes=3x3_conv_channels=64x128_fc_dims=512_seed0,2992bc8dc7,trial_0017_learning_rate=1.0e-04_kernel_sizes=3x3_conv_channels=64x128_fc_dims=512_seed0
/scratch/sb272/patterns5k_results/slurm_base_cnn_2026-03-04_16-53-19/trial_0017_learning_rate=1.0e-04_kernel_sizes=3x3_conv_channels=64x128_fc_dims=512_seed1,cnn,0.17220581007003785,0.11809797369432028,0.00759017372888232,,,0.1263402220035541,131583,131583,50,0.41553081306295875,0,True,0.45456832695830385,0.24678714858484696,1,0.31855225563049316,0.11941855400800705,0,"[3, 3]","[64, 128]",[512],6872542,bb5u26c1,461.9,trial_0017_learning_rate=1.0e-04_kernel_sizes=3x3_conv_channels=64x128_fc_dims=512_seed1,2992bc8dc7,trial_0017_learning_rate=1.0e-04_kernel_sizes=3x3_conv_channels=64x128_fc_dims=512_seed1
/scratch/sb272/patterns5k_results/slurm_base_cnn_2026-03-04_16-53-19/trial_0017_learning_rate=1.0e-04_kernel_sizes=3x3_conv_channels=64x128_fc_dims=512_seed2,cnn,0.1717895438671112,0.1213985312737711,0.00969490645423768,,,0.11623986571577452,131583,131583,50,0.43056532662109376,0,True,0.45456832695830385,0.2542872900004798,1,0.31855225563049316,0.12270636111497879,0,"[3, 3]","[64, 128]",[512],6872542,bb5u26c1,452.9,trial_0017_learning_rate=1.0e-04_kernel_sizes=3x3_conv_channels=64x128_fc_dims=512_seed2,2992bc8dc7,trial_0017_learning_rate=1.0e-04_kernel_sizes=3x3_conv_channels=64x128_fc_dims=512_seed2
/scratch/sb272/patterns5k_results/slurm_base_cnn_2026-03-04_16-53-19/trial_0017_learning_rate=1.0e-04_kernel_sizes=3x3_conv_channels=64x128_fc_dims=512_seed3,cnn,0.17256078565120697,0.11524620898596111,0.006175703472561306,,,0.11660882115192239,131583,131583,50,0.39288456624059737,0,True,0.45456832695830385,0.23431361150356322,1,0.31855225563049316,0.11653313785791397,0,"[3, 3]","[64, 128]",[512],6872542,bb5u26c1,453.0,trial_0017_learning_rate=1.0e-04_kernel_sizes=3x3_conv_channels=64x128_fc_dims=512_seed3,2992bc8dc7,trial_0017_learning_rate=1.0e-04_kernel_sizes=3x3_conv_channels=64x128_fc_dims=512_seed3
/scratch/sb272/patterns5k_results/slurm_base_cnn_2026-03-04_16-53-19/trial_0017_learning_rate=1.0e-04_kernel_sizes=3x3_conv_channels=64x128_fc_dims=512_seed4,cnn,0.17283314716815948,0.11500018033151044,0.005718877391209678,,,0.11555658008139619,131583,131583,50,0.4189685726059348,0,True,0.45456832695830385,0.2446580239831807,1,0.31855225563049316,0.1164693534374237,0,"[3, 3]","[64, 128]",[512],6872542,bb5u26c1,455.9,trial_0017_learning_rate=1.0e-04_kernel_sizes=3x3_conv_channels=64x128_fc_dims=512_seed4,2992bc8dc7,trial_0017_learning_rate=1.0e-04_kernel_sizes=3x3_conv_channels=64x128_fc_dims=512_seed4
/scratch/sb272/patterns5k_results/slurm_base_cnn_2026-03-04_16-53-19/trial_0018_learning_rate=1.0e-04_kernel_sizes=5x3_conv_channels=128x256_fc_dims=256_seed0,cnn,0.17088057100772858,0.12558244710230976,0.010697181262667216,,,0.1252298769196384,208319,208319,50,0.4416790900033758,0,True,0.45456832695830385,0.2608992979997677,1,0.31855225563049316,0.12655912339687347,0,"[5, 3]","[128, 256]",[256],6872542,bb5u26c1,510.6,trial_0018_learning_rate=1.0e-04_kernel_sizes=5x3_conv_channels=128x256_fc_dims=256_seed0,cfe71c1e8e,trial_0018_learning_rate=1.0e-04_kernel_sizes=5x3_conv_channels=128x256_fc_dims=256_seed0
/scratch/sb272/patterns5k_results/slurm_base_cnn_2026-03-04_16-53-19/trial_0018_learning_rate=1.0e-04_kernel_sizes=5x3_conv_channels=128x256_fc_dims=256_seed1,cnn,0.17165810430049896,0.11932466621361093,0.007861698430681985,,,0.12213546863577288,208319,208319,50,0.41621101409328776,0,True,0.45456832695830385,0.2459827513051882,1,0.31855225563049316,0.12036918848752975,0,"[5, 3]","[128, 256]",[256],6872542,bb5u26c1,513.6,trial_0018_learning_rate=1.0e-04_kernel_sizes=5x3_conv_channels=128x256_fc_dims=256_seed1,cfe71c1e8e,trial_0018_learning_rate=1.0e-04_kernel_sizes=5x3_conv_channels=128x256_fc_dims=256_seed1
/scratch/sb272/patterns5k_results/slurm_base_cnn_2026-03-04_16-53-19/trial_0018_learning_rate=1.0e-04_kernel_sizes=5x3_conv_channels=128x256_fc_dims=256_seed2,cnn,0.17284914088249206,0.11868715371514214,0.0016898068170698862,,,0.11787562676827967,208319,208319,50,0.4218574443790826,0,True,0.45456832695830385,0.2506963029985832,1,0.31855225563049316,0.11969680339097977,0,"[5, 3]","[128, 256]",[256],6872542,bb5u26c1,506.6,trial_0018_learning_rate=1.0e-04_kernel_sizes=5x3_conv_channels=128x256_fc_dims=256_seed2,cfe71c1e8e,trial_0018_learning_rate=1.0e-04_kernel_sizes=5x3_conv_channels=128x256_fc_dims=256_seed2
/scratch/sb272/patterns5k_results/slurm_base_cnn_2026-03-04_16-53-19/trial_0018_learning_rate=1.0e-04_kernel_sizes=5x3_conv_channels=128x256_fc_dims=256_seed3,cnn,0.1715430232286453,0.12091758444332742,0.007749439231933109,,,0.12334514688456014,208319,208319,50,0.41289327107012175,0,True,0.45456832695830385,0.24677457014720797,1,0.31855225563049316,0.12229296565055847,0,"[5, 3]","[128, 256]",[256],6872542,bb5u26c1,490.4,trial_0018_learning_rate=1.0e-04_kernel_sizes=5x3_conv_channels=128x256_fc_dims=256_seed3,cfe71c1e8e,trial_0018_learning_rate=1.0e-04_kernel_sizes=5x3_conv_channels=128x256_fc_dims=256_seed3
/scratch/sb272/patterns5k_results/slurm_base_cnn_2026-03-04_16-53-19/trial_0018_learning_rate=1.0e-04_kernel_sizes=5x3_conv_channels=128x256_fc_dims=256_seed4,cnn,0.17149656617641448,0.11863471426870116,0.0076440005075363885,,,0.12175607470700345,208319,208319,50,0.42646745011923953,0,True,0.45456832695830385,0.2511142634754223,1,0.31855225563049316,0.11956684291362762,0,"[5, 3]","[128, 256]",[256],6872542,bb5u26c1,514.3,trial_0018_learning_rate=1.0e-04_kernel_sizes=5x3_conv_channels=128x256_fc_dims=256_seed4,cfe71c1e8e,trial_0018_learning_rate=1.0e-04_kernel_sizes=5x3_conv_channels=128x256_fc_dims=256_seed4
/scratch/sb272/patterns5k_results/slurm_base_cnn_2026-03-04_16-53-19/trial_0019_learning_rate=1.0e-04_kernel_sizes=5x3_conv_channels=128x256_fc_dims=512_seed0,cnn,0.17253114593029023,0.11522274290486452,0.003290962605249314,,,0.1185523489543841,290239,290239,50,0.3941518479995563,0,True,0.45456832695830385,0.23551639003312824,1,0.31855225563049316,0.11594930291175842,0,"[5, 3]","[128, 256]",[512],6872542,bb5u26c1,578.6,trial_0019_learning_rate=1.0e-04_kernel_sizes=5x3_conv_channels=128x256_fc_dims=512_seed0,6a7effc855,trial_0019_learning_rate=1.0e-04_kernel_sizes=5x3_conv_channels=128x256_fc_dims=512_seed0
/scratch/sb272/patterns5k_results/slurm_base_cnn_2026-03-04_16-53-19/trial_0019_learning_rate=1.0e-04_kernel_sizes=5x3_conv_channels=128x256_fc_dims=512_seed1,cnn,0.1717131394147873,0.12578253739034514,0.005278893879481724,,,0.13041687519743142,290239,290239,50,0.43718758912695477,0,True,0.45456832695830385,0.2590539532525128,1,0.31855225563049316,0.12674841284751892,0,"[5, 3]","[128, 256]",[512],6872542,bb5u26c1,569.5,trial_0019_learning_rate=1.0e-04_kernel_sizes=5x3_conv_channels=128x256_fc_dims=512_seed1,6a7effc855,trial_0019_learning_rate=1.0e-04_kernel_sizes=5x3_conv_channels=128x256_fc_dims=512_seed1
/scratch/sb272/patterns5k_results/slurm_base_cnn_2026-03-04_16-53-19/trial_0019_learning_rate=1.0e-04_kernel_sizes=5x3_conv_channels=128x256_fc_dims=512_seed2,cnn,0.17121502912044526,0.1261095058345074,0.006636507927425324,,,0.12502459274351901,290239,290239,50,0.45638016795414443,0,True,0.45456832695830385,0.26830037768590353,1,0.31855225563049316,0.12680158019065857,0,"[5, 3]","[128, 256]",[512],6872542,bb5u26c1,594.1,trial_0019_learning_rate=1.0e-04_kernel_sizes=5x3_conv_channels=128x256_fc_dims=512_seed2,6a7effc855,trial_0019_learning_rate=1.0e-04_kernel_sizes=5x3_conv_channels=128x256_fc_dims=512_seed2
/scratch/sb272/patterns5k_results/slurm_base_cnn_2026-03-04_16-53-19/trial_0020_learning_rate=1.0e-04_kernel_sizes=5x3_conv_channels=128x256_fc_dims=1024_seed0,cnn,0.1718625477552414,0.13054213429993192,0.004496329360538059,,,0.13181094288798276,454079,454079,50,0.4549452625517068,0,True,0.45456832695830385,0.26962900506831594,1,0.31855225563049316,0.13138407468795776,0,"[5, 3]","[128, 256]",[1024],6872543,bb6u13g1,592.0,trial_0020_learning_rate=1.0e-04_kernel_sizes=5x3_conv_channels=128x256_fc_dims=1024_seed0,9905bc8e3b,trial_0020_learning_rate=1.0e-04_kernel_sizes=5x3_conv_channels=128x256_fc_dims=1024_seed0
/scratch/sb272/patterns5k_results/slurm_base_cnn_2026-03-04_16-53-19/trial_0020_learning_rate=1.0e-04_kernel_sizes=5x3_conv_channels=128x256_fc_dims=1024_seed1,cnn,0.1725124249458313,0.12582254478767166,0.0025560581494891454,,,0.13152302703684832,454079,454079,50,0.4483567381702643,0,True,0.45456832695830385,0.26493319242578756,1,0.31855225563049316,0.12698140740394592,0,"[5, 3]","[128, 256]",[1024],6872543,bb6u13g1,578.1,trial_0020_learning_rate=1.0e-04_kernel_sizes=5x3_conv_channels=128x256_fc_dims=1024_seed1,9905bc8e3b,trial_0020_learning_rate=1.0e-04_kernel_sizes=5x3_conv_channels=128x256_fc_dims=1024_seed1
/scratch/sb272/patterns5k_results/slurm_base_cnn_2026-03-04_16-53-19/trial_0020_learning_rate=1.0e-04_kernel_sizes=5x3_conv_channels=128x256_fc_dims=1024_seed2,cnn,0.17233782017230986,0.12636354431402178,0.002531588077545166,,,0.12481742734794411,454079,454079,50,0.47016219322742586,0,True,0.45456832695830385,0.2767681073278632,1,0.31855225563049316,0.12726175785064697,0,"[5, 3]","[128, 256]",[1024],6872543,bb6u13g1,577.7,trial_0020_learning_rate=1.0e-04_kernel_sizes=5x3_conv_channels=128x256_fc_dims=1024_seed2,9905bc8e3b,trial_0020_learning_rate=1.0e-04_kernel_sizes=5x3_conv_channels=128x256_fc_dims=1024_seed2
/scratch/sb272/patterns5k_results/slurm_base_cnn_2026-03-04_16-53-19/trial_0020_learning_rate=1.0e-04_kernel_sizes=5x3_conv_channels=128x256_fc_dims=1024_seed3,cnn,0.172971014380455,0.12344260069415033,0.000645718877277677,,,0.12523895450203276,454079,454079,50,0.4408191118976387,0,True,0.45456832695830385,0.2597477776242318,1,0.31855225563049316,0.12446880340576172,0,"[5, 3]","[128, 256]",[1024],6872543,bb6u13g1,579.0,trial_0020_learning_rate=1.0e-04_kernel_sizes=5x3_conv_channels=128x256_fc_dims=1024_seed3,9905bc8e3b,trial_0020_learning_rate=1.0e-04_kernel_sizes=5x3_conv_channels=128x256_fc_dims=1024_seed3
/scratch/sb272/patterns5k_results/slurm_base_cnn_2026-03-04_16-53-19/trial_0020_learning_rate=1.0e-04_kernel_sizes=5x3_conv_channels=128x256_fc_dims=1024_seed4,cnn,0.1730577256679535,0.12102580664701651,-0.00031559902524191236,,,0.12401990283137532,454079,454079,50,0.42943609205048006,0,True,0.45456832695830385,0.2565541081806135,1,0.31855225563049316,0.12201323360204697,0,"[5, 3]","[128, 256]",[1024],6872543,bb6u13g1,577.1,trial_0020_learning_rate=1.0e-04_kernel_sizes=5x3_conv_channels=128x256_fc_dims=1024_seed4,9905bc8e3b,trial_0020_learning_rate=1.0e-04_kernel_sizes=5x3_conv_channels=128x256_fc_dims=1024_seed4
/scratch/sb272/patterns5k_results/slurm_base_cnn_2026-03-04_16-53-19/trial_0021_learning_rate=1.0e-04_kernel_sizes=3x3x3_conv_channels=32x64x128_fc_dims=128_seed0,cnn,0.1701247296333313,0.11181117208423422,0.014581309424506294,,,0.10678603215336144,60063,60063,50,0.37146260016630445,0,True,0.45456832695830385,0.21936133402619132,1,0.31855225563049316,0.11261637508869171,0,"[3, 3, 3]","[32, 64, 128]",[128],6872543,bb6u13g1,305.9,trial_0021_learning_rate=1.0e-04_kernel_sizes=3x3x3_conv_channels=32x64x128_fc_dims=128_seed0,68a1f0fbae,trial_0021_learning_rate=1.0e-04_kernel_sizes=3x3x3_conv_channels=32x64x128_fc_dims=128_seed0
/scratch/sb272/patterns5k_results/slurm_base_cnn_2026-03-04_16-53-19/trial_0021_learning_rate=1.0e-04_kernel_sizes=3x3x3_conv_channels=32x64x128_fc_dims=128_seed1,cnn,0.1707184396982193,0.10537366505309757,0.01209007842200143,,,0.10810101852890144,60063,60063,50,0.3579385858460049,0,True,0.45456832695830385,0.20922118641229395,1,0.31855225563049316,0.1059504821896553,0,"[3, 3, 3]","[32, 64, 128]",[128],6872543,bb6u13g1,309.7,trial_0021_learning_rate=1.0e-04_kernel_sizes=3x3x3_conv_channels=32x64x128_fc_dims=128_seed1,68a1f0fbae,trial_0021_learning_rate=1.0e-04_kernel_sizes=3x3x3_conv_channels=32x64x128_fc_dims=128_seed1
/scratch/sb272/patterns5k_results/slurm_base_cnn_2026-03-04_16-53-19/trial_0021_learning_rate=1.0e-04_kernel_sizes=3x3x3_conv_channels=32x64x128_fc_dims=128_seed2,cnn,0.17015110862255095,0.1098263927958917,0.014105892370617578,,,0.10339757921938042,60063,60063,50,0.3728732480693723,0,True,0.45456832695830385,0.2200306372085155,0,0.31855225563049316,0.11044495552778244,0,"[3, 3, 3]","[32, 64, 128]",[128],6872543,bb6u13g1,304.2,trial_0021_learning_rate=1.0e-04_kernel_sizes=3x3x3_conv_channels=32x64x128_fc_dims=128_seed2,68a1f0fbae,trial_0021_learning_rate=1.0e-04_kernel_sizes=3x3x3_conv_channels=32x64x128_fc_dims=128_seed2
/scratch/sb272/patterns5k_results/slurm_base_cnn_2026-03-04_16-53-19/trial_0021_learning_rate=1.0e-04_kernel_sizes=3x3x3_conv_channels=32x64x128_fc_dims=128_seed3,cnn,0.17043007469177246,0.10916638915788375,0.013694561663128081,,,0.10688608540797698,60063,60063,50,0.3702004910156316,0,True,0.45456832695830385,0.2156100056404128,1,0.31855225563049316,0.11007153242826462,0,"[3, 3, 3]","[32, 64, 128]",[128],6872543,bb6u13g1,308.5,trial_0021_learning_rate=1.0e-04_kernel_sizes=3x3x3_conv_channels=32x64x128_fc_dims=128_seed3,68a1f0fbae,trial_0021_learning_rate=1.0e-04_kernel_sizes=3x3x3_conv_channels=32x64x128_fc_dims=128_seed3
/scratch/sb272/patterns5k_results/slurm_base_cnn_2026-03-04_16-53-19/trial_0021_learning_rate=1.0e-04_kernel_sizes=3x3x3_conv_channels=32x64x128_fc_dims=128_seed4,cnn,0.17047004640102387,0.10687179170548183,0.01313708604328216,,,0.10643801937931856,60063,60063,50,0.3536081417510742,0,True,0.45456832695830385,0.20796182704725336,1,0.31855225563049316,0.10743711143732071,0,"[3, 3, 3]","[32, 64, 128]",[128],6872543,bb6u13g1,307.8,trial_0021_learning_rate=1.0e-04_kernel_sizes=3x3x3_conv_channels=32x64x128_fc_dims=128_seed4,68a1f0fbae,trial_0021_learning_rate=1.0e-04_kernel_sizes=3x3x3_conv_channels=32x64x128_fc_dims=128_seed4
/scratch/sb272/patterns5k_results/slurm_base_cnn_2026-03-04_16-53-19/trial_0022_learning_rate=1.0e-04_kernel_sizes=3x3x3_conv_channels=32x64x128_fc_dims=256_seed0,cnn,0.17017503023147584,0.1127354727301581,0.014233914632645865,,,0.11241655232141712,84639,84639,50,0.39696039562585195,0,True,0.45456832695830385,0.23094062892059927,1,0.31855225563049316,0.11370719224214554,0,"[3, 3, 3]","[32, 64, 128]",[256],6872543,bb6u13g1,326.5,trial_0022_learning_rate=1.0e-04_kernel_sizes=3x3x3_conv_channels=32x64x128_fc_dims=256_seed0,a2c2e3d24d,trial_0022_learning_rate=1.0e-04_kernel_sizes=3x3x3_conv_channels=32x64x128_fc_dims=256_seed0
/scratch/sb272/patterns5k_results/slurm_base_cnn_2026-03-04_16-53-19/trial_0022_learning_rate=1.0e-04_kernel_sizes=3x3x3_conv_channels=32x64x128_fc_dims=256_seed1,cnn,0.16993489277362822,0.11499164641797986,0.01534646087222629,,,0.11563007721725431,84639,84639,50,0.3983716900129159,0,True,0.45456832695830385,0.23396331475851703,1,0.31855225563049316,0.11593727767467499,0,"[3, 3, 3]","[32, 64, 128]",[256],6872543,bb6u13g1,329.9,trial_0022_learning_rate=1.0e-04_kernel_sizes=3x3x3_conv_channels=32x64x128_fc_dims=256_seed1,a2c2e3d24d,trial_0022_learning_rate=1.0e-04_kernel_sizes=3x3x3_conv_channels=32x64x128_fc_dims=256_seed1
/scratch/sb272/patterns5k_results/slurm_base_cnn_2026-03-04_16-53-19/trial_0022_learning_rate=1.0e-04_kernel_sizes=3x3x3_conv_channels=32x64x128_fc_dims=256_seed2,cnn,0.17026208889484407,0.10966048353849607,0.013348713753715394,,,0.10794163831239925,84639,84639,50,0.4037476031918417,0,True,0.45456832695830385,0.23220764846118255,1,0.31855225563049316,0.1105804517865181,0,"[3, 3, 3]","[32, 64, 128]",[256],6872543,bb6u13g1,331.4,trial_0022_learning_rate=1.0e-04_kernel_sizes=3x3x3_conv_channels=32x64x128_fc_dims=256_seed2,a2c2e3d24d,trial_0022_learning_rate=1.0e-04_kernel_sizes=3x3x3_conv_channels=32x64x128_fc_dims=256_seed2
/scratch/sb272/patterns5k_results/slurm_base_cnn_2026-03-04_16-53-19/trial_0022_learning_rate=1.0e-04_kernel_sizes=3x3x3_conv_channels=32x64x128_fc_dims=256_seed3,cnn,0.17037939703464508,0.11646561877738586,0.014410507111322312,,,0.11205676694195821,84639,84639,50,0.4293113728066393,0,True,0.45456832695830385,0.2495450835766596,1,0.31855225563049316,0.1177794337272644,0,"[3, 3, 3]","[32, 64, 128]",[256],6872543,bb6u13g1,329.9,trial_0022_learning_rate=1.0e-04_kernel_sizes=3x3x3_conv_channels=32x64x128_fc_dims=256_seed3,a2c2e3d24d,trial_0022_learning_rate=1.0e-04_kernel_sizes=3x3x3_conv_channels=32x64x128_fc_dims=256_seed3
/scratch/sb272/patterns5k_results/slurm_base_cnn_2026-03-04_16-53-19/trial_0022_learning_rate=1.0e-04_kernel_sizes=3x3x3_conv_channels=32x64x128_fc_dims=256_seed4,cnn,0.16989117908477783,0.11265857304873397,0.014864917785402328,,,0.1132809268228949,84639,84639,50,0.3937252304554572,0,True,0.45456832695830385,0.2294413325088564,0,0.31855225563049316,0.1133604422211647,0,"[3, 3, 3]","[32, 64, 128]",[256],6872543,bb6u13g1,333.1,trial_0022_learning_rate=1.0e-04_kernel_sizes=3x3x3_conv_channels=32x64x128_fc_dims=256_seed4,a2c2e3d24d,trial_0022_learning_rate=1.0e-04_kernel_sizes=3x3x3_conv_channels=32x64x128_fc_dims=256_seed4
/scratch/sb272/patterns5k_results/slurm_base_cnn_2026-03-04_16-53-19/trial_0023_learning_rate=1.0e-04_kernel_sizes=5x3x3_conv_channels=64x128x256_fc_dims=256_seed0,cnn,0.16903722774982452,0.12562851198024363,0.01691558531352452,,,0.12714317682215492,219647,219647,50,0.44777986101924505,0,True,0.45456832695830385,0.26145971321166445,1,0.31855225563049316,0.12650425732135773,0,"[5, 3, 3]","[64, 128, 256]",[256],6872543,bb6u13g1,432.4,trial_0023_learning_rate=1.0e-04_kernel_sizes=5x3x3_conv_channels=64x128x256_fc_dims=256_seed0,4e5b2aaa5b,trial_0023_learning_rate=1.0e-04_kernel_sizes=5x3x3_conv_channels=64x128x256_fc_dims=256_seed0
/scratch/sb272/patterns5k_results/slurm_base_cnn_2026-03-04_16-53-19/trial_0023_learning_rate=1.0e-04_kernel_sizes=5x3x3_conv_channels=64x128x256_fc_dims=256_seed1,cnn,0.16875577783584594,0.12408398904128874,0.01824329107526749,,,0.1317230610179912,219647,219647,50,0.44308782840503125,0,True,0.45456832695830385,0.2573437400304321,1,0.31855225563049316,0.12491174042224884,0,"[5, 3, 3]","[64, 128, 256]",[256],6872543,bb6u13g1,434.8,trial_0023_learning_rate=1.0e-04_kernel_sizes=5x3x3_conv_channels=64x128x256_fc_dims=256_seed1,4e5b2aaa5b,trial_0023_learning_rate=1.0e-04_kernel_sizes=5x3x3_conv_channels=64x128x256_fc_dims=256_seed1
/scratch/sb272/patterns5k_results/slurm_base_cnn_2026-03-04_16-53-19/trial_0023_learning_rate=1.0e-04_kernel_sizes=5x3x3_conv_channels=64x128x256_fc_dims=256_seed2,cnn,0.1684197039604187,0.1285488185092588,0.019683672322167292,,,0.12241616017164032,219647,219647,50,0.4827799251938338,0,True,0.45456832695830385,0.27840587812634976,1,0.31855225563049316,0.1296614706516266,0,"[5, 3, 3]","[64, 128, 256]",[256],6872543,bb6u13g1,431.5,trial_0023_learning_rate=1.0e-04_kernel_sizes=5x3x3_conv_channels=64x128x256_fc_dims=256_seed2,4e5b2aaa5b,trial_0023_learning_rate=1.0e-04_kernel_sizes=5x3x3_conv_channels=64x128x256_fc_dims=256_seed2
/scratch/sb272/patterns5k_results/slurm_base_cnn_2026-03-04_16-53-19/trial_0023_learning_rate=1.0e-04_kernel_sizes=5x3x3_conv_channels=64x128x256_fc_dims=256_seed3,cnn,0.16879488110542298,0.12610699594657032,0.018160894749656556,,,0.12503952849297167,219647,219647,50,0.45987040038646143,0,True,0.45456832695830385,0.2668047596684475,1,0.31855225563049316,0.12715011835098267,0,"[5, 3, 3]","[64, 128, 256]",[256],6872543,bb6u13g1,431.5,trial_0023_learning_rate=1.0e-04_kernel_sizes=5x3x3_conv_channels=64x128x256_fc_dims=256_seed3,4e5b2aaa5b,trial_0023_learning_rate=1.0e-04_kernel_sizes=5x3x3_conv_channels=64x128x256_fc_dims=256_seed3
/scratch/sb272/patterns5k_results/slurm_base_cnn_2026-03-04_16-53-19/trial_0023_learning_rate=1.0e-04_kernel_sizes=5x3x3_conv_channels=64x128x256_fc_dims=256_seed4,cnn,0.16834229445457458,0.1286585977113022,0.019758936904725573,,,0.1270481963485165,219647,219647,50,0.4680345577854481,0,True,0.45456832695830385,0.27027968049244694,1,0.31855225563049316,0.12940910458564758,0,"[5, 3, 3]","[64, 128, 256]",[256],6872543,bb6u13g1,429.1,trial_0023_learning_rate=1.0e-04_kernel_sizes=5x3x3_conv_channels=64x128x256_fc_dims=256_seed4,4e5b2aaa5b,trial_0023_learning_rate=1.0e-04_kernel_sizes=5x3x3_conv_channels=64x128x256_fc_dims=256_seed4
/scratch/sb272/patterns5k_results/slurm_base_cnn_2026-03-04_16-53-19/trial_0024_learning_rate=1.0e-04_kernel_sizes=5x3x3_conv_channels=64x128x256_fc_dims=512_seed0,cnn,0.16906634986400604,0.1296533478101329,0.017277509447128053,,,0.13025693594981197,301567,301567,50,0.4740547213867812,0,True,0.45456832695830385,0.275378343336008,1,0.31855225563049316,0.1305878758430481,0,"[5, 3, 3]","[64, 128, 256]",[512],6872543,bb6u13g1,487.7,trial_0024_learning_rate=1.0e-04_kernel_sizes=5x3x3_conv_channels=64x128x256_fc_dims=512_seed0,12a371dd5b,trial_0024_learning_rate=1.0e-04_kernel_sizes=5x3x3_conv_channels=64x128x256_fc_dims=512_seed0
/scratch/sb272/patterns5k_results/slurm_base_cnn_2026-03-04_16-53-19/trial_0024_learning_rate=1.0e-04_kernel_sizes=5x3x3_conv_channels=64x128x256_fc_dims=512_seed1,cnn,0.16880576097965241,0.1287436385988904,0.017135774332379537,,,0.1360035831805084,301567,301567,50,0.4739049901468391,0,True,0.45456832695830385,0.27366928498359155,1,0.31855225563049316,0.1297660768032074,0,"[5, 3, 3]","[64, 128, 256]",[512],6872543,bb6u13g1,487.4,trial_0024_learning_rate=1.0e-04_kernel_sizes=5x3x3_conv_channels=64x128x256_fc_dims=512_seed1,12a371dd5b,trial_0024_learning_rate=1.0e-04_kernel_sizes=5x3x3_conv_channels=64x128x256_fc_dims=512_seed1
/scratch/sb272/patterns5k_results/slurm_base_cnn_2026-03-04_16-53-19/trial_0024_learning_rate=1.0e-04_kernel_sizes=5x3x3_conv_channels=64x128x256_fc_dims=512_seed2,cnn,0.1683131502866745,0.13131571812086607,0.02046003322752695,,,0.12657790334470248,301567,301567,50,0.46987625802051736,0,True,0.45456832695830385,0.27240929879150283,1,0.31855225563049316,0.1325361430644989,0,"[5, 3, 3]","[64, 128, 256]",[512],6872543,bb6u13g1,487.0,trial_0024_learning_rate=1.0e-04_kernel_sizes=5x3x3_conv_channels=64x128x256_fc_dims=512_seed2,12a371dd5b,trial_0024_learning_rate=1.0e-04_kernel_sizes=5x3x3_conv_channels=64x128x256_fc_dims=512_seed2
/scratch/sb272/patterns5k_results/slurm_base_cnn_2026-03-04_16-53-19/trial_0024_learning_rate=1.0e-04_kernel_sizes=5x3x3_conv_channels=64x128x256_fc_dims=512_seed3,cnn,0.16882517766952515,0.13052995183700986,0.017585480023944187,,,0.13102820424124728,301567,301567,50,0.474029934430056,0,True,0.45456832695830385,0.27446691852865895,1,0.31855225563049316,0.1315493881702423,0,"[5, 3, 3]","[64, 128, 256]",[512],6872543,bb6u13g1,492.4,trial_0024_learning_rate=1.0e-04_kernel_sizes=5x3x3_conv_channels=64x128x256_fc_dims=512_seed3,12a371dd5b,trial_0024_learning_rate=1.0e-04_kernel_sizes=5x3x3_conv_channels=64x128x256_fc_dims=512_seed3
/scratch/sb272/patterns5k_results/slurm_base_cnn_2026-03-04_16-53-19/trial_0024_learning_rate=1.0e-04_kernel_sizes=5x3x3_conv_channels=64x128x256_fc_dims=512_seed4,cnn,0.1685087833404541,0.1285720843299745,0.018186452842894055,,,0.13112072463176158,301567,301567,50,0.4600581582081831,0,True,0.45456832695830385,0.26435630491804946,1,0.31855225563049316,0.12916646897792816,0,"[5, 3, 3]","[64, 128, 256]",[512],6872543,bb6u13g1,489.4,trial_0024_learning_rate=1.0e-04_kernel_sizes=5x3x3_conv_channels=64x128x256_fc_dims=512_seed4,12a371dd5b,trial_0024_learning_rate=1.0e-04_kernel_sizes=5x3x3_conv_channels=64x128x256_fc_dims=512_seed4
/scratch/sb272/patterns5k_results/slurm_base_cnn_2026-03-04_16-53-19/trial_0025_learning_rate=1.0e-04_kernel_sizes=5x3x3_conv_channels=64x128x256_fc_dims=1024_seed0,cnn,0.16953714656829835,0.13034585825743214,0.014100390767294264,,,0.13205192497426319,465407,465407,50,0.47396354916059785,0,True,0.45456832695830385,0.273289821854484,1,0.31855225563049316,0.13091221451759338,0,"[5, 3, 3]","[64, 128, 256]",[1024],6872543,bb6u13g1,602.0,trial_0025_learning_rate=1.0e-04_kernel_sizes=5x3x3_conv_channels=64x128x256_fc_dims=1024_seed0,8fd72a3ed2,trial_0025_learning_rate=1.0e-04_kernel_sizes=5x3x3_conv_channels=64x128x256_fc_dims=1024_seed0
/scratch/sb272/patterns5k_results/slurm_base_cnn_2026-03-04_16-53-19/trial_0025_learning_rate=1.0e-04_kernel_sizes=5x3x3_conv_channels=64x128x256_fc_dims=1024_seed1,cnn,0.16912079298496246,0.13269077401373064,0.014426935286748977,,,0.13795889752855928,465407,465407,50,0.48319565062912406,0,True,0.45456832695830385,0.2779007926032852,1,0.31855225563049316,0.13343118131160736,0,"[5, 3, 3]","[64, 128, 256]",[1024],6872543,bb6u13g1,601.5,trial_0025_learning_rate=1.0e-04_kernel_sizes=5x3x3_conv_channels=64x128x256_fc_dims=1024_seed1,8fd72a3ed2,trial_0025_learning_rate=1.0e-04_kernel_sizes=5x3x3_conv_channels=64x128x256_fc_dims=1024_seed1
/scratch/sb272/patterns5k_results/slurm_base_cnn_2026-03-04_16-53-19/trial_0025_learning_rate=1.0e-04_kernel_sizes=5x3x3_conv_channels=64x128x256_fc_dims=1024_seed2,cnn,0.16896630227565765,0.13095030747021616,0.016515107381911504,,,0.12877378163515815,465407,465407,50,0.47680422112814125,0,True,0.45456832695830385,0.27674214622815596,1,0.31855225563049316,0.13204224407672882,0,"[5, 3, 3]","[64, 128, 256]",[1024],6872543,bb6u13g1,600.7,trial_0025_learning_rate=1.0e-04_kernel_sizes=5x3x3_conv_channels=64x128x256_fc_dims=1024_seed2,8fd72a3ed2,trial_0025_learning_rate=1.0e-04_kernel_sizes=5x3x3_conv_channels=64x128x256_fc_dims=1024_seed2
/scratch/sb272/patterns5k_results/slurm_base_cnn_2026-03-04_16-53-19/trial_0025_learning_rate=1.0e-04_kernel_sizes=5x3x3_conv_channels=64x128x256_fc_dims=1024_seed3,cnn,0.1698316982984543,0.12748590798090143,0.012398205106220549,,,0.13027797758461784,465407,465407,50,0.44906534143713994,0,True,0.45456832695830385,0.2613590392093058,1,0.31855225563049316,0.12807339429855347,0,"[5, 3, 3]","[64, 128, 256]",[1024],6872543,bb6u13g1,599.4,trial_0025_learning_rate=1.0e-04_kernel_sizes=5x3x3_conv_channels=64x128x256_fc_dims=1024_seed3,8fd72a3ed2,trial_0025_learning_rate=1.0e-04_kernel_sizes=5x3x3_conv_channels=64x128x256_fc_dims=1024_seed3
/scratch/sb272/patterns5k_results/slurm_base_cnn_2026-03-04_16-53-19/trial_0025_learning_rate=1.0e-04_kernel_sizes=5x3x3_conv_channels=64x128x256_fc_dims=1024_seed4,cnn,0.16922794532775878,0.13132586440858554,0.014498338812873476,,,0.1331604743608478,465407,465407,50,0.4833179679874278,0,True,0.45456832695830385,0.2795255022785864,1,0.31855225563049316,0.13167555630207062,0,"[5, 3, 3]","[64, 128, 256]",[1024],6872543,bb6u13g1,600.4,trial_0025_learning_rate=1.0e-04_kernel_sizes=5x3x3_conv_channels=64x128x256_fc_dims=1024_seed4,8fd72a3ed2,trial_0025_learning_rate=1.0e-04_kernel_sizes=5x3x3_conv_channels=64x128x256_fc_dims=1024_seed4
/scratch/sb272/patterns5k_results/slurm_base_cnn_2026-03-04_16-53-19/trial_0026_learning_rate=1.0e-04_kernel_sizes=3x3x3_conv_channels=128x128x128_fc_dims=256_seed0,cnn,0.16887933826446533,0.12414078633365927,0.018927594972035243,,,0.1253772396145975,164799,164799,50,0.4519006398902176,0,True,0.45456832695830385,0.26373017615968997,1,0.31855225563049316,0.12511366605758667,0,"[3, 3, 3]","[128, 128, 128]",[256],6872543,bb6u13g1,387.0,trial_0026_learning_rate=1.0e-04_kernel_sizes=3x3x3_conv_channels=128x128x128_fc_dims=256_seed0,cb2f4f2656,trial_0026_learning_rate=1.0e-04_kernel_sizes=3x3x3_conv_channels=128x128x128_fc_dims=256_seed0
/scratch/sb272/patterns5k_results/slurm_base_cnn_2026-03-04_16-53-19/trial_0026_learning_rate=1.0e-04_kernel_sizes=3x3x3_conv_channels=128x128x128_fc_dims=256_seed1,cnn,0.1688028814792633,0.12456469221952395,0.019217057833595882,,,0.12827707573447933,164799,164799,50,0.4471076835267452,0,True,0.45456832695830385,0.2597484848417905,1,0.31855225563049316,0.12547381222248077,0,"[3, 3, 3]","[128, 128, 128]",[256],6872543,bb6u13g1,384.7,trial_0026_learning_rate=1.0e-04_kernel_sizes=3x3x3_conv_channels=128x128x128_fc_dims=256_seed1,cb2f4f2656,trial_0026_learning_rate=1.0e-04_kernel_sizes=3x3x3_conv_channels=128x128x128_fc_dims=256_seed1
/scratch/sb272/patterns5k_results/slurm_base_cnn_2026-03-04_16-53-19/trial_0026_learning_rate=1.0e-04_kernel_sizes=3x3x3_conv_channels=128x128x128_fc_dims=256_seed2,cnn,0.16921380019187926,0.12193507051019771,0.017947613246857175,,,0.12227805956747725,164799,164799,50,0.4422892819044522,0,True,0.45456832695830385,0.25767486845127413,1,0.31855225563049316,0.12315824627876282,0,"[3, 3, 3]","[128, 128, 128]",[256],6872543,bb6u13g1,384.8,trial_0026_learning_rate=1.0e-04_kernel_sizes=3x3x3_conv_channels=128x128x128_fc_dims=256_seed2,cb2f4f2656,trial_0026_learning_rate=1.0e-04_kernel_sizes=3x3x3_conv_channels=128x128x128_fc_dims=256_seed2
/scratch/sb272/patterns5k_results/slurm_base_cnn_2026-03-04_16-53-19/trial_0026_learning_rate=1.0e-04_kernel_sizes=3x3x3_conv_channels=128x128x128_fc_dims=256_seed3,cnn,0.16921953451633454,0.12179775831529131,0.01768658653138176,,,0.1237700935085334,164799,164799,50,0.4465318504173031,0,True,0.45456832695830385,0.261621157975509,1,0.31855225563049316,0.12285200506448746,0,"[3, 3, 3]","[128, 128, 128]",[256],6872543,bb6u13g1,336.7,trial_0026_learning_rate=1.0e-04_kernel_sizes=3x3x3_conv_channels=128x128x128_fc_dims=256_seed3,cb2f4f2656,trial_0026_learning_rate=1.0e-04_kernel_sizes=3x3x3_conv_channels=128x128x128_fc_dims=256_seed3
/scratch/sb272/patterns5k_results/slurm_base_cnn_2026-03-04_16-53-19/trial_0026_learning_rate=1.0e-04_kernel_sizes=3x3x3_conv_channels=128x128x128_fc_dims=256_seed4,cnn,0.16931958019733429,0.12005508477953108,0.01722084056763422,,,0.12424370452859256,164799,164799,50,0.4613663045189746,0,True,0.45456832695830385,0.2645714259655768,1,0.31855225563049316,0.12102634459733963,0,"[3, 3, 3]","[128, 128, 128]",[256],6872543,bb6u13g1,332.8,trial_0026_learning_rate=1.0e-04_kernel_sizes=3x3x3_conv_channels=128x128x128_fc_dims=256_seed4,cb2f4f2656,trial_0026_learning_rate=1.0e-04_kernel_sizes=3x3x3_conv_channels=128x128x128_fc_dims=256_seed4
/scratch/sb272/patterns5k_results/slurm_base_cnn_2026-03-04_16-53-19/trial_0027_learning_rate=1.0e-04_kernel_sizes=3x3x3_conv_channels=128x128x128_fc_dims=512_seed0,cnn,0.16896639561653137,0.12672325914620367,0.01868993990005009,,,0.13144014910045024,213951,213951,50,0.44620815897837024,0,True,0.45456832695830385,0.26123920895639363,1,0.31855225563049316,0.127922922372818,0,"[3, 3, 3]","[128, 128, 128]",[512],6872543,bb6u13g1,365.7,trial_0027_learning_rate=1.0e-04_kernel_sizes=3x3x3_conv_channels=128x128x128_fc_dims=512_seed0,ac39bac992,trial_0027_learning_rate=1.0e-04_kernel_sizes=3x3x3_conv_channels=128x128x128_fc_dims=512_seed0
/scratch/sb272/patterns5k_results/slurm_base_cnn_2026-03-04_16-53-19/trial_0027_learning_rate=1.0e-04_kernel_sizes=3x3x3_conv_channels=128x128x128_fc_dims=512_seed1,cnn,0.16940065777301788,0.12564771144271622,0.015953652442447723,,,0.13408776649470705,213951,213951,50,0.4593609463899976,0,True,0.45456832695830385,0.26743298131672477,1,0.31855225563049316,0.1263766884803772,0,"[3, 3, 3]","[128, 128, 128]",[512],6872543,bb6u13g1,368.0,trial_0027_learning_rate=1.0e-04_kernel_sizes=3x3x3_conv_channels=128x128x128_fc_dims=512_seed1,ac39bac992,trial_0027_learning_rate=1.0e-04_kernel_sizes=3x3x3_conv_channels=128x128x128_fc_dims=512_seed1
/scratch/sb272/patterns5k_results/slurm_base_cnn_2026-03-04_16-53-19/trial_0027_learning_rate=1.0e-04_kernel_sizes=3x3x3_conv_channels=128x128x128_fc_dims=512_seed2,cnn,0.16933898627758026,0.12720177458442083,0.01680813233057658,,,0.12578553026727002,213951,213951,50,0.48959855461950424,0,True,0.45456832695830385,0.28050424866015156,2,0.31855225563049316,0.12799082696437836,0,"[3, 3, 3]","[128, 128, 128]",[512],6872543,bb6u13g1,361.3,trial_0027_learning_rate=1.0e-04_kernel_sizes=3x3x3_conv_channels=128x128x128_fc_dims=512_seed2,ac39bac992,trial_0027_learning_rate=1.0e-04_kernel_sizes=3x3x3_conv_channels=128x128x128_fc_dims=512_seed2
/scratch/sb272/patterns5k_results/slurm_base_cnn_2026-03-04_16-53-19/trial_0027_learning_rate=1.0e-04_kernel_sizes=3x3x3_conv_channels=128x128x128_fc_dims=512_seed3,cnn,0.16919522750377655,0.1287762527930583,0.01754240005735367,,,0.1273471076012025,213951,213951,50,0.47405425422959324,0,True,0.45456832695830385,0.2745118818534419,1,0.31855225563049316,0.1299574226140976,0,"[3, 3, 3]","[128, 128, 128]",[512],6872543,bb6u13g1,365.9,trial_0027_learning_rate=1.0e-04_kernel_sizes=3x3x3_conv_channels=128x128x128_fc_dims=512_seed3,ac39bac992,trial_0027_learning_rate=1.0e-04_kernel_sizes=3x3x3_conv_channels=128x128x128_fc_dims=512_seed3
/scratch/sb272/patterns5k_results/slurm_base_cnn_2026-03-04_16-53-19/trial_0027_learning_rate=1.0e-04_kernel_sizes=3x3x3_conv_channels=128x128x128_fc_dims=512_seed4,cnn,0.16939219725131988,0.1287600721516732,0.01594742044569954,,,0.13000324224932625,213951,213951,50,0.46233435347722096,0,True,0.45456832695830385,0.269985722296837,1,0.31855225563049316,0.12947078049182892,0,"[3, 3, 3]","[128, 128, 128]",[512],6872543,bb6u13g1,362.3,trial_0027_learning_rate=1.0e-04_kernel_sizes=3x3x3_conv_channels=128x128x128_fc_dims=512_seed4,ac39bac992,trial_0027_learning_rate=1.0e-04_kernel_sizes=3x3x3_conv_channels=128x128x128_fc_dims=512_seed4
/scratch/sb272/patterns5k_results/slurm_base_cnn_2026-03-04_16-53-19/trial_0028_learning_rate=1.0e-04_kernel_sizes=3x3x3_conv_channels=256x256x256_fc_dims=512_seed0,cnn,0.1687430408000946,0.13310693249296165,0.017556308753906735,,,0.13598342083633985,591679,591679,50,0.4817500391139169,0,True,0.45456832695830385,0.2818794630249321,1,0.31855225563049316,0.13352152705192566,0,"[3, 3, 3]","[256, 256, 256]",[512],6872543,bb6u13g1,551.3,trial_0028_learning_rate=1.0e-04_kernel_sizes=3x3x3_conv_channels=256x256x256_fc_dims=512_seed0,b204d21efc,trial_0028_learning_rate=1.0e-04_kernel_sizes=3x3x3_conv_channels=256x256x256_fc_dims=512_seed0
/scratch/sb272/patterns5k_results/slurm_base_cnn_2026-03-04_16-53-19/trial_0028_learning_rate=1.0e-04_kernel_sizes=3x3x3_conv_channels=256x256x256_fc_dims=512_seed1,cnn,0.16905713760852814,0.12995958038423647,0.016468992308964803,,,0.13486836653663076,591679,591679,50,0.48248924032978047,0,True,0.45456832695830385,0.28163022338267907,1,0.31855225563049316,0.13027259707450867,0,"[3, 3, 3]","[256, 256, 256]",[512],6872543,bb6u13g1,553.6,trial_0028_learning_rate=1.0e-04_kernel_sizes=3x3x3_conv_channels=256x256x256_fc_dims=512_seed1,b204d21efc,trial_0028_learning_rate=1.0e-04_kernel_sizes=3x3x3_conv_channels=256x256x256_fc_dims=512_seed1
/scratch/sb272/patterns5k_results/slurm_base_cnn_2026-03-04_16-53-19/trial_0028_learning_rate=1.0e-04_kernel_sizes=3x3x3_conv_channels=256x256x256_fc_dims=512_seed2,cnn,0.16860093796253203,0.1327101163106386,0.018123218937525675,,,0.12870438636338852,591679,591679,50,0.4770693398001376,0,True,0.45456832695830385,0.2803470113951715,1,0.31855225563049316,0.13301265239715576,0,"[3, 3, 3]","[256, 256, 256]",[512],6872543,bb6u13g1,550.5,trial_0028_learning_rate=1.0e-04_kernel_sizes=3x3x3_conv_channels=256x256x256_fc_dims=512_seed2,b204d21efc,trial_0028_learning_rate=1.0e-04_kernel_sizes=3x3x3_conv_channels=256x256x256_fc_dims=512_seed2
/scratch/sb272/patterns5k_results/slurm_base_cnn_2026-03-04_16-53-19/trial_0028_learning_rate=1.0e-04_kernel_sizes=3x3x3_conv_channels=256x256x256_fc_dims=512_seed3,cnn,0.16934482717514038,0.12683200876909467,0.015671289156353664,,,0.1307296106683484,591679,591679,50,0.4750305070301543,0,True,0.45456832695830385,0.2787659257751793,1,0.31855225563049316,0.1272704303264618,0,"[3, 3, 3]","[256, 256, 256]",[512],6872543,bb6u13g1,555.5,trial_0028_learning_rate=1.0e-04_kernel_sizes=3x3x3_conv_channels=256x256x256_fc_dims=512_seed3,b204d21efc,trial_0028_learning_rate=1.0e-04_kernel_sizes=3x3x3_conv_channels=256x256x256_fc_dims=512_seed3
/scratch/sb272/patterns5k_results/slurm_base_cnn_2026-03-04_16-53-19/trial_0028_learning_rate=1.0e-04_kernel_sizes=3x3x3_conv_channels=256x256x256_fc_dims=512_seed4,cnn,0.1688186937570572,0.12908684965695222,0.01589724279585339,,,0.1319650705620503,591679,591679,50,0.4896009701147087,0,True,0.45456832695830385,0.2866446288760997,1,0.31855225563049316,0.1294116973876953,0,"[3, 3, 3]","[256, 256, 256]",[512],6872543,bb6u13g1,552.0,trial_0028_learning_rate=1.0e-04_kernel_sizes=3x3x3_conv_channels=256x256x256_fc_dims=512_seed4,b204d21efc,trial_0028_learning_rate=1.0e-04_kernel_sizes=3x3x3_conv_channels=256x256x256_fc_dims=512_seed4
/scratch/sb272/patterns5k_results/slurm_base_cnn_2026-03-04_16-53-19/trial_0029_learning_rate=1.0e-04_kernel_sizes=3x3x3_conv_channels=256x256x256_fc_dims=1024_seed0,cnn,0.16962187349796295,0.13243753671305847,0.009919025595225985,,,0.13765667088158634,755519,755519,50,0.46416902681917427,0,True,0.45456832695830385,0.27168304459964365,1,0.31855225563049316,0.1321941465139389,0,"[3, 3, 3]","[256, 256, 256]",[1024],6872543,bb6u13g1,636.4,trial_0029_learning_rate=1.0e-04_kernel_sizes=3x3x3_conv_channels=256x256x256_fc_dims=1024_seed0,cc7fdbc2b3,trial_0029_learning_rate=1.0e-04_kernel_sizes=3x3x3_conv_channels=256x256x256_fc_dims=1024_seed0
/scratch/sb272/patterns5k_results/slurm_base_cnn_2026-03-04_16-53-19/trial_0029_learning_rate=1.0e-04_kernel_sizes=3x3x3_conv_channels=256x256x256_fc_dims=1024_seed1,cnn,0.16901764237880706,0.13283694199555598,0.013286454336983817,,,0.1388024654564081,755519,755519,50,0.4829023126054429,0,True,0.45456832695830385,0.28397494841789317,1,0.31855225563049316,0.13318654894828796,0,"[3, 3, 3]","[256, 256, 256]",[1024],6872543,bb6u13g1,641.9,trial_0029_learning_rate=1.0e-04_kernel_sizes=3x3x3_conv_channels=256x256x256_fc_dims=1024_seed1,cc7fdbc2b3,trial_0029_learning_rate=1.0e-04_kernel_sizes=3x3x3_conv_channels=256x256x256_fc_dims=1024_seed1
/scratch/sb272/patterns5k_results/slurm_base_cnn_2026-03-04_16-53-19/trial_0029_learning_rate=1.0e-04_kernel_sizes=3x3x3_conv_channels=256x256x256_fc_dims=1024_seed2,cnn,0.1691387757062912,0.13275646337771504,0.01240898503197564,,,0.1319954010752519,755519,755519,50,0.5070507769193667,0,True,0.45456832695830385,0.29557369905235775,1,0.31855225563049316,0.13346238434314728,0,"[3, 3, 3]","[256, 256, 256]",[1024],6872543,bb6u13g1,638.8,trial_0029_learning_rate=1.0e-04_kernel_sizes=3x3x3_conv_channels=256x256x256_fc_dims=1024_seed2,cc7fdbc2b3,trial_0029_learning_rate=1.0e-04_kernel_sizes=3x3x3_conv_channels=256x256x256_fc_dims=1024_seed2
/scratch/sb272/patterns5k_results/slurm_base_cnn_2026-03-04_16-53-19/trial_0029_learning_rate=1.0e-04_kernel_sizes=3x3x3_conv_channels=256x256x256_fc_dims=1024_seed3,cnn,0.16964955043792723,0.13061745602730584,0.007585465908050537,,,0.133529789534147,755519,755519,50,0.46981838214682725,0,True,0.45456832695830385,0.27619602471963434,1,0.31855225563049316,0.1309451311826706,0,"[3, 3, 3]","[256, 256, 256]",[1024],6872543,bb6u13g1,636.8,trial_0029_learning_rate=1.0e-04_kernel_sizes=3x3x3_conv_channels=256x256x256_fc_dims=1024_seed3,cc7fdbc2b3,trial_0029_learning_rate=1.0e-04_kernel_sizes=3x3x3_conv_channels=256x256x256_fc_dims=1024_seed3
/scratch/sb272/patterns5k_results/slurm_base_cnn_2026-03-04_16-53-19/trial_0029_learning_rate=1.0e-04_kernel_sizes=3x3x3_conv_channels=256x256x256_fc_dims=1024_seed4,cnn,0.16933357763290405,0.1312327573850126,0.01236883799235026,,,0.13528799865257382,755519,755519,50,0.48984209986017185,0,True,0.45456832695830385,0.2847881840128697,1,0.31855225563049316,0.1318243443965912,0,"[3, 3, 3]","[256, 256, 256]",[1024],6872543,bb6u13g1,641.3,trial_0029_learning_rate=1.0e-04_kernel_sizes=3x3x3_conv_channels=256x256x256_fc_dims=1024_seed4,cc7fdbc2b3,trial_0029_learning_rate=1.0e-04_kernel_sizes=3x3x3_conv_channels=256x256x256_fc_dims=1024_seed4
/scratch/sb272/patterns5k_results/slurm_base_cnn_2026-03-04_16-53-19/trial_0030_learning_rate=1.0e-04_kernel_sizes=3x3_conv_channels=64x128_fc_dims=128_seed0,cnn,0.1731656779050827,0.10010351438102033,0.004273435426136804,,,0.09895606636271394,57855,57855,50,0.32875740227276773,0,True,0.45456832695830385,0.19704937530178498,1,0.31855225563049316,0.10097502171993256,0,"[3, 3]","[64, 128]",[128],6872544,bb6u13g1,314.7,trial_0030_learning_rate=1.0e-04_kernel_sizes=3x3_conv_channels=64x128_fc_dims=128_seed0,70a3622c32,trial_0030_learning_rate=1.0e-04_kernel_sizes=3x3_conv_channels=64x128_fc_dims=128_seed0
/scratch/sb272/patterns5k_results/slurm_base_cnn_2026-03-04_16-53-19/trial_0030_learning_rate=1.0e-04_kernel_sizes=3x3_conv_channels=64x128_fc_dims=128_seed1,cnn,0.17276586997509003,0.10181392188117203,0.005351411917852977,,,0.10947267207913965,57855,57855,50,0.3254604327198532,0,True,0.45456832695830385,0.19736015918365934,1,0.31855225563049316,0.10275548696517944,0,"[3, 3]","[64, 128]",[128],6872544,bb6u13g1,302.9,trial_0030_learning_rate=1.0e-04_kernel_sizes=3x3_conv_channels=64x128_fc_dims=128_seed1,70a3622c32,trial_0030_learning_rate=1.0e-04_kernel_sizes=3x3_conv_channels=64x128_fc_dims=128_seed1
/scratch/sb272/patterns5k_results/slurm_base_cnn_2026-03-04_16-53-19/trial_0030_learning_rate=1.0e-04_kernel_sizes=3x3_conv_channels=64x128_fc_dims=128_seed2,cnn,0.17134283149242402,0.1132860706677948,0.010987019728100489,,,0.10693818660734185,57855,57855,50,0.37904329077202786,0,True,0.45456832695830385,0.22710471419731765,1,0.31855225563049316,0.11443419009447098,0,"[3, 3]","[64, 128]",[128],6872544,bb6u13g1,299.7,trial_0030_learning_rate=1.0e-04_kernel_sizes=3x3_conv_channels=64x128_fc_dims=128_seed2,70a3622c32,trial_0030_learning_rate=1.0e-04_kernel_sizes=3x3_conv_channels=64x128_fc_dims=128_seed2
/scratch/sb272/patterns5k_results/slurm_base_cnn_2026-03-04_16-53-19/trial_0030_learning_rate=1.0e-04_kernel_sizes=3x3_conv_channels=64x128_fc_dims=128_seed3,cnn,0.17226588416099547,0.10882776203625064,0.007491736184983026,,,0.10804222491595733,57855,57855,50,0.37522817645593276,0,True,0.45456832695830385,0.2242827814499216,1,0.31855225563049316,0.11000439524650574,0,"[3, 3]","[64, 128]",[128],6872544,bb6u13g1,299.4,trial_0030_learning_rate=1.0e-04_kernel_sizes=3x3_conv_channels=64x128_fc_dims=128_seed3,70a3622c32,trial_0030_learning_rate=1.0e-04_kernel_sizes=3x3_conv_channels=64x128_fc_dims=128_seed3
/scratch/sb272/patterns5k_results/slurm_base_cnn_2026-03-04_16-53-19/trial_0030_learning_rate=1.0e-04_kernel_sizes=3x3_conv_channels=64x128_fc_dims=128_seed4,cnn,0.17205674982070923,0.10873079856141005,0.00832004395742265,,,0.10849173782934735,57855,57855,50,0.374186223549155,0,True,0.45456832695830385,0.22632382947060634,1,0.31855225563049316,0.11007972061634064,0,"[3, 3]","[64, 128]",[128],6872544,bb6u13g1,305.2,trial_0030_learning_rate=1.0e-04_kernel_sizes=3x3_conv_channels=64x128_fc_dims=128_seed4,70a3622c32,trial_0030_learning_rate=1.0e-04_kernel_sizes=3x3_conv_channels=64x128_fc_dims=128_seed4
/scratch/sb272/patterns5k_results/slurm_base_cnn_2026-03-04_16-53-19/trial_0031_learning_rate=1.0e-04_kernel_sizes=3x3_conv_channels=64x128_fc_dims=256_seed0,cnn,0.17217382967472075,0.11190621087146145,0.007402110667455764,,,0.10923165694568107,82431,82431,50,0.3789210334851849,0,True,0.45456832695830385,0.22489049203542358,1,0.31855225563049316,0.11317954957485199,0,"[3, 3]","[64, 128]",[256],6872544,bb6u13g1,316.7,trial_0031_learning_rate=1.0e-04_kernel_sizes=3x3_conv_channels=64x128_fc_dims=256_seed0,f5c1ece2f5,trial_0031_learning_rate=1.0e-04_kernel_sizes=3x3_conv_channels=64x128_fc_dims=256_seed0
/scratch/sb272/patterns5k_results/slurm_base_cnn_2026-03-04_16-53-19/trial_0031_learning_rate=1.0e-04_kernel_sizes=3x3_conv_channels=64x128_fc_dims=256_seed1,cnn,0.1721893539428711,0.1163059735901429,0.008062952094607882,,,0.12071460052882634,82431,82431,50,0.3965438206187209,0,True,0.45456832695830385,0.24008616498777083,1,0.31855225563049316,0.11766180396080017,0,"[3, 3]","[64, 128]",[256],6872544,bb6u13g1,324.9,trial_0031_learning_rate=1.0e-04_kernel_sizes=3x3_conv_channels=64x128_fc_dims=256_seed1,f5c1ece2f5,trial_0031_learning_rate=1.0e-04_kernel_sizes=3x3_conv_channels=64x128_fc_dims=256_seed1
/scratch/sb272/patterns5k_results/slurm_base_cnn_2026-03-04_16-53-19/trial_0031_learning_rate=1.0e-04_kernel_sizes=3x3_conv_channels=64x128_fc_dims=256_seed2,cnn,0.1710738755464554,0.11884228972607867,0.012129633199600946,,,0.11366361176440051,82431,82431,50,0.40620264709512227,0,True,0.45456832695830385,0.24452909629235295,1,0.31855225563049316,0.1200583279132843,0,"[3, 3]","[64, 128]",[256],6872544,bb6u13g1,322.7,trial_0031_learning_rate=1.0e-04_kernel_sizes=3x3_conv_channels=64x128_fc_dims=256_seed2,f5c1ece2f5,trial_0031_learning_rate=1.0e-04_kernel_sizes=3x3_conv_channels=64x128_fc_dims=256_seed2
/scratch/sb272/patterns5k_results/slurm_base_cnn_2026-03-04_16-53-19/trial_0031_learning_rate=1.0e-04_kernel_sizes=3x3_conv_channels=64x128_fc_dims=256_seed3,cnn,0.172846231341362,0.10876601804859155,0.005553761171916175,,,0.10513237230513028,82431,82431,50,0.37512644613095525,0,True,0.45456832695830385,0.2236400102088001,1,0.31855225563049316,0.10979830473661423,0,"[3, 3]","[64, 128]",[256],6872544,bb6u13g1,320.4,trial_0031_learning_rate=1.0e-04_kernel_sizes=3x3_conv_channels=64x128_fc_dims=256_seed3,f5c1ece2f5,trial_0031_learning_rate=1.0e-04_kernel_sizes=3x3_conv_channels=64x128_fc_dims=256_seed3
/scratch/sb272/patterns5k_results/slurm_base_cnn_2026-03-04_16-53-19/trial_0031_learning_rate=1.0e-04_kernel_sizes=3x3_conv_channels=64x128_fc_dims=256_seed4,cnn,0.17241297221183777,0.10789928163952263,0.006751330125899542,,,0.1068796583126522,82431,82431,50,0.39537784663258224,0,True,0.45456832695830385,0.23332917235899278,1,0.31855225563049316,0.10887007415294647,0,"[3, 3]","[64, 128]",[256],6872544,bb6u13g1,312.3,trial_0031_learning_rate=1.0e-04_kernel_sizes=3x3_conv_channels=64x128_fc_dims=256_seed4,f5c1ece2f5,trial_0031_learning_rate=1.0e-04_kernel_sizes=3x3_conv_channels=64x128_fc_dims=256_seed4
/scratch/sb272/patterns5k_results/slurm_base_cnn_2026-03-04_16-53-19/trial_0032_learning_rate=1.0e-04_kernel_sizes=3x3_conv_channels=64x128_fc_dims=512_seed0,cnn,0.17259537279605866,0.12154149741533075,0.006813112705472916,,,0.12181528570076108,131583,131583,50,0.42764080828470324,0,True,0.45456832695830385,0.25365771097820233,1,0.31855225563049316,0.12286247313022614,0,"[3, 3]","[64, 128]",[512],6872544,bb6u13g1,359.2,trial_0032_learning_rate=1.0e-04_kernel_sizes=3x3_conv_channels=64x128_fc_dims=512_seed0,c4b6287576,trial_0032_learning_rate=1.0e-04_kernel_sizes=3x3_conv_channels=64x128_fc_dims=512_seed0
/scratch/sb272/patterns5k_results/slurm_base_cnn_2026-03-04_16-53-19/trial_0032_learning_rate=1.0e-04_kernel_sizes=3x3_conv_channels=64x128_fc_dims=512_seed1,cnn,0.17268684613704682,0.11321213291491258,0.006227473417917888,,,0.11740795477160887,131583,131583,50,0.39186142747583774,0,True,0.45456832695830385,0.23482965488286647,1,0.31855225563049316,0.11439750343561172,0,"[3, 3]","[64, 128]",[512],6872544,bb6u13g1,350.1,trial_0032_learning_rate=1.0e-04_kernel_sizes=3x3_conv_channels=64x128_fc_dims=512_seed1,c4b6287576,trial_0032_learning_rate=1.0e-04_kernel_sizes=3x3_conv_channels=64x128_fc_dims=512_seed1
/scratch/sb272/patterns5k_results/slurm_base_cnn_2026-03-04_16-53-19/trial_0032_learning_rate=1.0e-04_kernel_sizes=3x3_conv_channels=64x128_fc_dims=512_seed2,cnn,0.17352134025096894,0.10853264346438986,0.0026168104202028307,,,0.10671239828810992,131583,131583,50,0.36666742541561986,0,True,0.45456832695830385,0.2213837868744384,1,0.31855225563049316,0.10984974354505539,0,"[3, 3]","[64, 128]",[512],6872544,bb6u13g1,351.4,trial_0032_learning_rate=1.0e-04_kernel_sizes=3x3_conv_channels=64x128_fc_dims=512_seed2,c4b6287576,trial_0032_learning_rate=1.0e-04_kernel_sizes=3x3_conv_channels=64x128_fc_dims=512_seed2
/scratch/sb272/patterns5k_results/slurm_base_cnn_2026-03-04_16-53-19/trial_0032_learning_rate=1.0e-04_kernel_sizes=3x3_conv_channels=64x128_fc_dims=512_seed3,cnn,0.17238303482532502,0.11879784841911911,0.007548821350884816,,,0.11895015760855328,131583,131583,50,0.41955185543791257,0,True,0.45456832695830385,0.2475190748587836,1,0.31855225563049316,0.12014241516590118,0,"[3, 3]","[64, 128]",[512],6872544,bb6u13g1,352.3,trial_0032_learning_rate=1.0e-04_kernel_sizes=3x3_conv_channels=64x128_fc_dims=512_seed3,c4b6287576,trial_0032_learning_rate=1.0e-04_kernel_sizes=3x3_conv_channels=64x128_fc_dims=512_seed3
/scratch/sb272/patterns5k_results/slurm_base_cnn_2026-03-04_16-53-19/trial_0032_learning_rate=1.0e-04_kernel_sizes=3x3_conv_channels=64x128_fc_dims=512_seed4,cnn,0.17211104452610015,0.11982949847854049,0.008273164431254068,,,0.12025251302349022,131583,131583,50,0.43807688581172255,0,True,0.45456832695830385,0.2580916137006775,1,0.31855225563049316,0.12133615463972092,0,"[3, 3]","[64, 128]",[512],6872544,bb6u13g1,358.7,trial_0032_learning_rate=1.0e-04_kernel_sizes=3x3_conv_channels=64x128_fc_dims=512_seed4,c4b6287576,trial_0032_learning_rate=1.0e-04_kernel_sizes=3x3_conv_channels=64x128_fc_dims=512_seed4
/scratch/sb272/patterns5k_results/slurm_base_cnn_2026-03-04_16-53-19/trial_0033_learning_rate=1.0e-04_kernel_sizes=5x3_conv_channels=128x256_fc_dims=256_seed0,cnn,0.17104825246334077,0.12473816003474965,0.00984508650643485,,,0.12484596792953385,208319,208319,50,0.442085155668891,0,True,0.45456832695830385,0.26028130042579084,1,0.31855225563049316,0.1257949024438858,0,"[5, 3]","[128, 256]",[256],6872544,bb6u13g1,404.2,trial_0033_learning_rate=1.0e-04_kernel_sizes=5x3_conv_channels=128x256_fc_dims=256_seed0,ee8ff09b82,trial_0033_learning_rate=1.0e-04_kernel_sizes=5x3_conv_channels=128x256_fc_dims=256_seed0
/scratch/sb272/patterns5k_results/slurm_base_cnn_2026-03-04_16-53-19/trial_0033_learning_rate=1.0e-04_kernel_sizes=5x3_conv_channels=128x256_fc_dims=256_seed1,cnn,0.17179769468307496,0.11778736333125228,0.007150271582225013,,,0.12296389596192848,208319,208319,50,0.4208792698653059,0,True,0.45456832695830385,0.2506837251569142,1,0.31855225563049316,0.11897097527980804,0,"[5, 3]","[128, 256]",[256],6872544,bb6u13g1,403.8,trial_0033_learning_rate=1.0e-04_kernel_sizes=5x3_conv_channels=128x256_fc_dims=256_seed1,ee8ff09b82,trial_0033_learning_rate=1.0e-04_kernel_sizes=5x3_conv_channels=128x256_fc_dims=256_seed1
/scratch/sb272/patterns5k_results/slurm_base_cnn_2026-03-04_16-53-19/trial_0033_learning_rate=1.0e-04_kernel_sizes=5x3_conv_channels=128x256_fc_dims=256_seed2,cnn,0.171216521859169,0.12457625130969285,0.008681266080765497,,,0.1208278665143219,208319,208319,50,0.43874533188518955,0,True,0.45456832695830385,0.25998047243049394,1,0.31855225563049316,0.12542039155960083,0,"[5, 3]","[128, 256]",[256],6872544,bb6u13g1,405.3,trial_0033_learning_rate=1.0e-04_kernel_sizes=5x3_conv_channels=128x256_fc_dims=256_seed2,ee8ff09b82,trial_0033_learning_rate=1.0e-04_kernel_sizes=5x3_conv_channels=128x256_fc_dims=256_seed2
/scratch/sb272/patterns5k_results/slurm_base_cnn_2026-03-04_16-53-19/trial_0033_learning_rate=1.0e-04_kernel_sizes=5x3_conv_channels=128x256_fc_dims=256_seed3,cnn,0.1727742578983307,0.11687838449240383,0.003554240105644105,,,0.12005394132069261,208319,208319,50,0.39996109526844864,0,True,0.45456832695830385,0.2400663758570416,1,0.31855225563049316,0.11792269349098206,0,"[5, 3]","[128, 256]",[256],6872544,bb6u13g1,402.7,trial_0033_learning_rate=1.0e-04_kernel_sizes=5x3_conv_channels=128x256_fc_dims=256_seed3,ee8ff09b82,trial_0033_learning_rate=1.0e-04_kernel_sizes=5x3_conv_channels=128x256_fc_dims=256_seed3
/scratch/sb272/patterns5k_results/slurm_base_cnn_2026-03-04_16-53-19/trial_0033_learning_rate=1.0e-04_kernel_sizes=5x3_conv_channels=128x256_fc_dims=256_seed4,cnn,0.17193086123466492,0.11984549257218371,0.005234729676019578,,,0.12024990853079243,208319,208319,50,0.43280479594434473,0,True,0.45456832695830385,0.255880544711488,1,0.31855225563049316,0.12087779492139816,0,"[5, 3]","[128, 256]",[256],6872544,bb6u13g1,407.5,trial_0033_learning_rate=1.0e-04_kernel_sizes=5x3_conv_channels=128x256_fc_dims=256_seed4,ee8ff09b82,trial_0033_learning_rate=1.0e-04_kernel_sizes=5x3_conv_channels=128x256_fc_dims=256_seed4
/scratch/sb272/patterns5k_results/slurm_base_cnn_2026-03-04_16-53-19/trial_0034_learning_rate=1.0e-04_kernel_sizes=5x3_conv_channels=128x256_fc_dims=512_seed0,cnn,0.1718958410024643,0.12382931202483842,0.0051448411411709255,,,0.12546825835509132,290239,290239,50,0.43562262729813767,0,True,0.45456832695830385,0.2578640315961641,1,0.31855225563049316,0.12473895400762558,0,"[5, 3]","[128, 256]",[512],6872544,bb6u13g1,457.5,trial_0034_learning_rate=1.0e-04_kernel_sizes=5x3_conv_channels=128x256_fc_dims=512_seed0,f34b6ccd7b,trial_0034_learning_rate=1.0e-04_kernel_sizes=5x3_conv_channels=128x256_fc_dims=512_seed0
/scratch/sb272/patterns5k_results/slurm_base_cnn_2026-03-04_16-53-19/trial_0034_learning_rate=1.0e-04_kernel_sizes=5x3_conv_channels=128x256_fc_dims=512_seed1,cnn,0.17144849646091462,0.12527787981930413,0.007186158308907161,,,0.12836648204557016,290239,290239,50,0.4291231637220934,0,True,0.45456832695830385,0.25740211667615587,1,0.31855225563049316,0.12578873336315155,0,"[5, 3]","[128, 256]",[512],6872544,bb6u13g1,457.2,trial_0034_learning_rate=1.0e-04_kernel_sizes=5x3_conv_channels=128x256_fc_dims=512_seed1,f34b6ccd7b,trial_0034_learning_rate=1.0e-04_kernel_sizes=5x3_conv_channels=128x256_fc_dims=512_seed1
/scratch/sb272/patterns5k_results/slurm_base_cnn_2026-03-04_16-53-19/trial_0034_learning_rate=1.0e-04_kernel_sizes=5x3_conv_channels=128x256_fc_dims=512_seed2,cnn,0.17143045902252196,0.12930270188821283,0.006356484360165066,,,0.12715903461703307,290239,290239,50,0.44182022055217296,0,True,0.45456832695830385,0.2636698877459838,1,0.31855225563049316,0.13015076518058777,0,"[5, 3]","[128, 256]",[512],6872544,bb6u13g1,450.5,trial_0034_learning_rate=1.0e-04_kernel_sizes=5x3_conv_channels=128x256_fc_dims=512_seed2,f34b6ccd7b,trial_0034_learning_rate=1.0e-04_kernel_sizes=5x3_conv_channels=128x256_fc_dims=512_seed2
/scratch/sb272/patterns5k_results/slurm_base_cnn_2026-03-04_16-53-19/trial_0034_learning_rate=1.0e-04_kernel_sizes=5x3_conv_channels=128x256_fc_dims=512_seed3,cnn,0.17139536106586456,0.12765577699794706,0.0074565041632879345,,,0.12555241606361983,290239,290239,50,0.4428285537935317,0,True,0.45456832695830385,0.26267189052699524,1,0.31855225563049316,0.12864314019680023,0,"[5, 3]","[128, 256]",[512],6872544,bb6u13g1,454.9,trial_0034_learning_rate=1.0e-04_kernel_sizes=5x3_conv_channels=128x256_fc_dims=512_seed3,f34b6ccd7b,trial_0034_learning_rate=1.0e-04_kernel_sizes=5x3_conv_channels=128x256_fc_dims=512_seed3
/scratch/sb272/patterns5k_results/slurm_base_cnn_2026-03-04_16-53-19/trial_0034_learning_rate=1.0e-04_kernel_sizes=5x3_conv_channels=128x256_fc_dims=512_seed4,cnn,0.172167041182518,0.1214804609411557,0.005580705309671069,,,0.12128825683109952,290239,290239,50,0.43502184056028076,0,True,0.45456832695830385,0.25763041789003455,1,0.31855225563049316,0.12268020957708359,0,"[5, 3]","[128, 256]",[512],6872544,bb6u13g1,455.1,trial_0034_learning_rate=1.0e-04_kernel_sizes=5x3_conv_channels=128x256_fc_dims=512_seed4,f34b6ccd7b,trial_0034_learning_rate=1.0e-04_kernel_sizes=5x3_conv_channels=128x256_fc_dims=512_seed4
/scratch/sb272/patterns5k_results/slurm_base_cnn_2026-03-04_16-53-19/trial_0035_learning_rate=1.0e-04_kernel_sizes=5x3_conv_channels=128x256_fc_dims=1024_seed0,cnn,0.17270299565792083,0.12863775389804463,0.001307302997225807,,,0.13111397055820795,454079,454079,50,0.4544870950347657,0,True,0.45456832695830385,0.2676947962588775,1,0.31855225563049316,0.12960602343082428,0,"[5, 3]","[128, 256]",[1024],6872544,bb6u13g1,569.5,trial_0035_learning_rate=1.0e-04_kernel_sizes=5x3_conv_channels=128x256_fc_dims=1024_seed0,baaaa8a55c,trial_0035_learning_rate=1.0e-04_kernel_sizes=5x3_conv_channels=128x256_fc_dims=1024_seed0
/scratch/sb272/patterns5k_results/slurm_base_cnn_2026-03-04_16-53-19/trial_0035_learning_rate=1.0e-04_kernel_sizes=5x3_conv_channels=128x256_fc_dims=1024_seed1,cnn,0.17286363625526427,0.12542881570876882,0.0006356958359006852,,,0.13018229680294666,454079,454079,50,0.44668506400202995,0,True,0.45456832695830385,0.2650430731593415,1,0.31855225563049316,0.12655135989189148,0,"[5, 3]","[128, 256]",[1024],6872544,bb6u13g1,560.0,trial_0035_learning_rate=1.0e-04_kernel_sizes=5x3_conv_channels=128x256_fc_dims=1024_seed1,baaaa8a55c,trial_0035_learning_rate=1.0e-04_kernel_sizes=5x3_conv_channels=128x256_fc_dims=1024_seed1
/scratch/sb272/patterns5k_results/slurm_base_cnn_2026-03-04_16-53-19/trial_0035_learning_rate=1.0e-04_kernel_sizes=5x3_conv_channels=128x256_fc_dims=1024_seed2,cnn,0.1732730255126953,0.12872733291520014,-0.002681962081364223,,,0.12483467723696151,454079,454079,50,0.4581010804516826,0,True,0.45456832695830385,0.26973998523600995,1,0.31855225563049316,0.1297602504491806,0,"[5, 3]","[128, 256]",[1024],6872544,bb6u13g1,567.8,trial_0035_learning_rate=1.0e-04_kernel_sizes=5x3_conv_channels=128x256_fc_dims=1024_seed2,baaaa8a55c,trial_0035_learning_rate=1.0e-04_kernel_sizes=5x3_conv_channels=128x256_fc_dims=1024_seed2
/scratch/sb272/patterns5k_results/slurm_base_cnn_2026-03-04_16-53-19/trial_0035_learning_rate=1.0e-04_kernel_sizes=5x3_conv_channels=128x256_fc_dims=1024_seed3,cnn,0.1735003764629364,0.12676732047190536,-0.003346643750629728,,,0.1301188354454273,454079,454079,50,0.4353053784437335,0,True,0.45456832695830385,0.2619052088934917,1,0.31855225563049316,0.12766914069652557,0,"[5, 3]","[128, 256]",[1024],6872544,bb6u13g1,560.1,trial_0035_learning_rate=1.0e-04_kernel_sizes=5x3_conv_channels=128x256_fc_dims=1024_seed3,baaaa8a55c,trial_0035_learning_rate=1.0e-04_kernel_sizes=5x3_conv_channels=128x256_fc_dims=1024_seed3
/scratch/sb272/patterns5k_results/slurm_base_cnn_2026-03-04_16-53-19/trial_0035_learning_rate=1.0e-04_kernel_sizes=5x3_conv_channels=128x256_fc_dims=1024_seed4,cnn,0.1731461672782898,0.1200649964485556,0.0002810567144363646,,,0.12186572707507146,454079,454079,48,0.43393971193937797,0,True,0.45456832695830385,0.25621521559985316,1,0.31855225563049316,0.12109953910112381,0,"[5, 3]","[128, 256]",[1024],6872544,bb6u13g1,556.8,trial_0035_learning_rate=1.0e-04_kernel_sizes=5x3_conv_channels=128x256_fc_dims=1024_seed4,baaaa8a55c,trial_0035_learning_rate=1.0e-04_kernel_sizes=5x3_conv_channels=128x256_fc_dims=1024_seed4
/scratch/sb272/patterns5k_results/slurm_base_cnn_2026-03-04_16-53-19/trial_0036_learning_rate=1.0e-04_kernel_sizes=3x3x3_conv_channels=32x64x128_fc_dims=128_seed0,cnn,0.17037645399570464,0.10586824890965434,0.013386829504891047,,,0.10361195928663045,60063,60063,50,0.3537024532913219,0,True,0.45456832695830385,0.2070093192331084,1,0.31855225563049316,0.10642066597938538,0,"[3, 3, 3]","[32, 64, 128]",[128],6872544,bb6u13g1,312.4,trial_0036_learning_rate=1.0e-04_kernel_sizes=3x3x3_conv_channels=32x64x128_fc_dims=128_seed0,1ca88a038c,trial_0036_learning_rate=1.0e-04_kernel_sizes=3x3x3_conv_channels=32x64x128_fc_dims=128_seed0
/scratch/sb272/patterns5k_results/slurm_base_cnn_2026-03-04_16-53-19/trial_0036_learning_rate=1.0e-04_kernel_sizes=3x3x3_conv_channels=32x64x128_fc_dims=128_seed1,cnn,0.17049348759651184,0.10687801519505671,0.013114731463174972,,,0.10953366461568838,60063,60063,50,0.380359401964408,0,True,0.45456832695830385,0.21645626894429873,1,0.31855225563049316,0.10766919702291489,0,"[3, 3, 3]","[32, 64, 128]",[128],6872544,bb6u13g1,312.8,trial_0036_learning_rate=1.0e-04_kernel_sizes=3x3x3_conv_channels=32x64x128_fc_dims=128_seed1,1ca88a038c,trial_0036_learning_rate=1.0e-04_kernel_sizes=3x3x3_conv_channels=32x64x128_fc_dims=128_seed1
/scratch/sb272/patterns5k_results/slurm_base_cnn_2026-03-04_16-53-19/trial_0036_learning_rate=1.0e-04_kernel_sizes=3x3x3_conv_channels=32x64x128_fc_dims=128_seed2,cnn,0.17056887304782867,0.10678376079998243,0.012648952385735891,,,0.1000515311520076,60063,60063,50,0.35717708222101213,0,True,0.45456832695830385,0.20983672311693294,1,0.31855225563049316,0.10763169080018997,0,"[3, 3, 3]","[32, 64, 128]",[128],6872544,bb6u13g1,314.4,trial_0036_learning_rate=1.0e-04_kernel_sizes=3x3x3_conv_channels=32x64x128_fc_dims=128_seed2,1ca88a038c,trial_0036_learning_rate=1.0e-04_kernel_sizes=3x3x3_conv_channels=32x64x128_fc_dims=128_seed2
/scratch/sb272/patterns5k_results/slurm_base_cnn_2026-03-04_16-53-19/trial_0036_learning_rate=1.0e-04_kernel_sizes=3x3x3_conv_channels=32x64x128_fc_dims=128_seed3,cnn,0.17037531447410584,0.10712054872947187,0.013605547329736135,,,0.10295079483008113,60063,60063,50,0.3687213524794177,0,True,0.45456832695830385,0.21569238299012178,1,0.31855225563049316,0.10776570439338684,0,"[3, 3, 3]","[32, 64, 128]",[128],6872544,bb6u13g1,310.5,trial_0036_learning_rate=1.0e-04_kernel_sizes=3x3x3_conv_channels=32x64x128_fc_dims=128_seed3,1ca88a038c,trial_0036_learning_rate=1.0e-04_kernel_sizes=3x3x3_conv_channels=32x64x128_fc_dims=128_seed3
/scratch/sb272/patterns5k_results/slurm_base_cnn_2026-03-04_16-53-19/trial_0036_learning_rate=1.0e-04_kernel_sizes=3x3x3_conv_channels=32x64x128_fc_dims=128_seed4,cnn,0.17061748993396758,0.10596530284112683,0.01232133876709711,,,0.10659778986000734,60063,60063,50,0.3709464968685229,0,True,0.45456832695830385,0.2121560470635119,1,0.31855225563049316,0.10658436268568039,0,"[3, 3, 3]","[32, 64, 128]",[128],6872544,bb6u13g1,313.2,trial_0036_learning_rate=1.0e-04_kernel_sizes=3x3x3_conv_channels=32x64x128_fc_dims=128_seed4,1ca88a038c,trial_0036_learning_rate=1.0e-04_kernel_sizes=3x3x3_conv_channels=32x64x128_fc_dims=128_seed4
/scratch/sb272/patterns5k_results/slurm_base_cnn_2026-03-04_16-53-19/trial_0037_learning_rate=1.0e-04_kernel_sizes=3x3x3_conv_channels=32x64x128_fc_dims=256_seed0,cnn,0.17058260846138001,0.11159268874011258,0.012490952771807473,,,0.10978350156503026,84639,84639,50,0.3856270637029426,0,True,0.45456832695830385,0.22641791317219104,1,0.31855225563049316,0.11222220212221146,0,"[3, 3, 3]","[32, 64, 128]",[256],6872544,bb6u13g1,325.4,trial_0037_learning_rate=1.0e-04_kernel_sizes=3x3x3_conv_channels=32x64x128_fc_dims=256_seed0,5983a11d40,trial_0037_learning_rate=1.0e-04_kernel_sizes=3x3x3_conv_channels=32x64x128_fc_dims=256_seed0
/scratch/sb272/patterns5k_results/slurm_base_cnn_2026-03-04_16-53-19/trial_0037_learning_rate=1.0e-04_kernel_sizes=3x3x3_conv_channels=32x64x128_fc_dims=256_seed1,cnn,0.17089438593387604,0.11061431028062421,0.011056291678595164,,,0.11604885946976222,84639,84639,50,0.39345300033087727,0,True,0.45456832695830385,0.2279185493683069,1,0.31855225563049316,0.11116854101419449,0,"[3, 3, 3]","[32, 64, 128]",[256],6872544,bb6u13g1,328.7,trial_0037_learning_rate=1.0e-04_kernel_sizes=3x3x3_conv_channels=32x64x128_fc_dims=256_seed1,5983a11d40,trial_0037_learning_rate=1.0e-04_kernel_sizes=3x3x3_conv_channels=32x64x128_fc_dims=256_seed1
/scratch/sb272/patterns5k_results/slurm_base_cnn_2026-03-04_16-53-19/trial_0037_learning_rate=1.0e-04_kernel_sizes=3x3x3_conv_channels=32x64x128_fc_dims=256_seed2,cnn,0.1698504819869995,0.11365261399282223,0.015364326181865874,,,0.10924606693001764,84639,84639,50,0.3989467299539732,0,True,0.45456832695830385,0.23232906205966491,1,0.31855225563049316,0.11423703283071518,0,"[3, 3, 3]","[32, 64, 128]",[256],6872544,bb6u13g1,333.6,trial_0037_learning_rate=1.0e-04_kernel_sizes=3x3x3_conv_channels=32x64x128_fc_dims=256_seed2,5983a11d40,trial_0037_learning_rate=1.0e-04_kernel_sizes=3x3x3_conv_channels=32x64x128_fc_dims=256_seed2
/scratch/sb272/patterns5k_results/slurm_base_cnn_2026-03-04_16-53-19/trial_0037_learning_rate=1.0e-04_kernel_sizes=3x3x3_conv_channels=32x64x128_fc_dims=256_seed3,cnn,0.1699000757932663,0.11215393671046348,0.014961797093588209,,,0.10976614418870118,84639,84639,50,0.39741069176948973,0,True,0.45456832695830385,0.23022879706392962,1,0.31855225563049316,0.11294686049222946,0,"[3, 3, 3]","[32, 64, 128]",[256],6872544,bb6u13g1,312.2,trial_0037_learning_rate=1.0e-04_kernel_sizes=3x3x3_conv_channels=32x64x128_fc_dims=256_seed3,5983a11d40,trial_0037_learning_rate=1.0e-04_kernel_sizes=3x3x3_conv_channels=32x64x128_fc_dims=256_seed3
/scratch/sb272/patterns5k_results/slurm_base_cnn_2026-03-04_16-53-19/trial_0037_learning_rate=1.0e-04_kernel_sizes=3x3x3_conv_channels=32x64x128_fc_dims=256_seed4,cnn,0.1700467450618744,0.11238375264630239,0.01473229650467161,,,0.11370200894289494,84639,84639,50,0.38430097284327186,0,True,0.45456832695830385,0.22442769324495987,1,0.31855225563049316,0.11305553466081619,0,"[3, 3, 3]","[32, 64, 128]",[256],6872544,bb6u13g1,255.3,trial_0037_learning_rate=1.0e-04_kernel_sizes=3x3x3_conv_channels=32x64x128_fc_dims=256_seed4,5983a11d40,trial_0037_learning_rate=1.0e-04_kernel_sizes=3x3x3_conv_channels=32x64x128_fc_dims=256_seed4
/scratch/sb272/patterns5k_results/slurm_base_cnn_2026-03-04_16-53-19/trial_0038_learning_rate=1.0e-04_kernel_sizes=5x3x3_conv_channels=64x128x256_fc_dims=256_seed0,cnn,0.16881046545505524,0.1266926171066558,0.01845737203719124,,,0.1292706116652428,219647,219647,50,0.450326989709781,0,True,0.45456832695830385,0.26065771200005655,1,0.31855225563049316,0.127603679895401,0,"[5, 3, 3]","[64, 128, 256]",[256],6872544,bb6u13g1,325.0,trial_0038_learning_rate=1.0e-04_kernel_sizes=5x3x3_conv_channels=64x128x256_fc_dims=256_seed0,ae7e558426,trial_0038_learning_rate=1.0e-04_kernel_sizes=5x3x3_conv_channels=64x128x256_fc_dims=256_seed0
/scratch/sb272/patterns5k_results/slurm_base_cnn_2026-03-04_16-53-19/trial_0038_learning_rate=1.0e-04_kernel_sizes=5x3x3_conv_channels=64x128x256_fc_dims=256_seed1,cnn,0.16899860405921935,0.12633886661983385,0.016596519757830906,,,0.13145193426406834,219647,219647,50,0.4475029644240401,0,True,0.45456832695830385,0.25945453328128026,1,0.31855225563049316,0.1267743557691574,0,"[5, 3, 3]","[64, 128, 256]",[256],6872544,bb6u13g1,327.4,trial_0038_learning_rate=1.0e-04_kernel_sizes=5x3x3_conv_channels=64x128x256_fc_dims=256_seed1,ae7e558426,trial_0038_learning_rate=1.0e-04_kernel_sizes=5x3x3_conv_channels=64x128x256_fc_dims=256_seed1
/scratch/sb272/patterns5k_results/slurm_base_cnn_2026-03-04_16-53-19/trial_0038_learning_rate=1.0e-04_kernel_sizes=5x3x3_conv_channels=64x128x256_fc_dims=256_seed2,cnn,0.16855970895290376,0.1274902613319336,0.018940787466745528,,,0.123941935757097,219647,219647,50,0.45097240515600745,0,True,0.45456832695830385,0.2623840294189344,1,0.31855225563049316,0.12823115289211273,0,"[5, 3, 3]","[64, 128, 256]",[256],6872544,bb6u13g1,328.9,trial_0038_learning_rate=1.0e-04_kernel_sizes=5x3x3_conv_channels=64x128x256_fc_dims=256_seed2,ae7e558426,trial_0038_learning_rate=1.0e-04_kernel_sizes=5x3x3_conv_channels=64x128x256_fc_dims=256_seed2
/scratch/sb272/patterns5k_results/slurm_base_cnn_2026-03-04_16-53-19/trial_0038_learning_rate=1.0e-04_kernel_sizes=5x3x3_conv_channels=64x128x256_fc_dims=256_seed3,cnn,0.16853627264499665,0.12808336084986213,0.019806436129978726,,,0.12679093789115617,219647,219647,50,0.4441186751760314,0,True,0.45456832695830385,0.26110420435218124,1,0.31855225563049316,0.12952359020709991,0,"[5, 3, 3]","[64, 128, 256]",[256],6872544,bb6u13g1,328.1,trial_0038_learning_rate=1.0e-04_kernel_sizes=5x3x3_conv_channels=64x128x256_fc_dims=256_seed3,ae7e558426,trial_0038_learning_rate=1.0e-04_kernel_sizes=5x3x3_conv_channels=64x128x256_fc_dims=256_seed3
/scratch/sb272/patterns5k_results/slurm_base_cnn_2026-03-04_16-53-19/trial_0038_learning_rate=1.0e-04_kernel_sizes=5x3x3_conv_channels=64x128x256_fc_dims=256_seed4,cnn,0.16867053759098052,0.12779582494375416,0.018274110461038256,,,0.12772544908483685,219647,219647,50,0.4568779757410629,0,True,0.45456832695830385,0.2614298094817737,2,0.31855225563049316,0.12850604951381683,0,"[5, 3, 3]","[64, 128, 256]",[256],6872544,bb6u13g1,331.7,trial_0038_learning_rate=1.0e-04_kernel_sizes=5x3x3_conv_channels=64x128x256_fc_dims=256_seed4,ae7e558426,trial_0038_learning_rate=1.0e-04_kernel_sizes=5x3x3_conv_channels=64x128x256_fc_dims=256_seed4
/scratch/sb272/patterns5k_results/slurm_base_cnn_2026-03-04_16-53-19/trial_0039_learning_rate=1.0e-04_kernel_sizes=5x3x3_conv_channels=64x128x256_fc_dims=512_seed0,cnn,0.16835627114772797,0.132262345851458,0.02027522949945359,,,0.13207652058734068,301567,301567,50,0.4587140652918742,0,True,0.45456832695830385,0.2660073123723856,1,0.31855225563049316,0.13340051472187042,0,"[5, 3, 3]","[64, 128, 256]",[512],6872544,bb6u13g1,419.2,trial_0039_learning_rate=1.0e-04_kernel_sizes=5x3x3_conv_channels=64x128x256_fc_dims=512_seed0,ef00e7cbdc,trial_0039_learning_rate=1.0e-04_kernel_sizes=5x3x3_conv_channels=64x128x256_fc_dims=512_seed0
/scratch/sb272/patterns5k_results/slurm_base_cnn_2026-03-04_16-53-19/trial_0039_learning_rate=1.0e-04_kernel_sizes=5x3x3_conv_channels=64x128x256_fc_dims=512_seed1,cnn,0.16906800329685212,0.12867148693349886,0.01596546078485156,,,0.13541259103195027,301567,301567,50,0.45614994872985826,0,True,0.45456832695830385,0.2643893182745727,2,0.31855225563049316,0.12954604625701904,0,"[5, 3, 3]","[64, 128, 256]",[512],6872544,bb6u13g1,414.9,trial_0039_learning_rate=1.0e-04_kernel_sizes=5x3x3_conv_channels=64x128x256_fc_dims=512_seed1,ef00e7cbdc,trial_0039_learning_rate=1.0e-04_kernel_sizes=5x3x3_conv_channels=64x128x256_fc_dims=512_seed1
/scratch/sb272/patterns5k_results/slurm_base_cnn_2026-03-04_16-53-19/trial_0039_learning_rate=1.0e-04_kernel_sizes=5x3x3_conv_channels=64x128x256_fc_dims=512_seed2,cnn,0.16921080708503722,0.1294751594346633,0.016199498895614867,,,0.12730486130459215,301567,301567,50,0.463887019901395,0,True,0.45456832695830385,0.2680765129540309,2,0.31855225563049316,0.1305353343486786,0,"[5, 3, 3]","[64, 128, 256]",[512],6872544,bb6u13g1,421.4,trial_0039_learning_rate=1.0e-04_kernel_sizes=5x3x3_conv_channels=64x128x256_fc_dims=512_seed2,ef00e7cbdc,trial_0039_learning_rate=1.0e-04_kernel_sizes=5x3x3_conv_channels=64x128x256_fc_dims=512_seed2
/scratch/sb272/patterns5k_results/slurm_base_cnn_2026-03-04_16-53-19/trial_0039_learning_rate=1.0e-04_kernel_sizes=5x3x3_conv_channels=64x128x256_fc_dims=512_seed3,cnn,0.16941103744506836,0.12543758142994396,0.014519629970429436,,,0.12975983502864377,301567,301567,50,0.4381245964660517,0,True,0.45456832695830385,0.2554002773667598,1,0.31855225563049316,0.12608204782009125,0,"[5, 3, 3]","[64, 128, 256]",[512],6872544,bb6u13g1,416.3,trial_0039_learning_rate=1.0e-04_kernel_sizes=5x3x3_conv_channels=64x128x256_fc_dims=512_seed3,ef00e7cbdc,trial_0039_learning_rate=1.0e-04_kernel_sizes=5x3x3_conv_channels=64x128x256_fc_dims=512_seed3
/scratch/sb272/patterns5k_results/slurm_base_cnn_2026-03-04_16-53-19/trial_0039_learning_rate=1.0e-04_kernel_sizes=5x3x3_conv_channels=64x128x256_fc_dims=512_seed4,cnn,0.16871431934833528,0.13027173450524518,0.017360235963548933,,,0.13135645027961873,301567,301567,50,0.483302735471134,0,True,0.45456832695830385,0.27917836018577585,1,0.31855225563049316,0.13139554858207703,0,"[5, 3, 3]","[64, 128, 256]",[512],6872544,bb6u13g1,411.3,trial_0039_learning_rate=1.0e-04_kernel_sizes=5x3x3_conv_channels=64x128x256_fc_dims=512_seed4,ef00e7cbdc,trial_0039_learning_rate=1.0e-04_kernel_sizes=5x3x3_conv_channels=64x128x256_fc_dims=512_seed4
/scratch/sb272/patterns5k_results/slurm_base_cnn_2026-03-04_16-53-19/trial_0040_learning_rate=1.0e-04_kernel_sizes=5x3x3_conv_channels=64x128x256_fc_dims=1024_seed0,cnn,0.16951191639900207,0.1330162810205407,0.012870416754768008,,,0.13669653298321482,465407,465407,50,0.47934226791954193,0,True,0.45456832695830385,0.2782355247422719,1,0.31855225563049316,0.13396237790584564,0,"[5, 3, 3]","[64, 128, 256]",[1024],6872545,bb6u19g1,542.8,trial_0040_learning_rate=1.0e-04_kernel_sizes=5x3x3_conv_channels=64x128x256_fc_dims=1024_seed0,df8bbc1b66,trial_0040_learning_rate=1.0e-04_kernel_sizes=5x3x3_conv_channels=64x128x256_fc_dims=1024_seed0
/scratch/sb272/patterns5k_results/slurm_base_cnn_2026-03-04_16-53-19/trial_0040_learning_rate=1.0e-04_kernel_sizes=5x3x3_conv_channels=64x128x256_fc_dims=1024_seed1,cnn,0.1692163051366806,0.12889686544118775,0.014996293045225598,,,0.13883673065413046,465407,465407,50,0.4528266405682432,0,True,0.45456832695830385,0.2614272527185098,1,0.31855225563049316,0.1292695701122284,0,"[5, 3, 3]","[64, 128, 256]",[1024],6872545,bb6u19g1,520.1,trial_0040_learning_rate=1.0e-04_kernel_sizes=5x3x3_conv_channels=64x128x256_fc_dims=1024_seed1,df8bbc1b66,trial_0040_learning_rate=1.0e-04_kernel_sizes=5x3x3_conv_channels=64x128x256_fc_dims=1024_seed1
/scratch/sb272/patterns5k_results/slurm_base_cnn_2026-03-04_16-53-19/trial_0040_learning_rate=1.0e-04_kernel_sizes=5x3x3_conv_channels=64x128x256_fc_dims=1024_seed2,cnn,0.16995995998382568,0.13093741723857183,0.01006969762226892,,,0.1306150130976863,465407,465407,50,0.4734494103631598,0,True,0.45456832695830385,0.274732156274054,1,0.31855225563049316,0.13185152411460876,0,"[5, 3, 3]","[64, 128, 256]",[1024],6872545,bb6u19g1,509.9,trial_0040_learning_rate=1.0e-04_kernel_sizes=5x3x3_conv_channels=64x128x256_fc_dims=1024_seed2,df8bbc1b66,trial_0040_learning_rate=1.0e-04_kernel_sizes=5x3x3_conv_channels=64x128x256_fc_dims=1024_seed2
/scratch/sb272/patterns5k_results/slurm_base_cnn_2026-03-04_16-53-19/trial_0040_learning_rate=1.0e-04_kernel_sizes=5x3x3_conv_channels=64x128x256_fc_dims=1024_seed3,cnn,0.17043511509895326,0.12921120885446694,0.01017267836464776,,,0.13067263615057564,465407,465407,50,0.45784219270310234,0,True,0.45456832695830385,0.26454484449669907,1,0.31855225563049316,0.1298893541097641,0,"[5, 3, 3]","[64, 128, 256]",[1024],6872545,bb6u19g1,502.2,trial_0040_learning_rate=1.0e-04_kernel_sizes=5x3x3_conv_channels=64x128x256_fc_dims=1024_seed3,df8bbc1b66,trial_0040_learning_rate=1.0e-04_kernel_sizes=5x3x3_conv_channels=64x128x256_fc_dims=1024_seed3
/scratch/sb272/patterns5k_results/slurm_base_cnn_2026-03-04_16-53-19/trial_0040_learning_rate=1.0e-04_kernel_sizes=5x3x3_conv_channels=64x128x256_fc_dims=1024_seed4,cnn,0.16970258033275604,0.13285737221034893,0.011112144069066123,,,0.13368246066818068,465407,465407,50,0.4798015928418065,0,True,0.45456832695830385,0.2772421775442972,2,0.31855225563049316,0.13327734172344208,0,"[5, 3, 3]","[64, 128, 256]",[1024],6872545,bb6u19g1,502.9,trial_0040_learning_rate=1.0e-04_kernel_sizes=5x3x3_conv_channels=64x128x256_fc_dims=1024_seed4,df8bbc1b66,trial_0040_learning_rate=1.0e-04_kernel_sizes=5x3x3_conv_channels=64x128x256_fc_dims=1024_seed4
/scratch/sb272/patterns5k_results/slurm_base_cnn_2026-03-04_16-53-19/trial_0041_learning_rate=1.0e-04_kernel_sizes=3x3x3_conv_channels=128x128x128_fc_dims=256_seed0,cnn,0.16921885418891908,0.12235145749237164,0.017758951300666445,,,0.12386776070627115,164799,164799,50,0.4439743184796514,0,True,0.45456832695830385,0.25882812647075215,1,0.31855225563049316,0.12341123819351196,0,"[3, 3, 3]","[128, 128, 128]",[256],6872545,bb6u19g1,299.3,trial_0041_learning_rate=1.0e-04_kernel_sizes=3x3x3_conv_channels=128x128x128_fc_dims=256_seed0,a4d9be2e82,trial_0041_learning_rate=1.0e-04_kernel_sizes=3x3x3_conv_channels=128x128x128_fc_dims=256_seed0
/scratch/sb272/patterns5k_results/slurm_base_cnn_2026-03-04_16-53-19/trial_0041_learning_rate=1.0e-04_kernel_sizes=3x3x3_conv_channels=128x128x128_fc_dims=256_seed1,cnn,0.16893936371803284,0.12426951203518077,0.01918551562324403,,,0.12838972392777104,164799,164799,50,0.45636827406426084,0,True,0.45456832695830385,0.26517781610449,1,0.31855225563049316,0.12548424303531647,0,"[3, 3, 3]","[128, 128, 128]",[256],6872545,bb6u19g1,302.0,trial_0041_learning_rate=1.0e-04_kernel_sizes=3x3x3_conv_channels=128x128x128_fc_dims=256_seed1,a4d9be2e82,trial_0041_learning_rate=1.0e-04_kernel_sizes=3x3x3_conv_channels=128x128x128_fc_dims=256_seed1
/scratch/sb272/patterns5k_results/slurm_base_cnn_2026-03-04_16-53-19/trial_0041_learning_rate=1.0e-04_kernel_sizes=3x3x3_conv_channels=128x128x128_fc_dims=256_seed2,cnn,0.16895851218700408,0.12487434277807141,0.01851559252966018,,,0.12253548714761249,164799,164799,50,0.4626395294007783,0,True,0.45456832695830385,0.26703856594015496,1,0.31855225563049316,0.12570112943649292,0,"[3, 3, 3]","[128, 128, 128]",[256],6872545,bb6u19g1,299.2,trial_0041_learning_rate=1.0e-04_kernel_sizes=3x3x3_conv_channels=128x128x128_fc_dims=256_seed2,a4d9be2e82,trial_0041_learning_rate=1.0e-04_kernel_sizes=3x3x3_conv_channels=128x128x128_fc_dims=256_seed2
/scratch/sb272/patterns5k_results/slurm_base_cnn_2026-03-04_16-53-19/trial_0041_learning_rate=1.0e-04_kernel_sizes=3x3x3_conv_channels=128x128x128_fc_dims=256_seed3,cnn,0.16934824907779694,0.12084627010073834,0.017637109945690822,,,0.1228125606859183,164799,164799,50,0.43348297271586256,0,True,0.45456832695830385,0.2524487874690983,1,0.31855225563049316,0.12166965007781982,0,"[3, 3, 3]","[128, 128, 128]",[256],6872545,bb6u19g1,303.6,trial_0041_learning_rate=1.0e-04_kernel_sizes=3x3x3_conv_channels=128x128x128_fc_dims=256_seed3,a4d9be2e82,trial_0041_learning_rate=1.0e-04_kernel_sizes=3x3x3_conv_channels=128x128x128_fc_dims=256_seed3
/scratch/sb272/patterns5k_results/slurm_base_cnn_2026-03-04_16-53-19/trial_0041_learning_rate=1.0e-04_kernel_sizes=3x3x3_conv_channels=128x128x128_fc_dims=256_seed4,cnn,0.16895782935619355,0.12482199404150798,0.018657143153841534,,,0.12415986566423053,164799,164799,50,0.44255117714605796,0,True,0.45456832695830385,0.25851360305409865,1,0.31855225563049316,0.12523862719535828,0,"[3, 3, 3]","[128, 128, 128]",[256],6872545,bb6u19g1,298.5,trial_0041_learning_rate=1.0e-04_kernel_sizes=3x3x3_conv_channels=128x128x128_fc_dims=256_seed4,a4d9be2e82,trial_0041_learning_rate=1.0e-04_kernel_sizes=3x3x3_conv_channels=128x128x128_fc_dims=256_seed4
/scratch/sb272/patterns5k_results/slurm_base_cnn_2026-03-04_16-53-19/trial_0042_learning_rate=1.0e-04_kernel_sizes=3x3x3_conv_channels=128x128x128_fc_dims=512_seed0,cnn,0.16933758091926573,0.12873332579202176,0.01680987032632979,,,0.1321982495281928,213951,213951,50,0.4682756065579076,0,True,0.45456832695830385,0.27206421340627973,1,0.31855225563049316,0.1291729211807251,0,"[3, 3, 3]","[128, 128, 128]",[512],6872545,bb6u19g1,334.5,trial_0042_learning_rate=1.0e-04_kernel_sizes=3x3x3_conv_channels=128x128x128_fc_dims=512_seed0,8731416b59,trial_0042_learning_rate=1.0e-04_kernel_sizes=3x3x3_conv_channels=128x128x128_fc_dims=512_seed0
/scratch/sb272/patterns5k_results/slurm_base_cnn_2026-03-04_16-53-19/trial_0042_learning_rate=1.0e-04_kernel_sizes=3x3x3_conv_channels=128x128x128_fc_dims=512_seed1,cnn,0.16907346427440642,0.12864937637691978,0.01711341975227235,,,0.13314084598228274,213951,213951,50,0.4670531912813798,0,True,0.45456832695830385,0.2717766164088306,1,0.31855225563049316,0.12949995696544647,0,"[3, 3, 3]","[128, 128, 128]",[512],6872545,bb6u19g1,336.8,trial_0042_learning_rate=1.0e-04_kernel_sizes=3x3x3_conv_channels=128x128x128_fc_dims=512_seed1,8731416b59,trial_0042_learning_rate=1.0e-04_kernel_sizes=3x3x3_conv_channels=128x128x128_fc_dims=512_seed1
/scratch/sb272/patterns5k_results/slurm_base_cnn_2026-03-04_16-53-19/trial_0042_learning_rate=1.0e-04_kernel_sizes=3x3x3_conv_channels=128x128x128_fc_dims=512_seed2,cnn,0.1688032294511795,0.1278820470868723,0.0176723769732884,,,0.1266588590019257,213951,213951,50,0.47720129178338105,0,True,0.45456832695830385,0.2762146085416009,2,0.31855225563049316,0.1281764805316925,0,"[3, 3, 3]","[128, 128, 128]",[512],6872545,bb6u19g1,342.4,trial_0042_learning_rate=1.0e-04_kernel_sizes=3x3x3_conv_channels=128x128x128_fc_dims=512_seed2,8731416b59,trial_0042_learning_rate=1.0e-04_kernel_sizes=3x3x3_conv_channels=128x128x128_fc_dims=512_seed2
/scratch/sb272/patterns5k_results/slurm_base_cnn_2026-03-04_16-53-19/trial_0042_learning_rate=1.0e-04_kernel_sizes=3x3x3_conv_channels=128x128x128_fc_dims=512_seed3,cnn,0.1691429867744446,0.12808903953982215,0.016979748294467016,,,0.1277022355282976,213951,213951,50,0.46681755312775575,0,True,0.45456832695830385,0.2723906917775137,1,0.31855225563049316,0.12901939451694489,0,"[3, 3, 3]","[128, 128, 128]",[512],6872545,bb6u19g1,346.7,trial_0042_learning_rate=1.0e-04_kernel_sizes=3x3x3_conv_channels=128x128x128_fc_dims=512_seed3,8731416b59,trial_0042_learning_rate=1.0e-04_kernel_sizes=3x3x3_conv_channels=128x128x128_fc_dims=512_seed3
/scratch/sb272/patterns5k_results/slurm_base_cnn_2026-03-04_16-53-19/trial_0042_learning_rate=1.0e-04_kernel_sizes=3x3x3_conv_channels=128x128x128_fc_dims=512_seed4,cnn,0.16965017557144166,0.12639528674183823,0.014672217861054436,,,0.12985504286613936,213951,213951,50,0.4673373844344322,0,True,0.45456832695830385,0.2725164945498954,1,0.31855225563049316,0.12736058235168457,0,"[3, 3, 3]","[128, 128, 128]",[512],6872545,bb6u19g1,348.2,trial_0042_learning_rate=1.0e-04_kernel_sizes=3x3x3_conv_channels=128x128x128_fc_dims=512_seed4,8731416b59,trial_0042_learning_rate=1.0e-04_kernel_sizes=3x3x3_conv_channels=128x128x128_fc_dims=512_seed4
/scratch/sb272/patterns5k_results/slurm_base_cnn_2026-03-04_16-53-19/trial_0043_learning_rate=1.0e-04_kernel_sizes=3x3x3_conv_channels=256x256x256_fc_dims=512_seed0,cnn,0.16893495059013366,0.13167819791589994,0.017119987616463314,,,0.13426687438318244,591679,591679,50,0.4828291418363656,0,True,0.45456832695830385,0.28189218174200076,1,0.31855225563049316,0.13236968219280243,0,"[3, 3, 3]","[256, 256, 256]",[512],6872545,bb6u19g1,552.6,trial_0043_learning_rate=1.0e-04_kernel_sizes=3x3x3_conv_channels=256x256x256_fc_dims=512_seed0,deef820973,trial_0043_learning_rate=1.0e-04_kernel_sizes=3x3x3_conv_channels=256x256x256_fc_dims=512_seed0
/scratch/sb272/patterns5k_results/slurm_base_cnn_2026-03-04_16-53-19/trial_0043_learning_rate=1.0e-04_kernel_sizes=3x3x3_conv_channels=256x256x256_fc_dims=512_seed1,cnn,0.16886683690547943,0.1303885668062257,0.01670317706607637,,,0.1357702441949444,591679,591679,50,0.4783519549329671,0,True,0.45456832695830385,0.2822826460920629,1,0.31855225563049316,0.13051041960716248,0,"[3, 3, 3]","[256, 256, 256]",[512],6872545,bb6u19g1,542.8,trial_0043_learning_rate=1.0e-04_kernel_sizes=3x3x3_conv_channels=256x256x256_fc_dims=512_seed1,deef820973,trial_0043_learning_rate=1.0e-04_kernel_sizes=3x3x3_conv_channels=256x256x256_fc_dims=512_seed1
/scratch/sb272/patterns5k_results/slurm_base_cnn_2026-03-04_16-53-19/trial_0043_learning_rate=1.0e-04_kernel_sizes=3x3x3_conv_channels=256x256x256_fc_dims=512_seed2,cnn,0.1683586378097534,0.1358276092618941,0.02074720651384384,,,0.1291368659269101,591679,591679,50,0.48864164071764987,0,True,0.45456832695830385,0.2866691627556993,2,0.31855225563049316,0.13659325242042542,0,"[3, 3, 3]","[256, 256, 256]",[512],6872545,bb6u19g1,534.8,trial_0043_learning_rate=1.0e-04_kernel_sizes=3x3x3_conv_channels=256x256x256_fc_dims=512_seed2,deef820973,trial_0043_learning_rate=1.0e-04_kernel_sizes=3x3x3_conv_channels=256x256x256_fc_dims=512_seed2
/scratch/sb272/patterns5k_results/slurm_base_cnn_2026-03-04_16-53-19/trial_0043_learning_rate=1.0e-04_kernel_sizes=3x3x3_conv_channels=256x256x256_fc_dims=512_seed3,cnn,0.16893116450309753,0.1293147223442272,0.016453898142254543,,,0.13104490494021506,591679,591679,46,0.470824525923983,0,True,0.45456832695830385,0.2773792688902978,1,0.31855225563049316,0.1302456110715866,0,"[3, 3, 3]","[256, 256, 256]",[512],6872545,bb6u19g1,509.7,trial_0043_learning_rate=1.0e-04_kernel_sizes=3x3x3_conv_channels=256x256x256_fc_dims=512_seed3,deef820973,trial_0043_learning_rate=1.0e-04_kernel_sizes=3x3x3_conv_channels=256x256x256_fc_dims=512_seed3
/scratch/sb272/patterns5k_results/slurm_base_cnn_2026-03-04_16-53-19/trial_0043_learning_rate=1.0e-04_kernel_sizes=3x3x3_conv_channels=256x256x256_fc_dims=512_seed4,cnn,0.16950118565559388,0.13019607550331713,0.012757177390749492,,,0.1323101445954384,591679,591679,50,0.4918695652935684,0,True,0.45456832695830385,0.2859008605664408,1,0.31855225563049316,0.1308967024087906,0,"[3, 3, 3]","[256, 256, 256]",[512],6872545,bb6u19g1,539.0,trial_0043_learning_rate=1.0e-04_kernel_sizes=3x3x3_conv_channels=256x256x256_fc_dims=512_seed4,deef820973,trial_0043_learning_rate=1.0e-04_kernel_sizes=3x3x3_conv_channels=256x256x256_fc_dims=512_seed4
/scratch/sb272/patterns5k_results/slurm_base_cnn_2026-03-04_16-53-19/trial_0044_learning_rate=1.0e-04_kernel_sizes=3x3x3_conv_channels=256x256x256_fc_dims=1024_seed0,cnn,0.1690785142183304,0.13346615235983675,0.014065358373853896,,,0.13735444359372542,755519,755519,49,0.4825697686416103,0,True,0.45456832695830385,0.28173470881915896,1,0.31855225563049316,0.1334872543811798,0,"[3, 3, 3]","[256, 256, 256]",[1024],6872545,bb6u19g1,614.6,trial_0044_learning_rate=1.0e-04_kernel_sizes=3x3x3_conv_channels=256x256x256_fc_dims=1024_seed0,ac4cf44892,trial_0044_learning_rate=1.0e-04_kernel_sizes=3x3x3_conv_channels=256x256x256_fc_dims=1024_seed0
/scratch/sb272/patterns5k_results/slurm_base_cnn_2026-03-04_16-53-19/trial_0044_learning_rate=1.0e-04_kernel_sizes=3x3x3_conv_channels=256x256x256_fc_dims=1024_seed1,cnn,0.1689912611246109,0.13300927017210468,0.01411834784916469,,,0.13806797427799425,755519,755519,50,0.4904364525843331,0,True,0.45456832695830385,0.2860280899789875,2,0.31855225563049316,0.13361205160617828,0,"[3, 3, 3]","[256, 256, 256]",[1024],6872545,bb6u19g1,637.6,trial_0044_learning_rate=1.0e-04_kernel_sizes=3x3x3_conv_channels=256x256x256_fc_dims=1024_seed1,ac4cf44892,trial_0044_learning_rate=1.0e-04_kernel_sizes=3x3x3_conv_channels=256x256x256_fc_dims=1024_seed1
/scratch/sb272/patterns5k_results/slurm_base_cnn_2026-03-04_16-53-19/trial_0044_learning_rate=1.0e-04_kernel_sizes=3x3x3_conv_channels=256x256x256_fc_dims=1024_seed2,cnn,0.16904412317276002,0.13250108398783153,0.01340795604009477,,,0.13225250324584573,755519,755519,50,0.49595178591827155,0,True,0.45456832695830385,0.28749816952048685,2,0.31855225563049316,0.13282881677150726,0,"[3, 3, 3]","[256, 256, 256]",[1024],6872545,bb6u19g1,623.7,trial_0044_learning_rate=1.0e-04_kernel_sizes=3x3x3_conv_channels=256x256x256_fc_dims=1024_seed2,ac4cf44892,trial_0044_learning_rate=1.0e-04_kernel_sizes=3x3x3_conv_channels=256x256x256_fc_dims=1024_seed2
/scratch/sb272/patterns5k_results/slurm_base_cnn_2026-03-04_16-53-19/trial_0044_learning_rate=1.0e-04_kernel_sizes=3x3x3_conv_channels=256x256x256_fc_dims=1024_seed3,cnn,0.16922726249694825,0.13214791738377163,0.012555686254349966,,,0.13163807871480246,755519,755519,50,0.4790993244206754,0,True,0.45456832695830385,0.2808718187305073,1,0.31855225563049316,0.13282199203968048,0,"[3, 3, 3]","[256, 256, 256]",[1024],6872545,bb6u19g1,626.3,trial_0044_learning_rate=1.0e-04_kernel_sizes=3x3x3_conv_channels=256x256x256_fc_dims=1024_seed3,ac4cf44892,trial_0044_learning_rate=1.0e-04_kernel_sizes=3x3x3_conv_channels=256x256x256_fc_dims=1024_seed3
/scratch/sb272/patterns5k_results/slurm_base_cnn_2026-03-04_16-53-19/trial_0044_learning_rate=1.0e-04_kernel_sizes=3x3x3_conv_channels=256x256x256_fc_dims=1024_seed4,cnn,0.16918697738647462,0.13003593371866914,0.013119818672301277,,,0.13531142417685438,755519,755519,50,0.4709406904893229,0,True,0.45456832695830385,0.27501498419007275,2,0.31855225563049316,0.13044749200344086,0,"[3, 3, 3]","[256, 256, 256]",[1024],6872545,bb6u19g1,623.4,trial_0044_learning_rate=1.0e-04_kernel_sizes=3x3x3_conv_channels=256x256x256_fc_dims=1024_seed4,ac4cf44892,trial_0044_learning_rate=1.0e-04_kernel_sizes=3x3x3_conv_channels=256x256x256_fc_dims=1024_seed4
/scratch/sb272/patterns5k_results/slurm_base_cnn_2026-03-04_16-53-19/trial_0045_learning_rate=1.0e-04_kernel_sizes=3x3_conv_channels=64x128_fc_dims=128_seed0,cnn,0.17153105819225312,0.1109304974222774,0.010675637494950067,,,0.10760074649344417,57855,57855,50,0.372394338877597,0,True,0.45456832695830385,0.22563423201148122,1,0.31855225563049316,0.11183881014585495,0,"[3, 3]","[64, 128]",[128],6872545,bb6u19g1,244.1,trial_0045_learning_rate=1.0e-04_kernel_sizes=3x3_conv_channels=64x128_fc_dims=128_seed0,fb792464f5,trial_0045_learning_rate=1.0e-04_kernel_sizes=3x3_conv_channels=64x128_fc_dims=128_seed0
/scratch/sb272/patterns5k_results/slurm_base_cnn_2026-03-04_16-53-19/trial_0045_learning_rate=1.0e-04_kernel_sizes=3x3_conv_channels=64x128_fc_dims=128_seed1,cnn,0.1719388291835785,0.10812089913296893,0.008823174332815504,,,0.11088077303430756,57855,57855,50,0.35535985824885724,0,True,0.45456832695830385,0.21536944558564974,1,0.31855225563049316,0.10921694338321686,0,"[3, 3]","[64, 128]",[128],6872545,bb6u19g1,244.3,trial_0045_learning_rate=1.0e-04_kernel_sizes=3x3_conv_channels=64x128_fc_dims=128_seed1,fb792464f5,trial_0045_learning_rate=1.0e-04_kernel_sizes=3x3_conv_channels=64x128_fc_dims=128_seed1
/scratch/sb272/patterns5k_results/slurm_base_cnn_2026-03-04_16-53-19/trial_0045_learning_rate=1.0e-04_kernel_sizes=3x3_conv_channels=64x128_fc_dims=128_seed2,cnn,0.17288909149169923,0.10302983549784121,0.00427767587086511,,,0.09828284141162101,57855,57855,50,0.33711915372580065,0,True,0.45456832695830385,0.20178290431909676,1,0.31855225563049316,0.10401903092861176,0,"[3, 3]","[64, 128]",[128],6872545,bb6u19g1,243.1,trial_0045_learning_rate=1.0e-04_kernel_sizes=3x3_conv_channels=64x128_fc_dims=128_seed2,fb792464f5,trial_0045_learning_rate=1.0e-04_kernel_sizes=3x3_conv_channels=64x128_fc_dims=128_seed2
/scratch/sb272/patterns5k_results/slurm_base_cnn_2026-03-04_16-53-19/trial_0045_learning_rate=1.0e-04_kernel_sizes=3x3_conv_channels=64x128_fc_dims=128_seed3,cnn,0.17414473986625673,0.09892002907506367,0.000117806215134878,,,0.10014903511398535,57855,57855,50,0.33271558348423513,0,True,0.45456832695830385,0.20051441527788924,1,0.31855225563049316,0.10011596977710724,0,"[3, 3]","[64, 128]",[128],6872545,bb6u19g1,237.8,trial_0045_learning_rate=1.0e-04_kernel_sizes=3x3_conv_channels=64x128_fc_dims=128_seed3,fb792464f5,trial_0045_learning_rate=1.0e-04_kernel_sizes=3x3_conv_channels=64x128_fc_dims=128_seed3
/scratch/sb272/patterns5k_results/slurm_base_cnn_2026-03-04_16-53-19/trial_0045_learning_rate=1.0e-04_kernel_sizes=3x3_conv_channels=64x128_fc_dims=128_seed4,cnn,0.1712343579530716,0.11502184019924525,0.011593067456805517,,,0.1119792882842999,57855,57855,50,0.38324315169814926,0,True,0.45456832695830385,0.22970472918536514,1,0.31855225563049316,0.11611257493495941,0,"[3, 3]","[64, 128]",[128],6872545,bb6u19g1,242.0,trial_0045_learning_rate=1.0e-04_kernel_sizes=3x3_conv_channels=64x128_fc_dims=128_seed4,fb792464f5,trial_0045_learning_rate=1.0e-04_kernel_sizes=3x3_conv_channels=64x128_fc_dims=128_seed4
/scratch/sb272/patterns5k_results/slurm_base_cnn_2026-03-04_16-53-19/trial_0046_learning_rate=1.0e-04_kernel_sizes=3x3_conv_channels=64x128_fc_dims=256_seed0,cnn,0.1727381989955902,0.1131298133438714,0.0055401987499660915,,,0.11133331036917023,82431,82431,50,0.3782481520139888,0,True,0.45456832695830385,0.22699899042127727,1,0.31855225563049316,0.11419045180082321,0,"[3, 3]","[64, 128]",[256],6872545,bb6u19g1,268.9,trial_0046_learning_rate=1.0e-04_kernel_sizes=3x3_conv_channels=64x128_fc_dims=256_seed0,1038a9348b,trial_0046_learning_rate=1.0e-04_kernel_sizes=3x3_conv_channels=64x128_fc_dims=256_seed0
/scratch/sb272/patterns5k_results/slurm_base_cnn_2026-03-04_16-53-19/trial_0046_learning_rate=1.0e-04_kernel_sizes=3x3_conv_channels=64x128_fc_dims=256_seed1,cnn,0.17183465707302092,0.11783141935874757,0.009716955442277212,,,0.11949251021786333,82431,82431,50,0.4085802932214761,0,True,0.45456832695830385,0.2437686166663338,1,0.31855225563049316,0.11912144720554352,0,"[3, 3]","[64, 128]",[256],6872545,bb6u19g1,258.6,trial_0046_learning_rate=1.0e-04_kernel_sizes=3x3_conv_channels=64x128_fc_dims=256_seed1,1038a9348b,trial_0046_learning_rate=1.0e-04_kernel_sizes=3x3_conv_channels=64x128_fc_dims=256_seed1
/scratch/sb272/patterns5k_results/slurm_base_cnn_2026-03-04_16-53-19/trial_0046_learning_rate=1.0e-04_kernel_sizes=3x3_conv_channels=64x128_fc_dims=256_seed2,cnn,0.17159567701816558,0.1161760750749176,0.01010401381386651,,,0.11274888076047572,82431,82431,50,0.4014967218297017,0,True,0.45456832695830385,0.23797828714714847,1,0.31855225563049316,0.11693080514669418,0,"[3, 3]","[64, 128]",[256],6872545,bb6u19g1,254.6,trial_0046_learning_rate=1.0e-04_kernel_sizes=3x3_conv_channels=64x128_fc_dims=256_seed2,1038a9348b,trial_0046_learning_rate=1.0e-04_kernel_sizes=3x3_conv_channels=64x128_fc_dims=256_seed2
/scratch/sb272/patterns5k_results/slurm_base_cnn_2026-03-04_16-53-19/trial_0046_learning_rate=1.0e-04_kernel_sizes=3x3_conv_channels=64x128_fc_dims=256_seed3,cnn,0.17249869894981384,0.1102396419525066,0.006755315122150239,,,0.10929291272981864,82431,82431,50,0.38231532440198357,0,True,0.45456832695830385,0.22937406616640393,1,0.31855225563049316,0.11157791316509247,0,"[3, 3]","[64, 128]",[256],6872545,bb6u19g1,256.0,trial_0046_learning_rate=1.0e-04_kernel_sizes=3x3_conv_channels=64x128_fc_dims=256_seed3,1038a9348b,trial_0046_learning_rate=1.0e-04_kernel_sizes=3x3_conv_channels=64x128_fc_dims=256_seed3
/scratch/sb272/patterns5k_results/slurm_base_cnn_2026-03-04_16-53-19/trial_0046_learning_rate=1.0e-04_kernel_sizes=3x3_conv_channels=64x128_fc_dims=256_seed4,cnn,0.17183937084674836,0.11343043269096006,0.009374517296987867,,,0.11330222656334277,82431,82431,50,0.4048613186819813,0,True,0.45456832695830385,0.24189604652932037,1,0.31855225563049316,0.11474603414535522,0,"[3, 3]","[64, 128]",[256],6872545,bb6u19g1,264.8,trial_0046_learning_rate=1.0e-04_kernel_sizes=3x3_conv_channels=64x128_fc_dims=256_seed4,1038a9348b,trial_0046_learning_rate=1.0e-04_kernel_sizes=3x3_conv_channels=64x128_fc_dims=256_seed4
/scratch/sb272/patterns5k_results/slurm_base_cnn_2026-03-04_16-53-19/trial_0047_learning_rate=1.0e-04_kernel_sizes=3x3_conv_channels=64x128_fc_dims=512_seed0,cnn,0.17118486869335175,0.11978651084408107,0.01164986879106552,,,0.11655887723066992,131583,131583,50,0.418516484433191,0,True,0.45456832695830385,0.24896415630188923,1,0.31855225563049316,0.12058909237384796,0,"[3, 3]","[64, 128]",[512],6872545,bb6u19g1,289.2,trial_0047_learning_rate=1.0e-04_kernel_sizes=3x3_conv_channels=64x128_fc_dims=512_seed0,5c3381b10e,trial_0047_learning_rate=1.0e-04_kernel_sizes=3x3_conv_channels=64x128_fc_dims=512_seed0
/scratch/sb272/patterns5k_results/slurm_base_cnn_2026-03-04_16-53-19/trial_0047_learning_rate=1.0e-04_kernel_sizes=3x3_conv_channels=64x128_fc_dims=512_seed1,cnn,0.17136679470539093,0.12043510432456447,0.009969555196307954,,,0.12558776934515686,131583,131583,50,0.424732952168822,0,True,0.45456832695830385,0.251912929807608,1,0.31855225563049316,0.12135757505893707,0,"[3, 3]","[64, 128]",[512],6872545,bb6u19g1,290.1,trial_0047_learning_rate=1.0e-04_kernel_sizes=3x3_conv_channels=64x128_fc_dims=512_seed1,5c3381b10e,trial_0047_learning_rate=1.0e-04_kernel_sizes=3x3_conv_channels=64x128_fc_dims=512_seed1
/scratch/sb272/patterns5k_results/slurm_base_cnn_2026-03-04_16-53-19/trial_0047_learning_rate=1.0e-04_kernel_sizes=3x3_conv_channels=64x128_fc_dims=512_seed2,cnn,0.1719327439069748,0.12229423875291624,0.009381206262679328,,,0.11796756203829069,131583,131583,50,0.4352703942880525,0,True,0.45456832695830385,0.25632284046339376,1,0.31855225563049316,0.12309317290782928,0,"[3, 3]","[64, 128]",[512],6872545,bb6u19g1,280.2,trial_0047_learning_rate=1.0e-04_kernel_sizes=3x3_conv_channels=64x128_fc_dims=512_seed2,5c3381b10e,trial_0047_learning_rate=1.0e-04_kernel_sizes=3x3_conv_channels=64x128_fc_dims=512_seed2
/scratch/sb272/patterns5k_results/slurm_base_cnn_2026-03-04_16-53-19/trial_0047_learning_rate=1.0e-04_kernel_sizes=3x3_conv_channels=64x128_fc_dims=512_seed3,cnn,0.17252320337295532,0.11700460620777778,0.006330218580034044,,,0.11833374980698548,131583,131583,50,0.4051611281003202,0,True,0.45456832695830385,0.24296151057019758,1,0.31855225563049316,0.11794784665107727,0,"[3, 3]","[64, 128]",[512],6872545,bb6u19g1,295.4,trial_0047_learning_rate=1.0e-04_kernel_sizes=3x3_conv_channels=64x128_fc_dims=512_seed3,5c3381b10e,trial_0047_learning_rate=1.0e-04_kernel_sizes=3x3_conv_channels=64x128_fc_dims=512_seed3
/scratch/sb272/patterns5k_results/slurm_base_cnn_2026-03-04_16-53-19/trial_0047_learning_rate=1.0e-04_kernel_sizes=3x3_conv_channels=64x128_fc_dims=512_seed4,cnn,0.17137476289272308,0.11951349533853882,0.009290310125502329,,,0.12172480439776093,131583,131583,50,0.43099808575275095,0,True,0.45456832695830385,0.256487596440639,1,0.31855225563049316,0.12041565030813217,0,"[3, 3]","[64, 128]",[512],6872545,bb6u19g1,290.6,trial_0047_learning_rate=1.0e-04_kernel_sizes=3x3_conv_channels=64x128_fc_dims=512_seed4,5c3381b10e,trial_0047_learning_rate=1.0e-04_kernel_sizes=3x3_conv_channels=64x128_fc_dims=512_seed4
/scratch/sb272/patterns5k_results/slurm_base_cnn_2026-03-04_16-53-19/trial_0048_learning_rate=1.0e-04_kernel_sizes=5x3_conv_channels=128x256_fc_dims=256_seed0,cnn,0.17304220616817476,0.11040675602910184,0.002979292756035214,,,0.11051548267301597,208319,208319,50,0.38357648341505823,0,True,0.45456832695830385,0.22979862250146346,1,0.31855225563049316,0.11142659932374954,0,"[5, 3]","[128, 256]",[256],6872545,bb6u19g1,331.4,trial_0048_learning_rate=1.0e-04_kernel_sizes=5x3_conv_channels=128x256_fc_dims=256_seed0,41bad91675,trial_0048_learning_rate=1.0e-04_kernel_sizes=5x3_conv_channels=128x256_fc_dims=256_seed0
/scratch/sb272/patterns5k_results/slurm_base_cnn_2026-03-04_16-53-19/trial_0048_learning_rate=1.0e-04_kernel_sizes=5x3_conv_channels=128x256_fc_dims=256_seed1,cnn,0.17270614314079286,0.11778511900815651,0.0035974298204694477,,,0.12470810393287242,208319,208319,50,0.4215202917481241,0,True,0.45456832695830385,0.25022963705267387,1,0.31855225563049316,0.1188230887055397,0,"[5, 3]","[128, 256]",[256],6872545,bb6u19g1,327.1,trial_0048_learning_rate=1.0e-04_kernel_sizes=5x3_conv_channels=128x256_fc_dims=256_seed1,41bad91675,trial_0048_learning_rate=1.0e-04_kernel_sizes=5x3_conv_channels=128x256_fc_dims=256_seed1
/scratch/sb272/patterns5k_results/slurm_base_cnn_2026-03-04_16-53-19/trial_0048_learning_rate=1.0e-04_kernel_sizes=5x3_conv_channels=128x256_fc_dims=256_seed2,cnn,0.1713805067539215,0.12433117365096293,0.0073762791497366765,,,0.12152470415223383,208319,208319,50,0.4330796597029817,0,True,0.45456832695830385,0.25741136587094593,1,0.31855225563049316,0.1250944286584854,0,"[5, 3]","[128, 256]",[256],6872545,bb6u19g1,321.3,trial_0048_learning_rate=1.0e-04_kernel_sizes=5x3_conv_channels=128x256_fc_dims=256_seed2,41bad91675,trial_0048_learning_rate=1.0e-04_kernel_sizes=5x3_conv_channels=128x256_fc_dims=256_seed2
/scratch/sb272/patterns5k_results/slurm_base_cnn_2026-03-04_16-53-19/trial_0048_learning_rate=1.0e-04_kernel_sizes=5x3_conv_channels=128x256_fc_dims=256_seed3,cnn,0.1728201835155487,0.11273626811807075,0.004096196757422553,,,0.11266153223545226,208319,208319,50,0.4007541908549108,0,True,0.45456832695830385,0.23857222212364299,1,0.31855225563049316,0.11381514370441437,0,"[5, 3]","[128, 256]",[256],6872545,bb6u19g1,333.8,trial_0048_learning_rate=1.0e-04_kernel_sizes=5x3_conv_channels=128x256_fc_dims=256_seed3,41bad91675,trial_0048_learning_rate=1.0e-04_kernel_sizes=5x3_conv_channels=128x256_fc_dims=256_seed3
/scratch/sb272/patterns5k_results/slurm_base_cnn_2026-03-04_16-53-19/trial_0048_learning_rate=1.0e-04_kernel_sizes=5x3_conv_channels=128x256_fc_dims=256_seed4,cnn,0.1706652590036392,0.12291567995015241,0.010309960160936629,,,0.12481647079162639,208319,208319,50,0.44268716856400475,0,True,0.45456832695830385,0.25933756485437254,1,0.31855225563049316,0.12350928038358688,0,"[5, 3]","[128, 256]",[256],6872545,bb6u19g1,356.4,trial_0048_learning_rate=1.0e-04_kernel_sizes=5x3_conv_channels=128x256_fc_dims=256_seed4,41bad91675,trial_0048_learning_rate=1.0e-04_kernel_sizes=5x3_conv_channels=128x256_fc_dims=256_seed4
/scratch/sb272/patterns5k_results/slurm_base_cnn_2026-03-04_16-53-19/trial_0049_learning_rate=1.0e-04_kernel_sizes=5x3_conv_channels=128x256_fc_dims=512_seed0,cnn,0.17200684821605683,0.12248445937222834,0.00424964844234406,,,0.12674517654738687,290239,290239,50,0.4353464736876497,0,True,0.45456832695830385,0.25963197867141036,1,0.31855225563049316,0.12320317327976227,0,"[5, 3]","[128, 256]",[512],6872545,bb6u19g1,400.9,trial_0049_learning_rate=1.0e-04_kernel_sizes=5x3_conv_channels=128x256_fc_dims=512_seed0,e99a1928c4,trial_0049_learning_rate=1.0e-04_kernel_sizes=5x3_conv_channels=128x256_fc_dims=512_seed0
/scratch/sb272/patterns5k_results/slurm_base_cnn_2026-03-04_16-53-19/trial_0049_learning_rate=1.0e-04_kernel_sizes=5x3_conv_channels=128x256_fc_dims=512_seed1,cnn,0.1715467585325241,0.12463525386798337,0.006547444396548801,,,0.13012453324918938,290239,290239,50,0.44903625468176434,0,True,0.45456832695830385,0.2658520736409212,1,0.31855225563049316,0.12567389011383057,0,"[5, 3]","[128, 256]",[512],6872545,bb6u19g1,398.7,trial_0049_learning_rate=1.0e-04_kernel_sizes=5x3_conv_channels=128x256_fc_dims=512_seed1,e99a1928c4,trial_0049_learning_rate=1.0e-04_kernel_sizes=5x3_conv_channels=128x256_fc_dims=512_seed1
/scratch/sb272/patterns5k_results/slurm_base_cnn_2026-03-04_16-53-19/trial_0049_learning_rate=1.0e-04_kernel_sizes=5x3_conv_channels=128x256_fc_dims=512_seed2,cnn,0.17121583473682403,0.1273399186796487,0.0066269248250931025,,,0.12658785296025207,290239,290239,50,0.4370889886462013,0,True,0.45456832695830385,0.25847790806733983,1,0.31855225563049316,0.12791308760643005,0,"[5, 3]","[128, 256]",[512],6872545,bb6u19g1,399.9,trial_0049_learning_rate=1.0e-04_kernel_sizes=5x3_conv_channels=128x256_fc_dims=512_seed2,e99a1928c4,trial_0049_learning_rate=1.0e-04_kernel_sizes=5x3_conv_channels=128x256_fc_dims=512_seed2
/scratch/sb272/patterns5k_results/slurm_base_cnn_2026-03-04_16-53-19/trial_0049_learning_rate=1.0e-04_kernel_sizes=5x3_conv_channels=128x256_fc_dims=512_seed3,cnn,0.17134641444683074,0.1275544295281884,0.005412180272359696,,,0.129702697642949,290239,290239,50,0.4389125907493103,0,True,0.45456832695830385,0.2610080882942633,1,0.31855225563049316,0.12831754982471466,0,"[5, 3]","[128, 256]",[512],6872545,bb6u19g1,396.7,trial_0049_learning_rate=1.0e-04_kernel_sizes=5x3_conv_channels=128x256_fc_dims=512_seed3,e99a1928c4,trial_0049_learning_rate=1.0e-04_kernel_sizes=5x3_conv_channels=128x256_fc_dims=512_seed3
/scratch/sb272/patterns5k_results/slurm_base_cnn_2026-03-04_16-53-19/trial_0049_learning_rate=1.0e-04_kernel_sizes=5x3_conv_channels=128x256_fc_dims=512_seed4,cnn,0.17210482120513915,0.12058412727564895,0.0051491241606455,,,0.12100174147770458,290239,290239,50,0.4321934204018211,0,True,0.45456832695830385,0.25678227293413625,1,0.31855225563049316,0.12187403440475464,0,"[5, 3]","[128, 256]",[512],6872545,bb6u19g1,399.5,trial_0049_learning_rate=1.0e-04_kernel_sizes=5x3_conv_channels=128x256_fc_dims=512_seed4,e99a1928c4,trial_0049_learning_rate=1.0e-04_kernel_sizes=5x3_conv_channels=128x256_fc_dims=512_seed4
/scratch/sb272/patterns5k_results/slurm_base_cnn_2026-03-04_16-53-19/trial_0050_learning_rate=1.0e-04_kernel_sizes=5x3_conv_channels=128x256_fc_dims=1024_seed0,cnn,0.17219582200050354,0.12815809404129408,0.0021274316878545853,,,0.1317229795500653,454079,454079,50,0.4513812832781581,0,True,0.45456832695830385,0.2676249645950545,1,0.31855225563049316,0.1289389729499817,0,"[5, 3]","[128, 256]",[1024],6872546,bb6u19g1,523.8,trial_0050_learning_rate=1.0e-04_kernel_sizes=5x3_conv_channels=128x256_fc_dims=1024_seed0,1fb882a051,trial_0050_learning_rate=1.0e-04_kernel_sizes=5x3_conv_channels=128x256_fc_dims=1024_seed0
/scratch/sb272/patterns5k_results/slurm_base_cnn_2026-03-04_16-53-19/trial_0050_learning_rate=1.0e-04_kernel_sizes=5x3_conv_channels=128x256_fc_dims=1024_seed1,cnn,0.1726218388080597,0.1282210154489284,0.0005081381116594587,,,0.13461554317400617,454079,454079,50,0.43974183630087477,0,True,0.45456832695830385,0.2614778133493425,1,0.31855225563049316,0.1292407512664795,0,"[5, 3]","[128, 256]",[1024],6872546,bb6u19g1,490.6,trial_0050_learning_rate=1.0e-04_kernel_sizes=5x3_conv_channels=128x256_fc_dims=1024_seed1,1fb882a051,trial_0050_learning_rate=1.0e-04_kernel_sizes=5x3_conv_channels=128x256_fc_dims=1024_seed1
/scratch/sb272/patterns5k_results/slurm_base_cnn_2026-03-04_16-53-19/trial_0050_learning_rate=1.0e-04_kernel_sizes=5x3_conv_channels=128x256_fc_dims=1024_seed2,cnn,0.17251337826251983,0.125364879526467,0.0003791281155177525,,,0.12491897221938186,454079,454079,50,0.46137732601698794,0,True,0.45456832695830385,0.27164571408919425,1,0.31855225563049316,0.1262824833393097,0,"[5, 3]","[128, 256]",[1024],6872546,bb6u19g1,495.2,trial_0050_learning_rate=1.0e-04_kernel_sizes=5x3_conv_channels=128x256_fc_dims=1024_seed2,1fb882a051,trial_0050_learning_rate=1.0e-04_kernel_sizes=5x3_conv_channels=128x256_fc_dims=1024_seed2
/scratch/sb272/patterns5k_results/slurm_base_cnn_2026-03-04_16-53-19/trial_0050_learning_rate=1.0e-04_kernel_sizes=5x3_conv_channels=128x256_fc_dims=1024_seed3,cnn,0.17248611748218537,0.12698714175696033,0.001522342363993327,,,0.12740133772476012,454079,454079,50,0.44588499834377127,0,True,0.45456832695830385,0.2641545206331455,1,0.31855225563049316,0.1279001384973526,0,"[5, 3]","[128, 256]",[1024],6872546,bb6u19g1,493.9,trial_0050_learning_rate=1.0e-04_kernel_sizes=5x3_conv_channels=128x256_fc_dims=1024_seed3,1fb882a051,trial_0050_learning_rate=1.0e-04_kernel_sizes=5x3_conv_channels=128x256_fc_dims=1024_seed3
/scratch/sb272/patterns5k_results/slurm_base_cnn_2026-03-04_16-53-19/trial_0050_learning_rate=1.0e-04_kernel_sizes=5x3_conv_channels=128x256_fc_dims=1024_seed4,cnn,0.1725060203075409,0.12524000008717703,0.0006475817589532761,,,0.12599718060989104,454079,454079,50,0.45158630818244405,0,True,0.45456832695830385,0.2653927052368383,1,0.31855225563049316,0.12591703236103058,0,"[5, 3]","[128, 256]",[1024],6872546,bb6u19g1,488.3,trial_0050_learning_rate=1.0e-04_kernel_sizes=5x3_conv_channels=128x256_fc_dims=1024_seed4,1fb882a051,trial_0050_learning_rate=1.0e-04_kernel_sizes=5x3_conv_channels=128x256_fc_dims=1024_seed4
/scratch/sb272/patterns5k_results/slurm_base_cnn_2026-03-04_16-53-19/trial_0051_learning_rate=1.0e-04_kernel_sizes=3x3x3_conv_channels=32x64x128_fc_dims=128_seed0,cnn,0.17020667731761932,0.10848016017764253,0.013856366513267396,,,0.10443545418513576,60063,60063,50,0.3710352674134727,0,True,0.45456832695830385,0.21444772802017587,1,0.31855225563049316,0.10909135639667511,0,"[3, 3, 3]","[32, 64, 128]",[128],6872546,bb6u19g1,243.6,trial_0051_learning_rate=1.0e-04_kernel_sizes=3x3x3_conv_channels=32x64x128_fc_dims=128_seed0,ac3541980f,trial_0051_learning_rate=1.0e-04_kernel_sizes=3x3x3_conv_channels=32x64x128_fc_dims=128_seed0
/scratch/sb272/patterns5k_results/slurm_base_cnn_2026-03-04_16-53-19/trial_0051_learning_rate=1.0e-04_kernel_sizes=3x3x3_conv_channels=32x64x128_fc_dims=128_seed1,cnn,0.17036724984645843,0.10752517445555448,0.013821219641064841,,,0.10924273107458246,60063,60063,50,0.368078787528853,0,True,0.45456832695830385,0.21578716041127985,1,0.31855225563049316,0.10853239893913269,0,"[3, 3, 3]","[32, 64, 128]",[128],6872546,bb6u19g1,246.4,trial_0051_learning_rate=1.0e-04_kernel_sizes=3x3x3_conv_channels=32x64x128_fc_dims=128_seed1,ac3541980f,trial_0051_learning_rate=1.0e-04_kernel_sizes=3x3x3_conv_channels=32x64x128_fc_dims=128_seed1
/scratch/sb272/patterns5k_results/slurm_base_cnn_2026-03-04_16-53-19/trial_0051_learning_rate=1.0e-04_kernel_sizes=3x3x3_conv_channels=32x64x128_fc_dims=128_seed2,cnn,0.17039381146430968,0.1080252148939591,0.01334256406814333,,,0.10226056079190447,60063,60063,50,0.37724485478453296,0,True,0.45456832695830385,0.22037355230756162,1,0.31855225563049316,0.10876455157995224,0,"[3, 3, 3]","[32, 64, 128]",[128],6872546,bb6u19g1,247.6,trial_0051_learning_rate=1.0e-04_kernel_sizes=3x3x3_conv_channels=32x64x128_fc_dims=128_seed2,ac3541980f,trial_0051_learning_rate=1.0e-04_kernel_sizes=3x3x3_conv_channels=32x64x128_fc_dims=128_seed2
/scratch/sb272/patterns5k_results/slurm_base_cnn_2026-03-04_16-53-19/trial_0051_learning_rate=1.0e-04_kernel_sizes=3x3x3_conv_channels=32x64x128_fc_dims=128_seed3,cnn,0.17055399262905122,0.10538875258540845,0.013075273188333663,,,0.10342178484961764,60063,60063,50,0.35709487289271885,0,True,0.45456832695830385,0.208607291028565,1,0.31855225563049316,0.10623356699943542,0,"[3, 3, 3]","[32, 64, 128]",[128],6872546,bb6u19g1,244.3,trial_0051_learning_rate=1.0e-04_kernel_sizes=3x3x3_conv_channels=32x64x128_fc_dims=128_seed3,ac3541980f,trial_0051_learning_rate=1.0e-04_kernel_sizes=3x3x3_conv_channels=32x64x128_fc_dims=128_seed3
/scratch/sb272/patterns5k_results/slurm_base_cnn_2026-03-04_16-53-19/trial_0051_learning_rate=1.0e-04_kernel_sizes=3x3x3_conv_channels=32x64x128_fc_dims=128_seed4,cnn,0.17039865529537201,0.10638911635781657,0.012988634525783478,,,0.1074222569070934,60063,60063,50,0.36393576457111787,0,True,0.45456832695830385,0.20930693644530302,1,0.31855225563049316,0.10711536556482315,0,"[3, 3, 3]","[32, 64, 128]",[128],6872546,bb6u19g1,250.9,trial_0051_learning_rate=1.0e-04_kernel_sizes=3x3x3_conv_channels=32x64x128_fc_dims=128_seed4,ac3541980f,trial_0051_learning_rate=1.0e-04_kernel_sizes=3x3x3_conv_channels=32x64x128_fc_dims=128_seed4
/scratch/sb272/patterns5k_results/slurm_base_cnn_2026-03-04_16-53-19/trial_0052_learning_rate=1.0e-04_kernel_sizes=3x3x3_conv_channels=32x64x128_fc_dims=256_seed0,cnn,0.17002709484100342,0.11338169656857303,0.014917418124183776,,,0.11206404795799818,84639,84639,50,0.3961275143665488,0,True,0.45456832695830385,0.23149498483306263,1,0.31855225563049316,0.11429457366466522,0,"[3, 3, 3]","[32, 64, 128]",[256],6872546,bb6u19g1,254.1,trial_0052_learning_rate=1.0e-04_kernel_sizes=3x3x3_conv_channels=32x64x128_fc_dims=256_seed0,27be9f5c94,trial_0052_learning_rate=1.0e-04_kernel_sizes=3x3x3_conv_channels=32x64x128_fc_dims=256_seed0
/scratch/sb272/patterns5k_results/slurm_base_cnn_2026-03-04_16-53-19/trial_0052_learning_rate=1.0e-04_kernel_sizes=3x3x3_conv_channels=32x64x128_fc_dims=256_seed1,cnn,0.1699536691904068,0.11481426773780165,0.01493575648655967,,,0.11593947580084378,84639,84639,50,0.38864703692550784,0,True,0.45456832695830385,0.22683199609979132,1,0.31855225563049316,0.11552024632692337,0,"[3, 3, 3]","[32, 64, 128]",[256],6872546,bb6u19g1,259.2,trial_0052_learning_rate=1.0e-04_kernel_sizes=3x3x3_conv_channels=32x64x128_fc_dims=256_seed1,27be9f5c94,trial_0052_learning_rate=1.0e-04_kernel_sizes=3x3x3_conv_channels=32x64x128_fc_dims=256_seed1
/scratch/sb272/patterns5k_results/slurm_base_cnn_2026-03-04_16-53-19/trial_0052_learning_rate=1.0e-04_kernel_sizes=3x3x3_conv_channels=32x64x128_fc_dims=256_seed2,cnn,0.17038375735282899,0.10788715385615072,0.013840135127779037,,,0.10639142169790344,84639,84639,50,0.37340357331421153,0,True,0.45456832695830385,0.21630350307192425,0,0.31855225563049316,0.1085098385810852,0,"[3, 3, 3]","[32, 64, 128]",[256],6872546,bb6u19g1,263.0,trial_0052_learning_rate=1.0e-04_kernel_sizes=3x3x3_conv_channels=32x64x128_fc_dims=256_seed2,27be9f5c94,trial_0052_learning_rate=1.0e-04_kernel_sizes=3x3x3_conv_channels=32x64x128_fc_dims=256_seed2
/scratch/sb272/patterns5k_results/slurm_base_cnn_2026-03-04_16-53-19/trial_0052_learning_rate=1.0e-04_kernel_sizes=3x3x3_conv_channels=32x64x128_fc_dims=256_seed3,cnn,0.17032717978954315,0.1102085726640277,0.014070359487382193,,,0.10916912279881409,84639,84639,50,0.37756193741315686,0,True,0.45456832695830385,0.22222273861203978,1,0.31855225563049316,0.11098626255989075,0,"[3, 3, 3]","[32, 64, 128]",[256],6872546,bb6u19g1,257.7,trial_0052_learning_rate=1.0e-04_kernel_sizes=3x3x3_conv_channels=32x64x128_fc_dims=256_seed3,27be9f5c94,trial_0052_learning_rate=1.0e-04_kernel_sizes=3x3x3_conv_channels=32x64x128_fc_dims=256_seed3
/scratch/sb272/patterns5k_results/slurm_base_cnn_2026-03-04_16-53-19/trial_0052_learning_rate=1.0e-04_kernel_sizes=3x3x3_conv_channels=32x64x128_fc_dims=256_seed4,cnn,0.17014416670799257,0.11308882967964179,0.014394013654618036,,,0.11221071989216412,84639,84639,50,0.395556458793725,0,True,0.45456832695830385,0.22968700740073708,1,0.31855225563049316,0.11407741904258728,0,"[3, 3, 3]","[32, 64, 128]",[256],6872546,bb6u19g1,267.3,trial_0052_learning_rate=1.0e-04_kernel_sizes=3x3x3_conv_channels=32x64x128_fc_dims=256_seed4,27be9f5c94,trial_0052_learning_rate=1.0e-04_kernel_sizes=3x3x3_conv_channels=32x64x128_fc_dims=256_seed4
/scratch/sb272/patterns5k_results/slurm_base_cnn_2026-03-04_16-53-19/trial_0053_learning_rate=1.0e-04_kernel_sizes=5x3x3_conv_channels=64x128x256_fc_dims=256_seed0,cnn,0.168636426448822,0.12605739926780027,0.018500008280315096,,,0.1272684495042648,219647,219647,50,0.44942010591414827,0,True,0.45456832695830385,0.26049587234316307,1,0.31855225563049316,0.12682031095027924,0,"[5, 3, 3]","[64, 128, 256]",[256],6872546,bb6u19g1,349.0,trial_0053_learning_rate=1.0e-04_kernel_sizes=5x3x3_conv_channels=64x128x256_fc_dims=256_seed0,7bd984942f,trial_0053_learning_rate=1.0e-04_kernel_sizes=5x3x3_conv_channels=64x128x256_fc_dims=256_seed0
/scratch/sb272/patterns5k_results/slurm_base_cnn_2026-03-04_16-53-19/trial_0053_learning_rate=1.0e-04_kernel_sizes=5x3x3_conv_channels=64x128x256_fc_dims=256_seed1,cnn,0.16889772152900695,0.12379424405040176,0.017416091192336308,,,0.13069231878076482,219647,219647,50,0.464939764651852,0,True,0.45456832695830385,0.2653404514799647,1,0.31855225563049316,0.12502135336399078,0,"[5, 3, 3]","[64, 128, 256]",[256],6872546,bb6u19g1,352.2,trial_0053_learning_rate=1.0e-04_kernel_sizes=5x3x3_conv_channels=64x128x256_fc_dims=256_seed1,7bd984942f,trial_0053_learning_rate=1.0e-04_kernel_sizes=5x3x3_conv_channels=64x128x256_fc_dims=256_seed1
/scratch/sb272/patterns5k_results/slurm_base_cnn_2026-03-04_16-53-19/trial_0053_learning_rate=1.0e-04_kernel_sizes=5x3x3_conv_channels=64x128x256_fc_dims=256_seed2,cnn,0.1685868216753006,0.1263705652276349,0.01883631471603636,,,0.12440499393895246,219647,219647,50,0.4467115956597267,0,True,0.45456832695830385,0.2600901872755696,1,0.31855225563049316,0.12753190100193024,0,"[5, 3, 3]","[64, 128, 256]",[256],6872546,bb6u19g1,350.8,trial_0053_learning_rate=1.0e-04_kernel_sizes=5x3x3_conv_channels=64x128x256_fc_dims=256_seed2,7bd984942f,trial_0053_learning_rate=1.0e-04_kernel_sizes=5x3x3_conv_channels=64x128x256_fc_dims=256_seed2
/scratch/sb272/patterns5k_results/slurm_base_cnn_2026-03-04_16-53-19/trial_0053_learning_rate=1.0e-04_kernel_sizes=5x3x3_conv_channels=64x128x256_fc_dims=256_seed3,cnn,0.1689001168012619,0.1234026522028718,0.017668216001419795,,,0.12726462274640726,219647,219647,50,0.44685120836065445,0,True,0.45456832695830385,0.25940137211716174,0,0.31855225563049316,0.12425658851861954,0,"[5, 3, 3]","[64, 128, 256]",[256],6872546,bb6u19g1,350.1,trial_0053_learning_rate=1.0e-04_kernel_sizes=5x3x3_conv_channels=64x128x256_fc_dims=256_seed3,7bd984942f,trial_0053_learning_rate=1.0e-04_kernel_sizes=5x3x3_conv_channels=64x128x256_fc_dims=256_seed3
/scratch/sb272/patterns5k_results/slurm_base_cnn_2026-03-04_16-53-19/trial_0053_learning_rate=1.0e-04_kernel_sizes=5x3x3_conv_channels=64x128x256_fc_dims=256_seed4,cnn,0.16870438838005067,0.12343537705031982,0.0185621768709213,,,0.12714296494446406,219647,219647,50,0.44236054811678277,0,True,0.45456832695830385,0.25509475959933586,1,0.31855225563049316,0.12463948130607605,0,"[5, 3, 3]","[64, 128, 256]",[256],6872546,bb6u19g1,345.8,trial_0053_learning_rate=1.0e-04_kernel_sizes=5x3x3_conv_channels=64x128x256_fc_dims=256_seed4,7bd984942f,trial_0053_learning_rate=1.0e-04_kernel_sizes=5x3x3_conv_channels=64x128x256_fc_dims=256_seed4
/scratch/sb272/patterns5k_results/slurm_base_cnn_2026-03-04_16-53-19/trial_0054_learning_rate=1.0e-04_kernel_sizes=5x3x3_conv_channels=64x128x256_fc_dims=512_seed0,cnn,0.16880411303043366,0.12792701613851645,0.018054431393032984,,,0.13242612819528585,301567,301567,50,0.4606221106129952,0,True,0.45456832695830385,0.2657332509089367,1,0.31855225563049316,0.1288468837738037,0,"[5, 3, 3]","[64, 128, 256]",[512],6872546,bb6u19g1,388.9,trial_0054_learning_rate=1.0e-04_kernel_sizes=5x3x3_conv_channels=64x128x256_fc_dims=512_seed0,e3b10cd4dc,trial_0054_learning_rate=1.0e-04_kernel_sizes=5x3x3_conv_channels=64x128x256_fc_dims=512_seed0
/scratch/sb272/patterns5k_results/slurm_base_cnn_2026-03-04_16-53-19/trial_0054_learning_rate=1.0e-04_kernel_sizes=5x3x3_conv_channels=64x128x256_fc_dims=512_seed1,cnn,0.16844988262653351,0.12897117210448727,0.01923755237034389,,,0.13488070639752803,301567,301567,50,0.4581712391640039,0,True,0.45456832695830385,0.2622778037932169,1,0.31855225563049316,0.12980042397975922,0,"[5, 3, 3]","[64, 128, 256]",[512],6872546,bb6u19g1,392.4,trial_0054_learning_rate=1.0e-04_kernel_sizes=5x3x3_conv_channels=64x128x256_fc_dims=512_seed1,e3b10cd4dc,trial_0054_learning_rate=1.0e-04_kernel_sizes=5x3x3_conv_channels=64x128x256_fc_dims=512_seed1
/scratch/sb272/patterns5k_results/slurm_base_cnn_2026-03-04_16-53-19/trial_0054_learning_rate=1.0e-04_kernel_sizes=5x3x3_conv_channels=64x128x256_fc_dims=512_seed2,cnn,0.16884161698818206,0.13098935483832824,0.01686131481140379,,,0.12834547469345353,301567,301567,50,0.4681168114513329,0,True,0.45456832695830385,0.27063980323743614,1,0.31855225563049316,0.13190022110939026,0,"[5, 3, 3]","[64, 128, 256]",[512],6872546,bb6u19g1,387.7,trial_0054_learning_rate=1.0e-04_kernel_sizes=5x3x3_conv_channels=64x128x256_fc_dims=512_seed2,e3b10cd4dc,trial_0054_learning_rate=1.0e-04_kernel_sizes=5x3x3_conv_channels=64x128x256_fc_dims=512_seed2
/scratch/sb272/patterns5k_results/slurm_base_cnn_2026-03-04_16-53-19/trial_0054_learning_rate=1.0e-04_kernel_sizes=5x3x3_conv_channels=64x128x256_fc_dims=512_seed3,cnn,0.16874910199642182,0.12864082959574194,0.017551594310336642,,,0.131243910130045,301567,301567,50,0.4513612209159056,0,True,0.45456832695830385,0.2626367017384957,1,0.31855225563049316,0.12934750318527222,0,"[5, 3, 3]","[64, 128, 256]",[512],6872546,bb6u19g1,391.1,trial_0054_learning_rate=1.0e-04_kernel_sizes=5x3x3_conv_channels=64x128x256_fc_dims=512_seed3,e3b10cd4dc,trial_0054_learning_rate=1.0e-04_kernel_sizes=5x3x3_conv_channels=64x128x256_fc_dims=512_seed3
/scratch/sb272/patterns5k_results/slurm_base_cnn_2026-03-04_16-53-19/trial_0054_learning_rate=1.0e-04_kernel_sizes=5x3x3_conv_channels=64x128x256_fc_dims=512_seed4,cnn,0.1691767749786377,0.12661521249606053,0.015003305578988695,,,0.13037911379874184,301567,301567,50,0.43631071028516816,0,True,0.45456832695830385,0.2537815397971408,1,0.31855225563049316,0.12733547389507294,0,"[5, 3, 3]","[64, 128, 256]",[512],6872546,bb6u19g1,392.5,trial_0054_learning_rate=1.0e-04_kernel_sizes=5x3x3_conv_channels=64x128x256_fc_dims=512_seed4,e3b10cd4dc,trial_0054_learning_rate=1.0e-04_kernel_sizes=5x3x3_conv_channels=64x128x256_fc_dims=512_seed4
/scratch/sb272/patterns5k_results/slurm_base_cnn_2026-03-04_16-53-19/trial_0055_learning_rate=1.0e-04_kernel_sizes=5x3x3_conv_channels=64x128x256_fc_dims=1024_seed0,cnn,0.16950553941726684,0.1343465490207238,0.013124133859361922,,,0.13596569967863026,465407,465407,50,0.48676328550393094,0,True,0.45456832695830385,0.27963434281833155,1,0.31855225563049316,0.13517683744430542,0,"[5, 3, 3]","[64, 128, 256]",[1024],6872546,bb6u19g1,489.7,trial_0055_learning_rate=1.0e-04_kernel_sizes=5x3x3_conv_channels=64x128x256_fc_dims=1024_seed0,9e6d90cdb7,trial_0055_learning_rate=1.0e-04_kernel_sizes=5x3x3_conv_channels=64x128x256_fc_dims=1024_seed0
/scratch/sb272/patterns5k_results/slurm_base_cnn_2026-03-04_16-53-19/trial_0055_learning_rate=1.0e-04_kernel_sizes=5x3x3_conv_channels=64x128x256_fc_dims=1024_seed1,cnn,0.16913607859611512,0.13292827888050746,0.014726063561817956,,,0.13867149537466397,465407,465407,50,0.46788315866860025,0,True,0.45456832695830385,0.2698630546329906,1,0.31855225563049316,0.13352270424365997,0,"[5, 3, 3]","[64, 128, 256]",[1024],6872546,bb6u19g1,488.2,trial_0055_learning_rate=1.0e-04_kernel_sizes=5x3x3_conv_channels=64x128x256_fc_dims=1024_seed1,9e6d90cdb7,trial_0055_learning_rate=1.0e-04_kernel_sizes=5x3x3_conv_channels=64x128x256_fc_dims=1024_seed1
/scratch/sb272/patterns5k_results/slurm_base_cnn_2026-03-04_16-53-19/trial_0055_learning_rate=1.0e-04_kernel_sizes=5x3x3_conv_channels=64x128x256_fc_dims=1024_seed2,cnn,0.16939581215381622,0.13182131972146663,0.01363383588336763,,,0.1293569864596062,465407,465407,50,0.474432948538174,0,True,0.45456832695830385,0.2735910854249704,1,0.31855225563049316,0.13253043591976166,0,"[5, 3, 3]","[64, 128, 256]",[1024],6872546,bb6u19g1,481.5,trial_0055_learning_rate=1.0e-04_kernel_sizes=5x3x3_conv_channels=64x128x256_fc_dims=1024_seed2,9e6d90cdb7,trial_0055_learning_rate=1.0e-04_kernel_sizes=5x3x3_conv_channels=64x128x256_fc_dims=1024_seed2
/scratch/sb272/patterns5k_results/slurm_base_cnn_2026-03-04_16-53-19/trial_0055_learning_rate=1.0e-04_kernel_sizes=5x3x3_conv_channels=64x128x256_fc_dims=1024_seed3,cnn,0.16950362145900727,0.12985577193154993,0.013118832830398802,,,0.13099229443596008,465407,465407,50,0.45363351847095845,0,True,0.45456832695830385,0.26374427101850295,1,0.31855225563049316,0.13094379007816315,0,"[5, 3, 3]","[64, 128, 256]",[1024],6872546,bb6u19g1,477.7,trial_0055_learning_rate=1.0e-04_kernel_sizes=5x3x3_conv_channels=64x128x256_fc_dims=1024_seed3,9e6d90cdb7,trial_0055_learning_rate=1.0e-04_kernel_sizes=5x3x3_conv_channels=64x128x256_fc_dims=1024_seed3
/scratch/sb272/patterns5k_results/slurm_base_cnn_2026-03-04_16-53-19/trial_0055_learning_rate=1.0e-04_kernel_sizes=5x3x3_conv_channels=64x128x256_fc_dims=1024_seed4,cnn,0.16989277839660644,0.12966542320622107,0.011921416199396528,,,0.13117611005194246,465407,465407,50,0.47302506385044296,0,True,0.45456832695830385,0.2732955948380179,1,0.31855225563049316,0.12998774647712708,0,"[5, 3, 3]","[64, 128, 256]",[1024],6872546,bb6u19g1,474.3,trial_0055_learning_rate=1.0e-04_kernel_sizes=5x3x3_conv_channels=64x128x256_fc_dims=1024_seed4,9e6d90cdb7,trial_0055_learning_rate=1.0e-04_kernel_sizes=5x3x3_conv_channels=64x128x256_fc_dims=1024_seed4
/scratch/sb272/patterns5k_results/slurm_base_cnn_2026-03-04_16-53-19/trial_0056_learning_rate=1.0e-04_kernel_sizes=3x3x3_conv_channels=128x128x128_fc_dims=256_seed0,cnn,0.16916986966133118,0.12277497629105208,0.01854248841603597,,,0.12570928619405655,164799,164799,50,0.4394328509330029,0,True,0.45456832695830385,0.25619226904360065,1,0.31855225563049316,0.12353262305259705,0,"[3, 3, 3]","[128, 128, 128]",[256],6872546,bb6u19g1,305.8,trial_0056_learning_rate=1.0e-04_kernel_sizes=3x3x3_conv_channels=128x128x128_fc_dims=256_seed0,fc4c8db881,trial_0056_learning_rate=1.0e-04_kernel_sizes=3x3x3_conv_channels=128x128x128_fc_dims=256_seed0
/scratch/sb272/patterns5k_results/slurm_base_cnn_2026-03-04_16-53-19/trial_0056_learning_rate=1.0e-04_kernel_sizes=3x3x3_conv_channels=128x128x128_fc_dims=256_seed1,cnn,0.16935781598091126,0.12248278206181652,0.017322922509814067,,,0.12824001045193442,164799,164799,50,0.44993976108285266,0,True,0.45456832695830385,0.2599875198549665,1,0.31855225563049316,0.12406101077795029,0,"[3, 3, 3]","[128, 128, 128]",[256],6872546,bb6u19g1,308.9,trial_0056_learning_rate=1.0e-04_kernel_sizes=3x3x3_conv_channels=128x128x128_fc_dims=256_seed1,fc4c8db881,trial_0056_learning_rate=1.0e-04_kernel_sizes=3x3x3_conv_channels=128x128x128_fc_dims=256_seed1
/scratch/sb272/patterns5k_results/slurm_base_cnn_2026-03-04_16-53-19/trial_0056_learning_rate=1.0e-04_kernel_sizes=3x3x3_conv_channels=128x128x128_fc_dims=256_seed2,cnn,0.16915447521209717,0.12540177941874445,0.017891216845739456,,,0.12255563318237106,164799,164799,50,0.45947322570530075,0,True,0.45456832695830385,0.26798770687129486,1,0.31855225563049316,0.12698839604854584,0,"[3, 3, 3]","[128, 128, 128]",[256],6872546,bb6u19g1,302.4,trial_0056_learning_rate=1.0e-04_kernel_sizes=3x3x3_conv_channels=128x128x128_fc_dims=256_seed2,fc4c8db881,trial_0056_learning_rate=1.0e-04_kernel_sizes=3x3x3_conv_channels=128x128x128_fc_dims=256_seed2
/scratch/sb272/patterns5k_results/slurm_base_cnn_2026-03-04_16-53-19/trial_0056_learning_rate=1.0e-04_kernel_sizes=3x3x3_conv_channels=128x128x128_fc_dims=256_seed3,cnn,0.16938303864002227,0.11953345391116775,0.016600781962985083,,,0.12275728854717362,164799,164799,50,0.4376622167646326,0,True,0.45456832695830385,0.25599893722236844,1,0.31855225563049316,0.12027408927679062,0,"[3, 3, 3]","[128, 128, 128]",[256],6872546,bb6u19g1,305.4,trial_0056_learning_rate=1.0e-04_kernel_sizes=3x3x3_conv_channels=128x128x128_fc_dims=256_seed3,fc4c8db881,trial_0056_learning_rate=1.0e-04_kernel_sizes=3x3x3_conv_channels=128x128x128_fc_dims=256_seed3
/scratch/sb272/patterns5k_results/slurm_base_cnn_2026-03-04_16-53-19/trial_0056_learning_rate=1.0e-04_kernel_sizes=3x3x3_conv_channels=128x128x128_fc_dims=256_seed4,cnn,0.1690812301635742,0.12240896011513576,0.0179250230864873,,,0.12382517881671895,164799,164799,50,0.45717481481082395,0,True,0.45456832695830385,0.26356970544187186,1,0.31855225563049316,0.123599112033844,0,"[3, 3, 3]","[128, 128, 128]",[256],6872546,bb6u19g1,305.2,trial_0056_learning_rate=1.0e-04_kernel_sizes=3x3x3_conv_channels=128x128x128_fc_dims=256_seed4,fc4c8db881,trial_0056_learning_rate=1.0e-04_kernel_sizes=3x3x3_conv_channels=128x128x128_fc_dims=256_seed4
/scratch/sb272/patterns5k_results/slurm_base_cnn_2026-03-04_16-53-19/trial_0057_learning_rate=1.0e-04_kernel_sizes=3x3x3_conv_channels=128x128x128_fc_dims=512_seed0,cnn,0.16912487030029297,0.12917999154709262,0.01789502775858319,,,0.12953574008083135,213951,213951,50,0.48134538190535525,0,True,0.45456832695830385,0.2789438457526904,2,0.31855225563049316,0.13001742959022522,0,"[3, 3, 3]","[128, 128, 128]",[512],6872546,bb6u19g1,333.9,trial_0057_learning_rate=1.0e-04_kernel_sizes=3x3x3_conv_channels=128x128x128_fc_dims=512_seed0,efd3bc3168,trial_0057_learning_rate=1.0e-04_kernel_sizes=3x3x3_conv_channels=128x128x128_fc_dims=512_seed0
/scratch/sb272/patterns5k_results/slurm_base_cnn_2026-03-04_16-53-19/trial_0057_learning_rate=1.0e-04_kernel_sizes=3x3x3_conv_channels=128x128x128_fc_dims=512_seed1,cnn,0.1690023000240326,0.12914235141218824,0.017844391247582813,,,0.13335826115599173,213951,213951,50,0.4718223938869494,0,True,0.45456832695830385,0.2760314873864436,1,0.31855225563049316,0.130121111869812,0,"[3, 3, 3]","[128, 128, 128]",[512],6872546,bb6u19g1,333.4,trial_0057_learning_rate=1.0e-04_kernel_sizes=3x3x3_conv_channels=128x128x128_fc_dims=512_seed1,efd3bc3168,trial_0057_learning_rate=1.0e-04_kernel_sizes=3x3x3_conv_channels=128x128x128_fc_dims=512_seed1
/scratch/sb272/patterns5k_results/slurm_base_cnn_2026-03-04_16-53-19/trial_0057_learning_rate=1.0e-04_kernel_sizes=3x3x3_conv_channels=128x128x128_fc_dims=512_seed2,cnn,0.16913052046298982,0.12712985261293447,0.01706331589865306,,,0.12568260095843933,213951,213951,50,0.4720676859617105,0,True,0.45456832695830385,0.2711235398059961,1,0.31855225563049316,0.12792296707630157,0,"[3, 3, 3]","[128, 128, 128]",[512],6872546,bb6u19g1,331.1,trial_0057_learning_rate=1.0e-04_kernel_sizes=3x3x3_conv_channels=128x128x128_fc_dims=512_seed2,efd3bc3168,trial_0057_learning_rate=1.0e-04_kernel_sizes=3x3x3_conv_channels=128x128x128_fc_dims=512_seed2
/scratch/sb272/patterns5k_results/slurm_base_cnn_2026-03-04_16-53-19/trial_0057_learning_rate=1.0e-04_kernel_sizes=3x3x3_conv_channels=128x128x128_fc_dims=512_seed3,cnn,0.1693495261669159,0.12558909945502184,0.015593684854961577,,,0.12879164158336,213951,213951,50,0.4464950927950883,0,True,0.45456832695830385,0.2617358186676583,1,0.31855225563049316,0.12607981264591217,0,"[3, 3, 3]","[128, 128, 128]",[512],6872546,bb6u19g1,337.4,trial_0057_learning_rate=1.0e-04_kernel_sizes=3x3x3_conv_channels=128x128x128_fc_dims=512_seed3,efd3bc3168,trial_0057_learning_rate=1.0e-04_kernel_sizes=3x3x3_conv_channels=128x128x128_fc_dims=512_seed3
/scratch/sb272/patterns5k_results/slurm_base_cnn_2026-03-04_16-53-19/trial_0057_learning_rate=1.0e-04_kernel_sizes=3x3x3_conv_channels=128x128x128_fc_dims=512_seed4,cnn,0.1693788583278656,0.12724183250435359,0.016756855306171235,,,0.12883739640454941,213951,213951,50,0.47218138829291406,0,True,0.45456832695830385,0.2753855758169786,1,0.31855225563049316,0.12824483215808868,0,"[3, 3, 3]","[128, 128, 128]",[512],6872546,bb6u19g1,332.1,trial_0057_learning_rate=1.0e-04_kernel_sizes=3x3x3_conv_channels=128x128x128_fc_dims=512_seed4,efd3bc3168,trial_0057_learning_rate=1.0e-04_kernel_sizes=3x3x3_conv_channels=128x128x128_fc_dims=512_seed4
/scratch/sb272/patterns5k_results/slurm_base_cnn_2026-03-04_16-53-19/trial_0058_learning_rate=1.0e-04_kernel_sizes=3x3x3_conv_channels=256x256x256_fc_dims=512_seed0,cnn,0.1691580786705017,0.1300894164087203,0.016520649667770143,,,0.1342113564529834,591679,591679,50,0.4983093434607212,0,True,0.45456832695830385,0.28852108438469154,1,0.31855225563049316,0.13060888648033142,0,"[3, 3, 3]","[256, 256, 256]",[512],6872546,bb6u19g1,535.2,trial_0058_learning_rate=1.0e-04_kernel_sizes=3x3x3_conv_channels=256x256x256_fc_dims=512_seed0,3de3a899ce,trial_0058_learning_rate=1.0e-04_kernel_sizes=3x3x3_conv_channels=256x256x256_fc_dims=512_seed0
/scratch/sb272/patterns5k_results/slurm_base_cnn_2026-03-04_16-53-19/trial_0058_learning_rate=1.0e-04_kernel_sizes=3x3x3_conv_channels=256x256x256_fc_dims=512_seed1,cnn,0.16885793566703797,0.1317339200968739,0.017957477342514766,,,0.13630619677905645,591679,591679,50,0.49280333798909065,0,True,0.45456832695830385,0.28746893313477934,1,0.31855225563049316,0.13236534595489502,0,"[3, 3, 3]","[256, 256, 256]",[512],6872546,bb6u19g1,532.1,trial_0058_learning_rate=1.0e-04_kernel_sizes=3x3x3_conv_channels=256x256x256_fc_dims=512_seed1,3de3a899ce,trial_0058_learning_rate=1.0e-04_kernel_sizes=3x3x3_conv_channels=256x256x256_fc_dims=512_seed1
/scratch/sb272/patterns5k_results/slurm_base_cnn_2026-03-04_16-53-19/trial_0058_learning_rate=1.0e-04_kernel_sizes=3x3x3_conv_channels=256x256x256_fc_dims=512_seed2,cnn,0.16887375152111053,0.13303388528398852,0.016113429788559203,,,0.12864343058199612,591679,591679,50,0.5001375913831522,0,True,0.45456832695830385,0.29209523136316695,1,0.31855225563049316,0.13336636126041412,0,"[3, 3, 3]","[256, 256, 256]",[512],6872546,bb6u19g1,547.2,trial_0058_learning_rate=1.0e-04_kernel_sizes=3x3x3_conv_channels=256x256x256_fc_dims=512_seed2,3de3a899ce,trial_0058_learning_rate=1.0e-04_kernel_sizes=3x3x3_conv_channels=256x256x256_fc_dims=512_seed2
/scratch/sb272/patterns5k_results/slurm_base_cnn_2026-03-04_16-53-19/trial_0058_learning_rate=1.0e-04_kernel_sizes=3x3x3_conv_channels=256x256x256_fc_dims=512_seed3,cnn,0.16920844256877898,0.12747220008214882,0.01519410666965303,,,0.13050475122495822,591679,591679,50,0.4560981514420846,0,True,0.45456832695830385,0.27105225838156316,1,0.31855225563049316,0.12774451076984406,0,"[3, 3, 3]","[256, 256, 256]",[512],6872546,bb6u19g1,510.7,trial_0058_learning_rate=1.0e-04_kernel_sizes=3x3x3_conv_channels=256x256x256_fc_dims=512_seed3,3de3a899ce,trial_0058_learning_rate=1.0e-04_kernel_sizes=3x3x3_conv_channels=256x256x256_fc_dims=512_seed3
/scratch/sb272/patterns5k_results/slurm_base_cnn_2026-03-04_16-53-19/trial_0058_learning_rate=1.0e-04_kernel_sizes=3x3x3_conv_channels=256x256x256_fc_dims=512_seed4,cnn,0.1691224685907364,0.12645649028930311,0.014987496156541128,,,0.13174677899838372,591679,591679,50,0.4860472107038507,0,True,0.45456832695830385,0.2790901587731179,2,0.31855225563049316,0.12656523287296295,0,"[3, 3, 3]","[256, 256, 256]",[512],6872546,bb6u19g1,539.9,trial_0058_learning_rate=1.0e-04_kernel_sizes=3x3x3_conv_channels=256x256x256_fc_dims=512_seed4,3de3a899ce,trial_0058_learning_rate=1.0e-04_kernel_sizes=3x3x3_conv_channels=256x256x256_fc_dims=512_seed4
/scratch/sb272/patterns5k_results/slurm_base_cnn_2026-03-04_16-53-19/trial_0059_learning_rate=1.0e-04_kernel_sizes=3x3x3_conv_channels=256x256x256_fc_dims=1024_seed0,cnn,0.16942957556247712,0.13115393111821033,0.0109172851320297,,,0.13734635258851732,755519,755519,50,0.4721810593457448,0,True,0.45456832695830385,0.2773229629654018,1,0.31855225563049316,0.1312127709388733,0,"[3, 3, 3]","[256, 256, 256]",[1024],6872546,bb6u19g1,654.4,trial_0059_learning_rate=1.0e-04_kernel_sizes=3x3x3_conv_channels=256x256x256_fc_dims=1024_seed0,d8deb61d94,trial_0059_learning_rate=1.0e-04_kernel_sizes=3x3x3_conv_channels=256x256x256_fc_dims=1024_seed0
/scratch/sb272/patterns5k_results/slurm_base_cnn_2026-03-04_16-53-19/trial_0059_learning_rate=1.0e-04_kernel_sizes=3x3x3_conv_channels=256x256x256_fc_dims=1024_seed1,cnn,0.1693163251876831,0.13290609340704662,0.012310917415316142,,,0.13826861562904533,755519,755519,50,0.47112178124338383,0,True,0.45456832695830385,0.27682855656418764,1,0.31855225563049316,0.13328254222869873,0,"[3, 3, 3]","[256, 256, 256]",[1024],6872546,bb6u19g1,650.2,trial_0059_learning_rate=1.0e-04_kernel_sizes=3x3x3_conv_channels=256x256x256_fc_dims=1024_seed1,d8deb61d94,trial_0059_learning_rate=1.0e-04_kernel_sizes=3x3x3_conv_channels=256x256x256_fc_dims=1024_seed1
/scratch/sb272/patterns5k_results/slurm_base_cnn_2026-03-04_16-53-19/trial_0059_learning_rate=1.0e-04_kernel_sizes=3x3x3_conv_channels=256x256x256_fc_dims=1024_seed2,cnn,0.16900015509128571,0.13427192818435446,0.013487138445415194,,,0.13235327714598877,755519,755519,50,0.4916162987720841,0,True,0.45456832695830385,0.2852953357146779,2,0.31855225563049316,0.13435226678848267,0,"[3, 3, 3]","[256, 256, 256]",[1024],6872546,bb6u19g1,650.0,trial_0059_learning_rate=1.0e-04_kernel_sizes=3x3x3_conv_channels=256x256x256_fc_dims=1024_seed2,d8deb61d94,trial_0059_learning_rate=1.0e-04_kernel_sizes=3x3x3_conv_channels=256x256x256_fc_dims=1024_seed2
/scratch/sb272/patterns5k_results/slurm_base_cnn_2026-03-04_16-53-19/trial_0059_learning_rate=1.0e-04_kernel_sizes=3x3x3_conv_channels=256x256x256_fc_dims=1024_seed3,cnn,0.16951273941993714,0.12981698227154517,0.010478584539322626,,,0.13200889923451237,755519,755519,50,0.47578577394413474,0,True,0.45456832695830385,0.2778858082202164,2,0.31855225563049316,0.1299915313720703,0,"[3, 3, 3]","[256, 256, 256]",[1024],6872546,bb6u19g1,653.3,trial_0059_learning_rate=1.0e-04_kernel_sizes=3x3x3_conv_channels=256x256x256_fc_dims=1024_seed3,d8deb61d94,trial_0059_learning_rate=1.0e-04_kernel_sizes=3x3x3_conv_channels=256x256x256_fc_dims=1024_seed3
/scratch/sb272/patterns5k_results/slurm_base_cnn_2026-03-04_16-53-19/trial_0059_learning_rate=1.0e-04_kernel_sizes=3x3x3_conv_channels=256x256x256_fc_dims=1024_seed4,cnn,0.16931096971035003,0.1334320010699292,0.010938799570477198,,,0.13520451039782233,755519,755519,50,0.49281787277808714,0,True,0.45456832695830385,0.28623705049423587,1,0.31855225563049316,0.13362149894237518,0,"[3, 3, 3]","[256, 256, 256]",[1024],6872546,bb6u19g1,658.5,trial_0059_learning_rate=1.0e-04_kernel_sizes=3x3x3_conv_channels=256x256x256_fc_dims=1024_seed4,d8deb61d94,trial_0059_learning_rate=1.0e-04_kernel_sizes=3x3x3_conv_channels=256x256x256_fc_dims=1024_seed4
/scratch/sb272/patterns5k_results/slurm_base_cnn_2026-03-04_16-53-19/trial_0060_learning_rate=5.0e-04_kernel_sizes=3x3_conv_channels=64x128_fc_dims=128_seed0,cnn,0.16880450797080992,0.13387263467194313,0.0209621304557437,,,0.1352914510056654,57855,57855,50,0.4647943592355572,0,True,0.45456832695830385,0.2763983197756489,1,0.31855225563049316,0.13503412902355194,0,"[3, 3]","[64, 128]",[128],6872547,bb6u19g1,287.7,trial_0060_learning_rate=5.0e-04_kernel_sizes=3x3_conv_channels=64x128_fc_dims=128_seed0,1b1aed6f72,trial_0060_learning_rate=5.0e-04_kernel_sizes=3x3_conv_channels=64x128_fc_dims=128_seed0
/scratch/sb272/patterns5k_results/slurm_base_cnn_2026-03-04_16-53-19/trial_0060_learning_rate=5.0e-04_kernel_sizes=3x3_conv_channels=64x128_fc_dims=128_seed1,cnn,0.16868718683719636,0.13349688524721304,0.021221286720699735,,,0.13767757430727756,57855,57855,50,0.46703626431596224,0,True,0.45456832695830385,0.27860803732595213,1,0.31855225563049316,0.135128915309906,0,"[3, 3]","[64, 128]",[128],6872547,bb6u19g1,271.5,trial_0060_learning_rate=5.0e-04_kernel_sizes=3x3_conv_channels=64x128_fc_dims=128_seed1,1b1aed6f72,trial_0060_learning_rate=5.0e-04_kernel_sizes=3x3_conv_channels=64x128_fc_dims=128_seed1
/scratch/sb272/patterns5k_results/slurm_base_cnn_2026-03-04_16-53-19/trial_0060_learning_rate=5.0e-04_kernel_sizes=3x3_conv_channels=64x128_fc_dims=128_seed2,cnn,0.16878246510028838,0.13162233303029192,0.020650881623464918,,,0.1294171674263249,57855,57855,50,0.477926877661801,0,True,0.45456832695830385,0.28116354226337414,1,0.31855225563049316,0.1327306181192398,0,"[3, 3]","[64, 128]",[128],6872547,bb6u19g1,263.6,trial_0060_learning_rate=5.0e-04_kernel_sizes=3x3_conv_channels=64x128_fc_dims=128_seed2,1b1aed6f72,trial_0060_learning_rate=5.0e-04_kernel_sizes=3x3_conv_channels=64x128_fc_dims=128_seed2
/scratch/sb272/patterns5k_results/slurm_base_cnn_2026-03-04_16-53-19/trial_0060_learning_rate=5.0e-04_kernel_sizes=3x3_conv_channels=64x128_fc_dims=128_seed3,cnn,0.1690151401758194,0.13240728192275028,0.020124341760362898,,,0.13228143005635645,57855,57855,50,0.466863879282177,0,True,0.45456832695830385,0.2772051182757179,1,0.31855225563049316,0.13387519121170044,0,"[3, 3]","[64, 128]",[128],6872547,bb6u19g1,258.7,trial_0060_learning_rate=5.0e-04_kernel_sizes=3x3_conv_channels=64x128_fc_dims=128_seed3,1b1aed6f72,trial_0060_learning_rate=5.0e-04_kernel_sizes=3x3_conv_channels=64x128_fc_dims=128_seed3
/scratch/sb272/patterns5k_results/slurm_base_cnn_2026-03-04_16-53-19/trial_0060_learning_rate=5.0e-04_kernel_sizes=3x3_conv_channels=64x128_fc_dims=128_seed4,cnn,0.16924174165725708,0.12851322902914064,0.018412660984765915,,,0.13392701872292234,57855,57855,50,0.4639787579601446,0,True,0.45456832695830385,0.27425736372061965,1,0.31855225563049316,0.12985630333423615,0,"[3, 3]","[64, 128]",[128],6872547,bb6u19g1,255.4,trial_0060_learning_rate=5.0e-04_kernel_sizes=3x3_conv_channels=64x128_fc_dims=128_seed4,1b1aed6f72,trial_0060_learning_rate=5.0e-04_kernel_sizes=3x3_conv_channels=64x128_fc_dims=128_seed4
/scratch/sb272/patterns5k_results/slurm_base_cnn_2026-03-04_16-53-19/trial_0061_learning_rate=5.0e-04_kernel_sizes=3x3_conv_channels=64x128_fc_dims=256_seed0,cnn,0.16910683357715606,0.13276980604022537,0.01937660432997204,,,0.13683210843172866,82431,82431,50,0.4633488008894836,0,True,0.45456832695830385,0.27179097881947445,2,0.31855225563049316,0.13378654420375824,0,"[3, 3]","[64, 128]",[256],6872547,bb6u19g1,279.6,trial_0061_learning_rate=5.0e-04_kernel_sizes=3x3_conv_channels=64x128_fc_dims=256_seed0,4f7b67af3b,trial_0061_learning_rate=5.0e-04_kernel_sizes=3x3_conv_channels=64x128_fc_dims=256_seed0
/scratch/sb272/patterns5k_results/slurm_base_cnn_2026-03-04_16-53-19/trial_0061_learning_rate=5.0e-04_kernel_sizes=3x3_conv_channels=64x128_fc_dims=256_seed1,cnn,0.1687805347442627,0.13353305465103074,0.020772567817143033,,,0.14027741308659827,82431,82431,50,0.4716436978372942,0,True,0.45456832695830385,0.2779917613404496,1,0.31855225563049316,0.13472619652748108,0,"[3, 3]","[64, 128]",[256],6872547,bb6u19g1,273.0,trial_0061_learning_rate=5.0e-04_kernel_sizes=3x3_conv_channels=64x128_fc_dims=256_seed1,4f7b67af3b,trial_0061_learning_rate=5.0e-04_kernel_sizes=3x3_conv_channels=64x128_fc_dims=256_seed1
/scratch/sb272/patterns5k_results/slurm_base_cnn_2026-03-04_16-53-19/trial_0061_learning_rate=5.0e-04_kernel_sizes=3x3_conv_channels=64x128_fc_dims=256_seed2,cnn,0.16975211513042449,0.13761587310375256,0.018197052062503875,,,0.13245542512315508,82431,82431,50,0.4934694629002715,0,True,0.45456832695830385,0.2906443143076336,1,0.31855225563049316,0.1392209678888321,0,"[3, 3]","[64, 128]",[256],6872547,bb6u19g1,274.6,trial_0061_learning_rate=5.0e-04_kernel_sizes=3x3_conv_channels=64x128_fc_dims=256_seed2,4f7b67af3b,trial_0061_learning_rate=5.0e-04_kernel_sizes=3x3_conv_channels=64x128_fc_dims=256_seed2
/scratch/sb272/patterns5k_results/slurm_base_cnn_2026-03-04_16-53-19/trial_0061_learning_rate=5.0e-04_kernel_sizes=3x3_conv_channels=64x128_fc_dims=256_seed3,cnn,0.1696299719810486,0.13246900726054936,0.018177562289767794,,,0.13300776451600727,82431,82431,50,0.46704061157946924,0,True,0.45456832695830385,0.2749331215875519,1,0.31855225563049316,0.13336840271949768,0,"[3, 3]","[64, 128]",[256],6872547,bb6u19g1,272.5,trial_0061_learning_rate=5.0e-04_kernel_sizes=3x3_conv_channels=64x128_fc_dims=256_seed3,4f7b67af3b,trial_0061_learning_rate=5.0e-04_kernel_sizes=3x3_conv_channels=64x128_fc_dims=256_seed3
/scratch/sb272/patterns5k_results/slurm_base_cnn_2026-03-04_16-53-19/trial_0061_learning_rate=5.0e-04_kernel_sizes=3x3_conv_channels=64x128_fc_dims=256_seed4,cnn,0.1691732873916626,0.1348142433934107,0.019161805273994567,,,0.13803019884686235,82431,82431,50,0.4967059806269485,0,True,0.45456832695830385,0.2900234918892804,2,0.31855225563049316,0.13603104650974274,0,"[3, 3]","[64, 128]",[256],6872547,bb6u19g1,252.8,trial_0061_learning_rate=5.0e-04_kernel_sizes=3x3_conv_channels=64x128_fc_dims=256_seed4,4f7b67af3b,trial_0061_learning_rate=5.0e-04_kernel_sizes=3x3_conv_channels=64x128_fc_dims=256_seed4
/scratch/sb272/patterns5k_results/slurm_base_cnn_2026-03-04_16-53-19/trial_0062_learning_rate=5.0e-04_kernel_sizes=3x3_conv_channels=64x128_fc_dims=512_seed0,cnn,0.16968175828456877,0.1346933376971331,0.018104233439006502,,,0.13884001647904698,131583,131583,50,0.4857436947844261,0,True,0.45456832695830385,0.2838778505013457,1,0.31855225563049316,0.13571779429912567,0,"[3, 3]","[64, 128]",[512],6872547,bb6u19g1,290.2,trial_0062_learning_rate=5.0e-04_kernel_sizes=3x3_conv_channels=64x128_fc_dims=512_seed0,0cfacfc2ea,trial_0062_learning_rate=5.0e-04_kernel_sizes=3x3_conv_channels=64x128_fc_dims=512_seed0
/scratch/sb272/patterns5k_results/slurm_base_cnn_2026-03-04_16-53-19/trial_0062_learning_rate=5.0e-04_kernel_sizes=3x3_conv_channels=64x128_fc_dims=512_seed1,cnn,0.17008187353610993,0.13504186626818454,0.01606863264053587,,,0.14044285689767266,131583,131583,50,0.4899354112227778,0,True,0.45456832695830385,0.286845544430524,1,0.31855225563049316,0.13608865439891815,0,"[3, 3]","[64, 128]",[512],6872547,bb6u19g1,284.0,trial_0062_learning_rate=5.0e-04_kernel_sizes=3x3_conv_channels=64x128_fc_dims=512_seed1,0cfacfc2ea,trial_0062_learning_rate=5.0e-04_kernel_sizes=3x3_conv_channels=64x128_fc_dims=512_seed1
/scratch/sb272/patterns5k_results/slurm_base_cnn_2026-03-04_16-53-19/trial_0062_learning_rate=5.0e-04_kernel_sizes=3x3_conv_channels=64x128_fc_dims=512_seed2,cnn,0.16947693610191344,0.13551830399546105,0.017604459845830523,,,0.13141381409601388,131583,131583,50,0.5034997779910764,0,True,0.45456832695830385,0.29349210025008576,1,0.31855225563049316,0.13628412783145905,0,"[3, 3]","[64, 128]",[512],6872547,bb6u19g1,277.7,trial_0062_learning_rate=5.0e-04_kernel_sizes=3x3_conv_channels=64x128_fc_dims=512_seed2,0cfacfc2ea,trial_0062_learning_rate=5.0e-04_kernel_sizes=3x3_conv_channels=64x128_fc_dims=512_seed2
/scratch/sb272/patterns5k_results/slurm_base_cnn_2026-03-04_16-53-19/trial_0062_learning_rate=5.0e-04_kernel_sizes=3x3_conv_channels=64x128_fc_dims=512_seed3,cnn,0.17005462515354156,0.13503721275112554,0.01600534480715555,,,0.13716418285573964,131583,131583,50,0.49865554229036374,0,True,0.45456832695830385,0.2930691248885114,1,0.31855225563049316,0.13613098859786987,0,"[3, 3]","[64, 128]",[512],6872547,bb6u19g1,279.1,trial_0062_learning_rate=5.0e-04_kernel_sizes=3x3_conv_channels=64x128_fc_dims=512_seed3,0cfacfc2ea,trial_0062_learning_rate=5.0e-04_kernel_sizes=3x3_conv_channels=64x128_fc_dims=512_seed3
/scratch/sb272/patterns5k_results/slurm_base_cnn_2026-03-04_16-53-19/trial_0062_learning_rate=5.0e-04_kernel_sizes=3x3_conv_channels=64x128_fc_dims=512_seed4,cnn,0.16955888903141023,0.13476809512548676,0.01736154631962852,,,0.13815036833933814,131583,131583,50,0.47744854178652946,0,True,0.45456832695830385,0.2794743533662335,1,0.31855225563049316,0.13588464260101318,0,"[3, 3]","[64, 128]",[512],6872547,bb6u19g1,273.8,trial_0062_learning_rate=5.0e-04_kernel_sizes=3x3_conv_channels=64x128_fc_dims=512_seed4,0cfacfc2ea,trial_0062_learning_rate=5.0e-04_kernel_sizes=3x3_conv_channels=64x128_fc_dims=512_seed4
/scratch/sb272/patterns5k_results/slurm_base_cnn_2026-03-04_16-53-19/trial_0063_learning_rate=5.0e-04_kernel_sizes=5x3_conv_channels=128x256_fc_dims=256_seed0,cnn,0.17119530367851257,0.13273461259534605,0.006089717622787234,,,0.13789531655990794,208319,208319,50,0.47076141477509975,0,True,0.45456832695830385,0.2759196256234739,1,0.31855225563049316,0.13331010937690735,0,"[5, 3]","[128, 256]",[256],6872547,bb6u19g1,322.5,trial_0063_learning_rate=5.0e-04_kernel_sizes=5x3_conv_channels=128x256_fc_dims=256_seed0,184acf693a,trial_0063_learning_rate=5.0e-04_kernel_sizes=5x3_conv_channels=128x256_fc_dims=256_seed0
/scratch/sb272/patterns5k_results/slurm_base_cnn_2026-03-04_16-53-19/trial_0063_learning_rate=5.0e-04_kernel_sizes=5x3_conv_channels=128x256_fc_dims=256_seed1,cnn,0.17095568156242372,0.1331653595238824,0.008198058794415186,,,0.13764792238309273,208319,208319,40,0.4744764901661428,0,True,0.45456832695830385,0.28094809800958176,1,0.31855225563049316,0.1341506540775299,0,"[5, 3]","[128, 256]",[256],6872547,bb6u19g1,282.4,trial_0063_learning_rate=5.0e-04_kernel_sizes=5x3_conv_channels=128x256_fc_dims=256_seed1,184acf693a,trial_0063_learning_rate=5.0e-04_kernel_sizes=5x3_conv_channels=128x256_fc_dims=256_seed1
/scratch/sb272/patterns5k_results/slurm_base_cnn_2026-03-04_16-53-19/trial_0063_learning_rate=5.0e-04_kernel_sizes=5x3_conv_channels=128x256_fc_dims=256_seed2,cnn,0.170056503534317,0.13396972961396464,0.012882811682564872,,,0.13227033788993423,208319,208319,45,0.4797784273503804,0,True,0.45456832695830385,0.281641166593465,1,0.31855225563049316,0.13492798805236816,0,"[5, 3]","[128, 256]",[256],6872547,bb6u19g1,306.8,trial_0063_learning_rate=5.0e-04_kernel_sizes=5x3_conv_channels=128x256_fc_dims=256_seed2,184acf693a,trial_0063_learning_rate=5.0e-04_kernel_sizes=5x3_conv_channels=128x256_fc_dims=256_seed2
/scratch/sb272/patterns5k_results/slurm_base_cnn_2026-03-04_16-53-19/trial_0063_learning_rate=5.0e-04_kernel_sizes=5x3_conv_channels=128x256_fc_dims=256_seed3,cnn,0.16908761703968048,0.13196071084539984,0.016466012076726034,,,0.13313397064628651,208319,208319,43,0.465036013764683,0,True,0.45456832695830385,0.27539793430722637,1,0.31855225563049316,0.13258910179138184,0,"[5, 3]","[128, 256]",[256],6872547,bb6u19g1,307.8,trial_0063_learning_rate=5.0e-04_kernel_sizes=5x3_conv_channels=128x256_fc_dims=256_seed3,184acf693a,trial_0063_learning_rate=5.0e-04_kernel_sizes=5x3_conv_channels=128x256_fc_dims=256_seed3
/scratch/sb272/patterns5k_results/slurm_base_cnn_2026-03-04_16-53-19/trial_0063_learning_rate=5.0e-04_kernel_sizes=5x3_conv_channels=128x256_fc_dims=256_seed4,cnn,0.16994687294960023,0.13450153981486365,0.012512144588288806,,,0.13520060776702272,208319,208319,50,0.5047841940725141,0,True,0.45456832695830385,0.2945073505778795,1,0.31855225563049316,0.13537412881851196,0,"[5, 3]","[128, 256]",[256],6872547,bb6u19g1,337.7,trial_0063_learning_rate=5.0e-04_kernel_sizes=5x3_conv_channels=128x256_fc_dims=256_seed4,184acf693a,trial_0063_learning_rate=5.0e-04_kernel_sizes=5x3_conv_channels=128x256_fc_dims=256_seed4
/scratch/sb272/patterns5k_results/slurm_base_cnn_2026-03-04_16-53-19/trial_0064_learning_rate=5.0e-04_kernel_sizes=5x3_conv_channels=128x256_fc_dims=512_seed0,cnn,0.17100659584999084,0.13494754563440564,0.00772138342024788,,,0.13859137159175858,290239,290239,44,0.4683920909334657,0,True,0.45456832695830385,0.27668457942853036,2,0.31855225563049316,0.13535204529762268,0,"[5, 3]","[128, 256]",[512],6872547,bb6u19g1,359.2,trial_0064_learning_rate=5.0e-04_kernel_sizes=5x3_conv_channels=128x256_fc_dims=512_seed0,8aa5534d55,trial_0064_learning_rate=5.0e-04_kernel_sizes=5x3_conv_channels=128x256_fc_dims=512_seed0
/scratch/sb272/patterns5k_results/slurm_base_cnn_2026-03-04_16-53-19/trial_0064_learning_rate=5.0e-04_kernel_sizes=5x3_conv_channels=128x256_fc_dims=512_seed1,cnn,0.17066669118404387,0.13583588323592738,0.010389499248020233,,,0.14015018559526243,290239,290239,47,0.4975028057890959,0,True,0.45456832695830385,0.2916886810023571,1,0.31855225563049316,0.13704951107501984,0,"[5, 3]","[128, 256]",[512],6872547,bb6u19g1,377.8,trial_0064_learning_rate=5.0e-04_kernel_sizes=5x3_conv_channels=128x256_fc_dims=512_seed1,8aa5534d55,trial_0064_learning_rate=5.0e-04_kernel_sizes=5x3_conv_channels=128x256_fc_dims=512_seed1
/scratch/sb272/patterns5k_results/slurm_base_cnn_2026-03-04_16-53-19/trial_0064_learning_rate=5.0e-04_kernel_sizes=5x3_conv_channels=128x256_fc_dims=512_seed2,cnn,0.1703336045742035,0.13397096423691454,0.009003631652347625,,,0.13287368159718277,290239,290239,50,0.49622325788013183,0,True,0.45456832695830385,0.2896319986112285,1,0.31855225563049316,0.1347932517528534,0,"[5, 3]","[128, 256]",[512],6872547,bb6u19g1,373.6,trial_0064_learning_rate=5.0e-04_kernel_sizes=5x3_conv_channels=128x256_fc_dims=512_seed2,8aa5534d55,trial_0064_learning_rate=5.0e-04_kernel_sizes=5x3_conv_channels=128x256_fc_dims=512_seed2
/scratch/sb272/patterns5k_results/slurm_base_cnn_2026-03-04_16-53-19/trial_0064_learning_rate=5.0e-04_kernel_sizes=5x3_conv_channels=128x256_fc_dims=512_seed3,cnn,0.171024578332901,0.13387212269745502,0.0058159005074273976,,,0.13552843658160085,290239,290239,50,0.4846130428528998,0,True,0.45456832695830385,0.28624069704935035,1,0.31855225563049316,0.13440358638763428,0,"[5, 3]","[128, 256]",[512],6872547,bb6u19g1,377.9,trial_0064_learning_rate=5.0e-04_kernel_sizes=5x3_conv_channels=128x256_fc_dims=512_seed3,8aa5534d55,trial_0064_learning_rate=5.0e-04_kernel_sizes=5x3_conv_channels=128x256_fc_dims=512_seed3
/scratch/sb272/patterns5k_results/slurm_base_cnn_2026-03-04_16-53-19/trial_0064_learning_rate=5.0e-04_kernel_sizes=5x3_conv_channels=128x256_fc_dims=512_seed4,cnn,0.17183120763301848,0.13541316034137243,0.002884575298854283,,,0.1380674050241263,290239,290239,47,0.5019979035407514,0,True,0.45456832695830385,0.2950817079093401,1,0.31855225563049316,0.1363683044910431,0,"[5, 3]","[128, 256]",[512],6872547,bb6u19g1,364.7,trial_0064_learning_rate=5.0e-04_kernel_sizes=5x3_conv_channels=128x256_fc_dims=512_seed4,8aa5534d55,trial_0064_learning_rate=5.0e-04_kernel_sizes=5x3_conv_channels=128x256_fc_dims=512_seed4
/scratch/sb272/patterns5k_results/slurm_base_cnn_2026-03-04_16-53-19/trial_0065_learning_rate=5.0e-04_kernel_sizes=5x3_conv_channels=128x256_fc_dims=1024_seed0,cnn,0.1734484831094742,0.13309548776702515,-0.008258965280320909,,,0.1394241180578777,454079,454079,49,0.4984841902128367,0,True,0.45456832695830385,0.29011826048763983,1,0.31855225563049316,0.1338052749633789,0,"[5, 3]","[128, 256]",[1024],6872547,bb6u19g1,463.5,trial_0065_learning_rate=5.0e-04_kernel_sizes=5x3_conv_channels=128x256_fc_dims=1024_seed0,9fc58c6e97,trial_0065_learning_rate=5.0e-04_kernel_sizes=5x3_conv_channels=128x256_fc_dims=1024_seed0
/scratch/sb272/patterns5k_results/slurm_base_cnn_2026-03-04_16-53-19/trial_0065_learning_rate=5.0e-04_kernel_sizes=5x3_conv_channels=128x256_fc_dims=1024_seed1,cnn,0.1722398455142975,0.1344899403986767,-0.0003645325463915628,,,0.14075564780128913,454079,454079,46,0.47774355221562964,0,True,0.45456832695830385,0.28125893015047226,1,0.31855225563049316,0.1356310099363327,0,"[5, 3]","[128, 256]",[1024],6872547,bb6u19g1,442.8,trial_0065_learning_rate=5.0e-04_kernel_sizes=5x3_conv_channels=128x256_fc_dims=1024_seed1,9fc58c6e97,trial_0065_learning_rate=5.0e-04_kernel_sizes=5x3_conv_channels=128x256_fc_dims=1024_seed1
/scratch/sb272/patterns5k_results/slurm_base_cnn_2026-03-04_16-53-19/trial_0065_learning_rate=5.0e-04_kernel_sizes=5x3_conv_channels=128x256_fc_dims=1024_seed2,cnn,0.1715995922088623,0.13816746398824276,0.0009140921017480275,,,0.13561507669116785,454079,454079,44,0.4972034700640327,0,True,0.45456832695830385,0.29416806116269656,1,0.31855225563049316,0.1392735093832016,0,"[5, 3]","[128, 256]",[1024],6872547,bb6u19g1,427.5,trial_0065_learning_rate=5.0e-04_kernel_sizes=5x3_conv_channels=128x256_fc_dims=1024_seed2,9fc58c6e97,trial_0065_learning_rate=5.0e-04_kernel_sizes=5x3_conv_channels=128x256_fc_dims=1024_seed2
/scratch/sb272/patterns5k_results/slurm_base_cnn_2026-03-04_16-53-19/trial_0065_learning_rate=5.0e-04_kernel_sizes=5x3_conv_channels=128x256_fc_dims=1024_seed3,cnn,0.17237994849681854,0.13622726782308092,-0.002047762038215758,,,0.13657483587227104,454079,454079,46,0.48712684091928005,0,True,0.45456832695830385,0.2864782767161159,1,0.31855225563049316,0.13723470270633698,0,"[5, 3]","[128, 256]",[1024],6872547,bb6u19g1,443.5,trial_0065_learning_rate=5.0e-04_kernel_sizes=5x3_conv_channels=128x256_fc_dims=1024_seed3,9fc58c6e97,trial_0065_learning_rate=5.0e-04_kernel_sizes=5x3_conv_channels=128x256_fc_dims=1024_seed3
/scratch/sb272/patterns5k_results/slurm_base_cnn_2026-03-04_16-53-19/trial_0065_learning_rate=5.0e-04_kernel_sizes=5x3_conv_channels=128x256_fc_dims=1024_seed4,cnn,0.1717307015657425,0.1364147588511705,0.0009906462260654994,,,0.13756416186162984,454079,454079,40,0.5005101008167793,0,True,0.45456832695830385,0.2922467409514987,1,0.31855225563049316,0.1372961699962616,0,"[5, 3]","[128, 256]",[1024],6872547,bb6u19g1,409.4,trial_0065_learning_rate=5.0e-04_kernel_sizes=5x3_conv_channels=128x256_fc_dims=1024_seed4,9fc58c6e97,trial_0065_learning_rate=5.0e-04_kernel_sizes=5x3_conv_channels=128x256_fc_dims=1024_seed4
/scratch/sb272/patterns5k_results/slurm_base_cnn_2026-03-04_16-53-19/trial_0066_learning_rate=5.0e-04_kernel_sizes=3x3x3_conv_channels=32x64x128_fc_dims=128_seed0,cnn,0.1682215121984482,0.1311864513686682,0.021204323049575563,,,0.1341631200132976,60063,60063,50,0.46451079909398324,0,True,0.45456832695830385,0.2690571419583224,2,0.31855225563049316,0.13234657049179077,0,"[3, 3, 3]","[32, 64, 128]",[128],6872547,bb6u19g1,256.1,trial_0066_learning_rate=5.0e-04_kernel_sizes=3x3x3_conv_channels=32x64x128_fc_dims=128_seed0,5ecb231c16,trial_0066_learning_rate=5.0e-04_kernel_sizes=3x3x3_conv_channels=32x64x128_fc_dims=128_seed0
/scratch/sb272/patterns5k_results/slurm_base_cnn_2026-03-04_16-53-19/trial_0066_learning_rate=5.0e-04_kernel_sizes=3x3x3_conv_channels=32x64x128_fc_dims=128_seed1,cnn,0.16853377199172973,0.12936784505153195,0.02006736539659046,,,0.13625674263799034,60063,60063,50,0.47315955722549946,0,True,0.45456832695830385,0.27277214272747025,1,0.31855225563049316,0.1306149810552597,0,"[3, 3, 3]","[32, 64, 128]",[128],6872547,bb6u19g1,253.4,trial_0066_learning_rate=5.0e-04_kernel_sizes=3x3x3_conv_channels=32x64x128_fc_dims=128_seed1,5ecb231c16,trial_0066_learning_rate=5.0e-04_kernel_sizes=3x3x3_conv_channels=32x64x128_fc_dims=128_seed1
/scratch/sb272/patterns5k_results/slurm_base_cnn_2026-03-04_16-53-19/trial_0066_learning_rate=5.0e-04_kernel_sizes=3x3x3_conv_channels=32x64x128_fc_dims=128_seed2,cnn,0.16887809634208678,0.13096992947448682,0.019527702104477657,,,0.12906946132042907,60063,60063,50,0.46136081962751957,0,True,0.45456832695830385,0.2692937345086416,2,0.31855225563049316,0.1323760598897934,0,"[3, 3, 3]","[32, 64, 128]",[128],6872547,bb6u19g1,251.1,trial_0066_learning_rate=5.0e-04_kernel_sizes=3x3x3_conv_channels=32x64x128_fc_dims=128_seed2,5ecb231c16,trial_0066_learning_rate=5.0e-04_kernel_sizes=3x3x3_conv_channels=32x64x128_fc_dims=128_seed2
/scratch/sb272/patterns5k_results/slurm_base_cnn_2026-03-04_16-53-19/trial_0066_learning_rate=5.0e-04_kernel_sizes=3x3x3_conv_channels=32x64x128_fc_dims=128_seed3,cnn,0.16823863410949708,0.13253333927649744,0.021480145908537366,,,0.13372654906319736,60063,60063,50,0.4684308166114665,0,True,0.45456832695830385,0.27212582197043744,1,0.31855225563049316,0.13339640200138092,0,"[3, 3, 3]","[32, 64, 128]",[128],6872547,bb6u19g1,257.0,trial_0066_learning_rate=5.0e-04_kernel_sizes=3x3x3_conv_channels=32x64x128_fc_dims=128_seed3,5ecb231c16,trial_0066_learning_rate=5.0e-04_kernel_sizes=3x3x3_conv_channels=32x64x128_fc_dims=128_seed3
/scratch/sb272/patterns5k_results/slurm_base_cnn_2026-03-04_16-53-19/trial_0066_learning_rate=5.0e-04_kernel_sizes=3x3x3_conv_channels=32x64x128_fc_dims=128_seed4,cnn,0.16853618931770326,0.13098508632516145,0.020599171282753112,,,0.13456596880059085,60063,60063,50,0.46807462577527703,0,True,0.45456832695830385,0.27213154399518635,1,0.31855225563049316,0.13183559477329254,0,"[3, 3, 3]","[32, 64, 128]",[128],6872547,bb6u19g1,249.8,trial_0066_learning_rate=5.0e-04_kernel_sizes=3x3x3_conv_channels=32x64x128_fc_dims=128_seed4,5ecb231c16,trial_0066_learning_rate=5.0e-04_kernel_sizes=3x3x3_conv_channels=32x64x128_fc_dims=128_seed4
/scratch/sb272/patterns5k_results/slurm_base_cnn_2026-03-04_16-53-19/trial_0067_learning_rate=5.0e-04_kernel_sizes=3x3x3_conv_channels=32x64x128_fc_dims=256_seed0,cnn,0.16804791831970214,0.13563546245500466,0.02206399705674913,,,0.13878447679096984,84639,84639,50,0.49007868975326246,0,True,0.45456832695830385,0.2836552905005573,2,0.31855225563049316,0.13630017638206482,0,"[3, 3, 3]","[32, 64, 128]",[256],6872547,bb6u19g1,264.5,trial_0067_learning_rate=5.0e-04_kernel_sizes=3x3x3_conv_channels=32x64x128_fc_dims=256_seed0,cd4bd253ec,trial_0067_learning_rate=5.0e-04_kernel_sizes=3x3x3_conv_channels=32x64x128_fc_dims=256_seed0
/scratch/sb272/patterns5k_results/slurm_base_cnn_2026-03-04_16-53-19/trial_0067_learning_rate=5.0e-04_kernel_sizes=3x3x3_conv_channels=32x64x128_fc_dims=256_seed1,cnn,0.16840994679927826,0.13281259359842792,0.020767925277588858,,,0.1424634049317664,84639,84639,50,0.479861426239299,0,True,0.45456832695830385,0.27723924385714527,2,0.31855225563049316,0.13365872204303741,0,"[3, 3, 3]","[32, 64, 128]",[256],6872547,bb6u19g1,265.8,trial_0067_learning_rate=5.0e-04_kernel_sizes=3x3x3_conv_channels=32x64x128_fc_dims=256_seed1,cd4bd253ec,trial_0067_learning_rate=5.0e-04_kernel_sizes=3x3x3_conv_channels=32x64x128_fc_dims=256_seed1
/scratch/sb272/patterns5k_results/slurm_base_cnn_2026-03-04_16-53-19/trial_0067_learning_rate=5.0e-04_kernel_sizes=3x3x3_conv_channels=32x64x128_fc_dims=256_seed2,cnn,0.16855966567993164,0.13187546043288487,0.020839234193166096,,,0.13201024171664097,84639,84639,50,0.4877115505329401,0,True,0.45456832695830385,0.28133047009247375,2,0.31855225563049316,0.13290034234523773,0,"[3, 3, 3]","[32, 64, 128]",[256],6872547,bb6u19g1,260.2,trial_0067_learning_rate=5.0e-04_kernel_sizes=3x3x3_conv_channels=32x64x128_fc_dims=256_seed2,cd4bd253ec,trial_0067_learning_rate=5.0e-04_kernel_sizes=3x3x3_conv_channels=32x64x128_fc_dims=256_seed2
/scratch/sb272/patterns5k_results/slurm_base_cnn_2026-03-04_16-53-19/trial_0067_learning_rate=5.0e-04_kernel_sizes=3x3x3_conv_channels=32x64x128_fc_dims=256_seed3,cnn,0.1682078856229782,0.13429483516924914,0.021800277725098623,,,0.13538354142903536,84639,84639,50,0.4676735593430227,0,True,0.45456832695830385,0.27355815378778753,1,0.31855225563049316,0.13529114425182343,0,"[3, 3, 3]","[32, 64, 128]",[256],6872547,bb6u19g1,263.5,trial_0067_learning_rate=5.0e-04_kernel_sizes=3x3x3_conv_channels=32x64x128_fc_dims=256_seed3,cd4bd253ec,trial_0067_learning_rate=5.0e-04_kernel_sizes=3x3x3_conv_channels=32x64x128_fc_dims=256_seed3
/scratch/sb272/patterns5k_results/slurm_base_cnn_2026-03-04_16-53-19/trial_0067_learning_rate=5.0e-04_kernel_sizes=3x3x3_conv_channels=32x64x128_fc_dims=256_seed4,cnn,0.1680640960931778,0.13255577241992247,0.021614009425753637,,,0.13717781698465265,84639,84639,50,0.46863328782123304,0,True,0.45456832695830385,0.2740382034980471,2,0.31855225563049316,0.13328099250793457,0,"[3, 3, 3]","[32, 64, 128]",[256],6872547,bb6u19g1,259.3,trial_0067_learning_rate=5.0e-04_kernel_sizes=3x3x3_conv_channels=32x64x128_fc_dims=256_seed4,cd4bd253ec,trial_0067_learning_rate=5.0e-04_kernel_sizes=3x3x3_conv_channels=32x64x128_fc_dims=256_seed4
/scratch/sb272/patterns5k_results/slurm_base_cnn_2026-03-04_16-53-19/trial_0068_learning_rate=5.0e-04_kernel_sizes=5x3x3_conv_channels=64x128x256_fc_dims=256_seed0,cnn,0.16793947076797486,0.13878036203631683,0.0229989488919576,,,0.1444893624147153,219647,219647,50,0.4579862864338249,0,True,0.45456832695830385,0.2662075371404296,1,0.31855225563049316,0.1390078365802765,0,"[5, 3, 3]","[64, 128, 256]",[256],6872547,bb6u19g1,336.7,trial_0068_learning_rate=5.0e-04_kernel_sizes=5x3x3_conv_channels=64x128x256_fc_dims=256_seed0,d1fe8729ea,trial_0068_learning_rate=5.0e-04_kernel_sizes=5x3x3_conv_channels=64x128x256_fc_dims=256_seed0
/scratch/sb272/patterns5k_results/slurm_base_cnn_2026-03-04_16-53-19/trial_0068_learning_rate=5.0e-04_kernel_sizes=5x3x3_conv_channels=64x128x256_fc_dims=256_seed1,cnn,0.16791448044776916,0.135996491691621,0.02108913849270533,,,0.14562004796627256,219647,219647,50,0.4934283130544058,0,True,0.45456832695830385,0.2846949324123824,2,0.31855225563049316,0.1365256905555725,0,"[5, 3, 3]","[64, 128, 256]",[256],6872547,bb6u19g1,341.2,trial_0068_learning_rate=5.0e-04_kernel_sizes=5x3x3_conv_channels=64x128x256_fc_dims=256_seed1,d1fe8729ea,trial_0068_learning_rate=5.0e-04_kernel_sizes=5x3x3_conv_channels=64x128x256_fc_dims=256_seed1
/scratch/sb272/patterns5k_results/slurm_base_cnn_2026-03-04_16-53-19/trial_0068_learning_rate=5.0e-04_kernel_sizes=5x3x3_conv_channels=64x128x256_fc_dims=256_seed2,cnn,0.16760832452774047,0.14097652364299001,0.024222608596559555,,,0.13818271610635485,219647,219647,50,0.5054985685188786,0,True,0.45456832695830385,0.2938132795621791,2,0.31855225563049316,0.14188580214977264,0,"[5, 3, 3]","[64, 128, 256]",[256],6872547,bb6u19g1,336.0,trial_0068_learning_rate=5.0e-04_kernel_sizes=5x3x3_conv_channels=64x128x256_fc_dims=256_seed2,d1fe8729ea,trial_0068_learning_rate=5.0e-04_kernel_sizes=5x3x3_conv_channels=64x128x256_fc_dims=256_seed2
/scratch/sb272/patterns5k_results/slurm_base_cnn_2026-03-04_16-53-19/trial_0068_learning_rate=5.0e-04_kernel_sizes=5x3x3_conv_channels=64x128x256_fc_dims=256_seed3,cnn,0.16797655951976775,0.13666873366762622,0.021715901200733488,,,0.13701606315265255,219647,219647,50,0.4704151015089097,0,True,0.45456832695830385,0.27327905101050964,2,0.31855225563049316,0.1370552033185959,0,"[5, 3, 3]","[64, 128, 256]",[256],6872547,bb6u19g1,340.3,trial_0068_learning_rate=5.0e-04_kernel_sizes=5x3x3_conv_channels=64x128x256_fc_dims=256_seed3,d1fe8729ea,trial_0068_learning_rate=5.0e-04_kernel_sizes=5x3x3_conv_channels=64x128x256_fc_dims=256_seed3
/scratch/sb272/patterns5k_results/slurm_base_cnn_2026-03-04_16-53-19/trial_0068_learning_rate=5.0e-04_kernel_sizes=5x3x3_conv_channels=64x128x256_fc_dims=256_seed4,cnn,0.1679082169532776,0.13608101441678283,0.022126498676481702,,,0.1401624134710038,219647,219647,50,0.4775889889187744,0,True,0.45456832695830385,0.27743851745384923,2,0.31855225563049316,0.13682828843593597,0,"[5, 3, 3]","[64, 128, 256]",[256],6872547,bb6u19g1,333.0,trial_0068_learning_rate=5.0e-04_kernel_sizes=5x3x3_conv_channels=64x128x256_fc_dims=256_seed4,d1fe8729ea,trial_0068_learning_rate=5.0e-04_kernel_sizes=5x3x3_conv_channels=64x128x256_fc_dims=256_seed4
/scratch/sb272/patterns5k_results/slurm_base_cnn_2026-03-04_16-53-19/trial_0069_learning_rate=5.0e-04_kernel_sizes=5x3x3_conv_channels=64x128x256_fc_dims=512_seed0,cnn,0.16771755743026734,0.1378471385613207,0.022395769755045574,,,0.14614312287644127,301567,301567,50,0.47845948126427557,0,True,0.45456832695830385,0.2782474346377635,1,0.31855225563049316,0.13831526041030884,0,"[5, 3, 3]","[64, 128, 256]",[512],6872547,bb6u19g1,388.6,trial_0069_learning_rate=5.0e-04_kernel_sizes=5x3x3_conv_channels=64x128x256_fc_dims=512_seed0,26f3836696,trial_0069_learning_rate=5.0e-04_kernel_sizes=5x3x3_conv_channels=64x128x256_fc_dims=512_seed0
/scratch/sb272/patterns5k_results/slurm_base_cnn_2026-03-04_16-53-19/trial_0069_learning_rate=5.0e-04_kernel_sizes=5x3x3_conv_channels=64x128x256_fc_dims=512_seed1,cnn,0.1679259580373764,0.14221060945297817,0.02110613811583746,,,0.14725847111215884,301567,301567,50,0.49037256783708316,0,True,0.45456832695830385,0.285100876328161,1,0.31855225563049316,0.1431112140417099,0,"[5, 3, 3]","[64, 128, 256]",[512],6872547,bb6u19g1,390.2,trial_0069_learning_rate=5.0e-04_kernel_sizes=5x3x3_conv_channels=64x128x256_fc_dims=512_seed1,26f3836696,trial_0069_learning_rate=5.0e-04_kernel_sizes=5x3x3_conv_channels=64x128x256_fc_dims=512_seed1
/scratch/sb272/patterns5k_results/slurm_base_cnn_2026-03-04_16-53-19/trial_0069_learning_rate=5.0e-04_kernel_sizes=5x3x3_conv_channels=64x128x256_fc_dims=512_seed2,cnn,0.16814510595798493,0.141731483181404,0.01805866899944487,,,0.13887383014716811,301567,301567,50,0.5026429924529574,0,True,0.45456832695830385,0.2897384126410203,1,0.31855225563049316,0.1422290802001953,0,"[5, 3, 3]","[64, 128, 256]",[512],6872547,bb6u19g1,384.1,trial_0069_learning_rate=5.0e-04_kernel_sizes=5x3x3_conv_channels=64x128x256_fc_dims=512_seed2,26f3836696,trial_0069_learning_rate=5.0e-04_kernel_sizes=5x3x3_conv_channels=64x128x256_fc_dims=512_seed2
/scratch/sb272/patterns5k_results/slurm_base_cnn_2026-03-04_16-53-19/trial_0069_learning_rate=5.0e-04_kernel_sizes=5x3x3_conv_channels=64x128x256_fc_dims=512_seed3,cnn,0.16829531800746916,0.1380670183438439,0.018192528732239255,,,0.14337241634600867,301567,301567,50,0.4838176208632627,0,True,0.45456832695830385,0.2818861841101366,1,0.31855225563049316,0.1387094408273697,0,"[5, 3, 3]","[64, 128, 256]",[512],6872547,bb6u19g1,387.2,trial_0069_learning_rate=5.0e-04_kernel_sizes=5x3x3_conv_channels=64x128x256_fc_dims=512_seed3,26f3836696,trial_0069_learning_rate=5.0e-04_kernel_sizes=5x3x3_conv_channels=64x128x256_fc_dims=512_seed3
/scratch/sb272/patterns5k_results/slurm_base_cnn_2026-03-04_16-53-19/trial_0069_learning_rate=5.0e-04_kernel_sizes=5x3x3_conv_channels=64x128x256_fc_dims=512_seed4,cnn,0.16809058260917664,0.14250181784292945,0.018133704624478778,,,0.14580331290366216,301567,301567,50,0.5022993948851787,0,True,0.45456832695830385,0.2927678920488169,1,0.31855225563049316,0.14286981523036957,0,"[5, 3, 3]","[64, 128, 256]",[512],6872547,bb6u19g1,394.0,trial_0069_learning_rate=5.0e-04_kernel_sizes=5x3x3_conv_channels=64x128x256_fc_dims=512_seed4,26f3836696,trial_0069_learning_rate=5.0e-04_kernel_sizes=5x3x3_conv_channels=64x128x256_fc_dims=512_seed4
/scratch/sb272/patterns5k_results/slurm_base_cnn_2026-03-04_16-53-19/trial_0070_learning_rate=5.0e-04_kernel_sizes=5x3x3_conv_channels=64x128x256_fc_dims=1024_seed0,cnn,0.16805453550815583,0.14055904614793097,0.0184752969514756,,,0.14678403464211479,465407,465407,50,0.5022043946139086,0,True,0.45456832695830385,0.29079754743905023,1,0.31855225563049316,0.14107929170131683,0,"[5, 3, 3]","[64, 128, 256]",[1024],6872548,bb6u19g1,541.0,trial_0070_learning_rate=5.0e-04_kernel_sizes=5x3x3_conv_channels=64x128x256_fc_dims=1024_seed0,fc5d08cadf,trial_0070_learning_rate=5.0e-04_kernel_sizes=5x3x3_conv_channels=64x128x256_fc_dims=1024_seed0
/scratch/sb272/patterns5k_results/slurm_base_cnn_2026-03-04_16-53-19/trial_0070_learning_rate=5.0e-04_kernel_sizes=5x3x3_conv_channels=64x128x256_fc_dims=1024_seed1,cnn,0.1680177493095398,0.14078176868216874,0.02042136968128265,,,0.14769593384606158,465407,465407,50,0.49039632059450067,0,True,0.45456832695830385,0.2836283331138241,2,0.31855225563049316,0.14151553809642792,0,"[5, 3, 3]","[64, 128, 256]",[1024],6872548,bb6u19g1,515.9,trial_0070_learning_rate=5.0e-04_kernel_sizes=5x3x3_conv_channels=64x128x256_fc_dims=1024_seed1,fc5d08cadf,trial_0070_learning_rate=5.0e-04_kernel_sizes=5x3x3_conv_channels=64x128x256_fc_dims=1024_seed1
/scratch/sb272/patterns5k_results/slurm_base_cnn_2026-03-04_16-53-19/trial_0070_learning_rate=5.0e-04_kernel_sizes=5x3x3_conv_channels=64x128x256_fc_dims=1024_seed2,cnn,0.16770306003093718,0.1448673672787433,0.02032488395297338,,,0.14088582569838506,465407,465407,50,0.5399172787256231,0,True,0.45456832695830385,0.30987167945034483,2,0.31855225563049316,0.1457308977842331,0,"[5, 3, 3]","[64, 128, 256]",[1024],6872548,bb6u19g1,513.0,trial_0070_learning_rate=5.0e-04_kernel_sizes=5x3x3_conv_channels=64x128x256_fc_dims=1024_seed2,fc5d08cadf,trial_0070_learning_rate=5.0e-04_kernel_sizes=5x3x3_conv_channels=64x128x256_fc_dims=1024_seed2
/scratch/sb272/patterns5k_results/slurm_base_cnn_2026-03-04_16-53-19/trial_0070_learning_rate=5.0e-04_kernel_sizes=5x3x3_conv_channels=64x128x256_fc_dims=1024_seed3,cnn,0.16899679458141326,0.14311442373394564,0.016110343592507497,,,0.14318995024426712,465407,465407,42,0.507810464668058,0,True,0.45456832695830385,0.2929890600928359,1,0.31855225563049316,0.14412111043930054,0,"[5, 3, 3]","[64, 128, 256]",[1024],6872548,bb6u19g1,454.7,trial_0070_learning_rate=5.0e-04_kernel_sizes=5x3x3_conv_channels=64x128x256_fc_dims=1024_seed3,fc5d08cadf,trial_0070_learning_rate=5.0e-04_kernel_sizes=5x3x3_conv_channels=64x128x256_fc_dims=1024_seed3
/scratch/sb272/patterns5k_results/slurm_base_cnn_2026-03-04_16-53-19/trial_0070_learning_rate=5.0e-04_kernel_sizes=5x3x3_conv_channels=64x128x256_fc_dims=1024_seed4,cnn,0.1678961420059204,0.14146768934019432,0.020640552990020267,,,0.14523704494765152,465407,465407,50,0.5163136485149235,0,True,0.45456832695830385,0.29884210415431095,2,0.31855225563049316,0.14255979657173157,0,"[5, 3, 3]","[64, 128, 256]",[1024],6872548,bb6u19g1,501.4,trial_0070_learning_rate=5.0e-04_kernel_sizes=5x3x3_conv_channels=64x128x256_fc_dims=1024_seed4,fc5d08cadf,trial_0070_learning_rate=5.0e-04_kernel_sizes=5x3x3_conv_channels=64x128x256_fc_dims=1024_seed4
/scratch/sb272/patterns5k_results/slurm_base_cnn_2026-03-04_16-53-19/trial_0071_learning_rate=5.0e-04_kernel_sizes=3x3x3_conv_channels=128x128x128_fc_dims=256_seed0,cnn,0.16934424352645874,0.12933018208869101,0.01631750095458258,,,0.13742465492786282,164799,164799,49,0.45228738679504404,0,True,0.45456832695830385,0.2632982534478498,1,0.31855225563049316,0.1291060894727707,0,"[3, 3, 3]","[128, 128, 128]",[256],6872548,bb6u19g1,294.1,trial_0071_learning_rate=5.0e-04_kernel_sizes=3x3x3_conv_channels=128x128x128_fc_dims=256_seed0,c0f2111c98,trial_0071_learning_rate=5.0e-04_kernel_sizes=3x3x3_conv_channels=128x128x128_fc_dims=256_seed0
/scratch/sb272/patterns5k_results/slurm_base_cnn_2026-03-04_16-53-19/trial_0071_learning_rate=5.0e-04_kernel_sizes=3x3x3_conv_channels=128x128x128_fc_dims=256_seed1,cnn,0.16868287587165834,0.12972589877727672,0.020253824809240917,,,0.13910543039704662,164799,164799,44,0.45342150674849285,0,True,0.45456832695830385,0.26790518280225956,1,0.31855225563049316,0.13058216869831085,0,"[3, 3, 3]","[128, 128, 128]",[256],6872548,bb6u19g1,284.4,trial_0071_learning_rate=5.0e-04_kernel_sizes=3x3x3_conv_channels=128x128x128_fc_dims=256_seed1,c0f2111c98,trial_0071_learning_rate=5.0e-04_kernel_sizes=3x3x3_conv_channels=128x128x128_fc_dims=256_seed1
/scratch/sb272/patterns5k_results/slurm_base_cnn_2026-03-04_16-53-19/trial_0071_learning_rate=5.0e-04_kernel_sizes=3x3x3_conv_channels=128x128x128_fc_dims=256_seed2,cnn,0.16885484266281128,0.13215676670725537,0.018464733683873736,,,0.13189891820952745,164799,164799,48,0.47801830054632666,0,True,0.45456832695830385,0.2802307492585495,2,0.31855225563049316,0.13280318677425385,0,"[3, 3, 3]","[128, 128, 128]",[256],6872548,bb6u19g1,293.6,trial_0071_learning_rate=5.0e-04_kernel_sizes=3x3x3_conv_channels=128x128x128_fc_dims=256_seed2,c0f2111c98,trial_0071_learning_rate=5.0e-04_kernel_sizes=3x3x3_conv_channels=128x128x128_fc_dims=256_seed2
/scratch/sb272/patterns5k_results/slurm_base_cnn_2026-03-04_16-53-19/trial_0071_learning_rate=5.0e-04_kernel_sizes=3x3x3_conv_channels=128x128x128_fc_dims=256_seed3,cnn,0.16864723694324493,0.12967080130802436,0.020220253202650283,,,0.13269154391366364,164799,164799,42,0.4481619716237209,0,True,0.45456832695830385,0.2662457902761974,1,0.31855225563049316,0.1307768076658249,0,"[3, 3, 3]","[128, 128, 128]",[256],6872548,bb6u19g1,271.8,trial_0071_learning_rate=5.0e-04_kernel_sizes=3x3x3_conv_channels=128x128x128_fc_dims=256_seed3,c0f2111c98,trial_0071_learning_rate=5.0e-04_kernel_sizes=3x3x3_conv_channels=128x128x128_fc_dims=256_seed3
/scratch/sb272/patterns5k_results/slurm_base_cnn_2026-03-04_16-53-19/trial_0071_learning_rate=5.0e-04_kernel_sizes=3x3x3_conv_channels=128x128x128_fc_dims=256_seed4,cnn,0.16829462325572966,0.13467146675685385,0.020508516402471633,,,0.13630049291171775,164799,164799,47,0.48323300942222075,0,True,0.45456832695830385,0.2807365356828458,2,0.31855225563049316,0.13527259230613708,0,"[3, 3, 3]","[128, 128, 128]",[256],6872548,bb6u19g1,293.5,trial_0071_learning_rate=5.0e-04_kernel_sizes=3x3x3_conv_channels=128x128x128_fc_dims=256_seed4,c0f2111c98,trial_0071_learning_rate=5.0e-04_kernel_sizes=3x3x3_conv_channels=128x128x128_fc_dims=256_seed4
/scratch/sb272/patterns5k_results/slurm_base_cnn_2026-03-04_16-53-19/trial_0072_learning_rate=5.0e-04_kernel_sizes=3x3x3_conv_channels=128x128x128_fc_dims=512_seed0,cnn,0.16881668555736543,0.13186174756625266,0.018312862941196988,,,0.14072606560933817,213951,213951,48,0.480774141852316,0,True,0.45456832695830385,0.27755169765577675,2,0.31855225563049316,0.1323106437921524,0,"[3, 3, 3]","[128, 128, 128]",[512],6872548,bb6u19g1,327.2,trial_0072_learning_rate=5.0e-04_kernel_sizes=3x3x3_conv_channels=128x128x128_fc_dims=512_seed0,1a29bd535c,trial_0072_learning_rate=5.0e-04_kernel_sizes=3x3x3_conv_channels=128x128x128_fc_dims=512_seed0
/scratch/sb272/patterns5k_results/slurm_base_cnn_2026-03-04_16-53-19/trial_0072_learning_rate=5.0e-04_kernel_sizes=3x3x3_conv_channels=128x128x128_fc_dims=512_seed1,cnn,0.1690148764848709,0.13433333783096166,0.017861588606758724,,,0.14299993841971842,213951,213951,45,0.4777951755490371,0,True,0.45456832695830385,0.2791517631386871,1,0.31855225563049316,0.13541944324970245,0,"[3, 3, 3]","[128, 128, 128]",[512],6872548,bb6u19g1,310.1,trial_0072_learning_rate=5.0e-04_kernel_sizes=3x3x3_conv_channels=128x128x128_fc_dims=512_seed1,1a29bd535c,trial_0072_learning_rate=5.0e-04_kernel_sizes=3x3x3_conv_channels=128x128x128_fc_dims=512_seed1
/scratch/sb272/patterns5k_results/slurm_base_cnn_2026-03-04_16-53-19/trial_0072_learning_rate=5.0e-04_kernel_sizes=3x3x3_conv_channels=128x128x128_fc_dims=512_seed2,cnn,0.1688979892730713,0.1361118660783241,0.017111547409542023,,,0.13427731285459438,213951,213951,50,0.49216363242839095,0,True,0.45456832695830385,0.2839432450226735,2,0.31855225563049316,0.13703353703022003,0,"[3, 3, 3]","[128, 128, 128]",[512],6872548,bb6u19g1,332.6,trial_0072_learning_rate=5.0e-04_kernel_sizes=3x3x3_conv_channels=128x128x128_fc_dims=512_seed2,1a29bd535c,trial_0072_learning_rate=5.0e-04_kernel_sizes=3x3x3_conv_channels=128x128x128_fc_dims=512_seed2
/scratch/sb272/patterns5k_results/slurm_base_cnn_2026-03-04_16-53-19/trial_0072_learning_rate=5.0e-04_kernel_sizes=3x3x3_conv_channels=128x128x128_fc_dims=512_seed3,cnn,0.16939245915412904,0.13288441801462214,0.013785266686999609,,,0.13541866910953,213951,213951,39,0.4781475063787347,0,True,0.45456832695830385,0.278069770445597,2,0.31855225563049316,0.13281142711639404,0,"[3, 3, 3]","[128, 128, 128]",[512],6872548,bb6u19g1,302.8,trial_0072_learning_rate=5.0e-04_kernel_sizes=3x3x3_conv_channels=128x128x128_fc_dims=512_seed3,1a29bd535c,trial_0072_learning_rate=5.0e-04_kernel_sizes=3x3x3_conv_channels=128x128x128_fc_dims=512_seed3
/scratch/sb272/patterns5k_results/slurm_base_cnn_2026-03-04_16-53-19/trial_0072_learning_rate=5.0e-04_kernel_sizes=3x3x3_conv_channels=128x128x128_fc_dims=512_seed4,cnn,0.16899901068210602,0.13123622621761594,0.016965713765886094,,,0.13877763110557273,213951,213951,49,0.47917280719428024,0,True,0.45456832695830385,0.27687448897218625,2,0.31855225563049316,0.13168150186538696,0,"[3, 3, 3]","[128, 128, 128]",[512],6872548,bb6u19g1,349.5,trial_0072_learning_rate=5.0e-04_kernel_sizes=3x3x3_conv_channels=128x128x128_fc_dims=512_seed4,1a29bd535c,trial_0072_learning_rate=5.0e-04_kernel_sizes=3x3x3_conv_channels=128x128x128_fc_dims=512_seed4
/scratch/sb272/patterns5k_results/slurm_base_cnn_2026-03-04_16-53-19/trial_0073_learning_rate=5.0e-04_kernel_sizes=3x3x3_conv_channels=256x256x256_fc_dims=512_seed0,cnn,0.16964712870121001,0.13109928024594786,0.01840984726709033,,,0.1370060027622141,591679,591679,36,0.46825012578827846,0,True,0.45456832695830385,0.274598357995154,0,0.31855225563049316,0.13108599185943604,0,"[3, 3, 3]","[256, 256, 256]",[512],6872548,bb6u19g1,439.1,trial_0073_learning_rate=5.0e-04_kernel_sizes=3x3x3_conv_channels=256x256x256_fc_dims=512_seed0,cbd55dad23,trial_0073_learning_rate=5.0e-04_kernel_sizes=3x3x3_conv_channels=256x256x256_fc_dims=512_seed0
/scratch/sb272/patterns5k_results/slurm_base_cnn_2026-03-04_16-53-19/trial_0073_learning_rate=5.0e-04_kernel_sizes=3x3x3_conv_channels=256x256x256_fc_dims=512_seed1,cnn,0.16884863543510437,0.1309848401102128,0.018513417433178615,,,0.13819133512478396,591679,591679,30,0.4790780971297061,0,True,0.45456832695830385,0.2809879575669596,1,0.31855225563049316,0.13164685666561127,0,"[3, 3, 3]","[256, 256, 256]",[512],6872548,bb6u19g1,388.8,trial_0073_learning_rate=5.0e-04_kernel_sizes=3x3x3_conv_channels=256x256x256_fc_dims=512_seed1,cbd55dad23,trial_0073_learning_rate=5.0e-04_kernel_sizes=3x3x3_conv_channels=256x256x256_fc_dims=512_seed1
/scratch/sb272/patterns5k_results/slurm_base_cnn_2026-03-04_16-53-19/trial_0073_learning_rate=5.0e-04_kernel_sizes=3x3x3_conv_channels=256x256x256_fc_dims=512_seed2,cnn,0.16879690098762512,0.13565445474109958,0.01861955343730866,,,0.13481114849985032,591679,591679,32,0.47185174034629734,0,True,0.45456832695830385,0.2785379222791871,2,0.31855225563049316,0.1359720379114151,0,"[3, 3, 3]","[256, 256, 256]",[512],6872548,bb6u19g1,392.3,trial_0073_learning_rate=5.0e-04_kernel_sizes=3x3x3_conv_channels=256x256x256_fc_dims=512_seed2,cbd55dad23,trial_0073_learning_rate=5.0e-04_kernel_sizes=3x3x3_conv_channels=256x256x256_fc_dims=512_seed2
/scratch/sb272/patterns5k_results/slurm_base_cnn_2026-03-04_16-53-19/trial_0073_learning_rate=5.0e-04_kernel_sizes=3x3x3_conv_channels=256x256x256_fc_dims=512_seed3,cnn,0.16899782931804658,0.13176542284822498,0.018517388237847224,,,0.1341616713742489,591679,591679,29,0.4936396241156643,0,True,0.45456832695830385,0.2851914443529225,2,0.31855225563049316,0.13262014091014862,0,"[3, 3, 3]","[256, 256, 256]",[512],6872548,bb6u19g1,367.9,trial_0073_learning_rate=5.0e-04_kernel_sizes=3x3x3_conv_channels=256x256x256_fc_dims=512_seed3,cbd55dad23,trial_0073_learning_rate=5.0e-04_kernel_sizes=3x3x3_conv_channels=256x256x256_fc_dims=512_seed3
/scratch/sb272/patterns5k_results/slurm_base_cnn_2026-03-04_16-53-19/trial_0073_learning_rate=5.0e-04_kernel_sizes=3x3x3_conv_channels=256x256x256_fc_dims=512_seed4,cnn,0.16891617858409883,0.13123577339034076,0.016485389262910873,,,0.13595365101126894,591679,591679,27,0.4738868515356005,0,True,0.45456832695830385,0.2794536837907128,1,0.31855225563049316,0.1323319524526596,0,"[3, 3, 3]","[256, 256, 256]",[512],6872548,bb6u19g1,358.5,trial_0073_learning_rate=5.0e-04_kernel_sizes=3x3x3_conv_channels=256x256x256_fc_dims=512_seed4,cbd55dad23,trial_0073_learning_rate=5.0e-04_kernel_sizes=3x3x3_conv_channels=256x256x256_fc_dims=512_seed4
/scratch/sb272/patterns5k_results/slurm_base_cnn_2026-03-04_16-53-19/trial_0074_learning_rate=5.0e-04_kernel_sizes=3x3x3_conv_channels=256x256x256_fc_dims=1024_seed0,cnn,0.1704743239879608,0.13237121245188635,0.007903377215067545,,,0.14037882201428795,755519,755519,35,0.45573230213823146,0,True,0.45456832695830385,0.2674426134548967,0,0.31855225563049316,0.13277040421962738,0,"[3, 3, 3]","[256, 256, 256]",[1024],6872548,bb6u19g1,483.4,trial_0074_learning_rate=5.0e-04_kernel_sizes=3x3x3_conv_channels=256x256x256_fc_dims=1024_seed0,3d3dc564d9,trial_0074_learning_rate=5.0e-04_kernel_sizes=3x3x3_conv_channels=256x256x256_fc_dims=1024_seed0
/scratch/sb272/patterns5k_results/slurm_base_cnn_2026-03-04_16-53-19/trial_0074_learning_rate=5.0e-04_kernel_sizes=3x3x3_conv_channels=256x256x256_fc_dims=1024_seed1,cnn,0.16898273706436157,0.13658365256152658,0.01592918142439827,,,0.14167324963281003,755519,755519,27,0.4785118740026077,0,True,0.45456832695830385,0.2811383047322781,1,0.31855225563049316,0.13681654632091522,0,"[3, 3, 3]","[256, 256, 256]",[1024],6872548,bb6u19g1,398.2,trial_0074_learning_rate=5.0e-04_kernel_sizes=3x3x3_conv_channels=256x256x256_fc_dims=1024_seed1,3d3dc564d9,trial_0074_learning_rate=5.0e-04_kernel_sizes=3x3x3_conv_channels=256x256x256_fc_dims=1024_seed1
/scratch/sb272/patterns5k_results/slurm_base_cnn_2026-03-04_16-53-19/trial_0074_learning_rate=5.0e-04_kernel_sizes=3x3x3_conv_channels=256x256x256_fc_dims=1024_seed2,cnn,0.16869949078559876,0.1376743131998547,0.017774655705406553,,,0.13532526866740408,755519,755519,28,0.4709988956483623,0,True,0.45456832695830385,0.2766652300106168,2,0.31855225563049316,0.1380418986082077,0,"[3, 3, 3]","[256, 256, 256]",[1024],6872548,bb6u19g1,414.5,trial_0074_learning_rate=5.0e-04_kernel_sizes=3x3x3_conv_channels=256x256x256_fc_dims=1024_seed2,3d3dc564d9,trial_0074_learning_rate=5.0e-04_kernel_sizes=3x3x3_conv_channels=256x256x256_fc_dims=1024_seed2
/scratch/sb272/patterns5k_results/slurm_base_cnn_2026-03-04_16-53-19/trial_0074_learning_rate=5.0e-04_kernel_sizes=3x3x3_conv_channels=256x256x256_fc_dims=1024_seed3,cnn,0.1703328455686569,0.13108371913855862,0.008500194738781641,,,0.1348766811446928,755519,755519,33,0.4664440415502131,0,True,0.45456832695830385,0.2728512544914919,0,0.31855225563049316,0.1313701868057251,0,"[3, 3, 3]","[256, 256, 256]",[1024],6872548,bb6u19g1,470.7,trial_0074_learning_rate=5.0e-04_kernel_sizes=3x3x3_conv_channels=256x256x256_fc_dims=1024_seed3,3d3dc564d9,trial_0074_learning_rate=5.0e-04_kernel_sizes=3x3x3_conv_channels=256x256x256_fc_dims=1024_seed3
/scratch/sb272/patterns5k_results/slurm_base_cnn_2026-03-04_16-53-19/trial_0074_learning_rate=5.0e-04_kernel_sizes=3x3x3_conv_channels=256x256x256_fc_dims=1024_seed4,cnn,0.16916853594779968,0.13406776017531957,0.0162462175838531,,,0.13857855732704694,755519,755519,30,0.5007855753973881,0,True,0.45456832695830385,0.29057003559266026,2,0.31855225563049316,0.13455747067928314,0,"[3, 3, 3]","[256, 256, 256]",[1024],6872548,bb6u19g1,433.6,trial_0074_learning_rate=5.0e-04_kernel_sizes=3x3x3_conv_channels=256x256x256_fc_dims=1024_seed4,3d3dc564d9,trial_0074_learning_rate=5.0e-04_kernel_sizes=3x3x3_conv_channels=256x256x256_fc_dims=1024_seed4
/scratch/sb272/patterns5k_results/slurm_base_cnn_2026-03-04_16-53-19/trial_0075_learning_rate=5.0e-04_kernel_sizes=3x3_conv_channels=64x128_fc_dims=128_seed0,cnn,0.16932016599178315,0.13247743900070844,0.018803415790436758,,,0.13547582539658257,57855,57855,50,0.4516355309263613,0,True,0.45456832695830385,0.2679716674508957,1,0.31855225563049316,0.13338111340999603,0,"[3, 3]","[64, 128]",[128],6872548,bb6u19g1,243.7,trial_0075_learning_rate=5.0e-04_kernel_sizes=3x3_conv_channels=64x128_fc_dims=128_seed0,bf5862d109,trial_0075_learning_rate=5.0e-04_kernel_sizes=3x3_conv_channels=64x128_fc_dims=128_seed0
/scratch/sb272/patterns5k_results/slurm_base_cnn_2026-03-04_16-53-19/trial_0075_learning_rate=5.0e-04_kernel_sizes=3x3_conv_channels=64x128_fc_dims=128_seed1,cnn,0.16958824682235718,0.1313664941984028,0.017809381560673788,,,0.13647442598722087,57855,57855,50,0.46305208594296954,0,True,0.45456832695830385,0.2741758089454223,1,0.31855225563049316,0.13285581767559052,0,"[3, 3]","[64, 128]",[128],6872548,bb6u19g1,243.2,trial_0075_learning_rate=5.0e-04_kernel_sizes=3x3_conv_channels=64x128_fc_dims=128_seed1,bf5862d109,trial_0075_learning_rate=5.0e-04_kernel_sizes=3x3_conv_channels=64x128_fc_dims=128_seed1
/scratch/sb272/patterns5k_results/slurm_base_cnn_2026-03-04_16-53-19/trial_0075_learning_rate=5.0e-04_kernel_sizes=3x3_conv_channels=64x128_fc_dims=128_seed2,cnn,0.1690438508987427,0.13409529406920698,0.019883024314093212,,,0.13105806311767998,57855,57855,50,0.47280018506480515,0,True,0.45456832695830385,0.27859453416116703,1,0.31855225563049316,0.13499166071414948,0,"[3, 3]","[64, 128]",[128],6872548,bb6u19g1,241.3,trial_0075_learning_rate=5.0e-04_kernel_sizes=3x3_conv_channels=64x128_fc_dims=128_seed2,bf5862d109,trial_0075_learning_rate=5.0e-04_kernel_sizes=3x3_conv_channels=64x128_fc_dims=128_seed2
/scratch/sb272/patterns5k_results/slurm_base_cnn_2026-03-04_16-53-19/trial_0075_learning_rate=5.0e-04_kernel_sizes=3x3_conv_channels=64x128_fc_dims=128_seed3,cnn,0.16909275460243225,0.129963245166702,0.01954807553972517,,,0.1303513129049134,57855,57855,50,0.4483200137655945,0,True,0.45456832695830385,0.2678944132474337,1,0.31855225563049316,0.13088880479335785,0,"[3, 3]","[64, 128]",[128],6872548,bb6u19g1,247.4,trial_0075_learning_rate=5.0e-04_kernel_sizes=3x3_conv_channels=64x128_fc_dims=128_seed3,bf5862d109,trial_0075_learning_rate=5.0e-04_kernel_sizes=3x3_conv_channels=64x128_fc_dims=128_seed3
/scratch/sb272/patterns5k_results/slurm_base_cnn_2026-03-04_16-53-19/trial_0075_learning_rate=5.0e-04_kernel_sizes=3x3_conv_channels=64x128_fc_dims=128_seed4,cnn,0.16893098771572113,0.13161539131967193,0.020129989063929,,,0.13431993120874136,57855,57855,50,0.4578531308551916,0,True,0.45456832695830385,0.2714908363734675,1,0.31855225563049316,0.1328733116388321,0,"[3, 3]","[64, 128]",[128],6872548,bb6u19g1,244.7,trial_0075_learning_rate=5.0e-04_kernel_sizes=3x3_conv_channels=64x128_fc_dims=128_seed4,bf5862d109,trial_0075_learning_rate=5.0e-04_kernel_sizes=3x3_conv_channels=64x128_fc_dims=128_seed4
/scratch/sb272/patterns5k_results/slurm_base_cnn_2026-03-04_16-53-19/trial_0076_learning_rate=5.0e-04_kernel_sizes=3x3_conv_channels=64x128_fc_dims=256_seed0,cnn,0.16934951412677765,0.1366177913172284,0.019595218083215137,,,0.14016680945711027,82431,82431,50,0.49832779183567805,0,True,0.45456832695830385,0.2934122661844749,1,0.31855225563049316,0.1377807855606079,0,"[3, 3]","[64, 128]",[256],6872548,bb6u19g1,265.3,trial_0076_learning_rate=5.0e-04_kernel_sizes=3x3_conv_channels=64x128_fc_dims=256_seed0,54e1dad37b,trial_0076_learning_rate=5.0e-04_kernel_sizes=3x3_conv_channels=64x128_fc_dims=256_seed0
/scratch/sb272/patterns5k_results/slurm_base_cnn_2026-03-04_16-53-19/trial_0076_learning_rate=5.0e-04_kernel_sizes=3x3_conv_channels=64x128_fc_dims=256_seed1,cnn,0.1691685084104538,0.1317678035701277,0.01913329911610437,,,0.13771984205142868,82431,82431,50,0.4595855061318781,0,True,0.45456832695830385,0.27146032865434383,1,0.31855225563049316,0.13279420137405396,0,"[3, 3]","[64, 128]",[256],6872548,bb6u19g1,256.7,trial_0076_learning_rate=5.0e-04_kernel_sizes=3x3_conv_channels=64x128_fc_dims=256_seed1,54e1dad37b,trial_0076_learning_rate=5.0e-04_kernel_sizes=3x3_conv_channels=64x128_fc_dims=256_seed1
/scratch/sb272/patterns5k_results/slurm_base_cnn_2026-03-04_16-53-19/trial_0076_learning_rate=5.0e-04_kernel_sizes=3x3_conv_channels=64x128_fc_dims=256_seed2,cnn,0.16916677474975586,0.1366680074246914,0.020056294070349798,,,0.13465161244345175,82431,82431,50,0.49442522544058254,0,True,0.45456832695830385,0.29190291192217804,1,0.31855225563049316,0.13832703232765198,0,"[3, 3]","[64, 128]",[256],6872548,bb6u19g1,256.0,trial_0076_learning_rate=5.0e-04_kernel_sizes=3x3_conv_channels=64x128_fc_dims=256_seed2,54e1dad37b,trial_0076_learning_rate=5.0e-04_kernel_sizes=3x3_conv_channels=64x128_fc_dims=256_seed2
/scratch/sb272/patterns5k_results/slurm_base_cnn_2026-03-04_16-53-19/trial_0076_learning_rate=5.0e-04_kernel_sizes=3x3_conv_channels=64x128_fc_dims=256_seed3,cnn,0.1692388801574707,0.13637556460169536,0.01930127919666351,,,0.13497744117186963,82431,82431,50,0.4905341357680789,0,True,0.45456832695830385,0.28699594150750957,1,0.31855225563049316,0.13776665925979614,0,"[3, 3]","[64, 128]",[256],6872548,bb6u19g1,259.9,trial_0076_learning_rate=5.0e-04_kernel_sizes=3x3_conv_channels=64x128_fc_dims=256_seed3,54e1dad37b,trial_0076_learning_rate=5.0e-04_kernel_sizes=3x3_conv_channels=64x128_fc_dims=256_seed3
/scratch/sb272/patterns5k_results/slurm_base_cnn_2026-03-04_16-53-19/trial_0076_learning_rate=5.0e-04_kernel_sizes=3x3_conv_channels=64x128_fc_dims=256_seed4,cnn,0.16889595198631285,0.13467180139512774,0.02056464884016249,,,0.13415009493375693,82431,82431,50,0.47692675130271645,0,True,0.45456832695830385,0.27917695293782235,2,0.31855225563049316,0.13567790389060974,0,"[3, 3]","[64, 128]",[256],6872548,bb6u19g1,264.3,trial_0076_learning_rate=5.0e-04_kernel_sizes=3x3_conv_channels=64x128_fc_dims=256_seed4,54e1dad37b,trial_0076_learning_rate=5.0e-04_kernel_sizes=3x3_conv_channels=64x128_fc_dims=256_seed4
/scratch/sb272/patterns5k_results/slurm_base_cnn_2026-03-04_16-53-19/trial_0077_learning_rate=5.0e-04_kernel_sizes=3x3_conv_channels=64x128_fc_dims=512_seed0,cnn,0.16955496168136597,0.13923433146005554,0.018469362977951292,,,0.14012925966400816,131583,131583,50,0.5062949661569586,0,True,0.45456832695830385,0.2950069781412209,1,0.31855225563049316,0.14000242948532104,0,"[3, 3]","[64, 128]",[512],6872548,bb6u19g1,283.4,trial_0077_learning_rate=5.0e-04_kernel_sizes=3x3_conv_channels=64x128_fc_dims=512_seed0,8ae8775a65,trial_0077_learning_rate=5.0e-04_kernel_sizes=3x3_conv_channels=64x128_fc_dims=512_seed0
/scratch/sb272/patterns5k_results/slurm_base_cnn_2026-03-04_16-53-19/trial_0077_learning_rate=5.0e-04_kernel_sizes=3x3_conv_channels=64x128_fc_dims=512_seed1,cnn,0.16995143187046052,0.13717012619495,0.01640714444811382,,,0.14188969509409868,131583,131583,50,0.5105186015528097,0,True,0.45456832695830385,0.2952612479151407,1,0.31855225563049316,0.13815124332904816,0,"[3, 3]","[64, 128]",[512],6872548,bb6u19g1,281.8,trial_0077_learning_rate=5.0e-04_kernel_sizes=3x3_conv_channels=64x128_fc_dims=512_seed1,8ae8775a65,trial_0077_learning_rate=5.0e-04_kernel_sizes=3x3_conv_channels=64x128_fc_dims=512_seed1
/scratch/sb272/patterns5k_results/slurm_base_cnn_2026-03-04_16-53-19/trial_0077_learning_rate=5.0e-04_kernel_sizes=3x3_conv_channels=64x128_fc_dims=512_seed2,cnn,0.16926020526885988,0.1382143050248094,0.018261276540302095,,,0.13487291419719044,131583,131583,50,0.4897270078644168,0,True,0.45456832695830385,0.28686069512882484,2,0.31855225563049316,0.138932466506958,0,"[3, 3]","[64, 128]",[512],6872548,bb6u19g1,284.1,trial_0077_learning_rate=5.0e-04_kernel_sizes=3x3_conv_channels=64x128_fc_dims=512_seed2,8ae8775a65,trial_0077_learning_rate=5.0e-04_kernel_sizes=3x3_conv_channels=64x128_fc_dims=512_seed2
/scratch/sb272/patterns5k_results/slurm_base_cnn_2026-03-04_16-53-19/trial_0077_learning_rate=5.0e-04_kernel_sizes=3x3_conv_channels=64x128_fc_dims=512_seed3,cnn,0.17001351702213288,0.13235009520152213,0.015400843014792791,,,0.13543793559939118,131583,131583,50,0.46800356634581014,0,True,0.45456832695830385,0.27783484498644223,1,0.31855225563049316,0.13306330144405365,0,"[3, 3]","[64, 128]",[512],6872548,bb6u19g1,289.7,trial_0077_learning_rate=5.0e-04_kernel_sizes=3x3_conv_channels=64x128_fc_dims=512_seed3,8ae8775a65,trial_0077_learning_rate=5.0e-04_kernel_sizes=3x3_conv_channels=64x128_fc_dims=512_seed3
/scratch/sb272/patterns5k_results/slurm_base_cnn_2026-03-04_16-53-19/trial_0077_learning_rate=5.0e-04_kernel_sizes=3x3_conv_channels=64x128_fc_dims=512_seed4,cnn,0.16891090202331543,0.1371873543274362,0.019667803295074948,,,0.13750846820739013,131583,131583,50,0.49083790025020746,0,True,0.45456832695830385,0.28719300796744607,2,0.31855225563049316,0.13846391439437866,0,"[3, 3]","[64, 128]",[512],6872548,bb6u19g1,282.1,trial_0077_learning_rate=5.0e-04_kernel_sizes=3x3_conv_channels=64x128_fc_dims=512_seed4,8ae8775a65,trial_0077_learning_rate=5.0e-04_kernel_sizes=3x3_conv_channels=64x128_fc_dims=512_seed4
/scratch/sb272/patterns5k_results/slurm_base_cnn_2026-03-04_16-53-19/trial_0078_learning_rate=5.0e-04_kernel_sizes=5x3_conv_channels=128x256_fc_dims=256_seed0,cnn,0.16992364716529845,0.1332366754309985,0.01184766065506708,,,0.13686738528950723,208319,208319,50,0.4862255423806799,0,True,0.45456832695830385,0.28499514484209704,1,0.31855225563049316,0.13339528441429138,0,"[5, 3]","[128, 256]",[256],6872548,bb6u19g1,319.7,trial_0078_learning_rate=5.0e-04_kernel_sizes=5x3_conv_channels=128x256_fc_dims=256_seed0,e87869b449,trial_0078_learning_rate=5.0e-04_kernel_sizes=5x3_conv_channels=128x256_fc_dims=256_seed0
/scratch/sb272/patterns5k_results/slurm_base_cnn_2026-03-04_16-53-19/trial_0078_learning_rate=5.0e-04_kernel_sizes=5x3_conv_channels=128x256_fc_dims=256_seed1,cnn,0.16968243527412413,0.13240296020510087,0.014835533641633532,,,0.1374241109641605,208319,208319,50,0.4642726553520406,0,True,0.45456832695830385,0.27236570949566563,1,0.31855225563049316,0.13350126147270203,0,"[5, 3]","[128, 256]",[256],6872548,bb6u19g1,324.4,trial_0078_learning_rate=5.0e-04_kernel_sizes=5x3_conv_channels=128x256_fc_dims=256_seed1,e87869b449,trial_0078_learning_rate=5.0e-04_kernel_sizes=5x3_conv_channels=128x256_fc_dims=256_seed1
/scratch/sb272/patterns5k_results/slurm_base_cnn_2026-03-04_16-53-19/trial_0078_learning_rate=5.0e-04_kernel_sizes=5x3_conv_channels=128x256_fc_dims=256_seed2,cnn,0.17080422449111937,0.13121801030460253,0.007544210978916713,,,0.13123746671689238,208319,208319,46,0.485130837893004,0,True,0.45456832695830385,0.2827507500490442,1,0.31855225563049316,0.13199977576732635,0,"[5, 3]","[128, 256]",[256],6872548,bb6u19g1,316.4,trial_0078_learning_rate=5.0e-04_kernel_sizes=5x3_conv_channels=128x256_fc_dims=256_seed2,e87869b449,trial_0078_learning_rate=5.0e-04_kernel_sizes=5x3_conv_channels=128x256_fc_dims=256_seed2
/scratch/sb272/patterns5k_results/slurm_base_cnn_2026-03-04_16-53-19/trial_0078_learning_rate=5.0e-04_kernel_sizes=5x3_conv_channels=128x256_fc_dims=256_seed3,cnn,0.17029461812973024,0.1325635353311383,0.010625458898998442,,,0.1345074312588915,208319,208319,47,0.488597175598101,0,True,0.45456832695830385,0.2882405699350708,1,0.31855225563049316,0.13313651084899902,0,"[5, 3]","[128, 256]",[256],6872548,bb6u19g1,318.2,trial_0078_learning_rate=5.0e-04_kernel_sizes=5x3_conv_channels=128x256_fc_dims=256_seed3,e87869b449,trial_0078_learning_rate=5.0e-04_kernel_sizes=5x3_conv_channels=128x256_fc_dims=256_seed3
/scratch/sb272/patterns5k_results/slurm_base_cnn_2026-03-04_16-53-19/trial_0078_learning_rate=5.0e-04_kernel_sizes=5x3_conv_channels=128x256_fc_dims=256_seed4,cnn,0.1699360226392746,0.13246010199359315,0.009686283648960174,,,0.135806634601213,208319,208319,49,0.48200321087696507,0,True,0.45456832695830385,0.2826993148063537,1,0.31855225563049316,0.13315537571907043,0,"[5, 3]","[128, 256]",[256],6872548,bb6u19g1,331.4,trial_0078_learning_rate=5.0e-04_kernel_sizes=5x3_conv_channels=128x256_fc_dims=256_seed4,e87869b449,trial_0078_learning_rate=5.0e-04_kernel_sizes=5x3_conv_channels=128x256_fc_dims=256_seed4
/scratch/sb272/patterns5k_results/slurm_base_cnn_2026-03-04_16-53-19/trial_0079_learning_rate=5.0e-04_kernel_sizes=5x3_conv_channels=128x256_fc_dims=512_seed0,cnn,0.1712584146261215,0.13733848641763566,0.004622711075676812,,,0.13723761686390615,290239,290239,45,0.4974523467807341,0,True,0.45456832695830385,0.2917775898061778,1,0.31855225563049316,0.13798782229423523,0,"[5, 3]","[128, 256]",[512],6872548,bb6u19g1,349.5,trial_0079_learning_rate=5.0e-04_kernel_sizes=5x3_conv_channels=128x256_fc_dims=512_seed0,fb3110352c,trial_0079_learning_rate=5.0e-04_kernel_sizes=5x3_conv_channels=128x256_fc_dims=512_seed0
/scratch/sb272/patterns5k_results/slurm_base_cnn_2026-03-04_16-53-19/trial_0079_learning_rate=5.0e-04_kernel_sizes=5x3_conv_channels=128x256_fc_dims=512_seed1,cnn,0.16978596782684327,0.13654763605300146,0.011736625716799782,,,0.13920797607670252,290239,290239,40,0.5163979425566756,0,True,0.45456832695830385,0.3013299587769265,1,0.31855225563049316,0.137941375374794,0,"[5, 3]","[128, 256]",[512],6872548,bb6u19g1,329.3,trial_0079_learning_rate=5.0e-04_kernel_sizes=5x3_conv_channels=128x256_fc_dims=512_seed1,fb3110352c,trial_0079_learning_rate=5.0e-04_kernel_sizes=5x3_conv_channels=128x256_fc_dims=512_seed1
/scratch/sb272/patterns5k_results/slurm_base_cnn_2026-03-04_16-53-19/trial_0079_learning_rate=5.0e-04_kernel_sizes=5x3_conv_channels=128x256_fc_dims=512_seed2,cnn,0.16992416203022004,0.13728463527378504,0.012033414273034958,,,0.1326803453763853,290239,290239,47,0.5044458291220112,0,True,0.45456832695830385,0.29439544987318544,1,0.31855225563049316,0.13811475038528442,0,"[5, 3]","[128, 256]",[512],6872548,bb6u19g1,348.3,trial_0079_learning_rate=5.0e-04_kernel_sizes=5x3_conv_channels=128x256_fc_dims=512_seed2,fb3110352c,trial_0079_learning_rate=5.0e-04_kernel_sizes=5x3_conv_channels=128x256_fc_dims=512_seed2
/scratch/sb272/patterns5k_results/slurm_base_cnn_2026-03-04_16-53-19/trial_0079_learning_rate=5.0e-04_kernel_sizes=5x3_conv_channels=128x256_fc_dims=512_seed3,cnn,0.1715865797996521,0.13360060670764923,0.003742208556523399,,,0.13444851991181334,290239,290239,50,0.4770304000525896,0,True,0.45456832695830385,0.28284479376893645,1,0.31855225563049316,0.13459785282611847,0,"[5, 3]","[128, 256]",[512],6872548,bb6u19g1,365.5,trial_0079_learning_rate=5.0e-04_kernel_sizes=5x3_conv_channels=128x256_fc_dims=512_seed3,fb3110352c,trial_0079_learning_rate=5.0e-04_kernel_sizes=5x3_conv_channels=128x256_fc_dims=512_seed3
/scratch/sb272/patterns5k_results/slurm_base_cnn_2026-03-04_16-53-19/trial_0079_learning_rate=5.0e-04_kernel_sizes=5x3_conv_channels=128x256_fc_dims=512_seed4,cnn,0.17006382358074187,0.13373671254864222,0.009918761631799123,,,0.1358572956350217,290239,290239,50,0.48093878384739425,0,True,0.45456832695830385,0.28176223064778677,1,0.31855225563049316,0.13427820801734924,0,"[5, 3]","[128, 256]",[512],6872548,bb6u19g1,395.3,trial_0079_learning_rate=5.0e-04_kernel_sizes=5x3_conv_channels=128x256_fc_dims=512_seed4,fb3110352c,trial_0079_learning_rate=5.0e-04_kernel_sizes=5x3_conv_channels=128x256_fc_dims=512_seed4
/scratch/sb272/patterns5k_results/slurm_base_cnn_2026-03-04_16-53-19/trial_0080_learning_rate=5.0e-04_kernel_sizes=5x3_conv_channels=128x256_fc_dims=1024_seed0,cnn,0.17160611045360566,0.1392920197174038,0.0028335083098638626,,,0.1398587497541458,454079,454079,38,0.5025189721135811,0,True,0.45456832695830385,0.29390588701899895,1,0.31855225563049316,0.14029313623905182,0,"[5, 3]","[128, 256]",[1024],6872549,bb7u17g1,495.2,trial_0080_learning_rate=5.0e-04_kernel_sizes=5x3_conv_channels=128x256_fc_dims=1024_seed0,7c6bced8e6,trial_0080_learning_rate=5.0e-04_kernel_sizes=5x3_conv_channels=128x256_fc_dims=1024_seed0
/scratch/sb272/patterns5k_results/slurm_base_cnn_2026-03-04_16-53-19/trial_0080_learning_rate=5.0e-04_kernel_sizes=5x3_conv_channels=128x256_fc_dims=1024_seed1,cnn,0.17093533265590669,0.1382012335959869,0.005411504753052242,,,0.13972539115281618,454079,454079,49,0.493231509615061,0,True,0.45456832695830385,0.2919919588469662,1,0.31855225563049316,0.13945212960243225,0,"[5, 3]","[128, 256]",[1024],6872549,bb7u17g1,580.6,trial_0080_learning_rate=5.0e-04_kernel_sizes=5x3_conv_channels=128x256_fc_dims=1024_seed1,7c6bced8e6,trial_0080_learning_rate=5.0e-04_kernel_sizes=5x3_conv_channels=128x256_fc_dims=1024_seed1
/scratch/sb272/patterns5k_results/slurm_base_cnn_2026-03-04_16-53-19/trial_0080_learning_rate=5.0e-04_kernel_sizes=5x3_conv_channels=128x256_fc_dims=1024_seed2,cnn,0.17073414731025696,0.13446203312744143,0.0057159898773072254,,,0.1339561617619593,454079,454079,43,0.4959200502180818,0,True,0.45456832695830385,0.2871781870920908,1,0.31855225563049316,0.1353491097688675,0,"[5, 3]","[128, 256]",[1024],6872549,bb7u17g1,528.0,trial_0080_learning_rate=5.0e-04_kernel_sizes=5x3_conv_channels=128x256_fc_dims=1024_seed2,7c6bced8e6,trial_0080_learning_rate=5.0e-04_kernel_sizes=5x3_conv_channels=128x256_fc_dims=1024_seed2
/scratch/sb272/patterns5k_results/slurm_base_cnn_2026-03-04_16-53-19/trial_0080_learning_rate=5.0e-04_kernel_sizes=5x3_conv_channels=128x256_fc_dims=1024_seed3,cnn,0.17181786489486695,0.1370054052880859,0.0009027445127093602,,,0.1352857106790415,454079,454079,50,0.4976174639284465,0,True,0.45456832695830385,0.29342757093445204,1,0.31855225563049316,0.1381533145904541,0,"[5, 3]","[128, 256]",[1024],6872549,bb7u17g1,578.5,trial_0080_learning_rate=5.0e-04_kernel_sizes=5x3_conv_channels=128x256_fc_dims=1024_seed3,7c6bced8e6,trial_0080_learning_rate=5.0e-04_kernel_sizes=5x3_conv_channels=128x256_fc_dims=1024_seed3
/scratch/sb272/patterns5k_results/slurm_base_cnn_2026-03-04_16-53-19/trial_0080_learning_rate=5.0e-04_kernel_sizes=5x3_conv_channels=128x256_fc_dims=1024_seed4,cnn,0.17161712968349457,0.13669074810553894,0.001517996901557559,,,0.13785744334715103,454079,454079,50,0.5075435844220838,0,True,0.45456832695830385,0.29523703039846044,1,0.31855225563049316,0.13743937015533447,0,"[5, 3]","[128, 256]",[1024],6872549,bb7u17g1,551.1,trial_0080_learning_rate=5.0e-04_kernel_sizes=5x3_conv_channels=128x256_fc_dims=1024_seed4,7c6bced8e6,trial_0080_learning_rate=5.0e-04_kernel_sizes=5x3_conv_channels=128x256_fc_dims=1024_seed4
/scratch/sb272/patterns5k_results/slurm_base_cnn_2026-03-04_16-53-19/trial_0081_learning_rate=5.0e-04_kernel_sizes=3x3x3_conv_channels=32x64x128_fc_dims=128_seed0,cnn,0.16848432028293608,0.13343896785031684,0.02062302544003441,,,0.13447098808192529,60063,60063,50,0.46938536684848614,0,True,0.45456832695830385,0.2718273233134447,1,0.31855225563049316,0.13470853865146637,0,"[3, 3, 3]","[32, 64, 128]",[128],6872549,bb7u17g1,326.1,trial_0081_learning_rate=5.0e-04_kernel_sizes=3x3x3_conv_channels=32x64x128_fc_dims=128_seed0,278e4fbb27,trial_0081_learning_rate=5.0e-04_kernel_sizes=3x3x3_conv_channels=32x64x128_fc_dims=128_seed0
/scratch/sb272/patterns5k_results/slurm_base_cnn_2026-03-04_16-53-19/trial_0081_learning_rate=5.0e-04_kernel_sizes=3x3x3_conv_channels=32x64x128_fc_dims=128_seed1,cnn,0.16834179949760436,0.1314070349264413,0.021494723501659575,,,0.13832895504363704,60063,60063,50,0.43983927678887846,0,True,0.45456832695830385,0.2590093979041479,1,0.31855225563049316,0.13218291103839874,0,"[3, 3, 3]","[32, 64, 128]",[128],6872549,bb7u17g1,305.5,trial_0081_learning_rate=5.0e-04_kernel_sizes=3x3x3_conv_channels=32x64x128_fc_dims=128_seed1,278e4fbb27,trial_0081_learning_rate=5.0e-04_kernel_sizes=3x3x3_conv_channels=32x64x128_fc_dims=128_seed1
/scratch/sb272/patterns5k_results/slurm_base_cnn_2026-03-04_16-53-19/trial_0081_learning_rate=5.0e-04_kernel_sizes=3x3x3_conv_channels=32x64x128_fc_dims=128_seed2,cnn,0.16813398134708404,0.13252929919840306,0.02136419595233978,,,0.1299252851853008,60063,60063,50,0.4722154871070437,0,True,0.45456832695830385,0.27279212741413084,2,0.31855225563049316,0.13383829593658447,0,"[3, 3, 3]","[32, 64, 128]",[128],6872549,bb7u17g1,326.0,trial_0081_learning_rate=5.0e-04_kernel_sizes=3x3x3_conv_channels=32x64x128_fc_dims=128_seed2,278e4fbb27,trial_0081_learning_rate=5.0e-04_kernel_sizes=3x3x3_conv_channels=32x64x128_fc_dims=128_seed2
/scratch/sb272/patterns5k_results/slurm_base_cnn_2026-03-04_16-53-19/trial_0081_learning_rate=5.0e-04_kernel_sizes=3x3x3_conv_channels=32x64x128_fc_dims=128_seed3,cnn,0.16830154597759248,0.13058085028968652,0.021007657051086426,,,0.13072004171296267,60063,60063,50,0.45825168239574166,0,True,0.45456832695830385,0.26673152991651145,2,0.31855225563049316,0.13169002532958984,0,"[3, 3, 3]","[32, 64, 128]",[128],6872549,bb7u17g1,304.0,trial_0081_learning_rate=5.0e-04_kernel_sizes=3x3x3_conv_channels=32x64x128_fc_dims=128_seed3,278e4fbb27,trial_0081_learning_rate=5.0e-04_kernel_sizes=3x3x3_conv_channels=32x64x128_fc_dims=128_seed3
/scratch/sb272/patterns5k_results/slurm_base_cnn_2026-03-04_16-53-19/trial_0081_learning_rate=5.0e-04_kernel_sizes=3x3x3_conv_channels=32x64x128_fc_dims=128_seed4,cnn,0.1684179664850235,0.1313635437610287,0.021107957476661318,,,0.13172736094652626,60063,60063,50,0.4703123506134825,0,True,0.45456832695830385,0.2736313600349123,1,0.31855225563049316,0.13248565793037415,0,"[3, 3, 3]","[32, 64, 128]",[128],6872549,bb7u17g1,323.2,trial_0081_learning_rate=5.0e-04_kernel_sizes=3x3x3_conv_channels=32x64x128_fc_dims=128_seed4,278e4fbb27,trial_0081_learning_rate=5.0e-04_kernel_sizes=3x3x3_conv_channels=32x64x128_fc_dims=128_seed4
/scratch/sb272/patterns5k_results/slurm_base_cnn_2026-03-04_16-53-19/trial_0082_learning_rate=5.0e-04_kernel_sizes=3x3x3_conv_channels=32x64x128_fc_dims=256_seed0,cnn,0.1680699793100357,0.13504866001537302,0.021941935259198384,,,0.13993100319865695,84639,84639,50,0.4791191956652271,0,True,0.45456832695830385,0.27864064728439814,1,0.31855225563049316,0.13562129437923431,0,"[3, 3, 3]","[32, 64, 128]",[256],6872549,bb7u17g1,317.7,trial_0082_learning_rate=5.0e-04_kernel_sizes=3x3x3_conv_channels=32x64x128_fc_dims=256_seed0,d81b78972e,trial_0082_learning_rate=5.0e-04_kernel_sizes=3x3x3_conv_channels=32x64x128_fc_dims=256_seed0
/scratch/sb272/patterns5k_results/slurm_base_cnn_2026-03-04_16-53-19/trial_0082_learning_rate=5.0e-04_kernel_sizes=3x3x3_conv_channels=32x64x128_fc_dims=256_seed1,cnn,0.16837002062797546,0.13354292610894208,0.021115659721313962,,,0.14111761162001565,84639,84639,50,0.47734412141528904,0,True,0.45456832695830385,0.2771463102319643,1,0.31855225563049316,0.13437852263450623,0,"[3, 3, 3]","[32, 64, 128]",[256],6872549,bb7u17g1,320.3,trial_0082_learning_rate=5.0e-04_kernel_sizes=3x3x3_conv_channels=32x64x128_fc_dims=256_seed1,d81b78972e,trial_0082_learning_rate=5.0e-04_kernel_sizes=3x3x3_conv_channels=32x64x128_fc_dims=256_seed1
/scratch/sb272/patterns5k_results/slurm_base_cnn_2026-03-04_16-53-19/trial_0082_learning_rate=5.0e-04_kernel_sizes=3x3x3_conv_channels=32x64x128_fc_dims=256_seed2,cnn,0.16807914841175078,0.13495716048712278,0.021920019672030493,,,0.132549957133175,84639,84639,50,0.4850589220839512,0,True,0.45456832695830385,0.2801124877949975,1,0.31855225563049316,0.13611748814582825,0,"[3, 3, 3]","[32, 64, 128]",[256],6872549,bb7u17g1,328.4,trial_0082_learning_rate=5.0e-04_kernel_sizes=3x3x3_conv_channels=32x64x128_fc_dims=256_seed2,d81b78972e,trial_0082_learning_rate=5.0e-04_kernel_sizes=3x3x3_conv_channels=32x64x128_fc_dims=256_seed2
/scratch/sb272/patterns5k_results/slurm_base_cnn_2026-03-04_16-53-19/trial_0082_learning_rate=5.0e-04_kernel_sizes=3x3x3_conv_channels=32x64x128_fc_dims=256_seed3,cnn,0.16805910050868988,0.1348363353368536,0.021926817439851306,,,0.1363089730220515,84639,84639,50,0.45283756899582833,0,True,0.45456832695830385,0.26650878971725417,1,0.31855225563049316,0.13561691343784332,0,"[3, 3, 3]","[32, 64, 128]",[256],6872549,bb7u17g1,328.2,trial_0082_learning_rate=5.0e-04_kernel_sizes=3x3x3_conv_channels=32x64x128_fc_dims=256_seed3,d81b78972e,trial_0082_learning_rate=5.0e-04_kernel_sizes=3x3x3_conv_channels=32x64x128_fc_dims=256_seed3
/scratch/sb272/patterns5k_results/slurm_base_cnn_2026-03-04_16-53-19/trial_0082_learning_rate=5.0e-04_kernel_sizes=3x3x3_conv_channels=32x64x128_fc_dims=256_seed4,cnn,0.1681024854183197,0.1332405468149959,0.021617947116730703,,,0.13673037179730513,84639,84639,50,0.44522949065501216,0,True,0.45456832695830385,0.2618922380312476,1,0.31855225563049316,0.13370922207832336,0,"[3, 3, 3]","[32, 64, 128]",[256],6872549,bb7u17g1,324.8,trial_0082_learning_rate=5.0e-04_kernel_sizes=3x3x3_conv_channels=32x64x128_fc_dims=256_seed4,d81b78972e,trial_0082_learning_rate=5.0e-04_kernel_sizes=3x3x3_conv_channels=32x64x128_fc_dims=256_seed4
/scratch/sb272/patterns5k_results/slurm_base_cnn_2026-03-04_16-53-19/trial_0083_learning_rate=5.0e-04_kernel_sizes=5x3x3_conv_channels=64x128x256_fc_dims=256_seed0,cnn,0.16768898260593415,0.139971443258039,0.023160826592218308,,,0.14464395775265548,219647,219647,50,0.4981340753928249,0,True,0.45456832695830385,0.28727771007016917,2,0.31855225563049316,0.14077042043209076,0,"[5, 3, 3]","[64, 128, 256]",[256],6872549,bb7u17g1,423.5,trial_0083_learning_rate=5.0e-04_kernel_sizes=5x3x3_conv_channels=64x128x256_fc_dims=256_seed0,da147c1a75,trial_0083_learning_rate=5.0e-04_kernel_sizes=5x3x3_conv_channels=64x128x256_fc_dims=256_seed0
/scratch/sb272/patterns5k_results/slurm_base_cnn_2026-03-04_16-53-19/trial_0083_learning_rate=5.0e-04_kernel_sizes=5x3x3_conv_channels=64x128x256_fc_dims=256_seed1,cnn,0.16766377341747285,0.13823531596726593,0.02277947229052347,,,0.1437718328321007,219647,219647,50,0.4944949506946582,0,True,0.45456832695830385,0.2848298078267173,2,0.31855225563049316,0.13853871822357178,0,"[5, 3, 3]","[64, 128, 256]",[256],6872549,bb7u17g1,443.0,trial_0083_learning_rate=5.0e-04_kernel_sizes=5x3x3_conv_channels=64x128x256_fc_dims=256_seed1,da147c1a75,trial_0083_learning_rate=5.0e-04_kernel_sizes=5x3x3_conv_channels=64x128x256_fc_dims=256_seed1
/scratch/sb272/patterns5k_results/slurm_base_cnn_2026-03-04_16-53-19/trial_0083_learning_rate=5.0e-04_kernel_sizes=5x3x3_conv_channels=64x128x256_fc_dims=256_seed2,cnn,0.16802157509326934,0.13851333992855192,0.02158998307727632,,,0.13800185028699247,219647,219647,50,0.4921986628738063,0,True,0.45456832695830385,0.2830069937869943,2,0.31855225563049316,0.13913404941558838,0,"[5, 3, 3]","[64, 128, 256]",[256],6872549,bb7u17g1,631.4,trial_0083_learning_rate=5.0e-04_kernel_sizes=5x3x3_conv_channels=64x128x256_fc_dims=256_seed2,da147c1a75,trial_0083_learning_rate=5.0e-04_kernel_sizes=5x3x3_conv_channels=64x128x256_fc_dims=256_seed2
/scratch/sb272/patterns5k_results/slurm_base_cnn_2026-03-04_16-53-19/trial_0083_learning_rate=5.0e-04_kernel_sizes=5x3x3_conv_channels=64x128x256_fc_dims=256_seed3,cnn,0.1682295013666153,0.13602429710273065,0.020988138895186168,,,0.1388288329314453,219647,219647,50,0.471296494695482,0,True,0.45456832695830385,0.2739010509149503,1,0.31855225563049316,0.13716574013233185,0,"[5, 3, 3]","[64, 128, 256]",[256],6872549,bb7u17g1,661.7,trial_0083_learning_rate=5.0e-04_kernel_sizes=5x3x3_conv_channels=64x128x256_fc_dims=256_seed3,da147c1a75,trial_0083_learning_rate=5.0e-04_kernel_sizes=5x3x3_conv_channels=64x128x256_fc_dims=256_seed3
/scratch/sb272/patterns5k_results/slurm_base_cnn_2026-03-04_16-53-19/trial_0083_learning_rate=5.0e-04_kernel_sizes=5x3x3_conv_channels=64x128x256_fc_dims=256_seed4,cnn,0.16800158619880676,0.13544976532108657,0.021778139803144667,,,0.13981605617745796,219647,219647,50,0.48530302984764817,0,True,0.45456832695830385,0.28144916780618345,2,0.31855225563049316,0.13585160672664642,0,"[5, 3, 3]","[64, 128, 256]",[256],6872549,bb7u17g1,505.1,trial_0083_learning_rate=5.0e-04_kernel_sizes=5x3x3_conv_channels=64x128x256_fc_dims=256_seed4,da147c1a75,trial_0083_learning_rate=5.0e-04_kernel_sizes=5x3x3_conv_channels=64x128x256_fc_dims=256_seed4
/scratch/sb272/patterns5k_results/slurm_base_cnn_2026-03-04_16-53-19/trial_0084_learning_rate=5.0e-04_kernel_sizes=5x3x3_conv_channels=64x128x256_fc_dims=512_seed0,cnn,0.1678860067129135,0.1404527755150375,0.020282743469117178,,,0.14744270480215435,301567,301567,50,0.4887325223897679,0,True,0.45456832695830385,0.28653509897089646,0,0.31855225563049316,0.14128875732421875,0,"[5, 3, 3]","[64, 128, 256]",[512],6872549,bb7u17g1,592.9,trial_0084_learning_rate=5.0e-04_kernel_sizes=5x3x3_conv_channels=64x128x256_fc_dims=512_seed0,c6db4a78f1,trial_0084_learning_rate=5.0e-04_kernel_sizes=5x3x3_conv_channels=64x128x256_fc_dims=512_seed0
/scratch/sb272/patterns5k_results/slurm_base_cnn_2026-03-04_16-53-19/trial_0084_learning_rate=5.0e-04_kernel_sizes=5x3x3_conv_channels=64x128x256_fc_dims=512_seed1,cnn,0.16798669362068178,0.13755547574788027,0.020602298161340137,,,0.1479951676134888,301567,301567,50,0.47297216645588197,0,True,0.45456832695830385,0.27315246232794943,2,0.31855225563049316,0.1383858323097229,0,"[5, 3, 3]","[64, 128, 256]",[512],6872549,bb7u17g1,578.2,trial_0084_learning_rate=5.0e-04_kernel_sizes=5x3x3_conv_channels=64x128x256_fc_dims=512_seed1,c6db4a78f1,trial_0084_learning_rate=5.0e-04_kernel_sizes=5x3x3_conv_channels=64x128x256_fc_dims=512_seed1
/scratch/sb272/patterns5k_results/slurm_base_cnn_2026-03-04_16-53-19/trial_0084_learning_rate=5.0e-04_kernel_sizes=5x3x3_conv_channels=64x128x256_fc_dims=512_seed2,cnn,0.1677673808336258,0.13994303589784607,0.02118888639268421,,,0.1401916417174218,301567,301567,50,0.5096887222953299,0,True,0.45456832695830385,0.2933319726325337,2,0.31855225563049316,0.1411125510931015,0,"[5, 3, 3]","[64, 128, 256]",[512],6872549,bb7u17g1,639.9,trial_0084_learning_rate=5.0e-04_kernel_sizes=5x3x3_conv_channels=64x128x256_fc_dims=512_seed2,c6db4a78f1,trial_0084_learning_rate=5.0e-04_kernel_sizes=5x3x3_conv_channels=64x128x256_fc_dims=512_seed2
/scratch/sb272/patterns5k_results/slurm_base_cnn_2026-03-04_16-53-19/trial_0084_learning_rate=5.0e-04_kernel_sizes=5x3x3_conv_channels=64x128x256_fc_dims=512_seed3,cnn,0.16808489453792572,0.13824575178567336,0.021644327375623915,,,0.14048471771042978,301567,301567,50,0.5143359297592236,0,True,0.45456832695830385,0.2975518746112983,2,0.31855225563049316,0.13941414654254913,0,"[5, 3, 3]","[64, 128, 256]",[512],6872549,bb7u17g1,535.5,trial_0084_learning_rate=5.0e-04_kernel_sizes=5x3x3_conv_channels=64x128x256_fc_dims=512_seed3,c6db4a78f1,trial_0084_learning_rate=5.0e-04_kernel_sizes=5x3x3_conv_channels=64x128x256_fc_dims=512_seed3
/scratch/sb272/patterns5k_results/slurm_base_cnn_2026-03-04_16-53-19/trial_0084_learning_rate=5.0e-04_kernel_sizes=5x3x3_conv_channels=64x128x256_fc_dims=512_seed4,cnn,0.16764315390586854,0.14131115280801074,0.022386244365147183,,,0.14303681525035555,301567,301567,50,0.5106042062253918,0,True,0.45456832695830385,0.2941288456249429,2,0.31855225563049316,0.14234553277492523,0,"[5, 3, 3]","[64, 128, 256]",[512],6872549,bb7u17g1,513.4,trial_0084_learning_rate=5.0e-04_kernel_sizes=5x3x3_conv_channels=64x128x256_fc_dims=512_seed4,c6db4a78f1,trial_0084_learning_rate=5.0e-04_kernel_sizes=5x3x3_conv_channels=64x128x256_fc_dims=512_seed4
/scratch/sb272/patterns5k_results/slurm_base_cnn_2026-03-04_16-53-19/trial_0085_learning_rate=5.0e-04_kernel_sizes=5x3x3_conv_channels=64x128x256_fc_dims=1024_seed0,cnn,0.16790609622001648,0.14117390106186387,0.017514287479340085,,,0.1466646235888566,465407,465407,50,0.4837101392204484,0,True,0.45456832695830385,0.28088573757225105,0,0.31855225563049316,0.14080053567886353,0,"[5, 3, 3]","[64, 128, 256]",[1024],6872549,bb7u17g1,645.4,trial_0085_learning_rate=5.0e-04_kernel_sizes=5x3x3_conv_channels=64x128x256_fc_dims=1024_seed0,e5aceb6eb5,trial_0085_learning_rate=5.0e-04_kernel_sizes=5x3x3_conv_channels=64x128x256_fc_dims=1024_seed0
/scratch/sb272/patterns5k_results/slurm_base_cnn_2026-03-04_16-53-19/trial_0085_learning_rate=5.0e-04_kernel_sizes=5x3x3_conv_channels=64x128x256_fc_dims=1024_seed1,cnn,0.1676308102607727,0.14319869957332348,0.022654382009354847,,,0.14823034324469678,465407,465407,50,0.504031433034449,0,True,0.45456832695830385,0.2931901721634139,1,0.31855225563049316,0.14426086843013763,0,"[5, 3, 3]","[64, 128, 256]",[1024],6872549,bb7u17g1,634.0,trial_0085_learning_rate=5.0e-04_kernel_sizes=5x3x3_conv_channels=64x128x256_fc_dims=1024_seed1,e5aceb6eb5,trial_0085_learning_rate=5.0e-04_kernel_sizes=5x3x3_conv_channels=64x128x256_fc_dims=1024_seed1
/scratch/sb272/patterns5k_results/slurm_base_cnn_2026-03-04_16-53-19/trial_0085_learning_rate=5.0e-04_kernel_sizes=5x3x3_conv_channels=64x128x256_fc_dims=1024_seed2,cnn,0.16813612699508668,0.14092819785863603,0.018889435700007846,,,0.14172747261811663,465407,465407,50,0.5019484941143383,0,True,0.45456832695830385,0.29300891594396555,1,0.31855225563049316,0.1418144255876541,0,"[5, 3, 3]","[64, 128, 256]",[1024],6872549,bb7u17g1,617.4,trial_0085_learning_rate=5.0e-04_kernel_sizes=5x3x3_conv_channels=64x128x256_fc_dims=1024_seed2,e5aceb6eb5,trial_0085_learning_rate=5.0e-04_kernel_sizes=5x3x3_conv_channels=64x128x256_fc_dims=1024_seed2
/scratch/sb272/patterns5k_results/slurm_base_cnn_2026-03-04_16-53-19/trial_0085_learning_rate=5.0e-04_kernel_sizes=5x3x3_conv_channels=64x128x256_fc_dims=1024_seed3,cnn,0.16802980947494506,0.1403986616688515,0.020953073388054258,,,0.1410376798292672,465407,465407,50,0.5152666476963796,0,True,0.45456832695830385,0.2967411757380844,1,0.31855225563049316,0.14171531796455383,0,"[5, 3, 3]","[64, 128, 256]",[1024],6872549,bb7u17g1,603.3,trial_0085_learning_rate=5.0e-04_kernel_sizes=5x3x3_conv_channels=64x128x256_fc_dims=1024_seed3,e5aceb6eb5,trial_0085_learning_rate=5.0e-04_kernel_sizes=5x3x3_conv_channels=64x128x256_fc_dims=1024_seed3
/scratch/sb272/patterns5k_results/slurm_base_cnn_2026-03-04_16-53-19/trial_0085_learning_rate=5.0e-04_kernel_sizes=5x3x3_conv_channels=64x128x256_fc_dims=1024_seed4,cnn,0.16778857958316803,0.14092700682021722,0.02054605692151993,,,0.14426486622710133,465407,465407,50,0.5205407388027855,0,True,0.45456832695830385,0.2970215835224434,1,0.31855225563049316,0.14203007519245148,0,"[5, 3, 3]","[64, 128, 256]",[1024],6872549,bb7u17g1,616.8,trial_0085_learning_rate=5.0e-04_kernel_sizes=5x3x3_conv_channels=64x128x256_fc_dims=1024_seed4,e5aceb6eb5,trial_0085_learning_rate=5.0e-04_kernel_sizes=5x3x3_conv_channels=64x128x256_fc_dims=1024_seed4
/scratch/sb272/patterns5k_results/slurm_base_cnn_2026-03-04_16-53-19/trial_0086_learning_rate=5.0e-04_kernel_sizes=3x3x3_conv_channels=128x128x128_fc_dims=256_seed0,cnn,0.1687865891456604,0.1305073801697652,0.019639657603369817,,,0.13758078597160553,164799,164799,46,0.4536365420690935,0,True,0.45456832695830385,0.26688802381307825,2,0.31855225563049316,0.1312216818332672,0,"[3, 3, 3]","[128, 128, 128]",[256],6872549,bb7u17g1,382.4,trial_0086_learning_rate=5.0e-04_kernel_sizes=3x3x3_conv_channels=128x128x128_fc_dims=256_seed0,fe96bd8586,trial_0086_learning_rate=5.0e-04_kernel_sizes=3x3x3_conv_channels=128x128x128_fc_dims=256_seed0
/scratch/sb272/patterns5k_results/slurm_base_cnn_2026-03-04_16-53-19/trial_0086_learning_rate=5.0e-04_kernel_sizes=3x3x3_conv_channels=128x128x128_fc_dims=256_seed1,cnn,0.16866841161251067,0.13114531856777148,0.019759402388618105,,,0.1371934172121897,164799,164799,39,0.47583459014937884,0,True,0.45456832695830385,0.2783617863804028,1,0.31855225563049316,0.1317516267299652,0,"[3, 3, 3]","[128, 128, 128]",[256],6872549,bb7u17g1,290.3,trial_0086_learning_rate=5.0e-04_kernel_sizes=3x3x3_conv_channels=128x128x128_fc_dims=256_seed1,fe96bd8586,trial_0086_learning_rate=5.0e-04_kernel_sizes=3x3x3_conv_channels=128x128x128_fc_dims=256_seed1
/scratch/sb272/patterns5k_results/slurm_base_cnn_2026-03-04_16-53-19/trial_0086_learning_rate=5.0e-04_kernel_sizes=3x3x3_conv_channels=128x128x128_fc_dims=256_seed2,cnn,0.16867137253284453,0.1343586155385191,0.019605415207999095,,,0.1328817231780481,164799,164799,40,0.48021814168656957,0,True,0.45456832695830385,0.28279366472750805,1,0.31855225563049316,0.1349204182624817,0,"[3, 3, 3]","[128, 128, 128]",[256],6872549,bb7u17g1,275.9,trial_0086_learning_rate=5.0e-04_kernel_sizes=3x3x3_conv_channels=128x128x128_fc_dims=256_seed2,fe96bd8586,trial_0086_learning_rate=5.0e-04_kernel_sizes=3x3x3_conv_channels=128x128x128_fc_dims=256_seed2
/scratch/sb272/patterns5k_results/slurm_base_cnn_2026-03-04_16-53-19/trial_0086_learning_rate=5.0e-04_kernel_sizes=3x3x3_conv_channels=128x128x128_fc_dims=256_seed3,cnn,0.16895899319648744,0.12882862523586433,0.018979223947676403,,,0.1307057576679842,164799,164799,35,0.47077821966297606,0,True,0.45456832695830385,0.2749795391135137,1,0.31855225563049316,0.12927193939685822,0,"[3, 3, 3]","[128, 128, 128]",[256],6872549,bb7u17g1,259.8,trial_0086_learning_rate=5.0e-04_kernel_sizes=3x3x3_conv_channels=128x128x128_fc_dims=256_seed3,fe96bd8586,trial_0086_learning_rate=5.0e-04_kernel_sizes=3x3x3_conv_channels=128x128x128_fc_dims=256_seed3
/scratch/sb272/patterns5k_results/slurm_base_cnn_2026-03-04_16-53-19/trial_0086_learning_rate=5.0e-04_kernel_sizes=3x3x3_conv_channels=128x128x128_fc_dims=256_seed4,cnn,0.16898863410949708,0.13349391220593698,0.016074826793065145,,,0.13583872847884432,164799,164799,49,0.489235350572086,0,True,0.45456832695830385,0.2825676953272432,2,0.31855225563049316,0.13386577367782593,0,"[3, 3, 3]","[128, 128, 128]",[256],6872549,bb7u17g1,306.1,trial_0086_learning_rate=5.0e-04_kernel_sizes=3x3x3_conv_channels=128x128x128_fc_dims=256_seed4,fe96bd8586,trial_0086_learning_rate=5.0e-04_kernel_sizes=3x3x3_conv_channels=128x128x128_fc_dims=256_seed4
/scratch/sb272/patterns5k_results/slurm_base_cnn_2026-03-04_16-53-19/trial_0087_learning_rate=5.0e-04_kernel_sizes=3x3x3_conv_channels=128x128x128_fc_dims=512_seed0,cnn,0.16927539372444153,0.1316781074659556,0.016552295949723985,,,0.14050467224441066,213951,213951,40,0.4781364886655382,0,True,0.45456832695830385,0.27578596800801664,2,0.31855225563049316,0.13203801214694977,0,"[3, 3, 3]","[128, 128, 128]",[512],6872549,bb7u17g1,301.7,trial_0087_learning_rate=5.0e-04_kernel_sizes=3x3x3_conv_channels=128x128x128_fc_dims=512_seed0,21b2906a60,trial_0087_learning_rate=5.0e-04_kernel_sizes=3x3x3_conv_channels=128x128x128_fc_dims=512_seed0
/scratch/sb272/patterns5k_results/slurm_base_cnn_2026-03-04_16-53-19/trial_0087_learning_rate=5.0e-04_kernel_sizes=3x3x3_conv_channels=128x128x128_fc_dims=512_seed1,cnn,0.1692749708890915,0.13132438194580393,0.01539309441097199,,,0.14226178476708468,213951,213951,46,0.46405540618086544,0,True,0.45456832695830385,0.27039604004242196,1,0.31855225563049316,0.13141119480133057,0,"[3, 3, 3]","[128, 128, 128]",[512],6872549,bb7u17g1,327.9,trial_0087_learning_rate=5.0e-04_kernel_sizes=3x3x3_conv_channels=128x128x128_fc_dims=512_seed1,21b2906a60,trial_0087_learning_rate=5.0e-04_kernel_sizes=3x3x3_conv_channels=128x128x128_fc_dims=512_seed1
/scratch/sb272/patterns5k_results/slurm_base_cnn_2026-03-04_16-53-19/trial_0087_learning_rate=5.0e-04_kernel_sizes=3x3x3_conv_channels=128x128x128_fc_dims=512_seed2,cnn,0.1686808171272278,0.13355899965799384,0.0194000866678026,,,0.13356916867212051,213951,213951,40,0.46931222349123247,0,True,0.45456832695830385,0.27503278322768354,1,0.31855225563049316,0.13445623219013214,0,"[3, 3, 3]","[128, 128, 128]",[512],6872549,bb7u17g1,345.0,trial_0087_learning_rate=5.0e-04_kernel_sizes=3x3x3_conv_channels=128x128x128_fc_dims=512_seed2,21b2906a60,trial_0087_learning_rate=5.0e-04_kernel_sizes=3x3x3_conv_channels=128x128x128_fc_dims=512_seed2
/scratch/sb272/patterns5k_results/slurm_base_cnn_2026-03-04_16-53-19/trial_0087_learning_rate=5.0e-04_kernel_sizes=3x3x3_conv_channels=128x128x128_fc_dims=512_seed3,cnn,0.1694934048652649,0.13421193454332914,0.014343130210089304,,,0.13603009847909928,213951,213951,38,0.4831580040457429,0,True,0.45456832695830385,0.28177181868454604,1,0.31855225563049316,0.13520893454551697,0,"[3, 3, 3]","[128, 128, 128]",[512],6872549,bb7u17g1,336.5,trial_0087_learning_rate=5.0e-04_kernel_sizes=3x3x3_conv_channels=128x128x128_fc_dims=512_seed3,21b2906a60,trial_0087_learning_rate=5.0e-04_kernel_sizes=3x3x3_conv_channels=128x128x128_fc_dims=512_seed3
/scratch/sb272/patterns5k_results/slurm_base_cnn_2026-03-04_16-53-19/trial_0087_learning_rate=5.0e-04_kernel_sizes=3x3x3_conv_channels=128x128x128_fc_dims=512_seed4,cnn,0.16890824019908904,0.1343165748580974,0.018056959386855836,,,0.13870511613674444,213951,213951,48,0.5078263064012885,0,True,0.45456832695830385,0.29248416638663044,2,0.31855225563049316,0.1355021446943283,0,"[3, 3, 3]","[128, 128, 128]",[512],6872549,bb7u17g1,382.3,trial_0087_learning_rate=5.0e-04_kernel_sizes=3x3x3_conv_channels=128x128x128_fc_dims=512_seed4,21b2906a60,trial_0087_learning_rate=5.0e-04_kernel_sizes=3x3x3_conv_channels=128x128x128_fc_dims=512_seed4
/scratch/sb272/patterns5k_results/slurm_base_cnn_2026-03-04_16-53-19/trial_0088_learning_rate=5.0e-04_kernel_sizes=3x3x3_conv_channels=256x256x256_fc_dims=512_seed0,cnn,0.1690851972103119,0.1344086674478487,0.01595781057599991,,,0.1387423123475933,591679,591679,37,0.4844246778641037,0,True,0.45456832695830385,0.28230180719735604,2,0.31855225563049316,0.13492751121520996,0,"[3, 3, 3]","[256, 256, 256]",[512],6872549,bb7u17g1,469.7,trial_0088_learning_rate=5.0e-04_kernel_sizes=3x3x3_conv_channels=256x256x256_fc_dims=512_seed0,91aca167ac,trial_0088_learning_rate=5.0e-04_kernel_sizes=3x3x3_conv_channels=256x256x256_fc_dims=512_seed0
/scratch/sb272/patterns5k_results/slurm_base_cnn_2026-03-04_16-53-19/trial_0088_learning_rate=5.0e-04_kernel_sizes=3x3x3_conv_channels=256x256x256_fc_dims=512_seed1,cnn,0.16959341752529145,0.13341733616593465,0.009836770239330474,,,0.1405365822771596,591679,591679,34,0.4736082592346159,0,True,0.45456832695830385,0.2785049858452214,1,0.31855225563049316,0.13406330347061157,0,"[3, 3, 3]","[256, 256, 256]",[512],6872549,bb7u17g1,445.2,trial_0088_learning_rate=5.0e-04_kernel_sizes=3x3x3_conv_channels=256x256x256_fc_dims=512_seed1,91aca167ac,trial_0088_learning_rate=5.0e-04_kernel_sizes=3x3x3_conv_channels=256x256x256_fc_dims=512_seed1
/scratch/sb272/patterns5k_results/slurm_base_cnn_2026-03-04_16-53-19/trial_0088_learning_rate=5.0e-04_kernel_sizes=3x3x3_conv_channels=256x256x256_fc_dims=512_seed2,cnn,0.1687718037366867,0.1334531688236232,0.018997465807294087,,,0.13207597431358772,591679,591679,29,0.47462160713323504,0,True,0.45456832695830385,0.2791568135520209,1,0.31855225563049316,0.1342284083366394,0,"[3, 3, 3]","[256, 256, 256]",[512],6872549,bb7u17g1,395.6,trial_0088_learning_rate=5.0e-04_kernel_sizes=3x3x3_conv_channels=256x256x256_fc_dims=512_seed2,91aca167ac,trial_0088_learning_rate=5.0e-04_kernel_sizes=3x3x3_conv_channels=256x256x256_fc_dims=512_seed2
/scratch/sb272/patterns5k_results/slurm_base_cnn_2026-03-04_16-53-19/trial_0088_learning_rate=5.0e-04_kernel_sizes=3x3x3_conv_channels=256x256x256_fc_dims=512_seed3,cnn,0.1691541441679001,0.13048656309090378,0.017787020357828292,,,0.13384513868878617,591679,591679,28,0.4454845399879826,0,True,0.45456832695830385,0.2679621146802066,0,0.31855225563049316,0.13113124668598175,0,"[3, 3, 3]","[256, 256, 256]",[512],6872549,bb7u17g1,394.0,trial_0088_learning_rate=5.0e-04_kernel_sizes=3x3x3_conv_channels=256x256x256_fc_dims=512_seed3,91aca167ac,trial_0088_learning_rate=5.0e-04_kernel_sizes=3x3x3_conv_channels=256x256x256_fc_dims=512_seed3
/scratch/sb272/patterns5k_results/slurm_base_cnn_2026-03-04_16-53-19/trial_0088_learning_rate=5.0e-04_kernel_sizes=3x3x3_conv_channels=256x256x256_fc_dims=512_seed4,cnn,0.16924278056621553,0.13300195746472093,0.014977139139932299,,,0.13655150349065331,591679,591679,35,0.504779567385167,0,True,0.45456832695830385,0.29439639738380835,1,0.31855225563049316,0.13332690298557281,0,"[3, 3, 3]","[256, 256, 256]",[512],6872549,bb7u17g1,459.5,trial_0088_learning_rate=5.0e-04_kernel_sizes=3x3x3_conv_channels=256x256x256_fc_dims=512_seed4,91aca167ac,trial_0088_learning_rate=5.0e-04_kernel_sizes=3x3x3_conv_channels=256x256x256_fc_dims=512_seed4
/scratch/sb272/patterns5k_results/slurm_base_cnn_2026-03-04_16-53-19/trial_0089_learning_rate=5.0e-04_kernel_sizes=3x3x3_conv_channels=256x256x256_fc_dims=1024_seed0,cnn,0.16882114863395692,0.13688088521558728,0.016722143642486087,,,0.14094342336898508,755519,755519,31,0.48447767998527835,0,True,0.45456832695830385,0.2833826740643254,0,0.31855225563049316,0.13716952502727509,0,"[3, 3, 3]","[256, 256, 256]",[1024],6872549,bb7u17g1,497.0,trial_0089_learning_rate=5.0e-04_kernel_sizes=3x3x3_conv_channels=256x256x256_fc_dims=1024_seed0,c176a74251,trial_0089_learning_rate=5.0e-04_kernel_sizes=3x3x3_conv_channels=256x256x256_fc_dims=1024_seed0
/scratch/sb272/patterns5k_results/slurm_base_cnn_2026-03-04_16-53-19/trial_0089_learning_rate=5.0e-04_kernel_sizes=3x3x3_conv_channels=256x256x256_fc_dims=1024_seed1,cnn,0.1701222583055496,0.13302883249832287,0.009126325448354086,,,0.14149474880254592,755519,755519,26,0.4898655631746697,0,True,0.45456832695830385,0.2846795158728913,1,0.31855225563049316,0.13358260691165924,0,"[3, 3, 3]","[256, 256, 256]",[1024],6872549,bb7u17g1,439.8,trial_0089_learning_rate=5.0e-04_kernel_sizes=3x3x3_conv_channels=256x256x256_fc_dims=1024_seed1,c176a74251,trial_0089_learning_rate=5.0e-04_kernel_sizes=3x3x3_conv_channels=256x256x256_fc_dims=1024_seed1
/scratch/sb272/patterns5k_results/slurm_base_cnn_2026-03-04_16-53-19/trial_0089_learning_rate=5.0e-04_kernel_sizes=3x3x3_conv_channels=256x256x256_fc_dims=1024_seed2,cnn,0.16923649752140046,0.13585609125350484,0.015164167161971803,,,0.1353700505497292,755519,755519,33,0.4710940914812776,0,True,0.45456832695830385,0.2793208407631133,2,0.31855225563049316,0.1367507427930832,0,"[3, 3, 3]","[256, 256, 256]",[1024],6872549,bb7u17g1,514.4,trial_0089_learning_rate=5.0e-04_kernel_sizes=3x3x3_conv_channels=256x256x256_fc_dims=1024_seed2,c176a74251,trial_0089_learning_rate=5.0e-04_kernel_sizes=3x3x3_conv_channels=256x256x256_fc_dims=1024_seed2
/scratch/sb272/patterns5k_results/slurm_base_cnn_2026-03-04_16-53-19/trial_0089_learning_rate=5.0e-04_kernel_sizes=3x3x3_conv_channels=256x256x256_fc_dims=1024_seed3,cnn,0.1693192059993744,0.1323747127389874,0.015463450598338294,,,0.1351754840670321,755519,755519,32,0.48698388175145474,0,True,0.45456832695830385,0.2823234421378246,2,0.31855225563049316,0.13277560472488403,0,"[3, 3, 3]","[256, 256, 256]",[1024],6872549,bb7u17g1,503.3,trial_0089_learning_rate=5.0e-04_kernel_sizes=3x3x3_conv_channels=256x256x256_fc_dims=1024_seed3,c176a74251,trial_0089_learning_rate=5.0e-04_kernel_sizes=3x3x3_conv_channels=256x256x256_fc_dims=1024_seed3
/scratch/sb272/patterns5k_results/slurm_base_cnn_2026-03-04_16-53-19/trial_0089_learning_rate=5.0e-04_kernel_sizes=3x3x3_conv_channels=256x256x256_fc_dims=1024_seed4,cnn,0.16890047419071197,0.13383413274552577,0.017714721815926687,,,0.1393939688434927,755519,755519,26,0.4796627641533169,0,True,0.45456832695830385,0.28049066879823664,2,0.31855225563049316,0.1344141811132431,0,"[3, 3, 3]","[256, 256, 256]",[1024],6872549,bb7u17g1,435.0,trial_0089_learning_rate=5.0e-04_kernel_sizes=3x3x3_conv_channels=256x256x256_fc_dims=1024_seed4,c176a74251,trial_0089_learning_rate=5.0e-04_kernel_sizes=3x3x3_conv_channels=256x256x256_fc_dims=1024_seed4
/scratch/sb272/patterns5k_results/slurm_base_cnn_2026-03-04_16-53-19/trial_0090_learning_rate=5.0e-04_kernel_sizes=3x3_conv_channels=64x128_fc_dims=128_seed0,cnn,0.16913017892837526,0.13154326147665069,0.019659676249065096,,,0.13374413978149402,57855,57855,50,0.45333903825206817,0,True,0.45456832695830385,0.26926555218200254,1,0.31855225563049316,0.13243921101093292,0,"[3, 3]","[64, 128]",[128],6872550,bc11u15n2,523.6,trial_0090_learning_rate=5.0e-04_kernel_sizes=3x3_conv_channels=64x128_fc_dims=128_seed0,9d6eab66fc,trial_0090_learning_rate=5.0e-04_kernel_sizes=3x3_conv_channels=64x128_fc_dims=128_seed0
/scratch/sb272/patterns5k_results/slurm_base_cnn_2026-03-04_16-53-19/trial_0090_learning_rate=5.0e-04_kernel_sizes=3x3_conv_channels=64x128_fc_dims=128_seed1,cnn,0.1691501966714859,0.13237249515401936,0.01943399224962507,,,0.13711400217828398,57855,57855,50,0.4699691418406852,0,True,0.45456832695830385,0.27720729921553217,1,0.31855225563049316,0.1338260918855667,0,"[3, 3]","[64, 128]",[128],6872550,bc11u15n2,504.0,trial_0090_learning_rate=5.0e-04_kernel_sizes=3x3_conv_channels=64x128_fc_dims=128_seed1,9d6eab66fc,trial_0090_learning_rate=5.0e-04_kernel_sizes=3x3_conv_channels=64x128_fc_dims=128_seed1
/scratch/sb272/patterns5k_results/slurm_base_cnn_2026-03-04_16-53-19/trial_0090_learning_rate=5.0e-04_kernel_sizes=3x3_conv_channels=64x128_fc_dims=128_seed2,cnn,0.16921339428424836,0.13097078107068058,0.01892666400425018,,,0.12985580892606036,57855,57855,50,0.4532747378336743,0,True,0.45456832695830385,0.26893603967556867,1,0.31855225563049316,0.13237681984901428,0,"[3, 3]","[64, 128]",[128],6872550,bc11u15n2,503.4,trial_0090_learning_rate=5.0e-04_kernel_sizes=3x3_conv_channels=64x128_fc_dims=128_seed2,9d6eab66fc,trial_0090_learning_rate=5.0e-04_kernel_sizes=3x3_conv_channels=64x128_fc_dims=128_seed2
/scratch/sb272/patterns5k_results/slurm_base_cnn_2026-03-04_16-53-19/trial_0090_learning_rate=5.0e-04_kernel_sizes=3x3_conv_channels=64x128_fc_dims=128_seed3,cnn,0.1687754501104355,0.1299477282805418,0.020286006586892263,,,0.13258830211685468,57855,57855,50,0.44772668634591595,0,True,0.45456832695830385,0.267522122529533,1,0.31855225563049316,0.13036024570465088,0,"[3, 3]","[64, 128]",[128],6872550,bc11u15n2,501.1,trial_0090_learning_rate=5.0e-04_kernel_sizes=3x3_conv_channels=64x128_fc_dims=128_seed3,9d6eab66fc,trial_0090_learning_rate=5.0e-04_kernel_sizes=3x3_conv_channels=64x128_fc_dims=128_seed3
/scratch/sb272/patterns5k_results/slurm_base_cnn_2026-03-04_16-53-19/trial_0090_learning_rate=5.0e-04_kernel_sizes=3x3_conv_channels=64x128_fc_dims=128_seed4,cnn,0.16868663108348847,0.13545565831774964,0.021506353030129086,,,0.13526824552748806,57855,57855,50,0.477362164363958,0,True,0.45456832695830385,0.28084515579981123,1,0.31855225563049316,0.1367816925048828,0,"[3, 3]","[64, 128]",[128],6872550,bc11u15n2,505.3,trial_0090_learning_rate=5.0e-04_kernel_sizes=3x3_conv_channels=64x128_fc_dims=128_seed4,9d6eab66fc,trial_0090_learning_rate=5.0e-04_kernel_sizes=3x3_conv_channels=64x128_fc_dims=128_seed4
/scratch/sb272/patterns5k_results/slurm_base_cnn_2026-03-04_16-53-19/trial_0091_learning_rate=5.0e-04_kernel_sizes=3x3_conv_channels=64x128_fc_dims=256_seed0,cnn,0.1687122676372528,0.1359756799791213,0.020645432055942596,,,0.1392639167243136,82431,82431,50,0.4685302912892808,0,True,0.45456832695830385,0.27823762006891295,1,0.31855225563049316,0.1370133012533188,0,"[3, 3]","[64, 128]",[256],6872550,bc11u15n2,531.8,trial_0091_learning_rate=5.0e-04_kernel_sizes=3x3_conv_channels=64x128_fc_dims=256_seed0,6b02906eb8,trial_0091_learning_rate=5.0e-04_kernel_sizes=3x3_conv_channels=64x128_fc_dims=256_seed0
/scratch/sb272/patterns5k_results/slurm_base_cnn_2026-03-04_16-53-19/trial_0091_learning_rate=5.0e-04_kernel_sizes=3x3_conv_channels=64x128_fc_dims=256_seed1,cnn,0.1692555091381073,0.13194355961471627,0.018785044314369323,,,0.13621180400939428,82431,82431,50,0.4648907228119658,0,True,0.45456832695830385,0.274095842676532,1,0.31855225563049316,0.13310891389846802,0,"[3, 3]","[64, 128]",[256],6872550,bc11u15n2,529.8,trial_0091_learning_rate=5.0e-04_kernel_sizes=3x3_conv_channels=64x128_fc_dims=256_seed1,6b02906eb8,trial_0091_learning_rate=5.0e-04_kernel_sizes=3x3_conv_channels=64x128_fc_dims=256_seed1
/scratch/sb272/patterns5k_results/slurm_base_cnn_2026-03-04_16-53-19/trial_0091_learning_rate=5.0e-04_kernel_sizes=3x3_conv_channels=64x128_fc_dims=256_seed2,cnn,0.169221097946167,0.13296097091120643,0.018513882917071147,,,0.13143410537651948,82431,82431,50,0.4683029666905879,0,True,0.45456832695830385,0.27564489719427854,1,0.31855225563049316,0.13382644951343536,0,"[3, 3]","[64, 128]",[256],6872550,bc11u15n2,529.9,trial_0091_learning_rate=5.0e-04_kernel_sizes=3x3_conv_channels=64x128_fc_dims=256_seed2,6b02906eb8,trial_0091_learning_rate=5.0e-04_kernel_sizes=3x3_conv_channels=64x128_fc_dims=256_seed2
/scratch/sb272/patterns5k_results/slurm_base_cnn_2026-03-04_16-53-19/trial_0091_learning_rate=5.0e-04_kernel_sizes=3x3_conv_channels=64x128_fc_dims=256_seed3,cnn,0.16946874356269837,0.13311786949575166,0.018697089619106717,,,0.13462165611742133,82431,82431,50,0.4728082923486597,0,True,0.45456832695830385,0.27806276456330664,2,0.31855225563049316,0.1340341418981552,0,"[3, 3]","[64, 128]",[256],6872550,bc11u15n2,533.1,trial_0091_learning_rate=5.0e-04_kernel_sizes=3x3_conv_channels=64x128_fc_dims=256_seed3,6b02906eb8,trial_0091_learning_rate=5.0e-04_kernel_sizes=3x3_conv_channels=64x128_fc_dims=256_seed3
/scratch/sb272/patterns5k_results/slurm_base_cnn_2026-03-04_16-53-19/trial_0091_learning_rate=5.0e-04_kernel_sizes=3x3_conv_channels=64x128_fc_dims=256_seed4,cnn,0.16959552717208862,0.13499337623296817,0.018008752474709164,,,0.13706194818106046,82431,82431,50,0.4917546731189849,0,True,0.45456832695830385,0.2896412980270821,2,0.31855225563049316,0.13606561720371246,0,"[3, 3]","[64, 128]",[256],6872550,bc11u15n2,532.2,trial_0091_learning_rate=5.0e-04_kernel_sizes=3x3_conv_channels=64x128_fc_dims=256_seed4,6b02906eb8,trial_0091_learning_rate=5.0e-04_kernel_sizes=3x3_conv_channels=64x128_fc_dims=256_seed4
/scratch/sb272/patterns5k_results/slurm_base_cnn_2026-03-04_16-53-19/trial_0092_learning_rate=5.0e-04_kernel_sizes=3x3_conv_channels=64x128_fc_dims=512_seed0,cnn,0.16980670833587647,0.134587584675747,0.017017419376070538,,,0.13793362484686666,131583,131583,50,0.4878295277000095,0,True,0.45456832695830385,0.28458632587898675,1,0.31855225563049316,0.13550399243831635,0,"[3, 3]","[64, 128]",[512],6872550,bc11u15n2,587.6,trial_0092_learning_rate=5.0e-04_kernel_sizes=3x3_conv_channels=64x128_fc_dims=512_seed0,cb6cf863c7,trial_0092_learning_rate=5.0e-04_kernel_sizes=3x3_conv_channels=64x128_fc_dims=512_seed0
/scratch/sb272/patterns5k_results/slurm_base_cnn_2026-03-04_16-53-19/trial_0092_learning_rate=5.0e-04_kernel_sizes=3x3_conv_channels=64x128_fc_dims=512_seed1,cnn,0.16942397749423982,0.1371775282157226,0.019042729385315427,,,0.14064379391552453,131583,131583,50,0.48590873444654603,0,True,0.45456832695830385,0.28657719880127835,1,0.31855225563049316,0.13847650587558746,0,"[3, 3]","[64, 128]",[512],6872550,bc11u15n2,586.4,trial_0092_learning_rate=5.0e-04_kernel_sizes=3x3_conv_channels=64x128_fc_dims=512_seed1,cb6cf863c7,trial_0092_learning_rate=5.0e-04_kernel_sizes=3x3_conv_channels=64x128_fc_dims=512_seed1
/scratch/sb272/patterns5k_results/slurm_base_cnn_2026-03-04_16-53-19/trial_0092_learning_rate=5.0e-04_kernel_sizes=3x3_conv_channels=64x128_fc_dims=512_seed2,cnn,0.1697040431499481,0.1353887498712661,0.0169300947870527,,,0.1341447466693039,131583,131583,50,0.48211413074160897,0,True,0.45456832695830385,0.2826462075727679,1,0.31855225563049316,0.13605792820453644,0,"[3, 3]","[64, 128]",[512],6872550,bc11u15n2,589.3,trial_0092_learning_rate=5.0e-04_kernel_sizes=3x3_conv_channels=64x128_fc_dims=512_seed2,cb6cf863c7,trial_0092_learning_rate=5.0e-04_kernel_sizes=3x3_conv_channels=64x128_fc_dims=512_seed2
/scratch/sb272/patterns5k_results/slurm_base_cnn_2026-03-04_16-53-19/trial_0092_learning_rate=5.0e-04_kernel_sizes=3x3_conv_channels=64x128_fc_dims=512_seed3,cnn,0.17029928600788116,0.1350543093605679,0.015588471813807412,,,0.13659938675321814,131583,131583,50,0.4939516763260779,0,True,0.45456832695830385,0.28948355220878125,1,0.31855225563049316,0.1361868679523468,0,"[3, 3]","[64, 128]",[512],6872550,bc11u15n2,587.4,trial_0092_learning_rate=5.0e-04_kernel_sizes=3x3_conv_channels=64x128_fc_dims=512_seed3,cb6cf863c7,trial_0092_learning_rate=5.0e-04_kernel_sizes=3x3_conv_channels=64x128_fc_dims=512_seed3
/scratch/sb272/patterns5k_results/slurm_base_cnn_2026-03-04_16-53-19/trial_0092_learning_rate=5.0e-04_kernel_sizes=3x3_conv_channels=64x128_fc_dims=512_seed4,cnn,0.16964396476745605,0.13546687389922432,0.01646402336302258,,,0.1375860367837858,131583,131583,50,0.4897647980903824,0,True,0.45456832695830385,0.28609841451124285,1,0.31855225563049316,0.13672126829624176,0,"[3, 3]","[64, 128]",[512],6872550,bc11u15n2,585.2,trial_0092_learning_rate=5.0e-04_kernel_sizes=3x3_conv_channels=64x128_fc_dims=512_seed4,cb6cf863c7,trial_0092_learning_rate=5.0e-04_kernel_sizes=3x3_conv_channels=64x128_fc_dims=512_seed4
/scratch/sb272/patterns5k_results/slurm_base_cnn_2026-03-04_16-53-19/trial_0093_learning_rate=5.0e-04_kernel_sizes=5x3_conv_channels=128x256_fc_dims=256_seed0,cnn,0.16956866657733918,0.13459986207451777,0.014067215578896659,,,0.13684063937821725,208319,208319,50,0.480016108192847,0,True,0.45456832695830385,0.2813237262253346,1,0.31855225563049316,0.1351175308227539,0,"[5, 3]","[128, 256]",[256],6872550,bc11u15n2,668.8,trial_0093_learning_rate=5.0e-04_kernel_sizes=5x3_conv_channels=128x256_fc_dims=256_seed0,cb571f0cdd,trial_0093_learning_rate=5.0e-04_kernel_sizes=5x3_conv_channels=128x256_fc_dims=256_seed0
/scratch/sb272/patterns5k_results/slurm_base_cnn_2026-03-04_16-53-19/trial_0093_learning_rate=5.0e-04_kernel_sizes=5x3_conv_channels=128x256_fc_dims=256_seed1,cnn,0.1701106767654419,0.12923413933381922,0.011594521620916941,,,0.13711013847589618,208319,208319,50,0.47717573813801106,0,True,0.45456832695830385,0.27905242906765626,2,0.31855225563049316,0.13009946048259735,0,"[5, 3]","[128, 256]",[256],6872550,bc11u15n2,666.5,trial_0093_learning_rate=5.0e-04_kernel_sizes=5x3_conv_channels=128x256_fc_dims=256_seed1,cb571f0cdd,trial_0093_learning_rate=5.0e-04_kernel_sizes=5x3_conv_channels=128x256_fc_dims=256_seed1
/scratch/sb272/patterns5k_results/slurm_base_cnn_2026-03-04_16-53-19/trial_0093_learning_rate=5.0e-04_kernel_sizes=5x3_conv_channels=128x256_fc_dims=256_seed2,cnn,0.1699413083791733,0.13440751813652524,0.012067234705364893,,,0.13024701246850587,208319,208319,50,0.48438336593826625,0,True,0.45456832695830385,0.28401022557507033,1,0.31855225563049316,0.1353679746389389,0,"[5, 3]","[128, 256]",[256],6872550,bc11u15n2,557.7,trial_0093_learning_rate=5.0e-04_kernel_sizes=5x3_conv_channels=128x256_fc_dims=256_seed2,cb571f0cdd,trial_0093_learning_rate=5.0e-04_kernel_sizes=5x3_conv_channels=128x256_fc_dims=256_seed2
/scratch/sb272/patterns5k_results/slurm_base_cnn_2026-03-04_16-53-19/trial_0093_learning_rate=5.0e-04_kernel_sizes=5x3_conv_channels=128x256_fc_dims=256_seed3,cnn,0.16995692634582518,0.1328410380249636,0.012341561771574475,,,0.13298355474142526,208319,208319,50,0.46451242686951755,0,True,0.45456832695830385,0.2757005143576246,1,0.31855225563049316,0.13354025781154633,0,"[5, 3]","[128, 256]",[256],6872550,bc11u15n2,441.6,trial_0093_learning_rate=5.0e-04_kernel_sizes=5x3_conv_channels=128x256_fc_dims=256_seed3,cb571f0cdd,trial_0093_learning_rate=5.0e-04_kernel_sizes=5x3_conv_channels=128x256_fc_dims=256_seed3
/scratch/sb272/patterns5k_results/slurm_base_cnn_2026-03-04_16-53-19/trial_0093_learning_rate=5.0e-04_kernel_sizes=5x3_conv_channels=128x256_fc_dims=256_seed4,cnn,0.17027059257030486,0.13431618161788356,0.011396299278925336,,,0.13264291866608882,208319,208319,50,0.47724600034740494,0,True,0.45456832695830385,0.2807651529832211,1,0.31855225563049316,0.13514451682567596,0,"[5, 3]","[128, 256]",[256],6872550,bc11u15n2,433.4,trial_0093_learning_rate=5.0e-04_kernel_sizes=5x3_conv_channels=128x256_fc_dims=256_seed4,cb571f0cdd,trial_0093_learning_rate=5.0e-04_kernel_sizes=5x3_conv_channels=128x256_fc_dims=256_seed4
/scratch/sb272/patterns5k_results/slurm_base_cnn_2026-03-04_16-53-19/trial_0094_learning_rate=5.0e-04_kernel_sizes=5x3_conv_channels=128x256_fc_dims=512_seed0,cnn,0.1702086398601532,0.1365569289205602,0.011121731901925707,,,0.13833701424497208,290239,290239,45,0.47617060684423856,0,True,0.45456832695830385,0.2810654954484383,1,0.31855225563049316,0.13745032250881195,0,"[5, 3]","[128, 256]",[512],6872550,bc11u15n2,458.8,trial_0094_learning_rate=5.0e-04_kernel_sizes=5x3_conv_channels=128x256_fc_dims=512_seed0,3353793e95,trial_0094_learning_rate=5.0e-04_kernel_sizes=5x3_conv_channels=128x256_fc_dims=512_seed0
/scratch/sb272/patterns5k_results/slurm_base_cnn_2026-03-04_16-53-19/trial_0094_learning_rate=5.0e-04_kernel_sizes=5x3_conv_channels=128x256_fc_dims=512_seed1,cnn,0.1698689308166504,0.1352439374483643,0.012754966342259966,,,0.14071906735214396,290239,290239,39,0.5042342989793982,0,True,0.45456832695830385,0.29321658222700364,1,0.31855225563049316,0.13659347593784332,0,"[5, 3]","[128, 256]",[512],6872550,bc11u15n2,442.8,trial_0094_learning_rate=5.0e-04_kernel_sizes=5x3_conv_channels=128x256_fc_dims=512_seed1,3353793e95,trial_0094_learning_rate=5.0e-04_kernel_sizes=5x3_conv_channels=128x256_fc_dims=512_seed1
/scratch/sb272/patterns5k_results/slurm_base_cnn_2026-03-04_16-53-19/trial_0094_learning_rate=5.0e-04_kernel_sizes=5x3_conv_channels=128x256_fc_dims=512_seed2,cnn,0.1709904326200485,0.1367510422457517,0.00828092060391865,,,0.13321052492080876,290239,290239,45,0.49214751823412767,0,True,0.45456832695830385,0.2870745683164748,1,0.31855225563049316,0.13783083856105804,0,"[5, 3]","[128, 256]",[512],6872550,bc11u15n2,458.7,trial_0094_learning_rate=5.0e-04_kernel_sizes=5x3_conv_channels=128x256_fc_dims=512_seed2,3353793e95,trial_0094_learning_rate=5.0e-04_kernel_sizes=5x3_conv_channels=128x256_fc_dims=512_seed2
/scratch/sb272/patterns5k_results/slurm_base_cnn_2026-03-04_16-53-19/trial_0094_learning_rate=5.0e-04_kernel_sizes=5x3_conv_channels=128x256_fc_dims=512_seed3,cnn,0.17070585310459138,0.13523585865749435,0.008740328607105073,,,0.13613239052280762,290239,290239,50,0.48868416694652766,0,True,0.45456832695830385,0.28668615572056205,1,0.31855225563049316,0.13651642203330994,0,"[5, 3]","[128, 256]",[512],6872550,bc11u15n2,487.3,trial_0094_learning_rate=5.0e-04_kernel_sizes=5x3_conv_channels=128x256_fc_dims=512_seed3,3353793e95,trial_0094_learning_rate=5.0e-04_kernel_sizes=5x3_conv_channels=128x256_fc_dims=512_seed3
/scratch/sb272/patterns5k_results/slurm_base_cnn_2026-03-04_16-53-19/trial_0094_learning_rate=5.0e-04_kernel_sizes=5x3_conv_channels=128x256_fc_dims=512_seed4,cnn,0.17090668749809265,0.1342707105877685,0.006250809109400189,,,0.13671215816911694,290239,290239,50,0.5029089690228952,0,True,0.45456832695830385,0.29379843563658214,1,0.31855225563049316,0.13514745235443115,0,"[5, 3]","[128, 256]",[512],6872550,bc11u15n2,497.4,trial_0094_learning_rate=5.0e-04_kernel_sizes=5x3_conv_channels=128x256_fc_dims=512_seed4,3353793e95,trial_0094_learning_rate=5.0e-04_kernel_sizes=5x3_conv_channels=128x256_fc_dims=512_seed4
/scratch/sb272/patterns5k_results/slurm_base_cnn_2026-03-04_16-53-19/trial_0095_learning_rate=5.0e-04_kernel_sizes=5x3_conv_channels=128x256_fc_dims=1024_seed0,cnn,0.17116039979457856,0.13519603568306346,0.004794445302751329,,,0.1389273807402597,454079,454079,32,0.48800288284606175,0,True,0.45456832695830385,0.28763831042386356,1,0.31855225563049316,0.13573291897773743,0,"[5, 3]","[128, 256]",[1024],6872550,bc11u15n2,450.7,trial_0095_learning_rate=5.0e-04_kernel_sizes=5x3_conv_channels=128x256_fc_dims=1024_seed0,7e0046ac9d,trial_0095_learning_rate=5.0e-04_kernel_sizes=5x3_conv_channels=128x256_fc_dims=1024_seed0
/scratch/sb272/patterns5k_results/slurm_base_cnn_2026-03-04_16-53-19/trial_0095_learning_rate=5.0e-04_kernel_sizes=5x3_conv_channels=128x256_fc_dims=1024_seed1,cnn,0.1716160434484482,0.1379379134610238,0.0037935016647217767,,,0.14126902359521235,454079,454079,50,0.49536185955050466,0,True,0.45456832695830385,0.28945986699107135,1,0.31855225563049316,0.13873101770877838,0,"[5, 3]","[128, 256]",[1024],6872550,bc11u15n2,591.3,trial_0095_learning_rate=5.0e-04_kernel_sizes=5x3_conv_channels=128x256_fc_dims=1024_seed1,7e0046ac9d,trial_0095_learning_rate=5.0e-04_kernel_sizes=5x3_conv_channels=128x256_fc_dims=1024_seed1
/scratch/sb272/patterns5k_results/slurm_base_cnn_2026-03-04_16-53-19/trial_0095_learning_rate=5.0e-04_kernel_sizes=5x3_conv_channels=128x256_fc_dims=1024_seed2,cnn,0.1710207576751709,0.13610460331617294,0.0034580533466641865,,,0.1332893498747135,454079,454079,48,0.510481380069896,0,True,0.45456832695830385,0.29723672142710267,1,0.31855225563049316,0.13681848347187042,0,"[5, 3]","[128, 256]",[1024],6872550,bc11u15n2,577.3,trial_0095_learning_rate=5.0e-04_kernel_sizes=5x3_conv_channels=128x256_fc_dims=1024_seed2,7e0046ac9d,trial_0095_learning_rate=5.0e-04_kernel_sizes=5x3_conv_channels=128x256_fc_dims=1024_seed2
/scratch/sb272/patterns5k_results/slurm_base_cnn_2026-03-04_16-53-19/trial_0095_learning_rate=5.0e-04_kernel_sizes=5x3_conv_channels=128x256_fc_dims=1024_seed3,cnn,0.1711025780439377,0.13642936589035798,0.0041111499544173955,,,0.13539150107194273,454079,454079,46,0.4779854266179588,0,True,0.45456832695830385,0.2829044974210249,1,0.31855225563049316,0.13762548565864563,0,"[5, 3]","[128, 256]",[1024],6872550,bc11u15n2,562.9,trial_0095_learning_rate=5.0e-04_kernel_sizes=5x3_conv_channels=128x256_fc_dims=1024_seed3,7e0046ac9d,trial_0095_learning_rate=5.0e-04_kernel_sizes=5x3_conv_channels=128x256_fc_dims=1024_seed3
/scratch/sb272/patterns5k_results/slurm_base_cnn_2026-03-04_16-53-19/trial_0095_learning_rate=5.0e-04_kernel_sizes=5x3_conv_channels=128x256_fc_dims=1024_seed4,cnn,0.171542471408844,0.13504677788419953,0.001787777930971176,,,0.1349652397203486,454079,454079,50,0.4990693709662892,0,True,0.45456832695830385,0.2911185486063432,1,0.31855225563049316,0.1355312615633011,0,"[5, 3]","[128, 256]",[1024],6872550,bc11u15n2,596.2,trial_0095_learning_rate=5.0e-04_kernel_sizes=5x3_conv_channels=128x256_fc_dims=1024_seed4,7e0046ac9d,trial_0095_learning_rate=5.0e-04_kernel_sizes=5x3_conv_channels=128x256_fc_dims=1024_seed4
/scratch/sb272/patterns5k_results/slurm_base_cnn_2026-03-04_16-53-19/trial_0096_learning_rate=5.0e-04_kernel_sizes=3x3x3_conv_channels=32x64x128_fc_dims=128_seed0,cnn,0.16864713597297668,0.12902459933143198,0.020209593432290212,,,0.1345996076535796,60063,60063,50,0.464737711151834,0,True,0.45456832695830385,0.2683716198839037,2,0.31855225563049316,0.13007484376430511,0,"[3, 3, 3]","[32, 64, 128]",[128],6872550,bc11u15n2,337.6,trial_0096_learning_rate=5.0e-04_kernel_sizes=3x3x3_conv_channels=32x64x128_fc_dims=128_seed0,96ad633733,trial_0096_learning_rate=5.0e-04_kernel_sizes=3x3x3_conv_channels=32x64x128_fc_dims=128_seed0
/scratch/sb272/patterns5k_results/slurm_base_cnn_2026-03-04_16-53-19/trial_0096_learning_rate=5.0e-04_kernel_sizes=3x3x3_conv_channels=32x64x128_fc_dims=128_seed1,cnn,0.1687135112285614,0.12768113200223014,0.01964373058742947,,,0.13815455448364206,60063,60063,50,0.4338982597195718,0,True,0.45456832695830385,0.2561063313069779,1,0.31855225563049316,0.1284118890762329,0,"[3, 3, 3]","[32, 64, 128]",[128],6872550,bc11u15n2,341.1,trial_0096_learning_rate=5.0e-04_kernel_sizes=3x3x3_conv_channels=32x64x128_fc_dims=128_seed1,96ad633733,trial_0096_learning_rate=5.0e-04_kernel_sizes=3x3x3_conv_channels=32x64x128_fc_dims=128_seed1
/scratch/sb272/patterns5k_results/slurm_base_cnn_2026-03-04_16-53-19/trial_0096_learning_rate=5.0e-04_kernel_sizes=3x3x3_conv_channels=32x64x128_fc_dims=128_seed2,cnn,0.1684086992740631,0.13124861395488016,0.020686284890250553,,,0.12984951591643523,60063,60063,50,0.4643034648051463,0,True,0.45456832695830385,0.2709023436679929,1,0.31855225563049316,0.13240239024162292,0,"[3, 3, 3]","[32, 64, 128]",[128],6872550,bc11u15n2,337.9,trial_0096_learning_rate=5.0e-04_kernel_sizes=3x3x3_conv_channels=32x64x128_fc_dims=128_seed2,96ad633733,trial_0096_learning_rate=5.0e-04_kernel_sizes=3x3x3_conv_channels=32x64x128_fc_dims=128_seed2
/scratch/sb272/patterns5k_results/slurm_base_cnn_2026-03-04_16-53-19/trial_0096_learning_rate=5.0e-04_kernel_sizes=3x3x3_conv_channels=32x64x128_fc_dims=128_seed3,cnn,0.16844643437862397,0.13111046660528317,0.02074784418893239,,,0.13199297478062028,60063,60063,50,0.44753001207024173,0,True,0.45456832695830385,0.2647782639165809,1,0.31855225563049316,0.13220718502998352,0,"[3, 3, 3]","[32, 64, 128]",[128],6872550,bc11u15n2,340.0,trial_0096_learning_rate=5.0e-04_kernel_sizes=3x3x3_conv_channels=32x64x128_fc_dims=128_seed3,96ad633733,trial_0096_learning_rate=5.0e-04_kernel_sizes=3x3x3_conv_channels=32x64x128_fc_dims=128_seed3
/scratch/sb272/patterns5k_results/slurm_base_cnn_2026-03-04_16-53-19/trial_0096_learning_rate=5.0e-04_kernel_sizes=3x3x3_conv_channels=32x64x128_fc_dims=128_seed4,cnn,0.16855863428115844,0.13027354934754162,0.020418928729163274,,,0.13284347914318856,60063,60063,50,0.457697954045796,0,True,0.45456832695830385,0.2668971886227215,1,0.31855225563049316,0.13125157356262207,0,"[3, 3, 3]","[32, 64, 128]",[128],6872550,bc11u15n2,447.9,trial_0096_learning_rate=5.0e-04_kernel_sizes=3x3x3_conv_channels=32x64x128_fc_dims=128_seed4,96ad633733,trial_0096_learning_rate=5.0e-04_kernel_sizes=3x3x3_conv_channels=32x64x128_fc_dims=128_seed4
/scratch/sb272/patterns5k_results/slurm_base_cnn_2026-03-04_16-53-19/trial_0097_learning_rate=5.0e-04_kernel_sizes=3x3x3_conv_channels=32x64x128_fc_dims=256_seed0,cnn,0.16787191486358644,0.13774520530558254,0.023192664933583094,,,0.1402628035419983,84639,84639,50,0.4868247939801178,0,True,0.45456832695830385,0.28536832726864203,1,0.31855225563049316,0.13898181915283203,0,"[3, 3, 3]","[32, 64, 128]",[256],6872550,bc11u15n2,560.8,trial_0097_learning_rate=5.0e-04_kernel_sizes=3x3x3_conv_channels=32x64x128_fc_dims=256_seed0,98fba98dde,trial_0097_learning_rate=5.0e-04_kernel_sizes=3x3x3_conv_channels=32x64x128_fc_dims=256_seed0
/scratch/sb272/patterns5k_results/slurm_base_cnn_2026-03-04_16-53-19/trial_0097_learning_rate=5.0e-04_kernel_sizes=3x3x3_conv_channels=32x64x128_fc_dims=256_seed1,cnn,0.16776934051513673,0.13793875073225087,0.023009514051770406,,,0.14296281832750718,84639,84639,50,0.4840185152816226,0,True,0.45456832695830385,0.2807379577673155,2,0.31855225563049316,0.1389997899532318,0,"[3, 3, 3]","[32, 64, 128]",[256],6872550,bc11u15n2,572.3,trial_0097_learning_rate=5.0e-04_kernel_sizes=3x3x3_conv_channels=32x64x128_fc_dims=256_seed1,98fba98dde,trial_0097_learning_rate=5.0e-04_kernel_sizes=3x3x3_conv_channels=32x64x128_fc_dims=256_seed1
/scratch/sb272/patterns5k_results/slurm_base_cnn_2026-03-04_16-53-19/trial_0097_learning_rate=5.0e-04_kernel_sizes=3x3x3_conv_channels=32x64x128_fc_dims=256_seed2,cnn,0.16787427282333375,0.13658568864907916,0.02286009845279512,,,0.13424798714546227,84639,84639,50,0.48255366324676946,0,True,0.45456832695830385,0.2796963123861715,2,0.31855225563049316,0.13746865093708038,0,"[3, 3, 3]","[32, 64, 128]",[256],6872550,bc11u15n2,569.9,trial_0097_learning_rate=5.0e-04_kernel_sizes=3x3x3_conv_channels=32x64x128_fc_dims=256_seed2,98fba98dde,trial_0097_learning_rate=5.0e-04_kernel_sizes=3x3x3_conv_channels=32x64x128_fc_dims=256_seed2
/scratch/sb272/patterns5k_results/slurm_base_cnn_2026-03-04_16-53-19/trial_0097_learning_rate=5.0e-04_kernel_sizes=3x3x3_conv_channels=32x64x128_fc_dims=256_seed3,cnn,0.16922555577754975,0.12987373897442905,0.01693153665179298,,,0.13439573370617253,84639,84639,50,0.44348383686364695,0,True,0.45456832695830385,0.2603784022227857,1,0.31855225563049316,0.1302516907453537,0,"[3, 3, 3]","[32, 64, 128]",[256],6872550,bc11u15n2,577.7,trial_0097_learning_rate=5.0e-04_kernel_sizes=3x3x3_conv_channels=32x64x128_fc_dims=256_seed3,98fba98dde,trial_0097_learning_rate=5.0e-04_kernel_sizes=3x3x3_conv_channels=32x64x128_fc_dims=256_seed3
/scratch/sb272/patterns5k_results/slurm_base_cnn_2026-03-04_16-53-19/trial_0097_learning_rate=5.0e-04_kernel_sizes=3x3x3_conv_channels=32x64x128_fc_dims=256_seed4,cnn,0.16810854518413543,0.1327163798692659,0.021566152572631836,,,0.1379495549245847,84639,84639,50,0.4784195286567038,0,True,0.45456832695830385,0.27779579615814626,1,0.31855225563049316,0.1332693248987198,0,"[3, 3, 3]","[32, 64, 128]",[256],6872550,bc11u15n2,573.5,trial_0097_learning_rate=5.0e-04_kernel_sizes=3x3x3_conv_channels=32x64x128_fc_dims=256_seed4,98fba98dde,trial_0097_learning_rate=5.0e-04_kernel_sizes=3x3x3_conv_channels=32x64x128_fc_dims=256_seed4
/scratch/sb272/patterns5k_results/slurm_base_cnn_2026-03-04_16-53-19/trial_0098_learning_rate=5.0e-04_kernel_sizes=5x3x3_conv_channels=64x128x256_fc_dims=256_seed0,cnn,0.16755142068862916,0.1407492674597584,0.022667682360089016,,,0.14468027044018464,219647,219647,50,0.4883222451739211,0,True,0.45456832695830385,0.28415216889961775,0,0.31855225563049316,0.14131426811218262,0,"[5, 3, 3]","[64, 128, 256]",[256],6872550,bc11u15n2,730.2,trial_0098_learning_rate=5.0e-04_kernel_sizes=5x3x3_conv_channels=64x128x256_fc_dims=256_seed0,c374510de9,trial_0098_learning_rate=5.0e-04_kernel_sizes=5x3x3_conv_channels=64x128x256_fc_dims=256_seed0
/scratch/sb272/patterns5k_results/slurm_base_cnn_2026-03-04_16-53-19/trial_0098_learning_rate=5.0e-04_kernel_sizes=5x3x3_conv_channels=64x128x256_fc_dims=256_seed1,cnn,0.16787168407440187,0.13623429534894763,0.02222907448571826,,,0.14482483144528757,219647,219647,50,0.4808177676366183,0,True,0.45456832695830385,0.2804105461204818,1,0.31855225563049316,0.13697148859500885,0,"[5, 3, 3]","[64, 128, 256]",[256],6872550,bc11u15n2,728.4,trial_0098_learning_rate=5.0e-04_kernel_sizes=5x3x3_conv_channels=64x128x256_fc_dims=256_seed1,c374510de9,trial_0098_learning_rate=5.0e-04_kernel_sizes=5x3x3_conv_channels=64x128x256_fc_dims=256_seed1
/scratch/sb272/patterns5k_results/slurm_base_cnn_2026-03-04_16-53-19/trial_0098_learning_rate=5.0e-04_kernel_sizes=5x3x3_conv_channels=64x128x256_fc_dims=256_seed2,cnn,0.16756621086597442,0.13964864331700783,0.02366171848206293,,,0.1374446480205486,219647,219647,50,0.4942157895193516,0,True,0.45456832695830385,0.2879384417494052,2,0.31855225563049316,0.1404014229774475,0,"[5, 3, 3]","[64, 128, 256]",[256],6872550,bc11u15n2,738.0,trial_0098_learning_rate=5.0e-04_kernel_sizes=5x3x3_conv_channels=64x128x256_fc_dims=256_seed2,c374510de9,trial_0098_learning_rate=5.0e-04_kernel_sizes=5x3x3_conv_channels=64x128x256_fc_dims=256_seed2
/scratch/sb272/patterns5k_results/slurm_base_cnn_2026-03-04_16-53-19/trial_0098_learning_rate=5.0e-04_kernel_sizes=5x3x3_conv_channels=64x128x256_fc_dims=256_seed3,cnn,0.16800740945339204,0.13606951815764065,0.02068826887342665,,,0.14086609561599164,219647,219647,50,0.4867752958603877,0,True,0.45456832695830385,0.28396772105038187,2,0.31855225563049316,0.1368420124053955,0,"[5, 3, 3]","[64, 128, 256]",[256],6872550,bc11u15n2,727.4,trial_0098_learning_rate=5.0e-04_kernel_sizes=5x3x3_conv_channels=64x128x256_fc_dims=256_seed3,c374510de9,trial_0098_learning_rate=5.0e-04_kernel_sizes=5x3x3_conv_channels=64x128x256_fc_dims=256_seed3
/scratch/sb272/patterns5k_results/slurm_base_cnn_2026-03-04_16-53-19/trial_0098_learning_rate=5.0e-04_kernel_sizes=5x3x3_conv_channels=64x128x256_fc_dims=256_seed4,cnn,0.16767038249969482,0.1412219870256774,0.024066049901265946,,,0.1408709582543224,219647,219647,50,0.49702225938431166,0,True,0.45456832695830385,0.29072826726587914,1,0.31855225563049316,0.14199255406856537,0,"[5, 3, 3]","[64, 128, 256]",[256],6872550,bc11u15n2,733.2,trial_0098_learning_rate=5.0e-04_kernel_sizes=5x3x3_conv_channels=64x128x256_fc_dims=256_seed4,c374510de9,trial_0098_learning_rate=5.0e-04_kernel_sizes=5x3x3_conv_channels=64x128x256_fc_dims=256_seed4
/scratch/sb272/patterns5k_results/slurm_base_cnn_2026-03-04_16-53-19/trial_0099_learning_rate=5.0e-04_kernel_sizes=5x3x3_conv_channels=64x128x256_fc_dims=512_seed0,cnn,0.16773013377189636,0.14215313208944477,0.020247063939533537,,,0.14587377002865354,301567,301567,50,0.5054254282946483,0,True,0.45456832695830385,0.29053152025085066,1,0.31855225563049316,0.14256221055984497,0,"[5, 3, 3]","[64, 128, 256]",[512],6872550,bc11u15n2,808.2,trial_0099_learning_rate=5.0e-04_kernel_sizes=5x3x3_conv_channels=64x128x256_fc_dims=512_seed0,7c1b7d3cbf,trial_0099_learning_rate=5.0e-04_kernel_sizes=5x3x3_conv_channels=64x128x256_fc_dims=512_seed0
/scratch/sb272/patterns5k_results/slurm_base_cnn_2026-03-04_16-53-19/trial_0099_learning_rate=5.0e-04_kernel_sizes=5x3x3_conv_channels=64x128x256_fc_dims=512_seed1,cnn,0.16827487695217133,0.13623036022280027,0.019394152694278292,,,0.147266376448808,301567,301567,50,0.48776914941300176,0,True,0.45456832695830385,0.28208628979596995,2,0.31855225563049316,0.1368764489889145,0,"[5, 3, 3]","[64, 128, 256]",[512],6872550,bc11u15n2,807.4,trial_0099_learning_rate=5.0e-04_kernel_sizes=5x3x3_conv_channels=64x128x256_fc_dims=512_seed1,7c1b7d3cbf,trial_0099_learning_rate=5.0e-04_kernel_sizes=5x3x3_conv_channels=64x128x256_fc_dims=512_seed1
/scratch/sb272/patterns5k_results/slurm_base_cnn_2026-03-04_16-53-19/trial_0099_learning_rate=5.0e-04_kernel_sizes=5x3x3_conv_channels=64x128x256_fc_dims=512_seed2,cnn,0.16760630071163177,0.14128567829607505,0.0221856917653765,,,0.14025007190113956,301567,301567,50,0.5022037367205621,0,True,0.45456832695830385,0.2891601131817921,2,0.31855225563049316,0.14216843247413635,0,"[5, 3, 3]","[64, 128, 256]",[512],6872550,bc11u15n2,810.9,trial_0099_learning_rate=5.0e-04_kernel_sizes=5x3x3_conv_channels=64x128x256_fc_dims=512_seed2,7c1b7d3cbf,trial_0099_learning_rate=5.0e-04_kernel_sizes=5x3x3_conv_channels=64x128x256_fc_dims=512_seed2
/scratch/sb272/patterns5k_results/slurm_base_cnn_2026-03-04_16-53-19/trial_0099_learning_rate=5.0e-04_kernel_sizes=5x3x3_conv_channels=64x128x256_fc_dims=512_seed3,cnn,0.1678926125764847,0.14119598675700637,0.0219119806138296,,,0.14289293437334033,301567,301567,50,0.4985332489545039,0,True,0.45456832695830385,0.29069233547121515,2,0.31855225563049316,0.14239895343780518,0,"[5, 3, 3]","[64, 128, 256]",[512],6872550,bc11u15n2,805.4,trial_0099_learning_rate=5.0e-04_kernel_sizes=5x3x3_conv_channels=64x128x256_fc_dims=512_seed3,7c1b7d3cbf,trial_0099_learning_rate=5.0e-04_kernel_sizes=5x3x3_conv_channels=64x128x256_fc_dims=512_seed3
/scratch/sb272/patterns5k_results/slurm_base_cnn_2026-03-04_16-53-19/trial_0099_learning_rate=5.0e-04_kernel_sizes=5x3x3_conv_channels=64x128x256_fc_dims=512_seed4,cnn,0.16781275963783265,0.1402312768728519,0.02099445793363783,,,0.14394106165560616,301567,301567,50,0.5204372993800358,0,True,0.45456832695830385,0.29905162761975684,2,0.31855225563049316,0.14128908514976501,0,"[5, 3, 3]","[64, 128, 256]",[512],6872550,bc11u15n2,807.3,trial_0099_learning_rate=5.0e-04_kernel_sizes=5x3x3_conv_channels=64x128x256_fc_dims=512_seed4,7c1b7d3cbf,trial_0099_learning_rate=5.0e-04_kernel_sizes=5x3x3_conv_channels=64x128x256_fc_dims=512_seed4
/scratch/sb272/patterns5k_results/slurm_base_cnn_2026-03-04_16-53-19/trial_0100_learning_rate=5.0e-04_kernel_sizes=5x3x3_conv_channels=64x128x256_fc_dims=1024_seed0,cnn,0.1677626792192459,0.1419130119673953,0.0199090942503914,,,0.14740723201308223,465407,465407,50,0.49917371305299185,0,True,0.45456832695830385,0.28879293557444463,2,0.31855225563049316,0.1425066590309143,0,"[5, 3, 3]","[64, 128, 256]",[1024],6872551,bc11u17n1,682.7,trial_0100_learning_rate=5.0e-04_kernel_sizes=5x3x3_conv_channels=64x128x256_fc_dims=1024_seed0,db54ee13da,trial_0100_learning_rate=5.0e-04_kernel_sizes=5x3x3_conv_channels=64x128x256_fc_dims=1024_seed0
/scratch/sb272/patterns5k_results/slurm_base_cnn_2026-03-04_16-53-19/trial_0100_learning_rate=5.0e-04_kernel_sizes=5x3x3_conv_channels=64x128x256_fc_dims=1024_seed1,cnn,0.1683365890979767,0.14056480017204964,0.01719032772003658,,,0.14927224746146717,465407,465407,50,0.4914418151697791,0,True,0.45456832695830385,0.2846733143071144,0,0.31855225563049316,0.1409703642129898,0,"[5, 3, 3]","[64, 128, 256]",[1024],6872551,bc11u17n1,687.2,trial_0100_learning_rate=5.0e-04_kernel_sizes=5x3x3_conv_channels=64x128x256_fc_dims=1024_seed1,db54ee13da,trial_0100_learning_rate=5.0e-04_kernel_sizes=5x3x3_conv_channels=64x128x256_fc_dims=1024_seed1
/scratch/sb272/patterns5k_results/slurm_base_cnn_2026-03-04_16-53-19/trial_0100_learning_rate=5.0e-04_kernel_sizes=5x3x3_conv_channels=64x128x256_fc_dims=1024_seed2,cnn,0.16797198617458345,0.14435249619995458,0.01787035238175165,,,0.1414127041515652,465407,465407,50,0.51428142288404,0,True,0.45456832695830385,0.2943523123858816,2,0.31855225563049316,0.14500972628593445,0,"[5, 3, 3]","[64, 128, 256]",[1024],6872551,bc11u17n1,687.0,trial_0100_learning_rate=5.0e-04_kernel_sizes=5x3x3_conv_channels=64x128x256_fc_dims=1024_seed2,db54ee13da,trial_0100_learning_rate=5.0e-04_kernel_sizes=5x3x3_conv_channels=64x128x256_fc_dims=1024_seed2
/scratch/sb272/patterns5k_results/slurm_base_cnn_2026-03-04_16-53-19/trial_0100_learning_rate=5.0e-04_kernel_sizes=5x3x3_conv_channels=64x128x256_fc_dims=1024_seed3,cnn,0.1683936687707901,0.13934731651853263,0.018908468503800648,,,0.14267960650596143,465407,465407,50,0.48991990994833495,0,True,0.45456832695830385,0.2869815072282239,1,0.31855225563049316,0.14016437530517578,0,"[5, 3, 3]","[64, 128, 256]",[1024],6872551,bc11u17n1,670.0,trial_0100_learning_rate=5.0e-04_kernel_sizes=5x3x3_conv_channels=64x128x256_fc_dims=1024_seed3,db54ee13da,trial_0100_learning_rate=5.0e-04_kernel_sizes=5x3x3_conv_channels=64x128x256_fc_dims=1024_seed3
/scratch/sb272/patterns5k_results/slurm_base_cnn_2026-03-04_16-53-19/trial_0100_learning_rate=5.0e-04_kernel_sizes=5x3x3_conv_channels=64x128x256_fc_dims=1024_seed4,cnn,0.16791011011600496,0.14176657256615333,0.02148780274012732,,,0.14498942402868545,465407,465407,50,0.5158206493062336,0,True,0.45456832695830385,0.2968918892065912,1,0.31855225563049316,0.14268173277378082,0,"[5, 3, 3]","[64, 128, 256]",[1024],6872551,bc11u17n1,718.7,trial_0100_learning_rate=5.0e-04_kernel_sizes=5x3x3_conv_channels=64x128x256_fc_dims=1024_seed4,db54ee13da,trial_0100_learning_rate=5.0e-04_kernel_sizes=5x3x3_conv_channels=64x128x256_fc_dims=1024_seed4
/scratch/sb272/patterns5k_results/slurm_base_cnn_2026-03-04_16-53-19/trial_0101_learning_rate=5.0e-04_kernel_sizes=3x3x3_conv_channels=128x128x128_fc_dims=256_seed0,cnn,0.16914089477062225,0.13242242324473985,0.017186309610094343,,,0.13718682606028204,164799,164799,40,0.4642417824156751,0,True,0.45456832695830385,0.2728530298300499,1,0.31855225563049316,0.1329183429479599,0,"[3, 3, 3]","[128, 128, 128]",[256],6872551,bc11u17n1,429.3,trial_0101_learning_rate=5.0e-04_kernel_sizes=3x3x3_conv_channels=128x128x128_fc_dims=256_seed0,5c64632aff,trial_0101_learning_rate=5.0e-04_kernel_sizes=3x3x3_conv_channels=128x128x128_fc_dims=256_seed0
/scratch/sb272/patterns5k_results/slurm_base_cnn_2026-03-04_16-53-19/trial_0101_learning_rate=5.0e-04_kernel_sizes=3x3x3_conv_channels=128x128x128_fc_dims=256_seed1,cnn,0.16862072849273682,0.13203767960718998,0.0193586822540041,,,0.13843427613077888,164799,164799,36,0.4548460767009577,0,True,0.45456832695830385,0.269134977516992,1,0.31855225563049316,0.1327342391014099,0,"[3, 3, 3]","[128, 128, 128]",[256],6872551,bc11u17n1,403.3,trial_0101_learning_rate=5.0e-04_kernel_sizes=3x3x3_conv_channels=128x128x128_fc_dims=256_seed1,5c64632aff,trial_0101_learning_rate=5.0e-04_kernel_sizes=3x3x3_conv_channels=128x128x128_fc_dims=256_seed1
/scratch/sb272/patterns5k_results/slurm_base_cnn_2026-03-04_16-53-19/trial_0101_learning_rate=5.0e-04_kernel_sizes=3x3x3_conv_channels=128x128x128_fc_dims=256_seed2,cnn,0.1685226619243622,0.13157736041407112,0.020449373457166884,,,0.13143771084891215,164799,164799,47,0.4690175242644116,0,True,0.45456832695830385,0.2727039852663469,2,0.31855225563049316,0.13194629549980164,0,"[3, 3, 3]","[128, 128, 128]",[256],6872551,bc11u17n1,452.5,trial_0101_learning_rate=5.0e-04_kernel_sizes=3x3x3_conv_channels=128x128x128_fc_dims=256_seed2,5c64632aff,trial_0101_learning_rate=5.0e-04_kernel_sizes=3x3x3_conv_channels=128x128x128_fc_dims=256_seed2
/scratch/sb272/patterns5k_results/slurm_base_cnn_2026-03-04_16-53-19/trial_0101_learning_rate=5.0e-04_kernel_sizes=3x3x3_conv_channels=128x128x128_fc_dims=256_seed3,cnn,0.16925736260414123,0.1272815615172973,0.017293580940791538,,,0.13291840887974013,164799,164799,48,0.44325128018922455,0,True,0.45456832695830385,0.26224008423250417,1,0.31855225563049316,0.1276259571313858,0,"[3, 3, 3]","[128, 128, 128]",[256],6872551,bc11u17n1,452.0,trial_0101_learning_rate=5.0e-04_kernel_sizes=3x3x3_conv_channels=128x128x128_fc_dims=256_seed3,5c64632aff,trial_0101_learning_rate=5.0e-04_kernel_sizes=3x3x3_conv_channels=128x128x128_fc_dims=256_seed3
/scratch/sb272/patterns5k_results/slurm_base_cnn_2026-03-04_16-53-19/trial_0101_learning_rate=5.0e-04_kernel_sizes=3x3x3_conv_channels=128x128x128_fc_dims=256_seed4,cnn,0.16864898824691774,0.13293765179387762,0.020190750795697408,,,0.13423533040903043,164799,164799,36,0.47351560240746876,0,True,0.45456832695830385,0.2748154579277062,2,0.31855225563049316,0.13382163643836975,0,"[3, 3, 3]","[128, 128, 128]",[256],6872551,bc11u17n1,399.0,trial_0101_learning_rate=5.0e-04_kernel_sizes=3x3x3_conv_channels=128x128x128_fc_dims=256_seed4,5c64632aff,trial_0101_learning_rate=5.0e-04_kernel_sizes=3x3x3_conv_channels=128x128x128_fc_dims=256_seed4
/scratch/sb272/patterns5k_results/slurm_base_cnn_2026-03-04_16-53-19/trial_0102_learning_rate=5.0e-04_kernel_sizes=3x3x3_conv_channels=128x128x128_fc_dims=512_seed0,cnn,0.1712900437116623,0.13471058599499036,0.00839307289274912,,,0.14011300127843684,213951,213951,45,0.48582224270373126,0,True,0.45456832695830385,0.2821189361147091,2,0.31855225563049316,0.1352747231721878,0,"[3, 3, 3]","[128, 128, 128]",[512],6872551,bc11u17n1,474.9,trial_0102_learning_rate=5.0e-04_kernel_sizes=3x3x3_conv_channels=128x128x128_fc_dims=512_seed0,e7e19ec001,trial_0102_learning_rate=5.0e-04_kernel_sizes=3x3x3_conv_channels=128x128x128_fc_dims=512_seed0
/scratch/sb272/patterns5k_results/slurm_base_cnn_2026-03-04_16-53-19/trial_0102_learning_rate=5.0e-04_kernel_sizes=3x3x3_conv_channels=128x128x128_fc_dims=512_seed1,cnn,0.16895553863048554,0.13472748696919887,0.017364664683266293,,,0.14142299510415388,213951,213951,40,0.4904919431101353,0,True,0.45456832695830385,0.28288584415363127,2,0.31855225563049316,0.1356653869152069,0,"[3, 3, 3]","[128, 128, 128]",[512],6872551,bc11u17n1,460.8,trial_0102_learning_rate=5.0e-04_kernel_sizes=3x3x3_conv_channels=128x128x128_fc_dims=512_seed1,e7e19ec001,trial_0102_learning_rate=5.0e-04_kernel_sizes=3x3x3_conv_channels=128x128x128_fc_dims=512_seed1
/scratch/sb272/patterns5k_results/slurm_base_cnn_2026-03-04_16-53-19/trial_0102_learning_rate=5.0e-04_kernel_sizes=3x3x3_conv_channels=128x128x128_fc_dims=512_seed2,cnn,0.16896014904975892,0.13342561327715594,0.017891628401620046,,,0.13395892738341517,213951,213951,42,0.47966160237150013,0,True,0.45456832695830385,0.2777312375367693,2,0.31855225563049316,0.13393555581569672,0,"[3, 3, 3]","[128, 128, 128]",[512],6872551,bc11u17n1,478.5,trial_0102_learning_rate=5.0e-04_kernel_sizes=3x3x3_conv_channels=128x128x128_fc_dims=512_seed2,e7e19ec001,trial_0102_learning_rate=5.0e-04_kernel_sizes=3x3x3_conv_channels=128x128x128_fc_dims=512_seed2
/scratch/sb272/patterns5k_results/slurm_base_cnn_2026-03-04_16-53-19/trial_0102_learning_rate=5.0e-04_kernel_sizes=3x3x3_conv_channels=128x128x128_fc_dims=512_seed3,cnn,0.16887963235378264,0.13250663064798485,0.016996810360560343,,,0.1350733902476048,213951,213951,45,0.48279924758332976,0,True,0.45456832695830385,0.28029364255295763,2,0.31855225563049316,0.1326679289340973,0,"[3, 3, 3]","[128, 128, 128]",[512],6872551,bc11u17n1,503.0,trial_0102_learning_rate=5.0e-04_kernel_sizes=3x3x3_conv_channels=128x128x128_fc_dims=512_seed3,e7e19ec001,trial_0102_learning_rate=5.0e-04_kernel_sizes=3x3x3_conv_channels=128x128x128_fc_dims=512_seed3
/scratch/sb272/patterns5k_results/slurm_base_cnn_2026-03-04_16-53-19/trial_0102_learning_rate=5.0e-04_kernel_sizes=3x3x3_conv_channels=128x128x128_fc_dims=512_seed4,cnn,0.16895243799686432,0.13091458169023046,0.016990495106530567,,,0.1362910439216113,213951,213951,38,0.4900020581898117,0,True,0.45456832695830385,0.28528661932834926,2,0.31855225563049316,0.13142849504947662,0,"[3, 3, 3]","[128, 128, 128]",[512],6872551,bc11u17n1,451.1,trial_0102_learning_rate=5.0e-04_kernel_sizes=3x3x3_conv_channels=128x128x128_fc_dims=512_seed4,e7e19ec001,trial_0102_learning_rate=5.0e-04_kernel_sizes=3x3x3_conv_channels=128x128x128_fc_dims=512_seed4
/scratch/sb272/patterns5k_results/slurm_base_cnn_2026-03-04_16-53-19/trial_0103_learning_rate=5.0e-04_kernel_sizes=3x3x3_conv_channels=256x256x256_fc_dims=512_seed0,cnn,0.16887816417217255,0.13096714915859303,0.019104127846066913,,,0.13991973511306496,591679,591679,25,0.4731344655976646,0,True,0.45456832695830385,0.2748808211559307,2,0.31855225563049316,0.1312529295682907,0,"[3, 3, 3]","[256, 256, 256]",[512],6872551,bc11u17n1,498.1,trial_0103_learning_rate=5.0e-04_kernel_sizes=3x3x3_conv_channels=256x256x256_fc_dims=512_seed0,cf18c0063f,trial_0103_learning_rate=5.0e-04_kernel_sizes=3x3x3_conv_channels=256x256x256_fc_dims=512_seed0
/scratch/sb272/patterns5k_results/slurm_base_cnn_2026-03-04_16-53-19/trial_0103_learning_rate=5.0e-04_kernel_sizes=3x3x3_conv_channels=256x256x256_fc_dims=512_seed1,cnn,0.16891082072257996,0.1305100567840737,0.019297959312560068,,,0.1383552063689763,591679,591679,35,0.47962112327578466,0,True,0.45456832695830385,0.27973060597164096,2,0.31855225563049316,0.1309909224510193,0,"[3, 3, 3]","[256, 256, 256]",[512],6872551,bc11u17n1,613.9,trial_0103_learning_rate=5.0e-04_kernel_sizes=3x3x3_conv_channels=256x256x256_fc_dims=512_seed1,cf18c0063f,trial_0103_learning_rate=5.0e-04_kernel_sizes=3x3x3_conv_channels=256x256x256_fc_dims=512_seed1
/scratch/sb272/patterns5k_results/slurm_base_cnn_2026-03-04_16-53-19/trial_0103_learning_rate=5.0e-04_kernel_sizes=3x3x3_conv_channels=256x256x256_fc_dims=512_seed2,cnn,0.1706141984462738,0.13642180843378698,0.007874206891135565,,,0.13364660944651682,591679,591679,25,0.48664574121170356,0,True,0.45456832695830385,0.288178239860171,1,0.31855225563049316,0.13722747564315796,0,"[3, 3, 3]","[256, 256, 256]",[512],6872551,bc11u17n1,516.4,trial_0103_learning_rate=5.0e-04_kernel_sizes=3x3x3_conv_channels=256x256x256_fc_dims=512_seed2,cf18c0063f,trial_0103_learning_rate=5.0e-04_kernel_sizes=3x3x3_conv_channels=256x256x256_fc_dims=512_seed2
/scratch/sb272/patterns5k_results/slurm_base_cnn_2026-03-04_16-53-19/trial_0103_learning_rate=5.0e-04_kernel_sizes=3x3x3_conv_channels=256x256x256_fc_dims=512_seed3,cnn,0.16947040033340455,0.13277461219351797,0.013959412536923848,,,0.13411554103174678,591679,591679,30,0.4604696416688137,0,True,0.45456832695830385,0.27143305622603464,0,0.31855225563049316,0.13303214311599731,0,"[3, 3, 3]","[256, 256, 256]",[512],6872551,bc11u17n1,556.2,trial_0103_learning_rate=5.0e-04_kernel_sizes=3x3x3_conv_channels=256x256x256_fc_dims=512_seed3,cf18c0063f,trial_0103_learning_rate=5.0e-04_kernel_sizes=3x3x3_conv_channels=256x256x256_fc_dims=512_seed3
/scratch/sb272/patterns5k_results/slurm_base_cnn_2026-03-04_16-53-19/trial_0103_learning_rate=5.0e-04_kernel_sizes=3x3x3_conv_channels=256x256x256_fc_dims=512_seed4,cnn,0.16955435335636138,0.1300544656457973,0.01624595362042624,,,0.13660484023223554,591679,591679,37,0.48162182806183,0,True,0.45456832695830385,0.2791400637467798,2,0.31855225563049316,0.1305127590894699,0,"[3, 3, 3]","[256, 256, 256]",[512],6872551,bc11u17n1,632.1,trial_0103_learning_rate=5.0e-04_kernel_sizes=3x3x3_conv_channels=256x256x256_fc_dims=512_seed4,cf18c0063f,trial_0103_learning_rate=5.0e-04_kernel_sizes=3x3x3_conv_channels=256x256x256_fc_dims=512_seed4
/scratch/sb272/patterns5k_results/slurm_base_cnn_2026-03-04_16-53-19/trial_0104_learning_rate=5.0e-04_kernel_sizes=3x3x3_conv_channels=256x256x256_fc_dims=1024_seed0,cnn,0.1697106531858444,0.1379917753892057,0.012413314410618373,,,0.14023010816227818,755519,755519,29,0.4941821475201443,0,True,0.45456832695830385,0.2881925491565283,1,0.31855225563049316,0.13872578740119934,0,"[3, 3, 3]","[256, 256, 256]",[1024],6872551,bc11u17n1,606.5,trial_0104_learning_rate=5.0e-04_kernel_sizes=3x3x3_conv_channels=256x256x256_fc_dims=1024_seed0,be1fc2f265,trial_0104_learning_rate=5.0e-04_kernel_sizes=3x3x3_conv_channels=256x256x256_fc_dims=1024_seed0
/scratch/sb272/patterns5k_results/slurm_base_cnn_2026-03-04_16-53-19/trial_0104_learning_rate=5.0e-04_kernel_sizes=3x3x3_conv_channels=256x256x256_fc_dims=1024_seed1,cnn,0.16898561787605285,0.13576023931934894,0.017116621373191712,,,0.14135011504126468,755519,755519,29,0.47337305140268093,0,True,0.45456832695830385,0.2804057406995209,1,0.31855225563049316,0.13597378134727478,0,"[3, 3, 3]","[256, 256, 256]",[1024],6872551,bc11u17n1,601.1,trial_0104_learning_rate=5.0e-04_kernel_sizes=3x3x3_conv_channels=256x256x256_fc_dims=1024_seed1,be1fc2f265,trial_0104_learning_rate=5.0e-04_kernel_sizes=3x3x3_conv_channels=256x256x256_fc_dims=1024_seed1
/scratch/sb272/patterns5k_results/slurm_base_cnn_2026-03-04_16-53-19/trial_0104_learning_rate=5.0e-04_kernel_sizes=3x3x3_conv_channels=256x256x256_fc_dims=1024_seed2,cnn,0.16872791421413422,0.13738128360641144,0.017520332147204686,,,0.13354147529486582,755519,755519,29,0.5077855799605132,0,True,0.45456832695830385,0.29561976999867867,1,0.31855225563049316,0.1377083659172058,0,"[3, 3, 3]","[256, 256, 256]",[1024],6872551,bc11u17n1,598.0,trial_0104_learning_rate=5.0e-04_kernel_sizes=3x3x3_conv_channels=256x256x256_fc_dims=1024_seed2,be1fc2f265,trial_0104_learning_rate=5.0e-04_kernel_sizes=3x3x3_conv_channels=256x256x256_fc_dims=1024_seed2
/scratch/sb272/patterns5k_results/slurm_base_cnn_2026-03-04_16-53-19/trial_0104_learning_rate=5.0e-04_kernel_sizes=3x3x3_conv_channels=256x256x256_fc_dims=1024_seed3,cnn,0.1693254132270813,0.1336886722611217,0.01384222602087354,,,0.1356120388929036,755519,755519,26,0.47375908363309854,0,True,0.45456832695830385,0.27864673275796925,1,0.31855225563049316,0.13466069102287292,0,"[3, 3, 3]","[256, 256, 256]",[1024],6872551,bc11u17n1,585.4,trial_0104_learning_rate=5.0e-04_kernel_sizes=3x3x3_conv_channels=256x256x256_fc_dims=1024_seed3,be1fc2f265,trial_0104_learning_rate=5.0e-04_kernel_sizes=3x3x3_conv_channels=256x256x256_fc_dims=1024_seed3
/scratch/sb272/patterns5k_results/slurm_base_cnn_2026-03-04_16-53-19/trial_0104_learning_rate=5.0e-04_kernel_sizes=3x3x3_conv_channels=256x256x256_fc_dims=1024_seed4,cnn,0.17033237147331237,0.13395710991316143,0.008348376031905885,,,0.13775973770354338,755519,755519,32,0.5037161313505061,0,True,0.45456832695830385,0.29178844504838447,2,0.31855225563049316,0.13464896380901337,0,"[3, 3, 3]","[256, 256, 256]",[1024],6872551,bc11u17n1,660.2,trial_0104_learning_rate=5.0e-04_kernel_sizes=3x3x3_conv_channels=256x256x256_fc_dims=1024_seed4,be1fc2f265,trial_0104_learning_rate=5.0e-04_kernel_sizes=3x3x3_conv_channels=256x256x256_fc_dims=1024_seed4
/scratch/sb272/patterns5k_results/slurm_base_cnn_2026-03-04_16-53-19/trial_0105_learning_rate=5.0e-04_kernel_sizes=3x3_conv_channels=64x128_fc_dims=128_seed0,cnn,0.16876966679096223,0.13405549449604795,0.020672531354995,,,0.13513856280000233,57855,57855,50,0.4742626919575534,0,True,0.45456832695830385,0.2800031536289082,1,0.31855225563049316,0.13504591584205627,0,"[3, 3]","[64, 128]",[128],6872551,bc11u17n1,394.7,trial_0105_learning_rate=5.0e-04_kernel_sizes=3x3_conv_channels=64x128_fc_dims=128_seed0,64e4642fbd,trial_0105_learning_rate=5.0e-04_kernel_sizes=3x3_conv_channels=64x128_fc_dims=128_seed0
/scratch/sb272/patterns5k_results/slurm_base_cnn_2026-03-04_16-53-19/trial_0105_learning_rate=5.0e-04_kernel_sizes=3x3_conv_channels=64x128_fc_dims=128_seed1,cnn,0.1689030010700226,0.1307837035298088,0.020131984400370763,,,0.1367027146254008,57855,57855,50,0.4518712691857155,0,True,0.45456832695830385,0.2685855503548065,1,0.31855225563049316,0.13196055591106415,0,"[3, 3]","[64, 128]",[128],6872551,bc11u17n1,409.2,trial_0105_learning_rate=5.0e-04_kernel_sizes=3x3_conv_channels=64x128_fc_dims=128_seed1,64e4642fbd,trial_0105_learning_rate=5.0e-04_kernel_sizes=3x3_conv_channels=64x128_fc_dims=128_seed1
/scratch/sb272/patterns5k_results/slurm_base_cnn_2026-03-04_16-53-19/trial_0105_learning_rate=5.0e-04_kernel_sizes=3x3_conv_channels=64x128_fc_dims=128_seed2,cnn,0.1692214652299881,0.13159876470425527,0.02033308668742104,,,0.12893892226721426,57855,57855,50,0.4733726236700949,0,True,0.45456832695830385,0.2775877451491151,2,0.31855225563049316,0.13309594988822937,0,"[3, 3]","[64, 128]",[128],6872551,bc11u17n1,400.1,trial_0105_learning_rate=5.0e-04_kernel_sizes=3x3_conv_channels=64x128_fc_dims=128_seed2,64e4642fbd,trial_0105_learning_rate=5.0e-04_kernel_sizes=3x3_conv_channels=64x128_fc_dims=128_seed2
/scratch/sb272/patterns5k_results/slurm_base_cnn_2026-03-04_16-53-19/trial_0105_learning_rate=5.0e-04_kernel_sizes=3x3_conv_channels=64x128_fc_dims=128_seed3,cnn,0.16897842407226563,0.1349310425364557,0.020625276224953786,,,0.13181503520315754,57855,57855,50,0.4624490797986882,0,True,0.45456832695830385,0.2747495741716605,1,0.31855225563049316,0.13604654371738434,0,"[3, 3]","[64, 128]",[128],6872551,bc11u17n1,377.1,trial_0105_learning_rate=5.0e-04_kernel_sizes=3x3_conv_channels=64x128_fc_dims=128_seed3,64e4642fbd,trial_0105_learning_rate=5.0e-04_kernel_sizes=3x3_conv_channels=64x128_fc_dims=128_seed3
/scratch/sb272/patterns5k_results/slurm_base_cnn_2026-03-04_16-53-19/trial_0105_learning_rate=5.0e-04_kernel_sizes=3x3_conv_channels=64x128_fc_dims=128_seed4,cnn,0.16944661343097686,0.13044945972877167,0.01894418682370867,,,0.13380889633973705,57855,57855,50,0.4848289897253716,0,True,0.45456832695830385,0.2843554082209051,1,0.31855225563049316,0.1318041980266571,0,"[3, 3]","[64, 128]",[128],6872551,bc11u17n1,402.4,trial_0105_learning_rate=5.0e-04_kernel_sizes=3x3_conv_channels=64x128_fc_dims=128_seed4,64e4642fbd,trial_0105_learning_rate=5.0e-04_kernel_sizes=3x3_conv_channels=64x128_fc_dims=128_seed4
/scratch/sb272/patterns5k_results/slurm_base_cnn_2026-03-04_16-53-19/trial_0106_learning_rate=5.0e-04_kernel_sizes=3x3_conv_channels=64x128_fc_dims=256_seed0,cnn,0.16869753062725068,0.1352776892893107,0.02140855978405665,,,0.1377673800959783,82431,82431,50,0.48480724043929624,0,True,0.45456832695830385,0.2856440518253987,1,0.31855225563049316,0.1364995837211609,0,"[3, 3]","[64, 128]",[256],6872551,bc11u17n1,398.6,trial_0106_learning_rate=5.0e-04_kernel_sizes=3x3_conv_channels=64x128_fc_dims=256_seed0,b8debad42e,trial_0106_learning_rate=5.0e-04_kernel_sizes=3x3_conv_channels=64x128_fc_dims=256_seed0
/scratch/sb272/patterns5k_results/slurm_base_cnn_2026-03-04_16-53-19/trial_0106_learning_rate=5.0e-04_kernel_sizes=3x3_conv_channels=64x128_fc_dims=256_seed1,cnn,0.16907215583324434,0.13643764856732288,0.02065619400569371,,,0.14111658210799313,82431,82431,50,0.48106491365700454,0,True,0.45456832695830385,0.28103675753231955,1,0.31855225563049316,0.13792099058628082,0,"[3, 3]","[64, 128]",[256],6872551,bc11u17n1,427.4,trial_0106_learning_rate=5.0e-04_kernel_sizes=3x3_conv_channels=64x128_fc_dims=256_seed1,b8debad42e,trial_0106_learning_rate=5.0e-04_kernel_sizes=3x3_conv_channels=64x128_fc_dims=256_seed1
/scratch/sb272/patterns5k_results/slurm_base_cnn_2026-03-04_16-53-19/trial_0106_learning_rate=5.0e-04_kernel_sizes=3x3_conv_channels=64x128_fc_dims=256_seed2,cnn,0.16912916135787964,0.13368433646092842,0.019561044753543914,,,0.1305644710889386,82431,82431,50,0.47719010040559556,0,True,0.45456832695830385,0.2824561271856623,1,0.31855225563049316,0.1350851207971573,0,"[3, 3]","[64, 128]",[256],6872551,bc11u17n1,431.1,trial_0106_learning_rate=5.0e-04_kernel_sizes=3x3_conv_channels=64x128_fc_dims=256_seed2,b8debad42e,trial_0106_learning_rate=5.0e-04_kernel_sizes=3x3_conv_channels=64x128_fc_dims=256_seed2
/scratch/sb272/patterns5k_results/slurm_base_cnn_2026-03-04_16-53-19/trial_0106_learning_rate=5.0e-04_kernel_sizes=3x3_conv_channels=64x128_fc_dims=256_seed3,cnn,0.16936713230609893,0.1332560106016562,0.019212586539132253,,,0.1332988492760028,82431,82431,50,0.4808884536188401,0,True,0.45456832695830385,0.28267911686753605,1,0.31855225563049316,0.1348389983177185,0,"[3, 3]","[64, 128]",[256],6872551,bc11u17n1,396.4,trial_0106_learning_rate=5.0e-04_kernel_sizes=3x3_conv_channels=64x128_fc_dims=256_seed3,b8debad42e,trial_0106_learning_rate=5.0e-04_kernel_sizes=3x3_conv_channels=64x128_fc_dims=256_seed3
/scratch/sb272/patterns5k_results/slurm_base_cnn_2026-03-04_16-53-19/trial_0106_learning_rate=5.0e-04_kernel_sizes=3x3_conv_channels=64x128_fc_dims=256_seed4,cnn,0.16868812465667724,0.13635138278044615,0.020707438862512983,,,0.13516367515291028,82431,82431,50,0.48313855543391016,0,True,0.45456832695830385,0.284511126646753,1,0.31855225563049316,0.13741475343704224,0,"[3, 3]","[64, 128]",[256],6872551,bc11u17n1,403.3,trial_0106_learning_rate=5.0e-04_kernel_sizes=3x3_conv_channels=64x128_fc_dims=256_seed4,b8debad42e,trial_0106_learning_rate=5.0e-04_kernel_sizes=3x3_conv_channels=64x128_fc_dims=256_seed4
/scratch/sb272/patterns5k_results/slurm_base_cnn_2026-03-04_16-53-19/trial_0107_learning_rate=5.0e-04_kernel_sizes=3x3_conv_channels=64x128_fc_dims=512_seed0,cnn,0.17000724041461945,0.13573809357211833,0.016519677071344285,,,0.138829424934778,131583,131583,50,0.4900840404919737,0,True,0.45456832695830385,0.2862388735507287,1,0.31855225563049316,0.13652445375919342,0,"[3, 3]","[64, 128]",[512],6872551,bc11u17n1,445.4,trial_0107_learning_rate=5.0e-04_kernel_sizes=3x3_conv_channels=64x128_fc_dims=512_seed0,ddf852313f,trial_0107_learning_rate=5.0e-04_kernel_sizes=3x3_conv_channels=64x128_fc_dims=512_seed0
/scratch/sb272/patterns5k_results/slurm_base_cnn_2026-03-04_16-53-19/trial_0107_learning_rate=5.0e-04_kernel_sizes=3x3_conv_channels=64x128_fc_dims=512_seed1,cnn,0.16963795471191406,0.13485140461608142,0.01748443879778423,,,0.14031631743018577,131583,131583,50,0.5028177129875654,0,True,0.45456832695830385,0.29191849869898034,1,0.31855225563049316,0.13605812191963196,0,"[3, 3]","[64, 128]",[512],6872551,bc11u17n1,444.3,trial_0107_learning_rate=5.0e-04_kernel_sizes=3x3_conv_channels=64x128_fc_dims=512_seed1,ddf852313f,trial_0107_learning_rate=5.0e-04_kernel_sizes=3x3_conv_channels=64x128_fc_dims=512_seed1
/scratch/sb272/patterns5k_results/slurm_base_cnn_2026-03-04_16-53-19/trial_0107_learning_rate=5.0e-04_kernel_sizes=3x3_conv_channels=64x128_fc_dims=512_seed2,cnn,0.1697401342391968,0.13345789003496794,0.016817309553661043,,,0.13362379785900738,131583,131583,50,0.49560858884306846,0,True,0.45456832695830385,0.2893676495599138,1,0.31855225563049316,0.13469038903713226,0,"[3, 3]","[64, 128]",[512],6872551,bc11u17n1,435.5,trial_0107_learning_rate=5.0e-04_kernel_sizes=3x3_conv_channels=64x128_fc_dims=512_seed2,ddf852313f,trial_0107_learning_rate=5.0e-04_kernel_sizes=3x3_conv_channels=64x128_fc_dims=512_seed2
/scratch/sb272/patterns5k_results/slurm_base_cnn_2026-03-04_16-53-19/trial_0107_learning_rate=5.0e-04_kernel_sizes=3x3_conv_channels=64x128_fc_dims=512_seed3,cnn,0.17013908493518828,0.1340899504696917,0.015005822219545878,,,0.1357207673578548,131583,131583,50,0.47341149708663516,0,True,0.45456832695830385,0.27799361299278574,1,0.31855225563049316,0.13499605655670166,0,"[3, 3]","[64, 128]",[512],6872551,bc11u17n1,450.4,trial_0107_learning_rate=5.0e-04_kernel_sizes=3x3_conv_channels=64x128_fc_dims=512_seed3,ddf852313f,trial_0107_learning_rate=5.0e-04_kernel_sizes=3x3_conv_channels=64x128_fc_dims=512_seed3
/scratch/sb272/patterns5k_results/slurm_base_cnn_2026-03-04_16-53-19/trial_0107_learning_rate=5.0e-04_kernel_sizes=3x3_conv_channels=64x128_fc_dims=512_seed4,cnn,0.16987883019447328,0.13503761678628126,0.016187518362015013,,,0.13926425716907553,131583,131583,50,0.4845623619132515,0,True,0.45456832695830385,0.28517936038274494,1,0.31855225563049316,0.13608987629413605,0,"[3, 3]","[64, 128]",[512],6872551,bc11u17n1,445.2,trial_0107_learning_rate=5.0e-04_kernel_sizes=3x3_conv_channels=64x128_fc_dims=512_seed4,ddf852313f,trial_0107_learning_rate=5.0e-04_kernel_sizes=3x3_conv_channels=64x128_fc_dims=512_seed4
/scratch/sb272/patterns5k_results/slurm_base_cnn_2026-03-04_16-53-19/trial_0108_learning_rate=5.0e-04_kernel_sizes=5x3_conv_channels=128x256_fc_dims=256_seed0,cnn,0.17113938176631927,0.13239712511848453,0.007647375265757243,,,0.1360050720044602,208319,208319,40,0.4629668410776245,0,True,0.45456832695830385,0.27286598712556354,1,0.31855225563049316,0.13321524858474731,0,"[5, 3]","[128, 256]",[256],6872551,bc11u17n1,461.5,trial_0108_learning_rate=5.0e-04_kernel_sizes=5x3_conv_channels=128x256_fc_dims=256_seed0,4807720407,trial_0108_learning_rate=5.0e-04_kernel_sizes=5x3_conv_channels=128x256_fc_dims=256_seed0
/scratch/sb272/patterns5k_results/slurm_base_cnn_2026-03-04_16-53-19/trial_0108_learning_rate=5.0e-04_kernel_sizes=5x3_conv_channels=128x256_fc_dims=256_seed1,cnn,0.17030414438247682,0.13195275674366047,0.01102918859512087,,,0.13912653230121214,208319,208319,50,0.46094207464568376,0,True,0.45456832695830385,0.27271765964721434,1,0.31855225563049316,0.13295578956604004,0,"[5, 3]","[128, 256]",[256],6872551,bc11u17n1,533.9,trial_0108_learning_rate=5.0e-04_kernel_sizes=5x3_conv_channels=128x256_fc_dims=256_seed1,4807720407,trial_0108_learning_rate=5.0e-04_kernel_sizes=5x3_conv_channels=128x256_fc_dims=256_seed1
/scratch/sb272/patterns5k_results/slurm_base_cnn_2026-03-04_16-53-19/trial_0108_learning_rate=5.0e-04_kernel_sizes=5x3_conv_channels=128x256_fc_dims=256_seed2,cnn,0.1705356731414795,0.1356918171743283,0.01024601383814736,,,0.13224066399711076,208319,208319,46,0.47591318665687427,0,True,0.45456832695830385,0.28253778168226795,1,0.31855225563049316,0.13695216178894043,0,"[5, 3]","[128, 256]",[256],6872551,bc11u17n1,508.7,trial_0108_learning_rate=5.0e-04_kernel_sizes=5x3_conv_channels=128x256_fc_dims=256_seed2,4807720407,trial_0108_learning_rate=5.0e-04_kernel_sizes=5x3_conv_channels=128x256_fc_dims=256_seed2
/scratch/sb272/patterns5k_results/slurm_base_cnn_2026-03-04_16-53-19/trial_0108_learning_rate=5.0e-04_kernel_sizes=5x3_conv_channels=128x256_fc_dims=256_seed3,cnn,0.17099293482303618,0.1343304874598551,0.0072203997581724135,,,0.13340889985025425,208319,208319,49,0.4703361183585135,0,True,0.45456832695830385,0.2802149374627098,1,0.31855225563049316,0.13522107899188995,0,"[5, 3]","[128, 256]",[256],6872551,bc11u17n1,528.2,trial_0108_learning_rate=5.0e-04_kernel_sizes=5x3_conv_channels=128x256_fc_dims=256_seed3,4807720407,trial_0108_learning_rate=5.0e-04_kernel_sizes=5x3_conv_channels=128x256_fc_dims=256_seed3
/scratch/sb272/patterns5k_results/slurm_base_cnn_2026-03-04_16-53-19/trial_0108_learning_rate=5.0e-04_kernel_sizes=5x3_conv_channels=128x256_fc_dims=256_seed4,cnn,0.17043714165687562,0.12993236801412797,0.009909575893765404,,,0.13400932975143298,208319,208319,50,0.4729649360617971,0,True,0.45456832695830385,0.2766376076036463,1,0.31855225563049316,0.13058426976203918,0,"[5, 3]","[128, 256]",[256],6872551,bc11u17n1,500.8,trial_0108_learning_rate=5.0e-04_kernel_sizes=5x3_conv_channels=128x256_fc_dims=256_seed4,4807720407,trial_0108_learning_rate=5.0e-04_kernel_sizes=5x3_conv_channels=128x256_fc_dims=256_seed4
/scratch/sb272/patterns5k_results/slurm_base_cnn_2026-03-04_16-53-19/trial_0109_learning_rate=5.0e-04_kernel_sizes=5x3_conv_channels=128x256_fc_dims=512_seed0,cnn,0.1701992769241333,0.13375716423726866,0.010228303689805289,,,0.13802192232822888,290239,290239,41,0.45965620509152205,0,True,0.45456832695830385,0.27070554956515436,1,0.31855225563049316,0.13396896421909332,0,"[5, 3]","[128, 256]",[512],6872551,bc11u17n1,528.0,trial_0109_learning_rate=5.0e-04_kernel_sizes=5x3_conv_channels=128x256_fc_dims=512_seed0,6392449e04,trial_0109_learning_rate=5.0e-04_kernel_sizes=5x3_conv_channels=128x256_fc_dims=512_seed0
/scratch/sb272/patterns5k_results/slurm_base_cnn_2026-03-04_16-53-19/trial_0109_learning_rate=5.0e-04_kernel_sizes=5x3_conv_channels=128x256_fc_dims=512_seed1,cnn,0.1708520964384079,0.1361035309997353,0.009334142245943583,,,0.14090000154435595,290239,290239,40,0.4888489237004986,0,True,0.45456832695830385,0.2895749211036002,1,0.31855225563049316,0.1375916600227356,0,"[5, 3]","[128, 256]",[512],6872551,bc11u17n1,522.9,trial_0109_learning_rate=5.0e-04_kernel_sizes=5x3_conv_channels=128x256_fc_dims=512_seed1,6392449e04,trial_0109_learning_rate=5.0e-04_kernel_sizes=5x3_conv_channels=128x256_fc_dims=512_seed1
/scratch/sb272/patterns5k_results/slurm_base_cnn_2026-03-04_16-53-19/trial_0109_learning_rate=5.0e-04_kernel_sizes=5x3_conv_channels=128x256_fc_dims=512_seed2,cnn,0.17124655246734619,0.13406695347691028,0.005023692335401263,,,0.1344845596450333,290239,290239,45,0.5032336670883076,0,True,0.45456832695830385,0.29256756233651343,1,0.31855225563049316,0.1346035599708557,0,"[5, 3]","[128, 256]",[512],6872551,bc11u17n1,559.6,trial_0109_learning_rate=5.0e-04_kernel_sizes=5x3_conv_channels=128x256_fc_dims=512_seed2,6392449e04,trial_0109_learning_rate=5.0e-04_kernel_sizes=5x3_conv_channels=128x256_fc_dims=512_seed2
/scratch/sb272/patterns5k_results/slurm_base_cnn_2026-03-04_16-53-19/trial_0109_learning_rate=5.0e-04_kernel_sizes=5x3_conv_channels=128x256_fc_dims=512_seed3,cnn,0.1706500302553177,0.13270374790515735,0.007802489257994152,,,0.13436819241101594,290239,290239,50,0.4757530495006687,0,True,0.45456832695830385,0.2811351867139952,1,0.31855225563049316,0.13352183997631073,0,"[5, 3]","[128, 256]",[512],6872551,bc11u17n1,561.3,trial_0109_learning_rate=5.0e-04_kernel_sizes=5x3_conv_channels=128x256_fc_dims=512_seed3,6392449e04,trial_0109_learning_rate=5.0e-04_kernel_sizes=5x3_conv_channels=128x256_fc_dims=512_seed3
/scratch/sb272/patterns5k_results/slurm_base_cnn_2026-03-04_16-53-19/trial_0109_learning_rate=5.0e-04_kernel_sizes=5x3_conv_channels=128x256_fc_dims=512_seed4,cnn,0.17032962489128112,0.13538285730212576,0.009533236897180952,,,0.13624468810371346,290239,290239,50,0.5000023251788536,0,True,0.45456832695830385,0.2935140591157059,1,0.31855225563049316,0.13617351651191711,0,"[5, 3]","[128, 256]",[512],6872551,bc11u17n1,596.1,trial_0109_learning_rate=5.0e-04_kernel_sizes=5x3_conv_channels=128x256_fc_dims=512_seed4,6392449e04,trial_0109_learning_rate=5.0e-04_kernel_sizes=5x3_conv_channels=128x256_fc_dims=512_seed4
/scratch/sb272/patterns5k_results/slurm_base_cnn_2026-03-04_16-53-19/trial_0110_learning_rate=5.0e-04_kernel_sizes=5x3_conv_channels=128x256_fc_dims=1024_seed0,cnn,0.17358155608177184,0.1372603016127324,-0.009435775734129407,,,0.13982477920059094,454079,454079,47,0.5029496828621416,0,True,0.45456832695830385,0.2942485180310534,1,0.31855225563049316,0.13820457458496094,0,"[5, 3]","[128, 256]",[1024],6872552,bc11u17n2,935.3,trial_0110_learning_rate=5.0e-04_kernel_sizes=5x3_conv_channels=128x256_fc_dims=1024_seed0,13ac4960de,trial_0110_learning_rate=5.0e-04_kernel_sizes=5x3_conv_channels=128x256_fc_dims=1024_seed0
/scratch/sb272/patterns5k_results/slurm_base_cnn_2026-03-04_16-53-19/trial_0110_learning_rate=5.0e-04_kernel_sizes=5x3_conv_channels=128x256_fc_dims=1024_seed1,cnn,0.17202745151519774,0.1389563376001286,0.0018815436060466463,,,0.14162718005975092,454079,454079,42,0.5055495415027736,0,True,0.45456832695830385,0.29795280908463306,1,0.31855225563049316,0.14021766185760498,0,"[5, 3]","[128, 256]",[1024],6872552,bc11u17n2,839.9,trial_0110_learning_rate=5.0e-04_kernel_sizes=5x3_conv_channels=128x256_fc_dims=1024_seed1,13ac4960de,trial_0110_learning_rate=5.0e-04_kernel_sizes=5x3_conv_channels=128x256_fc_dims=1024_seed1
/scratch/sb272/patterns5k_results/slurm_base_cnn_2026-03-04_16-53-19/trial_0110_learning_rate=5.0e-04_kernel_sizes=5x3_conv_channels=128x256_fc_dims=1024_seed2,cnn,0.1731373631954193,0.13660254140095665,-0.008246887297857376,,,0.1339522890604633,454079,454079,47,0.49075587487961064,0,True,0.45456832695830385,0.28681626850632697,2,0.31855225563049316,0.13750059902668,0,"[5, 3]","[128, 256]",[1024],6872552,bc11u17n2,915.7,trial_0110_learning_rate=5.0e-04_kernel_sizes=5x3_conv_channels=128x256_fc_dims=1024_seed2,13ac4960de,trial_0110_learning_rate=5.0e-04_kernel_sizes=5x3_conv_channels=128x256_fc_dims=1024_seed2
/scratch/sb272/patterns5k_results/slurm_base_cnn_2026-03-04_16-53-19/trial_0110_learning_rate=5.0e-04_kernel_sizes=5x3_conv_channels=128x256_fc_dims=1024_seed3,cnn,0.17093236219882965,0.1367977638720931,0.006866604562789675,,,0.13579120055730173,454079,454079,36,0.4927367975816454,0,True,0.45456832695830385,0.289822869255795,1,0.31855225563049316,0.13822486996650696,0,"[5, 3]","[128, 256]",[1024],6872552,bc11u17n2,767.8,trial_0110_learning_rate=5.0e-04_kernel_sizes=5x3_conv_channels=128x256_fc_dims=1024_seed3,13ac4960de,trial_0110_learning_rate=5.0e-04_kernel_sizes=5x3_conv_channels=128x256_fc_dims=1024_seed3
/scratch/sb272/patterns5k_results/slurm_base_cnn_2026-03-04_16-53-19/trial_0110_learning_rate=5.0e-04_kernel_sizes=5x3_conv_channels=128x256_fc_dims=1024_seed4,cnn,0.17105671966075897,0.1374841243451896,0.0036207683502681672,,,0.13836105591433204,454079,454079,45,0.5036432049782065,0,True,0.45456832695830385,0.29526022547871805,1,0.31855225563049316,0.1386139839887619,0,"[5, 3]","[128, 256]",[1024],6872552,bc11u17n2,885.6,trial_0110_learning_rate=5.0e-04_kernel_sizes=5x3_conv_channels=128x256_fc_dims=1024_seed4,13ac4960de,trial_0110_learning_rate=5.0e-04_kernel_sizes=5x3_conv_channels=128x256_fc_dims=1024_seed4
/scratch/sb272/patterns5k_results/slurm_base_cnn_2026-03-04_16-53-19/trial_0111_learning_rate=5.0e-04_kernel_sizes=3x3x3_conv_channels=32x64x128_fc_dims=128_seed0,cnn,0.16831107544898988,0.13152017178148181,0.02087005263283139,,,0.13432496432376057,60063,60063,50,0.46285454204691595,0,True,0.45456832695830385,0.268117180705781,2,0.31855225563049316,0.13234680891036987,0,"[3, 3, 3]","[32, 64, 128]",[128],6872552,bc11u17n2,558.3,trial_0111_learning_rate=5.0e-04_kernel_sizes=3x3x3_conv_channels=32x64x128_fc_dims=128_seed0,1415bd8150,trial_0111_learning_rate=5.0e-04_kernel_sizes=3x3x3_conv_channels=32x64x128_fc_dims=128_seed0
/scratch/sb272/patterns5k_results/slurm_base_cnn_2026-03-04_16-53-19/trial_0111_learning_rate=5.0e-04_kernel_sizes=3x3x3_conv_channels=32x64x128_fc_dims=128_seed1,cnn,0.16860543930530547,0.13021949349650944,0.02047769134006803,,,0.13642081156182131,60063,60063,50,0.49399631918620124,0,True,0.45456832695830385,0.28412372971641403,2,0.31855225563049316,0.13149291276931763,0,"[3, 3, 3]","[32, 64, 128]",[128],6872552,bc11u17n2,547.8,trial_0111_learning_rate=5.0e-04_kernel_sizes=3x3x3_conv_channels=32x64x128_fc_dims=128_seed1,1415bd8150,trial_0111_learning_rate=5.0e-04_kernel_sizes=3x3x3_conv_channels=32x64x128_fc_dims=128_seed1
/scratch/sb272/patterns5k_results/slurm_base_cnn_2026-03-04_16-53-19/trial_0111_learning_rate=5.0e-04_kernel_sizes=3x3x3_conv_channels=32x64x128_fc_dims=128_seed2,cnn,0.16829409646987914,0.13124259839926086,0.02088992368607294,,,0.1296553867139082,60063,60063,50,0.46990447622911435,0,True,0.45456832695830385,0.2755751915108702,1,0.31855225563049316,0.13224145770072937,0,"[3, 3, 3]","[32, 64, 128]",[128],6872552,bc11u17n2,554.9,trial_0111_learning_rate=5.0e-04_kernel_sizes=3x3x3_conv_channels=32x64x128_fc_dims=128_seed2,1415bd8150,trial_0111_learning_rate=5.0e-04_kernel_sizes=3x3x3_conv_channels=32x64x128_fc_dims=128_seed2
/scratch/sb272/patterns5k_results/slurm_base_cnn_2026-03-04_16-53-19/trial_0111_learning_rate=5.0e-04_kernel_sizes=3x3x3_conv_channels=32x64x128_fc_dims=128_seed3,cnn,0.16848686051368714,0.1284829548610947,0.020023996867830792,,,0.13188445022934112,60063,60063,50,0.4442648235115602,0,True,0.45456832695830385,0.25895967251465385,2,0.31855225563049316,0.12929895520210266,0,"[3, 3, 3]","[32, 64, 128]",[128],6872552,bc11u17n2,550.5,trial_0111_learning_rate=5.0e-04_kernel_sizes=3x3x3_conv_channels=32x64x128_fc_dims=128_seed3,1415bd8150,trial_0111_learning_rate=5.0e-04_kernel_sizes=3x3x3_conv_channels=32x64x128_fc_dims=128_seed3
/scratch/sb272/patterns5k_results/slurm_base_cnn_2026-03-04_16-53-19/trial_0111_learning_rate=5.0e-04_kernel_sizes=3x3x3_conv_channels=32x64x128_fc_dims=128_seed4,cnn,0.16855162239074706,0.13063976969521693,0.020412203811463855,,,0.13332678200531708,60063,60063,50,0.481199273596378,0,True,0.45456832695830385,0.2780755569063088,1,0.31855225563049316,0.13198526203632355,0,"[3, 3, 3]","[32, 64, 128]",[128],6872552,bc11u17n2,550.8,trial_0111_learning_rate=5.0e-04_kernel_sizes=3x3x3_conv_channels=32x64x128_fc_dims=128_seed4,1415bd8150,trial_0111_learning_rate=5.0e-04_kernel_sizes=3x3x3_conv_channels=32x64x128_fc_dims=128_seed4
/scratch/sb272/patterns5k_results/slurm_base_cnn_2026-03-04_16-53-19/trial_0112_learning_rate=5.0e-04_kernel_sizes=3x3x3_conv_channels=32x64x128_fc_dims=256_seed0,cnn,0.16808848106861116,0.13378161779469183,0.022242614201136997,,,0.1395484835239524,84639,84639,50,0.4781349512318132,0,True,0.45456832695830385,0.27698069297478184,2,0.31855225563049316,0.13464611768722534,0,"[3, 3, 3]","[32, 64, 128]",[256],6872552,bc11u17n2,584.3,trial_0112_learning_rate=5.0e-04_kernel_sizes=3x3x3_conv_channels=32x64x128_fc_dims=256_seed0,0e3ef384f2,trial_0112_learning_rate=5.0e-04_kernel_sizes=3x3x3_conv_channels=32x64x128_fc_dims=256_seed0
/scratch/sb272/patterns5k_results/slurm_base_cnn_2026-03-04_16-53-19/trial_0112_learning_rate=5.0e-04_kernel_sizes=3x3x3_conv_channels=32x64x128_fc_dims=256_seed1,cnn,0.16846550893783568,0.13197629383791454,0.020533850268712118,,,0.14151315243950557,84639,84639,50,0.4940808679673203,0,True,0.45456832695830385,0.283484147529658,2,0.31855225563049316,0.13304321467876434,0,"[3, 3, 3]","[32, 64, 128]",[256],6872552,bc11u17n2,580.2,trial_0112_learning_rate=5.0e-04_kernel_sizes=3x3x3_conv_channels=32x64x128_fc_dims=256_seed1,0e3ef384f2,trial_0112_learning_rate=5.0e-04_kernel_sizes=3x3x3_conv_channels=32x64x128_fc_dims=256_seed1
/scratch/sb272/patterns5k_results/slurm_base_cnn_2026-03-04_16-53-19/trial_0112_learning_rate=5.0e-04_kernel_sizes=3x3x3_conv_channels=32x64x128_fc_dims=256_seed2,cnn,0.16821366000175475,0.13429386618511638,0.021753899634830536,,,0.1347228590375873,84639,84639,50,0.4772676004271411,0,True,0.45456832695830385,0.2780742444628222,1,0.31855225563049316,0.13574311137199402,0,"[3, 3, 3]","[32, 64, 128]",[256],6872552,bc11u17n2,582.7,trial_0112_learning_rate=5.0e-04_kernel_sizes=3x3x3_conv_channels=32x64x128_fc_dims=256_seed2,0e3ef384f2,trial_0112_learning_rate=5.0e-04_kernel_sizes=3x3x3_conv_channels=32x64x128_fc_dims=256_seed2
/scratch/sb272/patterns5k_results/slurm_base_cnn_2026-03-04_16-53-19/trial_0112_learning_rate=5.0e-04_kernel_sizes=3x3x3_conv_channels=32x64x128_fc_dims=256_seed3,cnn,0.16859939682483674,0.13377890475287585,0.020546685135553754,,,0.1366214173630213,84639,84639,50,0.4765700656849433,0,True,0.45456832695830385,0.2786663219838451,2,0.31855225563049316,0.1349434107542038,0,"[3, 3, 3]","[32, 64, 128]",[256],6872552,bc11u17n2,580.2,trial_0112_learning_rate=5.0e-04_kernel_sizes=3x3x3_conv_channels=32x64x128_fc_dims=256_seed3,0e3ef384f2,trial_0112_learning_rate=5.0e-04_kernel_sizes=3x3x3_conv_channels=32x64x128_fc_dims=256_seed3
/scratch/sb272/patterns5k_results/slurm_base_cnn_2026-03-04_16-53-19/trial_0112_learning_rate=5.0e-04_kernel_sizes=3x3x3_conv_channels=32x64x128_fc_dims=256_seed4,cnn,0.1680869207382202,0.13373044294262318,0.020927943880595858,,,0.1387640603231079,84639,84639,50,0.4819781111147183,0,True,0.45456832695830385,0.28222076862431944,1,0.31855225563049316,0.13470928370952606,0,"[3, 3, 3]","[32, 64, 128]",[256],6872552,bc11u17n2,507.2,trial_0112_learning_rate=5.0e-04_kernel_sizes=3x3x3_conv_channels=32x64x128_fc_dims=256_seed4,0e3ef384f2,trial_0112_learning_rate=5.0e-04_kernel_sizes=3x3x3_conv_channels=32x64x128_fc_dims=256_seed4
/scratch/sb272/patterns5k_results/slurm_base_cnn_2026-03-04_16-53-19/trial_0113_learning_rate=5.0e-04_kernel_sizes=5x3x3_conv_channels=64x128x256_fc_dims=256_seed0,cnn,0.16777069067955017,0.1389113064841956,0.023282435205247667,,,0.1433845988105905,219647,219647,50,0.4779402059818096,0,True,0.45456832695830385,0.27704835725088883,1,0.31855225563049316,0.13970334827899933,0,"[5, 3, 3]","[64, 128, 256]",[256],6872552,bc11u17n2,485.6,trial_0113_learning_rate=5.0e-04_kernel_sizes=5x3x3_conv_channels=64x128x256_fc_dims=256_seed0,d6944ab15b,trial_0113_learning_rate=5.0e-04_kernel_sizes=5x3x3_conv_channels=64x128x256_fc_dims=256_seed0
/scratch/sb272/patterns5k_results/slurm_base_cnn_2026-03-04_16-53-19/trial_0113_learning_rate=5.0e-04_kernel_sizes=5x3x3_conv_channels=64x128x256_fc_dims=256_seed1,cnn,0.16769244611263276,0.13780522818401117,0.022682398084610228,,,0.145066544962537,219647,219647,50,0.4898984373973155,0,True,0.45456832695830385,0.2845679018172015,1,0.31855225563049316,0.13906124234199524,0,"[5, 3, 3]","[64, 128, 256]",[256],6872552,bc11u17n2,473.5,trial_0113_learning_rate=5.0e-04_kernel_sizes=5x3x3_conv_channels=64x128x256_fc_dims=256_seed1,d6944ab15b,trial_0113_learning_rate=5.0e-04_kernel_sizes=5x3x3_conv_channels=64x128x256_fc_dims=256_seed1
/scratch/sb272/patterns5k_results/slurm_base_cnn_2026-03-04_16-53-19/trial_0113_learning_rate=5.0e-04_kernel_sizes=5x3x3_conv_channels=64x128x256_fc_dims=256_seed2,cnn,0.16791341388225556,0.13630936200151297,0.02154740738490271,,,0.1372387372892417,219647,219647,50,0.46768012369915035,0,True,0.45456832695830385,0.2731367442432209,2,0.31855225563049316,0.13705244660377502,0,"[5, 3, 3]","[64, 128, 256]",[256],6872552,bc11u17n2,482.6,trial_0113_learning_rate=5.0e-04_kernel_sizes=5x3x3_conv_channels=64x128x256_fc_dims=256_seed2,d6944ab15b,trial_0113_learning_rate=5.0e-04_kernel_sizes=5x3x3_conv_channels=64x128x256_fc_dims=256_seed2
/scratch/sb272/patterns5k_results/slurm_base_cnn_2026-03-04_16-53-19/trial_0113_learning_rate=5.0e-04_kernel_sizes=5x3x3_conv_channels=64x128x256_fc_dims=256_seed3,cnn,0.16816360533237457,0.13649160010679698,0.020747452501266722,,,0.13922524192916566,219647,219647,50,0.4896160017616517,0,True,0.45456832695830385,0.28408210595067934,3,0.31855225563049316,0.1373489499092102,0,"[5, 3, 3]","[64, 128, 256]",[256],6872552,bc11u17n2,482.2,trial_0113_learning_rate=5.0e-04_kernel_sizes=5x3x3_conv_channels=64x128x256_fc_dims=256_seed3,d6944ab15b,trial_0113_learning_rate=5.0e-04_kernel_sizes=5x3x3_conv_channels=64x128x256_fc_dims=256_seed3
/scratch/sb272/patterns5k_results/slurm_base_cnn_2026-03-04_16-53-19/trial_0113_learning_rate=5.0e-04_kernel_sizes=5x3x3_conv_channels=64x128x256_fc_dims=256_seed4,cnn,0.1679707806110382,0.13660712426098334,0.02175825928884839,,,0.1413045353620462,219647,219647,50,0.47811611142713306,0,True,0.45456832695830385,0.2774488621640657,1,0.31855225563049316,0.1371142864227295,0,"[5, 3, 3]","[64, 128, 256]",[256],6872552,bc11u17n2,491.0,trial_0113_learning_rate=5.0e-04_kernel_sizes=5x3x3_conv_channels=64x128x256_fc_dims=256_seed4,d6944ab15b,trial_0113_learning_rate=5.0e-04_kernel_sizes=5x3x3_conv_channels=64x128x256_fc_dims=256_seed4
/scratch/sb272/patterns5k_results/slurm_base_cnn_2026-03-04_16-53-19/trial_0114_learning_rate=5.0e-04_kernel_sizes=5x3x3_conv_channels=64x128x256_fc_dims=512_seed0,cnn,0.16797587966918945,0.1403340098162578,0.021959322785574293,,,0.14646297557301355,301567,301567,50,0.4884860234518438,0,True,0.45456832695830385,0.2829733686373227,2,0.31855225563049316,0.1410434991121292,0,"[5, 3, 3]","[64, 128, 256]",[512],6872552,bc11u17n2,548.8,trial_0114_learning_rate=5.0e-04_kernel_sizes=5x3x3_conv_channels=64x128x256_fc_dims=512_seed0,eb3c51948f,trial_0114_learning_rate=5.0e-04_kernel_sizes=5x3x3_conv_channels=64x128x256_fc_dims=512_seed0
/scratch/sb272/patterns5k_results/slurm_base_cnn_2026-03-04_16-53-19/trial_0114_learning_rate=5.0e-04_kernel_sizes=5x3x3_conv_channels=64x128x256_fc_dims=512_seed1,cnn,0.16794006586074828,0.13697929266630526,0.019466425691332136,,,0.1469642418953557,301567,301567,50,0.4923816138800178,0,True,0.45456832695830385,0.28269880042461737,2,0.31855225563049316,0.13700862228870392,0,"[5, 3, 3]","[64, 128, 256]",[512],6872552,bc11u17n2,531.4,trial_0114_learning_rate=5.0e-04_kernel_sizes=5x3x3_conv_channels=64x128x256_fc_dims=512_seed1,eb3c51948f,trial_0114_learning_rate=5.0e-04_kernel_sizes=5x3x3_conv_channels=64x128x256_fc_dims=512_seed1
/scratch/sb272/patterns5k_results/slurm_base_cnn_2026-03-04_16-53-19/trial_0114_learning_rate=5.0e-04_kernel_sizes=5x3x3_conv_channels=64x128x256_fc_dims=512_seed2,cnn,0.16778173100948335,0.13908482431251942,0.0205835085066538,,,0.14009465079654285,301567,301567,50,0.5055601470875047,0,True,0.45456832695830385,0.2902107433180983,2,0.31855225563049316,0.13980618119239807,0,"[5, 3, 3]","[64, 128, 256]",[512],6872552,bc11u17n2,537.6,trial_0114_learning_rate=5.0e-04_kernel_sizes=5x3x3_conv_channels=64x128x256_fc_dims=512_seed2,eb3c51948f,trial_0114_learning_rate=5.0e-04_kernel_sizes=5x3x3_conv_channels=64x128x256_fc_dims=512_seed2
/scratch/sb272/patterns5k_results/slurm_base_cnn_2026-03-04_16-53-19/trial_0114_learning_rate=5.0e-04_kernel_sizes=5x3x3_conv_channels=64x128x256_fc_dims=512_seed3,cnn,0.16775015556812287,0.14005018378881082,0.022023707155197386,,,0.14162463093511163,301567,301567,50,0.488407747782371,0,True,0.45456832695830385,0.28451670351680736,2,0.31855225563049316,0.1408626139163971,0,"[5, 3, 3]","[64, 128, 256]",[512],6872552,bc11u17n2,525.3,trial_0114_learning_rate=5.0e-04_kernel_sizes=5x3x3_conv_channels=64x128x256_fc_dims=512_seed3,eb3c51948f,trial_0114_learning_rate=5.0e-04_kernel_sizes=5x3x3_conv_channels=64x128x256_fc_dims=512_seed3
/scratch/sb272/patterns5k_results/slurm_base_cnn_2026-03-04_16-53-19/trial_0114_learning_rate=5.0e-04_kernel_sizes=5x3x3_conv_channels=64x128x256_fc_dims=512_seed4,cnn,0.16768997621536255,0.1421099367072071,0.02183242260463654,,,0.1433825394973532,301567,301567,50,0.5128221990155328,0,True,0.45456832695830385,0.2948005421417289,1,0.31855225563049316,0.14306315779685974,0,"[5, 3, 3]","[64, 128, 256]",[512],6872552,bc11u17n2,518.8,trial_0114_learning_rate=5.0e-04_kernel_sizes=5x3x3_conv_channels=64x128x256_fc_dims=512_seed4,eb3c51948f,trial_0114_learning_rate=5.0e-04_kernel_sizes=5x3x3_conv_channels=64x128x256_fc_dims=512_seed4
/scratch/sb272/patterns5k_results/slurm_base_cnn_2026-03-04_16-53-19/trial_0115_learning_rate=5.0e-04_kernel_sizes=5x3x3_conv_channels=64x128x256_fc_dims=1024_seed0,cnn,0.16826477241516113,0.14157411295212713,0.017938885423872206,,,0.14730548966045184,465407,465407,50,0.49463660296005957,0,True,0.45456832695830385,0.28679425426770894,0,0.31855225563049316,0.1421019732952118,0,"[5, 3, 3]","[64, 128, 256]",[1024],6872552,bc11u17n2,665.5,trial_0115_learning_rate=5.0e-04_kernel_sizes=5x3x3_conv_channels=64x128x256_fc_dims=1024_seed0,d1e4bcf16a,trial_0115_learning_rate=5.0e-04_kernel_sizes=5x3x3_conv_channels=64x128x256_fc_dims=1024_seed0
/scratch/sb272/patterns5k_results/slurm_base_cnn_2026-03-04_16-53-19/trial_0115_learning_rate=5.0e-04_kernel_sizes=5x3x3_conv_channels=64x128x256_fc_dims=1024_seed1,cnn,0.16789450335502626,0.14009356316134208,0.019270689714522587,,,0.14855456711724838,465407,465407,50,0.5126033854753334,0,True,0.45456832695830385,0.2942129639980124,1,0.31855225563049316,0.14037065207958221,0,"[5, 3, 3]","[64, 128, 256]",[1024],6872552,bc11u17n2,651.3,trial_0115_learning_rate=5.0e-04_kernel_sizes=5x3x3_conv_channels=64x128x256_fc_dims=1024_seed1,d1e4bcf16a,trial_0115_learning_rate=5.0e-04_kernel_sizes=5x3x3_conv_channels=64x128x256_fc_dims=1024_seed1
/scratch/sb272/patterns5k_results/slurm_base_cnn_2026-03-04_16-53-19/trial_0115_learning_rate=5.0e-04_kernel_sizes=5x3x3_conv_channels=64x128x256_fc_dims=1024_seed2,cnn,0.16786740458011626,0.13986868580371248,0.019657639283982533,,,0.140940755591955,465407,465407,50,0.4897241748086683,0,True,0.45456832695830385,0.28647542028662454,1,0.31855225563049316,0.13987606763839722,0,"[5, 3, 3]","[64, 128, 256]",[1024],6872552,bc11u17n2,652.8,trial_0115_learning_rate=5.0e-04_kernel_sizes=5x3x3_conv_channels=64x128x256_fc_dims=1024_seed2,d1e4bcf16a,trial_0115_learning_rate=5.0e-04_kernel_sizes=5x3x3_conv_channels=64x128x256_fc_dims=1024_seed2
/scratch/sb272/patterns5k_results/slurm_base_cnn_2026-03-04_16-53-19/trial_0115_learning_rate=5.0e-04_kernel_sizes=5x3x3_conv_channels=64x128x256_fc_dims=1024_seed3,cnn,0.16806532859802245,0.14357771207623202,0.019244708712138826,,,0.1426818718649762,465407,465407,50,0.5217782449947126,0,True,0.45456832695830385,0.3017879446839676,1,0.31855225563049316,0.14475677907466888,0,"[5, 3, 3]","[64, 128, 256]",[1024],6872552,bc11u17n2,710.4,trial_0115_learning_rate=5.0e-04_kernel_sizes=5x3x3_conv_channels=64x128x256_fc_dims=1024_seed3,d1e4bcf16a,trial_0115_learning_rate=5.0e-04_kernel_sizes=5x3x3_conv_channels=64x128x256_fc_dims=1024_seed3
/scratch/sb272/patterns5k_results/slurm_base_cnn_2026-03-04_16-53-19/trial_0115_learning_rate=5.0e-04_kernel_sizes=5x3x3_conv_channels=64x128x256_fc_dims=1024_seed4,cnn,0.16772956931591035,0.1422097069568178,0.019465952638595824,,,0.14426014624196226,465407,465407,50,0.5247936152810675,0,True,0.45456832695830385,0.3026869535135568,2,0.31855225563049316,0.14225159585475922,0,"[5, 3, 3]","[64, 128, 256]",[1024],6872552,bc11u17n2,1014.1,trial_0115_learning_rate=5.0e-04_kernel_sizes=5x3x3_conv_channels=64x128x256_fc_dims=1024_seed4,d1e4bcf16a,trial_0115_learning_rate=5.0e-04_kernel_sizes=5x3x3_conv_channels=64x128x256_fc_dims=1024_seed4
/scratch/sb272/patterns5k_results/slurm_base_cnn_2026-03-04_16-53-19/trial_0116_learning_rate=5.0e-04_kernel_sizes=3x3x3_conv_channels=128x128x128_fc_dims=256_seed0,cnn,0.16908455574512482,0.1291053701913952,0.01941582134791783,,,0.1371487941901529,164799,164799,46,0.44524242249234847,0,True,0.45456832695830385,0.26121441815608715,0,0.31855225563049316,0.12972420454025269,0,"[3, 3, 3]","[128, 128, 128]",[256],6872552,bc11u17n2,673.7,trial_0116_learning_rate=5.0e-04_kernel_sizes=3x3x3_conv_channels=128x128x128_fc_dims=256_seed0,fff195f54b,trial_0116_learning_rate=5.0e-04_kernel_sizes=3x3x3_conv_channels=128x128x128_fc_dims=256_seed0
/scratch/sb272/patterns5k_results/slurm_base_cnn_2026-03-04_16-53-19/trial_0116_learning_rate=5.0e-04_kernel_sizes=3x3x3_conv_channels=128x128x128_fc_dims=256_seed1,cnn,0.16934085083007813,0.1316831739531037,0.017267382334149074,,,0.13771316126179592,164799,164799,39,0.4555107976343654,0,True,0.45456832695830385,0.2669959710553669,2,0.31855225563049316,0.13241437077522278,0,"[3, 3, 3]","[128, 128, 128]",[256],6872552,bc11u17n2,615.2,trial_0116_learning_rate=5.0e-04_kernel_sizes=3x3x3_conv_channels=128x128x128_fc_dims=256_seed1,fff195f54b,trial_0116_learning_rate=5.0e-04_kernel_sizes=3x3x3_conv_channels=128x128x128_fc_dims=256_seed1
/scratch/sb272/patterns5k_results/slurm_base_cnn_2026-03-04_16-53-19/trial_0116_learning_rate=5.0e-04_kernel_sizes=3x3x3_conv_channels=128x128x128_fc_dims=256_seed2,cnn,0.1688725665807724,0.13045537282465566,0.01842428483660259,,,0.13085296034299493,164799,164799,39,0.47957476565472745,0,True,0.45456832695830385,0.2798879690072042,2,0.31855225563049316,0.1314832717180252,0,"[3, 3, 3]","[128, 128, 128]",[256],6872552,bc11u17n2,618.5,trial_0116_learning_rate=5.0e-04_kernel_sizes=3x3x3_conv_channels=128x128x128_fc_dims=256_seed2,fff195f54b,trial_0116_learning_rate=5.0e-04_kernel_sizes=3x3x3_conv_channels=128x128x128_fc_dims=256_seed2
/scratch/sb272/patterns5k_results/slurm_base_cnn_2026-03-04_16-53-19/trial_0116_learning_rate=5.0e-04_kernel_sizes=3x3x3_conv_channels=128x128x128_fc_dims=256_seed3,cnn,0.16887872672080995,0.13252032247138182,0.019361582067277696,,,0.13274664512132398,164799,164799,43,0.4751508024189427,0,True,0.45456832695830385,0.27822180207120156,1,0.31855225563049316,0.13353794813156128,0,"[3, 3, 3]","[128, 128, 128]",[256],6872552,bc11u17n2,649.6,trial_0116_learning_rate=5.0e-04_kernel_sizes=3x3x3_conv_channels=128x128x128_fc_dims=256_seed3,fff195f54b,trial_0116_learning_rate=5.0e-04_kernel_sizes=3x3x3_conv_channels=128x128x128_fc_dims=256_seed3
/scratch/sb272/patterns5k_results/slurm_base_cnn_2026-03-04_16-53-19/trial_0116_learning_rate=5.0e-04_kernel_sizes=3x3x3_conv_channels=128x128x128_fc_dims=256_seed4,cnn,0.1684900860786438,0.1354551816965313,0.020384522657545787,,,0.13399061003478713,164799,164799,50,0.48479448131932407,0,True,0.45456832695830385,0.2837713370060272,1,0.31855225563049316,0.13598936796188354,0,"[3, 3, 3]","[128, 128, 128]",[256],6872552,bc11u17n2,703.1,trial_0116_learning_rate=5.0e-04_kernel_sizes=3x3x3_conv_channels=128x128x128_fc_dims=256_seed4,fff195f54b,trial_0116_learning_rate=5.0e-04_kernel_sizes=3x3x3_conv_channels=128x128x128_fc_dims=256_seed4
/scratch/sb272/patterns5k_results/slurm_base_cnn_2026-03-04_16-53-19/trial_0117_learning_rate=5.0e-04_kernel_sizes=3x3x3_conv_channels=128x128x128_fc_dims=512_seed0,cnn,0.1692535321712494,0.13131304711298492,0.015541900718022906,,,0.14036691951896013,213951,213951,50,0.4884708310294032,0,True,0.45456832695830385,0.28224564288950016,2,0.31855225563049316,0.13200128078460693,0,"[3, 3, 3]","[128, 128, 128]",[512],6872552,bc11u17n2,761.6,trial_0117_learning_rate=5.0e-04_kernel_sizes=3x3x3_conv_channels=128x128x128_fc_dims=512_seed0,bd72a17adf,trial_0117_learning_rate=5.0e-04_kernel_sizes=3x3x3_conv_channels=128x128x128_fc_dims=512_seed0
/scratch/sb272/patterns5k_results/slurm_base_cnn_2026-03-04_16-53-19/trial_0117_learning_rate=5.0e-04_kernel_sizes=3x3x3_conv_channels=128x128x128_fc_dims=512_seed1,cnn,0.1690504002571106,0.13176273241960074,0.01736258892785935,,,0.14188467085241363,213951,213951,40,0.46263690819089226,0,True,0.45456832695830385,0.27112497174715483,1,0.31855225563049316,0.13218599557876587,0,"[3, 3, 3]","[128, 128, 128]",[512],6872552,bc11u17n2,660.8,trial_0117_learning_rate=5.0e-04_kernel_sizes=3x3x3_conv_channels=128x128x128_fc_dims=512_seed1,bd72a17adf,trial_0117_learning_rate=5.0e-04_kernel_sizes=3x3x3_conv_channels=128x128x128_fc_dims=512_seed1
/scratch/sb272/patterns5k_results/slurm_base_cnn_2026-03-04_16-53-19/trial_0117_learning_rate=5.0e-04_kernel_sizes=3x3x3_conv_channels=128x128x128_fc_dims=512_seed2,cnn,0.1689873356819153,0.132718101491256,0.016273973480103506,,,0.13417076137141876,213951,213951,42,0.4779888854700253,0,True,0.45456832695830385,0.27652114638833114,2,0.31855225563049316,0.13298355042934418,0,"[3, 3, 3]","[128, 128, 128]",[512],6872552,bc11u17n2,693.7,trial_0117_learning_rate=5.0e-04_kernel_sizes=3x3x3_conv_channels=128x128x128_fc_dims=512_seed2,bd72a17adf,trial_0117_learning_rate=5.0e-04_kernel_sizes=3x3x3_conv_channels=128x128x128_fc_dims=512_seed2
/scratch/sb272/patterns5k_results/slurm_base_cnn_2026-03-04_16-53-19/trial_0117_learning_rate=5.0e-04_kernel_sizes=3x3x3_conv_channels=128x128x128_fc_dims=512_seed3,cnn,0.16831465518474578,0.13563274182309348,0.02089963262043302,,,0.13532696800380564,213951,213951,42,0.5093030697682578,0,True,0.45456832695830385,0.2934461871548945,2,0.31855225563049316,0.13630418479442596,0,"[3, 3, 3]","[128, 128, 128]",[512],6872552,bc11u17n2,692.2,trial_0117_learning_rate=5.0e-04_kernel_sizes=3x3x3_conv_channels=128x128x128_fc_dims=512_seed3,bd72a17adf,trial_0117_learning_rate=5.0e-04_kernel_sizes=3x3x3_conv_channels=128x128x128_fc_dims=512_seed3
/scratch/sb272/patterns5k_results/slurm_base_cnn_2026-03-04_16-53-19/trial_0117_learning_rate=5.0e-04_kernel_sizes=3x3x3_conv_channels=128x128x128_fc_dims=512_seed4,cnn,0.1689257652759552,0.1311962170481269,0.016102846652742416,,,0.13641382815598524,213951,213951,42,0.5006366219197934,0,True,0.45456832695830385,0.28869612199360595,2,0.31855225563049316,0.13189001381397247,0,"[3, 3, 3]","[128, 128, 128]",[512],6872552,bc11u17n2,691.0,trial_0117_learning_rate=5.0e-04_kernel_sizes=3x3x3_conv_channels=128x128x128_fc_dims=512_seed4,bd72a17adf,trial_0117_learning_rate=5.0e-04_kernel_sizes=3x3x3_conv_channels=128x128x128_fc_dims=512_seed4
/scratch/sb272/patterns5k_results/slurm_base_cnn_2026-03-04_16-53-19/trial_0118_learning_rate=5.0e-04_kernel_sizes=3x3x3_conv_channels=256x256x256_fc_dims=512_seed0,cnn,0.16926994466781617,0.13529976513710487,0.014230953322516548,,,0.13882949840357925,591679,591679,33,0.48379209874449547,0,True,0.45456832695830385,0.28292342949356164,0,0.31855225563049316,0.13545891642570496,0,"[3, 3, 3]","[256, 256, 256]",[512],6872552,bc11u17n2,859.2,trial_0118_learning_rate=5.0e-04_kernel_sizes=3x3x3_conv_channels=256x256x256_fc_dims=512_seed0,6176d37e84,trial_0118_learning_rate=5.0e-04_kernel_sizes=3x3x3_conv_channels=256x256x256_fc_dims=512_seed0
/scratch/sb272/patterns5k_results/slurm_base_cnn_2026-03-04_16-53-19/trial_0118_learning_rate=5.0e-04_kernel_sizes=3x3x3_conv_channels=256x256x256_fc_dims=512_seed1,cnn,0.1688116443157196,0.13098523159795977,0.019050114684634738,,,0.1390905338291746,591679,591679,29,0.4859834159722759,0,True,0.45456832695830385,0.28611412014732956,1,0.31855225563049316,0.1315493881702423,0,"[3, 3, 3]","[256, 256, 256]",[512],6872552,bc11u17n2,790.5,trial_0118_learning_rate=5.0e-04_kernel_sizes=3x3x3_conv_channels=256x256x256_fc_dims=512_seed1,6176d37e84,trial_0118_learning_rate=5.0e-04_kernel_sizes=3x3x3_conv_channels=256x256x256_fc_dims=512_seed1
/scratch/sb272/patterns5k_results/slurm_base_cnn_2026-03-04_16-53-19/trial_0118_learning_rate=5.0e-04_kernel_sizes=3x3x3_conv_channels=256x256x256_fc_dims=512_seed2,cnn,0.1684981973171234,0.1354248903301181,0.01919709595422896,,,0.13339658673631108,591679,591679,35,0.5054820105840829,0,True,0.45456832695830385,0.2913506007687071,2,0.31855225563049316,0.1357167512178421,0,"[3, 3, 3]","[256, 256, 256]",[512],6872552,bc11u17n2,897.3,trial_0118_learning_rate=5.0e-04_kernel_sizes=3x3x3_conv_channels=256x256x256_fc_dims=512_seed2,6176d37e84,trial_0118_learning_rate=5.0e-04_kernel_sizes=3x3x3_conv_channels=256x256x256_fc_dims=512_seed2
/scratch/sb272/patterns5k_results/slurm_base_cnn_2026-03-04_16-53-19/trial_0120_learning_rate=1.0e-03_kernel_sizes=3x3_conv_channels=64x128_fc_dims=128_seed0,cnn,0.1684755427837372,0.13767543798309909,0.022432033977811298,,,0.13714188776512037,57855,57855,50,0.48062586014182734,0,True,0.45456832695830385,0.28431461708023337,1,0.31855225563049316,0.1389305740594864,0,"[3, 3]","[64, 128]",[128],6872553,bc11u19n1,513.2,trial_0120_learning_rate=1.0e-03_kernel_sizes=3x3_conv_channels=64x128_fc_dims=128_seed0,6be0cb4dcf,trial_0120_learning_rate=1.0e-03_kernel_sizes=3x3_conv_channels=64x128_fc_dims=128_seed0
/scratch/sb272/patterns5k_results/slurm_base_cnn_2026-03-04_16-53-19/trial_0120_learning_rate=1.0e-03_kernel_sizes=3x3_conv_channels=64x128_fc_dims=128_seed1,cnn,0.16872445893287658,0.13312240990424634,0.021436983630770727,,,0.14000519191594413,57855,57855,50,0.4705685382483996,0,True,0.45456832695830385,0.2777751853638162,1,0.31855225563049316,0.13417232036590576,0,"[3, 3]","[64, 128]",[128],6872553,bc11u19n1,505.5,trial_0120_learning_rate=1.0e-03_kernel_sizes=3x3_conv_channels=64x128_fc_dims=128_seed1,6be0cb4dcf,trial_0120_learning_rate=1.0e-03_kernel_sizes=3x3_conv_channels=64x128_fc_dims=128_seed1
/scratch/sb272/patterns5k_results/slurm_base_cnn_2026-03-04_16-53-19/trial_0120_learning_rate=1.0e-03_kernel_sizes=3x3_conv_channels=64x128_fc_dims=128_seed2,cnn,0.16924434888362885,0.13506907310275792,0.01983155049974956,,,0.132647461438416,57855,57855,43,0.47825838798597586,0,True,0.45456832695830385,0.28216339355044956,1,0.31855225563049316,0.13621816039085388,0,"[3, 3]","[64, 128]",[128],6872553,bc11u19n1,473.4,trial_0120_learning_rate=1.0e-03_kernel_sizes=3x3_conv_channels=64x128_fc_dims=128_seed2,6be0cb4dcf,trial_0120_learning_rate=1.0e-03_kernel_sizes=3x3_conv_channels=64x128_fc_dims=128_seed2
/scratch/sb272/patterns5k_results/slurm_base_cnn_2026-03-04_16-53-19/trial_0120_learning_rate=1.0e-03_kernel_sizes=3x3_conv_channels=64x128_fc_dims=128_seed3,cnn,0.1686850781440735,0.13417093348564973,0.02136967863355364,,,0.13444464427308525,57855,57855,50,0.4652088133151963,0,True,0.45456832695830385,0.2757011247535348,1,0.31855225563049316,0.13547925651073456,0,"[3, 3]","[64, 128]",[128],6872553,bc11u19n1,502.5,trial_0120_learning_rate=1.0e-03_kernel_sizes=3x3_conv_channels=64x128_fc_dims=128_seed3,6be0cb4dcf,trial_0120_learning_rate=1.0e-03_kernel_sizes=3x3_conv_channels=64x128_fc_dims=128_seed3
/scratch/sb272/patterns5k_results/slurm_base_cnn_2026-03-04_16-53-19/trial_0120_learning_rate=1.0e-03_kernel_sizes=3x3_conv_channels=64x128_fc_dims=128_seed4,cnn,0.16847592902183534,0.13468923883488268,0.021245844780452668,,,0.1349873227038567,57855,57855,50,0.4742243446518926,0,True,0.45456832695830385,0.27923809343384287,2,0.31855225563049316,0.13551224768161774,0,"[3, 3]","[64, 128]",[128],6872553,bc11u19n1,481.8,trial_0120_learning_rate=1.0e-03_kernel_sizes=3x3_conv_channels=64x128_fc_dims=128_seed4,6be0cb4dcf,trial_0120_learning_rate=1.0e-03_kernel_sizes=3x3_conv_channels=64x128_fc_dims=128_seed4
/scratch/sb272/patterns5k_results/slurm_base_cnn_2026-03-04_16-53-19/trial_0121_learning_rate=1.0e-03_kernel_sizes=3x3_conv_channels=64x128_fc_dims=256_seed0,cnn,0.16929577004909516,0.1382634565101993,0.01936755861554827,,,0.14029055167503762,82431,82431,47,0.4897737879052746,0,True,0.45456832695830385,0.28737210847817135,1,0.31855225563049316,0.139483243227005,0,"[3, 3]","[64, 128]",[256],6872553,bc11u19n1,518.8,trial_0121_learning_rate=1.0e-03_kernel_sizes=3x3_conv_channels=64x128_fc_dims=256_seed0,eb6b9cd341,trial_0121_learning_rate=1.0e-03_kernel_sizes=3x3_conv_channels=64x128_fc_dims=256_seed0
/scratch/sb272/patterns5k_results/slurm_base_cnn_2026-03-04_16-53-19/trial_0121_learning_rate=1.0e-03_kernel_sizes=3x3_conv_channels=64x128_fc_dims=256_seed1,cnn,0.16923817229270935,0.13526831698025985,0.019447488444192067,,,0.14157165614939102,82431,82431,50,0.4993337286407145,0,True,0.45456832695830385,0.29318135797029254,1,0.31855225563049316,0.13635458052158356,0,"[3, 3]","[64, 128]",[256],6872553,bc11u19n1,536.9,trial_0121_learning_rate=1.0e-03_kernel_sizes=3x3_conv_channels=64x128_fc_dims=256_seed1,eb6b9cd341,trial_0121_learning_rate=1.0e-03_kernel_sizes=3x3_conv_channels=64x128_fc_dims=256_seed1
/scratch/sb272/patterns5k_results/slurm_base_cnn_2026-03-04_16-53-19/trial_0121_learning_rate=1.0e-03_kernel_sizes=3x3_conv_channels=64x128_fc_dims=256_seed2,cnn,0.1686802659034729,0.1393050964674485,0.021569320133754184,,,0.13583319439720962,82431,82431,50,0.4940818693326664,0,True,0.45456832695830385,0.29035255408969596,1,0.31855225563049316,0.14065223932266235,0,"[3, 3]","[64, 128]",[256],6872553,bc11u19n1,535.9,trial_0121_learning_rate=1.0e-03_kernel_sizes=3x3_conv_channels=64x128_fc_dims=256_seed2,eb6b9cd341,trial_0121_learning_rate=1.0e-03_kernel_sizes=3x3_conv_channels=64x128_fc_dims=256_seed2
/scratch/sb272/patterns5k_results/slurm_base_cnn_2026-03-04_16-53-19/trial_0121_learning_rate=1.0e-03_kernel_sizes=3x3_conv_channels=64x128_fc_dims=256_seed3,cnn,0.16860271775722505,0.13787145898968656,0.021794825319259886,,,0.13697199861761583,82431,82431,50,0.5138232220871589,0,True,0.45456832695830385,0.3000615578235599,2,0.31855225563049316,0.13955339789390564,0,"[3, 3]","[64, 128]",[256],6872553,bc11u19n1,537.5,trial_0121_learning_rate=1.0e-03_kernel_sizes=3x3_conv_channels=64x128_fc_dims=256_seed3,eb6b9cd341,trial_0121_learning_rate=1.0e-03_kernel_sizes=3x3_conv_channels=64x128_fc_dims=256_seed3
/scratch/sb272/patterns5k_results/slurm_base_cnn_2026-03-04_16-53-19/trial_0121_learning_rate=1.0e-03_kernel_sizes=3x3_conv_channels=64x128_fc_dims=256_seed4,cnn,0.16888397884368897,0.13748152848854145,0.02105480054068187,,,0.1391259574389778,82431,82431,50,0.5190772369965819,0,True,0.45456832695830385,0.3024572117112098,2,0.31855225563049316,0.13895469903945923,0,"[3, 3]","[64, 128]",[256],6872553,bc11u19n1,533.6,trial_0121_learning_rate=1.0e-03_kernel_sizes=3x3_conv_channels=64x128_fc_dims=256_seed4,eb6b9cd341,trial_0121_learning_rate=1.0e-03_kernel_sizes=3x3_conv_channels=64x128_fc_dims=256_seed4
/scratch/sb272/patterns5k_results/slurm_base_cnn_2026-03-04_16-53-19/trial_0122_learning_rate=1.0e-03_kernel_sizes=3x3_conv_channels=64x128_fc_dims=512_seed0,cnn,0.16948075878620147,0.13692035014362866,0.01820226131923615,,,0.14204005974982048,131583,131583,44,0.5071316302284495,0,True,0.45456832695830385,0.29552651395794977,1,0.31855225563049316,0.1380167007446289,0,"[3, 3]","[64, 128]",[512],6872553,bc11u19n1,553.0,trial_0122_learning_rate=1.0e-03_kernel_sizes=3x3_conv_channels=64x128_fc_dims=512_seed0,6337f47ed0,trial_0122_learning_rate=1.0e-03_kernel_sizes=3x3_conv_channels=64x128_fc_dims=512_seed0
/scratch/sb272/patterns5k_results/slurm_base_cnn_2026-03-04_16-53-19/trial_0122_learning_rate=1.0e-03_kernel_sizes=3x3_conv_channels=64x128_fc_dims=512_seed1,cnn,0.16907536578178406,0.1375705275278125,0.019768065876430936,,,0.14218715587517536,131583,131583,49,0.5021808397786439,0,True,0.45456832695830385,0.296455056425977,1,0.31855225563049316,0.13883623480796814,0,"[3, 3]","[64, 128]",[512],6872553,bc11u19n1,579.3,trial_0122_learning_rate=1.0e-03_kernel_sizes=3x3_conv_channels=64x128_fc_dims=512_seed1,6337f47ed0,trial_0122_learning_rate=1.0e-03_kernel_sizes=3x3_conv_channels=64x128_fc_dims=512_seed1
/scratch/sb272/patterns5k_results/slurm_base_cnn_2026-03-04_16-53-19/trial_0122_learning_rate=1.0e-03_kernel_sizes=3x3_conv_channels=64x128_fc_dims=512_seed2,cnn,0.16886523628234865,0.1395352007652825,0.019811503470890106,,,0.13653627881884559,131583,131583,50,0.5175207958474501,0,True,0.45456832695830385,0.3017541470758484,1,0.31855225563049316,0.1408136934041977,0,"[3, 3]","[64, 128]",[512],6872553,bc11u19n1,588.4,trial_0122_learning_rate=1.0e-03_kernel_sizes=3x3_conv_channels=64x128_fc_dims=512_seed2,6337f47ed0,trial_0122_learning_rate=1.0e-03_kernel_sizes=3x3_conv_channels=64x128_fc_dims=512_seed2
/scratch/sb272/patterns5k_results/slurm_base_cnn_2026-03-04_16-53-19/trial_0122_learning_rate=1.0e-03_kernel_sizes=3x3_conv_channels=64x128_fc_dims=512_seed3,cnn,0.16926131081581117,0.13843711868428277,0.019161969896346803,,,0.13769003163145668,131583,131583,50,0.5121779632590296,0,True,0.45456832695830385,0.30045665927012005,2,0.31855225563049316,0.13975659012794495,0,"[3, 3]","[64, 128]",[512],6872553,bc11u19n1,589.9,trial_0122_learning_rate=1.0e-03_kernel_sizes=3x3_conv_channels=64x128_fc_dims=512_seed3,6337f47ed0,trial_0122_learning_rate=1.0e-03_kernel_sizes=3x3_conv_channels=64x128_fc_dims=512_seed3
/scratch/sb272/patterns5k_results/slurm_base_cnn_2026-03-04_16-53-19/trial_0122_learning_rate=1.0e-03_kernel_sizes=3x3_conv_channels=64x128_fc_dims=512_seed4,cnn,0.16827674973011017,0.13930122509945064,0.022407086122603642,,,0.14013497710095074,131583,131583,47,0.5026858318822132,0,True,0.45456832695830385,0.29442016705729773,1,0.31855225563049316,0.14095333218574524,0,"[3, 3]","[64, 128]",[512],6872553,bc11u19n1,561.7,trial_0122_learning_rate=1.0e-03_kernel_sizes=3x3_conv_channels=64x128_fc_dims=512_seed4,6337f47ed0,trial_0122_learning_rate=1.0e-03_kernel_sizes=3x3_conv_channels=64x128_fc_dims=512_seed4
/scratch/sb272/patterns5k_results/slurm_base_cnn_2026-03-04_16-53-19/trial_0123_learning_rate=1.0e-03_kernel_sizes=5x3_conv_channels=128x256_fc_dims=256_seed0,cnn,0.16922380197048187,0.13551651020516084,0.016163948982480972,,,0.1381266722214732,208319,208319,35,0.48906368841831016,0,True,0.45456832695830385,0.28748354909554147,1,0.31855225563049316,0.13608190417289734,0,"[5, 3]","[128, 256]",[256],6872553,bc11u19n1,551.3,trial_0123_learning_rate=1.0e-03_kernel_sizes=5x3_conv_channels=128x256_fc_dims=256_seed0,f7d8007e2f,trial_0123_learning_rate=1.0e-03_kernel_sizes=5x3_conv_channels=128x256_fc_dims=256_seed0
/scratch/sb272/patterns5k_results/slurm_base_cnn_2026-03-04_16-53-19/trial_0123_learning_rate=1.0e-03_kernel_sizes=5x3_conv_channels=128x256_fc_dims=256_seed1,cnn,0.16938236320018768,0.1351995012115135,0.016572992006937664,,,0.14108584077304048,208319,208319,33,0.4875486974502451,0,True,0.45456832695830385,0.2866532405070668,1,0.31855225563049316,0.13631024956703186,0,"[5, 3]","[128, 256]",[256],6872553,bc11u19n1,533.8,trial_0123_learning_rate=1.0e-03_kernel_sizes=5x3_conv_channels=128x256_fc_dims=256_seed1,f7d8007e2f,trial_0123_learning_rate=1.0e-03_kernel_sizes=5x3_conv_channels=128x256_fc_dims=256_seed1
/scratch/sb272/patterns5k_results/slurm_base_cnn_2026-03-04_16-53-19/trial_0123_learning_rate=1.0e-03_kernel_sizes=5x3_conv_channels=128x256_fc_dims=256_seed2,cnn,0.1718742879629135,0.13450304924352266,0.006310709885188511,,,0.13312696677181013,208319,208319,34,0.48449816313699295,0,True,0.45456832695830385,0.28646256588868924,1,0.31855225563049316,0.13528822362422943,0,"[5, 3]","[128, 256]",[256],6872553,bc11u19n1,541.5,trial_0123_learning_rate=1.0e-03_kernel_sizes=5x3_conv_channels=128x256_fc_dims=256_seed2,f7d8007e2f,trial_0123_learning_rate=1.0e-03_kernel_sizes=5x3_conv_channels=128x256_fc_dims=256_seed2
/scratch/sb272/patterns5k_results/slurm_base_cnn_2026-03-04_16-53-19/trial_0123_learning_rate=1.0e-03_kernel_sizes=5x3_conv_channels=128x256_fc_dims=256_seed3,cnn,0.1704619458913803,0.13183066772444382,0.009930070430513412,,,0.13418866738145843,208319,208319,40,0.4632360040282633,0,True,0.45456832695830385,0.2738407270252726,1,0.31855225563049316,0.1325370967388153,0,"[5, 3]","[128, 256]",[256],6872553,bc11u19n1,590.5,trial_0123_learning_rate=1.0e-03_kernel_sizes=5x3_conv_channels=128x256_fc_dims=256_seed3,f7d8007e2f,trial_0123_learning_rate=1.0e-03_kernel_sizes=5x3_conv_channels=128x256_fc_dims=256_seed3
/scratch/sb272/patterns5k_results/slurm_base_cnn_2026-03-04_16-53-19/trial_0123_learning_rate=1.0e-03_kernel_sizes=5x3_conv_channels=128x256_fc_dims=256_seed4,cnn,0.16964060187339783,0.13414410936777987,0.013623527118137904,,,0.1351761601609985,208319,208319,36,0.48955278473304875,0,True,0.45456832695830385,0.28702744512914424,1,0.31855225563049316,0.13523250818252563,0,"[5, 3]","[128, 256]",[256],6872553,bc11u19n1,562.0,trial_0123_learning_rate=1.0e-03_kernel_sizes=5x3_conv_channels=128x256_fc_dims=256_seed4,f7d8007e2f,trial_0123_learning_rate=1.0e-03_kernel_sizes=5x3_conv_channels=128x256_fc_dims=256_seed4
/scratch/sb272/patterns5k_results/slurm_base_cnn_2026-03-04_16-53-19/trial_0124_learning_rate=1.0e-03_kernel_sizes=5x3_conv_channels=128x256_fc_dims=512_seed0,cnn,0.17026513183116912,0.13607596433119754,0.011334375729636541,,,0.13826532525131785,290239,290239,33,0.4790455094513684,0,True,0.45456832695830385,0.28204414305166625,1,0.31855225563049316,0.13679413497447968,0,"[5, 3]","[128, 256]",[512],6872553,bc11u19n1,593.7,trial_0124_learning_rate=1.0e-03_kernel_sizes=5x3_conv_channels=128x256_fc_dims=512_seed0,2403fb3f65,trial_0124_learning_rate=1.0e-03_kernel_sizes=5x3_conv_channels=128x256_fc_dims=512_seed0
/scratch/sb272/patterns5k_results/slurm_base_cnn_2026-03-04_16-53-19/trial_0124_learning_rate=1.0e-03_kernel_sizes=5x3_conv_channels=128x256_fc_dims=512_seed1,cnn,0.16983131480216979,0.1368082897668023,0.014083241659497458,,,0.140963341985762,290239,290239,31,0.5040334314826499,0,True,0.45456832695830385,0.2962022277270496,1,0.31855225563049316,0.1378858983516693,0,"[5, 3]","[128, 256]",[512],6872553,bc11u19n1,569.9,trial_0124_learning_rate=1.0e-03_kernel_sizes=5x3_conv_channels=128x256_fc_dims=512_seed1,2403fb3f65,trial_0124_learning_rate=1.0e-03_kernel_sizes=5x3_conv_channels=128x256_fc_dims=512_seed1
/scratch/sb272/patterns5k_results/slurm_base_cnn_2026-03-04_16-53-19/trial_0124_learning_rate=1.0e-03_kernel_sizes=5x3_conv_channels=128x256_fc_dims=512_seed2,cnn,0.16913388252258302,0.13651738844018957,0.01628376661785065,,,0.13535872668689677,290239,290239,37,0.49513612825224684,0,True,0.45456832695830385,0.2905530928659483,1,0.31855225563049316,0.13748852908611298,0,"[5, 3]","[128, 256]",[512],6872553,bc11u19n1,627.2,trial_0124_learning_rate=1.0e-03_kernel_sizes=5x3_conv_channels=128x256_fc_dims=512_seed2,2403fb3f65,trial_0124_learning_rate=1.0e-03_kernel_sizes=5x3_conv_channels=128x256_fc_dims=512_seed2
/scratch/sb272/patterns5k_results/slurm_base_cnn_2026-03-04_16-53-19/trial_0124_learning_rate=1.0e-03_kernel_sizes=5x3_conv_channels=128x256_fc_dims=512_seed3,cnn,0.17054294097423553,0.13780051295151086,0.010118173228369819,,,0.1362696943565561,290239,290239,32,0.5014497737382637,0,True,0.45456832695830385,0.29604096407247427,1,0.31855225563049316,0.13933256268501282,0,"[5, 3]","[128, 256]",[512],6872553,bc11u19n1,577.9,trial_0124_learning_rate=1.0e-03_kernel_sizes=5x3_conv_channels=128x256_fc_dims=512_seed3,2403fb3f65,trial_0124_learning_rate=1.0e-03_kernel_sizes=5x3_conv_channels=128x256_fc_dims=512_seed3
/scratch/sb272/patterns5k_results/slurm_base_cnn_2026-03-04_16-53-19/trial_0124_learning_rate=1.0e-03_kernel_sizes=5x3_conv_channels=128x256_fc_dims=512_seed4,cnn,0.16998553216457368,0.13542049182943555,0.009648552962711878,,,0.1373545292663879,290239,290239,43,0.5010076599875375,0,True,0.45456832695830385,0.29281312378904456,1,0.31855225563049316,0.1359395831823349,0,"[5, 3]","[128, 256]",[512],6872553,bc11u19n1,685.1,trial_0124_learning_rate=1.0e-03_kernel_sizes=5x3_conv_channels=128x256_fc_dims=512_seed4,2403fb3f65,trial_0124_learning_rate=1.0e-03_kernel_sizes=5x3_conv_channels=128x256_fc_dims=512_seed4
/scratch/sb272/patterns5k_results/slurm_base_cnn_2026-03-04_16-53-19/trial_0125_learning_rate=1.0e-03_kernel_sizes=5x3_conv_channels=128x256_fc_dims=1024_seed0,cnn,0.17185512053966523,0.13588898744956246,0.0010658464734516447,,,0.1393705559199917,454079,454079,29,0.4798745914112562,0,True,0.45456832695830385,0.28435568611823636,1,0.31855225563049316,0.13617929816246033,0,"[5, 3]","[128, 256]",[1024],6872553,bc11u19n1,652.6,trial_0125_learning_rate=1.0e-03_kernel_sizes=5x3_conv_channels=128x256_fc_dims=1024_seed0,07cadbd6f5,trial_0125_learning_rate=1.0e-03_kernel_sizes=5x3_conv_channels=128x256_fc_dims=1024_seed0
/scratch/sb272/patterns5k_results/slurm_base_cnn_2026-03-04_16-53-19/trial_0125_learning_rate=1.0e-03_kernel_sizes=5x3_conv_channels=128x256_fc_dims=1024_seed1,cnn,0.17087965714931488,0.13576858339986497,0.0069866568323165654,,,0.14056037762216878,454079,454079,31,0.4983875147446568,0,True,0.45456832695830385,0.2901181761986348,1,0.31855225563049316,0.13648588955402374,0,"[5, 3]","[128, 256]",[1024],6872553,bc11u19n1,670.0,trial_0125_learning_rate=1.0e-03_kernel_sizes=5x3_conv_channels=128x256_fc_dims=1024_seed1,07cadbd6f5,trial_0125_learning_rate=1.0e-03_kernel_sizes=5x3_conv_channels=128x256_fc_dims=1024_seed1
/scratch/sb272/patterns5k_results/slurm_base_cnn_2026-03-04_16-53-19/trial_0125_learning_rate=1.0e-03_kernel_sizes=5x3_conv_channels=128x256_fc_dims=1024_seed2,cnn,0.17127872109413148,0.13647423658484265,0.0045081064814612975,,,0.13500238045855895,454079,454079,35,0.5014096476089067,0,True,0.45456832695830385,0.29092395820206846,1,0.31855225563049316,0.13704222440719604,0,"[5, 3]","[128, 256]",[1024],6872553,bc11u19n1,717.5,trial_0125_learning_rate=1.0e-03_kernel_sizes=5x3_conv_channels=128x256_fc_dims=1024_seed2,07cadbd6f5,trial_0125_learning_rate=1.0e-03_kernel_sizes=5x3_conv_channels=128x256_fc_dims=1024_seed2
/scratch/sb272/patterns5k_results/slurm_base_cnn_2026-03-04_16-53-19/trial_0125_learning_rate=1.0e-03_kernel_sizes=5x3_conv_channels=128x256_fc_dims=1024_seed3,cnn,0.17101309335231782,0.13799721197753975,0.007499568992190891,,,0.13576638296572477,454079,454079,29,0.49752636484177853,0,True,0.45456832695830385,0.29180261728512596,1,0.31855225563049316,0.13902398943901062,0,"[5, 3]","[128, 256]",[1024],6872553,bc11u19n1,647.5,trial_0125_learning_rate=1.0e-03_kernel_sizes=5x3_conv_channels=128x256_fc_dims=1024_seed3,07cadbd6f5,trial_0125_learning_rate=1.0e-03_kernel_sizes=5x3_conv_channels=128x256_fc_dims=1024_seed3
/scratch/sb272/patterns5k_results/slurm_base_cnn_2026-03-04_16-53-19/trial_0125_learning_rate=1.0e-03_kernel_sizes=5x3_conv_channels=128x256_fc_dims=1024_seed4,cnn,0.17006996572017669,0.13645025953535533,0.009230361098334902,,,0.13707286234414315,454079,454079,35,0.5042163939608016,0,True,0.45456832695830385,0.2962953634823432,1,0.31855225563049316,0.1373855471611023,0,"[5, 3]","[128, 256]",[1024],6872553,bc11u19n1,719.4,trial_0125_learning_rate=1.0e-03_kernel_sizes=5x3_conv_channels=128x256_fc_dims=1024_seed4,07cadbd6f5,trial_0125_learning_rate=1.0e-03_kernel_sizes=5x3_conv_channels=128x256_fc_dims=1024_seed4
/scratch/sb272/patterns5k_results/slurm_base_cnn_2026-03-04_16-53-19/trial_0126_learning_rate=1.0e-03_kernel_sizes=3x3x3_conv_channels=32x64x128_fc_dims=128_seed0,cnn,0.16817957675457001,0.13236373023430287,0.021750484194074358,,,0.13856567120410268,60063,60063,50,0.46319784457473523,0,True,0.45456832695830385,0.26992538042951914,2,0.31855225563049316,0.13318009674549103,0,"[3, 3, 3]","[32, 64, 128]",[128],6872553,bc11u19n1,529.3,trial_0126_learning_rate=1.0e-03_kernel_sizes=3x3x3_conv_channels=32x64x128_fc_dims=128_seed0,70d71ad64f,trial_0126_learning_rate=1.0e-03_kernel_sizes=3x3x3_conv_channels=32x64x128_fc_dims=128_seed0
/scratch/sb272/patterns5k_results/slurm_base_cnn_2026-03-04_16-53-19/trial_0126_learning_rate=1.0e-03_kernel_sizes=3x3x3_conv_channels=32x64x128_fc_dims=128_seed1,cnn,0.16824614620208742,0.13427598549428904,0.02162012883595058,,,0.1418424641313393,60063,60063,50,0.48171359652117735,0,True,0.45456832695830385,0.2786571492806742,1,0.31855225563049316,0.13567227125167847,0,"[3, 3, 3]","[32, 64, 128]",[128],6872553,bc11u19n1,529.4,trial_0126_learning_rate=1.0e-03_kernel_sizes=3x3x3_conv_channels=32x64x128_fc_dims=128_seed1,70d71ad64f,trial_0126_learning_rate=1.0e-03_kernel_sizes=3x3x3_conv_channels=32x64x128_fc_dims=128_seed1
/scratch/sb272/patterns5k_results/slurm_base_cnn_2026-03-04_16-53-19/trial_0126_learning_rate=1.0e-03_kernel_sizes=3x3x3_conv_channels=32x64x128_fc_dims=128_seed2,cnn,0.16817461824417115,0.13370964354673517,0.021828586146945043,,,0.13304812140539005,60063,60063,50,0.49411335851724386,0,True,0.45456832695830385,0.2843699879505548,2,0.31855225563049316,0.13512635231018066,0,"[3, 3, 3]","[32, 64, 128]",[128],6872553,bc11u19n1,528.9,trial_0126_learning_rate=1.0e-03_kernel_sizes=3x3x3_conv_channels=32x64x128_fc_dims=128_seed2,70d71ad64f,trial_0126_learning_rate=1.0e-03_kernel_sizes=3x3x3_conv_channels=32x64x128_fc_dims=128_seed2
/scratch/sb272/patterns5k_results/slurm_base_cnn_2026-03-04_16-53-19/trial_0126_learning_rate=1.0e-03_kernel_sizes=3x3x3_conv_channels=32x64x128_fc_dims=128_seed3,cnn,0.1680534712076187,0.13422842123289716,0.022083294770074268,,,0.13612891713607728,60063,60063,50,0.4600938527254119,0,True,0.45456832695830385,0.2695301512338234,2,0.31855225563049316,0.13544490933418274,0,"[3, 3, 3]","[32, 64, 128]",[128],6872553,bc11u19n1,521.8,trial_0126_learning_rate=1.0e-03_kernel_sizes=3x3x3_conv_channels=32x64x128_fc_dims=128_seed3,70d71ad64f,trial_0126_learning_rate=1.0e-03_kernel_sizes=3x3x3_conv_channels=32x64x128_fc_dims=128_seed3
/scratch/sb272/patterns5k_results/slurm_base_cnn_2026-03-04_16-53-19/trial_0126_learning_rate=1.0e-03_kernel_sizes=3x3x3_conv_channels=32x64x128_fc_dims=128_seed4,cnn,0.16807915461063386,0.13450939728445988,0.022444070331634036,,,0.1381130975607374,60063,60063,50,0.4677414713995493,0,True,0.45456832695830385,0.2718470916462597,2,0.31855225563049316,0.1353653371334076,0,"[3, 3, 3]","[32, 64, 128]",[128],6872553,bc11u19n1,521.5,trial_0126_learning_rate=1.0e-03_kernel_sizes=3x3x3_conv_channels=32x64x128_fc_dims=128_seed4,70d71ad64f,trial_0126_learning_rate=1.0e-03_kernel_sizes=3x3x3_conv_channels=32x64x128_fc_dims=128_seed4
/scratch/sb272/patterns5k_results/slurm_base_cnn_2026-03-04_16-53-19/trial_0127_learning_rate=1.0e-03_kernel_sizes=3x3x3_conv_channels=32x64x128_fc_dims=256_seed0,cnn,0.1680284013748169,0.13576425106013848,0.022340147268204463,,,0.14219127324050837,84639,84639,50,0.47287675824828235,0,True,0.45456832695830385,0.27434695377784873,1,0.31855225563049316,0.1367071121931076,0,"[3, 3, 3]","[32, 64, 128]",[256],6872553,bc11u19n1,552.6,trial_0127_learning_rate=1.0e-03_kernel_sizes=3x3x3_conv_channels=32x64x128_fc_dims=256_seed0,34ae3db92a,trial_0127_learning_rate=1.0e-03_kernel_sizes=3x3x3_conv_channels=32x64x128_fc_dims=256_seed0
/scratch/sb272/patterns5k_results/slurm_base_cnn_2026-03-04_16-53-19/trial_0127_learning_rate=1.0e-03_kernel_sizes=3x3x3_conv_channels=32x64x128_fc_dims=256_seed1,cnn,0.1681555038690567,0.13816834733389788,0.02247301737467448,,,0.1451653631360925,84639,84639,50,0.48120789553443183,0,True,0.45456832695830385,0.2812185386357056,1,0.31855225563049316,0.13937880098819733,0,"[3, 3, 3]","[32, 64, 128]",[256],6872553,bc11u19n1,554.6,trial_0127_learning_rate=1.0e-03_kernel_sizes=3x3x3_conv_channels=32x64x128_fc_dims=256_seed1,34ae3db92a,trial_0127_learning_rate=1.0e-03_kernel_sizes=3x3x3_conv_channels=32x64x128_fc_dims=256_seed1
/scratch/sb272/patterns5k_results/slurm_base_cnn_2026-03-04_16-53-19/trial_0127_learning_rate=1.0e-03_kernel_sizes=3x3x3_conv_channels=32x64x128_fc_dims=256_seed2,cnn,0.16788016521930696,0.13908419831883417,0.0229009815624782,,,0.13768449623497558,84639,84639,50,0.5034111140557667,0,True,0.45456832695830385,0.2907826182515304,1,0.31855225563049316,0.14015929400920868,0,"[3, 3, 3]","[32, 64, 128]",[256],6872553,bc11u19n1,556.9,trial_0127_learning_rate=1.0e-03_kernel_sizes=3x3x3_conv_channels=32x64x128_fc_dims=256_seed2,34ae3db92a,trial_0127_learning_rate=1.0e-03_kernel_sizes=3x3x3_conv_channels=32x64x128_fc_dims=256_seed2
/scratch/sb272/patterns5k_results/slurm_base_cnn_2026-03-04_16-53-19/trial_0127_learning_rate=1.0e-03_kernel_sizes=3x3x3_conv_channels=32x64x128_fc_dims=256_seed3,cnn,0.1678778338432312,0.13823369558335885,0.022792142535012865,,,0.13911362514209155,84639,84639,50,0.48029339078103483,0,True,0.45456832695830385,0.2811159993911338,1,0.31855225563049316,0.139176145195961,0,"[3, 3, 3]","[32, 64, 128]",[256],6872553,bc11u19n1,561.0,trial_0127_learning_rate=1.0e-03_kernel_sizes=3x3x3_conv_channels=32x64x128_fc_dims=256_seed3,34ae3db92a,trial_0127_learning_rate=1.0e-03_kernel_sizes=3x3x3_conv_channels=32x64x128_fc_dims=256_seed3
/scratch/sb272/patterns5k_results/slurm_base_cnn_2026-03-04_16-53-19/trial_0127_learning_rate=1.0e-03_kernel_sizes=3x3x3_conv_channels=32x64x128_fc_dims=256_seed4,cnn,0.16776035070419312,0.13914234157192906,0.023713868761819506,,,0.14053138644586557,84639,84639,50,0.494745550912875,0,True,0.45456832695830385,0.2878769356743048,1,0.31855225563049316,0.14045488834381104,0,"[3, 3, 3]","[32, 64, 128]",[256],6872553,bc11u19n1,551.4,trial_0127_learning_rate=1.0e-03_kernel_sizes=3x3x3_conv_channels=32x64x128_fc_dims=256_seed4,34ae3db92a,trial_0127_learning_rate=1.0e-03_kernel_sizes=3x3x3_conv_channels=32x64x128_fc_dims=256_seed4
/scratch/sb272/patterns5k_results/slurm_base_cnn_2026-03-04_16-53-19/trial_0128_learning_rate=1.0e-03_kernel_sizes=5x3x3_conv_channels=64x128x256_fc_dims=256_seed0,cnn,0.16787549459934234,0.1400290258717814,0.0220227459120372,,,0.14480970172512123,219647,219647,46,0.49809122434232306,0,True,0.45456832695830385,0.2851708582639607,1,0.31855225563049316,0.14082340896129608,0,"[5, 3, 3]","[64, 128, 256]",[256],6872553,bc11u19n1,672.5,trial_0128_learning_rate=1.0e-03_kernel_sizes=5x3x3_conv_channels=64x128x256_fc_dims=256_seed0,41ccb4d595,trial_0128_learning_rate=1.0e-03_kernel_sizes=5x3x3_conv_channels=64x128x256_fc_dims=256_seed0
/scratch/sb272/patterns5k_results/slurm_base_cnn_2026-03-04_16-53-19/trial_0128_learning_rate=1.0e-03_kernel_sizes=5x3x3_conv_channels=64x128x256_fc_dims=256_seed1,cnn,0.16761698234081268,0.1403488379300386,0.02366593148973253,,,0.14613135068731714,219647,219647,44,0.47615524818280985,0,True,0.45456832695830385,0.27833439691962764,1,0.31855225563049316,0.14169295132160187,0,"[5, 3, 3]","[64, 128, 256]",[256],6872553,bc11u19n1,652.5,trial_0128_learning_rate=1.0e-03_kernel_sizes=5x3x3_conv_channels=64x128x256_fc_dims=256_seed1,41ccb4d595,trial_0128_learning_rate=1.0e-03_kernel_sizes=5x3x3_conv_channels=64x128x256_fc_dims=256_seed1
/scratch/sb272/patterns5k_results/slurm_base_cnn_2026-03-04_16-53-19/trial_0128_learning_rate=1.0e-03_kernel_sizes=5x3x3_conv_channels=64x128x256_fc_dims=256_seed2,cnn,0.16787221252918244,0.13819859852948177,0.022932600407373337,,,0.13676235606517026,219647,219647,42,0.49126647599325807,0,True,0.45456832695830385,0.2843241551208924,2,0.31855225563049316,0.1392553597688675,0,"[5, 3, 3]","[64, 128, 256]",[256],6872553,bc11u19n1,640.3,trial_0128_learning_rate=1.0e-03_kernel_sizes=5x3x3_conv_channels=64x128x256_fc_dims=256_seed2,41ccb4d595,trial_0128_learning_rate=1.0e-03_kernel_sizes=5x3x3_conv_channels=64x128x256_fc_dims=256_seed2
/scratch/sb272/patterns5k_results/slurm_base_cnn_2026-03-04_16-53-19/trial_0128_learning_rate=1.0e-03_kernel_sizes=5x3x3_conv_channels=64x128x256_fc_dims=256_seed3,cnn,0.16811758744716646,0.1352484386770431,0.020949833922915988,,,0.14060008133392443,219647,219647,41,0.46418704642396125,0,True,0.45456832695830385,0.2704272586783651,2,0.31855225563049316,0.1359139084815979,0,"[5, 3, 3]","[64, 128, 256]",[256],6872553,bc11u19n1,631.0,trial_0128_learning_rate=1.0e-03_kernel_sizes=5x3x3_conv_channels=64x128x256_fc_dims=256_seed3,41ccb4d595,trial_0128_learning_rate=1.0e-03_kernel_sizes=5x3x3_conv_channels=64x128x256_fc_dims=256_seed3
/scratch/sb272/patterns5k_results/slurm_base_cnn_2026-03-04_16-53-19/trial_0128_learning_rate=1.0e-03_kernel_sizes=5x3x3_conv_channels=64x128x256_fc_dims=256_seed4,cnn,0.16760146760940553,0.13917907576786565,0.023333304458194308,,,0.14160687071831143,219647,219647,41,0.5038886464910817,0,True,0.45456832695830385,0.2900575548086577,2,0.31855225563049316,0.14031310379505157,0,"[5, 3, 3]","[64, 128, 256]",[256],6872553,bc11u19n1,630.0,trial_0128_learning_rate=1.0e-03_kernel_sizes=5x3x3_conv_channels=64x128x256_fc_dims=256_seed4,41ccb4d595,trial_0128_learning_rate=1.0e-03_kernel_sizes=5x3x3_conv_channels=64x128x256_fc_dims=256_seed4
/scratch/sb272/patterns5k_results/slurm_base_cnn_2026-03-04_16-53-19/trial_0129_learning_rate=1.0e-03_kernel_sizes=5x3x3_conv_channels=64x128x256_fc_dims=512_seed0,cnn,0.16768200373649597,0.1410325122035797,0.023271414022597057,,,0.14688611031193868,301567,301567,41,0.4978228835762502,0,True,0.45456832695830385,0.28797271149069853,2,0.31855225563049316,0.14205631613731384,0,"[5, 3, 3]","[64, 128, 256]",[512],6872553,bc11u19n1,683.5,trial_0129_learning_rate=1.0e-03_kernel_sizes=5x3x3_conv_channels=64x128x256_fc_dims=512_seed0,6c4d0b6ee9,trial_0129_learning_rate=1.0e-03_kernel_sizes=5x3x3_conv_channels=64x128x256_fc_dims=512_seed0
/scratch/sb272/patterns5k_results/slurm_base_cnn_2026-03-04_16-53-19/trial_0129_learning_rate=1.0e-03_kernel_sizes=5x3x3_conv_channels=64x128x256_fc_dims=512_seed1,cnn,0.16765281796455384,0.14296185121107277,0.023926200374724375,,,0.14706197053625494,301567,301567,42,0.47384104341179795,0,True,0.45456832695830385,0.27750374272582645,0,0.31855225563049316,0.14360879361629486,0,"[5, 3, 3]","[64, 128, 256]",[512],6872553,bc11u19n1,704.0,trial_0129_learning_rate=1.0e-03_kernel_sizes=5x3x3_conv_channels=64x128x256_fc_dims=512_seed1,6c4d0b6ee9,trial_0129_learning_rate=1.0e-03_kernel_sizes=5x3x3_conv_channels=64x128x256_fc_dims=512_seed1
/scratch/sb272/patterns5k_results/slurm_base_cnn_2026-03-04_16-53-19/trial_0129_learning_rate=1.0e-03_kernel_sizes=5x3x3_conv_channels=64x128x256_fc_dims=512_seed2,cnn,0.16781456899642944,0.14108591597466977,0.023038863189636716,,,0.14016028153300505,301567,301567,50,0.5217303882561493,0,True,0.45456832695830385,0.2995593579062503,2,0.31855225563049316,0.14223940670490265,0,"[5, 3, 3]","[64, 128, 256]",[512],6872553,bc11u19n1,777.6,trial_0129_learning_rate=1.0e-03_kernel_sizes=5x3x3_conv_channels=64x128x256_fc_dims=512_seed2,6c4d0b6ee9,trial_0129_learning_rate=1.0e-03_kernel_sizes=5x3x3_conv_channels=64x128x256_fc_dims=512_seed2
/scratch/sb272/patterns5k_results/slurm_base_cnn_2026-03-04_16-53-19/trial_0129_learning_rate=1.0e-03_kernel_sizes=5x3x3_conv_channels=64x128x256_fc_dims=512_seed3,cnn,0.16780868434906007,0.13880670570597511,0.022670345646994456,,,0.1405980055272157,301567,301567,35,0.5063409595850256,0,True,0.45456832695830385,0.2935180394736424,1,0.31855225563049316,0.13986311852931976,0,"[5, 3, 3]","[64, 128, 256]",[512],6872553,bc11u19n1,625.6,trial_0129_learning_rate=1.0e-03_kernel_sizes=5x3x3_conv_channels=64x128x256_fc_dims=512_seed3,6c4d0b6ee9,trial_0129_learning_rate=1.0e-03_kernel_sizes=5x3x3_conv_channels=64x128x256_fc_dims=512_seed3
/scratch/sb272/patterns5k_results/slurm_base_cnn_2026-03-04_16-53-19/trial_0130_learning_rate=1.0e-03_kernel_sizes=5x3x3_conv_channels=64x128x256_fc_dims=1024_seed0,cnn,0.16796393501758575,0.13998415511017753,0.022933737626151432,,,0.14786839826560555,465407,465407,44,0.481237103914062,0,True,0.45456832695830385,0.27864735856645045,1,0.31855225563049316,0.1406257599592209,0,"[5, 3, 3]","[64, 128, 256]",[1024],6872554,bc11u21n1,618.5,trial_0130_learning_rate=1.0e-03_kernel_sizes=5x3x3_conv_channels=64x128x256_fc_dims=1024_seed0,f89b05abec,trial_0130_learning_rate=1.0e-03_kernel_sizes=5x3x3_conv_channels=64x128x256_fc_dims=1024_seed0
/scratch/sb272/patterns5k_results/slurm_base_cnn_2026-03-04_16-53-19/trial_0130_learning_rate=1.0e-03_kernel_sizes=5x3x3_conv_channels=64x128x256_fc_dims=1024_seed1,cnn,0.16760732281208038,0.14109537959304078,0.02362814876768324,,,0.1466379629112496,465407,465407,46,0.5077351040019594,0,True,0.45456832695830385,0.294613472659537,1,0.31855225563049316,0.142294242978096,0,"[5, 3, 3]","[64, 128, 256]",[1024],6872554,bc11u21n1,599.3,trial_0130_learning_rate=1.0e-03_kernel_sizes=5x3x3_conv_channels=64x128x256_fc_dims=1024_seed1,f89b05abec,trial_0130_learning_rate=1.0e-03_kernel_sizes=5x3x3_conv_channels=64x128x256_fc_dims=1024_seed1
/scratch/sb272/patterns5k_results/slurm_base_cnn_2026-03-04_16-53-19/trial_0130_learning_rate=1.0e-03_kernel_sizes=5x3x3_conv_channels=64x128x256_fc_dims=1024_seed2,cnn,0.1678621927499771,0.14194408130458191,0.022045225378066774,,,0.14074395006894289,465407,465407,42,0.5071413708063788,0,True,0.45456832695830385,0.2923628025019441,2,0.31855225563049316,0.14329469203948975,0,"[5, 3, 3]","[64, 128, 256]",[1024],6872554,bc11u21n1,544.1,trial_0130_learning_rate=1.0e-03_kernel_sizes=5x3x3_conv_channels=64x128x256_fc_dims=1024_seed2,f89b05abec,trial_0130_learning_rate=1.0e-03_kernel_sizes=5x3x3_conv_channels=64x128x256_fc_dims=1024_seed2
/scratch/sb272/patterns5k_results/slurm_base_cnn_2026-03-04_16-53-19/trial_0130_learning_rate=1.0e-03_kernel_sizes=5x3x3_conv_channels=64x128x256_fc_dims=1024_seed3,cnn,0.16808828997612,0.14043242027171957,0.019225586974431597,,,0.14271388395458862,465407,465407,33,0.4982685960026024,0,True,0.45456832695830385,0.2893627059205971,1,0.31855225563049316,0.140886127948761,0,"[5, 3, 3]","[64, 128, 256]",[1024],6872554,bc11u21n1,495.2,trial_0130_learning_rate=1.0e-03_kernel_sizes=5x3x3_conv_channels=64x128x256_fc_dims=1024_seed3,f89b05abec,trial_0130_learning_rate=1.0e-03_kernel_sizes=5x3x3_conv_channels=64x128x256_fc_dims=1024_seed3
/scratch/sb272/patterns5k_results/slurm_base_cnn_2026-03-04_16-53-19/trial_0130_learning_rate=1.0e-03_kernel_sizes=5x3x3_conv_channels=64x128x256_fc_dims=1024_seed4,cnn,0.16804924631118776,0.139289193297669,0.021562710640922425,,,0.1444946407479988,465407,465407,43,0.48530449517233076,0,True,0.45456832695830385,0.2826803396010102,1,0.31855225563049316,0.13971282541751862,0,"[5, 3, 3]","[64, 128, 256]",[1024],6872554,bc11u21n1,574.7,trial_0130_learning_rate=1.0e-03_kernel_sizes=5x3x3_conv_channels=64x128x256_fc_dims=1024_seed4,f89b05abec,trial_0130_learning_rate=1.0e-03_kernel_sizes=5x3x3_conv_channels=64x128x256_fc_dims=1024_seed4
/scratch/sb272/patterns5k_results/slurm_base_cnn_2026-03-04_16-53-19/trial_0131_learning_rate=1.0e-03_kernel_sizes=3x3x3_conv_channels=128x128x128_fc_dims=256_seed0,cnn,0.16847917914390564,0.1314351265281582,0.020739250712924533,,,0.13880272803799026,164799,164799,34,0.4678691060156955,0,True,0.45456832695830385,0.2702598505474767,2,0.31855225563049316,0.13139685988426208,0,"[3, 3, 3]","[128, 128, 128]",[256],6872554,bc11u21n1,364.8,trial_0131_learning_rate=1.0e-03_kernel_sizes=3x3x3_conv_channels=128x128x128_fc_dims=256_seed0,370f1752af,trial_0131_learning_rate=1.0e-03_kernel_sizes=3x3x3_conv_channels=128x128x128_fc_dims=256_seed0
/scratch/sb272/patterns5k_results/slurm_base_cnn_2026-03-04_16-53-19/trial_0131_learning_rate=1.0e-03_kernel_sizes=3x3x3_conv_channels=128x128x128_fc_dims=256_seed1,cnn,0.16890079295635224,0.1292360617210384,0.01963295917662363,,,0.13921454302650035,164799,164799,34,0.46954392132327466,0,True,0.45456832695830385,0.2730800344850201,1,0.31855225563049316,0.13003303110599518,0,"[3, 3, 3]","[128, 128, 128]",[256],6872554,bc11u21n1,355.7,trial_0131_learning_rate=1.0e-03_kernel_sizes=3x3x3_conv_channels=128x128x128_fc_dims=256_seed1,370f1752af,trial_0131_learning_rate=1.0e-03_kernel_sizes=3x3x3_conv_channels=128x128x128_fc_dims=256_seed1
/scratch/sb272/patterns5k_results/slurm_base_cnn_2026-03-04_16-53-19/trial_0131_learning_rate=1.0e-03_kernel_sizes=3x3x3_conv_channels=128x128x128_fc_dims=256_seed2,cnn,0.1684530396461487,0.13333229430999952,0.02182449707909236,,,0.13406550023285127,164799,164799,33,0.5029950350233594,0,True,0.45456832695830385,0.28884739360217576,2,0.31855225563049316,0.13382074236869812,0,"[3, 3, 3]","[128, 128, 128]",[256],6872554,bc11u21n1,357.6,trial_0131_learning_rate=1.0e-03_kernel_sizes=3x3x3_conv_channels=128x128x128_fc_dims=256_seed2,370f1752af,trial_0131_learning_rate=1.0e-03_kernel_sizes=3x3x3_conv_channels=128x128x128_fc_dims=256_seed2
/scratch/sb272/patterns5k_results/slurm_base_cnn_2026-03-04_16-53-19/trial_0131_learning_rate=1.0e-03_kernel_sizes=3x3x3_conv_channels=128x128x128_fc_dims=256_seed3,cnn,0.16858836221694945,0.13141885169753645,0.020568496651119657,,,0.1330611701122212,164799,164799,29,0.4613619030320269,0,True,0.45456832695830385,0.27011559672898683,1,0.31855225563049316,0.13197024166584015,0,"[3, 3, 3]","[128, 128, 128]",[256],6872554,bc11u21n1,339.7,trial_0131_learning_rate=1.0e-03_kernel_sizes=3x3x3_conv_channels=128x128x128_fc_dims=256_seed3,370f1752af,trial_0131_learning_rate=1.0e-03_kernel_sizes=3x3x3_conv_channels=128x128x128_fc_dims=256_seed3
/scratch/sb272/patterns5k_results/slurm_base_cnn_2026-03-04_16-53-19/trial_0131_learning_rate=1.0e-03_kernel_sizes=3x3x3_conv_channels=128x128x128_fc_dims=256_seed4,cnn,0.1685077019929886,0.13335175113590708,0.020808751620943585,,,0.13595842284889495,164799,164799,36,0.492155882338358,0,True,0.45456832695830385,0.2856536288240189,1,0.31855225563049316,0.1343289613723755,0,"[3, 3, 3]","[128, 128, 128]",[256],6872554,bc11u21n1,375.3,trial_0131_learning_rate=1.0e-03_kernel_sizes=3x3x3_conv_channels=128x128x128_fc_dims=256_seed4,370f1752af,trial_0131_learning_rate=1.0e-03_kernel_sizes=3x3x3_conv_channels=128x128x128_fc_dims=256_seed4
/scratch/sb272/patterns5k_results/slurm_base_cnn_2026-03-04_16-53-19/trial_0132_learning_rate=1.0e-03_kernel_sizes=3x3x3_conv_channels=128x128x128_fc_dims=512_seed0,cnn,0.1690625351667404,0.1384775323311805,0.018223039687625946,,,0.14154392371609237,213951,213951,32,0.4962626452253668,0,True,0.45456832695830385,0.2863772817535077,1,0.31855225563049316,0.13932669162750244,0,"[3, 3, 3]","[128, 128, 128]",[512],6872554,bc11u21n1,372.5,trial_0132_learning_rate=1.0e-03_kernel_sizes=3x3x3_conv_channels=128x128x128_fc_dims=512_seed0,39c7060d04,trial_0132_learning_rate=1.0e-03_kernel_sizes=3x3x3_conv_channels=128x128x128_fc_dims=512_seed0
/scratch/sb272/patterns5k_results/slurm_base_cnn_2026-03-04_16-53-19/trial_0132_learning_rate=1.0e-03_kernel_sizes=3x3x3_conv_channels=128x128x128_fc_dims=512_seed1,cnn,0.1693610109090805,0.13395137007767455,0.014734772462693472,,,0.1419755449813276,213951,213951,34,0.4522668236287971,0,True,0.45456832695830385,0.26850262685988996,1,0.31855225563049316,0.13453041017055511,0,"[3, 3, 3]","[128, 128, 128]",[512],6872554,bc11u21n1,388.6,trial_0132_learning_rate=1.0e-03_kernel_sizes=3x3x3_conv_channels=128x128x128_fc_dims=512_seed1,39c7060d04,trial_0132_learning_rate=1.0e-03_kernel_sizes=3x3x3_conv_channels=128x128x128_fc_dims=512_seed1
/scratch/sb272/patterns5k_results/slurm_base_cnn_2026-03-04_16-53-19/trial_0132_learning_rate=1.0e-03_kernel_sizes=3x3x3_conv_channels=128x128x128_fc_dims=512_seed2,cnn,0.16879176568984985,0.13521017172273428,0.017912728445870534,,,0.1358541412579392,213951,213951,38,0.47424479185797636,0,True,0.45456832695830385,0.27538442980911376,1,0.31855225563049316,0.1356838494539261,0,"[3, 3, 3]","[128, 128, 128]",[512],6872554,bc11u21n1,407.4,trial_0132_learning_rate=1.0e-03_kernel_sizes=3x3x3_conv_channels=128x128x128_fc_dims=512_seed2,39c7060d04,trial_0132_learning_rate=1.0e-03_kernel_sizes=3x3x3_conv_channels=128x128x128_fc_dims=512_seed2
/scratch/sb272/patterns5k_results/slurm_base_cnn_2026-03-04_16-53-19/trial_0132_learning_rate=1.0e-03_kernel_sizes=3x3x3_conv_channels=128x128x128_fc_dims=512_seed3,cnn,0.16845738589763642,0.13514893924044055,0.021066912582942417,,,0.13559440918908025,213951,213951,37,0.4828015209236578,0,True,0.45456832695830385,0.28238894505999307,1,0.31855225563049316,0.13606199622154236,0,"[3, 3, 3]","[128, 128, 128]",[512],6872554,bc11u21n1,398.5,trial_0132_learning_rate=1.0e-03_kernel_sizes=3x3x3_conv_channels=128x128x128_fc_dims=512_seed3,39c7060d04,trial_0132_learning_rate=1.0e-03_kernel_sizes=3x3x3_conv_channels=128x128x128_fc_dims=512_seed3
/scratch/sb272/patterns5k_results/slurm_base_cnn_2026-03-04_16-53-19/trial_0132_learning_rate=1.0e-03_kernel_sizes=3x3x3_conv_channels=128x128x128_fc_dims=512_seed4,cnn,0.16876668274402618,0.1322918730070042,0.019733119578588577,,,0.1373126345224429,213951,213951,32,0.45682745909655825,0,True,0.45456832695830385,0.27001322678938605,1,0.31855225563049316,0.13304007053375244,0,"[3, 3, 3]","[128, 128, 128]",[512],6872554,bc11u21n1,373.0,trial_0132_learning_rate=1.0e-03_kernel_sizes=3x3x3_conv_channels=128x128x128_fc_dims=512_seed4,39c7060d04,trial_0132_learning_rate=1.0e-03_kernel_sizes=3x3x3_conv_channels=128x128x128_fc_dims=512_seed4
/scratch/sb272/patterns5k_results/slurm_base_cnn_2026-03-04_16-53-19/trial_0133_learning_rate=1.0e-03_kernel_sizes=3x3x3_conv_channels=256x256x256_fc_dims=512_seed0,cnn,0.169087797999382,0.1309859928426758,0.01666052568526495,,,0.13986378161634191,591679,591679,26,0.46982674335021674,0,True,0.45456832695830385,0.27473901043650434,1,0.31855225563049316,0.1312650591135025,0,"[3, 3, 3]","[256, 256, 256]",[512],6872554,bc11u21n1,469.4,trial_0133_learning_rate=1.0e-03_kernel_sizes=3x3x3_conv_channels=256x256x256_fc_dims=512_seed0,368a2439b0,trial_0133_learning_rate=1.0e-03_kernel_sizes=3x3x3_conv_channels=256x256x256_fc_dims=512_seed0
/scratch/sb272/patterns5k_results/slurm_base_cnn_2026-03-04_16-53-19/trial_0133_learning_rate=1.0e-03_kernel_sizes=3x3x3_conv_channels=256x256x256_fc_dims=512_seed1,cnn,0.16899792277812958,0.13283958248811714,0.018905407852596708,,,0.14012547934153902,591679,591679,25,0.4554711966144853,0,True,0.45456832695830385,0.2673250191155505,1,0.31855225563049316,0.13366900384426117,0,"[3, 3, 3]","[256, 256, 256]",[512],6872554,bc11u21n1,457.9,trial_0133_learning_rate=1.0e-03_kernel_sizes=3x3x3_conv_channels=256x256x256_fc_dims=512_seed1,368a2439b0,trial_0133_learning_rate=1.0e-03_kernel_sizes=3x3x3_conv_channels=256x256x256_fc_dims=512_seed1
/scratch/sb272/patterns5k_results/slurm_base_cnn_2026-03-04_16-53-19/trial_0133_learning_rate=1.0e-03_kernel_sizes=3x3x3_conv_channels=256x256x256_fc_dims=512_seed2,cnn,0.16898912870883942,0.13471428867757426,0.01856725461899288,,,0.13430111233084577,591679,591679,25,0.4989156537198596,0,True,0.45456832695830385,0.29364461304473527,1,0.31855225563049316,0.13565045595169067,0,"[3, 3, 3]","[256, 256, 256]",[512],6872554,bc11u21n1,463.7,trial_0133_learning_rate=1.0e-03_kernel_sizes=3x3x3_conv_channels=256x256x256_fc_dims=512_seed2,368a2439b0,trial_0133_learning_rate=1.0e-03_kernel_sizes=3x3x3_conv_channels=256x256x256_fc_dims=512_seed2
/scratch/sb272/patterns5k_results/slurm_base_cnn_2026-03-04_16-53-19/trial_0133_learning_rate=1.0e-03_kernel_sizes=3x3x3_conv_channels=256x256x256_fc_dims=512_seed3,cnn,0.16886908435821532,0.13036851618221837,0.01876435393378848,,,0.1334477634726823,591679,591679,21,0.47215060077858556,0,True,0.45456832695830385,0.2774119692976081,1,0.31855225563049316,0.13106009364128113,0,"[3, 3, 3]","[256, 256, 256]",[512],6872554,bc11u21n1,423.8,trial_0133_learning_rate=1.0e-03_kernel_sizes=3x3x3_conv_channels=256x256x256_fc_dims=512_seed3,368a2439b0,trial_0133_learning_rate=1.0e-03_kernel_sizes=3x3x3_conv_channels=256x256x256_fc_dims=512_seed3
/scratch/sb272/patterns5k_results/slurm_base_cnn_2026-03-04_16-53-19/trial_0133_learning_rate=1.0e-03_kernel_sizes=3x3x3_conv_channels=256x256x256_fc_dims=512_seed4,cnn,0.16922975409030913,0.13427505050962235,0.01783684416422768,,,0.13591468116038183,591679,591679,24,0.5011204516782906,0,True,0.45456832695830385,0.29067688776611866,1,0.31855225563049316,0.13497650623321533,0,"[3, 3, 3]","[256, 256, 256]",[512],6872554,bc11u21n1,451.0,trial_0133_learning_rate=1.0e-03_kernel_sizes=3x3x3_conv_channels=256x256x256_fc_dims=512_seed4,368a2439b0,trial_0133_learning_rate=1.0e-03_kernel_sizes=3x3x3_conv_channels=256x256x256_fc_dims=512_seed4
/scratch/sb272/patterns5k_results/slurm_base_cnn_2026-03-04_16-53-19/trial_0134_learning_rate=1.0e-03_kernel_sizes=3x3x3_conv_channels=256x256x256_fc_dims=1024_seed0,cnn,0.1690702838897705,0.13884693884780755,0.018154011832343206,,,0.14108382430343375,755519,755519,25,0.5021952024410355,0,True,0.45456832695830385,0.2929326131306966,1,0.31855225563049316,0.139691561460495,0,"[3, 3, 3]","[256, 256, 256]",[1024],6872554,bc11u21n1,507.6,trial_0134_learning_rate=1.0e-03_kernel_sizes=3x3x3_conv_channels=256x256x256_fc_dims=1024_seed0,70b1453441,trial_0134_learning_rate=1.0e-03_kernel_sizes=3x3x3_conv_channels=256x256x256_fc_dims=1024_seed0
/scratch/sb272/patterns5k_results/slurm_base_cnn_2026-03-04_16-53-19/trial_0134_learning_rate=1.0e-03_kernel_sizes=3x3x3_conv_channels=256x256x256_fc_dims=1024_seed1,cnn,0.1695610489845276,0.13397917453764033,0.012864430745442709,,,0.14182330565716814,755519,755519,27,0.46445608092663404,0,True,0.45456832695830385,0.27251779319744246,1,0.31855225563049316,0.13459886610507965,0,"[3, 3, 3]","[256, 256, 256]",[1024],6872554,bc11u21n1,536.0,trial_0134_learning_rate=1.0e-03_kernel_sizes=3x3x3_conv_channels=256x256x256_fc_dims=1024_seed1,70b1453441,trial_0134_learning_rate=1.0e-03_kernel_sizes=3x3x3_conv_channels=256x256x256_fc_dims=1024_seed1
/scratch/sb272/patterns5k_results/slurm_base_cnn_2026-03-04_16-53-19/trial_0134_learning_rate=1.0e-03_kernel_sizes=3x3x3_conv_channels=256x256x256_fc_dims=1024_seed2,cnn,0.1688950912952423,0.1355136629086818,0.02046561146539355,,,0.1350227987902863,755519,755519,25,0.48030255406529215,0,True,0.45456832695830385,0.2802925613131601,1,0.31855225563049316,0.13609714806079865,0,"[3, 3, 3]","[256, 256, 256]",[1024],6872554,bc11u21n1,517.8,trial_0134_learning_rate=1.0e-03_kernel_sizes=3x3x3_conv_channels=256x256x256_fc_dims=1024_seed2,70b1453441,trial_0134_learning_rate=1.0e-03_kernel_sizes=3x3x3_conv_channels=256x256x256_fc_dims=1024_seed2
/scratch/sb272/patterns5k_results/slurm_base_cnn_2026-03-04_16-53-19/trial_0134_learning_rate=1.0e-03_kernel_sizes=3x3x3_conv_channels=256x256x256_fc_dims=1024_seed3,cnn,0.1688718898296356,0.13583948871888177,0.01908608845302037,,,0.13554288228008685,755519,755519,25,0.4901505095032618,0,True,0.45456832695830385,0.2888179824315088,1,0.31855225563049316,0.1370626837015152,0,"[3, 3, 3]","[256, 256, 256]",[1024],6872554,bc11u21n1,520.0,trial_0134_learning_rate=1.0e-03_kernel_sizes=3x3x3_conv_channels=256x256x256_fc_dims=1024_seed3,70b1453441,trial_0134_learning_rate=1.0e-03_kernel_sizes=3x3x3_conv_channels=256x256x256_fc_dims=1024_seed3
/scratch/sb272/patterns5k_results/slurm_base_cnn_2026-03-04_16-53-19/trial_0134_learning_rate=1.0e-03_kernel_sizes=3x3x3_conv_channels=256x256x256_fc_dims=1024_seed4,cnn,0.16945963215827942,0.1330411864605336,0.015842854976654053,,,0.1387473688547403,755519,755519,28,0.4750814800815481,0,True,0.45456832695830385,0.2784055540588343,1,0.31855225563049316,0.13347724080085754,0,"[3, 3, 3]","[256, 256, 256]",[1024],6872554,bc11u21n1,558.7,trial_0134_learning_rate=1.0e-03_kernel_sizes=3x3x3_conv_channels=256x256x256_fc_dims=1024_seed4,70b1453441,trial_0134_learning_rate=1.0e-03_kernel_sizes=3x3x3_conv_channels=256x256x256_fc_dims=1024_seed4
/scratch/sb272/patterns5k_results/slurm_base_cnn_2026-03-04_16-53-19/trial_0135_learning_rate=1.0e-03_kernel_sizes=3x3_conv_channels=64x128_fc_dims=128_seed0,cnn,0.16855779838562013,0.13444141121752212,0.021999406436133007,,,0.1377974099407065,57855,57855,50,0.4767282701999833,0,True,0.45456832695830385,0.2799459608019658,1,0.31855225563049316,0.13554948568344116,0,"[3, 3]","[64, 128]",[128],6872554,bc11u21n1,354.3,trial_0135_learning_rate=1.0e-03_kernel_sizes=3x3_conv_channels=64x128_fc_dims=128_seed0,ac45bb0e0c,trial_0135_learning_rate=1.0e-03_kernel_sizes=3x3_conv_channels=64x128_fc_dims=128_seed0
/scratch/sb272/patterns5k_results/slurm_base_cnn_2026-03-04_16-53-19/trial_0135_learning_rate=1.0e-03_kernel_sizes=3x3_conv_channels=64x128_fc_dims=128_seed1,cnn,0.16850996804237367,0.13539482004544717,0.02198127337864467,,,0.13971228611281836,57855,57855,50,0.47081086575999526,0,True,0.45456832695830385,0.2779581857051538,1,0.31855225563049316,0.1367468684911728,0,"[3, 3]","[64, 128]",[128],6872554,bc11u21n1,350.6,trial_0135_learning_rate=1.0e-03_kernel_sizes=3x3_conv_channels=64x128_fc_dims=128_seed1,ac45bb0e0c,trial_0135_learning_rate=1.0e-03_kernel_sizes=3x3_conv_channels=64x128_fc_dims=128_seed1
/scratch/sb272/patterns5k_results/slurm_base_cnn_2026-03-04_16-53-19/trial_0135_learning_rate=1.0e-03_kernel_sizes=3x3_conv_channels=64x128_fc_dims=128_seed2,cnn,0.1687013272047043,0.13519183846519106,0.021292758366418262,,,0.13224661116974262,57855,57855,50,0.48851466882601924,0,True,0.45456832695830385,0.2873040700948672,1,0.31855225563049316,0.13625897467136383,0,"[3, 3]","[64, 128]",[128],6872554,bc11u21n1,351.2,trial_0135_learning_rate=1.0e-03_kernel_sizes=3x3_conv_channels=64x128_fc_dims=128_seed2,ac45bb0e0c,trial_0135_learning_rate=1.0e-03_kernel_sizes=3x3_conv_channels=64x128_fc_dims=128_seed2
/scratch/sb272/patterns5k_results/slurm_base_cnn_2026-03-04_16-53-19/trial_0135_learning_rate=1.0e-03_kernel_sizes=3x3_conv_channels=64x128_fc_dims=128_seed3,cnn,0.16900947511196138,0.1319084768938324,0.02001718207011147,,,0.13451105670215455,57855,57855,50,0.4659840986841627,0,True,0.45456832695830385,0.2752330539105753,2,0.31855225563049316,0.13302281498908997,0,"[3, 3]","[64, 128]",[128],6872554,bc11u21n1,352.4,trial_0135_learning_rate=1.0e-03_kernel_sizes=3x3_conv_channels=64x128_fc_dims=128_seed3,ac45bb0e0c,trial_0135_learning_rate=1.0e-03_kernel_sizes=3x3_conv_channels=64x128_fc_dims=128_seed3
/scratch/sb272/patterns5k_results/slurm_base_cnn_2026-03-04_16-53-19/trial_0135_learning_rate=1.0e-03_kernel_sizes=3x3_conv_channels=64x128_fc_dims=128_seed4,cnn,0.1684358880519867,0.13499798137650423,0.021869094598860966,,,0.13609990174473183,57855,57855,50,0.47752930206413186,0,True,0.45456832695830385,0.2798441051959421,2,0.31855225563049316,0.13620348274707794,0,"[3, 3]","[64, 128]",[128],6872554,bc11u21n1,349.3,trial_0135_learning_rate=1.0e-03_kernel_sizes=3x3_conv_channels=64x128_fc_dims=128_seed4,ac45bb0e0c,trial_0135_learning_rate=1.0e-03_kernel_sizes=3x3_conv_channels=64x128_fc_dims=128_seed4
/scratch/sb272/patterns5k_results/slurm_base_cnn_2026-03-04_16-53-19/trial_0136_learning_rate=1.0e-03_kernel_sizes=3x3_conv_channels=64x128_fc_dims=256_seed0,cnn,0.1688970111608505,0.13501278007066012,0.020444339229947046,,,0.1392832525237214,82431,82431,50,0.488255265708422,0,True,0.45456832695830385,0.2867824356911401,1,0.31855225563049316,0.1363195925951004,0,"[3, 3]","[64, 128]",[256],6872554,bc11u21n1,369.6,trial_0136_learning_rate=1.0e-03_kernel_sizes=3x3_conv_channels=64x128_fc_dims=256_seed0,1ee402f02c,trial_0136_learning_rate=1.0e-03_kernel_sizes=3x3_conv_channels=64x128_fc_dims=256_seed0
/scratch/sb272/patterns5k_results/slurm_base_cnn_2026-03-04_16-53-19/trial_0136_learning_rate=1.0e-03_kernel_sizes=3x3_conv_channels=64x128_fc_dims=256_seed1,cnn,0.169128613114357,0.1388308632113037,0.01981070117344932,,,0.1429966006115144,82431,82431,50,0.5029326101134677,0,True,0.45456832695830385,0.29558775974488277,1,0.31855225563049316,0.1401338428258896,0,"[3, 3]","[64, 128]",[256],6872554,bc11u21n1,367.4,trial_0136_learning_rate=1.0e-03_kernel_sizes=3x3_conv_channels=64x128_fc_dims=256_seed1,1ee402f02c,trial_0136_learning_rate=1.0e-03_kernel_sizes=3x3_conv_channels=64x128_fc_dims=256_seed1
/scratch/sb272/patterns5k_results/slurm_base_cnn_2026-03-04_16-53-19/trial_0136_learning_rate=1.0e-03_kernel_sizes=3x3_conv_channels=64x128_fc_dims=256_seed2,cnn,0.16867898333072662,0.1387539536427705,0.021562704018184116,,,0.1354697211456399,82431,82431,50,0.48719236615110656,0,True,0.45456832695830385,0.2866719289155311,1,0.31855225563049316,0.1402329057455063,0,"[3, 3]","[64, 128]",[256],6872554,bc11u21n1,363.1,trial_0136_learning_rate=1.0e-03_kernel_sizes=3x3_conv_channels=64x128_fc_dims=256_seed2,1ee402f02c,trial_0136_learning_rate=1.0e-03_kernel_sizes=3x3_conv_channels=64x128_fc_dims=256_seed2
/scratch/sb272/patterns5k_results/slurm_base_cnn_2026-03-04_16-53-19/trial_0136_learning_rate=1.0e-03_kernel_sizes=3x3_conv_channels=64x128_fc_dims=256_seed3,cnn,0.1687719041109085,0.1374135443874473,0.020150386151813325,,,0.13788253401142908,82431,82431,50,0.49748032068552606,0,True,0.45456832695830385,0.29153040532371705,1,0.31855225563049316,0.1384769231081009,0,"[3, 3]","[64, 128]",[256],6872554,bc11u21n1,370.0,trial_0136_learning_rate=1.0e-03_kernel_sizes=3x3_conv_channels=64x128_fc_dims=256_seed3,1ee402f02c,trial_0136_learning_rate=1.0e-03_kernel_sizes=3x3_conv_channels=64x128_fc_dims=256_seed3
/scratch/sb272/patterns5k_results/slurm_base_cnn_2026-03-04_16-53-19/trial_0136_learning_rate=1.0e-03_kernel_sizes=3x3_conv_channels=64x128_fc_dims=256_seed4,cnn,0.16871574974060058,0.1373443543865253,0.020206383296421597,,,0.13957054323427684,82431,82431,50,0.492966860973844,0,True,0.45456832695830385,0.2898988351199672,1,0.31855225563049316,0.13800694048404694,0,"[3, 3]","[64, 128]",[256],6872554,bc11u21n1,368.7,trial_0136_learning_rate=1.0e-03_kernel_sizes=3x3_conv_channels=64x128_fc_dims=256_seed4,1ee402f02c,trial_0136_learning_rate=1.0e-03_kernel_sizes=3x3_conv_channels=64x128_fc_dims=256_seed4
/scratch/sb272/patterns5k_results/slurm_base_cnn_2026-03-04_16-53-19/trial_0137_learning_rate=1.0e-03_kernel_sizes=3x3_conv_channels=64x128_fc_dims=512_seed0,cnn,0.1690209605693817,0.1385048114271928,0.019857972387283568,,,0.14103422930224233,131583,131583,50,0.5058459820104119,0,True,0.45456832695830385,0.2956768881388908,1,0.31855225563049316,0.1394493728876114,0,"[3, 3]","[64, 128]",[512],6872554,bc11u21n1,409.9,trial_0137_learning_rate=1.0e-03_kernel_sizes=3x3_conv_channels=64x128_fc_dims=512_seed0,6dd9b076ec,trial_0137_learning_rate=1.0e-03_kernel_sizes=3x3_conv_channels=64x128_fc_dims=512_seed0
/scratch/sb272/patterns5k_results/slurm_base_cnn_2026-03-04_16-53-19/trial_0137_learning_rate=1.0e-03_kernel_sizes=3x3_conv_channels=64x128_fc_dims=512_seed1,cnn,0.16873529589176178,0.13959358309121292,0.021049873223380436,,,0.14351562413447133,131583,131583,50,0.502151922560374,0,True,0.45456832695830385,0.29331687825072306,1,0.31855225563049316,0.1407623291015625,0,"[3, 3]","[64, 128]",[512],6872554,bc11u21n1,400.0,trial_0137_learning_rate=1.0e-03_kernel_sizes=3x3_conv_channels=64x128_fc_dims=512_seed1,6dd9b076ec,trial_0137_learning_rate=1.0e-03_kernel_sizes=3x3_conv_channels=64x128_fc_dims=512_seed1
/scratch/sb272/patterns5k_results/slurm_base_cnn_2026-03-04_16-53-19/trial_0137_learning_rate=1.0e-03_kernel_sizes=3x3_conv_channels=64x128_fc_dims=512_seed2,cnn,0.17085944223403932,0.14080886811954463,0.014163373008606926,,,0.13591801634617195,131583,131583,44,0.517792332391046,0,True,0.45456832695830385,0.30397694580710766,1,0.31855225563049316,0.1425739973783493,0,"[3, 3]","[64, 128]",[512],6872554,bc11u21n1,386.2,trial_0137_learning_rate=1.0e-03_kernel_sizes=3x3_conv_channels=64x128_fc_dims=512_seed2,6dd9b076ec,trial_0137_learning_rate=1.0e-03_kernel_sizes=3x3_conv_channels=64x128_fc_dims=512_seed2
/scratch/sb272/patterns5k_results/slurm_base_cnn_2026-03-04_16-53-19/trial_0137_learning_rate=1.0e-03_kernel_sizes=3x3_conv_channels=64x128_fc_dims=512_seed3,cnn,0.16883572661876678,0.1367765955726954,0.019891224210224455,,,0.1391727521195179,131583,131583,50,0.490840018721331,0,True,0.45456832695830385,0.2886112923954216,1,0.31855225563049316,0.1380108892917633,0,"[3, 3]","[64, 128]",[512],6872554,bc11u21n1,407.6,trial_0137_learning_rate=1.0e-03_kernel_sizes=3x3_conv_channels=64x128_fc_dims=512_seed3,6dd9b076ec,trial_0137_learning_rate=1.0e-03_kernel_sizes=3x3_conv_channels=64x128_fc_dims=512_seed3
/scratch/sb272/patterns5k_results/slurm_base_cnn_2026-03-04_16-53-19/trial_0137_learning_rate=1.0e-03_kernel_sizes=3x3_conv_channels=64x128_fc_dims=512_seed4,cnn,0.16863605451583863,0.13736332033086257,0.021248338714478506,,,0.13931654479001213,131583,131583,50,0.4931479415247646,0,True,0.45456832695830385,0.29031981220857134,1,0.31855225563049316,0.1387152075767517,0,"[3, 3]","[64, 128]",[512],6872554,bc11u21n1,407.6,trial_0137_learning_rate=1.0e-03_kernel_sizes=3x3_conv_channels=64x128_fc_dims=512_seed4,6dd9b076ec,trial_0137_learning_rate=1.0e-03_kernel_sizes=3x3_conv_channels=64x128_fc_dims=512_seed4
/scratch/sb272/patterns5k_results/slurm_base_cnn_2026-03-04_16-53-19/trial_0138_learning_rate=1.0e-03_kernel_sizes=5x3_conv_channels=128x256_fc_dims=256_seed0,cnn,0.17015009582042695,0.1342849475024406,0.013537019964248415,,,0.13852843640824364,208319,208319,34,0.4667786457986519,0,True,0.45456832695830385,0.27558918803692734,1,0.31855225563049316,0.135549858212471,0,"[5, 3]","[128, 256]",[256],6872554,bc11u21n1,384.4,trial_0138_learning_rate=1.0e-03_kernel_sizes=5x3_conv_channels=128x256_fc_dims=256_seed0,bdc8c201fd,trial_0138_learning_rate=1.0e-03_kernel_sizes=5x3_conv_channels=128x256_fc_dims=256_seed0
/scratch/sb272/patterns5k_results/slurm_base_cnn_2026-03-04_16-53-19/trial_0138_learning_rate=1.0e-03_kernel_sizes=5x3_conv_channels=128x256_fc_dims=256_seed1,cnn,0.17168323910236358,0.13535298634776793,0.0056303077273898655,,,0.13945714679217516,208319,208319,34,0.4632868251594556,0,True,0.45456832695830385,0.27331080436462923,0,0.31855225563049316,0.13613615930080414,0,"[5, 3]","[128, 256]",[256],6872554,bc11u21n1,385.5,trial_0138_learning_rate=1.0e-03_kernel_sizes=5x3_conv_channels=128x256_fc_dims=256_seed1,bdc8c201fd,trial_0138_learning_rate=1.0e-03_kernel_sizes=5x3_conv_channels=128x256_fc_dims=256_seed1
/scratch/sb272/patterns5k_results/slurm_base_cnn_2026-03-04_16-53-19/trial_0138_learning_rate=1.0e-03_kernel_sizes=5x3_conv_channels=128x256_fc_dims=256_seed2,cnn,0.16939948892593384,0.1351764113775333,0.01553928189807468,,,0.13319919078659392,208319,208319,50,0.4752463088418922,0,True,0.45456832695830385,0.280312463999406,2,0.31855225563049316,0.1363338977098465,0,"[5, 3]","[128, 256]",[256],6872554,bc11u21n1,464.9,trial_0138_learning_rate=1.0e-03_kernel_sizes=5x3_conv_channels=128x256_fc_dims=256_seed2,bdc8c201fd,trial_0138_learning_rate=1.0e-03_kernel_sizes=5x3_conv_channels=128x256_fc_dims=256_seed2
/scratch/sb272/patterns5k_results/slurm_base_cnn_2026-03-04_16-53-19/trial_0138_learning_rate=1.0e-03_kernel_sizes=5x3_conv_channels=128x256_fc_dims=256_seed3,cnn,0.17102052974700926,0.1305627698934885,0.0059766315278552825,,,0.13581375533648155,208319,208319,43,0.4771957999616387,0,True,0.45456832695830385,0.2805703044428219,1,0.31855225563049316,0.1316249668598175,0,"[5, 3]","[128, 256]",[256],6872554,bc11u21n1,409.3,trial_0138_learning_rate=1.0e-03_kernel_sizes=5x3_conv_channels=128x256_fc_dims=256_seed3,bdc8c201fd,trial_0138_learning_rate=1.0e-03_kernel_sizes=5x3_conv_channels=128x256_fc_dims=256_seed3
/scratch/sb272/patterns5k_results/slurm_base_cnn_2026-03-04_16-53-19/trial_0138_learning_rate=1.0e-03_kernel_sizes=5x3_conv_channels=128x256_fc_dims=256_seed4,cnn,0.17027664697170258,0.13340194642616413,0.009604673536996993,,,0.13501787726919048,208319,208319,33,0.47413629149548975,0,True,0.45456832695830385,0.2793052160508662,1,0.31855225563049316,0.133970245718956,0,"[5, 3]","[128, 256]",[256],6872554,bc11u21n1,384.2,trial_0138_learning_rate=1.0e-03_kernel_sizes=5x3_conv_channels=128x256_fc_dims=256_seed4,bdc8c201fd,trial_0138_learning_rate=1.0e-03_kernel_sizes=5x3_conv_channels=128x256_fc_dims=256_seed4
/scratch/sb272/patterns5k_results/slurm_base_cnn_2026-03-04_16-53-19/trial_0139_learning_rate=1.0e-03_kernel_sizes=5x3_conv_channels=128x256_fc_dims=512_seed0,cnn,0.1692731237411499,0.13720303904551617,0.01572948315786937,,,0.13793463606967055,290239,290239,35,0.48836438312319375,0,True,0.45456832695830385,0.2881403292721214,1,0.31855225563049316,0.13850454986095428,0,"[5, 3]","[128, 256]",[512],6872554,bc11u21n1,425.6,trial_0139_learning_rate=1.0e-03_kernel_sizes=5x3_conv_channels=128x256_fc_dims=512_seed0,5d8952a8c2,trial_0139_learning_rate=1.0e-03_kernel_sizes=5x3_conv_channels=128x256_fc_dims=512_seed0
/scratch/sb272/patterns5k_results/slurm_base_cnn_2026-03-04_16-53-19/trial_0139_learning_rate=1.0e-03_kernel_sizes=5x3_conv_channels=128x256_fc_dims=512_seed1,cnn,0.16964278411865236,0.13760641719346622,0.013280360471634637,,,0.14151300837310463,290239,290239,30,0.49211813034390217,0,True,0.45456832695830385,0.28801232757275613,1,0.31855225563049316,0.13832752406597137,0,"[5, 3]","[128, 256]",[512],6872554,bc11u21n1,406.8,trial_0139_learning_rate=1.0e-03_kernel_sizes=5x3_conv_channels=128x256_fc_dims=512_seed1,5d8952a8c2,trial_0139_learning_rate=1.0e-03_kernel_sizes=5x3_conv_channels=128x256_fc_dims=512_seed1
/scratch/sb272/patterns5k_results/slurm_base_cnn_2026-03-04_16-53-19/trial_0139_learning_rate=1.0e-03_kernel_sizes=5x3_conv_channels=128x256_fc_dims=512_seed2,cnn,0.16968338525295257,0.13588701422417027,0.011571508551400805,,,0.13378696513036045,290239,290239,37,0.5037816254720168,0,True,0.45456832695830385,0.2961387991018636,1,0.31855225563049316,0.13721711933612823,0,"[5, 3]","[128, 256]",[512],6872554,bc11u21n1,446.9,trial_0139_learning_rate=1.0e-03_kernel_sizes=5x3_conv_channels=128x256_fc_dims=512_seed2,5d8952a8c2,trial_0139_learning_rate=1.0e-03_kernel_sizes=5x3_conv_channels=128x256_fc_dims=512_seed2
/scratch/sb272/patterns5k_results/slurm_base_cnn_2026-03-04_16-53-19/trial_0139_learning_rate=1.0e-03_kernel_sizes=5x3_conv_channels=128x256_fc_dims=512_seed3,cnn,0.170507568359375,0.13498881472080512,0.009314069672236367,,,0.13562394850197687,290239,290239,41,0.48834553479263854,0,True,0.45456832695830385,0.2872895619837574,1,0.31855225563049316,0.1360151767730713,0,"[5, 3]","[128, 256]",[512],6872554,bc11u21n1,472.3,trial_0139_learning_rate=1.0e-03_kernel_sizes=5x3_conv_channels=128x256_fc_dims=512_seed3,5d8952a8c2,trial_0139_learning_rate=1.0e-03_kernel_sizes=5x3_conv_channels=128x256_fc_dims=512_seed3
/scratch/sb272/patterns5k_results/slurm_base_cnn_2026-03-04_16-53-19/trial_0139_learning_rate=1.0e-03_kernel_sizes=5x3_conv_channels=128x256_fc_dims=512_seed4,cnn,0.16986218762397767,0.13548651334715098,0.01145670527503604,,,0.13692271685186397,290239,290239,43,0.5084604635571321,0,True,0.45456832695830385,0.29755665544501253,1,0.31855225563049316,0.1366456001996994,0,"[5, 3]","[128, 256]",[512],6872554,bc11u21n1,480.8,trial_0139_learning_rate=1.0e-03_kernel_sizes=5x3_conv_channels=128x256_fc_dims=512_seed4,5d8952a8c2,trial_0139_learning_rate=1.0e-03_kernel_sizes=5x3_conv_channels=128x256_fc_dims=512_seed4
/scratch/sb272/patterns5k_results/slurm_base_cnn_2026-03-04_16-53-19/trial_0140_learning_rate=1.0e-03_kernel_sizes=5x3_conv_channels=128x256_fc_dims=1024_seed0,cnn,0.1706363731622696,0.13810485440359144,0.0074075668577163935,,,0.13898467647749685,454079,454079,30,0.49681486556129173,0,True,0.45456832695830385,0.29378972695125655,1,0.31855225563049316,0.13899101316928864,0,"[5, 3]","[128, 256]",[1024],6872613,bb5u21c1,341.4,trial_0140_learning_rate=1.0e-03_kernel_sizes=5x3_conv_channels=128x256_fc_dims=1024_seed0,5674ebeb9e,trial_0140_learning_rate=1.0e-03_kernel_sizes=5x3_conv_channels=128x256_fc_dims=1024_seed0
/scratch/sb272/patterns5k_results/slurm_base_cnn_2026-03-04_16-53-19/trial_0140_learning_rate=1.0e-03_kernel_sizes=5x3_conv_channels=128x256_fc_dims=1024_seed1,cnn,0.172491917014122,0.13559283372717942,-0.001030523625631181,,,0.14038122299931435,454079,454079,26,0.4971421557154023,0,True,0.45456832695830385,0.28908104177428706,1,0.31855225563049316,0.1361045390367508,0,"[5, 3]","[128, 256]",[1024],6872613,bb5u21c1,296.4,trial_0140_learning_rate=1.0e-03_kernel_sizes=5x3_conv_channels=128x256_fc_dims=1024_seed1,5674ebeb9e,trial_0140_learning_rate=1.0e-03_kernel_sizes=5x3_conv_channels=128x256_fc_dims=1024_seed1
/scratch/sb272/patterns5k_results/slurm_base_cnn_2026-03-04_16-53-19/trial_0140_learning_rate=1.0e-03_kernel_sizes=5x3_conv_channels=128x256_fc_dims=1024_seed2,cnn,0.1719294066429138,0.13629430899581113,0.0014088437670753116,,,0.13341678104083135,454079,454079,44,0.4898084696985918,0,True,0.45456832695830385,0.28691992910918507,1,0.31855225563049316,0.137539803981781,0,"[5, 3]","[128, 256]",[1024],6872613,bb5u21c1,414.8,trial_0140_learning_rate=1.0e-03_kernel_sizes=5x3_conv_channels=128x256_fc_dims=1024_seed2,5674ebeb9e,trial_0140_learning_rate=1.0e-03_kernel_sizes=5x3_conv_channels=128x256_fc_dims=1024_seed2
/scratch/sb272/patterns5k_results/slurm_base_cnn_2026-03-04_16-53-19/trial_0140_learning_rate=1.0e-03_kernel_sizes=5x3_conv_channels=128x256_fc_dims=1024_seed3,cnn,0.17195901262760163,0.13550901857577766,0.00043063125913105315,,,0.13479201893406084,454079,454079,33,0.49449892751054453,0,True,0.45456832695830385,0.29173686074137833,1,0.31855225563049316,0.13681717216968536,0,"[5, 3]","[128, 256]",[1024],6872613,bb5u21c1,343.0,trial_0140_learning_rate=1.0e-03_kernel_sizes=5x3_conv_channels=128x256_fc_dims=1024_seed3,5674ebeb9e,trial_0140_learning_rate=1.0e-03_kernel_sizes=5x3_conv_channels=128x256_fc_dims=1024_seed3
/scratch/sb272/patterns5k_results/slurm_base_cnn_2026-03-04_16-53-19/trial_0140_learning_rate=1.0e-03_kernel_sizes=5x3_conv_channels=128x256_fc_dims=1024_seed4,cnn,0.17317627131938934,0.13337446748731047,-0.005332555089678083,,,0.13736597821460578,454079,454079,31,0.4920489433767968,0,True,0.45456832695830385,0.28883209418451233,1,0.31855225563049316,0.13354700803756714,0,"[5, 3]","[128, 256]",[1024],6872613,bb5u21c1,326.6,trial_0140_learning_rate=1.0e-03_kernel_sizes=5x3_conv_channels=128x256_fc_dims=1024_seed4,5674ebeb9e,trial_0140_learning_rate=1.0e-03_kernel_sizes=5x3_conv_channels=128x256_fc_dims=1024_seed4
/scratch/sb272/patterns5k_results/slurm_base_cnn_2026-03-04_16-53-19/trial_0141_learning_rate=1.0e-03_kernel_sizes=3x3x3_conv_channels=32x64x128_fc_dims=128_seed0,cnn,0.1679968374967575,0.1349218921385522,0.02243531412548489,,,0.13901678943314663,60063,60063,50,0.4882795316806459,0,True,0.45456832695830385,0.2815066412258366,2,0.31855225563049316,0.13619938492774963,0,"[3, 3, 3]","[32, 64, 128]",[128],6872613,bb5u21c1,242.6,trial_0141_learning_rate=1.0e-03_kernel_sizes=3x3x3_conv_channels=32x64x128_fc_dims=128_seed0,374105e673,trial_0141_learning_rate=1.0e-03_kernel_sizes=3x3x3_conv_channels=32x64x128_fc_dims=128_seed0
/scratch/sb272/patterns5k_results/slurm_base_cnn_2026-03-04_16-53-19/trial_0141_learning_rate=1.0e-03_kernel_sizes=3x3x3_conv_channels=32x64x128_fc_dims=128_seed1,cnn,0.1680451809167862,0.13411345669168553,0.022261828657180543,,,0.14101532669054306,60063,60063,50,0.48154679434076536,0,True,0.45456832695830385,0.2801621157805568,2,0.31855225563049316,0.13551931083202362,0,"[3, 3, 3]","[32, 64, 128]",[128],6872613,bb5u21c1,241.4,trial_0141_learning_rate=1.0e-03_kernel_sizes=3x3x3_conv_channels=32x64x128_fc_dims=128_seed1,374105e673,trial_0141_learning_rate=1.0e-03_kernel_sizes=3x3x3_conv_channels=32x64x128_fc_dims=128_seed1
/scratch/sb272/patterns5k_results/slurm_base_cnn_2026-03-04_16-53-19/trial_0141_learning_rate=1.0e-03_kernel_sizes=3x3x3_conv_channels=32x64x128_fc_dims=128_seed2,cnn,0.16833863067626953,0.13191363442976511,0.020909245998140365,,,0.13479576239949093,60063,60063,50,0.47706737333535565,0,True,0.45456832695830385,0.2764850390060181,2,0.31855225563049316,0.13232995569705963,0,"[3, 3, 3]","[32, 64, 128]",[128],6872613,bb5u21c1,245.4,trial_0141_learning_rate=1.0e-03_kernel_sizes=3x3x3_conv_channels=32x64x128_fc_dims=128_seed2,374105e673,trial_0141_learning_rate=1.0e-03_kernel_sizes=3x3x3_conv_channels=32x64x128_fc_dims=128_seed2
/scratch/sb272/patterns5k_results/slurm_base_cnn_2026-03-04_16-53-19/trial_0141_learning_rate=1.0e-03_kernel_sizes=3x3x3_conv_channels=32x64x128_fc_dims=128_seed3,cnn,0.16810362780094146,0.13351859373125355,0.02198061678144667,,,0.134112010048512,60063,60063,50,0.46334712264716627,0,True,0.45456832695830385,0.2714033489710633,2,0.31855225563049316,0.1347312182188034,0,"[3, 3, 3]","[32, 64, 128]",[128],6872613,bb5u21c1,244.1,trial_0141_learning_rate=1.0e-03_kernel_sizes=3x3x3_conv_channels=32x64x128_fc_dims=128_seed3,374105e673,trial_0141_learning_rate=1.0e-03_kernel_sizes=3x3x3_conv_channels=32x64x128_fc_dims=128_seed3
/scratch/sb272/patterns5k_results/slurm_base_cnn_2026-03-04_16-53-19/trial_0141_learning_rate=1.0e-03_kernel_sizes=3x3x3_conv_channels=32x64x128_fc_dims=128_seed4,cnn,0.16821589207649232,0.13486522049172647,0.021686326889764695,,,0.13800884768368551,60063,60063,50,0.4764573154100574,0,True,0.45456832695830385,0.2797851875069394,1,0.31855225563049316,0.13582469522953033,0,"[3, 3, 3]","[32, 64, 128]",[128],6872613,bb5u21c1,242.2,trial_0141_learning_rate=1.0e-03_kernel_sizes=3x3x3_conv_channels=32x64x128_fc_dims=128_seed4,374105e673,trial_0141_learning_rate=1.0e-03_kernel_sizes=3x3x3_conv_channels=32x64x128_fc_dims=128_seed4
/scratch/sb272/patterns5k_results/slurm_base_cnn_2026-03-04_16-53-19/trial_0142_learning_rate=1.0e-03_kernel_sizes=3x3x3_conv_channels=32x64x128_fc_dims=256_seed0,cnn,0.16770667588710786,0.13910056388621145,0.023708473122309125,,,0.14403988584068175,84639,84639,50,0.5104573191901864,0,True,0.45456832695830385,0.29433468113204814,2,0.31855225563049316,0.14019660651683807,0,"[3, 3, 3]","[32, 64, 128]",[256],6872613,bb5u21c1,254.8,trial_0142_learning_rate=1.0e-03_kernel_sizes=3x3x3_conv_channels=32x64x128_fc_dims=256_seed0,aa00942da9,trial_0142_learning_rate=1.0e-03_kernel_sizes=3x3x3_conv_channels=32x64x128_fc_dims=256_seed0
/scratch/sb272/patterns5k_results/slurm_base_cnn_2026-03-04_16-53-19/trial_0142_learning_rate=1.0e-03_kernel_sizes=3x3x3_conv_channels=32x64x128_fc_dims=256_seed1,cnn,0.16804314565658568,0.1359979819730622,0.022515667809380427,,,0.1451940824438781,84639,84639,50,0.486680205350572,0,True,0.45456832695830385,0.28413929534855215,1,0.31855225563049316,0.1371777504682541,0,"[3, 3, 3]","[32, 64, 128]",[256],6872613,bb5u21c1,253.4,trial_0142_learning_rate=1.0e-03_kernel_sizes=3x3x3_conv_channels=32x64x128_fc_dims=256_seed1,aa00942da9,trial_0142_learning_rate=1.0e-03_kernel_sizes=3x3x3_conv_channels=32x64x128_fc_dims=256_seed1
/scratch/sb272/patterns5k_results/slurm_base_cnn_2026-03-04_16-53-19/trial_0142_learning_rate=1.0e-03_kernel_sizes=3x3x3_conv_channels=32x64x128_fc_dims=256_seed2,cnn,0.16800506007671356,0.13576790668439448,0.02229584398723784,,,0.13806541150946872,84639,84639,50,0.48309842278034015,0,True,0.45456832695830385,0.2813485767200314,1,0.31855225563049316,0.13661369681358337,0,"[3, 3, 3]","[32, 64, 128]",[256],6872613,bb5u21c1,255.1,trial_0142_learning_rate=1.0e-03_kernel_sizes=3x3x3_conv_channels=32x64x128_fc_dims=256_seed2,aa00942da9,trial_0142_learning_rate=1.0e-03_kernel_sizes=3x3x3_conv_channels=32x64x128_fc_dims=256_seed2
/scratch/sb272/patterns5k_results/slurm_base_cnn_2026-03-04_16-53-19/trial_0142_learning_rate=1.0e-03_kernel_sizes=3x3x3_conv_channels=32x64x128_fc_dims=256_seed3,cnn,0.1679324151277542,0.13735178350174038,0.022919012440575495,,,0.13957553869386327,84639,84639,50,0.49070611589992164,0,True,0.45456832695830385,0.28530501382064716,1,0.31855225563049316,0.13825775682926178,0,"[3, 3, 3]","[32, 64, 128]",[256],6872613,bb5u21c1,252.4,trial_0142_learning_rate=1.0e-03_kernel_sizes=3x3x3_conv_channels=32x64x128_fc_dims=256_seed3,aa00942da9,trial_0142_learning_rate=1.0e-03_kernel_sizes=3x3x3_conv_channels=32x64x128_fc_dims=256_seed3
/scratch/sb272/patterns5k_results/slurm_base_cnn_2026-03-04_16-53-19/trial_0142_learning_rate=1.0e-03_kernel_sizes=3x3x3_conv_channels=32x64x128_fc_dims=256_seed4,cnn,0.16809126472473143,0.13447498713453357,0.02224773641616579,,,0.14185865137513054,84639,84639,50,0.47701350467912057,0,True,0.45456832695830385,0.27897153295883753,1,0.31855225563049316,0.13483130931854248,0,"[3, 3, 3]","[32, 64, 128]",[256],6872613,bb5u21c1,290.2,trial_0142_learning_rate=1.0e-03_kernel_sizes=3x3x3_conv_channels=32x64x128_fc_dims=256_seed4,aa00942da9,trial_0142_learning_rate=1.0e-03_kernel_sizes=3x3x3_conv_channels=32x64x128_fc_dims=256_seed4
/scratch/sb272/patterns5k_results/slurm_base_cnn_2026-03-04_16-53-19/trial_0143_learning_rate=1.0e-03_kernel_sizes=5x3x3_conv_channels=64x128x256_fc_dims=256_seed0,cnn,0.16766878640651703,0.14097495521184783,0.02324430053196256,,,0.14461961546152716,219647,219647,44,0.47976408390966496,0,True,0.45456832695830385,0.28013678450194235,0,0.31855225563049316,0.1413436383008957,0,"[5, 3, 3]","[64, 128, 256]",[256],6872613,bb5u21c1,479.7,trial_0143_learning_rate=1.0e-03_kernel_sizes=5x3x3_conv_channels=64x128x256_fc_dims=256_seed0,69daecdb68,trial_0143_learning_rate=1.0e-03_kernel_sizes=5x3x3_conv_channels=64x128x256_fc_dims=256_seed0
/scratch/sb272/patterns5k_results/slurm_base_cnn_2026-03-04_16-53-19/trial_0143_learning_rate=1.0e-03_kernel_sizes=5x3x3_conv_channels=64x128x256_fc_dims=256_seed1,cnn,0.16793530905246734,0.13589982749055718,0.0218314424393669,,,0.14351558500367648,219647,219647,41,0.4694425036747972,0,True,0.45456832695830385,0.2738606117972069,1,0.31855225563049316,0.13670594990253448,0,"[5, 3, 3]","[64, 128, 256]",[256],6872613,bb5u21c1,474.3,trial_0143_learning_rate=1.0e-03_kernel_sizes=5x3x3_conv_channels=64x128x256_fc_dims=256_seed1,69daecdb68,trial_0143_learning_rate=1.0e-03_kernel_sizes=5x3x3_conv_channels=64x128x256_fc_dims=256_seed1
/scratch/sb272/patterns5k_results/slurm_base_cnn_2026-03-04_16-53-19/trial_0143_learning_rate=1.0e-03_kernel_sizes=5x3x3_conv_channels=64x128x256_fc_dims=256_seed2,cnn,0.16825848984718322,0.13897791748187655,0.02323802974489,,,0.13750145734944438,219647,219647,48,0.5108306748054762,0,True,0.45456832695830385,0.2941891453435687,1,0.31855225563049316,0.14003711938858032,0,"[5, 3, 3]","[64, 128, 256]",[256],6872613,bb5u21c1,521.0,trial_0143_learning_rate=1.0e-03_kernel_sizes=5x3x3_conv_channels=64x128x256_fc_dims=256_seed2,69daecdb68,trial_0143_learning_rate=1.0e-03_kernel_sizes=5x3x3_conv_channels=64x128x256_fc_dims=256_seed2
/scratch/sb272/patterns5k_results/slurm_base_cnn_2026-03-04_16-53-19/trial_0143_learning_rate=1.0e-03_kernel_sizes=5x3x3_conv_channels=64x128x256_fc_dims=256_seed3,cnn,0.16784194839000702,0.13826444536406604,0.023226468336014522,,,0.1394415570165372,219647,219647,44,0.4817878623351021,0,True,0.45456832695830385,0.2829443097706082,2,0.31855225563049316,0.1392582207918167,0,"[5, 3, 3]","[64, 128, 256]",[256],6872613,bb5u21c1,488.4,trial_0143_learning_rate=1.0e-03_kernel_sizes=5x3x3_conv_channels=64x128x256_fc_dims=256_seed3,69daecdb68,trial_0143_learning_rate=1.0e-03_kernel_sizes=5x3x3_conv_channels=64x128x256_fc_dims=256_seed3
/scratch/sb272/patterns5k_results/slurm_base_cnn_2026-03-04_16-53-19/trial_0143_learning_rate=1.0e-03_kernel_sizes=5x3x3_conv_channels=64x128x256_fc_dims=256_seed4,cnn,0.16763370656967164,0.13952049628310953,0.021928481639377655,,,0.14350524136969411,219647,219647,43,0.4885792723716404,0,True,0.45456832695830385,0.28340696113502095,1,0.31855225563049316,0.13985575735569,0,"[5, 3, 3]","[64, 128, 256]",[256],6872613,bb5u21c1,483.0,trial_0143_learning_rate=1.0e-03_kernel_sizes=5x3x3_conv_channels=64x128x256_fc_dims=256_seed4,69daecdb68,trial_0143_learning_rate=1.0e-03_kernel_sizes=5x3x3_conv_channels=64x128x256_fc_dims=256_seed4
/scratch/sb272/patterns5k_results/slurm_base_cnn_2026-03-04_16-53-19/trial_0144_learning_rate=1.0e-03_kernel_sizes=5x3x3_conv_channels=64x128x256_fc_dims=512_seed0,cnn,0.16760804796218873,0.140912278719388,0.023757764271327426,,,0.14661966463695433,301567,301567,39,0.4970839718414697,0,True,0.45456832695830385,0.2862069466097574,2,0.31855225563049316,0.14149782061576843,0,"[5, 3, 3]","[64, 128, 256]",[512],6872613,bb5u21c1,519.6,trial_0144_learning_rate=1.0e-03_kernel_sizes=5x3x3_conv_channels=64x128x256_fc_dims=512_seed0,395b3a8385,trial_0144_learning_rate=1.0e-03_kernel_sizes=5x3x3_conv_channels=64x128x256_fc_dims=512_seed0
/scratch/sb272/patterns5k_results/slurm_base_cnn_2026-03-04_16-53-19/trial_0144_learning_rate=1.0e-03_kernel_sizes=5x3x3_conv_channels=64x128x256_fc_dims=512_seed1,cnn,0.1679785318374634,0.14040606241475256,0.023798073094988628,,,0.14872988411930835,301567,301567,46,0.49224464415026953,0,True,0.45456832695830385,0.2852654779710218,1,0.31855225563049316,0.14125390350818634,0,"[5, 3, 3]","[64, 128, 256]",[512],6872613,bb5u21c1,556.0,trial_0144_learning_rate=1.0e-03_kernel_sizes=5x3x3_conv_channels=64x128x256_fc_dims=512_seed1,395b3a8385,trial_0144_learning_rate=1.0e-03_kernel_sizes=5x3x3_conv_channels=64x128x256_fc_dims=512_seed1
/scratch/sb272/patterns5k_results/slurm_base_cnn_2026-03-04_16-53-19/trial_0144_learning_rate=1.0e-03_kernel_sizes=5x3x3_conv_channels=64x128x256_fc_dims=512_seed2,cnn,0.16772034358978272,0.14227693586572468,0.022835830847422283,,,0.13966488389869128,301567,301567,46,0.4961481245455779,0,True,0.45456832695830385,0.28668863146541274,1,0.31855225563049316,0.14329198002815247,0,"[5, 3, 3]","[64, 128, 256]",[512],6872613,bb5u21c1,582.9,trial_0144_learning_rate=1.0e-03_kernel_sizes=5x3x3_conv_channels=64x128x256_fc_dims=512_seed2,395b3a8385,trial_0144_learning_rate=1.0e-03_kernel_sizes=5x3x3_conv_channels=64x128x256_fc_dims=512_seed2
/scratch/sb272/patterns5k_results/slurm_base_cnn_2026-03-04_16-53-19/trial_0144_learning_rate=1.0e-03_kernel_sizes=5x3x3_conv_channels=64x128x256_fc_dims=512_seed3,cnn,0.16825922799110413,0.13565066143136756,0.021298101024022176,,,0.14216478239722333,301567,301567,45,0.47870823574981214,0,True,0.45456832695830385,0.2796759696034096,1,0.31855225563049316,0.13647836446762085,0,"[5, 3, 3]","[64, 128, 256]",[512],6872613,bb5u21c1,559.1,trial_0144_learning_rate=1.0e-03_kernel_sizes=5x3x3_conv_channels=64x128x256_fc_dims=512_seed3,395b3a8385,trial_0144_learning_rate=1.0e-03_kernel_sizes=5x3x3_conv_channels=64x128x256_fc_dims=512_seed3
/scratch/sb272/patterns5k_results/slurm_base_cnn_2026-03-04_16-53-19/trial_0144_learning_rate=1.0e-03_kernel_sizes=5x3x3_conv_channels=64x128x256_fc_dims=512_seed4,cnn,0.16788311207294465,0.14043860280075,0.02288585901260376,,,0.14484926666341008,301567,301567,50,0.5121581526750135,0,True,0.45456832695830385,0.29568212322122306,2,0.31855225563049316,0.1416635513305664,0,"[5, 3, 3]","[64, 128, 256]",[512],6872613,bb5u21c1,605.9,trial_0144_learning_rate=1.0e-03_kernel_sizes=5x3x3_conv_channels=64x128x256_fc_dims=512_seed4,395b3a8385,trial_0144_learning_rate=1.0e-03_kernel_sizes=5x3x3_conv_channels=64x128x256_fc_dims=512_seed4
/scratch/sb272/patterns5k_results/slurm_base_cnn_2026-03-04_16-53-19/trial_0145_learning_rate=1.0e-03_kernel_sizes=5x3x3_conv_channels=64x128x256_fc_dims=1024_seed0,cnn,0.16744532299041748,0.1448453343994037,0.024462723542773533,,,0.14921909091692018,465407,465407,39,0.5107443203450031,0,True,0.45456832695830385,0.29840633110263015,0,0.31855225563049316,0.1461944431066513,0,"[5, 3, 3]","[64, 128, 256]",[1024],6872613,bb5u21c1,642.0,trial_0145_learning_rate=1.0e-03_kernel_sizes=5x3x3_conv_channels=64x128x256_fc_dims=1024_seed0,d5b91e0cfc,trial_0145_learning_rate=1.0e-03_kernel_sizes=5x3x3_conv_channels=64x128x256_fc_dims=1024_seed0
/scratch/sb272/patterns5k_results/slurm_base_cnn_2026-03-04_16-53-19/trial_0145_learning_rate=1.0e-03_kernel_sizes=5x3x3_conv_channels=64x128x256_fc_dims=1024_seed1,cnn,0.16807885777950288,0.13834327473816865,0.020453504153660367,,,0.14825270637502683,465407,465407,38,0.4845379317786671,0,True,0.45456832695830385,0.2813997961873314,0,0.31855225563049316,0.13875935971736908,0,"[5, 3, 3]","[64, 128, 256]",[1024],6872613,bb5u21c1,633.0,trial_0145_learning_rate=1.0e-03_kernel_sizes=5x3x3_conv_channels=64x128x256_fc_dims=1024_seed1,d5b91e0cfc,trial_0145_learning_rate=1.0e-03_kernel_sizes=5x3x3_conv_channels=64x128x256_fc_dims=1024_seed1
/scratch/sb272/patterns5k_results/slurm_base_cnn_2026-03-04_16-53-19/trial_0145_learning_rate=1.0e-03_kernel_sizes=5x3x3_conv_channels=64x128x256_fc_dims=1024_seed2,cnn,0.16765956687927247,0.14129756169380178,0.020778778999570816,,,0.1420057844241713,465407,465407,41,0.503039661939494,0,True,0.45456832695830385,0.2896782152234045,1,0.31855225563049316,0.14188140630722046,0,"[5, 3, 3]","[64, 128, 256]",[1024],6872613,bb5u21c1,658.3,trial_0145_learning_rate=1.0e-03_kernel_sizes=5x3x3_conv_channels=64x128x256_fc_dims=1024_seed2,d5b91e0cfc,trial_0145_learning_rate=1.0e-03_kernel_sizes=5x3x3_conv_channels=64x128x256_fc_dims=1024_seed2
/scratch/sb272/patterns5k_results/slurm_base_cnn_2026-03-04_16-53-19/trial_0145_learning_rate=1.0e-03_kernel_sizes=5x3x3_conv_channels=64x128x256_fc_dims=1024_seed3,cnn,0.16807033562660217,0.14016572526143123,0.0232018960846795,,,0.14395216687391205,465407,465407,40,0.5034929575539796,0,True,0.45456832695830385,0.29079131594376495,1,0.31855225563049316,0.140812948346138,0,"[5, 3, 3]","[64, 128, 256]",[1024],6872613,bb5u21c1,653.2,trial_0145_learning_rate=1.0e-03_kernel_sizes=5x3x3_conv_channels=64x128x256_fc_dims=1024_seed3,d5b91e0cfc,trial_0145_learning_rate=1.0e-03_kernel_sizes=5x3x3_conv_channels=64x128x256_fc_dims=1024_seed3
/scratch/sb272/patterns5k_results/slurm_base_cnn_2026-03-04_16-53-19/trial_0145_learning_rate=1.0e-03_kernel_sizes=5x3x3_conv_channels=64x128x256_fc_dims=1024_seed4,cnn,0.16811290538311005,0.14030956374634973,0.022046745769561282,,,0.1443556684126845,465407,465407,41,0.4951678199456403,0,True,0.45456832695830385,0.283622883726021,3,0.31855225563049316,0.14083895087242126,0,"[5, 3, 3]","[64, 128, 256]",[1024],6872613,bb5u21c1,654.4,trial_0145_learning_rate=1.0e-03_kernel_sizes=5x3x3_conv_channels=64x128x256_fc_dims=1024_seed4,d5b91e0cfc,trial_0145_learning_rate=1.0e-03_kernel_sizes=5x3x3_conv_channels=64x128x256_fc_dims=1024_seed4
/scratch/sb272/patterns5k_results/slurm_base_cnn_2026-03-04_16-53-19/trial_0146_learning_rate=1.0e-03_kernel_sizes=3x3x3_conv_channels=128x128x128_fc_dims=256_seed0,cnn,0.16911590564250947,0.13054225783976917,0.01995419604437692,,,0.138860289218501,164799,164799,38,0.4472550058594995,0,True,0.45456832695830385,0.2606284462562695,2,0.31855225563049316,0.13098514080047607,0,"[3, 3, 3]","[128, 128, 128]",[256],6872613,bb5u21c1,420.4,trial_0146_learning_rate=1.0e-03_kernel_sizes=3x3x3_conv_channels=128x128x128_fc_dims=256_seed0,04459aca4e,trial_0146_learning_rate=1.0e-03_kernel_sizes=3x3x3_conv_channels=128x128x128_fc_dims=256_seed0
/scratch/sb272/patterns5k_results/slurm_base_cnn_2026-03-04_16-53-19/trial_0146_learning_rate=1.0e-03_kernel_sizes=3x3x3_conv_channels=128x128x128_fc_dims=256_seed1,cnn,0.16874154698848726,0.1293117404967564,0.019449767612275622,,,0.1419210824007954,164799,164799,35,0.4516458207243662,0,True,0.45456832695830385,0.2661586579437772,1,0.31855225563049316,0.13000214099884033,0,"[3, 3, 3]","[128, 128, 128]",[256],6872613,bb5u21c1,405.1,trial_0146_learning_rate=1.0e-03_kernel_sizes=3x3x3_conv_channels=128x128x128_fc_dims=256_seed1,04459aca4e,trial_0146_learning_rate=1.0e-03_kernel_sizes=3x3x3_conv_channels=128x128x128_fc_dims=256_seed1
/scratch/sb272/patterns5k_results/slurm_base_cnn_2026-03-04_16-53-19/trial_0146_learning_rate=1.0e-03_kernel_sizes=3x3x3_conv_channels=128x128x128_fc_dims=256_seed2,cnn,0.16852973735332488,0.1332547324256773,0.02061228903513106,,,0.13205855268528058,164799,164799,33,0.49800120808712084,0,True,0.45456832695830385,0.2867027659610844,2,0.31855225563049316,0.1342235505580902,0,"[3, 3, 3]","[128, 128, 128]",[256],6872613,bb5u21c1,377.3,trial_0146_learning_rate=1.0e-03_kernel_sizes=3x3x3_conv_channels=128x128x128_fc_dims=256_seed2,04459aca4e,trial_0146_learning_rate=1.0e-03_kernel_sizes=3x3x3_conv_channels=128x128x128_fc_dims=256_seed2
/scratch/sb272/patterns5k_results/slurm_base_cnn_2026-03-04_16-53-19/trial_0146_learning_rate=1.0e-03_kernel_sizes=3x3x3_conv_channels=128x128x128_fc_dims=256_seed3,cnn,0.16920654535293578,0.1323657303249026,0.017700838664221386,,,0.1337669572932776,164799,164799,32,0.4535672350534721,0,True,0.45456832695830385,0.2686645439862715,1,0.31855225563049316,0.13274866342544556,0,"[3, 3, 3]","[128, 128, 128]",[256],6872613,bb5u21c1,372.3,trial_0146_learning_rate=1.0e-03_kernel_sizes=3x3x3_conv_channels=128x128x128_fc_dims=256_seed3,04459aca4e,trial_0146_learning_rate=1.0e-03_kernel_sizes=3x3x3_conv_channels=128x128x128_fc_dims=256_seed3
/scratch/sb272/patterns5k_results/slurm_base_cnn_2026-03-04_16-53-19/trial_0146_learning_rate=1.0e-03_kernel_sizes=3x3x3_conv_channels=128x128x128_fc_dims=256_seed4,cnn,0.16878286600112916,0.13450378067779262,0.018878118386344303,,,0.13679074490251505,164799,164799,40,0.49179060949210107,0,True,0.45456832695830385,0.28446483038419057,1,0.31855225563049316,0.13459166884422302,0,"[3, 3, 3]","[128, 128, 128]",[256],6872613,bb5u21c1,412.8,trial_0146_learning_rate=1.0e-03_kernel_sizes=3x3x3_conv_channels=128x128x128_fc_dims=256_seed4,04459aca4e,trial_0146_learning_rate=1.0e-03_kernel_sizes=3x3x3_conv_channels=128x128x128_fc_dims=256_seed4
/scratch/sb272/patterns5k_results/slurm_base_cnn_2026-03-04_16-53-19/trial_0147_learning_rate=1.0e-03_kernel_sizes=3x3x3_conv_channels=128x128x128_fc_dims=512_seed0,cnn,0.16894457423686982,0.1358249402744547,0.016831378142038982,,,0.14269046611284225,213951,213951,37,0.4730170780220394,0,True,0.45456832695830385,0.2781113271842226,0,0.31855225563049316,0.1362467259168625,0,"[3, 3, 3]","[128, 128, 128]",[512],6872613,bb5u21c1,433.7,trial_0147_learning_rate=1.0e-03_kernel_sizes=3x3x3_conv_channels=128x128x128_fc_dims=512_seed0,c0b1a88f87,trial_0147_learning_rate=1.0e-03_kernel_sizes=3x3x3_conv_channels=128x128x128_fc_dims=512_seed0
/scratch/sb272/patterns5k_results/slurm_base_cnn_2026-03-04_16-53-19/trial_0147_learning_rate=1.0e-03_kernel_sizes=3x3x3_conv_channels=128x128x128_fc_dims=512_seed1,cnn,0.1688312190771103,0.13732170118553697,0.018925592066749694,,,0.1426688686978337,213951,213951,33,0.49228843241113057,0,True,0.45456832695830385,0.2900438786541848,1,0.31855225563049316,0.1388123631477356,0,"[3, 3, 3]","[128, 128, 128]",[512],6872613,bb5u21c1,288.3,trial_0147_learning_rate=1.0e-03_kernel_sizes=3x3x3_conv_channels=128x128x128_fc_dims=512_seed1,c0b1a88f87,trial_0147_learning_rate=1.0e-03_kernel_sizes=3x3x3_conv_channels=128x128x128_fc_dims=512_seed1
/scratch/sb272/patterns5k_results/slurm_base_cnn_2026-03-04_16-53-19/trial_0147_learning_rate=1.0e-03_kernel_sizes=3x3x3_conv_channels=128x128x128_fc_dims=512_seed2,cnn,0.16812278044223786,0.13758878035956332,0.02200993375172691,,,0.13552690576066073,213951,213951,30,0.4796825568043666,0,True,0.45456832695830385,0.28198805284985734,1,0.31855225563049316,0.13858628273010254,0,"[3, 3, 3]","[128, 128, 128]",[512],6872613,bb5u21c1,255.4,trial_0147_learning_rate=1.0e-03_kernel_sizes=3x3x3_conv_channels=128x128x128_fc_dims=512_seed2,c0b1a88f87,trial_0147_learning_rate=1.0e-03_kernel_sizes=3x3x3_conv_channels=128x128x128_fc_dims=512_seed2
/scratch/sb272/patterns5k_results/slurm_base_cnn_2026-03-04_16-53-19/trial_0147_learning_rate=1.0e-03_kernel_sizes=3x3x3_conv_channels=128x128x128_fc_dims=512_seed3,cnn,0.16909733402729035,0.13162278488565723,0.018567414510817754,,,0.1349110108174704,213951,213951,34,0.47606904432073693,0,True,0.45456832695830385,0.27749036750615824,1,0.31855225563049316,0.1320696324110031,0,"[3, 3, 3]","[128, 128, 128]",[512],6872613,bb5u21c1,261.3,trial_0147_learning_rate=1.0e-03_kernel_sizes=3x3x3_conv_channels=128x128x128_fc_dims=512_seed3,c0b1a88f87,trial_0147_learning_rate=1.0e-03_kernel_sizes=3x3x3_conv_channels=128x128x128_fc_dims=512_seed3
/scratch/sb272/patterns5k_results/slurm_base_cnn_2026-03-04_16-53-19/trial_0147_learning_rate=1.0e-03_kernel_sizes=3x3x3_conv_channels=128x128x128_fc_dims=512_seed4,cnn,0.16849080789089202,0.13528750751525662,0.01938386190505255,,,0.14085875609860338,213951,213951,38,0.5148031804741833,0,True,0.45456832695830385,0.29696114768126286,2,0.31855225563049316,0.13596004247665405,0,"[3, 3, 3]","[128, 128, 128]",[512],6872613,bb5u21c1,279.4,trial_0147_learning_rate=1.0e-03_kernel_sizes=3x3x3_conv_channels=128x128x128_fc_dims=512_seed4,c0b1a88f87,trial_0147_learning_rate=1.0e-03_kernel_sizes=3x3x3_conv_channels=128x128x128_fc_dims=512_seed4
/scratch/sb272/patterns5k_results/slurm_base_cnn_2026-03-04_16-53-19/trial_0148_learning_rate=1.0e-03_kernel_sizes=3x3x3_conv_channels=256x256x256_fc_dims=512_seed0,cnn,0.16833685338497162,0.13648060013086416,0.02078765630722046,,,0.13828014296263672,591679,591679,25,0.505175679546681,0,True,0.45456832695830385,0.2943742262716013,1,0.31855225563049316,0.1371125727891922,0,"[3, 3, 3]","[256, 256, 256]",[512],6872613,bb5u21c1,329.5,trial_0148_learning_rate=1.0e-03_kernel_sizes=3x3x3_conv_channels=256x256x256_fc_dims=512_seed0,24af1ed91c,trial_0148_learning_rate=1.0e-03_kernel_sizes=3x3x3_conv_channels=256x256x256_fc_dims=512_seed0
/scratch/sb272/patterns5k_results/slurm_base_cnn_2026-03-04_16-53-19/trial_0148_learning_rate=1.0e-03_kernel_sizes=3x3x3_conv_channels=256x256x256_fc_dims=512_seed1,cnn,0.16817341029644012,0.13838006311613454,0.022041721949501644,,,0.14223799171439414,591679,591679,25,0.47698133277099386,0,True,0.45456832695830385,0.2779814634824136,1,0.31855225563049316,0.1394839584827423,0,"[3, 3, 3]","[256, 256, 256]",[512],6872613,bb5u21c1,349.8,trial_0148_learning_rate=1.0e-03_kernel_sizes=3x3x3_conv_channels=256x256x256_fc_dims=512_seed1,24af1ed91c,trial_0148_learning_rate=1.0e-03_kernel_sizes=3x3x3_conv_channels=256x256x256_fc_dims=512_seed1
/scratch/sb272/patterns5k_results/slurm_base_cnn_2026-03-04_16-53-19/trial_0148_learning_rate=1.0e-03_kernel_sizes=3x3x3_conv_channels=256x256x256_fc_dims=512_seed2,cnn,0.16863128423690796,0.13681610908674705,0.01827292972140842,,,0.13440746652734528,591679,591679,30,0.49072869407258557,0,True,0.45456832695830385,0.2856211463786378,2,0.31855225563049316,0.13742557168006897,0,"[3, 3, 3]","[256, 256, 256]",[512],6872613,bb5u21c1,391.4,trial_0148_learning_rate=1.0e-03_kernel_sizes=3x3x3_conv_channels=256x256x256_fc_dims=512_seed2,24af1ed91c,trial_0148_learning_rate=1.0e-03_kernel_sizes=3x3x3_conv_channels=256x256x256_fc_dims=512_seed2
/scratch/sb272/patterns5k_results/slurm_base_cnn_2026-03-04_16-53-19/trial_0148_learning_rate=1.0e-03_kernel_sizes=3x3x3_conv_channels=256x256x256_fc_dims=512_seed3,cnn,0.16906597900390624,0.13108788802720142,0.017291493832118927,,,0.13514736865692203,591679,591679,26,0.47136760458590554,0,True,0.45456832695830385,0.27767187479531186,1,0.31855225563049316,0.13184186816215515,0,"[3, 3, 3]","[256, 256, 256]",[512],6872613,bb5u21c1,362.1,trial_0148_learning_rate=1.0e-03_kernel_sizes=3x3x3_conv_channels=256x256x256_fc_dims=512_seed3,24af1ed91c,trial_0148_learning_rate=1.0e-03_kernel_sizes=3x3x3_conv_channels=256x256x256_fc_dims=512_seed3
/scratch/sb272/patterns5k_results/slurm_base_cnn_2026-03-04_16-53-19/trial_0148_learning_rate=1.0e-03_kernel_sizes=3x3x3_conv_channels=256x256x256_fc_dims=512_seed4,cnn,0.16952846372127534,0.13237912458884768,0.014823402677263533,,,0.13746377911563007,591679,591679,25,0.4661542236601067,0,True,0.45456832695830385,0.2761019042663391,1,0.31855225563049316,0.1327647864818573,0,"[3, 3, 3]","[256, 256, 256]",[512],6872613,bb5u21c1,352.1,trial_0148_learning_rate=1.0e-03_kernel_sizes=3x3x3_conv_channels=256x256x256_fc_dims=512_seed4,24af1ed91c,trial_0148_learning_rate=1.0e-03_kernel_sizes=3x3x3_conv_channels=256x256x256_fc_dims=512_seed4
/scratch/sb272/patterns5k_results/slurm_base_cnn_2026-03-04_16-53-19/trial_0149_learning_rate=1.0e-03_kernel_sizes=3x3x3_conv_channels=256x256x256_fc_dims=1024_seed0,cnn,0.1692333129644394,0.13697432362518083,0.016809071813310896,,,0.13972733576753446,755519,755519,25,0.4803128192845391,0,True,0.45456832695830385,0.2815535828983549,1,0.31855225563049316,0.13737362623214722,0,"[3, 3, 3]","[256, 256, 256]",[1024],6872613,bb5u21c1,398.5,trial_0149_learning_rate=1.0e-03_kernel_sizes=3x3x3_conv_channels=256x256x256_fc_dims=1024_seed0,6745aa532a,trial_0149_learning_rate=1.0e-03_kernel_sizes=3x3x3_conv_channels=256x256x256_fc_dims=1024_seed0
/scratch/sb272/patterns5k_results/slurm_base_cnn_2026-03-04_16-53-19/trial_0149_learning_rate=1.0e-03_kernel_sizes=3x3x3_conv_channels=256x256x256_fc_dims=1024_seed1,cnn,0.1696877909898758,0.13024510496953845,0.016165902690281942,,,0.14091133365144268,755519,755519,28,0.4836820115488263,0,True,0.45456832695830385,0.281763874967449,1,0.31855225563049316,0.13037891685962677,0,"[3, 3, 3]","[256, 256, 256]",[1024],6872613,bb5u21c1,434.7,trial_0149_learning_rate=1.0e-03_kernel_sizes=3x3x3_conv_channels=256x256x256_fc_dims=1024_seed1,6745aa532a,trial_0149_learning_rate=1.0e-03_kernel_sizes=3x3x3_conv_channels=256x256x256_fc_dims=1024_seed1
/scratch/sb272/patterns5k_results/slurm_base_cnn_2026-03-04_16-53-19/trial_0149_learning_rate=1.0e-03_kernel_sizes=3x3x3_conv_channels=256x256x256_fc_dims=1024_seed2,cnn,0.1691725182533264,0.13514058439337118,0.020459503408462282,,,0.1336935398376803,755519,755519,28,0.4870070336724628,0,True,0.45456832695830385,0.28443510044373765,2,0.31855225563049316,0.1356981098651886,0,"[3, 3, 3]","[256, 256, 256]",[1024],6872613,bb5u21c1,428.6,trial_0149_learning_rate=1.0e-03_kernel_sizes=3x3x3_conv_channels=256x256x256_fc_dims=1024_seed2,6745aa532a,trial_0149_learning_rate=1.0e-03_kernel_sizes=3x3x3_conv_channels=256x256x256_fc_dims=1024_seed2
/scratch/sb272/patterns5k_results/slurm_base_cnn_2026-03-04_16-53-19/trial_0149_learning_rate=1.0e-03_kernel_sizes=3x3x3_conv_channels=256x256x256_fc_dims=1024_seed3,cnn,0.16932222259044646,0.1306914848735661,0.017121332032339915,,,0.13464498854873497,755519,755519,23,0.4545240776944473,0,True,0.45456832695830385,0.2707837881967348,1,0.31855225563049316,0.13157154619693756,0,"[3, 3, 3]","[256, 256, 256]",[1024],6872613,bb5u21c1,381.9,trial_0149_learning_rate=1.0e-03_kernel_sizes=3x3x3_conv_channels=256x256x256_fc_dims=1024_seed3,6745aa532a,trial_0149_learning_rate=1.0e-03_kernel_sizes=3x3x3_conv_channels=256x256x256_fc_dims=1024_seed3
/scratch/sb272/patterns5k_results/slurm_base_cnn_2026-03-04_16-53-19/trial_0149_learning_rate=1.0e-03_kernel_sizes=3x3x3_conv_channels=256x256x256_fc_dims=1024_seed4,cnn,0.1703547375202179,0.1359397408333753,0.009797448203677223,,,0.13890731126354575,755519,755519,26,0.47453195809490795,0,True,0.45456832695830385,0.2830745351535961,1,0.31855225563049316,0.13720376789569855,0,"[3, 3, 3]","[256, 256, 256]",[1024],6872613,bb5u21c1,414.4,trial_0149_learning_rate=1.0e-03_kernel_sizes=3x3x3_conv_channels=256x256x256_fc_dims=1024_seed4,6745aa532a,trial_0149_learning_rate=1.0e-03_kernel_sizes=3x3x3_conv_channels=256x256x256_fc_dims=1024_seed4
/scratch/sb272/patterns5k_results/slurm_base_cnn_2026-03-04_16-53-19/trial_0150_learning_rate=1.0e-03_kernel_sizes=3x3_conv_channels=64x128_fc_dims=128_seed0,cnn,0.1688803536891937,0.13356433104785478,0.020585835926116458,,,0.13801690534634226,57855,57855,50,0.493169191333419,0,True,0.45456832695830385,0.28647380993993316,2,0.31855225563049316,0.13454808294773102,0,"[3, 3]","[64, 128]",[128],6872625,bc11u19n2,361.4,trial_0150_learning_rate=1.0e-03_kernel_sizes=3x3_conv_channels=64x128_fc_dims=128_seed0,cb21502143,trial_0150_learning_rate=1.0e-03_kernel_sizes=3x3_conv_channels=64x128_fc_dims=128_seed0
/scratch/sb272/patterns5k_results/slurm_base_cnn_2026-03-04_16-53-19/trial_0150_learning_rate=1.0e-03_kernel_sizes=3x3_conv_channels=64x128_fc_dims=128_seed1,cnn,0.16894908666610717,0.13180171975452024,0.020117912027570937,,,0.13869669247429808,57855,57855,50,0.4747895682848162,0,True,0.45456832695830385,0.281411288052174,1,0.31855225563049316,0.13279955089092255,0,"[3, 3]","[64, 128]",[128],6872625,bc11u19n2,346.3,trial_0150_learning_rate=1.0e-03_kernel_sizes=3x3_conv_channels=64x128_fc_dims=128_seed1,cb21502143,trial_0150_learning_rate=1.0e-03_kernel_sizes=3x3_conv_channels=64x128_fc_dims=128_seed1
/scratch/sb272/patterns5k_results/slurm_base_cnn_2026-03-04_16-53-19/trial_0150_learning_rate=1.0e-03_kernel_sizes=3x3_conv_channels=64x128_fc_dims=128_seed2,cnn,0.16858776354789734,0.13480523893790175,0.02179383947735741,,,0.131567107482212,57855,57855,50,0.47851417639082405,0,True,0.45456832695830385,0.2830829887290937,1,0.31855225563049316,0.13606815040111542,0,"[3, 3]","[64, 128]",[128],6872625,bc11u19n2,341.1,trial_0150_learning_rate=1.0e-03_kernel_sizes=3x3_conv_channels=64x128_fc_dims=128_seed2,cb21502143,trial_0150_learning_rate=1.0e-03_kernel_sizes=3x3_conv_channels=64x128_fc_dims=128_seed2
/scratch/sb272/patterns5k_results/slurm_base_cnn_2026-03-04_16-53-19/trial_0150_learning_rate=1.0e-03_kernel_sizes=3x3_conv_channels=64x128_fc_dims=128_seed3,cnn,0.16912376868724824,0.13444871963616128,0.02001479599210951,,,0.13435751009402871,57855,57855,50,0.47979399459055816,0,True,0.45456832695830385,0.28121182280422263,2,0.31855225563049316,0.13568727672100067,0,"[3, 3]","[64, 128]",[128],6872625,bc11u19n2,341.2,trial_0150_learning_rate=1.0e-03_kernel_sizes=3x3_conv_channels=64x128_fc_dims=128_seed3,cb21502143,trial_0150_learning_rate=1.0e-03_kernel_sizes=3x3_conv_channels=64x128_fc_dims=128_seed3
/scratch/sb272/patterns5k_results/slurm_base_cnn_2026-03-04_16-53-19/trial_0150_learning_rate=1.0e-03_kernel_sizes=3x3_conv_channels=64x128_fc_dims=128_seed4,cnn,0.16877469074726104,0.1323652980996023,0.02143901018869309,,,0.1345634085362849,57855,57855,50,0.47897548283611935,0,True,0.45456832695830385,0.2825857026040995,1,0.31855225563049316,0.13381072878837585,0,"[3, 3]","[64, 128]",[128],6872625,bc11u19n2,336.6,trial_0150_learning_rate=1.0e-03_kernel_sizes=3x3_conv_channels=64x128_fc_dims=128_seed4,cb21502143,trial_0150_learning_rate=1.0e-03_kernel_sizes=3x3_conv_channels=64x128_fc_dims=128_seed4
/scratch/sb272/patterns5k_results/slurm_base_cnn_2026-03-04_16-53-19/trial_0151_learning_rate=1.0e-03_kernel_sizes=3x3_conv_channels=64x128_fc_dims=256_seed0,cnn,0.168843665599823,0.13489732622160525,0.020630806211441283,,,0.14160636954989284,82431,82431,50,0.49980222361304744,0,True,0.45456832695830385,0.29018940571627044,2,0.31855225563049316,0.13591642677783966,0,"[3, 3]","[64, 128]",[256],6872625,bc11u19n2,353.9,trial_0151_learning_rate=1.0e-03_kernel_sizes=3x3_conv_channels=64x128_fc_dims=256_seed0,104926aa7f,trial_0151_learning_rate=1.0e-03_kernel_sizes=3x3_conv_channels=64x128_fc_dims=256_seed0
/scratch/sb272/patterns5k_results/slurm_base_cnn_2026-03-04_16-53-19/trial_0151_learning_rate=1.0e-03_kernel_sizes=3x3_conv_channels=64x128_fc_dims=256_seed1,cnn,0.16895152616500855,0.137889071869496,0.02104783436608693,,,0.14151813639274688,82431,82431,50,0.4915428141008065,0,True,0.45456832695830385,0.2891539751463233,1,0.31855225563049316,0.1393001526594162,0,"[3, 3]","[64, 128]",[256],6872625,bc11u19n2,354.0,trial_0151_learning_rate=1.0e-03_kernel_sizes=3x3_conv_channels=64x128_fc_dims=256_seed1,104926aa7f,trial_0151_learning_rate=1.0e-03_kernel_sizes=3x3_conv_channels=64x128_fc_dims=256_seed1
/scratch/sb272/patterns5k_results/slurm_base_cnn_2026-03-04_16-53-19/trial_0151_learning_rate=1.0e-03_kernel_sizes=3x3_conv_channels=64x128_fc_dims=256_seed2,cnn,0.1691104884147644,0.13576122850587694,0.020167641223423065,,,0.13653185809833415,82431,82431,46,0.4920984747487429,0,True,0.45456832695830385,0.28747526757320885,1,0.31855225563049316,0.13705763220787048,0,"[3, 3]","[64, 128]",[256],6872625,bc11u19n2,344.9,trial_0151_learning_rate=1.0e-03_kernel_sizes=3x3_conv_channels=64x128_fc_dims=256_seed2,104926aa7f,trial_0151_learning_rate=1.0e-03_kernel_sizes=3x3_conv_channels=64x128_fc_dims=256_seed2
/scratch/sb272/patterns5k_results/slurm_base_cnn_2026-03-04_16-53-19/trial_0151_learning_rate=1.0e-03_kernel_sizes=3x3_conv_channels=64x128_fc_dims=256_seed3,cnn,0.168911163687706,0.13786573003990588,0.0203938985627795,,,0.13552157201218976,82431,82431,48,0.4832846141678378,0,True,0.45456832695830385,0.28451781186597735,1,0.31855225563049316,0.1391611099243164,0,"[3, 3]","[64, 128]",[256],6872625,bc11u19n2,384.4,trial_0151_learning_rate=1.0e-03_kernel_sizes=3x3_conv_channels=64x128_fc_dims=256_seed3,104926aa7f,trial_0151_learning_rate=1.0e-03_kernel_sizes=3x3_conv_channels=64x128_fc_dims=256_seed3
/scratch/sb272/patterns5k_results/slurm_base_cnn_2026-03-04_16-53-19/trial_0151_learning_rate=1.0e-03_kernel_sizes=3x3_conv_channels=64x128_fc_dims=256_seed4,cnn,0.1687692438364029,0.13482028581356723,0.020029107729593914,,,0.1387826256815371,82431,82431,47,0.49365991945246274,0,True,0.45456832695830385,0.2898920211820509,1,0.31855225563049316,0.1357133388519287,0,"[3, 3]","[64, 128]",[256],6872625,bc11u19n2,489.1,trial_0151_learning_rate=1.0e-03_kernel_sizes=3x3_conv_channels=64x128_fc_dims=256_seed4,104926aa7f,trial_0151_learning_rate=1.0e-03_kernel_sizes=3x3_conv_channels=64x128_fc_dims=256_seed4
/scratch/sb272/patterns5k_results/slurm_base_cnn_2026-03-04_16-53-19/trial_0152_learning_rate=1.0e-03_kernel_sizes=3x3_conv_channels=64x128_fc_dims=512_seed0,cnn,0.16895293188095092,0.13877521703209156,0.020086536331782267,,,0.14166167795866436,131583,131583,50,0.5081194525497537,0,True,0.45456832695830385,0.2977795701091327,1,0.31855225563049316,0.14007054269313812,0,"[3, 3]","[64, 128]",[512],6872625,bc11u19n2,574.1,trial_0152_learning_rate=1.0e-03_kernel_sizes=3x3_conv_channels=64x128_fc_dims=512_seed0,01e4543742,trial_0152_learning_rate=1.0e-03_kernel_sizes=3x3_conv_channels=64x128_fc_dims=512_seed0
/scratch/sb272/patterns5k_results/slurm_base_cnn_2026-03-04_16-53-19/trial_0152_learning_rate=1.0e-03_kernel_sizes=3x3_conv_channels=64x128_fc_dims=512_seed1,cnn,0.1692251787185669,0.1374949254368056,0.019564296518053328,,,0.14376599705975127,131583,131583,47,0.49614893002775023,0,True,0.45456832695830385,0.29125928402625545,1,0.31855225563049316,0.13886596262454987,0,"[3, 3]","[64, 128]",[512],6872625,bc11u19n2,540.1,trial_0152_learning_rate=1.0e-03_kernel_sizes=3x3_conv_channels=64x128_fc_dims=512_seed1,01e4543742,trial_0152_learning_rate=1.0e-03_kernel_sizes=3x3_conv_channels=64x128_fc_dims=512_seed1
/scratch/sb272/patterns5k_results/slurm_base_cnn_2026-03-04_16-53-19/trial_0152_learning_rate=1.0e-03_kernel_sizes=3x3_conv_channels=64x128_fc_dims=512_seed2,cnn,0.16994544875621795,0.1371701952188863,0.017821225855085585,,,0.13610288359752873,131583,131583,43,0.5009548682414536,0,True,0.45456832695830385,0.2934132596623504,1,0.31855225563049316,0.1382462978363037,0,"[3, 3]","[64, 128]",[512],6872625,bc11u19n2,502.3,trial_0152_learning_rate=1.0e-03_kernel_sizes=3x3_conv_channels=64x128_fc_dims=512_seed2,01e4543742,trial_0152_learning_rate=1.0e-03_kernel_sizes=3x3_conv_channels=64x128_fc_dims=512_seed2
/scratch/sb272/patterns5k_results/slurm_base_cnn_2026-03-04_16-53-19/trial_0152_learning_rate=1.0e-03_kernel_sizes=3x3_conv_channels=64x128_fc_dims=512_seed3,cnn,0.1689217926263809,0.13869013183147177,0.020213317303430466,,,0.13879932013000945,131583,131583,50,0.5018452103936556,0,True,0.45456832695830385,0.2933535674374014,1,0.31855225563049316,0.14046689867973328,0,"[3, 3]","[64, 128]",[512],6872625,bc11u19n2,467.4,trial_0152_learning_rate=1.0e-03_kernel_sizes=3x3_conv_channels=64x128_fc_dims=512_seed3,01e4543742,trial_0152_learning_rate=1.0e-03_kernel_sizes=3x3_conv_channels=64x128_fc_dims=512_seed3
/scratch/sb272/patterns5k_results/slurm_base_cnn_2026-03-04_16-53-19/trial_0152_learning_rate=1.0e-03_kernel_sizes=3x3_conv_channels=64x128_fc_dims=512_seed4,cnn,0.16931210243701936,0.13730899337624716,0.019339651342422243,,,0.1389121482400829,131583,131583,50,0.4981808056626136,0,True,0.45456832695830385,0.2926512000839976,1,0.31855225563049316,0.13876472413539886,0,"[3, 3]","[64, 128]",[512],6872625,bc11u19n2,485.8,trial_0152_learning_rate=1.0e-03_kernel_sizes=3x3_conv_channels=64x128_fc_dims=512_seed4,01e4543742,trial_0152_learning_rate=1.0e-03_kernel_sizes=3x3_conv_channels=64x128_fc_dims=512_seed4
/scratch/sb272/patterns5k_results/slurm_base_cnn_2026-03-04_16-53-19/trial_0153_learning_rate=1.0e-03_kernel_sizes=5x3_conv_channels=128x256_fc_dims=256_seed0,cnn,0.16960824799537658,0.13443338015835501,0.014094571272532145,,,0.1372413315157627,208319,208319,39,0.48630648882532423,0,True,0.45456832695830385,0.2851568116994484,1,0.31855225563049316,0.1348882019519806,0,"[5, 3]","[128, 256]",[256],6872625,bc11u19n2,466.8,trial_0153_learning_rate=1.0e-03_kernel_sizes=5x3_conv_channels=128x256_fc_dims=256_seed0,8f2928017f,trial_0153_learning_rate=1.0e-03_kernel_sizes=5x3_conv_channels=128x256_fc_dims=256_seed0
/scratch/sb272/patterns5k_results/slurm_base_cnn_2026-03-04_16-53-19/trial_0153_learning_rate=1.0e-03_kernel_sizes=5x3_conv_channels=128x256_fc_dims=256_seed1,cnn,0.17011215806007385,0.13337238362917556,0.010848915766155908,,,0.1378672168426177,208319,208319,31,0.4787154682880661,0,True,0.45456832695830385,0.2801318718026608,1,0.31855225563049316,0.13373389840126038,0,"[5, 3]","[128, 256]",[256],6872625,bc11u19n2,410.9,trial_0153_learning_rate=1.0e-03_kernel_sizes=5x3_conv_channels=128x256_fc_dims=256_seed1,8f2928017f,trial_0153_learning_rate=1.0e-03_kernel_sizes=5x3_conv_channels=128x256_fc_dims=256_seed1
/scratch/sb272/patterns5k_results/slurm_base_cnn_2026-03-04_16-53-19/trial_0153_learning_rate=1.0e-03_kernel_sizes=5x3_conv_channels=128x256_fc_dims=256_seed2,cnn,0.1700587829351425,0.1361151439316561,0.011333350151304215,,,0.13322410739647195,208319,208319,38,0.49470668271830537,0,True,0.45456832695830385,0.2921150784061184,1,0.31855225563049316,0.13699814677238464,0,"[5, 3]","[128, 256]",[256],6872625,bc11u19n2,457.5,trial_0153_learning_rate=1.0e-03_kernel_sizes=5x3_conv_channels=128x256_fc_dims=256_seed2,8f2928017f,trial_0153_learning_rate=1.0e-03_kernel_sizes=5x3_conv_channels=128x256_fc_dims=256_seed2
/scratch/sb272/patterns5k_results/slurm_base_cnn_2026-03-04_16-53-19/trial_0153_learning_rate=1.0e-03_kernel_sizes=5x3_conv_channels=128x256_fc_dims=256_seed3,cnn,0.1698852685689926,0.1357489354230168,0.014877770628247942,,,0.13495558301620844,208319,208319,36,0.4815229547957485,0,True,0.45456832695830385,0.284623816654341,1,0.31855225563049316,0.13676591217517853,0,"[5, 3]","[128, 256]",[256],6872625,bc11u19n2,445.0,trial_0153_learning_rate=1.0e-03_kernel_sizes=5x3_conv_channels=128x256_fc_dims=256_seed3,8f2928017f,trial_0153_learning_rate=1.0e-03_kernel_sizes=5x3_conv_channels=128x256_fc_dims=256_seed3
/scratch/sb272/patterns5k_results/slurm_base_cnn_2026-03-04_16-53-19/trial_0153_learning_rate=1.0e-03_kernel_sizes=5x3_conv_channels=128x256_fc_dims=256_seed4,cnn,0.16962509036064147,0.13530997935300257,0.012705060224684457,,,0.13695137049848013,208319,208319,43,0.48527346701876256,0,True,0.45456832695830385,0.28398645084021407,1,0.31855225563049316,0.13562175631523132,0,"[5, 3]","[128, 256]",[256],6872625,bc11u19n2,498.5,trial_0153_learning_rate=1.0e-03_kernel_sizes=5x3_conv_channels=128x256_fc_dims=256_seed4,8f2928017f,trial_0153_learning_rate=1.0e-03_kernel_sizes=5x3_conv_channels=128x256_fc_dims=256_seed4
/scratch/sb272/patterns5k_results/slurm_base_cnn_2026-03-04_16-53-19/trial_0154_learning_rate=1.0e-03_kernel_sizes=5x3_conv_channels=128x256_fc_dims=512_seed0,cnn,0.16948184585571288,0.1381406205310213,0.014098819286104233,,,0.13819500443540206,290239,290239,35,0.5185339655949962,0,True,0.45456832695830385,0.30099987059907185,1,0.31855225563049316,0.13910552859306335,0,"[5, 3]","[128, 256]",[512],6872625,bc11u19n2,495.2,trial_0154_learning_rate=1.0e-03_kernel_sizes=5x3_conv_channels=128x256_fc_dims=512_seed0,251a578fd1,trial_0154_learning_rate=1.0e-03_kernel_sizes=5x3_conv_channels=128x256_fc_dims=512_seed0
/scratch/sb272/patterns5k_results/slurm_base_cnn_2026-03-04_16-53-19/trial_0154_learning_rate=1.0e-03_kernel_sizes=5x3_conv_channels=128x256_fc_dims=512_seed1,cnn,0.16887747430801392,0.13562725972078626,0.016435284463186112,,,0.14029198046172217,290239,290239,28,0.4847683457420366,0,True,0.45456832695830385,0.28663611841686565,1,0.31855225563049316,0.13633137941360474,0,"[5, 3]","[128, 256]",[512],6872625,bc11u19n2,419.0,trial_0154_learning_rate=1.0e-03_kernel_sizes=5x3_conv_channels=128x256_fc_dims=512_seed1,251a578fd1,trial_0154_learning_rate=1.0e-03_kernel_sizes=5x3_conv_channels=128x256_fc_dims=512_seed1
/scratch/sb272/patterns5k_results/slurm_base_cnn_2026-03-04_16-53-19/trial_0154_learning_rate=1.0e-03_kernel_sizes=5x3_conv_channels=128x256_fc_dims=512_seed2,cnn,0.17004784643650056,0.13894986492064682,0.010738345365675668,,,0.13434893246008964,290239,290239,42,0.5157500775178865,0,True,0.45456832695830385,0.302602013768721,1,0.31855225563049316,0.14057382941246033,0,"[5, 3]","[128, 256]",[512],6872625,bc11u19n2,533.9,trial_0154_learning_rate=1.0e-03_kernel_sizes=5x3_conv_channels=128x256_fc_dims=512_seed2,251a578fd1,trial_0154_learning_rate=1.0e-03_kernel_sizes=5x3_conv_channels=128x256_fc_dims=512_seed2
/scratch/sb272/patterns5k_results/slurm_base_cnn_2026-03-04_16-53-19/trial_0154_learning_rate=1.0e-03_kernel_sizes=5x3_conv_channels=128x256_fc_dims=512_seed3,cnn,0.17051652359962463,0.13682892911383665,0.009496566795167468,,,0.13677459366190037,290239,290239,35,0.5118826944183674,0,True,0.45456832695830385,0.2991077778040559,1,0.31855225563049316,0.1376204639673233,0,"[5, 3]","[128, 256]",[512],6872625,bc11u19n2,488.3,trial_0154_learning_rate=1.0e-03_kernel_sizes=5x3_conv_channels=128x256_fc_dims=512_seed3,251a578fd1,trial_0154_learning_rate=1.0e-03_kernel_sizes=5x3_conv_channels=128x256_fc_dims=512_seed3
/scratch/sb272/patterns5k_results/slurm_base_cnn_2026-03-04_16-53-19/trial_0154_learning_rate=1.0e-03_kernel_sizes=5x3_conv_channels=128x256_fc_dims=512_seed4,cnn,0.17053779709339142,0.14057973041385524,0.009047455257839628,,,0.13919576817637544,290239,290239,38,0.5096615739359722,0,True,0.45456832695830385,0.2990869361862625,1,0.31855225563049316,0.14208564162254333,0,"[5, 3]","[128, 256]",[512],6872625,bc11u19n2,515.2,trial_0154_learning_rate=1.0e-03_kernel_sizes=5x3_conv_channels=128x256_fc_dims=512_seed4,251a578fd1,trial_0154_learning_rate=1.0e-03_kernel_sizes=5x3_conv_channels=128x256_fc_dims=512_seed4
/scratch/sb272/patterns5k_results/slurm_base_cnn_2026-03-04_16-53-19/trial_0155_learning_rate=1.0e-03_kernel_sizes=5x3_conv_channels=128x256_fc_dims=1024_seed0,cnn,0.17045030224323274,0.13551535313755064,0.009599215454525419,,,0.13979148099566666,454079,454079,31,0.47571416407179207,0,True,0.45456832695830385,0.279435535211419,1,0.31855225563049316,0.13617298007011414,0,"[5, 3]","[128, 256]",[1024],6872625,bc11u19n2,537.7,trial_0155_learning_rate=1.0e-03_kernel_sizes=5x3_conv_channels=128x256_fc_dims=1024_seed0,b2c5ad88c8,trial_0155_learning_rate=1.0e-03_kernel_sizes=5x3_conv_channels=128x256_fc_dims=1024_seed0
/scratch/sb272/patterns5k_results/slurm_base_cnn_2026-03-04_16-53-19/trial_0155_learning_rate=1.0e-03_kernel_sizes=5x3_conv_channels=128x256_fc_dims=1024_seed1,cnn,0.16915245485305785,0.13832848193150177,0.01656060843240647,,,0.14054163268731648,454079,454079,33,0.4918763580046818,0,True,0.45456832695830385,0.2889254438954891,1,0.31855225563049316,0.13960744440555573,0,"[5, 3]","[128, 256]",[1024],6872625,bc11u19n2,551.4,trial_0155_learning_rate=1.0e-03_kernel_sizes=5x3_conv_channels=128x256_fc_dims=1024_seed1,b2c5ad88c8,trial_0155_learning_rate=1.0e-03_kernel_sizes=5x3_conv_channels=128x256_fc_dims=1024_seed1
/scratch/sb272/patterns5k_results/slurm_base_cnn_2026-03-04_16-53-19/trial_0155_learning_rate=1.0e-03_kernel_sizes=5x3_conv_channels=128x256_fc_dims=1024_seed2,cnn,0.1716687525510788,0.13470706858521223,0.0016613441800314283,,,0.13330511441908705,454079,454079,36,0.5219659554953354,0,True,0.45456832695830385,0.3034719833652652,1,0.31855225563049316,0.13596464693546295,0,"[5, 3]","[128, 256]",[1024],6872625,bc11u19n2,569.1,trial_0155_learning_rate=1.0e-03_kernel_sizes=5x3_conv_channels=128x256_fc_dims=1024_seed2,b2c5ad88c8,trial_0155_learning_rate=1.0e-03_kernel_sizes=5x3_conv_channels=128x256_fc_dims=1024_seed2
/scratch/sb272/patterns5k_results/slurm_base_cnn_2026-03-04_16-53-19/trial_0155_learning_rate=1.0e-03_kernel_sizes=5x3_conv_channels=128x256_fc_dims=1024_seed3,cnn,0.16945110642910002,0.13457088436117884,0.014990237024095323,,,0.13723255255063307,454079,454079,30,0.5158648601192444,0,True,0.45456832695830385,0.2986820523907129,2,0.31855225563049316,0.13550032675266266,0,"[5, 3]","[128, 256]",[1024],6872625,bc11u19n2,526.2,trial_0155_learning_rate=1.0e-03_kernel_sizes=5x3_conv_channels=128x256_fc_dims=1024_seed3,b2c5ad88c8,trial_0155_learning_rate=1.0e-03_kernel_sizes=5x3_conv_channels=128x256_fc_dims=1024_seed3
/scratch/sb272/patterns5k_results/slurm_base_cnn_2026-03-04_16-53-19/trial_0155_learning_rate=1.0e-03_kernel_sizes=5x3_conv_channels=128x256_fc_dims=1024_seed4,cnn,0.1709928504228592,0.1339910018154072,0.0038527780108981663,,,0.1366880570264168,454079,454079,34,0.49074705454615464,0,True,0.45456832695830385,0.2905663519797547,1,0.31855225563049316,0.13505882024765015,0,"[5, 3]","[128, 256]",[1024],6872625,bc11u19n2,566.3,trial_0155_learning_rate=1.0e-03_kernel_sizes=5x3_conv_channels=128x256_fc_dims=1024_seed4,b2c5ad88c8,trial_0155_learning_rate=1.0e-03_kernel_sizes=5x3_conv_channels=128x256_fc_dims=1024_seed4
/scratch/sb272/patterns5k_results/slurm_base_cnn_2026-03-04_16-53-19/trial_0156_learning_rate=1.0e-03_kernel_sizes=3x3x3_conv_channels=32x64x128_fc_dims=128_seed0,cnn,0.16786259984970092,0.137882917937566,0.023578178314935593,,,0.14043515626438707,60063,60063,50,0.48312551376516744,0,True,0.45456832695830385,0.2817133542792596,1,0.31855225563049316,0.1388317197561264,0,"[3, 3, 3]","[32, 64, 128]",[128],6872625,bc11u19n2,420.7,trial_0156_learning_rate=1.0e-03_kernel_sizes=3x3x3_conv_channels=32x64x128_fc_dims=128_seed0,ac2ec9e751,trial_0156_learning_rate=1.0e-03_kernel_sizes=3x3x3_conv_channels=32x64x128_fc_dims=128_seed0
/scratch/sb272/patterns5k_results/slurm_base_cnn_2026-03-04_16-53-19/trial_0156_learning_rate=1.0e-03_kernel_sizes=3x3x3_conv_channels=32x64x128_fc_dims=128_seed1,cnn,0.16841390001773834,0.13565771045505348,0.02174596180991521,,,0.14241554874686246,60063,60063,50,0.4843976279488816,0,True,0.45456832695830385,0.2802144690387903,1,0.31855225563049316,0.1366090029478073,0,"[3, 3, 3]","[32, 64, 128]",[128],6872625,bc11u19n2,418.5,trial_0156_learning_rate=1.0e-03_kernel_sizes=3x3x3_conv_channels=32x64x128_fc_dims=128_seed1,ac2ec9e751,trial_0156_learning_rate=1.0e-03_kernel_sizes=3x3x3_conv_channels=32x64x128_fc_dims=128_seed1
/scratch/sb272/patterns5k_results/slurm_base_cnn_2026-03-04_16-53-19/trial_0156_learning_rate=1.0e-03_kernel_sizes=3x3x3_conv_channels=32x64x128_fc_dims=128_seed2,cnn,0.16811257326602935,0.13488926379688188,0.021992941697438557,,,0.13233193657555967,60063,60063,50,0.4726217558290832,0,True,0.45456832695830385,0.2763725768429939,1,0.31855225563049316,0.13588964939117432,0,"[3, 3, 3]","[32, 64, 128]",[128],6872625,bc11u19n2,419.7,trial_0156_learning_rate=1.0e-03_kernel_sizes=3x3x3_conv_channels=32x64x128_fc_dims=128_seed2,ac2ec9e751,trial_0156_learning_rate=1.0e-03_kernel_sizes=3x3x3_conv_channels=32x64x128_fc_dims=128_seed2
/scratch/sb272/patterns5k_results/slurm_base_cnn_2026-03-04_16-53-19/trial_0156_learning_rate=1.0e-03_kernel_sizes=3x3x3_conv_channels=32x64x128_fc_dims=128_seed3,cnn,0.1683637340068817,0.13377698104407268,0.021568373082176087,,,0.13682320308649554,60063,60063,50,0.46087155252487855,0,True,0.45456832695830385,0.26931560096737517,2,0.31855225563049316,0.13459135591983795,0,"[3, 3, 3]","[32, 64, 128]",[128],6872625,bc11u19n2,421.9,trial_0156_learning_rate=1.0e-03_kernel_sizes=3x3x3_conv_channels=32x64x128_fc_dims=128_seed3,ac2ec9e751,trial_0156_learning_rate=1.0e-03_kernel_sizes=3x3x3_conv_channels=32x64x128_fc_dims=128_seed3
/scratch/sb272/patterns5k_results/slurm_base_cnn_2026-03-04_16-53-19/trial_0156_learning_rate=1.0e-03_kernel_sizes=3x3x3_conv_channels=32x64x128_fc_dims=128_seed4,cnn,0.1685633661746979,0.13248760065726423,0.02017501327726576,,,0.13781431928435414,60063,60063,50,0.4781287940042039,0,True,0.45456832695830385,0.27733486323469003,2,0.31855225563049316,0.13346271216869354,0,"[3, 3, 3]","[32, 64, 128]",[128],6872625,bc11u19n2,427.9,trial_0156_learning_rate=1.0e-03_kernel_sizes=3x3x3_conv_channels=32x64x128_fc_dims=128_seed4,ac2ec9e751,trial_0156_learning_rate=1.0e-03_kernel_sizes=3x3x3_conv_channels=32x64x128_fc_dims=128_seed4
/scratch/sb272/patterns5k_results/slurm_base_cnn_2026-03-04_16-53-19/trial_0157_learning_rate=1.0e-03_kernel_sizes=3x3x3_conv_channels=32x64x128_fc_dims=256_seed0,cnn,0.16783998894691468,0.13935307856968512,0.02404871346458556,,,0.1441302169551307,84639,84639,50,0.5144601348223914,0,True,0.45456832695830385,0.2946374392508126,2,0.31855225563049316,0.14055439829826355,0,"[3, 3, 3]","[32, 64, 128]",[256],6872625,bc11u19n2,433.4,trial_0157_learning_rate=1.0e-03_kernel_sizes=3x3x3_conv_channels=32x64x128_fc_dims=256_seed0,ec5c2df346,trial_0157_learning_rate=1.0e-03_kernel_sizes=3x3x3_conv_channels=32x64x128_fc_dims=256_seed0
/scratch/sb272/patterns5k_results/slurm_base_cnn_2026-03-04_16-53-19/trial_0157_learning_rate=1.0e-03_kernel_sizes=3x3x3_conv_channels=32x64x128_fc_dims=256_seed1,cnn,0.16788966608047484,0.13760665580679934,0.02293835367475237,,,0.14494987398479406,84639,84639,50,0.49686507863982743,0,True,0.45456832695830385,0.2868086804514282,1,0.31855225563049316,0.13880620896816254,0,"[3, 3, 3]","[32, 64, 128]",[256],6872625,bc11u19n2,432.3,trial_0157_learning_rate=1.0e-03_kernel_sizes=3x3x3_conv_channels=32x64x128_fc_dims=256_seed1,ec5c2df346,trial_0157_learning_rate=1.0e-03_kernel_sizes=3x3x3_conv_channels=32x64x128_fc_dims=256_seed1
/scratch/sb272/patterns5k_results/slurm_base_cnn_2026-03-04_16-53-19/trial_0157_learning_rate=1.0e-03_kernel_sizes=3x3x3_conv_channels=32x64x128_fc_dims=256_seed2,cnn,0.1677305736541748,0.13990820775561696,0.023466283366793676,,,0.13787519769924061,84639,84639,50,0.4998857372886259,0,True,0.45456832695830385,0.29143455307834726,1,0.31855225563049316,0.14086240530014038,0,"[3, 3, 3]","[32, 64, 128]",[256],6872625,bc11u19n2,439.8,trial_0157_learning_rate=1.0e-03_kernel_sizes=3x3x3_conv_channels=32x64x128_fc_dims=256_seed2,ec5c2df346,trial_0157_learning_rate=1.0e-03_kernel_sizes=3x3x3_conv_channels=32x64x128_fc_dims=256_seed2
/scratch/sb272/patterns5k_results/slurm_base_cnn_2026-03-04_16-53-19/trial_0157_learning_rate=1.0e-03_kernel_sizes=3x3x3_conv_channels=32x64x128_fc_dims=256_seed3,cnn,0.16795217263698578,0.1360649141118145,0.022419260607825384,,,0.13921679332109008,84639,84639,50,0.48258836426156726,0,True,0.45456832695830385,0.2822741154394506,1,0.31855225563049316,0.13717789947986603,0,"[3, 3, 3]","[32, 64, 128]",[256],6872625,bc11u19n2,448.6,trial_0157_learning_rate=1.0e-03_kernel_sizes=3x3x3_conv_channels=32x64x128_fc_dims=256_seed3,ec5c2df346,trial_0157_learning_rate=1.0e-03_kernel_sizes=3x3x3_conv_channels=32x64x128_fc_dims=256_seed3
/scratch/sb272/patterns5k_results/slurm_base_cnn_2026-03-04_16-53-19/trial_0157_learning_rate=1.0e-03_kernel_sizes=3x3x3_conv_channels=32x64x128_fc_dims=256_seed4,cnn,0.16788716399669648,0.13717255851612362,0.022980091117677234,,,0.14097553323187997,84639,84639,50,0.4891099413755869,0,True,0.45456832695830385,0.28440576638918497,1,0.31855225563049316,0.13831445574760437,0,"[3, 3, 3]","[32, 64, 128]",[256],6872625,bc11u19n2,438.5,trial_0157_learning_rate=1.0e-03_kernel_sizes=3x3x3_conv_channels=32x64x128_fc_dims=256_seed4,ec5c2df346,trial_0157_learning_rate=1.0e-03_kernel_sizes=3x3x3_conv_channels=32x64x128_fc_dims=256_seed4
/scratch/sb272/patterns5k_results/slurm_base_cnn_2026-03-04_16-53-19/trial_0158_learning_rate=1.0e-03_kernel_sizes=5x3x3_conv_channels=64x128x256_fc_dims=256_seed0,cnn,0.16783826220035553,0.13914287155977145,0.023271846392798046,,,0.14474410541414,219647,219647,50,0.4765259311248557,0,True,0.45456832695830385,0.27591179638155455,1,0.31855225563049316,0.13983289897441864,0,"[5, 3, 3]","[64, 128, 256]",[256],6872625,bc11u19n2,553.0,trial_0158_learning_rate=1.0e-03_kernel_sizes=5x3x3_conv_channels=64x128x256_fc_dims=256_seed0,5f48ca96b9,trial_0158_learning_rate=1.0e-03_kernel_sizes=5x3x3_conv_channels=64x128x256_fc_dims=256_seed0
/scratch/sb272/patterns5k_results/slurm_base_cnn_2026-03-04_16-53-19/trial_0158_learning_rate=1.0e-03_kernel_sizes=5x3x3_conv_channels=64x128x256_fc_dims=256_seed1,cnn,0.16778643202781676,0.13879205269964437,0.023220158758617583,,,0.14637786147494652,219647,219647,50,0.4951228611613207,0,True,0.45456832695830385,0.28753699023904683,1,0.31855225563049316,0.1397935003042221,0,"[5, 3, 3]","[64, 128, 256]",[256],6872625,bc11u19n2,567.1,trial_0158_learning_rate=1.0e-03_kernel_sizes=5x3x3_conv_channels=64x128x256_fc_dims=256_seed1,5f48ca96b9,trial_0158_learning_rate=1.0e-03_kernel_sizes=5x3x3_conv_channels=64x128x256_fc_dims=256_seed1
/scratch/sb272/patterns5k_results/slurm_base_cnn_2026-03-04_16-53-19/trial_0158_learning_rate=1.0e-03_kernel_sizes=5x3x3_conv_channels=64x128x256_fc_dims=256_seed2,cnn,0.1678150190114975,0.1399853342692491,0.02245382751737322,,,0.13816686742150958,219647,219647,50,0.5128920902312143,0,True,0.45456832695830385,0.2959876467878718,1,0.31855225563049316,0.14055457711219788,0,"[5, 3, 3]","[64, 128, 256]",[256],6872625,bc11u19n2,559.7,trial_0158_learning_rate=1.0e-03_kernel_sizes=5x3x3_conv_channels=64x128x256_fc_dims=256_seed2,5f48ca96b9,trial_0158_learning_rate=1.0e-03_kernel_sizes=5x3x3_conv_channels=64x128x256_fc_dims=256_seed2
/scratch/sb272/patterns5k_results/slurm_base_cnn_2026-03-04_16-53-19/trial_0158_learning_rate=1.0e-03_kernel_sizes=5x3x3_conv_channels=64x128x256_fc_dims=256_seed3,cnn,0.1677079988718033,0.13878648588275957,0.023324139534480988,,,0.1405287986779836,219647,219647,45,0.5075153176799061,0,True,0.45456832695830385,0.29429043772798386,1,0.31855225563049316,0.13986711204051971,0,"[5, 3, 3]","[64, 128, 256]",[256],6872625,bc11u19n2,525.7,trial_0158_learning_rate=1.0e-03_kernel_sizes=5x3x3_conv_channels=64x128x256_fc_dims=256_seed3,5f48ca96b9,trial_0158_learning_rate=1.0e-03_kernel_sizes=5x3x3_conv_channels=64x128x256_fc_dims=256_seed3
/scratch/sb272/patterns5k_results/slurm_base_cnn_2026-03-04_16-53-19/trial_0158_learning_rate=1.0e-03_kernel_sizes=5x3x3_conv_channels=64x128x256_fc_dims=256_seed4,cnn,0.16811967742443085,0.1359378816945845,0.022077667334723095,,,0.14231721214702628,219647,219647,48,0.48189382799931785,0,True,0.45456832695830385,0.28021650174800367,2,0.31855225563049316,0.1361026167869568,0,"[5, 3, 3]","[64, 128, 256]",[256],6872625,bc11u19n2,543.0,trial_0158_learning_rate=1.0e-03_kernel_sizes=5x3x3_conv_channels=64x128x256_fc_dims=256_seed4,5f48ca96b9,trial_0158_learning_rate=1.0e-03_kernel_sizes=5x3x3_conv_channels=64x128x256_fc_dims=256_seed4
/scratch/sb272/patterns5k_results/slurm_base_cnn_2026-03-04_16-53-19/trial_0159_learning_rate=1.0e-03_kernel_sizes=5x3x3_conv_channels=64x128x256_fc_dims=512_seed0,cnn,0.16798261880874635,0.13878853049085665,0.022714879777696397,,,0.1465063431663559,301567,301567,42,0.472811554072745,0,True,0.45456832695830385,0.2745485973897875,1,0.31855225563049316,0.13937588036060333,0,"[5, 3, 3]","[64, 128, 256]",[512],6872625,bc11u19n2,551.8,trial_0159_learning_rate=1.0e-03_kernel_sizes=5x3x3_conv_channels=64x128x256_fc_dims=512_seed0,7f449abc79,trial_0159_learning_rate=1.0e-03_kernel_sizes=5x3x3_conv_channels=64x128x256_fc_dims=512_seed0
/scratch/sb272/patterns5k_results/slurm_base_cnn_2026-03-04_16-53-19/trial_0159_learning_rate=1.0e-03_kernel_sizes=5x3x3_conv_channels=64x128x256_fc_dims=512_seed1,cnn,0.16782511293888092,0.14085734172920458,0.022932278731512646,,,0.14753589961145866,301567,301567,46,0.4879460147169163,0,True,0.45456832695830385,0.28190210791032405,1,0.31855225563049316,0.14214546978473663,0,"[5, 3, 3]","[64, 128, 256]",[512],6872625,bc11u19n2,583.1,trial_0159_learning_rate=1.0e-03_kernel_sizes=5x3x3_conv_channels=64x128x256_fc_dims=512_seed1,7f449abc79,trial_0159_learning_rate=1.0e-03_kernel_sizes=5x3x3_conv_channels=64x128x256_fc_dims=512_seed1
/scratch/sb272/patterns5k_results/slurm_base_cnn_2026-03-04_16-53-19/trial_0159_learning_rate=1.0e-03_kernel_sizes=5x3x3_conv_channels=64x128x256_fc_dims=512_seed2,cnn,0.16760200941562653,0.14158318342134327,0.024235135033017115,,,0.14029409657341496,301567,301567,43,0.5109778984712828,0,True,0.45456832695830385,0.29612933477976006,1,0.31855225563049316,0.1430804282426834,0,"[5, 3, 3]","[64, 128, 256]",[512],6872625,bc11u19n2,567.8,trial_0159_learning_rate=1.0e-03_kernel_sizes=5x3x3_conv_channels=64x128x256_fc_dims=512_seed2,7f449abc79,trial_0159_learning_rate=1.0e-03_kernel_sizes=5x3x3_conv_channels=64x128x256_fc_dims=512_seed2
/scratch/sb272/patterns5k_results/slurm_base_cnn_2026-03-04_16-53-19/trial_0159_learning_rate=1.0e-03_kernel_sizes=5x3x3_conv_channels=64x128x256_fc_dims=512_seed3,cnn,0.16819397413730622,0.1378587516030652,0.02094320361576383,,,0.1413539079756978,301567,301567,32,0.46759458630892187,0,True,0.45456832695830385,0.2734960244093904,1,0.31855225563049316,0.13866718113422394,0,"[5, 3, 3]","[64, 128, 256]",[512],6872625,bc11u19n2,478.7,trial_0159_learning_rate=1.0e-03_kernel_sizes=5x3x3_conv_channels=64x128x256_fc_dims=512_seed3,7f449abc79,trial_0159_learning_rate=1.0e-03_kernel_sizes=5x3x3_conv_channels=64x128x256_fc_dims=512_seed3
/scratch/sb272/patterns5k_results/slurm_base_cnn_2026-03-04_16-53-19/trial_0159_learning_rate=1.0e-03_kernel_sizes=5x3x3_conv_channels=64x128x256_fc_dims=512_seed4,cnn,0.1674819096326828,0.14184353720551302,0.023804043966626363,,,0.1443730977300936,301567,301567,50,0.5208725589196359,0,True,0.45456832695830385,0.29764972383801397,2,0.31855225563049316,0.14300888776779175,0,"[5, 3, 3]","[64, 128, 256]",[512],6872625,bc11u19n2,627.9,trial_0159_learning_rate=1.0e-03_kernel_sizes=5x3x3_conv_channels=64x128x256_fc_dims=512_seed4,7f449abc79,trial_0159_learning_rate=1.0e-03_kernel_sizes=5x3x3_conv_channels=64x128x256_fc_dims=512_seed4
/scratch/sb272/patterns5k_results/slurm_base_cnn_2026-03-04_16-53-19/trial_0160_learning_rate=1.0e-03_kernel_sizes=5x3x3_conv_channels=64x128x256_fc_dims=1024_seed0,cnn,0.16762839996814727,0.1430563008983882,0.022764878613608226,,,0.14701240627141546,465407,465407,43,0.5181365719570121,0,True,0.45456832695830385,0.2967762071704675,1,0.31855225563049316,0.14367671310901642,0,"[5, 3, 3]","[64, 128, 256]",[1024],6872626,bc11u21n1,587.1,trial_0160_learning_rate=1.0e-03_kernel_sizes=5x3x3_conv_channels=64x128x256_fc_dims=1024_seed0,389b6dfd8c,trial_0160_learning_rate=1.0e-03_kernel_sizes=5x3x3_conv_channels=64x128x256_fc_dims=1024_seed0
/scratch/sb272/patterns5k_results/slurm_base_cnn_2026-03-04_16-53-19/trial_0160_learning_rate=1.0e-03_kernel_sizes=5x3x3_conv_channels=64x128x256_fc_dims=1024_seed1,cnn,0.16775104224681855,0.14287821569965575,0.02215982997228229,,,0.14840188267329965,465407,465407,48,0.5111554492045759,0,True,0.45456832695830385,0.29559483182947366,1,0.31855225563049316,0.14391304552555084,0,"[5, 3, 3]","[64, 128, 256]",[1024],6872626,bc11u21n1,620.4,trial_0160_learning_rate=1.0e-03_kernel_sizes=5x3x3_conv_channels=64x128x256_fc_dims=1024_seed1,389b6dfd8c,trial_0160_learning_rate=1.0e-03_kernel_sizes=5x3x3_conv_channels=64x128x256_fc_dims=1024_seed1
/scratch/sb272/patterns5k_results/slurm_base_cnn_2026-03-04_16-53-19/trial_0160_learning_rate=1.0e-03_kernel_sizes=5x3x3_conv_channels=64x128x256_fc_dims=1024_seed2,cnn,0.16811086344718934,0.14258317006948948,0.020034871404133146,,,0.14163031634049073,465407,465407,41,0.5327249946890831,0,True,0.45456832695830385,0.30558716796478375,2,0.31855225563049316,0.14386814832687378,0,"[5, 3, 3]","[64, 128, 256]",[1024],6872626,bc11u21n1,560.7,trial_0160_learning_rate=1.0e-03_kernel_sizes=5x3x3_conv_channels=64x128x256_fc_dims=1024_seed2,389b6dfd8c,trial_0160_learning_rate=1.0e-03_kernel_sizes=5x3x3_conv_channels=64x128x256_fc_dims=1024_seed2
/scratch/sb272/patterns5k_results/slurm_base_cnn_2026-03-04_16-53-19/trial_0160_learning_rate=1.0e-03_kernel_sizes=5x3x3_conv_channels=64x128x256_fc_dims=1024_seed3,cnn,0.16756205308437347,0.14264475206505955,0.024089099868895517,,,0.14369109751502263,465407,465407,37,0.5184926893547187,0,True,0.45456832695830385,0.29987436835023107,2,0.31855225563049316,0.14409321546554565,0,"[5, 3, 3]","[64, 128, 256]",[1024],6872626,bc11u21n1,539.7,trial_0160_learning_rate=1.0e-03_kernel_sizes=5x3x3_conv_channels=64x128x256_fc_dims=1024_seed3,389b6dfd8c,trial_0160_learning_rate=1.0e-03_kernel_sizes=5x3x3_conv_channels=64x128x256_fc_dims=1024_seed3
/scratch/sb272/patterns5k_results/slurm_base_cnn_2026-03-04_16-53-19/trial_0160_learning_rate=1.0e-03_kernel_sizes=5x3x3_conv_channels=64x128x256_fc_dims=1024_seed4,cnn,0.16784812307357788,0.1416432615610827,0.02266196504471794,,,0.14575092459086625,465407,465407,45,0.5053126544733413,0,True,0.45456832695830385,0.2914982139214371,2,0.31855225563049316,0.14234447479248047,0,"[5, 3, 3]","[64, 128, 256]",[1024],6872626,bc11u21n1,596.2,trial_0160_learning_rate=1.0e-03_kernel_sizes=5x3x3_conv_channels=64x128x256_fc_dims=1024_seed4,389b6dfd8c,trial_0160_learning_rate=1.0e-03_kernel_sizes=5x3x3_conv_channels=64x128x256_fc_dims=1024_seed4
/scratch/sb272/patterns5k_results/slurm_base_cnn_2026-03-04_16-53-19/trial_0161_learning_rate=1.0e-03_kernel_sizes=3x3x3_conv_channels=128x128x128_fc_dims=256_seed0,cnn,0.16863953161239625,0.13456370348964436,0.021040322288634287,,,0.13759753928418234,164799,164799,39,0.4610076943541956,0,True,0.45456832695830385,0.2682346170921458,2,0.31855225563049316,0.13491268455982208,0,"[3, 3, 3]","[128, 128, 128]",[256],6872626,bc11u21n1,386.7,trial_0161_learning_rate=1.0e-03_kernel_sizes=3x3x3_conv_channels=128x128x128_fc_dims=256_seed0,757ba053ba,trial_0161_learning_rate=1.0e-03_kernel_sizes=3x3x3_conv_channels=128x128x128_fc_dims=256_seed0
/scratch/sb272/patterns5k_results/slurm_base_cnn_2026-03-04_16-53-19/trial_0161_learning_rate=1.0e-03_kernel_sizes=3x3x3_conv_channels=128x128x128_fc_dims=256_seed1,cnn,0.16869417679309845,0.13091123479715353,0.020610839601547,,,0.1393698002367208,164799,164799,35,0.46715623862724515,0,True,0.45456832695830385,0.2727146388879232,2,0.31855225563049316,0.1316135823726654,0,"[3, 3, 3]","[128, 128, 128]",[256],6872626,bc11u21n1,374.1,trial_0161_learning_rate=1.0e-03_kernel_sizes=3x3x3_conv_channels=128x128x128_fc_dims=256_seed1,757ba053ba,trial_0161_learning_rate=1.0e-03_kernel_sizes=3x3x3_conv_channels=128x128x128_fc_dims=256_seed1
/scratch/sb272/patterns5k_results/slurm_base_cnn_2026-03-04_16-53-19/trial_0161_learning_rate=1.0e-03_kernel_sizes=3x3x3_conv_channels=128x128x128_fc_dims=256_seed2,cnn,0.16921798813343047,0.1354367173110359,0.01793448981784639,,,0.13424502758759768,164799,164799,30,0.49270277051647826,0,True,0.45456832695830385,0.2840781256554154,2,0.31855225563049316,0.13619138300418854,0,"[3, 3, 3]","[128, 128, 128]",[256],6872626,bc11u21n1,344.1,trial_0161_learning_rate=1.0e-03_kernel_sizes=3x3x3_conv_channels=128x128x128_fc_dims=256_seed2,757ba053ba,trial_0161_learning_rate=1.0e-03_kernel_sizes=3x3x3_conv_channels=128x128x128_fc_dims=256_seed2
/scratch/sb272/patterns5k_results/slurm_base_cnn_2026-03-04_16-53-19/trial_0161_learning_rate=1.0e-03_kernel_sizes=3x3x3_conv_channels=128x128x128_fc_dims=256_seed3,cnn,0.16908961629867553,0.12914346767746343,0.017581958619375077,,,0.13406775605652996,164799,164799,38,0.4797273344394823,0,True,0.45456832695830385,0.28033392212606045,1,0.31855225563049316,0.1300501525402069,0,"[3, 3, 3]","[128, 128, 128]",[256],6872626,bc11u21n1,384.9,trial_0161_learning_rate=1.0e-03_kernel_sizes=3x3x3_conv_channels=128x128x128_fc_dims=256_seed3,757ba053ba,trial_0161_learning_rate=1.0e-03_kernel_sizes=3x3x3_conv_channels=128x128x128_fc_dims=256_seed3
/scratch/sb272/patterns5k_results/slurm_base_cnn_2026-03-04_16-53-19/trial_0161_learning_rate=1.0e-03_kernel_sizes=3x3x3_conv_channels=128x128x128_fc_dims=256_seed4,cnn,0.1685471898317337,0.1340479614388807,0.020758243780287487,,,0.13730688680059447,164799,164799,35,0.49594772946604126,0,True,0.45456832695830385,0.2865542636914782,2,0.31855225563049316,0.1347055286169052,0,"[3, 3, 3]","[128, 128, 128]",[256],6872626,bc11u21n1,370.8,trial_0161_learning_rate=1.0e-03_kernel_sizes=3x3x3_conv_channels=128x128x128_fc_dims=256_seed4,757ba053ba,trial_0161_learning_rate=1.0e-03_kernel_sizes=3x3x3_conv_channels=128x128x128_fc_dims=256_seed4
/scratch/sb272/patterns5k_results/slurm_base_cnn_2026-03-04_16-53-19/trial_0162_learning_rate=1.0e-03_kernel_sizes=3x3x3_conv_channels=128x128x128_fc_dims=512_seed0,cnn,0.16867511188983916,0.13446395931807273,0.02131476288750058,,,0.14005258606238757,213951,213951,35,0.46404403026093194,0,True,0.45456832695830385,0.2717095600737776,0,0.31855225563049316,0.13536928594112396,0,"[3, 3, 3]","[128, 128, 128]",[512],6872626,bc11u21n1,398.5,trial_0162_learning_rate=1.0e-03_kernel_sizes=3x3x3_conv_channels=128x128x128_fc_dims=512_seed0,8ca7325f15,trial_0162_learning_rate=1.0e-03_kernel_sizes=3x3x3_conv_channels=128x128x128_fc_dims=512_seed0
/scratch/sb272/patterns5k_results/slurm_base_cnn_2026-03-04_16-53-19/trial_0162_learning_rate=1.0e-03_kernel_sizes=3x3x3_conv_channels=128x128x128_fc_dims=512_seed1,cnn,0.1689688903093338,0.1353536113594999,0.018007279388488284,,,0.14370009164313577,213951,213951,33,0.49563240369686673,0,True,0.45456832695830385,0.2874582360790761,1,0.31855225563049316,0.13599233329296112,0,"[3, 3, 3]","[128, 128, 128]",[512],6872626,bc11u21n1,392.2,trial_0162_learning_rate=1.0e-03_kernel_sizes=3x3x3_conv_channels=128x128x128_fc_dims=512_seed1,8ca7325f15,trial_0162_learning_rate=1.0e-03_kernel_sizes=3x3x3_conv_channels=128x128x128_fc_dims=512_seed1
/scratch/sb272/patterns5k_results/slurm_base_cnn_2026-03-04_16-53-19/trial_0162_learning_rate=1.0e-03_kernel_sizes=3x3x3_conv_channels=128x128x128_fc_dims=512_seed2,cnn,0.16839729785919189,0.13360392077455915,0.019580942297738695,,,0.13439602032997575,213951,213951,32,0.4809852831519706,0,True,0.45456832695830385,0.2800703425994897,1,0.31855225563049316,0.13343152403831482,0,"[3, 3, 3]","[128, 128, 128]",[512],6872626,bc11u21n1,379.3,trial_0162_learning_rate=1.0e-03_kernel_sizes=3x3x3_conv_channels=128x128x128_fc_dims=512_seed2,8ca7325f15,trial_0162_learning_rate=1.0e-03_kernel_sizes=3x3x3_conv_channels=128x128x128_fc_dims=512_seed2
/scratch/sb272/patterns5k_results/slurm_base_cnn_2026-03-04_16-53-19/trial_0162_learning_rate=1.0e-03_kernel_sizes=3x3x3_conv_channels=128x128x128_fc_dims=512_seed3,cnn,0.16872062420845033,0.13248692443547347,0.018412435811663432,,,0.13555330642238228,213951,213951,31,0.46396777671517514,0,True,0.45456832695830385,0.2713628193614482,1,0.31855225563049316,0.1325915902853012,0,"[3, 3, 3]","[128, 128, 128]",[512],6872626,bc11u21n1,378.2,trial_0162_learning_rate=1.0e-03_kernel_sizes=3x3x3_conv_channels=128x128x128_fc_dims=512_seed3,8ca7325f15,trial_0162_learning_rate=1.0e-03_kernel_sizes=3x3x3_conv_channels=128x128x128_fc_dims=512_seed3
/scratch/sb272/patterns5k_results/slurm_base_cnn_2026-03-04_16-53-19/trial_0162_learning_rate=1.0e-03_kernel_sizes=3x3x3_conv_channels=128x128x128_fc_dims=512_seed4,cnn,0.1690830365419388,0.1310232929867329,0.018335880741240488,,,0.13913029988281056,213951,213951,34,0.469135880279921,0,True,0.45456832695830385,0.274421221264264,1,0.31855225563049316,0.13145215809345245,0,"[3, 3, 3]","[128, 128, 128]",[512],6872626,bc11u21n1,396.6,trial_0162_learning_rate=1.0e-03_kernel_sizes=3x3x3_conv_channels=128x128x128_fc_dims=512_seed4,8ca7325f15,trial_0162_learning_rate=1.0e-03_kernel_sizes=3x3x3_conv_channels=128x128x128_fc_dims=512_seed4
/scratch/sb272/patterns5k_results/slurm_base_cnn_2026-03-04_16-53-19/trial_0163_learning_rate=1.0e-03_kernel_sizes=3x3x3_conv_channels=256x256x256_fc_dims=512_seed0,cnn,0.16956369018554687,0.13328538748020036,0.020929687552981906,,,0.13777770657967092,591679,591679,25,0.4724263635109924,0,True,0.45456832695830385,0.2779866008687543,1,0.31855225563049316,0.13377322256565094,0,"[3, 3, 3]","[256, 256, 256]",[512],6872626,bc11u21n1,465.0,trial_0163_learning_rate=1.0e-03_kernel_sizes=3x3x3_conv_channels=256x256x256_fc_dims=512_seed0,c9c6d577f0,trial_0163_learning_rate=1.0e-03_kernel_sizes=3x3x3_conv_channels=256x256x256_fc_dims=512_seed0
/scratch/sb272/patterns5k_results/slurm_base_cnn_2026-03-04_16-53-19/trial_0163_learning_rate=1.0e-03_kernel_sizes=3x3x3_conv_channels=256x256x256_fc_dims=512_seed1,cnn,0.16881338024139406,0.13420680789401943,0.01983444747470674,,,0.13995390148586503,591679,591679,24,0.45858903331772594,0,True,0.45456832695830385,0.27385304768891416,1,0.31855225563049316,0.13499420881271362,0,"[3, 3, 3]","[256, 256, 256]",[512],6872626,bc11u21n1,453.0,trial_0163_learning_rate=1.0e-03_kernel_sizes=3x3x3_conv_channels=256x256x256_fc_dims=512_seed1,c9c6d577f0,trial_0163_learning_rate=1.0e-03_kernel_sizes=3x3x3_conv_channels=256x256x256_fc_dims=512_seed1
/scratch/sb272/patterns5k_results/slurm_base_cnn_2026-03-04_16-53-19/trial_0163_learning_rate=1.0e-03_kernel_sizes=3x3x3_conv_channels=256x256x256_fc_dims=512_seed2,cnn,0.1696665382385254,0.12975005046042976,0.017600885459354947,,,0.13350867491359975,591679,591679,30,0.4487302357695869,0,True,0.45456832695830385,0.26575937053060267,2,0.31855225563049316,0.13027861714363098,0,"[3, 3, 3]","[256, 256, 256]",[512],6872626,bc11u21n1,517.1,trial_0163_learning_rate=1.0e-03_kernel_sizes=3x3x3_conv_channels=256x256x256_fc_dims=512_seed2,c9c6d577f0,trial_0163_learning_rate=1.0e-03_kernel_sizes=3x3x3_conv_channels=256x256x256_fc_dims=512_seed2
/scratch/sb272/patterns5k_results/slurm_base_cnn_2026-03-04_16-53-19/trial_0163_learning_rate=1.0e-03_kernel_sizes=3x3x3_conv_channels=256x256x256_fc_dims=512_seed3,cnn,0.1687910542488098,0.13306213040716283,0.019549559979211716,,,0.1345228053901311,591679,591679,21,0.5099933373022032,0,True,0.45456832695830385,0.29496697429356583,2,0.31855225563049316,0.13384640216827393,0,"[3, 3, 3]","[256, 256, 256]",[512],6872626,bc11u21n1,424.5,trial_0163_learning_rate=1.0e-03_kernel_sizes=3x3x3_conv_channels=256x256x256_fc_dims=512_seed3,c9c6d577f0,trial_0163_learning_rate=1.0e-03_kernel_sizes=3x3x3_conv_channels=256x256x256_fc_dims=512_seed3
/scratch/sb272/patterns5k_results/slurm_base_cnn_2026-03-04_16-53-19/trial_0163_learning_rate=1.0e-03_kernel_sizes=3x3x3_conv_channels=256x256x256_fc_dims=512_seed4,cnn,0.16824696445465087,0.13627408040777,0.020910197780245825,,,0.13646507432897523,591679,591679,24,0.5148724449661229,0,True,0.45456832695830385,0.2953579991066804,1,0.31855225563049316,0.13693685829639435,0,"[3, 3, 3]","[256, 256, 256]",[512],6872626,bc11u21n1,452.1,trial_0163_learning_rate=1.0e-03_kernel_sizes=3x3x3_conv_channels=256x256x256_fc_dims=512_seed4,c9c6d577f0,trial_0163_learning_rate=1.0e-03_kernel_sizes=3x3x3_conv_channels=256x256x256_fc_dims=512_seed4
/scratch/sb272/patterns5k_results/slurm_base_cnn_2026-03-04_16-53-19/trial_0164_learning_rate=1.0e-03_kernel_sizes=3x3x3_conv_channels=256x256x256_fc_dims=1024_seed0,cnn,0.16923750519752503,0.13268685315144763,0.015606107219817146,,,0.14129681448202758,755519,755519,27,0.4599104012187362,0,True,0.45456832695830385,0.27025401084325745,0,0.31855225563049316,0.1328148990869522,0,"[3, 3, 3]","[256, 256, 256]",[1024],6872626,bc11u21n1,535.3,trial_0164_learning_rate=1.0e-03_kernel_sizes=3x3x3_conv_channels=256x256x256_fc_dims=1024_seed0,6c22e7f0a1,trial_0164_learning_rate=1.0e-03_kernel_sizes=3x3x3_conv_channels=256x256x256_fc_dims=1024_seed0
/scratch/sb272/patterns5k_results/slurm_base_cnn_2026-03-04_16-53-19/trial_0164_learning_rate=1.0e-03_kernel_sizes=3x3x3_conv_channels=256x256x256_fc_dims=1024_seed1,cnn,0.16868423080444336,0.1323127501399117,0.019191389046018085,,,0.14034901436157432,755519,755519,23,0.45961647468850647,0,True,0.45456832695830385,0.27076822720889315,1,0.31855225563049316,0.13288235664367676,0,"[3, 3, 3]","[256, 256, 256]",[1024],6872626,bc11u21n1,500.0,trial_0164_learning_rate=1.0e-03_kernel_sizes=3x3x3_conv_channels=256x256x256_fc_dims=1024_seed1,6c22e7f0a1,trial_0164_learning_rate=1.0e-03_kernel_sizes=3x3x3_conv_channels=256x256x256_fc_dims=1024_seed1
/scratch/sb272/patterns5k_results/slurm_base_cnn_2026-03-04_16-53-19/trial_0164_learning_rate=1.0e-03_kernel_sizes=3x3x3_conv_channels=256x256x256_fc_dims=1024_seed2,cnn,0.16891201043128967,0.13471865395832217,0.019515201212867858,,,0.1359509883240884,755519,755519,27,0.4931620332314263,0,True,0.45456832695830385,0.2880948603451366,2,0.31855225563049316,0.13514991104602814,0,"[3, 3, 3]","[256, 256, 256]",[1024],6872626,bc11u21n1,545.9,trial_0164_learning_rate=1.0e-03_kernel_sizes=3x3x3_conv_channels=256x256x256_fc_dims=1024_seed2,6c22e7f0a1,trial_0164_learning_rate=1.0e-03_kernel_sizes=3x3x3_conv_channels=256x256x256_fc_dims=1024_seed2
/scratch/sb272/patterns5k_results/slurm_base_cnn_2026-03-04_16-53-19/trial_0164_learning_rate=1.0e-03_kernel_sizes=3x3x3_conv_channels=256x256x256_fc_dims=1024_seed3,cnn,0.16953320658206938,0.13394233558540292,0.01643796477999006,,,0.13643549229833105,755519,755519,25,0.4814921707076861,0,True,0.45456832695830385,0.2834551942639483,1,0.31855225563049316,0.13533277809619904,0,"[3, 3, 3]","[256, 256, 256]",[1024],6872626,bc11u21n1,519.4,trial_0164_learning_rate=1.0e-03_kernel_sizes=3x3x3_conv_channels=256x256x256_fc_dims=1024_seed3,6c22e7f0a1,trial_0164_learning_rate=1.0e-03_kernel_sizes=3x3x3_conv_channels=256x256x256_fc_dims=1024_seed3
/scratch/sb272/patterns5k_results/slurm_base_cnn_2026-03-04_16-53-19/trial_0164_learning_rate=1.0e-03_kernel_sizes=3x3x3_conv_channels=256x256x256_fc_dims=1024_seed4,cnn,0.16937791764736176,0.1359112052445676,0.015980303287506104,,,0.13858969378510844,755519,755519,30,0.5323424512278655,0,True,0.45456832695830385,0.3076276317759874,2,0.31855225563049316,0.13714775443077087,0,"[3, 3, 3]","[256, 256, 256]",[1024],6872626,bc11u21n1,583.1,trial_0164_learning_rate=1.0e-03_kernel_sizes=3x3x3_conv_channels=256x256x256_fc_dims=1024_seed4,6c22e7f0a1,trial_0164_learning_rate=1.0e-03_kernel_sizes=3x3x3_conv_channels=256x256x256_fc_dims=1024_seed4
/scratch/sb272/patterns5k_results/slurm_base_cnn_2026-03-04_16-53-19/trial_0165_learning_rate=1.0e-03_kernel_sizes=3x3_conv_channels=64x128_fc_dims=128_seed0,cnn,0.16881377291679384,0.13419781065082886,0.020583294686816987,,,0.13695394409205836,57855,57855,50,0.47348229772716816,0,True,0.45456832695830385,0.2788067070879926,1,0.31855225563049316,0.1349782943725586,0,"[3, 3]","[64, 128]",[128],6872626,bc11u21n1,359.4,trial_0165_learning_rate=1.0e-03_kernel_sizes=3x3_conv_channels=64x128_fc_dims=128_seed0,1e33525850,trial_0165_learning_rate=1.0e-03_kernel_sizes=3x3_conv_channels=64x128_fc_dims=128_seed0
/scratch/sb272/patterns5k_results/slurm_base_cnn_2026-03-04_16-53-19/trial_0165_learning_rate=1.0e-03_kernel_sizes=3x3_conv_channels=64x128_fc_dims=128_seed1,cnn,0.1689493383169174,0.13558092674406244,0.02143404786548917,,,0.13941002872032848,57855,57855,50,0.4833369912566142,0,True,0.45456832695830385,0.2828986525441555,1,0.31855225563049316,0.1368790715932846,0,"[3, 3]","[64, 128]",[128],6872626,bc11u21n1,359.0,trial_0165_learning_rate=1.0e-03_kernel_sizes=3x3_conv_channels=64x128_fc_dims=128_seed1,1e33525850,trial_0165_learning_rate=1.0e-03_kernel_sizes=3x3_conv_channels=64x128_fc_dims=128_seed1
/scratch/sb272/patterns5k_results/slurm_base_cnn_2026-03-04_16-53-19/trial_0165_learning_rate=1.0e-03_kernel_sizes=3x3_conv_channels=64x128_fc_dims=128_seed2,cnn,0.16875210857391357,0.1339677317436723,0.020978635265713648,,,0.13170404965509003,57855,57855,50,0.46068414325708557,0,True,0.45456832695830385,0.2722565155766703,2,0.31855225563049316,0.1350451558828354,0,"[3, 3]","[64, 128]",[128],6872626,bc11u21n1,354.0,trial_0165_learning_rate=1.0e-03_kernel_sizes=3x3_conv_channels=64x128_fc_dims=128_seed2,1e33525850,trial_0165_learning_rate=1.0e-03_kernel_sizes=3x3_conv_channels=64x128_fc_dims=128_seed2
/scratch/sb272/patterns5k_results/slurm_base_cnn_2026-03-04_16-53-19/trial_0165_learning_rate=1.0e-03_kernel_sizes=3x3_conv_channels=64x128_fc_dims=128_seed3,cnn,0.16885074460506438,0.13479186417612857,0.020357591765267507,,,0.1351539987385669,57855,57855,50,0.49214910368573617,0,True,0.45456832695830385,0.2901514261443506,1,0.31855225563049316,0.13607437908649445,0,"[3, 3]","[64, 128]",[128],6872626,bc11u21n1,356.9,trial_0165_learning_rate=1.0e-03_kernel_sizes=3x3_conv_channels=64x128_fc_dims=128_seed3,1e33525850,trial_0165_learning_rate=1.0e-03_kernel_sizes=3x3_conv_channels=64x128_fc_dims=128_seed3
/scratch/sb272/patterns5k_results/slurm_base_cnn_2026-03-04_16-53-19/trial_0165_learning_rate=1.0e-03_kernel_sizes=3x3_conv_channels=64x128_fc_dims=128_seed4,cnn,0.1689572675228119,0.1328281633103839,0.01987721522649129,,,0.1348245916081519,57855,57855,50,0.47178180258370195,0,True,0.45456832695830385,0.27826242491291825,1,0.31855225563049316,0.1338651329278946,0,"[3, 3]","[64, 128]",[128],6872626,bc11u21n1,357.7,trial_0165_learning_rate=1.0e-03_kernel_sizes=3x3_conv_channels=64x128_fc_dims=128_seed4,1e33525850,trial_0165_learning_rate=1.0e-03_kernel_sizes=3x3_conv_channels=64x128_fc_dims=128_seed4
/scratch/sb272/patterns5k_results/slurm_base_cnn_2026-03-04_16-53-19/trial_0166_learning_rate=1.0e-03_kernel_sizes=3x3_conv_channels=64x128_fc_dims=256_seed0,cnn,0.1684071751832962,0.13719898141231052,0.022653402790190683,,,0.13977490521388272,82431,82431,50,0.49438717344305566,0,True,0.45456832695830385,0.2907365170646459,1,0.31855225563049316,0.1383126974105835,0,"[3, 3]","[64, 128]",[256],6872626,bc11u21n1,373.1,trial_0166_learning_rate=1.0e-03_kernel_sizes=3x3_conv_channels=64x128_fc_dims=256_seed0,672dff56ab,trial_0166_learning_rate=1.0e-03_kernel_sizes=3x3_conv_channels=64x128_fc_dims=256_seed0
/scratch/sb272/patterns5k_results/slurm_base_cnn_2026-03-04_16-53-19/trial_0166_learning_rate=1.0e-03_kernel_sizes=3x3_conv_channels=64x128_fc_dims=256_seed1,cnn,0.1691475452184677,0.13709012912724003,0.02012501254914299,,,0.14254661429059443,82431,82431,50,0.4895326900344239,0,True,0.45456832695830385,0.28748922325558496,1,0.31855225563049316,0.1386534571647644,0,"[3, 3]","[64, 128]",[256],6872626,bc11u21n1,380.1,trial_0166_learning_rate=1.0e-03_kernel_sizes=3x3_conv_channels=64x128_fc_dims=256_seed1,672dff56ab,trial_0166_learning_rate=1.0e-03_kernel_sizes=3x3_conv_channels=64x128_fc_dims=256_seed1
/scratch/sb272/patterns5k_results/slurm_base_cnn_2026-03-04_16-53-19/trial_0166_learning_rate=1.0e-03_kernel_sizes=3x3_conv_channels=64x128_fc_dims=256_seed2,cnn,0.1687100214958191,0.1398495388768517,0.021334286720033676,,,0.13574472176357402,82431,82431,50,0.5154231876729073,0,True,0.45456832695830385,0.3012440574358853,1,0.31855225563049316,0.1412506401538849,0,"[3, 3]","[64, 128]",[256],6872626,bc11u21n1,382.3,trial_0166_learning_rate=1.0e-03_kernel_sizes=3x3_conv_channels=64x128_fc_dims=256_seed2,672dff56ab,trial_0166_learning_rate=1.0e-03_kernel_sizes=3x3_conv_channels=64x128_fc_dims=256_seed2
/scratch/sb272/patterns5k_results/slurm_base_cnn_2026-03-04_16-53-19/trial_0166_learning_rate=1.0e-03_kernel_sizes=3x3_conv_channels=64x128_fc_dims=256_seed3,cnn,0.1687406908273697,0.13514260625118665,0.0211963312966483,,,0.13690156105633647,82431,82431,50,0.4977777399214502,0,True,0.45456832695830385,0.2921583026726043,1,0.31855225563049316,0.13645604252815247,0,"[3, 3]","[64, 128]",[256],6872626,bc11u21n1,376.5,trial_0166_learning_rate=1.0e-03_kernel_sizes=3x3_conv_channels=64x128_fc_dims=256_seed3,672dff56ab,trial_0166_learning_rate=1.0e-03_kernel_sizes=3x3_conv_channels=64x128_fc_dims=256_seed3
/scratch/sb272/patterns5k_results/slurm_base_cnn_2026-03-04_16-53-19/trial_0166_learning_rate=1.0e-03_kernel_sizes=3x3_conv_channels=64x128_fc_dims=256_seed4,cnn,0.16888399231433868,0.1377897457073654,0.020121692665039548,,,0.13983502934617442,82431,82431,50,0.5086933636891886,0,True,0.45456832695830385,0.2984925993899979,1,0.31855225563049316,0.13926167786121368,0,"[3, 3]","[64, 128]",[256],6872626,bc11u21n1,374.5,trial_0166_learning_rate=1.0e-03_kernel_sizes=3x3_conv_channels=64x128_fc_dims=256_seed4,672dff56ab,trial_0166_learning_rate=1.0e-03_kernel_sizes=3x3_conv_channels=64x128_fc_dims=256_seed4
/scratch/sb272/patterns5k_results/slurm_base_cnn_2026-03-04_16-53-19/trial_0167_learning_rate=1.0e-03_kernel_sizes=3x3_conv_channels=64x128_fc_dims=512_seed0,cnn,0.16930878448486328,0.14020248317484427,0.019599101846180265,,,0.14143320315420438,131583,131583,48,0.5196425712104996,0,True,0.45456832695830385,0.30197861945722604,2,0.31855225563049316,0.14153404533863068,0,"[3, 3]","[64, 128]",[512],6872626,bc11u21n1,400.6,trial_0167_learning_rate=1.0e-03_kernel_sizes=3x3_conv_channels=64x128_fc_dims=512_seed0,a766a98b29,trial_0167_learning_rate=1.0e-03_kernel_sizes=3x3_conv_channels=64x128_fc_dims=512_seed0
/scratch/sb272/patterns5k_results/slurm_base_cnn_2026-03-04_16-53-19/trial_0167_learning_rate=1.0e-03_kernel_sizes=3x3_conv_channels=64x128_fc_dims=512_seed1,cnn,0.16910586512088777,0.13689162996788243,0.019244333108266194,,,0.14367901267018698,131583,131583,50,0.5047812471902556,0,True,0.45456832695830385,0.2957644375751841,2,0.31855225563049316,0.1385684758424759,0,"[3, 3]","[64, 128]",[512],6872626,bc11u21n1,413.6,trial_0167_learning_rate=1.0e-03_kernel_sizes=3x3_conv_channels=64x128_fc_dims=512_seed1,a766a98b29,trial_0167_learning_rate=1.0e-03_kernel_sizes=3x3_conv_channels=64x128_fc_dims=512_seed1
/scratch/sb272/patterns5k_results/slurm_base_cnn_2026-03-04_16-53-19/trial_0167_learning_rate=1.0e-03_kernel_sizes=3x3_conv_channels=64x128_fc_dims=512_seed2,cnn,0.16890367078781127,0.13960748986585833,0.02021589827915979,,,0.13544857681165512,131583,131583,50,0.5065308755514449,0,True,0.45456832695830385,0.2953237208227004,2,0.31855225563049316,0.1407727599143982,0,"[3, 3]","[64, 128]",[512],6872626,bc11u21n1,417.5,trial_0167_learning_rate=1.0e-03_kernel_sizes=3x3_conv_channels=64x128_fc_dims=512_seed2,a766a98b29,trial_0167_learning_rate=1.0e-03_kernel_sizes=3x3_conv_channels=64x128_fc_dims=512_seed2
/scratch/sb272/patterns5k_results/slurm_base_cnn_2026-03-04_16-53-19/trial_0167_learning_rate=1.0e-03_kernel_sizes=3x3_conv_channels=64x128_fc_dims=512_seed3,cnn,0.16856150329113007,0.14003582883673626,0.022138194432334293,,,0.13856091153509978,131583,131583,50,0.49909598247660314,0,True,0.45456832695830385,0.29297656663620797,1,0.31855225563049316,0.1414608359336853,0,"[3, 3]","[64, 128]",[512],6872626,bc11u21n1,410.8,trial_0167_learning_rate=1.0e-03_kernel_sizes=3x3_conv_channels=64x128_fc_dims=512_seed3,a766a98b29,trial_0167_learning_rate=1.0e-03_kernel_sizes=3x3_conv_channels=64x128_fc_dims=512_seed3
/scratch/sb272/patterns5k_results/slurm_base_cnn_2026-03-04_16-53-19/trial_0167_learning_rate=1.0e-03_kernel_sizes=3x3_conv_channels=64x128_fc_dims=512_seed4,cnn,0.16871991074085235,0.1377504180576535,0.020206105141412644,,,0.13907315184938296,131583,131583,50,0.488524030704447,0,True,0.45456832695830385,0.2859207966357015,1,0.31855225563049316,0.13850943744182587,0,"[3, 3]","[64, 128]",[512],6872626,bc11u21n1,414.9,trial_0167_learning_rate=1.0e-03_kernel_sizes=3x3_conv_channels=64x128_fc_dims=512_seed4,a766a98b29,trial_0167_learning_rate=1.0e-03_kernel_sizes=3x3_conv_channels=64x128_fc_dims=512_seed4
/scratch/sb272/patterns5k_results/slurm_base_cnn_2026-03-04_16-53-19/trial_0168_learning_rate=1.0e-03_kernel_sizes=5x3_conv_channels=128x256_fc_dims=256_seed0,cnn,0.17028096115589142,0.13523389717436876,0.011279735300276015,,,0.1380030136574069,208319,208319,48,0.4716928774395977,0,True,0.45456832695830385,0.2783714069294266,1,0.31855225563049316,0.1358967125415802,0,"[5, 3]","[128, 256]",[256],6872626,bc11u21n1,463.0,trial_0168_learning_rate=1.0e-03_kernel_sizes=5x3_conv_channels=128x256_fc_dims=256_seed0,3ebbb97750,trial_0168_learning_rate=1.0e-03_kernel_sizes=5x3_conv_channels=128x256_fc_dims=256_seed0
/scratch/sb272/patterns5k_results/slurm_base_cnn_2026-03-04_16-53-19/trial_0168_learning_rate=1.0e-03_kernel_sizes=5x3_conv_channels=128x256_fc_dims=256_seed1,cnn,0.1699940217733383,0.13719521762445994,0.010930225016578796,,,0.14053654312855732,208319,208319,42,0.51354619560845,0,True,0.45456832695830385,0.3003507380117291,1,0.31855225563049316,0.13807547092437744,0,"[5, 3]","[128, 256]",[256],6872626,bc11u21n1,411.2,trial_0168_learning_rate=1.0e-03_kernel_sizes=5x3_conv_channels=128x256_fc_dims=256_seed1,3ebbb97750,trial_0168_learning_rate=1.0e-03_kernel_sizes=5x3_conv_channels=128x256_fc_dims=256_seed1
/scratch/sb272/patterns5k_results/slurm_base_cnn_2026-03-04_16-53-19/trial_0168_learning_rate=1.0e-03_kernel_sizes=5x3_conv_channels=128x256_fc_dims=256_seed2,cnn,0.16945118939876555,0.1362425382535805,0.014757092983003647,,,0.13337001675895355,208319,208319,46,0.5058657090679469,0,True,0.45456832695830385,0.29371274376129936,2,0.31855225563049316,0.13744567334651947,0,"[5, 3]","[128, 256]",[256],6872626,bc11u21n1,453.6,trial_0168_learning_rate=1.0e-03_kernel_sizes=5x3_conv_channels=128x256_fc_dims=256_seed2,3ebbb97750,trial_0168_learning_rate=1.0e-03_kernel_sizes=5x3_conv_channels=128x256_fc_dims=256_seed2
/scratch/sb272/patterns5k_results/slurm_base_cnn_2026-03-04_16-53-19/trial_0168_learning_rate=1.0e-03_kernel_sizes=5x3_conv_channels=128x256_fc_dims=256_seed3,cnn,0.16909644055366516,0.13595185493280249,0.016828782028622098,,,0.13482186962890164,208319,208319,34,0.48621015669567696,0,True,0.45456832695830385,0.28671791296386123,1,0.31855225563049316,0.13674351572990417,0,"[5, 3]","[128, 256]",[256],6872626,bc11u21n1,389.9,trial_0168_learning_rate=1.0e-03_kernel_sizes=5x3_conv_channels=128x256_fc_dims=256_seed3,3ebbb97750,trial_0168_learning_rate=1.0e-03_kernel_sizes=5x3_conv_channels=128x256_fc_dims=256_seed3
/scratch/sb272/patterns5k_results/slurm_base_cnn_2026-03-04_16-53-19/trial_0168_learning_rate=1.0e-03_kernel_sizes=5x3_conv_channels=128x256_fc_dims=256_seed4,cnn,0.1702184956073761,0.13482629427548398,0.012085107583848257,,,0.13676278658640192,208319,208319,36,0.4829614151689246,0,True,0.45456832695830385,0.2842445948330303,1,0.31855225563049316,0.13573768734931946,0,"[5, 3]","[128, 256]",[256],6872626,bc11u21n1,400.3,trial_0168_learning_rate=1.0e-03_kernel_sizes=5x3_conv_channels=128x256_fc_dims=256_seed4,3ebbb97750,trial_0168_learning_rate=1.0e-03_kernel_sizes=5x3_conv_channels=128x256_fc_dims=256_seed4
/scratch/sb272/patterns5k_results/slurm_base_cnn_2026-03-04_16-53-19/trial_0169_learning_rate=1.0e-03_kernel_sizes=5x3_conv_channels=128x256_fc_dims=512_seed0,cnn,0.17101983547210695,0.13338224909194335,0.007529563373989529,,,0.1391377975846775,290239,290239,36,0.47849608853535086,0,True,0.45456832695830385,0.28133355349245887,1,0.31855225563049316,0.13390780985355377,0,"[5, 3]","[128, 256]",[512],6872626,bc11u21n1,449.4,trial_0169_learning_rate=1.0e-03_kernel_sizes=5x3_conv_channels=128x256_fc_dims=512_seed0,708e0e811c,trial_0169_learning_rate=1.0e-03_kernel_sizes=5x3_conv_channels=128x256_fc_dims=512_seed0
/scratch/sb272/patterns5k_results/slurm_base_cnn_2026-03-04_16-53-19/trial_0169_learning_rate=1.0e-03_kernel_sizes=5x3_conv_channels=128x256_fc_dims=512_seed1,cnn,0.17023375260829926,0.13558332240735463,0.012247096924554734,,,0.1409345966449735,290239,290239,36,0.49224914839468925,0,True,0.45456832695830385,0.29038531728864664,1,0.31855225563049316,0.13689623773097992,0,"[5, 3]","[128, 256]",[512],6872626,bc11u21n1,444.3,trial_0169_learning_rate=1.0e-03_kernel_sizes=5x3_conv_channels=128x256_fc_dims=512_seed1,708e0e811c,trial_0169_learning_rate=1.0e-03_kernel_sizes=5x3_conv_channels=128x256_fc_dims=512_seed1
/scratch/sb272/patterns5k_results/slurm_base_cnn_2026-03-04_16-53-19/trial_0169_learning_rate=1.0e-03_kernel_sizes=5x3_conv_channels=128x256_fc_dims=512_seed2,cnn,0.1700453907251358,0.1396641284821251,0.011530821285550557,,,0.13424026006584894,290239,290239,36,0.517832425039579,0,True,0.45456832695830385,0.30283453036510044,1,0.31855225563049316,0.14083023369312286,0,"[5, 3]","[128, 256]",[512],6872626,bc11u21n1,440.3,trial_0169_learning_rate=1.0e-03_kernel_sizes=5x3_conv_channels=128x256_fc_dims=512_seed2,708e0e811c,trial_0169_learning_rate=1.0e-03_kernel_sizes=5x3_conv_channels=128x256_fc_dims=512_seed2
/scratch/sb272/patterns5k_results/slurm_base_cnn_2026-03-04_16-53-19/trial_0169_learning_rate=1.0e-03_kernel_sizes=5x3_conv_channels=128x256_fc_dims=512_seed3,cnn,0.1696637235879898,0.13131631969093246,0.013998783770061675,,,0.1357937032639728,290239,290239,38,0.4925157586444866,0,True,0.45456832695830385,0.2891151565450651,1,0.31855225563049316,0.13232095539569855,0,"[5, 3]","[128, 256]",[512],6872626,bc11u21n1,444.5,trial_0169_learning_rate=1.0e-03_kernel_sizes=5x3_conv_channels=128x256_fc_dims=512_seed3,708e0e811c,trial_0169_learning_rate=1.0e-03_kernel_sizes=5x3_conv_channels=128x256_fc_dims=512_seed3
/scratch/sb272/patterns5k_results/slurm_base_cnn_2026-03-04_16-53-19/trial_0169_learning_rate=1.0e-03_kernel_sizes=5x3_conv_channels=128x256_fc_dims=512_seed4,cnn,0.1695692662000656,0.1390015578205475,0.014448230228726827,,,0.1379465533307251,290239,290239,33,0.49191709308824577,0,True,0.45456832695830385,0.2899576349283884,1,0.31855225563049316,0.13989122211933136,0,"[5, 3]","[128, 256]",[512],6872626,bc11u21n1,398.6,trial_0169_learning_rate=1.0e-03_kernel_sizes=5x3_conv_channels=128x256_fc_dims=512_seed4,708e0e811c,trial_0169_learning_rate=1.0e-03_kernel_sizes=5x3_conv_channels=128x256_fc_dims=512_seed4
/scratch/sb272/patterns5k_results/slurm_base_cnn_2026-03-04_16-53-19/trial_0170_learning_rate=1.0e-03_kernel_sizes=5x3_conv_channels=128x256_fc_dims=1024_seed0,cnn,0.1725615462064743,0.1325961935306145,-9.41233029441228e-05,,,0.13723469524079968,454079,454079,35,0.48550120234690297,0,True,0.45456832695830385,0.28586206634796535,1,0.31855225563049316,0.13375310599803925,0,"[5, 3]","[128, 256]",[1024],6872627,bc11u21n2,542.6,trial_0170_learning_rate=1.0e-03_kernel_sizes=5x3_conv_channels=128x256_fc_dims=1024_seed0,7ca4695d91,trial_0170_learning_rate=1.0e-03_kernel_sizes=5x3_conv_channels=128x256_fc_dims=1024_seed0
/scratch/sb272/patterns5k_results/slurm_base_cnn_2026-03-04_16-53-19/trial_0170_learning_rate=1.0e-03_kernel_sizes=5x3_conv_channels=128x256_fc_dims=1024_seed1,cnn,0.17121009182929992,0.13679605266319184,0.005218295823960077,,,0.1409738915483481,454079,454079,29,0.496495942053706,0,True,0.45456832695830385,0.2913321661455118,1,0.31855225563049316,0.1379101425409317,0,"[5, 3]","[128, 256]",[1024],6872627,bc11u21n2,465.9,trial_0170_learning_rate=1.0e-03_kernel_sizes=5x3_conv_channels=128x256_fc_dims=1024_seed1,7ca4695d91,trial_0170_learning_rate=1.0e-03_kernel_sizes=5x3_conv_channels=128x256_fc_dims=1024_seed1
/scratch/sb272/patterns5k_results/slurm_base_cnn_2026-03-04_16-53-19/trial_0170_learning_rate=1.0e-03_kernel_sizes=5x3_conv_channels=128x256_fc_dims=1024_seed2,cnn,0.17170779073238374,0.13535537898090796,-0.0003591019009786939,,,0.1343414166758561,454079,454079,33,0.5052638598459338,0,True,0.45456832695830385,0.29710960884030513,1,0.31855225563049316,0.13657329976558685,0,"[5, 3]","[128, 256]",[1024],6872627,bc11u21n2,500.7,trial_0170_learning_rate=1.0e-03_kernel_sizes=5x3_conv_channels=128x256_fc_dims=1024_seed2,7ca4695d91,trial_0170_learning_rate=1.0e-03_kernel_sizes=5x3_conv_channels=128x256_fc_dims=1024_seed2
/scratch/sb272/patterns5k_results/slurm_base_cnn_2026-03-04_16-53-19/trial_0170_learning_rate=1.0e-03_kernel_sizes=5x3_conv_channels=128x256_fc_dims=1024_seed3,cnn,0.17065103173255922,0.13830909101836222,0.00441009279281374,,,0.13518387478932298,454079,454079,34,0.4918673580544123,0,True,0.45456832695830385,0.2917196366727342,1,0.31855225563049316,0.1393147110939026,0,"[5, 3]","[128, 256]",[1024],6872627,bc11u21n2,503.3,trial_0170_learning_rate=1.0e-03_kernel_sizes=5x3_conv_channels=128x256_fc_dims=1024_seed3,7ca4695d91,trial_0170_learning_rate=1.0e-03_kernel_sizes=5x3_conv_channels=128x256_fc_dims=1024_seed3
/scratch/sb272/patterns5k_results/slurm_base_cnn_2026-03-04_16-53-19/trial_0170_learning_rate=1.0e-03_kernel_sizes=5x3_conv_channels=128x256_fc_dims=1024_seed4,cnn,0.1738491450548172,0.1330290454768304,-0.006894940421694801,,,0.13656392315164217,454079,454079,24,0.4818751516998693,0,True,0.45456832695830385,0.283383758154772,1,0.31855225563049316,0.13420824706554413,0,"[5, 3]","[128, 256]",[1024],6872627,bc11u21n2,424.8,trial_0170_learning_rate=1.0e-03_kernel_sizes=5x3_conv_channels=128x256_fc_dims=1024_seed4,7ca4695d91,trial_0170_learning_rate=1.0e-03_kernel_sizes=5x3_conv_channels=128x256_fc_dims=1024_seed4
/scratch/sb272/patterns5k_results/slurm_base_cnn_2026-03-04_16-53-19/trial_0171_learning_rate=1.0e-03_kernel_sizes=3x3x3_conv_channels=32x64x128_fc_dims=128_seed0,cnn,0.1678362510204315,0.1376083747748943,0.0232476412303864,,,0.14003813381340302,60063,60063,50,0.4943074626194734,0,True,0.45456832695830385,0.2850163222513808,1,0.31855225563049316,0.13849572837352753,0,"[3, 3, 3]","[32, 64, 128]",[128],6872627,bc11u21n2,377.8,trial_0171_learning_rate=1.0e-03_kernel_sizes=3x3x3_conv_channels=32x64x128_fc_dims=128_seed0,caec170e07,trial_0171_learning_rate=1.0e-03_kernel_sizes=3x3x3_conv_channels=32x64x128_fc_dims=128_seed0
/scratch/sb272/patterns5k_results/slurm_base_cnn_2026-03-04_16-53-19/trial_0171_learning_rate=1.0e-03_kernel_sizes=3x3x3_conv_channels=32x64x128_fc_dims=128_seed1,cnn,0.168386736869812,0.13203044563234298,0.020963609218597412,,,0.1403445812645678,60063,60063,50,0.4717149896300938,0,True,0.45456832695830385,0.27447876631533374,1,0.31855225563049316,0.1329544186592102,0,"[3, 3, 3]","[32, 64, 128]",[128],6872627,bc11u21n2,378.3,trial_0171_learning_rate=1.0e-03_kernel_sizes=3x3x3_conv_channels=32x64x128_fc_dims=128_seed1,caec170e07,trial_0171_learning_rate=1.0e-03_kernel_sizes=3x3x3_conv_channels=32x64x128_fc_dims=128_seed1
/scratch/sb272/patterns5k_results/slurm_base_cnn_2026-03-04_16-53-19/trial_0171_learning_rate=1.0e-03_kernel_sizes=3x3x3_conv_channels=32x64x128_fc_dims=128_seed2,cnn,0.1682397515773773,0.13364931990577344,0.02231617673995003,,,0.13394484467178594,60063,60063,50,0.4917663551378086,0,True,0.45456832695830385,0.28294535423660216,2,0.31855225563049316,0.13479191064834595,0,"[3, 3, 3]","[32, 64, 128]",[128],6872627,bc11u21n2,377.4,trial_0171_learning_rate=1.0e-03_kernel_sizes=3x3x3_conv_channels=32x64x128_fc_dims=128_seed2,caec170e07,trial_0171_learning_rate=1.0e-03_kernel_sizes=3x3x3_conv_channels=32x64x128_fc_dims=128_seed2
/scratch/sb272/patterns5k_results/slurm_base_cnn_2026-03-04_16-53-19/trial_0171_learning_rate=1.0e-03_kernel_sizes=3x3x3_conv_channels=32x64x128_fc_dims=128_seed3,cnn,0.1681015011072159,0.1352288470621609,0.022292346235305543,,,0.1353179342303469,60063,60063,50,0.47776169707834715,0,True,0.45456832695830385,0.27941636087464783,1,0.31855225563049316,0.1367366462945938,0,"[3, 3, 3]","[32, 64, 128]",[128],6872627,bc11u21n2,374.4,trial_0171_learning_rate=1.0e-03_kernel_sizes=3x3x3_conv_channels=32x64x128_fc_dims=128_seed3,caec170e07,trial_0171_learning_rate=1.0e-03_kernel_sizes=3x3x3_conv_channels=32x64x128_fc_dims=128_seed3
/scratch/sb272/patterns5k_results/slurm_base_cnn_2026-03-04_16-53-19/trial_0171_learning_rate=1.0e-03_kernel_sizes=3x3x3_conv_channels=32x64x128_fc_dims=128_seed4,cnn,0.16801475310325623,0.13431167263668048,0.021996036408439515,,,0.13852192738456684,60063,60063,50,0.49793872872721395,0,True,0.45456832695830385,0.28620669934082116,2,0.31855225563049316,0.13584880530834198,0,"[3, 3, 3]","[32, 64, 128]",[128],6872627,bc11u21n2,377.8,trial_0171_learning_rate=1.0e-03_kernel_sizes=3x3x3_conv_channels=32x64x128_fc_dims=128_seed4,caec170e07,trial_0171_learning_rate=1.0e-03_kernel_sizes=3x3x3_conv_channels=32x64x128_fc_dims=128_seed4
/scratch/sb272/patterns5k_results/slurm_base_cnn_2026-03-04_16-53-19/trial_0172_learning_rate=1.0e-03_kernel_sizes=3x3x3_conv_channels=32x64x128_fc_dims=256_seed0,cnn,0.16799013328552245,0.13884716140654418,0.022933261735098704,,,0.1419442681956623,84639,84639,50,0.5004656113599829,0,True,0.45456832695830385,0.29110543902446406,1,0.31855225563049316,0.14020544290542603,0,"[3, 3, 3]","[32, 64, 128]",[256],6872627,bc11u21n2,393.2,trial_0172_learning_rate=1.0e-03_kernel_sizes=3x3x3_conv_channels=32x64x128_fc_dims=256_seed0,8cdd4fd21d,trial_0172_learning_rate=1.0e-03_kernel_sizes=3x3x3_conv_channels=32x64x128_fc_dims=256_seed0
/scratch/sb272/patterns5k_results/slurm_base_cnn_2026-03-04_16-53-19/trial_0172_learning_rate=1.0e-03_kernel_sizes=3x3x3_conv_channels=32x64x128_fc_dims=256_seed1,cnn,0.1678704786300659,0.13615314701145956,0.022662227115933856,,,0.1443692641876294,84639,84639,50,0.48029136539994766,0,True,0.45456832695830385,0.2805837341590993,1,0.31855225563049316,0.13720938563346863,0,"[3, 3, 3]","[32, 64, 128]",[256],6872627,bc11u21n2,397.8,trial_0172_learning_rate=1.0e-03_kernel_sizes=3x3x3_conv_channels=32x64x128_fc_dims=256_seed1,8cdd4fd21d,trial_0172_learning_rate=1.0e-03_kernel_sizes=3x3x3_conv_channels=32x64x128_fc_dims=256_seed1
/scratch/sb272/patterns5k_results/slurm_base_cnn_2026-03-04_16-53-19/trial_0172_learning_rate=1.0e-03_kernel_sizes=3x3x3_conv_channels=32x64x128_fc_dims=256_seed2,cnn,0.1678505676984787,0.13661924124124394,0.022913132395063127,,,0.1378428809051665,84639,84639,50,0.49373306538181444,0,True,0.45456832695830385,0.2882765195330945,2,0.31855225563049316,0.1378656029701233,0,"[3, 3, 3]","[32, 64, 128]",[256],6872627,bc11u21n2,396.7,trial_0172_learning_rate=1.0e-03_kernel_sizes=3x3x3_conv_channels=32x64x128_fc_dims=256_seed2,8cdd4fd21d,trial_0172_learning_rate=1.0e-03_kernel_sizes=3x3x3_conv_channels=32x64x128_fc_dims=256_seed2
/scratch/sb272/patterns5k_results/slurm_base_cnn_2026-03-04_16-53-19/trial_0172_learning_rate=1.0e-03_kernel_sizes=3x3x3_conv_channels=32x64x128_fc_dims=256_seed3,cnn,0.1679654448032379,0.13794184744077742,0.02353006790554713,,,0.13884126061299723,84639,84639,50,0.4910957818201938,0,True,0.45456832695830385,0.2868645257251953,1,0.31855225563049316,0.13881348073482513,0,"[3, 3, 3]","[32, 64, 128]",[256],6872627,bc11u21n2,394.6,trial_0172_learning_rate=1.0e-03_kernel_sizes=3x3x3_conv_channels=32x64x128_fc_dims=256_seed3,8cdd4fd21d,trial_0172_learning_rate=1.0e-03_kernel_sizes=3x3x3_conv_channels=32x64x128_fc_dims=256_seed3
/scratch/sb272/patterns5k_results/slurm_base_cnn_2026-03-04_16-53-19/trial_0172_learning_rate=1.0e-03_kernel_sizes=3x3x3_conv_channels=32x64x128_fc_dims=256_seed4,cnn,0.16774746131896973,0.13746362043118318,0.02286551585273137,,,0.14180059788406438,84639,84639,50,0.5045290666467791,0,True,0.45456832695830385,0.29196955392708124,2,0.31855225563049316,0.13847418129444122,0,"[3, 3, 3]","[32, 64, 128]",[256],6872627,bc11u21n2,397.7,trial_0172_learning_rate=1.0e-03_kernel_sizes=3x3x3_conv_channels=32x64x128_fc_dims=256_seed4,8cdd4fd21d,trial_0172_learning_rate=1.0e-03_kernel_sizes=3x3x3_conv_channels=32x64x128_fc_dims=256_seed4
/scratch/sb272/patterns5k_results/slurm_base_cnn_2026-03-04_16-53-19/trial_0173_learning_rate=1.0e-03_kernel_sizes=5x3x3_conv_channels=64x128x256_fc_dims=256_seed0,cnn,0.16801265478134156,0.13861496210350416,0.023000262086353605,,,0.14482175021369867,219647,219647,48,0.4816636400532411,0,True,0.45456832695830385,0.27730096410768057,2,0.31855225563049316,0.1392999142408371,0,"[5, 3, 3]","[64, 128, 256]",[256],6872627,bc11u21n2,481.3,trial_0173_learning_rate=1.0e-03_kernel_sizes=5x3x3_conv_channels=64x128x256_fc_dims=256_seed0,d0bcb33378,trial_0173_learning_rate=1.0e-03_kernel_sizes=5x3x3_conv_channels=64x128x256_fc_dims=256_seed0
/scratch/sb272/patterns5k_results/slurm_base_cnn_2026-03-04_16-53-19/trial_0173_learning_rate=1.0e-03_kernel_sizes=5x3x3_conv_channels=64x128x256_fc_dims=256_seed1,cnn,0.16768240642547608,0.13956352375815678,0.02344204509069049,,,0.14610375458351865,219647,219647,41,0.48919063294244713,0,True,0.45456832695830385,0.28487831004368563,1,0.31855225563049316,0.14022867381572723,0,"[5, 3, 3]","[64, 128, 256]",[256],6872627,bc11u21n2,448.8,trial_0173_learning_rate=1.0e-03_kernel_sizes=5x3x3_conv_channels=64x128x256_fc_dims=256_seed1,d0bcb33378,trial_0173_learning_rate=1.0e-03_kernel_sizes=5x3x3_conv_channels=64x128x256_fc_dims=256_seed1
/scratch/sb272/patterns5k_results/slurm_base_cnn_2026-03-04_16-53-19/trial_0173_learning_rate=1.0e-03_kernel_sizes=5x3x3_conv_channels=64x128x256_fc_dims=256_seed2,cnn,0.16787239289283754,0.13673601032085714,0.021452576395065065,,,0.13924882014077905,219647,219647,46,0.48228586281319924,0,True,0.45456832695830385,0.2800732548859847,1,0.31855225563049316,0.13680467009544373,0,"[5, 3, 3]","[64, 128, 256]",[256],6872627,bc11u21n2,479.6,trial_0173_learning_rate=1.0e-03_kernel_sizes=5x3x3_conv_channels=64x128x256_fc_dims=256_seed2,d0bcb33378,trial_0173_learning_rate=1.0e-03_kernel_sizes=5x3x3_conv_channels=64x128x256_fc_dims=256_seed2
/scratch/sb272/patterns5k_results/slurm_base_cnn_2026-03-04_16-53-19/trial_0173_learning_rate=1.0e-03_kernel_sizes=5x3x3_conv_channels=64x128x256_fc_dims=256_seed3,cnn,0.16787828826904297,0.14044358426672987,0.02429308493932088,,,0.13902222951933838,219647,219647,47,0.49588649685377534,0,True,0.45456832695830385,0.28836739391401867,1,0.31855225563049316,0.14178651571273804,0,"[5, 3, 3]","[64, 128, 256]",[256],6872627,bc11u21n2,480.2,trial_0173_learning_rate=1.0e-03_kernel_sizes=5x3x3_conv_channels=64x128x256_fc_dims=256_seed3,d0bcb33378,trial_0173_learning_rate=1.0e-03_kernel_sizes=5x3x3_conv_channels=64x128x256_fc_dims=256_seed3
/scratch/sb272/patterns5k_results/slurm_base_cnn_2026-03-04_16-53-19/trial_0173_learning_rate=1.0e-03_kernel_sizes=5x3x3_conv_channels=64x128x256_fc_dims=256_seed4,cnn,0.16813175427913665,0.13700847399449817,0.021480553679996066,,,0.1419949322616049,219647,219647,44,0.49550508968495377,0,True,0.45456832695830385,0.28440901739980146,2,0.31855225563049316,0.13742126524448395,0,"[5, 3, 3]","[64, 128, 256]",[256],6872627,bc11u21n2,466.2,trial_0173_learning_rate=1.0e-03_kernel_sizes=5x3x3_conv_channels=64x128x256_fc_dims=256_seed4,d0bcb33378,trial_0173_learning_rate=1.0e-03_kernel_sizes=5x3x3_conv_channels=64x128x256_fc_dims=256_seed4
/scratch/sb272/patterns5k_results/slurm_base_cnn_2026-03-04_16-53-19/trial_0174_learning_rate=1.0e-03_kernel_sizes=5x3x3_conv_channels=64x128x256_fc_dims=512_seed0,cnn,0.16799557232856752,0.13937098373634374,0.020785286313011533,,,0.1487902525020274,301567,301567,41,0.4966017730003348,0,True,0.45456832695830385,0.2879364674781698,1,0.31855225563049316,0.14001478254795074,0,"[5, 3, 3]","[64, 128, 256]",[512],6872627,bc11u21n2,492.9,trial_0174_learning_rate=1.0e-03_kernel_sizes=5x3x3_conv_channels=64x128x256_fc_dims=512_seed0,39650963f7,trial_0174_learning_rate=1.0e-03_kernel_sizes=5x3x3_conv_channels=64x128x256_fc_dims=512_seed0
/scratch/sb272/patterns5k_results/slurm_base_cnn_2026-03-04_16-53-19/trial_0174_learning_rate=1.0e-03_kernel_sizes=5x3x3_conv_channels=64x128x256_fc_dims=512_seed1,cnn,0.16782702970504762,0.14240150930057746,0.022133485665397037,,,0.14689234838298898,301567,301567,44,0.5050071572138782,0,True,0.45456832695830385,0.2934145473596908,0,0.31855225563049316,0.1430003046989441,0,"[5, 3, 3]","[64, 128, 256]",[512],6872627,bc11u21n2,509.4,trial_0174_learning_rate=1.0e-03_kernel_sizes=5x3x3_conv_channels=64x128x256_fc_dims=512_seed1,39650963f7,trial_0174_learning_rate=1.0e-03_kernel_sizes=5x3x3_conv_channels=64x128x256_fc_dims=512_seed1
/scratch/sb272/patterns5k_results/slurm_base_cnn_2026-03-04_16-53-19/trial_0174_learning_rate=1.0e-03_kernel_sizes=5x3x3_conv_channels=64x128x256_fc_dims=512_seed2,cnn,0.16743903088569642,0.1430298003181303,0.02470088667339749,,,0.1412474546270231,301567,301567,41,0.5102683541223937,0,True,0.45456832695830385,0.2937951375749519,2,0.31855225563049316,0.1438734084367752,0,"[5, 3, 3]","[64, 128, 256]",[512],6872627,bc11u21n2,494.1,trial_0174_learning_rate=1.0e-03_kernel_sizes=5x3x3_conv_channels=64x128x256_fc_dims=512_seed2,39650963f7,trial_0174_learning_rate=1.0e-03_kernel_sizes=5x3x3_conv_channels=64x128x256_fc_dims=512_seed2
/scratch/sb272/patterns5k_results/slurm_base_cnn_2026-03-04_16-53-19/trial_0174_learning_rate=1.0e-03_kernel_sizes=5x3x3_conv_channels=64x128x256_fc_dims=512_seed3,cnn,0.16774564802646638,0.1419543781302202,0.022213511050693573,,,0.1427206180489909,301567,301567,45,0.49388608115338734,0,True,0.45456832695830385,0.2904481785052481,1,0.31855225563049316,0.14275294542312622,0,"[5, 3, 3]","[64, 128, 256]",[512],6872627,bc11u21n2,529.4,trial_0174_learning_rate=1.0e-03_kernel_sizes=5x3x3_conv_channels=64x128x256_fc_dims=512_seed3,39650963f7,trial_0174_learning_rate=1.0e-03_kernel_sizes=5x3x3_conv_channels=64x128x256_fc_dims=512_seed3
/scratch/sb272/patterns5k_results/slurm_base_cnn_2026-03-04_16-53-19/trial_0174_learning_rate=1.0e-03_kernel_sizes=5x3x3_conv_channels=64x128x256_fc_dims=512_seed4,cnn,0.16807363629341127,0.13686551419659868,0.021908034407903277,,,0.14411737031455446,301567,301567,42,0.47882272219174243,0,True,0.45456832695830385,0.2776951700310401,2,0.31855225563049316,0.1375446617603302,0,"[5, 3, 3]","[64, 128, 256]",[512],6872627,bc11u21n2,500.9,trial_0174_learning_rate=1.0e-03_kernel_sizes=5x3x3_conv_channels=64x128x256_fc_dims=512_seed4,39650963f7,trial_0174_learning_rate=1.0e-03_kernel_sizes=5x3x3_conv_channels=64x128x256_fc_dims=512_seed4
/scratch/sb272/patterns5k_results/slurm_base_cnn_2026-03-04_16-53-19/trial_0175_learning_rate=1.0e-03_kernel_sizes=5x3x3_conv_channels=64x128x256_fc_dims=1024_seed0,cnn,0.16782532250881196,0.14273652231753511,0.021500810744270446,,,0.1482713747195032,465407,465407,42,0.5069336476390289,0,True,0.45456832695830385,0.29412285041245895,1,0.31855225563049316,0.14373661577701569,0,"[5, 3, 3]","[64, 128, 256]",[1024],6872627,bc11u21n2,589.2,trial_0175_learning_rate=1.0e-03_kernel_sizes=5x3x3_conv_channels=64x128x256_fc_dims=1024_seed0,a0912d2a23,trial_0175_learning_rate=1.0e-03_kernel_sizes=5x3x3_conv_channels=64x128x256_fc_dims=1024_seed0
/scratch/sb272/patterns5k_results/slurm_base_cnn_2026-03-04_16-53-19/trial_0175_learning_rate=1.0e-03_kernel_sizes=5x3x3_conv_channels=64x128x256_fc_dims=1024_seed1,cnn,0.16745757591724394,0.14330626530492838,0.025331610725039526,,,0.14924541266848437,465407,465407,40,0.5043761093550938,0,True,0.45456832695830385,0.29236560609331524,1,0.31855225563049316,0.1443948596715927,0,"[5, 3, 3]","[64, 128, 256]",[1024],6872627,bc11u21n2,586.2,trial_0175_learning_rate=1.0e-03_kernel_sizes=5x3x3_conv_channels=64x128x256_fc_dims=1024_seed1,a0912d2a23,trial_0175_learning_rate=1.0e-03_kernel_sizes=5x3x3_conv_channels=64x128x256_fc_dims=1024_seed1
/scratch/sb272/patterns5k_results/slurm_base_cnn_2026-03-04_16-53-19/trial_0175_learning_rate=1.0e-03_kernel_sizes=5x3x3_conv_channels=64x128x256_fc_dims=1024_seed2,cnn,0.16780704593658446,0.1433626529787149,0.020912734289017933,,,0.1400813780427807,465407,465407,44,0.5216950688591893,0,True,0.45456832695830385,0.3011850853944073,1,0.31855225563049316,0.14408379793167114,0,"[5, 3, 3]","[64, 128, 256]",[1024],6872627,bc11u21n2,609.8,trial_0175_learning_rate=1.0e-03_kernel_sizes=5x3x3_conv_channels=64x128x256_fc_dims=1024_seed2,a0912d2a23,trial_0175_learning_rate=1.0e-03_kernel_sizes=5x3x3_conv_channels=64x128x256_fc_dims=1024_seed2
/scratch/sb272/patterns5k_results/slurm_base_cnn_2026-03-04_16-53-19/trial_0175_learning_rate=1.0e-03_kernel_sizes=5x3x3_conv_channels=64x128x256_fc_dims=1024_seed3,cnn,0.16898222756385803,0.1392064960289372,0.016741564349522665,,,0.14282668392714065,465407,465407,37,0.5064686070564328,0,True,0.45456832695830385,0.29217493345624596,1,0.31855225563049316,0.1404448002576828,0,"[5, 3, 3]","[64, 128, 256]",[1024],6872627,bc11u21n2,554.1,trial_0175_learning_rate=1.0e-03_kernel_sizes=5x3x3_conv_channels=64x128x256_fc_dims=1024_seed3,a0912d2a23,trial_0175_learning_rate=1.0e-03_kernel_sizes=5x3x3_conv_channels=64x128x256_fc_dims=1024_seed3
/scratch/sb272/patterns5k_results/slurm_base_cnn_2026-03-04_16-53-19/trial_0175_learning_rate=1.0e-03_kernel_sizes=5x3x3_conv_channels=64x128x256_fc_dims=1024_seed4,cnn,0.16786972856521606,0.14078117400796802,0.023532051888723222,,,0.1451760442667234,465407,465407,40,0.5074833381895402,0,True,0.45456832695830385,0.29421898611326724,0,0.31855225563049316,0.1416856348514557,0,"[5, 3, 3]","[64, 128, 256]",[1024],6872627,bc11u21n2,571.2,trial_0175_learning_rate=1.0e-03_kernel_sizes=5x3x3_conv_channels=64x128x256_fc_dims=1024_seed4,a0912d2a23,trial_0175_learning_rate=1.0e-03_kernel_sizes=5x3x3_conv_channels=64x128x256_fc_dims=1024_seed4
/scratch/sb272/patterns5k_results/slurm_base_cnn_2026-03-04_16-53-19/trial_0176_learning_rate=1.0e-03_kernel_sizes=3x3x3_conv_channels=128x128x128_fc_dims=256_seed0,cnn,0.1688207117319107,0.13138504645154064,0.019541264526427737,,,0.13837640838269363,164799,164799,34,0.48771884764201245,0,True,0.45456832695830385,0.2840021791974599,2,0.31855225563049316,0.1318465769290924,0,"[3, 3, 3]","[128, 128, 128]",[256],6872627,bc11u21n2,376.1,trial_0176_learning_rate=1.0e-03_kernel_sizes=3x3x3_conv_channels=128x128x128_fc_dims=256_seed0,1870facca4,trial_0176_learning_rate=1.0e-03_kernel_sizes=3x3x3_conv_channels=128x128x128_fc_dims=256_seed0
/scratch/sb272/patterns5k_results/slurm_base_cnn_2026-03-04_16-53-19/trial_0176_learning_rate=1.0e-03_kernel_sizes=3x3x3_conv_channels=128x128x128_fc_dims=256_seed1,cnn,0.16867598974704742,0.1327091553436909,0.0192625673990401,,,0.14107350075688208,164799,164799,38,0.4739048573959833,0,True,0.45456832695830385,0.2759584155923617,1,0.31855225563049316,0.13333703577518463,0,"[3, 3, 3]","[128, 128, 128]",[256],6872627,bc11u21n2,398.5,trial_0176_learning_rate=1.0e-03_kernel_sizes=3x3x3_conv_channels=128x128x128_fc_dims=256_seed1,1870facca4,trial_0176_learning_rate=1.0e-03_kernel_sizes=3x3x3_conv_channels=128x128x128_fc_dims=256_seed1
/scratch/sb272/patterns5k_results/slurm_base_cnn_2026-03-04_16-53-19/trial_0176_learning_rate=1.0e-03_kernel_sizes=3x3x3_conv_channels=128x128x128_fc_dims=256_seed2,cnn,0.16835972368717195,0.13313383677907797,0.02087656467679947,,,0.13446508386565567,164799,164799,34,0.4777844766303002,0,True,0.45456832695830385,0.2772888025555142,2,0.31855225563049316,0.1337440311908722,0,"[3, 3, 3]","[128, 128, 128]",[256],6872627,bc11u21n2,376.8,trial_0176_learning_rate=1.0e-03_kernel_sizes=3x3x3_conv_channels=128x128x128_fc_dims=256_seed2,1870facca4,trial_0176_learning_rate=1.0e-03_kernel_sizes=3x3x3_conv_channels=128x128x128_fc_dims=256_seed2
/scratch/sb272/patterns5k_results/slurm_base_cnn_2026-03-04_16-53-19/trial_0176_learning_rate=1.0e-03_kernel_sizes=3x3x3_conv_channels=128x128x128_fc_dims=256_seed3,cnn,0.16881326031684876,0.13163886539644976,0.01854139377200414,,,0.13349604519378475,164799,164799,39,0.4497904607335987,0,True,0.45456832695830385,0.2634694055997523,1,0.31855225563049316,0.13188274204730988,0,"[3, 3, 3]","[128, 128, 128]",[256],6872627,bc11u21n2,409.5,trial_0176_learning_rate=1.0e-03_kernel_sizes=3x3x3_conv_channels=128x128x128_fc_dims=256_seed3,1870facca4,trial_0176_learning_rate=1.0e-03_kernel_sizes=3x3x3_conv_channels=128x128x128_fc_dims=256_seed3
/scratch/sb272/patterns5k_results/slurm_base_cnn_2026-03-04_16-53-19/trial_0176_learning_rate=1.0e-03_kernel_sizes=3x3x3_conv_channels=128x128x128_fc_dims=256_seed4,cnn,0.1689210069179535,0.13242959564578077,0.01925270330338251,,,0.13799086505118968,164799,164799,39,0.4786625901410674,0,True,0.45456832695830385,0.27949142081807127,1,0.31855225563049316,0.1328723281621933,0,"[3, 3, 3]","[128, 128, 128]",[256],6872627,bc11u21n2,406.8,trial_0176_learning_rate=1.0e-03_kernel_sizes=3x3x3_conv_channels=128x128x128_fc_dims=256_seed4,1870facca4,trial_0176_learning_rate=1.0e-03_kernel_sizes=3x3x3_conv_channels=128x128x128_fc_dims=256_seed4
/scratch/sb272/patterns5k_results/slurm_base_cnn_2026-03-04_16-53-19/trial_0177_learning_rate=1.0e-03_kernel_sizes=3x3x3_conv_channels=128x128x128_fc_dims=512_seed0,cnn,0.1682710646390915,0.13771581032162725,0.021431850062476263,,,0.1415760841406418,213951,213951,38,0.48869581434912296,0,True,0.45456832695830385,0.28370701980311247,1,0.31855225563049316,0.1381286233663559,0,"[3, 3, 3]","[128, 128, 128]",[512],6872627,bc11u21n2,427.6,trial_0177_learning_rate=1.0e-03_kernel_sizes=3x3x3_conv_channels=128x128x128_fc_dims=512_seed0,27ede25a47,trial_0177_learning_rate=1.0e-03_kernel_sizes=3x3x3_conv_channels=128x128x128_fc_dims=512_seed0
/scratch/sb272/patterns5k_results/slurm_base_cnn_2026-03-04_16-53-19/trial_0177_learning_rate=1.0e-03_kernel_sizes=3x3x3_conv_channels=128x128x128_fc_dims=512_seed1,cnn,0.17082164978981018,0.1340755136467307,0.010511909212384905,,,0.14215878928661696,213951,213951,29,0.45248762615371935,0,True,0.45456832695830385,0.26640996516988014,2,0.31855225563049316,0.1348283290863037,0,"[3, 3, 3]","[128, 128, 128]",[512],6872627,bc11u21n2,380.6,trial_0177_learning_rate=1.0e-03_kernel_sizes=3x3x3_conv_channels=128x128x128_fc_dims=512_seed1,27ede25a47,trial_0177_learning_rate=1.0e-03_kernel_sizes=3x3x3_conv_channels=128x128x128_fc_dims=512_seed1
/scratch/sb272/patterns5k_results/slurm_base_cnn_2026-03-04_16-53-19/trial_0177_learning_rate=1.0e-03_kernel_sizes=3x3x3_conv_channels=128x128x128_fc_dims=512_seed2,cnn,0.16875565600395204,0.13375315857984071,0.01864250690218002,,,0.13465195366660432,213951,213951,39,0.48336423115030286,0,True,0.45456832695830385,0.2811255679741741,2,0.31855225563049316,0.1342712938785553,0,"[3, 3, 3]","[128, 128, 128]",[512],6872627,bc11u21n2,433.2,trial_0177_learning_rate=1.0e-03_kernel_sizes=3x3x3_conv_channels=128x128x128_fc_dims=512_seed2,27ede25a47,trial_0177_learning_rate=1.0e-03_kernel_sizes=3x3x3_conv_channels=128x128x128_fc_dims=512_seed2
/scratch/sb272/patterns5k_results/slurm_base_cnn_2026-03-04_16-53-19/trial_0177_learning_rate=1.0e-03_kernel_sizes=3x3x3_conv_channels=128x128x128_fc_dims=512_seed3,cnn,0.16912689638137818,0.13488843250555257,0.01646657217116583,,,0.13740760131921811,213951,213951,38,0.4936931172762949,0,True,0.45456832695830385,0.28669237728855235,2,0.31855225563049316,0.13511866331100464,0,"[3, 3, 3]","[128, 128, 128]",[512],6872627,bc11u21n2,431.8,trial_0177_learning_rate=1.0e-03_kernel_sizes=3x3x3_conv_channels=128x128x128_fc_dims=512_seed3,27ede25a47,trial_0177_learning_rate=1.0e-03_kernel_sizes=3x3x3_conv_channels=128x128x128_fc_dims=512_seed3
/scratch/sb272/patterns5k_results/slurm_base_cnn_2026-03-04_16-53-19/trial_0177_learning_rate=1.0e-03_kernel_sizes=3x3x3_conv_channels=128x128x128_fc_dims=512_seed4,cnn,0.16884410905838013,0.13267597615448423,0.018464794234623983,,,0.13864953459116347,213951,213951,38,0.4762314492823833,0,True,0.45456832695830385,0.2773288724116886,1,0.31855225563049316,0.13272665441036224,0,"[3, 3, 3]","[128, 128, 128]",[512],6872627,bc11u21n2,430.1,trial_0177_learning_rate=1.0e-03_kernel_sizes=3x3x3_conv_channels=128x128x128_fc_dims=512_seed4,27ede25a47,trial_0177_learning_rate=1.0e-03_kernel_sizes=3x3x3_conv_channels=128x128x128_fc_dims=512_seed4
/scratch/sb272/patterns5k_results/slurm_base_cnn_2026-03-04_16-53-19/trial_0178_learning_rate=1.0e-03_kernel_sizes=3x3x3_conv_channels=256x256x256_fc_dims=512_seed0,cnn,0.16931950092315673,0.13646401941730457,0.01653499168062967,,,0.14111773772908845,591679,591679,24,0.4771582873209568,0,True,0.45456832695830385,0.27841504102824455,1,0.31855225563049316,0.13654617965221405,0,"[3, 3, 3]","[256, 256, 256]",[512],6872627,bc11u21n2,467.4,trial_0178_learning_rate=1.0e-03_kernel_sizes=3x3x3_conv_channels=256x256x256_fc_dims=512_seed0,817633515c,trial_0178_learning_rate=1.0e-03_kernel_sizes=3x3x3_conv_channels=256x256x256_fc_dims=512_seed0
/scratch/sb272/patterns5k_results/slurm_base_cnn_2026-03-04_16-53-19/trial_0178_learning_rate=1.0e-03_kernel_sizes=3x3x3_conv_channels=256x256x256_fc_dims=512_seed1,cnn,0.16983690404891968,0.13301368405284603,0.013942098806774805,,,0.14071735278811662,591679,591679,22,0.48320613584915295,0,True,0.45456832695830385,0.2819433928952311,1,0.31855225563049316,0.1339893341064453,0,"[3, 3, 3]","[256, 256, 256]",[512],6872627,bc11u21n2,446.8,trial_0178_learning_rate=1.0e-03_kernel_sizes=3x3x3_conv_channels=256x256x256_fc_dims=512_seed1,817633515c,trial_0178_learning_rate=1.0e-03_kernel_sizes=3x3x3_conv_channels=256x256x256_fc_dims=512_seed1
/scratch/sb272/patterns5k_results/slurm_base_cnn_2026-03-04_16-53-19/trial_0178_learning_rate=1.0e-03_kernel_sizes=3x3x3_conv_channels=256x256x256_fc_dims=512_seed2,cnn,0.1698954894542694,0.13259490479128988,0.011654586072952028,,,0.13426926973698952,591679,591679,27,0.4916454814237936,0,True,0.45456832695830385,0.2888541051896174,1,0.31855225563049316,0.13348853588104248,0,"[3, 3, 3]","[256, 256, 256]",[512],6872627,bc11u21n2,511.5,trial_0178_learning_rate=1.0e-03_kernel_sizes=3x3x3_conv_channels=256x256x256_fc_dims=512_seed2,817633515c,trial_0178_learning_rate=1.0e-03_kernel_sizes=3x3x3_conv_channels=256x256x256_fc_dims=512_seed2
/scratch/sb272/patterns5k_results/slurm_base_cnn_2026-03-04_16-53-19/trial_0178_learning_rate=1.0e-03_kernel_sizes=3x3x3_conv_channels=256x256x256_fc_dims=512_seed3,cnn,0.1696344439983368,0.13007981370164762,0.013967009763869028,,,0.13517265235209236,591679,591679,22,0.4648133934545819,0,True,0.45456832695830385,0.2724150078836332,1,0.31855225563049316,0.1308290660381317,0,"[3, 3, 3]","[256, 256, 256]",[512],6872627,bc11u21n2,450.7,trial_0178_learning_rate=1.0e-03_kernel_sizes=3x3x3_conv_channels=256x256x256_fc_dims=512_seed3,817633515c,trial_0178_learning_rate=1.0e-03_kernel_sizes=3x3x3_conv_channels=256x256x256_fc_dims=512_seed3
/scratch/sb272/patterns5k_results/slurm_base_cnn_2026-03-04_16-53-19/trial_0178_learning_rate=1.0e-03_kernel_sizes=3x3x3_conv_channels=256x256x256_fc_dims=512_seed4,cnn,0.16993703663349152,0.1330112732384911,0.011744503937070333,,,0.13699129794732195,591679,591679,25,0.4782695970118945,0,True,0.45456832695830385,0.27877458161573077,1,0.31855225563049316,0.13331323862075806,0,"[3, 3, 3]","[256, 256, 256]",[512],6872627,bc11u21n2,455.4,trial_0178_learning_rate=1.0e-03_kernel_sizes=3x3x3_conv_channels=256x256x256_fc_dims=512_seed4,817633515c,trial_0178_learning_rate=1.0e-03_kernel_sizes=3x3x3_conv_channels=256x256x256_fc_dims=512_seed4
/scratch/sb272/patterns5k_results/slurm_base_cnn_2026-03-04_16-53-19/trial_0179_learning_rate=1.0e-03_kernel_sizes=3x3x3_conv_channels=256x256x256_fc_dims=1024_seed0,cnn,0.16883708441257478,0.13559437460996124,0.01511645411688184,,,0.14107686478866885,755519,755519,25,0.47426004507487773,0,True,0.45456832695830385,0.27938778888114213,2,0.31855225563049316,0.13604705035686493,0,"[3, 3, 3]","[256, 256, 256]",[1024],6872627,bc11u21n2,514.6,trial_0179_learning_rate=1.0e-03_kernel_sizes=3x3x3_conv_channels=256x256x256_fc_dims=1024_seed0,653e377b76,trial_0179_learning_rate=1.0e-03_kernel_sizes=3x3x3_conv_channels=256x256x256_fc_dims=1024_seed0
/scratch/sb272/patterns5k_results/slurm_base_cnn_2026-03-04_16-53-19/trial_0179_learning_rate=1.0e-03_kernel_sizes=3x3x3_conv_channels=256x256x256_fc_dims=1024_seed1,cnn,0.16873598241806032,0.13356713459112707,0.019942298768058656,,,0.1414206946942762,755519,755519,24,0.4934127568469734,0,True,0.45456832695830385,0.28803815245716335,1,0.31855225563049316,0.13416355848312378,0,"[3, 3, 3]","[256, 256, 256]",[1024],6872627,bc11u21n2,520.0,trial_0179_learning_rate=1.0e-03_kernel_sizes=3x3x3_conv_channels=256x256x256_fc_dims=1024_seed1,653e377b76,trial_0179_learning_rate=1.0e-03_kernel_sizes=3x3x3_conv_channels=256x256x256_fc_dims=1024_seed1
/scratch/sb272/patterns5k_results/slurm_base_cnn_2026-03-04_16-53-19/trial_0179_learning_rate=1.0e-03_kernel_sizes=3x3x3_conv_channels=256x256x256_fc_dims=1024_seed2,cnn,0.16915577900409698,0.13911837459138285,0.016216711392478336,,,0.13606731526571383,755519,755519,23,0.48476947950281674,0,True,0.45456832695830385,0.2862756851383262,1,0.31855225563049316,0.13940183818340302,0,"[3, 3, 3]","[256, 256, 256]",[1024],6872627,bc11u21n2,523.7,trial_0179_learning_rate=1.0e-03_kernel_sizes=3x3x3_conv_channels=256x256x256_fc_dims=1024_seed2,653e377b76,trial_0179_learning_rate=1.0e-03_kernel_sizes=3x3x3_conv_channels=256x256x256_fc_dims=1024_seed2
/scratch/sb272/patterns5k_results/slurm_base_cnn_2026-03-04_16-53-19/trial_0179_learning_rate=1.0e-03_kernel_sizes=3x3x3_conv_channels=256x256x256_fc_dims=1024_seed3,cnn,0.16911839389801026,0.1324822937653063,0.018166666939145044,,,0.13551323845295646,755519,755519,28,0.47598958770089156,0,True,0.45456832695830385,0.2772228765563768,1,0.31855225563049316,0.13285619020462036,0,"[3, 3, 3]","[256, 256, 256]",[1024],6872627,bc11u21n2,584.1,trial_0179_learning_rate=1.0e-03_kernel_sizes=3x3x3_conv_channels=256x256x256_fc_dims=1024_seed3,653e377b76,trial_0179_learning_rate=1.0e-03_kernel_sizes=3x3x3_conv_channels=256x256x256_fc_dims=1024_seed3
/scratch/sb272/patterns5k_results/slurm_base_cnn_2026-03-04_16-53-19/trial_0179_learning_rate=1.0e-03_kernel_sizes=3x3x3_conv_channels=256x256x256_fc_dims=1024_seed4,cnn,0.16892061007022857,0.13486230593598228,0.018341361530243405,,,0.13811091497687308,755519,755519,23,0.49481363840902187,0,True,0.45456832695830385,0.2895310174453517,1,0.31855225563049316,0.13591903448104858,0,"[3, 3, 3]","[256, 256, 256]",[1024],6872627,bc11u21n2,516.3,trial_0179_learning_rate=1.0e-03_kernel_sizes=3x3x3_conv_channels=256x256x256_fc_dims=1024_seed4,653e377b76,trial_0179_learning_rate=1.0e-03_kernel_sizes=3x3x3_conv_channels=256x256x256_fc_dims=1024_seed4
/scratch/sb272/patterns5k_results/slurm_base_cnn_2026-03-04_16-53-19/trial_0180_learning_rate=5.0e-03_kernel_sizes=3x3_conv_channels=64x128_fc_dims=128_seed0,cnn,0.16836583793163298,0.13634838927662368,0.022671758182465085,,,0.13793314208593685,57855,57855,50,0.4865728227655817,0,True,0.45456832695830385,0.28794626639809223,1,0.31855225563049316,0.13725422322750092,0,"[3, 3]","[64, 128]",[128],6872628,bc11u21n2,395.5,trial_0180_learning_rate=5.0e-03_kernel_sizes=3x3_conv_channels=64x128_fc_dims=128_seed0,8b1e85682c,trial_0180_learning_rate=5.0e-03_kernel_sizes=3x3_conv_channels=64x128_fc_dims=128_seed0
/scratch/sb272/patterns5k_results/slurm_base_cnn_2026-03-04_16-53-19/trial_0180_learning_rate=5.0e-03_kernel_sizes=3x3_conv_channels=64x128_fc_dims=128_seed1,cnn,0.16836172926425935,0.13454405966699307,0.022963977995372954,,,0.13950462977223385,57855,57855,39,0.4849360803084708,0,True,0.45456832695830385,0.28582239902151396,1,0.31855225563049316,0.1356872171163559,0,"[3, 3]","[64, 128]",[128],6872628,bc11u21n2,331.0,trial_0180_learning_rate=5.0e-03_kernel_sizes=3x3_conv_channels=64x128_fc_dims=128_seed1,8b1e85682c,trial_0180_learning_rate=5.0e-03_kernel_sizes=3x3_conv_channels=64x128_fc_dims=128_seed1
/scratch/sb272/patterns5k_results/slurm_base_cnn_2026-03-04_16-53-19/trial_0180_learning_rate=5.0e-03_kernel_sizes=3x3_conv_channels=64x128_fc_dims=128_seed2,cnn,0.168438845038414,0.13470352856148174,0.022058768877907406,,,0.1332608008193173,57855,57855,49,0.4882832425541849,0,True,0.45456832695830385,0.2867170619047145,1,0.31855225563049316,0.13544298708438873,0,"[3, 3]","[64, 128]",[128],6872628,bc11u21n2,371.5,trial_0180_learning_rate=5.0e-03_kernel_sizes=3x3_conv_channels=64x128_fc_dims=128_seed2,8b1e85682c,trial_0180_learning_rate=5.0e-03_kernel_sizes=3x3_conv_channels=64x128_fc_dims=128_seed2
/scratch/sb272/patterns5k_results/slurm_base_cnn_2026-03-04_16-53-19/trial_0180_learning_rate=5.0e-03_kernel_sizes=3x3_conv_channels=64x128_fc_dims=128_seed3,cnn,0.16880845522880555,0.1351345770444497,0.021155011086236863,,,0.13587264709171792,57855,57855,44,0.48439034696700933,0,True,0.45456832695830385,0.28605779048219454,1,0.31855225563049316,0.13686232268810272,0,"[3, 3]","[64, 128]",[128],6872628,bc11u21n2,350.8,trial_0180_learning_rate=5.0e-03_kernel_sizes=3x3_conv_channels=64x128_fc_dims=128_seed3,8b1e85682c,trial_0180_learning_rate=5.0e-03_kernel_sizes=3x3_conv_channels=64x128_fc_dims=128_seed3
/scratch/sb272/patterns5k_results/slurm_base_cnn_2026-03-04_16-53-19/trial_0180_learning_rate=5.0e-03_kernel_sizes=3x3_conv_channels=64x128_fc_dims=128_seed4,cnn,0.16824369502067565,0.13446467294272957,0.022814402504572794,,,0.13606360670360115,57855,57855,50,0.5015953095005805,0,True,0.45456832695830385,0.2953581852637758,1,0.31855225563049316,0.1360369771718979,0,"[3, 3]","[64, 128]",[128],6872628,bc11u21n2,364.0,trial_0180_learning_rate=5.0e-03_kernel_sizes=3x3_conv_channels=64x128_fc_dims=128_seed4,8b1e85682c,trial_0180_learning_rate=5.0e-03_kernel_sizes=3x3_conv_channels=64x128_fc_dims=128_seed4
/scratch/sb272/patterns5k_results/slurm_base_cnn_2026-03-04_16-53-19/trial_0181_learning_rate=5.0e-03_kernel_sizes=3x3_conv_channels=64x128_fc_dims=256_seed0,cnn,0.16845818781852723,0.1368789600122429,0.022242927362048436,,,0.13963937091189077,82431,82431,41,0.4904811068092081,0,True,0.45456832695830385,0.28611383692109077,2,0.31855225563049316,0.1378849446773529,0,"[3, 3]","[64, 128]",[256],6872628,bc11u21n2,359.0,trial_0181_learning_rate=5.0e-03_kernel_sizes=3x3_conv_channels=64x128_fc_dims=256_seed0,cebdf77049,trial_0181_learning_rate=5.0e-03_kernel_sizes=3x3_conv_channels=64x128_fc_dims=256_seed0
/scratch/sb272/patterns5k_results/slurm_base_cnn_2026-03-04_16-53-19/trial_0181_learning_rate=5.0e-03_kernel_sizes=3x3_conv_channels=64x128_fc_dims=256_seed1,cnn,0.16873057198524474,0.13664875563694603,0.022043564016856844,,,0.14311246089153984,82431,82431,38,0.499937186072721,0,True,0.45456832695830385,0.293831036876703,1,0.31855225563049316,0.13820239901542664,0,"[3, 3]","[64, 128]",[256],6872628,bc11u21n2,348.8,trial_0181_learning_rate=5.0e-03_kernel_sizes=3x3_conv_channels=64x128_fc_dims=256_seed1,cebdf77049,trial_0181_learning_rate=5.0e-03_kernel_sizes=3x3_conv_channels=64x128_fc_dims=256_seed1
/scratch/sb272/patterns5k_results/slurm_base_cnn_2026-03-04_16-53-19/trial_0181_learning_rate=5.0e-03_kernel_sizes=3x3_conv_channels=64x128_fc_dims=256_seed2,cnn,0.1680240216255188,0.1395089635875129,0.024184229828062512,,,0.13531675118918038,82431,82431,42,0.5082380179651561,0,True,0.45456832695830385,0.2984594001087634,1,0.31855225563049316,0.14071805775165558,0,"[3, 3]","[64, 128]",[256],6872628,bc11u21n2,357.8,trial_0181_learning_rate=5.0e-03_kernel_sizes=3x3_conv_channels=64x128_fc_dims=256_seed2,cebdf77049,trial_0181_learning_rate=5.0e-03_kernel_sizes=3x3_conv_channels=64x128_fc_dims=256_seed2
/scratch/sb272/patterns5k_results/slurm_base_cnn_2026-03-04_16-53-19/trial_0181_learning_rate=5.0e-03_kernel_sizes=3x3_conv_channels=64x128_fc_dims=256_seed3,cnn,0.16828521740436553,0.13687203387902086,0.022901394064464266,,,0.13594931683704892,82431,82431,46,0.49611571332186244,0,True,0.45456832695830385,0.29234335928670524,1,0.31855225563049316,0.13829168677330017,0,"[3, 3]","[64, 128]",[256],6872628,bc11u21n2,368.5,trial_0181_learning_rate=5.0e-03_kernel_sizes=3x3_conv_channels=64x128_fc_dims=256_seed3,cebdf77049,trial_0181_learning_rate=5.0e-03_kernel_sizes=3x3_conv_channels=64x128_fc_dims=256_seed3
/scratch/sb272/patterns5k_results/slurm_base_cnn_2026-03-04_16-53-19/trial_0181_learning_rate=5.0e-03_kernel_sizes=3x3_conv_channels=64x128_fc_dims=256_seed4,cnn,0.16847322499752046,0.1345670150419403,0.021939317385355633,,,0.14013302291068133,82431,82431,50,0.5010189746825661,0,True,0.45456832695830385,0.2935879461981809,1,0.31855225563049316,0.1355857104063034,0,"[3, 3]","[64, 128]",[256],6872628,bc11u21n2,383.8,trial_0181_learning_rate=5.0e-03_kernel_sizes=3x3_conv_channels=64x128_fc_dims=256_seed4,cebdf77049,trial_0181_learning_rate=5.0e-03_kernel_sizes=3x3_conv_channels=64x128_fc_dims=256_seed4
/scratch/sb272/patterns5k_results/slurm_base_cnn_2026-03-04_16-53-19/trial_0182_learning_rate=5.0e-03_kernel_sizes=3x3_conv_channels=64x128_fc_dims=512_seed0,cnn,0.16830763137340546,0.1381905090965809,0.024034422541421557,,,0.14080040764760515,131583,131583,44,0.5109866739195653,0,True,0.45456832695830385,0.2997590190155052,1,0.31855225563049316,0.13946756720542908,0,"[3, 3]","[64, 128]",[512],6872628,bc11u21n2,399.6,trial_0182_learning_rate=5.0e-03_kernel_sizes=3x3_conv_channels=64x128_fc_dims=512_seed0,2d66beab86,trial_0182_learning_rate=5.0e-03_kernel_sizes=3x3_conv_channels=64x128_fc_dims=512_seed0
/scratch/sb272/patterns5k_results/slurm_base_cnn_2026-03-04_16-53-19/trial_0182_learning_rate=5.0e-03_kernel_sizes=3x3_conv_channels=64x128_fc_dims=512_seed1,cnn,0.16877171051502227,0.13623617759991885,0.021808398148370167,,,0.14360996715925817,131583,131583,48,0.4926653892448061,0,True,0.45456832695830385,0.2911881381624763,1,0.31855225563049316,0.1378629505634308,0,"[3, 3]","[64, 128]",[512],6872628,bc11u21n2,415.0,trial_0182_learning_rate=5.0e-03_kernel_sizes=3x3_conv_channels=64x128_fc_dims=512_seed1,2d66beab86,trial_0182_learning_rate=5.0e-03_kernel_sizes=3x3_conv_channels=64x128_fc_dims=512_seed1
/scratch/sb272/patterns5k_results/slurm_base_cnn_2026-03-04_16-53-19/trial_0182_learning_rate=5.0e-03_kernel_sizes=3x3_conv_channels=64x128_fc_dims=512_seed2,cnn,0.16806697142124177,0.13881058700878005,0.023221528719341945,,,0.13831722114432357,131583,131583,39,0.4924714704014796,0,True,0.45456832695830385,0.29023711886002657,1,0.31855225563049316,0.13985764980316162,0,"[3, 3]","[64, 128]",[512],6872628,bc11u21n2,376.0,trial_0182_learning_rate=5.0e-03_kernel_sizes=3x3_conv_channels=64x128_fc_dims=512_seed2,2d66beab86,trial_0182_learning_rate=5.0e-03_kernel_sizes=3x3_conv_channels=64x128_fc_dims=512_seed2
/scratch/sb272/patterns5k_results/slurm_base_cnn_2026-03-04_16-53-19/trial_0182_learning_rate=5.0e-03_kernel_sizes=3x3_conv_channels=64x128_fc_dims=512_seed3,cnn,0.1683154022693634,0.13633994234263724,0.02312351219237797,,,0.13738059513397427,131583,131583,42,0.5033303440652187,0,True,0.45456832695830385,0.2948938197008452,1,0.31855225563049316,0.13732150197029114,0,"[3, 3]","[64, 128]",[512],6872628,bc11u21n2,390.8,trial_0182_learning_rate=5.0e-03_kernel_sizes=3x3_conv_channels=64x128_fc_dims=512_seed3,2d66beab86,trial_0182_learning_rate=5.0e-03_kernel_sizes=3x3_conv_channels=64x128_fc_dims=512_seed3
/scratch/sb272/patterns5k_results/slurm_base_cnn_2026-03-04_16-53-19/trial_0182_learning_rate=5.0e-03_kernel_sizes=3x3_conv_channels=64x128_fc_dims=512_seed4,cnn,0.16792225217819215,0.1398082042845313,0.02467302575943962,,,0.1405897448485515,131583,131583,35,0.5060745393479472,0,True,0.45456832695830385,0.29851527270421246,1,0.31855225563049316,0.141450434923172,0,"[3, 3]","[64, 128]",[512],6872628,bc11u21n2,359.0,trial_0182_learning_rate=5.0e-03_kernel_sizes=3x3_conv_channels=64x128_fc_dims=512_seed4,2d66beab86,trial_0182_learning_rate=5.0e-03_kernel_sizes=3x3_conv_channels=64x128_fc_dims=512_seed4
/scratch/sb272/patterns5k_results/slurm_base_cnn_2026-03-04_16-53-19/trial_0183_learning_rate=5.0e-03_kernel_sizes=5x3_conv_channels=128x256_fc_dims=256_seed0,cnn,0.16887025022506713,0.13393603435328785,0.020778919969286238,,,0.13680333369733316,208319,208319,21,0.48288398872229066,0,True,0.45456832695830385,0.2851698049646167,1,0.31855225563049316,0.135081946849823,0,"[5, 3]","[128, 256]",[256],6872628,bc11u21n2,327.2,trial_0183_learning_rate=5.0e-03_kernel_sizes=5x3_conv_channels=128x256_fc_dims=256_seed0,599dc3c4ce,trial_0183_learning_rate=5.0e-03_kernel_sizes=5x3_conv_channels=128x256_fc_dims=256_seed0
/scratch/sb272/patterns5k_results/slurm_base_cnn_2026-03-04_16-53-19/trial_0183_learning_rate=5.0e-03_kernel_sizes=5x3_conv_channels=128x256_fc_dims=256_seed1,cnn,0.16843261337280274,0.1359892065278278,0.02177708867996458,,,0.138611919823165,208319,208319,24,0.502825295512065,0,True,0.45456832695830385,0.2948083702515877,1,0.31855225563049316,0.136893168091774,0,"[5, 3]","[128, 256]",[256],6872628,bc11u21n2,344.7,trial_0183_learning_rate=5.0e-03_kernel_sizes=5x3_conv_channels=128x256_fc_dims=256_seed1,599dc3c4ce,trial_0183_learning_rate=5.0e-03_kernel_sizes=5x3_conv_channels=128x256_fc_dims=256_seed1
/scratch/sb272/patterns5k_results/slurm_base_cnn_2026-03-04_16-53-19/trial_0183_learning_rate=5.0e-03_kernel_sizes=5x3_conv_channels=128x256_fc_dims=256_seed2,cnn,0.16854894530773162,0.13467787297115152,0.021936111980014376,,,0.13066640394799087,208319,208319,23,0.484435879471734,0,True,0.45456832695830385,0.28369777169628424,2,0.31855225563049316,0.1361946314573288,0,"[5, 3]","[128, 256]",[256],6872628,bc11u21n2,339.4,trial_0183_learning_rate=5.0e-03_kernel_sizes=5x3_conv_channels=128x256_fc_dims=256_seed2,599dc3c4ce,trial_0183_learning_rate=5.0e-03_kernel_sizes=5x3_conv_channels=128x256_fc_dims=256_seed2
/scratch/sb272/patterns5k_results/slurm_base_cnn_2026-03-04_16-53-19/trial_0183_learning_rate=5.0e-03_kernel_sizes=5x3_conv_channels=128x256_fc_dims=256_seed3,cnn,0.1702765791416168,0.13221580123268226,0.015544052161867656,,,0.13202478199705647,208319,208319,24,0.4886712825806423,0,True,0.45456832695830385,0.28570721722414266,2,0.31855225563049316,0.13363486528396606,0,"[5, 3]","[128, 256]",[256],6872628,bc11u21n2,343.7,trial_0183_learning_rate=5.0e-03_kernel_sizes=5x3_conv_channels=128x256_fc_dims=256_seed3,599dc3c4ce,trial_0183_learning_rate=5.0e-03_kernel_sizes=5x3_conv_channels=128x256_fc_dims=256_seed3
/scratch/sb272/patterns5k_results/slurm_base_cnn_2026-03-04_16-53-19/trial_0183_learning_rate=5.0e-03_kernel_sizes=5x3_conv_channels=128x256_fc_dims=256_seed4,cnn,0.1688498202562332,0.13612517901010643,0.02175835957602849,,,0.135222321692276,208319,208319,23,0.4676341520227872,0,True,0.45456832695830385,0.2789843076714666,1,0.31855225563049316,0.13720431923866272,0,"[5, 3]","[128, 256]",[256],6872628,bc11u21n2,336.3,trial_0183_learning_rate=5.0e-03_kernel_sizes=5x3_conv_channels=128x256_fc_dims=256_seed4,599dc3c4ce,trial_0183_learning_rate=5.0e-03_kernel_sizes=5x3_conv_channels=128x256_fc_dims=256_seed4
/scratch/sb272/patterns5k_results/slurm_base_cnn_2026-03-04_16-53-19/trial_0184_learning_rate=5.0e-03_kernel_sizes=5x3_conv_channels=128x256_fc_dims=512_seed0,cnn,0.16901780140399933,0.1365355291400928,0.020140988486153737,,,0.13772114133528635,290239,290239,24,0.520920145086206,0,True,0.45456832695830385,0.30192363666630845,1,0.31855225563049316,0.138050839304924,0,"[5, 3]","[128, 256]",[512],6872628,bc11u21n2,366.8,trial_0184_learning_rate=5.0e-03_kernel_sizes=5x3_conv_channels=128x256_fc_dims=512_seed0,a9f3d49fd8,trial_0184_learning_rate=5.0e-03_kernel_sizes=5x3_conv_channels=128x256_fc_dims=512_seed0
/scratch/sb272/patterns5k_results/slurm_base_cnn_2026-03-04_16-53-19/trial_0184_learning_rate=5.0e-03_kernel_sizes=5x3_conv_channels=128x256_fc_dims=512_seed1,cnn,0.16923116779327393,0.13684635664829697,0.01950491610027495,,,0.13988486471633854,290239,290239,23,0.48737838982149495,0,True,0.45456832695830385,0.288010173047921,1,0.31855225563049316,0.13842198252677917,0,"[5, 3]","[128, 256]",[512],6872628,bc11u21n2,364.3,trial_0184_learning_rate=5.0e-03_kernel_sizes=5x3_conv_channels=128x256_fc_dims=512_seed1,a9f3d49fd8,trial_0184_learning_rate=5.0e-03_kernel_sizes=5x3_conv_channels=128x256_fc_dims=512_seed1
/scratch/sb272/patterns5k_results/slurm_base_cnn_2026-03-04_16-53-19/trial_0184_learning_rate=5.0e-03_kernel_sizes=5x3_conv_channels=128x256_fc_dims=512_seed2,cnn,0.1690678343772888,0.13380543149802085,0.018383789630163284,,,0.13367855216794827,290239,290239,25,0.4745251802979885,0,True,0.45456832695830385,0.27970120853720104,1,0.31855225563049316,0.13481158018112183,0,"[5, 3]","[128, 256]",[512],6872628,bc11u21n2,374.9,trial_0184_learning_rate=5.0e-03_kernel_sizes=5x3_conv_channels=128x256_fc_dims=512_seed2,a9f3d49fd8,trial_0184_learning_rate=5.0e-03_kernel_sizes=5x3_conv_channels=128x256_fc_dims=512_seed2
/scratch/sb272/patterns5k_results/slurm_base_cnn_2026-03-04_16-53-19/trial_0184_learning_rate=5.0e-03_kernel_sizes=5x3_conv_channels=128x256_fc_dims=512_seed3,cnn,0.16878994929790497,0.13324139276799277,0.021289485787588453,,,0.1351392479700191,290239,290239,21,0.48344249928471345,0,True,0.45456832695830385,0.28218952023830907,1,0.31855225563049316,0.1340845674276352,0,"[5, 3]","[128, 256]",[512],6872628,bc11u21n2,351.4,trial_0184_learning_rate=5.0e-03_kernel_sizes=5x3_conv_channels=128x256_fc_dims=512_seed3,a9f3d49fd8,trial_0184_learning_rate=5.0e-03_kernel_sizes=5x3_conv_channels=128x256_fc_dims=512_seed3
/scratch/sb272/patterns5k_results/slurm_base_cnn_2026-03-04_16-53-19/trial_0184_learning_rate=5.0e-03_kernel_sizes=5x3_conv_channels=128x256_fc_dims=512_seed4,cnn,0.16863538956642152,0.13265092767146902,0.02128535887551686,,,0.13724052042950888,290239,290239,21,0.4978658905461844,0,True,0.45456832695830385,0.2881219960902501,1,0.31855225563049316,0.1335543394088745,0,"[5, 3]","[128, 256]",[512],6872628,bc11u21n2,351.4,trial_0184_learning_rate=5.0e-03_kernel_sizes=5x3_conv_channels=128x256_fc_dims=512_seed4,a9f3d49fd8,trial_0184_learning_rate=5.0e-03_kernel_sizes=5x3_conv_channels=128x256_fc_dims=512_seed4
/scratch/sb272/patterns5k_results/slurm_base_cnn_2026-03-04_16-53-19/trial_0185_learning_rate=5.0e-03_kernel_sizes=5x3_conv_channels=128x256_fc_dims=1024_seed0,cnn,0.16857612693309784,0.13421334240514957,0.021295865376790363,,,0.13904475695917706,454079,454079,20,0.4905905811558994,0,True,0.45456832695830385,0.2869340482329562,1,0.31855225563049316,0.1347649246454239,0,"[5, 3]","[128, 256]",[1024],6872628,bc11u21n2,389.8,trial_0185_learning_rate=5.0e-03_kernel_sizes=5x3_conv_channels=128x256_fc_dims=1024_seed0,13b8e4dd06,trial_0185_learning_rate=5.0e-03_kernel_sizes=5x3_conv_channels=128x256_fc_dims=1024_seed0
/scratch/sb272/patterns5k_results/slurm_base_cnn_2026-03-04_16-53-19/trial_0185_learning_rate=5.0e-03_kernel_sizes=5x3_conv_channels=128x256_fc_dims=1024_seed1,cnn,0.16857647049427033,0.1346386233155965,0.02177375081985716,,,0.14124391331306804,454079,454079,22,0.49698767447112197,0,True,0.45456832695830385,0.29244887327126307,1,0.31855225563049316,0.13605397939682007,0,"[5, 3]","[128, 256]",[1024],6872628,bc11u21n2,410.7,trial_0185_learning_rate=5.0e-03_kernel_sizes=5x3_conv_channels=128x256_fc_dims=1024_seed1,13b8e4dd06,trial_0185_learning_rate=5.0e-03_kernel_sizes=5x3_conv_channels=128x256_fc_dims=1024_seed1
/scratch/sb272/patterns5k_results/slurm_base_cnn_2026-03-04_16-53-19/trial_0185_learning_rate=5.0e-03_kernel_sizes=5x3_conv_channels=128x256_fc_dims=1024_seed2,cnn,0.16895208549499513,0.13573790811899827,0.01931339218502953,,,0.13380841684410374,454079,454079,24,0.5032977751820976,0,True,0.45456832695830385,0.2915451965799418,1,0.31855225563049316,0.1362851858139038,0,"[5, 3]","[128, 256]",[1024],6872628,bc11u21n2,430.0,trial_0185_learning_rate=5.0e-03_kernel_sizes=5x3_conv_channels=128x256_fc_dims=1024_seed2,13b8e4dd06,trial_0185_learning_rate=5.0e-03_kernel_sizes=5x3_conv_channels=128x256_fc_dims=1024_seed2
/scratch/sb272/patterns5k_results/slurm_base_cnn_2026-03-04_16-53-19/trial_0185_learning_rate=5.0e-03_kernel_sizes=5x3_conv_channels=128x256_fc_dims=1024_seed3,cnn,0.16870153987407685,0.13421502501047983,0.020992290406000046,,,0.13519006585391555,454079,454079,22,0.4879978817605066,0,True,0.45456832695830385,0.2881156699660974,1,0.31855225563049316,0.13537892699241638,0,"[5, 3]","[128, 256]",[1024],6872628,bc11u21n2,415.8,trial_0185_learning_rate=5.0e-03_kernel_sizes=5x3_conv_channels=128x256_fc_dims=1024_seed3,13b8e4dd06,trial_0185_learning_rate=5.0e-03_kernel_sizes=5x3_conv_channels=128x256_fc_dims=1024_seed3
/scratch/sb272/patterns5k_results/slurm_base_cnn_2026-03-04_16-53-19/trial_0185_learning_rate=5.0e-03_kernel_sizes=5x3_conv_channels=128x256_fc_dims=1024_seed4,cnn,0.16878466367721556,0.13543953490324495,0.021194476929921952,,,0.13776003427664452,454079,454079,22,0.486899416592854,0,True,0.45456832695830385,0.2872013670376487,1,0.31855225563049316,0.13659900426864624,0,"[5, 3]","[128, 256]",[1024],6872628,bc11u21n2,410.5,trial_0185_learning_rate=5.0e-03_kernel_sizes=5x3_conv_channels=128x256_fc_dims=1024_seed4,13b8e4dd06,trial_0185_learning_rate=5.0e-03_kernel_sizes=5x3_conv_channels=128x256_fc_dims=1024_seed4
/scratch/sb272/patterns5k_results/slurm_base_cnn_2026-03-04_16-53-19/trial_0186_learning_rate=5.0e-03_kernel_sizes=3x3x3_conv_channels=32x64x128_fc_dims=128_seed0,cnn,0.16804220736026765,0.13498869688275922,0.02229552325748262,,,0.1396868158148394,60063,60063,50,0.4768617029357368,0,True,0.45456832695830385,0.2758891635447987,2,0.31855225563049316,0.13576287031173706,0,"[3, 3, 3]","[32, 64, 128]",[128],6872628,bc11u21n2,380.4,trial_0186_learning_rate=5.0e-03_kernel_sizes=3x3x3_conv_channels=32x64x128_fc_dims=128_seed0,c152373ecc,trial_0186_learning_rate=5.0e-03_kernel_sizes=3x3x3_conv_channels=32x64x128_fc_dims=128_seed0
/scratch/sb272/patterns5k_results/slurm_base_cnn_2026-03-04_16-53-19/trial_0186_learning_rate=5.0e-03_kernel_sizes=3x3x3_conv_channels=32x64x128_fc_dims=128_seed1,cnn,0.16836340498924254,0.13361000652792157,0.021670765346950956,,,0.14298408840504892,60063,60063,50,0.4609853785379006,0,True,0.45456832695830385,0.27029069357865027,2,0.31855225563049316,0.13453640043735504,0,"[3, 3, 3]","[32, 64, 128]",[128],6872628,bc11u21n2,384.7,trial_0186_learning_rate=5.0e-03_kernel_sizes=3x3x3_conv_channels=32x64x128_fc_dims=128_seed1,c152373ecc,trial_0186_learning_rate=5.0e-03_kernel_sizes=3x3x3_conv_channels=32x64x128_fc_dims=128_seed1
/scratch/sb272/patterns5k_results/slurm_base_cnn_2026-03-04_16-53-19/trial_0186_learning_rate=5.0e-03_kernel_sizes=3x3x3_conv_channels=32x64x128_fc_dims=128_seed2,cnn,0.16798410940170289,0.13541726353382288,0.02274941641186911,,,0.13406024887508367,60063,60063,50,0.4826461272275765,0,True,0.45456832695830385,0.28118737529595905,1,0.31855225563049316,0.13630682229995728,0,"[3, 3, 3]","[32, 64, 128]",[128],6872628,bc11u21n2,385.3,trial_0186_learning_rate=5.0e-03_kernel_sizes=3x3x3_conv_channels=32x64x128_fc_dims=128_seed2,c152373ecc,trial_0186_learning_rate=5.0e-03_kernel_sizes=3x3x3_conv_channels=32x64x128_fc_dims=128_seed2
/scratch/sb272/patterns5k_results/slurm_base_cnn_2026-03-04_16-53-19/trial_0186_learning_rate=5.0e-03_kernel_sizes=3x3x3_conv_channels=32x64x128_fc_dims=128_seed3,cnn,0.16813722801208497,0.13350421762551032,0.022060512550293454,,,0.1355021971763864,60063,60063,50,0.4740491963497975,0,True,0.45456832695830385,0.27867431040911417,1,0.31855225563049316,0.13492736220359802,0,"[3, 3, 3]","[32, 64, 128]",[128],6872628,bc11u21n2,379.4,trial_0186_learning_rate=5.0e-03_kernel_sizes=3x3x3_conv_channels=32x64x128_fc_dims=128_seed3,c152373ecc,trial_0186_learning_rate=5.0e-03_kernel_sizes=3x3x3_conv_channels=32x64x128_fc_dims=128_seed3
/scratch/sb272/patterns5k_results/slurm_base_cnn_2026-03-04_16-53-19/trial_0186_learning_rate=5.0e-03_kernel_sizes=3x3x3_conv_channels=32x64x128_fc_dims=128_seed4,cnn,0.16805282163619994,0.13457425639612464,0.022229776495978945,,,0.13738103067060117,60063,60063,50,0.48404568237752565,0,True,0.45456832695830385,0.28291232120312876,1,0.31855225563049316,0.13549967110157013,0,"[3, 3, 3]","[32, 64, 128]",[128],6872628,bc11u21n2,384.4,trial_0186_learning_rate=5.0e-03_kernel_sizes=3x3x3_conv_channels=32x64x128_fc_dims=128_seed4,c152373ecc,trial_0186_learning_rate=5.0e-03_kernel_sizes=3x3x3_conv_channels=32x64x128_fc_dims=128_seed4
/scratch/sb272/patterns5k_results/slurm_base_cnn_2026-03-04_16-53-19/trial_0187_learning_rate=5.0e-03_kernel_sizes=3x3x3_conv_channels=32x64x128_fc_dims=256_seed0,cnn,0.1681055372953415,0.1355038720156591,0.022800142802889386,,,0.1428721154839597,84639,84639,50,0.4840168185506778,0,True,0.45456832695830385,0.2808275229388246,1,0.31855225563049316,0.1363549381494522,0,"[3, 3, 3]","[32, 64, 128]",[256],6872628,bc11u21n2,402.8,trial_0187_learning_rate=5.0e-03_kernel_sizes=3x3x3_conv_channels=32x64x128_fc_dims=256_seed0,6a1146985a,trial_0187_learning_rate=5.0e-03_kernel_sizes=3x3x3_conv_channels=32x64x128_fc_dims=256_seed0
/scratch/sb272/patterns5k_results/slurm_base_cnn_2026-03-04_16-53-19/trial_0187_learning_rate=5.0e-03_kernel_sizes=3x3x3_conv_channels=32x64x128_fc_dims=256_seed1,cnn,0.1677560280561447,0.14002305872003049,0.024399154716067843,,,0.14536263255449908,84639,84639,50,0.4967284859977128,0,True,0.45456832695830385,0.2891228692033622,1,0.31855225563049316,0.1412242352962494,0,"[3, 3, 3]","[32, 64, 128]",[256],6872628,bc11u21n2,403.0,trial_0187_learning_rate=5.0e-03_kernel_sizes=3x3x3_conv_channels=32x64x128_fc_dims=256_seed1,6a1146985a,trial_0187_learning_rate=5.0e-03_kernel_sizes=3x3x3_conv_channels=32x64x128_fc_dims=256_seed1
/scratch/sb272/patterns5k_results/slurm_base_cnn_2026-03-04_16-53-19/trial_0187_learning_rate=5.0e-03_kernel_sizes=3x3x3_conv_channels=32x64x128_fc_dims=256_seed2,cnn,0.16767465364933015,0.1394751212532058,0.024176395128643703,,,0.1384879650016637,84639,84639,50,0.499766008627419,0,True,0.45456832695830385,0.2887995137332767,1,0.31855225563049316,0.14061717689037323,0,"[3, 3, 3]","[32, 64, 128]",[256],6872628,bc11u21n2,399.3,trial_0187_learning_rate=5.0e-03_kernel_sizes=3x3x3_conv_channels=32x64x128_fc_dims=256_seed2,6a1146985a,trial_0187_learning_rate=5.0e-03_kernel_sizes=3x3x3_conv_channels=32x64x128_fc_dims=256_seed2
/scratch/sb272/patterns5k_results/slurm_base_cnn_2026-03-04_16-53-19/trial_0187_learning_rate=5.0e-03_kernel_sizes=3x3x3_conv_channels=32x64x128_fc_dims=256_seed3,cnn,0.16785448253154756,0.13776829565364454,0.02383346879293048,,,0.1394422182907047,84639,84639,50,0.49785363232777696,0,True,0.45456832695830385,0.2902659851796119,1,0.31855225563049316,0.13879457116127014,0,"[3, 3, 3]","[32, 64, 128]",[256],6872628,bc11u21n2,394.1,trial_0187_learning_rate=5.0e-03_kernel_sizes=3x3x3_conv_channels=32x64x128_fc_dims=256_seed3,6a1146985a,trial_0187_learning_rate=5.0e-03_kernel_sizes=3x3x3_conv_channels=32x64x128_fc_dims=256_seed3
/scratch/sb272/patterns5k_results/slurm_base_cnn_2026-03-04_16-53-19/trial_0187_learning_rate=5.0e-03_kernel_sizes=3x3x3_conv_channels=32x64x128_fc_dims=256_seed4,cnn,0.16793657767772674,0.1359172371635942,0.022794539020175024,,,0.14116825659962867,84639,84639,50,0.4899558345015475,0,True,0.45456832695830385,0.28463511462598273,1,0.31855225563049316,0.13657599687576294,0,"[3, 3, 3]","[32, 64, 128]",[256],6872628,bc11u21n2,398.5,trial_0187_learning_rate=5.0e-03_kernel_sizes=3x3x3_conv_channels=32x64x128_fc_dims=256_seed4,6a1146985a,trial_0187_learning_rate=5.0e-03_kernel_sizes=3x3x3_conv_channels=32x64x128_fc_dims=256_seed4
/scratch/sb272/patterns5k_results/slurm_base_cnn_2026-03-04_16-53-19/trial_0188_learning_rate=5.0e-03_kernel_sizes=5x3x3_conv_channels=64x128x256_fc_dims=256_seed0,cnn,0.16825983893871307,0.13526134145714142,0.022361323946998232,,,0.13934755208815966,219647,219647,37,0.4711365174723956,0,True,0.45456832695830385,0.2726391564672215,1,0.31855225563049316,0.13597184419631958,0,"[5, 3, 3]","[64, 128, 256]",[256],6872628,bc11u21n2,428.7,trial_0188_learning_rate=5.0e-03_kernel_sizes=5x3x3_conv_channels=64x128x256_fc_dims=256_seed0,bdac8172cb,trial_0188_learning_rate=5.0e-03_kernel_sizes=5x3x3_conv_channels=64x128x256_fc_dims=256_seed0
/scratch/sb272/patterns5k_results/slurm_base_cnn_2026-03-04_16-53-19/trial_0188_learning_rate=5.0e-03_kernel_sizes=5x3x3_conv_channels=64x128x256_fc_dims=256_seed1,cnn,0.16815753865242006,0.13533295223771258,0.021628604048774355,,,0.14225145379556967,219647,219647,37,0.49424165969514405,0,True,0.45456832695830385,0.28781432615497565,1,0.31855225563049316,0.13680163025856018,0,"[5, 3, 3]","[64, 128, 256]",[256],6872628,bc11u21n2,427.9,trial_0188_learning_rate=5.0e-03_kernel_sizes=5x3x3_conv_channels=64x128x256_fc_dims=256_seed1,bdac8172cb,trial_0188_learning_rate=5.0e-03_kernel_sizes=5x3x3_conv_channels=64x128x256_fc_dims=256_seed1
/scratch/sb272/patterns5k_results/slurm_base_cnn_2026-03-04_16-53-19/trial_0188_learning_rate=5.0e-03_kernel_sizes=5x3x3_conv_channels=64x128x256_fc_dims=256_seed2,cnn,0.1680971475839615,0.13750385519658712,0.023508093659839933,,,0.13486956475218956,219647,219647,35,0.4544949663707168,0,True,0.45456832695830385,0.2670590073174079,1,0.31855225563049316,0.13829296827316284,0,"[5, 3, 3]","[64, 128, 256]",[256],6872628,bc11u21n2,415.0,trial_0188_learning_rate=5.0e-03_kernel_sizes=5x3x3_conv_channels=64x128x256_fc_dims=256_seed2,bdac8172cb,trial_0188_learning_rate=5.0e-03_kernel_sizes=5x3x3_conv_channels=64x128x256_fc_dims=256_seed2
/scratch/sb272/patterns5k_results/slurm_base_cnn_2026-03-04_16-53-19/trial_0188_learning_rate=5.0e-03_kernel_sizes=5x3x3_conv_channels=64x128x256_fc_dims=256_seed3,cnn,0.16839267802238464,0.13526727271055372,0.022227670465196882,,,0.13521957918377547,219647,219647,44,0.4812196449139041,0,True,0.45456832695830385,0.2790547705093117,1,0.31855225563049316,0.1362985074520111,0,"[5, 3, 3]","[64, 128, 256]",[256],6872628,bc11u21n2,470.5,trial_0188_learning_rate=5.0e-03_kernel_sizes=5x3x3_conv_channels=64x128x256_fc_dims=256_seed3,bdac8172cb,trial_0188_learning_rate=5.0e-03_kernel_sizes=5x3x3_conv_channels=64x128x256_fc_dims=256_seed3
/scratch/sb272/patterns5k_results/slurm_base_cnn_2026-03-04_16-53-19/trial_0188_learning_rate=5.0e-03_kernel_sizes=5x3x3_conv_channels=64x128x256_fc_dims=256_seed4,cnn,0.1687433204650879,0.1336523783174263,0.021660552138373965,,,0.1373651159167933,219647,219647,43,0.47002002125851366,0,True,0.45456832695830385,0.2725107115293258,2,0.31855225563049316,0.13435691595077515,0,"[5, 3, 3]","[64, 128, 256]",[256],6872628,bc11u21n2,462.2,trial_0188_learning_rate=5.0e-03_kernel_sizes=5x3x3_conv_channels=64x128x256_fc_dims=256_seed4,bdac8172cb,trial_0188_learning_rate=5.0e-03_kernel_sizes=5x3x3_conv_channels=64x128x256_fc_dims=256_seed4
/scratch/sb272/patterns5k_results/slurm_base_cnn_2026-03-04_16-53-19/trial_0189_learning_rate=5.0e-03_kernel_sizes=5x3x3_conv_channels=64x128x256_fc_dims=512_seed0,cnn,0.16783687448501586,0.14055368456462547,0.023203510140615797,,,0.14290729106627695,301567,301567,42,0.5062709603376401,0,True,0.45456832695830385,0.28988415191827166,2,0.31855225563049316,0.14163435995578766,0,"[5, 3, 3]","[64, 128, 256]",[512],6872628,bc11u21n2,510.1,trial_0189_learning_rate=5.0e-03_kernel_sizes=5x3x3_conv_channels=64x128x256_fc_dims=512_seed0,f9afd8a700,trial_0189_learning_rate=5.0e-03_kernel_sizes=5x3x3_conv_channels=64x128x256_fc_dims=512_seed0
/scratch/sb272/patterns5k_results/slurm_base_cnn_2026-03-04_16-53-19/trial_0189_learning_rate=5.0e-03_kernel_sizes=5x3x3_conv_channels=64x128x256_fc_dims=512_seed1,cnn,0.1681339919567108,0.1365586306979365,0.022215861176687574,,,0.14392591423469042,301567,301567,36,0.457413953182523,0,True,0.45456832695830385,0.26754362847064866,0,0.31855225563049316,0.13714751601219177,0,"[5, 3, 3]","[64, 128, 256]",[512],6872628,bc11u21n2,466.8,trial_0189_learning_rate=5.0e-03_kernel_sizes=5x3x3_conv_channels=64x128x256_fc_dims=512_seed1,f9afd8a700,trial_0189_learning_rate=5.0e-03_kernel_sizes=5x3x3_conv_channels=64x128x256_fc_dims=512_seed1
/scratch/sb272/patterns5k_results/slurm_base_cnn_2026-03-04_16-53-19/trial_0189_learning_rate=5.0e-03_kernel_sizes=5x3x3_conv_channels=64x128x256_fc_dims=512_seed2,cnn,0.16789014911651612,0.13879998353341857,0.022076644594707186,,,0.13729344447532477,301567,301567,38,0.5075571989970765,0,True,0.45456832695830385,0.29207366630423853,2,0.31855225563049316,0.13948862254619598,0,"[5, 3, 3]","[64, 128, 256]",[512],6872628,bc11u21n2,478.5,trial_0189_learning_rate=5.0e-03_kernel_sizes=5x3x3_conv_channels=64x128x256_fc_dims=512_seed2,f9afd8a700,trial_0189_learning_rate=5.0e-03_kernel_sizes=5x3x3_conv_channels=64x128x256_fc_dims=512_seed2
/scratch/sb272/patterns5k_results/slurm_base_cnn_2026-03-04_16-53-19/trial_0189_learning_rate=5.0e-03_kernel_sizes=5x3x3_conv_channels=64x128x256_fc_dims=512_seed3,cnn,0.16836657452583312,0.13626056240061224,0.02314271151073395,,,0.1398924304323301,301567,301567,39,0.48401911573624096,0,True,0.45456832695830385,0.2838848033932848,0,0.31855225563049316,0.13752996921539307,0,"[5, 3, 3]","[64, 128, 256]",[512],6872628,bc11u21n2,486.1,trial_0189_learning_rate=5.0e-03_kernel_sizes=5x3x3_conv_channels=64x128x256_fc_dims=512_seed3,f9afd8a700,trial_0189_learning_rate=5.0e-03_kernel_sizes=5x3x3_conv_channels=64x128x256_fc_dims=512_seed3
/scratch/sb272/patterns5k_results/slurm_base_cnn_2026-03-04_16-53-19/trial_0189_learning_rate=5.0e-03_kernel_sizes=5x3x3_conv_channels=64x128x256_fc_dims=512_seed4,cnn,0.16842498886585236,0.13580393102893676,0.021401052437131366,,,0.14169346927868484,301567,301567,36,0.47912964187646967,0,True,0.45456832695830385,0.2779336084609952,1,0.31855225563049316,0.13631795346736908,0,"[5, 3, 3]","[64, 128, 256]",[512],6872628,bc11u21n2,471.5,trial_0189_learning_rate=5.0e-03_kernel_sizes=5x3x3_conv_channels=64x128x256_fc_dims=512_seed4,f9afd8a700,trial_0189_learning_rate=5.0e-03_kernel_sizes=5x3x3_conv_channels=64x128x256_fc_dims=512_seed4
/scratch/sb272/patterns5k_results/slurm_base_cnn_2026-03-04_16-53-19/trial_0190_learning_rate=5.0e-03_kernel_sizes=5x3x3_conv_channels=64x128x256_fc_dims=1024_seed0,cnn,0.1690779824256897,0.13463395288333077,0.021468159698304675,,,0.14433721024794247,465407,465407,50,0.4704578344291035,0,True,0.45456832695830385,0.2710399080254618,1,0.31855225563049316,0.13530106842517853,0,"[5, 3, 3]","[64, 128, 256]",[1024],6872702,bb5u17c1,586.9,trial_0190_learning_rate=5.0e-03_kernel_sizes=5x3x3_conv_channels=64x128x256_fc_dims=1024_seed0,affa332af7,trial_0190_learning_rate=5.0e-03_kernel_sizes=5x3x3_conv_channels=64x128x256_fc_dims=1024_seed0
/scratch/sb272/patterns5k_results/slurm_base_cnn_2026-03-04_16-53-19/trial_0190_learning_rate=5.0e-03_kernel_sizes=5x3x3_conv_channels=64x128x256_fc_dims=1024_seed1,cnn,0.1679014378786087,0.13809313076574642,0.023259858290354412,,,0.1453202130701158,465407,465407,36,0.47777465290774435,0,True,0.45456832695830385,0.27750914971049057,1,0.31855225563049316,0.13885843753814697,0,"[5, 3, 3]","[64, 128, 256]",[1024],6872702,bb5u17c1,459.3,trial_0190_learning_rate=5.0e-03_kernel_sizes=5x3x3_conv_channels=64x128x256_fc_dims=1024_seed1,affa332af7,trial_0190_learning_rate=5.0e-03_kernel_sizes=5x3x3_conv_channels=64x128x256_fc_dims=1024_seed1
/scratch/sb272/patterns5k_results/slurm_base_cnn_2026-03-04_16-53-19/trial_0190_learning_rate=5.0e-03_kernel_sizes=5x3x3_conv_channels=64x128x256_fc_dims=1024_seed2,cnn,0.1679328968524933,0.138959694710265,0.022595552224961537,,,0.13825524644519593,465407,465407,38,0.5037061113758933,0,True,0.45456832695830385,0.2898663498749462,2,0.31855225563049316,0.13997404277324677,0,"[5, 3, 3]","[64, 128, 256]",[1024],6872702,bb5u17c1,447.2,trial_0190_learning_rate=5.0e-03_kernel_sizes=5x3x3_conv_channels=64x128x256_fc_dims=1024_seed2,affa332af7,trial_0190_learning_rate=5.0e-03_kernel_sizes=5x3x3_conv_channels=64x128x256_fc_dims=1024_seed2
/scratch/sb272/patterns5k_results/slurm_base_cnn_2026-03-04_16-53-19/trial_0190_learning_rate=5.0e-03_kernel_sizes=5x3x3_conv_channels=64x128x256_fc_dims=1024_seed3,cnn,0.16834834349155425,0.13587722579984493,0.022114570178682843,,,0.14039428742614987,465407,465407,36,0.4815477658460023,0,True,0.45456832695830385,0.279341986589467,1,0.31855225563049316,0.1369663029909134,0,"[5, 3, 3]","[64, 128, 256]",[1024],6872702,bb5u17c1,457.3,trial_0190_learning_rate=5.0e-03_kernel_sizes=5x3x3_conv_channels=64x128x256_fc_dims=1024_seed3,affa332af7,trial_0190_learning_rate=5.0e-03_kernel_sizes=5x3x3_conv_channels=64x128x256_fc_dims=1024_seed3
/scratch/sb272/patterns5k_results/slurm_base_cnn_2026-03-04_16-53-19/trial_0190_learning_rate=5.0e-03_kernel_sizes=5x3x3_conv_channels=64x128x256_fc_dims=1024_seed4,cnn,0.16886548125743867,0.13567051072580327,0.02208094180576385,,,0.14117938226220797,465407,465407,50,0.488612154625508,0,True,0.45456832695830385,0.28169925179379063,2,0.31855225563049316,0.13675346970558167,0,"[5, 3, 3]","[64, 128, 256]",[1024],6872702,bb5u17c1,568.5,trial_0190_learning_rate=5.0e-03_kernel_sizes=5x3x3_conv_channels=64x128x256_fc_dims=1024_seed4,affa332af7,trial_0190_learning_rate=5.0e-03_kernel_sizes=5x3x3_conv_channels=64x128x256_fc_dims=1024_seed4
/scratch/sb272/patterns5k_results/slurm_base_cnn_2026-03-04_16-53-19/trial_0191_learning_rate=5.0e-03_kernel_sizes=3x3x3_conv_channels=128x128x128_fc_dims=256_seed0,cnn,0.16926908338069915,0.13041646000421164,0.019496737964569577,,,0.13739922505259947,164799,164799,33,0.44894162698569673,0,True,0.45456832695830385,0.26183846269741234,1,0.31855225563049316,0.13020585477352142,0,"[3, 3, 3]","[128, 128, 128]",[256],6872702,bb5u17c1,286.3,trial_0191_learning_rate=5.0e-03_kernel_sizes=3x3x3_conv_channels=128x128x128_fc_dims=256_seed0,d632e3b6fd,trial_0191_learning_rate=5.0e-03_kernel_sizes=3x3x3_conv_channels=128x128x128_fc_dims=256_seed0
/scratch/sb272/patterns5k_results/slurm_base_cnn_2026-03-04_16-53-19/trial_0191_learning_rate=5.0e-03_kernel_sizes=3x3x3_conv_channels=128x128x128_fc_dims=256_seed1,cnn,0.16909238529205323,0.12960823694635476,0.019262572129567463,,,0.1377796063068377,164799,164799,25,0.48304036461671845,0,True,0.45456832695830385,0.27888961935677803,2,0.31855225563049316,0.13069893419742584,0,"[3, 3, 3]","[128, 128, 128]",[256],6872702,bb5u17c1,218.1,trial_0191_learning_rate=5.0e-03_kernel_sizes=3x3x3_conv_channels=128x128x128_fc_dims=256_seed1,d632e3b6fd,trial_0191_learning_rate=5.0e-03_kernel_sizes=3x3x3_conv_channels=128x128x128_fc_dims=256_seed1
/scratch/sb272/patterns5k_results/slurm_base_cnn_2026-03-04_16-53-19/trial_0191_learning_rate=5.0e-03_kernel_sizes=3x3x3_conv_channels=128x128x128_fc_dims=256_seed2,cnn,0.1687858031988144,0.13379910960138247,0.020680008426545157,,,0.13139782246227666,164799,164799,35,0.48506659085473214,0,True,0.45456832695830385,0.2810340547709615,2,0.31855225563049316,0.13505828380584717,0,"[3, 3, 3]","[128, 128, 128]",[256],6872702,bb5u17c1,276.4,trial_0191_learning_rate=5.0e-03_kernel_sizes=3x3x3_conv_channels=128x128x128_fc_dims=256_seed2,d632e3b6fd,trial_0191_learning_rate=5.0e-03_kernel_sizes=3x3x3_conv_channels=128x128x128_fc_dims=256_seed2
/scratch/sb272/patterns5k_results/slurm_base_cnn_2026-03-04_16-53-19/trial_0191_learning_rate=5.0e-03_kernel_sizes=3x3x3_conv_channels=128x128x128_fc_dims=256_seed3,cnn,0.16899050617218017,0.13040630708785408,0.021154024298228914,,,0.13269087133148186,164799,164799,31,0.4840602002899751,0,True,0.45456832695830385,0.2826921402040098,1,0.31855225563049316,0.13197831809520721,0,"[3, 3, 3]","[128, 128, 128]",[256],6872702,bb5u17c1,291.0,trial_0191_learning_rate=5.0e-03_kernel_sizes=3x3x3_conv_channels=128x128x128_fc_dims=256_seed3,d632e3b6fd,trial_0191_learning_rate=5.0e-03_kernel_sizes=3x3x3_conv_channels=128x128x128_fc_dims=256_seed3
/scratch/sb272/patterns5k_results/slurm_base_cnn_2026-03-04_16-53-19/trial_0191_learning_rate=5.0e-03_kernel_sizes=3x3x3_conv_channels=128x128x128_fc_dims=256_seed4,cnn,0.16896531760692596,0.13061647979466864,0.020100817793891543,,,0.13406817494257328,164799,164799,31,0.46705840309169994,0,True,0.45456832695830385,0.2720698174412547,1,0.31855225563049316,0.1312759816646576,0,"[3, 3, 3]","[128, 128, 128]",[256],6872702,bb5u17c1,298.7,trial_0191_learning_rate=5.0e-03_kernel_sizes=3x3x3_conv_channels=128x128x128_fc_dims=256_seed4,d632e3b6fd,trial_0191_learning_rate=5.0e-03_kernel_sizes=3x3x3_conv_channels=128x128x128_fc_dims=256_seed4
/scratch/sb272/patterns5k_results/slurm_base_cnn_2026-03-04_16-53-19/trial_0192_learning_rate=5.0e-03_kernel_sizes=3x3x3_conv_channels=128x128x128_fc_dims=512_seed0,cnn,0.16855611836910248,0.1345876480507908,0.021906618088010758,,,0.1385360323938298,213951,213951,31,0.47716099878849794,0,True,0.45456832695830385,0.27801380286414024,1,0.31855225563049316,0.13534095883369446,0,"[3, 3, 3]","[128, 128, 128]",[512],6872702,bb5u17c1,329.8,trial_0192_learning_rate=5.0e-03_kernel_sizes=3x3x3_conv_channels=128x128x128_fc_dims=512_seed0,81a2cf953f,trial_0192_learning_rate=5.0e-03_kernel_sizes=3x3x3_conv_channels=128x128x128_fc_dims=512_seed0
/scratch/sb272/patterns5k_results/slurm_base_cnn_2026-03-04_16-53-19/trial_0192_learning_rate=5.0e-03_kernel_sizes=3x3x3_conv_channels=128x128x128_fc_dims=512_seed1,cnn,0.16844591772556305,0.13583604160919985,0.02195890744527181,,,0.1418902244580575,213951,213951,31,0.49883444691580564,0,True,0.45456832695830385,0.2885536608452305,1,0.31855225563049316,0.13674481213092804,0,"[3, 3, 3]","[128, 128, 128]",[512],6872702,bb5u17c1,294.0,trial_0192_learning_rate=5.0e-03_kernel_sizes=3x3x3_conv_channels=128x128x128_fc_dims=512_seed1,81a2cf953f,trial_0192_learning_rate=5.0e-03_kernel_sizes=3x3x3_conv_channels=128x128x128_fc_dims=512_seed1
/scratch/sb272/patterns5k_results/slurm_base_cnn_2026-03-04_16-53-19/trial_0192_learning_rate=5.0e-03_kernel_sizes=3x3x3_conv_channels=128x128x128_fc_dims=512_seed2,cnn,0.16805190837383271,0.1375627168397647,0.02276342823391869,,,0.1349630698984585,213951,213951,31,0.5008730441032432,0,True,0.45456832695830385,0.2920652345051038,1,0.31855225563049316,0.13893862068653107,0,"[3, 3, 3]","[128, 128, 128]",[512],6872702,bb5u17c1,284.4,trial_0192_learning_rate=5.0e-03_kernel_sizes=3x3x3_conv_channels=128x128x128_fc_dims=512_seed2,81a2cf953f,trial_0192_learning_rate=5.0e-03_kernel_sizes=3x3x3_conv_channels=128x128x128_fc_dims=512_seed2
/scratch/sb272/patterns5k_results/slurm_base_cnn_2026-03-04_16-53-19/trial_0192_learning_rate=5.0e-03_kernel_sizes=3x3x3_conv_channels=128x128x128_fc_dims=512_seed3,cnn,0.16889151382446288,0.13215139540193663,0.019819926647912888,,,0.13578835339023307,213951,213951,36,0.48604460798178944,0,True,0.45456832695830385,0.28057854012747324,1,0.31855225563049316,0.13249176740646362,0,"[3, 3, 3]","[128, 128, 128]",[512],6872702,bb5u17c1,329.6,trial_0192_learning_rate=5.0e-03_kernel_sizes=3x3x3_conv_channels=128x128x128_fc_dims=512_seed3,81a2cf953f,trial_0192_learning_rate=5.0e-03_kernel_sizes=3x3x3_conv_channels=128x128x128_fc_dims=512_seed3
/scratch/sb272/patterns5k_results/slurm_base_cnn_2026-03-04_16-53-19/trial_0192_learning_rate=5.0e-03_kernel_sizes=3x3x3_conv_channels=128x128x128_fc_dims=512_seed4,cnn,0.16886463940143584,0.13539057360669932,0.019834170265803263,,,0.13955115221719636,213951,213951,33,0.5193438527129088,0,True,0.45456832695830385,0.3013411089818165,1,0.31855225563049316,0.13668882846832275,0,"[3, 3, 3]","[128, 128, 128]",[512],6872702,bb5u17c1,341.8,trial_0192_learning_rate=5.0e-03_kernel_sizes=3x3x3_conv_channels=128x128x128_fc_dims=512_seed4,81a2cf953f,trial_0192_learning_rate=5.0e-03_kernel_sizes=3x3x3_conv_channels=128x128x128_fc_dims=512_seed4
/scratch/sb272/patterns5k_results/slurm_base_cnn_2026-03-04_16-53-19/trial_0193_learning_rate=5.0e-03_kernel_sizes=3x3x3_conv_channels=256x256x256_fc_dims=512_seed0,cnn,0.1694112994670868,0.13181647053044315,0.015072653217921181,,,0.13712907624867202,591679,591679,23,0.46324383751303017,0,True,0.45456832695830385,0.2704787566766512,1,0.31855225563049316,0.1324993073940277,0,"[3, 3, 3]","[256, 256, 256]",[512],6872702,bb5u17c1,410.1,trial_0193_learning_rate=5.0e-03_kernel_sizes=3x3x3_conv_channels=256x256x256_fc_dims=512_seed0,11a7f9f083,trial_0193_learning_rate=5.0e-03_kernel_sizes=3x3x3_conv_channels=256x256x256_fc_dims=512_seed0
/scratch/sb272/patterns5k_results/slurm_base_cnn_2026-03-04_16-53-19/trial_0193_learning_rate=5.0e-03_kernel_sizes=3x3x3_conv_channels=256x256x256_fc_dims=512_seed1,cnn,0.16862875425815582,0.13297223282728748,0.020108834145561097,,,0.13775805715969125,591679,591679,23,0.49508179400084185,0,True,0.45456832695830385,0.2868298941002797,1,0.31855225563049316,0.1341858208179474,0,"[3, 3, 3]","[256, 256, 256]",[512],6872702,bb5u17c1,370.7,trial_0193_learning_rate=5.0e-03_kernel_sizes=3x3x3_conv_channels=256x256x256_fc_dims=512_seed1,11a7f9f083,trial_0193_learning_rate=5.0e-03_kernel_sizes=3x3x3_conv_channels=256x256x256_fc_dims=512_seed1
/scratch/sb272/patterns5k_results/slurm_base_cnn_2026-03-04_16-53-19/trial_0193_learning_rate=5.0e-03_kernel_sizes=3x3x3_conv_channels=256x256x256_fc_dims=512_seed2,cnn,0.16869747054576872,0.13497603160084737,0.02155862914191352,,,0.13142613449926321,591679,591679,24,0.47275554703614225,0,True,0.45456832695830385,0.27985030214063156,1,0.31855225563049316,0.13562330603599548,0,"[3, 3, 3]","[256, 256, 256]",[512],6872702,bb5u17c1,356.9,trial_0193_learning_rate=5.0e-03_kernel_sizes=3x3x3_conv_channels=256x256x256_fc_dims=512_seed2,11a7f9f083,trial_0193_learning_rate=5.0e-03_kernel_sizes=3x3x3_conv_channels=256x256x256_fc_dims=512_seed2
/scratch/sb272/patterns5k_results/slurm_base_cnn_2026-03-04_16-53-19/trial_0193_learning_rate=5.0e-03_kernel_sizes=3x3x3_conv_channels=256x256x256_fc_dims=512_seed3,cnn,0.16897175776958465,0.1296526266152491,0.017564254147665843,,,0.13240721976234845,591679,591679,21,0.46428928469621167,0,True,0.45456832695830385,0.27226956266363894,1,0.31855225563049316,0.13064701855182648,0,"[3, 3, 3]","[256, 256, 256]",[512],6872702,bb5u17c1,377.0,trial_0193_learning_rate=5.0e-03_kernel_sizes=3x3x3_conv_channels=256x256x256_fc_dims=512_seed3,11a7f9f083,trial_0193_learning_rate=5.0e-03_kernel_sizes=3x3x3_conv_channels=256x256x256_fc_dims=512_seed3
/scratch/sb272/patterns5k_results/slurm_base_cnn_2026-03-04_16-53-19/trial_0193_learning_rate=5.0e-03_kernel_sizes=3x3x3_conv_channels=256x256x256_fc_dims=512_seed4,cnn,0.1694158456325531,0.12860311840098665,0.016292687446352035,,,0.13090609771900735,591679,591679,23,0.46595834391752705,0,True,0.45456832695830385,0.2757881685224278,1,0.31855225563049316,0.12930892407894135,0,"[3, 3, 3]","[256, 256, 256]",[512],6872702,bb5u17c1,404.1,trial_0193_learning_rate=5.0e-03_kernel_sizes=3x3x3_conv_channels=256x256x256_fc_dims=512_seed4,11a7f9f083,trial_0193_learning_rate=5.0e-03_kernel_sizes=3x3x3_conv_channels=256x256x256_fc_dims=512_seed4
/scratch/sb272/patterns5k_results/slurm_base_cnn_2026-03-04_16-53-19/trial_0194_learning_rate=5.0e-03_kernel_sizes=3x3x3_conv_channels=256x256x256_fc_dims=1024_seed0,cnn,0.1690587133169174,0.12953067057388223,0.019136897155216763,,,0.13629643057831614,755519,755519,24,0.4797067349265094,0,True,0.45456832695830385,0.27814905056963074,1,0.31855225563049316,0.13000759482383728,0,"[3, 3, 3]","[256, 256, 256]",[1024],6872702,bb5u17c1,480.1,trial_0194_learning_rate=5.0e-03_kernel_sizes=3x3x3_conv_channels=256x256x256_fc_dims=1024_seed0,bd4bd30a6f,trial_0194_learning_rate=5.0e-03_kernel_sizes=3x3x3_conv_channels=256x256x256_fc_dims=1024_seed0
/scratch/sb272/patterns5k_results/slurm_base_cnn_2026-03-04_16-53-19/trial_0194_learning_rate=5.0e-03_kernel_sizes=3x3x3_conv_channels=256x256x256_fc_dims=1024_seed1,cnn,0.16886180651187896,0.13089842848659386,0.019823122592199417,,,0.13829498143906047,755519,755519,22,0.47791309236693214,0,True,0.45456832695830385,0.27935520822828014,1,0.31855225563049316,0.13157685101032257,0,"[3, 3, 3]","[256, 256, 256]",[1024],6872702,bb5u17c1,394.8,trial_0194_learning_rate=5.0e-03_kernel_sizes=3x3x3_conv_channels=256x256x256_fc_dims=1024_seed1,bd4bd30a6f,trial_0194_learning_rate=5.0e-03_kernel_sizes=3x3x3_conv_channels=256x256x256_fc_dims=1024_seed1
/scratch/sb272/patterns5k_results/slurm_base_cnn_2026-03-04_16-53-19/trial_0194_learning_rate=5.0e-03_kernel_sizes=3x3x3_conv_channels=256x256x256_fc_dims=1024_seed2,cnn,0.1683946362733841,0.13713013139190752,0.021275009427751814,,,0.1333716402167731,755519,755519,24,0.4842684719216696,0,True,0.45456832695830385,0.2812556945861372,2,0.31855225563049316,0.13805128633975983,0,"[3, 3, 3]","[256, 256, 256]",[1024],6872702,bb5u17c1,476.2,trial_0194_learning_rate=5.0e-03_kernel_sizes=3x3x3_conv_channels=256x256x256_fc_dims=1024_seed2,bd4bd30a6f,trial_0194_learning_rate=5.0e-03_kernel_sizes=3x3x3_conv_channels=256x256x256_fc_dims=1024_seed2
/scratch/sb272/patterns5k_results/slurm_base_cnn_2026-03-04_16-53-19/trial_0194_learning_rate=5.0e-03_kernel_sizes=3x3x3_conv_channels=256x256x256_fc_dims=1024_seed3,cnn,0.16900495219230652,0.12858784698882578,0.02032909317622109,,,0.13208614224225868,755519,755519,23,0.4791834838174493,0,True,0.45456832695830385,0.28100208110477487,1,0.31855225563049316,0.13008186221122742,0,"[3, 3, 3]","[256, 256, 256]",[1024],6872702,bb5u17c1,462.8,trial_0194_learning_rate=5.0e-03_kernel_sizes=3x3x3_conv_channels=256x256x256_fc_dims=1024_seed3,bd4bd30a6f,trial_0194_learning_rate=5.0e-03_kernel_sizes=3x3x3_conv_channels=256x256x256_fc_dims=1024_seed3
/scratch/sb272/patterns5k_results/slurm_base_cnn_2026-03-04_16-53-19/trial_0194_learning_rate=5.0e-03_kernel_sizes=3x3x3_conv_channels=256x256x256_fc_dims=1024_seed4,cnn,0.1689372636079788,0.13137305766946902,0.02019182557151431,,,0.13407256448625088,755519,755519,23,0.4931620211283899,0,True,0.45456832695830385,0.288092835581596,1,0.31855225563049316,0.13272635638713837,0,"[3, 3, 3]","[256, 256, 256]",[1024],6872702,bb5u17c1,416.2,trial_0194_learning_rate=5.0e-03_kernel_sizes=3x3x3_conv_channels=256x256x256_fc_dims=1024_seed4,bd4bd30a6f,trial_0194_learning_rate=5.0e-03_kernel_sizes=3x3x3_conv_channels=256x256x256_fc_dims=1024_seed4
/scratch/sb272/patterns5k_results/slurm_base_cnn_2026-03-04_16-53-19/trial_0195_learning_rate=5.0e-03_kernel_sizes=3x3_conv_channels=64x128_fc_dims=128_seed0,cnn,0.1684126306772232,0.13570110586671896,0.02304201466696603,,,0.13967407337227716,57855,57855,50,0.4808671857705479,0,True,0.45456832695830385,0.2858977151127594,1,0.31855225563049316,0.13700811564922333,0,"[3, 3]","[64, 128]",[128],6872702,bb5u17c1,278.3,trial_0195_learning_rate=5.0e-03_kernel_sizes=3x3_conv_channels=64x128_fc_dims=128_seed0,ef94331931,trial_0195_learning_rate=5.0e-03_kernel_sizes=3x3_conv_channels=64x128_fc_dims=128_seed0
/scratch/sb272/patterns5k_results/slurm_base_cnn_2026-03-04_16-53-19/trial_0195_learning_rate=5.0e-03_kernel_sizes=3x3_conv_channels=64x128_fc_dims=128_seed1,cnn,0.16885596323013305,0.13058856046266637,0.020788346964215474,,,0.13805303376015995,57855,57855,41,0.457552765454836,0,True,0.45456832695830385,0.27235223028608857,1,0.31855225563049316,0.13163192570209503,0,"[3, 3]","[64, 128]",[128],6872702,bb5u17c1,260.0,trial_0195_learning_rate=5.0e-03_kernel_sizes=3x3_conv_channels=64x128_fc_dims=128_seed1,ef94331931,trial_0195_learning_rate=5.0e-03_kernel_sizes=3x3_conv_channels=64x128_fc_dims=128_seed1
/scratch/sb272/patterns5k_results/slurm_base_cnn_2026-03-04_16-53-19/trial_0195_learning_rate=5.0e-03_kernel_sizes=3x3_conv_channels=64x128_fc_dims=128_seed2,cnn,0.1684942661523819,0.13434016537149776,0.02298402597033788,,,0.13381495761718049,57855,57855,48,0.47959167301557687,0,True,0.45456832695830385,0.28504082168053624,1,0.31855225563049316,0.13561353087425232,0,"[3, 3]","[64, 128]",[128],6872702,bb5u17c1,236.8,trial_0195_learning_rate=5.0e-03_kernel_sizes=3x3_conv_channels=64x128_fc_dims=128_seed2,ef94331931,trial_0195_learning_rate=5.0e-03_kernel_sizes=3x3_conv_channels=64x128_fc_dims=128_seed2
/scratch/sb272/patterns5k_results/slurm_base_cnn_2026-03-04_16-53-19/trial_0195_learning_rate=5.0e-03_kernel_sizes=3x3_conv_channels=64x128_fc_dims=128_seed3,cnn,0.16884708607196808,0.1297853218131362,0.02052630791588435,,,0.13504840458786396,57855,57855,44,0.4630573498268162,0,True,0.45456832695830385,0.27458704266195766,1,0.31855225563049316,0.13045619428157806,0,"[3, 3]","[64, 128]",[128],6872702,bb5u17c1,228.1,trial_0195_learning_rate=5.0e-03_kernel_sizes=3x3_conv_channels=64x128_fc_dims=128_seed3,ef94331931,trial_0195_learning_rate=5.0e-03_kernel_sizes=3x3_conv_channels=64x128_fc_dims=128_seed3
/scratch/sb272/patterns5k_results/slurm_base_cnn_2026-03-04_16-53-19/trial_0195_learning_rate=5.0e-03_kernel_sizes=3x3_conv_channels=64x128_fc_dims=128_seed4,cnn,0.16839331376552583,0.1340519798676992,0.0221707026163737,,,0.13651840138999605,57855,57855,40,0.488269960710525,0,True,0.45456832695830385,0.2869316449869643,1,0.31855225563049316,0.13502582907676697,0,"[3, 3]","[64, 128]",[128],6872702,bb5u17c1,216.9,trial_0195_learning_rate=5.0e-03_kernel_sizes=3x3_conv_channels=64x128_fc_dims=128_seed4,ef94331931,trial_0195_learning_rate=5.0e-03_kernel_sizes=3x3_conv_channels=64x128_fc_dims=128_seed4
/scratch/sb272/patterns5k_results/slurm_base_cnn_2026-03-04_16-53-19/trial_0196_learning_rate=5.0e-03_kernel_sizes=3x3_conv_channels=64x128_fc_dims=256_seed0,cnn,0.16808867609500885,0.1391629719057804,0.02347983443547809,,,0.14091945556120722,82431,82431,48,0.5087519299000784,0,True,0.45456832695830385,0.2991646106217703,1,0.31855225563049316,0.14059385657310486,0,"[3, 3]","[64, 128]",[256],6872702,bb5u17c1,255.0,trial_0196_learning_rate=5.0e-03_kernel_sizes=3x3_conv_channels=64x128_fc_dims=256_seed0,808cd79a79,trial_0196_learning_rate=5.0e-03_kernel_sizes=3x3_conv_channels=64x128_fc_dims=256_seed0
/scratch/sb272/patterns5k_results/slurm_base_cnn_2026-03-04_16-53-19/trial_0196_learning_rate=5.0e-03_kernel_sizes=3x3_conv_channels=64x128_fc_dims=256_seed1,cnn,0.16807202637195587,0.13622261533188693,0.022755141296083966,,,0.14224763067101873,82431,82431,34,0.4863438832566784,0,True,0.45456832695830385,0.2885300040210185,1,0.31855225563049316,0.13737811148166656,0,"[3, 3]","[64, 128]",[256],6872702,bb5u17c1,219.5,trial_0196_learning_rate=5.0e-03_kernel_sizes=3x3_conv_channels=64x128_fc_dims=256_seed1,808cd79a79,trial_0196_learning_rate=5.0e-03_kernel_sizes=3x3_conv_channels=64x128_fc_dims=256_seed1
/scratch/sb272/patterns5k_results/slurm_base_cnn_2026-03-04_16-53-19/trial_0196_learning_rate=5.0e-03_kernel_sizes=3x3_conv_channels=64x128_fc_dims=256_seed2,cnn,0.16843950581550599,0.1396368081499313,0.022965748158712235,,,0.13536087895146562,82431,82431,41,0.4962331840781948,0,True,0.45456832695830385,0.29063225153299976,1,0.31855225563049316,0.1410066783428192,0,"[3, 3]","[64, 128]",[256],6872702,bb5u17c1,231.6,trial_0196_learning_rate=5.0e-03_kernel_sizes=3x3_conv_channels=64x128_fc_dims=256_seed2,808cd79a79,trial_0196_learning_rate=5.0e-03_kernel_sizes=3x3_conv_channels=64x128_fc_dims=256_seed2
/scratch/sb272/patterns5k_results/slurm_base_cnn_2026-03-04_16-53-19/trial_0196_learning_rate=5.0e-03_kernel_sizes=3x3_conv_channels=64x128_fc_dims=256_seed3,cnn,0.16829944026470184,0.13805409152706946,0.02333964809538826,,,0.137469900401897,82431,82431,37,0.5026551615987369,0,True,0.45456832695830385,0.294585144007321,1,0.31855225563049316,0.13954082131385803,0,"[3, 3]","[64, 128]",[256],6872702,bb5u17c1,234.5,trial_0196_learning_rate=5.0e-03_kernel_sizes=3x3_conv_channels=64x128_fc_dims=256_seed3,808cd79a79,trial_0196_learning_rate=5.0e-03_kernel_sizes=3x3_conv_channels=64x128_fc_dims=256_seed3
/scratch/sb272/patterns5k_results/slurm_base_cnn_2026-03-04_16-53-19/trial_0196_learning_rate=5.0e-03_kernel_sizes=3x3_conv_channels=64x128_fc_dims=256_seed4,cnn,0.16839120936393737,0.13577062073683896,0.022860846822223967,,,0.13937520841643666,82431,82431,48,0.49718173237142055,0,True,0.45456832695830385,0.2925510484504484,1,0.31855225563049316,0.13717958331108093,0,"[3, 3]","[64, 128]",[256],6872702,bb5u17c1,250.6,trial_0196_learning_rate=5.0e-03_kernel_sizes=3x3_conv_channels=64x128_fc_dims=256_seed4,808cd79a79,trial_0196_learning_rate=5.0e-03_kernel_sizes=3x3_conv_channels=64x128_fc_dims=256_seed4
/scratch/sb272/patterns5k_results/slurm_base_cnn_2026-03-04_16-53-19/trial_0197_learning_rate=5.0e-03_kernel_sizes=3x3_conv_channels=64x128_fc_dims=512_seed0,cnn,0.16817934918403626,0.13956860890837758,0.023347520639025975,,,0.1419075165440074,131583,131583,38,0.5061531035721714,0,True,0.45456832695830385,0.29509384174554676,1,0.31855225563049316,0.14081183075904846,0,"[3, 3]","[64, 128]",[512],6872702,bb5u17c1,244.1,trial_0197_learning_rate=5.0e-03_kernel_sizes=3x3_conv_channels=64x128_fc_dims=512_seed0,0db8bbcebd,trial_0197_learning_rate=5.0e-03_kernel_sizes=3x3_conv_channels=64x128_fc_dims=512_seed0
/scratch/sb272/patterns5k_results/slurm_base_cnn_2026-03-04_16-53-19/trial_0197_learning_rate=5.0e-03_kernel_sizes=3x3_conv_channels=64x128_fc_dims=512_seed1,cnn,0.1689927536249161,0.1392799983850711,0.021528892100803436,,,0.14329794201227056,131583,131583,33,0.5016306119572839,0,True,0.45456832695830385,0.2929224262957747,1,0.31855225563049316,0.14055311679840088,0,"[3, 3]","[64, 128]",[512],6872702,bb5u17c1,232.9,trial_0197_learning_rate=5.0e-03_kernel_sizes=3x3_conv_channels=64x128_fc_dims=512_seed1,0db8bbcebd,trial_0197_learning_rate=5.0e-03_kernel_sizes=3x3_conv_channels=64x128_fc_dims=512_seed1
/scratch/sb272/patterns5k_results/slurm_base_cnn_2026-03-04_16-53-19/trial_0197_learning_rate=5.0e-03_kernel_sizes=3x3_conv_channels=64x128_fc_dims=512_seed2,cnn,0.1679814920425415,0.13998882969871074,0.02410802481666444,,,0.1360284033707588,131583,131583,47,0.5259878729260995,0,True,0.45456832695830385,0.30565453185694247,1,0.31855225563049316,0.140925794839859,0,"[3, 3]","[64, 128]",[512],6872702,bb5u17c1,272.5,trial_0197_learning_rate=5.0e-03_kernel_sizes=3x3_conv_channels=64x128_fc_dims=512_seed2,0db8bbcebd,trial_0197_learning_rate=5.0e-03_kernel_sizes=3x3_conv_channels=64x128_fc_dims=512_seed2
/scratch/sb272/patterns5k_results/slurm_base_cnn_2026-03-04_16-53-19/trial_0197_learning_rate=5.0e-03_kernel_sizes=3x3_conv_channels=64x128_fc_dims=512_seed3,cnn,0.1679778594970703,0.1401416357013548,0.023989334939018128,,,0.13937477244044538,131583,131583,48,0.5225303236422927,0,True,0.45456832695830385,0.3066225509784793,1,0.31855225563049316,0.14168377220630646,0,"[3, 3]","[64, 128]",[512],6872702,bb5u17c1,279.7,trial_0197_learning_rate=5.0e-03_kernel_sizes=3x3_conv_channels=64x128_fc_dims=512_seed3,0db8bbcebd,trial_0197_learning_rate=5.0e-03_kernel_sizes=3x3_conv_channels=64x128_fc_dims=512_seed3
/scratch/sb272/patterns5k_results/slurm_base_cnn_2026-03-04_16-53-19/trial_0197_learning_rate=5.0e-03_kernel_sizes=3x3_conv_channels=64x128_fc_dims=512_seed4,cnn,0.16818002605438231,0.1387875530525262,0.02322198095775786,,,0.14103573767986005,131583,131583,45,0.5088638832184761,0,True,0.45456832695830385,0.29734798021951225,2,0.31855225563049316,0.14034396409988403,0,"[3, 3]","[64, 128]",[512],6872702,bb5u17c1,260.6,trial_0197_learning_rate=5.0e-03_kernel_sizes=3x3_conv_channels=64x128_fc_dims=512_seed4,0db8bbcebd,trial_0197_learning_rate=5.0e-03_kernel_sizes=3x3_conv_channels=64x128_fc_dims=512_seed4
/scratch/sb272/patterns5k_results/slurm_base_cnn_2026-03-04_16-53-19/trial_0198_learning_rate=5.0e-03_kernel_sizes=5x3_conv_channels=128x256_fc_dims=256_seed0,cnn,0.16895897710323335,0.13157662330130476,0.018775917234874907,,,0.13725720914650227,208319,208319,27,0.49127980903512003,0,True,0.45456832695830385,0.28816398314427544,2,0.31855225563049316,0.13232775032520294,0,"[5, 3]","[128, 256]",[256],6872702,bb5u17c1,237.0,trial_0198_learning_rate=5.0e-03_kernel_sizes=5x3_conv_channels=128x256_fc_dims=256_seed0,e4608c7b6d,trial_0198_learning_rate=5.0e-03_kernel_sizes=5x3_conv_channels=128x256_fc_dims=256_seed0
/scratch/sb272/patterns5k_results/slurm_base_cnn_2026-03-04_16-53-19/trial_0198_learning_rate=5.0e-03_kernel_sizes=5x3_conv_channels=128x256_fc_dims=256_seed1,cnn,0.16881809449195861,0.13073146898819474,0.02113715712986295,,,0.1382259054396717,208319,208319,20,0.4799433880148991,0,True,0.45456832695830385,0.2840096128996931,1,0.31855225563049316,0.13181336224079132,0,"[5, 3]","[128, 256]",[256],6872702,bb5u17c1,219.8,trial_0198_learning_rate=5.0e-03_kernel_sizes=5x3_conv_channels=128x256_fc_dims=256_seed1,e4608c7b6d,trial_0198_learning_rate=5.0e-03_kernel_sizes=5x3_conv_channels=128x256_fc_dims=256_seed1
/scratch/sb272/patterns5k_results/slurm_base_cnn_2026-03-04_16-53-19/trial_0198_learning_rate=5.0e-03_kernel_sizes=5x3_conv_channels=128x256_fc_dims=256_seed2,cnn,0.1688460191488266,0.13147382619292314,0.020685812783619716,,,0.13158840423578094,208319,208319,25,0.48212341268611103,0,True,0.45456832695830385,0.27954672060271474,2,0.31855225563049316,0.13238289952278137,0,"[5, 3]","[128, 256]",[256],6872702,bb5u17c1,251.8,trial_0198_learning_rate=5.0e-03_kernel_sizes=5x3_conv_channels=128x256_fc_dims=256_seed2,e4608c7b6d,trial_0198_learning_rate=5.0e-03_kernel_sizes=5x3_conv_channels=128x256_fc_dims=256_seed2
/scratch/sb272/patterns5k_results/slurm_base_cnn_2026-03-04_16-53-19/trial_0198_learning_rate=5.0e-03_kernel_sizes=5x3_conv_channels=128x256_fc_dims=256_seed3,cnn,0.16954725444316865,0.12900548415346666,0.016738954990629166,,,0.13227043079743436,208319,208319,29,0.46586075444590835,0,True,0.45456832695830385,0.27700119398419676,1,0.31855225563049316,0.13033558428287506,0,"[5, 3]","[128, 256]",[256],6872702,bb5u17c1,305.3,trial_0198_learning_rate=5.0e-03_kernel_sizes=5x3_conv_channels=128x256_fc_dims=256_seed3,e4608c7b6d,trial_0198_learning_rate=5.0e-03_kernel_sizes=5x3_conv_channels=128x256_fc_dims=256_seed3
/scratch/sb272/patterns5k_results/slurm_base_cnn_2026-03-04_16-53-19/trial_0198_learning_rate=5.0e-03_kernel_sizes=5x3_conv_channels=128x256_fc_dims=256_seed4,cnn,0.16880092549324036,0.13380077899913986,0.020612402567787777,,,0.13466179616798774,208319,208319,25,0.49329826749210914,0,True,0.45456832695830385,0.2892960500501144,1,0.31855225563049316,0.1346614509820938,0,"[5, 3]","[128, 256]",[256],6872702,bb5u17c1,294.0,trial_0198_learning_rate=5.0e-03_kernel_sizes=5x3_conv_channels=128x256_fc_dims=256_seed4,e4608c7b6d,trial_0198_learning_rate=5.0e-03_kernel_sizes=5x3_conv_channels=128x256_fc_dims=256_seed4
/scratch/sb272/patterns5k_results/slurm_base_cnn_2026-03-04_16-53-19/trial_0199_learning_rate=5.0e-03_kernel_sizes=5x3_conv_channels=128x256_fc_dims=512_seed0,cnn,0.16862674283981324,0.13354066603572015,0.020128096852983748,,,0.13766588627975285,290239,290239,19,0.48504909078263847,0,True,0.45456832695830385,0.28467920367935384,2,0.31855225563049316,0.13434885442256927,0,"[5, 3]","[128, 256]",[512],6872702,bb5u17c1,284.8,trial_0199_learning_rate=5.0e-03_kernel_sizes=5x3_conv_channels=128x256_fc_dims=512_seed0,3a781b9001,trial_0199_learning_rate=5.0e-03_kernel_sizes=5x3_conv_channels=128x256_fc_dims=512_seed0
/scratch/sb272/patterns5k_results/slurm_base_cnn_2026-03-04_16-53-19/trial_0199_learning_rate=5.0e-03_kernel_sizes=5x3_conv_channels=128x256_fc_dims=512_seed1,cnn,0.17011643409729005,0.13218312612004382,0.016014681922064886,,,0.13981408684777089,290239,290239,22,0.49870911830211845,0,True,0.45456832695830385,0.29108319150344214,1,0.31855225563049316,0.13318440318107605,0,"[5, 3]","[128, 256]",[512],6872702,bb5u17c1,304.0,trial_0199_learning_rate=5.0e-03_kernel_sizes=5x3_conv_channels=128x256_fc_dims=512_seed1,3a781b9001,trial_0199_learning_rate=5.0e-03_kernel_sizes=5x3_conv_channels=128x256_fc_dims=512_seed1
/scratch/sb272/patterns5k_results/slurm_base_cnn_2026-03-04_16-53-19/trial_0199_learning_rate=5.0e-03_kernel_sizes=5x3_conv_channels=128x256_fc_dims=512_seed2,cnn,0.16881750905513762,0.13833666657104157,0.020002298884921603,,,0.13412315492837895,290239,290239,27,0.5062357751322614,0,True,0.45456832695830385,0.2959949364625598,1,0.31855225563049316,0.13966895639896393,0,"[5, 3]","[128, 256]",[512],6872702,bb5u17c1,302.0,trial_0199_learning_rate=5.0e-03_kernel_sizes=5x3_conv_channels=128x256_fc_dims=512_seed2,3a781b9001,trial_0199_learning_rate=5.0e-03_kernel_sizes=5x3_conv_channels=128x256_fc_dims=512_seed2
/scratch/sb272/patterns5k_results/slurm_base_cnn_2026-03-04_16-53-19/trial_0199_learning_rate=5.0e-03_kernel_sizes=5x3_conv_channels=128x256_fc_dims=512_seed3,cnn,0.16896344459056853,0.13465894325813826,0.01896391501502385,,,0.1354789915862304,290239,290239,21,0.4862315175798021,0,True,0.45456832695830385,0.28540517217219824,1,0.31855225563049316,0.1359780728816986,0,"[5, 3]","[128, 256]",[512],6872702,bb5u17c1,274.1,trial_0199_learning_rate=5.0e-03_kernel_sizes=5x3_conv_channels=128x256_fc_dims=512_seed3,3a781b9001,trial_0199_learning_rate=5.0e-03_kernel_sizes=5x3_conv_channels=128x256_fc_dims=512_seed3
/scratch/sb272/patterns5k_results/slurm_base_cnn_2026-03-04_16-53-19/trial_0199_learning_rate=5.0e-03_kernel_sizes=5x3_conv_channels=128x256_fc_dims=512_seed4,cnn,0.16893424022197723,0.1323705770722718,0.020198677267347063,,,0.13673849908456767,290239,290239,27,0.4829868497735432,0,True,0.45456832695830385,0.28308984082964356,1,0.31855225563049316,0.1328742802143097,0,"[5, 3]","[128, 256]",[512],6872702,bb5u17c1,316.2,trial_0199_learning_rate=5.0e-03_kernel_sizes=5x3_conv_channels=128x256_fc_dims=512_seed4,3a781b9001,trial_0199_learning_rate=5.0e-03_kernel_sizes=5x3_conv_channels=128x256_fc_dims=512_seed4
/scratch/sb272/patterns5k_results/slurm_base_cnn_2026-03-04_16-53-19/trial_0200_learning_rate=5.0e-03_kernel_sizes=5x3_conv_channels=128x256_fc_dims=1024_seed0,cnn,0.16919541454315185,0.13515926022202476,0.019430743323432073,,,0.13847210581725128,454079,454079,19,0.4580286593147127,0,True,0.45456832695830385,0.2713738169848701,1,0.31855225563049316,0.13565440475940704,0,"[5, 3]","[128, 256]",[1024],6878887,bc12u15n3,536.4,trial_0200_learning_rate=5.0e-03_kernel_sizes=5x3_conv_channels=128x256_fc_dims=1024_seed0,6e3d86bc6a,trial_0200_learning_rate=5.0e-03_kernel_sizes=5x3_conv_channels=128x256_fc_dims=1024_seed0
/scratch/sb272/patterns5k_results/slurm_base_cnn_2026-03-04_16-53-19/trial_0200_learning_rate=5.0e-03_kernel_sizes=5x3_conv_channels=128x256_fc_dims=1024_seed1,cnn,0.16866027569770814,0.1340938343576431,0.02137679996944609,,,0.1407251693425975,454079,454079,21,0.504918433795002,0,True,0.45456832695830385,0.29281240979792833,1,0.31855225563049316,0.13483640551567078,0,"[5, 3]","[128, 256]",[1024],6878887,bc12u15n3,535.9,trial_0200_learning_rate=5.0e-03_kernel_sizes=5x3_conv_channels=128x256_fc_dims=1024_seed1,6e3d86bc6a,trial_0200_learning_rate=5.0e-03_kernel_sizes=5x3_conv_channels=128x256_fc_dims=1024_seed1
/scratch/sb272/patterns5k_results/slurm_base_cnn_2026-03-04_16-53-19/trial_0200_learning_rate=5.0e-03_kernel_sizes=5x3_conv_channels=128x256_fc_dims=1024_seed2,cnn,0.16859709298610687,0.13617825001742453,0.022874554944416835,,,0.1348117192117411,454079,454079,26,0.48793130789508804,0,True,0.45456832695830385,0.28847734392003715,1,0.31855225563049316,0.13694870471954346,0,"[5, 3]","[128, 256]",[1024],6878887,bc12u15n3,596.6,trial_0200_learning_rate=5.0e-03_kernel_sizes=5x3_conv_channels=128x256_fc_dims=1024_seed2,6e3d86bc6a,trial_0200_learning_rate=5.0e-03_kernel_sizes=5x3_conv_channels=128x256_fc_dims=1024_seed2
/scratch/sb272/patterns5k_results/slurm_base_cnn_2026-03-04_16-53-19/trial_0200_learning_rate=5.0e-03_kernel_sizes=5x3_conv_channels=128x256_fc_dims=1024_seed3,cnn,0.16872352814674377,0.13405716809574567,0.020718806319766574,,,0.1362811536564599,454079,454079,22,0.5038143483976111,0,True,0.45456832695830385,0.2938506011535923,1,0.31855225563049316,0.1350623071193695,0,"[5, 3]","[128, 256]",[1024],6878887,bc12u15n3,566.5,trial_0200_learning_rate=5.0e-03_kernel_sizes=5x3_conv_channels=128x256_fc_dims=1024_seed3,6e3d86bc6a,trial_0200_learning_rate=5.0e-03_kernel_sizes=5x3_conv_channels=128x256_fc_dims=1024_seed3
/scratch/sb272/patterns5k_results/slurm_base_cnn_2026-03-04_16-53-19/trial_0200_learning_rate=5.0e-03_kernel_sizes=5x3_conv_channels=128x256_fc_dims=1024_seed4,cnn,0.168928019285202,0.12950236472573431,0.019886464353591676,,,0.1369739621533544,454079,454079,23,0.4927584788422186,0,True,0.45456832695830385,0.28622198407324606,2,0.31855225563049316,0.1301405280828476,0,"[5, 3]","[128, 256]",[1024],6878887,bc12u15n3,569.6,trial_0200_learning_rate=5.0e-03_kernel_sizes=5x3_conv_channels=128x256_fc_dims=1024_seed4,6e3d86bc6a,trial_0200_learning_rate=5.0e-03_kernel_sizes=5x3_conv_channels=128x256_fc_dims=1024_seed4
/scratch/sb272/patterns5k_results/slurm_base_cnn_2026-03-04_16-53-19/trial_0201_learning_rate=5.0e-03_kernel_sizes=3x3x3_conv_channels=32x64x128_fc_dims=128_seed0,cnn,0.16819825494289398,0.1330598759167512,0.021782911013043117,,,0.13710953643038457,60063,60063,50,0.45414347354384804,0,True,0.45456832695830385,0.2650545510373035,2,0.31855225563049316,0.13348302245140076,0,"[3, 3, 3]","[32, 64, 128]",[128],6878887,bc12u15n3,496.3,trial_0201_learning_rate=5.0e-03_kernel_sizes=3x3x3_conv_channels=32x64x128_fc_dims=128_seed0,ac7d161212,trial_0201_learning_rate=5.0e-03_kernel_sizes=3x3x3_conv_channels=32x64x128_fc_dims=128_seed0
/scratch/sb272/patterns5k_results/slurm_base_cnn_2026-03-04_16-53-19/trial_0201_learning_rate=5.0e-03_kernel_sizes=3x3x3_conv_channels=32x64x128_fc_dims=128_seed1,cnn,0.16797619068622588,0.13560408369265,0.022983778090704055,,,0.1415944755862885,60063,60063,50,0.4762697361198182,0,True,0.45456832695830385,0.2789225198355026,1,0.31855225563049316,0.13692080974578857,0,"[3, 3, 3]","[32, 64, 128]",[128],6878887,bc12u15n3,514.0,trial_0201_learning_rate=5.0e-03_kernel_sizes=3x3x3_conv_channels=32x64x128_fc_dims=128_seed1,ac7d161212,trial_0201_learning_rate=5.0e-03_kernel_sizes=3x3x3_conv_channels=32x64x128_fc_dims=128_seed1
/scratch/sb272/patterns5k_results/slurm_base_cnn_2026-03-04_16-53-19/trial_0201_learning_rate=5.0e-03_kernel_sizes=3x3x3_conv_channels=32x64x128_fc_dims=128_seed2,cnn,0.16798987233638762,0.13398919491820507,0.022297305720193044,,,0.13269081672370645,60063,60063,50,0.4891568883073048,0,True,0.45456832695830385,0.28284573075278974,1,0.31855225563049316,0.13490119576454163,0,"[3, 3, 3]","[32, 64, 128]",[128],6878887,bc12u15n3,548.6,trial_0201_learning_rate=5.0e-03_kernel_sizes=3x3x3_conv_channels=32x64x128_fc_dims=128_seed2,ac7d161212,trial_0201_learning_rate=5.0e-03_kernel_sizes=3x3x3_conv_channels=32x64x128_fc_dims=128_seed2
/scratch/sb272/patterns5k_results/slurm_base_cnn_2026-03-04_16-53-19/trial_0201_learning_rate=5.0e-03_kernel_sizes=3x3x3_conv_channels=32x64x128_fc_dims=128_seed3,cnn,0.16794403207302094,0.13526813396070902,0.022735247536311076,,,0.13826907389502394,60063,60063,50,0.4876481000114128,0,True,0.45456832695830385,0.28457488429464706,1,0.31855225563049316,0.13637737929821014,0,"[3, 3, 3]","[32, 64, 128]",[128],6878887,bc12u15n3,517.6,trial_0201_learning_rate=5.0e-03_kernel_sizes=3x3x3_conv_channels=32x64x128_fc_dims=128_seed3,ac7d161212,trial_0201_learning_rate=5.0e-03_kernel_sizes=3x3x3_conv_channels=32x64x128_fc_dims=128_seed3
/scratch/sb272/patterns5k_results/slurm_base_cnn_2026-03-04_16-53-19/trial_0201_learning_rate=5.0e-03_kernel_sizes=3x3x3_conv_channels=32x64x128_fc_dims=128_seed4,cnn,0.16788231563568115,0.13684913125124684,0.022863833677201045,,,0.13651017518625558,60063,60063,50,0.49503164195029975,0,True,0.45456832695830385,0.2871478424493064,1,0.31855225563049316,0.13801385462284088,0,"[3, 3, 3]","[32, 64, 128]",[128],6878887,bc12u15n3,533.1,trial_0201_learning_rate=5.0e-03_kernel_sizes=3x3x3_conv_channels=32x64x128_fc_dims=128_seed4,ac7d161212,trial_0201_learning_rate=5.0e-03_kernel_sizes=3x3x3_conv_channels=32x64x128_fc_dims=128_seed4
/scratch/sb272/patterns5k_results/slurm_base_cnn_2026-03-04_16-53-19/trial_0202_learning_rate=5.0e-03_kernel_sizes=3x3x3_conv_channels=32x64x128_fc_dims=256_seed0,cnn,0.16780627298355102,0.13927042426892974,0.023610418751126246,,,0.14380566994417066,84639,84639,50,0.48820339661261447,0,True,0.45456832695830385,0.285215444944364,1,0.31855225563049316,0.14038881659507751,0,"[3, 3, 3]","[32, 64, 128]",[256],6878887,bc12u15n3,502.6,trial_0202_learning_rate=5.0e-03_kernel_sizes=3x3x3_conv_channels=32x64x128_fc_dims=256_seed0,7cc64b4557,trial_0202_learning_rate=5.0e-03_kernel_sizes=3x3x3_conv_channels=32x64x128_fc_dims=256_seed0
/scratch/sb272/patterns5k_results/slurm_base_cnn_2026-03-04_16-53-19/trial_0202_learning_rate=5.0e-03_kernel_sizes=3x3x3_conv_channels=32x64x128_fc_dims=256_seed1,cnn,0.16795619189739228,0.13697050329452987,0.022398567388928127,,,0.14505252058679918,84639,84639,50,0.4810589335611227,0,True,0.45456832695830385,0.2811920100132243,1,0.31855225563049316,0.1381303369998932,0,"[3, 3, 3]","[32, 64, 128]",[256],6878887,bc12u15n3,504.5,trial_0202_learning_rate=5.0e-03_kernel_sizes=3x3x3_conv_channels=32x64x128_fc_dims=256_seed1,7cc64b4557,trial_0202_learning_rate=5.0e-03_kernel_sizes=3x3x3_conv_channels=32x64x128_fc_dims=256_seed1
/scratch/sb272/patterns5k_results/slurm_base_cnn_2026-03-04_16-53-19/trial_0202_learning_rate=5.0e-03_kernel_sizes=3x3x3_conv_channels=32x64x128_fc_dims=256_seed2,cnn,0.16813327527046204,0.1356271555241797,0.02284026997429984,,,0.13567851038828957,84639,84639,50,0.4865679572194909,0,True,0.45456832695830385,0.2850678807639588,1,0.31855225563049316,0.1366814374923706,0,"[3, 3, 3]","[32, 64, 128]",[256],6878887,bc12u15n3,445.0,trial_0202_learning_rate=5.0e-03_kernel_sizes=3x3x3_conv_channels=32x64x128_fc_dims=256_seed2,7cc64b4557,trial_0202_learning_rate=5.0e-03_kernel_sizes=3x3x3_conv_channels=32x64x128_fc_dims=256_seed2
/scratch/sb272/patterns5k_results/slurm_base_cnn_2026-03-04_16-53-19/trial_0202_learning_rate=5.0e-03_kernel_sizes=3x3x3_conv_channels=32x64x128_fc_dims=256_seed3,cnn,0.1676965546607971,0.13912350079299574,0.023848814623696462,,,0.14060562357143966,84639,84639,50,0.5007534777898642,0,True,0.45456832695830385,0.29252870105263895,1,0.31855225563049316,0.14014878869056702,0,"[3, 3, 3]","[32, 64, 128]",[256],6878887,bc12u15n3,463.7,trial_0202_learning_rate=5.0e-03_kernel_sizes=3x3x3_conv_channels=32x64x128_fc_dims=256_seed3,7cc64b4557,trial_0202_learning_rate=5.0e-03_kernel_sizes=3x3x3_conv_channels=32x64x128_fc_dims=256_seed3
/scratch/sb272/patterns5k_results/slurm_base_cnn_2026-03-04_16-53-19/trial_0202_learning_rate=5.0e-03_kernel_sizes=3x3x3_conv_channels=32x64x128_fc_dims=256_seed4,cnn,0.16793098866939546,0.13599462706791823,0.02281235040180267,,,0.14073472188468308,84639,84639,50,0.48793696362245603,0,True,0.45456832695830385,0.28316530965298575,1,0.31855225563049316,0.13702163100242615,0,"[3, 3, 3]","[32, 64, 128]",[256],6878887,bc12u15n3,446.8,trial_0202_learning_rate=5.0e-03_kernel_sizes=3x3x3_conv_channels=32x64x128_fc_dims=256_seed4,7cc64b4557,trial_0202_learning_rate=5.0e-03_kernel_sizes=3x3x3_conv_channels=32x64x128_fc_dims=256_seed4
/scratch/sb272/patterns5k_results/slurm_base_cnn_2026-03-04_16-53-19/trial_0203_learning_rate=5.0e-03_kernel_sizes=5x3x3_conv_channels=64x128x256_fc_dims=256_seed0,cnn,0.1681789845228195,0.13375816381899536,0.021275344349089124,,,0.13914759079233818,219647,219647,34,0.48432558798513303,0,True,0.45456832695830385,0.2780851655198181,2,0.31855225563049316,0.1348026692867279,0,"[5, 3, 3]","[64, 128, 256]",[256],6878887,bc12u15n3,473.3,trial_0203_learning_rate=5.0e-03_kernel_sizes=5x3x3_conv_channels=64x128x256_fc_dims=256_seed0,60f3061a24,trial_0203_learning_rate=5.0e-03_kernel_sizes=5x3x3_conv_channels=64x128x256_fc_dims=256_seed0
/scratch/sb272/patterns5k_results/slurm_base_cnn_2026-03-04_16-53-19/trial_0203_learning_rate=5.0e-03_kernel_sizes=5x3x3_conv_channels=64x128x256_fc_dims=256_seed1,cnn,0.16828988528251648,0.13381184178602884,0.02127684203405229,,,0.14165954342804027,219647,219647,34,0.46517462869027465,0,True,0.45456832695830385,0.2676580581936974,1,0.31855225563049316,0.13424739241600037,0,"[5, 3, 3]","[64, 128, 256]",[256],6878887,bc12u15n3,460.3,trial_0203_learning_rate=5.0e-03_kernel_sizes=5x3x3_conv_channels=64x128x256_fc_dims=256_seed1,60f3061a24,trial_0203_learning_rate=5.0e-03_kernel_sizes=5x3x3_conv_channels=64x128x256_fc_dims=256_seed1
/scratch/sb272/patterns5k_results/slurm_base_cnn_2026-03-04_16-53-19/trial_0203_learning_rate=5.0e-03_kernel_sizes=5x3x3_conv_channels=64x128x256_fc_dims=256_seed2,cnn,0.1688285264968872,0.13565036454006985,0.022277235984802246,,,0.1352634293589696,219647,219647,45,0.48231896365527627,0,True,0.45456832695830385,0.2778881428945691,1,0.31855225563049316,0.136407271027565,0,"[5, 3, 3]","[64, 128, 256]",[256],6878887,bc12u15n3,544.1,trial_0203_learning_rate=5.0e-03_kernel_sizes=5x3x3_conv_channels=64x128x256_fc_dims=256_seed2,60f3061a24,trial_0203_learning_rate=5.0e-03_kernel_sizes=5x3x3_conv_channels=64x128x256_fc_dims=256_seed2
/scratch/sb272/patterns5k_results/slurm_base_cnn_2026-03-04_16-53-19/trial_0203_learning_rate=5.0e-03_kernel_sizes=5x3x3_conv_channels=64x128x256_fc_dims=256_seed3,cnn,0.16876450598239898,0.13241367421367545,0.020978339134700714,,,0.1352016307881893,219647,219647,43,0.4765333861096278,0,True,0.45456832695830385,0.27651907223526306,1,0.31855225563049316,0.13341112434864044,0,"[5, 3, 3]","[64, 128, 256]",[256],6878887,bc12u15n3,529.3,trial_0203_learning_rate=5.0e-03_kernel_sizes=5x3x3_conv_channels=64x128x256_fc_dims=256_seed3,60f3061a24,trial_0203_learning_rate=5.0e-03_kernel_sizes=5x3x3_conv_channels=64x128x256_fc_dims=256_seed3
/scratch/sb272/patterns5k_results/slurm_base_cnn_2026-03-04_16-53-19/trial_0203_learning_rate=5.0e-03_kernel_sizes=5x3x3_conv_channels=64x128x256_fc_dims=256_seed4,cnn,0.16849849128723143,0.1344250462831114,0.021818937763335215,,,0.13894237764405998,219647,219647,44,0.4722688292559911,0,True,0.45456832695830385,0.27430088043954365,1,0.31855225563049316,0.13554543256759644,0,"[5, 3, 3]","[64, 128, 256]",[256],6878887,bc12u15n3,532.5,trial_0203_learning_rate=5.0e-03_kernel_sizes=5x3x3_conv_channels=64x128x256_fc_dims=256_seed4,60f3061a24,trial_0203_learning_rate=5.0e-03_kernel_sizes=5x3x3_conv_channels=64x128x256_fc_dims=256_seed4
/scratch/sb272/patterns5k_results/slurm_base_cnn_2026-03-04_16-53-19/trial_0204_learning_rate=5.0e-03_kernel_sizes=5x3x3_conv_channels=64x128x256_fc_dims=512_seed0,cnn,0.1683671315908432,0.13558055733339258,0.02235840710382613,,,0.14344894076446602,301567,301567,47,0.45176177847881377,0,True,0.45456832695830385,0.26541952816954034,0,0.31855225563049316,0.13619545102119446,0,"[5, 3, 3]","[64, 128, 256]",[512],6878887,bc12u15n3,602.0,trial_0204_learning_rate=5.0e-03_kernel_sizes=5x3x3_conv_channels=64x128x256_fc_dims=512_seed0,d4c4b31464,trial_0204_learning_rate=5.0e-03_kernel_sizes=5x3x3_conv_channels=64x128x256_fc_dims=512_seed0
/scratch/sb272/patterns5k_results/slurm_base_cnn_2026-03-04_16-53-19/trial_0204_learning_rate=5.0e-03_kernel_sizes=5x3x3_conv_channels=64x128x256_fc_dims=512_seed1,cnn,0.16822817885875702,0.14016864879174998,0.024020368144625708,,,0.1445495969208497,301567,301567,39,0.47527577011928585,0,True,0.45456832695830385,0.2782443996104255,1,0.31855225563049316,0.14077310264110565,0,"[5, 3, 3]","[64, 128, 256]",[512],6878887,bc12u15n3,572.5,trial_0204_learning_rate=5.0e-03_kernel_sizes=5x3x3_conv_channels=64x128x256_fc_dims=512_seed1,d4c4b31464,trial_0204_learning_rate=5.0e-03_kernel_sizes=5x3x3_conv_channels=64x128x256_fc_dims=512_seed1
/scratch/sb272/patterns5k_results/slurm_base_cnn_2026-03-04_16-53-19/trial_0204_learning_rate=5.0e-03_kernel_sizes=5x3x3_conv_channels=64x128x256_fc_dims=512_seed2,cnn,0.1683602511882782,0.13670437754999434,0.02311935784324767,,,0.1380113171201341,301567,301567,44,0.4862699057399809,0,True,0.45456832695830385,0.27992016363762295,1,0.31855225563049316,0.13790300488471985,0,"[5, 3, 3]","[64, 128, 256]",[512],6878887,bc12u15n3,562.7,trial_0204_learning_rate=5.0e-03_kernel_sizes=5x3x3_conv_channels=64x128x256_fc_dims=512_seed2,d4c4b31464,trial_0204_learning_rate=5.0e-03_kernel_sizes=5x3x3_conv_channels=64x128x256_fc_dims=512_seed2
/scratch/sb272/patterns5k_results/slurm_base_cnn_2026-03-04_16-53-19/trial_0204_learning_rate=5.0e-03_kernel_sizes=5x3x3_conv_channels=64x128x256_fc_dims=512_seed3,cnn,0.1679541893005371,0.1397761523157821,0.022061063183678523,,,0.13865830678296354,301567,301567,38,0.5084772622360009,0,True,0.45456832695830385,0.29134027043378985,1,0.31855225563049316,0.14092698693275452,0,"[5, 3, 3]","[64, 128, 256]",[512],6878887,bc12u15n3,518.8,trial_0204_learning_rate=5.0e-03_kernel_sizes=5x3x3_conv_channels=64x128x256_fc_dims=512_seed3,d4c4b31464,trial_0204_learning_rate=5.0e-03_kernel_sizes=5x3x3_conv_channels=64x128x256_fc_dims=512_seed3
/scratch/sb272/patterns5k_results/slurm_base_cnn_2026-03-04_16-53-19/trial_0204_learning_rate=5.0e-03_kernel_sizes=5x3x3_conv_channels=64x128x256_fc_dims=512_seed4,cnn,0.1679934149980545,0.13691166801183693,0.022826209900871156,,,0.14131108102616616,301567,301567,34,0.4995098283402632,0,True,0.45456832695830385,0.2880703215072005,1,0.31855225563049316,0.1382615864276886,0,"[5, 3, 3]","[64, 128, 256]",[512],6878887,bc12u15n3,505.2,trial_0204_learning_rate=5.0e-03_kernel_sizes=5x3x3_conv_channels=64x128x256_fc_dims=512_seed4,d4c4b31464,trial_0204_learning_rate=5.0e-03_kernel_sizes=5x3x3_conv_channels=64x128x256_fc_dims=512_seed4
/scratch/sb272/patterns5k_results/slurm_base_cnn_2026-03-04_16-53-19/trial_0205_learning_rate=5.0e-03_kernel_sizes=5x3x3_conv_channels=64x128x256_fc_dims=1024_seed0,cnn,0.16828341019153595,0.13707076303779764,0.022111933382730636,,,0.14374401370180834,465407,465407,35,0.4982645058657365,0,True,0.45456832695830385,0.2871721088832837,2,0.31855225563049316,0.13803352415561676,0,"[5, 3, 3]","[64, 128, 256]",[1024],6878887,bc12u15n3,589.3,trial_0205_learning_rate=5.0e-03_kernel_sizes=5x3x3_conv_channels=64x128x256_fc_dims=1024_seed0,56f1bdf21c,trial_0205_learning_rate=5.0e-03_kernel_sizes=5x3x3_conv_channels=64x128x256_fc_dims=1024_seed0
/scratch/sb272/patterns5k_results/slurm_base_cnn_2026-03-04_16-53-19/trial_0205_learning_rate=5.0e-03_kernel_sizes=5x3x3_conv_channels=64x128x256_fc_dims=1024_seed1,cnn,0.16840402710437774,0.13919456526878363,0.023130379972003755,,,0.14408129321837862,465407,465407,45,0.5045771932649277,0,True,0.45456832695830385,0.29119918030312125,1,0.31855225563049316,0.13988912105560303,0,"[5, 3, 3]","[64, 128, 256]",[1024],6878887,bc12u15n3,681.4,trial_0205_learning_rate=5.0e-03_kernel_sizes=5x3x3_conv_channels=64x128x256_fc_dims=1024_seed1,56f1bdf21c,trial_0205_learning_rate=5.0e-03_kernel_sizes=5x3x3_conv_channels=64x128x256_fc_dims=1024_seed1
/scratch/sb272/patterns5k_results/slurm_base_cnn_2026-03-04_16-53-19/trial_0205_learning_rate=5.0e-03_kernel_sizes=5x3x3_conv_channels=64x128x256_fc_dims=1024_seed2,cnn,0.16808444833755493,0.14153171566918682,0.022398052707551016,,,0.13840991071672537,465407,465407,49,0.5151071192612247,0,True,0.45456832695830385,0.29688534616264867,1,0.31855225563049316,0.1430041790008545,0,"[5, 3, 3]","[64, 128, 256]",[1024],6878887,bc12u15n3,723.0,trial_0205_learning_rate=5.0e-03_kernel_sizes=5x3x3_conv_channels=64x128x256_fc_dims=1024_seed2,56f1bdf21c,trial_0205_learning_rate=5.0e-03_kernel_sizes=5x3x3_conv_channels=64x128x256_fc_dims=1024_seed2
/scratch/sb272/patterns5k_results/slurm_base_cnn_2026-03-04_16-53-19/trial_0205_learning_rate=5.0e-03_kernel_sizes=5x3x3_conv_channels=64x128x256_fc_dims=1024_seed3,cnn,0.16827389562129974,0.13823202562010065,0.02257815334531996,,,0.14154805047233532,465407,465407,37,0.5021540620038228,0,True,0.45456832695830385,0.29107801849241205,1,0.31855225563049316,0.13966771960258484,0,"[5, 3, 3]","[64, 128, 256]",[1024],6878887,bc12u15n3,615.6,trial_0205_learning_rate=5.0e-03_kernel_sizes=5x3x3_conv_channels=64x128x256_fc_dims=1024_seed3,56f1bdf21c,trial_0205_learning_rate=5.0e-03_kernel_sizes=5x3x3_conv_channels=64x128x256_fc_dims=1024_seed3
/scratch/sb272/patterns5k_results/slurm_base_cnn_2026-03-04_16-53-19/trial_0205_learning_rate=5.0e-03_kernel_sizes=5x3x3_conv_channels=64x128x256_fc_dims=1024_seed4,cnn,0.1677857427597046,0.1404231431019961,0.02302078027573843,,,0.142261883870434,465407,465407,40,0.5166802915227156,0,True,0.45456832695830385,0.29828651529769823,1,0.31855225563049316,0.14167554676532745,0,"[5, 3, 3]","[64, 128, 256]",[1024],6878887,bc12u15n3,708.3,trial_0205_learning_rate=5.0e-03_kernel_sizes=5x3x3_conv_channels=64x128x256_fc_dims=1024_seed4,56f1bdf21c,trial_0205_learning_rate=5.0e-03_kernel_sizes=5x3x3_conv_channels=64x128x256_fc_dims=1024_seed4
/scratch/sb272/patterns5k_results/slurm_base_cnn_2026-03-04_16-53-19/trial_0206_learning_rate=5.0e-03_kernel_sizes=3x3x3_conv_channels=128x128x128_fc_dims=256_seed0,cnn,0.16854718708992003,0.13322851057289142,0.021475930062551347,,,0.13839735416768792,164799,164799,33,0.4505288517780176,0,True,0.45456832695830385,0.2656915963795023,1,0.31855225563049316,0.13356676697731018,0,"[3, 3, 3]","[128, 128, 128]",[256],6878887,bc12u15n3,465.9,trial_0206_learning_rate=5.0e-03_kernel_sizes=3x3x3_conv_channels=128x128x128_fc_dims=256_seed0,c71b5962e6,trial_0206_learning_rate=5.0e-03_kernel_sizes=3x3x3_conv_channels=128x128x128_fc_dims=256_seed0
/scratch/sb272/patterns5k_results/slurm_base_cnn_2026-03-04_16-53-19/trial_0206_learning_rate=5.0e-03_kernel_sizes=3x3x3_conv_channels=128x128x128_fc_dims=256_seed1,cnn,0.1687803729772568,0.13179681540108273,0.02097260762774755,,,0.13831284273042355,164799,164799,29,0.47502866181710857,0,True,0.45456832695830385,0.27537118570257046,1,0.31855225563049316,0.13313397765159607,0,"[3, 3, 3]","[128, 128, 128]",[256],6878887,bc12u15n3,451.6,trial_0206_learning_rate=5.0e-03_kernel_sizes=3x3x3_conv_channels=128x128x128_fc_dims=256_seed1,c71b5962e6,trial_0206_learning_rate=5.0e-03_kernel_sizes=3x3x3_conv_channels=128x128x128_fc_dims=256_seed1
/scratch/sb272/patterns5k_results/slurm_base_cnn_2026-03-04_16-53-19/trial_0206_learning_rate=5.0e-03_kernel_sizes=3x3x3_conv_channels=128x128x128_fc_dims=256_seed2,cnn,0.1696491310596466,0.1251854269103647,0.018422857163444398,,,0.13026444310985116,164799,164799,33,0.46327537705788596,0,True,0.45456832695830385,0.26885058815116764,1,0.31855225563049316,0.1259850710630417,0,"[3, 3, 3]","[128, 128, 128]",[256],6878887,bc12u15n3,488.7,trial_0206_learning_rate=5.0e-03_kernel_sizes=3x3x3_conv_channels=128x128x128_fc_dims=256_seed2,c71b5962e6,trial_0206_learning_rate=5.0e-03_kernel_sizes=3x3x3_conv_channels=128x128x128_fc_dims=256_seed2
/scratch/sb272/patterns5k_results/slurm_base_cnn_2026-03-04_16-53-19/trial_0206_learning_rate=5.0e-03_kernel_sizes=3x3x3_conv_channels=128x128x128_fc_dims=256_seed3,cnn,0.16891393983364106,0.1301497442255035,0.02023728026284112,,,0.13264163732017467,164799,164799,24,0.46112869009344565,0,True,0.45456832695830385,0.2702585961397122,1,0.31855225563049316,0.13061973452568054,0,"[3, 3, 3]","[128, 128, 128]",[256],6878887,bc12u15n3,423.8,trial_0206_learning_rate=5.0e-03_kernel_sizes=3x3x3_conv_channels=128x128x128_fc_dims=256_seed3,c71b5962e6,trial_0206_learning_rate=5.0e-03_kernel_sizes=3x3x3_conv_channels=128x128x128_fc_dims=256_seed3
/scratch/sb272/patterns5k_results/slurm_base_cnn_2026-03-04_16-53-19/trial_0210_learning_rate=5.0e-03_kernel_sizes=3x3_conv_channels=64x128_fc_dims=128_seed0,cnn,0.16839901471138,0.13762111780167907,0.02291546454505315,,,0.13775184107906496,57855,57855,46,0.48316646561730825,0,True,0.45456832695830385,0.2852598805424608,1,0.31855225563049316,0.13887521624565125,0,"[3, 3]","[64, 128]",[128],6879090,bc12u23n2,478.3,trial_0210_learning_rate=5.0e-03_kernel_sizes=3x3_conv_channels=64x128_fc_dims=128_seed0,eacf65d196,trial_0210_learning_rate=5.0e-03_kernel_sizes=3x3_conv_channels=64x128_fc_dims=128_seed0
/scratch/sb272/patterns5k_results/slurm_base_cnn_2026-03-04_16-53-19/trial_0210_learning_rate=5.0e-03_kernel_sizes=3x3_conv_channels=64x128_fc_dims=128_seed1,cnn,0.16844104313850403,0.13266524191418513,0.022319933724781825,,,0.13918093849380928,57855,57855,35,0.46082011650641486,0,True,0.45456832695830385,0.2731900547228286,1,0.31855225563049316,0.13365918397903442,0,"[3, 3]","[64, 128]",[128],6879090,bc12u23n2,412.9,trial_0210_learning_rate=5.0e-03_kernel_sizes=3x3_conv_channels=64x128_fc_dims=128_seed1,eacf65d196,trial_0210_learning_rate=5.0e-03_kernel_sizes=3x3_conv_channels=64x128_fc_dims=128_seed1
/scratch/sb272/patterns5k_results/slurm_base_cnn_2026-03-04_16-53-19/trial_0210_learning_rate=5.0e-03_kernel_sizes=3x3_conv_channels=64x128_fc_dims=128_seed2,cnn,0.16829368233680725,0.1353034632771581,0.022707045078277588,,,0.133276514436667,57855,57855,39,0.49012477674817123,0,True,0.45456832695830385,0.2885904851034878,1,0.31855225563049316,0.13681073486804962,0,"[3, 3]","[64, 128]",[128],6879090,bc12u23n2,430.8,trial_0210_learning_rate=5.0e-03_kernel_sizes=3x3_conv_channels=64x128_fc_dims=128_seed2,eacf65d196,trial_0210_learning_rate=5.0e-03_kernel_sizes=3x3_conv_channels=64x128_fc_dims=128_seed2
/scratch/sb272/patterns5k_results/slurm_base_cnn_2026-03-04_16-53-19/trial_0210_learning_rate=5.0e-03_kernel_sizes=3x3_conv_channels=64x128_fc_dims=128_seed3,cnn,0.16837948727607727,0.13447852010747685,0.022280889844137525,,,0.13470965714376576,57855,57855,45,0.4814205846009782,0,True,0.45456832695830385,0.28549219103723644,1,0.31855225563049316,0.13594123721122742,0,"[3, 3]","[64, 128]",[128],6879090,bc12u23n2,442.3,trial_0210_learning_rate=5.0e-03_kernel_sizes=3x3_conv_channels=64x128_fc_dims=128_seed3,eacf65d196,trial_0210_learning_rate=5.0e-03_kernel_sizes=3x3_conv_channels=64x128_fc_dims=128_seed3
/scratch/sb272/patterns5k_results/slurm_base_cnn_2026-03-04_16-53-19/trial_0210_learning_rate=5.0e-03_kernel_sizes=3x3_conv_channels=64x128_fc_dims=128_seed4,cnn,0.16845413732528686,0.13415109272894052,0.022074663449847508,,,0.13709980080211298,57855,57855,46,0.5112670180239587,0,True,0.45456832695830385,0.2973138992634361,2,0.31855225563049316,0.13550518453121185,0,"[3, 3]","[64, 128]",[128],6879090,bc12u23n2,452.1,trial_0210_learning_rate=5.0e-03_kernel_sizes=3x3_conv_channels=64x128_fc_dims=128_seed4,eacf65d196,trial_0210_learning_rate=5.0e-03_kernel_sizes=3x3_conv_channels=64x128_fc_dims=128_seed4
/scratch/sb272/patterns5k_results/slurm_base_cnn_2026-03-04_16-53-19/trial_0211_learning_rate=5.0e-03_kernel_sizes=3x3_conv_channels=64x128_fc_dims=256_seed0,cnn,0.167934068441391,0.13822247145853211,0.024293284567575606,,,0.14029635636445995,82431,82431,38,0.5035164840023061,0,True,0.45456832695830385,0.2955965071166418,1,0.31855225563049316,0.1392708718776703,0,"[3, 3]","[64, 128]",[256],6879090,bc12u23n2,452.1,trial_0211_learning_rate=5.0e-03_kernel_sizes=3x3_conv_channels=64x128_fc_dims=256_seed0,920686144c,trial_0211_learning_rate=5.0e-03_kernel_sizes=3x3_conv_channels=64x128_fc_dims=256_seed0
/scratch/sb272/patterns5k_results/slurm_base_cnn_2026-03-04_16-53-19/trial_0211_learning_rate=5.0e-03_kernel_sizes=3x3_conv_channels=64x128_fc_dims=256_seed1,cnn,0.16812303555011748,0.13735571406625868,0.023590518368615046,,,0.14236663893495777,82431,82431,37,0.4940953363446941,0,True,0.45456832695830385,0.2909013370387228,1,0.31855225563049316,0.1389554738998413,0,"[3, 3]","[64, 128]",[256],6879090,bc12u23n2,454.8,trial_0211_learning_rate=5.0e-03_kernel_sizes=3x3_conv_channels=64x128_fc_dims=256_seed1,920686144c,trial_0211_learning_rate=5.0e-03_kernel_sizes=3x3_conv_channels=64x128_fc_dims=256_seed1
/scratch/sb272/patterns5k_results/slurm_base_cnn_2026-03-04_16-53-19/trial_0211_learning_rate=5.0e-03_kernel_sizes=3x3_conv_channels=64x128_fc_dims=256_seed2,cnn,0.16800415229797364,0.13908152294869117,0.02422756240481422,,,0.1358529618444175,82431,82431,35,0.5059028580909587,0,True,0.45456832695830385,0.29785331420995936,1,0.31855225563049316,0.14025156199932098,0,"[3, 3]","[64, 128]",[256],6879090,bc12u23n2,474.0,trial_0211_learning_rate=5.0e-03_kernel_sizes=3x3_conv_channels=64x128_fc_dims=256_seed2,920686144c,trial_0211_learning_rate=5.0e-03_kernel_sizes=3x3_conv_channels=64x128_fc_dims=256_seed2
/scratch/sb272/patterns5k_results/slurm_base_cnn_2026-03-04_16-53-19/trial_0211_learning_rate=5.0e-03_kernel_sizes=3x3_conv_channels=64x128_fc_dims=256_seed3,cnn,0.1682417060136795,0.13736461697437033,0.023043736578926208,,,0.13755684849127023,82431,82431,50,0.5119193931418036,0,True,0.45456832695830385,0.3002547769749019,1,0.31855225563049316,0.138727605342865,0,"[3, 3]","[64, 128]",[256],6879090,bc12u23n2,503.3,trial_0211_learning_rate=5.0e-03_kernel_sizes=3x3_conv_channels=64x128_fc_dims=256_seed3,920686144c,trial_0211_learning_rate=5.0e-03_kernel_sizes=3x3_conv_channels=64x128_fc_dims=256_seed3
/scratch/sb272/patterns5k_results/slurm_base_cnn_2026-03-04_16-53-19/trial_0211_learning_rate=5.0e-03_kernel_sizes=3x3_conv_channels=64x128_fc_dims=256_seed4,cnn,0.16844698309898376,0.13535889375401794,0.021708116644904726,,,0.1401780627231844,82431,82431,50,0.4846531018226756,0,True,0.45456832695830385,0.2870297990318065,1,0.31855225563049316,0.13654319941997528,0,"[3, 3]","[64, 128]",[256],6879090,bc12u23n2,483.9,trial_0211_learning_rate=5.0e-03_kernel_sizes=3x3_conv_channels=64x128_fc_dims=256_seed4,920686144c,trial_0211_learning_rate=5.0e-03_kernel_sizes=3x3_conv_channels=64x128_fc_dims=256_seed4
/scratch/sb272/patterns5k_results/slurm_base_cnn_2026-03-04_16-53-19/trial_0212_learning_rate=5.0e-03_kernel_sizes=3x3_conv_channels=64x128_fc_dims=512_seed0,cnn,0.16836053097248077,0.137570778276336,0.02273021520130218,,,0.1436856938856867,131583,131583,44,0.5085065888191471,0,True,0.45456832695830385,0.29793655946051667,1,0.31855225563049316,0.1388443261384964,0,"[3, 3]","[64, 128]",[512],6879090,bc12u23n2,542.0,trial_0212_learning_rate=5.0e-03_kernel_sizes=3x3_conv_channels=64x128_fc_dims=512_seed0,cf19810fc4,trial_0212_learning_rate=5.0e-03_kernel_sizes=3x3_conv_channels=64x128_fc_dims=512_seed0
/scratch/sb272/patterns5k_results/slurm_base_cnn_2026-03-04_16-53-19/trial_0212_learning_rate=5.0e-03_kernel_sizes=3x3_conv_channels=64x128_fc_dims=512_seed1,cnn,0.16824417173862458,0.13591445810577166,0.02299414078394572,,,0.144322868262778,131583,131583,36,0.5060554144286589,0,True,0.45456832695830385,0.2961343099106952,1,0.31855225563049316,0.13708610832691193,0,"[3, 3]","[64, 128]",[512],6879090,bc12u23n2,501.1,trial_0212_learning_rate=5.0e-03_kernel_sizes=3x3_conv_channels=64x128_fc_dims=512_seed1,cf19810fc4,trial_0212_learning_rate=5.0e-03_kernel_sizes=3x3_conv_channels=64x128_fc_dims=512_seed1
/scratch/sb272/patterns5k_results/slurm_base_cnn_2026-03-04_16-53-19/trial_0212_learning_rate=5.0e-03_kernel_sizes=3x3_conv_channels=64x128_fc_dims=512_seed2,cnn,0.16812318825721742,0.13883506727356465,0.02284444324553959,,,0.13720015219252119,131583,131583,37,0.5181636503232473,0,True,0.45456832695830385,0.3027711609237878,1,0.31855225563049316,0.13939671218395233,0,"[3, 3]","[64, 128]",[512],6879090,bc12u23n2,533.6,trial_0212_learning_rate=5.0e-03_kernel_sizes=3x3_conv_channels=64x128_fc_dims=512_seed2,cf19810fc4,trial_0212_learning_rate=5.0e-03_kernel_sizes=3x3_conv_channels=64x128_fc_dims=512_seed2
/scratch/sb272/patterns5k_results/slurm_base_cnn_2026-03-04_16-53-19/trial_0212_learning_rate=5.0e-03_kernel_sizes=3x3_conv_channels=64x128_fc_dims=512_seed3,cnn,0.16816462504863738,0.13756501065970628,0.023726322348155672,,,0.1385118913809299,131583,131583,35,0.5003007178847881,0,True,0.45456832695830385,0.2961279343259727,1,0.31855225563049316,0.13927966356277466,0,"[3, 3]","[64, 128]",[512],6879090,bc12u23n2,468.6,trial_0212_learning_rate=5.0e-03_kernel_sizes=3x3_conv_channels=64x128_fc_dims=512_seed3,cf19810fc4,trial_0212_learning_rate=5.0e-03_kernel_sizes=3x3_conv_channels=64x128_fc_dims=512_seed3
/scratch/sb272/patterns5k_results/slurm_base_cnn_2026-03-04_16-53-19/trial_0212_learning_rate=5.0e-03_kernel_sizes=3x3_conv_channels=64x128_fc_dims=512_seed4,cnn,0.1683353625535965,0.13749545923291565,0.021883534060584173,,,0.14178866680864866,131583,131583,41,0.5132301434261712,0,True,0.45456832695830385,0.3014006749327868,1,0.31855225563049316,0.13875918090343475,0,"[3, 3]","[64, 128]",[512],6879090,bc12u23n2,525.2,trial_0212_learning_rate=5.0e-03_kernel_sizes=3x3_conv_channels=64x128_fc_dims=512_seed4,cf19810fc4,trial_0212_learning_rate=5.0e-03_kernel_sizes=3x3_conv_channels=64x128_fc_dims=512_seed4
/scratch/sb272/patterns5k_results/slurm_base_cnn_2026-03-04_16-53-19/trial_0213_learning_rate=5.0e-03_kernel_sizes=5x3_conv_channels=128x256_fc_dims=256_seed0,cnn,0.16947222018241884,0.13416154384017223,0.01726388269000583,,,0.13684554757402403,208319,208319,24,0.4745680371344346,0,True,0.45456832695830385,0.27758159810242744,1,0.31855225563049316,0.13462619483470917,0,"[5, 3]","[128, 256]",[256],6879090,bc12u23n2,460.0,trial_0213_learning_rate=5.0e-03_kernel_sizes=5x3_conv_channels=128x256_fc_dims=256_seed0,00aea54a59,trial_0213_learning_rate=5.0e-03_kernel_sizes=5x3_conv_channels=128x256_fc_dims=256_seed0
/scratch/sb272/patterns5k_results/slurm_base_cnn_2026-03-04_16-53-19/trial_0213_learning_rate=5.0e-03_kernel_sizes=5x3_conv_channels=128x256_fc_dims=256_seed1,cnn,0.1695079731941223,0.13184496696501402,0.016746043212830075,,,0.13853268259200271,208319,208319,24,0.47340358273499317,0,True,0.45456832695830385,0.2777716284476049,1,0.31855225563049316,0.1325860172510147,0,"[5, 3]","[128, 256]",[256],6879090,bc12u23n2,452.9,trial_0213_learning_rate=5.0e-03_kernel_sizes=5x3_conv_channels=128x256_fc_dims=256_seed1,00aea54a59,trial_0213_learning_rate=5.0e-03_kernel_sizes=5x3_conv_channels=128x256_fc_dims=256_seed1
/scratch/sb272/patterns5k_results/slurm_base_cnn_2026-03-04_16-53-19/trial_0213_learning_rate=5.0e-03_kernel_sizes=5x3_conv_channels=128x256_fc_dims=256_seed2,cnn,0.16924933075904847,0.13247681659531796,0.01786825202760242,,,0.13247961094431343,208319,208319,28,0.5112941943875049,0,True,0.45456832695830385,0.29555006819243473,2,0.31855225563049316,0.13349343836307526,0,"[5, 3]","[128, 256]",[256],6879090,bc12u23n2,552.5,trial_0213_learning_rate=5.0e-03_kernel_sizes=5x3_conv_channels=128x256_fc_dims=256_seed2,00aea54a59,trial_0213_learning_rate=5.0e-03_kernel_sizes=5x3_conv_channels=128x256_fc_dims=256_seed2
/scratch/sb272/patterns5k_results/slurm_base_cnn_2026-03-04_16-53-19/trial_0213_learning_rate=5.0e-03_kernel_sizes=5x3_conv_channels=128x256_fc_dims=256_seed3,cnn,0.16980203199386595,0.13196168128124258,0.01626918902472844,,,0.13452689765704925,208319,208319,24,0.45754093452281397,0,True,0.45456832695830385,0.27221967546222015,0,0.31855225563049316,0.13319385051727295,0,"[5, 3]","[128, 256]",[256],6879090,bc12u23n2,462.7,trial_0213_learning_rate=5.0e-03_kernel_sizes=5x3_conv_channels=128x256_fc_dims=256_seed3,00aea54a59,trial_0213_learning_rate=5.0e-03_kernel_sizes=5x3_conv_channels=128x256_fc_dims=256_seed3
/scratch/sb272/patterns5k_results/slurm_base_cnn_2026-03-04_16-53-19/trial_0213_learning_rate=5.0e-03_kernel_sizes=5x3_conv_channels=128x256_fc_dims=256_seed4,cnn,0.16947590124607087,0.13209741913410622,0.017422132075779022,,,0.13566646106741445,208319,208319,28,0.5152568589461675,0,True,0.45456832695830385,0.29893915721976777,1,0.31855225563049316,0.13329961895942688,0,"[5, 3]","[128, 256]",[256],6879090,bc12u23n2,490.2,trial_0213_learning_rate=5.0e-03_kernel_sizes=5x3_conv_channels=128x256_fc_dims=256_seed4,00aea54a59,trial_0213_learning_rate=5.0e-03_kernel_sizes=5x3_conv_channels=128x256_fc_dims=256_seed4
/scratch/sb272/patterns5k_results/slurm_base_cnn_2026-03-04_16-53-19/trial_0214_learning_rate=5.0e-03_kernel_sizes=5x3_conv_channels=128x256_fc_dims=512_seed0,cnn,0.16898140633106232,0.13560503690864043,0.020205063479287282,,,0.13926689491481808,290239,290239,22,0.5033134075626332,0,True,0.45456832695830385,0.2942850604017285,2,0.31855225563049316,0.13659733533859253,0,"[5, 3]","[128, 256]",[512],6879090,bc12u23n2,445.8,trial_0214_learning_rate=5.0e-03_kernel_sizes=5x3_conv_channels=128x256_fc_dims=512_seed0,647014f4f2,trial_0214_learning_rate=5.0e-03_kernel_sizes=5x3_conv_channels=128x256_fc_dims=512_seed0
/scratch/sb272/patterns5k_results/slurm_base_cnn_2026-03-04_16-53-19/trial_0214_learning_rate=5.0e-03_kernel_sizes=5x3_conv_channels=128x256_fc_dims=512_seed1,cnn,0.16872213816642762,0.1352989172736187,0.02066943948231046,,,0.13976754069689457,290239,290239,19,0.5018000751310291,0,True,0.45456832695830385,0.2921955613112311,2,0.31855225563049316,0.13648982346057892,0,"[5, 3]","[128, 256]",[512],6879090,bc12u23n2,419.7,trial_0214_learning_rate=5.0e-03_kernel_sizes=5x3_conv_channels=128x256_fc_dims=512_seed1,647014f4f2,trial_0214_learning_rate=5.0e-03_kernel_sizes=5x3_conv_channels=128x256_fc_dims=512_seed1
/scratch/sb272/patterns5k_results/slurm_base_cnn_2026-03-04_16-53-19/trial_0214_learning_rate=5.0e-03_kernel_sizes=5x3_conv_channels=128x256_fc_dims=512_seed2,cnn,0.16828546857833862,0.13577996762751382,0.022878524802979968,,,0.13324199195356926,290239,290239,19,0.5053285216361441,0,True,0.45456832695830385,0.29415397002701243,2,0.31855225563049316,0.13704319298267365,0,"[5, 3]","[128, 256]",[512],6879090,bc12u23n2,413.2,trial_0214_learning_rate=5.0e-03_kernel_sizes=5x3_conv_channels=128x256_fc_dims=512_seed2,647014f4f2,trial_0214_learning_rate=5.0e-03_kernel_sizes=5x3_conv_channels=128x256_fc_dims=512_seed2
/scratch/sb272/patterns5k_results/slurm_base_cnn_2026-03-04_16-53-19/trial_0214_learning_rate=5.0e-03_kernel_sizes=5x3_conv_channels=128x256_fc_dims=512_seed3,cnn,0.1688531358242035,0.13034880529456683,0.019771912741282628,,,0.1342697413322617,290239,290239,21,0.49597174946058675,0,True,0.45456832695830385,0.2871318041711045,1,0.31855225563049316,0.13080066442489624,0,"[5, 3]","[128, 256]",[512],6879090,bc12u23n2,427.8,trial_0214_learning_rate=5.0e-03_kernel_sizes=5x3_conv_channels=128x256_fc_dims=512_seed3,647014f4f2,trial_0214_learning_rate=5.0e-03_kernel_sizes=5x3_conv_channels=128x256_fc_dims=512_seed3
/scratch/sb272/patterns5k_results/slurm_base_cnn_2026-03-04_16-53-19/trial_0214_learning_rate=5.0e-03_kernel_sizes=5x3_conv_channels=128x256_fc_dims=512_seed4,cnn,0.16914464926719666,0.13502925236264804,0.018849024696955607,,,0.13701237309625028,290239,290239,25,0.5060726057266297,0,True,0.45456832695830385,0.2946121182345884,1,0.31855225563049316,0.13637442886829376,0,"[5, 3]","[128, 256]",[512],6879090,bc12u23n2,469.7,trial_0214_learning_rate=5.0e-03_kernel_sizes=5x3_conv_channels=128x256_fc_dims=512_seed4,647014f4f2,trial_0214_learning_rate=5.0e-03_kernel_sizes=5x3_conv_channels=128x256_fc_dims=512_seed4
/scratch/sb272/patterns5k_results/slurm_base_cnn_2026-03-04_16-53-19/trial_0215_learning_rate=5.0e-03_kernel_sizes=5x3_conv_channels=128x256_fc_dims=1024_seed0,cnn,0.16896213710308075,0.1389435780676359,0.019700916986616832,,,0.13970943570010097,454079,454079,23,0.49403329697013804,0,True,0.45456832695830385,0.2910108903599473,1,0.31855225563049316,0.13982002437114716,0,"[5, 3]","[128, 256]",[1024],6879090,bc12u23n2,517.2,trial_0215_learning_rate=5.0e-03_kernel_sizes=5x3_conv_channels=128x256_fc_dims=1024_seed0,08f60f9ec6,trial_0215_learning_rate=5.0e-03_kernel_sizes=5x3_conv_channels=128x256_fc_dims=1024_seed0
/scratch/sb272/patterns5k_results/slurm_base_cnn_2026-03-04_16-53-19/trial_0215_learning_rate=5.0e-03_kernel_sizes=5x3_conv_channels=128x256_fc_dims=1024_seed1,cnn,0.1687476624250412,0.13515401367461694,0.02075982093811035,,,0.14057505484421626,454079,454079,20,0.49762551811741884,0,True,0.45456832695830385,0.2924653558509454,1,0.31855225563049316,0.13580915331840515,0,"[5, 3]","[128, 256]",[1024],6879090,bc12u23n2,482.3,trial_0215_learning_rate=5.0e-03_kernel_sizes=5x3_conv_channels=128x256_fc_dims=1024_seed1,08f60f9ec6,trial_0215_learning_rate=5.0e-03_kernel_sizes=5x3_conv_channels=128x256_fc_dims=1024_seed1
/scratch/sb272/patterns5k_results/slurm_base_cnn_2026-03-04_16-53-19/trial_0215_learning_rate=5.0e-03_kernel_sizes=5x3_conv_channels=128x256_fc_dims=1024_seed2,cnn,0.16849354338645936,0.137594625034522,0.02102961615910606,,,0.13381874625084036,454079,454079,28,0.5222486553659181,0,True,0.45456832695830385,0.3045438062198482,1,0.31855225563049316,0.13856010138988495,0,"[5, 3]","[128, 256]",[1024],6879090,bc12u23n2,571.1,trial_0215_learning_rate=5.0e-03_kernel_sizes=5x3_conv_channels=128x256_fc_dims=1024_seed2,08f60f9ec6,trial_0215_learning_rate=5.0e-03_kernel_sizes=5x3_conv_channels=128x256_fc_dims=1024_seed2
/scratch/sb272/patterns5k_results/slurm_base_cnn_2026-03-04_16-53-19/trial_0215_learning_rate=5.0e-03_kernel_sizes=5x3_conv_channels=128x256_fc_dims=1024_seed3,cnn,0.16852345371246338,0.13479986427790153,0.021936366482386515,,,0.13588341174177052,454079,454079,20,0.48045297584244356,0,True,0.45456832695830385,0.28302177532063877,1,0.31855225563049316,0.13585932552814484,0,"[5, 3]","[128, 256]",[1024],6879090,bc12u23n2,480.5,trial_0215_learning_rate=5.0e-03_kernel_sizes=5x3_conv_channels=128x256_fc_dims=1024_seed3,08f60f9ec6,trial_0215_learning_rate=5.0e-03_kernel_sizes=5x3_conv_channels=128x256_fc_dims=1024_seed3
/scratch/sb272/patterns5k_results/slurm_base_cnn_2026-03-04_16-53-19/trial_0215_learning_rate=5.0e-03_kernel_sizes=5x3_conv_channels=128x256_fc_dims=1024_seed4,cnn,0.16856780004501343,0.13530688837488872,0.021764908518110002,,,0.1370569747337542,454079,454079,24,0.4884643603930709,0,True,0.45456832695830385,0.28666967241635677,1,0.31855225563049316,0.136145681142807,0,"[5, 3]","[128, 256]",[1024],6879090,bc12u23n2,520.8,trial_0215_learning_rate=5.0e-03_kernel_sizes=5x3_conv_channels=128x256_fc_dims=1024_seed4,08f60f9ec6,trial_0215_learning_rate=5.0e-03_kernel_sizes=5x3_conv_channels=128x256_fc_dims=1024_seed4
/scratch/sb272/patterns5k_results/slurm_base_cnn_2026-03-04_16-53-19/trial_0216_learning_rate=5.0e-03_kernel_sizes=3x3x3_conv_channels=32x64x128_fc_dims=128_seed0,cnn,0.16813946533203125,0.13385444747216674,0.02215992458282955,,,0.13978033732924783,60063,60063,50,0.48096267821618777,0,True,0.45456832695830385,0.2786749749396733,1,0.31855225563049316,0.13473789393901825,0,"[3, 3, 3]","[32, 64, 128]",[128],6879090,bc12u23n2,466.8,trial_0216_learning_rate=5.0e-03_kernel_sizes=3x3x3_conv_channels=32x64x128_fc_dims=128_seed0,391704a5b6,trial_0216_learning_rate=5.0e-03_kernel_sizes=3x3x3_conv_channels=32x64x128_fc_dims=128_seed0
/scratch/sb272/patterns5k_results/slurm_base_cnn_2026-03-04_16-53-19/trial_0216_learning_rate=5.0e-03_kernel_sizes=3x3x3_conv_channels=32x64x128_fc_dims=128_seed1,cnn,0.16824906158447267,0.13503994853792836,0.02168353871693687,,,0.14156550298910756,60063,60063,50,0.4811744659102688,0,True,0.45456832695830385,0.2799009487439614,1,0.31855225563049316,0.13620494306087494,0,"[3, 3, 3]","[32, 64, 128]",[128],6879090,bc12u23n2,492.1,trial_0216_learning_rate=5.0e-03_kernel_sizes=3x3x3_conv_channels=32x64x128_fc_dims=128_seed1,391704a5b6,trial_0216_learning_rate=5.0e-03_kernel_sizes=3x3x3_conv_channels=32x64x128_fc_dims=128_seed1
/scratch/sb272/patterns5k_results/slurm_base_cnn_2026-03-04_16-53-19/trial_0216_learning_rate=5.0e-03_kernel_sizes=3x3x3_conv_channels=32x64x128_fc_dims=128_seed2,cnn,0.16798302006721497,0.13630530315077224,0.02265877193874783,,,0.13205589103506818,60063,60063,50,0.48678443805481525,0,True,0.45456832695830385,0.28375112390082086,1,0.31855225563049316,0.1379164755344391,0,"[3, 3, 3]","[32, 64, 128]",[128],6879090,bc12u23n2,497.9,trial_0216_learning_rate=5.0e-03_kernel_sizes=3x3x3_conv_channels=32x64x128_fc_dims=128_seed2,391704a5b6,trial_0216_learning_rate=5.0e-03_kernel_sizes=3x3x3_conv_channels=32x64x128_fc_dims=128_seed2
/scratch/sb272/patterns5k_results/slurm_base_cnn_2026-03-04_16-53-19/trial_0216_learning_rate=5.0e-03_kernel_sizes=3x3x3_conv_channels=32x64x128_fc_dims=128_seed3,cnn,0.1679390470981598,0.136204052230855,0.02289904583068121,,,0.1365710586701518,60063,60063,50,0.5030817386693227,0,True,0.45456832695830385,0.2931303687567589,1,0.31855225563049316,0.13733002543449402,0,"[3, 3, 3]","[32, 64, 128]",[128],6879090,bc12u23n2,484.6,trial_0216_learning_rate=5.0e-03_kernel_sizes=3x3x3_conv_channels=32x64x128_fc_dims=128_seed3,391704a5b6,trial_0216_learning_rate=5.0e-03_kernel_sizes=3x3x3_conv_channels=32x64x128_fc_dims=128_seed3
/scratch/sb272/patterns5k_results/slurm_base_cnn_2026-03-04_16-53-19/trial_0216_learning_rate=5.0e-03_kernel_sizes=3x3x3_conv_channels=32x64x128_fc_dims=128_seed4,cnn,0.16837111020088197,0.1312230638193677,0.02092899973430331,,,0.13867964970308058,60063,60063,50,0.47251749086817585,0,True,0.45456832695830385,0.275763745402844,1,0.31855225563049316,0.1318938136100769,0,"[3, 3, 3]","[32, 64, 128]",[128],6879090,bc12u23n2,484.6,trial_0216_learning_rate=5.0e-03_kernel_sizes=3x3x3_conv_channels=32x64x128_fc_dims=128_seed4,391704a5b6,trial_0216_learning_rate=5.0e-03_kernel_sizes=3x3x3_conv_channels=32x64x128_fc_dims=128_seed4
/scratch/sb272/patterns5k_results/slurm_base_cnn_2026-03-04_16-53-19/trial_0217_learning_rate=5.0e-03_kernel_sizes=3x3x3_conv_channels=32x64x128_fc_dims=256_seed0,cnn,0.16763695693016054,0.13989434349679247,0.023821620714096797,,,0.14328295894750845,84639,84639,50,0.48722327484605965,0,True,0.45456832695830385,0.28350621733045794,1,0.31855225563049316,0.1408981829881668,0,"[3, 3, 3]","[32, 64, 128]",[256],6879090,bc12u23n2,496.3,trial_0217_learning_rate=5.0e-03_kernel_sizes=3x3x3_conv_channels=32x64x128_fc_dims=256_seed0,0534624f31,trial_0217_learning_rate=5.0e-03_kernel_sizes=3x3x3_conv_channels=32x64x128_fc_dims=256_seed0
/scratch/sb272/patterns5k_results/slurm_base_cnn_2026-03-04_16-53-19/trial_0217_learning_rate=5.0e-03_kernel_sizes=3x3x3_conv_channels=32x64x128_fc_dims=256_seed1,cnn,0.16822684502601623,0.13486928943921078,0.021804870121062747,,,0.14335353048261273,84639,84639,50,0.46840800055082815,0,True,0.45456832695830385,0.276734008364118,1,0.31855225563049316,0.13584120571613312,0,"[3, 3, 3]","[32, 64, 128]",[256],6879090,bc12u23n2,498.5,trial_0217_learning_rate=5.0e-03_kernel_sizes=3x3x3_conv_channels=32x64x128_fc_dims=256_seed1,0534624f31,trial_0217_learning_rate=5.0e-03_kernel_sizes=3x3x3_conv_channels=32x64x128_fc_dims=256_seed1
/scratch/sb272/patterns5k_results/slurm_base_cnn_2026-03-04_16-53-19/trial_0220_learning_rate=5.0e-03_kernel_sizes=5x3x3_conv_channels=64x128x256_fc_dims=1024_seed0,cnn,0.16795611214637757,0.13864633631361378,0.02307202418645223,,,0.14481066686561242,465407,465407,40,0.4917286706582852,0,True,0.45456832695830385,0.28417414096884097,2,0.31855225563049316,0.13943709433078766,0,"[5, 3, 3]","[64, 128, 256]",[1024],6879284,bc12u23n3,761.0,trial_0220_learning_rate=5.0e-03_kernel_sizes=5x3x3_conv_channels=64x128x256_fc_dims=1024_seed0,c2ba8c92d0,trial_0220_learning_rate=5.0e-03_kernel_sizes=5x3x3_conv_channels=64x128x256_fc_dims=1024_seed0
/scratch/sb272/patterns5k_results/slurm_base_cnn_2026-03-04_16-53-19/trial_0220_learning_rate=5.0e-03_kernel_sizes=5x3x3_conv_channels=64x128x256_fc_dims=1024_seed1,cnn,0.16782497942447663,0.14262370197814975,0.024869217759086973,,,0.14720759546558146,465407,465407,37,0.4989906085936742,0,True,0.45456832695830385,0.28921742405631684,1,0.31855225563049316,0.14392252266407013,0,"[5, 3, 3]","[64, 128, 256]",[1024],6879284,bc12u23n3,723.4,trial_0220_learning_rate=5.0e-03_kernel_sizes=5x3x3_conv_channels=64x128x256_fc_dims=1024_seed1,c2ba8c92d0,trial_0220_learning_rate=5.0e-03_kernel_sizes=5x3x3_conv_channels=64x128x256_fc_dims=1024_seed1
/scratch/sb272/patterns5k_results/slurm_base_cnn_2026-03-04_16-53-19/trial_0220_learning_rate=5.0e-03_kernel_sizes=5x3x3_conv_channels=64x128x256_fc_dims=1024_seed2,cnn,0.1681517744064331,0.13857781424853133,0.02282682676163931,,,0.13677376554016338,465407,465407,44,0.50802374541176,0,True,0.45456832695830385,0.2935432890901301,1,0.31855225563049316,0.13972531259059906,0,"[5, 3, 3]","[64, 128, 256]",[1024],6879284,bc12u23n3,809.8,trial_0220_learning_rate=5.0e-03_kernel_sizes=5x3x3_conv_channels=64x128x256_fc_dims=1024_seed2,c2ba8c92d0,trial_0220_learning_rate=5.0e-03_kernel_sizes=5x3x3_conv_channels=64x128x256_fc_dims=1024_seed2
/scratch/sb272/patterns5k_results/slurm_base_cnn_2026-03-04_16-53-19/trial_0220_learning_rate=5.0e-03_kernel_sizes=5x3x3_conv_channels=64x128x256_fc_dims=1024_seed3,cnn,0.16876843917369844,0.13547941460192256,0.019229904053703187,,,0.1402354470492887,465407,465407,48,0.5001435916214471,0,True,0.45456832695830385,0.2901625853452579,1,0.31855225563049316,0.1369122564792633,0,"[5, 3, 3]","[64, 128, 256]",[1024],6879284,bc12u23n3,867.2,trial_0220_learning_rate=5.0e-03_kernel_sizes=5x3x3_conv_channels=64x128x256_fc_dims=1024_seed3,c2ba8c92d0,trial_0220_learning_rate=5.0e-03_kernel_sizes=5x3x3_conv_channels=64x128x256_fc_dims=1024_seed3
/scratch/sb272/patterns5k_results/slurm_base_cnn_2026-03-04_16-53-19/trial_0220_learning_rate=5.0e-03_kernel_sizes=5x3x3_conv_channels=64x128x256_fc_dims=1024_seed4,cnn,0.16795210337638855,0.1405185614143034,0.02344958744351826,,,0.14326780006163883,465407,465407,44,0.4825579181644744,0,True,0.45456832695830385,0.27980623849812136,1,0.31855225563049316,0.1415613442659378,0,"[5, 3, 3]","[64, 128, 256]",[1024],6879284,bc12u23n3,818.0,trial_0220_learning_rate=5.0e-03_kernel_sizes=5x3x3_conv_channels=64x128x256_fc_dims=1024_seed4,c2ba8c92d0,trial_0220_learning_rate=5.0e-03_kernel_sizes=5x3x3_conv_channels=64x128x256_fc_dims=1024_seed4
/scratch/sb272/patterns5k_results/slurm_base_cnn_2026-03-04_16-53-19/trial_0221_learning_rate=5.0e-03_kernel_sizes=3x3x3_conv_channels=128x128x128_fc_dims=256_seed0,cnn,0.16947569680213928,0.12587639524798885,0.016457142337920175,,,0.1351531431683406,164799,164799,28,0.4232157750743704,0,True,0.45456832695830385,0.2511650858312892,0,0.31855225563049316,0.12620383501052856,0,"[3, 3, 3]","[128, 128, 128]",[256],6879284,bc12u23n3,454.1,trial_0221_learning_rate=5.0e-03_kernel_sizes=3x3x3_conv_channels=128x128x128_fc_dims=256_seed0,5a3db91fd7,trial_0221_learning_rate=5.0e-03_kernel_sizes=3x3x3_conv_channels=128x128x128_fc_dims=256_seed0
/scratch/sb272/patterns5k_results/slurm_base_cnn_2026-03-04_16-53-19/trial_0221_learning_rate=5.0e-03_kernel_sizes=3x3x3_conv_channels=128x128x128_fc_dims=256_seed1,cnn,0.16860615849494934,0.1328962315339679,0.021291446118127732,,,0.13866512184735974,164799,164799,25,0.4739463128829783,0,True,0.45456832695830385,0.2756902084663951,1,0.31855225563049316,0.1336793154478073,0,"[3, 3, 3]","[128, 128, 128]",[256],6879284,bc12u23n3,423.8,trial_0221_learning_rate=5.0e-03_kernel_sizes=3x3x3_conv_channels=128x128x128_fc_dims=256_seed1,5a3db91fd7,trial_0221_learning_rate=5.0e-03_kernel_sizes=3x3x3_conv_channels=128x128x128_fc_dims=256_seed1
/scratch/sb272/patterns5k_results/slurm_base_cnn_2026-03-04_16-53-19/trial_0221_learning_rate=5.0e-03_kernel_sizes=3x3x3_conv_channels=128x128x128_fc_dims=256_seed2,cnn,0.16878861927986144,0.13002958712009763,0.019409843853541782,,,0.13225522230046347,164799,164799,30,0.46086960448596787,0,True,0.45456832695830385,0.2714409087091281,2,0.31855225563049316,0.13060112297534943,0,"[3, 3, 3]","[128, 128, 128]",[256],6879284,bc12u23n3,462.2,trial_0221_learning_rate=5.0e-03_kernel_sizes=3x3x3_conv_channels=128x128x128_fc_dims=256_seed2,5a3db91fd7,trial_0221_learning_rate=5.0e-03_kernel_sizes=3x3x3_conv_channels=128x128x128_fc_dims=256_seed2
/scratch/sb272/patterns5k_results/slurm_base_cnn_2026-03-04_16-53-19/trial_0221_learning_rate=5.0e-03_kernel_sizes=3x3x3_conv_channels=128x128x128_fc_dims=256_seed3,cnn,0.16877112197875976,0.13353451987958498,0.02102173604662456,,,0.13402639654142323,164799,164799,26,0.48171758118309654,0,True,0.45456832695830385,0.2820063823820894,1,0.31855225563049316,0.13492032885551453,0,"[3, 3, 3]","[128, 128, 128]",[256],6879284,bc12u23n3,426.8,trial_0221_learning_rate=5.0e-03_kernel_sizes=3x3x3_conv_channels=128x128x128_fc_dims=256_seed3,5a3db91fd7,trial_0221_learning_rate=5.0e-03_kernel_sizes=3x3x3_conv_channels=128x128x128_fc_dims=256_seed3
/scratch/sb272/patterns5k_results/slurm_base_cnn_2026-03-04_16-53-19/trial_0221_learning_rate=5.0e-03_kernel_sizes=3x3x3_conv_channels=128x128x128_fc_dims=256_seed4,cnn,0.1689412101507187,0.13041377696528386,0.02110574926648821,,,0.13522485474700796,164799,164799,32,0.5018782786796218,0,True,0.45456832695830385,0.2899470014808737,2,0.31855225563049316,0.13132230937480927,0,"[3, 3, 3]","[128, 128, 128]",[256],6879284,bc12u23n3,471.0,trial_0221_learning_rate=5.0e-03_kernel_sizes=3x3x3_conv_channels=128x128x128_fc_dims=256_seed4,5a3db91fd7,trial_0221_learning_rate=5.0e-03_kernel_sizes=3x3x3_conv_channels=128x128x128_fc_dims=256_seed4
/scratch/sb272/patterns5k_results/slurm_base_cnn_2026-03-04_16-53-19/trial_0222_learning_rate=5.0e-03_kernel_sizes=3x3x3_conv_channels=128x128x128_fc_dims=512_seed0,cnn,0.1684076074361801,0.13418203272808524,0.02200030902075389,,,0.1385535229614808,213951,213951,26,0.47894138109078266,0,True,0.45456832695830385,0.28057799887809093,1,0.31855225563049316,0.13492652773857117,0,"[3, 3, 3]","[128, 128, 128]",[512],6879284,bc12u23n3,453.8,trial_0222_learning_rate=5.0e-03_kernel_sizes=3x3x3_conv_channels=128x128x128_fc_dims=512_seed0,f455268a36,trial_0222_learning_rate=5.0e-03_kernel_sizes=3x3x3_conv_channels=128x128x128_fc_dims=512_seed0
/scratch/sb272/patterns5k_results/slurm_base_cnn_2026-03-04_16-53-19/trial_0222_learning_rate=5.0e-03_kernel_sizes=3x3x3_conv_channels=128x128x128_fc_dims=512_seed1,cnn,0.16849643051624297,0.13485185067988248,0.02219686054048084,,,0.14183730729080257,213951,213951,29,0.4960698490993483,0,True,0.45456832695830385,0.2868741351595492,1,0.31855225563049316,0.13590900599956512,0,"[3, 3, 3]","[128, 128, 128]",[512],6879284,bc12u23n3,479.4,trial_0222_learning_rate=5.0e-03_kernel_sizes=3x3x3_conv_channels=128x128x128_fc_dims=512_seed1,f455268a36,trial_0222_learning_rate=5.0e-03_kernel_sizes=3x3x3_conv_channels=128x128x128_fc_dims=512_seed1
/scratch/sb272/patterns5k_results/slurm_base_cnn_2026-03-04_16-53-19/trial_0222_learning_rate=5.0e-03_kernel_sizes=3x3x3_conv_channels=128x128x128_fc_dims=512_seed2,cnn,0.16885755503177644,0.13203063550299715,0.021918737699115086,,,0.13394056946203006,213951,213951,31,0.4735882514352897,0,True,0.45456832695830385,0.2771811619970485,2,0.31855225563049316,0.13329924643039703,0,"[3, 3, 3]","[128, 128, 128]",[512],6879284,bc12u23n3,494.3,trial_0222_learning_rate=5.0e-03_kernel_sizes=3x3x3_conv_channels=128x128x128_fc_dims=512_seed2,f455268a36,trial_0222_learning_rate=5.0e-03_kernel_sizes=3x3x3_conv_channels=128x128x128_fc_dims=512_seed2
/scratch/sb272/patterns5k_results/slurm_base_cnn_2026-03-04_16-53-19/trial_0222_learning_rate=5.0e-03_kernel_sizes=3x3x3_conv_channels=128x128x128_fc_dims=512_seed3,cnn,0.16867088782787323,0.13376852813268883,0.02141020695368449,,,0.13422997969017172,213951,213951,28,0.4694552208623335,0,True,0.45456832695830385,0.27693590932034057,1,0.31855225563049316,0.13504263758659363,0,"[3, 3, 3]","[128, 128, 128]",[512],6879284,bc12u23n3,458.6,trial_0222_learning_rate=5.0e-03_kernel_sizes=3x3x3_conv_channels=128x128x128_fc_dims=512_seed3,f455268a36,trial_0222_learning_rate=5.0e-03_kernel_sizes=3x3x3_conv_channels=128x128x128_fc_dims=512_seed3
/scratch/sb272/patterns5k_results/slurm_base_cnn_2026-03-04_16-53-19/trial_0222_learning_rate=5.0e-03_kernel_sizes=3x3x3_conv_channels=128x128x128_fc_dims=512_seed4,cnn,0.1684853287935257,0.13538729304154737,0.022315432154943072,,,0.13868351764024517,213951,213951,38,0.5095927610301892,0,True,0.45456832695830385,0.297481598704754,1,0.31855225563049316,0.13627786934375763,0,"[3, 3, 3]","[128, 128, 128]",[512],6879284,bc12u23n3,541.6,trial_0222_learning_rate=5.0e-03_kernel_sizes=3x3x3_conv_channels=128x128x128_fc_dims=512_seed4,f455268a36,trial_0222_learning_rate=5.0e-03_kernel_sizes=3x3x3_conv_channels=128x128x128_fc_dims=512_seed4
/scratch/sb272/patterns5k_results/slurm_base_cnn_2026-03-04_16-53-19/trial_0223_learning_rate=5.0e-03_kernel_sizes=3x3x3_conv_channels=256x256x256_fc_dims=512_seed0,cnn,0.1693308788537979,0.13082942136440157,0.019985916122557627,,,0.13394297331428978,591679,591679,25,0.47527371500639143,0,True,0.45456832695830385,0.27907585339858626,1,0.31855225563049316,0.13197967410087585,0,"[3, 3, 3]","[256, 256, 256]",[512],6879284,bc12u23n3,612.7,trial_0223_learning_rate=5.0e-03_kernel_sizes=3x3x3_conv_channels=256x256x256_fc_dims=512_seed0,3bdd24cc04,trial_0223_learning_rate=5.0e-03_kernel_sizes=3x3x3_conv_channels=256x256x256_fc_dims=512_seed0
/scratch/sb272/patterns5k_results/slurm_base_cnn_2026-03-04_16-53-19/trial_0223_learning_rate=5.0e-03_kernel_sizes=3x3x3_conv_channels=256x256x256_fc_dims=512_seed1,cnn,0.16953402256965638,0.1300952039106985,0.01738891147431873,,,0.13787062375358722,591679,591679,23,0.44635436911793563,0,True,0.45456832695830385,0.2627503152882869,1,0.31855225563049316,0.13086389005184174,0,"[3, 3, 3]","[256, 256, 256]",[512],6879284,bc12u23n3,589.3,trial_0223_learning_rate=5.0e-03_kernel_sizes=3x3x3_conv_channels=256x256x256_fc_dims=512_seed1,3bdd24cc04,trial_0223_learning_rate=5.0e-03_kernel_sizes=3x3x3_conv_channels=256x256x256_fc_dims=512_seed1
/scratch/sb272/patterns5k_results/slurm_base_cnn_2026-03-04_16-53-19/trial_0223_learning_rate=5.0e-03_kernel_sizes=3x3x3_conv_channels=256x256x256_fc_dims=512_seed2,cnn,0.16863340187072753,0.13490491665789017,0.01935454115035042,,,0.12966483133424217,591679,591679,25,0.49845586952315557,0,True,0.45456832695830385,0.2918261337591362,1,0.31855225563049316,0.1364239603281021,0,"[3, 3, 3]","[256, 256, 256]",[512],6879284,bc12u23n3,618.8,trial_0223_learning_rate=5.0e-03_kernel_sizes=3x3x3_conv_channels=256x256x256_fc_dims=512_seed2,3bdd24cc04,trial_0223_learning_rate=5.0e-03_kernel_sizes=3x3x3_conv_channels=256x256x256_fc_dims=512_seed2
/scratch/sb272/patterns5k_results/slurm_base_cnn_2026-03-04_16-53-19/trial_0223_learning_rate=5.0e-03_kernel_sizes=3x3x3_conv_channels=256x256x256_fc_dims=512_seed3,cnn,0.16887268459796906,0.12887908935875583,0.019280668288942367,,,0.13138192785459643,591679,591679,22,0.46398034782204767,0,True,0.45456832695830385,0.27219427075784014,1,0.31855225563049316,0.129811629652977,0,"[3, 3, 3]","[256, 256, 256]",[512],6879284,bc12u23n3,563.4,trial_0223_learning_rate=5.0e-03_kernel_sizes=3x3x3_conv_channels=256x256x256_fc_dims=512_seed3,3bdd24cc04,trial_0223_learning_rate=5.0e-03_kernel_sizes=3x3x3_conv_channels=256x256x256_fc_dims=512_seed3
/scratch/sb272/patterns5k_results/slurm_base_cnn_2026-03-04_16-53-19/trial_0223_learning_rate=5.0e-03_kernel_sizes=3x3x3_conv_channels=256x256x256_fc_dims=512_seed4,cnn,0.16944126427173614,0.12910310122889926,0.0195405435940576,,,0.13300895569792476,591679,591679,24,0.42905604001704395,0,True,0.45456832695830385,0.2524362902198823,1,0.31855225563049316,0.1295132040977478,0,"[3, 3, 3]","[256, 256, 256]",[512],6879284,bc12u23n3,591.9,trial_0223_learning_rate=5.0e-03_kernel_sizes=3x3x3_conv_channels=256x256x256_fc_dims=512_seed4,3bdd24cc04,trial_0223_learning_rate=5.0e-03_kernel_sizes=3x3x3_conv_channels=256x256x256_fc_dims=512_seed4
/scratch/sb272/patterns5k_results/slurm_base_cnn_2026-03-04_16-53-19/trial_0224_learning_rate=5.0e-03_kernel_sizes=3x3x3_conv_channels=256x256x256_fc_dims=1024_seed0,cnn,0.16870180487632752,0.13214097077518425,0.02048589785893758,,,0.1358846054956867,755519,755519,22,0.4790717551099511,0,True,0.45456832695830385,0.28048805077102373,1,0.31855225563049316,0.1329624205827713,0,"[3, 3, 3]","[256, 256, 256]",[1024],6879284,bc12u23n3,642.7,trial_0224_learning_rate=5.0e-03_kernel_sizes=3x3x3_conv_channels=256x256x256_fc_dims=1024_seed0,58fddd8d70,trial_0224_learning_rate=5.0e-03_kernel_sizes=3x3x3_conv_channels=256x256x256_fc_dims=1024_seed0
/scratch/sb272/patterns5k_results/slurm_base_cnn_2026-03-04_16-53-19/trial_0224_learning_rate=5.0e-03_kernel_sizes=3x3x3_conv_channels=256x256x256_fc_dims=1024_seed1,cnn,0.16883740854263304,0.13377215299941939,0.02113773330809578,,,0.1402427637326506,755519,755519,22,0.455329339604867,0,True,0.45456832695830385,0.2680371229930682,1,0.31855225563049316,0.13462069630622864,0,"[3, 3, 3]","[256, 256, 256]",[1024],6879284,bc12u23n3,646.1,trial_0224_learning_rate=5.0e-03_kernel_sizes=3x3x3_conv_channels=256x256x256_fc_dims=1024_seed1,58fddd8d70,trial_0224_learning_rate=5.0e-03_kernel_sizes=3x3x3_conv_channels=256x256x256_fc_dims=1024_seed1
/scratch/sb272/patterns5k_results/slurm_base_cnn_2026-03-04_16-53-19/trial_0224_learning_rate=5.0e-03_kernel_sizes=3x3x3_conv_channels=256x256x256_fc_dims=1024_seed2,cnn,0.16916576266288758,0.12952044165805357,0.01853343607887389,,,0.1309911511545276,755519,755519,25,0.4560185796638206,0,True,0.45456832695830385,0.26749954831317363,2,0.31855225563049316,0.13007164001464844,0,"[3, 3, 3]","[256, 256, 256]",[1024],6879284,bc12u23n3,679.7,trial_0224_learning_rate=5.0e-03_kernel_sizes=3x3x3_conv_channels=256x256x256_fc_dims=1024_seed2,58fddd8d70,trial_0224_learning_rate=5.0e-03_kernel_sizes=3x3x3_conv_channels=256x256x256_fc_dims=1024_seed2
/scratch/sb272/patterns5k_results/slurm_base_cnn_2026-03-04_16-53-19/trial_0224_learning_rate=5.0e-03_kernel_sizes=3x3x3_conv_channels=256x256x256_fc_dims=1024_seed3,cnn,0.16876156640052795,0.13092322434031226,0.020091570559002105,,,0.13279895376231884,755519,755519,23,0.4770643469991299,0,True,0.45456832695830385,0.27757811383068864,1,0.31855225563049316,0.1318596452474594,0,"[3, 3, 3]","[256, 256, 256]",[1024],6879284,bc12u23n3,649.0,trial_0224_learning_rate=5.0e-03_kernel_sizes=3x3x3_conv_channels=256x256x256_fc_dims=1024_seed3,58fddd8d70,trial_0224_learning_rate=5.0e-03_kernel_sizes=3x3x3_conv_channels=256x256x256_fc_dims=1024_seed3
/scratch/sb272/patterns5k_results/slurm_base_cnn_2026-03-04_16-53-19/trial_0224_learning_rate=5.0e-03_kernel_sizes=3x3x3_conv_channels=256x256x256_fc_dims=1024_seed4,cnn,0.16886562836170196,0.12953743033808687,0.020082153025127593,,,0.13410512204238267,755519,755519,22,0.48723453346271184,0,True,0.45456832695830385,0.28040993221239774,2,0.31855225563049316,0.12994764745235443,0,"[3, 3, 3]","[256, 256, 256]",[1024],6879284,bc12u23n3,655.7,trial_0224_learning_rate=5.0e-03_kernel_sizes=3x3x3_conv_channels=256x256x256_fc_dims=1024_seed4,58fddd8d70,trial_0224_learning_rate=5.0e-03_kernel_sizes=3x3x3_conv_channels=256x256x256_fc_dims=1024_seed4
/scratch/sb272/patterns5k_results/slurm_base_cnn_2026-03-04_16-53-19/trial_0225_learning_rate=5.0e-03_kernel_sizes=3x3_conv_channels=64x128_fc_dims=128_seed0,cnn,0.16833230352401735,0.13411030243803587,0.0219922075195918,,,0.13742944730955234,57855,57855,47,0.4629784171098445,0,True,0.45456832695830385,0.27513269475970875,1,0.31855225563049316,0.13490432500839233,0,"[3, 3]","[64, 128]",[128],6879284,bc12u23n3,441.0,trial_0225_learning_rate=5.0e-03_kernel_sizes=3x3_conv_channels=64x128_fc_dims=128_seed0,43aa43416f,trial_0225_learning_rate=5.0e-03_kernel_sizes=3x3_conv_channels=64x128_fc_dims=128_seed0
/scratch/sb272/patterns5k_results/slurm_base_cnn_2026-03-04_16-53-19/trial_0225_learning_rate=5.0e-03_kernel_sizes=3x3_conv_channels=64x128_fc_dims=128_seed1,cnn,0.1688898698091507,0.1338796718617295,0.021297784078688847,,,0.13996477465973575,57855,57855,47,0.48864468300366215,0,True,0.45456832695830385,0.2884806516237712,1,0.31855225563049316,0.13541586697101593,0,"[3, 3]","[64, 128]",[128],6879284,bc12u23n3,438.3,trial_0225_learning_rate=5.0e-03_kernel_sizes=3x3_conv_channels=64x128_fc_dims=128_seed1,43aa43416f,trial_0225_learning_rate=5.0e-03_kernel_sizes=3x3_conv_channels=64x128_fc_dims=128_seed1
/scratch/sb272/patterns5k_results/slurm_base_cnn_2026-03-04_16-53-19/trial_0225_learning_rate=5.0e-03_kernel_sizes=3x3_conv_channels=64x128_fc_dims=128_seed2,cnn,0.1684244589805603,0.13461716411361266,0.02207925773802258,,,0.13098967901576256,57855,57855,41,0.47545657167329847,0,True,0.45456832695830385,0.27970224133478344,1,0.31855225563049316,0.13571888208389282,0,"[3, 3]","[64, 128]",[128],6879284,bc12u23n3,414.2,trial_0225_learning_rate=5.0e-03_kernel_sizes=3x3_conv_channels=64x128_fc_dims=128_seed2,43aa43416f,trial_0225_learning_rate=5.0e-03_kernel_sizes=3x3_conv_channels=64x128_fc_dims=128_seed2
/scratch/sb272/patterns5k_results/slurm_base_cnn_2026-03-04_16-53-19/trial_0225_learning_rate=5.0e-03_kernel_sizes=3x3_conv_channels=64x128_fc_dims=128_seed3,cnn,0.16849808621406556,0.134773810684029,0.02302707660765875,,,0.1346665864158044,57855,57855,47,0.4782789165036396,0,True,0.45456832695830385,0.28198120877634614,1,0.31855225563049316,0.13649234175682068,0,"[3, 3]","[64, 128]",[128],6879284,bc12u23n3,448.5,trial_0225_learning_rate=5.0e-03_kernel_sizes=3x3_conv_channels=64x128_fc_dims=128_seed3,43aa43416f,trial_0225_learning_rate=5.0e-03_kernel_sizes=3x3_conv_channels=64x128_fc_dims=128_seed3
/scratch/sb272/patterns5k_results/slurm_base_cnn_2026-03-04_16-53-19/trial_0225_learning_rate=5.0e-03_kernel_sizes=3x3_conv_channels=64x128_fc_dims=128_seed4,cnn,0.1687061551809311,0.13452072297545198,0.02102013523616488,,,0.13815972502470553,57855,57855,50,0.4932099566418388,0,True,0.45456832695830385,0.28886495257682215,1,0.31855225563049316,0.13576805591583252,0,"[3, 3]","[64, 128]",[128],6879284,bc12u23n3,451.7,trial_0225_learning_rate=5.0e-03_kernel_sizes=3x3_conv_channels=64x128_fc_dims=128_seed4,43aa43416f,trial_0225_learning_rate=5.0e-03_kernel_sizes=3x3_conv_channels=64x128_fc_dims=128_seed4
/scratch/sb272/patterns5k_results/slurm_base_cnn_2026-03-04_16-53-19/trial_0230_learning_rate=5.0e-03_kernel_sizes=5x3_conv_channels=128x256_fc_dims=1024_seed0,cnn,0.16928108632564545,0.13608869043965238,0.020600213890983946,,,0.13844098005157615,454079,454079,25,0.5113619912894393,0,True,0.45456832695830385,0.29541613288530716,1,0.31855225563049316,0.1369933784008026,0,"[5, 3]","[128, 256]",[1024],6872534,bb5u19c1,408.4,trial_0230_learning_rate=5.0e-03_kernel_sizes=5x3_conv_channels=128x256_fc_dims=1024_seed0,bd453da104,trial_0230_learning_rate=5.0e-03_kernel_sizes=5x3_conv_channels=128x256_fc_dims=1024_seed0
/scratch/sb272/patterns5k_results/slurm_base_cnn_2026-03-04_16-53-19/trial_0230_learning_rate=5.0e-03_kernel_sizes=5x3_conv_channels=128x256_fc_dims=1024_seed1,cnn,0.16946035873889922,0.1343858489568173,0.017985172688014923,,,0.14050109440745895,454079,454079,23,0.4882437302737423,0,True,0.45456832695830385,0.2867372937003753,1,0.31855225563049316,0.13543550670146942,0,"[5, 3]","[128, 256]",[1024],6872534,bb5u19c1,393.0,trial_0230_learning_rate=5.0e-03_kernel_sizes=5x3_conv_channels=128x256_fc_dims=1024_seed1,bd453da104,trial_0230_learning_rate=5.0e-03_kernel_sizes=5x3_conv_channels=128x256_fc_dims=1024_seed1
/scratch/sb272/patterns5k_results/slurm_base_cnn_2026-03-04_16-53-19/trial_0230_learning_rate=5.0e-03_kernel_sizes=5x3_conv_channels=128x256_fc_dims=1024_seed2,cnn,0.1683613543510437,0.13496347853903523,0.021820635076553102,,,0.13350537429575554,454079,454079,26,0.5178404278023812,0,True,0.45456832695830385,0.300586026533661,1,0.31855225563049316,0.13574278354644775,0,"[5, 3]","[128, 256]",[1024],6872534,bb5u19c1,441.8,trial_0230_learning_rate=5.0e-03_kernel_sizes=5x3_conv_channels=128x256_fc_dims=1024_seed2,bd453da104,trial_0230_learning_rate=5.0e-03_kernel_sizes=5x3_conv_channels=128x256_fc_dims=1024_seed2
/scratch/sb272/patterns5k_results/slurm_base_cnn_2026-03-04_16-53-19/trial_0230_learning_rate=5.0e-03_kernel_sizes=5x3_conv_channels=128x256_fc_dims=1024_seed3,cnn,0.16905845308303832,0.13503798562339844,0.01762670846212478,,,0.13686130875904892,454079,454079,24,0.5168653614484872,0,True,0.45456832695830385,0.30045124456191447,1,0.31855225563049316,0.13580748438835144,0,"[5, 3]","[128, 256]",[1024],6872534,bb5u19c1,420.6,trial_0230_learning_rate=5.0e-03_kernel_sizes=5x3_conv_channels=128x256_fc_dims=1024_seed3,bd453da104,trial_0230_learning_rate=5.0e-03_kernel_sizes=5x3_conv_channels=128x256_fc_dims=1024_seed3
/scratch/sb272/patterns5k_results/slurm_base_cnn_2026-03-04_16-53-19/trial_0230_learning_rate=5.0e-03_kernel_sizes=5x3_conv_channels=128x256_fc_dims=1024_seed4,cnn,0.16913120818138122,0.13356090246108016,0.015523179182930598,,,0.13751230917236704,454079,454079,30,0.5259840401275758,0,True,0.45456832695830385,0.30444227417928016,1,0.31855225563049316,0.1343163549900055,0,"[5, 3]","[128, 256]",[1024],6872534,bb5u19c1,433.8,trial_0230_learning_rate=5.0e-03_kernel_sizes=5x3_conv_channels=128x256_fc_dims=1024_seed4,bd453da104,trial_0230_learning_rate=5.0e-03_kernel_sizes=5x3_conv_channels=128x256_fc_dims=1024_seed4
/scratch/sb272/patterns5k_results/slurm_base_cnn_2026-03-04_16-53-19/trial_0231_learning_rate=5.0e-03_kernel_sizes=3x3x3_conv_channels=32x64x128_fc_dims=128_seed0,cnn,0.1679426143169403,0.13659539546653202,0.022432066145397368,,,0.1396302323183009,60063,60063,50,0.48350890561611987,0,True,0.45456832695830385,0.2826115834017083,1,0.31855225563049316,0.13727550208568573,0,"[3, 3, 3]","[32, 64, 128]",[128],6872534,bb5u19c1,335.9,trial_0231_learning_rate=5.0e-03_kernel_sizes=3x3x3_conv_channels=32x64x128_fc_dims=128_seed0,97f06ef70a,trial_0231_learning_rate=5.0e-03_kernel_sizes=3x3x3_conv_channels=32x64x128_fc_dims=128_seed0
/scratch/sb272/patterns5k_results/slurm_base_cnn_2026-03-04_16-53-19/trial_0231_learning_rate=5.0e-03_kernel_sizes=3x3x3_conv_channels=32x64x128_fc_dims=128_seed1,cnn,0.1679121698141098,0.1355021219364896,0.022369007269541424,,,0.1413501238500687,60063,60063,50,0.4639051158876308,0,True,0.45456832695830385,0.27156514919856173,1,0.31855225563049316,0.13622623682022095,0,"[3, 3, 3]","[32, 64, 128]",[128],6872534,bb5u19c1,351.4,trial_0231_learning_rate=5.0e-03_kernel_sizes=3x3x3_conv_channels=32x64x128_fc_dims=128_seed1,97f06ef70a,trial_0231_learning_rate=5.0e-03_kernel_sizes=3x3x3_conv_channels=32x64x128_fc_dims=128_seed1
/scratch/sb272/patterns5k_results/slurm_base_cnn_2026-03-04_16-53-19/trial_0231_learning_rate=5.0e-03_kernel_sizes=3x3x3_conv_channels=32x64x128_fc_dims=128_seed2,cnn,0.16816578388214112,0.13525848854740966,0.02230069183167957,,,0.13499102611098726,60063,60063,50,0.48894717468482224,0,True,0.45456832695830385,0.2821831479358748,2,0.31855225563049316,0.13601024448871613,0,"[3, 3, 3]","[32, 64, 128]",[128],6872534,bb5u19c1,352.0,trial_0231_learning_rate=5.0e-03_kernel_sizes=3x3x3_conv_channels=32x64x128_fc_dims=128_seed2,97f06ef70a,trial_0231_learning_rate=5.0e-03_kernel_sizes=3x3x3_conv_channels=32x64x128_fc_dims=128_seed2
/scratch/sb272/patterns5k_results/slurm_base_cnn_2026-03-04_16-53-19/trial_0231_learning_rate=5.0e-03_kernel_sizes=3x3x3_conv_channels=32x64x128_fc_dims=128_seed3,cnn,0.1684023495912552,0.13218660967903031,0.02022076693792192,,,0.13473303338230255,60063,60063,50,0.46430738924385173,0,True,0.45456832695830385,0.26864449793210615,1,0.31855225563049316,0.13287124037742615,0,"[3, 3, 3]","[32, 64, 128]",[128],6872534,bb5u19c1,328.2,trial_0231_learning_rate=5.0e-03_kernel_sizes=3x3x3_conv_channels=32x64x128_fc_dims=128_seed3,97f06ef70a,trial_0231_learning_rate=5.0e-03_kernel_sizes=3x3x3_conv_channels=32x64x128_fc_dims=128_seed3
/scratch/sb272/patterns5k_results/slurm_base_cnn_2026-03-04_16-53-19/trial_0231_learning_rate=5.0e-03_kernel_sizes=3x3x3_conv_channels=32x64x128_fc_dims=128_seed4,cnn,0.16811186921596527,0.13310835190672296,0.021953444632272872,,,0.13704379993403418,60063,60063,50,0.5075044905464016,0,True,0.45456832695830385,0.29250215885245373,2,0.31855225563049316,0.13432443141937256,0,"[3, 3, 3]","[32, 64, 128]",[128],6872534,bb5u19c1,313.7,trial_0231_learning_rate=5.0e-03_kernel_sizes=3x3x3_conv_channels=32x64x128_fc_dims=128_seed4,97f06ef70a,trial_0231_learning_rate=5.0e-03_kernel_sizes=3x3x3_conv_channels=32x64x128_fc_dims=128_seed4
/scratch/sb272/patterns5k_results/slurm_base_cnn_2026-03-04_16-53-19/trial_0232_learning_rate=5.0e-03_kernel_sizes=3x3x3_conv_channels=32x64x128_fc_dims=256_seed0,cnn,0.16791516721248625,0.13700628354820923,0.02313895168758574,,,0.1445943757362851,84639,84639,50,0.49120242212122506,0,True,0.45456832695830385,0.2860390843506929,1,0.31855225563049316,0.137833371758461,0,"[3, 3, 3]","[32, 64, 128]",[256],6872534,bb5u19c1,360.2,trial_0232_learning_rate=5.0e-03_kernel_sizes=3x3x3_conv_channels=32x64x128_fc_dims=256_seed0,4b73c0b10a,trial_0232_learning_rate=5.0e-03_kernel_sizes=3x3x3_conv_channels=32x64x128_fc_dims=256_seed0
/scratch/sb272/patterns5k_results/slurm_base_cnn_2026-03-04_16-53-19/trial_0232_learning_rate=5.0e-03_kernel_sizes=3x3x3_conv_channels=32x64x128_fc_dims=256_seed1,cnn,0.16779671657085418,0.1386465703450248,0.023176819559127565,,,0.14624332731018805,84639,84639,50,0.49813520008988993,0,True,0.45456832695830385,0.2887057328158571,1,0.31855225563049316,0.14004483819007874,0,"[3, 3, 3]","[32, 64, 128]",[256],6872534,bb5u19c1,373.6,trial_0232_learning_rate=5.0e-03_kernel_sizes=3x3x3_conv_channels=32x64x128_fc_dims=256_seed1,4b73c0b10a,trial_0232_learning_rate=5.0e-03_kernel_sizes=3x3x3_conv_channels=32x64x128_fc_dims=256_seed1
/scratch/sb272/patterns5k_results/slurm_base_cnn_2026-03-04_16-53-19/trial_0232_learning_rate=5.0e-03_kernel_sizes=3x3x3_conv_channels=32x64x128_fc_dims=256_seed2,cnn,0.1680285006761551,0.13567675867776854,0.022785108240823897,,,0.13698099967189606,84639,84639,50,0.49473835911001823,0,True,0.45456832695830385,0.28528581399139435,2,0.31855225563049316,0.1368507593870163,0,"[3, 3, 3]","[32, 64, 128]",[256],6872534,bb5u19c1,381.3,trial_0232_learning_rate=5.0e-03_kernel_sizes=3x3x3_conv_channels=32x64x128_fc_dims=256_seed2,4b73c0b10a,trial_0232_learning_rate=5.0e-03_kernel_sizes=3x3x3_conv_channels=32x64x128_fc_dims=256_seed2
/scratch/sb272/patterns5k_results/slurm_base_cnn_2026-03-04_16-53-19/trial_0232_learning_rate=5.0e-03_kernel_sizes=3x3x3_conv_channels=32x64x128_fc_dims=256_seed3,cnn,0.1677350038290024,0.13955574046374827,0.02380612634477161,,,0.13939572609777906,84639,84639,50,0.506424532249416,0,True,0.45456832695830385,0.2944697250549284,1,0.31855225563049316,0.14089056849479675,0,"[3, 3, 3]","[32, 64, 128]",[256],6872534,bb5u19c1,326.1,trial_0232_learning_rate=5.0e-03_kernel_sizes=3x3x3_conv_channels=32x64x128_fc_dims=256_seed3,4b73c0b10a,trial_0232_learning_rate=5.0e-03_kernel_sizes=3x3x3_conv_channels=32x64x128_fc_dims=256_seed3
/scratch/sb272/patterns5k_results/slurm_base_cnn_2026-03-04_16-53-19/trial_0232_learning_rate=5.0e-03_kernel_sizes=3x3x3_conv_channels=32x64x128_fc_dims=256_seed4,cnn,0.16804335117340088,0.13507980812172948,0.02254382674656217,,,0.14044630221223914,84639,84639,50,0.4870185780179845,0,True,0.45456832695830385,0.283379835754492,2,0.31855225563049316,0.13625074923038483,0,"[3, 3, 3]","[32, 64, 128]",[256],6872534,bb5u19c1,342.2,trial_0232_learning_rate=5.0e-03_kernel_sizes=3x3x3_conv_channels=32x64x128_fc_dims=256_seed4,4b73c0b10a,trial_0232_learning_rate=5.0e-03_kernel_sizes=3x3x3_conv_channels=32x64x128_fc_dims=256_seed4
/scratch/sb272/patterns5k_results/slurm_base_cnn_2026-03-04_16-53-19/trial_0233_learning_rate=5.0e-03_kernel_sizes=5x3x3_conv_channels=64x128x256_fc_dims=256_seed0,cnn,0.16822951066493988,0.13787646664688624,0.02242949746903919,,,0.1408155432207029,219647,219647,40,0.45060290837654393,0,True,0.45456832695830385,0.263356672010643,0,0.31855225563049316,0.13854290544986725,0,"[5, 3, 3]","[64, 128, 256]",[256],6872534,bb5u19c1,427.4,trial_0233_learning_rate=5.0e-03_kernel_sizes=5x3x3_conv_channels=64x128x256_fc_dims=256_seed0,6ce511f60a,trial_0233_learning_rate=5.0e-03_kernel_sizes=5x3x3_conv_channels=64x128x256_fc_dims=256_seed0
/scratch/sb272/patterns5k_results/slurm_base_cnn_2026-03-04_16-53-19/trial_0233_learning_rate=5.0e-03_kernel_sizes=5x3x3_conv_channels=64x128x256_fc_dims=256_seed1,cnn,0.16799407494068147,0.1405962325993169,0.023825004933372376,,,0.14267748411028391,219647,219647,43,0.4618156855277852,0,True,0.45456832695830385,0.2700800566553363,0,0.31855225563049316,0.14165841042995453,0,"[5, 3, 3]","[64, 128, 256]",[256],6872534,bb5u19c1,453.1,trial_0233_learning_rate=5.0e-03_kernel_sizes=5x3x3_conv_channels=64x128x256_fc_dims=256_seed1,6ce511f60a,trial_0233_learning_rate=5.0e-03_kernel_sizes=5x3x3_conv_channels=64x128x256_fc_dims=256_seed1
/scratch/sb272/patterns5k_results/slurm_base_cnn_2026-03-04_16-53-19/trial_0233_learning_rate=5.0e-03_kernel_sizes=5x3x3_conv_channels=64x128x256_fc_dims=256_seed2,cnn,0.1681108726263046,0.13882931682611102,0.022979788363925994,,,0.13505335406005162,219647,219647,36,0.4922191789520625,0,True,0.45456832695830385,0.28650584105403315,0,0.31855225563049316,0.13948868215084076,0,"[5, 3, 3]","[64, 128, 256]",[256],6872534,bb5u19c1,376.3,trial_0233_learning_rate=5.0e-03_kernel_sizes=5x3x3_conv_channels=64x128x256_fc_dims=256_seed2,6ce511f60a,trial_0233_learning_rate=5.0e-03_kernel_sizes=5x3x3_conv_channels=64x128x256_fc_dims=256_seed2
/scratch/sb272/patterns5k_results/slurm_base_cnn_2026-03-04_16-53-19/trial_0233_learning_rate=5.0e-03_kernel_sizes=5x3x3_conv_channels=64x128x256_fc_dims=256_seed3,cnn,0.16827340292930604,0.13335928980541065,0.02111066806884039,,,0.13711796485555905,219647,219647,34,0.4849911755587934,0,True,0.45456832695830385,0.27670858451605296,1,0.31855225563049316,0.13464473187923431,0,"[5, 3, 3]","[64, 128, 256]",[256],6872534,bb5u19c1,365.3,trial_0233_learning_rate=5.0e-03_kernel_sizes=5x3x3_conv_channels=64x128x256_fc_dims=256_seed3,6ce511f60a,trial_0233_learning_rate=5.0e-03_kernel_sizes=5x3x3_conv_channels=64x128x256_fc_dims=256_seed3
/scratch/sb272/patterns5k_results/slurm_base_cnn_2026-03-04_16-53-19/trial_0233_learning_rate=5.0e-03_kernel_sizes=5x3x3_conv_channels=64x128x256_fc_dims=256_seed4,cnn,0.16848017048835753,0.1347227778183016,0.022284632637387232,,,0.13907455205186087,219647,219647,44,0.46649129025334957,0,True,0.45456832695830385,0.26950126652178985,1,0.31855225563049316,0.13552601635456085,0,"[5, 3, 3]","[64, 128, 256]",[256],6872534,bb5u19c1,431.0,trial_0233_learning_rate=5.0e-03_kernel_sizes=5x3x3_conv_channels=64x128x256_fc_dims=256_seed4,6ce511f60a,trial_0233_learning_rate=5.0e-03_kernel_sizes=5x3x3_conv_channels=64x128x256_fc_dims=256_seed4
/scratch/sb272/patterns5k_results/slurm_base_cnn_2026-03-04_16-53-19/trial_0234_learning_rate=5.0e-03_kernel_sizes=5x3x3_conv_channels=64x128x256_fc_dims=512_seed0,cnn,0.1683247376680374,0.1360867413039231,0.0222508604564364,,,0.1439094457068514,301567,301567,35,0.5036954108968809,0,True,0.45456832695830385,0.28857409183663696,3,0.31855225563049316,0.13703176379203796,0,"[5, 3, 3]","[64, 128, 256]",[512],6872534,bb5u19c1,446.4,trial_0234_learning_rate=5.0e-03_kernel_sizes=5x3x3_conv_channels=64x128x256_fc_dims=512_seed0,a28c851a74,trial_0234_learning_rate=5.0e-03_kernel_sizes=5x3x3_conv_channels=64x128x256_fc_dims=512_seed0
/scratch/sb272/patterns5k_results/slurm_base_cnn_2026-03-04_16-53-19/trial_0234_learning_rate=5.0e-03_kernel_sizes=5x3x3_conv_channels=64x128x256_fc_dims=512_seed1,cnn,0.16821387243270874,0.13946478129729292,0.023390688593425447,,,0.14551682584581993,301567,301567,42,0.5029010660130364,0,True,0.45456832695830385,0.2912287882145564,1,0.31855225563049316,0.14075443148612976,0,"[5, 3, 3]","[64, 128, 256]",[512],6872534,bb5u19c1,499.8,trial_0234_learning_rate=5.0e-03_kernel_sizes=5x3x3_conv_channels=64x128x256_fc_dims=512_seed1,a28c851a74,trial_0234_learning_rate=5.0e-03_kernel_sizes=5x3x3_conv_channels=64x128x256_fc_dims=512_seed1
/scratch/sb272/patterns5k_results/slurm_base_cnn_2026-03-04_16-53-19/trial_0234_learning_rate=5.0e-03_kernel_sizes=5x3x3_conv_channels=64x128x256_fc_dims=512_seed2,cnn,0.16810923111438753,0.13783506424566927,0.022139224741193984,,,0.13613185750509624,301567,301567,36,0.4853442082416177,0,True,0.45456832695830385,0.28173671334445677,2,0.31855225563049316,0.1389152705669403,0,"[5, 3, 3]","[64, 128, 256]",[512],6872534,bb5u19c1,406.6,trial_0234_learning_rate=5.0e-03_kernel_sizes=5x3x3_conv_channels=64x128x256_fc_dims=512_seed2,a28c851a74,trial_0234_learning_rate=5.0e-03_kernel_sizes=5x3x3_conv_channels=64x128x256_fc_dims=512_seed2
/scratch/sb272/patterns5k_results/slurm_base_cnn_2026-03-04_16-53-19/trial_0234_learning_rate=5.0e-03_kernel_sizes=5x3x3_conv_channels=64x128x256_fc_dims=512_seed3,cnn,0.16808353757858277,0.13521420821061642,0.021717978848351374,,,0.13848486328665077,301567,301567,39,0.48513768011183533,0,True,0.45456832695830385,0.279887769411428,1,0.31855225563049316,0.13576334714889526,0,"[5, 3, 3]","[64, 128, 256]",[512],6872534,bb5u19c1,446.7,trial_0234_learning_rate=5.0e-03_kernel_sizes=5x3x3_conv_channels=64x128x256_fc_dims=512_seed3,a28c851a74,trial_0234_learning_rate=5.0e-03_kernel_sizes=5x3x3_conv_channels=64x128x256_fc_dims=512_seed3
/scratch/sb272/patterns5k_results/slurm_base_cnn_2026-03-04_16-53-19/trial_0234_learning_rate=5.0e-03_kernel_sizes=5x3x3_conv_channels=64x128x256_fc_dims=512_seed4,cnn,0.16793144059181214,0.13762606983949824,0.022884451207660493,,,0.14161445750763382,301567,301567,35,0.4980448140856799,0,True,0.45456832695830385,0.2887272888848309,2,0.31855225563049316,0.13843294978141785,0,"[5, 3, 3]","[64, 128, 256]",[512],6872534,bb5u19c1,443.6,trial_0234_learning_rate=5.0e-03_kernel_sizes=5x3x3_conv_channels=64x128x256_fc_dims=512_seed4,a28c851a74,trial_0234_learning_rate=5.0e-03_kernel_sizes=5x3x3_conv_channels=64x128x256_fc_dims=512_seed4
/scratch/sb272/patterns5k_results/slurm_base_cnn_2026-03-04_16-53-19/trial_0235_learning_rate=5.0e-03_kernel_sizes=5x3x3_conv_channels=64x128x256_fc_dims=1024_seed0,cnn,0.168185480594635,0.13709607852894296,0.021986943388742113,,,0.14537555310209532,465407,465407,36,0.4904367903115743,0,True,0.45456832695830385,0.28417167356484857,1,0.31855225563049316,0.13814887404441833,0,"[5, 3, 3]","[64, 128, 256]",[1024],6872534,bb5u19c1,553.6,trial_0235_learning_rate=5.0e-03_kernel_sizes=5x3x3_conv_channels=64x128x256_fc_dims=1024_seed0,46436d5785,trial_0235_learning_rate=5.0e-03_kernel_sizes=5x3x3_conv_channels=64x128x256_fc_dims=1024_seed0
/scratch/sb272/patterns5k_results/slurm_base_cnn_2026-03-04_16-53-19/trial_0235_learning_rate=5.0e-03_kernel_sizes=5x3x3_conv_channels=64x128x256_fc_dims=1024_seed1,cnn,0.16841635656356813,0.13415233362014706,0.02102274081063649,,,0.14663493739911246,465407,465407,37,0.4497155650867706,0,True,0.45456832695830385,0.26459140315374313,1,0.31855225563049316,0.13458332419395447,0,"[5, 3, 3]","[64, 128, 256]",[1024],6872534,bb5u19c1,525.3,trial_0235_learning_rate=5.0e-03_kernel_sizes=5x3x3_conv_channels=64x128x256_fc_dims=1024_seed1,46436d5785,trial_0235_learning_rate=5.0e-03_kernel_sizes=5x3x3_conv_channels=64x128x256_fc_dims=1024_seed1
/scratch/sb272/patterns5k_results/slurm_base_cnn_2026-03-04_16-53-19/trial_0235_learning_rate=5.0e-03_kernel_sizes=5x3x3_conv_channels=64x128x256_fc_dims=1024_seed2,cnn,0.1684692140817642,0.13632032404408662,0.021786928176879883,,,0.13748947481246998,465407,465407,46,0.5066696641288173,0,True,0.45456832695830385,0.2943767775490046,1,0.31855225563049316,0.1374494433403015,0,"[5, 3, 3]","[64, 128, 256]",[1024],6872534,bb5u19c1,659.6,trial_0235_learning_rate=5.0e-03_kernel_sizes=5x3x3_conv_channels=64x128x256_fc_dims=1024_seed2,46436d5785,trial_0235_learning_rate=5.0e-03_kernel_sizes=5x3x3_conv_channels=64x128x256_fc_dims=1024_seed2
/scratch/sb272/patterns5k_results/slurm_base_cnn_2026-03-04_16-53-19/trial_0235_learning_rate=5.0e-03_kernel_sizes=5x3x3_conv_channels=64x128x256_fc_dims=1024_seed3,cnn,0.16869706451892852,0.1341161537503285,0.021310273617032974,,,0.13895726554300997,465407,465407,42,0.48448751619093233,0,True,0.45456832695830385,0.2807724816633657,1,0.31855225563049316,0.1352611631155014,0,"[5, 3, 3]","[64, 128, 256]",[1024],6872534,bb5u19c1,560.5,trial_0235_learning_rate=5.0e-03_kernel_sizes=5x3x3_conv_channels=64x128x256_fc_dims=1024_seed3,46436d5785,trial_0235_learning_rate=5.0e-03_kernel_sizes=5x3x3_conv_channels=64x128x256_fc_dims=1024_seed3
/scratch/sb272/patterns5k_results/slurm_base_cnn_2026-03-04_16-53-19/trial_0235_learning_rate=5.0e-03_kernel_sizes=5x3x3_conv_channels=64x128x256_fc_dims=1024_seed4,cnn,0.1684539978504181,0.13618563061418174,0.021866773802136617,,,0.14260820663703186,465407,465407,42,0.49308686949564523,0,True,0.45456832695830385,0.2837113024276935,3,0.31855225563049316,0.1367606818675995,0,"[5, 3, 3]","[64, 128, 256]",[1024],6872534,bb5u19c1,550.1,trial_0235_learning_rate=5.0e-03_kernel_sizes=5x3x3_conv_channels=64x128x256_fc_dims=1024_seed4,46436d5785,trial_0235_learning_rate=5.0e-03_kernel_sizes=5x3x3_conv_channels=64x128x256_fc_dims=1024_seed4
/scratch/sb272/patterns5k_results/slurm_base_cnn_2026-03-04_16-53-19/trial_0236_learning_rate=5.0e-03_kernel_sizes=3x3x3_conv_channels=128x128x128_fc_dims=256_seed0,cnn,0.16884724414348604,0.13057378025701347,0.019949108835250612,,,0.13450890227999865,164799,164799,27,0.4485400963838329,0,True,0.45456832695830385,0.2627275692042675,1,0.31855225563049316,0.13114005327224731,0,"[3, 3, 3]","[128, 128, 128]",[256],6872534,bb5u19c1,310.6,trial_0236_learning_rate=5.0e-03_kernel_sizes=3x3x3_conv_channels=128x128x128_fc_dims=256_seed0,0ad5dd3960,trial_0236_learning_rate=5.0e-03_kernel_sizes=3x3x3_conv_channels=128x128x128_fc_dims=256_seed0
/scratch/sb272/patterns5k_results/slurm_base_cnn_2026-03-04_16-53-19/trial_0236_learning_rate=5.0e-03_kernel_sizes=3x3x3_conv_channels=128x128x128_fc_dims=256_seed1,cnn,0.16856250298023223,0.1325168240341695,0.021105772919125028,,,0.13750302062320016,164799,164799,25,0.49669140627986974,0,True,0.45456832695830385,0.28851057773242944,1,0.31855225563049316,0.1338999718427658,0,"[3, 3, 3]","[128, 128, 128]",[256],6872534,bb5u19c1,306.3,trial_0236_learning_rate=5.0e-03_kernel_sizes=3x3x3_conv_channels=128x128x128_fc_dims=256_seed1,0ad5dd3960,trial_0236_learning_rate=5.0e-03_kernel_sizes=3x3x3_conv_channels=128x128x128_fc_dims=256_seed1
/scratch/sb272/patterns5k_results/slurm_base_cnn_2026-03-04_16-53-19/trial_0236_learning_rate=5.0e-03_kernel_sizes=3x3x3_conv_channels=128x128x128_fc_dims=256_seed2,cnn,0.16852245378494263,0.13223921301880465,0.021058850818210177,,,0.13210173476304396,164799,164799,26,0.4734229466454099,0,True,0.45456832695830385,0.27653427908582007,1,0.31855225563049316,0.1334620863199234,0,"[3, 3, 3]","[128, 128, 128]",[256],6872534,bb5u19c1,308.1,trial_0236_learning_rate=5.0e-03_kernel_sizes=3x3x3_conv_channels=128x128x128_fc_dims=256_seed2,0ad5dd3960,trial_0236_learning_rate=5.0e-03_kernel_sizes=3x3x3_conv_channels=128x128x128_fc_dims=256_seed2
/scratch/sb272/patterns5k_results/slurm_base_cnn_2026-03-04_16-53-19/trial_0236_learning_rate=5.0e-03_kernel_sizes=3x3x3_conv_channels=128x128x128_fc_dims=256_seed3,cnn,0.16885072922706604,0.13002339717365735,0.018730151274847607,,,0.1337385671782817,164799,164799,27,0.45786390676511834,0,True,0.45456832695830385,0.26905472487281745,1,0.31855225563049316,0.1308669149875641,0,"[3, 3, 3]","[128, 128, 128]",[256],6872534,bb5u19c1,316.3,trial_0236_learning_rate=5.0e-03_kernel_sizes=3x3x3_conv_channels=128x128x128_fc_dims=256_seed3,0ad5dd3960,trial_0236_learning_rate=5.0e-03_kernel_sizes=3x3x3_conv_channels=128x128x128_fc_dims=256_seed3
/scratch/sb272/patterns5k_results/slurm_base_cnn_2026-03-04_16-53-19/trial_0236_learning_rate=5.0e-03_kernel_sizes=3x3x3_conv_channels=128x128x128_fc_dims=256_seed4,cnn,0.16924432098865508,0.1300910520764772,0.02076445496271527,,,0.1342521707321092,164799,164799,39,0.4568023661811951,0,True,0.45456832695830385,0.26917143839128005,1,0.31855225563049316,0.13035684823989868,0,"[3, 3, 3]","[128, 128, 128]",[256],6872534,bb5u19c1,355.1,trial_0236_learning_rate=5.0e-03_kernel_sizes=3x3x3_conv_channels=128x128x128_fc_dims=256_seed4,0ad5dd3960,trial_0236_learning_rate=5.0e-03_kernel_sizes=3x3x3_conv_channels=128x128x128_fc_dims=256_seed4
/scratch/sb272/patterns5k_results/slurm_base_cnn_2026-03-04_16-53-19/trial_0237_learning_rate=5.0e-03_kernel_sizes=3x3x3_conv_channels=128x128x128_fc_dims=512_seed0,cnn,0.1690014216899872,0.13104534379685498,0.019508290858495803,,,0.13867698153300903,213951,213951,37,0.48017150763294564,0,True,0.45456832695830385,0.2791399883580015,1,0.31855225563049316,0.1317465901374817,0,"[3, 3, 3]","[128, 128, 128]",[512],6872534,bb5u19c1,397.9,trial_0237_learning_rate=5.0e-03_kernel_sizes=3x3x3_conv_channels=128x128x128_fc_dims=512_seed0,73bd3f444b,trial_0237_learning_rate=5.0e-03_kernel_sizes=3x3x3_conv_channels=128x128x128_fc_dims=512_seed0
/scratch/sb272/patterns5k_results/slurm_base_cnn_2026-03-04_16-53-19/trial_0237_learning_rate=5.0e-03_kernel_sizes=3x3x3_conv_channels=128x128x128_fc_dims=512_seed1,cnn,0.1685323143005371,0.13393590648943587,0.021345901110815624,,,0.14055163172633986,213951,213951,30,0.47085192801842524,0,True,0.45456832695830385,0.27639207598858195,1,0.31855225563049316,0.13455359637737274,0,"[3, 3, 3]","[128, 128, 128]",[512],6872534,bb5u19c1,362.9,trial_0237_learning_rate=5.0e-03_kernel_sizes=3x3x3_conv_channels=128x128x128_fc_dims=512_seed1,73bd3f444b,trial_0237_learning_rate=5.0e-03_kernel_sizes=3x3x3_conv_channels=128x128x128_fc_dims=512_seed1
/scratch/sb272/patterns5k_results/slurm_base_cnn_2026-03-04_16-53-19/trial_0237_learning_rate=5.0e-03_kernel_sizes=3x3x3_conv_channels=128x128x128_fc_dims=512_seed2,cnn,0.16872964537143706,0.13265904765753297,0.021405433851575093,,,0.13451384022148613,213951,213951,36,0.48464257577469066,0,True,0.45456832695830385,0.2817345142234067,2,0.31855225563049316,0.1332380473613739,0,"[3, 3, 3]","[128, 128, 128]",[512],6872534,bb5u19c1,377.4,trial_0237_learning_rate=5.0e-03_kernel_sizes=3x3x3_conv_channels=128x128x128_fc_dims=512_seed2,73bd3f444b,trial_0237_learning_rate=5.0e-03_kernel_sizes=3x3x3_conv_channels=128x128x128_fc_dims=512_seed2
/scratch/sb272/patterns5k_results/slurm_base_cnn_2026-03-04_16-53-19/trial_0237_learning_rate=5.0e-03_kernel_sizes=3x3x3_conv_channels=128x128x128_fc_dims=512_seed3,cnn,0.16882446682453156,0.1346679715172316,0.019236232553209578,,,0.1359681967890806,213951,213951,32,0.49690641623406884,0,True,0.45456832695830385,0.2880285462951469,1,0.31855225563049316,0.1353306919336319,0,"[3, 3, 3]","[128, 128, 128]",[512],6872534,bb5u19c1,335.3,trial_0237_learning_rate=5.0e-03_kernel_sizes=3x3x3_conv_channels=128x128x128_fc_dims=512_seed3,73bd3f444b,trial_0237_learning_rate=5.0e-03_kernel_sizes=3x3x3_conv_channels=128x128x128_fc_dims=512_seed3
/scratch/sb272/patterns5k_results/slurm_base_cnn_2026-03-04_16-53-19/trial_0237_learning_rate=5.0e-03_kernel_sizes=3x3x3_conv_channels=128x128x128_fc_dims=512_seed4,cnn,0.16884578120708466,0.13550574155454215,0.01985643780420697,,,0.13851100460690605,213951,213951,40,0.482380848573132,0,True,0.45456832695830385,0.28102598804150897,2,0.31855225563049316,0.13620369136333466,0,"[3, 3, 3]","[128, 128, 128]",[512],6872534,bb5u19c1,413.0,trial_0237_learning_rate=5.0e-03_kernel_sizes=3x3x3_conv_channels=128x128x128_fc_dims=512_seed4,73bd3f444b,trial_0237_learning_rate=5.0e-03_kernel_sizes=3x3x3_conv_channels=128x128x128_fc_dims=512_seed4
/scratch/sb272/patterns5k_results/slurm_base_cnn_2026-03-04_16-53-19/trial_0238_learning_rate=5.0e-03_kernel_sizes=3x3x3_conv_channels=256x256x256_fc_dims=512_seed0,cnn,0.1692648878097534,0.13243942949244397,0.018554960924481587,,,0.13408983648549444,591679,591679,22,0.45839066265495115,0,True,0.45456832695830385,0.27097052234600766,0,0.31855225563049316,0.13343417644500732,0,"[3, 3, 3]","[256, 256, 256]",[512],6872534,bb5u19c1,437.7,trial_0238_learning_rate=5.0e-03_kernel_sizes=3x3x3_conv_channels=256x256x256_fc_dims=512_seed0,6e385ab8c0,trial_0238_learning_rate=5.0e-03_kernel_sizes=3x3x3_conv_channels=256x256x256_fc_dims=512_seed0
