run_dir,model_type,batch_avg_test_loss,batch_avg_test_corr,all_test_fve,AR_FVE,AR_test_correlation,best_val_corr,total_params,trainable_params,epochs_trained,mean_pattern_corr,history,init_state,loo_avg_mean_corr,model_avg_mean_corr,neurons_model_beats_loo_avg,loo_temporal_mean_corr,all_test_corr,neurons_model_beats_loo_temporal,kernel_sizes,conv_channels,fc_dims,slurm_job_id,hostname,wall_time_s,run_id,config_id,experiment
/scratch/sb272/patterns5k_results/slurm_hist_cnn_2026-03-03_15-13-01/trial_0141_learning_rate=5.0e-04_history=1_kernel_sizes=5_conv_channels=256_fc_dims=256_seed0,cnn,0.152739837,0.247871821,0.075452174,-0.006263781,0.091155827,0.256450728,217151,217151,50,0.800125415,1,TRUE,0.454568327,0.690071455,62,0.318552256,0.26019755,14,[5],[256],[256],6842249,bb4u22c1,357.5,trial_0141_learning_rate=5.0e-04_history=1_kernel_sizes=5_conv_channels=256_fc_dims=256_seed0,bcb833d580,trial_0141_learning_rate=5.0e-04_history=1_kernel_sizes=5_conv_channels=256_fc_dims=256_seed0
/scratch/sb272/patterns5k_results/slurm_hist_cnn_2026-03-03_15-13-01/trial_0141_learning_rate=5.0e-04_history=1_kernel_sizes=5_conv_channels=256_fc_dims=256_seed1,cnn,0.15288488,0.246015801,0.07411774,-0.006905406,0.089649014,0.25663269,217151,217151,50,0.798675941,1,TRUE,0.454568327,0.690082935,61,0.318552256,0.258369923,13,[5],[256],[256],6842249,bb4u22c1,361.8,trial_0141_learning_rate=5.0e-04_history=1_kernel_sizes=5_conv_channels=256_fc_dims=256_seed1,bcb833d580,trial_0141_learning_rate=5.0e-04_history=1_kernel_sizes=5_conv_channels=256_fc_dims=256_seed1
/scratch/sb272/patterns5k_results/slurm_hist_cnn_2026-03-03_15-13-01/trial_0141_learning_rate=5.0e-04_history=1_kernel_sizes=5_conv_channels=256_fc_dims=256_seed2,cnn,0.152919338,0.246457286,0.072187093,-0.005936806,0.087710217,0.253380149,217151,217151,50,0.797280637,1,TRUE,0.454568327,0.690665537,62,0.318552256,0.259035826,13,[5],[256],[256],6842249,bb4u22c1,359.9,trial_0141_learning_rate=5.0e-04_history=1_kernel_sizes=5_conv_channels=256_fc_dims=256_seed2,bcb833d580,trial_0141_learning_rate=5.0e-04_history=1_kernel_sizes=5_conv_channels=256_fc_dims=256_seed2
/scratch/sb272/patterns5k_results/slurm_hist_cnn_2026-03-03_15-13-01/trial_0106_learning_rate=5.0e-04_history=1_kernel_sizes=5_conv_channels=256_fc_dims=256_seed0,cnn,0.153026024,0.246504458,0.074506975,-0.006869246,0.088269226,0.257183214,217151,217151,50,0.797208988,1,TRUE,0.454568327,0.692619161,62,0.318552256,0.259067327,13,[5],[256],[256],6842247,bb4u18c1,355.9,trial_0106_learning_rate=5.0e-04_history=1_kernel_sizes=5_conv_channels=256_fc_dims=256_seed0,73d5a69627,trial_0106_learning_rate=5.0e-04_history=1_kernel_sizes=5_conv_channels=256_fc_dims=256_seed0
/scratch/sb272/patterns5k_results/slurm_hist_cnn_2026-03-03_15-13-01/trial_0112_learning_rate=5.0e-04_history=2_kernel_sizes=3_conv_channels=256_fc_dims=256_seed1,cnn,0.154580958,0.240083677,0.072796009,0.001846409,0.108578853,0.252217833,163391,163391,50,0.796301185,2,TRUE,0.454568327,0.691384028,62,0.318552256,0.252333045,9,[3],[256],[256],6842247,bb4u18c1,364.4,trial_0112_learning_rate=5.0e-04_history=2_kernel_sizes=3_conv_channels=256_fc_dims=256_seed1,5a41c8e0a1,trial_0112_learning_rate=5.0e-04_history=2_kernel_sizes=3_conv_channels=256_fc_dims=256_seed1
/scratch/sb272/patterns5k_results/slurm_hist_cnn_2026-03-03_15-13-01/trial_0182_learning_rate=5.0e-04_history=2_kernel_sizes=3_conv_channels=256_fc_dims=256_seed0,cnn,0.154543819,0.240219036,0.072039678,0.002871814,0.109994397,0.249935338,163391,163391,50,0.795999721,2,TRUE,0.454568327,0.691197688,62,0.318552256,0.252231449,8,[3],[256],[256],6842251,bb5u23c1,293.9,trial_0182_learning_rate=5.0e-04_history=2_kernel_sizes=3_conv_channels=256_fc_dims=256_seed0,df5f803beb,trial_0182_learning_rate=5.0e-04_history=2_kernel_sizes=3_conv_channels=256_fc_dims=256_seed0
/scratch/sb272/patterns5k_results/slurm_hist_cnn_2026-03-03_15-13-01/trial_0112_learning_rate=5.0e-04_history=2_kernel_sizes=3_conv_channels=256_fc_dims=256_seed0,cnn,0.154734815,0.239594185,0.070939452,0.003757284,0.112140685,0.250748591,163391,163391,50,0.79566542,2,TRUE,0.454568327,0.691102728,62,0.318552256,0.251438409,10,[3],[256],[256],6842247,bb4u18c1,361.3,trial_0112_learning_rate=5.0e-04_history=2_kernel_sizes=3_conv_channels=256_fc_dims=256_seed0,5a41c8e0a1,trial_0112_learning_rate=5.0e-04_history=2_kernel_sizes=3_conv_channels=256_fc_dims=256_seed0
/scratch/sb272/patterns5k_results/slurm_hist_cnn_2026-03-03_15-13-01/trial_0217_learning_rate=1.0e-03_history=2_kernel_sizes=3_conv_channels=256_fc_dims=256_seed2,cnn,0.154663815,0.2395048,0.071521673,0.003131963,0.108837858,0.247358266,163391,163391,47,0.793671876,2,TRUE,0.454568327,0.684331784,62,0.318552256,0.251555413,10,[3],[256],[256],6842254,bb5u25c1,272.7,trial_0217_learning_rate=1.0e-03_history=2_kernel_sizes=3_conv_channels=256_fc_dims=256_seed2,1f2e602697,trial_0217_learning_rate=1.0e-03_history=2_kernel_sizes=3_conv_channels=256_fc_dims=256_seed2
/scratch/sb272/patterns5k_results/slurm_hist_cnn_2026-03-03_15-13-01/trial_0176_learning_rate=5.0e-04_history=1_kernel_sizes=5_conv_channels=256_fc_dims=256_seed0,cnn,0.152772169,0.246880242,0.074080491,-0.004061199,0.095305562,0.256523389,217151,217151,50,0.793668646,1,TRUE,0.454568327,0.688992681,62,0.318552256,0.259112805,13,[5],[256],[256],6842251,bb5u23c1,307.1,trial_0176_learning_rate=5.0e-04_history=1_kernel_sizes=5_conv_channels=256_fc_dims=256_seed0,d5c1773205,trial_0176_learning_rate=5.0e-04_history=1_kernel_sizes=5_conv_channels=256_fc_dims=256_seed0
/scratch/sb272/patterns5k_results/slurm_hist_cnn_2026-03-03_15-13-01/trial_0113_learning_rate=5.0e-04_history=2_kernel_sizes=5_conv_channels=256_fc_dims=256_seed0,cnn,0.154220549,0.243478554,0.073228512,-8.37E-05,0.098124467,0.257085416,217151,217151,50,0.793521204,2,TRUE,0.454568327,0.683469599,62,0.318552256,0.255621374,10,[5],[256],[256],6842247,bb4u18c1,369.1,trial_0113_learning_rate=5.0e-04_history=2_kernel_sizes=5_conv_channels=256_fc_dims=256_seed0,d11bf38b01,trial_0113_learning_rate=5.0e-04_history=2_kernel_sizes=5_conv_channels=256_fc_dims=256_seed0
/scratch/sb272/patterns5k_results/slurm_hist_cnn_2026-03-03_15-13-01/trial_0183_learning_rate=5.0e-04_history=2_kernel_sizes=5_conv_channels=256_fc_dims=256_seed0,cnn,0.154149658,0.244437933,0.074721566,0.000747964,0.101277791,0.25583867,217151,217151,50,0.793430968,2,TRUE,0.454568327,0.684682516,62,0.318552256,0.256694168,10,[5],[256],[256],6842251,bb5u23c1,316.2,trial_0183_learning_rate=5.0e-04_history=2_kernel_sizes=5_conv_channels=256_fc_dims=256_seed0,e097aac608,trial_0183_learning_rate=5.0e-04_history=2_kernel_sizes=5_conv_channels=256_fc_dims=256_seed0
/scratch/sb272/patterns5k_results/slurm_hist_cnn_2026-03-03_15-13-01/trial_0281_learning_rate=1.0e-03_history=1_kernel_sizes=5_conv_channels=256_fc_dims=256_seed1,cnn,0.15278703,0.246790835,0.074250031,-0.005305311,0.093105428,0.257509974,217151,217151,38,0.793260667,1,TRUE,0.454568327,0.680082262,60,0.318552256,0.258914322,13,[5],[256],[256],6842257,bc12u15n1,434.9,trial_0281_learning_rate=1.0e-03_history=1_kernel_sizes=5_conv_channels=256_fc_dims=256_seed1,ee950e1d1e,trial_0281_learning_rate=1.0e-03_history=1_kernel_sizes=5_conv_channels=256_fc_dims=256_seed1
/scratch/sb272/patterns5k_results/slurm_hist_cnn_2026-03-03_15-13-01/trial_0147_learning_rate=5.0e-04_history=2_kernel_sizes=3_conv_channels=256_fc_dims=256_seed0,cnn,0.154737933,0.238419237,0.071351281,0.001096142,0.10624934,0.251181412,163391,163391,50,0.79307803,2,TRUE,0.454568327,0.689534226,62,0.318552256,0.250211507,10,[3],[256],[256],6842249,bb4u22c1,342.6,trial_0147_learning_rate=5.0e-04_history=2_kernel_sizes=3_conv_channels=256_fc_dims=256_seed0,5749949a10,trial_0147_learning_rate=5.0e-04_history=2_kernel_sizes=3_conv_channels=256_fc_dims=256_seed0
/scratch/sb272/patterns5k_results/slurm_hist_cnn_2026-03-03_15-13-01/trial_0211_learning_rate=1.0e-03_history=1_kernel_sizes=5_conv_channels=256_fc_dims=256_seed0,cnn,0.15276146,0.247235833,0.07356322,-0.005787129,0.092120178,0.257438279,217151,217151,40,0.792996699,1,TRUE,0.454568327,0.681784864,62,0.318552256,0.259358376,13,[5],[256],[256],6842253,bb5u25c1,265.2,trial_0211_learning_rate=1.0e-03_history=1_kernel_sizes=5_conv_channels=256_fc_dims=256_seed0,243e7ee006,trial_0211_learning_rate=1.0e-03_history=1_kernel_sizes=5_conv_channels=256_fc_dims=256_seed0
/scratch/sb272/patterns5k_results/slurm_hist_cnn_2026-03-03_15-13-01/trial_0106_learning_rate=5.0e-04_history=1_kernel_sizes=5_conv_channels=256_fc_dims=256_seed1,cnn,0.152914778,0.245719006,0.074230949,-0.006374456,0.089778952,0.256653938,217151,217151,50,0.792860953,1,TRUE,0.454568327,0.686407764,62,0.318552256,0.257935852,13,[5],[256],[256],6842247,bb4u18c1,367.9,trial_0106_learning_rate=5.0e-04_history=1_kernel_sizes=5_conv_channels=256_fc_dims=256_seed1,73d5a69627,trial_0106_learning_rate=5.0e-04_history=1_kernel_sizes=5_conv_channels=256_fc_dims=256_seed1
/scratch/sb272/patterns5k_results/slurm_hist_cnn_2026-03-03_15-13-01/trial_0246_learning_rate=1.0e-03_history=1_kernel_sizes=5_conv_channels=256_fc_dims=256_seed2,cnn,0.152666171,0.248305342,0.075877214,-0.00633916,0.091491133,0.254104235,217151,217151,38,0.792707575,1,TRUE,0.454568327,0.681597005,62,0.318552256,0.260656148,13,[5],[256],[256],6842255,bb5u26c1,281.3,trial_0246_learning_rate=1.0e-03_history=1_kernel_sizes=5_conv_channels=256_fc_dims=256_seed2,210b28bef8,trial_0246_learning_rate=1.0e-03_history=1_kernel_sizes=5_conv_channels=256_fc_dims=256_seed2
/scratch/sb272/patterns5k_results/slurm_hist_cnn_2026-03-03_15-13-01/trial_0176_learning_rate=5.0e-04_history=1_kernel_sizes=5_conv_channels=256_fc_dims=256_seed2,cnn,0.152966663,0.246115723,0.072923342,-0.003889787,0.091971256,0.253470694,217151,217151,50,0.792589288,1,TRUE,0.454568327,0.688385732,62,0.318552256,0.25903517,12,[5],[256],[256],6842251,bb5u23c1,303,trial_0176_learning_rate=5.0e-04_history=1_kernel_sizes=5_conv_channels=256_fc_dims=256_seed2,d5c1773205,trial_0176_learning_rate=5.0e-04_history=1_kernel_sizes=5_conv_channels=256_fc_dims=256_seed2
/scratch/sb272/patterns5k_results/slurm_hist_cnn_2026-03-03_15-13-01/trial_0147_learning_rate=5.0e-04_history=2_kernel_sizes=3_conv_channels=256_fc_dims=256_seed2,cnn,0.154673681,0.239322226,0.071781863,0.00298141,0.10915333,0.248184428,163391,163391,50,0.791981166,2,TRUE,0.454568327,0.687952466,62,0.318552256,0.251644403,10,[3],[256],[256],6842249,bb4u22c1,349,trial_0147_learning_rate=5.0e-04_history=2_kernel_sizes=3_conv_channels=256_fc_dims=256_seed2,5749949a10,trial_0147_learning_rate=5.0e-04_history=2_kernel_sizes=3_conv_channels=256_fc_dims=256_seed2
/scratch/sb272/patterns5k_results/slurm_hist_cnn_2026-03-03_15-13-01/trial_0183_learning_rate=5.0e-04_history=2_kernel_sizes=5_conv_channels=256_fc_dims=256_seed1,cnn,0.154387669,0.244883316,0.072269734,0.001558348,0.097323604,0.255719095,217151,217151,50,0.791693502,2,TRUE,0.454568327,0.682211183,61,0.318552256,0.256775022,10,[5],[256],[256],6842252,bb5u23c1,325.8,trial_0183_learning_rate=5.0e-04_history=2_kernel_sizes=5_conv_channels=256_fc_dims=256_seed1,e097aac608,trial_0183_learning_rate=5.0e-04_history=2_kernel_sizes=5_conv_channels=256_fc_dims=256_seed1
/scratch/sb272/patterns5k_results/slurm_hist_cnn_2026-03-03_15-13-01/trial_0218_learning_rate=1.0e-03_history=2_kernel_sizes=5_conv_channels=256_fc_dims=256_seed1,cnn,0.154200298,0.243655301,0.072596555,0.001260171,0.099335052,0.255195196,217151,217151,43,0.791603535,2,TRUE,0.454568327,0.675786141,61,0.318552256,0.255038768,10,[5],[256],[256],6842254,bb5u25c1,281.5,trial_0218_learning_rate=1.0e-03_history=2_kernel_sizes=5_conv_channels=256_fc_dims=256_seed1,d44ec9d37c,trial_0218_learning_rate=1.0e-03_history=2_kernel_sizes=5_conv_channels=256_fc_dims=256_seed1
/scratch/sb272/patterns5k_results/slurm_hist_cnn_2026-03-03_15-13-01/trial_0176_learning_rate=5.0e-04_history=1_kernel_sizes=5_conv_channels=256_fc_dims=256_seed1,cnn,0.152871215,0.246279206,0.073789177,-0.006297002,0.090283491,0.256653412,217151,217151,50,0.79133769,1,TRUE,0.454568327,0.684867705,60,0.318552256,0.258351773,13,[5],[256],[256],6842251,bb5u23c1,306.4,trial_0176_learning_rate=5.0e-04_history=1_kernel_sizes=5_conv_channels=256_fc_dims=256_seed1,d5c1773205,trial_0176_learning_rate=5.0e-04_history=1_kernel_sizes=5_conv_channels=256_fc_dims=256_seed1
/scratch/sb272/patterns5k_results/slurm_hist_cnn_2026-03-03_15-13-01/trial_0112_learning_rate=5.0e-04_history=2_kernel_sizes=3_conv_channels=256_fc_dims=256_seed2,cnn,0.154546875,0.239947516,0.071741075,0.001361851,0.107016928,0.247904724,163391,163391,49,0.791027641,2,TRUE,0.454568327,0.68841878,62,0.318552256,0.251859009,10,[3],[256],[256],6842247,bb4u18c1,358.1,trial_0112_learning_rate=5.0e-04_history=2_kernel_sizes=3_conv_channels=256_fc_dims=256_seed2,5a41c8e0a1,trial_0112_learning_rate=5.0e-04_history=2_kernel_sizes=3_conv_channels=256_fc_dims=256_seed2
/scratch/sb272/patterns5k_results/slurm_hist_cnn_2026-03-03_15-13-01/trial_0210_learning_rate=1.0e-03_history=1_kernel_sizes=3_conv_channels=256_fc_dims=256_seed2,cnn,0.152570371,0.248820633,0.076337999,-0.001634988,0.103199735,0.255844095,163391,163391,50,0.790494468,1,TRUE,0.454568327,0.674943106,62,0.318552256,0.260743201,14,[3],[256],[256],6842253,bb5u25c1,283,trial_0210_learning_rate=1.0e-03_history=1_kernel_sizes=3_conv_channels=256_fc_dims=256_seed2,68a79d6082,trial_0210_learning_rate=1.0e-03_history=1_kernel_sizes=3_conv_channels=256_fc_dims=256_seed2
/scratch/sb272/patterns5k_results/slurm_hist_cnn_2026-03-03_15-13-01/trial_0148_learning_rate=5.0e-04_history=2_kernel_sizes=5_conv_channels=256_fc_dims=256_seed2,cnn,0.154200673,0.244003631,0.073441769,0.001403035,0.098764375,0.252985983,217151,217151,50,0.790214325,2,TRUE,0.454568327,0.681299975,62,0.318552256,0.255989492,10,[5],[256],[256],6842249,bb4u22c1,355.9,trial_0148_learning_rate=5.0e-04_history=2_kernel_sizes=5_conv_channels=256_fc_dims=256_seed2,c23a66100b,trial_0148_learning_rate=5.0e-04_history=2_kernel_sizes=5_conv_channels=256_fc_dims=256_seed2
/scratch/sb272/patterns5k_results/slurm_hist_cnn_2026-03-03_15-13-01/trial_0252_learning_rate=1.0e-03_history=2_kernel_sizes=3_conv_channels=256_fc_dims=256_seed1,cnn,0.154716933,0.239716376,0.072079588,0.00247559,0.109552726,0.251576955,163391,163391,39,0.789824618,2,TRUE,0.454568327,0.682487448,62,0.318552256,0.251672268,9,[3],[256],[256],6842256,bc12u13n4,504.2,trial_0252_learning_rate=1.0e-03_history=2_kernel_sizes=3_conv_channels=256_fc_dims=256_seed1,baa05aa1da,trial_0252_learning_rate=1.0e-03_history=2_kernel_sizes=3_conv_channels=256_fc_dims=256_seed1
/scratch/sb272/patterns5k_results/slurm_hist_cnn_2026-03-03_15-13-01/trial_0182_learning_rate=5.0e-04_history=2_kernel_sizes=3_conv_channels=256_fc_dims=256_seed1,cnn,0.154840022,0.237721765,0.070791223,0.001995893,0.106955484,0.250948199,163391,163391,50,0.789778451,2,TRUE,0.454568327,0.685876183,62,0.318552256,0.249592558,8,[3],[256],[256],6842251,bb5u23c1,299.2,trial_0182_learning_rate=5.0e-04_history=2_kernel_sizes=3_conv_channels=256_fc_dims=256_seed1,df5f803beb,trial_0182_learning_rate=5.0e-04_history=2_kernel_sizes=3_conv_channels=256_fc_dims=256_seed1
/scratch/sb272/patterns5k_results/slurm_hist_cnn_2026-03-03_15-13-01/trial_0148_learning_rate=5.0e-04_history=2_kernel_sizes=5_conv_channels=256_fc_dims=256_seed0,cnn,0.154332705,0.243103759,0.073285288,0.000751388,0.096916139,0.256248995,217151,217151,50,0.789680207,2,TRUE,0.454568327,0.683952631,62,0.318552256,0.255037099,10,[5],[256],[256],6842249,bb4u22c1,354.7,trial_0148_learning_rate=5.0e-04_history=2_kernel_sizes=5_conv_channels=256_fc_dims=256_seed0,c23a66100b,trial_0148_learning_rate=5.0e-04_history=2_kernel_sizes=5_conv_channels=256_fc_dims=256_seed0
/scratch/sb272/patterns5k_results/slurm_hist_cnn_2026-03-03_15-13-01/trial_0252_learning_rate=1.0e-03_history=2_kernel_sizes=3_conv_channels=256_fc_dims=256_seed0,cnn,0.155022501,0.238446992,0.07029758,0.002701777,0.108552188,0.250004808,163391,163391,50,0.789663291,2,TRUE,0.454568327,0.680401375,62,0.318552256,0.249974549,10,[3],[256],[256],6842256,bc12u13n4,557.4,trial_0252_learning_rate=1.0e-03_history=2_kernel_sizes=3_conv_channels=256_fc_dims=256_seed0,baa05aa1da,trial_0252_learning_rate=1.0e-03_history=2_kernel_sizes=3_conv_channels=256_fc_dims=256_seed0
/scratch/sb272/patterns5k_results/slurm_hist_cnn_2026-03-03_15-13-01/trial_0246_learning_rate=1.0e-03_history=1_kernel_sizes=5_conv_channels=256_fc_dims=256_seed0,cnn,0.152868693,0.246680527,0.075343897,-0.006366437,0.089727789,0.257000019,217151,217151,41,0.789243294,1,TRUE,0.454568327,0.679866827,60,0.318552256,0.258924872,13,[5],[256],[256],6842255,bb5u26c1,289.3,trial_0246_learning_rate=1.0e-03_history=1_kernel_sizes=5_conv_channels=256_fc_dims=256_seed0,210b28bef8,trial_0246_learning_rate=1.0e-03_history=1_kernel_sizes=5_conv_channels=256_fc_dims=256_seed0
/scratch/sb272/patterns5k_results/slurm_hist_cnn_2026-03-03_15-13-01/trial_0217_learning_rate=1.0e-03_history=2_kernel_sizes=3_conv_channels=256_fc_dims=256_seed1,cnn,0.154754858,0.238681318,0.071510779,0.003134247,0.108847752,0.25151043,163391,163391,44,0.788795034,2,TRUE,0.454568327,0.681512236,62,0.318552256,0.25071761,9,[3],[256],[256],6842254,bb5u25c1,265.7,trial_0217_learning_rate=1.0e-03_history=2_kernel_sizes=3_conv_channels=256_fc_dims=256_seed1,1f2e602697,trial_0217_learning_rate=1.0e-03_history=2_kernel_sizes=3_conv_channels=256_fc_dims=256_seed1
/scratch/sb272/patterns5k_results/slurm_hist_cnn_2026-03-03_15-13-01/trial_0211_learning_rate=1.0e-03_history=1_kernel_sizes=5_conv_channels=256_fc_dims=256_seed2,cnn,0.152589519,0.247953504,0.075876366,-0.004941176,0.0939169,0.253312164,217151,217151,42,0.788708697,1,TRUE,0.454568327,0.679874186,60,0.318552256,0.260714412,13,[5],[256],[256],6842253,bb5u25c1,275.9,trial_0211_learning_rate=1.0e-03_history=1_kernel_sizes=5_conv_channels=256_fc_dims=256_seed2,243e7ee006,trial_0211_learning_rate=1.0e-03_history=1_kernel_sizes=5_conv_channels=256_fc_dims=256_seed2
/scratch/sb272/patterns5k_results/slurm_hist_cnn_2026-03-03_15-13-01/trial_0211_learning_rate=1.0e-03_history=1_kernel_sizes=5_conv_channels=256_fc_dims=256_seed1,cnn,0.153041673,0.246584848,0.073921144,-0.004216358,0.091225691,0.257270802,217151,217151,43,0.788425723,1,TRUE,0.454568327,0.678452444,61,0.318552256,0.258563131,13,[5],[256],[256],6842253,bb5u25c1,272.9,trial_0211_learning_rate=1.0e-03_history=1_kernel_sizes=5_conv_channels=256_fc_dims=256_seed1,243e7ee006,trial_0211_learning_rate=1.0e-03_history=1_kernel_sizes=5_conv_channels=256_fc_dims=256_seed1
/scratch/sb272/patterns5k_results/slurm_hist_cnn_2026-03-03_15-13-01/trial_0253_learning_rate=1.0e-03_history=2_kernel_sizes=5_conv_channels=256_fc_dims=256_seed0,cnn,0.153998923,0.245916892,0.074859923,-0.000750838,0.098293178,0.257455921,217151,217151,42,0.788406921,2,TRUE,0.454568327,0.675758338,62,0.318552256,0.257479489,10,[5],[256],[256],6842256,bc12u13n4,547.8,trial_0253_learning_rate=1.0e-03_history=2_kernel_sizes=5_conv_channels=256_fc_dims=256_seed0,816979ca67,trial_0253_learning_rate=1.0e-03_history=2_kernel_sizes=5_conv_channels=256_fc_dims=256_seed0
/scratch/sb272/patterns5k_results/slurm_hist_cnn_2026-03-03_15-13-01/trial_0281_learning_rate=1.0e-03_history=1_kernel_sizes=5_conv_channels=256_fc_dims=256_seed0,cnn,0.152594374,0.246945357,0.075286079,-0.005092816,0.094709456,0.256426628,217151,217151,42,0.788074112,1,TRUE,0.454568327,0.679522272,61,0.318552256,0.25940302,13,[5],[256],[256],6842257,bc12u15n1,451.8,trial_0281_learning_rate=1.0e-03_history=1_kernel_sizes=5_conv_channels=256_fc_dims=256_seed0,ee950e1d1e,trial_0281_learning_rate=1.0e-03_history=1_kernel_sizes=5_conv_channels=256_fc_dims=256_seed0
/scratch/sb272/patterns5k_results/slurm_hist_cnn_2026-03-03_15-13-01/trial_0253_learning_rate=1.0e-03_history=2_kernel_sizes=5_conv_channels=256_fc_dims=256_seed2,cnn,0.154122362,0.244663584,0.073865144,0.001493901,0.099103704,0.252221258,217151,217151,43,0.787945572,2,TRUE,0.454568327,0.674597082,60,0.318552256,0.256459981,10,[5],[256],[256],6842256,bc12u13n4,549.2,trial_0253_learning_rate=1.0e-03_history=2_kernel_sizes=5_conv_channels=256_fc_dims=256_seed2,816979ca67,trial_0253_learning_rate=1.0e-03_history=2_kernel_sizes=5_conv_channels=256_fc_dims=256_seed2
/scratch/sb272/patterns5k_results/slurm_hist_cnn_2026-03-03_15-13-01/trial_0281_learning_rate=1.0e-03_history=1_kernel_sizes=5_conv_channels=256_fc_dims=256_seed2,cnn,0.152636577,0.247060933,0.074632226,-0.004861066,0.090755939,0.252323742,217151,217151,36,0.78784011,1,TRUE,0.454568327,0.681206523,61,0.318552256,0.259218097,13,[5],[256],[256],6842257,bc12u15n1,423.4,trial_0281_learning_rate=1.0e-03_history=1_kernel_sizes=5_conv_channels=256_fc_dims=256_seed2,ee950e1d1e,trial_0281_learning_rate=1.0e-03_history=1_kernel_sizes=5_conv_channels=256_fc_dims=256_seed2
/scratch/sb272/patterns5k_results/slurm_hist_cnn_2026-03-03_15-13-01/trial_0106_learning_rate=5.0e-04_history=1_kernel_sizes=5_conv_channels=256_fc_dims=256_seed2,cnn,0.152722775,0.245723766,0.074178914,-0.005423519,0.092915274,0.252896322,217151,217151,50,0.787545102,1,TRUE,0.454568327,0.685872504,62,0.318552256,0.258013099,13,[5],[256],[256],6842247,bb4u18c1,351.8,trial_0106_learning_rate=5.0e-04_history=1_kernel_sizes=5_conv_channels=256_fc_dims=256_seed2,73d5a69627,trial_0106_learning_rate=5.0e-04_history=1_kernel_sizes=5_conv_channels=256_fc_dims=256_seed2
/scratch/sb272/patterns5k_results/slurm_hist_cnn_2026-03-03_15-13-01/trial_0175_learning_rate=5.0e-04_history=1_kernel_sizes=3_conv_channels=256_fc_dims=256_seed1,cnn,0.152603243,0.247292373,0.076279993,-0.00574311,0.098838314,0.259513144,163391,163391,50,0.787219523,1,TRUE,0.454568327,0.679926512,62,0.318552256,0.259095132,12,[3],[256],[256],6842251,bb5u23c1,292.5,trial_0175_learning_rate=5.0e-04_history=1_kernel_sizes=3_conv_channels=256_fc_dims=256_seed1,faf4c8bd9b,trial_0175_learning_rate=5.0e-04_history=1_kernel_sizes=3_conv_channels=256_fc_dims=256_seed1
/scratch/sb272/patterns5k_results/slurm_hist_cnn_2026-03-03_15-13-01/trial_0147_learning_rate=5.0e-04_history=2_kernel_sizes=3_conv_channels=256_fc_dims=256_seed1,cnn,0.155200135,0.238298816,0.068679912,0.00411762,0.108406387,0.251222028,163391,163391,49,0.786700621,2,TRUE,0.454568327,0.68622135,62,0.318552256,0.250351846,9,[3],[256],[256],6842249,bb4u22c1,350.5,trial_0147_learning_rate=5.0e-04_history=2_kernel_sizes=3_conv_channels=256_fc_dims=256_seed1,5749949a10,trial_0147_learning_rate=5.0e-04_history=2_kernel_sizes=3_conv_channels=256_fc_dims=256_seed1
/scratch/sb272/patterns5k_results/slurm_hist_cnn_2026-03-03_15-13-01/trial_0252_learning_rate=1.0e-03_history=2_kernel_sizes=3_conv_channels=256_fc_dims=256_seed2,cnn,0.154843169,0.239175616,0.070880074,0.003450818,0.107524306,0.248791031,163391,163391,39,0.786577019,2,TRUE,0.454568327,0.682954661,62,0.318552256,0.251181871,10,[3],[256],[256],6842256,bc12u13n4,501.5,trial_0252_learning_rate=1.0e-03_history=2_kernel_sizes=3_conv_channels=256_fc_dims=256_seed2,baa05aa1da,trial_0252_learning_rate=1.0e-03_history=2_kernel_sizes=3_conv_channels=256_fc_dims=256_seed2
/scratch/sb272/patterns5k_results/slurm_hist_cnn_2026-03-03_15-13-01/trial_0287_learning_rate=1.0e-03_history=2_kernel_sizes=3_conv_channels=256_fc_dims=256_seed2,cnn,0.155168948,0.238064425,0.069433827,0.004146179,0.10761451,0.247737922,163391,163391,50,0.78647718,2,TRUE,0.454568327,0.68189066,62,0.318552256,0.250018746,10,[3],[256],[256],6842258,bc12u15n3,529.5,trial_0287_learning_rate=1.0e-03_history=2_kernel_sizes=3_conv_channels=256_fc_dims=256_seed2,606f19c554,trial_0287_learning_rate=1.0e-03_history=2_kernel_sizes=3_conv_channels=256_fc_dims=256_seed2
/scratch/sb272/patterns5k_results/slurm_hist_cnn_2026-03-03_15-13-01/trial_0182_learning_rate=5.0e-04_history=2_kernel_sizes=3_conv_channels=256_fc_dims=256_seed2,cnn,0.155067298,0.237983789,0.068892086,0.003862073,0.106026158,0.247773333,163391,163391,50,0.786344143,2,TRUE,0.454568327,0.684799864,62,0.318552256,0.249886692,9,[3],[256],[256],6842251,bb5u23c1,291.7,trial_0182_learning_rate=5.0e-04_history=2_kernel_sizes=3_conv_channels=256_fc_dims=256_seed2,df5f803beb,trial_0182_learning_rate=5.0e-04_history=2_kernel_sizes=3_conv_channels=256_fc_dims=256_seed2
/scratch/sb272/patterns5k_results/slurm_hist_cnn_2026-03-03_15-13-01/trial_0140_learning_rate=5.0e-04_history=1_kernel_sizes=3_conv_channels=256_fc_dims=256_seed2,cnn,0.15250676,0.249412022,0.076899006,-0.004294301,0.101848848,0.255571922,163391,163391,50,0.786104835,1,TRUE,0.454568327,0.679078583,62,0.318552256,0.261163175,14,[3],[256],[256],6842249,bb4u22c1,339.8,trial_0140_learning_rate=5.0e-04_history=1_kernel_sizes=3_conv_channels=256_fc_dims=256_seed2,7baea049c3,trial_0140_learning_rate=5.0e-04_history=1_kernel_sizes=3_conv_channels=256_fc_dims=256_seed2
/scratch/sb272/patterns5k_results/slurm_hist_cnn_2026-03-03_15-13-01/trial_0107_learning_rate=5.0e-04_history=1_kernel_sizes=10_conv_channels=256_fc_dims=256_seed0,cnn,0.154028249,0.240820729,0.069094827,-0.011711315,0.075881377,0.251599176,351551,351551,46,0.786005636,1,TRUE,0.454568327,0.678913873,59,0.318552256,0.253042102,11,[10],[256],[256],6842247,bb4u18c1,402.8,trial_0107_learning_rate=5.0e-04_history=1_kernel_sizes=10_conv_channels=256_fc_dims=256_seed0,314e66738e,trial_0107_learning_rate=5.0e-04_history=1_kernel_sizes=10_conv_channels=256_fc_dims=256_seed0
/scratch/sb272/patterns5k_results/slurm_hist_cnn_2026-03-03_15-13-01/trial_0280_learning_rate=1.0e-03_history=1_kernel_sizes=3_conv_channels=256_fc_dims=256_seed2,cnn,0.152595408,0.248179665,0.07597287,-0.003965718,0.102151431,0.254692496,163391,163391,42,0.785846556,1,TRUE,0.454568327,0.671507486,60,0.318552256,0.259296775,13,[3],[256],[256],6842257,bc12u15n1,432.7,trial_0280_learning_rate=1.0e-03_history=1_kernel_sizes=3_conv_channels=256_fc_dims=256_seed2,75e018929b,trial_0280_learning_rate=1.0e-03_history=1_kernel_sizes=3_conv_channels=256_fc_dims=256_seed2
/scratch/sb272/patterns5k_results/slurm_hist_cnn_2026-03-03_15-13-01/trial_0113_learning_rate=5.0e-04_history=2_kernel_sizes=5_conv_channels=256_fc_dims=256_seed1,cnn,0.154145466,0.242336801,0.073409264,0.00085066,0.099726103,0.256274936,217151,217151,47,0.785663832,2,TRUE,0.454568327,0.680080223,62,0.318552256,0.254305661,10,[5],[256],[256],6842247,bb4u18c1,353.2,trial_0113_learning_rate=5.0e-04_history=2_kernel_sizes=5_conv_channels=256_fc_dims=256_seed1,d11bf38b01,trial_0113_learning_rate=5.0e-04_history=2_kernel_sizes=5_conv_channels=256_fc_dims=256_seed1
/scratch/sb272/patterns5k_results/slurm_hist_cnn_2026-03-03_15-13-01/trial_0287_learning_rate=1.0e-03_history=2_kernel_sizes=3_conv_channels=256_fc_dims=256_seed1,cnn,0.15494947,0.238914046,0.070703276,0.003628365,0.107439116,0.250973148,163391,163391,45,0.785461773,2,TRUE,0.454568327,0.67907946,62,0.318552256,0.250981539,9,[3],[256],[256],6842258,bc12u15n3,504.5,trial_0287_learning_rate=1.0e-03_history=2_kernel_sizes=3_conv_channels=256_fc_dims=256_seed1,606f19c554,trial_0287_learning_rate=1.0e-03_history=2_kernel_sizes=3_conv_channels=256_fc_dims=256_seed1
/scratch/sb272/patterns5k_results/slurm_hist_cnn_2026-03-03_15-13-01/trial_0177_learning_rate=5.0e-04_history=1_kernel_sizes=10_conv_channels=256_fc_dims=256_seed2,cnn,0.153491049,0.242669994,0.071015447,-0.010247867,0.079097353,0.249672087,351551,351551,40,0.785178671,1,TRUE,0.454568327,0.679435893,59,0.318552256,0.255018115,12,[10],[256],[256],6842251,bb5u23c1,311.2,trial_0177_learning_rate=5.0e-04_history=1_kernel_sizes=10_conv_channels=256_fc_dims=256_seed2,9fb36a3e69,trial_0177_learning_rate=5.0e-04_history=1_kernel_sizes=10_conv_channels=256_fc_dims=256_seed2
/scratch/sb272/patterns5k_results/slurm_hist_cnn_2026-03-03_15-13-01/trial_0183_learning_rate=5.0e-04_history=2_kernel_sizes=5_conv_channels=256_fc_dims=256_seed2,cnn,0.154157575,0.243484022,0.072641215,0.000855765,0.096558936,0.25192039,217151,217151,50,0.785034144,2,TRUE,0.454568327,0.677259718,61,0.318552256,0.25529784,10,[5],[256],[256],6842252,bb5u23c1,310.6,trial_0183_learning_rate=5.0e-04_history=2_kernel_sizes=5_conv_channels=256_fc_dims=256_seed2,e097aac608,trial_0183_learning_rate=5.0e-04_history=2_kernel_sizes=5_conv_channels=256_fc_dims=256_seed2
/scratch/sb272/patterns5k_results/slurm_hist_cnn_2026-03-03_15-13-01/trial_0140_learning_rate=5.0e-04_history=1_kernel_sizes=3_conv_channels=256_fc_dims=256_seed0,cnn,0.152715207,0.247403164,0.074600856,-0.002602733,0.101042487,0.258830958,163391,163391,50,0.784822024,1,TRUE,0.454568327,0.679025296,62,0.318552256,0.258923769,13,[3],[256],[256],6842249,bb4u22c1,353,trial_0140_learning_rate=5.0e-04_history=1_kernel_sizes=3_conv_channels=256_fc_dims=256_seed0,7baea049c3,trial_0140_learning_rate=5.0e-04_history=1_kernel_sizes=3_conv_channels=256_fc_dims=256_seed0
/scratch/sb272/patterns5k_results/slurm_hist_cnn_2026-03-03_15-13-01/trial_0253_learning_rate=1.0e-03_history=2_kernel_sizes=5_conv_channels=256_fc_dims=256_seed1,cnn,0.154025559,0.244279132,0.073830218,0.001660964,0.099064261,0.256605462,217151,217151,45,0.784689048,2,TRUE,0.454568327,0.673594172,61,0.318552256,0.256381691,10,[5],[256],[256],6842256,bc12u13n4,572.5,trial_0253_learning_rate=1.0e-03_history=2_kernel_sizes=5_conv_channels=256_fc_dims=256_seed1,816979ca67,trial_0253_learning_rate=1.0e-03_history=2_kernel_sizes=5_conv_channels=256_fc_dims=256_seed1
/scratch/sb272/patterns5k_results/slurm_hist_cnn_2026-03-03_15-13-01/trial_0246_learning_rate=1.0e-03_history=1_kernel_sizes=5_conv_channels=256_fc_dims=256_seed1,cnn,0.153150636,0.244965043,0.072702836,-0.004983726,0.089515731,0.257522742,217151,217151,41,0.784662618,1,TRUE,0.454568327,0.676441198,61,0.318552256,0.257313251,13,[5],[256],[256],6842255,bb5u26c1,295.5,trial_0246_learning_rate=1.0e-03_history=1_kernel_sizes=5_conv_channels=256_fc_dims=256_seed1,210b28bef8,trial_0246_learning_rate=1.0e-03_history=1_kernel_sizes=5_conv_channels=256_fc_dims=256_seed1
/scratch/sb272/patterns5k_results/slurm_hist_cnn_2026-03-03_15-13-01/trial_0105_learning_rate=5.0e-04_history=1_kernel_sizes=3_conv_channels=256_fc_dims=256_seed0,cnn,0.152760096,0.247457068,0.075954929,-0.003125806,0.103388332,0.260172892,163391,163391,50,0.784639927,1,TRUE,0.454568327,0.678352812,62,0.318552256,0.259553045,13,[3],[256],[256],6842247,bb4u18c1,341.1,trial_0105_learning_rate=5.0e-04_history=1_kernel_sizes=3_conv_channels=256_fc_dims=256_seed0,490510e9d7,trial_0105_learning_rate=5.0e-04_history=1_kernel_sizes=3_conv_channels=256_fc_dims=256_seed0
/scratch/sb272/patterns5k_results/slurm_hist_cnn_2026-03-03_15-13-01/trial_0245_learning_rate=1.0e-03_history=1_kernel_sizes=3_conv_channels=256_fc_dims=256_seed2,cnn,0.152563898,0.248262625,0.075752706,-0.002427604,0.101245686,0.254902644,163391,163391,50,0.784561534,1,TRUE,0.454568327,0.674467,62,0.318552256,0.259903789,14,[3],[256],[256],6842255,bb5u26c1,303.4,trial_0245_learning_rate=1.0e-03_history=1_kernel_sizes=3_conv_channels=256_fc_dims=256_seed2,4a11e41771,trial_0245_learning_rate=1.0e-03_history=1_kernel_sizes=3_conv_channels=256_fc_dims=256_seed2
/scratch/sb272/patterns5k_results/slurm_hist_cnn_2026-03-03_15-13-01/trial_0218_learning_rate=1.0e-03_history=2_kernel_sizes=5_conv_channels=256_fc_dims=256_seed2,cnn,0.154225559,0.245098757,0.074334105,0.002296329,0.101414219,0.253014919,217151,217151,45,0.784467048,2,TRUE,0.454568327,0.674117879,62,0.318552256,0.257102877,10,[5],[256],[256],6842254,bb5u25c1,281,trial_0218_learning_rate=1.0e-03_history=2_kernel_sizes=5_conv_channels=256_fc_dims=256_seed2,d44ec9d37c,trial_0218_learning_rate=1.0e-03_history=2_kernel_sizes=5_conv_channels=256_fc_dims=256_seed2
/scratch/sb272/patterns5k_results/slurm_hist_cnn_2026-03-03_15-13-01/trial_0217_learning_rate=1.0e-03_history=2_kernel_sizes=3_conv_channels=256_fc_dims=256_seed0,cnn,0.154979426,0.237562208,0.070790286,0.003693926,0.11054837,0.250360801,163391,163391,46,0.784030028,2,TRUE,0.454568327,0.678928738,62,0.318552256,0.249784008,9,[3],[256],[256],6842254,bb5u25c1,270.2,trial_0217_learning_rate=1.0e-03_history=2_kernel_sizes=3_conv_channels=256_fc_dims=256_seed0,1f2e602697,trial_0217_learning_rate=1.0e-03_history=2_kernel_sizes=3_conv_channels=256_fc_dims=256_seed0
/scratch/sb272/patterns5k_results/slurm_hist_cnn_2026-03-03_15-13-01/trial_0288_learning_rate=1.0e-03_history=2_kernel_sizes=5_conv_channels=256_fc_dims=256_seed1,cnn,0.154466027,0.244257093,0.070239946,0.003155093,0.099891387,0.256522136,217151,217151,42,0.784011782,2,TRUE,0.454568327,0.674581539,62,0.318552256,0.256101847,10,[5],[256],[256],6842258,bc12u15n3,513.3,trial_0288_learning_rate=1.0e-03_history=2_kernel_sizes=5_conv_channels=256_fc_dims=256_seed1,783d330dd0,trial_0288_learning_rate=1.0e-03_history=2_kernel_sizes=5_conv_channels=256_fc_dims=256_seed1
/scratch/sb272/patterns5k_results/slurm_hist_cnn_2026-03-03_15-13-01/trial_0247_learning_rate=1.0e-03_history=1_kernel_sizes=10_conv_channels=256_fc_dims=256_seed2,cnn,0.1532587,0.243708533,0.071440443,-0.009534302,0.078742117,0.250752392,351551,351551,36,0.783799556,1,TRUE,0.454568327,0.671824589,59,0.318552256,0.256205022,13,[10],[256],[256],6842255,bb5u26c1,322.4,trial_0247_learning_rate=1.0e-03_history=1_kernel_sizes=10_conv_channels=256_fc_dims=256_seed2,1616821b61,trial_0247_learning_rate=1.0e-03_history=1_kernel_sizes=10_conv_channels=256_fc_dims=256_seed2
/scratch/sb272/patterns5k_results/slurm_hist_cnn_2026-03-03_15-13-01/trial_0175_learning_rate=5.0e-04_history=1_kernel_sizes=3_conv_channels=256_fc_dims=256_seed2,cnn,0.152644679,0.247705969,0.075297077,-0.003675856,0.099523656,0.254453853,163391,163391,50,0.783682379,1,TRUE,0.454568327,0.677414005,62,0.318552256,0.258992463,14,[3],[256],[256],6842251,bb5u23c1,296.3,trial_0175_learning_rate=5.0e-04_history=1_kernel_sizes=3_conv_channels=256_fc_dims=256_seed2,faf4c8bd9b,trial_0175_learning_rate=5.0e-04_history=1_kernel_sizes=3_conv_channels=256_fc_dims=256_seed2
/scratch/sb272/patterns5k_results/slurm_hist_cnn_2026-03-03_15-13-01/trial_0113_learning_rate=5.0e-04_history=2_kernel_sizes=5_conv_channels=256_fc_dims=256_seed2,cnn,0.154461386,0.243314897,0.072135081,0.003059755,0.102472946,0.252490901,217151,217151,50,0.783425544,2,TRUE,0.454568327,0.679394683,62,0.318552256,0.255867422,10,[5],[256],[256],6842247,bb4u18c1,393.5,trial_0113_learning_rate=5.0e-04_history=2_kernel_sizes=5_conv_channels=256_fc_dims=256_seed2,d11bf38b01,trial_0113_learning_rate=5.0e-04_history=2_kernel_sizes=5_conv_channels=256_fc_dims=256_seed2
/scratch/sb272/patterns5k_results/slurm_hist_cnn_2026-03-03_15-13-01/trial_0107_learning_rate=5.0e-04_history=1_kernel_sizes=10_conv_channels=256_fc_dims=256_seed1,cnn,0.153905298,0.242144619,0.070384958,-0.010118815,0.080490597,0.250823208,351551,351551,48,0.783121116,1,TRUE,0.454568327,0.677344615,60,0.318552256,0.254585057,13,[10],[256],[256],6842247,bb4u18c1,411.8,trial_0107_learning_rate=5.0e-04_history=1_kernel_sizes=10_conv_channels=256_fc_dims=256_seed1,314e66738e,trial_0107_learning_rate=5.0e-04_history=1_kernel_sizes=10_conv_channels=256_fc_dims=256_seed1
/scratch/sb272/patterns5k_results/slurm_hist_cnn_2026-03-03_15-13-01/trial_0245_learning_rate=1.0e-03_history=1_kernel_sizes=3_conv_channels=256_fc_dims=256_seed1,cnn,0.152943944,0.247158678,0.074953837,-0.001428913,0.10445556,0.259146343,163391,163391,44,0.783090631,1,TRUE,0.454568327,0.671479129,61,0.318552256,0.258450836,13,[3],[256],[256],6842255,bb5u26c1,286.8,trial_0245_learning_rate=1.0e-03_history=1_kernel_sizes=3_conv_channels=256_fc_dims=256_seed1,4a11e41771,trial_0245_learning_rate=1.0e-03_history=1_kernel_sizes=3_conv_channels=256_fc_dims=256_seed1
/scratch/sb272/patterns5k_results/slurm_hist_cnn_2026-03-03_15-13-01/trial_0212_learning_rate=1.0e-03_history=1_kernel_sizes=10_conv_channels=256_fc_dims=256_seed2,cnn,0.15331986,0.243913008,0.072045497,-0.01039622,0.078433469,0.250287502,351551,351551,38,0.782600852,1,TRUE,0.454568327,0.67144268,60,0.318552256,0.256103069,13,[10],[256],[256],6842253,bb5u25c1,302.5,trial_0212_learning_rate=1.0e-03_history=1_kernel_sizes=10_conv_channels=256_fc_dims=256_seed2,2332f9a9be,trial_0212_learning_rate=1.0e-03_history=1_kernel_sizes=10_conv_channels=256_fc_dims=256_seed2
/scratch/sb272/patterns5k_results/slurm_hist_cnn_2026-03-03_15-13-01/trial_0148_learning_rate=5.0e-04_history=2_kernel_sizes=5_conv_channels=256_fc_dims=256_seed1,cnn,0.154380431,0.242475613,0.073487018,0.001457917,0.099368945,0.255375053,217151,217151,44,0.782345677,2,TRUE,0.454568327,0.677652638,62,0.318552256,0.25476405,10,[5],[256],[256],6842249,bb4u22c1,341.4,trial_0148_learning_rate=5.0e-04_history=2_kernel_sizes=5_conv_channels=256_fc_dims=256_seed1,c23a66100b,trial_0148_learning_rate=5.0e-04_history=2_kernel_sizes=5_conv_channels=256_fc_dims=256_seed1
/scratch/sb272/patterns5k_results/slurm_hist_cnn_2026-03-03_15-13-01/trial_0142_learning_rate=5.0e-04_history=1_kernel_sizes=10_conv_channels=256_fc_dims=256_seed1,cnn,0.153933934,0.241616516,0.070551831,-0.01148484,0.074498817,0.251741597,351551,351551,45,0.781827804,1,TRUE,0.454568327,0.676729019,59,0.318552256,0.253856987,13,[10],[256],[256],6842249,bb4u22c1,387.3,trial_0142_learning_rate=5.0e-04_history=1_kernel_sizes=10_conv_channels=256_fc_dims=256_seed1,eb7a9e4a37,trial_0142_learning_rate=5.0e-04_history=1_kernel_sizes=10_conv_channels=256_fc_dims=256_seed1
/scratch/sb272/patterns5k_results/slurm_hist_cnn_2026-03-03_15-13-01/trial_0282_learning_rate=1.0e-03_history=1_kernel_sizes=10_conv_channels=256_fc_dims=256_seed2,cnn,0.153400311,0.242531246,0.069807238,-0.010143713,0.077886462,0.24960892,351551,351551,36,0.781477996,1,TRUE,0.454568327,0.67364252,61,0.318552256,0.255228549,12,[10],[256],[256],6842257,bc12u15n1,493.1,trial_0282_learning_rate=1.0e-03_history=1_kernel_sizes=10_conv_channels=256_fc_dims=256_seed2,5ff77166e0,trial_0282_learning_rate=1.0e-03_history=1_kernel_sizes=10_conv_channels=256_fc_dims=256_seed2
/scratch/sb272/patterns5k_results/slurm_hist_cnn_2026-03-03_15-13-01/trial_0282_learning_rate=1.0e-03_history=1_kernel_sizes=10_conv_channels=256_fc_dims=256_seed1,cnn,0.153150739,0.244538535,0.072230861,-0.01093395,0.074447006,0.255927274,351551,351551,35,0.781356681,1,TRUE,0.454568327,0.671202281,59,0.318552256,0.256969124,13,[10],[256],[256],6842257,bc12u15n1,475.5,trial_0282_learning_rate=1.0e-03_history=1_kernel_sizes=10_conv_channels=256_fc_dims=256_seed1,5ff77166e0,trial_0282_learning_rate=1.0e-03_history=1_kernel_sizes=10_conv_channels=256_fc_dims=256_seed1
/scratch/sb272/patterns5k_results/slurm_hist_cnn_2026-03-03_15-13-01/trial_0245_learning_rate=1.0e-03_history=1_kernel_sizes=3_conv_channels=256_fc_dims=256_seed0,cnn,0.152642237,0.247282001,0.075062446,-0.002234989,0.103334993,0.258884106,163391,163391,50,0.781105665,1,TRUE,0.454568327,0.670498992,61,0.318552256,0.258469373,14,[3],[256],[256],6842255,bb5u26c1,303.4,trial_0245_learning_rate=1.0e-03_history=1_kernel_sizes=3_conv_channels=256_fc_dims=256_seed0,4a11e41771,trial_0245_learning_rate=1.0e-03_history=1_kernel_sizes=3_conv_channels=256_fc_dims=256_seed0
/scratch/sb272/patterns5k_results/slurm_hist_cnn_2026-03-03_15-13-01/trial_0212_learning_rate=1.0e-03_history=1_kernel_sizes=10_conv_channels=256_fc_dims=256_seed1,cnn,0.153417236,0.243824173,0.070167214,-0.011539726,0.074508138,0.254490013,351551,351551,36,0.780941683,1,TRUE,0.454568327,0.671921477,59,0.318552256,0.255374253,12,[10],[256],[256],6842253,bb5u25c1,292.8,trial_0212_learning_rate=1.0e-03_history=1_kernel_sizes=10_conv_channels=256_fc_dims=256_seed1,2332f9a9be,trial_0212_learning_rate=1.0e-03_history=1_kernel_sizes=10_conv_channels=256_fc_dims=256_seed1
/scratch/sb272/patterns5k_results/slurm_hist_cnn_2026-03-03_15-13-01/trial_0114_learning_rate=5.0e-04_history=2_kernel_sizes=10_conv_channels=256_fc_dims=256_seed2,cnn,0.155558244,0.234402508,0.065593112,-0.004983249,0.085290365,0.240618847,351551,351551,46,0.780857294,2,TRUE,0.454568327,0.672975481,61,0.318552256,0.246697173,9,[10],[256],[256],6842247,bb4u18c1,406.3,trial_0114_learning_rate=5.0e-04_history=2_kernel_sizes=10_conv_channels=256_fc_dims=256_seed2,2ab11121fe,trial_0114_learning_rate=5.0e-04_history=2_kernel_sizes=10_conv_channels=256_fc_dims=256_seed2
/scratch/sb272/patterns5k_results/slurm_hist_cnn_2026-03-03_15-13-01/trial_0210_learning_rate=1.0e-03_history=1_kernel_sizes=3_conv_channels=256_fc_dims=256_seed1,cnn,0.152789045,0.248073665,0.074272914,-0.001532592,0.100752503,0.259867372,163391,163391,50,0.780756851,1,TRUE,0.454568327,0.670179817,60,0.318552256,0.259709656,13,[3],[256],[256],6842253,bb5u25c1,282.5,trial_0210_learning_rate=1.0e-03_history=1_kernel_sizes=3_conv_channels=256_fc_dims=256_seed1,68a79d6082,trial_0210_learning_rate=1.0e-03_history=1_kernel_sizes=3_conv_channels=256_fc_dims=256_seed1
/scratch/sb272/patterns5k_results/slurm_hist_cnn_2026-03-03_15-13-01/trial_0140_learning_rate=5.0e-04_history=1_kernel_sizes=3_conv_channels=256_fc_dims=256_seed1,cnn,0.152836047,0.24821368,0.076161813,-0.002328193,0.100796334,0.259386017,163391,163391,50,0.780272861,1,TRUE,0.454568327,0.675982307,61,0.318552256,0.259843796,13,[3],[256],[256],6842249,bb4u22c1,359.4,trial_0140_learning_rate=5.0e-04_history=1_kernel_sizes=3_conv_channels=256_fc_dims=256_seed1,7baea049c3,trial_0140_learning_rate=5.0e-04_history=1_kernel_sizes=3_conv_channels=256_fc_dims=256_seed1
/scratch/sb272/patterns5k_results/slurm_hist_cnn_2026-03-03_15-13-01/trial_0177_learning_rate=5.0e-04_history=1_kernel_sizes=10_conv_channels=256_fc_dims=256_seed1,cnn,0.153978554,0.241096557,0.067677793,-0.008299145,0.081116028,0.251092875,351551,351551,49,0.779584666,1,TRUE,0.454568327,0.678773056,59,0.318552256,0.25366345,13,[10],[256],[256],6842251,bb5u23c1,352.3,trial_0177_learning_rate=5.0e-04_history=1_kernel_sizes=10_conv_channels=256_fc_dims=256_seed1,9fb36a3e69,trial_0177_learning_rate=5.0e-04_history=1_kernel_sizes=10_conv_channels=256_fc_dims=256_seed1
/scratch/sb272/patterns5k_results/slurm_hist_cnn_2026-03-03_15-13-01/trial_0175_learning_rate=5.0e-04_history=1_kernel_sizes=3_conv_channels=256_fc_dims=256_seed0,cnn,0.152956485,0.247050607,0.075852203,-0.00260282,0.1006063,0.258475458,163391,163391,50,0.778764378,1,TRUE,0.454568327,0.678264488,62,0.318552256,0.259199649,13,[3],[256],[256],6842251,bb5u23c1,291.1,trial_0175_learning_rate=5.0e-04_history=1_kernel_sizes=3_conv_channels=256_fc_dims=256_seed0,faf4c8bd9b,trial_0175_learning_rate=5.0e-04_history=1_kernel_sizes=3_conv_channels=256_fc_dims=256_seed0
/scratch/sb272/patterns5k_results/slurm_hist_cnn_2026-03-03_15-13-01/trial_0280_learning_rate=1.0e-03_history=1_kernel_sizes=3_conv_channels=256_fc_dims=256_seed1,cnn,0.152793505,0.24797848,0.074990242,-0.003744018,0.098794334,0.260034234,163391,163391,46,0.778224311,1,TRUE,0.454568327,0.671099989,62,0.318552256,0.259353667,13,[3],[256],[256],6842257,bc12u15n1,445.3,trial_0280_learning_rate=1.0e-03_history=1_kernel_sizes=3_conv_channels=256_fc_dims=256_seed1,75e018929b,trial_0280_learning_rate=1.0e-03_history=1_kernel_sizes=3_conv_channels=256_fc_dims=256_seed1
/scratch/sb272/patterns5k_results/slurm_hist_cnn_2026-03-03_15-13-01/trial_0177_learning_rate=5.0e-04_history=1_kernel_sizes=10_conv_channels=256_fc_dims=256_seed0,cnn,0.153702828,0.241527597,0.069244319,-0.0074395,0.083354257,0.252283226,351551,351551,42,0.778094271,1,TRUE,0.454568327,0.676443751,60,0.318552256,0.25377202,12,[10],[256],[256],6842251,bb5u23c1,319.6,trial_0177_learning_rate=5.0e-04_history=1_kernel_sizes=10_conv_channels=256_fc_dims=256_seed0,9fb36a3e69,trial_0177_learning_rate=5.0e-04_history=1_kernel_sizes=10_conv_channels=256_fc_dims=256_seed0
/scratch/sb272/patterns5k_results/slurm_hist_cnn_2026-03-03_15-13-01/trial_0357_learning_rate=5.0e-03_history=2_kernel_sizes=3_conv_channels=256_fc_dims=256_seed2,cnn,0.155455731,0.234082099,0.069068371,0.000949019,0.10798005,0.242597488,163391,163391,37,0.777941562,2,TRUE,0.454568327,0.656255995,61,0.318552256,0.245269239,9,[3],[256],[256],6850941,bb5u25c1,245.6,trial_0357_learning_rate=5.0e-03_history=2_kernel_sizes=3_conv_channels=256_fc_dims=256_seed2,f9d947d781,trial_0357_learning_rate=5.0e-03_history=2_kernel_sizes=3_conv_channels=256_fc_dims=256_seed2
/scratch/sb272/patterns5k_results/slurm_hist_cnn_2026-03-03_15-13-01/trial_0107_learning_rate=5.0e-04_history=1_kernel_sizes=10_conv_channels=256_fc_dims=256_seed2,cnn,0.153521609,0.241798938,0.070397023,-0.009469302,0.0789361,0.247036202,351551,351551,36,0.777827913,1,TRUE,0.454568327,0.672636788,60,0.318552256,0.254024446,13,[10],[256],[256],6842247,bb4u18c1,358.2,trial_0107_learning_rate=5.0e-04_history=1_kernel_sizes=10_conv_channels=256_fc_dims=256_seed2,314e66738e,trial_0107_learning_rate=5.0e-04_history=1_kernel_sizes=10_conv_channels=256_fc_dims=256_seed2
/scratch/sb272/patterns5k_results/slurm_hist_cnn_2026-03-03_15-13-01/trial_0142_learning_rate=5.0e-04_history=1_kernel_sizes=10_conv_channels=256_fc_dims=256_seed0,cnn,0.153851204,0.241106431,0.070718937,-0.010380747,0.078643799,0.251583025,351551,351551,38,0.777618867,1,TRUE,0.454568327,0.675672699,59,0.318552256,0.253127426,12,[10],[256],[256],6842249,bb4u22c1,345.4,trial_0142_learning_rate=5.0e-04_history=1_kernel_sizes=10_conv_channels=256_fc_dims=256_seed0,eb7a9e4a37,trial_0142_learning_rate=5.0e-04_history=1_kernel_sizes=10_conv_channels=256_fc_dims=256_seed0
/scratch/sb272/patterns5k_results/slurm_hist_cnn_2026-03-03_15-13-01/trial_0142_learning_rate=5.0e-04_history=1_kernel_sizes=10_conv_channels=256_fc_dims=256_seed2,cnn,0.153568825,0.241294727,0.06795021,-0.007337387,0.082682766,0.248530654,351551,351551,38,0.777596735,1,TRUE,0.454568327,0.675575624,60,0.318552256,0.25339514,13,[10],[256],[256],6842249,bb4u22c1,351.2,trial_0142_learning_rate=5.0e-04_history=1_kernel_sizes=10_conv_channels=256_fc_dims=256_seed2,eb7a9e4a37,trial_0142_learning_rate=5.0e-04_history=1_kernel_sizes=10_conv_channels=256_fc_dims=256_seed2
/scratch/sb272/patterns5k_results/slurm_hist_cnn_2026-03-03_15-13-01/trial_0105_learning_rate=5.0e-04_history=1_kernel_sizes=3_conv_channels=256_fc_dims=256_seed2,cnn,0.152923272,0.247123827,0.073536108,-0.001828095,0.100322194,0.255915391,163391,163391,50,0.777311017,1,TRUE,0.454568327,0.676294405,61,0.318552256,0.258597761,13,[3],[256],[256],6842247,bb4u18c1,351.2,trial_0105_learning_rate=5.0e-04_history=1_kernel_sizes=3_conv_channels=256_fc_dims=256_seed2,490510e9d7,trial_0105_learning_rate=5.0e-04_history=1_kernel_sizes=3_conv_channels=256_fc_dims=256_seed2
/scratch/sb272/patterns5k_results/slurm_hist_cnn_2026-03-03_15-13-01/trial_0210_learning_rate=1.0e-03_history=1_kernel_sizes=3_conv_channels=256_fc_dims=256_seed0,cnn,0.152695281,0.248753928,0.075660627,-0.001315998,0.104758851,0.259100255,163391,163391,50,0.777005896,1,TRUE,0.454568327,0.66894693,61,0.318552256,0.260360152,12,[3],[256],[256],6842253,bb5u25c1,285.9,trial_0210_learning_rate=1.0e-03_history=1_kernel_sizes=3_conv_channels=256_fc_dims=256_seed0,68a79d6082,trial_0210_learning_rate=1.0e-03_history=1_kernel_sizes=3_conv_channels=256_fc_dims=256_seed0
/scratch/sb272/patterns5k_results/slurm_hist_cnn_2026-03-03_15-13-01/trial_0105_learning_rate=5.0e-04_history=1_kernel_sizes=3_conv_channels=256_fc_dims=256_seed1,cnn,0.153027743,0.247752501,0.074330616,-0.000272203,0.104008481,0.259361401,163391,163391,50,0.777003799,1,TRUE,0.454568327,0.67329336,61,0.318552256,0.258997023,13,[3],[256],[256],6842247,bb4u18c1,340.9,trial_0105_learning_rate=5.0e-04_history=1_kernel_sizes=3_conv_channels=256_fc_dims=256_seed1,490510e9d7,trial_0105_learning_rate=5.0e-04_history=1_kernel_sizes=3_conv_channels=256_fc_dims=256_seed1
/scratch/sb272/patterns5k_results/slurm_hist_cnn_2026-03-03_15-13-01/trial_0149_learning_rate=5.0e-04_history=2_kernel_sizes=10_conv_channels=256_fc_dims=256_seed1,cnn,0.155634246,0.234398027,0.067075414,-0.004816642,0.084936328,0.246515624,351551,351551,46,0.776853575,2,TRUE,0.454568327,0.671832727,59,0.318552256,0.24666664,9,[10],[256],[256],6842249,bb4u22c1,379.6,trial_0149_learning_rate=5.0e-04_history=2_kernel_sizes=10_conv_channels=256_fc_dims=256_seed1,c1ecf515d6,trial_0149_learning_rate=5.0e-04_history=2_kernel_sizes=10_conv_channels=256_fc_dims=256_seed1
/scratch/sb272/patterns5k_results/slurm_hist_cnn_2026-03-03_15-13-01/trial_0289_learning_rate=1.0e-03_history=2_kernel_sizes=10_conv_channels=256_fc_dims=256_seed0,cnn,0.155530664,0.236290977,0.063219532,-0.004178555,0.085459195,0.247667706,351551,351551,36,0.776848024,2,TRUE,0.454568327,0.666345173,61,0.318552256,0.248665482,11,[10],[256],[256],6842258,bc12u15n3,531.7,trial_0289_learning_rate=1.0e-03_history=2_kernel_sizes=10_conv_channels=256_fc_dims=256_seed0,1f07449d73,trial_0289_learning_rate=1.0e-03_history=2_kernel_sizes=10_conv_channels=256_fc_dims=256_seed0
/scratch/sb272/patterns5k_results/slurm_hist_cnn_2026-03-03_15-13-01/trial_0254_learning_rate=1.0e-03_history=2_kernel_sizes=10_conv_channels=256_fc_dims=256_seed2,cnn,0.155154396,0.235270968,0.068582318,-0.005158226,0.085284613,0.244774145,351551,351551,34,0.776829687,2,TRUE,0.454568327,0.664989857,59,0.318552256,0.247996286,9,[10],[256],[256],6842256,bc12u13n4,563.1,trial_0254_learning_rate=1.0e-03_history=2_kernel_sizes=10_conv_channels=256_fc_dims=256_seed2,ab2bc15417,trial_0254_learning_rate=1.0e-03_history=2_kernel_sizes=10_conv_channels=256_fc_dims=256_seed2
/scratch/sb272/patterns5k_results/slurm_hist_cnn_2026-03-03_15-13-01/trial_0385_learning_rate=5.0e-03_history=1_kernel_sizes=3_conv_channels=256_fc_dims=256_seed2,cnn,0.15317224,0.24687632,0.075759098,-0.003354185,0.099997796,0.252116975,163391,163391,50,0.776803669,1,TRUE,0.454568327,0.652697357,60,0.318552256,0.258102864,12,[3],[256],[256],6851187,bb5u25c1,283.8,trial_0385_learning_rate=5.0e-03_history=1_kernel_sizes=3_conv_channels=256_fc_dims=256_seed2,5cc491cf1b,trial_0385_learning_rate=5.0e-03_history=1_kernel_sizes=3_conv_channels=256_fc_dims=256_seed2
/scratch/sb272/patterns5k_results/slurm_hist_cnn_2026-03-03_15-13-01/trial_0280_learning_rate=1.0e-03_history=1_kernel_sizes=3_conv_channels=256_fc_dims=256_seed0,cnn,0.152681829,0.248672938,0.076347133,-0.002752823,0.102716431,0.257951902,163391,163391,45,0.77677128,1,TRUE,0.454568327,0.670008421,61,0.318552256,0.260319948,13,[3],[256],[256],6842257,bc12u15n1,455.1,trial_0280_learning_rate=1.0e-03_history=1_kernel_sizes=3_conv_channels=256_fc_dims=256_seed0,75e018929b,trial_0280_learning_rate=1.0e-03_history=1_kernel_sizes=3_conv_channels=256_fc_dims=256_seed0
/scratch/sb272/patterns5k_results/slurm_hist_cnn_2026-03-03_15-13-01/trial_0287_learning_rate=1.0e-03_history=2_kernel_sizes=3_conv_channels=256_fc_dims=256_seed0,cnn,0.155281842,0.237403283,0.070404663,0.00365679,0.10693647,0.249840306,163391,163391,31,0.776564404,2,TRUE,0.454568327,0.677209053,62,0.318552256,0.249313056,9,[3],[256],[256],6842258,bc12u15n3,480.2,trial_0287_learning_rate=1.0e-03_history=2_kernel_sizes=3_conv_channels=256_fc_dims=256_seed0,606f19c554,trial_0287_learning_rate=1.0e-03_history=2_kernel_sizes=3_conv_channels=256_fc_dims=256_seed0
/scratch/sb272/patterns5k_results/slurm_hist_cnn_2026-03-03_15-13-01/trial_0385_learning_rate=5.0e-03_history=1_kernel_sizes=3_conv_channels=256_fc_dims=256_seed1,cnn,0.153218652,0.245727495,0.074265578,-0.004649927,0.093836613,0.2572075,163391,163391,50,0.776487943,1,TRUE,0.454568327,0.655141873,60,0.318552256,0.257108003,13,[3],[256],[256],6851187,bb5u25c1,287.7,trial_0385_learning_rate=5.0e-03_history=1_kernel_sizes=3_conv_channels=256_fc_dims=256_seed1,5cc491cf1b,trial_0385_learning_rate=5.0e-03_history=1_kernel_sizes=3_conv_channels=256_fc_dims=256_seed1
/scratch/sb272/patterns5k_results/slurm_hist_cnn_2026-03-03_15-13-01/trial_0149_learning_rate=5.0e-04_history=2_kernel_sizes=10_conv_channels=256_fc_dims=256_seed0,cnn,0.155603778,0.234175704,0.067130736,-0.006982989,0.084340259,0.245184621,351551,351551,44,0.776335194,2,TRUE,0.454568327,0.671357328,61,0.318552256,0.246729091,9,[10],[256],[256],6842249,bb4u22c1,372.9,trial_0149_learning_rate=5.0e-04_history=2_kernel_sizes=10_conv_channels=256_fc_dims=256_seed0,c1ecf515d6,trial_0149_learning_rate=5.0e-04_history=2_kernel_sizes=10_conv_channels=256_fc_dims=256_seed0
/scratch/sb272/patterns5k_results/slurm_hist_cnn_2026-03-03_15-13-01/trial_0212_learning_rate=1.0e-03_history=1_kernel_sizes=10_conv_channels=256_fc_dims=256_seed0,cnn,0.153298274,0.242834737,0.072154865,-0.010524677,0.079761975,0.252435839,351551,351551,31,0.77629726,1,TRUE,0.454568327,0.667444557,60,0.318552256,0.255330443,12,[10],[256],[256],6842253,bb5u25c1,265.1,trial_0212_learning_rate=1.0e-03_history=1_kernel_sizes=10_conv_channels=256_fc_dims=256_seed0,2332f9a9be,trial_0212_learning_rate=1.0e-03_history=1_kernel_sizes=10_conv_channels=256_fc_dims=256_seed0
/scratch/sb272/patterns5k_results/slurm_hist_cnn_2026-03-03_15-13-01/trial_0247_learning_rate=1.0e-03_history=1_kernel_sizes=10_conv_channels=256_fc_dims=256_seed0,cnn,0.153321665,0.242680108,0.071322819,-0.008477786,0.077221252,0.251925639,351551,351551,30,0.776093015,1,TRUE,0.454568327,0.667703043,60,0.318552256,0.254353404,13,[10],[256],[256],6842255,bb5u26c1,282.9,trial_0247_learning_rate=1.0e-03_history=1_kernel_sizes=10_conv_channels=256_fc_dims=256_seed0,1616821b61,trial_0247_learning_rate=1.0e-03_history=1_kernel_sizes=10_conv_channels=256_fc_dims=256_seed0
/scratch/sb272/patterns5k_results/slurm_hist_cnn_2026-03-03_15-13-01/trial_0288_learning_rate=1.0e-03_history=2_kernel_sizes=5_conv_channels=256_fc_dims=256_seed0,cnn,0.154302597,0.242405286,0.07305624,0.000271809,0.097586058,0.255702498,217151,217151,29,0.775949981,2,TRUE,0.454568327,0.669533344,60,0.318552256,0.253774554,10,[5],[256],[256],6842258,bc12u15n3,436.8,trial_0288_learning_rate=1.0e-03_history=2_kernel_sizes=5_conv_channels=256_fc_dims=256_seed0,783d330dd0,trial_0288_learning_rate=1.0e-03_history=2_kernel_sizes=5_conv_channels=256_fc_dims=256_seed0
/scratch/sb272/patterns5k_results/slurm_hist_cnn_2026-03-03_15-13-01/trial_0282_learning_rate=1.0e-03_history=1_kernel_sizes=10_conv_channels=256_fc_dims=256_seed0,cnn,0.153478781,0.243054404,0.070214208,-0.009081436,0.076588646,0.252326754,351551,351551,33,0.775679384,1,TRUE,0.454568327,0.667318885,59,0.318552256,0.255494058,13,[10],[256],[256],6842257,bc12u15n1,447.8,trial_0282_learning_rate=1.0e-03_history=1_kernel_sizes=10_conv_channels=256_fc_dims=256_seed0,5ff77166e0,trial_0282_learning_rate=1.0e-03_history=1_kernel_sizes=10_conv_channels=256_fc_dims=256_seed0
/scratch/sb272/patterns5k_results/slurm_hist_cnn_2026-03-03_15-13-01/trial_0184_learning_rate=5.0e-04_history=2_kernel_sizes=10_conv_channels=256_fc_dims=256_seed1,cnn,0.155622409,0.23433614,0.065945323,-0.004716084,0.086223833,0.246238094,351551,351551,44,0.77550706,2,TRUE,0.454568327,0.669429712,59,0.318552256,0.246677428,8,[10],[256],[256],6842252,bb5u23c1,341.5,trial_0184_learning_rate=5.0e-04_history=2_kernel_sizes=10_conv_channels=256_fc_dims=256_seed1,812455dc9d,trial_0184_learning_rate=5.0e-04_history=2_kernel_sizes=10_conv_channels=256_fc_dims=256_seed1
/scratch/sb272/patterns5k_results/slurm_hist_cnn_2026-03-03_15-13-01/trial_0247_learning_rate=1.0e-03_history=1_kernel_sizes=10_conv_channels=256_fc_dims=256_seed1,cnn,0.153313452,0.243403812,0.068571061,-0.009950261,0.077243298,0.25339588,351551,351551,36,0.775314281,1,TRUE,0.454568327,0.669101831,58,0.318552256,0.255719572,12,[10],[256],[256],6842255,bb5u26c1,317.2,trial_0247_learning_rate=1.0e-03_history=1_kernel_sizes=10_conv_channels=256_fc_dims=256_seed1,1616821b61,trial_0247_learning_rate=1.0e-03_history=1_kernel_sizes=10_conv_channels=256_fc_dims=256_seed1
/scratch/sb272/patterns5k_results/slurm_hist_cnn_2026-03-03_15-13-01/trial_0114_learning_rate=5.0e-04_history=2_kernel_sizes=10_conv_channels=256_fc_dims=256_seed1,cnn,0.155467962,0.235562108,0.067686778,-0.007168879,0.082886159,0.245585866,351551,351551,42,0.774880034,2,TRUE,0.454568327,0.668700713,59,0.318552256,0.247672126,9,[10],[256],[256],6842247,bb4u18c1,390.8,trial_0114_learning_rate=5.0e-04_history=2_kernel_sizes=10_conv_channels=256_fc_dims=256_seed1,2ab11121fe,trial_0114_learning_rate=5.0e-04_history=2_kernel_sizes=10_conv_channels=256_fc_dims=256_seed1
/scratch/sb272/patterns5k_results/slurm_hist_cnn_2026-03-03_15-13-01/trial_0350_learning_rate=5.0e-03_history=1_kernel_sizes=3_conv_channels=256_fc_dims=256_seed1,cnn,0.153330355,0.245609023,0.074357386,-0.005315283,0.099238992,0.255990116,163391,163391,48,0.774573631,1,TRUE,0.454568327,0.650535101,60,0.318552256,0.256469339,12,[3],[256],[256],6850941,bb5u25c1,281.9,trial_0350_learning_rate=5.0e-03_history=1_kernel_sizes=3_conv_channels=256_fc_dims=256_seed1,585f302fde,trial_0350_learning_rate=5.0e-03_history=1_kernel_sizes=3_conv_channels=256_fc_dims=256_seed1
/scratch/sb272/patterns5k_results/slurm_hist_cnn_2026-03-03_15-13-01/trial_0254_learning_rate=1.0e-03_history=2_kernel_sizes=10_conv_channels=256_fc_dims=256_seed1,cnn,0.154893389,0.236982141,0.067924654,-0.004668957,0.086193793,0.248651545,351551,351551,32,0.774196539,2,TRUE,0.454568327,0.664130127,59,0.318552256,0.248779133,9,[10],[256],[256],6842256,bc12u13n4,562.3,trial_0254_learning_rate=1.0e-03_history=2_kernel_sizes=10_conv_channels=256_fc_dims=256_seed1,ab2bc15417,trial_0254_learning_rate=1.0e-03_history=2_kernel_sizes=10_conv_channels=256_fc_dims=256_seed1
/scratch/sb272/patterns5k_results/slurm_hist_cnn_2026-03-03_15-13-01/trial_0184_learning_rate=5.0e-04_history=2_kernel_sizes=10_conv_channels=256_fc_dims=256_seed2,cnn,0.154961965,0.235468889,0.067913076,-0.006344178,0.083170183,0.242293873,351551,351551,39,0.774119579,2,TRUE,0.454568327,0.670080164,59,0.318552256,0.247683555,10,[10],[256],[256],6842252,bb5u23c1,315.6,trial_0184_learning_rate=5.0e-04_history=2_kernel_sizes=10_conv_channels=256_fc_dims=256_seed2,812455dc9d,trial_0184_learning_rate=5.0e-04_history=2_kernel_sizes=10_conv_channels=256_fc_dims=256_seed2
/scratch/sb272/patterns5k_results/slurm_hist_cnn_2026-03-03_15-13-01/trial_0392_learning_rate=5.0e-03_history=2_kernel_sizes=3_conv_channels=256_fc_dims=256_seed2,cnn,0.155374907,0.233664524,0.069290312,0.001687759,0.10807588,0.242574004,163391,163391,33,0.774073417,2,TRUE,0.454568327,0.654506273,60,0.318552256,0.245097309,9,[3],[256],[256],6851187,bb5u25c1,233.5,trial_0392_learning_rate=5.0e-03_history=2_kernel_sizes=3_conv_channels=256_fc_dims=256_seed2,9362b62347,trial_0392_learning_rate=5.0e-03_history=2_kernel_sizes=3_conv_channels=256_fc_dims=256_seed2
/scratch/sb272/patterns5k_results/slurm_hist_cnn_2026-03-03_15-13-01/trial_0149_learning_rate=5.0e-04_history=2_kernel_sizes=10_conv_channels=256_fc_dims=256_seed2,cnn,0.155188573,0.234837403,0.067240938,-0.006109972,0.080269448,0.243339138,351551,351551,40,0.773903476,2,TRUE,0.454568327,0.670623618,60,0.318552256,0.247222647,8,[10],[256],[256],6842249,bb4u22c1,371.6,trial_0149_learning_rate=5.0e-04_history=2_kernel_sizes=10_conv_channels=256_fc_dims=256_seed2,c1ecf515d6,trial_0149_learning_rate=5.0e-04_history=2_kernel_sizes=10_conv_channels=256_fc_dims=256_seed2
/scratch/sb272/patterns5k_results/slurm_hist_cnn_2026-03-03_15-13-01/trial_0322_learning_rate=5.0e-03_history=2_kernel_sizes=3_conv_channels=256_fc_dims=256_seed0,cnn,0.155759869,0.234123928,0.068952623,0.001676997,0.106344841,0.24538706,163391,163391,50,0.77352801,2,TRUE,0.454568327,0.654547174,61,0.318552256,0.245732307,9,[3],[256],[256],6842260,bc12u15n4,502.7,trial_0322_learning_rate=5.0e-03_history=2_kernel_sizes=3_conv_channels=256_fc_dims=256_seed0,c4b3a93a4e,trial_0322_learning_rate=5.0e-03_history=2_kernel_sizes=3_conv_channels=256_fc_dims=256_seed0
/scratch/sb272/patterns5k_results/slurm_hist_cnn_2026-03-03_15-13-01/trial_0184_learning_rate=5.0e-04_history=2_kernel_sizes=10_conv_channels=256_fc_dims=256_seed0,cnn,0.155467333,0.234665982,0.065822127,-0.005800873,0.083545893,0.244707124,351551,351551,39,0.773417236,2,TRUE,0.454568327,0.668871746,60,0.318552256,0.246507987,10,[10],[256],[256],6842252,bb5u23c1,318.7,trial_0184_learning_rate=5.0e-04_history=2_kernel_sizes=10_conv_channels=256_fc_dims=256_seed0,812455dc9d,trial_0184_learning_rate=5.0e-04_history=2_kernel_sizes=10_conv_channels=256_fc_dims=256_seed0
/scratch/sb272/patterns5k_results/slurm_hist_cnn_2026-03-03_15-13-01/trial_0350_learning_rate=5.0e-03_history=1_kernel_sizes=3_conv_channels=256_fc_dims=256_seed2,cnn,0.153543013,0.24428899,0.074087669,-0.007198576,0.091747612,0.250646431,163391,163391,47,0.773143062,1,TRUE,0.454568327,0.653711449,60,0.318552256,0.255471736,12,[3],[256],[256],6850941,bb5u25c1,272.1,trial_0350_learning_rate=5.0e-03_history=1_kernel_sizes=3_conv_channels=256_fc_dims=256_seed2,585f302fde,trial_0350_learning_rate=5.0e-03_history=1_kernel_sizes=3_conv_channels=256_fc_dims=256_seed2
/scratch/sb272/patterns5k_results/slurm_hist_cnn_2026-03-03_15-13-01/trial_0042_learning_rate=1.0e-04_history=2_kernel_sizes=3_conv_channels=256_fc_dims=256_seed1,cnn,0.156090686,0.226286406,0.065334227,-0.003821811,0.092276946,0.237016335,163391,163391,50,0.772714538,2,TRUE,0.454568327,0.67760471,62,0.318552256,0.237653077,6,[3],[256],[256],6842243,bb2u23c1,315.3,trial_0042_learning_rate=1.0e-04_history=2_kernel_sizes=3_conv_channels=256_fc_dims=256_seed1,9681809127,trial_0042_learning_rate=1.0e-04_history=2_kernel_sizes=3_conv_channels=256_fc_dims=256_seed1
/scratch/sb272/patterns5k_results/slurm_hist_cnn_2026-03-03_15-13-01/trial_0254_learning_rate=1.0e-03_history=2_kernel_sizes=10_conv_channels=256_fc_dims=256_seed0,cnn,0.155287639,0.235805154,0.068778443,-0.004218015,0.089507222,0.246939439,351551,351551,33,0.772662759,2,TRUE,0.454568327,0.662910963,59,0.318552256,0.247890353,10,[10],[256],[256],6842256,bc12u13n4,561.9,trial_0254_learning_rate=1.0e-03_history=2_kernel_sizes=10_conv_channels=256_fc_dims=256_seed0,ab2bc15417,trial_0254_learning_rate=1.0e-03_history=2_kernel_sizes=10_conv_channels=256_fc_dims=256_seed0
/scratch/sb272/patterns5k_results/slurm_hist_cnn_2026-03-03_15-13-01/trial_0357_learning_rate=5.0e-03_history=2_kernel_sizes=3_conv_channels=256_fc_dims=256_seed1,cnn,0.155377118,0.235065013,0.069686395,0.000768942,0.105999477,0.246621715,163391,163391,29,0.771988154,2,TRUE,0.454568327,0.652838434,59,0.318552256,0.246448264,9,[3],[256],[256],6850941,bb5u25c1,225.6,trial_0357_learning_rate=5.0e-03_history=2_kernel_sizes=3_conv_channels=256_fc_dims=256_seed1,f9d947d781,trial_0357_learning_rate=5.0e-03_history=2_kernel_sizes=3_conv_channels=256_fc_dims=256_seed1
/scratch/sb272/patterns5k_results/slurm_hist_cnn_2026-03-03_15-13-01/trial_0357_learning_rate=5.0e-03_history=2_kernel_sizes=3_conv_channels=256_fc_dims=256_seed0,cnn,0.15541776,0.234187835,0.069039432,0.001708426,0.108286507,0.245340451,163391,163391,33,0.771907,2,TRUE,0.454568327,0.650482055,61,0.318552256,0.245098159,9,[3],[256],[256],6850941,bb5u25c1,234.3,trial_0357_learning_rate=5.0e-03_history=2_kernel_sizes=3_conv_channels=256_fc_dims=256_seed0,f9d947d781,trial_0357_learning_rate=5.0e-03_history=2_kernel_sizes=3_conv_channels=256_fc_dims=256_seed0
/scratch/sb272/patterns5k_results/slurm_hist_cnn_2026-03-03_15-13-01/trial_0315_learning_rate=5.0e-03_history=1_kernel_sizes=3_conv_channels=256_fc_dims=256_seed2,cnn,0.15297192,0.247174314,0.075371835,-0.002557158,0.100493953,0.250041658,163391,163391,39,0.771853545,1,TRUE,0.454568327,0.647763503,60,0.318552256,0.258431673,13,[3],[256],[256],6842259,bc12u15n3,522.6,trial_0315_learning_rate=5.0e-03_history=1_kernel_sizes=3_conv_channels=256_fc_dims=256_seed2,9b4d89d716,trial_0315_learning_rate=5.0e-03_history=1_kernel_sizes=3_conv_channels=256_fc_dims=256_seed2
/scratch/sb272/patterns5k_results/slurm_hist_cnn_2026-03-03_15-13-01/trial_0001_learning_rate=1.0e-04_history=1_kernel_sizes=5_conv_channels=256_fc_dims=256_seed0,cnn,0.154580822,0.232520157,0.066368328,-0.009539879,0.077887811,0.244201839,217151,217151,50,0.771832306,1,TRUE,0.454568327,0.67522027,60,0.318552256,0.243992358,9,[5],[256],[256],6842241,bb2u15c1,352.3,trial_0001_learning_rate=1.0e-04_history=1_kernel_sizes=5_conv_channels=256_fc_dims=256_seed0,3c5a32eb91,trial_0001_learning_rate=1.0e-04_history=1_kernel_sizes=5_conv_channels=256_fc_dims=256_seed0
/scratch/sb272/patterns5k_results/slurm_hist_cnn_2026-03-03_15-13-01/trial_0288_learning_rate=1.0e-03_history=2_kernel_sizes=5_conv_channels=256_fc_dims=256_seed2,cnn,0.154882512,0.243012647,0.070893205,0.005162083,0.101512283,0.251989621,217151,217151,38,0.771695717,2,TRUE,0.454568327,0.665942836,60,0.318552256,0.255627811,9,[5],[256],[256],6842258,bc12u15n3,497.1,trial_0288_learning_rate=1.0e-03_history=2_kernel_sizes=5_conv_channels=256_fc_dims=256_seed2,783d330dd0,trial_0288_learning_rate=1.0e-03_history=2_kernel_sizes=5_conv_channels=256_fc_dims=256_seed2
/scratch/sb272/patterns5k_results/slurm_hist_cnn_2026-03-03_15-13-01/trial_0322_learning_rate=5.0e-03_history=2_kernel_sizes=3_conv_channels=256_fc_dims=256_seed2,cnn,0.155330592,0.2348845,0.068087422,0.004721646,0.11141973,0.243448909,163391,163391,29,0.77169424,2,TRUE,0.454568327,0.652404572,60,0.318552256,0.246563926,9,[3],[256],[256],6842260,bc12u15n4,392.3,trial_0322_learning_rate=5.0e-03_history=2_kernel_sizes=3_conv_channels=256_fc_dims=256_seed2,c4b3a93a4e,trial_0322_learning_rate=5.0e-03_history=2_kernel_sizes=3_conv_channels=256_fc_dims=256_seed2
/scratch/sb272/patterns5k_results/slurm_hist_cnn_2026-03-03_15-13-01/trial_0386_learning_rate=5.0e-03_history=1_kernel_sizes=5_conv_channels=256_fc_dims=256_seed1,cnn,0.153156762,0.244849392,0.075121087,-0.008775501,0.089156732,0.253689166,217151,217151,27,0.771270208,1,TRUE,0.454568327,0.652235601,59,0.318552256,0.257014334,13,[5],[256],[256],6851187,bb5u25c1,227.1,trial_0386_learning_rate=5.0e-03_history=1_kernel_sizes=5_conv_channels=256_fc_dims=256_seed1,fa8d503d8b,trial_0386_learning_rate=5.0e-03_history=1_kernel_sizes=5_conv_channels=256_fc_dims=256_seed1
/scratch/sb272/patterns5k_results/slurm_hist_cnn_2026-03-03_15-13-01/trial_0114_learning_rate=5.0e-04_history=2_kernel_sizes=10_conv_channels=256_fc_dims=256_seed0,cnn,0.155397375,0.234100597,0.06640761,-0.006104155,0.085640475,0.244123431,351551,351551,41,0.771156499,2,TRUE,0.454568327,0.67027162,59,0.318552256,0.246534497,9,[10],[256],[256],6842247,bb4u18c1,389.6,trial_0114_learning_rate=5.0e-04_history=2_kernel_sizes=10_conv_channels=256_fc_dims=256_seed0,2ab11121fe,trial_0114_learning_rate=5.0e-04_history=2_kernel_sizes=10_conv_channels=256_fc_dims=256_seed0
/scratch/sb272/patterns5k_results/slurm_hist_cnn_2026-03-03_15-13-01/trial_0351_learning_rate=5.0e-03_history=1_kernel_sizes=5_conv_channels=256_fc_dims=256_seed2,cnn,0.152998832,0.245072246,0.073552919,-0.004280263,0.088203169,0.248444099,217151,217151,30,0.770981675,1,TRUE,0.454568327,0.648292176,59,0.318552256,0.256527185,13,[5],[256],[256],6850941,bb5u25c1,241.8,trial_0351_learning_rate=5.0e-03_history=1_kernel_sizes=5_conv_channels=256_fc_dims=256_seed2,8876eca04d,trial_0351_learning_rate=5.0e-03_history=1_kernel_sizes=5_conv_channels=256_fc_dims=256_seed2
/scratch/sb272/patterns5k_results/slurm_hist_cnn_2026-03-03_15-13-01/trial_0071_learning_rate=1.0e-04_history=1_kernel_sizes=5_conv_channels=256_fc_dims=256_seed1,cnn,0.154449114,0.23233463,0.067442089,-0.010422297,0.076277539,0.242667902,217151,217151,50,0.770893525,1,TRUE,0.454568327,0.674120107,61,0.318552256,0.243469864,11,[5],[256],[256],6842245,bb3u23c1,322.8,trial_0071_learning_rate=1.0e-04_history=1_kernel_sizes=5_conv_channels=256_fc_dims=256_seed1,3ab7e6d029,trial_0071_learning_rate=1.0e-04_history=1_kernel_sizes=5_conv_channels=256_fc_dims=256_seed1
/scratch/sb272/patterns5k_results/slurm_hist_cnn_2026-03-03_15-13-01/trial_0351_learning_rate=5.0e-03_history=1_kernel_sizes=5_conv_channels=256_fc_dims=256_seed1,cnn,0.153279828,0.243938824,0.073155291,-0.006014497,0.088827766,0.252962747,217151,217151,29,0.770677416,1,TRUE,0.454568327,0.647992817,60,0.318552256,0.255537748,13,[5],[256],[256],6850941,bb5u25c1,238.5,trial_0351_learning_rate=5.0e-03_history=1_kernel_sizes=5_conv_channels=256_fc_dims=256_seed1,8876eca04d,trial_0351_learning_rate=5.0e-03_history=1_kernel_sizes=5_conv_channels=256_fc_dims=256_seed1
/scratch/sb272/patterns5k_results/slurm_hist_cnn_2026-03-03_15-13-01/trial_0036_learning_rate=1.0e-04_history=1_kernel_sizes=5_conv_channels=256_fc_dims=256_seed0,cnn,0.15429494,0.233443069,0.068101877,-0.008907853,0.080445573,0.243991124,217151,217151,50,0.770564386,1,TRUE,0.454568327,0.671985483,62,0.318552256,0.244874492,9,[5],[256],[256],6842243,bb2u23c1,300.9,trial_0036_learning_rate=1.0e-04_history=1_kernel_sizes=5_conv_channels=256_fc_dims=256_seed0,3a59f9e836,trial_0036_learning_rate=1.0e-04_history=1_kernel_sizes=5_conv_channels=256_fc_dims=256_seed0
/scratch/sb272/patterns5k_results/slurm_hist_cnn_2026-03-03_15-13-01/trial_0219_learning_rate=1.0e-03_history=2_kernel_sizes=10_conv_channels=256_fc_dims=256_seed0,cnn,0.155212191,0.23458241,0.066496824,-0.003512203,0.088226222,0.245037462,351551,351551,35,0.770436581,2,TRUE,0.454568327,0.664040953,59,0.318552256,0.246418104,9,[10],[256],[256],6842254,bb5u25c1,282.5,trial_0219_learning_rate=1.0e-03_history=2_kernel_sizes=10_conv_channels=256_fc_dims=256_seed0,e07b2b074a,trial_0219_learning_rate=1.0e-03_history=2_kernel_sizes=10_conv_channels=256_fc_dims=256_seed0
/scratch/sb272/patterns5k_results/slurm_hist_cnn_2026-03-03_15-13-01/trial_0218_learning_rate=1.0e-03_history=2_kernel_sizes=5_conv_channels=256_fc_dims=256_seed0,cnn,0.154634305,0.243092814,0.072401205,0.002708111,0.100782946,0.25554539,217151,217151,32,0.77012155,2,TRUE,0.454568327,0.666205506,62,0.318552256,0.255113184,10,[5],[256],[256],6842254,bb5u25c1,244.1,trial_0218_learning_rate=1.0e-03_history=2_kernel_sizes=5_conv_channels=256_fc_dims=256_seed0,d44ec9d37c,trial_0218_learning_rate=1.0e-03_history=2_kernel_sizes=5_conv_channels=256_fc_dims=256_seed0
/scratch/sb272/patterns5k_results/slurm_hist_cnn_2026-03-03_15-13-01/trial_0323_learning_rate=5.0e-03_history=2_kernel_sizes=5_conv_channels=256_fc_dims=256_seed1,cnn,0.154098922,0.24442364,0.075452121,0.001088281,0.101361997,0.253134205,217151,217151,27,0.770098764,2,TRUE,0.454568327,0.643871875,59,0.318552256,0.255948126,10,[5],[256],[256],6842260,bc12u15n4,393.5,trial_0323_learning_rate=5.0e-03_history=2_kernel_sizes=5_conv_channels=256_fc_dims=256_seed1,9b892e591f,trial_0323_learning_rate=5.0e-03_history=2_kernel_sizes=5_conv_channels=256_fc_dims=256_seed1
/scratch/sb272/patterns5k_results/slurm_hist_cnn_2026-03-03_15-13-01/trial_0392_learning_rate=5.0e-03_history=2_kernel_sizes=3_conv_channels=256_fc_dims=256_seed0,cnn,0.155068925,0.236781017,0.070488378,0.002974736,0.110067844,0.246863471,163391,163391,27,0.769940304,2,TRUE,0.454568327,0.65074834,61,0.318552256,0.247732386,9,[3],[256],[256],6851187,bb5u25c1,221.7,trial_0392_learning_rate=5.0e-03_history=2_kernel_sizes=3_conv_channels=256_fc_dims=256_seed0,9362b62347,trial_0392_learning_rate=5.0e-03_history=2_kernel_sizes=3_conv_channels=256_fc_dims=256_seed0
/scratch/sb272/patterns5k_results/slurm_hist_cnn_2026-03-03_15-13-01/trial_0316_learning_rate=5.0e-03_history=1_kernel_sizes=5_conv_channels=256_fc_dims=256_seed1,cnn,0.154256428,0.241894133,0.072176578,-0.010001851,0.08169958,0.251775005,217151,217151,39,0.76962446,1,TRUE,0.454568327,0.648950745,60,0.318552256,0.253488094,12,[5],[256],[256],6842259,bc12u15n3,556.6,trial_0316_learning_rate=5.0e-03_history=1_kernel_sizes=5_conv_channels=256_fc_dims=256_seed1,f388cac118,trial_0316_learning_rate=5.0e-03_history=1_kernel_sizes=5_conv_channels=256_fc_dims=256_seed1
/scratch/sb272/patterns5k_results/slurm_hist_cnn_2026-03-03_15-13-01/trial_0001_learning_rate=1.0e-04_history=1_kernel_sizes=5_conv_channels=256_fc_dims=256_seed2,cnn,0.154340621,0.23306737,0.068385303,-0.009511927,0.079644829,0.239391692,217151,217151,50,0.769456019,1,TRUE,0.454568327,0.674924913,61,0.318552256,0.244731739,10,[5],[256],[256],6842241,bb2u15c1,347.1,trial_0001_learning_rate=1.0e-04_history=1_kernel_sizes=5_conv_channels=256_fc_dims=256_seed2,3c5a32eb91,trial_0001_learning_rate=1.0e-04_history=1_kernel_sizes=5_conv_channels=256_fc_dims=256_seed2
/scratch/sb272/patterns5k_results/slurm_hist_cnn_2026-03-03_15-13-01/trial_0036_learning_rate=1.0e-04_history=1_kernel_sizes=5_conv_channels=256_fc_dims=256_seed2,cnn,0.15433154,0.233929456,0.067208678,-0.008251348,0.080994062,0.239177214,217151,217151,50,0.769345102,1,TRUE,0.454568327,0.673202254,61,0.318552256,0.245298564,11,[5],[256],[256],6842243,bb2u23c1,302.2,trial_0036_learning_rate=1.0e-04_history=1_kernel_sizes=5_conv_channels=256_fc_dims=256_seed2,3a59f9e836,trial_0036_learning_rate=1.0e-04_history=1_kernel_sizes=5_conv_channels=256_fc_dims=256_seed2
/scratch/sb272/patterns5k_results/slurm_hist_cnn_2026-03-03_15-13-01/trial_0392_learning_rate=5.0e-03_history=2_kernel_sizes=3_conv_channels=256_fc_dims=256_seed1,cnn,0.155675002,0.234376347,0.068277617,0.004061568,0.109112397,0.246212936,163391,163391,43,0.769318779,2,TRUE,0.454568327,0.655328807,61,0.318552256,0.245569661,9,[3],[256],[256],6851187,bb5u25c1,261,trial_0392_learning_rate=5.0e-03_history=2_kernel_sizes=3_conv_channels=256_fc_dims=256_seed1,9362b62347,trial_0392_learning_rate=5.0e-03_history=2_kernel_sizes=3_conv_channels=256_fc_dims=256_seed1
/scratch/sb272/patterns5k_results/slurm_hist_cnn_2026-03-03_15-13-01/trial_0036_learning_rate=1.0e-04_history=1_kernel_sizes=5_conv_channels=256_fc_dims=256_seed1,cnn,0.154338614,0.232676018,0.067960823,-0.008685819,0.081896514,0.242506972,217151,217151,50,0.769263283,1,TRUE,0.454568327,0.674322594,61,0.318552256,0.244478121,9,[5],[256],[256],6842243,bb2u23c1,301.7,trial_0036_learning_rate=1.0e-04_history=1_kernel_sizes=5_conv_channels=256_fc_dims=256_seed1,3a59f9e836,trial_0036_learning_rate=1.0e-04_history=1_kernel_sizes=5_conv_channels=256_fc_dims=256_seed1
/scratch/sb272/patterns5k_results/slurm_hist_cnn_2026-03-03_15-13-01/trial_0001_learning_rate=1.0e-04_history=1_kernel_sizes=5_conv_channels=256_fc_dims=256_seed1,cnn,0.154378334,0.232330237,0.067472494,-0.011975087,0.076785021,0.242894833,217151,217151,50,0.768967739,1,TRUE,0.454568327,0.672583218,61,0.318552256,0.243499354,11,[5],[256],[256],6842241,bb2u15c1,359.7,trial_0001_learning_rate=1.0e-04_history=1_kernel_sizes=5_conv_channels=256_fc_dims=256_seed1,3c5a32eb91,trial_0001_learning_rate=1.0e-04_history=1_kernel_sizes=5_conv_channels=256_fc_dims=256_seed1
/scratch/sb272/patterns5k_results/slurm_hist_cnn_2026-03-03_15-13-01/trial_0386_learning_rate=5.0e-03_history=1_kernel_sizes=5_conv_channels=256_fc_dims=256_seed0,cnn,0.153678073,0.242552865,0.072203269,-0.006666376,0.086903527,0.252574701,217151,217151,31,0.768719116,1,TRUE,0.454568327,0.647690306,59,0.318552256,0.25387609,10,[5],[256],[256],6851187,bb5u25c1,237.2,trial_0386_learning_rate=5.0e-03_history=1_kernel_sizes=5_conv_channels=256_fc_dims=256_seed0,fa8d503d8b,trial_0386_learning_rate=5.0e-03_history=1_kernel_sizes=5_conv_channels=256_fc_dims=256_seed0
/scratch/sb272/patterns5k_results/slurm_hist_cnn_2026-03-03_15-13-01/trial_0289_learning_rate=1.0e-03_history=2_kernel_sizes=10_conv_channels=256_fc_dims=256_seed1,cnn,0.154855782,0.236540219,0.068596325,-0.004490953,0.088079654,0.247403093,351551,351551,34,0.7685754,2,TRUE,0.454568327,0.66246727,59,0.318552256,0.248797759,10,[10],[256],[256],6842258,bc12u15n3,533.7,trial_0289_learning_rate=1.0e-03_history=2_kernel_sizes=10_conv_channels=256_fc_dims=256_seed1,1f07449d73,trial_0289_learning_rate=1.0e-03_history=2_kernel_sizes=10_conv_channels=256_fc_dims=256_seed1
/scratch/sb272/patterns5k_results/slurm_hist_cnn_2026-03-03_15-13-01/trial_0071_learning_rate=1.0e-04_history=1_kernel_sizes=5_conv_channels=256_fc_dims=256_seed0,cnn,0.154312391,0.233532766,0.068024465,-0.008351541,0.082754172,0.242841367,217151,217151,50,0.768128695,1,TRUE,0.454568327,0.67166163,60,0.318552256,0.244871929,11,[5],[256],[256],6842245,bb3u23c1,326.8,trial_0071_learning_rate=1.0e-04_history=1_kernel_sizes=5_conv_channels=256_fc_dims=256_seed0,3ab7e6d029,trial_0071_learning_rate=1.0e-04_history=1_kernel_sizes=5_conv_channels=256_fc_dims=256_seed0
/scratch/sb272/patterns5k_results/slurm_hist_cnn_2026-03-03_15-13-01/trial_0386_learning_rate=5.0e-03_history=1_kernel_sizes=5_conv_channels=256_fc_dims=256_seed2,cnn,0.153226718,0.245095612,0.072508966,-0.005487551,0.089780085,0.249053886,217151,217151,32,0.767992169,1,TRUE,0.454568327,0.648554902,59,0.318552256,0.256738096,13,[5],[256],[256],6851187,bb5u25c1,244.5,trial_0386_learning_rate=5.0e-03_history=1_kernel_sizes=5_conv_channels=256_fc_dims=256_seed2,fa8d503d8b,trial_0386_learning_rate=5.0e-03_history=1_kernel_sizes=5_conv_channels=256_fc_dims=256_seed2
/scratch/sb272/patterns5k_results/slurm_hist_cnn_2026-03-03_15-13-01/trial_0350_learning_rate=5.0e-03_history=1_kernel_sizes=3_conv_channels=256_fc_dims=256_seed0,cnn,0.15346341,0.245005617,0.073447937,-0.003970908,0.097154334,0.255825213,163391,163391,50,0.767640585,1,TRUE,0.454568327,0.65154618,59,0.318552256,0.256313831,14,[3],[256],[256],6850941,bb5u25c1,289,trial_0350_learning_rate=5.0e-03_history=1_kernel_sizes=3_conv_channels=256_fc_dims=256_seed0,585f302fde,trial_0350_learning_rate=5.0e-03_history=1_kernel_sizes=3_conv_channels=256_fc_dims=256_seed0
/scratch/sb272/patterns5k_results/slurm_hist_cnn_2026-03-03_15-13-01/trial_0077_learning_rate=1.0e-04_history=2_kernel_sizes=3_conv_channels=256_fc_dims=256_seed1,cnn,0.156278658,0.224743656,0.064180251,-0.005183878,0.08690314,0.236089716,163391,163391,50,0.767349035,2,TRUE,0.454568327,0.676508645,61,0.318552256,0.235880852,7,[3],[256],[256],6842245,bb3u23c1,303,trial_0077_learning_rate=1.0e-04_history=2_kernel_sizes=3_conv_channels=256_fc_dims=256_seed1,539a62cf56,trial_0077_learning_rate=1.0e-04_history=2_kernel_sizes=3_conv_channels=256_fc_dims=256_seed1
/scratch/sb272/patterns5k_results/slurm_hist_cnn_2026-03-03_15-13-01/trial_0393_learning_rate=5.0e-03_history=2_kernel_sizes=5_conv_channels=256_fc_dims=256_seed1,cnn,0.154409491,0.242149162,0.072516125,0.002111351,0.099100575,0.253247317,217151,217151,29,0.767337241,2,TRUE,0.454568327,0.642875378,60,0.318552256,0.253835648,10,[5],[256],[256],6851187,bb5u25c1,231.9,trial_0393_learning_rate=5.0e-03_history=2_kernel_sizes=5_conv_channels=256_fc_dims=256_seed1,6337fabdd8,trial_0393_learning_rate=5.0e-03_history=2_kernel_sizes=5_conv_channels=256_fc_dims=256_seed1
/scratch/sb272/patterns5k_results/slurm_hist_cnn_2026-03-03_15-13-01/trial_0315_learning_rate=5.0e-03_history=1_kernel_sizes=3_conv_channels=256_fc_dims=256_seed0,cnn,0.153109531,0.245099577,0.074048066,-0.004489083,0.100607276,0.254416487,163391,163391,35,0.767308485,1,TRUE,0.454568327,0.645733994,60,0.318552256,0.255625308,13,[3],[256],[256],6842259,bc12u15n3,480.2,trial_0315_learning_rate=5.0e-03_history=1_kernel_sizes=3_conv_channels=256_fc_dims=256_seed0,9b4d89d716,trial_0315_learning_rate=5.0e-03_history=1_kernel_sizes=3_conv_channels=256_fc_dims=256_seed0
/scratch/sb272/patterns5k_results/slurm_hist_cnn_2026-03-03_15-13-01/trial_0316_learning_rate=5.0e-03_history=1_kernel_sizes=5_conv_channels=256_fc_dims=256_seed2,cnn,0.153375935,0.243897538,0.073635917,-0.006736707,0.089191705,0.248784786,217151,217151,33,0.767296106,1,TRUE,0.454568327,0.645698302,59,0.318552256,0.255966783,14,[5],[256],[256],6842260,bc12u15n4,426.3,trial_0316_learning_rate=5.0e-03_history=1_kernel_sizes=5_conv_channels=256_fc_dims=256_seed2,f388cac118,trial_0316_learning_rate=5.0e-03_history=1_kernel_sizes=5_conv_channels=256_fc_dims=256_seed2
/scratch/sb272/patterns5k_results/slurm_hist_cnn_2026-03-03_15-13-01/trial_0385_learning_rate=5.0e-03_history=1_kernel_sizes=3_conv_channels=256_fc_dims=256_seed0,cnn,0.153383096,0.24560836,0.074711921,-0.003724548,0.099638179,0.255881666,163391,163391,50,0.767237489,1,TRUE,0.454568327,0.647867072,59,0.318552256,0.257040054,13,[3],[256],[256],6851187,bb5u25c1,287.1,trial_0385_learning_rate=5.0e-03_history=1_kernel_sizes=3_conv_channels=256_fc_dims=256_seed0,5cc491cf1b,trial_0385_learning_rate=5.0e-03_history=1_kernel_sizes=3_conv_channels=256_fc_dims=256_seed0
/scratch/sb272/patterns5k_results/slurm_hist_cnn_2026-03-03_15-13-01/trial_0358_learning_rate=5.0e-03_history=2_kernel_sizes=5_conv_channels=256_fc_dims=256_seed2,cnn,0.154831216,0.241886485,0.073171087,-0.001446527,0.092067011,0.250011716,217151,217151,30,0.767064222,2,TRUE,0.454568327,0.64608355,59,0.318552256,0.252780229,10,[5],[256],[256],6850941,bb5u25c1,236,trial_0358_learning_rate=5.0e-03_history=2_kernel_sizes=5_conv_channels=256_fc_dims=256_seed2,e4af6144ff,trial_0358_learning_rate=5.0e-03_history=2_kernel_sizes=5_conv_channels=256_fc_dims=256_seed2
/scratch/sb272/patterns5k_results/slurm_hist_cnn_2026-03-03_15-13-01/trial_0071_learning_rate=1.0e-04_history=1_kernel_sizes=5_conv_channels=256_fc_dims=256_seed2,cnn,0.154398285,0.232130338,0.066932715,-0.010443066,0.078069754,0.238853953,217151,217151,50,0.766930169,1,TRUE,0.454568327,0.673862893,61,0.318552256,0.243541107,10,[5],[256],[256],6842245,bb3u23c1,325.9,trial_0071_learning_rate=1.0e-04_history=1_kernel_sizes=5_conv_channels=256_fc_dims=256_seed2,3ab7e6d029,trial_0071_learning_rate=1.0e-04_history=1_kernel_sizes=5_conv_channels=256_fc_dims=256_seed2
/scratch/sb272/patterns5k_results/slurm_hist_cnn_2026-03-03_15-13-01/trial_0219_learning_rate=1.0e-03_history=2_kernel_sizes=10_conv_channels=256_fc_dims=256_seed2,cnn,0.155091953,0.235844093,0.067100601,-0.002754977,0.088077001,0.244496194,351551,351551,31,0.766409339,2,TRUE,0.454568327,0.660432666,60,0.318552256,0.248672158,10,[10],[256],[256],6842254,bb5u25c1,264.4,trial_0219_learning_rate=1.0e-03_history=2_kernel_sizes=10_conv_channels=256_fc_dims=256_seed2,e07b2b074a,trial_0219_learning_rate=1.0e-03_history=2_kernel_sizes=10_conv_channels=256_fc_dims=256_seed2
/scratch/sb272/patterns5k_results/slurm_hist_cnn_2026-03-03_15-13-01/trial_0315_learning_rate=5.0e-03_history=1_kernel_sizes=3_conv_channels=256_fc_dims=256_seed1,cnn,0.153218826,0.244945317,0.074297899,-0.006942605,0.095144242,0.254656895,163391,163391,40,0.766003552,1,TRUE,0.454568327,0.642696839,59,0.318552256,0.256242305,13,[3],[256],[256],6842259,bc12u15n3,517.3,trial_0315_learning_rate=5.0e-03_history=1_kernel_sizes=3_conv_channels=256_fc_dims=256_seed1,9b4d89d716,trial_0315_learning_rate=5.0e-03_history=1_kernel_sizes=3_conv_channels=256_fc_dims=256_seed1
/scratch/sb272/patterns5k_results/slurm_hist_cnn_2026-03-03_15-13-01/trial_0078_learning_rate=1.0e-04_history=2_kernel_sizes=5_conv_channels=256_fc_dims=256_seed1,cnn,0.155371913,0.232979221,0.069230946,-0.004266149,0.088159382,0.244546157,217151,217151,50,0.76513177,2,TRUE,0.454568327,0.666792738,61,0.318552256,0.244310513,8,[5],[256],[256],6842245,bb3u23c1,338.3,trial_0078_learning_rate=1.0e-04_history=2_kernel_sizes=5_conv_channels=256_fc_dims=256_seed1,440a2acf89,trial_0078_learning_rate=1.0e-04_history=2_kernel_sizes=5_conv_channels=256_fc_dims=256_seed1
/scratch/sb272/patterns5k_results/slurm_hist_cnn_2026-03-03_15-13-01/trial_0007_learning_rate=1.0e-04_history=2_kernel_sizes=3_conv_channels=256_fc_dims=256_seed2,cnn,0.156014264,0.226426165,0.065380931,-0.003328904,0.093363389,0.23491198,163391,163391,50,0.764413912,2,TRUE,0.454568327,0.674278724,62,0.318552256,0.237598315,6,[3],[256],[256],6842241,bb2u15c1,404.1,trial_0007_learning_rate=1.0e-04_history=2_kernel_sizes=3_conv_channels=256_fc_dims=256_seed2,17c29e6a99,trial_0007_learning_rate=1.0e-04_history=2_kernel_sizes=3_conv_channels=256_fc_dims=256_seed2
/scratch/sb272/patterns5k_results/slurm_hist_cnn_2026-03-03_15-13-01/trial_0070_learning_rate=1.0e-04_history=1_kernel_sizes=3_conv_channels=256_fc_dims=256_seed2,cnn,0.15454165,0.232393266,0.066936836,-0.00733376,0.08636909,0.238761882,163391,163391,50,0.764155062,1,TRUE,0.454568327,0.66782594,61,0.318552256,0.243266091,11,[3],[256],[256],6842245,bb3u23c1,308.1,trial_0070_learning_rate=1.0e-04_history=1_kernel_sizes=3_conv_channels=256_fc_dims=256_seed2,f16c23712b,trial_0070_learning_rate=1.0e-04_history=1_kernel_sizes=3_conv_channels=256_fc_dims=256_seed2
/scratch/sb272/patterns5k_results/slurm_hist_cnn_2026-03-03_15-13-01/trial_0316_learning_rate=5.0e-03_history=1_kernel_sizes=5_conv_channels=256_fc_dims=256_seed0,cnn,0.153328024,0.24362557,0.072009212,-0.006303091,0.087621644,0.252341028,217151,217151,30,0.764118279,1,TRUE,0.454568327,0.646820133,59,0.318552256,0.254842341,12,[5],[256],[256],6842259,bc12u15n3,483.9,trial_0316_learning_rate=5.0e-03_history=1_kernel_sizes=5_conv_channels=256_fc_dims=256_seed0,f388cac118,trial_0316_learning_rate=5.0e-03_history=1_kernel_sizes=5_conv_channels=256_fc_dims=256_seed0
/scratch/sb272/patterns5k_results/slurm_hist_cnn_2026-03-03_15-13-01/trial_0007_learning_rate=1.0e-04_history=2_kernel_sizes=3_conv_channels=256_fc_dims=256_seed1,cnn,0.156016696,0.226498741,0.065755431,-0.004456371,0.092455685,0.236680705,163391,163391,50,0.763634973,2,TRUE,0.454568327,0.674734683,61,0.318552256,0.237652898,6,[3],[256],[256],6842241,bb2u15c1,408.8,trial_0007_learning_rate=1.0e-04_history=2_kernel_sizes=3_conv_channels=256_fc_dims=256_seed1,17c29e6a99,trial_0007_learning_rate=1.0e-04_history=2_kernel_sizes=3_conv_channels=256_fc_dims=256_seed1
/scratch/sb272/patterns5k_results/slurm_hist_cnn_2026-03-03_15-13-01/trial_0351_learning_rate=5.0e-03_history=1_kernel_sizes=5_conv_channels=256_fc_dims=256_seed0,cnn,0.153278869,0.244328092,0.074921944,-0.00558013,0.094063692,0.253904074,217151,217151,28,0.763605822,1,TRUE,0.454568327,0.648345141,60,0.318552256,0.255991489,12,[5],[256],[256],6850941,bb5u25c1,230.8,trial_0351_learning_rate=5.0e-03_history=1_kernel_sizes=5_conv_channels=256_fc_dims=256_seed0,8876eca04d,trial_0351_learning_rate=5.0e-03_history=1_kernel_sizes=5_conv_channels=256_fc_dims=256_seed0
/scratch/sb272/patterns5k_results/slurm_hist_cnn_2026-03-03_15-13-01/trial_0035_learning_rate=1.0e-04_history=1_kernel_sizes=3_conv_channels=256_fc_dims=256_seed0,cnn,0.154595495,0.232686848,0.067948778,-0.006613177,0.089756608,0.243638336,163391,163391,50,0.763370522,1,TRUE,0.454568327,0.664855308,60,0.318552256,0.243315876,9,[3],[256],[256],6842243,bb2u23c1,288.7,trial_0035_learning_rate=1.0e-04_history=1_kernel_sizes=3_conv_channels=256_fc_dims=256_seed0,28f6d9f061,trial_0035_learning_rate=1.0e-04_history=1_kernel_sizes=3_conv_channels=256_fc_dims=256_seed0
/scratch/sb272/patterns5k_results/slurm_hist_cnn_2026-03-03_15-13-01/trial_0077_learning_rate=1.0e-04_history=2_kernel_sizes=3_conv_channels=256_fc_dims=256_seed2,cnn,0.156183624,0.225676154,0.064906899,-0.00284314,0.091685452,0.234651432,163391,163391,50,0.763306072,2,TRUE,0.454568327,0.675079706,61,0.318552256,0.236660972,6,[3],[256],[256],6842245,bb3u23c1,308.8,trial_0077_learning_rate=1.0e-04_history=2_kernel_sizes=3_conv_channels=256_fc_dims=256_seed2,539a62cf56,trial_0077_learning_rate=1.0e-04_history=2_kernel_sizes=3_conv_channels=256_fc_dims=256_seed2
/scratch/sb272/patterns5k_results/slurm_hist_cnn_2026-03-03_15-13-01/trial_0042_learning_rate=1.0e-04_history=2_kernel_sizes=3_conv_channels=256_fc_dims=256_seed2,cnn,0.156204815,0.226434142,0.064241118,-0.002654747,0.091559127,0.233952971,163391,163391,50,0.763306066,2,TRUE,0.454568327,0.673521237,61,0.318552256,0.237596631,7,[3],[256],[256],6842243,bb2u23c1,322.7,trial_0042_learning_rate=1.0e-04_history=2_kernel_sizes=3_conv_channels=256_fc_dims=256_seed2,9681809127,trial_0042_learning_rate=1.0e-04_history=2_kernel_sizes=3_conv_channels=256_fc_dims=256_seed2
/scratch/sb272/patterns5k_results/slurm_hist_cnn_2026-03-03_15-13-01/trial_0042_learning_rate=1.0e-04_history=2_kernel_sizes=3_conv_channels=256_fc_dims=256_seed0,cnn,0.156322564,0.224875578,0.064565465,-0.003269922,0.090278782,0.236620489,163391,163391,50,0.762608539,2,TRUE,0.454568327,0.674666754,61,0.318552256,0.236153558,6,[3],[256],[256],6842243,bb2u23c1,365.3,trial_0042_learning_rate=1.0e-04_history=2_kernel_sizes=3_conv_channels=256_fc_dims=256_seed0,9681809127,trial_0042_learning_rate=1.0e-04_history=2_kernel_sizes=3_conv_channels=256_fc_dims=256_seed0
/scratch/sb272/patterns5k_results/slurm_hist_cnn_2026-03-03_15-13-01/trial_0078_learning_rate=1.0e-04_history=2_kernel_sizes=5_conv_channels=256_fc_dims=256_seed2,cnn,0.155353224,0.233432491,0.068928077,-0.00446837,0.084065005,0.241571983,217151,217151,50,0.762570424,2,TRUE,0.454568327,0.668072275,61,0.318552256,0.244950384,8,[5],[256],[256],6842245,bb3u23c1,344.1,trial_0078_learning_rate=1.0e-04_history=2_kernel_sizes=5_conv_channels=256_fc_dims=256_seed2,440a2acf89,trial_0078_learning_rate=1.0e-04_history=2_kernel_sizes=5_conv_channels=256_fc_dims=256_seed2
/scratch/sb272/patterns5k_results/slurm_hist_cnn_2026-03-03_15-13-01/trial_0008_learning_rate=1.0e-04_history=2_kernel_sizes=5_conv_channels=256_fc_dims=256_seed1,cnn,0.155382161,0.234089636,0.070130347,-0.003879981,0.086162023,0.244636798,217151,217151,50,0.762459955,2,TRUE,0.454568327,0.667809041,61,0.318552256,0.24560371,8,[5],[256],[256],6842241,bb2u15c1,408.6,trial_0008_learning_rate=1.0e-04_history=2_kernel_sizes=5_conv_channels=256_fc_dims=256_seed1,8a0e3557ae,trial_0008_learning_rate=1.0e-04_history=2_kernel_sizes=5_conv_channels=256_fc_dims=256_seed1
/scratch/sb272/patterns5k_results/slurm_hist_cnn_2026-03-03_15-13-01/trial_0323_learning_rate=5.0e-03_history=2_kernel_sizes=5_conv_channels=256_fc_dims=256_seed2,cnn,0.154229436,0.242508655,0.074520983,0.003227754,0.101956442,0.24841128,217151,217151,28,0.761954805,2,TRUE,0.454568327,0.637175578,59,0.318552256,0.254091442,10,[5],[256],[256],6842260,bc12u15n4,400.6,trial_0323_learning_rate=5.0e-03_history=2_kernel_sizes=5_conv_channels=256_fc_dims=256_seed2,9b892e591f,trial_0323_learning_rate=5.0e-03_history=2_kernel_sizes=5_conv_channels=256_fc_dims=256_seed2
/scratch/sb272/patterns5k_results/slurm_hist_cnn_2026-03-03_15-13-01/trial_0007_learning_rate=1.0e-04_history=2_kernel_sizes=3_conv_channels=256_fc_dims=256_seed0,cnn,0.156225436,0.226123771,0.065348479,-0.005350668,0.091232702,0.236855739,163391,163391,50,0.761781902,2,TRUE,0.454568327,0.672126424,61,0.318552256,0.237237826,6,[3],[256],[256],6842241,bb2u15c1,402.6,trial_0007_learning_rate=1.0e-04_history=2_kernel_sizes=3_conv_channels=256_fc_dims=256_seed0,17c29e6a99,trial_0007_learning_rate=1.0e-04_history=2_kernel_sizes=3_conv_channels=256_fc_dims=256_seed0
/scratch/sb272/patterns5k_results/slurm_hist_cnn_2026-03-03_15-13-01/trial_0358_learning_rate=5.0e-03_history=2_kernel_sizes=5_conv_channels=256_fc_dims=256_seed1,cnn,0.154343385,0.242675368,0.073730627,0.001135732,0.098915078,0.252531053,217151,217151,31,0.761638574,2,TRUE,0.454568327,0.640491863,60,0.318552256,0.253743678,10,[5],[256],[256],6850941,bb5u25c1,236.2,trial_0358_learning_rate=5.0e-03_history=2_kernel_sizes=5_conv_channels=256_fc_dims=256_seed1,e4af6144ff,trial_0358_learning_rate=5.0e-03_history=2_kernel_sizes=5_conv_channels=256_fc_dims=256_seed1
/scratch/sb272/patterns5k_results/slurm_hist_cnn_2026-03-03_15-13-01/trial_0077_learning_rate=1.0e-04_history=2_kernel_sizes=3_conv_channels=256_fc_dims=256_seed0,cnn,0.156168945,0.225702087,0.065441132,-0.004055436,0.091319457,0.2372693,163391,163391,50,0.761420935,2,TRUE,0.454568327,0.674776544,62,0.318552256,0.237067536,6,[3],[256],[256],6842245,bb3u23c1,304.4,trial_0077_learning_rate=1.0e-04_history=2_kernel_sizes=3_conv_channels=256_fc_dims=256_seed0,539a62cf56,trial_0077_learning_rate=1.0e-04_history=2_kernel_sizes=3_conv_channels=256_fc_dims=256_seed0
/scratch/sb272/patterns5k_results/slurm_hist_cnn_2026-03-03_15-13-01/trial_0000_learning_rate=1.0e-04_history=1_kernel_sizes=3_conv_channels=256_fc_dims=256_seed2,cnn,0.15451132,0.231992126,0.067583432,-0.00766199,0.086889863,0.23848041,163391,163391,50,0.76136294,1,TRUE,0.454568327,0.668395688,61,0.318552256,0.242912695,10,[3],[256],[256],6842241,bb2u15c1,329.4,trial_0000_learning_rate=1.0e-04_history=1_kernel_sizes=3_conv_channels=256_fc_dims=256_seed2,a5b5a9d49d,trial_0000_learning_rate=1.0e-04_history=1_kernel_sizes=3_conv_channels=256_fc_dims=256_seed2
/scratch/sb272/patterns5k_results/slurm_hist_cnn_2026-03-03_15-13-01/trial_0219_learning_rate=1.0e-03_history=2_kernel_sizes=10_conv_channels=256_fc_dims=256_seed1,cnn,0.154810652,0.235307701,0.067141766,-0.005750717,0.084830858,0.248103559,351551,351551,30,0.761047903,2,TRUE,0.454568327,0.659042902,59,0.318552256,0.247485071,9,[10],[256],[256],6842254,bb5u25c1,260.5,trial_0219_learning_rate=1.0e-03_history=2_kernel_sizes=10_conv_channels=256_fc_dims=256_seed1,e07b2b074a,trial_0219_learning_rate=1.0e-03_history=2_kernel_sizes=10_conv_channels=256_fc_dims=256_seed1
/scratch/sb272/patterns5k_results/slurm_hist_cnn_2026-03-03_15-13-01/trial_0037_learning_rate=1.0e-04_history=1_kernel_sizes=10_conv_channels=256_fc_dims=256_seed0,cnn,0.154594949,0.233755224,0.067250877,-0.012370152,0.071199238,0.241834734,351551,351551,50,0.760918011,1,TRUE,0.454568327,0.666561953,57,0.318552256,0.245126128,11,[10],[256],[256],6842243,bb2u23c1,353.7,trial_0037_learning_rate=1.0e-04_history=1_kernel_sizes=10_conv_channels=256_fc_dims=256_seed0,05331f49c0,trial_0037_learning_rate=1.0e-04_history=1_kernel_sizes=10_conv_channels=256_fc_dims=256_seed0
/scratch/sb272/patterns5k_results/slurm_hist_cnn_2026-03-03_15-13-01/trial_0043_learning_rate=1.0e-04_history=2_kernel_sizes=5_conv_channels=256_fc_dims=256_seed2,cnn,0.155435126,0.233809933,0.069586532,-0.004362966,0.084293611,0.241398274,217151,217151,50,0.760592692,2,TRUE,0.454568327,0.666689504,61,0.318552256,0.245418593,8,[5],[256],[256],6842243,bb2u23c1,379.6,trial_0043_learning_rate=1.0e-04_history=2_kernel_sizes=5_conv_channels=256_fc_dims=256_seed2,7fcb66b33c,trial_0043_learning_rate=1.0e-04_history=2_kernel_sizes=5_conv_channels=256_fc_dims=256_seed2
/scratch/sb272/patterns5k_results/slurm_hist_cnn_2026-03-03_15-13-01/trial_0317_learning_rate=5.0e-03_history=1_kernel_sizes=10_conv_channels=256_fc_dims=256_seed1,cnn,0.153804233,0.242394257,0.07279067,-0.012309582,0.073282033,0.252540187,351551,351551,26,0.76022808,1,TRUE,0.454568327,0.639765175,58,0.318552256,0.254579723,12,[10],[256],[256],6842260,bc12u15n4,417.5,trial_0317_learning_rate=5.0e-03_history=1_kernel_sizes=10_conv_channels=256_fc_dims=256_seed1,de006a0dca,trial_0317_learning_rate=5.0e-03_history=1_kernel_sizes=10_conv_channels=256_fc_dims=256_seed1
/scratch/sb272/patterns5k_results/slurm_hist_cnn_2026-03-03_15-13-01/trial_0000_learning_rate=1.0e-04_history=1_kernel_sizes=3_conv_channels=256_fc_dims=256_seed1,cnn,0.154541219,0.232897462,0.067714912,-0.007735303,0.086730152,0.242556828,163391,163391,50,0.760087623,1,TRUE,0.454568327,0.663590416,60,0.318552256,0.243319467,9,[3],[256],[256],6842241,bb2u15c1,317.8,trial_0000_learning_rate=1.0e-04_history=1_kernel_sizes=3_conv_channels=256_fc_dims=256_seed1,a5b5a9d49d,trial_0000_learning_rate=1.0e-04_history=1_kernel_sizes=3_conv_channels=256_fc_dims=256_seed1
/scratch/sb272/patterns5k_results/slurm_hist_cnn_2026-03-03_15-13-01/trial_0070_learning_rate=1.0e-04_history=1_kernel_sizes=3_conv_channels=256_fc_dims=256_seed1,cnn,0.1549076,0.231189701,0.066640809,-0.005717002,0.085419811,0.24189311,163391,163391,50,0.759986758,1,TRUE,0.454568327,0.668559038,61,0.318552256,0.242183119,10,[3],[256],[256],6842245,bb3u23c1,305,trial_0070_learning_rate=1.0e-04_history=1_kernel_sizes=3_conv_channels=256_fc_dims=256_seed1,f16c23712b,trial_0070_learning_rate=1.0e-04_history=1_kernel_sizes=3_conv_channels=256_fc_dims=256_seed1
/scratch/sb272/patterns5k_results/slurm_hist_cnn_2026-03-03_15-13-01/trial_0352_learning_rate=5.0e-03_history=1_kernel_sizes=10_conv_channels=256_fc_dims=256_seed1,cnn,0.153326937,0.241785014,0.072244774,-0.012377897,0.07193426,0.253279875,351551,351551,25,0.759047335,1,TRUE,0.454568327,0.638608605,57,0.318552256,0.253581941,13,[10],[256],[256],6850941,bb5u25c1,242.1,trial_0352_learning_rate=5.0e-03_history=1_kernel_sizes=10_conv_channels=256_fc_dims=256_seed1,e330c3b91a,trial_0352_learning_rate=5.0e-03_history=1_kernel_sizes=10_conv_channels=256_fc_dims=256_seed1
/scratch/sb272/patterns5k_results/slurm_hist_cnn_2026-03-03_15-13-01/trial_0037_learning_rate=1.0e-04_history=1_kernel_sizes=10_conv_channels=256_fc_dims=256_seed1,cnn,0.15454933,0.23311925,0.065396827,-0.014007778,0.066009901,0.244346422,351551,351551,50,0.758901378,1,TRUE,0.454568327,0.664416169,58,0.318552256,0.244324476,10,[10],[256],[256],6842243,bb2u23c1,362.1,trial_0037_learning_rate=1.0e-04_history=1_kernel_sizes=10_conv_channels=256_fc_dims=256_seed1,05331f49c0,trial_0037_learning_rate=1.0e-04_history=1_kernel_sizes=10_conv_channels=256_fc_dims=256_seed1
/scratch/sb272/patterns5k_results/slurm_hist_cnn_2026-03-03_15-13-01/trial_0289_learning_rate=1.0e-03_history=2_kernel_sizes=10_conv_channels=256_fc_dims=256_seed2,cnn,0.155137409,0.235495367,0.068123176,-0.002244125,0.089210816,0.244831684,351551,351551,29,0.758763886,2,TRUE,0.454568327,0.659090099,60,0.318552256,0.247873709,9,[10],[256],[256],6842258,bc12u15n3,515.8,trial_0289_learning_rate=1.0e-03_history=2_kernel_sizes=10_conv_channels=256_fc_dims=256_seed2,1f07449d73,trial_0289_learning_rate=1.0e-03_history=2_kernel_sizes=10_conv_channels=256_fc_dims=256_seed2
/scratch/sb272/patterns5k_results/slurm_hist_cnn_2026-03-03_15-13-01/trial_0323_learning_rate=5.0e-03_history=2_kernel_sizes=5_conv_channels=256_fc_dims=256_seed0,cnn,0.154366839,0.242410169,0.073009483,0.003179841,0.101858497,0.252274105,217151,217151,27,0.758667645,2,TRUE,0.454568327,0.637870289,60,0.318552256,0.253717422,10,[5],[256],[256],6842260,bc12u15n4,393,trial_0323_learning_rate=5.0e-03_history=2_kernel_sizes=5_conv_channels=256_fc_dims=256_seed0,9b892e591f,trial_0323_learning_rate=5.0e-03_history=2_kernel_sizes=5_conv_channels=256_fc_dims=256_seed0
/scratch/sb272/patterns5k_results/slurm_hist_cnn_2026-03-03_15-13-01/trial_0322_learning_rate=5.0e-03_history=2_kernel_sizes=3_conv_channels=256_fc_dims=256_seed1,cnn,0.155540281,0.233451663,0.067954534,0.003521098,0.105537675,0.24572947,163391,163391,29,0.758449182,2,TRUE,0.454568327,0.647187845,60,0.318552256,0.245041281,7,[3],[256],[256],6842260,bc12u15n4,386.4,trial_0322_learning_rate=5.0e-03_history=2_kernel_sizes=3_conv_channels=256_fc_dims=256_seed1,c4b3a93a4e,trial_0322_learning_rate=5.0e-03_history=2_kernel_sizes=3_conv_channels=256_fc_dims=256_seed1
/scratch/sb272/patterns5k_results/slurm_hist_cnn_2026-03-03_15-13-01/trial_0043_learning_rate=1.0e-04_history=2_kernel_sizes=5_conv_channels=256_fc_dims=256_seed0,cnn,0.155315115,0.233026014,0.069457627,-0.002888297,0.086967915,0.24497534,217151,217151,50,0.758317279,2,TRUE,0.454568327,0.664043094,61,0.318552256,0.244234219,7,[5],[256],[256],6842243,bb2u23c1,380.5,trial_0043_learning_rate=1.0e-04_history=2_kernel_sizes=5_conv_channels=256_fc_dims=256_seed0,7fcb66b33c,trial_0043_learning_rate=1.0e-04_history=2_kernel_sizes=5_conv_channels=256_fc_dims=256_seed0
/scratch/sb272/patterns5k_results/slurm_hist_cnn_2026-03-03_15-13-01/trial_0043_learning_rate=1.0e-04_history=2_kernel_sizes=5_conv_channels=256_fc_dims=256_seed1,cnn,0.155583478,0.231739187,0.067812746,-0.004036983,0.082109764,0.243511147,217151,217151,50,0.758142539,2,TRUE,0.454568327,0.665857403,59,0.318552256,0.24283646,8,[5],[256],[256],6842243,bb2u23c1,391.2,trial_0043_learning_rate=1.0e-04_history=2_kernel_sizes=5_conv_channels=256_fc_dims=256_seed1,7fcb66b33c,trial_0043_learning_rate=1.0e-04_history=2_kernel_sizes=5_conv_channels=256_fc_dims=256_seed1
/scratch/sb272/patterns5k_results/slurm_hist_cnn_2026-03-03_15-13-01/trial_0008_learning_rate=1.0e-04_history=2_kernel_sizes=5_conv_channels=256_fc_dims=256_seed0,cnn,0.155609768,0.232198227,0.067832704,-0.002493306,0.086200505,0.244093842,217151,217151,50,0.75809915,2,TRUE,0.454568327,0.66650684,60,0.318552256,0.243582666,7,[5],[256],[256],6842241,bb2u15c1,431.2,trial_0008_learning_rate=1.0e-04_history=2_kernel_sizes=5_conv_channels=256_fc_dims=256_seed0,8a0e3557ae,trial_0008_learning_rate=1.0e-04_history=2_kernel_sizes=5_conv_channels=256_fc_dims=256_seed0
/scratch/sb272/patterns5k_results/slurm_hist_cnn_2026-03-03_15-13-01/trial_0035_learning_rate=1.0e-04_history=1_kernel_sizes=3_conv_channels=256_fc_dims=256_seed2,cnn,0.154610056,0.233450795,0.067769504,-0.005501748,0.087140188,0.239688957,163391,163391,50,0.75754747,1,TRUE,0.454568327,0.664946341,61,0.318552256,0.244775757,11,[3],[256],[256],6842243,bb2u23c1,285.9,trial_0035_learning_rate=1.0e-04_history=1_kernel_sizes=3_conv_channels=256_fc_dims=256_seed2,28f6d9f061,trial_0035_learning_rate=1.0e-04_history=1_kernel_sizes=3_conv_channels=256_fc_dims=256_seed2
/scratch/sb272/patterns5k_results/slurm_hist_cnn_2026-03-03_15-13-01/trial_0072_learning_rate=1.0e-04_history=1_kernel_sizes=10_conv_channels=256_fc_dims=256_seed1,cnn,0.154628906,0.232526624,0.066340599,-0.01256319,0.069757536,0.243626204,351551,351551,50,0.7575439,1,TRUE,0.454568327,0.661052467,58,0.318552256,0.244000718,10,[10],[256],[256],6842245,bb3u23c1,376.2,trial_0072_learning_rate=1.0e-04_history=1_kernel_sizes=10_conv_channels=256_fc_dims=256_seed1,09d8e2485b,trial_0072_learning_rate=1.0e-04_history=1_kernel_sizes=10_conv_channels=256_fc_dims=256_seed1
/scratch/sb272/patterns5k_results/slurm_hist_cnn_2026-03-03_15-13-01/trial_0387_learning_rate=5.0e-03_history=1_kernel_sizes=10_conv_channels=256_fc_dims=256_seed0,cnn,0.154209959,0.241878526,0.071244281,-0.01368591,0.071437605,0.250923028,351551,351551,28,0.757132007,1,TRUE,0.454568327,0.636237987,56,0.318552256,0.253427327,12,[10],[256],[256],6851187,bb5u25c1,256.2,trial_0387_learning_rate=5.0e-03_history=1_kernel_sizes=10_conv_channels=256_fc_dims=256_seed0,cac5711125,trial_0387_learning_rate=5.0e-03_history=1_kernel_sizes=10_conv_channels=256_fc_dims=256_seed0
/scratch/sb272/patterns5k_results/slurm_hist_cnn_2026-03-03_15-13-01/trial_0002_learning_rate=1.0e-04_history=1_kernel_sizes=10_conv_channels=256_fc_dims=256_seed2,cnn,0.154552784,0.232057299,0.065680776,-0.012782963,0.068853922,0.240165636,351551,351551,50,0.756264428,1,TRUE,0.454568327,0.664463628,57,0.318552256,0.243569657,10,[10],[256],[256],6842241,bb2u15c1,406,trial_0002_learning_rate=1.0e-04_history=1_kernel_sizes=10_conv_channels=256_fc_dims=256_seed2,cadcd9607d,trial_0002_learning_rate=1.0e-04_history=1_kernel_sizes=10_conv_channels=256_fc_dims=256_seed2
/scratch/sb272/patterns5k_results/slurm_hist_cnn_2026-03-03_15-13-01/trial_0359_learning_rate=5.0e-03_history=2_kernel_sizes=10_conv_channels=256_fc_dims=256_seed0,cnn,0.155795413,0.234128816,0.066771608,-0.003690529,0.082488939,0.243472046,351551,351551,27,0.756259299,2,TRUE,0.454568327,0.632539556,58,0.318552256,0.245977595,9,[10],[256],[256],6850941,bb5u25c1,253.8,trial_0359_learning_rate=5.0e-03_history=2_kernel_sizes=10_conv_channels=256_fc_dims=256_seed0,5a1762f683,trial_0359_learning_rate=5.0e-03_history=2_kernel_sizes=10_conv_channels=256_fc_dims=256_seed0
/scratch/sb272/patterns5k_results/slurm_hist_cnn_2026-03-03_15-13-01/trial_0070_learning_rate=1.0e-04_history=1_kernel_sizes=3_conv_channels=256_fc_dims=256_seed0,cnn,0.154631618,0.231946013,0.067884099,-0.006463663,0.090188257,0.2433131,163391,163391,50,0.756125288,1,TRUE,0.454568327,0.663594712,61,0.318552256,0.2429533,9,[3],[256],[256],6842245,bb3u23c1,304.3,trial_0070_learning_rate=1.0e-04_history=1_kernel_sizes=3_conv_channels=256_fc_dims=256_seed0,f16c23712b,trial_0070_learning_rate=1.0e-04_history=1_kernel_sizes=3_conv_channels=256_fc_dims=256_seed0
/scratch/sb272/patterns5k_results/slurm_hist_cnn_2026-03-03_15-13-01/trial_0002_learning_rate=1.0e-04_history=1_kernel_sizes=10_conv_channels=256_fc_dims=256_seed0,cnn,0.154563727,0.232733008,0.067003647,-0.011167262,0.071442969,0.243400629,351551,351551,50,0.755826769,1,TRUE,0.454568327,0.664387462,58,0.318552256,0.244532496,11,[10],[256],[256],6842241,bb2u15c1,393.7,trial_0002_learning_rate=1.0e-04_history=1_kernel_sizes=10_conv_channels=256_fc_dims=256_seed0,cadcd9607d,trial_0002_learning_rate=1.0e-04_history=1_kernel_sizes=10_conv_channels=256_fc_dims=256_seed0
/scratch/sb272/patterns5k_results/slurm_hist_cnn_2026-03-03_15-13-01/trial_0008_learning_rate=1.0e-04_history=2_kernel_sizes=5_conv_channels=256_fc_dims=256_seed2,cnn,0.155474915,0.232484666,0.067473955,-0.003755372,0.084482901,0.241035965,217151,217151,50,0.755753316,2,TRUE,0.454568327,0.664482601,60,0.318552256,0.243873984,8,[5],[256],[256],6842241,bb2u15c1,401.8,trial_0008_learning_rate=1.0e-04_history=2_kernel_sizes=5_conv_channels=256_fc_dims=256_seed2,8a0e3557ae,trial_0008_learning_rate=1.0e-04_history=2_kernel_sizes=5_conv_channels=256_fc_dims=256_seed2
/scratch/sb272/patterns5k_results/slurm_hist_cnn_2026-03-03_15-13-01/trial_0072_learning_rate=1.0e-04_history=1_kernel_sizes=10_conv_channels=256_fc_dims=256_seed0,cnn,0.154474257,0.234080579,0.067418687,-0.013498326,0.070557468,0.243321645,351551,351551,50,0.755597716,1,TRUE,0.454568327,0.663700046,57,0.318552256,0.245714888,11,[10],[256],[256],6842245,bb3u23c1,375.9,trial_0072_learning_rate=1.0e-04_history=1_kernel_sizes=10_conv_channels=256_fc_dims=256_seed0,09d8e2485b,trial_0072_learning_rate=1.0e-04_history=1_kernel_sizes=10_conv_channels=256_fc_dims=256_seed0
/scratch/sb272/patterns5k_results/slurm_hist_cnn_2026-03-03_15-13-01/trial_0317_learning_rate=5.0e-03_history=1_kernel_sizes=10_conv_channels=256_fc_dims=256_seed2,cnn,0.153119292,0.242119296,0.072854266,-0.011782395,0.073962122,0.248331795,351551,351551,22,0.755558718,1,TRUE,0.454568327,0.631257195,56,0.318552256,0.253689438,13,[10],[256],[256],6842260,bc12u15n4,391.7,trial_0317_learning_rate=5.0e-03_history=1_kernel_sizes=10_conv_channels=256_fc_dims=256_seed2,de006a0dca,trial_0317_learning_rate=5.0e-03_history=1_kernel_sizes=10_conv_channels=256_fc_dims=256_seed2
/scratch/sb272/patterns5k_results/slurm_hist_cnn_2026-03-03_15-13-01/trial_0002_learning_rate=1.0e-04_history=1_kernel_sizes=10_conv_channels=256_fc_dims=256_seed1,cnn,0.154515521,0.233916514,0.065758781,-0.012493305,0.0705548,0.243002982,351551,351551,50,0.755558044,1,TRUE,0.454568327,0.662786778,59,0.318552256,0.245604366,10,[10],[256],[256],6842241,bb2u15c1,396.5,trial_0002_learning_rate=1.0e-04_history=1_kernel_sizes=10_conv_channels=256_fc_dims=256_seed1,cadcd9607d,trial_0002_learning_rate=1.0e-04_history=1_kernel_sizes=10_conv_channels=256_fc_dims=256_seed1
/scratch/sb272/patterns5k_results/slurm_hist_cnn_2026-03-03_15-13-01/trial_0037_learning_rate=1.0e-04_history=1_kernel_sizes=10_conv_channels=256_fc_dims=256_seed2,cnn,0.154288046,0.233842268,0.067058135,-0.013730078,0.067808218,0.240261352,351551,351551,50,0.755215528,1,TRUE,0.454568327,0.665682027,57,0.318552256,0.245488137,9,[10],[256],[256],6842243,bb2u23c1,361.8,trial_0037_learning_rate=1.0e-04_history=1_kernel_sizes=10_conv_channels=256_fc_dims=256_seed2,05331f49c0,trial_0037_learning_rate=1.0e-04_history=1_kernel_sizes=10_conv_channels=256_fc_dims=256_seed2
/scratch/sb272/patterns5k_results/slurm_hist_cnn_2026-03-03_15-13-01/trial_0072_learning_rate=1.0e-04_history=1_kernel_sizes=10_conv_channels=256_fc_dims=256_seed2,cnn,0.154354297,0.234039316,0.067211299,-0.012721676,0.069083706,0.240504312,351551,351551,50,0.75483775,1,TRUE,0.454568327,0.662077334,58,0.318552256,0.245538905,9,[10],[256],[256],6842245,bb3u23c1,373.6,trial_0072_learning_rate=1.0e-04_history=1_kernel_sizes=10_conv_channels=256_fc_dims=256_seed2,09d8e2485b,trial_0072_learning_rate=1.0e-04_history=1_kernel_sizes=10_conv_channels=256_fc_dims=256_seed2
/scratch/sb272/patterns5k_results/slurm_hist_cnn_2026-03-03_15-13-01/trial_0393_learning_rate=5.0e-03_history=2_kernel_sizes=5_conv_channels=256_fc_dims=256_seed2,cnn,0.15449451,0.243380181,0.074351305,0.000866873,0.099381439,0.248935389,217151,217151,29,0.754751107,2,TRUE,0.454568327,0.635756906,58,0.318552256,0.254496753,10,[5],[256],[256],6851187,bb5u25c1,235.3,trial_0393_learning_rate=5.0e-03_history=2_kernel_sizes=5_conv_channels=256_fc_dims=256_seed2,6337fabdd8,trial_0393_learning_rate=5.0e-03_history=2_kernel_sizes=5_conv_channels=256_fc_dims=256_seed2
/scratch/sb272/patterns5k_results/slurm_hist_cnn_2026-03-03_15-13-01/trial_0035_learning_rate=1.0e-04_history=1_kernel_sizes=3_conv_channels=256_fc_dims=256_seed1,cnn,0.154782283,0.231938765,0.066995677,-0.005774258,0.086606972,0.241623676,163391,163391,50,0.754410848,1,TRUE,0.454568327,0.661449926,61,0.318552256,0.242274344,10,[3],[256],[256],6842243,bb2u23c1,285,trial_0035_learning_rate=1.0e-04_history=1_kernel_sizes=3_conv_channels=256_fc_dims=256_seed1,28f6d9f061,trial_0035_learning_rate=1.0e-04_history=1_kernel_sizes=3_conv_channels=256_fc_dims=256_seed1
/scratch/sb272/patterns5k_results/slurm_hist_cnn_2026-03-03_15-13-01/trial_0078_learning_rate=1.0e-04_history=2_kernel_sizes=5_conv_channels=256_fc_dims=256_seed0,cnn,0.155416803,0.233328627,0.069336834,-0.004773303,0.08583793,0.244679184,217151,217151,50,0.754276928,2,TRUE,0.454568327,0.664065944,59,0.318552256,0.244381264,8,[5],[256],[256],6842245,bb3u23c1,325.8,trial_0078_learning_rate=1.0e-04_history=2_kernel_sizes=5_conv_channels=256_fc_dims=256_seed0,440a2acf89,trial_0078_learning_rate=1.0e-04_history=2_kernel_sizes=5_conv_channels=256_fc_dims=256_seed0
/scratch/sb272/patterns5k_results/slurm_hist_cnn_2026-03-03_15-13-01/trial_0000_learning_rate=1.0e-04_history=1_kernel_sizes=3_conv_channels=256_fc_dims=256_seed0,cnn,0.154769324,0.230771978,0.066770106,-0.008819149,0.085606202,0.241981342,163391,163391,50,0.753549551,1,TRUE,0.454568327,0.662745698,61,0.318552256,0.24118109,10,[3],[256],[256],6842241,bb2u15c1,357.3,trial_0000_learning_rate=1.0e-04_history=1_kernel_sizes=3_conv_channels=256_fc_dims=256_seed0,a5b5a9d49d,trial_0000_learning_rate=1.0e-04_history=1_kernel_sizes=3_conv_channels=256_fc_dims=256_seed0
/scratch/sb272/patterns5k_results/slurm_hist_cnn_2026-03-03_15-13-01/trial_0220_learning_rate=1.0e-03_history=2_kernel_sizes=20_conv_channels=256_fc_dims=256_seed1,cnn,0.157655872,0.22382524,0.055803423,-0.008927653,0.080018818,0.231702821,620351,620351,31,0.753404613,2,TRUE,0.454568327,0.646642105,57,0.318552256,0.236594737,7,[20],[256],[256],6842254,bb5u25c1,330.1,trial_0220_learning_rate=1.0e-03_history=2_kernel_sizes=20_conv_channels=256_fc_dims=256_seed1,02cdf62354,trial_0220_learning_rate=1.0e-03_history=2_kernel_sizes=20_conv_channels=256_fc_dims=256_seed1
/scratch/sb272/patterns5k_results/slurm_hist_cnn_2026-03-03_15-13-01/trial_0079_learning_rate=1.0e-04_history=2_kernel_sizes=10_conv_channels=256_fc_dims=256_seed1,cnn,0.156027736,0.22740343,0.064755094,-0.007053608,0.078374214,0.238946531,351551,351551,50,0.752365345,2,TRUE,0.454568327,0.65748564,58,0.318552256,0.23964715,8,[10],[256],[256],6842245,bb3u23c1,390.6,trial_0079_learning_rate=1.0e-04_history=2_kernel_sizes=10_conv_channels=256_fc_dims=256_seed1,8b09d7c7e6,trial_0079_learning_rate=1.0e-04_history=2_kernel_sizes=10_conv_channels=256_fc_dims=256_seed1
/scratch/sb272/patterns5k_results/slurm_hist_cnn_2026-03-03_15-13-01/trial_0393_learning_rate=5.0e-03_history=2_kernel_sizes=5_conv_channels=256_fc_dims=256_seed0,cnn,0.154630634,0.23808471,0.071127449,0.000163338,0.098696835,0.251207287,217151,217151,24,0.750267829,2,TRUE,0.454568327,0.631591315,59,0.318552256,0.248908356,9,[5],[256],[256],6851187,bb5u25c1,221.7,trial_0393_learning_rate=5.0e-03_history=2_kernel_sizes=5_conv_channels=256_fc_dims=256_seed0,6337fabdd8,trial_0393_learning_rate=5.0e-03_history=2_kernel_sizes=5_conv_channels=256_fc_dims=256_seed0
/scratch/sb272/patterns5k_results/slurm_hist_cnn_2026-03-03_15-13-01/trial_0359_learning_rate=5.0e-03_history=2_kernel_sizes=10_conv_channels=256_fc_dims=256_seed2,cnn,0.155589788,0.237002457,0.070403488,-0.006582476,0.080866851,0.242853667,351551,351551,26,0.749812983,2,TRUE,0.454568327,0.630973865,59,0.318552256,0.248976409,9,[10],[256],[256],6850941,bb5u25c1,251,trial_0359_learning_rate=5.0e-03_history=2_kernel_sizes=10_conv_channels=256_fc_dims=256_seed2,5a1762f683,trial_0359_learning_rate=5.0e-03_history=2_kernel_sizes=10_conv_channels=256_fc_dims=256_seed2
/scratch/sb272/patterns5k_results/slurm_hist_cnn_2026-03-03_15-13-01/trial_0044_learning_rate=1.0e-04_history=2_kernel_sizes=10_conv_channels=256_fc_dims=256_seed2,cnn,0.155952468,0.227064194,0.064543498,-0.008760152,0.075632669,0.234559745,351551,351551,50,0.749751345,2,TRUE,0.454568327,0.658026896,58,0.318552256,0.238679573,8,[10],[256],[256],6842243,bb2u23c1,463.2,trial_0044_learning_rate=1.0e-04_history=2_kernel_sizes=10_conv_channels=256_fc_dims=256_seed2,b19b18f160,trial_0044_learning_rate=1.0e-04_history=2_kernel_sizes=10_conv_channels=256_fc_dims=256_seed2
/scratch/sb272/patterns5k_results/slurm_hist_cnn_2026-03-03_15-13-01/trial_0358_learning_rate=5.0e-03_history=2_kernel_sizes=5_conv_channels=256_fc_dims=256_seed0,cnn,0.154432656,0.240615043,0.072050542,0.003826591,0.101744667,0.252022962,217151,217151,23,0.74940047,2,TRUE,0.454568327,0.636597994,59,0.318552256,0.251598269,10,[5],[256],[256],6850941,bb5u25c1,211.1,trial_0358_learning_rate=5.0e-03_history=2_kernel_sizes=5_conv_channels=256_fc_dims=256_seed0,e4af6144ff,trial_0358_learning_rate=5.0e-03_history=2_kernel_sizes=5_conv_channels=256_fc_dims=256_seed0
/scratch/sb272/patterns5k_results/slurm_hist_cnn_2026-03-03_15-13-01/trial_0394_learning_rate=5.0e-03_history=2_kernel_sizes=10_conv_channels=256_fc_dims=256_seed0,cnn,0.15520526,0.234845474,0.067447311,-0.003183623,0.088093258,0.244093814,351551,351551,25,0.748916574,2,TRUE,0.454568327,0.629828554,58,0.318552256,0.246897578,11,[10],[256],[256],6851187,bb5u25c1,244.2,trial_0394_learning_rate=5.0e-03_history=2_kernel_sizes=10_conv_channels=256_fc_dims=256_seed0,12521a1c9d,trial_0394_learning_rate=5.0e-03_history=2_kernel_sizes=10_conv_channels=256_fc_dims=256_seed0
/scratch/sb272/patterns5k_results/slurm_hist_cnn_2026-03-03_15-13-01/trial_0009_learning_rate=1.0e-04_history=2_kernel_sizes=10_conv_channels=256_fc_dims=256_seed2,cnn,0.155924213,0.228310308,0.064700544,-0.009077202,0.0772487,0.235141069,351551,351551,50,0.748009075,2,TRUE,0.454568327,0.657142453,57,0.318552256,0.239752203,8,[10],[256],[256],6842241,bb2u15c1,461.4,trial_0009_learning_rate=1.0e-04_history=2_kernel_sizes=10_conv_channels=256_fc_dims=256_seed2,de2311668c,trial_0009_learning_rate=1.0e-04_history=2_kernel_sizes=10_conv_channels=256_fc_dims=256_seed2
/scratch/sb272/patterns5k_results/slurm_hist_cnn_2026-03-03_15-13-01/trial_0079_learning_rate=1.0e-04_history=2_kernel_sizes=10_conv_channels=256_fc_dims=256_seed2,cnn,0.15608734,0.225342206,0.062866804,-0.007581276,0.074016854,0.235334552,351551,351551,50,0.747973685,2,TRUE,0.454568327,0.655453663,57,0.318552256,0.237365544,8,[10],[256],[256],6842245,bb3u23c1,392.8,trial_0079_learning_rate=1.0e-04_history=2_kernel_sizes=10_conv_channels=256_fc_dims=256_seed2,8b09d7c7e6,trial_0079_learning_rate=1.0e-04_history=2_kernel_sizes=10_conv_channels=256_fc_dims=256_seed2
/scratch/sb272/patterns5k_results/slurm_hist_cnn_2026-03-03_15-13-01/trial_0387_learning_rate=5.0e-03_history=1_kernel_sizes=10_conv_channels=256_fc_dims=256_seed1,cnn,0.153740589,0.24103331,0.069458095,-0.00511195,0.08328227,0.25122325,351551,351551,20,0.747885285,1,TRUE,0.454568327,0.629961291,58,0.318552256,0.252590269,12,[10],[256],[256],6851187,bb5u25c1,227.2,trial_0387_learning_rate=5.0e-03_history=1_kernel_sizes=10_conv_channels=256_fc_dims=256_seed1,cac5711125,trial_0387_learning_rate=5.0e-03_history=1_kernel_sizes=10_conv_channels=256_fc_dims=256_seed1
/scratch/sb272/patterns5k_results/slurm_hist_cnn_2026-03-03_15-13-01/trial_0044_learning_rate=1.0e-04_history=2_kernel_sizes=10_conv_channels=256_fc_dims=256_seed0,cnn,0.156107529,0.226997118,0.064558644,-0.008851222,0.075323366,0.238154833,351551,351551,50,0.747820227,2,TRUE,0.454568327,0.653283762,58,0.318552256,0.238630787,6,[10],[256],[256],6842243,bb2u23c1,407.4,trial_0044_learning_rate=1.0e-04_history=2_kernel_sizes=10_conv_channels=256_fc_dims=256_seed0,b19b18f160,trial_0044_learning_rate=1.0e-04_history=2_kernel_sizes=10_conv_channels=256_fc_dims=256_seed0
/scratch/sb272/patterns5k_results/slurm_hist_cnn_2026-03-03_15-13-01/trial_0044_learning_rate=1.0e-04_history=2_kernel_sizes=10_conv_channels=256_fc_dims=256_seed1,cnn,0.155919455,0.22842846,0.064534798,-0.007503129,0.077763692,0.23888821,351551,351551,50,0.747593661,2,TRUE,0.454568327,0.654551237,57,0.318552256,0.239869952,7,[10],[256],[256],6842243,bb2u23c1,441.7,trial_0044_learning_rate=1.0e-04_history=2_kernel_sizes=10_conv_channels=256_fc_dims=256_seed1,b19b18f160,trial_0044_learning_rate=1.0e-04_history=2_kernel_sizes=10_conv_channels=256_fc_dims=256_seed1
/scratch/sb272/patterns5k_results/slurm_hist_cnn_2026-03-03_15-13-01/trial_0109_learning_rate=5.0e-04_history=1_kernel_sizes=10x3_conv_channels=256x128_fc_dims=256_seed1,cnn,0.153420485,0.243088355,0.066741966,-0.011789881,0.069978289,0.250483716,417471,417471,39,0.747482142,1,TRUE,0.454568327,0.621066058,54,0.318552256,0.254679501,13,"[10, 3]","[256, 128]",[256],6842247,bb4u18c1,406,trial_0109_learning_rate=5.0e-04_history=1_kernel_sizes=10x3_conv_channels=256x128_fc_dims=256_seed1,1995690750,trial_0109_learning_rate=5.0e-04_history=1_kernel_sizes=10x3_conv_channels=256x128_fc_dims=256_seed1
/scratch/sb272/patterns5k_results/slurm_hist_cnn_2026-03-03_15-13-01/trial_0009_learning_rate=1.0e-04_history=2_kernel_sizes=10_conv_channels=256_fc_dims=256_seed1,cnn,0.155905413,0.228122078,0.065137595,-0.00705308,0.078527033,0.238444007,351551,351551,50,0.747120666,2,TRUE,0.454568327,0.655827683,59,0.318552256,0.240233943,6,[10],[256],[256],6842241,bb2u15c1,457.3,trial_0009_learning_rate=1.0e-04_history=2_kernel_sizes=10_conv_channels=256_fc_dims=256_seed1,de2311668c,trial_0009_learning_rate=1.0e-04_history=2_kernel_sizes=10_conv_channels=256_fc_dims=256_seed1
/scratch/sb272/patterns5k_results/slurm_hist_cnn_2026-03-03_15-13-01/trial_0179_learning_rate=5.0e-04_history=1_kernel_sizes=10x3_conv_channels=256x128_fc_dims=256_seed1,cnn,0.154413128,0.241438207,0.061988123,-0.011970371,0.067330196,0.249908551,417471,417471,45,0.746847037,1,TRUE,0.454568327,0.62287925,56,0.318552256,0.252856046,12,"[10, 3]","[256, 128]",[256],6842251,bb5u23c1,375.1,trial_0179_learning_rate=5.0e-04_history=1_kernel_sizes=10x3_conv_channels=256x128_fc_dims=256_seed1,37c18a8e0b,trial_0179_learning_rate=5.0e-04_history=1_kernel_sizes=10x3_conv_channels=256x128_fc_dims=256_seed1
/scratch/sb272/patterns5k_results/slurm_hist_cnn_2026-03-03_15-13-01/trial_0387_learning_rate=5.0e-03_history=1_kernel_sizes=10_conv_channels=256_fc_dims=256_seed2,cnn,0.152972539,0.243290195,0.073139577,-0.009282899,0.078783907,0.248136737,351551,351551,20,0.746263904,1,TRUE,0.454568327,0.62882259,56,0.318552256,0.254688382,13,[10],[256],[256],6851187,bb5u25c1,221.8,trial_0387_learning_rate=5.0e-03_history=1_kernel_sizes=10_conv_channels=256_fc_dims=256_seed2,cac5711125,trial_0387_learning_rate=5.0e-03_history=1_kernel_sizes=10_conv_channels=256_fc_dims=256_seed2
/scratch/sb272/patterns5k_results/slurm_hist_cnn_2026-03-03_15-13-01/trial_0249_learning_rate=1.0e-03_history=1_kernel_sizes=10x3_conv_channels=256x128_fc_dims=256_seed2,cnn,0.153686812,0.244355039,0.0670902,-0.01204349,0.065540262,0.247867245,417471,417471,38,0.746177696,1,TRUE,0.454568327,0.6199181,56,0.318552256,0.256359845,12,"[10, 3]","[256, 128]",[256],6842255,bb5u26c1,363.3,trial_0249_learning_rate=1.0e-03_history=1_kernel_sizes=10x3_conv_channels=256x128_fc_dims=256_seed2,a12033d97f,trial_0249_learning_rate=1.0e-03_history=1_kernel_sizes=10x3_conv_channels=256x128_fc_dims=256_seed2
/scratch/sb272/patterns5k_results/slurm_hist_cnn_2026-03-03_15-13-01/trial_0354_learning_rate=5.0e-03_history=1_kernel_sizes=10x3_conv_channels=256x128_fc_dims=256_seed1,cnn,0.152871994,0.247227643,0.073437902,-0.014150546,0.062488124,0.255061362,417471,417471,33,0.744532636,1,TRUE,0.454568327,0.605460611,54,0.318552256,0.258439451,13,"[10, 3]","[256, 128]",[256],6850941,bb5u25c1,297.7,trial_0354_learning_rate=5.0e-03_history=1_kernel_sizes=10x3_conv_channels=256x128_fc_dims=256_seed1,3126861529,trial_0354_learning_rate=5.0e-03_history=1_kernel_sizes=10x3_conv_channels=256x128_fc_dims=256_seed1
/scratch/sb272/patterns5k_results/slurm_hist_cnn_2026-03-03_15-13-01/trial_0079_learning_rate=1.0e-04_history=2_kernel_sizes=10_conv_channels=256_fc_dims=256_seed0,cnn,0.156112115,0.226218836,0.064391308,-0.008610932,0.076946765,0.238777216,351551,351551,50,0.744525945,2,TRUE,0.454568327,0.652548039,57,0.318552256,0.237744823,7,[10],[256],[256],6842245,bb3u23c1,391.5,trial_0079_learning_rate=1.0e-04_history=2_kernel_sizes=10_conv_channels=256_fc_dims=256_seed0,8b09d7c7e6,trial_0079_learning_rate=1.0e-04_history=2_kernel_sizes=10_conv_channels=256_fc_dims=256_seed0
/scratch/sb272/patterns5k_results/slurm_hist_cnn_2026-03-03_15-13-01/trial_0352_learning_rate=5.0e-03_history=1_kernel_sizes=10_conv_channels=256_fc_dims=256_seed2,cnn,0.152965217,0.242003471,0.072047163,-0.00837298,0.076729588,0.247271808,351551,351551,21,0.742934762,1,TRUE,0.454568327,0.627823054,58,0.318552256,0.253145278,12,[10],[256],[256],6850941,bb5u25c1,225.4,trial_0352_learning_rate=5.0e-03_history=1_kernel_sizes=10_conv_channels=256_fc_dims=256_seed2,e330c3b91a,trial_0352_learning_rate=5.0e-03_history=1_kernel_sizes=10_conv_channels=256_fc_dims=256_seed2
/scratch/sb272/patterns5k_results/slurm_hist_cnn_2026-03-03_15-13-01/trial_0324_learning_rate=5.0e-03_history=2_kernel_sizes=10_conv_channels=256_fc_dims=256_seed2,cnn,0.155046307,0.234370794,0.068345606,-0.007249925,0.085780613,0.241371791,351551,351551,20,0.742695122,2,TRUE,0.454568327,0.623184131,56,0.318552256,0.246061757,10,[10],[256],[256],6842260,bc12u15n4,383.8,trial_0324_learning_rate=5.0e-03_history=2_kernel_sizes=10_conv_channels=256_fc_dims=256_seed2,36d87f3105,trial_0324_learning_rate=5.0e-03_history=2_kernel_sizes=10_conv_channels=256_fc_dims=256_seed2
/scratch/sb272/patterns5k_results/slurm_hist_cnn_2026-03-03_15-13-01/trial_0248_learning_rate=1.0e-03_history=1_kernel_sizes=20_conv_channels=256_fc_dims=256_seed0,cnn,0.155388304,0.230838738,0.065082702,-0.012151814,0.075710557,0.23820502,620351,620351,28,0.742689693,1,TRUE,0.454568327,0.646497286,56,0.318552256,0.243706241,9,[20],[256],[256],6842255,bb5u26c1,343,trial_0248_learning_rate=1.0e-03_history=1_kernel_sizes=20_conv_channels=256_fc_dims=256_seed0,58f9c8169d,trial_0248_learning_rate=1.0e-03_history=1_kernel_sizes=20_conv_channels=256_fc_dims=256_seed0
/scratch/sb272/patterns5k_results/slurm_hist_cnn_2026-03-03_15-13-01/trial_0109_learning_rate=5.0e-04_history=1_kernel_sizes=10x3_conv_channels=256x128_fc_dims=256_seed2,cnn,0.154041512,0.241857373,0.061964778,-0.011063889,0.06890969,0.245476802,417471,417471,45,0.742612854,1,TRUE,0.454568327,0.617858842,54,0.318552256,0.25301823,13,"[10, 3]","[256, 128]",[256],6842247,bb4u18c1,449.7,trial_0109_learning_rate=5.0e-04_history=1_kernel_sizes=10x3_conv_channels=256x128_fc_dims=256_seed2,1995690750,trial_0109_learning_rate=5.0e-04_history=1_kernel_sizes=10x3_conv_channels=256x128_fc_dims=256_seed2
/scratch/sb272/patterns5k_results/slurm_hist_cnn_2026-03-03_15-13-01/trial_0009_learning_rate=1.0e-04_history=2_kernel_sizes=10_conv_channels=256_fc_dims=256_seed0,cnn,0.156137627,0.227017411,0.064581207,-0.009019174,0.077320091,0.237306972,351551,351551,50,0.742425556,2,TRUE,0.454568327,0.65185917,58,0.318552256,0.238610759,6,[10],[256],[256],6842241,bb2u15c1,461.8,trial_0009_learning_rate=1.0e-04_history=2_kernel_sizes=10_conv_channels=256_fc_dims=256_seed0,de2311668c,trial_0009_learning_rate=1.0e-04_history=2_kernel_sizes=10_conv_channels=256_fc_dims=256_seed0
/scratch/sb272/patterns5k_results/slurm_hist_cnn_2026-03-03_15-13-01/trial_0352_learning_rate=5.0e-03_history=1_kernel_sizes=10_conv_channels=256_fc_dims=256_seed0,cnn,0.153057311,0.243026072,0.073096923,-0.008334499,0.082752235,0.25151729,351551,351551,22,0.742298962,1,TRUE,0.454568327,0.627103023,56,0.318552256,0.254818469,12,[10],[256],[256],6850941,bb5u25c1,235.6,trial_0352_learning_rate=5.0e-03_history=1_kernel_sizes=10_conv_channels=256_fc_dims=256_seed0,e330c3b91a,trial_0352_learning_rate=5.0e-03_history=1_kernel_sizes=10_conv_channels=256_fc_dims=256_seed0
/scratch/sb272/patterns5k_results/slurm_hist_cnn_2026-03-03_15-13-01/trial_0290_learning_rate=1.0e-03_history=2_kernel_sizes=20_conv_channels=256_fc_dims=256_seed0,cnn,0.157858987,0.223234886,0.057271883,-0.007813125,0.081289083,0.231208433,620351,620351,31,0.742030821,2,TRUE,0.454568327,0.639404064,58,0.318552256,0.235988811,7,[20],[256],[256],6842258,bc12u15n3,653,trial_0290_learning_rate=1.0e-03_history=2_kernel_sizes=20_conv_channels=256_fc_dims=256_seed0,267841814b,trial_0290_learning_rate=1.0e-03_history=2_kernel_sizes=20_conv_channels=256_fc_dims=256_seed0
/scratch/sb272/patterns5k_results/slurm_hist_cnn_2026-03-03_15-13-01/trial_0394_learning_rate=5.0e-03_history=2_kernel_sizes=10_conv_channels=256_fc_dims=256_seed2,cnn,0.155556207,0.232417299,0.067434864,-0.002926168,0.085330471,0.241372774,351551,351551,27,0.741642637,2,TRUE,0.454568327,0.623719886,58,0.318552256,0.244232476,9,[10],[256],[256],6851187,bb5u25c1,255.2,trial_0394_learning_rate=5.0e-03_history=2_kernel_sizes=10_conv_channels=256_fc_dims=256_seed2,12521a1c9d,trial_0394_learning_rate=5.0e-03_history=2_kernel_sizes=10_conv_channels=256_fc_dims=256_seed2
/scratch/sb272/patterns5k_results/slurm_hist_cnn_2026-03-03_15-13-01/trial_0317_learning_rate=5.0e-03_history=1_kernel_sizes=10_conv_channels=256_fc_dims=256_seed0,cnn,0.152920583,0.243142192,0.07308099,-0.008534261,0.084533244,0.24960077,351551,351551,21,0.741187431,1,TRUE,0.454568327,0.626107012,55,0.318552256,0.254287571,13,[10],[256],[256],6842260,bc12u15n4,384.8,trial_0317_learning_rate=5.0e-03_history=1_kernel_sizes=10_conv_channels=256_fc_dims=256_seed0,de006a0dca,trial_0317_learning_rate=5.0e-03_history=1_kernel_sizes=10_conv_channels=256_fc_dims=256_seed0
/scratch/sb272/patterns5k_results/slurm_hist_cnn_2026-03-03_15-13-01/trial_0178_learning_rate=5.0e-04_history=1_kernel_sizes=20_conv_channels=256_fc_dims=256_seed2,cnn,0.155717945,0.227854077,0.060508442,-0.013468535,0.072833978,0.232397318,620351,620351,31,0.741022882,1,TRUE,0.454568327,0.650185252,57,0.318552256,0.239502504,9,[20],[256],[256],6842251,bb5u23c1,341.6,trial_0178_learning_rate=5.0e-04_history=1_kernel_sizes=20_conv_channels=256_fc_dims=256_seed2,cd77d032be,trial_0178_learning_rate=5.0e-04_history=1_kernel_sizes=20_conv_channels=256_fc_dims=256_seed2
/scratch/sb272/patterns5k_results/slurm_hist_cnn_2026-03-03_15-13-01/trial_0108_learning_rate=5.0e-04_history=1_kernel_sizes=20_conv_channels=256_fc_dims=256_seed1,cnn,0.156370332,0.226842955,0.059617887,-0.01405047,0.072554633,0.234602479,620351,620351,34,0.740574554,1,TRUE,0.454568327,0.649351786,56,0.318552256,0.239460573,10,[20],[256],[256],6842247,bb4u18c1,415.1,trial_0108_learning_rate=5.0e-04_history=1_kernel_sizes=20_conv_channels=256_fc_dims=256_seed1,1debddb63e,trial_0108_learning_rate=5.0e-04_history=1_kernel_sizes=20_conv_channels=256_fc_dims=256_seed1
/scratch/sb272/patterns5k_results/slurm_hist_cnn_2026-03-03_15-13-01/trial_0324_learning_rate=5.0e-03_history=2_kernel_sizes=10_conv_channels=256_fc_dims=256_seed1,cnn,0.155295014,0.232676845,0.06788683,-0.006701062,0.084699877,0.24450634,351551,351551,21,0.740481578,2,TRUE,0.454568327,0.621442882,55,0.318552256,0.244347498,9,[10],[256],[256],6842260,bc12u15n4,386.9,trial_0324_learning_rate=5.0e-03_history=2_kernel_sizes=10_conv_channels=256_fc_dims=256_seed1,36d87f3105,trial_0324_learning_rate=5.0e-03_history=2_kernel_sizes=10_conv_channels=256_fc_dims=256_seed1
/scratch/sb272/patterns5k_results/slurm_hist_cnn_2026-03-03_15-13-01/trial_0291_learning_rate=1.0e-03_history=2_kernel_sizes=10x3_conv_channels=256x128_fc_dims=256_seed1,cnn,0.156419804,0.234928146,0.058595339,-0.004611532,0.079823397,0.242219395,417471,417471,41,0.739959828,2,TRUE,0.454568327,0.603104895,54,0.318552256,0.246845409,10,"[10, 3]","[256, 128]",[256],6842258,bc12u15n3,673.4,trial_0291_learning_rate=1.0e-03_history=2_kernel_sizes=10x3_conv_channels=256x128_fc_dims=256_seed1,2d4dd4e2f5,trial_0291_learning_rate=1.0e-03_history=2_kernel_sizes=10x3_conv_channels=256x128_fc_dims=256_seed1
/scratch/sb272/patterns5k_results/slurm_hist_cnn_2026-03-03_15-13-01/trial_0108_learning_rate=5.0e-04_history=1_kernel_sizes=20_conv_channels=256_fc_dims=256_seed2,cnn,0.156301441,0.227022458,0.055100163,-0.013684837,0.069279902,0.231015703,620351,620351,33,0.739488819,1,TRUE,0.454568327,0.647032205,56,0.318552256,0.238818228,10,[20],[256],[256],6842247,bb4u18c1,402.3,trial_0108_learning_rate=5.0e-04_history=1_kernel_sizes=20_conv_channels=256_fc_dims=256_seed2,1debddb63e,trial_0108_learning_rate=5.0e-04_history=1_kernel_sizes=20_conv_channels=256_fc_dims=256_seed2
/scratch/sb272/patterns5k_results/slurm_hist_cnn_2026-03-03_15-13-01/trial_0213_learning_rate=1.0e-03_history=1_kernel_sizes=20_conv_channels=256_fc_dims=256_seed2,cnn,0.154940676,0.23104909,0.065949467,-0.010882426,0.074400738,0.235854237,620351,620351,25,0.739336045,1,TRUE,0.454568327,0.647033854,56,0.318552256,0.243678063,10,[20],[256],[256],6842253,bb5u25c1,292.1,trial_0213_learning_rate=1.0e-03_history=1_kernel_sizes=20_conv_channels=256_fc_dims=256_seed2,90aad162a2,trial_0213_learning_rate=1.0e-03_history=1_kernel_sizes=20_conv_channels=256_fc_dims=256_seed2
/scratch/sb272/patterns5k_results/slurm_hist_cnn_2026-03-03_15-13-01/trial_0389_learning_rate=5.0e-03_history=1_kernel_sizes=10x3_conv_channels=256x128_fc_dims=256_seed2,cnn,0.153048367,0.246614591,0.073352498,-0.014360299,0.061447281,0.25004252,417471,417471,34,0.739118549,1,TRUE,0.454568327,0.601201299,53,0.318552256,0.257613063,14,"[10, 3]","[256, 128]",[256],6851187,bb5u25c1,310.7,trial_0389_learning_rate=5.0e-03_history=1_kernel_sizes=10x3_conv_channels=256x128_fc_dims=256_seed2,f55a317c19,trial_0389_learning_rate=5.0e-03_history=1_kernel_sizes=10x3_conv_channels=256x128_fc_dims=256_seed2
/scratch/sb272/patterns5k_results/slurm_hist_cnn_2026-03-03_15-13-01/trial_0214_learning_rate=1.0e-03_history=1_kernel_sizes=10x3_conv_channels=256x128_fc_dims=256_seed0,cnn,0.153845202,0.243683475,0.066946997,-0.010728021,0.069463864,0.251488653,417471,417471,38,0.738596738,1,TRUE,0.454568327,0.616398603,55,0.318552256,0.255586088,12,"[10, 3]","[256, 128]",[256],6842253,bb5u25c1,325.2,trial_0214_learning_rate=1.0e-03_history=1_kernel_sizes=10x3_conv_channels=256x128_fc_dims=256_seed0,83b22cd5dc,trial_0214_learning_rate=1.0e-03_history=1_kernel_sizes=10x3_conv_channels=256x128_fc_dims=256_seed0
/scratch/sb272/patterns5k_results/slurm_hist_cnn_2026-03-03_15-13-01/trial_0248_learning_rate=1.0e-03_history=1_kernel_sizes=20_conv_channels=256_fc_dims=256_seed1,cnn,0.155533985,0.230397045,0.061377154,-0.011639507,0.072517522,0.240347926,620351,620351,28,0.738423101,1,TRUE,0.454568327,0.644333283,58,0.318552256,0.242882922,10,[20],[256],[256],6842255,bb5u26c1,345.4,trial_0248_learning_rate=1.0e-03_history=1_kernel_sizes=20_conv_channels=256_fc_dims=256_seed1,58f9c8169d,trial_0248_learning_rate=1.0e-03_history=1_kernel_sizes=20_conv_channels=256_fc_dims=256_seed1
/scratch/sb272/patterns5k_results/slurm_hist_cnn_2026-03-03_15-13-01/trial_0213_learning_rate=1.0e-03_history=1_kernel_sizes=20_conv_channels=256_fc_dims=256_seed1,cnn,0.155791513,0.229751952,0.063622692,-0.013321301,0.075472742,0.238192796,620351,620351,29,0.738112365,1,TRUE,0.454568327,0.644047167,56,0.318552256,0.242223635,10,[20],[256],[256],6842253,bb5u25c1,321.2,trial_0213_learning_rate=1.0e-03_history=1_kernel_sizes=20_conv_channels=256_fc_dims=256_seed1,90aad162a2,trial_0213_learning_rate=1.0e-03_history=1_kernel_sizes=20_conv_channels=256_fc_dims=256_seed1
/scratch/sb272/patterns5k_results/slurm_hist_cnn_2026-03-03_15-13-01/trial_0283_learning_rate=1.0e-03_history=1_kernel_sizes=20_conv_channels=256_fc_dims=256_seed2,cnn,0.155814147,0.228250271,0.060264421,-0.011601487,0.075579323,0.235102992,620351,620351,28,0.737732817,1,TRUE,0.454568327,0.642948513,56,0.318552256,0.240812823,9,[20],[256],[256],6842258,bc12u15n3,616.7,trial_0283_learning_rate=1.0e-03_history=1_kernel_sizes=20_conv_channels=256_fc_dims=256_seed2,9bde97d859,trial_0283_learning_rate=1.0e-03_history=1_kernel_sizes=20_conv_channels=256_fc_dims=256_seed2
/scratch/sb272/patterns5k_results/slurm_hist_cnn_2026-03-03_15-13-01/trial_0144_learning_rate=5.0e-04_history=1_kernel_sizes=10x3_conv_channels=256x128_fc_dims=256_seed1,cnn,0.153976411,0.242406719,0.063675383,-0.011004873,0.070596628,0.249856602,417471,417471,45,0.737540804,1,TRUE,0.454568327,0.617510984,56,0.318552256,0.253696471,13,"[10, 3]","[256, 128]",[256],6842249,bb4u22c1,413,trial_0144_learning_rate=5.0e-04_history=1_kernel_sizes=10x3_conv_channels=256x128_fc_dims=256_seed1,06b711676f,trial_0144_learning_rate=5.0e-04_history=1_kernel_sizes=10x3_conv_channels=256x128_fc_dims=256_seed1
/scratch/sb272/patterns5k_results/slurm_hist_cnn_2026-03-03_15-13-01/trial_0214_learning_rate=1.0e-03_history=1_kernel_sizes=10x3_conv_channels=256x128_fc_dims=256_seed1,cnn,0.15363422,0.243241454,0.06467445,-0.009820215,0.071036763,0.250796498,417471,417471,33,0.737408916,1,TRUE,0.454568327,0.612678265,52,0.318552256,0.255011708,12,"[10, 3]","[256, 128]",[256],6842253,bb5u25c1,302.7,trial_0214_learning_rate=1.0e-03_history=1_kernel_sizes=10x3_conv_channels=256x128_fc_dims=256_seed1,83b22cd5dc,trial_0214_learning_rate=1.0e-03_history=1_kernel_sizes=10x3_conv_channels=256x128_fc_dims=256_seed1
/scratch/sb272/patterns5k_results/slurm_hist_cnn_2026-03-03_15-13-01/trial_0284_learning_rate=1.0e-03_history=1_kernel_sizes=10x3_conv_channels=256x128_fc_dims=256_seed1,cnn,0.153518352,0.243731396,0.067895817,-0.011695188,0.06737145,0.252187532,417471,417471,34,0.737311279,1,TRUE,0.454568327,0.612383931,53,0.318552256,0.254841655,13,"[10, 3]","[256, 128]",[256],6842258,bc12u15n3,615.2,trial_0284_learning_rate=1.0e-03_history=1_kernel_sizes=10x3_conv_channels=256x128_fc_dims=256_seed1,92ab012c5d,trial_0284_learning_rate=1.0e-03_history=1_kernel_sizes=10x3_conv_channels=256x128_fc_dims=256_seed1
/scratch/sb272/patterns5k_results/slurm_hist_cnn_2026-03-03_15-13-01/trial_0361_learning_rate=5.0e-03_history=2_kernel_sizes=10x3_conv_channels=256x128_fc_dims=256_seed2,cnn,0.155989937,0.236504997,0.066480236,-0.008628798,0.069506563,0.241510813,417471,417471,40,0.73656406,2,TRUE,0.454568327,0.593076438,54,0.318552256,0.248067617,9,"[10, 3]","[256, 128]",[256],6850941,bb5u25c1,334.7,trial_0361_learning_rate=5.0e-03_history=2_kernel_sizes=10x3_conv_channels=256x128_fc_dims=256_seed2,429cce14a3,trial_0361_learning_rate=5.0e-03_history=2_kernel_sizes=10x3_conv_channels=256x128_fc_dims=256_seed2
/scratch/sb272/patterns5k_results/slurm_hist_cnn_2026-03-03_15-13-01/trial_0143_learning_rate=5.0e-04_history=1_kernel_sizes=20_conv_channels=256_fc_dims=256_seed1,cnn,0.15581137,0.228188238,0.061721279,-0.014948276,0.068585977,0.236003063,620351,620351,30,0.736134307,1,TRUE,0.454568327,0.646567125,55,0.318552256,0.240559489,9,[20],[256],[256],6842249,bb4u22c1,394.7,trial_0143_learning_rate=5.0e-04_history=1_kernel_sizes=20_conv_channels=256_fc_dims=256_seed1,48557a2927,trial_0143_learning_rate=5.0e-04_history=1_kernel_sizes=20_conv_channels=256_fc_dims=256_seed1
/scratch/sb272/patterns5k_results/slurm_hist_cnn_2026-03-03_15-13-01/trial_0249_learning_rate=1.0e-03_history=1_kernel_sizes=10x3_conv_channels=256x128_fc_dims=256_seed0,cnn,0.153849497,0.243730562,0.066608838,-0.010634316,0.072929986,0.250185212,417471,417471,38,0.736053073,1,TRUE,0.454568327,0.615742371,55,0.318552256,0.25537163,13,"[10, 3]","[256, 128]",[256],6842255,bb5u26c1,366.1,trial_0249_learning_rate=1.0e-03_history=1_kernel_sizes=10x3_conv_channels=256x128_fc_dims=256_seed0,a12033d97f,trial_0249_learning_rate=1.0e-03_history=1_kernel_sizes=10x3_conv_channels=256x128_fc_dims=256_seed0
/scratch/sb272/patterns5k_results/slurm_hist_cnn_2026-03-03_15-13-01/trial_0285_learning_rate=1.0e-03_history=1_kernel_sizes=10x5_conv_channels=256x128_fc_dims=256_seed0,cnn,0.153857772,0.241601492,0.063710103,-0.010353446,0.069949925,0.249827761,483007,483007,37,0.735713478,1,TRUE,0.454568327,0.610833014,54,0.318552256,0.25361228,13,"[10, 5]","[256, 128]",[256],6842258,bc12u15n3,672.5,trial_0285_learning_rate=1.0e-03_history=1_kernel_sizes=10x5_conv_channels=256x128_fc_dims=256_seed0,6cde9a3eee,trial_0285_learning_rate=1.0e-03_history=1_kernel_sizes=10x5_conv_channels=256x128_fc_dims=256_seed0
/scratch/sb272/patterns5k_results/slurm_hist_cnn_2026-03-03_15-13-01/trial_0180_learning_rate=5.0e-04_history=1_kernel_sizes=10x5_conv_channels=256x128_fc_dims=256_seed1,cnn,0.15418762,0.239762651,0.060187556,-0.0122473,0.068696119,0.248484992,483007,483007,45,0.735073303,1,TRUE,0.454568327,0.615124409,54,0.318552256,0.251255453,13,"[10, 5]","[256, 128]",[256],6842251,bb5u23c1,401.6,trial_0180_learning_rate=5.0e-04_history=1_kernel_sizes=10x5_conv_channels=256x128_fc_dims=256_seed1,3ff56b9e15,trial_0180_learning_rate=5.0e-04_history=1_kernel_sizes=10x5_conv_channels=256x128_fc_dims=256_seed1
/scratch/sb272/patterns5k_results/slurm_hist_cnn_2026-03-03_15-13-01/trial_0220_learning_rate=1.0e-03_history=2_kernel_sizes=20_conv_channels=256_fc_dims=256_seed2,cnn,0.157193198,0.222774191,0.059372426,-0.00670902,0.080773674,0.229791225,620351,620351,27,0.734792177,2,TRUE,0.454568327,0.638151745,56,0.318552256,0.235910684,7,[20],[256],[256],6842254,bb5u25c1,308.9,trial_0220_learning_rate=1.0e-03_history=2_kernel_sizes=20_conv_channels=256_fc_dims=256_seed2,02cdf62354,trial_0220_learning_rate=1.0e-03_history=2_kernel_sizes=20_conv_channels=256_fc_dims=256_seed2
/scratch/sb272/patterns5k_results/slurm_hist_cnn_2026-03-03_15-13-01/trial_0255_learning_rate=1.0e-03_history=2_kernel_sizes=20_conv_channels=256_fc_dims=256_seed2,cnn,0.156695511,0.226866329,0.062291423,-0.006562096,0.083388448,0.230827999,620351,620351,27,0.734595655,2,TRUE,0.454568327,0.637325491,57,0.318552256,0.239121199,9,[20],[256],[256],6842256,bc12u13n4,624.9,trial_0255_learning_rate=1.0e-03_history=2_kernel_sizes=20_conv_channels=256_fc_dims=256_seed2,2a7d5c102b,trial_0255_learning_rate=1.0e-03_history=2_kernel_sizes=20_conv_channels=256_fc_dims=256_seed2
/scratch/sb272/patterns5k_results/slurm_hist_cnn_2026-03-03_15-13-01/trial_0318_learning_rate=5.0e-03_history=1_kernel_sizes=20_conv_channels=256_fc_dims=256_seed1,cnn,0.156559451,0.228605452,0.063641679,-0.01367945,0.071058594,0.235529341,620351,620351,24,0.734590972,1,TRUE,0.454568327,0.617215608,55,0.318552256,0.24113445,10,[20],[256],[256],6842260,bc12u15n4,479.4,trial_0318_learning_rate=5.0e-03_history=1_kernel_sizes=20_conv_channels=256_fc_dims=256_seed1,9575ed80d0,trial_0318_learning_rate=5.0e-03_history=1_kernel_sizes=20_conv_channels=256_fc_dims=256_seed1
/scratch/sb272/patterns5k_results/slurm_hist_cnn_2026-03-03_15-13-01/trial_0215_learning_rate=1.0e-03_history=1_kernel_sizes=10x5_conv_channels=256x128_fc_dims=256_seed2,cnn,0.153080577,0.241792788,0.066978646,-0.011448001,0.06675946,0.248060137,483007,483007,34,0.734551563,1,TRUE,0.454568327,0.609288948,54,0.318552256,0.253448635,13,"[10, 5]","[256, 128]",[256],6842253,bb5u25c1,326.2,trial_0215_learning_rate=1.0e-03_history=1_kernel_sizes=10x5_conv_channels=256x128_fc_dims=256_seed2,60d814f175,trial_0215_learning_rate=1.0e-03_history=1_kernel_sizes=10x5_conv_channels=256x128_fc_dims=256_seed2
/scratch/sb272/patterns5k_results/slurm_hist_cnn_2026-03-03_15-13-01/trial_0110_learning_rate=5.0e-04_history=1_kernel_sizes=10x5_conv_channels=256x128_fc_dims=256_seed1,cnn,0.153852004,0.23985109,0.062251952,-0.008150876,0.074477337,0.248818414,483007,483007,36,0.734149515,1,TRUE,0.454568327,0.613125255,52,0.318552256,0.251161426,11,"[10, 5]","[256, 128]",[256],6842247,bb4u18c1,420.9,trial_0110_learning_rate=5.0e-04_history=1_kernel_sizes=10x5_conv_channels=256x128_fc_dims=256_seed1,a598826d66,trial_0110_learning_rate=5.0e-04_history=1_kernel_sizes=10x5_conv_channels=256x128_fc_dims=256_seed1
/scratch/sb272/patterns5k_results/slurm_hist_cnn_2026-03-03_15-13-01/trial_0354_learning_rate=5.0e-03_history=1_kernel_sizes=10x3_conv_channels=256x128_fc_dims=256_seed0,cnn,0.153524106,0.244030313,0.070293547,-0.013890934,0.062403973,0.25111711,417471,417471,36,0.733736288,1,TRUE,0.454568327,0.5991676,52,0.318552256,0.254439563,13,"[10, 3]","[256, 128]",[256],6850941,bb5u25c1,312.9,trial_0354_learning_rate=5.0e-03_history=1_kernel_sizes=10x3_conv_channels=256x128_fc_dims=256_seed0,3126861529,trial_0354_learning_rate=5.0e-03_history=1_kernel_sizes=10x3_conv_channels=256x128_fc_dims=256_seed0
/scratch/sb272/patterns5k_results/slurm_hist_cnn_2026-03-03_15-13-01/trial_0290_learning_rate=1.0e-03_history=2_kernel_sizes=20_conv_channels=256_fc_dims=256_seed1,cnn,0.156702501,0.225525998,0.063816767,-0.010451065,0.077607006,0.234000121,620351,620351,26,0.733530762,2,TRUE,0.454568327,0.635250438,57,0.318552256,0.238197133,8,[20],[256],[256],6842258,bc12u15n3,611.2,trial_0290_learning_rate=1.0e-03_history=2_kernel_sizes=20_conv_channels=256_fc_dims=256_seed1,267841814b,trial_0290_learning_rate=1.0e-03_history=2_kernel_sizes=20_conv_channels=256_fc_dims=256_seed1
/scratch/sb272/patterns5k_results/slurm_hist_cnn_2026-03-03_15-13-01/trial_0390_learning_rate=5.0e-03_history=1_kernel_sizes=10x5_conv_channels=256x128_fc_dims=256_seed2,cnn,0.153332958,0.244337011,0.070785536,-0.014947717,0.061386537,0.249828759,483007,483007,38,0.733038886,1,TRUE,0.454568327,0.598626295,52,0.318552256,0.25619334,13,"[10, 5]","[256, 128]",[256],6851187,bb5u25c1,346.3,trial_0390_learning_rate=5.0e-03_history=1_kernel_sizes=10x5_conv_channels=256x128_fc_dims=256_seed2,c4a1fb9aaa,trial_0390_learning_rate=5.0e-03_history=1_kernel_sizes=10x5_conv_channels=256x128_fc_dims=256_seed2
/scratch/sb272/patterns5k_results/slurm_hist_cnn_2026-03-03_15-13-01/trial_0214_learning_rate=1.0e-03_history=1_kernel_sizes=10x3_conv_channels=256x128_fc_dims=256_seed2,cnn,0.153608043,0.242127829,0.066686512,-0.009632972,0.071272247,0.247896009,417471,417471,37,0.73301954,1,TRUE,0.454568327,0.609599562,55,0.318552256,0.253225267,13,"[10, 3]","[256, 128]",[256],6842253,bb5u25c1,324,trial_0214_learning_rate=1.0e-03_history=1_kernel_sizes=10x3_conv_channels=256x128_fc_dims=256_seed2,83b22cd5dc,trial_0214_learning_rate=1.0e-03_history=1_kernel_sizes=10x3_conv_channels=256x128_fc_dims=256_seed2
/scratch/sb272/patterns5k_results/slurm_hist_cnn_2026-03-03_15-13-01/trial_0143_learning_rate=5.0e-04_history=1_kernel_sizes=20_conv_channels=256_fc_dims=256_seed2,cnn,0.15568991,0.227041694,0.062039687,-0.012492867,0.073094398,0.233393101,620351,620351,30,0.732980039,1,TRUE,0.454568327,0.646752621,56,0.318552256,0.239740163,9,[20],[256],[256],6842249,bb4u22c1,385.9,trial_0143_learning_rate=5.0e-04_history=1_kernel_sizes=20_conv_channels=256_fc_dims=256_seed2,48557a2927,trial_0143_learning_rate=5.0e-04_history=1_kernel_sizes=20_conv_channels=256_fc_dims=256_seed2
/scratch/sb272/patterns5k_results/slurm_hist_cnn_2026-03-03_15-13-01/trial_0185_learning_rate=5.0e-04_history=2_kernel_sizes=20_conv_channels=256_fc_dims=256_seed2,cnn,0.157383287,0.221970575,0.058452712,-0.007668941,0.079401352,0.22807143,620351,620351,31,0.732588151,2,TRUE,0.454568327,0.64076336,57,0.318552256,0.234458745,6,[20],[256],[256],6842252,bb5u23c1,343.8,trial_0185_learning_rate=5.0e-04_history=2_kernel_sizes=20_conv_channels=256_fc_dims=256_seed2,4264c752f2,trial_0185_learning_rate=5.0e-04_history=2_kernel_sizes=20_conv_channels=256_fc_dims=256_seed2
/scratch/sb272/patterns5k_results/slurm_hist_cnn_2026-03-03_15-13-01/trial_0292_learning_rate=1.0e-03_history=2_kernel_sizes=10x5_conv_channels=256x128_fc_dims=256_seed2,cnn,0.154630332,0.234459046,0.065559467,-0.005590212,0.07808879,0.239585225,483007,483007,32,0.731779751,2,TRUE,0.454568327,0.597684384,54,0.318552256,0.246750444,10,"[10, 5]","[256, 128]",[256],6842258,bc12u15n3,579.3,trial_0292_learning_rate=1.0e-03_history=2_kernel_sizes=10x5_conv_channels=256x128_fc_dims=256_seed2,f77d3d3ae7,trial_0292_learning_rate=1.0e-03_history=2_kernel_sizes=10x5_conv_channels=256x128_fc_dims=256_seed2
/scratch/sb272/patterns5k_results/slurm_hist_cnn_2026-03-03_15-13-01/trial_0255_learning_rate=1.0e-03_history=2_kernel_sizes=20_conv_channels=256_fc_dims=256_seed0,cnn,0.157086378,0.224973984,0.059198255,-0.006378401,0.084925078,0.233731303,620351,620351,28,0.731755038,2,TRUE,0.454568327,0.635466005,57,0.318552256,0.237581834,7,[20],[256],[256],6842256,bc12u13n4,631.5,trial_0255_learning_rate=1.0e-03_history=2_kernel_sizes=20_conv_channels=256_fc_dims=256_seed0,2a7d5c102b,trial_0255_learning_rate=1.0e-03_history=2_kernel_sizes=20_conv_channels=256_fc_dims=256_seed0
/scratch/sb272/patterns5k_results/slurm_hist_cnn_2026-03-03_15-13-01/trial_0250_learning_rate=1.0e-03_history=1_kernel_sizes=10x5_conv_channels=256x128_fc_dims=256_seed1,cnn,0.153520407,0.241278533,0.064829882,-0.011686356,0.066942297,0.2514211,483007,483007,34,0.731258898,1,TRUE,0.454568327,0.609427149,55,0.318552256,0.253267646,13,"[10, 5]","[256, 128]",[256],6842256,bc12u13n4,635.6,trial_0250_learning_rate=1.0e-03_history=1_kernel_sizes=10x5_conv_channels=256x128_fc_dims=256_seed1,c81778bc09,trial_0250_learning_rate=1.0e-03_history=1_kernel_sizes=10x5_conv_channels=256x128_fc_dims=256_seed1
/scratch/sb272/patterns5k_results/slurm_hist_cnn_2026-03-03_15-13-01/trial_0248_learning_rate=1.0e-03_history=1_kernel_sizes=20_conv_channels=256_fc_dims=256_seed2,cnn,0.155292799,0.230341842,0.064218014,-0.010280806,0.075446874,0.2343959,620351,620351,24,0.731235154,1,TRUE,0.454568327,0.633642084,55,0.318552256,0.242605671,9,[20],[256],[256],6842255,bb5u26c1,318.2,trial_0248_learning_rate=1.0e-03_history=1_kernel_sizes=20_conv_channels=256_fc_dims=256_seed2,58f9c8169d,trial_0248_learning_rate=1.0e-03_history=1_kernel_sizes=20_conv_channels=256_fc_dims=256_seed2
/scratch/sb272/patterns5k_results/slurm_hist_cnn_2026-03-03_15-13-01/trial_0249_learning_rate=1.0e-03_history=1_kernel_sizes=10x3_conv_channels=256x128_fc_dims=256_seed1,cnn,0.15375334,0.243998115,0.066562281,-0.009178732,0.069826081,0.252425308,417471,417471,34,0.730985089,1,TRUE,0.454568327,0.609229552,54,0.318552256,0.255192131,13,"[10, 3]","[256, 128]",[256],6842255,bb5u26c1,341.4,trial_0249_learning_rate=1.0e-03_history=1_kernel_sizes=10x3_conv_channels=256x128_fc_dims=256_seed1,a12033d97f,trial_0249_learning_rate=1.0e-03_history=1_kernel_sizes=10x3_conv_channels=256x128_fc_dims=256_seed1
/scratch/sb272/patterns5k_results/slurm_hist_cnn_2026-03-03_15-13-01/trial_0215_learning_rate=1.0e-03_history=1_kernel_sizes=10x5_conv_channels=256x128_fc_dims=256_seed1,cnn,0.153099505,0.243115778,0.067246742,-0.010134531,0.068609722,0.250177731,483007,483007,32,0.730807249,1,TRUE,0.454568327,0.606951621,53,0.318552256,0.254773289,13,"[10, 5]","[256, 128]",[256],6842253,bb5u25c1,312.6,trial_0215_learning_rate=1.0e-03_history=1_kernel_sizes=10x5_conv_channels=256x128_fc_dims=256_seed1,60d814f175,trial_0215_learning_rate=1.0e-03_history=1_kernel_sizes=10x5_conv_channels=256x128_fc_dims=256_seed1
/scratch/sb272/patterns5k_results/slurm_hist_cnn_2026-03-03_15-13-01/trial_0285_learning_rate=1.0e-03_history=1_kernel_sizes=10x5_conv_channels=256x128_fc_dims=256_seed1,cnn,0.153083387,0.243226383,0.067305991,-0.010786281,0.070140451,0.251142943,483007,483007,33,0.730511134,1,TRUE,0.454568327,0.608253278,54,0.318552256,0.254971772,12,"[10, 5]","[256, 128]",[256],6842258,bc12u15n3,645,trial_0285_learning_rate=1.0e-03_history=1_kernel_sizes=10x5_conv_channels=256x128_fc_dims=256_seed1,6cde9a3eee,trial_0285_learning_rate=1.0e-03_history=1_kernel_sizes=10x5_conv_channels=256x128_fc_dims=256_seed1
/scratch/sb272/patterns5k_results/slurm_hist_cnn_2026-03-03_15-13-01/trial_0143_learning_rate=5.0e-04_history=1_kernel_sizes=20_conv_channels=256_fc_dims=256_seed0,cnn,0.156538429,0.224989645,0.059471408,-0.014456902,0.069983356,0.235722507,620351,620351,33,0.730491584,1,TRUE,0.454568327,0.645868705,57,0.318552256,0.236949682,9,[20],[256],[256],6842249,bb4u22c1,411,trial_0143_learning_rate=5.0e-04_history=1_kernel_sizes=20_conv_channels=256_fc_dims=256_seed0,48557a2927,trial_0143_learning_rate=5.0e-04_history=1_kernel_sizes=20_conv_channels=256_fc_dims=256_seed0
/scratch/sb272/patterns5k_results/slurm_hist_cnn_2026-03-03_15-13-01/trial_0221_learning_rate=1.0e-03_history=2_kernel_sizes=10x3_conv_channels=256x128_fc_dims=256_seed1,cnn,0.15527464,0.234364734,0.062745397,-0.00341565,0.081516482,0.243639165,417471,417471,32,0.730482492,2,TRUE,0.454568327,0.60026003,53,0.318552256,0.245849743,10,"[10, 3]","[256, 128]",[256],6842254,bb5u25c1,291.5,trial_0221_learning_rate=1.0e-03_history=2_kernel_sizes=10x3_conv_channels=256x128_fc_dims=256_seed1,db98239046,trial_0221_learning_rate=1.0e-03_history=2_kernel_sizes=10x3_conv_channels=256x128_fc_dims=256_seed1
/scratch/sb272/patterns5k_results/slurm_hist_cnn_2026-03-03_15-13-01/trial_0319_learning_rate=5.0e-03_history=1_kernel_sizes=10x3_conv_channels=256x128_fc_dims=256_seed2,cnn,0.152958529,0.246137275,0.071951795,-0.014306682,0.059581473,0.250142783,417471,417471,33,0.730336901,1,TRUE,0.454568327,0.598189564,54,0.318552256,0.257399797,12,"[10, 3]","[256, 128]",[256],6842260,bc12u15n4,512.8,trial_0319_learning_rate=5.0e-03_history=1_kernel_sizes=10x3_conv_channels=256x128_fc_dims=256_seed2,af2baa323a,trial_0319_learning_rate=5.0e-03_history=1_kernel_sizes=10x3_conv_channels=256x128_fc_dims=256_seed2
/scratch/sb272/patterns5k_results/slurm_hist_cnn_2026-03-03_15-13-01/trial_0179_learning_rate=5.0e-04_history=1_kernel_sizes=10x3_conv_channels=256x128_fc_dims=256_seed2,cnn,0.154200758,0.24115328,0.063389993,-0.011687257,0.068622842,0.246079122,417471,417471,47,0.73021337,1,TRUE,0.454568327,0.617904999,54,0.318552256,0.252435744,12,"[10, 3]","[256, 128]",[256],6842251,bb5u23c1,381.8,trial_0179_learning_rate=5.0e-04_history=1_kernel_sizes=10x3_conv_channels=256x128_fc_dims=256_seed2,37c18a8e0b,trial_0179_learning_rate=5.0e-04_history=1_kernel_sizes=10x3_conv_channels=256x128_fc_dims=256_seed2
/scratch/sb272/patterns5k_results/slurm_hist_cnn_2026-03-03_15-13-01/trial_0250_learning_rate=1.0e-03_history=1_kernel_sizes=10x5_conv_channels=256x128_fc_dims=256_seed0,cnn,0.153654329,0.241786749,0.063687992,-0.012627362,0.067723624,0.24854774,483007,483007,35,0.730002558,1,TRUE,0.454568327,0.607880462,55,0.318552256,0.253488153,13,"[10, 5]","[256, 128]",[256],6842256,bc12u13n4,645.6,trial_0250_learning_rate=1.0e-03_history=1_kernel_sizes=10x5_conv_channels=256x128_fc_dims=256_seed0,c81778bc09,trial_0250_learning_rate=1.0e-03_history=1_kernel_sizes=10x5_conv_channels=256x128_fc_dims=256_seed0
/scratch/sb272/patterns5k_results/slurm_hist_cnn_2026-03-03_15-13-01/trial_0180_learning_rate=5.0e-04_history=1_kernel_sizes=10x5_conv_channels=256x128_fc_dims=256_seed2,cnn,0.153765107,0.240269343,0.063354718,-0.011558064,0.072933696,0.246540716,483007,483007,42,0.729353624,1,TRUE,0.454568327,0.612104057,53,0.318552256,0.252322763,13,"[10, 5]","[256, 128]",[256],6842251,bb5u23c1,385.2,trial_0180_learning_rate=5.0e-04_history=1_kernel_sizes=10x5_conv_channels=256x128_fc_dims=256_seed2,3ff56b9e15,trial_0180_learning_rate=5.0e-04_history=1_kernel_sizes=10x5_conv_channels=256x128_fc_dims=256_seed2
/scratch/sb272/patterns5k_results/slurm_hist_cnn_2026-03-03_15-13-01/trial_0110_learning_rate=5.0e-04_history=1_kernel_sizes=10x5_conv_channels=256x128_fc_dims=256_seed2,cnn,0.153534808,0.239937985,0.064366708,-0.00970488,0.071276456,0.245005888,483007,483007,35,0.729303264,1,TRUE,0.454568327,0.610648121,55,0.318552256,0.251499206,13,"[10, 5]","[256, 128]",[256],6842247,bb4u18c1,437.4,trial_0110_learning_rate=5.0e-04_history=1_kernel_sizes=10x5_conv_channels=256x128_fc_dims=256_seed2,a598826d66,trial_0110_learning_rate=5.0e-04_history=1_kernel_sizes=10x5_conv_channels=256x128_fc_dims=256_seed2
/scratch/sb272/patterns5k_results/slurm_hist_cnn_2026-03-03_15-13-01/trial_0109_learning_rate=5.0e-04_history=1_kernel_sizes=10x3_conv_channels=256x128_fc_dims=256_seed0,cnn,0.153602273,0.241420492,0.065909971,-0.008198968,0.073411651,0.247861819,417471,417471,36,0.729032543,1,TRUE,0.454568327,0.612617968,53,0.318552256,0.252672911,13,"[10, 3]","[256, 128]",[256],6842247,bb4u18c1,378.4,trial_0109_learning_rate=5.0e-04_history=1_kernel_sizes=10x3_conv_channels=256x128_fc_dims=256_seed0,1995690750,trial_0109_learning_rate=5.0e-04_history=1_kernel_sizes=10x3_conv_channels=256x128_fc_dims=256_seed0
/scratch/sb272/patterns5k_results/slurm_hist_cnn_2026-03-03_15-13-01/trial_0285_learning_rate=1.0e-03_history=1_kernel_sizes=10x5_conv_channels=256x128_fc_dims=256_seed2,cnn,0.152877144,0.242804982,0.067851223,-0.010058287,0.071053565,0.246994193,483007,483007,30,0.72847566,1,TRUE,0.454568327,0.605559733,54,0.318552256,0.254482478,13,"[10, 5]","[256, 128]",[256],6842258,bc12u15n3,577,trial_0285_learning_rate=1.0e-03_history=1_kernel_sizes=10x5_conv_channels=256x128_fc_dims=256_seed2,6cde9a3eee,trial_0285_learning_rate=1.0e-03_history=1_kernel_sizes=10x5_conv_channels=256x128_fc_dims=256_seed2
/scratch/sb272/patterns5k_results/slurm_hist_cnn_2026-03-03_15-13-01/trial_0359_learning_rate=5.0e-03_history=2_kernel_sizes=10_conv_channels=256_fc_dims=256_seed1,cnn,0.154790734,0.233204143,0.068071078,-0.000882984,0.090945162,0.244618188,351551,351551,19,0.728291959,2,TRUE,0.454568327,0.617156571,57,0.318552256,0.244647413,9,[10],[256],[256],6850941,bb5u25c1,217.2,trial_0359_learning_rate=5.0e-03_history=2_kernel_sizes=10_conv_channels=256_fc_dims=256_seed1,5a1762f683,trial_0359_learning_rate=5.0e-03_history=2_kernel_sizes=10_conv_channels=256_fc_dims=256_seed1
/scratch/sb272/patterns5k_results/slurm_hist_cnn_2026-03-03_15-13-01/trial_0284_learning_rate=1.0e-03_history=1_kernel_sizes=10x3_conv_channels=256x128_fc_dims=256_seed2,cnn,0.153002358,0.244982926,0.068556515,-0.00775345,0.073121741,0.248725128,417471,417471,27,0.728217265,1,TRUE,0.454568327,0.607141454,53,0.318552256,0.256089479,12,"[10, 3]","[256, 128]",[256],6842258,bc12u15n3,558.6,trial_0284_learning_rate=1.0e-03_history=1_kernel_sizes=10x3_conv_channels=256x128_fc_dims=256_seed2,92ab012c5d,trial_0284_learning_rate=1.0e-03_history=1_kernel_sizes=10x3_conv_channels=256x128_fc_dims=256_seed2
/scratch/sb272/patterns5k_results/slurm_hist_cnn_2026-03-03_15-13-01/trial_0116_learning_rate=5.0e-04_history=2_kernel_sizes=10x3_conv_channels=256x128_fc_dims=256_seed1,cnn,0.15567118,0.233252442,0.05944409,-0.003366936,0.081565224,0.240367126,417471,417471,35,0.728119731,2,TRUE,0.454568327,0.604359863,54,0.318552256,0.245040923,9,"[10, 3]","[256, 128]",[256],6842247,bb4u18c1,399.9,trial_0116_learning_rate=5.0e-04_history=2_kernel_sizes=10x3_conv_channels=256x128_fc_dims=256_seed1,6e473855a9,trial_0116_learning_rate=5.0e-04_history=2_kernel_sizes=10x3_conv_channels=256x128_fc_dims=256_seed1
/scratch/sb272/patterns5k_results/slurm_hist_cnn_2026-03-03_15-13-01/trial_0110_learning_rate=5.0e-04_history=1_kernel_sizes=10x5_conv_channels=256x128_fc_dims=256_seed0,cnn,0.153673417,0.23975032,0.063876209,-0.008198595,0.075817965,0.246818397,483007,483007,39,0.728102904,1,TRUE,0.454568327,0.608894601,53,0.318552256,0.251613259,12,"[10, 5]","[256, 128]",[256],6842247,bb4u18c1,427.3,trial_0110_learning_rate=5.0e-04_history=1_kernel_sizes=10x5_conv_channels=256x128_fc_dims=256_seed0,a598826d66,trial_0110_learning_rate=5.0e-04_history=1_kernel_sizes=10x5_conv_channels=256x128_fc_dims=256_seed0
/scratch/sb272/patterns5k_results/slurm_hist_cnn_2026-03-03_15-13-01/trial_0319_learning_rate=5.0e-03_history=1_kernel_sizes=10x3_conv_channels=256x128_fc_dims=256_seed0,cnn,0.153195416,0.24578082,0.072712491,-0.013359454,0.059157144,0.25370383,417471,417471,35,0.728049225,1,TRUE,0.454568327,0.596660654,53,0.318552256,0.257108331,13,"[10, 3]","[256, 128]",[256],6842260,bc12u15n4,529.2,trial_0319_learning_rate=5.0e-03_history=1_kernel_sizes=10x3_conv_channels=256x128_fc_dims=256_seed0,af2baa323a,trial_0319_learning_rate=5.0e-03_history=1_kernel_sizes=10x3_conv_channels=256x128_fc_dims=256_seed0
/scratch/sb272/patterns5k_results/slurm_hist_cnn_2026-03-03_15-13-01/trial_0394_learning_rate=5.0e-03_history=2_kernel_sizes=10_conv_channels=256_fc_dims=256_seed1,cnn,0.155690877,0.233369677,0.066673423,-0.008709719,0.08462695,0.244425268,351551,351551,19,0.727695413,2,TRUE,0.454568327,0.616172407,57,0.318552256,0.244664013,9,[10],[256],[256],6851187,bb5u25c1,220.6,trial_0394_learning_rate=5.0e-03_history=2_kernel_sizes=10_conv_channels=256_fc_dims=256_seed1,12521a1c9d,trial_0394_learning_rate=5.0e-03_history=2_kernel_sizes=10_conv_channels=256_fc_dims=256_seed1
/scratch/sb272/patterns5k_results/slurm_hist_cnn_2026-03-03_15-13-01/trial_0151_learning_rate=5.0e-04_history=2_kernel_sizes=10x3_conv_channels=256x128_fc_dims=256_seed1,cnn,0.156308453,0.230839767,0.05919218,-0.004434387,0.081045792,0.240864632,417471,417471,44,0.727576528,2,TRUE,0.454568327,0.603393471,52,0.318552256,0.241801918,7,"[10, 3]","[256, 128]",[256],6842250,bb5u20c1,351.3,trial_0151_learning_rate=5.0e-04_history=2_kernel_sizes=10x3_conv_channels=256x128_fc_dims=256_seed1,8533a2e55f,trial_0151_learning_rate=5.0e-04_history=2_kernel_sizes=10x3_conv_channels=256x128_fc_dims=256_seed1
/scratch/sb272/patterns5k_results/slurm_hist_cnn_2026-03-03_15-13-01/trial_0117_learning_rate=5.0e-04_history=2_kernel_sizes=10x5_conv_channels=256x128_fc_dims=256_seed0,cnn,0.155643149,0.231617047,0.062159204,-0.005809695,0.078971058,0.238492742,483007,483007,42,0.727553537,2,TRUE,0.454568327,0.596162753,53,0.318552256,0.243268251,9,"[10, 5]","[256, 128]",[256],6842248,bb4u21c1,370.5,trial_0117_learning_rate=5.0e-04_history=2_kernel_sizes=10x5_conv_channels=256x128_fc_dims=256_seed0,56701cbc0d,trial_0117_learning_rate=5.0e-04_history=2_kernel_sizes=10x5_conv_channels=256x128_fc_dims=256_seed0
/scratch/sb272/patterns5k_results/slurm_hist_cnn_2026-03-03_15-13-01/trial_0355_learning_rate=5.0e-03_history=1_kernel_sizes=10x5_conv_channels=256x128_fc_dims=256_seed1,cnn,0.152499882,0.244598726,0.073139644,-0.011248653,0.063940711,0.251689698,483007,483007,31,0.727512131,1,TRUE,0.454568327,0.594405874,52,0.318552256,0.255796105,14,"[10, 5]","[256, 128]",[256],6850941,bb5u25c1,304.7,trial_0355_learning_rate=5.0e-03_history=1_kernel_sizes=10x5_conv_channels=256x128_fc_dims=256_seed1,cbe262ef2d,trial_0355_learning_rate=5.0e-03_history=1_kernel_sizes=10x5_conv_channels=256x128_fc_dims=256_seed1
/scratch/sb272/patterns5k_results/slurm_hist_cnn_2026-03-03_15-13-01/trial_0284_learning_rate=1.0e-03_history=1_kernel_sizes=10x3_conv_channels=256x128_fc_dims=256_seed0,cnn,0.153522798,0.243339065,0.067047572,-0.010867809,0.069799177,0.250772466,417471,417471,37,0.727433042,1,TRUE,0.454568327,0.611785584,54,0.318552256,0.254757762,13,"[10, 3]","[256, 128]",[256],6842258,bc12u15n3,645.3,trial_0284_learning_rate=1.0e-03_history=1_kernel_sizes=10x3_conv_channels=256x128_fc_dims=256_seed0,92ab012c5d,trial_0284_learning_rate=1.0e-03_history=1_kernel_sizes=10x3_conv_channels=256x128_fc_dims=256_seed0
/scratch/sb272/patterns5k_results/slurm_hist_cnn_2026-03-03_15-13-01/trial_0115_learning_rate=5.0e-04_history=2_kernel_sizes=20_conv_channels=256_fc_dims=256_seed1,cnn,0.157753424,0.220832408,0.059057359,-0.009333992,0.078131817,0.230312902,620351,620351,30,0.72742128,2,TRUE,0.454568327,0.634414323,56,0.318552256,0.232766584,7,[20],[256],[256],6842247,bb4u18c1,408.7,trial_0115_learning_rate=5.0e-04_history=2_kernel_sizes=20_conv_channels=256_fc_dims=256_seed1,7c4c4152ae,trial_0115_learning_rate=5.0e-04_history=2_kernel_sizes=20_conv_channels=256_fc_dims=256_seed1
/scratch/sb272/patterns5k_results/slurm_hist_cnn_2026-03-03_15-13-01/trial_0145_learning_rate=5.0e-04_history=1_kernel_sizes=10x5_conv_channels=256x128_fc_dims=256_seed0,cnn,0.154146062,0.240456693,0.06062249,-0.011423425,0.070006788,0.247859178,483007,483007,46,0.727371852,1,TRUE,0.454568327,0.610367598,54,0.318552256,0.251596153,12,"[10, 5]","[256, 128]",[256],6842249,bb4u22c1,470.2,trial_0145_learning_rate=5.0e-04_history=1_kernel_sizes=10x5_conv_channels=256x128_fc_dims=256_seed0,ad3b4e1c8a,trial_0145_learning_rate=5.0e-04_history=1_kernel_sizes=10x5_conv_channels=256x128_fc_dims=256_seed0
/scratch/sb272/patterns5k_results/slurm_hist_cnn_2026-03-03_15-13-01/trial_0145_learning_rate=5.0e-04_history=1_kernel_sizes=10x5_conv_channels=256x128_fc_dims=256_seed1,cnn,0.153738091,0.241158722,0.065099365,-0.011498544,0.067239448,0.249352733,483007,483007,42,0.727300072,1,TRUE,0.454568327,0.608455599,53,0.318552256,0.252773643,11,"[10, 5]","[256, 128]",[256],6842249,bb4u22c1,443.3,trial_0145_learning_rate=5.0e-04_history=1_kernel_sizes=10x5_conv_channels=256x128_fc_dims=256_seed1,ad3b4e1c8a,trial_0145_learning_rate=5.0e-04_history=1_kernel_sizes=10x5_conv_channels=256x128_fc_dims=256_seed1
/scratch/sb272/patterns5k_results/slurm_hist_cnn_2026-03-03_15-13-01/trial_0108_learning_rate=5.0e-04_history=1_kernel_sizes=20_conv_channels=256_fc_dims=256_seed0,cnn,0.15598768,0.22619138,0.058236731,-0.011623893,0.07180053,0.235951445,620351,620351,32,0.727243806,1,TRUE,0.454568327,0.644696205,55,0.318552256,0.238412485,10,[20],[256],[256],6842247,bb4u18c1,403.9,trial_0108_learning_rate=5.0e-04_history=1_kernel_sizes=20_conv_channels=256_fc_dims=256_seed0,1debddb63e,trial_0108_learning_rate=5.0e-04_history=1_kernel_sizes=20_conv_channels=256_fc_dims=256_seed0
/scratch/sb272/patterns5k_results/slurm_hist_cnn_2026-03-03_15-13-01/trial_0150_learning_rate=5.0e-04_history=2_kernel_sizes=20_conv_channels=256_fc_dims=256_seed1,cnn,0.157597008,0.222380712,0.055241083,-0.008636559,0.076795958,0.232304647,620351,620351,32,0.727109317,2,TRUE,0.454568327,0.641058245,57,0.318552256,0.234853521,8,[20],[256],[256],6842250,bb5u20c1,337.8,trial_0150_learning_rate=5.0e-04_history=2_kernel_sizes=20_conv_channels=256_fc_dims=256_seed1,d62c72b891,trial_0150_learning_rate=5.0e-04_history=2_kernel_sizes=20_conv_channels=256_fc_dims=256_seed1
/scratch/sb272/patterns5k_results/slurm_hist_cnn_2026-03-03_15-13-01/trial_0389_learning_rate=5.0e-03_history=1_kernel_sizes=10x3_conv_channels=256x128_fc_dims=256_seed0,cnn,0.152496254,0.245892213,0.073823878,-0.012774671,0.060988396,0.254478587,417471,417471,28,0.726963834,1,TRUE,0.454568327,0.594968304,52,0.318552256,0.257212549,13,"[10, 3]","[256, 128]",[256],6851187,bb5u25c1,278.5,trial_0389_learning_rate=5.0e-03_history=1_kernel_sizes=10x3_conv_channels=256x128_fc_dims=256_seed0,f55a317c19,trial_0389_learning_rate=5.0e-03_history=1_kernel_sizes=10x3_conv_channels=256x128_fc_dims=256_seed0
/scratch/sb272/patterns5k_results/slurm_hist_cnn_2026-03-03_15-13-01/trial_0185_learning_rate=5.0e-04_history=2_kernel_sizes=20_conv_channels=256_fc_dims=256_seed1,cnn,0.157702007,0.221518219,0.059157161,-0.01064739,0.075732507,0.230897727,620351,620351,32,0.726651496,2,TRUE,0.454568327,0.639731127,57,0.318552256,0.234137312,7,[20],[256],[256],6842252,bb5u23c1,354.7,trial_0185_learning_rate=5.0e-04_history=2_kernel_sizes=20_conv_channels=256_fc_dims=256_seed1,4264c752f2,trial_0185_learning_rate=5.0e-04_history=2_kernel_sizes=20_conv_channels=256_fc_dims=256_seed1
/scratch/sb272/patterns5k_results/slurm_hist_cnn_2026-03-03_15-13-01/trial_0222_learning_rate=1.0e-03_history=2_kernel_sizes=10x5_conv_channels=256x128_fc_dims=256_seed0,cnn,0.155312138,0.233378184,0.060387508,-0.006586978,0.078499623,0.240857595,483007,483007,35,0.72577597,2,TRUE,0.454568327,0.597812694,54,0.318552256,0.244957507,9,"[10, 5]","[256, 128]",[256],6842254,bb5u25c1,336.5,trial_0222_learning_rate=1.0e-03_history=2_kernel_sizes=10x5_conv_channels=256x128_fc_dims=256_seed0,fd6f0a0c63,trial_0222_learning_rate=1.0e-03_history=2_kernel_sizes=10x5_conv_channels=256x128_fc_dims=256_seed0
/scratch/sb272/patterns5k_results/slurm_hist_cnn_2026-03-03_15-13-01/trial_0291_learning_rate=1.0e-03_history=2_kernel_sizes=10x3_conv_channels=256x128_fc_dims=256_seed0,cnn,0.155876157,0.233369016,0.059307398,-0.003299521,0.080405824,0.241961516,417471,417471,33,0.725466355,2,TRUE,0.454568327,0.59725555,55,0.318552256,0.244929656,9,"[10, 3]","[256, 128]",[256],6842258,bc12u15n3,601.6,trial_0291_learning_rate=1.0e-03_history=2_kernel_sizes=10x3_conv_channels=256x128_fc_dims=256_seed0,2d4dd4e2f5,trial_0291_learning_rate=1.0e-03_history=2_kernel_sizes=10x3_conv_channels=256x128_fc_dims=256_seed0
/scratch/sb272/patterns5k_results/slurm_hist_cnn_2026-03-03_15-13-01/trial_0145_learning_rate=5.0e-04_history=1_kernel_sizes=10x5_conv_channels=256x128_fc_dims=256_seed2,cnn,0.153849598,0.238883474,0.061790581,-0.010132865,0.069332965,0.243689251,483007,483007,37,0.725059966,1,TRUE,0.454568327,0.610478712,53,0.318552256,0.250568986,11,"[10, 5]","[256, 128]",[256],6842249,bb4u22c1,410.8,trial_0145_learning_rate=5.0e-04_history=1_kernel_sizes=10x5_conv_channels=256x128_fc_dims=256_seed2,ad3b4e1c8a,trial_0145_learning_rate=5.0e-04_history=1_kernel_sizes=10x5_conv_channels=256x128_fc_dims=256_seed2
/scratch/sb272/patterns5k_results/slurm_hist_cnn_2026-03-03_15-13-01/trial_0396_learning_rate=5.0e-03_history=2_kernel_sizes=10x3_conv_channels=256x128_fc_dims=256_seed0,cnn,0.155761209,0.235131854,0.067751166,-0.007240692,0.072064787,0.24517169,417471,417471,34,0.724985523,2,TRUE,0.454568327,0.588454375,53,0.318552256,0.246472254,10,"[10, 3]","[256, 128]",[256],6851187,bb5u25c1,308.8,trial_0396_learning_rate=5.0e-03_history=2_kernel_sizes=10x3_conv_channels=256x128_fc_dims=256_seed0,8b04c56e29,trial_0396_learning_rate=5.0e-03_history=2_kernel_sizes=10x3_conv_channels=256x128_fc_dims=256_seed0
/scratch/sb272/patterns5k_results/slurm_hist_cnn_2026-03-03_15-13-01/trial_0144_learning_rate=5.0e-04_history=1_kernel_sizes=10x3_conv_channels=256x128_fc_dims=256_seed0,cnn,0.154224742,0.240264787,0.061630916,-0.008492685,0.070860364,0.247920413,417471,417471,36,0.724964072,1,TRUE,0.454568327,0.610170937,54,0.318552256,0.251278788,13,"[10, 3]","[256, 128]",[256],6842249,bb4u22c1,387.3,trial_0144_learning_rate=5.0e-04_history=1_kernel_sizes=10x3_conv_channels=256x128_fc_dims=256_seed0,06b711676f,trial_0144_learning_rate=5.0e-04_history=1_kernel_sizes=10x3_conv_channels=256x128_fc_dims=256_seed0
/scratch/sb272/patterns5k_results/slurm_hist_cnn_2026-03-03_15-13-01/trial_0390_learning_rate=5.0e-03_history=1_kernel_sizes=10x5_conv_channels=256x128_fc_dims=256_seed1,cnn,0.153437962,0.242656506,0.070014907,-0.014077649,0.0573566,0.252044478,483007,483007,36,0.724803938,1,TRUE,0.454568327,0.592630909,52,0.318552256,0.254086912,13,"[10, 5]","[256, 128]",[256],6851187,bb5u25c1,336.4,trial_0390_learning_rate=5.0e-03_history=1_kernel_sizes=10x5_conv_channels=256x128_fc_dims=256_seed1,c4a1fb9aaa,trial_0390_learning_rate=5.0e-03_history=1_kernel_sizes=10x5_conv_channels=256x128_fc_dims=256_seed1
/scratch/sb272/patterns5k_results/slurm_hist_cnn_2026-03-03_15-13-01/trial_0179_learning_rate=5.0e-04_history=1_kernel_sizes=10x3_conv_channels=256x128_fc_dims=256_seed0,cnn,0.154221815,0.238826051,0.062011324,-0.008991184,0.07090681,0.249262949,417471,417471,40,0.724376574,1,TRUE,0.454568327,0.610164126,54,0.318552256,0.249317586,13,"[10, 3]","[256, 128]",[256],6842251,bb5u23c1,348.5,trial_0179_learning_rate=5.0e-04_history=1_kernel_sizes=10x3_conv_channels=256x128_fc_dims=256_seed0,37c18a8e0b,trial_0179_learning_rate=5.0e-04_history=1_kernel_sizes=10x3_conv_channels=256x128_fc_dims=256_seed0
/scratch/sb272/patterns5k_results/slurm_hist_cnn_2026-03-03_15-13-01/trial_0283_learning_rate=1.0e-03_history=1_kernel_sizes=20_conv_channels=256_fc_dims=256_seed1,cnn,0.155162154,0.229813255,0.063467581,-0.011726072,0.073611274,0.238279877,620351,620351,24,0.724168153,1,TRUE,0.454568327,0.632108126,57,0.318552256,0.242528751,9,[20],[256],[256],6842258,bc12u15n3,628.6,trial_0283_learning_rate=1.0e-03_history=1_kernel_sizes=20_conv_channels=256_fc_dims=256_seed1,9bde97d859,trial_0283_learning_rate=1.0e-03_history=1_kernel_sizes=20_conv_channels=256_fc_dims=256_seed1
/scratch/sb272/patterns5k_results/slurm_hist_cnn_2026-03-03_15-13-01/trial_0222_learning_rate=1.0e-03_history=2_kernel_sizes=10x5_conv_channels=256x128_fc_dims=256_seed1,cnn,0.155062096,0.233340453,0.062928976,-0.006333056,0.0750558,0.242616419,483007,483007,32,0.724040852,2,TRUE,0.454568327,0.594925631,53,0.318552256,0.245045081,9,"[10, 5]","[256, 128]",[256],6842254,bb5u25c1,311.9,trial_0222_learning_rate=1.0e-03_history=2_kernel_sizes=10x5_conv_channels=256x128_fc_dims=256_seed1,fd6f0a0c63,trial_0222_learning_rate=1.0e-03_history=2_kernel_sizes=10x5_conv_channels=256x128_fc_dims=256_seed1
/scratch/sb272/patterns5k_results/slurm_hist_cnn_2026-03-03_15-13-01/trial_0073_learning_rate=1.0e-04_history=1_kernel_sizes=20_conv_channels=256_fc_dims=256_seed2,cnn,0.156367873,0.220967624,0.058722971,-0.013574787,0.066100955,0.225483131,620351,620351,50,0.724039047,1,TRUE,0.454568327,0.638901743,55,0.318552256,0.232680142,9,[20],[256],[256],6842245,bb3u23c1,484.9,trial_0073_learning_rate=1.0e-04_history=1_kernel_sizes=20_conv_channels=256_fc_dims=256_seed2,22f1e6fe77,trial_0073_learning_rate=1.0e-04_history=1_kernel_sizes=20_conv_channels=256_fc_dims=256_seed2
/scratch/sb272/patterns5k_results/slurm_hist_cnn_2026-03-03_15-13-01/trial_0152_learning_rate=5.0e-04_history=2_kernel_sizes=10x5_conv_channels=256x128_fc_dims=256_seed1,cnn,0.155460943,0.232620994,0.060451224,-0.006714729,0.078152098,0.240289047,483007,483007,42,0.724034647,2,TRUE,0.454568327,0.599246366,54,0.318552256,0.244178995,8,"[10, 5]","[256, 128]",[256],6842250,bb5u20c1,357.2,trial_0152_learning_rate=5.0e-04_history=2_kernel_sizes=10x5_conv_channels=256x128_fc_dims=256_seed1,bd536475b8,trial_0152_learning_rate=5.0e-04_history=2_kernel_sizes=10x5_conv_channels=256x128_fc_dims=256_seed1
/scratch/sb272/patterns5k_results/slurm_hist_cnn_2026-03-03_15-13-01/trial_0320_learning_rate=5.0e-03_history=1_kernel_sizes=10x5_conv_channels=256x128_fc_dims=256_seed1,cnn,0.15264943,0.245742275,0.072251952,-0.0152546,0.056792054,0.254662774,483007,483007,32,0.723601208,1,TRUE,0.454568327,0.597592996,52,0.318552256,0.256940901,14,"[10, 5]","[256, 128]",[256],6842260,bc12u15n4,531.1,trial_0320_learning_rate=5.0e-03_history=1_kernel_sizes=10x5_conv_channels=256x128_fc_dims=256_seed1,205d13b15c,trial_0320_learning_rate=5.0e-03_history=1_kernel_sizes=10x5_conv_channels=256x128_fc_dims=256_seed1
/scratch/sb272/patterns5k_results/slurm_hist_cnn_2026-03-03_15-13-01/trial_0038_learning_rate=1.0e-04_history=1_kernel_sizes=20_conv_channels=256_fc_dims=256_seed0,cnn,0.156357699,0.222430673,0.057754655,-0.014136171,0.067342803,0.229650024,620351,620351,50,0.723370542,1,TRUE,0.454568327,0.638546078,56,0.318552256,0.233855635,9,[20],[256],[256],6842243,bb2u23c1,466.6,trial_0038_learning_rate=1.0e-04_history=1_kernel_sizes=20_conv_channels=256_fc_dims=256_seed0,c5cfdc28d6,trial_0038_learning_rate=1.0e-04_history=1_kernel_sizes=20_conv_channels=256_fc_dims=256_seed0
/scratch/sb272/patterns5k_results/slurm_hist_cnn_2026-03-03_15-13-01/trial_0256_learning_rate=1.0e-03_history=2_kernel_sizes=10x3_conv_channels=256x128_fc_dims=256_seed2,cnn,0.155421613,0.233279374,0.063023555,-0.004071824,0.079287268,0.240348726,417471,417471,33,0.7233242,2,TRUE,0.454568327,0.597460888,53,0.318552256,0.244972959,8,"[10, 3]","[256, 128]",[256],6842256,bc12u13n4,627.4,trial_0256_learning_rate=1.0e-03_history=2_kernel_sizes=10x3_conv_channels=256x128_fc_dims=256_seed2,258d147b09,trial_0256_learning_rate=1.0e-03_history=2_kernel_sizes=10x3_conv_channels=256x128_fc_dims=256_seed2
/scratch/sb272/patterns5k_results/slurm_hist_cnn_2026-03-03_15-13-01/trial_0255_learning_rate=1.0e-03_history=2_kernel_sizes=20_conv_channels=256_fc_dims=256_seed1,cnn,0.15684055,0.225253202,0.061476172,-0.009226822,0.076293163,0.233572881,620351,620351,25,0.72318136,2,TRUE,0.454568327,0.625600554,56,0.318552256,0.238064304,8,[20],[256],[256],6842256,bc12u13n4,596.3,trial_0255_learning_rate=1.0e-03_history=2_kernel_sizes=20_conv_channels=256_fc_dims=256_seed1,2a7d5c102b,trial_0255_learning_rate=1.0e-03_history=2_kernel_sizes=20_conv_channels=256_fc_dims=256_seed1
/scratch/sb272/patterns5k_results/slurm_hist_cnn_2026-03-03_15-13-01/trial_0250_learning_rate=1.0e-03_history=1_kernel_sizes=10x5_conv_channels=256x128_fc_dims=256_seed2,cnn,0.15366197,0.242768077,0.064741981,-0.011474555,0.0692707,0.247984728,483007,483007,38,0.723038303,1,TRUE,0.454568327,0.60639557,52,0.318552256,0.254618198,13,"[10, 5]","[256, 128]",[256],6842256,bc12u13n4,666.2,trial_0250_learning_rate=1.0e-03_history=1_kernel_sizes=10x5_conv_channels=256x128_fc_dims=256_seed2,c81778bc09,trial_0250_learning_rate=1.0e-03_history=1_kernel_sizes=10x5_conv_channels=256x128_fc_dims=256_seed2
/scratch/sb272/patterns5k_results/slurm_hist_cnn_2026-03-03_15-13-01/trial_0220_learning_rate=1.0e-03_history=2_kernel_sizes=20_conv_channels=256_fc_dims=256_seed0,cnn,0.156966841,0.222973319,0.061526191,-0.007057063,0.081777327,0.233198607,620351,620351,25,0.722981294,2,TRUE,0.454568327,0.627535968,56,0.318552256,0.23527512,8,[20],[256],[256],6842254,bb5u25c1,293.4,trial_0220_learning_rate=1.0e-03_history=2_kernel_sizes=20_conv_channels=256_fc_dims=256_seed0,02cdf62354,trial_0220_learning_rate=1.0e-03_history=2_kernel_sizes=20_conv_channels=256_fc_dims=256_seed0
/scratch/sb272/patterns5k_results/slurm_hist_cnn_2026-03-03_15-13-01/trial_0291_learning_rate=1.0e-03_history=2_kernel_sizes=10x3_conv_channels=256x128_fc_dims=256_seed2,cnn,0.156110834,0.233309679,0.058305803,-0.005898851,0.076336585,0.24070175,417471,417471,34,0.722659342,2,TRUE,0.454568327,0.597577356,53,0.318552256,0.244918972,9,"[10, 3]","[256, 128]",[256],6842258,bc12u15n3,635.3,trial_0291_learning_rate=1.0e-03_history=2_kernel_sizes=10x3_conv_channels=256x128_fc_dims=256_seed2,2d4dd4e2f5,trial_0291_learning_rate=1.0e-03_history=2_kernel_sizes=10x3_conv_channels=256x128_fc_dims=256_seed2
/scratch/sb272/patterns5k_results/slurm_hist_cnn_2026-03-03_15-13-01/trial_0390_learning_rate=5.0e-03_history=1_kernel_sizes=10x5_conv_channels=256x128_fc_dims=256_seed0,cnn,0.152690554,0.244304177,0.071771977,-0.013798984,0.058048502,0.252570793,483007,483007,30,0.722600056,1,TRUE,0.454568327,0.591041319,51,0.318552256,0.255892485,13,"[10, 5]","[256, 128]",[256],6851187,bb5u25c1,307.5,trial_0390_learning_rate=5.0e-03_history=1_kernel_sizes=10x5_conv_channels=256x128_fc_dims=256_seed0,c4a1fb9aaa,trial_0390_learning_rate=5.0e-03_history=1_kernel_sizes=10x5_conv_channels=256x128_fc_dims=256_seed0
/scratch/sb272/patterns5k_results/slurm_hist_cnn_2026-03-03_15-13-01/trial_0318_learning_rate=5.0e-03_history=1_kernel_sizes=20_conv_channels=256_fc_dims=256_seed0,cnn,0.155189102,0.23123169,0.057468846,-0.004405399,0.082098387,0.236495845,620351,620351,21,0.722558859,1,TRUE,0.454568327,0.604829063,55,0.318552256,0.243128777,12,[20],[256],[256],6842260,bc12u15n4,477.5,trial_0318_learning_rate=5.0e-03_history=1_kernel_sizes=20_conv_channels=256_fc_dims=256_seed0,9575ed80d0,trial_0318_learning_rate=5.0e-03_history=1_kernel_sizes=20_conv_channels=256_fc_dims=256_seed0
/scratch/sb272/patterns5k_results/slurm_hist_cnn_2026-03-03_15-13-01/trial_0178_learning_rate=5.0e-04_history=1_kernel_sizes=20_conv_channels=256_fc_dims=256_seed1,cnn,0.155623189,0.228223001,0.063705424,-0.014404174,0.070343263,0.236285898,620351,620351,29,0.722453158,1,TRUE,0.454568327,0.640282666,56,0.318552256,0.240199104,9,[20],[256],[256],6842251,bb5u23c1,329.6,trial_0178_learning_rate=5.0e-04_history=1_kernel_sizes=20_conv_channels=256_fc_dims=256_seed1,cd77d032be,trial_0178_learning_rate=5.0e-04_history=1_kernel_sizes=20_conv_channels=256_fc_dims=256_seed1
/scratch/sb272/patterns5k_results/slurm_hist_cnn_2026-03-03_15-13-01/trial_0292_learning_rate=1.0e-03_history=2_kernel_sizes=10x5_conv_channels=256x128_fc_dims=256_seed0,cnn,0.155038466,0.233249925,0.064054683,-0.005467638,0.077841863,0.241540948,483007,483007,32,0.722386953,2,TRUE,0.454568327,0.591432166,52,0.318552256,0.245242119,9,"[10, 5]","[256, 128]",[256],6842258,bc12u15n3,588.1,trial_0292_learning_rate=1.0e-03_history=2_kernel_sizes=10x5_conv_channels=256x128_fc_dims=256_seed0,f77d3d3ae7,trial_0292_learning_rate=1.0e-03_history=2_kernel_sizes=10x5_conv_channels=256x128_fc_dims=256_seed0
/scratch/sb272/patterns5k_results/slurm_hist_cnn_2026-03-03_15-13-01/trial_0361_learning_rate=5.0e-03_history=2_kernel_sizes=10x3_conv_channels=256x128_fc_dims=256_seed1,cnn,0.154841979,0.236712566,0.068127387,-0.002570506,0.080743715,0.246569699,417471,417471,27,0.722225107,2,TRUE,0.454568327,0.582938838,52,0.318552256,0.247573122,9,"[10, 3]","[256, 128]",[256],6850941,bb5u25c1,279.5,trial_0361_learning_rate=5.0e-03_history=2_kernel_sizes=10x3_conv_channels=256x128_fc_dims=256_seed1,429cce14a3,trial_0361_learning_rate=5.0e-03_history=2_kernel_sizes=10x3_conv_channels=256x128_fc_dims=256_seed1
/scratch/sb272/patterns5k_results/slurm_hist_cnn_2026-03-03_15-13-01/trial_0283_learning_rate=1.0e-03_history=1_kernel_sizes=20_conv_channels=256_fc_dims=256_seed0,cnn,0.155272556,0.230130992,0.061596676,-0.009434384,0.073610902,0.238643911,620351,620351,22,0.721671358,1,TRUE,0.454568327,0.633401641,56,0.318552256,0.242754444,10,[20],[256],[256],6842257,bc12u15n1,475.7,trial_0283_learning_rate=1.0e-03_history=1_kernel_sizes=20_conv_channels=256_fc_dims=256_seed0,9bde97d859,trial_0283_learning_rate=1.0e-03_history=1_kernel_sizes=20_conv_channels=256_fc_dims=256_seed0
/scratch/sb272/patterns5k_results/slurm_hist_cnn_2026-03-03_15-13-01/trial_0180_learning_rate=5.0e-04_history=1_kernel_sizes=10x5_conv_channels=256x128_fc_dims=256_seed0,cnn,0.154323391,0.239711123,0.058363217,-0.010321413,0.070338361,0.247372527,483007,483007,35,0.721660317,1,TRUE,0.454568327,0.607889341,54,0.318552256,0.251146495,13,"[10, 5]","[256, 128]",[256],6842251,bb5u23c1,344.6,trial_0180_learning_rate=5.0e-04_history=1_kernel_sizes=10x5_conv_channels=256x128_fc_dims=256_seed0,3ff56b9e15,trial_0180_learning_rate=5.0e-04_history=1_kernel_sizes=10x5_conv_channels=256x128_fc_dims=256_seed0
/scratch/sb272/patterns5k_results/slurm_hist_cnn_2026-03-03_15-13-01/trial_0144_learning_rate=5.0e-04_history=1_kernel_sizes=10x3_conv_channels=256x128_fc_dims=256_seed2,cnn,0.153648299,0.241207078,0.066767288,-0.00880891,0.071963914,0.245924849,417471,417471,35,0.721151845,1,TRUE,0.454568327,0.611068756,53,0.318552256,0.252780646,13,"[10, 3]","[256, 128]",[256],6842249,bb4u22c1,371,trial_0144_learning_rate=5.0e-04_history=1_kernel_sizes=10x3_conv_channels=256x128_fc_dims=256_seed2,06b711676f,trial_0144_learning_rate=5.0e-04_history=1_kernel_sizes=10x3_conv_channels=256x128_fc_dims=256_seed2
/scratch/sb272/patterns5k_results/slurm_hist_cnn_2026-03-03_15-13-01/trial_0152_learning_rate=5.0e-04_history=2_kernel_sizes=10x5_conv_channels=256x128_fc_dims=256_seed2,cnn,0.155703125,0.231689742,0.06120846,-0.007975256,0.073338702,0.236593201,483007,483007,50,0.721097511,2,TRUE,0.454568327,0.599749735,54,0.318552256,0.24350284,8,"[10, 5]","[256, 128]",[256],6842250,bb5u20c1,399.3,trial_0152_learning_rate=5.0e-04_history=2_kernel_sizes=10x5_conv_channels=256x128_fc_dims=256_seed2,bd536475b8,trial_0152_learning_rate=5.0e-04_history=2_kernel_sizes=10x5_conv_channels=256x128_fc_dims=256_seed2
/scratch/sb272/patterns5k_results/slurm_hist_cnn_2026-03-03_15-13-01/trial_0221_learning_rate=1.0e-03_history=2_kernel_sizes=10x3_conv_channels=256x128_fc_dims=256_seed2,cnn,0.154836811,0.235400955,0.063931311,-0.004560542,0.075846389,0.240181638,417471,417471,28,0.721074342,2,TRUE,0.454568327,0.598484896,53,0.318552256,0.246719688,11,"[10, 3]","[256, 128]",[256],6842254,bb5u25c1,273.2,trial_0221_learning_rate=1.0e-03_history=2_kernel_sizes=10x3_conv_channels=256x128_fc_dims=256_seed2,db98239046,trial_0221_learning_rate=1.0e-03_history=2_kernel_sizes=10x3_conv_channels=256x128_fc_dims=256_seed2
/scratch/sb272/patterns5k_results/slurm_hist_cnn_2026-03-03_15-13-01/trial_0150_learning_rate=5.0e-04_history=2_kernel_sizes=20_conv_channels=256_fc_dims=256_seed2,cnn,0.157432938,0.220960875,0.057904763,-0.009772923,0.074693382,0.226901503,620351,620351,28,0.720967143,2,TRUE,0.454568327,0.630660057,57,0.318552256,0.232991666,6,[20],[256],[256],6842250,bb5u20c1,305.1,trial_0150_learning_rate=5.0e-04_history=2_kernel_sizes=20_conv_channels=256_fc_dims=256_seed2,d62c72b891,trial_0150_learning_rate=5.0e-04_history=2_kernel_sizes=20_conv_channels=256_fc_dims=256_seed2
/scratch/sb272/patterns5k_results/slurm_hist_cnn_2026-03-03_15-13-01/trial_0257_learning_rate=1.0e-03_history=2_kernel_sizes=10x5_conv_channels=256x128_fc_dims=256_seed2,cnn,0.154930885,0.234018055,0.063661502,-0.007032481,0.072869837,0.241368266,483007,483007,29,0.720914972,2,TRUE,0.454568327,0.592583216,53,0.318552256,0.245907724,8,"[10, 5]","[256, 128]",[256],6842256,bc12u13n4,580.5,trial_0257_learning_rate=1.0e-03_history=2_kernel_sizes=10x5_conv_channels=256x128_fc_dims=256_seed2,7f6dcaef7a,trial_0257_learning_rate=1.0e-03_history=2_kernel_sizes=10x5_conv_channels=256x128_fc_dims=256_seed2
/scratch/sb272/patterns5k_results/slurm_hist_cnn_2026-03-03_15-13-01/trial_0151_learning_rate=5.0e-04_history=2_kernel_sizes=10x3_conv_channels=256x128_fc_dims=256_seed2,cnn,0.155872044,0.231996991,0.060026219,-0.004616733,0.079718374,0.23624252,417471,417471,43,0.720707998,2,TRUE,0.454568327,0.59881175,54,0.318552256,0.242983773,8,"[10, 3]","[256, 128]",[256],6842250,bb5u20c1,348.2,trial_0151_learning_rate=5.0e-04_history=2_kernel_sizes=10x3_conv_channels=256x128_fc_dims=256_seed2,8533a2e55f,trial_0151_learning_rate=5.0e-04_history=2_kernel_sizes=10x3_conv_channels=256x128_fc_dims=256_seed2
/scratch/sb272/patterns5k_results/slurm_hist_cnn_2026-03-03_15-13-01/trial_0039_learning_rate=1.0e-04_history=1_kernel_sizes=10x3_conv_channels=256x128_fc_dims=256_seed0,cnn,0.154629802,0.235114226,0.062260717,-0.0073854,0.071409985,0.240042244,417471,417471,50,0.720640233,1,TRUE,0.454568327,0.604171711,52,0.318552256,0.246288687,9,"[10, 3]","[256, 128]",[256],6842243,bb2u23c1,425.6,trial_0039_learning_rate=1.0e-04_history=1_kernel_sizes=10x3_conv_channels=256x128_fc_dims=256_seed0,328a5b9389,trial_0039_learning_rate=1.0e-04_history=1_kernel_sizes=10x3_conv_channels=256x128_fc_dims=256_seed0
/scratch/sb272/patterns5k_results/slurm_hist_cnn_2026-03-03_15-13-01/trial_0150_learning_rate=5.0e-04_history=2_kernel_sizes=20_conv_channels=256_fc_dims=256_seed0,cnn,0.157894046,0.219650685,0.059674299,-0.010510948,0.074473269,0.230167481,620351,620351,29,0.720453729,2,TRUE,0.454568327,0.632866388,56,0.318552256,0.231677935,6,[20],[256],[256],6842250,bb5u20c1,335.1,trial_0150_learning_rate=5.0e-04_history=2_kernel_sizes=20_conv_channels=256_fc_dims=256_seed0,d62c72b891,trial_0150_learning_rate=5.0e-04_history=2_kernel_sizes=20_conv_channels=256_fc_dims=256_seed0
/scratch/sb272/patterns5k_results/slurm_hist_cnn_2026-03-03_15-13-01/trial_0292_learning_rate=1.0e-03_history=2_kernel_sizes=10x5_conv_channels=256x128_fc_dims=256_seed1,cnn,0.155331894,0.233157841,0.060915702,-0.006279681,0.074048258,0.240461587,483007,483007,34,0.720200832,2,TRUE,0.454568327,0.590284553,53,0.318552256,0.244649425,10,"[10, 5]","[256, 128]",[256],6842258,bc12u15n3,631,trial_0292_learning_rate=1.0e-03_history=2_kernel_sizes=10x5_conv_channels=256x128_fc_dims=256_seed1,f77d3d3ae7,trial_0292_learning_rate=1.0e-03_history=2_kernel_sizes=10x5_conv_channels=256x128_fc_dims=256_seed1
/scratch/sb272/patterns5k_results/slurm_hist_cnn_2026-03-03_15-13-01/trial_0186_learning_rate=5.0e-04_history=2_kernel_sizes=10x3_conv_channels=256x128_fc_dims=256_seed0,cnn,0.156082692,0.231722397,0.059536647,-0.003131381,0.08244516,0.240472666,417471,417471,39,0.720188126,2,TRUE,0.454568327,0.595460688,55,0.318552256,0.243120193,8,"[10, 3]","[256, 128]",[256],6842252,bb5u23c1,338.9,trial_0186_learning_rate=5.0e-04_history=2_kernel_sizes=10x3_conv_channels=256x128_fc_dims=256_seed0,5a6d615375,trial_0186_learning_rate=5.0e-04_history=2_kernel_sizes=10x3_conv_channels=256x128_fc_dims=256_seed0
/scratch/sb272/patterns5k_results/slurm_hist_cnn_2026-03-03_15-13-01/trial_0185_learning_rate=5.0e-04_history=2_kernel_sizes=20_conv_channels=256_fc_dims=256_seed0,cnn,0.157232632,0.220356147,0.057599895,-0.005906146,0.082260631,0.229492411,620351,620351,32,0.720081096,2,TRUE,0.454568327,0.634451339,57,0.318552256,0.233128652,6,[20],[256],[256],6842252,bb5u23c1,354.7,trial_0185_learning_rate=5.0e-04_history=2_kernel_sizes=20_conv_channels=256_fc_dims=256_seed0,4264c752f2,trial_0185_learning_rate=5.0e-04_history=2_kernel_sizes=20_conv_channels=256_fc_dims=256_seed0
/scratch/sb272/patterns5k_results/slurm_hist_cnn_2026-03-03_15-13-01/trial_0187_learning_rate=5.0e-04_history=2_kernel_sizes=10x5_conv_channels=256x128_fc_dims=256_seed2,cnn,0.155731158,0.230306507,0.060047324,-0.007709121,0.074962541,0.236580749,483007,483007,47,0.719951011,2,TRUE,0.454568327,0.59808469,53,0.318552256,0.242453635,8,"[10, 5]","[256, 128]",[256],6842252,bb5u23c1,407.1,trial_0187_learning_rate=5.0e-04_history=2_kernel_sizes=10x5_conv_channels=256x128_fc_dims=256_seed2,71fd6f8d9b,trial_0187_learning_rate=5.0e-04_history=2_kernel_sizes=10x5_conv_channels=256x128_fc_dims=256_seed2
/scratch/sb272/patterns5k_results/slurm_hist_cnn_2026-03-03_15-13-01/trial_0003_learning_rate=1.0e-04_history=1_kernel_sizes=20_conv_channels=256_fc_dims=256_seed0,cnn,0.156494999,0.221676244,0.058240123,-0.015159503,0.064957336,0.229934563,620351,620351,50,0.719929962,1,TRUE,0.454568327,0.636087909,55,0.318552256,0.233116746,9,[20],[256],[256],6842241,bb2u15c1,557.9,trial_0003_learning_rate=1.0e-04_history=1_kernel_sizes=20_conv_channels=256_fc_dims=256_seed0,0b13b740fa,trial_0003_learning_rate=1.0e-04_history=1_kernel_sizes=20_conv_channels=256_fc_dims=256_seed0
/scratch/sb272/patterns5k_results/slurm_hist_cnn_2026-03-03_15-13-01/trial_0115_learning_rate=5.0e-04_history=2_kernel_sizes=20_conv_channels=256_fc_dims=256_seed0,cnn,0.15751745,0.220346892,0.058389167,-0.00835698,0.077943169,0.229411532,620351,620351,31,0.719508518,2,TRUE,0.454568327,0.632322508,56,0.318552256,0.232251525,6,[20],[256],[256],6842247,bb4u18c1,410,trial_0115_learning_rate=5.0e-04_history=2_kernel_sizes=20_conv_channels=256_fc_dims=256_seed0,7c4c4152ae,trial_0115_learning_rate=5.0e-04_history=2_kernel_sizes=20_conv_channels=256_fc_dims=256_seed0
/scratch/sb272/patterns5k_results/slurm_hist_cnn_2026-03-03_15-13-01/trial_0215_learning_rate=1.0e-03_history=1_kernel_sizes=10x5_conv_channels=256x128_fc_dims=256_seed0,cnn,0.153965573,0.241614656,0.06218754,-0.009965096,0.069142543,0.250942564,483007,483007,31,0.719473465,1,TRUE,0.454568327,0.602200423,54,0.318552256,0.253316045,12,"[10, 5]","[256, 128]",[256],6842253,bb5u25c1,329,trial_0215_learning_rate=1.0e-03_history=1_kernel_sizes=10x5_conv_channels=256x128_fc_dims=256_seed0,60d814f175,trial_0215_learning_rate=1.0e-03_history=1_kernel_sizes=10x5_conv_channels=256x128_fc_dims=256_seed0
/scratch/sb272/patterns5k_results/slurm_hist_cnn_2026-03-03_15-13-01/trial_0117_learning_rate=5.0e-04_history=2_kernel_sizes=10x5_conv_channels=256x128_fc_dims=256_seed1,cnn,0.155634026,0.231320666,0.058251092,-0.004458591,0.081608847,0.240135492,483007,483007,36,0.719239157,2,TRUE,0.454568327,0.594562774,53,0.318552256,0.242930204,8,"[10, 5]","[256, 128]",[256],6842248,bb4u21c1,337.2,trial_0117_learning_rate=5.0e-04_history=2_kernel_sizes=10x5_conv_channels=256x128_fc_dims=256_seed1,56701cbc0d,trial_0117_learning_rate=5.0e-04_history=2_kernel_sizes=10x5_conv_channels=256x128_fc_dims=256_seed1
/scratch/sb272/patterns5k_results/slurm_hist_cnn_2026-03-03_15-13-01/trial_0151_learning_rate=5.0e-04_history=2_kernel_sizes=10x3_conv_channels=256x128_fc_dims=256_seed0,cnn,0.156228157,0.230919272,0.06176963,-0.007658531,0.073498517,0.238996234,417471,417471,42,0.719219701,2,TRUE,0.454568327,0.598433847,55,0.318552256,0.242305771,9,"[10, 3]","[256, 128]",[256],6842250,bb5u20c1,340.4,trial_0151_learning_rate=5.0e-04_history=2_kernel_sizes=10x3_conv_channels=256x128_fc_dims=256_seed0,8533a2e55f,trial_0151_learning_rate=5.0e-04_history=2_kernel_sizes=10x3_conv_channels=256x128_fc_dims=256_seed0
/scratch/sb272/patterns5k_results/slurm_hist_cnn_2026-03-03_15-13-01/trial_0186_learning_rate=5.0e-04_history=2_kernel_sizes=10x3_conv_channels=256x128_fc_dims=256_seed2,cnn,0.1561276,0.230366592,0.05815107,-0.005219403,0.077149011,0.236520432,417471,417471,44,0.719210792,2,TRUE,0.454568327,0.598547256,53,0.318552256,0.241944119,8,"[10, 3]","[256, 128]",[256],6842252,bb5u23c1,364,trial_0186_learning_rate=5.0e-04_history=2_kernel_sizes=10x3_conv_channels=256x128_fc_dims=256_seed2,5a6d615375,trial_0186_learning_rate=5.0e-04_history=2_kernel_sizes=10x3_conv_channels=256x128_fc_dims=256_seed2
/scratch/sb272/patterns5k_results/slurm_hist_cnn_2026-03-03_15-13-01/trial_0117_learning_rate=5.0e-04_history=2_kernel_sizes=10x5_conv_channels=256x128_fc_dims=256_seed2,cnn,0.155919268,0.232357978,0.060143058,-0.007962046,0.075475298,0.236049513,483007,483007,44,0.719145032,2,TRUE,0.454568327,0.600331222,53,0.318552256,0.244077355,10,"[10, 5]","[256, 128]",[256],6842248,bb4u21c1,381.1,trial_0117_learning_rate=5.0e-04_history=2_kernel_sizes=10x5_conv_channels=256x128_fc_dims=256_seed2,56701cbc0d,trial_0117_learning_rate=5.0e-04_history=2_kernel_sizes=10x5_conv_channels=256x128_fc_dims=256_seed2
/scratch/sb272/patterns5k_results/slurm_hist_cnn_2026-03-03_15-13-01/trial_0324_learning_rate=5.0e-03_history=2_kernel_sizes=10_conv_channels=256_fc_dims=256_seed0,cnn,0.155946028,0.231086821,0.063980385,0.001130216,0.092816174,0.243904798,351551,351551,19,0.71874925,2,TRUE,0.454568327,0.61262405,57,0.318552256,0.242602631,8,[10],[256],[256],6842260,bc12u15n4,374.8,trial_0324_learning_rate=5.0e-03_history=2_kernel_sizes=10_conv_channels=256_fc_dims=256_seed0,36d87f3105,trial_0324_learning_rate=5.0e-03_history=2_kernel_sizes=10_conv_channels=256_fc_dims=256_seed0
/scratch/sb272/patterns5k_results/slurm_hist_cnn_2026-03-03_15-13-01/trial_0290_learning_rate=1.0e-03_history=2_kernel_sizes=20_conv_channels=256_fc_dims=256_seed2,cnn,0.156912949,0.223397708,0.057641344,-0.004210466,0.080863103,0.230027562,620351,620351,22,0.718515034,2,TRUE,0.454568327,0.625737462,55,0.318552256,0.236358523,9,[20],[256],[256],6842258,bc12u15n3,542,trial_0290_learning_rate=1.0e-03_history=2_kernel_sizes=20_conv_channels=256_fc_dims=256_seed2,267841814b,trial_0290_learning_rate=1.0e-03_history=2_kernel_sizes=20_conv_channels=256_fc_dims=256_seed2
/scratch/sb272/patterns5k_results/slurm_hist_cnn_2026-03-03_15-13-01/trial_0256_learning_rate=1.0e-03_history=2_kernel_sizes=10x3_conv_channels=256x128_fc_dims=256_seed0,cnn,0.155769823,0.234181302,0.062985754,-0.002768411,0.080948442,0.242414339,417471,417471,34,0.718313214,2,TRUE,0.454568327,0.595921968,55,0.318552256,0.245936155,11,"[10, 3]","[256, 128]",[256],6842256,bc12u13n4,623.3,trial_0256_learning_rate=1.0e-03_history=2_kernel_sizes=10x3_conv_channels=256x128_fc_dims=256_seed0,258d147b09,trial_0256_learning_rate=1.0e-03_history=2_kernel_sizes=10x3_conv_channels=256x128_fc_dims=256_seed0
/scratch/sb272/patterns5k_results/slurm_hist_cnn_2026-03-03_15-13-01/trial_0355_learning_rate=5.0e-03_history=1_kernel_sizes=10x5_conv_channels=256x128_fc_dims=256_seed0,cnn,0.152730208,0.243051805,0.07093647,-0.011229664,0.064670049,0.25261675,483007,483007,29,0.718172923,1,TRUE,0.454568327,0.589142332,51,0.318552256,0.254544914,14,"[10, 5]","[256, 128]",[256],6850941,bb5u25c1,297.7,trial_0355_learning_rate=5.0e-03_history=1_kernel_sizes=10x5_conv_channels=256x128_fc_dims=256_seed0,cbe262ef2d,trial_0355_learning_rate=5.0e-03_history=1_kernel_sizes=10x5_conv_channels=256x128_fc_dims=256_seed0
/scratch/sb272/patterns5k_results/slurm_hist_cnn_2026-03-03_15-13-01/trial_0116_learning_rate=5.0e-04_history=2_kernel_sizes=10x3_conv_channels=256x128_fc_dims=256_seed2,cnn,0.156284796,0.23276994,0.057806912,-0.005270025,0.076655068,0.239010095,417471,417471,40,0.718120045,2,TRUE,0.454568327,0.600585912,54,0.318552256,0.243689641,9,"[10, 3]","[256, 128]",[256],6842248,bb4u21c1,350.9,trial_0116_learning_rate=5.0e-04_history=2_kernel_sizes=10x3_conv_channels=256x128_fc_dims=256_seed2,6e473855a9,trial_0116_learning_rate=5.0e-04_history=2_kernel_sizes=10x3_conv_channels=256x128_fc_dims=256_seed2
/scratch/sb272/patterns5k_results/slurm_hist_cnn_2026-03-03_15-13-01/trial_0152_learning_rate=5.0e-04_history=2_kernel_sizes=10x5_conv_channels=256x128_fc_dims=256_seed0,cnn,0.155829068,0.232455415,0.056851441,-0.005697437,0.081490695,0.240450033,483007,483007,44,0.718017647,2,TRUE,0.454568327,0.593701081,55,0.318552256,0.243462369,10,"[10, 5]","[256, 128]",[256],6842250,bb5u20c1,377.8,trial_0152_learning_rate=5.0e-04_history=2_kernel_sizes=10x5_conv_channels=256x128_fc_dims=256_seed0,bd536475b8,trial_0152_learning_rate=5.0e-04_history=2_kernel_sizes=10x5_conv_channels=256x128_fc_dims=256_seed0
/scratch/sb272/patterns5k_results/slurm_hist_cnn_2026-03-03_15-13-01/trial_0354_learning_rate=5.0e-03_history=1_kernel_sizes=10x3_conv_channels=256x128_fc_dims=256_seed2,cnn,0.152854797,0.243930741,0.071626255,-0.009417783,0.06561514,0.248761604,417471,417471,26,0.717566301,1,TRUE,0.454568327,0.592103066,52,0.318552256,0.255292088,13,"[10, 3]","[256, 128]",[256],6850941,bb5u25c1,265.3,trial_0354_learning_rate=5.0e-03_history=1_kernel_sizes=10x3_conv_channels=256x128_fc_dims=256_seed2,3126861529,trial_0354_learning_rate=5.0e-03_history=1_kernel_sizes=10x3_conv_channels=256x128_fc_dims=256_seed2
/scratch/sb272/patterns5k_results/slurm_hist_cnn_2026-03-03_15-13-01/trial_0213_learning_rate=1.0e-03_history=1_kernel_sizes=20_conv_channels=256_fc_dims=256_seed0,cnn,0.15505551,0.231746843,0.065502367,-0.010244204,0.076101877,0.238283147,620351,620351,25,0.717528933,1,TRUE,0.454568327,0.631256747,56,0.318552256,0.244213253,10,[20],[256],[256],6842253,bb5u25c1,292.4,trial_0213_learning_rate=1.0e-03_history=1_kernel_sizes=20_conv_channels=256_fc_dims=256_seed0,90aad162a2,trial_0213_learning_rate=1.0e-03_history=1_kernel_sizes=20_conv_channels=256_fc_dims=256_seed0
/scratch/sb272/patterns5k_results/slurm_hist_cnn_2026-03-03_15-13-01/trial_0395_learning_rate=5.0e-03_history=2_kernel_sizes=20_conv_channels=256_fc_dims=256_seed2,cnn,0.15634789,0.223271156,0.062613269,-0.006345032,0.081751689,0.228431849,620351,620351,19,0.717465986,2,TRUE,0.454568327,0.600092679,53,0.318552256,0.235468879,9,[20],[256],[256],6851187,bb5u25c1,256.2,trial_0395_learning_rate=5.0e-03_history=2_kernel_sizes=20_conv_channels=256_fc_dims=256_seed2,41bd986bb3,trial_0395_learning_rate=5.0e-03_history=2_kernel_sizes=20_conv_channels=256_fc_dims=256_seed2
/scratch/sb272/patterns5k_results/slurm_hist_cnn_2026-03-03_15-13-01/trial_0362_learning_rate=5.0e-03_history=2_kernel_sizes=10x5_conv_channels=256x128_fc_dims=256_seed2,cnn,0.155041546,0.236901454,0.06774651,-0.00790709,0.07080061,0.241942448,483007,483007,32,0.716081873,2,TRUE,0.454568327,0.581993254,51,0.318552256,0.248123959,10,"[10, 5]","[256, 128]",[256],6850941,bb5u25c1,312.8,trial_0362_learning_rate=5.0e-03_history=2_kernel_sizes=10x5_conv_channels=256x128_fc_dims=256_seed2,4d1ff99919,trial_0362_learning_rate=5.0e-03_history=2_kernel_sizes=10x5_conv_channels=256x128_fc_dims=256_seed2
/scratch/sb272/patterns5k_results/slurm_hist_cnn_2026-03-03_15-13-01/trial_0116_learning_rate=5.0e-04_history=2_kernel_sizes=10x3_conv_channels=256x128_fc_dims=256_seed0,cnn,0.156303315,0.229316828,0.058009516,-0.003031445,0.080580324,0.238694916,417471,417471,40,0.715978253,2,TRUE,0.454568327,0.594919724,52,0.318552256,0.240409076,8,"[10, 3]","[256, 128]",[256],6842247,bb4u18c1,414.9,trial_0116_learning_rate=5.0e-04_history=2_kernel_sizes=10x3_conv_channels=256x128_fc_dims=256_seed0,6e473855a9,trial_0116_learning_rate=5.0e-04_history=2_kernel_sizes=10x3_conv_channels=256x128_fc_dims=256_seed0
/scratch/sb272/patterns5k_results/slurm_hist_cnn_2026-03-03_15-13-01/trial_0075_learning_rate=1.0e-04_history=1_kernel_sizes=10x5_conv_channels=256x128_fc_dims=256_seed1,cnn,0.154510024,0.2340232,0.059879377,-0.00757902,0.072913297,0.239889322,483007,483007,50,0.715842036,1,TRUE,0.454568327,0.601859884,50,0.318552256,0.24550958,9,"[10, 5]","[256, 128]",[256],6842245,bb3u23c1,446.7,trial_0075_learning_rate=1.0e-04_history=1_kernel_sizes=10x5_conv_channels=256x128_fc_dims=256_seed1,bf6e07f475,trial_0075_learning_rate=1.0e-04_history=1_kernel_sizes=10x5_conv_channels=256x128_fc_dims=256_seed1
/scratch/sb272/patterns5k_results/slurm_hist_cnn_2026-03-03_15-13-01/trial_0397_learning_rate=5.0e-03_history=2_kernel_sizes=10x5_conv_channels=256x128_fc_dims=256_seed2,cnn,0.154913554,0.235146125,0.068053298,-0.009556707,0.068806648,0.240522111,483007,483007,31,0.715704404,2,TRUE,0.454568327,0.581123742,50,0.318552256,0.246829927,11,"[10, 5]","[256, 128]",[256],6851187,bb5u25c1,304.4,trial_0397_learning_rate=5.0e-03_history=2_kernel_sizes=10x5_conv_channels=256x128_fc_dims=256_seed2,923a70dbe9,trial_0397_learning_rate=5.0e-03_history=2_kernel_sizes=10x5_conv_channels=256x128_fc_dims=256_seed2
/scratch/sb272/patterns5k_results/slurm_hist_cnn_2026-03-03_15-13-01/trial_0038_learning_rate=1.0e-04_history=1_kernel_sizes=20_conv_channels=256_fc_dims=256_seed1,cnn,0.156430085,0.220646886,0.058805249,-0.013568067,0.066578895,0.229741944,620351,620351,50,0.715494196,1,TRUE,0.454568327,0.6334636,55,0.318552256,0.232362509,9,[20],[256],[256],6842243,bb2u23c1,465.2,trial_0038_learning_rate=1.0e-04_history=1_kernel_sizes=20_conv_channels=256_fc_dims=256_seed1,c5cfdc28d6,trial_0038_learning_rate=1.0e-04_history=1_kernel_sizes=20_conv_channels=256_fc_dims=256_seed1
/scratch/sb272/patterns5k_results/slurm_hist_cnn_2026-03-03_15-13-01/trial_0222_learning_rate=1.0e-03_history=2_kernel_sizes=10x5_conv_channels=256x128_fc_dims=256_seed2,cnn,0.15535585,0.234251355,0.058508964,-0.002998373,0.082112007,0.23954759,483007,483007,28,0.715280464,2,TRUE,0.454568327,0.591038963,52,0.318552256,0.24598375,9,"[10, 5]","[256, 128]",[256],6842254,bb5u25c1,294.6,trial_0222_learning_rate=1.0e-03_history=2_kernel_sizes=10x5_conv_channels=256x128_fc_dims=256_seed2,fd6f0a0c63,trial_0222_learning_rate=1.0e-03_history=2_kernel_sizes=10x5_conv_channels=256x128_fc_dims=256_seed2
/scratch/sb272/patterns5k_results/slurm_hist_cnn_2026-03-03_15-13-01/trial_0320_learning_rate=5.0e-03_history=1_kernel_sizes=10x5_conv_channels=256x128_fc_dims=256_seed2,cnn,0.15289204,0.242458194,0.072261059,-0.015536673,0.054000165,0.248525415,483007,483007,31,0.715098073,1,TRUE,0.454568327,0.586743213,49,0.318552256,0.253802657,13,"[10, 5]","[256, 128]",[256],6842260,bc12u15n4,516.6,trial_0320_learning_rate=5.0e-03_history=1_kernel_sizes=10x5_conv_channels=256x128_fc_dims=256_seed2,205d13b15c,trial_0320_learning_rate=5.0e-03_history=1_kernel_sizes=10x5_conv_channels=256x128_fc_dims=256_seed2
/scratch/sb272/patterns5k_results/slurm_hist_cnn_2026-03-03_15-13-01/trial_0074_learning_rate=1.0e-04_history=1_kernel_sizes=10x3_conv_channels=256x128_fc_dims=256_seed0,cnn,0.154622383,0.232529486,0.061247334,-0.007095344,0.071848221,0.240889955,417471,417471,50,0.714953725,1,TRUE,0.454568327,0.604489277,52,0.318552256,0.243755296,9,"[10, 3]","[256, 128]",[256],6842245,bb3u23c1,415.5,trial_0074_learning_rate=1.0e-04_history=1_kernel_sizes=10x3_conv_channels=256x128_fc_dims=256_seed0,66a460ff0e,trial_0074_learning_rate=1.0e-04_history=1_kernel_sizes=10x3_conv_channels=256x128_fc_dims=256_seed0
/scratch/sb272/patterns5k_results/slurm_hist_cnn_2026-03-03_15-13-01/trial_0360_learning_rate=5.0e-03_history=2_kernel_sizes=20_conv_channels=256_fc_dims=256_seed1,cnn,0.15694559,0.225154889,0.063661242,-0.009321272,0.08307413,0.232737925,620351,620351,19,0.714834803,2,TRUE,0.454568327,0.600355783,55,0.318552256,0.237547338,8,[20],[256],[256],6850941,bb5u25c1,258.2,trial_0360_learning_rate=5.0e-03_history=2_kernel_sizes=20_conv_channels=256_fc_dims=256_seed1,d7a7afa8d2,trial_0360_learning_rate=5.0e-03_history=2_kernel_sizes=20_conv_channels=256_fc_dims=256_seed1
/scratch/sb272/patterns5k_results/slurm_hist_cnn_2026-03-03_15-13-01/trial_0003_learning_rate=1.0e-04_history=1_kernel_sizes=20_conv_channels=256_fc_dims=256_seed2,cnn,0.156589757,0.220339365,0.058705779,-0.014785009,0.063467383,0.225778021,620351,620351,50,0.7144449,1,TRUE,0.454568327,0.636981076,56,0.318552256,0.23248294,9,[20],[256],[256],6842241,bb2u15c1,613,trial_0003_learning_rate=1.0e-04_history=1_kernel_sizes=20_conv_channels=256_fc_dims=256_seed2,0b13b740fa,trial_0003_learning_rate=1.0e-04_history=1_kernel_sizes=20_conv_channels=256_fc_dims=256_seed2
/scratch/sb272/patterns5k_results/slurm_hist_cnn_2026-03-03_15-13-01/trial_0256_learning_rate=1.0e-03_history=2_kernel_sizes=10x3_conv_channels=256x128_fc_dims=256_seed1,cnn,0.155373974,0.234462022,0.06216547,-0.002801611,0.080664173,0.243270098,417471,417471,30,0.714404416,2,TRUE,0.454568327,0.592959166,53,0.318552256,0.245354816,9,"[10, 3]","[256, 128]",[256],6842256,bc12u13n4,599.9,trial_0256_learning_rate=1.0e-03_history=2_kernel_sizes=10x3_conv_channels=256x128_fc_dims=256_seed1,258d147b09,trial_0256_learning_rate=1.0e-03_history=2_kernel_sizes=10x3_conv_channels=256x128_fc_dims=256_seed1
/scratch/sb272/patterns5k_results/slurm_hist_cnn_2026-03-03_15-13-01/trial_0187_learning_rate=5.0e-04_history=2_kernel_sizes=10x5_conv_channels=256x128_fc_dims=256_seed1,cnn,0.155651989,0.230697993,0.060969147,-0.00552395,0.081051297,0.240593856,483007,483007,48,0.714042894,2,TRUE,0.454568327,0.596785216,53,0.318552256,0.242891476,8,"[10, 5]","[256, 128]",[256],6842252,bb5u23c1,413.2,trial_0187_learning_rate=5.0e-04_history=2_kernel_sizes=10x5_conv_channels=256x128_fc_dims=256_seed1,71fd6f8d9b,trial_0187_learning_rate=5.0e-04_history=2_kernel_sizes=10x5_conv_channels=256x128_fc_dims=256_seed1
/scratch/sb272/patterns5k_results/slurm_hist_cnn_2026-03-03_15-13-01/trial_0115_learning_rate=5.0e-04_history=2_kernel_sizes=20_conv_channels=256_fc_dims=256_seed2,cnn,0.157073148,0.221189761,0.060326764,-0.006017713,0.080048636,0.228600346,620351,620351,27,0.714019184,2,TRUE,0.454568327,0.627681512,56,0.318552256,0.233804882,8,[20],[256],[256],6842247,bb4u18c1,376.7,trial_0115_learning_rate=5.0e-04_history=2_kernel_sizes=20_conv_channels=256_fc_dims=256_seed2,7c4c4152ae,trial_0115_learning_rate=5.0e-04_history=2_kernel_sizes=20_conv_channels=256_fc_dims=256_seed2
/scratch/sb272/patterns5k_results/slurm_hist_cnn_2026-03-03_15-13-01/trial_0320_learning_rate=5.0e-03_history=1_kernel_sizes=10x5_conv_channels=256x128_fc_dims=256_seed0,cnn,0.152781128,0.24599491,0.069605456,-0.007525638,0.070109963,0.252093253,483007,483007,28,0.71361499,1,TRUE,0.454568327,0.58551869,51,0.318552256,0.257412851,13,"[10, 5]","[256, 128]",[256],6842260,bc12u15n4,494.1,trial_0320_learning_rate=5.0e-03_history=1_kernel_sizes=10x5_conv_channels=256x128_fc_dims=256_seed0,205d13b15c,trial_0320_learning_rate=5.0e-03_history=1_kernel_sizes=10x5_conv_channels=256x128_fc_dims=256_seed0
/scratch/sb272/patterns5k_results/slurm_hist_cnn_2026-03-03_15-13-01/trial_0003_learning_rate=1.0e-04_history=1_kernel_sizes=20_conv_channels=256_fc_dims=256_seed1,cnn,0.156639437,0.220469075,0.059019703,-0.015564986,0.06313391,0.229033884,620351,620351,48,0.713151178,1,TRUE,0.454568327,0.631078392,55,0.318552256,0.23172833,9,[20],[256],[256],6842241,bb2u15c1,633.8,trial_0003_learning_rate=1.0e-04_history=1_kernel_sizes=20_conv_channels=256_fc_dims=256_seed1,0b13b740fa,trial_0003_learning_rate=1.0e-04_history=1_kernel_sizes=20_conv_channels=256_fc_dims=256_seed1
/scratch/sb272/patterns5k_results/slurm_hist_cnn_2026-03-03_15-13-01/trial_0396_learning_rate=5.0e-03_history=2_kernel_sizes=10x3_conv_channels=256x128_fc_dims=256_seed1,cnn,0.154840185,0.237387206,0.068945872,-0.007658944,0.068628699,0.2449878,417471,417471,29,0.713032118,2,TRUE,0.454568327,0.582942146,52,0.318552256,0.248504609,10,"[10, 3]","[256, 128]",[256],6851187,bb5u25c1,284.4,trial_0396_learning_rate=5.0e-03_history=2_kernel_sizes=10x3_conv_channels=256x128_fc_dims=256_seed1,8b04c56e29,trial_0396_learning_rate=5.0e-03_history=2_kernel_sizes=10x3_conv_channels=256x128_fc_dims=256_seed1
/scratch/sb272/patterns5k_results/slurm_hist_cnn_2026-03-03_15-13-01/trial_0362_learning_rate=5.0e-03_history=2_kernel_sizes=10x5_conv_channels=256x128_fc_dims=256_seed0,cnn,0.154745195,0.23494405,0.067706548,-0.007801882,0.075181745,0.241984084,483007,483007,29,0.712912709,2,TRUE,0.454568327,0.579125783,49,0.318552256,0.24639751,9,"[10, 5]","[256, 128]",[256],6850941,bb5u25c1,298.2,trial_0362_learning_rate=5.0e-03_history=2_kernel_sizes=10x5_conv_channels=256x128_fc_dims=256_seed0,4d1ff99919,trial_0362_learning_rate=5.0e-03_history=2_kernel_sizes=10x5_conv_channels=256x128_fc_dims=256_seed0
/scratch/sb272/patterns5k_results/slurm_hist_cnn_2026-03-03_15-13-01/trial_0004_learning_rate=1.0e-04_history=1_kernel_sizes=10x3_conv_channels=256x128_fc_dims=256_seed0,cnn,0.155249576,0.231863863,0.058815337,-0.006112317,0.074262343,0.239874566,417471,417471,50,0.712848264,1,TRUE,0.454568327,0.602180312,52,0.318552256,0.243210256,9,"[10, 3]","[256, 128]",[256],6842241,bb2u15c1,542.4,trial_0004_learning_rate=1.0e-04_history=1_kernel_sizes=10x3_conv_channels=256x128_fc_dims=256_seed0,f3a55990b9,trial_0004_learning_rate=1.0e-04_history=1_kernel_sizes=10x3_conv_channels=256x128_fc_dims=256_seed0
/scratch/sb272/patterns5k_results/slurm_hist_cnn_2026-03-03_15-13-01/trial_0319_learning_rate=5.0e-03_history=1_kernel_sizes=10x3_conv_channels=256x128_fc_dims=256_seed1,cnn,0.153230601,0.244063722,0.070735801,-0.010369691,0.061268166,0.254128871,417471,417471,31,0.712509381,1,TRUE,0.454568327,0.591648364,52,0.318552256,0.25515765,13,"[10, 3]","[256, 128]",[256],6842260,bc12u15n4,492.8,trial_0319_learning_rate=5.0e-03_history=1_kernel_sizes=10x3_conv_channels=256x128_fc_dims=256_seed1,af2baa323a,trial_0319_learning_rate=5.0e-03_history=1_kernel_sizes=10x3_conv_channels=256x128_fc_dims=256_seed1
/scratch/sb272/patterns5k_results/slurm_hist_cnn_2026-03-03_15-13-01/trial_0186_learning_rate=5.0e-04_history=2_kernel_sizes=10x3_conv_channels=256x128_fc_dims=256_seed1,cnn,0.155756365,0.230548931,0.0601891,-0.004620537,0.079948783,0.239729391,417471,417471,50,0.712398722,2,TRUE,0.454568327,0.596753188,54,0.318552256,0.242499799,8,"[10, 3]","[256, 128]",[256],6842252,bb5u23c1,398.8,trial_0186_learning_rate=5.0e-04_history=2_kernel_sizes=10x3_conv_channels=256x128_fc_dims=256_seed1,5a6d615375,trial_0186_learning_rate=5.0e-04_history=2_kernel_sizes=10x3_conv_channels=256x128_fc_dims=256_seed1
/scratch/sb272/patterns5k_results/slurm_hist_cnn_2026-03-03_15-13-01/trial_0075_learning_rate=1.0e-04_history=1_kernel_sizes=10x5_conv_channels=256x128_fc_dims=256_seed2,cnn,0.15416227,0.233344557,0.06146204,-0.008841323,0.071719207,0.236137464,483007,483007,50,0.712353806,1,TRUE,0.454568327,0.599053648,52,0.318552256,0.244627818,10,"[10, 5]","[256, 128]",[256],6842245,bb3u23c1,451.1,trial_0075_learning_rate=1.0e-04_history=1_kernel_sizes=10x5_conv_channels=256x128_fc_dims=256_seed2,bf6e07f475,trial_0075_learning_rate=1.0e-04_history=1_kernel_sizes=10x5_conv_channels=256x128_fc_dims=256_seed2
/scratch/sb272/patterns5k_results/slurm_hist_cnn_2026-03-03_15-13-01/trial_0178_learning_rate=5.0e-04_history=1_kernel_sizes=20_conv_channels=256_fc_dims=256_seed0,cnn,0.155610418,0.227978505,0.060432231,-0.011653833,0.070482135,0.235584703,620351,620351,27,0.712111344,1,TRUE,0.454568327,0.633163005,56,0.318552256,0.240398005,9,[20],[256],[256],6842251,bb5u23c1,316.6,trial_0178_learning_rate=5.0e-04_history=1_kernel_sizes=20_conv_channels=256_fc_dims=256_seed0,cd77d032be,trial_0178_learning_rate=5.0e-04_history=1_kernel_sizes=20_conv_channels=256_fc_dims=256_seed0
/scratch/sb272/patterns5k_results/slurm_hist_cnn_2026-03-03_15-13-01/trial_0318_learning_rate=5.0e-03_history=1_kernel_sizes=20_conv_channels=256_fc_dims=256_seed2,cnn,0.155148249,0.229577257,0.062965346,-0.009681816,0.073758312,0.233784265,620351,620351,19,0.711944117,1,TRUE,0.454568327,0.602094488,51,0.318552256,0.241163239,9,[20],[256],[256],6842260,bc12u15n4,431,trial_0318_learning_rate=5.0e-03_history=1_kernel_sizes=20_conv_channels=256_fc_dims=256_seed2,9575ed80d0,trial_0318_learning_rate=5.0e-03_history=1_kernel_sizes=20_conv_channels=256_fc_dims=256_seed2
/scratch/sb272/patterns5k_results/slurm_hist_cnn_2026-03-03_15-13-01/trial_0257_learning_rate=1.0e-03_history=2_kernel_sizes=10x5_conv_channels=256x128_fc_dims=256_seed0,cnn,0.155177138,0.232178284,0.064061266,-0.006841046,0.07677117,0.242004133,483007,483007,34,0.711657964,2,TRUE,0.454568327,0.588847763,52,0.318552256,0.24340719,9,"[10, 5]","[256, 128]",[256],6842256,bc12u13n4,658.7,trial_0257_learning_rate=1.0e-03_history=2_kernel_sizes=10x5_conv_channels=256x128_fc_dims=256_seed0,7f6dcaef7a,trial_0257_learning_rate=1.0e-03_history=2_kernel_sizes=10x5_conv_channels=256x128_fc_dims=256_seed0
/scratch/sb272/patterns5k_results/slurm_hist_cnn_2026-03-03_15-13-01/trial_0355_learning_rate=5.0e-03_history=1_kernel_sizes=10x5_conv_channels=256x128_fc_dims=256_seed2,cnn,0.151972279,0.245034858,0.073171772,-0.010371599,0.06589824,0.247168571,483007,483007,25,0.711128204,1,TRUE,0.454568327,0.583488204,51,0.318552256,0.256076038,13,"[10, 5]","[256, 128]",[256],6850941,bb5u25c1,272.9,trial_0355_learning_rate=5.0e-03_history=1_kernel_sizes=10x5_conv_channels=256x128_fc_dims=256_seed2,cbe262ef2d,trial_0355_learning_rate=5.0e-03_history=1_kernel_sizes=10x5_conv_channels=256x128_fc_dims=256_seed2
/scratch/sb272/patterns5k_results/slurm_hist_cnn_2026-03-03_15-13-01/trial_0080_learning_rate=1.0e-04_history=2_kernel_sizes=20_conv_channels=256_fc_dims=256_seed2,cnn,0.157987764,0.21527147,0.055645184,-0.00993476,0.069965735,0.221982449,620351,620351,50,0.710605798,2,TRUE,0.454568327,0.6298592,56,0.318552256,0.227391347,6,[20],[256],[256],6842245,bb3u23c1,502.5,trial_0080_learning_rate=1.0e-04_history=2_kernel_sizes=20_conv_channels=256_fc_dims=256_seed2,332480b6be,trial_0080_learning_rate=1.0e-04_history=2_kernel_sizes=20_conv_channels=256_fc_dims=256_seed2
/scratch/sb272/patterns5k_results/slurm_hist_cnn_2026-03-03_15-13-01/trial_0039_learning_rate=1.0e-04_history=1_kernel_sizes=10x3_conv_channels=256x128_fc_dims=256_seed1,cnn,0.154856173,0.230282617,0.059082768,-0.006918575,0.071893483,0.238888225,417471,417471,50,0.710193145,1,TRUE,0.454568327,0.598913645,51,0.318552256,0.241254002,10,"[10, 3]","[256, 128]",[256],6842243,bb2u23c1,498.8,trial_0039_learning_rate=1.0e-04_history=1_kernel_sizes=10x3_conv_channels=256x128_fc_dims=256_seed1,328a5b9389,trial_0039_learning_rate=1.0e-04_history=1_kernel_sizes=10x3_conv_channels=256x128_fc_dims=256_seed1
/scratch/sb272/patterns5k_results/slurm_hist_cnn_2026-03-03_15-13-01/trial_0362_learning_rate=5.0e-03_history=2_kernel_sizes=10x5_conv_channels=256x128_fc_dims=256_seed1,cnn,0.154244595,0.236740319,0.069019985,-0.005700398,0.073779926,0.243745053,483007,483007,29,0.710109008,2,TRUE,0.454568327,0.575065797,50,0.318552256,0.248281121,10,"[10, 5]","[256, 128]",[256],6850941,bb5u25c1,302.7,trial_0362_learning_rate=5.0e-03_history=2_kernel_sizes=10x5_conv_channels=256x128_fc_dims=256_seed1,4d1ff99919,trial_0362_learning_rate=5.0e-03_history=2_kernel_sizes=10x5_conv_channels=256x128_fc_dims=256_seed1
/scratch/sb272/patterns5k_results/slurm_hist_cnn_2026-03-03_15-13-01/trial_0039_learning_rate=1.0e-04_history=1_kernel_sizes=10x3_conv_channels=256x128_fc_dims=256_seed2,cnn,0.154851193,0.230896673,0.058673365,-0.006554165,0.074690253,0.234951945,417471,417471,50,0.710098523,1,TRUE,0.454568327,0.600049117,51,0.318552256,0.24209027,9,"[10, 3]","[256, 128]",[256],6842243,bb2u23c1,503.8,trial_0039_learning_rate=1.0e-04_history=1_kernel_sizes=10x3_conv_channels=256x128_fc_dims=256_seed2,328a5b9389,trial_0039_learning_rate=1.0e-04_history=1_kernel_sizes=10x3_conv_channels=256x128_fc_dims=256_seed2
/scratch/sb272/patterns5k_results/slurm_hist_cnn_2026-03-03_15-13-01/trial_0388_learning_rate=5.0e-03_history=1_kernel_sizes=20_conv_channels=256_fc_dims=256_seed2,cnn,0.155209847,0.2301865,0.060879759,-0.005398727,0.077967174,0.234875684,620351,620351,18,0.710002004,1,TRUE,0.454568327,0.602023819,51,0.318552256,0.242745146,10,[20],[256],[256],6851187,bb5u25c1,254.4,trial_0388_learning_rate=5.0e-03_history=1_kernel_sizes=20_conv_channels=256_fc_dims=256_seed2,eee452bacf,trial_0388_learning_rate=5.0e-03_history=1_kernel_sizes=20_conv_channels=256_fc_dims=256_seed2
/scratch/sb272/patterns5k_results/slurm_hist_cnn_2026-03-03_15-13-01/trial_0073_learning_rate=1.0e-04_history=1_kernel_sizes=20_conv_channels=256_fc_dims=256_seed1,cnn,0.156274938,0.220750891,0.060268928,-0.013123099,0.066733882,0.230399935,620351,620351,50,0.70969151,1,TRUE,0.454568327,0.634190437,55,0.318552256,0.232924283,10,[20],[256],[256],6842245,bb3u23c1,490.4,trial_0073_learning_rate=1.0e-04_history=1_kernel_sizes=20_conv_channels=256_fc_dims=256_seed1,22f1e6fe77,trial_0073_learning_rate=1.0e-04_history=1_kernel_sizes=20_conv_channels=256_fc_dims=256_seed1
/scratch/sb272/patterns5k_results/slurm_hist_cnn_2026-03-03_15-13-01/trial_0257_learning_rate=1.0e-03_history=2_kernel_sizes=10x5_conv_channels=256x128_fc_dims=256_seed1,cnn,0.155928864,0.232167207,0.055918403,-0.004916706,0.077363923,0.241848397,483007,483007,32,0.709517554,2,TRUE,0.454568327,0.590626158,51,0.318552256,0.243725598,9,"[10, 5]","[256, 128]",[256],6842256,bc12u13n4,636.4,trial_0257_learning_rate=1.0e-03_history=2_kernel_sizes=10x5_conv_channels=256x128_fc_dims=256_seed1,7f6dcaef7a,trial_0257_learning_rate=1.0e-03_history=2_kernel_sizes=10x5_conv_channels=256x128_fc_dims=256_seed1
/scratch/sb272/patterns5k_results/slurm_hist_cnn_2026-03-03_15-13-01/trial_0389_learning_rate=5.0e-03_history=1_kernel_sizes=10x3_conv_channels=256x128_fc_dims=256_seed1,cnn,0.152704319,0.244401732,0.07031551,-0.00765541,0.068635575,0.253070379,417471,417471,26,0.709166146,1,TRUE,0.454568327,0.589614635,51,0.318552256,0.25557819,13,"[10, 3]","[256, 128]",[256],6851187,bb5u25c1,261.5,trial_0389_learning_rate=5.0e-03_history=1_kernel_sizes=10x3_conv_channels=256x128_fc_dims=256_seed1,f55a317c19,trial_0389_learning_rate=5.0e-03_history=1_kernel_sizes=10x3_conv_channels=256x128_fc_dims=256_seed1
/scratch/sb272/patterns5k_results/slurm_hist_cnn_2026-03-03_15-13-01/trial_0388_learning_rate=5.0e-03_history=1_kernel_sizes=20_conv_channels=256_fc_dims=256_seed1,cnn,0.154866148,0.230295175,0.064374868,-0.009175108,0.076210871,0.237631509,620351,620351,19,0.709094552,1,TRUE,0.454568327,0.598534149,52,0.318552256,0.242455393,10,[20],[256],[256],6851187,bb5u25c1,260.2,trial_0388_learning_rate=5.0e-03_history=1_kernel_sizes=20_conv_channels=256_fc_dims=256_seed1,eee452bacf,trial_0388_learning_rate=5.0e-03_history=1_kernel_sizes=20_conv_channels=256_fc_dims=256_seed1
/scratch/sb272/patterns5k_results/slurm_hist_cnn_2026-03-03_15-13-01/trial_0045_learning_rate=1.0e-04_history=2_kernel_sizes=20_conv_channels=256_fc_dims=256_seed0,cnn,0.158286571,0.214654794,0.054258497,-0.009495853,0.074614614,0.223877655,620351,620351,50,0.708400624,2,TRUE,0.454568327,0.62618496,56,0.318552256,0.225851834,6,[20],[256],[256],6842243,bb2u23c1,538,trial_0045_learning_rate=1.0e-04_history=2_kernel_sizes=20_conv_channels=256_fc_dims=256_seed0,cd82092c88,trial_0045_learning_rate=1.0e-04_history=2_kernel_sizes=20_conv_channels=256_fc_dims=256_seed0
/scratch/sb272/patterns5k_results/slurm_hist_cnn_2026-03-03_15-13-01/trial_0187_learning_rate=5.0e-04_history=2_kernel_sizes=10x5_conv_channels=256x128_fc_dims=256_seed0,cnn,0.156298658,0.230283074,0.055285612,-0.003780878,0.08109571,0.239120013,483007,483007,33,0.708336173,2,TRUE,0.454568327,0.589737921,52,0.318552256,0.241958186,8,"[10, 5]","[256, 128]",[256],6842252,bb5u23c1,327.8,trial_0187_learning_rate=5.0e-04_history=2_kernel_sizes=10x5_conv_channels=256x128_fc_dims=256_seed0,71fd6f8d9b,trial_0187_learning_rate=5.0e-04_history=2_kernel_sizes=10x5_conv_channels=256x128_fc_dims=256_seed0
/scratch/sb272/patterns5k_results/slurm_hist_cnn_2026-03-03_15-13-01/trial_0045_learning_rate=1.0e-04_history=2_kernel_sizes=20_conv_channels=256_fc_dims=256_seed1,cnn,0.157827207,0.214692315,0.05638202,-0.009278326,0.074391425,0.224271118,620351,620351,50,0.707701829,2,TRUE,0.454568327,0.626132238,55,0.318552256,0.226514652,6,[20],[256],[256],6842243,bb2u23c1,556.2,trial_0045_learning_rate=1.0e-04_history=2_kernel_sizes=20_conv_channels=256_fc_dims=256_seed1,cd82092c88,trial_0045_learning_rate=1.0e-04_history=2_kernel_sizes=20_conv_channels=256_fc_dims=256_seed1
/scratch/sb272/patterns5k_results/slurm_hist_cnn_2026-03-03_15-13-01/trial_0005_learning_rate=1.0e-04_history=1_kernel_sizes=10x5_conv_channels=256x128_fc_dims=256_seed1,cnn,0.154697619,0.232218334,0.059491825,-0.006922356,0.0731856,0.238657013,483007,483007,50,0.707519773,1,TRUE,0.454568327,0.596319586,53,0.318552256,0.243656591,9,"[10, 5]","[256, 128]",[256],6842241,bb2u15c1,572.6,trial_0005_learning_rate=1.0e-04_history=1_kernel_sizes=10x5_conv_channels=256x128_fc_dims=256_seed1,fd9ff36de4,trial_0005_learning_rate=1.0e-04_history=1_kernel_sizes=10x5_conv_channels=256x128_fc_dims=256_seed1
/scratch/sb272/patterns5k_results/slurm_hist_cnn_2026-03-03_15-13-01/trial_0353_learning_rate=5.0e-03_history=1_kernel_sizes=20_conv_channels=256_fc_dims=256_seed0,cnn,0.154787461,0.23074842,0.064932064,-0.006544827,0.080785818,0.237685616,620351,620351,19,0.707183294,1,TRUE,0.454568327,0.602893002,51,0.318552256,0.243578807,11,[20],[256],[256],6850941,bb5u25c1,253.2,trial_0353_learning_rate=5.0e-03_history=1_kernel_sizes=20_conv_channels=256_fc_dims=256_seed0,30d21b1a03,trial_0353_learning_rate=5.0e-03_history=1_kernel_sizes=20_conv_channels=256_fc_dims=256_seed0
/scratch/sb272/patterns5k_results/slurm_hist_cnn_2026-03-03_15-13-01/trial_0388_learning_rate=5.0e-03_history=1_kernel_sizes=20_conv_channels=256_fc_dims=256_seed0,cnn,0.154958473,0.229326275,0.062143026,-0.004518822,0.078727052,0.236400892,620351,620351,19,0.706998498,1,TRUE,0.454568327,0.604282635,49,0.318552256,0.241482452,11,[20],[256],[256],6851187,bb5u25c1,260.6,trial_0388_learning_rate=5.0e-03_history=1_kernel_sizes=20_conv_channels=256_fc_dims=256_seed0,eee452bacf,trial_0388_learning_rate=5.0e-03_history=1_kernel_sizes=20_conv_channels=256_fc_dims=256_seed0
/scratch/sb272/patterns5k_results/slurm_hist_cnn_2026-03-03_15-13-01/trial_0004_learning_rate=1.0e-04_history=1_kernel_sizes=10x3_conv_channels=256x128_fc_dims=256_seed2,cnn,0.154675314,0.232084844,0.060167338,-0.007971854,0.072053872,0.236320335,417471,417471,50,0.706740332,1,TRUE,0.454568327,0.596509097,50,0.318552256,0.243117422,9,"[10, 3]","[256, 128]",[256],6842241,bb2u15c1,548.2,trial_0004_learning_rate=1.0e-04_history=1_kernel_sizes=10x3_conv_channels=256x128_fc_dims=256_seed2,f3a55990b9,trial_0004_learning_rate=1.0e-04_history=1_kernel_sizes=10x3_conv_channels=256x128_fc_dims=256_seed2
/scratch/sb272/patterns5k_results/slurm_hist_cnn_2026-03-03_15-13-01/trial_0080_learning_rate=1.0e-04_history=2_kernel_sizes=20_conv_channels=256_fc_dims=256_seed1,cnn,0.157964734,0.21525421,0.056911256,-0.012072739,0.067527756,0.2246545,620351,620351,50,0.706683292,2,TRUE,0.454568327,0.627043947,55,0.318552256,0.227082044,6,[20],[256],[256],6842245,bb3u23c1,505.8,trial_0080_learning_rate=1.0e-04_history=2_kernel_sizes=20_conv_channels=256_fc_dims=256_seed1,332480b6be,trial_0080_learning_rate=1.0e-04_history=2_kernel_sizes=20_conv_channels=256_fc_dims=256_seed1
/scratch/sb272/patterns5k_results/slurm_hist_cnn_2026-03-03_15-13-01/trial_0353_learning_rate=5.0e-03_history=1_kernel_sizes=20_conv_channels=256_fc_dims=256_seed1,cnn,0.154802343,0.228996551,0.065863267,-0.009859108,0.080116585,0.236804494,620351,620351,18,0.706654568,1,TRUE,0.454568327,0.597881296,50,0.318552256,0.241869971,10,[20],[256],[256],6850941,bb5u25c1,256.4,trial_0353_learning_rate=5.0e-03_history=1_kernel_sizes=20_conv_channels=256_fc_dims=256_seed1,30d21b1a03,trial_0353_learning_rate=5.0e-03_history=1_kernel_sizes=20_conv_channels=256_fc_dims=256_seed1
/scratch/sb272/patterns5k_results/slurm_hist_cnn_2026-03-03_15-13-01/trial_0004_learning_rate=1.0e-04_history=1_kernel_sizes=10x3_conv_channels=256x128_fc_dims=256_seed1,cnn,0.155315271,0.232099687,0.057708553,-0.006999505,0.070909761,0.240426705,417471,417471,50,0.705873032,1,TRUE,0.454568327,0.600904947,51,0.318552256,0.243474916,10,"[10, 3]","[256, 128]",[256],6842241,bb2u15c1,529.9,trial_0004_learning_rate=1.0e-04_history=1_kernel_sizes=10x3_conv_channels=256x128_fc_dims=256_seed1,f3a55990b9,trial_0004_learning_rate=1.0e-04_history=1_kernel_sizes=10x3_conv_channels=256x128_fc_dims=256_seed1
/scratch/sb272/patterns5k_results/slurm_hist_cnn_2026-03-03_15-13-01/trial_0074_learning_rate=1.0e-04_history=1_kernel_sizes=10x3_conv_channels=256x128_fc_dims=256_seed2,cnn,0.154678566,0.232890207,0.061638443,-0.008920902,0.069560975,0.237373829,417471,417471,50,0.705636097,1,TRUE,0.454568327,0.599994532,50,0.318552256,0.243912265,9,"[10, 3]","[256, 128]",[256],6842245,bb3u23c1,414.5,trial_0074_learning_rate=1.0e-04_history=1_kernel_sizes=10x3_conv_channels=256x128_fc_dims=256_seed2,66a460ff0e,trial_0074_learning_rate=1.0e-04_history=1_kernel_sizes=10x3_conv_channels=256x128_fc_dims=256_seed2
/scratch/sb272/patterns5k_results/slurm_hist_cnn_2026-03-03_15-13-01/trial_0360_learning_rate=5.0e-03_history=2_kernel_sizes=20_conv_channels=256_fc_dims=256_seed0,cnn,0.156388898,0.222428094,0.060767211,-0.004214256,0.082236983,0.22961418,620351,620351,19,0.705565452,2,TRUE,0.454568327,0.591197443,53,0.318552256,0.23445794,8,[20],[256],[256],6850941,bb5u25c1,253.5,trial_0360_learning_rate=5.0e-03_history=2_kernel_sizes=20_conv_channels=256_fc_dims=256_seed0,d7a7afa8d2,trial_0360_learning_rate=5.0e-03_history=2_kernel_sizes=20_conv_channels=256_fc_dims=256_seed0
/scratch/sb272/patterns5k_results/slurm_hist_cnn_2026-03-03_15-13-01/trial_0010_learning_rate=1.0e-04_history=2_kernel_sizes=20_conv_channels=256_fc_dims=256_seed1,cnn,0.158208693,0.213521777,0.055062516,-0.011715358,0.068167135,0.222945253,620351,620351,50,0.705235351,2,TRUE,0.454568327,0.623923463,54,0.318552256,0.224803194,6,[20],[256],[256],6842241,bb2u15c1,596,trial_0010_learning_rate=1.0e-04_history=2_kernel_sizes=20_conv_channels=256_fc_dims=256_seed1,f30942d159,trial_0010_learning_rate=1.0e-04_history=2_kernel_sizes=20_conv_channels=256_fc_dims=256_seed1
/scratch/sb272/patterns5k_results/slurm_hist_cnn_2026-03-03_15-13-01/trial_0074_learning_rate=1.0e-04_history=1_kernel_sizes=10x3_conv_channels=256x128_fc_dims=256_seed1,cnn,0.15552667,0.232165646,0.057055615,-0.004823062,0.074008793,0.241154938,417471,417471,50,0.70491452,1,TRUE,0.454568327,0.59975697,51,0.318552256,0.243322507,9,"[10, 3]","[256, 128]",[256],6842245,bb3u23c1,416.2,trial_0074_learning_rate=1.0e-04_history=1_kernel_sizes=10x3_conv_channels=256x128_fc_dims=256_seed1,66a460ff0e,trial_0074_learning_rate=1.0e-04_history=1_kernel_sizes=10x3_conv_channels=256x128_fc_dims=256_seed1
/scratch/sb272/patterns5k_results/slurm_hist_cnn_2026-03-03_15-13-01/trial_0397_learning_rate=5.0e-03_history=2_kernel_sizes=10x5_conv_channels=256x128_fc_dims=256_seed1,cnn,0.154496695,0.234466424,0.066862662,-0.006414389,0.073570669,0.2425058,483007,483007,28,0.704261304,2,TRUE,0.454568327,0.573855402,49,0.318552256,0.245358273,11,"[10, 5]","[256, 128]",[256],6851187,bb5u25c1,291.7,trial_0397_learning_rate=5.0e-03_history=2_kernel_sizes=10x5_conv_channels=256x128_fc_dims=256_seed1,923a70dbe9,trial_0397_learning_rate=5.0e-03_history=2_kernel_sizes=10x5_conv_channels=256x128_fc_dims=256_seed1
/scratch/sb272/patterns5k_results/slurm_hist_cnn_2026-03-03_15-13-01/trial_0011_learning_rate=1.0e-04_history=2_kernel_sizes=10x3_conv_channels=256x128_fc_dims=256_seed0,cnn,0.15659703,0.222931352,0.056740568,-0.003875566,0.078356892,0.228846429,417471,417471,50,0.704070673,2,TRUE,0.454568327,0.585893144,51,0.318552256,0.233947769,6,"[10, 3]","[256, 128]",[256],6842241,bb2u15c1,491.1,trial_0011_learning_rate=1.0e-04_history=2_kernel_sizes=10x3_conv_channels=256x128_fc_dims=256_seed0,e018dc4919,trial_0011_learning_rate=1.0e-04_history=2_kernel_sizes=10x3_conv_channels=256x128_fc_dims=256_seed0
/scratch/sb272/patterns5k_results/slurm_hist_cnn_2026-03-03_15-13-01/trial_0080_learning_rate=1.0e-04_history=2_kernel_sizes=20_conv_channels=256_fc_dims=256_seed0,cnn,0.157904255,0.215321737,0.056603372,-0.010681936,0.071605206,0.223571735,620351,620351,50,0.703647403,2,TRUE,0.454568327,0.623569685,56,0.318552256,0.226797447,7,[20],[256],[256],6842245,bb3u23c1,506,trial_0080_learning_rate=1.0e-04_history=2_kernel_sizes=20_conv_channels=256_fc_dims=256_seed0,332480b6be,trial_0080_learning_rate=1.0e-04_history=2_kernel_sizes=20_conv_channels=256_fc_dims=256_seed0
/scratch/sb272/patterns5k_results/slurm_hist_cnn_2026-03-03_15-13-01/trial_0010_learning_rate=1.0e-04_history=2_kernel_sizes=20_conv_channels=256_fc_dims=256_seed2,cnn,0.157851298,0.215365288,0.05656858,-0.009795217,0.071851417,0.221532808,620351,620351,50,0.703501019,2,TRUE,0.454568327,0.622869201,54,0.318552256,0.226709142,6,[20],[256],[256],6842241,bb2u15c1,620.5,trial_0010_learning_rate=1.0e-04_history=2_kernel_sizes=20_conv_channels=256_fc_dims=256_seed2,f30942d159,trial_0010_learning_rate=1.0e-04_history=2_kernel_sizes=20_conv_channels=256_fc_dims=256_seed2
/scratch/sb272/patterns5k_results/slurm_hist_cnn_2026-03-03_15-13-01/trial_0360_learning_rate=5.0e-03_history=2_kernel_sizes=20_conv_channels=256_fc_dims=256_seed2,cnn,0.156467093,0.221990594,0.062029881,-0.004929953,0.08977937,0.228959986,620351,620351,19,0.703448649,2,TRUE,0.454568327,0.590923764,51,0.318552256,0.234968945,8,[20],[256],[256],6850941,bb5u25c1,259.5,trial_0360_learning_rate=5.0e-03_history=2_kernel_sizes=20_conv_channels=256_fc_dims=256_seed2,d7a7afa8d2,trial_0360_learning_rate=5.0e-03_history=2_kernel_sizes=20_conv_channels=256_fc_dims=256_seed2
/scratch/sb272/patterns5k_results/slurm_hist_cnn_2026-03-03_15-13-01/trial_0353_learning_rate=5.0e-03_history=1_kernel_sizes=20_conv_channels=256_fc_dims=256_seed2,cnn,0.154743647,0.228523692,0.065552786,-0.008484559,0.078285448,0.233803291,620351,620351,19,0.70328202,1,TRUE,0.454568327,0.600897009,51,0.318552256,0.240436509,9,[20],[256],[256],6850941,bb5u25c1,258.8,trial_0353_learning_rate=5.0e-03_history=1_kernel_sizes=20_conv_channels=256_fc_dims=256_seed2,30d21b1a03,trial_0353_learning_rate=5.0e-03_history=1_kernel_sizes=20_conv_channels=256_fc_dims=256_seed2
/scratch/sb272/patterns5k_results/slurm_hist_cnn_2026-03-03_15-13-01/trial_0045_learning_rate=1.0e-04_history=2_kernel_sizes=20_conv_channels=256_fc_dims=256_seed2,cnn,0.157881773,0.216727439,0.057180136,-0.010021091,0.072957687,0.221308529,620351,620351,50,0.702507814,2,TRUE,0.454568327,0.622788076,56,0.318552256,0.228956684,5,[20],[256],[256],6842243,bb2u23c1,614.9,trial_0045_learning_rate=1.0e-04_history=2_kernel_sizes=20_conv_channels=256_fc_dims=256_seed2,cd82092c88,trial_0045_learning_rate=1.0e-04_history=2_kernel_sizes=20_conv_channels=256_fc_dims=256_seed2
/scratch/sb272/patterns5k_results/slurm_hist_cnn_2026-03-03_15-13-01/trial_0010_learning_rate=1.0e-04_history=2_kernel_sizes=20_conv_channels=256_fc_dims=256_seed0,cnn,0.157964461,0.214642734,0.055483672,-0.010265662,0.071314201,0.225215942,620351,620351,50,0.702480735,2,TRUE,0.454568327,0.623878193,55,0.318552256,0.22636722,6,[20],[256],[256],6842241,bb2u15c1,587.4,trial_0010_learning_rate=1.0e-04_history=2_kernel_sizes=20_conv_channels=256_fc_dims=256_seed0,f30942d159,trial_0010_learning_rate=1.0e-04_history=2_kernel_sizes=20_conv_channels=256_fc_dims=256_seed0
/scratch/sb272/patterns5k_results/slurm_hist_cnn_2026-03-03_15-13-01/trial_0396_learning_rate=5.0e-03_history=2_kernel_sizes=10x3_conv_channels=256x128_fc_dims=256_seed2,cnn,0.155160366,0.234452053,0.06415286,-0.001447539,0.079719052,0.240476302,417471,417471,26,0.702024299,2,TRUE,0.454568327,0.574428116,49,0.318552256,0.245686561,11,"[10, 3]","[256, 128]",[256],6851187,bb5u25c1,264.9,trial_0396_learning_rate=5.0e-03_history=2_kernel_sizes=10x3_conv_channels=256x128_fc_dims=256_seed2,8b04c56e29,trial_0396_learning_rate=5.0e-03_history=2_kernel_sizes=10x3_conv_channels=256x128_fc_dims=256_seed2
/scratch/sb272/patterns5k_results/slurm_hist_cnn_2026-03-03_15-13-01/trial_0395_learning_rate=5.0e-03_history=2_kernel_sizes=20_conv_channels=256_fc_dims=256_seed0,cnn,0.156402769,0.222015122,0.061586364,-0.002784137,0.086469986,0.229334201,620351,620351,19,0.701837424,2,TRUE,0.454568327,0.589948469,50,0.318552256,0.234652728,8,[20],[256],[256],6851187,bb5u25c1,261.1,trial_0395_learning_rate=5.0e-03_history=2_kernel_sizes=20_conv_channels=256_fc_dims=256_seed0,41bd986bb3,trial_0395_learning_rate=5.0e-03_history=2_kernel_sizes=20_conv_channels=256_fc_dims=256_seed0
/scratch/sb272/patterns5k_results/slurm_hist_cnn_2026-03-03_15-13-01/trial_0047_learning_rate=1.0e-04_history=2_kernel_sizes=10x5_conv_channels=256x128_fc_dims=256_seed1,cnn,0.156963012,0.221894664,0.052999831,-0.002341213,0.081348784,0.230216514,483007,483007,50,0.701607588,2,TRUE,0.454568327,0.584299714,49,0.318552256,0.233772919,8,"[10, 5]","[256, 128]",[256],6842243,bb2u23c1,519.1,trial_0047_learning_rate=1.0e-04_history=2_kernel_sizes=10x5_conv_channels=256x128_fc_dims=256_seed1,4798e6dddb,trial_0047_learning_rate=1.0e-04_history=2_kernel_sizes=10x5_conv_channels=256x128_fc_dims=256_seed1
/scratch/sb272/patterns5k_results/slurm_hist_cnn_2026-03-03_15-13-01/trial_0040_learning_rate=1.0e-04_history=1_kernel_sizes=10x5_conv_channels=256x128_fc_dims=256_seed0,cnn,0.155025047,0.231840341,0.058311959,-0.006020692,0.074713983,0.236909771,483007,483007,50,0.701552942,1,TRUE,0.454568327,0.593442446,50,0.318552256,0.243028238,11,"[10, 5]","[256, 128]",[256],6842243,bb2u23c1,516,trial_0040_learning_rate=1.0e-04_history=1_kernel_sizes=10x5_conv_channels=256x128_fc_dims=256_seed0,99ee0fe25b,trial_0040_learning_rate=1.0e-04_history=1_kernel_sizes=10x5_conv_channels=256x128_fc_dims=256_seed0
/scratch/sb272/patterns5k_results/slurm_hist_cnn_2026-03-03_15-13-01/trial_0073_learning_rate=1.0e-04_history=1_kernel_sizes=20_conv_channels=256_fc_dims=256_seed0,cnn,0.156638233,0.220003271,0.058734709,-0.012223418,0.068474419,0.22786598,620351,620351,50,0.701500423,1,TRUE,0.454568327,0.631213373,53,0.318552256,0.231718749,8,[20],[256],[256],6842245,bb3u23c1,485.9,trial_0073_learning_rate=1.0e-04_history=1_kernel_sizes=20_conv_channels=256_fc_dims=256_seed0,22f1e6fe77,trial_0073_learning_rate=1.0e-04_history=1_kernel_sizes=20_conv_channels=256_fc_dims=256_seed0
/scratch/sb272/patterns5k_results/slurm_hist_cnn_2026-03-03_15-13-01/trial_0395_learning_rate=5.0e-03_history=2_kernel_sizes=20_conv_channels=256_fc_dims=256_seed1,cnn,0.156887014,0.222303466,0.062459373,-0.007847016,0.079791963,0.231643872,620351,620351,20,0.70143456,2,TRUE,0.454568327,0.594883709,50,0.318552256,0.234434888,8,[20],[256],[256],6851187,bb5u25c1,270.3,trial_0395_learning_rate=5.0e-03_history=2_kernel_sizes=20_conv_channels=256_fc_dims=256_seed1,41bd986bb3,trial_0395_learning_rate=5.0e-03_history=2_kernel_sizes=20_conv_channels=256_fc_dims=256_seed1
/scratch/sb272/patterns5k_results/slurm_hist_cnn_2026-03-03_15-13-01/trial_0221_learning_rate=1.0e-03_history=2_kernel_sizes=10x3_conv_channels=256x128_fc_dims=256_seed0,cnn,0.155818529,0.231821336,0.060591456,-0.001796177,0.081858128,0.24142347,417471,417471,31,0.701066735,2,TRUE,0.454568327,0.585588507,53,0.318552256,0.24379006,10,"[10, 3]","[256, 128]",[256],6842254,bb5u25c1,288.5,trial_0221_learning_rate=1.0e-03_history=2_kernel_sizes=10x3_conv_channels=256x128_fc_dims=256_seed0,db98239046,trial_0221_learning_rate=1.0e-03_history=2_kernel_sizes=10x3_conv_channels=256x128_fc_dims=256_seed0
/scratch/sb272/patterns5k_results/slurm_hist_cnn_2026-03-03_15-13-01/trial_0397_learning_rate=5.0e-03_history=2_kernel_sizes=10x5_conv_channels=256x128_fc_dims=256_seed0,cnn,0.154299832,0.236475988,0.068136112,-0.004760316,0.07279145,0.24353482,483007,483007,27,0.700777788,2,TRUE,0.454568327,0.573801763,49,0.318552256,0.247996077,11,"[10, 5]","[256, 128]",[256],6851187,bb5u25c1,284.6,trial_0397_learning_rate=5.0e-03_history=2_kernel_sizes=10x5_conv_channels=256x128_fc_dims=256_seed0,923a70dbe9,trial_0397_learning_rate=5.0e-03_history=2_kernel_sizes=10x5_conv_channels=256x128_fc_dims=256_seed0
/scratch/sb272/patterns5k_results/slurm_hist_cnn_2026-03-03_15-13-01/trial_0075_learning_rate=1.0e-04_history=1_kernel_sizes=10x5_conv_channels=256x128_fc_dims=256_seed0,cnn,0.154956651,0.23016971,0.057842278,-0.007986076,0.071242683,0.237152199,483007,483007,50,0.699996718,1,TRUE,0.454568327,0.591972952,50,0.318552256,0.241909057,10,"[10, 5]","[256, 128]",[256],6842245,bb3u23c1,447.6,trial_0075_learning_rate=1.0e-04_history=1_kernel_sizes=10x5_conv_channels=256x128_fc_dims=256_seed0,bf6e07f475,trial_0075_learning_rate=1.0e-04_history=1_kernel_sizes=10x5_conv_channels=256x128_fc_dims=256_seed0
/scratch/sb272/patterns5k_results/slurm_hist_cnn_2026-03-03_15-13-01/trial_0391_learning_rate=5.0e-03_history=1_kernel_sizes=10x5x3_conv_channels=256x128x64_fc_dims=256_seed0,cnn,0.154389958,0.236479402,0.068037507,-0.02019021,0.051633473,0.242098538,491391,491391,50,0.699293087,1,TRUE,0.454568327,0.563164272,47,0.318552256,0.247209862,12,"[10, 5, 3]","[256, 128, 64]",[256],6851187,bb5u25c1,425.5,trial_0391_learning_rate=5.0e-03_history=1_kernel_sizes=10x5x3_conv_channels=256x128x64_fc_dims=256_seed0,fe230743bd,trial_0391_learning_rate=5.0e-03_history=1_kernel_sizes=10x5x3_conv_channels=256x128x64_fc_dims=256_seed0
/scratch/sb272/patterns5k_results/slurm_hist_cnn_2026-03-03_15-13-01/trial_0047_learning_rate=1.0e-04_history=2_kernel_sizes=10x5_conv_channels=256x128_fc_dims=256_seed0,cnn,0.156711797,0.222658292,0.05436915,-0.001750773,0.087320678,0.2285594,483007,483007,50,0.69904892,2,TRUE,0.454568327,0.581372825,51,0.318552256,0.234156191,7,"[10, 5]","[256, 128]",[256],6842243,bb2u23c1,495.4,trial_0047_learning_rate=1.0e-04_history=2_kernel_sizes=10x5_conv_channels=256x128_fc_dims=256_seed0,4798e6dddb,trial_0047_learning_rate=1.0e-04_history=2_kernel_sizes=10x5_conv_channels=256x128_fc_dims=256_seed0
/scratch/sb272/patterns5k_results/slurm_hist_cnn_2026-03-03_15-13-01/trial_0038_learning_rate=1.0e-04_history=1_kernel_sizes=20_conv_channels=256_fc_dims=256_seed2,cnn,0.156314673,0.219410046,0.058740169,-0.013027679,0.064560592,0.22443855,620351,620351,44,0.698986577,1,TRUE,0.454568327,0.623853487,54,0.318552256,0.231048003,9,[20],[256],[256],6842243,bb2u23c1,426.4,trial_0038_learning_rate=1.0e-04_history=1_kernel_sizes=20_conv_channels=256_fc_dims=256_seed2,c5cfdc28d6,trial_0038_learning_rate=1.0e-04_history=1_kernel_sizes=20_conv_channels=256_fc_dims=256_seed2
/scratch/sb272/patterns5k_results/slurm_hist_cnn_2026-03-03_15-13-01/trial_0361_learning_rate=5.0e-03_history=2_kernel_sizes=10x3_conv_channels=256x128_fc_dims=256_seed0,cnn,0.154656479,0.234506052,0.068044389,-0.001304048,0.078712657,0.242900216,417471,417471,25,0.698507638,2,TRUE,0.454568327,0.575036349,49,0.318552256,0.245657131,9,"[10, 3]","[256, 128]",[256],6850941,bb5u25c1,260.3,trial_0361_learning_rate=5.0e-03_history=2_kernel_sizes=10x3_conv_channels=256x128_fc_dims=256_seed0,429cce14a3,trial_0361_learning_rate=5.0e-03_history=2_kernel_sizes=10x3_conv_channels=256x128_fc_dims=256_seed0
/scratch/sb272/patterns5k_results/slurm_hist_cnn_2026-03-03_15-13-01/trial_0146_learning_rate=5.0e-04_history=1_kernel_sizes=10x5x3_conv_channels=256x128x64_fc_dims=256_seed1,cnn,0.154247055,0.233829434,0.065998719,-0.018399111,0.05497583,0.239771003,491391,491391,50,0.698226874,1,TRUE,0.454568327,0.566125457,48,0.318552256,0.244459078,12,"[10, 5, 3]","[256, 128, 64]",[256],6842249,bb4u22c1,521.2,trial_0146_learning_rate=5.0e-04_history=1_kernel_sizes=10x5x3_conv_channels=256x128x64_fc_dims=256_seed1,41e6c41885,trial_0146_learning_rate=5.0e-04_history=1_kernel_sizes=10x5x3_conv_channels=256x128x64_fc_dims=256_seed1
/scratch/sb272/patterns5k_results/slurm_hist_cnn_2026-03-03_15-13-01/trial_0011_learning_rate=1.0e-04_history=2_kernel_sizes=10x3_conv_channels=256x128_fc_dims=256_seed1,cnn,0.156806194,0.223318738,0.054215666,-0.002077745,0.081565149,0.230752392,417471,417471,50,0.698114842,2,TRUE,0.454568327,0.585654256,49,0.318552256,0.234498054,8,"[10, 3]","[256, 128]",[256],6842241,bb2u15c1,484.5,trial_0011_learning_rate=1.0e-04_history=2_kernel_sizes=10x3_conv_channels=256x128_fc_dims=256_seed1,e018dc4919,trial_0011_learning_rate=1.0e-04_history=2_kernel_sizes=10x3_conv_channels=256x128_fc_dims=256_seed1
/scratch/sb272/patterns5k_results/slurm_hist_cnn_2026-03-03_15-13-01/trial_0011_learning_rate=1.0e-04_history=2_kernel_sizes=10x3_conv_channels=256x128_fc_dims=256_seed2,cnn,0.156534015,0.222643512,0.056396008,-0.002249952,0.080189817,0.228950957,417471,417471,50,0.697368359,2,TRUE,0.454568327,0.586695639,51,0.318552256,0.234002367,7,"[10, 3]","[256, 128]",[256],6842241,bb2u15c1,484.7,trial_0011_learning_rate=1.0e-04_history=2_kernel_sizes=10x3_conv_channels=256x128_fc_dims=256_seed2,e018dc4919,trial_0011_learning_rate=1.0e-04_history=2_kernel_sizes=10x3_conv_channels=256x128_fc_dims=256_seed2
/scratch/sb272/patterns5k_results/slurm_hist_cnn_2026-03-03_15-13-01/trial_0321_learning_rate=5.0e-03_history=1_kernel_sizes=10x5x3_conv_channels=256x128x64_fc_dims=256_seed1,cnn,0.153510483,0.237781312,0.069276565,-0.018512187,0.052697688,0.24511364,491391,491391,50,0.697273799,1,TRUE,0.454568327,0.562823869,47,0.318552256,0.248704568,12,"[10, 5, 3]","[256, 128, 64]",[256],6842260,bc12u15n4,725.6,trial_0321_learning_rate=5.0e-03_history=1_kernel_sizes=10x5x3_conv_channels=256x128x64_fc_dims=256_seed1,49183584d5,trial_0321_learning_rate=5.0e-03_history=1_kernel_sizes=10x5x3_conv_channels=256x128x64_fc_dims=256_seed1
/scratch/sb272/patterns5k_results/slurm_hist_cnn_2026-03-03_15-13-01/trial_0216_learning_rate=1.0e-03_history=1_kernel_sizes=10x5x3_conv_channels=256x128x64_fc_dims=256_seed1,cnn,0.153400597,0.237124788,0.068145465,-0.019810617,0.050707433,0.243231997,491391,491391,43,0.697210202,1,TRUE,0.454568327,0.564871144,46,0.318552256,0.248164579,13,"[10, 5, 3]","[256, 128, 64]",[256],6842253,bb5u25c1,394,trial_0216_learning_rate=1.0e-03_history=1_kernel_sizes=10x5x3_conv_channels=256x128x64_fc_dims=256_seed1,0d50d79e43,trial_0216_learning_rate=1.0e-03_history=1_kernel_sizes=10x5x3_conv_channels=256x128x64_fc_dims=256_seed1
/scratch/sb272/patterns5k_results/slurm_hist_cnn_2026-03-03_15-13-01/trial_0082_learning_rate=1.0e-04_history=2_kernel_sizes=10x5_conv_channels=256x128_fc_dims=256_seed2,cnn,0.156829064,0.221998924,0.053117239,-0.002012408,0.08377663,0.225620314,483007,483007,50,0.697035312,2,TRUE,0.454568327,0.580020918,49,0.318552256,0.233374894,8,"[10, 5]","[256, 128]",[256],6842245,bb3u23c1,458.6,trial_0082_learning_rate=1.0e-04_history=2_kernel_sizes=10x5_conv_channels=256x128_fc_dims=256_seed2,a1003468f1,trial_0082_learning_rate=1.0e-04_history=2_kernel_sizes=10x5_conv_channels=256x128_fc_dims=256_seed2
/scratch/sb272/patterns5k_results/slurm_hist_cnn_2026-03-03_15-13-01/trial_0216_learning_rate=1.0e-03_history=1_kernel_sizes=10x5x3_conv_channels=256x128x64_fc_dims=256_seed0,cnn,0.153811647,0.235437713,0.066788953,-0.016983919,0.055978861,0.24166433,491391,491391,50,0.696865672,1,TRUE,0.454568327,0.564856663,48,0.318552256,0.246295154,12,"[10, 5, 3]","[256, 128, 64]",[256],6842253,bb5u25c1,432,trial_0216_learning_rate=1.0e-03_history=1_kernel_sizes=10x5x3_conv_channels=256x128x64_fc_dims=256_seed0,0d50d79e43,trial_0216_learning_rate=1.0e-03_history=1_kernel_sizes=10x5x3_conv_channels=256x128x64_fc_dims=256_seed0
/scratch/sb272/patterns5k_results/slurm_hist_cnn_2026-03-03_15-13-01/trial_0321_learning_rate=5.0e-03_history=1_kernel_sizes=10x5x3_conv_channels=256x128x64_fc_dims=256_seed2,cnn,0.153404248,0.23746805,0.068815278,-0.017443212,0.054658309,0.241366363,491391,491391,50,0.696611116,1,TRUE,0.454568327,0.562694998,45,0.318552256,0.248605281,13,"[10, 5, 3]","[256, 128, 64]",[256],6842260,bc12u15n4,751.8,trial_0321_learning_rate=5.0e-03_history=1_kernel_sizes=10x5x3_conv_channels=256x128x64_fc_dims=256_seed2,49183584d5,trial_0321_learning_rate=5.0e-03_history=1_kernel_sizes=10x5x3_conv_channels=256x128x64_fc_dims=256_seed2
/scratch/sb272/patterns5k_results/slurm_hist_cnn_2026-03-03_15-13-01/trial_0040_learning_rate=1.0e-04_history=1_kernel_sizes=10x5_conv_channels=256x128_fc_dims=256_seed1,cnn,0.155073316,0.23114515,0.058570392,-0.005963227,0.074442387,0.238421481,483007,483007,50,0.696269255,1,TRUE,0.454568327,0.592832412,50,0.318552256,0.242413431,10,"[10, 5]","[256, 128]",[256],6842243,bb2u23c1,519.4,trial_0040_learning_rate=1.0e-04_history=1_kernel_sizes=10x5_conv_channels=256x128_fc_dims=256_seed1,99ee0fe25b,trial_0040_learning_rate=1.0e-04_history=1_kernel_sizes=10x5_conv_channels=256x128_fc_dims=256_seed1
/scratch/sb272/patterns5k_results/slurm_hist_cnn_2026-03-03_15-13-01/trial_0040_learning_rate=1.0e-04_history=1_kernel_sizes=10x5_conv_channels=256x128_fc_dims=256_seed2,cnn,0.154801133,0.226614578,0.058216893,-0.007812774,0.071106419,0.231711928,483007,483007,50,0.696079442,1,TRUE,0.454568327,0.587616626,50,0.318552256,0.237511143,9,"[10, 5]","[256, 128]",[256],6842243,bb2u23c1,548.1,trial_0040_learning_rate=1.0e-04_history=1_kernel_sizes=10x5_conv_channels=256x128_fc_dims=256_seed2,99ee0fe25b,trial_0040_learning_rate=1.0e-04_history=1_kernel_sizes=10x5_conv_channels=256x128_fc_dims=256_seed2
/scratch/sb272/patterns5k_results/slurm_hist_cnn_2026-03-03_15-13-01/trial_0181_learning_rate=5.0e-04_history=1_kernel_sizes=10x5x3_conv_channels=256x128x64_fc_dims=256_seed2,cnn,0.154281222,0.233436482,0.065619821,-0.018813281,0.054707836,0.236862141,491391,491391,50,0.695711292,1,TRUE,0.454568327,0.567252458,47,0.318552256,0.244384244,11,"[10, 5, 3]","[256, 128, 64]",[256],6842251,bb5u23c1,445.8,trial_0181_learning_rate=5.0e-04_history=1_kernel_sizes=10x5x3_conv_channels=256x128x64_fc_dims=256_seed2,22a5da32a3,trial_0181_learning_rate=5.0e-04_history=1_kernel_sizes=10x5x3_conv_channels=256x128x64_fc_dims=256_seed2
/scratch/sb272/patterns5k_results/slurm_hist_cnn_2026-03-03_15-13-01/trial_0005_learning_rate=1.0e-04_history=1_kernel_sizes=10x5_conv_channels=256x128_fc_dims=256_seed2,cnn,0.154882654,0.229060727,0.057808512,-0.008262297,0.069764823,0.231937271,483007,483007,50,0.695483279,1,TRUE,0.454568327,0.589739785,51,0.318552256,0.240242451,9,"[10, 5]","[256, 128]",[256],6842241,bb2u15c1,602.8,trial_0005_learning_rate=1.0e-04_history=1_kernel_sizes=10x5_conv_channels=256x128_fc_dims=256_seed2,fd9ff36de4,trial_0005_learning_rate=1.0e-04_history=1_kernel_sizes=10x5_conv_channels=256x128_fc_dims=256_seed2
/scratch/sb272/patterns5k_results/slurm_hist_cnn_2026-03-03_15-13-01/trial_0081_learning_rate=1.0e-04_history=2_kernel_sizes=10x3_conv_channels=256x128_fc_dims=256_seed2,cnn,0.156609845,0.221153286,0.055701145,-0.003519334,0.078761317,0.226788809,417471,417471,50,0.695058217,2,TRUE,0.454568327,0.580477182,51,0.318552256,0.231912911,6,"[10, 3]","[256, 128]",[256],6842245,bb3u23c1,434.4,trial_0081_learning_rate=1.0e-04_history=2_kernel_sizes=10x3_conv_channels=256x128_fc_dims=256_seed2,14202e48e4,trial_0081_learning_rate=1.0e-04_history=2_kernel_sizes=10x3_conv_channels=256x128_fc_dims=256_seed2
/scratch/sb272/patterns5k_results/slurm_hist_cnn_2026-03-03_15-13-01/trial_0082_learning_rate=1.0e-04_history=2_kernel_sizes=10x5_conv_channels=256x128_fc_dims=256_seed1,cnn,0.156273826,0.223417101,0.055649088,-0.004572558,0.0792946,0.230200944,483007,483007,50,0.69496696,2,TRUE,0.454568327,0.581912599,50,0.318552256,0.235197529,8,"[10, 5]","[256, 128]",[256],6842245,bb3u23c1,465.6,trial_0082_learning_rate=1.0e-04_history=2_kernel_sizes=10x5_conv_channels=256x128_fc_dims=256_seed1,a1003468f1,trial_0082_learning_rate=1.0e-04_history=2_kernel_sizes=10x5_conv_channels=256x128_fc_dims=256_seed1
/scratch/sb272/patterns5k_results/slurm_hist_cnn_2026-03-03_15-13-01/trial_0146_learning_rate=5.0e-04_history=1_kernel_sizes=10x5x3_conv_channels=256x128x64_fc_dims=256_seed2,cnn,0.153540427,0.232535916,0.065678655,-0.018024557,0.054486778,0.23588667,491391,491391,47,0.694953964,1,TRUE,0.454568327,0.564522383,47,0.318552256,0.243123621,12,"[10, 5, 3]","[256, 128, 64]",[256],6842249,bb4u22c1,487.5,trial_0146_learning_rate=5.0e-04_history=1_kernel_sizes=10x5x3_conv_channels=256x128x64_fc_dims=256_seed2,41e6c41885,trial_0146_learning_rate=5.0e-04_history=1_kernel_sizes=10x5x3_conv_channels=256x128x64_fc_dims=256_seed2
/scratch/sb272/patterns5k_results/slurm_hist_cnn_2026-03-03_15-13-01/trial_0081_learning_rate=1.0e-04_history=2_kernel_sizes=10x3_conv_channels=256x128_fc_dims=256_seed1,cnn,0.156844213,0.221710247,0.053266474,-0.001733667,0.083497584,0.229183742,417471,417471,50,0.694922966,2,TRUE,0.454568327,0.58342988,49,0.318552256,0.232550174,6,"[10, 3]","[256, 128]",[256],6842245,bb3u23c1,434.5,trial_0081_learning_rate=1.0e-04_history=2_kernel_sizes=10x3_conv_channels=256x128_fc_dims=256_seed1,14202e48e4,trial_0081_learning_rate=1.0e-04_history=2_kernel_sizes=10x3_conv_channels=256x128_fc_dims=256_seed1
/scratch/sb272/patterns5k_results/slurm_hist_cnn_2026-03-03_15-13-01/trial_0005_learning_rate=1.0e-04_history=1_kernel_sizes=10x5_conv_channels=256x128_fc_dims=256_seed0,cnn,0.155196057,0.22895721,0.057436653,-0.006412236,0.071941309,0.235536677,483007,483007,50,0.694869967,1,TRUE,0.454568327,0.587635799,49,0.318552256,0.240169138,10,"[10, 5]","[256, 128]",[256],6842241,bb2u15c1,571,trial_0005_learning_rate=1.0e-04_history=1_kernel_sizes=10x5_conv_channels=256x128_fc_dims=256_seed0,fd9ff36de4,trial_0005_learning_rate=1.0e-04_history=1_kernel_sizes=10x5_conv_channels=256x128_fc_dims=256_seed0
/scratch/sb272/patterns5k_results/slurm_hist_cnn_2026-03-03_15-13-01/trial_0012_learning_rate=1.0e-04_history=2_kernel_sizes=10x5_conv_channels=256x128_fc_dims=256_seed1,cnn,0.156819149,0.222465906,0.051401322,-0.003336554,0.080999114,0.229650087,483007,483007,50,0.694125066,2,TRUE,0.454568327,0.5800082,50,0.318552256,0.233570591,8,"[10, 5]","[256, 128]",[256],6842241,bb2u15c1,499.8,trial_0012_learning_rate=1.0e-04_history=2_kernel_sizes=10x5_conv_channels=256x128_fc_dims=256_seed1,ba828f0254,trial_0012_learning_rate=1.0e-04_history=2_kernel_sizes=10x5_conv_channels=256x128_fc_dims=256_seed1
/scratch/sb272/patterns5k_results/slurm_hist_cnn_2026-03-03_15-13-01/trial_0046_learning_rate=1.0e-04_history=2_kernel_sizes=10x3_conv_channels=256x128_fc_dims=256_seed2,cnn,0.1570383,0.220937067,0.053356099,-0.00175796,0.081555642,0.228282925,417471,417471,50,0.69357129,2,TRUE,0.454568327,0.583549457,50,0.318552256,0.231874764,7,"[10, 3]","[256, 128]",[256],6842243,bb2u23c1,515.7,trial_0046_learning_rate=1.0e-04_history=2_kernel_sizes=10x3_conv_channels=256x128_fc_dims=256_seed2,c6be161d1d,trial_0046_learning_rate=1.0e-04_history=2_kernel_sizes=10x3_conv_channels=256x128_fc_dims=256_seed2
/scratch/sb272/patterns5k_results/slurm_hist_cnn_2026-03-03_15-13-01/trial_0216_learning_rate=1.0e-03_history=1_kernel_sizes=10x5x3_conv_channels=256x128x64_fc_dims=256_seed2,cnn,0.153788258,0.235329152,0.066654308,-0.019427892,0.05128137,0.238756892,491391,491391,50,0.692098451,1,TRUE,0.454568327,0.565049136,47,0.318552256,0.24648574,13,"[10, 5, 3]","[256, 128, 64]",[256],6842254,bb5u25c1,439.9,trial_0216_learning_rate=1.0e-03_history=1_kernel_sizes=10x5x3_conv_channels=256x128x64_fc_dims=256_seed2,0d50d79e43,trial_0216_learning_rate=1.0e-03_history=1_kernel_sizes=10x5x3_conv_channels=256x128x64_fc_dims=256_seed2
/scratch/sb272/patterns5k_results/slurm_hist_cnn_2026-03-03_15-13-01/trial_0321_learning_rate=5.0e-03_history=1_kernel_sizes=10x5x3_conv_channels=256x128x64_fc_dims=256_seed0,cnn,0.154046127,0.234258243,0.066040273,-0.018454216,0.049911935,0.242641095,491391,491391,50,0.692097162,1,TRUE,0.454568327,0.55761052,46,0.318552256,0.244899333,12,"[10, 5, 3]","[256, 128, 64]",[256],6842260,bc12u15n4,725.3,trial_0321_learning_rate=5.0e-03_history=1_kernel_sizes=10x5x3_conv_channels=256x128x64_fc_dims=256_seed0,49183584d5,trial_0321_learning_rate=5.0e-03_history=1_kernel_sizes=10x5x3_conv_channels=256x128x64_fc_dims=256_seed0
/scratch/sb272/patterns5k_results/slurm_hist_cnn_2026-03-03_15-13-01/trial_0286_learning_rate=1.0e-03_history=1_kernel_sizes=10x5x3_conv_channels=256x128x64_fc_dims=256_seed1,cnn,0.154394845,0.234657023,0.066777474,-0.021019854,0.051167894,0.240017396,491391,491391,50,0.691820919,1,TRUE,0.454568327,0.566578673,46,0.318552256,0.245614141,13,"[10, 5, 3]","[256, 128, 64]",[256],6842258,bc12u15n3,810.8,trial_0286_learning_rate=1.0e-03_history=1_kernel_sizes=10x5x3_conv_channels=256x128x64_fc_dims=256_seed1,39940bf84e,trial_0286_learning_rate=1.0e-03_history=1_kernel_sizes=10x5x3_conv_channels=256x128x64_fc_dims=256_seed1
/scratch/sb272/patterns5k_results/slurm_hist_cnn_2026-03-03_15-13-01/trial_0046_learning_rate=1.0e-04_history=2_kernel_sizes=10x3_conv_channels=256x128_fc_dims=256_seed1,cnn,0.156681563,0.22120331,0.054001877,-0.001713075,0.081766188,0.227796939,417471,417471,50,0.691771412,2,TRUE,0.454568327,0.580085427,49,0.318552256,0.232193455,7,"[10, 3]","[256, 128]",[256],6842243,bb2u23c1,500.8,trial_0046_learning_rate=1.0e-04_history=2_kernel_sizes=10x3_conv_channels=256x128_fc_dims=256_seed1,c6be161d1d,trial_0046_learning_rate=1.0e-04_history=2_kernel_sizes=10x3_conv_channels=256x128_fc_dims=256_seed1
/scratch/sb272/patterns5k_results/slurm_hist_cnn_2026-03-03_15-13-01/trial_0081_learning_rate=1.0e-04_history=2_kernel_sizes=10x3_conv_channels=256x128_fc_dims=256_seed0,cnn,0.157023745,0.221599313,0.052916034,-0.001549278,0.083045006,0.228894274,417471,417471,50,0.691621598,2,TRUE,0.454568327,0.577405971,50,0.318552256,0.232429475,8,"[10, 3]","[256, 128]",[256],6842245,bb3u23c1,431.1,trial_0081_learning_rate=1.0e-04_history=2_kernel_sizes=10x3_conv_channels=256x128_fc_dims=256_seed0,14202e48e4,trial_0081_learning_rate=1.0e-04_history=2_kernel_sizes=10x3_conv_channels=256x128_fc_dims=256_seed0
/scratch/sb272/patterns5k_results/slurm_hist_cnn_2026-03-03_15-13-01/trial_0356_learning_rate=5.0e-03_history=1_kernel_sizes=10x5x3_conv_channels=256x128x64_fc_dims=256_seed1,cnn,0.152725016,0.239512701,0.069833378,-0.016879111,0.05932321,0.243823398,491391,491391,38,0.691124797,1,TRUE,0.454568327,0.558968051,47,0.318552256,0.250042975,14,"[10, 5, 3]","[256, 128, 64]",[256],6850941,bb5u25c1,365.7,trial_0356_learning_rate=5.0e-03_history=1_kernel_sizes=10x5x3_conv_channels=256x128x64_fc_dims=256_seed1,5266f2d557,trial_0356_learning_rate=5.0e-03_history=1_kernel_sizes=10x5x3_conv_channels=256x128x64_fc_dims=256_seed1
/scratch/sb272/patterns5k_results/slurm_hist_cnn_2026-03-03_15-13-01/trial_0286_learning_rate=1.0e-03_history=1_kernel_sizes=10x5x3_conv_channels=256x128x64_fc_dims=256_seed0,cnn,0.153951554,0.233528511,0.065894029,-0.019307654,0.052730922,0.241124378,491391,491391,50,0.690132334,1,TRUE,0.454568327,0.559914912,47,0.318552256,0.24428615,13,"[10, 5, 3]","[256, 128, 64]",[256],6842258,bc12u15n3,811.8,trial_0286_learning_rate=1.0e-03_history=1_kernel_sizes=10x5x3_conv_channels=256x128x64_fc_dims=256_seed0,39940bf84e,trial_0286_learning_rate=1.0e-03_history=1_kernel_sizes=10x5x3_conv_channels=256x128x64_fc_dims=256_seed0
/scratch/sb272/patterns5k_results/slurm_hist_cnn_2026-03-03_15-13-01/trial_0251_learning_rate=1.0e-03_history=1_kernel_sizes=10x5x3_conv_channels=256x128x64_fc_dims=256_seed2,cnn,0.153436826,0.233574739,0.06603937,-0.019779683,0.048493702,0.237834799,491391,491391,46,0.690046382,1,TRUE,0.454568327,0.563558232,47,0.318552256,0.244589403,13,"[10, 5, 3]","[256, 128, 64]",[256],6842256,bc12u13n4,779.2,trial_0251_learning_rate=1.0e-03_history=1_kernel_sizes=10x5x3_conv_channels=256x128x64_fc_dims=256_seed2,6bb7701edd,trial_0251_learning_rate=1.0e-03_history=1_kernel_sizes=10x5x3_conv_channels=256x128x64_fc_dims=256_seed2
/scratch/sb272/patterns5k_results/slurm_hist_cnn_2026-03-03_15-13-01/trial_0111_learning_rate=5.0e-04_history=1_kernel_sizes=10x5x3_conv_channels=256x128x64_fc_dims=256_seed0,cnn,0.154056365,0.230458626,0.06428134,-0.01734277,0.055661887,0.237697644,491391,491391,50,0.68943441,1,TRUE,0.454568327,0.565757838,47,0.318552256,0.241657078,11,"[10, 5, 3]","[256, 128, 64]",[256],6842247,bb4u18c1,522.4,trial_0111_learning_rate=5.0e-04_history=1_kernel_sizes=10x5x3_conv_channels=256x128x64_fc_dims=256_seed0,9d93a06dc0,trial_0111_learning_rate=5.0e-04_history=1_kernel_sizes=10x5x3_conv_channels=256x128x64_fc_dims=256_seed0
/scratch/sb272/patterns5k_results/slurm_hist_cnn_2026-03-03_15-13-01/trial_0181_learning_rate=5.0e-04_history=1_kernel_sizes=10x5x3_conv_channels=256x128x64_fc_dims=256_seed0,cnn,0.15367636,0.232178014,0.064755122,-0.018435483,0.052747767,0.238151967,491391,491391,50,0.688749361,1,TRUE,0.454568327,0.562112164,47,0.318552256,0.242561996,12,"[10, 5, 3]","[256, 128, 64]",[256],6842251,bb5u23c1,449.9,trial_0181_learning_rate=5.0e-04_history=1_kernel_sizes=10x5x3_conv_channels=256x128x64_fc_dims=256_seed0,22a5da32a3,trial_0181_learning_rate=5.0e-04_history=1_kernel_sizes=10x5x3_conv_channels=256x128x64_fc_dims=256_seed0
/scratch/sb272/patterns5k_results/slurm_hist_cnn_2026-03-03_15-13-01/trial_0286_learning_rate=1.0e-03_history=1_kernel_sizes=10x5x3_conv_channels=256x128x64_fc_dims=256_seed2,cnn,0.153773992,0.234189484,0.065775388,-0.018846722,0.052631095,0.239364577,491391,491391,46,0.688737877,1,TRUE,0.454568327,0.563338856,48,0.318552256,0.245254129,13,"[10, 5, 3]","[256, 128, 64]",[256],6842258,bc12u15n3,776.6,trial_0286_learning_rate=1.0e-03_history=1_kernel_sizes=10x5x3_conv_channels=256x128x64_fc_dims=256_seed2,39940bf84e,trial_0286_learning_rate=1.0e-03_history=1_kernel_sizes=10x5x3_conv_channels=256x128x64_fc_dims=256_seed2
/scratch/sb272/patterns5k_results/slurm_hist_cnn_2026-03-03_15-13-01/trial_0356_learning_rate=5.0e-03_history=1_kernel_sizes=10x5x3_conv_channels=256x128x64_fc_dims=256_seed2,cnn,0.153322255,0.236658504,0.067992384,-0.018528911,0.049766451,0.240372946,491391,491391,44,0.688666132,1,TRUE,0.454568327,0.560001221,46,0.318552256,0.247429758,12,"[10, 5, 3]","[256, 128, 64]",[256],6850941,bb5u25c1,397.3,trial_0356_learning_rate=5.0e-03_history=1_kernel_sizes=10x5x3_conv_channels=256x128x64_fc_dims=256_seed2,5266f2d557,trial_0356_learning_rate=5.0e-03_history=1_kernel_sizes=10x5x3_conv_channels=256x128x64_fc_dims=256_seed2
/scratch/sb272/patterns5k_results/slurm_hist_cnn_2026-03-03_15-13-01/trial_0391_learning_rate=5.0e-03_history=1_kernel_sizes=10x5x3_conv_channels=256x128x64_fc_dims=256_seed2,cnn,0.153082906,0.237281324,0.068168611,-0.018317673,0.051635697,0.239613504,491391,491391,40,0.688606147,1,TRUE,0.454568327,0.554097313,47,0.318552256,0.247760773,14,"[10, 5, 3]","[256, 128, 64]",[256],6851187,bb5u25c1,379.4,trial_0391_learning_rate=5.0e-03_history=1_kernel_sizes=10x5x3_conv_channels=256x128x64_fc_dims=256_seed2,fe230743bd,trial_0391_learning_rate=5.0e-03_history=1_kernel_sizes=10x5x3_conv_channels=256x128x64_fc_dims=256_seed2
/scratch/sb272/patterns5k_results/slurm_hist_cnn_2026-03-03_15-13-01/trial_0391_learning_rate=5.0e-03_history=1_kernel_sizes=10x5x3_conv_channels=256x128x64_fc_dims=256_seed1,cnn,0.153370857,0.238837547,0.069523775,-0.019222683,0.050027274,0.244858992,491391,491391,48,0.688605869,1,TRUE,0.454568327,0.558086411,46,0.318552256,0.249215513,13,"[10, 5, 3]","[256, 128, 64]",[256],6851187,bb5u25c1,421,trial_0391_learning_rate=5.0e-03_history=1_kernel_sizes=10x5x3_conv_channels=256x128x64_fc_dims=256_seed1,fe230743bd,trial_0391_learning_rate=5.0e-03_history=1_kernel_sizes=10x5x3_conv_channels=256x128x64_fc_dims=256_seed1
/scratch/sb272/patterns5k_results/slurm_hist_cnn_2026-03-03_15-13-01/trial_0146_learning_rate=5.0e-04_history=1_kernel_sizes=10x5x3_conv_channels=256x128x64_fc_dims=256_seed0,cnn,0.154377588,0.230029822,0.063637311,-0.019667897,0.051441554,0.237987829,491391,491391,50,0.687837784,1,TRUE,0.454568327,0.562573734,47,0.318552256,0.240914464,11,"[10, 5, 3]","[256, 128, 64]",[256],6842249,bb4u22c1,512.9,trial_0146_learning_rate=5.0e-04_history=1_kernel_sizes=10x5x3_conv_channels=256x128x64_fc_dims=256_seed0,41e6c41885,trial_0146_learning_rate=5.0e-04_history=1_kernel_sizes=10x5x3_conv_channels=256x128x64_fc_dims=256_seed0
/scratch/sb272/patterns5k_results/slurm_hist_cnn_2026-03-03_15-13-01/trial_0251_learning_rate=1.0e-03_history=1_kernel_sizes=10x5x3_conv_channels=256x128x64_fc_dims=256_seed0,cnn,0.153422053,0.234783861,0.065696433,-0.01842967,0.052257046,0.241692638,491391,491391,42,0.687528295,1,TRUE,0.454568327,0.560479401,47,0.318552256,0.245261252,13,"[10, 5, 3]","[256, 128, 64]",[256],6842256,bc12u13n4,740.9,trial_0251_learning_rate=1.0e-03_history=1_kernel_sizes=10x5x3_conv_channels=256x128x64_fc_dims=256_seed0,6bb7701edd,trial_0251_learning_rate=1.0e-03_history=1_kernel_sizes=10x5x3_conv_channels=256x128x64_fc_dims=256_seed0
/scratch/sb272/patterns5k_results/slurm_hist_cnn_2026-03-03_15-13-01/trial_0251_learning_rate=1.0e-03_history=1_kernel_sizes=10x5x3_conv_channels=256x128x64_fc_dims=256_seed1,cnn,0.153813744,0.233720553,0.065578506,-0.019571051,0.053188469,0.240783259,491391,491391,48,0.686930662,1,TRUE,0.454568327,0.562347446,46,0.318552256,0.244225323,12,"[10, 5, 3]","[256, 128, 64]",[256],6842256,bc12u13n4,795.4,trial_0251_learning_rate=1.0e-03_history=1_kernel_sizes=10x5x3_conv_channels=256x128x64_fc_dims=256_seed1,6bb7701edd,trial_0251_learning_rate=1.0e-03_history=1_kernel_sizes=10x5x3_conv_channels=256x128x64_fc_dims=256_seed1
/scratch/sb272/patterns5k_results/slurm_hist_cnn_2026-03-03_15-13-01/trial_0223_learning_rate=1.0e-03_history=2_kernel_sizes=10x5x3_conv_channels=256x128x64_fc_dims=256_seed2,cnn,0.15582185,0.22523359,0.061879629,-0.011398347,0.06592714,0.229711055,491391,491391,42,0.686336887,2,TRUE,0.454568327,0.552701359,47,0.318552256,0.236343339,9,"[10, 5, 3]","[256, 128, 64]",[256],6842254,bb5u25c1,385.1,trial_0223_learning_rate=1.0e-03_history=2_kernel_sizes=10x5x3_conv_channels=256x128x64_fc_dims=256_seed2,3b359064fd,trial_0223_learning_rate=1.0e-03_history=2_kernel_sizes=10x5x3_conv_channels=256x128x64_fc_dims=256_seed2
/scratch/sb272/patterns5k_results/slurm_hist_cnn_2026-03-03_15-13-01/trial_0181_learning_rate=5.0e-04_history=1_kernel_sizes=10x5x3_conv_channels=256x128x64_fc_dims=256_seed1,cnn,0.153906037,0.232037519,0.065694065,-0.018462106,0.056135628,0.239256953,491391,491391,50,0.685797718,1,TRUE,0.454568327,0.564116367,46,0.318552256,0.243086725,13,"[10, 5, 3]","[256, 128, 64]",[256],6842251,bb5u23c1,446,trial_0181_learning_rate=5.0e-04_history=1_kernel_sizes=10x5x3_conv_channels=256x128x64_fc_dims=256_seed1,22a5da32a3,trial_0181_learning_rate=5.0e-04_history=1_kernel_sizes=10x5x3_conv_channels=256x128x64_fc_dims=256_seed1
/scratch/sb272/patterns5k_results/slurm_hist_cnn_2026-03-03_15-13-01/trial_0046_learning_rate=1.0e-04_history=2_kernel_sizes=10x3_conv_channels=256x128_fc_dims=256_seed0,cnn,0.157443017,0.219942308,0.051382186,-0.000937099,0.080979243,0.227180861,417471,417471,50,0.685025488,2,TRUE,0.454568327,0.574878518,49,0.318552256,0.230639338,7,"[10, 3]","[256, 128]",[256],6842243,bb2u23c1,471,trial_0046_learning_rate=1.0e-04_history=2_kernel_sizes=10x3_conv_channels=256x128_fc_dims=256_seed0,c6be161d1d,trial_0046_learning_rate=1.0e-04_history=2_kernel_sizes=10x3_conv_channels=256x128_fc_dims=256_seed0
/scratch/sb272/patterns5k_results/slurm_hist_cnn_2026-03-03_15-13-01/trial_0293_learning_rate=1.0e-03_history=2_kernel_sizes=10x5x3_conv_channels=256x128x64_fc_dims=256_seed0,cnn,0.156819152,0.223461159,0.060459141,-0.014578259,0.058493353,0.230784906,491391,491391,50,0.684186138,2,TRUE,0.454568327,0.550653408,47,0.318552256,0.234185785,9,"[10, 5, 3]","[256, 128, 64]",[256],6842258,bc12u15n3,827.1,trial_0293_learning_rate=1.0e-03_history=2_kernel_sizes=10x5x3_conv_channels=256x128x64_fc_dims=256_seed0,403a8afc32,trial_0293_learning_rate=1.0e-03_history=2_kernel_sizes=10x5x3_conv_channels=256x128x64_fc_dims=256_seed0
/scratch/sb272/patterns5k_results/slurm_hist_cnn_2026-03-03_15-13-01/trial_0012_learning_rate=1.0e-04_history=2_kernel_sizes=10x5_conv_channels=256x128_fc_dims=256_seed2,cnn,0.156525933,0.220751967,0.054817525,-0.002416648,0.080596536,0.225215702,483007,483007,50,0.683877586,2,TRUE,0.454568327,0.573968417,48,0.318552256,0.23238498,8,"[10, 5]","[256, 128]",[256],6842241,bb2u15c1,518.4,trial_0012_learning_rate=1.0e-04_history=2_kernel_sizes=10x5_conv_channels=256x128_fc_dims=256_seed2,ba828f0254,trial_0012_learning_rate=1.0e-04_history=2_kernel_sizes=10x5_conv_channels=256x128_fc_dims=256_seed2
/scratch/sb272/patterns5k_results/slurm_hist_cnn_2026-03-03_15-13-01/trial_0111_learning_rate=5.0e-04_history=1_kernel_sizes=10x5x3_conv_channels=256x128x64_fc_dims=256_seed1,cnn,0.15358375,0.231605682,0.065271935,-0.015896011,0.057077479,0.238465825,491391,491391,50,0.683832268,1,TRUE,0.454568327,0.562587495,46,0.318552256,0.242312208,12,"[10, 5, 3]","[256, 128, 64]",[256],6842247,bb4u18c1,531.1,trial_0111_learning_rate=5.0e-04_history=1_kernel_sizes=10x5x3_conv_channels=256x128x64_fc_dims=256_seed1,9d93a06dc0,trial_0111_learning_rate=5.0e-04_history=1_kernel_sizes=10x5x3_conv_channels=256x128x64_fc_dims=256_seed1
/scratch/sb272/patterns5k_results/slurm_hist_cnn_2026-03-03_15-13-01/trial_0111_learning_rate=5.0e-04_history=1_kernel_sizes=10x5x3_conv_channels=256x128x64_fc_dims=256_seed2,cnn,0.154062909,0.232758214,0.066282174,-0.01939623,0.051105376,0.23701973,491391,491391,50,0.683356192,1,TRUE,0.454568327,0.562472654,47,0.318552256,0.24348174,12,"[10, 5, 3]","[256, 128, 64]",[256],6842247,bb4u18c1,508.6,trial_0111_learning_rate=5.0e-04_history=1_kernel_sizes=10x5x3_conv_channels=256x128x64_fc_dims=256_seed2,9d93a06dc0,trial_0111_learning_rate=5.0e-04_history=1_kernel_sizes=10x5x3_conv_channels=256x128x64_fc_dims=256_seed2
/scratch/sb272/patterns5k_results/slurm_hist_cnn_2026-03-03_15-13-01/trial_0258_learning_rate=1.0e-03_history=2_kernel_sizes=10x5x3_conv_channels=256x128x64_fc_dims=256_seed2,cnn,0.156653677,0.223284539,0.059733467,-0.013385373,0.061760165,0.229339438,491391,491391,48,0.683314962,2,TRUE,0.454568327,0.554804629,46,0.318552256,0.23481217,8,"[10, 5, 3]","[256, 128, 64]",[256],6842256,bc12u13n4,834.1,trial_0258_learning_rate=1.0e-03_history=2_kernel_sizes=10x5x3_conv_channels=256x128x64_fc_dims=256_seed2,15203ac21f,trial_0258_learning_rate=1.0e-03_history=2_kernel_sizes=10x5x3_conv_channels=256x128x64_fc_dims=256_seed2
/scratch/sb272/patterns5k_results/slurm_hist_cnn_2026-03-03_15-13-01/trial_0118_learning_rate=5.0e-04_history=2_kernel_sizes=10x5x3_conv_channels=256x128x64_fc_dims=256_seed1,cnn,0.156496305,0.221195069,0.060445646,-0.013415923,0.060905702,0.228655734,491391,491391,50,0.682178034,2,TRUE,0.454568327,0.552614946,45,0.318552256,0.23239176,8,"[10, 5, 3]","[256, 128, 64]",[256],6842248,bb4u21c1,433.1,trial_0118_learning_rate=5.0e-04_history=2_kernel_sizes=10x5x3_conv_channels=256x128x64_fc_dims=256_seed1,71fe943bc7,trial_0118_learning_rate=5.0e-04_history=2_kernel_sizes=10x5x3_conv_channels=256x128x64_fc_dims=256_seed1
/scratch/sb272/patterns5k_results/slurm_hist_cnn_2026-03-03_15-13-01/trial_0188_learning_rate=5.0e-04_history=2_kernel_sizes=10x5x3_conv_channels=256x128x64_fc_dims=256_seed0,cnn,0.156567682,0.221038457,0.059779043,-0.013880847,0.060939062,0.229460038,491391,491391,50,0.681334921,2,TRUE,0.454568327,0.551298451,47,0.318552256,0.231980607,8,"[10, 5, 3]","[256, 128, 64]",[256],6842252,bb5u23c1,452.6,trial_0188_learning_rate=5.0e-04_history=2_kernel_sizes=10x5x3_conv_channels=256x128x64_fc_dims=256_seed0,b91ee4b734,trial_0188_learning_rate=5.0e-04_history=2_kernel_sizes=10x5x3_conv_channels=256x128x64_fc_dims=256_seed0
/scratch/sb272/patterns5k_results/slurm_hist_cnn_2026-03-03_15-13-01/trial_0258_learning_rate=1.0e-03_history=2_kernel_sizes=10x5x3_conv_channels=256x128x64_fc_dims=256_seed1,cnn,0.156976004,0.222507136,0.060591262,-0.015852353,0.056315552,0.22930552,491391,491391,50,0.680629408,2,TRUE,0.454568327,0.550677849,46,0.318552256,0.233454451,8,"[10, 5, 3]","[256, 128, 64]",[256],6842256,bc12u13n4,888.8,trial_0258_learning_rate=1.0e-03_history=2_kernel_sizes=10x5x3_conv_channels=256x128x64_fc_dims=256_seed1,15203ac21f,trial_0258_learning_rate=1.0e-03_history=2_kernel_sizes=10x5x3_conv_channels=256x128x64_fc_dims=256_seed1
/scratch/sb272/patterns5k_results/slurm_hist_cnn_2026-03-03_15-13-01/trial_0012_learning_rate=1.0e-04_history=2_kernel_sizes=10x5_conv_channels=256x128_fc_dims=256_seed0,cnn,0.156914435,0.217193573,0.051961935,-0.002895127,0.080472745,0.226067778,483007,483007,50,0.680591055,2,TRUE,0.454568327,0.570725729,48,0.318552256,0.228348464,8,"[10, 5]","[256, 128]",[256],6842241,bb2u15c1,500.7,trial_0012_learning_rate=1.0e-04_history=2_kernel_sizes=10x5_conv_channels=256x128_fc_dims=256_seed0,ba828f0254,trial_0012_learning_rate=1.0e-04_history=2_kernel_sizes=10x5_conv_channels=256x128_fc_dims=256_seed0
/scratch/sb272/patterns5k_results/slurm_hist_cnn_2026-03-03_15-13-01/trial_0293_learning_rate=1.0e-03_history=2_kernel_sizes=10x5x3_conv_channels=256x128x64_fc_dims=256_seed2,cnn,0.156871232,0.222132989,0.060022876,-0.015980263,0.055757929,0.22681501,491391,491391,50,0.68012244,2,TRUE,0.454568327,0.549595907,46,0.318552256,0.233150691,8,"[10, 5, 3]","[256, 128, 64]",[256],6842258,bc12u15n3,808.5,trial_0293_learning_rate=1.0e-03_history=2_kernel_sizes=10x5x3_conv_channels=256x128x64_fc_dims=256_seed2,403a8afc32,trial_0293_learning_rate=1.0e-03_history=2_kernel_sizes=10x5x3_conv_channels=256x128x64_fc_dims=256_seed2
/scratch/sb272/patterns5k_results/slurm_hist_cnn_2026-03-03_15-13-01/trial_0188_learning_rate=5.0e-04_history=2_kernel_sizes=10x5x3_conv_channels=256x128x64_fc_dims=256_seed1,cnn,0.156335243,0.221885264,0.059814023,-0.012225922,0.063925818,0.228114288,491391,491391,50,0.68008635,2,TRUE,0.454568327,0.551807645,46,0.318552256,0.232874438,8,"[10, 5, 3]","[256, 128, 64]",[256],6842252,bb5u23c1,441.8,trial_0188_learning_rate=5.0e-04_history=2_kernel_sizes=10x5x3_conv_channels=256x128x64_fc_dims=256_seed1,b91ee4b734,trial_0188_learning_rate=5.0e-04_history=2_kernel_sizes=10x5x3_conv_channels=256x128x64_fc_dims=256_seed1
/scratch/sb272/patterns5k_results/slurm_hist_cnn_2026-03-03_15-13-01/trial_0398_learning_rate=5.0e-03_history=2_kernel_sizes=10x5x3_conv_channels=256x128x64_fc_dims=256_seed1,cnn,0.156945192,0.225397525,0.061226532,-0.01574446,0.053882502,0.232835969,491391,491391,50,0.679692482,2,TRUE,0.454568327,0.545769837,46,0.318552256,0.235864744,9,"[10, 5, 3]","[256, 128, 64]",[256],6851187,bb5u25c1,429.5,trial_0398_learning_rate=5.0e-03_history=2_kernel_sizes=10x5x3_conv_channels=256x128x64_fc_dims=256_seed1,70473c2883,trial_0398_learning_rate=5.0e-03_history=2_kernel_sizes=10x5x3_conv_channels=256x128x64_fc_dims=256_seed1
/scratch/sb272/patterns5k_results/slurm_hist_cnn_2026-03-03_15-13-01/trial_0118_learning_rate=5.0e-04_history=2_kernel_sizes=10x5x3_conv_channels=256x128x64_fc_dims=256_seed2,cnn,0.156490246,0.221535787,0.059621941,-0.014939858,0.059250601,0.22673533,491391,491391,50,0.679649934,2,TRUE,0.454568327,0.552975887,47,0.318552256,0.232705921,9,"[10, 5, 3]","[256, 128, 64]",[256],6842248,bb4u21c1,454.7,trial_0118_learning_rate=5.0e-04_history=2_kernel_sizes=10x5x3_conv_channels=256x128x64_fc_dims=256_seed2,71fe943bc7,trial_0118_learning_rate=5.0e-04_history=2_kernel_sizes=10x5x3_conv_channels=256x128x64_fc_dims=256_seed2
/scratch/sb272/patterns5k_results/slurm_hist_cnn_2026-03-03_15-13-01/trial_0363_learning_rate=5.0e-03_history=2_kernel_sizes=10x5x3_conv_channels=256x128x64_fc_dims=256_seed0,cnn,0.155459592,0.227220216,0.063126159,-0.011742643,0.062606581,0.231662635,491391,491391,48,0.678437891,2,TRUE,0.454568327,0.541856176,45,0.318552256,0.237596825,8,"[10, 5, 3]","[256, 128, 64]",[256],6850941,bb5u25c1,420,trial_0363_learning_rate=5.0e-03_history=2_kernel_sizes=10x5x3_conv_channels=256x128x64_fc_dims=256_seed0,8f1970dbbd,trial_0363_learning_rate=5.0e-03_history=2_kernel_sizes=10x5x3_conv_channels=256x128x64_fc_dims=256_seed0
/scratch/sb272/patterns5k_results/slurm_hist_cnn_2026-03-03_15-13-01/trial_0363_learning_rate=5.0e-03_history=2_kernel_sizes=10x5x3_conv_channels=256x128x64_fc_dims=256_seed2,cnn,0.15669171,0.224903226,0.062043251,-0.013730978,0.05924489,0.231573706,491391,491391,46,0.678435571,2,TRUE,0.454568327,0.546061014,47,0.318552256,0.235934496,9,"[10, 5, 3]","[256, 128, 64]",[256],6850941,bb5u25c1,406.5,trial_0363_learning_rate=5.0e-03_history=2_kernel_sizes=10x5x3_conv_channels=256x128x64_fc_dims=256_seed2,8f1970dbbd,trial_0363_learning_rate=5.0e-03_history=2_kernel_sizes=10x5x3_conv_channels=256x128x64_fc_dims=256_seed2
/scratch/sb272/patterns5k_results/slurm_hist_cnn_2026-03-03_15-13-01/trial_0153_learning_rate=5.0e-04_history=2_kernel_sizes=10x5x3_conv_channels=256x128x64_fc_dims=256_seed2,cnn,0.156489601,0.221608254,0.059416627,-0.013566792,0.062816568,0.227083342,491391,491391,50,0.677976955,2,TRUE,0.454568327,0.552229372,47,0.318552256,0.232386842,8,"[10, 5, 3]","[256, 128, 64]",[256],6842250,bb5u20c1,416.3,trial_0153_learning_rate=5.0e-04_history=2_kernel_sizes=10x5x3_conv_channels=256x128x64_fc_dims=256_seed2,2340aea923,trial_0153_learning_rate=5.0e-04_history=2_kernel_sizes=10x5x3_conv_channels=256x128x64_fc_dims=256_seed2
/scratch/sb272/patterns5k_results/slurm_hist_cnn_2026-03-03_15-13-01/trial_0363_learning_rate=5.0e-03_history=2_kernel_sizes=10x5x3_conv_channels=256x128x64_fc_dims=256_seed1,cnn,0.156423887,0.226525577,0.062527081,-0.012869456,0.062074095,0.231477521,491391,491391,47,0.677745398,2,TRUE,0.454568327,0.544347738,46,0.318552256,0.23693873,9,"[10, 5, 3]","[256, 128, 64]",[256],6850941,bb5u25c1,413.9,trial_0363_learning_rate=5.0e-03_history=2_kernel_sizes=10x5x3_conv_channels=256x128x64_fc_dims=256_seed1,8f1970dbbd,trial_0363_learning_rate=5.0e-03_history=2_kernel_sizes=10x5x3_conv_channels=256x128x64_fc_dims=256_seed1
/scratch/sb272/patterns5k_results/slurm_hist_cnn_2026-03-03_15-13-01/trial_0082_learning_rate=1.0e-04_history=2_kernel_sizes=10x5_conv_channels=256x128_fc_dims=256_seed0,cnn,0.156144752,0.220550346,0.056428137,-0.003531068,0.080851771,0.227361427,483007,483007,50,0.677450503,2,TRUE,0.454568327,0.568461455,48,0.318552256,0.23189418,6,"[10, 5]","[256, 128]",[256],6842245,bb3u23c1,463.2,trial_0082_learning_rate=1.0e-04_history=2_kernel_sizes=10x5_conv_channels=256x128_fc_dims=256_seed0,a1003468f1,trial_0082_learning_rate=1.0e-04_history=2_kernel_sizes=10x5_conv_channels=256x128_fc_dims=256_seed0
/scratch/sb272/patterns5k_results/slurm_hist_cnn_2026-03-03_15-13-01/trial_0188_learning_rate=5.0e-04_history=2_kernel_sizes=10x5x3_conv_channels=256x128x64_fc_dims=256_seed2,cnn,0.15651254,0.221052853,0.059464515,-0.014153554,0.060906872,0.226316173,491391,491391,50,0.677445291,2,TRUE,0.454568327,0.550318063,47,0.318552256,0.231950596,8,"[10, 5, 3]","[256, 128, 64]",[256],6842252,bb5u23c1,447.1,trial_0188_learning_rate=5.0e-04_history=2_kernel_sizes=10x5x3_conv_channels=256x128x64_fc_dims=256_seed2,b91ee4b734,trial_0188_learning_rate=5.0e-04_history=2_kernel_sizes=10x5x3_conv_channels=256x128x64_fc_dims=256_seed2
/scratch/sb272/patterns5k_results/slurm_hist_cnn_2026-03-03_15-13-01/trial_0356_learning_rate=5.0e-03_history=1_kernel_sizes=10x5x3_conv_channels=256x128x64_fc_dims=256_seed0,cnn,0.153058063,0.234887174,0.067625874,-0.018185589,0.051846411,0.241914717,491391,491391,39,0.676780528,1,TRUE,0.454568327,0.549007117,46,0.318552256,0.245617211,14,"[10, 5, 3]","[256, 128, 64]",[256],6850941,bb5u25c1,363.4,trial_0356_learning_rate=5.0e-03_history=1_kernel_sizes=10x5x3_conv_channels=256x128x64_fc_dims=256_seed0,5266f2d557,trial_0356_learning_rate=5.0e-03_history=1_kernel_sizes=10x5x3_conv_channels=256x128x64_fc_dims=256_seed0
/scratch/sb272/patterns5k_results/slurm_hist_cnn_2026-03-03_15-13-01/trial_0293_learning_rate=1.0e-03_history=2_kernel_sizes=10x5x3_conv_channels=256x128x64_fc_dims=256_seed1,cnn,0.156567364,0.224879617,0.061533479,-0.013679048,0.060944751,0.230452028,491391,491391,50,0.675822867,2,TRUE,0.454568327,0.551000304,46,0.318552256,0.236045882,9,"[10, 5, 3]","[256, 128, 64]",[256],6842258,bc12u15n3,828,trial_0293_learning_rate=1.0e-03_history=2_kernel_sizes=10x5x3_conv_channels=256x128x64_fc_dims=256_seed1,403a8afc32,trial_0293_learning_rate=1.0e-03_history=2_kernel_sizes=10x5x3_conv_channels=256x128x64_fc_dims=256_seed1
/scratch/sb272/patterns5k_results/slurm_hist_cnn_2026-03-03_15-13-01/trial_0258_learning_rate=1.0e-03_history=2_kernel_sizes=10x5x3_conv_channels=256x128x64_fc_dims=256_seed0,cnn,0.156667831,0.22278066,0.05944606,-0.013156291,0.061626535,0.229267773,491391,491391,50,0.675805338,2,TRUE,0.454568327,0.549716041,47,0.318552256,0.233964086,9,"[10, 5, 3]","[256, 128, 64]",[256],6842256,bc12u13n4,882.3,trial_0258_learning_rate=1.0e-03_history=2_kernel_sizes=10x5x3_conv_channels=256x128x64_fc_dims=256_seed0,15203ac21f,trial_0258_learning_rate=1.0e-03_history=2_kernel_sizes=10x5x3_conv_channels=256x128x64_fc_dims=256_seed0
/scratch/sb272/patterns5k_results/slurm_hist_cnn_2026-03-03_15-13-01/trial_0223_learning_rate=1.0e-03_history=2_kernel_sizes=10x5x3_conv_channels=256x128x64_fc_dims=256_seed1,cnn,0.156398385,0.223845098,0.060979017,-0.013167221,0.061596811,0.230261649,491391,491391,50,0.675511119,2,TRUE,0.454568327,0.54818817,45,0.318552256,0.235071763,8,"[10, 5, 3]","[256, 128, 64]",[256],6842254,bb5u25c1,432.3,trial_0223_learning_rate=1.0e-03_history=2_kernel_sizes=10x5x3_conv_channels=256x128x64_fc_dims=256_seed1,3b359064fd,trial_0223_learning_rate=1.0e-03_history=2_kernel_sizes=10x5x3_conv_channels=256x128x64_fc_dims=256_seed1
/scratch/sb272/patterns5k_results/slurm_hist_cnn_2026-03-03_15-13-01/trial_0047_learning_rate=1.0e-04_history=2_kernel_sizes=10x5_conv_channels=256x128_fc_dims=256_seed2,cnn,0.156854814,0.217425103,0.052448891,-0.002315868,0.081307918,0.223234825,483007,483007,50,0.675303375,2,TRUE,0.454568327,0.57028958,50,0.318552256,0.228526264,7,"[10, 5]","[256, 128]",[256],6842243,bb2u23c1,563,trial_0047_learning_rate=1.0e-04_history=2_kernel_sizes=10x5_conv_channels=256x128_fc_dims=256_seed2,4798e6dddb,trial_0047_learning_rate=1.0e-04_history=2_kernel_sizes=10x5_conv_channels=256x128_fc_dims=256_seed2
/scratch/sb272/patterns5k_results/slurm_hist_cnn_2026-03-03_15-13-01/trial_0223_learning_rate=1.0e-03_history=2_kernel_sizes=10x5x3_conv_channels=256x128x64_fc_dims=256_seed0,cnn,0.156484795,0.222845933,0.059798965,-0.014267626,0.058735959,0.229335381,491391,491391,47,0.672731375,2,TRUE,0.454568327,0.546851989,46,0.318552256,0.233389348,9,"[10, 5, 3]","[256, 128, 64]",[256],6842254,bb5u25c1,415.3,trial_0223_learning_rate=1.0e-03_history=2_kernel_sizes=10x5x3_conv_channels=256x128x64_fc_dims=256_seed0,3b359064fd,trial_0223_learning_rate=1.0e-03_history=2_kernel_sizes=10x5x3_conv_channels=256x128x64_fc_dims=256_seed0
/scratch/sb272/patterns5k_results/slurm_hist_cnn_2026-03-03_15-13-01/trial_0398_learning_rate=5.0e-03_history=2_kernel_sizes=10x5x3_conv_channels=256x128x64_fc_dims=256_seed2,cnn,0.156798574,0.222266072,0.060099544,-0.014012118,0.056070611,0.224228082,491391,491391,44,0.672210612,2,TRUE,0.454568327,0.540361981,46,0.318552256,0.23255311,9,"[10, 5, 3]","[256, 128, 64]",[256],6851187,bb5u25c1,392,trial_0398_learning_rate=5.0e-03_history=2_kernel_sizes=10x5x3_conv_channels=256x128x64_fc_dims=256_seed2,70473c2883,trial_0398_learning_rate=5.0e-03_history=2_kernel_sizes=10x5x3_conv_channels=256x128x64_fc_dims=256_seed2
/scratch/sb272/patterns5k_results/slurm_hist_cnn_2026-03-03_15-13-01/trial_0153_learning_rate=5.0e-04_history=2_kernel_sizes=10x5x3_conv_channels=256x128x64_fc_dims=256_seed0,cnn,0.156791771,0.219702947,0.059070374,-0.014551466,0.058838759,0.226417974,491391,491391,50,0.671274576,2,TRUE,0.454568327,0.545875061,46,0.318552256,0.230331793,8,"[10, 5, 3]","[256, 128, 64]",[256],6842250,bb5u20c1,420.1,trial_0153_learning_rate=5.0e-04_history=2_kernel_sizes=10x5x3_conv_channels=256x128x64_fc_dims=256_seed0,2340aea923,trial_0153_learning_rate=5.0e-04_history=2_kernel_sizes=10x5x3_conv_channels=256x128x64_fc_dims=256_seed0
/scratch/sb272/patterns5k_results/slurm_hist_cnn_2026-03-03_15-13-01/trial_0398_learning_rate=5.0e-03_history=2_kernel_sizes=10x5x3_conv_channels=256x128x64_fc_dims=256_seed0,cnn,0.156890206,0.223317383,0.06028961,-0.014783876,0.057227708,0.230598734,491391,491391,50,0.669731889,2,TRUE,0.454568327,0.538640947,46,0.318552256,0.233954921,9,"[10, 5, 3]","[256, 128, 64]",[256],6851187,bb5u25c1,433.9,trial_0398_learning_rate=5.0e-03_history=2_kernel_sizes=10x5x3_conv_channels=256x128x64_fc_dims=256_seed0,70473c2883,trial_0398_learning_rate=5.0e-03_history=2_kernel_sizes=10x5x3_conv_channels=256x128x64_fc_dims=256_seed0
/scratch/sb272/patterns5k_results/slurm_hist_cnn_2026-03-03_15-13-01/trial_0153_learning_rate=5.0e-04_history=2_kernel_sizes=10x5x3_conv_channels=256x128x64_fc_dims=256_seed1,cnn,0.156091673,0.219900261,0.05876056,-0.012650391,0.057965722,0.229282944,491391,491391,46,0.665612353,2,TRUE,0.454568327,0.545526869,44,0.318552256,0.230890736,8,"[10, 5, 3]","[256, 128, 64]",[256],6842250,bb5u20c1,400,trial_0153_learning_rate=5.0e-04_history=2_kernel_sizes=10x5x3_conv_channels=256x128x64_fc_dims=256_seed1,2340aea923,trial_0153_learning_rate=5.0e-04_history=2_kernel_sizes=10x5x3_conv_channels=256x128x64_fc_dims=256_seed1
/scratch/sb272/patterns5k_results/slurm_hist_cnn_2026-03-03_15-13-01/trial_0118_learning_rate=5.0e-04_history=2_kernel_sizes=10x5x3_conv_channels=256x128x64_fc_dims=256_seed0,cnn,0.156670243,0.218803061,0.057933788,-0.014379021,0.059317812,0.225067104,491391,491391,50,0.662844121,2,TRUE,0.454568327,0.543537248,46,0.318552256,0.229509249,8,"[10, 5, 3]","[256, 128, 64]",[256],6842248,bb4u21c1,430.9,trial_0118_learning_rate=5.0e-04_history=2_kernel_sizes=10x5x3_conv_channels=256x128x64_fc_dims=256_seed0,71fe943bc7,trial_0118_learning_rate=5.0e-04_history=2_kernel_sizes=10x5x3_conv_channels=256x128x64_fc_dims=256_seed0
/scratch/sb272/patterns5k_results/slurm_hist_cnn_2026-03-03_15-13-01/trial_0006_learning_rate=1.0e-04_history=1_kernel_sizes=10x5x3_conv_channels=256x128x64_fc_dims=256_seed1,cnn,0.154343073,0.217382036,0.057689947,-0.014583096,0.056432828,0.223354062,491391,491391,50,0.652655519,1,TRUE,0.454568327,0.540355536,43,0.318552256,0.22710979,10,"[10, 5, 3]","[256, 128, 64]",[256],6842241,bb2u15c1,588.7,trial_0006_learning_rate=1.0e-04_history=1_kernel_sizes=10x5x3_conv_channels=256x128x64_fc_dims=256_seed1,d3eb9ec622,trial_0006_learning_rate=1.0e-04_history=1_kernel_sizes=10x5x3_conv_channels=256x128x64_fc_dims=256_seed1
/scratch/sb272/patterns5k_results/slurm_hist_cnn_2026-03-03_15-13-01/trial_0041_learning_rate=1.0e-04_history=1_kernel_sizes=10x5x3_conv_channels=256x128x64_fc_dims=256_seed1,cnn,0.154306262,0.21766681,0.05806254,-0.016030777,0.054395363,0.222811082,491391,491391,50,0.645757707,1,TRUE,0.454568327,0.538042693,41,0.318552256,0.227808714,9,"[10, 5, 3]","[256, 128, 64]",[256],6842243,bb2u23c1,520.4,trial_0041_learning_rate=1.0e-04_history=1_kernel_sizes=10x5x3_conv_channels=256x128x64_fc_dims=256_seed1,f887e284df,trial_0041_learning_rate=1.0e-04_history=1_kernel_sizes=10x5x3_conv_channels=256x128x64_fc_dims=256_seed1
/scratch/sb272/patterns5k_results/slurm_hist_cnn_2026-03-03_15-13-01/trial_0041_learning_rate=1.0e-04_history=1_kernel_sizes=10x5x3_conv_channels=256x128x64_fc_dims=256_seed2,cnn,0.154520484,0.216142553,0.056779165,-0.011882066,0.056357674,0.220306694,491391,491391,50,0.64486975,1,TRUE,0.454568327,0.537556778,42,0.318552256,0.226688027,8,"[10, 5, 3]","[256, 128, 64]",[256],6842243,bb2u23c1,568.2,trial_0041_learning_rate=1.0e-04_history=1_kernel_sizes=10x5x3_conv_channels=256x128x64_fc_dims=256_seed2,f887e284df,trial_0041_learning_rate=1.0e-04_history=1_kernel_sizes=10x5x3_conv_channels=256x128x64_fc_dims=256_seed2
/scratch/sb272/patterns5k_results/slurm_hist_cnn_2026-03-03_15-13-01/trial_0041_learning_rate=1.0e-04_history=1_kernel_sizes=10x5x3_conv_channels=256x128x64_fc_dims=256_seed0,cnn,0.154547439,0.215100307,0.056701984,-0.014175644,0.056772906,0.220865648,491391,491391,50,0.643772769,1,TRUE,0.454568327,0.536046202,43,0.318552256,0.224787369,8,"[10, 5, 3]","[256, 128, 64]",[256],6842243,bb2u23c1,526,trial_0041_learning_rate=1.0e-04_history=1_kernel_sizes=10x5x3_conv_channels=256x128x64_fc_dims=256_seed0,f887e284df,trial_0041_learning_rate=1.0e-04_history=1_kernel_sizes=10x5x3_conv_channels=256x128x64_fc_dims=256_seed0
/scratch/sb272/patterns5k_results/slurm_hist_cnn_2026-03-03_15-13-01/trial_0076_learning_rate=1.0e-04_history=1_kernel_sizes=10x5x3_conv_channels=256x128x64_fc_dims=256_seed2,cnn,0.154616571,0.215557161,0.057008109,-0.013081406,0.056797434,0.21825753,491391,491391,50,0.641598796,1,TRUE,0.454568327,0.535328127,42,0.318552256,0.225989297,9,"[10, 5, 3]","[256, 128, 64]",[256],6842245,bb3u23c1,464.9,trial_0076_learning_rate=1.0e-04_history=1_kernel_sizes=10x5x3_conv_channels=256x128x64_fc_dims=256_seed2,48b8407cac,trial_0076_learning_rate=1.0e-04_history=1_kernel_sizes=10x5x3_conv_channels=256x128x64_fc_dims=256_seed2
/scratch/sb272/patterns5k_results/slurm_hist_cnn_2026-03-03_15-13-01/trial_0076_learning_rate=1.0e-04_history=1_kernel_sizes=10x5x3_conv_channels=256x128x64_fc_dims=256_seed0,cnn,0.154811681,0.215297871,0.056529489,-0.01690664,0.05084119,0.21978485,491391,491391,50,0.640586467,1,TRUE,0.454568327,0.530915035,41,0.318552256,0.224535331,11,"[10, 5, 3]","[256, 128, 64]",[256],6842245,bb3u23c1,464.1,trial_0076_learning_rate=1.0e-04_history=1_kernel_sizes=10x5x3_conv_channels=256x128x64_fc_dims=256_seed0,48b8407cac,trial_0076_learning_rate=1.0e-04_history=1_kernel_sizes=10x5x3_conv_channels=256x128x64_fc_dims=256_seed0
/scratch/sb272/patterns5k_results/slurm_hist_cnn_2026-03-03_15-13-01/trial_0006_learning_rate=1.0e-04_history=1_kernel_sizes=10x5x3_conv_channels=256x128x64_fc_dims=256_seed2,cnn,0.154156613,0.21837169,0.057115521,-0.013047391,0.05821779,0.220764939,491391,491391,50,0.639263799,1,TRUE,0.454568327,0.534203524,40,0.318552256,0.227907524,9,"[10, 5, 3]","[256, 128, 64]",[256],6842241,bb2u15c1,580.2,trial_0006_learning_rate=1.0e-04_history=1_kernel_sizes=10x5x3_conv_channels=256x128x64_fc_dims=256_seed2,d3eb9ec622,trial_0006_learning_rate=1.0e-04_history=1_kernel_sizes=10x5x3_conv_channels=256x128x64_fc_dims=256_seed2
/scratch/sb272/patterns5k_results/slurm_hist_cnn_2026-03-03_15-13-01/trial_0076_learning_rate=1.0e-04_history=1_kernel_sizes=10x5x3_conv_channels=256x128x64_fc_dims=256_seed1,cnn,0.154597444,0.215490804,0.056480776,-0.015443078,0.053259715,0.220349613,491391,491391,50,0.637471882,1,TRUE,0.454568327,0.532237562,41,0.318552256,0.224933699,9,"[10, 5, 3]","[256, 128, 64]",[256],6842245,bb3u23c1,462.8,trial_0076_learning_rate=1.0e-04_history=1_kernel_sizes=10x5x3_conv_channels=256x128x64_fc_dims=256_seed1,48b8407cac,trial_0076_learning_rate=1.0e-04_history=1_kernel_sizes=10x5x3_conv_channels=256x128x64_fc_dims=256_seed1
/scratch/sb272/patterns5k_results/slurm_hist_cnn_2026-03-03_15-13-01/trial_0006_learning_rate=1.0e-04_history=1_kernel_sizes=10x5x3_conv_channels=256x128x64_fc_dims=256_seed0,cnn,0.154782278,0.214348072,0.055476311,-0.016495274,0.050344031,0.219678261,491391,491391,50,0.637020867,1,TRUE,0.454568327,0.529626379,39,0.318552256,0.224237382,9,"[10, 5, 3]","[256, 128, 64]",[256],6842241,bb2u15c1,598,trial_0006_learning_rate=1.0e-04_history=1_kernel_sizes=10x5x3_conv_channels=256x128x64_fc_dims=256_seed0,d3eb9ec622,trial_0006_learning_rate=1.0e-04_history=1_kernel_sizes=10x5x3_conv_channels=256x128x64_fc_dims=256_seed0
/scratch/sb272/patterns5k_results/slurm_hist_cnn_2026-03-03_15-13-01/trial_0083_learning_rate=1.0e-04_history=2_kernel_sizes=10x5x3_conv_channels=256x128x64_fc_dims=256_seed1,cnn,0.156683902,0.205212133,0.052157722,-0.012823997,0.057655081,0.209057259,491391,491391,50,0.631722173,2,TRUE,0.454568327,0.516014495,40,0.318552256,0.214615628,8,"[10, 5, 3]","[256, 128, 64]",[256],6842246,bb4u12c1,440.4,trial_0083_learning_rate=1.0e-04_history=2_kernel_sizes=10x5x3_conv_channels=256x128x64_fc_dims=256_seed1,8a7fd68766,trial_0083_learning_rate=1.0e-04_history=2_kernel_sizes=10x5x3_conv_channels=256x128x64_fc_dims=256_seed1
/scratch/sb272/patterns5k_results/slurm_hist_cnn_2026-03-03_15-13-01/trial_0013_learning_rate=1.0e-04_history=2_kernel_sizes=10x5x3_conv_channels=256x128x64_fc_dims=256_seed0,cnn,0.157055727,0.204053744,0.050719226,-0.011373846,0.059846338,0.210619534,491391,491391,50,0.631596808,2,TRUE,0.454568327,0.517739791,40,0.318552256,0.213902205,8,"[10, 5, 3]","[256, 128, 64]",[256],6842241,bb2u15c1,543.5,trial_0013_learning_rate=1.0e-04_history=2_kernel_sizes=10x5x3_conv_channels=256x128x64_fc_dims=256_seed0,2efa97368f,trial_0013_learning_rate=1.0e-04_history=2_kernel_sizes=10x5x3_conv_channels=256x128x64_fc_dims=256_seed0
/scratch/sb272/patterns5k_results/slurm_hist_cnn_2026-03-03_15-13-01/trial_0083_learning_rate=1.0e-04_history=2_kernel_sizes=10x5x3_conv_channels=256x128x64_fc_dims=256_seed0,cnn,0.156612326,0.204558149,0.051468542,-0.007754596,0.067616433,0.210448768,491391,491391,50,0.631234987,2,TRUE,0.454568327,0.519216192,39,0.318552256,0.214755133,8,"[10, 5, 3]","[256, 128, 64]",[256],6842245,bb3u23c1,483.5,trial_0083_learning_rate=1.0e-04_history=2_kernel_sizes=10x5x3_conv_channels=256x128x64_fc_dims=256_seed0,8a7fd68766,trial_0083_learning_rate=1.0e-04_history=2_kernel_sizes=10x5x3_conv_channels=256x128x64_fc_dims=256_seed0
/scratch/sb272/patterns5k_results/slurm_hist_cnn_2026-03-03_15-13-01/trial_0048_learning_rate=1.0e-04_history=2_kernel_sizes=10x5x3_conv_channels=256x128x64_fc_dims=256_seed2,cnn,0.156862124,0.204258196,0.050307312,-0.009629692,0.064047843,0.205558989,491391,491391,50,0.625945277,2,TRUE,0.454568327,0.515826864,37,0.318552256,0.213383406,8,"[10, 5, 3]","[256, 128, 64]",[256],6842243,bb2u23c1,590.8,trial_0048_learning_rate=1.0e-04_history=2_kernel_sizes=10x5x3_conv_channels=256x128x64_fc_dims=256_seed2,ed51de4f13,trial_0048_learning_rate=1.0e-04_history=2_kernel_sizes=10x5x3_conv_channels=256x128x64_fc_dims=256_seed2
/scratch/sb272/patterns5k_results/slurm_hist_cnn_2026-03-03_15-13-01/trial_0083_learning_rate=1.0e-04_history=2_kernel_sizes=10x5x3_conv_channels=256x128x64_fc_dims=256_seed2,cnn,0.15670499,0.204460247,0.049714471,-0.009513699,0.06382747,0.207284643,491391,491391,50,0.619579954,2,TRUE,0.454568327,0.512765773,37,0.318552256,0.214021415,8,"[10, 5, 3]","[256, 128, 64]",[256],6842246,bb4u12c1,447.7,trial_0083_learning_rate=1.0e-04_history=2_kernel_sizes=10x5x3_conv_channels=256x128x64_fc_dims=256_seed2,8a7fd68766,trial_0083_learning_rate=1.0e-04_history=2_kernel_sizes=10x5x3_conv_channels=256x128x64_fc_dims=256_seed2
/scratch/sb272/patterns5k_results/slurm_hist_cnn_2026-03-03_15-13-01/trial_0048_learning_rate=1.0e-04_history=2_kernel_sizes=10x5x3_conv_channels=256x128x64_fc_dims=256_seed1,cnn,0.156674202,0.205219811,0.051178128,-0.011501295,0.059447214,0.209029032,491391,491391,50,0.618958147,2,TRUE,0.454568327,0.515501972,39,0.318552256,0.214875624,8,"[10, 5, 3]","[256, 128, 64]",[256],6842243,bb2u23c1,525.5,trial_0048_learning_rate=1.0e-04_history=2_kernel_sizes=10x5x3_conv_channels=256x128x64_fc_dims=256_seed1,ed51de4f13,trial_0048_learning_rate=1.0e-04_history=2_kernel_sizes=10x5x3_conv_channels=256x128x64_fc_dims=256_seed1
/scratch/sb272/patterns5k_results/slurm_hist_cnn_2026-03-03_15-13-01/trial_0048_learning_rate=1.0e-04_history=2_kernel_sizes=10x5x3_conv_channels=256x128x64_fc_dims=256_seed0,cnn,0.156539077,0.20410892,0.051436386,-0.009411847,0.061858401,0.210335082,491391,491391,50,0.617941588,2,TRUE,0.454568327,0.511763468,38,0.318552256,0.213734016,8,"[10, 5, 3]","[256, 128, 64]",[256],6842243,bb2u23c1,539.5,trial_0048_learning_rate=1.0e-04_history=2_kernel_sizes=10x5x3_conv_channels=256x128x64_fc_dims=256_seed0,ed51de4f13,trial_0048_learning_rate=1.0e-04_history=2_kernel_sizes=10x5x3_conv_channels=256x128x64_fc_dims=256_seed0
/scratch/sb272/patterns5k_results/slurm_hist_cnn_2026-03-03_15-13-01/trial_0013_learning_rate=1.0e-04_history=2_kernel_sizes=10x5x3_conv_channels=256x128x64_fc_dims=256_seed1,cnn,0.156499843,0.205880042,0.051016934,-0.007983538,0.065290041,0.209835805,491391,491391,50,0.617841867,2,TRUE,0.454568327,0.5144948,40,0.318552256,0.215464473,8,"[10, 5, 3]","[256, 128, 64]",[256],6842241,bb2u15c1,533.6,trial_0013_learning_rate=1.0e-04_history=2_kernel_sizes=10x5x3_conv_channels=256x128x64_fc_dims=256_seed1,2efa97368f,trial_0013_learning_rate=1.0e-04_history=2_kernel_sizes=10x5x3_conv_channels=256x128x64_fc_dims=256_seed1
/scratch/sb272/patterns5k_results/slurm_hist_cnn_2026-03-03_15-13-01/trial_0013_learning_rate=1.0e-04_history=2_kernel_sizes=10x5x3_conv_channels=256x128x64_fc_dims=256_seed2,cnn,0.157318485,0.201535741,0.04895159,-0.010726772,0.058949091,0.204629651,491391,491391,50,0.612517468,2,TRUE,0.454568327,0.50674494,36,0.318552256,0.210787028,8,"[10, 5, 3]","[256, 128, 64]",[256],6842241,bb2u15c1,540.7,trial_0013_learning_rate=1.0e-04_history=2_kernel_sizes=10x5x3_conv_channels=256x128x64_fc_dims=256_seed2,2efa97368f,trial_0013_learning_rate=1.0e-04_history=2_kernel_sizes=10x5x3_conv_channels=256x128x64_fc_dims=256_seed2
/scratch/sb272/patterns5k_results/slurm_hist_cnn_2026-03-03_15-13-01/trial_0296_learning_rate=1.0e-03_history=5_kernel_sizes=10_conv_channels=256_fc_dims=256_seed2,cnn,0.16813329,0.136913126,0.018769592,0.011960478,0.115399346,0.140549502,351551,351551,35,0.605910678,5,TRUE,0.454568327,0.456461576,22,0.318552256,0.146022886,2,[10],[256],[256],6842258,bc12u15n3,550,trial_0296_learning_rate=1.0e-03_history=5_kernel_sizes=10_conv_channels=256_fc_dims=256_seed2,58a816119a,trial_0296_learning_rate=1.0e-03_history=5_kernel_sizes=10_conv_channels=256_fc_dims=256_seed2
/scratch/sb272/patterns5k_results/slurm_hist_cnn_2026-03-03_15-13-01/trial_0121_learning_rate=5.0e-04_history=5_kernel_sizes=10_conv_channels=256_fc_dims=256_seed0,cnn,0.16810706,0.136105228,0.021790075,0.014852301,0.119479485,0.141069983,351551,351551,43,0.601035841,5,TRUE,0.454568327,0.453778609,21,0.318552256,0.145129725,2,[10],[256],[256],6842248,bb4u21c1,345.5,trial_0121_learning_rate=5.0e-04_history=5_kernel_sizes=10_conv_channels=256_fc_dims=256_seed0,fdf2aed74b,trial_0121_learning_rate=5.0e-04_history=5_kernel_sizes=10_conv_channels=256_fc_dims=256_seed0
/scratch/sb272/patterns5k_results/slurm_hist_cnn_2026-03-03_15-13-01/trial_0226_learning_rate=1.0e-03_history=5_kernel_sizes=10_conv_channels=256_fc_dims=256_seed1,cnn,0.167975466,0.135029357,0.019852408,0.012566917,0.113853477,0.143387227,351551,351551,32,0.600950122,5,TRUE,0.454568327,0.447907035,19,0.318552256,0.14372687,2,[10],[256],[256],6842254,bb5u25c1,273.4,trial_0226_learning_rate=1.0e-03_history=5_kernel_sizes=10_conv_channels=256_fc_dims=256_seed1,5b15ed3036,trial_0226_learning_rate=1.0e-03_history=5_kernel_sizes=10_conv_channels=256_fc_dims=256_seed1
/scratch/sb272/patterns5k_results/slurm_hist_cnn_2026-03-03_15-13-01/trial_0156_learning_rate=5.0e-04_history=5_kernel_sizes=10_conv_channels=256_fc_dims=256_seed0,cnn,0.168154856,0.134015472,0.020450802,0.014617345,0.118981034,0.138856368,351551,351551,41,0.598699523,5,TRUE,0.454568327,0.451916452,21,0.318552256,0.143071756,2,[10],[256],[256],6842250,bb5u20c1,302.5,trial_0156_learning_rate=5.0e-04_history=5_kernel_sizes=10_conv_channels=256_fc_dims=256_seed0,ae50987f9a,trial_0156_learning_rate=5.0e-04_history=5_kernel_sizes=10_conv_channels=256_fc_dims=256_seed0
/scratch/sb272/patterns5k_results/slurm_hist_cnn_2026-03-03_15-13-01/trial_0191_learning_rate=5.0e-04_history=5_kernel_sizes=10_conv_channels=256_fc_dims=256_seed0,cnn,0.167946731,0.132736082,0.020149347,0.013142769,0.115082905,0.140496641,351551,351551,38,0.598431859,5,TRUE,0.454568327,0.447523171,20,0.318552256,0.141413674,2,[10],[256],[256],6842252,bb5u23c1,306.7,trial_0191_learning_rate=5.0e-04_history=5_kernel_sizes=10_conv_channels=256_fc_dims=256_seed0,ee6b09be22,trial_0191_learning_rate=5.0e-04_history=5_kernel_sizes=10_conv_channels=256_fc_dims=256_seed0
/scratch/sb272/patterns5k_results/slurm_hist_cnn_2026-03-03_15-13-01/trial_0121_learning_rate=5.0e-04_history=5_kernel_sizes=10_conv_channels=256_fc_dims=256_seed1,cnn,0.167740704,0.135778944,0.020896872,0.013661333,0.115870573,0.139888689,351551,351551,39,0.597780535,5,TRUE,0.454568327,0.452742887,20,0.318552256,0.144422069,2,[10],[256],[256],6842248,bb4u21c1,330.2,trial_0121_learning_rate=5.0e-04_history=5_kernel_sizes=10_conv_channels=256_fc_dims=256_seed1,fdf2aed74b,trial_0121_learning_rate=5.0e-04_history=5_kernel_sizes=10_conv_channels=256_fc_dims=256_seed1
/scratch/sb272/patterns5k_results/slurm_hist_cnn_2026-03-03_15-13-01/trial_0296_learning_rate=1.0e-03_history=5_kernel_sizes=10_conv_channels=256_fc_dims=256_seed0,cnn,0.167878366,0.137739063,0.022532653,0.01393534,0.11741966,0.14328288,351551,351551,31,0.595207125,5,TRUE,0.454568327,0.447964912,22,0.318552256,0.146713659,2,[10],[256],[256],6842258,bc12u15n3,523.6,trial_0296_learning_rate=1.0e-03_history=5_kernel_sizes=10_conv_channels=256_fc_dims=256_seed0,58a816119a,trial_0296_learning_rate=1.0e-03_history=5_kernel_sizes=10_conv_channels=256_fc_dims=256_seed0
/scratch/sb272/patterns5k_results/slurm_hist_cnn_2026-03-03_15-13-01/trial_0261_learning_rate=1.0e-03_history=5_kernel_sizes=10_conv_channels=256_fc_dims=256_seed0,cnn,0.167805042,0.136426929,0.019411491,0.012971135,0.11651507,0.141393036,351551,351551,31,0.593329116,5,TRUE,0.454568327,0.448374312,23,0.318552256,0.14514868,2,[10],[256],[256],6842256,bc12u13n4,513.7,trial_0261_learning_rate=1.0e-03_history=5_kernel_sizes=10_conv_channels=256_fc_dims=256_seed0,4e8b65a464,trial_0261_learning_rate=1.0e-03_history=5_kernel_sizes=10_conv_channels=256_fc_dims=256_seed0
/scratch/sb272/patterns5k_results/slurm_hist_cnn_2026-03-03_15-13-01/trial_0191_learning_rate=5.0e-04_history=5_kernel_sizes=10_conv_channels=256_fc_dims=256_seed2,cnn,0.167860631,0.134139019,0.019654946,0.013231013,0.115261629,0.137285955,351551,351551,38,0.593289601,5,TRUE,0.454568327,0.451565221,22,0.318552256,0.142928943,2,[10],[256],[256],6842252,bb5u23c1,305,trial_0191_learning_rate=5.0e-04_history=5_kernel_sizes=10_conv_channels=256_fc_dims=256_seed2,ee6b09be22,trial_0191_learning_rate=5.0e-04_history=5_kernel_sizes=10_conv_channels=256_fc_dims=256_seed2
/scratch/sb272/patterns5k_results/slurm_hist_cnn_2026-03-03_15-13-01/trial_0121_learning_rate=5.0e-04_history=5_kernel_sizes=10_conv_channels=256_fc_dims=256_seed2,cnn,0.168087724,0.13437503,0.018413165,0.012483099,0.115831837,0.137891275,351551,351551,42,0.592291317,5,TRUE,0.454568327,0.446875358,20,0.318552256,0.143349543,2,[10],[256],[256],6842248,bb4u21c1,341.1,trial_0121_learning_rate=5.0e-04_history=5_kernel_sizes=10_conv_channels=256_fc_dims=256_seed2,fdf2aed74b,trial_0121_learning_rate=5.0e-04_history=5_kernel_sizes=10_conv_channels=256_fc_dims=256_seed2
/scratch/sb272/patterns5k_results/slurm_hist_cnn_2026-03-03_15-13-01/trial_0369_learning_rate=5.0e-03_history=5_kernel_sizes=10x5_conv_channels=256x128_fc_dims=256_seed0,cnn,0.167386069,0.150073365,0.021475934,0.006220409,0.106412537,0.1518902,483007,483007,24,0.592053657,5,TRUE,0.454568327,0.432417372,20,0.318552256,0.158287287,2,"[10, 5]","[256, 128]",[256],6851123,bb2u26c1,285.1,trial_0369_learning_rate=5.0e-03_history=5_kernel_sizes=10x5_conv_channels=256x128_fc_dims=256_seed0,42e38596b9,trial_0369_learning_rate=5.0e-03_history=5_kernel_sizes=10x5_conv_channels=256x128_fc_dims=256_seed0
/scratch/sb272/patterns5k_results/slurm_hist_cnn_2026-03-03_15-13-01/trial_0294_learning_rate=1.0e-03_history=5_kernel_sizes=3_conv_channels=256_fc_dims=256_seed0,cnn,0.167578772,0.140352077,0.022351955,0.019304666,0.130846187,0.142783209,163391,163391,39,0.59198499,5,TRUE,0.454568327,0.431565476,16,0.318552256,0.146207467,2,[3],[256],[256],6842258,bc12u15n3,505.1,trial_0294_learning_rate=1.0e-03_history=5_kernel_sizes=3_conv_channels=256_fc_dims=256_seed0,dc1111970e,trial_0294_learning_rate=1.0e-03_history=5_kernel_sizes=3_conv_channels=256_fc_dims=256_seed0
/scratch/sb272/patterns5k_results/slurm_hist_cnn_2026-03-03_15-13-01/trial_0261_learning_rate=1.0e-03_history=5_kernel_sizes=10_conv_channels=256_fc_dims=256_seed2,cnn,0.168125029,0.133010771,0.018083079,0.011849209,0.113053247,0.139619289,351551,351551,31,0.591694492,5,TRUE,0.454568327,0.44965881,20,0.318552256,0.141759947,2,[10],[256],[256],6842256,bc12u13n4,501.9,trial_0261_learning_rate=1.0e-03_history=5_kernel_sizes=10_conv_channels=256_fc_dims=256_seed2,4e8b65a464,trial_0261_learning_rate=1.0e-03_history=5_kernel_sizes=10_conv_channels=256_fc_dims=256_seed2
/scratch/sb272/patterns5k_results/slurm_hist_cnn_2026-03-03_15-13-01/trial_0259_learning_rate=1.0e-03_history=5_kernel_sizes=3_conv_channels=256_fc_dims=256_seed2,cnn,0.167707303,0.140017765,0.021248176,0.018518937,0.129994631,0.13957951,163391,163391,37,0.591289452,5,TRUE,0.454568327,0.437692435,19,0.318552256,0.146672085,2,[3],[256],[256],6842256,bc12u13n4,469.1,trial_0259_learning_rate=1.0e-03_history=5_kernel_sizes=3_conv_channels=256_fc_dims=256_seed2,673b8591b7,trial_0259_learning_rate=1.0e-03_history=5_kernel_sizes=3_conv_channels=256_fc_dims=256_seed2
/scratch/sb272/patterns5k_results/slurm_hist_cnn_2026-03-03_15-13-01/trial_0260_learning_rate=1.0e-03_history=5_kernel_sizes=5_conv_channels=256_fc_dims=256_seed1,cnn,0.167968768,0.136250255,0.019794157,0.016773206,0.124458581,0.143593559,217151,217151,41,0.591173755,5,TRUE,0.454568327,0.43773142,18,0.318552256,0.144010738,2,[5],[256],[256],6842256,bc12u13n4,512.3,trial_0260_learning_rate=1.0e-03_history=5_kernel_sizes=5_conv_channels=256_fc_dims=256_seed1,f0a293c203,trial_0260_learning_rate=1.0e-03_history=5_kernel_sizes=5_conv_channels=256_fc_dims=256_seed1
/scratch/sb272/patterns5k_results/slurm_hist_cnn_2026-03-03_15-13-01/trial_0226_learning_rate=1.0e-03_history=5_kernel_sizes=10_conv_channels=256_fc_dims=256_seed2,cnn,0.168043109,0.136671328,0.016906938,0.011960997,0.117672674,0.139656277,351551,351551,32,0.591147962,5,TRUE,0.454568327,0.453096692,22,0.318552256,0.146264836,2,[10],[256],[256],6842254,bb5u25c1,272.2,trial_0226_learning_rate=1.0e-03_history=5_kernel_sizes=10_conv_channels=256_fc_dims=256_seed2,5b15ed3036,trial_0226_learning_rate=1.0e-03_history=5_kernel_sizes=10_conv_channels=256_fc_dims=256_seed2
/scratch/sb272/patterns5k_results/slurm_hist_cnn_2026-03-03_15-13-01/trial_0189_learning_rate=5.0e-04_history=5_kernel_sizes=3_conv_channels=256_fc_dims=256_seed1,cnn,0.16744232,0.138224282,0.023341237,0.019438599,0.128527209,0.143361128,163391,163391,50,0.589860467,5,TRUE,0.454568327,0.439599002,18,0.318552256,0.145387024,2,[3],[256],[256],6842252,bb5u23c1,293,trial_0189_learning_rate=5.0e-04_history=5_kernel_sizes=3_conv_channels=256_fc_dims=256_seed1,24e79acb9f,trial_0189_learning_rate=5.0e-04_history=5_kernel_sizes=3_conv_channels=256_fc_dims=256_seed1
/scratch/sb272/patterns5k_results/slurm_hist_cnn_2026-03-03_15-13-01/trial_0229_learning_rate=1.0e-03_history=5_kernel_sizes=10x5_conv_channels=256x128_fc_dims=256_seed1,cnn,0.167970428,0.144312668,0.017914971,0.004574664,0.107238457,0.147885505,483007,483007,27,0.589426877,5,TRUE,0.454568327,0.436321953,17,0.318552256,0.152855456,2,"[10, 5]","[256, 128]",[256],6842254,bb5u25c1,286,trial_0229_learning_rate=1.0e-03_history=5_kernel_sizes=10x5_conv_channels=256x128_fc_dims=256_seed1,d8cb197525,trial_0229_learning_rate=1.0e-03_history=5_kernel_sizes=10x5_conv_channels=256x128_fc_dims=256_seed1
/scratch/sb272/patterns5k_results/slurm_hist_cnn_2026-03-03_15-13-01/trial_0226_learning_rate=1.0e-03_history=5_kernel_sizes=10_conv_channels=256_fc_dims=256_seed0,cnn,0.168079362,0.136083784,0.019378533,0.012883794,0.115515009,0.14021878,351551,351551,35,0.588712081,5,TRUE,0.454568327,0.449194003,21,0.318552256,0.144832343,2,[10],[256],[256],6842254,bb5u25c1,282.5,trial_0226_learning_rate=1.0e-03_history=5_kernel_sizes=10_conv_channels=256_fc_dims=256_seed0,5b15ed3036,trial_0226_learning_rate=1.0e-03_history=5_kernel_sizes=10_conv_channels=256_fc_dims=256_seed0
/scratch/sb272/patterns5k_results/slurm_hist_cnn_2026-03-03_15-13-01/trial_0261_learning_rate=1.0e-03_history=5_kernel_sizes=10_conv_channels=256_fc_dims=256_seed1,cnn,0.168429307,0.135285348,0.020724794,0.012296039,0.112299956,0.143099844,351551,351551,34,0.58862552,5,TRUE,0.454568327,0.440803709,19,0.318552256,0.143738687,2,[10],[256],[256],6842256,bc12u13n4,519.4,trial_0261_learning_rate=1.0e-03_history=5_kernel_sizes=10_conv_channels=256_fc_dims=256_seed1,4e8b65a464,trial_0261_learning_rate=1.0e-03_history=5_kernel_sizes=10_conv_channels=256_fc_dims=256_seed1
/scratch/sb272/patterns5k_results/slurm_hist_cnn_2026-03-03_15-13-01/trial_0224_learning_rate=1.0e-03_history=5_kernel_sizes=3_conv_channels=256_fc_dims=256_seed1,cnn,0.167746349,0.138879915,0.02152081,0.018982722,0.130786881,0.144528851,163391,163391,43,0.587653791,5,TRUE,0.454568327,0.431558989,18,0.318552256,0.145452484,2,[3],[256],[256],6842254,bb5u25c1,267.2,trial_0224_learning_rate=1.0e-03_history=5_kernel_sizes=3_conv_channels=256_fc_dims=256_seed1,d77388d0a3,trial_0224_learning_rate=1.0e-03_history=5_kernel_sizes=3_conv_channels=256_fc_dims=256_seed1
/scratch/sb272/patterns5k_results/slurm_hist_cnn_2026-03-03_15-13-01/trial_0154_learning_rate=5.0e-04_history=5_kernel_sizes=3_conv_channels=256_fc_dims=256_seed2,cnn,0.16782546,0.138009835,0.021136332,0.01788921,0.127409101,0.138754896,163391,163391,50,0.587166863,5,TRUE,0.454568327,0.435507231,17,0.318552256,0.14471662,2,[3],[256],[256],6842250,bb5u20c1,283.2,trial_0154_learning_rate=5.0e-04_history=5_kernel_sizes=3_conv_channels=256_fc_dims=256_seed2,54ea364e8f,trial_0154_learning_rate=5.0e-04_history=5_kernel_sizes=3_conv_channels=256_fc_dims=256_seed2
/scratch/sb272/patterns5k_results/slurm_hist_cnn_2026-03-03_15-13-01/trial_0295_learning_rate=1.0e-03_history=5_kernel_sizes=5_conv_channels=256_fc_dims=256_seed0,cnn,0.167470665,0.140045724,0.021918328,0.019762736,0.130696446,0.145713252,217151,217151,34,0.587120289,5,TRUE,0.454568327,0.440062941,20,0.318552256,0.147913277,2,[5],[256],[256],6842258,bc12u15n3,498,trial_0295_learning_rate=1.0e-03_history=5_kernel_sizes=5_conv_channels=256_fc_dims=256_seed0,40ddaa31c0,trial_0295_learning_rate=1.0e-03_history=5_kernel_sizes=5_conv_channels=256_fc_dims=256_seed0
/scratch/sb272/patterns5k_results/slurm_hist_cnn_2026-03-03_15-13-01/trial_0296_learning_rate=1.0e-03_history=5_kernel_sizes=10_conv_channels=256_fc_dims=256_seed1,cnn,0.167643616,0.137393181,0.020237433,0.012538579,0.115408428,0.142390966,351551,351551,33,0.58696861,5,TRUE,0.454568327,0.449641807,20,0.318552256,0.146505475,2,[10],[256],[256],6842258,bc12u15n3,517.9,trial_0296_learning_rate=1.0e-03_history=5_kernel_sizes=10_conv_channels=256_fc_dims=256_seed1,58a816119a,trial_0296_learning_rate=1.0e-03_history=5_kernel_sizes=10_conv_channels=256_fc_dims=256_seed1
/scratch/sb272/patterns5k_results/slurm_hist_cnn_2026-03-03_15-13-01/trial_0294_learning_rate=1.0e-03_history=5_kernel_sizes=3_conv_channels=256_fc_dims=256_seed2,cnn,0.167667413,0.138374467,0.022142009,0.019097028,0.129532158,0.139735082,163391,163391,44,0.58687291,5,TRUE,0.454568327,0.431872857,17,0.318552256,0.145018384,2,[3],[256],[256],6842258,bc12u15n3,523.2,trial_0294_learning_rate=1.0e-03_history=5_kernel_sizes=3_conv_channels=256_fc_dims=256_seed2,dc1111970e,trial_0294_learning_rate=1.0e-03_history=5_kernel_sizes=3_conv_channels=256_fc_dims=256_seed2
/scratch/sb272/patterns5k_results/slurm_hist_cnn_2026-03-03_15-13-01/trial_0297_learning_rate=1.0e-03_history=5_kernel_sizes=20_conv_channels=256_fc_dims=256_seed2,cnn,0.170050784,0.137531623,0.021836916,0.009058798,0.112711228,0.135043686,620351,620351,29,0.586152735,5,TRUE,0.454568327,0.450307386,22,0.318552256,0.148388356,2,[20],[256],[256],6842258,bc12u15n3,615.1,trial_0297_learning_rate=1.0e-03_history=5_kernel_sizes=20_conv_channels=256_fc_dims=256_seed2,0a5b119281,trial_0297_learning_rate=1.0e-03_history=5_kernel_sizes=20_conv_channels=256_fc_dims=256_seed2
/scratch/sb272/patterns5k_results/slurm_hist_cnn_2026-03-03_15-13-01/trial_0189_learning_rate=5.0e-04_history=5_kernel_sizes=3_conv_channels=256_fc_dims=256_seed0,cnn,0.168076055,0.137499604,0.020602223,0.018325871,0.128508285,0.143596928,163391,163391,50,0.586065538,5,TRUE,0.454568327,0.427818722,17,0.318552256,0.144213468,2,[3],[256],[256],6842252,bb5u23c1,292.3,trial_0189_learning_rate=5.0e-04_history=5_kernel_sizes=3_conv_channels=256_fc_dims=256_seed0,24e79acb9f,trial_0189_learning_rate=5.0e-04_history=5_kernel_sizes=3_conv_channels=256_fc_dims=256_seed0
/scratch/sb272/patterns5k_results/slurm_hist_cnn_2026-03-03_15-13-01/trial_0295_learning_rate=1.0e-03_history=5_kernel_sizes=5_conv_channels=256_fc_dims=256_seed2,cnn,0.167556309,0.140954545,0.022872206,0.019760597,0.131004155,0.138890664,217151,217151,41,0.586019053,5,TRUE,0.454568327,0.434374345,17,0.318552256,0.148557156,2,[5],[256],[256],6842258,bc12u15n3,533,trial_0295_learning_rate=1.0e-03_history=5_kernel_sizes=5_conv_channels=256_fc_dims=256_seed2,40ddaa31c0,trial_0295_learning_rate=1.0e-03_history=5_kernel_sizes=5_conv_channels=256_fc_dims=256_seed2
/scratch/sb272/patterns5k_results/slurm_hist_cnn_2026-03-03_15-13-01/trial_0155_learning_rate=5.0e-04_history=5_kernel_sizes=5_conv_channels=256_fc_dims=256_seed1,cnn,0.167615723,0.139846774,0.021164812,0.019360276,0.131115198,0.143896686,217151,217151,46,0.585974737,5,TRUE,0.454568327,0.432760846,20,0.318552256,0.147423685,2,[5],[256],[256],6842250,bb5u20c1,280.5,trial_0155_learning_rate=5.0e-04_history=5_kernel_sizes=5_conv_channels=256_fc_dims=256_seed1,7d8368dc02,trial_0155_learning_rate=5.0e-04_history=5_kernel_sizes=5_conv_channels=256_fc_dims=256_seed1
/scratch/sb272/patterns5k_results/slurm_hist_cnn_2026-03-03_15-13-01/trial_0260_learning_rate=1.0e-03_history=5_kernel_sizes=5_conv_channels=256_fc_dims=256_seed2,cnn,0.167751065,0.139580864,0.022380621,0.019684174,0.129892498,0.139697549,217151,217151,42,0.585401242,5,TRUE,0.454568327,0.434432511,17,0.318552256,0.147038296,2,[5],[256],[256],6842256,bc12u13n4,514.6,trial_0260_learning_rate=1.0e-03_history=5_kernel_sizes=5_conv_channels=256_fc_dims=256_seed2,f0a293c203,trial_0260_learning_rate=1.0e-03_history=5_kernel_sizes=5_conv_channels=256_fc_dims=256_seed2
/scratch/sb272/patterns5k_results/slurm_hist_cnn_2026-03-03_15-13-01/trial_0154_learning_rate=5.0e-04_history=5_kernel_sizes=3_conv_channels=256_fc_dims=256_seed0,cnn,0.167646805,0.138851051,0.021564561,0.019324323,0.130635753,0.14334275,163391,163391,47,0.585309073,5,TRUE,0.454568327,0.435681551,18,0.318552256,0.145625696,1,[3],[256],[256],6842250,bb5u20c1,267,trial_0154_learning_rate=5.0e-04_history=5_kernel_sizes=3_conv_channels=256_fc_dims=256_seed0,54ea364e8f,trial_0154_learning_rate=5.0e-04_history=5_kernel_sizes=3_conv_channels=256_fc_dims=256_seed0
/scratch/sb272/patterns5k_results/slurm_hist_cnn_2026-03-03_15-13-01/trial_0225_learning_rate=1.0e-03_history=5_kernel_sizes=5_conv_channels=256_fc_dims=256_seed1,cnn,0.167222491,0.140493559,0.023329622,0.019477546,0.13007848,0.145094331,217151,217151,33,0.584543374,5,TRUE,0.454568327,0.429632795,18,0.318552256,0.148172423,2,[5],[256],[256],6842254,bb5u25c1,248.4,trial_0225_learning_rate=1.0e-03_history=5_kernel_sizes=5_conv_channels=256_fc_dims=256_seed1,0508f056b9,trial_0225_learning_rate=1.0e-03_history=5_kernel_sizes=5_conv_channels=256_fc_dims=256_seed1
/scratch/sb272/patterns5k_results/slurm_hist_cnn_2026-03-03_15-13-01/trial_0119_learning_rate=5.0e-04_history=5_kernel_sizes=3_conv_channels=256_fc_dims=256_seed1,cnn,0.167820859,0.1368806,0.021064928,0.018388438,0.127148524,0.144205894,163391,163391,50,0.584077399,5,TRUE,0.454568327,0.435265772,19,0.318552256,0.143590137,2,[3],[256],[256],6842248,bb4u21c1,304.9,trial_0119_learning_rate=5.0e-04_history=5_kernel_sizes=3_conv_channels=256_fc_dims=256_seed1,035e38fdd7,trial_0119_learning_rate=5.0e-04_history=5_kernel_sizes=3_conv_channels=256_fc_dims=256_seed1
/scratch/sb272/patterns5k_results/slurm_hist_cnn_2026-03-03_15-13-01/trial_0224_learning_rate=1.0e-03_history=5_kernel_sizes=3_conv_channels=256_fc_dims=256_seed2,cnn,0.167661958,0.13936718,0.021861541,0.01968989,0.131464392,0.13816245,163391,163391,43,0.583502877,5,TRUE,0.454568327,0.431844608,17,0.318552256,0.146105513,2,[3],[256],[256],6842254,bb5u25c1,262.9,trial_0224_learning_rate=1.0e-03_history=5_kernel_sizes=3_conv_channels=256_fc_dims=256_seed2,d77388d0a3,trial_0224_learning_rate=1.0e-03_history=5_kernel_sizes=3_conv_channels=256_fc_dims=256_seed2
/scratch/sb272/patterns5k_results/slurm_hist_cnn_2026-03-03_15-13-01/trial_0295_learning_rate=1.0e-03_history=5_kernel_sizes=5_conv_channels=256_fc_dims=256_seed1,cnn,0.167921358,0.140430585,0.018924205,0.017972417,0.1317783,0.146702086,217151,217151,37,0.583186658,5,TRUE,0.454568327,0.433402288,18,0.318552256,0.148006663,2,[5],[256],[256],6842258,bc12u15n3,498.9,trial_0295_learning_rate=1.0e-03_history=5_kernel_sizes=5_conv_channels=256_fc_dims=256_seed1,40ddaa31c0,trial_0295_learning_rate=1.0e-03_history=5_kernel_sizes=5_conv_channels=256_fc_dims=256_seed1
/scratch/sb272/patterns5k_results/slurm_hist_cnn_2026-03-03_15-13-01/trial_0155_learning_rate=5.0e-04_history=5_kernel_sizes=5_conv_channels=256_fc_dims=256_seed2,cnn,0.167369738,0.139673147,0.022449009,0.019158375,0.130804688,0.140751915,217151,217151,50,0.583085522,5,TRUE,0.454568327,0.43218944,17,0.318552256,0.147195458,2,[5],[256],[256],6842250,bb5u20c1,293.8,trial_0155_learning_rate=5.0e-04_history=5_kernel_sizes=5_conv_channels=256_fc_dims=256_seed2,7d8368dc02,trial_0155_learning_rate=5.0e-04_history=5_kernel_sizes=5_conv_channels=256_fc_dims=256_seed2
/scratch/sb272/patterns5k_results/slurm_hist_cnn_2026-03-03_15-13-01/trial_0159_learning_rate=5.0e-04_history=5_kernel_sizes=10x5_conv_channels=256x128_fc_dims=256_seed1,cnn,0.168683412,0.140121552,0.012609398,0.002708661,0.107845046,0.143693916,483007,483007,31,0.582740362,5,TRUE,0.454568327,0.426418832,20,0.318552256,0.148687959,2,"[10, 5]","[256, 128]",[256],6842250,bb5u20c1,349,trial_0159_learning_rate=5.0e-04_history=5_kernel_sizes=10x5_conv_channels=256x128_fc_dims=256_seed1,9f78ce1b0b,trial_0159_learning_rate=5.0e-04_history=5_kernel_sizes=10x5_conv_channels=256x128_fc_dims=256_seed1
/scratch/sb272/patterns5k_results/slurm_hist_cnn_2026-03-03_15-13-01/trial_0263_learning_rate=1.0e-03_history=5_kernel_sizes=10x3_conv_channels=256x128_fc_dims=256_seed0,cnn,0.169277101,0.14263294,0.012627969,0.003622922,0.112669498,0.14216618,417471,417471,32,0.581091118,5,TRUE,0.454568327,0.426620738,16,0.318552256,0.151200876,2,"[10, 3]","[256, 128]",[256],6842256,bc12u13n4,514.5,trial_0263_learning_rate=1.0e-03_history=5_kernel_sizes=10x3_conv_channels=256x128_fc_dims=256_seed0,f40fda5ed8,trial_0263_learning_rate=1.0e-03_history=5_kernel_sizes=10x3_conv_channels=256x128_fc_dims=256_seed0
/scratch/sb272/patterns5k_results/slurm_hist_cnn_2026-03-03_15-13-01/trial_0120_learning_rate=5.0e-04_history=5_kernel_sizes=5_conv_channels=256_fc_dims=256_seed0,cnn,0.167863089,0.138185032,0.019876682,0.017660662,0.128080294,0.145181171,217151,217151,46,0.580802532,5,TRUE,0.454568327,0.42876178,16,0.318552256,0.145658895,2,[5],[256],[256],6842248,bb4u21c1,313,trial_0120_learning_rate=5.0e-04_history=5_kernel_sizes=5_conv_channels=256_fc_dims=256_seed0,6b43995ee7,trial_0120_learning_rate=5.0e-04_history=5_kernel_sizes=5_conv_channels=256_fc_dims=256_seed0
/scratch/sb272/patterns5k_results/slurm_hist_cnn_2026-03-03_15-13-01/trial_0401_learning_rate=5.0e-03_history=5_kernel_sizes=10_conv_channels=256_fc_dims=256_seed0,cnn,0.167050056,0.138371132,0.023333914,0.013580698,0.11464753,0.142284809,351551,351551,19,0.580483744,5,TRUE,0.454568327,0.440706031,19,0.318552256,0.146747515,2,[10],[256],[256],6853982,bb5u23c1,217.2,trial_0401_learning_rate=5.0e-03_history=5_kernel_sizes=10_conv_channels=256_fc_dims=256_seed0,1d527d726c,trial_0401_learning_rate=5.0e-03_history=5_kernel_sizes=10_conv_channels=256_fc_dims=256_seed0
/scratch/sb272/patterns5k_results/slurm_hist_cnn_2026-03-03_15-13-01/trial_0364_learning_rate=5.0e-03_history=5_kernel_sizes=3_conv_channels=256_fc_dims=256_seed2,cnn,0.167909629,0.135773162,0.021085334,0.017720768,0.124842867,0.136134399,163391,163391,25,0.579897743,5,TRUE,0.454568327,0.430532835,19,0.318552256,0.142208114,2,[3],[256],[256],6850941,bb5u25c1,210.2,trial_0364_learning_rate=5.0e-03_history=5_kernel_sizes=3_conv_channels=256_fc_dims=256_seed2,666baf7376,trial_0364_learning_rate=5.0e-03_history=5_kernel_sizes=3_conv_channels=256_fc_dims=256_seed2
/scratch/sb272/patterns5k_results/slurm_hist_cnn_2026-03-03_15-13-01/trial_0156_learning_rate=5.0e-04_history=5_kernel_sizes=10_conv_channels=256_fc_dims=256_seed1,cnn,0.167829877,0.131557751,0.020317504,0.013128466,0.113312669,0.141098744,351551,351551,36,0.579166471,5,TRUE,0.454568327,0.444392216,19,0.318552256,0.140656009,2,[10],[256],[256],6842250,bb5u20c1,285.1,trial_0156_learning_rate=5.0e-04_history=5_kernel_sizes=10_conv_channels=256_fc_dims=256_seed1,ae50987f9a,trial_0156_learning_rate=5.0e-04_history=5_kernel_sizes=10_conv_channels=256_fc_dims=256_seed1
/scratch/sb272/patterns5k_results/slurm_hist_cnn_2026-03-03_15-13-01/trial_0368_learning_rate=5.0e-03_history=5_kernel_sizes=10x3_conv_channels=256x128_fc_dims=256_seed2,cnn,0.168288241,0.141862795,0.018949844,0.005364091,0.102488048,0.14743644,417471,417471,24,0.578950142,5,TRUE,0.454568327,0.425802555,19,0.318552256,0.15124543,2,"[10, 3]","[256, 128]",[256],6851123,bb2u26c1,274.2,trial_0368_learning_rate=5.0e-03_history=5_kernel_sizes=10x3_conv_channels=256x128_fc_dims=256_seed2,0f8f42d810,trial_0368_learning_rate=5.0e-03_history=5_kernel_sizes=10x3_conv_channels=256x128_fc_dims=256_seed2
/scratch/sb272/patterns5k_results/slurm_hist_cnn_2026-03-03_15-13-01/trial_0303_learning_rate=1.0e-03_history=10_kernel_sizes=10_conv_channels=256_fc_dims=256_seed1,cnn,0.168252116,0.134035623,0.02006411,0.015308132,0.120907336,0.138725038,351551,351551,31,0.578763026,10,TRUE,0.454568327,0.432069929,17,0.318552256,0.14375338,1,[10],[256],[256],6842259,bc12u15n3,508,trial_0303_learning_rate=1.0e-03_history=10_kernel_sizes=10_conv_channels=256_fc_dims=256_seed1,59fe16f6c1,trial_0303_learning_rate=1.0e-03_history=10_kernel_sizes=10_conv_channels=256_fc_dims=256_seed1
/scratch/sb272/patterns5k_results/slurm_hist_cnn_2026-03-03_15-13-01/trial_0191_learning_rate=5.0e-04_history=5_kernel_sizes=10_conv_channels=256_fc_dims=256_seed1,cnn,0.168115994,0.135483833,0.018804548,0.013030798,0.116639927,0.141052146,351551,351551,47,0.577628041,5,TRUE,0.454568327,0.438014126,16,0.318552256,0.143932238,2,[10],[256],[256],6842252,bb5u23c1,347.4,trial_0191_learning_rate=5.0e-04_history=5_kernel_sizes=10_conv_channels=256_fc_dims=256_seed1,ee6b09be22,trial_0191_learning_rate=5.0e-04_history=5_kernel_sizes=10_conv_channels=256_fc_dims=256_seed1
/scratch/sb272/patterns5k_results/slurm_hist_cnn_2026-03-03_15-13-01/trial_0189_learning_rate=5.0e-04_history=5_kernel_sizes=3_conv_channels=256_fc_dims=256_seed2,cnn,0.168045551,0.136494886,0.020051212,0.017942021,0.128161252,0.138658321,163391,163391,50,0.577213736,5,TRUE,0.454568327,0.428891144,19,0.318552256,0.143218562,2,[3],[256],[256],6842252,bb5u23c1,294,trial_0189_learning_rate=5.0e-04_history=5_kernel_sizes=3_conv_channels=256_fc_dims=256_seed2,24e79acb9f,trial_0189_learning_rate=5.0e-04_history=5_kernel_sizes=3_conv_channels=256_fc_dims=256_seed2
/scratch/sb272/patterns5k_results/slurm_hist_cnn_2026-03-03_15-13-01/trial_0268_learning_rate=1.0e-03_history=10_kernel_sizes=10_conv_channels=256_fc_dims=256_seed0,cnn,0.168374371,0.135394265,0.019429641,0.016025067,0.124046072,0.138703063,351551,351551,33,0.577094172,10,TRUE,0.454568327,0.431638117,19,0.318552256,0.144704044,1,[10],[256],[256],6842257,bc12u15n1,468.2,trial_0268_learning_rate=1.0e-03_history=10_kernel_sizes=10_conv_channels=256_fc_dims=256_seed0,e7930af797,trial_0268_learning_rate=1.0e-03_history=10_kernel_sizes=10_conv_channels=256_fc_dims=256_seed0
/scratch/sb272/patterns5k_results/slurm_hist_cnn_2026-03-03_15-13-01/trial_0402_learning_rate=5.0e-03_history=5_kernel_sizes=20_conv_channels=256_fc_dims=256_seed2,cnn,0.167707189,0.137720444,0.021020444,0.009253065,0.106844053,0.135419184,620351,620351,20,0.576682307,5,TRUE,0.454568327,0.449502966,25,0.318552256,0.148904622,2,[20],[256],[256],6853982,bb5u23c1,263.4,trial_0402_learning_rate=5.0e-03_history=5_kernel_sizes=20_conv_channels=256_fc_dims=256_seed2,e511cde1ca,trial_0402_learning_rate=5.0e-03_history=5_kernel_sizes=20_conv_channels=256_fc_dims=256_seed2
/scratch/sb272/patterns5k_results/slurm_hist_cnn_2026-03-03_15-13-01/trial_0271_learning_rate=1.0e-03_history=10_kernel_sizes=10x5_conv_channels=256x128_fc_dims=256_seed2,cnn,0.169177336,0.138216674,0.016001338,0.009410118,0.115759999,0.135380566,483007,483007,27,0.576625438,10,TRUE,0.454568327,0.414529231,14,0.318552256,0.146707594,1,"[10, 5]","[256, 128]",[256],6842257,bc12u15n1,463.4,trial_0271_learning_rate=1.0e-03_history=10_kernel_sizes=10x5_conv_channels=256x128_fc_dims=256_seed2,76ad7e1ed5,trial_0271_learning_rate=1.0e-03_history=10_kernel_sizes=10x5_conv_channels=256x128_fc_dims=256_seed2
/scratch/sb272/patterns5k_results/slurm_hist_cnn_2026-03-03_15-13-01/trial_0156_learning_rate=5.0e-04_history=5_kernel_sizes=10_conv_channels=256_fc_dims=256_seed2,cnn,0.167989454,0.133570009,0.021043662,0.013481521,0.114977069,0.136828901,351551,351551,36,0.576591831,5,TRUE,0.454568327,0.442165598,18,0.318552256,0.142861426,2,[10],[256],[256],6842250,bb5u20c1,345,trial_0156_learning_rate=5.0e-04_history=5_kernel_sizes=10_conv_channels=256_fc_dims=256_seed2,ae50987f9a,trial_0156_learning_rate=5.0e-04_history=5_kernel_sizes=10_conv_channels=256_fc_dims=256_seed2
/scratch/sb272/patterns5k_results/slurm_hist_cnn_2026-03-03_15-13-01/trial_0268_learning_rate=1.0e-03_history=10_kernel_sizes=10_conv_channels=256_fc_dims=256_seed2,cnn,0.168713946,0.134271387,0.01824237,0.013638284,0.122294538,0.135177611,351551,351551,32,0.576523264,10,TRUE,0.454568327,0.427396773,19,0.318552256,0.143347651,1,[10],[256],[256],6842257,bc12u15n1,473.7,trial_0268_learning_rate=1.0e-03_history=10_kernel_sizes=10_conv_channels=256_fc_dims=256_seed2,e7930af797,trial_0268_learning_rate=1.0e-03_history=10_kernel_sizes=10_conv_channels=256_fc_dims=256_seed2
/scratch/sb272/patterns5k_results/slurm_hist_cnn_2026-03-03_15-13-01/trial_0233_learning_rate=1.0e-03_history=10_kernel_sizes=10_conv_channels=256_fc_dims=256_seed0,cnn,0.168200014,0.136749057,0.019998877,0.014978313,0.124178909,0.14039667,351551,351551,30,0.576458607,10,TRUE,0.454568327,0.425585395,18,0.318552256,0.145441934,1,[10],[256],[256],6842254,bb5u25c1,263.7,trial_0233_learning_rate=1.0e-03_history=10_kernel_sizes=10_conv_channels=256_fc_dims=256_seed0,70bad5e041,trial_0233_learning_rate=1.0e-03_history=10_kernel_sizes=10_conv_channels=256_fc_dims=256_seed0
/scratch/sb272/patterns5k_results/slurm_hist_cnn_2026-03-03_15-13-01/trial_0190_learning_rate=5.0e-04_history=5_kernel_sizes=5_conv_channels=256_fc_dims=256_seed2,cnn,0.167638499,0.136307457,0.02084958,0.018366912,0.127134502,0.138292763,217151,217151,50,0.576277595,5,TRUE,0.454568327,0.431368772,16,0.318552256,0.1434986,2,[5],[256],[256],6842252,bb5u23c1,311.6,trial_0190_learning_rate=5.0e-04_history=5_kernel_sizes=5_conv_channels=256_fc_dims=256_seed2,23cb99954e,trial_0190_learning_rate=5.0e-04_history=5_kernel_sizes=5_conv_channels=256_fc_dims=256_seed2
/scratch/sb272/patterns5k_results/slurm_hist_cnn_2026-03-03_15-13-01/trial_0224_learning_rate=1.0e-03_history=5_kernel_sizes=3_conv_channels=256_fc_dims=256_seed0,cnn,0.16771234,0.139120904,0.021704068,0.019316169,0.129617095,0.144603935,163391,163391,35,0.576097033,5,TRUE,0.454568327,0.427021051,14,0.318552256,0.145675853,1,[3],[256],[256],6842254,bb5u25c1,237.4,trial_0224_learning_rate=1.0e-03_history=5_kernel_sizes=3_conv_channels=256_fc_dims=256_seed0,d77388d0a3,trial_0224_learning_rate=1.0e-03_history=5_kernel_sizes=3_conv_channels=256_fc_dims=256_seed0
/scratch/sb272/patterns5k_results/slurm_hist_cnn_2026-03-03_15-13-01/trial_0298_learning_rate=1.0e-03_history=5_kernel_sizes=10x3_conv_channels=256x128_fc_dims=256_seed2,cnn,0.168986089,0.138611436,0.011890239,0.003736307,0.108502716,0.141385197,417471,417471,28,0.576088796,5,TRUE,0.454568327,0.429788962,19,0.318552256,0.146765932,2,"[10, 3]","[256, 128]",[256],6842258,bc12u15n3,522.1,trial_0298_learning_rate=1.0e-03_history=5_kernel_sizes=10x3_conv_channels=256x128_fc_dims=256_seed2,ac40deba82,trial_0298_learning_rate=1.0e-03_history=5_kernel_sizes=10x3_conv_channels=256x128_fc_dims=256_seed2
/scratch/sb272/patterns5k_results/slurm_hist_cnn_2026-03-03_15-13-01/trial_0227_learning_rate=1.0e-03_history=5_kernel_sizes=20_conv_channels=256_fc_dims=256_seed0,cnn,0.169500445,0.13489749,0.020355031,0.010183253,0.112959057,0.138748677,620351,620351,27,0.575141013,5,TRUE,0.454568327,0.447193042,23,0.318552256,0.146422014,2,[20],[256],[256],6842254,bb5u25c1,306.3,trial_0227_learning_rate=1.0e-03_history=5_kernel_sizes=20_conv_channels=256_fc_dims=256_seed0,5b609c9990,trial_0227_learning_rate=1.0e-03_history=5_kernel_sizes=20_conv_channels=256_fc_dims=256_seed0
/scratch/sb272/patterns5k_results/slurm_hist_cnn_2026-03-03_15-13-01/trial_0193_learning_rate=5.0e-04_history=5_kernel_sizes=10x3_conv_channels=256x128_fc_dims=256_seed0,cnn,0.171153417,0.132447675,0.00438081,-0.001405618,0.107465453,0.1388249,417471,417471,47,0.574463826,5,TRUE,0.454568327,0.414106193,16,0.318552256,0.140231371,2,"[10, 3]","[256, 128]",[256],6842252,bb5u23c1,376.7,trial_0193_learning_rate=5.0e-04_history=5_kernel_sizes=10x3_conv_channels=256x128_fc_dims=256_seed0,3987f65b8e,trial_0193_learning_rate=5.0e-04_history=5_kernel_sizes=10x3_conv_channels=256x128_fc_dims=256_seed0
/scratch/sb272/patterns5k_results/slurm_hist_cnn_2026-03-03_15-13-01/trial_0399_learning_rate=5.0e-03_history=5_kernel_sizes=3_conv_channels=256_fc_dims=256_seed2,cnn,0.16788069,0.13826908,0.022736315,0.019398028,0.128817111,0.136158543,163391,163391,26,0.574359238,5,TRUE,0.454568327,0.408973483,14,0.318552256,0.144197002,1,[3],[256],[256],6851187,bb5u25c1,214.9,trial_0399_learning_rate=5.0e-03_history=5_kernel_sizes=3_conv_channels=256_fc_dims=256_seed2,2f1302e1e5,trial_0399_learning_rate=5.0e-03_history=5_kernel_sizes=3_conv_channels=256_fc_dims=256_seed2
/scratch/sb272/patterns5k_results/slurm_hist_cnn_2026-03-03_15-13-01/trial_0128_learning_rate=5.0e-04_history=10_kernel_sizes=10_conv_channels=256_fc_dims=256_seed2,cnn,0.168701316,0.131911349,0.019892962,0.016125445,0.123355195,0.133952776,351551,351551,42,0.574118727,10,TRUE,0.454568327,0.419830488,17,0.318552256,0.141087577,1,[10],[256],[256],6842248,bb4u21c1,343.7,trial_0128_learning_rate=5.0e-04_history=10_kernel_sizes=10_conv_channels=256_fc_dims=256_seed2,290c20bc42,trial_0128_learning_rate=5.0e-04_history=10_kernel_sizes=10_conv_channels=256_fc_dims=256_seed2
/scratch/sb272/patterns5k_results/slurm_hist_cnn_2026-03-03_15-13-01/trial_0227_learning_rate=1.0e-03_history=5_kernel_sizes=20_conv_channels=256_fc_dims=256_seed2,cnn,0.169769582,0.135125946,0.017441889,0.008087632,0.110774435,0.136285592,620351,620351,30,0.573780006,5,TRUE,0.454568327,0.450685675,24,0.318552256,0.146362275,2,[20],[256],[256],6842254,bb5u25c1,325.8,trial_0227_learning_rate=1.0e-03_history=5_kernel_sizes=20_conv_channels=256_fc_dims=256_seed2,5b609c9990,trial_0227_learning_rate=1.0e-03_history=5_kernel_sizes=20_conv_channels=256_fc_dims=256_seed2
/scratch/sb272/patterns5k_results/slurm_hist_cnn_2026-03-03_15-13-01/trial_0155_learning_rate=5.0e-04_history=5_kernel_sizes=5_conv_channels=256_fc_dims=256_seed0,cnn,0.16754838,0.137038277,0.02233002,0.019020113,0.127378792,0.143445856,217151,217151,49,0.573736409,5,TRUE,0.454568327,0.426870775,16,0.318552256,0.144517168,2,[5],[256],[256],6842250,bb5u20c1,289.7,trial_0155_learning_rate=5.0e-04_history=5_kernel_sizes=5_conv_channels=256_fc_dims=256_seed0,7d8368dc02,trial_0155_learning_rate=5.0e-04_history=5_kernel_sizes=5_conv_channels=256_fc_dims=256_seed0
/scratch/sb272/patterns5k_results/slurm_hist_cnn_2026-03-03_15-13-01/trial_0367_learning_rate=5.0e-03_history=5_kernel_sizes=20_conv_channels=256_fc_dims=256_seed2,cnn,0.169484898,0.133763094,0.018659735,0.007035124,0.104356058,0.135477605,620351,620351,22,0.573326794,5,TRUE,0.454568327,0.449010816,22,0.318552256,0.144676894,2,[20],[256],[256],6851123,bb2u26c1,298.6,trial_0367_learning_rate=5.0e-03_history=5_kernel_sizes=20_conv_channels=256_fc_dims=256_seed2,5c31bb30b7,trial_0367_learning_rate=5.0e-03_history=5_kernel_sizes=20_conv_channels=256_fc_dims=256_seed2
/scratch/sb272/patterns5k_results/slurm_hist_cnn_2026-03-03_15-13-01/trial_0157_learning_rate=5.0e-04_history=5_kernel_sizes=20_conv_channels=256_fc_dims=256_seed2,cnn,0.169121838,0.132844822,0.019213629,0.010154115,0.112469018,0.129150543,620351,620351,33,0.573190687,5,TRUE,0.454568327,0.45401559,25,0.318552256,0.144511387,2,[20],[256],[256],6842250,bb5u20c1,391.2,trial_0157_learning_rate=5.0e-04_history=5_kernel_sizes=20_conv_channels=256_fc_dims=256_seed2,aedf1daccb,trial_0157_learning_rate=5.0e-04_history=5_kernel_sizes=20_conv_channels=256_fc_dims=256_seed2
/scratch/sb272/patterns5k_results/slurm_hist_cnn_2026-03-03_15-13-01/trial_0401_learning_rate=5.0e-03_history=5_kernel_sizes=10_conv_channels=256_fc_dims=256_seed1,cnn,0.167360604,0.13897458,0.022929182,0.013437257,0.113047242,0.142420475,351551,351551,21,0.573084998,5,TRUE,0.454568327,0.43959315,20,0.318552256,0.147043824,2,[10],[256],[256],6853982,bb5u23c1,225.8,trial_0401_learning_rate=5.0e-03_history=5_kernel_sizes=10_conv_channels=256_fc_dims=256_seed1,1d527d726c,trial_0401_learning_rate=5.0e-03_history=5_kernel_sizes=10_conv_channels=256_fc_dims=256_seed1
/scratch/sb272/patterns5k_results/slurm_hist_cnn_2026-03-03_15-13-01/trial_0161_learning_rate=5.0e-04_history=10_kernel_sizes=3_conv_channels=256_fc_dims=256_seed2,cnn,0.168291134,0.132586307,0.021348218,0.019469098,0.127889827,0.13388459,163391,163391,50,0.572967121,10,TRUE,0.454568327,0.403587226,12,0.318552256,0.138896391,1,[3],[256],[256],6842250,bb5u20c1,356.9,trial_0161_learning_rate=5.0e-04_history=10_kernel_sizes=3_conv_channels=256_fc_dims=256_seed2,d64a2cb80c,trial_0161_learning_rate=5.0e-04_history=10_kernel_sizes=3_conv_channels=256_fc_dims=256_seed2
/scratch/sb272/patterns5k_results/slurm_hist_cnn_2026-03-03_15-13-01/trial_0262_learning_rate=1.0e-03_history=5_kernel_sizes=20_conv_channels=256_fc_dims=256_seed0,cnn,0.168873102,0.136254851,0.019351784,0.009502752,0.112043187,0.135961483,620351,620351,27,0.572526489,5,TRUE,0.454568327,0.451850179,24,0.318552256,0.147145554,2,[20],[256],[256],6842256,bc12u13n4,564.9,trial_0262_learning_rate=1.0e-03_history=5_kernel_sizes=20_conv_channels=256_fc_dims=256_seed0,0f6ffca803,trial_0262_learning_rate=1.0e-03_history=5_kernel_sizes=20_conv_channels=256_fc_dims=256_seed0
/scratch/sb272/patterns5k_results/slurm_hist_cnn_2026-03-03_15-13-01/trial_0232_learning_rate=1.0e-03_history=10_kernel_sizes=5_conv_channels=256_fc_dims=256_seed2,cnn,0.168116378,0.13598911,0.02201514,0.018269977,0.127890468,0.137750261,217151,217151,36,0.572514282,10,TRUE,0.454568327,0.401333453,12,0.318552256,0.143476412,1,[5],[256],[256],6842254,bb5u25c1,257.4,trial_0232_learning_rate=1.0e-03_history=10_kernel_sizes=5_conv_channels=256_fc_dims=256_seed2,96dbcd2e0d,trial_0232_learning_rate=1.0e-03_history=10_kernel_sizes=5_conv_channels=256_fc_dims=256_seed2
/scratch/sb272/patterns5k_results/slurm_hist_cnn_2026-03-03_15-13-01/trial_0294_learning_rate=1.0e-03_history=5_kernel_sizes=3_conv_channels=256_fc_dims=256_seed1,cnn,0.168152876,0.137370786,0.019512154,0.017382017,0.128443405,0.144147945,163391,163391,44,0.572508986,5,TRUE,0.454568327,0.426752821,16,0.318552256,0.144031733,2,[3],[256],[256],6842258,bc12u15n3,538.4,trial_0294_learning_rate=1.0e-03_history=5_kernel_sizes=3_conv_channels=256_fc_dims=256_seed1,dc1111970e,trial_0294_learning_rate=1.0e-03_history=5_kernel_sizes=3_conv_channels=256_fc_dims=256_seed1
/scratch/sb272/patterns5k_results/slurm_hist_cnn_2026-03-03_15-13-01/trial_0366_learning_rate=5.0e-03_history=5_kernel_sizes=10_conv_channels=256_fc_dims=256_seed1,cnn,0.167518338,0.132671007,0.022415578,0.013401322,0.109427556,0.141829164,351551,351551,19,0.571308571,5,TRUE,0.454568327,0.446358445,22,0.318552256,0.140944794,2,[10],[256],[256],6850941,bb5u25c1,217.6,trial_0366_learning_rate=5.0e-03_history=5_kernel_sizes=10_conv_channels=256_fc_dims=256_seed1,604269ca89,trial_0366_learning_rate=5.0e-03_history=5_kernel_sizes=10_conv_channels=256_fc_dims=256_seed1
/scratch/sb272/patterns5k_results/slurm_hist_cnn_2026-03-03_15-13-01/trial_0086_learning_rate=1.0e-04_history=5_kernel_sizes=10_conv_channels=256_fc_dims=256_seed1,cnn,0.168326007,0.124466203,0.018573197,0.012140192,0.109376915,0.130643178,351551,351551,50,0.570836254,5,TRUE,0.454568327,0.441151101,18,0.318552256,0.13321647,2,[10],[256],[256],6842246,bb4u12c1,386.1,trial_0086_learning_rate=1.0e-04_history=5_kernel_sizes=10_conv_channels=256_fc_dims=256_seed1,f419e89a3c,trial_0086_learning_rate=1.0e-04_history=5_kernel_sizes=10_conv_channels=256_fc_dims=256_seed1
/scratch/sb272/patterns5k_results/slurm_hist_cnn_2026-03-03_15-13-01/trial_0159_learning_rate=5.0e-04_history=5_kernel_sizes=10x5_conv_channels=256x128_fc_dims=256_seed2,cnn,0.170384397,0.140410249,0.000558037,-0.00235098,0.114163004,0.140629892,483007,483007,35,0.570593366,5,TRUE,0.454568327,0.422188119,20,0.318552256,0.149221539,2,"[10, 5]","[256, 128]",[256],6842250,bb5u20c1,410.5,trial_0159_learning_rate=5.0e-04_history=5_kernel_sizes=10x5_conv_channels=256x128_fc_dims=256_seed2,9f78ce1b0b,trial_0159_learning_rate=5.0e-04_history=5_kernel_sizes=10x5_conv_channels=256x128_fc_dims=256_seed2
/scratch/sb272/patterns5k_results/slurm_hist_cnn_2026-03-03_15-13-01/trial_0197_learning_rate=5.0e-04_history=10_kernel_sizes=5_conv_channels=256_fc_dims=256_seed2,cnn,0.16839903,0.13135295,0.020854709,0.018617578,0.126739189,0.135672712,217151,217151,50,0.570078717,10,TRUE,0.454568327,0.405941867,14,0.318552256,0.139050037,1,[5],[256],[256],6842252,bb5u23c1,311.9,trial_0197_learning_rate=5.0e-04_history=10_kernel_sizes=5_conv_channels=256_fc_dims=256_seed2,a9971a5c4b,trial_0197_learning_rate=5.0e-04_history=10_kernel_sizes=5_conv_channels=256_fc_dims=256_seed2
/scratch/sb272/patterns5k_results/slurm_hist_cnn_2026-03-03_15-13-01/trial_0402_learning_rate=5.0e-03_history=5_kernel_sizes=20_conv_channels=256_fc_dims=256_seed0,cnn,0.168746174,0.132316281,0.016225609,0.00575051,0.099259034,0.138731615,620351,620351,20,0.569944218,5,TRUE,0.454568327,0.445836819,22,0.318552256,0.142751515,2,[20],[256],[256],6853982,bb5u23c1,263.4,trial_0402_learning_rate=5.0e-03_history=5_kernel_sizes=20_conv_channels=256_fc_dims=256_seed0,e511cde1ca,trial_0402_learning_rate=5.0e-03_history=5_kernel_sizes=20_conv_channels=256_fc_dims=256_seed0
/scratch/sb272/patterns5k_results/slurm_hist_cnn_2026-03-03_15-13-01/trial_0260_learning_rate=1.0e-03_history=5_kernel_sizes=5_conv_channels=256_fc_dims=256_seed0,cnn,0.167653172,0.139817515,0.021606366,0.019118055,0.130226865,0.145364114,217151,217151,33,0.569806803,5,TRUE,0.454568327,0.422536563,16,0.318552256,0.146516234,2,[5],[256],[256],6842256,bc12u13n4,463.7,trial_0260_learning_rate=1.0e-03_history=5_kernel_sizes=5_conv_channels=256_fc_dims=256_seed0,f0a293c203,trial_0260_learning_rate=1.0e-03_history=5_kernel_sizes=5_conv_channels=256_fc_dims=256_seed0
/scratch/sb272/patterns5k_results/slurm_hist_cnn_2026-03-03_15-13-01/trial_0051_learning_rate=1.0e-04_history=5_kernel_sizes=10_conv_channels=256_fc_dims=256_seed1,cnn,0.168517307,0.124352291,0.01846574,0.013757193,0.113985151,0.130430399,351551,351551,50,0.569795269,5,TRUE,0.454568327,0.435236781,19,0.318552256,0.133223608,2,[10],[256],[256],6842244,bb3u12c1,347.9,trial_0051_learning_rate=1.0e-04_history=5_kernel_sizes=10_conv_channels=256_fc_dims=256_seed1,cfde8b60e5,trial_0051_learning_rate=1.0e-04_history=5_kernel_sizes=10_conv_channels=256_fc_dims=256_seed1
/scratch/sb272/patterns5k_results/slurm_hist_cnn_2026-03-03_15-13-01/trial_0303_learning_rate=1.0e-03_history=10_kernel_sizes=10_conv_channels=256_fc_dims=256_seed2,cnn,0.168340577,0.13255496,0.021038936,0.015630104,0.119857647,0.132657863,351551,351551,31,0.569578601,10,TRUE,0.454568327,0.426639976,17,0.318552256,0.142056212,1,[10],[256],[256],6842259,bc12u15n3,487.1,trial_0303_learning_rate=1.0e-03_history=10_kernel_sizes=10_conv_channels=256_fc_dims=256_seed2,59fe16f6c1,trial_0303_learning_rate=1.0e-03_history=10_kernel_sizes=10_conv_channels=256_fc_dims=256_seed2
/scratch/sb272/patterns5k_results/slurm_hist_cnn_2026-03-03_15-13-01/trial_0158_learning_rate=5.0e-04_history=5_kernel_sizes=10x3_conv_channels=256x128_fc_dims=256_seed2,cnn,0.169518352,0.139834053,0.009708198,0.001533958,0.111933082,0.136691057,417471,417471,34,0.569325095,5,TRUE,0.454568327,0.426139592,17,0.318552256,0.148166373,2,"[10, 3]","[256, 128]",[256],6842250,bb5u20c1,387.5,trial_0158_learning_rate=5.0e-04_history=5_kernel_sizes=10x3_conv_channels=256x128_fc_dims=256_seed2,1ae3136e11,trial_0158_learning_rate=5.0e-04_history=5_kernel_sizes=10x3_conv_channels=256x128_fc_dims=256_seed2
/scratch/sb272/patterns5k_results/slurm_hist_cnn_2026-03-03_15-13-01/trial_0301_learning_rate=1.0e-03_history=10_kernel_sizes=3_conv_channels=256_fc_dims=256_seed2,cnn,0.168751221,0.132113782,0.019971755,0.018546553,0.127325475,0.133736027,163391,163391,46,0.56890803,10,TRUE,0.454568327,0.400278543,13,0.318552256,0.137879059,1,[3],[256],[256],6842259,bc12u15n3,517.9,trial_0301_learning_rate=1.0e-03_history=10_kernel_sizes=3_conv_channels=256_fc_dims=256_seed2,4c45627065,trial_0301_learning_rate=1.0e-03_history=10_kernel_sizes=3_conv_channels=256_fc_dims=256_seed2
/scratch/sb272/patterns5k_results/slurm_hist_cnn_2026-03-03_15-13-01/trial_0365_learning_rate=5.0e-03_history=5_kernel_sizes=5_conv_channels=256_fc_dims=256_seed2,cnn,0.16744836,0.137873095,0.022613041,0.017685113,0.124591425,0.138948382,217151,217151,21,0.567939748,5,TRUE,0.454568327,0.414787991,17,0.318552256,0.144722044,2,[5],[256],[256],6850941,bb5u25c1,211.8,trial_0365_learning_rate=5.0e-03_history=5_kernel_sizes=5_conv_channels=256_fc_dims=256_seed2,73525ec579,trial_0365_learning_rate=5.0e-03_history=5_kernel_sizes=5_conv_channels=256_fc_dims=256_seed2
/scratch/sb272/patterns5k_results/slurm_hist_cnn_2026-03-03_15-13-01/trial_0302_learning_rate=1.0e-03_history=10_kernel_sizes=5_conv_channels=256_fc_dims=256_seed0,cnn,0.168418271,0.133794158,0.021020081,0.019065408,0.129458234,0.139116201,217151,217151,37,0.567722738,10,TRUE,0.454568327,0.398690994,14,0.318552256,0.140465155,1,[5],[256],[256],6842259,bc12u15n3,511.7,trial_0302_learning_rate=1.0e-03_history=10_kernel_sizes=5_conv_channels=256_fc_dims=256_seed0,635a0b35da,trial_0302_learning_rate=1.0e-03_history=10_kernel_sizes=5_conv_channels=256_fc_dims=256_seed0
/scratch/sb272/patterns5k_results/slurm_hist_cnn_2026-03-03_15-13-01/trial_0119_learning_rate=5.0e-04_history=5_kernel_sizes=3_conv_channels=256_fc_dims=256_seed2,cnn,0.167571297,0.139120845,0.022268439,0.018513228,0.127884045,0.138950069,163391,163391,48,0.56772066,5,TRUE,0.454568327,0.419604593,15,0.318552256,0.145523325,2,[3],[256],[256],6842248,bb4u21c1,306,trial_0119_learning_rate=5.0e-04_history=5_kernel_sizes=3_conv_channels=256_fc_dims=256_seed2,035e38fdd7,trial_0119_learning_rate=5.0e-04_history=5_kernel_sizes=3_conv_channels=256_fc_dims=256_seed2
/scratch/sb272/patterns5k_results/slurm_hist_cnn_2026-03-03_15-13-01/trial_0231_learning_rate=1.0e-03_history=10_kernel_sizes=3_conv_channels=256_fc_dims=256_seed2,cnn,0.168620398,0.134241169,0.020416616,0.019170049,0.130490869,0.133081533,163391,163391,38,0.56745971,10,TRUE,0.454568327,0.400023366,13,0.318552256,0.140658095,1,[3],[256],[256],6842254,bb5u25c1,252.5,trial_0231_learning_rate=1.0e-03_history=10_kernel_sizes=3_conv_channels=256_fc_dims=256_seed2,529d8db9b1,trial_0231_learning_rate=1.0e-03_history=10_kernel_sizes=3_conv_channels=256_fc_dims=256_seed2
/scratch/sb272/patterns5k_results/slurm_hist_cnn_2026-03-03_15-13-01/trial_0372_learning_rate=5.0e-03_history=10_kernel_sizes=5_conv_channels=256_fc_dims=256_seed2,cnn,0.168349989,0.132428271,0.020627644,0.017409867,0.125181422,0.135152455,217151,217151,22,0.567251442,10,TRUE,0.454568327,0.398135057,13,0.318552256,0.139285222,1,[5],[256],[256],6851123,bb2u26c1,219.8,trial_0372_learning_rate=5.0e-03_history=10_kernel_sizes=5_conv_channels=256_fc_dims=256_seed2,8ed646dcea,trial_0372_learning_rate=5.0e-03_history=10_kernel_sizes=5_conv_channels=256_fc_dims=256_seed2
/scratch/sb272/patterns5k_results/slurm_hist_cnn_2026-03-03_15-13-01/trial_0264_learning_rate=1.0e-03_history=5_kernel_sizes=10x5_conv_channels=256x128_fc_dims=256_seed2,cnn,0.167448206,0.143549519,0.017626532,0.005742224,0.106897913,0.143709471,483007,483007,25,0.56704733,5,TRUE,0.454568327,0.431293293,20,0.318552256,0.152602121,2,"[10, 5]","[256, 128]",[256],6842256,bc12u13n4,517.9,trial_0264_learning_rate=1.0e-03_history=5_kernel_sizes=10x5_conv_channels=256x128_fc_dims=256_seed2,f21a03ad0c,trial_0264_learning_rate=1.0e-03_history=5_kernel_sizes=10x5_conv_channels=256x128_fc_dims=256_seed2
/scratch/sb272/patterns5k_results/slurm_hist_cnn_2026-03-03_15-13-01/trial_0190_learning_rate=5.0e-04_history=5_kernel_sizes=5_conv_channels=256_fc_dims=256_seed1,cnn,0.167946333,0.137554687,0.019524834,0.018282096,0.128890857,0.144133311,217151,217151,44,0.566692476,5,TRUE,0.454568327,0.415395104,16,0.318552256,0.14485921,2,[5],[256],[256],6842252,bb5u23c1,289.8,trial_0190_learning_rate=5.0e-04_history=5_kernel_sizes=5_conv_channels=256_fc_dims=256_seed1,23cb99954e,trial_0190_learning_rate=5.0e-04_history=5_kernel_sizes=5_conv_channels=256_fc_dims=256_seed1
/scratch/sb272/patterns5k_results/slurm_hist_cnn_2026-03-03_15-13-01/trial_0369_learning_rate=5.0e-03_history=5_kernel_sizes=10x5_conv_channels=256x128_fc_dims=256_seed2,cnn,0.16731306,0.15110145,0.021827112,0.005350656,0.107776329,0.150037803,483007,483007,23,0.566220025,5,TRUE,0.454568327,0.416961673,16,0.318552256,0.160277009,2,"[10, 5]","[256, 128]",[256],6851123,bb2u26c1,273.8,trial_0369_learning_rate=5.0e-03_history=5_kernel_sizes=10x5_conv_channels=256x128_fc_dims=256_seed2,42e38596b9,trial_0369_learning_rate=5.0e-03_history=5_kernel_sizes=10x5_conv_channels=256x128_fc_dims=256_seed2
/scratch/sb272/patterns5k_results/slurm_hist_cnn_2026-03-03_15-13-01/trial_0198_learning_rate=5.0e-04_history=10_kernel_sizes=10_conv_channels=256_fc_dims=256_seed0,cnn,0.169075844,0.131251867,0.017605655,0.014099001,0.121719837,0.136102289,351551,351551,40,0.566079177,10,TRUE,0.454568327,0.416318042,16,0.318552256,0.139586523,1,[10],[256],[256],6842252,bb5u23c1,313.9,trial_0198_learning_rate=5.0e-04_history=10_kernel_sizes=10_conv_channels=256_fc_dims=256_seed0,ffad63a0d0,trial_0198_learning_rate=5.0e-04_history=10_kernel_sizes=10_conv_channels=256_fc_dims=256_seed0
/scratch/sb272/patterns5k_results/slurm_hist_cnn_2026-03-03_15-13-01/trial_0404_learning_rate=5.0e-03_history=5_kernel_sizes=10x5_conv_channels=256x128_fc_dims=256_seed1,cnn,0.167475876,0.146252282,0.023394717,0.006811259,0.102865689,0.153452032,483007,483007,23,0.565738973,5,TRUE,0.454568327,0.41914866,18,0.318552256,0.155698314,2,"[10, 5]","[256, 128]",[256],6853982,bb5u23c1,268.1,trial_0404_learning_rate=5.0e-03_history=5_kernel_sizes=10x5_conv_channels=256x128_fc_dims=256_seed1,9fd32cad13,trial_0404_learning_rate=5.0e-03_history=5_kernel_sizes=10x5_conv_channels=256x128_fc_dims=256_seed1
/scratch/sb272/patterns5k_results/slurm_hist_cnn_2026-03-03_15-13-01/trial_0403_learning_rate=5.0e-03_history=5_kernel_sizes=10x3_conv_channels=256x128_fc_dims=256_seed1,cnn,0.168683989,0.143058069,0.017902179,0.005298305,0.104233176,0.149538794,417471,417471,24,0.565565286,5,TRUE,0.454568327,0.422402493,16,0.318552256,0.151290894,2,"[10, 3]","[256, 128]",[256],6853982,bb5u23c1,255.7,trial_0403_learning_rate=5.0e-03_history=5_kernel_sizes=10x3_conv_channels=256x128_fc_dims=256_seed1,d5aa4554c6,trial_0403_learning_rate=5.0e-03_history=5_kernel_sizes=10x3_conv_channels=256x128_fc_dims=256_seed1
/scratch/sb272/patterns5k_results/slurm_hist_cnn_2026-03-03_15-13-01/trial_0404_learning_rate=5.0e-03_history=5_kernel_sizes=10x5_conv_channels=256x128_fc_dims=256_seed0,cnn,0.167863893,0.147709108,0.022895933,0.006192192,0.102809355,0.149643991,483007,483007,24,0.5651348,5,TRUE,0.454568327,0.409397261,15,0.318552256,0.156085551,2,"[10, 5]","[256, 128]",[256],6853982,bb5u23c1,269.1,trial_0404_learning_rate=5.0e-03_history=5_kernel_sizes=10x5_conv_channels=256x128_fc_dims=256_seed0,9fd32cad13,trial_0404_learning_rate=5.0e-03_history=5_kernel_sizes=10x5_conv_channels=256x128_fc_dims=256_seed0
/scratch/sb272/patterns5k_results/slurm_hist_cnn_2026-03-03_15-13-01/trial_0229_learning_rate=1.0e-03_history=5_kernel_sizes=10x5_conv_channels=256x128_fc_dims=256_seed2,cnn,0.16788597,0.142535132,0.015006322,0.002929057,0.10819339,0.146166424,483007,483007,25,0.564929618,5,TRUE,0.454568327,0.421215356,17,0.318552256,0.151897505,2,"[10, 5]","[256, 128]",[256],6842254,bb5u25c1,284.5,trial_0229_learning_rate=1.0e-03_history=5_kernel_sizes=10x5_conv_channels=256x128_fc_dims=256_seed2,d8cb197525,trial_0229_learning_rate=1.0e-03_history=5_kernel_sizes=10x5_conv_channels=256x128_fc_dims=256_seed2
/scratch/sb272/patterns5k_results/slurm_hist_cnn_2026-03-03_15-13-01/trial_0406_learning_rate=5.0e-03_history=10_kernel_sizes=3_conv_channels=256_fc_dims=256_seed2,cnn,0.168534913,0.132464605,0.0212811,0.020033852,0.129122198,0.130088206,163391,163391,26,0.564915096,10,TRUE,0.454568327,0.390916093,12,0.318552256,0.138039351,1,[3],[256],[256],6853982,bb5u23c1,214.6,trial_0406_learning_rate=5.0e-03_history=10_kernel_sizes=3_conv_channels=256_fc_dims=256_seed2,595e607dfd,trial_0406_learning_rate=5.0e-03_history=10_kernel_sizes=3_conv_channels=256_fc_dims=256_seed2
/scratch/sb272/patterns5k_results/slurm_hist_cnn_2026-03-03_15-13-01/trial_0161_learning_rate=5.0e-04_history=10_kernel_sizes=3_conv_channels=256_fc_dims=256_seed0,cnn,0.16857586,0.131651528,0.020040406,0.018997138,0.128180146,0.137885473,163391,163391,50,0.564869557,10,TRUE,0.454568327,0.397192422,12,0.318552256,0.13744314,1,[3],[256],[256],6842250,bb5u20c1,330.6,trial_0161_learning_rate=5.0e-04_history=10_kernel_sizes=3_conv_channels=256_fc_dims=256_seed0,d64a2cb80c,trial_0161_learning_rate=5.0e-04_history=10_kernel_sizes=3_conv_channels=256_fc_dims=256_seed0
/scratch/sb272/patterns5k_results/slurm_hist_cnn_2026-03-03_15-13-01/trial_0364_learning_rate=5.0e-03_history=5_kernel_sizes=3_conv_channels=256_fc_dims=256_seed1,cnn,0.168058279,0.133233802,0.022209166,0.018342144,0.122637905,0.140581955,163391,163391,26,0.564839202,5,TRUE,0.454568327,0.41965051,15,0.318552256,0.139728174,1,[3],[256],[256],6850941,bb5u25c1,214.6,trial_0364_learning_rate=5.0e-03_history=5_kernel_sizes=3_conv_channels=256_fc_dims=256_seed1,666baf7376,trial_0364_learning_rate=5.0e-03_history=5_kernel_sizes=3_conv_channels=256_fc_dims=256_seed1
/scratch/sb272/patterns5k_results/slurm_hist_cnn_2026-03-03_15-13-01/trial_0233_learning_rate=1.0e-03_history=10_kernel_sizes=10_conv_channels=256_fc_dims=256_seed2,cnn,0.169027447,0.130349871,0.017668451,0.014026749,0.118797503,0.134565396,351551,351551,31,0.564630916,10,TRUE,0.454568327,0.42497472,18,0.318552256,0.139391467,1,[10],[256],[256],6842255,bb5u26c1,292,trial_0233_learning_rate=1.0e-03_history=10_kernel_sizes=10_conv_channels=256_fc_dims=256_seed2,70bad5e041,trial_0233_learning_rate=1.0e-03_history=10_kernel_sizes=10_conv_channels=256_fc_dims=256_seed2
/scratch/sb272/patterns5k_results/slurm_hist_cnn_2026-03-03_15-13-01/trial_0403_learning_rate=5.0e-03_history=5_kernel_sizes=10x3_conv_channels=256x128_fc_dims=256_seed2,cnn,0.167344828,0.143969775,0.019956274,0.007695984,0.103746422,0.148039905,417471,417471,20,0.564188883,5,TRUE,0.454568327,0.421692332,16,0.318552256,0.152424917,2,"[10, 3]","[256, 128]",[256],6853982,bb5u23c1,235.5,trial_0403_learning_rate=5.0e-03_history=5_kernel_sizes=10x3_conv_channels=256x128_fc_dims=256_seed2,d5aa4554c6,trial_0403_learning_rate=5.0e-03_history=5_kernel_sizes=10x3_conv_channels=256x128_fc_dims=256_seed2
/scratch/sb272/patterns5k_results/slurm_hist_cnn_2026-03-03_15-13-01/trial_0122_learning_rate=5.0e-04_history=5_kernel_sizes=20_conv_channels=256_fc_dims=256_seed2,cnn,0.169480414,0.12867749,0.019770558,0.009755751,0.10913752,0.130009678,620351,620351,29,0.563739891,5,TRUE,0.454568327,0.447833921,21,0.318552256,0.140259832,2,[20],[256],[256],6842248,bb4u21c1,349.8,trial_0122_learning_rate=5.0e-04_history=5_kernel_sizes=20_conv_channels=256_fc_dims=256_seed2,73d505e9fe,trial_0122_learning_rate=5.0e-04_history=5_kernel_sizes=20_conv_channels=256_fc_dims=256_seed2
/scratch/sb272/patterns5k_results/slurm_hist_cnn_2026-03-03_15-13-01/trial_0228_learning_rate=1.0e-03_history=5_kernel_sizes=10x3_conv_channels=256x128_fc_dims=256_seed2,cnn,0.168584755,0.140839866,0.01723942,0.005667947,0.107937194,0.142436794,417471,417471,29,0.563644807,5,TRUE,0.454568327,0.419774387,16,0.318552256,0.149386913,2,"[10, 3]","[256, 128]",[256],6842254,bb5u25c1,281.6,trial_0228_learning_rate=1.0e-03_history=5_kernel_sizes=10x3_conv_channels=256x128_fc_dims=256_seed2,ffb2ffe05a,trial_0228_learning_rate=1.0e-03_history=5_kernel_sizes=10x3_conv_channels=256x128_fc_dims=256_seed2
/scratch/sb272/patterns5k_results/slurm_hist_cnn_2026-03-03_15-13-01/trial_0404_learning_rate=5.0e-03_history=5_kernel_sizes=10x5_conv_channels=256x128_fc_dims=256_seed2,cnn,0.166357817,0.146081062,0.024872626,0.012220905,0.111937568,0.1496067,483007,483007,20,0.563429278,5,TRUE,0.454568327,0.428032249,19,0.318552256,0.155007765,2,"[10, 5]","[256, 128]",[256],6853982,bb5u23c1,248.7,trial_0404_learning_rate=5.0e-03_history=5_kernel_sizes=10x5_conv_channels=256x128_fc_dims=256_seed2,9fd32cad13,trial_0404_learning_rate=5.0e-03_history=5_kernel_sizes=10x5_conv_channels=256x128_fc_dims=256_seed2
/scratch/sb272/patterns5k_results/slurm_hist_cnn_2026-03-03_15-13-01/trial_0127_learning_rate=5.0e-04_history=10_kernel_sizes=5_conv_channels=256_fc_dims=256_seed2,cnn,0.16853653,0.131888508,0.019365508,0.017288852,0.127071798,0.135841585,217151,217151,50,0.563381939,10,TRUE,0.454568327,0.400799584,12,0.318552256,0.139034942,1,[5],[256],[256],6842248,bb4u21c1,325.5,trial_0127_learning_rate=5.0e-04_history=10_kernel_sizes=5_conv_channels=256_fc_dims=256_seed2,64041cdf4a,trial_0127_learning_rate=5.0e-04_history=10_kernel_sizes=5_conv_channels=256_fc_dims=256_seed2
/scratch/sb272/patterns5k_results/slurm_hist_cnn_2026-03-03_15-13-01/trial_0120_learning_rate=5.0e-04_history=5_kernel_sizes=5_conv_channels=256_fc_dims=256_seed1,cnn,0.167818159,0.136982361,0.021714042,0.018531447,0.127277657,0.144572195,217151,217151,47,0.563182371,5,TRUE,0.454568327,0.426359979,17,0.318552256,0.144563586,2,[5],[256],[256],6842248,bb4u21c1,317.5,trial_0120_learning_rate=5.0e-04_history=5_kernel_sizes=5_conv_channels=256_fc_dims=256_seed1,6b43995ee7,trial_0120_learning_rate=5.0e-04_history=5_kernel_sizes=5_conv_channels=256_fc_dims=256_seed1
/scratch/sb272/patterns5k_results/slurm_hist_cnn_2026-03-03_15-13-01/trial_0161_learning_rate=5.0e-04_history=10_kernel_sizes=3_conv_channels=256_fc_dims=256_seed1,cnn,0.168282655,0.132923461,0.021518924,0.020042827,0.128604487,0.13795999,163391,163391,50,0.56305323,10,TRUE,0.454568327,0.396107437,11,0.318552256,0.13899377,1,[3],[256],[256],6842250,bb5u20c1,361.9,trial_0161_learning_rate=5.0e-04_history=10_kernel_sizes=3_conv_channels=256_fc_dims=256_seed1,d64a2cb80c,trial_0161_learning_rate=5.0e-04_history=10_kernel_sizes=3_conv_channels=256_fc_dims=256_seed1
/scratch/sb272/patterns5k_results/slurm_hist_cnn_2026-03-03_15-13-01/trial_0231_learning_rate=1.0e-03_history=10_kernel_sizes=3_conv_channels=256_fc_dims=256_seed0,cnn,0.168458849,0.134951577,0.021555681,0.020597553,0.132128671,0.136849956,163391,163391,37,0.562907897,10,TRUE,0.454568327,0.39537804,12,0.318552256,0.140630752,1,[3],[256],[256],6842254,bb5u25c1,248,trial_0231_learning_rate=1.0e-03_history=10_kernel_sizes=3_conv_channels=256_fc_dims=256_seed0,529d8db9b1,trial_0231_learning_rate=1.0e-03_history=10_kernel_sizes=3_conv_channels=256_fc_dims=256_seed0
/scratch/sb272/patterns5k_results/slurm_hist_cnn_2026-03-03_15-13-01/trial_0259_learning_rate=1.0e-03_history=5_kernel_sizes=3_conv_channels=256_fc_dims=256_seed1,cnn,0.168109494,0.136736585,0.019831951,0.017838214,0.126791865,0.142905069,163391,163391,29,0.562818959,5,TRUE,0.454568327,0.416383738,15,0.318552256,0.143139467,2,[3],[256],[256],6842256,bc12u13n4,436.5,trial_0259_learning_rate=1.0e-03_history=5_kernel_sizes=3_conv_channels=256_fc_dims=256_seed1,673b8591b7,trial_0259_learning_rate=1.0e-03_history=5_kernel_sizes=3_conv_channels=256_fc_dims=256_seed1
/scratch/sb272/patterns5k_results/slurm_hist_cnn_2026-03-03_15-13-01/trial_0367_learning_rate=5.0e-03_history=5_kernel_sizes=20_conv_channels=256_fc_dims=256_seed0,cnn,0.167730211,0.140084447,0.020348274,0.012018683,0.115673698,0.13971284,620351,620351,18,0.562447865,5,TRUE,0.454568327,0.439203701,22,0.318552256,0.15143612,2,[20],[256],[256],6851123,bb2u26c1,259.5,trial_0367_learning_rate=5.0e-03_history=5_kernel_sizes=20_conv_channels=256_fc_dims=256_seed0,5c31bb30b7,trial_0367_learning_rate=5.0e-03_history=5_kernel_sizes=20_conv_channels=256_fc_dims=256_seed0
/scratch/sb272/patterns5k_results/slurm_hist_cnn_2026-03-03_15-13-01/trial_0302_learning_rate=1.0e-03_history=10_kernel_sizes=5_conv_channels=256_fc_dims=256_seed2,cnn,0.168979471,0.131541885,0.017077145,0.015613075,0.125613257,0.13531462,217151,217151,37,0.562444139,10,TRUE,0.454568327,0.403394677,14,0.318552256,0.138648808,1,[5],[256],[256],6842259,bc12u15n3,492,trial_0302_learning_rate=1.0e-03_history=10_kernel_sizes=5_conv_channels=256_fc_dims=256_seed2,635a0b35da,trial_0302_learning_rate=1.0e-03_history=10_kernel_sizes=5_conv_channels=256_fc_dims=256_seed2
/scratch/sb272/patterns5k_results/slurm_hist_cnn_2026-03-03_15-13-01/trial_0264_learning_rate=1.0e-03_history=5_kernel_sizes=10x5_conv_channels=256x128_fc_dims=256_seed0,cnn,0.167391795,0.143320037,0.01711084,0.008149331,0.112308331,0.145251816,483007,483007,25,0.562389501,5,TRUE,0.454568327,0.42945827,18,0.318552256,0.153118581,2,"[10, 5]","[256, 128]",[256],6842256,bc12u13n4,516.2,trial_0264_learning_rate=1.0e-03_history=5_kernel_sizes=10x5_conv_channels=256x128_fc_dims=256_seed0,f21a03ad0c,trial_0264_learning_rate=1.0e-03_history=5_kernel_sizes=10x5_conv_channels=256x128_fc_dims=256_seed0
/scratch/sb272/patterns5k_results/slurm_hist_cnn_2026-03-03_15-13-01/trial_0154_learning_rate=5.0e-04_history=5_kernel_sizes=3_conv_channels=256_fc_dims=256_seed1,cnn,0.167983656,0.138000759,0.020758814,0.017690484,0.126977175,0.143983536,163391,163391,45,0.562046701,5,TRUE,0.454568327,0.419945596,15,0.318552256,0.144825354,2,[3],[256],[256],6842250,bb5u20c1,262.9,trial_0154_learning_rate=5.0e-04_history=5_kernel_sizes=3_conv_channels=256_fc_dims=256_seed1,54ea364e8f,trial_0154_learning_rate=5.0e-04_history=5_kernel_sizes=3_conv_channels=256_fc_dims=256_seed1
/scratch/sb272/patterns5k_results/slurm_hist_cnn_2026-03-03_15-13-01/trial_0334_learning_rate=5.0e-03_history=5_kernel_sizes=10x5_conv_channels=256x128_fc_dims=256_seed1,cnn,0.166543898,0.148426221,0.022548027,0.009435617,0.10736455,0.152003522,483007,483007,19,0.562016752,5,TRUE,0.454568327,0.412432587,16,0.318552256,0.158102497,2,"[10, 5]","[256, 128]",[256],6850606,bb6u17g1,265.7,trial_0334_learning_rate=5.0e-03_history=5_kernel_sizes=10x5_conv_channels=256x128_fc_dims=256_seed1,5b8324ea96,trial_0334_learning_rate=5.0e-03_history=5_kernel_sizes=10x5_conv_channels=256x128_fc_dims=256_seed1
/scratch/sb272/patterns5k_results/slurm_hist_cnn_2026-03-03_15-13-01/trial_0119_learning_rate=5.0e-04_history=5_kernel_sizes=3_conv_channels=256_fc_dims=256_seed0,cnn,0.167610678,0.138352999,0.021639445,0.01872708,0.12915878,0.145453005,163391,163391,50,0.561300363,5,TRUE,0.454568327,0.415654368,16,0.318552256,0.144391462,2,[3],[256],[256],6842248,bb4u21c1,304.7,trial_0119_learning_rate=5.0e-04_history=5_kernel_sizes=3_conv_channels=256_fc_dims=256_seed0,035e38fdd7,trial_0119_learning_rate=5.0e-04_history=5_kernel_sizes=3_conv_channels=256_fc_dims=256_seed0
/scratch/sb272/patterns5k_results/slurm_hist_cnn_2026-03-03_15-13-01/trial_0126_learning_rate=5.0e-04_history=10_kernel_sizes=3_conv_channels=256_fc_dims=256_seed1,cnn,0.168532129,0.134383219,0.020532844,0.019204389,0.129729629,0.138228523,163391,163391,47,0.561131303,10,TRUE,0.454568327,0.389113448,10,0.318552256,0.140060022,1,[3],[256],[256],6842248,bb4u21c1,307.7,trial_0126_learning_rate=5.0e-04_history=10_kernel_sizes=3_conv_channels=256_fc_dims=256_seed1,c762425e6e,trial_0126_learning_rate=5.0e-04_history=10_kernel_sizes=3_conv_channels=256_fc_dims=256_seed1
/scratch/sb272/patterns5k_results/slurm_hist_cnn_2026-03-03_15-13-01/trial_0163_learning_rate=5.0e-04_history=10_kernel_sizes=10_conv_channels=256_fc_dims=256_seed2,cnn,0.168499071,0.131116425,0.019687225,0.015129386,0.120001584,0.13134387,351551,351551,40,0.560857011,10,TRUE,0.454568327,0.414374108,18,0.318552256,0.14029333,1,[10],[256],[256],6842250,bb5u20c1,358.6,trial_0163_learning_rate=5.0e-04_history=10_kernel_sizes=10_conv_channels=256_fc_dims=256_seed2,8117c2a395,trial_0163_learning_rate=5.0e-04_history=10_kernel_sizes=10_conv_channels=256_fc_dims=256_seed2
/scratch/sb272/patterns5k_results/slurm_hist_cnn_2026-03-03_15-13-01/trial_0259_learning_rate=1.0e-03_history=5_kernel_sizes=3_conv_channels=256_fc_dims=256_seed0,cnn,0.168306485,0.135496515,0.019296601,0.018094196,0.12671572,0.141903673,163391,163391,32,0.560816297,5,TRUE,0.454568327,0.425308215,16,0.318552256,0.141901642,2,[3],[256],[256],6842256,bc12u13n4,476.9,trial_0259_learning_rate=1.0e-03_history=5_kernel_sizes=3_conv_channels=256_fc_dims=256_seed0,673b8591b7,trial_0259_learning_rate=1.0e-03_history=5_kernel_sizes=3_conv_channels=256_fc_dims=256_seed0
/scratch/sb272/patterns5k_results/slurm_hist_cnn_2026-03-03_15-13-01/trial_0366_learning_rate=5.0e-03_history=5_kernel_sizes=10_conv_channels=256_fc_dims=256_seed2,cnn,0.167699523,0.137920977,0.01954963,0.011718878,0.117071226,0.141331022,351551,351551,20,0.560183479,5,TRUE,0.454568327,0.422107723,18,0.318552256,0.146339059,2,[10],[256],[256],6851123,bb2u26c1,243.1,trial_0366_learning_rate=5.0e-03_history=5_kernel_sizes=10_conv_channels=256_fc_dims=256_seed2,604269ca89,trial_0366_learning_rate=5.0e-03_history=5_kernel_sizes=10_conv_channels=256_fc_dims=256_seed2
/scratch/sb272/patterns5k_results/slurm_hist_cnn_2026-03-03_15-13-01/trial_0366_learning_rate=5.0e-03_history=5_kernel_sizes=10_conv_channels=256_fc_dims=256_seed0,cnn,0.168077048,0.135792952,0.020043596,0.013175031,0.114559926,0.141338721,351551,351551,22,0.560135483,5,TRUE,0.454568327,0.431274929,20,0.318552256,0.14413856,2,[10],[256],[256],6850941,bb5u25c1,225.4,trial_0366_learning_rate=5.0e-03_history=5_kernel_sizes=10_conv_channels=256_fc_dims=256_seed0,604269ca89,trial_0366_learning_rate=5.0e-03_history=5_kernel_sizes=10_conv_channels=256_fc_dims=256_seed0
/scratch/sb272/patterns5k_results/slurm_hist_cnn_2026-03-03_15-13-01/trial_0267_learning_rate=1.0e-03_history=10_kernel_sizes=5_conv_channels=256_fc_dims=256_seed2,cnn,0.16847754,0.132124129,0.019055061,0.01635216,0.125738084,0.137771669,217151,217151,32,0.559951356,10,TRUE,0.454568327,0.404868443,13,0.318552256,0.139444634,1,[5],[256],[256],6842257,bc12u15n1,426,trial_0267_learning_rate=1.0e-03_history=10_kernel_sizes=5_conv_channels=256_fc_dims=256_seed2,96e2947f8f,trial_0267_learning_rate=1.0e-03_history=10_kernel_sizes=5_conv_channels=256_fc_dims=256_seed2
/scratch/sb272/patterns5k_results/slurm_hist_cnn_2026-03-03_15-13-01/trial_0266_learning_rate=1.0e-03_history=10_kernel_sizes=3_conv_channels=256_fc_dims=256_seed2,cnn,0.168398637,0.134826718,0.02080443,0.019342554,0.130310282,0.134838022,163391,163391,41,0.559877059,10,TRUE,0.454568327,0.392626541,11,0.318552256,0.140194491,1,[3],[256],[256],6842257,bc12u15n1,477.7,trial_0266_learning_rate=1.0e-03_history=10_kernel_sizes=3_conv_channels=256_fc_dims=256_seed2,90d7fdc19b,trial_0266_learning_rate=1.0e-03_history=10_kernel_sizes=3_conv_channels=256_fc_dims=256_seed2
/scratch/sb272/patterns5k_results/slurm_hist_cnn_2026-03-03_15-13-01/trial_0370_learning_rate=5.0e-03_history=5_kernel_sizes=10x5x3_conv_channels=256x128x64_fc_dims=256_seed2,cnn,0.170309811,0.142633659,0.019780174,-0.003697325,0.080830656,0.14622841,491391,491391,36,0.559661637,5,TRUE,0.454568327,0.414857064,21,0.318552256,0.151599109,2,"[10, 5, 3]","[256, 128, 64]",[256],6851123,bb2u26c1,366.5,trial_0370_learning_rate=5.0e-03_history=5_kernel_sizes=10x5x3_conv_channels=256x128x64_fc_dims=256_seed2,470f72b84a,trial_0370_learning_rate=5.0e-03_history=5_kernel_sizes=10x5x3_conv_channels=256x128x64_fc_dims=256_seed2
/scratch/sb272/patterns5k_results/slurm_hist_cnn_2026-03-03_15-13-01/trial_0231_learning_rate=1.0e-03_history=10_kernel_sizes=3_conv_channels=256_fc_dims=256_seed1,cnn,0.168974684,0.131341137,0.019046434,0.018240946,0.127529219,0.13791215,163391,163391,40,0.559321065,10,TRUE,0.454568327,0.390020756,12,0.318552256,0.137564495,1,[3],[256],[256],6842254,bb5u25c1,257.6,trial_0231_learning_rate=1.0e-03_history=10_kernel_sizes=3_conv_channels=256_fc_dims=256_seed1,529d8db9b1,trial_0231_learning_rate=1.0e-03_history=10_kernel_sizes=3_conv_channels=256_fc_dims=256_seed1
/scratch/sb272/patterns5k_results/slurm_hist_cnn_2026-03-03_15-13-01/trial_0297_learning_rate=1.0e-03_history=5_kernel_sizes=20_conv_channels=256_fc_dims=256_seed0,cnn,0.169304733,0.133519483,0.018615809,0.009607127,0.110277332,0.135999744,620351,620351,26,0.559221926,5,TRUE,0.454568327,0.438905724,22,0.318552256,0.144321531,2,[20],[256],[256],6842258,bc12u15n3,572.3,trial_0297_learning_rate=1.0e-03_history=5_kernel_sizes=20_conv_channels=256_fc_dims=256_seed0,0a5b119281,trial_0297_learning_rate=1.0e-03_history=5_kernel_sizes=20_conv_channels=256_fc_dims=256_seed0
/scratch/sb272/patterns5k_results/slurm_hist_cnn_2026-03-03_15-13-01/trial_0125_learning_rate=5.0e-04_history=5_kernel_sizes=10x5x3_conv_channels=256x128x64_fc_dims=256_seed2,cnn,0.168457565,0.140989186,0.021377487,-0.00114312,0.085186318,0.140889613,491391,491391,50,0.559164872,5,TRUE,0.454568327,0.419189866,22,0.318552256,0.150871322,2,"[10, 5, 3]","[256, 128, 64]",[256],6842248,bb4u21c1,475.7,trial_0125_learning_rate=5.0e-04_history=5_kernel_sizes=10x5x3_conv_channels=256x128x64_fc_dims=256_seed2,9e770d3e6c,trial_0125_learning_rate=5.0e-04_history=5_kernel_sizes=10x5x3_conv_channels=256x128x64_fc_dims=256_seed2
/scratch/sb272/patterns5k_results/slurm_hist_cnn_2026-03-03_15-13-01/trial_0086_learning_rate=1.0e-04_history=5_kernel_sizes=10_conv_channels=256_fc_dims=256_seed2,cnn,0.168591923,0.122746434,0.018934963,0.012267792,0.109971121,0.124767175,351551,351551,50,0.559161528,5,TRUE,0.454568327,0.432845131,18,0.318552256,0.13159515,2,[10],[256],[256],6842246,bb4u12c1,364.9,trial_0086_learning_rate=1.0e-04_history=5_kernel_sizes=10_conv_channels=256_fc_dims=256_seed2,f419e89a3c,trial_0086_learning_rate=1.0e-04_history=5_kernel_sizes=10_conv_channels=256_fc_dims=256_seed2
/scratch/sb272/patterns5k_results/slurm_hist_cnn_2026-03-03_15-13-01/trial_0196_learning_rate=5.0e-04_history=10_kernel_sizes=3_conv_channels=256_fc_dims=256_seed0,cnn,0.16868385,0.131641468,0.020052865,0.019101815,0.127738848,0.135789991,163391,163391,50,0.558826982,10,TRUE,0.454568327,0.395207787,13,0.318552256,0.137625992,1,[3],[256],[256],6842252,bb5u23c1,294.6,trial_0196_learning_rate=5.0e-04_history=10_kernel_sizes=3_conv_channels=256_fc_dims=256_seed0,5b6dc47da1,trial_0196_learning_rate=5.0e-04_history=10_kernel_sizes=3_conv_channels=256_fc_dims=256_seed0
/scratch/sb272/patterns5k_results/slurm_hist_cnn_2026-03-03_15-13-01/trial_0372_learning_rate=5.0e-03_history=10_kernel_sizes=5_conv_channels=256_fc_dims=256_seed1,cnn,0.168153414,0.133877628,0.021503993,0.018873286,0.127474964,0.138442635,217151,217151,20,0.558801812,10,TRUE,0.454568327,0.390369121,12,0.318552256,0.139956519,1,[5],[256],[256],6851123,bb2u26c1,210.1,trial_0372_learning_rate=5.0e-03_history=10_kernel_sizes=5_conv_channels=256_fc_dims=256_seed1,8ed646dcea,trial_0372_learning_rate=5.0e-03_history=10_kernel_sizes=5_conv_channels=256_fc_dims=256_seed1
/scratch/sb272/patterns5k_results/slurm_hist_cnn_2026-03-03_15-13-01/trial_0196_learning_rate=5.0e-04_history=10_kernel_sizes=3_conv_channels=256_fc_dims=256_seed2,cnn,0.168683605,0.131712071,0.020882504,0.019282095,0.12778309,0.134165851,163391,163391,50,0.558751184,10,TRUE,0.454568327,0.396574578,12,0.318552256,0.138171166,1,[3],[256],[256],6842252,bb5u23c1,294.8,trial_0196_learning_rate=5.0e-04_history=10_kernel_sizes=3_conv_channels=256_fc_dims=256_seed2,5b6dc47da1,trial_0196_learning_rate=5.0e-04_history=10_kernel_sizes=3_conv_channels=256_fc_dims=256_seed2
/scratch/sb272/patterns5k_results/slurm_hist_cnn_2026-03-03_15-13-01/trial_0304_learning_rate=1.0e-03_history=10_kernel_sizes=20_conv_channels=256_fc_dims=256_seed2,cnn,0.170770833,0.128139491,0.017714967,0.011436353,0.116482504,0.127748001,620351,620351,28,0.558656602,10,TRUE,0.454568327,0.421957702,20,0.318552256,0.139092684,1,[20],[256],[256],6842259,bc12u15n3,558.9,trial_0304_learning_rate=1.0e-03_history=10_kernel_sizes=20_conv_channels=256_fc_dims=256_seed2,fcbc23a794,trial_0304_learning_rate=1.0e-03_history=10_kernel_sizes=20_conv_channels=256_fc_dims=256_seed2
/scratch/sb272/patterns5k_results/slurm_hist_cnn_2026-03-03_15-13-01/trial_0297_learning_rate=1.0e-03_history=5_kernel_sizes=20_conv_channels=256_fc_dims=256_seed1,cnn,0.169498638,0.133766933,0.020460831,0.008030451,0.107608251,0.137077539,620351,620351,28,0.558530504,5,TRUE,0.454568327,0.442658979,22,0.318552256,0.144724563,2,[20],[256],[256],6842258,bc12u15n3,602.1,trial_0297_learning_rate=1.0e-03_history=5_kernel_sizes=20_conv_channels=256_fc_dims=256_seed1,0a5b119281,trial_0297_learning_rate=1.0e-03_history=5_kernel_sizes=20_conv_channels=256_fc_dims=256_seed1
/scratch/sb272/patterns5k_results/slurm_hist_cnn_2026-03-03_15-13-01/trial_0411_learning_rate=5.0e-03_history=10_kernel_sizes=10x5_conv_channels=256x128_fc_dims=256_seed2,cnn,0.167881311,0.140921848,0.021133585,0.014514869,0.122264713,0.140629114,483007,483007,18,0.558059877,10,TRUE,0.454568327,0.402433676,15,0.318552256,0.147834972,1,"[10, 5]","[256, 128]",[256],6853982,bb5u23c1,236.9,trial_0411_learning_rate=5.0e-03_history=10_kernel_sizes=10x5_conv_channels=256x128_fc_dims=256_seed2,e8d4fd442b,trial_0411_learning_rate=5.0e-03_history=10_kernel_sizes=10x5_conv_channels=256x128_fc_dims=256_seed2
/scratch/sb272/patterns5k_results/slurm_hist_cnn_2026-03-03_15-13-01/trial_0410_learning_rate=5.0e-03_history=10_kernel_sizes=10x3_conv_channels=256x128_fc_dims=256_seed2,cnn,0.169656259,0.136618693,0.014324075,0.008778131,0.116276704,0.140809988,417471,417471,22,0.558058306,10,TRUE,0.454568327,0.398358226,12,0.318552256,0.143432915,2,"[10, 3]","[256, 128]",[256],6853982,bb5u23c1,245.6,trial_0410_learning_rate=5.0e-03_history=10_kernel_sizes=10x3_conv_channels=256x128_fc_dims=256_seed2,43d9471f0a,trial_0410_learning_rate=5.0e-03_history=10_kernel_sizes=10x3_conv_channels=256x128_fc_dims=256_seed2
/scratch/sb272/patterns5k_results/slurm_hist_cnn_2026-03-03_15-13-01/trial_0270_learning_rate=1.0e-03_history=10_kernel_sizes=10x3_conv_channels=256x128_fc_dims=256_seed0,cnn,0.169402242,0.135570424,0.015906108,0.008678978,0.115441427,0.137411528,417471,417471,27,0.558057138,10,TRUE,0.454568327,0.408823211,13,0.318552256,0.1437774,1,"[10, 3]","[256, 128]",[256],6842257,bc12u15n1,470.1,trial_0270_learning_rate=1.0e-03_history=10_kernel_sizes=10x3_conv_channels=256x128_fc_dims=256_seed0,acfce7a1e7,trial_0270_learning_rate=1.0e-03_history=10_kernel_sizes=10x3_conv_channels=256x128_fc_dims=256_seed0
/scratch/sb272/patterns5k_results/slurm_hist_cnn_2026-03-03_15-13-01/trial_0162_learning_rate=5.0e-04_history=10_kernel_sizes=5_conv_channels=256_fc_dims=256_seed0,cnn,0.168010008,0.133600027,0.022147012,0.018866013,0.126430303,0.139681402,217151,217151,44,0.55780901,10,TRUE,0.454568327,0.387587092,12,0.318552256,0.140379474,1,[5],[256],[256],6842250,bb5u20c1,333.9,trial_0162_learning_rate=5.0e-04_history=10_kernel_sizes=5_conv_channels=256_fc_dims=256_seed0,73da4dba9a,trial_0162_learning_rate=5.0e-04_history=10_kernel_sizes=5_conv_channels=256_fc_dims=256_seed0
/scratch/sb272/patterns5k_results/slurm_hist_cnn_2026-03-03_15-13-01/trial_0225_learning_rate=1.0e-03_history=5_kernel_sizes=5_conv_channels=256_fc_dims=256_seed0,cnn,0.16752662,0.13730722,0.022172022,0.01848882,0.127232,0.145127865,217151,217151,34,0.557801939,5,TRUE,0.454568327,0.415467727,15,0.318552256,0.144583464,2,[5],[256],[256],6842254,bb5u25c1,250.1,trial_0225_learning_rate=1.0e-03_history=5_kernel_sizes=5_conv_channels=256_fc_dims=256_seed0,0508f056b9,trial_0225_learning_rate=1.0e-03_history=5_kernel_sizes=5_conv_channels=256_fc_dims=256_seed0
/scratch/sb272/patterns5k_results/slurm_hist_cnn_2026-03-03_15-13-01/trial_0190_learning_rate=5.0e-04_history=5_kernel_sizes=5_conv_channels=256_fc_dims=256_seed0,cnn,0.1675036,0.136681053,0.022191129,0.018872083,0.12733151,0.142652184,217151,217151,42,0.557798528,5,TRUE,0.454568327,0.416487757,16,0.318552256,0.143593967,2,[5],[256],[256],6842252,bb5u23c1,284.4,trial_0190_learning_rate=5.0e-04_history=5_kernel_sizes=5_conv_channels=256_fc_dims=256_seed0,23cb99954e,trial_0190_learning_rate=5.0e-04_history=5_kernel_sizes=5_conv_channels=256_fc_dims=256_seed0
/scratch/sb272/patterns5k_results/slurm_hist_cnn_2026-03-03_15-13-01/trial_0338_learning_rate=5.0e-03_history=10_kernel_sizes=10_conv_channels=256_fc_dims=256_seed2,cnn,0.167682973,0.133796841,0.02272791,0.01728142,0.121739566,0.137047255,351551,351551,19,0.557679289,10,TRUE,0.454568327,0.430578591,20,0.318552256,0.143340036,1,[10],[256],[256],6850606,bb6u17g1,241.1,trial_0338_learning_rate=5.0e-03_history=10_kernel_sizes=10_conv_channels=256_fc_dims=256_seed2,2011b632b0,trial_0338_learning_rate=5.0e-03_history=10_kernel_sizes=10_conv_channels=256_fc_dims=256_seed2
/scratch/sb272/patterns5k_results/slurm_hist_cnn_2026-03-03_15-13-01/trial_0126_learning_rate=5.0e-04_history=10_kernel_sizes=3_conv_channels=256_fc_dims=256_seed0,cnn,0.168742795,0.129014594,0.01995871,0.018883873,0.125136927,0.135904855,163391,163391,50,0.557479364,10,TRUE,0.454568327,0.397009011,13,0.318552256,0.135173693,1,[3],[256],[256],6842248,bb4u21c1,310.4,trial_0126_learning_rate=5.0e-04_history=10_kernel_sizes=3_conv_channels=256_fc_dims=256_seed0,c762425e6e,trial_0126_learning_rate=5.0e-04_history=10_kernel_sizes=3_conv_channels=256_fc_dims=256_seed0
/scratch/sb272/patterns5k_results/slurm_hist_cnn_2026-03-03_15-13-01/trial_0127_learning_rate=5.0e-04_history=10_kernel_sizes=5_conv_channels=256_fc_dims=256_seed0,cnn,0.168424286,0.130898374,0.020629081,0.018154177,0.124971487,0.138184411,217151,217151,47,0.55733393,10,TRUE,0.454568327,0.400577206,15,0.318552256,0.137934089,1,[5],[256],[256],6842248,bb4u21c1,319.9,trial_0127_learning_rate=5.0e-04_history=10_kernel_sizes=5_conv_channels=256_fc_dims=256_seed0,64041cdf4a,trial_0127_learning_rate=5.0e-04_history=10_kernel_sizes=5_conv_channels=256_fc_dims=256_seed0
/scratch/sb272/patterns5k_results/slurm_hist_cnn_2026-03-03_15-13-01/trial_0230_learning_rate=1.0e-03_history=5_kernel_sizes=10x5x3_conv_channels=256x128x64_fc_dims=256_seed0,cnn,0.167694911,0.141763639,0.020686555,-0.001623578,0.086230956,0.148212959,491391,491391,31,0.556837497,5,TRUE,0.454568327,0.426424743,20,0.318552256,0.151405379,2,"[10, 5, 3]","[256, 128, 64]",[256],6842254,bb5u25c1,319.9,trial_0230_learning_rate=1.0e-03_history=5_kernel_sizes=10x5x3_conv_channels=256x128x64_fc_dims=256_seed0,8e016201f7,trial_0230_learning_rate=1.0e-03_history=5_kernel_sizes=10x5x3_conv_channels=256x128x64_fc_dims=256_seed0
/scratch/sb272/patterns5k_results/slurm_hist_cnn_2026-03-03_15-13-01/trial_0016_learning_rate=1.0e-04_history=5_kernel_sizes=10_conv_channels=256_fc_dims=256_seed2,cnn,0.168403819,0.124458169,0.019080575,0.012816286,0.111589633,0.125029825,351551,351551,50,0.556431581,5,TRUE,0.454568327,0.438450947,19,0.318552256,0.133371741,2,[10],[256],[256],6842242,bb2u22c1,374.3,trial_0016_learning_rate=1.0e-04_history=5_kernel_sizes=10_conv_channels=256_fc_dims=256_seed2,e24e461b0a,trial_0016_learning_rate=1.0e-04_history=5_kernel_sizes=10_conv_channels=256_fc_dims=256_seed2
/scratch/sb272/patterns5k_results/slurm_hist_cnn_2026-03-03_15-13-01/trial_0336_learning_rate=5.0e-03_history=10_kernel_sizes=3_conv_channels=256_fc_dims=256_seed2,cnn,0.168488035,0.132613151,0.021911229,0.019664726,0.127751932,0.132137831,163391,163391,22,0.556268434,10,TRUE,0.454568327,0.376669629,11,0.318552256,0.138539687,1,[3],[256],[256],6850606,bb6u17g1,227.4,trial_0336_learning_rate=5.0e-03_history=10_kernel_sizes=3_conv_channels=256_fc_dims=256_seed2,b5569db729,trial_0336_learning_rate=5.0e-03_history=10_kernel_sizes=3_conv_channels=256_fc_dims=256_seed2
/scratch/sb272/patterns5k_results/slurm_hist_cnn_2026-03-03_15-13-01/trial_0086_learning_rate=1.0e-04_history=5_kernel_sizes=10_conv_channels=256_fc_dims=256_seed0,cnn,0.168571499,0.123421046,0.01829288,0.012847521,0.111488551,0.128255561,351551,351551,50,0.555979504,5,TRUE,0.454568327,0.427494324,21,0.318552256,0.131930336,2,[10],[256],[256],6842246,bb4u12c1,390.3,trial_0086_learning_rate=1.0e-04_history=5_kernel_sizes=10_conv_channels=256_fc_dims=256_seed0,f419e89a3c,trial_0086_learning_rate=1.0e-04_history=5_kernel_sizes=10_conv_channels=256_fc_dims=256_seed0
/scratch/sb272/patterns5k_results/slurm_hist_cnn_2026-03-03_15-13-01/trial_0225_learning_rate=1.0e-03_history=5_kernel_sizes=5_conv_channels=256_fc_dims=256_seed2,cnn,0.168596055,0.136935968,0.016032541,0.015026164,0.125984639,0.141012913,217151,217151,32,0.555609272,5,TRUE,0.454568327,0.415912094,16,0.318552256,0.144683927,2,[5],[256],[256],6842254,bb5u25c1,238.3,trial_0225_learning_rate=1.0e-03_history=5_kernel_sizes=5_conv_channels=256_fc_dims=256_seed2,0508f056b9,trial_0225_learning_rate=1.0e-03_history=5_kernel_sizes=5_conv_channels=256_fc_dims=256_seed2
/scratch/sb272/patterns5k_results/slurm_hist_cnn_2026-03-03_15-13-01/trial_0270_learning_rate=1.0e-03_history=10_kernel_sizes=10x3_conv_channels=256x128_fc_dims=256_seed1,cnn,0.170543166,0.132852723,0.007117269,0.002371558,0.114264496,0.137724725,417471,417471,27,0.555367375,10,TRUE,0.454568327,0.397772645,13,0.318552256,0.140445858,1,"[10, 3]","[256, 128]",[256],6842257,bc12u15n1,463.8,trial_0270_learning_rate=1.0e-03_history=10_kernel_sizes=10x3_conv_channels=256x128_fc_dims=256_seed1,acfce7a1e7,trial_0270_learning_rate=1.0e-03_history=10_kernel_sizes=10x3_conv_channels=256x128_fc_dims=256_seed1
/scratch/sb272/patterns5k_results/slurm_hist_cnn_2026-03-03_15-13-01/trial_0197_learning_rate=5.0e-04_history=10_kernel_sizes=5_conv_channels=256_fc_dims=256_seed1,cnn,0.168514303,0.131550724,0.019183015,0.016718937,0.125196621,0.139727469,217151,217151,50,0.555281538,10,TRUE,0.454568327,0.395205107,12,0.318552256,0.138694555,1,[5],[256],[256],6842252,bb5u23c1,312.9,trial_0197_learning_rate=5.0e-04_history=10_kernel_sizes=5_conv_channels=256_fc_dims=256_seed1,a9971a5c4b,trial_0197_learning_rate=5.0e-04_history=10_kernel_sizes=5_conv_channels=256_fc_dims=256_seed1
/scratch/sb272/patterns5k_results/slurm_hist_cnn_2026-03-03_15-13-01/trial_0303_learning_rate=1.0e-03_history=10_kernel_sizes=10_conv_channels=256_fc_dims=256_seed0,cnn,0.169049196,0.132390239,0.019369623,0.01566441,0.123547882,0.136285064,351551,351551,36,0.555093567,10,TRUE,0.454568327,0.412522007,16,0.318552256,0.14151904,1,[10],[256],[256],6842259,bc12u15n3,516.7,trial_0303_learning_rate=1.0e-03_history=10_kernel_sizes=10_conv_channels=256_fc_dims=256_seed0,59fe16f6c1,trial_0303_learning_rate=1.0e-03_history=10_kernel_sizes=10_conv_channels=256_fc_dims=256_seed0
/scratch/sb272/patterns5k_results/slurm_hist_cnn_2026-03-03_15-13-01/trial_0373_learning_rate=5.0e-03_history=10_kernel_sizes=10_conv_channels=256_fc_dims=256_seed1,cnn,0.167802994,0.132278929,0.021271357,0.01617978,0.119045295,0.138655254,351551,351551,18,0.555062515,10,TRUE,0.454568327,0.42397093,18,0.318552256,0.141293526,1,[10],[256],[256],6851123,bb2u26c1,222.3,trial_0373_learning_rate=5.0e-03_history=10_kernel_sizes=10_conv_channels=256_fc_dims=256_seed1,edaab61edf,trial_0373_learning_rate=5.0e-03_history=10_kernel_sizes=10_conv_channels=256_fc_dims=256_seed1
/scratch/sb272/patterns5k_results/slurm_hist_cnn_2026-03-03_15-13-01/trial_0405_learning_rate=5.0e-03_history=5_kernel_sizes=10x5x3_conv_channels=256x128x64_fc_dims=256_seed2,cnn,0.167614388,0.14192178,0.023156346,0.00135005,0.082861073,0.14592235,491391,491391,25,0.555024473,5,TRUE,0.454568327,0.409287538,19,0.318552256,0.151330367,2,"[10, 5, 3]","[256, 128, 64]",[256],6853982,bb5u23c1,284.4,trial_0405_learning_rate=5.0e-03_history=5_kernel_sizes=10x5x3_conv_channels=256x128x64_fc_dims=256_seed2,e2f3ff8da3,trial_0405_learning_rate=5.0e-03_history=5_kernel_sizes=10x5x3_conv_channels=256x128x64_fc_dims=256_seed2
/scratch/sb272/patterns5k_results/slurm_hist_cnn_2026-03-03_15-13-01/trial_0200_learning_rate=5.0e-04_history=10_kernel_sizes=10x3_conv_channels=256x128_fc_dims=256_seed2,cnn,0.171134411,0.129009807,0.004971119,0.001604901,0.1106719,0.131786426,417471,417471,35,0.554573697,10,TRUE,0.454568327,0.396143564,14,0.318552256,0.137233362,1,"[10, 3]","[256, 128]",[256],6842253,bb5u25c1,314.4,trial_0200_learning_rate=5.0e-04_history=10_kernel_sizes=10x3_conv_channels=256x128_fc_dims=256_seed2,92e3622699,trial_0200_learning_rate=5.0e-04_history=10_kernel_sizes=10x3_conv_channels=256x128_fc_dims=256_seed2
/scratch/sb272/patterns5k_results/slurm_hist_cnn_2026-03-03_15-13-01/trial_0124_learning_rate=5.0e-04_history=5_kernel_sizes=10x5_conv_channels=256x128_fc_dims=256_seed2,cnn,0.168333251,0.138270696,0.013595565,0.004976941,0.108353473,0.138929586,483007,483007,29,0.554445373,5,TRUE,0.454568327,0.429990028,20,0.318552256,0.147936761,2,"[10, 5]","[256, 128]",[256],6842248,bb4u21c1,324.5,trial_0124_learning_rate=5.0e-04_history=5_kernel_sizes=10x5_conv_channels=256x128_fc_dims=256_seed2,3a7bda87f0,trial_0124_learning_rate=5.0e-04_history=5_kernel_sizes=10x5_conv_channels=256x128_fc_dims=256_seed2
/scratch/sb272/patterns5k_results/slurm_hist_cnn_2026-03-03_15-13-01/trial_0407_learning_rate=5.0e-03_history=10_kernel_sizes=5_conv_channels=256_fc_dims=256_seed2,cnn,0.168323606,0.135086037,0.021295866,0.018458018,0.129002497,0.135557533,217151,217151,23,0.554297431,10,TRUE,0.454568327,0.392476672,12,0.318552256,0.141941532,1,[5],[256],[256],6853982,bb5u23c1,214.6,trial_0407_learning_rate=5.0e-03_history=10_kernel_sizes=5_conv_channels=256_fc_dims=256_seed2,9212d7fdec,trial_0407_learning_rate=5.0e-03_history=10_kernel_sizes=5_conv_channels=256_fc_dims=256_seed2
/scratch/sb272/patterns5k_results/slurm_hist_cnn_2026-03-03_15-13-01/trial_0228_learning_rate=1.0e-03_history=5_kernel_sizes=10x3_conv_channels=256x128_fc_dims=256_seed1,cnn,0.169397838,0.13986126,0.011292293,0.001792482,0.108465195,0.142989866,417471,417471,31,0.55418166,5,TRUE,0.454568327,0.41656337,17,0.318552256,0.148422256,2,"[10, 3]","[256, 128]",[256],6842254,bb5u25c1,292.2,trial_0228_learning_rate=1.0e-03_history=5_kernel_sizes=10x3_conv_channels=256x128_fc_dims=256_seed1,ffb2ffe05a,trial_0228_learning_rate=1.0e-03_history=5_kernel_sizes=10x3_conv_channels=256x128_fc_dims=256_seed1
/scratch/sb272/patterns5k_results/slurm_hist_cnn_2026-03-03_15-13-01/trial_0262_learning_rate=1.0e-03_history=5_kernel_sizes=20_conv_channels=256_fc_dims=256_seed1,cnn,0.169550225,0.130780783,0.018084935,0.006821972,0.104257092,0.137089416,620351,620351,28,0.55404384,5,TRUE,0.454568327,0.440719052,19,0.318552256,0.14167057,2,[20],[256],[256],6842256,bc12u13n4,580.2,trial_0262_learning_rate=1.0e-03_history=5_kernel_sizes=20_conv_channels=256_fc_dims=256_seed1,0f6ffca803,trial_0262_learning_rate=1.0e-03_history=5_kernel_sizes=20_conv_channels=256_fc_dims=256_seed1
/scratch/sb272/patterns5k_results/slurm_hist_cnn_2026-03-03_15-13-01/trial_0194_learning_rate=5.0e-04_history=5_kernel_sizes=10x5_conv_channels=256x128_fc_dims=256_seed0,cnn,0.169285063,0.137224612,0.009594112,0.003351756,0.108900212,0.138873382,483007,483007,34,0.553517204,5,TRUE,0.454568327,0.41046789,17,0.318552256,0.145532355,2,"[10, 5]","[256, 128]",[256],6842252,bb5u23c1,332.4,trial_0194_learning_rate=5.0e-04_history=5_kernel_sizes=10x5_conv_channels=256x128_fc_dims=256_seed0,fdcbeb0dd1,trial_0194_learning_rate=5.0e-04_history=5_kernel_sizes=10x5_conv_channels=256x128_fc_dims=256_seed0
/scratch/sb272/patterns5k_results/slurm_hist_cnn_2026-03-03_15-13-01/trial_0124_learning_rate=5.0e-04_history=5_kernel_sizes=10x5_conv_channels=256x128_fc_dims=256_seed0,cnn,0.170028365,0.135887529,0.005708136,-0.001709654,0.110205173,0.139825338,483007,483007,40,0.553302907,5,TRUE,0.454568327,0.402847488,15,0.318552256,0.143861786,2,"[10, 5]","[256, 128]",[256],6842248,bb4u21c1,389.9,trial_0124_learning_rate=5.0e-04_history=5_kernel_sizes=10x5_conv_channels=256x128_fc_dims=256_seed0,3a7bda87f0,trial_0124_learning_rate=5.0e-04_history=5_kernel_sizes=10x5_conv_channels=256x128_fc_dims=256_seed0
/scratch/sb272/patterns5k_results/slurm_hist_cnn_2026-03-03_15-13-01/trial_0263_learning_rate=1.0e-03_history=5_kernel_sizes=10x3_conv_channels=256x128_fc_dims=256_seed2,cnn,0.169540281,0.140670913,0.009162189,-0.003672794,0.105653346,0.144163023,417471,417471,30,0.553271691,5,TRUE,0.454568327,0.414288238,15,0.318552256,0.148751631,2,"[10, 3]","[256, 128]",[256],6842256,bc12u13n4,536.9,trial_0263_learning_rate=1.0e-03_history=5_kernel_sizes=10x3_conv_channels=256x128_fc_dims=256_seed2,f40fda5ed8,trial_0263_learning_rate=1.0e-03_history=5_kernel_sizes=10x3_conv_channels=256x128_fc_dims=256_seed2
/scratch/sb272/patterns5k_results/slurm_hist_cnn_2026-03-03_15-13-01/trial_0232_learning_rate=1.0e-03_history=10_kernel_sizes=5_conv_channels=256_fc_dims=256_seed0,cnn,0.16915109,0.132046309,0.016478755,0.014536246,0.126541331,0.13996483,217151,217151,39,0.553182737,10,TRUE,0.454568327,0.393986021,11,0.318552256,0.139325172,1,[5],[256],[256],6842254,bb5u25c1,265,trial_0232_learning_rate=1.0e-03_history=10_kernel_sizes=5_conv_channels=256_fc_dims=256_seed0,96dbcd2e0d,trial_0232_learning_rate=1.0e-03_history=10_kernel_sizes=5_conv_channels=256_fc_dims=256_seed0
/scratch/sb272/patterns5k_results/slurm_hist_cnn_2026-03-03_15-13-01/trial_0300_learning_rate=1.0e-03_history=5_kernel_sizes=10x5x3_conv_channels=256x128x64_fc_dims=256_seed1,cnn,0.167831509,0.144148803,0.022283321,0.000624987,0.089720324,0.147268437,491391,491391,34,0.552599933,5,TRUE,0.454568327,0.420539493,19,0.318552256,0.15407598,2,"[10, 5, 3]","[256, 128, 64]",[256],6842259,bc12u15n3,632.6,trial_0300_learning_rate=1.0e-03_history=5_kernel_sizes=10x5x3_conv_channels=256x128x64_fc_dims=256_seed1,45596b139b,trial_0300_learning_rate=1.0e-03_history=5_kernel_sizes=10x5x3_conv_channels=256x128x64_fc_dims=256_seed1
/scratch/sb272/patterns5k_results/slurm_hist_cnn_2026-03-03_15-13-01/trial_0162_learning_rate=5.0e-04_history=10_kernel_sizes=5_conv_channels=256_fc_dims=256_seed1,cnn,0.16855343,0.130885743,0.018568244,0.015727097,0.124136187,0.140572748,217151,217151,45,0.552567263,10,TRUE,0.454568327,0.389944352,12,0.318552256,0.138073221,1,[5],[256],[256],6842250,bb5u20c1,326,trial_0162_learning_rate=5.0e-04_history=10_kernel_sizes=5_conv_channels=256_fc_dims=256_seed1,73da4dba9a,trial_0162_learning_rate=5.0e-04_history=10_kernel_sizes=5_conv_channels=256_fc_dims=256_seed1
/scratch/sb272/patterns5k_results/slurm_hist_cnn_2026-03-03_15-13-01/trial_0364_learning_rate=5.0e-03_history=5_kernel_sizes=3_conv_channels=256_fc_dims=256_seed0,cnn,0.16791451,0.134108507,0.021648975,0.017803967,0.124497674,0.139467917,163391,163391,19,0.552552995,5,TRUE,0.454568327,0.397066926,16,0.318552256,0.139868408,2,[3],[256],[256],6850941,bb5u25c1,194.1,trial_0364_learning_rate=5.0e-03_history=5_kernel_sizes=3_conv_channels=256_fc_dims=256_seed0,666baf7376,trial_0364_learning_rate=5.0e-03_history=5_kernel_sizes=3_conv_channels=256_fc_dims=256_seed0
/scratch/sb272/patterns5k_results/slurm_hist_cnn_2026-03-03_15-13-01/trial_0128_learning_rate=5.0e-04_history=10_kernel_sizes=10_conv_channels=256_fc_dims=256_seed1,cnn,0.168550515,0.131038971,0.017804122,0.015451798,0.12159837,0.137145743,351551,351551,36,0.551746401,10,TRUE,0.454568327,0.415326732,17,0.318552256,0.140154675,1,[10],[256],[256],6842248,bb4u21c1,311.4,trial_0128_learning_rate=5.0e-04_history=10_kernel_sizes=10_conv_channels=256_fc_dims=256_seed1,290c20bc42,trial_0128_learning_rate=5.0e-04_history=10_kernel_sizes=10_conv_channels=256_fc_dims=256_seed1
/scratch/sb272/patterns5k_results/slurm_hist_cnn_2026-03-03_15-13-01/trial_0400_learning_rate=5.0e-03_history=5_kernel_sizes=5_conv_channels=256_fc_dims=256_seed2,cnn,0.167296807,0.137111037,0.022089817,0.0172156,0.125462964,0.138995802,217151,217151,19,0.551409761,5,TRUE,0.454568327,0.40486428,16,0.318552256,0.143998176,2,[5],[256],[256],6853982,bb5u23c1,197.8,trial_0400_learning_rate=5.0e-03_history=5_kernel_sizes=5_conv_channels=256_fc_dims=256_seed2,831e363d68,trial_0400_learning_rate=5.0e-03_history=5_kernel_sizes=5_conv_channels=256_fc_dims=256_seed2
/scratch/sb272/patterns5k_results/slurm_hist_cnn_2026-03-03_15-13-01/trial_0267_learning_rate=1.0e-03_history=10_kernel_sizes=5_conv_channels=256_fc_dims=256_seed0,cnn,0.168510096,0.132676092,0.020901539,0.017706968,0.124684244,0.140436337,217151,217151,36,0.551365565,10,TRUE,0.454568327,0.395309539,12,0.318552256,0.139675722,1,[5],[256],[256],6842257,bc12u15n1,442.2,trial_0267_learning_rate=1.0e-03_history=10_kernel_sizes=5_conv_channels=256_fc_dims=256_seed0,96e2947f8f,trial_0267_learning_rate=1.0e-03_history=10_kernel_sizes=5_conv_channels=256_fc_dims=256_seed0
/scratch/sb272/patterns5k_results/slurm_hist_cnn_2026-03-03_15-13-01/trial_0301_learning_rate=1.0e-03_history=10_kernel_sizes=3_conv_channels=256_fc_dims=256_seed0,cnn,0.168386964,0.13396538,0.021403521,0.019763917,0.129612386,0.136426203,163391,163391,34,0.551140352,10,TRUE,0.454568327,0.387694288,13,0.318552256,0.140253201,1,[3],[256],[256],6842259,bc12u15n3,474.6,trial_0301_learning_rate=1.0e-03_history=10_kernel_sizes=3_conv_channels=256_fc_dims=256_seed0,4c45627065,trial_0301_learning_rate=1.0e-03_history=10_kernel_sizes=3_conv_channels=256_fc_dims=256_seed0
/scratch/sb272/patterns5k_results/slurm_hist_cnn_2026-03-03_15-13-01/trial_0299_learning_rate=1.0e-03_history=5_kernel_sizes=10x5_conv_channels=256x128_fc_dims=256_seed0,cnn,0.168157046,0.141810199,0.013623229,0.005169051,0.110427395,0.147451422,483007,483007,26,0.551130242,5,TRUE,0.454568327,0.418672751,16,0.318552256,0.15054886,2,"[10, 5]","[256, 128]",[256],6842258,bc12u15n3,526,trial_0299_learning_rate=1.0e-03_history=5_kernel_sizes=10x5_conv_channels=256x128_fc_dims=256_seed0,8fba9dd5fb,trial_0299_learning_rate=1.0e-03_history=5_kernel_sizes=10x5_conv_channels=256x128_fc_dims=256_seed0
/scratch/sb272/patterns5k_results/slurm_hist_cnn_2026-03-03_15-13-01/trial_0194_learning_rate=5.0e-04_history=5_kernel_sizes=10x5_conv_channels=256x128_fc_dims=256_seed1,cnn,0.169383339,0.136163089,0.012286906,0.000783377,0.101677172,0.141053764,483007,483007,35,0.551088554,5,TRUE,0.454568327,0.419114822,16,0.318552256,0.145040065,2,"[10, 5]","[256, 128]",[256],6842252,bb5u23c1,338.7,trial_0194_learning_rate=5.0e-04_history=5_kernel_sizes=10x5_conv_channels=256x128_fc_dims=256_seed1,fdcbeb0dd1,trial_0194_learning_rate=5.0e-04_history=5_kernel_sizes=10x5_conv_channels=256x128_fc_dims=256_seed1
/scratch/sb272/patterns5k_results/slurm_hist_cnn_2026-03-03_15-13-01/trial_0163_learning_rate=5.0e-04_history=10_kernel_sizes=10_conv_channels=256_fc_dims=256_seed0,cnn,0.168853403,0.130140492,0.019197587,0.015178035,0.120637171,0.135566052,351551,351551,43,0.551028922,10,TRUE,0.454568327,0.414335339,17,0.318552256,0.13885811,1,[10],[256],[256],6842250,bb5u20c1,417.2,trial_0163_learning_rate=5.0e-04_history=10_kernel_sizes=10_conv_channels=256_fc_dims=256_seed0,8117c2a395,trial_0163_learning_rate=5.0e-04_history=10_kernel_sizes=10_conv_channels=256_fc_dims=256_seed0
/scratch/sb272/patterns5k_results/slurm_hist_cnn_2026-03-03_15-13-01/trial_0401_learning_rate=5.0e-03_history=5_kernel_sizes=10_conv_channels=256_fc_dims=256_seed2,cnn,0.167515196,0.135092744,0.022027273,0.012897914,0.113591582,0.139150935,351551,351551,20,0.550941334,5,TRUE,0.454568327,0.440761528,22,0.318552256,0.143914685,2,[10],[256],[256],6853982,bb5u23c1,222.2,trial_0401_learning_rate=5.0e-03_history=5_kernel_sizes=10_conv_channels=256_fc_dims=256_seed2,1d527d726c,trial_0401_learning_rate=5.0e-03_history=5_kernel_sizes=10_conv_channels=256_fc_dims=256_seed2
/scratch/sb272/patterns5k_results/slurm_hist_cnn_2026-03-03_15-13-01/trial_0198_learning_rate=5.0e-04_history=10_kernel_sizes=10_conv_channels=256_fc_dims=256_seed1,cnn,0.168625549,0.130812252,0.018855874,0.014783326,0.118556857,0.134914074,351551,351551,41,0.550910824,10,TRUE,0.454568327,0.412541141,15,0.318552256,0.139623925,1,[10],[256],[256],6842252,bb5u23c1,329.3,trial_0198_learning_rate=5.0e-04_history=10_kernel_sizes=10_conv_channels=256_fc_dims=256_seed1,ffad63a0d0,trial_0198_learning_rate=5.0e-04_history=10_kernel_sizes=10_conv_channels=256_fc_dims=256_seed1
/scratch/sb272/patterns5k_results/slurm_hist_cnn_2026-03-03_15-13-01/trial_0131_learning_rate=5.0e-04_history=10_kernel_sizes=10x5_conv_channels=256x128_fc_dims=256_seed1,cnn,0.17112363,0.130199772,0.007348915,0.001878659,0.112122789,0.134680637,483007,483007,40,0.550790383,10,TRUE,0.454568327,0.398691313,15,0.318552256,0.139059484,1,"[10, 5]","[256, 128]",[256],6842248,bb4u21c1,393.5,trial_0131_learning_rate=5.0e-04_history=10_kernel_sizes=10x5_conv_channels=256x128_fc_dims=256_seed1,a45a2faea8,trial_0131_learning_rate=5.0e-04_history=10_kernel_sizes=10x5_conv_channels=256x128_fc_dims=256_seed1
/scratch/sb272/patterns5k_results/slurm_hist_cnn_2026-03-03_15-13-01/trial_0015_learning_rate=1.0e-04_history=5_kernel_sizes=5_conv_channels=256_fc_dims=256_seed2,cnn,0.168414266,0.123631801,0.018926353,0.01587259,0.117078424,0.127691968,217151,217151,50,0.550508363,5,TRUE,0.454568327,0.409723018,16,0.318552256,0.130654499,2,[5],[256],[256],6842241,bb2u15c1,394.4,trial_0015_learning_rate=1.0e-04_history=5_kernel_sizes=5_conv_channels=256_fc_dims=256_seed2,517816c0a5,trial_0015_learning_rate=1.0e-04_history=5_kernel_sizes=5_conv_channels=256_fc_dims=256_seed2
/scratch/sb272/patterns5k_results/slurm_hist_cnn_2026-03-03_15-13-01/trial_0306_learning_rate=1.0e-03_history=10_kernel_sizes=10x5_conv_channels=256x128_fc_dims=256_seed1,cnn,0.168709048,0.136482737,0.020043299,0.011012475,0.114225231,0.139399672,483007,483007,25,0.550037658,10,TRUE,0.454568327,0.398561558,14,0.318552256,0.145123139,1,"[10, 5]","[256, 128]",[256],6842259,bc12u15n3,533.7,trial_0306_learning_rate=1.0e-03_history=10_kernel_sizes=10x5_conv_channels=256x128_fc_dims=256_seed1,e7672f9e0d,trial_0306_learning_rate=1.0e-03_history=10_kernel_sizes=10x5_conv_channels=256x128_fc_dims=256_seed1
/scratch/sb272/patterns5k_results/slurm_hist_cnn_2026-03-03_15-13-01/trial_0230_learning_rate=1.0e-03_history=5_kernel_sizes=10x5x3_conv_channels=256x128x64_fc_dims=256_seed1,cnn,0.167852215,0.140118415,0.018799676,-0.000914081,0.085071996,0.144925108,491391,491391,29,0.549811341,5,TRUE,0.454568327,0.410299545,18,0.318552256,0.149495006,2,"[10, 5, 3]","[256, 128, 64]",[256],6842254,bb5u25c1,306.8,trial_0230_learning_rate=1.0e-03_history=5_kernel_sizes=10x5x3_conv_channels=256x128x64_fc_dims=256_seed1,8e016201f7,trial_0230_learning_rate=1.0e-03_history=5_kernel_sizes=10x5x3_conv_channels=256x128x64_fc_dims=256_seed1
/scratch/sb272/patterns5k_results/slurm_hist_cnn_2026-03-03_15-13-01/trial_0333_learning_rate=5.0e-03_history=5_kernel_sizes=10x3_conv_channels=256x128_fc_dims=256_seed1,cnn,0.168071466,0.145625467,0.02007632,0.004831178,0.104126669,0.149120923,417471,417471,24,0.549729447,5,TRUE,0.454568327,0.404137523,16,0.318552256,0.153275728,2,"[10, 3]","[256, 128]",[256],6850606,bb6u17g1,289.4,trial_0333_learning_rate=5.0e-03_history=5_kernel_sizes=10x3_conv_channels=256x128_fc_dims=256_seed1,d5fe430a5d,trial_0333_learning_rate=5.0e-03_history=5_kernel_sizes=10x3_conv_channels=256x128_fc_dims=256_seed1
/scratch/sb272/patterns5k_results/slurm_hist_cnn_2026-03-03_15-13-01/trial_0338_learning_rate=5.0e-03_history=10_kernel_sizes=10_conv_channels=256_fc_dims=256_seed1,cnn,0.167877138,0.13375262,0.02276841,0.016072376,0.117492966,0.139027229,351551,351551,19,0.549687569,10,TRUE,0.454568327,0.4126169,14,0.318552256,0.14324145,1,[10],[256],[256],6850606,bb6u17g1,243.1,trial_0338_learning_rate=5.0e-03_history=10_kernel_sizes=10_conv_channels=256_fc_dims=256_seed1,2011b632b0,trial_0338_learning_rate=5.0e-03_history=10_kernel_sizes=10_conv_channels=256_fc_dims=256_seed1
/scratch/sb272/patterns5k_results/slurm_hist_cnn_2026-03-03_15-13-01/trial_0192_learning_rate=5.0e-04_history=5_kernel_sizes=20_conv_channels=256_fc_dims=256_seed2,cnn,0.170644341,0.12740009,0.016665487,0.008411344,0.109247945,0.131496115,620351,620351,34,0.549618533,5,TRUE,0.454568327,0.438819121,21,0.318552256,0.138116688,2,[20],[256],[256],6842252,bb5u23c1,358.3,trial_0192_learning_rate=5.0e-04_history=5_kernel_sizes=20_conv_channels=256_fc_dims=256_seed2,178fa4b81f,trial_0192_learning_rate=5.0e-04_history=5_kernel_sizes=20_conv_channels=256_fc_dims=256_seed2
/scratch/sb272/patterns5k_results/slurm_hist_cnn_2026-03-03_15-13-01/trial_0162_learning_rate=5.0e-04_history=10_kernel_sizes=5_conv_channels=256_fc_dims=256_seed2,cnn,0.168643197,0.131453741,0.018855793,0.016728561,0.125412583,0.137456875,217151,217151,50,0.549128246,10,TRUE,0.454568327,0.395635705,12,0.318552256,0.13857618,1,[5],[256],[256],6842250,bb5u20c1,372.3,trial_0162_learning_rate=5.0e-04_history=10_kernel_sizes=5_conv_channels=256_fc_dims=256_seed2,73da4dba9a,trial_0162_learning_rate=5.0e-04_history=10_kernel_sizes=5_conv_channels=256_fc_dims=256_seed2
/scratch/sb272/patterns5k_results/slurm_hist_cnn_2026-03-03_15-13-01/trial_0298_learning_rate=1.0e-03_history=5_kernel_sizes=10x3_conv_channels=256x128_fc_dims=256_seed0,cnn,0.168249273,0.139984876,0.015749186,0.005844593,0.11139264,0.145234782,417471,417471,26,0.549034726,5,TRUE,0.454568327,0.406071996,14,0.318552256,0.148490131,2,"[10, 3]","[256, 128]",[256],6842258,bc12u15n3,522.7,trial_0298_learning_rate=1.0e-03_history=5_kernel_sizes=10x3_conv_channels=256x128_fc_dims=256_seed0,ac40deba82,trial_0298_learning_rate=1.0e-03_history=5_kernel_sizes=10x3_conv_channels=256x128_fc_dims=256_seed0
/scratch/sb272/patterns5k_results/slurm_hist_cnn_2026-03-03_15-13-01/trial_0227_learning_rate=1.0e-03_history=5_kernel_sizes=20_conv_channels=256_fc_dims=256_seed1,cnn,0.169026743,0.132961774,0.019231675,0.008398214,0.107781611,0.133216148,620351,620351,28,0.548951617,5,TRUE,0.454568327,0.442141849,23,0.318552256,0.143543452,2,[20],[256],[256],6842254,bb5u25c1,319.5,trial_0227_learning_rate=1.0e-03_history=5_kernel_sizes=20_conv_channels=256_fc_dims=256_seed1,5b609c9990,trial_0227_learning_rate=1.0e-03_history=5_kernel_sizes=20_conv_channels=256_fc_dims=256_seed1
/scratch/sb272/patterns5k_results/slurm_hist_cnn_2026-03-03_15-13-01/trial_0302_learning_rate=1.0e-03_history=10_kernel_sizes=5_conv_channels=256_fc_dims=256_seed1,cnn,0.168848087,0.132583865,0.018956131,0.016474458,0.125592843,0.138338846,217151,217151,41,0.548888247,10,TRUE,0.454568327,0.39219997,12,0.318552256,0.140027583,1,[5],[256],[256],6842259,bc12u15n3,523.4,trial_0302_learning_rate=1.0e-03_history=10_kernel_sizes=5_conv_channels=256_fc_dims=256_seed1,635a0b35da,trial_0302_learning_rate=1.0e-03_history=10_kernel_sizes=5_conv_channels=256_fc_dims=256_seed1
/scratch/sb272/patterns5k_results/slurm_hist_cnn_2026-03-03_15-13-01/trial_0236_learning_rate=1.0e-03_history=10_kernel_sizes=10x5_conv_channels=256x128_fc_dims=256_seed2,cnn,0.170783001,0.132118461,0.007333678,0.000169073,0.113274179,0.135612209,483007,483007,31,0.54884727,10,TRUE,0.454568327,0.394669863,14,0.318552256,0.14011091,1,"[10, 5]","[256, 128]",[256],6842255,bb5u26c1,327.8,trial_0236_learning_rate=1.0e-03_history=10_kernel_sizes=10x5_conv_channels=256x128_fc_dims=256_seed2,e2eb498128,trial_0236_learning_rate=1.0e-03_history=10_kernel_sizes=10x5_conv_channels=256x128_fc_dims=256_seed2
/scratch/sb272/patterns5k_results/slurm_hist_cnn_2026-03-03_15-13-01/trial_0015_learning_rate=1.0e-04_history=5_kernel_sizes=5_conv_channels=256_fc_dims=256_seed0,cnn,0.168516224,0.122999032,0.01897385,0.015145774,0.115802072,0.131900654,217151,217151,50,0.54884077,5,TRUE,0.454568327,0.412504628,16,0.318552256,0.130387411,2,[5],[256],[256],6842241,bb2u15c1,392.6,trial_0015_learning_rate=1.0e-04_history=5_kernel_sizes=5_conv_channels=256_fc_dims=256_seed0,517816c0a5,trial_0015_learning_rate=1.0e-04_history=5_kernel_sizes=5_conv_channels=256_fc_dims=256_seed0
/scratch/sb272/patterns5k_results/slurm_hist_cnn_2026-03-03_15-13-01/trial_0016_learning_rate=1.0e-04_history=5_kernel_sizes=10_conv_channels=256_fc_dims=256_seed0,cnn,0.168807221,0.122165388,0.017928799,0.012466473,0.111417137,0.128419968,351551,351551,50,0.548590985,5,TRUE,0.454568327,0.429004136,18,0.318552256,0.13093397,2,[10],[256],[256],6842241,bb2u15c1,471.8,trial_0016_learning_rate=1.0e-04_history=5_kernel_sizes=10_conv_channels=256_fc_dims=256_seed0,e24e461b0a,trial_0016_learning_rate=1.0e-04_history=5_kernel_sizes=10_conv_channels=256_fc_dims=256_seed0
/scratch/sb272/patterns5k_results/slurm_hist_cnn_2026-03-03_15-13-01/trial_0268_learning_rate=1.0e-03_history=10_kernel_sizes=10_conv_channels=256_fc_dims=256_seed1,cnn,0.168294735,0.132648509,0.020024296,0.015563092,0.120595686,0.136929749,351551,351551,28,0.548504539,10,TRUE,0.454568327,0.41156948,15,0.318552256,0.140805587,1,[10],[256],[256],6842257,bc12u15n1,445.2,trial_0268_learning_rate=1.0e-03_history=10_kernel_sizes=10_conv_channels=256_fc_dims=256_seed1,e7930af797,trial_0268_learning_rate=1.0e-03_history=10_kernel_sizes=10_conv_channels=256_fc_dims=256_seed1
/scratch/sb272/patterns5k_results/slurm_hist_cnn_2026-03-03_15-13-01/trial_0229_learning_rate=1.0e-03_history=5_kernel_sizes=10x5_conv_channels=256x128_fc_dims=256_seed0,cnn,0.167349727,0.142297503,0.019005086,0.006949826,0.108526327,0.145249718,483007,483007,25,0.548496859,5,TRUE,0.454568327,0.416079373,17,0.318552256,0.151111782,2,"[10, 5]","[256, 128]",[256],6842254,bb5u25c1,275.8,trial_0229_learning_rate=1.0e-03_history=5_kernel_sizes=10x5_conv_channels=256x128_fc_dims=256_seed0,d8cb197525,trial_0229_learning_rate=1.0e-03_history=5_kernel_sizes=10x5_conv_channels=256x128_fc_dims=256_seed0
/scratch/sb272/patterns5k_results/slurm_hist_cnn_2026-03-03_15-13-01/trial_0120_learning_rate=5.0e-04_history=5_kernel_sizes=5_conv_channels=256_fc_dims=256_seed2,cnn,0.168024111,0.137998377,0.019010376,0.016309599,0.127812475,0.140580407,217151,217151,43,0.548272407,5,TRUE,0.454568327,0.414110628,14,0.318552256,0.145439118,2,[5],[256],[256],6842248,bb4u21c1,300.3,trial_0120_learning_rate=5.0e-04_history=5_kernel_sizes=5_conv_channels=256_fc_dims=256_seed2,6b43995ee7,trial_0120_learning_rate=5.0e-04_history=5_kernel_sizes=5_conv_channels=256_fc_dims=256_seed2
/scratch/sb272/patterns5k_results/slurm_hist_cnn_2026-03-03_15-13-01/trial_0373_learning_rate=5.0e-03_history=10_kernel_sizes=10_conv_channels=256_fc_dims=256_seed0,cnn,0.168700474,0.131589382,0.019602972,0.013866938,0.117396191,0.137795282,351551,351551,21,0.547977455,10,TRUE,0.454568327,0.401402833,13,0.318552256,0.139780924,1,[10],[256],[256],6851123,bb2u26c1,234.1,trial_0373_learning_rate=5.0e-03_history=10_kernel_sizes=10_conv_channels=256_fc_dims=256_seed0,edaab61edf,trial_0373_learning_rate=5.0e-03_history=10_kernel_sizes=10_conv_channels=256_fc_dims=256_seed0
/scratch/sb272/patterns5k_results/slurm_hist_cnn_2026-03-03_15-13-01/trial_0195_learning_rate=5.0e-04_history=5_kernel_sizes=10x5x3_conv_channels=256x128x64_fc_dims=256_seed1,cnn,0.168138265,0.138992399,0.020689017,0.000225235,0.086834244,0.138845397,491391,491391,37,0.547976477,5,TRUE,0.454568327,0.414342356,21,0.318552256,0.148293644,2,"[10, 5, 3]","[256, 128, 64]",[256],6842252,bb5u23c1,370.1,trial_0195_learning_rate=5.0e-04_history=5_kernel_sizes=10x5x3_conv_channels=256x128x64_fc_dims=256_seed1,b7ce70c926,trial_0195_learning_rate=5.0e-04_history=5_kernel_sizes=10x5x3_conv_channels=256x128x64_fc_dims=256_seed1
/scratch/sb272/patterns5k_results/slurm_hist_cnn_2026-03-03_15-13-01/trial_0163_learning_rate=5.0e-04_history=10_kernel_sizes=10_conv_channels=256_fc_dims=256_seed1,cnn,0.168401288,0.131053173,0.020485373,0.016024276,0.120204076,0.135746676,351551,351551,37,0.547872153,10,TRUE,0.454568327,0.413618474,16,0.318552256,0.140268773,1,[10],[256],[256],6842250,bb5u20c1,377.3,trial_0163_learning_rate=5.0e-04_history=10_kernel_sizes=10_conv_channels=256_fc_dims=256_seed1,8117c2a395,trial_0163_learning_rate=5.0e-04_history=10_kernel_sizes=10_conv_channels=256_fc_dims=256_seed1
/scratch/sb272/patterns5k_results/slurm_hist_cnn_2026-03-03_15-13-01/trial_0159_learning_rate=5.0e-04_history=5_kernel_sizes=10x5_conv_channels=256x128_fc_dims=256_seed0,cnn,0.169574965,0.133297216,0.008790373,0.000212871,0.105616897,0.139222443,483007,483007,32,0.547720154,5,TRUE,0.454568327,0.409512992,16,0.318552256,0.141896784,2,"[10, 5]","[256, 128]",[256],6842250,bb5u20c1,375.3,trial_0159_learning_rate=5.0e-04_history=5_kernel_sizes=10x5_conv_channels=256x128_fc_dims=256_seed0,9f78ce1b0b,trial_0159_learning_rate=5.0e-04_history=5_kernel_sizes=10x5_conv_channels=256x128_fc_dims=256_seed0
/scratch/sb272/patterns5k_results/slurm_hist_cnn_2026-03-03_15-13-01/trial_0267_learning_rate=1.0e-03_history=10_kernel_sizes=5_conv_channels=256_fc_dims=256_seed1,cnn,0.168347825,0.13213806,0.020447078,0.0175486,0.123678215,0.139278733,217151,217151,29,0.547567543,10,TRUE,0.454568327,0.386714986,13,0.318552256,0.13926895,1,[5],[256],[256],6842257,bc12u15n1,403.9,trial_0267_learning_rate=1.0e-03_history=10_kernel_sizes=5_conv_channels=256_fc_dims=256_seed1,96e2947f8f,trial_0267_learning_rate=1.0e-03_history=10_kernel_sizes=5_conv_channels=256_fc_dims=256_seed1
/scratch/sb272/patterns5k_results/slurm_hist_cnn_2026-03-03_15-13-01/trial_0050_learning_rate=1.0e-04_history=5_kernel_sizes=5_conv_channels=256_fc_dims=256_seed0,cnn,0.168486863,0.125269928,0.018673684,0.016048474,0.118333079,0.133384789,217151,217151,50,0.546820052,5,TRUE,0.454568327,0.4092128,17,0.318552256,0.132798284,2,[5],[256],[256],6842244,bb3u12c1,318.4,trial_0050_learning_rate=1.0e-04_history=5_kernel_sizes=5_conv_channels=256_fc_dims=256_seed0,ef790ce1a4,trial_0050_learning_rate=1.0e-04_history=5_kernel_sizes=5_conv_channels=256_fc_dims=256_seed0
/scratch/sb272/patterns5k_results/slurm_hist_cnn_2026-03-03_15-13-01/trial_0050_learning_rate=1.0e-04_history=5_kernel_sizes=5_conv_channels=256_fc_dims=256_seed2,cnn,0.168439611,0.123650229,0.019271564,0.015986164,0.118077561,0.12684098,217151,217151,50,0.546628787,5,TRUE,0.454568327,0.412668457,16,0.318552256,0.131292462,2,[5],[256],[256],6842244,bb3u12c1,309.4,trial_0050_learning_rate=1.0e-04_history=5_kernel_sizes=5_conv_channels=256_fc_dims=256_seed2,ef790ce1a4,trial_0050_learning_rate=1.0e-04_history=5_kernel_sizes=5_conv_channels=256_fc_dims=256_seed2
/scratch/sb272/patterns5k_results/slurm_hist_cnn_2026-03-03_15-13-01/trial_0197_learning_rate=5.0e-04_history=10_kernel_sizes=5_conv_channels=256_fc_dims=256_seed0,cnn,0.168208377,0.134792883,0.021187658,0.018383688,0.128587723,0.139607596,217151,217151,44,0.546218364,10,TRUE,0.454568327,0.3902954,11,0.318552256,0.141732708,1,[5],[256],[256],6842252,bb5u23c1,293.3,trial_0197_learning_rate=5.0e-04_history=10_kernel_sizes=5_conv_channels=256_fc_dims=256_seed0,a9971a5c4b,trial_0197_learning_rate=5.0e-04_history=10_kernel_sizes=5_conv_channels=256_fc_dims=256_seed0
/scratch/sb272/patterns5k_results/slurm_hist_cnn_2026-03-03_15-13-01/trial_0306_learning_rate=1.0e-03_history=10_kernel_sizes=10x5_conv_channels=256x128_fc_dims=256_seed2,cnn,0.170801847,0.132390016,0.008623461,0.001751596,0.112231232,0.136807757,483007,483007,30,0.546100943,10,TRUE,0.454568327,0.390819559,11,0.318552256,0.141558558,1,"[10, 5]","[256, 128]",[256],6842259,bc12u15n3,595.6,trial_0306_learning_rate=1.0e-03_history=10_kernel_sizes=10x5_conv_channels=256x128_fc_dims=256_seed2,e7672f9e0d,trial_0306_learning_rate=1.0e-03_history=10_kernel_sizes=10x5_conv_channels=256x128_fc_dims=256_seed2
/scratch/sb272/patterns5k_results/slurm_hist_cnn_2026-03-03_15-13-01/trial_0306_learning_rate=1.0e-03_history=10_kernel_sizes=10x5_conv_channels=256x128_fc_dims=256_seed0,cnn,0.170097227,0.134093563,0.013031447,0.007604606,0.115541257,0.138293971,483007,483007,28,0.546021758,10,TRUE,0.454568327,0.39332921,13,0.318552256,0.142336503,1,"[10, 5]","[256, 128]",[256],6842259,bc12u15n3,562,trial_0306_learning_rate=1.0e-03_history=10_kernel_sizes=10x5_conv_channels=256x128_fc_dims=256_seed0,e7672f9e0d,trial_0306_learning_rate=1.0e-03_history=10_kernel_sizes=10x5_conv_channels=256x128_fc_dims=256_seed0
/scratch/sb272/patterns5k_results/slurm_hist_cnn_2026-03-03_15-13-01/trial_0133_learning_rate=5.0e-04_history=20_kernel_sizes=3_conv_channels=256_fc_dims=256_seed1,cnn,0.169376068,0.134743786,0.019298498,0.019937638,0.136069208,0.13721659,163391,163391,50,0.545978436,20,TRUE,0.454568327,0.389454205,10,0.318552256,0.140405267,1,[3],[256],[256],6842249,bb4u22c1,338.9,trial_0133_learning_rate=5.0e-04_history=20_kernel_sizes=3_conv_channels=256_fc_dims=256_seed1,d126d366fe,trial_0133_learning_rate=5.0e-04_history=20_kernel_sizes=3_conv_channels=256_fc_dims=256_seed1
/scratch/sb272/patterns5k_results/slurm_hist_cnn_2026-03-03_15-13-01/trial_0160_learning_rate=5.0e-04_history=5_kernel_sizes=10x5x3_conv_channels=256x128x64_fc_dims=256_seed1,cnn,0.167011313,0.139802689,0.02072407,0.001776219,0.087663166,0.143868455,491391,491391,31,0.545733215,5,TRUE,0.454568327,0.410842064,21,0.318552256,0.149396494,2,"[10, 5, 3]","[256, 128, 64]",[256],6842250,bb5u20c1,409.9,trial_0160_learning_rate=5.0e-04_history=5_kernel_sizes=10x5x3_conv_channels=256x128x64_fc_dims=256_seed1,0e613a7ed8,trial_0160_learning_rate=5.0e-04_history=5_kernel_sizes=10x5x3_conv_channels=256x128x64_fc_dims=256_seed1
/scratch/sb272/patterns5k_results/slurm_hist_cnn_2026-03-03_15-13-01/trial_0300_learning_rate=1.0e-03_history=5_kernel_sizes=10x5x3_conv_channels=256x128x64_fc_dims=256_seed0,cnn,0.168913487,0.140919971,0.021767837,9.77E-05,0.088631041,0.145568355,491391,491391,37,0.545606916,5,TRUE,0.454568327,0.414709138,18,0.318552256,0.150620505,2,"[10, 5, 3]","[256, 128, 64]",[256],6842259,bc12u15n3,725,trial_0300_learning_rate=1.0e-03_history=5_kernel_sizes=10x5x3_conv_channels=256x128x64_fc_dims=256_seed0,45596b139b,trial_0300_learning_rate=1.0e-03_history=5_kernel_sizes=10x5x3_conv_channels=256x128x64_fc_dims=256_seed0
/scratch/sb272/patterns5k_results/slurm_hist_cnn_2026-03-03_15-13-01/trial_0198_learning_rate=5.0e-04_history=10_kernel_sizes=10_conv_channels=256_fc_dims=256_seed2,cnn,0.169187356,0.128423162,0.020176284,0.015117534,0.117686823,0.133956768,351551,351551,37,0.545465579,10,TRUE,0.454568327,0.407133392,16,0.318552256,0.137787551,1,[10],[256],[256],6842252,bb5u23c1,306.5,trial_0198_learning_rate=5.0e-04_history=10_kernel_sizes=10_conv_channels=256_fc_dims=256_seed2,ffad63a0d0,trial_0198_learning_rate=5.0e-04_history=10_kernel_sizes=10_conv_channels=256_fc_dims=256_seed2
/scratch/sb272/patterns5k_results/slurm_hist_cnn_2026-03-03_15-13-01/trial_0051_learning_rate=1.0e-04_history=5_kernel_sizes=10_conv_channels=256_fc_dims=256_seed0,cnn,0.168847338,0.122854111,0.018634996,0.012227638,0.110062517,0.127494725,351551,351551,50,0.545093785,5,TRUE,0.454568327,0.425419948,20,0.318552256,0.131424561,2,[10],[256],[256],6842244,bb3u12c1,349,trial_0051_learning_rate=1.0e-04_history=5_kernel_sizes=10_conv_channels=256_fc_dims=256_seed0,cfde8b60e5,trial_0051_learning_rate=1.0e-04_history=5_kernel_sizes=10_conv_channels=256_fc_dims=256_seed0
/scratch/sb272/patterns5k_results/slurm_hist_cnn_2026-03-03_15-13-01/trial_0408_learning_rate=5.0e-03_history=10_kernel_sizes=10_conv_channels=256_fc_dims=256_seed2,cnn,0.168147606,0.133729998,0.020271487,0.014810939,0.119551495,0.135161317,351551,351551,19,0.545088096,10,TRUE,0.454568327,0.407113383,15,0.318552256,0.142594963,1,[10],[256],[256],6853982,bb5u23c1,220.6,trial_0408_learning_rate=5.0e-03_history=10_kernel_sizes=10_conv_channels=256_fc_dims=256_seed2,0805762b17,trial_0408_learning_rate=5.0e-03_history=10_kernel_sizes=10_conv_channels=256_fc_dims=256_seed2
/scratch/sb272/patterns5k_results/slurm_hist_cnn_2026-03-03_15-13-01/trial_0126_learning_rate=5.0e-04_history=10_kernel_sizes=3_conv_channels=256_fc_dims=256_seed2,cnn,0.168811867,0.132490833,0.018714566,0.017589131,0.129375368,0.134458571,163391,163391,47,0.544919177,10,TRUE,0.454568327,0.386837728,13,0.318552256,0.138622046,1,[3],[256],[256],6842248,bb4u21c1,308.7,trial_0126_learning_rate=5.0e-04_history=10_kernel_sizes=3_conv_channels=256_fc_dims=256_seed2,c762425e6e,trial_0126_learning_rate=5.0e-04_history=10_kernel_sizes=3_conv_channels=256_fc_dims=256_seed2
/scratch/sb272/patterns5k_results/slurm_hist_cnn_2026-03-03_15-13-01/trial_0084_learning_rate=1.0e-04_history=5_kernel_sizes=3_conv_channels=256_fc_dims=256_seed1,cnn,0.168686637,0.12284914,0.018541841,0.015478782,0.115539536,0.129796751,163391,163391,50,0.544606272,5,TRUE,0.454568327,0.404953421,18,0.318552256,0.129617885,2,[3],[256],[256],6842246,bb4u12c1,293,trial_0084_learning_rate=1.0e-04_history=5_kernel_sizes=3_conv_channels=256_fc_dims=256_seed1,b5558c6b46,trial_0084_learning_rate=1.0e-04_history=5_kernel_sizes=3_conv_channels=256_fc_dims=256_seed1
/scratch/sb272/patterns5k_results/slurm_hist_cnn_2026-03-03_15-13-01/trial_0309_learning_rate=1.0e-03_history=20_kernel_sizes=5_conv_channels=256_fc_dims=256_seed2,cnn,0.169414783,0.130581646,0.018903866,0.02013401,0.133101568,0.129276382,217151,217151,41,0.544354347,20,TRUE,0.454568327,0.388217841,9,0.318552256,0.137701586,1,[5],[256],[256],6842259,bc12u15n3,517.6,trial_0309_learning_rate=1.0e-03_history=20_kernel_sizes=5_conv_channels=256_fc_dims=256_seed2,95835ac1ab,trial_0309_learning_rate=1.0e-03_history=20_kernel_sizes=5_conv_channels=256_fc_dims=256_seed2
/scratch/sb272/patterns5k_results/slurm_hist_cnn_2026-03-03_15-13-01/trial_0170_learning_rate=5.0e-04_history=20_kernel_sizes=10_conv_channels=256_fc_dims=256_seed2,cnn,0.169491361,0.126678863,0.018564706,0.01736276,0.127268523,0.121701026,351551,351551,39,0.544294612,20,TRUE,0.454568327,0.387083536,12,0.318552256,0.134727702,1,[10],[256],[256],6842251,bb5u23c1,308.8,trial_0170_learning_rate=5.0e-04_history=20_kernel_sizes=10_conv_channels=256_fc_dims=256_seed2,15d27bed1f,trial_0170_learning_rate=5.0e-04_history=20_kernel_sizes=10_conv_channels=256_fc_dims=256_seed2
/scratch/sb272/patterns5k_results/slurm_hist_cnn_2026-03-03_15-13-01/trial_0166_learning_rate=5.0e-04_history=10_kernel_sizes=10x5_conv_channels=256x128_fc_dims=256_seed1,cnn,0.169587341,0.133918596,0.012351247,0.005939687,0.115318,0.133246332,483007,483007,31,0.54412481,10,TRUE,0.454568327,0.40298148,13,0.318552256,0.142249137,1,"[10, 5]","[256, 128]",[256],6842250,bb5u20c1,374.4,trial_0166_learning_rate=5.0e-04_history=10_kernel_sizes=10x5_conv_channels=256x128_fc_dims=256_seed1,74ff612ab9,trial_0166_learning_rate=5.0e-04_history=10_kernel_sizes=10x5_conv_channels=256x128_fc_dims=256_seed1
/scratch/sb272/patterns5k_results/slurm_hist_cnn_2026-03-03_15-13-01/trial_0193_learning_rate=5.0e-04_history=5_kernel_sizes=10x3_conv_channels=256x128_fc_dims=256_seed2,cnn,0.169939613,0.13443296,0.008788648,0.002651751,0.110683143,0.136071191,417471,417471,41,0.544070689,5,TRUE,0.454568327,0.406089169,17,0.318552256,0.14285408,2,"[10, 3]","[256, 128]",[256],6842252,bb5u23c1,347.1,trial_0193_learning_rate=5.0e-04_history=5_kernel_sizes=10x3_conv_channels=256x128_fc_dims=256_seed2,3987f65b8e,trial_0193_learning_rate=5.0e-04_history=5_kernel_sizes=10x3_conv_channels=256x128_fc_dims=256_seed2
/scratch/sb272/patterns5k_results/slurm_hist_cnn_2026-03-03_15-13-01/trial_0335_learning_rate=5.0e-03_history=5_kernel_sizes=10x5x3_conv_channels=256x128x64_fc_dims=256_seed1,cnn,0.168200873,0.145310367,0.023948229,-0.000859826,0.084703989,0.145527642,491391,491391,28,0.543982124,5,TRUE,0.454568327,0.408079206,18,0.318552256,0.154951617,2,"[10, 5, 3]","[256, 128, 64]",[256],6850606,bb6u17g1,327.2,trial_0335_learning_rate=5.0e-03_history=5_kernel_sizes=10x5x3_conv_channels=256x128x64_fc_dims=256_seed1,33f36a589c,trial_0335_learning_rate=5.0e-03_history=5_kernel_sizes=10x5x3_conv_channels=256x128x64_fc_dims=256_seed1
/scratch/sb272/patterns5k_results/slurm_hist_cnn_2026-03-03_15-13-01/trial_0399_learning_rate=5.0e-03_history=5_kernel_sizes=3_conv_channels=256_fc_dims=256_seed1,cnn,0.167736638,0.136409988,0.0231634,0.019423487,0.127200216,0.141775977,163391,163391,24,0.543910136,5,TRUE,0.454568327,0.39431406,14,0.318552256,0.142667264,2,[3],[256],[256],6851187,bb5u25c1,205.9,trial_0399_learning_rate=5.0e-03_history=5_kernel_sizes=3_conv_channels=256_fc_dims=256_seed1,2f1302e1e5,trial_0399_learning_rate=5.0e-03_history=5_kernel_sizes=3_conv_channels=256_fc_dims=256_seed1
/scratch/sb272/patterns5k_results/slurm_hist_cnn_2026-03-03_15-13-01/trial_0265_learning_rate=1.0e-03_history=5_kernel_sizes=10x5x3_conv_channels=256x128x64_fc_dims=256_seed2,cnn,0.168161811,0.143817682,0.022588108,0.000349531,0.08863081,0.143362241,491391,491391,31,0.543893641,5,TRUE,0.454568327,0.411303184,21,0.318552256,0.154206112,2,"[10, 5, 3]","[256, 128, 64]",[256],6842256,bc12u13n4,604.3,trial_0265_learning_rate=1.0e-03_history=5_kernel_sizes=10x5x3_conv_channels=256x128x64_fc_dims=256_seed2,105a25a29f,trial_0265_learning_rate=1.0e-03_history=5_kernel_sizes=10x5x3_conv_channels=256x128x64_fc_dims=256_seed2
/scratch/sb272/patterns5k_results/slurm_hist_cnn_2026-03-03_15-13-01/trial_0158_learning_rate=5.0e-04_history=5_kernel_sizes=10x3_conv_channels=256x128_fc_dims=256_seed0,cnn,0.170511183,0.133173396,0.006502938,-0.001455061,0.104106158,0.137086421,417471,417471,39,0.543788079,5,TRUE,0.454568327,0.400460369,15,0.318552256,0.141417772,2,"[10, 3]","[256, 128]",[256],6842250,bb5u20c1,394.1,trial_0158_learning_rate=5.0e-04_history=5_kernel_sizes=10x3_conv_channels=256x128_fc_dims=256_seed0,1ae3136e11,trial_0158_learning_rate=5.0e-04_history=5_kernel_sizes=10x3_conv_channels=256x128_fc_dims=256_seed0
/scratch/sb272/patterns5k_results/slurm_hist_cnn_2026-03-03_15-13-01/trial_0085_learning_rate=1.0e-04_history=5_kernel_sizes=5_conv_channels=256_fc_dims=256_seed2,cnn,0.168578097,0.125310898,0.018274338,0.015808742,0.118212216,0.126857677,217151,217151,50,0.543745452,5,TRUE,0.454568327,0.405645597,17,0.318552256,0.13280423,2,[5],[256],[256],6842246,bb4u12c1,331.2,trial_0085_learning_rate=1.0e-04_history=5_kernel_sizes=5_conv_channels=256_fc_dims=256_seed2,42607b1444,trial_0085_learning_rate=1.0e-04_history=5_kernel_sizes=5_conv_channels=256_fc_dims=256_seed2
/scratch/sb272/patterns5k_results/slurm_hist_cnn_2026-03-03_15-13-01/trial_0264_learning_rate=1.0e-03_history=5_kernel_sizes=10x5_conv_channels=256x128_fc_dims=256_seed1,cnn,0.167828102,0.140920349,0.017791297,0.005118583,0.107126758,0.146108537,483007,483007,26,0.5437415,5,TRUE,0.454568327,0.408501997,16,0.318552256,0.149573177,2,"[10, 5]","[256, 128]",[256],6842256,bc12u13n4,533.2,trial_0264_learning_rate=1.0e-03_history=5_kernel_sizes=10x5_conv_channels=256x128_fc_dims=256_seed1,f21a03ad0c,trial_0264_learning_rate=1.0e-03_history=5_kernel_sizes=10x5_conv_channels=256x128_fc_dims=256_seed1
/scratch/sb272/patterns5k_results/slurm_hist_cnn_2026-03-03_15-13-01/trial_0196_learning_rate=5.0e-04_history=10_kernel_sizes=3_conv_channels=256_fc_dims=256_seed1,cnn,0.168261658,0.133355893,0.021396817,0.019665939,0.128813773,0.138254601,163391,163391,45,0.543690849,10,TRUE,0.454568327,0.378312818,10,0.318552256,0.139032498,1,[3],[256],[256],6842252,bb5u23c1,277.3,trial_0196_learning_rate=5.0e-04_history=10_kernel_sizes=3_conv_channels=256_fc_dims=256_seed1,5b6dc47da1,trial_0196_learning_rate=5.0e-04_history=10_kernel_sizes=3_conv_channels=256_fc_dims=256_seed1
/scratch/sb272/patterns5k_results/slurm_hist_cnn_2026-03-03_15-13-01/trial_0301_learning_rate=1.0e-03_history=10_kernel_sizes=3_conv_channels=256_fc_dims=256_seed1,cnn,0.168691891,0.129829679,0.019751428,0.017626873,0.123985521,0.136812378,163391,163391,36,0.543671683,10,TRUE,0.454568327,0.376751824,11,0.318552256,0.13587293,1,[3],[256],[256],6842259,bc12u15n3,504.4,trial_0301_learning_rate=1.0e-03_history=10_kernel_sizes=3_conv_channels=256_fc_dims=256_seed1,4c45627065,trial_0301_learning_rate=1.0e-03_history=10_kernel_sizes=3_conv_channels=256_fc_dims=256_seed1
/scratch/sb272/patterns5k_results/slurm_hist_cnn_2026-03-03_15-13-01/trial_0195_learning_rate=5.0e-04_history=5_kernel_sizes=10x5x3_conv_channels=256x128x64_fc_dims=256_seed0,cnn,0.169268781,0.137285712,0.01989129,-0.00015394,0.087370008,0.140700365,491391,491391,43,0.543662172,5,TRUE,0.454568327,0.409296684,19,0.318552256,0.146756917,2,"[10, 5, 3]","[256, 128, 64]",[256],6842252,bb5u23c1,404.6,trial_0195_learning_rate=5.0e-04_history=5_kernel_sizes=10x5x3_conv_channels=256x128x64_fc_dims=256_seed0,b7ce70c926,trial_0195_learning_rate=5.0e-04_history=5_kernel_sizes=10x5x3_conv_channels=256x128x64_fc_dims=256_seed0
/scratch/sb272/patterns5k_results/slurm_hist_cnn_2026-03-03_15-13-01/trial_0263_learning_rate=1.0e-03_history=5_kernel_sizes=10x3_conv_channels=256x128_fc_dims=256_seed1,cnn,0.169306685,0.134752893,0.007366293,0.001603137,0.104533426,0.144447506,417471,417471,24,0.543590111,5,TRUE,0.454568327,0.418815371,15,0.318552256,0.143266276,2,"[10, 3]","[256, 128]",[256],6842256,bc12u13n4,497.7,trial_0263_learning_rate=1.0e-03_history=5_kernel_sizes=10x3_conv_channels=256x128_fc_dims=256_seed1,f40fda5ed8,trial_0263_learning_rate=1.0e-03_history=5_kernel_sizes=10x3_conv_channels=256x128_fc_dims=256_seed1
/scratch/sb272/patterns5k_results/slurm_hist_cnn_2026-03-03_15-13-01/trial_0085_learning_rate=1.0e-04_history=5_kernel_sizes=5_conv_channels=256_fc_dims=256_seed1,cnn,0.168253599,0.125502178,0.019855228,0.015526433,0.118638188,0.131096897,217151,217151,50,0.543559441,5,TRUE,0.454568327,0.408080452,18,0.318552256,0.133112282,2,[5],[256],[256],6842246,bb4u12c1,309.1,trial_0085_learning_rate=1.0e-04_history=5_kernel_sizes=5_conv_channels=256_fc_dims=256_seed1,42607b1444,trial_0085_learning_rate=1.0e-04_history=5_kernel_sizes=5_conv_channels=256_fc_dims=256_seed1
/scratch/sb272/patterns5k_results/slurm_hist_cnn_2026-03-03_15-13-01/trial_0334_learning_rate=5.0e-03_history=5_kernel_sizes=10x5_conv_channels=256x128_fc_dims=256_seed2,cnn,0.168453018,0.147844224,0.02186749,0.006391269,0.107964776,0.15034007,483007,483007,26,0.543517906,5,TRUE,0.454568327,0.397893932,14,0.318552256,0.156087831,2,"[10, 5]","[256, 128]",[256],6850606,bb6u17g1,299.3,trial_0334_learning_rate=5.0e-03_history=5_kernel_sizes=10x5_conv_channels=256x128_fc_dims=256_seed2,5b8324ea96,trial_0334_learning_rate=5.0e-03_history=5_kernel_sizes=10x5_conv_channels=256x128_fc_dims=256_seed2
/scratch/sb272/patterns5k_results/slurm_hist_cnn_2026-03-03_15-13-01/trial_0192_learning_rate=5.0e-04_history=5_kernel_sizes=20_conv_channels=256_fc_dims=256_seed1,cnn,0.169367954,0.128315811,0.016850379,0.008074925,0.106602438,0.133945259,620351,620351,30,0.543509988,5,TRUE,0.454568327,0.432890903,19,0.318552256,0.139158234,2,[20],[256],[256],6842252,bb5u23c1,337.6,trial_0192_learning_rate=5.0e-04_history=5_kernel_sizes=20_conv_channels=256_fc_dims=256_seed1,178fa4b81f,trial_0192_learning_rate=5.0e-04_history=5_kernel_sizes=20_conv_channels=256_fc_dims=256_seed1
/scratch/sb272/patterns5k_results/slurm_hist_cnn_2026-03-03_15-13-01/trial_0123_learning_rate=5.0e-04_history=5_kernel_sizes=10x3_conv_channels=256x128_fc_dims=256_seed0,cnn,0.169491582,0.13574887,0.011045984,0.002273576,0.10815651,0.138336623,417471,417471,39,0.543104709,5,TRUE,0.454568327,0.4012907,15,0.318552256,0.14369598,2,"[10, 3]","[256, 128]",[256],6842248,bb4u21c1,357.7,trial_0123_learning_rate=5.0e-04_history=5_kernel_sizes=10x3_conv_channels=256x128_fc_dims=256_seed0,f544ae354f,trial_0123_learning_rate=5.0e-04_history=5_kernel_sizes=10x3_conv_channels=256x128_fc_dims=256_seed0
/scratch/sb272/patterns5k_results/slurm_hist_cnn_2026-03-03_15-13-01/trial_0265_learning_rate=1.0e-03_history=5_kernel_sizes=10x5x3_conv_channels=256x128x64_fc_dims=256_seed0,cnn,0.169129479,0.142378224,0.019562304,-0.003044998,0.08407741,0.145781399,491391,491391,36,0.542865426,5,TRUE,0.454568327,0.410780903,17,0.318552256,0.151561409,2,"[10, 5, 3]","[256, 128, 64]",[256],6842256,bc12u13n4,661.9,trial_0265_learning_rate=1.0e-03_history=5_kernel_sizes=10x5x3_conv_channels=256x128x64_fc_dims=256_seed0,105a25a29f,trial_0265_learning_rate=1.0e-03_history=5_kernel_sizes=10x5x3_conv_channels=256x128x64_fc_dims=256_seed0
/scratch/sb272/patterns5k_results/slurm_hist_cnn_2026-03-03_15-13-01/trial_0372_learning_rate=5.0e-03_history=10_kernel_sizes=5_conv_channels=256_fc_dims=256_seed0,cnn,0.168094379,0.134805431,0.021980075,0.018211191,0.12699084,0.138301429,217151,217151,19,0.542832975,10,TRUE,0.454568327,0.37646119,10,0.318552256,0.141126364,1,[5],[256],[256],6851123,bb2u26c1,208.4,trial_0372_learning_rate=5.0e-03_history=10_kernel_sizes=5_conv_channels=256_fc_dims=256_seed0,8ed646dcea,trial_0372_learning_rate=5.0e-03_history=10_kernel_sizes=5_conv_channels=256_fc_dims=256_seed0
/scratch/sb272/patterns5k_results/slurm_hist_cnn_2026-03-03_15-13-01/trial_0337_learning_rate=5.0e-03_history=10_kernel_sizes=5_conv_channels=256_fc_dims=256_seed2,cnn,0.168232516,0.133075643,0.022132977,0.018731312,0.124214642,0.133810016,217151,217151,19,0.542233195,10,TRUE,0.454568327,0.381712103,13,0.318552256,0.140251741,1,[5],[256],[256],6850606,bb6u17g1,223.8,trial_0337_learning_rate=5.0e-03_history=10_kernel_sizes=5_conv_channels=256_fc_dims=256_seed2,43b84cdb76,trial_0337_learning_rate=5.0e-03_history=10_kernel_sizes=5_conv_channels=256_fc_dims=256_seed2
/scratch/sb272/patterns5k_results/slurm_hist_cnn_2026-03-03_15-13-01/trial_0262_learning_rate=1.0e-03_history=5_kernel_sizes=20_conv_channels=256_fc_dims=256_seed2,cnn,0.16866989,0.133295564,0.020172515,0.008856964,0.107840613,0.136839903,620351,620351,25,0.542198155,5,TRUE,0.454568327,0.438620853,22,0.318552256,0.143759206,2,[20],[256],[256],6842256,bc12u13n4,541.8,trial_0262_learning_rate=1.0e-03_history=5_kernel_sizes=20_conv_channels=256_fc_dims=256_seed2,0f6ffca803,trial_0262_learning_rate=1.0e-03_history=5_kernel_sizes=20_conv_channels=256_fc_dims=256_seed2
/scratch/sb272/patterns5k_results/slurm_hist_cnn_2026-03-03_15-13-01/trial_0050_learning_rate=1.0e-04_history=5_kernel_sizes=5_conv_channels=256_fc_dims=256_seed1,cnn,0.168456921,0.123232819,0.019503139,0.015545548,0.115653358,0.130701553,217151,217151,50,0.542085915,5,TRUE,0.454568327,0.409122239,17,0.318552256,0.130761653,2,[5],[256],[256],6842244,bb3u12c1,307.4,trial_0050_learning_rate=1.0e-04_history=5_kernel_sizes=5_conv_channels=256_fc_dims=256_seed1,ef790ce1a4,trial_0050_learning_rate=1.0e-04_history=5_kernel_sizes=5_conv_channels=256_fc_dims=256_seed1
/scratch/sb272/patterns5k_results/slurm_hist_cnn_2026-03-03_15-13-01/trial_0333_learning_rate=5.0e-03_history=5_kernel_sizes=10x3_conv_channels=256x128_fc_dims=256_seed2,cnn,0.168758453,0.145842809,0.016722076,0.005233752,0.106222279,0.147306794,417471,417471,25,0.542038029,5,TRUE,0.454568327,0.411812463,16,0.318552256,0.154213339,2,"[10, 3]","[256, 128]",[256],6850606,bb6u17g1,284.2,trial_0333_learning_rate=5.0e-03_history=5_kernel_sizes=10x3_conv_channels=256x128_fc_dims=256_seed2,d5fe430a5d,trial_0333_learning_rate=5.0e-03_history=5_kernel_sizes=10x3_conv_channels=256x128_fc_dims=256_seed2
/scratch/sb272/patterns5k_results/slurm_hist_cnn_2026-03-03_15-13-01/trial_0194_learning_rate=5.0e-04_history=5_kernel_sizes=10x5_conv_channels=256x128_fc_dims=256_seed2,cnn,0.16925491,0.139163416,0.012981405,0.005194216,0.112620153,0.138637784,483007,483007,41,0.542001439,5,TRUE,0.454568327,0.40663585,15,0.318552256,0.147833318,2,"[10, 5]","[256, 128]",[256],6842252,bb5u23c1,370.9,trial_0194_learning_rate=5.0e-04_history=5_kernel_sizes=10x5_conv_channels=256x128_fc_dims=256_seed2,fdcbeb0dd1,trial_0194_learning_rate=5.0e-04_history=5_kernel_sizes=10x5_conv_channels=256x128_fc_dims=256_seed2
/scratch/sb272/patterns5k_results/slurm_hist_cnn_2026-03-03_15-13-01/trial_0130_learning_rate=5.0e-04_history=10_kernel_sizes=10x3_conv_channels=256x128_fc_dims=256_seed1,cnn,0.169758927,0.131138589,0.011494561,0.005439795,0.110649034,0.133176688,417471,417471,30,0.541968778,10,TRUE,0.454568327,0.400828594,15,0.318552256,0.139533341,1,"[10, 3]","[256, 128]",[256],6842248,bb4u21c1,310.1,trial_0130_learning_rate=5.0e-04_history=10_kernel_sizes=10x3_conv_channels=256x128_fc_dims=256_seed1,ada64b305d,trial_0130_learning_rate=5.0e-04_history=10_kernel_sizes=10x3_conv_channels=256x128_fc_dims=256_seed1
/scratch/sb272/patterns5k_results/slurm_hist_cnn_2026-03-03_15-13-01/trial_0399_learning_rate=5.0e-03_history=5_kernel_sizes=3_conv_channels=256_fc_dims=256_seed0,cnn,0.168067354,0.134885999,0.021591015,0.018200399,0.124493472,0.14080119,163391,163391,25,0.541906071,5,TRUE,0.454568327,0.397720276,15,0.318552256,0.140823811,2,[3],[256],[256],6851187,bb5u25c1,212.3,trial_0399_learning_rate=5.0e-03_history=5_kernel_sizes=3_conv_channels=256_fc_dims=256_seed0,2f1302e1e5,trial_0399_learning_rate=5.0e-03_history=5_kernel_sizes=3_conv_channels=256_fc_dims=256_seed0
/scratch/sb272/patterns5k_results/slurm_hist_cnn_2026-03-03_15-13-01/trial_0014_learning_rate=1.0e-04_history=5_kernel_sizes=3_conv_channels=256_fc_dims=256_seed1,cnn,0.168709301,0.122904205,0.01891363,0.015384971,0.115257613,0.12899492,163391,163391,50,0.541716924,5,TRUE,0.454568327,0.408966703,18,0.318552256,0.129459962,1,[3],[256],[256],6842241,bb2u15c1,367.3,trial_0014_learning_rate=1.0e-04_history=5_kernel_sizes=3_conv_channels=256_fc_dims=256_seed1,0c3a502253,trial_0014_learning_rate=1.0e-04_history=5_kernel_sizes=3_conv_channels=256_fc_dims=256_seed1
/scratch/sb272/patterns5k_results/slurm_hist_cnn_2026-03-03_15-13-01/trial_0367_learning_rate=5.0e-03_history=5_kernel_sizes=20_conv_channels=256_fc_dims=256_seed1,cnn,0.167746053,0.135961078,0.022835843,0.010719563,0.107198171,0.139841539,620351,620351,18,0.541110915,5,TRUE,0.454568327,0.42446899,19,0.318552256,0.14640291,2,[20],[256],[256],6851123,bb2u26c1,257.3,trial_0367_learning_rate=5.0e-03_history=5_kernel_sizes=20_conv_channels=256_fc_dims=256_seed1,5c31bb30b7,trial_0367_learning_rate=5.0e-03_history=5_kernel_sizes=20_conv_channels=256_fc_dims=256_seed1
/scratch/sb272/patterns5k_results/slurm_hist_cnn_2026-03-03_15-13-01/trial_0125_learning_rate=5.0e-04_history=5_kernel_sizes=10x5x3_conv_channels=256x128x64_fc_dims=256_seed0,cnn,0.169147396,0.135068553,0.020315512,-0.001391989,0.082343541,0.138691331,491391,491391,42,0.540427024,5,TRUE,0.454568327,0.41023728,18,0.318552256,0.144874766,2,"[10, 5, 3]","[256, 128, 64]",[256],6842248,bb4u21c1,428.7,trial_0125_learning_rate=5.0e-04_history=5_kernel_sizes=10x5x3_conv_channels=256x128x64_fc_dims=256_seed0,9e770d3e6c,trial_0125_learning_rate=5.0e-04_history=5_kernel_sizes=10x5x3_conv_channels=256x128x64_fc_dims=256_seed0
/scratch/sb272/patterns5k_results/slurm_hist_cnn_2026-03-03_15-13-01/trial_0376_learning_rate=5.0e-03_history=10_kernel_sizes=10x5_conv_channels=256x128_fc_dims=256_seed1,cnn,0.169205273,0.136410094,0.016622324,0.008912525,0.112384841,0.140716344,483007,483007,18,0.540338763,10,TRUE,0.454568327,0.407902131,14,0.318552256,0.145378634,1,"[10, 5]","[256, 128]",[256],6851123,bb2u26c1,248.2,trial_0376_learning_rate=5.0e-03_history=10_kernel_sizes=10x5_conv_channels=256x128_fc_dims=256_seed1,c6a1a1e50a,trial_0376_learning_rate=5.0e-03_history=10_kernel_sizes=10x5_conv_channels=256x128_fc_dims=256_seed1
/scratch/sb272/patterns5k_results/slurm_hist_cnn_2026-03-03_15-13-01/trial_0122_learning_rate=5.0e-04_history=5_kernel_sizes=20_conv_channels=256_fc_dims=256_seed1,cnn,0.17010373,0.128244388,0.018101536,0.007767343,0.106208853,0.130314557,620351,620351,31,0.540200485,5,TRUE,0.454568327,0.431928148,19,0.318552256,0.139397293,2,[20],[256],[256],6842248,bb4u21c1,360.5,trial_0122_learning_rate=5.0e-04_history=5_kernel_sizes=20_conv_channels=256_fc_dims=256_seed1,73d505e9fe,trial_0122_learning_rate=5.0e-04_history=5_kernel_sizes=20_conv_channels=256_fc_dims=256_seed1
/scratch/sb272/patterns5k_results/slurm_hist_cnn_2026-03-03_15-13-01/trial_0016_learning_rate=1.0e-04_history=5_kernel_sizes=10_conv_channels=256_fc_dims=256_seed1,cnn,0.168883069,0.122507914,0.018800523,0.01167144,0.108429715,0.127141048,351551,351551,50,0.539638763,5,TRUE,0.454568327,0.423575953,19,0.318552256,0.131184593,2,[10],[256],[256],6842241,bb2u15c1,452.7,trial_0016_learning_rate=1.0e-04_history=5_kernel_sizes=10_conv_channels=256_fc_dims=256_seed1,e24e461b0a,trial_0016_learning_rate=1.0e-04_history=5_kernel_sizes=10_conv_channels=256_fc_dims=256_seed1
/scratch/sb272/patterns5k_results/slurm_hist_cnn_2026-03-03_15-13-01/trial_0368_learning_rate=5.0e-03_history=5_kernel_sizes=10x3_conv_channels=256x128_fc_dims=256_seed0,cnn,0.168772387,0.141080952,0.013006633,0.004853919,0.107511163,0.146116247,417471,417471,23,0.539488828,5,TRUE,0.454568327,0.403010743,16,0.318552256,0.148491859,2,"[10, 3]","[256, 128]",[256],6851123,bb2u26c1,267.1,trial_0368_learning_rate=5.0e-03_history=5_kernel_sizes=10x3_conv_channels=256x128_fc_dims=256_seed0,0f8f42d810,trial_0368_learning_rate=5.0e-03_history=5_kernel_sizes=10x3_conv_channels=256x128_fc_dims=256_seed0
/scratch/sb272/patterns5k_results/slurm_hist_cnn_2026-03-03_15-13-01/trial_0127_learning_rate=5.0e-04_history=10_kernel_sizes=5_conv_channels=256_fc_dims=256_seed1,cnn,0.168313113,0.131510179,0.020105727,0.017363952,0.124203905,0.14070186,217151,217151,44,0.539427404,10,TRUE,0.454568327,0.395327141,13,0.318552256,0.138750374,1,[5],[256],[256],6842248,bb4u21c1,307.4,trial_0127_learning_rate=5.0e-04_history=10_kernel_sizes=5_conv_channels=256_fc_dims=256_seed1,64041cdf4a,trial_0127_learning_rate=5.0e-04_history=10_kernel_sizes=5_conv_channels=256_fc_dims=256_seed1
/scratch/sb272/patterns5k_results/slurm_hist_cnn_2026-03-03_15-13-01/trial_0051_learning_rate=1.0e-04_history=5_kernel_sizes=10_conv_channels=256_fc_dims=256_seed2,cnn,0.16879942,0.122849803,0.018311811,0.011808015,0.108090006,0.124565749,351551,351551,50,0.539149865,5,TRUE,0.454568327,0.417836159,18,0.318552256,0.131158248,2,[10],[256],[256],6842244,bb3u12c1,347.2,trial_0051_learning_rate=1.0e-04_history=5_kernel_sizes=10_conv_channels=256_fc_dims=256_seed2,cfde8b60e5,trial_0051_learning_rate=1.0e-04_history=5_kernel_sizes=10_conv_channels=256_fc_dims=256_seed2
/scratch/sb272/patterns5k_results/slurm_hist_cnn_2026-03-03_15-13-01/trial_0304_learning_rate=1.0e-03_history=10_kernel_sizes=20_conv_channels=256_fc_dims=256_seed1,cnn,0.170858082,0.126630227,0.016044631,0.010664115,0.114567943,0.13218292,620351,620351,29,0.53895106,10,TRUE,0.454568327,0.413126161,18,0.318552256,0.136973947,1,[20],[256],[256],6842259,bc12u15n3,616.5,trial_0304_learning_rate=1.0e-03_history=10_kernel_sizes=20_conv_channels=256_fc_dims=256_seed1,fcbc23a794,trial_0304_learning_rate=1.0e-03_history=10_kernel_sizes=20_conv_channels=256_fc_dims=256_seed1
/scratch/sb272/patterns5k_results/slurm_hist_cnn_2026-03-03_15-13-01/trial_0230_learning_rate=1.0e-03_history=5_kernel_sizes=10x5x3_conv_channels=256x128x64_fc_dims=256_seed2,cnn,0.16725535,0.142517892,0.018556684,-0.002934317,0.083475322,0.143230301,491391,491391,26,0.538948761,5,TRUE,0.454568327,0.409852438,19,0.318552256,0.151713416,2,"[10, 5, 3]","[256, 128, 64]",[256],6842254,bb5u25c1,292.4,trial_0230_learning_rate=1.0e-03_history=5_kernel_sizes=10x5x3_conv_channels=256x128x64_fc_dims=256_seed2,8e016201f7,trial_0230_learning_rate=1.0e-03_history=5_kernel_sizes=10x5x3_conv_channels=256x128x64_fc_dims=256_seed2
/scratch/sb272/patterns5k_results/slurm_hist_cnn_2026-03-03_15-13-01/trial_0400_learning_rate=5.0e-03_history=5_kernel_sizes=5_conv_channels=256_fc_dims=256_seed1,cnn,0.167315141,0.141399909,0.023677812,0.019579867,0.13135244,0.142600409,217151,217151,21,0.53891302,5,TRUE,0.454568327,0.387271004,15,0.318552256,0.147955388,2,[5],[256],[256],6853982,bb5u23c1,211.1,trial_0400_learning_rate=5.0e-03_history=5_kernel_sizes=5_conv_channels=256_fc_dims=256_seed1,831e363d68,trial_0400_learning_rate=5.0e-03_history=5_kernel_sizes=5_conv_channels=256_fc_dims=256_seed1
/scratch/sb272/patterns5k_results/slurm_hist_cnn_2026-03-03_15-13-01/trial_0166_learning_rate=5.0e-04_history=10_kernel_sizes=10x5_conv_channels=256x128_fc_dims=256_seed0,cnn,0.170348335,0.128500975,0.009739833,0.004709576,0.110912666,0.132326124,483007,483007,34,0.538801472,10,TRUE,0.454568327,0.390921336,14,0.318552256,0.136505052,1,"[10, 5]","[256, 128]",[256],6842250,bb5u20c1,414.5,trial_0166_learning_rate=5.0e-04_history=10_kernel_sizes=10x5_conv_channels=256x128_fc_dims=256_seed0,74ff612ab9,trial_0166_learning_rate=5.0e-04_history=10_kernel_sizes=10x5_conv_channels=256x128_fc_dims=256_seed0
/scratch/sb272/patterns5k_results/slurm_hist_cnn_2026-03-03_15-13-01/trial_0049_learning_rate=1.0e-04_history=5_kernel_sizes=3_conv_channels=256_fc_dims=256_seed2,cnn,0.168624778,0.122422547,0.018817318,0.015333938,0.115204446,0.124711925,163391,163391,50,0.538648112,5,TRUE,0.454568327,0.404613446,18,0.318552256,0.128996342,1,[3],[256],[256],6842243,bb2u23c1,346.4,trial_0049_learning_rate=1.0e-04_history=5_kernel_sizes=3_conv_channels=256_fc_dims=256_seed2,75dd8cb4f9,trial_0049_learning_rate=1.0e-04_history=5_kernel_sizes=3_conv_channels=256_fc_dims=256_seed2
/scratch/sb272/patterns5k_results/slurm_hist_cnn_2026-03-03_15-13-01/trial_0240_learning_rate=1.0e-03_history=20_kernel_sizes=10_conv_channels=256_fc_dims=256_seed2,cnn,0.169494852,0.125263839,0.016338997,0.01557747,0.125269175,0.123819019,351551,351551,30,0.538470152,20,TRUE,0.454568327,0.390141416,10,0.318552256,0.132769689,1,[10],[256],[256],6842255,bb5u26c1,282.8,trial_0240_learning_rate=1.0e-03_history=20_kernel_sizes=10_conv_channels=256_fc_dims=256_seed2,7e4295c619,trial_0240_learning_rate=1.0e-03_history=20_kernel_sizes=10_conv_channels=256_fc_dims=256_seed2
/scratch/sb272/patterns5k_results/slurm_hist_cnn_2026-03-03_15-13-01/trial_0018_learning_rate=1.0e-04_history=5_kernel_sizes=10x3_conv_channels=256x128_fc_dims=256_seed1,cnn,0.169569244,0.125751147,0.010093993,0.005167517,0.103483297,0.128295302,417471,417471,50,0.538464879,5,TRUE,0.454568327,0.405019102,15,0.318552256,0.132794157,1,"[10, 3]","[256, 128]",[256],6842242,bb2u22c1,393,trial_0018_learning_rate=1.0e-04_history=5_kernel_sizes=10x3_conv_channels=256x128_fc_dims=256_seed1,3e56a8bd04,trial_0018_learning_rate=1.0e-04_history=5_kernel_sizes=10x3_conv_channels=256x128_fc_dims=256_seed1
/scratch/sb272/patterns5k_results/slurm_hist_cnn_2026-03-03_15-13-01/trial_0084_learning_rate=1.0e-04_history=5_kernel_sizes=3_conv_channels=256_fc_dims=256_seed2,cnn,0.168646852,0.12244993,0.018457136,0.015249594,0.115786768,0.124967189,163391,163391,50,0.538001357,5,TRUE,0.454568327,0.405746882,18,0.318552256,0.129286081,2,[3],[256],[256],6842246,bb4u12c1,287.7,trial_0084_learning_rate=1.0e-04_history=5_kernel_sizes=3_conv_channels=256_fc_dims=256_seed2,b5558c6b46,trial_0084_learning_rate=1.0e-04_history=5_kernel_sizes=3_conv_channels=256_fc_dims=256_seed2
/scratch/sb272/patterns5k_results/slurm_hist_cnn_2026-03-03_15-13-01/trial_0342_learning_rate=5.0e-03_history=10_kernel_sizes=10x5x3_conv_channels=256x128x64_fc_dims=256_seed1,cnn,0.170515249,0.13561805,0.018008793,0.006902123,0.106643245,0.136725917,491391,491391,26,0.537995166,10,TRUE,0.454568327,0.394041004,16,0.318552256,0.144728333,2,"[10, 5, 3]","[256, 128, 64]",[256],6850606,bb6u17g1,322.9,trial_0342_learning_rate=5.0e-03_history=10_kernel_sizes=10x5x3_conv_channels=256x128x64_fc_dims=256_seed1,7318c51e7c,trial_0342_learning_rate=5.0e-03_history=10_kernel_sizes=10x5x3_conv_channels=256x128x64_fc_dims=256_seed1
/scratch/sb272/patterns5k_results/slurm_hist_cnn_2026-03-03_15-13-01/trial_0407_learning_rate=5.0e-03_history=10_kernel_sizes=5_conv_channels=256_fc_dims=256_seed0,cnn,0.1684681,0.130455809,0.020420314,0.01612193,0.120195039,0.137546489,217151,217151,20,0.537869003,10,TRUE,0.454568327,0.375873451,10,0.318552256,0.13638179,1,[5],[256],[256],6853982,bb5u23c1,203.4,trial_0407_learning_rate=5.0e-03_history=10_kernel_sizes=5_conv_channels=256_fc_dims=256_seed0,9212d7fdec,trial_0407_learning_rate=5.0e-03_history=10_kernel_sizes=5_conv_channels=256_fc_dims=256_seed0
/scratch/sb272/patterns5k_results/slurm_hist_cnn_2026-03-03_15-13-01/trial_0084_learning_rate=1.0e-04_history=5_kernel_sizes=3_conv_channels=256_fc_dims=256_seed0,cnn,0.168981797,0.121315335,0.017865567,0.014846762,0.114060313,0.127522315,163391,163391,50,0.537786538,5,TRUE,0.454568327,0.404212721,15,0.318552256,0.127570167,1,[3],[256],[256],6842246,bb4u12c1,287.4,trial_0084_learning_rate=1.0e-04_history=5_kernel_sizes=3_conv_channels=256_fc_dims=256_seed0,b5558c6b46,trial_0084_learning_rate=1.0e-04_history=5_kernel_sizes=3_conv_channels=256_fc_dims=256_seed0
/scratch/sb272/patterns5k_results/slurm_hist_cnn_2026-03-03_15-13-01/trial_0415_learning_rate=5.0e-03_history=20_kernel_sizes=10_conv_channels=256_fc_dims=256_seed2,cnn,0.169194722,0.125159051,0.019392529,0.017391977,0.123087898,0.124353414,351551,351551,20,0.537366342,20,TRUE,0.454568327,0.391293899,12,0.318552256,0.132519975,1,[10],[256],[256],6853982,bb5u23c1,225.6,trial_0415_learning_rate=5.0e-03_history=20_kernel_sizes=10_conv_channels=256_fc_dims=256_seed2,c3aa302237,trial_0415_learning_rate=5.0e-03_history=20_kernel_sizes=10_conv_channels=256_fc_dims=256_seed2
/scratch/sb272/patterns5k_results/slurm_hist_cnn_2026-03-03_15-13-01/trial_0014_learning_rate=1.0e-04_history=5_kernel_sizes=3_conv_channels=256_fc_dims=256_seed0,cnn,0.168538191,0.12518596,0.018899832,0.015945556,0.118187577,0.129216024,163391,163391,50,0.53724538,5,TRUE,0.454568327,0.399971391,16,0.318552256,0.13129963,2,[3],[256],[256],6842241,bb2u15c1,371.9,trial_0014_learning_rate=1.0e-04_history=5_kernel_sizes=3_conv_channels=256_fc_dims=256_seed0,0c3a502253,trial_0014_learning_rate=1.0e-04_history=5_kernel_sizes=3_conv_channels=256_fc_dims=256_seed0
/scratch/sb272/patterns5k_results/slurm_hist_cnn_2026-03-03_15-13-01/trial_0305_learning_rate=1.0e-03_history=10_kernel_sizes=10x3_conv_channels=256x128_fc_dims=256_seed1,cnn,0.171176941,0.133699825,0.005904669,0.001717889,0.115504183,0.136970522,417471,417471,26,0.537097954,10,TRUE,0.454568327,0.385488236,11,0.318552256,0.141677633,1,"[10, 3]","[256, 128]",[256],6842259,bc12u15n3,510.7,trial_0305_learning_rate=1.0e-03_history=10_kernel_sizes=10x3_conv_channels=256x128_fc_dims=256_seed1,d68bc24ff1,trial_0305_learning_rate=1.0e-03_history=10_kernel_sizes=10x3_conv_channels=256x128_fc_dims=256_seed1
/scratch/sb272/patterns5k_results/slurm_hist_cnn_2026-03-03_15-13-01/trial_0341_learning_rate=5.0e-03_history=10_kernel_sizes=10x5_conv_channels=256x128_fc_dims=256_seed1,cnn,0.168565533,0.136341643,0.020391256,0.011836305,0.113023639,0.142580744,483007,483007,21,0.53704355,10,TRUE,0.454568327,0.392787599,14,0.318552256,0.145142585,1,"[10, 5]","[256, 128]",[256],6850606,bb6u17g1,278.1,trial_0341_learning_rate=5.0e-03_history=10_kernel_sizes=10x5_conv_channels=256x128_fc_dims=256_seed1,3430297808,trial_0341_learning_rate=5.0e-03_history=10_kernel_sizes=10x5_conv_channels=256x128_fc_dims=256_seed1
/scratch/sb272/patterns5k_results/slurm_hist_cnn_2026-03-03_15-13-01/trial_0093_learning_rate=1.0e-04_history=10_kernel_sizes=10_conv_channels=256_fc_dims=256_seed2,cnn,0.169252748,0.120449738,0.017790848,0.013373538,0.111541659,0.121874191,351551,351551,50,0.537008986,10,TRUE,0.454568327,0.406594048,17,0.318552256,0.13023074,1,[10],[256],[256],6842246,bb4u12c1,396.3,trial_0093_learning_rate=1.0e-04_history=10_kernel_sizes=10_conv_channels=256_fc_dims=256_seed2,78ea087623,trial_0093_learning_rate=1.0e-04_history=10_kernel_sizes=10_conv_channels=256_fc_dims=256_seed2
/scratch/sb272/patterns5k_results/slurm_hist_cnn_2026-03-03_15-13-01/trial_0085_learning_rate=1.0e-04_history=5_kernel_sizes=5_conv_channels=256_fc_dims=256_seed0,cnn,0.168623142,0.122429202,0.018238327,0.014703779,0.114322178,0.128406966,217151,217151,50,0.536616176,5,TRUE,0.454568327,0.403565457,17,0.318552256,0.129076615,2,[5],[256],[256],6842246,bb4u12c1,304.3,trial_0085_learning_rate=1.0e-04_history=5_kernel_sizes=5_conv_channels=256_fc_dims=256_seed0,42607b1444,trial_0085_learning_rate=1.0e-04_history=5_kernel_sizes=5_conv_channels=256_fc_dims=256_seed0
/scratch/sb272/patterns5k_results/slurm_hist_cnn_2026-03-03_15-13-01/trial_0236_learning_rate=1.0e-03_history=10_kernel_sizes=10x5_conv_channels=256x128_fc_dims=256_seed1,cnn,0.170026876,0.133704952,0.009470435,0.003493815,0.113452695,0.138036845,483007,483007,27,0.536544442,10,TRUE,0.454568327,0.396858585,15,0.318552256,0.142050743,1,"[10, 5]","[256, 128]",[256],6842255,bb5u26c1,303.6,trial_0236_learning_rate=1.0e-03_history=10_kernel_sizes=10x5_conv_channels=256x128_fc_dims=256_seed1,e2eb498128,trial_0236_learning_rate=1.0e-03_history=10_kernel_sizes=10x5_conv_channels=256x128_fc_dims=256_seed1
/scratch/sb272/patterns5k_results/slurm_hist_cnn_2026-03-03_15-13-01/trial_0166_learning_rate=5.0e-04_history=10_kernel_sizes=10x5_conv_channels=256x128_fc_dims=256_seed2,cnn,0.16976503,0.131667377,0.010393525,0.007220996,0.115882568,0.128102856,483007,483007,33,0.536406184,10,TRUE,0.454568327,0.396044194,15,0.318552256,0.140712783,1,"[10, 5]","[256, 128]",[256],6842251,bb5u23c1,346.4,trial_0166_learning_rate=5.0e-04_history=10_kernel_sizes=10x5_conv_channels=256x128_fc_dims=256_seed2,74ff612ab9,trial_0166_learning_rate=5.0e-04_history=10_kernel_sizes=10x5_conv_channels=256x128_fc_dims=256_seed2
/scratch/sb272/patterns5k_results/slurm_hist_cnn_2026-03-03_15-13-01/trial_0158_learning_rate=5.0e-04_history=5_kernel_sizes=10x3_conv_channels=256x128_fc_dims=256_seed1,cnn,0.169419149,0.135337688,0.010392042,0.003454983,0.106034912,0.14037068,417471,417471,31,0.536233451,5,TRUE,0.454568327,0.405211555,15,0.318552256,0.143574685,2,"[10, 3]","[256, 128]",[256],6842250,bb5u20c1,366.5,trial_0158_learning_rate=5.0e-04_history=5_kernel_sizes=10x3_conv_channels=256x128_fc_dims=256_seed1,1ae3136e11,trial_0158_learning_rate=5.0e-04_history=5_kernel_sizes=10x3_conv_channels=256x128_fc_dims=256_seed1
/scratch/sb272/patterns5k_results/slurm_hist_cnn_2026-03-03_15-13-01/trial_0168_learning_rate=5.0e-04_history=20_kernel_sizes=3_conv_channels=256_fc_dims=256_seed2,cnn,0.169012978,0.131765106,0.020598388,0.020722327,0.133284613,0.129343083,163391,163391,50,0.536215781,20,TRUE,0.454568327,0.383696348,9,0.318552256,0.137797952,1,[3],[256],[256],6842251,bb5u23c1,293.1,trial_0168_learning_rate=5.0e-04_history=20_kernel_sizes=3_conv_channels=256_fc_dims=256_seed2,1efe2e1cd9,trial_0168_learning_rate=5.0e-04_history=20_kernel_sizes=3_conv_channels=256_fc_dims=256_seed2
/scratch/sb272/patterns5k_results/slurm_hist_cnn_2026-03-03_15-13-01/trial_0273_learning_rate=1.0e-03_history=20_kernel_sizes=3_conv_channels=256_fc_dims=256_seed0,cnn,0.169470331,0.131274106,0.018466299,0.017979212,0.130965367,0.134476055,163391,163391,37,0.536209216,20,TRUE,0.454568327,0.380220728,8,0.318552256,0.136724308,1,[3],[256],[256],6842257,bc12u15n1,426.9,trial_0273_learning_rate=1.0e-03_history=20_kernel_sizes=3_conv_channels=256_fc_dims=256_seed0,510ecc4180,trial_0273_learning_rate=1.0e-03_history=20_kernel_sizes=3_conv_channels=256_fc_dims=256_seed0
/scratch/sb272/patterns5k_results/slurm_hist_cnn_2026-03-03_15-13-01/trial_0273_learning_rate=1.0e-03_history=20_kernel_sizes=3_conv_channels=256_fc_dims=256_seed2,cnn,0.169509651,0.131164623,0.019191085,0.019044731,0.131777167,0.129485094,163391,163391,40,0.535883675,20,TRUE,0.454568327,0.380913795,10,0.318552256,0.136929467,1,[3],[256],[256],6842257,bc12u15n1,443.3,trial_0273_learning_rate=1.0e-03_history=20_kernel_sizes=3_conv_channels=256_fc_dims=256_seed2,510ecc4180,trial_0273_learning_rate=1.0e-03_history=20_kernel_sizes=3_conv_channels=256_fc_dims=256_seed2
/scratch/sb272/patterns5k_results/slurm_hist_cnn_2026-03-03_15-13-01/trial_0128_learning_rate=5.0e-04_history=10_kernel_sizes=10_conv_channels=256_fc_dims=256_seed0,cnn,0.169387172,0.127533335,0.018267193,0.014240516,0.118129127,0.136498249,351551,351551,47,0.535878032,10,TRUE,0.454568327,0.403975323,17,0.318552256,0.13579227,1,[10],[256],[256],6842248,bb4u21c1,363.1,trial_0128_learning_rate=5.0e-04_history=10_kernel_sizes=10_conv_channels=256_fc_dims=256_seed0,290c20bc42,trial_0128_learning_rate=5.0e-04_history=10_kernel_sizes=10_conv_channels=256_fc_dims=256_seed0
/scratch/sb272/patterns5k_results/slurm_hist_cnn_2026-03-03_15-13-01/trial_0376_learning_rate=5.0e-03_history=10_kernel_sizes=10x5_conv_channels=256x128_fc_dims=256_seed0,cnn,0.168471682,0.137312056,0.02114082,0.013322444,0.11697951,0.141740678,483007,483007,20,0.535628994,10,TRUE,0.454568327,0.382742366,12,0.318552256,0.144840345,1,"[10, 5]","[256, 128]",[256],6851123,bb2u26c1,259.9,trial_0376_learning_rate=5.0e-03_history=10_kernel_sizes=10x5_conv_channels=256x128_fc_dims=256_seed0,c6a1a1e50a,trial_0376_learning_rate=5.0e-03_history=10_kernel_sizes=10x5_conv_channels=256x128_fc_dims=256_seed0
/scratch/sb272/patterns5k_results/slurm_hist_cnn_2026-03-03_15-13-01/trial_0408_learning_rate=5.0e-03_history=10_kernel_sizes=10_conv_channels=256_fc_dims=256_seed1,cnn,0.168210788,0.134437565,0.021872043,0.015642864,0.119644076,0.138454553,351551,351551,20,0.53558581,10,TRUE,0.454568327,0.40421232,12,0.318552256,0.142994031,2,[10],[256],[256],6853982,bb5u23c1,229.1,trial_0408_learning_rate=5.0e-03_history=10_kernel_sizes=10_conv_channels=256_fc_dims=256_seed1,0805762b17,trial_0408_learning_rate=5.0e-03_history=10_kernel_sizes=10_conv_channels=256_fc_dims=256_seed1
/scratch/sb272/patterns5k_results/slurm_hist_cnn_2026-03-03_15-13-01/trial_0341_learning_rate=5.0e-03_history=10_kernel_sizes=10x5_conv_channels=256x128_fc_dims=256_seed0,cnn,0.170705088,0.133286234,0.012765233,0.006481121,0.112578616,0.141088588,483007,483007,25,0.535555386,10,TRUE,0.454568327,0.390970652,14,0.318552256,0.141911641,1,"[10, 5]","[256, 128]",[256],6850606,bb6u17g1,304.4,trial_0341_learning_rate=5.0e-03_history=10_kernel_sizes=10x5_conv_channels=256x128_fc_dims=256_seed0,3430297808,trial_0341_learning_rate=5.0e-03_history=10_kernel_sizes=10x5_conv_channels=256x128_fc_dims=256_seed0
/scratch/sb272/patterns5k_results/slurm_hist_cnn_2026-03-03_15-13-01/trial_0298_learning_rate=1.0e-03_history=5_kernel_sizes=10x3_conv_channels=256x128_fc_dims=256_seed1,cnn,0.169100346,0.143239498,0.011537512,0.003579623,0.109953061,0.146541236,417471,417471,28,0.535283494,5,TRUE,0.454568327,0.412670317,15,0.318552256,0.151484609,2,"[10, 3]","[256, 128]",[256],6842258,bc12u15n3,528.2,trial_0298_learning_rate=1.0e-03_history=5_kernel_sizes=10x3_conv_channels=256x128_fc_dims=256_seed1,ac40deba82,trial_0298_learning_rate=1.0e-03_history=5_kernel_sizes=10x3_conv_channels=256x128_fc_dims=256_seed1
/scratch/sb272/patterns5k_results/slurm_hist_cnn_2026-03-03_15-13-01/trial_0123_learning_rate=5.0e-04_history=5_kernel_sizes=10x3_conv_channels=256x128_fc_dims=256_seed1,cnn,0.168749355,0.137239854,0.012936176,0.005358533,0.109660186,0.139591331,417471,417471,28,0.535164153,5,TRUE,0.454568327,0.40610338,15,0.318552256,0.144879475,2,"[10, 3]","[256, 128]",[256],6842248,bb4u21c1,300.9,trial_0123_learning_rate=5.0e-04_history=5_kernel_sizes=10x3_conv_channels=256x128_fc_dims=256_seed1,f544ae354f,trial_0123_learning_rate=5.0e-04_history=5_kernel_sizes=10x3_conv_channels=256x128_fc_dims=256_seed1
/scratch/sb272/patterns5k_results/slurm_hist_cnn_2026-03-03_15-13-01/trial_0015_learning_rate=1.0e-04_history=5_kernel_sizes=5_conv_channels=256_fc_dims=256_seed1,cnn,0.168525786,0.123658049,0.019251632,0.014666319,0.114413619,0.132180036,217151,217151,50,0.535152759,5,TRUE,0.454568327,0.398543253,14,0.318552256,0.130938619,2,[5],[256],[256],6842241,bb2u15c1,392.7,trial_0015_learning_rate=1.0e-04_history=5_kernel_sizes=5_conv_channels=256_fc_dims=256_seed1,517816c0a5,trial_0015_learning_rate=1.0e-04_history=5_kernel_sizes=5_conv_channels=256_fc_dims=256_seed1
/scratch/sb272/patterns5k_results/slurm_hist_cnn_2026-03-03_15-13-01/trial_0335_learning_rate=5.0e-03_history=5_kernel_sizes=10x5x3_conv_channels=256x128x64_fc_dims=256_seed2,cnn,0.16633095,0.148753013,0.02534566,0.002351642,0.090066001,0.149242586,491391,491391,24,0.535079918,5,TRUE,0.454568327,0.404785248,19,0.318552256,0.15818733,2,"[10, 5, 3]","[256, 128, 64]",[256],6850606,bb6u17g1,301.1,trial_0335_learning_rate=5.0e-03_history=5_kernel_sizes=10x5x3_conv_channels=256x128x64_fc_dims=256_seed2,33f36a589c,trial_0335_learning_rate=5.0e-03_history=5_kernel_sizes=10x5x3_conv_channels=256x128x64_fc_dims=256_seed2
/scratch/sb272/patterns5k_results/slurm_hist_cnn_2026-03-03_15-13-01/trial_0334_learning_rate=5.0e-03_history=5_kernel_sizes=10x5_conv_channels=256x128_fc_dims=256_seed0,cnn,0.169125158,0.143671798,0.015522263,-0.002192635,0.095879048,0.150512227,483007,483007,25,0.534509406,5,TRUE,0.454568327,0.395972185,13,0.318552256,0.152302608,2,"[10, 5]","[256, 128]",[256],6850606,bb6u17g1,310.3,trial_0334_learning_rate=5.0e-03_history=5_kernel_sizes=10x5_conv_channels=256x128_fc_dims=256_seed0,5b8324ea96,trial_0334_learning_rate=5.0e-03_history=5_kernel_sizes=10x5_conv_channels=256x128_fc_dims=256_seed0
/scratch/sb272/patterns5k_results/slurm_hist_cnn_2026-03-03_15-13-01/trial_0339_learning_rate=5.0e-03_history=10_kernel_sizes=20_conv_channels=256_fc_dims=256_seed2,cnn,0.168878458,0.129180411,0.019776313,0.012121725,0.112873361,0.131433435,620351,620351,19,0.534291662,10,TRUE,0.454568327,0.410236857,17,0.318552256,0.139959753,1,[20],[256],[256],6850606,bb6u17g1,283.2,trial_0339_learning_rate=5.0e-03_history=10_kernel_sizes=20_conv_channels=256_fc_dims=256_seed2,cfdf014950,trial_0339_learning_rate=5.0e-03_history=10_kernel_sizes=20_conv_channels=256_fc_dims=256_seed2
/scratch/sb272/patterns5k_results/slurm_hist_cnn_2026-03-03_15-13-01/trial_0304_learning_rate=1.0e-03_history=10_kernel_sizes=20_conv_channels=256_fc_dims=256_seed0,cnn,0.169813439,0.127890375,0.01691135,0.010693374,0.113835029,0.131658653,620351,620351,27,0.534051304,10,TRUE,0.454568327,0.417905239,18,0.318552256,0.138453513,1,[20],[256],[256],6842259,bc12u15n3,585.1,trial_0304_learning_rate=1.0e-03_history=10_kernel_sizes=20_conv_channels=256_fc_dims=256_seed0,fcbc23a794,trial_0304_learning_rate=1.0e-03_history=10_kernel_sizes=20_conv_channels=256_fc_dims=256_seed0
/scratch/sb272/patterns5k_results/slurm_hist_cnn_2026-03-03_15-13-01/trial_0089_learning_rate=1.0e-04_history=5_kernel_sizes=10x5_conv_channels=256x128_fc_dims=256_seed2,cnn,0.169189186,0.128582786,0.012293969,0.005041717,0.105160326,0.125056827,483007,483007,50,0.534031644,5,TRUE,0.454568327,0.406022062,17,0.318552256,0.137200341,2,"[10, 5]","[256, 128]",[256],6842246,bb4u12c1,481.8,trial_0089_learning_rate=1.0e-04_history=5_kernel_sizes=10x5_conv_channels=256x128_fc_dims=256_seed2,a05627f986,trial_0089_learning_rate=1.0e-04_history=5_kernel_sizes=10x5_conv_channels=256x128_fc_dims=256_seed2
/scratch/sb272/patterns5k_results/slurm_hist_cnn_2026-03-03_15-13-01/trial_0400_learning_rate=5.0e-03_history=5_kernel_sizes=5_conv_channels=256_fc_dims=256_seed0,cnn,0.167338458,0.136199855,0.022400851,0.018011094,0.124188393,0.142753997,217151,217151,20,0.534026501,5,TRUE,0.454568327,0.406655669,14,0.318552256,0.143072292,2,[5],[256],[256],6853982,bb5u23c1,207.2,trial_0400_learning_rate=5.0e-03_history=5_kernel_sizes=5_conv_channels=256_fc_dims=256_seed0,831e363d68,trial_0400_learning_rate=5.0e-03_history=5_kernel_sizes=5_conv_channels=256_fc_dims=256_seed0
/scratch/sb272/patterns5k_results/slurm_hist_cnn_2026-03-03_15-13-01/trial_0269_learning_rate=1.0e-03_history=10_kernel_sizes=20_conv_channels=256_fc_dims=256_seed2,cnn,0.170447143,0.129259324,0.018302107,0.010871353,0.115131065,0.129331207,620351,620351,28,0.533803037,10,TRUE,0.454568327,0.410129781,16,0.318552256,0.139674649,1,[20],[256],[256],6842257,bc12u15n1,542,trial_0269_learning_rate=1.0e-03_history=10_kernel_sizes=20_conv_channels=256_fc_dims=256_seed2,a37a03412e,trial_0269_learning_rate=1.0e-03_history=10_kernel_sizes=20_conv_channels=256_fc_dims=256_seed2
/scratch/sb272/patterns5k_results/slurm_hist_cnn_2026-03-03_15-13-01/trial_0205_learning_rate=5.0e-04_history=20_kernel_sizes=10_conv_channels=256_fc_dims=256_seed1,cnn,0.169745083,0.123181282,0.018257324,0.016990793,0.125882909,0.127660705,351551,351551,36,0.533714438,20,TRUE,0.454568327,0.381602259,12,0.318552256,0.131665796,1,[10],[256],[256],6842253,bb5u25c1,287.5,trial_0205_learning_rate=5.0e-04_history=20_kernel_sizes=10_conv_channels=256_fc_dims=256_seed1,1b694d3eae,trial_0205_learning_rate=5.0e-04_history=20_kernel_sizes=10_conv_channels=256_fc_dims=256_seed1
/scratch/sb272/patterns5k_results/slurm_hist_cnn_2026-03-03_15-13-01/trial_0201_learning_rate=5.0e-04_history=10_kernel_sizes=10x5_conv_channels=256x128_fc_dims=256_seed0,cnn,0.170559377,0.131769592,0.006628308,0.000727438,0.112784877,0.133173798,483007,483007,29,0.533667222,10,TRUE,0.454568327,0.39384761,13,0.318552256,0.140791923,1,"[10, 5]","[256, 128]",[256],6842253,bb5u25c1,299.3,trial_0201_learning_rate=5.0e-04_history=10_kernel_sizes=10x5_conv_channels=256x128_fc_dims=256_seed0,d0af811f82,trial_0201_learning_rate=5.0e-04_history=10_kernel_sizes=10x5_conv_channels=256x128_fc_dims=256_seed0
/scratch/sb272/patterns5k_results/slurm_hist_cnn_2026-03-03_15-13-01/trial_0374_learning_rate=5.0e-03_history=10_kernel_sizes=20_conv_channels=256_fc_dims=256_seed2,cnn,0.168860702,0.13089021,0.018907272,0.011900632,0.113617226,0.133199039,620351,620351,18,0.533571993,10,TRUE,0.454568327,0.414828994,18,0.318552256,0.141447529,2,[20],[256],[256],6851123,bb2u26c1,260.2,trial_0374_learning_rate=5.0e-03_history=10_kernel_sizes=20_conv_channels=256_fc_dims=256_seed2,17234cb5c0,trial_0374_learning_rate=5.0e-03_history=10_kernel_sizes=20_conv_channels=256_fc_dims=256_seed2
/scratch/sb272/patterns5k_results/slurm_hist_cnn_2026-03-03_15-13-01/trial_0157_learning_rate=5.0e-04_history=5_kernel_sizes=20_conv_channels=256_fc_dims=256_seed1,cnn,0.169570126,0.129816064,0.018455345,0.008768827,0.107858017,0.13191504,620351,620351,32,0.533538895,5,TRUE,0.454568327,0.430225754,19,0.318552256,0.140613377,2,[20],[256],[256],6842250,bb5u20c1,424.4,trial_0157_learning_rate=5.0e-04_history=5_kernel_sizes=20_conv_channels=256_fc_dims=256_seed1,aedf1daccb,trial_0157_learning_rate=5.0e-04_history=5_kernel_sizes=20_conv_channels=256_fc_dims=256_seed1
/scratch/sb272/patterns5k_results/slurm_hist_cnn_2026-03-03_15-13-01/trial_0270_learning_rate=1.0e-03_history=10_kernel_sizes=10x3_conv_channels=256x128_fc_dims=256_seed2,cnn,0.171068985,0.131983185,0.008978194,0.005409573,0.115906805,0.135047389,417471,417471,30,0.53333729,10,TRUE,0.454568327,0.38946962,14,0.318552256,0.140213534,1,"[10, 3]","[256, 128]",[256],6842257,bc12u15n1,476.1,trial_0270_learning_rate=1.0e-03_history=10_kernel_sizes=10x3_conv_channels=256x128_fc_dims=256_seed2,acfce7a1e7,trial_0270_learning_rate=1.0e-03_history=10_kernel_sizes=10x3_conv_channels=256x128_fc_dims=256_seed2
/scratch/sb272/patterns5k_results/slurm_hist_cnn_2026-03-03_15-13-01/trial_0235_learning_rate=1.0e-03_history=10_kernel_sizes=10x3_conv_channels=256x128_fc_dims=256_seed1,cnn,0.170890516,0.13331476,0.007169611,0.000533786,0.114994407,0.136676771,417471,417471,32,0.533276611,10,TRUE,0.454568327,0.389107787,13,0.318552256,0.141138464,1,"[10, 3]","[256, 128]",[256],6842255,bb5u26c1,318,trial_0235_learning_rate=1.0e-03_history=10_kernel_sizes=10x3_conv_channels=256x128_fc_dims=256_seed1,2.83E+26,trial_0235_learning_rate=1.0e-03_history=10_kernel_sizes=10x3_conv_channels=256x128_fc_dims=256_seed1
/scratch/sb272/patterns5k_results/slurm_hist_cnn_2026-03-03_15-13-01/trial_0371_learning_rate=5.0e-03_history=10_kernel_sizes=3_conv_channels=256_fc_dims=256_seed0,cnn,0.168728202,0.130369879,0.020494977,0.018330464,0.125049219,0.133774346,163391,163391,21,0.533112474,10,TRUE,0.454568327,0.37006158,11,0.318552256,0.135802239,1,[3],[256],[256],6851123,bb2u26c1,207,trial_0371_learning_rate=5.0e-03_history=10_kernel_sizes=3_conv_channels=256_fc_dims=256_seed0,5f9cd0a96f,trial_0371_learning_rate=5.0e-03_history=10_kernel_sizes=3_conv_channels=256_fc_dims=256_seed0
/scratch/sb272/patterns5k_results/slurm_hist_cnn_2026-03-03_15-13-01/trial_0406_learning_rate=5.0e-03_history=10_kernel_sizes=3_conv_channels=256_fc_dims=256_seed1,cnn,0.168762846,0.129448988,0.020306546,0.018658287,0.124454901,0.133910499,163391,163391,25,0.533067313,10,TRUE,0.454568327,0.36528624,9,0.318552256,0.134823412,1,[3],[256],[256],6853982,bb5u23c1,218.1,trial_0406_learning_rate=5.0e-03_history=10_kernel_sizes=3_conv_channels=256_fc_dims=256_seed1,595e607dfd,trial_0406_learning_rate=5.0e-03_history=10_kernel_sizes=3_conv_channels=256_fc_dims=256_seed1
/scratch/sb272/patterns5k_results/slurm_hist_cnn_2026-03-03_15-13-01/trial_0405_learning_rate=5.0e-03_history=5_kernel_sizes=10x5x3_conv_channels=256x128x64_fc_dims=256_seed1,cnn,0.167186683,0.144866281,0.024470007,0.000582243,0.082238294,0.148266212,491391,491391,25,0.533028145,5,TRUE,0.454568327,0.401445605,20,0.318552256,0.154245496,3,"[10, 5, 3]","[256, 128, 64]",[256],6853982,bb5u23c1,284.1,trial_0405_learning_rate=5.0e-03_history=5_kernel_sizes=10x5x3_conv_channels=256x128x64_fc_dims=256_seed1,e2f3ff8da3,trial_0405_learning_rate=5.0e-03_history=5_kernel_sizes=10x5x3_conv_channels=256x128x64_fc_dims=256_seed1
/scratch/sb272/patterns5k_results/slurm_hist_cnn_2026-03-03_15-13-01/trial_0088_learning_rate=1.0e-04_history=5_kernel_sizes=10x3_conv_channels=256x128_fc_dims=256_seed1,cnn,0.1694766,0.128910974,0.010285824,0.004866864,0.106515914,0.130046686,417471,417471,50,0.532634505,5,TRUE,0.454568327,0.40403039,15,0.318552256,0.137085825,2,"[10, 3]","[256, 128]",[256],6842246,bb4u12c1,385.6,trial_0088_learning_rate=1.0e-04_history=5_kernel_sizes=10x3_conv_channels=256x128_fc_dims=256_seed1,2e3ecd5491,trial_0088_learning_rate=1.0e-04_history=5_kernel_sizes=10x3_conv_channels=256x128_fc_dims=256_seed1
/scratch/sb272/patterns5k_results/slurm_hist_cnn_2026-03-03_15-13-01/trial_0122_learning_rate=5.0e-04_history=5_kernel_sizes=20_conv_channels=256_fc_dims=256_seed0,cnn,0.17017942,0.128363959,0.018133004,0.00915791,0.109033473,0.131798403,620351,620351,33,0.532249387,5,TRUE,0.454568327,0.42749743,17,0.318552256,0.138965726,2,[20],[256],[256],6842248,bb4u21c1,372.9,trial_0122_learning_rate=5.0e-04_history=5_kernel_sizes=20_conv_channels=256_fc_dims=256_seed0,73d505e9fe,trial_0122_learning_rate=5.0e-04_history=5_kernel_sizes=20_conv_channels=256_fc_dims=256_seed0
/scratch/sb272/patterns5k_results/slurm_hist_cnn_2026-03-03_15-13-01/trial_0054_learning_rate=1.0e-04_history=5_kernel_sizes=10x5_conv_channels=256x128_fc_dims=256_seed1,cnn,0.169179147,0.127871434,0.011158593,0.006100703,0.10603831,0.126676616,483007,483007,50,0.532015152,5,TRUE,0.454568327,0.410034181,16,0.318552256,0.135853276,2,"[10, 5]","[256, 128]",[256],6842244,bb3u12c1,446.3,trial_0054_learning_rate=1.0e-04_history=5_kernel_sizes=10x5_conv_channels=256x128_fc_dims=256_seed1,a85a88a7b4,trial_0054_learning_rate=1.0e-04_history=5_kernel_sizes=10x5_conv_channels=256x128_fc_dims=256_seed1
/scratch/sb272/patterns5k_results/slurm_hist_cnn_2026-03-03_15-13-01/trial_0265_learning_rate=1.0e-03_history=5_kernel_sizes=10x5x3_conv_channels=256x128x64_fc_dims=256_seed1,cnn,0.167973748,0.140060569,0.017878976,-0.002702407,0.083508693,0.143613414,491391,491391,31,0.531971635,5,TRUE,0.454568327,0.411155856,20,0.318552256,0.14992395,2,"[10, 5, 3]","[256, 128, 64]",[256],6842256,bc12u13n4,592.6,trial_0265_learning_rate=1.0e-03_history=5_kernel_sizes=10x5x3_conv_channels=256x128x64_fc_dims=256_seed1,105a25a29f,trial_0265_learning_rate=1.0e-03_history=5_kernel_sizes=10x5x3_conv_channels=256x128x64_fc_dims=256_seed1
/scratch/sb272/patterns5k_results/slurm_hist_cnn_2026-03-03_15-13-01/trial_0309_learning_rate=1.0e-03_history=20_kernel_sizes=5_conv_channels=256_fc_dims=256_seed0,cnn,0.1695405,0.130670138,0.018251679,0.017850846,0.130869433,0.133898054,217151,217151,36,0.531921137,20,TRUE,0.454568327,0.382321014,11,0.318552256,0.137316391,1,[5],[256],[256],6842259,bc12u15n3,506.5,trial_0309_learning_rate=1.0e-03_history=20_kernel_sizes=5_conv_channels=256_fc_dims=256_seed0,95835ac1ab,trial_0309_learning_rate=1.0e-03_history=20_kernel_sizes=5_conv_channels=256_fc_dims=256_seed0
/scratch/sb272/patterns5k_results/slurm_hist_cnn_2026-03-03_15-13-01/trial_0131_learning_rate=5.0e-04_history=10_kernel_sizes=10x5_conv_channels=256x128_fc_dims=256_seed0,cnn,0.170497297,0.131932221,0.007246253,0.003132391,0.116017796,0.132788142,483007,483007,36,0.53180889,10,TRUE,0.454568327,0.396068554,14,0.318552256,0.140379354,1,"[10, 5]","[256, 128]",[256],6842248,bb4u21c1,363.7,trial_0131_learning_rate=5.0e-04_history=10_kernel_sizes=10x5_conv_channels=256x128_fc_dims=256_seed0,a45a2faea8,trial_0131_learning_rate=5.0e-04_history=10_kernel_sizes=10x5_conv_channels=256x128_fc_dims=256_seed0
/scratch/sb272/patterns5k_results/slurm_hist_cnn_2026-03-03_15-13-01/trial_0368_learning_rate=5.0e-03_history=5_kernel_sizes=10x3_conv_channels=256x128_fc_dims=256_seed1,cnn,0.170001994,0.142661135,0.008738031,-0.003151388,0.103968568,0.149581066,417471,417471,28,0.531683912,5,TRUE,0.454568327,0.38479998,11,0.318552256,0.14989844,2,"[10, 3]","[256, 128]",[256],6851123,bb2u26c1,288.2,trial_0368_learning_rate=5.0e-03_history=5_kernel_sizes=10x3_conv_channels=256x128_fc_dims=256_seed1,0f8f42d810,trial_0368_learning_rate=5.0e-03_history=5_kernel_sizes=10x3_conv_channels=256x128_fc_dims=256_seed1
/scratch/sb272/patterns5k_results/slurm_hist_cnn_2026-03-03_15-13-01/trial_0336_learning_rate=5.0e-03_history=10_kernel_sizes=3_conv_channels=256_fc_dims=256_seed1,cnn,0.168361384,0.131187551,0.021542888,0.019249302,0.125921816,0.134076703,163391,163391,22,0.531548582,10,TRUE,0.454568327,0.379298801,12,0.318552256,0.137256756,1,[3],[256],[256],6850606,bb6u17g1,230.6,trial_0336_learning_rate=5.0e-03_history=10_kernel_sizes=3_conv_channels=256_fc_dims=256_seed1,b5569db729,trial_0336_learning_rate=5.0e-03_history=10_kernel_sizes=3_conv_channels=256_fc_dims=256_seed1
/scratch/sb272/patterns5k_results/slurm_hist_cnn_2026-03-03_15-13-01/trial_0238_learning_rate=1.0e-03_history=20_kernel_sizes=3_conv_channels=256_fc_dims=256_seed2,cnn,0.168802052,0.132979961,0.022534981,0.021575379,0.133583382,0.131304119,163391,163391,39,0.531517487,20,TRUE,0.454568327,0.385135807,9,0.318552256,0.139334798,1,[3],[256],[256],6842255,bb5u26c1,270.2,trial_0238_learning_rate=1.0e-03_history=20_kernel_sizes=3_conv_channels=256_fc_dims=256_seed2,869a346460,trial_0238_learning_rate=1.0e-03_history=20_kernel_sizes=3_conv_channels=256_fc_dims=256_seed2
/scratch/sb272/patterns5k_results/slurm_hist_cnn_2026-03-03_15-13-01/trial_0200_learning_rate=5.0e-04_history=10_kernel_sizes=10x3_conv_channels=256x128_fc_dims=256_seed1,cnn,0.169303619,0.131998583,0.014075941,0.008227752,0.113528483,0.134541984,417471,417471,28,0.531516588,10,TRUE,0.454568327,0.390745579,14,0.318552256,0.140138388,1,"[10, 3]","[256, 128]",[256],6842253,bb5u25c1,282.9,trial_0200_learning_rate=5.0e-04_history=10_kernel_sizes=10x3_conv_channels=256x128_fc_dims=256_seed1,92e3622699,trial_0200_learning_rate=5.0e-04_history=10_kernel_sizes=10x3_conv_channels=256x128_fc_dims=256_seed1
/scratch/sb272/patterns5k_results/slurm_hist_cnn_2026-03-03_15-13-01/trial_0335_learning_rate=5.0e-03_history=5_kernel_sizes=10x5x3_conv_channels=256x128x64_fc_dims=256_seed0,cnn,0.169985925,0.142565361,0.020870333,-0.001215954,0.085666806,0.146584275,491391,491391,38,0.531118982,5,TRUE,0.454568327,0.396767138,17,0.318552256,0.15190661,2,"[10, 5, 3]","[256, 128, 64]",[256],6850606,bb6u17g1,385.3,trial_0335_learning_rate=5.0e-03_history=5_kernel_sizes=10x5x3_conv_channels=256x128x64_fc_dims=256_seed0,33f36a589c,trial_0335_learning_rate=5.0e-03_history=5_kernel_sizes=10x5x3_conv_channels=256x128x64_fc_dims=256_seed0
/scratch/sb272/patterns5k_results/slurm_hist_cnn_2026-03-03_15-13-01/trial_0089_learning_rate=1.0e-04_history=5_kernel_sizes=10x5_conv_channels=256x128_fc_dims=256_seed0,cnn,0.169195648,0.12767655,0.011618675,0.005092576,0.104811929,0.129726961,483007,483007,50,0.531088623,5,TRUE,0.454568327,0.41004165,16,0.318552256,0.136055142,2,"[10, 5]","[256, 128]",[256],6842246,bb4u12c1,429.5,trial_0089_learning_rate=1.0e-04_history=5_kernel_sizes=10x5_conv_channels=256x128_fc_dims=256_seed0,a05627f986,trial_0089_learning_rate=1.0e-04_history=5_kernel_sizes=10x5_conv_channels=256x128_fc_dims=256_seed0
/scratch/sb272/patterns5k_results/slurm_hist_cnn_2026-03-03_15-13-01/trial_0232_learning_rate=1.0e-03_history=10_kernel_sizes=5_conv_channels=256_fc_dims=256_seed1,cnn,0.168394752,0.13264255,0.020727607,0.016766121,0.12470495,0.14087299,217151,217151,34,0.531003349,10,TRUE,0.454568327,0.3628265,10,0.318552256,0.13968733,1,[5],[256],[256],6842254,bb5u25c1,248.1,trial_0232_learning_rate=1.0e-03_history=10_kernel_sizes=5_conv_channels=256_fc_dims=256_seed1,96dbcd2e0d,trial_0232_learning_rate=1.0e-03_history=10_kernel_sizes=5_conv_channels=256_fc_dims=256_seed1
/scratch/sb272/patterns5k_results/slurm_hist_cnn_2026-03-03_15-13-01/trial_0239_learning_rate=1.0e-03_history=20_kernel_sizes=5_conv_channels=256_fc_dims=256_seed2,cnn,0.169164864,0.129040264,0.019784252,0.019482611,0.129620641,0.128828286,217151,217151,34,0.530741835,20,TRUE,0.454568327,0.379874518,10,0.318552256,0.135443732,1,[5],[256],[256],6842255,bb5u26c1,275.6,trial_0239_learning_rate=1.0e-03_history=20_kernel_sizes=5_conv_channels=256_fc_dims=256_seed2,111fdebfa0,trial_0239_learning_rate=1.0e-03_history=20_kernel_sizes=5_conv_channels=256_fc_dims=256_seed2
/scratch/sb272/patterns5k_results/slurm_hist_cnn_2026-03-03_15-13-01/trial_0205_learning_rate=5.0e-04_history=20_kernel_sizes=10_conv_channels=256_fc_dims=256_seed2,cnn,0.16993049,0.122373718,0.015345363,0.014840093,0.124242276,0.122414586,351551,351551,42,0.530641652,20,TRUE,0.454568327,0.38171072,12,0.318552256,0.130189285,1,[10],[256],[256],6842253,bb5u25c1,315.2,trial_0205_learning_rate=5.0e-04_history=20_kernel_sizes=10_conv_channels=256_fc_dims=256_seed2,1b694d3eae,trial_0205_learning_rate=5.0e-04_history=20_kernel_sizes=10_conv_channels=256_fc_dims=256_seed2
/scratch/sb272/patterns5k_results/slurm_hist_cnn_2026-03-03_15-13-01/trial_0341_learning_rate=5.0e-03_history=10_kernel_sizes=10x5_conv_channels=256x128_fc_dims=256_seed2,cnn,0.169955779,0.134589931,0.013454813,0.007112648,0.111196712,0.14159607,483007,483007,23,0.530551761,10,TRUE,0.454568327,0.39070205,13,0.318552256,0.14282164,1,"[10, 5]","[256, 128]",[256],6850606,bb6u17g1,288.4,trial_0341_learning_rate=5.0e-03_history=10_kernel_sizes=10x5_conv_channels=256x128_fc_dims=256_seed2,3430297808,trial_0341_learning_rate=5.0e-03_history=10_kernel_sizes=10x5_conv_channels=256x128_fc_dims=256_seed2
/scratch/sb272/patterns5k_results/slurm_hist_cnn_2026-03-03_15-13-01/trial_0238_learning_rate=1.0e-03_history=20_kernel_sizes=3_conv_channels=256_fc_dims=256_seed1,cnn,0.169652223,0.132141528,0.018843221,0.019674187,0.133090273,0.135054118,163391,163391,43,0.530524974,20,TRUE,0.454568327,0.386132415,10,0.318552256,0.138291866,1,[3],[256],[256],6842255,bb5u26c1,283.3,trial_0238_learning_rate=1.0e-03_history=20_kernel_sizes=3_conv_channels=256_fc_dims=256_seed1,869a346460,trial_0238_learning_rate=1.0e-03_history=20_kernel_sizes=3_conv_channels=256_fc_dims=256_seed1
/scratch/sb272/patterns5k_results/slurm_hist_cnn_2026-03-03_15-13-01/trial_0233_learning_rate=1.0e-03_history=10_kernel_sizes=10_conv_channels=256_fc_dims=256_seed1,cnn,0.168519163,0.13187833,0.019062603,0.014288465,0.11895334,0.139930043,351551,351551,29,0.530265408,10,TRUE,0.454568327,0.40406537,16,0.318552256,0.141254455,2,[10],[256],[256],6842255,bb5u26c1,283.7,trial_0233_learning_rate=1.0e-03_history=10_kernel_sizes=10_conv_channels=256_fc_dims=256_seed1,70bad5e041,trial_0233_learning_rate=1.0e-03_history=10_kernel_sizes=10_conv_channels=256_fc_dims=256_seed1
/scratch/sb272/patterns5k_results/slurm_hist_cnn_2026-03-03_15-13-01/trial_0053_learning_rate=1.0e-04_history=5_kernel_sizes=10x3_conv_channels=256x128_fc_dims=256_seed0,cnn,0.169790674,0.126460131,0.009174313,0.006136937,0.1078327,0.126264733,417471,417471,50,0.530138113,5,TRUE,0.454568327,0.407361814,16,0.318552256,0.134183526,2,"[10, 3]","[256, 128]",[256],6842244,bb3u12c1,428.8,trial_0053_learning_rate=1.0e-04_history=5_kernel_sizes=10x3_conv_channels=256x128_fc_dims=256_seed0,d9b9b0bae8,trial_0053_learning_rate=1.0e-04_history=5_kernel_sizes=10x3_conv_channels=256x128_fc_dims=256_seed0
/scratch/sb272/patterns5k_results/slurm_hist_cnn_2026-03-03_15-13-01/trial_0014_learning_rate=1.0e-04_history=5_kernel_sizes=3_conv_channels=256_fc_dims=256_seed2,cnn,0.168770634,0.120800778,0.018286028,0.015208577,0.115030639,0.125370492,163391,163391,50,0.530053408,5,TRUE,0.454568327,0.404397892,18,0.318552256,0.12769711,2,[3],[256],[256],6842241,bb2u15c1,363.2,trial_0014_learning_rate=1.0e-04_history=5_kernel_sizes=3_conv_channels=256_fc_dims=256_seed2,0c3a502253,trial_0014_learning_rate=1.0e-04_history=5_kernel_sizes=3_conv_channels=256_fc_dims=256_seed2
/scratch/sb272/patterns5k_results/slurm_hist_cnn_2026-03-03_15-13-01/trial_0130_learning_rate=5.0e-04_history=10_kernel_sizes=10x3_conv_channels=256x128_fc_dims=256_seed2,cnn,0.170677376,0.129275845,0.007284795,0.0025318,0.113966778,0.13055101,417471,417471,30,0.530044338,10,TRUE,0.454568327,0.378915368,13,0.318552256,0.137389973,1,"[10, 3]","[256, 128]",[256],6842248,bb4u21c1,310.6,trial_0130_learning_rate=5.0e-04_history=10_kernel_sizes=10x3_conv_channels=256x128_fc_dims=256_seed2,ada64b305d,trial_0130_learning_rate=5.0e-04_history=10_kernel_sizes=10x3_conv_channels=256x128_fc_dims=256_seed2
/scratch/sb272/patterns5k_results/slurm_hist_cnn_2026-03-03_15-13-01/trial_0402_learning_rate=5.0e-03_history=5_kernel_sizes=20_conv_channels=256_fc_dims=256_seed1,cnn,0.167641147,0.138318946,0.023314713,0.010028569,0.107139997,0.137955777,620351,620351,19,0.529979823,5,TRUE,0.454568327,0.429322651,19,0.318552256,0.149716809,2,[20],[256],[256],6853982,bb5u23c1,257.9,trial_0402_learning_rate=5.0e-03_history=5_kernel_sizes=20_conv_channels=256_fc_dims=256_seed1,e511cde1ca,trial_0402_learning_rate=5.0e-03_history=5_kernel_sizes=20_conv_channels=256_fc_dims=256_seed1
/scratch/sb272/patterns5k_results/slurm_hist_cnn_2026-03-03_15-13-01/trial_0192_learning_rate=5.0e-04_history=5_kernel_sizes=20_conv_channels=256_fc_dims=256_seed0,cnn,0.170649472,0.129109524,0.019039238,0.009720399,0.112052985,0.132764221,620351,620351,33,0.529532585,5,TRUE,0.454568327,0.428911563,19,0.318552256,0.140427634,1,[20],[256],[256],6842252,bb5u23c1,358.3,trial_0192_learning_rate=5.0e-04_history=5_kernel_sizes=20_conv_channels=256_fc_dims=256_seed0,178fa4b81f,trial_0192_learning_rate=5.0e-04_history=5_kernel_sizes=20_conv_channels=256_fc_dims=256_seed0
/scratch/sb272/patterns5k_results/slurm_hist_cnn_2026-03-03_15-13-01/trial_0160_learning_rate=5.0e-04_history=5_kernel_sizes=10x5x3_conv_channels=256x128x64_fc_dims=256_seed2,cnn,0.168931211,0.135682049,0.020059644,-0.000779917,0.083976164,0.135606392,491391,491391,37,0.529519242,5,TRUE,0.454568327,0.405762531,19,0.318552256,0.145621061,2,"[10, 5, 3]","[256, 128, 64]",[256],6842250,bb5u20c1,423.6,trial_0160_learning_rate=5.0e-04_history=5_kernel_sizes=10x5x3_conv_channels=256x128x64_fc_dims=256_seed2,0e613a7ed8,trial_0160_learning_rate=5.0e-04_history=5_kernel_sizes=10x5x3_conv_channels=256x128x64_fc_dims=256_seed2
/scratch/sb272/patterns5k_results/slurm_hist_cnn_2026-03-03_15-13-01/trial_0164_learning_rate=5.0e-04_history=10_kernel_sizes=20_conv_channels=256_fc_dims=256_seed2,cnn,0.17035822,0.124485286,0.015480611,0.010967848,0.114941299,0.124059807,620351,620351,31,0.529266619,10,TRUE,0.454568327,0.406614981,16,0.318552256,0.134302229,1,[20],[256],[256],6842250,bb5u20c1,426.2,trial_0164_learning_rate=5.0e-04_history=10_kernel_sizes=20_conv_channels=256_fc_dims=256_seed2,6389b86f58,trial_0164_learning_rate=5.0e-04_history=10_kernel_sizes=20_conv_channels=256_fc_dims=256_seed2
/scratch/sb272/patterns5k_results/slurm_hist_cnn_2026-03-03_15-13-01/trial_0201_learning_rate=5.0e-04_history=10_kernel_sizes=10x5_conv_channels=256x128_fc_dims=256_seed2,cnn,0.170770543,0.129536526,0.008298135,0.002003075,0.110793568,0.131459829,483007,483007,40,0.529210991,10,TRUE,0.454568327,0.392742967,15,0.318552256,0.137856603,1,"[10, 5]","[256, 128]",[256],6842253,bb5u25c1,361.2,trial_0201_learning_rate=5.0e-04_history=10_kernel_sizes=10x5_conv_channels=256x128_fc_dims=256_seed2,d0af811f82,trial_0201_learning_rate=5.0e-04_history=10_kernel_sizes=10x5_conv_channels=256x128_fc_dims=256_seed2
/scratch/sb272/patterns5k_results/slurm_hist_cnn_2026-03-03_15-13-01/trial_0272_learning_rate=1.0e-03_history=10_kernel_sizes=10x5x3_conv_channels=256x128x64_fc_dims=256_seed2,cnn,0.169871801,0.134572179,0.01810705,0.00660688,0.105445847,0.132629633,491391,491391,30,0.52911551,10,TRUE,0.454568327,0.393472136,15,0.318552256,0.144350126,1,"[10, 5, 3]","[256, 128, 64]",[256],6842257,bc12u15n1,567.4,trial_0272_learning_rate=1.0e-03_history=10_kernel_sizes=10x5x3_conv_channels=256x128x64_fc_dims=256_seed2,eb8d07bbce,trial_0272_learning_rate=1.0e-03_history=10_kernel_sizes=10x5x3_conv_channels=256x128x64_fc_dims=256_seed2
/scratch/sb272/patterns5k_results/slurm_hist_cnn_2026-03-03_15-13-01/trial_0165_learning_rate=5.0e-04_history=10_kernel_sizes=10x3_conv_channels=256x128_fc_dims=256_seed2,cnn,0.170545561,0.130584976,0.006057573,0.002807675,0.115254037,0.130905568,417471,417471,34,0.529082595,10,TRUE,0.454568327,0.381689168,11,0.318552256,0.137693584,1,"[10, 3]","[256, 128]",[256],6842250,bb5u20c1,384.1,trial_0165_learning_rate=5.0e-04_history=10_kernel_sizes=10x3_conv_channels=256x128_fc_dims=256_seed2,6b517467de,trial_0165_learning_rate=5.0e-04_history=10_kernel_sizes=10x3_conv_channels=256x128_fc_dims=256_seed2
/scratch/sb272/patterns5k_results/slurm_hist_cnn_2026-03-03_15-13-01/trial_0228_learning_rate=1.0e-03_history=5_kernel_sizes=10x3_conv_channels=256x128_fc_dims=256_seed0,cnn,0.168582646,0.135946238,0.015429253,0.006041835,0.106390841,0.142950906,417471,417471,26,0.528966116,5,TRUE,0.454568327,0.403510865,15,0.318552256,0.143554285,2,"[10, 3]","[256, 128]",[256],6842254,bb5u25c1,264.9,trial_0228_learning_rate=1.0e-03_history=5_kernel_sizes=10x3_conv_channels=256x128_fc_dims=256_seed0,ffb2ffe05a,trial_0228_learning_rate=1.0e-03_history=5_kernel_sizes=10x3_conv_channels=256x128_fc_dims=256_seed0
/scratch/sb272/patterns5k_results/slurm_hist_cnn_2026-03-03_15-13-01/trial_0405_learning_rate=5.0e-03_history=5_kernel_sizes=10x5x3_conv_channels=256x128x64_fc_dims=256_seed0,cnn,0.168640408,0.141991951,0.021257922,-0.000713678,0.084094904,0.148113542,491391,491391,29,0.527994441,5,TRUE,0.454568327,0.403966167,17,0.318552256,0.151229873,2,"[10, 5, 3]","[256, 128, 64]",[256],6853982,bb5u23c1,306,trial_0405_learning_rate=5.0e-03_history=5_kernel_sizes=10x5x3_conv_channels=256x128x64_fc_dims=256_seed0,e2f3ff8da3,trial_0405_learning_rate=5.0e-03_history=5_kernel_sizes=10x5x3_conv_channels=256x128x64_fc_dims=256_seed0
/scratch/sb272/patterns5k_results/slurm_hist_cnn_2026-03-03_15-13-01/trial_0365_learning_rate=5.0e-03_history=5_kernel_sizes=5_conv_channels=256_fc_dims=256_seed0,cnn,0.167438953,0.136465699,0.022188207,0.01820503,0.126043588,0.142752643,217151,217151,17,0.527976423,5,TRUE,0.454568327,0.385876973,13,0.318552256,0.143169314,2,[5],[256],[256],6850941,bb5u25c1,192.7,trial_0365_learning_rate=5.0e-03_history=5_kernel_sizes=5_conv_channels=256_fc_dims=256_seed0,73525ec579,trial_0365_learning_rate=5.0e-03_history=5_kernel_sizes=5_conv_channels=256_fc_dims=256_seed0
/scratch/sb272/patterns5k_results/slurm_hist_cnn_2026-03-03_15-13-01/trial_0375_learning_rate=5.0e-03_history=10_kernel_sizes=10x3_conv_channels=256x128_fc_dims=256_seed2,cnn,0.168464828,0.137796718,0.019652896,0.011951305,0.118047416,0.141622426,417471,417471,18,0.527900573,10,TRUE,0.454568327,0.373407788,9,0.318552256,0.144539952,1,"[10, 3]","[256, 128]",[256],6851123,bb2u26c1,234.2,trial_0375_learning_rate=5.0e-03_history=10_kernel_sizes=10x3_conv_channels=256x128_fc_dims=256_seed2,36dea4e9ec,trial_0375_learning_rate=5.0e-03_history=10_kernel_sizes=10x3_conv_channels=256x128_fc_dims=256_seed2
/scratch/sb272/patterns5k_results/slurm_hist_cnn_2026-03-03_15-13-01/trial_0123_learning_rate=5.0e-04_history=5_kernel_sizes=10x3_conv_channels=256x128_fc_dims=256_seed2,cnn,0.16903495,0.13484361,0.011412803,0.004312211,0.1096339,0.138267552,417471,417471,31,0.527872752,5,TRUE,0.454568327,0.406819612,16,0.318552256,0.143139258,2,"[10, 3]","[256, 128]",[256],6842248,bb4u21c1,316.6,trial_0123_learning_rate=5.0e-04_history=5_kernel_sizes=10x3_conv_channels=256x128_fc_dims=256_seed2,f544ae354f,trial_0123_learning_rate=5.0e-04_history=5_kernel_sizes=10x3_conv_channels=256x128_fc_dims=256_seed2
/scratch/sb272/patterns5k_results/slurm_hist_cnn_2026-03-03_15-13-01/trial_0234_learning_rate=1.0e-03_history=10_kernel_sizes=20_conv_channels=256_fc_dims=256_seed1,cnn,0.170071035,0.127201871,0.016486963,0.011680333,0.115878299,0.131433717,620351,620351,27,0.527823392,10,TRUE,0.454568327,0.406814986,18,0.318552256,0.138158426,1,[20],[256],[256],6842255,bb5u26c1,336.4,trial_0234_learning_rate=1.0e-03_history=10_kernel_sizes=20_conv_channels=256_fc_dims=256_seed1,2ca6d0619f,trial_0234_learning_rate=1.0e-03_history=10_kernel_sizes=20_conv_channels=256_fc_dims=256_seed1
/scratch/sb272/patterns5k_results/slurm_hist_cnn_2026-03-03_15-13-01/trial_0240_learning_rate=1.0e-03_history=20_kernel_sizes=10_conv_channels=256_fc_dims=256_seed0,cnn,0.169901287,0.126472009,0.017682749,0.016773969,0.128235236,0.129234609,351551,351551,32,0.527563578,20,TRUE,0.454568327,0.378985283,12,0.318552256,0.134185329,1,[10],[256],[256],6842255,bb5u26c1,291.4,trial_0240_learning_rate=1.0e-03_history=20_kernel_sizes=10_conv_channels=256_fc_dims=256_seed0,7e4295c619,trial_0240_learning_rate=1.0e-03_history=20_kernel_sizes=10_conv_channels=256_fc_dims=256_seed0
/scratch/sb272/patterns5k_results/slurm_hist_cnn_2026-03-03_15-13-01/trial_0370_learning_rate=5.0e-03_history=5_kernel_sizes=10x5x3_conv_channels=256x128x64_fc_dims=256_seed0,cnn,0.16691074,0.143174172,0.022538483,9.26E-05,0.083433986,0.146959544,491391,491391,24,0.527386598,5,TRUE,0.454568327,0.399216709,18,0.318552256,0.152471423,2,"[10, 5, 3]","[256, 128, 64]",[256],6851123,bb2u26c1,288.5,trial_0370_learning_rate=5.0e-03_history=5_kernel_sizes=10x5x3_conv_channels=256x128x64_fc_dims=256_seed0,470f72b84a,trial_0370_learning_rate=5.0e-03_history=5_kernel_sizes=10x5x3_conv_channels=256x128x64_fc_dims=256_seed0
/scratch/sb272/patterns5k_results/slurm_hist_cnn_2026-03-03_15-13-01/trial_0049_learning_rate=1.0e-04_history=5_kernel_sizes=3_conv_channels=256_fc_dims=256_seed1,cnn,0.168620613,0.123182001,0.01899381,0.015188356,0.116014555,0.130050017,163391,163391,50,0.527323046,5,TRUE,0.454568327,0.395561657,16,0.318552256,0.129594371,1,[3],[256],[256],6842243,bb2u23c1,339.7,trial_0049_learning_rate=1.0e-04_history=5_kernel_sizes=3_conv_channels=256_fc_dims=256_seed1,75dd8cb4f9,trial_0049_learning_rate=1.0e-04_history=5_kernel_sizes=3_conv_channels=256_fc_dims=256_seed1
/scratch/sb272/patterns5k_results/slurm_hist_cnn_2026-03-03_15-13-01/trial_0234_learning_rate=1.0e-03_history=10_kernel_sizes=20_conv_channels=256_fc_dims=256_seed0,cnn,0.17073674,0.13027218,0.018144044,0.010469375,0.115122028,0.130455193,620351,620351,28,0.527283694,10,TRUE,0.454568327,0.409344215,17,0.318552256,0.140632674,1,[20],[256],[256],6842255,bb5u26c1,351.4,trial_0234_learning_rate=1.0e-03_history=10_kernel_sizes=20_conv_channels=256_fc_dims=256_seed0,2ca6d0619f,trial_0234_learning_rate=1.0e-03_history=10_kernel_sizes=20_conv_channels=256_fc_dims=256_seed0
/scratch/sb272/patterns5k_results/slurm_hist_cnn_2026-03-03_15-13-01/trial_0274_learning_rate=1.0e-03_history=20_kernel_sizes=5_conv_channels=256_fc_dims=256_seed0,cnn,0.16999241,0.129612559,0.015202859,0.016547222,0.128981039,0.135315198,217151,217151,34,0.527168279,20,TRUE,0.454568327,0.386075021,10,0.318552256,0.135934368,1,[5],[256],[256],6842257,bc12u15n1,431.3,trial_0274_learning_rate=1.0e-03_history=20_kernel_sizes=5_conv_channels=256_fc_dims=256_seed0,c2b4cda040,trial_0274_learning_rate=1.0e-03_history=20_kernel_sizes=5_conv_channels=256_fc_dims=256_seed0
/scratch/sb272/patterns5k_results/slurm_hist_cnn_2026-03-03_15-13-01/trial_0204_learning_rate=5.0e-04_history=20_kernel_sizes=5_conv_channels=256_fc_dims=256_seed2,cnn,0.168810161,0.130461157,0.020922658,0.020461837,0.131190628,0.127574981,217151,217151,46,0.527130415,20,TRUE,0.454568327,0.388228352,9,0.318552256,0.137260377,1,[5],[256],[256],6842253,bb5u25c1,285,trial_0204_learning_rate=5.0e-04_history=20_kernel_sizes=5_conv_channels=256_fc_dims=256_seed2,1e63d327de,trial_0204_learning_rate=5.0e-04_history=20_kernel_sizes=5_conv_channels=256_fc_dims=256_seed2
/scratch/sb272/patterns5k_results/slurm_hist_cnn_2026-03-03_15-13-01/trial_0204_learning_rate=5.0e-04_history=20_kernel_sizes=5_conv_channels=256_fc_dims=256_seed0,cnn,0.17079258,0.130434694,0.011246109,0.013089189,0.131158531,0.132945388,217151,217151,37,0.527117124,20,TRUE,0.454568327,0.383196091,8,0.318552256,0.137035012,1,[5],[256],[256],6842253,bb5u25c1,256.1,trial_0204_learning_rate=5.0e-04_history=20_kernel_sizes=5_conv_channels=256_fc_dims=256_seed0,1e63d327de,trial_0204_learning_rate=5.0e-04_history=20_kernel_sizes=5_conv_channels=256_fc_dims=256_seed0
/scratch/sb272/patterns5k_results/slurm_hist_cnn_2026-03-03_15-13-01/trial_0236_learning_rate=1.0e-03_history=10_kernel_sizes=10x5_conv_channels=256x128_fc_dims=256_seed0,cnn,0.169420977,0.135175184,0.012081736,0.004770074,0.114038408,0.136860692,483007,483007,25,0.526900513,10,TRUE,0.454568327,0.389875103,13,0.318552256,0.143626168,1,"[10, 5]","[256, 128]",[256],6842255,bb5u26c1,300.9,trial_0236_learning_rate=1.0e-03_history=10_kernel_sizes=10x5_conv_channels=256x128_fc_dims=256_seed0,e2eb498128,trial_0236_learning_rate=1.0e-03_history=10_kernel_sizes=10x5_conv_channels=256x128_fc_dims=256_seed0
/scratch/sb272/patterns5k_results/slurm_hist_cnn_2026-03-03_15-13-01/trial_0237_learning_rate=1.0e-03_history=10_kernel_sizes=10x5x3_conv_channels=256x128x64_fc_dims=256_seed2,cnn,0.169208982,0.128170567,0.016331005,0.005081992,0.09758395,0.132620577,491391,491391,25,0.526873524,10,TRUE,0.454568327,0.393682139,17,0.318552256,0.137351811,1,"[10, 5, 3]","[256, 128, 64]",[256],6842255,bb5u26c1,305.8,trial_0237_learning_rate=1.0e-03_history=10_kernel_sizes=10x5x3_conv_channels=256x128x64_fc_dims=256_seed2,580a6bcdd0,trial_0237_learning_rate=1.0e-03_history=10_kernel_sizes=10x5x3_conv_channels=256x128x64_fc_dims=256_seed2
/scratch/sb272/patterns5k_results/slurm_hist_cnn_2026-03-03_15-13-01/trial_0131_learning_rate=5.0e-04_history=10_kernel_sizes=10x5_conv_channels=256x128_fc_dims=256_seed2,cnn,0.169062512,0.130849708,0.015377721,0.009475255,0.115492456,0.131315468,483007,483007,27,0.526840095,10,TRUE,0.454568327,0.394948136,13,0.318552256,0.139298156,1,"[10, 5]","[256, 128]",[256],6842248,bb4u21c1,310.7,trial_0131_learning_rate=5.0e-04_history=10_kernel_sizes=10x5_conv_channels=256x128_fc_dims=256_seed2,a45a2faea8,trial_0131_learning_rate=5.0e-04_history=10_kernel_sizes=10x5_conv_channels=256x128_fc_dims=256_seed2
/scratch/sb272/patterns5k_results/slurm_hist_cnn_2026-03-03_15-13-01/trial_0134_learning_rate=5.0e-04_history=20_kernel_sizes=5_conv_channels=256_fc_dims=256_seed2,cnn,0.169142655,0.130578784,0.020132214,0.019757179,0.130695939,0.127806069,217151,217151,50,0.526816592,20,TRUE,0.454568327,0.386980859,11,0.318552256,0.137267694,1,[5],[256],[256],6842249,bb4u22c1,351.7,trial_0134_learning_rate=5.0e-04_history=20_kernel_sizes=5_conv_channels=256_fc_dims=256_seed2,f4860c890c,trial_0134_learning_rate=5.0e-04_history=20_kernel_sizes=5_conv_channels=256_fc_dims=256_seed2
/scratch/sb272/patterns5k_results/slurm_hist_cnn_2026-03-03_15-13-01/trial_0339_learning_rate=5.0e-03_history=10_kernel_sizes=20_conv_channels=256_fc_dims=256_seed0,cnn,0.169059063,0.12838318,0.019767595,0.011847886,0.111222155,0.13080154,620351,620351,19,0.526742613,10,TRUE,0.454568327,0.409899365,18,0.318552256,0.13867408,1,[20],[256],[256],6850606,bb6u17g1,284.4,trial_0339_learning_rate=5.0e-03_history=10_kernel_sizes=20_conv_channels=256_fc_dims=256_seed0,cfdf014950,trial_0339_learning_rate=5.0e-03_history=10_kernel_sizes=20_conv_channels=256_fc_dims=256_seed0
/scratch/sb272/patterns5k_results/slurm_hist_cnn_2026-03-03_15-13-01/trial_0193_learning_rate=5.0e-04_history=5_kernel_sizes=10x3_conv_channels=256x128_fc_dims=256_seed1,cnn,0.169430202,0.134327006,0.009315839,0.001336759,0.106118694,0.138516956,417471,417471,30,0.526539564,5,TRUE,0.454568327,0.393940853,14,0.318552256,0.141920224,2,"[10, 3]","[256, 128]",[256],6842252,bb5u23c1,290.9,trial_0193_learning_rate=5.0e-04_history=5_kernel_sizes=10x3_conv_channels=256x128_fc_dims=256_seed1,3987f65b8e,trial_0193_learning_rate=5.0e-04_history=5_kernel_sizes=10x3_conv_channels=256x128_fc_dims=256_seed1
/scratch/sb272/patterns5k_results/slurm_hist_cnn_2026-03-03_15-13-01/trial_0403_learning_rate=5.0e-03_history=5_kernel_sizes=10x3_conv_channels=256x128_fc_dims=256_seed0,cnn,0.167515372,0.141995589,0.019450659,0.006743433,0.104597025,0.152215764,417471,417471,20,0.52645915,5,TRUE,0.454568327,0.402632017,13,0.318552256,0.150272369,2,"[10, 3]","[256, 128]",[256],6853982,bb5u23c1,236.4,trial_0403_learning_rate=5.0e-03_history=5_kernel_sizes=10x3_conv_channels=256x128_fc_dims=256_seed0,d5aa4554c6,trial_0403_learning_rate=5.0e-03_history=5_kernel_sizes=10x3_conv_channels=256x128_fc_dims=256_seed0
/scratch/sb272/patterns5k_results/slurm_hist_cnn_2026-03-03_15-13-01/trial_0308_learning_rate=1.0e-03_history=20_kernel_sizes=3_conv_channels=256_fc_dims=256_seed0,cnn,0.168856836,0.129370655,0.020847657,0.020493304,0.130409971,0.13394766,163391,163391,31,0.526034148,20,TRUE,0.454568327,0.372515091,9,0.318552256,0.13494879,1,[3],[256],[256],6842259,bc12u15n3,446.6,trial_0308_learning_rate=1.0e-03_history=20_kernel_sizes=3_conv_channels=256_fc_dims=256_seed0,90838593b2,trial_0308_learning_rate=1.0e-03_history=20_kernel_sizes=3_conv_channels=256_fc_dims=256_seed0
/scratch/sb272/patterns5k_results/slurm_hist_cnn_2026-03-03_15-13-01/trial_0133_learning_rate=5.0e-04_history=20_kernel_sizes=3_conv_channels=256_fc_dims=256_seed2,cnn,0.169029538,0.130664781,0.020782047,0.020352869,0.131319299,0.130787083,163391,163391,49,0.526007435,20,TRUE,0.454568327,0.372579405,10,0.318552256,0.136201963,1,[3],[256],[256],6842249,bb4u22c1,320.1,trial_0133_learning_rate=5.0e-04_history=20_kernel_sizes=3_conv_channels=256_fc_dims=256_seed2,d126d366fe,trial_0133_learning_rate=5.0e-04_history=20_kernel_sizes=3_conv_channels=256_fc_dims=256_seed2
/scratch/sb272/patterns5k_results/slurm_hist_cnn_2026-03-03_15-13-01/trial_0310_learning_rate=1.0e-03_history=20_kernel_sizes=10_conv_channels=256_fc_dims=256_seed0,cnn,0.169623192,0.128442357,0.018739313,0.017745957,0.129305571,0.12942367,351551,351551,31,0.52596391,20,TRUE,0.454568327,0.382141071,11,0.318552256,0.136087745,1,[10],[256],[256],6842259,bc12u15n3,499.6,trial_0310_learning_rate=1.0e-03_history=20_kernel_sizes=10_conv_channels=256_fc_dims=256_seed0,0f74e13e04,trial_0310_learning_rate=1.0e-03_history=20_kernel_sizes=10_conv_channels=256_fc_dims=256_seed0
/scratch/sb272/patterns5k_results/slurm_hist_cnn_2026-03-03_15-13-01/trial_0412_learning_rate=5.0e-03_history=10_kernel_sizes=10x5x3_conv_channels=256x128x64_fc_dims=256_seed1,cnn,0.169074425,0.134135308,0.019689442,0.005646163,0.096488938,0.138213712,491391,491391,23,0.525865864,10,TRUE,0.454568327,0.387555133,20,0.318552256,0.14375487,2,"[10, 5, 3]","[256, 128, 64]",[256],6853982,bb5u23c1,270.5,trial_0412_learning_rate=5.0e-03_history=10_kernel_sizes=10x5x3_conv_channels=256x128x64_fc_dims=256_seed1,dbd135d613,trial_0412_learning_rate=5.0e-03_history=10_kernel_sizes=10x5x3_conv_channels=256x128x64_fc_dims=256_seed1
/scratch/sb272/patterns5k_results/slurm_hist_cnn_2026-03-03_15-13-01/trial_0058_learning_rate=1.0e-04_history=10_kernel_sizes=10_conv_channels=256_fc_dims=256_seed2,cnn,0.169534982,0.119179589,0.017450227,0.012592873,0.109637849,0.122298061,351551,351551,50,0.52562278,10,TRUE,0.454568327,0.399037652,17,0.318552256,0.12840046,1,[10],[256],[256],6842244,bb3u12c1,375.6,trial_0058_learning_rate=1.0e-04_history=10_kernel_sizes=10_conv_channels=256_fc_dims=256_seed2,d3cea415ec,trial_0058_learning_rate=1.0e-04_history=10_kernel_sizes=10_conv_channels=256_fc_dims=256_seed2
/scratch/sb272/patterns5k_results/slurm_hist_cnn_2026-03-03_15-13-01/trial_0307_learning_rate=1.0e-03_history=10_kernel_sizes=10x5x3_conv_channels=256x128x64_fc_dims=256_seed1,cnn,0.170275195,0.131524225,0.017379246,0.008404016,0.105730169,0.135661385,491391,491391,29,0.525589335,10,TRUE,0.454568327,0.389983505,15,0.318552256,0.141112417,1,"[10, 5, 3]","[256, 128, 64]",[256],6842259,bc12u15n3,591.2,trial_0307_learning_rate=1.0e-03_history=10_kernel_sizes=10x5x3_conv_channels=256x128x64_fc_dims=256_seed1,c04e1e74f7,trial_0307_learning_rate=1.0e-03_history=10_kernel_sizes=10x5x3_conv_channels=256x128x64_fc_dims=256_seed1
/scratch/sb272/patterns5k_results/slurm_hist_cnn_2026-03-03_15-13-01/trial_0336_learning_rate=5.0e-03_history=10_kernel_sizes=3_conv_channels=256_fc_dims=256_seed0,cnn,0.168845601,0.129416596,0.019481087,0.017597506,0.123558953,0.133511518,163391,163391,23,0.525494416,10,TRUE,0.454568327,0.367514847,9,0.318552256,0.134177789,1,[3],[256],[256],6850606,bb6u17g1,228,trial_0336_learning_rate=5.0e-03_history=10_kernel_sizes=3_conv_channels=256_fc_dims=256_seed0,b5569db729,trial_0336_learning_rate=5.0e-03_history=10_kernel_sizes=3_conv_channels=256_fc_dims=256_seed0
/scratch/sb272/patterns5k_results/slurm_hist_cnn_2026-03-03_15-13-01/trial_0235_learning_rate=1.0e-03_history=10_kernel_sizes=10x3_conv_channels=256x128_fc_dims=256_seed2,cnn,0.1712739,0.129820972,0.002817625,-0.001116593,0.114166267,0.133819616,417471,417471,26,0.525346421,10,TRUE,0.454568327,0.385047857,13,0.318552256,0.137798309,1,"[10, 3]","[256, 128]",[256],6842255,bb5u26c1,286.9,trial_0235_learning_rate=1.0e-03_history=10_kernel_sizes=10x3_conv_channels=256x128_fc_dims=256_seed2,2.83E+26,trial_0235_learning_rate=1.0e-03_history=10_kernel_sizes=10x3_conv_channels=256x128_fc_dims=256_seed2
/scratch/sb272/patterns5k_results/slurm_hist_cnn_2026-03-03_15-13-01/trial_0374_learning_rate=5.0e-03_history=10_kernel_sizes=20_conv_channels=256_fc_dims=256_seed0,cnn,0.168493463,0.131365642,0.020264958,0.013163327,0.114939235,0.134801903,620351,620351,19,0.52513247,10,TRUE,0.454568327,0.412106906,17,0.318552256,0.142112553,1,[20],[256],[256],6851123,bb2u26c1,269.1,trial_0374_learning_rate=5.0e-03_history=10_kernel_sizes=20_conv_channels=256_fc_dims=256_seed0,17234cb5c0,trial_0374_learning_rate=5.0e-03_history=10_kernel_sizes=20_conv_channels=256_fc_dims=256_seed0
/scratch/sb272/patterns5k_results/slurm_hist_cnn_2026-03-03_15-13-01/trial_0092_learning_rate=1.0e-04_history=10_kernel_sizes=5_conv_channels=256_fc_dims=256_seed2,cnn,0.169412006,0.121304238,0.017497754,0.015021357,0.117067717,0.125481736,217151,217151,50,0.525126433,10,TRUE,0.454568327,0.372795496,12,0.318552256,0.128932282,1,[5],[256],[256],6842246,bb4u12c1,350.2,trial_0092_learning_rate=1.0e-04_history=10_kernel_sizes=5_conv_channels=256_fc_dims=256_seed2,c591fde168,trial_0092_learning_rate=1.0e-04_history=10_kernel_sizes=5_conv_channels=256_fc_dims=256_seed2
/scratch/sb272/patterns5k_results/slurm_hist_cnn_2026-03-03_15-13-01/trial_0414_learning_rate=5.0e-03_history=20_kernel_sizes=5_conv_channels=256_fc_dims=256_seed2,cnn,0.168746607,0.12969682,0.020789227,0.019485773,0.127514645,0.130265063,217151,217151,18,0.524880538,20,TRUE,0.454568327,0.380759317,10,0.318552256,0.136417881,1,[5],[256],[256],6853982,bb5u23c1,201.3,trial_0414_learning_rate=5.0e-03_history=20_kernel_sizes=5_conv_channels=256_fc_dims=256_seed2,d688f0c1f8,trial_0414_learning_rate=5.0e-03_history=20_kernel_sizes=5_conv_channels=256_fc_dims=256_seed2
/scratch/sb272/patterns5k_results/slurm_hist_cnn_2026-03-03_15-13-01/trial_0049_learning_rate=1.0e-04_history=5_kernel_sizes=3_conv_channels=256_fc_dims=256_seed0,cnn,0.168741829,0.122306987,0.018438121,0.015012365,0.115045793,0.128194794,163391,163391,50,0.524851442,5,TRUE,0.454568327,0.398316901,15,0.318552256,0.128704935,1,[3],[256],[256],6842243,bb2u23c1,367,trial_0049_learning_rate=1.0e-04_history=5_kernel_sizes=3_conv_channels=256_fc_dims=256_seed0,75dd8cb4f9,trial_0049_learning_rate=1.0e-04_history=5_kernel_sizes=3_conv_channels=256_fc_dims=256_seed0
/scratch/sb272/patterns5k_results/slurm_hist_cnn_2026-03-03_15-13-01/trial_0170_learning_rate=5.0e-04_history=20_kernel_sizes=10_conv_channels=256_fc_dims=256_seed1,cnn,0.169729174,0.122872623,0.017620265,0.017541168,0.126406685,0.126914101,351551,351551,37,0.524562868,20,TRUE,0.454568327,0.372743238,14,0.318552256,0.130802691,1,[10],[256],[256],6842251,bb5u23c1,297.8,trial_0170_learning_rate=5.0e-04_history=20_kernel_sizes=10_conv_channels=256_fc_dims=256_seed1,15d27bed1f,trial_0170_learning_rate=5.0e-04_history=20_kernel_sizes=10_conv_channels=256_fc_dims=256_seed1
/scratch/sb272/patterns5k_results/slurm_hist_cnn_2026-03-03_15-13-01/trial_0237_learning_rate=1.0e-03_history=10_kernel_sizes=10x5x3_conv_channels=256x128x64_fc_dims=256_seed0,cnn,0.171269302,0.130111515,0.016672143,0.005539238,0.101547234,0.138044136,491391,491391,33,0.524459546,10,TRUE,0.454568327,0.387426591,15,0.318552256,0.139449984,2,"[10, 5, 3]","[256, 128, 64]",[256],6842255,bb5u26c1,352.9,trial_0237_learning_rate=1.0e-03_history=10_kernel_sizes=10x5x3_conv_channels=256x128x64_fc_dims=256_seed0,580a6bcdd0,trial_0237_learning_rate=1.0e-03_history=10_kernel_sizes=10x5x3_conv_channels=256x128x64_fc_dims=256_seed0
/scratch/sb272/patterns5k_results/slurm_hist_cnn_2026-03-03_15-13-01/trial_0271_learning_rate=1.0e-03_history=10_kernel_sizes=10x5_conv_channels=256x128_fc_dims=256_seed1,cnn,0.169157986,0.134696542,0.019010537,0.010503396,0.116489701,0.136979948,483007,483007,25,0.524331371,10,TRUE,0.454568327,0.391577151,11,0.318552256,0.143405929,1,"[10, 5]","[256, 128]",[256],6842257,bc12u15n1,444.9,trial_0271_learning_rate=1.0e-03_history=10_kernel_sizes=10x5_conv_channels=256x128_fc_dims=256_seed1,76ad7e1ed5,trial_0271_learning_rate=1.0e-03_history=10_kernel_sizes=10x5_conv_channels=256x128_fc_dims=256_seed1
/scratch/sb272/patterns5k_results/slurm_hist_cnn_2026-03-03_15-13-01/trial_0173_learning_rate=5.0e-04_history=20_kernel_sizes=10x5_conv_channels=256x128_fc_dims=256_seed2,cnn,0.171429495,0.123835105,0.008520276,0.005783284,0.120540291,0.12218696,483007,483007,34,0.524306428,20,TRUE,0.454568327,0.358863378,9,0.318552256,0.130502269,1,"[10, 5]","[256, 128]",[256],6842251,bb5u23c1,336.5,trial_0173_learning_rate=5.0e-04_history=20_kernel_sizes=10x5_conv_channels=256x128_fc_dims=256_seed2,e4fb973cf7,trial_0173_learning_rate=5.0e-04_history=20_kernel_sizes=10x5_conv_channels=256x128_fc_dims=256_seed2
/scratch/sb272/patterns5k_results/slurm_hist_cnn_2026-03-03_15-13-01/trial_0374_learning_rate=5.0e-03_history=10_kernel_sizes=20_conv_channels=256_fc_dims=256_seed1,cnn,0.168889422,0.129237588,0.020332948,0.012535372,0.113176085,0.132997058,620351,620351,18,0.524166776,10,TRUE,0.454568327,0.404109543,16,0.318552256,0.139965907,1,[20],[256],[256],6851123,bb2u26c1,261.7,trial_0374_learning_rate=5.0e-03_history=10_kernel_sizes=20_conv_channels=256_fc_dims=256_seed1,17234cb5c0,trial_0374_learning_rate=5.0e-03_history=10_kernel_sizes=20_conv_channels=256_fc_dims=256_seed1
/scratch/sb272/patterns5k_results/slurm_hist_cnn_2026-03-03_15-13-01/trial_0269_learning_rate=1.0e-03_history=10_kernel_sizes=20_conv_channels=256_fc_dims=256_seed0,cnn,0.170610424,0.130591302,0.018881815,0.012734174,0.119569816,0.131434033,620351,620351,28,0.523938826,10,TRUE,0.454568327,0.405340666,17,0.318552256,0.140420705,1,[20],[256],[256],6842257,bc12u15n1,530.8,trial_0269_learning_rate=1.0e-03_history=10_kernel_sizes=20_conv_channels=256_fc_dims=256_seed0,a37a03412e,trial_0269_learning_rate=1.0e-03_history=10_kernel_sizes=20_conv_channels=256_fc_dims=256_seed0
/scratch/sb272/patterns5k_results/slurm_hist_cnn_2026-03-03_15-13-01/trial_0273_learning_rate=1.0e-03_history=20_kernel_sizes=3_conv_channels=256_fc_dims=256_seed1,cnn,0.168984493,0.131679917,0.021844539,0.021358183,0.132015854,0.136272481,163391,163391,33,0.523865615,20,TRUE,0.454568327,0.37597251,10,0.318552256,0.138136014,1,[3],[256],[256],6842257,bc12u15n1,402.7,trial_0273_learning_rate=1.0e-03_history=20_kernel_sizes=3_conv_channels=256_fc_dims=256_seed1,510ecc4180,trial_0273_learning_rate=1.0e-03_history=20_kernel_sizes=3_conv_channels=256_fc_dims=256_seed1
/scratch/sb272/patterns5k_results/slurm_hist_cnn_2026-03-03_15-13-01/trial_0023_learning_rate=1.0e-04_history=10_kernel_sizes=10_conv_channels=256_fc_dims=256_seed0,cnn,0.168817492,0.124382371,0.019490322,0.015100539,0.11661838,0.12519551,351551,351551,50,0.52360299,10,TRUE,0.454568327,0.390050087,16,0.318552256,0.133446947,1,[10],[256],[256],6842242,bb2u22c1,380.2,trial_0023_learning_rate=1.0e-04_history=10_kernel_sizes=10_conv_channels=256_fc_dims=256_seed0,1ae0378003,trial_0023_learning_rate=1.0e-04_history=10_kernel_sizes=10_conv_channels=256_fc_dims=256_seed0
/scratch/sb272/patterns5k_results/slurm_hist_cnn_2026-03-03_15-13-01/trial_0202_learning_rate=5.0e-04_history=10_kernel_sizes=10x5x3_conv_channels=256x128x64_fc_dims=256_seed2,cnn,0.171719608,0.126235346,0.01517372,0.00337879,0.095680721,0.126800697,491391,491391,41,0.523139459,10,TRUE,0.454568327,0.385365696,17,0.318552256,0.135497287,1,"[10, 5, 3]","[256, 128, 64]",[256],6842253,bb5u25c1,383,trial_0202_learning_rate=5.0e-04_history=10_kernel_sizes=10x5x3_conv_channels=256x128x64_fc_dims=256_seed2,fca321d7f3,trial_0202_learning_rate=5.0e-04_history=10_kernel_sizes=10x5x3_conv_channels=256x128x64_fc_dims=256_seed2
/scratch/sb272/patterns5k_results/slurm_hist_cnn_2026-03-03_15-13-01/trial_0052_learning_rate=1.0e-04_history=5_kernel_sizes=20_conv_channels=256_fc_dims=256_seed1,cnn,0.17015945,0.121256636,0.017649474,0.00799643,0.103619009,0.123307224,620351,620351,50,0.523064464,5,TRUE,0.454568327,0.421213714,19,0.318552256,0.132105216,2,[20],[256],[256],6842244,bb3u12c1,552.4,trial_0052_learning_rate=1.0e-04_history=5_kernel_sizes=20_conv_channels=256_fc_dims=256_seed1,17b8064083,trial_0052_learning_rate=1.0e-04_history=5_kernel_sizes=20_conv_channels=256_fc_dims=256_seed1
/scratch/sb272/patterns5k_results/slurm_hist_cnn_2026-03-03_15-13-01/trial_0340_learning_rate=5.0e-03_history=10_kernel_sizes=10x3_conv_channels=256x128_fc_dims=256_seed1,cnn,0.167265931,0.138818171,0.023053238,0.015075151,0.116873011,0.142006778,417471,417471,17,0.523050824,10,TRUE,0.454568327,0.393810946,13,0.318552256,0.146433637,1,"[10, 3]","[256, 128]",[256],6850606,bb6u17g1,246.4,trial_0340_learning_rate=5.0e-03_history=10_kernel_sizes=10x3_conv_channels=256x128_fc_dims=256_seed1,bd3e6e130b,trial_0340_learning_rate=5.0e-03_history=10_kernel_sizes=10x3_conv_channels=256x128_fc_dims=256_seed1
/scratch/sb272/patterns5k_results/slurm_hist_cnn_2026-03-03_15-13-01/trial_0274_learning_rate=1.0e-03_history=20_kernel_sizes=5_conv_channels=256_fc_dims=256_seed1,cnn,0.169450231,0.127747432,0.018006189,0.017789873,0.126371458,0.1359985,217151,217151,33,0.522906859,20,TRUE,0.454568327,0.385177636,11,0.318552256,0.134612441,1,[5],[256],[256],6842257,bc12u15n1,452.1,trial_0274_learning_rate=1.0e-03_history=20_kernel_sizes=5_conv_channels=256_fc_dims=256_seed1,c2b4cda040,trial_0274_learning_rate=1.0e-03_history=20_kernel_sizes=5_conv_channels=256_fc_dims=256_seed1
/scratch/sb272/patterns5k_results/slurm_hist_cnn_2026-03-03_15-13-01/trial_0274_learning_rate=1.0e-03_history=20_kernel_sizes=5_conv_channels=256_fc_dims=256_seed2,cnn,0.169572058,0.129143371,0.016708248,0.016489108,0.127301961,0.13069521,217151,217151,34,0.522555077,20,TRUE,0.454568327,0.38073485,10,0.318552256,0.135629281,1,[5],[256],[256],6842257,bc12u15n1,420.9,trial_0274_learning_rate=1.0e-03_history=20_kernel_sizes=5_conv_channels=256_fc_dims=256_seed2,c2b4cda040,trial_0274_learning_rate=1.0e-03_history=20_kernel_sizes=5_conv_channels=256_fc_dims=256_seed2
/scratch/sb272/patterns5k_results/slurm_hist_cnn_2026-03-03_15-13-01/trial_0204_learning_rate=5.0e-04_history=20_kernel_sizes=5_conv_channels=256_fc_dims=256_seed1,cnn,0.169303344,0.129151154,0.01922114,0.018727288,0.129537374,0.136322469,217151,217151,42,0.52251931,20,TRUE,0.454568327,0.384203327,10,0.318552256,0.136240631,1,[5],[256],[256],6842253,bb5u25c1,271.7,trial_0204_learning_rate=5.0e-04_history=20_kernel_sizes=5_conv_channels=256_fc_dims=256_seed1,1e63d327de,trial_0204_learning_rate=5.0e-04_history=20_kernel_sizes=5_conv_channels=256_fc_dims=256_seed1
/scratch/sb272/patterns5k_results/slurm_hist_cnn_2026-03-03_15-13-01/trial_0164_learning_rate=5.0e-04_history=10_kernel_sizes=20_conv_channels=256_fc_dims=256_seed0,cnn,0.169834971,0.125024368,0.01804441,0.01293485,0.116363071,0.126830932,620351,620351,29,0.522463168,10,TRUE,0.454568327,0.412883283,18,0.318552256,0.135552943,1,[20],[256],[256],6842250,bb5u20c1,377.1,trial_0164_learning_rate=5.0e-04_history=10_kernel_sizes=20_conv_channels=256_fc_dims=256_seed0,6389b86f58,trial_0164_learning_rate=5.0e-04_history=10_kernel_sizes=20_conv_channels=256_fc_dims=256_seed0
/scratch/sb272/patterns5k_results/slurm_hist_cnn_2026-03-03_15-13-01/trial_0203_learning_rate=5.0e-04_history=20_kernel_sizes=3_conv_channels=256_fc_dims=256_seed0,cnn,0.169396678,0.129568106,0.018438997,0.018750107,0.130747899,0.134536809,163391,163391,50,0.522360835,20,TRUE,0.454568327,0.38007282,10,0.318552256,0.135557532,1,[3],[256],[256],6842253,bb5u25c1,282.1,trial_0203_learning_rate=5.0e-04_history=20_kernel_sizes=3_conv_channels=256_fc_dims=256_seed0,dddaa65b44,trial_0203_learning_rate=5.0e-04_history=20_kernel_sizes=3_conv_channels=256_fc_dims=256_seed0
/scratch/sb272/patterns5k_results/slurm_hist_cnn_2026-03-03_15-13-01/trial_0309_learning_rate=1.0e-03_history=20_kernel_sizes=5_conv_channels=256_fc_dims=256_seed1,cnn,0.169009817,0.13279153,0.020780113,0.020633132,0.133620337,0.137073306,217151,217151,37,0.521949423,20,TRUE,0.454568327,0.386515548,12,0.318552256,0.139689744,1,[5],[256],[256],6842259,bc12u15n3,520.9,trial_0309_learning_rate=1.0e-03_history=20_kernel_sizes=5_conv_channels=256_fc_dims=256_seed1,95835ac1ab,trial_0309_learning_rate=1.0e-03_history=20_kernel_sizes=5_conv_channels=256_fc_dims=256_seed1
/scratch/sb272/patterns5k_results/slurm_hist_cnn_2026-03-03_15-13-01/trial_0237_learning_rate=1.0e-03_history=10_kernel_sizes=10x5x3_conv_channels=256x128x64_fc_dims=256_seed1,cnn,0.171476856,0.128482609,0.016248291,0.004991759,0.100113563,0.133831297,491391,491391,34,0.521936965,10,TRUE,0.454568327,0.385603503,15,0.318552256,0.137726709,2,"[10, 5, 3]","[256, 128, 64]",[256],6842255,bb5u26c1,362.8,trial_0237_learning_rate=1.0e-03_history=10_kernel_sizes=10x5x3_conv_channels=256x128x64_fc_dims=256_seed1,580a6bcdd0,trial_0237_learning_rate=1.0e-03_history=10_kernel_sizes=10x5x3_conv_channels=256x128x64_fc_dims=256_seed1
/scratch/sb272/patterns5k_results/slurm_hist_cnn_2026-03-03_15-13-01/trial_0411_learning_rate=5.0e-03_history=10_kernel_sizes=10x5_conv_channels=256x128_fc_dims=256_seed0,cnn,0.168595611,0.139274658,0.019849467,0.011218192,0.117472999,0.143210219,483007,483007,20,0.52189053,10,TRUE,0.454568327,0.382224918,12,0.318552256,0.147414833,1,"[10, 5]","[256, 128]",[256],6853982,bb5u23c1,246.4,trial_0411_learning_rate=5.0e-03_history=10_kernel_sizes=10x5_conv_channels=256x128_fc_dims=256_seed0,e8d4fd442b,trial_0411_learning_rate=5.0e-03_history=10_kernel_sizes=10x5_conv_channels=256x128_fc_dims=256_seed0
/scratch/sb272/patterns5k_results/slurm_hist_cnn_2026-03-03_15-13-01/trial_0092_learning_rate=1.0e-04_history=10_kernel_sizes=5_conv_channels=256_fc_dims=256_seed1,cnn,0.169168828,0.120220995,0.018681153,0.016156012,0.115770653,0.126463154,217151,217151,50,0.521777472,10,TRUE,0.454568327,0.376109358,14,0.318552256,0.127390474,1,[5],[256],[256],6842246,bb4u12c1,345.8,trial_0092_learning_rate=1.0e-04_history=10_kernel_sizes=5_conv_channels=256_fc_dims=256_seed1,c591fde168,trial_0092_learning_rate=1.0e-04_history=10_kernel_sizes=5_conv_channels=256_fc_dims=256_seed1
/scratch/sb272/patterns5k_results/slurm_hist_cnn_2026-03-03_15-13-01/trial_0269_learning_rate=1.0e-03_history=10_kernel_sizes=20_conv_channels=256_fc_dims=256_seed1,cnn,0.170346462,0.128963293,0.018233975,0.01188511,0.116364956,0.130978638,620351,620351,28,0.521687043,10,TRUE,0.454568327,0.412647608,18,0.318552256,0.139944002,1,[20],[256],[256],6842257,bc12u15n1,534.2,trial_0269_learning_rate=1.0e-03_history=10_kernel_sizes=20_conv_channels=256_fc_dims=256_seed1,a37a03412e,trial_0269_learning_rate=1.0e-03_history=10_kernel_sizes=20_conv_channels=256_fc_dims=256_seed1
/scratch/sb272/patterns5k_results/slurm_hist_cnn_2026-03-03_15-13-01/trial_0238_learning_rate=1.0e-03_history=20_kernel_sizes=3_conv_channels=256_fc_dims=256_seed0,cnn,0.169952929,0.129309178,0.016018176,0.01657417,0.130712554,0.135500743,163391,163391,36,0.521673644,20,TRUE,0.454568327,0.372261156,9,0.318552256,0.134756789,1,[3],[256],[256],6842255,bb5u26c1,258.6,trial_0238_learning_rate=1.0e-03_history=20_kernel_sizes=3_conv_channels=256_fc_dims=256_seed0,869a346460,trial_0238_learning_rate=1.0e-03_history=20_kernel_sizes=3_conv_channels=256_fc_dims=256_seed0
/scratch/sb272/patterns5k_results/slurm_hist_cnn_2026-03-03_15-13-01/trial_0132_learning_rate=5.0e-04_history=10_kernel_sizes=10x5x3_conv_channels=256x128x64_fc_dims=256_seed0,cnn,0.171529884,0.124028631,0.015724557,0.005103515,0.096696652,0.127292322,491391,491391,34,0.52165109,10,TRUE,0.454568327,0.389265796,14,0.318552256,0.13283892,1,"[10, 5, 3]","[256, 128, 64]",[256],6842248,bb4u21c1,368.1,trial_0132_learning_rate=5.0e-04_history=10_kernel_sizes=10x5x3_conv_channels=256x128x64_fc_dims=256_seed0,209aea5d64,trial_0132_learning_rate=5.0e-04_history=10_kernel_sizes=10x5x3_conv_channels=256x128x64_fc_dims=256_seed0
/scratch/sb272/patterns5k_results/slurm_hist_cnn_2026-03-03_15-13-01/trial_0132_learning_rate=5.0e-04_history=10_kernel_sizes=10x5x3_conv_channels=256x128x64_fc_dims=256_seed2,cnn,0.171139774,0.123492257,0.01364753,0.004725121,0.098695718,0.127119704,491391,491391,44,0.5215898,10,TRUE,0.454568327,0.381956146,15,0.318552256,0.132121459,1,"[10, 5, 3]","[256, 128, 64]",[256],6842248,bb4u21c1,435.3,trial_0132_learning_rate=5.0e-04_history=10_kernel_sizes=10x5x3_conv_channels=256x128x64_fc_dims=256_seed2,209aea5d64,trial_0132_learning_rate=5.0e-04_history=10_kernel_sizes=10x5x3_conv_channels=256x128x64_fc_dims=256_seed2
/scratch/sb272/patterns5k_results/slurm_hist_cnn_2026-03-03_15-13-01/trial_0203_learning_rate=5.0e-04_history=20_kernel_sizes=3_conv_channels=256_fc_dims=256_seed2,cnn,0.168941019,0.131396543,0.021761917,0.021392351,0.133248627,0.130262719,163391,163391,46,0.521583714,20,TRUE,0.454568327,0.371943762,8,0.318552256,0.137657881,1,[3],[256],[256],6842253,bb5u25c1,268.3,trial_0203_learning_rate=5.0e-04_history=20_kernel_sizes=3_conv_channels=256_fc_dims=256_seed2,dddaa65b44,trial_0203_learning_rate=5.0e-04_history=20_kernel_sizes=3_conv_channels=256_fc_dims=256_seed2
/scratch/sb272/patterns5k_results/slurm_hist_cnn_2026-03-03_15-13-01/trial_0133_learning_rate=5.0e-04_history=20_kernel_sizes=3_conv_channels=256_fc_dims=256_seed0,cnn,0.169115081,0.130174594,0.020707693,0.02027442,0.131072775,0.133897932,163391,163391,50,0.521541,20,TRUE,0.454568327,0.37779808,10,0.318552256,0.136114374,1,[3],[256],[256],6842248,bb4u21c1,309.2,trial_0133_learning_rate=5.0e-04_history=20_kernel_sizes=3_conv_channels=256_fc_dims=256_seed0,d126d366fe,trial_0133_learning_rate=5.0e-04_history=20_kernel_sizes=3_conv_channels=256_fc_dims=256_seed0
/scratch/sb272/patterns5k_results/slurm_hist_cnn_2026-03-03_15-13-01/trial_0023_learning_rate=1.0e-04_history=10_kernel_sizes=10_conv_channels=256_fc_dims=256_seed2,cnn,0.169105375,0.121540799,0.017991692,0.013209763,0.112211354,0.121807233,351551,351551,50,0.521505721,10,TRUE,0.454568327,0.389828425,16,0.318552256,0.130232111,1,[10],[256],[256],6842242,bb2u22c1,377.4,trial_0023_learning_rate=1.0e-04_history=10_kernel_sizes=10_conv_channels=256_fc_dims=256_seed2,1ae0378003,trial_0023_learning_rate=1.0e-04_history=10_kernel_sizes=10_conv_channels=256_fc_dims=256_seed2
/scratch/sb272/patterns5k_results/slurm_hist_cnn_2026-03-03_15-13-01/trial_0310_learning_rate=1.0e-03_history=20_kernel_sizes=10_conv_channels=256_fc_dims=256_seed1,cnn,0.170069667,0.122819769,0.016713476,0.016095085,0.124786213,0.130400341,351551,351551,30,0.52148825,20,TRUE,0.454568327,0.378813447,12,0.318552256,0.130720362,1,[10],[256],[256],6842259,bc12u15n3,497.1,trial_0310_learning_rate=1.0e-03_history=20_kernel_sizes=10_conv_channels=256_fc_dims=256_seed1,0f74e13e04,trial_0310_learning_rate=1.0e-03_history=20_kernel_sizes=10_conv_channels=256_fc_dims=256_seed1
/scratch/sb272/patterns5k_results/slurm_hist_cnn_2026-03-03_15-13-01/trial_0377_learning_rate=5.0e-03_history=10_kernel_sizes=10x5x3_conv_channels=256x128x64_fc_dims=256_seed1,cnn,0.168834295,0.132850516,0.020391029,0.007894064,0.100283153,0.137649412,491391,491391,23,0.521258313,10,TRUE,0.454568327,0.391382214,16,0.318552256,0.141892269,1,"[10, 5, 3]","[256, 128, 64]",[256],6851123,bb2u26c1,287.9,trial_0377_learning_rate=5.0e-03_history=10_kernel_sizes=10x5x3_conv_channels=256x128x64_fc_dims=256_seed1,96eab46411,trial_0377_learning_rate=5.0e-03_history=10_kernel_sizes=10x5x3_conv_channels=256x128x64_fc_dims=256_seed1
/scratch/sb272/patterns5k_results/slurm_hist_cnn_2026-03-03_15-13-01/trial_0135_learning_rate=5.0e-04_history=20_kernel_sizes=10_conv_channels=256_fc_dims=256_seed0,cnn,0.170020992,0.12535094,0.01785814,0.016885877,0.127595365,0.127205365,351551,351551,42,0.521187684,20,TRUE,0.454568327,0.373564766,11,0.318552256,0.133139834,1,[10],[256],[256],6842249,bb4u22c1,349.4,trial_0135_learning_rate=5.0e-04_history=20_kernel_sizes=10_conv_channels=256_fc_dims=256_seed0,297da2edad,trial_0135_learning_rate=5.0e-04_history=20_kernel_sizes=10_conv_channels=256_fc_dims=256_seed0
/scratch/sb272/patterns5k_results/slurm_hist_cnn_2026-03-03_15-13-01/trial_0234_learning_rate=1.0e-03_history=10_kernel_sizes=20_conv_channels=256_fc_dims=256_seed2,cnn,0.169592221,0.128218057,0.017019675,0.010964494,0.114263199,0.130617964,620351,620351,26,0.521151638,10,TRUE,0.454568327,0.410430479,18,0.318552256,0.138682321,1,[20],[256],[256],6842255,bb5u26c1,326.4,trial_0234_learning_rate=1.0e-03_history=10_kernel_sizes=20_conv_channels=256_fc_dims=256_seed2,2ca6d0619f,trial_0234_learning_rate=1.0e-03_history=10_kernel_sizes=20_conv_channels=256_fc_dims=256_seed2
/scratch/sb272/patterns5k_results/slurm_hist_cnn_2026-03-03_15-13-01/trial_0088_learning_rate=1.0e-04_history=5_kernel_sizes=10x3_conv_channels=256x128_fc_dims=256_seed0,cnn,0.169516487,0.124701456,0.010880362,0.006849484,0.104328156,0.126147477,417471,417471,50,0.520871877,5,TRUE,0.454568327,0.39907585,15,0.318552256,0.131706282,2,"[10, 3]","[256, 128]",[256],6842246,bb4u12c1,387.1,trial_0088_learning_rate=1.0e-04_history=5_kernel_sizes=10x3_conv_channels=256x128_fc_dims=256_seed0,2e3ecd5491,trial_0088_learning_rate=1.0e-04_history=5_kernel_sizes=10x3_conv_channels=256x128_fc_dims=256_seed0
/scratch/sb272/patterns5k_results/slurm_hist_cnn_2026-03-03_15-13-01/trial_0053_learning_rate=1.0e-04_history=5_kernel_sizes=10x3_conv_channels=256x128_fc_dims=256_seed2,cnn,0.169803098,0.127084042,0.009171412,0.004417336,0.105453767,0.125797198,417471,417471,50,0.520663461,5,TRUE,0.454568327,0.400684166,15,0.318552256,0.13457042,2,"[10, 3]","[256, 128]",[256],6842244,bb3u12c1,416.8,trial_0053_learning_rate=1.0e-04_history=5_kernel_sizes=10x3_conv_channels=256x128_fc_dims=256_seed2,d9b9b0bae8,trial_0053_learning_rate=1.0e-04_history=5_kernel_sizes=10x3_conv_channels=256x128_fc_dims=256_seed2
/scratch/sb272/patterns5k_results/slurm_hist_cnn_2026-03-03_15-13-01/trial_0025_learning_rate=1.0e-04_history=10_kernel_sizes=10x3_conv_channels=256x128_fc_dims=256_seed2,cnn,0.170444521,0.123545244,0.009601162,0.007184595,0.110978149,0.120489453,417471,417471,50,0.520386504,10,TRUE,0.454568327,0.378933142,14,0.318552256,0.130836636,1,"[10, 3]","[256, 128]",[256],6842242,bb2u22c1,419.4,trial_0025_learning_rate=1.0e-04_history=10_kernel_sizes=10x3_conv_channels=256x128_fc_dims=256_seed2,86cf8f0abb,trial_0025_learning_rate=1.0e-04_history=10_kernel_sizes=10x3_conv_channels=256x128_fc_dims=256_seed2
/scratch/sb272/patterns5k_results/slurm_hist_cnn_2026-03-03_15-13-01/trial_0380_learning_rate=5.0e-03_history=20_kernel_sizes=10_conv_channels=256_fc_dims=256_seed2,cnn,0.169316475,0.123969222,0.019386035,0.015918871,0.119900003,0.122009397,351551,351551,19,0.52011995,20,TRUE,0.454568327,0.38473837,12,0.318552256,0.132134989,1,[10],[256],[256],6851123,bb2u26c1,227.1,trial_0380_learning_rate=5.0e-03_history=20_kernel_sizes=10_conv_channels=256_fc_dims=256_seed2,646683ee6e,trial_0380_learning_rate=5.0e-03_history=20_kernel_sizes=10_conv_channels=256_fc_dims=256_seed2
/scratch/sb272/patterns5k_results/slurm_hist_cnn_2026-03-03_15-13-01/trial_0272_learning_rate=1.0e-03_history=10_kernel_sizes=10x5x3_conv_channels=256x128x64_fc_dims=256_seed1,cnn,0.16860387,0.128505853,0.018164647,0.007609474,0.100798115,0.135492785,491391,491391,24,0.520076902,10,TRUE,0.454568327,0.382766313,15,0.318552256,0.137188166,1,"[10, 5, 3]","[256, 128, 64]",[256],6842257,bc12u15n1,499.3,trial_0272_learning_rate=1.0e-03_history=10_kernel_sizes=10x5x3_conv_channels=256x128x64_fc_dims=256_seed1,eb8d07bbce,trial_0272_learning_rate=1.0e-03_history=10_kernel_sizes=10x5x3_conv_channels=256x128x64_fc_dims=256_seed1
/scratch/sb272/patterns5k_results/slurm_hist_cnn_2026-03-03_15-13-01/trial_0019_learning_rate=1.0e-04_history=5_kernel_sizes=10x5_conv_channels=256x128_fc_dims=256_seed2,cnn,0.169609924,0.128263491,0.008589524,0.004844914,0.10740187,0.124906717,483007,483007,50,0.519874822,5,TRUE,0.454568327,0.397688811,16,0.318552256,0.136599213,2,"[10, 5]","[256, 128]",[256],6842242,bb2u22c1,451.6,trial_0019_learning_rate=1.0e-04_history=5_kernel_sizes=10x5_conv_channels=256x128_fc_dims=256_seed2,1f2cde268e,trial_0019_learning_rate=1.0e-04_history=5_kernel_sizes=10x5_conv_channels=256x128_fc_dims=256_seed2
/scratch/sb272/patterns5k_results/slurm_hist_cnn_2026-03-03_15-13-01/trial_0312_learning_rate=1.0e-03_history=20_kernel_sizes=10x3_conv_channels=256x128_fc_dims=256_seed1,cnn,0.170450466,0.125616205,0.013215236,0.012982715,0.123855211,0.130693715,417471,417471,27,0.519873646,20,TRUE,0.454568327,0.363980344,9,0.318552256,0.132445127,1,"[10, 3]","[256, 128]",[256],6842259,bc12u15n3,561,trial_0312_learning_rate=1.0e-03_history=20_kernel_sizes=10x3_conv_channels=256x128_fc_dims=256_seed1,9cfbc57dd5,trial_0312_learning_rate=1.0e-03_history=20_kernel_sizes=10x3_conv_channels=256x128_fc_dims=256_seed1
/scratch/sb272/patterns5k_results/slurm_hist_cnn_2026-03-03_15-13-01/trial_0410_learning_rate=5.0e-03_history=10_kernel_sizes=10x3_conv_channels=256x128_fc_dims=256_seed1,cnn,0.169445489,0.138328072,0.014914485,0.008292061,0.120974764,0.142912388,417471,417471,19,0.519127464,10,TRUE,0.454568327,0.382831618,10,0.318552256,0.146304682,1,"[10, 3]","[256, 128]",[256],6853982,bb5u23c1,229,trial_0410_learning_rate=5.0e-03_history=10_kernel_sizes=10x3_conv_channels=256x128_fc_dims=256_seed1,43d9471f0a,trial_0410_learning_rate=5.0e-03_history=10_kernel_sizes=10x3_conv_channels=256x128_fc_dims=256_seed1
/scratch/sb272/patterns5k_results/slurm_hist_cnn_2026-03-03_15-13-01/trial_0275_learning_rate=1.0e-03_history=20_kernel_sizes=10_conv_channels=256_fc_dims=256_seed2,cnn,0.16975005,0.124558537,0.016443397,0.015713098,0.125450268,0.125106074,351551,351551,30,0.518828357,20,TRUE,0.454568327,0.37675852,10,0.318552256,0.131931841,1,[10],[256],[256],6842257,bc12u15n1,518.4,trial_0275_learning_rate=1.0e-03_history=20_kernel_sizes=10_conv_channels=256_fc_dims=256_seed2,73b0a6b424,trial_0275_learning_rate=1.0e-03_history=20_kernel_sizes=10_conv_channels=256_fc_dims=256_seed2
/scratch/sb272/patterns5k_results/slurm_hist_cnn_2026-03-03_15-13-01/trial_0340_learning_rate=5.0e-03_history=10_kernel_sizes=10x3_conv_channels=256x128_fc_dims=256_seed2,cnn,0.16950728,0.135452951,0.016191702,0.008709355,0.117721416,0.140701796,417471,417471,23,0.518795044,10,TRUE,0.454568327,0.368232038,10,0.318552256,0.142728478,1,"[10, 3]","[256, 128]",[256],6850606,bb6u17g1,276.9,trial_0340_learning_rate=5.0e-03_history=10_kernel_sizes=10x3_conv_channels=256x128_fc_dims=256_seed2,bd3e6e130b,trial_0340_learning_rate=5.0e-03_history=10_kernel_sizes=10x3_conv_channels=256x128_fc_dims=256_seed2
/scratch/sb272/patterns5k_results/slurm_hist_cnn_2026-03-03_15-13-01/trial_0409_learning_rate=5.0e-03_history=10_kernel_sizes=20_conv_channels=256_fc_dims=256_seed1,cnn,0.168817305,0.127975319,0.019526343,0.01114459,0.109948285,0.133548723,620351,620351,18,0.518434161,10,TRUE,0.454568327,0.412121769,18,0.318552256,0.139060691,1,[20],[256],[256],6853982,bb5u23c1,253.3,trial_0409_learning_rate=5.0e-03_history=10_kernel_sizes=20_conv_channels=256_fc_dims=256_seed1,1b74da8fff,trial_0409_learning_rate=5.0e-03_history=10_kernel_sizes=20_conv_channels=256_fc_dims=256_seed1
/scratch/sb272/patterns5k_results/slurm_hist_cnn_2026-03-03_15-13-01/trial_0168_learning_rate=5.0e-04_history=20_kernel_sizes=3_conv_channels=256_fc_dims=256_seed0,cnn,0.169072877,0.130564526,0.020259853,0.01995209,0.130883992,0.134425671,163391,163391,43,0.518241834,20,TRUE,0.454568327,0.375632947,8,0.318552256,0.136259422,1,[3],[256],[256],6842251,bb5u23c1,274.1,trial_0168_learning_rate=5.0e-04_history=20_kernel_sizes=3_conv_channels=256_fc_dims=256_seed0,1efe2e1cd9,trial_0168_learning_rate=5.0e-04_history=20_kernel_sizes=3_conv_channels=256_fc_dims=256_seed0
/scratch/sb272/patterns5k_results/slurm_hist_cnn_2026-03-03_15-13-01/trial_0277_learning_rate=1.0e-03_history=20_kernel_sizes=10x3_conv_channels=256x128_fc_dims=256_seed1,cnn,0.171317237,0.12327667,0.006432277,0.005977971,0.119404361,0.131209333,417471,417471,26,0.518185602,20,TRUE,0.454568327,0.373094946,12,0.318552256,0.130417973,1,"[10, 3]","[256, 128]",[256],6842257,bc12u15n1,522.7,trial_0277_learning_rate=1.0e-03_history=20_kernel_sizes=10x3_conv_channels=256x128_fc_dims=256_seed1,a6422cd746,trial_0277_learning_rate=1.0e-03_history=20_kernel_sizes=10x3_conv_channels=256x128_fc_dims=256_seed1
/scratch/sb272/patterns5k_results/slurm_hist_cnn_2026-03-03_15-13-01/trial_0199_learning_rate=5.0e-04_history=10_kernel_sizes=20_conv_channels=256_fc_dims=256_seed0,cnn,0.170591782,0.123516983,0.016210112,0.010563475,0.112920091,0.125803443,620351,620351,31,0.518067139,10,TRUE,0.454568327,0.401922398,18,0.318552256,0.133358598,1,[20],[256],[256],6842252,bb5u23c1,343.6,trial_0199_learning_rate=5.0e-04_history=10_kernel_sizes=20_conv_channels=256_fc_dims=256_seed0,c7cd7c50e9,trial_0199_learning_rate=5.0e-04_history=10_kernel_sizes=20_conv_channels=256_fc_dims=256_seed0
/scratch/sb272/patterns5k_results/slurm_hist_cnn_2026-03-03_15-13-01/trial_0195_learning_rate=5.0e-04_history=5_kernel_sizes=10x5x3_conv_channels=256x128x64_fc_dims=256_seed2,cnn,0.168860386,0.136618724,0.019390792,0.00041177,0.088325545,0.139074626,491391,491391,48,0.517817956,5,TRUE,0.454568327,0.400471839,18,0.318552256,0.146110505,2,"[10, 5, 3]","[256, 128, 64]",[256],6842252,bb5u23c1,436.9,trial_0195_learning_rate=5.0e-04_history=5_kernel_sizes=10x5x3_conv_channels=256x128x64_fc_dims=256_seed2,b7ce70c926,trial_0195_learning_rate=5.0e-04_history=5_kernel_sizes=10x5x3_conv_channels=256x128x64_fc_dims=256_seed2
/scratch/sb272/patterns5k_results/slurm_hist_cnn_2026-03-03_15-13-01/trial_0019_learning_rate=1.0e-04_history=5_kernel_sizes=10x5_conv_channels=256x128_fc_dims=256_seed1,cnn,0.169024564,0.126613868,0.01106876,0.006195184,0.104172453,0.125318158,483007,483007,50,0.517737913,5,TRUE,0.454568327,0.406663583,16,0.318552256,0.134354845,2,"[10, 5]","[256, 128]",[256],6842242,bb2u22c1,421.7,trial_0019_learning_rate=1.0e-04_history=5_kernel_sizes=10x5_conv_channels=256x128_fc_dims=256_seed1,1f2cde268e,trial_0019_learning_rate=1.0e-04_history=5_kernel_sizes=10x5_conv_channels=256x128_fc_dims=256_seed1
/scratch/sb272/patterns5k_results/slurm_hist_cnn_2026-03-03_15-13-01/trial_0203_learning_rate=5.0e-04_history=20_kernel_sizes=3_conv_channels=256_fc_dims=256_seed1,cnn,0.169271887,0.130603354,0.01968124,0.019782711,0.131132022,0.13754614,163391,163391,50,0.517722548,20,TRUE,0.454568327,0.376574734,9,0.318552256,0.136605352,1,[3],[256],[256],6842253,bb5u25c1,279.7,trial_0203_learning_rate=5.0e-04_history=20_kernel_sizes=3_conv_channels=256_fc_dims=256_seed1,dddaa65b44,trial_0203_learning_rate=5.0e-04_history=20_kernel_sizes=3_conv_channels=256_fc_dims=256_seed1
/scratch/sb272/patterns5k_results/slurm_hist_cnn_2026-03-03_15-13-01/trial_0308_learning_rate=1.0e-03_history=20_kernel_sizes=3_conv_channels=256_fc_dims=256_seed1,cnn,0.169982077,0.13092607,0.01636726,0.016514938,0.132143408,0.135696787,163391,163391,36,0.517716243,20,TRUE,0.454568327,0.3713409,8,0.318552256,0.135889113,1,[3],[256],[256],6842259,bc12u15n3,486.3,trial_0308_learning_rate=1.0e-03_history=20_kernel_sizes=3_conv_channels=256_fc_dims=256_seed1,90838593b2,trial_0308_learning_rate=1.0e-03_history=20_kernel_sizes=3_conv_channels=256_fc_dims=256_seed1
/scratch/sb272/patterns5k_results/slurm_hist_cnn_2026-03-03_15-13-01/trial_0157_learning_rate=5.0e-04_history=5_kernel_sizes=20_conv_channels=256_fc_dims=256_seed0,cnn,0.170007736,0.127727769,0.016188048,0.009282574,0.109485716,0.13237773,620351,620351,33,0.517683092,5,TRUE,0.454568327,0.422552757,18,0.318552256,0.137863547,2,[20],[256],[256],6842250,bb5u20c1,436.6,trial_0157_learning_rate=5.0e-04_history=5_kernel_sizes=20_conv_channels=256_fc_dims=256_seed0,aedf1daccb,trial_0157_learning_rate=5.0e-04_history=5_kernel_sizes=20_conv_channels=256_fc_dims=256_seed0
/scratch/sb272/patterns5k_results/slurm_hist_cnn_2026-03-03_15-13-01/trial_0308_learning_rate=1.0e-03_history=20_kernel_sizes=3_conv_channels=256_fc_dims=256_seed2,cnn,0.169282034,0.131218353,0.019679559,0.019904012,0.132112801,0.129731212,163391,163391,35,0.517595145,20,TRUE,0.454568327,0.370724025,9,0.318552256,0.13731207,1,[3],[256],[256],6842259,bc12u15n3,481.5,trial_0308_learning_rate=1.0e-03_history=20_kernel_sizes=3_conv_channels=256_fc_dims=256_seed2,90838593b2,trial_0308_learning_rate=1.0e-03_history=20_kernel_sizes=3_conv_channels=256_fc_dims=256_seed2
/scratch/sb272/patterns5k_results/slurm_hist_cnn_2026-03-03_15-13-01/trial_0092_learning_rate=1.0e-04_history=10_kernel_sizes=5_conv_channels=256_fc_dims=256_seed0,cnn,0.169328122,0.119874054,0.017250141,0.01434642,0.114826471,0.126786203,217151,217151,50,0.517320682,10,TRUE,0.454568327,0.376388484,12,0.318552256,0.126655743,1,[5],[256],[256],6842246,bb4u12c1,335,trial_0092_learning_rate=1.0e-04_history=10_kernel_sizes=5_conv_channels=256_fc_dims=256_seed0,c591fde168,trial_0092_learning_rate=1.0e-04_history=10_kernel_sizes=5_conv_channels=256_fc_dims=256_seed0
/scratch/sb272/patterns5k_results/slurm_hist_cnn_2026-03-03_15-13-01/trial_0337_learning_rate=5.0e-03_history=10_kernel_sizes=5_conv_channels=256_fc_dims=256_seed0,cnn,0.168157439,0.134281758,0.02171978,0.018771449,0.12647526,0.138580325,217151,217151,20,0.51724391,10,TRUE,0.454568327,0.361912813,10,0.318552256,0.140476227,1,[5],[256],[256],6850606,bb6u17g1,229.9,trial_0337_learning_rate=5.0e-03_history=10_kernel_sizes=5_conv_channels=256_fc_dims=256_seed0,43b84cdb76,trial_0337_learning_rate=5.0e-03_history=10_kernel_sizes=5_conv_channels=256_fc_dims=256_seed0
/scratch/sb272/patterns5k_results/slurm_hist_cnn_2026-03-03_15-13-01/trial_0342_learning_rate=5.0e-03_history=10_kernel_sizes=10x5x3_conv_channels=256x128x64_fc_dims=256_seed0,cnn,0.16979733,0.132706513,0.017029811,0.007364365,0.102185361,0.137874963,491391,491391,24,0.516996856,10,TRUE,0.454568327,0.385266788,13,0.318552256,0.140870482,2,"[10, 5, 3]","[256, 128, 64]",[256],6850606,bb6u17g1,313,trial_0342_learning_rate=5.0e-03_history=10_kernel_sizes=10x5x3_conv_channels=256x128x64_fc_dims=256_seed0,7318c51e7c,trial_0342_learning_rate=5.0e-03_history=10_kernel_sizes=10x5x3_conv_channels=256x128x64_fc_dims=256_seed0
/scratch/sb272/patterns5k_results/slurm_hist_cnn_2026-03-03_15-13-01/trial_0239_learning_rate=1.0e-03_history=20_kernel_sizes=5_conv_channels=256_fc_dims=256_seed0,cnn,0.169251625,0.129613055,0.019300082,0.01991098,0.131049111,0.13437802,217151,217151,35,0.516744005,20,TRUE,0.454568327,0.382474698,10,0.318552256,0.136505142,1,[5],[256],[256],6842255,bb5u26c1,266.5,trial_0239_learning_rate=1.0e-03_history=20_kernel_sizes=5_conv_channels=256_fc_dims=256_seed0,111fdebfa0,trial_0239_learning_rate=1.0e-03_history=20_kernel_sizes=5_conv_channels=256_fc_dims=256_seed0
/scratch/sb272/patterns5k_results/slurm_hist_cnn_2026-03-03_15-13-01/trial_0060_learning_rate=1.0e-04_history=10_kernel_sizes=10x3_conv_channels=256x128_fc_dims=256_seed1,cnn,0.170811601,0.12459012,0.006651022,0.004593764,0.110279895,0.125424614,417471,417471,50,0.51674267,10,TRUE,0.454568327,0.381900349,14,0.318552256,0.132112309,1,"[10, 3]","[256, 128]",[256],6842244,bb3u12c1,446.3,trial_0060_learning_rate=1.0e-04_history=10_kernel_sizes=10x3_conv_channels=256x128_fc_dims=256_seed1,973039a568,trial_0060_learning_rate=1.0e-04_history=10_kernel_sizes=10x3_conv_channels=256x128_fc_dims=256_seed1
/scratch/sb272/patterns5k_results/slurm_hist_cnn_2026-03-03_15-13-01/trial_0021_learning_rate=1.0e-04_history=10_kernel_sizes=3_conv_channels=256_fc_dims=256_seed0,cnn,0.169427619,0.118289639,0.017671719,0.016130121,0.115419798,0.12159599,163391,163391,50,0.516549182,10,TRUE,0.454568327,0.369553342,14,0.318552256,0.124229506,1,[3],[256],[256],6842242,bb2u22c1,307.7,trial_0021_learning_rate=1.0e-04_history=10_kernel_sizes=3_conv_channels=256_fc_dims=256_seed0,4eea245aa2,trial_0021_learning_rate=1.0e-04_history=10_kernel_sizes=3_conv_channels=256_fc_dims=256_seed0
/scratch/sb272/patterns5k_results/slurm_hist_cnn_2026-03-03_15-13-01/trial_0375_learning_rate=5.0e-03_history=10_kernel_sizes=10x3_conv_channels=256x128_fc_dims=256_seed1,cnn,0.168086177,0.137436789,0.021433902,0.013746831,0.117599696,0.142249868,417471,417471,19,0.516366097,10,TRUE,0.454568327,0.382856288,10,0.318552256,0.14546819,1,"[10, 3]","[256, 128]",[256],6851123,bb2u26c1,240.9,trial_0375_learning_rate=5.0e-03_history=10_kernel_sizes=10x3_conv_channels=256x128_fc_dims=256_seed1,36dea4e9ec,trial_0375_learning_rate=5.0e-03_history=10_kernel_sizes=10x3_conv_channels=256x128_fc_dims=256_seed1
/scratch/sb272/patterns5k_results/slurm_hist_cnn_2026-03-03_15-13-01/trial_0201_learning_rate=5.0e-04_history=10_kernel_sizes=10x5_conv_channels=256x128_fc_dims=256_seed1,cnn,0.169518706,0.127939792,0.011791741,0.00522807,0.106447168,0.13296069,483007,483007,29,0.516300297,10,TRUE,0.454568327,0.392586905,15,0.318552256,0.136529163,1,"[10, 5]","[256, 128]",[256],6842253,bb5u25c1,299,trial_0201_learning_rate=5.0e-04_history=10_kernel_sizes=10x5_conv_channels=256x128_fc_dims=256_seed1,d0af811f82,trial_0201_learning_rate=5.0e-04_history=10_kernel_sizes=10x5_conv_channels=256x128_fc_dims=256_seed1
/scratch/sb272/patterns5k_results/slurm_hist_cnn_2026-03-03_15-13-01/trial_0406_learning_rate=5.0e-03_history=10_kernel_sizes=3_conv_channels=256_fc_dims=256_seed0,cnn,0.169626846,0.1287874,0.018962737,0.01672837,0.121524528,0.133395376,163391,163391,21,0.516285479,10,TRUE,0.454568327,0.355228276,9,0.318552256,0.133848414,1,[3],[256],[256],6853982,bb5u23c1,202.4,trial_0406_learning_rate=5.0e-03_history=10_kernel_sizes=3_conv_channels=256_fc_dims=256_seed0,595e607dfd,trial_0406_learning_rate=5.0e-03_history=10_kernel_sizes=3_conv_channels=256_fc_dims=256_seed0
/scratch/sb272/patterns5k_results/slurm_hist_cnn_2026-03-03_15-13-01/trial_0239_learning_rate=1.0e-03_history=20_kernel_sizes=5_conv_channels=256_fc_dims=256_seed1,cnn,0.169238182,0.129842119,0.020891474,0.019871651,0.129605994,0.13592023,217151,217151,33,0.516234137,20,TRUE,0.454568327,0.37954869,11,0.318552256,0.136672527,1,[5],[256],[256],6842255,bb5u26c1,262.5,trial_0239_learning_rate=1.0e-03_history=20_kernel_sizes=5_conv_channels=256_fc_dims=256_seed1,111fdebfa0,trial_0239_learning_rate=1.0e-03_history=20_kernel_sizes=5_conv_channels=256_fc_dims=256_seed1
/scratch/sb272/patterns5k_results/slurm_hist_cnn_2026-03-03_15-13-01/trial_0058_learning_rate=1.0e-04_history=10_kernel_sizes=10_conv_channels=256_fc_dims=256_seed1,cnn,0.169452055,0.117689009,0.016756258,0.012178098,0.107593365,0.125188091,351551,351551,50,0.516208323,10,TRUE,0.454568327,0.39452089,16,0.318552256,0.126169652,1,[10],[256],[256],6842244,bb3u12c1,375.4,trial_0058_learning_rate=1.0e-04_history=10_kernel_sizes=10_conv_channels=256_fc_dims=256_seed1,d3cea415ec,trial_0058_learning_rate=1.0e-04_history=10_kernel_sizes=10_conv_channels=256_fc_dims=256_seed1
/scratch/sb272/patterns5k_results/slurm_hist_cnn_2026-03-03_15-13-01/trial_0275_learning_rate=1.0e-03_history=20_kernel_sizes=10_conv_channels=256_fc_dims=256_seed0,cnn,0.170062227,0.126032869,0.015018499,0.015023258,0.126312628,0.130137894,351551,351551,30,0.516046889,20,TRUE,0.454568327,0.38182691,10,0.318552256,0.133358538,1,[10],[256],[256],6842257,bc12u15n1,478.2,trial_0275_learning_rate=1.0e-03_history=20_kernel_sizes=10_conv_channels=256_fc_dims=256_seed0,73b0a6b424,trial_0275_learning_rate=1.0e-03_history=20_kernel_sizes=10_conv_channels=256_fc_dims=256_seed0
/scratch/sb272/patterns5k_results/slurm_hist_cnn_2026-03-03_15-13-01/trial_0130_learning_rate=5.0e-04_history=10_kernel_sizes=10x3_conv_channels=256x128_fc_dims=256_seed0,cnn,0.170225617,0.129099119,0.009111366,0.005427498,0.113049783,0.133166948,417471,417471,29,0.515971641,10,TRUE,0.454568327,0.389653559,12,0.318552256,0.137057707,1,"[10, 3]","[256, 128]",[256],6842248,bb4u21c1,306.9,trial_0130_learning_rate=5.0e-04_history=10_kernel_sizes=10x3_conv_channels=256x128_fc_dims=256_seed0,ada64b305d,trial_0130_learning_rate=5.0e-04_history=10_kernel_sizes=10x3_conv_channels=256x128_fc_dims=256_seed0
/scratch/sb272/patterns5k_results/slurm_hist_cnn_2026-03-03_15-13-01/trial_0169_learning_rate=5.0e-04_history=20_kernel_sizes=5_conv_channels=256_fc_dims=256_seed2,cnn,0.168964545,0.128332418,0.019505799,0.019161766,0.12904498,0.129265328,217151,217151,38,0.515970152,20,TRUE,0.454568327,0.376912984,9,0.318552256,0.135100201,1,[5],[256],[256],6842251,bb5u23c1,267.5,trial_0169_learning_rate=5.0e-04_history=20_kernel_sizes=5_conv_channels=256_fc_dims=256_seed2,4a03498e8c,trial_0169_learning_rate=5.0e-04_history=20_kernel_sizes=5_conv_channels=256_fc_dims=256_seed2
/scratch/sb272/patterns5k_results/slurm_hist_cnn_2026-03-03_15-13-01/trial_0135_learning_rate=5.0e-04_history=20_kernel_sizes=10_conv_channels=256_fc_dims=256_seed2,cnn,0.170058792,0.122648063,0.016454638,0.015240153,0.122848786,0.122997241,351551,351551,40,0.51596865,20,TRUE,0.454568327,0.380425712,13,0.318552256,0.130298376,1,[10],[256],[256],6842249,bb4u22c1,388.4,trial_0135_learning_rate=5.0e-04_history=20_kernel_sizes=10_conv_channels=256_fc_dims=256_seed2,297da2edad,trial_0135_learning_rate=5.0e-04_history=20_kernel_sizes=10_conv_channels=256_fc_dims=256_seed2
/scratch/sb272/patterns5k_results/slurm_hist_cnn_2026-03-03_15-13-01/trial_0057_learning_rate=1.0e-04_history=10_kernel_sizes=5_conv_channels=256_fc_dims=256_seed1,cnn,0.168969683,0.121707927,0.018658854,0.015571405,0.116187878,0.128649982,217151,217151,50,0.515783173,10,TRUE,0.454568327,0.369325885,12,0.318552256,0.129050717,1,[5],[256],[256],6842244,bb3u12c1,327.1,trial_0057_learning_rate=1.0e-04_history=10_kernel_sizes=5_conv_channels=256_fc_dims=256_seed1,10fc46a91d,trial_0057_learning_rate=1.0e-04_history=10_kernel_sizes=5_conv_channels=256_fc_dims=256_seed1
/scratch/sb272/patterns5k_results/slurm_hist_cnn_2026-03-03_15-13-01/trial_0058_learning_rate=1.0e-04_history=10_kernel_sizes=10_conv_channels=256_fc_dims=256_seed0,cnn,0.169043661,0.121419744,0.017647584,0.013804615,0.113701753,0.124667058,351551,351551,50,0.515621007,10,TRUE,0.454568327,0.392133209,15,0.318552256,0.130441874,1,[10],[256],[256],6842244,bb3u12c1,376.8,trial_0058_learning_rate=1.0e-04_history=10_kernel_sizes=10_conv_channels=256_fc_dims=256_seed0,d3cea415ec,trial_0058_learning_rate=1.0e-04_history=10_kernel_sizes=10_conv_channels=256_fc_dims=256_seed0
/scratch/sb272/patterns5k_results/slurm_hist_cnn_2026-03-03_15-13-01/trial_0054_learning_rate=1.0e-04_history=5_kernel_sizes=10x5_conv_channels=256x128_fc_dims=256_seed0,cnn,0.169290758,0.124559617,0.011360893,0.006468356,0.10439413,0.124241195,483007,483007,50,0.51550205,5,TRUE,0.454568327,0.39253259,16,0.318552256,0.13276127,1,"[10, 5]","[256, 128]",[256],6842244,bb3u12c1,445.6,trial_0054_learning_rate=1.0e-04_history=5_kernel_sizes=10x5_conv_channels=256x128_fc_dims=256_seed0,a85a88a7b4,trial_0054_learning_rate=1.0e-04_history=5_kernel_sizes=10x5_conv_channels=256x128_fc_dims=256_seed0
/scratch/sb272/patterns5k_results/slurm_hist_cnn_2026-03-03_15-13-01/trial_0053_learning_rate=1.0e-04_history=5_kernel_sizes=10x3_conv_channels=256x128_fc_dims=256_seed1,cnn,0.169944786,0.12621401,0.007643352,0.003275212,0.105417855,0.127309788,417471,417471,50,0.515344055,5,TRUE,0.454568327,0.391698398,15,0.318552256,0.133509681,2,"[10, 3]","[256, 128]",[256],6842244,bb3u12c1,413,trial_0053_learning_rate=1.0e-04_history=5_kernel_sizes=10x3_conv_channels=256x128_fc_dims=256_seed1,d9b9b0bae8,trial_0053_learning_rate=1.0e-04_history=5_kernel_sizes=10x3_conv_channels=256x128_fc_dims=256_seed1
/scratch/sb272/patterns5k_results/slurm_hist_cnn_2026-03-03_15-13-01/trial_0169_learning_rate=5.0e-04_history=20_kernel_sizes=5_conv_channels=256_fc_dims=256_seed1,cnn,0.169254005,0.129252949,0.018878119,0.019210858,0.129847527,0.135699937,217151,217151,43,0.515130117,20,TRUE,0.454568327,0.384262979,11,0.318552256,0.136690214,1,[5],[256],[256],6842251,bb5u23c1,281.3,trial_0169_learning_rate=5.0e-04_history=20_kernel_sizes=5_conv_channels=256_fc_dims=256_seed1,4a03498e8c,trial_0169_learning_rate=5.0e-04_history=20_kernel_sizes=5_conv_channels=256_fc_dims=256_seed1
/scratch/sb272/patterns5k_results/slurm_hist_cnn_2026-03-03_15-13-01/trial_0022_learning_rate=1.0e-04_history=10_kernel_sizes=5_conv_channels=256_fc_dims=256_seed1,cnn,0.168988211,0.121836688,0.01870223,0.01602024,0.116712853,0.128909354,217151,217151,50,0.515108749,10,TRUE,0.454568327,0.375567124,10,0.318552256,0.128782526,1,[5],[256],[256],6842242,bb2u22c1,323.5,trial_0022_learning_rate=1.0e-04_history=10_kernel_sizes=5_conv_channels=256_fc_dims=256_seed1,92a2119c76,trial_0022_learning_rate=1.0e-04_history=10_kernel_sizes=5_conv_channels=256_fc_dims=256_seed1
/scratch/sb272/patterns5k_results/slurm_hist_cnn_2026-03-03_15-13-01/trial_0169_learning_rate=5.0e-04_history=20_kernel_sizes=5_conv_channels=256_fc_dims=256_seed0,cnn,0.168919736,0.127957793,0.021058444,0.020157042,0.129290119,0.133303122,217151,217151,38,0.51501701,20,TRUE,0.454568327,0.378350559,11,0.318552256,0.134755701,1,[5],[256],[256],6842251,bb5u23c1,268.9,trial_0169_learning_rate=5.0e-04_history=20_kernel_sizes=5_conv_channels=256_fc_dims=256_seed0,4a03498e8c,trial_0169_learning_rate=5.0e-04_history=20_kernel_sizes=5_conv_channels=256_fc_dims=256_seed0
/scratch/sb272/patterns5k_results/slurm_hist_cnn_2026-03-03_15-13-01/trial_0165_learning_rate=5.0e-04_history=10_kernel_sizes=10x3_conv_channels=256x128_fc_dims=256_seed1,cnn,0.169731177,0.128438752,0.013098814,0.006363995,0.109174177,0.133584096,417471,417471,27,0.514873326,10,TRUE,0.454568327,0.384257721,15,0.318552256,0.137084708,1,"[10, 3]","[256, 128]",[256],6842250,bb5u20c1,323.6,trial_0165_learning_rate=5.0e-04_history=10_kernel_sizes=10x3_conv_channels=256x128_fc_dims=256_seed1,6b517467de,trial_0165_learning_rate=5.0e-04_history=10_kernel_sizes=10x3_conv_channels=256x128_fc_dims=256_seed1
/scratch/sb272/patterns5k_results/slurm_hist_cnn_2026-03-03_15-13-01/trial_0125_learning_rate=5.0e-04_history=5_kernel_sizes=10x5x3_conv_channels=256x128x64_fc_dims=256_seed1,cnn,0.168720032,0.137101584,0.020818239,-0.001357205,0.082511194,0.140138942,491391,491391,39,0.514787539,5,TRUE,0.454568327,0.398229018,17,0.318552256,0.146772742,3,"[10, 5, 3]","[256, 128, 64]",[256],6842248,bb4u21c1,401.6,trial_0125_learning_rate=5.0e-04_history=5_kernel_sizes=10x5x3_conv_channels=256x128x64_fc_dims=256_seed1,9e770d3e6c,trial_0125_learning_rate=5.0e-04_history=5_kernel_sizes=10x5x3_conv_channels=256x128x64_fc_dims=256_seed1
/scratch/sb272/patterns5k_results/slurm_hist_cnn_2026-03-03_15-13-01/trial_0307_learning_rate=1.0e-03_history=10_kernel_sizes=10x5x3_conv_channels=256x128x64_fc_dims=256_seed2,cnn,0.170160316,0.127953024,0.01505874,0.004557464,0.098833457,0.132983698,491391,491391,28,0.514545445,10,TRUE,0.454568327,0.383053405,15,0.318552256,0.137187228,1,"[10, 5, 3]","[256, 128, 64]",[256],6842259,bc12u15n3,629.3,trial_0307_learning_rate=1.0e-03_history=10_kernel_sizes=10x5x3_conv_channels=256x128x64_fc_dims=256_seed2,c04e1e74f7,trial_0307_learning_rate=1.0e-03_history=10_kernel_sizes=10x5x3_conv_channels=256x128x64_fc_dims=256_seed2
/scratch/sb272/patterns5k_results/slurm_hist_cnn_2026-03-03_15-13-01/trial_0272_learning_rate=1.0e-03_history=10_kernel_sizes=10x5x3_conv_channels=256x128x64_fc_dims=256_seed0,cnn,0.168909286,0.132527289,0.014754732,0.005836296,0.10477154,0.132634079,491391,491391,26,0.514443296,10,TRUE,0.454568327,0.386143082,17,0.318552256,0.141986594,2,"[10, 5, 3]","[256, 128, 64]",[256],6842257,bc12u15n1,500.4,trial_0272_learning_rate=1.0e-03_history=10_kernel_sizes=10x5x3_conv_channels=256x128x64_fc_dims=256_seed0,eb8d07bbce,trial_0272_learning_rate=1.0e-03_history=10_kernel_sizes=10x5x3_conv_channels=256x128x64_fc_dims=256_seed0
/scratch/sb272/patterns5k_results/slurm_hist_cnn_2026-03-03_15-13-01/trial_0339_learning_rate=5.0e-03_history=10_kernel_sizes=20_conv_channels=256_fc_dims=256_seed1,cnn,0.168394342,0.129364899,0.019712454,0.012012783,0.112293914,0.132125625,620351,620351,18,0.514440472,10,TRUE,0.454568327,0.407183128,18,0.318552256,0.139279068,1,[20],[256],[256],6850606,bb6u17g1,274.9,trial_0339_learning_rate=5.0e-03_history=10_kernel_sizes=20_conv_channels=256_fc_dims=256_seed1,cfdf014950,trial_0339_learning_rate=5.0e-03_history=10_kernel_sizes=20_conv_channels=256_fc_dims=256_seed1
/scratch/sb272/patterns5k_results/slurm_hist_cnn_2026-03-03_15-13-01/trial_0310_learning_rate=1.0e-03_history=20_kernel_sizes=10_conv_channels=256_fc_dims=256_seed2,cnn,0.170115321,0.122025439,0.015505418,0.015036845,0.121402211,0.125453113,351551,351551,31,0.514407389,20,TRUE,0.454568327,0.378611871,13,0.318552256,0.129545704,1,[10],[256],[256],6842259,bc12u15n3,525.8,trial_0310_learning_rate=1.0e-03_history=20_kernel_sizes=10_conv_channels=256_fc_dims=256_seed2,0f74e13e04,trial_0310_learning_rate=1.0e-03_history=20_kernel_sizes=10_conv_channels=256_fc_dims=256_seed2
/scratch/sb272/patterns5k_results/slurm_hist_cnn_2026-03-03_15-13-01/trial_0170_learning_rate=5.0e-04_history=20_kernel_sizes=10_conv_channels=256_fc_dims=256_seed0,cnn,0.170023248,0.120807203,0.016876596,0.015628647,0.121125124,0.126516677,351551,351551,34,0.514284589,20,TRUE,0.454568327,0.371685999,12,0.318552256,0.129002839,1,[10],[256],[256],6842251,bb5u23c1,286.4,trial_0170_learning_rate=5.0e-04_history=20_kernel_sizes=10_conv_channels=256_fc_dims=256_seed0,15d27bed1f,trial_0170_learning_rate=5.0e-04_history=20_kernel_sizes=10_conv_channels=256_fc_dims=256_seed0
/scratch/sb272/patterns5k_results/slurm_hist_cnn_2026-03-03_15-13-01/trial_0370_learning_rate=5.0e-03_history=5_kernel_sizes=10x5x3_conv_channels=256x128x64_fc_dims=256_seed1,cnn,0.166148049,0.139023388,0.022717761,0.004873771,0.085814789,0.143857341,491391,491391,20,0.514160933,5,TRUE,0.454568327,0.392540486,19,0.318552256,0.1487443,2,"[10, 5, 3]","[256, 128, 64]",[256],6851123,bb2u26c1,267,trial_0370_learning_rate=5.0e-03_history=5_kernel_sizes=10x5x3_conv_channels=256x128x64_fc_dims=256_seed1,470f72b84a,trial_0370_learning_rate=5.0e-03_history=5_kernel_sizes=10x5x3_conv_channels=256x128x64_fc_dims=256_seed1
/scratch/sb272/patterns5k_results/slurm_hist_cnn_2026-03-03_15-13-01/trial_0138_learning_rate=5.0e-04_history=20_kernel_sizes=10x5_conv_channels=256x128_fc_dims=256_seed1,cnn,0.1711048,0.122759907,0.007554306,0.007016214,0.1207873,0.126158977,483007,483007,33,0.514094584,20,TRUE,0.454568327,0.364149547,13,0.318552256,0.130429104,1,"[10, 5]","[256, 128]",[256],6842249,bb4u22c1,392.3,trial_0138_learning_rate=5.0e-04_history=20_kernel_sizes=10x5_conv_channels=256x128_fc_dims=256_seed1,1dea47b499,trial_0138_learning_rate=5.0e-04_history=20_kernel_sizes=10x5_conv_channels=256x128_fc_dims=256_seed1
/scratch/sb272/patterns5k_results/slurm_hist_cnn_2026-03-03_15-13-01/trial_0061_learning_rate=1.0e-04_history=10_kernel_sizes=10x5_conv_channels=256x128_fc_dims=256_seed1,cnn,0.170548292,0.122694293,0.006038475,0.00363312,0.107941009,0.123909367,483007,483007,50,0.514079741,10,TRUE,0.454568327,0.384252504,12,0.318552256,0.130901873,1,"[10, 5]","[256, 128]",[256],6842244,bb3u12c1,493,trial_0061_learning_rate=1.0e-04_history=10_kernel_sizes=10x5_conv_channels=256x128_fc_dims=256_seed1,7161e3cc4d,trial_0061_learning_rate=1.0e-04_history=10_kernel_sizes=10x5_conv_channels=256x128_fc_dims=256_seed1
/scratch/sb272/patterns5k_results/slurm_hist_cnn_2026-03-03_15-13-01/trial_0411_learning_rate=5.0e-03_history=10_kernel_sizes=10x5_conv_channels=256x128_fc_dims=256_seed1,cnn,0.168853538,0.135874668,0.020735175,0.012660302,0.113393843,0.142890329,483007,483007,21,0.513694923,10,TRUE,0.454568327,0.388128934,12,0.318552256,0.14514707,1,"[10, 5]","[256, 128]",[256],6853982,bb5u23c1,252.4,trial_0411_learning_rate=5.0e-03_history=10_kernel_sizes=10x5_conv_channels=256x128_fc_dims=256_seed1,e8d4fd442b,trial_0411_learning_rate=5.0e-03_history=10_kernel_sizes=10x5_conv_channels=256x128_fc_dims=256_seed1
/scratch/sb272/patterns5k_results/slurm_hist_cnn_2026-03-03_15-13-01/trial_0167_learning_rate=5.0e-04_history=10_kernel_sizes=10x5x3_conv_channels=256x128x64_fc_dims=256_seed2,cnn,0.170896837,0.124232851,0.015333,0.004763455,0.09721601,0.126079682,491391,491391,36,0.513691536,10,TRUE,0.454568327,0.385031299,16,0.318552256,0.132506758,1,"[10, 5, 3]","[256, 128, 64]",[256],6842251,bb5u23c1,367.8,trial_0167_learning_rate=5.0e-04_history=10_kernel_sizes=10x5x3_conv_channels=256x128x64_fc_dims=256_seed2,7e19309676,trial_0167_learning_rate=5.0e-04_history=10_kernel_sizes=10x5x3_conv_channels=256x128x64_fc_dims=256_seed2
/scratch/sb272/patterns5k_results/slurm_hist_cnn_2026-03-03_15-13-01/trial_0345_learning_rate=5.0e-03_history=20_kernel_sizes=10_conv_channels=256_fc_dims=256_seed0,cnn,0.169189123,0.122584033,0.016841,0.01595149,0.121523865,0.127848104,351551,351551,19,0.513648517,20,TRUE,0.454568327,0.378312023,12,0.318552256,0.130791888,1,[10],[256],[256],6850606,bb6u17g1,245.5,trial_0345_learning_rate=5.0e-03_history=20_kernel_sizes=10_conv_channels=256_fc_dims=256_seed0,314a54bf05,trial_0345_learning_rate=5.0e-03_history=20_kernel_sizes=10_conv_channels=256_fc_dims=256_seed0
/scratch/sb272/patterns5k_results/slurm_hist_cnn_2026-03-03_15-13-01/trial_0093_learning_rate=1.0e-04_history=10_kernel_sizes=10_conv_channels=256_fc_dims=256_seed1,cnn,0.169221451,0.120981331,0.018398748,0.013168542,0.110274322,0.127424882,351551,351551,50,0.513628667,10,TRUE,0.454568327,0.388217103,13,0.318552256,0.129938409,1,[10],[256],[256],6842246,bb4u12c1,382.7,trial_0093_learning_rate=1.0e-04_history=10_kernel_sizes=10_conv_channels=256_fc_dims=256_seed1,78ea087623,trial_0093_learning_rate=1.0e-04_history=10_kernel_sizes=10_conv_channels=256_fc_dims=256_seed1
/scratch/sb272/patterns5k_results/slurm_hist_cnn_2026-03-03_15-13-01/trial_0057_learning_rate=1.0e-04_history=10_kernel_sizes=5_conv_channels=256_fc_dims=256_seed0,cnn,0.169243661,0.11894905,0.017534703,0.01499426,0.114126503,0.126637791,217151,217151,50,0.51352819,10,TRUE,0.454568327,0.369011537,10,0.318552256,0.125770167,1,[5],[256],[256],6842244,bb3u12c1,323.4,trial_0057_learning_rate=1.0e-04_history=10_kernel_sizes=5_conv_channels=256_fc_dims=256_seed0,10fc46a91d,trial_0057_learning_rate=1.0e-04_history=10_kernel_sizes=5_conv_channels=256_fc_dims=256_seed0
/scratch/sb272/patterns5k_results/slurm_hist_cnn_2026-03-03_15-13-01/trial_0271_learning_rate=1.0e-03_history=10_kernel_sizes=10x5_conv_channels=256x128_fc_dims=256_seed0,cnn,0.168950365,0.132638416,0.016016626,0.009887757,0.112647429,0.13717309,483007,483007,25,0.513325071,10,TRUE,0.454568327,0.386908655,11,0.318552256,0.141046599,1,"[10, 5]","[256, 128]",[256],6842257,bc12u15n1,449.6,trial_0271_learning_rate=1.0e-03_history=10_kernel_sizes=10x5_conv_channels=256x128_fc_dims=256_seed0,76ad7e1ed5,trial_0271_learning_rate=1.0e-03_history=10_kernel_sizes=10x5_conv_channels=256x128_fc_dims=256_seed0
/scratch/sb272/patterns5k_results/slurm_hist_cnn_2026-03-03_15-13-01/trial_0168_learning_rate=5.0e-04_history=20_kernel_sizes=3_conv_channels=256_fc_dims=256_seed1,cnn,0.169257969,0.129938619,0.021026102,0.020557828,0.131169274,0.135572825,163391,163391,49,0.513222668,20,TRUE,0.454568327,0.37226252,8,0.318552256,0.136150509,1,[3],[256],[256],6842251,bb5u23c1,292.3,trial_0168_learning_rate=5.0e-04_history=20_kernel_sizes=3_conv_channels=256_fc_dims=256_seed1,1efe2e1cd9,trial_0168_learning_rate=5.0e-04_history=20_kernel_sizes=3_conv_channels=256_fc_dims=256_seed1
/scratch/sb272/patterns5k_results/slurm_hist_cnn_2026-03-03_15-13-01/trial_0373_learning_rate=5.0e-03_history=10_kernel_sizes=10_conv_channels=256_fc_dims=256_seed2,cnn,0.167841786,0.131275921,0.021204473,0.014709317,0.114460349,0.136015282,351551,351551,17,0.513197942,10,TRUE,0.454568327,0.394535992,14,0.318552256,0.139122307,1,[10],[256],[256],6851123,bb2u26c1,215,trial_0373_learning_rate=5.0e-03_history=10_kernel_sizes=10_conv_channels=256_fc_dims=256_seed2,edaab61edf,trial_0373_learning_rate=5.0e-03_history=10_kernel_sizes=10_conv_channels=256_fc_dims=256_seed2
/scratch/sb272/patterns5k_results/slurm_hist_cnn_2026-03-03_15-13-01/trial_0088_learning_rate=1.0e-04_history=5_kernel_sizes=10x3_conv_channels=256x128_fc_dims=256_seed2,cnn,0.170469001,0.126366706,0.00491677,0.00069193,0.105114035,0.126436978,417471,417471,50,0.513146217,5,TRUE,0.454568327,0.388023802,14,0.318552256,0.134365469,2,"[10, 3]","[256, 128]",[256],6842246,bb4u12c1,385.6,trial_0088_learning_rate=1.0e-04_history=5_kernel_sizes=10x3_conv_channels=256x128_fc_dims=256_seed2,2e3ecd5491,trial_0088_learning_rate=1.0e-04_history=5_kernel_sizes=10x3_conv_channels=256x128_fc_dims=256_seed2
/scratch/sb272/patterns5k_results/slurm_hist_cnn_2026-03-03_15-13-01/trial_0337_learning_rate=5.0e-03_history=10_kernel_sizes=5_conv_channels=256_fc_dims=256_seed1,cnn,0.168499599,0.132655597,0.020080134,0.017411119,0.125689089,0.138191872,217151,217151,21,0.512989345,10,TRUE,0.454568327,0.358149388,9,0.318552256,0.139298335,1,[5],[256],[256],6850606,bb6u17g1,232.8,trial_0337_learning_rate=5.0e-03_history=10_kernel_sizes=5_conv_channels=256_fc_dims=256_seed1,43b84cdb76,trial_0337_learning_rate=5.0e-03_history=10_kernel_sizes=5_conv_channels=256_fc_dims=256_seed1
/scratch/sb272/patterns5k_results/slurm_hist_cnn_2026-03-03_15-13-01/trial_0277_learning_rate=1.0e-03_history=20_kernel_sizes=10x3_conv_channels=256x128_fc_dims=256_seed2,cnn,0.170561064,0.125883434,0.011302791,0.008136075,0.12182685,0.127162656,417471,417471,24,0.512826725,20,TRUE,0.454568327,0.354419071,9,0.318552256,0.132640749,1,"[10, 3]","[256, 128]",[256],6842257,bc12u15n1,501.9,trial_0277_learning_rate=1.0e-03_history=20_kernel_sizes=10x3_conv_channels=256x128_fc_dims=256_seed2,a6422cd746,trial_0277_learning_rate=1.0e-03_history=20_kernel_sizes=10x3_conv_channels=256x128_fc_dims=256_seed2
/scratch/sb272/patterns5k_results/slurm_hist_cnn_2026-03-03_15-13-01/trial_0021_learning_rate=1.0e-04_history=10_kernel_sizes=3_conv_channels=256_fc_dims=256_seed1,cnn,0.169376443,0.119630227,0.017706927,0.015706739,0.115371265,0.125003758,163391,163391,50,0.512711423,10,TRUE,0.454568327,0.356212004,10,0.318552256,0.125443295,1,[3],[256],[256],6842242,bb2u22c1,309,trial_0021_learning_rate=1.0e-04_history=10_kernel_sizes=3_conv_channels=256_fc_dims=256_seed1,4eea245aa2,trial_0021_learning_rate=1.0e-04_history=10_kernel_sizes=3_conv_channels=256_fc_dims=256_seed1
/scratch/sb272/patterns5k_results/slurm_hist_cnn_2026-03-03_15-13-01/trial_0407_learning_rate=5.0e-03_history=10_kernel_sizes=5_conv_channels=256_fc_dims=256_seed1,cnn,0.169918975,0.132612151,0.012847823,0.011108147,0.12644127,0.139978312,217151,217151,17,0.512654141,10,TRUE,0.454568327,0.365795467,8,0.318552256,0.139385343,1,[5],[256],[256],6853982,bb5u23c1,195.3,trial_0407_learning_rate=5.0e-03_history=10_kernel_sizes=5_conv_channels=256_fc_dims=256_seed1,9212d7fdec,trial_0407_learning_rate=5.0e-03_history=10_kernel_sizes=5_conv_channels=256_fc_dims=256_seed1
/scratch/sb272/patterns5k_results/slurm_hist_cnn_2026-03-03_15-13-01/trial_0132_learning_rate=5.0e-04_history=10_kernel_sizes=10x5x3_conv_channels=256x128x64_fc_dims=256_seed1,cnn,0.170429824,0.125572114,0.016302909,0.004583376,0.096329547,0.129262213,491391,491391,37,0.512139456,10,TRUE,0.454568327,0.384300565,16,0.318552256,0.13442485,1,"[10, 5, 3]","[256, 128, 64]",[256],6842248,bb4u21c1,387.2,trial_0132_learning_rate=5.0e-04_history=10_kernel_sizes=10x5x3_conv_channels=256x128x64_fc_dims=256_seed1,209aea5d64,trial_0132_learning_rate=5.0e-04_history=10_kernel_sizes=10x5x3_conv_channels=256x128x64_fc_dims=256_seed1
/scratch/sb272/patterns5k_results/slurm_hist_cnn_2026-03-03_15-13-01/trial_0340_learning_rate=5.0e-03_history=10_kernel_sizes=10x3_conv_channels=256x128_fc_dims=256_seed0,cnn,0.167736392,0.132404978,0.021145215,0.014267021,0.112310544,0.141297417,417471,417471,18,0.511755207,10,TRUE,0.454568327,0.383616608,13,0.318552256,0.140153974,1,"[10, 3]","[256, 128]",[256],6850606,bb6u17g1,256.6,trial_0340_learning_rate=5.0e-03_history=10_kernel_sizes=10x3_conv_channels=256x128_fc_dims=256_seed0,bd3e6e130b,trial_0340_learning_rate=5.0e-03_history=10_kernel_sizes=10x3_conv_channels=256x128_fc_dims=256_seed0
/scratch/sb272/patterns5k_results/slurm_hist_cnn_2026-03-03_15-13-01/trial_0348_learning_rate=5.0e-03_history=20_kernel_sizes=10x5_conv_channels=256x128_fc_dims=256_seed1,cnn,0.16877771,0.130828158,0.018461346,0.014565746,0.121969841,0.13544411,483007,483007,17,0.511717053,20,TRUE,0.454568327,0.371433964,12,0.318552256,0.13871108,1,"[10, 5]","[256, 128]",[256],6850606,bb6u17g1,258.1,trial_0348_learning_rate=5.0e-03_history=20_kernel_sizes=10x5_conv_channels=256x128_fc_dims=256_seed1,ffa19b888e,trial_0348_learning_rate=5.0e-03_history=20_kernel_sizes=10x5_conv_channels=256x128_fc_dims=256_seed1
/scratch/sb272/patterns5k_results/slurm_hist_cnn_2026-03-03_15-13-01/trial_0017_learning_rate=1.0e-04_history=5_kernel_sizes=20_conv_channels=256_fc_dims=256_seed2,cnn,0.170018442,0.123213593,0.01838971,0.009711224,0.108123168,0.120984727,620351,620351,50,0.511710278,5,TRUE,0.454568327,0.417313155,18,0.318552256,0.13357085,2,[20],[256],[256],6842242,bb2u22c1,463.5,trial_0017_learning_rate=1.0e-04_history=5_kernel_sizes=20_conv_channels=256_fc_dims=256_seed2,d823252a83,trial_0017_learning_rate=1.0e-04_history=5_kernel_sizes=20_conv_channels=256_fc_dims=256_seed2
/scratch/sb272/patterns5k_results/slurm_hist_cnn_2026-03-03_15-13-01/trial_0089_learning_rate=1.0e-04_history=5_kernel_sizes=10x5_conv_channels=256x128_fc_dims=256_seed1,cnn,0.169669236,0.125535729,0.008903071,0.00446848,0.104180641,0.12761243,483007,483007,50,0.511696183,5,TRUE,0.454568327,0.396057922,15,0.318552256,0.133703008,2,"[10, 5]","[256, 128]",[256],6842246,bb4u12c1,473,trial_0089_learning_rate=1.0e-04_history=5_kernel_sizes=10x5_conv_channels=256x128_fc_dims=256_seed1,a05627f986,trial_0089_learning_rate=1.0e-04_history=5_kernel_sizes=10x5_conv_channels=256x128_fc_dims=256_seed1
/scratch/sb272/patterns5k_results/slurm_hist_cnn_2026-03-03_15-13-01/trial_0378_learning_rate=5.0e-03_history=20_kernel_sizes=3_conv_channels=256_fc_dims=256_seed2,cnn,0.168931587,0.130643619,0.021603593,0.020243659,0.130408391,0.129122959,163391,163391,22,0.511491005,20,TRUE,0.454568327,0.365570771,9,0.318552256,0.136184737,1,[3],[256],[256],6851123,bb2u26c1,214.8,trial_0378_learning_rate=5.0e-03_history=20_kernel_sizes=3_conv_channels=256_fc_dims=256_seed2,c8ef9c5c50,trial_0378_learning_rate=5.0e-03_history=20_kernel_sizes=3_conv_channels=256_fc_dims=256_seed2
/scratch/sb272/patterns5k_results/slurm_hist_cnn_2026-03-03_15-13-01/trial_0091_learning_rate=1.0e-04_history=10_kernel_sizes=3_conv_channels=256_fc_dims=256_seed0,cnn,0.169435321,0.118276068,0.017752229,0.016047896,0.115473099,0.122784992,163391,163391,50,0.511436732,10,TRUE,0.454568327,0.362363678,10,0.318552256,0.124295928,1,[3],[256],[256],6842246,bb4u12c1,328.9,trial_0091_learning_rate=1.0e-04_history=10_kernel_sizes=3_conv_channels=256_fc_dims=256_seed0,eafd270976,trial_0091_learning_rate=1.0e-04_history=10_kernel_sizes=3_conv_channels=256_fc_dims=256_seed0
/scratch/sb272/patterns5k_results/slurm_hist_cnn_2026-03-03_15-13-01/trial_0134_learning_rate=5.0e-04_history=20_kernel_sizes=5_conv_channels=256_fc_dims=256_seed0,cnn,0.168998618,0.128616554,0.021015717,0.020398179,0.130518153,0.133642457,217151,217151,41,0.511318729,20,TRUE,0.454568327,0.37489128,10,0.318552256,0.135384724,1,[5],[256],[256],6842249,bb4u22c1,311.5,trial_0134_learning_rate=5.0e-04_history=20_kernel_sizes=5_conv_channels=256_fc_dims=256_seed0,f4860c890c,trial_0134_learning_rate=5.0e-04_history=20_kernel_sizes=5_conv_channels=256_fc_dims=256_seed0
/scratch/sb272/patterns5k_results/slurm_hist_cnn_2026-03-03_15-13-01/trial_0378_learning_rate=5.0e-03_history=20_kernel_sizes=3_conv_channels=256_fc_dims=256_seed0,cnn,0.169153824,0.127755021,0.020787432,0.019880423,0.128155932,0.131786409,163391,163391,20,0.511307951,20,TRUE,0.454568327,0.364426037,9,0.318552256,0.133318707,1,[3],[256],[256],6851123,bb2u26c1,205.5,trial_0378_learning_rate=5.0e-03_history=20_kernel_sizes=3_conv_channels=256_fc_dims=256_seed0,c8ef9c5c50,trial_0378_learning_rate=5.0e-03_history=20_kernel_sizes=3_conv_channels=256_fc_dims=256_seed0
/scratch/sb272/patterns5k_results/slurm_hist_cnn_2026-03-03_15-13-01/trial_0371_learning_rate=5.0e-03_history=10_kernel_sizes=3_conv_channels=256_fc_dims=256_seed2,cnn,0.168734884,0.132814757,0.02126208,0.019068533,0.126953632,0.130930997,163391,163391,22,0.511254004,10,TRUE,0.454568327,0.356971637,11,0.318552256,0.137902796,1,[3],[256],[256],6851123,bb2u26c1,210.1,trial_0371_learning_rate=5.0e-03_history=10_kernel_sizes=3_conv_channels=256_fc_dims=256_seed2,5f9cd0a96f,trial_0371_learning_rate=5.0e-03_history=10_kernel_sizes=3_conv_channels=256_fc_dims=256_seed2
/scratch/sb272/patterns5k_results/slurm_hist_cnn_2026-03-03_15-13-01/trial_0376_learning_rate=5.0e-03_history=10_kernel_sizes=10x5_conv_channels=256x128_fc_dims=256_seed2,cnn,0.168510521,0.138258041,0.017890855,0.011542743,0.118476704,0.138631581,483007,483007,21,0.510724239,10,TRUE,0.454568327,0.382585773,12,0.318552256,0.146986008,2,"[10, 5]","[256, 128]",[256],6851123,bb2u26c1,261.6,trial_0376_learning_rate=5.0e-03_history=10_kernel_sizes=10x5_conv_channels=256x128_fc_dims=256_seed2,c6a1a1e50a,trial_0376_learning_rate=5.0e-03_history=10_kernel_sizes=10x5_conv_channels=256x128_fc_dims=256_seed2
/scratch/sb272/patterns5k_results/slurm_hist_cnn_2026-03-03_15-13-01/trial_0418_learning_rate=5.0e-03_history=20_kernel_sizes=10x5_conv_channels=256x128_fc_dims=256_seed0,cnn,0.171994199,0.130517222,0.005528388,0.006270743,0.126129314,0.133732585,483007,483007,22,0.510717037,20,TRUE,0.454568327,0.368936221,11,0.318552256,0.137378514,1,"[10, 5]","[256, 128]",[256],6837009,bb4u21c1,284.8,trial_0418_learning_rate=5.0e-03_history=20_kernel_sizes=10x5_conv_channels=256x128_fc_dims=256_seed0,ac6dcbdc94,trial_0418_learning_rate=5.0e-03_history=20_kernel_sizes=10x5_conv_channels=256x128_fc_dims=256_seed0
/scratch/sb272/patterns5k_results/slurm_hist_cnn_2026-03-03_15-13-01/trial_0056_learning_rate=1.0e-04_history=10_kernel_sizes=3_conv_channels=256_fc_dims=256_seed0,cnn,0.169395787,0.119467497,0.017347216,0.015216859,0.115332171,0.122259647,163391,163391,50,0.510655077,10,TRUE,0.454568327,0.355057052,11,0.318552256,0.125135154,1,[3],[256],[256],6842244,bb3u12c1,309.7,trial_0056_learning_rate=1.0e-04_history=10_kernel_sizes=3_conv_channels=256_fc_dims=256_seed0,d81c65d931,trial_0056_learning_rate=1.0e-04_history=10_kernel_sizes=3_conv_channels=256_fc_dims=256_seed0
/scratch/sb272/patterns5k_results/slurm_hist_cnn_2026-03-03_15-13-01/trial_0275_learning_rate=1.0e-03_history=20_kernel_sizes=10_conv_channels=256_fc_dims=256_seed1,cnn,0.16979966,0.122296316,0.015760865,0.01444815,0.121419437,0.130409005,351551,351551,27,0.51044113,20,TRUE,0.454568327,0.372351241,13,0.318552256,0.12973772,1,[10],[256],[256],6842257,bc12u15n1,514.6,trial_0275_learning_rate=1.0e-03_history=20_kernel_sizes=10_conv_channels=256_fc_dims=256_seed1,73b0a6b424,trial_0275_learning_rate=1.0e-03_history=20_kernel_sizes=10_conv_channels=256_fc_dims=256_seed1
/scratch/sb272/patterns5k_results/slurm_hist_cnn_2026-03-03_15-13-01/trial_0313_learning_rate=1.0e-03_history=20_kernel_sizes=10x5_conv_channels=256x128_fc_dims=256_seed2,cnn,0.170469682,0.124959358,0.01012255,0.00963428,0.121324927,0.126073486,483007,483007,25,0.51018209,20,TRUE,0.454568327,0.363255068,9,0.318552256,0.131867096,1,"[10, 5]","[256, 128]",[256],6842259,bc12u15n3,546.8,trial_0313_learning_rate=1.0e-03_history=20_kernel_sizes=10x5_conv_channels=256x128_fc_dims=256_seed2,5db9c84f92,trial_0313_learning_rate=1.0e-03_history=20_kernel_sizes=10x5_conv_channels=256x128_fc_dims=256_seed2
/scratch/sb272/patterns5k_results/slurm_hist_cnn_2026-03-03_15-13-01/trial_0409_learning_rate=5.0e-03_history=10_kernel_sizes=20_conv_channels=256_fc_dims=256_seed0,cnn,0.16945855,0.129318847,0.017082212,0.008877884,0.108516984,0.13184487,620351,620351,20,0.510175584,10,TRUE,0.454568327,0.399868445,16,0.318552256,0.139639124,1,[20],[256],[256],6853982,bb5u23c1,269,trial_0409_learning_rate=5.0e-03_history=10_kernel_sizes=20_conv_channels=256_fc_dims=256_seed0,1b74da8fff,trial_0409_learning_rate=5.0e-03_history=10_kernel_sizes=20_conv_channels=256_fc_dims=256_seed0
/scratch/sb272/patterns5k_results/slurm_hist_cnn_2026-03-03_15-13-01/trial_0090_learning_rate=1.0e-04_history=5_kernel_sizes=10x5x3_conv_channels=256x128x64_fc_dims=256_seed1,cnn,0.168258639,0.125708268,0.018355176,0.001422908,0.080569431,0.125194779,491391,491391,50,0.509938469,5,TRUE,0.454568327,0.392643658,20,0.318552256,0.133897662,2,"[10, 5, 3]","[256, 128, 64]",[256],6842246,bb4u12c1,476.4,trial_0090_learning_rate=1.0e-04_history=5_kernel_sizes=10x5x3_conv_channels=256x128x64_fc_dims=256_seed1,bddcdd5914,trial_0090_learning_rate=1.0e-04_history=5_kernel_sizes=10x5x3_conv_channels=256x128x64_fc_dims=256_seed1
/scratch/sb272/patterns5k_results/slurm_hist_cnn_2026-03-03_15-13-01/trial_0091_learning_rate=1.0e-04_history=10_kernel_sizes=3_conv_channels=256_fc_dims=256_seed2,cnn,0.169326161,0.118996045,0.017772202,0.015873783,0.115397811,0.12118873,163391,163391,50,0.509578033,10,TRUE,0.454568327,0.363830144,11,0.318552256,0.124692112,1,[3],[256],[256],6842246,bb4u12c1,304.9,trial_0091_learning_rate=1.0e-04_history=10_kernel_sizes=3_conv_channels=256_fc_dims=256_seed2,eafd270976,trial_0091_learning_rate=1.0e-04_history=10_kernel_sizes=3_conv_channels=256_fc_dims=256_seed2
/scratch/sb272/patterns5k_results/slurm_hist_cnn_2026-03-03_15-13-01/trial_0243_learning_rate=1.0e-03_history=20_kernel_sizes=10x5_conv_channels=256x128_fc_dims=256_seed2,cnn,0.170180099,0.12568372,0.009714233,0.007047653,0.120800391,0.124836052,483007,483007,23,0.50938551,20,TRUE,0.454568327,0.357357911,12,0.318552256,0.132871166,1,"[10, 5]","[256, 128]",[256],6842255,bb5u26c1,281.9,trial_0243_learning_rate=1.0e-03_history=20_kernel_sizes=10x5_conv_channels=256x128_fc_dims=256_seed2,755646e613,trial_0243_learning_rate=1.0e-03_history=20_kernel_sizes=10x5_conv_channels=256x128_fc_dims=256_seed2
/scratch/sb272/patterns5k_results/slurm_hist_cnn_2026-03-03_15-13-01/trial_0205_learning_rate=5.0e-04_history=20_kernel_sizes=10_conv_channels=256_fc_dims=256_seed0,cnn,0.17043757,0.122334962,0.013990259,0.014690109,0.127022922,0.127409245,351551,351551,45,0.509333542,20,TRUE,0.454568327,0.368806958,11,0.318552256,0.129861727,1,[10],[256],[256],6842253,bb5u25c1,327.4,trial_0205_learning_rate=5.0e-04_history=20_kernel_sizes=10_conv_channels=256_fc_dims=256_seed0,1b694d3eae,trial_0205_learning_rate=5.0e-04_history=20_kernel_sizes=10_conv_channels=256_fc_dims=256_seed0
/scratch/sb272/patterns5k_results/slurm_hist_cnn_2026-03-03_15-13-01/trial_0338_learning_rate=5.0e-03_history=10_kernel_sizes=10_conv_channels=256_fc_dims=256_seed0,cnn,0.167936764,0.133076964,0.019929449,0.014853794,0.118771613,0.137081857,351551,351551,19,0.509212062,10,TRUE,0.454568327,0.397104276,13,0.318552256,0.141823187,1,[10],[256],[256],6850606,bb6u17g1,247.6,trial_0338_learning_rate=5.0e-03_history=10_kernel_sizes=10_conv_channels=256_fc_dims=256_seed0,2011b632b0,trial_0338_learning_rate=5.0e-03_history=10_kernel_sizes=10_conv_channels=256_fc_dims=256_seed0
/scratch/sb272/patterns5k_results/slurm_hist_cnn_2026-03-03_15-13-01/trial_0129_learning_rate=5.0e-04_history=10_kernel_sizes=20_conv_channels=256_fc_dims=256_seed0,cnn,0.170906194,0.124286447,0.015235405,0.010987037,0.116081439,0.124730076,620351,620351,32,0.509173896,10,TRUE,0.454568327,0.405041502,17,0.318552256,0.134173051,1,[20],[256],[256],6842248,bb4u21c1,366.3,trial_0129_learning_rate=5.0e-04_history=10_kernel_sizes=20_conv_channels=256_fc_dims=256_seed0,eeef439380,trial_0129_learning_rate=5.0e-04_history=10_kernel_sizes=20_conv_channels=256_fc_dims=256_seed0
/scratch/sb272/patterns5k_results/slurm_hist_cnn_2026-03-03_15-13-01/trial_0135_learning_rate=5.0e-04_history=20_kernel_sizes=10_conv_channels=256_fc_dims=256_seed1,cnn,0.170093691,0.118820213,0.01556719,0.015210509,0.121600159,0.128266185,351551,351551,36,0.509000285,20,TRUE,0.454568327,0.370607318,11,0.318552256,0.126565278,1,[10],[256],[256],6842249,bb4u22c1,338.7,trial_0135_learning_rate=5.0e-04_history=20_kernel_sizes=10_conv_channels=256_fc_dims=256_seed1,297da2edad,trial_0135_learning_rate=5.0e-04_history=20_kernel_sizes=10_conv_channels=256_fc_dims=256_seed1
/scratch/sb272/patterns5k_results/slurm_hist_cnn_2026-03-03_15-13-01/trial_0343_learning_rate=5.0e-03_history=20_kernel_sizes=3_conv_channels=256_fc_dims=256_seed0,cnn,0.169427335,0.129611205,0.019446328,0.018630384,0.129037589,0.132326482,163391,163391,21,0.508984403,20,TRUE,0.454568327,0.363741084,9,0.318552256,0.134943902,1,[3],[256],[256],6850606,bb6u17g1,226.3,trial_0343_learning_rate=5.0e-03_history=20_kernel_sizes=3_conv_channels=256_fc_dims=256_seed0,f316f4e592,trial_0343_learning_rate=5.0e-03_history=20_kernel_sizes=3_conv_channels=256_fc_dims=256_seed0
/scratch/sb272/patterns5k_results/slurm_hist_cnn_2026-03-03_15-13-01/trial_0379_learning_rate=5.0e-03_history=20_kernel_sizes=5_conv_channels=256_fc_dims=256_seed2,cnn,0.16992753,0.127498867,0.018272411,0.017519132,0.126919776,0.12902759,217151,217151,24,0.508745157,20,TRUE,0.454568327,0.361742407,9,0.318552256,0.133200929,1,[5],[256],[256],6851123,bb2u26c1,225.4,trial_0379_learning_rate=5.0e-03_history=20_kernel_sizes=5_conv_channels=256_fc_dims=256_seed2,fc2d2c2813,trial_0379_learning_rate=5.0e-03_history=20_kernel_sizes=5_conv_channels=256_fc_dims=256_seed2
/scratch/sb272/patterns5k_results/slurm_hist_cnn_2026-03-03_15-13-01/trial_0409_learning_rate=5.0e-03_history=10_kernel_sizes=20_conv_channels=256_fc_dims=256_seed2,cnn,0.16822736,0.128905791,0.021200899,0.012012127,0.109719053,0.129781673,620351,620351,17,0.508377909,10,TRUE,0.454568327,0.404763047,17,0.318552256,0.140577316,2,[20],[256],[256],6853982,bb5u23c1,243.9,trial_0409_learning_rate=5.0e-03_history=10_kernel_sizes=20_conv_channels=256_fc_dims=256_seed2,1b74da8fff,trial_0409_learning_rate=5.0e-03_history=10_kernel_sizes=20_conv_channels=256_fc_dims=256_seed2
/scratch/sb272/patterns5k_results/slurm_hist_cnn_2026-03-03_15-13-01/trial_0137_learning_rate=5.0e-04_history=20_kernel_sizes=10x3_conv_channels=256x128_fc_dims=256_seed1,cnn,0.17136288,0.121883964,0.00653388,0.007102266,0.119482741,0.124966303,417471,417471,29,0.50836492,20,TRUE,0.454568327,0.361084464,11,0.318552256,0.128756762,1,"[10, 3]","[256, 128]",[256],6842249,bb4u22c1,344.1,trial_0137_learning_rate=5.0e-04_history=20_kernel_sizes=10x3_conv_channels=256x128_fc_dims=256_seed1,2dd6dcb212,trial_0137_learning_rate=5.0e-04_history=20_kernel_sizes=10x3_conv_channels=256x128_fc_dims=256_seed1
/scratch/sb272/patterns5k_results/slurm_hist_cnn_2026-03-03_15-13-01/trial_0345_learning_rate=5.0e-03_history=20_kernel_sizes=10_conv_channels=256_fc_dims=256_seed2,cnn,0.169865843,0.123732796,0.018380741,0.01572676,0.120454729,0.124038343,351551,351551,18,0.508255718,20,TRUE,0.454568327,0.369062913,10,0.318552256,0.130966723,1,[10],[256],[256],6850606,bb6u17g1,241.6,trial_0345_learning_rate=5.0e-03_history=20_kernel_sizes=10_conv_channels=256_fc_dims=256_seed2,314a54bf05,trial_0345_learning_rate=5.0e-03_history=20_kernel_sizes=10_conv_channels=256_fc_dims=256_seed2
/scratch/sb272/patterns5k_results/slurm_hist_cnn_2026-03-03_15-13-01/trial_0300_learning_rate=1.0e-03_history=5_kernel_sizes=10x5x3_conv_channels=256x128x64_fc_dims=256_seed2,cnn,0.16682061,0.138154464,0.021354258,0.001517004,0.084693722,0.142335584,491391,491391,25,0.508227775,5,TRUE,0.454568327,0.404944789,19,0.318552256,0.147778049,2,"[10, 5, 3]","[256, 128, 64]",[256],6842259,bc12u15n3,585.9,trial_0300_learning_rate=1.0e-03_history=5_kernel_sizes=10x5x3_conv_channels=256x128x64_fc_dims=256_seed2,45596b139b,trial_0300_learning_rate=1.0e-03_history=5_kernel_sizes=10x5x3_conv_channels=256x128x64_fc_dims=256_seed2
/scratch/sb272/patterns5k_results/slurm_hist_cnn_2026-03-03_15-13-01/trial_0167_learning_rate=5.0e-04_history=10_kernel_sizes=10x5x3_conv_channels=256x128x64_fc_dims=256_seed1,cnn,0.169558269,0.126188132,0.01471707,0.004894739,0.099357784,0.128045957,491391,491391,30,0.507868288,10,TRUE,0.454568327,0.376172122,17,0.318552256,0.135091797,1,"[10, 5, 3]","[256, 128, 64]",[256],6842251,bb5u23c1,328.6,trial_0167_learning_rate=5.0e-04_history=10_kernel_sizes=10x5x3_conv_channels=256x128x64_fc_dims=256_seed1,7e19309676,trial_0167_learning_rate=5.0e-04_history=10_kernel_sizes=10x5x3_conv_channels=256x128x64_fc_dims=256_seed1
/scratch/sb272/patterns5k_results/slurm_hist_cnn_2026-03-03_15-13-01/trial_0022_learning_rate=1.0e-04_history=10_kernel_sizes=5_conv_channels=256_fc_dims=256_seed2,cnn,0.16926379,0.119946211,0.017026171,0.014907508,0.115590684,0.125887945,217151,217151,50,0.507837432,10,TRUE,0.454568327,0.372712009,11,0.318552256,0.126918808,1,[5],[256],[256],6842242,bb2u22c1,329.9,trial_0022_learning_rate=1.0e-04_history=10_kernel_sizes=5_conv_channels=256_fc_dims=256_seed2,92a2119c76,trial_0022_learning_rate=1.0e-04_history=10_kernel_sizes=5_conv_channels=256_fc_dims=256_seed2
/scratch/sb272/patterns5k_results/slurm_hist_cnn_2026-03-03_15-13-01/trial_0137_learning_rate=5.0e-04_history=20_kernel_sizes=10x3_conv_channels=256x128_fc_dims=256_seed0,cnn,0.171238684,0.124850873,0.006230017,0.006060934,0.122615919,0.125080581,417471,417471,30,0.507709553,20,TRUE,0.454568327,0.365066057,11,0.318552256,0.131403908,1,"[10, 3]","[256, 128]",[256],6842249,bb4u22c1,350.8,trial_0137_learning_rate=5.0e-04_history=20_kernel_sizes=10x3_conv_channels=256x128_fc_dims=256_seed0,2dd6dcb212,trial_0137_learning_rate=5.0e-04_history=20_kernel_sizes=10x3_conv_channels=256x128_fc_dims=256_seed0
/scratch/sb272/patterns5k_results/slurm_hist_cnn_2026-03-03_15-13-01/trial_0057_learning_rate=1.0e-04_history=10_kernel_sizes=5_conv_channels=256_fc_dims=256_seed2,cnn,0.169126029,0.119296406,0.017912382,0.014786729,0.113170527,0.125720932,217151,217151,50,0.507592195,10,TRUE,0.454568327,0.367281272,11,0.318552256,0.126461074,1,[5],[256],[256],6842244,bb3u12c1,323.7,trial_0057_learning_rate=1.0e-04_history=10_kernel_sizes=5_conv_channels=256_fc_dims=256_seed2,10fc46a91d,trial_0057_learning_rate=1.0e-04_history=10_kernel_sizes=5_conv_channels=256_fc_dims=256_seed2
/scratch/sb272/patterns5k_results/slurm_hist_cnn_2026-03-03_15-13-01/trial_0379_learning_rate=5.0e-03_history=20_kernel_sizes=5_conv_channels=256_fc_dims=256_seed1,cnn,0.168826081,0.130876663,0.021080864,0.019916814,0.130185127,0.135125533,217151,217151,20,0.507571325,20,TRUE,0.454568327,0.368944245,9,0.318552256,0.137331858,1,[5],[256],[256],6851123,bb2u26c1,211.6,trial_0379_learning_rate=5.0e-03_history=20_kernel_sizes=5_conv_channels=256_fc_dims=256_seed1,fc2d2c2813,trial_0379_learning_rate=5.0e-03_history=20_kernel_sizes=5_conv_channels=256_fc_dims=256_seed1
/scratch/sb272/patterns5k_results/slurm_hist_cnn_2026-03-03_15-13-01/trial_0343_learning_rate=5.0e-03_history=20_kernel_sizes=3_conv_channels=256_fc_dims=256_seed2,cnn,0.169254959,0.128706105,0.020843953,0.019906896,0.129183739,0.128185454,163391,163391,22,0.5073833,20,TRUE,0.454568327,0.363773835,8,0.318552256,0.13466765,1,[3],[256],[256],6850606,bb6u17g1,227.3,trial_0343_learning_rate=5.0e-03_history=20_kernel_sizes=3_conv_channels=256_fc_dims=256_seed2,f316f4e592,trial_0343_learning_rate=5.0e-03_history=20_kernel_sizes=3_conv_channels=256_fc_dims=256_seed2
/scratch/sb272/patterns5k_results/slurm_hist_cnn_2026-03-03_15-13-01/trial_0344_learning_rate=5.0e-03_history=20_kernel_sizes=5_conv_channels=256_fc_dims=256_seed2,cnn,0.169011322,0.127748942,0.020046064,0.018976638,0.126861766,0.12847345,217151,217151,19,0.507345632,20,TRUE,0.454568327,0.364668923,11,0.318552256,0.134254605,1,[5],[256],[256],6850606,bb6u17g1,229,trial_0344_learning_rate=5.0e-03_history=20_kernel_sizes=5_conv_channels=256_fc_dims=256_seed2,72fb89501e,trial_0344_learning_rate=5.0e-03_history=20_kernel_sizes=5_conv_channels=256_fc_dims=256_seed2
/scratch/sb272/patterns5k_results/slurm_hist_cnn_2026-03-03_15-13-01/trial_0019_learning_rate=1.0e-04_history=5_kernel_sizes=10x5_conv_channels=256x128_fc_dims=256_seed0,cnn,0.169549055,0.124851429,0.010032575,0.005558997,0.103811763,0.125156193,483007,483007,50,0.507268918,5,TRUE,0.454568327,0.39695279,15,0.318552256,0.132561743,1,"[10, 5]","[256, 128]",[256],6842242,bb2u22c1,416.6,trial_0019_learning_rate=1.0e-04_history=5_kernel_sizes=10x5_conv_channels=256x128_fc_dims=256_seed0,1f2cde268e,trial_0019_learning_rate=1.0e-04_history=5_kernel_sizes=10x5_conv_channels=256x128_fc_dims=256_seed0
/scratch/sb272/patterns5k_results/slurm_hist_cnn_2026-03-03_15-13-01/trial_0418_learning_rate=5.0e-03_history=20_kernel_sizes=10x5_conv_channels=256x128_fc_dims=256_seed2,cnn,0.168434283,0.131092802,0.019944639,0.016402681,0.12421947,0.129328546,483007,483007,18,0.50717056,20,TRUE,0.454568327,0.368281219,13,0.318552256,0.138470575,1,"[10, 5]","[256, 128]",[256],6837009,bb4u21c1,255.6,trial_0418_learning_rate=5.0e-03_history=20_kernel_sizes=10x5_conv_channels=256x128_fc_dims=256_seed2,ac6dcbdc94,trial_0418_learning_rate=5.0e-03_history=20_kernel_sizes=10x5_conv_channels=256x128_fc_dims=256_seed2
/scratch/sb272/patterns5k_results/slurm_hist_cnn_2026-03-03_15-13-01/trial_0343_learning_rate=5.0e-03_history=20_kernel_sizes=3_conv_channels=256_fc_dims=256_seed1,cnn,0.16953016,0.128107406,0.020706748,0.019240474,0.126037538,0.133985154,163391,163391,22,0.507105602,20,TRUE,0.454568327,0.357308152,7,0.318552256,0.1330771,1,[3],[256],[256],6850606,bb6u17g1,230.3,trial_0343_learning_rate=5.0e-03_history=20_kernel_sizes=3_conv_channels=256_fc_dims=256_seed1,f316f4e592,trial_0343_learning_rate=5.0e-03_history=20_kernel_sizes=3_conv_channels=256_fc_dims=256_seed1
/scratch/sb272/patterns5k_results/slurm_hist_cnn_2026-03-03_15-13-01/trial_0160_learning_rate=5.0e-04_history=5_kernel_sizes=10x5x3_conv_channels=256x128x64_fc_dims=256_seed0,cnn,0.168578516,0.134852482,0.019023242,-0.000714614,0.083662383,0.139358145,491391,491391,38,0.506800754,5,TRUE,0.454568327,0.391141183,17,0.318552256,0.14378038,2,"[10, 5, 3]","[256, 128, 64]",[256],6842250,bb5u20c1,460.6,trial_0160_learning_rate=5.0e-04_history=5_kernel_sizes=10x5x3_conv_channels=256x128x64_fc_dims=256_seed0,0e613a7ed8,trial_0160_learning_rate=5.0e-04_history=5_kernel_sizes=10x5x3_conv_channels=256x128x64_fc_dims=256_seed0
/scratch/sb272/patterns5k_results/slurm_hist_cnn_2026-03-03_15-13-01/trial_0305_learning_rate=1.0e-03_history=10_kernel_sizes=10x3_conv_channels=256x128_fc_dims=256_seed0,cnn,0.170617587,0.133048667,0.006455993,0.002641099,0.115712829,0.138218825,417471,417471,26,0.506754835,10,TRUE,0.454568327,0.386301222,12,0.318552256,0.140919268,1,"[10, 3]","[256, 128]",[256],6842259,bc12u15n3,508,trial_0305_learning_rate=1.0e-03_history=10_kernel_sizes=10x3_conv_channels=256x128_fc_dims=256_seed0,d68bc24ff1,trial_0305_learning_rate=1.0e-03_history=10_kernel_sizes=10x3_conv_channels=256x128_fc_dims=256_seed0
/scratch/sb272/patterns5k_results/slurm_hist_cnn_2026-03-03_15-13-01/trial_0096_learning_rate=1.0e-04_history=10_kernel_sizes=10x5_conv_channels=256x128_fc_dims=256_seed2,cnn,0.170239234,0.119846157,0.009281318,0.007442136,0.10810136,0.116260322,483007,483007,50,0.506256168,10,TRUE,0.454568327,0.37811185,13,0.318552256,0.127570912,1,"[10, 5]","[256, 128]",[256],6842246,bb4u12c1,466.8,trial_0096_learning_rate=1.0e-04_history=10_kernel_sizes=10x5_conv_channels=256x128_fc_dims=256_seed2,2136731497,trial_0096_learning_rate=1.0e-04_history=10_kernel_sizes=10x5_conv_channels=256x128_fc_dims=256_seed2
/scratch/sb272/patterns5k_results/slurm_hist_cnn_2026-03-03_15-13-01/trial_0235_learning_rate=1.0e-03_history=10_kernel_sizes=10x3_conv_channels=256x128_fc_dims=256_seed0,cnn,0.170159018,0.133456795,0.008093257,0.00263928,0.115309298,0.138390782,417471,417471,24,0.506255593,10,TRUE,0.454568327,0.383871148,13,0.318552256,0.141477242,1,"[10, 3]","[256, 128]",[256],6842255,bb5u26c1,276.8,trial_0235_learning_rate=1.0e-03_history=10_kernel_sizes=10x3_conv_channels=256x128_fc_dims=256_seed0,2.83E+26,trial_0235_learning_rate=1.0e-03_history=10_kernel_sizes=10x3_conv_channels=256x128_fc_dims=256_seed0
/scratch/sb272/patterns5k_results/slurm_hist_cnn_2026-03-03_15-13-01/trial_0025_learning_rate=1.0e-04_history=10_kernel_sizes=10x3_conv_channels=256x128_fc_dims=256_seed1,cnn,0.170563738,0.121195813,0.006761091,0.00523267,0.108539708,0.12359289,417471,417471,50,0.506233413,10,TRUE,0.454568327,0.375173856,14,0.318552256,0.128568977,1,"[10, 3]","[256, 128]",[256],6842242,bb2u22c1,416.7,trial_0025_learning_rate=1.0e-04_history=10_kernel_sizes=10x3_conv_channels=256x128_fc_dims=256_seed1,86cf8f0abb,trial_0025_learning_rate=1.0e-04_history=10_kernel_sizes=10x3_conv_channels=256x128_fc_dims=256_seed1
/scratch/sb272/patterns5k_results/slurm_hist_cnn_2026-03-03_15-13-01/trial_0090_learning_rate=1.0e-04_history=5_kernel_sizes=10x5x3_conv_channels=256x128x64_fc_dims=256_seed2,cnn,0.167837084,0.129676714,0.018194335,0.001425128,0.08471249,0.12733593,491391,491391,50,0.506219842,5,TRUE,0.454568327,0.393457579,19,0.318552256,0.137957364,2,"[10, 5, 3]","[256, 128, 64]",[256],6842246,bb4u12c1,496.3,trial_0090_learning_rate=1.0e-04_history=5_kernel_sizes=10x5x3_conv_channels=256x128x64_fc_dims=256_seed2,bddcdd5914,trial_0090_learning_rate=1.0e-04_history=5_kernel_sizes=10x5x3_conv_channels=256x128x64_fc_dims=256_seed2
/scratch/sb272/patterns5k_results/slurm_hist_cnn_2026-03-03_15-13-01/trial_0023_learning_rate=1.0e-04_history=10_kernel_sizes=10_conv_channels=256_fc_dims=256_seed1,cnn,0.169216117,0.120083234,0.017853109,0.013333081,0.110521995,0.125448156,351551,351551,50,0.506120077,10,TRUE,0.454568327,0.393205369,17,0.318552256,0.12864314,1,[10],[256],[256],6842242,bb2u22c1,376.4,trial_0023_learning_rate=1.0e-04_history=10_kernel_sizes=10_conv_channels=256_fc_dims=256_seed1,1ae0378003,trial_0023_learning_rate=1.0e-04_history=10_kernel_sizes=10_conv_channels=256_fc_dims=256_seed1
/scratch/sb272/patterns5k_results/slurm_hist_cnn_2026-03-03_15-13-01/trial_0382_learning_rate=5.0e-03_history=20_kernel_sizes=10x3_conv_channels=256x128_fc_dims=256_seed1,cnn,0.169214582,0.128886077,0.016847421,0.013758867,0.122875832,0.13482586,417471,417471,18,0.505956512,20,TRUE,0.454568327,0.356030712,10,0.318552256,0.135336414,1,"[10, 3]","[256, 128]",[256],6851123,bb2u26c1,236.3,trial_0382_learning_rate=5.0e-03_history=20_kernel_sizes=10x3_conv_channels=256x128_fc_dims=256_seed1,9ff60b8641,trial_0382_learning_rate=5.0e-03_history=20_kernel_sizes=10x3_conv_channels=256x128_fc_dims=256_seed1
/scratch/sb272/patterns5k_results/slurm_hist_cnn_2026-03-03_15-13-01/trial_0305_learning_rate=1.0e-03_history=10_kernel_sizes=10x3_conv_channels=256x128_fc_dims=256_seed2,cnn,0.168894698,0.131074127,0.014021036,0.007792654,0.112049155,0.134204551,417471,417471,23,0.505907008,10,TRUE,0.454568327,0.386004923,11,0.318552256,0.139743343,1,"[10, 3]","[256, 128]",[256],6842259,bc12u15n3,486.8,trial_0305_learning_rate=1.0e-03_history=10_kernel_sizes=10x3_conv_channels=256x128_fc_dims=256_seed2,d68bc24ff1,trial_0305_learning_rate=1.0e-03_history=10_kernel_sizes=10x3_conv_channels=256x128_fc_dims=256_seed2
/scratch/sb272/patterns5k_results/slurm_hist_cnn_2026-03-03_15-13-01/trial_0093_learning_rate=1.0e-04_history=10_kernel_sizes=10_conv_channels=256_fc_dims=256_seed0,cnn,0.16925755,0.121225335,0.017978329,0.013658672,0.11249432,0.125930043,351551,351551,50,0.505164784,10,TRUE,0.454568327,0.381681481,15,0.318552256,0.130063608,1,[10],[256],[256],6842246,bb4u12c1,387.9,trial_0093_learning_rate=1.0e-04_history=10_kernel_sizes=10_conv_channels=256_fc_dims=256_seed0,78ea087623,trial_0093_learning_rate=1.0e-04_history=10_kernel_sizes=10_conv_channels=256_fc_dims=256_seed0
/scratch/sb272/patterns5k_results/slurm_hist_cnn_2026-03-03_15-13-01/trial_0129_learning_rate=5.0e-04_history=10_kernel_sizes=20_conv_channels=256_fc_dims=256_seed2,cnn,0.170738504,0.124470822,0.017481054,0.01108522,0.113580815,0.122967363,620351,620351,31,0.504816965,10,TRUE,0.454568327,0.396062577,17,0.318552256,0.134615019,1,[20],[256],[256],6842248,bb4u21c1,365.8,trial_0129_learning_rate=5.0e-04_history=10_kernel_sizes=20_conv_channels=256_fc_dims=256_seed2,eeef439380,trial_0129_learning_rate=5.0e-04_history=10_kernel_sizes=20_conv_channels=256_fc_dims=256_seed2
/scratch/sb272/patterns5k_results/slurm_hist_cnn_2026-03-03_15-13-01/trial_0410_learning_rate=5.0e-03_history=10_kernel_sizes=10x3_conv_channels=256x128_fc_dims=256_seed0,cnn,0.168190428,0.134602058,0.018956923,0.012648319,0.116367079,0.140798281,417471,417471,18,0.504791926,10,TRUE,0.454568327,0.374613099,9,0.318552256,0.142479524,1,"[10, 3]","[256, 128]",[256],6853982,bb5u23c1,226.2,trial_0410_learning_rate=5.0e-03_history=10_kernel_sizes=10x3_conv_channels=256x128_fc_dims=256_seed0,43d9471f0a,trial_0410_learning_rate=5.0e-03_history=10_kernel_sizes=10x3_conv_channels=256x128_fc_dims=256_seed0
/scratch/sb272/patterns5k_results/slurm_hist_cnn_2026-03-03_15-13-01/trial_0022_learning_rate=1.0e-04_history=10_kernel_sizes=5_conv_channels=256_fc_dims=256_seed0,cnn,0.169314105,0.118382614,0.01776674,0.014823469,0.112763658,0.12778494,217151,217151,50,0.504135053,10,TRUE,0.454568327,0.363643883,12,0.318552256,0.125506267,1,[5],[256],[256],6842242,bb2u22c1,331.2,trial_0022_learning_rate=1.0e-04_history=10_kernel_sizes=5_conv_channels=256_fc_dims=256_seed0,92a2119c76,trial_0022_learning_rate=1.0e-04_history=10_kernel_sizes=5_conv_channels=256_fc_dims=256_seed0
/scratch/sb272/patterns5k_results/slurm_hist_cnn_2026-03-03_15-13-01/trial_0383_learning_rate=5.0e-03_history=20_kernel_sizes=10x5_conv_channels=256x128_fc_dims=256_seed2,cnn,0.170796981,0.129659572,0.010889939,0.006766548,0.120251842,0.128905674,483007,483007,19,0.504015973,20,TRUE,0.454568327,0.35054756,12,0.318552256,0.135506198,1,"[10, 5]","[256, 128]",[256],6851187,bb5u25c1,248.1,trial_0383_learning_rate=5.0e-03_history=20_kernel_sizes=10x5_conv_channels=256x128_fc_dims=256_seed2,9a2b604942,trial_0383_learning_rate=5.0e-03_history=20_kernel_sizes=10x5_conv_channels=256x128_fc_dims=256_seed2
/scratch/sb272/patterns5k_results/slurm_hist_cnn_2026-03-03_15-13-01/trial_0202_learning_rate=5.0e-04_history=10_kernel_sizes=10x5x3_conv_channels=256x128x64_fc_dims=256_seed1,cnn,0.169606316,0.123727411,0.016035784,0.006889364,0.09755265,0.125343655,491391,491391,26,0.503896931,10,TRUE,0.454568327,0.379484757,14,0.318552256,0.132297188,1,"[10, 5, 3]","[256, 128, 64]",[256],6842253,bb5u25c1,293,trial_0202_learning_rate=5.0e-04_history=10_kernel_sizes=10x5x3_conv_channels=256x128x64_fc_dims=256_seed1,fca321d7f3,trial_0202_learning_rate=5.0e-04_history=10_kernel_sizes=10x5x3_conv_channels=256x128x64_fc_dims=256_seed1
/scratch/sb272/patterns5k_results/slurm_hist_cnn_2026-03-03_15-13-01/trial_0199_learning_rate=5.0e-04_history=10_kernel_sizes=20_conv_channels=256_fc_dims=256_seed2,cnn,0.17116976,0.121642638,0.016364924,0.010243913,0.110887893,0.124071131,620351,620351,31,0.503867852,10,TRUE,0.454568327,0.393047845,16,0.318552256,0.132381812,1,[20],[256],[256],6842252,bb5u23c1,348.9,trial_0199_learning_rate=5.0e-04_history=10_kernel_sizes=20_conv_channels=256_fc_dims=256_seed2,c7cd7c50e9,trial_0199_learning_rate=5.0e-04_history=10_kernel_sizes=20_conv_channels=256_fc_dims=256_seed2
/scratch/sb272/patterns5k_results/slurm_hist_cnn_2026-03-03_15-13-01/trial_0134_learning_rate=5.0e-04_history=20_kernel_sizes=5_conv_channels=256_fc_dims=256_seed1,cnn,0.169002063,0.129019349,0.020934689,0.020412808,0.130683959,0.134843031,217151,217151,41,0.503854354,20,TRUE,0.454568327,0.373682721,8,0.318552256,0.135956198,1,[5],[256],[256],6842249,bb4u22c1,321.8,trial_0134_learning_rate=5.0e-04_history=20_kernel_sizes=5_conv_channels=256_fc_dims=256_seed1,f4860c890c,trial_0134_learning_rate=5.0e-04_history=20_kernel_sizes=5_conv_channels=256_fc_dims=256_seed1
/scratch/sb272/patterns5k_results/slurm_hist_cnn_2026-03-03_15-13-01/trial_0172_learning_rate=5.0e-04_history=20_kernel_sizes=10x3_conv_channels=256x128_fc_dims=256_seed2,cnn,0.171390626,0.122716597,0.0067457,0.006947921,0.119931705,0.121263394,417471,417471,31,0.503631927,20,TRUE,0.454568327,0.350175322,9,0.318552256,0.128878757,1,"[10, 3]","[256, 128]",[256],6842251,bb5u23c1,299.1,trial_0172_learning_rate=5.0e-04_history=20_kernel_sizes=10x3_conv_channels=256x128_fc_dims=256_seed2,43f5f0e7f4,trial_0172_learning_rate=5.0e-04_history=20_kernel_sizes=10x3_conv_channels=256x128_fc_dims=256_seed2
/scratch/sb272/patterns5k_results/slurm_hist_cnn_2026-03-03_15-13-01/trial_0345_learning_rate=5.0e-03_history=20_kernel_sizes=10_conv_channels=256_fc_dims=256_seed1,cnn,0.169624028,0.122673611,0.016767956,0.014931674,0.119891413,0.12985911,351551,351551,20,0.5036297,20,TRUE,0.454568327,0.376404343,10,0.318552256,0.129960909,1,[10],[256],[256],6850606,bb6u17g1,247.3,trial_0345_learning_rate=5.0e-03_history=20_kernel_sizes=10_conv_channels=256_fc_dims=256_seed1,314a54bf05,trial_0345_learning_rate=5.0e-03_history=20_kernel_sizes=10_conv_channels=256_fc_dims=256_seed1
/scratch/sb272/patterns5k_results/slurm_hist_cnn_2026-03-03_15-13-01/trial_0382_learning_rate=5.0e-03_history=20_kernel_sizes=10x3_conv_channels=256x128_fc_dims=256_seed0,cnn,0.170103545,0.127796669,0.015404692,0.012528365,0.12174052,0.130832301,417471,417471,20,0.503433648,20,TRUE,0.454568327,0.363103869,12,0.318552256,0.134655133,1,"[10, 3]","[256, 128]",[256],6851123,bb2u26c1,246.8,trial_0382_learning_rate=5.0e-03_history=20_kernel_sizes=10x3_conv_channels=256x128_fc_dims=256_seed0,9ff60b8641,trial_0382_learning_rate=5.0e-03_history=20_kernel_sizes=10x3_conv_channels=256x128_fc_dims=256_seed0
/scratch/sb272/patterns5k_results/slurm_hist_cnn_2026-03-03_15-13-01/trial_0165_learning_rate=5.0e-04_history=10_kernel_sizes=10x3_conv_channels=256x128_fc_dims=256_seed0,cnn,0.170476691,0.128737913,0.007232096,0.003962919,0.112283424,0.134744575,417471,417471,32,0.50311134,10,TRUE,0.454568327,0.375409107,13,0.318552256,0.135960311,1,"[10, 3]","[256, 128]",[256],6842250,bb5u20c1,363.4,trial_0165_learning_rate=5.0e-04_history=10_kernel_sizes=10x3_conv_channels=256x128_fc_dims=256_seed0,6b517467de,trial_0165_learning_rate=5.0e-04_history=10_kernel_sizes=10x3_conv_channels=256x128_fc_dims=256_seed0
/scratch/sb272/patterns5k_results/slurm_hist_cnn_2026-03-03_15-13-01/trial_0344_learning_rate=5.0e-03_history=20_kernel_sizes=5_conv_channels=256_fc_dims=256_seed0,cnn,0.169937987,0.127790872,0.017774163,0.017621901,0.126691714,0.133279771,217151,217151,19,0.503049086,20,TRUE,0.454568327,0.37244266,11,0.318552256,0.13518776,1,[5],[256],[256],6850606,bb6u17g1,228.6,trial_0344_learning_rate=5.0e-03_history=20_kernel_sizes=5_conv_channels=256_fc_dims=256_seed0,72fb89501e,trial_0344_learning_rate=5.0e-03_history=20_kernel_sizes=5_conv_channels=256_fc_dims=256_seed0
/scratch/sb272/patterns5k_results/slurm_hist_cnn_2026-03-03_15-13-01/trial_0342_learning_rate=5.0e-03_history=10_kernel_sizes=10x5x3_conv_channels=256x128x64_fc_dims=256_seed2,cnn,0.17130803,0.130337818,0.018590571,0.00647317,0.100175396,0.133806268,491391,491391,25,0.502876769,10,TRUE,0.454568327,0.369226837,12,0.318552256,0.1390986,2,"[10, 5, 3]","[256, 128, 64]",[256],6850606,bb6u17g1,311.1,trial_0342_learning_rate=5.0e-03_history=10_kernel_sizes=10x5x3_conv_channels=256x128x64_fc_dims=256_seed2,7318c51e7c,trial_0342_learning_rate=5.0e-03_history=10_kernel_sizes=10x5x3_conv_channels=256x128x64_fc_dims=256_seed2
/scratch/sb272/patterns5k_results/slurm_hist_cnn_2026-03-03_15-13-01/trial_0096_learning_rate=1.0e-04_history=10_kernel_sizes=10x5_conv_channels=256x128_fc_dims=256_seed1,cnn,0.170381518,0.121851296,0.007310337,0.003313884,0.10546416,0.122177511,483007,483007,50,0.502788035,10,TRUE,0.454568327,0.371610461,13,0.318552256,0.129306674,1,"[10, 5]","[256, 128]",[256],6842246,bb4u12c1,486.6,trial_0096_learning_rate=1.0e-04_history=10_kernel_sizes=10x5_conv_channels=256x128_fc_dims=256_seed1,2136731497,trial_0096_learning_rate=1.0e-04_history=10_kernel_sizes=10x5_conv_channels=256x128_fc_dims=256_seed1
/scratch/sb272/patterns5k_results/slurm_hist_cnn_2026-03-03_15-13-01/trial_0021_learning_rate=1.0e-04_history=10_kernel_sizes=3_conv_channels=256_fc_dims=256_seed2,cnn,0.169522584,0.118905332,0.017251738,0.015406595,0.114935167,0.1209209,163391,163391,50,0.502578885,10,TRUE,0.454568327,0.359508844,10,0.318552256,0.124858655,1,[3],[256],[256],6842242,bb2u22c1,309.1,trial_0021_learning_rate=1.0e-04_history=10_kernel_sizes=3_conv_channels=256_fc_dims=256_seed2,4eea245aa2,trial_0021_learning_rate=1.0e-04_history=10_kernel_sizes=3_conv_channels=256_fc_dims=256_seed2
/scratch/sb272/patterns5k_results/slurm_hist_cnn_2026-03-03_15-13-01/trial_0124_learning_rate=5.0e-04_history=5_kernel_sizes=10x5_conv_channels=256x128_fc_dims=256_seed1,cnn,0.169644716,0.137110199,0.006692791,-0.005529565,0.100986764,0.141510179,483007,483007,39,0.502393737,5,TRUE,0.454568327,0.386087562,14,0.318552256,0.145310953,2,"[10, 5]","[256, 128]",[256],6842248,bb4u21c1,391.7,trial_0124_learning_rate=5.0e-04_history=5_kernel_sizes=10x5_conv_channels=256x128_fc_dims=256_seed1,3a7bda87f0,trial_0124_learning_rate=5.0e-04_history=5_kernel_sizes=10x5_conv_channels=256x128_fc_dims=256_seed1
/scratch/sb272/patterns5k_results/slurm_hist_cnn_2026-03-03_15-13-01/trial_0408_learning_rate=5.0e-03_history=10_kernel_sizes=10_conv_channels=256_fc_dims=256_seed0,cnn,0.168134155,0.133893157,0.021388856,0.015814402,0.119969063,0.137611594,351551,351551,19,0.502170278,10,TRUE,0.454568327,0.378719864,13,0.318552256,0.141660005,2,[10],[256],[256],6853982,bb5u23c1,222.2,trial_0408_learning_rate=5.0e-03_history=10_kernel_sizes=10_conv_channels=256_fc_dims=256_seed0,0805762b17,trial_0408_learning_rate=5.0e-03_history=10_kernel_sizes=10_conv_channels=256_fc_dims=256_seed0
/scratch/sb272/patterns5k_results/slurm_hist_cnn_2026-03-03_15-13-01/trial_0416_learning_rate=5.0e-03_history=20_kernel_sizes=20_conv_channels=256_fc_dims=256_seed0,cnn,0.170038495,0.123921369,0.014638622,0.013926857,0.124048777,0.122452716,620351,620351,19,0.50207672,20,TRUE,0.454568327,0.375867045,12,0.318552256,0.132899612,1,[20],[256],[256],6853982,bb5u23c1,256.6,trial_0416_learning_rate=5.0e-03_history=20_kernel_sizes=20_conv_channels=256_fc_dims=256_seed0,7230b7576c,trial_0416_learning_rate=5.0e-03_history=20_kernel_sizes=20_conv_channels=256_fc_dims=256_seed0
/scratch/sb272/patterns5k_results/slurm_hist_cnn_2026-03-03_15-13-01/trial_0380_learning_rate=5.0e-03_history=20_kernel_sizes=10_conv_channels=256_fc_dims=256_seed0,cnn,0.168967212,0.124628871,0.018467211,0.015611655,0.120939821,0.127915578,351551,351551,17,0.502045471,20,TRUE,0.454568327,0.370015265,10,0.318552256,0.13193953,1,[10],[256],[256],6851123,bb2u26c1,219.6,trial_0380_learning_rate=5.0e-03_history=20_kernel_sizes=10_conv_channels=256_fc_dims=256_seed0,646683ee6e,trial_0380_learning_rate=5.0e-03_history=20_kernel_sizes=10_conv_channels=256_fc_dims=256_seed0
/scratch/sb272/patterns5k_results/slurm_hist_cnn_2026-03-03_15-13-01/trial_0164_learning_rate=5.0e-04_history=10_kernel_sizes=20_conv_channels=256_fc_dims=256_seed1,cnn,0.171253252,0.118986266,0.014317285,0.008849111,0.108225599,0.125123206,620351,620351,31,0.501859418,10,TRUE,0.454568327,0.392427924,15,0.318552256,0.128452376,1,[20],[256],[256],6842250,bb5u20c1,430.7,trial_0164_learning_rate=5.0e-04_history=10_kernel_sizes=20_conv_channels=256_fc_dims=256_seed1,6389b86f58,trial_0164_learning_rate=5.0e-04_history=10_kernel_sizes=20_conv_channels=256_fc_dims=256_seed1
/scratch/sb272/patterns5k_results/slurm_hist_cnn_2026-03-03_15-13-01/trial_0026_learning_rate=1.0e-04_history=10_kernel_sizes=10x5_conv_channels=256x128_fc_dims=256_seed1,cnn,0.170204958,0.121198518,0.009357895,0.007071669,0.10796164,0.119083979,483007,483007,50,0.501445175,10,TRUE,0.454568327,0.382926548,15,0.318552256,0.129216641,1,"[10, 5]","[256, 128]",[256],6842242,bb2u22c1,463.2,trial_0026_learning_rate=1.0e-04_history=10_kernel_sizes=10x5_conv_channels=256x128_fc_dims=256_seed1,74e276c963,trial_0026_learning_rate=1.0e-04_history=10_kernel_sizes=10x5_conv_channels=256x128_fc_dims=256_seed1
/scratch/sb272/patterns5k_results/slurm_hist_cnn_2026-03-03_15-13-01/trial_0412_learning_rate=5.0e-03_history=10_kernel_sizes=10x5x3_conv_channels=256x128x64_fc_dims=256_seed2,cnn,0.169599391,0.131028172,0.016793777,0.006587578,0.101545878,0.136781911,491391,491391,23,0.501408939,10,TRUE,0.454568327,0.3814471,16,0.318552256,0.140019059,2,"[10, 5, 3]","[256, 128, 64]",[256],6853982,bb5u23c1,272.4,trial_0412_learning_rate=5.0e-03_history=10_kernel_sizes=10x5x3_conv_channels=256x128x64_fc_dims=256_seed2,dbd135d613,trial_0412_learning_rate=5.0e-03_history=10_kernel_sizes=10x5x3_conv_channels=256x128x64_fc_dims=256_seed2
/scratch/sb272/patterns5k_results/slurm_hist_cnn_2026-03-03_15-13-01/trial_0208_learning_rate=5.0e-04_history=20_kernel_sizes=10x5_conv_channels=256x128_fc_dims=256_seed2,cnn,0.172411874,0.119213292,0.003693649,0.001522862,0.11907845,0.122488064,483007,483007,34,0.501362278,20,TRUE,0.454568327,0.346656445,11,0.318552256,0.125999391,1,"[10, 5]","[256, 128]",[256],6842253,bb5u25c1,325.6,trial_0208_learning_rate=5.0e-04_history=20_kernel_sizes=10x5_conv_channels=256x128_fc_dims=256_seed2,f914591d4e,trial_0208_learning_rate=5.0e-04_history=20_kernel_sizes=10x5_conv_channels=256x128_fc_dims=256_seed2
/scratch/sb272/patterns5k_results/slurm_hist_cnn_2026-03-03_15-13-01/trial_0414_learning_rate=5.0e-03_history=20_kernel_sizes=5_conv_channels=256_fc_dims=256_seed1,cnn,0.168945479,0.125410958,0.019649488,0.018012876,0.123824,0.132648636,217151,217151,19,0.501203603,20,TRUE,0.454568327,0.372134475,9,0.318552256,0.132495001,1,[5],[256],[256],6853982,bb5u23c1,204.3,trial_0414_learning_rate=5.0e-03_history=20_kernel_sizes=5_conv_channels=256_fc_dims=256_seed1,d688f0c1f8,trial_0414_learning_rate=5.0e-03_history=20_kernel_sizes=5_conv_channels=256_fc_dims=256_seed1
/scratch/sb272/patterns5k_results/slurm_hist_cnn_2026-03-03_15-13-01/trial_0025_learning_rate=1.0e-04_history=10_kernel_sizes=10x3_conv_channels=256x128_fc_dims=256_seed0,cnn,0.170015417,0.123865036,0.009779811,0.006552007,0.108586892,0.119599632,417471,417471,50,0.501019418,10,TRUE,0.454568327,0.381709736,14,0.318552256,0.131442532,1,"[10, 3]","[256, 128]",[256],6842242,bb2u22c1,414.4,trial_0025_learning_rate=1.0e-04_history=10_kernel_sizes=10x3_conv_channels=256x128_fc_dims=256_seed0,86cf8f0abb,trial_0025_learning_rate=1.0e-04_history=10_kernel_sizes=10x3_conv_channels=256x128_fc_dims=256_seed0
/scratch/sb272/patterns5k_results/slurm_hist_cnn_2026-03-03_15-13-01/trial_0167_learning_rate=5.0e-04_history=10_kernel_sizes=10x5x3_conv_channels=256x128x64_fc_dims=256_seed0,cnn,0.171987264,0.123564987,0.014311157,0.003111963,0.095082678,0.128021837,491391,491391,44,0.500845571,10,TRUE,0.454568327,0.373753385,13,0.318552256,0.131818324,1,"[10, 5, 3]","[256, 128, 64]",[256],6842251,bb5u23c1,411.4,trial_0167_learning_rate=5.0e-04_history=10_kernel_sizes=10x5x3_conv_channels=256x128x64_fc_dims=256_seed0,7e19309676,trial_0167_learning_rate=5.0e-04_history=10_kernel_sizes=10x5x3_conv_channels=256x128x64_fc_dims=256_seed0
/scratch/sb272/patterns5k_results/slurm_hist_cnn_2026-03-03_15-13-01/trial_0347_learning_rate=5.0e-03_history=20_kernel_sizes=10x3_conv_channels=256x128_fc_dims=256_seed0,cnn,0.17119981,0.126229109,0.009442262,0.006975658,0.122587889,0.130779519,417471,417471,17,0.500733818,20,TRUE,0.454568327,0.354705347,11,0.318552256,0.1323753,1,"[10, 3]","[256, 128]",[256],6850606,bb6u17g1,250.4,trial_0347_learning_rate=5.0e-03_history=20_kernel_sizes=10x3_conv_channels=256x128_fc_dims=256_seed0,8da3e2c5fb,trial_0347_learning_rate=5.0e-03_history=20_kernel_sizes=10x3_conv_channels=256x128_fc_dims=256_seed0
/scratch/sb272/patterns5k_results/slurm_hist_cnn_2026-03-03_15-13-01/trial_0369_learning_rate=5.0e-03_history=5_kernel_sizes=10x5_conv_channels=256x128_fc_dims=256_seed1,cnn,0.166300358,0.143116223,0.023899829,0.007721002,0.096252017,0.151257036,483007,483007,18,0.50055052,5,TRUE,0.454568327,0.392496095,16,0.318552256,0.15192093,2,"[10, 5]","[256, 128]",[256],6851123,bb2u26c1,252.7,trial_0369_learning_rate=5.0e-03_history=5_kernel_sizes=10x5_conv_channels=256x128_fc_dims=256_seed1,42e38596b9,trial_0369_learning_rate=5.0e-03_history=5_kernel_sizes=10x5_conv_channels=256x128_fc_dims=256_seed1
/scratch/sb272/patterns5k_results/slurm_hist_cnn_2026-03-03_15-13-01/trial_0060_learning_rate=1.0e-04_history=10_kernel_sizes=10x3_conv_channels=256x128_fc_dims=256_seed2,cnn,0.170917562,0.123613765,0.005683089,0.003890175,0.109161831,0.123961396,417471,417471,50,0.500430313,10,TRUE,0.454568327,0.380538533,12,0.318552256,0.131154239,1,"[10, 3]","[256, 128]",[256],6842244,bb3u12c1,457.4,trial_0060_learning_rate=1.0e-04_history=10_kernel_sizes=10x3_conv_channels=256x128_fc_dims=256_seed2,973039a568,trial_0060_learning_rate=1.0e-04_history=10_kernel_sizes=10x3_conv_channels=256x128_fc_dims=256_seed2
/scratch/sb272/patterns5k_results/slurm_hist_cnn_2026-03-03_15-13-01/trial_0137_learning_rate=5.0e-04_history=20_kernel_sizes=10x3_conv_channels=256x128_fc_dims=256_seed2,cnn,0.171832755,0.122835768,0.002444319,0.003131967,0.117696755,0.121780915,417471,417471,29,0.500216572,20,TRUE,0.454568327,0.362466143,9,0.318552256,0.129769653,1,"[10, 3]","[256, 128]",[256],6842249,bb4u22c1,342.5,trial_0137_learning_rate=5.0e-04_history=20_kernel_sizes=10x3_conv_channels=256x128_fc_dims=256_seed2,2dd6dcb212,trial_0137_learning_rate=5.0e-04_history=20_kernel_sizes=10x3_conv_channels=256x128_fc_dims=256_seed2
/scratch/sb272/patterns5k_results/slurm_hist_cnn_2026-03-03_15-13-01/trial_0417_learning_rate=5.0e-03_history=20_kernel_sizes=10x3_conv_channels=256x128_fc_dims=256_seed2,cnn,0.169196948,0.130040884,0.019171029,0.016185171,0.122893825,0.128164928,417471,417471,19,0.499846203,20,TRUE,0.454568327,0.368967057,12,0.318552256,0.137056351,1,"[10, 3]","[256, 128]",[256],6837009,bb4u21c1,249.7,trial_0417_learning_rate=5.0e-03_history=20_kernel_sizes=10x3_conv_channels=256x128_fc_dims=256_seed2,5d47ea409d,trial_0417_learning_rate=5.0e-03_history=20_kernel_sizes=10x3_conv_channels=256x128_fc_dims=256_seed2
/scratch/sb272/patterns5k_results/slurm_hist_cnn_2026-03-03_15-13-01/trial_0091_learning_rate=1.0e-04_history=10_kernel_sizes=3_conv_channels=256_fc_dims=256_seed1,cnn,0.169382889,0.119239464,0.017467611,0.015409961,0.115139253,0.124917274,163391,163391,50,0.499524366,10,TRUE,0.454568327,0.356698334,10,0.318552256,0.124999717,1,[3],[256],[256],6842246,bb4u12c1,313.6,trial_0091_learning_rate=1.0e-04_history=10_kernel_sizes=3_conv_channels=256_fc_dims=256_seed1,eafd270976,trial_0091_learning_rate=1.0e-04_history=10_kernel_sizes=3_conv_channels=256_fc_dims=256_seed1
/scratch/sb272/patterns5k_results/slurm_hist_cnn_2026-03-03_15-13-01/trial_0018_learning_rate=1.0e-04_history=5_kernel_sizes=10x3_conv_channels=256x128_fc_dims=256_seed2,cnn,0.169879483,0.128190007,0.008268097,0.003427407,0.106839307,0.126552255,417471,417471,50,0.498993039,5,TRUE,0.454568327,0.39255185,15,0.318552256,0.13553156,2,"[10, 3]","[256, 128]",[256],6842242,bb2u22c1,386,trial_0018_learning_rate=1.0e-04_history=5_kernel_sizes=10x3_conv_channels=256x128_fc_dims=256_seed2,3e56a8bd04,trial_0018_learning_rate=1.0e-04_history=5_kernel_sizes=10x3_conv_channels=256x128_fc_dims=256_seed2
/scratch/sb272/patterns5k_results/slurm_hist_cnn_2026-03-03_15-13-01/trial_0413_learning_rate=5.0e-03_history=20_kernel_sizes=3_conv_channels=256_fc_dims=256_seed0,cnn,0.169082733,0.129984227,0.020674109,0.019524297,0.128339365,0.131644665,163391,163391,20,0.49889619,20,TRUE,0.454568327,0.358411481,7,0.318552256,0.135033563,1,[3],[256],[256],6853982,bb5u23c1,192.9,trial_0413_learning_rate=5.0e-03_history=20_kernel_sizes=3_conv_channels=256_fc_dims=256_seed0,73fe97bc54,trial_0413_learning_rate=5.0e-03_history=20_kernel_sizes=3_conv_channels=256_fc_dims=256_seed0
/scratch/sb272/patterns5k_results/slurm_hist_cnn_2026-03-03_15-13-01/trial_0099_learning_rate=1.0e-04_history=20_kernel_sizes=5_conv_channels=256_fc_dims=256_seed1,cnn,0.169742244,0.119660954,0.01753789,0.016543351,0.119758852,0.126940868,217151,217151,50,0.498311535,20,TRUE,0.454568327,0.361465692,11,0.318552256,0.126813263,1,[5],[256],[256],6842246,bb4u12c1,330.9,trial_0099_learning_rate=1.0e-04_history=20_kernel_sizes=5_conv_channels=256_fc_dims=256_seed1,3e87519fa5,trial_0099_learning_rate=1.0e-04_history=20_kernel_sizes=5_conv_channels=256_fc_dims=256_seed1
/scratch/sb272/patterns5k_results/slurm_hist_cnn_2026-03-03_15-13-01/trial_0017_learning_rate=1.0e-04_history=5_kernel_sizes=20_conv_channels=256_fc_dims=256_seed1,cnn,0.170240549,0.120835718,0.017617121,0.008394304,0.104211748,0.123631011,620351,620351,50,0.498275253,5,TRUE,0.454568327,0.407933713,18,0.318552256,0.131438777,2,[20],[256],[256],6842242,bb2u22c1,465.1,trial_0017_learning_rate=1.0e-04_history=5_kernel_sizes=20_conv_channels=256_fc_dims=256_seed1,d823252a83,trial_0017_learning_rate=1.0e-04_history=5_kernel_sizes=20_conv_channels=256_fc_dims=256_seed1
/scratch/sb272/patterns5k_results/slurm_hist_cnn_2026-03-03_15-13-01/trial_0240_learning_rate=1.0e-03_history=20_kernel_sizes=10_conv_channels=256_fc_dims=256_seed1,cnn,0.170083613,0.121045484,0.014045328,0.013055168,0.120213844,0.129480896,351551,351551,27,0.498233248,20,TRUE,0.454568327,0.367137669,13,0.318552256,0.128719106,1,[10],[256],[256],6842255,bb5u26c1,269.1,trial_0240_learning_rate=1.0e-03_history=20_kernel_sizes=10_conv_channels=256_fc_dims=256_seed1,7e4295c619,trial_0240_learning_rate=1.0e-03_history=20_kernel_sizes=10_conv_channels=256_fc_dims=256_seed1
/scratch/sb272/patterns5k_results/slurm_hist_cnn_2026-03-03_15-13-01/trial_0278_learning_rate=1.0e-03_history=20_kernel_sizes=10x5_conv_channels=256x128_fc_dims=256_seed2,cnn,0.172030325,0.127499329,0.000663188,0.000365911,0.122320212,0.126766062,483007,483007,24,0.498120026,20,TRUE,0.454568327,0.352716745,10,0.318552256,0.135256082,1,"[10, 5]","[256, 128]",[256],6842257,bc12u15n1,450.4,trial_0278_learning_rate=1.0e-03_history=20_kernel_sizes=10x5_conv_channels=256x128_fc_dims=256_seed2,b7f0c96427,trial_0278_learning_rate=1.0e-03_history=20_kernel_sizes=10x5_conv_channels=256x128_fc_dims=256_seed2
/scratch/sb272/patterns5k_results/slurm_hist_cnn_2026-03-03_15-13-01/trial_0365_learning_rate=5.0e-03_history=5_kernel_sizes=5_conv_channels=256_fc_dims=256_seed1,cnn,0.168113183,0.135115041,0.019474584,0.015444964,0.122195952,0.142627799,217151,217151,20,0.497997019,5,TRUE,0.454568327,0.375248197,13,0.318552256,0.141833901,2,[5],[256],[256],6850941,bb5u25c1,203.3,trial_0365_learning_rate=5.0e-03_history=5_kernel_sizes=5_conv_channels=256_fc_dims=256_seed1,73525ec579,trial_0365_learning_rate=5.0e-03_history=5_kernel_sizes=5_conv_channels=256_fc_dims=256_seed1
/scratch/sb272/patterns5k_results/slurm_hist_cnn_2026-03-03_15-13-01/trial_0024_learning_rate=1.0e-04_history=10_kernel_sizes=20_conv_channels=256_fc_dims=256_seed2,cnn,0.170866369,0.116563259,0.016442683,0.01097556,0.109363727,0.114889549,620351,620351,50,0.497896048,10,TRUE,0.454568327,0.392598228,18,0.318552256,0.127033576,1,[20],[256],[256],6842242,bb2u22c1,485.4,trial_0024_learning_rate=1.0e-04_history=10_kernel_sizes=20_conv_channels=256_fc_dims=256_seed2,ee3ec47f5c,trial_0024_learning_rate=1.0e-04_history=10_kernel_sizes=20_conv_channels=256_fc_dims=256_seed2
/scratch/sb272/patterns5k_results/slurm_hist_cnn_2026-03-03_15-13-01/trial_0056_learning_rate=1.0e-04_history=10_kernel_sizes=3_conv_channels=256_fc_dims=256_seed2,cnn,0.169488932,0.119632332,0.017119177,0.01568997,0.11668577,0.120911872,163391,163391,50,0.497845022,10,TRUE,0.454568327,0.358706289,10,0.318552256,0.125356913,1,[3],[256],[256],6842244,bb3u12c1,306,trial_0056_learning_rate=1.0e-04_history=10_kernel_sizes=3_conv_channels=256_fc_dims=256_seed2,d81c65d931,trial_0056_learning_rate=1.0e-04_history=10_kernel_sizes=3_conv_channels=256_fc_dims=256_seed2
/scratch/sb272/patterns5k_results/slurm_hist_cnn_2026-03-03_15-13-01/trial_0307_learning_rate=1.0e-03_history=10_kernel_sizes=10x5x3_conv_channels=256x128x64_fc_dims=256_seed0,cnn,0.169074923,0.128560821,0.015678722,0.005862753,0.102381393,0.133080418,491391,491391,24,0.497791187,10,TRUE,0.454568327,0.362931321,12,0.318552256,0.136504933,1,"[10, 5, 3]","[256, 128, 64]",[256],6842259,bc12u15n3,536.3,trial_0307_learning_rate=1.0e-03_history=10_kernel_sizes=10x5x3_conv_channels=256x128x64_fc_dims=256_seed0,c04e1e74f7,trial_0307_learning_rate=1.0e-03_history=10_kernel_sizes=10x5x3_conv_channels=256x128x64_fc_dims=256_seed0
/scratch/sb272/patterns5k_results/slurm_hist_cnn_2026-03-03_15-13-01/trial_0199_learning_rate=5.0e-04_history=10_kernel_sizes=20_conv_channels=256_fc_dims=256_seed1,cnn,0.16984309,0.125878608,0.01790395,0.010798609,0.113423653,0.125789209,620351,620351,29,0.497621923,10,TRUE,0.454568327,0.395870284,16,0.318552256,0.136223152,1,[20],[256],[256],6842252,bb5u23c1,335.1,trial_0199_learning_rate=5.0e-04_history=10_kernel_sizes=20_conv_channels=256_fc_dims=256_seed1,c7cd7c50e9,trial_0199_learning_rate=5.0e-04_history=10_kernel_sizes=20_conv_channels=256_fc_dims=256_seed1
/scratch/sb272/patterns5k_results/slurm_hist_cnn_2026-03-03_15-13-01/trial_0029_learning_rate=1.0e-04_history=20_kernel_sizes=5_conv_channels=256_fc_dims=256_seed2,cnn,0.169337792,0.120624995,0.018267425,0.017100189,0.120318264,0.118533202,217151,217151,50,0.49753349,20,TRUE,0.454568327,0.36174179,11,0.318552256,0.127609417,1,[5],[256],[256],6842242,bb2u22c1,331.5,trial_0029_learning_rate=1.0e-04_history=20_kernel_sizes=5_conv_channels=256_fc_dims=256_seed2,ab886b791b,trial_0029_learning_rate=1.0e-04_history=20_kernel_sizes=5_conv_channels=256_fc_dims=256_seed2
/scratch/sb272/patterns5k_results/slurm_hist_cnn_2026-03-03_15-13-01/trial_0413_learning_rate=5.0e-03_history=20_kernel_sizes=3_conv_channels=256_fc_dims=256_seed2,cnn,0.169528878,0.129520106,0.01963004,0.019272482,0.130128652,0.126077548,163391,163391,22,0.497451898,20,TRUE,0.454568327,0.343108632,5,0.318552256,0.134313434,1,[3],[256],[256],6853982,bb5u23c1,201.5,trial_0413_learning_rate=5.0e-03_history=20_kernel_sizes=3_conv_channels=256_fc_dims=256_seed2,73fe97bc54,trial_0413_learning_rate=5.0e-03_history=20_kernel_sizes=3_conv_channels=256_fc_dims=256_seed2
/scratch/sb272/patterns5k_results/slurm_hist_cnn_2026-03-03_15-13-01/trial_0054_learning_rate=1.0e-04_history=5_kernel_sizes=10x5_conv_channels=256x128_fc_dims=256_seed2,cnn,0.169347306,0.124898602,0.010853028,0.004979656,0.102407329,0.125450991,483007,483007,50,0.497388706,5,TRUE,0.454568327,0.392518978,14,0.318552256,0.132961735,2,"[10, 5]","[256, 128]",[256],6842244,bb3u12c1,457.6,trial_0054_learning_rate=1.0e-04_history=5_kernel_sizes=10x5_conv_channels=256x128_fc_dims=256_seed2,a85a88a7b4,trial_0054_learning_rate=1.0e-04_history=5_kernel_sizes=10x5_conv_channels=256x128_fc_dims=256_seed2
/scratch/sb272/patterns5k_results/slurm_hist_cnn_2026-03-03_15-13-01/trial_0172_learning_rate=5.0e-04_history=20_kernel_sizes=10x3_conv_channels=256x128_fc_dims=256_seed1,cnn,0.172625778,0.119952622,-0.000122506,0.001727666,0.117607467,0.126112496,417471,417471,34,0.497125705,20,TRUE,0.454568327,0.352636213,10,0.318552256,0.126262799,1,"[10, 3]","[256, 128]",[256],6842251,bb5u23c1,313.1,trial_0172_learning_rate=5.0e-04_history=20_kernel_sizes=10x3_conv_channels=256x128_fc_dims=256_seed1,43f5f0e7f4,trial_0172_learning_rate=5.0e-04_history=20_kernel_sizes=10x3_conv_channels=256x128_fc_dims=256_seed1
/scratch/sb272/patterns5k_results/slurm_hist_cnn_2026-03-03_15-13-01/trial_0060_learning_rate=1.0e-04_history=10_kernel_sizes=10x3_conv_channels=256x128_fc_dims=256_seed0,cnn,0.171124249,0.123226276,0.005408638,0.003354364,0.108636566,0.121585371,417471,417471,50,0.496845406,10,TRUE,0.454568327,0.369770602,14,0.318552256,0.130238384,1,"[10, 3]","[256, 128]",[256],6842244,bb3u12c1,463.9,trial_0060_learning_rate=1.0e-04_history=10_kernel_sizes=10x3_conv_channels=256x128_fc_dims=256_seed0,973039a568,trial_0060_learning_rate=1.0e-04_history=10_kernel_sizes=10x3_conv_channels=256x128_fc_dims=256_seed0
/scratch/sb272/patterns5k_results/slurm_hist_cnn_2026-03-03_15-13-01/trial_0026_learning_rate=1.0e-04_history=10_kernel_sizes=10x5_conv_channels=256x128_fc_dims=256_seed2,cnn,0.170186124,0.117635928,0.009222486,0.005500618,0.103958651,0.115761776,483007,483007,50,0.496635033,10,TRUE,0.454568327,0.36356407,14,0.318552256,0.12509881,1,"[10, 5]","[256, 128]",[256],6842242,bb2u22c1,449.8,trial_0026_learning_rate=1.0e-04_history=10_kernel_sizes=10x5_conv_channels=256x128_fc_dims=256_seed2,74e276c963,trial_0026_learning_rate=1.0e-04_history=10_kernel_sizes=10x5_conv_channels=256x128_fc_dims=256_seed2
/scratch/sb272/patterns5k_results/slurm_hist_cnn_2026-03-03_15-13-01/trial_0099_learning_rate=1.0e-04_history=20_kernel_sizes=5_conv_channels=256_fc_dims=256_seed2,cnn,0.16945582,0.119422143,0.018216336,0.016645582,0.118772596,0.119219754,217151,217151,50,0.496362965,20,TRUE,0.454568327,0.360311204,9,0.318552256,0.12638776,1,[5],[256],[256],6842246,bb4u12c1,333.1,trial_0099_learning_rate=1.0e-04_history=20_kernel_sizes=5_conv_channels=256_fc_dims=256_seed2,3e87519fa5,trial_0099_learning_rate=1.0e-04_history=20_kernel_sizes=5_conv_channels=256_fc_dims=256_seed2
/scratch/sb272/patterns5k_results/slurm_hist_cnn_2026-03-03_15-13-01/trial_0020_learning_rate=1.0e-04_history=5_kernel_sizes=10x5x3_conv_channels=256x128x64_fc_dims=256_seed1,cnn,0.167980518,0.128069314,0.018354983,0.002238224,0.083365902,0.127879614,491391,491391,50,0.49618121,5,TRUE,0.454568327,0.388342439,19,0.318552256,0.135705233,2,"[10, 5, 3]","[256, 128, 64]",[256],6842242,bb2u22c1,472,trial_0020_learning_rate=1.0e-04_history=5_kernel_sizes=10x5x3_conv_channels=256x128x64_fc_dims=256_seed1,a0e99d86e3,trial_0020_learning_rate=1.0e-04_history=5_kernel_sizes=10x5x3_conv_channels=256x128x64_fc_dims=256_seed1
/scratch/sb272/patterns5k_results/slurm_hist_cnn_2026-03-03_15-13-01/trial_0242_learning_rate=1.0e-03_history=20_kernel_sizes=10x3_conv_channels=256x128_fc_dims=256_seed0,cnn,0.171027513,0.126102481,0.010222435,0.006031479,0.122228041,0.127414265,417471,417471,26,0.496081546,20,TRUE,0.454568327,0.351528316,10,0.318552256,0.132880941,1,"[10, 3]","[256, 128]",[256],6842255,bb5u26c1,285,trial_0242_learning_rate=1.0e-03_history=20_kernel_sizes=10x3_conv_channels=256x128_fc_dims=256_seed0,34154b0a95,trial_0242_learning_rate=1.0e-03_history=20_kernel_sizes=10x3_conv_channels=256x128_fc_dims=256_seed0
/scratch/sb272/patterns5k_results/slurm_hist_cnn_2026-03-03_15-13-01/trial_0017_learning_rate=1.0e-04_history=5_kernel_sizes=20_conv_channels=256_fc_dims=256_seed0,cnn,0.170576781,0.120433368,0.016881233,0.008369595,0.10581468,0.122592834,620351,620351,50,0.495936901,5,TRUE,0.454568327,0.408062616,17,0.318552256,0.130978465,2,[20],[256],[256],6842242,bb2u22c1,467.7,trial_0017_learning_rate=1.0e-04_history=5_kernel_sizes=20_conv_channels=256_fc_dims=256_seed0,d823252a83,trial_0017_learning_rate=1.0e-04_history=5_kernel_sizes=20_conv_channels=256_fc_dims=256_seed0
/scratch/sb272/patterns5k_results/slurm_hist_cnn_2026-03-03_15-13-01/trial_0380_learning_rate=5.0e-03_history=20_kernel_sizes=10_conv_channels=256_fc_dims=256_seed1,cnn,0.169160192,0.1231698,0.017331893,0.015480691,0.118947141,0.130288404,351551,351551,18,0.494654937,20,TRUE,0.454568327,0.370264397,12,0.318552256,0.130891189,1,[10],[256],[256],6851123,bb2u26c1,221.7,trial_0380_learning_rate=5.0e-03_history=20_kernel_sizes=10_conv_channels=256_fc_dims=256_seed1,646683ee6e,trial_0380_learning_rate=5.0e-03_history=20_kernel_sizes=10_conv_channels=256_fc_dims=256_seed1
/scratch/sb272/patterns5k_results/slurm_hist_cnn_2026-03-03_15-13-01/trial_0377_learning_rate=5.0e-03_history=10_kernel_sizes=10x5x3_conv_channels=256x128x64_fc_dims=256_seed0,cnn,0.167740698,0.129893813,0.017798955,0.008467642,0.100375757,0.135628827,491391,491391,18,0.494639097,10,TRUE,0.454568327,0.388374907,17,0.318552256,0.138109446,1,"[10, 5, 3]","[256, 128, 64]",[256],6851123,bb2u26c1,253.9,trial_0377_learning_rate=5.0e-03_history=10_kernel_sizes=10x5x3_conv_channels=256x128x64_fc_dims=256_seed0,96eab46411,trial_0377_learning_rate=5.0e-03_history=10_kernel_sizes=10x5x3_conv_channels=256x128x64_fc_dims=256_seed0
/scratch/sb272/patterns5k_results/slurm_hist_cnn_2026-03-03_15-13-01/trial_0415_learning_rate=5.0e-03_history=20_kernel_sizes=10_conv_channels=256_fc_dims=256_seed1,cnn,0.169516261,0.124150067,0.016928249,0.016065759,0.1226772,0.129453957,351551,351551,19,0.494475576,20,TRUE,0.454568327,0.368411087,12,0.318552256,0.131813854,1,[10],[256],[256],6853982,bb5u23c1,222.7,trial_0415_learning_rate=5.0e-03_history=20_kernel_sizes=10_conv_channels=256_fc_dims=256_seed1,c3aa302237,trial_0415_learning_rate=5.0e-03_history=20_kernel_sizes=10_conv_channels=256_fc_dims=256_seed1
/scratch/sb272/patterns5k_results/slurm_hist_cnn_2026-03-03_15-13-01/trial_0020_learning_rate=1.0e-04_history=5_kernel_sizes=10x5x3_conv_channels=256x128x64_fc_dims=256_seed2,cnn,0.168601248,0.125911197,0.017922303,0.002449375,0.084990084,0.122925948,491391,491391,50,0.494290749,5,TRUE,0.454568327,0.378428826,16,0.318552256,0.133743733,1,"[10, 5, 3]","[256, 128, 64]",[256],6842242,bb2u22c1,471.5,trial_0020_learning_rate=1.0e-04_history=5_kernel_sizes=10x5x3_conv_channels=256x128x64_fc_dims=256_seed2,a0e99d86e3,trial_0020_learning_rate=1.0e-04_history=5_kernel_sizes=10x5x3_conv_channels=256x128x64_fc_dims=256_seed2
/scratch/sb272/patterns5k_results/slurm_hist_cnn_2026-03-03_15-13-01/trial_0416_learning_rate=5.0e-03_history=20_kernel_sizes=20_conv_channels=256_fc_dims=256_seed1,cnn,0.169781038,0.122145335,0.015954033,0.014631192,0.121178232,0.126571004,620351,620351,18,0.494218638,20,TRUE,0.454568327,0.365790442,16,0.318552256,0.130856603,1,[20],[256],[256],6853982,bb5u23c1,252.6,trial_0416_learning_rate=5.0e-03_history=20_kernel_sizes=20_conv_channels=256_fc_dims=256_seed1,7230b7576c,trial_0416_learning_rate=5.0e-03_history=20_kernel_sizes=20_conv_channels=256_fc_dims=256_seed1
/scratch/sb272/patterns5k_results/slurm_hist_cnn_2026-03-03_15-13-01/trial_0018_learning_rate=1.0e-04_history=5_kernel_sizes=10x3_conv_channels=256x128_fc_dims=256_seed0,cnn,0.169990062,0.124650857,0.007552058,0.004919087,0.105221078,0.125283498,417471,417471,50,0.49396408,5,TRUE,0.454568327,0.38375007,15,0.318552256,0.132047221,1,"[10, 3]","[256, 128]",[256],6842242,bb2u22c1,393.3,trial_0018_learning_rate=1.0e-04_history=5_kernel_sizes=10x3_conv_channels=256x128_fc_dims=256_seed0,3e56a8bd04,trial_0018_learning_rate=1.0e-04_history=5_kernel_sizes=10x3_conv_channels=256x128_fc_dims=256_seed0
/scratch/sb272/patterns5k_results/slurm_hist_cnn_2026-03-03_15-13-01/trial_0064_learning_rate=1.0e-04_history=20_kernel_sizes=5_conv_channels=256_fc_dims=256_seed2,cnn,0.169524833,0.118205479,0.017879612,0.017065098,0.119385391,0.11825645,217151,217151,50,0.493702043,20,TRUE,0.454568327,0.359735049,8,0.318552256,0.125342295,1,[5],[256],[256],6842244,bb3u12c1,364,trial_0064_learning_rate=1.0e-04_history=20_kernel_sizes=5_conv_channels=256_fc_dims=256_seed2,e338112ad0,trial_0064_learning_rate=1.0e-04_history=20_kernel_sizes=5_conv_channels=256_fc_dims=256_seed2
/scratch/sb272/patterns5k_results/slurm_hist_cnn_2026-03-03_15-13-01/trial_0055_learning_rate=1.0e-04_history=5_kernel_sizes=10x5x3_conv_channels=256x128x64_fc_dims=256_seed1,cnn,0.16813321,0.126519426,0.018631465,0.001737849,0.082071483,0.128148099,491391,491391,50,0.493529797,5,TRUE,0.454568327,0.378443432,15,0.318552256,0.135250106,2,"[10, 5, 3]","[256, 128, 64]",[256],6842244,bb3u12c1,468.8,trial_0055_learning_rate=1.0e-04_history=5_kernel_sizes=10x5x3_conv_channels=256x128x64_fc_dims=256_seed1,d4da56cbfb,trial_0055_learning_rate=1.0e-04_history=5_kernel_sizes=10x5x3_conv_channels=256x128x64_fc_dims=256_seed1
/scratch/sb272/patterns5k_results/slurm_hist_cnn_2026-03-03_15-13-01/trial_0087_learning_rate=1.0e-04_history=5_kernel_sizes=20_conv_channels=256_fc_dims=256_seed2,cnn,0.170170307,0.119037093,0.016918139,0.007741317,0.102058522,0.118400755,620351,620351,50,0.492447999,5,TRUE,0.454568327,0.407339922,18,0.318552256,0.129666567,2,[20],[256],[256],6842246,bb4u12c1,455.4,trial_0087_learning_rate=1.0e-04_history=5_kernel_sizes=20_conv_channels=256_fc_dims=256_seed2,1936284a15,trial_0087_learning_rate=1.0e-04_history=5_kernel_sizes=20_conv_channels=256_fc_dims=256_seed2
/scratch/sb272/patterns5k_results/slurm_hist_cnn_2026-03-03_15-13-01/trial_0378_learning_rate=5.0e-03_history=20_kernel_sizes=3_conv_channels=256_fc_dims=256_seed1,cnn,0.169093707,0.127223623,0.020821349,0.019201277,0.125156999,0.133579036,163391,163391,21,0.492104934,20,TRUE,0.454568327,0.357966889,9,0.318552256,0.132339045,1,[3],[256],[256],6851123,bb2u26c1,206.5,trial_0378_learning_rate=5.0e-03_history=20_kernel_sizes=3_conv_channels=256_fc_dims=256_seed1,c8ef9c5c50,trial_0378_learning_rate=5.0e-03_history=20_kernel_sizes=3_conv_channels=256_fc_dims=256_seed1
/scratch/sb272/patterns5k_results/slurm_hist_cnn_2026-03-03_15-13-01/trial_0207_learning_rate=5.0e-04_history=20_kernel_sizes=10x3_conv_channels=256x128_fc_dims=256_seed2,cnn,0.171967774,0.119157388,0.005444212,0.004418901,0.115840822,0.120172194,417471,417471,33,0.491717636,20,TRUE,0.454568327,0.350521432,9,0.318552256,0.12580584,1,"[10, 3]","[256, 128]",[256],6842253,bb5u25c1,298.1,trial_0207_learning_rate=5.0e-04_history=20_kernel_sizes=10x3_conv_channels=256x128_fc_dims=256_seed2,106e77775d,trial_0207_learning_rate=5.0e-04_history=20_kernel_sizes=10x3_conv_channels=256x128_fc_dims=256_seed2
/scratch/sb272/patterns5k_results/slurm_hist_cnn_2026-03-03_15-13-01/trial_0208_learning_rate=5.0e-04_history=20_kernel_sizes=10x5_conv_channels=256x128_fc_dims=256_seed1,cnn,0.170680664,0.121636499,0.012307243,0.010257097,0.119602166,0.127398336,483007,483007,28,0.491351682,20,TRUE,0.454568327,0.34591536,10,0.318552256,0.128680259,1,"[10, 5]","[256, 128]",[256],6842253,bb5u25c1,294.3,trial_0208_learning_rate=5.0e-04_history=20_kernel_sizes=10x5_conv_channels=256x128_fc_dims=256_seed1,f914591d4e,trial_0208_learning_rate=5.0e-04_history=20_kernel_sizes=10x5_conv_channels=256x128_fc_dims=256_seed1
/scratch/sb272/patterns5k_results/slurm_hist_cnn_2026-03-03_15-13-01/trial_0415_learning_rate=5.0e-03_history=20_kernel_sizes=10_conv_channels=256_fc_dims=256_seed0,cnn,0.168965552,0.12590938,0.020025682,0.017964214,0.124353409,0.129853117,351551,351551,19,0.491295355,20,TRUE,0.454568327,0.368105642,10,0.318552256,0.133316249,1,[10],[256],[256],6853982,bb5u23c1,221.4,trial_0415_learning_rate=5.0e-03_history=20_kernel_sizes=10_conv_channels=256_fc_dims=256_seed0,c3aa302237,trial_0415_learning_rate=5.0e-03_history=20_kernel_sizes=10_conv_channels=256_fc_dims=256_seed0
/scratch/sb272/patterns5k_results/slurm_hist_cnn_2026-03-03_15-13-01/trial_0056_learning_rate=1.0e-04_history=10_kernel_sizes=3_conv_channels=256_fc_dims=256_seed1,cnn,0.169851489,0.113907403,0.016376204,0.014611051,0.109954424,0.123661586,163391,163391,50,0.49114104,10,TRUE,0.454568327,0.355195231,11,0.318552256,0.119979046,1,[3],[256],[256],6842244,bb3u12c1,306.6,trial_0056_learning_rate=1.0e-04_history=10_kernel_sizes=3_conv_channels=256_fc_dims=256_seed1,d81c65d931,trial_0056_learning_rate=1.0e-04_history=10_kernel_sizes=3_conv_channels=256_fc_dims=256_seed1
/scratch/sb272/patterns5k_results/slurm_hist_cnn_2026-03-03_15-13-01/trial_0100_learning_rate=1.0e-04_history=20_kernel_sizes=10_conv_channels=256_fc_dims=256_seed1,cnn,0.170211336,0.113614307,0.016058095,0.014387467,0.113544866,0.11962395,351551,351551,50,0.490817339,20,TRUE,0.454568327,0.356772233,10,0.318552256,0.121006161,1,[10],[256],[256],6842247,bb4u18c1,398.6,trial_0100_learning_rate=1.0e-04_history=20_kernel_sizes=10_conv_channels=256_fc_dims=256_seed1,ec08286a91,trial_0100_learning_rate=1.0e-04_history=20_kernel_sizes=10_conv_channels=256_fc_dims=256_seed1
/scratch/sb272/patterns5k_results/slurm_hist_cnn_2026-03-03_15-13-01/trial_0029_learning_rate=1.0e-04_history=20_kernel_sizes=5_conv_channels=256_fc_dims=256_seed0,cnn,0.169687263,0.117479543,0.017961106,0.016980911,0.11917381,0.123769136,217151,217151,50,0.49039317,20,TRUE,0.454568327,0.35988803,8,0.318552256,0.124394789,1,[5],[256],[256],6842242,bb2u22c1,331.7,trial_0029_learning_rate=1.0e-04_history=20_kernel_sizes=5_conv_channels=256_fc_dims=256_seed0,ab886b791b,trial_0029_learning_rate=1.0e-04_history=20_kernel_sizes=5_conv_channels=256_fc_dims=256_seed0
/scratch/sb272/patterns5k_results/slurm_hist_cnn_2026-03-03_15-13-01/trial_0241_learning_rate=1.0e-03_history=20_kernel_sizes=20_conv_channels=256_fc_dims=256_seed0,cnn,0.171666018,0.119455066,0.011809299,0.012646649,0.124039054,0.120592979,620351,620351,28,0.490390267,20,TRUE,0.454568327,0.363690646,11,0.318552256,0.128085688,1,[20],[256],[256],6842255,bb5u26c1,337,trial_0241_learning_rate=1.0e-03_history=20_kernel_sizes=20_conv_channels=256_fc_dims=256_seed0,b389514631,trial_0241_learning_rate=1.0e-03_history=20_kernel_sizes=20_conv_channels=256_fc_dims=256_seed0
/scratch/sb272/patterns5k_results/slurm_hist_cnn_2026-03-03_15-13-01/trial_0055_learning_rate=1.0e-04_history=5_kernel_sizes=10x5x3_conv_channels=256x128x64_fc_dims=256_seed0,cnn,0.168598864,0.125160166,0.017369173,0.002830608,0.085734032,0.126615178,491391,491391,50,0.490238631,5,TRUE,0.454568327,0.387726846,17,0.318552256,0.133687794,2,"[10, 5, 3]","[256, 128, 64]",[256],6842244,bb3u12c1,467.5,trial_0055_learning_rate=1.0e-04_history=5_kernel_sizes=10x5x3_conv_channels=256x128x64_fc_dims=256_seed0,d4da56cbfb,trial_0055_learning_rate=1.0e-04_history=5_kernel_sizes=10x5x3_conv_channels=256x128x64_fc_dims=256_seed0
/scratch/sb272/patterns5k_results/slurm_hist_cnn_2026-03-03_15-13-01/trial_0061_learning_rate=1.0e-04_history=10_kernel_sizes=10x5_conv_channels=256x128_fc_dims=256_seed0,cnn,0.170282193,0.122718587,0.008699658,0.007013793,0.109268777,0.121841235,483007,483007,50,0.489977521,10,TRUE,0.454568327,0.377252288,13,0.318552256,0.130776867,1,"[10, 5]","[256, 128]",[256],6842244,bb3u12c1,485.3,trial_0061_learning_rate=1.0e-04_history=10_kernel_sizes=10x5_conv_channels=256x128_fc_dims=256_seed0,7161e3cc4d,trial_0061_learning_rate=1.0e-04_history=10_kernel_sizes=10x5_conv_channels=256x128_fc_dims=256_seed0
/scratch/sb272/patterns5k_results/slurm_hist_cnn_2026-03-03_15-13-01/trial_0095_learning_rate=1.0e-04_history=10_kernel_sizes=10x3_conv_channels=256x128_fc_dims=256_seed1,cnn,0.170836198,0.120686531,0.005899333,0.002238451,0.105478354,0.123814714,417471,417471,50,0.489872366,10,TRUE,0.454568327,0.371832841,13,0.318552256,0.128088281,1,"[10, 3]","[256, 128]",[256],6842246,bb4u12c1,450.3,trial_0095_learning_rate=1.0e-04_history=10_kernel_sizes=10x3_conv_channels=256x128_fc_dims=256_seed1,7cb5db08ed,trial_0095_learning_rate=1.0e-04_history=10_kernel_sizes=10x3_conv_channels=256x128_fc_dims=256_seed1
/scratch/sb272/patterns5k_results/slurm_hist_cnn_2026-03-03_15-13-01/trial_0381_learning_rate=5.0e-03_history=20_kernel_sizes=20_conv_channels=256_fc_dims=256_seed0,cnn,0.169766719,0.126260961,0.019030293,0.015341939,0.123947248,0.126202714,620351,620351,17,0.489843637,20,TRUE,0.454568327,0.372455734,14,0.318552256,0.135488525,1,[20],[256],[256],6851123,bb2u26c1,257.3,trial_0381_learning_rate=5.0e-03_history=20_kernel_sizes=20_conv_channels=256_fc_dims=256_seed0,f9fcf5c889,trial_0381_learning_rate=5.0e-03_history=20_kernel_sizes=20_conv_channels=256_fc_dims=256_seed0
/scratch/sb272/patterns5k_results/slurm_hist_cnn_2026-03-03_15-13-01/trial_0064_learning_rate=1.0e-04_history=20_kernel_sizes=5_conv_channels=256_fc_dims=256_seed1,cnn,0.169674316,0.117095582,0.017849997,0.016274943,0.116876245,0.12528559,217151,217151,50,0.489296874,20,TRUE,0.454568327,0.355517577,8,0.318552256,0.123975739,1,[5],[256],[256],6842244,bb3u12c1,362.4,trial_0064_learning_rate=1.0e-04_history=20_kernel_sizes=5_conv_channels=256_fc_dims=256_seed1,e338112ad0,trial_0064_learning_rate=1.0e-04_history=20_kernel_sizes=5_conv_channels=256_fc_dims=256_seed1
/scratch/sb272/patterns5k_results/slurm_hist_cnn_2026-03-03_15-13-01/trial_0098_learning_rate=1.0e-04_history=20_kernel_sizes=3_conv_channels=256_fc_dims=256_seed1,cnn,0.169693396,0.11697556,0.01758425,0.016782656,0.118891142,0.123992117,163391,163391,50,0.489129678,20,TRUE,0.454568327,0.357828451,7,0.318552256,0.123260722,1,[3],[256],[256],6842246,bb4u12c1,318.7,trial_0098_learning_rate=1.0e-04_history=20_kernel_sizes=3_conv_channels=256_fc_dims=256_seed1,cae4ae2708,trial_0098_learning_rate=1.0e-04_history=20_kernel_sizes=3_conv_channels=256_fc_dims=256_seed1
/scratch/sb272/patterns5k_results/slurm_hist_cnn_2026-03-03_15-13-01/trial_0087_learning_rate=1.0e-04_history=5_kernel_sizes=20_conv_channels=256_fc_dims=256_seed0,cnn,0.170334152,0.119974124,0.016980885,0.008584554,0.104842648,0.121650345,620351,620351,50,0.488931794,5,TRUE,0.454568327,0.405934364,17,0.318552256,0.13016364,2,[20],[256],[256],6842246,bb4u12c1,452.4,trial_0087_learning_rate=1.0e-04_history=5_kernel_sizes=20_conv_channels=256_fc_dims=256_seed0,1936284a15,trial_0087_learning_rate=1.0e-04_history=5_kernel_sizes=20_conv_channels=256_fc_dims=256_seed0
/scratch/sb272/patterns5k_results/slurm_hist_cnn_2026-03-03_15-13-01/trial_0208_learning_rate=5.0e-04_history=20_kernel_sizes=10x5_conv_channels=256x128_fc_dims=256_seed0,cnn,0.172011228,0.122079953,0.003990594,0.002693004,0.119631,0.124201165,483007,483007,35,0.488621558,20,TRUE,0.454568327,0.346849669,10,0.318552256,0.129236504,1,"[10, 5]","[256, 128]",[256],6842253,bb5u25c1,327.4,trial_0208_learning_rate=5.0e-04_history=20_kernel_sizes=10x5_conv_channels=256x128_fc_dims=256_seed0,f914591d4e,trial_0208_learning_rate=5.0e-04_history=20_kernel_sizes=10x5_conv_channels=256x128_fc_dims=256_seed0
/scratch/sb272/patterns5k_results/slurm_hist_cnn_2026-03-03_15-13-01/trial_0052_learning_rate=1.0e-04_history=5_kernel_sizes=20_conv_channels=256_fc_dims=256_seed0,cnn,0.170311996,0.117560906,0.016621131,0.008605945,0.104056619,0.11977228,620351,620351,50,0.488464859,5,TRUE,0.454568327,0.408962184,19,0.318552256,0.128504395,1,[20],[256],[256],6842244,bb3u12c1,462.1,trial_0052_learning_rate=1.0e-04_history=5_kernel_sizes=20_conv_channels=256_fc_dims=256_seed0,17b8064083,trial_0052_learning_rate=1.0e-04_history=5_kernel_sizes=20_conv_channels=256_fc_dims=256_seed0
/scratch/sb272/patterns5k_results/slurm_hist_cnn_2026-03-03_15-13-01/trial_0412_learning_rate=5.0e-03_history=10_kernel_sizes=10x5x3_conv_channels=256x128x64_fc_dims=256_seed0,cnn,0.167513983,0.130886079,0.020000037,0.009968947,0.102752477,0.135085752,491391,491391,17,0.48824427,10,TRUE,0.454568327,0.366547143,13,0.318552256,0.138225347,2,"[10, 5, 3]","[256, 128, 64]",[256],6853982,bb5u23c1,236.3,trial_0412_learning_rate=5.0e-03_history=10_kernel_sizes=10x5x3_conv_channels=256x128x64_fc_dims=256_seed0,dbd135d613,trial_0412_learning_rate=5.0e-03_history=10_kernel_sizes=10x5x3_conv_channels=256x128x64_fc_dims=256_seed0
/scratch/sb272/patterns5k_results/slurm_hist_cnn_2026-03-03_15-13-01/trial_0375_learning_rate=5.0e-03_history=10_kernel_sizes=10x3_conv_channels=256x128_fc_dims=256_seed0,cnn,0.16881574,0.135425108,0.019000241,0.010039699,0.112244487,0.145822075,417471,417471,21,0.488204141,10,TRUE,0.454568327,0.365386922,9,0.318552256,0.142967597,2,"[10, 3]","[256, 128]",[256],6851123,bb2u26c1,250.7,trial_0375_learning_rate=5.0e-03_history=10_kernel_sizes=10x3_conv_channels=256x128_fc_dims=256_seed0,36dea4e9ec,trial_0375_learning_rate=5.0e-03_history=10_kernel_sizes=10x3_conv_channels=256x128_fc_dims=256_seed0
/scratch/sb272/patterns5k_results/slurm_hist_cnn_2026-03-03_15-13-01/trial_0055_learning_rate=1.0e-04_history=5_kernel_sizes=10x5x3_conv_channels=256x128x64_fc_dims=256_seed2,cnn,0.168329332,0.124805175,0.018016301,0.001398379,0.080972441,0.122326843,491391,491391,50,0.48798417,5,TRUE,0.454568327,0.385990769,17,0.318552256,0.13313809,2,"[10, 5, 3]","[256, 128, 64]",[256],6842244,bb3u12c1,468,trial_0055_learning_rate=1.0e-04_history=5_kernel_sizes=10x5x3_conv_channels=256x128x64_fc_dims=256_seed2,d4da56cbfb,trial_0055_learning_rate=1.0e-04_history=5_kernel_sizes=10x5x3_conv_channels=256x128x64_fc_dims=256_seed2
/scratch/sb272/patterns5k_results/slurm_hist_cnn_2026-03-03_15-13-01/trial_0062_learning_rate=1.0e-04_history=10_kernel_sizes=10x5x3_conv_channels=256x128x64_fc_dims=256_seed1,cnn,0.170262633,0.11449215,0.014125336,0.005965097,0.092410132,0.115546409,491391,491391,50,0.48792108,10,TRUE,0.454568327,0.366637722,15,0.318552256,0.122507006,1,"[10, 5, 3]","[256, 128, 64]",[256],6842244,bb3u12c1,538.6,trial_0062_learning_rate=1.0e-04_history=10_kernel_sizes=10x5x3_conv_channels=256x128x64_fc_dims=256_seed1,f0986672f2,trial_0062_learning_rate=1.0e-04_history=10_kernel_sizes=10x5x3_conv_channels=256x128x64_fc_dims=256_seed1
/scratch/sb272/patterns5k_results/slurm_hist_cnn_2026-03-03_15-13-01/trial_0064_learning_rate=1.0e-04_history=20_kernel_sizes=5_conv_channels=256_fc_dims=256_seed0,cnn,0.169559957,0.117702362,0.017294173,0.016115955,0.117332302,0.123917244,217151,217151,50,0.487912996,20,TRUE,0.454568327,0.362859713,10,0.318552256,0.124483921,1,[5],[256],[256],6842244,bb3u12c1,363.4,trial_0064_learning_rate=1.0e-04_history=20_kernel_sizes=5_conv_channels=256_fc_dims=256_seed0,e338112ad0,trial_0064_learning_rate=1.0e-04_history=20_kernel_sizes=5_conv_channels=256_fc_dims=256_seed0
/scratch/sb272/patterns5k_results/slurm_hist_cnn_2026-03-03_15-13-01/trial_0277_learning_rate=1.0e-03_history=20_kernel_sizes=10x3_conv_channels=256x128_fc_dims=256_seed0,cnn,0.171878418,0.123246717,0.005450963,0.004609606,0.120898612,0.126736575,417471,417471,28,0.487735313,20,TRUE,0.454568327,0.347231953,10,0.318552256,0.129915252,1,"[10, 3]","[256, 128]",[256],6842257,bc12u15n1,540.3,trial_0277_learning_rate=1.0e-03_history=20_kernel_sizes=10x3_conv_channels=256x128_fc_dims=256_seed0,a6422cd746,trial_0277_learning_rate=1.0e-03_history=20_kernel_sizes=10x3_conv_channels=256x128_fc_dims=256_seed0
/scratch/sb272/patterns5k_results/slurm_hist_cnn_2026-03-03_15-13-01/trial_0100_learning_rate=1.0e-04_history=20_kernel_sizes=10_conv_channels=256_fc_dims=256_seed2,cnn,0.17012048,0.115419146,0.01661817,0.014982166,0.11506848,0.110903992,351551,351551,50,0.487456736,20,TRUE,0.454568327,0.352733179,9,0.318552256,0.122634567,1,[10],[256],[256],6842247,bb4u18c1,388.9,trial_0100_learning_rate=1.0e-04_history=20_kernel_sizes=10_conv_channels=256_fc_dims=256_seed2,ec08286a91,trial_0100_learning_rate=1.0e-04_history=20_kernel_sizes=10_conv_channels=256_fc_dims=256_seed2
/scratch/sb272/patterns5k_results/slurm_hist_cnn_2026-03-03_15-13-01/trial_0129_learning_rate=5.0e-04_history=10_kernel_sizes=20_conv_channels=256_fc_dims=256_seed1,cnn,0.170874444,0.124433791,0.017815474,0.011138573,0.113399483,0.126991792,620351,620351,31,0.487415026,10,TRUE,0.454568327,0.386113325,15,0.318552256,0.134831533,1,[20],[256],[256],6842248,bb4u21c1,366.3,trial_0129_learning_rate=5.0e-04_history=10_kernel_sizes=20_conv_channels=256_fc_dims=256_seed1,eeef439380,trial_0129_learning_rate=5.0e-04_history=10_kernel_sizes=20_conv_channels=256_fc_dims=256_seed1
/scratch/sb272/patterns5k_results/slurm_hist_cnn_2026-03-03_15-13-01/trial_0379_learning_rate=5.0e-03_history=20_kernel_sizes=5_conv_channels=256_fc_dims=256_seed0,cnn,0.169509879,0.124685438,0.019313317,0.018238315,0.123784959,0.133873736,217151,217151,21,0.48711968,20,TRUE,0.454568327,0.351857563,8,0.318552256,0.130544335,1,[5],[256],[256],6851123,bb2u26c1,218.1,trial_0379_learning_rate=5.0e-03_history=20_kernel_sizes=5_conv_channels=256_fc_dims=256_seed0,fc2d2c2813,trial_0379_learning_rate=5.0e-03_history=20_kernel_sizes=5_conv_channels=256_fc_dims=256_seed0
/scratch/sb272/patterns5k_results/slurm_hist_cnn_2026-03-03_15-13-01/trial_0312_learning_rate=1.0e-03_history=20_kernel_sizes=10x3_conv_channels=256x128_fc_dims=256_seed2,cnn,0.171646091,0.12285179,0.005863889,0.004095326,0.117569633,0.125565719,417471,417471,26,0.487102234,20,TRUE,0.454568327,0.346873203,9,0.318552256,0.129330605,1,"[10, 3]","[256, 128]",[256],6842259,bc12u15n3,535.5,trial_0312_learning_rate=1.0e-03_history=20_kernel_sizes=10x3_conv_channels=256x128_fc_dims=256_seed2,9cfbc57dd5,trial_0312_learning_rate=1.0e-03_history=20_kernel_sizes=10x3_conv_channels=256x128_fc_dims=256_seed2
/scratch/sb272/patterns5k_results/slurm_hist_cnn_2026-03-03_15-13-01/trial_0344_learning_rate=5.0e-03_history=20_kernel_sizes=5_conv_channels=256_fc_dims=256_seed1,cnn,0.1691952,0.127595606,0.01976502,0.018939084,0.127196223,0.136483848,217151,217151,21,0.487028379,20,TRUE,0.454568327,0.363179453,8,0.318552256,0.133996531,1,[5],[256],[256],6850606,bb6u17g1,235.3,trial_0344_learning_rate=5.0e-03_history=20_kernel_sizes=5_conv_channels=256_fc_dims=256_seed1,72fb89501e,trial_0344_learning_rate=5.0e-03_history=20_kernel_sizes=5_conv_channels=256_fc_dims=256_seed1
/scratch/sb272/patterns5k_results/slurm_hist_cnn_2026-03-03_15-13-01/trial_0243_learning_rate=1.0e-03_history=20_kernel_sizes=10x5_conv_channels=256x128_fc_dims=256_seed0,cnn,0.169936474,0.128593377,0.011834951,0.010289418,0.124860421,0.12679756,483007,483007,23,0.486841075,20,TRUE,0.454568327,0.358687229,11,0.318552256,0.135838017,1,"[10, 5]","[256, 128]",[256],6842255,bb5u26c1,280.2,trial_0243_learning_rate=1.0e-03_history=20_kernel_sizes=10x5_conv_channels=256x128_fc_dims=256_seed0,755646e613,trial_0243_learning_rate=1.0e-03_history=20_kernel_sizes=10x5_conv_channels=256x128_fc_dims=256_seed0
/scratch/sb272/patterns5k_results/slurm_hist_cnn_2026-03-03_15-13-01/trial_0381_learning_rate=5.0e-03_history=20_kernel_sizes=20_conv_channels=256_fc_dims=256_seed1,cnn,0.169272466,0.12578162,0.017136651,0.015810572,0.124697149,0.127052263,620351,620351,17,0.486205409,20,TRUE,0.454568327,0.370491369,13,0.318552256,0.135496721,1,[20],[256],[256],6851123,bb2u26c1,251.9,trial_0381_learning_rate=5.0e-03_history=20_kernel_sizes=20_conv_channels=256_fc_dims=256_seed1,f9fcf5c889,trial_0381_learning_rate=5.0e-03_history=20_kernel_sizes=20_conv_channels=256_fc_dims=256_seed1
/scratch/sb272/patterns5k_results/slurm_hist_cnn_2026-03-03_15-13-01/trial_0377_learning_rate=5.0e-03_history=10_kernel_sizes=10x5x3_conv_channels=256x128x64_fc_dims=256_seed2,cnn,0.16790947,0.131312542,0.017565014,0.008258123,0.103027612,0.135890522,491391,491391,18,0.485969009,10,TRUE,0.454568327,0.373321738,13,0.318552256,0.139277548,1,"[10, 5, 3]","[256, 128, 64]",[256],6851123,bb2u26c1,254.9,trial_0377_learning_rate=5.0e-03_history=10_kernel_sizes=10x5x3_conv_channels=256x128x64_fc_dims=256_seed2,96eab46411,trial_0377_learning_rate=5.0e-03_history=10_kernel_sizes=10x5x3_conv_channels=256x128x64_fc_dims=256_seed2
/scratch/sb272/patterns5k_results/slurm_hist_cnn_2026-03-03_15-13-01/trial_0311_learning_rate=1.0e-03_history=20_kernel_sizes=20_conv_channels=256_fc_dims=256_seed0,cnn,0.171904468,0.121652522,0.013798224,0.013960574,0.128741577,0.123586825,620351,620351,30,0.485829898,20,TRUE,0.454568327,0.359670586,12,0.318552256,0.130218342,1,[20],[256],[256],6842259,bc12u15n3,645.6,trial_0311_learning_rate=1.0e-03_history=20_kernel_sizes=20_conv_channels=256_fc_dims=256_seed0,1584dcfd96,trial_0311_learning_rate=1.0e-03_history=20_kernel_sizes=20_conv_channels=256_fc_dims=256_seed0
/scratch/sb272/patterns5k_results/slurm_hist_cnn_2026-03-03_15-13-01/trial_0371_learning_rate=5.0e-03_history=10_kernel_sizes=3_conv_channels=256_fc_dims=256_seed1,cnn,0.168600494,0.131539654,0.021228155,0.018450891,0.125521809,0.134376134,163391,163391,20,0.485298535,10,TRUE,0.454568327,0.316525466,8,0.318552256,0.136741072,1,[3],[256],[256],6851123,bb2u26c1,207.6,trial_0371_learning_rate=5.0e-03_history=10_kernel_sizes=3_conv_channels=256_fc_dims=256_seed1,5f9cd0a96f,trial_0371_learning_rate=5.0e-03_history=10_kernel_sizes=3_conv_channels=256_fc_dims=256_seed1
/scratch/sb272/patterns5k_results/slurm_hist_cnn_2026-03-03_15-13-01/trial_0020_learning_rate=1.0e-04_history=5_kernel_sizes=10x5x3_conv_channels=256x128x64_fc_dims=256_seed0,cnn,0.168585376,0.12379245,0.017424395,0.001622098,0.081919797,0.125997199,491391,491391,50,0.485159473,5,TRUE,0.454568327,0.381482637,16,0.318552256,0.13237673,2,"[10, 5, 3]","[256, 128, 64]",[256],6842242,bb2u22c1,473.9,trial_0020_learning_rate=1.0e-04_history=5_kernel_sizes=10x5x3_conv_channels=256x128x64_fc_dims=256_seed0,a0e99d86e3,trial_0020_learning_rate=1.0e-04_history=5_kernel_sizes=10x5x3_conv_channels=256x128x64_fc_dims=256_seed0
/scratch/sb272/patterns5k_results/slurm_hist_cnn_2026-03-03_15-13-01/trial_0242_learning_rate=1.0e-03_history=20_kernel_sizes=10x3_conv_channels=256x128_fc_dims=256_seed1,cnn,0.171274446,0.121208706,0.007139206,0.005477424,0.117201768,0.128726966,417471,417471,25,0.485025571,20,TRUE,0.454568327,0.343409413,11,0.318552256,0.128452539,1,"[10, 3]","[256, 128]",[256],6842255,bb5u26c1,282.3,trial_0242_learning_rate=1.0e-03_history=20_kernel_sizes=10x3_conv_channels=256x128_fc_dims=256_seed1,34154b0a95,trial_0242_learning_rate=1.0e-03_history=20_kernel_sizes=10x3_conv_channels=256x128_fc_dims=256_seed1
/scratch/sb272/patterns5k_results/slurm_hist_cnn_2026-03-03_15-13-01/trial_0278_learning_rate=1.0e-03_history=20_kernel_sizes=10x5_conv_channels=256x128_fc_dims=256_seed1,cnn,0.170489014,0.12595675,0.016500776,0.013946705,0.1229188,0.128984207,483007,483007,27,0.484871755,20,TRUE,0.454568327,0.344887185,10,0.318552256,0.13330999,1,"[10, 5]","[256, 128]",[256],6842257,bc12u15n1,493,trial_0278_learning_rate=1.0e-03_history=20_kernel_sizes=10x5_conv_channels=256x128_fc_dims=256_seed1,b7f0c96427,trial_0278_learning_rate=1.0e-03_history=20_kernel_sizes=10x5_conv_channels=256x128_fc_dims=256_seed1
/scratch/sb272/patterns5k_results/slurm_hist_cnn_2026-03-03_15-13-01/trial_0417_learning_rate=5.0e-03_history=20_kernel_sizes=10x3_conv_channels=256x128_fc_dims=256_seed1,cnn,0.168989776,0.128412397,0.020227364,0.016633458,0.121127591,0.134462075,417471,417471,16,0.484800447,20,TRUE,0.454568327,0.352419555,10,0.318552256,0.13405481,1,"[10, 3]","[256, 128]",[256],6837009,bb4u21c1,233.8,trial_0417_learning_rate=5.0e-03_history=20_kernel_sizes=10x3_conv_channels=256x128_fc_dims=256_seed1,5d47ea409d,trial_0417_learning_rate=5.0e-03_history=20_kernel_sizes=10x3_conv_channels=256x128_fc_dims=256_seed1
/scratch/sb272/patterns5k_results/slurm_hist_cnn_2026-03-03_15-13-01/trial_0063_learning_rate=1.0e-04_history=20_kernel_sizes=3_conv_channels=256_fc_dims=256_seed0,cnn,0.169573438,0.118011343,0.018218431,0.017311092,0.120162852,0.122287681,163391,163391,50,0.484671224,20,TRUE,0.454568327,0.352769651,9,0.318552256,0.12427485,1,[3],[256],[256],6842244,bb3u12c1,341.8,trial_0063_learning_rate=1.0e-04_history=20_kernel_sizes=3_conv_channels=256_fc_dims=256_seed0,081f13ec4f,trial_0063_learning_rate=1.0e-04_history=20_kernel_sizes=3_conv_channels=256_fc_dims=256_seed0
/scratch/sb272/patterns5k_results/slurm_hist_cnn_2026-03-03_15-13-01/trial_0347_learning_rate=5.0e-03_history=20_kernel_sizes=10x3_conv_channels=256x128_fc_dims=256_seed2,cnn,0.170290471,0.132200905,0.010936617,0.008863605,0.126933277,0.131204274,417471,417471,19,0.484299241,20,TRUE,0.454568327,0.347877727,10,0.318552256,0.138696447,1,"[10, 3]","[256, 128]",[256],6850606,bb6u17g1,257,trial_0347_learning_rate=5.0e-03_history=20_kernel_sizes=10x3_conv_channels=256x128_fc_dims=256_seed2,8da3e2c5fb,trial_0347_learning_rate=5.0e-03_history=20_kernel_sizes=10x3_conv_channels=256x128_fc_dims=256_seed2
/scratch/sb272/patterns5k_results/slurm_hist_cnn_2026-03-03_15-13-01/trial_0087_learning_rate=1.0e-04_history=5_kernel_sizes=20_conv_channels=256_fc_dims=256_seed1,cnn,0.170444862,0.119225988,0.016628042,0.007341972,0.100922257,0.122304167,620351,620351,50,0.484212388,5,TRUE,0.454568327,0.406033445,17,0.318552256,0.129426852,2,[20],[256],[256],6842246,bb4u12c1,453.8,trial_0087_learning_rate=1.0e-04_history=5_kernel_sizes=20_conv_channels=256_fc_dims=256_seed1,1936284a15,trial_0087_learning_rate=1.0e-04_history=5_kernel_sizes=20_conv_channels=256_fc_dims=256_seed1
/scratch/sb272/patterns5k_results/slurm_hist_cnn_2026-03-03_15-13-01/trial_0200_learning_rate=5.0e-04_history=10_kernel_sizes=10x3_conv_channels=256x128_fc_dims=256_seed0,cnn,0.170281371,0.128653912,0.007056425,0.003139291,0.110820301,0.131702404,417471,417471,34,0.484060605,10,TRUE,0.454568327,0.364712438,11,0.318552256,0.135573477,1,"[10, 3]","[256, 128]",[256],6842253,bb5u25c1,312.3,trial_0200_learning_rate=5.0e-04_history=10_kernel_sizes=10x3_conv_channels=256x128_fc_dims=256_seed0,92e3622699,trial_0200_learning_rate=5.0e-04_history=10_kernel_sizes=10x3_conv_channels=256x128_fc_dims=256_seed0
/scratch/sb272/patterns5k_results/slurm_hist_cnn_2026-03-03_15-13-01/trial_0095_learning_rate=1.0e-04_history=10_kernel_sizes=10x3_conv_channels=256x128_fc_dims=256_seed2,cnn,0.171376647,0.118815481,0.003614077,0.002480385,0.106277257,0.120438631,417471,417471,50,0.483959262,10,TRUE,0.454568327,0.359523514,12,0.318552256,0.125479475,1,"[10, 3]","[256, 128]",[256],6842246,bb4u12c1,428.4,trial_0095_learning_rate=1.0e-04_history=10_kernel_sizes=10x3_conv_channels=256x128_fc_dims=256_seed2,7cb5db08ed,trial_0095_learning_rate=1.0e-04_history=10_kernel_sizes=10x3_conv_channels=256x128_fc_dims=256_seed2
/scratch/sb272/patterns5k_results/slurm_hist_cnn_2026-03-03_15-13-01/trial_0347_learning_rate=5.0e-03_history=20_kernel_sizes=10x3_conv_channels=256x128_fc_dims=256_seed1,cnn,0.169933005,0.128454612,0.01408368,0.008958226,0.123821452,0.13294053,417471,417471,20,0.483127125,20,TRUE,0.454568327,0.342763403,10,0.318552256,0.134799227,1,"[10, 3]","[256, 128]",[256],6850606,bb6u17g1,268.8,trial_0347_learning_rate=5.0e-03_history=20_kernel_sizes=10x3_conv_channels=256x128_fc_dims=256_seed1,8da3e2c5fb,trial_0347_learning_rate=5.0e-03_history=20_kernel_sizes=10x3_conv_channels=256x128_fc_dims=256_seed1
/scratch/sb272/patterns5k_results/slurm_hist_cnn_2026-03-03_15-13-01/trial_0313_learning_rate=1.0e-03_history=20_kernel_sizes=10x5_conv_channels=256x128_fc_dims=256_seed1,cnn,0.172320663,0.127020534,0.000261936,0.000651365,0.120694891,0.130419584,483007,483007,23,0.482977285,20,TRUE,0.454568327,0.341704204,9,0.318552256,0.133163229,1,"[10, 5]","[256, 128]",[256],6842259,bc12u15n3,524.7,trial_0313_learning_rate=1.0e-03_history=20_kernel_sizes=10x5_conv_channels=256x128_fc_dims=256_seed1,5db9c84f92,trial_0313_learning_rate=1.0e-03_history=20_kernel_sizes=10x5_conv_channels=256x128_fc_dims=256_seed1
/scratch/sb272/patterns5k_results/slurm_hist_cnn_2026-03-03_15-13-01/trial_0098_learning_rate=1.0e-04_history=20_kernel_sizes=3_conv_channels=256_fc_dims=256_seed0,cnn,0.169537191,0.118793584,0.018156451,0.01698857,0.120138675,0.121620753,163391,163391,50,0.482807914,20,TRUE,0.454568327,0.354157644,7,0.318552256,0.12468306,1,[3],[256],[256],6842246,bb4u12c1,312.9,trial_0098_learning_rate=1.0e-04_history=20_kernel_sizes=3_conv_channels=256_fc_dims=256_seed0,cae4ae2708,trial_0098_learning_rate=1.0e-04_history=20_kernel_sizes=3_conv_channels=256_fc_dims=256_seed0
/scratch/sb272/patterns5k_results/slurm_hist_cnn_2026-03-03_15-13-01/trial_0027_learning_rate=1.0e-04_history=10_kernel_sizes=10x5x3_conv_channels=256x128x64_fc_dims=256_seed1,cnn,0.169706595,0.118640742,0.015098147,0.006986483,0.095819034,0.116243973,491391,491391,49,0.482727222,10,TRUE,0.454568327,0.363665509,14,0.318552256,0.125654683,0,"[10, 5, 3]","[256, 128, 64]",[256],6842242,bb2u22c1,457.6,trial_0027_learning_rate=1.0e-04_history=10_kernel_sizes=10x5x3_conv_channels=256x128x64_fc_dims=256_seed1,eb877c27b0,trial_0027_learning_rate=1.0e-04_history=10_kernel_sizes=10x5x3_conv_channels=256x128x64_fc_dims=256_seed1
/scratch/sb272/patterns5k_results/slurm_hist_cnn_2026-03-03_15-13-01/trial_0276_learning_rate=1.0e-03_history=20_kernel_sizes=20_conv_channels=256_fc_dims=256_seed1,cnn,0.171021937,0.121694103,0.016358073,0.015675138,0.126358807,0.125040209,620351,620351,26,0.482632885,20,TRUE,0.454568327,0.362550876,12,0.318552256,0.131683946,1,[20],[256],[256],6842257,bc12u15n1,581.5,trial_0276_learning_rate=1.0e-03_history=20_kernel_sizes=20_conv_channels=256_fc_dims=256_seed1,795f8a8a05,trial_0276_learning_rate=1.0e-03_history=20_kernel_sizes=20_conv_channels=256_fc_dims=256_seed1
/scratch/sb272/patterns5k_results/slurm_hist_cnn_2026-03-03_15-13-01/trial_0063_learning_rate=1.0e-04_history=20_kernel_sizes=3_conv_channels=256_fc_dims=256_seed1,cnn,0.169928562,0.115432763,0.016894,0.015994824,0.115581885,0.12498679,163391,163391,50,0.482620742,20,TRUE,0.454568327,0.350797683,7,0.318552256,0.120883666,1,[3],[256],[256],6842244,bb3u12c1,336.2,trial_0063_learning_rate=1.0e-04_history=20_kernel_sizes=3_conv_channels=256_fc_dims=256_seed1,081f13ec4f,trial_0063_learning_rate=1.0e-04_history=20_kernel_sizes=3_conv_channels=256_fc_dims=256_seed1
/scratch/sb272/patterns5k_results/slurm_hist_cnn_2026-03-03_15-13-01/trial_0414_learning_rate=5.0e-03_history=20_kernel_sizes=5_conv_channels=256_fc_dims=256_seed0,cnn,0.169189931,0.127622087,0.019762076,0.018374193,0.125398219,0.135269981,217151,217151,18,0.482402087,20,TRUE,0.454568327,0.352266016,8,0.318552256,0.133613333,1,[5],[256],[256],6853982,bb5u23c1,199,trial_0414_learning_rate=5.0e-03_history=20_kernel_sizes=5_conv_channels=256_fc_dims=256_seed0,d688f0c1f8,trial_0414_learning_rate=5.0e-03_history=20_kernel_sizes=5_conv_channels=256_fc_dims=256_seed0
/scratch/sb272/patterns5k_results/slurm_hist_cnn_2026-03-03_15-13-01/trial_0102_learning_rate=1.0e-04_history=20_kernel_sizes=10x3_conv_channels=256x128_fc_dims=256_seed2,cnn,0.17204802,0.11338018,0.002984219,0.003251549,0.113279678,0.111324723,417471,417471,50,0.482330003,20,TRUE,0.454568327,0.337019135,10,0.318552256,0.119601898,1,"[10, 3]","[256, 128]",[256],6842247,bb4u18c1,444.6,trial_0102_learning_rate=1.0e-04_history=20_kernel_sizes=10x3_conv_channels=256x128_fc_dims=256_seed2,54fadd1f22,trial_0102_learning_rate=1.0e-04_history=20_kernel_sizes=10x3_conv_channels=256x128_fc_dims=256_seed2
/scratch/sb272/patterns5k_results/slurm_hist_cnn_2026-03-03_15-13-01/trial_0094_learning_rate=1.0e-04_history=10_kernel_sizes=20_conv_channels=256_fc_dims=256_seed2,cnn,0.171269766,0.115926422,0.015658096,0.010731069,0.109443344,0.114278801,620351,620351,50,0.481597477,10,TRUE,0.454568327,0.384126024,16,0.318552256,0.125439093,1,[20],[256],[256],6842246,bb4u12c1,501.9,trial_0094_learning_rate=1.0e-04_history=10_kernel_sizes=20_conv_channels=256_fc_dims=256_seed2,3cdc62f848,trial_0094_learning_rate=1.0e-04_history=10_kernel_sizes=20_conv_channels=256_fc_dims=256_seed2
/scratch/sb272/patterns5k_results/slurm_hist_cnn_2026-03-03_15-13-01/trial_0349_learning_rate=5.0e-03_history=20_kernel_sizes=10x5x3_conv_channels=256x128x64_fc_dims=256_seed1,cnn,0.169257413,0.126243336,0.015222154,0.010021175,0.116320811,0.132099789,491391,491391,19,0.48131885,20,TRUE,0.454568327,0.349388896,14,0.318552256,0.133900419,1,"[10, 5, 3]","[256, 128, 64]",[256],6850606,bb6u17g1,273.1,trial_0349_learning_rate=5.0e-03_history=20_kernel_sizes=10x5x3_conv_channels=256x128x64_fc_dims=256_seed1,b8db314a5a,trial_0349_learning_rate=5.0e-03_history=20_kernel_sizes=10x5x3_conv_channels=256x128x64_fc_dims=256_seed1
/scratch/sb272/patterns5k_results/slurm_hist_cnn_2026-03-03_15-13-01/trial_0063_learning_rate=1.0e-04_history=20_kernel_sizes=3_conv_channels=256_fc_dims=256_seed2,cnn,0.169566444,0.119111589,0.018139782,0.017174579,0.120160304,0.11814362,163391,163391,50,0.481287537,20,TRUE,0.454568327,0.345740999,7,0.318552256,0.124505408,1,[3],[256],[256],6842244,bb3u12c1,343.9,trial_0063_learning_rate=1.0e-04_history=20_kernel_sizes=3_conv_channels=256_fc_dims=256_seed2,081f13ec4f,trial_0063_learning_rate=1.0e-04_history=20_kernel_sizes=3_conv_channels=256_fc_dims=256_seed2
/scratch/sb272/patterns5k_results/slurm_hist_cnn_2026-03-03_15-13-01/trial_0090_learning_rate=1.0e-04_history=5_kernel_sizes=10x5x3_conv_channels=256x128x64_fc_dims=256_seed0,cnn,0.167878857,0.12608743,0.018921319,0.003304662,0.085311681,0.126356953,491391,491391,46,0.481096616,5,TRUE,0.454568327,0.379991176,17,0.318552256,0.134667978,2,"[10, 5, 3]","[256, 128, 64]",[256],6842246,bb4u12c1,461.4,trial_0090_learning_rate=1.0e-04_history=5_kernel_sizes=10x5x3_conv_channels=256x128x64_fc_dims=256_seed0,bddcdd5914,trial_0090_learning_rate=1.0e-04_history=5_kernel_sizes=10x5x3_conv_channels=256x128x64_fc_dims=256_seed0
/scratch/sb272/patterns5k_results/slurm_hist_cnn_2026-03-03_15-13-01/trial_0382_learning_rate=5.0e-03_history=20_kernel_sizes=10x3_conv_channels=256x128_fc_dims=256_seed2,cnn,0.170610212,0.127460606,0.011932925,0.007573566,0.118022785,0.131241303,417471,417471,21,0.480721339,20,TRUE,0.454568327,0.351022527,10,0.318552256,0.133871853,1,"[10, 3]","[256, 128]",[256],6851123,bb2u26c1,253.8,trial_0382_learning_rate=5.0e-03_history=20_kernel_sizes=10x3_conv_channels=256x128_fc_dims=256_seed2,9ff60b8641,trial_0382_learning_rate=5.0e-03_history=20_kernel_sizes=10x3_conv_channels=256x128_fc_dims=256_seed2
/scratch/sb272/patterns5k_results/slurm_hist_cnn_2026-03-03_15-13-01/trial_0065_learning_rate=1.0e-04_history=20_kernel_sizes=10_conv_channels=256_fc_dims=256_seed2,cnn,0.169985265,0.115000311,0.016067424,0.014847255,0.116162196,0.113568097,351551,351551,50,0.479958218,20,TRUE,0.454568327,0.352904396,10,0.318552256,0.12292289,1,[10],[256],[256],6842244,bb3u12c1,418.3,trial_0065_learning_rate=1.0e-04_history=20_kernel_sizes=10_conv_channels=256_fc_dims=256_seed2,f24cbac16b,trial_0065_learning_rate=1.0e-04_history=20_kernel_sizes=10_conv_channels=256_fc_dims=256_seed2
/scratch/sb272/patterns5k_results/slurm_hist_cnn_2026-03-03_15-13-01/trial_0067_learning_rate=1.0e-04_history=20_kernel_sizes=10x3_conv_channels=256x128_fc_dims=256_seed1,cnn,0.171959272,0.115307952,0.003513244,0.00513576,0.11595992,0.116027483,417471,417471,50,0.479847885,20,TRUE,0.454568327,0.343100167,10,0.318552256,0.121618092,1,"[10, 3]","[256, 128]",[256],6842245,bb3u23c1,379.1,trial_0067_learning_rate=1.0e-04_history=20_kernel_sizes=10x3_conv_channels=256x128_fc_dims=256_seed1,e776dfa63c,trial_0067_learning_rate=1.0e-04_history=20_kernel_sizes=10x3_conv_channels=256x128_fc_dims=256_seed1
/scratch/sb272/patterns5k_results/slurm_hist_cnn_2026-03-03_15-13-01/trial_0052_learning_rate=1.0e-04_history=5_kernel_sizes=20_conv_channels=256_fc_dims=256_seed2,cnn,0.170036979,0.118945977,0.017500125,0.008199795,0.103010863,0.117054234,620351,620351,50,0.479640361,5,TRUE,0.454568327,0.402276363,18,0.318552256,0.130404323,2,[20],[256],[256],6842244,bb3u12c1,527.6,trial_0052_learning_rate=1.0e-04_history=5_kernel_sizes=20_conv_channels=256_fc_dims=256_seed2,17b8064083,trial_0052_learning_rate=1.0e-04_history=5_kernel_sizes=20_conv_channels=256_fc_dims=256_seed2
/scratch/sb272/patterns5k_results/slurm_hist_cnn_2026-03-03_15-13-01/trial_0276_learning_rate=1.0e-03_history=20_kernel_sizes=20_conv_channels=256_fc_dims=256_seed2,cnn,0.17141189,0.120063246,0.009089196,0.012696751,0.124380678,0.119757707,620351,620351,27,0.479225801,20,TRUE,0.454568327,0.361587691,13,0.318552256,0.12888357,1,[20],[256],[256],6842257,bc12u15n1,580,trial_0276_learning_rate=1.0e-03_history=20_kernel_sizes=20_conv_channels=256_fc_dims=256_seed2,795f8a8a05,trial_0276_learning_rate=1.0e-03_history=20_kernel_sizes=20_conv_channels=256_fc_dims=256_seed2
/scratch/sb272/patterns5k_results/slurm_hist_cnn_2026-03-03_15-13-01/trial_0029_learning_rate=1.0e-04_history=20_kernel_sizes=5_conv_channels=256_fc_dims=256_seed1,cnn,0.169899702,0.115373981,0.017024386,0.015897291,0.11606884,0.123495902,217151,217151,50,0.479108737,20,TRUE,0.454568327,0.354246804,9,0.318552256,0.122337647,1,[5],[256],[256],6842242,bb2u22c1,329.3,trial_0029_learning_rate=1.0e-04_history=20_kernel_sizes=5_conv_channels=256_fc_dims=256_seed1,ab886b791b,trial_0029_learning_rate=1.0e-04_history=20_kernel_sizes=5_conv_channels=256_fc_dims=256_seed1
/scratch/sb272/patterns5k_results/slurm_hist_cnn_2026-03-03_15-13-01/trial_0276_learning_rate=1.0e-03_history=20_kernel_sizes=20_conv_channels=256_fc_dims=256_seed0,cnn,0.171656409,0.12224953,0.012978537,0.01251593,0.12625441,0.123324884,620351,620351,28,0.478820865,20,TRUE,0.454568327,0.359608097,11,0.318552256,0.130908132,1,[20],[256],[256],6842257,bc12u15n1,594.7,trial_0276_learning_rate=1.0e-03_history=20_kernel_sizes=20_conv_channels=256_fc_dims=256_seed0,795f8a8a05,trial_0276_learning_rate=1.0e-03_history=20_kernel_sizes=20_conv_channels=256_fc_dims=256_seed0
/scratch/sb272/patterns5k_results/slurm_hist_cnn_2026-03-03_15-13-01/trial_0207_learning_rate=5.0e-04_history=20_kernel_sizes=10x3_conv_channels=256x128_fc_dims=256_seed1,cnn,0.17072013,0.118645119,0.010539044,0.00838276,0.11415185,0.125126789,417471,417471,26,0.478812735,20,TRUE,0.454568327,0.339473658,11,0.318552256,0.125296608,1,"[10, 3]","[256, 128]",[256],6842253,bb5u25c1,267.9,trial_0207_learning_rate=5.0e-04_history=20_kernel_sizes=10x3_conv_channels=256x128_fc_dims=256_seed1,106e77775d,trial_0207_learning_rate=5.0e-04_history=20_kernel_sizes=10x3_conv_channels=256x128_fc_dims=256_seed1
/scratch/sb272/patterns5k_results/slurm_hist_cnn_2026-03-03_15-13-01/trial_0068_learning_rate=1.0e-04_history=20_kernel_sizes=10x5_conv_channels=256x128_fc_dims=256_seed0,cnn,0.171165241,0.113643625,0.00630686,0.005876096,0.111925729,0.112481051,483007,483007,50,0.47872906,20,TRUE,0.454568327,0.339902734,11,0.318552256,0.119860925,1,"[10, 5]","[256, 128]",[256],6842245,bb3u23c1,409.6,trial_0068_learning_rate=1.0e-04_history=20_kernel_sizes=10x5_conv_channels=256x128_fc_dims=256_seed0,1e6b80e4de,trial_0068_learning_rate=1.0e-04_history=20_kernel_sizes=10x5_conv_channels=256x128_fc_dims=256_seed0
/scratch/sb272/patterns5k_results/slurm_hist_cnn_2026-03-03_15-13-01/trial_0413_learning_rate=5.0e-03_history=20_kernel_sizes=3_conv_channels=256_fc_dims=256_seed1,cnn,0.169294625,0.125488022,0.020675127,0.019463997,0.125637949,0.132917674,163391,163391,19,0.478683628,20,TRUE,0.454568327,0.343094083,8,0.318552256,0.131433815,1,[3],[256],[256],6853982,bb5u23c1,193.2,trial_0413_learning_rate=5.0e-03_history=20_kernel_sizes=3_conv_channels=256_fc_dims=256_seed1,73fe97bc54,trial_0413_learning_rate=5.0e-03_history=20_kernel_sizes=3_conv_channels=256_fc_dims=256_seed1
/scratch/sb272/patterns5k_results/slurm_hist_cnn_2026-03-03_15-13-01/trial_0138_learning_rate=5.0e-04_history=20_kernel_sizes=10x5_conv_channels=256x128_fc_dims=256_seed0,cnn,0.171160692,0.121592872,0.01029644,0.010171996,0.119812831,0.124035262,483007,483007,31,0.478379024,20,TRUE,0.454568327,0.348789021,11,0.318552256,0.128172472,1,"[10, 5]","[256, 128]",[256],6842249,bb4u22c1,374.7,trial_0138_learning_rate=5.0e-04_history=20_kernel_sizes=10x5_conv_channels=256x128_fc_dims=256_seed0,1dea47b499,trial_0138_learning_rate=5.0e-04_history=20_kernel_sizes=10x5_conv_channels=256x128_fc_dims=256_seed0
/scratch/sb272/patterns5k_results/slurm_hist_cnn_2026-03-03_15-13-01/trial_0312_learning_rate=1.0e-03_history=20_kernel_sizes=10x3_conv_channels=256x128_fc_dims=256_seed0,cnn,0.170450241,0.123429079,0.00979687,0.009298715,0.119721584,0.125729268,417471,417471,23,0.477704379,20,TRUE,0.454568327,0.341106896,8,0.318552256,0.129481703,1,"[10, 3]","[256, 128]",[256],6842259,bc12u15n3,517.6,trial_0312_learning_rate=1.0e-03_history=20_kernel_sizes=10x3_conv_channels=256x128_fc_dims=256_seed0,9cfbc57dd5,trial_0312_learning_rate=1.0e-03_history=20_kernel_sizes=10x3_conv_channels=256x128_fc_dims=256_seed0
/scratch/sb272/patterns5k_results/slurm_hist_cnn_2026-03-03_15-13-01/trial_0173_learning_rate=5.0e-04_history=20_kernel_sizes=10x5_conv_channels=256x128_fc_dims=256_seed1,cnn,0.170795554,0.120784257,0.007999677,0.006499031,0.118426062,0.125614665,483007,483007,27,0.477658242,20,TRUE,0.454568327,0.344614971,11,0.318552256,0.128410041,1,"[10, 5]","[256, 128]",[256],6842251,bb5u23c1,295.8,trial_0173_learning_rate=5.0e-04_history=20_kernel_sizes=10x5_conv_channels=256x128_fc_dims=256_seed1,e4fb973cf7,trial_0173_learning_rate=5.0e-04_history=20_kernel_sizes=10x5_conv_channels=256x128_fc_dims=256_seed1
/scratch/sb272/patterns5k_results/slurm_hist_cnn_2026-03-03_15-13-01/trial_0097_learning_rate=1.0e-04_history=10_kernel_sizes=10x5x3_conv_channels=256x128x64_fc_dims=256_seed1,cnn,0.169784567,0.114904504,0.015309194,0.007366721,0.093276419,0.113449677,491391,491391,50,0.477474751,10,TRUE,0.454568327,0.358413325,15,0.318552256,0.121980071,1,"[10, 5, 3]","[256, 128, 64]",[256],6842246,bb4u12c1,503.6,trial_0097_learning_rate=1.0e-04_history=10_kernel_sizes=10x5x3_conv_channels=256x128x64_fc_dims=256_seed1,79c735d7b3,trial_0097_learning_rate=1.0e-04_history=10_kernel_sizes=10x5x3_conv_channels=256x128x64_fc_dims=256_seed1
/scratch/sb272/patterns5k_results/slurm_hist_cnn_2026-03-03_15-13-01/trial_0059_learning_rate=1.0e-04_history=10_kernel_sizes=20_conv_channels=256_fc_dims=256_seed0,cnn,0.170914081,0.119897608,0.016722068,0.010935853,0.110326774,0.119267022,620351,620351,50,0.477074473,10,TRUE,0.454568327,0.379033872,15,0.318552256,0.129498661,1,[20],[256],[256],6842244,bb3u12c1,483.2,trial_0059_learning_rate=1.0e-04_history=10_kernel_sizes=20_conv_channels=256_fc_dims=256_seed0,1e7530fd4c,trial_0059_learning_rate=1.0e-04_history=10_kernel_sizes=20_conv_channels=256_fc_dims=256_seed0
/scratch/sb272/patterns5k_results/slurm_hist_cnn_2026-03-03_15-13-01/trial_0313_learning_rate=1.0e-03_history=20_kernel_sizes=10x5_conv_channels=256x128_fc_dims=256_seed0,cnn,0.171469826,0.124563163,0.007036933,0.003331707,0.119613908,0.128640323,483007,483007,27,0.476919152,20,TRUE,0.454568327,0.347014093,11,0.318552256,0.130920127,1,"[10, 5]","[256, 128]",[256],6842259,bc12u15n3,561.8,trial_0313_learning_rate=1.0e-03_history=20_kernel_sizes=10x5_conv_channels=256x128_fc_dims=256_seed0,5db9c84f92,trial_0313_learning_rate=1.0e-03_history=20_kernel_sizes=10x5_conv_channels=256x128_fc_dims=256_seed0
/scratch/sb272/patterns5k_results/slurm_hist_cnn_2026-03-03_15-13-01/trial_0099_learning_rate=1.0e-04_history=20_kernel_sizes=5_conv_channels=256_fc_dims=256_seed0,cnn,0.169828603,0.115896761,0.016944318,0.016075317,0.117372222,0.122267,217151,217151,50,0.476602397,20,TRUE,0.454568327,0.349729838,9,0.318552256,0.12274193,1,[5],[256],[256],6842246,bb4u12c1,344.9,trial_0099_learning_rate=1.0e-04_history=20_kernel_sizes=5_conv_channels=256_fc_dims=256_seed0,3e87519fa5,trial_0099_learning_rate=1.0e-04_history=20_kernel_sizes=5_conv_channels=256_fc_dims=256_seed0
/scratch/sb272/patterns5k_results/slurm_hist_cnn_2026-03-03_15-13-01/trial_0065_learning_rate=1.0e-04_history=20_kernel_sizes=10_conv_channels=256_fc_dims=256_seed1,cnn,0.170049265,0.114859572,0.01636759,0.014694423,0.114409231,0.118286153,351551,351551,50,0.476383092,20,TRUE,0.454568327,0.355372849,11,0.318552256,0.122194625,1,[10],[256],[256],6842244,bb3u12c1,414.9,trial_0065_learning_rate=1.0e-04_history=20_kernel_sizes=10_conv_channels=256_fc_dims=256_seed1,f24cbac16b,trial_0065_learning_rate=1.0e-04_history=20_kernel_sizes=10_conv_channels=256_fc_dims=256_seed1
/scratch/sb272/patterns5k_results/slurm_hist_cnn_2026-03-03_15-13-01/trial_0202_learning_rate=5.0e-04_history=10_kernel_sizes=10x5x3_conv_channels=256x128x64_fc_dims=256_seed0,cnn,0.171041682,0.123493486,0.015145196,0.004227205,0.095934011,0.127104829,491391,491391,44,0.476373772,10,TRUE,0.454568327,0.373061033,16,0.318552256,0.132899866,2,"[10, 5, 3]","[256, 128, 64]",[256],6842253,bb5u25c1,396.7,trial_0202_learning_rate=5.0e-04_history=10_kernel_sizes=10x5x3_conv_channels=256x128x64_fc_dims=256_seed0,fca321d7f3,trial_0202_learning_rate=5.0e-04_history=10_kernel_sizes=10x5x3_conv_channels=256x128x64_fc_dims=256_seed0
/scratch/sb272/patterns5k_results/slurm_hist_cnn_2026-03-03_15-13-01/trial_0171_learning_rate=5.0e-04_history=20_kernel_sizes=20_conv_channels=256_fc_dims=256_seed1,cnn,0.170699596,0.11949546,0.016301135,0.016269826,0.125095993,0.12175488,620351,620351,29,0.476169592,20,TRUE,0.454568327,0.357764071,12,0.318552256,0.128915191,1,[20],[256],[256],6842251,bb5u23c1,329.4,trial_0171_learning_rate=5.0e-04_history=20_kernel_sizes=20_conv_channels=256_fc_dims=256_seed1,2d16cbfa0c,trial_0171_learning_rate=5.0e-04_history=20_kernel_sizes=20_conv_channels=256_fc_dims=256_seed1
/scratch/sb272/patterns5k_results/slurm_hist_cnn_2026-03-03_15-13-01/trial_0241_learning_rate=1.0e-03_history=20_kernel_sizes=20_conv_channels=256_fc_dims=256_seed2,cnn,0.17103145,0.123883124,0.011946157,0.012022235,0.128432661,0.120545411,620351,620351,27,0.476128168,20,TRUE,0.454568327,0.355746735,11,0.318552256,0.133294776,1,[20],[256],[256],6842255,bb5u26c1,328.7,trial_0241_learning_rate=1.0e-03_history=20_kernel_sizes=20_conv_channels=256_fc_dims=256_seed2,b389514631,trial_0241_learning_rate=1.0e-03_history=20_kernel_sizes=20_conv_channels=256_fc_dims=256_seed2
/scratch/sb272/patterns5k_results/slurm_hist_cnn_2026-03-03_15-13-01/trial_0278_learning_rate=1.0e-03_history=20_kernel_sizes=10x5_conv_channels=256x128_fc_dims=256_seed0,cnn,0.169667456,0.126646547,0.015130336,0.012369207,0.121985205,0.130103997,483007,483007,25,0.475328153,20,TRUE,0.454568327,0.340996158,11,0.318552256,0.133754402,1,"[10, 5]","[256, 128]",[256],6842257,bc12u15n1,540.3,trial_0278_learning_rate=1.0e-03_history=20_kernel_sizes=10x5_conv_channels=256x128_fc_dims=256_seed0,b7f0c96427,trial_0278_learning_rate=1.0e-03_history=20_kernel_sizes=10x5_conv_channels=256x128_fc_dims=256_seed0
/scratch/sb272/patterns5k_results/slurm_hist_cnn_2026-03-03_15-13-01/trial_0098_learning_rate=1.0e-04_history=20_kernel_sizes=3_conv_channels=256_fc_dims=256_seed2,cnn,0.170122331,0.115001042,0.015882313,0.015181314,0.115141176,0.116259894,163391,163391,50,0.475249515,20,TRUE,0.454568327,0.34904384,8,0.318552256,0.121211432,1,[3],[256],[256],6842246,bb4u12c1,326.4,trial_0098_learning_rate=1.0e-04_history=20_kernel_sizes=3_conv_channels=256_fc_dims=256_seed2,cae4ae2708,trial_0098_learning_rate=1.0e-04_history=20_kernel_sizes=3_conv_channels=256_fc_dims=256_seed2
/scratch/sb272/patterns5k_results/slurm_hist_cnn_2026-03-03_15-13-01/trial_0024_learning_rate=1.0e-04_history=10_kernel_sizes=20_conv_channels=256_fc_dims=256_seed1,cnn,0.170907348,0.117159838,0.01631698,0.010249867,0.10792502,0.118441587,620351,620351,48,0.474994477,10,TRUE,0.454568327,0.380870204,15,0.318552256,0.127277613,1,[20],[256],[256],6842242,bb2u22c1,471.5,trial_0024_learning_rate=1.0e-04_history=10_kernel_sizes=20_conv_channels=256_fc_dims=256_seed1,ee3ec47f5c,trial_0024_learning_rate=1.0e-04_history=10_kernel_sizes=20_conv_channels=256_fc_dims=256_seed1
/scratch/sb272/patterns5k_results/slurm_hist_cnn_2026-03-03_15-13-01/trial_0242_learning_rate=1.0e-03_history=20_kernel_sizes=10x3_conv_channels=256x128_fc_dims=256_seed2,cnn,0.170383858,0.121494804,0.012100617,0.008403732,0.116097629,0.125012216,417471,417471,23,0.474668725,20,TRUE,0.454568327,0.336044724,10,0.318552256,0.127333626,1,"[10, 3]","[256, 128]",[256],6842255,bb5u26c1,271.8,trial_0242_learning_rate=1.0e-03_history=20_kernel_sizes=10x3_conv_channels=256x128_fc_dims=256_seed2,34154b0a95,trial_0242_learning_rate=1.0e-03_history=20_kernel_sizes=10x3_conv_channels=256x128_fc_dims=256_seed2
/scratch/sb272/patterns5k_results/slurm_hist_cnn_2026-03-03_15-13-01/trial_0030_learning_rate=1.0e-04_history=20_kernel_sizes=10_conv_channels=256_fc_dims=256_seed1,cnn,0.17039438,0.11349738,0.015921222,0.014023213,0.112361677,0.120385535,351551,351551,50,0.47462521,20,TRUE,0.454568327,0.352374225,12,0.318552256,0.121073991,1,[10],[256],[256],6842242,bb2u22c1,377.3,trial_0030_learning_rate=1.0e-04_history=20_kernel_sizes=10_conv_channels=256_fc_dims=256_seed1,a2501ed27e,trial_0030_learning_rate=1.0e-04_history=20_kernel_sizes=10_conv_channels=256_fc_dims=256_seed1
/scratch/sb272/patterns5k_results/slurm_hist_cnn_2026-03-03_15-13-01/trial_0061_learning_rate=1.0e-04_history=10_kernel_sizes=10x5_conv_channels=256x128_fc_dims=256_seed2,cnn,0.170477882,0.121208121,0.007405762,0.005618027,0.109242633,0.118633045,483007,483007,50,0.473762761,10,TRUE,0.454568327,0.356228208,12,0.318552256,0.128608644,1,"[10, 5]","[256, 128]",[256],6842244,bb3u12c1,505.2,trial_0061_learning_rate=1.0e-04_history=10_kernel_sizes=10x5_conv_channels=256x128_fc_dims=256_seed2,7161e3cc4d,trial_0061_learning_rate=1.0e-04_history=10_kernel_sizes=10x5_conv_channels=256x128_fc_dims=256_seed2
/scratch/sb272/patterns5k_results/slurm_hist_cnn_2026-03-03_15-13-01/trial_0241_learning_rate=1.0e-03_history=20_kernel_sizes=20_conv_channels=256_fc_dims=256_seed1,cnn,0.171383712,0.120417853,0.013574239,0.01408572,0.126401559,0.125668872,620351,620351,26,0.473685027,20,TRUE,0.454568327,0.360708059,10,0.318552256,0.129900232,1,[20],[256],[256],6842255,bb5u26c1,323.3,trial_0241_learning_rate=1.0e-03_history=20_kernel_sizes=20_conv_channels=256_fc_dims=256_seed1,b389514631,trial_0241_learning_rate=1.0e-03_history=20_kernel_sizes=20_conv_channels=256_fc_dims=256_seed1
/scratch/sb272/patterns5k_results/slurm_hist_cnn_2026-03-03_15-13-01/trial_0416_learning_rate=5.0e-03_history=20_kernel_sizes=20_conv_channels=256_fc_dims=256_seed2,cnn,0.170240325,0.122815801,0.015934632,0.015337852,0.12399216,0.121168999,620351,620351,20,0.473309843,20,TRUE,0.454568327,0.361190456,11,0.318552256,0.131618068,1,[20],[256],[256],6837009,bb4u21c1,285.9,trial_0416_learning_rate=5.0e-03_history=20_kernel_sizes=20_conv_channels=256_fc_dims=256_seed2,7230b7576c,trial_0416_learning_rate=5.0e-03_history=20_kernel_sizes=20_conv_channels=256_fc_dims=256_seed2
/scratch/sb272/patterns5k_results/slurm_hist_cnn_2026-03-03_15-13-01/trial_0206_learning_rate=5.0e-04_history=20_kernel_sizes=20_conv_channels=256_fc_dims=256_seed2,cnn,0.171991664,0.118447109,0.015025039,0.014661676,0.123957381,0.117791375,620351,620351,32,0.473262883,20,TRUE,0.454568327,0.357327577,10,0.318552256,0.127468944,1,[20],[256],[256],6842253,bb5u25c1,339.8,trial_0206_learning_rate=5.0e-04_history=20_kernel_sizes=20_conv_channels=256_fc_dims=256_seed2,50ad27bf0b,trial_0206_learning_rate=5.0e-04_history=20_kernel_sizes=20_conv_channels=256_fc_dims=256_seed2
/scratch/sb272/patterns5k_results/slurm_hist_cnn_2026-03-03_15-13-01/trial_0028_learning_rate=1.0e-04_history=20_kernel_sizes=3_conv_channels=256_fc_dims=256_seed0,cnn,0.169929547,0.114421828,0.016747704,0.016076448,0.116159908,0.122199745,163391,163391,50,0.473225901,20,TRUE,0.454568327,0.341811736,8,0.318552256,0.120238021,1,[3],[256],[256],6842242,bb2u22c1,314.2,trial_0028_learning_rate=1.0e-04_history=20_kernel_sizes=3_conv_channels=256_fc_dims=256_seed0,3ed0693573,trial_0028_learning_rate=1.0e-04_history=20_kernel_sizes=3_conv_channels=256_fc_dims=256_seed0
/scratch/sb272/patterns5k_results/slurm_hist_cnn_2026-03-03_15-13-01/trial_0028_learning_rate=1.0e-04_history=20_kernel_sizes=3_conv_channels=256_fc_dims=256_seed2,cnn,0.169960714,0.115603551,0.016557463,0.015846592,0.116353899,0.115490203,163391,163391,50,0.47132949,20,TRUE,0.454568327,0.341436658,7,0.318552256,0.121109515,1,[3],[256],[256],6842242,bb2u22c1,313.9,trial_0028_learning_rate=1.0e-04_history=20_kernel_sizes=3_conv_channels=256_fc_dims=256_seed2,3ed0693573,trial_0028_learning_rate=1.0e-04_history=20_kernel_sizes=3_conv_channels=256_fc_dims=256_seed2
/scratch/sb272/patterns5k_results/slurm_hist_cnn_2026-03-03_15-13-01/trial_0418_learning_rate=5.0e-03_history=20_kernel_sizes=10x5_conv_channels=256x128_fc_dims=256_seed1,cnn,0.169889426,0.128560966,0.013467758,0.009092353,0.120337576,0.132939446,483007,483007,17,0.470858301,20,TRUE,0.454568327,0.352036165,10,0.318552256,0.135893494,1,"[10, 5]","[256, 128]",[256],6837009,bb4u21c1,250,trial_0418_learning_rate=5.0e-03_history=20_kernel_sizes=10x5_conv_channels=256x128_fc_dims=256_seed1,ac6dcbdc94,trial_0418_learning_rate=5.0e-03_history=20_kernel_sizes=10x5_conv_channels=256x128_fc_dims=256_seed1
/scratch/sb272/patterns5k_results/slurm_hist_cnn_2026-03-03_15-13-01/trial_0033_learning_rate=1.0e-04_history=20_kernel_sizes=10x5_conv_channels=256x128_fc_dims=256_seed2,cnn,0.171149235,0.114831411,0.007084039,0.006342688,0.111936837,0.11155014,483007,483007,50,0.470846141,20,TRUE,0.454568327,0.336415392,10,0.318552256,0.121054508,1,"[10, 5]","[256, 128]",[256],6842243,bb2u23c1,428.4,trial_0033_learning_rate=1.0e-04_history=20_kernel_sizes=10x5_conv_channels=256x128_fc_dims=256_seed2,5e52f24552,trial_0033_learning_rate=1.0e-04_history=20_kernel_sizes=10x5_conv_channels=256x128_fc_dims=256_seed2
/scratch/sb272/patterns5k_results/slurm_hist_cnn_2026-03-03_15-13-01/trial_0032_learning_rate=1.0e-04_history=20_kernel_sizes=10x3_conv_channels=256x128_fc_dims=256_seed2,cnn,0.171608169,0.116755409,0.005714227,0.006090965,0.115097187,0.112521189,417471,417471,50,0.470644241,20,TRUE,0.454568327,0.335298431,8,0.318552256,0.122632697,1,"[10, 3]","[256, 128]",[256],6842242,bb2u22c1,422.3,trial_0032_learning_rate=1.0e-04_history=20_kernel_sizes=10x3_conv_channels=256x128_fc_dims=256_seed2,cae22ead0a,trial_0032_learning_rate=1.0e-04_history=20_kernel_sizes=10x3_conv_channels=256x128_fc_dims=256_seed2
/scratch/sb272/patterns5k_results/slurm_hist_cnn_2026-03-03_15-13-01/trial_0097_learning_rate=1.0e-04_history=10_kernel_sizes=10x5x3_conv_channels=256x128x64_fc_dims=256_seed0,cnn,0.169906341,0.115401357,0.015425963,0.007170805,0.09295512,0.111968081,491391,491391,50,0.470194205,10,TRUE,0.454568327,0.356422419,15,0.318552256,0.122680806,0,"[10, 5, 3]","[256, 128, 64]",[256],6842246,bb4u12c1,485.4,trial_0097_learning_rate=1.0e-04_history=10_kernel_sizes=10x5x3_conv_channels=256x128x64_fc_dims=256_seed0,79c735d7b3,trial_0097_learning_rate=1.0e-04_history=10_kernel_sizes=10x5x3_conv_channels=256x128x64_fc_dims=256_seed0
/scratch/sb272/patterns5k_results/slurm_hist_cnn_2026-03-03_15-13-01/trial_0028_learning_rate=1.0e-04_history=20_kernel_sizes=3_conv_channels=256_fc_dims=256_seed1,cnn,0.169907761,0.115800974,0.017468677,0.016517796,0.116975307,0.123003142,163391,163391,50,0.470187774,20,TRUE,0.454568327,0.342736518,8,0.318552256,0.121404,1,[3],[256],[256],6842242,bb2u22c1,307.3,trial_0028_learning_rate=1.0e-04_history=20_kernel_sizes=3_conv_channels=256_fc_dims=256_seed1,3ed0693573,trial_0028_learning_rate=1.0e-04_history=20_kernel_sizes=3_conv_channels=256_fc_dims=256_seed1
/scratch/sb272/patterns5k_results/slurm_hist_cnn_2026-03-03_15-13-01/trial_0207_learning_rate=5.0e-04_history=20_kernel_sizes=10x3_conv_channels=256x128_fc_dims=256_seed0,cnn,0.171655564,0.118874447,0.007318441,0.008632869,0.118838973,0.123530829,417471,417471,33,0.470138463,20,TRUE,0.454568327,0.337624561,9,0.318552256,0.124692515,1,"[10, 3]","[256, 128]",[256],6842253,bb5u25c1,300.6,trial_0207_learning_rate=5.0e-04_history=20_kernel_sizes=10x3_conv_channels=256x128_fc_dims=256_seed0,106e77775d,trial_0207_learning_rate=5.0e-04_history=20_kernel_sizes=10x3_conv_channels=256x128_fc_dims=256_seed0
/scratch/sb272/patterns5k_results/slurm_hist_cnn_2026-03-03_15-13-01/trial_0138_learning_rate=5.0e-04_history=20_kernel_sizes=10x5_conv_channels=256x128_fc_dims=256_seed2,cnn,0.170930116,0.122434209,0.008231731,0.006867197,0.119840704,0.119800202,483007,483007,30,0.469986694,20,TRUE,0.454568327,0.336472984,10,0.318552256,0.129524529,1,"[10, 5]","[256, 128]",[256],6842249,bb4u22c1,379.2,trial_0138_learning_rate=5.0e-04_history=20_kernel_sizes=10x5_conv_channels=256x128_fc_dims=256_seed2,1dea47b499,trial_0138_learning_rate=5.0e-04_history=20_kernel_sizes=10x5_conv_channels=256x128_fc_dims=256_seed2
/scratch/sb272/patterns5k_results/slurm_hist_cnn_2026-03-03_15-13-01/trial_0062_learning_rate=1.0e-04_history=10_kernel_sizes=10x5x3_conv_channels=256x128x64_fc_dims=256_seed0,cnn,0.169917663,0.115644412,0.015132054,0.007192679,0.09453734,0.112264323,491391,491391,50,0.469635164,10,TRUE,0.454568327,0.357849985,14,0.318552256,0.122486062,1,"[10, 5, 3]","[256, 128, 64]",[256],6842244,bb3u12c1,518.9,trial_0062_learning_rate=1.0e-04_history=10_kernel_sizes=10x5x3_conv_channels=256x128x64_fc_dims=256_seed0,f0986672f2,trial_0062_learning_rate=1.0e-04_history=10_kernel_sizes=10x5x3_conv_channels=256x128x64_fc_dims=256_seed0
/scratch/sb272/patterns5k_results/slurm_hist_cnn_2026-03-03_15-13-01/trial_0065_learning_rate=1.0e-04_history=20_kernel_sizes=10_conv_channels=256_fc_dims=256_seed0,cnn,0.170506188,0.110691075,0.014455634,0.012969026,0.110285282,0.117282783,351551,351551,50,0.469534022,20,TRUE,0.454568327,0.346784797,10,0.318552256,0.118009873,1,[10],[256],[256],6842244,bb3u12c1,422.7,trial_0065_learning_rate=1.0e-04_history=20_kernel_sizes=10_conv_channels=256_fc_dims=256_seed0,f24cbac16b,trial_0065_learning_rate=1.0e-04_history=20_kernel_sizes=10_conv_channels=256_fc_dims=256_seed0
/scratch/sb272/patterns5k_results/slurm_hist_cnn_2026-03-03_15-13-01/trial_0136_learning_rate=5.0e-04_history=20_kernel_sizes=20_conv_channels=256_fc_dims=256_seed0,cnn,0.171841614,0.120380318,0.013007129,0.013276795,0.126807958,0.1188294,620351,620351,34,0.467827847,20,TRUE,0.454568327,0.348596052,12,0.318552256,0.128962904,1,[20],[256],[256],6842249,bb4u22c1,438.4,trial_0136_learning_rate=5.0e-04_history=20_kernel_sizes=20_conv_channels=256_fc_dims=256_seed0,22023dab3f,trial_0136_learning_rate=5.0e-04_history=20_kernel_sizes=20_conv_channels=256_fc_dims=256_seed0
/scratch/sb272/patterns5k_results/slurm_hist_cnn_2026-03-03_15-13-01/trial_0027_learning_rate=1.0e-04_history=10_kernel_sizes=10x5x3_conv_channels=256x128x64_fc_dims=256_seed2,cnn,0.169970345,0.114729051,0.014172887,0.007233349,0.094457455,0.113173056,491391,491391,50,0.467538183,10,TRUE,0.454568327,0.354577077,13,0.318552256,0.121906757,1,"[10, 5, 3]","[256, 128, 64]",[256],6842242,bb2u22c1,472,trial_0027_learning_rate=1.0e-04_history=10_kernel_sizes=10x5x3_conv_channels=256x128x64_fc_dims=256_seed2,eb877c27b0,trial_0027_learning_rate=1.0e-04_history=10_kernel_sizes=10x5x3_conv_channels=256x128x64_fc_dims=256_seed2
/scratch/sb272/patterns5k_results/slurm_hist_cnn_2026-03-03_15-13-01/trial_0033_learning_rate=1.0e-04_history=20_kernel_sizes=10x5_conv_channels=256x128_fc_dims=256_seed1,cnn,0.17115005,0.115086608,0.006607761,0.007266929,0.114686243,0.117050016,483007,483007,50,0.467530085,20,TRUE,0.454568327,0.33666121,9,0.318552256,0.121981673,1,"[10, 5]","[256, 128]",[256],6842243,bb2u23c1,446.6,trial_0033_learning_rate=1.0e-04_history=20_kernel_sizes=10x5_conv_channels=256x128_fc_dims=256_seed1,5e52f24552,trial_0033_learning_rate=1.0e-04_history=20_kernel_sizes=10x5_conv_channels=256x128_fc_dims=256_seed1
/scratch/sb272/patterns5k_results/slurm_hist_cnn_2026-03-03_15-13-01/trial_0026_learning_rate=1.0e-04_history=10_kernel_sizes=10x5_conv_channels=256x128_fc_dims=256_seed0,cnn,0.170588462,0.11742373,0.007043263,0.004519131,0.102615654,0.119601042,483007,483007,50,0.466827627,10,TRUE,0.454568327,0.364303633,14,0.318552256,0.124809563,1,"[10, 5]","[256, 128]",[256],6842242,bb2u22c1,451.3,trial_0026_learning_rate=1.0e-04_history=10_kernel_sizes=10x5_conv_channels=256x128_fc_dims=256_seed0,74e276c963,trial_0026_learning_rate=1.0e-04_history=10_kernel_sizes=10x5_conv_channels=256x128_fc_dims=256_seed0
/scratch/sb272/patterns5k_results/slurm_hist_cnn_2026-03-03_15-13-01/trial_0095_learning_rate=1.0e-04_history=10_kernel_sizes=10x3_conv_channels=256x128_fc_dims=256_seed0,cnn,0.170775311,0.119194126,0.007459813,0.005793598,0.106302686,0.11825727,417471,417471,50,0.466715603,10,TRUE,0.454568327,0.365743581,12,0.318552256,0.126052961,1,"[10, 3]","[256, 128]",[256],6842246,bb4u12c1,443,trial_0095_learning_rate=1.0e-04_history=10_kernel_sizes=10x3_conv_channels=256x128_fc_dims=256_seed0,7cb5db08ed,trial_0095_learning_rate=1.0e-04_history=10_kernel_sizes=10x3_conv_channels=256x128_fc_dims=256_seed0
/scratch/sb272/patterns5k_results/slurm_hist_cnn_2026-03-03_15-13-01/trial_0100_learning_rate=1.0e-04_history=20_kernel_sizes=10_conv_channels=256_fc_dims=256_seed0,cnn,0.170071033,0.116321268,0.016732412,0.015068492,0.116345599,0.117404547,351551,351551,50,0.466610556,20,TRUE,0.454568327,0.348565513,10,0.318552256,0.123389788,1,[10],[256],[256],6842247,bb4u18c1,416.8,trial_0100_learning_rate=1.0e-04_history=20_kernel_sizes=10_conv_channels=256_fc_dims=256_seed0,ec08286a91,trial_0100_learning_rate=1.0e-04_history=20_kernel_sizes=10_conv_channels=256_fc_dims=256_seed0
/scratch/sb272/patterns5k_results/slurm_hist_cnn_2026-03-03_15-13-01/trial_0030_learning_rate=1.0e-04_history=20_kernel_sizes=10_conv_channels=256_fc_dims=256_seed2,cnn,0.170230195,0.112390536,0.015316647,0.013467859,0.112021893,0.111789148,351551,351551,50,0.466553606,20,TRUE,0.454568327,0.350363325,9,0.318552256,0.120410651,1,[10],[256],[256],6842242,bb2u22c1,382,trial_0030_learning_rate=1.0e-04_history=20_kernel_sizes=10_conv_channels=256_fc_dims=256_seed2,a2501ed27e,trial_0030_learning_rate=1.0e-04_history=20_kernel_sizes=10_conv_channels=256_fc_dims=256_seed2
/scratch/sb272/patterns5k_results/slurm_hist_cnn_2026-03-03_15-13-01/trial_0059_learning_rate=1.0e-04_history=10_kernel_sizes=20_conv_channels=256_fc_dims=256_seed2,cnn,0.170654969,0.116283944,0.016251887,0.010239211,0.106601365,0.114531198,620351,620351,50,0.466475358,10,TRUE,0.454568327,0.371780676,15,0.318552256,0.125883296,1,[20],[256],[256],6842244,bb3u12c1,576.1,trial_0059_learning_rate=1.0e-04_history=10_kernel_sizes=20_conv_channels=256_fc_dims=256_seed2,1e7530fd4c,trial_0059_learning_rate=1.0e-04_history=10_kernel_sizes=20_conv_channels=256_fc_dims=256_seed2
/scratch/sb272/patterns5k_results/slurm_hist_cnn_2026-03-03_15-13-01/trial_0030_learning_rate=1.0e-04_history=20_kernel_sizes=10_conv_channels=256_fc_dims=256_seed0,cnn,0.170025138,0.115818892,0.016700353,0.014669098,0.114881575,0.12036122,351551,351551,50,0.465636716,20,TRUE,0.454568327,0.344299544,10,0.318552256,0.123458646,1,[10],[256],[256],6842242,bb2u22c1,380.7,trial_0030_learning_rate=1.0e-04_history=20_kernel_sizes=10_conv_channels=256_fc_dims=256_seed0,a2501ed27e,trial_0030_learning_rate=1.0e-04_history=20_kernel_sizes=10_conv_channels=256_fc_dims=256_seed0
/scratch/sb272/patterns5k_results/slurm_hist_cnn_2026-03-03_15-13-01/trial_0346_learning_rate=5.0e-03_history=20_kernel_sizes=20_conv_channels=256_fc_dims=256_seed1,cnn,0.170959913,0.120685028,0.0111535,0.010514747,0.119122535,0.12584592,620351,620351,19,0.464321011,20,TRUE,0.454568327,0.359315039,14,0.318552256,0.130535185,1,[20],[256],[256],6850606,bb6u17g1,289.5,trial_0346_learning_rate=5.0e-03_history=20_kernel_sizes=20_conv_channels=256_fc_dims=256_seed1,e14f17c85c,trial_0346_learning_rate=5.0e-03_history=20_kernel_sizes=20_conv_channels=256_fc_dims=256_seed1
/scratch/sb272/patterns5k_results/slurm_hist_cnn_2026-03-03_15-13-01/trial_0172_learning_rate=5.0e-04_history=20_kernel_sizes=10x3_conv_channels=256x128_fc_dims=256_seed0,cnn,0.172739876,0.118488137,0.000665796,0.002482178,0.117316611,0.1220133,417471,417471,37,0.464222119,20,TRUE,0.454568327,0.328584304,9,0.318552256,0.124664277,1,"[10, 3]","[256, 128]",[256],6842251,bb5u23c1,329.6,trial_0172_learning_rate=5.0e-04_history=20_kernel_sizes=10x3_conv_channels=256x128_fc_dims=256_seed0,43f5f0e7f4,trial_0172_learning_rate=5.0e-04_history=20_kernel_sizes=10x3_conv_channels=256x128_fc_dims=256_seed0
/scratch/sb272/patterns5k_results/slurm_hist_cnn_2026-03-03_15-13-01/trial_0311_learning_rate=1.0e-03_history=20_kernel_sizes=20_conv_channels=256_fc_dims=256_seed2,cnn,0.17248223,0.11909011,0.009491343,0.009695252,0.125423014,0.11974886,620351,620351,30,0.464142608,20,TRUE,0.454568327,0.353090851,9,0.318552256,0.127453849,1,[20],[256],[256],6842259,bc12u15n3,644.6,trial_0311_learning_rate=1.0e-03_history=20_kernel_sizes=20_conv_channels=256_fc_dims=256_seed2,1584dcfd96,trial_0311_learning_rate=1.0e-03_history=20_kernel_sizes=20_conv_channels=256_fc_dims=256_seed2
/scratch/sb272/patterns5k_results/slurm_hist_cnn_2026-03-03_15-13-01/trial_0209_learning_rate=5.0e-04_history=20_kernel_sizes=10x5x3_conv_channels=256x128x64_fc_dims=256_seed2,cnn,0.171635665,0.118398304,0.014157025,0.011895241,0.115743168,0.116220154,491391,491391,34,0.464093824,20,TRUE,0.454568327,0.336344163,11,0.318552256,0.125462487,1,"[10, 5, 3]","[256, 128, 64]",[256],6842253,bb5u25c1,341.1,trial_0209_learning_rate=5.0e-04_history=20_kernel_sizes=10x5x3_conv_channels=256x128x64_fc_dims=256_seed2,d3ea2315f7,trial_0209_learning_rate=5.0e-04_history=20_kernel_sizes=10x5x3_conv_channels=256x128x64_fc_dims=256_seed2
/scratch/sb272/patterns5k_results/slurm_hist_cnn_2026-03-03_15-13-01/trial_0174_learning_rate=5.0e-04_history=20_kernel_sizes=10x5x3_conv_channels=256x128x64_fc_dims=256_seed2,cnn,0.170930081,0.119187936,0.013970993,0.0102834,0.112517647,0.117112022,491391,491391,31,0.463858611,20,TRUE,0.454568327,0.34077641,12,0.318552256,0.125854418,1,"[10, 5, 3]","[256, 128, 64]",[256],6842251,bb5u23c1,330.1,trial_0174_learning_rate=5.0e-04_history=20_kernel_sizes=10x5x3_conv_channels=256x128x64_fc_dims=256_seed2,8c0c1be481,trial_0174_learning_rate=5.0e-04_history=20_kernel_sizes=10x5x3_conv_channels=256x128x64_fc_dims=256_seed2
/scratch/sb272/patterns5k_results/slurm_hist_cnn_2026-03-03_15-13-01/trial_0171_learning_rate=5.0e-04_history=20_kernel_sizes=20_conv_channels=256_fc_dims=256_seed0,cnn,0.171466215,0.116492348,0.014240272,0.014382423,0.121430472,0.118990506,620351,620351,31,0.463546804,20,TRUE,0.454568327,0.349522364,13,0.318552256,0.124837063,1,[20],[256],[256],6842251,bb5u23c1,342,trial_0171_learning_rate=5.0e-04_history=20_kernel_sizes=20_conv_channels=256_fc_dims=256_seed0,2d16cbfa0c,trial_0171_learning_rate=5.0e-04_history=20_kernel_sizes=20_conv_channels=256_fc_dims=256_seed0
/scratch/sb272/patterns5k_results/slurm_hist_cnn_2026-03-03_15-13-01/trial_0348_learning_rate=5.0e-03_history=20_kernel_sizes=10x5_conv_channels=256x128_fc_dims=256_seed0,cnn,0.169190495,0.128398187,0.016352148,0.010529505,0.119545519,0.13239263,483007,483007,17,0.463257214,20,TRUE,0.454568327,0.325210325,9,0.318552256,0.134230837,1,"[10, 5]","[256, 128]",[256],6850606,bb6u17g1,263.2,trial_0348_learning_rate=5.0e-03_history=20_kernel_sizes=10x5_conv_channels=256x128_fc_dims=256_seed0,ffa19b888e,trial_0348_learning_rate=5.0e-03_history=20_kernel_sizes=10x5_conv_channels=256x128_fc_dims=256_seed0
/scratch/sb272/patterns5k_results/slurm_hist_cnn_2026-03-03_15-13-01/trial_0173_learning_rate=5.0e-04_history=20_kernel_sizes=10x5_conv_channels=256x128_fc_dims=256_seed0,cnn,0.171774381,0.11937617,0.003896661,0.000391778,0.115162671,0.122425098,483007,483007,35,0.463153599,20,TRUE,0.454568327,0.323915574,9,0.318552256,0.125673279,1,"[10, 5]","[256, 128]",[256],6842251,bb5u23c1,341.4,trial_0173_learning_rate=5.0e-04_history=20_kernel_sizes=10x5_conv_channels=256x128_fc_dims=256_seed0,e4fb973cf7,trial_0173_learning_rate=5.0e-04_history=20_kernel_sizes=10x5_conv_channels=256x128_fc_dims=256_seed0
/scratch/sb272/patterns5k_results/slurm_hist_cnn_2026-03-03_15-13-01/trial_0094_learning_rate=1.0e-04_history=10_kernel_sizes=20_conv_channels=256_fc_dims=256_seed1,cnn,0.170543032,0.116180489,0.016210826,0.010391621,0.106979415,0.116371201,620351,620351,46,0.463128155,10,TRUE,0.454568327,0.374741844,15,0.318552256,0.126246467,1,[20],[256],[256],6842246,bb4u12c1,473.6,trial_0094_learning_rate=1.0e-04_history=10_kernel_sizes=20_conv_channels=256_fc_dims=256_seed1,3cdc62f848,trial_0094_learning_rate=1.0e-04_history=10_kernel_sizes=20_conv_channels=256_fc_dims=256_seed1
/scratch/sb272/patterns5k_results/slurm_hist_cnn_2026-03-03_15-13-01/trial_0103_learning_rate=1.0e-04_history=20_kernel_sizes=10x5_conv_channels=256x128_fc_dims=256_seed0,cnn,0.171227066,0.116687313,0.007848242,0.007265858,0.11495956,0.113781718,483007,483007,50,0.461502095,20,TRUE,0.454568327,0.334401236,9,0.318552256,0.123166166,1,"[10, 5]","[256, 128]",[256],6842247,bb4u18c1,474.2,trial_0103_learning_rate=1.0e-04_history=20_kernel_sizes=10x5_conv_channels=256x128_fc_dims=256_seed0,d8b6cb4593,trial_0103_learning_rate=1.0e-04_history=20_kernel_sizes=10x5_conv_channels=256x128_fc_dims=256_seed0
/scratch/sb272/patterns5k_results/slurm_hist_cnn_2026-03-03_15-13-01/trial_0381_learning_rate=5.0e-03_history=20_kernel_sizes=20_conv_channels=256_fc_dims=256_seed2,cnn,0.169362075,0.125348427,0.017889578,0.016169709,0.125240073,0.122353363,620351,620351,18,0.460968022,20,TRUE,0.454568327,0.350235145,12,0.318552256,0.134227693,1,[20],[256],[256],6851123,bb2u26c1,264.7,trial_0381_learning_rate=5.0e-03_history=20_kernel_sizes=20_conv_channels=256_fc_dims=256_seed2,f9fcf5c889,trial_0381_learning_rate=5.0e-03_history=20_kernel_sizes=20_conv_channels=256_fc_dims=256_seed2
/scratch/sb272/patterns5k_results/slurm_hist_cnn_2026-03-03_15-13-01/trial_0348_learning_rate=5.0e-03_history=20_kernel_sizes=10x5_conv_channels=256x128_fc_dims=256_seed2,cnn,0.169534693,0.122809146,0.015663871,0.010966649,0.115942292,0.127003491,483007,483007,18,0.46060357,20,TRUE,0.454568327,0.336499255,11,0.318552256,0.129908934,1,"[10, 5]","[256, 128]",[256],6850606,bb6u17g1,262.7,trial_0348_learning_rate=5.0e-03_history=20_kernel_sizes=10x5_conv_channels=256x128_fc_dims=256_seed2,ffa19b888e,trial_0348_learning_rate=5.0e-03_history=20_kernel_sizes=10x5_conv_channels=256x128_fc_dims=256_seed2
/scratch/sb272/patterns5k_results/slurm_hist_cnn_2026-03-03_15-13-01/trial_0417_learning_rate=5.0e-03_history=20_kernel_sizes=10x3_conv_channels=256x128_fc_dims=256_seed0,cnn,0.169665994,0.125872262,0.016718868,0.014022355,0.119285919,0.130074023,417471,417471,18,0.460137614,20,TRUE,0.454568327,0.343615953,11,0.318552256,0.131793335,1,"[10, 3]","[256, 128]",[256],6837009,bb4u21c1,243.2,trial_0417_learning_rate=5.0e-03_history=20_kernel_sizes=10x3_conv_channels=256x128_fc_dims=256_seed0,5d47ea409d,trial_0417_learning_rate=5.0e-03_history=20_kernel_sizes=10x3_conv_channels=256x128_fc_dims=256_seed0
/scratch/sb272/patterns5k_results/slurm_hist_cnn_2026-03-03_15-13-01/trial_0102_learning_rate=1.0e-04_history=20_kernel_sizes=10x3_conv_channels=256x128_fc_dims=256_seed0,cnn,0.172521769,0.113858371,0.001690025,0.002466808,0.112790547,0.117199359,417471,417471,50,0.45962002,20,TRUE,0.454568327,0.329351922,9,0.318552256,0.119822703,1,"[10, 3]","[256, 128]",[256],6842247,bb4u18c1,434.8,trial_0102_learning_rate=1.0e-04_history=20_kernel_sizes=10x3_conv_channels=256x128_fc_dims=256_seed0,54fadd1f22,trial_0102_learning_rate=1.0e-04_history=20_kernel_sizes=10x3_conv_channels=256x128_fc_dims=256_seed0
/scratch/sb272/patterns5k_results/slurm_hist_cnn_2026-03-03_15-13-01/trial_0419_learning_rate=5.0e-03_history=20_kernel_sizes=10x5x3_conv_channels=256x128x64_fc_dims=256_seed1,cnn,0.168562574,0.122833184,0.017014047,0.011851445,0.110802554,0.126671887,491391,491391,17,0.459179425,20,TRUE,0.454568327,0.327887144,12,0.318552256,0.12906298,1,"[10, 5, 3]","[256, 128, 64]",[256],6837009,bb4u21c1,258.9,trial_0419_learning_rate=5.0e-03_history=20_kernel_sizes=10x5x3_conv_channels=256x128x64_fc_dims=256_seed1,3479d681ba,trial_0419_learning_rate=5.0e-03_history=20_kernel_sizes=10x5x3_conv_channels=256x128x64_fc_dims=256_seed1
/scratch/sb272/patterns5k_results/slurm_hist_cnn_2026-03-03_15-13-01/trial_0209_learning_rate=5.0e-04_history=20_kernel_sizes=10x5x3_conv_channels=256x128x64_fc_dims=256_seed1,cnn,0.171891784,0.113797899,0.011737275,0.008672247,0.109067231,0.116323912,491391,491391,33,0.458797346,20,TRUE,0.454568327,0.329330126,11,0.318552256,0.1209969,1,"[10, 5, 3]","[256, 128, 64]",[256],6842253,bb5u25c1,332,trial_0209_learning_rate=5.0e-04_history=20_kernel_sizes=10x5x3_conv_channels=256x128x64_fc_dims=256_seed1,d3ea2315f7,trial_0209_learning_rate=5.0e-04_history=20_kernel_sizes=10x5x3_conv_channels=256x128x64_fc_dims=256_seed1
/scratch/sb272/patterns5k_results/slurm_hist_cnn_2026-03-03_15-13-01/trial_0346_learning_rate=5.0e-03_history=20_kernel_sizes=20_conv_channels=256_fc_dims=256_seed0,cnn,0.169366772,0.122992258,0.018298951,0.016606582,0.124006778,0.12513814,620351,620351,17,0.458750813,20,TRUE,0.454568327,0.358333245,10,0.318552256,0.132645145,1,[20],[256],[256],6850606,bb6u17g1,275.1,trial_0346_learning_rate=5.0e-03_history=20_kernel_sizes=20_conv_channels=256_fc_dims=256_seed0,e14f17c85c,trial_0346_learning_rate=5.0e-03_history=20_kernel_sizes=20_conv_channels=256_fc_dims=256_seed0
/scratch/sb272/patterns5k_results/slurm_hist_cnn_2026-03-03_15-13-01/trial_0279_learning_rate=1.0e-03_history=20_kernel_sizes=10x5x3_conv_channels=256x128x64_fc_dims=256_seed1,cnn,0.169774914,0.120893209,0.011695979,0.009425642,0.114736378,0.125518241,491391,491391,23,0.458740186,20,TRUE,0.454568327,0.328904237,13,0.318552256,0.127871335,1,"[10, 5, 3]","[256, 128, 64]",[256],6842257,bc12u15n1,459.8,trial_0279_learning_rate=1.0e-03_history=20_kernel_sizes=10x5x3_conv_channels=256x128x64_fc_dims=256_seed1,ba869cf464,trial_0279_learning_rate=1.0e-03_history=20_kernel_sizes=10x5x3_conv_channels=256x128x64_fc_dims=256_seed1
/scratch/sb272/patterns5k_results/slurm_hist_cnn_2026-03-03_15-13-01/trial_0096_learning_rate=1.0e-04_history=10_kernel_sizes=10x5_conv_channels=256x128_fc_dims=256_seed0,cnn,0.170259346,0.118901997,0.008786916,0.005780467,0.104997791,0.115146735,483007,483007,50,0.458726284,10,TRUE,0.454568327,0.356212396,13,0.318552256,0.126104668,1,"[10, 5]","[256, 128]",[256],6842246,bb4u12c1,462,trial_0096_learning_rate=1.0e-04_history=10_kernel_sizes=10x5_conv_channels=256x128_fc_dims=256_seed0,2136731497,trial_0096_learning_rate=1.0e-04_history=10_kernel_sizes=10x5_conv_channels=256x128_fc_dims=256_seed0
/scratch/sb272/patterns5k_results/slurm_hist_cnn_2026-03-03_15-13-01/trial_0102_learning_rate=1.0e-04_history=20_kernel_sizes=10x3_conv_channels=256x128_fc_dims=256_seed1,cnn,0.171990467,0.112147811,0.00437868,0.00621157,0.112444401,0.113718479,417471,417471,50,0.45831705,20,TRUE,0.454568327,0.339570475,10,0.318552256,0.118656442,1,"[10, 3]","[256, 128]",[256],6842247,bb4u18c1,418.9,trial_0102_learning_rate=1.0e-04_history=20_kernel_sizes=10x3_conv_channels=256x128_fc_dims=256_seed1,54fadd1f22,trial_0102_learning_rate=1.0e-04_history=20_kernel_sizes=10x3_conv_channels=256x128_fc_dims=256_seed1
/scratch/sb272/patterns5k_results/slurm_hist_cnn_2026-03-03_15-13-01/trial_0103_learning_rate=1.0e-04_history=20_kernel_sizes=10x5_conv_channels=256x128_fc_dims=256_seed1,cnn,0.171197945,0.113092355,0.006083533,0.006818005,0.112806872,0.114553711,483007,483007,50,0.457269345,20,TRUE,0.454568327,0.33280724,11,0.318552256,0.119943462,1,"[10, 5]","[256, 128]",[256],6842247,bb4u18c1,475.7,trial_0103_learning_rate=1.0e-04_history=20_kernel_sizes=10x5_conv_channels=256x128_fc_dims=256_seed1,d8b6cb4593,trial_0103_learning_rate=1.0e-04_history=20_kernel_sizes=10x5_conv_channels=256x128_fc_dims=256_seed1
/scratch/sb272/patterns5k_results/slurm_hist_cnn_2026-03-03_15-13-01/trial_0346_learning_rate=5.0e-03_history=20_kernel_sizes=20_conv_channels=256_fc_dims=256_seed2,cnn,0.170556705,0.121613202,0.013185756,0.012688045,0.122640744,0.121731827,620351,620351,19,0.457225524,20,TRUE,0.454568327,0.356102282,9,0.318552256,0.13066791,1,[20],[256],[256],6850606,bb6u17g1,290.2,trial_0346_learning_rate=5.0e-03_history=20_kernel_sizes=20_conv_channels=256_fc_dims=256_seed2,e14f17c85c,trial_0346_learning_rate=5.0e-03_history=20_kernel_sizes=20_conv_channels=256_fc_dims=256_seed2
/scratch/sb272/patterns5k_results/slurm_hist_cnn_2026-03-03_15-13-01/trial_0032_learning_rate=1.0e-04_history=20_kernel_sizes=10x3_conv_channels=256x128_fc_dims=256_seed1,cnn,0.171713169,0.116679397,0.005552474,0.006880009,0.116415896,0.116736691,417471,417471,50,0.456424102,20,TRUE,0.454568327,0.33212728,9,0.318552256,0.122697398,1,"[10, 3]","[256, 128]",[256],6842242,bb2u22c1,422.7,trial_0032_learning_rate=1.0e-04_history=20_kernel_sizes=10x3_conv_channels=256x128_fc_dims=256_seed1,cae22ead0a,trial_0032_learning_rate=1.0e-04_history=20_kernel_sizes=10x3_conv_channels=256x128_fc_dims=256_seed1
/scratch/sb272/patterns5k_results/slurm_hist_cnn_2026-03-03_15-13-01/trial_0097_learning_rate=1.0e-04_history=10_kernel_sizes=10x5x3_conv_channels=256x128x64_fc_dims=256_seed2,cnn,0.169761077,0.116505917,0.014731564,0.007372963,0.095075063,0.111985984,491391,491391,50,0.456033381,10,TRUE,0.454568327,0.347724116,12,0.318552256,0.122968711,0,"[10, 5, 3]","[256, 128, 64]",[256],6842246,bb4u12c1,495.2,trial_0097_learning_rate=1.0e-04_history=10_kernel_sizes=10x5x3_conv_channels=256x128x64_fc_dims=256_seed2,79c735d7b3,trial_0097_learning_rate=1.0e-04_history=10_kernel_sizes=10x5x3_conv_channels=256x128x64_fc_dims=256_seed2
/scratch/sb272/patterns5k_results/slurm_hist_cnn_2026-03-03_15-13-01/trial_0206_learning_rate=5.0e-04_history=20_kernel_sizes=20_conv_channels=256_fc_dims=256_seed0,cnn,0.171047598,0.1181564,0.01527006,0.014257951,0.123033226,0.119921363,620351,620351,31,0.455651547,20,TRUE,0.454568327,0.350206503,11,0.318552256,0.127432793,1,[20],[256],[256],6842253,bb5u25c1,333.5,trial_0206_learning_rate=5.0e-04_history=20_kernel_sizes=20_conv_channels=256_fc_dims=256_seed0,50ad27bf0b,trial_0206_learning_rate=5.0e-04_history=20_kernel_sizes=20_conv_channels=256_fc_dims=256_seed0
/scratch/sb272/patterns5k_results/slurm_hist_cnn_2026-03-03_15-13-01/trial_0314_learning_rate=1.0e-03_history=20_kernel_sizes=10x5x3_conv_channels=256x128x64_fc_dims=256_seed2,cnn,0.170472672,0.118141736,0.012908829,0.010934903,0.114917785,0.119301817,491391,491391,25,0.455392757,20,TRUE,0.454568327,0.338351136,9,0.318552256,0.125161201,1,"[10, 5, 3]","[256, 128, 64]",[256],6842259,bc12u15n3,563.6,trial_0314_learning_rate=1.0e-03_history=20_kernel_sizes=10x5x3_conv_channels=256x128x64_fc_dims=256_seed2,88778c926d,trial_0314_learning_rate=1.0e-03_history=20_kernel_sizes=10x5x3_conv_channels=256x128x64_fc_dims=256_seed2
/scratch/sb272/patterns5k_results/slurm_hist_cnn_2026-03-03_15-13-01/trial_0136_learning_rate=5.0e-04_history=20_kernel_sizes=20_conv_channels=256_fc_dims=256_seed1,cnn,0.172165751,0.116351799,0.012287603,0.013464935,0.123295866,0.118541008,620351,620351,33,0.455226663,20,TRUE,0.454568327,0.355581746,12,0.318552256,0.125198156,1,[20],[256],[256],6842249,bb4u22c1,428.6,trial_0136_learning_rate=5.0e-04_history=20_kernel_sizes=20_conv_channels=256_fc_dims=256_seed1,22023dab3f,trial_0136_learning_rate=5.0e-04_history=20_kernel_sizes=20_conv_channels=256_fc_dims=256_seed1
/scratch/sb272/patterns5k_results/slurm_hist_cnn_2026-03-03_15-13-01/trial_0136_learning_rate=5.0e-04_history=20_kernel_sizes=20_conv_channels=256_fc_dims=256_seed2,cnn,0.171100042,0.118278081,0.014481263,0.013481928,0.122721307,0.118510319,620351,620351,30,0.454598363,20,TRUE,0.454568327,0.347720694,11,0.318552256,0.127301618,1,[20],[256],[256],6842249,bb4u22c1,392.5,trial_0136_learning_rate=5.0e-04_history=20_kernel_sizes=20_conv_channels=256_fc_dims=256_seed2,22023dab3f,trial_0136_learning_rate=5.0e-04_history=20_kernel_sizes=20_conv_channels=256_fc_dims=256_seed2
/scratch/sb272/patterns5k_results/slurm_hist_cnn_2026-03-03_15-13-01/trial_0062_learning_rate=1.0e-04_history=10_kernel_sizes=10x5x3_conv_channels=256x128x64_fc_dims=256_seed2,cnn,0.170440363,0.111401672,0.013933945,0.006424033,0.090487905,0.109623498,491391,491391,47,0.453607735,10,TRUE,0.454568327,0.344954924,14,0.318552256,0.118038557,0,"[10, 5, 3]","[256, 128, 64]",[256],6842244,bb3u12c1,491,trial_0062_learning_rate=1.0e-04_history=10_kernel_sizes=10x5x3_conv_channels=256x128x64_fc_dims=256_seed2,f0986672f2,trial_0062_learning_rate=1.0e-04_history=10_kernel_sizes=10x5x3_conv_channels=256x128x64_fc_dims=256_seed2
/scratch/sb272/patterns5k_results/slurm_hist_cnn_2026-03-03_15-13-01/trial_0094_learning_rate=1.0e-04_history=10_kernel_sizes=20_conv_channels=256_fc_dims=256_seed0,cnn,0.171004906,0.112604533,0.015224173,0.009608029,0.104386516,0.11399485,620351,620351,46,0.452362582,10,TRUE,0.454568327,0.372318361,16,0.318552256,0.122814804,1,[20],[256],[256],6842246,bb4u12c1,497.8,trial_0094_learning_rate=1.0e-04_history=10_kernel_sizes=20_conv_channels=256_fc_dims=256_seed0,3cdc62f848,trial_0094_learning_rate=1.0e-04_history=10_kernel_sizes=20_conv_channels=256_fc_dims=256_seed0
/scratch/sb272/patterns5k_results/slurm_hist_cnn_2026-03-03_15-13-01/trial_0032_learning_rate=1.0e-04_history=20_kernel_sizes=10x3_conv_channels=256x128_fc_dims=256_seed0,cnn,0.171681876,0.113263436,0.004845452,0.005522412,0.112282895,0.112585744,417471,417471,50,0.452255199,20,TRUE,0.454568327,0.323269674,12,0.318552256,0.118886858,1,"[10, 3]","[256, 128]",[256],6842242,bb2u22c1,421.4,trial_0032_learning_rate=1.0e-04_history=20_kernel_sizes=10x3_conv_channels=256x128_fc_dims=256_seed0,cae22ead0a,trial_0032_learning_rate=1.0e-04_history=20_kernel_sizes=10x3_conv_channels=256x128_fc_dims=256_seed0
/scratch/sb272/patterns5k_results/slurm_hist_cnn_2026-03-03_15-13-01/trial_0206_learning_rate=5.0e-04_history=20_kernel_sizes=20_conv_channels=256_fc_dims=256_seed1,cnn,0.171405383,0.115920609,0.011825869,0.011389357,0.119586192,0.120074442,620351,620351,29,0.452234345,20,TRUE,0.454568327,0.347296766,11,0.318552256,0.125106171,1,[20],[256],[256],6842253,bb5u25c1,323,trial_0206_learning_rate=5.0e-04_history=20_kernel_sizes=20_conv_channels=256_fc_dims=256_seed1,50ad27bf0b,trial_0206_learning_rate=5.0e-04_history=20_kernel_sizes=20_conv_channels=256_fc_dims=256_seed1
/scratch/sb272/patterns5k_results/slurm_hist_cnn_2026-03-03_15-13-01/trial_0059_learning_rate=1.0e-04_history=10_kernel_sizes=20_conv_channels=256_fc_dims=256_seed1,cnn,0.170970199,0.112668658,0.014486102,0.00921695,0.103913404,0.116028025,620351,620351,50,0.450254332,10,TRUE,0.454568327,0.369310623,16,0.318552256,0.122480713,1,[20],[256],[256],6842244,bb3u12c1,488.1,trial_0059_learning_rate=1.0e-04_history=10_kernel_sizes=20_conv_channels=256_fc_dims=256_seed1,1e7530fd4c,trial_0059_learning_rate=1.0e-04_history=10_kernel_sizes=20_conv_channels=256_fc_dims=256_seed1
/scratch/sb272/patterns5k_results/slurm_hist_cnn_2026-03-03_15-13-01/trial_0244_learning_rate=1.0e-03_history=20_kernel_sizes=10x5x3_conv_channels=256x128x64_fc_dims=256_seed1,cnn,0.169548222,0.120515442,0.015444856,0.010741204,0.113599643,0.122954184,491391,491391,22,0.449956852,20,TRUE,0.454568327,0.324845026,10,0.318552256,0.127493814,1,"[10, 5, 3]","[256, 128, 64]",[256],6842255,bb5u26c1,282.3,trial_0244_learning_rate=1.0e-03_history=20_kernel_sizes=10x5x3_conv_channels=256x128x64_fc_dims=256_seed1,1d38e08e71,trial_0244_learning_rate=1.0e-03_history=20_kernel_sizes=10x5x3_conv_channels=256x128x64_fc_dims=256_seed1
/scratch/sb272/patterns5k_results/slurm_hist_cnn_2026-03-03_15-13-01/trial_0068_learning_rate=1.0e-04_history=20_kernel_sizes=10x5_conv_channels=256x128_fc_dims=256_seed1,cnn,0.171601855,0.109252895,0.004207269,0.003922778,0.108268067,0.112862571,483007,483007,50,0.448552682,20,TRUE,0.454568327,0.322373448,10,0.318552256,0.116122097,1,"[10, 5]","[256, 128]",[256],6842245,bb3u23c1,408.2,trial_0068_learning_rate=1.0e-04_history=20_kernel_sizes=10x5_conv_channels=256x128_fc_dims=256_seed1,1e6b80e4de,trial_0068_learning_rate=1.0e-04_history=20_kernel_sizes=10x5_conv_channels=256x128_fc_dims=256_seed1
/scratch/sb272/patterns5k_results/slurm_hist_cnn_2026-03-03_15-13-01/trial_0311_learning_rate=1.0e-03_history=20_kernel_sizes=20_conv_channels=256_fc_dims=256_seed1,cnn,0.17180658,0.119516568,0.014324658,0.012286972,0.124102563,0.122230619,620351,620351,26,0.448480246,20,TRUE,0.454568327,0.346419509,9,0.318552256,0.128714278,1,[20],[256],[256],6842259,bc12u15n3,582.2,trial_0311_learning_rate=1.0e-03_history=20_kernel_sizes=20_conv_channels=256_fc_dims=256_seed1,1584dcfd96,trial_0311_learning_rate=1.0e-03_history=20_kernel_sizes=20_conv_channels=256_fc_dims=256_seed1
/scratch/sb272/patterns5k_results/slurm_hist_cnn_2026-03-03_15-13-01/trial_0024_learning_rate=1.0e-04_history=10_kernel_sizes=20_conv_channels=256_fc_dims=256_seed0,cnn,0.171295111,0.115693913,0.015527562,0.010328424,0.107302457,0.114291127,620351,620351,50,0.448161898,10,TRUE,0.454568327,0.365962811,15,0.318552256,0.125451535,1,[20],[256],[256],6842242,bb2u22c1,485.5,trial_0024_learning_rate=1.0e-04_history=10_kernel_sizes=20_conv_channels=256_fc_dims=256_seed0,ee3ec47f5c,trial_0024_learning_rate=1.0e-04_history=10_kernel_sizes=20_conv_channels=256_fc_dims=256_seed0
/scratch/sb272/patterns5k_results/slurm_hist_cnn_2026-03-03_15-13-01/trial_0419_learning_rate=5.0e-03_history=20_kernel_sizes=10x5x3_conv_channels=256x128x64_fc_dims=256_seed2,cnn,0.16869606,0.124765986,0.017019138,0.012392721,0.112987362,0.123691116,491391,491391,18,0.447019411,20,TRUE,0.454568327,0.327010387,13,0.318552256,0.131002471,1,"[10, 5, 3]","[256, 128, 64]",[256],6837009,bb4u21c1,268.8,trial_0419_learning_rate=5.0e-03_history=20_kernel_sizes=10x5x3_conv_channels=256x128x64_fc_dims=256_seed2,3479d681ba,trial_0419_learning_rate=5.0e-03_history=20_kernel_sizes=10x5x3_conv_channels=256x128x64_fc_dims=256_seed2
/scratch/sb272/patterns5k_results/slurm_hist_cnn_2026-03-03_15-13-01/trial_0383_learning_rate=5.0e-03_history=20_kernel_sizes=10x5_conv_channels=256x128_fc_dims=256_seed1,cnn,0.168393078,0.126807894,0.0194728,0.015443155,0.119721845,0.136808152,483007,483007,16,0.446613803,20,TRUE,0.454568327,0.339500513,11,0.318552256,0.13436009,1,"[10, 5]","[256, 128]",[256],6851187,bb5u25c1,231.1,trial_0383_learning_rate=5.0e-03_history=20_kernel_sizes=10x5_conv_channels=256x128_fc_dims=256_seed1,9a2b604942,trial_0383_learning_rate=5.0e-03_history=20_kernel_sizes=10x5_conv_channels=256x128_fc_dims=256_seed1
/scratch/sb272/patterns5k_results/slurm_hist_cnn_2026-03-03_15-13-01/trial_0383_learning_rate=5.0e-03_history=20_kernel_sizes=10x5_conv_channels=256x128_fc_dims=256_seed0,cnn,0.170749026,0.12239157,0.011468421,0.008671591,0.114654563,0.129486751,483007,483007,19,0.445361175,20,TRUE,0.454568327,0.33570792,11,0.318552256,0.129456267,1,"[10, 5]","[256, 128]",[256],6851123,bb2u26c1,254.4,trial_0383_learning_rate=5.0e-03_history=20_kernel_sizes=10x5_conv_channels=256x128_fc_dims=256_seed0,9a2b604942,trial_0383_learning_rate=5.0e-03_history=20_kernel_sizes=10x5_conv_channels=256x128_fc_dims=256_seed0
/scratch/sb272/patterns5k_results/slurm_hist_cnn_2026-03-03_15-13-01/trial_0067_learning_rate=1.0e-04_history=20_kernel_sizes=10x3_conv_channels=256x128_fc_dims=256_seed0,cnn,0.172144436,0.111922081,0.002736237,0.00336093,0.110160351,0.114569671,417471,417471,50,0.443063207,20,TRUE,0.454568327,0.323038454,9,0.318552256,0.117685132,1,"[10, 3]","[256, 128]",[256],6842245,bb3u23c1,379.1,trial_0067_learning_rate=1.0e-04_history=20_kernel_sizes=10x3_conv_channels=256x128_fc_dims=256_seed0,e776dfa63c,trial_0067_learning_rate=1.0e-04_history=20_kernel_sizes=10x3_conv_channels=256x128_fc_dims=256_seed0
/scratch/sb272/patterns5k_results/slurm_hist_cnn_2026-03-03_15-13-01/trial_0243_learning_rate=1.0e-03_history=20_kernel_sizes=10x5_conv_channels=256x128_fc_dims=256_seed1,cnn,0.170330361,0.121493283,0.010008114,0.003921743,0.114633441,0.129969335,483007,483007,21,0.442222263,20,TRUE,0.454568327,0.326084303,9,0.318552256,0.128517464,1,"[10, 5]","[256, 128]",[256],6842255,bb5u26c1,276.5,trial_0243_learning_rate=1.0e-03_history=20_kernel_sizes=10x5_conv_channels=256x128_fc_dims=256_seed1,755646e613,trial_0243_learning_rate=1.0e-03_history=20_kernel_sizes=10x5_conv_channels=256x128_fc_dims=256_seed1
/scratch/sb272/patterns5k_results/slurm_hist_cnn_2026-03-03_15-13-01/trial_0244_learning_rate=1.0e-03_history=20_kernel_sizes=10x5x3_conv_channels=256x128x64_fc_dims=256_seed2,cnn,0.169746641,0.120655288,0.016478329,0.011592495,0.111516006,0.1209077,491391,491391,22,0.441079892,20,TRUE,0.454568327,0.321412161,9,0.318552256,0.127555445,1,"[10, 5, 3]","[256, 128, 64]",[256],6842255,bb5u26c1,286.3,trial_0244_learning_rate=1.0e-03_history=20_kernel_sizes=10x5x3_conv_channels=256x128x64_fc_dims=256_seed2,1d38e08e71,trial_0244_learning_rate=1.0e-03_history=20_kernel_sizes=10x5x3_conv_channels=256x128x64_fc_dims=256_seed2
/scratch/sb272/patterns5k_results/slurm_hist_cnn_2026-03-03_15-13-01/trial_0069_learning_rate=1.0e-04_history=20_kernel_sizes=10x5x3_conv_channels=256x128x64_fc_dims=256_seed2,cnn,0.171159626,0.107830351,0.010958968,0.008138241,0.102972358,0.104578035,491391,491391,50,0.440781045,20,TRUE,0.454568327,0.318245158,12,0.318552256,0.113091566,0,"[10, 5, 3]","[256, 128, 64]",[256],6842245,bb3u23c1,469.9,trial_0069_learning_rate=1.0e-04_history=20_kernel_sizes=10x5x3_conv_channels=256x128x64_fc_dims=256_seed2,fcd40fe253,trial_0069_learning_rate=1.0e-04_history=20_kernel_sizes=10x5x3_conv_channels=256x128x64_fc_dims=256_seed2
/scratch/sb272/patterns5k_results/slurm_hist_cnn_2026-03-03_15-13-01/trial_0349_learning_rate=5.0e-03_history=20_kernel_sizes=10x5x3_conv_channels=256x128x64_fc_dims=256_seed2,cnn,0.172028334,0.117553553,0.011991896,0.007450566,0.106640227,0.119493053,491391,491391,25,0.438263087,20,TRUE,0.454568327,0.321048144,10,0.318552256,0.12450517,1,"[10, 5, 3]","[256, 128, 64]",[256],6850606,bb6u17g1,312.5,trial_0349_learning_rate=5.0e-03_history=20_kernel_sizes=10x5x3_conv_channels=256x128x64_fc_dims=256_seed2,b8db314a5a,trial_0349_learning_rate=5.0e-03_history=20_kernel_sizes=10x5x3_conv_channels=256x128x64_fc_dims=256_seed2
/scratch/sb272/patterns5k_results/slurm_hist_cnn_2026-03-03_15-13-01/trial_0171_learning_rate=5.0e-04_history=20_kernel_sizes=20_conv_channels=256_fc_dims=256_seed2,cnn,0.171483188,0.116155966,0.014977074,0.01402582,0.119071454,0.11626252,620351,620351,29,0.435130999,20,TRUE,0.454568327,0.333217748,10,0.318552256,0.124736808,1,[20],[256],[256],6842251,bb5u23c1,330.2,trial_0171_learning_rate=5.0e-04_history=20_kernel_sizes=20_conv_channels=256_fc_dims=256_seed2,2d16cbfa0c,trial_0171_learning_rate=5.0e-04_history=20_kernel_sizes=20_conv_channels=256_fc_dims=256_seed2
/scratch/sb272/patterns5k_results/slurm_hist_cnn_2026-03-03_15-13-01/trial_0349_learning_rate=5.0e-03_history=20_kernel_sizes=10x5x3_conv_channels=256x128x64_fc_dims=256_seed0,cnn,0.168423484,0.123536036,0.016227233,0.011540768,0.11271134,0.127105183,491391,491391,17,0.434698983,20,TRUE,0.454568327,0.318889027,12,0.318552256,0.130088538,1,"[10, 5, 3]","[256, 128, 64]",[256],6850606,bb6u17g1,266.1,trial_0349_learning_rate=5.0e-03_history=20_kernel_sizes=10x5x3_conv_channels=256x128x64_fc_dims=256_seed0,b8db314a5a,trial_0349_learning_rate=5.0e-03_history=20_kernel_sizes=10x5x3_conv_channels=256x128x64_fc_dims=256_seed0
/scratch/sb272/patterns5k_results/slurm_hist_cnn_2026-03-03_15-13-01/trial_0419_learning_rate=5.0e-03_history=20_kernel_sizes=10x5x3_conv_channels=256x128x64_fc_dims=256_seed0,cnn,0.168672421,0.121380385,0.01629081,0.012245204,0.111378692,0.121908475,491391,491391,17,0.434636994,20,TRUE,0.454568327,0.328150879,11,0.318552256,0.128167957,1,"[10, 5, 3]","[256, 128, 64]",[256],6837009,bb4u21c1,257.2,trial_0419_learning_rate=5.0e-03_history=20_kernel_sizes=10x5x3_conv_channels=256x128x64_fc_dims=256_seed0,3479d681ba,trial_0419_learning_rate=5.0e-03_history=20_kernel_sizes=10x5x3_conv_channels=256x128x64_fc_dims=256_seed0
/scratch/sb272/patterns5k_results/slurm_hist_cnn_2026-03-03_15-13-01/trial_0384_learning_rate=5.0e-03_history=20_kernel_sizes=10x5x3_conv_channels=256x128x64_fc_dims=256_seed0,cnn,0.169095552,0.122978245,0.016461886,0.01204125,0.11210411,0.125383723,491391,491391,20,0.432546263,20,TRUE,0.454568327,0.320580182,10,0.318552256,0.129027471,1,"[10, 5, 3]","[256, 128, 64]",[256],6851187,bb5u25c1,260.5,trial_0384_learning_rate=5.0e-03_history=20_kernel_sizes=10x5x3_conv_channels=256x128x64_fc_dims=256_seed0,5bbb924e59,trial_0384_learning_rate=5.0e-03_history=20_kernel_sizes=10x5x3_conv_channels=256x128x64_fc_dims=256_seed0
/scratch/sb272/patterns5k_results/slurm_hist_cnn_2026-03-03_15-13-01/trial_0027_learning_rate=1.0e-04_history=10_kernel_sizes=10x5x3_conv_channels=256x128x64_fc_dims=256_seed0,cnn,0.170008018,0.112848166,0.013870481,0.006077943,0.089781344,0.110889371,491391,491391,50,0.430723745,10,TRUE,0.454568327,0.339657099,12,0.318552256,0.118755072,0,"[10, 5, 3]","[256, 128, 64]",[256],6842242,bb2u22c1,471,trial_0027_learning_rate=1.0e-04_history=10_kernel_sizes=10x5x3_conv_channels=256x128x64_fc_dims=256_seed0,eb877c27b0,trial_0027_learning_rate=1.0e-04_history=10_kernel_sizes=10x5x3_conv_channels=256x128x64_fc_dims=256_seed0
/scratch/sb272/patterns5k_results/slurm_hist_cnn_2026-03-03_15-13-01/trial_0174_learning_rate=5.0e-04_history=20_kernel_sizes=10x5x3_conv_channels=256x128x64_fc_dims=256_seed0,cnn,0.171208262,0.113857451,0.012537106,0.009404095,0.10869702,0.118205235,491391,491391,28,0.430698935,20,TRUE,0.454568327,0.309780916,11,0.318552256,0.120342307,1,"[10, 5, 3]","[256, 128, 64]",[256],6842251,bb5u23c1,314.6,trial_0174_learning_rate=5.0e-04_history=20_kernel_sizes=10x5x3_conv_channels=256x128x64_fc_dims=256_seed0,8c0c1be481,trial_0174_learning_rate=5.0e-04_history=20_kernel_sizes=10x5x3_conv_channels=256x128x64_fc_dims=256_seed0
/scratch/sb272/patterns5k_results/slurm_hist_cnn_2026-03-03_15-13-01/trial_0209_learning_rate=5.0e-04_history=20_kernel_sizes=10x5x3_conv_channels=256x128x64_fc_dims=256_seed0,cnn,0.170893871,0.116979445,0.014319511,0.008542983,0.108740628,0.115700764,491391,491391,26,0.430353985,20,TRUE,0.454568327,0.314763471,11,0.318552256,0.123714127,1,"[10, 5, 3]","[256, 128, 64]",[256],6842253,bb5u25c1,292.6,trial_0209_learning_rate=5.0e-04_history=20_kernel_sizes=10x5x3_conv_channels=256x128x64_fc_dims=256_seed0,d3ea2315f7,trial_0209_learning_rate=5.0e-04_history=20_kernel_sizes=10x5x3_conv_channels=256x128x64_fc_dims=256_seed0
/scratch/sb272/patterns5k_results/slurm_hist_cnn_2026-03-03_15-13-01/trial_0384_learning_rate=5.0e-03_history=20_kernel_sizes=10x5x3_conv_channels=256x128x64_fc_dims=256_seed1,cnn,0.168796213,0.128234209,0.01558807,0.013539118,0.120274156,0.130978516,491391,491391,18,0.429748682,20,TRUE,0.454568327,0.325344219,11,0.318552256,0.135378256,1,"[10, 5, 3]","[256, 128, 64]",[256],6851187,bb5u25c1,248.1,trial_0384_learning_rate=5.0e-03_history=20_kernel_sizes=10x5x3_conv_channels=256x128x64_fc_dims=256_seed1,5bbb924e59,trial_0384_learning_rate=5.0e-03_history=20_kernel_sizes=10x5x3_conv_channels=256x128x64_fc_dims=256_seed1
/scratch/sb272/patterns5k_results/slurm_hist_cnn_2026-03-03_15-13-01/trial_0279_learning_rate=1.0e-03_history=20_kernel_sizes=10x5x3_conv_channels=256x128x64_fc_dims=256_seed2,cnn,0.16937451,0.12174567,0.014996913,0.012041474,0.113378905,0.121633304,491391,491391,22,0.428574307,20,TRUE,0.454568327,0.328151397,12,0.318552256,0.128590971,1,"[10, 5, 3]","[256, 128, 64]",[256],6842257,bc12u15n1,440.3,trial_0279_learning_rate=1.0e-03_history=20_kernel_sizes=10x5x3_conv_channels=256x128x64_fc_dims=256_seed2,ba869cf464,trial_0279_learning_rate=1.0e-03_history=20_kernel_sizes=10x5x3_conv_channels=256x128x64_fc_dims=256_seed2
/scratch/sb272/patterns5k_results/slurm_hist_cnn_2026-03-03_15-13-01/trial_0068_learning_rate=1.0e-04_history=20_kernel_sizes=10x5_conv_channels=256x128_fc_dims=256_seed2,cnn,0.171278936,0.110419022,0.006962205,0.0061501,0.109161697,0.107334514,483007,483007,50,0.426716693,20,TRUE,0.454568327,0.31109654,8,0.318552256,0.116272315,1,"[10, 5]","[256, 128]",[256],6842245,bb3u23c1,440,trial_0068_learning_rate=1.0e-04_history=20_kernel_sizes=10x5_conv_channels=256x128_fc_dims=256_seed2,1e6b80e4de,trial_0068_learning_rate=1.0e-04_history=20_kernel_sizes=10x5_conv_channels=256x128_fc_dims=256_seed2
/scratch/sb272/patterns5k_results/slurm_hist_cnn_2026-03-03_15-13-01/trial_0244_learning_rate=1.0e-03_history=20_kernel_sizes=10x5x3_conv_channels=256x128x64_fc_dims=256_seed0,cnn,0.168904091,0.123493049,0.015585538,0.010987043,0.115657493,0.125393754,491391,491391,23,0.426360297,20,TRUE,0.454568327,0.327957869,11,0.318552256,0.130823165,1,"[10, 5, 3]","[256, 128, 64]",[256],6842255,bb5u26c1,294.7,trial_0244_learning_rate=1.0e-03_history=20_kernel_sizes=10x5x3_conv_channels=256x128x64_fc_dims=256_seed0,1d38e08e71,trial_0244_learning_rate=1.0e-03_history=20_kernel_sizes=10x5x3_conv_channels=256x128x64_fc_dims=256_seed0
/scratch/sb272/patterns5k_results/slurm_hist_cnn_2026-03-03_15-13-01/trial_0314_learning_rate=1.0e-03_history=20_kernel_sizes=10x5x3_conv_channels=256x128x64_fc_dims=256_seed0,cnn,0.170323687,0.120184314,0.014384935,0.008446878,0.110354587,0.121830751,491391,491391,24,0.425110551,20,TRUE,0.454568327,0.310037333,10,0.318552256,0.127031878,1,"[10, 5, 3]","[256, 128, 64]",[256],6842259,bc12u15n3,585.6,trial_0314_learning_rate=1.0e-03_history=20_kernel_sizes=10x5x3_conv_channels=256x128x64_fc_dims=256_seed0,88778c926d,trial_0314_learning_rate=1.0e-03_history=20_kernel_sizes=10x5x3_conv_channels=256x128x64_fc_dims=256_seed0
/scratch/sb272/patterns5k_results/slurm_hist_cnn_2026-03-03_15-13-01/trial_0384_learning_rate=5.0e-03_history=20_kernel_sizes=10x5x3_conv_channels=256x128x64_fc_dims=256_seed2,cnn,0.16977076,0.124244423,0.017140248,0.012397753,0.112713136,0.124526333,491391,491391,21,0.424243065,20,TRUE,0.454568327,0.320958646,10,0.318552256,0.130458072,1,"[10, 5, 3]","[256, 128, 64]",[256],6851187,bb5u25c1,263,trial_0384_learning_rate=5.0e-03_history=20_kernel_sizes=10x5x3_conv_channels=256x128x64_fc_dims=256_seed2,5bbb924e59,trial_0384_learning_rate=5.0e-03_history=20_kernel_sizes=10x5x3_conv_channels=256x128x64_fc_dims=256_seed2
/scratch/sb272/patterns5k_results/slurm_hist_cnn_2026-03-03_15-13-01/trial_0031_learning_rate=1.0e-04_history=20_kernel_sizes=20_conv_channels=256_fc_dims=256_seed1,cnn,0.172438024,0.106783459,0.012143356,0.012075774,0.11250639,0.109668033,620351,620351,50,0.423868207,20,TRUE,0.454568327,0.331621732,12,0.318552256,0.115060925,1,[20],[256],[256],6842242,bb2u22c1,489.9,trial_0031_learning_rate=1.0e-04_history=20_kernel_sizes=20_conv_channels=256_fc_dims=256_seed1,26423638b0,trial_0031_learning_rate=1.0e-04_history=20_kernel_sizes=20_conv_channels=256_fc_dims=256_seed1
/scratch/sb272/patterns5k_results/slurm_hist_cnn_2026-03-03_15-13-01/trial_0034_learning_rate=1.0e-04_history=20_kernel_sizes=10x5x3_conv_channels=256x128x64_fc_dims=256_seed2,cnn,0.170883603,0.109633547,0.011956142,0.009335629,0.105254211,0.105370866,491391,491391,50,0.423434194,20,TRUE,0.454568327,0.310222988,11,0.318552256,0.114977516,0,"[10, 5, 3]","[256, 128, 64]",[256],6842243,bb2u23c1,451.5,trial_0034_learning_rate=1.0e-04_history=20_kernel_sizes=10x5x3_conv_channels=256x128x64_fc_dims=256_seed2,3.81E+13,trial_0034_learning_rate=1.0e-04_history=20_kernel_sizes=10x5x3_conv_channels=256x128x64_fc_dims=256_seed2
/scratch/sb272/patterns5k_results/slurm_hist_cnn_2026-03-03_15-13-01/trial_0066_learning_rate=1.0e-04_history=20_kernel_sizes=20_conv_channels=256_fc_dims=256_seed1,cnn,0.171574587,0.108120344,0.013127669,0.012659918,0.11303971,0.109602659,620351,620351,50,0.423084699,20,TRUE,0.454568327,0.327785508,10,0.318552256,0.11643447,1,[20],[256],[256],6842244,bb3u12c1,548.6,trial_0066_learning_rate=1.0e-04_history=20_kernel_sizes=20_conv_channels=256_fc_dims=256_seed1,de4e9576b2,trial_0066_learning_rate=1.0e-04_history=20_kernel_sizes=20_conv_channels=256_fc_dims=256_seed1
/scratch/sb272/patterns5k_results/slurm_hist_cnn_2026-03-03_15-13-01/trial_0174_learning_rate=5.0e-04_history=20_kernel_sizes=10x5x3_conv_channels=256x128x64_fc_dims=256_seed1,cnn,0.171461737,0.11364796,0.012968619,0.00805728,0.105333783,0.116969171,491391,491391,28,0.422886225,20,TRUE,0.454568327,0.312281884,11,0.318552256,0.120292209,1,"[10, 5, 3]","[256, 128, 64]",[256],6842251,bb5u23c1,311,trial_0174_learning_rate=5.0e-04_history=20_kernel_sizes=10x5x3_conv_channels=256x128x64_fc_dims=256_seed1,8c0c1be481,trial_0174_learning_rate=5.0e-04_history=20_kernel_sizes=10x5x3_conv_channels=256x128x64_fc_dims=256_seed1
/scratch/sb272/patterns5k_results/slurm_hist_cnn_2026-03-03_15-13-01/trial_0103_learning_rate=1.0e-04_history=20_kernel_sizes=10x5_conv_channels=256x128_fc_dims=256_seed2,cnn,0.171477115,0.107024432,0.005629417,0.005075917,0.103694849,0.106447098,483007,483007,50,0.422215714,20,TRUE,0.454568327,0.309791868,10,0.318552256,0.112938322,1,"[10, 5]","[256, 128]",[256],6842247,bb4u18c1,479,trial_0103_learning_rate=1.0e-04_history=20_kernel_sizes=10x5_conv_channels=256x128_fc_dims=256_seed2,d8b6cb4593,trial_0103_learning_rate=1.0e-04_history=20_kernel_sizes=10x5_conv_channels=256x128_fc_dims=256_seed2
/scratch/sb272/patterns5k_results/slurm_hist_cnn_2026-03-03_15-13-01/trial_0314_learning_rate=1.0e-03_history=20_kernel_sizes=10x5x3_conv_channels=256x128x64_fc_dims=256_seed1,cnn,0.169389848,0.11958512,0.014402401,0.010798637,0.113001637,0.124492388,491391,491391,21,0.419329635,20,TRUE,0.454568327,0.320373498,12,0.318552256,0.126776025,1,"[10, 5, 3]","[256, 128, 64]",[256],6842259,bc12u15n3,504,trial_0314_learning_rate=1.0e-03_history=20_kernel_sizes=10x5x3_conv_channels=256x128x64_fc_dims=256_seed1,88778c926d,trial_0314_learning_rate=1.0e-03_history=20_kernel_sizes=10x5x3_conv_channels=256x128x64_fc_dims=256_seed1
/scratch/sb272/patterns5k_results/slurm_hist_cnn_2026-03-03_15-13-01/trial_0279_learning_rate=1.0e-03_history=20_kernel_sizes=10x5x3_conv_channels=256x128x64_fc_dims=256_seed0,cnn,0.170440024,0.119684209,0.014544726,0.008830376,0.11038927,0.122993536,491391,491391,25,0.419245664,20,TRUE,0.454568327,0.327310532,10,0.318552256,0.126743749,1,"[10, 5, 3]","[256, 128, 64]",[256],6842257,bc12u15n1,465.2,trial_0279_learning_rate=1.0e-03_history=20_kernel_sizes=10x5x3_conv_channels=256x128x64_fc_dims=256_seed0,ba869cf464,trial_0279_learning_rate=1.0e-03_history=20_kernel_sizes=10x5x3_conv_channels=256x128x64_fc_dims=256_seed0
/scratch/sb272/patterns5k_results/slurm_hist_cnn_2026-03-03_15-13-01/trial_0067_learning_rate=1.0e-04_history=20_kernel_sizes=10x3_conv_channels=256x128_fc_dims=256_seed2,cnn,0.171960684,0.109863316,0.004170279,0.004963564,0.109279037,0.108804978,417471,417471,50,0.417867751,20,TRUE,0.454568327,0.312417546,8,0.318552256,0.115884744,1,"[10, 3]","[256, 128]",[256],6842245,bb3u23c1,380.7,trial_0067_learning_rate=1.0e-04_history=20_kernel_sizes=10x3_conv_channels=256x128_fc_dims=256_seed2,e776dfa63c,trial_0067_learning_rate=1.0e-04_history=20_kernel_sizes=10x3_conv_channels=256x128_fc_dims=256_seed2
/scratch/sb272/patterns5k_results/slurm_hist_cnn_2026-03-03_15-13-01/trial_0139_learning_rate=5.0e-04_history=20_kernel_sizes=10x5x3_conv_channels=256x128x64_fc_dims=256_seed0,cnn,0.170535062,0.115845631,0.009612889,0.003373995,0.104959317,0.118175701,491391,491391,26,0.415567957,20,TRUE,0.454568327,0.324373428,11,0.318552256,0.122478977,1,"[10, 5, 3]","[256, 128, 64]",[256],6842249,bb4u22c1,363.1,trial_0139_learning_rate=5.0e-04_history=20_kernel_sizes=10x5x3_conv_channels=256x128x64_fc_dims=256_seed0,9ee40d1b92,trial_0139_learning_rate=5.0e-04_history=20_kernel_sizes=10x5x3_conv_channels=256x128x64_fc_dims=256_seed0
/scratch/sb272/patterns5k_results/slurm_hist_cnn_2026-03-03_15-13-01/trial_0031_learning_rate=1.0e-04_history=20_kernel_sizes=20_conv_channels=256_fc_dims=256_seed2,cnn,0.171681161,0.108941082,0.013659679,0.011999868,0.111754224,0.108742921,620351,620351,48,0.414648404,20,TRUE,0.454568327,0.324750377,8,0.318552256,0.117481142,1,[20],[256],[256],6842242,bb2u22c1,477.3,trial_0031_learning_rate=1.0e-04_history=20_kernel_sizes=20_conv_channels=256_fc_dims=256_seed2,26423638b0,trial_0031_learning_rate=1.0e-04_history=20_kernel_sizes=20_conv_channels=256_fc_dims=256_seed2
/scratch/sb272/patterns5k_results/slurm_hist_cnn_2026-03-03_15-13-01/trial_0101_learning_rate=1.0e-04_history=20_kernel_sizes=20_conv_channels=256_fc_dims=256_seed1,cnn,0.171775938,0.107082476,0.013249461,0.012348601,0.110487267,0.108773856,620351,620351,49,0.412795039,20,TRUE,0.454568327,0.329094756,10,0.318552256,0.115576945,1,[20],[256],[256],6842247,bb4u18c1,504.7,trial_0101_learning_rate=1.0e-04_history=20_kernel_sizes=20_conv_channels=256_fc_dims=256_seed1,b0cf1cf9b9,trial_0101_learning_rate=1.0e-04_history=20_kernel_sizes=20_conv_channels=256_fc_dims=256_seed1
/scratch/sb272/patterns5k_results/slurm_hist_cnn_2026-03-03_15-13-01/trial_0139_learning_rate=5.0e-04_history=20_kernel_sizes=10x5x3_conv_channels=256x128x64_fc_dims=256_seed2,cnn,0.170970917,0.114682006,0.012107635,0.010322734,0.111375824,0.113984342,491391,491391,29,0.411557025,20,TRUE,0.454568327,0.305679792,9,0.318552256,0.121174186,1,"[10, 5, 3]","[256, 128, 64]",[256],6842249,bb4u22c1,376.1,trial_0139_learning_rate=5.0e-04_history=20_kernel_sizes=10x5x3_conv_channels=256x128x64_fc_dims=256_seed2,9ee40d1b92,trial_0139_learning_rate=5.0e-04_history=20_kernel_sizes=10x5x3_conv_channels=256x128x64_fc_dims=256_seed2
/scratch/sb272/patterns5k_results/slurm_hist_cnn_2026-03-03_15-13-01/trial_0139_learning_rate=5.0e-04_history=20_kernel_sizes=10x5x3_conv_channels=256x128x64_fc_dims=256_seed1,cnn,0.169919576,0.114451477,0.014693887,0.010973486,0.107179619,0.117643723,491391,491391,24,0.409184582,20,TRUE,0.454568327,0.311777362,12,0.318552256,0.121078923,1,"[10, 5, 3]","[256, 128, 64]",[256],6842249,bb4u22c1,344.9,trial_0139_learning_rate=5.0e-04_history=20_kernel_sizes=10x5x3_conv_channels=256x128x64_fc_dims=256_seed1,9ee40d1b92,trial_0139_learning_rate=5.0e-04_history=20_kernel_sizes=10x5x3_conv_channels=256x128x64_fc_dims=256_seed1
/scratch/sb272/patterns5k_results/slurm_hist_cnn_2026-03-03_15-13-01/trial_0031_learning_rate=1.0e-04_history=20_kernel_sizes=20_conv_channels=256_fc_dims=256_seed0,cnn,0.171567369,0.11107831,0.014385113,0.013308267,0.114758007,0.107641217,620351,620351,50,0.408318376,20,TRUE,0.454568327,0.32643096,12,0.318552256,0.119717062,1,[20],[256],[256],6842242,bb2u22c1,493.6,trial_0031_learning_rate=1.0e-04_history=20_kernel_sizes=20_conv_channels=256_fc_dims=256_seed0,26423638b0,trial_0031_learning_rate=1.0e-04_history=20_kernel_sizes=20_conv_channels=256_fc_dims=256_seed0
/scratch/sb272/patterns5k_results/slurm_hist_cnn_2026-03-03_15-13-01/trial_0066_learning_rate=1.0e-04_history=20_kernel_sizes=20_conv_channels=256_fc_dims=256_seed0,cnn,0.172047476,0.108080501,0.012938576,0.012616899,0.113547347,0.109773525,620351,620351,50,0.40701744,20,TRUE,0.454568327,0.320331661,10,0.318552256,0.116316274,1,[20],[256],[256],6842244,bb3u12c1,538.4,trial_0066_learning_rate=1.0e-04_history=20_kernel_sizes=20_conv_channels=256_fc_dims=256_seed0,de4e9576b2,trial_0066_learning_rate=1.0e-04_history=20_kernel_sizes=20_conv_channels=256_fc_dims=256_seed0
/scratch/sb272/patterns5k_results/slurm_hist_cnn_2026-03-03_15-13-01/trial_0101_learning_rate=1.0e-04_history=20_kernel_sizes=20_conv_channels=256_fc_dims=256_seed0,cnn,0.171901747,0.107759206,0.013236224,0.012105202,0.111415461,0.107381216,620351,620351,50,0.404878542,20,TRUE,0.454568327,0.320456196,10,0.318552256,0.116136625,1,[20],[256],[256],6842247,bb4u18c1,500.1,trial_0101_learning_rate=1.0e-04_history=20_kernel_sizes=20_conv_channels=256_fc_dims=256_seed0,b0cf1cf9b9,trial_0101_learning_rate=1.0e-04_history=20_kernel_sizes=20_conv_channels=256_fc_dims=256_seed0
/scratch/sb272/patterns5k_results/slurm_hist_cnn_2026-03-03_15-13-01/trial_0033_learning_rate=1.0e-04_history=20_kernel_sizes=10x5_conv_channels=256x128_fc_dims=256_seed0,cnn,0.171386034,0.108465576,0.0052887,0.004510034,0.103972778,0.10708853,483007,483007,50,0.40250745,20,TRUE,0.454568327,0.301807116,10,0.318552256,0.113909282,1,"[10, 5]","[256, 128]",[256],6842242,bb2u22c1,451.2,trial_0033_learning_rate=1.0e-04_history=20_kernel_sizes=10x5_conv_channels=256x128_fc_dims=256_seed0,5e52f24552,trial_0033_learning_rate=1.0e-04_history=20_kernel_sizes=10x5_conv_channels=256x128_fc_dims=256_seed0
/scratch/sb272/patterns5k_results/slurm_hist_cnn_2026-03-03_15-13-01/trial_0104_learning_rate=1.0e-04_history=20_kernel_sizes=10x5x3_conv_channels=256x128x64_fc_dims=256_seed0,cnn,0.170321596,0.110311376,0.01300078,0.008694787,0.102527224,0.106171139,491391,491391,50,0.39975497,20,TRUE,0.454568327,0.303286979,11,0.318552256,0.115695037,0,"[10, 5, 3]","[256, 128, 64]",[256],6842247,bb4u18c1,497,trial_0104_learning_rate=1.0e-04_history=20_kernel_sizes=10x5x3_conv_channels=256x128x64_fc_dims=256_seed0,f1e5df4b46,trial_0104_learning_rate=1.0e-04_history=20_kernel_sizes=10x5x3_conv_channels=256x128x64_fc_dims=256_seed0
/scratch/sb272/patterns5k_results/slurm_hist_cnn_2026-03-03_15-13-01/trial_0101_learning_rate=1.0e-04_history=20_kernel_sizes=20_conv_channels=256_fc_dims=256_seed2,cnn,0.171904366,0.108780069,0.013229386,0.011948162,0.111239724,0.10660476,620351,620351,50,0.399578676,20,TRUE,0.454568327,0.317064548,9,0.318552256,0.116876125,1,[20],[256],[256],6842247,bb4u18c1,500.3,trial_0101_learning_rate=1.0e-04_history=20_kernel_sizes=20_conv_channels=256_fc_dims=256_seed2,b0cf1cf9b9,trial_0101_learning_rate=1.0e-04_history=20_kernel_sizes=20_conv_channels=256_fc_dims=256_seed2
/scratch/sb272/patterns5k_results/slurm_hist_cnn_2026-03-03_15-13-01/trial_0034_learning_rate=1.0e-04_history=20_kernel_sizes=10x5x3_conv_channels=256x128x64_fc_dims=256_seed1,cnn,0.171373603,0.105005906,0.010667424,0.00718171,0.100533664,0.105940169,491391,491391,47,0.397889612,20,TRUE,0.454568327,0.294391315,10,0.318552256,0.110916153,0,"[10, 5, 3]","[256, 128, 64]",[256],6842243,bb2u23c1,430.3,trial_0034_learning_rate=1.0e-04_history=20_kernel_sizes=10x5x3_conv_channels=256x128x64_fc_dims=256_seed1,3.81E+13,trial_0034_learning_rate=1.0e-04_history=20_kernel_sizes=10x5x3_conv_channels=256x128x64_fc_dims=256_seed1
/scratch/sb272/patterns5k_results/slurm_hist_cnn_2026-03-03_15-13-01/trial_0104_learning_rate=1.0e-04_history=20_kernel_sizes=10x5x3_conv_channels=256x128x64_fc_dims=256_seed2,cnn,0.171037335,0.108206558,0.010875007,0.008844389,0.104946941,0.1042513,491391,491391,50,0.397644166,20,TRUE,0.454568327,0.291683428,9,0.318552256,0.113083184,0,"[10, 5, 3]","[256, 128, 64]",[256],6842247,bb4u18c1,515.6,trial_0104_learning_rate=1.0e-04_history=20_kernel_sizes=10x5x3_conv_channels=256x128x64_fc_dims=256_seed2,f1e5df4b46,trial_0104_learning_rate=1.0e-04_history=20_kernel_sizes=10x5x3_conv_channels=256x128x64_fc_dims=256_seed2
/scratch/sb272/patterns5k_results/slurm_hist_cnn_2026-03-03_15-13-01/trial_0034_learning_rate=1.0e-04_history=20_kernel_sizes=10x5x3_conv_channels=256x128x64_fc_dims=256_seed0,cnn,0.17081894,0.107717908,0.011165585,0.007303905,0.101714611,0.105092262,491391,491391,50,0.387567677,20,TRUE,0.454568327,0.291626343,10,0.318552256,0.112768799,0,"[10, 5, 3]","[256, 128, 64]",[256],6842243,bb2u23c1,448.2,trial_0034_learning_rate=1.0e-04_history=20_kernel_sizes=10x5x3_conv_channels=256x128x64_fc_dims=256_seed0,3.81E+13,trial_0034_learning_rate=1.0e-04_history=20_kernel_sizes=10x5x3_conv_channels=256x128x64_fc_dims=256_seed0
/scratch/sb272/patterns5k_results/slurm_hist_cnn_2026-03-03_15-13-01/trial_0066_learning_rate=1.0e-04_history=20_kernel_sizes=20_conv_channels=256_fc_dims=256_seed2,cnn,0.171571532,0.108407512,0.014037485,0.012840328,0.111529291,0.106363073,620351,620351,50,0.386044896,20,TRUE,0.454568327,0.306334622,8,0.318552256,0.116860703,1,[20],[256],[256],6842245,bb3u23c1,443.9,trial_0066_learning_rate=1.0e-04_history=20_kernel_sizes=20_conv_channels=256_fc_dims=256_seed2,de4e9576b2,trial_0066_learning_rate=1.0e-04_history=20_kernel_sizes=20_conv_channels=256_fc_dims=256_seed2
/scratch/sb272/patterns5k_results/slurm_hist_cnn_2026-03-03_15-13-01/trial_0069_learning_rate=1.0e-04_history=20_kernel_sizes=10x5x3_conv_channels=256x128x64_fc_dims=256_seed1,cnn,0.171103238,0.103037519,0.010958652,0.008589635,0.099065363,0.10392796,491391,491391,48,0.384555983,20,TRUE,0.454568327,0.290240254,10,0.318552256,0.107963495,0,"[10, 5, 3]","[256, 128, 64]",[256],6842245,bb3u23c1,449.4,trial_0069_learning_rate=1.0e-04_history=20_kernel_sizes=10x5x3_conv_channels=256x128x64_fc_dims=256_seed1,fcd40fe253,trial_0069_learning_rate=1.0e-04_history=20_kernel_sizes=10x5x3_conv_channels=256x128x64_fc_dims=256_seed1
/scratch/sb272/patterns5k_results/slurm_hist_cnn_2026-03-03_15-13-01/trial_0069_learning_rate=1.0e-04_history=20_kernel_sizes=10x5x3_conv_channels=256x128x64_fc_dims=256_seed0,cnn,0.171378883,0.106204386,0.010094247,0.00650811,0.102347195,0.108877033,491391,491391,50,0.378555475,20,TRUE,0.454568327,0.28503362,10,0.318552256,0.111907974,0,"[10, 5, 3]","[256, 128, 64]",[256],6842245,bb3u23c1,458.5,trial_0069_learning_rate=1.0e-04_history=20_kernel_sizes=10x5x3_conv_channels=256x128x64_fc_dims=256_seed0,fcd40fe253,trial_0069_learning_rate=1.0e-04_history=20_kernel_sizes=10x5x3_conv_channels=256x128x64_fc_dims=256_seed0
/scratch/sb272/patterns5k_results/slurm_hist_cnn_2026-03-03_15-13-01/trial_0104_learning_rate=1.0e-04_history=20_kernel_sizes=10x5x3_conv_channels=256x128x64_fc_dims=256_seed1,cnn,0.170704285,0.1018279,0.011262971,0.009860798,0.099517621,0.103704044,491391,491391,35,0.367371045,20,TRUE,0.454568327,0.272519765,9,0.318552256,0.106745832,0,"[10, 5, 3]","[256, 128, 64]",[256],6842247,bb4u18c1,408.1,trial_0104_learning_rate=1.0e-04_history=20_kernel_sizes=10x5x3_conv_channels=256x128x64_fc_dims=256_seed1,f1e5df4b46,trial_0104_learning_rate=1.0e-04_history=20_kernel_sizes=10x5x3_conv_channels=256x128x64_fc_dims=256_seed1