config_id,batch_avg_test_loss_mean,batch_avg_test_loss_sem,batch_avg_test_loss_count,batch_avg_test_corr_mean,batch_avg_test_corr_sem,batch_avg_test_corr_count,all_test_fve_mean,all_test_fve_sem,all_test_fve_count,AR_FVE_mean,AR_FVE_sem,AR_FVE_count,AR_test_correlation_mean,AR_test_correlation_sem,AR_test_correlation_count,best_val_corr_mean,best_val_corr_sem,best_val_corr_count,total_params_mean,total_params_sem,total_params_count,trainable_params_mean,trainable_params_sem,trainable_params_count,epochs_trained_mean,epochs_trained_sem,epochs_trained_count,mean_pattern_corr_mean,mean_pattern_corr_sem,mean_pattern_corr_count,history_mean,history_sem,history_count,loo_avg_mean_corr_mean,loo_avg_mean_corr_sem,loo_avg_mean_corr_count,model_avg_mean_corr_mean,model_avg_mean_corr_sem,model_avg_mean_corr_count,neurons_model_beats_loo_avg_mean,neurons_model_beats_loo_avg_sem,neurons_model_beats_loo_avg_count,loo_temporal_mean_corr_mean,loo_temporal_mean_corr_sem,loo_temporal_mean_corr_count,all_test_corr_mean,all_test_corr_sem,all_test_corr_count,neurons_model_beats_loo_temporal_mean,neurons_model_beats_loo_temporal_sem,neurons_model_beats_loo_temporal_count,wall_time_s_mean,wall_time_s_sem,wall_time_s_count
02cdf62354,0.15727197019259134,0.00020276801592059517,3,0.22319091671563843,0.0003223290347261138,3,0.05890067986079625,0.0016687746093085537,3,-0.00756457873753139,0.0006889028847675503,3,0.08085660636425018,0.0005093284052382438,3,0.23156421780553857,0.000986064661625846,3,620351.0,0.0,3,620351.0,0.0,3,27.666666666666668,1.7638342073763937,3,0.7370593614679374,0.008855312595521692,3,2.0,0.0,3,0.45456832695830385,0.0,3,0.6374432726854962,0.00552683077907174,3,56.333333333333336,0.33333333333333365,3,0.31855225563049316,0.0,3,0.23592684666315714,0.0003810263356398531,3,7.333333333333333,0.3333333333333333,3,310.8,10.636885509082706,3
035e38fdd7,0.16766761124134064,7.74626242288984e-05,3,0.1381181481159852,0.0006572774009890413,3,0.021657603758352777,0.0003475424512873891,3,0.018542915424972616,9.887814330303902e-05,3,0.12806378304958344,0.000587228407559203,3,0.14286965576976304,0.0019925857566772684,3,163391.0,0.0,3,163391.0,0.0,3,49.333333333333336,0.6666666666666673,3,0.571032807458081,0.0067805131661492915,3,5.0,0.0,3,0.45456832695830385,0.0,3,0.42350824455836095,0.005988340478469065,3,16.666666666666668,1.2018504251546633,3,0.31855225563049316,0.0,3,0.14450164139270782,0.000560775600421686,3,2.0,0.0,3,305.2,0.40414518843274905,3
0508f056b9,0.16778172210852305,0.00041652426663751473,3,0.13824558222972472,0.0011290859930749271,3,0.02051139508605634,0.002264222632173702,3,0.017664176761788667,0.0013495340980543792,3,0.12776503960291544,0.001211470344258725,3,0.14374503630482469,0.0013660961774379643,3,217151.0,0.0,3,217151.0,0.0,3,33.0,0.5773502691896257,3,0.5659848614721629,0.009300819558558316,3,5.0,0.0,3,0.45456832695830385,0.0,3,0.4203375383298751,0.004649398202084487,3,16.333333333333332,0.8819171036881968,3,0.31855225563049316,0.0,3,0.14581327140331268,0.0011799323835218819,3,2.0,0.0,3,245.6,3.6828431046317034,3
05331f49c0,0.1544774418671926,9.560909700608848e-05,3,0.23357224713865735,0.00022788836202265758,3,0.06656861305236816,0.0005885288696016153,3,-0.013369336330070697,0.0005059829075070131,3,0.06833911935488383,0.0015213695745970152,3,0.24214750284258915,0.0011895822426178494,3,351551.0,0.0,3,351551.0,0.0,3,50.0,0.0,3,0.7583449721557759,0.0016695078763071106,3,1.0,0.0,3,0.45456832695830385,0.0,3,0.6655533828775878,0.0006227651331948066,3,57.333333333333336,0.33333333333333365,3,0.31855225563049316,0.0,3,0.24497958024342856,0.00034381886555735893,3,10.0,0.5773502691896257,3,359.2,2.7513632984395424,3
06b711676f,0.15394981722036996,0.00016693506079103077,3,0.24129286153547777,0.0006198082086839838,3,0.06402452881374056,0.0014929842073766386,3,-0.0094354890641712,0.0007899838511345932,3,0.07114030172427495,0.00041878462495377575,3,0.2479006214037196,0.0011350425987891276,3,417471.0,0.0,3,417471.0,0.0,3,38.666666666666664,3.1797973380564852,3,0.7278855737287566,0.004951460238098382,3,1.0,0.0,3,0.45456832695830385,0.0,3,0.6129168922104601,0.0023116210848573688,3,54.333333333333336,0.8819171036881973,3,0.31855225563049316,0.0,3,0.2525853017965953,0.0007047264345286883,3,13.0,0.0,3,390.43333333333334,12.225156213498643,3
0805762b17,0.1681641828219096,2.3623716841660833e-05,3,0.13402023993278378,0.00021391227146839024,3,0.02117746185373377,0.0004739762714329785,3,0.015422734949323865,0.00030988023277639355,3,0.11972154428561528,0.00012661195168311534,3,0.137075821201705,0.0009876977113389683,3,351551.0,0.0,3,351551.0,0.0,3,19.333333333333332,0.3333333333333332,3,0.5276147284010863,0.013014586461722856,3,10.0,0.0,3,0.45456832695830385,0.0,3,0.39668185595086153,0.009019957555182312,3,13.333333333333334,0.8819171036881968,3,0.31855225563049316,0.0,3,0.14241633315881094,0.0003953218920523754,3,1.6666666666666667,0.33333333333333337,3,223.96666666666667,2.6078939992091525,3
081f13ec4f,0.16968948133786518,0.00011955757895123634,3,0.11751856493623226,0.001090192834317825,3,0.017750737843690096,0.00042897020664429286,3,0.016826831789874527,0.00041786623341476796,3,0.11863501369953156,0.0015265645368821945,3,0.12180603022662596,0.0019900781719066948,3,163391.0,0.0,3,163391.0,0.0,3,50.0,0.0,3,0.4828598343196919,0.0009840747888730634,3,20.0,0.0,3,0.45456832695830385,0.0,3,0.34976944430055523,0.002093119122083552,3,7.666666666666667,0.6666666666666667,3,0.31855225563049316,0.0,3,0.12322130799293518,0.0011707144417141319,3,1.0,0.0,3,340.6333333333333,2.2980668204190904,3
09d8e2485b,0.15448582021395366,7.948325544849359e-05,3,0.23354883978387378,0.0005112464616841511,3,0.06699019481265356,0.00033026943902807204,3,-0.012927730562825682,0.0002889428622035399,3,0.0697995697458585,0.00042595727548114194,3,0.24248405341996812,0.0009937675441426886,3,351551.0,0.0,3,351551.0,0.0,3,50.0,0.0,3,0.7559931221726183,0.0008058270303333779,3,1.0,0.0,3,0.45456832695830385,0.0,3,0.6622766156510401,0.0007707579600699802,3,57.666666666666664,0.33333333333333365,3,0.31855225563049316,0.0,3,0.24508483707904816,0.0005444349107193571,3,10.0,0.5773502691896257,3,375.23333333333335,0.8212456663169686,3
0a5b119281,0.16961805148919426,0.00022348967555670113,3,0.1349393463525836,0.0012981053156439998,3,0.02030451840193814,0.0009331322879974563,3,0.008898791812715077,0.0004621249889784812,3,0.11019893735647202,0.001473624024683931,3,0.13604032296739263,0.0005874734927926553,3,620351.0,0.0,3,620351.0,0.0,3,27.666666666666668,0.8819171036881966,3,0.5679683884282946,0.009094364053607964,3,5.0,0.0,3,0.45456832695830385,0.0,3,0.4439573629562232,0.003354788760430645,3,22.0,0.0,3,0.31855225563049316,0.0,3,0.14581148326396942,0.0012936786499445137,3,2.0,0.0,3,596.5,12.66859634424167,3
0b13b740fa,0.1565747311115265,4.2367027610030516e-05,3,0.22082822792671922,0.00042565833033980573,3,0.058655201758026444,0.00022646164984109403,3,-0.015169832441541882,0.0002252191704977486,3,0.06385287642478943,0.0005605573454830265,3,0.22824882266555666,0.001262464566343022,3,620351.0,0.0,3,620351.0,0.0,3,49.333333333333336,0.6666666666666664,3,0.7158420133208555,0.0020778132064151263,3,1.0,0.0,3,0.45456832695830385,0.0,3,0.6347157923613861,0.0018368855839623825,3,55.333333333333336,0.33333333333333276,3,0.31855225563049316,0.0,3,0.23244267205397287,0.0004013064760281346,3,9.0,0.0,3,601.5666666666666,22.64393467968362,3
0c3a502253,0.1686727085908254,6.955009135708957e-05,3,0.12296364769556571,0.0012662420063535077,3,0.018699830171292422,0.00020693961982843687,3,0.01551303472468462,0.0002221744585844953,3,0.11615860958894093,0.0010165971830243471,3,0.12786047840830214,0.001246628327426345,3,163391.0,0.0,3,163391.0,0.0,3,50.0,0.0,3,0.5363385707254887,0.003397358469687342,3,5.0,0.0,3,0.45456832695830385,0.0,3,0.4044453287083625,0.002596831317659791,3,17.333333333333332,0.6666666666666669,3,0.31855225563049316,0.0,3,0.12948556741078696,0.001040036640679907,3,1.6666666666666667,0.3333333333333333,3,367.4666666666667,2.5128558343933123,3
0d50d79e43,0.15366683371861775,0.00013328960769597295,3,0.23596388407564842,0.000581297328412476,3,0.06719624207764076,0.0004762005540929061,3,-0.018740809152996727,0.0008853657665998061,3,0.05265588810046514,0.0016697266323367134,3,0.2412177398010349,0.001311007676484324,3,491391.0,0.0,3,491391.0,0.0,3,47.666666666666664,2.3333333333333335,3,0.6953914417174446,0.0016494962935189002,3,1.0,0.0,3,0.45456832695830385,0.0,3,0.5649256475314228,6.188552805621587e-05,3,47.0,0.5773502691896257,3,0.31855225563049316,0.0,3,0.2469818244377772,0.000593931110090935,3,12.666666666666666,0.3333333333333334,3,421.9666666666667,14.16807836103557,3
0e613a7ed8,0.16817367978890738,0.0005900343213571613,3,0.13677907336174902,0.0015306572887646475,3,0.019935652377113464,0.0004948853253744957,3,9.389592226220185e-05,0.0008413729324949827,3,0.08510057131449382,0.001284495253267984,3,0.13961099746223649,0.002388400449615839,3,491391.0,0.0,3,491391.0,0.0,3,35.333333333333336,2.185812841434,3,0.5273510704025585,0.011290997331647564,3,5.0,0.0,3,0.45456832695830385,0.0,3,0.4025819257198135,0.00590531867322199,3,19.0,1.1547005383792515,3,0.31855225563049316,0.0,3,0.14626597861448923,0.0016529893693992804,3,2.0,0.0,3,431.3666666666666,15.142251410466613,3
0f6ffca803,0.16903107233842216,0.0002661221698013045,3,0.1334437327555863,0.001581963064070734,3,0.01920307786376388,0.0006072019352557414,3,0.008393896004510305,0.0008077684366535287,3,0.10804696381092072,0.0022500188910038062,3,0.13663026746315235,0.00034206158211394364,3,620351.0,0.0,3,620351.0,0.0,3,26.666666666666668,0.8819171036881971,3,0.5562561615259369,0.008824638534869556,3,5.0,0.0,3,0.45456832695830385,0.0,3,0.4437300278804006,0.004105007027248432,3,21.666666666666668,1.4529663145135578,3,0.31855225563049316,0.0,3,0.1441917767127355,0.0015952222755069453,3,2.0,0.0,3,562.3000000000001,11.161093136427109,3
0f74e13e04,0.1699360598723094,0.00015698795211062188,3,0.12442918845190927,0.002019643652924573,3,0.016986069225129626,0.0009434422854200598,3,0.016292629103181223,0.0007882661155341718,3,0.1251646652817726,0.0022893371476180105,3,0.12842570790571028,0.0015128023327122505,3,351551.0,0.0,3,351551.0,0.0,3,30.666666666666668,0.3333333333333332,3,0.5206198497797916,0.003364217646176226,3,20.0,0.0,3,0.45456832695830385,0.0,3,0.3798554628090914,0.0011442845018618275,3,12.0,0.5773502691896257,3,0.31855225563049316,0.0,3,0.13211793700853983,0.0020136608317113357,3,1.0,0.0,3,507.5,9.178416711684696,3
0f8f42d810,0.16902087406317393,0.0005100807845734001,3,0.14186829388547514,0.00045616767307750264,3,0.013564835780512088,0.0029610794265870375,3,0.0023555405556209504,0.002757400257523603,3,0.10465592642625172,0.0014902198473789765,3,0.14771125107238733,0.0010096012686071822,3,417471.0,0.0,3,417471.0,0.0,3,25.0,1.5275252316519468,3,0.5500409607840026,0.014629134821471653,3,5.0,0.0,3,0.45456832695830385,0.0,3,0.40453775944362874,0.011861023585022206,3,15.333333333333334,2.333333333333333,3,0.31855225563049316,0.0,3,0.1498785763978958,0.0007949494277808157,3,2.0,0.0,3,276.5,6.198655768255994,3
105a25a29f,0.16842167941729227,0.0003580396155235112,3,0.14208549164543002,0.001094416778947607,3,0.020009796140055176,0.0013776995635206705,3,-0.0017992914038360433,0.0010789532992043582,3,0.08540563782056172,0.001620921907357587,3,0.14425235093638106,0.0007679544142188382,3,491391.0,0.0,3,491391.0,0.0,3,32.666666666666664,1.6666666666666663,3,0.5395769006295802,0.003814199671985173,3,5.0,0.0,3,0.45456832695830385,0.0,3,0.4110799809462811,0.00015546923895997435,3,19.333333333333332,1.2018504251546633,3,0.31855225563049316,0.0,3,0.15189715723196665,0.001247500436362942,3,2.0,0.0,3,619.6,21.417983098321837,3
106e77775d,0.17144782253106436,0.0003748427846146017,3,0.11889231818815084,0.0001481490701479027,3,0.007767232006819791,0.0014877710533428375,3,0.007144843459760071,0.0013648821882660056,3,0.11627721538146336,0.0013705363418872712,3,0.12294327081946475,0.0014601282810938867,3,417471.0,0.0,3,417471.0,0.0,3,30.666666666666668,2.333333333333333,3,0.4802229444718647,0.00626914927729778,3,20.0,0.0,3,0.45456832695830385,0.0,3,0.3425398834573225,0.004026314465356236,3,9.666666666666666,0.6666666666666666,3,0.31855225563049316,0.0,3,0.1252649873495102,0.00032177798697354096,3,1.0,0.0,3,288.8666666666667,10.50814498906022,3
10fc46a91d,0.1691131243308385,7.935342862219673e-05,3,0.11998446097359683,0.000867547383382045,3,0.018035312809010662,0.0003302841802326615,3,0.015117464557526604,0.00023474364906490006,3,0.11449496944745381,0.0008903046660706215,3,0.1270029013061422,0.0008650265501070447,3,217151.0,0.0,3,217151.0,0.0,3,50.0,0.0,3,0.5123011862682691,0.0024428250907672826,3,10.0,0.0,3,0.45456832695830385,0.0,3,0.3685395644468456,0.0006356569446086377,3,11.0,0.5773502691896257,3,0.31855225563049316,0.0,3,0.12709398567676544,0.0009984881231276783,3,1.0,0.0,3,324.73333333333335,1.1864981153705279,3
111fdebfa0,0.16921822341283163,2.6960681414264928e-05,3,0.1294984791698671,0.00023845939402133046,3,0.019991936191679938,0.00047098538475391486,3,0.019755080578819154,0.00013670717461776837,3,0.13009191552797952,0.00047861665788257173,3,0.13304217878410204,0.0021534678470713237,3,217151.0,0.0,3,217151.0,0.0,3,34.0,0.5773502691896257,3,0.5212399925863204,0.004753200651185035,3,20.0,0.0,3,0.45456832695830385,0.0,3,0.38063263538382824,0.0009258214829164086,3,10.333333333333334,0.3333333333333334,3,0.31855225563049316,0.0,3,0.13620713353157043,0.00038474696177710657,3,1.0,0.0,3,268.2,3.8759944960401356,3
12521a1c9d,0.15548411460717518,0.00014474585557323216,3,0.23354415006020568,0.0007063612227563088,3,0.06718519944993277,0.0002559136423731895,3,-0.004939836799783051,0.0018864058502259856,3,0.08601689338684082,0.0010578601596331024,3,0.2432972855353758,0.0009670009504402926,3,351551.0,0.0,3,351551.0,0.0,3,23.666666666666668,2.403700850309326,3,0.7394182078418853,0.006226167308618517,3,2.0,0.0,3,0.45456832695830385,0.0,3,0.6232402822882513,0.0039494769279307335,3,57.666666666666664,0.33333333333333365,3,0.31855225563049316,0.0,3,0.24526468912760416,0.000825893721935764,3,9.666666666666666,0.6666666666666666,3,240.0,10.206533855003537,3
14202e48e4,0.15682593429088593,0.00011983177175000988,3,0.22148761536571981,0.00017020444788780768,3,0.053961217718780354,0.00087582581626046,3,-0.002267426599270452,0.0006282130430562521,3,0.0817679688334465,0.0015089923682942076,3,0.22828894138750688,0.0007547065933668116,3,417471.0,0.0,3,417471.0,0.0,3,50.0,0.0,3,0.6938675937206084,0.0011236763457449445,3,2.0,0.0,3,0.45456832695830385,0.0,3,0.5804376776470298,0.0017390649329064405,3,50.0,0.5773502691896257,3,0.31855225563049316,0.0,3,0.2322975198427836,0.00019543549124090612,3,6.666666666666667,0.6666666666666667,3,433.3333333333333,1.1170397386743938,3
15203ac21f,0.15676583711306255,0.00010516260547652571,3,0.2228574448970586,0.000227677076464863,3,0.05992359679842752,0.0003439882717726379,3,-0.0141313391387778,0.0008630442318816936,3,0.059900750716527305,0.001793014150409754,3,0.22930424365729704,2.0697791459641513e-05,3,491391.0,0.0,3,491391.0,0.0,3,49.333333333333336,0.6666666666666673,3,0.6799165691172203,0.002196946031822949,3,2.0,0.0,3,0.45456832695830385,0.0,3,0.5517328398208573,0.0015607887169030348,3,46.333333333333336,0.33333333333333365,3,0.31855225563049316,0.0,3,0.23407690227031708,0.00039597816870373464,3,8.333333333333334,0.3333333333333334,3,868.4,17.252342836071065,3
1584dcfd96,0.17206442610422767,0.00021080432682919235,3,0.12008640013860454,0.000792678976978929,3,0.01253807513171403,0.0015309272068774497,3,0.011980932856362965,0.001240764458782457,3,0.12608905136585236,0.0013799538983158416,3,0.121855434662082,0.0011236942748339325,3,620351.0,0.0,3,620351.0,0.0,3,28.666666666666668,1.3333333333333333,3,0.4661509173514558,0.0108285748135852,3,20.0,0.0,3,0.45456832695830385,0.0,3,0.353060315668516,0.0038252869457377574,3,10.0,1.0,3,0.31855225563049316,0.0,3,0.12879548966884613,0.0007990728294816595,3,1.0,0.0,3,624.1333333333333,20.968653853894487,3
15d27bed1f,0.16974792742729186,0.00015382855618961496,3,0.12345289640166829,0.001719654646492742,3,0.017687189200567822,0.000488462728753086,3,0.016844191879191724,0.0006099505286318513,3,0.12493344396352768,0.0019203441388981064,3,0.12504393474194686,0.0016753869507969829,3,351551.0,0.0,3,351551.0,0.0,3,36.666666666666664,1.4529663145135583,3,0.5277140233030492,0.008805257958843142,3,20.0,0.0,3,0.45456832695830385,0.0,3,0.377170924203843,0.00496569351331606,3,12.666666666666666,0.6666666666666666,3,0.31855225563049316,0.0,3,0.13151107728481293,0.0016901548467653884,3,1.0,0.0,3,297.6666666666667,6.466666666666664,3
1616821b61,0.1532979389031728,1.976240525322909e-05,3,0.2432641510899732,0.0003049829936385191,3,0.07044477437539075,0.0009374716364178732,3,-0.009320783236670115,0.0004382687334115372,3,0.07773555566867192,0.0005033207480476298,3,0.2520246369049502,0.0007647129900812592,3,351551.0,0.0,3,351551.0,0.0,3,34.0,2.0,3,0.7784022840509536,0.0027079831132616576,3,1.0,0.0,3,0.45456832695830385,0.0,3,0.6695431545420254,0.001210077202453304,3,59.0,0.5773502691896257,3,0.31855225563049316,0.0,3,0.2554259995619456,0.0005543047566740803,3,12.666666666666666,0.3333333333333334,3,307.5,12.39126036096949,3
17234cb5c0,0.16874786229928337,0.00012746966345690238,3,0.130497813096662,0.0006448861618102826,3,0.019835058974210548,0.000464308663933435,3,0.012533110600930673,0.0003645104237283784,3,0.11391084889570872,0.0005297279669241413,3,0.13366600015716315,0.0005709366017866504,3,620351.0,0.0,3,620351.0,0.0,3,18.333333333333332,0.3333333333333332,3,0.5276237464109469,0.0029871596636631176,3,10.0,0.0,3,0.45456832695830385,0.0,3,0.4103484809828017,0.0032169190067100587,3,17.0,0.5773502691896257,3,0.31855225563049316,0.0,3,0.14117532968521118,0.0006344530718670133,3,1.3333333333333333,0.33333333333333337,3,263.6666666666667,2.7509594285953685,3
178fa4b81f,0.1702205889225006,0.0004263199674942867,3,0.12827514164582812,0.0004938897045353197,3,0.017518368032243516,0.0007623059130164078,3,0.008735556135732661,0.0005019068417394595,3,0.10930112252632777,0.0015736619514571074,3,0.1327351985036881,0.0007071559652992174,3,620351.0,0.0,3,620351.0,0.0,3,32.333333333333336,1.2018504251546627,3,0.540887035171958,0.005944780077091834,3,5.0,0.0,3,0.45456832695830385,0.0,3,0.43354052883624944,0.002878450611465476,3,19.666666666666668,0.6666666666666664,3,0.31855225563049316,0.0,3,0.13923418521881104,0.0006681928286903598,3,1.6666666666666667,0.3333333333333333,3,351.40000000000003,6.899999999999999,3
17b8064083,0.17016947491963705,7.954890386142294e-05,3,0.1192545062420202,0.0010779606805508832,3,0.017256909892672586,0.00032079979714488567,3,0.008267389718817655,0.00017916844143319214,3,0.10356216380993526,0.00030321883100683107,3,0.12004457935816097,0.001810210239494422,3,620351.0,0.0,3,620351.0,0.0,3,50.0,0.0,3,0.49705656144860666,0.013251115653078642,3,5.0,0.0,3,0.45456832695830385,0.0,3,0.4108174206132352,0.005544884721729533,3,18.666666666666668,0.33333333333333365,3,0.31855225563049316,0.0,3,0.13033797840277353,0.0010399966385609843,3,1.6666666666666667,0.3333333333333333,3,514.0333333333333,26.935499087841507,3
17c29e6a99,0.15608546511332194,6.99887704815581e-05,3,0.22634955887126582,0.00011482166089354751,3,0.06549494670181678,0.00013057847130477755,3,-0.004378647715957076,0.0005849253680234844,3,0.09235059221585591,0.0006173168870401669,3,0.2361494744128172,0.0006208069787586685,3,163391.0,0.0,3,163391.0,0.0,3,50.0,0.0,3,0.7632769292532741,0.0007806013927704647,3,2.0,0.0,3,0.45456832695830385,0.0,3,0.6737132770864308,0.0008042701268629306,3,61.333333333333336,0.33333333333333276,3,0.31855225563049316,0.0,3,0.23749634623527527,0.0001302169506658523,3,6.0,0.0,3,405.1666666666667,1.8675593103775152,3
1936284a15,0.17031644062201182,7.975037472070115e-05,3,0.11941240166779854,0.00028610585573489195,3,0.01684235517310087,0.00010867662455310297,3,0.007889281189630901,0.0003662523996545019,3,0.10260780900716782,0.0011645676771614287,3,0.1207850892643217,0.0012070153297879895,3,620351.0,0.0,3,620351.0,0.0,3,50.0,0.0,3,0.4885307270164858,0.002385858617504282,3,5.0,0.0,3,0.45456832695830385,0.0,3,0.4064359101007112,0.0004529099299960062,3,17.333333333333332,0.33333333333333365,3,0.31855225563049316,0.0,3,0.12975235283374786,0.00021697429526949325,3,2.0,0.0,3,453.8666666666666,0.866666666666654,3
1995690750,0.15368809000651043,0.0001843384287799771,3,0.24212207322014423,0.0004993300733257647,3,0.06487223837110732,0.0014734369528420727,3,-0.010350912651687702,0.0010961927263419338,3,0.07076654334863026,0.0013580527633721188,3,0.24794077918632254,0.0014459105801158472,3,417471.0,0.0,3,417471.0,0.0,3,40.0,2.6457513110645907,3,0.7397091794057026,0.005520278418886914,3,1.0,0.0,3,0.45456832695830385,0.0,3,0.617180955733736,0.0024621944116071355,3,53.666666666666664,0.33333333333333365,3,0.31855225563049316,0.0,3,0.25345688064893085,0.0006193846104477805,3,13.0,0.0,3,411.3666666666666,20.75671243504402,3
1ae0378003,0.1690463281472524,0.0001187999340143301,3,0.12200213483314463,0.0012623082354207829,3,0.018445041129198023,0.0005241695317621716,3,0.013881127670328453,0.000610743903412301,3,0.11311724285284679,0.0018172281686874936,3,0.12415029950759349,0.001173801197737844,3,351551.0,0.0,3,351551.0,0.0,3,50.0,0.0,3,0.5170762627365776,0.0055114466816442295,3,10.0,0.0,3,0.45456832695830385,0.0,3,0.3910279601584418,0.001090583169369797,3,16.333333333333332,0.3333333333333332,3,0.31855225563049316,0.0,3,0.13077406585216522,0.0014129668469933445,3,1.0,0.0,3,378.0,1.1372481406154573,3
1ae3136e11,0.16981622819105782,0.0003486555054588654,3,0.13611504555297554,0.001961657698273675,3,0.008867726124152936,0.0011987603169716621,3,0.0011779599719577364,0.0014285405642196457,3,0.10735805084307988,0.002354301598968721,3,0.13804938619305415,0.0011662451970776552,3,417471.0,0.0,3,417471.0,0.0,3,34.666666666666664,2.333333333333333,3,0.5497822083650354,0.010011849694628537,3,5.0,0.0,3,0.45456832695830385,0.0,3,0.4106038388326436,0.007888032465470025,3,15.666666666666666,0.6666666666666669,3,0.31855225563049316,0.0,3,0.14438627660274506,0.00198996795736565,3,2.0,0.0,3,382.7,8.321057625085894,3
1b694d3eae,0.17003771460056305,0.00020696806336908114,3,0.12262998737703579,0.00027587430384898006,3,0.015864315487089612,0.0012588278946676719,3,0.015506998256400778,0.0007431597484912276,3,0.1257160355647405,0.000807028117325611,3,0.12582817886377232,0.001708339239578256,3,351551.0,0.0,3,351551.0,0.0,3,41.0,2.6457513110645907,3,0.5245632107445186,0.007666324954766711,3,20.0,0.0,3,0.45456832695830385,0.0,3,0.3773733123489034,0.0042832916809035695,3,11.666666666666666,0.3333333333333334,3,0.31855225563049316,0.0,3,0.1305722693602244,0.0005548795371752184,3,1.0,0.0,3,310.0333333333333,11.804283591608216,3
1b74da8fff,0.16883440514405568,0.0003555167964955694,3,0.12873331891169745,0.0003973145856629992,3,0.01926981803601381,0.0011958607096082961,3,0.01067820017930692,0.0009343463623391553,3,0.10939477384090424,0.000443855642273732,3,0.13172508886355702,0.001089101507604562,3,620351.0,0.0,3,620351.0,0.0,3,18.333333333333332,0.8819171036881966,3,0.5123292177383281,0.003096269636172316,3,10.0,0.0,3,0.45456832695830385,0.0,3,0.4055844202007965,0.0035609915320055706,3,17.0,0.5773502691896257,3,0.31855225563049316,0.0,3,0.1397590438524882,0.000441898779066341,3,1.3333333333333333,0.33333333333333337,3,255.4,7.321429732868649,3
1d38e08e71,0.16939965164661408,0.00025431437100939297,3,0.12155459276084717,0.0009700683401102499,3,0.01583624106866342,0.0003236026139124017,3,0.011106913998013451,0.0002529499512798751,3,0.11359104762474696,0.0011955520941911166,3,0.12308521247793014,0.0012966682442017026,3,491391.0,0.0,3,491391.0,0.0,3,22.333333333333332,0.3333333333333332,3,0.4391323471642304,0.0068809894093622885,3,20.0,0.0,3,0.45456832695830385,0.0,3,0.32473835223198694,0.0018903357504216007,3,10.0,0.5773502691896257,3,0.31855225563049316,0.0,3,0.12862414121627808,0.001099655914433083,3,1.0,0.0,3,287.76666666666665,3.653917228278584,3
1d527d726c,0.16730861874421435,0.000136767225338816,3,0.13747948538236235,0.0012060179026984286,3,0.022763456301714377,0.0003861891946558638,3,0.01330528972010133,0.00020785398437206878,3,0.11376211792230606,0.00046976671044050963,3,0.14128540635833062,0.00106795425755799,3,351551.0,0.0,3,351551.0,0.0,3,20.0,0.5773502691896257,3,0.5681700253824277,0.008875175237820295,3,5.0,0.0,3,0.45456832695830385,0.0,3,0.4403535698768852,0.000380547111270701,3,20.333333333333332,0.8819171036881971,3,0.31855225563049316,0.0,3,0.14590200781822205,0.0009973364301581508,3,2.0,0.0,3,221.73333333333335,2.4935472279020123,3
1dea47b499,0.17106520267327627,6.944384373236104e-05,3,0.12226232946646155,0.0003476824114819229,3,0.008694158975409453,0.0008246625962644133,3,0.008018469053601462,0.001077622535768884,3,0.12014694511890411,0.0003202786098859388,3,0.12333148030255071,0.0018690448206352362,3,483007.0,0.0,3,483007.0,0.0,3,31.333333333333332,0.8819171036881966,3,0.48748676767821236,0.013522693613346853,3,20.0,0.0,3,0.45456832695830385,0.0,3,0.3498038509852994,0.00800563231139029,3,11.333333333333334,0.881917103688197,3,0.31855225563049316,0.0,3,0.1293753683567047,0.0006556888227078093,3,1.0,0.0,3,382.06666666666666,5.278994011909642,3
1debddb63e,0.1562198177576065,0.0001177600560172325,3,0.22668559779718792,0.0002524833188204517,3,0.057651593886985986,0.0013365687810414854,3,-0.013119733207440249,0.000755331394104077,3,0.07121168822050095,0.0009901207463201436,3,0.23385654210113582,0.001472832167477108,3,620351.0,0.0,3,620351.0,0.0,3,33.0,0.5773502691896257,3,0.7357690595022818,0.004274134059060079,3,1.0,0.0,3,0.45456832695830385,0.0,3,0.6470267318830771,0.0013439531812392041,3,55.666666666666664,0.33333333333333365,3,0.31855225563049316,0.0,3,0.2388970951239268,0.00030511590204576394,3,10.0,0.0,3,407.09999999999997,4.026578365477745,3
1e63d327de,0.16963536163171133,0.0005958673542374446,3,0.130015668251133,0.00043232473853094765,3,0.01712996902919951,0.0029826525585315224,3,0.017426105088027066,0.0022255181457738254,3,0.13062884410222372,0.0005458138120355495,3,0.13228094594949583,0.002546942587179312,3,217151.0,0.0,3,217151.0,0.0,3,41.666666666666664,2.603416558635552,3,0.5255889497736511,0.0015348247417658182,3,20.0,0.0,3,0.45456832695830385,0.0,3,0.3852092568203038,0.0015372957587590664,3,9.0,0.5773502691896257,3,0.31855225563049316,0.0,3,0.13684534033139548,0.00030927446575305793,3,1.0,0.0,3,270.93333333333334,8.351513502220888,3
1e6b80e4de,0.17134867719809213,0.00013077427700119496,3,0.11110518085959238,0.001313105498759245,3,0.00582544450406675,0.0008309109616657323,3,0.005316324650295197,0.0007012483729706646,3,0.10978516439596812,0.0011009321926252018,3,0.11089271182009612,0.0017825046434772668,3,483007.0,0.0,3,483007.0,0.0,3,50.0,0.0,3,0.4513328114846163,0.015078886144758538,3,20.0,0.0,3,0.45456832695830385,0.0,3,0.3244575735614081,0.008380669979673941,3,9.666666666666666,0.8819171036881968,3,0.31855225563049316,0.0,3,0.11741844564676285,0.001222009226093399,3,1.0,0.0,3,419.26666666666665,10.374541489198995,3
1e7530fd4c,0.1708464164733887,9.708492262620804e-05,3,0.11628340374610817,0.0020868181386682256,3,0.015820018828861297,0.0006806292249664089,3,0.010130671597031689,0.0004991635783954661,3,0.10694718112548192,0.0018594373270183068,3,0.11660874833593164,0.0013976096370977276,3,620351.0,0.0,3,620351.0,0.0,3,50.0,0.0,3,0.46460138797474526,0.007798799222369361,3,10.0,0.0,3,0.45456832695830385,0.0,3,0.3733750573508858,0.002917871962770489,3,15.333333333333334,0.3333333333333334,3,0.31855225563049316,0.0,3,0.12595422317584357,0.002026217377392614,3,1.0,0.0,3,515.8000000000001,30.183163077009258,3
1efe2e1cd9,0.16911460796991984,7.373646526549425e-05,3,0.1307560838523031,0.0005358901149351726,3,0.020628114541371662,0.0002216958203501471,3,0.020410748385878464,0.0002341940497191414,3,0.13177929321924844,0.0007571522078480917,3,0.13311385999154857,0.001914249922065174,3,163391.0,0.0,3,163391.0,0.0,3,47.333333333333336,2.1858128414339997,3,0.5225600944532198,0.006979883951692381,3,20.0,0.0,3,0.45456832695830385,0.0,3,0.37719727141943,0.0033920710875613093,3,8.333333333333334,0.3333333333333332,3,0.31855225563049316,0.0,3,0.1367359608411789,0.0005319254093612933,3,1.0,0.0,3,286.5,6.204299584427974,3
1f07449d73,0.15517461828390758,0.00019570809370684394,3,0.23610885439122406,0.00031506925562046464,3,0.06664634444726207,0.0017188416179839668,3,-0.003637877721635122,0.0007026870877341178,3,0.08758322149515152,0.0011110802643943794,3,0.2466341609614506,0.0009044699488242399,3,351551.0,0.0,3,351551.0,0.0,3,33.0,2.0816659994661326,3,0.768062436626412,0.0052267375552657305,3,2.0,0.0,3,0.45456832695830385,0.0,3,0.6626341806795489,0.0020960213399964915,3,60.0,0.5773502691896257,3,0.31855225563049316,0.0,3,0.2484456499417623,0.0002885088157259537,3,10.0,0.5773502691896257,3,527.0666666666667,5.662841846438785,3
1f2cde268e,0.16939451404412587,0.0001858077166555581,3,0.1265762623570126,0.000985156811228427,3,0.00989695326991813,0.0007188991879456408,3,0.0055330316856424646,0.0003900053543273229,3,0.10512869556744893,0.0011413466434514658,3,0.12512702248105928,0.00011966487087352252,3,483007.0,0.0,3,483007.0,0.0,3,50.0,0.0,3,0.514960550639261,0.0038949757693980663,3,5.0,0.0,3,0.45456832695830385,0.0,3,0.40043506111870036,0.003121500525553947,3,15.666666666666666,0.3333333333333334,3,0.31855225563049316,0.0,3,0.13450526694456735,0.001167941263548601,3,1.6666666666666667,0.3333333333333333,3,429.9666666666667,10.916399487824647,3
1f2e602697,0.1547993664741516,9.378751504282187e-05,3,0.238582775106831,0.000562938174885642,3,0.0712742461729302,0.00024200046801317872,3,0.0033200452567408324,0.00018694151221959886,3,0.10941132654746373,0.0005685286943960799,3,0.24974316574420694,0.001237769597909721,3,163391.0,0.0,3,163391.0,0.0,3,45.666666666666664,0.8819171036881973,3,0.7888323122940019,0.002783424143920187,3,2.0,0.0,3,0.45456832695830385,0.0,3,0.6815909191642394,0.0015602210840136813,3,62.0,0.0,3,0.31855225563049316,0.0,3,0.2506856769323349,0.0005116098824188172,3,9.333333333333334,0.3333333333333332,3,269.5333333333333,2.048034287907422,3
2011b632b0,0.16783229156335197,7.661791634471765e-05,3,0.13354214179664398,0.00023293891701380452,3,0.021808589577044128,0.0009396431464736731,3,0.016069196834766045,0.0007007968570004422,3,0.11933471510807674,0.0012578044521700132,3,0.13771878035055093,0.0006543006823176567,3,351551.0,0.0,3,351551.0,0.0,3,19.0,0.0,3,0.5388596401868827,0.015002233873308176,3,10.0,0.0,3,0.45456832695830385,0.0,3,0.41343325574242534,0.009671819460303814,3,15.666666666666666,2.1858128414340006,3,0.31855225563049316,0.0,3,0.1428015579779943,0.0004900123948970995,3,1.0,0.0,3,243.9333333333333,1.9220937657784678,3
205d13b15c,0.15277419948577883,7.012117298170996e-05,3,0.24473179305966827,0.0011391365157999585,3,0.07137282247896548,0.0008836869211524593,3,-0.012772303409677334,0.0026245961498909524,3,0.060300727685292564,0.004970395366385978,3,0.2517604805239697,0.0017794989528683535,3,483007.0,0.0,3,483007.0,0.0,3,30.333333333333332,1.2018504251546631,3,0.7174380905878263,0.003111157329537477,3,1.0,0.0,3,0.45456832695830385,0.0,3,0.5899516327097077,0.0038369989711328025,3,50.666666666666664,0.8819171036881963,3,0.31855225563049316,0.0,3,0.2560521364212036,0.001132961005638248,3,13.333333333333334,0.3333333333333334,3,513.9333333333334,10.763879928311681,3
209aea5d64,0.17103316056728365,0.00032200306853289666,3,0.12436433374684915,0.0006234242361727402,3,0.015224998590176697,0.0008062110300039499,3,0.004804004121709753,0.00015524511487379646,3,0.09724063922961552,0.0007352168957201288,3,0.12789141289626657,0.0006872088261523077,3,491391.0,0.0,3,491391.0,0.0,3,38.333333333333336,2.962731472438529,3,0.5184601154019343,0.003160379277512132,3,10.0,0.0,3,0.45456832695830385,0.0,3,0.38517416876085186,0.002154849672798621,3,15.0,0.5773502691896257,3,0.31855225563049316,0.0,3,0.1331284095843633,0.0006805038805925843,3,1.0,0.0,3,396.8666666666666,19.992026188235933,3
210b28bef8,0.15289516639709474,0.000140477965968382,3,0.246650304213717,0.0009643798009709654,3,0.07464131602534542,0.0009813908640533013,3,-0.005896441204838021,0.0004564255295901512,3,0.09024488429228465,0.0006261240632051662,3,0.25620899858991053,0.0010631452488287319,3,217151.0,0.0,3,217151.0,0.0,3,40.0,1.0,3,0.7888711626339399,0.002329820701689545,3,1.0,0.0,3,0.45456832695830385,0.0,3,0.6793016768182061,0.001514940426331728,3,61.0,0.5773502691896257,3,0.31855225563049316,0.0,3,0.25896475712458294,0.0009652171988538897,3,13.0,0.0,3,288.7,4.110150037812885,3
2136731497,0.1702933661142985,4.445660808680438e-05,3,0.12019981643529537,0.000869558824576324,3,0.008459523872092917,0.0005920530594679558,3,0.005512162175758805,0.0011992506323013211,3,0.106187770764033,0.0009662201768394674,3,0.11786152262445881,0.0021818063811867724,3,483007.0,0.0,3,483007.0,0.0,3,50.0,0.0,3,0.48925682897518635,0.015298067881260811,3,10.0,0.0,3,0.45456832695830385,0.0,3,0.3686449022183777,0.0064933921974552385,3,13.0,0.0,3,0.31855225563049316,0.0,3,0.12766075134277344,0.0009254303967286598,3,1.0,0.0,3,471.8,7.528612089887491,3
22023dab3f,0.17170246879259743,0.0003154125685167589,3,0.11833673259411033,0.001163303104402972,3,0.013258664696304887,0.0006456234000703527,3,0.013407886028289795,6.572902053784057e-05,3,0.12427504360675812,0.001277271906475048,3,0.11862690884740834,0.00010163247686095988,3,620351.0,0.0,3,620351.0,0.0,3,32.333333333333336,1.2018504251546636,3,0.45921762446438724,0.004308930229676338,3,20.0,0.0,3,0.45456832695830385,0.0,3,0.35063283079323454,0.0024873269390931815,3,11.666666666666666,0.3333333333333332,3,0.31855225563049316,0.0,3,0.12715422610441843,0.0010892851377870946,3,1.0,0.0,3,419.8333333333333,13.95640036367225,3
22a5da32a3,0.15395453997453054,0.00017628482398382707,3,0.23255067157047857,0.00044475838064699625,3,0.06535633594270736,0.00030137011680264836,3,-0.018570290040717554,0.00012173823697078465,3,0.05453041071693102,0.0009820065095894857,3,0.23809035370824194,0.0006920087635867475,3,491391.0,0.0,3,491391.0,0.0,3,50.0,0.0,3,0.6900861235097019,0.0029388173094152636,3,1.0,0.0,3,0.45456832695830385,0.0,3,0.5644936628541412,0.0014958183641933511,3,46.666666666666664,0.33333333333333365,3,0.31855225563049316,0.0,3,0.24334432184696198,0.0005415760809482569,3,12.0,0.5773502691896257,3,447.23333333333335,1.3345827479444998,3
22f1e6fe77,0.1564270146290461,0.00010896362991925286,3,0.2205739288659788,0.0002921078084542116,3,0.059242202806725076,0.0005133738471265394,3,-0.012973767739755136,0.00039718771418862644,3,0.06710308541854222,0.0007095930260330525,3,0.22791634851087506,0.001419582263013381,3,620351.0,0.0,3,620351.0,0.0,3,50.0,0.0,3,0.7117436599351136,0.006586751371538785,3,1.0,0.0,3,0.45456832695830385,0.0,3,0.6347685178372795,0.0022381831690106266,3,54.333333333333336,0.6666666666666664,3,0.31855225563049316,0.0,3,0.23244105776151022,0.0003679668597103365,3,9.0,0.5773502691896257,3,487.0666666666666,1.691481927515373,3
2332f9a9be,0.1533451232910156,3.6590797449254106e-05,3,0.24352397276230112,0.0003455706237695332,3,0.07145585900261288,0.0006450954706615994,3,-0.01082020777243155,0.0003616652053018091,3,0.07756786048412323,0.0015771977282081969,3,0.2524044511652786,0.0012132619848463431,3,351551.0,0.0,3,351551.0,0.0,3,35.0,2.0816659994661326,3,0.7799465981813728,0.0018864838209628246,3,1.0,0.0,3,0.45456832695830385,0.0,3,0.6702695710236909,0.0014192533518556164,3,59.666666666666664,0.33333333333333365,3,0.31855225563049316,0.0,3,0.25560258825620014,0.0002505595336444346,3,12.333333333333334,0.3333333333333332,3,286.8,11.205504599674795,3
2340aea923,0.1564576815366745,0.00020273012940440904,3,0.2204038209560154,0.0006049043201695426,3,0.05908252038652934,0.0001894876840965249,3,-0.013589549947668006,0.0005489110397610636,3,0.05987368275721868,0.0014928694055326706,3,0.2275947532573608,0.000865672850091097,3,491391.0,0.0,3,491391.0,0.0,3,48.666666666666664,1.3333333333333337,3,0.671621294755667,0.003573560594665546,3,2.0,0.0,3,0.45456832695830385,0.0,3,0.5478771005270285,0.0021784556260560192,3,45.666666666666664,0.8819171036881973,3,0.31855225563049316,0.0,3,0.2312031239271164,0.0006134591019809034,3,8.0,0.0,3,412.1333333333334,6.165044831773559,3
23cb99954e,0.16769614402453104,0.00013101576147606702,3,0.13684773236512335,0.00036956360707282425,3,0.020855181116275684,0.0007696980404465875,3,0.01850703027513292,0.0001841613200207208,3,0.12778562307357788,0.0005555357034824134,3,0.1416927525915379,0.0017529386298537335,3,217151.0,0.0,3,217151.0,0.0,3,45.333333333333336,2.403700850309326,3,0.5669228663798487,0.00533569087309058,3,5.0,0.0,3,0.45456832695830385,0.0,3,0.4210838776605608,0.005152111641213467,3,16.0,0.0,3,0.31855225563049316,0.0,3,0.14398392538229624,0.00043850718638676863,3,2.0,0.0,3,295.26666666666665,8.314111163825293,3
243e7ee006,0.1527975505590439,0.00013176720828535178,3,0.24725806167467204,0.0003952532516946022,3,0.07445357653199049,0.000718858794721193,3,-0.004981554374492989,0.00045389194091647635,3,0.09242092321316402,0.0007913043322315741,3,0.2560070817338915,0.001348325865376984,3,217151.0,0.0,3,217151.0,0.0,3,41.666666666666664,0.881917103688197,3,0.7900437063213741,0.0014787542344750291,3,1.0,0.0,3,0.45456832695830385,0.0,3,0.6800371646939247,0.000965431978669607,3,61.0,0.5773502691896257,3,0.31855225563049316,0.0,3,0.25954530636469525,0.0006280151926060847,3,13.0,0.0,3,271.3333333333333,3.1866039045423387,3
24e79acb9f,0.16785464219252266,0.00020634883726455746,3,0.1374062571477149,0.0005014106397203798,3,0.021331557205745155,0.0010173514598764268,3,0.018568830199973293,0.0004487792114422619,3,0.1283989151318868,0.0001189573023563764,3,0.1418721259586827,0.001608343597728753,3,163391.0,0.0,3,163391.0,0.0,3,50.0,0.0,3,0.5843799136242199,0.003746818436579004,3,5.0,0.0,3,0.45456832695830385,0.0,3,0.43210295596180925,0.0037607867545528663,3,18.0,0.5773502691896257,3,0.31855225563049316,0.0,3,0.14427301784356436,0.000626688696608578,3,2.0,0.0,3,293.09999999999997,0.49328828623163795,3
258d147b09,0.15552180353800457,0.00012477015589290656,3,0.23397423241765092,0.0003567550187907075,3,0.06272492648432494,0.00027994082563383485,3,-0.0032139486736721457,0.0004290447924117675,3,0.08029996107021968,0.0005129530143913156,3,0.24201105411165028,0.0008670991576422945,3,417471.0,0.0,3,417471.0,0.0,3,32.333333333333336,1.201850425154663,3,0.7186806101767518,0.0025814642694167765,3,2.0,0.0,3,0.45456832695830385,0.0,3,0.5954473408102635,0.0013210261901343925,3,53.666666666666664,0.6666666666666664,3,0.31855225563049316,0.0,3,0.24542131026585898,0.0002800314230962805,3,9.333333333333334,0.881917103688197,3,616.8666666666667,8.565499271950106,3
26423638b0,0.1718955180644989,0.0002732347699268041,3,0.10893428386324555,0.001239821447727206,3,0.01339604930272178,0.0006604274171443143,3,0.012461303087769361,0.00042404837675032446,3,0.11300620685021083,0.0009024119188946465,3,0.10868405691602663,0.0005858312010732101,3,620351.0,0.0,3,620351.0,0.0,3,49.333333333333336,0.6666666666666673,3,0.4156116624694466,0.0045146136804125455,3,20.0,0.0,3,0.45456832695830385,0.0,3,0.327601022899614,0.0020680639664050404,3,10.666666666666666,1.3333333333333333,3,0.31855225563049316,0.0,3,0.11741970976193745,0.00134446162238298,3,1.0,0.0,3,486.93333333333334,4.933671159604287,3
267841814b,0.15715814578533172,0.00035564788768109725,3,0.22405286389488777,0.000738065258383025,3,0.05957666465214321,0.00212273218122189,3,-0.007491552325152847,0.0018086666429421418,3,0.07991973062356313,0.0011628824237980234,3,0.23174537193692143,0.0011777851502954239,3,620351.0,0.0,3,620351.0,0.0,3,26.333333333333332,2.6034165586355513,3,0.7313588722727834,0.006874733838682031,3,2.0,0.0,3,0.45456832695830385,0.0,3,0.633463987951102,0.004045061197957834,3,56.666666666666664,0.8819171036881963,3,0.31855225563049316,0.0,3,0.23684815565745035,0.0006828803369846256,3,8.0,0.5773502691896257,3,602.0666666666667,32.36671815993159,3
2826318e20,0.17077447803815207,0.0003270264322580596,3,0.13219750921175946,0.0011889756321924105,3,0.006026830938127305,0.0016266050587577436,3,0.0006854912591358972,0.001086877276022985,3,0.11482332398494084,0.00034087233032682154,3,0.13629572309635946,0.0013332653405595126,3,417471.0,0.0,3,417471.0,0.0,3,27.333333333333332,2.4037008503093262,3,0.5216262085074742,0.008019015782602328,3,10.0,0.0,3,0.45456832695830385,0.0,3,0.3860089305677759,0.001586226420904168,3,13.0,0.0,3,0.31855225563049316,0.0,3,0.1401380052169164,0.0011739286267647845,3,1.0,0.0,3,293.90000000000003,12.397714843201285,3
28f6d9f061,0.1546626113653183,5.99834218377396e-05,3,0.23269213613833553,0.00043649338477199815,3,0.0675713199156302,0.0002924368887534479,3,-0.0059630609063244374,0.0003344415937750281,3,0.08783458918333054,0.0009732586195781162,3,0.24165032285041296,0.0011401652107293839,3,163391.0,0.0,3,163391.0,0.0,3,50.0,0.0,3,0.7584429465518897,0.0026249031441247573,3,1.0,0.0,3,0.45456832695830385,0.0,3,0.663750525053988,0.0011505995337927318,3,60.666666666666664,0.33333333333333365,3,0.31855225563049316,0.0,3,0.2434553255637487,0.0007254542866014166,3,10.0,0.5773502691896257,3,286.5333333333333,1.1140516644712373,3
290c20bc42,0.16887966763973236,0.00025745908090314077,3,0.13016121831474778,0.001337857349648025,3,0.018654759283419007,0.0006333689342856203,3,0.015272586433975785,0.000551460997934597,3,0.12102756400903066,0.00153539486054783,3,0.13586558962906262,0.0009745004661209226,3,351551.0,0.0,3,351551.0,0.0,3,41.666666666666664,3.1797973380564857,3,0.5539143865478239,0.011092231678263658,3,10.0,0.0,3,0.45456832695830385,0.0,3,0.41304418091294903,0.004717135040055253,3,17.0,0.0,3,0.31855225563049316,0.0,3,0.13901150723298392,0.0016319917678103049,3,1.0,0.0,3,339.40000000000003,15.078571992510888,3
297da2edad,0.17005782512823742,2.0991909594893864e-05,3,0.12227307208548738,0.0018945592930427252,3,0.01662665605545044,0.0006669096791840323,3,0.015778846210903592,0.0005535813660529368,3,0.12401476999123891,0.001826222296279543,3,0.1261562637118336,0.0016089235051763837,3,351551.0,0.0,3,351551.0,0.0,3,39.333333333333336,1.7638342073763935,3,0.5153855397428742,0.00353025896989386,3,20.0,0.0,3,0.45456832695830385,0.0,3,0.37486593211640923,0.002908034184603813,3,11.666666666666666,0.6666666666666669,3,0.31855225563049316,0.0,3,0.13000116248925528,0.0019037199855967434,3,1.0,0.0,3,358.8333333333333,15.1025752035134,3
2a7d5c102b,0.1568741462628047,0.00011407723141287802,3,0.22569783856884187,0.0005897791441069044,3,0.06098861637569609,0.0009255997617432155,3,-0.007389106132366039,0.0009203866729050743,3,0.08153556287288666,0.0026584691910840163,3,0.23271072783456656,0.0009424744872260291,3,620351.0,0.0,3,620351.0,0.0,3,26.666666666666668,0.8819171036881968,3,0.7298440175765171,0.0034307691508690423,3,2.0,0.0,3,0.45456832695830385,0.0,3,0.6327973501339118,0.0036382151849601997,3,56.666666666666664,0.33333333333333365,3,0.31855225563049316,0.0,3,0.23825577894846597,0.00045457222622248225,3,8.0,0.5773502691896257,3,617.5666666666666,10.802674565947921,3
2ab11121fe,0.15547452676296233,4.655468583607361e-05,3,0.23468840430598956,0.0004454607139755917,3,0.06656250026490952,0.0006093309432305395,3,-0.00608542766520586,0.0006310063627203124,3,0.08460566649834315,0.0008656736756427693,3,0.24344271452610164,0.0014736969604293095,3,351551.0,0.0,3,351551.0,0.0,3,43.0,1.5275252316519468,3,0.7756312755008924,0.0028254575052054586,3,2.0,0.0,3,0.45456832695830385,0.0,3,0.6706492713838209,0.00124838249107927,3,59.666666666666664,0.6666666666666673,3,0.31855225563049316,0.0,3,0.2469679315884908,0.00035521489990381376,3,9.0,0.0,3,395.56666666666666,5.377835169574364,3
2ca6d0619f,0.17013333213329318,0.00033185914103413765,3,0.12856403596754448,0.0009030460444170318,3,0.017216893730970916,0.0004884160920620236,3,0.011038067479612966,0.0003515038014588673,3,0.11508784194787343,0.0004665523141995533,3,0.1308356248834661,0.0003027149420784931,3,620351.0,0.0,3,620351.0,0.0,3,27.0,0.5773502691896257,3,0.5254195745577475,0.0021396481662151767,3,10.0,0.0,3,0.45456832695830385,0.0,3,0.40886322669387276,0.0010710525195124238,3,17.666666666666668,0.3333333333333332,3,0.31855225563049316,0.0,3,0.1391578068335851,0.0007527818597566658,3,1.0,0.0,3,338.06666666666666,7.264831572567792,3
2d16cbfa0c,0.17121633271376294,0.0002584148467099247,3,0.11738125790671096,0.0010615517518202926,3,0.015172826865362742,0.0006029176931744736,3,0.01489268945007728,0.0006962206944515546,3,0.12186597287654877,0.001752713612217087,3,0.11900263503626402,0.0015855192735995142,3,620351.0,0.0,3,620351.0,0.0,3,29.666666666666668,0.6666666666666669,3,0.4582824651254824,0.012135711529086048,3,20.0,0.0,3,0.45456832695830385,0.0,3,0.34683472746128113,0.007212212702734695,3,11.666666666666666,0.8819171036881968,3,0.31855225563049316,0.0,3,0.12616302073001862,0.0013763892873599921,3,1.0,0.0,3,333.8666666666666,4.0732187654373755,3
2d4dd4e2f5,0.15613559834162394,0.00015742524812985563,3,0.23386894696374094,0.0005298765460567517,3,0.05873617987153391,0.00029758786118163645,3,-0.004603301406537415,0.0007503732728870468,3,0.07885526865720749,0.0012705157509060663,3,0.24162755351098322,0.0004688496423853561,3,417471.0,0.0,3,417471.0,0.0,3,36.0,2.516611478423583,3,0.7293618414688053,0.005360591127145968,3,2.0,0.0,3,0.45456832695830385,0.0,3,0.5993126001980332,0.0018984215599778275,3,54.0,0.5773502691896257,3,0.31855225563049316,0.0,3,0.2455646793047587,0.0006403724120778853,3,9.333333333333334,0.3333333333333334,3,636.7666666666667,20.739843565251658,3
2dd6dcb212,0.17147810630003613,0.00018091224975320892,3,0.12319020169085858,0.000874615228865903,3,0.005069405313522096,0.0013154708486574377,3,0.005431722396265263,0.0011885215045848146,3,0.11993180463711421,0.001437681826262066,3,0.12394259949726404,0.0010813456450768115,3,417471.0,0.0,3,417471.0,0.0,3,29.333333333333332,0.3333333333333332,3,0.5054303483159015,0.0026137442240634252,3,20.0,0.0,3,0.45456832695830385,0.0,3,0.3628722215210602,0.0011671826701389841,3,10.333333333333334,0.6666666666666669,3,0.31855225563049316,0.0,3,0.12997677425543466,0.0007711507943422305,3,1.0,0.0,3,345.8,2.5423086620891233,3
2e3ecd5491,0.1698206957976023,0.0003243568926484799,3,0.12665971199548434,0.0012239827003477294,3,0.008694318867234326,0.0018965560788653992,3,0.004136092448360705,0.0018146982422460416,3,0.10531936834255855,0.0006398419742996711,3,0.12754371346375967,0.0012542734168210186,3,417471.0,0.0,3,417471.0,0.0,3,50.0,0.0,3,0.5222175328356337,0.005665875663094502,3,5.0,0.0,3,0.45456832695830385,0.0,3,0.39704334692080234,0.004731138557814136,3,14.666666666666666,0.3333333333333332,3,0.31855225563049316,0.0,3,0.13438585897286734,0.0015529736791572541,3,2.0,0.0,3,386.1000000000001,0.5,3
2efa97368f,0.15695801814397178,0.00024131860535969274,3,0.20382317560014993,0.001259379383648014,3,0.05022925012326115,0.000644584963894582,3,-0.0100280519515749,0.0010391831246902327,3,0.06136182323098183,0.001981113820405454,3,0.20836166365284156,0.0018796714317379248,3,491391.0,0.0,3,491391.0,0.0,3,50.0,0.0,3,0.620652047677055,0.00568413386767249,3,2.0,0.0,3,0.45456832695830385,0.0,3,0.5129931769355435,0.0032615354430172694,3,38.666666666666664,1.3333333333333328,3,0.31855225563049316,0.0,3,0.21338456869125366,0.0013748433742052665,3,8.0,0.0,3,539.2666666666668,2.946372534339645,3
2f1302e1e5,0.16789489420255024,9.573338317851705e-05,3,0.13652168914065324,0.0009782071856323025,3,0.022496910006911664,0.00046942674201826004,3,0.01900730467347241,0.00040351957699454424,3,0.12683693319559097,0.0012612750591875148,3,0.1395785699302109,0.0017330118393046375,3,163391.0,0.0,3,163391.0,0.0,3,25.0,0.5773502691896257,3,0.5533918149016968,0.010499661707774626,3,5.0,0.0,3,0.45456832695830385,0.0,3,0.40033593978042536,0.004429294314940151,3,14.333333333333334,0.3333333333333334,3,0.31855225563049316,0.0,3,0.14256269236405691,0.0009751590224765911,3,1.6666666666666667,0.33333333333333337,3,211.03333333333333,2.6741561493508756,3
30d21b1a03,0.15477781689167022,1.7616614547738705e-05,3,0.2294228877486317,0.0006766769452966709,3,0.06544937248583194,0.0002737427552287023,3,-0.00829616488603057,0.0009613762497391905,3,0.0797292838493983,0.0007473206120168939,3,0.23609780030516633,0.0011751131439521098,3,620351.0,0.0,3,620351.0,0.0,3,18.666666666666668,0.3333333333333332,3,0.7057066272397908,0.0012218740388626882,3,1.0,0.0,3,0.45456832695830385,0.0,3,0.6005571023062151,0.0014567030283317874,3,50.666666666666664,0.33333333333333365,3,0.31855225563049316,0.0,3,0.2419617623090744,0.0009082634055906073,3,10.0,0.5773502691896257,3,256.1333333333333,1.6220700080795312,3
3126861529,0.1530836322307587,0.00022029295936219892,3,0.2450628988922123,0.001082753544696714,3,0.0717859012739999,0.0009112001721096821,3,-0.012486420926593599,0.0015361483148133312,3,0.06350241228938103,0.0010566430811506857,3,0.2516466920960485,0.0018377594427215693,3,417471.0,0.0,3,417471.0,0.0,3,31.666666666666668,2.96273147243853,3,0.731945075280195,0.007835860790361453,3,1.0,0.0,3,0.45456832695830385,0.0,3,0.5989104256578724,0.003858134658432783,3,52.666666666666664,0.6666666666666664,3,0.31855225563049316,0.0,3,0.2560570339361827,0.0012163654533138097,3,13.0,0.0,3,291.96666666666664,14.036777091309474,3
314a54bf05,0.1695596645673116,0.0001979854241869664,3,0.12299681326880701,0.00036889879148856327,3,0.017329899091569206,0.0005258440311405851,3,0.015536641317700583,0.00030936218119074105,3,0.12062333524227142,0.0004787295830828196,3,0.12724851871509843,0.0017068449685558825,3,351551.0,0.0,3,351551.0,0.0,3,19.0,0.5773502691896257,3,0.5085113117545134,0.00289500538938032,3,20.0,0.0,3,0.45456832695830385,0.0,3,0.3745930931081862,0.00281939589877415,3,10.666666666666666,0.6666666666666666,3,0.31855225563049316,0.0,3,0.1305731733640035,0.0003102644786058548,3,1.0,0.0,3,244.79999999999998,1.682260384126079,3
314e66738e,0.15381838552157084,0.00015257385846655045,3,0.24158809518856827,0.00039644756853869976,3,0.06995893628508956,0.00043206855427810824,3,-0.010433143724209415,0.0006660223256879352,3,0.07843602448701859,0.001353856623774804,3,0.2498195284742871,0.0014095755553304654,3,351551.0,0.0,3,351551.0,0.0,3,43.333333333333336,3.7118429085533484,3,0.7823182214961131,0.0023945959886635102,3,1.0,0.0,3,0.45456832695830385,0.0,3,0.6762984252914196,0.0018860306339870817,3,59.666666666666664,0.33333333333333365,3,0.31855225563049316,0.0,3,0.25388386845588684,0.0004509248130547254,3,12.333333333333334,0.6666666666666666,3,390.93333333333334,16.571595510927065,3
328a5b9389,0.15477905587355295,7.464096600744934e-05,3,0.23209783846103318,0.0015185751340283627,3,0.060005616574060346,0.0011337269177471758,3,-0.006952713090906698,0.00024056320616684264,3,0.07266457378864288,0.0010224111018993219,3,0.2379608045288666,0.0015408729112306866,3,417471.0,0.0,3,417471.0,0.0,3,50.0,0.0,3,0.71364396705863,0.0034982394027731787,3,1.0,0.0,3,0.45456832695830385,0.0,3,0.60104482434456,0.0015974344889957248,3,51.333333333333336,0.33333333333333365,3,0.31855225563049316,0.0,3,0.24321098625659943,0.0015576710635656168,3,9.333333333333334,0.3333333333333334,3,476.06666666666666,25.274580994438733,3
332480b6be,0.15795225119590758,2.490186866149098e-05,3,0.21528247236949663,2.0254692691144772e-05,3,0.05638660388018088,0.00038121548822133984,3,-0.010896478380475727,0.0006264343086305829,3,0.06969956556955974,0.0011845580246445124,3,0.2234028946942751,0.0007759605973622121,3,620351.0,0.0,3,620351.0,0.0,3,50.0,0.0,3,0.7069788310156776,0.002014143631003708,3,2.0,0.0,3,0.45456832695830385,0.0,3,0.6268242773727501,0.0018189457091674754,3,55.666666666666664,0.33333333333333365,3,0.31855225563049316,0.0,3,0.22709027926127115,0.00017149380031473787,3,6.333333333333333,0.3333333333333333,3,504.76666666666665,1.1348029687032721,3
33f36a589c,0.16817258254686993,0.0010551952970407543,3,0.1455429136823039,0.0017900018659405164,3,0.023388073873267603,0.0013219265582067022,3,9.195388309539305e-05,0.001134511391347892,3,0.08681226521730423,0.0016504393631043208,3,0.14711816749159637,0.001105137099941946,3,491391.0,0.0,3,491391.0,0.0,3,30.0,4.163331998932265,3,0.5367270079746177,0.003803497959967867,3,5.0,0.0,3,0.45456832695830385,0.0,3,0.4032105305782712,0.003359093034347206,3,18.0,0.5773502691896257,3,0.31855225563049316,0.0,3,0.15501518547534943,0.001813366332347471,3,2.0,0.0,3,337.8666666666667,24.88468962590809,3
34154b0a95,0.17089527237415314,0.0002654571678749602,3,0.1229353303837349,0.0015857274580193324,3,0.009820752673678927,0.0014462493661507782,3,0.006637544859023321,0.0008974605605071476,3,0.118509146074454,0.001886568034184076,3,0.12705114882783,0.0010876168989286824,3,417471.0,0.0,3,417471.0,0.0,3,24.666666666666668,0.8819171036881971,3,0.4852586143473135,0.006182447054190785,3,20.0,0.0,3,0.45456832695830385,0.0,3,0.34366081743992966,0.004471495089696914,3,10.333333333333334,0.3333333333333334,3,0.31855225563049316,0.0,3,0.12955570220947266,0.0016937041916246795,3,1.0,0.0,3,279.7,4.026164427839466,3
3430297808,0.16974213353792825,0.0006268061299677169,3,0.13473926939160624,0.00088517548545749,3,0.015537100494223298,0.0024352275847968185,3,0.008476690955893703,0.0016896705115552536,3,0.11226632197697957,0.0005500185090909586,3,0.14175513408236148,0.0004380291730795097,3,483007.0,0.0,3,483007.0,0.0,3,23.0,1.1547005383792515,3,0.534383565411994,0.0019634751324443954,3,10.0,0.0,3,0.45456832695830385,0.0,3,0.3914867670071493,0.0006550216000471363,3,13.666666666666666,0.3333333333333332,3,0.31855225563049316,0.0,3,0.14329195519288382,0.0009618814327103038,3,1.0,0.0,3,290.3,7.651361534611546,3
3479d681ba,0.16864368462562562,4.11255813734835e-05,3,0.1229931851832916,0.0009806075045533842,3,0.016774665110956422,0.00024193183107329278,3,0.012163123125752443,0.0001615525751223248,3,0.11172286917765935,0.0006537558610162292,3,0.12409049262035472,0.0013895022049859956,3,491391.0,0.0,3,491391.0,0.0,3,17.333333333333332,0.33333333333333365,3,0.446945276747068,0.007084886532305167,3,20.0,0.0,3,0.45456832695830385,0.0,3,0.32768280340976014,0.00034472037819714837,3,12.0,0.5773502691896257,3,0.31855225563049316,0.0,3,0.1294111361106237,0.0008365656756967039,3,1.0,0.0,3,261.6333333333333,3.6167818722050713,3
36d87f3105,0.15542911620934804,0.0002682423383535257,3,0.2327114864421259,0.0009481595896821741,3,0.06673760735799396,0.0013849576946758564,3,-0.004273590272065824,0.002706544660048377,3,0.08776555458704631,0.0025445081663419858,3,0.24326097663956592,0.0009604216682500817,3,351551.0,0.0,3,351551.0,0.0,3,20.0,0.5773502691896257,3,0.7339753165968997,0.007639803214058244,3,2.0,0.0,3,0.45456832695830385,0.0,3,0.6190836875072158,0.003268698602178373,3,56.0,0.5773502691896257,3,0.31855225563049316,0.0,3,0.24433729549249014,0.000998576623113995,3,9.0,0.5773502691896257,3,381.8333333333333,3.628743278020317,3
36dea4e9ec,0.16845558170477548,0.0002106575417566674,3,0.13688620514419383,0.0007379001191940197,3,0.02002901311904665,0.0007272722546521829,3,0.011912611426499785,0.001070331876731027,3,0.11596386631329854,0.0018641755361141227,3,0.14323145595065256,0.0013079118032217737,3,417471.0,0.0,3,417471.0,0.0,3,19.333333333333332,0.8819171036881966,3,0.5108236037157274,0.011789700478950508,3,10.0,0.0,3,0.45456832695830385,0.0,3,0.37388366579760346,0.0050485818211909155,3,9.333333333333334,0.3333333333333334,3,0.31855225563049316,0.0,3,0.1443252464135488,0.0007297981735047638,3,1.3333333333333333,0.3333333333333333,3,241.9333333333333,4.791079674190829,3
37c18a8e0b,0.1542785672346751,6.755447948074958e-05,3,0.2404725123193728,0.0008273295755209646,3,0.06246314666889332,0.0004634715137102452,3,-0.010882937403583022,0.0009494011076132473,3,0.06895328313112259,0.0010456154729226045,3,0.24841687439721075,0.001183640461356688,3,417471.0,0.0,3,417471.0,0.0,3,44.0,2.0816659994661326,3,0.733812326822911,0.006731636501979552,3,1.0,0.0,3,0.45456832695830385,0.0,3,0.6169827916085228,0.0036993891701093367,3,54.666666666666664,0.6666666666666664,3,0.31855225563049316,0.0,3,0.25153645873069763,0.0011160509571277522,3,12.333333333333334,0.3333333333333334,3,368.4666666666667,10.168961489639825,3
38074232e6,0.17102538192272188,0.00017510813102157439,3,0.10745245384210021,0.0013424622740848976,3,0.011263050414897778,0.0003751990505615196,3,0.007940414406004405,0.0006984983548492259,3,0.10250082860390346,0.0014182727620004477,3,0.10546776575059692,0.0002495186479632241,3,491391.0,0.0,3,491391.0,0.0,3,49.0,1.0,3,0.4029638279689933,0.010660089283129275,3,20.0,0.0,3,0.45456832695830385,0.0,3,0.29874688214308287,0.005793301564638397,3,10.333333333333334,0.3333333333333332,3,0.31855225563049316,0.0,3,0.11288748929897945,0.0011739156950638405,3,0.0,0.0,3,443.3333333333333,6.585927758823688,3
3987f65b8e,0.17017441066106162,0.0005111147130449782,3,0.13373588055012087,0.0006448284518089251,3,0.007495098959201228,0.0015645638232782409,3,0.0008609638643012476,0.001195177486991948,3,0.10808909684419632,0.0013540368558113754,3,0.13780434895088622,0.0008711267432551628,3,417471.0,0.0,3,417471.0,0.0,3,39.333333333333336,4.9777281743560255,3,0.5483580262404294,0.013999638894063316,3,5.0,0.0,3,0.45456832695830385,0.0,3,0.4047120716333518,0.005861812094145612,3,15.666666666666666,0.881917103688197,3,0.31855225563049316,0.0,3,0.14166855812072754,0.0007674963464534246,3,2.0,0.0,3,338.23333333333335,25.16196424058433,3
39940bf84e,0.1540401301383972,0.0001846156482729585,3,0.23412500616685125,0.000327364679561659,3,0.06614896387019485,0.0003161160265187872,3,-0.01972474339147093,0.0006610846406809033,3,0.05217663695414861,0.0005051939773231509,3,0.2401687837789852,0.0005136188763660982,3,491391.0,0.0,3,491391.0,0.0,3,48.666666666666664,1.3333333333333328,3,0.6902303767108737,0.000891346692684786,3,1.0,0.0,3,0.45456832695830385,0.0,3,0.5632774800895834,0.0019239068880067167,3,47.0,0.5773502691896257,3,0.31855225563049316,0.0,3,0.24505147337913513,0.00039652338058382343,3,13.0,0.0,3,799.7333333333332,11.57026841136846,3
3a59f9e836,0.15432169791062675,1.3534014355563472e-05,3,0.23334951432510007,0.00036484769177521297,3,0.06775712620013606,0.00027723072246070167,3,-0.008615006530095662,0.0001927954959629024,3,0.08111204952001572,0.00042298470857313035,3,0.24189177027610545,0.0014232927868899296,3,217151.0,0.0,3,217151.0,0.0,3,50.0,0.0,3,0.7697242571634028,0.00042072787262200235,3,1.0,0.0,3,0.45456832695830385,0.0,3,0.673170110434095,0.0006748573967537094,3,61.333333333333336,0.33333333333333365,3,0.31855225563049316,0.0,3,0.24488372604052225,0.0002368864986476591,3,9.666666666666666,0.6666666666666669,3,301.59999999999997,0.3785938897200342,3
3a7bda87f0,0.1693354437748591,0.0005131892317769478,3,0.1370894746185593,0.000688039036280865,3,0.008665497340853251,0.002481367987517077,3,-0.0007540927362189722,0.003070368891080594,3,0.1065151368578275,0.0028153969323821706,3,0.14008836773271877,0.000756472783045598,3,483007.0,0.0,3,483007.0,0.0,3,36.0,3.5118845842842465,3,0.5367140059905003,0.017163303303117092,3,5.0,0.0,3,0.45456832695830385,0.0,3,0.4063083592381163,0.012791140931459211,3,16.333333333333332,1.8559214542766742,3,0.31855225563049316,0.0,3,0.14570316672325134,0.0011925785217654465,3,2.0,0.0,3,368.7,22.106107753288445,3
3ab7e6d029,0.15438659663995108,3.989883520361818e-05,3,0.23266591137925316,0.00043742097314838257,3,0.06746642299430079,0.0003153958208789574,3,-0.0097389678475718,0.0006937394540650458,3,0.07903382182121277,0.0019307826322248164,3,0.2414544074816292,0.0013011909331471906,3,217151.0,0.0,3,217151.0,0.0,3,50.0,0.0,3,0.768650796182398,0.0011735262566562534,3,1.0,0.0,3,0.45456832695830385,0.0,3,0.6732148767104803,0.0007801647318877379,3,60.666666666666664,0.33333333333333365,3,0.31855225563049316,0.0,3,0.24396096666653952,0.0004559453713188268,3,10.666666666666666,0.3333333333333332,3,325.1666666666667,1.2115187896924116,3
3b359064fd,0.15623501014709473,0.00020808043301291223,3,0.22397487350715564,0.0006923048914927919,3,0.06088587058284295,0.0006024388439595767,3,-0.01294439810293692,0.0008357489728869007,3,0.06208663682142893,0.0020903124835470505,3,0.22976936160952044,0.00026897522873553,3,491391.0,0.0,3,491391.0,0.0,3,46.333333333333336,2.333333333333334,3,0.6781931271020661,0.004150195351614558,3,2.0,0.0,3,0.45456832695830385,0.0,3,0.5492471725623488,0.001769642053020896,3,46.0,0.5773502691896257,3,0.31855225563049316,0.0,3,0.23493481675783792,0.0008554885402411522,3,8.666666666666666,0.3333333333333334,3,410.90000000000003,13.801932231877293,3
3c5a32eb91,0.15443325885136922,7.458028394865744e-05,3,0.23263925445673084,0.00022096704509535163,3,0.06740870835289121,0.0005831232851975824,3,-0.010342297415253977,0.0008164346022343945,3,0.07810588677724202,0.0008327252509082359,3,0.24216278771104238,0.001436000912232079,3,217151.0,0.0,3,217151.0,0.0,3,50.0,0.0,3,0.7700853547006634,0.0008847757283103495,3,1.0,0.0,3,0.45456832695830385,0.0,3,0.674242800079932,0.0008341599125103451,3,60.666666666666664,0.33333333333333365,3,0.31855225563049316,0.0,3,0.24407448371251425,0.000358121026146819,3,10.0,0.5773502691896257,3,353.0333333333333,3.6557412988947124,3
3cdc62f848,0.17093923469384512,0.00021234423394812473,3,0.11490381475571836,0.0011519780305528277,3,0.01569769811377954,0.00028550957800498576,3,0.010243573201396476,0.0003325372763917375,3,0.10693642497062683,0.0014599388239757564,3,0.11488161718030458,0.0007492890123280003,3,620351.0,0.0,3,620351.0,0.0,3,47.333333333333336,1.3333333333333328,3,0.4656960711492457,0.008536498420249474,3,10.0,0.0,3,0.45456832695830385,0.0,3,0.3770620761311445,0.0036005940150833403,3,15.666666666666666,0.3333333333333334,3,0.31855225563049316,0.0,3,0.12483345468839009,0.0010358853666798582,3,1.0,0.0,3,491.09999999999997,8.829684781085515,3
3e56a8bd04,0.16981292935212453,0.00012595496141756303,3,0.12619733682490863,0.001045738810559356,3,0.00863804924424994,0.0007567488432699057,3,0.004504670541753214,0.0005433850060921165,3,0.10518122712771098,0.0009690014396582775,3,0.12671035157808663,0.0008730192000371673,3,417471.0,0.0,3,417471.0,0.0,3,50.0,0.0,3,0.510473999581604,0.014070532105952322,3,5.0,0.0,3,0.45456832695830385,0.0,3,0.39377367423397985,0.006170158711800256,3,15.0,0.0,3,0.31855225563049316,0.0,3,0.13345764577388763,0.0010591375542652022,3,1.3333333333333333,0.33333333333333337,3,390.76666666666665,2.384906240877771,3
3e87519fa5,0.16967555562655132,0.00011266061362181668,3,0.1183266193515446,0.0012168834138151547,3,0.017566181049145087,0.000367472326752405,3,0.016421416449168374,0.00017554819112798665,3,0.11863455673058827,0.0006924091624440402,3,0.1228092072522317,0.0022453206229086915,3,217151.0,0.0,3,217151.0,0.0,3,50.0,0.0,3,0.4904256324409979,0.006934469579504611,3,20.0,0.0,3,0.45456832695830385,0.0,3,0.35716891137137785,0.003734437455418465,3,9.666666666666666,0.6666666666666666,3,0.31855225563049316,0.0,3,0.12531431764364243,0.0012920456711815326,3,1.0,0.0,3,336.3,4.346646216720806,3
3ed0693573,0.1699326736132304,1.5365927122213897e-05,3,0.11527545088229257,0.0004305998397015493,3,0.01692461431341827,0.000277519250807979,3,0.016146945574926953,0.0001969400328999094,3,0.11649637172619502,0.000245928638403759,3,0.12023103018620267,0.00238173188210044,3,163391.0,0.0,3,163391.0,0.0,3,50.0,0.0,3,0.47158105515760557,0.0008860056049420731,3,20.0,0.0,3,0.45456832695830385,0.0,3,0.3419949707282017,0.00038625966971720754,3,7.666666666666667,0.3333333333333334,3,0.31855225563049316,0.0,3,0.1209171786904335,0.00035005789790878235,3,1.0,0.0,3,311.8,2.251666049839529,3
3ff56b9e15,0.1540920394261678,0.00016809918725775371,3,0.23991437238702537,0.00017810741424989144,3,0.06063516398586293,0.0014581992531120423,3,-0.011375592499182968,0.000563392322323846,3,0.07065605868895848,0.0012335537100412663,3,0.24746607824867775,0.0005632099367890731,3,483007.0,0.0,3,483007.0,0.0,3,40.666666666666664,2.96273147243853,3,0.7286957478274235,0.003885942643872921,3,1.0,0.0,3,0.45456832695830385,0.0,3,0.6117059354479907,0.0020980491038799435,3,53.666666666666664,0.33333333333333276,3,0.31855225563049316,0.0,3,0.25157490372657776,0.0003752502595684997,3,13.0,0.0,3,377.1333333333334,16.941599032493293,3
403a8afc32,0.15675258239110312,9.38217658462158e-05,3,0.22349125520130067,0.0007930259036336133,3,0.060671831880296984,0.0004488532966626254,3,-0.014745856719042258,0.0006695678800696839,3,0.058398677657047905,0.0014980547307716894,3,0.22935064780706868,0.0012714554262576196,3,491391.0,0.0,3,491391.0,0.0,3,50.0,0.0,3,0.6800438148718699,0.0024145883353626973,3,2.0,0.0,3,0.45456832695830385,0.0,3,0.5504165399060961,0.00042235947409272805,3,46.333333333333336,0.33333333333333365,3,0.31855225563049316,0.0,3,0.23446078598499298,0.0008470049816047037,3,8.666666666666666,0.3333333333333332,3,821.1999999999999,6.355312738174235,3
40ddaa31c0,0.16764944394429526,0.00013818663935256795,3,0.1404769516026204,0.00026337630129180683,3,0.021238246292033525,0.0011893360531820935,3,0.019165250359388885,0.0005964168523606978,3,0.13115963339805603,0.00032183448098190156,3,0.14376866711961564,0.002455649045895545,3,217151.0,0.0,3,217151.0,0.0,3,37.333333333333336,2.027587510099406,3,0.5854419998893224,0.0011716236564226097,3,5.0,0.0,3,0.45456832695830385,0.0,3,0.4359465248970776,0.0020772487112038405,3,18.333333333333332,0.8819171036881966,3,0.31855225563049316,0.0,3,0.14815903206666312,0.0002008792422893563,3,2.0,0.0,3,509.9666666666667,11.51959682936479,3
41bd986bb3,0.1565458908478419,0.00017129574922676688,3,0.22252991476195141,0.000379852842660294,3,0.06221966863309265,0.0003197535993357586,3,-0.005658728105050546,0.001501271201667029,3,0.08267121265331905,0.001981845799498819,3,0.22980330724464848,0.0009564376329437617,3,620351.0,0.0,3,620351.0,0.0,3,19.333333333333332,0.3333333333333332,3,0.7069126565761888,0.005277946018192773,3,2.0,0.0,3,0.45456832695830385,0.0,3,0.5949749521546357,0.0029287366426472543,3,51.0,1.0,3,0.31855225563049316,0.0,3,0.2348521649837494,0.0003147041067681732,3,8.333333333333334,0.3333333333333332,3,262.53333333333336,4.132930087856698,3
41e6c41885,0.15405502327283224,0.0002600428668028102,3,0.23213172403690238,0.0011153162081124189,3,0.0651048948525121,0.0007395861355166799,3,-0.01869718832944436,0.0004972521329220924,3,0.05363472054402033,0.0011056337159633626,3,0.23788183382213757,0.0011225621899638425,3,491391.0,0.0,3,491391.0,0.0,3,49.0,1.0,3,0.6936728741659751,0.0030667131145646416,3,1.0,0.0,3,0.45456832695830385,0.0,3,0.5644071914494171,0.0010269106107869204,3,47.333333333333336,0.33333333333333365,3,0.31855225563049316,0.0,3,0.2428323874870936,0.0010335511942856038,3,11.666666666666666,0.3333333333333334,3,507.2,10.1372251298535,3
42607b1444,0.16848494629065194,0.00011640220625183648,3,0.12441409269386905,0.0009939801439852926,3,0.018789297373837263,0.0005330665510838985,3,0.015346318010299925,0.0003314447839800143,3,0.11705752710501353,0.0013731913948301737,3,0.12878717966200168,0.0012384356491631529,3,217151.0,0.0,3,217151.0,0.0,3,50.0,0.0,3,0.5413070227663324,0.0023460379805553973,3,5.0,0.0,3,0.45456832695830385,0.0,3,0.40576383528082166,0.0013047070518448253,3,17.333333333333332,0.3333333333333332,3,0.31855225563049316,0.0,3,0.1316643754641215,0.0012969325633304376,3,2.0,0.0,3,314.8666666666667,8.283383634991452,3
4264c752f2,0.15743930848439536,0.00013836203347971588,3,0.22128164689202381,0.00048082194118274983,3,0.05840325607824578,0.0004502238254258592,3,-0.00807415871393113,0.0013835943048714403,3,0.07913149644931157,0.0018893312530924656,3,0.229487189535903,0.0008158858336340003,3,620351.0,0.0,3,620351.0,0.0,3,31.666666666666668,0.33333333333333365,3,0.7264402477026963,0.003612020564173165,3,2.0,0.0,3,0.45456832695830385,0.0,3,0.6383152752594309,0.001954812693236709,3,57.0,0.0,3,0.31855225563049316,0.0,3,0.23390823602676392,0.0004006841039616452,3,6.333333333333333,0.3333333333333333,3,351.06666666666666,3.6333333333333258,3
429cce14a3,0.15516279832522073,0.0004170219259385479,3,0.2359078717439523,0.0007034665800323881,3,0.06755067084832167,0.0005357532422259508,3,-0.004167784143377234,0.0022602700180293007,3,0.07632097850243251,0.003457286541339766,3,0.24366024227681363,0.0015090076502152867,3,417471.0,0.0,3,417471.0,0.0,3,30.666666666666668,4.702245326555294,3,0.7190989349810532,0.011096583914441687,3,2.0,0.0,3,0.45456832695830385,0.0,3,0.5836838751998797,0.005221031560353273,3,51.666666666666664,1.4529663145135583,3,0.31855225563049316,0.0,3,0.2470992902914683,0.0007350734061057005,3,9.0,0.0,3,291.5,22.299775783626167,3
42e38596b9,0.1669998289744059,0.0003503699861870823,3,0.14809701252819765,0.0025080164070865737,3,0.02240095819745745,0.0007562607521734699,3,0.006430688989225519,0.00069229052980728,3,0.10348029434680939,0.0036355182979698176,3,0.15106167975748955,0.0005435887543774828,3,483007.0,0.0,3,483007.0,0.0,3,21.666666666666668,1.855921454276674,3,0.552941400850139,0.02723629584698637,3,5.0,0.0,3,0.45456832695830385,0.0,3,0.41395838001620233,0.011621702726076483,3,17.333333333333332,1.3333333333333333,3,0.31855225563049316,0.0,3,0.15682840843995413,0.0025200701341529753,3,2.0,0.0,3,270.53333333333336,9.494618358721844,3
43b84cdb76,0.16829651776949564,0.00010382789810522892,3,0.13333766573951544,0.0004873710864961816,3,0.02131096364329101,0.0006268675999147116,3,0.018304626777689292,0.0004469039053976924,3,0.12545966356992722,0.000662589732141283,3,0.1368607377111319,0.001529477046419504,3,217151.0,0.0,3,217151.0,0.0,3,20.0,0.5773502691896257,3,0.5241554832578926,0.009121916409852871,3,10.0,0.0,3,0.45456832695830385,0.0,3,0.36725810135071574,0.007308202568044352,3,10.666666666666666,1.2018504251546631,3,0.31855225563049316,0.0,3,0.14000876744588217,0.00036107916316090584,3,1.0,0.0,3,228.83333333333334,2.6522527112710144,3
43d9471f0a,0.1690973921616872,0.00045754543691335864,3,0.1365162745587734,0.0010768257655349154,3,0.016065161064188316,0.0014558917932614775,3,0.009906170544800934,0.0013782357669150824,3,0.11787284910678864,0.0015511769723297686,3,0.14150688547124865,0.0007027592287698732,3,417471.0,0.0,3,417471.0,0.0,3,19.666666666666668,1.201850425154663,3,0.5273258987377282,0.015913700315115055,3,10.0,0.0,3,0.45456832695830385,0.0,3,0.3852676475773998,0.0069620027364890825,3,10.333333333333334,0.8819171036881968,3,0.31855225563049316,0.0,3,0.1440723737080892,0.0011495852267403178,3,1.3333333333333333,0.33333333333333337,3,233.6,6.054199644324041,3
43f5f0e7f4,0.17225209347407022,0.00043199135929537937,3,0.1203857850319258,0.0012397166255344832,3,0.0024296631888737754,0.0021699834581589373,3,0.003719255091652038,0.00162896044858843,3,0.11828526109457016,0.0008274928298727598,3,0.12312973008758853,0.0015070126208771792,3,417471.0,0.0,3,417471.0,0.0,3,34.0,1.7320508075688772,3,0.4883265836777972,0.01219769978323307,3,20.0,0.0,3,0.45456832695830385,0.0,3,0.3437986131735324,0.007640253064110897,3,9.333333333333334,0.3333333333333334,3,0.31855225563049316,0.0,3,0.12660194436709085,0.001228376468491614,3,1.0,0.0,3,313.93333333333334,8.814445214784897,3
440a2acf89,0.15538064670562743,1.8865850796374775e-05,3,0.23324677961115559,0.00013709795756458424,3,0.06916528593295466,0.00012248005813703626,3,-0.004502607085717418,0.00014740021130542181,3,0.08602077265580495,0.0011854752266346248,3,0.24359910775755075,0.0010142898016172826,3,217151.0,0.0,3,217151.0,0.0,3,50.0,0.0,3,0.7606597074162895,0.0032759234639401272,3,2.0,0.0,3,0.45456832695830385,0.0,3,0.6663103189234081,0.001181413873440975,3,60.333333333333336,0.6666666666666664,3,0.31855225563049316,0.0,3,0.2445473869641622,0.0002025309149616734,3,8.0,0.0,3,336.06666666666666,5.399485572204496,3
45596b139b,0.16785520199934642,0.0006042775834985461,3,0.1410744127332906,0.0017321387506581112,3,0.021801805370068424,0.00026873471695412814,3,0.0007465488065487493,0.0004142145592587404,3,0.08768169581890106,0.0015267200948687917,3,0.14505745843275317,0.0014467229508891555,3,491391.0,0.0,3,491391.0,0.0,3,32.0,3.605551275463989,3,0.5354782079679968,0.013773950406223217,3,5.0,0.0,3,0.45456832695830385,0.0,3,0.41339780668352105,0.004549299766753832,3,18.666666666666668,0.3333333333333332,3,0.31855225563049316,0.0,3,0.15082484483718872,0.0018209246705954568,3,2.0,0.0,3,647.8333333333334,40.870703987629604,3
470f72b84a,0.16778953345616657,0.0012792282829658607,3,0.14161040604930744,0.0013028861512034515,3,0.021678805981994304,0.0009507255611249022,3,0.00042300407217923914,0.002479772346578939,3,0.08335981021324794,0.001439273173972786,3,0.14568176500676008,0.0009363101766053405,3,491391.0,0.0,3,491391.0,0.0,3,26.666666666666668,4.8074017006186525,3,0.5337363896433946,0.013513183586764682,3,5.0,0.0,3,0.45456832695830385,0.0,3,0.40220475313376697,0.006613212212578855,3,19.333333333333332,0.8819171036881971,3,0.31855225563049316,0.0,3,0.15093827744325003,0.0011255199774161293,3,2.0,0.0,3,307.3333333333333,30.227379053507846,3
4798e6dddb,0.15684320743878682,7.27512624032775e-05,3,0.22065935298509262,0.0016320805859605923,3,0.05327262386443123,0.0005708650282694594,3,-0.0021359513676355757,0.00019272814843133127,3,0.08332579334576924,0.00199747713243299,3,0.2273369131473144,0.0021060903067416105,3,483007.0,0.0,3,483007.0,0.0,3,50.0,0.0,3,0.6919866273607237,0.008374263866970518,3,2.0,0.0,3,0.45456832695830385,0.0,3,0.5786540393338958,0.004266724332106557,3,50.0,0.5773502691896257,3,0.31855225563049316,0.0,3,0.2321517914533615,0.001816136848393037,3,7.333333333333333,0.3333333333333333,3,525.8333333333334,19.80272147402416,3
48557a2927,0.15601323648293813,0.0002649268899216537,3,0.22673985902072272,0.0009356064295316521,3,0.06107745757178654,0.0008082683852292729,3,-0.013966015091648807,0.000750108139163992,3,0.07055457681417465,0.0013324394612842104,3,0.2350395566733907,0.00082720232339272,3,620351.0,0.0,3,620351.0,0.0,3,31.0,1.0,3,0.7332019767917898,0.0016326893696948974,3,1.0,0.0,3,0.45456832695830385,0.0,3,0.6463961502321888,0.00026910405193313676,3,56.0,0.5773502691896257,3,0.31855225563049316,0.0,3,0.23908311128616333,0.0010926211880950955,3,9.0,0.0,3,397.2,7.352777253074756,3
48b8407cac,0.15467523217201232,6.844762893287788e-05,3,0.21544861166129556,7.776658969691032e-05,3,0.056672791324595295,0.00016824773153049094,3,-0.015143707946494772,0.0011143489489801055,3,0.053632779667774834,0.0017295078792861204,3,0.21946399784679219,0.00062487673421643,3,491391.0,0.0,3,491391.0,0.0,3,50.0,0.0,3,0.639885715287658,0.001241792445975606,3,1.0,0.0,3,0.45456832695830385,0.0,3,0.5328269080265984,0.0013075858199026913,3,41.333333333333336,0.33333333333333276,3,0.31855225563049316,0.0,3,0.22515277564525604,0.0004337819030055597,3,9.666666666666666,0.6666666666666666,3,463.93333333333334,0.6119186583561868,3
490510e9d7,0.15290370353062946,7.787989316928219e-05,3,0.24744446522212726,0.00018159181036693286,3,0.07460721775337502,0.0007118181171281148,3,-0.0017420346774752176,0.000824887230998249,3,0.10257300237814586,0.001139553807942108,3,0.25848322816888003,0.001305114072959831,3,163391.0,0.0,3,163391.0,0.0,3,50.0,0.0,3,0.7796515808541086,0.0024957492414963054,3,1.0,0.0,3,0.45456832695830385,0.0,3,0.6759801922237269,0.001468963622480314,3,61.333333333333336,0.33333333333333365,3,0.31855225563049316,0.0,3,0.25904927651087445,0.0002770015179563313,3,13.0,0.0,3,344.40000000000003,3.400490160746439,3
49183584d5,0.1536536191701889,0.0001986354104273218,3,0.23650253478932284,0.0011257837889660594,3,0.0680440383613425,0.0010106934721769805,3,-0.018136538525737784,0.0003470668380009912,3,0.05242264394958814,0.001377044297232714,3,0.2430403660946976,0.0011000127710624743,3,491391.0,0.0,3,491391.0,0.0,3,50.0,0.0,3,0.6953273590488213,0.0016263883032259815,3,1.0,0.0,3,0.45456832695830385,0.0,3,0.5610431287878069,0.0017167077643883883,3,46.0,0.5773502691896257,3,0.31855225563049316,0.0,3,0.24740306039651236,0.0012521919975650054,3,12.333333333333334,0.3333333333333332,3,734.2333333333332,8.78376026792876,3
4a03498e8c,0.1690460953315099,0.00010475663922090955,3,0.12851438635085807,0.000384790782573953,3,0.019814120713995877,0.0006480099537475841,3,0.019509888515270576,0.0003238869380280369,3,0.12939420839150748,0.00023744915068771657,3,0.1327561290480871,0.0018775381467588978,3,217151.0,0.0,3,217151.0,0.0,3,39.666666666666664,1.6666666666666663,3,0.5153724266265746,0.0003006410139001492,3,20.0,0.0,3,0.45456832695830385,0.0,3,0.37984217360035144,0.002249021464827003,3,10.333333333333334,0.6666666666666669,3,0.31855225563049316,0.0,3,0.1355153719584147,0.0005957798550587363,3,1.0,0.0,3,272.56666666666666,4.385329076718318,3
4a11e41771,0.15271669300397236,0.00011585411028440252,3,0.24756776795251656,0.00034924747908766414,3,0.07525632968024602,0.00025016056916629485,3,-0.0020305016053416745,0.0003058905854297008,3,0.10301207999388377,0.000940572076916709,3,0.2576443645126421,0.0013729488057282397,3,163391.0,0.0,3,163391.0,0.0,3,48.0,2.0,3,0.7829192765917949,0.0010012954748238882,3,1.0,0.0,3,0.45456832695830385,0.0,3,0.6721483734643631,0.0011933410005511174,3,61.333333333333336,0.33333333333333276,3,0.31855225563049316,0.0,3,0.2589413324991862,0.0004812577849641437,3,13.666666666666666,0.3333333333333334,3,297.8666666666666,5.533333333333324,3
4c45627065,0.1686100252866745,0.00011283801818151957,3,0.13196961369057947,0.0011960482513115012,3,0.02037556776924739,0.0005178969102460424,3,0.018645781057852286,0.000618903348625554,3,0.12697446097930273,0.0016337900642215194,3,0.1356582024445764,0.0009675317451217011,3,163391.0,0.0,3,163391.0,0.0,3,38.666666666666664,3.7118429085533484,3,0.5545733550202082,0.00748459393550255,3,10.0,0.0,3,0.45456832695830385,0.0,3,0.3882415517150055,0.006797088817105865,3,12.333333333333334,0.6666666666666666,3,0.31855225563049316,0.0,3,0.13800173004468283,0.0012659619986188008,3,1.0,0.0,3,498.9666666666667,12.791446795070167,3
4d1ff99919,0.1546771119038264,0.00023256460443616197,3,0.23619527439327115,0.0006273392616782186,3,0.06815768076629235,0.00043130623271933583,3,-0.007136456550113739,0.0007186712661554958,3,0.07325409352779388,0.0012917637571164113,3,0.24255719511630303,0.0005940505057807962,3,483007.0,0.0,3,483007.0,0.0,3,30.0,1.0,3,0.7130345302459511,0.0017252931026533892,3,2.0,0.0,3,0.45456832695830385,0.0,3,0.5787282783473976,0.0020096370592291857,3,50.0,0.5773502691896257,3,0.31855225563049316,0.0,3,0.2476008633772532,0.0006033846813098129,3,9.666666666666666,0.3333333333333334,3,304.56666666666666,4.316763190684023,3
4e8b65a464,0.1681197926600774,0.00018022885662435313,3,0.13490768241871928,0.0010040761075789815,3,0.019406454588370346,0.0007626017932142086,3,0.01237212791644707,0.0003260989597082126,3,0.1139560913046201,0.0012978368611437578,3,0.1413707230518553,0.0010048114550957998,3,351551.0,0.0,3,351551.0,0.0,3,32.0,1.0,3,0.5912163759976846,0.001378694976575217,3,5.0,0.0,3,0.45456832695830385,0.0,3,0.4462789438431305,0.002762615234991638,3,20.666666666666668,1.2018504251546631,3,0.31855225563049316,0.0,3,0.14354910453160605,0.0009828247428192982,3,2.0,0.0,3,511.6666666666667,5.153100469081149,3
4eea245aa2,0.1694422154823939,4.2813980904217984e-05,3,0.11894173271242535,0.0003874222888472881,3,0.017543461587693956,0.00014621521724275682,3,0.015747818366560355,0.00020987138046282003,3,0.11524207641681035,0.0001540928789258911,3,0.12250688248849785,0.0012635567315334953,3,163391.0,0.0,3,163391.0,0.0,3,50.0,0.0,3,0.5106131634679835,0.004167106028231027,3,10.0,0.0,3,0.45456832695830385,0.0,3,0.36175806310704234,0.004012150939785641,3,11.333333333333334,1.3333333333333335,3,0.31855225563049316,0.0,3,0.12484381844600041,0.00035046921835812743,3,1.0,0.0,3,308.59999999999997,0.45092497528228537,3
50ad27bf0b,0.1714815485874812,0.00027517611455956276,3,0.11750803956587534,0.0007981392754370578,3,0.014040322530837285,0.001109483691060737,3,0.013436328166376346,0.001030099902139755,3,0.12219226608673732,0.0013300666649406635,3,0.1192623931587244,0.0007368355564452138,3,620351.0,0.0,3,620351.0,0.0,3,30.666666666666668,0.8819171036881966,3,0.4603829251397083,0.006515092927610932,3,20.0,0.0,3,0.45456832695830385,0.0,3,0.351610282314537,0.0029794987374033113,3,10.666666666666666,0.3333333333333332,3,0.31855225563049316,0.0,3,0.12666930258274078,0.0007816355713777626,3,1.0,0.0,3,332.09999999999997,4.8999999999999995,3
510ecc4180,0.16932149187723797,0.00016888136576929824,3,0.13137288185713522,0.00015673713533647383,3,0.01983397473733892,0.0010268245977873096,3,0.019460708691329553,0.0009973528140659765,3,0.1315861294666926,0.0003179373181457166,3,0.13341120987586888,0.0020304004635573296,3,163391.0,0.0,3,163391.0,0.0,3,36.666666666666664,2.027587510099407,3,0.5319861688608322,0.00406136436308233,3,20.0,0.0,3,0.45456832695830385,0.0,3,0.37903567771171626,0.0015445964843897588,3,9.333333333333334,0.6666666666666666,3,0.31855225563049316,0.0,3,0.13726326326529184,0.0004403761289548688,3,1.0,0.0,3,424.3,11.79208774277624,3
517816c0a5,0.16848542539278666,3.568656617953115e-05,3,0.12342962750839222,0.00021543097905875132,3,0.01905061170537636,0.00010144121840301438,3,0.015228227648154768,0.0003506525030319923,3,0.11576470484336217,0.0007694896421924209,3,0.13059088585637643,0.001451701023164324,3,217151.0,0.0,3,217151.0,0.0,3,50.0,0.0,3,0.5448339638844303,0.004864480515570406,3,5.0,0.0,3,0.45456832695830385,0.0,3,0.4069236329339172,0.004266435412172423,3,15.333333333333334,0.6666666666666666,3,0.31855225563049316,0.0,3,0.13066017627716064,0.00015914560866069248,3,2.0,0.0,3,393.23333333333335,0.5840471822645124,3
5266f2d557,0.1530351113875707,0.00017278946326060678,3,0.2370194593610758,0.0013474161904164761,3,0.0684838783804071,0.0006829944581283741,3,-0.017864536986779915,0.0005025818890780702,3,0.053645357489585876,0.002901727502591141,3,0.24203702050764145,0.0009979353372828357,3,491391.0,0.0,3,491391.0,0.0,3,40.333333333333336,1.8559214542766733,3,0.6855238190223497,0.004428886678598232,3,1.0,0.0,3,0.45456832695830385,0.0,3,0.5559921297449406,0.003505217976073131,3,46.333333333333336,0.33333333333333365,3,0.31855225563049316,0.0,3,0.24769664804140726,0.0012845582285909377,3,13.333333333333334,0.6666666666666669,3,375.4666666666667,10.936838868907454,3
529d8db9b1,0.16868464350700377,0.00015233437878424158,3,0.13351129434949968,0.001104288223592451,3,0.02033957697096325,0.0007253805910399067,3,0.01933618260439111,0.0006853467235809036,3,0.13004958629608154,0.001345955388627115,3,0.1359478794888353,0.0014656079924016499,3,163391.0,0.0,3,163391.0,0.0,3,38.333333333333336,0.881917103688197,3,0.5632295574199683,0.002354922776808654,3,10.0,0.0,3,0.45456832695830385,0.0,3,0.39514072078942064,0.00288994187610263,3,12.333333333333334,0.3333333333333332,3,0.31855225563049316,0.0,3,0.13961778084437051,0.0010266731634202809,3,1.0,0.0,3,252.70000000000002,2.7730849247724163,3
539a62cf56,0.15621040884653728,3.4386566794220905e-05,3,0.22537396570673096,0.0003152437079725652,3,0.06484276056289673,0.0003653948412550496,3,-0.004027484585999181,0.0006758575800060302,3,0.08996934940417607,0.0015367409648679184,3,0.23600348259902582,0.0007569425001521323,3,163391.0,0.0,3,163391.0,0.0,3,50.0,0.0,3,0.7640253472198629,0.0017486765802697355,3,2.0,0.0,3,0.45456832695830385,0.0,3,0.6754549653580909,0.0005340593336093615,3,61.333333333333336,0.33333333333333365,3,0.31855225563049316,0.0,3,0.23653645316759744,0.00034817780130211144,3,6.333333333333333,0.3333333333333333,3,305.40000000000003,1.7473789896108314,3
54ea364e8f,0.16781864062945048,9.730037978077564e-05,3,0.13828721525463752,0.00028193026391427873,3,0.021153235877001728,0.00023275261256726752,3,0.018301339061171918,0.0005146987383708486,3,0.1283406764268875,0.0011542924404876118,3,0.14202706075270125,0.0016465063437848353,3,163391.0,0.0,3,163391.0,0.0,3,47.333333333333336,1.4529663145135572,3,0.5781742123958806,0.008081569978074944,3,5.0,0.0,3,0.45456832695830385,0.0,3,0.43037812599871966,0.0052165075698439025,3,16.666666666666668,0.8819171036881968,3,0.31855225563049316,0.0,3,0.145055890083313,0.00028662663966933313,3,1.6666666666666667,0.3333333333333333,3,271.0333333333333,6.197400888903174,3
54fadd1f22,0.1721867516438166,0.00016833042616085138,3,0.11312878728792053,0.0005095430689070915,3,0.0030176415645256243,0.0007763276789245101,3,0.003976642454742755,0.0011401946319784346,3,0.11283820867538452,0.0002422984932060083,3,0.11408085327217438,0.001705513013092719,3,417471.0,0.0,3,417471.0,0.0,3,50.0,0.0,3,0.46675569115667587,0.007796234774769622,3,20.0,0.0,3,0.45456832695830385,0.0,3,0.3353138438368148,0.0030705983682289034,3,9.666666666666666,0.3333333333333334,3,0.31855225563049316,0.0,3,0.11936034758885701,0.0003576784031031441,3,1.0,0.0,3,432.76666666666665,7.48828715023967,3
56701cbc0d,0.15573214765389762,9.35969960173277e-05,3,0.2317652306102221,0.00030847631293498144,3,0.060184451638075405,0.0011283645663692212,3,-0.0060767774228696475,0.0010201387319545485,3,0.07868506759405136,0.0017763678780460355,3,0.23822591548855532,0.0011870415071328852,3,483007.0,0.0,3,483007.0,0.0,3,40.666666666666664,2.4037008503093267,3,0.7219792422531078,0.002787279999883364,3,2.0,0.0,3,0.45456832695830385,0.0,3,0.5970189163489893,0.0017193515515915522,3,53.0,0.0,3,0.31855225563049316,0.0,3,0.2434252699216207,0.0003403331495228391,3,9.0,0.5773502691896257,3,362.93333333333334,13.22552246394995,3
5749949a10,0.15487058341503143,0.00016581665602576157,3,0.238680092934382,0.00032294274546784685,3,0.0706043520932475,0.0009702153033987931,3,0.0027317240755394025,0.0008811149491193467,3,0.10793635249137878,0.00087062997293225,3,0.25019595594875976,0.0010058324092076937,3,163391.0,0.0,3,163391.0,0.0,3,49.666666666666664,0.33333333333333365,3,0.7905866057717122,0.001968623471850347,3,2.0,0.0,3,0.45456832695830385,0.0,3,0.6879026806587807,0.0009566686611878355,3,62.0,0.0,3,0.31855225563049316,0.0,3,0.25073591868082684,0.0004560450401228955,3,9.666666666666666,0.3333333333333334,3,347.3666666666666,2.422349639869881,3
580a6bcdd0,0.17065171341101326,0.0007238497365209156,3,0.1289215635144402,0.0006017561517588022,3,0.016417146044433433,0.00012971502506272045,3,0.005204330045710165,0.00016946801640130657,3,0.09974824885527293,0.00115859057350818,3,0.13483200359799982,0.0016436552986861966,3,491391.0,0.0,3,491391.0,0.0,3,30.666666666666668,2.8480012484391772,3,0.5244233451461753,0.0014251769306607035,3,10.0,0.0,3,0.45456832695830385,0.0,3,0.38890407765024165,0.0024463112710996207,3,15.666666666666666,0.6666666666666669,3,0.31855225563049316,0.0,3,0.13817616800467172,0.0006460372187850084,3,1.6666666666666667,0.33333333333333337,3,340.5,17.583799361912657,3
585f302fde,0.15344559264183044,6.203207920599837e-05,3,0.24496787665210285,0.00038152781697116324,3,0.07396433056977691,0.0002696809650399223,3,-0.005494922241836629,0.0009360667918337249,3,0.0960469792286555,0.002232328361516683,3,0.25415392009834054,0.001754390620831106,3,163391.0,0.0,3,163391.0,0.0,3,48.333333333333336,0.8819171036881973,3,0.7717857595909132,0.0021133294053702133,3,1.0,0.0,3,0.45456832695830385,0.0,3,0.6519309102586678,0.0009368936993813412,3,59.666666666666664,0.33333333333333365,3,0.31855225563049316,0.0,3,0.2560849686463674,0.00030988506282161464,3,12.666666666666666,0.6666666666666666,3,281.0,4.899319680663149,3
58a816119a,0.16788509086767833,0.00014139668229243887,3,0.1373484570333279,0.00023947381130122542,3,0.020513225800145873,0.0010950197411726448,3,0.012811465553505713,0.0005861939813115994,3,0.11607581128676732,0.000671929517418865,3,0.14207444951205375,0.000804772519253117,3,351551.0,0.0,3,351551.0,0.0,3,33.0,1.1547005383792515,3,0.5960288046138076,0.005483516150612385,3,5.0,0.0,3,0.45456832695830385,0.0,3,0.4513560985307225,0.0025982315937139607,3,21.333333333333332,0.6666666666666669,3,0.31855225563049316,0.0,3,0.1464140067497889,0.00020458634343953057,3,2.0,0.0,3,530.5,9.887871358386498,3
58f9c8169d,0.15540502929687502,7.012507115414933e-05,3,0.2305258747809311,0.0001572412025597358,3,0.06355928996252636,0.0011192573602287967,3,-0.011357375553676061,0.0005582311819019749,3,0.0745583176612854,0.0010232331807433351,3,0.2376496153921718,0.0017404990286324763,3,620351.0,0.0,3,620351.0,0.0,3,26.666666666666668,1.3333333333333337,3,0.737449316205088,0.003342295021342382,3,1.0,0.0,3,0.45456832695830385,0.0,3,0.6414908842958615,0.003973809387737055,3,56.333333333333336,0.8819171036881973,3,0.31855225563049316,0.0,3,0.24306494494279227,0.00033048587727402056,3,9.333333333333334,0.3333333333333334,3,335.5333333333333,8.694314873013917,3
595e607dfd,0.16897486849625906,0.0003325631655962862,3,0.13023366411335083,0.0011317018676183896,3,0.02018346073766234,0.0006720772424277252,3,0.0184735031354995,0.0009586731146674107,3,0.12503387530644736,0.0022122805703116938,3,0.13246469371623404,0.0011975122723756984,3,163391.0,0.0,3,163391.0,0.0,3,24.0,1.5275252316519468,3,0.5380892958756395,0.014260962438270526,3,10.0,0.0,3,0.45456832695830385,0.0,3,0.3704768696628388,0.01062406160530287,3,10.0,1.0,3,0.31855225563049316,0.0,3,0.13557039201259613,0.0012661585288672088,3,1.0,0.0,3,211.70000000000002,4.7585011645825315,3
59fe16f6c1,0.1685472963253657,0.00025224585278483034,3,0.13299360732475674,0.0005231731679872637,3,0.02015755636982186,0.0004841490305541429,3,0.015534215503268771,0.00011347459433283253,3,0.12143762161334355,0.001097779716888522,3,0.1358893219048755,0.0017625843874763294,3,351551.0,0.0,3,351551.0,0.0,3,32.666666666666664,1.6666666666666663,3,0.5678117314348797,0.006889658866760354,3,10.0,0.0,3,0.45456832695830385,0.0,3,0.423743970420049,0.005825817441503512,3,16.666666666666668,0.3333333333333332,3,0.31855225563049316,0.0,3,0.1424428770939509,0.000673350084695341,3,1.0,0.0,3,503.9333333333334,8.783380771535398,3
5a1762f683,0.1553919780254364,0.00030642636018580934,3,0.2347784721700457,0.001143581768414108,3,0.06841539138208622,0.0010624736750354245,3,-0.003718663144994665,0.00164536166342864,3,0.08476698398590088,0.003124377491874648,3,0.2436479667350272,0.0005169121203679787,3,351551.0,0.0,3,351551.0,0.0,3,24.0,2.516611478423583,3,0.7447880804458974,0.008455378126773879,3,2.0,0.0,3,0.45456832695830385,0.0,3,0.6268899974932407,0.00488765573594274,3,58.0,0.5773502691896257,3,0.31855225563049316,0.0,3,0.24653380612532297,0.0012802446649686303,3,9.0,0.0,3,240.66666666666666,11.761141290046838,3
5a41c8e0a1,0.1546208829085032,5.780965138583403e-05,3,0.2398751255795061,0.00014586617394435456,3,0.07182551187182229,0.0005376021303434151,3,0.0023218478475298203,0.000731221916891366,3,0.10924548904101054,0.0015161929738702912,3,0.25029038271076537,0.0012659900350428354,3,163391.0,0.0,3,163391.0,0.0,3,49.666666666666664,0.33333333333333276,3,0.7943314152953195,0.0016620511661381478,3,2.0,0.0,3,0.45456832695830385,0.0,3,0.6903018456139063,0.000945028063148938,3,62.0,0.0,3,0.31855225563049316,0.0,3,0.25187682112058,0.000258412655821144,3,9.666666666666666,0.3333333333333334,3,361.26666666666665,1.8187297154271607,3
5a6d615375,0.15598888564109803,0.00011698086909194799,3,0.2308793065857758,0.0004248189173373031,3,0.05929227260054735,0.0006008830153382979,3,-0.004323773598544812,0.0006207549091827376,3,0.07984765122334163,0.001529702321517391,3,0.23890749612282244,0.00121266535237946,3,417471.0,0.0,3,417471.0,0.0,3,44.333333333333336,3.1797973380564857,3,0.7172658800102107,0.0024498783882366537,3,2.0,0.0,3,0.45456832695830385,0.0,3,0.5969203771686331,0.0008949282776744873,3,54.0,0.5773502691896257,3,0.31855225563049316,0.0,3,0.2425213704506556,0.00033967465343527116,3,8.0,0.0,3,367.23333333333335,17.367050539583413,3
5b15ed3036,0.16803264554341635,3.044512974974214e-05,3,0.13592815652561507,0.00048034084310814634,3,0.018712626563178167,0.0009131489457152535,3,0.012470569244768253,0.000270709154471497,3,0.11568038662274678,0.0011056038548734586,3,0.14108742800428536,0.001161308004961257,3,351551.0,0.0,3,351551.0,0.0,3,33.0,1.0,3,0.5936033882581424,0.0037400646685552675,3,5.0,0.0,3,0.45456832695830385,0.0,3,0.45006590994963824,0.0015602672833508933,3,20.666666666666668,0.8819171036881966,3,0.31855225563049316,0.0,3,0.14494134982426962,0.0007346721392044123,3,2.0,0.0,3,276.0333333333333,3.251837087623619,3
5b609c9990,0.1694322565793991,0.00021713254899153982,3,0.13432840312835256,0.0006864899362008291,3,0.019009531490386478,0.0008482550613796485,3,0.008889699739123147,0.0006529612721791296,3,0.11050503452618916,0.0015006574695003623,3,0.1360834722309074,0.0016002978633115135,3,620351.0,0.0,3,620351.0,0.0,3,28.333333333333332,0.8819171036881971,3,0.5659575452523775,0.008512036196320346,3,5.0,0.0,3,0.45456832695830385,0.0,3,0.44667352212176237,0.0024800315241331806,3,23.333333333333332,0.33333333333333365,3,0.31855225563049316,0.0,3,0.14544258018334708,0.0009497206611468761,3,2.0,0.0,3,317.2,5.745432968889301,3
5b6dc47da1,0.16854303753376007,0.00014068962919103558,3,0.1322364772305377,0.0005600789331178831,3,0.020777395478001347,0.00039150870695772114,3,0.019349949385123275,0.00016634512921624443,3,0.1281119038661321,0.000351167079824214,3,0.13607014803188514,0.0011886035359583516,3,163391.0,0.0,3,163391.0,0.0,3,48.333333333333336,1.6666666666666663,3,0.5537563383590355,0.005032792202168327,3,10.0,0.0,3,0.45456832695830385,0.0,3,0.3900317276471405,0.00587272389340262,3,11.666666666666666,0.8819171036881969,3,0.31855225563049316,0.0,3,0.13827655216058096,0.0004094281488548484,3,1.0,0.0,3,288.90000000000003,5.800287349203777,3
5b8324ea96,0.16804069165388744,0.0007731399210728844,3,0.1466474142223209,0.0014972642524004227,3,0.019979259955189215,0.0022371407732969923,3,0.004544750092521546,0.0034814405954396396,3,0.10373612493276596,0.003932357649049399,3,0.1509519396358586,0.0005281345808347196,3,483007.0,0.0,3,483007.0,0.0,3,23.333333333333332,2.1858128414340006,3,0.5466813548015673,0.00809668817685118,3,5.0,0.0,3,0.45456832695830385,0.0,3,0.4020995680000818,0.005196208362865195,3,14.333333333333334,0.8819171036881969,3,0.31855225563049316,0.0,3,0.15549764533837637,0.0017000900738832951,3,2.0,0.0,3,291.76666666666665,13.414585759952162,3
5bbb924e59,0.169220841606458,0.00028821788211748947,3,0.12515229217922502,0.0015837152337657228,3,0.016396734764967013,0.00044925799507472146,3,0.012659373737516856,0.000451750899699256,3,0.11503046751022339,0.0026277323758244235,3,0.12696285705953989,0.0020230270027745767,3,491391.0,0.0,3,491391.0,0.0,3,19.666666666666668,0.8819171036881966,3,0.4288460033051555,0.0024390498536644464,3,20.0,0.0,3,0.45456832695830385,0.0,3,0.3222943490011669,0.0015288435778498444,3,10.333333333333334,0.3333333333333334,3,0.31855225563049316,0.0,3,0.1316212664047877,0.0019233551687109984,3,1.0,0.0,3,257.2,4.606878914550868,3
5c31bb30b7,0.1683203874429067,0.0005822732235739002,3,0.13660287308656924,0.0018528180102735652,3,0.0206146170853307,0.0012128719265847836,3,0.009924456871375836,0.001492549490143882,3,0.10907597591479619,0.003399355794070937,3,0.13834399454552374,0.00143367626411438,3,620351.0,0.0,3,620351.0,0.0,3,19.333333333333332,1.3333333333333337,3,0.5589618579718395,0.009461851612911812,3,5.0,0.0,3,0.45456832695830385,0.0,3,0.4375611686328768,0.007132057674485006,3,21.0,1.0,3,0.31855225563049316,0.0,3,0.14750530819098154,0.0020275803202786753,3,2.0,0.0,3,271.8,13.415041309415844,3
5cc491cf1b,0.15325799608230592,6.396865708492138e-05,3,0.24607072512363237,0.00040426287747398595,3,0.07491219895226615,0.00044261852363191163,3,-0.003909553169573425,0.00038531669223843744,3,0.09782419602076213,0.0019964923317205454,3,0.25506871367572465,0.0015246890479314905,3,163391.0,0.0,3,163391.0,0.0,3,50.0,0.0,3,0.773509700482446,0.0031374298844661823,3,1.0,0.0,3,0.45456832695830385,0.0,3,0.6519021005074573,0.0021373664792445723,3,59.666666666666664,0.33333333333333365,3,0.31855225563049316,0.0,3,0.257416973511378,0.000343505762330809,3,12.666666666666666,0.3333333333333332,3,286.2,1.2124355652982026,3
5d47ea409d,0.16928423961003622,0.0002000271130918377,3,0.1281085143433867,0.001212931615317338,3,0.018705753737656528,0.0010391898419224172,3,0.01561366124127908,0.000806108299042697,3,0.12110244482755661,0.001041588751204675,3,0.13090034211840343,0.0018641903366169545,3,417471.0,0.0,3,417471.0,0.0,3,17.666666666666668,0.8819171036881966,3,0.4815947545046237,0.011574402287678021,3,20.0,0.0,3,0.45456832695830385,0.0,3,0.3550008549404091,0.007431171752294944,3,11.0,0.5773502691896257,3,0.31855225563049316,0.0,3,0.13430149853229523,0.001524300371703646,3,1.0,0.0,3,242.23333333333335,4.615312677502041,3
5db9c84f92,0.17142005693912507,0.000534911492688076,3,0.12551435187496698,0.0007617264256023266,3,0.005807139570750888,0.0029121710540738407,3,0.004539117295906027,0.002662490680014645,3,0.12054457515478134,0.0004996138612656668,3,0.1283777975157142,0.0012614580936352586,3,483007.0,0.0,3,483007.0,0.0,3,25.0,1.1547005383792515,3,0.4900261758128919,0.010228569639174106,3,20.0,0.0,3,0.45456832695830385,0.0,3,0.35065778817924037,0.006482471682476419,3,9.666666666666666,0.6666666666666666,3,0.31855225563049316,0.0,3,0.13198348383108774,0.0006501373749357658,3,1.0,0.0,3,544.4333333333333,10.775022557336506,3
5e52f24552,0.1712284397681554,7.879735409954828e-05,3,0.11279453153768337,0.002165731294342723,3,0.00632683341465299,0.0005369670200472692,3,0.006039883724596135,0.0008101206025927794,3,0.11019861946503322,0.003212508734144254,3,0.11189622879284343,0.002880835169791064,3,483007.0,0.0,3,483007.0,0.0,3,50.0,0.0,3,0.44696122548067646,0.02224749156623779,3,20.0,0.0,3,0.45456832695830385,0.0,3,0.3249612391552997,0.011577278997678332,3,9.666666666666666,0.3333333333333334,3,0.31855225563049316,0.0,3,0.1189818208416303,0.0025503527942179294,3,1.0,0.0,3,442.06666666666666,6.961162099662513,3
5f9cd0a96f,0.16868785977363587,4.372562451039503e-05,3,0.13157476301327997,0.0007059938310918042,3,0.02099507037924711,0.00025023855935845995,3,0.018616629656029757,0.0002286106233221217,3,0.12584155301253,0.000572530802299706,3,0.13302715923832414,0.001062380699525925,3,163391.0,0.0,3,163391.0,0.0,3,21.0,0.5773502691896257,3,0.5098883378715251,0.013819575206010236,3,10.0,0.0,3,0.45456832695830385,0.0,3,0.3478528945103457,0.01611306399281556,3,10.0,1.0,3,0.31855225563049316,0.0,3,0.1368153691291809,0.0006075154525280013,3,1.0,0.0,3,208.23333333333335,0.9492687243932005,3
5ff77166e0,0.15334327697753905,9.889793653854135e-05,3,0.2433747283089748,0.0006011814646063414,3,0.07075076916861156,0.0007493131757953934,3,-0.010053032920474098,0.0005366934158762056,3,0.07630737125873566,0.0010027962923296742,3,0.25262098287617857,0.0018298749496131622,3,351551.0,0.0,3,351551.0,0.0,3,34.666666666666664,0.8819171036881973,3,0.7795046870227159,0.0019129720842301868,3,1.0,0.0,3,0.45456832695830385,0.0,3,0.6707212288632366,0.001841253814388221,3,59.666666666666664,0.6666666666666673,3,0.31855225563049316,0.0,3,0.2558972438176473,0.0005413930221489138,3,12.666666666666666,0.3333333333333332,3,472.1333333333334,13.184881914947571,3
604269ca89,0.1677649699052175,0.0001645719539322807,3,0.13546164548906917,0.0015245622505454918,3,0.020669601581714773,0.0008845576855538294,3,0.012765077056077422,0.0005271627274823349,3,0.11368623624245326,0.0022493645499333877,3,0.1414996360480355,0.00016477912995120682,3,351551.0,0.0,3,351551.0,0.0,3,20.333333333333332,0.8819171036881968,3,0.563875844480123,0.0037163893129285304,3,5.0,0.0,3,0.45456832695830385,0.0,3,0.43324703222831623,0.00706968348717556,3,20.0,1.1547005383792515,3,0.31855225563049316,0.0,3,0.14380747079849243,0.0015659649599876725,3,2.0,0.0,3,228.70000000000002,7.54387168501692,3
606f19c554,0.15513342038790387,9.757810321406569e-05,3,0.23812725138776988,0.00043724965823828453,3,0.07018058861374225,0.0003832022009410173,3,0.0038104445215255494,0.00016806746247805785,3,0.10733003169298172,0.00020319044528559652,3,0.24951712500095943,0.0009478056239695504,3,163391.0,0.0,3,163391.0,0.0,3,42.0,5.686240703077327,3,0.7828344521459535,0.0031486976320778256,3,2.0,0.0,3,0.45456832695830385,0.0,3,0.6793930575905941,0.0013605290133004225,3,62.0,0.0,3,0.31855225563049316,0.0,3,0.2501044472058614,0.0004835519490156239,3,9.333333333333334,0.3333333333333332,3,504.73333333333335,14.232162324975226,3
60d814f175,0.15338188497225444,0.0002918951345606077,3,0.2421744072116205,0.00047348606145513255,3,0.06547097585819385,0.0016435410341084232,3,-0.010515876232631623,0.00046862197053266726,3,0.06817057480414708,0.0007221285524777201,3,0.24972681081474243,0.0008620893689788201,3,483007.0,0.0,3,483007.0,0.0,3,32.333333333333336,0.8819171036881963,3,0.7282774255552855,0.004532742431884121,3,1.0,0.0,3,0.45456832695830385,0.0,3,0.6061469975044323,0.002085454321617264,3,53.666666666666664,0.33333333333333365,3,0.31855225563049316,0.0,3,0.2538459897041321,0.00046522682712557924,3,12.666666666666666,0.3333333333333334,3,322.59999999999997,5.064911976859344,3
6337fabdd8,0.15451154498259226,6.440426849581807e-05,3,0.2412046844034614,0.0015999510775339986,3,0.07266495972083359,0.0009336177123226413,3,0.0010471870659520387,0.0005695242873362433,3,0.09905961652596791,0.00019868640632775045,3,0.25112999747836945,0.0012453461389241253,3,217151.0,0.0,3,217151.0,0.0,3,27.333333333333332,1.666666666666667,3,0.7574520588177863,0.005109225894582965,3,2.0,0.0,3,0.45456832695830385,0.0,3,0.6367411999150797,0.003294396678980746,3,59.0,0.5773502691896257,3,0.31855225563049316,0.0,3,0.2524135857820511,0.0017629750120672317,3,9.666666666666666,0.3333333333333334,3,229.63333333333333,4.086291445525854,3
635a0b35da,0.16874860962231955,0.0001694681444219077,3,0.13263996916164628,0.0006507801618879867,3,0.01901778594526664,0.0011386450139031373,3,0.017050980260132482,0.001037454088521026,3,0.12688811123371124,0.0012850747529545702,3,0.13758988867823543,0.0011595554566590748,3,217151.0,0.0,3,217151.0,0.0,3,38.333333333333336,1.3333333333333337,3,0.5596850410847938,0.005609336859584855,3,10.0,0.0,3,0.45456832695830385,0.0,3,0.3980952135655762,0.0032453340557570087,3,13.333333333333334,0.6666666666666666,3,0.31855225563049316,0.0,3,0.13971384863058725,0.0005472967200652072,3,1.0,0.0,3,509.0333333333333,9.161938174377235,3
6389b86f58,0.17048214785257976,0.0004140847287084185,3,0.1228319732737061,0.0019291406582444496,3,0.015947435268018614,0.0011009556768998374,3,0.010917269678973647,0.0011797224721716473,3,0.11317665626605351,0.0025093216489587575,3,0.12533798126647633,0.0008071306515293484,3,620351.0,0.0,3,620351.0,0.0,3,30.333333333333332,0.6666666666666669,3,0.5178630681676476,0.008239323496688876,3,10.0,0.0,3,0.45456832695830385,0.0,3,0.40397539594847837,0.006050647039623665,3,16.333333333333332,0.8819171036881968,3,0.31855225563049316,0.0,3,0.13276918232440948,0.0021883926433721623,3,1.0,0.0,3,411.3333333333333,17.165889950066024,3
64041cdf4a,0.1684246428410212,6.449498579315695e-05,3,0.13143235369379747,0.0002884638207510814,3,0.02003343900044759,0.0003665484951506097,3,0.017602327324095227,0.000276775409177305,3,0.125415729979674,0.0008571689446277841,3,0.13824261849476252,0.0014033424372587142,3,217151.0,0.0,3,217151.0,0.0,3,47.0,1.7320508075688772,3,0.553381091042571,0.0071919777510189185,3,10.0,0.0,3,0.45456832695830385,0.0,3,0.3989013106669907,0.0017882372531229625,3,13.333333333333334,0.881917103688197,3,0.31855225563049316,0.0,3,0.13857313493887582,0.0003299139922701701,3,1.0,0.0,3,317.59999999999997,5.350077881053082,3
646683ee6e,0.16914795951048534,0.00010100873341252493,3,0.12392263115932385,0.00042184130878292696,3,0.01839504639307658,0.0005940763726560061,3,0.01567040580921072,0.00012985761350894415,3,0.11992898831764857,0.0005754197412026008,3,0.12673779325046416,0.002461427155495874,3,351551.0,0.0,3,351551.0,0.0,3,18.0,0.5773502691896257,3,0.505606786162904,0.00756370572987774,3,20.0,0.0,3,0.45456832695830385,0.0,3,0.37500601064678635,0.004866711169675721,3,11.333333333333334,0.6666666666666666,3,0.31855225563049316,0.0,3,0.13165523608525595,0.00038616792316090593,3,1.0,0.0,3,222.79999999999998,2.2338307903688737,3
666baf7376,0.1679608062505722,4.87567556272522e-05,3,0.1343718235596347,0.0007447792321658214,3,0.021647824812187716,0.00032442268592854724,3,0.01795562644484182,0.00019474542746430017,3,0.12399281561374664,0.0006847447791071249,3,0.13872809052405474,0.0013361259622097271,3,163391.0,0.0,3,163391.0,0.0,3,23.333333333333332,2.1858128414340006,3,0.5657633132549723,0.007907260532944105,3,5.0,0.0,3,0.45456832695830385,0.0,3,0.41575009046323036,0.009855653495658286,3,16.666666666666668,1.201850425154663,3,0.31855225563049316,0.0,3,0.14060156544049582,0.0008042938516167727,3,1.6666666666666667,0.3333333333333333,3,206.29999999999998,6.230837289910027,3
66a460ff0e,0.1549425396124522,0.00029251508673683394,3,0.23252844643140338,0.00020916329078857738,3,0.059980464044702114,0.0014667761771398468,3,-0.006946435996464321,0.001185285275128762,3,0.0718059961994489,0.0012841479677256865,3,0.23980624053917762,0.0012186091778660633,3,417471.0,0.0,3,417471.0,0.0,3,50.0,0.0,3,0.70850144751342,0.0032328566527073145,3,1.0,0.0,3,0.45456832695830385,0.0,3,0.601413592901164,0.0015393702565106129,3,51.0,0.5773502691896257,3,0.31855225563049316,0.0,3,0.24366335570812225,0.0001763456988868021,3,9.0,0.0,3,415.40000000000003,0.49328828623163123,3
673b8591b7,0.16804109390576683,0.00017631770946025975,3,0.13741695505142085,0.0013487776586637139,3,0.020125575797267693,0.0005821864792598098,3,0.018150449114501793,0.00019851045706469352,3,0.12783407171567282,0.0010805031581713187,3,0.14146275052695834,0.0009849949513897668,3,163391.0,0.0,3,163391.0,0.0,3,32.666666666666664,2.333333333333334,3,0.5716415693912547,0.009840937239180352,3,5.0,0.0,3,0.45456832695830385,0.0,3,0.42646146238750077,0.006178258287094632,3,16.666666666666668,1.201850425154663,3,0.31855225563049316,0.0,3,0.14390439788500467,0.0014292330208878746,3,2.0,0.0,3,460.8333333333333,12.373268677991994,3
68a79d6082,0.15268489897251128,6.333889130198261e-05,3,0.24854940842664588,0.00023865004721071854,3,0.07542384648449206,0.0006077809431771903,3,-0.001494525601624181,9.4030836645448e-05,3,0.10290369639794032,0.0011659669010654974,3,0.2582705742082522,0.0012332840235790216,3,163391.0,0.0,3,163391.0,0.0,3,50.0,0.0,3,0.7827524050760705,0.004019621623311106,3,1.0,0.0,3,0.45456832695830385,0.0,3,0.6713566175291232,0.0018282209317735704,3,61.0,0.5773502691896257,3,0.31855225563049316,0.0,3,0.26027100284894306,0.0003016699049507878,3,13.0,0.5773502691896257,3,283.8,1.0598742063723041,3
6b43995ee7,0.1679017866452535,6.252241192249212e-05,3,0.13772192352456758,0.00037368644637412275,3,0.02020036669635268,0.0007970845061156173,3,0.017500569580724,0.0006463679825685544,3,0.12772347529729208,0.00023593565628116605,3,0.143444591351199,0.0014428415076105552,3,217151.0,0.0,3,217151.0,0.0,3,45.333333333333336,1.2018504251546636,3,0.5640857700027292,0.009401495435679804,3,5.0,0.0,3,0.45456832695830385,0.0,3,0.4230774622942028,0.004536711280857234,3,15.666666666666666,0.8819171036881968,3,0.31855225563049316,0.0,3,0.1452205330133438,0.0003345447226110117,3,2.0,0.0,3,310.26666666666665,5.14986515465318,3
6b517467de,0.17025114289919538,0.0002607421261014092,3,0.12925388049397124,0.0006711274167783674,3,0.008796161129361107,0.0021778807723996786,3,0.004378196108278143,0.0010474085063867976,3,0.11223721255858739,0.0017552564952436382,3,0.13307807935026264,0.0011367399174934342,3,417471.0,0.0,3,417471.0,0.0,3,31.0,2.0816659994661326,3,0.5156890870440541,0.007508342418174833,3,10.0,0.0,3,0.45456832695830385,0.0,3,0.38045199842205674,0.0026282081342618464,3,13.0,1.1547005383792515,3,0.31855225563049316,0.0,3,0.13691286742687225,0.0005076763547687563,3,1.0,0.0,3,357.0333333333333,17.752589795419826,3
6bb7701edd,0.15355754113197326,0.0001281723164309989,3,0.23402638431300862,0.0003810701626171374,3,0.06577143656513679,0.00013822448387563983,3,-0.01926013464650149,0.00041957733665310006,3,0.05131307244300842,0.0014350986836428054,3,0.24010356499292204,0.001164362143714307,3,491391.0,0.0,3,491391.0,0.0,3,45.333333333333336,1.7638342073763935,3,0.6881684460895915,0.0009546855219880392,3,1.0,0.0,3,0.45456832695830385,0.0,3,0.5621283598494323,0.0008955070244318159,3,46.666666666666664,0.33333333333333365,3,0.31855225563049316,0.0,3,0.244691992799441,0.00030341420525144063,3,12.666666666666666,0.3333333333333334,3,771.8333333333334,16.15821084705166,3
6cde9a3eee,0.15327276742458343,0.0002984998767620658,3,0.2425442857921077,0.0004868399941135589,3,0.06628910542795897,0.0012990714379018252,3,-0.010399337798830063,0.0002114027714636186,3,0.07038131356239319,0.00034059560769083484,3,0.24932163256525922,0.0012240854531070393,3,483007.0,0.0,3,483007.0,0.0,3,33.333333333333336,2.027587510099407,3,0.7315667573657855,0.002155014369413041,3,1.0,0.0,3,0.45456832695830385,0.0,3,0.608215341506102,0.001522383318998581,3,54.0,0.0,3,0.31855225563049316,0.0,3,0.254355510075887,0.0003975531887828943,3,12.666666666666666,0.3333333333333334,3,631.5,28.3827999558418,3
6e473855a9,0.156086430589358,0.00020769410148955398,3,0.23177973682121977,0.0012393064150829332,3,0.058420172444096315,0.0005152886012393139,3,-0.003889468611863555,0.000697039135705841,3,0.07960020502408345,0.0014997647722430135,3,0.23935737901641363,0.0005130060130982015,3,417471.0,0.0,3,417471.0,0.0,3,38.333333333333336,1.6666666666666663,3,0.7207393429955196,0.0037416312475950842,3,2.0,0.0,3,0.45456832695830385,0.0,3,0.5999551665526708,0.002743321448692649,3,53.333333333333336,0.6666666666666664,3,0.31855225563049316,0.0,3,0.24304654697577158,0.0013752187433632938,3,8.666666666666666,0.3333333333333334,3,388.5666666666666,19.324710720847662,3
70473c2883,0.1568779905239741,4.2763349571387506e-05,3,0.22366032666603675,0.000920092101019623,3,0.06053856188658053,0.0003483331931744686,3,-0.014846818156974024,0.0005010732850440897,3,0.055726940433184304,0.0009808471616354376,3,0.22922092807454417,0.0025786103055840306,3,491391.0,0.0,3,491391.0,0.0,3,48.0,2.0,3,0.673878327511373,0.0029938441121599925,3,2.0,0.0,3,0.45456832695830385,0.0,3,0.5415909214242087,0.0021477111417302183,3,46.0,0.0,3,0.31855225563049316,0.0,3,0.23412425816059113,0.0009597284782356295,3,9.0,0.0,3,418.4666666666667,13.294150760557976,3
70bad5e041,0.1685822078784307,0.00024093064004051208,3,0.1329924192483748,0.0019294467130649587,3,0.018909976911292505,0.000677050627729518,3,0.014431175731477284,0.0002838094875610908,3,0.120643250644207,0.0017684013499516633,3,0.13829736974833642,0.0018708427175744434,3,351551.0,0.0,3,351551.0,0.0,3,30.0,0.5773502691896257,3,0.5571183105414529,0.013853788119888811,3,10.0,0.0,3,0.45456832695830385,0.0,3,0.4182084950912906,0.007073759601879777,3,17.333333333333332,0.6666666666666669,3,0.31855225563049316,0.0,3,0.1420292854309082,0.0017890696870963578,3,1.3333333333333333,0.3333333333333333,3,279.8,8.39900787791828,3
7161e3cc4d,0.17043612213929493,7.960339035316283e-05,3,0.12220700022805958,0.00049948906240563,3,0.007381298239268954,0.0007683149384226865,3,0.005421646688350293,0.0009808435052811588,3,0.10881747305393219,0.0004382969577969976,3,0.12146121538523007,0.0015349489832406245,3,483007.0,0.0,3,483007.0,0.0,3,50.0,0.0,3,0.49260667448630674,0.011712515356302248,3,10.0,0.0,3,0.45456832695830385,0.0,3,0.3725776665237787,0.008420794712169308,3,12.333333333333334,0.3333333333333334,3,0.31855225563049316,0.0,3,0.13009579479694366,0.0007444505167032039,3,1.0,0.0,3,494.5,5.793387034657131,3
71fd6f8d9b,0.15589393512407937,0.00020364808157949282,3,0.23042919124011482,0.00013457079567213612,3,0.05876736098496371,0.0017610955665333559,3,-0.005671316353732316,0.0011363774540288558,3,0.07903651644786198,0.0020370278407443624,3,0.2387648725686334,0.0011720141256204668,3,483007.0,0.0,3,483007.0,0.0,3,42.666666666666664,4.8419463487779835,3,0.7141100256697869,0.0033530829098705893,3,2.0,0.0,3,0.45456832695830385,0.0,3,0.5948692756017905,0.0025929556071312603,3,52.666666666666664,0.33333333333333365,3,0.31855225563049316,0.0,3,0.242434432109197,0.00026958850832332486,3,8.0,0.0,3,382.7,27.506423492219657,3
71fe943bc7,0.15655226469039918,5.901514839619083e-05,3,0.22051130563640495,0.0008597666760206741,3,0.059333791808476526,0.000739286030975422,3,-0.014244933923085531,0.0004450013721624204,3,0.05982470512390137,0.0005408467760842118,3,0.22681938920568032,0.0010368007251898676,3,491391.0,0.0,3,491391.0,0.0,3,50.0,0.0,3,0.6748906964265905,0.006067338957279175,3,2.0,0.0,3,0.45456832695830385,0.0,3,0.5497093604932484,0.0030878146679067975,3,46.0,0.5773502691896257,3,0.31855225563049316,0.0,3,0.2315356433391571,0.0010172477285236585,3,8.333333333333334,0.3333333333333332,3,439.56666666666666,7.593271875665834,3
7230b7576c,0.17001995289325714,0.00013290864428101894,3,0.12296083483197212,0.0005177999529557753,3,0.015509095456865097,0.00043527293238257144,3,0.014631967065195558,0.00040731941683111645,3,0.12307305634021759,0.0009475530682032795,3,0.12339757301201798,0.0016294152089039754,3,620351.0,0.0,3,620351.0,0.0,3,19.0,0.5773502691896257,3,0.489868400284839,0.008584418633736164,3,20.0,0.0,3,0.45456832695830385,0.0,3,0.3676159811377618,0.004333974764647368,3,13.0,1.5275252316519468,3,0.31855225563049316,0.0,3,0.13179142773151398,0.0005961016521991183,3,1.0,0.0,3,265.03333333333336,10.497036618864268,3
72fb89501e,0.16938150302569074,0.00028326011618456243,3,0.12771180646698957,5.9347710765029047e-05,3,0.01919508232641472,0.0007150770626076682,3,0.018512541024142473,0.000445451803396034,3,0.12691656748453775,0.00014819428593546347,3,0.13274568976185705,0.0023277708614634247,3,217151.0,0.0,3,217151.0,0.0,3,19.666666666666668,0.6666666666666669,3,0.49914103220892386,0.006182026431405747,3,20.0,0.0,3,0.45456832695830385,0.0,3,0.36676367849330127,0.00287186079010051,3,10.0,1.0,3,0.31855225563049316,0.0,3,0.13447963198026022,0.0003618169011880566,3,1.0,0.0,3,230.96666666666667,2.16974140804332,3
7318c51e7c,0.17054020317395527,0.0004362801075853455,3,0.13288746043956892,0.001526954266190532,3,0.0178763920037204,0.0004553901013625782,3,0.006913219494794412,0.00025732549750830715,3,0.10300133377313614,0.0019111624989389645,3,0.1361357162802963,0.0012110356832142248,3,491391.0,0.0,3,491391.0,0.0,3,25.0,0.5773502691896257,3,0.5192895972025351,0.010202417308898964,3,10.0,0.0,3,0.45456832695830385,0.0,3,0.3828448764058916,0.007264868781545407,3,13.666666666666666,1.201850425154663,3,0.31855225563049316,0.0,3,0.1415658046801885,0.0016619345648703026,3,2.0,0.0,3,315.6666666666667,3.6580201080791017,3
73525ec579,0.16766683200995125,0.00022319184701159576,3,0.136484611474179,0.0007962376713673332,3,0.021425277152389444,0.0009830266245101304,3,0.017111702255471043,0.0008467764903696033,3,0.12427698820829391,0.0011217886225958072,3,0.1414429416533555,0.0012478001518250017,3,217151.0,0.0,3,217151.0,0.0,3,19.333333333333332,1.2018504251546633,3,0.5313043967367252,0.02025917798286933,3,5.0,0.0,3,0.45456832695830385,0.0,3,0.3919710536929459,0.011813864660097631,3,14.333333333333334,1.3333333333333333,3,0.31855225563049316,0.0,3,0.14324175318082175,0.0008345214596065226,3,2.0,0.0,3,202.6,5.524792605458908,3
73b0a6b424,0.16987064599990845,9.685524736609471e-05,3,0.12429590740404878,0.00108661352579369,3,0.015740920311559447,0.00041145354981194586,3,0.01506150178808384,0.0003656592865772053,3,0.12439411133527756,0.0015080263833629126,3,0.1285509909422946,0.0017242355400317497,3,351551.0,0.0,3,351551.0,0.0,3,29.0,1.0,3,0.5151054585147693,0.002466516442881414,3,20.0,0.0,3,0.45456832695830385,0.0,3,0.37697889016479996,0.002737608516596334,3,11.0,1.0,3,0.31855225563049316,0.0,3,0.13167603313922882,0.001053036815227903,3,1.0,0.0,3,503.73333333333335,12.813707937638954,3
73d505e9fe,0.16992118791739144,0.00022146734653198126,3,0.12842861205060993,0.00012913737131364843,3,0.018668365856957813,0.0005511708916360493,3,0.00889366833621232,0.0005890131689398516,3,0.10812661548455556,0.0009593513355426013,3,0.1307075463452327,0.0005524836157600866,3,620351.0,0.0,3,620351.0,0.0,3,31.0,1.1547005383792515,3,0.5453965877217922,0.009454497666992948,3,5.0,0.0,3,0.45456832695830385,0.0,3,0.4357531665813679,0.006174309468702772,3,19.0,1.1547005383792515,3,0.31855225563049316,0.0,3,0.13954095045725504,0.0003804189669236856,3,2.0,0.0,3,361.06666666666666,6.674412167208258,3
73d5a69627,0.15288785914580028,8.856921316948834e-05,3,0.2459824097515092,0.00026102771578881797,3,0.07430561288954719,0.00010179560989668159,3,-0.0062224070231119795,0.0004242132084592376,3,0.09032115091880162,0.0013683231701814022,3,0.25557782465523876,0.0013494290404411006,3,217151.0,0.0,3,217151.0,0.0,3,50.0,0.0,3,0.7925383478635885,0.0027943828333870505,3,1.0,0.0,3,0.45456832695830385,0.0,3,0.6882998094327605,0.002165196163966896,3,62.0,0.0,3,0.31855225563049316,0.0,3,0.2583387593428294,0.0003649656084625665,3,13.0,0.0,3,358.5333333333333,4.830573924953881,3
73da4dba9a,0.16840221162637073,0.00019780643174965412,3,0.131979836791106,0.0008265222515781948,3,0.019857016505387723,0.0011480027700256669,3,0.017107223707532124,0.0009256956443284669,3,0.12532635778188705,0.0006636560035846443,3,0.139237008290066,0.0009265130778570353,3,217151.0,0.0,3,217151.0,0.0,3,46.333333333333336,1.8559214542766733,3,0.5531681730719858,0.0025238684527995516,3,10.0,0.0,3,0.45456832695830385,0.0,3,0.39105571628524965,0.0023889599993258985,3,12.0,0.0,3,0.31855225563049316,0.0,3,0.13900962471961975,0.0007001443448145206,3,1.0,0.0,3,344.06666666666666,14.299689196311622,3
73fe97bc54,0.1693020786444346,0.0001288447892284914,3,0.12833078501822015,0.0014276819608459307,3,0.02032642547415678,0.00034819264070333846,3,0.019420258582584442,7.591122539526205e-05,3,0.12803532183170319,0.0013052376379726707,3,0.13021329565004555,0.002100273361865934,3,163391.0,0.0,3,163391.0,0.0,3,20.333333333333332,0.8819171036881971,3,0.49167723889065723,0.006510169714227913,3,20.0,0.0,3,0.45456832695830385,0.0,3,0.3482047323089517,0.00510337629855274,3,6.666666666666667,0.881917103688197,3,0.31855225563049316,0.0,3,0.1335936039686203,0.0010997216754661152,3,1.0,0.0,3,195.86666666666667,2.8179977131131757,3
74e276c963,0.17032651468118032,0.00013108651772492634,3,0.11875272572645662,0.0012244295234928692,3,0.008541214718389763,0.0007499950752979982,3,0.0056971393565021485,0.0007433771429895628,3,0.1048453152179718,0.0016056690404794224,3,0.11814893274435471,0.0012028750467887167,3,483007.0,0.0,3,483007.0,0.0,3,50.0,0.0,3,0.48830261180397533,0.01082690469032805,3,10.0,0.0,3,0.45456832695830385,0.0,3,0.37026475043706214,0.006334497735248728,3,14.333333333333334,0.3333333333333334,3,0.31855225563049316,0.0,3,0.1263750046491623,0.0014232696556966946,3,1.0,0.0,3,454.76666666666665,4.238841560825043,3
74ff612ab9,0.16990023505687715,0.00022984646142676645,3,0.1313623162018609,0.001571352990209738,3,0.010828201732938253,0.0007845547565785109,3,0.005956752905769954,0.0007250347049671253,3,0.11403774470090866,0.0015710159282026448,3,0.13122510409743393,0.001583563308277807,3,483007.0,0.0,3,483007.0,0.0,3,32.666666666666664,0.881917103688197,3,0.5397774888285954,0.002280990427589523,3,10.0,0.0,3,0.45456832695830385,0.0,3,0.396649003516202,0.0034945724934150636,3,14.0,0.5773502691896257,3,0.31855225563049316,0.0,3,0.13982232411702475,0.0017169075616653635,3,1.0,0.0,3,378.43333333333334,19.76194434878423,3
755646e613,0.17014897783597313,0.00011476496894740597,3,0.12525679334411513,0.0020607065507242325,3,0.010519098983239876,0.0006633728942493338,3,0.007086271646792296,0.0018382908214555605,3,0.12009808421134949,0.0029730851076462945,3,0.1272009821937815,0.0014955167089405002,3,483007.0,0.0,3,483007.0,0.0,3,22.333333333333332,0.6666666666666669,3,0.4794829495352639,0.01973433512566294,3,20.0,0.0,3,0.45456832695830385,0.0,3,0.34737648110269054,0.010653002791119746,3,10.666666666666666,0.881917103688197,3,0.31855225563049316,0.0,3,0.1324088821808497,0.0021258648397018587,3,1.0,0.0,3,279.5333333333333,1.5940862934957676,3
75dd8cb4f9,0.16866240688165027,3.9729389749022713e-05,3,0.1226371781796602,0.000274446165511005,3,0.018749749534344547,0.00016393268856609324,3,0.015178219981925195,9.296829891629083e-05,3,0.11542159815629323,0.0002999950647951902,3,0.12765224502003045,0.0015646699517894772,3,163391.0,0.0,3,163391.0,0.0,3,50.0,0.0,3,0.5302742003322654,0.004247313145802345,3,5.0,0.0,3,0.45456832695830385,0.0,3,0.3994973348221875,0.002678854943080507,3,16.333333333333332,0.8819171036881971,3,0.31855225563049316,0.0,3,0.1290985494852066,0.00026179416240476166,3,1.0,0.0,3,351.0333333333333,8.214282953760767,3
75e018929b,0.15269024741649628,5.7340532626089165e-05,3,0.24827702789056363,0.00020629883016854838,3,0.07577008198178004,0.00040461123433542734,3,-0.0034875194862406087,0.0003728818046059502,3,0.10122073193391164,0.0012241136572996463,3,0.2575595442452295,0.0015544557899856712,3,163391.0,0.0,3,163391.0,0.0,3,44.333333333333336,1.2018504251546636,3,0.7802807155029022,0.002814353567282876,3,1.0,0.0,3,0.45456832695830385,0.0,3,0.6708719653143618,0.00044750980482786913,3,61.0,0.5773502691896257,3,0.31855225563049316,0.0,3,0.2596567968527476,0.00033198216387177003,3,13.0,0.0,3,444.3666666666666,6.483140528409926,3
76ad7e1ed5,0.1690952288309733,7.264717892038725e-05,3,0.13518387734608317,0.0016286357769420858,3,0.017009500473264664,0.0010005280971334934,3,0.009933757088171742,0.00031643911293415634,3,0.1149657095472018,0.0011781248585285551,3,0.13651120164098923,0.0005680605518273814,3,483007.0,0.0,3,483007.0,0.0,3,25.666666666666668,0.6666666666666664,3,0.5380939600427124,0.019525972098103004,3,10.0,0.0,3,0.45456832695830385,0.0,3,0.3976716790787325,0.00853583624031694,3,12.0,1.0,3,0.31855225563049316,0.0,3,0.1437200407187144,0.0016417184095732476,3,1.0,0.0,3,452.6333333333334,5.55167642348787,3
783d330dd0,0.15455037868022917,0.0001726380732981885,3,0.2432250085148264,0.0005450138746936566,3,0.07139646376251543,0.0008510443851077414,3,0.002862994948392192,0.0014192353709361599,3,0.09966324269771576,0.0011391294983902377,3,0.25473808488187205,0.0013944521109984034,3,217151.0,0.0,3,217151.0,0.0,3,36.333333333333336,3.844187531556932,3,0.7772191600676983,0.003611531349107445,3,2.0,0.0,3,0.45456832695830385,0.0,3,0.6700192398557269,0.002505584959016021,3,60.666666666666664,0.6666666666666664,3,0.31855225563049316,0.0,3,0.25516807039578754,0.0007100691038432678,3,9.666666666666666,0.3333333333333332,3,482.3999999999999,23.274664336999574,3
78ea087623,0.16924391623338064,1.1317883832216934e-05,3,0.12088546787443322,0.00022896839588145776,3,0.018055974806427327,0.00017972857430852626,3,0.01340025064175722,0.0001421173537666559,3,0.11143676688273747,0.0006430004575034203,3,0.12507637185010545,0.0016582229001704816,3,351551.0,0.0,3,351551.0,0.0,3,50.0,0.0,3,0.518600812379406,0.009522866569088058,3,10.0,0.0,3,0.45456832695830385,0.0,3,0.39216421075537156,0.007457518294576569,3,15.0,1.1547005383792515,3,0.31855225563049316,0.0,3,0.13007758557796478,8.467757273122071e-05,3,1.0,0.0,3,388.9666666666667,3.96204212216098,3
795f8a8a05,0.17136341190338134,0.0001847533433922112,3,0.12133562623238321,0.0006560839434013595,3,0.012808602007608567,0.0021000634168503816,3,0.013629272816673157,0.00102426347848472,3,0.12566463152567545,0.0006426837796655248,3,0.12270759983662145,0.0015558476134881216,3,620351.0,0.0,3,620351.0,0.0,3,27.0,0.5773502691896257,3,0.4802265172593063,0.0012088490274176785,3,20.0,0.0,3,0.45456832695830385,0.0,3,0.36124888801053956,0.0008662327443925655,3,12.0,0.5773502691896257,3,0.31855225563049316,0.0,3,0.13049188256263733,0.000834760004051584,3,1.0,0.0,3,585.4,4.670117771534256,3
79c735d7b3,0.16981732845306396,4.5019930883424005e-05,3,0.1156039262717946,0.000473253399638798,3,0.01515557368596395,0.00021466779561914534,3,0.007303496201833089,6.637011435310622e-05,3,0.09376886735359828,0.0006596512548403771,3,0.11246791369940363,0.0004909087734884899,3,491391.0,0.0,3,491391.0,0.0,3,50.0,0.0,3,0.4679007788201888,0.006294916946278692,3,10.0,0.0,3,0.45456832695830385,0.0,3,0.3541866198161318,0.0032819656028945593,3,14.0,1.0,3,0.31855225563049316,0.0,3,0.12254319588343303,0.00029357255719812247,3,0.3333333333333333,0.33333333333333337,3,494.73333333333335,5.2590662458061805,3
7baea049c3,0.15268600487709047,9.617177130616859e-05,3,0.24834295530159956,0.0005834983206769429,3,0.0758872249769786,0.0006774764980836308,3,-0.0030750758433468126,0.0006147425564437781,3,0.10122922311226527,0.0003178569594869281,3,0.25792963257705864,0.0011896948781039245,3,163391.0,0.0,3,163391.0,0.0,3,50.0,0.0,3,0.7837332399228994,0.001769375398587125,3,1.0,0.0,3,0.45456832695830385,0.0,3,0.6780287286400256,0.0010233265599865458,3,61.666666666666664,0.33333333333333365,3,0.31855225563049316,0.0,3,0.2599769135316213,0.0006498782039349324,3,13.333333333333334,0.3333333333333332,3,350.73333333333335,5.770422668901968,3
7c4c4152ae,0.1574480075041453,0.00019942463961174632,3,0.22078968683293923,0.00024425137724774163,3,0.05925776308806485,0.0005682404284231741,3,-0.007902895016644998,0.0009838818672553028,3,0.07870787382125854,0.000672589200425676,3,0.22944159341123305,0.0004946009260356572,3,620351.0,0.0,3,620351.0,0.0,3,29.333333333333332,1.201850425154663,3,0.7203163272688143,0.003889878324036579,3,2.0,0.0,3,0.45456832695830385,0.0,3,0.6314727811221515,0.001989490053982775,3,56.0,0.0,3,0.31855225563049316,0.0,3,0.23294099668661752,0.00045681658322660587,3,7.0,0.5773502691896257,3,398.4666666666667,10.889801549053965,3
7cb5db08ed,0.17099605198701226,0.00019110733495834796,3,0.11956537925287745,0.000571132980988145,3,0.005657740686305615,0.0011167208989588723,3,0.00350414445160558,0.0011468552783261829,3,0.10601943234602611,0.0002706388444670007,3,0.12083687156311561,0.0016166059238697458,3,417471.0,0.0,3,417471.0,0.0,3,50.0,0.0,3,0.48018241031384673,0.006946399081287511,3,10.0,0.0,3,0.45456832695830385,0.0,3,0.3656999785012441,0.0035534634205235823,3,12.333333333333334,0.3333333333333334,3,0.31855225563049316,0.0,3,0.12654023865858713,0.0007915273983225993,3,1.0,0.0,3,440.56666666666666,6.437994856923845,3
7d8368dc02,0.1675112804969152,7.339250247379519e-05,3,0.13885273238610263,0.0009086112557581946,3,0.021981280316751468,0.00040967679307178087,3,0.01917958795708954,9.876797534883476e-05,3,0.12976622581481934,0.001197077814134736,3,0.14269815232568137,0.0009817828887079664,3,217151.0,0.0,3,217151.0,0.0,3,48.333333333333336,1.2018504251546627,3,0.5809322225286038,0.0036933132633644467,3,5.0,0.0,3,0.45456832695830385,0.0,3,0.43060702022051117,0.0018753909624988968,3,17.666666666666668,1.2018504251546631,3,0.31855225563049316,0.0,3,0.1463787704706192,0.000933129768110473,3,2.0,0.0,3,288.0,3.9323445084749844,3
7e19309676,0.17081412335236867,0.0007024090481777564,3,0.12466199024924957,0.0007870499404226906,3,0.014787075380799632,0.000297050170606446,3,0.0042567190039094795,0.000573631190969271,3,0.09721882392962773,0.0012341175712026434,3,0.12738249179033176,0.0006514423177121118,3,491391.0,0.0,3,491391.0,0.0,3,36.666666666666664,4.055175020198813,3,0.5074684650843949,0.0037136951655484403,3,10.0,0.0,3,0.45456832695830385,0.0,3,0.378318935393193,0.0034280434234241434,3,15.333333333333334,1.2018504251546631,3,0.31855225563049316,0.0,3,0.13313895960648855,0.0009964376919834742,3,1.0,0.0,3,369.26666666666665,23.913547996434513,3
7e4295c619,0.16982658418019614,0.00017401677455252177,3,0.12426044432619619,0.0016448804207266927,3,0.01602235830650128,0.0010619012317166139,3,0.015135536118159218,0.0010960306633337876,3,0.12457275142272313,0.0023416116972820138,3,0.12751150824376775,0.001847613089032501,3,351551.0,0.0,3,351551.0,0.0,3,29.666666666666668,1.4529663145135578,3,0.5214223259859138,0.012014412817054135,3,20.0,0.0,3,0.45456832695830385,0.0,3,0.37875478903928395,0.006641609695693647,3,11.666666666666666,0.8819171036881968,3,0.31855225563049316,0.0,3,0.13189137478669485,0.0016379331151636998,3,1.0,0.0,3,281.09999999999997,6.493329911018934,3
7f6dcaef7a,0.15534562905629476,0.0003001568079294605,3,0.23278784898227092,0.0006151115224500726,3,0.061213723881534794,0.0026501741746156444,3,-0.006263410918927067,0.0006756164570026119,3,0.07566831012566884,0.001409660337319476,3,0.24174026536552853,0.00019135549371883056,3,483007.0,0.0,3,483007.0,0.0,3,31.666666666666668,1.452966314513558,3,0.7140301630191193,0.003497417237335959,3,2.0,0.0,3,0.45456832695830385,0.0,3,0.5906857121669787,0.0010787431772639859,3,52.0,0.5773502691896257,3,0.31855225563049316,0.0,3,0.24434683720270792,0.0007858374270984222,3,8.666666666666666,0.3333333333333332,3,625.1999999999999,23.258618474306086,3
7fcb66b33c,0.15544457336266834,7.761359050451177e-05,3,0.23285837809757629,0.000603620456558666,3,0.06895230182264217,0.0005709914907787949,3,-0.003762748821702584,0.00044723798069454756,3,0.08445709695418675,0.0014048076537809965,3,0.2432949203825042,0.0010382540325572455,3,217151.0,0.0,3,217151.0,0.0,3,50.0,0.0,3,0.7590175036514694,0.0007892080442838817,3,2.0,0.0,3,0.45456832695830385,0.0,3,0.6655300001076349,0.0007812951262629876,3,60.333333333333336,0.6666666666666664,3,0.31855225563049316,0.0,3,0.24416309098402658,0.0007462454660733456,3,7.666666666666667,0.3333333333333333,3,383.76666666666665,3.7257363179794485,3
8117c2a395,0.16858458733558654,0.00013733975362683923,3,0.1307700301309738,0.0003152980472556318,3,0.019790061567195507,0.000375290814449067,3,0.015443899328746492,0.0002905281479422384,3,0.12028094381093979,0.00018746029107189467,3,0.13421886600796618,0.001438443371345375,3,351551.0,0.0,3,351551.0,0.0,3,40.0,1.7320508075688772,3,0.5532526954288302,0.003909838508390871,3,10.0,0.0,3,0.45456832695830385,0.0,3,0.4141093070112127,0.00024567169646805764,3,17.0,0.5773502691896257,3,0.31855225563049316,0.0,3,0.13980673750241598,0.0004743668677528743,3,1.0,0.0,3,384.3666666666666,17.28142869608232,3
812455dc9d,0.15535056908925374,0.00019939241744676967,3,0.23482367028675732,0.00033636756736047567,3,0.06656017568376328,0.0006773844917976672,3,-0.005620378350454663,0.0004785764805144361,3,0.084313303232193,0.000961402331686288,3,0.24441303020057614,0.0011480546768003253,3,351551.0,0.0,3,351551.0,0.0,3,40.666666666666664,1.6666666666666663,3,0.7743479584133283,0.0006139923184917794,3,2.0,0.0,3,0.45456832695830385,0.0,3,0.6694605409689084,0.00034918060561189027,3,59.333333333333336,0.33333333333333365,3,0.31855225563049316,0.0,3,0.2469563235839208,0.0003668908097791062,3,9.333333333333334,0.6666666666666666,3,325.26666666666665,8.165850299332648,3
816979ca67,0.154048947930336,3.750363916278123e-05,3,0.24495320264306644,0.0004944605489711791,3,0.07418509482075929,0.0003375646140733645,3,0.0008013421896273498,0.0007775869981405131,3,0.09882038086652756,0.00026384734412513203,3,0.25542754663611417,0.0016218341195235128,3,217151.0,0.0,3,217151.0,0.0,3,43.333333333333336,0.881917103688197,3,0.7870138467862214,0.0011700039029751556,3,2.0,0.0,3,0.45456832695830385,0.0,3,0.6746498641333533,0.0006252981522221104,3,61.0,0.5773502691896257,3,0.31855225563049316,0.0,3,0.256773720184962,0.0003536073219892869,3,10.0,0.0,3,556.5,8.010201828501787,3
831e363d68,0.16731680206457775,1.205230532200999e-05,3,0.1382369340765304,0.0016032127332033603,3,0.022722826748297956,0.0004858610202090717,3,0.01826885358366386,0.0006945667651480548,3,0.12700126568476358,0.002206480457030184,3,0.1414500692490637,0.0012279340997935306,3,217151.0,0.0,3,217151.0,0.0,3,20.0,0.5773502691896257,3,0.5414497607569445,0.0051759291157752315,3,5.0,0.0,3,0.45456832695830385,0.0,3,0.39959698425227314,0.006184647842560769,3,15.0,0.5773502691896257,3,0.31855225563049316,0.0,3,0.14500861863295236,0.0014974313186745653,3,2.0,0.0,3,205.36666666666667,3.947291617186526,3
83b22cd5dc,0.15369582152366637,7.507143601388377e-05,3,0.24301758593330858,0.00046281606076327983,3,0.06610265295341532,0.0007180494850382317,3,-0.010060402451368867,0.000338156997467617,3,0.07059095799922943,0.000567632152524621,3,0.2500603866409469,0.0011004798525155685,3,417471.0,0.0,3,417471.0,0.0,3,36.0,1.5275252316519468,3,0.7363417311902721,0.0016961176004207173,3,1.0,0.0,3,0.45456832695830385,0.0,3,0.6128921435279987,0.001965625054943731,3,54.0,1.0,3,0.31855225563049316,0.0,3,0.2546076873938243,0.0007108194540660259,3,12.333333333333334,0.3333333333333332,3,317.3,7.308214556237385,3
8533a2e55f,0.15613621815045675,0.000134105450499469,3,0.23125201004596443,0.00037319686203899743,3,0.0603293429606806,0.0007593255644973505,3,-0.005569883439906691,0.0010456494512081844,3,0.07808756083250046,0.0023262989259305806,3,0.23870112835987567,0.0013424226483568142,3,417471.0,0.0,3,417471.0,0.0,3,43.0,0.5773502691896257,3,0.7225014092288266,0.0025736732053256517,3,2.0,0.0,3,0.45456832695830385,0.0,3,0.6002130224751783,0.0015939616499991143,3,53.666666666666664,0.881917103688197,3,0.31855225563049316,0.0,3,0.24236382047335306,0.00034240479445938726,3,8.0,0.5773502691896257,3,346.6333333333334,3.2425984093693203,3
869a346460,0.1694690680106481,0.0003446198543477978,3,0.1314768891156783,0.0011105510291629273,3,0.019132125945318313,0.0018867772816698344,3,0.01927457852338357,0.0014574850576933055,3,0.13246206939220428,0.0008862641872070753,3,0.13395299346707648,0.0013306976683458054,3,163391.0,0.0,3,163391.0,0.0,3,39.333333333333336,2.0275875100994067,3,0.5279053683408788,0.003129007499802238,3,20.0,0.0,3,0.45456832695830385,0.0,3,0.3811764594173129,0.004466925879279725,3,9.333333333333334,0.3333333333333334,3,0.31855225563049316,0.0,3,0.13746115068594614,0.0013852927011533634,3,1.0,0.0,3,270.7,7.134657198025226,3
86cf8f0abb,0.17034122546513877,0.0001664997652143241,3,0.1228686976678891,0.0008415210914752857,3,0.008714021198333255,0.000977825969935202,3,0.0063230906214032856,0.0005749797089248742,3,0.10936824977397919,0.0008050647878327302,3,0.12122732509273025,0.001210353830871727,3,417471.0,0.0,3,417471.0,0.0,3,50.0,0.0,3,0.5092131115253523,0.0057859012754288295,3,10.0,0.0,3,0.45456832695830385,0.0,3,0.3786055781435798,0.0018938413123055094,3,14.0,0.0,3,0.31855225563049316,0.0,3,0.1302827149629593,0.0008745380833627866,3,1.0,0.0,3,416.8333333333333,1.4449144534462242,3
8876eca04d,0.15318584287166595,9.350603070212529e-05,3,0.244446387379081,0.00033249391799681973,3,0.0738767180493269,0.0005350699591477519,3,-0.005291629720617224,0.0005209978459560016,3,0.09036487589279811,0.0018581764971653575,3,0.25177030675965306,0.00168515747695061,3,217151.0,0.0,3,217151.0,0.0,3,29.0,0.5773502691896257,3,0.7684216378072586,0.0024095092064344405,3,1.0,0.0,3,0.45456832695830385,0.0,3,0.6482100446636511,0.00010968459280390216,3,59.666666666666664,0.33333333333333276,3,0.31855225563049316,0.0,3,0.2560188074906667,0.0002859523169890133,3,12.666666666666666,0.3333333333333334,3,237.03333333333333,3.2590046196823836,3
88778c926d,0.1700620687007904,0.0003388510018666997,3,0.11930372323032501,0.0006061957332818341,3,0.01389872144769739,0.0004949720861894554,3,0.010060139118678986,0.0008075891853794199,3,0.11275800317525864,0.0013229022363056562,3,0.1218749852175791,0.0014985518830778622,3,491391.0,0.0,3,491391.0,0.0,3,23.333333333333332,1.2018504251546633,3,0.4332776474174936,0.011182773915227415,3,20.0,0.0,3,0.45456832695830385,0.0,3,0.32292065553004967,0.008272119178521931,3,10.333333333333334,0.881917103688197,3,0.31855225563049316,0.0,3,0.1263230343659719,0.0005855931961917297,3,1.0,0.0,3,551.0666666666667,24.375215098766024,3
8a0e3557ae,0.15548894802729288,6.607815810262152e-05,3,0.23292417654223627,0.0005885672090358619,3,0.0684790018374327,0.0008321421130718238,3,-0.0033762196384409747,0.0004429200495058016,3,0.0856151431798935,0.0005662301737044031,3,0.24325553505810915,0.0011207985819186408,3,217151.0,0.0,3,217151.0,0.0,3,50.0,0.0,3,0.7587708067645641,0.001964950675590491,3,2.0,0.0,3,0.45456832695830385,0.0,3,0.666266160357755,0.0009677715964582815,3,60.333333333333336,0.33333333333333365,3,0.31855225563049316,0.0,3,0.24435345331827799,0.0006307597542953912,3,7.666666666666667,0.3333333333333333,3,413.8666666666666,8.886194035943854,3
8a7fd68766,0.15666707265377045,2.8042160240406844e-05,3,0.2047435093857343,0.0002360100040214444,3,0.05111357806220887,0.0007272937140279055,3,-0.010030764120596426,0.001486071209640798,3,0.06303299466768901,0.0029029023067617316,3,0.20893022340016587,0.0009156098806607755,3,491391.0,0.0,3,491391.0,0.0,3,50.0,0.0,3,0.6275123713486682,0.003968701425147157,3,2.0,0.0,3,0.45456832695830385,0.0,3,0.515998819814904,0.0018620918195147208,3,38.666666666666664,0.8819171036881963,3,0.31855225563049316,0.0,3,0.2144640584786733,0.00022495602905033257,3,8.0,0.0,3,457.2,13.31778259821557,3
8b04c56e29,0.15525392015775044,0.0002699601873180674,3,0.23565703767897553,0.0008870633288888869,3,0.06694996609258903,0.0014404495330409156,3,-0.005449058202208665,0.0020043996197683434,3,0.07347084581851959,0.0032777906115702884,3,0.24354526385788988,0.0015353988611114594,3,417471.0,0.0,3,417471.0,0.0,3,29.666666666666668,2.3333333333333335,3,0.7133473133581928,0.006630207581569696,3,2.0,0.0,3,0.45456832695830385,0.0,3,0.5819415458612919,0.0040798239484051415,3,51.333333333333336,1.2018504251546636,3,0.31855225563049316,0.0,3,0.2468878080447515,0.0008396154396732421,3,10.333333333333334,0.3333333333333332,3,286.0333333333333,12.699125079224098,3
8b09d7c7e6,0.15607573052247367,2.504020302107419e-05,3,0.22632149097725848,0.0005972338816953637,3,0.06400440231202141,0.0005784122714125117,3,-0.007748605082274745,0.00045727949750605745,3,0.07644594460725784,0.0012825447544217684,3,0.2376860999386324,0.0011767892801816788,3,351551.0,0.0,3,351551.0,0.0,3,50.0,0.0,3,0.7482883249698871,0.0022685013846441347,3,2.0,0.0,3,0.45456832695830385,0.0,3,0.6551624472543792,0.0014327807777570164,3,57.333333333333336,0.33333333333333365,3,0.31855225563049316,0.0,3,0.23825250566005707,0.0007058654021077432,3,7.666666666666667,0.3333333333333333,3,391.6333333333334,0.6385748020222688,3
8c0c1be481,0.17120002647240953,0.00015353109980916505,3,0.11556444896162645,0.0018127525307345938,3,0.013158905758428825,0.00042472146899661544,3,0.009248258575560555,0.0006473320484173603,3,0.10884948323170344,0.0020752037603392025,3,0.11742880942160683,0.00039039698668763247,3,491391.0,0.0,3,491391.0,0.0,3,29.0,1.0,3,0.43914792349905113,0.012559500612159118,3,20.0,0.0,3,0.45456832695830385,0.0,3,0.3209464031708626,0.009941253737013031,3,11.333333333333334,0.3333333333333332,3,0.31855225563049316,0.0,3,0.12216297785441081,0.0018457765704281437,3,1.0,0.0,3,318.56666666666666,5.8595600896692375,3
8da3e2c5fb,0.1704744288523992,0.0003770849752242649,3,0.128961542037322,0.0017424426390851185,3,0.011487519614910952,0.0013678827175080523,3,0.008265829906261788,0.0006456638064041335,3,0.1244475394487381,0.0012928761734567423,3,0.1316414410343109,0.000661016663528449,3,417471.0,0.0,3,417471.0,0.0,3,18.666666666666668,0.8819171036881968,3,0.48938672786435217,0.005683625773555567,3,20.0,0.0,3,0.45456832695830385,0.0,3,0.3484488258839875,0.0034591483840602437,3,10.333333333333334,0.3333333333333334,3,0.31855225563049316,0.0,3,0.13529032468795776,0.0018412050159418308,3,1.0,0.0,3,258.73333333333335,5.381862544179703,3
8e016201f7,0.16760082507133486,0.00017860668688150427,3,0.14146664855606936,0.0007084079817032813,3,0.019347638049453653,0.0006731231416519145,3,-0.0018239916947783614,0.0005917383415338012,3,0.08492609113454819,0.000798821318462378,3,0.14545612263670912,0.0014626690139104685,3,491391.0,0.0,3,491391.0,0.0,3,28.666666666666668,1.452966314513558,3,0.5485325330444657,0.0052034676589046615,3,5.0,0.0,3,0.45456832695830385,0.0,3,0.41552557519720446,0.005451112175612765,3,19.0,0.5773502691896257,3,0.31855225563049316,0.0,3,0.1508712669213613,0.0006938523068088742,3,2.0,0.0,3,306.3666666666666,7.941522384138824,3
8ed646dcea,0.1681992606719335,7.726680551120913e-05,3,0.13370377631354927,0.000691710548568542,3,0.021370570811014327,0.0003960716065451593,3,0.01816478103556961,0.0004230894784903015,3,0.12654907504717508,0.0006979615214815814,3,0.1372988399976168,0.0010739662800024214,3,217151.0,0.0,3,217151.0,0.0,3,20.333333333333332,0.8819171036881971,3,0.5562954096219511,0.007159537013083147,3,10.0,0.0,3,0.45456832695830385,0.0,3,0.3883217893569211,0.006339894837624679,3,11.666666666666666,0.881917103688197,3,0.31855225563049316,0.0,3,0.14012270172437033,0.0005379480147483604,3,1.0,0.0,3,212.76666666666665,3.5507432711726405,3
8f1970dbbd,0.1561917296250661,0.00037414401673627933,3,0.22621633953733555,0.0006864964071320367,3,0.0625654969896589,0.0003131983124878441,3,-0.012781025556029465,0.0005756834114292123,3,0.061308521777391434,0.001043203083891439,3,0.23157128722382928,5.345122669274662e-05,3,491391.0,0.0,3,491391.0,0.0,3,47.0,0.5773502691896257,3,0.6782062867360527,0.0002304452375211702,3,2.0,0.0,3,0.45456832695830385,0.0,3,0.5440883094140424,0.0012207436199209371,3,46.0,0.5773502691896257,3,0.31855225563049316,0.0,3,0.23682335019111633,0.0004833282691700441,3,8.666666666666666,0.3333333333333334,3,413.4666666666667,3.9031326449974006,3
8fba9dd5fb,0.1681570463180542,,1,0.14181019937325146,,1,0.013623229094914027,,1,0.005169051034109933,,1,0.11042739450931549,,1,0.14745142242100512,,1,483007.0,,1,483007.0,,1,26.0,,1,0.551130242035604,,1,5.0,,1,0.45456832695830385,,1,0.41867275133575826,,1,16.0,,1,0.31855225563049316,,1,0.15054886043071747,,1,2.0,,1,526.0,,1
90838593b2,0.1693736488421758,0.000328043046358089,3,0.1305050260069028,0.0005734271311386377,3,0.018964825483857008,0.0013418422441880602,3,0.01897075125780055,0.0012396343930668656,3,0.13155539333820343,0.000572779379711101,3,0.13312521967745194,0.0017705298794293215,3,163391.0,0.0,3,163391.0,0.0,3,34.0,1.5275252316519468,3,0.5204485120041947,0.0027930368436104194,3,20.0,0.0,3,0.45456832695830385,0.0,3,0.37152667200237216,0.000525313550696361,3,8.666666666666666,0.3333333333333334,3,0.31855225563049316,0.0,3,0.13604999085267386,0.000686945832056975,3,1.0,0.0,3,471.4666666666667,12.510306861855042,3
90aad162a2,0.15526256628831228,0.00026654300135866177,3,0.2308492950478512,0.000584475899176124,3,0.06502484234552534,0.0007128565177224862,3,-0.011482643702673533,0.0009376083249954273,3,0.07532511899868648,0.0004965926850101567,3,0.23744339363452358,0.0007950061146941937,3,620351.0,0.0,3,620351.0,0.0,3,26.333333333333332,1.3333333333333333,3,0.7316591144357038,0.007073916095376534,3,1.0,0.0,3,0.45456832695830385,0.0,3,0.6407792559182189,0.004838688211151448,3,56.0,0.0,3,0.31855225563049316,0.0,3,0.2433716505765915,0.0005944356963635437,3,10.0,0.0,3,301.90000000000003,9.650388593212192,3
90d7fdc19b,0.1683986369371414,,1,0.134826718133175,,1,0.020804429811144633,,1,0.019342553994012256,,1,0.1303102821111679,,1,0.13483802200710737,,1,163391.0,,1,163391.0,,1,41.0,,1,0.5598770585291301,,1,10.0,,1,0.45456832695830385,,1,0.39262654058768204,,1,11.0,,1,0.31855225563049316,,1,0.14019449055194855,,1,1.0,,1,477.7,,1
9212d7fdec,0.168903560201327,0.0005094179351440241,3,0.1327179988184214,0.0013376790048108928,3,0.01818800098681576,0.0026820250597456093,3,0.015229364866932866,0.0021681525506748946,3,0.12521293510993323,0.002615621926843627,3,0.1376941113884421,0.0012783017783006036,3,217151.0,0.0,3,217151.0,0.0,3,20.0,1.7320508075688772,3,0.534940191628142,0.012110248387574596,3,10.0,0.0,3,0.45456832695830385,0.0,3,0.37804853045137615,0.007778601021014248,3,10.0,1.1547005383792515,3,0.31855225563049316,0.0,3,0.13923622171084085,0.0016066903672663955,3,1.0,0.0,3,204.4333333333333,5.5953353588304,3
923a70dbe9,0.15457002719243365,0.0001809205687837195,3,0.2353628457026389,0.0005901446169836033,3,0.0676840237839512,0.00041137627993046203,3,-0.006910470743027944,0.001406640605305878,3,0.0717229222257932,0.0014753853687165636,3,0.24218757690000312,0.0008841291247799307,3,483007.0,0.0,3,483007.0,0.0,3,28.666666666666668,1.201850425154663,3,0.7069144988341621,0.004508530734804974,3,2.0,0.0,3,0.45456832695830385,0.0,3,0.5762603024294749,0.0024317693096362553,3,49.333333333333336,0.33333333333333276,3,0.31855225563049316,0.0,3,0.2467280924320221,0.0007631687455514485,3,11.0,0.0,3,293.56666666666666,5.791468821560818,3
92a2119c76,0.1691887019475301,0.00010129206962245651,3,0.12005517079969406,0.0009985924291539057,3,0.017831713434249635,0.0004849259749050251,3,0.015250405621907067,0.0003856810826853687,3,0.11502239853143692,0.0011749109122999705,3,0.12752741306667417,0.0008816591606373902,3,217151.0,0.0,3,217151.0,0.0,3,50.0,0.0,3,0.5090270779917635,0.0032231940346550045,3,10.0,0.0,3,0.45456832695830385,0.0,3,0.3706410050661968,0.0035943339588711894,3,11.0,0.5773502691896257,3,0.31855225563049316,0.0,3,0.12706920007864633,0.0009487590484919424,3,1.0,0.0,3,328.2,2.3797758998135388,3
92ab012c5d,0.1533478359381358,0.00017274381501702422,3,0.24401779562598383,0.0004956775773222981,3,0.06783330156689599,0.00043671431049871934,3,-0.010105482484928515,0.001200025317147058,3,0.07009745637575786,0.0016666522904672536,3,0.2505617086294067,0.001005049837215753,3,417471.0,0.0,3,417471.0,0.0,3,32.666666666666664,2.962731472438529,3,0.7309871955270827,0.003170135466752036,3,1.0,0.0,3,0.45456832695830385,0.0,3,0.6104369895911295,0.0016567963709075728,3,53.333333333333336,0.33333333333333365,3,0.31855225563049316,0.0,3,0.2552296320597331,0.00043060490598555493,3,12.666666666666666,0.3333333333333332,3,606.3666666666667,25.414846929392347,3
92e3622699,0.17023980017503101,0.0005289127189809012,3,0.1298874336841785,0.0010605623767919996,3,0.008701161732749334,0.002753985672003926,3,0.004323981741748789,0.0020015124895174834,3,0.1116735612352689,0.0009284495473041606,3,0.13267693805129088,0.0009328384626791079,3,417471.0,0.0,3,417471.0,0.0,3,32.333333333333336,2.1858128414339997,3,0.5233836303630485,0.02075759130563376,3,10.0,0.0,3,0.45456832695830385,0.0,3,0.38386719394125546,0.009703316503391596,3,13.0,1.0,3,0.31855225563049316,0.0,3,0.1376484086116155,0.0013340166684125763,3,1.0,0.0,3,303.2,10.168087332433773,3
9362b62347,0.15537294479211172,0.0001749621667976418,3,0.2349406291841383,0.0009428579186753524,3,0.06935210234273678,0.0006389390907847307,3,0.002908021369308391,0.0006860710224339342,3,0.10908537358045578,0.0005751894498685074,3,0.2452168036985832,0.0013346772404780993,3,163391.0,0.0,3,163391.0,0.0,3,34.333333333333336,4.666666666666667,3,0.7711108330483585,0.0014921182071491795,3,2.0,0.0,3,0.45456832695830385,0.0,3,0.6535278064958759,0.001409871940315754,3,60.666666666666664,0.33333333333333276,3,0.31855225563049316,0.0,3,0.24613311886787415,0.0008111762210004603,3,9.0,0.0,3,238.73333333333335,11.642785081089682,3
9575ed80d0,0.15563226719697318,0.0004637420523645335,3,0.22980479969991832,0.0007666187470144009,3,0.06135862340372076,0.001954664022836223,3,-0.00925555525633393,0.002685658246282641,3,0.07563843081394832,0.0033226694269547275,3,0.23526981678920222,0.0007934484201776727,3,620351.0,0.0,3,620351.0,0.0,3,21.333333333333332,1.4529663145135576,3,0.7230313161378356,0.0065418505058073865,3,1.0,0.0,3,0.45456832695830385,0.0,3,0.6080463862426687,0.004652076503052802,3,53.666666666666664,1.3333333333333328,3,0.31855225563049316,0.0,3,0.2418088217576345,0.0006600297198490236,3,10.333333333333334,0.881917103688197,3,462.6333333333334,15.826173819902827,3
95835ac1ab,0.1693216998577118,0.00016010886155397414,3,0.13134777113284557,0.0007223311247063279,3,0.01931188598511711,0.0007578708633323981,3,0.019539329109999237,0.000856448694710249,3,0.1325304458538691,0.0008439001508796724,3,0.13341591374736858,0.0022636513079257914,3,217151.0,0.0,3,217151.0,0.0,3,38.0,1.5275252316519468,3,0.532741635308965,0.006480742368689756,3,20.0,0.0,3,0.45456832695830385,0.0,3,0.3856848011330049,0.0017522125272998634,3,10.666666666666666,0.8819171036881968,3,0.31855225563049316,0.0,3,0.13823590675989786,0.0007353740072164897,3,1.0,0.0,3,515.0,4.355456348076492,3
9681809127,0.15620602162679034,6.694000660925942e-05,3,0.22586537516038385,0.0004967329032334889,3,0.06471360328966978,0.0003241300491745504,3,-0.0032488268519204762,0.0003370673348684015,3,0.09137161821126938,0.0005843897827335556,3,0.23586326511668906,0.0009619581546542686,3,163391.0,0.0,3,163391.0,0.0,3,50.0,0.0,3,0.7662097145269778,0.003258639022379824,3,2.0,0.0,3,0.45456832695830385,0.0,3,0.6752642336596629,0.001216062693619297,3,61.333333333333336,0.33333333333333365,3,0.31855225563049316,0.0,3,0.23713442186514536,0.0004907025983127359,3,6.333333333333333,0.3333333333333334,3,334.43333333333334,15.580472108094517,3
96dbcd2e0d,0.1685540731350581,0.000309135767129735,3,0.13355932343897758,0.001227025477422338,3,0.01974050077811751,0.0016726898221285623,3,0.01652411462137939,0.0010846060747059438,3,0.12637891620397568,0.0009231585984090082,3,0.13952936040551778,0.0009273768847816778,3,217151.0,0.0,3,217151.0,0.0,3,36.333333333333336,1.4529663145135578,3,0.5522334558868257,0.011992570328954394,3,10.0,0.0,3,0.45456832695830385,0.0,3,0.38604865808946104,0.011803214955463553,3,11.0,0.5773502691896257,3,0.31855225563049316,0.0,3,0.1408296376466751,0.0013275101054165746,3,1.0,0.0,3,256.8333333333333,4.88683037470211,3
96e2947f8f,0.16844515375296276,4.9563396595429714e-05,3,0.13231276009671136,0.0001817103477172781,3,0.02013455938409876,0.0005554641760552329,3,0.017202576001485188,0.00042765880034145823,3,0.12470018118619919,0.0005946864839336495,3,0.1391622464880103,0.0007714252697591269,3,217151.0,0.0,3,217151.0,0.0,3,32.333333333333336,2.0275875100994067,3,0.5529614881336419,0.00366287387266648,3,10.0,0.0,3,0.45456832695830385,0.0,3,0.3956309897510355,0.005242915729993487,3,12.666666666666666,0.3333333333333334,3,0.31855225563049316,0.0,3,0.13946310182412466,0.0001177874227617685,3,1.0,0.0,3,424.0333333333333,11.09989989944854,3
96eab46411,0.16816148797671002,0.00033991333143195296,3,0.13135229043136418,0.0008537577990956452,3,0.018584999457868952,0.0009055365383168111,3,0.008206609695676773,0.00016756915092725784,3,0.10122884064912796,0.0008997828519992489,3,0.13638958692101674,0.0006344264420796636,3,491391.0,0.0,3,491391.0,0.0,3,19.666666666666668,1.666666666666667,3,0.5006221394460256,0.010617302759937266,3,10.0,0.0,3,0.45456832695830385,0.0,3,0.3843596198997237,0.005586802825804662,3,15.333333333333334,1.2018504251546631,3,0.31855225563049316,0.0,3,0.13975975414117178,0.0011183069219058161,3,1.0,0.0,3,265.56666666666666,11.17039738674402,3
973039a568,0.17095113730430603,9.18018735657789e-05,3,0.1238100533618709,0.0004057563703353906,3,0.0059142497481492464,0.00037680941128876534,3,0.003946100908612448,0.0003588750626552963,3,0.1093594307700793,0.0004845676347898752,3,0.12365712687378315,0.0011186868264701543,3,417471.0,0.0,3,417471.0,0.0,3,50.0,0.0,3,0.5046727964310483,0.006123024086003727,3,10.0,0.0,3,0.45456832695830385,0.0,3,0.3774031614267375,0.0038364742186559825,3,13.333333333333334,0.6666666666666669,3,0.31855225563049316,0.0,3,0.1311683108409246,0.0005410013994892463,3,1.0,0.0,3,455.8666666666666,5.138201155181751,3
99ee0fe25b,0.15496649841467539,8.384884392023903e-05,3,0.22986668962609547,0.0016383931170069503,3,0.05836641473114176,0.00010561611476798102,3,-0.006598897711940543,0.0006071649832218507,3,0.07342092941204707,0.001159908049242045,3,0.2356810601149272,0.00203197983095328,3,483007.0,0.0,3,483007.0,0.0,3,50.0,0.0,3,0.6979672128386771,0.0017937017992878787,3,1.0,0.0,3,0.45456832695830385,0.0,3,0.5912971612044099,0.0018486741705311196,3,50.0,0.0,3,0.31855225563049316,0.0,3,0.24098427097002664,0.0017456097193341029,3,10.0,0.5773502691896257,3,527.8333333333334,10.180755265587008,3
9a2b604942,0.16997969496250154,0.0007934291500704037,3,0.12628634534940064,0.0021142352330114967,3,0.013943719800817904,0.0027695789666559384,3,0.01029376472745623,0.002632771691445583,3,0.11820941666762035,0.001783999318777599,3,0.1317335255453271,0.002542852005386741,3,483007.0,0.0,3,483007.0,0.0,3,18.0,1.0,3,0.4653303172499362,0.01934620748714967,3,20.0,0.0,3,0.45456832695830385,0.0,3,0.3419186639760025,0.004451191658026745,3,11.333333333333334,0.3333333333333332,3,0.31855225563049316,0.0,3,0.13310751815636954,0.001855363252988211,3,1.0,0.0,3,244.53333333333333,6.958527941390416,3
9b4d89d716,0.1531000924507777,7.143156359859187e-05,3,0.24573973602411756,0.0007186699820596669,3,0.07457260006950016,0.00040607326536371604,3,-0.004662948941427564,0.0012689507183591404,3,0.09874849021434784,0.0018024209808266088,3,0.2530383463478332,0.001499950724915992,3,163391.0,0.0,3,163391.0,0.0,3,38.0,1.5275252316519468,3,0.7683885271079843,0.0017729894039006614,3,1.0,0.0,3,0.45456832695830385,0.0,3,0.6453981120059614,0.0014722301562804928,3,59.666666666666664,0.33333333333333365,3,0.31855225563049316,0.0,3,0.2567664285500844,0.0008514597085581955,3,13.0,0.0,3,506.7,13.338040835644982,3
9b892e591f,0.15423173209031424,7.734950582706317e-05,3,0.24311415455715304,0.0006553594353344382,3,0.07432752910745206,0.0007117320332963828,3,0.0024986254475104115,0.000705307621908706,3,0.10172564536333084,0.00018400922895947844,3,0.2512731968717558,0.0014523392079958271,3,217151.0,0.0,3,217151.0,0.0,3,27.333333333333332,0.33333333333333365,3,0.7635737380249733,0.0033977114958369044,3,2.0,0.0,3,0.45456832695830385,0.0,3,0.6396392472708055,0.0021257946303043567,3,59.333333333333336,0.33333333333333365,3,0.31855225563049316,0.0,3,0.25458566347757977,0.0006897345673248818,3,10.0,0.0,3,395.7,2.4542480178933412,3
9bde97d859,0.155416285554568,0.0002014674865432056,3,0.22939817248706854,0.000581233603181373,3,0.061776226159756774,0.0009290205303859385,3,-0.010920647590879412,0.0007440015516540999,3,0.07426716635624568,0.0006560782679637863,3,0.2373422602583601,0.001124554936570722,3,620351.0,0.0,3,620351.0,0.0,3,24.666666666666668,1.7638342073763935,3,0.7278574424769907,0.004990015194085314,3,1.0,0.0,3,0.45456832695830385,0.0,3,0.6361527600784301,0.003418332221170555,3,56.333333333333336,0.33333333333333365,3,0.31855225563049316,0.0,3,0.2420320063829422,0.0006130633734262516,3,9.333333333333334,0.3333333333333334,3,573.6666666666666,49.103643223062186,3
9cfbc57dd5,0.1708489324649175,0.00039857920541545925,3,0.12396569109321685,0.0008419147855660371,3,0.009625331749991766,0.0021238837171468467,3,0.008792252136916711,0.0025780352260509204,3,0.12038214256366093,0.0018443043790615247,3,0.1273295671570509,0.0016827364824782787,3,417471.0,0.0,3,417471.0,0.0,3,25.333333333333332,1.2018504251546631,3,0.4948934198485801,0.012781349759806127,3,20.0,0.0,3,0.45456832695830385,0.0,3,0.35065348097747107,0.006868200259106083,3,8.666666666666666,0.3333333333333334,3,0.31855225563049316,0.0,3,0.13041914502779642,0.0010139295102105689,3,1.0,0.0,3,538.0333333333333,12.592369823737627,3
9d93a06dc0,0.15390100800991058,0.00015864018902853524,3,0.23160750737380761,0.0006638347071769985,3,0.06527848281557598,0.0005776003785358494,3,-0.017545003739614335,0.0010154732575141118,3,0.054614913960297905,0.0018017228536527981,3,0.2377277333684054,0.000417722675689853,3,491391.0,0.0,3,491391.0,0.0,3,50.0,0.0,3,0.6855409567754068,0.0019515716600879444,3,1.0,0.0,3,0.45456832695830385,0.0,3,0.563605995649146,0.0010764318699495916,3,46.666666666666664,0.33333333333333365,3,0.31855225563049316,0.0,3,0.24248367547988892,0.0005336661891647847,3,11.666666666666666,0.3333333333333334,3,520.6999999999999,6.550572494064934,3
9e770d3e6c,0.16877499743302662,0.00020102460074949692,3,0.13771977421072235,0.0017368644113072375,3,0.020837079280267946,0.0003067104730317923,3,-0.0012974379554627432,7.780977121693855e-05,3,0.08334701756636302,0.0009209225876827414,3,0.13990662867786743,0.0006451326705956057,3,491391.0,0.0,3,491391.0,0.0,3,43.666666666666664,3.2829526005987018,3,0.5381264780164101,0.012862170676620132,3,5.0,0.0,3,0.45456832695830385,0.0,3,0.4092187213456914,0.00607226992208125,3,19.0,1.5275252316519468,3,0.31855225563049316,0.0,3,0.14750627676645914,0.001769484188330844,3,2.3333333333333335,0.33333333333333337,3,435.3333333333333,21.64642644359058,3
9ee40d1b92,0.17047518523534141,0.00030496906991351604,3,0.11499303805084492,0.0004314593519323233,3,0.012138136795588901,0.001466837048697062,3,0.008223404960026817,0.0024319713600069676,3,0.10783825318018596,0.0018813328254033742,3,0.11660125526379789,0.0013174377469597654,3,491391.0,0.0,3,491391.0,0.0,3,26.333333333333332,1.452966314513558,3,0.4121031876190424,0.0018628463328430227,3,20.0,0.0,3,0.45456832695830385,0.0,3,0.31394352720974994,0.00550400486779932,3,10.666666666666666,0.8819171036881968,3,0.31855225563049316,0.0,3,0.1215773622194926,0.0004516453130405491,3,1.0,0.0,3,361.3666666666666,9.048265641055824,3
9f78ce1b0b,0.1695475912888845,0.000491222712897972,3,0.13794300588762096,0.002324389264890586,3,0.007319269041535716,0.0035558372196565083,3,0.0001901839145276913,0.0014606367406189084,3,0.10920831561088562,0.002559483212145004,3,0.14118208364150509,0.0013200007074883411,3,483007.0,0.0,3,483007.0,0.0,3,32.666666666666664,1.2018504251546636,3,0.5670179607474503,0.010266310264645712,3,5.0,0.0,3,0.45456832695830385,0.0,3,0.4193733145211862,0.005079179693195497,3,18.666666666666668,1.3333333333333333,3,0.31855225563049316,0.0,3,0.1466020941734314,0.002357691867528624,3,2.0,0.0,3,378.26666666666665,17.815380371403187,3
9fb36a3e69,0.15372414390246072,0.00014113368398968208,3,0.24176471595012783,0.00046943035036138634,3,0.06931251981271007,0.0009641009248561007,3,-0.008662170834011503,0.0008307772491938571,3,0.08118921269973119,0.0012294070615198013,3,0.2510160625648803,0.0007547486813088255,3,351551.0,0.0,3,351551.0,0.0,3,43.666666666666664,2.728450923957483,3,0.7809525360319841,0.0021564231775014447,3,1.0,0.0,3,0.45456832695830385,0.0,3,0.6782175666562308,0.0009073139361449044,3,59.333333333333336,0.33333333333333365,3,0.31855225563049316,0.0,3,0.25415119528770447,0.0004345914752476006,3,12.333333333333334,0.3333333333333334,3,327.7,12.536745989290848,3
9fd32cad13,0.1672325286865234,0.0004514716009002502,3,0.14668081711697314,0.0005165157987636071,3,0.02372109196173451,0.0005934977407946332,3,0.00840811880808028,0.001914751035497621,3,0.1058708702524503,0.0030333922611286237,3,0.15090090777388063,0.0012756076490254625,3,483007.0,0.0,3,483007.0,0.0,3,22.333333333333332,1.201850425154663,3,0.564767683400123,0.0006915569256429968,3,5.0,0.0,3,0.45456832695830385,0.0,3,0.41885939005397194,0.005381401804868932,3,17.333333333333332,1.2018504251546633,3,0.31855225563049316,0.0,3,0.15559720993041992,0.0003152101333028316,3,2.0,0.0,3,261.9666666666667,6.63961176910553,3
9ff60b8641,0.16997611288229622,0.0004078910484465504,3,0.1280477838695966,0.00043022691317841746,3,0.014728345883586421,0.0014584411875468984,3,0.011286932324606274,0.0018903572856233946,3,0.12087971220413844,0.001465578371310666,3,0.13229982138363652,0.001268526052608281,3,417471.0,0.0,3,417471.0,0.0,3,19.666666666666668,0.8819171036881966,3,0.4967038332666806,0.008024364995497118,3,20.0,0.0,3,0.45456832695830385,0.0,3,0.3567190358020696,0.0035045232119121274,3,10.666666666666666,0.6666666666666666,3,0.31855225563049316,0.0,3,0.134621133406957,0.00042312387147995837,3,1.0,0.0,3,245.63333333333335,5.0853821007974505,3
a05627f986,0.16935135662555698,0.00015895048520814654,3,0.1272650215700262,0.0009033561043476193,3,0.010938571559058296,0.001036251624939708,3,0.004867590924419424,0.00020009493324136719,3,0.10471763213475545,0.00028671372263463336,3,0.12746540600546388,0.0013501544805603971,3,483007.0,0.0,3,483007.0,0.0,3,50.0,0.0,3,0.5256054835428836,0.007006349842539354,3,5.0,0.0,3,0.45456832695830385,0.0,3,0.4040405446934745,0.00415655976161084,3,16.0,0.5773502691896257,3,0.31855225563049316,0.0,3,0.13565283020337424,0.0010294374292377983,3,2.0,0.0,3,461.43333333333334,16.16749138789868,3
a0e99d86e3,0.16838904702663424,0.0002043161411995071,3,0.12592432032960793,0.0012346417440663397,3,0.017900560268018614,0.00026885734241602756,3,0.0021032325174442676,0.0002481693718581913,3,0.08342526108026505,0.0008868124167911621,3,0.1256009204602824,0.001443661945433829,3,491391.0,0.0,3,491391.0,0.0,3,50.0,0.0,3,0.49187714387121445,0.0034028802589068183,3,5.0,0.0,3,0.45456832695830385,0.0,3,0.38275130062293355,0.002931271775457629,3,17.0,1.0,3,0.31855225563049316,0.0,3,0.13394189874331155,0.0009659509794482173,3,1.6666666666666667,0.33333333333333337,3,472.4666666666667,0.7310570733153664,3
a1003468f1,0.1564158809185028,0.00020992497416195827,3,0.2219887904801914,0.0008275764920536614,3,0.055064821684802014,0.0009994226924746666,3,-0.003372011361298738,0.0007433183165549093,3,0.08130766699711482,0.0013137771360385443,3,0.22772756201030933,0.0013349262280561067,3,483007.0,0.0,3,483007.0,0.0,3,50.0,0.0,3,0.6898175915227847,0.006212304598684456,3,2.0,0.0,3,0.45456832695830385,0.0,3,0.5767983240392357,0.004204051665620185,3,49.0,0.5773502691896257,3,0.31855225563049316,0.0,3,0.23348886768023172,0.0009552959822131698,3,7.333333333333333,0.6666666666666667,3,462.4666666666667,2.053722906766569,3
a12033d97f,0.15376321653525035,4.722207320496069e-05,3,0.24402790555661283,0.00018088512492775742,3,0.06675377283146772,0.00016874965978746942,3,-0.010618846252481773,0.0008270206246938172,3,0.06943210959434509,0.0021423053372988683,3,0.2501592550823497,0.0013158635350090887,3,417471.0,0.0,3,417471.0,0.0,3,36.666666666666664,1.3333333333333337,3,0.7377386195172524,0.004465968686021929,3,1.0,0.0,3,0.45456832695830385,0.0,3,0.6149633407716896,0.0031100070258907255,3,55.0,0.5773502691896257,3,0.31855225563049316,0.0,3,0.25564120213190716,0.0003630386193766054,3,12.666666666666666,0.3333333333333332,3,356.93333333333334,7.80861347772091,3
a2501ed27e,0.17021657125155132,0.00010680838168236929,3,0.11390226945926478,0.001010174607041312,3,0.015979407325623526,0.00040049950482358253,3,0.014053389824256695,0.0003470959018805146,3,0.11308838178714116,0.0009019460365988621,3,0.11751196759554076,0.002861418470919775,3,351551.0,0.0,3,351551.0,0.0,3,50.0,0.0,3,0.4689385107870108,0.002855642654527461,3,20.0,0.0,3,0.45456832695830385,0.0,3,0.3490123644991834,0.0024268591789763042,3,10.333333333333334,0.881917103688197,3,0.31855225563049316,0.0,3,0.12164776275555293,0.0009254691169273204,3,1.0,0.0,3,380.0,1.4011899704655755,3
a37a03412e,0.17046800994873046,7.691024660795023e-05,3,0.1296046399246794,0.0005006779104606662,3,0.018472632087727703,0.00020553456341802694,3,0.011830212262572434,0.0005384502408556994,3,0.11702194561560948,0.001322794137783178,3,0.1305812926116199,0.0006387178405899883,3,620351.0,0.0,3,620351.0,0.0,3,28.0,0.0,3,0.5264763017475854,0.003720592016550312,3,10.0,0.0,3,0.45456832695830385,0.0,3,0.40937268462791904,0.002143031073160845,3,17.0,0.5773502691896257,3,0.31855225563049316,0.0,3,0.14001311858495077,0.00021812295872647574,3,1.0,0.0,3,535.6666666666666,3.3152844691083785,3
a45a2faea8,0.17022781304518383,0.0006100594680598418,3,0.13099390029325828,0.0005052849593368353,3,0.009990963040205537,0.0026935420924489397,3,0.004828768117087229,0.002351264894082733,3,0.1145443469285965,0.0012202394100010768,3,0.13292808214471943,0.000973957351816475,3,483007.0,0.0,3,483007.0,0.0,3,34.333333333333336,3.8441875315569325,3,0.5364797890423286,0.007297649096800479,3,10.0,0.0,3,0.45456832695830385,0.0,3,0.39656933433216207,0.0011091933807527172,3,14.0,0.5773502691896257,3,0.31855225563049316,0.0,3,0.13957899808883667,0.0004060659579752752,3,1.0,0.0,3,355.9666666666667,24.213035974679254,3
a598826d66,0.15368674310048422,9.180862225793633e-05,3,0.23984646482874228,5.422341068015876e-05,3,0.06349828949681036,0.0006390527471196762,3,-0.008684783700912718,0.000510234290111012,3,0.07385725279649098,0.001347182771663446,3,0.24688089960905138,0.0011010251457129329,3,483007.0,0.0,3,483007.0,0.0,3,36.666666666666664,1.2018504251546627,3,0.7305185611261417,0.0018482500633443736,3,1.0,0.0,3,0.45456832695830385,0.0,3,0.6108893253940786,0.0012272249141632014,3,53.333333333333336,0.8819171036881963,3,0.31855225563049316,0.0,3,0.2514246304829915,0.00013565812262002658,3,12.0,0.5773502691896257,3,428.5333333333333,4.802892646913698,3
a5b5a9d49d,0.15460728772481283,8.1476757220007e-05,3,0.2318871888597546,0.0006158135342216685,3,0.06735614998630746,0.00029546985062089623,3,-0.008072146978327836,0.0003740999501362954,3,0.08640873928864796,0.00040390835003623223,3,0.24100619317098324,0.0012737714251110479,3,163391.0,0.0,3,163391.0,0.0,3,50.0,0.0,3,0.758333371034249,0.002420076443958919,3,1.0,0.0,3,0.45456832695830385,0.0,3,0.6649106005983996,0.0017595227266746162,3,60.666666666666664,0.33333333333333365,3,0.31855225563049316,0.0,3,0.24247108399868011,0.0006555985342529541,3,9.666666666666666,0.3333333333333334,3,334.8333333333333,11.721822004752978,3
a6422cd746,0.17125223938624065,0.00038167349235103555,3,0.12413560713083993,0.0008739563388318817,3,0.0077286769473363486,0.0018093702737616334,3,0.006241217176750223,0.0010264777731669459,3,0.12070994079113007,0.0007056465325934321,3,0.12836952133102383,0.0014252232265839489,3,417471.0,0.0,3,417471.0,0.0,3,26.0,1.1547005383792515,3,0.5062492134807366,0.009385321248119752,3,20.0,0.0,3,0.45456832695830385,0.0,3,0.3582486569872379,0.007707634745556004,3,10.333333333333334,0.881917103688197,3,0.31855225563049316,0.0,3,0.13099132478237152,0.0008373833632076218,3,1.0,0.0,3,521.6333333333333,11.097947758231895,3
a85a88a7b4,0.1692724034786224,4.940326001864933e-05,3,0.1257765510766912,0.0010520028136255413,3,0.011124171277202626,0.00014761495257536493,3,0.005849571455092657,0.0004477190367761057,3,0.10427992294232051,0.001049728217361963,3,0.12545626728406567,0.0007030503603240156,3,483007.0,0.0,3,483007.0,0.0,3,50.0,0.0,3,0.5149686362860623,0.00999935132793066,3,5.0,0.0,3,0.45456832695830385,0.0,3,0.3983619161762238,0.005836133710103896,3,15.333333333333334,0.6666666666666669,3,0.31855225563049316,0.0,3,0.13385876019795737,0.0009989353537071452,3,1.6666666666666667,0.3333333333333333,3,449.8333333333333,3.888587289892185,3
a9971a5c4b,0.16837390347321826,8.920224306334456e-05,3,0.13256551885628154,0.001115144669062027,3,0.02040846070284566,0.0006202154528087054,3,0.017906734552332965,0.0005977242489779857,3,0.12684117754300436,0.000980254110320594,3,0.1383359256092799,0.001332056367118074,3,217151.0,0.0,3,217151.0,0.0,3,48.0,2.0,3,0.5571928730129302,0.006953872183444591,3,10.0,0.0,3,0.45456832695830385,0.0,3,0.3971474579638787,0.004619976021523975,3,12.333333333333334,0.8819171036881968,3,0.31855225563049316,0.0,3,0.13982576628526053,0.000958977028011666,3,1.0,0.0,3,306.0333333333333,6.373207809084642,3
ab2bc15417,0.15511180790265403,0.00011578493429728136,3,0.2360194208467398,0.0005054573108912384,3,0.06842847160561374,0.00025819280782296284,3,-0.004681732604112574,0.0002714904937964395,3,0.08699520925680797,0.0012831352872014418,3,0.2467883761140096,0.0011218545678178989,3,351551.0,0.0,3,351551.0,0.0,3,33.0,0.5773502691896257,3,0.7745629948120497,0.0012167633805941181,3,2.0,0.0,3,0.45456832695830385,0.0,3,0.6640103153611666,0.0006031076279680594,3,59.0,0.0,3,0.31855225563049316,0.0,3,0.24822192390759787,0.00028027775739761826,3,9.333333333333334,0.3333333333333334,3,562.4333333333333,0.3527668414753178,3
ab886b791b,0.1696415858268738,0.00016380936528453288,3,0.11782617272306935,0.0015257131077120983,3,0.017750972162478815,0.000373900167679702,3,0.016659463839556174,0.00038263880075368827,3,0.11852030456066132,0.0012694752778290303,3,0.12193274666854004,0.0017016011854391968,3,217151.0,0.0,3,217151.0,0.0,3,50.0,0.0,3,0.4890117986172367,0.005363426069190436,3,20.0,0.0,3,0.45456832695830385,0.0,3,0.3586255412535102,0.0022538199492367944,3,9.333333333333334,0.8819171036881968,3,0.31855225563049316,0.0,3,0.12478061765432358,0.0015340075519952815,3,1.0,0.0,3,330.8333333333333,0.7688375063113825,3
ac40deba82,0.16877856930096943,0.0002666957339064373,3,0.14061193662384472,0.001372302476353398,3,0.01305897904451562,0.001348951864663055,3,0.004386840989350011,0.0007302780828192882,3,0.10994947204987209,0.0008342510575792469,3,0.14438707185843164,0.0015475944431239295,3,417471.0,0.0,3,417471.0,0.0,3,27.333333333333332,0.6666666666666669,3,0.5534690051045951,0.011986315814667133,3,5.0,0.0,3,0.45456832695830385,0.0,3,0.4161770915835062,0.007067454089055595,3,16.0,1.5275252316519468,3,0.31855225563049316,0.0,3,0.1489135573307673,0.001378518981644441,3,2.0,0.0,3,524.3333333333334,1.9410764482054268,3
ac6dcbdc94,0.17010596942901612,0.0010333471354717313,3,0.13005699660833614,0.0007662472387198201,3,0.012980261807719237,0.004168745581134734,3,0.010588592007046654,0.003019000472822358,3,0.12356211990118027,0.0017039308164631098,3,0.13200019202019084,0.0013553029619883406,3,483007.0,0.0,3,483007.0,0.0,3,19.0,1.5275252316519468,3,0.49624863289658605,0.01273637931247633,3,20.0,0.0,3,0.45456832695830385,0.0,3,0.3630845350174113,0.005527420074940427,3,11.333333333333334,0.8819171036881968,3,0.31855225563049316,0.0,3,0.13724752763907114,0.000746816592664649,3,1.0,0.0,3,263.46666666666664,10.788471212878632,3
acfce7a1e7,0.17033813091119132,0.0004919476873246441,3,0.13346877734619564,0.0010803878115604225,3,0.010667190034553487,0.002673976759540452,3,0.0054867031082274425,0.0018212037638746818,3,0.11520424236853917,0.000488701374771924,3,0.13672788068559694,0.0008450960672356636,3,417471.0,0.0,3,417471.0,0.0,3,28.0,1.0,3,0.5489206012605522,0.007830248771907062,3,10.0,0.0,3,0.45456832695830385,0.0,3,0.39868849228363973,0.0056056355751044834,3,13.333333333333334,0.3333333333333332,3,0.31855225563049316,0.0,3,0.14147893091042837,0.0011511899072092306,3,1.0,0.0,3,470.0,3.5510561809129357,3
ad3b4e1c8a,0.15391125011444093,0.0001217386080697363,3,0.24016629613457022,0.0006726654784194387,3,0.06250414520344406,0.0013407068137948116,3,-0.011018278106810555,0.0004432371788446762,3,0.06885973364114761,0.0008331671515291023,3,0.24696705392344143,0.0016946652469960275,3,483007.0,0.0,3,483007.0,0.0,3,41.666666666666664,2.603416558635551,3,0.7265772967915379,0.000758948242002038,3,1.0,0.0,3,0.45456832695830385,0.0,3,0.6097673028699525,0.000656635768936148,3,53.333333333333336,0.33333333333333365,3,0.31855225563049316,0.0,3,0.2516462604204814,0.0006369224870612945,3,11.333333333333334,0.3333333333333334,3,441.43333333333334,17.172685029170914,3
ada64b305d,0.1702206401427587,0.0002651449081692151,3,0.12983785128474365,0.0006523669220159297,3,0.009296907003594453,0.0012187906987818123,3,0.004466364308009072,0.0009672886656971376,3,0.11255519837141037,0.0009891605660162482,3,0.13229821526333016,0.0008736072864109593,3,417471.0,0.0,3,417471.0,0.0,3,29.666666666666668,0.3333333333333332,3,0.5293282521458565,0.007513263194690846,3,10.0,0.0,3,0.45456832695830385,0.0,3,0.3897991735212454,0.0063262224729893155,3,13.333333333333334,0.8819171036881969,3,0.31855225563049316,0.0,3,0.13799367348353067,0.0007757860691967291,3,1.0,0.0,3,309.2,1.1590225767142652,3
ae50987f9a,0.16799139547348022,9.381839793216959e-05,3,0.1330477439162128,0.0007560135781773439,3,0.020603989482556703,0.00022317858412533936,3,0.013742444061097646,0.00044916602385019507,3,0.11575692395369212,0.001682133467396058,3,0.13892800473937703,0.001233117787270233,3,351551.0,0.0,3,351551.0,0.0,3,37.666666666666664,1.6666666666666663,3,0.5848192747809661,0.006979807963671853,3,5.0,0.0,3,0.45456832695830385,0.0,3,0.44615808862502265,0.0029500574438074195,3,19.333333333333332,0.8819171036881966,3,0.31855225563049316,0.0,3,0.14219639698664346,0.0007725833928147119,3,2.0,0.0,3,310.8666666666667,17.790478102375744,3
aedf1daccb,0.16956656658649447,0.0002557429502272183,3,0.13012955161629505,0.0014854588409238946,3,0.01795234062053539,0.0009088994715173251,3,0.009401838615457847,0.0004043198094481059,3,0.10993758340676625,0.0013501196962450526,3,0.13114777093348692,0.001007506978959822,3,620351.0,0.0,3,620351.0,0.0,3,32.666666666666664,0.33333333333333365,3,0.5414708915043328,0.016507177046537078,3,5.0,0.0,3,0.45456832695830385,0.0,3,0.43559803369289646,0.009471422166800327,3,20.666666666666668,2.1858128414339997,3,0.31855225563049316,0.0,3,0.14099610348542532,0.0019285836130083973,3,2.0,0.0,3,417.40000000000003,13.565151430534545,3
af2baa323a,0.153128182053566,8.5432372392583e-05,3,0.2453272720323858,0.0006401001183847038,3,0.07180002915165412,0.0005756448921140732,3,-0.0126786090078808,0.00118640050681309,3,0.060002261151870094,0.0006446962007589976,3,0.2526584943968613,0.0012638259411760658,3,417471.0,0.0,3,417471.0,0.0,3,33.0,1.1547005383792515,3,0.7236318357759122,0.005600300985804305,3,1.0,0.0,3,0.45456832695830385,0.0,3,0.595499527409777,0.0019755155613389083,3,53.0,0.5773502691896257,3,0.31855225563049316,0.0,3,0.2565552592277527,0.0007038519940910857,3,12.666666666666666,0.3333333333333332,3,511.59999999999997,10.524891131661807,3
b0cf1cf9b9,0.17186068375905353,4.2379664704079697e-05,3,0.10787391703856451,0.000493397959580237,3,0.013238356857703476,5.892334004941032e-06,3,0.01213398812309144,0.00011648942823632206,3,0.11104748398065567,0.00028466520896067203,3,0.10758661079009342,0.0006345299076268771,3,620351.0,0.0,3,620351.0,0.0,3,49.666666666666664,0.33333333333333365,3,0.4057507522597104,0.0038400794171040307,3,20.0,0.0,3,0.45456832695830385,0.0,3,0.32220516669167076,0.0035812308972609746,3,9.666666666666666,0.3333333333333332,3,0.31855225563049316,0.0,3,0.11619656533002853,0.00037623654900831657,3,1.0,0.0,3,501.7,1.5011106998930202,3
b19b18f160,0.15599315039316813,5.797786573201587e-05,3,0.22749659063878522,0.0004663367054188321,3,0.06454564654637897,6.967240589940206e-06,3,-0.008371501057236283,0.0004349811037435399,3,0.07623990873495738,0.0007671055309472554,3,0.2372009290874978,0.0013374543637895264,3,351551.0,0.0,3,351551.0,0.0,3,50.0,0.0,3,0.7483884107562355,0.0006845983100621945,3,2.0,0.0,3,0.45456832695830385,0.0,3,0.6552872982435783,0.001417823315475488,3,57.666666666666664,0.33333333333333365,3,0.31855225563049316,0.0,3,0.23906010389328003,0.00040516899371782376,3,7.0,0.5773502691896257,3,437.43333333333334,16.24872644582066,3
b389514631,0.1713603932460149,0.00018355456256148925,3,0.1212520140527343,0.001344593254462066,3,0.012443231527136748,0.0005668820056748138,3,0.01291820107313691,0.0006109548642275702,3,0.126291091243426,0.001269527302075975,3,0.12226908745962184,0.0016999479197846988,3,620351.0,0.0,3,620351.0,0.0,3,27.0,0.5773502691896257,3,0.48006782085160515,0.005209187805737863,3,20.0,0.0,3,0.45456832695830385,0.0,3,0.3600484801236699,0.0023168019900709088,3,10.666666666666666,0.3333333333333334,3,0.31855225563049316,0.0,3,0.13042689859867096,0.0015266175693297657,3,1.0,0.0,3,329.6666666666667,3.9842746447056516,3
b5558c6b46,0.1687717619339625,0.00010564390300297409,3,0.12220480169805918,0.00045942195466942994,3,0.01828818125699563,0.00021271725129614285,3,0.015191712707438798,0.00018472958575967466,3,0.11512887229522069,0.0005390256652154228,3,0.1274287516745571,0.0013949593157270145,3,163391.0,0.0,3,163391.0,0.0,3,50.0,0.0,3,0.5401313893052124,0.0022383005869204497,3,5.0,0.0,3,0.45456832695830385,0.0,3,0.40497100823380716,0.0004429615102926383,3,17.0,1.0,3,0.31855225563049316,0.0,3,0.12882471084594727,0.0006345427092448465,3,1.6666666666666667,0.3333333333333333,3,289.3666666666666,1.8187297154271733,3
b5569db729,0.16856500645478567,0.00014498268567451967,3,0.13107243267816038,0.0009245593336644656,3,0.02097840157766191,0.0007561703930950855,3,0.018837177879595882,0.0006313303453698322,3,0.12574423352877298,0.0012136608506748143,3,0.1332420172611227,0.0005756963440225345,3,163391.0,0.0,3,163391.0,0.0,3,22.333333333333332,0.3333333333333332,3,0.5377704771052153,0.009412651532466931,3,10.0,0.0,3,0.45456832695830385,0.0,3,0.374494425969279,0.0035713687270870526,3,10.666666666666666,0.8819171036881969,3,0.31855225563049316,0.0,3,0.1366580774386724,0.0012942630204055177,3,1.0,0.0,3,228.66666666666666,0.9820613241770807,3
b7ce70c926,0.16875581057866415,0.00033051413469770873,3,0.1376322781566154,0.0007067919057495763,3,0.019990366602700853,0.00037802520961419876,3,0.00016102147480798147,0.00016643249387496864,3,0.08750993261734645,0.00043614929250134627,3,0.1395401295292947,0.0005838795568352425,3,491391.0,0.0,3,491391.0,0.0,3,42.666666666666664,3.179797338056486,3,0.5364855352653642,0.009416513608894759,3,5.0,0.0,3,0.45456832695830385,0.0,3,0.4080369597314366,0.004053310796886131,3,19.333333333333332,0.8819171036881966,3,0.31855225563049316,0.0,3,0.14705368876457214,0.0006474512417516886,3,2.0,0.0,3,403.8666666666666,19.286984673032155,3
b7f0c96427,0.17072893162568412,0.0006925696834899702,3,0.1267008755438885,0.0004461318819425575,3,0.010764766622472692,0.005066259224120524,3,0.008893941129956926,0.004288262991692809,3,0.12240807215372722,0.00027306251171092225,3,0.12861808874966038,0.000980813531009821,3,483007.0,0.0,3,483007.0,0.0,3,25.333333333333332,0.8819171036881966,3,0.486106644797102,0.0066083555507624415,3,20.0,0.0,3,0.45456832695830385,0.0,3,0.346200029046849,0.003446530121175913,3,10.333333333333334,0.3333333333333334,3,0.31855225563049316,0.0,3,0.13410682479540506,0.0005887753783623943,3,1.0,0.0,3,494.5666666666666,25.963713995583227,3
b8db314a5a,0.16990307684739428,0.0010895559605855847,3,0.12244430811971878,0.0025672282322141216,3,0.014480427774802717,0.0012776459549169192,3,0.00967083626954013,0.0011936623489285662,3,0.11189079284667969,0.0028244999825718666,3,0.12623267502352006,0.0036653059188692274,3,491391.0,0.0,3,491391.0,0.0,3,20.333333333333332,2.4037008503093262,3,0.4514269732764206,0.014981309686417517,3,20.0,0.0,3,0.45456832695830385,0.0,3,0.3297753555710467,0.009826557216584859,3,12.0,1.1547005383792515,3,0.31855225563049316,0.0,3,0.12949804216623306,0.0027281978644304737,3,1.0,0.0,3,283.90000000000003,14.4420681806081,3
b91ee4b734,0.1564718214670817,7.012009313495292e-05,3,0.22132552471205327,0.00027990068690707573,3,0.05968586036137172,0.00011113227796026157,3,-0.013420107818785167,0.000602260160464975,3,0.06192391738295555,0.0010009932464906666,3,0.2279634994933295,0.0009106819829838176,3,491391.0,0.0,3,491391.0,0.0,3,50.0,0.0,3,0.6796221873206333,0.0011465733225117093,3,2.0,0.0,3,0.45456832695830385,0.0,3,0.5511413861802116,0.00043711744218679114,3,46.666666666666664,0.33333333333333365,3,0.31855225563049316,0.0,3,0.23226854701836905,0.0003030694237050486,3,8.0,0.0,3,447.1666666666667,3.117869643059373,3
ba828f0254,0.15675317243734996,0.00011690180811133635,3,0.22013714873537263,0.0015527260328728131,3,0.05272692725771949,0.0010577525580493072,3,-0.0028827761216138406,0.0002656257627149399,3,0.08068946500619252,0.00015889490780752176,3,0.22697785553029828,0.0013585682579832442,3,483007.0,0.0,3,483007.0,0.0,3,50.0,0.0,3,0.6861979023874052,0.004075547688341312,3,2.0,0.0,3,0.45456832695830385,0.0,3,0.5749007821232442,0.0027198681012041473,3,48.666666666666664,0.6666666666666664,3,0.31855225563049316,0.0,3,0.23143467803796133,0.0015806071786313182,3,8.0,0.0,3,506.3,6.0555759428810605,3
ba869cf464,0.1698631496826808,0.0003107353084451463,3,0.12077436286210193,0.0005980520894011726,3,0.01374587274733044,0.0010332256935851917,3,0.010099164077213832,0.0009862406192727067,3,0.11283485094706218,0.001284047450602826,3,0.12338169379102353,0.0011381539976891974,3,491391.0,0.0,3,491391.0,0.0,3,23.333333333333332,0.8819171036881966,3,0.43552005266401883,0.011918289186826964,3,20.0,0.0,3,0.45456832695830385,0.0,3,0.32812205543367673,0.0004602969203852658,3,11.666666666666666,0.8819171036881969,3,0.31855225563049316,0.0,3,0.12773535152276358,0.000537564331305734,3,1.0,0.0,3,455.09999999999997,7.562407024221851,3
baa05aa1da,0.15486086750030517,8.865290545373832e-05,3,0.2391129944040226,0.0003677749229472336,3,0.07108574758761775,0.0005245997697382245,3,0.0028760619264431102,0.0002947026733582837,3,0.10854307313760121,0.0005855723143090233,3,0.25012426468296484,0.0008064418179147987,3,163391.0,0.0,3,163391.0,0.0,3,42.666666666666664,3.6666666666666665,3,0.7886883093271813,0.001056671950435093,3,2.0,0.0,3,0.45456832695830385,0.0,3,0.6819478282816948,0.0007849012275543115,3,62.0,0.0,3,0.31855225563049316,0.0,3,0.2509428958098094,0.0005044450024262781,3,9.666666666666666,0.3333333333333334,3,521.0333333333333,18.20003052500491,3
bcb833d580,0.15284801812966664,5.499773481167106e-05,3,0.24678163590407767,0.0005597931334533622,3,0.07391900234121494,0.00094777149646695,3,-0.006368664522019643,0.0002844860374151234,3,0.08950501928726833,0.0009972643681290824,3,0.25548785539188784,0.0010551616178140334,3,217151.0,0.0,3,217151.0,0.0,3,50.0,0.0,3,0.7986939976709828,0.000821266189424871,3,1.0,0.0,3,0.45456832695830385,0.0,3,0.6902733089396417,0.00019614191077459123,3,61.666666666666664,0.33333333333333365,3,0.31855225563049316,0.0,3,0.2592010994752248,0.0005340231128813134,3,13.333333333333334,0.3333333333333334,3,359.73333333333335,1.2440971737681135,3
bd3e6e130b,0.16816986775398254,0.0006823581993232413,3,0.1355587001844219,0.0018520843356687271,3,0.020130051822258684,0.0020447564966505427,3,0.012683842232618382,0.0020008898130945973,3,0.11563499023516972,0.0016801692949788675,3,0.1413353302298915,0.00037719255887154804,3,417471.0,0.0,3,417471.0,0.0,3,19.333333333333332,1.8559214542766742,3,0.5178670250225662,0.0032936129566010627,3,10.0,0.0,3,0.45456832695830385,0.0,3,0.38188653051470034,0.007434491864122297,3,12.0,1.0,3,0.31855225563049316,0.0,3,0.14310536285241446,0.001822550529928466,3,1.0,0.0,3,259.96666666666664,8.964064058475063,3
bd536475b8,0.15566437856356305,0.00010802013430908715,3,0.23225538365337228,0.0002868314728700078,3,0.059503708251569636,0.0013440291522308536,3,-0.006795807174904637,0.0006587981530912536,3,0.07766049851973851,0.002366079772022196,3,0.2391107601869609,0.0012596373342844982,3,483007.0,0.0,3,483007.0,0.0,3,45.333333333333336,2.403700850309326,3,0.7210499348829789,0.0017371210176768666,3,2.0,0.0,3,0.45456832695830385,0.0,3,0.5975657272213861,0.0019377789009724603,3,54.333333333333336,0.33333333333333365,3,0.31855225563049316,0.0,3,0.24371473491191864,0.00023242410947000067,3,8.666666666666666,0.6666666666666666,3,378.09999999999997,12.15414881155128,3
bddcdd5914,0.16799152692159017,0.00013409957629173018,3,0.1271574706278835,0.0012643684951141384,3,0.018490276324055182,0.0002204657658112376,3,0.0020508993239629837,0.0006268817719891768,3,0.0835312008857727,0.0014909523979341787,3,0.1262958873320776,0.0006188508609905385,3,491391.0,0.0,3,491391.0,0.0,3,48.666666666666664,1.3333333333333337,3,0.4990849753992402,0.00905801414296368,3,5.0,0.0,3,0.45456832695830385,0.0,3,0.3886974708671424,0.0043594837856966795,3,18.666666666666668,0.8819171036881968,3,0.31855225563049316,0.0,3,0.13550766805807749,0.0012448701856912962,3,2.0,0.0,3,478.0333333333333,10.10780776319861,3
bf6e07f475,0.154542981505394,0.0002299093937752426,3,0.23251248885679918,0.0011876587861240765,3,0.059727898350468385,0.00104767647124241,3,-0.008135472971295554,0.0003719728420233106,3,0.07195839534203212,0.0004968722277521893,3,0.23772632827101947,0.001120465519719488,3,483007.0,0.0,3,483007.0,0.0,3,50.0,0.0,3,0.7093975201618177,0.004807052271185497,3,1.0,0.0,3,0.45456832695830385,0.0,3,0.5976288279100702,0.002941679950231094,3,50.666666666666664,0.6666666666666673,3,0.31855225563049316,0.0,3,0.24401548504829407,0.0010835367098671529,3,9.666666666666666,0.3333333333333334,3,448.4666666666667,1.342054809279846,3
c04e1e74f7,0.1698368114630381,0.000382384827431913,3,0.1293460230811433,0.0011031433894354158,3,0.016038902537532585,0.000693658172567406,3,0.006274744001015155,0.0011293497635791404,3,0.10231500615676244,0.0019911859238742244,3,0.13390850008447827,0.0008768868430945615,3,491391.0,0.0,3,491391.0,0.0,3,27.0,1.5275252316519468,3,0.5126419891166255,0.00808087482685164,3,10.0,0.0,3,0.45456832695830385,0.0,3,0.37865607705063337,0.008112901900648183,3,14.0,1.0,3,0.31855225563049316,0.0,3,0.1382681926091512,0.00143568689907324,3,1.0,0.0,3,585.6,26.992406339561498,3
c1ecf515d6,0.15547553245226542,0.00014374881910164463,3,0.23447037766256149,0.00019441144778252945,3,0.0671490295223458,4.865024556952024e-05,3,-0.005969867504462993,0.0006292817708178852,3,0.0831820120414098,0.0014664122281916028,3,0.24501312753292404,0.0009209731492712386,3,351551.0,0.0,3,351551.0,0.0,3,43.333333333333336,1.7638342073763942,3,0.7756974152121262,0.0009093664497876328,3,2.0,0.0,3,0.45456832695830385,0.0,3,0.671271224209796,0.0003516845963862677,3,60.0,0.5773502691896257,3,0.31855225563049316,0.0,3,0.2468727926413218,0.00017585374223548343,3,8.666666666666666,0.3333333333333332,3,374.7,2.478574859336176,3
c23a66100b,0.15430460270245872,5.37604845195154e-05,3,0.24319433428957307,0.00044341953110976583,3,0.07340469183745207,6.111399818963712e-05,3,0.0012041134809060072,0.00022691627683872308,3,0.09834981958071391,0.000737779535647543,3,0.2548700103086967,0.0009752117069988413,3,217151.0,0.0,3,217151.0,0.0,3,48.0,2.0,3,0.787413403091048,0.0025385498051890805,3,2.0,0.0,3,0.45456832695830385,0.0,3,0.6809684144996222,0.0018261913506882122,3,62.0,0.0,3,0.31855225563049316,0.0,3,0.2552635471026103,0.0003714322962574665,3,10.0,0.0,3,350.6666666666667,4.646264927635722,3
c2b4cda040,0.16967156640688577,0.00016423142142020397,3,0.12883445398607962,0.0005601329788413503,3,0.016639098603889426,0.0008099897597863936,3,0.016942067751808773,0.0004242343812239527,3,0.1275514860947927,0.0007635825518611524,3,0.13400296931454772,0.00166560094019662,3,217151.0,0.0,3,217151.0,0.0,3,33.666666666666664,0.33333333333333365,3,0.524210071967377,0.0014825855715717793,3,20.0,0.0,3,0.45456832695830385,0.0,3,0.3839958358761848,0.0016509439453528936,3,10.333333333333334,0.3333333333333334,3,0.31855225563049316,0.0,3,0.13539203008015951,0.0003996201115998084,3,1.0,0.0,3,434.76666666666665,9.171937878357264,3
c3aa302237,0.16922551147143047,0.00015971967847780904,3,0.1250728324239062,0.0005096963411411438,3,0.018782153331413472,0.000944800105716133,3,0.017140649929248467,0.0005622591620429022,3,0.12337283541758855,0.0005044176256130226,3,0.12788682933166556,0.0017704612402861,3,351551.0,0.0,3,351551.0,0.0,3,19.333333333333332,0.33333333333333365,3,0.5077124242415324,0.014855353337001925,3,20.0,0.0,3,0.45456832695830385,0.0,3,0.375936875983196,0.007679017645196812,3,11.333333333333334,0.6666666666666666,3,0.31855225563049316,0.0,3,0.13255002597967783,0.0004339641778915328,3,1.0,0.0,3,223.23333333333335,1.2414149633023945,3
c4a1fb9aaa,0.15315382472674052,0.00023361007333898696,3,0.24376589784604016,0.0005547768343287057,3,0.07085747346676216,0.0005084962111771621,3,-0.014274783550746857,0.00034594954529575806,3,0.058930546045303345,0.0012441329005486695,3,0.2514813432644996,0.0008401443506090994,3,483007.0,0.0,3,483007.0,0.0,3,34.666666666666664,2.4037008503093267,3,0.7268142933310896,0.003176656410425588,3,1.0,0.0,3,0.45456832695830385,0.0,3,0.5940995076235627,0.0023094408535033677,3,51.666666666666664,0.33333333333333365,3,0.31855225563049316,0.0,3,0.2553909122943878,0.0006577592148688563,3,13.0,0.0,3,330.06666666666666,11.639635351294778,3
c4b3a93a4e,0.15554358073075614,0.00012393266787070678,3,0.23415336377601625,0.00041388633296716456,3,0.06833152607004479,0.00031290879114125736,3,0.00330658059902292,0.0008854348910213056,3,0.10776741554339726,0.0018409625502540986,3,0.24485514651361928,0.0007100324895131362,3,163391.0,0.0,3,163391.0,0.0,3,36.0,7.0,3,0.7678904775995994,0.004750235705062691,3,2.0,0.0,3,0.45456832695830385,0.0,3,0.6513798636341247,0.002185364294683017,3,60.333333333333336,0.33333333333333365,3,0.31855225563049316,0.0,3,0.24577917158603668,0.00044017398275172085,3,8.333333333333334,0.6666666666666666,3,427.1333333333334,37.82170158931391,3
c591fde168,0.16930298523108167,7.13155132066284e-05,3,0.12046642891103217,0.0004307107235996236,3,0.017809683052951067,0.00044155916070574,3,0.015174596397965043,0.0005279733995135449,3,0.11588828017314275,0.0006496597807528065,3,0.12624369759982623,0.0003922283422021892,3,217151.0,0.0,3,217151.0,0.0,3,50.0,0.0,3,0.5214081956783526,0.0022608782699758837,3,10.0,0.0,3,0.45456832695830385,0.0,3,0.3750977792171213,0.001153958360003253,3,12.666666666666666,0.6666666666666666,3,0.31855225563049316,0.0,3,0.12765949964523315,0.0006708053452858878,3,1.0,0.0,3,343.6666666666667,4.515651792500307,3
c5cfdc28d6,0.15636748552322388,3.367391787902957e-05,3,0.22082920162640685,0.0008767318482455898,3,0.05843335768533131,0.00033987111128786716,3,-0.013577305766009781,0.0003200271934701226,3,0.06616076330343883,0.0008299195945764494,3,0.22794350615643455,0.0017526787062710457,3,620351.0,0.0,3,620351.0,0.0,3,48.0,2.0,3,0.7126171047370251,0.007184536115056363,3,1.0,0.0,3,0.45456832695830385,0.0,3,0.6319543881226887,0.004307990427944157,3,55.0,0.5773502691896257,3,0.31855225563049316,0.0,3,0.23242204884688059,0.0008110401246848591,3,9.0,0.0,3,452.73333333333335,13.172867738060846,3
c6a1a1e50a,0.16872915840148925,0.00023832095140995772,3,0.13732673014224592,0.0005335066616806595,3,0.018551333240731053,0.0013455328694188526,3,0.011259237609843098,0.0012809016751077066,3,0.11594701806704204,0.0018327781745787256,3,0.14036286778656626,0.000914755009302744,3,483007.0,0.0,3,483007.0,0.0,3,19.666666666666668,0.8819171036881966,3,0.5288973322843438,0.009187699342303528,3,10.0,0.0,3,0.45456832695830385,0.0,3,0.39107675670906267,0.008412808722136336,3,12.666666666666666,0.6666666666666666,3,0.31855225563049316,0.0,3,0.1457349956035614,0.0006445185128479689,3,1.3333333333333333,0.33333333333333337,3,256.56666666666666,4.212019837454609,3
c6be161d1d,0.157054293235143,0.00021995841477756537,3,0.22069422832512767,0.0003837357856059378,3,0.05291338730110693,0.0007879701162132213,3,-0.0014693778027933112,0.0002664548435879878,3,0.08143369108438492,0.00023521249258160416,3,0.22775357499350765,0.0003188765100544177,3,417471.0,0.0,3,417471.0,0.0,3,50.0,0.0,3,0.6901227300571428,0.0026010446381524344,3,2.0,0.0,3,0.45456832695830385,0.0,3,0.5795044672485893,0.002519883257876137,3,49.333333333333336,0.33333333333333276,3,0.31855225563049316,0.0,3,0.23156918585300446,0.0004739384960065769,3,7.0,0.0,3,495.8333333333333,13.140564844954161,3
c762425e6e,0.16869559705257417,8.41310104627317e-05,3,0.1319628820202016,0.0015721093891650092,3,0.019735373201824367,0.0005366385381715226,3,0.018559130726667938,0.000493746612845538,3,0.12808064122994742,0.001475405728240806,3,0.1361973162711172,0.0010980717609717025,3,163391.0,0.0,3,163391.0,0.0,3,48.0,1.0,3,0.5545099477131541,0.004909899350032734,3,10.0,0.0,3,0.45456832695830385,0.0,3,0.39098672905501325,0.0030819710812727366,3,12.0,1.0,3,0.31855225563049316,0.0,3,0.1379519204298655,0.001449810783464028,3,1.0,0.0,3,308.93333333333334,0.7881060278357789,3
c7cd7c50e9,0.17053487745920817,0.00038403195715112535,3,0.12367940957437272,0.0012255132340881672,3,0.01682632877713158,0.0005406605754508353,3,0.01053533226093918,0.00016074427599041758,3,0.1124105453491211,0.0007750800912270962,3,0.12522126094037647,0.0005750794440108699,3,620351.0,0.0,3,620351.0,0.0,3,30.333333333333332,0.6666666666666669,3,0.5065189713688384,0.006049050545029139,3,10.0,0.0,3,0.45456832695830385,0.0,3,0.39694684248585993,0.0026178014695554227,3,16.666666666666668,0.6666666666666669,3,0.31855225563049316,0.0,3,0.13398785392443338,0.0011526703466682245,3,1.0,0.0,3,342.5333333333333,4.019259191000789,3
c81778bc09,0.1536122350692749,4.5967069486218776e-05,3,0.24194445296681164,0.0004371645153908954,3,0.06441995170381334,0.00036685869674919167,3,-0.01192942435148532,0.0003542847215971607,3,0.0679788738489151,0.0006841612097305555,3,0.24931785618464045,0.0010641069644800859,3,483007.0,0.0,3,483007.0,0.0,3,35.666666666666664,1.2018504251546636,3,0.7280999194216654,0.0025566625446436283,3,1.0,0.0,3,0.45456832695830385,0.0,3,0.6079010603360065,0.0008752021619742293,3,54.0,1.0,3,0.31855225563049316,0.0,3,0.25379133224487305,0.0004183043994459766,3,13.0,0.0,3,649.1333333333333,9.008391149984075,3
c8ef9c5c50,0.1690597060918808,6.636882376672643e-05,3,0.12854075423035224,0.0010625639410915897,3,0.021070791300011688,0.0002665806144553807,3,0.019775119408097844,0.0003054814104163465,3,0.12790710727373758,0.0015210431317038676,3,0.13149613457413356,0.001294520476556932,3,163391.0,0.0,3,163391.0,0.0,3,21.0,0.5773502691896257,3,0.5049679632725191,0.006431731746195545,3,20.0,0.0,3,0.45456832695830385,0.0,3,0.3626545658942026,0.0023670190576413003,3,9.0,0.0,3,0.31855225563049316,0.0,3,0.13394749661286673,0.0011538151327780042,3,1.0,0.0,3,208.9333333333333,2.9475036518684417,3
cac5711125,0.15364102907975516,0.00036066421490925046,3,0.24206734355535553,0.0006583112845149042,3,0.07128065099161139,0.0010629078316595115,3,-0.009360252864777097,0.002475391154699761,3,0.07783459375301997,0.0034520485634382445,3,0.25009433828799316,0.0009826301153729778,3,351551.0,0.0,3,351551.0,0.0,3,22.666666666666668,2.666666666666667,3,0.7504270653228852,0.0033849865117908224,3,1.0,0.0,3,0.45456832695830385,0.0,3,0.631673956122263,0.002305568999288504,3,56.666666666666664,0.6666666666666664,3,0.31855225563049316,0.0,3,0.25356865922609967,0.000609781660337315,3,12.333333333333334,0.3333333333333332,3,235.0666666666667,10.681031993419191,3
cadcd9607d,0.1545440105597178,1.4590790442188558e-05,3,0.23290227352651835,0.0005433409911008964,3,0.06614773487918592,0.00042854831272266385,3,-0.012147843522369547,0.0004973698216892392,3,0.07028389722108841,0.0007595683873972884,3,0.24218974874267954,0.001018545617878432,3,351551.0,0.0,3,351551.0,0.0,3,50.0,0.0,3,0.7558830802137058,0.00020585034264238106,3,1.0,0.0,3,0.45456832695830385,0.0,3,0.6638792890878197,0.000546698068214293,3,58.0,0.5773502691896257,3,0.31855225563049316,0.0,3,0.2445688396692276,0.0005876508869465996,3,10.333333333333334,0.3333333333333334,3,398.73333333333335,3.722155886639406,3
cae22ead0a,0.17166773788134257,3.1124090697562974e-05,3,0.11556608056455082,0.0011515312279189803,3,0.005370717515390386,0.0002667515511173719,3,0.006164461847335573,0.00039362367857305545,3,0.1145986591776212,0.001218854939430548,3,0.11394787436851896,0.0013945325984924672,3,417471.0,0.0,3,417471.0,0.0,3,50.0,0.0,3,0.45977451399871594,0.005566511653592644,3,20.0,0.0,3,0.45456832695830385,0.0,3,0.33023179471625136,0.003599416412012863,3,9.666666666666666,1.201850425154663,3,0.31855225563049316,0.0,3,0.12140565117200215,0.0012595349647961899,3,1.0,0.0,3,422.1333333333334,0.38441875315570745,3
cae4ae2708,0.16978430593013763,0.00017492462807912088,3,0.11692339552556791,0.0010951232662619623,3,0.01720767141019226,0.0006829553736152115,3,0.01631751325395372,0.0005712008045544332,3,0.1180569976568222,0.0015017320840082856,3,0.12062425508490549,0.0022870340550454663,3,163391.0,0.0,3,163391.0,0.0,3,50.0,0.0,3,0.48239570238088914,0.004012155077253902,3,20.0,0.0,3,0.45456832695830385,0.0,3,0.3536766447386559,0.0025472773524428563,3,7.333333333333333,0.3333333333333334,3,0.31855225563049316,0.0,3,0.12305173774560292,0.0010076053505541306,3,1.0,0.0,3,319.3333333333333,3.9099587948951378,3
cbe262ef2d,0.1524007897377014,0.0002243350754442764,3,0.24422846295433887,0.0006016495559393273,3,0.07241596179033713,0.0007398041298014797,3,-0.010949971814634939,0.00028923839148552795,3,0.06483633319536845,0.0005711734021899143,3,0.2504916731979828,0.0016829649971259394,3,483007.0,0.0,3,483007.0,0.0,3,28.333333333333332,1.7638342073763935,3,0.7189377528529443,0.004745067241051071,3,1.0,0.0,3,0.45456832695830385,0.0,3,0.5890121364801305,0.0031523320757127766,3,51.333333333333336,0.33333333333333365,3,0.31855225563049316,0.0,3,0.2554723521073659,0.0004707076428197906,3,13.666666666666666,0.3333333333333332,3,291.76666666666665,9.64733699583005,3
cd77d032be,0.15565051742394764,3.391481833883645e-05,3,0.22801852767951214,0.00010836295127339765,3,0.061548699146856074,0.0010785870596208209,3,-0.013175514009263782,0.0008073598598679436,3,0.07121979196866353,0.0008080878355408026,3,0.23475597299608922,0.0011965728718832994,3,620351.0,0.0,3,620351.0,0.0,3,29.0,1.1547005383792515,3,0.725195794930917,0.00845795097879054,3,1.0,0.0,3,0.45456832695830385,0.0,3,0.6412103076083276,0.004935740737427298,3,56.333333333333336,0.33333333333333276,3,0.31855225563049316,0.0,3,0.24003320435682932,0.0002714910379785383,3,9.0,0.0,3,329.2666666666667,7.218802609235901,3
cd82092c88,0.15799851711591084,0.00014488593454084475,3,0.2153581826003829,0.000684713830001907,3,0.05594021775735119,0.000871853525179076,3,-0.009598423564244831,0.00022046592733368877,3,0.07398790866136551,0.0005191245125890961,3,0.22315243408207444,0.0009289229080509445,3,620351.0,0.0,3,620351.0,0.0,3,50.0,0.0,3,0.7062034222341587,0.0018587824126411222,3,2.0,0.0,3,0.45456832695830385,0.0,3,0.6250350913126547,0.00112361055601289,3,55.666666666666664,0.33333333333333365,3,0.31855225563049316,0.0,3,0.22710772355397543,0.0009440735247035174,3,5.666666666666667,0.3333333333333334,3,569.6999999999999,23.20265789372701,3
cfde8b60e5,0.16872135512034095,0.00010295733208357532,3,0.12335206803721295,0.0005001130339922122,3,0.018470848994280295,9.333040498392232e-05,3,0.01259761544131728,0.0005923078714927757,3,0.11071255803108215,0.0017325414020161435,3,0.12749695784374737,0.0016929791427386478,3,351551.0,0.0,3,351551.0,0.0,3,50.0,0.0,3,0.551346306289708,0.009382709648842481,3,5.0,0.0,3,0.45456832695830385,0.0,3,0.42616429599530187,0.005036895546789358,3,19.0,0.5773502691896257,3,0.31855225563049316,0.0,3,0.13193547228972116,0.0006486399094264419,3,2.0,0.0,3,348.0333333333333,0.5238744548500572,3
cfdf014950,0.1687772875626882,0.00019844406901959203,3,0.12897616347541258,0.0003012369345866129,3,0.0197521205301638,1.9992413256669453e-05,3,0.011994131343074576,7.959870101579285e-05,3,0.11212980995575587,0.0004836724726464077,3,0.13145353337389107,0.00038236232666178445,3,620351.0,0.0,3,620351.0,0.0,3,18.666666666666668,0.3333333333333332,3,0.5251582492967661,0.005785040800035292,3,10.0,0.0,3,0.45456832695830385,0.0,3,0.40910644984426375,0.0009665833600766916,3,17.666666666666668,0.33333333333333365,3,0.31855225563049316,0.0,3,0.13930430014928183,0.0003713559648766084,3,1.0,0.0,3,280.8333333333333,2.9868229125797066,3
d0af811f82,0.17028287557760877,0.0003869169522013211,3,0.12974863630259653,0.0011106433127541129,3,0.008906061371798238,0.0015212320776626083,3,0.002652860823131743,0.0013392272924863647,3,0.11000853776931763,0.0018711712655390977,3,0.13253143874112525,0.0005393250361107533,3,483007.0,0.0,3,483007.0,0.0,3,32.666666666666664,3.666666666666667,3,0.5263928368151164,0.005207655082318891,3,10.0,0.0,3,0.45456832695830385,0.0,3,0.3930591607064984,0.0003967905315220903,3,14.333333333333334,0.6666666666666666,3,0.31855225563049316,0.0,3,0.13839256266752878,0.0012593941856736453,3,1.0,0.0,3,319.8333333333333,20.683514637937577,3
d11bf38b01,0.15427580030759175,9.529042810704816e-05,3,0.2430434170790435,0.00035645280949936126,3,0.0729242856540377,0.00039803702596111337,3,0.0012755696735684834,0.0009319780212242056,3,0.10010783871014912,0.0012697256050243915,3,0.25528375111594426,0.0014158893928523143,3,217151.0,0.0,3,217151.0,0.0,3,49.0,1.0,3,0.7875368599712913,0.0030611416694977297,3,2.0,0.0,3,0.45456832695830385,0.0,3,0.6809815018615191,0.0012596906152894222,3,62.0,0.0,3,0.31855225563049316,0.0,3,0.2552648186683655,0.00048481022819625824,3,10.0,0.0,3,371.93333333333334,11.71954682476152,3
d126d366fe,0.16917356220881144,0.00010422075876104803,3,0.13186105380828497,0.0014482957342331717,3,0.02026274595311079,0.00048260170175222565,3,0.020188308897472564,0.00012736482690398206,3,0.13282042741775513,0.0016259486403754988,3,0.13396720193639203,0.0018563619494030151,3,163391.0,0.0,3,163391.0,0.0,3,49.666666666666664,0.33333333333333276,3,0.5311756236992268,0.007512871035754763,3,20.0,0.0,3,0.45456832695830385,0.0,3,0.37994389662788325,0.004988089562907653,3,10.0,0.0,3,0.31855225563049316,0.0,3,0.13757386803627014,0.0014159254987724202,3,1.0,0.0,3,322.73333333333335,8.674163424279666,3
d3cea415ec,0.16934356625874836,0.0001518513024451702,3,0.1194294473417364,0.0010841922944913429,3,0.0172846897569283,0.00027028833273348935,3,0.012858528939504473,0.00048796150762695894,3,0.11031098912159602,0.0017951731675578688,3,0.12405107019651879,0.0008893160830528027,3,351551.0,0.0,3,351551.0,0.0,3,50.0,0.0,3,0.5191507033701389,0.0032404767230785263,3,10.0,0.0,3,0.45456832695830385,0.0,3,0.39523058375295433,0.0020244820837717298,3,16.0,0.5773502691896257,3,0.31855225563049316,0.0,3,0.12833732863267264,0.0012336883019514531,3,1.0,0.0,3,375.93333333333334,0.43716256828681493,3
d3ea2315f7,0.1714737732410431,0.00029922931499489695,3,0.11639188262163112,0.001360129247855867,3,0.013404603357668276,0.0008349828252473676,3,0.009703490469190808,0.0010965105053799083,3,0.11118367562691371,0.00228169479762778,3,0.11608161026043251,0.0001927642087086105,3,491391.0,0.0,3,491391.0,0.0,3,31.0,2.516611478423583,3,0.45108171846705236,0.010476041902600024,3,20.0,0.0,3,0.45456832695830385,0.0,3,0.32681258641509564,0.00635570787065472,3,11.0,0.0,3,0.31855225563049316,0.0,3,0.12339117129643758,0.0012991783183130138,3,1.0,0.0,3,321.90000000000003,14.883659944157994,3
d3eb9ec622,0.154427321155866,0.00018546117682016798,3,0.21670059944363498,0.0012104603679083314,3,0.05676059275077133,0.0006632060001419151,3,-0.014708587101527622,0.000997293817387108,3,0.05499821652968725,0.0023834570219760025,3,0.2212657539389118,0.0010902583025208098,3,491391.0,0.0,3,491391.0,0.0,3,50.0,0.0,3,0.6429800619083065,0.004880865504745381,3,1.0,0.0,3,0.45456832695830385,0.0,3,0.5347284795671351,0.003108342672207597,3,40.666666666666664,1.201850425154663,3,0.31855225563049316,0.0,3,0.2264182319243749,0.0011144764386226257,3,9.333333333333334,0.3333333333333334,3,588.9666666666667,5.1401469931424115,3
d44ec9d37c,0.15435338699817658,0.00014064792816688104,3,0.24394895715627962,0.0005973908279272388,3,0.07311062144223975,0.000614335453919246,3,0.0020882033166431248,0.00043074331670873566,3,0.10051073879003525,0.0006154417863600194,3,0.25458516848478246,0.0007916063018697304,3,217151.0,0.0,3,217151.0,0.0,3,40.0,4.041451884327381,3,0.7820640442450184,0.0063166378474076535,3,2.0,0.0,3,0.45456832695830385,0.0,3,0.6720365083057319,0.0029550081401243586,3,61.666666666666664,0.33333333333333365,3,0.31855225563049316,0.0,3,0.2557516098022461,0.0006759749824047331,3,10.0,0.0,3,268.8666666666667,12.384174489152583,3
d4da56cbfb,0.1683538019657135,0.00013497834662669868,3,0.12549492205932836,0.0005224016389631361,3,0.018005646410442534,0.0003644312643263002,3,0.0019889454992990645,0.0004320908303575838,3,0.08292598525683086,0.0014394233727332264,3,0.12569670669699987,0.0017420722850246596,3,491391.0,0.0,3,491391.0,0.0,3,50.0,0.0,3,0.49058419929552466,0.0016101821762879009,3,5.0,0.0,3,0.45456832695830385,0.0,3,0.38405368226964676,0.0028495419357811645,3,16.333333333333332,0.6666666666666669,3,0.31855225563049316,0.0,3,0.1340253303448359,0.0006326138803783258,3,2.0,0.0,3,468.09999999999997,0.378593889720028,3
d5aa4554c6,0.16784806319077808,0.0004208524546720479,3,0.14300781085473036,0.0005704521564082821,3,0.019103037301825467,0.0006179148871571897,3,0.006579240793904299,0.0006970020635208061,3,0.10419220725695293,0.0002464008644293141,3,0.14993148769311435,0.0012213524307911462,3,417471.0,0.0,3,417471.0,0.0,3,21.333333333333332,1.3333333333333333,3,0.5520711064105548,0.012812140566346348,3,5.0,0.0,3,0.45456832695830385,0.0,3,0.41557561393489867,0.006475044731431003,3,15.0,1.0,3,0.31855225563049316,0.0,3,0.15132939318815866,0.0006216849608705518,3,2.0,0.0,3,242.53333333333333,6.588457921075135,3
d5c1773205,0.1528700153430303,5.614875186190655e-05,3,0.2464250572145487,0.00023243396842329058,3,0.0735976702321774,0.0003474931236011236,3,-0.004749329317183721,0.0007754166762290886,3,0.0925201028585434,0.0014754914242027422,3,0.2555491648794352,0.001039913128043117,3,217151.0,0.0,3,217151.0,0.0,3,50.0,0.0,3,0.7925318746457227,0.0006735009720606333,3,1.0,0.0,3,0.45456832695830385,0.0,3,0.6874153726736605,0.001285827091867564,3,61.333333333333336,0.6666666666666664,3,0.31855225563049316,0.0,3,0.25883324940999347,0.00024177912318696816,3,12.666666666666666,0.3333333333333332,3,305.5,1.2662279942148407,3
d5fe430a5d,0.1684149597287178,0.0003434937596321075,2,0.14573413770355614,0.0001086708525730104,2,0.018399198376943194,0.0016771219079456633,2,0.00503246509839618,0.00020128725067017589,2,0.1051744744181633,0.0010478049516677856,2,0.14821385813262877,0.0009070645651209006,2,417471.0,0.0,2,417471.0,0.0,2,24.5,0.5,2,0.5458837380811354,0.0038457094127250235,2,5.0,0.0,2,0.45456832695830385,0.0,2,0.40797499276515004,0.0038374698645387145,2,16.0,0.0,2,0.31855225563049316,0.0,2,0.15374453365802765,0.0004688054323196411,2,2.0,0.0,2,286.79999999999995,2.59999999999998,2
d62c72b891,0.15764133059978483,0.0001349424186055414,3,0.22099742404589554,0.0007883027381716724,3,0.057606715058523515,0.0012884065793147608,3,-0.009640143346534203,0.0005451472449581334,3,0.07532086968421936,0.0007402761859219836,3,0.22979121020779944,0.0015710587219793873,3,620351.0,0.0,3,620351.0,0.0,3,29.666666666666668,1.2018504251546633,3,0.7228433963459874,0.002138103243243382,3,2.0,0.0,3,0.45456832695830385,0.0,3,0.6348615635074446,0.0031631272607800715,3,56.666666666666664,0.33333333333333365,3,0.31855225563049316,0.0,3,0.23317437370618185,0.0009212534998606986,3,6.666666666666667,0.6666666666666667,3,326.0,10.47902667235847,3
d64a2cb80c,0.16838321646054585,9.635287333683101e-05,3,0.13238709856534486,0.00038044540900948165,3,0.020969182725936647,0.00046699557622113146,3,0.01950302136638177,0.0003023404892598057,3,0.12822481989860535,0.00020751017788843147,3,0.13657668409891327,0.0013462190789389743,3,163391.0,0.0,3,163391.0,0.0,3,50.0,0.0,3,0.5669633027254412,0.003047356061944456,3,10.0,0.0,3,0.45456832695830385,0.0,3,0.3989623616981564,0.002333547007598645,3,11.666666666666666,0.3333333333333334,3,0.31855225563049316,0.0,3,0.13844443360964456,0.0005014353123074738,3,1.0,0.0,3,349.8,9.707900562600186,3
d688f0c1f8,0.1689606722990672,0.00012820187466785113,3,0.12757662166774972,0.0012374307112751593,3,0.020066930188073054,0.00036260786070530453,3,0.018624280495618387,0.00044319450345231125,3,0.12557895481586456,0.0010692231583883528,3,0.13272789353484396,0.0014453387124688517,3,217151.0,0.0,3,217151.0,0.0,3,18.333333333333332,0.3333333333333332,3,0.5028287426563481,0.012289365430536658,3,20.0,0.0,3,0.45456832695830385,0.0,3,0.36838660284255026,0.008436072490388379,3,9.0,0.5773502691896257,3,0.31855225563049316,0.0,3,0.1341754049062729,0.0011667890138571265,3,1.0,0.0,3,201.53333333333333,1.5344199048645235,3
d68bc24ff1,0.17022974197069804,0.0006867740108798374,3,0.13260753975457684,0.0007894130201535531,3,0.008793899306544551,0.0026184097844499025,3,0.004050547168368385,0.0018899381956555485,3,0.11442205558220546,0.0011879781700503828,3,0.1364646327536667,0.00118610603004942,3,417471.0,0.0,3,417471.0,0.0,3,25.0,1.0,3,0.516586598797403,0.01025859744741398,3,10.0,0.0,3,0.45456832695830385,0.0,3,0.38593146035759807,0.00023754572843351688,3,11.333333333333334,0.3333333333333334,3,0.31855225563049316,0.0,3,0.1407800813515981,0.000562701550624471,3,1.0,0.0,3,501.8333333333333,7.556968822072636,3
d77388d0a3,0.16770688203970593,2.4513949300232495e-05,3,0.13912266590705255,0.00014066406502057354,3,0.021695472891368566,9.84545192205483e-05,3,0.019329593610511255,0.0002042522634111419,3,0.13062278926372528,0.0005395433393269518,3,0.14243174521338475,0.0021347577967116334,3,163391.0,0.0,3,163391.0,0.0,3,40.333333333333336,2.6666666666666665,3,0.5824179001922083,0.003379967849581965,3,5.0,0.0,3,0.45456832695830385,0.0,3,0.4301415491136445,0.0015624262670626316,3,16.333333333333332,1.2018504251546631,3,0.31855225563049316,0.0,3,0.1457446167866389,0.00019162281197206436,3,1.6666666666666667,0.3333333333333333,3,255.83333333333334,9.299880524919528,3
d7a7afa8d2,0.15660052708784739,0.00017400178845638955,3,0.22319119234211038,0.0009899376141739207,3,0.062152778030072575,0.0008376917678155328,3,-0.006155160369065704,0.0015964809915822924,3,0.08503016084432602,0.0023868697248701568,3,0.23043736346303464,0.0011656800099578422,3,620351.0,0.0,3,620351.0,0.0,3,19.0,0.0,3,0.7079496347325787,0.0034963968099581124,3,2.0,0.0,3,0.45456832695830385,0.0,3,0.5941589968415624,0.003099400306703057,3,53.0,1.1547005383792515,3,0.31855225563049316,0.0,3,0.2356580744187037,0.0009560804264379585,3,8.0,0.0,3,257.06666666666666,1.822391591044885,3
d81c65d931,0.16957873602708182,0.00013900209880379194,3,0.11766907747387818,0.0018814390737028634,3,0.016947532141650165,0.00029315089834176024,3,0.015172626606371037,0.0003122412550222722,3,0.11399078865845998,0.0020556617886775225,3,0.12227770165439662,0.0007938253662815335,3,163391.0,0.0,3,163391.0,0.0,3,50.0,0.0,3,0.49988037979844835,0.005724404362129979,3,10.0,0.0,3,0.45456832695830385,0.0,3,0.35631952384920845,0.001194048899980398,3,10.666666666666666,0.3333333333333332,3,0.31855225563049316,0.0,3,0.12349037081003189,0.0017568289815985596,3,1.0,0.0,3,307.43333333333334,1.14649223479464,3
d823252a83,0.17027859052022298,0.00016229689491309578,3,0.12149422629954541,0.0008674941401265108,3,0.017629354719131712,0.000435502817294937,3,0.008825040998912993,0.00044314887452020493,3,0.10604986548423767,0.0011352366826015699,3,0.12240285744418596,0.0007697991758360603,3,620351.0,0.0,3,620351.0,0.0,3,50.0,0.0,3,0.5019741438701856,0.004914645080631552,3,5.0,0.0,3,0.45456832695830385,0.0,3,0.4111031615071343,0.003105219907806769,3,17.666666666666668,0.3333333333333332,3,0.31855225563049316,0.0,3,0.13199603060881296,0.0007985431674281759,3,2.0,0.0,3,465.43333333333334,1.2238373167123746,3
d8b6cb4593,0.17130070853233337,8.860312693906875e-05,3,0.11226803348401182,0.002819719099245017,3,0.006520397448665882,0.0006767406024647615,3,0.006386593536094383,0.0006679688515381873,3,0.11048709352811177,0.003452509206210463,3,0.11159417577107979,0.002583169932280193,3,483007.0,0.0,3,483007.0,0.0,3,50.0,0.0,3,0.4469957180133071,0.012450106863482252,3,20.0,0.0,3,0.45456832695830385,0.0,3,0.32566678126474696,0.007950783157142878,3,10.0,0.5773502691896257,3,0.31855225563049316,0.0,3,0.11868265022834142,0.00301907459133602,3,1.0,0.0,3,476.3,1.4177446878757816,3
d8cb197525,0.1677353751659393,0.00019435927656778494,3,0.14304843398269437,0.0006358280398389013,3,0.017308792739948897,0.001193470728708281,3,0.00481784911382766,0.0011670474225393154,3,0.10798605779806773,0.00038595870164981165,3,0.14643388233100144,0.0007725485089276789,3,483007.0,0.0,3,483007.0,0.0,3,25.666666666666668,0.6666666666666669,3,0.5676177847949584,0.011891681790784503,3,5.0,0.0,3,0.45456832695830385,0.0,3,0.42453889398105754,0.006075221154592419,3,17.0,0.0,3,0.31855225563049316,0.0,3,0.151954914132754,0.0005041732043502121,3,2.0,0.0,3,282.09999999999997,3.1796226191169383,3
d9b9b0bae8,0.16984618600209553,4.943033361717911e-05,3,0.12658606107192713,0.00025892887789471196,3,0.008663025797990264,0.0005098373740224433,3,0.004609828272824565,0.0008316965274549172,3,0.10623477399349213,0.0007990302643107913,3,0.12645723950871565,0.0004471300504498574,3,417471.0,0.0,3,417471.0,0.0,3,50.0,0.0,3,0.522048542598769,0.004326464207008524,3,5.0,0.0,3,0.45456832695830385,0.0,3,0.3999147926322555,0.004537972915783789,3,15.333333333333334,0.3333333333333334,3,0.31855225563049316,0.0,3,0.13408787548542023,0.0003099213139312293,3,2.0,0.0,3,419.5333333333333,4.761419022845082,3
db98239046,0.15530999326705933,0.0002839482833995835,3,0.23386234193840938,0.0010634404621521446,3,0.06242272147425899,0.0009775388591455071,3,-0.0032574559645678,0.000801913852884833,3,0.07974033306042354,0.0019494684056550725,3,0.2417480908780475,0.0010112131747817214,3,417471.0,0.0,3,417471.0,0.0,3,30.333333333333332,1.201850425154663,3,0.7175411896453506,0.008673408715676297,3,2.0,0.0,3,0.45456832695830385,0.0,3,0.5947778110533398,0.0046231394053733174,3,53.0,0.0,3,0.31855225563049316,0.0,3,0.24545316398143768,0.0008686457618161167,3,10.333333333333334,0.3333333333333332,3,284.40000000000003,5.666568626602875,3
dbd135d613,0.16872926640510558,0.0006262539913077964,3,0.13201651953684576,0.0010601878208256882,3,0.018827751830772118,0.0010209321416664063,3,0.007400895868028914,0.001312469711707816,3,0.1002624308069547,0.0019186286650235765,3,0.13669379163156428,0.0009040386424567076,3,491391.0,0.0,3,491391.0,0.0,3,21.0,2.0,3,0.505173024416667,0.011022285453120843,3,10.0,0.0,3,0.45456832695830385,0.0,3,0.3785164587352268,0.0062390012446187585,3,16.333333333333332,2.0275875100994063,3,0.31855225563049316,0.0,3,0.1406664252281189,0.0016287232180294449,3,2.0,0.0,3,259.73333333333335,11.729497479053007,3
dc1111970e,0.16779968694845837,0.00017843889688731222,3,0.1386991098945519,0.0008757986308039259,3,0.02133537253374776,0.0009136217626740427,3,0.018594570576198517,0.0006092324799450574,3,0.12960725029309592,0.0006946389855799334,3,0.14222207895147845,0.0013044142557568676,3,163391.0,0.0,3,163391.0,0.0,3,42.333333333333336,1.6666666666666663,3,0.5837889621855816,0.005829857976371356,3,5.0,0.0,3,0.45456832695830385,0.0,3,0.4300637181403489,0.001657825089681682,3,16.333333333333332,0.33333333333333365,3,0.31855225563049316,0.0,3,0.14508586128552756,0.0006289856676526748,3,2.0,0.0,3,522.2333333333333,9.625025252492113,3
dddaa65b44,0.1692031947374344,0.00013594757038761152,3,0.13052266801381696,0.0005293638331969303,3,0.019960717864768215,0.0009693693046701999,3,0.019975056408574342,0.0007687892032125463,3,0.1317095160484314,0.0007775034347711621,3,0.13411522273078266,0.0021130827215594585,3,163391.0,0.0,3,163391.0,0.0,3,48.666666666666664,1.3333333333333328,3,0.5205556989445914,0.0014342288698814144,3,20.0,0.0,3,0.45456832695830385,0.0,3,0.376197105621034,0.0023542408503331703,3,9.0,0.5773502691896257,3,0.31855225563049316,0.0,3,0.1366069217522939,0.0006063188859256676,3,1.0,0.0,3,276.7,4.256759330758541,3
de006a0dca,0.15328136948744456,0.0002676507942607769,3,0.2425519149994262,0.0003056255736604343,3,0.07290864211541635,8.810784868090468e-05,3,-0.010875413026759234,0.0011804272652465825,3,0.07725913325945537,0.0036423504138931987,3,0.2501575839457127,0.0012463507672994007,3,351551.0,0.0,3,351551.0,0.0,3,23.0,1.5275252316519468,3,0.7523247432753865,0.005729471209514804,3,1.0,0.0,3,0.45456832695830385,0.0,3,0.6323764609078412,0.00398229090729754,3,56.333333333333336,0.881917103688197,3,0.31855225563049316,0.0,3,0.2541855772336324,0.0002620138346054607,3,12.666666666666666,0.3333333333333334,3,398.0,9.951381813597552,3
de2311668c,0.1559890843232473,7.446949100432266e-05,3,0.2278165990620785,0.0004032714485645948,3,0.06480644871948887,0.0001691192176676052,3,-0.008383152030763173,0.0006652469176673661,3,0.07769860823949178,0.0004147249216708862,3,0.2369640159949806,0.0009687729871014308,3,351551.0,0.0,3,351551.0,0.0,3,50.0,0.0,3,0.7458517655158624,0.0017321954745541754,3,2.0,0.0,3,0.45456832695830385,0.0,3,0.6549431019832025,0.0015879896298828977,3,58.0,0.5773502691896257,3,0.31855225563049316,0.0,3,0.23953230182329813,0.00048129984757516373,3,6.666666666666667,0.6666666666666666,3,460.1666666666667,1.4379769740081925,3
de4e9576b2,0.1717311986287435,0.00015814134969944943,3,0.10820278587241557,0.00010300742646825375,3,0.013367910233754962,0.0003392083983781274,3,0.012705714929671513,6.844245329821513e-05,3,0.1127054492632548,0.0006060626522595106,3,0.10857975220761788,0.0011094367559396582,3,620351.0,0.0,3,620351.0,0.0,3,50.0,0.0,3,0.4053823448478912,0.010723679498763607,3,20.0,0.0,3,0.45456832695830385,0.0,3,0.31815059716021715,0.00628763099465474,3,9.333333333333334,0.6666666666666669,3,0.31855225563049316,0.0,3,0.11653714875380199,0.00016533592995693027,3,1.0,0.0,3,510.3,33.33031653015016,3
df5f803beb,0.1548170461654663,0.00015155143100045162,3,0.23864153010233166,0.0007923716799343027,3,0.0705743290129162,0.0009150802342779154,3,0.0029099265103617673,0.0005390566359680329,3,0.1076586792866389,0.0011982755708395962,3,0.24955228961969497,0.0009363026527530155,3,163391.0,0.0,3,163391.0,0.0,3,50.0,0.0,3,0.7907074381960939,0.0028257630939847586,3,2.0,0.0,3,0.45456832695830385,0.0,3,0.6872912448360161,0.001977779698165133,3,62.0,0.0,3,0.31855225563049316,0.0,3,0.25057023266951245,0.0008349367642549835,3,8.333333333333334,0.3333333333333332,3,294.93333333333334,2.2258581366395362,3
e018dc4919,0.15664574642976126,8.226049358547704e-05,3,0.22296453391913948,0.00019562566078222,3,0.05578408070972987,0.0007904901781251966,3,-0.0027344211068733664,0.0005727339197453872,3,0.08003728588422139,0.0009292789113094448,3,0.2295165928166599,0.0006186359957270479,3,417471.0,0.0,3,417471.0,0.0,3,50.0,0.0,3,0.6998512914994245,0.0021206676719209543,3,2.0,0.0,3,0.45456832695830385,0.0,3,0.5860810127313097,0.00031495537701324875,3,50.333333333333336,0.6666666666666664,3,0.31855225563049316,0.0,3,0.23414939641952515,0.00017503971213370467,3,7.0,0.5773502691896257,3,486.76666666666665,2.1674357609345214,3
e07b2b074a,0.1550382655064265,0.00011898189297515762,3,0.23524473487106443,0.00036557469357275686,3,0.06691306356399779,0.00020845853565953408,3,-0.00400596541702432,0.0008993452244254152,3,0.08704469352960587,0.0011077557045705312,3,0.24587907196330586,0.0011231650850102243,3,351551.0,0.0,3,351551.0,0.0,3,32.0,1.5275252316519468,3,0.7659646075658859,0.00271938447750108,3,2.0,0.0,3,0.45456832695830385,0.0,3,0.6611721735853907,0.001489438640315694,3,59.333333333333336,0.33333333333333276,3,0.31855225563049316,0.0,3,0.24752511084079742,0.0006509972271061998,3,9.333333333333334,0.3333333333333332,3,269.1333333333333,6.777495440385371,3
e097aac608,0.15423163378238677,7.805088167039807e-05,3,0.24426842369562649,0.00041273714803640105,3,0.07321083829516456,0.0007629381239121373,3,0.001054025831676665,0.0002540741919154316,3,0.09838677694400151,0.0014622643205262718,3,0.25449271829495795,0.001286627153561254,3,217151.0,0.0,3,217151.0,0.0,3,50.0,0.0,3,0.7900528716289797,0.002558998118946111,3,2.0,0.0,3,0.45456832695830385,0.0,3,0.6813844724909867,0.0021822824912445743,3,61.333333333333336,0.33333333333333365,3,0.31855225563049316,0.0,3,0.2562556763490041,0.0004794867738204934,3,10.0,0.0,3,317.53333333333336,4.438217860558199,3
e14f17c85c,0.17029446327686312,0.00047822680034382284,3,0.12176349563797018,0.0006702658305120756,3,0.014212735746272657,0.0021256672902952335,3,0.013269791212031451,0.0017824547235257252,3,0.12192335228125255,0.0014548706068187194,3,0.12423862874107099,0.001269944980803446,3,620351.0,0.0,3,620351.0,0.0,3,18.333333333333332,0.6666666666666669,3,0.4600991161057375,0.002156379799632285,3,20.0,0.0,3,0.45456832695830385,0.0,3,0.35791685524162126,0.000950523925775358,3,11.0,1.5275252316519468,3,0.31855225563049316,0.0,3,0.1312827467918396,0.0006822757838580891,3,1.0,0.0,3,284.93333333333334,4.9208174569317595,3
e24e461b0a,0.16869803623358406,0.00014872920876924636,3,0.12304382351346244,0.0007140521992178015,3,0.018603298714551977,0.0003468043055676694,3,0.01231806650363579,0.0003387165337609162,3,0.11047882835070293,0.0010257660116725579,3,0.12686361334270185,0.0009884322740778926,3,351551.0,0.0,3,351551.0,0.0,3,50.0,0.0,3,0.5482204430478111,0.00485120807497732,3,5.0,0.0,3,0.45456832695830385,0.0,3,0.4303436786459575,0.004345961566305303,3,18.666666666666668,0.3333333333333332,3,0.31855225563049316,0.0,3,0.13183010121186575,0.0007742075261850727,3,2.0,0.0,3,432.93333333333334,29.830651648560707,3
e2eb498128,0.17007695146401725,0.00039397896846561306,3,0.13366619904405425,0.0008826124911025245,3,0.00962861631282423,0.0013729261952273833,3,0.002810987215193491,0.0013713731081114809,3,0.1135884275039037,0.0002308164382707467,3,0.13683658214759156,0.0007000357944779651,3,483007.0,0.0,3,483007.0,0.0,3,27.666666666666668,1.7638342073763935,3,0.5374307415251467,0.006350962720641374,3,10.0,0.0,3,0.45456832695830385,0.0,3,0.3938011836087072,0.0020622163168939212,3,14.0,0.5773502691896257,3,0.31855225563049316,0.0,3,0.14192927380402884,0.0010165835845111265,3,1.0,0.0,3,310.76666666666665,8.552257661641823,3
e2f3ff8da3,0.16781382632255556,0.0004313393218051459,3,0.14292667057645325,0.0009700165297489806,3,0.02296142477207083,0.0009323568577138059,3,0.00040620502340730537,0.0006022139250797915,3,0.08306475728750229,0.0005455473427637255,3,0.14743403460914192,0.0007571260143415182,3,491391.0,0.0,3,491391.0,0.0,3,26.333333333333332,1.3333333333333333,3,0.5386823530006382,0.008299261329303788,3,5.0,0.0,3,0.45456832695830385,0.0,3,0.40489976989707493,0.002311398752518032,3,18.666666666666668,0.8819171036881968,3,0.31855225563049316,0.0,3,0.15226857860883078,0.0009888842039930236,3,2.3333333333333335,0.33333333333333337,3,291.5,7.250517222929685,3
e330c3b91a,0.15311648845672607,0.00010853083799117166,3,0.24227151936852598,0.0003825108489556407,3,0.07246295327231998,0.0003220771883561772,3,-0.009695125319970348,0.001341431814302322,3,0.0771386946241061,0.0031295724291609413,3,0.25068965769169455,0.0017830638703974463,3,351551.0,0.0,3,351551.0,0.0,3,22.666666666666668,1.2018504251546633,3,0.7480936860031197,0.0054798989857890185,3,1.0,0.0,3,0.45456832695830385,0.0,3,0.6311782273852371,0.003720998750472446,3,57.0,0.5773502691896257,3,0.31855225563049316,0.0,3,0.2538485626379649,0.0005010681790929669,3,12.333333333333334,0.3333333333333334,3,234.36666666666667,4.860155461619628,3
e338112ad0,0.16958636871973676,4.512736316836873e-05,3,0.11766780784374163,0.00032086510372435776,3,0.017674594013779254,0.00019040243084908075,3,0.016485332181214025,0.00029349385976131886,3,0.11786464601755142,0.0007716858525887825,3,0.12248642794967017,0.0021515596799440875,3,217151.0,0.0,3,217151.0,0.0,3,50.0,0.0,3,0.49030397081783644,0.0017453700233303212,3,20.0,0.0,3,0.45456832695830385,0.0,3,0.3593707797021311,0.002127303288889862,3,8.666666666666666,0.6666666666666666,3,0.31855225563049316,0.0,3,0.12460065136353175,0.0003987848883127495,3,1.0,0.0,3,363.26666666666665,0.4666666666666726,3
e4af6144ff,0.15453575217723847,0.00014996279700498277,3,0.2417256321232856,0.0006001779481195027,3,0.07298408519654047,0.00049392923802849,3,0.0011719317032546593,0.0015223256279494606,3,0.09757558504740398,0.0028728578631675027,3,0.2515219099602721,0.0007692104786104707,3,217151.0,0.0,3,217151.0,0.0,3,28.0,2.516611478423583,3,0.7593677554322577,0.005223967116903866,3,2.0,0.0,3,0.45456832695830385,0.0,3,0.6410578023440129,0.002752826147401498,3,59.333333333333336,0.33333333333333365,3,0.31855225563049316,0.0,3,0.2527073919773102,0.0006203962386245115,3,10.0,0.0,3,227.76666666666665,8.333533330933397,3
e4fb973cf7,0.17133314311504363,0.0002866405474725712,3,0.12133184404108714,0.0013159806236536138,3,0.006805537869690587,0.0014621819787540128,3,0.004224697748819987,0.0019275654956475402,3,0.11804300794998805,0.00156415561341111,3,0.1234089078281737,0.0011050189786122517,3,483007.0,0.0,3,483007.0,0.0,3,32.0,2.516611478423583,3,0.4883727563207097,0.018448285592390454,3,20.0,0.0,3,0.45456832695830385,0.0,3,0.3424646408241856,0.010145691674615173,3,9.666666666666666,0.6666666666666666,3,0.31855225563049316,0.0,3,0.12819519639015198,0.0013981420616376475,3,1.0,0.0,3,324.56666666666666,14.45271985167882,3
e511cde1ca,0.16803150359789532,0.00035784362979388777,3,0.1361185567672412,0.0019089725423404712,3,0.020186921591481204,0.002088453819286027,3,0.008344047914737116,0.0013159507377856834,3,0.1044143612186114,0.0025790790597777047,3,0.13736885837545512,0.0010002340068348884,3,620351.0,0.0,3,620351.0,0.0,3,19.666666666666668,0.3333333333333332,3,0.5588687826535025,0.014574857810570878,3,5.0,0.0,3,0.45456832695830385,0.0,3,0.4415541454555025,0.006206643140950168,3,22.0,1.7320508075688772,3,0.31855225563049316,0.0,3,0.14712431530157724,0.0021989353249175095,3,2.0,0.0,3,261.56666666666666,1.8333333333333308,3
e7672f9e0d,0.16986937403678892,0.0006147871229438517,3,0.13432210542213774,0.0011869801520796258,3,0.01389940232826919,0.0033250657810763836,3,0.006789558778994929,0.0027042678911895018,3,0.11399924010038376,0.0009621797986404474,3,0.13816713326895458,0.0007509042799622469,3,483007.0,0.0,3,483007.0,0.0,3,27.666666666666668,1.4529663145135576,3,0.5473867863450828,0.0013256330204985027,3,10.0,0.0,3,0.45456832695830385,0.0,3,0.3942367755861664,0.002280525817081602,3,12.666666666666666,0.8819171036881968,3,0.31855225563049316,0.0,3,0.14300606648127237,0.0010820962200397137,3,1.0,0.0,3,563.7666666666668,17.89081080083044,3
e776dfa63c,0.17202146395047505,6.148755582179396e-05,3,0.11236444971757993,0.0015872178266037485,3,0.0034732534771873837,0.0004144547164701151,3,0.004486751619470183,0.0005651013756361066,3,0.11179976910352707,0.0020955763134997253,3,0.11313404396113136,0.00220506316192023,3,417471.0,0.0,3,417471.0,0.0,3,50.0,0.0,3,0.44692628106804994,0.01799608043992706,3,20.0,0.0,3,0.45456832695830385,0.0,3,0.326185388750246,0.008995984543710209,3,9.0,0.5773502691896257,3,0.31855225563049316,0.0,3,0.11839598913987477,0.0016928092772057956,3,1.0,0.0,3,379.6333333333334,0.5333333333333267,3
e7930af797,0.1684610174894333,0.0001285368109488246,3,0.1341047205251247,0.0007970000716986595,3,0.019232102172084587,0.0005237943396861054,3,0.015075481127178858,0.0007308684481090224,3,0.12231209874153137,0.000996079409397256,3,0.13693680760719196,0.0010177163289354476,3,351551.0,0.0,3,351551.0,0.0,3,31.0,1.5275252316519468,3,0.5673739918007509,0.009436165498113226,3,10.0,0.0,3,0.45456832695830385,0.0,3,0.423534789951371,0.006106655678590633,3,17.666666666666668,1.3333333333333333,3,0.31855225563049316,0.0,3,0.14295242726802826,0.0011426055540501158,3,1.0,0.0,3,462.3666666666666,8.728942916782328,3
e8d4fd442b,0.16844348669052125,0.00029078194009207596,3,0.1386903914884066,0.0014859936624757567,3,0.020572742141743816,0.0003794855678944025,3,0.012797787706687968,0.0009541482612494554,3,0.11771051834026973,0.0025635518806498745,3,0.14224322050062477,0.0008123192485279322,3,483007.0,0.0,3,483007.0,0.0,3,19.666666666666668,0.8819171036881971,3,0.5312151098498128,0.013629295984995146,3,10.0,0.0,3,0.45456832695830385,0.0,3,0.3909291757677827,0.00599943017630617,3,13.0,1.0,3,0.31855225563049316,0.0,3,0.14679895838101706,0.0008348013211549464,3,1.0,0.0,3,245.23333333333335,4.512328790226963,3
eafd270976,0.1693814568122228,3.151975636419865e-05,3,0.11883719215044407,0.00028922799599911096,3,0.017664014031647374,9.83704366278669e-05,3,0.01577721323285784,0.00019038090343510266,3,0.11533672114213307,0.0001010976358311297,3,0.12296366530481406,0.0010800389962001484,3,163391.0,0.0,3,163391.0,0.0,3,50.0,0.0,3,0.5068463769161861,0.0037001159124998933,3,10.0,0.0,3,0.45456832695830385,0.0,3,0.36096405189778435,0.0021744648690106114,3,10.333333333333334,0.3333333333333332,3,0.31855225563049316,0.0,3,0.12466258555650711,0.00020370215989707062,3,1.0,0.0,3,315.8,7.014983962918234,3
eb7a9e4a37,0.1537846545378367,0.00011052566579447033,3,0.24133922478512648,0.00014892026937774537,3,0.06974032568553136,0.0008963568695739996,3,-0.009734324361912157,0.0012401260730619036,3,0.07860846072435379,0.002362568563342369,3,0.25061842554097646,0.0010448889182634131,3,351551.0,0.0,3,351551.0,0.0,3,40.333333333333336,2.3333333333333335,3,0.7790144690411548,0.0014066821568009527,3,1.0,0.0,3,0.45456832695830385,0.0,3,0.6759924471879791,0.0003693504808622982,3,59.333333333333336,0.33333333333333276,3,0.31855225563049316,0.0,3,0.2534598509470622,0.0002130769599700542,3,12.666666666666666,0.3333333333333334,3,361.3,13.107377057723392,3
eb877c27b0,0.16989498607317607,9.482133773983036e-05,3,0.11540598628829246,0.0017060837002811201,3,0.014380505160679893,0.00036928742901273033,3,0.0067659250642887496,0.00035129516972748885,3,0.09335261086622874,0.0018283813197603371,3,0.11343546647435747,0.0015512988981960063,3,491391.0,0.0,3,491391.0,0.0,3,49.666666666666664,0.33333333333333365,3,0.4603297166298301,0.015438716230722406,3,10.0,0.0,3,0.45456832695830385,0.0,3,0.3526332283555562,0.0069984487821272996,3,13.0,0.5773502691896257,3,0.31855225563049316,0.0,3,0.12210550407568614,0.0019942233484454715,3,0.3333333333333333,0.33333333333333337,3,466.8666666666666,4.642317428947641,3
eb8d07bbce,0.16912831894556682,0.0003820532403873893,3,0.1318684402033349,0.0017819128778057377,3,0.01700880981626965,0.001127161321523562,3,0.006684216557356415,0.0005133310531316874,3,0.1036718338727951,0.0014499847287217534,3,0.1335854992608635,0.00095364378564097,3,491391.0,0.0,3,491391.0,0.0,3,26.666666666666668,1.7638342073763935,3,0.5212119027828953,0.004273352926920608,3,10.0,0.0,3,0.45456832695830385,0.0,3,0.38746051049302027,0.003159924895793703,3,15.666666666666666,0.6666666666666666,3,0.31855225563049316,0.0,3,0.14117496212323508,0.002106931182752184,3,1.3333333333333333,0.3333333333333333,3,522.3666666666667,22.518905637510684,3
ec08286a91,0.17013428322474158,4.10857248784716e-05,3,0.11511824038474834,0.0007957842302215629,3,0.016469559026142905,0.00020835850708250558,3,0.014812708216369467,0.0002140762209169043,3,0.11498631536960602,0.0008095450247874088,3,0.11597749608829792,0.002616407930604248,3,351551.0,0.0,3,351551.0,0.0,3,50.0,0.0,3,0.4816282104050115,0.007571236572630216,3,20.0,0.0,3,0.45456832695830385,0.0,3,0.3526903082871589,0.0023691729314552607,3,9.666666666666666,0.3333333333333332,3,0.31855225563049316,0.0,3,0.12234350542227428,0.000703315288982635,3,1.0,0.0,3,401.43333333333334,8.177679649169729,3
ed51de4f13,0.15669180079301198,9.366972124819566e-05,3,0.20452897585699784,0.0003480953841835978,3,0.05097394204013562,0.0003415510457324557,3,-0.010180944803530578,0.0006631636539285431,3,0.061784485975901283,0.0013286013727683485,3,0.20830770089662898,0.0014251322448515587,3,491391.0,0.0,3,491391.0,0.0,3,50.0,0.0,3,0.6209483373212893,0.002515644581912835,3,2.0,0.0,3,0.45456832695830385,0.0,3,0.5143641013700214,0.0013036944574216674,3,38.0,0.5773502691896257,3,0.31855225563049316,0.0,3,0.21399768193562826,0.000450487844763499,3,8.0,0.0,3,551.9333333333333,19.849125365561516,3
edaab61edf,0.16811508468786873,0.0002929085680696474,3,0.13171474387165374,0.00029625051867799825,3,0.020692934119512164,0.000545322781163003,3,0.014918678652041805,0.0006758164072544439,3,0.116967278222243,0.0013408214312166523,3,0.13748860595011436,0.0007773674182857829,3,351551.0,0.0,3,351551.0,0.0,3,18.666666666666668,1.2018504251546633,3,0.5387459706487374,0.01293671569807812,3,10.0,0.0,3,0.45456832695830385,0.0,3,0.4066365852424389,0.00889096926335579,3,15.0,1.5275252316519468,3,0.31855225563049316,0.0,3,0.1400655855735143,0.0006427341612989211,3,1.0,0.0,3,223.79999999999998,5.564470624716534,3
ee3ec47f5c,0.17102294262250264,0.00013659723116309308,3,0.11647233662532737,0.00042561120291377443,3,0.016095741400643,0.0002863980889642515,3,0.010517950726564598,0.00022992595136459959,3,0.10819706817468007,0.0006103868386629625,3,0.11587408767093377,0.001295320691919022,3,620351.0,0.0,3,620351.0,0.0,3,49.333333333333336,0.6666666666666664,3,0.47368414085345933,0.014371953868498936,3,10.0,0.0,3,0.45456832695830385,0.0,3,0.37981041442567465,0.007707220099561582,3,16.0,1.0,3,0.31855225563049316,0.0,3,0.12658757468064627,0.0005723716947933623,3,1.0,0.0,3,480.8,4.650089604871424,3
ee6b09be22,0.1679744518995285,7.500873656914705e-05,3,0.13411964488025355,0.0007932663971728544,3,0.019536280442797947,0.0003927179679591665,3,0.013134859857105073,5.793218737563073e-05,3,0.11566148698329926,0.0004919330263826182,3,0.13961158065913992,0.00117381801161897,3,351551.0,0.0,3,351551.0,0.0,3,41.0,3.0,3,0.589783166994017,0.006256223990184177,3,5.0,0.0,3,0.45456832695830385,0.0,3,0.4457008392546708,0.00401657893218528,3,19.333333333333332,1.763834207376394,3,0.31855225563049316,0.0,3,0.14275828500588736,0.0007320370803644875,3,2.0,0.0,3,319.7,13.85869161693604,3
ee950e1d1e,0.15267266035079954,5.846822359728099e-05,3,0.24693237514974795,7.824013765557971e-05,3,0.07472277854485486,0.0003024889627304931,3,-0.0050863976831789365,0.0001282825627943403,3,0.09285694112380345,0.001148024740175175,3,0.25542011480274857,0.0015794568060642025,3,217151.0,0.0,3,217151.0,0.0,3,38.666666666666664,1.7638342073763933,3,0.7897249630123652,0.0017691421852429228,3,1.0,0.0,3,0.45456832695830385,0.0,3,0.6802703522240593,0.0004952133742837509,3,60.666666666666664,0.33333333333333365,3,0.31855225563049316,0.0,3,0.25917847951253253,0.00014245899389701497,3,13.0,0.0,3,436.7,8.247625921035317,3
eee452bacf,0.15501148915290833,0.00010269758973359105,3,0.22993598350394215,0.00030646393796126187,3,0.062465884382762606,0.0010217834221137188,3,-0.006364218772403778,0.0014282133346061577,3,0.07763503243525822,0.0007451016677116554,3,0.2363026952462196,0.0007970517525198436,3,620351.0,0.0,3,620351.0,0.0,3,18.666666666666668,0.33333333333333365,3,0.7086983512732278,0.0008893807029680304,3,1.0,0.0,3,0.45456832695830385,0.0,3,0.6016135341699337,0.0016720769846697995,3,50.666666666666664,0.881917103688197,3,0.31855225563049316,0.0,3,0.24222766359647116,0.00038187910318268983,3,10.333333333333334,0.3333333333333334,3,258.40000000000003,2.003330560175551,3
eeef439380,0.17083971373240156,5.142840540872863e-05,3,0.12439702019004095,5.631041019709907e-05,3,0.016843977743986424,0.0008100594096863087,3,0.01107027637895453,4.437813144271313e-05,3,0.114353912572066,0.0008653478889451328,3,0.12489641023748706,0.001164725827345777,3,620351.0,0.0,3,620351.0,0.0,3,31.333333333333332,0.3333333333333332,3,0.5004686289304366,0.006646882139434051,3,10.0,0.0,3,0.45456832695830385,0.0,3,0.3957391344651637,0.005466486776714744,3,16.333333333333332,0.6666666666666669,3,0.31855225563049316,0.0,3,0.13453986744085947,0.00019376579740899006,3,1.0,0.0,3,366.1333333333334,0.16666666666666194,3
ef790ce1a4,0.16846113153298695,1.3802147740176893e-05,3,0.12405099218451283,0.0006212653450128972,3,0.0191494623819987,0.0002471036576856492,3,0.015860062112253177,0.00015828243410720712,3,0.11735466619332631,0.0008538459023549886,3,0.13030910731040277,0.001899198917219899,3,217151.0,0.0,3,217151.0,0.0,3,50.0,0.0,3,0.5451782509249405,0.0015471536713696043,3,5.0,0.0,3,0.45456832695830385,0.0,3,0.4103344987278003,0.0011672719470860271,3,16.666666666666668,0.33333333333333365,3,0.31855225563049316,0.0,3,0.13161746660868326,0.0006099692324141753,3,2.0,0.0,3,311.7333333333333,3.3829638550307384,3
f0986672f2,0.17020688633124034,0.00015344344253770224,3,0.11384607810328519,0.0012666579929501579,3,0.014397111519303903,0.0003716012077508046,3,0.006527269643450541,0.0003581121022340092,3,0.09247845908006032,0.0011694703772497322,3,0.11247807640353309,0.001713134195884185,3,491391.0,0.0,3,491391.0,0.0,3,49.0,1.0,3,0.4703879927132076,0.009912558988251234,3,10.0,0.0,3,0.45456832695830385,0.0,3,0.35648087696876596,0.006296606906387718,3,14.333333333333334,0.3333333333333334,3,0.31855225563049316,0.0,3,0.12101054191589355,0.0014860045220965363,3,0.6666666666666666,0.33333333333333337,3,516.1666666666666,13.808733146495047,3
f0a293c203,0.16779100215435028,9.326737383041815e-05,3,0.13854954454706855,0.0011516726596930047,3,0.021260381060302574,0.0007664263868115379,3,0.018525145041248785,0.0008910837117425177,3,0.12819264829158783,0.0018695269527060972,3,0.14288507385252905,0.0016737137510487046,3,217151.0,0.0,3,217151.0,0.0,3,38.666666666666664,2.8480012484391772,3,0.5821272669725902,0.006381636369852142,3,5.0,0.0,3,0.45456832695830385,0.0,3,0.4315668312271517,0.004614470071368111,3,17.0,0.5773502691896257,3,0.31855225563049316,0.0,3,0.14585508902867636,0.0009344091797343996,3,2.0,0.0,3,496.8666666666666,16.596619468366967,3
f16c23712b,0.1546936224301656,0.0001100959369461972,3,0.23184299338370176,0.00035123701189925866,3,0.06715391489563795,0.00037495978228894273,3,-0.0065048084687934354,0.0004671710366573367,3,0.08732571949561437,0.0014572662567902527,3,0.24132269737767956,0.0013444235123497483,3,163391.0,0.0,3,163391.0,0.0,3,50.0,0.0,3,0.7600890357677402,0.0023185599795049775,3,1.0,0.0,3,0.45456832695830385,0.0,3,0.6666598967278716,0.0015471346669180153,3,61.0,0.0,3,0.31855225563049316,0.0,3,0.2428008367617925,0.0003217870981430299,3,10.0,0.5773502691896257,3,305.8,1.167618659209144,3
f1e5df4b46,0.17068773869673412,0.00020678149035603712,3,0.10678194484917129,0.0025504563842475864,3,0.011712919467340701,0.0006535969515768779,3,0.009133324421272076,0.00036629133916780406,3,0.10233059525489807,0.0015703901877349644,3,0.10470882790725573,0.0007480279889097747,3,491391.0,0.0,3,491391.0,0.0,3,45.0,5.0,3,0.3882567269396911,0.010460603381094731,3,20.0,0.0,3,0.45456832695830385,0.0,3,0.28916339064950947,0.00897066158662637,3,9.666666666666666,0.6666666666666666,3,0.31855225563049316,0.0,3,0.1118413507938385,0.002656983291250428,3,0.0,0.0,3,473.56666666666666,33.17078701374315,3
f21a03ad0c,0.16755603432655333,0.00013700506750207155,3,0.14259663514832738,0.0008407567686360221,3,0.017509556005871483,0.00020495357183999947,3,0.006336712647998145,0.0009240165948300512,3,0.1087776670853297,0.0017665675135660184,3,0.1450232748257124,0.0007019146944515894,3,483007.0,0.0,3,483007.0,0.0,3,25.333333333333332,0.3333333333333332,3,0.5577261102828985,0.007120412948848247,3,5.0,0.0,3,0.45456832695830385,0.0,3,0.4230845200775457,0.00731047886205972,3,18.0,1.1547005383792515,3,0.31855225563049316,0.0,3,0.15176462630430856,0.0011058209285122527,3,2.0,0.0,3,522.4333333333334,5.405655474696038,3
f24cbac16b,0.1701802395184835,0.0001640182109665072,3,0.11351698618781464,0.0014135394969627866,3,0.015630216194839074,0.0005936487440765864,3,0.014170234480862895,0.0006022227126541293,3,0.11361890286207199,0.0017419330325997833,3,0.1163790110645911,0.0014349930000627177,3,351551.0,0.0,3,351551.0,0.0,3,50.0,0.0,3,0.4752917772856875,0.0030582781023232508,3,20.0,0.0,3,0.45456832695830385,0.0,3,0.3516873473936845,0.002552747793907655,3,10.333333333333334,0.3333333333333334,3,0.31855225563049316,0.0,3,0.12104246268669765,0.0015307997518805537,3,1.0,0.0,3,418.6333333333334,2.2578258962501407,3
f30942d159,0.15800815053780873,0.00010545840344664036,3,0.2145099328234824,0.0005363021795034593,3,0.05570492290315174,0.00044861668905506365,3,-0.010592079036450259,0.0005778253902494515,3,0.07044425110022227,0.001149071121718874,3,0.22323133440678813,0.001072808014844922,3,620351.0,0.0,3,620351.0,0.0,3,50.0,0.0,3,0.7037390348714374,0.0008040451889258003,3,2.0,0.0,3,0.45456832695830385,0.0,3,0.6235569522336185,0.00034412395850047837,3,54.333333333333336,0.33333333333333365,3,0.31855225563049316,0.0,3,0.22595985233783722,0.00058669152988423,3,6.0,0.0,3,601.3000000000001,9.915812288125105,3
f316f4e592,0.1694041512409846,8.028492667541771e-05,3,0.1288082386069033,0.00043710266408042724,3,0.020332343048519556,0.00044477480502072943,3,0.01925925129935855,0.00036861658311805584,3,0.12808628877003989,0.0010252438130156074,3,0.13149903022353157,0.0017245905491212645,3,163391.0,0.0,3,163391.0,0.0,3,21.666666666666668,0.3333333333333332,3,0.507824434711584,0.0005854978620463046,3,20.0,0.0,3,0.45456832695830385,0.0,3,0.36160769053453495,0.002149789924715,3,8.0,0.5773502691896257,3,0.31855225563049316,0.0,3,0.1342295507589976,0.0005817175952697482,3,1.0,0.0,3,227.9666666666667,1.2018504251546624,3
f388cac118,0.15365346237023672,0.0003017998356835566,3,0.2431390803432886,0.0006274053478976449,3,0.07260723593373779,0.0005166046803773929,3,-0.007680549508049375,0.001167380900625123,3,0.08617097636063893,0.0022811774836349395,3,0.25096693955380084,0.0011032438705515476,3,217151.0,0.0,3,217151.0,0.0,3,34.0,2.6457513110645907,3,0.7670129480309545,0.0015957905177463798,3,1.0,0.0,3,0.45456832695830385,0.0,3,0.6471563935735304,0.0009538344131800615,3,59.333333333333336,0.33333333333333365,3,0.31855225563049316,0.0,3,0.25476573904355365,0.0007165602144753187,3,12.666666666666666,0.6666666666666669,3,488.93333333333334,37.69846740179825,3
f3a55990b9,0.15508005360762278,0.0002032566814697503,3,0.23201613117990638,7.625471094070657e-05,3,0.05889707614505102,0.0007109658130205831,3,-0.007027892208603954,0.0005369897641405043,3,0.07240865876277287,0.000983930466401456,3,0.23887386890300433,0.0012866771165337615,3,417471.0,0.0,3,417471.0,0.0,3,50.0,0.0,3,0.7084872093246753,0.002194854090617671,3,1.0,0.0,3,0.45456832695830385,0.0,3,0.5998647854235739,0.0017177621376163689,3,51.0,0.5773502691896257,3,0.31855225563049316,0.0,3,0.24326753119627634,0.00010709929085365522,3,9.333333333333334,0.3333333333333334,3,540.1666666666666,5.399485572204513,3
f40fda5ed8,0.16937468906243644,8.323537756100056e-05,3,0.13935224847649572,0.0023683989427599837,3,0.009718817062478848,0.0015442024389653076,3,0.0005177549584202034,0.0021748874632618372,3,0.10761875659227371,0.00254598011430222,3,0.14359223616948266,0.0007177417202614686,3,417471.0,0.0,3,417471.0,0.0,3,28.666666666666668,2.4037008503093262,3,0.5593176399138119,0.011239758601659378,3,5.0,0.0,3,0.45456832695830385,0.0,3,0.4199081155672168,0.003601768270649282,3,15.333333333333334,0.3333333333333334,3,0.31855225563049316,0.0,3,0.1477395941813787,0.002345750357046782,3,2.0,0.0,3,516.3666666666667,11.354490056556669,3
f419e89a3c,0.168496476372083,8.5438225061618e-05,3,0.12354456094170119,0.0005002809639013544,3,0.018600346865477384,0.00018584982718925132,3,0.012418501591556287,0.00021764933585257377,3,0.11027886221806209,0.0006286971373234746,3,0.12788863790271346,0.001706148341779354,3,351551.0,0.0,3,351551.0,0.0,3,50.0,0.0,3,0.561992428391897,0.0045163132130441,3,5.0,0.0,3,0.45456832695830385,0.0,3,0.4338301854644048,0.003973018984236916,3,19.0,1.0,3,0.31855225563049316,0.0,3,0.1322473188241323,0.0004941419274193651,3,2.0,0.0,3,380.43333333333334,7.860732224870111,3
f4860c890c,0.1690477786461512,4.744872891325977e-05,3,0.12940489569255256,0.0005983509861697458,3,0.020694206631372846,0.0002819680399330216,3,0.02018938871918532,0.00021614610113351445,3,0.130632683634758,5.736950349497161e-05,3,0.13209718564877107,0.0021733696802556522,3,217151.0,0.0,3,217151.0,0.0,3,44.0,3.0,3,0.5139965583072449,0.006762498634160628,3,20.0,0.0,3,0.45456832695830385,0.0,3,0.37851828652405134,0.0042456447135552225,3,9.666666666666666,0.881917103688197,3,0.31855225563049316,0.0,3,0.136202871799469,0.0005573838593008253,3,1.0,0.0,3,328.3333333333333,12.05575012643806,3
f544ae354f,0.16909196237723031,0.00021615054769295164,3,0.13594411106345763,0.0006985904412879908,3,0.011798320939301185,0.0005786980750974528,3,0.003981439840225947,0.0009057773504747628,3,0.10915019859870274,0.0004969023908847238,3,0.13873183539057907,0.0004302101357533801,3,417471.0,0.0,3,417471.0,0.0,3,32.666666666666664,3.2829526005987013,3,0.5353805377671438,0.0043984180158237645,3,5.0,0.0,3,0.45456832695830385,0.0,3,0.40473789731597876,0.001735955388658227,3,15.333333333333334,0.3333333333333332,3,0.31855225563049316,0.0,3,0.14390490452448526,0.0005131036214112207,3,2.0,0.0,3,325.06666666666666,16.934415975888985,3
f55a317c19,0.15274964670340221,0.0001609847876242459,3,0.24563617888095068,0.0006514985734724272,3,0.07249729500876533,0.0010993468643764946,3,-0.011596793220156715,0.0020231520745527076,3,0.06369041775663693,0.002476124827848368,3,0.2525304952336654,0.0013087245586866545,3,417471.0,0.0,3,417471.0,0.0,3,29.333333333333332,2.4037008503093262,3,0.7250828429749369,0.008697513190090439,3,1.0,0.0,3,0.45456832695830385,0.0,3,0.5952614126951913,0.0033479911269351506,3,52.0,0.5773502691896257,3,0.31855225563049316,0.0,3,0.25680126746495563,0.0006223721957231066,3,13.333333333333334,0.3333333333333332,3,283.56666666666666,14.426980896146556,3
f77d3d3ae7,0.15500023074944813,0.00020342368538909722,3,0.23362227061126636,0.00041923147021177484,3,0.06350995056212895,0.0013679288396884156,3,-0.005779177108138957,0.00025274129827456977,3,0.07665963719288509,0.0013076337144575228,3,0.24052925318745874,0.0005655814182848242,3,483007.0,0.0,3,483007.0,0.0,3,32.666666666666664,0.6666666666666664,3,0.7247891786090307,0.0035518005563492648,3,2.0,0.0,3,0.45456832695830385,0.0,3,0.5931337010550743,0.002299332578825677,3,53.0,0.5773502691896257,3,0.31855225563049316,0.0,3,0.24554732938607535,0.0006254159538137829,3,9.666666666666666,0.3333333333333334,3,599.4666666666667,15.970006609613884,3
f887e284df,0.15445806169509887,7.629779178128956e-05,3,0.21630322351804118,0.0007452283959126022,3,0.05718122966705807,0.0004412181550100094,3,-0.014029495615177053,0.0011998570539016253,3,0.055841981122891106,0.0007331741450241016,3,0.2213278077547296,0.0007589870010454567,3,491391.0,0.0,3,491391.0,0.0,3,50.0,0.0,3,0.6448000751162115,0.0005740603064607294,3,1.0,0.0,3,0.45456832695830385,0.0,3,0.5372152244471637,0.000601106879160613,3,42.0,0.5773502691896257,3,0.31855225563049316,0.0,3,0.22642803688844046,0.0008818214111796348,3,8.333333333333334,0.3333333333333334,3,538.1999999999999,15.08685962463141,3
f914591d4e,0.17170125540097556,0.0005232381139921255,3,0.12097658147357297,0.0008908901717719406,3,0.006663828615158324,0.0028230088219362375,3,0.004824321105997399,0.0027373102653931282,3,0.11943720529476802,0.00017957070896046,3,0.12469585524259995,0.0014388922855850812,3,483007.0,0.0,3,483007.0,0.0,3,32.333333333333336,2.185812841434,3,0.49377850602057743,0.003872922583689365,3,20.0,0.0,3,0.45456832695830385,0.0,3,0.3464738244354906,0.0002847489704047745,3,10.333333333333334,0.3333333333333332,3,0.31855225563049316,0.0,3,0.1279720515012741,0.0009993154499392692,3,1.0,0.0,3,315.76666666666665,10.74590361228149,3
f9d947d781,0.15541686991850537,2.2698032163571863e-05,3,0.23444498246249337,0.00031151425773891787,3,0.06926473265602474,0.00021099653895222052,3,0.0011421290654984732,0.00028788085222705966,3,0.10742201159397761,0.0007167477651348289,3,0.24485321814929265,0.0011869638651018938,3,163391.0,0.0,3,163391.0,0.0,3,33.0,2.309401076758503,3,0.7739455719507112,0.0019981324040650133,3,2.0,0.0,3,0.45456832695830385,0.0,3,0.6531921614137696,0.00167615017595285,3,60.333333333333336,0.6666666666666664,3,0.31855225563049316,0.0,3,0.24560522039731345,0.00042440483777834596,3,9.0,0.0,3,235.16666666666666,5.78974188639797,3
f9fcf5c889,0.16946708683172862,0.00015203309474399164,3,0.12579700235185337,0.00026353798405510644,3,0.018018840797363767,0.0005504546931698547,3,0.015774073424162687,0.00023965229566297444,3,0.12462815642356873,0.0003747972413762638,3,0.1252027798587747,0.0014456620658920703,3,620351.0,0.0,3,620351.0,0.0,3,17.333333333333332,0.33333333333333365,3,0.479005689424046,0.009079781005155581,3,20.0,0.0,3,0.45456832695830385,0.0,3,0.36439408240100457,0.00710214326705319,3,13.0,0.5773502691896257,3,0.31855225563049316,0.0,3,0.13507097959518433,0.0004216498946602297,3,1.0,0.0,3,257.96666666666664,3.7100464207937285,3
fa8d503d8b,0.1533538509607315,0.0001633642105236096,3,0.24416595598617763,0.0008096714952125939,3,0.07327777399587883,0.0009258714966520095,3,-0.006976476106694136,0.0009617302937065782,3,0.08861344804366429,0.0008736921074385303,3,0.2517725844183905,0.0013969014177488827,3,217151.0,0.0,3,217151.0,0.0,3,30.0,1.5275252316519468,3,0.769327164235894,0.0009939280254814401,3,1.0,0.0,3,0.45456832695830385,0.0,3,0.6494936031332547,0.001393532106849796,3,59.0,0.0,3,0.31855225563049316,0.0,3,0.2558761735757192,0.001003216062388809,3,12.0,1.0,3,236.26666666666665,5.044579048620192,3
faf4c8bd9b,0.15273480208714804,0.00011148479326028566,3,0.24734964938935047,0.00019134195944307716,3,0.07580975754551156,0.0002845361401498439,3,-0.0040072622122587975,0.0009215434803606151,3,0.09965609014034271,0.0005146511081484458,3,0.25748081841077447,0.0015428423324821317,3,163391.0,0.0,3,163391.0,0.0,3,50.0,0.0,3,0.7832220935237132,0.0024516162817578447,3,1.0,0.0,3,0.45456832695830385,0.0,3,0.678535001534042,0.0007378022388059561,3,62.0,0.0,3,0.31855225563049316,0.0,3,0.2590957482655843,5.98101657210517e-05,3,13.0,0.5773502691896257,3,293.3,1.5534906930308041,3
fc2d2c2813,0.16942116292317708,0.00032104015331562303,3,0.12768698919177038,0.0017897263590573005,3,0.01955553085084945,0.0008197259706771362,3,0.01855808685696314,0.0007103782094595745,3,0.1269632875919342,0.0018476974276507405,3,0.13267561977354977,0.0018594656641621292,3,217151.0,0.0,3,217151.0,0.0,3,21.666666666666668,1.201850425154663,3,0.5011453873163996,0.007021035516845338,3,20.0,0.0,3,0.45456832695830385,0.0,3,0.3608480718448366,0.004952728287369933,3,8.666666666666666,0.3333333333333334,3,0.31855225563049316,0.0,3,0.13369237383206686,0.0019747369514938914,3,1.0,0.0,3,218.36666666666667,3.9859475382621117,3
fca321d7f3,0.17078920181592305,0.0006229794674908837,3,0.12448541423411924,0.0008775678579589892,3,0.015451566567496649,0.00029222467891854513,3,0.004831786193544903,0.001057539945549004,3,0.0963891272743543,0.0005863381373445303,3,0.12641639369715743,0.000543507215967952,3,491391.0,0.0,3,491391.0,0.0,3,37.0,5.5677643628300215,3,0.5011367204753631,0.013570451279249855,3,10.0,0.0,3,0.45456832695830385,0.0,3,0.37930382860288203,0.003553201902513243,3,15.666666666666666,0.881917103688197,3,0.31855225563049316,0.0,3,0.13356478015581766,0.0009817911886822125,3,1.3333333333333333,0.3333333333333333,3,357.56666666666666,32.52467439413414,3
fcbc23a794,0.17048078465461733,0.0003346219931543374,3,0.1275533644423136,0.00046713724213225897,3,0.016890315782456172,0.00048229913825601726,3,0.010931280554917754,0.00025267726126323146,3,0.11496182531118393,0.0007892269826826302,3,0.1305298575730053,0.0013991378606824825,3,620351.0,0.0,3,620351.0,0.0,3,28.0,0.5773502691896257,3,0.5438863219335281,0.007519370003205998,3,10.0,0.0,3,0.45456832695830385,0.0,3,0.4176630339141156,0.002552320895796626,3,18.666666666666668,0.6666666666666664,3,0.31855225563049316,0.0,3,0.13817338148752847,0.0006274595616325902,3,1.0,0.0,3,586.8333333333334,16.65025858991718,3
fcd40fe253,0.17121391574541725,8.407454707068004e-05,3,0.1056907520986355,0.0014072048329290886,3,0.010670622189839682,0.00028818752582082966,3,0.007745328719023043,0.0006321844503193763,3,0.10146163900693257,0.0012116531208482724,3,0.10579434289959783,0.001552726953708025,3,491391.0,0.0,3,491391.0,0.0,3,49.333333333333336,0.6666666666666664,3,0.40129750124533664,0.01981762001654037,3,20.0,0.0,3,0.45456832695830385,0.0,3,0.2978396775321857,0.010312855816176062,3,10.666666666666666,0.6666666666666669,3,0.31855225563049316,0.0,3,0.11098767817020416,0.0015502134755995703,3,0.0,0.0,3,459.26666666666665,5.930242640716969,3
fd6f0a0c63,0.15524336127440133,9.150671630035382e-05,3,0.23365666397693932,0.00029754507834292077,3,0.06060848255006094,0.0012807222209613232,3,-0.005306135725092005,0.0011562073359296149,3,0.0785558099548022,0.0020371450757422486,3,0.241007201342937,0.0008890470030478022,3,483007.0,0.0,3,483007.0,0.0,3,31.666666666666668,2.0275875100994067,3,0.7216990955069876,0.0032481676084363665,3,2.0,0.0,3,0.45456832695830385,0.0,3,0.5945924293554951,0.0019624922231013292,3,53.0,0.5773502691896257,3,0.31855225563049316,0.0,3,0.2453287790218989,0.0003284596261447702,3,9.0,0.0,3,314.3333333333333,12.156525453891458,3
fd9ff36de4,0.15492544313271842,0.00014546861638785062,3,0.2300787569440327,0.0010702056767880137,3,0.058245662974302094,0.0006322601764941754,3,-0.007198962900373671,0.0005516835446323129,3,0.07163057724634807,0.000999640834842536,3,0.23537698688320033,0.0019414650026678474,3,483007.0,0.0,3,483007.0,0.0,3,50.0,0.0,3,0.6992910060480065,0.004118190911825937,3,1.0,0.0,3,0.45456832695830385,0.0,3,0.5912317234157459,0.002615431478501173,3,51.0,1.1547005383792515,3,0.31855225563049316,0.0,3,0.24135605990886688,0.0011504600174124418,3,9.333333333333334,0.3333333333333334,3,582.1333333333333,10.343650763203044,3
fdcbeb0dd1,0.16930777057011923,3.877371677135531e-05,3,0.1375170387466271,0.000878374647920893,3,0.011620807899999872,0.0010329898308924182,3,0.0031097827765045973,0.0012790343754011317,3,0.10773251205682755,0.0032124678101249013,3,0.13952164317087304,0.0007690733975641685,3,483007.0,0.0,3,483007.0,0.0,3,36.666666666666664,2.185812841434001,3,0.5488690660072298,0.0035046543276288943,3,5.0,0.0,3,0.45456832695830385,0.0,3,0.41207285420914025,0.003690669380652822,3,16.0,0.5773502691896257,3,0.31855225563049316,0.0,3,0.1461352457602819,0.0008608470730010636,3,2.0,0.0,3,347.3333333333333,11.922853871638473,3
fdf2aed74b,0.16797849643230436,0.00011902696039984037,3,0.13541973385863568,0.0005307761066353909,3,0.020366704022442852,0.0010102290486952985,3,0.013665577406605714,0.0006839328183474777,3,0.11706063151359558,0.0012094783628462745,3,0.13961664924851272,0.0009276403707365748,3,351551.0,0.0,3,351551.0,0.0,3,41.333333333333336,1.201850425154663,3,0.5970358975733746,0.0025516357069181694,3,5.0,0.0,3,0.45456832695830385,0.0,3,0.4511322845315395,0.002149360444685358,3,20.333333333333332,0.3333333333333332,3,0.31855225563049316,0.0,3,0.1443004459142685,0.0005174798753505588,3,2.0,0.0,3,338.93333333333334,4.5476489652469025,3
fe230743bd,0.1536145738363266,0.00039650319619529404,3,0.23753275784895936,0.000692248929018328,3,0.06857663109188988,0.00047508202293408095,3,-0.019243521980507664,0.0005406551864373657,3,0.05109881485501925,0.0005357710145044737,3,0.24219034477377102,0.0015149374445217927,3,491391.0,0.0,3,491391.0,0.0,3,46.0,3.0550504633038935,3,0.6921683676746907,0.003562359739326941,3,1.0,0.0,3,0.45456832695830385,0.0,3,0.558449331806378,0.002623688326334575,3,46.666666666666664,0.33333333333333365,3,0.31855225563049316,0.0,3,0.24806204934914908,0.0005982572720081081,3,13.0,0.5773502691896257,3,408.6333333333334,14.67427832789213,3
ffa19b888e,0.16916763234138488,0.00021882090037249598,3,0.12734516362945553,0.0023740106438366617,3,0.01682578823553822,0.0008415694879143445,3,0.012020633334205263,0.001278797950510428,3,0.1191525508960088,0.0017510621933595984,3,0.13161341069129998,0.002467549280135957,3,483007.0,0.0,3,483007.0,0.0,3,17.333333333333332,0.33333333333333365,3,0.4785259457487294,0.016613224397430612,3,20.0,0.0,3,0.45456832695830385,0.0,3,0.3443811811956217,0.013913419995909877,3,10.666666666666666,0.8819171036881969,3,0.31855225563049316,0.0,3,0.1342836171388626,0.002541097637266246,3,1.0,0.0,3,261.3333333333333,1.6230971765252986,3
ffad63a0d0,0.1689629161755244,0.00017172751680751347,3,0.13016242707355047,0.0008788434547767712,3,0.01887927074280996,0.0007421689136805739,3,0.014666620070341403,0.000299759543458197,3,0.11932117243607838,0.001225348151869376,3,0.1349910436582835,0.0006205530116193683,3,351551.0,0.0,3,351551.0,0.0,3,39.333333333333336,1.2018504251546636,3,0.5541518601900037,0.0061673426946532595,3,10.0,0.0,3,0.45456832695830385,0.0,3,0.4119975248720305,0.0026652757655230472,3,15.666666666666666,0.3333333333333334,3,0.31855225563049316,0.0,3,0.13899933298428854,0.0006059873421077584,3,1.0,0.0,3,316.56666666666666,6.715487903181557,3
ffb2ffe05a,0.16885507961114246,0.0002713800543514633,3,0.13888245484074288,0.001495041176848063,3,0.014653655271681528,0.0017600420507933076,3,0.004500754611202018,0.001358430921216685,3,0.10759774347146352,0.0006224027921478579,3,0.14279252185364996,0.0001782190371214357,3,417471.0,0.0,3,417471.0,0.0,3,28.666666666666668,1.4529663145135578,3,0.5489308609532523,0.010349413214445363,3,5.0,0.0,3,0.45456832695830385,0.0,3,0.41328287390071,0.0049731538249389,3,16.0,0.5773502691896257,3,0.31855225563049316,0.0,3,0.14712115128835043,0.0018050430248107928,3,2.0,0.0,3,279.56666666666666,7.946138125599839,3
