2026-02-01 19:14:11,109 - INFO - ==================================================
2026-02-01 19:14:11,110 - INFO - Experiment run directory: results/binned_2026-02-01_19-14-11
2026-02-01 19:14:11,112 - INFO - Config file: config.yaml (copied to results/binned_2026-02-01_19-14-11/config.yaml)
2026-02-01 19:14:11,112 - INFO - Inference mode: False
2026-02-01 19:14:11,113 - INFO - Random seed: 42
2026-02-01 19:14:11,115 - INFO - ==================================================
2026-02-01 19:14:11,115 - INFO - Total trials: 5000
2026-02-01 19:14:11,138 - INFO - Oracle trials: 1000 (50 patterns × 10 trials)
2026-02-01 19:14:11,139 - INFO - Sample trials: 4000
2026-02-01 19:14:11,142 - INFO - Train: 3400, Val: 600, Test: 1000
2026-02-01 19:14:11,143 - INFO - Dataset config: bin_size=10ms, n_input_bins=1, n_output_bins=6, output_offset=0
2026-02-01 19:14:27,629 - INFO - BinnedStimSpikeDataset initialized:
2026-02-01 19:14:27,633 - INFO -   bin_size_ms=10, n_input_bins=1, n_output_bins=6
2026-02-01 19:14:27,633 - INFO -   output_offset=0, total_bins per trial=60
2026-02-01 19:14:27,634 - INFO -   Valid start positions per trial: 0 to 54
2026-02-01 19:14:27,634 - INFO -   Total samples: 187000 (3400 trials × 55 positions)
2026-02-01 19:14:43,562 - INFO - BinnedStimSpikeDataset initialized:
2026-02-01 19:14:43,566 - INFO -   bin_size_ms=10, n_input_bins=1, n_output_bins=6
2026-02-01 19:14:43,566 - INFO -   output_offset=0, total_bins per trial=60
2026-02-01 19:14:43,566 - INFO -   Valid start positions per trial: 0 to 54
2026-02-01 19:14:43,567 - INFO -   Total samples: 33000 (600 trials × 55 positions)
2026-02-01 19:14:58,937 - INFO - BinnedStimSpikeDataset initialized:
2026-02-01 19:14:58,939 - INFO -   bin_size_ms=10, n_input_bins=1, n_output_bins=6
2026-02-01 19:14:58,939 - INFO -   output_offset=0, total_bins per trial=60
2026-02-01 19:14:58,939 - INFO -   Valid start positions per trial: 0 to 54
2026-02-01 19:14:58,940 - INFO -   Total samples: 55000 (1000 trials × 55 positions)
2026-02-01 19:14:58,963 - INFO - Train samples: 187000, Val samples: 33000, Test samples: 55000
2026-02-01 19:14:58,963 - INFO - Train batches: 1461, Val batches: 258, Test batches: 430
2026-02-01 19:14:58,964 - INFO - Number of stimulation channels: 42
2026-02-01 19:14:58,964 - INFO - Number of recorded neurons: 63
2026-02-01 19:14:58,968 - INFO - Sample X shape: torch.Size([42, 1]) (n_channels, n_input_bins)
2026-02-01 19:14:58,968 - INFO - Sample Y shape: torch.Size([63, 6]) (n_neurons, n_output_bins)
2026-02-01 19:14:58,969 - INFO - Using Apple Silicon MPS acceleration
2026-02-01 19:14:58,969 - INFO - PyTorch version: 2.10.0.dev20251124
2026-02-01 19:14:58,969 - INFO - Device: mps
2026-02-01 19:14:58,970 - INFO - Saved experiment config to results/binned_2026-02-01_19-14-11/config.json
2026-02-01 19:15:05,080 - INFO - Saved spike distribution plot (counts mode) to results/binned_2026-02-01_19-14-11/train_spike_distribution_counts.png
2026-02-01 19:15:11,011 - INFO - Saved spike distribution plot (binary mode) to results/binned_2026-02-01_19-14-11/train_spike_distribution_binary.png
2026-02-01 19:15:11,858 - INFO - Model: MLP
2026-02-01 19:15:11,858 - INFO -   Embedding: 5 categories -> 32-dim vectors
2026-02-01 19:15:11,859 - INFO -   Hidden layers: [128, 64]
2026-02-01 19:15:11,859 - INFO -   Dropout: 0.2
2026-02-01 19:15:11,859 - INFO -   Total parameters: 205,146
2026-02-01 19:15:11,860 - INFO -   Trainable parameters: 205,146
2026-02-01 19:15:11,882 - INFO - Input shape: torch.Size([128, 42, 1]), dtype: torch.int64
2026-02-01 19:15:11,883 - INFO - Output shape: torch.Size([128, 63, 6])
2026-02-01 19:15:11,883 - INFO - Target shape: torch.Size([128, 63, 6])
2026-02-01 19:15:11,884 - INFO - ✓ Output and target shapes match!
2026-02-01 19:15:11,906 - INFO - Sample model outputs (first batch):
2026-02-01 19:15:11,906 - INFO - Sample 0 target (neuron 4, all output bins): [0. 0. 0. 0. 0. 0.]
2026-02-01 19:15:11,907 - INFO - Sample 1 target (neuron 4, all output bins): [0. 0. 0. 0. 0. 1.]
2026-02-01 19:15:11,908 - INFO - Sample 2 target (neuron 4, all output bins): [0. 0. 1. 0. 0. 0.]
2026-02-01 19:15:11,908 - INFO - Sample 3 target (neuron 4, all output bins): [0. 0. 0. 0. 0. 0.]
2026-02-01 19:15:11,908 - INFO - Sample 4 target (neuron 4, all output bins): [0. 0. 0. 0. 0. 1.]
2026-02-01 19:15:11,909 - INFO - Sample 0 model output (neuron 4, all output bins): [-13.81148  -13.745938 -13.787566 -13.795056 -13.766794 -13.761438]
2026-02-01 19:15:11,910 - INFO - Sample 1 model output (neuron 4, all output bins): [-13.789072 -13.809144 -13.78984  -13.743097 -13.78344  -13.823938]
2026-02-01 19:15:11,910 - INFO - Sample 2 model output (neuron 4, all output bins): [-13.777831 -13.805943 -13.774445 -13.813419 -13.786286 -13.850222]
2026-02-01 19:15:11,911 - INFO - Sample 3 model output (neuron 4, all output bins): [-13.792277 -13.759439 -13.795329 -13.796444 -13.745782 -13.813262]
2026-02-01 19:15:11,911 - INFO - Sample 4 model output (neuron 4, all output bins): [-13.793733 -13.792342 -13.786565 -13.759187 -13.800323 -13.808288]
2026-02-01 19:15:11,938 - INFO - Starting training...
2026-02-01 19:15:11,939 - INFO - ==================================================
2026-02-01 19:15:49,627 - INFO - Epoch   1/50 | Train Loss: 3.847961 | Val Loss: 0.172698 | Val Corr: 0.049719 | LR: 1.00e-03
2026-02-01 19:15:49,638 - INFO - Saved best model to results/binned_2026-02-01_19-14-11/best_stim_spike_model.pt
2026-02-01 19:16:28,306 - INFO - Epoch   2/50 | Train Loss: 3.293474 | Val Loss: 0.168538 | Val Corr: 0.041847 | LR: 1.00e-03
2026-02-01 19:17:06,769 - INFO - Epoch   3/50 | Train Loss: 3.240566 | Val Loss: 0.161844 | Val Corr: 0.066266 | LR: 1.00e-03
2026-02-01 19:17:06,777 - INFO - Saved best model to results/binned_2026-02-01_19-14-11/best_stim_spike_model.pt
2026-02-01 19:17:45,304 - INFO - Epoch   4/50 | Train Loss: 3.235142 | Val Loss: 0.165864 | Val Corr: 0.042785 | LR: 1.00e-03
2026-02-01 19:18:23,866 - INFO - Epoch   5/50 | Train Loss: 3.206212 | Val Loss: 0.169694 | Val Corr: 0.042848 | LR: 1.00e-03
2026-02-01 19:19:02,813 - INFO - Epoch   6/50 | Train Loss: 3.197102 | Val Loss: 0.162785 | Val Corr: 0.057879 | LR: 1.00e-03
2026-02-01 19:19:41,278 - INFO - Epoch   7/50 | Train Loss: 3.161831 | Val Loss: 0.163793 | Val Corr: 0.049781 | LR: 1.00e-03
2026-02-01 19:20:20,008 - INFO - Epoch   8/50 | Train Loss: 3.145671 | Val Loss: 0.159296 | Val Corr: 0.052783 | LR: 1.00e-03
2026-02-01 19:20:24,981 - INFO - Starting training...
2026-02-01 19:20:24,981 - INFO - ==================================================
2026-02-01 19:21:03,779 - INFO - Epoch   1/50 | Train Loss: 3.125712 | Val Loss: 0.167680 | Val Corr: 0.047335 | LR: 1.00e-03
2026-02-01 19:21:03,788 - INFO - Saved best model to results/binned_2026-02-01_19-14-11/best_stim_spike_model.pt
2026-02-01 19:22:21,663 - INFO - Starting training...
2026-02-01 19:22:21,664 - INFO - ==================================================
2026-02-01 19:23:00,455 - INFO - Epoch   1/50 | Train Loss: 3.161826 | Val Loss: 3.630269 | Val Corr: 0.230266 | LR: 1.00e-03
2026-02-01 19:23:00,464 - INFO - Saved best model to results/binned_2026-02-01_19-14-11/best_stim_spike_model.pt
2026-02-01 19:23:38,818 - INFO - Epoch   2/50 | Train Loss: 3.055917 | Val Loss: 3.906335 | Val Corr: 0.221583 | LR: 1.00e-03
2026-02-01 19:24:17,087 - INFO - Epoch   3/50 | Train Loss: 3.050420 | Val Loss: 3.816610 | Val Corr: 0.221341 | LR: 1.00e-03
2026-02-01 19:24:55,501 - INFO - Epoch   4/50 | Train Loss: 3.025849 | Val Loss: 4.232290 | Val Corr: 0.217783 | LR: 1.00e-03
2026-02-01 19:25:33,892 - INFO - Epoch   5/50 | Train Loss: 3.007628 | Val Loss: 3.711079 | Val Corr: 0.229595 | LR: 1.00e-03
2026-02-01 19:26:12,300 - INFO - Epoch   6/50 | Train Loss: 2.967714 | Val Loss: 3.293692 | Val Corr: 0.227249 | LR: 1.00e-03
2026-02-01 19:26:50,974 - INFO - Epoch   7/50 | Train Loss: 2.944038 | Val Loss: 3.227212 | Val Corr: 0.231596 | LR: 1.00e-03
2026-02-01 19:26:50,984 - INFO - Saved best model to results/binned_2026-02-01_19-14-11/best_stim_spike_model.pt
2026-02-01 19:27:29,741 - INFO - Epoch   8/50 | Train Loss: 2.912486 | Val Loss: 3.439447 | Val Corr: 0.225141 | LR: 1.00e-03
2026-02-01 19:28:08,456 - INFO - Epoch   9/50 | Train Loss: 2.853683 | Val Loss: 4.351838 | Val Corr: 0.220484 | LR: 1.00e-03
2026-02-01 19:28:47,326 - INFO - Epoch  10/50 | Train Loss: 2.797977 | Val Loss: 4.789934 | Val Corr: 0.227683 | LR: 1.00e-03
2026-02-01 19:29:25,943 - INFO - Epoch  11/50 | Train Loss: 2.776253 | Val Loss: 5.036988 | Val Corr: 0.231626 | LR: 1.00e-03
2026-02-01 19:29:25,958 - INFO - Saved best model to results/binned_2026-02-01_19-14-11/best_stim_spike_model.pt
2026-02-01 19:30:04,603 - INFO - Epoch  12/50 | Train Loss: 2.763252 | Val Loss: 4.641866 | Val Corr: 0.227155 | LR: 1.00e-03
2026-02-01 19:30:43,054 - INFO - Epoch  13/50 | Train Loss: 2.756700 | Val Loss: 4.989911 | Val Corr: 0.233449 | LR: 5.00e-04
2026-02-01 19:30:43,062 - INFO - Saved best model to results/binned_2026-02-01_19-14-11/best_stim_spike_model.pt
2026-02-01 19:31:21,511 - INFO - Epoch  14/50 | Train Loss: 2.737369 | Val Loss: 4.976629 | Val Corr: 0.236683 | LR: 5.00e-04
2026-02-01 19:31:21,520 - INFO - Saved best model to results/binned_2026-02-01_19-14-11/best_stim_spike_model.pt
2026-02-01 19:32:00,081 - INFO - Epoch  15/50 | Train Loss: 2.738029 | Val Loss: 4.824439 | Val Corr: 0.236462 | LR: 5.00e-04
2026-02-01 19:32:38,891 - INFO - Epoch  16/50 | Train Loss: 2.736143 | Val Loss: 5.110340 | Val Corr: 0.236150 | LR: 5.00e-04
2026-02-01 19:33:17,782 - INFO - Epoch  17/50 | Train Loss: 2.734946 | Val Loss: 4.837645 | Val Corr: 0.233922 | LR: 5.00e-04
2026-02-01 19:33:56,199 - INFO - Epoch  18/50 | Train Loss: 2.732418 | Val Loss: 4.984337 | Val Corr: 0.236285 | LR: 5.00e-04
2026-02-01 19:34:34,600 - INFO - Epoch  19/50 | Train Loss: 2.731225 | Val Loss: 4.874677 | Val Corr: 0.240149 | LR: 2.50e-04
2026-02-01 19:34:34,609 - INFO - Saved best model to results/binned_2026-02-01_19-14-11/best_stim_spike_model.pt
2026-02-01 19:35:12,991 - INFO - Epoch  20/50 | Train Loss: 2.724068 | Val Loss: 4.840073 | Val Corr: 0.236466 | LR: 2.50e-04
2026-02-01 19:35:51,393 - INFO - Epoch  21/50 | Train Loss: 2.724803 | Val Loss: 4.826478 | Val Corr: 0.236445 | LR: 2.50e-04
2026-02-01 19:36:31,477 - INFO - Epoch  22/50 | Train Loss: 2.724497 | Val Loss: 4.878642 | Val Corr: 0.236075 | LR: 2.50e-04
2026-02-01 19:37:11,265 - INFO - Epoch  23/50 | Train Loss: 2.723220 | Val Loss: 5.079686 | Val Corr: 0.236669 | LR: 2.50e-04
2026-02-01 19:37:50,003 - INFO - Epoch  24/50 | Train Loss: 2.723342 | Val Loss: 5.073154 | Val Corr: 0.237780 | LR: 2.50e-04
2026-02-01 19:38:29,468 - INFO - Epoch  25/50 | Train Loss: 2.722210 | Val Loss: 4.891370 | Val Corr: 0.237456 | LR: 1.25e-04
2026-02-01 19:39:08,484 - INFO - Epoch  26/50 | Train Loss: 2.718404 | Val Loss: 5.068924 | Val Corr: 0.240341 | LR: 1.25e-04
2026-02-01 19:39:08,497 - INFO - Saved best model to results/binned_2026-02-01_19-14-11/best_stim_spike_model.pt
2026-02-01 19:39:47,314 - INFO - Epoch  27/50 | Train Loss: 2.718639 | Val Loss: 5.058877 | Val Corr: 0.236361 | LR: 1.25e-04
2026-02-01 19:40:26,425 - INFO - Epoch  28/50 | Train Loss: 2.719417 | Val Loss: 5.226785 | Val Corr: 0.238252 | LR: 1.25e-04
2026-02-01 19:41:05,068 - INFO - Epoch  29/50 | Train Loss: 2.718230 | Val Loss: 5.060280 | Val Corr: 0.238998 | LR: 1.25e-04
2026-02-01 19:41:44,041 - INFO - Epoch  30/50 | Train Loss: 2.718719 | Val Loss: 4.907067 | Val Corr: 0.237728 | LR: 1.25e-04
2026-02-01 19:42:23,353 - INFO - Epoch  31/50 | Train Loss: 2.718312 | Val Loss: 5.128049 | Val Corr: 0.237100 | LR: 6.25e-05
2026-02-01 19:43:02,466 - INFO - Epoch  32/50 | Train Loss: 2.716481 | Val Loss: 5.126731 | Val Corr: 0.239631 | LR: 6.25e-05
2026-02-01 19:43:41,415 - INFO - Epoch  33/50 | Train Loss: 2.715854 | Val Loss: 5.024960 | Val Corr: 0.237919 | LR: 6.25e-05
2026-02-01 19:44:20,615 - INFO - Epoch  34/50 | Train Loss: 2.715309 | Val Loss: 5.049999 | Val Corr: 0.239686 | LR: 6.25e-05
2026-02-01 19:44:59,961 - INFO - Epoch  35/50 | Train Loss: 2.715816 | Val Loss: 4.982181 | Val Corr: 0.238158 | LR: 6.25e-05
2026-02-01 19:45:40,355 - INFO - Epoch  36/50 | Train Loss: 2.715384 | Val Loss: 5.104514 | Val Corr: 0.237551 | LR: 6.25e-05
2026-02-01 19:45:40,359 - INFO - Early stopping at epoch 36
2026-02-01 19:45:40,359 - INFO - ==================================================
2026-02-01 19:45:40,359 - INFO - Training complete! Best validation correlation: 0.240341
2026-02-01 19:45:40,361 - INFO - Saved training history to results/binned_2026-02-01_19-14-11/training_history.json
2026-02-01 19:46:38,685 - INFO - Correlation between predicted and actual per-neuron averages: r=0.9370, p=1.45e-29
2026-02-01 19:47:21,237 - INFO - Pattern selectivity summary:
2026-02-01 19:47:21,238 - INFO -   Mean correlation across neurons: 0.1440
2026-02-01 19:47:21,238 - INFO -   Median correlation: 0.1516
2026-02-01 19:47:21,239 - INFO -   Neurons with r > 0.5: 1 / 63
2026-02-01 19:47:21,239 - INFO -   Neurons with r > 0.3: 6 / 63
2026-02-01 19:47:21,369 - INFO - 
Pattern selectivity summary:
2026-02-01 19:47:21,369 - INFO -   Mean correlation across neurons: 0.1440
2026-02-01 19:47:21,369 - INFO -   Median correlation: 0.1516
2026-02-01 19:47:21,370 - INFO -   Neurons with r > 0.5: 1 / 63
2026-02-01 19:47:21,370 - INFO -   Neurons with r > 0.3: 6 / 63
2026-02-01 19:50:47,269 - INFO - Building stim pattern for pattern_name 4033
2026-02-01 19:50:47,280 - INFO - Building stim pattern for pattern_name 4017
2026-02-01 19:50:47,291 - INFO - Building stim pattern for pattern_name 4028
2026-02-01 19:50:47,305 - INFO - Building stim pattern for pattern_name 2739
2026-02-01 19:50:47,315 - INFO - Building stim pattern for pattern_name 4003
2026-02-01 19:50:47,326 - INFO - Building stim pattern for pattern_name 3514
2026-02-01 19:50:47,337 - INFO - Building stim pattern for pattern_name 91
2026-02-01 19:50:47,348 - INFO - Building stim pattern for pattern_name 617
2026-02-01 19:50:47,357 - INFO - Building stim pattern for pattern_name 3852
2026-02-01 19:50:47,367 - INFO - Building stim pattern for pattern_name 4025
2026-02-01 19:50:47,378 - INFO - Building stim pattern for pattern_name 3219
2026-02-01 19:50:47,387 - INFO - Building stim pattern for pattern_name 3708
2026-02-01 19:50:47,396 - INFO - Building stim pattern for pattern_name 2977
2026-02-01 19:50:47,407 - INFO - Building stim pattern for pattern_name 399
2026-02-01 19:50:47,415 - INFO - Building stim pattern for pattern_name 3495
2026-02-01 19:50:47,424 - INFO - Building stim pattern for pattern_name 535
2026-02-01 19:50:47,436 - INFO - Building stim pattern for pattern_name 522
2026-02-01 19:50:47,446 - INFO - Building stim pattern for pattern_name 3430
2026-02-01 19:50:47,457 - INFO - Building stim pattern for pattern_name 4004
2026-02-01 19:50:47,468 - INFO - Building stim pattern for pattern_name 1001
2026-02-01 19:50:47,480 - INFO - Building stim pattern for pattern_name 244
2026-02-01 19:50:47,490 - INFO - Building stim pattern for pattern_name 1209
2026-02-01 19:50:47,501 - INFO - Building stim pattern for pattern_name 858
2026-02-01 19:50:47,511 - INFO - Building stim pattern for pattern_name 2446
2026-02-01 19:50:47,520 - INFO - Building stim pattern for pattern_name 623
2026-02-01 19:50:47,530 - INFO - Building stim pattern for pattern_name 1578
2026-02-01 19:50:47,540 - INFO - Building stim pattern for pattern_name 1268
2026-02-01 19:50:47,549 - INFO - Building stim pattern for pattern_name 47
2026-02-01 19:50:47,561 - INFO - Building stim pattern for pattern_name 1768
2026-02-01 19:50:47,571 - INFO - Building stim pattern for pattern_name 2971
2026-02-01 19:50:47,582 - INFO - Building stim pattern for pattern_name 3515
2026-02-01 19:50:47,591 - INFO - Building stim pattern for pattern_name 238
2026-02-01 19:50:47,602 - INFO - Building stim pattern for pattern_name 90
2026-02-01 19:50:47,611 - INFO - Building stim pattern for pattern_name 2509
2026-02-01 19:50:47,621 - INFO - Building stim pattern for pattern_name 695
2026-02-01 19:50:47,631 - INFO - Building stim pattern for pattern_name 369
2026-02-01 19:50:47,642 - INFO - Building stim pattern for pattern_name 596
2026-02-01 19:50:47,654 - INFO - Building stim pattern for pattern_name 2055
2026-02-01 19:50:47,666 - INFO - Building stim pattern for pattern_name 4040
2026-02-01 19:50:47,676 - INFO - Building stim pattern for pattern_name 2275
2026-02-01 19:50:47,686 - INFO - Building stim pattern for pattern_name 784
2026-02-01 19:50:47,695 - INFO - Building stim pattern for pattern_name 373
2026-02-01 19:50:47,705 - INFO - Building stim pattern for pattern_name 43
2026-02-01 19:50:47,714 - INFO - Building stim pattern for pattern_name 3162
2026-02-01 19:50:47,726 - INFO - Building stim pattern for pattern_name 3934
2026-02-01 19:50:47,736 - INFO - Building stim pattern for pattern_name 3718
2026-02-01 19:50:47,746 - INFO - Building stim pattern for pattern_name 2046
2026-02-01 19:50:47,755 - INFO - Building stim pattern for pattern_name 3660
2026-02-01 19:50:47,765 - INFO - Building stim pattern for pattern_name 2329
2026-02-01 19:50:47,777 - INFO - Building stim pattern for pattern_name 1278
2026-02-01 19:50:47,788 - INFO - Building stim pattern for pattern_name 3361
2026-02-01 19:50:47,797 - INFO - Building stim pattern for pattern_name 277
2026-02-01 19:50:47,807 - INFO - Building stim pattern for pattern_name 2556
2026-02-01 19:50:47,817 - INFO - Building stim pattern for pattern_name 3010
2026-02-01 19:50:47,827 - INFO - Building stim pattern for pattern_name 4038
2026-02-01 19:50:47,836 - INFO - Building stim pattern for pattern_name 1626
2026-02-01 19:50:47,846 - INFO - Building stim pattern for pattern_name 2212
2026-02-01 19:50:47,856 - INFO - Building stim pattern for pattern_name 2428
2026-02-01 19:50:47,867 - INFO - Building stim pattern for pattern_name 840
2026-02-01 19:50:47,877 - INFO - Building stim pattern for pattern_name 4022
2026-02-01 19:50:47,888 - INFO - Building stim pattern for pattern_name 2597
2026-02-01 19:50:47,897 - INFO - Building stim pattern for pattern_name 2560
2026-02-01 19:50:47,907 - INFO - Building stim pattern for pattern_name 3531
2026-02-01 19:50:47,915 - INFO - Building stim pattern for pattern_name 3288
2026-02-01 19:50:47,924 - INFO - Building stim pattern for pattern_name 3119
2026-02-01 19:50:47,933 - INFO - Building stim pattern for pattern_name 776
2026-02-01 19:50:47,942 - INFO - Building stim pattern for pattern_name 3074
2026-02-01 19:50:47,951 - INFO - Building stim pattern for pattern_name 2100
2026-02-01 19:50:47,960 - INFO - Building stim pattern for pattern_name 449
2026-02-01 19:50:47,970 - INFO - Building stim pattern for pattern_name 716
2026-02-01 19:50:47,980 - INFO - Building stim pattern for pattern_name 4034
2026-02-01 19:50:47,990 - INFO - Building stim pattern for pattern_name 3365
2026-02-01 19:50:48,000 - INFO - Building stim pattern for pattern_name 1181
2026-02-01 19:50:48,010 - INFO - Building stim pattern for pattern_name 4030
2026-02-01 19:50:48,021 - INFO - Building stim pattern for pattern_name 4031
2026-02-01 19:50:48,032 - INFO - Building stim pattern for pattern_name 1296
2026-02-01 19:50:48,042 - INFO - Building stim pattern for pattern_name 814
2026-02-01 19:50:48,051 - INFO - Building stim pattern for pattern_name 4005
2026-02-01 19:50:48,060 - INFO - Building stim pattern for pattern_name 3584
2026-02-01 19:50:48,069 - INFO - Building stim pattern for pattern_name 570
2026-02-01 19:50:48,079 - INFO - Building stim pattern for pattern_name 2649
2026-02-01 19:50:48,087 - INFO - Building stim pattern for pattern_name 962
2026-02-01 19:50:48,095 - INFO - Building stim pattern for pattern_name 4
2026-02-01 19:50:48,104 - INFO - Building stim pattern for pattern_name 2240
2026-02-01 19:50:48,114 - INFO - Building stim pattern for pattern_name 2929
2026-02-01 19:50:48,123 - INFO - Building stim pattern for pattern_name 345
2026-02-01 19:50:48,132 - INFO - Building stim pattern for pattern_name 3545
2026-02-01 19:50:48,142 - INFO - Building stim pattern for pattern_name 1590
2026-02-01 19:50:48,152 - INFO - Building stim pattern for pattern_name 3243
2026-02-01 19:50:48,163 - INFO - Building stim pattern for pattern_name 3251
2026-02-01 19:50:48,173 - INFO - Building stim pattern for pattern_name 1261
2026-02-01 19:50:48,182 - INFO - Building stim pattern for pattern_name 3792
2026-02-01 19:50:48,196 - INFO - Building stim pattern for pattern_name 4010
2026-02-01 19:50:48,206 - INFO - Building stim pattern for pattern_name 3475
2026-02-01 19:50:48,216 - INFO - Building stim pattern for pattern_name 1583
2026-02-01 19:50:48,225 - INFO - Building stim pattern for pattern_name 2987
2026-02-01 19:50:48,244 - INFO - Building stim pattern for pattern_name 1373
2026-02-01 19:50:48,254 - INFO - Building stim pattern for pattern_name 670
2026-02-01 19:50:48,265 - INFO - Building stim pattern for pattern_name 2630
2026-02-01 19:50:48,278 - INFO - Building stim pattern for pattern_name 566
2026-02-01 19:50:48,292 - INFO - Building stim pattern for pattern_name 1389
2026-02-01 19:50:48,308 - INFO - Building stim pattern for pattern_name 2721
2026-02-01 19:50:48,318 - INFO - Building stim pattern for pattern_name 2260
2026-02-01 19:50:48,328 - INFO - Building stim pattern for pattern_name 2022
2026-02-01 19:50:48,337 - INFO - Building stim pattern for pattern_name 4039
2026-02-01 19:50:48,348 - INFO - Building stim pattern for pattern_name 1930
2026-02-01 19:50:48,357 - INFO - Building stim pattern for pattern_name 738
2026-02-01 19:50:48,367 - INFO - Building stim pattern for pattern_name 2002
2026-02-01 19:50:48,377 - INFO - Building stim pattern for pattern_name 3454
2026-02-01 19:50:48,386 - INFO - Building stim pattern for pattern_name 408
2026-02-01 19:50:48,396 - INFO - Building stim pattern for pattern_name 4002
2026-02-01 19:50:48,411 - INFO - Building stim pattern for pattern_name 227
2026-02-01 19:50:48,421 - INFO - Building stim pattern for pattern_name 3404
2026-02-01 19:50:48,431 - INFO - Building stim pattern for pattern_name 10
2026-02-01 19:50:48,441 - INFO - Building stim pattern for pattern_name 2714
2026-02-01 19:50:48,451 - INFO - Building stim pattern for pattern_name 4026
2026-02-01 19:50:48,463 - INFO - Building stim pattern for pattern_name 3755
2026-02-01 19:50:48,474 - INFO - Building stim pattern for pattern_name 1052
2026-02-01 19:50:48,495 - INFO - Building stim pattern for pattern_name 258
2026-02-01 19:50:48,508 - INFO - Building stim pattern for pattern_name 576
2026-02-01 19:50:48,519 - INFO - Building stim pattern for pattern_name 1895
2026-02-01 19:50:48,530 - INFO - Building stim pattern for pattern_name 1455
2026-02-01 19:50:48,540 - INFO - Building stim pattern for pattern_name 1439
2026-02-01 19:50:48,551 - INFO - Building stim pattern for pattern_name 2933
2026-02-01 19:50:48,561 - INFO - Building stim pattern for pattern_name 1325
2026-02-01 19:50:48,572 - INFO - Building stim pattern for pattern_name 3610
2026-02-01 19:50:48,583 - INFO - Building stim pattern for pattern_name 3601
2026-02-01 19:50:48,595 - INFO - Building stim pattern for pattern_name 3022
2026-02-01 19:50:48,605 - INFO - Building stim pattern for pattern_name 1312
2026-02-01 19:50:48,614 - INFO - Building stim pattern for pattern_name 1654
2026-02-01 19:50:48,626 - INFO - Building stim pattern for pattern_name 2031
2026-02-01 19:50:48,637 - INFO - Building stim pattern for pattern_name 1564
2026-02-01 19:50:48,654 - INFO - Building stim pattern for pattern_name 3398
2026-02-01 19:50:48,664 - INFO - Building stim pattern for pattern_name 4047
2026-02-01 19:50:48,674 - INFO - Building stim pattern for pattern_name 4036
2026-02-01 19:50:48,684 - INFO - Building stim pattern for pattern_name 727
2026-02-01 19:50:48,694 - INFO - Building stim pattern for pattern_name 263
2026-02-01 19:50:48,704 - INFO - Building stim pattern for pattern_name 2402
2026-02-01 19:50:48,714 - INFO - Building stim pattern for pattern_name 4020
2026-02-01 19:50:48,724 - INFO - Building stim pattern for pattern_name 4049
2026-02-01 19:50:48,734 - INFO - Building stim pattern for pattern_name 4029
2026-02-01 19:50:48,744 - INFO - Building stim pattern for pattern_name 3641
2026-02-01 19:50:48,754 - INFO - Building stim pattern for pattern_name 501
2026-02-01 19:50:48,766 - INFO - Building stim pattern for pattern_name 3574
2026-02-01 19:50:48,838 - INFO - Building stim pattern for pattern_name 2214
2026-02-01 19:50:48,857 - INFO - Building stim pattern for pattern_name 543
2026-02-01 19:50:48,881 - INFO - Building stim pattern for pattern_name 4044
2026-02-01 19:50:48,893 - INFO - Building stim pattern for pattern_name 2058
2026-02-01 19:50:48,905 - INFO - Building stim pattern for pattern_name 4012
2026-02-01 19:50:48,915 - INFO - Building stim pattern for pattern_name 1565
2026-02-01 19:50:48,928 - INFO - Building stim pattern for pattern_name 3892
2026-02-01 19:50:48,938 - INFO - Building stim pattern for pattern_name 2481
2026-02-01 19:50:48,948 - INFO - Building stim pattern for pattern_name 334
2026-02-01 19:50:48,959 - INFO - Building stim pattern for pattern_name 2102
2026-02-01 19:50:48,969 - INFO - Building stim pattern for pattern_name 3316
2026-02-01 19:50:48,985 - INFO - Building stim pattern for pattern_name 4037
2026-02-01 19:50:48,996 - INFO - Building stim pattern for pattern_name 1577
2026-02-01 19:50:49,005 - INFO - Building stim pattern for pattern_name 4045
2026-02-01 19:50:49,016 - INFO - Building stim pattern for pattern_name 394
2026-02-01 19:50:49,026 - INFO - Building stim pattern for pattern_name 1252
2026-02-01 19:50:49,035 - INFO - Building stim pattern for pattern_name 870
2026-02-01 19:50:49,050 - INFO - Building stim pattern for pattern_name 1892
2026-02-01 19:50:49,060 - INFO - Building stim pattern for pattern_name 1727
2026-02-01 19:50:49,070 - INFO - Building stim pattern for pattern_name 175
2026-02-01 19:50:49,087 - INFO - Building stim pattern for pattern_name 285
2026-02-01 19:50:49,097 - INFO - Building stim pattern for pattern_name 560
2026-02-01 19:50:49,107 - INFO - Building stim pattern for pattern_name 2111
2026-02-01 19:50:49,116 - INFO - Building stim pattern for pattern_name 3690
2026-02-01 19:50:49,127 - INFO - Building stim pattern for pattern_name 2901
2026-02-01 19:50:49,136 - INFO - Building stim pattern for pattern_name 77
2026-02-01 19:50:49,147 - INFO - Building stim pattern for pattern_name 3692
2026-02-01 19:50:49,157 - INFO - Building stim pattern for pattern_name 3193
2026-02-01 19:50:49,167 - INFO - Building stim pattern for pattern_name 896
2026-02-01 19:50:49,177 - INFO - Building stim pattern for pattern_name 2138
2026-02-01 19:50:49,186 - INFO - Building stim pattern for pattern_name 1822
2026-02-01 19:50:49,195 - INFO - Building stim pattern for pattern_name 2381
2026-02-01 19:50:49,204 - INFO - Building stim pattern for pattern_name 2717
2026-02-01 19:50:49,214 - INFO - Building stim pattern for pattern_name 4014
2026-02-01 19:50:49,226 - INFO - Building stim pattern for pattern_name 481
2026-02-01 19:50:49,242 - INFO - Building stim pattern for pattern_name 2091
2026-02-01 19:50:49,253 - INFO - Building stim pattern for pattern_name 2664
2026-02-01 19:50:49,264 - INFO - Building stim pattern for pattern_name 3013
2026-02-01 19:50:49,277 - INFO - Building stim pattern for pattern_name 463
2026-02-01 19:50:49,287 - INFO - Building stim pattern for pattern_name 707
2026-02-01 19:50:49,297 - INFO - Building stim pattern for pattern_name 3307
2026-02-01 19:50:49,306 - INFO - Building stim pattern for pattern_name 4015
2026-02-01 19:50:49,323 - INFO - Building stim pattern for pattern_name 3803
2026-02-01 19:50:49,334 - INFO - Building stim pattern for pattern_name 4023
2026-02-01 19:50:49,343 - INFO - Building stim pattern for pattern_name 2383
2026-02-01 19:50:49,353 - INFO - Building stim pattern for pattern_name 3612
2026-02-01 19:50:49,370 - INFO - Building stim pattern for pattern_name 1697
2026-02-01 19:50:49,379 - INFO - Building stim pattern for pattern_name 3728
2026-02-01 19:50:49,389 - INFO - Building stim pattern for pattern_name 4048
2026-02-01 19:50:49,399 - INFO - Building stim pattern for pattern_name 3467
2026-02-01 19:50:49,409 - INFO - Building stim pattern for pattern_name 1574
2026-02-01 19:50:49,419 - INFO - Building stim pattern for pattern_name 862
2026-02-01 19:50:49,428 - INFO - Building stim pattern for pattern_name 3815
2026-02-01 19:50:49,438 - INFO - Building stim pattern for pattern_name 1971
2026-02-01 19:50:49,448 - INFO - Building stim pattern for pattern_name 2552
2026-02-01 19:50:49,458 - INFO - Building stim pattern for pattern_name 1106
2026-02-01 19:50:49,469 - INFO - Building stim pattern for pattern_name 4011
2026-02-01 19:50:49,479 - INFO - Building stim pattern for pattern_name 1169
2026-02-01 19:50:49,489 - INFO - Building stim pattern for pattern_name 2064
2026-02-01 19:50:49,500 - INFO - Building stim pattern for pattern_name 842
2026-02-01 19:50:49,510 - INFO - Building stim pattern for pattern_name 1291
2026-02-01 19:50:49,518 - INFO - Building stim pattern for pattern_name 1010
2026-02-01 19:50:49,528 - INFO - Building stim pattern for pattern_name 2060
2026-02-01 19:50:49,543 - INFO - Building stim pattern for pattern_name 446
2026-02-01 19:50:49,552 - INFO - Building stim pattern for pattern_name 2079
2026-02-01 19:50:49,562 - INFO - Building stim pattern for pattern_name 1757
2026-02-01 19:50:49,573 - INFO - Building stim pattern for pattern_name 2970
2026-02-01 19:50:49,585 - INFO - Building stim pattern for pattern_name 2644
2026-02-01 19:50:49,595 - INFO - Building stim pattern for pattern_name 3990
2026-02-01 19:50:49,605 - INFO - Building stim pattern for pattern_name 3640
2026-02-01 19:50:49,614 - INFO - Building stim pattern for pattern_name 1082
2026-02-01 19:50:49,623 - INFO - Building stim pattern for pattern_name 2042
2026-02-01 19:50:49,633 - INFO - Building stim pattern for pattern_name 95
2026-02-01 19:50:49,642 - INFO - Building stim pattern for pattern_name 2950
2026-02-01 19:50:49,652 - INFO - Building stim pattern for pattern_name 426
2026-02-01 19:50:49,661 - INFO - Building stim pattern for pattern_name 1850
2026-02-01 19:50:49,671 - INFO - Building stim pattern for pattern_name 75
2026-02-01 19:50:49,681 - INFO - Building stim pattern for pattern_name 2924
2026-02-01 19:50:49,696 - INFO - Building stim pattern for pattern_name 2441
2026-02-01 19:50:49,706 - INFO - Building stim pattern for pattern_name 3549
2026-02-01 19:50:49,717 - INFO - Building stim pattern for pattern_name 2675
2026-02-01 19:50:49,732 - INFO - Building stim pattern for pattern_name 2725
2026-02-01 19:50:49,742 - INFO - Building stim pattern for pattern_name 1870
2026-02-01 19:50:49,752 - INFO - Building stim pattern for pattern_name 2451
2026-02-01 19:50:49,763 - INFO - Building stim pattern for pattern_name 3724
2026-02-01 19:50:49,774 - INFO - Building stim pattern for pattern_name 3249
2026-02-01 19:50:49,783 - INFO - Building stim pattern for pattern_name 3699
2026-02-01 19:50:49,795 - INFO - Building stim pattern for pattern_name 3552
2026-02-01 19:50:49,809 - INFO - Building stim pattern for pattern_name 4019
2026-02-01 19:50:49,818 - INFO - Building stim pattern for pattern_name 3991
2026-02-01 19:50:49,831 - INFO - Building stim pattern for pattern_name 947
2026-02-01 19:50:49,841 - INFO - Building stim pattern for pattern_name 3400
2026-02-01 19:50:49,851 - INFO - Building stim pattern for pattern_name 1872
2026-02-01 19:50:49,860 - INFO - Building stim pattern for pattern_name 2998
2026-02-01 19:50:49,871 - INFO - Building stim pattern for pattern_name 279
2026-02-01 19:50:49,879 - INFO - Building stim pattern for pattern_name 2713
2026-02-01 19:50:49,889 - INFO - Building stim pattern for pattern_name 3671
2026-02-01 19:50:49,898 - INFO - Building stim pattern for pattern_name 2049
2026-02-01 19:50:49,913 - INFO - Building stim pattern for pattern_name 3492
2026-02-01 19:50:49,923 - INFO - Building stim pattern for pattern_name 3191
2026-02-01 19:50:49,934 - INFO - Building stim pattern for pattern_name 1320
2026-02-01 19:50:49,950 - INFO - Building stim pattern for pattern_name 1107
2026-02-01 19:50:49,965 - INFO - Building stim pattern for pattern_name 1467
2026-02-01 19:50:49,975 - INFO - Building stim pattern for pattern_name 242
2026-02-01 19:50:49,990 - INFO - Building stim pattern for pattern_name 159
2026-02-01 19:50:50,000 - INFO - Building stim pattern for pattern_name 3747
2026-02-01 19:50:50,013 - INFO - Building stim pattern for pattern_name 951
2026-02-01 19:50:50,023 - INFO - Building stim pattern for pattern_name 4050
2026-02-01 19:50:50,033 - INFO - Building stim pattern for pattern_name 2008
2026-02-01 19:50:50,043 - INFO - Building stim pattern for pattern_name 956
2026-02-01 19:50:50,052 - INFO - Building stim pattern for pattern_name 3761
2026-02-01 19:50:50,062 - INFO - Building stim pattern for pattern_name 1473
2026-02-01 19:50:50,071 - INFO - Building stim pattern for pattern_name 2087
2026-02-01 19:50:50,082 - INFO - Building stim pattern for pattern_name 1154
2026-02-01 19:50:50,092 - INFO - Building stim pattern for pattern_name 2730
2026-02-01 19:50:50,101 - INFO - Building stim pattern for pattern_name 2718
2026-02-01 19:50:50,110 - INFO - Building stim pattern for pattern_name 218
2026-02-01 19:50:50,119 - INFO - Building stim pattern for pattern_name 4018
2026-02-01 19:50:50,128 - INFO - Building stim pattern for pattern_name 2301
2026-02-01 19:50:50,138 - INFO - Building stim pattern for pattern_name 3763
2026-02-01 19:50:50,148 - INFO - Building stim pattern for pattern_name 1623
2026-02-01 19:50:50,163 - INFO - Building stim pattern for pattern_name 3285
2026-02-01 19:50:50,173 - INFO - Building stim pattern for pattern_name 953
2026-02-01 19:50:50,183 - INFO - Building stim pattern for pattern_name 1075
2026-02-01 19:50:50,193 - INFO - Building stim pattern for pattern_name 143
2026-02-01 19:50:50,203 - INFO - Building stim pattern for pattern_name 250
2026-02-01 19:50:50,218 - INFO - Building stim pattern for pattern_name 1644
2026-02-01 19:50:50,242 - INFO - Building stim pattern for pattern_name 2740
2026-02-01 19:50:50,253 - INFO - Building stim pattern for pattern_name 1048
2026-02-01 19:50:50,264 - INFO - Building stim pattern for pattern_name 3084
2026-02-01 19:50:50,280 - INFO - Building stim pattern for pattern_name 3717
2026-02-01 19:50:50,291 - INFO - Building stim pattern for pattern_name 2184
2026-02-01 19:50:50,301 - INFO - Building stim pattern for pattern_name 128
2026-02-01 19:50:50,309 - INFO - Building stim pattern for pattern_name 965
2026-02-01 19:50:50,320 - INFO - Building stim pattern for pattern_name 3493
2026-02-01 19:50:50,333 - INFO - Building stim pattern for pattern_name 1234
2026-02-01 19:50:50,343 - INFO - Building stim pattern for pattern_name 3247
2026-02-01 19:50:50,361 - INFO - Building stim pattern for pattern_name 4001
2026-02-01 19:50:50,370 - INFO - Building stim pattern for pattern_name 2430
2026-02-01 19:50:50,380 - INFO - Building stim pattern for pattern_name 3266
2026-02-01 19:50:50,390 - INFO - Building stim pattern for pattern_name 1227
2026-02-01 19:50:50,399 - INFO - Building stim pattern for pattern_name 2495
2026-02-01 19:50:50,410 - INFO - Building stim pattern for pattern_name 3507
2026-02-01 19:50:50,421 - INFO - Building stim pattern for pattern_name 181
2026-02-01 19:50:50,436 - INFO - Building stim pattern for pattern_name 1036
2026-02-01 19:50:50,447 - INFO - Building stim pattern for pattern_name 922
2026-02-01 19:50:50,462 - INFO - Building stim pattern for pattern_name 3226
2026-02-01 19:50:50,472 - INFO - Building stim pattern for pattern_name 100
2026-02-01 19:50:50,482 - INFO - Building stim pattern for pattern_name 1211
2026-02-01 19:50:50,491 - INFO - Building stim pattern for pattern_name 440
2026-02-01 19:50:50,501 - INFO - Building stim pattern for pattern_name 2073
2026-02-01 19:50:50,512 - INFO - Building stim pattern for pattern_name 4032
2026-02-01 19:50:50,522 - INFO - Building stim pattern for pattern_name 3500
2026-02-01 19:50:50,533 - INFO - Building stim pattern for pattern_name 3644
2026-02-01 19:50:50,543 - INFO - Building stim pattern for pattern_name 3916
2026-02-01 19:50:50,553 - INFO - Building stim pattern for pattern_name 1394
2026-02-01 19:50:50,563 - INFO - Building stim pattern for pattern_name 483
2026-02-01 19:50:50,573 - INFO - Building stim pattern for pattern_name 4021
2026-02-01 19:50:50,582 - INFO - Building stim pattern for pattern_name 3
2026-02-01 19:50:50,594 - INFO - Building stim pattern for pattern_name 213
2026-02-01 19:50:50,604 - INFO - Building stim pattern for pattern_name 251
2026-02-01 19:50:50,613 - INFO - Building stim pattern for pattern_name 1120
2026-02-01 19:50:50,624 - INFO - Building stim pattern for pattern_name 1975
2026-02-01 19:50:50,633 - INFO - Building stim pattern for pattern_name 1508
2026-02-01 19:50:50,643 - INFO - Building stim pattern for pattern_name 4046
2026-02-01 19:50:50,652 - INFO - Building stim pattern for pattern_name 3344
2026-02-01 19:50:50,662 - INFO - Building stim pattern for pattern_name 750
2026-02-01 19:50:50,672 - INFO - Building stim pattern for pattern_name 3446
2026-02-01 19:50:50,681 - INFO - Building stim pattern for pattern_name 4006
2026-02-01 19:50:50,690 - INFO - Building stim pattern for pattern_name 2695
2026-02-01 19:50:50,700 - INFO - Building stim pattern for pattern_name 3354
2026-02-01 19:50:50,710 - INFO - Building stim pattern for pattern_name 1520
2026-02-01 19:50:50,720 - INFO - Building stim pattern for pattern_name 1826
2026-02-01 19:50:50,729 - INFO - Building stim pattern for pattern_name 2940
2026-02-01 19:50:50,738 - INFO - Building stim pattern for pattern_name 2122
2026-02-01 19:50:50,748 - INFO - Building stim pattern for pattern_name 881
2026-02-01 19:50:50,757 - INFO - Building stim pattern for pattern_name 3672
2026-02-01 19:50:50,766 - INFO - Building stim pattern for pattern_name 992
2026-02-01 19:50:50,777 - INFO - Building stim pattern for pattern_name 2321
2026-02-01 19:50:50,787 - INFO - Building stim pattern for pattern_name 2616
2026-02-01 19:50:50,798 - INFO - Building stim pattern for pattern_name 262
2026-02-01 19:50:50,808 - INFO - Building stim pattern for pattern_name 1469
2026-02-01 19:50:50,819 - INFO - Building stim pattern for pattern_name 2457
2026-02-01 19:50:50,834 - INFO - Building stim pattern for pattern_name 4013
2026-02-01 19:50:50,844 - INFO - Building stim pattern for pattern_name 2163
2026-02-01 19:50:50,853 - INFO - Building stim pattern for pattern_name 1813
2026-02-01 19:50:50,863 - INFO - Building stim pattern for pattern_name 1774
2026-02-01 19:50:50,874 - INFO - Building stim pattern for pattern_name 1958
2026-02-01 19:50:50,884 - INFO - Building stim pattern for pattern_name 1381
2026-02-01 19:50:50,894 - INFO - Building stim pattern for pattern_name 686
2026-02-01 19:50:50,903 - INFO - Building stim pattern for pattern_name 1858
2026-02-01 19:50:50,913 - INFO - Building stim pattern for pattern_name 3453
2026-02-01 19:50:50,924 - INFO - Building stim pattern for pattern_name 3733
2026-02-01 19:50:50,935 - INFO - Building stim pattern for pattern_name 556
2026-02-01 19:50:50,946 - INFO - Building stim pattern for pattern_name 1994
2026-02-01 19:50:50,957 - INFO - Building stim pattern for pattern_name 2524
2026-02-01 19:50:50,974 - INFO - Building stim pattern for pattern_name 557
2026-02-01 19:50:50,986 - INFO - Building stim pattern for pattern_name 1558
2026-02-01 19:50:51,002 - INFO - Building stim pattern for pattern_name 60
2026-02-01 19:50:51,013 - INFO - Building stim pattern for pattern_name 2622
2026-02-01 19:50:51,023 - INFO - Building stim pattern for pattern_name 1390
2026-02-01 19:50:51,033 - INFO - Building stim pattern for pattern_name 1571
2026-02-01 19:50:51,044 - INFO - Building stim pattern for pattern_name 3504
2026-02-01 19:50:51,056 - INFO - Building stim pattern for pattern_name 495
2026-02-01 19:50:51,067 - INFO - Building stim pattern for pattern_name 2783
2026-02-01 19:50:51,077 - INFO - Building stim pattern for pattern_name 3214
2026-02-01 19:50:51,089 - INFO - Building stim pattern for pattern_name 952
2026-02-01 19:50:51,099 - INFO - Building stim pattern for pattern_name 3294
2026-02-01 19:50:51,110 - INFO - Building stim pattern for pattern_name 660
2026-02-01 19:50:51,123 - INFO - Building stim pattern for pattern_name 946
2026-02-01 19:50:51,133 - INFO - Building stim pattern for pattern_name 2420
2026-02-01 19:50:51,142 - INFO - Building stim pattern for pattern_name 4027
2026-02-01 19:50:51,152 - INFO - Building stim pattern for pattern_name 1995
2026-02-01 19:50:51,167 - INFO - Building stim pattern for pattern_name 1279
2026-02-01 19:50:51,177 - INFO - Building stim pattern for pattern_name 2700
2026-02-01 19:50:51,187 - INFO - Building stim pattern for pattern_name 1475
2026-02-01 19:50:51,198 - INFO - Building stim pattern for pattern_name 869
2026-02-01 19:50:51,207 - INFO - Building stim pattern for pattern_name 2167
2026-02-01 19:50:51,226 - INFO - Building stim pattern for pattern_name 577
2026-02-01 19:50:51,236 - INFO - Building stim pattern for pattern_name 4016
2026-02-01 19:50:51,247 - INFO - Building stim pattern for pattern_name 2799
2026-02-01 19:50:51,257 - INFO - Building stim pattern for pattern_name 3782
2026-02-01 19:50:51,268 - INFO - Building stim pattern for pattern_name 1906
2026-02-01 19:50:51,278 - INFO - Building stim pattern for pattern_name 865
2026-02-01 19:50:51,287 - INFO - Building stim pattern for pattern_name 1899
2026-02-01 19:50:51,296 - INFO - Building stim pattern for pattern_name 350
2026-02-01 19:50:51,306 - INFO - Building stim pattern for pattern_name 3349
2026-02-01 19:50:51,321 - INFO - Building stim pattern for pattern_name 3253
2026-02-01 19:50:51,331 - INFO - Building stim pattern for pattern_name 3470
2026-02-01 19:50:51,341 - INFO - Building stim pattern for pattern_name 3292
2026-02-01 19:50:51,351 - INFO - Building stim pattern for pattern_name 3817
2026-02-01 19:50:51,362 - INFO - Building stim pattern for pattern_name 192
2026-02-01 19:50:51,373 - INFO - Building stim pattern for pattern_name 900
2026-02-01 19:50:51,384 - INFO - Building stim pattern for pattern_name 294
2026-02-01 19:50:51,394 - INFO - Building stim pattern for pattern_name 161
2026-02-01 19:50:51,487 - INFO - Building stim pattern for pattern_name 2539
2026-02-01 19:50:51,508 - INFO - Building stim pattern for pattern_name 1854
2026-02-01 19:50:51,519 - INFO - Building stim pattern for pattern_name 3469
2026-02-01 19:50:51,529 - INFO - Building stim pattern for pattern_name 2053
2026-02-01 19:50:51,540 - INFO - Building stim pattern for pattern_name 3100
2026-02-01 19:50:51,559 - INFO - Building stim pattern for pattern_name 967
2026-02-01 19:50:51,569 - INFO - Building stim pattern for pattern_name 3840
2026-02-01 19:50:51,580 - INFO - Building stim pattern for pattern_name 2020
2026-02-01 19:50:51,590 - INFO - Building stim pattern for pattern_name 3423
2026-02-01 19:50:51,600 - INFO - Building stim pattern for pattern_name 141
2026-02-01 19:50:51,611 - INFO - Building stim pattern for pattern_name 3861
2026-02-01 19:50:51,621 - INFO - Building stim pattern for pattern_name 584
2026-02-01 19:50:51,630 - INFO - Building stim pattern for pattern_name 969
2026-02-01 19:50:51,643 - INFO - Building stim pattern for pattern_name 3582
2026-02-01 19:50:51,652 - INFO - Building stim pattern for pattern_name 3050
2026-02-01 19:50:51,662 - INFO - Building stim pattern for pattern_name 439
2026-02-01 19:50:51,673 - INFO - Building stim pattern for pattern_name 3742
2026-02-01 19:50:51,683 - INFO - Building stim pattern for pattern_name 3036
2026-02-01 19:50:51,699 - INFO - Building stim pattern for pattern_name 2346
2026-02-01 19:50:51,714 - INFO - Building stim pattern for pattern_name 3713
2026-02-01 19:50:51,731 - INFO - Building stim pattern for pattern_name 2185
2026-02-01 19:50:51,740 - INFO - Building stim pattern for pattern_name 3794
2026-02-01 19:50:51,752 - INFO - Building stim pattern for pattern_name 1458
2026-02-01 19:50:51,762 - INFO - Building stim pattern for pattern_name 3301
2026-02-01 19:50:51,771 - INFO - Building stim pattern for pattern_name 1421
2026-02-01 19:50:51,780 - INFO - Building stim pattern for pattern_name 2047
2026-02-01 19:50:51,790 - INFO - Building stim pattern for pattern_name 1666
2026-02-01 19:50:51,799 - INFO - Building stim pattern for pattern_name 852
2026-02-01 19:50:51,813 - INFO - Building stim pattern for pattern_name 461
2026-02-01 19:50:51,822 - INFO - Building stim pattern for pattern_name 2964
2026-02-01 19:50:51,832 - INFO - Building stim pattern for pattern_name 3723
2026-02-01 19:50:51,844 - INFO - Building stim pattern for pattern_name 2045
2026-02-01 19:50:51,855 - INFO - Building stim pattern for pattern_name 3663
2026-02-01 19:50:51,866 - INFO - Building stim pattern for pattern_name 1694
2026-02-01 19:50:51,882 - INFO - Building stim pattern for pattern_name 3772
2026-02-01 19:50:51,893 - INFO - Building stim pattern for pattern_name 593
2026-02-01 19:50:51,904 - INFO - Building stim pattern for pattern_name 2256
2026-02-01 19:50:51,914 - INFO - Building stim pattern for pattern_name 2750
2026-02-01 19:50:51,933 - INFO - Building stim pattern for pattern_name 3007
2026-02-01 19:50:51,942 - INFO - Building stim pattern for pattern_name 1875
2026-02-01 19:50:51,952 - INFO - Building stim pattern for pattern_name 2231
2026-02-01 19:50:51,962 - INFO - Building stim pattern for pattern_name 310
2026-02-01 19:50:51,971 - INFO - Building stim pattern for pattern_name 1939
2026-02-01 19:50:51,981 - INFO - Building stim pattern for pattern_name 1037
2026-02-01 19:50:51,992 - INFO - Building stim pattern for pattern_name 3302
2026-02-01 19:50:52,002 - INFO - Building stim pattern for pattern_name 3597
2026-02-01 19:50:52,012 - INFO - Building stim pattern for pattern_name 2225
2026-02-01 19:50:52,027 - INFO - Building stim pattern for pattern_name 4043
2026-02-01 19:50:52,037 - INFO - Building stim pattern for pattern_name 3413
2026-02-01 19:50:52,057 - INFO - Building stim pattern for pattern_name 2592
2026-02-01 19:50:52,065 - INFO - Building stim pattern for pattern_name 3888
2026-02-01 19:50:52,074 - INFO - Building stim pattern for pattern_name 3853
2026-02-01 19:50:52,089 - INFO - Building stim pattern for pattern_name 2804
2026-02-01 19:50:52,100 - INFO - Building stim pattern for pattern_name 1599
2026-02-01 19:50:52,111 - INFO - Building stim pattern for pattern_name 2263
2026-02-01 19:50:52,122 - INFO - Building stim pattern for pattern_name 1979
2026-02-01 19:50:52,133 - INFO - Building stim pattern for pattern_name 2093
2026-02-01 19:50:52,143 - INFO - Building stim pattern for pattern_name 3460
2026-02-01 19:50:52,160 - INFO - Building stim pattern for pattern_name 3778
2026-02-01 19:50:52,173 - INFO - Building stim pattern for pattern_name 123
2026-02-01 19:50:52,185 - INFO - Building stim pattern for pattern_name 1685
2026-02-01 19:50:52,196 - INFO - Building stim pattern for pattern_name 3231
2026-02-01 19:50:52,206 - INFO - Building stim pattern for pattern_name 3317
2026-02-01 19:50:52,215 - INFO - Building stim pattern for pattern_name 950
2026-02-01 19:50:52,223 - INFO - Building stim pattern for pattern_name 1737
2026-02-01 19:50:52,233 - INFO - Building stim pattern for pattern_name 4041
2026-02-01 19:50:52,242 - INFO - Building stim pattern for pattern_name 796
2026-02-01 19:50:52,257 - INFO - Building stim pattern for pattern_name 768
2026-02-01 19:50:52,268 - INFO - Building stim pattern for pattern_name 2821
2026-02-01 19:50:52,280 - INFO - Building stim pattern for pattern_name 465
2026-02-01 19:50:52,289 - INFO - Building stim pattern for pattern_name 2922
2026-02-01 19:50:52,299 - INFO - Building stim pattern for pattern_name 32
2026-02-01 19:50:52,309 - INFO - Building stim pattern for pattern_name 3359
2026-02-01 19:50:52,320 - INFO - Building stim pattern for pattern_name 3658
2026-02-01 19:50:52,330 - INFO - Building stim pattern for pattern_name 2143
2026-02-01 19:50:52,339 - INFO - Building stim pattern for pattern_name 3267
2026-02-01 19:50:52,350 - INFO - Building stim pattern for pattern_name 1533
2026-02-01 19:50:52,361 - INFO - Building stim pattern for pattern_name 544
2026-02-01 19:50:52,370 - INFO - Building stim pattern for pattern_name 3686
2026-02-01 19:50:52,379 - INFO - Building stim pattern for pattern_name 3557
2026-02-01 19:50:52,388 - INFO - Building stim pattern for pattern_name 2328
2026-02-01 19:50:52,403 - INFO - Building stim pattern for pattern_name 2626
2026-02-01 19:50:52,413 - INFO - Building stim pattern for pattern_name 2425
2026-02-01 19:50:52,431 - INFO - Building stim pattern for pattern_name 3622
2026-02-01 19:50:52,441 - INFO - Building stim pattern for pattern_name 1977
2026-02-01 19:50:52,452 - INFO - Building stim pattern for pattern_name 3830
2026-02-01 19:50:52,462 - INFO - Building stim pattern for pattern_name 392
2026-02-01 19:50:52,471 - INFO - Building stim pattern for pattern_name 4008
2026-02-01 19:50:52,481 - INFO - Building stim pattern for pattern_name 790
2026-02-01 19:50:52,499 - INFO - Building stim pattern for pattern_name 1985
2026-02-01 19:50:52,508 - INFO - Building stim pattern for pattern_name 2311
2026-02-01 19:50:52,523 - INFO - Building stim pattern for pattern_name 2427
2026-02-01 19:50:52,533 - INFO - Building stim pattern for pattern_name 3419
2026-02-01 19:50:52,544 - INFO - Building stim pattern for pattern_name 3412
2026-02-01 19:50:52,553 - INFO - Building stim pattern for pattern_name 1897
2026-02-01 19:50:52,563 - INFO - Building stim pattern for pattern_name 910
2026-02-01 19:50:52,573 - INFO - Building stim pattern for pattern_name 702
2026-02-01 19:50:52,584 - INFO - Building stim pattern for pattern_name 551
2026-02-01 19:50:52,595 - INFO - Building stim pattern for pattern_name 3025
2026-02-01 19:50:52,612 - INFO - Building stim pattern for pattern_name 1867
2026-02-01 19:50:52,621 - INFO - Building stim pattern for pattern_name 2745
2026-02-01 19:50:52,632 - INFO - Building stim pattern for pattern_name 1839
2026-02-01 19:50:52,641 - INFO - Building stim pattern for pattern_name 3263
2026-02-01 19:50:52,651 - INFO - Building stim pattern for pattern_name 1099
2026-02-01 19:50:52,662 - INFO - Building stim pattern for pattern_name 2802
2026-02-01 19:50:52,672 - INFO - Building stim pattern for pattern_name 4007
2026-02-01 19:50:52,682 - INFO - Building stim pattern for pattern_name 1947
2026-02-01 19:50:52,692 - INFO - Building stim pattern for pattern_name 2747
2026-02-01 19:50:52,710 - INFO - Building stim pattern for pattern_name 148
2026-02-01 19:50:52,722 - INFO - Building stim pattern for pattern_name 106
2026-02-01 19:50:52,738 - INFO - Building stim pattern for pattern_name 3953
2026-02-01 19:50:52,749 - INFO - Building stim pattern for pattern_name 1562
2026-02-01 19:50:52,767 - INFO - Building stim pattern for pattern_name 4042
2026-02-01 19:50:52,791 - INFO - Building stim pattern for pattern_name 963
2026-02-01 19:50:52,804 - INFO - Building stim pattern for pattern_name 174
2026-02-01 19:50:52,816 - INFO - Building stim pattern for pattern_name 1116
2026-02-01 19:50:52,828 - INFO - Building stim pattern for pattern_name 253
2026-02-01 19:50:52,838 - INFO - Building stim pattern for pattern_name 3767
2026-02-01 19:50:52,849 - INFO - Building stim pattern for pattern_name 302
2026-02-01 19:50:52,859 - INFO - Building stim pattern for pattern_name 2480
2026-02-01 19:50:52,869 - INFO - Building stim pattern for pattern_name 2069
2026-02-01 19:50:52,880 - INFO - Building stim pattern for pattern_name 1419
2026-02-01 19:50:52,890 - INFO - Building stim pattern for pattern_name 2520
2026-02-01 19:50:52,901 - INFO - Building stim pattern for pattern_name 2254
2026-02-01 19:50:52,910 - INFO - Building stim pattern for pattern_name 2152
2026-02-01 19:50:52,920 - INFO - Building stim pattern for pattern_name 1153
2026-02-01 19:50:52,930 - INFO - Building stim pattern for pattern_name 2331
2026-02-01 19:50:52,947 - INFO - Building stim pattern for pattern_name 1428
2026-02-01 19:50:52,958 - INFO - Building stim pattern for pattern_name 2424
2026-02-01 19:50:52,968 - INFO - Building stim pattern for pattern_name 2526
2026-02-01 19:50:52,982 - INFO - Building stim pattern for pattern_name 3031
2026-02-01 19:50:52,994 - INFO - Building stim pattern for pattern_name 1940
2026-02-01 19:50:53,005 - INFO - Building stim pattern for pattern_name 994
2026-02-01 19:50:53,017 - INFO - Building stim pattern for pattern_name 1753
2026-02-01 19:50:53,027 - INFO - Building stim pattern for pattern_name 3823
2026-02-01 19:50:53,036 - INFO - Building stim pattern for pattern_name 929
2026-02-01 19:50:53,046 - INFO - Building stim pattern for pattern_name 2096
2026-02-01 19:50:53,056 - INFO - Building stim pattern for pattern_name 73
2026-02-01 19:50:53,066 - INFO - Building stim pattern for pattern_name 3865
2026-02-01 19:50:53,075 - INFO - Building stim pattern for pattern_name 4009
2026-02-01 19:50:53,085 - INFO - Building stim pattern for pattern_name 402
2026-02-01 19:50:53,102 - INFO - Building stim pattern for pattern_name 2232
2026-02-01 19:50:53,113 - INFO - Building stim pattern for pattern_name 2353
2026-02-01 19:50:53,125 - INFO - Building stim pattern for pattern_name 1453
2026-02-01 19:50:53,134 - INFO - Building stim pattern for pattern_name 2913
2026-02-01 19:50:53,150 - INFO - Building stim pattern for pattern_name 2355
2026-02-01 19:50:53,160 - INFO - Building stim pattern for pattern_name 190
2026-02-01 19:50:53,174 - INFO - Building stim pattern for pattern_name 1034
2026-02-01 19:50:53,184 - INFO - Building stim pattern for pattern_name 2822
2026-02-01 19:50:53,203 - INFO - Building stim pattern for pattern_name 2968
2026-02-01 19:50:53,212 - INFO - Building stim pattern for pattern_name 2506
2026-02-01 19:50:53,228 - INFO - Building stim pattern for pattern_name 648
2026-02-01 19:50:53,238 - INFO - Building stim pattern for pattern_name 3202
2026-02-01 19:50:53,249 - INFO - Building stim pattern for pattern_name 2669
2026-02-01 19:50:53,267 - INFO - Building stim pattern for pattern_name 1953
2026-02-01 19:50:53,280 - INFO - Building stim pattern for pattern_name 2070
2026-02-01 19:50:53,293 - INFO - Building stim pattern for pattern_name 1716
2026-02-01 19:50:53,302 - INFO - Building stim pattern for pattern_name 1266
2026-02-01 19:50:53,312 - INFO - Building stim pattern for pattern_name 1335
2026-02-01 19:50:53,322 - INFO - Building stim pattern for pattern_name 2146
2026-02-01 19:50:53,338 - INFO - Building stim pattern for pattern_name 1330
2026-02-01 19:50:53,350 - INFO - Building stim pattern for pattern_name 3730
2026-02-01 19:50:53,366 - INFO - Building stim pattern for pattern_name 563
2026-02-01 19:50:53,377 - INFO - Building stim pattern for pattern_name 3954
2026-02-01 19:50:53,387 - INFO - Building stim pattern for pattern_name 2651
2026-02-01 19:50:53,400 - INFO - Building stim pattern for pattern_name 1859
2026-02-01 19:50:53,413 - INFO - Building stim pattern for pattern_name 3210
2026-02-01 19:50:53,426 - INFO - Building stim pattern for pattern_name 2648
2026-02-01 19:50:53,439 - INFO - Building stim pattern for pattern_name 2033
2026-02-01 19:50:53,449 - INFO - Building stim pattern for pattern_name 3337
2026-02-01 19:50:53,460 - INFO - Building stim pattern for pattern_name 1831
2026-02-01 19:50:53,470 - INFO - Building stim pattern for pattern_name 715
2026-02-01 19:50:53,480 - INFO - Building stim pattern for pattern_name 431
2026-02-01 19:50:53,490 - INFO - Building stim pattern for pattern_name 3816
2026-02-01 19:50:53,500 - INFO - Building stim pattern for pattern_name 2989
2026-02-01 19:50:53,511 - INFO - Building stim pattern for pattern_name 573
2026-02-01 19:50:53,522 - INFO - Building stim pattern for pattern_name 2643
2026-02-01 19:50:53,531 - INFO - Building stim pattern for pattern_name 3599
2026-02-01 19:50:53,542 - INFO - Building stim pattern for pattern_name 1040
2026-02-01 19:50:53,552 - INFO - Building stim pattern for pattern_name 655
2026-02-01 19:50:53,562 - INFO - Building stim pattern for pattern_name 775
2026-02-01 19:50:53,573 - INFO - Building stim pattern for pattern_name 3986
2026-02-01 19:50:53,590 - INFO - Building stim pattern for pattern_name 11
2026-02-01 19:50:53,613 - INFO - Building stim pattern for pattern_name 3878
2026-02-01 19:50:53,632 - INFO - Building stim pattern for pattern_name 1652
2026-02-01 19:50:53,650 - INFO - Building stim pattern for pattern_name 374
2026-02-01 19:50:53,661 - INFO - Building stim pattern for pattern_name 3635
2026-02-01 19:50:53,680 - INFO - Building stim pattern for pattern_name 189
2026-02-01 19:50:53,693 - INFO - Building stim pattern for pattern_name 3295
2026-02-01 19:50:53,706 - INFO - Building stim pattern for pattern_name 271
2026-02-01 19:50:53,720 - INFO - Building stim pattern for pattern_name 1710
2026-02-01 19:50:53,750 - INFO - Building stim pattern for pattern_name 697
2026-02-01 19:50:53,767 - INFO - Building stim pattern for pattern_name 115
2026-02-01 19:50:53,782 - INFO - Building stim pattern for pattern_name 490
2026-02-01 19:50:53,795 - INFO - Building stim pattern for pattern_name 473
2026-02-01 19:50:53,807 - INFO - Building stim pattern for pattern_name 837
2026-02-01 19:50:53,821 - INFO - Building stim pattern for pattern_name 152
2026-02-01 19:50:53,845 - INFO - Building stim pattern for pattern_name 2813
2026-02-01 19:50:53,856 - INFO - Building stim pattern for pattern_name 1212
2026-02-01 19:50:53,872 - INFO - Building stim pattern for pattern_name 1879
2026-02-01 19:50:53,996 - INFO - Building stim pattern for pattern_name 442
2026-02-01 19:50:54,036 - INFO - Building stim pattern for pattern_name 1175
2026-02-01 19:50:54,047 - INFO - Building stim pattern for pattern_name 3581
2026-02-01 19:50:54,059 - INFO - Building stim pattern for pattern_name 3360
2026-02-01 19:50:54,091 - INFO - Building stim pattern for pattern_name 4024
2026-02-01 19:50:54,101 - INFO - Building stim pattern for pattern_name 1396
2026-02-01 19:50:54,117 - INFO - Building stim pattern for pattern_name 3562
2026-02-01 19:50:54,127 - INFO - Building stim pattern for pattern_name 2982
2026-02-01 19:50:54,144 - INFO - Building stim pattern for pattern_name 2812
2026-02-01 19:50:54,154 - INFO - Building stim pattern for pattern_name 2866
2026-02-01 19:50:54,170 - INFO - Building stim pattern for pattern_name 2893
2026-02-01 19:50:54,185 - INFO - Building stim pattern for pattern_name 307
2026-02-01 19:50:54,196 - INFO - Building stim pattern for pattern_name 1961
2026-02-01 19:50:54,206 - INFO - Building stim pattern for pattern_name 3576
2026-02-01 19:50:54,227 - INFO - Building stim pattern for pattern_name 3465
2026-02-01 19:50:54,246 - INFO - Building stim pattern for pattern_name 1962
2026-02-01 19:50:54,259 - INFO - Building stim pattern for pattern_name 2607
2026-02-01 19:50:54,272 - INFO - Building stim pattern for pattern_name 3184
2026-02-01 19:50:54,283 - INFO - Building stim pattern for pattern_name 1142
2026-02-01 19:50:54,294 - INFO - Building stim pattern for pattern_name 1619
2026-02-01 19:50:54,311 - INFO - Building stim pattern for pattern_name 2605
2026-02-01 19:50:54,322 - INFO - Building stim pattern for pattern_name 647
2026-02-01 19:50:54,332 - INFO - Building stim pattern for pattern_name 162
2026-02-01 19:50:54,347 - INFO - Building stim pattern for pattern_name 1972
2026-02-01 19:50:54,361 - INFO - Building stim pattern for pattern_name 2844
2026-02-01 19:50:54,386 - INFO - Building stim pattern for pattern_name 2671
2026-02-01 19:50:54,399 - INFO - Building stim pattern for pattern_name 1423
2026-02-01 19:50:54,412 - INFO - Building stim pattern for pattern_name 13
2026-02-01 19:50:54,426 - INFO - Building stim pattern for pattern_name 2945
2026-02-01 19:50:54,439 - INFO - Building stim pattern for pattern_name 2296
2026-02-01 19:50:54,449 - INFO - Building stim pattern for pattern_name 2645
2026-02-01 19:50:54,460 - INFO - Building stim pattern for pattern_name 2201
2026-02-01 19:50:54,471 - INFO - Building stim pattern for pattern_name 2423
2026-02-01 19:50:54,481 - INFO - Building stim pattern for pattern_name 2939
2026-02-01 19:50:54,492 - INFO - Building stim pattern for pattern_name 3693
2026-02-01 19:50:54,504 - INFO - Building stim pattern for pattern_name 1233
2026-02-01 19:50:54,514 - INFO - Building stim pattern for pattern_name 2114
2026-02-01 19:50:54,525 - INFO - Building stim pattern for pattern_name 1604
2026-02-01 19:50:54,536 - INFO - Building stim pattern for pattern_name 3617
2026-02-01 19:50:54,546 - INFO - Building stim pattern for pattern_name 437
2026-02-01 19:50:54,557 - INFO - Building stim pattern for pattern_name 3869
2026-02-01 19:50:54,567 - INFO - Building stim pattern for pattern_name 1387
2026-02-01 19:50:54,578 - INFO - Building stim pattern for pattern_name 3882
2026-02-01 19:50:54,588 - INFO - Building stim pattern for pattern_name 642
2026-02-01 19:50:54,598 - INFO - Building stim pattern for pattern_name 1083
2026-02-01 19:50:54,609 - INFO - Building stim pattern for pattern_name 1796
2026-02-01 19:50:54,619 - INFO - Building stim pattern for pattern_name 3568
2026-02-01 19:50:54,629 - INFO - Building stim pattern for pattern_name 1678
2026-02-01 19:50:54,640 - INFO - Building stim pattern for pattern_name 730
2026-02-01 19:50:54,655 - INFO - Building stim pattern for pattern_name 3315
2026-02-01 19:50:54,665 - INFO - Building stim pattern for pattern_name 3668
2026-02-01 19:50:54,676 - INFO - Building stim pattern for pattern_name 757
2026-02-01 19:50:54,693 - INFO - Building stim pattern for pattern_name 278
2026-02-01 19:50:54,702 - INFO - Building stim pattern for pattern_name 1998
2026-02-01 19:50:54,719 - INFO - Building stim pattern for pattern_name 2344
2026-02-01 19:50:54,734 - INFO - Building stim pattern for pattern_name 3305
2026-02-01 19:50:54,746 - INFO - Building stim pattern for pattern_name 2378
2026-02-01 19:50:54,758 - INFO - Building stim pattern for pattern_name 3067
2026-02-01 19:50:54,771 - INFO - Building stim pattern for pattern_name 1625
2026-02-01 19:50:54,783 - INFO - Building stim pattern for pattern_name 2872
2026-02-01 19:50:54,800 - INFO - Building stim pattern for pattern_name 3731
2026-02-01 19:50:54,812 - INFO - Building stim pattern for pattern_name 638
2026-02-01 19:50:54,823 - INFO - Building stim pattern for pattern_name 2016
2026-02-01 19:50:54,838 - INFO - Building stim pattern for pattern_name 1363
2026-02-01 19:50:54,853 - INFO - Building stim pattern for pattern_name 1397
2026-02-01 19:50:54,870 - INFO - Building stim pattern for pattern_name 1761
2026-02-01 19:50:54,882 - INFO - Building stim pattern for pattern_name 2290
2026-02-01 19:50:54,893 - INFO - Building stim pattern for pattern_name 3590
2026-02-01 19:50:54,906 - INFO - Building stim pattern for pattern_name 2247
2026-02-01 19:50:54,919 - INFO - Building stim pattern for pattern_name 699
2026-02-01 19:50:54,930 - INFO - Building stim pattern for pattern_name 1915
2026-02-01 19:50:54,939 - INFO - Building stim pattern for pattern_name 1289
2026-02-01 19:50:54,950 - INFO - Building stim pattern for pattern_name 1691
2026-02-01 19:50:54,960 - INFO - Building stim pattern for pattern_name 990
2026-02-01 19:50:54,970 - INFO - Building stim pattern for pattern_name 3077
2026-02-01 19:50:54,985 - INFO - Building stim pattern for pattern_name 1191
2026-02-01 19:50:54,995 - INFO - Building stim pattern for pattern_name 118
2026-02-01 19:50:55,005 - INFO - Building stim pattern for pattern_name 1177
2026-02-01 19:50:55,016 - INFO - Building stim pattern for pattern_name 1683
2026-02-01 19:50:55,027 - INFO - Building stim pattern for pattern_name 1348
2026-02-01 19:50:55,038 - INFO - Building stim pattern for pattern_name 1789
2026-02-01 19:50:55,049 - INFO - Building stim pattern for pattern_name 578
2026-02-01 19:50:55,060 - INFO - Building stim pattern for pattern_name 1982
2026-02-01 19:50:55,072 - INFO - Building stim pattern for pattern_name 3520
2026-02-01 19:50:55,087 - INFO - Building stim pattern for pattern_name 2865
2026-02-01 19:50:55,100 - INFO - Building stim pattern for pattern_name 1262
2026-02-01 19:50:55,109 - INFO - Building stim pattern for pattern_name 2807
2026-02-01 19:50:55,124 - INFO - Building stim pattern for pattern_name 4035
2026-02-01 19:50:55,141 - INFO - Building stim pattern for pattern_name 2139
2026-02-01 19:50:55,152 - INFO - Building stim pattern for pattern_name 1738
2026-02-01 19:50:55,162 - INFO - Building stim pattern for pattern_name 1094
2026-02-01 19:50:55,173 - INFO - Building stim pattern for pattern_name 2333
2026-02-01 19:50:55,184 - INFO - Building stim pattern for pattern_name 2517
2026-02-01 19:50:55,194 - INFO - Building stim pattern for pattern_name 1152
2026-02-01 19:50:55,211 - INFO - Building stim pattern for pattern_name 2024
2026-02-01 19:50:55,222 - INFO - Building stim pattern for pattern_name 1051
2026-02-01 19:50:55,239 - INFO - Building stim pattern for pattern_name 2839
2026-02-01 19:50:55,257 - INFO - Building stim pattern for pattern_name 3963
2026-02-01 19:50:55,266 - INFO - Building stim pattern for pattern_name 2777
2026-02-01 19:50:55,278 - INFO - Building stim pattern for pattern_name 3296
2026-02-01 19:50:55,290 - INFO - Building stim pattern for pattern_name 3091
2026-02-01 19:50:55,314 - INFO - Building stim pattern for pattern_name 3788
2026-02-01 19:50:55,324 - INFO - Building stim pattern for pattern_name 2110
2026-02-01 19:50:55,334 - INFO - Building stim pattern for pattern_name 2770
2026-02-01 19:50:55,344 - INFO - Building stim pattern for pattern_name 27
2026-02-01 19:50:55,355 - INFO - Building stim pattern for pattern_name 2656
2026-02-01 19:50:55,390 - INFO - Building stim pattern for pattern_name 3911
2026-02-01 19:50:55,407 - INFO - Building stim pattern for pattern_name 3796
2026-02-01 19:50:55,417 - INFO - Building stim pattern for pattern_name 3072
2026-02-01 19:50:55,426 - INFO - Building stim pattern for pattern_name 1686
2026-02-01 19:50:55,437 - INFO - Building stim pattern for pattern_name 3831
2026-02-01 19:50:55,446 - INFO - Building stim pattern for pattern_name 1885
2026-02-01 19:50:55,456 - INFO - Building stim pattern for pattern_name 311
2026-02-01 19:50:55,466 - INFO - Building stim pattern for pattern_name 1816
2026-02-01 19:50:55,481 - INFO - Building stim pattern for pattern_name 926
2026-02-01 19:50:55,491 - INFO - Building stim pattern for pattern_name 1298
2026-02-01 19:50:55,502 - INFO - Building stim pattern for pattern_name 3795
2026-02-01 19:50:55,520 - INFO - Building stim pattern for pattern_name 2130
2026-02-01 19:50:55,531 - INFO - Building stim pattern for pattern_name 1773
2026-02-01 19:50:55,543 - INFO - Building stim pattern for pattern_name 1027
2026-02-01 19:50:55,554 - INFO - Building stim pattern for pattern_name 3698
2026-02-01 19:50:55,570 - INFO - Building stim pattern for pattern_name 2150
2026-02-01 19:50:55,581 - INFO - Building stim pattern for pattern_name 3151
2026-02-01 19:50:55,593 - INFO - Building stim pattern for pattern_name 3047
2026-02-01 19:50:55,604 - INFO - Building stim pattern for pattern_name 3741
2026-02-01 19:50:55,621 - INFO - Building stim pattern for pattern_name 1412
2026-02-01 19:50:55,633 - INFO - Building stim pattern for pattern_name 2879
2026-02-01 19:50:55,646 - INFO - Building stim pattern for pattern_name 2868
2026-02-01 19:50:55,660 - INFO - Building stim pattern for pattern_name 3942
2026-02-01 19:50:55,671 - INFO - Building stim pattern for pattern_name 659
2026-02-01 19:50:55,681 - INFO - Building stim pattern for pattern_name 3526
2026-02-01 19:50:55,692 - INFO - Building stim pattern for pattern_name 2693
2026-02-01 19:50:55,703 - INFO - Building stim pattern for pattern_name 1505
2026-02-01 19:50:55,713 - INFO - Building stim pattern for pattern_name 613
2026-02-01 19:50:55,726 - INFO - Building stim pattern for pattern_name 548
2026-02-01 19:50:55,742 - INFO - Building stim pattern for pattern_name 2760
2026-02-01 19:50:55,752 - INFO - Building stim pattern for pattern_name 812
2026-02-01 19:50:55,766 - INFO - Building stim pattern for pattern_name 2904
2026-02-01 19:50:55,777 - INFO - Building stim pattern for pattern_name 883
2026-02-01 19:50:55,798 - INFO - Building stim pattern for pattern_name 1840
2026-02-01 19:50:55,808 - INFO - Building stim pattern for pattern_name 2769
2026-02-01 19:50:55,818 - INFO - Building stim pattern for pattern_name 718
2026-02-01 19:50:55,839 - INFO - Building stim pattern for pattern_name 2326
2026-02-01 19:50:55,859 - INFO - Building stim pattern for pattern_name 3736
2026-02-01 19:50:55,879 - INFO - Building stim pattern for pattern_name 2074
2026-02-01 19:50:55,908 - INFO - Building stim pattern for pattern_name 3420
2026-02-01 19:50:55,919 - INFO - Building stim pattern for pattern_name 599
2026-02-01 19:50:55,936 - INFO - Building stim pattern for pattern_name 2044
2026-02-01 19:50:55,947 - INFO - Building stim pattern for pattern_name 1814
2026-02-01 19:50:55,959 - INFO - Building stim pattern for pattern_name 3229
2026-02-01 19:50:55,969 - INFO - Building stim pattern for pattern_name 411
2026-02-01 19:50:55,978 - INFO - Building stim pattern for pattern_name 1552
2026-02-01 19:50:55,988 - INFO - Building stim pattern for pattern_name 2082
2026-02-01 19:50:56,012 - INFO - Building stim pattern for pattern_name 3217
2026-02-01 19:50:56,023 - INFO - Building stim pattern for pattern_name 1667
2026-02-01 19:50:56,041 - INFO - Building stim pattern for pattern_name 3268
2026-02-01 19:50:56,052 - INFO - Building stim pattern for pattern_name 3161
2026-02-01 19:50:56,062 - INFO - Building stim pattern for pattern_name 2767
2026-02-01 19:50:56,072 - INFO - Building stim pattern for pattern_name 20
2026-02-01 19:50:56,082 - INFO - Building stim pattern for pattern_name 3684
2026-02-01 19:50:56,093 - INFO - Building stim pattern for pattern_name 538
2026-02-01 19:50:56,104 - INFO - Building stim pattern for pattern_name 3116
2026-02-01 19:50:56,116 - INFO - Building stim pattern for pattern_name 1914
2026-02-01 19:50:56,127 - INFO - Building stim pattern for pattern_name 2768
2026-02-01 19:50:56,138 - INFO - Building stim pattern for pattern_name 1821
2026-02-01 19:50:56,154 - INFO - Building stim pattern for pattern_name 886
2026-02-01 19:50:56,164 - INFO - Building stim pattern for pattern_name 2325
2026-02-01 19:50:56,174 - INFO - Building stim pattern for pattern_name 3727
2026-02-01 19:50:56,185 - INFO - Building stim pattern for pattern_name 3245
2026-02-01 19:50:56,196 - INFO - Building stim pattern for pattern_name 1322
2026-02-01 19:50:56,206 - INFO - Building stim pattern for pattern_name 2583
2026-02-01 19:50:56,216 - INFO - Building stim pattern for pattern_name 2090
2026-02-01 19:50:56,229 - INFO - Building stim pattern for pattern_name 3384
2026-02-01 19:50:56,251 - INFO - Building stim pattern for pattern_name 164
2026-02-01 19:50:56,268 - INFO - Building stim pattern for pattern_name 22
2026-02-01 19:50:56,279 - INFO - Building stim pattern for pattern_name 3186
2026-02-01 19:50:56,289 - INFO - Building stim pattern for pattern_name 3745
2026-02-01 19:50:56,298 - INFO - Building stim pattern for pattern_name 70
2026-02-01 19:50:56,312 - INFO - Building stim pattern for pattern_name 1110
2026-02-01 19:50:56,322 - INFO - Building stim pattern for pattern_name 3532
2026-02-01 19:50:56,333 - INFO - Building stim pattern for pattern_name 1989
2026-02-01 19:50:56,410 - INFO - Building stim pattern for pattern_name 2307
2026-02-01 19:50:56,447 - INFO - Building stim pattern for pattern_name 633
2026-02-01 19:50:56,460 - INFO - Building stim pattern for pattern_name 3440
2026-02-01 19:50:56,472 - INFO - Building stim pattern for pattern_name 1734
2026-02-01 19:50:56,496 - INFO - Building stim pattern for pattern_name 1648
2026-02-01 19:50:56,506 - INFO - Building stim pattern for pattern_name 2462
2026-02-01 19:50:56,520 - INFO - Building stim pattern for pattern_name 3760
2026-02-01 19:50:56,531 - INFO - Building stim pattern for pattern_name 3913
2026-02-01 19:50:56,541 - INFO - Building stim pattern for pattern_name 2474
2026-02-01 19:50:56,564 - INFO - Building stim pattern for pattern_name 2059
2026-02-01 19:50:56,574 - INFO - Building stim pattern for pattern_name 1931
2026-02-01 19:50:56,583 - INFO - Building stim pattern for pattern_name 2632
2026-02-01 19:50:56,594 - INFO - Building stim pattern for pattern_name 2165
2026-02-01 19:50:56,604 - INFO - Building stim pattern for pattern_name 2408
2026-02-01 19:50:56,614 - INFO - Building stim pattern for pattern_name 1470
2026-02-01 19:50:56,624 - INFO - Building stim pattern for pattern_name 1003
2026-02-01 19:50:56,635 - INFO - Building stim pattern for pattern_name 1550
2026-02-01 19:50:56,645 - INFO - Building stim pattern for pattern_name 759
2026-02-01 19:50:56,666 - INFO - Building stim pattern for pattern_name 1126
2026-02-01 19:50:56,684 - INFO - Building stim pattern for pattern_name 1301
2026-02-01 19:50:56,701 - INFO - Building stim pattern for pattern_name 528
2026-02-01 19:50:56,712 - INFO - Building stim pattern for pattern_name 2026
2026-02-01 19:50:56,722 - INFO - Building stim pattern for pattern_name 1210
2026-02-01 19:50:56,733 - INFO - Building stim pattern for pattern_name 46
2026-02-01 19:50:56,744 - INFO - Building stim pattern for pattern_name 2697
2026-02-01 19:50:56,754 - INFO - Building stim pattern for pattern_name 3589
2026-02-01 19:50:56,773 - INFO - Building stim pattern for pattern_name 1220
2026-02-01 19:50:56,784 - INFO - Building stim pattern for pattern_name 3018
2026-02-01 19:50:56,801 - INFO - Building stim pattern for pattern_name 1012
2026-02-01 19:50:56,811 - INFO - Building stim pattern for pattern_name 1417
2026-02-01 19:50:56,822 - INFO - Building stim pattern for pattern_name 401
2026-02-01 19:50:56,847 - INFO - Building stim pattern for pattern_name 3023
2026-02-01 19:50:56,862 - INFO - Building stim pattern for pattern_name 1886
2026-02-01 19:50:56,872 - INFO - Building stim pattern for pattern_name 1228
2026-02-01 19:50:56,882 - INFO - Building stim pattern for pattern_name 147
2026-02-01 19:50:56,892 - INFO - Building stim pattern for pattern_name 1731
2026-02-01 19:50:56,908 - INFO - Building stim pattern for pattern_name 3847
2026-02-01 19:50:56,919 - INFO - Building stim pattern for pattern_name 2513
2026-02-01 19:50:56,929 - INFO - Building stim pattern for pattern_name 1022
2026-02-01 19:50:56,939 - INFO - Building stim pattern for pattern_name 1057
2026-02-01 19:50:56,959 - INFO - Building stim pattern for pattern_name 257
2026-02-01 19:50:56,975 - INFO - Building stim pattern for pattern_name 780
2026-02-01 19:50:56,985 - INFO - Building stim pattern for pattern_name 928
2026-02-01 19:50:56,996 - INFO - Building stim pattern for pattern_name 126
2026-02-01 19:50:57,007 - INFO - Building stim pattern for pattern_name 384
2026-02-01 19:50:57,017 - INFO - Building stim pattern for pattern_name 3080
2026-02-01 19:50:57,027 - INFO - Building stim pattern for pattern_name 2198
2026-02-01 19:50:57,036 - INFO - Building stim pattern for pattern_name 698
2026-02-01 19:50:57,052 - INFO - Building stim pattern for pattern_name 1992
2026-02-01 19:50:57,067 - INFO - Building stim pattern for pattern_name 194
2026-02-01 19:50:57,077 - INFO - Building stim pattern for pattern_name 916
2026-02-01 19:50:57,088 - INFO - Building stim pattern for pattern_name 3662
2026-02-01 19:50:57,098 - INFO - Building stim pattern for pattern_name 3975
2026-02-01 19:50:57,108 - INFO - Building stim pattern for pattern_name 385
2026-02-01 19:50:57,118 - INFO - Building stim pattern for pattern_name 723
2026-02-01 19:50:57,133 - INFO - Building stim pattern for pattern_name 636
2026-02-01 19:50:57,148 - INFO - Building stim pattern for pattern_name 3841
2026-02-01 19:50:57,174 - INFO - Building stim pattern for pattern_name 3781
2026-02-01 19:50:57,184 - INFO - Building stim pattern for pattern_name 3309
2026-02-01 19:50:57,194 - INFO - Building stim pattern for pattern_name 2554
2026-02-01 19:50:57,209 - INFO - Building stim pattern for pattern_name 794
2026-02-01 19:50:57,221 - INFO - Building stim pattern for pattern_name 1062
2026-02-01 19:50:57,232 - INFO - Building stim pattern for pattern_name 366
2026-02-01 19:50:57,243 - INFO - Building stim pattern for pattern_name 327
2026-02-01 19:50:57,253 - INFO - Building stim pattern for pattern_name 1460
2026-02-01 19:50:57,267 - INFO - Building stim pattern for pattern_name 2959
2026-02-01 19:50:57,287 - INFO - Building stim pattern for pattern_name 1740
2026-02-01 19:50:57,307 - INFO - Building stim pattern for pattern_name 3757
2026-02-01 19:50:57,318 - INFO - Building stim pattern for pattern_name 2684
2026-02-01 19:50:57,335 - INFO - Building stim pattern for pattern_name 376
2026-02-01 19:50:57,353 - INFO - Building stim pattern for pattern_name 2994
2026-02-01 19:50:57,363 - INFO - Building stim pattern for pattern_name 3012
2026-02-01 19:50:57,374 - INFO - Building stim pattern for pattern_name 2162
2026-02-01 19:50:57,385 - INFO - Building stim pattern for pattern_name 425
2026-02-01 19:50:57,394 - INFO - Building stim pattern for pattern_name 1276
2026-02-01 19:50:57,404 - INFO - Building stim pattern for pattern_name 701
2026-02-01 19:50:57,414 - INFO - Building stim pattern for pattern_name 3352
2026-02-01 19:50:57,425 - INFO - Building stim pattern for pattern_name 3114
2026-02-01 19:50:57,435 - INFO - Building stim pattern for pattern_name 1890
2026-02-01 19:50:57,446 - INFO - Building stim pattern for pattern_name 3081
2026-02-01 19:50:57,463 - INFO - Building stim pattern for pattern_name 2126
2026-02-01 19:50:57,482 - INFO - Building stim pattern for pattern_name 169
2026-02-01 19:50:57,500 - INFO - Building stim pattern for pattern_name 2638
2026-02-01 19:50:57,528 - INFO - Building stim pattern for pattern_name 2886
2026-02-01 19:50:57,540 - INFO - Building stim pattern for pattern_name 3517
2026-02-01 19:50:57,560 - INFO - Building stim pattern for pattern_name 1308
2026-02-01 19:50:57,593 - INFO - Building stim pattern for pattern_name 938
2026-02-01 19:50:57,608 - INFO - Building stim pattern for pattern_name 3714
2026-02-01 19:50:57,634 - INFO - Building stim pattern for pattern_name 3984
2026-02-01 19:50:57,666 - INFO - Building stim pattern for pattern_name 228
2026-02-01 19:50:57,676 - INFO - Building stim pattern for pattern_name 2600
2026-02-01 19:50:57,688 - INFO - Building stim pattern for pattern_name 1511
2026-02-01 19:50:57,699 - INFO - Building stim pattern for pattern_name 629
2026-02-01 19:50:57,709 - INFO - Building stim pattern for pattern_name 1969
2026-02-01 19:50:57,720 - INFO - Building stim pattern for pattern_name 2899
2026-02-01 19:50:57,732 - INFO - Building stim pattern for pattern_name 2631
2026-02-01 19:50:57,742 - INFO - Building stim pattern for pattern_name 835
2026-02-01 19:50:57,754 - INFO - Building stim pattern for pattern_name 2123
2026-02-01 19:50:57,766 - INFO - Building stim pattern for pattern_name 480
2026-02-01 19:50:57,776 - INFO - Building stim pattern for pattern_name 137
2026-02-01 19:50:57,787 - INFO - Building stim pattern for pattern_name 3894
2026-02-01 19:50:57,797 - INFO - Building stim pattern for pattern_name 3345
2026-02-01 19:50:57,809 - INFO - Building stim pattern for pattern_name 1207
2026-02-01 19:50:57,822 - INFO - Building stim pattern for pattern_name 3876
2026-02-01 19:50:57,833 - INFO - Building stim pattern for pattern_name 360
2026-02-01 19:50:57,846 - INFO - Building stim pattern for pattern_name 2179
2026-02-01 19:50:57,860 - INFO - Building stim pattern for pattern_name 1699
2026-02-01 19:50:57,873 - INFO - Building stim pattern for pattern_name 1354
2026-02-01 19:50:57,887 - INFO - Building stim pattern for pattern_name 1420
2026-02-01 19:50:57,898 - INFO - Building stim pattern for pattern_name 170
2026-02-01 19:50:57,911 - INFO - Building stim pattern for pattern_name 1690
2026-02-01 19:50:57,923 - INFO - Building stim pattern for pattern_name 2377
2026-02-01 19:50:57,946 - INFO - Building stim pattern for pattern_name 3907
2026-02-01 19:50:57,957 - INFO - Building stim pattern for pattern_name 1019
2026-02-01 19:50:57,969 - INFO - Building stim pattern for pattern_name 2576
2026-02-01 19:50:57,981 - INFO - Building stim pattern for pattern_name 1007
2026-02-01 19:50:57,993 - INFO - Building stim pattern for pattern_name 1194
2026-02-01 19:50:58,009 - INFO - Building stim pattern for pattern_name 3494
2026-02-01 19:50:58,022 - INFO - Building stim pattern for pattern_name 3279
2026-02-01 19:50:58,032 - INFO - Building stim pattern for pattern_name 2343
2026-02-01 19:50:58,042 - INFO - Building stim pattern for pattern_name 400
2026-02-01 19:50:58,066 - INFO - Building stim pattern for pattern_name 1584
2026-02-01 19:50:58,077 - INFO - Building stim pattern for pattern_name 1089
2026-02-01 19:50:58,087 - INFO - Building stim pattern for pattern_name 1061
2026-02-01 19:50:58,097 - INFO - Building stim pattern for pattern_name 1954
2026-02-01 19:50:58,118 - INFO - Building stim pattern for pattern_name 2006
2026-02-01 19:50:58,148 - INFO - Building stim pattern for pattern_name 1671
2026-02-01 19:50:58,162 - INFO - Building stim pattern for pattern_name 3478
2026-02-01 19:50:58,174 - INFO - Building stim pattern for pattern_name 1319
2026-02-01 19:50:58,193 - INFO - Building stim pattern for pattern_name 2433
2026-02-01 19:50:58,205 - INFO - Building stim pattern for pattern_name 3032
2026-02-01 19:50:58,221 - INFO - Building stim pattern for pattern_name 93
2026-02-01 19:50:58,236 - INFO - Building stim pattern for pattern_name 1161
2026-02-01 19:50:58,250 - INFO - Building stim pattern for pattern_name 249
2026-02-01 19:50:58,278 - INFO - Building stim pattern for pattern_name 687
2026-02-01 19:50:58,295 - INFO - Building stim pattern for pattern_name 1676
2026-02-01 19:50:58,306 - INFO - Building stim pattern for pattern_name 2654
2026-02-01 19:50:58,315 - INFO - Building stim pattern for pattern_name 901
2026-02-01 19:50:58,326 - INFO - Building stim pattern for pattern_name 1916
2026-02-01 19:50:58,342 - INFO - Building stim pattern for pattern_name 377
2026-02-01 19:50:58,353 - INFO - Building stim pattern for pattern_name 2389
2026-02-01 19:50:58,365 - INFO - Building stim pattern for pattern_name 78
2026-02-01 19:50:58,376 - INFO - Building stim pattern for pattern_name 1836
2026-02-01 19:50:58,394 - INFO - Building stim pattern for pattern_name 2199
2026-02-01 19:50:58,405 - INFO - Building stim pattern for pattern_name 3854
2026-02-01 19:50:58,417 - INFO - Building stim pattern for pattern_name 2395
2026-02-01 19:50:58,428 - INFO - Building stim pattern for pattern_name 753
2026-02-01 19:50:58,438 - INFO - Building stim pattern for pattern_name 1983
2026-02-01 19:50:58,450 - INFO - Building stim pattern for pattern_name 3225
2026-02-01 19:50:58,460 - INFO - Building stim pattern for pattern_name 1728
2026-02-01 19:50:58,478 - INFO - Building stim pattern for pattern_name 1500
2026-02-01 19:50:58,489 - INFO - Building stim pattern for pattern_name 2376
2026-02-01 19:50:58,507 - INFO - Building stim pattern for pattern_name 1029
2026-02-01 19:50:58,519 - INFO - Building stim pattern for pattern_name 2863
2026-02-01 19:50:58,529 - INFO - Building stim pattern for pattern_name 1586
2026-02-01 19:50:58,541 - INFO - Building stim pattern for pattern_name 2856
2026-02-01 19:50:58,553 - INFO - Building stim pattern for pattern_name 897
2026-02-01 19:50:58,565 - INFO - Building stim pattern for pattern_name 2621
2026-02-01 19:50:58,574 - INFO - Building stim pattern for pattern_name 2226
2026-02-01 19:50:58,584 - INFO - Building stim pattern for pattern_name 291
2026-02-01 19:50:58,595 - INFO - Building stim pattern for pattern_name 2482
2026-02-01 19:50:58,609 - INFO - Building stim pattern for pattern_name 2449
2026-02-01 19:50:58,622 - INFO - Building stim pattern for pattern_name 1216
2026-02-01 19:50:58,634 - INFO - Building stim pattern for pattern_name 1714
2026-02-01 19:50:58,645 - INFO - Building stim pattern for pattern_name 2447
2026-02-01 19:50:58,657 - INFO - Building stim pattern for pattern_name 1616
2026-02-01 19:50:58,676 - INFO - Building stim pattern for pattern_name 3793
2026-02-01 19:50:58,687 - INFO - Building stim pattern for pattern_name 2986
2026-02-01 19:50:58,699 - INFO - Building stim pattern for pattern_name 2364
2026-02-01 19:50:58,715 - INFO - Building stim pattern for pattern_name 2548
2026-02-01 19:50:58,727 - INFO - Building stim pattern for pattern_name 3133
2026-02-01 19:50:58,737 - INFO - Building stim pattern for pattern_name 3978
2026-02-01 19:50:58,748 - INFO - Building stim pattern for pattern_name 1495
2026-02-01 19:50:58,758 - INFO - Building stim pattern for pattern_name 1719
2026-02-01 19:50:58,777 - INFO - Building stim pattern for pattern_name 1908
2026-02-01 19:50:58,791 - INFO - Building stim pattern for pattern_name 1170
2026-02-01 19:50:58,804 - INFO - Building stim pattern for pattern_name 1883
2026-02-01 19:50:58,816 - INFO - Building stim pattern for pattern_name 3141
2026-02-01 19:50:58,833 - INFO - Building stim pattern for pattern_name 1451
2026-02-01 19:50:58,844 - INFO - Building stim pattern for pattern_name 255
2026-02-01 19:50:58,855 - INFO - Building stim pattern for pattern_name 1024
2026-02-01 19:50:58,865 - INFO - Building stim pattern for pattern_name 2085
2026-02-01 19:50:58,876 - INFO - Building stim pattern for pattern_name 413
2026-02-01 19:50:58,887 - INFO - Building stim pattern for pattern_name 1680
2026-02-01 19:50:58,897 - INFO - Building stim pattern for pattern_name 3868
2026-02-01 19:50:58,907 - INFO - Building stim pattern for pattern_name 292
2026-02-01 19:50:58,918 - INFO - Building stim pattern for pattern_name 469
2026-02-01 19:50:58,928 - INFO - Building stim pattern for pattern_name 2286
2026-02-01 19:50:58,949 - INFO - Building stim pattern for pattern_name 184
2026-02-01 19:50:58,963 - INFO - Building stim pattern for pattern_name 1965
2026-02-01 19:50:58,973 - INFO - Building stim pattern for pattern_name 3849
2026-02-01 19:50:58,986 - INFO - Building stim pattern for pattern_name 2011
2026-02-01 19:50:58,998 - INFO - Building stim pattern for pattern_name 3866
2026-02-01 19:50:59,010 - INFO - Building stim pattern for pattern_name 1779
2026-02-01 19:50:59,021 - INFO - Building stim pattern for pattern_name 3881
2026-02-01 19:50:59,032 - INFO - Building stim pattern for pattern_name 3839
2026-02-01 19:50:59,042 - INFO - Building stim pattern for pattern_name 1273
2026-02-01 19:50:59,056 - INFO - Building stim pattern for pattern_name 1563
2026-02-01 19:50:59,073 - INFO - Building stim pattern for pattern_name 1799
2026-02-01 19:50:59,085 - INFO - Building stim pattern for pattern_name 3416
2026-02-01 19:50:59,095 - INFO - Building stim pattern for pattern_name 661
2026-02-01 19:50:59,105 - INFO - Building stim pattern for pattern_name 2728
2026-02-01 19:50:59,115 - INFO - Building stim pattern for pattern_name 838
2026-02-01 19:50:59,126 - INFO - Building stim pattern for pattern_name 1634
2026-02-01 19:50:59,136 - INFO - Building stim pattern for pattern_name 3973
2026-02-01 19:50:59,147 - INFO - Building stim pattern for pattern_name 1171
2026-02-01 19:50:59,163 - INFO - Building stim pattern for pattern_name 2416
2026-02-01 19:50:59,173 - INFO - Building stim pattern for pattern_name 313
2026-02-01 19:50:59,189 - INFO - Building stim pattern for pattern_name 3313
2026-02-01 19:50:59,206 - INFO - Building stim pattern for pattern_name 3611
2026-02-01 19:50:59,217 - INFO - Building stim pattern for pattern_name 3715
2026-02-01 19:50:59,228 - INFO - Building stim pattern for pattern_name 764
2026-02-01 19:50:59,239 - INFO - Building stim pattern for pattern_name 116
2026-02-01 19:50:59,256 - INFO - Building stim pattern for pattern_name 2786
2026-02-01 19:50:59,267 - INFO - Building stim pattern for pattern_name 445
2026-02-01 19:50:59,284 - INFO - Building stim pattern for pattern_name 2529
2026-02-01 19:50:59,302 - INFO - Building stim pattern for pattern_name 3631
2026-02-01 19:50:59,324 - INFO - Building stim pattern for pattern_name 2092
2026-02-01 19:50:59,335 - INFO - Building stim pattern for pattern_name 1368
2026-02-01 19:50:59,345 - INFO - Building stim pattern for pattern_name 2239
2026-02-01 19:50:59,357 - INFO - Building stim pattern for pattern_name 944
2026-02-01 19:50:59,371 - INFO - Building stim pattern for pattern_name 1294
2026-02-01 19:50:59,382 - INFO - Building stim pattern for pattern_name 562
2026-02-01 19:50:59,393 - INFO - Building stim pattern for pattern_name 815
2026-02-01 19:50:59,403 - INFO - Building stim pattern for pattern_name 2478
2026-02-01 19:50:59,414 - INFO - Building stim pattern for pattern_name 964
2026-02-01 19:50:59,424 - INFO - Building stim pattern for pattern_name 3378
2026-02-01 19:50:59,441 - INFO - Building stim pattern for pattern_name 2920
2026-02-01 19:50:59,452 - INFO - Building stim pattern for pattern_name 1687
2026-02-01 19:50:59,463 - INFO - Building stim pattern for pattern_name 1438
2026-02-01 19:50:59,473 - INFO - Building stim pattern for pattern_name 487
2026-02-01 19:50:59,484 - INFO - Building stim pattern for pattern_name 825
2026-02-01 19:50:59,505 - INFO - Building stim pattern for pattern_name 974
2026-02-01 19:50:59,515 - INFO - Building stim pattern for pattern_name 3126
2026-02-01 19:50:59,527 - INFO - Building stim pattern for pattern_name 1772
2026-02-01 19:50:59,624 - INFO - Building stim pattern for pattern_name 1708
2026-02-01 19:50:59,656 - INFO - Building stim pattern for pattern_name 2729
2026-02-01 19:50:59,682 - INFO - Building stim pattern for pattern_name 2610
2026-02-01 19:50:59,694 - INFO - Building stim pattern for pattern_name 3685
2026-02-01 19:50:59,706 - INFO - Building stim pattern for pattern_name 2843
2026-02-01 19:50:59,718 - INFO - Building stim pattern for pattern_name 1133
2026-02-01 19:50:59,731 - INFO - Building stim pattern for pattern_name 3825
2026-02-01 19:50:59,743 - INFO - Building stim pattern for pattern_name 1403
2026-02-01 19:50:59,753 - INFO - Building stim pattern for pattern_name 3256
2026-02-01 19:50:59,763 - INFO - Building stim pattern for pattern_name 2534
2026-02-01 19:50:59,775 - INFO - Building stim pattern for pattern_name 3385
2026-02-01 19:50:59,794 - INFO - Building stim pattern for pattern_name 726
2026-02-01 19:50:59,805 - INFO - Building stim pattern for pattern_name 3877
2026-02-01 19:50:59,816 - INFO - Building stim pattern for pattern_name 1575
2026-02-01 19:50:59,833 - INFO - Building stim pattern for pattern_name 2518
2026-02-01 19:50:59,844 - INFO - Building stim pattern for pattern_name 340
2026-02-01 19:50:59,854 - INFO - Building stim pattern for pattern_name 3073
2026-02-01 19:50:59,871 - INFO - Building stim pattern for pattern_name 380
2026-02-01 19:50:59,881 - INFO - Building stim pattern for pattern_name 2323
2026-02-01 19:50:59,892 - INFO - Building stim pattern for pattern_name 639
2026-02-01 19:50:59,902 - INFO - Building stim pattern for pattern_name 1701
2026-02-01 19:50:59,913 - INFO - Building stim pattern for pattern_name 1366
2026-02-01 19:50:59,923 - INFO - Building stim pattern for pattern_name 1762
2026-02-01 19:50:59,935 - INFO - Building stim pattern for pattern_name 3967
2026-02-01 19:50:59,946 - INFO - Building stim pattern for pattern_name 602
2026-02-01 19:50:59,958 - INFO - Building stim pattern for pattern_name 443
2026-02-01 19:50:59,968 - INFO - Building stim pattern for pattern_name 3694
2026-02-01 19:50:59,978 - INFO - Building stim pattern for pattern_name 3604
2026-02-01 19:50:59,989 - INFO - Building stim pattern for pattern_name 1314
2026-02-01 19:51:00,001 - INFO - Building stim pattern for pattern_name 1426
2026-02-01 19:51:00,012 - INFO - Building stim pattern for pattern_name 2819
2026-02-01 19:51:00,029 - INFO - Building stim pattern for pattern_name 2105
2026-02-01 19:51:00,039 - INFO - Building stim pattern for pattern_name 329
2026-02-01 19:51:00,051 - INFO - Building stim pattern for pattern_name 1380
2026-02-01 19:51:00,062 - INFO - Building stim pattern for pattern_name 3461
2026-02-01 19:51:00,074 - INFO - Building stim pattern for pattern_name 2375
2026-02-01 19:51:00,085 - INFO - Building stim pattern for pattern_name 632
2026-02-01 19:51:00,097 - INFO - Building stim pattern for pattern_name 1717
2026-02-01 19:51:00,107 - INFO - Building stim pattern for pattern_name 3993
2026-02-01 19:51:00,118 - INFO - Building stim pattern for pattern_name 1128
2026-02-01 19:51:00,129 - INFO - Building stim pattern for pattern_name 2623
2026-02-01 19:51:00,140 - INFO - Building stim pattern for pattern_name 816
2026-02-01 19:51:00,152 - INFO - Building stim pattern for pattern_name 1104
2026-02-01 19:51:00,171 - INFO - Building stim pattern for pattern_name 1143
2026-02-01 19:51:00,181 - INFO - Building stim pattern for pattern_name 1949
2026-02-01 19:51:00,194 - INFO - Building stim pattern for pattern_name 344
2026-02-01 19:51:00,205 - INFO - Building stim pattern for pattern_name 3649
2026-02-01 19:51:00,221 - INFO - Building stim pattern for pattern_name 2077
2026-02-01 19:51:00,232 - INFO - Building stim pattern for pattern_name 2458
2026-02-01 19:51:00,248 - INFO - Building stim pattern for pattern_name 1898
2026-02-01 19:51:00,259 - INFO - Building stim pattern for pattern_name 1332
2026-02-01 19:51:00,269 - INFO - Building stim pattern for pattern_name 3807
2026-02-01 19:51:00,279 - INFO - Building stim pattern for pattern_name 1364
2026-02-01 19:51:00,290 - INFO - Building stim pattern for pattern_name 3982
2026-02-01 19:51:00,301 - INFO - Building stim pattern for pattern_name 1406
2026-02-01 19:51:00,311 - INFO - Building stim pattern for pattern_name 336
2026-02-01 19:51:00,321 - INFO - Building stim pattern for pattern_name 710
2026-02-01 19:51:00,339 - INFO - Building stim pattern for pattern_name 2342
2026-02-01 19:51:00,352 - INFO - Building stim pattern for pattern_name 3776
2026-02-01 19:51:00,377 - INFO - Building stim pattern for pattern_name 1158
2026-02-01 19:51:00,387 - INFO - Building stim pattern for pattern_name 486
2026-02-01 19:51:00,403 - INFO - Building stim pattern for pattern_name 421
2026-02-01 19:51:00,414 - INFO - Building stim pattern for pattern_name 1471
2026-02-01 19:51:00,424 - INFO - Building stim pattern for pattern_name 3021
2026-02-01 19:51:00,435 - INFO - Building stim pattern for pattern_name 3674
2026-02-01 19:51:00,451 - INFO - Building stim pattern for pattern_name 2966
2026-02-01 19:51:00,462 - INFO - Building stim pattern for pattern_name 2921
2026-02-01 19:51:00,474 - INFO - Building stim pattern for pattern_name 834
2026-02-01 19:51:00,485 - INFO - Building stim pattern for pattern_name 3237
2026-02-01 19:51:00,496 - INFO - Building stim pattern for pattern_name 2612
2026-02-01 19:51:00,507 - INFO - Building stim pattern for pattern_name 1541
2026-02-01 19:51:00,517 - INFO - Building stim pattern for pattern_name 2351
2026-02-01 19:51:00,527 - INFO - Building stim pattern for pattern_name 1570
2026-02-01 19:51:00,538 - INFO - Building stim pattern for pattern_name 325
2026-02-01 19:51:00,548 - INFO - Building stim pattern for pattern_name 3914
2026-02-01 19:51:00,567 - INFO - Building stim pattern for pattern_name 3355
2026-02-01 19:51:00,577 - INFO - Building stim pattern for pattern_name 1837
2026-02-01 19:51:00,589 - INFO - Building stim pattern for pattern_name 2503
2026-02-01 19:51:00,612 - INFO - Building stim pattern for pattern_name 306
2026-02-01 19:51:00,624 - INFO - Building stim pattern for pattern_name 672
2026-02-01 19:51:00,635 - INFO - Building stim pattern for pattern_name 2018
2026-02-01 19:51:00,645 - INFO - Building stim pattern for pattern_name 1778
2026-02-01 19:51:00,672 - INFO - Building stim pattern for pattern_name 2189
2026-02-01 19:51:00,693 - INFO - Building stim pattern for pattern_name 3448
2026-02-01 19:51:00,705 - INFO - Building stim pattern for pattern_name 2211
2026-02-01 19:51:00,722 - INFO - Building stim pattern for pattern_name 2148
2026-02-01 19:51:00,732 - INFO - Building stim pattern for pattern_name 3409
2026-02-01 19:51:00,744 - INFO - Building stim pattern for pattern_name 3052
2026-02-01 19:51:00,774 - INFO - Building stim pattern for pattern_name 268
2026-02-01 19:51:00,785 - INFO - Building stim pattern for pattern_name 1385
2026-02-01 19:51:00,794 - INFO - Building stim pattern for pattern_name 720
2026-02-01 19:51:00,805 - INFO - Building stim pattern for pattern_name 72
2026-02-01 19:51:00,815 - INFO - Building stim pattern for pattern_name 2759
2026-02-01 19:51:00,824 - INFO - Building stim pattern for pattern_name 2765
2026-02-01 19:51:00,835 - INFO - Building stim pattern for pattern_name 793
2026-02-01 19:51:00,845 - INFO - Building stim pattern for pattern_name 2171
2026-02-01 19:51:00,861 - INFO - Building stim pattern for pattern_name 2985
2026-02-01 19:51:00,871 - INFO - Building stim pattern for pattern_name 2598
2026-02-01 19:51:00,882 - INFO - Building stim pattern for pattern_name 3851
2026-02-01 19:51:00,892 - INFO - Building stim pattern for pattern_name 1434
2026-02-01 19:51:00,902 - INFO - Building stim pattern for pattern_name 1445
2026-02-01 19:51:00,913 - INFO - Building stim pattern for pattern_name 1146
2026-02-01 19:51:00,923 - INFO - Building stim pattern for pattern_name 2551
2026-02-01 19:51:00,934 - INFO - Building stim pattern for pattern_name 1802
2026-02-01 19:51:00,944 - INFO - Building stim pattern for pattern_name 3123
2026-02-01 19:51:00,961 - INFO - Building stim pattern for pattern_name 902
2026-02-01 19:51:00,971 - INFO - Building stim pattern for pattern_name 767
2026-02-01 19:51:00,982 - INFO - Building stim pattern for pattern_name 3821
2026-02-01 19:51:00,995 - INFO - Building stim pattern for pattern_name 3564
2026-02-01 19:51:01,006 - INFO - Building stim pattern for pattern_name 905
2026-02-01 19:51:01,015 - INFO - Building stim pattern for pattern_name 2624
2026-02-01 19:51:01,025 - INFO - Building stim pattern for pattern_name 2434
2026-02-01 19:51:01,035 - INFO - Building stim pattern for pattern_name 2267
2026-02-01 19:51:01,046 - INFO - Building stim pattern for pattern_name 3028
2026-02-01 19:51:01,057 - INFO - Building stim pattern for pattern_name 131
2026-02-01 19:51:01,068 - INFO - Building stim pattern for pattern_name 763
2026-02-01 19:51:01,079 - INFO - Building stim pattern for pattern_name 1751
2026-02-01 19:51:01,089 - INFO - Building stim pattern for pattern_name 2951
2026-02-01 19:51:01,100 - INFO - Building stim pattern for pattern_name 2175
2026-02-01 19:51:01,111 - INFO - Building stim pattern for pattern_name 616
2026-02-01 19:51:01,122 - INFO - Building stim pattern for pattern_name 3139
2026-02-01 19:51:01,133 - INFO - Building stim pattern for pattern_name 407
2026-02-01 19:51:01,143 - INFO - Building stim pattern for pattern_name 1245
2026-02-01 19:51:01,154 - INFO - Building stim pattern for pattern_name 3654
2026-02-01 19:51:01,166 - INFO - Building stim pattern for pattern_name 1079
2026-02-01 19:51:01,186 - INFO - Building stim pattern for pattern_name 3188
2026-02-01 19:51:01,200 - INFO - Building stim pattern for pattern_name 265
2026-02-01 19:51:01,214 - INFO - Building stim pattern for pattern_name 608
2026-02-01 19:51:01,227 - INFO - Building stim pattern for pattern_name 1025
2026-02-01 19:51:01,246 - INFO - Building stim pattern for pattern_name 2837
2026-02-01 19:51:01,257 - INFO - Building stim pattern for pattern_name 3160
2026-02-01 19:51:01,270 - INFO - Building stim pattern for pattern_name 1091
2026-02-01 19:51:01,281 - INFO - Building stim pattern for pattern_name 324
2026-02-01 19:51:01,291 - INFO - Building stim pattern for pattern_name 1214
2026-02-01 19:51:01,304 - INFO - Building stim pattern for pattern_name 180
2026-02-01 19:51:01,315 - INFO - Building stim pattern for pattern_name 3997
2026-02-01 19:51:01,327 - INFO - Building stim pattern for pattern_name 9
2026-02-01 19:51:01,337 - INFO - Building stim pattern for pattern_name 1547
2026-02-01 19:51:01,347 - INFO - Building stim pattern for pattern_name 3689
2026-02-01 19:51:01,358 - INFO - Building stim pattern for pattern_name 2159
2026-02-01 19:51:01,369 - INFO - Building stim pattern for pattern_name 364
2026-02-01 19:51:01,382 - INFO - Building stim pattern for pattern_name 3376
2026-02-01 19:51:01,393 - INFO - Building stim pattern for pattern_name 3197
2026-02-01 19:51:01,403 - INFO - Building stim pattern for pattern_name 2129
2026-02-01 19:51:01,415 - INFO - Building stim pattern for pattern_name 2472
2026-02-01 19:51:01,425 - INFO - Building stim pattern for pattern_name 3510
2026-02-01 19:51:01,436 - INFO - Building stim pattern for pattern_name 1401
2026-02-01 19:51:01,447 - INFO - Building stim pattern for pattern_name 346
2026-02-01 19:51:01,460 - INFO - Building stim pattern for pattern_name 173
2026-02-01 19:51:01,470 - INFO - Building stim pattern for pattern_name 1503
2026-02-01 19:51:01,482 - INFO - Building stim pattern for pattern_name 3506
2026-02-01 19:51:01,492 - INFO - Building stim pattern for pattern_name 356
2026-02-01 19:51:01,503 - INFO - Building stim pattern for pattern_name 709
2026-02-01 19:51:01,514 - INFO - Building stim pattern for pattern_name 1446
2026-02-01 19:51:01,532 - INFO - Building stim pattern for pattern_name 1760
2026-02-01 19:51:01,543 - INFO - Building stim pattern for pattern_name 1056
2026-02-01 19:51:01,553 - INFO - Building stim pattern for pattern_name 2995
2026-02-01 19:51:01,563 - INFO - Building stim pattern for pattern_name 122
2026-02-01 19:51:01,580 - INFO - Building stim pattern for pattern_name 19
2026-02-01 19:51:01,590 - INFO - Building stim pattern for pattern_name 536
2026-02-01 19:51:01,599 - INFO - Building stim pattern for pattern_name 1632
2026-02-01 19:51:01,610 - INFO - Building stim pattern for pattern_name 3356
2026-02-01 19:51:01,621 - INFO - Building stim pattern for pattern_name 3326
2026-02-01 19:51:01,631 - INFO - Building stim pattern for pattern_name 612
2026-02-01 19:51:01,712 - INFO - Building stim pattern for pattern_name 3573
2026-02-01 19:51:01,731 - INFO - Building stim pattern for pattern_name 3572
2026-02-01 19:51:01,750 - INFO - Building stim pattern for pattern_name 2566
2026-02-01 19:51:01,761 - INFO - Building stim pattern for pattern_name 65
2026-02-01 19:51:01,783 - INFO - Building stim pattern for pattern_name 290
2026-02-01 19:51:01,793 - INFO - Building stim pattern for pattern_name 167
2026-02-01 19:51:01,810 - INFO - Building stim pattern for pattern_name 2161
2026-02-01 19:51:01,821 - INFO - Building stim pattern for pattern_name 1315
2026-02-01 19:51:01,831 - INFO - Building stim pattern for pattern_name 1504
2026-02-01 19:51:01,856 - INFO - Building stim pattern for pattern_name 2931
2026-02-01 19:51:01,867 - INFO - Building stim pattern for pattern_name 1183
2026-02-01 19:51:01,877 - INFO - Building stim pattern for pattern_name 2652
2026-02-01 19:51:01,888 - INFO - Building stim pattern for pattern_name 466
2026-02-01 19:51:01,899 - INFO - Building stim pattern for pattern_name 3981
2026-02-01 19:51:01,909 - INFO - Building stim pattern for pattern_name 676
2026-02-01 19:51:01,920 - INFO - Building stim pattern for pattern_name 2038
2026-02-01 19:51:01,932 - INFO - Building stim pattern for pattern_name 3037
2026-02-01 19:51:01,952 - INFO - Building stim pattern for pattern_name 2153
2026-02-01 19:51:01,964 - INFO - Building stim pattern for pattern_name 927
2026-02-01 19:51:01,977 - INFO - Building stim pattern for pattern_name 2662
2026-02-01 19:51:01,995 - INFO - Building stim pattern for pattern_name 935
2026-02-01 19:51:02,006 - INFO - Building stim pattern for pattern_name 2168
2026-02-01 19:51:02,019 - INFO - Building stim pattern for pattern_name 1919
2026-02-01 19:51:02,032 - INFO - Building stim pattern for pattern_name 1136
2026-02-01 19:51:02,045 - INFO - Building stim pattern for pattern_name 3236
2026-02-01 19:51:02,055 - INFO - Building stim pattern for pattern_name 2009
2026-02-01 19:51:02,067 - INFO - Building stim pattern for pattern_name 1226
2026-02-01 19:51:02,078 - INFO - Building stim pattern for pattern_name 3799
2026-02-01 19:51:02,089 - INFO - Building stim pattern for pattern_name 1478
2026-02-01 19:51:02,100 - INFO - Building stim pattern for pattern_name 2806
2026-02-01 19:51:02,112 - INFO - Building stim pattern for pattern_name 2258
2026-02-01 19:51:02,122 - INFO - Building stim pattern for pattern_name 782
2026-02-01 19:51:02,141 - INFO - Building stim pattern for pattern_name 1272
2026-02-01 19:51:02,152 - INFO - Building stim pattern for pattern_name 2761
2026-02-01 19:51:02,164 - INFO - Building stim pattern for pattern_name 154
2026-02-01 19:51:02,176 - INFO - Building stim pattern for pattern_name 914
2026-02-01 19:51:02,186 - INFO - Building stim pattern for pattern_name 2960
2026-02-01 19:51:02,198 - INFO - Building stim pattern for pattern_name 1196
2026-02-01 19:51:02,210 - INFO - Building stim pattern for pattern_name 552
2026-02-01 19:51:02,222 - INFO - Building stim pattern for pattern_name 3571
2026-02-01 19:51:02,233 - INFO - Building stim pattern for pattern_name 3228
2026-02-01 19:51:02,256 - INFO - Building stim pattern for pattern_name 1568
2026-02-01 19:51:02,267 - INFO - Building stim pattern for pattern_name 3122
2026-02-01 19:51:02,277 - INFO - Building stim pattern for pattern_name 1509
2026-02-01 19:51:02,288 - INFO - Building stim pattern for pattern_name 1865
2026-02-01 19:51:02,298 - INFO - Building stim pattern for pattern_name 2864
2026-02-01 19:51:02,309 - INFO - Building stim pattern for pattern_name 3547
2026-02-01 19:51:02,321 - INFO - Building stim pattern for pattern_name 2019
2026-02-01 19:51:02,332 - INFO - Building stim pattern for pattern_name 2295
2026-02-01 19:51:02,344 - INFO - Building stim pattern for pattern_name 818
2026-02-01 19:51:02,361 - INFO - Building stim pattern for pattern_name 1304
2026-02-01 19:51:02,371 - INFO - Building stim pattern for pattern_name 1517
2026-02-01 19:51:02,382 - INFO - Building stim pattern for pattern_name 606
2026-02-01 19:51:02,393 - INFO - Building stim pattern for pattern_name 1938
2026-02-01 19:51:02,403 - INFO - Building stim pattern for pattern_name 368
2026-02-01 19:51:02,414 - INFO - Building stim pattern for pattern_name 895
2026-02-01 19:51:02,424 - INFO - Building stim pattern for pattern_name 1398
2026-02-01 19:51:02,435 - INFO - Building stim pattern for pattern_name 2190
2026-02-01 19:51:02,447 - INFO - Building stim pattern for pattern_name 3522
2026-02-01 19:51:02,460 - INFO - Building stim pattern for pattern_name 63
2026-02-01 19:51:02,472 - INFO - Building stim pattern for pattern_name 1372
2026-02-01 19:51:02,489 - INFO - Building stim pattern for pattern_name 605
2026-02-01 19:51:02,506 - INFO - Building stim pattern for pattern_name 471
2026-02-01 19:51:02,517 - INFO - Building stim pattern for pattern_name 3042
2026-02-01 19:51:02,530 - INFO - Building stim pattern for pattern_name 261
2026-02-01 19:51:02,542 - INFO - Building stim pattern for pattern_name 752
2026-02-01 19:51:02,554 - INFO - Building stim pattern for pattern_name 2916
2026-02-01 19:51:02,566 - INFO - Building stim pattern for pattern_name 187
2026-02-01 19:51:02,577 - INFO - Building stim pattern for pattern_name 2733
2026-02-01 19:51:02,615 - INFO - Building stim pattern for pattern_name 3790
2026-02-01 19:51:02,627 - INFO - Building stim pattern for pattern_name 2233
2026-02-01 19:51:02,636 - INFO - Building stim pattern for pattern_name 1225
2026-02-01 19:51:02,647 - INFO - Building stim pattern for pattern_name 1371
2026-02-01 19:51:02,659 - INFO - Building stim pattern for pattern_name 3034
2026-02-01 19:51:02,675 - INFO - Building stim pattern for pattern_name 1733
2026-02-01 19:51:02,686 - INFO - Building stim pattern for pattern_name 1072
2026-02-01 19:51:02,697 - INFO - Building stim pattern for pattern_name 2601
2026-02-01 19:51:02,713 - INFO - Building stim pattern for pattern_name 414
2026-02-01 19:51:02,724 - INFO - Building stim pattern for pattern_name 2519
2026-02-01 19:51:02,739 - INFO - Building stim pattern for pattern_name 3828
2026-02-01 19:51:02,749 - INFO - Building stim pattern for pattern_name 1607
2026-02-01 19:51:02,761 - INFO - Building stim pattern for pattern_name 2690
2026-02-01 19:51:02,776 - INFO - Building stim pattern for pattern_name 2878
2026-02-01 19:51:02,790 - INFO - Building stim pattern for pattern_name 386
2026-02-01 19:51:02,811 - INFO - Building stim pattern for pattern_name 713
2026-02-01 19:51:02,823 - INFO - Building stim pattern for pattern_name 3758
2026-02-01 19:51:02,834 - INFO - Building stim pattern for pattern_name 2014
2026-02-01 19:51:02,851 - INFO - Building stim pattern for pattern_name 1162
2026-02-01 19:51:02,861 - INFO - Building stim pattern for pattern_name 2166
2026-02-01 19:51:02,872 - INFO - Building stim pattern for pattern_name 1242
2026-02-01 19:51:02,883 - INFO - Building stim pattern for pattern_name 1292
2026-02-01 19:51:02,906 - INFO - Building stim pattern for pattern_name 2145
2026-02-01 19:51:02,919 - INFO - Building stim pattern for pattern_name 3591
2026-02-01 19:51:02,931 - INFO - Building stim pattern for pattern_name 1461
2026-02-01 19:51:02,945 - INFO - Building stim pattern for pattern_name 3275
2026-02-01 19:51:02,954 - INFO - Building stim pattern for pattern_name 2618
2026-02-01 19:51:02,966 - INFO - Building stim pattern for pattern_name 1190
2026-02-01 19:51:02,977 - INFO - Building stim pattern for pattern_name 124
2026-02-01 19:51:02,987 - INFO - Building stim pattern for pattern_name 2194
2026-02-01 19:51:03,006 - INFO - Building stim pattern for pattern_name 2795
2026-02-01 19:51:03,032 - INFO - Building stim pattern for pattern_name 2083
2026-02-01 19:51:03,052 - INFO - Building stim pattern for pattern_name 388
2026-02-01 19:51:03,064 - INFO - Building stim pattern for pattern_name 1544
2026-02-01 19:51:03,084 - INFO - Building stim pattern for pattern_name 1448
2026-02-01 19:51:03,095 - INFO - Building stim pattern for pattern_name 3941
2026-02-01 19:51:03,111 - INFO - Building stim pattern for pattern_name 2227
2026-02-01 19:51:03,123 - INFO - Building stim pattern for pattern_name 607
2026-02-01 19:51:03,134 - INFO - Building stim pattern for pattern_name 622
2026-02-01 19:51:03,146 - INFO - Building stim pattern for pattern_name 3408
2026-02-01 19:51:03,157 - INFO - Building stim pattern for pattern_name 110
2026-02-01 19:51:03,182 - INFO - Building stim pattern for pattern_name 3287
2026-02-01 19:51:03,191 - INFO - Building stim pattern for pattern_name 2315
2026-02-01 19:51:03,209 - INFO - Building stim pattern for pattern_name 1860
2026-02-01 19:51:03,219 - INFO - Building stim pattern for pattern_name 1254
2026-02-01 19:51:03,232 - INFO - Building stim pattern for pattern_name 3029
2026-02-01 19:51:03,244 - INFO - Building stim pattern for pattern_name 1463
2026-02-01 19:51:03,256 - INFO - Building stim pattern for pattern_name 454
2026-02-01 19:51:03,269 - INFO - Building stim pattern for pattern_name 2640
2026-02-01 19:51:03,280 - INFO - Building stim pattern for pattern_name 1472
2026-02-01 19:51:03,289 - INFO - Building stim pattern for pattern_name 959
2026-02-01 19:51:03,299 - INFO - Building stim pattern for pattern_name 1827
2026-02-01 19:51:03,310 - INFO - Building stim pattern for pattern_name 3392
2026-02-01 19:51:03,321 - INFO - Building stim pattern for pattern_name 1715
2026-02-01 19:51:03,332 - INFO - Building stim pattern for pattern_name 2847
2026-02-01 19:51:03,343 - INFO - Building stim pattern for pattern_name 1119
2026-02-01 19:51:03,356 - INFO - Building stim pattern for pattern_name 452
2026-02-01 19:51:03,367 - INFO - Building stim pattern for pattern_name 1310
2026-02-01 19:51:03,386 - INFO - Building stim pattern for pattern_name 2590
2026-02-01 19:51:03,398 - INFO - Building stim pattern for pattern_name 136
2026-02-01 19:51:03,408 - INFO - Building stim pattern for pattern_name 3518
2026-02-01 19:51:03,417 - INFO - Building stim pattern for pattern_name 2463
2026-02-01 19:51:03,428 - INFO - Building stim pattern for pattern_name 1937
2026-02-01 19:51:03,438 - INFO - Building stim pattern for pattern_name 3739
2026-02-01 19:51:03,448 - INFO - Building stim pattern for pattern_name 945
2026-02-01 19:51:03,467 - INFO - Building stim pattern for pattern_name 2900
2026-02-01 19:51:03,480 - INFO - Building stim pattern for pattern_name 3976
2026-02-01 19:51:03,492 - INFO - Building stim pattern for pattern_name 919
2026-02-01 19:51:03,504 - INFO - Building stim pattern for pattern_name 774
2026-02-01 19:51:03,514 - INFO - Building stim pattern for pattern_name 2625
2026-02-01 19:51:03,524 - INFO - Building stim pattern for pattern_name 107
2026-02-01 19:51:03,536 - INFO - Building stim pattern for pattern_name 1002
2026-02-01 19:51:03,547 - INFO - Building stim pattern for pattern_name 1900
2026-02-01 19:51:03,557 - INFO - Building stim pattern for pattern_name 703
2026-02-01 19:51:03,569 - INFO - Building stim pattern for pattern_name 1068
2026-02-01 19:51:03,579 - INFO - Building stim pattern for pattern_name 3233
2026-02-01 19:51:03,597 - INFO - Building stim pattern for pattern_name 1844
2026-02-01 19:51:03,609 - INFO - Building stim pattern for pattern_name 2288
2026-02-01 19:51:03,621 - INFO - Building stim pattern for pattern_name 1028
2026-02-01 19:51:03,631 - INFO - Building stim pattern for pattern_name 348
2026-02-01 19:51:03,648 - INFO - Building stim pattern for pattern_name 3848
2026-02-01 19:51:03,661 - INFO - Building stim pattern for pattern_name 3109
2026-02-01 19:51:03,685 - INFO - Building stim pattern for pattern_name 3886
2026-02-01 19:51:03,737 - INFO - Building stim pattern for pattern_name 1748
2026-02-01 19:51:03,775 - INFO - Building stim pattern for pattern_name 2012
2026-02-01 19:51:03,817 - INFO - Building stim pattern for pattern_name 297
2026-02-01 19:51:03,831 - INFO - Building stim pattern for pattern_name 2132
2026-02-01 19:51:03,859 - INFO - Building stim pattern for pattern_name 3538
2026-02-01 19:51:03,871 - INFO - Building stim pattern for pattern_name 2504
2026-02-01 19:51:03,884 - INFO - Building stim pattern for pattern_name 2352
2026-02-01 19:51:03,896 - INFO - Building stim pattern for pattern_name 1926
2026-02-01 19:51:03,906 - INFO - Building stim pattern for pattern_name 906
2026-02-01 19:51:03,916 - INFO - Building stim pattern for pattern_name 3293
2026-02-01 19:51:03,930 - INFO - Building stim pattern for pattern_name 3339
2026-02-01 19:51:03,942 - INFO - Building stim pattern for pattern_name 3004
2026-02-01 19:51:03,954 - INFO - Building stim pattern for pattern_name 761
2026-02-01 19:51:03,963 - INFO - Building stim pattern for pattern_name 3487
2026-02-01 19:51:03,974 - INFO - Building stim pattern for pattern_name 354
2026-02-01 19:51:03,990 - INFO - Building stim pattern for pattern_name 3653
2026-02-01 19:51:04,001 - INFO - Building stim pattern for pattern_name 3737
2026-02-01 19:51:04,012 - INFO - Building stim pattern for pattern_name 2757
2026-02-01 19:51:04,022 - INFO - Building stim pattern for pattern_name 3813
2026-02-01 19:51:04,038 - INFO - Building stim pattern for pattern_name 1528
2026-02-01 19:51:04,052 - INFO - Building stim pattern for pattern_name 3054
2026-02-01 19:51:04,062 - INFO - Building stim pattern for pattern_name 208
2026-02-01 19:51:04,073 - INFO - Building stim pattern for pattern_name 3377
2026-02-01 19:51:04,084 - INFO - Building stim pattern for pattern_name 1277
2026-02-01 19:51:04,107 - INFO - Building stim pattern for pattern_name 2500
2026-02-01 19:51:04,119 - INFO - Building stim pattern for pattern_name 3283
2026-02-01 19:51:04,136 - INFO - Building stim pattern for pattern_name 708
2026-02-01 19:51:04,148 - INFO - Building stim pattern for pattern_name 2209
2026-02-01 19:51:04,165 - INFO - Building stim pattern for pattern_name 2215
2026-02-01 19:51:04,176 - INFO - Building stim pattern for pattern_name 2471
2026-02-01 19:51:04,192 - INFO - Building stim pattern for pattern_name 792
2026-02-01 19:51:04,202 - INFO - Building stim pattern for pattern_name 3899
2026-02-01 19:51:04,214 - INFO - Building stim pattern for pattern_name 3912
2026-02-01 19:51:04,225 - INFO - Building stim pattern for pattern_name 382
2026-02-01 19:51:04,235 - INFO - Building stim pattern for pattern_name 778
2026-02-01 19:51:04,245 - INFO - Building stim pattern for pattern_name 3867
2026-02-01 19:51:04,265 - INFO - Building stim pattern for pattern_name 1948
2026-02-01 19:51:04,276 - INFO - Building stim pattern for pattern_name 3509
2026-02-01 19:51:04,286 - INFO - Building stim pattern for pattern_name 3555
2026-02-01 19:51:04,297 - INFO - Building stim pattern for pattern_name 3992
2026-02-01 19:51:04,307 - INFO - Building stim pattern for pattern_name 1882
2026-02-01 19:51:04,317 - INFO - Building stim pattern for pattern_name 99
2026-02-01 19:51:04,334 - INFO - Building stim pattern for pattern_name 2536
2026-02-01 19:51:04,345 - INFO - Building stim pattern for pattern_name 892
2026-02-01 19:51:04,355 - INFO - Building stim pattern for pattern_name 2834
2026-02-01 19:51:04,366 - INFO - Building stim pattern for pattern_name 989
2026-02-01 19:51:04,376 - INFO - Building stim pattern for pattern_name 3540
2026-02-01 19:51:04,386 - INFO - Building stim pattern for pattern_name 1501
2026-02-01 19:51:04,396 - INFO - Building stim pattern for pattern_name 2793
2026-02-01 19:51:04,405 - INFO - Building stim pattern for pattern_name 1042
2026-02-01 19:51:04,416 - INFO - Building stim pattern for pattern_name 3417
2026-02-01 19:51:04,428 - INFO - Building stim pattern for pattern_name 665
2026-02-01 19:51:04,441 - INFO - Building stim pattern for pattern_name 3579
2026-02-01 19:51:04,453 - INFO - Building stim pattern for pattern_name 58
2026-02-01 19:51:04,467 - INFO - Building stim pattern for pattern_name 626
2026-02-01 19:51:04,478 - INFO - Building stim pattern for pattern_name 1013
2026-02-01 19:51:04,494 - INFO - Building stim pattern for pattern_name 3159
2026-02-01 19:51:04,504 - INFO - Building stim pattern for pattern_name 3679
2026-02-01 19:51:04,528 - INFO - Building stim pattern for pattern_name 3675
2026-02-01 19:51:04,538 - INFO - Building stim pattern for pattern_name 3944
2026-02-01 19:51:04,549 - INFO - Building stim pattern for pattern_name 1251
2026-02-01 19:51:04,559 - INFO - Building stim pattern for pattern_name 3505
2026-02-01 19:51:04,570 - INFO - Building stim pattern for pattern_name 1151
2026-02-01 19:51:04,592 - INFO - Building stim pattern for pattern_name 1369
2026-02-01 19:51:04,603 - INFO - Building stim pattern for pattern_name 600
2026-02-01 19:51:04,613 - INFO - Building stim pattern for pattern_name 2459
2026-02-01 19:51:04,623 - INFO - Building stim pattern for pattern_name 1249
2026-02-01 19:51:04,639 - INFO - Building stim pattern for pattern_name 841
2026-02-01 19:51:04,650 - INFO - Building stim pattern for pattern_name 3321
2026-02-01 19:51:04,660 - INFO - Building stim pattern for pattern_name 1639
2026-02-01 19:51:04,671 - INFO - Building stim pattern for pattern_name 3864
2026-02-01 19:51:04,682 - INFO - Building stim pattern for pattern_name 1328
2026-02-01 19:51:04,699 - INFO - Building stim pattern for pattern_name 2142
2026-02-01 19:51:04,710 - INFO - Building stim pattern for pattern_name 3770
2026-02-01 19:51:04,722 - INFO - Building stim pattern for pattern_name 3134
2026-02-01 19:51:04,732 - INFO - Building stim pattern for pattern_name 3687
2026-02-01 19:51:04,742 - INFO - Building stim pattern for pattern_name 202
2026-02-01 19:51:04,754 - INFO - Building stim pattern for pattern_name 771
2026-02-01 19:51:04,764 - INFO - Building stim pattern for pattern_name 1163
2026-02-01 19:51:04,774 - INFO - Building stim pattern for pattern_name 1642
2026-02-01 19:51:04,785 - INFO - Building stim pattern for pattern_name 504
2026-02-01 19:51:04,795 - INFO - Building stim pattern for pattern_name 3560
2026-02-01 19:51:04,807 - INFO - Building stim pattern for pattern_name 2873
2026-02-01 19:51:04,824 - INFO - Building stim pattern for pattern_name 3058
2026-02-01 19:51:04,834 - INFO - Building stim pattern for pattern_name 1881
2026-02-01 19:51:04,853 - INFO - Building stim pattern for pattern_name 3563
2026-02-01 19:51:04,871 - INFO - Building stim pattern for pattern_name 1231
2026-02-01 19:51:04,883 - INFO - Building stim pattern for pattern_name 166
2026-02-01 19:51:04,896 - INFO - Building stim pattern for pattern_name 2391
2026-02-01 19:51:04,909 - INFO - Building stim pattern for pattern_name 1186
2026-02-01 19:51:04,919 - INFO - Building stim pattern for pattern_name 2487
2026-02-01 19:51:04,930 - INFO - Building stim pattern for pattern_name 722
2026-02-01 19:51:04,946 - INFO - Building stim pattern for pattern_name 3943
2026-02-01 19:51:04,957 - INFO - Building stim pattern for pattern_name 2571
2026-02-01 19:51:04,968 - INFO - Building stim pattern for pattern_name 1148
2026-02-01 19:51:04,986 - INFO - Building stim pattern for pattern_name 3646
2026-02-01 19:51:04,997 - INFO - Building stim pattern for pattern_name 3394
2026-02-01 19:51:05,008 - INFO - Building stim pattern for pattern_name 2976
2026-02-01 19:51:05,019 - INFO - Building stim pattern for pattern_name 873
2026-02-01 19:51:05,040 - INFO - Building stim pattern for pattern_name 371
2026-02-01 19:51:05,052 - INFO - Building stim pattern for pattern_name 1404
2026-02-01 19:51:05,068 - INFO - Building stim pattern for pattern_name 3965
2026-02-01 19:51:05,079 - INFO - Building stim pattern for pattern_name 3791
2026-02-01 19:51:05,089 - INFO - Building stim pattern for pattern_name 2476
2026-02-01 19:51:05,099 - INFO - Building stim pattern for pattern_name 2606
2026-02-01 19:51:05,110 - INFO - Building stim pattern for pattern_name 1392
2026-02-01 19:51:05,121 - INFO - Building stim pattern for pattern_name 2365
2026-02-01 19:51:05,131 - INFO - Building stim pattern for pattern_name 845
2026-02-01 19:51:05,141 - INFO - Building stim pattern for pattern_name 1622
2026-02-01 19:51:05,151 - INFO - Building stim pattern for pattern_name 3936
2026-02-01 19:51:05,161 - INFO - Building stim pattern for pattern_name 2287
2026-02-01 19:51:05,172 - INFO - Building stim pattern for pattern_name 2195
2026-02-01 19:51:05,182 - INFO - Building stim pattern for pattern_name 2647
2026-02-01 19:51:05,193 - INFO - Building stim pattern for pattern_name 2680
2026-02-01 19:51:05,204 - INFO - Building stim pattern for pattern_name 3402
2026-02-01 19:51:05,215 - INFO - Building stim pattern for pattern_name 1627
2026-02-01 19:51:05,226 - INFO - Building stim pattern for pattern_name 3479
2026-02-01 19:51:05,243 - INFO - Building stim pattern for pattern_name 804
2026-02-01 19:51:05,255 - INFO - Building stim pattern for pattern_name 2938
2026-02-01 19:51:05,272 - INFO - Building stim pattern for pattern_name 2304
2026-02-01 19:51:05,284 - INFO - Building stim pattern for pattern_name 3090
2026-02-01 19:51:05,294 - INFO - Building stim pattern for pattern_name 918
2026-02-01 19:51:05,305 - INFO - Building stim pattern for pattern_name 984
2026-02-01 19:51:05,322 - INFO - Building stim pattern for pattern_name 1344
2026-02-01 19:51:05,346 - INFO - Building stim pattern for pattern_name 40
2026-02-01 19:51:05,358 - INFO - Building stim pattern for pattern_name 667
2026-02-01 19:51:05,369 - INFO - Building stim pattern for pattern_name 422
2026-02-01 19:51:05,380 - INFO - Building stim pattern for pattern_name 3551
2026-02-01 19:51:05,395 - INFO - Building stim pattern for pattern_name 3415
2026-02-01 19:51:05,409 - INFO - Building stim pattern for pattern_name 304
2026-02-01 19:51:05,433 - INFO - Building stim pattern for pattern_name 3079
2026-02-01 19:51:05,449 - INFO - Building stim pattern for pattern_name 1984
2026-02-01 19:51:05,460 - INFO - Building stim pattern for pattern_name 3390
2026-02-01 19:51:05,472 - INFO - Building stim pattern for pattern_name 2914
2026-02-01 19:51:05,483 - INFO - Building stim pattern for pattern_name 3115
2026-02-01 19:51:05,493 - INFO - Building stim pattern for pattern_name 3110
2026-02-01 19:51:05,505 - INFO - Building stim pattern for pattern_name 3386
2026-02-01 19:51:05,515 - INFO - Building stim pattern for pattern_name 1718
2026-02-01 19:51:05,526 - INFO - Building stim pattern for pattern_name 1970
2026-02-01 19:51:05,536 - INFO - Building stim pattern for pattern_name 820
2026-02-01 19:51:05,548 - INFO - Building stim pattern for pattern_name 1452
2026-02-01 19:51:05,561 - INFO - Building stim pattern for pattern_name 3078
2026-02-01 19:51:05,574 - INFO - Building stim pattern for pattern_name 1004
2026-02-01 19:51:05,585 - INFO - Building stim pattern for pattern_name 1818
2026-02-01 19:51:05,595 - INFO - Building stim pattern for pattern_name 1349
2026-02-01 19:51:05,607 - INFO - Building stim pattern for pattern_name 3041
2026-02-01 19:51:05,618 - INFO - Building stim pattern for pattern_name 451
2026-02-01 19:51:05,629 - INFO - Building stim pattern for pattern_name 2332
2026-02-01 19:51:05,639 - INFO - Building stim pattern for pattern_name 598
2026-02-01 19:51:05,649 - INFO - Building stim pattern for pattern_name 2805
2026-02-01 19:51:05,661 - INFO - Building stim pattern for pattern_name 3656
2026-02-01 19:51:05,672 - INFO - Building stim pattern for pattern_name 882
2026-02-01 19:51:05,682 - INFO - Building stim pattern for pattern_name 3873
2026-02-01 19:51:05,694 - INFO - Building stim pattern for pattern_name 3630
2026-02-01 19:51:05,704 - INFO - Building stim pattern for pattern_name 3797
2026-02-01 19:51:05,715 - INFO - Building stim pattern for pattern_name 3749
2026-02-01 19:51:05,725 - INFO - Building stim pattern for pattern_name 97
2026-02-01 19:51:05,736 - INFO - Building stim pattern for pattern_name 3280
2026-02-01 19:51:05,747 - INFO - Building stim pattern for pattern_name 172
2026-02-01 19:51:05,758 - INFO - Building stim pattern for pattern_name 3891
2026-02-01 19:51:05,769 - INFO - Building stim pattern for pattern_name 3932
2026-02-01 19:51:05,780 - INFO - Building stim pattern for pattern_name 1784
2026-02-01 19:51:05,796 - INFO - Building stim pattern for pattern_name 493
2026-02-01 19:51:05,810 - INFO - Building stim pattern for pattern_name 2833
2026-02-01 19:51:05,820 - INFO - Building stim pattern for pattern_name 690
2026-02-01 19:51:05,831 - INFO - Building stim pattern for pattern_name 3333
2026-02-01 19:51:05,842 - INFO - Building stim pattern for pattern_name 3800
2026-02-01 19:51:05,853 - INFO - Building stim pattern for pattern_name 59
2026-02-01 19:51:05,863 - INFO - Building stim pattern for pattern_name 3299
2026-02-01 19:51:05,874 - INFO - Building stim pattern for pattern_name 2670
2026-02-01 19:51:05,885 - INFO - Building stim pattern for pattern_name 2439
2026-02-01 19:51:05,896 - INFO - Building stim pattern for pattern_name 283
2026-02-01 19:51:05,912 - INFO - Building stim pattern for pattern_name 3543
2026-02-01 19:51:05,982 - INFO - Building stim pattern for pattern_name 3824
2026-02-01 19:51:06,007 - INFO - Building stim pattern for pattern_name 3232
2026-02-01 19:51:06,029 - INFO - Building stim pattern for pattern_name 1803
2026-02-01 19:51:06,042 - INFO - Building stim pattern for pattern_name 1306
2026-02-01 19:51:06,058 - INFO - Building stim pattern for pattern_name 260
2026-02-01 19:51:06,071 - INFO - Building stim pattern for pattern_name 2071
2026-02-01 19:51:06,082 - INFO - Building stim pattern for pattern_name 379
2026-02-01 19:51:06,092 - INFO - Building stim pattern for pattern_name 3962
2026-02-01 19:51:06,107 - INFO - Building stim pattern for pattern_name 779
2026-02-01 19:51:06,119 - INFO - Building stim pattern for pattern_name 861
2026-02-01 19:51:06,136 - INFO - Building stim pattern for pattern_name 177
2026-02-01 19:51:06,167 - INFO - Building stim pattern for pattern_name 1338
2026-02-01 19:51:06,180 - INFO - Building stim pattern for pattern_name 312
2026-02-01 19:51:06,190 - INFO - Building stim pattern for pattern_name 163
2026-02-01 19:51:06,208 - INFO - Building stim pattern for pattern_name 3632
2026-02-01 19:51:06,225 - INFO - Building stim pattern for pattern_name 1904
2026-02-01 19:51:06,238 - INFO - Building stim pattern for pattern_name 1535
2026-02-01 19:51:06,250 - INFO - Building stim pattern for pattern_name 3490
2026-02-01 19:51:06,270 - INFO - Building stim pattern for pattern_name 2617
2026-02-01 19:51:06,282 - INFO - Building stim pattern for pattern_name 2490
2026-02-01 19:51:06,293 - INFO - Building stim pattern for pattern_name 1732
2026-02-01 19:51:06,310 - INFO - Building stim pattern for pattern_name 57
2026-02-01 19:51:06,321 - INFO - Building stim pattern for pattern_name 295
2026-02-01 19:51:06,337 - INFO - Building stim pattern for pattern_name 458
2026-02-01 19:51:06,348 - INFO - Building stim pattern for pattern_name 966
2026-02-01 19:51:06,359 - INFO - Building stim pattern for pattern_name 1797
2026-02-01 19:51:06,369 - INFO - Building stim pattern for pattern_name 3066
2026-02-01 19:51:06,379 - INFO - Building stim pattern for pattern_name 3681
2026-02-01 19:51:06,390 - INFO - Building stim pattern for pattern_name 2550
2026-02-01 19:51:06,401 - INFO - Building stim pattern for pattern_name 2187
2026-02-01 19:51:06,412 - INFO - Building stim pattern for pattern_name 2511
2026-02-01 19:51:06,422 - INFO - Building stim pattern for pattern_name 328
2026-02-01 19:51:06,432 - INFO - Building stim pattern for pattern_name 2477
2026-02-01 19:51:06,442 - INFO - Building stim pattern for pattern_name 299
2026-02-01 19:51:06,454 - INFO - Building stim pattern for pattern_name 2154
2026-02-01 19:51:06,463 - INFO - Building stim pattern for pattern_name 3324
2026-02-01 19:51:06,479 - INFO - Building stim pattern for pattern_name 2411
2026-02-01 19:51:06,489 - INFO - Building stim pattern for pattern_name 3928
2026-02-01 19:51:06,500 - INFO - Building stim pattern for pattern_name 315
2026-02-01 19:51:06,524 - INFO - Building stim pattern for pattern_name 2808
2026-02-01 19:51:06,541 - INFO - Building stim pattern for pattern_name 1712
2026-02-01 19:51:06,555 - INFO - Building stim pattern for pattern_name 2687
2026-02-01 19:51:06,578 - INFO - Building stim pattern for pattern_name 2116
2026-02-01 19:51:06,607 - INFO - Building stim pattern for pattern_name 3743
2026-02-01 19:51:06,625 - INFO - Building stim pattern for pattern_name 1185
2026-02-01 19:51:06,636 - INFO - Building stim pattern for pattern_name 3624
2026-02-01 19:51:06,649 - INFO - Building stim pattern for pattern_name 45
2026-02-01 19:51:06,661 - INFO - Building stim pattern for pattern_name 3977
2026-02-01 19:51:06,673 - INFO - Building stim pattern for pattern_name 807
2026-02-01 19:51:06,684 - INFO - Building stim pattern for pattern_name 1749
2026-02-01 19:51:06,695 - INFO - Building stim pattern for pattern_name 997
2026-02-01 19:51:06,706 - INFO - Building stim pattern for pattern_name 3006
2026-02-01 19:51:06,716 - INFO - Building stim pattern for pattern_name 1527
2026-02-01 19:51:06,727 - INFO - Building stim pattern for pattern_name 188
2026-02-01 19:51:06,739 - INFO - Building stim pattern for pattern_name 2707
2026-02-01 19:51:06,756 - INFO - Building stim pattern for pattern_name 1105
2026-02-01 19:51:06,766 - INFO - Building stim pattern for pattern_name 3918
2026-02-01 19:51:06,776 - INFO - Building stim pattern for pattern_name 1020
2026-02-01 19:51:06,786 - INFO - Building stim pattern for pattern_name 2975
2026-02-01 19:51:06,798 - INFO - Building stim pattern for pattern_name 3680
2026-02-01 19:51:06,808 - INFO - Building stim pattern for pattern_name 1981
2026-02-01 19:51:06,820 - INFO - Building stim pattern for pattern_name 1139
2026-02-01 19:51:06,831 - INFO - Building stim pattern for pattern_name 867
2026-02-01 19:51:06,841 - INFO - Building stim pattern for pattern_name 1378
2026-02-01 19:51:06,852 - INFO - Building stim pattern for pattern_name 1649
2026-02-01 19:51:06,862 - INFO - Building stim pattern for pattern_name 3927
2026-02-01 19:51:06,874 - INFO - Building stim pattern for pattern_name 3904
2026-02-01 19:51:06,891 - INFO - Building stim pattern for pattern_name 1605
2026-02-01 19:51:06,902 - INFO - Building stim pattern for pattern_name 1993
2026-02-01 19:51:06,912 - INFO - Building stim pattern for pattern_name 2703
2026-02-01 19:51:06,922 - INFO - Building stim pattern for pattern_name 2896
2026-02-01 19:51:06,932 - INFO - Building stim pattern for pattern_name 308
2026-02-01 19:51:06,943 - INFO - Building stim pattern for pattern_name 1179
2026-02-01 19:51:06,959 - INFO - Building stim pattern for pattern_name 3523
2026-02-01 19:51:06,973 - INFO - Building stim pattern for pattern_name 1409
2026-02-01 19:51:06,987 - INFO - Building stim pattern for pattern_name 3464
2026-02-01 19:51:07,002 - INFO - Building stim pattern for pattern_name 3750
2026-02-01 19:51:07,013 - INFO - Building stim pattern for pattern_name 331
2026-02-01 19:51:07,023 - INFO - Building stim pattern for pattern_name 1334
2026-02-01 19:51:07,034 - INFO - Building stim pattern for pattern_name 2553
2026-02-01 19:51:07,045 - INFO - Building stim pattern for pattern_name 874
2026-02-01 19:51:07,056 - INFO - Building stim pattern for pattern_name 2438
2026-02-01 19:51:07,067 - INFO - Building stim pattern for pattern_name 1658
2026-02-01 19:51:07,082 - INFO - Building stim pattern for pattern_name 2538
2026-02-01 19:51:07,092 - INFO - Building stim pattern for pattern_name 3519
2026-02-01 19:51:07,103 - INFO - Building stim pattern for pattern_name 3804
2026-02-01 19:51:07,115 - INFO - Building stim pattern for pattern_name 3281
2026-02-01 19:51:07,127 - INFO - Building stim pattern for pattern_name 1432
2026-02-01 19:51:07,137 - INFO - Building stim pattern for pattern_name 2906
2026-02-01 19:51:07,146 - INFO - Building stim pattern for pattern_name 2702
2026-02-01 19:51:07,157 - INFO - Building stim pattern for pattern_name 3250
2026-02-01 19:51:07,169 - INFO - Building stim pattern for pattern_name 2470
2026-02-01 19:51:07,181 - INFO - Building stim pattern for pattern_name 3154
2026-02-01 19:51:07,193 - INFO - Building stim pattern for pattern_name 2789
2026-02-01 19:51:07,211 - INFO - Building stim pattern for pattern_name 1474
2026-02-01 19:51:07,227 - INFO - Building stim pattern for pattern_name 736
2026-02-01 19:51:07,238 - INFO - Building stim pattern for pattern_name 3343
2026-02-01 19:51:07,251 - INFO - Building stim pattern for pattern_name 2317
2026-02-01 19:51:07,266 - INFO - Building stim pattern for pattern_name 3508
2026-02-01 19:51:07,278 - INFO - Building stim pattern for pattern_name 114
2026-02-01 19:51:07,290 - INFO - Building stim pattern for pattern_name 96
2026-02-01 19:51:07,302 - INFO - Building stim pattern for pattern_name 303
2026-02-01 19:51:07,313 - INFO - Building stim pattern for pattern_name 970
2026-02-01 19:51:07,339 - INFO - Building stim pattern for pattern_name 482
2026-02-01 19:51:07,351 - INFO - Building stim pattern for pattern_name 2678
2026-02-01 19:51:07,361 - INFO - Building stim pattern for pattern_name 2298
2026-02-01 19:51:07,372 - INFO - Building stim pattern for pattern_name 565
2026-02-01 19:51:07,395 - INFO - Building stim pattern for pattern_name 3819
2026-02-01 19:51:07,407 - INFO - Building stim pattern for pattern_name 2284
2026-02-01 19:51:07,420 - INFO - Building stim pattern for pattern_name 2489
2026-02-01 19:51:07,433 - INFO - Building stim pattern for pattern_name 1365
2026-02-01 19:51:07,443 - INFO - Building stim pattern for pattern_name 2817
2026-02-01 19:51:07,454 - INFO - Building stim pattern for pattern_name 1804
2026-02-01 19:51:07,465 - INFO - Building stim pattern for pattern_name 688
2026-02-01 19:51:07,475 - INFO - Building stim pattern for pattern_name 1071
2026-02-01 19:51:07,486 - INFO - Building stim pattern for pattern_name 1657
2026-02-01 19:51:07,496 - INFO - Building stim pattern for pattern_name 498
2026-02-01 19:51:07,506 - INFO - Building stim pattern for pattern_name 1100
2026-02-01 19:51:07,516 - INFO - Building stim pattern for pattern_name 2957
2026-02-01 19:51:07,527 - INFO - Building stim pattern for pattern_name 3502
2026-02-01 19:51:07,544 - INFO - Building stim pattern for pattern_name 1538
2026-02-01 19:51:07,555 - INFO - Building stim pattern for pattern_name 3999
2026-02-01 19:51:07,566 - INFO - Building stim pattern for pattern_name 3917
2026-02-01 19:51:07,586 - INFO - Building stim pattern for pattern_name 2823
2026-02-01 19:51:07,597 - INFO - Building stim pattern for pattern_name 2810
2026-02-01 19:51:07,609 - INFO - Building stim pattern for pattern_name 3921
2026-02-01 19:51:07,636 - INFO - Building stim pattern for pattern_name 1065
2026-02-01 19:51:07,653 - INFO - Building stim pattern for pattern_name 1066
2026-02-01 19:51:07,664 - INFO - Building stim pattern for pattern_name 3003
2026-02-01 19:51:07,681 - INFO - Building stim pattern for pattern_name 3609
2026-02-01 19:51:07,692 - INFO - Building stim pattern for pattern_name 1321
2026-02-01 19:51:07,705 - INFO - Building stim pattern for pattern_name 1922
2026-02-01 19:51:07,715 - INFO - Building stim pattern for pattern_name 2756
2026-02-01 19:51:07,726 - INFO - Building stim pattern for pattern_name 1164
2026-02-01 19:51:07,738 - INFO - Building stim pattern for pattern_name 620
2026-02-01 19:51:07,749 - INFO - Building stim pattern for pattern_name 2502
2026-02-01 19:51:07,763 - INFO - Building stim pattern for pattern_name 3068
2026-02-01 19:51:07,777 - INFO - Building stim pattern for pattern_name 1271
2026-02-01 19:51:07,793 - INFO - Building stim pattern for pattern_name 2243
2026-02-01 19:51:07,804 - INFO - Building stim pattern for pattern_name 1592
2026-02-01 19:51:07,816 - INFO - Building stim pattern for pattern_name 3035
2026-02-01 19:51:07,827 - INFO - Building stim pattern for pattern_name 999
2026-02-01 19:51:07,838 - INFO - Building stim pattern for pattern_name 2460
2026-02-01 19:51:07,847 - INFO - Building stim pattern for pattern_name 3320
2026-02-01 19:51:07,858 - INFO - Building stim pattern for pattern_name 958
2026-02-01 19:51:07,868 - INFO - Building stim pattern for pattern_name 215
2026-02-01 19:51:07,885 - INFO - Building stim pattern for pattern_name 2269
2026-02-01 19:51:07,900 - INFO - Building stim pattern for pattern_name 2797
2026-02-01 19:51:07,911 - INFO - Building stim pattern for pattern_name 2473
2026-02-01 19:51:07,922 - INFO - Building stim pattern for pattern_name 2127
2026-02-01 19:51:07,932 - INFO - Building stim pattern for pattern_name 3076
2026-02-01 19:51:07,944 - INFO - Building stim pattern for pattern_name 3346
2026-02-01 19:51:07,960 - INFO - Building stim pattern for pattern_name 2870
2026-02-01 19:51:07,970 - INFO - Building stim pattern for pattern_name 362
2026-02-01 19:51:08,000 - INFO - Building stim pattern for pattern_name 2903
2026-02-01 19:51:08,059 - INFO - Building stim pattern for pattern_name 3843
2026-02-01 19:51:08,086 - INFO - Building stim pattern for pattern_name 2373
2026-02-01 19:51:08,100 - INFO - Building stim pattern for pattern_name 1026
2026-02-01 19:51:08,110 - INFO - Building stim pattern for pattern_name 1055
2026-02-01 19:51:08,121 - INFO - Building stim pattern for pattern_name 2587
2026-02-01 19:51:08,132 - INFO - Building stim pattern for pattern_name 833
2026-02-01 19:51:08,143 - INFO - Building stim pattern for pattern_name 805
2026-02-01 19:51:08,154 - INFO - Building stim pattern for pattern_name 3244
2026-02-01 19:51:08,165 - INFO - Building stim pattern for pattern_name 1660
2026-02-01 19:51:08,177 - INFO - Building stim pattern for pattern_name 3319
2026-02-01 19:51:08,199 - INFO - Building stim pattern for pattern_name 1990
2026-02-01 19:51:08,219 - INFO - Building stim pattern for pattern_name 2952
2026-02-01 19:51:08,231 - INFO - Building stim pattern for pattern_name 3200
2026-02-01 19:51:08,251 - INFO - Building stim pattern for pattern_name 66
2026-02-01 19:51:08,262 - INFO - Building stim pattern for pattern_name 1088
2026-02-01 19:51:08,273 - INFO - Building stim pattern for pattern_name 2450
2026-02-01 19:51:08,286 - INFO - Building stim pattern for pattern_name 3016
2026-02-01 19:51:08,299 - INFO - Building stim pattern for pattern_name 2486
2026-02-01 19:51:08,312 - INFO - Building stim pattern for pattern_name 3414
2026-02-01 19:51:08,326 - INFO - Building stim pattern for pattern_name 2133
2026-02-01 19:51:08,337 - INFO - Building stim pattern for pattern_name 1046
2026-02-01 19:51:08,357 - INFO - Building stim pattern for pattern_name 977
2026-02-01 19:51:08,369 - INFO - Building stim pattern for pattern_name 3227
2026-02-01 19:51:08,381 - INFO - Building stim pattern for pattern_name 197
2026-02-01 19:51:08,391 - INFO - Building stim pattern for pattern_name 2257
2026-02-01 19:51:08,404 - INFO - Building stim pattern for pattern_name 3298
2026-02-01 19:51:08,417 - INFO - Building stim pattern for pattern_name 2003
2026-02-01 19:51:08,427 - INFO - Building stim pattern for pattern_name 513
2026-02-01 19:51:08,438 - INFO - Building stim pattern for pattern_name 2419
2026-02-01 19:51:08,449 - INFO - Building stim pattern for pattern_name 3182
2026-02-01 19:51:08,460 - INFO - Building stim pattern for pattern_name 2088
2026-02-01 19:51:08,473 - INFO - Building stim pattern for pattern_name 2825
2026-02-01 19:51:08,485 - INFO - Building stim pattern for pattern_name 2379
2026-02-01 19:51:08,495 - INFO - Building stim pattern for pattern_name 3664
2026-02-01 19:51:08,507 - INFO - Building stim pattern for pattern_name 789
2026-02-01 19:51:08,519 - INFO - Building stim pattern for pattern_name 755
2026-02-01 19:51:08,531 - INFO - Building stim pattern for pattern_name 2540
2026-02-01 19:51:08,543 - INFO - Building stim pattern for pattern_name 3166
2026-02-01 19:51:08,555 - INFO - Building stim pattern for pattern_name 868
2026-02-01 19:51:08,567 - INFO - Building stim pattern for pattern_name 1810
2026-02-01 19:51:08,581 - INFO - Building stim pattern for pattern_name 915
2026-02-01 19:51:08,593 - INFO - Building stim pattern for pattern_name 2335
2026-02-01 19:51:08,604 - INFO - Building stim pattern for pattern_name 1705
2026-02-01 19:51:08,613 - INFO - Building stim pattern for pattern_name 438
2026-02-01 19:51:08,624 - INFO - Building stim pattern for pattern_name 610
2026-02-01 19:51:08,635 - INFO - Building stim pattern for pattern_name 2784
2026-02-01 19:51:08,646 - INFO - Building stim pattern for pattern_name 2029
2026-02-01 19:51:08,655 - INFO - Building stim pattern for pattern_name 300
2026-02-01 19:51:08,666 - INFO - Building stim pattern for pattern_name 2853
2026-02-01 19:51:08,677 - INFO - Building stim pattern for pattern_name 3491
2026-02-01 19:51:08,686 - INFO - Building stim pattern for pattern_name 1597
2026-02-01 19:51:08,701 - INFO - Building stim pattern for pattern_name 14
2026-02-01 19:51:08,713 - INFO - Building stim pattern for pattern_name 3501
2026-02-01 19:51:08,724 - INFO - Building stim pattern for pattern_name 361
2026-02-01 19:51:08,735 - INFO - Building stim pattern for pattern_name 2121
2026-02-01 19:51:08,746 - INFO - Building stim pattern for pattern_name 864
2026-02-01 19:51:08,762 - INFO - Building stim pattern for pattern_name 92
2026-02-01 19:51:08,773 - INFO - Building stim pattern for pattern_name 3629
2026-02-01 19:51:08,783 - INFO - Building stim pattern for pattern_name 524
2026-02-01 19:51:08,797 - INFO - Building stim pattern for pattern_name 39
2026-02-01 19:51:08,810 - INFO - Building stim pattern for pattern_name 2119
2026-02-01 19:51:08,821 - INFO - Building stim pattern for pattern_name 477
2026-02-01 19:51:08,834 - INFO - Building stim pattern for pattern_name 3593
2026-02-01 19:51:08,853 - INFO - Building stim pattern for pattern_name 1828
2026-02-01 19:51:08,864 - INFO - Building stim pattern for pattern_name 907
2026-02-01 19:51:08,875 - INFO - Building stim pattern for pattern_name 2851
2026-02-01 19:51:08,887 - INFO - Building stim pattern for pattern_name 500
2026-02-01 19:51:08,899 - INFO - Building stim pattern for pattern_name 3578
2026-02-01 19:51:08,909 - INFO - Building stim pattern for pattern_name 1305
2026-02-01 19:51:08,920 - INFO - Building stim pattern for pattern_name 2354
2026-02-01 19:51:08,932 - INFO - Building stim pattern for pattern_name 2222
2026-02-01 19:51:08,951 - INFO - Building stim pattern for pattern_name 1896
2026-02-01 19:51:08,969 - INFO - Building stim pattern for pattern_name 3890
2026-02-01 19:51:08,981 - INFO - Building stim pattern for pattern_name 2947
2026-02-01 19:51:08,993 - INFO - Building stim pattern for pattern_name 1735
2026-02-01 19:51:09,007 - INFO - Building stim pattern for pattern_name 2173
2026-02-01 19:51:09,018 - INFO - Building stim pattern for pattern_name 1767
2026-02-01 19:51:09,029 - INFO - Building stim pattern for pattern_name 3499
2026-02-01 19:51:09,040 - INFO - Building stim pattern for pattern_name 1615
2026-02-01 19:51:09,050 - INFO - Building stim pattern for pattern_name 1532
2026-02-01 19:51:09,062 - INFO - Building stim pattern for pattern_name 3009
2026-02-01 19:51:09,074 - INFO - Building stim pattern for pattern_name 559
2026-02-01 19:51:09,086 - INFO - Building stim pattern for pattern_name 3677
2026-02-01 19:51:09,098 - INFO - Building stim pattern for pattern_name 595
2026-02-01 19:51:09,114 - INFO - Building stim pattern for pattern_name 1222
2026-02-01 19:51:09,123 - INFO - Building stim pattern for pattern_name 17
2026-02-01 19:51:09,134 - INFO - Building stim pattern for pattern_name 121
2026-02-01 19:51:09,146 - INFO - Building stim pattern for pattern_name 2149
2026-02-01 19:51:09,155 - INFO - Building stim pattern for pattern_name 1208
2026-02-01 19:51:09,164 - INFO - Building stim pattern for pattern_name 2917
2026-02-01 19:51:09,177 - INFO - Building stim pattern for pattern_name 2396
2026-02-01 19:51:09,188 - INFO - Building stim pattern for pattern_name 3959
2026-02-01 19:51:09,198 - INFO - Building stim pattern for pattern_name 2829
2026-02-01 19:51:09,209 - INFO - Building stim pattern for pattern_name 3766
2026-02-01 19:51:09,221 - INFO - Building stim pattern for pattern_name 589
2026-02-01 19:51:09,241 - INFO - Building stim pattern for pattern_name 3235
2026-02-01 19:51:09,258 - INFO - Building stim pattern for pattern_name 1920
2026-02-01 19:51:09,268 - INFO - Building stim pattern for pattern_name 3089
2026-02-01 19:51:09,284 - INFO - Building stim pattern for pattern_name 2923
2026-02-01 19:51:09,293 - INFO - Building stim pattern for pattern_name 3956
2026-02-01 19:51:09,305 - INFO - Building stim pattern for pattern_name 1729
2026-02-01 19:51:09,316 - INFO - Building stim pattern for pattern_name 971
2026-02-01 19:51:09,326 - INFO - Building stim pattern for pattern_name 1798
2026-02-01 19:51:09,337 - INFO - Building stim pattern for pattern_name 2762
2026-02-01 19:51:09,349 - INFO - Building stim pattern for pattern_name 828
2026-02-01 19:51:09,360 - INFO - Building stim pattern for pattern_name 685
2026-02-01 19:51:09,378 - INFO - Building stim pattern for pattern_name 3185
2026-02-01 19:51:09,389 - INFO - Building stim pattern for pattern_name 2775
2026-02-01 19:51:09,400 - INFO - Building stim pattern for pattern_name 2461
2026-02-01 19:51:09,411 - INFO - Building stim pattern for pattern_name 2586
2026-02-01 19:51:09,421 - INFO - Building stim pattern for pattern_name 3380
2026-02-01 19:51:09,433 - INFO - Building stim pattern for pattern_name 81
2026-02-01 19:51:09,443 - INFO - Building stim pattern for pattern_name 52
2026-02-01 19:51:09,454 - INFO - Building stim pattern for pattern_name 2369
2026-02-01 19:51:09,464 - INFO - Building stim pattern for pattern_name 1205
2026-02-01 19:51:09,474 - INFO - Building stim pattern for pattern_name 1188
2026-02-01 19:51:09,485 - INFO - Building stim pattern for pattern_name 561
2026-02-01 19:51:09,507 - INFO - Building stim pattern for pattern_name 678
2026-02-01 19:51:09,519 - INFO - Building stim pattern for pattern_name 406
2026-02-01 19:51:09,545 - INFO - Building stim pattern for pattern_name 1456
2026-02-01 19:51:09,557 - INFO - Building stim pattern for pattern_name 1526
2026-02-01 19:51:09,575 - INFO - Building stim pattern for pattern_name 1093
2026-02-01 19:51:09,587 - INFO - Building stim pattern for pattern_name 3775
2026-02-01 19:51:09,604 - INFO - Building stim pattern for pattern_name 3102
2026-02-01 19:51:09,615 - INFO - Building stim pattern for pattern_name 2788
2026-02-01 19:51:09,625 - INFO - Building stim pattern for pattern_name 3676
2026-02-01 19:51:09,636 - INFO - Building stim pattern for pattern_name 1067
2026-02-01 19:51:09,647 - INFO - Building stim pattern for pattern_name 3463
2026-02-01 19:51:09,658 - INFO - Building stim pattern for pattern_name 2800
2026-02-01 19:51:09,670 - INFO - Building stim pattern for pattern_name 2278
2026-02-01 19:51:09,691 - INFO - Building stim pattern for pattern_name 3933
2026-02-01 19:51:09,702 - INFO - Building stim pattern for pattern_name 2237
2026-02-01 19:51:09,712 - INFO - Building stim pattern for pattern_name 2180
2026-02-01 19:51:09,734 - INFO - Building stim pattern for pattern_name 913
2026-02-01 19:51:09,745 - INFO - Building stim pattern for pattern_name 2385
2026-02-01 19:51:09,755 - INFO - Building stim pattern for pattern_name 2367
2026-02-01 19:51:09,765 - INFO - Building stim pattern for pattern_name 1573
2026-02-01 19:51:09,775 - INFO - Building stim pattern for pattern_name 745
2026-02-01 19:51:09,786 - INFO - Building stim pattern for pattern_name 3303
2026-02-01 19:51:09,796 - INFO - Building stim pattern for pattern_name 681
2026-02-01 19:51:09,806 - INFO - Building stim pattern for pattern_name 3168
2026-02-01 19:51:09,816 - INFO - Building stim pattern for pattern_name 2944
2026-02-01 19:51:09,827 - INFO - Building stim pattern for pattern_name 941
2026-02-01 19:51:09,838 - INFO - Building stim pattern for pattern_name 940
2026-02-01 19:51:09,853 - INFO - Building stim pattern for pattern_name 3434
2026-02-01 19:51:09,932 - INFO - Building stim pattern for pattern_name 2722
2026-02-01 19:51:09,955 - INFO - Building stim pattern for pattern_name 1375
2026-02-01 19:51:09,967 - INFO - Building stim pattern for pattern_name 3659
2026-02-01 19:51:09,978 - INFO - Building stim pattern for pattern_name 2285
2026-02-01 19:51:09,989 - INFO - Building stim pattern for pattern_name 2514
2026-02-01 19:51:10,000 - INFO - Building stim pattern for pattern_name 2292
2026-02-01 19:51:10,012 - INFO - Building stim pattern for pattern_name 3855
2026-02-01 19:51:10,023 - INFO - Building stim pattern for pattern_name 3931
2026-02-01 19:51:10,034 - INFO - Building stim pattern for pattern_name 1741
2026-02-01 19:51:10,043 - INFO - Building stim pattern for pattern_name 3026
2026-02-01 19:51:10,053 - INFO - Building stim pattern for pattern_name 3082
2026-02-01 19:51:10,069 - INFO - Building stim pattern for pattern_name 706
2026-02-01 19:51:10,077 - INFO - Building stim pattern for pattern_name 1534
2026-02-01 19:51:10,095 - INFO - Building stim pattern for pattern_name 1113
2026-02-01 19:51:10,103 - INFO - Building stim pattern for pattern_name 119
2026-02-01 19:51:10,114 - INFO - Building stim pattern for pattern_name 2140
2026-02-01 19:51:10,126 - INFO - Building stim pattern for pattern_name 3044
2026-02-01 19:51:10,137 - INFO - Building stim pattern for pattern_name 3428
2026-02-01 19:51:10,148 - INFO - Building stim pattern for pattern_name 2614
2026-02-01 19:51:10,159 - INFO - Building stim pattern for pattern_name 3367
2026-02-01 19:51:10,170 - INFO - Building stim pattern for pattern_name 2109
2026-02-01 19:51:10,180 - INFO - Building stim pattern for pattern_name 2043
2026-02-01 19:51:10,192 - INFO - Building stim pattern for pattern_name 1987
2026-02-01 19:51:10,202 - INFO - Building stim pattern for pattern_name 534
2026-02-01 19:51:10,213 - INFO - Building stim pattern for pattern_name 3765
2026-02-01 19:51:10,227 - INFO - Building stim pattern for pattern_name 583
2026-02-01 19:51:10,246 - INFO - Building stim pattern for pattern_name 54
2026-02-01 19:51:10,257 - INFO - Building stim pattern for pattern_name 2897
2026-02-01 19:51:10,268 - INFO - Building stim pattern for pattern_name 1487
2026-02-01 19:51:10,278 - INFO - Building stim pattern for pattern_name 2465
2026-02-01 19:51:10,289 - INFO - Building stim pattern for pattern_name 397
2026-02-01 19:51:10,301 - INFO - Building stim pattern for pattern_name 1073
2026-02-01 19:51:10,310 - INFO - Building stim pattern for pattern_name 658
2026-02-01 19:51:10,321 - INFO - Building stim pattern for pattern_name 2312
2026-02-01 19:51:10,337 - INFO - Building stim pattern for pattern_name 2568
2026-02-01 19:51:10,354 - INFO - Building stim pattern for pattern_name 1832
2026-02-01 19:51:10,364 - INFO - Building stim pattern for pattern_name 3627
2026-02-01 19:51:10,375 - INFO - Building stim pattern for pattern_name 3174
2026-02-01 19:51:10,397 - INFO - Building stim pattern for pattern_name 338
2026-02-01 19:51:10,419 - INFO - Building stim pattern for pattern_name 505
2026-02-01 19:51:10,430 - INFO - Building stim pattern for pattern_name 863
2026-02-01 19:51:10,444 - INFO - Building stim pattern for pattern_name 3406
2026-02-01 19:51:10,456 - INFO - Building stim pattern for pattern_name 1880
2026-02-01 19:51:10,468 - INFO - Building stim pattern for pattern_name 428
2026-02-01 19:51:10,489 - INFO - Building stim pattern for pattern_name 2570
2026-02-01 19:51:10,501 - INFO - Building stim pattern for pattern_name 3587
2026-02-01 19:51:10,511 - INFO - Building stim pattern for pattern_name 2188
2026-02-01 19:51:10,522 - INFO - Building stim pattern for pattern_name 531
2026-02-01 19:51:10,534 - INFO - Building stim pattern for pattern_name 3484
2026-02-01 19:51:10,550 - INFO - Building stim pattern for pattern_name 586
2026-02-01 19:51:10,561 - INFO - Building stim pattern for pattern_name 3746
2026-02-01 19:51:10,571 - INFO - Building stim pattern for pattern_name 1629
2026-02-01 19:51:10,580 - INFO - Building stim pattern for pattern_name 1247
2026-02-01 19:51:10,597 - INFO - Building stim pattern for pattern_name 1011
2026-02-01 19:51:10,607 - INFO - Building stim pattern for pattern_name 2068
2026-02-01 19:51:10,624 - INFO - Building stim pattern for pattern_name 899
2026-02-01 19:51:10,639 - INFO - Building stim pattern for pattern_name 1464
2026-02-01 19:51:10,650 - INFO - Building stim pattern for pattern_name 2388
2026-02-01 19:51:10,660 - INFO - Building stim pattern for pattern_name 1050
2026-02-01 19:51:10,670 - INFO - Building stim pattern for pattern_name 3968
2026-02-01 19:51:10,680 - INFO - Building stim pattern for pattern_name 742
2026-02-01 19:51:10,697 - INFO - Building stim pattern for pattern_name 2742
2026-02-01 19:51:10,708 - INFO - Building stim pattern for pattern_name 2754
2026-02-01 19:51:10,717 - INFO - Building stim pattern for pattern_name 1884
2026-02-01 19:51:10,736 - INFO - Building stim pattern for pattern_name 741
2026-02-01 19:51:10,745 - INFO - Building stim pattern for pattern_name 2337
2026-02-01 19:51:10,756 - INFO - Building stim pattern for pattern_name 3215
2026-02-01 19:51:10,766 - INFO - Building stim pattern for pattern_name 1274
2026-02-01 19:51:10,777 - INFO - Building stim pattern for pattern_name 1134
2026-02-01 19:51:10,788 - INFO - Building stim pattern for pattern_name 982
2026-02-01 19:51:10,799 - INFO - Building stim pattern for pattern_name 1790
2026-02-01 19:51:10,811 - INFO - Building stim pattern for pattern_name 3221
2026-02-01 19:51:10,823 - INFO - Building stim pattern for pattern_name 2455
2026-02-01 19:51:10,833 - INFO - Building stim pattern for pattern_name 866
2026-02-01 19:51:10,843 - INFO - Building stim pattern for pattern_name 2561
2026-02-01 19:51:10,853 - INFO - Building stim pattern for pattern_name 1812
2026-02-01 19:51:10,864 - INFO - Building stim pattern for pattern_name 1370
2026-02-01 19:51:10,874 - INFO - Building stim pattern for pattern_name 787
2026-02-01 19:51:10,885 - INFO - Building stim pattern for pattern_name 209
2026-02-01 19:51:10,897 - INFO - Building stim pattern for pattern_name 3952
2026-02-01 19:51:10,922 - INFO - Building stim pattern for pattern_name 1633
2026-02-01 19:51:10,934 - INFO - Building stim pattern for pattern_name 3946
2026-02-01 19:51:10,944 - INFO - Building stim pattern for pattern_name 3039
2026-02-01 19:51:10,954 - INFO - Building stim pattern for pattern_name 1612
2026-02-01 19:51:10,966 - INFO - Building stim pattern for pattern_name 2531
2026-02-01 19:51:10,976 - INFO - Building stim pattern for pattern_name 2668
2026-02-01 19:51:10,988 - INFO - Building stim pattern for pattern_name 1466
2026-02-01 19:51:10,999 - INFO - Building stim pattern for pattern_name 1519
2026-02-01 19:51:11,021 - INFO - Building stim pattern for pattern_name 3485
2026-02-01 19:51:11,033 - INFO - Building stim pattern for pattern_name 991
2026-02-01 19:51:11,045 - INFO - Building stim pattern for pattern_name 3171
2026-02-01 19:51:11,056 - INFO - Building stim pattern for pattern_name 1123
2026-02-01 19:51:11,065 - INFO - Building stim pattern for pattern_name 2076
2026-02-01 19:51:11,076 - INFO - Building stim pattern for pattern_name 2191
2026-02-01 19:51:11,087 - INFO - Building stim pattern for pattern_name 1443
2026-02-01 19:51:11,097 - INFO - Building stim pattern for pattern_name 34
2026-02-01 19:51:11,108 - INFO - Building stim pattern for pattern_name 191
2026-02-01 19:51:11,118 - INFO - Building stim pattern for pattern_name 1706
2026-02-01 19:51:11,133 - INFO - Building stim pattern for pattern_name 2052
2026-02-01 19:51:11,145 - INFO - Building stim pattern for pattern_name 3340
2026-02-01 19:51:11,155 - INFO - Building stim pattern for pattern_name 3922
2026-02-01 19:51:11,165 - INFO - Building stim pattern for pattern_name 2268
2026-02-01 19:51:11,175 - INFO - Building stim pattern for pattern_name 3887
2026-02-01 19:51:11,185 - INFO - Building stim pattern for pattern_name 591
2026-02-01 19:51:11,196 - INFO - Building stim pattern for pattern_name 3030
2026-02-01 19:51:11,207 - INFO - Building stim pattern for pattern_name 2466
2026-02-01 19:51:11,217 - INFO - Building stim pattern for pattern_name 884
2026-02-01 19:51:11,227 - INFO - Building stim pattern for pattern_name 3477
2026-02-01 19:51:11,236 - INFO - Building stim pattern for pattern_name 981
2026-02-01 19:51:11,252 - INFO - Building stim pattern for pattern_name 920
2026-02-01 19:51:11,262 - INFO - Building stim pattern for pattern_name 3924
2026-02-01 19:51:11,272 - INFO - Building stim pattern for pattern_name 3049
2026-02-01 19:51:11,283 - INFO - Building stim pattern for pattern_name 1450
2026-02-01 19:51:11,293 - INFO - Building stim pattern for pattern_name 341
2026-02-01 19:51:11,302 - INFO - Building stim pattern for pattern_name 3189
2026-02-01 19:51:11,318 - INFO - Building stim pattern for pattern_name 2357
2026-02-01 19:51:11,327 - INFO - Building stim pattern for pattern_name 3716
2026-02-01 19:51:11,337 - INFO - Building stim pattern for pattern_name 269
2026-02-01 19:51:11,348 - INFO - Building stim pattern for pattern_name 674
2026-02-01 19:51:11,362 - INFO - Building stim pattern for pattern_name 2831
2026-02-01 19:51:11,372 - INFO - Building stim pattern for pattern_name 1357
2026-02-01 19:51:11,382 - INFO - Building stim pattern for pattern_name 3902
2026-02-01 19:51:11,394 - INFO - Building stim pattern for pattern_name 587
2026-02-01 19:51:11,410 - INFO - Building stim pattern for pattern_name 3738
2026-02-01 19:51:11,422 - INFO - Building stim pattern for pattern_name 1807
2026-02-01 19:51:11,432 - INFO - Building stim pattern for pattern_name 1299
2026-02-01 19:51:11,442 - INFO - Building stim pattern for pattern_name 656
2026-02-01 19:51:11,453 - INFO - Building stim pattern for pattern_name 1635
2026-02-01 19:51:11,463 - INFO - Building stim pattern for pattern_name 908
2026-02-01 19:51:11,473 - INFO - Building stim pattern for pattern_name 3870
2026-02-01 19:51:11,495 - INFO - Building stim pattern for pattern_name 3638
2026-02-01 19:51:11,512 - INFO - Building stim pattern for pattern_name 1777
2026-02-01 19:51:11,527 - INFO - Building stim pattern for pattern_name 467
2026-02-01 19:51:11,538 - INFO - Building stim pattern for pattern_name 3388
2026-02-01 19:51:11,561 - INFO - Building stim pattern for pattern_name 3144
2026-02-01 19:51:11,631 - INFO - Building stim pattern for pattern_name 2912
2026-02-01 19:51:11,659 - INFO - Building stim pattern for pattern_name 3314
2026-02-01 19:51:11,677 - INFO - Building stim pattern for pattern_name 2380
2026-02-01 19:51:11,696 - INFO - Building stim pattern for pattern_name 696
2026-02-01 19:51:11,715 - INFO - Building stim pattern for pattern_name 3424
2026-02-01 19:51:11,725 - INFO - Building stim pattern for pattern_name 876
2026-02-01 19:51:11,735 - INFO - Building stim pattern for pattern_name 1498
2026-02-01 19:51:11,745 - INFO - Building stim pattern for pattern_name 3771
2026-02-01 19:51:11,754 - INFO - Building stim pattern for pattern_name 3544
2026-02-01 19:51:11,775 - INFO - Building stim pattern for pattern_name 1871
2026-02-01 19:51:11,786 - INFO - Building stim pattern for pattern_name 3647
2026-02-01 19:51:11,797 - INFO - Building stim pattern for pattern_name 2988
2026-02-01 19:51:11,806 - INFO - Building stim pattern for pattern_name 2937
2026-02-01 19:51:11,821 - INFO - Building stim pattern for pattern_name 2953
2026-02-01 19:51:11,832 - INFO - Building stim pattern for pattern_name 1641
2026-02-01 19:51:11,841 - INFO - Building stim pattern for pattern_name 1902
2026-02-01 19:51:11,852 - INFO - Building stim pattern for pattern_name 3443
2026-02-01 19:51:11,862 - INFO - Building stim pattern for pattern_name 3421
2026-02-01 19:51:11,871 - INFO - Building stim pattern for pattern_name 3399
2026-02-01 19:51:11,882 - INFO - Building stim pattern for pattern_name 3396
2026-02-01 19:51:11,893 - INFO - Building stim pattern for pattern_name 2926
2026-02-01 19:51:11,902 - INFO - Building stim pattern for pattern_name 2653
2026-02-01 19:51:11,912 - INFO - Building stim pattern for pattern_name 3900
2026-02-01 19:51:11,923 - INFO - Building stim pattern for pattern_name 2832
2026-02-01 19:51:11,934 - INFO - Building stim pattern for pattern_name 3449
2026-02-01 19:51:11,945 - INFO - Building stim pattern for pattern_name 541
2026-02-01 19:51:11,956 - INFO - Building stim pattern for pattern_name 3152
2026-02-01 19:51:11,970 - INFO - Building stim pattern for pattern_name 3156
2026-02-01 19:51:11,981 - INFO - Building stim pattern for pattern_name 2362
2026-02-01 19:51:11,991 - INFO - Building stim pattern for pattern_name 196
2026-02-01 19:51:12,006 - INFO - Building stim pattern for pattern_name 2015
2026-02-01 19:51:12,018 - INFO - Building stim pattern for pattern_name 2241
2026-02-01 19:51:12,031 - INFO - Building stim pattern for pattern_name 3802
2026-02-01 19:51:12,044 - INFO - Building stim pattern for pattern_name 3513
2026-02-01 19:51:12,054 - INFO - Building stim pattern for pattern_name 171
2026-02-01 19:51:12,066 - INFO - Building stim pattern for pattern_name 1554
2026-02-01 19:51:12,078 - INFO - Building stim pattern for pattern_name 138
2026-02-01 19:51:12,090 - INFO - Building stim pattern for pattern_name 1653
2026-02-01 19:51:12,103 - INFO - Building stim pattern for pattern_name 2766
2026-02-01 19:51:12,115 - INFO - Building stim pattern for pattern_name 280
2026-02-01 19:51:12,126 - INFO - Building stim pattern for pattern_name 3297
2026-02-01 19:51:12,137 - INFO - Building stim pattern for pattern_name 3483
2026-02-01 19:51:12,148 - INFO - Building stim pattern for pattern_name 160
2026-02-01 19:51:12,169 - INFO - Building stim pattern for pattern_name 1957
2026-02-01 19:51:12,180 - INFO - Building stim pattern for pattern_name 335
2026-02-01 19:51:12,191 - INFO - Building stim pattern for pattern_name 3691
2026-02-01 19:51:12,205 - INFO - Building stim pattern for pattern_name 506
2026-02-01 19:51:12,224 - INFO - Building stim pattern for pattern_name 3559
2026-02-01 19:51:12,255 - INFO - Building stim pattern for pattern_name 1548
2026-02-01 19:51:12,267 - INFO - Building stim pattern for pattern_name 2682
2026-02-01 19:51:12,281 - INFO - Building stim pattern for pattern_name 675
2026-02-01 19:51:12,293 - INFO - Building stim pattern for pattern_name 3706
2026-02-01 19:51:12,305 - INFO - Building stim pattern for pattern_name 1023
2026-02-01 19:51:12,316 - INFO - Building stim pattern for pattern_name 2508
2026-02-01 19:51:12,327 - INFO - Building stim pattern for pattern_name 3393
2026-02-01 19:51:12,338 - INFO - Building stim pattern for pattern_name 1665
2026-02-01 19:51:12,348 - INFO - Building stim pattern for pattern_name 643
2026-02-01 19:51:12,359 - INFO - Building stim pattern for pattern_name 2468
2026-02-01 19:51:12,370 - INFO - Building stim pattern for pattern_name 2792
2026-02-01 19:51:12,380 - INFO - Building stim pattern for pattern_name 3528
2026-02-01 19:51:12,390 - INFO - Building stim pattern for pattern_name 134
2026-02-01 19:51:12,401 - INFO - Building stim pattern for pattern_name 3371
2026-02-01 19:51:12,411 - INFO - Building stim pattern for pattern_name 1849
2026-02-01 19:51:12,422 - INFO - Building stim pattern for pattern_name 3284
2026-02-01 19:51:12,432 - INFO - Building stim pattern for pattern_name 3342
2026-02-01 19:51:12,443 - INFO - Building stim pattern for pattern_name 2318
2026-02-01 19:51:12,456 - INFO - Building stim pattern for pattern_name 1661
2026-02-01 19:51:12,468 - INFO - Building stim pattern for pattern_name 3323
2026-02-01 19:51:12,480 - INFO - Building stim pattern for pattern_name 827
2026-02-01 19:51:12,502 - INFO - Building stim pattern for pattern_name 1108
2026-02-01 19:51:12,514 - INFO - Building stim pattern for pattern_name 2516
2026-02-01 19:51:12,525 - INFO - Building stim pattern for pattern_name 1925
2026-02-01 19:51:12,536 - INFO - Building stim pattern for pattern_name 1147
2026-02-01 19:51:12,546 - INFO - Building stim pattern for pattern_name 1944
2026-02-01 19:51:12,559 - INFO - Building stim pattern for pattern_name 3947
2026-02-01 19:51:12,570 - INFO - Building stim pattern for pattern_name 2372
2026-02-01 19:51:12,580 - INFO - Building stim pattern for pattern_name 1964
2026-02-01 19:51:12,591 - INFO - Building stim pattern for pattern_name 2679
2026-02-01 19:51:12,602 - INFO - Building stim pattern for pattern_name 751
2026-02-01 19:51:12,613 - INFO - Building stim pattern for pattern_name 2811
2026-02-01 19:51:12,623 - INFO - Building stim pattern for pattern_name 872
2026-02-01 19:51:12,634 - INFO - Building stim pattern for pattern_name 2611
2026-02-01 19:51:12,653 - INFO - Building stim pattern for pattern_name 2981
2026-02-01 19:51:12,666 - INFO - Building stim pattern for pattern_name 1951
2026-02-01 19:51:12,677 - INFO - Building stim pattern for pattern_name 383
2026-02-01 19:51:12,687 - INFO - Building stim pattern for pattern_name 2484
2026-02-01 19:51:12,698 - INFO - Building stim pattern for pattern_name 1485
2026-02-01 19:51:12,709 - INFO - Building stim pattern for pattern_name 1160
2026-02-01 19:51:12,720 - INFO - Building stim pattern for pattern_name 151
2026-02-01 19:51:12,731 - INFO - Building stim pattern for pattern_name 514
2026-02-01 19:51:12,743 - INFO - Building stim pattern for pattern_name 393
2026-02-01 19:51:12,754 - INFO - Building stim pattern for pattern_name 1482
2026-02-01 19:51:12,766 - INFO - Building stim pattern for pattern_name 1999
2026-02-01 19:51:12,779 - INFO - Building stim pattern for pattern_name 640
2026-02-01 19:51:12,793 - INFO - Building stim pattern for pattern_name 2978
2026-02-01 19:51:12,809 - INFO - Building stim pattern for pattern_name 204
2026-02-01 19:51:12,820 - INFO - Building stim pattern for pattern_name 2435
2026-02-01 19:51:12,832 - INFO - Building stim pattern for pattern_name 3594
2026-02-01 19:51:12,843 - INFO - Building stim pattern for pattern_name 996
2026-02-01 19:51:12,854 - INFO - Building stim pattern for pattern_name 797
2026-02-01 19:51:12,871 - INFO - Building stim pattern for pattern_name 3019
2026-02-01 19:51:12,882 - INFO - Building stim pattern for pattern_name 3784
2026-02-01 19:51:12,904 - INFO - Building stim pattern for pattern_name 3846
2026-02-01 19:51:12,915 - INFO - Building stim pattern for pattern_name 2151
2026-02-01 19:51:12,926 - INFO - Building stim pattern for pattern_name 978
2026-02-01 19:51:12,936 - INFO - Building stim pattern for pattern_name 1379
2026-02-01 19:51:12,947 - INFO - Building stim pattern for pattern_name 3310
2026-02-01 19:51:12,965 - INFO - Building stim pattern for pattern_name 1317
2026-02-01 19:51:12,975 - INFO - Building stim pattern for pattern_name 3964
2026-02-01 19:51:12,987 - INFO - Building stim pattern for pattern_name 156
2026-02-01 19:51:12,997 - INFO - Building stim pattern for pattern_name 680
2026-02-01 19:51:13,008 - INFO - Building stim pattern for pattern_name 664
2026-02-01 19:51:13,028 - INFO - Building stim pattern for pattern_name 2634
2026-02-01 19:51:13,039 - INFO - Building stim pattern for pattern_name 1429
2026-02-01 19:51:13,049 - INFO - Building stim pattern for pattern_name 3381
2026-02-01 19:51:13,059 - INFO - Building stim pattern for pattern_name 1582
2026-02-01 19:51:13,075 - INFO - Building stim pattern for pattern_name 3972
2026-02-01 19:51:13,087 - INFO - Building stim pattern for pattern_name 2229
2026-02-01 19:51:13,104 - INFO - Building stim pattern for pattern_name 232
2026-02-01 19:51:13,126 - INFO - Building stim pattern for pattern_name 1303
2026-02-01 19:51:13,138 - INFO - Building stim pattern for pattern_name 3910
2026-02-01 19:51:13,157 - INFO - Building stim pattern for pattern_name 3364
2026-02-01 19:51:13,183 - INFO - Building stim pattern for pattern_name 1549
2026-02-01 19:51:13,199 - INFO - Building stim pattern for pattern_name 2790
2026-02-01 19:51:13,213 - INFO - Building stim pattern for pattern_name 2708
2026-02-01 19:51:13,224 - INFO - Building stim pattern for pattern_name 2001
2026-02-01 19:51:13,235 - INFO - Building stim pattern for pattern_name 743
2026-02-01 19:51:13,310 - INFO - Building stim pattern for pattern_name 853
2026-02-01 19:51:13,355 - INFO - Building stim pattern for pattern_name 2588
2026-02-01 19:51:13,372 - INFO - Building stim pattern for pattern_name 1031
2026-02-01 19:51:13,383 - INFO - Building stim pattern for pattern_name 1587
2026-02-01 19:51:13,393 - INFO - Building stim pattern for pattern_name 1522
2026-02-01 19:51:13,411 - INFO - Building stim pattern for pattern_name 2327
2026-02-01 19:51:13,424 - INFO - Building stim pattern for pattern_name 165
2026-02-01 19:51:13,435 - INFO - Building stim pattern for pattern_name 3592
2026-02-01 19:51:13,449 - INFO - Building stim pattern for pattern_name 2798
2026-02-01 19:51:13,460 - INFO - Building stim pattern for pattern_name 772
2026-02-01 19:51:13,471 - INFO - Building stim pattern for pattern_name 2144
2026-02-01 19:51:13,489 - INFO - Building stim pattern for pattern_name 49
2026-02-01 19:51:13,515 - INFO - Building stim pattern for pattern_name 298
2026-02-01 19:51:13,527 - INFO - Building stim pattern for pattern_name 2270
2026-02-01 19:51:13,544 - INFO - Building stim pattern for pattern_name 2056
2026-02-01 19:51:13,555 - INFO - Building stim pattern for pattern_name 2207
2026-02-01 19:51:13,566 - INFO - Building stim pattern for pattern_name 3542
2026-02-01 19:51:13,577 - INFO - Building stim pattern for pattern_name 3338
2026-02-01 19:51:13,587 - INFO - Building stim pattern for pattern_name 105
2026-02-01 19:51:13,596 - INFO - Building stim pattern for pattern_name 3129
2026-02-01 19:51:13,613 - INFO - Building stim pattern for pattern_name 2027
2026-02-01 19:51:13,624 - INFO - Building stim pattern for pattern_name 2242
2026-02-01 19:51:13,635 - INFO - Building stim pattern for pattern_name 1302
2026-02-01 19:51:13,645 - INFO - Building stim pattern for pattern_name 2673
2026-02-01 19:51:13,656 - INFO - Building stim pattern for pattern_name 496
2026-02-01 19:51:13,667 - INFO - Building stim pattern for pattern_name 2104
2026-02-01 19:51:13,677 - INFO - Building stim pattern for pattern_name 1553
2026-02-01 19:51:13,693 - INFO - Building stim pattern for pattern_name 1889
2026-02-01 19:51:13,704 - INFO - Building stim pattern for pattern_name 669
2026-02-01 19:51:13,715 - INFO - Building stim pattern for pattern_name 2277
2026-02-01 19:51:13,726 - INFO - Building stim pattern for pattern_name 3260
2026-02-01 19:51:13,736 - INFO - Building stim pattern for pattern_name 1835
2026-02-01 19:51:13,747 - INFO - Building stim pattern for pattern_name 1788
2026-02-01 19:51:13,757 - INFO - Building stim pattern for pattern_name 247
2026-02-01 19:51:13,770 - INFO - Building stim pattern for pattern_name 1318
2026-02-01 19:51:13,782 - INFO - Building stim pattern for pattern_name 3131
2026-02-01 19:51:13,796 - INFO - Building stim pattern for pattern_name 434
2026-02-01 19:51:13,808 - INFO - Building stim pattern for pattern_name 582
2026-02-01 19:51:13,819 - INFO - Building stim pattern for pattern_name 1200
2026-02-01 19:51:13,832 - INFO - Building stim pattern for pattern_name 2115
2026-02-01 19:51:13,843 - INFO - Building stim pattern for pattern_name 7
2026-02-01 19:51:13,853 - INFO - Building stim pattern for pattern_name 1782
2026-02-01 19:51:13,865 - INFO - Building stim pattern for pattern_name 3444
2026-02-01 19:51:13,877 - INFO - Building stim pattern for pattern_name 3613
2026-02-01 19:51:13,888 - INFO - Building stim pattern for pattern_name 810
2026-02-01 19:51:13,898 - INFO - Building stim pattern for pattern_name 1912
2026-02-01 19:51:13,909 - INFO - Building stim pattern for pattern_name 3403
2026-02-01 19:51:13,920 - INFO - Building stim pattern for pattern_name 2358
2026-02-01 19:51:13,930 - INFO - Building stim pattern for pattern_name 1038
2026-02-01 19:51:13,940 - INFO - Building stim pattern for pattern_name 1129
2026-02-01 19:51:13,952 - INFO - Building stim pattern for pattern_name 2712
2026-02-01 19:51:13,962 - INFO - Building stim pattern for pattern_name 2206
2026-02-01 19:51:13,973 - INFO - Building stim pattern for pattern_name 871
2026-02-01 19:51:13,983 - INFO - Building stim pattern for pattern_name 2815
2026-02-01 19:51:13,994 - INFO - Building stim pattern for pattern_name 3879
2026-02-01 19:51:14,014 - INFO - Building stim pattern for pattern_name 3553
2026-02-01 19:51:14,024 - INFO - Building stim pattern for pattern_name 1101
2026-02-01 19:51:14,034 - INFO - Building stim pattern for pattern_name 2619
2026-02-01 19:51:14,044 - INFO - Building stim pattern for pattern_name 1877
2026-02-01 19:51:14,055 - INFO - Building stim pattern for pattern_name 2276
2026-02-01 19:51:14,072 - INFO - Building stim pattern for pattern_name 604
2026-02-01 19:51:14,083 - INFO - Building stim pattern for pattern_name 1085
2026-02-01 19:51:14,102 - INFO - Building stim pattern for pattern_name 2898
2026-02-01 19:51:14,112 - INFO - Building stim pattern for pattern_name 682
2026-02-01 19:51:14,124 - INFO - Building stim pattern for pattern_name 186
2026-02-01 19:51:14,134 - INFO - Building stim pattern for pattern_name 1682
2026-02-01 19:51:14,145 - INFO - Building stim pattern for pattern_name 2072
2026-02-01 19:51:14,158 - INFO - Building stim pattern for pattern_name 2869
2026-02-01 19:51:14,168 - INFO - Building stim pattern for pattern_name 1601
2026-02-01 19:51:14,180 - INFO - Building stim pattern for pattern_name 2158
2026-02-01 19:51:14,198 - INFO - Building stim pattern for pattern_name 2099
2026-02-01 19:51:14,210 - INFO - Building stim pattern for pattern_name 1704
2026-02-01 19:51:14,220 - INFO - Building stim pattern for pattern_name 3527
2026-02-01 19:51:14,231 - INFO - Building stim pattern for pattern_name 2244
2026-02-01 19:51:14,240 - INFO - Building stim pattern for pattern_name 2041
2026-02-01 19:51:14,258 - INFO - Building stim pattern for pattern_name 3312
2026-02-01 19:51:14,270 - INFO - Building stim pattern for pattern_name 2403
2026-02-01 19:51:14,280 - INFO - Building stim pattern for pattern_name 2842
2026-02-01 19:51:14,291 - INFO - Building stim pattern for pattern_name 719
2026-02-01 19:51:14,302 - INFO - Building stim pattern for pattern_name 3539
2026-02-01 19:51:14,312 - INFO - Building stim pattern for pattern_name 2724
2026-02-01 19:51:14,323 - INFO - Building stim pattern for pattern_name 3429
2026-02-01 19:51:14,335 - INFO - Building stim pattern for pattern_name 3252
2026-02-01 19:51:14,353 - INFO - Building stim pattern for pattern_name 3938
2026-02-01 19:51:14,372 - INFO - Building stim pattern for pattern_name 3259
2026-02-01 19:51:14,382 - INFO - Building stim pattern for pattern_name 2037
2026-02-01 19:51:14,398 - INFO - Building stim pattern for pattern_name 1927
2026-02-01 19:51:14,408 - INFO - Building stim pattern for pattern_name 3683
2026-02-01 19:51:14,419 - INFO - Building stim pattern for pattern_name 1150
2026-02-01 19:51:14,429 - INFO - Building stim pattern for pattern_name 3336
2026-02-01 19:51:14,439 - INFO - Building stim pattern for pattern_name 1286
2026-02-01 19:51:14,457 - INFO - Building stim pattern for pattern_name 3065
2026-02-01 19:51:14,471 - INFO - Building stim pattern for pattern_name 3472
2026-02-01 19:51:14,492 - INFO - Building stim pattern for pattern_name 898
2026-02-01 19:51:14,503 - INFO - Building stim pattern for pattern_name 1189
2026-02-01 19:51:14,515 - INFO - Building stim pattern for pattern_name 1556
2026-02-01 19:51:14,526 - INFO - Building stim pattern for pattern_name 1290
2026-02-01 19:51:14,543 - INFO - Building stim pattern for pattern_name 1391
2026-02-01 19:51:14,554 - INFO - Building stim pattern for pattern_name 3135
2026-02-01 19:51:14,566 - INFO - Building stim pattern for pattern_name 71
2026-02-01 19:51:14,585 - INFO - Building stim pattern for pattern_name 3362
2026-02-01 19:51:14,596 - INFO - Building stim pattern for pattern_name 359
2026-02-01 19:51:14,607 - INFO - Building stim pattern for pattern_name 450
2026-02-01 19:51:14,617 - INFO - Building stim pattern for pattern_name 3170
2026-02-01 19:51:14,626 - INFO - Building stim pattern for pattern_name 1447
2026-02-01 19:51:14,637 - INFO - Building stim pattern for pattern_name 1070
2026-02-01 19:51:14,647 - INFO - Building stim pattern for pattern_name 193
2026-02-01 19:51:14,657 - INFO - Building stim pattern for pattern_name 1942
2026-02-01 19:51:14,668 - INFO - Building stim pattern for pattern_name 79
2026-02-01 19:51:14,681 - INFO - Building stim pattern for pattern_name 2787
2026-02-01 19:51:14,694 - INFO - Building stim pattern for pattern_name 2017
2026-02-01 19:51:14,705 - INFO - Building stim pattern for pattern_name 3218
2026-02-01 19:51:14,715 - INFO - Building stim pattern for pattern_name 42
2026-02-01 19:51:14,727 - INFO - Building stim pattern for pattern_name 2710
2026-02-01 19:51:14,747 - INFO - Building stim pattern for pattern_name 456
2026-02-01 19:51:14,759 - INFO - Building stim pattern for pattern_name 2390
2026-02-01 19:51:14,776 - INFO - Building stim pattern for pattern_name 1959
2026-02-01 19:51:14,787 - INFO - Building stim pattern for pattern_name 3536
2026-02-01 19:51:14,798 - INFO - Building stim pattern for pattern_name 1309
2026-02-01 19:51:14,808 - INFO - Building stim pattern for pattern_name 1681
2026-02-01 19:51:14,818 - INFO - Building stim pattern for pattern_name 2980
2026-02-01 19:51:14,833 - INFO - Building stim pattern for pattern_name 3274
2026-02-01 19:51:14,850 - INFO - Building stim pattern for pattern_name 813
2026-02-01 19:51:14,862 - INFO - Building stim pattern for pattern_name 2293
2026-02-01 19:51:14,943 - INFO - Building stim pattern for pattern_name 1775
2026-02-01 19:51:14,957 - INFO - Building stim pattern for pattern_name 572
2026-02-01 19:51:14,976 - INFO - Building stim pattern for pattern_name 3372
2026-02-01 19:51:15,009 - INFO - Building stim pattern for pattern_name 1952
2026-02-01 19:51:15,027 - INFO - Building stim pattern for pattern_name 2674
2026-02-01 19:51:15,037 - INFO - Building stim pattern for pattern_name 1115
2026-02-01 19:51:15,048 - INFO - Building stim pattern for pattern_name 2635
2026-02-01 19:51:15,059 - INFO - Building stim pattern for pattern_name 44
2026-02-01 19:51:15,076 - INFO - Building stim pattern for pattern_name 2067
2026-02-01 19:51:15,086 - INFO - Building stim pattern for pattern_name 2861
2026-02-01 19:51:15,101 - INFO - Building stim pattern for pattern_name 611
2026-02-01 19:51:15,112 - INFO - Building stim pattern for pattern_name 381
2026-02-01 19:51:15,122 - INFO - Building stim pattern for pattern_name 615
2026-02-01 19:51:15,139 - INFO - Building stim pattern for pattern_name 3363
2026-02-01 19:51:15,151 - INFO - Building stim pattern for pattern_name 3702
2026-02-01 19:51:15,162 - INFO - Building stim pattern for pattern_name 3370
2026-02-01 19:51:15,172 - INFO - Building stim pattern for pattern_name 2204
2026-02-01 19:51:15,182 - INFO - Building stim pattern for pattern_name 3983
2026-02-01 19:51:15,193 - INFO - Building stim pattern for pattern_name 84
2026-02-01 19:51:15,203 - INFO - Building stim pattern for pattern_name 1662
2026-02-01 19:51:15,214 - INFO - Building stim pattern for pattern_name 1792
2026-02-01 19:51:15,223 - INFO - Building stim pattern for pattern_name 1137
2026-02-01 19:51:15,233 - INFO - Building stim pattern for pattern_name 168
2026-02-01 19:51:15,244 - INFO - Building stim pattern for pattern_name 2493
2026-02-01 19:51:15,255 - INFO - Building stim pattern for pattern_name 1988
2026-02-01 19:51:15,267 - INFO - Building stim pattern for pattern_name 235
2026-02-01 19:51:15,284 - INFO - Building stim pattern for pattern_name 2883
2026-02-01 19:51:15,296 - INFO - Building stim pattern for pattern_name 932
2026-02-01 19:51:15,324 - INFO - Building stim pattern for pattern_name 1679
2026-02-01 19:51:15,337 - INFO - Building stim pattern for pattern_name 3379
2026-02-01 19:51:15,354 - INFO - Building stim pattern for pattern_name 2216
2026-02-01 19:51:15,365 - INFO - Building stim pattern for pattern_name 1917
2026-02-01 19:51:15,376 - INFO - Building stim pattern for pattern_name 3120
2026-02-01 19:51:15,401 - INFO - Building stim pattern for pattern_name 786
2026-02-01 19:51:15,419 - INFO - Building stim pattern for pattern_name 1491
2026-02-01 19:51:15,430 - INFO - Building stim pattern for pattern_name 3598
2026-02-01 19:51:15,442 - INFO - Building stim pattern for pattern_name 2336
2026-02-01 19:51:15,454 - INFO - Building stim pattern for pattern_name 1546
2026-02-01 19:51:15,464 - INFO - Building stim pattern for pattern_name 1219
2026-02-01 19:51:15,475 - INFO - Building stim pattern for pattern_name 3015
2026-02-01 19:51:15,487 - INFO - Building stim pattern for pattern_name 2202
2026-02-01 19:51:15,508 - INFO - Building stim pattern for pattern_name 2689
2026-02-01 19:51:15,519 - INFO - Building stim pattern for pattern_name 3704
2026-02-01 19:51:15,532 - INFO - Building stim pattern for pattern_name 1997
2026-02-01 19:51:15,544 - INFO - Building stim pattern for pattern_name 2289
2026-02-01 19:51:15,558 - INFO - Building stim pattern for pattern_name 2704
2026-02-01 19:51:15,568 - INFO - Building stim pattern for pattern_name 2131
2026-02-01 19:51:15,587 - INFO - Building stim pattern for pattern_name 3458
2026-02-01 19:51:15,599 - INFO - Building stim pattern for pattern_name 889
2026-02-01 19:51:15,615 - INFO - Building stim pattern for pattern_name 1358
2026-02-01 19:51:15,643 - INFO - Building stim pattern for pattern_name 25
2026-02-01 19:51:15,653 - INFO - Building stim pattern for pattern_name 1514
2026-02-01 19:51:15,663 - INFO - Building stim pattern for pattern_name 2272
2026-02-01 19:51:15,674 - INFO - Building stim pattern for pattern_name 2238
2026-02-01 19:51:15,685 - INFO - Building stim pattern for pattern_name 2181
2026-02-01 19:51:15,695 - INFO - Building stim pattern for pattern_name 3642
2026-02-01 19:51:15,705 - INFO - Building stim pattern for pattern_name 320
2026-02-01 19:51:15,716 - INFO - Building stim pattern for pattern_name 2608
2026-02-01 19:51:15,726 - INFO - Building stim pattern for pattern_name 3729
2026-02-01 19:51:15,736 - INFO - Building stim pattern for pattern_name 765
2026-02-01 19:51:15,748 - INFO - Building stim pattern for pattern_name 2360
2026-02-01 19:51:15,758 - INFO - Building stim pattern for pattern_name 1763
2026-02-01 19:51:15,769 - INFO - Building stim pattern for pattern_name 783
2026-02-01 19:51:15,780 - INFO - Building stim pattern for pattern_name 358
2026-02-01 19:51:15,791 - INFO - Building stim pattern for pattern_name 569
2026-02-01 19:51:15,808 - INFO - Building stim pattern for pattern_name 3195
2026-02-01 19:51:15,817 - INFO - Building stim pattern for pattern_name 714
2026-02-01 19:51:15,834 - INFO - Building stim pattern for pattern_name 1324
2026-02-01 19:51:15,845 - INFO - Building stim pattern for pattern_name 3194
2026-02-01 19:51:15,857 - INFO - Building stim pattern for pattern_name 2310
2026-02-01 19:51:15,869 - INFO - Building stim pattern for pattern_name 464
2026-02-01 19:51:15,883 - INFO - Building stim pattern for pattern_name 2880
2026-02-01 19:51:15,896 - INFO - Building stim pattern for pattern_name 216
2026-02-01 19:51:15,908 - INFO - Building stim pattern for pattern_name 1650
2026-02-01 19:51:15,928 - INFO - Building stim pattern for pattern_name 3273
2026-02-01 19:51:15,940 - INFO - Building stim pattern for pattern_name 375
2026-02-01 19:51:15,951 - INFO - Building stim pattern for pattern_name 282
2026-02-01 19:51:15,964 - INFO - Building stim pattern for pattern_name 3366
2026-02-01 19:51:15,975 - INFO - Building stim pattern for pattern_name 1555
2026-02-01 19:51:15,997 - INFO - Building stim pattern for pattern_name 3756
2026-02-01 19:51:16,015 - INFO - Building stim pattern for pattern_name 734
2026-02-01 19:51:16,044 - INFO - Building stim pattern for pattern_name 1785
2026-02-01 19:51:16,057 - INFO - Building stim pattern for pattern_name 744
2026-02-01 19:51:16,076 - INFO - Building stim pattern for pattern_name 1140
2026-02-01 19:51:16,094 - INFO - Building stim pattern for pattern_name 1588
2026-02-01 19:51:16,106 - INFO - Building stim pattern for pattern_name 2340
2026-02-01 19:51:16,117 - INFO - Building stim pattern for pattern_name 3169
2026-02-01 19:51:16,128 - INFO - Building stim pattern for pattern_name 1545
2026-02-01 19:51:16,144 - INFO - Building stim pattern for pattern_name 2744
2026-02-01 19:51:16,161 - INFO - Building stim pattern for pattern_name 848
2026-02-01 19:51:16,173 - INFO - Building stim pattern for pattern_name 3845
2026-02-01 19:51:16,184 - INFO - Building stim pattern for pattern_name 1636
2026-02-01 19:51:16,195 - INFO - Building stim pattern for pattern_name 2013
2026-02-01 19:51:16,206 - INFO - Building stim pattern for pattern_name 2252
2026-02-01 19:51:16,216 - INFO - Building stim pattern for pattern_name 3783
2026-02-01 19:51:16,227 - INFO - Building stim pattern for pattern_name 725
2026-02-01 19:51:16,238 - INFO - Building stim pattern for pattern_name 405
2026-02-01 19:51:16,251 - INFO - Building stim pattern for pattern_name 2051
2026-02-01 19:51:16,263 - INFO - Building stim pattern for pattern_name 832
2026-02-01 19:51:16,293 - INFO - Building stim pattern for pattern_name 887
2026-02-01 19:51:16,305 - INFO - Building stim pattern for pattern_name 2294
2026-02-01 19:51:16,329 - INFO - Building stim pattern for pattern_name 2544
2026-02-01 19:51:16,349 - INFO - Building stim pattern for pattern_name 74
2026-02-01 19:51:16,361 - INFO - Building stim pattern for pattern_name 2028
2026-02-01 19:51:16,372 - INFO - Building stim pattern for pattern_name 766
2026-02-01 19:51:16,384 - INFO - Building stim pattern for pattern_name 198
2026-02-01 19:51:16,395 - INFO - Building stim pattern for pattern_name 2891
2026-02-01 19:51:16,408 - INFO - Building stim pattern for pattern_name 267
2026-02-01 19:51:16,421 - INFO - Building stim pattern for pattern_name 1486
2026-02-01 19:51:16,434 - INFO - Building stim pattern for pattern_name 1257
2026-02-01 19:51:16,446 - INFO - Building stim pattern for pattern_name 3837
2026-02-01 19:51:16,457 - INFO - Building stim pattern for pattern_name 1356
2026-02-01 19:51:16,472 - INFO - Building stim pattern for pattern_name 2596
2026-02-01 19:51:16,486 - INFO - Building stim pattern for pattern_name 1978
2026-02-01 19:51:16,500 - INFO - Building stim pattern for pattern_name 1259
2026-02-01 19:51:16,512 - INFO - Building stim pattern for pattern_name 3682
2026-02-01 19:51:16,525 - INFO - Building stim pattern for pattern_name 1124
2026-02-01 19:51:16,537 - INFO - Building stim pattern for pattern_name 2442
2026-02-01 19:51:16,551 - INFO - Building stim pattern for pattern_name 2688
2026-02-01 19:51:16,561 - INFO - Building stim pattern for pattern_name 2549
2026-02-01 19:51:16,644 - INFO - Building stim pattern for pattern_name 822
2026-02-01 19:51:16,667 - INFO - Building stim pattern for pattern_name 3290
2026-02-01 19:51:16,682 - INFO - Building stim pattern for pattern_name 2341
2026-02-01 19:51:16,695 - INFO - Building stim pattern for pattern_name 925
2026-02-01 19:51:16,706 - INFO - Building stim pattern for pattern_name 1098
2026-02-01 19:51:16,725 - INFO - Building stim pattern for pattern_name 781
2026-02-01 19:51:16,736 - INFO - Building stim pattern for pattern_name 2791
2026-02-01 19:51:16,750 - INFO - Building stim pattern for pattern_name 120
2026-02-01 19:51:16,764 - INFO - Building stim pattern for pattern_name 1507
2026-02-01 19:51:16,776 - INFO - Building stim pattern for pattern_name 3779
2026-02-01 19:51:16,789 - INFO - Building stim pattern for pattern_name 2135
2026-02-01 19:51:16,803 - INFO - Building stim pattern for pattern_name 1213
2026-02-01 19:51:16,829 - INFO - Building stim pattern for pattern_name 2280
2026-02-01 19:51:16,841 - INFO - Building stim pattern for pattern_name 3242
2026-02-01 19:51:16,855 - INFO - Building stim pattern for pattern_name 3248
2026-02-01 19:51:16,866 - INFO - Building stim pattern for pattern_name 3121
2026-02-01 19:51:16,876 - INFO - Building stim pattern for pattern_name 2585
2026-02-01 19:51:16,891 - INFO - Building stim pattern for pattern_name 314
2026-02-01 19:51:16,904 - INFO - Building stim pattern for pattern_name 731
2026-02-01 19:51:16,917 - INFO - Building stim pattern for pattern_name 2902
2026-02-01 19:51:16,934 - INFO - Building stim pattern for pattern_name 3789
2026-02-01 19:51:16,946 - INFO - Building stim pattern for pattern_name 404
2026-02-01 19:51:16,965 - INFO - Building stim pattern for pattern_name 1155
2026-02-01 19:51:16,976 - INFO - Building stim pattern for pattern_name 3726
2026-02-01 19:51:16,992 - INFO - Building stim pattern for pattern_name 2696
2026-02-01 19:51:17,005 - INFO - Building stim pattern for pattern_name 806
2026-02-01 19:51:17,025 - INFO - Building stim pattern for pattern_name 1263
2026-02-01 19:51:17,036 - INFO - Building stim pattern for pattern_name 1695
2026-02-01 19:51:17,049 - INFO - Building stim pattern for pattern_name 3709
2026-02-01 19:51:17,068 - INFO - Building stim pattern for pattern_name 3958
2026-02-01 19:51:17,079 - INFO - Building stim pattern for pattern_name 1815
2026-02-01 19:51:17,092 - INFO - Building stim pattern for pattern_name 2178
2026-02-01 19:51:17,119 - INFO - Building stim pattern for pattern_name 1076
2026-02-01 19:51:17,138 - INFO - Building stim pattern for pattern_name 2867
2026-02-01 19:51:17,160 - INFO - Building stim pattern for pattern_name 2219
2026-02-01 19:51:17,171 - INFO - Building stim pattern for pattern_name 459
2026-02-01 19:51:17,182 - INFO - Building stim pattern for pattern_name 3318
2026-02-01 19:51:17,193 - INFO - Building stim pattern for pattern_name 2063
2026-02-01 19:51:17,204 - INFO - Building stim pattern for pattern_name 3561
2026-02-01 19:51:17,216 - INFO - Building stim pattern for pattern_name 1851
2026-02-01 19:51:17,227 - INFO - Building stim pattern for pattern_name 357
2026-02-01 19:51:17,248 - INFO - Building stim pattern for pattern_name 3213
2026-02-01 19:51:17,261 - INFO - Building stim pattern for pattern_name 3389
2026-02-01 19:51:17,271 - INFO - Building stim pattern for pattern_name 83
2026-02-01 19:51:17,283 - INFO - Building stim pattern for pattern_name 2193
2026-02-01 19:51:17,294 - INFO - Building stim pattern for pattern_name 1730
2026-02-01 19:51:17,305 - INFO - Building stim pattern for pattern_name 523
2026-02-01 19:51:17,317 - INFO - Building stim pattern for pattern_name 3234
2026-02-01 19:51:17,330 - INFO - Building stim pattern for pattern_name 1359
2026-02-01 19:51:17,343 - INFO - Building stim pattern for pattern_name 2961
2026-02-01 19:51:17,355 - INFO - Building stim pattern for pattern_name 1000
2026-02-01 19:51:17,375 - INFO - Building stim pattern for pattern_name 3607
2026-02-01 19:51:17,386 - INFO - Building stim pattern for pattern_name 3985
2026-02-01 19:51:17,399 - INFO - Building stim pattern for pattern_name 1808
2026-02-01 19:51:17,409 - INFO - Building stim pattern for pattern_name 1909
2026-02-01 19:51:17,420 - INFO - Building stim pattern for pattern_name 2854
2026-02-01 19:51:17,430 - INFO - Building stim pattern for pattern_name 3095
2026-02-01 19:51:17,449 - INFO - Building stim pattern for pattern_name 1016
2026-02-01 19:51:17,467 - INFO - Building stim pattern for pattern_name 3548
2026-02-01 19:51:17,493 - INFO - Building stim pattern for pattern_name 3198
2026-02-01 19:51:17,512 - INFO - Building stim pattern for pattern_name 38
2026-02-01 19:51:17,527 - INFO - Building stim pattern for pattern_name 1095
2026-02-01 19:51:17,540 - INFO - Building stim pattern for pattern_name 3529
2026-02-01 19:51:17,552 - INFO - Building stim pattern for pattern_name 700
2026-02-01 19:51:17,566 - INFO - Building stim pattern for pattern_name 61
2026-02-01 19:51:17,577 - INFO - Building stim pattern for pattern_name 1008
2026-02-01 19:51:17,589 - INFO - Building stim pattern for pattern_name 29
2026-02-01 19:51:17,602 - INFO - Building stim pattern for pattern_name 16
2026-02-01 19:51:17,613 - INFO - Building stim pattern for pattern_name 3525
2026-02-01 19:51:17,623 - INFO - Building stim pattern for pattern_name 3535
2026-02-01 19:51:17,635 - INFO - Building stim pattern for pattern_name 1069
2026-02-01 19:51:17,646 - INFO - Building stim pattern for pattern_name 683
2026-02-01 19:51:17,659 - INFO - Building stim pattern for pattern_name 1847
2026-02-01 19:51:17,672 - INFO - Building stim pattern for pattern_name 1878
2026-02-01 19:51:17,691 - INFO - Building stim pattern for pattern_name 1876
2026-02-01 19:51:17,710 - INFO - Building stim pattern for pattern_name 429
2026-02-01 19:51:17,721 - INFO - Building stim pattern for pattern_name 3038
2026-02-01 19:51:17,733 - INFO - Building stim pattern for pattern_name 3438
2026-02-01 19:51:17,761 - INFO - Building stim pattern for pattern_name 1609
2026-02-01 19:51:17,771 - INFO - Building stim pattern for pattern_name 1199
2026-02-01 19:51:17,799 - INFO - Building stim pattern for pattern_name 241
2026-02-01 19:51:17,819 - INFO - Building stim pattern for pattern_name 2322
2026-02-01 19:51:17,833 - INFO - Building stim pattern for pattern_name 3773
2026-02-01 19:51:17,847 - INFO - Building stim pattern for pattern_name 2629
2026-02-01 19:51:17,859 - INFO - Building stim pattern for pattern_name 2660
2026-02-01 19:51:17,877 - INFO - Building stim pattern for pattern_name 2958
2026-02-01 19:51:17,895 - INFO - Building stim pattern for pattern_name 3970
2026-02-01 19:51:17,907 - INFO - Building stim pattern for pattern_name 1144
2026-02-01 19:51:17,919 - INFO - Building stim pattern for pattern_name 2984
2026-02-01 19:51:17,930 - INFO - Building stim pattern for pattern_name 3179
2026-02-01 19:51:17,942 - INFO - Building stim pattern for pattern_name 2259
2026-02-01 19:51:17,953 - INFO - Building stim pattern for pattern_name 3138
2026-02-01 19:51:17,968 - INFO - Building stim pattern for pattern_name 2228
2026-02-01 19:51:18,012 - INFO - Building stim pattern for pattern_name 1103
2026-02-01 19:51:18,023 - INFO - Building stim pattern for pattern_name 851
2026-02-01 19:51:18,040 - INFO - Building stim pattern for pattern_name 3142
2026-02-01 19:51:18,051 - INFO - Building stim pattern for pattern_name 510
2026-02-01 19:51:18,063 - INFO - Building stim pattern for pattern_name 3473
2026-02-01 19:51:18,075 - INFO - Building stim pattern for pattern_name 3008
2026-02-01 19:51:18,089 - INFO - Building stim pattern for pattern_name 2871
2026-02-01 19:51:18,110 - INFO - Building stim pattern for pattern_name 86
2026-02-01 19:51:18,121 - INFO - Building stim pattern for pattern_name 2796
2026-02-01 19:51:18,133 - INFO - Building stim pattern for pattern_name 1911
2026-02-01 19:51:18,146 - INFO - Building stim pattern for pattern_name 1596
2026-02-01 19:51:18,160 - INFO - Building stim pattern for pattern_name 1829
2026-02-01 19:51:18,174 - INFO - Building stim pattern for pattern_name 3874
2026-02-01 19:51:18,185 - INFO - Building stim pattern for pattern_name 3094
2026-02-01 19:51:18,204 - INFO - Building stim pattern for pattern_name 101
2026-02-01 19:51:18,278 - INFO - Building stim pattern for pattern_name 1323
2026-02-01 19:51:18,299 - INFO - Building stim pattern for pattern_name 1032
2026-02-01 19:51:18,319 - INFO - Building stim pattern for pattern_name 3836
2026-02-01 19:51:18,332 - INFO - Building stim pattern for pattern_name 2039
2026-02-01 19:51:18,343 - INFO - Building stim pattern for pattern_name 673
2026-02-01 19:51:18,385 - INFO - Building stim pattern for pattern_name 1834
2026-02-01 19:51:18,444 - INFO - Building stim pattern for pattern_name 2895
2026-02-01 19:51:18,468 - INFO - Building stim pattern for pattern_name 3328
2026-02-01 19:51:18,483 - INFO - Building stim pattern for pattern_name 2698
2026-02-01 19:51:18,496 - INFO - Building stim pattern for pattern_name 2919
2026-02-01 19:51:18,508 - INFO - Building stim pattern for pattern_name 231
2026-02-01 19:51:18,518 - INFO - Building stim pattern for pattern_name 1824
2026-02-01 19:51:18,531 - INFO - Building stim pattern for pattern_name 1449
2026-02-01 19:51:18,542 - INFO - Building stim pattern for pattern_name 2752
2026-02-01 19:51:18,553 - INFO - Building stim pattern for pattern_name 3140
2026-02-01 19:51:18,565 - INFO - Building stim pattern for pattern_name 1589
2026-02-01 19:51:18,579 - INFO - Building stim pattern for pattern_name 1516
2026-02-01 19:51:18,600 - INFO - Building stim pattern for pattern_name 3060
2026-02-01 19:51:18,613 - INFO - Building stim pattern for pattern_name 89
2026-02-01 19:51:18,626 - INFO - Building stim pattern for pattern_name 502
2026-02-01 19:51:18,637 - INFO - Building stim pattern for pattern_name 1521
2026-02-01 19:51:18,649 - INFO - Building stim pattern for pattern_name 2974
2026-02-01 19:51:18,659 - INFO - Building stim pattern for pattern_name 540
2026-02-01 19:51:18,672 - INFO - Building stim pattern for pattern_name 1360
2026-02-01 19:51:18,683 - INFO - Building stim pattern for pattern_name 2530
2026-02-01 19:51:18,695 - INFO - Building stim pattern for pattern_name 1282
2026-02-01 19:51:18,707 - INFO - Building stim pattern for pattern_name 1956
2026-02-01 19:51:18,720 - INFO - Building stim pattern for pattern_name 1243
2026-02-01 19:51:18,731 - INFO - Building stim pattern for pattern_name 2350
2026-02-01 19:51:18,751 - INFO - Building stim pattern for pattern_name 2075
2026-02-01 19:51:18,762 - INFO - Building stim pattern for pattern_name 1830
2026-02-01 19:51:18,773 - INFO - Building stim pattern for pattern_name 1542
2026-02-01 19:51:18,787 - INFO - Building stim pattern for pattern_name 2137
2026-02-01 19:51:18,800 - INFO - Building stim pattern for pattern_name 3614
2026-02-01 19:51:18,811 - INFO - Building stim pattern for pattern_name 3425
2026-02-01 19:51:18,839 - INFO - Building stim pattern for pattern_name 447
2026-02-01 19:51:18,860 - INFO - Building stim pattern for pattern_name 885
2026-02-01 19:51:18,877 - INFO - Building stim pattern for pattern_name 1720
2026-02-01 19:51:18,887 - INFO - Building stim pattern for pattern_name 317
2026-02-01 19:51:18,899 - INFO - Building stim pattern for pattern_name 3373
2026-02-01 19:51:18,910 - INFO - Building stim pattern for pattern_name 517
2026-02-01 19:51:18,920 - INFO - Building stim pattern for pattern_name 1454
2026-02-01 19:51:18,931 - INFO - Building stim pattern for pattern_name 619
2026-02-01 19:51:18,943 - INFO - Building stim pattern for pattern_name 3093
2026-02-01 19:51:18,954 - INFO - Building stim pattern for pattern_name 319
2026-02-01 19:51:18,966 - INFO - Building stim pattern for pattern_name 3818
2026-02-01 19:51:18,984 - INFO - Building stim pattern for pattern_name 1388
2026-02-01 19:51:18,997 - INFO - Building stim pattern for pattern_name 1411
2026-02-01 19:51:19,010 - INFO - Building stim pattern for pattern_name 3620
2026-02-01 19:51:19,022 - INFO - Building stim pattern for pattern_name 2685
2026-02-01 19:51:19,035 - INFO - Building stim pattern for pattern_name 3929
2026-02-01 19:51:19,049 - INFO - Building stim pattern for pattern_name 547
2026-02-01 19:51:19,062 - INFO - Building stim pattern for pattern_name 2894
2026-02-01 19:51:19,073 - INFO - Building stim pattern for pattern_name 1494
2026-02-01 19:51:19,084 - INFO - Building stim pattern for pattern_name 2666
2026-02-01 19:51:19,097 - INFO - Building stim pattern for pattern_name 590
2026-02-01 19:51:19,108 - INFO - Building stim pattern for pattern_name 2993
2026-02-01 19:51:19,118 - INFO - Building stim pattern for pattern_name 219
2026-02-01 19:51:19,130 - INFO - Building stim pattern for pattern_name 3596
2026-02-01 19:51:19,145 - INFO - Building stim pattern for pattern_name 3884
2026-02-01 19:51:19,156 - INFO - Building stim pattern for pattern_name 1444
2026-02-01 19:51:19,174 - INFO - Building stim pattern for pattern_name 1187
2026-02-01 19:51:19,184 - INFO - Building stim pattern for pattern_name 2969
2026-02-01 19:51:19,195 - INFO - Building stim pattern for pattern_name 627
2026-02-01 19:51:19,207 - INFO - Building stim pattern for pattern_name 1766
2026-02-01 19:51:19,220 - INFO - Building stim pattern for pattern_name 890
2026-02-01 19:51:19,232 - INFO - Building stim pattern for pattern_name 3439
2026-02-01 19:51:19,245 - INFO - Building stim pattern for pattern_name 1250
2026-02-01 19:51:19,256 - INFO - Building stim pattern for pattern_name 3780
2026-02-01 19:51:19,269 - INFO - Building stim pattern for pattern_name 3814
2026-02-01 19:51:19,281 - INFO - Building stim pattern for pattern_name 3255
2026-02-01 19:51:19,293 - INFO - Building stim pattern for pattern_name 2485
2026-02-01 19:51:19,305 - INFO - Building stim pattern for pattern_name 1264
2026-02-01 19:51:19,317 - INFO - Building stim pattern for pattern_name 2935
2026-02-01 19:51:19,328 - INFO - Building stim pattern for pattern_name 2426
2026-02-01 19:51:19,341 - INFO - Building stim pattern for pattern_name 296
2026-02-01 19:51:19,354 - INFO - Building stim pattern for pattern_name 1684
2026-02-01 19:51:19,366 - INFO - Building stim pattern for pattern_name 729
2026-02-01 19:51:19,378 - INFO - Building stim pattern for pattern_name 1283
2026-02-01 19:51:19,395 - INFO - Building stim pattern for pattern_name 1483
2026-02-01 19:51:19,408 - INFO - Building stim pattern for pattern_name 1611
2026-02-01 19:51:19,423 - INFO - Building stim pattern for pattern_name 2780
2026-02-01 19:51:19,436 - INFO - Building stim pattern for pattern_name 484
2026-02-01 19:51:19,457 - INFO - Building stim pattern for pattern_name 1086
2026-02-01 19:51:19,469 - INFO - Building stim pattern for pattern_name 3521
2026-02-01 19:51:19,481 - INFO - Building stim pattern for pattern_name 3196
2026-02-01 19:51:19,493 - INFO - Building stim pattern for pattern_name 1656
2026-02-01 19:51:19,505 - INFO - Building stim pattern for pattern_name 1125
2026-02-01 19:51:19,516 - INFO - Building stim pattern for pattern_name 3187
2026-02-01 19:51:19,530 - INFO - Building stim pattern for pattern_name 3088
2026-02-01 19:51:19,542 - INFO - Building stim pattern for pattern_name 2274
2026-02-01 19:51:19,555 - INFO - Building stim pattern for pattern_name 1333
2026-02-01 19:51:19,567 - INFO - Building stim pattern for pattern_name 417
2026-02-01 19:51:19,578 - INFO - Building stim pattern for pattern_name 82
2026-02-01 19:51:19,589 - INFO - Building stim pattern for pattern_name 1677
2026-02-01 19:51:19,599 - INFO - Building stim pattern for pattern_name 2676
2026-02-01 19:51:19,611 - INFO - Building stim pattern for pattern_name 2035
2026-02-01 19:51:19,634 - INFO - Building stim pattern for pattern_name 847
2026-02-01 19:51:19,645 - INFO - Building stim pattern for pattern_name 2639
2026-02-01 19:51:19,657 - INFO - Building stim pattern for pattern_name 3569
2026-02-01 19:51:19,668 - INFO - Building stim pattern for pattern_name 2946
2026-02-01 19:51:19,681 - INFO - Building stim pattern for pattern_name 1698
2026-02-01 19:51:19,694 - INFO - Building stim pattern for pattern_name 1620
2026-02-01 19:51:19,707 - INFO - Building stim pattern for pattern_name 1435
2026-02-01 19:51:19,720 - INFO - Building stim pattern for pattern_name 3330
2026-02-01 19:51:19,730 - INFO - Building stim pattern for pattern_name 733
2026-02-01 19:51:19,741 - INFO - Building stim pattern for pattern_name 3567
2026-02-01 19:51:19,752 - INFO - Building stim pattern for pattern_name 3204
2026-02-01 19:51:19,763 - INFO - Building stim pattern for pattern_name 2413
2026-02-01 19:51:19,773 - INFO - Building stim pattern for pattern_name 1907
2026-02-01 19:51:19,790 - INFO - Building stim pattern for pattern_name 1801
2026-02-01 19:51:19,802 - INFO - Building stim pattern for pattern_name 1269
2026-02-01 19:51:19,813 - INFO - Building stim pattern for pattern_name 3024
2026-02-01 19:51:19,895 - INFO - Building stim pattern for pattern_name 1109
2026-02-01 19:51:19,916 - INFO - Building stim pattern for pattern_name 3497
2026-02-01 19:51:19,931 - INFO - Building stim pattern for pattern_name 2103
2026-02-01 19:51:19,944 - INFO - Building stim pattern for pattern_name 1192
2026-02-01 19:51:19,956 - INFO - Building stim pattern for pattern_name 2591
2026-02-01 19:51:19,966 - INFO - Building stim pattern for pattern_name 2545
2026-02-01 19:51:19,977 - INFO - Building stim pattern for pattern_name 836
2026-02-01 19:51:19,990 - INFO - Building stim pattern for pattern_name 2061
2026-02-01 19:51:20,009 - INFO - Building stim pattern for pattern_name 995
2026-02-01 19:51:20,022 - INFO - Building stim pattern for pattern_name 2824
2026-02-01 19:51:20,033 - INFO - Building stim pattern for pattern_name 21
2026-02-01 19:51:20,045 - INFO - Building stim pattern for pattern_name 2746
2026-02-01 19:51:20,056 - INFO - Building stim pattern for pattern_name 109
2026-02-01 19:51:20,066 - INFO - Building stim pattern for pattern_name 2941
2026-02-01 19:51:20,077 - INFO - Building stim pattern for pattern_name 2172
2026-02-01 19:51:20,089 - INFO - Building stim pattern for pattern_name 3117
2026-02-01 19:51:20,101 - INFO - Building stim pattern for pattern_name 2265
2026-02-01 19:51:20,113 - INFO - Building stim pattern for pattern_name 1923
2026-02-01 19:51:20,124 - INFO - Building stim pattern for pattern_name 3061
2026-02-01 19:51:20,135 - INFO - Building stim pattern for pattern_name 1174
2026-02-01 19:51:20,147 - INFO - Building stim pattern for pattern_name 1361
2026-02-01 19:51:20,158 - INFO - Building stim pattern for pattern_name 3164
2026-02-01 19:51:20,169 - INFO - Building stim pattern for pattern_name 1384
2026-02-01 19:51:20,180 - INFO - Building stim pattern for pattern_name 2925
2026-02-01 19:51:20,190 - INFO - Building stim pattern for pattern_name 2089
2026-02-01 19:51:20,200 - INFO - Building stim pattern for pattern_name 398
2026-02-01 19:51:20,212 - INFO - Building stim pattern for pattern_name 1484
2026-02-01 19:51:20,224 - INFO - Building stim pattern for pattern_name 1122
2026-02-01 19:51:20,236 - INFO - Building stim pattern for pattern_name 594
2026-02-01 19:51:20,247 - INFO - Building stim pattern for pattern_name 1567
2026-02-01 19:51:20,257 - INFO - Building stim pattern for pattern_name 363
2026-02-01 19:51:20,267 - INFO - Building stim pattern for pattern_name 3451
2026-02-01 19:51:20,278 - INFO - Building stim pattern for pattern_name 1600
2026-02-01 19:51:20,297 - INFO - Building stim pattern for pattern_name 1764
2026-02-01 19:51:20,308 - INFO - Building stim pattern for pattern_name 791
2026-02-01 19:51:20,319 - INFO - Building stim pattern for pattern_name 1602
2026-02-01 19:51:20,336 - INFO - Building stim pattern for pattern_name 1425
2026-02-01 19:51:20,345 - INFO - Building stim pattern for pattern_name 2220
2026-02-01 19:51:20,355 - INFO - Building stim pattern for pattern_name 1241
2026-02-01 19:51:20,364 - INFO - Building stim pattern for pattern_name 2582
2026-02-01 19:51:20,374 - INFO - Building stim pattern for pattern_name 1015
2026-02-01 19:51:20,403 - INFO - Building stim pattern for pattern_name 206
2026-02-01 19:51:20,413 - INFO - Building stim pattern for pattern_name 1692
2026-02-01 19:51:20,424 - INFO - Building stim pattern for pattern_name 226
2026-02-01 19:51:20,435 - INFO - Building stim pattern for pattern_name 2665
2026-02-01 19:51:20,447 - INFO - Building stim pattern for pattern_name 234
2026-02-01 19:51:20,459 - INFO - Building stim pattern for pattern_name 705
2026-02-01 19:51:20,471 - INFO - Building stim pattern for pattern_name 1316
2026-02-01 19:51:20,483 - INFO - Building stim pattern for pattern_name 2877
2026-02-01 19:51:20,494 - INFO - Building stim pattern for pattern_name 1367
2026-02-01 19:51:20,514 - INFO - Building stim pattern for pattern_name 333
2026-02-01 19:51:20,526 - INFO - Building stim pattern for pattern_name 1673
2026-02-01 19:51:20,548 - INFO - Building stim pattern for pattern_name 205
2026-02-01 19:51:20,560 - INFO - Building stim pattern for pattern_name 2776
2026-02-01 19:51:20,570 - INFO - Building stim pattern for pattern_name 3863
2026-02-01 19:51:20,580 - INFO - Building stim pattern for pattern_name 760
2026-02-01 19:51:20,592 - INFO - Building stim pattern for pattern_name 1869
2026-02-01 19:51:20,603 - INFO - Building stim pattern for pattern_name 933
2026-02-01 19:51:20,612 - INFO - Building stim pattern for pattern_name 2547
2026-02-01 19:51:20,623 - INFO - Building stim pattern for pattern_name 2363
2026-02-01 19:51:20,640 - INFO - Building stim pattern for pattern_name 3722
2026-02-01 19:51:20,652 - INFO - Building stim pattern for pattern_name 2348
2026-02-01 19:51:20,672 - INFO - Building stim pattern for pattern_name 2334
2026-02-01 19:51:20,689 - INFO - Building stim pattern for pattern_name 3678
2026-02-01 19:51:20,708 - INFO - Building stim pattern for pattern_name 18
2026-02-01 19:51:20,720 - INFO - Building stim pattern for pattern_name 1499
2026-02-01 19:51:20,731 - INFO - Building stim pattern for pattern_name 3961
2026-02-01 19:51:20,742 - INFO - Building stim pattern for pattern_name 1674
2026-02-01 19:51:20,774 - INFO - Building stim pattern for pattern_name 2934
2026-02-01 19:51:20,785 - INFO - Building stim pattern for pattern_name 432
2026-02-01 19:51:20,807 - INFO - Building stim pattern for pattern_name 145
2026-02-01 19:51:20,819 - INFO - Building stim pattern for pattern_name 1974
2026-02-01 19:51:20,830 - INFO - Building stim pattern for pattern_name 3112
2026-02-01 19:51:20,848 - INFO - Building stim pattern for pattern_name 2967
2026-02-01 19:51:20,860 - INFO - Building stim pattern for pattern_name 1080
2026-02-01 19:51:20,876 - INFO - Building stim pattern for pattern_name 3111
2026-02-01 19:51:20,888 - INFO - Building stim pattern for pattern_name 1759
2026-02-01 19:51:20,898 - INFO - Building stim pattern for pattern_name 391
2026-02-01 19:51:20,909 - INFO - Building stim pattern for pattern_name 158
2026-02-01 19:51:20,921 - INFO - Building stim pattern for pattern_name 3940
2026-02-01 19:51:20,932 - INFO - Building stim pattern for pattern_name 948
2026-02-01 19:51:20,944 - INFO - Building stim pattern for pattern_name 1218
2026-02-01 19:51:20,955 - INFO - Building stim pattern for pattern_name 3165
2026-02-01 19:51:20,966 - INFO - Building stim pattern for pattern_name 830
2026-02-01 19:51:20,975 - INFO - Building stim pattern for pattern_name 1039
2026-02-01 19:51:20,987 - INFO - Building stim pattern for pattern_name 3220
2026-02-01 19:51:20,998 - INFO - Building stim pattern for pattern_name 410
2026-02-01 19:51:21,008 - INFO - Building stim pattern for pattern_name 3257
2026-02-01 19:51:21,019 - INFO - Building stim pattern for pattern_name 1217
2026-02-01 19:51:21,031 - INFO - Building stim pattern for pattern_name 1637
2026-02-01 19:51:21,042 - INFO - Building stim pattern for pattern_name 2361
2026-02-01 19:51:21,053 - INFO - Building stim pattern for pattern_name 3626
2026-02-01 19:51:21,064 - INFO - Building stim pattern for pattern_name 3966
2026-02-01 19:51:21,077 - INFO - Building stim pattern for pattern_name 1339
2026-02-01 19:51:21,089 - INFO - Building stim pattern for pattern_name 259
2026-02-01 19:51:21,100 - INFO - Building stim pattern for pattern_name 424
2026-02-01 19:51:21,110 - INFO - Building stim pattern for pattern_name 1903
2026-02-01 19:51:21,120 - INFO - Building stim pattern for pattern_name 3908
2026-02-01 19:51:21,130 - INFO - Building stim pattern for pattern_name 909
2026-02-01 19:51:21,141 - INFO - Building stim pattern for pattern_name 3834
2026-02-01 19:51:21,169 - INFO - Building stim pattern for pattern_name 102
2026-02-01 19:51:21,181 - INFO - Building stim pattern for pattern_name 903
2026-02-01 19:51:21,191 - INFO - Building stim pattern for pattern_name 811
2026-02-01 19:51:21,202 - INFO - Building stim pattern for pattern_name 2633
2026-02-01 19:51:21,213 - INFO - Building stim pattern for pattern_name 2773
2026-02-01 19:51:21,232 - INFO - Building stim pattern for pattern_name 2887
2026-02-01 19:51:21,246 - INFO - Building stim pattern for pattern_name 2918
2026-02-01 19:51:21,263 - INFO - Building stim pattern for pattern_name 1114
2026-02-01 19:51:21,275 - INFO - Building stim pattern for pattern_name 3634
2026-02-01 19:51:21,293 - INFO - Building stim pattern for pattern_name 2374
2026-02-01 19:51:21,306 - INFO - Building stim pattern for pattern_name 1628
2026-02-01 19:51:21,325 - INFO - Building stim pattern for pattern_name 644
2026-02-01 19:51:21,336 - INFO - Building stim pattern for pattern_name 2141
2026-02-01 19:51:21,352 - INFO - Building stim pattern for pattern_name 2738
2026-02-01 19:51:21,364 - INFO - Building stim pattern for pattern_name 3341
2026-02-01 19:51:21,374 - INFO - Building stim pattern for pattern_name 1739
2026-02-01 19:51:21,386 - INFO - Building stim pattern for pattern_name 3734
2026-02-01 19:51:21,459 - INFO - Building stim pattern for pattern_name 195
2026-02-01 19:51:21,489 - INFO - Building stim pattern for pattern_name 2584
2026-02-01 19:51:21,501 - INFO - Building stim pattern for pattern_name 1646
2026-02-01 19:51:21,521 - INFO - Building stim pattern for pattern_name 625
2026-02-01 19:51:21,532 - INFO - Building stim pattern for pattern_name 2128
2026-02-01 19:51:21,543 - INFO - Building stim pattern for pattern_name 942
2026-02-01 19:51:21,553 - INFO - Building stim pattern for pattern_name 1539
2026-02-01 19:51:21,563 - INFO - Building stim pattern for pattern_name 3720
2026-02-01 19:51:21,577 - INFO - Building stim pattern for pattern_name 370
2026-02-01 19:51:21,589 - INFO - Building stim pattern for pattern_name 2283
2026-02-01 19:51:21,601 - INFO - Building stim pattern for pattern_name 2882
2026-02-01 19:51:21,614 - INFO - Building stim pattern for pattern_name 2412
2026-02-01 19:51:21,627 - INFO - Building stim pattern for pattern_name 2235
2026-02-01 19:51:21,639 - INFO - Building stim pattern for pattern_name 3240
2026-02-01 19:51:21,657 - INFO - Building stim pattern for pattern_name 3462
2026-02-01 19:51:21,669 - INFO - Building stim pattern for pattern_name 355
2026-02-01 19:51:21,680 - INFO - Building stim pattern for pattern_name 1193
2026-02-01 19:51:21,696 - INFO - Building stim pattern for pattern_name 704
2026-02-01 19:51:21,707 - INFO - Building stim pattern for pattern_name 3201
2026-02-01 19:51:21,720 - INFO - Building stim pattern for pattern_name 3896
2026-02-01 19:51:21,732 - INFO - Building stim pattern for pattern_name 3322
2026-02-01 19:51:21,744 - INFO - Building stim pattern for pattern_name 1416
2026-02-01 19:51:21,766 - INFO - Building stim pattern for pattern_name 1776
2026-02-01 19:51:21,782 - INFO - Building stim pattern for pattern_name 1846
2026-02-01 19:51:21,800 - INFO - Building stim pattern for pattern_name 904
2026-02-01 19:51:21,812 - INFO - Building stim pattern for pattern_name 3176
2026-02-01 19:51:21,823 - INFO - Building stim pattern for pattern_name 3157
2026-02-01 19:51:21,833 - INFO - Building stim pattern for pattern_name 2577
2026-02-01 19:51:21,846 - INFO - Building stim pattern for pattern_name 516
2026-02-01 19:51:21,858 - INFO - Building stim pattern for pattern_name 2841
2026-02-01 19:51:21,884 - INFO - Building stim pattern for pattern_name 2136
2026-02-01 19:51:21,896 - INFO - Building stim pattern for pattern_name 3994
2026-02-01 19:51:21,909 - INFO - Building stim pattern for pattern_name 2371
2026-02-01 19:51:21,922 - INFO - Building stim pattern for pattern_name 717
2026-02-01 19:51:21,933 - INFO - Building stim pattern for pattern_name 1156
2026-02-01 19:51:21,943 - INFO - Building stim pattern for pattern_name 3149
2026-02-01 19:51:21,953 - INFO - Building stim pattern for pattern_name 2248
2026-02-01 19:51:21,963 - INFO - Building stim pattern for pattern_name 448
2026-02-01 19:51:21,973 - INFO - Building stim pattern for pattern_name 367
2026-02-01 19:51:21,984 - INFO - Building stim pattern for pattern_name 537
2026-02-01 19:51:21,996 - INFO - Building stim pattern for pattern_name 519
2026-02-01 19:51:22,013 - INFO - Building stim pattern for pattern_name 3608
2026-02-01 19:51:22,023 - INFO - Building stim pattern for pattern_name 1693
2026-02-01 19:51:22,054 - INFO - Building stim pattern for pattern_name 1476
2026-02-01 19:51:22,065 - INFO - Building stim pattern for pattern_name 182
2026-02-01 19:51:22,082 - INFO - Building stim pattern for pattern_name 287
2026-02-01 19:51:22,104 - INFO - Building stim pattern for pattern_name 1149
2026-02-01 19:51:22,118 - INFO - Building stim pattern for pattern_name 2848
2026-02-01 19:51:22,129 - INFO - Building stim pattern for pattern_name 2208
2026-02-01 19:51:22,140 - INFO - Building stim pattern for pattern_name 2505
2026-02-01 19:51:22,153 - INFO - Building stim pattern for pattern_name 788
2026-02-01 19:51:22,163 - INFO - Building stim pattern for pattern_name 3471
2026-02-01 19:51:22,173 - INFO - Building stim pattern for pattern_name 3667
2026-02-01 19:51:22,190 - INFO - Building stim pattern for pattern_name 3351
2026-02-01 19:51:22,202 - INFO - Building stim pattern for pattern_name 2927
2026-02-01 19:51:22,219 - INFO - Building stim pattern for pattern_name 986
2026-02-01 19:51:22,237 - INFO - Building stim pattern for pattern_name 3098
2026-02-01 19:51:22,249 - INFO - Building stim pattern for pattern_name 2840
2026-02-01 19:51:22,259 - INFO - Building stim pattern for pattern_name 479
2026-02-01 19:51:22,269 - INFO - Building stim pattern for pattern_name 3732
2026-02-01 19:51:22,280 - INFO - Building stim pattern for pattern_name 435
2026-02-01 19:51:22,295 - INFO - Building stim pattern for pattern_name 2701
2026-02-01 19:51:22,305 - INFO - Building stim pattern for pattern_name 3616
2026-02-01 19:51:22,316 - INFO - Building stim pattern for pattern_name 1327
2026-02-01 19:51:22,329 - INFO - Building stim pattern for pattern_name 2113
2026-02-01 19:51:22,353 - INFO - Building stim pattern for pattern_name 2830
2026-02-01 19:51:22,365 - INFO - Building stim pattern for pattern_name 2021
2026-02-01 19:51:22,385 - INFO - Building stim pattern for pattern_name 1913
2026-02-01 19:51:22,396 - INFO - Building stim pattern for pattern_name 1955
2026-02-01 19:51:22,412 - INFO - Building stim pattern for pattern_name 3636
2026-02-01 19:51:22,425 - INFO - Building stim pattern for pattern_name 2120
2026-02-01 19:51:22,458 - INFO - Building stim pattern for pattern_name 2440
2026-02-01 19:51:22,471 - INFO - Building stim pattern for pattern_name 135
2026-02-01 19:51:22,483 - INFO - Building stim pattern for pattern_name 470
2026-02-01 19:51:22,495 - INFO - Building stim pattern for pattern_name 2453
2026-02-01 19:51:22,514 - INFO - Building stim pattern for pattern_name 113
2026-02-01 19:51:22,527 - INFO - Building stim pattern for pattern_name 230
2026-02-01 19:51:22,538 - INFO - Building stim pattern for pattern_name 2979
2026-02-01 19:51:22,549 - INFO - Building stim pattern for pattern_name 1842
2026-02-01 19:51:22,567 - INFO - Building stim pattern for pattern_name 1215
2026-02-01 19:51:22,577 - INFO - Building stim pattern for pattern_name 117
2026-02-01 19:51:22,588 - INFO - Building stim pattern for pattern_name 3105
2026-02-01 19:51:22,600 - INFO - Building stim pattern for pattern_name 769
2026-02-01 19:51:22,610 - INFO - Building stim pattern for pattern_name 555
2026-02-01 19:51:22,621 - INFO - Building stim pattern for pattern_name 1655
2026-02-01 19:51:22,637 - INFO - Building stim pattern for pattern_name 1513
2026-02-01 19:51:22,648 - INFO - Building stim pattern for pattern_name 1415
2026-02-01 19:51:22,659 - INFO - Building stim pattern for pattern_name 3459
2026-02-01 19:51:22,670 - INFO - Building stim pattern for pattern_name 1393
2026-02-01 19:51:22,687 - INFO - Building stim pattern for pattern_name 878
2026-02-01 19:51:22,699 - INFO - Building stim pattern for pattern_name 2217
2026-02-01 19:51:22,710 - INFO - Building stim pattern for pattern_name 3043
2026-02-01 19:51:22,723 - INFO - Building stim pattern for pattern_name 2594
2026-02-01 19:51:22,733 - INFO - Building stim pattern for pattern_name 3670
2026-02-01 19:51:22,749 - INFO - Building stim pattern for pattern_name 3000
2026-02-01 19:51:22,761 - INFO - Building stim pattern for pattern_name 972
2026-02-01 19:51:22,778 - INFO - Building stim pattern for pattern_name 3955
2026-02-01 19:51:22,789 - INFO - Building stim pattern for pattern_name 936
2026-02-01 19:51:22,806 - INFO - Building stim pattern for pattern_name 2246
2026-02-01 19:51:22,819 - INFO - Building stim pattern for pattern_name 985
2026-02-01 19:51:22,829 - INFO - Building stim pattern for pattern_name 2772
2026-02-01 19:51:22,840 - INFO - Building stim pattern for pattern_name 645
2026-02-01 19:51:22,851 - INFO - Building stim pattern for pattern_name 3838
2026-02-01 19:51:22,860 - INFO - Building stim pattern for pattern_name 309
2026-02-01 19:51:22,873 - INFO - Building stim pattern for pattern_name 2250
2026-02-01 19:51:22,882 - INFO - Building stim pattern for pattern_name 1606
2026-02-01 19:51:22,892 - INFO - Building stim pattern for pattern_name 943
2026-02-01 19:51:22,903 - INFO - Building stim pattern for pattern_name 931
2026-02-01 19:51:22,914 - INFO - Building stim pattern for pattern_name 1543
2026-02-01 19:51:22,931 - INFO - Building stim pattern for pattern_name 2909
2026-02-01 19:51:22,943 - INFO - Building stim pattern for pattern_name 2117
2026-02-01 19:51:22,956 - INFO - Building stim pattern for pattern_name 3651
2026-02-01 19:51:22,969 - INFO - Building stim pattern for pattern_name 2253
2026-02-01 19:51:22,982 - INFO - Building stim pattern for pattern_name 33
2026-02-01 19:51:22,994 - INFO - Building stim pattern for pattern_name 153
2026-02-01 19:51:23,012 - INFO - Building stim pattern for pattern_name 3768
2026-02-01 19:51:23,029 - INFO - Building stim pattern for pattern_name 2080
2026-02-01 19:51:23,060 - INFO - Building stim pattern for pattern_name 1688
2026-02-01 19:51:23,116 - INFO - Building stim pattern for pattern_name 30
2026-02-01 19:51:23,149 - INFO - Building stim pattern for pattern_name 85
2026-02-01 19:51:23,172 - INFO - Building stim pattern for pattern_name 1260
2026-02-01 19:51:23,184 - INFO - Building stim pattern for pattern_name 973
2026-02-01 19:51:23,201 - INFO - Building stim pattern for pattern_name 3147
2026-02-01 19:51:23,211 - INFO - Building stim pattern for pattern_name 2574
2026-02-01 19:51:23,223 - INFO - Building stim pattern for pattern_name 1284
2026-02-01 19:51:23,234 - INFO - Building stim pattern for pattern_name 1928
2026-02-01 19:51:23,245 - INFO - Building stim pattern for pattern_name 829
2026-02-01 19:51:23,262 - INFO - Building stim pattern for pattern_name 1579
2026-02-01 19:51:23,279 - INFO - Building stim pattern for pattern_name 2948
2026-02-01 19:51:23,291 - INFO - Building stim pattern for pattern_name 2949
2026-02-01 19:51:23,300 - INFO - Building stim pattern for pattern_name 1700
2026-02-01 19:51:23,319 - INFO - Building stim pattern for pattern_name 1477
2026-02-01 19:51:23,331 - INFO - Building stim pattern for pattern_name 323
2026-02-01 19:51:23,348 - INFO - Building stim pattern for pattern_name 3269
2026-02-01 19:51:23,365 - INFO - Building stim pattern for pattern_name 3503
2026-02-01 19:51:23,376 - INFO - Building stim pattern for pattern_name 220
2026-02-01 19:51:23,388 - INFO - Building stim pattern for pattern_name 2862
2026-02-01 19:51:23,400 - INFO - Building stim pattern for pattern_name 2686
2026-02-01 19:51:23,411 - INFO - Building stim pattern for pattern_name 824
2026-02-01 19:51:23,423 - INFO - Building stim pattern for pattern_name 2541
2026-02-01 19:51:23,435 - INFO - Building stim pattern for pattern_name 2983
2026-02-01 19:51:23,447 - INFO - Building stim pattern for pattern_name 3482
2026-02-01 19:51:23,457 - INFO - Building stim pattern for pattern_name 2101
2026-02-01 19:51:23,467 - INFO - Building stim pattern for pattern_name 2642
2026-02-01 19:51:23,479 - INFO - Building stim pattern for pattern_name 1755
2026-02-01 19:51:23,494 - INFO - Building stim pattern for pattern_name 272
2026-02-01 19:51:23,519 - INFO - Building stim pattern for pattern_name 2794
2026-02-01 19:51:23,530 - INFO - Building stim pattern for pattern_name 3431
2026-02-01 19:51:23,541 - INFO - Building stim pattern for pattern_name 817
2026-02-01 19:51:23,551 - INFO - Building stim pattern for pattern_name 389
2026-02-01 19:51:23,561 - INFO - Building stim pattern for pattern_name 178
2026-02-01 19:51:23,572 - INFO - Building stim pattern for pattern_name 3812
2026-02-01 19:51:23,583 - INFO - Building stim pattern for pattern_name 860
2026-02-01 19:51:23,595 - INFO - Building stim pattern for pattern_name 671
2026-02-01 19:51:23,606 - INFO - Building stim pattern for pattern_name 826
2026-02-01 19:51:23,617 - INFO - Building stim pattern for pattern_name 2528
2026-02-01 19:51:23,628 - INFO - Building stim pattern for pattern_name 2436
2026-02-01 19:51:23,638 - INFO - Building stim pattern for pattern_name 1488
2026-02-01 19:51:23,658 - INFO - Building stim pattern for pattern_name 1493
2026-02-01 19:51:23,679 - INFO - Building stim pattern for pattern_name 823
2026-02-01 19:51:23,701 - INFO - Building stim pattern for pattern_name 237
2026-02-01 19:51:23,713 - INFO - Building stim pattern for pattern_name 2515
2026-02-01 19:51:23,727 - INFO - Building stim pattern for pattern_name 157
2026-02-01 19:51:23,738 - INFO - Building stim pattern for pattern_name 3570
2026-02-01 19:51:23,756 - INFO - Building stim pattern for pattern_name 2186
2026-02-01 19:51:23,768 - INFO - Building stim pattern for pattern_name 3748
2026-02-01 19:51:23,779 - INFO - Building stim pattern for pattern_name 3172
2026-02-01 19:51:23,791 - INFO - Building stim pattern for pattern_name 352
2026-02-01 19:51:23,801 - INFO - Building stim pattern for pattern_name 3550
2026-02-01 19:51:23,812 - INFO - Building stim pattern for pattern_name 3835
2026-02-01 19:51:23,824 - INFO - Building stim pattern for pattern_name 416
2026-02-01 19:51:23,835 - INFO - Building stim pattern for pattern_name 1617
2026-02-01 19:51:23,847 - INFO - Building stim pattern for pattern_name 508
2026-02-01 19:51:23,858 - INFO - Building stim pattern for pattern_name 2048
2026-02-01 19:51:23,870 - INFO - Building stim pattern for pattern_name 23
2026-02-01 19:51:23,881 - INFO - Building stim pattern for pattern_name 1769
2026-02-01 19:51:23,892 - INFO - Building stim pattern for pattern_name 712
2026-02-01 19:51:23,904 - INFO - Building stim pattern for pattern_name 1165
2026-02-01 19:51:23,915 - INFO - Building stim pattern for pattern_name 274
2026-02-01 19:51:23,927 - INFO - Building stim pattern for pattern_name 3541
2026-02-01 19:51:23,942 - INFO - Building stim pattern for pattern_name 3329
2026-02-01 19:51:23,954 - INFO - Building stim pattern for pattern_name 264
2026-02-01 19:51:23,965 - INFO - Building stim pattern for pattern_name 3639
2026-02-01 19:51:23,976 - INFO - Building stim pattern for pattern_name 2392
2026-02-01 19:51:23,987 - INFO - Building stim pattern for pattern_name 2057
2026-02-01 19:51:24,004 - INFO - Building stim pattern for pattern_name 1805
2026-02-01 19:51:24,015 - INFO - Building stim pattern for pattern_name 3971
2026-02-01 19:51:24,026 - INFO - Building stim pattern for pattern_name 3136
2026-02-01 19:51:24,036 - INFO - Building stim pattern for pattern_name 98
2026-02-01 19:51:24,054 - INFO - Building stim pattern for pattern_name 3001
2026-02-01 19:51:24,065 - INFO - Building stim pattern for pattern_name 2737
2026-02-01 19:51:24,075 - INFO - Building stim pattern for pattern_name 3282
2026-02-01 19:51:24,086 - INFO - Building stim pattern for pattern_name 2066
2026-02-01 19:51:24,097 - INFO - Building stim pattern for pattern_name 3829
2026-02-01 19:51:24,107 - INFO - Building stim pattern for pattern_name 1018
2026-02-01 19:51:24,119 - INFO - Building stim pattern for pattern_name 2164
2026-02-01 19:51:24,130 - INFO - Building stim pattern for pattern_name 3643
2026-02-01 19:51:24,142 - INFO - Building stim pattern for pattern_name 3623
2026-02-01 19:51:24,153 - INFO - Building stim pattern for pattern_name 239
2026-02-01 19:51:24,164 - INFO - Building stim pattern for pattern_name 1244
2026-02-01 19:51:24,175 - INFO - Building stim pattern for pattern_name 3753
2026-02-01 19:51:24,185 - INFO - Building stim pattern for pattern_name 1523
2026-02-01 19:51:24,196 - INFO - Building stim pattern for pattern_name 419
2026-02-01 19:51:24,212 - INFO - Building stim pattern for pattern_name 2859
2026-02-01 19:51:24,224 - INFO - Building stim pattern for pattern_name 2907
2026-02-01 19:51:24,235 - INFO - Building stim pattern for pattern_name 2050
2026-02-01 19:51:24,247 - INFO - Building stim pattern for pattern_name 3056
2026-02-01 19:51:24,269 - INFO - Building stim pattern for pattern_name 2838
2026-02-01 19:51:24,282 - INFO - Building stim pattern for pattern_name 839
2026-02-01 19:51:24,294 - INFO - Building stim pattern for pattern_name 1479
2026-02-01 19:51:24,311 - INFO - Building stim pattern for pattern_name 1433
2026-02-01 19:51:24,329 - INFO - Building stim pattern for pattern_name 3673
2026-02-01 19:51:24,341 - INFO - Building stim pattern for pattern_name 831
2026-02-01 19:51:24,353 - INFO - Building stim pattern for pattern_name 349
2026-02-01 19:51:24,363 - INFO - Building stim pattern for pattern_name 2054
2026-02-01 19:51:24,375 - INFO - Building stim pattern for pattern_name 1800
2026-02-01 19:51:24,385 - INFO - Building stim pattern for pattern_name 930
2026-02-01 19:51:24,467 - INFO - Building stim pattern for pattern_name 857
2026-02-01 19:51:24,491 - INFO - Building stim pattern for pattern_name 1664
2026-02-01 19:51:24,504 - INFO - Building stim pattern for pattern_name 3721
2026-02-01 19:51:24,516 - INFO - Building stim pattern for pattern_name 2778
2026-02-01 19:51:24,535 - INFO - Building stim pattern for pattern_name 2234
2026-02-01 19:51:24,545 - INFO - Building stim pattern for pattern_name 689
2026-02-01 19:51:24,556 - INFO - Building stim pattern for pattern_name 634
2026-02-01 19:51:24,574 - INFO - Building stim pattern for pattern_name 2236
2026-02-01 19:51:24,585 - INFO - Building stim pattern for pattern_name 3919
2026-02-01 19:51:24,596 - INFO - Building stim pattern for pattern_name 3167
2026-02-01 19:51:24,606 - INFO - Building stim pattern for pattern_name 3859
2026-02-01 19:51:24,616 - INFO - Building stim pattern for pattern_name 420
2026-02-01 19:51:24,626 - INFO - Building stim pattern for pattern_name 3258
2026-02-01 19:51:24,637 - INFO - Building stim pattern for pattern_name 2835
2026-02-01 19:51:24,647 - INFO - Building stim pattern for pattern_name 2359
2026-02-01 19:51:24,657 - INFO - Building stim pattern for pattern_name 1703
2026-02-01 19:51:24,668 - INFO - Building stim pattern for pattern_name 140
2026-02-01 19:51:24,679 - INFO - Building stim pattern for pattern_name 2300
2026-02-01 19:51:24,689 - INFO - Building stim pattern for pattern_name 1092
2026-02-01 19:51:24,704 - INFO - Building stim pattern for pattern_name 2432
2026-02-01 19:51:24,715 - INFO - Building stim pattern for pattern_name 2000
2026-02-01 19:51:24,733 - INFO - Building stim pattern for pattern_name 3059
2026-02-01 19:51:24,744 - INFO - Building stim pattern for pattern_name 3980
2026-02-01 19:51:24,755 - INFO - Building stim pattern for pattern_name 1668
2026-02-01 19:51:24,766 - INFO - Building stim pattern for pattern_name 457
2026-02-01 19:51:24,783 - INFO - Building stim pattern for pattern_name 3979
2026-02-01 19:51:24,794 - INFO - Building stim pattern for pattern_name 3085
2026-02-01 19:51:24,814 - INFO - Building stim pattern for pattern_name 3655
2026-02-01 19:51:24,833 - INFO - Building stim pattern for pattern_name 983
2026-02-01 19:51:24,844 - INFO - Building stim pattern for pattern_name 2973
2026-02-01 19:51:24,858 - INFO - Building stim pattern for pattern_name 1400
2026-02-01 19:51:24,869 - INFO - Building stim pattern for pattern_name 2124
2026-02-01 19:51:24,886 - INFO - Building stim pattern for pattern_name 2990
2026-02-01 19:51:24,897 - INFO - Building stim pattern for pattern_name 3669
2026-02-01 19:51:24,907 - INFO - Building stim pattern for pattern_name 3950
2026-02-01 19:51:24,918 - INFO - Building stim pattern for pattern_name 1594
2026-02-01 19:51:24,931 - INFO - Building stim pattern for pattern_name 3875
2026-02-01 19:51:24,943 - INFO - Building stim pattern for pattern_name 934
2026-02-01 19:51:24,961 - INFO - Building stim pattern for pattern_name 3615
2026-02-01 19:51:24,992 - INFO - Building stim pattern for pattern_name 1941
2026-02-01 19:51:25,004 - INFO - Building stim pattern for pattern_name 129
2026-02-01 19:51:25,015 - INFO - Building stim pattern for pattern_name 2663
2026-02-01 19:51:25,026 - INFO - Building stim pattern for pattern_name 2543
2026-02-01 19:51:25,039 - INFO - Building stim pattern for pattern_name 2309
2026-02-01 19:51:25,051 - INFO - Building stim pattern for pattern_name 795
2026-02-01 19:51:25,064 - INFO - Building stim pattern for pattern_name 1713
2026-02-01 19:51:25,076 - INFO - Building stim pattern for pattern_name 3264
2026-02-01 19:51:25,089 - INFO - Building stim pattern for pattern_name 3158
2026-02-01 19:51:25,105 - INFO - Building stim pattern for pattern_name 515
2026-02-01 19:51:25,122 - INFO - Building stim pattern for pattern_name 1946
2026-02-01 19:51:25,133 - INFO - Building stim pattern for pattern_name 3625
2026-02-01 19:51:25,144 - INFO - Building stim pattern for pattern_name 436
2026-02-01 19:51:25,155 - INFO - Building stim pattern for pattern_name 2160
2026-02-01 19:51:25,173 - INFO - Building stim pattern for pattern_name 2443
2026-02-01 19:51:25,185 - INFO - Building stim pattern for pattern_name 2320
2026-02-01 19:51:25,196 - INFO - Building stim pattern for pattern_name 3769
2026-02-01 19:51:25,207 - INFO - Building stim pattern for pattern_name 1986
2026-02-01 19:51:25,218 - INFO - Building stim pattern for pattern_name 1598
2026-02-01 19:51:25,231 - INFO - Building stim pattern for pattern_name 36
2026-02-01 19:51:25,246 - INFO - Building stim pattern for pattern_name 1009
2026-02-01 19:51:25,268 - INFO - Building stim pattern for pattern_name 55
2026-02-01 19:51:25,281 - INFO - Building stim pattern for pattern_name 64
2026-02-01 19:51:25,294 - INFO - Building stim pattern for pattern_name 2386
2026-02-01 19:51:25,306 - INFO - Building stim pattern for pattern_name 1224
2026-02-01 19:51:25,320 - INFO - Building stim pattern for pattern_name 3920
2026-02-01 19:51:25,331 - INFO - Building stim pattern for pattern_name 1342
2026-02-01 19:51:25,341 - INFO - Building stim pattern for pattern_name 3764
2026-02-01 19:51:25,354 - INFO - Building stim pattern for pattern_name 3566
2026-02-01 19:51:25,365 - INFO - Building stim pattern for pattern_name 3872
2026-02-01 19:51:25,384 - INFO - Building stim pattern for pattern_name 2637
2026-02-01 19:51:25,394 - INFO - Building stim pattern for pattern_name 2429
2026-02-01 19:51:25,406 - INFO - Building stim pattern for pattern_name 3427
2026-02-01 19:51:25,417 - INFO - Building stim pattern for pattern_name 2279
2026-02-01 19:51:25,428 - INFO - Building stim pattern for pattern_name 1887
2026-02-01 19:51:25,458 - INFO - Building stim pattern for pattern_name 2726
2026-02-01 19:51:25,469 - INFO - Building stim pattern for pattern_name 2943
2026-02-01 19:51:25,480 - INFO - Building stim pattern for pattern_name 2399
2026-02-01 19:51:25,491 - INFO - Building stim pattern for pattern_name 1631
2026-02-01 19:51:25,509 - INFO - Building stim pattern for pattern_name 3057
2026-02-01 19:51:25,519 - INFO - Building stim pattern for pattern_name 3418
2026-02-01 19:51:25,537 - INFO - Building stim pattern for pattern_name 1414
2026-02-01 19:51:25,549 - INFO - Building stim pattern for pattern_name 2677
2026-02-01 19:51:25,560 - INFO - Building stim pattern for pattern_name 3401
2026-02-01 19:51:25,570 - INFO - Building stim pattern for pattern_name 2107
2026-02-01 19:51:25,581 - INFO - Building stim pattern for pattern_name 1145
2026-02-01 19:51:25,600 - INFO - Building stim pattern for pattern_name 1288
2026-02-01 19:51:25,611 - INFO - Building stim pattern for pattern_name 2125
2026-02-01 19:51:25,621 - INFO - Building stim pattern for pattern_name 3858
2026-02-01 19:51:25,632 - INFO - Building stim pattern for pattern_name 2418
2026-02-01 19:51:25,642 - INFO - Building stim pattern for pattern_name 2860
2026-02-01 19:51:25,666 - INFO - Building stim pattern for pattern_name 2230
2026-02-01 19:51:25,678 - INFO - Building stim pattern for pattern_name 53
2026-02-01 19:51:25,688 - INFO - Building stim pattern for pattern_name 1669
2026-02-01 19:51:25,699 - INFO - Building stim pattern for pattern_name 2667
2026-02-01 19:51:25,709 - INFO - Building stim pattern for pattern_name 104
2026-02-01 19:51:25,772 - INFO - Building stim pattern for pattern_name 2271
2026-02-01 19:51:25,796 - INFO - Building stim pattern for pattern_name 2892
2026-02-01 19:51:25,822 - INFO - Building stim pattern for pattern_name 601
2026-02-01 19:51:25,834 - INFO - Building stim pattern for pattern_name 2210
2026-02-01 19:51:25,861 - INFO - Building stim pattern for pattern_name 879
2026-02-01 19:51:25,872 - INFO - Building stim pattern for pattern_name 1481
2026-02-01 19:51:25,884 - INFO - Building stim pattern for pattern_name 3688
2026-02-01 19:51:25,896 - INFO - Building stim pattern for pattern_name 527
2026-02-01 19:51:25,914 - INFO - Building stim pattern for pattern_name 955
2026-02-01 19:51:25,925 - INFO - Building stim pattern for pattern_name 1621
2026-02-01 19:51:25,936 - INFO - Building stim pattern for pattern_name 1437
2026-02-01 19:51:25,947 - INFO - Building stim pattern for pattern_name 1614
2026-02-01 19:51:25,964 - INFO - Building stim pattern for pattern_name 112
2026-02-01 19:51:25,982 - INFO - Building stim pattern for pattern_name 2157
2026-02-01 19:51:25,992 - INFO - Building stim pattern for pattern_name 3809
2026-02-01 19:51:26,003 - INFO - Building stim pattern for pattern_name 1195
2026-02-01 19:51:26,013 - INFO - Building stim pattern for pattern_name 1267
2026-02-01 19:51:26,032 - INFO - Building stim pattern for pattern_name 3885
2026-02-01 19:51:26,042 - INFO - Building stim pattern for pattern_name 1049
2026-02-01 19:51:26,053 - INFO - Building stim pattern for pattern_name 2264
2026-02-01 19:51:26,063 - INFO - Building stim pattern for pattern_name 2603
2026-02-01 19:51:26,074 - INFO - Building stim pattern for pattern_name 2488
2026-02-01 19:51:26,086 - INFO - Building stim pattern for pattern_name 1280
2026-02-01 19:51:26,104 - INFO - Building stim pattern for pattern_name 2203
2026-02-01 19:51:26,115 - INFO - Building stim pattern for pattern_name 653
2026-02-01 19:51:26,127 - INFO - Building stim pattern for pattern_name 3600
2026-02-01 19:51:26,136 - INFO - Building stim pattern for pattern_name 1610
2026-02-01 19:51:26,147 - INFO - Building stim pattern for pattern_name 1540
2026-02-01 19:51:26,158 - INFO - Building stim pattern for pattern_name 2182
2026-02-01 19:51:26,175 - INFO - Building stim pattern for pattern_name 1976
2026-02-01 19:51:26,186 - INFO - Building stim pattern for pattern_name 1924
2026-02-01 19:51:26,203 - INFO - Building stim pattern for pattern_name 1630
2026-02-01 19:51:26,213 - INFO - Building stim pattern for pattern_name 521
2026-02-01 19:51:26,231 - INFO - Building stim pattern for pattern_name 1374
2026-02-01 19:51:26,251 - INFO - Building stim pattern for pattern_name 1932
2026-02-01 19:51:26,262 - INFO - Building stim pattern for pattern_name 694
2026-02-01 19:51:26,273 - INFO - Building stim pattern for pattern_name 2965
2026-02-01 19:51:26,285 - INFO - Building stim pattern for pattern_name 3358
2026-02-01 19:51:26,300 - INFO - Building stim pattern for pattern_name 2004
2026-02-01 19:51:26,323 - INFO - Building stim pattern for pattern_name 2578
2026-02-01 19:51:26,333 - INFO - Building stim pattern for pattern_name 2814
2026-02-01 19:51:26,345 - INFO - Building stim pattern for pattern_name 3974
2026-02-01 19:51:26,358 - INFO - Building stim pattern for pattern_name 3118
2026-02-01 19:51:26,378 - INFO - Building stim pattern for pattern_name 641
2026-02-01 19:51:26,392 - INFO - Building stim pattern for pattern_name 3516
2026-02-01 19:51:26,416 - INFO - Building stim pattern for pattern_name 1182
2026-02-01 19:51:26,429 - INFO - Building stim pattern for pattern_name 2694
2026-02-01 19:51:26,441 - INFO - Building stim pattern for pattern_name 3173
2026-02-01 19:51:26,453 - INFO - Building stim pattern for pattern_name 3565
2026-02-01 19:51:26,464 - INFO - Building stim pattern for pattern_name 2992
2026-02-01 19:51:26,475 - INFO - Building stim pattern for pattern_name 236
2026-02-01 19:51:26,486 - INFO - Building stim pattern for pattern_name 1238
2026-02-01 19:51:26,504 - INFO - Building stim pattern for pattern_name 321
2026-02-01 19:51:26,515 - INFO - Building stim pattern for pattern_name 3752
2026-02-01 19:51:26,534 - INFO - Building stim pattern for pattern_name 2779
2026-02-01 19:51:26,544 - INFO - Building stim pattern for pattern_name 1595
2026-02-01 19:51:26,561 - INFO - Building stim pattern for pattern_name 3637
2026-02-01 19:51:26,571 - INFO - Building stim pattern for pattern_name 511
2026-02-01 19:51:26,596 - INFO - Building stim pattern for pattern_name 2599
2026-02-01 19:51:26,606 - INFO - Building stim pattern for pattern_name 975
2026-02-01 19:51:26,618 - INFO - Building stim pattern for pattern_name 3190
2026-02-01 19:51:26,630 - INFO - Building stim pattern for pattern_name 3291
2026-02-01 19:51:26,641 - INFO - Building stim pattern for pattern_name 2763
2026-02-01 19:51:26,660 - INFO - Building stim pattern for pattern_name 2223
2026-02-01 19:51:26,670 - INFO - Building stim pattern for pattern_name 1430
2026-02-01 19:51:26,692 - INFO - Building stim pattern for pattern_name 2454
2026-02-01 19:51:26,709 - INFO - Building stim pattern for pattern_name 3017
2026-02-01 19:51:26,728 - INFO - Building stim pattern for pattern_name 646
2026-02-01 19:51:26,739 - INFO - Building stim pattern for pattern_name 497
2026-02-01 19:51:26,751 - INFO - Building stim pattern for pattern_name 1743
2026-02-01 19:51:26,762 - INFO - Building stim pattern for pattern_name 2034
2026-02-01 19:51:26,774 - INFO - Building stim pattern for pattern_name 1459
2026-02-01 19:51:26,784 - INFO - Building stim pattern for pattern_name 3241
2026-02-01 19:51:26,803 - INFO - Building stim pattern for pattern_name 3883
2026-02-01 19:51:26,815 - INFO - Building stim pattern for pattern_name 67
2026-02-01 19:51:26,826 - INFO - Building stim pattern for pattern_name 3871
2026-02-01 19:51:26,843 - INFO - Building stim pattern for pattern_name 1413
2026-02-01 19:51:26,855 - INFO - Building stim pattern for pattern_name 1758
2026-02-01 19:51:26,866 - INFO - Building stim pattern for pattern_name 2836
2026-02-01 19:51:26,878 - INFO - Building stim pattern for pattern_name 423
2026-02-01 19:51:26,891 - INFO - Building stim pattern for pattern_name 475
2026-02-01 19:51:26,902 - INFO - Building stim pattern for pattern_name 1640
2026-02-01 19:51:26,916 - INFO - Building stim pattern for pattern_name 132
2026-02-01 19:51:26,929 - INFO - Building stim pattern for pattern_name 1135
2026-02-01 19:51:26,949 - INFO - Building stim pattern for pattern_name 2510
2026-02-01 19:51:26,961 - INFO - Building stim pattern for pattern_name 1258
2026-02-01 19:51:26,971 - INFO - Building stim pattern for pattern_name 337
2026-02-01 19:51:26,998 - INFO - Building stim pattern for pattern_name 2595
2026-02-01 19:51:27,011 - INFO - Building stim pattern for pattern_name 1765
2026-02-01 19:51:27,022 - INFO - Building stim pattern for pattern_name 580
2026-02-01 19:51:27,033 - INFO - Building stim pattern for pattern_name 3895
2026-02-01 19:51:27,045 - INFO - Building stim pattern for pattern_name 2170
2026-02-01 19:51:27,056 - INFO - Building stim pattern for pattern_name 2394
2026-02-01 19:51:27,067 - INFO - Building stim pattern for pattern_name 3276
2026-02-01 19:51:27,079 - INFO - Building stim pattern for pattern_name 798
2026-02-01 19:51:27,097 - INFO - Building stim pattern for pattern_name 2706
2026-02-01 19:51:27,115 - INFO - Building stim pattern for pattern_name 2557
2026-02-01 19:51:27,199 - INFO - Building stim pattern for pattern_name 3606
2026-02-01 19:51:27,226 - INFO - Building stim pattern for pattern_name 2356
2026-02-01 19:51:27,240 - INFO - Building stim pattern for pattern_name 455
2026-02-01 19:51:27,253 - INFO - Building stim pattern for pattern_name 3335
2026-02-01 19:51:27,264 - INFO - Building stim pattern for pattern_name 1173
2026-02-01 19:51:27,275 - INFO - Building stim pattern for pattern_name 494
2026-02-01 19:51:27,287 - INFO - Building stim pattern for pattern_name 1973
2026-02-01 19:51:27,300 - INFO - Building stim pattern for pattern_name 2155
2026-02-01 19:51:27,310 - INFO - Building stim pattern for pattern_name 3801
2026-02-01 19:51:27,321 - INFO - Building stim pattern for pattern_name 2349
2026-02-01 19:51:27,333 - INFO - Building stim pattern for pattern_name 1130
2026-02-01 19:51:27,344 - INFO - Building stim pattern for pattern_name 968
2026-02-01 19:51:27,354 - INFO - Building stim pattern for pattern_name 1184
2026-02-01 19:51:27,365 - INFO - Building stim pattern for pattern_name 3124
2026-02-01 19:51:27,376 - INFO - Building stim pattern for pattern_name 1005
2026-02-01 19:51:27,388 - INFO - Building stim pattern for pattern_name 3132
2026-02-01 19:51:27,400 - INFO - Building stim pattern for pattern_name 453
2026-02-01 19:51:27,411 - INFO - Building stim pattern for pattern_name 3725
2026-02-01 19:51:27,422 - INFO - Building stim pattern for pattern_name 545
2026-02-01 19:51:27,434 - INFO - Building stim pattern for pattern_name 1084
2026-02-01 19:51:27,445 - INFO - Building stim pattern for pattern_name 2192
2026-02-01 19:51:27,458 - INFO - Building stim pattern for pattern_name 2384
2026-02-01 19:51:27,477 - INFO - Building stim pattern for pattern_name 3230
2026-02-01 19:51:27,492 - INFO - Building stim pattern for pattern_name 2956
2026-02-01 19:51:27,504 - INFO - Building stim pattern for pattern_name 1336
2026-02-01 19:51:27,516 - INFO - Building stim pattern for pattern_name 223
2026-02-01 19:51:27,539 - INFO - Building stim pattern for pattern_name 2281
2026-02-01 19:51:27,556 - INFO - Building stim pattern for pattern_name 233
2026-02-01 19:51:27,569 - INFO - Building stim pattern for pattern_name 2483
2026-02-01 19:51:27,593 - INFO - Building stim pattern for pattern_name 1232
2026-02-01 19:51:27,604 - INFO - Building stim pattern for pattern_name 581
2026-02-01 19:51:27,632 - INFO - Building stim pattern for pattern_name 3923
2026-02-01 19:51:27,647 - INFO - Building stim pattern for pattern_name 353
2026-02-01 19:51:27,660 - INFO - Building stim pattern for pattern_name 1240
2026-02-01 19:51:27,672 - INFO - Building stim pattern for pattern_name 2112
2026-02-01 19:51:27,683 - INFO - Building stim pattern for pattern_name 2628
2026-02-01 19:51:27,696 - INFO - Building stim pattern for pattern_name 923
2026-02-01 19:51:27,707 - INFO - Building stim pattern for pattern_name 1531
2026-02-01 19:51:27,718 - INFO - Building stim pattern for pattern_name 542
2026-02-01 19:51:27,729 - INFO - Building stim pattern for pattern_name 3148
2026-02-01 19:51:27,740 - INFO - Building stim pattern for pattern_name 1350
2026-02-01 19:51:27,751 - INFO - Building stim pattern for pattern_name 2330
2026-02-01 19:51:27,771 - INFO - Building stim pattern for pattern_name 3901
2026-02-01 19:51:27,782 - INFO - Building stim pattern for pattern_name 1506
2026-02-01 19:51:27,794 - INFO - Building stim pattern for pattern_name 2751
2026-02-01 19:51:27,807 - INFO - Building stim pattern for pattern_name 2494
2026-02-01 19:51:27,818 - INFO - Building stim pattern for pattern_name 2313
2026-02-01 19:51:27,829 - INFO - Building stim pattern for pattern_name 433
2026-02-01 19:51:27,846 - INFO - Building stim pattern for pattern_name 859
2026-02-01 19:51:27,864 - INFO - Building stim pattern for pattern_name 3909
2026-02-01 19:51:27,875 - INFO - Building stim pattern for pattern_name 3822
2026-02-01 19:51:27,889 - INFO - Building stim pattern for pattern_name 3048
2026-02-01 19:51:27,898 - INFO - Building stim pattern for pattern_name 979
2026-02-01 19:51:27,910 - INFO - Building stim pattern for pattern_name 3096
2026-02-01 19:51:27,922 - INFO - Building stim pattern for pattern_name 2661
2026-02-01 19:51:27,934 - INFO - Building stim pattern for pattern_name 1724
2026-02-01 19:51:27,945 - INFO - Building stim pattern for pattern_name 1157
2026-02-01 19:51:27,965 - INFO - Building stim pattern for pattern_name 3103
2026-02-01 19:51:27,975 - INFO - Building stim pattern for pattern_name 1856
2026-02-01 19:51:27,993 - INFO - Building stim pattern for pattern_name 5
2026-02-01 19:51:28,011 - INFO - Building stim pattern for pattern_name 1861
2026-02-01 19:51:28,023 - INFO - Building stim pattern for pattern_name 3996
2026-02-01 19:51:28,037 - INFO - Building stim pattern for pattern_name 3071
2026-02-01 19:51:28,056 - INFO - Building stim pattern for pattern_name 2522
2026-02-01 19:51:28,081 - INFO - Building stim pattern for pattern_name 3405
2026-02-01 19:51:28,092 - INFO - Building stim pattern for pattern_name 1960
2026-02-01 19:51:28,104 - INFO - Building stim pattern for pattern_name 988
2026-02-01 19:51:28,117 - INFO - Building stim pattern for pattern_name 2444
2026-02-01 19:51:28,129 - INFO - Building stim pattern for pattern_name 1893
2026-02-01 19:51:28,141 - INFO - Building stim pattern for pattern_name 3740
2026-02-01 19:51:28,155 - INFO - Building stim pattern for pattern_name 1709
2026-02-01 19:51:28,166 - INFO - Building stim pattern for pattern_name 1281
2026-02-01 19:51:28,185 - INFO - Building stim pattern for pattern_name 2062
2026-02-01 19:51:28,195 - INFO - Building stim pattern for pattern_name 1168
2026-02-01 19:51:28,207 - INFO - Building stim pattern for pattern_name 2467
2026-02-01 19:51:28,219 - INFO - Building stim pattern for pattern_name 1102
2026-02-01 19:51:28,231 - INFO - Building stim pattern for pattern_name 444
2026-02-01 19:51:28,242 - INFO - Building stim pattern for pattern_name 691
2026-02-01 19:51:28,254 - INFO - Building stim pattern for pattern_name 339
2026-02-01 19:51:28,267 - INFO - Building stim pattern for pattern_name 2573
2026-02-01 19:51:28,278 - INFO - Building stim pattern for pattern_name 1855
2026-02-01 19:51:28,290 - INFO - Building stim pattern for pattern_name 1341
2026-02-01 19:51:28,308 - INFO - Building stim pattern for pattern_name 2563
2026-02-01 19:51:28,319 - INFO - Building stim pattern for pattern_name 2930
2026-02-01 19:51:28,331 - INFO - Building stim pattern for pattern_name 3661
2026-02-01 19:51:28,349 - INFO - Building stim pattern for pattern_name 800
2026-02-01 19:51:28,360 - INFO - Building stim pattern for pattern_name 1285
2026-02-01 19:51:28,378 - INFO - Building stim pattern for pattern_name 76
2026-02-01 19:51:28,390 - INFO - Building stim pattern for pattern_name 1239
2026-02-01 19:51:28,401 - INFO - Building stim pattern for pattern_name 1440
2026-02-01 19:51:28,413 - INFO - Building stim pattern for pattern_name 588
2026-02-01 19:51:28,424 - INFO - Building stim pattern for pattern_name 1248
2026-02-01 19:51:28,437 - INFO - Building stim pattern for pattern_name 2095
2026-02-01 19:51:28,448 - INFO - Building stim pattern for pattern_name 256
2026-02-01 19:51:28,459 - INFO - Building stim pattern for pattern_name 3199
2026-02-01 19:51:28,470 - INFO - Building stim pattern for pattern_name 3628
2026-02-01 19:51:28,480 - INFO - Building stim pattern for pattern_name 1934
2026-02-01 19:51:28,493 - INFO - Building stim pattern for pattern_name 3842
2026-02-01 19:51:28,507 - INFO - Building stim pattern for pattern_name 877
2026-02-01 19:51:28,520 - INFO - Building stim pattern for pattern_name 2876
2026-02-01 19:51:28,531 - INFO - Building stim pattern for pattern_name 3798
2026-02-01 19:51:28,542 - INFO - Building stim pattern for pattern_name 212
2026-02-01 19:51:28,553 - INFO - Building stim pattern for pattern_name 1502
2026-02-01 19:51:28,563 - INFO - Building stim pattern for pattern_name 3441
2026-02-01 19:51:28,574 - INFO - Building stim pattern for pattern_name 1287
2026-02-01 19:51:28,586 - INFO - Building stim pattern for pattern_name 1569
2026-02-01 19:51:28,598 - INFO - Building stim pattern for pattern_name 663
2026-02-01 19:51:28,611 - INFO - Building stim pattern for pattern_name 875
2026-02-01 19:51:28,626 - INFO - Building stim pattern for pattern_name 2491
2026-02-01 19:51:28,639 - INFO - Building stim pattern for pattern_name 460
2026-02-01 19:51:28,660 - INFO - Building stim pattern for pattern_name 3905
2026-02-01 19:51:28,672 - INFO - Building stim pattern for pattern_name 1933
2026-02-01 19:51:28,683 - INFO - Building stim pattern for pattern_name 3935
2026-02-01 19:51:28,694 - INFO - Building stim pattern for pattern_name 1382
2026-02-01 19:51:28,706 - INFO - Building stim pattern for pattern_name 6
2026-02-01 19:51:28,718 - INFO - Building stim pattern for pattern_name 574
2026-02-01 19:51:28,732 - INFO - Building stim pattern for pattern_name 3774
2026-02-01 19:51:28,744 - INFO - Building stim pattern for pattern_name 185
2026-02-01 19:51:28,755 - INFO - Building stim pattern for pattern_name 1178
2026-02-01 19:51:28,780 - INFO - Building stim pattern for pattern_name 3481
2026-02-01 19:51:28,795 - INFO - Building stim pattern for pattern_name 1572
2026-02-01 19:51:28,809 - INFO - Building stim pattern for pattern_name 2496
2026-02-01 19:51:28,821 - INFO - Building stim pattern for pattern_name 912
2026-02-01 19:51:28,834 - INFO - Building stim pattern for pattern_name 183
2026-02-01 19:51:28,844 - INFO - Building stim pattern for pattern_name 844
2026-02-01 19:51:28,864 - INFO - Building stim pattern for pattern_name 2716
2026-02-01 19:51:28,895 - INFO - Building stim pattern for pattern_name 2734
2026-02-01 19:51:28,910 - INFO - Building stim pattern for pattern_name 618
2026-02-01 19:51:28,921 - INFO - Building stim pattern for pattern_name 332
2026-02-01 19:51:29,008 - INFO - Building stim pattern for pattern_name 2078
2026-02-01 19:51:29,041 - INFO - Building stim pattern for pattern_name 1754
2026-02-01 19:51:29,054 - INFO - Building stim pattern for pattern_name 1756
2026-02-01 19:51:29,065 - INFO - Building stim pattern for pattern_name 1512
2026-02-01 19:51:29,083 - INFO - Building stim pattern for pattern_name 24
2026-02-01 19:51:29,095 - INFO - Building stim pattern for pattern_name 146
2026-02-01 19:51:29,110 - INFO - Building stim pattern for pattern_name 721
2026-02-01 19:51:29,123 - INFO - Building stim pattern for pattern_name 3808
2026-02-01 19:51:29,137 - INFO - Building stim pattern for pattern_name 2910
2026-02-01 19:51:29,150 - INFO - Building stim pattern for pattern_name 3605
2026-02-01 19:51:29,164 - INFO - Building stim pattern for pattern_name 3020
2026-02-01 19:51:29,176 - INFO - Building stim pattern for pattern_name 472
2026-02-01 19:51:29,188 - INFO - Building stim pattern for pattern_name 2303
2026-02-01 19:51:29,201 - INFO - Building stim pattern for pattern_name 3143
2026-02-01 19:51:29,213 - INFO - Building stim pattern for pattern_name 1462
2026-02-01 19:51:29,228 - INFO - Building stim pattern for pattern_name 245
2026-02-01 19:51:29,241 - INFO - Building stim pattern for pattern_name 3150
2026-02-01 19:51:29,252 - INFO - Building stim pattern for pattern_name 525
2026-02-01 19:51:29,270 - INFO - Building stim pattern for pattern_name 2098
2026-02-01 19:51:29,282 - INFO - Building stim pattern for pattern_name 1613
2026-02-01 19:51:29,300 - INFO - Building stim pattern for pattern_name 3468
2026-02-01 19:51:29,312 - INFO - Building stim pattern for pattern_name 3583
2026-02-01 19:51:29,336 - INFO - Building stim pattern for pattern_name 1841
2026-02-01 19:51:29,351 - INFO - Building stim pattern for pattern_name 657
2026-02-01 19:51:29,365 - INFO - Building stim pattern for pattern_name 2954
2026-02-01 19:51:29,378 - INFO - Building stim pattern for pattern_name 2727
2026-02-01 19:51:29,399 - INFO - Building stim pattern for pattern_name 1223
2026-02-01 19:51:29,415 - INFO - Building stim pattern for pattern_name 318
2026-02-01 19:51:29,427 - INFO - Building stim pattern for pattern_name 614
2026-02-01 19:51:29,439 - INFO - Building stim pattern for pattern_name 2065
2026-02-01 19:51:29,450 - INFO - Building stim pattern for pattern_name 2711
2026-02-01 19:51:29,467 - INFO - Building stim pattern for pattern_name 1868
2026-02-01 19:51:29,478 - INFO - Building stim pattern for pattern_name 802
2026-02-01 19:51:29,490 - INFO - Building stim pattern for pattern_name 2850
2026-02-01 19:51:29,502 - INFO - Building stim pattern for pattern_name 3106
2026-02-01 19:51:29,522 - INFO - Building stim pattern for pattern_name 3271
2026-02-01 19:51:29,533 - INFO - Building stim pattern for pattern_name 3951
2026-02-01 19:51:29,552 - INFO - Building stim pattern for pattern_name 1077
2026-02-01 19:51:29,566 - INFO - Building stim pattern for pattern_name 960
2026-02-01 19:51:29,586 - INFO - Building stim pattern for pattern_name 3489
2026-02-01 19:51:29,599 - INFO - Building stim pattern for pattern_name 2809
2026-02-01 19:51:29,611 - INFO - Building stim pattern for pattern_name 917
2026-02-01 19:51:29,623 - INFO - Building stim pattern for pattern_name 1991
2026-02-01 19:51:29,634 - INFO - Building stim pattern for pattern_name 3987
2026-02-01 19:51:29,659 - INFO - Building stim pattern for pattern_name 3308
2026-02-01 19:51:29,671 - INFO - Building stim pattern for pattern_name 1014
2026-02-01 19:51:29,684 - INFO - Building stim pattern for pattern_name 1054
2026-02-01 19:51:29,698 - INFO - Building stim pattern for pattern_name 937
2026-02-01 19:51:29,709 - INFO - Building stim pattern for pattern_name 127
2026-02-01 19:51:29,720 - INFO - Building stim pattern for pattern_name 1063
2026-02-01 19:51:29,739 - INFO - Building stim pattern for pattern_name 179
2026-02-01 19:51:29,751 - INFO - Building stim pattern for pattern_name 409
2026-02-01 19:51:29,763 - INFO - Building stim pattern for pattern_name 2659
2026-02-01 19:51:29,774 - INFO - Building stim pattern for pattern_name 1561
2026-02-01 19:51:29,786 - INFO - Building stim pattern for pattern_name 1624
2026-02-01 19:51:29,799 - INFO - Building stim pattern for pattern_name 3751
2026-02-01 19:51:29,813 - INFO - Building stim pattern for pattern_name 3426
2026-02-01 19:51:29,842 - INFO - Building stim pattern for pattern_name 849
2026-02-01 19:51:29,854 - INFO - Building stim pattern for pattern_name 3710
2026-02-01 19:51:29,865 - INFO - Building stim pattern for pattern_name 1936
2026-02-01 19:51:29,883 - INFO - Building stim pattern for pattern_name 3177
2026-02-01 19:51:29,893 - INFO - Building stim pattern for pattern_name 3862
2026-02-01 19:51:29,904 - INFO - Building stim pattern for pattern_name 3104
2026-02-01 19:51:29,914 - INFO - Building stim pattern for pattern_name 2010
2026-02-01 19:51:29,927 - INFO - Building stim pattern for pattern_name 15
2026-02-01 19:51:29,944 - INFO - Building stim pattern for pattern_name 488
2026-02-01 19:51:29,963 - INFO - Building stim pattern for pattern_name 507
2026-02-01 19:51:29,974 - INFO - Building stim pattern for pattern_name 1670
2026-02-01 19:51:29,986 - INFO - Building stim pattern for pattern_name 3207
2026-02-01 19:51:29,997 - INFO - Building stim pattern for pattern_name 3350
2026-02-01 19:51:30,010 - INFO - Building stim pattern for pattern_name 518
2026-02-01 19:51:30,026 - INFO - Building stim pattern for pattern_name 1536
2026-02-01 19:51:30,037 - INFO - Building stim pattern for pattern_name 3707
2026-02-01 19:51:30,051 - INFO - Building stim pattern for pattern_name 2658
2026-02-01 19:51:30,065 - INFO - Building stim pattern for pattern_name 3648
2026-02-01 19:51:30,078 - INFO - Building stim pattern for pattern_name 4000
2026-02-01 19:51:30,089 - INFO - Building stim pattern for pattern_name 3353
2026-02-01 19:51:30,101 - INFO - Building stim pattern for pattern_name 1172
2026-02-01 19:51:30,114 - INFO - Building stim pattern for pattern_name 1270
2026-02-01 19:51:30,128 - INFO - Building stim pattern for pattern_name 281
2026-02-01 19:51:30,140 - INFO - Building stim pattern for pattern_name 579
2026-02-01 19:51:30,156 - INFO - Building stim pattern for pattern_name 3125
2026-02-01 19:51:30,176 - INFO - Building stim pattern for pattern_name 273
2026-02-01 19:51:30,188 - INFO - Building stim pattern for pattern_name 1313
2026-02-01 19:51:30,203 - INFO - Building stim pattern for pattern_name 1345
2026-02-01 19:51:30,218 - INFO - Building stim pattern for pattern_name 888
2026-02-01 19:51:30,232 - INFO - Building stim pattern for pattern_name 2523
2026-02-01 19:51:30,245 - INFO - Building stim pattern for pattern_name 2855
2026-02-01 19:51:30,325 - INFO - Building stim pattern for pattern_name 2527
2026-02-01 19:51:30,360 - INFO - Building stim pattern for pattern_name 2546
2026-02-01 19:51:30,374 - INFO - Building stim pattern for pattern_name 3930
2026-02-01 19:51:30,387 - INFO - Building stim pattern for pattern_name 2174
2026-02-01 19:51:30,407 - INFO - Building stim pattern for pattern_name 2134
2026-02-01 19:51:30,422 - INFO - Building stim pattern for pattern_name 2213
2026-02-01 19:51:30,436 - INFO - Building stim pattern for pattern_name 2291
2026-02-01 19:51:30,449 - INFO - Building stim pattern for pattern_name 3530
2026-02-01 19:51:30,472 - INFO - Building stim pattern for pattern_name 2169
2026-02-01 19:51:30,485 - INFO - Building stim pattern for pattern_name 2657
2026-02-01 19:51:30,500 - INFO - Building stim pattern for pattern_name 3533
2026-02-01 19:51:30,513 - INFO - Building stim pattern for pattern_name 3474
2026-02-01 19:51:30,527 - INFO - Building stim pattern for pattern_name 125
2026-02-01 19:51:30,547 - INFO - Building stim pattern for pattern_name 3300
2026-02-01 19:51:30,560 - INFO - Building stim pattern for pattern_name 3209
2026-02-01 19:51:30,579 - INFO - Building stim pattern for pattern_name 668
2026-02-01 19:51:30,595 - INFO - Building stim pattern for pattern_name 1823
2026-02-01 19:51:30,608 - INFO - Building stim pattern for pattern_name 1786
2026-02-01 19:51:30,621 - INFO - Building stim pattern for pattern_name 31
2026-02-01 19:51:30,633 - INFO - Building stim pattern for pattern_name 1132
2026-02-01 19:51:30,654 - INFO - Building stim pattern for pattern_name 1293
2026-02-01 19:51:30,665 - INFO - Building stim pattern for pattern_name 2007
2026-02-01 19:51:30,687 - INFO - Building stim pattern for pattern_name 1047
2026-02-01 19:51:30,700 - INFO - Building stim pattern for pattern_name 1935
2026-02-01 19:51:30,714 - INFO - Building stim pattern for pattern_name 1663
2026-02-01 19:51:30,744 - INFO - Building stim pattern for pattern_name 248
2026-02-01 19:51:30,755 - INFO - Building stim pattern for pattern_name 462
2026-02-01 19:51:30,768 - INFO - Building stim pattern for pattern_name 1410
2026-02-01 19:51:30,787 - INFO - Building stim pattern for pattern_name 155
2026-02-01 19:51:30,800 - INFO - Building stim pattern for pattern_name 3455
2026-02-01 19:51:30,811 - INFO - Building stim pattern for pattern_name 3062
2026-02-01 19:51:30,823 - INFO - Building stim pattern for pattern_name 225
2026-02-01 19:51:30,843 - INFO - Building stim pattern for pattern_name 211
2026-02-01 19:51:30,855 - INFO - Building stim pattern for pattern_name 1058
2026-02-01 19:51:30,870 - INFO - Building stim pattern for pattern_name 3374
2026-02-01 19:51:30,885 - INFO - Building stim pattern for pattern_name 2828
2026-02-01 19:51:30,904 - INFO - Building stim pattern for pattern_name 2302
2026-02-01 19:51:30,929 - INFO - Building stim pattern for pattern_name 3511
2026-02-01 19:51:30,949 - INFO - Building stim pattern for pattern_name 2249
2026-02-01 19:51:30,962 - INFO - Building stim pattern for pattern_name 1377
2026-02-01 19:51:30,975 - INFO - Building stim pattern for pattern_name 3711
2026-02-01 19:51:30,990 - INFO - Building stim pattern for pattern_name 939
2026-02-01 19:51:31,004 - INFO - Building stim pattern for pattern_name 3447
2026-02-01 19:51:31,022 - INFO - Building stim pattern for pattern_name 1087
2026-02-01 19:51:31,033 - INFO - Building stim pattern for pattern_name 2572
2026-02-01 19:51:31,045 - INFO - Building stim pattern for pattern_name 207
2026-02-01 19:51:31,059 - INFO - Building stim pattern for pattern_name 651
2026-02-01 19:51:31,070 - INFO - Building stim pattern for pattern_name 3216
2026-02-01 19:51:31,082 - INFO - Building stim pattern for pattern_name 3602
2026-02-01 19:51:31,095 - INFO - Building stim pattern for pattern_name 3027
2026-02-01 19:51:31,113 - INFO - Building stim pattern for pattern_name 1265
2026-02-01 19:51:31,125 - INFO - Building stim pattern for pattern_name 1059
2026-02-01 19:51:31,143 - INFO - Building stim pattern for pattern_name 532
2026-02-01 19:51:31,154 - INFO - Building stim pattern for pattern_name 740
2026-02-01 19:51:31,172 - INFO - Building stim pattern for pattern_name 1096
2026-02-01 19:51:31,191 - INFO - Building stim pattern for pattern_name 692
2026-02-01 19:51:31,204 - INFO - Building stim pattern for pattern_name 3332
2026-02-01 19:51:31,218 - INFO - Building stim pattern for pattern_name 3969
2026-02-01 19:51:31,233 - INFO - Building stim pattern for pattern_name 1787
2026-02-01 19:51:31,249 - INFO - Building stim pattern for pattern_name 3452
2026-02-01 19:51:31,266 - INFO - Building stim pattern for pattern_name 3183
2026-02-01 19:51:31,280 - INFO - Building stim pattern for pattern_name 1006
2026-02-01 19:51:31,293 - INFO - Building stim pattern for pattern_name 2431
2026-02-01 19:51:31,306 - INFO - Building stim pattern for pattern_name 1689
2026-02-01 19:51:31,319 - INFO - Building stim pattern for pattern_name 1118
2026-02-01 19:51:31,331 - INFO - Building stim pattern for pattern_name 3786
2026-02-01 19:51:31,343 - INFO - Building stim pattern for pattern_name 2407
2026-02-01 19:51:31,363 - INFO - Building stim pattern for pattern_name 1863
2026-02-01 19:51:31,376 - INFO - Building stim pattern for pattern_name 1311
2026-02-01 19:51:31,389 - INFO - Building stim pattern for pattern_name 3957
2026-02-01 19:51:31,401 - INFO - Building stim pattern for pattern_name 1525
2026-02-01 19:51:31,412 - INFO - Building stim pattern for pattern_name 37
2026-02-01 19:51:31,436 - INFO - Building stim pattern for pattern_name 476
2026-02-01 19:51:31,449 - INFO - Building stim pattern for pattern_name 2081
2026-02-01 19:51:31,471 - INFO - Building stim pattern for pattern_name 3811
2026-02-01 19:51:31,483 - INFO - Building stim pattern for pattern_name 2827
2026-02-01 19:51:31,495 - INFO - Building stim pattern for pattern_name 2398
2026-02-01 19:51:31,507 - INFO - Building stim pattern for pattern_name 3239
2026-02-01 19:51:31,527 - INFO - Building stim pattern for pattern_name 139
2026-02-01 19:51:31,541 - INFO - Building stim pattern for pattern_name 1510
2026-02-01 19:51:31,552 - INFO - Building stim pattern for pattern_name 3810
2026-02-01 19:51:31,566 - INFO - Building stim pattern for pattern_name 1966
2026-02-01 19:51:31,580 - INFO - Building stim pattern for pattern_name 1593
2026-02-01 19:51:31,599 - INFO - Building stim pattern for pattern_name 1518
2026-02-01 19:51:31,611 - INFO - Building stim pattern for pattern_name 1395
2026-02-01 19:51:31,623 - INFO - Building stim pattern for pattern_name 3832
2026-02-01 19:51:31,635 - INFO - Building stim pattern for pattern_name 1326
2026-02-01 19:51:31,646 - INFO - Building stim pattern for pattern_name 3208
2026-02-01 19:51:31,715 - INFO - Building stim pattern for pattern_name 2319
2026-02-01 19:51:31,746 - INFO - Building stim pattern for pattern_name 2615
2026-02-01 19:51:31,775 - INFO - Building stim pattern for pattern_name 1117
2026-02-01 19:51:31,789 - INFO - Building stim pattern for pattern_name 1967
2026-02-01 19:51:31,801 - INFO - Building stim pattern for pattern_name 2692
2026-02-01 19:51:31,813 - INFO - Building stim pattern for pattern_name 2415
2026-02-01 19:51:31,825 - INFO - Building stim pattern for pattern_name 378
2026-02-01 19:51:31,836 - INFO - Building stim pattern for pattern_name 3163
2026-02-01 19:51:31,849 - INFO - Building stim pattern for pattern_name 1407
2026-02-01 19:51:31,861 - INFO - Building stim pattern for pattern_name 1340
2026-02-01 19:51:31,874 - INFO - Building stim pattern for pattern_name 2555
2026-02-01 19:51:31,886 - INFO - Building stim pattern for pattern_name 3820
2026-02-01 19:51:31,906 - INFO - Building stim pattern for pattern_name 3948
2026-02-01 19:51:31,918 - INFO - Building stim pattern for pattern_name 3127
2026-02-01 19:51:31,930 - INFO - Building stim pattern for pattern_name 1442
2026-02-01 19:51:31,950 - INFO - Building stim pattern for pattern_name 3488
2026-02-01 19:51:31,976 - INFO - Building stim pattern for pattern_name 2732
2026-02-01 19:51:32,000 - INFO - Building stim pattern for pattern_name 2475
2026-02-01 19:51:32,013 - INFO - Building stim pattern for pattern_name 3575
2026-02-01 19:51:32,026 - INFO - Building stim pattern for pattern_name 924
2026-02-01 19:51:32,038 - INFO - Building stim pattern for pattern_name 3915
2026-02-01 19:51:32,049 - INFO - Building stim pattern for pattern_name 3262
2026-02-01 19:51:32,063 - INFO - Building stim pattern for pattern_name 2397
2026-02-01 19:51:32,091 - INFO - Building stim pattern for pattern_name 3180
2026-02-01 19:51:32,102 - INFO - Building stim pattern for pattern_name 1167
2026-02-01 19:51:32,139 - INFO - Building stim pattern for pattern_name 1097
2026-02-01 19:51:32,159 - INFO - Building stim pattern for pattern_name 3705
2026-02-01 19:51:32,174 - INFO - Building stim pattern for pattern_name 2106
2026-02-01 19:51:32,201 - INFO - Building stim pattern for pattern_name 3101
2026-02-01 19:51:32,216 - INFO - Building stim pattern for pattern_name 1618
2026-02-01 19:51:32,227 - INFO - Building stim pattern for pattern_name 1353
2026-02-01 19:51:32,242 - INFO - Building stim pattern for pattern_name 1402
2026-02-01 19:51:32,257 - INFO - Building stim pattern for pattern_name 976
2026-02-01 19:51:32,276 - INFO - Building stim pattern for pattern_name 1783
2026-02-01 19:51:32,291 - INFO - Building stim pattern for pattern_name 1275
2026-02-01 19:51:32,304 - INFO - Building stim pattern for pattern_name 1950
2026-02-01 19:51:32,318 - INFO - Building stim pattern for pattern_name 2888
2026-02-01 19:51:32,332 - INFO - Building stim pattern for pattern_name 724
2026-02-01 19:51:32,343 - INFO - Building stim pattern for pattern_name 395
2026-02-01 19:51:32,356 - INFO - Building stim pattern for pattern_name 1090
2026-02-01 19:51:32,370 - INFO - Building stim pattern for pattern_name 957
2026-02-01 19:51:32,386 - INFO - Building stim pattern for pattern_name 728
2026-02-01 19:51:32,397 - INFO - Building stim pattern for pattern_name 546
2026-02-01 19:51:32,410 - INFO - Building stim pattern for pattern_name 210
2026-02-01 19:51:32,430 - INFO - Building stim pattern for pattern_name 3880
2026-02-01 19:51:32,443 - INFO - Building stim pattern for pattern_name 1819
2026-02-01 19:51:32,454 - INFO - Building stim pattern for pattern_name 1771
2026-02-01 19:51:32,466 - INFO - Building stim pattern for pattern_name 1963
2026-02-01 19:51:32,478 - INFO - Building stim pattern for pattern_name 246
2026-02-01 19:51:32,491 - INFO - Building stim pattern for pattern_name 252
2026-02-01 19:51:32,510 - INFO - Building stim pattern for pattern_name 1496
2026-02-01 19:51:32,523 - INFO - Building stim pattern for pattern_name 509
2026-02-01 19:51:32,537 - INFO - Building stim pattern for pattern_name 549
2026-02-01 19:51:32,550 - INFO - Building stim pattern for pattern_name 3633
2026-02-01 19:51:32,569 - INFO - Building stim pattern for pattern_name 3695
2026-02-01 19:51:32,582 - INFO - Building stim pattern for pattern_name 512
2026-02-01 19:51:32,597 - INFO - Building stim pattern for pattern_name 809
2026-02-01 19:51:32,610 - INFO - Building stim pattern for pattern_name 980
2026-02-01 19:51:32,621 - INFO - Building stim pattern for pattern_name 1675
2026-02-01 19:51:32,631 - INFO - Building stim pattern for pattern_name 2683
2026-02-01 19:51:32,643 - INFO - Building stim pattern for pattern_name 1647
2026-02-01 19:51:32,655 - INFO - Building stim pattern for pattern_name 2200
2026-02-01 19:51:32,667 - INFO - Building stim pattern for pattern_name 846
2026-02-01 19:51:32,678 - INFO - Building stim pattern for pattern_name 3092
2026-02-01 19:51:32,691 - INFO - Building stim pattern for pattern_name 2437
2026-02-01 19:51:32,703 - INFO - Building stim pattern for pattern_name 2741
2026-02-01 19:51:32,717 - INFO - Building stim pattern for pattern_name 2245
2026-02-01 19:51:32,732 - INFO - Building stim pattern for pattern_name 585
2026-02-01 19:51:32,745 - INFO - Building stim pattern for pattern_name 1726
2026-02-01 19:51:32,760 - INFO - Building stim pattern for pattern_name 3939
2026-02-01 19:51:32,779 - INFO - Building stim pattern for pattern_name 737
2026-02-01 19:51:32,792 - INFO - Building stim pattern for pattern_name 342
2026-02-01 19:51:32,806 - INFO - Building stim pattern for pattern_name 1591
2026-02-01 19:51:32,817 - INFO - Building stim pattern for pattern_name 2720
2026-02-01 19:51:32,829 - INFO - Building stim pattern for pattern_name 2857
2026-02-01 19:51:32,844 - INFO - Building stim pattern for pattern_name 1457
2026-02-01 19:51:32,856 - INFO - Building stim pattern for pattern_name 1781
2026-02-01 19:51:32,878 - INFO - Building stim pattern for pattern_name 3254
2026-02-01 19:51:32,890 - INFO - Building stim pattern for pattern_name 1809
2026-02-01 19:51:32,911 - INFO - Building stim pattern for pattern_name 3327
2026-02-01 19:51:32,924 - INFO - Building stim pattern for pattern_name 1492
2026-02-01 19:51:32,937 - INFO - Building stim pattern for pattern_name 3844
2026-02-01 19:51:32,951 - INFO - Building stim pattern for pattern_name 2156
2026-02-01 19:51:32,965 - INFO - Building stim pattern for pattern_name 2636
2026-02-01 19:51:32,976 - INFO - Building stim pattern for pattern_name 609
2026-02-01 19:51:32,989 - INFO - Building stim pattern for pattern_name 203
2026-02-01 19:51:33,003 - INFO - Building stim pattern for pattern_name 3270
2026-02-01 19:51:33,031 - INFO - Building stim pattern for pattern_name 1203
2026-02-01 19:51:33,042 - INFO - Building stim pattern for pattern_name 2409
2026-02-01 19:51:33,056 - INFO - Building stim pattern for pattern_name 1723
2026-02-01 19:51:33,067 - INFO - Building stim pattern for pattern_name 3988
2026-02-01 19:51:33,081 - INFO - Building stim pattern for pattern_name 1524
2026-02-01 19:51:33,095 - INFO - Building stim pattern for pattern_name 2094
2026-02-01 19:51:33,116 - INFO - Building stim pattern for pattern_name 1873
2026-02-01 19:51:33,130 - INFO - Building stim pattern for pattern_name 322
2026-02-01 19:51:33,212 - INFO - Building stim pattern for pattern_name 2567
2026-02-01 19:51:33,231 - INFO - Building stim pattern for pattern_name 2602
2026-02-01 19:51:33,256 - INFO - Building stim pattern for pattern_name 1246
2026-02-01 19:51:33,279 - INFO - Building stim pattern for pattern_name 3785
2026-02-01 19:51:33,293 - INFO - Building stim pattern for pattern_name 2347
2026-02-01 19:51:33,304 - INFO - Building stim pattern for pattern_name 3537
2026-02-01 19:51:33,324 - INFO - Building stim pattern for pattern_name 2672
2026-02-01 19:51:33,336 - INFO - Building stim pattern for pattern_name 489
2026-02-01 19:51:33,349 - INFO - Building stim pattern for pattern_name 2456
2026-02-01 19:51:33,363 - INFO - Building stim pattern for pattern_name 1427
2026-02-01 19:51:33,384 - INFO - Building stim pattern for pattern_name 1337
2026-02-01 19:51:33,395 - INFO - Building stim pattern for pattern_name 1559
2026-02-01 19:51:33,414 - INFO - Building stim pattern for pattern_name 1838
2026-02-01 19:51:33,429 - INFO - Building stim pattern for pattern_name 679
2026-02-01 19:51:33,443 - INFO - Building stim pattern for pattern_name 3145
2026-02-01 19:51:33,456 - INFO - Building stim pattern for pattern_name 1021
2026-02-01 19:51:33,495 - INFO - Building stim pattern for pattern_name 403
2026-02-01 19:51:33,512 - INFO - Building stim pattern for pattern_name 3580
2026-02-01 19:51:33,526 - INFO - Building stim pattern for pattern_name 3603
2026-02-01 19:51:33,537 - INFO - Building stim pattern for pattern_name 998
2026-02-01 19:51:33,550 - INFO - Building stim pattern for pattern_name 3666
2026-02-01 19:51:33,564 - INFO - Building stim pattern for pattern_name 3311
2026-02-01 19:51:33,603 - INFO - Building stim pattern for pattern_name 3005
2026-02-01 19:51:33,616 - INFO - Building stim pattern for pattern_name 2562
2026-02-01 19:51:33,628 - INFO - Building stim pattern for pattern_name 1176
2026-02-01 19:51:33,640 - INFO - Building stim pattern for pattern_name 2405
2026-02-01 19:51:33,654 - INFO - Building stim pattern for pattern_name 2908
2026-02-01 19:51:33,669 - INFO - Building stim pattern for pattern_name 326
2026-02-01 19:51:33,689 - INFO - Building stim pattern for pattern_name 2025
2026-02-01 19:51:33,701 - INFO - Building stim pattern for pattern_name 1255
2026-02-01 19:51:33,712 - INFO - Building stim pattern for pattern_name 418
2026-02-01 19:51:33,724 - INFO - Building stim pattern for pattern_name 1651
2026-02-01 19:51:33,757 - INFO - Building stim pattern for pattern_name 3087
2026-02-01 19:51:33,770 - INFO - Building stim pattern for pattern_name 2736
2026-02-01 19:51:33,782 - INFO - Building stim pattern for pattern_name 891
2026-02-01 19:51:33,794 - INFO - Building stim pattern for pattern_name 2308
2026-02-01 19:51:33,806 - INFO - Building stim pattern for pattern_name 2558
2026-02-01 19:51:33,819 - INFO - Building stim pattern for pattern_name 2032
2026-02-01 19:51:33,831 - INFO - Building stim pattern for pattern_name 2641
2026-02-01 19:51:33,844 - INFO - Building stim pattern for pattern_name 240
2026-02-01 19:51:33,855 - INFO - Building stim pattern for pattern_name 1530
2026-02-01 19:51:33,886 - INFO - Building stim pattern for pattern_name 592
2026-02-01 19:51:33,897 - INFO - Building stim pattern for pattern_name 2400
2026-02-01 19:51:33,910 - INFO - Building stim pattern for pattern_name 2705
2026-02-01 19:51:33,923 - INFO - Building stim pattern for pattern_name 654
2026-02-01 19:51:33,935 - INFO - Building stim pattern for pattern_name 3107
2026-02-01 19:51:33,949 - INFO - Building stim pattern for pattern_name 3181
2026-02-01 19:51:33,961 - INFO - Building stim pattern for pattern_name 1351
2026-02-01 19:51:33,994 - INFO - Building stim pattern for pattern_name 2422
2026-02-01 19:51:34,007 - INFO - Building stim pattern for pattern_name 2715
2026-02-01 19:51:34,020 - INFO - Building stim pattern for pattern_name 1035
2026-02-01 19:51:34,033 - INFO - Building stim pattern for pattern_name 3893
2026-02-01 19:51:34,047 - INFO - Building stim pattern for pattern_name 1557
2026-02-01 19:51:34,062 - INFO - Building stim pattern for pattern_name 1418
2026-02-01 19:51:34,089 - INFO - Building stim pattern for pattern_name 2575
2026-02-01 19:51:34,111 - INFO - Building stim pattern for pattern_name 2339
2026-02-01 19:51:34,123 - INFO - Building stim pattern for pattern_name 3331
2026-02-01 19:51:34,137 - INFO - Building stim pattern for pattern_name 3826
2026-02-01 19:51:34,149 - INFO - Building stim pattern for pattern_name 1968
2026-02-01 19:51:34,161 - INFO - Building stim pattern for pattern_name 1888
2026-02-01 19:51:34,176 - INFO - Building stim pattern for pattern_name 3205
2026-02-01 19:51:34,187 - INFO - Building stim pattern for pattern_name 1852
2026-02-01 19:51:34,199 - INFO - Building stim pattern for pattern_name 770
2026-02-01 19:51:34,211 - INFO - Building stim pattern for pattern_name 1229
2026-02-01 19:51:34,224 - INFO - Building stim pattern for pattern_name 492
2026-02-01 19:51:34,235 - INFO - Building stim pattern for pattern_name 3382
2026-02-01 19:51:34,254 - INFO - Building stim pattern for pattern_name 1405
2026-02-01 19:51:34,276 - INFO - Building stim pattern for pattern_name 1386
2026-02-01 19:51:34,309 - INFO - Building stim pattern for pattern_name 41
2026-02-01 19:51:34,324 - INFO - Building stim pattern for pattern_name 530
2026-02-01 19:51:34,336 - INFO - Building stim pattern for pattern_name 1197
2026-02-01 19:51:34,352 - INFO - Building stim pattern for pattern_name 2915
2026-02-01 19:51:34,366 - INFO - Building stim pattern for pattern_name 1581
2026-02-01 19:51:34,379 - INFO - Building stim pattern for pattern_name 316
2026-02-01 19:51:34,392 - INFO - Building stim pattern for pattern_name 533
2026-02-01 19:51:34,403 - INFO - Building stim pattern for pattern_name 3369
2026-02-01 19:51:34,415 - INFO - Building stim pattern for pattern_name 2097
2026-02-01 19:51:34,436 - INFO - Building stim pattern for pattern_name 2962
2026-02-01 19:51:34,448 - INFO - Building stim pattern for pattern_name 474
2026-02-01 19:51:34,461 - INFO - Building stim pattern for pattern_name 3657
2026-02-01 19:51:34,474 - INFO - Building stim pattern for pattern_name 1346
2026-02-01 19:51:34,492 - INFO - Building stim pattern for pattern_name 2691
2026-02-01 19:51:34,504 - INFO - Building stim pattern for pattern_name 2999
2026-02-01 19:51:34,525 - INFO - Building stim pattern for pattern_name 2499
2026-02-01 19:51:34,536 - INFO - Building stim pattern for pattern_name 2118
2026-02-01 19:51:34,552 - INFO - Building stim pattern for pattern_name 1060
2026-02-01 19:51:34,565 - INFO - Building stim pattern for pattern_name 1770
2026-02-01 19:51:34,580 - INFO - Building stim pattern for pattern_name 624
2026-02-01 19:51:34,591 - INFO - Building stim pattern for pattern_name 1744
2026-02-01 19:51:34,604 - INFO - Building stim pattern for pattern_name 2801
2026-02-01 19:51:34,617 - INFO - Building stim pattern for pattern_name 3222
2026-02-01 19:51:34,630 - INFO - Building stim pattern for pattern_name 1566
2026-02-01 19:51:34,640 - INFO - Building stim pattern for pattern_name 3055
2026-02-01 19:51:34,693 - INFO - Building stim pattern for pattern_name 526
2026-02-01 19:51:34,736 - INFO - Building stim pattern for pattern_name 850
2026-02-01 19:51:34,755 - INFO - Building stim pattern for pattern_name 880
2026-02-01 19:51:34,769 - INFO - Building stim pattern for pattern_name 3436
2026-02-01 19:51:34,782 - INFO - Building stim pattern for pattern_name 2565
2026-02-01 19:51:34,797 - INFO - Building stim pattern for pattern_name 2366
2026-02-01 19:51:34,812 - INFO - Building stim pattern for pattern_name 856
2026-02-01 19:51:34,826 - INFO - Building stim pattern for pattern_name 2305
2026-02-01 19:51:34,845 - INFO - Building stim pattern for pattern_name 305
2026-02-01 19:51:34,857 - INFO - Building stim pattern for pattern_name 2559
2026-02-01 19:51:34,883 - INFO - Building stim pattern for pattern_name 3937
2026-02-01 19:51:34,895 - INFO - Building stim pattern for pattern_name 1138
2026-02-01 19:51:34,916 - INFO - Building stim pattern for pattern_name 2846
2026-02-01 19:51:34,928 - INFO - Building stim pattern for pattern_name 2646
2026-02-01 19:51:34,940 - INFO - Building stim pattern for pattern_name 2224
2026-02-01 19:51:34,952 - INFO - Building stim pattern for pattern_name 3014
2026-02-01 19:51:34,974 - INFO - Building stim pattern for pattern_name 2874
2026-02-01 19:51:34,985 - INFO - Building stim pattern for pattern_name 1795
2026-02-01 19:51:35,005 - INFO - Building stim pattern for pattern_name 3045
2026-02-01 19:51:35,017 - INFO - Building stim pattern for pattern_name 2709
2026-02-01 19:51:35,030 - INFO - Building stim pattern for pattern_name 1112
2026-02-01 19:51:35,043 - INFO - Building stim pattern for pattern_name 662
2026-02-01 19:51:35,054 - INFO - Building stim pattern for pattern_name 3926
2026-02-01 19:51:35,066 - INFO - Building stim pattern for pattern_name 50
2026-02-01 19:51:35,078 - INFO - Building stim pattern for pattern_name 1424
2026-02-01 19:51:35,101 - INFO - Building stim pattern for pattern_name 1017
2026-02-01 19:51:35,112 - INFO - Building stim pattern for pattern_name 1929
2026-02-01 19:51:35,124 - INFO - Building stim pattern for pattern_name 3083
2026-02-01 19:51:35,137 - INFO - Building stim pattern for pattern_name 1862
2026-02-01 19:51:35,156 - INFO - Building stim pattern for pattern_name 2820
2026-02-01 19:51:35,169 - INFO - Building stim pattern for pattern_name 2731
2026-02-01 19:51:35,182 - INFO - Building stim pattern for pattern_name 108
2026-02-01 19:51:35,193 - INFO - Building stim pattern for pattern_name 2452
2026-02-01 19:51:35,229 - INFO - Building stim pattern for pattern_name 3546
2026-02-01 19:51:35,242 - INFO - Building stim pattern for pattern_name 412
2026-02-01 19:51:35,262 - INFO - Building stim pattern for pattern_name 3011
2026-02-01 19:51:35,273 - INFO - Building stim pattern for pattern_name 2681
2026-02-01 19:51:35,294 - INFO - Building stim pattern for pattern_name 748
2026-02-01 19:51:35,308 - INFO - Building stim pattern for pattern_name 3224
2026-02-01 19:51:35,319 - INFO - Building stim pattern for pattern_name 1436
2026-02-01 19:51:35,330 - INFO - Building stim pattern for pattern_name 3652
2026-02-01 19:51:35,351 - INFO - Building stim pattern for pattern_name 289
2026-02-01 19:51:35,369 - INFO - Building stim pattern for pattern_name 1081
2026-02-01 19:51:35,381 - INFO - Building stim pattern for pattern_name 1848
2026-02-01 19:51:35,399 - INFO - Building stim pattern for pattern_name 2345
2026-02-01 19:51:35,412 - INFO - Building stim pattern for pattern_name 2282
2026-02-01 19:51:35,423 - INFO - Building stim pattern for pattern_name 1901
2026-02-01 19:51:35,443 - INFO - Building stim pattern for pattern_name 2299
2026-02-01 19:51:35,454 - INFO - Building stim pattern for pattern_name 3703
2026-02-01 19:51:35,467 - INFO - Building stim pattern for pattern_name 3588
2026-02-01 19:51:35,489 - INFO - Building stim pattern for pattern_name 1204
2026-02-01 19:51:35,501 - INFO - Building stim pattern for pattern_name 1041
2026-02-01 19:51:35,514 - INFO - Building stim pattern for pattern_name 567
2026-02-01 19:51:35,532 - INFO - Building stim pattern for pattern_name 1362
2026-02-01 19:51:35,544 - INFO - Building stim pattern for pattern_name 637
2026-02-01 19:51:35,556 - INFO - Building stim pattern for pattern_name 3212
2026-02-01 19:51:35,569 - INFO - Building stim pattern for pattern_name 554
2026-02-01 19:51:35,582 - INFO - Building stim pattern for pattern_name 2816
2026-02-01 19:51:35,602 - INFO - Building stim pattern for pattern_name 777
2026-02-01 19:51:35,613 - INFO - Building stim pattern for pattern_name 529
2026-02-01 19:51:35,626 - INFO - Building stim pattern for pattern_name 3375
2026-02-01 19:51:35,639 - INFO - Building stim pattern for pattern_name 1180
2026-02-01 19:51:35,651 - INFO - Building stim pattern for pattern_name 3053
2026-02-01 19:51:35,662 - INFO - Building stim pattern for pattern_name 3595
2026-02-01 19:51:35,673 - INFO - Building stim pattern for pattern_name 1820
2026-02-01 19:51:35,692 - INFO - Building stim pattern for pattern_name 3512
2026-02-01 19:51:35,704 - INFO - Building stim pattern for pattern_name 2875
2026-02-01 19:51:35,715 - INFO - Building stim pattern for pattern_name 1659
2026-02-01 19:51:35,727 - INFO - Building stim pattern for pattern_name 1131
2026-02-01 19:51:35,740 - INFO - Building stim pattern for pattern_name 2338
2026-02-01 19:51:35,752 - INFO - Building stim pattern for pattern_name 3787
2026-02-01 19:51:35,763 - INFO - Building stim pattern for pattern_name 503
2026-02-01 19:51:35,774 - INFO - Building stim pattern for pattern_name 621
2026-02-01 19:51:35,785 - INFO - Building stim pattern for pattern_name 1853
2026-02-01 19:51:35,797 - INFO - Building stim pattern for pattern_name 3272
2026-02-01 19:51:35,810 - INFO - Building stim pattern for pattern_name 1791
2026-02-01 19:51:35,822 - INFO - Building stim pattern for pattern_name 597
2026-02-01 19:51:35,833 - INFO - Building stim pattern for pattern_name 2197
2026-02-01 19:51:35,853 - INFO - Building stim pattern for pattern_name 1845
2026-02-01 19:51:35,868 - INFO - Building stim pattern for pattern_name 1910
2026-02-01 19:51:35,886 - INFO - Building stim pattern for pattern_name 1980
2026-02-01 19:51:35,906 - INFO - Building stim pattern for pattern_name 229
2026-02-01 19:51:35,926 - INFO - Building stim pattern for pattern_name 2884
2026-02-01 19:51:35,944 - INFO - Building stim pattern for pattern_name 746
2026-02-01 19:51:35,965 - INFO - Building stim pattern for pattern_name 652
2026-02-01 19:51:36,011 - INFO - Building stim pattern for pattern_name 1253
2026-02-01 19:51:36,053 - INFO - Building stim pattern for pattern_name 1696
2026-02-01 19:51:36,080 - INFO - Building stim pattern for pattern_name 3498
2026-02-01 19:51:36,095 - INFO - Building stim pattern for pattern_name 2314
2026-02-01 19:51:36,107 - INFO - Building stim pattern for pattern_name 2387
2026-02-01 19:51:36,125 - INFO - Building stim pattern for pattern_name 2774
2026-02-01 19:51:36,139 - INFO - Building stim pattern for pattern_name 88
2026-02-01 19:51:36,153 - INFO - Building stim pattern for pattern_name 2589
2026-02-01 19:51:36,167 - INFO - Building stim pattern for pattern_name 3070
2026-02-01 19:51:36,188 - INFO - Building stim pattern for pattern_name 571
2026-02-01 19:51:36,200 - INFO - Building stim pattern for pattern_name 1159
2026-02-01 19:51:36,211 - INFO - Building stim pattern for pattern_name 1206
2026-02-01 19:51:36,225 - INFO - Building stim pattern for pattern_name 351
2026-02-01 19:51:36,241 - INFO - Building stim pattern for pattern_name 2885
2026-02-01 19:51:36,255 - INFO - Building stim pattern for pattern_name 564
2026-02-01 19:51:36,270 - INFO - Building stim pattern for pattern_name 2176
2026-02-01 19:51:36,306 - INFO - Building stim pattern for pattern_name 68
2026-02-01 19:51:36,319 - INFO - Building stim pattern for pattern_name 3051
2026-02-01 19:51:36,333 - INFO - Building stim pattern for pattern_name 1141
2026-02-01 19:51:36,356 - INFO - Building stim pattern for pattern_name 365
2026-02-01 19:51:36,368 - INFO - Building stim pattern for pattern_name 3998
2026-02-01 19:51:36,381 - INFO - Building stim pattern for pattern_name 1721
2026-02-01 19:51:36,402 - INFO - Building stim pattern for pattern_name 1408
2026-02-01 19:51:36,413 - INFO - Building stim pattern for pattern_name 3903
2026-02-01 19:51:36,425 - INFO - Building stim pattern for pattern_name 415
2026-02-01 19:51:36,437 - INFO - Building stim pattern for pattern_name 773
2026-02-01 19:51:36,449 - INFO - Building stim pattern for pattern_name 2972
2026-02-01 19:51:36,461 - INFO - Building stim pattern for pattern_name 3211
2026-02-01 19:51:36,482 - INFO - Building stim pattern for pattern_name 2818
2026-02-01 19:51:36,493 - INFO - Building stim pattern for pattern_name 2497
2026-02-01 19:51:36,504 - INFO - Building stim pattern for pattern_name 1874
2026-02-01 19:51:36,519 - INFO - Building stim pattern for pattern_name 3960
2026-02-01 19:51:36,541 - INFO - Building stim pattern for pattern_name 1725
2026-02-01 19:51:36,553 - INFO - Building stim pattern for pattern_name 2996
2026-02-01 19:51:36,565 - INFO - Building stim pattern for pattern_name 1702
2026-02-01 19:51:36,587 - INFO - Building stim pattern for pattern_name 1576
2026-02-01 19:51:36,599 - INFO - Building stim pattern for pattern_name 144
2026-02-01 19:51:36,612 - INFO - Building stim pattern for pattern_name 3395
2026-02-01 19:51:36,641 - INFO - Building stim pattern for pattern_name 1780
2026-02-01 19:51:36,671 - INFO - Building stim pattern for pattern_name 2218
2026-02-01 19:51:36,683 - INFO - Building stim pattern for pattern_name 3450
2026-02-01 19:51:36,694 - INFO - Building stim pattern for pattern_name 2579
2026-02-01 19:51:36,707 - INFO - Building stim pattern for pattern_name 2005
2026-02-01 19:51:36,719 - INFO - Building stim pattern for pattern_name 3889
2026-02-01 19:51:36,732 - INFO - Building stim pattern for pattern_name 1127
2026-02-01 19:51:36,745 - INFO - Building stim pattern for pattern_name 2542
2026-02-01 19:51:36,764 - INFO - Building stim pattern for pattern_name 288
2026-02-01 19:51:36,776 - INFO - Building stim pattern for pattern_name 1736
2026-02-01 19:51:36,787 - INFO - Building stim pattern for pattern_name 2417
2026-02-01 19:51:36,808 - INFO - Building stim pattern for pattern_name 631
2026-02-01 19:51:36,821 - INFO - Building stim pattern for pattern_name 2781
2026-02-01 19:51:36,833 - INFO - Building stim pattern for pattern_name 3175
2026-02-01 19:51:36,847 - INFO - Building stim pattern for pattern_name 961
2026-02-01 19:51:36,860 - INFO - Building stim pattern for pattern_name 485
2026-02-01 19:51:36,881 - INFO - Building stim pattern for pattern_name 3860
2026-02-01 19:51:36,895 - INFO - Building stim pattern for pattern_name 2410
2026-02-01 19:51:36,908 - INFO - Building stim pattern for pattern_name 2108
2026-02-01 19:51:36,921 - INFO - Building stim pattern for pattern_name 3178
2026-02-01 19:51:36,934 - INFO - Building stim pattern for pattern_name 270
2026-02-01 19:51:36,946 - INFO - Building stim pattern for pattern_name 799
2026-02-01 19:51:36,959 - INFO - Building stim pattern for pattern_name 1794
2026-02-01 19:51:36,970 - INFO - Building stim pattern for pattern_name 603
2026-02-01 19:51:36,990 - INFO - Building stim pattern for pattern_name 3805
2026-02-01 19:51:37,003 - INFO - Building stim pattern for pattern_name 539
2026-02-01 19:51:37,015 - INFO - Building stim pattern for pattern_name 2221
2026-02-01 19:51:37,027 - INFO - Building stim pattern for pattern_name 635
2026-02-01 19:51:37,039 - INFO - Building stim pattern for pattern_name 176
2026-02-01 19:51:37,062 - INFO - Building stim pattern for pattern_name 468
2026-02-01 19:51:37,075 - INFO - Building stim pattern for pattern_name 3827
2026-02-01 19:51:37,087 - INFO - Building stim pattern for pattern_name 2262
2026-02-01 19:51:37,100 - INFO - Building stim pattern for pattern_name 3153
2026-02-01 19:51:37,111 - INFO - Building stim pattern for pattern_name 2183
2026-02-01 19:51:37,129 - INFO - Building stim pattern for pattern_name 1297
2026-02-01 19:51:37,141 - INFO - Building stim pattern for pattern_name 1383
2026-02-01 19:51:37,152 - INFO - Building stim pattern for pattern_name 2533
2026-02-01 19:51:37,163 - INFO - Building stim pattern for pattern_name 390
2026-02-01 19:51:37,177 - INFO - Building stim pattern for pattern_name 3777
2026-02-01 19:51:37,189 - INFO - Building stim pattern for pattern_name 3697
2026-02-01 19:51:37,202 - INFO - Building stim pattern for pattern_name 3719
2026-02-01 19:51:37,219 - INFO - Building stim pattern for pattern_name 2255
2026-02-01 19:51:37,237 - INFO - Building stim pattern for pattern_name 3155
2026-02-01 19:51:37,249 - INFO - Building stim pattern for pattern_name 1529
2026-02-01 19:51:37,259 - INFO - Building stim pattern for pattern_name 396
2026-02-01 19:51:37,272 - INFO - Building stim pattern for pattern_name 2324
2026-02-01 19:51:37,282 - INFO - Building stim pattern for pattern_name 1905
2026-02-01 19:51:37,301 - INFO - Building stim pattern for pattern_name 1422
2026-02-01 19:51:37,313 - INFO - Building stim pattern for pattern_name 3712
2026-02-01 19:51:37,326 - INFO - Building stim pattern for pattern_name 987
2026-02-01 19:51:37,350 - INFO - Building stim pattern for pattern_name 2613
2026-02-01 19:51:37,363 - INFO - Building stim pattern for pattern_name 2932
2026-02-01 19:51:37,382 - INFO - Building stim pattern for pattern_name 149
2026-02-01 19:51:37,393 - INFO - Building stim pattern for pattern_name 3585
2026-02-01 19:51:37,405 - INFO - Building stim pattern for pattern_name 735
2026-02-01 19:51:37,424 - INFO - Building stim pattern for pattern_name 3554
2026-02-01 19:51:37,435 - INFO - Building stim pattern for pattern_name 2826
2026-02-01 19:51:37,453 - INFO - Building stim pattern for pattern_name 150
2026-02-01 19:51:37,464 - INFO - Building stim pattern for pattern_name 478
2026-02-01 19:51:37,483 - INFO - Building stim pattern for pattern_name 1111
2026-02-01 19:51:37,494 - INFO - Building stim pattern for pattern_name 843
2026-02-01 19:51:37,507 - INFO - Building stim pattern for pattern_name 26
2026-02-01 19:51:37,518 - INFO - Building stim pattern for pattern_name 1866
2026-02-01 19:51:37,531 - INFO - Building stim pattern for pattern_name 803
2026-02-01 19:51:37,545 - INFO - Building stim pattern for pattern_name 1431
2026-02-01 19:51:37,558 - INFO - Building stim pattern for pattern_name 201
2026-02-01 19:51:37,572 - INFO - Building stim pattern for pattern_name 254
2026-02-01 19:51:37,586 - INFO - Building stim pattern for pattern_name 2889
2026-02-01 19:51:37,598 - INFO - Building stim pattern for pattern_name 1672
2026-02-01 19:51:37,617 - INFO - Building stim pattern for pattern_name 2849
2026-02-01 19:51:37,631 - INFO - Building stim pattern for pattern_name 1166
2026-02-01 19:51:37,652 - INFO - Building stim pattern for pattern_name 2537
2026-02-01 19:51:37,663 - INFO - Building stim pattern for pattern_name 1945
2026-02-01 19:51:37,676 - INFO - Building stim pattern for pattern_name 1943
2026-02-01 19:51:37,690 - INFO - Building stim pattern for pattern_name 1638
2026-02-01 19:51:37,702 - INFO - Building stim pattern for pattern_name 1817
2026-02-01 19:51:37,715 - INFO - Building stim pattern for pattern_name 2414
2026-02-01 19:51:37,737 - INFO - Building stim pattern for pattern_name 1078
2026-02-01 19:51:37,747 - INFO - Building stim pattern for pattern_name 3099
2026-02-01 19:51:37,760 - INFO - Building stim pattern for pattern_name 3046
2026-02-01 19:51:37,773 - INFO - Building stim pattern for pattern_name 3700
2026-02-01 19:51:37,796 - INFO - Building stim pattern for pattern_name 3735
2026-02-01 19:51:37,870 - INFO - Building stim pattern for pattern_name 3754
2026-02-01 19:51:37,903 - INFO - Building stim pattern for pattern_name 894
2026-02-01 19:51:37,917 - INFO - Building stim pattern for pattern_name 221
2026-02-01 19:51:37,929 - INFO - Building stim pattern for pattern_name 3476
2026-02-01 19:51:37,943 - INFO - Building stim pattern for pattern_name 1045
2026-02-01 19:51:37,956 - INFO - Building stim pattern for pattern_name 2905
2026-02-01 19:51:37,969 - INFO - Building stim pattern for pattern_name 224
2026-02-01 19:51:37,980 - INFO - Building stim pattern for pattern_name 2464
2026-02-01 19:51:37,993 - INFO - Building stim pattern for pattern_name 3437
2026-02-01 19:51:38,006 - INFO - Building stim pattern for pattern_name 693
2026-02-01 19:51:38,020 - INFO - Building stim pattern for pattern_name 87
2026-02-01 19:51:38,032 - INFO - Building stim pattern for pattern_name 3325
2026-02-01 19:51:38,045 - INFO - Building stim pattern for pattern_name 1746
2026-02-01 19:51:38,057 - INFO - Building stim pattern for pattern_name 2928
2026-02-01 19:51:38,072 - INFO - Building stim pattern for pattern_name 739
2026-02-01 19:51:38,087 - INFO - Building stim pattern for pattern_name 2852
2026-02-01 19:51:38,099 - INFO - Building stim pattern for pattern_name 2525
2026-02-01 19:51:38,110 - INFO - Building stim pattern for pattern_name 855
2026-02-01 19:51:38,132 - INFO - Building stim pattern for pattern_name 3203
2026-02-01 19:51:38,144 - INFO - Building stim pattern for pattern_name 3128
2026-02-01 19:51:38,158 - INFO - Building stim pattern for pattern_name 2445
2026-02-01 19:51:38,188 - INFO - Building stim pattern for pattern_name 2251
2026-02-01 19:51:38,199 - INFO - Building stim pattern for pattern_name 200
2026-02-01 19:51:38,212 - INFO - Building stim pattern for pattern_name 1489
2026-02-01 19:51:38,233 - INFO - Building stim pattern for pattern_name 3486
2026-02-01 19:51:38,244 - INFO - Building stim pattern for pattern_name 1043
2026-02-01 19:51:38,256 - INFO - Building stim pattern for pattern_name 3391
2026-02-01 19:51:38,268 - INFO - Building stim pattern for pattern_name 2650
2026-02-01 19:51:38,288 - INFO - Building stim pattern for pattern_name 3304
2026-02-01 19:51:38,302 - INFO - Building stim pattern for pattern_name 3223
2026-02-01 19:51:38,316 - INFO - Building stim pattern for pattern_name 1864
2026-02-01 19:51:38,331 - INFO - Building stim pattern for pattern_name 347
2026-02-01 19:51:38,344 - INFO - Building stim pattern for pattern_name 1441
2026-02-01 19:51:38,357 - INFO - Building stim pattern for pattern_name 3619
2026-02-01 19:51:38,368 - INFO - Building stim pattern for pattern_name 1811
2026-02-01 19:51:38,391 - INFO - Building stim pattern for pattern_name 3586
2026-02-01 19:51:38,407 - INFO - Building stim pattern for pattern_name 558
2026-02-01 19:51:38,422 - INFO - Building stim pattern for pattern_name 2569
2026-02-01 19:51:38,460 - INFO - Building stim pattern for pattern_name 1053
2026-02-01 19:51:38,473 - INFO - Building stim pattern for pattern_name 3856
2026-02-01 19:51:38,484 - INFO - Building stim pattern for pattern_name 387
2026-02-01 19:51:38,499 - INFO - Building stim pattern for pattern_name 2564
2026-02-01 19:51:38,513 - INFO - Building stim pattern for pattern_name 3989
2026-02-01 19:51:38,528 - INFO - Building stim pattern for pattern_name 2997
2026-02-01 19:51:38,543 - INFO - Building stim pattern for pattern_name 754
2026-02-01 19:51:38,557 - INFO - Building stim pattern for pattern_name 3348
2026-02-01 19:51:38,595 - INFO - Building stim pattern for pattern_name 2609
2026-02-01 19:51:38,609 - INFO - Building stim pattern for pattern_name 284
2026-02-01 19:51:38,620 - INFO - Building stim pattern for pattern_name 3206
2026-02-01 19:51:38,642 - INFO - Building stim pattern for pattern_name 2266
2026-02-01 19:51:38,653 - INFO - Building stim pattern for pattern_name 2196
2026-02-01 19:51:38,665 - INFO - Building stim pattern for pattern_name 372
2026-02-01 19:51:38,681 - INFO - Building stim pattern for pattern_name 2581
2026-02-01 19:51:38,705 - INFO - Building stim pattern for pattern_name 3002
2026-02-01 19:51:38,719 - INFO - Building stim pattern for pattern_name 954
2026-02-01 19:51:38,733 - INFO - Building stim pattern for pattern_name 3906
2026-02-01 19:51:38,747 - INFO - Building stim pattern for pattern_name 2512
2026-02-01 19:51:38,762 - INFO - Building stim pattern for pattern_name 666
2026-02-01 19:51:38,774 - INFO - Building stim pattern for pattern_name 3387
2026-02-01 19:51:38,786 - INFO - Building stim pattern for pattern_name 2084
2026-02-01 19:51:38,811 - INFO - Building stim pattern for pattern_name 993
2026-02-01 19:51:38,825 - INFO - Building stim pattern for pattern_name 1307
2026-02-01 19:51:38,839 - INFO - Building stim pattern for pattern_name 575
2026-02-01 19:51:38,868 - INFO - Building stim pattern for pattern_name 48
2026-02-01 19:51:38,882 - INFO - Building stim pattern for pattern_name 3075
2026-02-01 19:51:38,894 - INFO - Building stim pattern for pattern_name 1376
2026-02-01 19:51:38,905 - INFO - Building stim pattern for pattern_name 1202
2026-02-01 19:51:38,925 - INFO - Building stim pattern for pattern_name 2448
2026-02-01 19:51:38,936 - INFO - Building stim pattern for pattern_name 2
2026-02-01 19:51:38,949 - INFO - Building stim pattern for pattern_name 801
2026-02-01 19:51:38,964 - INFO - Building stim pattern for pattern_name 1806
2026-02-01 19:51:38,979 - INFO - Building stim pattern for pattern_name 3064
2026-02-01 19:51:38,992 - INFO - Building stim pattern for pattern_name 1468
2026-02-01 19:51:39,004 - INFO - Building stim pattern for pattern_name 819
2026-02-01 19:51:39,015 - INFO - Building stim pattern for pattern_name 732
2026-02-01 19:51:39,037 - INFO - Building stim pattern for pattern_name 2942
2026-02-01 19:51:39,050 - INFO - Building stim pattern for pattern_name 1331
2026-02-01 19:51:39,071 - INFO - Building stim pattern for pattern_name 2749
2026-02-01 19:51:39,083 - INFO - Building stim pattern for pattern_name 2758
2026-02-01 19:51:39,097 - INFO - Building stim pattern for pattern_name 3621
2026-02-01 19:51:39,108 - INFO - Building stim pattern for pattern_name 2507
2026-02-01 19:51:39,121 - INFO - Building stim pattern for pattern_name 1551
2026-02-01 19:51:39,132 - INFO - Building stim pattern for pattern_name 1235
2026-02-01 19:51:39,152 - INFO - Building stim pattern for pattern_name 3945
2026-02-01 19:51:39,163 - INFO - Building stim pattern for pattern_name 1230
2026-02-01 19:51:39,219 - INFO - Building stim pattern for pattern_name 199
2026-02-01 19:51:39,254 - INFO - Building stim pattern for pattern_name 821
2026-02-01 19:51:39,276 - INFO - Building stim pattern for pattern_name 3762
2026-02-01 19:51:39,290 - INFO - Building stim pattern for pattern_name 3278
2026-02-01 19:51:39,305 - INFO - Building stim pattern for pattern_name 1921
2026-02-01 19:51:39,317 - INFO - Building stim pattern for pattern_name 630
2026-02-01 19:51:39,331 - INFO - Building stim pattern for pattern_name 756
2026-02-01 19:51:39,343 - INFO - Building stim pattern for pattern_name 142
2026-02-01 19:51:39,359 - INFO - Building stim pattern for pattern_name 430
2026-02-01 19:51:39,373 - INFO - Building stim pattern for pattern_name 628
2026-02-01 19:51:39,388 - INFO - Building stim pattern for pattern_name 550
2026-02-01 19:51:39,402 - INFO - Building stim pattern for pattern_name 1857
2026-02-01 19:51:39,418 - INFO - Building stim pattern for pattern_name 2723
2026-02-01 19:51:39,437 - INFO - Building stim pattern for pattern_name 1580
2026-02-01 19:51:39,464 - INFO - Building stim pattern for pattern_name 1465
2026-02-01 19:51:39,476 - INFO - Building stim pattern for pattern_name 3130
2026-02-01 19:51:39,489 - INFO - Building stim pattern for pattern_name 330
2026-02-01 19:51:39,502 - INFO - Building stim pattern for pattern_name 921
2026-02-01 19:51:39,514 - INFO - Building stim pattern for pattern_name 2755
2026-02-01 19:51:39,526 - INFO - Building stim pattern for pattern_name 3558
2026-02-01 19:51:39,538 - INFO - Building stim pattern for pattern_name 3534
2026-02-01 19:51:39,552 - INFO - Building stim pattern for pattern_name 1515
2026-02-01 19:51:39,572 - INFO - Building stim pattern for pattern_name 2404
2026-02-01 19:51:39,585 - INFO - Building stim pattern for pattern_name 1030
2026-02-01 19:51:39,597 - INFO - Building stim pattern for pattern_name 2393
2026-02-01 19:51:39,609 - INFO - Building stim pattern for pattern_name 2086
2026-02-01 19:51:39,629 - INFO - Building stim pattern for pattern_name 2297
2026-02-01 19:51:39,681 - INFO - Building stim pattern for pattern_name 3850
2026-02-01 19:51:39,717 - INFO - Building stim pattern for pattern_name 1343
2026-02-01 19:51:39,736 - INFO - Building stim pattern for pattern_name 2627
2026-02-01 19:51:39,752 - INFO - Building stim pattern for pattern_name 2535
2026-02-01 19:51:39,779 - INFO - Building stim pattern for pattern_name 2370
2026-02-01 19:51:39,808 - INFO - Building stim pattern for pattern_name 1894
2026-02-01 19:51:39,831 - INFO - Building stim pattern for pattern_name 1355
2026-02-01 19:51:39,847 - INFO - Building stim pattern for pattern_name 2316
2026-02-01 19:51:39,865 - INFO - Building stim pattern for pattern_name 2655
2026-02-01 19:51:39,884 - INFO - Building stim pattern for pattern_name 1295
2026-02-01 19:51:39,905 - INFO - Building stim pattern for pattern_name 2521
2026-02-01 19:51:39,923 - INFO - Building stim pattern for pattern_name 3618
2026-02-01 19:51:39,941 - INFO - Building stim pattern for pattern_name 2023
2026-02-01 19:51:39,955 - INFO - Building stim pattern for pattern_name 1497
2026-02-01 19:51:39,973 - INFO - Building stim pattern for pattern_name 2735
2026-02-01 19:51:39,993 - INFO - Building stim pattern for pattern_name 1645
2026-02-01 19:51:40,005 - INFO - Building stim pattern for pattern_name 3407
2026-02-01 19:51:40,015 - INFO - Building stim pattern for pattern_name 2401
2026-02-01 19:51:40,027 - INFO - Building stim pattern for pattern_name 1745
2026-02-01 19:51:40,050 - INFO - Building stim pattern for pattern_name 3192
2026-02-01 19:51:40,063 - INFO - Building stim pattern for pattern_name 1585
2026-02-01 19:51:40,076 - INFO - Building stim pattern for pattern_name 1300
2026-02-01 19:51:40,087 - INFO - Building stim pattern for pattern_name 3246
2026-02-01 19:51:40,099 - INFO - Building stim pattern for pattern_name 1121
2026-02-01 19:51:40,119 - INFO - Building stim pattern for pattern_name 1399
2026-02-01 19:51:40,164 - INFO - Building stim pattern for pattern_name 2147
2026-02-01 19:51:40,177 - INFO - Building stim pattern for pattern_name 3086
2026-02-01 19:51:40,191 - INFO - Building stim pattern for pattern_name 1237
2026-02-01 19:51:40,205 - INFO - Building stim pattern for pattern_name 51
2026-02-01 19:51:40,217 - INFO - Building stim pattern for pattern_name 749
2026-02-01 19:51:40,238 - INFO - Building stim pattern for pattern_name 520
2026-02-01 19:51:40,250 - INFO - Building stim pattern for pattern_name 1201
2026-02-01 19:51:40,262 - INFO - Building stim pattern for pattern_name 35
2026-02-01 19:51:40,276 - INFO - Building stim pattern for pattern_name 3069
2026-02-01 19:51:40,290 - INFO - Building stim pattern for pattern_name 2040
2026-02-01 19:51:40,304 - INFO - Building stim pattern for pattern_name 2719
2026-02-01 19:51:40,316 - INFO - Building stim pattern for pattern_name 3833
2026-02-01 19:51:40,329 - INFO - Building stim pattern for pattern_name 1722
2026-02-01 19:51:40,348 - INFO - Building stim pattern for pattern_name 2593
2026-02-01 19:51:40,369 - INFO - Building stim pattern for pattern_name 1329
2026-02-01 19:51:40,380 - INFO - Building stim pattern for pattern_name 2382
2026-02-01 19:51:40,393 - INFO - Building stim pattern for pattern_name 1603
2026-02-01 19:51:40,405 - INFO - Building stim pattern for pattern_name 1064
2026-02-01 19:51:40,418 - INFO - Building stim pattern for pattern_name 286
2026-02-01 19:51:40,430 - INFO - Building stim pattern for pattern_name 1918
2026-02-01 19:51:40,441 - INFO - Building stim pattern for pattern_name 568
2026-02-01 19:51:40,453 - INFO - Building stim pattern for pattern_name 243
2026-02-01 19:51:40,465 - INFO - Building stim pattern for pattern_name 2785
2026-02-01 19:51:40,483 - INFO - Building stim pattern for pattern_name 3063
2026-02-01 19:51:40,495 - INFO - Building stim pattern for pattern_name 3097
2026-02-01 19:51:40,507 - INFO - Building stim pattern for pattern_name 1843
2026-02-01 19:51:40,530 - INFO - Building stim pattern for pattern_name 3383
2026-02-01 19:51:40,543 - INFO - Building stim pattern for pattern_name 491
2026-02-01 19:51:40,555 - INFO - Building stim pattern for pattern_name 1752
2026-02-01 19:51:40,569 - INFO - Building stim pattern for pattern_name 2306
2026-02-01 19:51:40,582 - INFO - Building stim pattern for pattern_name 2030
2026-02-01 19:51:40,604 - INFO - Building stim pattern for pattern_name 2368
2026-02-01 19:51:40,617 - INFO - Building stim pattern for pattern_name 2753
2026-02-01 19:51:40,635 - INFO - Building stim pattern for pattern_name 2479
2026-02-01 19:51:40,647 - INFO - Building stim pattern for pattern_name 2782
2026-02-01 19:51:40,658 - INFO - Building stim pattern for pattern_name 553
2026-02-01 19:51:40,671 - INFO - Building stim pattern for pattern_name 2205
2026-02-01 19:51:40,683 - INFO - Building stim pattern for pattern_name 949
2026-02-01 19:51:40,712 - INFO - Building stim pattern for pattern_name 2858
2026-02-01 19:51:40,724 - INFO - Building stim pattern for pattern_name 3108
2026-02-01 19:51:40,736 - INFO - Building stim pattern for pattern_name 3347
2026-02-01 19:51:40,748 - INFO - Building stim pattern for pattern_name 275
2026-02-01 19:51:40,800 - INFO - Building stim pattern for pattern_name 1711
2026-02-01 19:51:40,851 - INFO - Building stim pattern for pattern_name 2955
2026-02-01 19:51:40,869 - INFO - Building stim pattern for pattern_name 1996
2026-02-01 19:51:40,881 - INFO - Building stim pattern for pattern_name 3289
2026-02-01 19:51:40,901 - INFO - Building stim pattern for pattern_name 3456
2026-02-01 19:51:40,913 - INFO - Building stim pattern for pattern_name 1221
2026-02-01 19:51:40,925 - INFO - Building stim pattern for pattern_name 3897
2026-02-01 19:51:40,935 - INFO - Building stim pattern for pattern_name 3524
2026-02-01 19:51:40,947 - INFO - Building stim pattern for pattern_name 3949
2026-02-01 19:51:40,959 - INFO - Building stim pattern for pattern_name 3397
2026-02-01 19:51:40,972 - INFO - Building stim pattern for pattern_name 28
2026-02-01 19:51:40,984 - INFO - Building stim pattern for pattern_name 3857
2026-02-01 19:51:41,008 - INFO - Building stim pattern for pattern_name 2421
2026-02-01 19:51:41,026 - INFO - Building stim pattern for pattern_name 2881
2026-02-01 19:51:41,038 - INFO - Building stim pattern for pattern_name 3238
2026-02-01 19:51:41,051 - INFO - Building stim pattern for pattern_name 1537
2026-02-01 19:51:41,089 - INFO - Building stim pattern for pattern_name 2177
2026-02-01 19:51:41,101 - INFO - Building stim pattern for pattern_name 893
2026-02-01 19:51:41,121 - INFO - Building stim pattern for pattern_name 711
2026-02-01 19:51:41,132 - INFO - Building stim pattern for pattern_name 3898
2026-02-01 19:51:41,144 - INFO - Building stim pattern for pattern_name 3701
2026-02-01 19:51:41,157 - INFO - Building stim pattern for pattern_name 130
2026-02-01 19:51:41,170 - INFO - Building stim pattern for pattern_name 217
2026-02-01 19:51:41,181 - INFO - Building stim pattern for pattern_name 3480
2026-02-01 19:51:41,194 - INFO - Building stim pattern for pattern_name 3432
2026-02-01 19:51:41,209 - INFO - Building stim pattern for pattern_name 1347
2026-02-01 19:51:41,222 - INFO - Building stim pattern for pattern_name 12
2026-02-01 19:51:41,304 - INFO - Building stim pattern for pattern_name 2699
2026-02-01 19:51:41,351 - INFO - Building stim pattern for pattern_name 427
2026-02-01 19:51:41,365 - INFO - Building stim pattern for pattern_name 3261
2026-02-01 19:51:41,378 - INFO - Building stim pattern for pattern_name 3368
2026-02-01 19:51:41,392 - INFO - Building stim pattern for pattern_name 1747
2026-02-01 19:51:41,411 - INFO - Building stim pattern for pattern_name 3665
2026-02-01 19:51:41,424 - INFO - Building stim pattern for pattern_name 343
2026-02-01 19:51:41,436 - INFO - Building stim pattern for pattern_name 3113
2026-02-01 19:51:41,449 - INFO - Building stim pattern for pattern_name 2501
2026-02-01 19:51:41,470 - INFO - Building stim pattern for pattern_name 3040
2026-02-01 19:51:41,482 - INFO - Building stim pattern for pattern_name 133
2026-02-01 19:51:41,503 - INFO - Building stim pattern for pattern_name 3696
2026-02-01 19:51:41,584 - INFO - Building stim pattern for pattern_name 3577
2026-02-01 19:51:41,616 - INFO - Building stim pattern for pattern_name 3334
2026-02-01 19:51:41,632 - INFO - Building stim pattern for pattern_name 1707
2026-02-01 19:51:41,647 - INFO - Building stim pattern for pattern_name 293
2026-02-01 19:51:41,659 - INFO - Building stim pattern for pattern_name 2492
2026-02-01 19:51:41,672 - INFO - Building stim pattern for pattern_name 8
2026-02-01 19:51:41,683 - INFO - Building stim pattern for pattern_name 2036
2026-02-01 19:51:41,706 - INFO - Building stim pattern for pattern_name 3442
2026-02-01 19:51:41,718 - INFO - Building stim pattern for pattern_name 2273
2026-02-01 19:51:41,744 - INFO - Building stim pattern for pattern_name 3435
2026-02-01 19:51:41,763 - INFO - Building stim pattern for pattern_name 3556
2026-02-01 19:51:41,775 - INFO - Building stim pattern for pattern_name 3306
2026-02-01 19:51:41,786 - INFO - Building stim pattern for pattern_name 808
2026-02-01 19:51:41,797 - INFO - Building stim pattern for pattern_name 80
2026-02-01 19:51:41,824 - INFO - Building stim pattern for pattern_name 3410
2026-02-01 19:51:41,836 - INFO - Building stim pattern for pattern_name 650
2026-02-01 19:51:41,847 - INFO - Building stim pattern for pattern_name 2743
2026-02-01 19:51:41,860 - INFO - Building stim pattern for pattern_name 3265
2026-02-01 19:51:41,881 - INFO - Building stim pattern for pattern_name 3357
2026-02-01 19:51:41,894 - INFO - Building stim pattern for pattern_name 266
2026-02-01 19:51:41,908 - INFO - Building stim pattern for pattern_name 684
2026-02-01 19:51:41,927 - INFO - Building stim pattern for pattern_name 1256
2026-02-01 19:51:41,940 - INFO - Building stim pattern for pattern_name 854
2026-02-01 19:51:41,952 - INFO - Building stim pattern for pattern_name 2620
2026-02-01 19:51:41,964 - INFO - Building stim pattern for pattern_name 2764
2026-02-01 19:51:41,983 - INFO - Building stim pattern for pattern_name 677
2026-02-01 19:51:42,003 - INFO - Building stim pattern for pattern_name 2845
2026-02-01 19:51:42,015 - INFO - Building stim pattern for pattern_name 2771
2026-02-01 19:51:42,027 - INFO - Building stim pattern for pattern_name 1560
2026-02-01 19:51:42,039 - INFO - Building stim pattern for pattern_name 1608
2026-02-01 19:51:42,060 - INFO - Building stim pattern for pattern_name 441
2026-02-01 19:51:42,072 - INFO - Building stim pattern for pattern_name 1044
2026-02-01 19:51:42,085 - INFO - Building stim pattern for pattern_name 2406
2026-02-01 19:51:42,096 - INFO - Building stim pattern for pattern_name 1490
2026-02-01 19:51:42,111 - INFO - Building stim pattern for pattern_name 56
2026-02-01 19:51:42,125 - INFO - Building stim pattern for pattern_name 2580
2026-02-01 19:51:42,136 - INFO - Building stim pattern for pattern_name 69
2026-02-01 19:51:42,149 - INFO - Building stim pattern for pattern_name 3277
2026-02-01 19:51:42,167 - INFO - Building stim pattern for pattern_name 3645
2026-02-01 19:51:42,186 - INFO - Building stim pattern for pattern_name 2604
2026-02-01 19:51:42,197 - INFO - Building stim pattern for pattern_name 301
2026-02-01 19:51:42,210 - INFO - Building stim pattern for pattern_name 1643
2026-02-01 19:51:42,221 - INFO - Building stim pattern for pattern_name 3650
2026-02-01 19:51:42,232 - INFO - Building stim pattern for pattern_name 2261
2026-02-01 19:51:42,243 - INFO - Building stim pattern for pattern_name 2963
2026-02-01 19:51:42,256 - INFO - Building stim pattern for pattern_name 1
2026-02-01 19:51:42,267 - INFO - Building stim pattern for pattern_name 3033
2026-02-01 19:51:42,279 - INFO - Building stim pattern for pattern_name 499
2026-02-01 19:51:42,291 - INFO - Building stim pattern for pattern_name 3759
2026-02-01 19:51:42,302 - INFO - Building stim pattern for pattern_name 2469
2026-02-01 19:51:42,313 - INFO - Building stim pattern for pattern_name 1352
2026-02-01 19:51:42,325 - INFO - Building stim pattern for pattern_name 1891
2026-02-01 19:51:42,336 - INFO - Building stim pattern for pattern_name 3422
2026-02-01 19:51:42,348 - INFO - Building stim pattern for pattern_name 94
2026-02-01 19:51:42,361 - INFO - Building stim pattern for pattern_name 3445
2026-02-01 19:51:42,372 - INFO - Building stim pattern for pattern_name 103
2026-02-01 19:51:42,384 - INFO - Building stim pattern for pattern_name 2803
2026-02-01 19:51:42,396 - INFO - Building stim pattern for pattern_name 1742
2026-02-01 19:51:42,407 - INFO - Building stim pattern for pattern_name 2532
2026-02-01 19:51:42,418 - INFO - Building stim pattern for pattern_name 276
2026-02-01 19:51:42,436 - INFO - Building stim pattern for pattern_name 758
2026-02-01 19:51:42,448 - INFO - Building stim pattern for pattern_name 62
2026-02-01 19:51:42,459 - INFO - Building stim pattern for pattern_name 2748
2026-02-01 19:51:42,470 - INFO - Building stim pattern for pattern_name 2936
2026-02-01 19:51:42,481 - INFO - Building stim pattern for pattern_name 785
2026-02-01 19:51:42,503 - INFO - Building stim pattern for pattern_name 1750
2026-02-01 19:51:42,517 - INFO - Building stim pattern for pattern_name 3137
2026-02-01 19:51:42,529 - INFO - Building stim pattern for pattern_name 1793
2026-02-01 19:51:42,541 - INFO - Building stim pattern for pattern_name 3433
2026-02-01 19:51:42,554 - INFO - Building stim pattern for pattern_name 2991
2026-02-01 19:51:42,567 - INFO - Building stim pattern for pattern_name 3411
2026-02-01 19:51:42,579 - INFO - Building stim pattern for pattern_name 1833
2026-02-01 19:51:42,594 - INFO - Building stim pattern for pattern_name 2911
2026-02-01 19:51:42,620 - INFO - Building stim pattern for pattern_name 747
2026-02-01 19:51:42,631 - INFO - Building stim pattern for pattern_name 222
2026-02-01 19:51:42,643 - INFO - Building stim pattern for pattern_name 1074
2026-02-01 19:51:42,656 - INFO - Building stim pattern for pattern_name 3806
2026-02-01 19:51:42,669 - INFO - Building stim pattern for pattern_name 2890
2026-02-01 19:51:42,682 - INFO - Building stim pattern for pattern_name 911
2026-02-01 19:51:42,694 - INFO - Building stim pattern for pattern_name 1825
2026-02-01 19:51:42,705 - INFO - Building stim pattern for pattern_name 3457
2026-02-01 19:51:42,719 - INFO - Building stim pattern for pattern_name 214
2026-02-01 19:51:42,730 - INFO - Building stim pattern for pattern_name 3925
2026-02-01 19:51:42,742 - INFO - Building stim pattern for pattern_name 3496
2026-02-01 19:51:42,754 - INFO - Building stim pattern for pattern_name 762
2026-02-01 19:51:42,766 - INFO - Building stim pattern for pattern_name 1198
2026-02-01 19:51:42,779 - INFO - Building stim pattern for pattern_name 2498
2026-02-01 19:51:42,793 - INFO - Building stim pattern for pattern_name 1480
2026-02-01 19:51:42,804 - INFO - Building stim pattern for pattern_name 3744
2026-02-01 19:51:42,824 - INFO - Building stim pattern for pattern_name 3995
2026-02-01 19:51:42,836 - INFO - Building stim pattern for pattern_name 3146
2026-02-01 19:51:42,848 - INFO - Building stim pattern for pattern_name 3466
2026-02-01 19:51:42,861 - INFO - Building stim pattern for pattern_name 649
2026-02-01 19:51:42,875 - INFO - Building stim pattern for pattern_name 3286
2026-02-01 19:51:42,892 - INFO - Building stim pattern for pattern_name 111
2026-02-01 19:51:42,916 - INFO - Building stim pattern for pattern_name 1033
2026-02-01 19:51:42,932 - INFO - Building stim pattern for pattern_name 1236
