2026-02-13 13:11:05,767 - INFO - ============================================================
2026-02-13 13:11:05,767 - INFO - Experiment run directory: results/cnn_history_sweep_2026-02-13_12-47-14/trial_0007_history=50
2026-02-13 13:11:05,768 - INFO - ============================================================
2026-02-13 13:11:05,768 - INFO - Loading data …
2026-02-13 13:11:06,393 - INFO - 63 unique neurons after dropping problematic neurons
2026-02-13 13:11:07,127 - INFO - Stimulation channels: 42, Spiking neurons: 63
2026-02-13 13:11:07,141 - INFO - Building stim pattern for pattern_name 4033
2026-02-13 13:11:07,153 - INFO - Building stim pattern for pattern_name 4017
2026-02-13 13:11:07,161 - INFO - Building stim pattern for pattern_name 4028
2026-02-13 13:11:07,173 - INFO - Building stim pattern for pattern_name 2739
2026-02-13 13:11:07,184 - INFO - Building stim pattern for pattern_name 4003
2026-02-13 13:11:07,195 - INFO - Building stim pattern for pattern_name 3514
2026-02-13 13:11:07,213 - INFO - Building stim pattern for pattern_name 91
2026-02-13 13:11:07,223 - INFO - Building stim pattern for pattern_name 617
2026-02-13 13:11:07,232 - INFO - Building stim pattern for pattern_name 3852
2026-02-13 13:11:07,242 - INFO - Building stim pattern for pattern_name 4025
2026-02-13 13:11:07,254 - INFO - Building stim pattern for pattern_name 3219
2026-02-13 13:11:07,264 - INFO - Building stim pattern for pattern_name 3708
2026-02-13 13:11:07,273 - INFO - Building stim pattern for pattern_name 2977
2026-02-13 13:11:07,285 - INFO - Building stim pattern for pattern_name 399
2026-02-13 13:11:07,294 - INFO - Building stim pattern for pattern_name 3495
2026-02-13 13:11:07,303 - INFO - Building stim pattern for pattern_name 535
2026-02-13 13:11:07,315 - INFO - Building stim pattern for pattern_name 522
2026-02-13 13:11:07,325 - INFO - Building stim pattern for pattern_name 3430
2026-02-13 13:11:07,335 - INFO - Building stim pattern for pattern_name 4004
2026-02-13 13:11:07,347 - INFO - Building stim pattern for pattern_name 1001
2026-02-13 13:11:07,358 - INFO - Building stim pattern for pattern_name 244
2026-02-13 13:11:07,369 - INFO - Building stim pattern for pattern_name 1209
2026-02-13 13:11:07,380 - INFO - Building stim pattern for pattern_name 858
2026-02-13 13:11:07,390 - INFO - Building stim pattern for pattern_name 2446
2026-02-13 13:11:07,400 - INFO - Building stim pattern for pattern_name 623
2026-02-13 13:11:07,410 - INFO - Building stim pattern for pattern_name 1578
2026-02-13 13:11:07,420 - INFO - Building stim pattern for pattern_name 1268
2026-02-13 13:11:07,430 - INFO - Building stim pattern for pattern_name 47
2026-02-13 13:11:07,441 - INFO - Building stim pattern for pattern_name 1768
2026-02-13 13:11:07,453 - INFO - Building stim pattern for pattern_name 2971
2026-02-13 13:11:07,462 - INFO - Building stim pattern for pattern_name 3515
2026-02-13 13:11:07,472 - INFO - Building stim pattern for pattern_name 238
2026-02-13 13:11:07,482 - INFO - Building stim pattern for pattern_name 90
2026-02-13 13:11:07,491 - INFO - Building stim pattern for pattern_name 2509
2026-02-13 13:11:07,502 - INFO - Building stim pattern for pattern_name 695
2026-02-13 13:11:07,513 - INFO - Building stim pattern for pattern_name 369
2026-02-13 13:11:07,523 - INFO - Building stim pattern for pattern_name 596
2026-02-13 13:11:07,535 - INFO - Building stim pattern for pattern_name 2055
2026-02-13 13:11:07,544 - INFO - Building stim pattern for pattern_name 4040
2026-02-13 13:11:07,554 - INFO - Building stim pattern for pattern_name 2275
2026-02-13 13:11:07,564 - INFO - Building stim pattern for pattern_name 784
2026-02-13 13:11:07,586 - INFO - Building stim pattern for pattern_name 373
2026-02-13 13:11:07,619 - INFO - Building stim pattern for pattern_name 43
2026-02-13 13:11:07,636 - INFO - Building stim pattern for pattern_name 3162
2026-02-13 13:11:07,649 - INFO - Building stim pattern for pattern_name 3934
2026-02-13 13:11:07,658 - INFO - Building stim pattern for pattern_name 3718
2026-02-13 13:11:07,669 - INFO - Building stim pattern for pattern_name 2046
2026-02-13 13:11:07,678 - INFO - Building stim pattern for pattern_name 3660
2026-02-13 13:11:07,689 - INFO - Building stim pattern for pattern_name 2329
2026-02-13 13:11:07,702 - INFO - Building stim pattern for pattern_name 1278
2026-02-13 13:11:07,712 - INFO - Building stim pattern for pattern_name 3361
2026-02-13 13:11:07,721 - INFO - Building stim pattern for pattern_name 277
2026-02-13 13:11:07,732 - INFO - Building stim pattern for pattern_name 2556
2026-02-13 13:11:07,742 - INFO - Building stim pattern for pattern_name 3010
2026-02-13 13:11:07,753 - INFO - Building stim pattern for pattern_name 4038
2026-02-13 13:11:07,763 - INFO - Building stim pattern for pattern_name 1626
2026-02-13 13:11:07,774 - INFO - Building stim pattern for pattern_name 2212
2026-02-13 13:11:07,786 - INFO - Building stim pattern for pattern_name 2428
2026-02-13 13:11:07,796 - INFO - Building stim pattern for pattern_name 840
2026-02-13 13:11:07,806 - INFO - Building stim pattern for pattern_name 4022
2026-02-13 13:11:07,818 - INFO - Building stim pattern for pattern_name 2597
2026-02-13 13:11:07,828 - INFO - Building stim pattern for pattern_name 2560
2026-02-13 13:11:07,837 - INFO - Building stim pattern for pattern_name 3531
2026-02-13 13:11:07,846 - INFO - Building stim pattern for pattern_name 3288
2026-02-13 13:11:07,855 - INFO - Building stim pattern for pattern_name 3119
2026-02-13 13:11:07,865 - INFO - Building stim pattern for pattern_name 776
2026-02-13 13:11:07,874 - INFO - Building stim pattern for pattern_name 3074
2026-02-13 13:11:07,884 - INFO - Building stim pattern for pattern_name 2100
2026-02-13 13:11:07,896 - INFO - Building stim pattern for pattern_name 449
2026-02-13 13:11:07,905 - INFO - Building stim pattern for pattern_name 716
2026-02-13 13:11:07,915 - INFO - Building stim pattern for pattern_name 4034
2026-02-13 13:11:07,925 - INFO - Building stim pattern for pattern_name 3365
2026-02-13 13:11:07,934 - INFO - Building stim pattern for pattern_name 1181
2026-02-13 13:11:07,945 - INFO - Building stim pattern for pattern_name 4030
2026-02-13 13:11:07,956 - INFO - Building stim pattern for pattern_name 4031
2026-02-13 13:11:07,968 - INFO - Building stim pattern for pattern_name 1296
2026-02-13 13:11:07,978 - INFO - Building stim pattern for pattern_name 814
2026-02-13 13:11:07,987 - INFO - Building stim pattern for pattern_name 4005
2026-02-13 13:11:07,997 - INFO - Building stim pattern for pattern_name 3584
2026-02-13 13:11:08,007 - INFO - Building stim pattern for pattern_name 570
2026-02-13 13:11:08,018 - INFO - Building stim pattern for pattern_name 2649
2026-02-13 13:11:08,026 - INFO - Building stim pattern for pattern_name 962
2026-02-13 13:11:08,036 - INFO - Building stim pattern for pattern_name 4
2026-02-13 13:11:08,045 - INFO - Building stim pattern for pattern_name 2240
2026-02-13 13:11:08,055 - INFO - Building stim pattern for pattern_name 2929
2026-02-13 13:11:08,064 - INFO - Building stim pattern for pattern_name 345
2026-02-13 13:11:08,074 - INFO - Building stim pattern for pattern_name 3545
2026-02-13 13:11:08,085 - INFO - Building stim pattern for pattern_name 1590
2026-02-13 13:11:08,095 - INFO - Building stim pattern for pattern_name 3243
2026-02-13 13:11:08,105 - INFO - Building stim pattern for pattern_name 3251
2026-02-13 13:11:08,117 - INFO - Building stim pattern for pattern_name 1261
2026-02-13 13:11:08,126 - INFO - Building stim pattern for pattern_name 3792
2026-02-13 13:11:08,142 - INFO - Building stim pattern for pattern_name 4010
2026-02-13 13:11:08,154 - INFO - Building stim pattern for pattern_name 3475
2026-02-13 13:11:08,165 - INFO - Building stim pattern for pattern_name 1583
2026-02-13 13:11:08,175 - INFO - Building stim pattern for pattern_name 2987
2026-02-13 13:11:08,196 - INFO - Building stim pattern for pattern_name 1373
2026-02-13 13:11:08,206 - INFO - Building stim pattern for pattern_name 670
2026-02-13 13:11:08,217 - INFO - Building stim pattern for pattern_name 2630
2026-02-13 13:11:08,228 - INFO - Building stim pattern for pattern_name 566
2026-02-13 13:11:08,272 - INFO - Building stim pattern for pattern_name 1389
2026-02-13 13:11:08,296 - INFO - Building stim pattern for pattern_name 2721
2026-02-13 13:11:08,307 - INFO - Building stim pattern for pattern_name 2260
2026-02-13 13:11:08,317 - INFO - Building stim pattern for pattern_name 2022
2026-02-13 13:11:08,326 - INFO - Building stim pattern for pattern_name 4039
2026-02-13 13:11:08,336 - INFO - Building stim pattern for pattern_name 1930
2026-02-13 13:11:08,347 - INFO - Building stim pattern for pattern_name 738
2026-02-13 13:11:08,357 - INFO - Building stim pattern for pattern_name 2002
2026-02-13 13:11:08,367 - INFO - Building stim pattern for pattern_name 3454
2026-02-13 13:11:08,377 - INFO - Building stim pattern for pattern_name 408
2026-02-13 13:11:08,387 - INFO - Building stim pattern for pattern_name 4002
2026-02-13 13:11:08,403 - INFO - Building stim pattern for pattern_name 227
2026-02-13 13:11:08,412 - INFO - Building stim pattern for pattern_name 3404
2026-02-13 13:11:08,423 - INFO - Building stim pattern for pattern_name 10
2026-02-13 13:11:08,434 - INFO - Building stim pattern for pattern_name 2714
2026-02-13 13:11:08,444 - INFO - Building stim pattern for pattern_name 4026
2026-02-13 13:11:08,456 - INFO - Building stim pattern for pattern_name 3755
2026-02-13 13:11:08,467 - INFO - Building stim pattern for pattern_name 1052
2026-02-13 13:11:08,489 - INFO - Building stim pattern for pattern_name 258
2026-02-13 13:11:08,502 - INFO - Building stim pattern for pattern_name 576
2026-02-13 13:11:08,514 - INFO - Building stim pattern for pattern_name 1895
2026-02-13 13:11:08,524 - INFO - Building stim pattern for pattern_name 1455
2026-02-13 13:11:08,534 - INFO - Building stim pattern for pattern_name 1439
2026-02-13 13:11:08,545 - INFO - Building stim pattern for pattern_name 2933
2026-02-13 13:11:08,557 - INFO - Building stim pattern for pattern_name 1325
2026-02-13 13:11:08,567 - INFO - Building stim pattern for pattern_name 3610
2026-02-13 13:11:08,579 - INFO - Building stim pattern for pattern_name 3601
2026-02-13 13:11:08,590 - INFO - Building stim pattern for pattern_name 3022
2026-02-13 13:11:08,601 - INFO - Building stim pattern for pattern_name 1312
2026-02-13 13:11:08,611 - INFO - Building stim pattern for pattern_name 1654
2026-02-13 13:11:08,622 - INFO - Building stim pattern for pattern_name 2031
2026-02-13 13:11:08,633 - INFO - Building stim pattern for pattern_name 1564
2026-02-13 13:11:08,650 - INFO - Building stim pattern for pattern_name 3398
2026-02-13 13:11:08,661 - INFO - Building stim pattern for pattern_name 4047
2026-02-13 13:11:08,671 - INFO - Building stim pattern for pattern_name 4036
2026-02-13 13:11:08,681 - INFO - Building stim pattern for pattern_name 727
2026-02-13 13:11:08,691 - INFO - Building stim pattern for pattern_name 263
2026-02-13 13:11:08,702 - INFO - Building stim pattern for pattern_name 2402
2026-02-13 13:11:08,713 - INFO - Building stim pattern for pattern_name 4020
2026-02-13 13:11:08,723 - INFO - Building stim pattern for pattern_name 4049
2026-02-13 13:11:08,733 - INFO - Building stim pattern for pattern_name 4029
2026-02-13 13:11:08,743 - INFO - Building stim pattern for pattern_name 3641
2026-02-13 13:11:08,754 - INFO - Building stim pattern for pattern_name 501
2026-02-13 13:11:08,766 - INFO - Building stim pattern for pattern_name 3574
2026-02-13 13:11:08,776 - INFO - Building stim pattern for pattern_name 2214
2026-02-13 13:11:08,787 - INFO - Building stim pattern for pattern_name 543
2026-02-13 13:11:08,797 - INFO - Building stim pattern for pattern_name 4044
2026-02-13 13:11:08,808 - INFO - Building stim pattern for pattern_name 2058
2026-02-13 13:11:08,820 - INFO - Building stim pattern for pattern_name 4012
2026-02-13 13:11:08,830 - INFO - Building stim pattern for pattern_name 1565
2026-02-13 13:11:08,839 - INFO - Building stim pattern for pattern_name 3892
2026-02-13 13:11:08,851 - INFO - Building stim pattern for pattern_name 2481
2026-02-13 13:11:08,861 - INFO - Building stim pattern for pattern_name 334
2026-02-13 13:11:08,872 - INFO - Building stim pattern for pattern_name 2102
2026-02-13 13:11:08,882 - INFO - Building stim pattern for pattern_name 3316
2026-02-13 13:11:08,931 - INFO - Building stim pattern for pattern_name 4037
2026-02-13 13:11:08,948 - INFO - Building stim pattern for pattern_name 1577
2026-02-13 13:11:08,958 - INFO - Building stim pattern for pattern_name 4045
2026-02-13 13:11:08,969 - INFO - Building stim pattern for pattern_name 394
2026-02-13 13:11:08,979 - INFO - Building stim pattern for pattern_name 1252
2026-02-13 13:11:08,989 - INFO - Building stim pattern for pattern_name 870
2026-02-13 13:11:09,005 - INFO - Building stim pattern for pattern_name 1892
2026-02-13 13:11:09,015 - INFO - Building stim pattern for pattern_name 1727
2026-02-13 13:11:09,027 - INFO - Building stim pattern for pattern_name 175
2026-02-13 13:11:09,044 - INFO - Building stim pattern for pattern_name 285
2026-02-13 13:11:09,054 - INFO - Building stim pattern for pattern_name 560
2026-02-13 13:11:09,065 - INFO - Building stim pattern for pattern_name 2111
2026-02-13 13:11:09,075 - INFO - Building stim pattern for pattern_name 3690
2026-02-13 13:11:09,086 - INFO - Building stim pattern for pattern_name 2901
2026-02-13 13:11:09,096 - INFO - Building stim pattern for pattern_name 77
2026-02-13 13:11:09,107 - INFO - Building stim pattern for pattern_name 3692
2026-02-13 13:11:09,119 - INFO - Building stim pattern for pattern_name 3193
2026-02-13 13:11:09,128 - INFO - Building stim pattern for pattern_name 896
2026-02-13 13:11:09,138 - INFO - Building stim pattern for pattern_name 2138
2026-02-13 13:11:09,148 - INFO - Building stim pattern for pattern_name 1822
2026-02-13 13:11:09,158 - INFO - Building stim pattern for pattern_name 2381
2026-02-13 13:11:09,168 - INFO - Building stim pattern for pattern_name 2717
2026-02-13 13:11:09,178 - INFO - Building stim pattern for pattern_name 4014
2026-02-13 13:11:09,191 - INFO - Building stim pattern for pattern_name 481
2026-02-13 13:11:09,208 - INFO - Building stim pattern for pattern_name 2091
2026-02-13 13:11:09,220 - INFO - Building stim pattern for pattern_name 2664
2026-02-13 13:11:09,231 - INFO - Building stim pattern for pattern_name 3013
2026-02-13 13:11:09,244 - INFO - Building stim pattern for pattern_name 463
2026-02-13 13:11:09,254 - INFO - Building stim pattern for pattern_name 707
2026-02-13 13:11:09,265 - INFO - Building stim pattern for pattern_name 3307
2026-02-13 13:11:09,275 - INFO - Building stim pattern for pattern_name 4015
2026-02-13 13:11:09,293 - INFO - Building stim pattern for pattern_name 3803
2026-02-13 13:11:09,305 - INFO - Building stim pattern for pattern_name 4023
2026-02-13 13:11:09,314 - INFO - Building stim pattern for pattern_name 2383
2026-02-13 13:11:09,323 - INFO - Building stim pattern for pattern_name 3612
2026-02-13 13:11:09,343 - INFO - Building stim pattern for pattern_name 1697
2026-02-13 13:11:09,352 - INFO - Building stim pattern for pattern_name 3728
2026-02-13 13:11:09,363 - INFO - Building stim pattern for pattern_name 4048
2026-02-13 13:11:09,374 - INFO - Building stim pattern for pattern_name 3467
2026-02-13 13:11:09,385 - INFO - Building stim pattern for pattern_name 1574
2026-02-13 13:11:09,395 - INFO - Building stim pattern for pattern_name 862
2026-02-13 13:11:09,405 - INFO - Building stim pattern for pattern_name 3815
2026-02-13 13:11:09,415 - INFO - Building stim pattern for pattern_name 1971
2026-02-13 13:11:09,425 - INFO - Building stim pattern for pattern_name 2552
2026-02-13 13:11:09,435 - INFO - Building stim pattern for pattern_name 1106
2026-02-13 13:11:09,446 - INFO - Building stim pattern for pattern_name 4011
2026-02-13 13:11:09,456 - INFO - Building stim pattern for pattern_name 1169
2026-02-13 13:11:09,466 - INFO - Building stim pattern for pattern_name 2064
2026-02-13 13:11:09,477 - INFO - Building stim pattern for pattern_name 842
2026-02-13 13:11:09,487 - INFO - Building stim pattern for pattern_name 1291
2026-02-13 13:11:09,496 - INFO - Building stim pattern for pattern_name 1010
2026-02-13 13:11:09,506 - INFO - Building stim pattern for pattern_name 2060
2026-02-13 13:11:09,522 - INFO - Building stim pattern for pattern_name 446
2026-02-13 13:11:09,533 - INFO - Building stim pattern for pattern_name 2079
2026-02-13 13:11:09,544 - INFO - Building stim pattern for pattern_name 1757
2026-02-13 13:11:09,574 - INFO - Building stim pattern for pattern_name 2970
2026-02-13 13:11:09,610 - INFO - Building stim pattern for pattern_name 2644
2026-02-13 13:11:09,621 - INFO - Building stim pattern for pattern_name 3990
2026-02-13 13:11:09,632 - INFO - Building stim pattern for pattern_name 3640
2026-02-13 13:11:09,642 - INFO - Building stim pattern for pattern_name 1082
2026-02-13 13:11:09,652 - INFO - Building stim pattern for pattern_name 2042
2026-02-13 13:11:09,662 - INFO - Building stim pattern for pattern_name 95
2026-02-13 13:11:09,671 - INFO - Building stim pattern for pattern_name 2950
2026-02-13 13:11:09,682 - INFO - Building stim pattern for pattern_name 426
2026-02-13 13:11:09,691 - INFO - Building stim pattern for pattern_name 1850
2026-02-13 13:11:09,702 - INFO - Building stim pattern for pattern_name 75
2026-02-13 13:11:09,712 - INFO - Building stim pattern for pattern_name 2924
2026-02-13 13:11:09,727 - INFO - Building stim pattern for pattern_name 2441
2026-02-13 13:11:09,738 - INFO - Building stim pattern for pattern_name 3549
2026-02-13 13:11:09,750 - INFO - Building stim pattern for pattern_name 2675
2026-02-13 13:11:09,767 - INFO - Building stim pattern for pattern_name 2725
2026-02-13 13:11:09,777 - INFO - Building stim pattern for pattern_name 1870
2026-02-13 13:11:09,787 - INFO - Building stim pattern for pattern_name 2451
2026-02-13 13:11:09,798 - INFO - Building stim pattern for pattern_name 3724
2026-02-13 13:11:09,810 - INFO - Building stim pattern for pattern_name 3249
2026-02-13 13:11:09,820 - INFO - Building stim pattern for pattern_name 3699
2026-02-13 13:11:09,833 - INFO - Building stim pattern for pattern_name 3552
2026-02-13 13:11:09,847 - INFO - Building stim pattern for pattern_name 4019
2026-02-13 13:11:09,857 - INFO - Building stim pattern for pattern_name 3991
2026-02-13 13:11:09,871 - INFO - Building stim pattern for pattern_name 947
2026-02-13 13:11:09,881 - INFO - Building stim pattern for pattern_name 3400
2026-02-13 13:11:09,891 - INFO - Building stim pattern for pattern_name 1872
2026-02-13 13:11:09,902 - INFO - Building stim pattern for pattern_name 2998
2026-02-13 13:11:09,911 - INFO - Building stim pattern for pattern_name 279
2026-02-13 13:11:09,920 - INFO - Building stim pattern for pattern_name 2713
2026-02-13 13:11:09,930 - INFO - Building stim pattern for pattern_name 3671
2026-02-13 13:11:09,939 - INFO - Building stim pattern for pattern_name 2049
2026-02-13 13:11:09,954 - INFO - Building stim pattern for pattern_name 3492
2026-02-13 13:11:09,964 - INFO - Building stim pattern for pattern_name 3191
2026-02-13 13:11:09,976 - INFO - Building stim pattern for pattern_name 1320
2026-02-13 13:11:09,992 - INFO - Building stim pattern for pattern_name 1107
2026-02-13 13:11:10,007 - INFO - Building stim pattern for pattern_name 1467
2026-02-13 13:11:10,017 - INFO - Building stim pattern for pattern_name 242
2026-02-13 13:11:10,032 - INFO - Building stim pattern for pattern_name 159
2026-02-13 13:11:10,042 - INFO - Building stim pattern for pattern_name 3747
2026-02-13 13:11:10,056 - INFO - Building stim pattern for pattern_name 951
2026-02-13 13:11:10,067 - INFO - Building stim pattern for pattern_name 4050
2026-02-13 13:11:10,076 - INFO - Building stim pattern for pattern_name 2008
2026-02-13 13:11:10,086 - INFO - Building stim pattern for pattern_name 956
2026-02-13 13:11:10,094 - INFO - Building stim pattern for pattern_name 3761
2026-02-13 13:11:10,103 - INFO - Building stim pattern for pattern_name 1473
2026-02-13 13:11:10,114 - INFO - Building stim pattern for pattern_name 2087
2026-02-13 13:11:10,125 - INFO - Building stim pattern for pattern_name 1154
2026-02-13 13:11:10,136 - INFO - Building stim pattern for pattern_name 2730
2026-02-13 13:11:10,145 - INFO - Building stim pattern for pattern_name 2718
2026-02-13 13:11:10,155 - INFO - Building stim pattern for pattern_name 218
2026-02-13 13:11:10,164 - INFO - Building stim pattern for pattern_name 4018
2026-02-13 13:11:10,174 - INFO - Building stim pattern for pattern_name 2301
2026-02-13 13:11:10,185 - INFO - Building stim pattern for pattern_name 3763
2026-02-13 13:11:10,196 - INFO - Building stim pattern for pattern_name 1623
2026-02-13 13:11:10,212 - INFO - Building stim pattern for pattern_name 3285
2026-02-13 13:11:10,256 - INFO - Building stim pattern for pattern_name 953
2026-02-13 13:11:10,273 - INFO - Building stim pattern for pattern_name 1075
2026-02-13 13:11:10,285 - INFO - Building stim pattern for pattern_name 143
2026-02-13 13:11:10,294 - INFO - Building stim pattern for pattern_name 250
2026-02-13 13:11:10,305 - INFO - Building stim pattern for pattern_name 1644
2026-02-13 13:11:10,321 - INFO - Building stim pattern for pattern_name 2740
2026-02-13 13:11:10,332 - INFO - Building stim pattern for pattern_name 1048
2026-02-13 13:11:10,343 - INFO - Building stim pattern for pattern_name 3084
2026-02-13 13:11:10,361 - INFO - Building stim pattern for pattern_name 3717
2026-02-13 13:11:10,371 - INFO - Building stim pattern for pattern_name 2184
2026-02-13 13:11:10,381 - INFO - Building stim pattern for pattern_name 128
2026-02-13 13:11:10,390 - INFO - Building stim pattern for pattern_name 965
2026-02-13 13:11:10,400 - INFO - Building stim pattern for pattern_name 3493
2026-02-13 13:11:10,412 - INFO - Building stim pattern for pattern_name 1234
2026-02-13 13:11:10,424 - INFO - Building stim pattern for pattern_name 3247
2026-02-13 13:11:10,441 - INFO - Building stim pattern for pattern_name 4001
2026-02-13 13:11:10,450 - INFO - Building stim pattern for pattern_name 2430
2026-02-13 13:11:10,460 - INFO - Building stim pattern for pattern_name 3266
2026-02-13 13:11:10,470 - INFO - Building stim pattern for pattern_name 1227
2026-02-13 13:11:10,480 - INFO - Building stim pattern for pattern_name 2495
2026-02-13 13:11:10,491 - INFO - Building stim pattern for pattern_name 3507
2026-02-13 13:11:10,502 - INFO - Building stim pattern for pattern_name 181
2026-02-13 13:11:10,517 - INFO - Building stim pattern for pattern_name 1036
2026-02-13 13:11:10,528 - INFO - Building stim pattern for pattern_name 922
2026-02-13 13:11:10,544 - INFO - Building stim pattern for pattern_name 3226
2026-02-13 13:11:10,553 - INFO - Building stim pattern for pattern_name 100
2026-02-13 13:11:10,563 - INFO - Building stim pattern for pattern_name 1211
2026-02-13 13:11:10,573 - INFO - Building stim pattern for pattern_name 440
2026-02-13 13:11:10,585 - INFO - Building stim pattern for pattern_name 2073
2026-02-13 13:11:10,596 - INFO - Building stim pattern for pattern_name 4032
2026-02-13 13:11:10,607 - INFO - Building stim pattern for pattern_name 3500
2026-02-13 13:11:10,619 - INFO - Building stim pattern for pattern_name 3644
2026-02-13 13:11:10,629 - INFO - Building stim pattern for pattern_name 3916
2026-02-13 13:11:10,639 - INFO - Building stim pattern for pattern_name 1394
2026-02-13 13:11:10,650 - INFO - Building stim pattern for pattern_name 483
2026-02-13 13:11:10,660 - INFO - Building stim pattern for pattern_name 4021
2026-02-13 13:11:10,669 - INFO - Building stim pattern for pattern_name 3
2026-02-13 13:11:10,682 - INFO - Building stim pattern for pattern_name 213
2026-02-13 13:11:10,692 - INFO - Building stim pattern for pattern_name 251
2026-02-13 13:11:10,701 - INFO - Building stim pattern for pattern_name 1120
2026-02-13 13:11:10,712 - INFO - Building stim pattern for pattern_name 1975
2026-02-13 13:11:10,720 - INFO - Building stim pattern for pattern_name 1508
2026-02-13 13:11:10,730 - INFO - Building stim pattern for pattern_name 4046
2026-02-13 13:11:10,739 - INFO - Building stim pattern for pattern_name 3344
2026-02-13 13:11:10,749 - INFO - Building stim pattern for pattern_name 750
2026-02-13 13:11:10,759 - INFO - Building stim pattern for pattern_name 3446
2026-02-13 13:11:10,768 - INFO - Building stim pattern for pattern_name 4006
2026-02-13 13:11:10,777 - INFO - Building stim pattern for pattern_name 2695
2026-02-13 13:11:10,787 - INFO - Building stim pattern for pattern_name 3354
2026-02-13 13:11:10,796 - INFO - Building stim pattern for pattern_name 1520
2026-02-13 13:11:10,806 - INFO - Building stim pattern for pattern_name 1826
2026-02-13 13:11:10,816 - INFO - Building stim pattern for pattern_name 2940
2026-02-13 13:11:10,825 - INFO - Building stim pattern for pattern_name 2122
2026-02-13 13:11:10,836 - INFO - Building stim pattern for pattern_name 881
2026-02-13 13:11:10,845 - INFO - Building stim pattern for pattern_name 3672
2026-02-13 13:11:10,854 - INFO - Building stim pattern for pattern_name 992
2026-02-13 13:11:10,865 - INFO - Building stim pattern for pattern_name 2321
2026-02-13 13:11:10,883 - INFO - Building stim pattern for pattern_name 2616
2026-02-13 13:11:10,931 - INFO - Building stim pattern for pattern_name 262
2026-02-13 13:11:10,942 - INFO - Building stim pattern for pattern_name 1469
2026-02-13 13:11:10,953 - INFO - Building stim pattern for pattern_name 2457
2026-02-13 13:11:10,969 - INFO - Building stim pattern for pattern_name 4013
2026-02-13 13:11:10,978 - INFO - Building stim pattern for pattern_name 2163
2026-02-13 13:11:10,987 - INFO - Building stim pattern for pattern_name 1813
2026-02-13 13:11:10,997 - INFO - Building stim pattern for pattern_name 1774
2026-02-13 13:11:11,008 - INFO - Building stim pattern for pattern_name 1958
2026-02-13 13:11:11,019 - INFO - Building stim pattern for pattern_name 1381
2026-02-13 13:11:11,028 - INFO - Building stim pattern for pattern_name 686
2026-02-13 13:11:11,037 - INFO - Building stim pattern for pattern_name 1858
2026-02-13 13:11:11,046 - INFO - Building stim pattern for pattern_name 3453
2026-02-13 13:11:11,057 - INFO - Building stim pattern for pattern_name 3733
2026-02-13 13:11:11,069 - INFO - Building stim pattern for pattern_name 556
2026-02-13 13:11:11,080 - INFO - Building stim pattern for pattern_name 1994
2026-02-13 13:11:11,091 - INFO - Building stim pattern for pattern_name 2524
2026-02-13 13:11:11,108 - INFO - Building stim pattern for pattern_name 557
2026-02-13 13:11:11,120 - INFO - Building stim pattern for pattern_name 1558
2026-02-13 13:11:11,136 - INFO - Building stim pattern for pattern_name 60
2026-02-13 13:11:11,147 - INFO - Building stim pattern for pattern_name 2622
2026-02-13 13:11:11,158 - INFO - Building stim pattern for pattern_name 1390
2026-02-13 13:11:11,168 - INFO - Building stim pattern for pattern_name 1571
2026-02-13 13:11:11,178 - INFO - Building stim pattern for pattern_name 3504
2026-02-13 13:11:11,189 - INFO - Building stim pattern for pattern_name 495
2026-02-13 13:11:11,200 - INFO - Building stim pattern for pattern_name 2783
2026-02-13 13:11:11,210 - INFO - Building stim pattern for pattern_name 3214
2026-02-13 13:11:11,222 - INFO - Building stim pattern for pattern_name 952
2026-02-13 13:11:11,233 - INFO - Building stim pattern for pattern_name 3294
2026-02-13 13:11:11,244 - INFO - Building stim pattern for pattern_name 660
2026-02-13 13:11:11,257 - INFO - Building stim pattern for pattern_name 946
2026-02-13 13:11:11,266 - INFO - Building stim pattern for pattern_name 2420
2026-02-13 13:11:11,276 - INFO - Building stim pattern for pattern_name 4027
2026-02-13 13:11:11,286 - INFO - Building stim pattern for pattern_name 1995
2026-02-13 13:11:11,303 - INFO - Building stim pattern for pattern_name 1279
2026-02-13 13:11:11,313 - INFO - Building stim pattern for pattern_name 2700
2026-02-13 13:11:11,322 - INFO - Building stim pattern for pattern_name 1475
2026-02-13 13:11:11,333 - INFO - Building stim pattern for pattern_name 869
2026-02-13 13:11:11,342 - INFO - Building stim pattern for pattern_name 2167
2026-02-13 13:11:11,362 - INFO - Building stim pattern for pattern_name 577
2026-02-13 13:11:11,372 - INFO - Building stim pattern for pattern_name 4016
2026-02-13 13:11:11,382 - INFO - Building stim pattern for pattern_name 2799
2026-02-13 13:11:11,392 - INFO - Building stim pattern for pattern_name 3782
2026-02-13 13:11:11,403 - INFO - Building stim pattern for pattern_name 1906
2026-02-13 13:11:11,413 - INFO - Building stim pattern for pattern_name 865
2026-02-13 13:11:11,422 - INFO - Building stim pattern for pattern_name 1899
2026-02-13 13:11:11,431 - INFO - Building stim pattern for pattern_name 350
2026-02-13 13:11:11,441 - INFO - Building stim pattern for pattern_name 3349
2026-02-13 13:11:11,457 - INFO - Building stim pattern for pattern_name 3253
2026-02-13 13:11:11,466 - INFO - Building stim pattern for pattern_name 3470
2026-02-13 13:11:11,475 - INFO - Building stim pattern for pattern_name 3292
2026-02-13 13:11:11,485 - INFO - Building stim pattern for pattern_name 3817
2026-02-13 13:11:11,496 - INFO - Building stim pattern for pattern_name 192
2026-02-13 13:11:11,507 - INFO - Building stim pattern for pattern_name 900
2026-02-13 13:11:11,519 - INFO - Building stim pattern for pattern_name 294
2026-02-13 13:11:11,530 - INFO - Building stim pattern for pattern_name 161
2026-02-13 13:11:11,551 - INFO - Building stim pattern for pattern_name 2539
2026-02-13 13:11:11,561 - INFO - Building stim pattern for pattern_name 1854
2026-02-13 13:11:11,568 - INFO - Building stim pattern for pattern_name 3469
2026-02-13 13:11:11,578 - INFO - Building stim pattern for pattern_name 2053
2026-02-13 13:11:11,587 - INFO - Building stim pattern for pattern_name 3100
2026-02-13 13:11:11,608 - INFO - Building stim pattern for pattern_name 967
2026-02-13 13:11:11,656 - INFO - Building stim pattern for pattern_name 3840
2026-02-13 13:11:11,672 - INFO - Building stim pattern for pattern_name 2020
2026-02-13 13:11:11,682 - INFO - Building stim pattern for pattern_name 3423
2026-02-13 13:11:11,691 - INFO - Building stim pattern for pattern_name 141
2026-02-13 13:11:11,702 - INFO - Building stim pattern for pattern_name 3861
2026-02-13 13:11:11,713 - INFO - Building stim pattern for pattern_name 584
2026-02-13 13:11:11,724 - INFO - Building stim pattern for pattern_name 969
2026-02-13 13:11:11,737 - INFO - Building stim pattern for pattern_name 3582
2026-02-13 13:11:11,747 - INFO - Building stim pattern for pattern_name 3050
2026-02-13 13:11:11,757 - INFO - Building stim pattern for pattern_name 439
2026-02-13 13:11:11,768 - INFO - Building stim pattern for pattern_name 3742
2026-02-13 13:11:11,779 - INFO - Building stim pattern for pattern_name 3036
2026-02-13 13:11:11,794 - INFO - Building stim pattern for pattern_name 2346
2026-02-13 13:11:11,811 - INFO - Building stim pattern for pattern_name 3713
2026-02-13 13:11:11,828 - INFO - Building stim pattern for pattern_name 2185
2026-02-13 13:11:11,837 - INFO - Building stim pattern for pattern_name 3794
2026-02-13 13:11:11,849 - INFO - Building stim pattern for pattern_name 1458
2026-02-13 13:11:11,860 - INFO - Building stim pattern for pattern_name 3301
2026-02-13 13:11:11,869 - INFO - Building stim pattern for pattern_name 1421
2026-02-13 13:11:11,879 - INFO - Building stim pattern for pattern_name 2047
2026-02-13 13:11:11,888 - INFO - Building stim pattern for pattern_name 1666
2026-02-13 13:11:11,899 - INFO - Building stim pattern for pattern_name 852
2026-02-13 13:11:11,912 - INFO - Building stim pattern for pattern_name 461
2026-02-13 13:11:11,922 - INFO - Building stim pattern for pattern_name 2964
2026-02-13 13:11:11,931 - INFO - Building stim pattern for pattern_name 3723
2026-02-13 13:11:11,944 - INFO - Building stim pattern for pattern_name 2045
2026-02-13 13:11:11,955 - INFO - Building stim pattern for pattern_name 3663
2026-02-13 13:11:11,967 - INFO - Building stim pattern for pattern_name 1694
2026-02-13 13:11:11,984 - INFO - Building stim pattern for pattern_name 3772
2026-02-13 13:11:11,995 - INFO - Building stim pattern for pattern_name 593
2026-02-13 13:11:12,006 - INFO - Building stim pattern for pattern_name 2256
2026-02-13 13:11:12,017 - INFO - Building stim pattern for pattern_name 2750
2026-02-13 13:11:12,038 - INFO - Building stim pattern for pattern_name 3007
2026-02-13 13:11:12,046 - INFO - Building stim pattern for pattern_name 1875
2026-02-13 13:11:12,057 - INFO - Building stim pattern for pattern_name 2231
2026-02-13 13:11:12,067 - INFO - Building stim pattern for pattern_name 310
2026-02-13 13:11:12,076 - INFO - Building stim pattern for pattern_name 1939
2026-02-13 13:11:12,086 - INFO - Building stim pattern for pattern_name 1037
2026-02-13 13:11:12,097 - INFO - Building stim pattern for pattern_name 3302
2026-02-13 13:11:12,109 - INFO - Building stim pattern for pattern_name 3597
2026-02-13 13:11:12,118 - INFO - Building stim pattern for pattern_name 2225
2026-02-13 13:11:12,136 - INFO - Building stim pattern for pattern_name 4043
2026-02-13 13:11:12,145 - INFO - Building stim pattern for pattern_name 3413
2026-02-13 13:11:12,166 - INFO - Building stim pattern for pattern_name 2592
2026-02-13 13:11:12,174 - INFO - Building stim pattern for pattern_name 3888
2026-02-13 13:11:12,183 - INFO - Building stim pattern for pattern_name 3853
2026-02-13 13:11:12,198 - INFO - Building stim pattern for pattern_name 2804
2026-02-13 13:11:12,208 - INFO - Building stim pattern for pattern_name 1599
2026-02-13 13:11:12,220 - INFO - Building stim pattern for pattern_name 2263
2026-02-13 13:11:12,231 - INFO - Building stim pattern for pattern_name 1979
2026-02-13 13:11:12,243 - INFO - Building stim pattern for pattern_name 2093
2026-02-13 13:11:12,252 - INFO - Building stim pattern for pattern_name 3460
2026-02-13 13:11:12,268 - INFO - Building stim pattern for pattern_name 3778
2026-02-13 13:11:12,280 - INFO - Building stim pattern for pattern_name 123
2026-02-13 13:11:12,292 - INFO - Building stim pattern for pattern_name 1685
2026-02-13 13:11:12,302 - INFO - Building stim pattern for pattern_name 3231
2026-02-13 13:11:12,348 - INFO - Building stim pattern for pattern_name 3317
2026-02-13 13:11:12,363 - INFO - Building stim pattern for pattern_name 950
2026-02-13 13:11:12,372 - INFO - Building stim pattern for pattern_name 1737
2026-02-13 13:11:12,382 - INFO - Building stim pattern for pattern_name 4041
2026-02-13 13:11:12,391 - INFO - Building stim pattern for pattern_name 796
2026-02-13 13:11:12,406 - INFO - Building stim pattern for pattern_name 768
2026-02-13 13:11:12,418 - INFO - Building stim pattern for pattern_name 2821
2026-02-13 13:11:12,430 - INFO - Building stim pattern for pattern_name 465
2026-02-13 13:11:12,441 - INFO - Building stim pattern for pattern_name 2922
2026-02-13 13:11:12,451 - INFO - Building stim pattern for pattern_name 32
2026-02-13 13:11:12,461 - INFO - Building stim pattern for pattern_name 3359
2026-02-13 13:11:12,471 - INFO - Building stim pattern for pattern_name 3658
2026-02-13 13:11:12,481 - INFO - Building stim pattern for pattern_name 2143
2026-02-13 13:11:12,490 - INFO - Building stim pattern for pattern_name 3267
2026-02-13 13:11:12,500 - INFO - Building stim pattern for pattern_name 1533
2026-02-13 13:11:12,511 - INFO - Building stim pattern for pattern_name 544
2026-02-13 13:11:12,521 - INFO - Building stim pattern for pattern_name 3686
2026-02-13 13:11:12,531 - INFO - Building stim pattern for pattern_name 3557
2026-02-13 13:11:12,541 - INFO - Building stim pattern for pattern_name 2328
2026-02-13 13:11:12,557 - INFO - Building stim pattern for pattern_name 2626
2026-02-13 13:11:12,568 - INFO - Building stim pattern for pattern_name 2425
2026-02-13 13:11:12,587 - INFO - Building stim pattern for pattern_name 3622
2026-02-13 13:11:12,598 - INFO - Building stim pattern for pattern_name 1977
2026-02-13 13:11:12,609 - INFO - Building stim pattern for pattern_name 3830
2026-02-13 13:11:12,620 - INFO - Building stim pattern for pattern_name 392
2026-02-13 13:11:12,629 - INFO - Building stim pattern for pattern_name 4008
2026-02-13 13:11:12,639 - INFO - Building stim pattern for pattern_name 790
2026-02-13 13:11:12,659 - INFO - Building stim pattern for pattern_name 1985
2026-02-13 13:11:12,668 - INFO - Building stim pattern for pattern_name 2311
2026-02-13 13:11:12,683 - INFO - Building stim pattern for pattern_name 2427
2026-02-13 13:11:12,693 - INFO - Building stim pattern for pattern_name 3419
2026-02-13 13:11:12,703 - INFO - Building stim pattern for pattern_name 3412
2026-02-13 13:11:12,711 - INFO - Building stim pattern for pattern_name 1897
2026-02-13 13:11:12,721 - INFO - Building stim pattern for pattern_name 910
2026-02-13 13:11:12,730 - INFO - Building stim pattern for pattern_name 702
2026-02-13 13:11:12,741 - INFO - Building stim pattern for pattern_name 551
2026-02-13 13:11:12,753 - INFO - Building stim pattern for pattern_name 3025
2026-02-13 13:11:12,770 - INFO - Building stim pattern for pattern_name 1867
2026-02-13 13:11:12,779 - INFO - Building stim pattern for pattern_name 2745
2026-02-13 13:11:12,790 - INFO - Building stim pattern for pattern_name 1839
2026-02-13 13:11:12,799 - INFO - Building stim pattern for pattern_name 3263
2026-02-13 13:11:12,810 - INFO - Building stim pattern for pattern_name 1099
2026-02-13 13:11:12,820 - INFO - Building stim pattern for pattern_name 2802
2026-02-13 13:11:12,830 - INFO - Building stim pattern for pattern_name 4007
2026-02-13 13:11:12,841 - INFO - Building stim pattern for pattern_name 1947
2026-02-13 13:11:12,852 - INFO - Building stim pattern for pattern_name 2747
2026-02-13 13:11:12,871 - INFO - Building stim pattern for pattern_name 148
2026-02-13 13:11:12,882 - INFO - Building stim pattern for pattern_name 106
2026-02-13 13:11:12,898 - INFO - Building stim pattern for pattern_name 3953
2026-02-13 13:11:12,909 - INFO - Building stim pattern for pattern_name 1562
2026-02-13 13:11:12,928 - INFO - Building stim pattern for pattern_name 4042
2026-02-13 13:11:12,953 - INFO - Building stim pattern for pattern_name 963
2026-02-13 13:11:12,966 - INFO - Building stim pattern for pattern_name 174
2026-02-13 13:11:12,978 - INFO - Building stim pattern for pattern_name 1116
2026-02-13 13:11:13,017 - INFO - Building stim pattern for pattern_name 253
2026-02-13 13:11:13,035 - INFO - Building stim pattern for pattern_name 3767
2026-02-13 13:11:13,050 - INFO - Building stim pattern for pattern_name 302
2026-02-13 13:11:13,060 - INFO - Building stim pattern for pattern_name 2480
2026-02-13 13:11:13,070 - INFO - Building stim pattern for pattern_name 2069
2026-02-13 13:11:13,081 - INFO - Building stim pattern for pattern_name 1419
2026-02-13 13:11:13,091 - INFO - Building stim pattern for pattern_name 2520
2026-02-13 13:11:13,103 - INFO - Building stim pattern for pattern_name 2254
2026-02-13 13:11:13,113 - INFO - Building stim pattern for pattern_name 2152
2026-02-13 13:11:13,123 - INFO - Building stim pattern for pattern_name 1153
2026-02-13 13:11:13,134 - INFO - Building stim pattern for pattern_name 2331
2026-02-13 13:11:13,152 - INFO - Building stim pattern for pattern_name 1428
2026-02-13 13:11:13,163 - INFO - Building stim pattern for pattern_name 2424
2026-02-13 13:11:13,174 - INFO - Building stim pattern for pattern_name 2526
2026-02-13 13:11:13,190 - INFO - Building stim pattern for pattern_name 3031
2026-02-13 13:11:13,202 - INFO - Building stim pattern for pattern_name 1940
2026-02-13 13:11:13,213 - INFO - Building stim pattern for pattern_name 994
2026-02-13 13:11:13,225 - INFO - Building stim pattern for pattern_name 1753
2026-02-13 13:11:13,237 - INFO - Building stim pattern for pattern_name 3823
2026-02-13 13:11:13,247 - INFO - Building stim pattern for pattern_name 929
2026-02-13 13:11:13,258 - INFO - Building stim pattern for pattern_name 2096
2026-02-13 13:11:13,269 - INFO - Building stim pattern for pattern_name 73
2026-02-13 13:11:13,279 - INFO - Building stim pattern for pattern_name 3865
2026-02-13 13:11:13,288 - INFO - Building stim pattern for pattern_name 4009
2026-02-13 13:11:13,300 - INFO - Building stim pattern for pattern_name 402
2026-02-13 13:11:13,317 - INFO - Building stim pattern for pattern_name 2232
2026-02-13 13:11:13,328 - INFO - Building stim pattern for pattern_name 2353
2026-02-13 13:11:13,340 - INFO - Building stim pattern for pattern_name 1453
2026-02-13 13:11:13,351 - INFO - Building stim pattern for pattern_name 2913
2026-02-13 13:11:13,368 - INFO - Building stim pattern for pattern_name 2355
2026-02-13 13:11:13,379 - INFO - Building stim pattern for pattern_name 190
2026-02-13 13:11:13,394 - INFO - Building stim pattern for pattern_name 1034
2026-02-13 13:11:13,404 - INFO - Building stim pattern for pattern_name 2822
2026-02-13 13:11:13,423 - INFO - Building stim pattern for pattern_name 2968
2026-02-13 13:11:13,433 - INFO - Building stim pattern for pattern_name 2506
2026-02-13 13:11:13,450 - INFO - Building stim pattern for pattern_name 648
2026-02-13 13:11:13,460 - INFO - Building stim pattern for pattern_name 3202
2026-02-13 13:11:13,471 - INFO - Building stim pattern for pattern_name 2669
2026-02-13 13:11:13,489 - INFO - Building stim pattern for pattern_name 1953
2026-02-13 13:11:13,503 - INFO - Building stim pattern for pattern_name 2070
2026-02-13 13:11:13,515 - INFO - Building stim pattern for pattern_name 1716
2026-02-13 13:11:13,524 - INFO - Building stim pattern for pattern_name 1266
2026-02-13 13:11:13,533 - INFO - Building stim pattern for pattern_name 1335
2026-02-13 13:11:13,544 - INFO - Building stim pattern for pattern_name 2146
2026-02-13 13:11:13,560 - INFO - Building stim pattern for pattern_name 1330
2026-02-13 13:11:13,573 - INFO - Building stim pattern for pattern_name 3730
2026-02-13 13:11:13,590 - INFO - Building stim pattern for pattern_name 563
2026-02-13 13:11:13,600 - INFO - Building stim pattern for pattern_name 3954
2026-02-13 13:11:13,610 - INFO - Building stim pattern for pattern_name 2651
2026-02-13 13:11:13,623 - INFO - Building stim pattern for pattern_name 1859
2026-02-13 13:11:13,637 - INFO - Building stim pattern for pattern_name 3210
2026-02-13 13:11:13,650 - INFO - Building stim pattern for pattern_name 2648
2026-02-13 13:11:13,663 - INFO - Building stim pattern for pattern_name 2033
2026-02-13 13:11:13,672 - INFO - Building stim pattern for pattern_name 3337
2026-02-13 13:11:13,683 - INFO - Building stim pattern for pattern_name 1831
2026-02-13 13:11:13,710 - INFO - Building stim pattern for pattern_name 715
2026-02-13 13:11:13,745 - INFO - Building stim pattern for pattern_name 431
2026-02-13 13:11:13,757 - INFO - Building stim pattern for pattern_name 3816
2026-02-13 13:11:13,768 - INFO - Building stim pattern for pattern_name 2989
2026-02-13 13:11:13,781 - INFO - Building stim pattern for pattern_name 573
2026-02-13 13:11:13,790 - INFO - Building stim pattern for pattern_name 2643
2026-02-13 13:11:13,800 - INFO - Building stim pattern for pattern_name 3599
2026-02-13 13:11:13,812 - INFO - Building stim pattern for pattern_name 1040
2026-02-13 13:11:13,822 - INFO - Building stim pattern for pattern_name 655
2026-02-13 13:11:13,835 - INFO - Building stim pattern for pattern_name 775
2026-02-13 13:11:13,846 - INFO - Building stim pattern for pattern_name 3986
2026-02-13 13:11:13,863 - INFO - Building stim pattern for pattern_name 11
2026-02-13 13:11:13,888 - INFO - Building stim pattern for pattern_name 3878
2026-02-13 13:11:13,910 - INFO - Building stim pattern for pattern_name 1652
2026-02-13 13:11:13,927 - INFO - Building stim pattern for pattern_name 374
2026-02-13 13:11:13,938 - INFO - Building stim pattern for pattern_name 3635
2026-02-13 13:11:13,958 - INFO - Building stim pattern for pattern_name 189
2026-02-13 13:11:13,970 - INFO - Building stim pattern for pattern_name 3295
2026-02-13 13:11:13,980 - INFO - Building stim pattern for pattern_name 271
2026-02-13 13:11:13,991 - INFO - Building stim pattern for pattern_name 1710
2026-02-13 13:11:14,016 - INFO - Building stim pattern for pattern_name 697
2026-02-13 13:11:14,030 - INFO - Building stim pattern for pattern_name 115
2026-02-13 13:11:14,043 - INFO - Building stim pattern for pattern_name 490
2026-02-13 13:11:14,054 - INFO - Building stim pattern for pattern_name 473
2026-02-13 13:11:14,065 - INFO - Building stim pattern for pattern_name 837
2026-02-13 13:11:14,076 - INFO - Building stim pattern for pattern_name 152
2026-02-13 13:11:14,100 - INFO - Building stim pattern for pattern_name 2813
2026-02-13 13:11:14,110 - INFO - Building stim pattern for pattern_name 1212
2026-02-13 13:11:14,122 - INFO - Building stim pattern for pattern_name 1879
2026-02-13 13:11:14,138 - INFO - Building stim pattern for pattern_name 442
2026-02-13 13:11:14,162 - INFO - Building stim pattern for pattern_name 1175
2026-02-13 13:11:14,173 - INFO - Building stim pattern for pattern_name 3581
2026-02-13 13:11:14,186 - INFO - Building stim pattern for pattern_name 3360
2026-02-13 13:11:14,218 - INFO - Building stim pattern for pattern_name 4024
2026-02-13 13:11:14,228 - INFO - Building stim pattern for pattern_name 1396
2026-02-13 13:11:14,244 - INFO - Building stim pattern for pattern_name 3562
2026-02-13 13:11:14,255 - INFO - Building stim pattern for pattern_name 2982
2026-02-13 13:11:14,271 - INFO - Building stim pattern for pattern_name 2812
2026-02-13 13:11:14,282 - INFO - Building stim pattern for pattern_name 2866
2026-02-13 13:11:14,298 - INFO - Building stim pattern for pattern_name 2893
2026-02-13 13:11:14,316 - INFO - Building stim pattern for pattern_name 307
2026-02-13 13:11:14,326 - INFO - Building stim pattern for pattern_name 1961
2026-02-13 13:11:14,336 - INFO - Building stim pattern for pattern_name 3576
2026-02-13 13:11:14,359 - INFO - Building stim pattern for pattern_name 3465
2026-02-13 13:11:14,379 - INFO - Building stim pattern for pattern_name 1962
2026-02-13 13:11:14,391 - INFO - Building stim pattern for pattern_name 2607
2026-02-13 13:11:14,404 - INFO - Building stim pattern for pattern_name 3184
2026-02-13 13:11:14,414 - INFO - Building stim pattern for pattern_name 1142
2026-02-13 13:11:14,425 - INFO - Building stim pattern for pattern_name 1619
2026-02-13 13:11:14,443 - INFO - Building stim pattern for pattern_name 2605
2026-02-13 13:11:14,455 - INFO - Building stim pattern for pattern_name 647
2026-02-13 13:11:14,465 - INFO - Building stim pattern for pattern_name 162
2026-02-13 13:11:14,479 - INFO - Building stim pattern for pattern_name 1972
2026-02-13 13:11:14,490 - INFO - Building stim pattern for pattern_name 2844
2026-02-13 13:11:14,557 - INFO - Building stim pattern for pattern_name 2671
2026-02-13 13:11:14,569 - INFO - Building stim pattern for pattern_name 1423
2026-02-13 13:11:14,581 - INFO - Building stim pattern for pattern_name 13
2026-02-13 13:11:14,593 - INFO - Building stim pattern for pattern_name 2945
2026-02-13 13:11:14,606 - INFO - Building stim pattern for pattern_name 2296
2026-02-13 13:11:14,617 - INFO - Building stim pattern for pattern_name 2645
2026-02-13 13:11:14,627 - INFO - Building stim pattern for pattern_name 2201
2026-02-13 13:11:14,638 - INFO - Building stim pattern for pattern_name 2423
2026-02-13 13:11:14,648 - INFO - Building stim pattern for pattern_name 2939
2026-02-13 13:11:14,659 - INFO - Building stim pattern for pattern_name 3693
2026-02-13 13:11:14,670 - INFO - Building stim pattern for pattern_name 1233
2026-02-13 13:11:14,681 - INFO - Building stim pattern for pattern_name 2114
2026-02-13 13:11:14,692 - INFO - Building stim pattern for pattern_name 1604
2026-02-13 13:11:14,703 - INFO - Building stim pattern for pattern_name 3617
2026-02-13 13:11:14,713 - INFO - Building stim pattern for pattern_name 437
2026-02-13 13:11:14,725 - INFO - Building stim pattern for pattern_name 3869
2026-02-13 13:11:14,735 - INFO - Building stim pattern for pattern_name 1387
2026-02-13 13:11:14,747 - INFO - Building stim pattern for pattern_name 3882
2026-02-13 13:11:14,757 - INFO - Building stim pattern for pattern_name 642
2026-02-13 13:11:14,767 - INFO - Building stim pattern for pattern_name 1083
2026-02-13 13:11:14,779 - INFO - Building stim pattern for pattern_name 1796
2026-02-13 13:11:14,790 - INFO - Building stim pattern for pattern_name 3568
2026-02-13 13:11:14,801 - INFO - Building stim pattern for pattern_name 1678
2026-02-13 13:11:14,813 - INFO - Building stim pattern for pattern_name 730
2026-02-13 13:11:14,827 - INFO - Building stim pattern for pattern_name 3315
2026-02-13 13:11:14,837 - INFO - Building stim pattern for pattern_name 3668
2026-02-13 13:11:14,848 - INFO - Building stim pattern for pattern_name 757
2026-02-13 13:11:14,864 - INFO - Building stim pattern for pattern_name 278
2026-02-13 13:11:14,874 - INFO - Building stim pattern for pattern_name 1998
2026-02-13 13:11:14,891 - INFO - Building stim pattern for pattern_name 2344
2026-02-13 13:11:14,907 - INFO - Building stim pattern for pattern_name 3305
2026-02-13 13:11:14,919 - INFO - Building stim pattern for pattern_name 2378
2026-02-13 13:11:14,931 - INFO - Building stim pattern for pattern_name 3067
2026-02-13 13:11:14,944 - INFO - Building stim pattern for pattern_name 1625
2026-02-13 13:11:14,957 - INFO - Building stim pattern for pattern_name 2872
2026-02-13 13:11:14,974 - INFO - Building stim pattern for pattern_name 3731
2026-02-13 13:11:14,986 - INFO - Building stim pattern for pattern_name 638
2026-02-13 13:11:14,996 - INFO - Building stim pattern for pattern_name 2016
2026-02-13 13:11:15,011 - INFO - Building stim pattern for pattern_name 1363
2026-02-13 13:11:15,027 - INFO - Building stim pattern for pattern_name 1397
2026-02-13 13:11:15,044 - INFO - Building stim pattern for pattern_name 1761
2026-02-13 13:11:15,056 - INFO - Building stim pattern for pattern_name 2290
2026-02-13 13:11:15,066 - INFO - Building stim pattern for pattern_name 3590
2026-02-13 13:11:15,079 - INFO - Building stim pattern for pattern_name 2247
2026-02-13 13:11:15,092 - INFO - Building stim pattern for pattern_name 699
2026-02-13 13:11:15,103 - INFO - Building stim pattern for pattern_name 1915
2026-02-13 13:11:15,112 - INFO - Building stim pattern for pattern_name 1289
2026-02-13 13:11:15,124 - INFO - Building stim pattern for pattern_name 1691
2026-02-13 13:11:15,134 - INFO - Building stim pattern for pattern_name 990
2026-02-13 13:11:15,144 - INFO - Building stim pattern for pattern_name 3077
2026-02-13 13:11:15,160 - INFO - Building stim pattern for pattern_name 1191
2026-02-13 13:11:15,171 - INFO - Building stim pattern for pattern_name 118
2026-02-13 13:11:15,181 - INFO - Building stim pattern for pattern_name 1177
2026-02-13 13:11:15,191 - INFO - Building stim pattern for pattern_name 1683
2026-02-13 13:11:15,203 - INFO - Building stim pattern for pattern_name 1348
2026-02-13 13:11:15,215 - INFO - Building stim pattern for pattern_name 1789
2026-02-13 13:11:15,244 - INFO - Building stim pattern for pattern_name 578
2026-02-13 13:11:15,274 - INFO - Building stim pattern for pattern_name 1982
2026-02-13 13:11:15,288 - INFO - Building stim pattern for pattern_name 3520
2026-02-13 13:11:15,305 - INFO - Building stim pattern for pattern_name 2865
2026-02-13 13:11:15,317 - INFO - Building stim pattern for pattern_name 1262
2026-02-13 13:11:15,326 - INFO - Building stim pattern for pattern_name 2807
2026-02-13 13:11:15,342 - INFO - Building stim pattern for pattern_name 4035
2026-02-13 13:11:15,359 - INFO - Building stim pattern for pattern_name 2139
2026-02-13 13:11:15,369 - INFO - Building stim pattern for pattern_name 1738
2026-02-13 13:11:15,379 - INFO - Building stim pattern for pattern_name 1094
2026-02-13 13:11:15,389 - INFO - Building stim pattern for pattern_name 2333
2026-02-13 13:11:15,399 - INFO - Building stim pattern for pattern_name 2517
2026-02-13 13:11:15,409 - INFO - Building stim pattern for pattern_name 1152
2026-02-13 13:11:15,427 - INFO - Building stim pattern for pattern_name 2024
2026-02-13 13:11:15,438 - INFO - Building stim pattern for pattern_name 1051
2026-02-13 13:11:15,455 - INFO - Building stim pattern for pattern_name 2839
2026-02-13 13:11:15,465 - INFO - Building stim pattern for pattern_name 3963
2026-02-13 13:11:15,475 - INFO - Building stim pattern for pattern_name 2777
2026-02-13 13:11:15,486 - INFO - Building stim pattern for pattern_name 3296
2026-02-13 13:11:15,498 - INFO - Building stim pattern for pattern_name 3091
2026-02-13 13:11:15,522 - INFO - Building stim pattern for pattern_name 3788
2026-02-13 13:11:15,534 - INFO - Building stim pattern for pattern_name 2110
2026-02-13 13:11:15,545 - INFO - Building stim pattern for pattern_name 2770
2026-02-13 13:11:15,556 - INFO - Building stim pattern for pattern_name 27
2026-02-13 13:11:15,566 - INFO - Building stim pattern for pattern_name 2656
2026-02-13 13:11:15,604 - INFO - Building stim pattern for pattern_name 3911
2026-02-13 13:11:15,622 - INFO - Building stim pattern for pattern_name 3796
2026-02-13 13:11:15,632 - INFO - Building stim pattern for pattern_name 3072
2026-02-13 13:11:15,641 - INFO - Building stim pattern for pattern_name 1686
2026-02-13 13:11:15,653 - INFO - Building stim pattern for pattern_name 3831
2026-02-13 13:11:15,662 - INFO - Building stim pattern for pattern_name 1885
2026-02-13 13:11:15,672 - INFO - Building stim pattern for pattern_name 311
2026-02-13 13:11:15,682 - INFO - Building stim pattern for pattern_name 1816
2026-02-13 13:11:15,697 - INFO - Building stim pattern for pattern_name 926
2026-02-13 13:11:15,708 - INFO - Building stim pattern for pattern_name 1298
2026-02-13 13:11:15,719 - INFO - Building stim pattern for pattern_name 3795
2026-02-13 13:11:15,739 - INFO - Building stim pattern for pattern_name 2130
2026-02-13 13:11:15,750 - INFO - Building stim pattern for pattern_name 1773
2026-02-13 13:11:15,762 - INFO - Building stim pattern for pattern_name 1027
2026-02-13 13:11:15,772 - INFO - Building stim pattern for pattern_name 3698
2026-02-13 13:11:15,791 - INFO - Building stim pattern for pattern_name 2150
2026-02-13 13:11:15,802 - INFO - Building stim pattern for pattern_name 3151
2026-02-13 13:11:15,813 - INFO - Building stim pattern for pattern_name 3047
2026-02-13 13:11:15,824 - INFO - Building stim pattern for pattern_name 3741
2026-02-13 13:11:15,844 - INFO - Building stim pattern for pattern_name 1412
2026-02-13 13:11:15,856 - INFO - Building stim pattern for pattern_name 2879
2026-02-13 13:11:15,870 - INFO - Building stim pattern for pattern_name 2868
2026-02-13 13:11:15,882 - INFO - Building stim pattern for pattern_name 3942
2026-02-13 13:11:15,893 - INFO - Building stim pattern for pattern_name 659
2026-02-13 13:11:15,903 - INFO - Building stim pattern for pattern_name 3526
2026-02-13 13:11:15,914 - INFO - Building stim pattern for pattern_name 2693
2026-02-13 13:11:15,925 - INFO - Building stim pattern for pattern_name 1505
2026-02-13 13:11:15,936 - INFO - Building stim pattern for pattern_name 613
2026-02-13 13:11:15,949 - INFO - Building stim pattern for pattern_name 548
2026-02-13 13:11:15,966 - INFO - Building stim pattern for pattern_name 2760
2026-02-13 13:11:15,976 - INFO - Building stim pattern for pattern_name 812
2026-02-13 13:11:15,991 - INFO - Building stim pattern for pattern_name 2904
2026-02-13 13:11:16,039 - INFO - Building stim pattern for pattern_name 883
2026-02-13 13:11:16,071 - INFO - Building stim pattern for pattern_name 1840
2026-02-13 13:11:16,081 - INFO - Building stim pattern for pattern_name 2769
2026-02-13 13:11:16,091 - INFO - Building stim pattern for pattern_name 718
2026-02-13 13:11:16,113 - INFO - Building stim pattern for pattern_name 2326
2026-02-13 13:11:16,124 - INFO - Building stim pattern for pattern_name 3736
2026-02-13 13:11:16,134 - INFO - Building stim pattern for pattern_name 2074
2026-02-13 13:11:16,157 - INFO - Building stim pattern for pattern_name 3420
2026-02-13 13:11:16,167 - INFO - Building stim pattern for pattern_name 599
2026-02-13 13:11:16,185 - INFO - Building stim pattern for pattern_name 2044
2026-02-13 13:11:16,197 - INFO - Building stim pattern for pattern_name 1814
2026-02-13 13:11:16,209 - INFO - Building stim pattern for pattern_name 3229
2026-02-13 13:11:16,219 - INFO - Building stim pattern for pattern_name 411
2026-02-13 13:11:16,230 - INFO - Building stim pattern for pattern_name 1552
2026-02-13 13:11:16,240 - INFO - Building stim pattern for pattern_name 2082
2026-02-13 13:11:16,267 - INFO - Building stim pattern for pattern_name 3217
2026-02-13 13:11:16,278 - INFO - Building stim pattern for pattern_name 1667
2026-02-13 13:11:16,298 - INFO - Building stim pattern for pattern_name 3268
2026-02-13 13:11:16,308 - INFO - Building stim pattern for pattern_name 3161
2026-02-13 13:11:16,319 - INFO - Building stim pattern for pattern_name 2767
2026-02-13 13:11:16,329 - INFO - Building stim pattern for pattern_name 20
2026-02-13 13:11:16,340 - INFO - Building stim pattern for pattern_name 3684
2026-02-13 13:11:16,351 - INFO - Building stim pattern for pattern_name 538
2026-02-13 13:11:16,363 - INFO - Building stim pattern for pattern_name 3116
2026-02-13 13:11:16,374 - INFO - Building stim pattern for pattern_name 1914
2026-02-13 13:11:16,386 - INFO - Building stim pattern for pattern_name 2768
2026-02-13 13:11:16,397 - INFO - Building stim pattern for pattern_name 1821
2026-02-13 13:11:16,415 - INFO - Building stim pattern for pattern_name 886
2026-02-13 13:11:16,425 - INFO - Building stim pattern for pattern_name 2325
2026-02-13 13:11:16,434 - INFO - Building stim pattern for pattern_name 3727
2026-02-13 13:11:16,445 - INFO - Building stim pattern for pattern_name 3245
2026-02-13 13:11:16,455 - INFO - Building stim pattern for pattern_name 1322
2026-02-13 13:11:16,467 - INFO - Building stim pattern for pattern_name 2583
2026-02-13 13:11:16,478 - INFO - Building stim pattern for pattern_name 2090
2026-02-13 13:11:16,491 - INFO - Building stim pattern for pattern_name 3384
2026-02-13 13:11:16,514 - INFO - Building stim pattern for pattern_name 164
2026-02-13 13:11:16,532 - INFO - Building stim pattern for pattern_name 22
2026-02-13 13:11:16,543 - INFO - Building stim pattern for pattern_name 3186
2026-02-13 13:11:16,554 - INFO - Building stim pattern for pattern_name 3745
2026-02-13 13:11:16,564 - INFO - Building stim pattern for pattern_name 70
2026-02-13 13:11:16,577 - INFO - Building stim pattern for pattern_name 1110
2026-02-13 13:11:16,588 - INFO - Building stim pattern for pattern_name 3532
2026-02-13 13:11:16,599 - INFO - Building stim pattern for pattern_name 1989
2026-02-13 13:11:16,610 - INFO - Building stim pattern for pattern_name 2307
2026-02-13 13:11:16,622 - INFO - Building stim pattern for pattern_name 633
2026-02-13 13:11:16,633 - INFO - Building stim pattern for pattern_name 3440
2026-02-13 13:11:16,645 - INFO - Building stim pattern for pattern_name 1734
2026-02-13 13:11:16,670 - INFO - Building stim pattern for pattern_name 1648
2026-02-13 13:11:16,680 - INFO - Building stim pattern for pattern_name 2462
2026-02-13 13:11:16,694 - INFO - Building stim pattern for pattern_name 3760
2026-02-13 13:11:16,705 - INFO - Building stim pattern for pattern_name 3913
2026-02-13 13:11:16,715 - INFO - Building stim pattern for pattern_name 2474
2026-02-13 13:11:16,740 - INFO - Building stim pattern for pattern_name 2059
2026-02-13 13:11:16,750 - INFO - Building stim pattern for pattern_name 1931
2026-02-13 13:11:16,759 - INFO - Building stim pattern for pattern_name 2632
2026-02-13 13:11:16,769 - INFO - Building stim pattern for pattern_name 2165
2026-02-13 13:11:16,810 - INFO - Building stim pattern for pattern_name 2408
2026-02-13 13:11:16,832 - INFO - Building stim pattern for pattern_name 1470
2026-02-13 13:11:16,843 - INFO - Building stim pattern for pattern_name 1003
2026-02-13 13:11:16,854 - INFO - Building stim pattern for pattern_name 1550
2026-02-13 13:11:16,866 - INFO - Building stim pattern for pattern_name 759
2026-02-13 13:11:16,890 - INFO - Building stim pattern for pattern_name 1126
2026-02-13 13:11:16,908 - INFO - Building stim pattern for pattern_name 1301
2026-02-13 13:11:16,928 - INFO - Building stim pattern for pattern_name 528
2026-02-13 13:11:16,940 - INFO - Building stim pattern for pattern_name 2026
2026-02-13 13:11:16,951 - INFO - Building stim pattern for pattern_name 1210
2026-02-13 13:11:16,963 - INFO - Building stim pattern for pattern_name 46
2026-02-13 13:11:16,974 - INFO - Building stim pattern for pattern_name 2697
2026-02-13 13:11:16,984 - INFO - Building stim pattern for pattern_name 3589
2026-02-13 13:11:17,004 - INFO - Building stim pattern for pattern_name 1220
2026-02-13 13:11:17,015 - INFO - Building stim pattern for pattern_name 3018
2026-02-13 13:11:17,035 - INFO - Building stim pattern for pattern_name 1012
2026-02-13 13:11:17,045 - INFO - Building stim pattern for pattern_name 1417
2026-02-13 13:11:17,056 - INFO - Building stim pattern for pattern_name 401
2026-02-13 13:11:17,085 - INFO - Building stim pattern for pattern_name 3023
2026-02-13 13:11:17,101 - INFO - Building stim pattern for pattern_name 1886
2026-02-13 13:11:17,112 - INFO - Building stim pattern for pattern_name 1228
2026-02-13 13:11:17,122 - INFO - Building stim pattern for pattern_name 147
2026-02-13 13:11:17,134 - INFO - Building stim pattern for pattern_name 1731
2026-02-13 13:11:17,152 - INFO - Building stim pattern for pattern_name 3847
2026-02-13 13:11:17,164 - INFO - Building stim pattern for pattern_name 2513
2026-02-13 13:11:17,173 - INFO - Building stim pattern for pattern_name 1022
2026-02-13 13:11:17,184 - INFO - Building stim pattern for pattern_name 1057
2026-02-13 13:11:17,205 - INFO - Building stim pattern for pattern_name 257
2026-02-13 13:11:17,221 - INFO - Building stim pattern for pattern_name 780
2026-02-13 13:11:17,233 - INFO - Building stim pattern for pattern_name 928
2026-02-13 13:11:17,243 - INFO - Building stim pattern for pattern_name 126
2026-02-13 13:11:17,254 - INFO - Building stim pattern for pattern_name 384
2026-02-13 13:11:17,266 - INFO - Building stim pattern for pattern_name 3080
2026-02-13 13:11:17,276 - INFO - Building stim pattern for pattern_name 2198
2026-02-13 13:11:17,286 - INFO - Building stim pattern for pattern_name 698
2026-02-13 13:11:17,302 - INFO - Building stim pattern for pattern_name 1992
2026-02-13 13:11:17,317 - INFO - Building stim pattern for pattern_name 194
2026-02-13 13:11:17,328 - INFO - Building stim pattern for pattern_name 916
2026-02-13 13:11:17,339 - INFO - Building stim pattern for pattern_name 3662
2026-02-13 13:11:17,349 - INFO - Building stim pattern for pattern_name 3975
2026-02-13 13:11:17,360 - INFO - Building stim pattern for pattern_name 385
2026-02-13 13:11:17,370 - INFO - Building stim pattern for pattern_name 723
2026-02-13 13:11:17,386 - INFO - Building stim pattern for pattern_name 636
2026-02-13 13:11:17,402 - INFO - Building stim pattern for pattern_name 3841
2026-02-13 13:11:17,429 - INFO - Building stim pattern for pattern_name 3781
2026-02-13 13:11:17,439 - INFO - Building stim pattern for pattern_name 3309
2026-02-13 13:11:17,451 - INFO - Building stim pattern for pattern_name 2554
2026-02-13 13:11:17,466 - INFO - Building stim pattern for pattern_name 794
2026-02-13 13:11:17,479 - INFO - Building stim pattern for pattern_name 1062
2026-02-13 13:11:17,491 - INFO - Building stim pattern for pattern_name 366
2026-02-13 13:11:17,502 - INFO - Building stim pattern for pattern_name 327
2026-02-13 13:11:17,512 - INFO - Building stim pattern for pattern_name 1460
2026-02-13 13:11:17,526 - INFO - Building stim pattern for pattern_name 2959
2026-02-13 13:11:17,548 - INFO - Building stim pattern for pattern_name 1740
2026-02-13 13:11:17,601 - INFO - Building stim pattern for pattern_name 3757
2026-02-13 13:11:17,620 - INFO - Building stim pattern for pattern_name 2684
2026-02-13 13:11:17,639 - INFO - Building stim pattern for pattern_name 376
2026-02-13 13:11:17,657 - INFO - Building stim pattern for pattern_name 2994
2026-02-13 13:11:17,668 - INFO - Building stim pattern for pattern_name 3012
2026-02-13 13:11:17,680 - INFO - Building stim pattern for pattern_name 2162
2026-02-13 13:11:17,691 - INFO - Building stim pattern for pattern_name 425
2026-02-13 13:11:17,700 - INFO - Building stim pattern for pattern_name 1276
2026-02-13 13:11:17,711 - INFO - Building stim pattern for pattern_name 701
2026-02-13 13:11:17,722 - INFO - Building stim pattern for pattern_name 3352
2026-02-13 13:11:17,735 - INFO - Building stim pattern for pattern_name 3114
2026-02-13 13:11:17,745 - INFO - Building stim pattern for pattern_name 1890
2026-02-13 13:11:17,756 - INFO - Building stim pattern for pattern_name 3081
2026-02-13 13:11:17,775 - INFO - Building stim pattern for pattern_name 2126
2026-02-13 13:11:17,795 - INFO - Building stim pattern for pattern_name 169
2026-02-13 13:11:17,814 - INFO - Building stim pattern for pattern_name 2638
2026-02-13 13:11:17,843 - INFO - Building stim pattern for pattern_name 2886
2026-02-13 13:11:17,854 - INFO - Building stim pattern for pattern_name 3517
2026-02-13 13:11:17,868 - INFO - Building stim pattern for pattern_name 1308
2026-02-13 13:11:17,881 - INFO - Building stim pattern for pattern_name 938
2026-02-13 13:11:17,893 - INFO - Building stim pattern for pattern_name 3714
2026-02-13 13:11:17,906 - INFO - Building stim pattern for pattern_name 3984
2026-02-13 13:11:17,940 - INFO - Building stim pattern for pattern_name 228
2026-02-13 13:11:17,951 - INFO - Building stim pattern for pattern_name 2600
2026-02-13 13:11:17,962 - INFO - Building stim pattern for pattern_name 1511
2026-02-13 13:11:17,974 - INFO - Building stim pattern for pattern_name 629
2026-02-13 13:11:17,986 - INFO - Building stim pattern for pattern_name 1969
2026-02-13 13:11:17,996 - INFO - Building stim pattern for pattern_name 2899
2026-02-13 13:11:18,008 - INFO - Building stim pattern for pattern_name 2631
2026-02-13 13:11:18,020 - INFO - Building stim pattern for pattern_name 835
2026-02-13 13:11:18,031 - INFO - Building stim pattern for pattern_name 2123
2026-02-13 13:11:18,043 - INFO - Building stim pattern for pattern_name 480
2026-02-13 13:11:18,054 - INFO - Building stim pattern for pattern_name 137
2026-02-13 13:11:18,066 - INFO - Building stim pattern for pattern_name 3894
2026-02-13 13:11:18,077 - INFO - Building stim pattern for pattern_name 3345
2026-02-13 13:11:18,088 - INFO - Building stim pattern for pattern_name 1207
2026-02-13 13:11:18,101 - INFO - Building stim pattern for pattern_name 3876
2026-02-13 13:11:18,113 - INFO - Building stim pattern for pattern_name 360
2026-02-13 13:11:18,127 - INFO - Building stim pattern for pattern_name 2179
2026-02-13 13:11:18,141 - INFO - Building stim pattern for pattern_name 1699
2026-02-13 13:11:18,155 - INFO - Building stim pattern for pattern_name 1354
2026-02-13 13:11:18,170 - INFO - Building stim pattern for pattern_name 1420
2026-02-13 13:11:18,182 - INFO - Building stim pattern for pattern_name 170
2026-02-13 13:11:18,196 - INFO - Building stim pattern for pattern_name 1690
2026-02-13 13:11:18,207 - INFO - Building stim pattern for pattern_name 2377
2026-02-13 13:11:18,233 - INFO - Building stim pattern for pattern_name 3907
2026-02-13 13:11:18,244 - INFO - Building stim pattern for pattern_name 1019
2026-02-13 13:11:18,256 - INFO - Building stim pattern for pattern_name 2576
2026-02-13 13:11:18,270 - INFO - Building stim pattern for pattern_name 1007
2026-02-13 13:11:18,282 - INFO - Building stim pattern for pattern_name 1194
2026-02-13 13:11:18,300 - INFO - Building stim pattern for pattern_name 3494
2026-02-13 13:11:18,312 - INFO - Building stim pattern for pattern_name 3279
2026-02-13 13:11:18,324 - INFO - Building stim pattern for pattern_name 2343
2026-02-13 13:11:18,334 - INFO - Building stim pattern for pattern_name 400
2026-02-13 13:11:18,402 - INFO - Building stim pattern for pattern_name 1584
2026-02-13 13:11:18,414 - INFO - Building stim pattern for pattern_name 1089
2026-02-13 13:11:18,426 - INFO - Building stim pattern for pattern_name 1061
2026-02-13 13:11:18,436 - INFO - Building stim pattern for pattern_name 1954
2026-02-13 13:11:18,457 - INFO - Building stim pattern for pattern_name 2006
2026-02-13 13:11:18,489 - INFO - Building stim pattern for pattern_name 1671
2026-02-13 13:11:18,504 - INFO - Building stim pattern for pattern_name 3478
2026-02-13 13:11:18,517 - INFO - Building stim pattern for pattern_name 1319
2026-02-13 13:11:18,536 - INFO - Building stim pattern for pattern_name 2433
2026-02-13 13:11:18,548 - INFO - Building stim pattern for pattern_name 3032
2026-02-13 13:11:18,564 - INFO - Building stim pattern for pattern_name 93
2026-02-13 13:11:18,576 - INFO - Building stim pattern for pattern_name 1161
2026-02-13 13:11:18,588 - INFO - Building stim pattern for pattern_name 249
2026-02-13 13:11:18,619 - INFO - Building stim pattern for pattern_name 687
2026-02-13 13:11:18,636 - INFO - Building stim pattern for pattern_name 1676
2026-02-13 13:11:18,646 - INFO - Building stim pattern for pattern_name 2654
2026-02-13 13:11:18,655 - INFO - Building stim pattern for pattern_name 901
2026-02-13 13:11:18,667 - INFO - Building stim pattern for pattern_name 1916
2026-02-13 13:11:18,685 - INFO - Building stim pattern for pattern_name 377
2026-02-13 13:11:18,697 - INFO - Building stim pattern for pattern_name 2389
2026-02-13 13:11:18,708 - INFO - Building stim pattern for pattern_name 78
2026-02-13 13:11:18,720 - INFO - Building stim pattern for pattern_name 1836
2026-02-13 13:11:18,738 - INFO - Building stim pattern for pattern_name 2199
2026-02-13 13:11:18,749 - INFO - Building stim pattern for pattern_name 3854
2026-02-13 13:11:18,760 - INFO - Building stim pattern for pattern_name 2395
2026-02-13 13:11:18,771 - INFO - Building stim pattern for pattern_name 753
2026-02-13 13:11:18,781 - INFO - Building stim pattern for pattern_name 1983
2026-02-13 13:11:18,792 - INFO - Building stim pattern for pattern_name 3225
2026-02-13 13:11:18,803 - INFO - Building stim pattern for pattern_name 1728
2026-02-13 13:11:18,822 - INFO - Building stim pattern for pattern_name 1500
2026-02-13 13:11:18,832 - INFO - Building stim pattern for pattern_name 2376
2026-02-13 13:11:18,852 - INFO - Building stim pattern for pattern_name 1029
2026-02-13 13:11:18,864 - INFO - Building stim pattern for pattern_name 2863
2026-02-13 13:11:18,874 - INFO - Building stim pattern for pattern_name 1586
2026-02-13 13:11:18,887 - INFO - Building stim pattern for pattern_name 2856
2026-02-13 13:11:18,899 - INFO - Building stim pattern for pattern_name 897
2026-02-13 13:11:18,912 - INFO - Building stim pattern for pattern_name 2621
2026-02-13 13:11:18,922 - INFO - Building stim pattern for pattern_name 2226
2026-02-13 13:11:18,932 - INFO - Building stim pattern for pattern_name 291
2026-02-13 13:11:18,944 - INFO - Building stim pattern for pattern_name 2482
2026-02-13 13:11:18,957 - INFO - Building stim pattern for pattern_name 2449
2026-02-13 13:11:18,972 - INFO - Building stim pattern for pattern_name 1216
2026-02-13 13:11:18,983 - INFO - Building stim pattern for pattern_name 1714
2026-02-13 13:11:18,995 - INFO - Building stim pattern for pattern_name 2447
2026-02-13 13:11:19,007 - INFO - Building stim pattern for pattern_name 1616
2026-02-13 13:11:19,028 - INFO - Building stim pattern for pattern_name 3793
2026-02-13 13:11:19,039 - INFO - Building stim pattern for pattern_name 2986
2026-02-13 13:11:19,050 - INFO - Building stim pattern for pattern_name 2364
2026-02-13 13:11:19,067 - INFO - Building stim pattern for pattern_name 2548
2026-02-13 13:11:19,079 - INFO - Building stim pattern for pattern_name 3133
2026-02-13 13:11:19,089 - INFO - Building stim pattern for pattern_name 3978
2026-02-13 13:11:19,099 - INFO - Building stim pattern for pattern_name 1495
2026-02-13 13:11:19,110 - INFO - Building stim pattern for pattern_name 1719
2026-02-13 13:11:19,128 - INFO - Building stim pattern for pattern_name 1908
2026-02-13 13:11:19,138 - INFO - Building stim pattern for pattern_name 1170
2026-02-13 13:11:19,163 - INFO - Building stim pattern for pattern_name 1883
2026-02-13 13:11:19,205 - INFO - Building stim pattern for pattern_name 3141
2026-02-13 13:11:19,223 - INFO - Building stim pattern for pattern_name 1451
2026-02-13 13:11:19,234 - INFO - Building stim pattern for pattern_name 255
2026-02-13 13:11:19,245 - INFO - Building stim pattern for pattern_name 1024
2026-02-13 13:11:19,255 - INFO - Building stim pattern for pattern_name 2085
2026-02-13 13:11:19,266 - INFO - Building stim pattern for pattern_name 413
2026-02-13 13:11:19,277 - INFO - Building stim pattern for pattern_name 1680
2026-02-13 13:11:19,288 - INFO - Building stim pattern for pattern_name 3868
2026-02-13 13:11:19,299 - INFO - Building stim pattern for pattern_name 292
2026-02-13 13:11:19,311 - INFO - Building stim pattern for pattern_name 469
2026-02-13 13:11:19,321 - INFO - Building stim pattern for pattern_name 2286
2026-02-13 13:11:19,342 - INFO - Building stim pattern for pattern_name 184
2026-02-13 13:11:19,356 - INFO - Building stim pattern for pattern_name 1965
2026-02-13 13:11:19,368 - INFO - Building stim pattern for pattern_name 3849
2026-02-13 13:11:19,381 - INFO - Building stim pattern for pattern_name 2011
2026-02-13 13:11:19,394 - INFO - Building stim pattern for pattern_name 3866
2026-02-13 13:11:19,407 - INFO - Building stim pattern for pattern_name 1779
2026-02-13 13:11:19,417 - INFO - Building stim pattern for pattern_name 3881
2026-02-13 13:11:19,429 - INFO - Building stim pattern for pattern_name 3839
2026-02-13 13:11:19,440 - INFO - Building stim pattern for pattern_name 1273
2026-02-13 13:11:19,456 - INFO - Building stim pattern for pattern_name 1563
2026-02-13 13:11:19,474 - INFO - Building stim pattern for pattern_name 1799
2026-02-13 13:11:19,486 - INFO - Building stim pattern for pattern_name 3416
2026-02-13 13:11:19,496 - INFO - Building stim pattern for pattern_name 661
2026-02-13 13:11:19,506 - INFO - Building stim pattern for pattern_name 2728
2026-02-13 13:11:19,518 - INFO - Building stim pattern for pattern_name 838
2026-02-13 13:11:19,529 - INFO - Building stim pattern for pattern_name 1634
2026-02-13 13:11:19,540 - INFO - Building stim pattern for pattern_name 3973
2026-02-13 13:11:19,552 - INFO - Building stim pattern for pattern_name 1171
2026-02-13 13:11:19,568 - INFO - Building stim pattern for pattern_name 2416
2026-02-13 13:11:19,579 - INFO - Building stim pattern for pattern_name 313
2026-02-13 13:11:19,595 - INFO - Building stim pattern for pattern_name 3313
2026-02-13 13:11:19,612 - INFO - Building stim pattern for pattern_name 3611
2026-02-13 13:11:19,624 - INFO - Building stim pattern for pattern_name 3715
2026-02-13 13:11:19,636 - INFO - Building stim pattern for pattern_name 764
2026-02-13 13:11:19,646 - INFO - Building stim pattern for pattern_name 116
2026-02-13 13:11:19,665 - INFO - Building stim pattern for pattern_name 2786
2026-02-13 13:11:19,677 - INFO - Building stim pattern for pattern_name 445
2026-02-13 13:11:19,695 - INFO - Building stim pattern for pattern_name 2529
2026-02-13 13:11:19,714 - INFO - Building stim pattern for pattern_name 3631
2026-02-13 13:11:19,737 - INFO - Building stim pattern for pattern_name 2092
2026-02-13 13:11:19,747 - INFO - Building stim pattern for pattern_name 1368
2026-02-13 13:11:19,759 - INFO - Building stim pattern for pattern_name 2239
2026-02-13 13:11:19,772 - INFO - Building stim pattern for pattern_name 944
2026-02-13 13:11:19,786 - INFO - Building stim pattern for pattern_name 1294
2026-02-13 13:11:19,797 - INFO - Building stim pattern for pattern_name 562
2026-02-13 13:11:19,809 - INFO - Building stim pattern for pattern_name 815
2026-02-13 13:11:19,820 - INFO - Building stim pattern for pattern_name 2478
2026-02-13 13:11:19,831 - INFO - Building stim pattern for pattern_name 964
2026-02-13 13:11:19,843 - INFO - Building stim pattern for pattern_name 3378
2026-02-13 13:11:19,862 - INFO - Building stim pattern for pattern_name 2920
2026-02-13 13:11:19,873 - INFO - Building stim pattern for pattern_name 1687
2026-02-13 13:11:19,885 - INFO - Building stim pattern for pattern_name 1438
2026-02-13 13:11:19,896 - INFO - Building stim pattern for pattern_name 487
2026-02-13 13:11:19,908 - INFO - Building stim pattern for pattern_name 825
2026-02-13 13:11:19,962 - INFO - Building stim pattern for pattern_name 974
2026-02-13 13:11:19,982 - INFO - Building stim pattern for pattern_name 3126
2026-02-13 13:11:19,995 - INFO - Building stim pattern for pattern_name 1772
2026-02-13 13:11:20,006 - INFO - Building stim pattern for pattern_name 1708
2026-02-13 13:11:20,018 - INFO - Building stim pattern for pattern_name 2729
2026-02-13 13:11:20,036 - INFO - Building stim pattern for pattern_name 2610
2026-02-13 13:11:20,047 - INFO - Building stim pattern for pattern_name 3685
2026-02-13 13:11:20,059 - INFO - Building stim pattern for pattern_name 2843
2026-02-13 13:11:20,072 - INFO - Building stim pattern for pattern_name 1133
2026-02-13 13:11:20,087 - INFO - Building stim pattern for pattern_name 3825
2026-02-13 13:11:20,099 - INFO - Building stim pattern for pattern_name 1403
2026-02-13 13:11:20,111 - INFO - Building stim pattern for pattern_name 3256
2026-02-13 13:11:20,121 - INFO - Building stim pattern for pattern_name 2534
2026-02-13 13:11:20,133 - INFO - Building stim pattern for pattern_name 3385
2026-02-13 13:11:20,155 - INFO - Building stim pattern for pattern_name 726
2026-02-13 13:11:20,165 - INFO - Building stim pattern for pattern_name 3877
2026-02-13 13:11:20,177 - INFO - Building stim pattern for pattern_name 1575
2026-02-13 13:11:20,195 - INFO - Building stim pattern for pattern_name 2518
2026-02-13 13:11:20,207 - INFO - Building stim pattern for pattern_name 340
2026-02-13 13:11:20,219 - INFO - Building stim pattern for pattern_name 3073
2026-02-13 13:11:20,236 - INFO - Building stim pattern for pattern_name 380
2026-02-13 13:11:20,248 - INFO - Building stim pattern for pattern_name 2323
2026-02-13 13:11:20,259 - INFO - Building stim pattern for pattern_name 639
2026-02-13 13:11:20,270 - INFO - Building stim pattern for pattern_name 1701
2026-02-13 13:11:20,282 - INFO - Building stim pattern for pattern_name 1366
2026-02-13 13:11:20,292 - INFO - Building stim pattern for pattern_name 1762
2026-02-13 13:11:20,305 - INFO - Building stim pattern for pattern_name 3967
2026-02-13 13:11:20,316 - INFO - Building stim pattern for pattern_name 602
2026-02-13 13:11:20,328 - INFO - Building stim pattern for pattern_name 443
2026-02-13 13:11:20,339 - INFO - Building stim pattern for pattern_name 3694
2026-02-13 13:11:20,350 - INFO - Building stim pattern for pattern_name 3604
2026-02-13 13:11:20,361 - INFO - Building stim pattern for pattern_name 1314
2026-02-13 13:11:20,374 - INFO - Building stim pattern for pattern_name 1426
2026-02-13 13:11:20,386 - INFO - Building stim pattern for pattern_name 2819
2026-02-13 13:11:20,403 - INFO - Building stim pattern for pattern_name 2105
2026-02-13 13:11:20,414 - INFO - Building stim pattern for pattern_name 329
2026-02-13 13:11:20,426 - INFO - Building stim pattern for pattern_name 1380
2026-02-13 13:11:20,437 - INFO - Building stim pattern for pattern_name 3461
2026-02-13 13:11:20,449 - INFO - Building stim pattern for pattern_name 2375
2026-02-13 13:11:20,461 - INFO - Building stim pattern for pattern_name 632
2026-02-13 13:11:20,475 - INFO - Building stim pattern for pattern_name 1717
2026-02-13 13:11:20,485 - INFO - Building stim pattern for pattern_name 3993
2026-02-13 13:11:20,497 - INFO - Building stim pattern for pattern_name 1128
2026-02-13 13:11:20,509 - INFO - Building stim pattern for pattern_name 2623
2026-02-13 13:11:20,521 - INFO - Building stim pattern for pattern_name 816
2026-02-13 13:11:20,532 - INFO - Building stim pattern for pattern_name 1104
2026-02-13 13:11:20,553 - INFO - Building stim pattern for pattern_name 1143
2026-02-13 13:11:20,564 - INFO - Building stim pattern for pattern_name 1949
2026-02-13 13:11:20,577 - INFO - Building stim pattern for pattern_name 344
2026-02-13 13:11:20,589 - INFO - Building stim pattern for pattern_name 3649
2026-02-13 13:11:20,606 - INFO - Building stim pattern for pattern_name 2077
2026-02-13 13:11:20,617 - INFO - Building stim pattern for pattern_name 2458
2026-02-13 13:11:20,635 - INFO - Building stim pattern for pattern_name 1898
2026-02-13 13:11:20,645 - INFO - Building stim pattern for pattern_name 1332
2026-02-13 13:11:20,657 - INFO - Building stim pattern for pattern_name 3807
2026-02-13 13:11:20,698 - INFO - Building stim pattern for pattern_name 1364
2026-02-13 13:11:20,720 - INFO - Building stim pattern for pattern_name 3982
2026-02-13 13:11:20,732 - INFO - Building stim pattern for pattern_name 1406
2026-02-13 13:11:20,743 - INFO - Building stim pattern for pattern_name 336
2026-02-13 13:11:20,754 - INFO - Building stim pattern for pattern_name 710
2026-02-13 13:11:20,773 - INFO - Building stim pattern for pattern_name 2342
2026-02-13 13:11:20,785 - INFO - Building stim pattern for pattern_name 3776
2026-02-13 13:11:20,811 - INFO - Building stim pattern for pattern_name 1158
2026-02-13 13:11:20,821 - INFO - Building stim pattern for pattern_name 486
2026-02-13 13:11:20,839 - INFO - Building stim pattern for pattern_name 421
2026-02-13 13:11:20,850 - INFO - Building stim pattern for pattern_name 1471
2026-02-13 13:11:20,861 - INFO - Building stim pattern for pattern_name 3021
2026-02-13 13:11:20,871 - INFO - Building stim pattern for pattern_name 3674
2026-02-13 13:11:20,888 - INFO - Building stim pattern for pattern_name 2966
2026-02-13 13:11:20,900 - INFO - Building stim pattern for pattern_name 2921
2026-02-13 13:11:20,912 - INFO - Building stim pattern for pattern_name 834
2026-02-13 13:11:20,924 - INFO - Building stim pattern for pattern_name 3237
2026-02-13 13:11:20,937 - INFO - Building stim pattern for pattern_name 2612
2026-02-13 13:11:20,949 - INFO - Building stim pattern for pattern_name 1541
2026-02-13 13:11:20,960 - INFO - Building stim pattern for pattern_name 2351
2026-02-13 13:11:20,970 - INFO - Building stim pattern for pattern_name 1570
2026-02-13 13:11:20,982 - INFO - Building stim pattern for pattern_name 325
2026-02-13 13:11:20,992 - INFO - Building stim pattern for pattern_name 3914
2026-02-13 13:11:21,012 - INFO - Building stim pattern for pattern_name 3355
2026-02-13 13:11:21,023 - INFO - Building stim pattern for pattern_name 1837
2026-02-13 13:11:21,035 - INFO - Building stim pattern for pattern_name 2503
2026-02-13 13:11:21,061 - INFO - Building stim pattern for pattern_name 306
2026-02-13 13:11:21,073 - INFO - Building stim pattern for pattern_name 672
2026-02-13 13:11:21,085 - INFO - Building stim pattern for pattern_name 2018
2026-02-13 13:11:21,095 - INFO - Building stim pattern for pattern_name 1778
2026-02-13 13:11:21,125 - INFO - Building stim pattern for pattern_name 2189
2026-02-13 13:11:21,146 - INFO - Building stim pattern for pattern_name 3448
2026-02-13 13:11:21,158 - INFO - Building stim pattern for pattern_name 2211
2026-02-13 13:11:21,176 - INFO - Building stim pattern for pattern_name 2148
2026-02-13 13:11:21,186 - INFO - Building stim pattern for pattern_name 3409
2026-02-13 13:11:21,198 - INFO - Building stim pattern for pattern_name 3052
2026-02-13 13:11:21,230 - INFO - Building stim pattern for pattern_name 268
2026-02-13 13:11:21,240 - INFO - Building stim pattern for pattern_name 1385
2026-02-13 13:11:21,251 - INFO - Building stim pattern for pattern_name 720
2026-02-13 13:11:21,262 - INFO - Building stim pattern for pattern_name 72
2026-02-13 13:11:21,272 - INFO - Building stim pattern for pattern_name 2759
2026-02-13 13:11:21,282 - INFO - Building stim pattern for pattern_name 2765
2026-02-13 13:11:21,292 - INFO - Building stim pattern for pattern_name 793
2026-02-13 13:11:21,303 - INFO - Building stim pattern for pattern_name 2171
2026-02-13 13:11:21,318 - INFO - Building stim pattern for pattern_name 2985
2026-02-13 13:11:21,329 - INFO - Building stim pattern for pattern_name 2598
2026-02-13 13:11:21,339 - INFO - Building stim pattern for pattern_name 3851
2026-02-13 13:11:21,351 - INFO - Building stim pattern for pattern_name 1434
2026-02-13 13:11:21,362 - INFO - Building stim pattern for pattern_name 1445
2026-02-13 13:11:21,373 - INFO - Building stim pattern for pattern_name 1146
2026-02-13 13:11:21,385 - INFO - Building stim pattern for pattern_name 2551
2026-02-13 13:11:21,395 - INFO - Building stim pattern for pattern_name 1802
2026-02-13 13:11:21,407 - INFO - Building stim pattern for pattern_name 3123
2026-02-13 13:11:21,424 - INFO - Building stim pattern for pattern_name 902
2026-02-13 13:11:21,435 - INFO - Building stim pattern for pattern_name 767
2026-02-13 13:11:21,446 - INFO - Building stim pattern for pattern_name 3821
2026-02-13 13:11:21,458 - INFO - Building stim pattern for pattern_name 3564
2026-02-13 13:11:21,506 - INFO - Building stim pattern for pattern_name 905
2026-02-13 13:11:21,522 - INFO - Building stim pattern for pattern_name 2624
2026-02-13 13:11:21,534 - INFO - Building stim pattern for pattern_name 2434
2026-02-13 13:11:21,544 - INFO - Building stim pattern for pattern_name 2267
2026-02-13 13:11:21,556 - INFO - Building stim pattern for pattern_name 3028
2026-02-13 13:11:21,566 - INFO - Building stim pattern for pattern_name 131
2026-02-13 13:11:21,577 - INFO - Building stim pattern for pattern_name 763
2026-02-13 13:11:21,590 - INFO - Building stim pattern for pattern_name 1751
2026-02-13 13:11:21,600 - INFO - Building stim pattern for pattern_name 2951
2026-02-13 13:11:21,611 - INFO - Building stim pattern for pattern_name 2175
2026-02-13 13:11:21,623 - INFO - Building stim pattern for pattern_name 616
2026-02-13 13:11:21,635 - INFO - Building stim pattern for pattern_name 3139
2026-02-13 13:11:21,647 - INFO - Building stim pattern for pattern_name 407
2026-02-13 13:11:21,659 - INFO - Building stim pattern for pattern_name 1245
2026-02-13 13:11:21,670 - INFO - Building stim pattern for pattern_name 3654
2026-02-13 13:11:21,681 - INFO - Building stim pattern for pattern_name 1079
2026-02-13 13:11:21,703 - INFO - Building stim pattern for pattern_name 3188
2026-02-13 13:11:21,717 - INFO - Building stim pattern for pattern_name 265
2026-02-13 13:11:21,733 - INFO - Building stim pattern for pattern_name 608
2026-02-13 13:11:21,746 - INFO - Building stim pattern for pattern_name 1025
2026-02-13 13:11:21,767 - INFO - Building stim pattern for pattern_name 2837
2026-02-13 13:11:21,778 - INFO - Building stim pattern for pattern_name 3160
2026-02-13 13:11:21,791 - INFO - Building stim pattern for pattern_name 1091
2026-02-13 13:11:21,803 - INFO - Building stim pattern for pattern_name 324
2026-02-13 13:11:21,814 - INFO - Building stim pattern for pattern_name 1214
2026-02-13 13:11:21,829 - INFO - Building stim pattern for pattern_name 180
2026-02-13 13:11:21,840 - INFO - Building stim pattern for pattern_name 3997
2026-02-13 13:11:21,851 - INFO - Building stim pattern for pattern_name 9
2026-02-13 13:11:21,862 - INFO - Building stim pattern for pattern_name 1547
2026-02-13 13:11:21,873 - INFO - Building stim pattern for pattern_name 3689
2026-02-13 13:11:21,884 - INFO - Building stim pattern for pattern_name 2159
2026-02-13 13:11:21,896 - INFO - Building stim pattern for pattern_name 364
2026-02-13 13:11:21,911 - INFO - Building stim pattern for pattern_name 3376
2026-02-13 13:11:21,922 - INFO - Building stim pattern for pattern_name 3197
2026-02-13 13:11:21,933 - INFO - Building stim pattern for pattern_name 2129
2026-02-13 13:11:21,944 - INFO - Building stim pattern for pattern_name 2472
2026-02-13 13:11:21,955 - INFO - Building stim pattern for pattern_name 3510
2026-02-13 13:11:21,966 - INFO - Building stim pattern for pattern_name 1401
2026-02-13 13:11:21,978 - INFO - Building stim pattern for pattern_name 346
2026-02-13 13:11:21,992 - INFO - Building stim pattern for pattern_name 173
2026-02-13 13:11:22,003 - INFO - Building stim pattern for pattern_name 1503
2026-02-13 13:11:22,015 - INFO - Building stim pattern for pattern_name 3506
2026-02-13 13:11:22,026 - INFO - Building stim pattern for pattern_name 356
2026-02-13 13:11:22,037 - INFO - Building stim pattern for pattern_name 709
2026-02-13 13:11:22,048 - INFO - Building stim pattern for pattern_name 1446
2026-02-13 13:11:22,069 - INFO - Building stim pattern for pattern_name 1760
2026-02-13 13:11:22,079 - INFO - Building stim pattern for pattern_name 1056
2026-02-13 13:11:22,090 - INFO - Building stim pattern for pattern_name 2995
2026-02-13 13:11:22,101 - INFO - Building stim pattern for pattern_name 122
2026-02-13 13:11:22,119 - INFO - Building stim pattern for pattern_name 19
2026-02-13 13:11:22,130 - INFO - Building stim pattern for pattern_name 536
2026-02-13 13:11:22,139 - INFO - Building stim pattern for pattern_name 1632
2026-02-13 13:11:22,151 - INFO - Building stim pattern for pattern_name 3356
2026-02-13 13:11:22,161 - INFO - Building stim pattern for pattern_name 3326
2026-02-13 13:11:22,172 - INFO - Building stim pattern for pattern_name 612
2026-02-13 13:11:22,186 - INFO - Building stim pattern for pattern_name 3573
2026-02-13 13:11:22,197 - INFO - Building stim pattern for pattern_name 3572
2026-02-13 13:11:22,207 - INFO - Building stim pattern for pattern_name 2566
2026-02-13 13:11:22,226 - INFO - Building stim pattern for pattern_name 65
2026-02-13 13:11:22,290 - INFO - Building stim pattern for pattern_name 290
2026-02-13 13:11:22,301 - INFO - Building stim pattern for pattern_name 167
2026-02-13 13:11:22,319 - INFO - Building stim pattern for pattern_name 2161
2026-02-13 13:11:22,330 - INFO - Building stim pattern for pattern_name 1315
2026-02-13 13:11:22,343 - INFO - Building stim pattern for pattern_name 1504
2026-02-13 13:11:22,371 - INFO - Building stim pattern for pattern_name 2931
2026-02-13 13:11:22,382 - INFO - Building stim pattern for pattern_name 1183
2026-02-13 13:11:22,392 - INFO - Building stim pattern for pattern_name 2652
2026-02-13 13:11:22,404 - INFO - Building stim pattern for pattern_name 466
2026-02-13 13:11:22,415 - INFO - Building stim pattern for pattern_name 3981
2026-02-13 13:11:22,425 - INFO - Building stim pattern for pattern_name 676
2026-02-13 13:11:22,438 - INFO - Building stim pattern for pattern_name 2038
2026-02-13 13:11:22,452 - INFO - Building stim pattern for pattern_name 3037
2026-02-13 13:11:22,473 - INFO - Building stim pattern for pattern_name 2153
2026-02-13 13:11:22,486 - INFO - Building stim pattern for pattern_name 927
2026-02-13 13:11:22,500 - INFO - Building stim pattern for pattern_name 2662
2026-02-13 13:11:22,519 - INFO - Building stim pattern for pattern_name 935
2026-02-13 13:11:22,531 - INFO - Building stim pattern for pattern_name 2168
2026-02-13 13:11:22,543 - INFO - Building stim pattern for pattern_name 1919
2026-02-13 13:11:22,556 - INFO - Building stim pattern for pattern_name 1136
2026-02-13 13:11:22,568 - INFO - Building stim pattern for pattern_name 3236
2026-02-13 13:11:22,578 - INFO - Building stim pattern for pattern_name 2009
2026-02-13 13:11:22,589 - INFO - Building stim pattern for pattern_name 1226
2026-02-13 13:11:22,600 - INFO - Building stim pattern for pattern_name 3799
2026-02-13 13:11:22,610 - INFO - Building stim pattern for pattern_name 1478
2026-02-13 13:11:22,622 - INFO - Building stim pattern for pattern_name 2806
2026-02-13 13:11:22,632 - INFO - Building stim pattern for pattern_name 2258
2026-02-13 13:11:22,643 - INFO - Building stim pattern for pattern_name 782
2026-02-13 13:11:22,660 - INFO - Building stim pattern for pattern_name 1272
2026-02-13 13:11:22,670 - INFO - Building stim pattern for pattern_name 2761
2026-02-13 13:11:22,682 - INFO - Building stim pattern for pattern_name 154
2026-02-13 13:11:22,693 - INFO - Building stim pattern for pattern_name 914
2026-02-13 13:11:22,704 - INFO - Building stim pattern for pattern_name 2960
2026-02-13 13:11:22,716 - INFO - Building stim pattern for pattern_name 1196
2026-02-13 13:11:22,729 - INFO - Building stim pattern for pattern_name 552
2026-02-13 13:11:22,741 - INFO - Building stim pattern for pattern_name 3571
2026-02-13 13:11:22,752 - INFO - Building stim pattern for pattern_name 3228
2026-02-13 13:11:22,778 - INFO - Building stim pattern for pattern_name 1568
2026-02-13 13:11:22,789 - INFO - Building stim pattern for pattern_name 3122
2026-02-13 13:11:22,800 - INFO - Building stim pattern for pattern_name 1509
2026-02-13 13:11:22,811 - INFO - Building stim pattern for pattern_name 1865
2026-02-13 13:11:22,822 - INFO - Building stim pattern for pattern_name 2864
2026-02-13 13:11:22,835 - INFO - Building stim pattern for pattern_name 3547
2026-02-13 13:11:22,846 - INFO - Building stim pattern for pattern_name 2019
2026-02-13 13:11:22,859 - INFO - Building stim pattern for pattern_name 2295
2026-02-13 13:11:22,871 - INFO - Building stim pattern for pattern_name 818
2026-02-13 13:11:22,889 - INFO - Building stim pattern for pattern_name 1304
2026-02-13 13:11:22,900 - INFO - Building stim pattern for pattern_name 1517
2026-02-13 13:11:22,912 - INFO - Building stim pattern for pattern_name 606
2026-02-13 13:11:22,924 - INFO - Building stim pattern for pattern_name 1938
2026-02-13 13:11:22,934 - INFO - Building stim pattern for pattern_name 368
2026-02-13 13:11:22,946 - INFO - Building stim pattern for pattern_name 895
2026-02-13 13:11:22,957 - INFO - Building stim pattern for pattern_name 1398
2026-02-13 13:11:22,968 - INFO - Building stim pattern for pattern_name 2190
2026-02-13 13:11:22,980 - INFO - Building stim pattern for pattern_name 3522
2026-02-13 13:11:22,994 - INFO - Building stim pattern for pattern_name 63
2026-02-13 13:11:23,007 - INFO - Building stim pattern for pattern_name 1372
2026-02-13 13:11:23,026 - INFO - Building stim pattern for pattern_name 605
2026-02-13 13:11:23,047 - INFO - Building stim pattern for pattern_name 471
2026-02-13 13:11:23,088 - INFO - Building stim pattern for pattern_name 3042
2026-02-13 13:11:23,108 - INFO - Building stim pattern for pattern_name 261
2026-02-13 13:11:23,119 - INFO - Building stim pattern for pattern_name 752
2026-02-13 13:11:23,132 - INFO - Building stim pattern for pattern_name 2916
2026-02-13 13:11:23,144 - INFO - Building stim pattern for pattern_name 187
2026-02-13 13:11:23,155 - INFO - Building stim pattern for pattern_name 2733
2026-02-13 13:11:23,196 - INFO - Building stim pattern for pattern_name 3790
2026-02-13 13:11:23,207 - INFO - Building stim pattern for pattern_name 2233
2026-02-13 13:11:23,218 - INFO - Building stim pattern for pattern_name 1225
2026-02-13 13:11:23,230 - INFO - Building stim pattern for pattern_name 1371
2026-02-13 13:11:23,243 - INFO - Building stim pattern for pattern_name 3034
2026-02-13 13:11:23,261 - INFO - Building stim pattern for pattern_name 1733
2026-02-13 13:11:23,273 - INFO - Building stim pattern for pattern_name 1072
2026-02-13 13:11:23,285 - INFO - Building stim pattern for pattern_name 2601
2026-02-13 13:11:23,303 - INFO - Building stim pattern for pattern_name 414
2026-02-13 13:11:23,314 - INFO - Building stim pattern for pattern_name 2519
2026-02-13 13:11:23,330 - INFO - Building stim pattern for pattern_name 3828
2026-02-13 13:11:23,340 - INFO - Building stim pattern for pattern_name 1607
2026-02-13 13:11:23,354 - INFO - Building stim pattern for pattern_name 2690
2026-02-13 13:11:23,369 - INFO - Building stim pattern for pattern_name 2878
2026-02-13 13:11:23,384 - INFO - Building stim pattern for pattern_name 386
2026-02-13 13:11:23,406 - INFO - Building stim pattern for pattern_name 713
2026-02-13 13:11:23,420 - INFO - Building stim pattern for pattern_name 3758
2026-02-13 13:11:23,431 - INFO - Building stim pattern for pattern_name 2014
2026-02-13 13:11:23,449 - INFO - Building stim pattern for pattern_name 1162
2026-02-13 13:11:23,459 - INFO - Building stim pattern for pattern_name 2166
2026-02-13 13:11:23,470 - INFO - Building stim pattern for pattern_name 1242
2026-02-13 13:11:23,481 - INFO - Building stim pattern for pattern_name 1292
2026-02-13 13:11:23,507 - INFO - Building stim pattern for pattern_name 2145
2026-02-13 13:11:23,520 - INFO - Building stim pattern for pattern_name 3591
2026-02-13 13:11:23,533 - INFO - Building stim pattern for pattern_name 1461
2026-02-13 13:11:23,547 - INFO - Building stim pattern for pattern_name 3275
2026-02-13 13:11:23,558 - INFO - Building stim pattern for pattern_name 2618
2026-02-13 13:11:23,569 - INFO - Building stim pattern for pattern_name 1190
2026-02-13 13:11:23,580 - INFO - Building stim pattern for pattern_name 124
2026-02-13 13:11:23,590 - INFO - Building stim pattern for pattern_name 2194
2026-02-13 13:11:23,611 - INFO - Building stim pattern for pattern_name 2795
2026-02-13 13:11:23,637 - INFO - Building stim pattern for pattern_name 2083
2026-02-13 13:11:23,658 - INFO - Building stim pattern for pattern_name 388
2026-02-13 13:11:23,672 - INFO - Building stim pattern for pattern_name 1544
2026-02-13 13:11:23,692 - INFO - Building stim pattern for pattern_name 1448
2026-02-13 13:11:23,704 - INFO - Building stim pattern for pattern_name 3941
2026-02-13 13:11:23,720 - INFO - Building stim pattern for pattern_name 2227
2026-02-13 13:11:23,734 - INFO - Building stim pattern for pattern_name 607
2026-02-13 13:11:23,745 - INFO - Building stim pattern for pattern_name 622
2026-02-13 13:11:23,756 - INFO - Building stim pattern for pattern_name 3408
2026-02-13 13:11:23,768 - INFO - Building stim pattern for pattern_name 110
2026-02-13 13:11:23,794 - INFO - Building stim pattern for pattern_name 3287
2026-02-13 13:11:23,804 - INFO - Building stim pattern for pattern_name 2315
2026-02-13 13:11:23,821 - INFO - Building stim pattern for pattern_name 1860
2026-02-13 13:11:23,832 - INFO - Building stim pattern for pattern_name 1254
2026-02-13 13:11:23,845 - INFO - Building stim pattern for pattern_name 3029
2026-02-13 13:11:23,858 - INFO - Building stim pattern for pattern_name 1463
2026-02-13 13:11:23,871 - INFO - Building stim pattern for pattern_name 454
2026-02-13 13:11:23,884 - INFO - Building stim pattern for pattern_name 2640
2026-02-13 13:11:23,896 - INFO - Building stim pattern for pattern_name 1472
2026-02-13 13:11:23,923 - INFO - Building stim pattern for pattern_name 959
2026-02-13 13:11:23,949 - INFO - Building stim pattern for pattern_name 1827
2026-02-13 13:11:23,971 - INFO - Building stim pattern for pattern_name 3392
2026-02-13 13:11:23,982 - INFO - Building stim pattern for pattern_name 1715
2026-02-13 13:11:23,994 - INFO - Building stim pattern for pattern_name 2847
2026-02-13 13:11:24,007 - INFO - Building stim pattern for pattern_name 1119
2026-02-13 13:11:24,021 - INFO - Building stim pattern for pattern_name 452
2026-02-13 13:11:24,033 - INFO - Building stim pattern for pattern_name 1310
2026-02-13 13:11:24,054 - INFO - Building stim pattern for pattern_name 2590
2026-02-13 13:11:24,067 - INFO - Building stim pattern for pattern_name 136
2026-02-13 13:11:24,077 - INFO - Building stim pattern for pattern_name 3518
2026-02-13 13:11:24,087 - INFO - Building stim pattern for pattern_name 2463
2026-02-13 13:11:24,098 - INFO - Building stim pattern for pattern_name 1937
2026-02-13 13:11:24,108 - INFO - Building stim pattern for pattern_name 3739
2026-02-13 13:11:24,119 - INFO - Building stim pattern for pattern_name 945
2026-02-13 13:11:24,139 - INFO - Building stim pattern for pattern_name 2900
2026-02-13 13:11:24,152 - INFO - Building stim pattern for pattern_name 3976
2026-02-13 13:11:24,164 - INFO - Building stim pattern for pattern_name 919
2026-02-13 13:11:24,177 - INFO - Building stim pattern for pattern_name 774
2026-02-13 13:11:24,187 - INFO - Building stim pattern for pattern_name 2625
2026-02-13 13:11:24,198 - INFO - Building stim pattern for pattern_name 107
2026-02-13 13:11:24,210 - INFO - Building stim pattern for pattern_name 1002
2026-02-13 13:11:24,221 - INFO - Building stim pattern for pattern_name 1900
2026-02-13 13:11:24,232 - INFO - Building stim pattern for pattern_name 703
2026-02-13 13:11:24,244 - INFO - Building stim pattern for pattern_name 1068
2026-02-13 13:11:24,255 - INFO - Building stim pattern for pattern_name 3233
2026-02-13 13:11:24,274 - INFO - Building stim pattern for pattern_name 1844
2026-02-13 13:11:24,286 - INFO - Building stim pattern for pattern_name 2288
2026-02-13 13:11:24,300 - INFO - Building stim pattern for pattern_name 1028
2026-02-13 13:11:24,311 - INFO - Building stim pattern for pattern_name 348
2026-02-13 13:11:24,329 - INFO - Building stim pattern for pattern_name 3848
2026-02-13 13:11:24,342 - INFO - Building stim pattern for pattern_name 3109
2026-02-13 13:11:24,369 - INFO - Building stim pattern for pattern_name 3886
2026-02-13 13:11:24,381 - INFO - Building stim pattern for pattern_name 1748
2026-02-13 13:11:24,392 - INFO - Building stim pattern for pattern_name 2012
2026-02-13 13:11:24,402 - INFO - Building stim pattern for pattern_name 297
2026-02-13 13:11:24,415 - INFO - Building stim pattern for pattern_name 2132
2026-02-13 13:11:24,445 - INFO - Building stim pattern for pattern_name 3538
2026-02-13 13:11:24,457 - INFO - Building stim pattern for pattern_name 2504
2026-02-13 13:11:24,471 - INFO - Building stim pattern for pattern_name 2352
2026-02-13 13:11:24,483 - INFO - Building stim pattern for pattern_name 1926
2026-02-13 13:11:24,494 - INFO - Building stim pattern for pattern_name 906
2026-02-13 13:11:24,505 - INFO - Building stim pattern for pattern_name 3293
2026-02-13 13:11:24,519 - INFO - Building stim pattern for pattern_name 3339
2026-02-13 13:11:24,534 - INFO - Building stim pattern for pattern_name 3004
2026-02-13 13:11:24,545 - INFO - Building stim pattern for pattern_name 761
2026-02-13 13:11:24,555 - INFO - Building stim pattern for pattern_name 3487
2026-02-13 13:11:24,567 - INFO - Building stim pattern for pattern_name 354
2026-02-13 13:11:24,584 - INFO - Building stim pattern for pattern_name 3653
2026-02-13 13:11:24,595 - INFO - Building stim pattern for pattern_name 3737
2026-02-13 13:11:24,606 - INFO - Building stim pattern for pattern_name 2757
2026-02-13 13:11:24,618 - INFO - Building stim pattern for pattern_name 3813
2026-02-13 13:11:24,635 - INFO - Building stim pattern for pattern_name 1528
2026-02-13 13:11:24,647 - INFO - Building stim pattern for pattern_name 3054
2026-02-13 13:11:24,657 - INFO - Building stim pattern for pattern_name 208
2026-02-13 13:11:24,668 - INFO - Building stim pattern for pattern_name 3377
2026-02-13 13:11:24,681 - INFO - Building stim pattern for pattern_name 1277
2026-02-13 13:11:24,738 - INFO - Building stim pattern for pattern_name 2500
2026-02-13 13:11:24,756 - INFO - Building stim pattern for pattern_name 3283
2026-02-13 13:11:24,776 - INFO - Building stim pattern for pattern_name 708
2026-02-13 13:11:24,789 - INFO - Building stim pattern for pattern_name 2209
2026-02-13 13:11:24,809 - INFO - Building stim pattern for pattern_name 2215
2026-02-13 13:11:24,821 - INFO - Building stim pattern for pattern_name 2471
2026-02-13 13:11:24,839 - INFO - Building stim pattern for pattern_name 792
2026-02-13 13:11:24,851 - INFO - Building stim pattern for pattern_name 3899
2026-02-13 13:11:24,863 - INFO - Building stim pattern for pattern_name 3912
2026-02-13 13:11:24,875 - INFO - Building stim pattern for pattern_name 382
2026-02-13 13:11:24,886 - INFO - Building stim pattern for pattern_name 778
2026-02-13 13:11:24,896 - INFO - Building stim pattern for pattern_name 3867
2026-02-13 13:11:24,916 - INFO - Building stim pattern for pattern_name 1948
2026-02-13 13:11:24,928 - INFO - Building stim pattern for pattern_name 3509
2026-02-13 13:11:24,939 - INFO - Building stim pattern for pattern_name 3555
2026-02-13 13:11:24,950 - INFO - Building stim pattern for pattern_name 3992
2026-02-13 13:11:24,962 - INFO - Building stim pattern for pattern_name 1882
2026-02-13 13:11:24,973 - INFO - Building stim pattern for pattern_name 99
2026-02-13 13:11:24,991 - INFO - Building stim pattern for pattern_name 2536
2026-02-13 13:11:25,003 - INFO - Building stim pattern for pattern_name 892
2026-02-13 13:11:25,013 - INFO - Building stim pattern for pattern_name 2834
2026-02-13 13:11:25,024 - INFO - Building stim pattern for pattern_name 989
2026-02-13 13:11:25,035 - INFO - Building stim pattern for pattern_name 3540
2026-02-13 13:11:25,046 - INFO - Building stim pattern for pattern_name 1501
2026-02-13 13:11:25,056 - INFO - Building stim pattern for pattern_name 2793
2026-02-13 13:11:25,067 - INFO - Building stim pattern for pattern_name 1042
2026-02-13 13:11:25,078 - INFO - Building stim pattern for pattern_name 3417
2026-02-13 13:11:25,092 - INFO - Building stim pattern for pattern_name 665
2026-02-13 13:11:25,106 - INFO - Building stim pattern for pattern_name 3579
2026-02-13 13:11:25,119 - INFO - Building stim pattern for pattern_name 58
2026-02-13 13:11:25,134 - INFO - Building stim pattern for pattern_name 626
2026-02-13 13:11:25,145 - INFO - Building stim pattern for pattern_name 1013
2026-02-13 13:11:25,163 - INFO - Building stim pattern for pattern_name 3159
2026-02-13 13:11:25,174 - INFO - Building stim pattern for pattern_name 3679
2026-02-13 13:11:25,198 - INFO - Building stim pattern for pattern_name 3675
2026-02-13 13:11:25,209 - INFO - Building stim pattern for pattern_name 3944
2026-02-13 13:11:25,220 - INFO - Building stim pattern for pattern_name 1251
2026-02-13 13:11:25,232 - INFO - Building stim pattern for pattern_name 3505
2026-02-13 13:11:25,244 - INFO - Building stim pattern for pattern_name 1151
2026-02-13 13:11:25,268 - INFO - Building stim pattern for pattern_name 1369
2026-02-13 13:11:25,279 - INFO - Building stim pattern for pattern_name 600
2026-02-13 13:11:25,290 - INFO - Building stim pattern for pattern_name 2459
2026-02-13 13:11:25,300 - INFO - Building stim pattern for pattern_name 1249
2026-02-13 13:11:25,317 - INFO - Building stim pattern for pattern_name 841
2026-02-13 13:11:25,328 - INFO - Building stim pattern for pattern_name 3321
2026-02-13 13:11:25,339 - INFO - Building stim pattern for pattern_name 1639
2026-02-13 13:11:25,351 - INFO - Building stim pattern for pattern_name 3864
2026-02-13 13:11:25,361 - INFO - Building stim pattern for pattern_name 1328
2026-02-13 13:11:25,379 - INFO - Building stim pattern for pattern_name 2142
2026-02-13 13:11:25,390 - INFO - Building stim pattern for pattern_name 3770
2026-02-13 13:11:25,403 - INFO - Building stim pattern for pattern_name 3134
2026-02-13 13:11:25,414 - INFO - Building stim pattern for pattern_name 3687
2026-02-13 13:11:25,425 - INFO - Building stim pattern for pattern_name 202
2026-02-13 13:11:25,437 - INFO - Building stim pattern for pattern_name 771
2026-02-13 13:11:25,448 - INFO - Building stim pattern for pattern_name 1163
2026-02-13 13:11:25,459 - INFO - Building stim pattern for pattern_name 1642
2026-02-13 13:11:25,480 - INFO - Building stim pattern for pattern_name 504
2026-02-13 13:11:25,519 - INFO - Building stim pattern for pattern_name 3560
2026-02-13 13:11:25,539 - INFO - Building stim pattern for pattern_name 2873
2026-02-13 13:11:25,559 - INFO - Building stim pattern for pattern_name 3058
2026-02-13 13:11:25,570 - INFO - Building stim pattern for pattern_name 1881
2026-02-13 13:11:25,590 - INFO - Building stim pattern for pattern_name 3563
2026-02-13 13:11:25,610 - INFO - Building stim pattern for pattern_name 1231
2026-02-13 13:11:25,623 - INFO - Building stim pattern for pattern_name 166
2026-02-13 13:11:25,637 - INFO - Building stim pattern for pattern_name 2391
2026-02-13 13:11:25,651 - INFO - Building stim pattern for pattern_name 1186
2026-02-13 13:11:25,663 - INFO - Building stim pattern for pattern_name 2487
2026-02-13 13:11:25,675 - INFO - Building stim pattern for pattern_name 722
2026-02-13 13:11:25,693 - INFO - Building stim pattern for pattern_name 3943
2026-02-13 13:11:25,704 - INFO - Building stim pattern for pattern_name 2571
2026-02-13 13:11:25,715 - INFO - Building stim pattern for pattern_name 1148
2026-02-13 13:11:25,734 - INFO - Building stim pattern for pattern_name 3646
2026-02-13 13:11:25,745 - INFO - Building stim pattern for pattern_name 3394
2026-02-13 13:11:25,757 - INFO - Building stim pattern for pattern_name 2976
2026-02-13 13:11:25,769 - INFO - Building stim pattern for pattern_name 873
2026-02-13 13:11:25,792 - INFO - Building stim pattern for pattern_name 371
2026-02-13 13:11:25,804 - INFO - Building stim pattern for pattern_name 1404
2026-02-13 13:11:25,821 - INFO - Building stim pattern for pattern_name 3965
2026-02-13 13:11:25,833 - INFO - Building stim pattern for pattern_name 3791
2026-02-13 13:11:25,844 - INFO - Building stim pattern for pattern_name 2476
2026-02-13 13:11:25,854 - INFO - Building stim pattern for pattern_name 2606
2026-02-13 13:11:25,865 - INFO - Building stim pattern for pattern_name 1392
2026-02-13 13:11:25,876 - INFO - Building stim pattern for pattern_name 2365
2026-02-13 13:11:25,886 - INFO - Building stim pattern for pattern_name 845
2026-02-13 13:11:25,897 - INFO - Building stim pattern for pattern_name 1622
2026-02-13 13:11:25,908 - INFO - Building stim pattern for pattern_name 3936
2026-02-13 13:11:25,921 - INFO - Building stim pattern for pattern_name 2287
2026-02-13 13:11:25,931 - INFO - Building stim pattern for pattern_name 2195
2026-02-13 13:11:25,942 - INFO - Building stim pattern for pattern_name 2647
2026-02-13 13:11:25,954 - INFO - Building stim pattern for pattern_name 2680
2026-02-13 13:11:25,967 - INFO - Building stim pattern for pattern_name 3402
2026-02-13 13:11:25,977 - INFO - Building stim pattern for pattern_name 1627
2026-02-13 13:11:25,988 - INFO - Building stim pattern for pattern_name 3479
2026-02-13 13:11:26,007 - INFO - Building stim pattern for pattern_name 804
2026-02-13 13:11:26,020 - INFO - Building stim pattern for pattern_name 2938
2026-02-13 13:11:26,039 - INFO - Building stim pattern for pattern_name 2304
2026-02-13 13:11:26,049 - INFO - Building stim pattern for pattern_name 3090
2026-02-13 13:11:26,061 - INFO - Building stim pattern for pattern_name 918
2026-02-13 13:11:26,074 - INFO - Building stim pattern for pattern_name 984
2026-02-13 13:11:26,092 - INFO - Building stim pattern for pattern_name 1344
2026-02-13 13:11:26,117 - INFO - Building stim pattern for pattern_name 40
2026-02-13 13:11:26,129 - INFO - Building stim pattern for pattern_name 667
2026-02-13 13:11:26,140 - INFO - Building stim pattern for pattern_name 422
2026-02-13 13:11:26,152 - INFO - Building stim pattern for pattern_name 3551
2026-02-13 13:11:26,167 - INFO - Building stim pattern for pattern_name 3415
2026-02-13 13:11:26,181 - INFO - Building stim pattern for pattern_name 304
2026-02-13 13:11:26,207 - INFO - Building stim pattern for pattern_name 3079
2026-02-13 13:11:26,225 - INFO - Building stim pattern for pattern_name 1984
2026-02-13 13:11:26,237 - INFO - Building stim pattern for pattern_name 3390
2026-02-13 13:11:26,249 - INFO - Building stim pattern for pattern_name 2914
2026-02-13 13:11:26,260 - INFO - Building stim pattern for pattern_name 3115
2026-02-13 13:11:26,271 - INFO - Building stim pattern for pattern_name 3110
2026-02-13 13:11:26,282 - INFO - Building stim pattern for pattern_name 3386
2026-02-13 13:11:26,293 - INFO - Building stim pattern for pattern_name 1718
2026-02-13 13:11:26,305 - INFO - Building stim pattern for pattern_name 1970
2026-02-13 13:11:26,331 - INFO - Building stim pattern for pattern_name 820
2026-02-13 13:11:26,365 - INFO - Building stim pattern for pattern_name 1452
2026-02-13 13:11:26,390 - INFO - Building stim pattern for pattern_name 3078
2026-02-13 13:11:26,405 - INFO - Building stim pattern for pattern_name 1004
2026-02-13 13:11:26,418 - INFO - Building stim pattern for pattern_name 1818
2026-02-13 13:11:26,429 - INFO - Building stim pattern for pattern_name 1349
2026-02-13 13:11:26,442 - INFO - Building stim pattern for pattern_name 3041
2026-02-13 13:11:26,453 - INFO - Building stim pattern for pattern_name 451
2026-02-13 13:11:26,466 - INFO - Building stim pattern for pattern_name 2332
2026-02-13 13:11:26,477 - INFO - Building stim pattern for pattern_name 598
2026-02-13 13:11:26,488 - INFO - Building stim pattern for pattern_name 2805
2026-02-13 13:11:26,501 - INFO - Building stim pattern for pattern_name 3656
2026-02-13 13:11:26,512 - INFO - Building stim pattern for pattern_name 882
2026-02-13 13:11:26,522 - INFO - Building stim pattern for pattern_name 3873
2026-02-13 13:11:26,535 - INFO - Building stim pattern for pattern_name 3630
2026-02-13 13:11:26,547 - INFO - Building stim pattern for pattern_name 3797
2026-02-13 13:11:26,558 - INFO - Building stim pattern for pattern_name 3749
2026-02-13 13:11:26,569 - INFO - Building stim pattern for pattern_name 97
2026-02-13 13:11:26,580 - INFO - Building stim pattern for pattern_name 3280
2026-02-13 13:11:26,593 - INFO - Building stim pattern for pattern_name 172
2026-02-13 13:11:26,604 - INFO - Building stim pattern for pattern_name 3891
2026-02-13 13:11:26,615 - INFO - Building stim pattern for pattern_name 3932
2026-02-13 13:11:26,628 - INFO - Building stim pattern for pattern_name 1784
2026-02-13 13:11:26,647 - INFO - Building stim pattern for pattern_name 493
2026-02-13 13:11:26,660 - INFO - Building stim pattern for pattern_name 2833
2026-02-13 13:11:26,671 - INFO - Building stim pattern for pattern_name 690
2026-02-13 13:11:26,681 - INFO - Building stim pattern for pattern_name 3333
2026-02-13 13:11:26,693 - INFO - Building stim pattern for pattern_name 3800
2026-02-13 13:11:26,704 - INFO - Building stim pattern for pattern_name 59
2026-02-13 13:11:26,715 - INFO - Building stim pattern for pattern_name 3299
2026-02-13 13:11:26,726 - INFO - Building stim pattern for pattern_name 2670
2026-02-13 13:11:26,738 - INFO - Building stim pattern for pattern_name 2439
2026-02-13 13:11:26,749 - INFO - Building stim pattern for pattern_name 283
2026-02-13 13:11:26,768 - INFO - Building stim pattern for pattern_name 3543
2026-02-13 13:11:26,780 - INFO - Building stim pattern for pattern_name 3824
2026-02-13 13:11:26,791 - INFO - Building stim pattern for pattern_name 3232
2026-02-13 13:11:26,804 - INFO - Building stim pattern for pattern_name 1803
2026-02-13 13:11:26,817 - INFO - Building stim pattern for pattern_name 1306
2026-02-13 13:11:26,836 - INFO - Building stim pattern for pattern_name 260
2026-02-13 13:11:26,848 - INFO - Building stim pattern for pattern_name 2071
2026-02-13 13:11:26,859 - INFO - Building stim pattern for pattern_name 379
2026-02-13 13:11:26,870 - INFO - Building stim pattern for pattern_name 3962
2026-02-13 13:11:26,887 - INFO - Building stim pattern for pattern_name 779
2026-02-13 13:11:26,898 - INFO - Building stim pattern for pattern_name 861
2026-02-13 13:11:26,916 - INFO - Building stim pattern for pattern_name 177
2026-02-13 13:11:26,951 - INFO - Building stim pattern for pattern_name 1338
2026-02-13 13:11:26,963 - INFO - Building stim pattern for pattern_name 312
2026-02-13 13:11:26,973 - INFO - Building stim pattern for pattern_name 163
2026-02-13 13:11:26,992 - INFO - Building stim pattern for pattern_name 3632
2026-02-13 13:11:27,010 - INFO - Building stim pattern for pattern_name 1904
2026-02-13 13:11:27,023 - INFO - Building stim pattern for pattern_name 1535
2026-02-13 13:11:27,035 - INFO - Building stim pattern for pattern_name 3490
2026-02-13 13:11:27,056 - INFO - Building stim pattern for pattern_name 2617
2026-02-13 13:11:27,068 - INFO - Building stim pattern for pattern_name 2490
2026-02-13 13:11:27,080 - INFO - Building stim pattern for pattern_name 1732
2026-02-13 13:11:27,098 - INFO - Building stim pattern for pattern_name 57
2026-02-13 13:11:27,108 - INFO - Building stim pattern for pattern_name 295
2026-02-13 13:11:27,126 - INFO - Building stim pattern for pattern_name 458
2026-02-13 13:11:27,138 - INFO - Building stim pattern for pattern_name 966
2026-02-13 13:11:27,168 - INFO - Building stim pattern for pattern_name 1797
2026-02-13 13:11:27,191 - INFO - Building stim pattern for pattern_name 3066
2026-02-13 13:11:27,208 - INFO - Building stim pattern for pattern_name 3681
2026-02-13 13:11:27,221 - INFO - Building stim pattern for pattern_name 2550
2026-02-13 13:11:27,233 - INFO - Building stim pattern for pattern_name 2187
2026-02-13 13:11:27,246 - INFO - Building stim pattern for pattern_name 2511
2026-02-13 13:11:27,257 - INFO - Building stim pattern for pattern_name 328
2026-02-13 13:11:27,268 - INFO - Building stim pattern for pattern_name 2477
2026-02-13 13:11:27,279 - INFO - Building stim pattern for pattern_name 299
2026-02-13 13:11:27,292 - INFO - Building stim pattern for pattern_name 2154
2026-02-13 13:11:27,303 - INFO - Building stim pattern for pattern_name 3324
2026-02-13 13:11:27,319 - INFO - Building stim pattern for pattern_name 2411
2026-02-13 13:11:27,329 - INFO - Building stim pattern for pattern_name 3928
2026-02-13 13:11:27,341 - INFO - Building stim pattern for pattern_name 315
2026-02-13 13:11:27,368 - INFO - Building stim pattern for pattern_name 2808
2026-02-13 13:11:27,386 - INFO - Building stim pattern for pattern_name 1712
2026-02-13 13:11:27,399 - INFO - Building stim pattern for pattern_name 2687
2026-02-13 13:11:27,422 - INFO - Building stim pattern for pattern_name 2116
2026-02-13 13:11:27,453 - INFO - Building stim pattern for pattern_name 3743
2026-02-13 13:11:27,470 - INFO - Building stim pattern for pattern_name 1185
2026-02-13 13:11:27,483 - INFO - Building stim pattern for pattern_name 3624
2026-02-13 13:11:27,496 - INFO - Building stim pattern for pattern_name 45
2026-02-13 13:11:27,509 - INFO - Building stim pattern for pattern_name 3977
2026-02-13 13:11:27,522 - INFO - Building stim pattern for pattern_name 807
2026-02-13 13:11:27,534 - INFO - Building stim pattern for pattern_name 1749
2026-02-13 13:11:27,545 - INFO - Building stim pattern for pattern_name 997
2026-02-13 13:11:27,557 - INFO - Building stim pattern for pattern_name 3006
2026-02-13 13:11:27,568 - INFO - Building stim pattern for pattern_name 1527
2026-02-13 13:11:27,579 - INFO - Building stim pattern for pattern_name 188
2026-02-13 13:11:27,590 - INFO - Building stim pattern for pattern_name 2707
2026-02-13 13:11:27,609 - INFO - Building stim pattern for pattern_name 1105
2026-02-13 13:11:27,619 - INFO - Building stim pattern for pattern_name 3918
2026-02-13 13:11:27,629 - INFO - Building stim pattern for pattern_name 1020
2026-02-13 13:11:27,640 - INFO - Building stim pattern for pattern_name 2975
2026-02-13 13:11:27,652 - INFO - Building stim pattern for pattern_name 3680
2026-02-13 13:11:27,663 - INFO - Building stim pattern for pattern_name 1981
2026-02-13 13:11:27,676 - INFO - Building stim pattern for pattern_name 1139
2026-02-13 13:11:27,687 - INFO - Building stim pattern for pattern_name 867
2026-02-13 13:11:27,698 - INFO - Building stim pattern for pattern_name 1378
2026-02-13 13:11:27,710 - INFO - Building stim pattern for pattern_name 1649
2026-02-13 13:11:27,721 - INFO - Building stim pattern for pattern_name 3927
2026-02-13 13:11:27,733 - INFO - Building stim pattern for pattern_name 3904
2026-02-13 13:11:27,752 - INFO - Building stim pattern for pattern_name 1605
2026-02-13 13:11:27,764 - INFO - Building stim pattern for pattern_name 1993
2026-02-13 13:11:27,775 - INFO - Building stim pattern for pattern_name 2703
2026-02-13 13:11:27,786 - INFO - Building stim pattern for pattern_name 2896
2026-02-13 13:11:27,796 - INFO - Building stim pattern for pattern_name 308
2026-02-13 13:11:27,807 - INFO - Building stim pattern for pattern_name 1179
2026-02-13 13:11:27,825 - INFO - Building stim pattern for pattern_name 3523
2026-02-13 13:11:27,839 - INFO - Building stim pattern for pattern_name 1409
2026-02-13 13:11:27,853 - INFO - Building stim pattern for pattern_name 3464
2026-02-13 13:11:27,868 - INFO - Building stim pattern for pattern_name 3750
2026-02-13 13:11:27,880 - INFO - Building stim pattern for pattern_name 331
2026-02-13 13:11:27,890 - INFO - Building stim pattern for pattern_name 1334
2026-02-13 13:11:27,903 - INFO - Building stim pattern for pattern_name 2553
2026-02-13 13:11:27,914 - INFO - Building stim pattern for pattern_name 874
2026-02-13 13:11:27,927 - INFO - Building stim pattern for pattern_name 2438
2026-02-13 13:11:27,937 - INFO - Building stim pattern for pattern_name 1658
2026-02-13 13:11:27,989 - INFO - Building stim pattern for pattern_name 2538
2026-02-13 13:11:28,008 - INFO - Building stim pattern for pattern_name 3519
2026-02-13 13:11:28,020 - INFO - Building stim pattern for pattern_name 3804
2026-02-13 13:11:28,031 - INFO - Building stim pattern for pattern_name 3281
2026-02-13 13:11:28,044 - INFO - Building stim pattern for pattern_name 1432
2026-02-13 13:11:28,054 - INFO - Building stim pattern for pattern_name 2906
2026-02-13 13:11:28,065 - INFO - Building stim pattern for pattern_name 2702
2026-02-13 13:11:28,078 - INFO - Building stim pattern for pattern_name 3250
2026-02-13 13:11:28,090 - INFO - Building stim pattern for pattern_name 2470
2026-02-13 13:11:28,104 - INFO - Building stim pattern for pattern_name 3154
2026-02-13 13:11:28,116 - INFO - Building stim pattern for pattern_name 2789
2026-02-13 13:11:28,136 - INFO - Building stim pattern for pattern_name 1474
2026-02-13 13:11:28,152 - INFO - Building stim pattern for pattern_name 736
2026-02-13 13:11:28,163 - INFO - Building stim pattern for pattern_name 3343
2026-02-13 13:11:28,178 - INFO - Building stim pattern for pattern_name 2317
2026-02-13 13:11:28,194 - INFO - Building stim pattern for pattern_name 3508
2026-02-13 13:11:28,207 - INFO - Building stim pattern for pattern_name 114
2026-02-13 13:11:28,221 - INFO - Building stim pattern for pattern_name 96
2026-02-13 13:11:28,232 - INFO - Building stim pattern for pattern_name 303
2026-02-13 13:11:28,244 - INFO - Building stim pattern for pattern_name 970
2026-02-13 13:11:28,269 - INFO - Building stim pattern for pattern_name 482
2026-02-13 13:11:28,281 - INFO - Building stim pattern for pattern_name 2678
2026-02-13 13:11:28,291 - INFO - Building stim pattern for pattern_name 2298
2026-02-13 13:11:28,304 - INFO - Building stim pattern for pattern_name 565
2026-02-13 13:11:28,328 - INFO - Building stim pattern for pattern_name 3819
2026-02-13 13:11:28,340 - INFO - Building stim pattern for pattern_name 2284
2026-02-13 13:11:28,351 - INFO - Building stim pattern for pattern_name 2489
2026-02-13 13:11:28,365 - INFO - Building stim pattern for pattern_name 1365
2026-02-13 13:11:28,376 - INFO - Building stim pattern for pattern_name 2817
2026-02-13 13:11:28,386 - INFO - Building stim pattern for pattern_name 1804
2026-02-13 13:11:28,398 - INFO - Building stim pattern for pattern_name 688
2026-02-13 13:11:28,408 - INFO - Building stim pattern for pattern_name 1071
2026-02-13 13:11:28,420 - INFO - Building stim pattern for pattern_name 1657
2026-02-13 13:11:28,432 - INFO - Building stim pattern for pattern_name 498
2026-02-13 13:11:28,441 - INFO - Building stim pattern for pattern_name 1100
2026-02-13 13:11:28,452 - INFO - Building stim pattern for pattern_name 2957
2026-02-13 13:11:28,464 - INFO - Building stim pattern for pattern_name 3502
2026-02-13 13:11:28,484 - INFO - Building stim pattern for pattern_name 1538
2026-02-13 13:11:28,495 - INFO - Building stim pattern for pattern_name 3999
2026-02-13 13:11:28,505 - INFO - Building stim pattern for pattern_name 3917
2026-02-13 13:11:28,527 - INFO - Building stim pattern for pattern_name 2823
2026-02-13 13:11:28,540 - INFO - Building stim pattern for pattern_name 2810
2026-02-13 13:11:28,552 - INFO - Building stim pattern for pattern_name 3921
2026-02-13 13:11:28,580 - INFO - Building stim pattern for pattern_name 1065
2026-02-13 13:11:28,598 - INFO - Building stim pattern for pattern_name 1066
2026-02-13 13:11:28,610 - INFO - Building stim pattern for pattern_name 3003
2026-02-13 13:11:28,629 - INFO - Building stim pattern for pattern_name 3609
2026-02-13 13:11:28,641 - INFO - Building stim pattern for pattern_name 1321
2026-02-13 13:11:28,655 - INFO - Building stim pattern for pattern_name 1922
2026-02-13 13:11:28,666 - INFO - Building stim pattern for pattern_name 2756
2026-02-13 13:11:28,678 - INFO - Building stim pattern for pattern_name 1164
2026-02-13 13:11:28,690 - INFO - Building stim pattern for pattern_name 620
2026-02-13 13:11:28,701 - INFO - Building stim pattern for pattern_name 2502
2026-02-13 13:11:28,715 - INFO - Building stim pattern for pattern_name 3068
2026-02-13 13:11:28,730 - INFO - Building stim pattern for pattern_name 1271
2026-02-13 13:11:28,748 - INFO - Building stim pattern for pattern_name 2243
2026-02-13 13:11:28,759 - INFO - Building stim pattern for pattern_name 1592
2026-02-13 13:11:28,784 - INFO - Building stim pattern for pattern_name 3035
2026-02-13 13:11:28,827 - INFO - Building stim pattern for pattern_name 999
2026-02-13 13:11:28,839 - INFO - Building stim pattern for pattern_name 2460
2026-02-13 13:11:28,849 - INFO - Building stim pattern for pattern_name 3320
2026-02-13 13:11:28,860 - INFO - Building stim pattern for pattern_name 958
2026-02-13 13:11:28,872 - INFO - Building stim pattern for pattern_name 215
2026-02-13 13:11:28,890 - INFO - Building stim pattern for pattern_name 2269
2026-02-13 13:11:28,907 - INFO - Building stim pattern for pattern_name 2797
2026-02-13 13:11:28,919 - INFO - Building stim pattern for pattern_name 2473
2026-02-13 13:11:28,931 - INFO - Building stim pattern for pattern_name 2127
2026-02-13 13:11:28,942 - INFO - Building stim pattern for pattern_name 3076
2026-02-13 13:11:28,954 - INFO - Building stim pattern for pattern_name 3346
2026-02-13 13:11:28,973 - INFO - Building stim pattern for pattern_name 2870
2026-02-13 13:11:28,985 - INFO - Building stim pattern for pattern_name 362
2026-02-13 13:11:28,995 - INFO - Building stim pattern for pattern_name 2903
2026-02-13 13:11:29,006 - INFO - Building stim pattern for pattern_name 3843
2026-02-13 13:11:29,017 - INFO - Building stim pattern for pattern_name 2373
2026-02-13 13:11:29,029 - INFO - Building stim pattern for pattern_name 1026
2026-02-13 13:11:29,040 - INFO - Building stim pattern for pattern_name 1055
2026-02-13 13:11:29,052 - INFO - Building stim pattern for pattern_name 2587
2026-02-13 13:11:29,064 - INFO - Building stim pattern for pattern_name 833
2026-02-13 13:11:29,077 - INFO - Building stim pattern for pattern_name 805
2026-02-13 13:11:29,087 - INFO - Building stim pattern for pattern_name 3244
2026-02-13 13:11:29,100 - INFO - Building stim pattern for pattern_name 1660
2026-02-13 13:11:29,112 - INFO - Building stim pattern for pattern_name 3319
2026-02-13 13:11:29,138 - INFO - Building stim pattern for pattern_name 1990
2026-02-13 13:11:29,159 - INFO - Building stim pattern for pattern_name 2952
2026-02-13 13:11:29,172 - INFO - Building stim pattern for pattern_name 3200
2026-02-13 13:11:29,190 - INFO - Building stim pattern for pattern_name 66
2026-02-13 13:11:29,201 - INFO - Building stim pattern for pattern_name 1088
2026-02-13 13:11:29,212 - INFO - Building stim pattern for pattern_name 2450
2026-02-13 13:11:29,227 - INFO - Building stim pattern for pattern_name 3016
2026-02-13 13:11:29,240 - INFO - Building stim pattern for pattern_name 2486
2026-02-13 13:11:29,254 - INFO - Building stim pattern for pattern_name 3414
2026-02-13 13:11:29,269 - INFO - Building stim pattern for pattern_name 2133
2026-02-13 13:11:29,279 - INFO - Building stim pattern for pattern_name 1046
2026-02-13 13:11:29,301 - INFO - Building stim pattern for pattern_name 977
2026-02-13 13:11:29,313 - INFO - Building stim pattern for pattern_name 3227
2026-02-13 13:11:29,326 - INFO - Building stim pattern for pattern_name 197
2026-02-13 13:11:29,337 - INFO - Building stim pattern for pattern_name 2257
2026-02-13 13:11:29,350 - INFO - Building stim pattern for pattern_name 3298
2026-02-13 13:11:29,364 - INFO - Building stim pattern for pattern_name 2003
2026-02-13 13:11:29,376 - INFO - Building stim pattern for pattern_name 513
2026-02-13 13:11:29,389 - INFO - Building stim pattern for pattern_name 2419
2026-02-13 13:11:29,400 - INFO - Building stim pattern for pattern_name 3182
2026-02-13 13:11:29,412 - INFO - Building stim pattern for pattern_name 2088
2026-02-13 13:11:29,425 - INFO - Building stim pattern for pattern_name 2825
2026-02-13 13:11:29,438 - INFO - Building stim pattern for pattern_name 2379
2026-02-13 13:11:29,449 - INFO - Building stim pattern for pattern_name 3664
2026-02-13 13:11:29,461 - INFO - Building stim pattern for pattern_name 789
2026-02-13 13:11:29,475 - INFO - Building stim pattern for pattern_name 755
2026-02-13 13:11:29,489 - INFO - Building stim pattern for pattern_name 2540
2026-02-13 13:11:29,501 - INFO - Building stim pattern for pattern_name 3166
2026-02-13 13:11:29,514 - INFO - Building stim pattern for pattern_name 868
2026-02-13 13:11:29,528 - INFO - Building stim pattern for pattern_name 1810
2026-02-13 13:11:29,539 - INFO - Building stim pattern for pattern_name 915
2026-02-13 13:11:29,551 - INFO - Building stim pattern for pattern_name 2335
2026-02-13 13:11:29,583 - INFO - Building stim pattern for pattern_name 1705
2026-02-13 13:11:29,605 - INFO - Building stim pattern for pattern_name 438
2026-02-13 13:11:29,620 - INFO - Building stim pattern for pattern_name 610
2026-02-13 13:11:29,634 - INFO - Building stim pattern for pattern_name 2784
2026-02-13 13:11:29,646 - INFO - Building stim pattern for pattern_name 2029
2026-02-13 13:11:29,657 - INFO - Building stim pattern for pattern_name 300
2026-02-13 13:11:29,668 - INFO - Building stim pattern for pattern_name 2853
2026-02-13 13:11:29,681 - INFO - Building stim pattern for pattern_name 3491
2026-02-13 13:11:29,691 - INFO - Building stim pattern for pattern_name 1597
2026-02-13 13:11:29,710 - INFO - Building stim pattern for pattern_name 14
2026-02-13 13:11:29,723 - INFO - Building stim pattern for pattern_name 3501
2026-02-13 13:11:29,734 - INFO - Building stim pattern for pattern_name 361
2026-02-13 13:11:29,747 - INFO - Building stim pattern for pattern_name 2121
2026-02-13 13:11:29,759 - INFO - Building stim pattern for pattern_name 864
2026-02-13 13:11:29,777 - INFO - Building stim pattern for pattern_name 92
2026-02-13 13:11:29,790 - INFO - Building stim pattern for pattern_name 3629
2026-02-13 13:11:29,801 - INFO - Building stim pattern for pattern_name 524
2026-02-13 13:11:29,815 - INFO - Building stim pattern for pattern_name 39
2026-02-13 13:11:29,828 - INFO - Building stim pattern for pattern_name 2119
2026-02-13 13:11:29,841 - INFO - Building stim pattern for pattern_name 477
2026-02-13 13:11:29,856 - INFO - Building stim pattern for pattern_name 3593
2026-02-13 13:11:29,878 - INFO - Building stim pattern for pattern_name 1828
2026-02-13 13:11:29,889 - INFO - Building stim pattern for pattern_name 907
2026-02-13 13:11:29,901 - INFO - Building stim pattern for pattern_name 2851
2026-02-13 13:11:29,914 - INFO - Building stim pattern for pattern_name 500
2026-02-13 13:11:29,926 - INFO - Building stim pattern for pattern_name 3578
2026-02-13 13:11:29,937 - INFO - Building stim pattern for pattern_name 1305
2026-02-13 13:11:29,949 - INFO - Building stim pattern for pattern_name 2354
2026-02-13 13:11:29,962 - INFO - Building stim pattern for pattern_name 2222
2026-02-13 13:11:29,984 - INFO - Building stim pattern for pattern_name 1896
2026-02-13 13:11:30,003 - INFO - Building stim pattern for pattern_name 3890
2026-02-13 13:11:30,016 - INFO - Building stim pattern for pattern_name 2947
2026-02-13 13:11:30,028 - INFO - Building stim pattern for pattern_name 1735
2026-02-13 13:11:30,044 - INFO - Building stim pattern for pattern_name 2173
2026-02-13 13:11:30,053 - INFO - Building stim pattern for pattern_name 1767
2026-02-13 13:11:30,066 - INFO - Building stim pattern for pattern_name 3499
2026-02-13 13:11:30,078 - INFO - Building stim pattern for pattern_name 1615
2026-02-13 13:11:30,089 - INFO - Building stim pattern for pattern_name 1532
2026-02-13 13:11:30,100 - INFO - Building stim pattern for pattern_name 3009
2026-02-13 13:11:30,113 - INFO - Building stim pattern for pattern_name 559
2026-02-13 13:11:30,125 - INFO - Building stim pattern for pattern_name 3677
2026-02-13 13:11:30,137 - INFO - Building stim pattern for pattern_name 595
2026-02-13 13:11:30,154 - INFO - Building stim pattern for pattern_name 1222
2026-02-13 13:11:30,164 - INFO - Building stim pattern for pattern_name 17
2026-02-13 13:11:30,174 - INFO - Building stim pattern for pattern_name 121
2026-02-13 13:11:30,189 - INFO - Building stim pattern for pattern_name 2149
2026-02-13 13:11:30,200 - INFO - Building stim pattern for pattern_name 1208
2026-02-13 13:11:30,210 - INFO - Building stim pattern for pattern_name 2917
2026-02-13 13:11:30,223 - INFO - Building stim pattern for pattern_name 2396
2026-02-13 13:11:30,234 - INFO - Building stim pattern for pattern_name 3959
2026-02-13 13:11:30,245 - INFO - Building stim pattern for pattern_name 2829
2026-02-13 13:11:30,257 - INFO - Building stim pattern for pattern_name 3766
2026-02-13 13:11:30,271 - INFO - Building stim pattern for pattern_name 589
2026-02-13 13:11:30,293 - INFO - Building stim pattern for pattern_name 3235
2026-02-13 13:11:30,311 - INFO - Building stim pattern for pattern_name 1920
2026-02-13 13:11:30,323 - INFO - Building stim pattern for pattern_name 3089
2026-02-13 13:11:30,340 - INFO - Building stim pattern for pattern_name 2923
2026-02-13 13:11:30,387 - INFO - Building stim pattern for pattern_name 3956
2026-02-13 13:11:30,407 - INFO - Building stim pattern for pattern_name 1729
2026-02-13 13:11:30,419 - INFO - Building stim pattern for pattern_name 971
2026-02-13 13:11:30,430 - INFO - Building stim pattern for pattern_name 1798
2026-02-13 13:11:30,442 - INFO - Building stim pattern for pattern_name 2762
2026-02-13 13:11:30,455 - INFO - Building stim pattern for pattern_name 828
2026-02-13 13:11:30,468 - INFO - Building stim pattern for pattern_name 685
2026-02-13 13:11:30,488 - INFO - Building stim pattern for pattern_name 3185
2026-02-13 13:11:30,500 - INFO - Building stim pattern for pattern_name 2775
2026-02-13 13:11:30,512 - INFO - Building stim pattern for pattern_name 2461
2026-02-13 13:11:30,524 - INFO - Building stim pattern for pattern_name 2586
2026-02-13 13:11:30,535 - INFO - Building stim pattern for pattern_name 3380
2026-02-13 13:11:30,548 - INFO - Building stim pattern for pattern_name 81
2026-02-13 13:11:30,560 - INFO - Building stim pattern for pattern_name 52
2026-02-13 13:11:30,572 - INFO - Building stim pattern for pattern_name 2369
2026-02-13 13:11:30,583 - INFO - Building stim pattern for pattern_name 1205
2026-02-13 13:11:30,594 - INFO - Building stim pattern for pattern_name 1188
2026-02-13 13:11:30,605 - INFO - Building stim pattern for pattern_name 561
2026-02-13 13:11:30,631 - INFO - Building stim pattern for pattern_name 678
2026-02-13 13:11:30,642 - INFO - Building stim pattern for pattern_name 406
2026-02-13 13:11:30,671 - INFO - Building stim pattern for pattern_name 1456
2026-02-13 13:11:30,683 - INFO - Building stim pattern for pattern_name 1526
2026-02-13 13:11:30,702 - INFO - Building stim pattern for pattern_name 1093
2026-02-13 13:11:30,713 - INFO - Building stim pattern for pattern_name 3775
2026-02-13 13:11:30,731 - INFO - Building stim pattern for pattern_name 3102
2026-02-13 13:11:30,744 - INFO - Building stim pattern for pattern_name 2788
2026-02-13 13:11:30,754 - INFO - Building stim pattern for pattern_name 3676
2026-02-13 13:11:30,765 - INFO - Building stim pattern for pattern_name 1067
2026-02-13 13:11:30,777 - INFO - Building stim pattern for pattern_name 3463
2026-02-13 13:11:30,789 - INFO - Building stim pattern for pattern_name 2800
2026-02-13 13:11:30,800 - INFO - Building stim pattern for pattern_name 2278
2026-02-13 13:11:30,825 - INFO - Building stim pattern for pattern_name 3933
2026-02-13 13:11:30,835 - INFO - Building stim pattern for pattern_name 2237
2026-02-13 13:11:30,846 - INFO - Building stim pattern for pattern_name 2180
2026-02-13 13:11:30,870 - INFO - Building stim pattern for pattern_name 913
2026-02-13 13:11:30,881 - INFO - Building stim pattern for pattern_name 2385
2026-02-13 13:11:30,892 - INFO - Building stim pattern for pattern_name 2367
2026-02-13 13:11:30,902 - INFO - Building stim pattern for pattern_name 1573
2026-02-13 13:11:30,913 - INFO - Building stim pattern for pattern_name 745
2026-02-13 13:11:30,924 - INFO - Building stim pattern for pattern_name 3303
2026-02-13 13:11:30,935 - INFO - Building stim pattern for pattern_name 681
2026-02-13 13:11:30,946 - INFO - Building stim pattern for pattern_name 3168
2026-02-13 13:11:30,956 - INFO - Building stim pattern for pattern_name 2944
2026-02-13 13:11:30,967 - INFO - Building stim pattern for pattern_name 941
2026-02-13 13:11:30,979 - INFO - Building stim pattern for pattern_name 940
2026-02-13 13:11:30,997 - INFO - Building stim pattern for pattern_name 3434
2026-02-13 13:11:31,008 - INFO - Building stim pattern for pattern_name 2722
2026-02-13 13:11:31,020 - INFO - Building stim pattern for pattern_name 1375
2026-02-13 13:11:31,029 - INFO - Building stim pattern for pattern_name 3659
2026-02-13 13:11:31,040 - INFO - Building stim pattern for pattern_name 2285
2026-02-13 13:11:31,052 - INFO - Building stim pattern for pattern_name 2514
2026-02-13 13:11:31,064 - INFO - Building stim pattern for pattern_name 2292
2026-02-13 13:11:31,077 - INFO - Building stim pattern for pattern_name 3855
2026-02-13 13:11:31,089 - INFO - Building stim pattern for pattern_name 3931
2026-02-13 13:11:31,100 - INFO - Building stim pattern for pattern_name 1741
2026-02-13 13:11:31,111 - INFO - Building stim pattern for pattern_name 3026
2026-02-13 13:11:31,121 - INFO - Building stim pattern for pattern_name 3082
2026-02-13 13:11:31,182 - INFO - Building stim pattern for pattern_name 706
2026-02-13 13:11:31,191 - INFO - Building stim pattern for pattern_name 1534
2026-02-13 13:11:31,210 - INFO - Building stim pattern for pattern_name 1113
2026-02-13 13:11:31,220 - INFO - Building stim pattern for pattern_name 119
2026-02-13 13:11:31,231 - INFO - Building stim pattern for pattern_name 2140
2026-02-13 13:11:31,243 - INFO - Building stim pattern for pattern_name 3044
2026-02-13 13:11:31,256 - INFO - Building stim pattern for pattern_name 3428
2026-02-13 13:11:31,268 - INFO - Building stim pattern for pattern_name 2614
2026-02-13 13:11:31,280 - INFO - Building stim pattern for pattern_name 3367
2026-02-13 13:11:31,292 - INFO - Building stim pattern for pattern_name 2109
2026-02-13 13:11:31,304 - INFO - Building stim pattern for pattern_name 2043
2026-02-13 13:11:31,316 - INFO - Building stim pattern for pattern_name 1987
2026-02-13 13:11:31,328 - INFO - Building stim pattern for pattern_name 534
2026-02-13 13:11:31,339 - INFO - Building stim pattern for pattern_name 3765
2026-02-13 13:11:31,355 - INFO - Building stim pattern for pattern_name 583
2026-02-13 13:11:31,377 - INFO - Building stim pattern for pattern_name 54
2026-02-13 13:11:31,388 - INFO - Building stim pattern for pattern_name 2897
2026-02-13 13:11:31,399 - INFO - Building stim pattern for pattern_name 1487
2026-02-13 13:11:31,411 - INFO - Building stim pattern for pattern_name 2465
2026-02-13 13:11:31,424 - INFO - Building stim pattern for pattern_name 397
2026-02-13 13:11:31,437 - INFO - Building stim pattern for pattern_name 1073
2026-02-13 13:11:31,447 - INFO - Building stim pattern for pattern_name 658
2026-02-13 13:11:31,458 - INFO - Building stim pattern for pattern_name 2312
2026-02-13 13:11:31,476 - INFO - Building stim pattern for pattern_name 2568
2026-02-13 13:11:31,493 - INFO - Building stim pattern for pattern_name 1832
2026-02-13 13:11:31,504 - INFO - Building stim pattern for pattern_name 3627
2026-02-13 13:11:31,516 - INFO - Building stim pattern for pattern_name 3174
2026-02-13 13:11:31,538 - INFO - Building stim pattern for pattern_name 338
2026-02-13 13:11:31,562 - INFO - Building stim pattern for pattern_name 505
2026-02-13 13:11:31,573 - INFO - Building stim pattern for pattern_name 863
2026-02-13 13:11:31,591 - INFO - Building stim pattern for pattern_name 3406
2026-02-13 13:11:31,603 - INFO - Building stim pattern for pattern_name 1880
2026-02-13 13:11:31,616 - INFO - Building stim pattern for pattern_name 428
2026-02-13 13:11:31,639 - INFO - Building stim pattern for pattern_name 2570
2026-02-13 13:11:31,650 - INFO - Building stim pattern for pattern_name 3587
2026-02-13 13:11:31,660 - INFO - Building stim pattern for pattern_name 2188
2026-02-13 13:11:31,673 - INFO - Building stim pattern for pattern_name 531
2026-02-13 13:11:31,686 - INFO - Building stim pattern for pattern_name 3484
2026-02-13 13:11:31,703 - INFO - Building stim pattern for pattern_name 586
2026-02-13 13:11:31,714 - INFO - Building stim pattern for pattern_name 3746
2026-02-13 13:11:31,725 - INFO - Building stim pattern for pattern_name 1629
2026-02-13 13:11:31,736 - INFO - Building stim pattern for pattern_name 1247
2026-02-13 13:11:31,753 - INFO - Building stim pattern for pattern_name 1011
2026-02-13 13:11:31,765 - INFO - Building stim pattern for pattern_name 2068
2026-02-13 13:11:31,782 - INFO - Building stim pattern for pattern_name 899
2026-02-13 13:11:31,798 - INFO - Building stim pattern for pattern_name 1464
2026-02-13 13:11:31,809 - INFO - Building stim pattern for pattern_name 2388
2026-02-13 13:11:31,820 - INFO - Building stim pattern for pattern_name 1050
2026-02-13 13:11:31,830 - INFO - Building stim pattern for pattern_name 3968
2026-02-13 13:11:31,841 - INFO - Building stim pattern for pattern_name 742
2026-02-13 13:11:31,859 - INFO - Building stim pattern for pattern_name 2742
2026-02-13 13:11:31,871 - INFO - Building stim pattern for pattern_name 2754
2026-02-13 13:11:31,880 - INFO - Building stim pattern for pattern_name 1884
2026-02-13 13:11:31,900 - INFO - Building stim pattern for pattern_name 741
2026-02-13 13:11:31,910 - INFO - Building stim pattern for pattern_name 2337
2026-02-13 13:11:31,922 - INFO - Building stim pattern for pattern_name 3215
2026-02-13 13:11:31,933 - INFO - Building stim pattern for pattern_name 1274
2026-02-13 13:11:31,945 - INFO - Building stim pattern for pattern_name 1134
2026-02-13 13:11:31,997 - INFO - Building stim pattern for pattern_name 982
2026-02-13 13:11:32,013 - INFO - Building stim pattern for pattern_name 1790
2026-02-13 13:11:32,026 - INFO - Building stim pattern for pattern_name 3221
2026-02-13 13:11:32,040 - INFO - Building stim pattern for pattern_name 2455
2026-02-13 13:11:32,052 - INFO - Building stim pattern for pattern_name 866
2026-02-13 13:11:32,063 - INFO - Building stim pattern for pattern_name 2561
2026-02-13 13:11:32,073 - INFO - Building stim pattern for pattern_name 1812
2026-02-13 13:11:32,086 - INFO - Building stim pattern for pattern_name 1370
2026-02-13 13:11:32,097 - INFO - Building stim pattern for pattern_name 787
2026-02-13 13:11:32,109 - INFO - Building stim pattern for pattern_name 209
2026-02-13 13:11:32,122 - INFO - Building stim pattern for pattern_name 3952
2026-02-13 13:11:32,151 - INFO - Building stim pattern for pattern_name 1633
2026-02-13 13:11:32,163 - INFO - Building stim pattern for pattern_name 3946
2026-02-13 13:11:32,175 - INFO - Building stim pattern for pattern_name 3039
2026-02-13 13:11:32,186 - INFO - Building stim pattern for pattern_name 1612
2026-02-13 13:11:32,198 - INFO - Building stim pattern for pattern_name 2531
2026-02-13 13:11:32,210 - INFO - Building stim pattern for pattern_name 2668
2026-02-13 13:11:32,222 - INFO - Building stim pattern for pattern_name 1466
2026-02-13 13:11:32,233 - INFO - Building stim pattern for pattern_name 1519
2026-02-13 13:11:32,258 - INFO - Building stim pattern for pattern_name 3485
2026-02-13 13:11:32,271 - INFO - Building stim pattern for pattern_name 991
2026-02-13 13:11:32,283 - INFO - Building stim pattern for pattern_name 3171
2026-02-13 13:11:32,295 - INFO - Building stim pattern for pattern_name 1123
2026-02-13 13:11:32,305 - INFO - Building stim pattern for pattern_name 2076
2026-02-13 13:11:32,316 - INFO - Building stim pattern for pattern_name 2191
2026-02-13 13:11:32,329 - INFO - Building stim pattern for pattern_name 1443
2026-02-13 13:11:32,340 - INFO - Building stim pattern for pattern_name 34
2026-02-13 13:11:32,351 - INFO - Building stim pattern for pattern_name 191
2026-02-13 13:11:32,362 - INFO - Building stim pattern for pattern_name 1706
2026-02-13 13:11:32,380 - INFO - Building stim pattern for pattern_name 2052
2026-02-13 13:11:32,392 - INFO - Building stim pattern for pattern_name 3340
2026-02-13 13:11:32,402 - INFO - Building stim pattern for pattern_name 3922
2026-02-13 13:11:32,414 - INFO - Building stim pattern for pattern_name 2268
2026-02-13 13:11:32,424 - INFO - Building stim pattern for pattern_name 3887
2026-02-13 13:11:32,434 - INFO - Building stim pattern for pattern_name 591
2026-02-13 13:11:32,445 - INFO - Building stim pattern for pattern_name 3030
2026-02-13 13:11:32,457 - INFO - Building stim pattern for pattern_name 2466
2026-02-13 13:11:32,468 - INFO - Building stim pattern for pattern_name 884
2026-02-13 13:11:32,478 - INFO - Building stim pattern for pattern_name 3477
2026-02-13 13:11:32,489 - INFO - Building stim pattern for pattern_name 981
2026-02-13 13:11:32,506 - INFO - Building stim pattern for pattern_name 920
2026-02-13 13:11:32,517 - INFO - Building stim pattern for pattern_name 3924
2026-02-13 13:11:32,528 - INFO - Building stim pattern for pattern_name 3049
2026-02-13 13:11:32,538 - INFO - Building stim pattern for pattern_name 1450
2026-02-13 13:11:32,549 - INFO - Building stim pattern for pattern_name 341
2026-02-13 13:11:32,558 - INFO - Building stim pattern for pattern_name 3189
2026-02-13 13:11:32,576 - INFO - Building stim pattern for pattern_name 2357
2026-02-13 13:11:32,586 - INFO - Building stim pattern for pattern_name 3716
2026-02-13 13:11:32,596 - INFO - Building stim pattern for pattern_name 269
2026-02-13 13:11:32,608 - INFO - Building stim pattern for pattern_name 674
2026-02-13 13:11:32,623 - INFO - Building stim pattern for pattern_name 2831
2026-02-13 13:11:32,633 - INFO - Building stim pattern for pattern_name 1357
2026-02-13 13:11:32,644 - INFO - Building stim pattern for pattern_name 3902
2026-02-13 13:11:32,656 - INFO - Building stim pattern for pattern_name 587
2026-02-13 13:11:32,674 - INFO - Building stim pattern for pattern_name 3738
2026-02-13 13:11:32,686 - INFO - Building stim pattern for pattern_name 1807
2026-02-13 13:11:32,698 - INFO - Building stim pattern for pattern_name 1299
2026-02-13 13:11:32,708 - INFO - Building stim pattern for pattern_name 656
2026-02-13 13:11:32,724 - INFO - Building stim pattern for pattern_name 1635
2026-02-13 13:11:32,775 - INFO - Building stim pattern for pattern_name 908
2026-02-13 13:11:32,788 - INFO - Building stim pattern for pattern_name 3870
2026-02-13 13:11:32,810 - INFO - Building stim pattern for pattern_name 3638
2026-02-13 13:11:32,831 - INFO - Building stim pattern for pattern_name 1777
2026-02-13 13:11:32,847 - INFO - Building stim pattern for pattern_name 467
2026-02-13 13:11:32,858 - INFO - Building stim pattern for pattern_name 3388
2026-02-13 13:11:32,885 - INFO - Building stim pattern for pattern_name 3144
2026-02-13 13:11:32,897 - INFO - Building stim pattern for pattern_name 2912
2026-02-13 13:11:32,910 - INFO - Building stim pattern for pattern_name 3314
2026-02-13 13:11:32,921 - INFO - Building stim pattern for pattern_name 2380
2026-02-13 13:11:32,939 - INFO - Building stim pattern for pattern_name 696
2026-02-13 13:11:32,960 - INFO - Building stim pattern for pattern_name 3424
2026-02-13 13:11:32,971 - INFO - Building stim pattern for pattern_name 876
2026-02-13 13:11:32,982 - INFO - Building stim pattern for pattern_name 1498
2026-02-13 13:11:32,993 - INFO - Building stim pattern for pattern_name 3771
2026-02-13 13:11:33,004 - INFO - Building stim pattern for pattern_name 3544
2026-02-13 13:11:33,026 - INFO - Building stim pattern for pattern_name 1871
2026-02-13 13:11:33,038 - INFO - Building stim pattern for pattern_name 3647
2026-02-13 13:11:33,049 - INFO - Building stim pattern for pattern_name 2988
2026-02-13 13:11:33,059 - INFO - Building stim pattern for pattern_name 2937
2026-02-13 13:11:33,076 - INFO - Building stim pattern for pattern_name 2953
2026-02-13 13:11:33,086 - INFO - Building stim pattern for pattern_name 1641
2026-02-13 13:11:33,097 - INFO - Building stim pattern for pattern_name 1902
2026-02-13 13:11:33,109 - INFO - Building stim pattern for pattern_name 3443
2026-02-13 13:11:33,120 - INFO - Building stim pattern for pattern_name 3421
2026-02-13 13:11:33,130 - INFO - Building stim pattern for pattern_name 3399
2026-02-13 13:11:33,142 - INFO - Building stim pattern for pattern_name 3396
2026-02-13 13:11:33,155 - INFO - Building stim pattern for pattern_name 2926
2026-02-13 13:11:33,167 - INFO - Building stim pattern for pattern_name 2653
2026-02-13 13:11:33,178 - INFO - Building stim pattern for pattern_name 3900
2026-02-13 13:11:33,189 - INFO - Building stim pattern for pattern_name 2832
2026-02-13 13:11:33,200 - INFO - Building stim pattern for pattern_name 3449
2026-02-13 13:11:33,211 - INFO - Building stim pattern for pattern_name 541
2026-02-13 13:11:33,224 - INFO - Building stim pattern for pattern_name 3152
2026-02-13 13:11:33,238 - INFO - Building stim pattern for pattern_name 3156
2026-02-13 13:11:33,251 - INFO - Building stim pattern for pattern_name 2362
2026-02-13 13:11:33,262 - INFO - Building stim pattern for pattern_name 196
2026-02-13 13:11:33,278 - INFO - Building stim pattern for pattern_name 2015
2026-02-13 13:11:33,291 - INFO - Building stim pattern for pattern_name 2241
2026-02-13 13:11:33,304 - INFO - Building stim pattern for pattern_name 3802
2026-02-13 13:11:33,319 - INFO - Building stim pattern for pattern_name 3513
2026-02-13 13:11:33,331 - INFO - Building stim pattern for pattern_name 171
2026-02-13 13:11:33,343 - INFO - Building stim pattern for pattern_name 1554
2026-02-13 13:11:33,356 - INFO - Building stim pattern for pattern_name 138
2026-02-13 13:11:33,369 - INFO - Building stim pattern for pattern_name 1653
2026-02-13 13:11:33,381 - INFO - Building stim pattern for pattern_name 2766
2026-02-13 13:11:33,394 - INFO - Building stim pattern for pattern_name 280
2026-02-13 13:11:33,406 - INFO - Building stim pattern for pattern_name 3297
2026-02-13 13:11:33,418 - INFO - Building stim pattern for pattern_name 3483
2026-02-13 13:11:33,429 - INFO - Building stim pattern for pattern_name 160
2026-02-13 13:11:33,453 - INFO - Building stim pattern for pattern_name 1957
2026-02-13 13:11:33,464 - INFO - Building stim pattern for pattern_name 335
2026-02-13 13:11:33,475 - INFO - Building stim pattern for pattern_name 3691
2026-02-13 13:11:33,488 - INFO - Building stim pattern for pattern_name 506
2026-02-13 13:11:33,510 - INFO - Building stim pattern for pattern_name 3559
2026-02-13 13:11:33,543 - INFO - Building stim pattern for pattern_name 1548
2026-02-13 13:11:33,556 - INFO - Building stim pattern for pattern_name 2682
2026-02-13 13:11:33,571 - INFO - Building stim pattern for pattern_name 675
2026-02-13 13:11:33,617 - INFO - Building stim pattern for pattern_name 3706
2026-02-13 13:11:33,638 - INFO - Building stim pattern for pattern_name 1023
2026-02-13 13:11:33,651 - INFO - Building stim pattern for pattern_name 2508
2026-02-13 13:11:33,663 - INFO - Building stim pattern for pattern_name 3393
2026-02-13 13:11:33,673 - INFO - Building stim pattern for pattern_name 1665
2026-02-13 13:11:33,685 - INFO - Building stim pattern for pattern_name 643
2026-02-13 13:11:33,697 - INFO - Building stim pattern for pattern_name 2468
2026-02-13 13:11:33,710 - INFO - Building stim pattern for pattern_name 2792
2026-02-13 13:11:33,721 - INFO - Building stim pattern for pattern_name 3528
2026-02-13 13:11:33,732 - INFO - Building stim pattern for pattern_name 134
2026-02-13 13:11:33,744 - INFO - Building stim pattern for pattern_name 3371
2026-02-13 13:11:33,755 - INFO - Building stim pattern for pattern_name 1849
2026-02-13 13:11:33,766 - INFO - Building stim pattern for pattern_name 3284
2026-02-13 13:11:33,778 - INFO - Building stim pattern for pattern_name 3342
2026-02-13 13:11:33,790 - INFO - Building stim pattern for pattern_name 2318
2026-02-13 13:11:33,804 - INFO - Building stim pattern for pattern_name 1661
2026-02-13 13:11:33,817 - INFO - Building stim pattern for pattern_name 3323
2026-02-13 13:11:33,830 - INFO - Building stim pattern for pattern_name 827
2026-02-13 13:11:33,856 - INFO - Building stim pattern for pattern_name 1108
2026-02-13 13:11:33,867 - INFO - Building stim pattern for pattern_name 2516
2026-02-13 13:11:33,879 - INFO - Building stim pattern for pattern_name 1925
2026-02-13 13:11:33,891 - INFO - Building stim pattern for pattern_name 1147
2026-02-13 13:11:33,903 - INFO - Building stim pattern for pattern_name 1944
2026-02-13 13:11:33,916 - INFO - Building stim pattern for pattern_name 3947
2026-02-13 13:11:33,929 - INFO - Building stim pattern for pattern_name 2372
2026-02-13 13:11:33,940 - INFO - Building stim pattern for pattern_name 1964
2026-02-13 13:11:33,951 - INFO - Building stim pattern for pattern_name 2679
2026-02-13 13:11:33,963 - INFO - Building stim pattern for pattern_name 751
2026-02-13 13:11:33,976 - INFO - Building stim pattern for pattern_name 2811
2026-02-13 13:11:33,986 - INFO - Building stim pattern for pattern_name 872
2026-02-13 13:11:33,999 - INFO - Building stim pattern for pattern_name 2611
2026-02-13 13:11:34,020 - INFO - Building stim pattern for pattern_name 2981
2026-02-13 13:11:34,033 - INFO - Building stim pattern for pattern_name 1951
2026-02-13 13:11:34,044 - INFO - Building stim pattern for pattern_name 383
2026-02-13 13:11:34,056 - INFO - Building stim pattern for pattern_name 2484
2026-02-13 13:11:34,068 - INFO - Building stim pattern for pattern_name 1485
2026-02-13 13:11:34,078 - INFO - Building stim pattern for pattern_name 1160
2026-02-13 13:11:34,090 - INFO - Building stim pattern for pattern_name 151
2026-02-13 13:11:34,102 - INFO - Building stim pattern for pattern_name 514
2026-02-13 13:11:34,115 - INFO - Building stim pattern for pattern_name 393
2026-02-13 13:11:34,128 - INFO - Building stim pattern for pattern_name 1482
2026-02-13 13:11:34,140 - INFO - Building stim pattern for pattern_name 1999
2026-02-13 13:11:34,154 - INFO - Building stim pattern for pattern_name 640
2026-02-13 13:11:34,168 - INFO - Building stim pattern for pattern_name 2978
2026-02-13 13:11:34,186 - INFO - Building stim pattern for pattern_name 204
2026-02-13 13:11:34,197 - INFO - Building stim pattern for pattern_name 2435
2026-02-13 13:11:34,209 - INFO - Building stim pattern for pattern_name 3594
2026-02-13 13:11:34,221 - INFO - Building stim pattern for pattern_name 996
2026-02-13 13:11:34,231 - INFO - Building stim pattern for pattern_name 797
2026-02-13 13:11:34,250 - INFO - Building stim pattern for pattern_name 3019
2026-02-13 13:11:34,262 - INFO - Building stim pattern for pattern_name 3784
2026-02-13 13:11:34,287 - INFO - Building stim pattern for pattern_name 3846
2026-02-13 13:11:34,299 - INFO - Building stim pattern for pattern_name 2151
2026-02-13 13:11:34,309 - INFO - Building stim pattern for pattern_name 978
2026-02-13 13:11:34,320 - INFO - Building stim pattern for pattern_name 1379
2026-02-13 13:11:34,331 - INFO - Building stim pattern for pattern_name 3310
2026-02-13 13:11:34,397 - INFO - Building stim pattern for pattern_name 1317
2026-02-13 13:11:34,408 - INFO - Building stim pattern for pattern_name 3964
2026-02-13 13:11:34,421 - INFO - Building stim pattern for pattern_name 156
2026-02-13 13:11:34,431 - INFO - Building stim pattern for pattern_name 680
2026-02-13 13:11:34,442 - INFO - Building stim pattern for pattern_name 664
2026-02-13 13:11:34,467 - INFO - Building stim pattern for pattern_name 2634
2026-02-13 13:11:34,478 - INFO - Building stim pattern for pattern_name 1429
2026-02-13 13:11:34,489 - INFO - Building stim pattern for pattern_name 3381
2026-02-13 13:11:34,500 - INFO - Building stim pattern for pattern_name 1582
2026-02-13 13:11:34,518 - INFO - Building stim pattern for pattern_name 3972
2026-02-13 13:11:34,530 - INFO - Building stim pattern for pattern_name 2229
2026-02-13 13:11:34,549 - INFO - Building stim pattern for pattern_name 232
2026-02-13 13:11:34,575 - INFO - Building stim pattern for pattern_name 1303
2026-02-13 13:11:34,588 - INFO - Building stim pattern for pattern_name 3910
2026-02-13 13:11:34,609 - INFO - Building stim pattern for pattern_name 3364
2026-02-13 13:11:34,628 - INFO - Building stim pattern for pattern_name 1549
2026-02-13 13:11:34,642 - INFO - Building stim pattern for pattern_name 2790
2026-02-13 13:11:34,655 - INFO - Building stim pattern for pattern_name 2708
2026-02-13 13:11:34,666 - INFO - Building stim pattern for pattern_name 2001
2026-02-13 13:11:34,678 - INFO - Building stim pattern for pattern_name 743
2026-02-13 13:11:34,689 - INFO - Building stim pattern for pattern_name 853
2026-02-13 13:11:34,713 - INFO - Building stim pattern for pattern_name 2588
2026-02-13 13:11:34,732 - INFO - Building stim pattern for pattern_name 1031
2026-02-13 13:11:34,743 - INFO - Building stim pattern for pattern_name 1587
2026-02-13 13:11:34,753 - INFO - Building stim pattern for pattern_name 1522
2026-02-13 13:11:34,772 - INFO - Building stim pattern for pattern_name 2327
2026-02-13 13:11:34,785 - INFO - Building stim pattern for pattern_name 165
2026-02-13 13:11:34,797 - INFO - Building stim pattern for pattern_name 3592
2026-02-13 13:11:34,811 - INFO - Building stim pattern for pattern_name 2798
2026-02-13 13:11:34,823 - INFO - Building stim pattern for pattern_name 772
2026-02-13 13:11:34,834 - INFO - Building stim pattern for pattern_name 2144
2026-02-13 13:11:34,853 - INFO - Building stim pattern for pattern_name 49
2026-02-13 13:11:34,878 - INFO - Building stim pattern for pattern_name 298
2026-02-13 13:11:34,890 - INFO - Building stim pattern for pattern_name 2270
2026-02-13 13:11:34,908 - INFO - Building stim pattern for pattern_name 2056
2026-02-13 13:11:34,919 - INFO - Building stim pattern for pattern_name 2207
2026-02-13 13:11:34,930 - INFO - Building stim pattern for pattern_name 3542
2026-02-13 13:11:34,942 - INFO - Building stim pattern for pattern_name 3338
2026-02-13 13:11:34,953 - INFO - Building stim pattern for pattern_name 105
2026-02-13 13:11:34,963 - INFO - Building stim pattern for pattern_name 3129
2026-02-13 13:11:34,984 - INFO - Building stim pattern for pattern_name 2027
2026-02-13 13:11:34,995 - INFO - Building stim pattern for pattern_name 2242
2026-02-13 13:11:35,005 - INFO - Building stim pattern for pattern_name 1302
2026-02-13 13:11:35,017 - INFO - Building stim pattern for pattern_name 2673
2026-02-13 13:11:35,029 - INFO - Building stim pattern for pattern_name 496
2026-02-13 13:11:35,041 - INFO - Building stim pattern for pattern_name 2104
2026-02-13 13:11:35,052 - INFO - Building stim pattern for pattern_name 1553
2026-02-13 13:11:35,069 - INFO - Building stim pattern for pattern_name 1889
2026-02-13 13:11:35,080 - INFO - Building stim pattern for pattern_name 669
2026-02-13 13:11:35,093 - INFO - Building stim pattern for pattern_name 2277
2026-02-13 13:11:35,104 - INFO - Building stim pattern for pattern_name 3260
2026-02-13 13:11:35,116 - INFO - Building stim pattern for pattern_name 1835
2026-02-13 13:11:35,128 - INFO - Building stim pattern for pattern_name 1788
2026-02-13 13:11:35,139 - INFO - Building stim pattern for pattern_name 247
2026-02-13 13:11:35,151 - INFO - Building stim pattern for pattern_name 1318
2026-02-13 13:11:35,165 - INFO - Building stim pattern for pattern_name 3131
2026-02-13 13:11:35,180 - INFO - Building stim pattern for pattern_name 434
2026-02-13 13:11:35,227 - INFO - Building stim pattern for pattern_name 582
2026-02-13 13:11:35,248 - INFO - Building stim pattern for pattern_name 1200
2026-02-13 13:11:35,261 - INFO - Building stim pattern for pattern_name 2115
2026-02-13 13:11:35,274 - INFO - Building stim pattern for pattern_name 7
2026-02-13 13:11:35,286 - INFO - Building stim pattern for pattern_name 1782
2026-02-13 13:11:35,300 - INFO - Building stim pattern for pattern_name 3444
2026-02-13 13:11:35,312 - INFO - Building stim pattern for pattern_name 3613
2026-02-13 13:11:35,325 - INFO - Building stim pattern for pattern_name 810
2026-02-13 13:11:35,338 - INFO - Building stim pattern for pattern_name 1912
2026-02-13 13:11:35,348 - INFO - Building stim pattern for pattern_name 3403
2026-02-13 13:11:35,361 - INFO - Building stim pattern for pattern_name 2358
2026-02-13 13:11:35,373 - INFO - Building stim pattern for pattern_name 1038
2026-02-13 13:11:35,385 - INFO - Building stim pattern for pattern_name 1129
2026-02-13 13:11:35,398 - INFO - Building stim pattern for pattern_name 2712
2026-02-13 13:11:35,410 - INFO - Building stim pattern for pattern_name 2206
2026-02-13 13:11:35,422 - INFO - Building stim pattern for pattern_name 871
2026-02-13 13:11:35,432 - INFO - Building stim pattern for pattern_name 2815
2026-02-13 13:11:35,443 - INFO - Building stim pattern for pattern_name 3879
2026-02-13 13:11:35,467 - INFO - Building stim pattern for pattern_name 3553
2026-02-13 13:11:35,478 - INFO - Building stim pattern for pattern_name 1101
2026-02-13 13:11:35,488 - INFO - Building stim pattern for pattern_name 2619
2026-02-13 13:11:35,500 - INFO - Building stim pattern for pattern_name 1877
2026-02-13 13:11:35,512 - INFO - Building stim pattern for pattern_name 2276
2026-02-13 13:11:35,531 - INFO - Building stim pattern for pattern_name 604
2026-02-13 13:11:35,543 - INFO - Building stim pattern for pattern_name 1085
2026-02-13 13:11:35,563 - INFO - Building stim pattern for pattern_name 2898
2026-02-13 13:11:35,575 - INFO - Building stim pattern for pattern_name 682
2026-02-13 13:11:35,587 - INFO - Building stim pattern for pattern_name 186
2026-02-13 13:11:35,598 - INFO - Building stim pattern for pattern_name 1682
2026-02-13 13:11:35,611 - INFO - Building stim pattern for pattern_name 2072
2026-02-13 13:11:35,624 - INFO - Building stim pattern for pattern_name 2869
2026-02-13 13:11:35,636 - INFO - Building stim pattern for pattern_name 1601
2026-02-13 13:11:35,649 - INFO - Building stim pattern for pattern_name 2158
2026-02-13 13:11:35,668 - INFO - Building stim pattern for pattern_name 2099
2026-02-13 13:11:35,681 - INFO - Building stim pattern for pattern_name 1704
2026-02-13 13:11:35,692 - INFO - Building stim pattern for pattern_name 3527
2026-02-13 13:11:35,704 - INFO - Building stim pattern for pattern_name 2244
2026-02-13 13:11:35,714 - INFO - Building stim pattern for pattern_name 2041
2026-02-13 13:11:35,734 - INFO - Building stim pattern for pattern_name 3312
2026-02-13 13:11:35,746 - INFO - Building stim pattern for pattern_name 2403
2026-02-13 13:11:35,757 - INFO - Building stim pattern for pattern_name 2842
2026-02-13 13:11:35,768 - INFO - Building stim pattern for pattern_name 719
2026-02-13 13:11:35,780 - INFO - Building stim pattern for pattern_name 3539
2026-02-13 13:11:35,791 - INFO - Building stim pattern for pattern_name 2724
2026-02-13 13:11:35,803 - INFO - Building stim pattern for pattern_name 3429
2026-02-13 13:11:35,816 - INFO - Building stim pattern for pattern_name 3252
2026-02-13 13:11:35,835 - INFO - Building stim pattern for pattern_name 3938
2026-02-13 13:11:35,855 - INFO - Building stim pattern for pattern_name 3259
2026-02-13 13:11:35,865 - INFO - Building stim pattern for pattern_name 2037
2026-02-13 13:11:35,883 - INFO - Building stim pattern for pattern_name 1927
2026-02-13 13:11:35,895 - INFO - Building stim pattern for pattern_name 3683
2026-02-13 13:11:35,906 - INFO - Building stim pattern for pattern_name 1150
2026-02-13 13:11:35,917 - INFO - Building stim pattern for pattern_name 3336
2026-02-13 13:11:35,929 - INFO - Building stim pattern for pattern_name 1286
2026-02-13 13:11:35,947 - INFO - Building stim pattern for pattern_name 3065
2026-02-13 13:11:35,961 - INFO - Building stim pattern for pattern_name 3472
2026-02-13 13:11:36,015 - INFO - Building stim pattern for pattern_name 898
2026-02-13 13:11:36,036 - INFO - Building stim pattern for pattern_name 1189
2026-02-13 13:11:36,047 - INFO - Building stim pattern for pattern_name 1556
2026-02-13 13:11:36,060 - INFO - Building stim pattern for pattern_name 1290
2026-02-13 13:11:36,078 - INFO - Building stim pattern for pattern_name 1391
2026-02-13 13:11:36,090 - INFO - Building stim pattern for pattern_name 3135
2026-02-13 13:11:36,103 - INFO - Building stim pattern for pattern_name 71
2026-02-13 13:11:36,122 - INFO - Building stim pattern for pattern_name 3362
2026-02-13 13:11:36,134 - INFO - Building stim pattern for pattern_name 359
2026-02-13 13:11:36,145 - INFO - Building stim pattern for pattern_name 450
2026-02-13 13:11:36,156 - INFO - Building stim pattern for pattern_name 3170
2026-02-13 13:11:36,167 - INFO - Building stim pattern for pattern_name 1447
2026-02-13 13:11:36,178 - INFO - Building stim pattern for pattern_name 1070
2026-02-13 13:11:36,189 - INFO - Building stim pattern for pattern_name 193
2026-02-13 13:11:36,200 - INFO - Building stim pattern for pattern_name 1942
2026-02-13 13:11:36,211 - INFO - Building stim pattern for pattern_name 79
2026-02-13 13:11:36,225 - INFO - Building stim pattern for pattern_name 2787
2026-02-13 13:11:36,238 - INFO - Building stim pattern for pattern_name 2017
2026-02-13 13:11:36,249 - INFO - Building stim pattern for pattern_name 3218
2026-02-13 13:11:36,260 - INFO - Building stim pattern for pattern_name 42
2026-02-13 13:11:36,273 - INFO - Building stim pattern for pattern_name 2710
2026-02-13 13:11:36,295 - INFO - Building stim pattern for pattern_name 456
2026-02-13 13:11:36,308 - INFO - Building stim pattern for pattern_name 2390
2026-02-13 13:11:36,327 - INFO - Building stim pattern for pattern_name 1959
2026-02-13 13:11:36,338 - INFO - Building stim pattern for pattern_name 3536
2026-02-13 13:11:36,350 - INFO - Building stim pattern for pattern_name 1309
2026-02-13 13:11:36,362 - INFO - Building stim pattern for pattern_name 1681
2026-02-13 13:11:36,373 - INFO - Building stim pattern for pattern_name 2980
2026-02-13 13:11:36,390 - INFO - Building stim pattern for pattern_name 3274
2026-02-13 13:11:36,408 - INFO - Building stim pattern for pattern_name 813
2026-02-13 13:11:36,420 - INFO - Building stim pattern for pattern_name 2293
2026-02-13 13:11:36,438 - INFO - Building stim pattern for pattern_name 1775
2026-02-13 13:11:36,450 - INFO - Building stim pattern for pattern_name 572
2026-02-13 13:11:36,461 - INFO - Building stim pattern for pattern_name 3372
2026-02-13 13:11:36,494 - INFO - Building stim pattern for pattern_name 1952
2026-02-13 13:11:36,512 - INFO - Building stim pattern for pattern_name 2674
2026-02-13 13:11:36,524 - INFO - Building stim pattern for pattern_name 1115
2026-02-13 13:11:36,535 - INFO - Building stim pattern for pattern_name 2635
2026-02-13 13:11:36,546 - INFO - Building stim pattern for pattern_name 44
2026-02-13 13:11:36,564 - INFO - Building stim pattern for pattern_name 2067
2026-02-13 13:11:36,574 - INFO - Building stim pattern for pattern_name 2861
2026-02-13 13:11:36,590 - INFO - Building stim pattern for pattern_name 611
2026-02-13 13:11:36,602 - INFO - Building stim pattern for pattern_name 381
2026-02-13 13:11:36,614 - INFO - Building stim pattern for pattern_name 615
2026-02-13 13:11:36,632 - INFO - Building stim pattern for pattern_name 3363
2026-02-13 13:11:36,644 - INFO - Building stim pattern for pattern_name 3702
2026-02-13 13:11:36,654 - INFO - Building stim pattern for pattern_name 3370
2026-02-13 13:11:36,665 - INFO - Building stim pattern for pattern_name 2204
2026-02-13 13:11:36,677 - INFO - Building stim pattern for pattern_name 3983
2026-02-13 13:11:36,688 - INFO - Building stim pattern for pattern_name 84
2026-02-13 13:11:36,700 - INFO - Building stim pattern for pattern_name 1662
2026-02-13 13:11:36,712 - INFO - Building stim pattern for pattern_name 1792
2026-02-13 13:11:36,722 - INFO - Building stim pattern for pattern_name 1137
2026-02-13 13:11:36,734 - INFO - Building stim pattern for pattern_name 168
2026-02-13 13:11:36,745 - INFO - Building stim pattern for pattern_name 2493
2026-02-13 13:11:36,770 - INFO - Building stim pattern for pattern_name 1988
2026-02-13 13:11:36,807 - INFO - Building stim pattern for pattern_name 235
2026-02-13 13:11:36,827 - INFO - Building stim pattern for pattern_name 2883
2026-02-13 13:11:36,840 - INFO - Building stim pattern for pattern_name 932
2026-02-13 13:11:36,872 - INFO - Building stim pattern for pattern_name 1679
2026-02-13 13:11:36,886 - INFO - Building stim pattern for pattern_name 3379
2026-02-13 13:11:36,906 - INFO - Building stim pattern for pattern_name 2216
2026-02-13 13:11:36,917 - INFO - Building stim pattern for pattern_name 1917
2026-02-13 13:11:36,928 - INFO - Building stim pattern for pattern_name 3120
2026-02-13 13:11:36,956 - INFO - Building stim pattern for pattern_name 786
2026-02-13 13:11:36,976 - INFO - Building stim pattern for pattern_name 1491
2026-02-13 13:11:36,988 - INFO - Building stim pattern for pattern_name 3598
2026-02-13 13:11:37,002 - INFO - Building stim pattern for pattern_name 2336
2026-02-13 13:11:37,015 - INFO - Building stim pattern for pattern_name 1546
2026-02-13 13:11:37,026 - INFO - Building stim pattern for pattern_name 1219
2026-02-13 13:11:37,039 - INFO - Building stim pattern for pattern_name 3015
2026-02-13 13:11:37,051 - INFO - Building stim pattern for pattern_name 2202
2026-02-13 13:11:37,074 - INFO - Building stim pattern for pattern_name 2689
2026-02-13 13:11:37,087 - INFO - Building stim pattern for pattern_name 3704
2026-02-13 13:11:37,100 - INFO - Building stim pattern for pattern_name 1997
2026-02-13 13:11:37,114 - INFO - Building stim pattern for pattern_name 2289
2026-02-13 13:11:37,128 - INFO - Building stim pattern for pattern_name 2704
2026-02-13 13:11:37,140 - INFO - Building stim pattern for pattern_name 2131
2026-02-13 13:11:37,160 - INFO - Building stim pattern for pattern_name 3458
2026-02-13 13:11:37,173 - INFO - Building stim pattern for pattern_name 889
2026-02-13 13:11:37,191 - INFO - Building stim pattern for pattern_name 1358
2026-02-13 13:11:37,220 - INFO - Building stim pattern for pattern_name 25
2026-02-13 13:11:37,231 - INFO - Building stim pattern for pattern_name 1514
2026-02-13 13:11:37,242 - INFO - Building stim pattern for pattern_name 2272
2026-02-13 13:11:37,253 - INFO - Building stim pattern for pattern_name 2238
2026-02-13 13:11:37,265 - INFO - Building stim pattern for pattern_name 2181
2026-02-13 13:11:37,276 - INFO - Building stim pattern for pattern_name 3642
2026-02-13 13:11:37,286 - INFO - Building stim pattern for pattern_name 320
2026-02-13 13:11:37,297 - INFO - Building stim pattern for pattern_name 2608
2026-02-13 13:11:37,308 - INFO - Building stim pattern for pattern_name 3729
2026-02-13 13:11:37,319 - INFO - Building stim pattern for pattern_name 765
2026-02-13 13:11:37,332 - INFO - Building stim pattern for pattern_name 2360
2026-02-13 13:11:37,344 - INFO - Building stim pattern for pattern_name 1763
2026-02-13 13:11:37,355 - INFO - Building stim pattern for pattern_name 783
2026-02-13 13:11:37,367 - INFO - Building stim pattern for pattern_name 358
2026-02-13 13:11:37,380 - INFO - Building stim pattern for pattern_name 569
2026-02-13 13:11:37,397 - INFO - Building stim pattern for pattern_name 3195
2026-02-13 13:11:37,407 - INFO - Building stim pattern for pattern_name 714
2026-02-13 13:11:37,426 - INFO - Building stim pattern for pattern_name 1324
2026-02-13 13:11:37,437 - INFO - Building stim pattern for pattern_name 3194
2026-02-13 13:11:37,450 - INFO - Building stim pattern for pattern_name 2310
2026-02-13 13:11:37,463 - INFO - Building stim pattern for pattern_name 464
2026-02-13 13:11:37,478 - INFO - Building stim pattern for pattern_name 2880
2026-02-13 13:11:37,492 - INFO - Building stim pattern for pattern_name 216
2026-02-13 13:11:37,506 - INFO - Building stim pattern for pattern_name 1650
2026-02-13 13:11:37,527 - INFO - Building stim pattern for pattern_name 3273
2026-02-13 13:11:37,540 - INFO - Building stim pattern for pattern_name 375
2026-02-13 13:11:37,553 - INFO - Building stim pattern for pattern_name 282
2026-02-13 13:11:37,566 - INFO - Building stim pattern for pattern_name 3366
2026-02-13 13:11:37,578 - INFO - Building stim pattern for pattern_name 1555
2026-02-13 13:11:37,631 - INFO - Building stim pattern for pattern_name 3756
2026-02-13 13:11:37,660 - INFO - Building stim pattern for pattern_name 734
2026-02-13 13:11:37,692 - INFO - Building stim pattern for pattern_name 1785
2026-02-13 13:11:37,706 - INFO - Building stim pattern for pattern_name 744
2026-02-13 13:11:37,727 - INFO - Building stim pattern for pattern_name 1140
2026-02-13 13:11:37,747 - INFO - Building stim pattern for pattern_name 1588
2026-02-13 13:11:37,760 - INFO - Building stim pattern for pattern_name 2340
2026-02-13 13:11:37,772 - INFO - Building stim pattern for pattern_name 3169
2026-02-13 13:11:37,785 - INFO - Building stim pattern for pattern_name 1545
2026-02-13 13:11:37,803 - INFO - Building stim pattern for pattern_name 2744
2026-02-13 13:11:37,820 - INFO - Building stim pattern for pattern_name 848
2026-02-13 13:11:37,832 - INFO - Building stim pattern for pattern_name 3845
2026-02-13 13:11:37,843 - INFO - Building stim pattern for pattern_name 1636
2026-02-13 13:11:37,855 - INFO - Building stim pattern for pattern_name 2013
2026-02-13 13:11:37,867 - INFO - Building stim pattern for pattern_name 2252
2026-02-13 13:11:37,879 - INFO - Building stim pattern for pattern_name 3783
2026-02-13 13:11:37,891 - INFO - Building stim pattern for pattern_name 725
2026-02-13 13:11:37,903 - INFO - Building stim pattern for pattern_name 405
2026-02-13 13:11:37,916 - INFO - Building stim pattern for pattern_name 2051
2026-02-13 13:11:37,930 - INFO - Building stim pattern for pattern_name 832
2026-02-13 13:11:37,960 - INFO - Building stim pattern for pattern_name 887
2026-02-13 13:11:37,973 - INFO - Building stim pattern for pattern_name 2294
2026-02-13 13:11:37,999 - INFO - Building stim pattern for pattern_name 2544
2026-02-13 13:11:38,020 - INFO - Building stim pattern for pattern_name 74
2026-02-13 13:11:38,034 - INFO - Building stim pattern for pattern_name 2028
2026-02-13 13:11:38,046 - INFO - Building stim pattern for pattern_name 766
2026-02-13 13:11:38,057 - INFO - Building stim pattern for pattern_name 198
2026-02-13 13:11:38,068 - INFO - Building stim pattern for pattern_name 2891
2026-02-13 13:11:38,082 - INFO - Building stim pattern for pattern_name 267
2026-02-13 13:11:38,095 - INFO - Building stim pattern for pattern_name 1486
2026-02-13 13:11:38,109 - INFO - Building stim pattern for pattern_name 1257
2026-02-13 13:11:38,122 - INFO - Building stim pattern for pattern_name 3837
2026-02-13 13:11:38,134 - INFO - Building stim pattern for pattern_name 1356
2026-02-13 13:11:38,149 - INFO - Building stim pattern for pattern_name 2596
2026-02-13 13:11:38,165 - INFO - Building stim pattern for pattern_name 1978
2026-02-13 13:11:38,182 - INFO - Building stim pattern for pattern_name 1259
2026-02-13 13:11:38,195 - INFO - Building stim pattern for pattern_name 3682
2026-02-13 13:11:38,209 - INFO - Building stim pattern for pattern_name 1124
2026-02-13 13:11:38,223 - INFO - Building stim pattern for pattern_name 2442
2026-02-13 13:11:38,238 - INFO - Building stim pattern for pattern_name 2688
2026-02-13 13:11:38,249 - INFO - Building stim pattern for pattern_name 2549
2026-02-13 13:11:38,269 - INFO - Building stim pattern for pattern_name 822
2026-02-13 13:11:38,284 - INFO - Building stim pattern for pattern_name 3290
2026-02-13 13:11:38,297 - INFO - Building stim pattern for pattern_name 2341
2026-02-13 13:11:38,311 - INFO - Building stim pattern for pattern_name 925
2026-02-13 13:11:38,323 - INFO - Building stim pattern for pattern_name 1098
2026-02-13 13:11:38,344 - INFO - Building stim pattern for pattern_name 781
2026-02-13 13:11:38,356 - INFO - Building stim pattern for pattern_name 2791
2026-02-13 13:11:38,371 - INFO - Building stim pattern for pattern_name 120
2026-02-13 13:11:38,385 - INFO - Building stim pattern for pattern_name 1507
2026-02-13 13:11:38,399 - INFO - Building stim pattern for pattern_name 3779
2026-02-13 13:11:38,412 - INFO - Building stim pattern for pattern_name 2135
2026-02-13 13:11:38,428 - INFO - Building stim pattern for pattern_name 1213
2026-02-13 13:11:38,457 - INFO - Building stim pattern for pattern_name 2280
2026-02-13 13:11:38,470 - INFO - Building stim pattern for pattern_name 3242
2026-02-13 13:11:38,519 - INFO - Building stim pattern for pattern_name 3248
2026-02-13 13:11:38,540 - INFO - Building stim pattern for pattern_name 3121
2026-02-13 13:11:38,552 - INFO - Building stim pattern for pattern_name 2585
2026-02-13 13:11:38,564 - INFO - Building stim pattern for pattern_name 314
2026-02-13 13:11:38,578 - INFO - Building stim pattern for pattern_name 731
2026-02-13 13:11:38,590 - INFO - Building stim pattern for pattern_name 2902
2026-02-13 13:11:38,611 - INFO - Building stim pattern for pattern_name 3789
2026-02-13 13:11:38,624 - INFO - Building stim pattern for pattern_name 404
2026-02-13 13:11:38,645 - INFO - Building stim pattern for pattern_name 1155
2026-02-13 13:11:38,657 - INFO - Building stim pattern for pattern_name 3726
2026-02-13 13:11:38,676 - INFO - Building stim pattern for pattern_name 2696
2026-02-13 13:11:38,689 - INFO - Building stim pattern for pattern_name 806
2026-02-13 13:11:38,711 - INFO - Building stim pattern for pattern_name 1263
2026-02-13 13:11:38,723 - INFO - Building stim pattern for pattern_name 1695
2026-02-13 13:11:38,737 - INFO - Building stim pattern for pattern_name 3709
2026-02-13 13:11:38,758 - INFO - Building stim pattern for pattern_name 3958
2026-02-13 13:11:38,770 - INFO - Building stim pattern for pattern_name 1815
2026-02-13 13:11:38,784 - INFO - Building stim pattern for pattern_name 2178
2026-02-13 13:11:38,813 - INFO - Building stim pattern for pattern_name 1076
2026-02-13 13:11:38,834 - INFO - Building stim pattern for pattern_name 2867
2026-02-13 13:11:38,859 - INFO - Building stim pattern for pattern_name 2219
2026-02-13 13:11:38,870 - INFO - Building stim pattern for pattern_name 459
2026-02-13 13:11:38,882 - INFO - Building stim pattern for pattern_name 3318
2026-02-13 13:11:38,894 - INFO - Building stim pattern for pattern_name 2063
2026-02-13 13:11:38,905 - INFO - Building stim pattern for pattern_name 3561
2026-02-13 13:11:38,919 - INFO - Building stim pattern for pattern_name 1851
2026-02-13 13:11:38,932 - INFO - Building stim pattern for pattern_name 357
2026-02-13 13:11:38,954 - INFO - Building stim pattern for pattern_name 3213
2026-02-13 13:11:38,967 - INFO - Building stim pattern for pattern_name 3389
2026-02-13 13:11:38,979 - INFO - Building stim pattern for pattern_name 83
2026-02-13 13:11:38,990 - INFO - Building stim pattern for pattern_name 2193
2026-02-13 13:11:39,002 - INFO - Building stim pattern for pattern_name 1730
2026-02-13 13:11:39,015 - INFO - Building stim pattern for pattern_name 523
2026-02-13 13:11:39,028 - INFO - Building stim pattern for pattern_name 3234
2026-02-13 13:11:39,042 - INFO - Building stim pattern for pattern_name 1359
2026-02-13 13:11:39,055 - INFO - Building stim pattern for pattern_name 2961
2026-02-13 13:11:39,068 - INFO - Building stim pattern for pattern_name 1000
2026-02-13 13:11:39,090 - INFO - Building stim pattern for pattern_name 3607
2026-02-13 13:11:39,102 - INFO - Building stim pattern for pattern_name 3985
2026-02-13 13:11:39,116 - INFO - Building stim pattern for pattern_name 1808
2026-02-13 13:11:39,127 - INFO - Building stim pattern for pattern_name 1909
2026-02-13 13:11:39,140 - INFO - Building stim pattern for pattern_name 2854
2026-02-13 13:11:39,150 - INFO - Building stim pattern for pattern_name 3095
2026-02-13 13:11:39,171 - INFO - Building stim pattern for pattern_name 1016
2026-02-13 13:11:39,191 - INFO - Building stim pattern for pattern_name 3548
2026-02-13 13:11:39,219 - INFO - Building stim pattern for pattern_name 3198
2026-02-13 13:11:39,241 - INFO - Building stim pattern for pattern_name 38
2026-02-13 13:11:39,255 - INFO - Building stim pattern for pattern_name 1095
2026-02-13 13:11:39,270 - INFO - Building stim pattern for pattern_name 3529
2026-02-13 13:11:39,281 - INFO - Building stim pattern for pattern_name 700
2026-02-13 13:11:39,296 - INFO - Building stim pattern for pattern_name 61
2026-02-13 13:11:39,308 - INFO - Building stim pattern for pattern_name 1008
2026-02-13 13:11:39,321 - INFO - Building stim pattern for pattern_name 29
2026-02-13 13:11:39,334 - INFO - Building stim pattern for pattern_name 16
2026-02-13 13:11:39,346 - INFO - Building stim pattern for pattern_name 3525
2026-02-13 13:11:39,383 - INFO - Building stim pattern for pattern_name 3535
2026-02-13 13:11:39,410 - INFO - Building stim pattern for pattern_name 1069
2026-02-13 13:11:39,425 - INFO - Building stim pattern for pattern_name 683
2026-02-13 13:11:39,438 - INFO - Building stim pattern for pattern_name 1847
2026-02-13 13:11:39,452 - INFO - Building stim pattern for pattern_name 1878
2026-02-13 13:11:39,474 - INFO - Building stim pattern for pattern_name 1876
2026-02-13 13:11:39,496 - INFO - Building stim pattern for pattern_name 429
2026-02-13 13:11:39,509 - INFO - Building stim pattern for pattern_name 3038
2026-02-13 13:11:39,521 - INFO - Building stim pattern for pattern_name 3438
2026-02-13 13:11:39,554 - INFO - Building stim pattern for pattern_name 1609
2026-02-13 13:11:39,564 - INFO - Building stim pattern for pattern_name 1199
2026-02-13 13:11:39,595 - INFO - Building stim pattern for pattern_name 241
2026-02-13 13:11:39,618 - INFO - Building stim pattern for pattern_name 2322
2026-02-13 13:11:39,633 - INFO - Building stim pattern for pattern_name 3773
2026-02-13 13:11:39,649 - INFO - Building stim pattern for pattern_name 2629
2026-02-13 13:11:39,663 - INFO - Building stim pattern for pattern_name 2660
2026-02-13 13:11:39,683 - INFO - Building stim pattern for pattern_name 2958
2026-02-13 13:11:39,704 - INFO - Building stim pattern for pattern_name 3970
2026-02-13 13:11:39,715 - INFO - Building stim pattern for pattern_name 1144
2026-02-13 13:11:39,726 - INFO - Building stim pattern for pattern_name 2984
2026-02-13 13:11:39,740 - INFO - Building stim pattern for pattern_name 3179
2026-02-13 13:11:39,753 - INFO - Building stim pattern for pattern_name 2259
2026-02-13 13:11:39,766 - INFO - Building stim pattern for pattern_name 3138
2026-02-13 13:11:39,785 - INFO - Building stim pattern for pattern_name 2228
2026-02-13 13:11:39,833 - INFO - Building stim pattern for pattern_name 1103
2026-02-13 13:11:39,843 - INFO - Building stim pattern for pattern_name 851
2026-02-13 13:11:39,861 - INFO - Building stim pattern for pattern_name 3142
2026-02-13 13:11:39,874 - INFO - Building stim pattern for pattern_name 510
2026-02-13 13:11:39,886 - INFO - Building stim pattern for pattern_name 3473
2026-02-13 13:11:39,899 - INFO - Building stim pattern for pattern_name 3008
2026-02-13 13:11:39,913 - INFO - Building stim pattern for pattern_name 2871
2026-02-13 13:11:39,935 - INFO - Building stim pattern for pattern_name 86
2026-02-13 13:11:39,947 - INFO - Building stim pattern for pattern_name 2796
2026-02-13 13:11:39,959 - INFO - Building stim pattern for pattern_name 1911
2026-02-13 13:11:39,973 - INFO - Building stim pattern for pattern_name 1596
2026-02-13 13:11:39,988 - INFO - Building stim pattern for pattern_name 1829
2026-02-13 13:11:40,002 - INFO - Building stim pattern for pattern_name 3874
2026-02-13 13:11:40,015 - INFO - Building stim pattern for pattern_name 3094
2026-02-13 13:11:40,035 - INFO - Building stim pattern for pattern_name 101
2026-02-13 13:11:40,047 - INFO - Building stim pattern for pattern_name 1323
2026-02-13 13:11:40,060 - INFO - Building stim pattern for pattern_name 1032
2026-02-13 13:11:40,074 - INFO - Building stim pattern for pattern_name 3836
2026-02-13 13:11:40,087 - INFO - Building stim pattern for pattern_name 2039
2026-02-13 13:11:40,098 - INFO - Building stim pattern for pattern_name 673
2026-02-13 13:11:40,111 - INFO - Building stim pattern for pattern_name 1834
2026-02-13 13:11:40,123 - INFO - Building stim pattern for pattern_name 2895
2026-02-13 13:11:40,137 - INFO - Building stim pattern for pattern_name 3328
2026-02-13 13:11:40,152 - INFO - Building stim pattern for pattern_name 2698
2026-02-13 13:11:40,166 - INFO - Building stim pattern for pattern_name 2919
2026-02-13 13:11:40,179 - INFO - Building stim pattern for pattern_name 231
2026-02-13 13:11:40,190 - INFO - Building stim pattern for pattern_name 1824
2026-02-13 13:11:40,203 - INFO - Building stim pattern for pattern_name 1449
2026-02-13 13:11:40,216 - INFO - Building stim pattern for pattern_name 2752
2026-02-13 13:11:40,227 - INFO - Building stim pattern for pattern_name 3140
2026-02-13 13:11:40,238 - INFO - Building stim pattern for pattern_name 1589
2026-02-13 13:11:40,253 - INFO - Building stim pattern for pattern_name 1516
2026-02-13 13:11:40,315 - INFO - Building stim pattern for pattern_name 3060
2026-02-13 13:11:40,330 - INFO - Building stim pattern for pattern_name 89
2026-02-13 13:11:40,345 - INFO - Building stim pattern for pattern_name 502
2026-02-13 13:11:40,357 - INFO - Building stim pattern for pattern_name 1521
2026-02-13 13:11:40,370 - INFO - Building stim pattern for pattern_name 2974
2026-02-13 13:11:40,382 - INFO - Building stim pattern for pattern_name 540
2026-02-13 13:11:40,395 - INFO - Building stim pattern for pattern_name 1360
2026-02-13 13:11:40,408 - INFO - Building stim pattern for pattern_name 2530
2026-02-13 13:11:40,421 - INFO - Building stim pattern for pattern_name 1282
2026-02-13 13:11:40,434 - INFO - Building stim pattern for pattern_name 1956
2026-02-13 13:11:40,448 - INFO - Building stim pattern for pattern_name 1243
2026-02-13 13:11:40,460 - INFO - Building stim pattern for pattern_name 2350
2026-02-13 13:11:40,481 - INFO - Building stim pattern for pattern_name 2075
2026-02-13 13:11:40,494 - INFO - Building stim pattern for pattern_name 1830
2026-02-13 13:11:40,507 - INFO - Building stim pattern for pattern_name 1542
2026-02-13 13:11:40,522 - INFO - Building stim pattern for pattern_name 2137
2026-02-13 13:11:40,536 - INFO - Building stim pattern for pattern_name 3614
2026-02-13 13:11:40,549 - INFO - Building stim pattern for pattern_name 3425
2026-02-13 13:11:40,580 - INFO - Building stim pattern for pattern_name 447
2026-02-13 13:11:40,602 - INFO - Building stim pattern for pattern_name 885
2026-02-13 13:11:40,621 - INFO - Building stim pattern for pattern_name 1720
2026-02-13 13:11:40,632 - INFO - Building stim pattern for pattern_name 317
2026-02-13 13:11:40,644 - INFO - Building stim pattern for pattern_name 3373
2026-02-13 13:11:40,656 - INFO - Building stim pattern for pattern_name 517
2026-02-13 13:11:40,667 - INFO - Building stim pattern for pattern_name 1454
2026-02-13 13:11:40,680 - INFO - Building stim pattern for pattern_name 619
2026-02-13 13:11:40,692 - INFO - Building stim pattern for pattern_name 3093
2026-02-13 13:11:40,704 - INFO - Building stim pattern for pattern_name 319
2026-02-13 13:11:40,718 - INFO - Building stim pattern for pattern_name 3818
2026-02-13 13:11:40,739 - INFO - Building stim pattern for pattern_name 1388
2026-02-13 13:11:40,752 - INFO - Building stim pattern for pattern_name 1411
2026-02-13 13:11:40,766 - INFO - Building stim pattern for pattern_name 3620
2026-02-13 13:11:40,780 - INFO - Building stim pattern for pattern_name 2685
2026-02-13 13:11:40,794 - INFO - Building stim pattern for pattern_name 3929
2026-02-13 13:11:40,808 - INFO - Building stim pattern for pattern_name 547
2026-02-13 13:11:40,823 - INFO - Building stim pattern for pattern_name 2894
2026-02-13 13:11:40,835 - INFO - Building stim pattern for pattern_name 1494
2026-02-13 13:11:40,847 - INFO - Building stim pattern for pattern_name 2666
2026-02-13 13:11:40,861 - INFO - Building stim pattern for pattern_name 590
2026-02-13 13:11:40,874 - INFO - Building stim pattern for pattern_name 2993
2026-02-13 13:11:40,885 - INFO - Building stim pattern for pattern_name 219
2026-02-13 13:11:40,897 - INFO - Building stim pattern for pattern_name 3596
2026-02-13 13:11:40,916 - INFO - Building stim pattern for pattern_name 3884
2026-02-13 13:11:40,927 - INFO - Building stim pattern for pattern_name 1444
2026-02-13 13:11:40,946 - INFO - Building stim pattern for pattern_name 1187
2026-02-13 13:11:40,957 - INFO - Building stim pattern for pattern_name 2969
2026-02-13 13:11:40,969 - INFO - Building stim pattern for pattern_name 627
2026-02-13 13:11:40,981 - INFO - Building stim pattern for pattern_name 1766
2026-02-13 13:11:40,995 - INFO - Building stim pattern for pattern_name 890
2026-02-13 13:11:41,009 - INFO - Building stim pattern for pattern_name 3439
2026-02-13 13:11:41,022 - INFO - Building stim pattern for pattern_name 1250
2026-02-13 13:11:41,035 - INFO - Building stim pattern for pattern_name 3780
2026-02-13 13:11:41,049 - INFO - Building stim pattern for pattern_name 3814
2026-02-13 13:11:41,061 - INFO - Building stim pattern for pattern_name 3255
2026-02-13 13:11:41,075 - INFO - Building stim pattern for pattern_name 2485
2026-02-13 13:11:41,089 - INFO - Building stim pattern for pattern_name 1264
2026-02-13 13:11:41,136 - INFO - Building stim pattern for pattern_name 2935
2026-02-13 13:11:41,159 - INFO - Building stim pattern for pattern_name 2426
2026-02-13 13:11:41,173 - INFO - Building stim pattern for pattern_name 296
2026-02-13 13:11:41,188 - INFO - Building stim pattern for pattern_name 1684
2026-02-13 13:11:41,201 - INFO - Building stim pattern for pattern_name 729
2026-02-13 13:11:41,213 - INFO - Building stim pattern for pattern_name 1283
2026-02-13 13:11:41,233 - INFO - Building stim pattern for pattern_name 1483
2026-02-13 13:11:41,247 - INFO - Building stim pattern for pattern_name 1611
2026-02-13 13:11:41,263 - INFO - Building stim pattern for pattern_name 2780
2026-02-13 13:11:41,277 - INFO - Building stim pattern for pattern_name 484
2026-02-13 13:11:41,300 - INFO - Building stim pattern for pattern_name 1086
2026-02-13 13:11:41,314 - INFO - Building stim pattern for pattern_name 3521
2026-02-13 13:11:41,326 - INFO - Building stim pattern for pattern_name 3196
2026-02-13 13:11:41,339 - INFO - Building stim pattern for pattern_name 1656
2026-02-13 13:11:41,351 - INFO - Building stim pattern for pattern_name 1125
2026-02-13 13:11:41,363 - INFO - Building stim pattern for pattern_name 3187
2026-02-13 13:11:41,379 - INFO - Building stim pattern for pattern_name 3088
2026-02-13 13:11:41,392 - INFO - Building stim pattern for pattern_name 2274
2026-02-13 13:11:41,406 - INFO - Building stim pattern for pattern_name 1333
2026-02-13 13:11:41,418 - INFO - Building stim pattern for pattern_name 417
2026-02-13 13:11:41,432 - INFO - Building stim pattern for pattern_name 82
2026-02-13 13:11:41,443 - INFO - Building stim pattern for pattern_name 1677
2026-02-13 13:11:41,454 - INFO - Building stim pattern for pattern_name 2676
2026-02-13 13:11:41,466 - INFO - Building stim pattern for pattern_name 2035
2026-02-13 13:11:41,493 - INFO - Building stim pattern for pattern_name 847
2026-02-13 13:11:41,505 - INFO - Building stim pattern for pattern_name 2639
2026-02-13 13:11:41,517 - INFO - Building stim pattern for pattern_name 3569
2026-02-13 13:11:41,528 - INFO - Building stim pattern for pattern_name 2946
2026-02-13 13:11:41,543 - INFO - Building stim pattern for pattern_name 1698
2026-02-13 13:11:41,556 - INFO - Building stim pattern for pattern_name 1620
2026-02-13 13:11:41,570 - INFO - Building stim pattern for pattern_name 1435
2026-02-13 13:11:41,584 - INFO - Building stim pattern for pattern_name 3330
2026-02-13 13:11:41,594 - INFO - Building stim pattern for pattern_name 733
2026-02-13 13:11:41,607 - INFO - Building stim pattern for pattern_name 3567
2026-02-13 13:11:41,620 - INFO - Building stim pattern for pattern_name 3204
2026-02-13 13:11:41,632 - INFO - Building stim pattern for pattern_name 2413
2026-02-13 13:11:41,644 - INFO - Building stim pattern for pattern_name 1907
2026-02-13 13:11:41,661 - INFO - Building stim pattern for pattern_name 1801
2026-02-13 13:11:41,674 - INFO - Building stim pattern for pattern_name 1269
2026-02-13 13:11:41,687 - INFO - Building stim pattern for pattern_name 3024
2026-02-13 13:11:41,709 - INFO - Building stim pattern for pattern_name 1109
2026-02-13 13:11:41,721 - INFO - Building stim pattern for pattern_name 3497
2026-02-13 13:11:41,732 - INFO - Building stim pattern for pattern_name 2103
2026-02-13 13:11:41,743 - INFO - Building stim pattern for pattern_name 1192
2026-02-13 13:11:41,756 - INFO - Building stim pattern for pattern_name 2591
2026-02-13 13:11:41,767 - INFO - Building stim pattern for pattern_name 2545
2026-02-13 13:11:41,779 - INFO - Building stim pattern for pattern_name 836
2026-02-13 13:11:41,792 - INFO - Building stim pattern for pattern_name 2061
2026-02-13 13:11:41,812 - INFO - Building stim pattern for pattern_name 995
2026-02-13 13:11:41,827 - INFO - Building stim pattern for pattern_name 2824
2026-02-13 13:11:41,838 - INFO - Building stim pattern for pattern_name 21
2026-02-13 13:11:41,852 - INFO - Building stim pattern for pattern_name 2746
2026-02-13 13:11:41,864 - INFO - Building stim pattern for pattern_name 109
2026-02-13 13:11:41,875 - INFO - Building stim pattern for pattern_name 2941
2026-02-13 13:11:41,886 - INFO - Building stim pattern for pattern_name 2172
2026-02-13 13:11:41,899 - INFO - Building stim pattern for pattern_name 3117
2026-02-13 13:11:41,948 - INFO - Building stim pattern for pattern_name 2265
2026-02-13 13:11:41,967 - INFO - Building stim pattern for pattern_name 1923
2026-02-13 13:11:41,980 - INFO - Building stim pattern for pattern_name 3061
2026-02-13 13:11:41,991 - INFO - Building stim pattern for pattern_name 1174
2026-02-13 13:11:42,005 - INFO - Building stim pattern for pattern_name 1361
2026-02-13 13:11:42,016 - INFO - Building stim pattern for pattern_name 3164
2026-02-13 13:11:42,028 - INFO - Building stim pattern for pattern_name 1384
2026-02-13 13:11:42,039 - INFO - Building stim pattern for pattern_name 2925
2026-02-13 13:11:42,051 - INFO - Building stim pattern for pattern_name 2089
2026-02-13 13:11:42,062 - INFO - Building stim pattern for pattern_name 398
2026-02-13 13:11:42,076 - INFO - Building stim pattern for pattern_name 1484
2026-02-13 13:11:42,087 - INFO - Building stim pattern for pattern_name 1122
2026-02-13 13:11:42,101 - INFO - Building stim pattern for pattern_name 594
2026-02-13 13:11:42,114 - INFO - Building stim pattern for pattern_name 1567
2026-02-13 13:11:42,125 - INFO - Building stim pattern for pattern_name 363
2026-02-13 13:11:42,136 - INFO - Building stim pattern for pattern_name 3451
2026-02-13 13:11:42,147 - INFO - Building stim pattern for pattern_name 1600
2026-02-13 13:11:42,168 - INFO - Building stim pattern for pattern_name 1764
2026-02-13 13:11:42,180 - INFO - Building stim pattern for pattern_name 791
2026-02-13 13:11:42,192 - INFO - Building stim pattern for pattern_name 1602
2026-02-13 13:11:42,211 - INFO - Building stim pattern for pattern_name 1425
2026-02-13 13:11:42,221 - INFO - Building stim pattern for pattern_name 2220
2026-02-13 13:11:42,232 - INFO - Building stim pattern for pattern_name 1241
2026-02-13 13:11:42,242 - INFO - Building stim pattern for pattern_name 2582
2026-02-13 13:11:42,253 - INFO - Building stim pattern for pattern_name 1015
2026-02-13 13:11:42,283 - INFO - Building stim pattern for pattern_name 206
2026-02-13 13:11:42,295 - INFO - Building stim pattern for pattern_name 1692
2026-02-13 13:11:42,307 - INFO - Building stim pattern for pattern_name 226
2026-02-13 13:11:42,320 - INFO - Building stim pattern for pattern_name 2665
2026-02-13 13:11:42,332 - INFO - Building stim pattern for pattern_name 234
2026-02-13 13:11:42,345 - INFO - Building stim pattern for pattern_name 705
2026-02-13 13:11:42,359 - INFO - Building stim pattern for pattern_name 1316
2026-02-13 13:11:42,372 - INFO - Building stim pattern for pattern_name 2877
2026-02-13 13:11:42,384 - INFO - Building stim pattern for pattern_name 1367
2026-02-13 13:11:42,406 - INFO - Building stim pattern for pattern_name 333
2026-02-13 13:11:42,419 - INFO - Building stim pattern for pattern_name 1673
2026-02-13 13:11:42,444 - INFO - Building stim pattern for pattern_name 205
2026-02-13 13:11:42,457 - INFO - Building stim pattern for pattern_name 2776
2026-02-13 13:11:42,469 - INFO - Building stim pattern for pattern_name 3863
2026-02-13 13:11:42,480 - INFO - Building stim pattern for pattern_name 760
2026-02-13 13:11:42,492 - INFO - Building stim pattern for pattern_name 1869
2026-02-13 13:11:42,504 - INFO - Building stim pattern for pattern_name 933
2026-02-13 13:11:42,515 - INFO - Building stim pattern for pattern_name 2547
2026-02-13 13:11:42,526 - INFO - Building stim pattern for pattern_name 2363
2026-02-13 13:11:42,545 - INFO - Building stim pattern for pattern_name 3722
2026-02-13 13:11:42,558 - INFO - Building stim pattern for pattern_name 2348
2026-02-13 13:11:42,580 - INFO - Building stim pattern for pattern_name 2334
2026-02-13 13:11:42,599 - INFO - Building stim pattern for pattern_name 3678
2026-02-13 13:11:42,621 - INFO - Building stim pattern for pattern_name 18
2026-02-13 13:11:42,633 - INFO - Building stim pattern for pattern_name 1499
2026-02-13 13:11:42,646 - INFO - Building stim pattern for pattern_name 3961
2026-02-13 13:11:42,659 - INFO - Building stim pattern for pattern_name 1674
2026-02-13 13:11:42,694 - INFO - Building stim pattern for pattern_name 2934
2026-02-13 13:11:42,707 - INFO - Building stim pattern for pattern_name 432
2026-02-13 13:11:42,730 - INFO - Building stim pattern for pattern_name 145
2026-02-13 13:11:42,744 - INFO - Building stim pattern for pattern_name 1974
2026-02-13 13:11:42,755 - INFO - Building stim pattern for pattern_name 3112
2026-02-13 13:11:42,818 - INFO - Building stim pattern for pattern_name 2967
2026-02-13 13:11:42,831 - INFO - Building stim pattern for pattern_name 1080
2026-02-13 13:11:42,849 - INFO - Building stim pattern for pattern_name 3111
2026-02-13 13:11:42,862 - INFO - Building stim pattern for pattern_name 1759
2026-02-13 13:11:42,873 - INFO - Building stim pattern for pattern_name 391
2026-02-13 13:11:42,885 - INFO - Building stim pattern for pattern_name 158
2026-02-13 13:11:42,897 - INFO - Building stim pattern for pattern_name 3940
2026-02-13 13:11:42,910 - INFO - Building stim pattern for pattern_name 948
2026-02-13 13:11:42,922 - INFO - Building stim pattern for pattern_name 1218
2026-02-13 13:11:42,934 - INFO - Building stim pattern for pattern_name 3165
2026-02-13 13:11:42,945 - INFO - Building stim pattern for pattern_name 830
2026-02-13 13:11:42,956 - INFO - Building stim pattern for pattern_name 1039
2026-02-13 13:11:42,969 - INFO - Building stim pattern for pattern_name 3220
2026-02-13 13:11:42,981 - INFO - Building stim pattern for pattern_name 410
2026-02-13 13:11:42,992 - INFO - Building stim pattern for pattern_name 3257
2026-02-13 13:11:43,004 - INFO - Building stim pattern for pattern_name 1217
2026-02-13 13:11:43,017 - INFO - Building stim pattern for pattern_name 1637
2026-02-13 13:11:43,029 - INFO - Building stim pattern for pattern_name 2361
2026-02-13 13:11:43,040 - INFO - Building stim pattern for pattern_name 3626
2026-02-13 13:11:43,052 - INFO - Building stim pattern for pattern_name 3966
2026-02-13 13:11:43,066 - INFO - Building stim pattern for pattern_name 1339
2026-02-13 13:11:43,080 - INFO - Building stim pattern for pattern_name 259
2026-02-13 13:11:43,092 - INFO - Building stim pattern for pattern_name 424
2026-02-13 13:11:43,103 - INFO - Building stim pattern for pattern_name 1903
2026-02-13 13:11:43,114 - INFO - Building stim pattern for pattern_name 3908
2026-02-13 13:11:43,125 - INFO - Building stim pattern for pattern_name 909
2026-02-13 13:11:43,138 - INFO - Building stim pattern for pattern_name 3834
2026-02-13 13:11:43,171 - INFO - Building stim pattern for pattern_name 102
2026-02-13 13:11:43,183 - INFO - Building stim pattern for pattern_name 903
2026-02-13 13:11:43,195 - INFO - Building stim pattern for pattern_name 811
2026-02-13 13:11:43,207 - INFO - Building stim pattern for pattern_name 2633
2026-02-13 13:11:43,219 - INFO - Building stim pattern for pattern_name 2773
2026-02-13 13:11:43,240 - INFO - Building stim pattern for pattern_name 2887
2026-02-13 13:11:43,256 - INFO - Building stim pattern for pattern_name 2918
2026-02-13 13:11:43,276 - INFO - Building stim pattern for pattern_name 1114
2026-02-13 13:11:43,288 - INFO - Building stim pattern for pattern_name 3634
2026-02-13 13:11:43,308 - INFO - Building stim pattern for pattern_name 2374
2026-02-13 13:11:43,322 - INFO - Building stim pattern for pattern_name 1628
2026-02-13 13:11:43,344 - INFO - Building stim pattern for pattern_name 644
2026-02-13 13:11:43,356 - INFO - Building stim pattern for pattern_name 2141
2026-02-13 13:11:43,374 - INFO - Building stim pattern for pattern_name 2738
2026-02-13 13:11:43,386 - INFO - Building stim pattern for pattern_name 3341
2026-02-13 13:11:43,398 - INFO - Building stim pattern for pattern_name 1739
2026-02-13 13:11:43,411 - INFO - Building stim pattern for pattern_name 3734
2026-02-13 13:11:43,423 - INFO - Building stim pattern for pattern_name 195
2026-02-13 13:11:43,435 - INFO - Building stim pattern for pattern_name 2584
2026-02-13 13:11:43,447 - INFO - Building stim pattern for pattern_name 1646
2026-02-13 13:11:43,469 - INFO - Building stim pattern for pattern_name 625
2026-02-13 13:11:43,481 - INFO - Building stim pattern for pattern_name 2128
2026-02-13 13:11:43,493 - INFO - Building stim pattern for pattern_name 942
2026-02-13 13:11:43,505 - INFO - Building stim pattern for pattern_name 1539
2026-02-13 13:11:43,516 - INFO - Building stim pattern for pattern_name 3720
2026-02-13 13:11:43,530 - INFO - Building stim pattern for pattern_name 370
2026-02-13 13:11:43,544 - INFO - Building stim pattern for pattern_name 2283
2026-02-13 13:11:43,556 - INFO - Building stim pattern for pattern_name 2882
2026-02-13 13:11:43,570 - INFO - Building stim pattern for pattern_name 2412
2026-02-13 13:11:43,585 - INFO - Building stim pattern for pattern_name 2235
2026-02-13 13:11:43,631 - INFO - Building stim pattern for pattern_name 3240
2026-02-13 13:11:43,659 - INFO - Building stim pattern for pattern_name 3462
2026-02-13 13:11:43,672 - INFO - Building stim pattern for pattern_name 355
2026-02-13 13:11:43,685 - INFO - Building stim pattern for pattern_name 1193
2026-02-13 13:11:43,703 - INFO - Building stim pattern for pattern_name 704
2026-02-13 13:11:43,714 - INFO - Building stim pattern for pattern_name 3201
2026-02-13 13:11:43,728 - INFO - Building stim pattern for pattern_name 3896
2026-02-13 13:11:43,741 - INFO - Building stim pattern for pattern_name 3322
2026-02-13 13:11:43,755 - INFO - Building stim pattern for pattern_name 1416
2026-02-13 13:11:43,778 - INFO - Building stim pattern for pattern_name 1776
2026-02-13 13:11:43,798 - INFO - Building stim pattern for pattern_name 1846
2026-02-13 13:11:43,819 - INFO - Building stim pattern for pattern_name 904
2026-02-13 13:11:43,832 - INFO - Building stim pattern for pattern_name 3176
2026-02-13 13:11:43,843 - INFO - Building stim pattern for pattern_name 3157
2026-02-13 13:11:43,855 - INFO - Building stim pattern for pattern_name 2577
2026-02-13 13:11:43,869 - INFO - Building stim pattern for pattern_name 516
2026-02-13 13:11:43,883 - INFO - Building stim pattern for pattern_name 2841
2026-02-13 13:11:43,912 - INFO - Building stim pattern for pattern_name 2136
2026-02-13 13:11:43,925 - INFO - Building stim pattern for pattern_name 3994
2026-02-13 13:11:43,938 - INFO - Building stim pattern for pattern_name 2371
2026-02-13 13:11:43,954 - INFO - Building stim pattern for pattern_name 717
2026-02-13 13:11:43,966 - INFO - Building stim pattern for pattern_name 1156
2026-02-13 13:11:43,977 - INFO - Building stim pattern for pattern_name 3149
2026-02-13 13:11:43,988 - INFO - Building stim pattern for pattern_name 2248
2026-02-13 13:11:44,000 - INFO - Building stim pattern for pattern_name 448
2026-02-13 13:11:44,010 - INFO - Building stim pattern for pattern_name 367
2026-02-13 13:11:44,022 - INFO - Building stim pattern for pattern_name 537
2026-02-13 13:11:44,035 - INFO - Building stim pattern for pattern_name 519
2026-02-13 13:11:44,053 - INFO - Building stim pattern for pattern_name 3608
2026-02-13 13:11:44,066 - INFO - Building stim pattern for pattern_name 1693
2026-02-13 13:11:44,099 - INFO - Building stim pattern for pattern_name 1476
2026-02-13 13:11:44,112 - INFO - Building stim pattern for pattern_name 182
2026-02-13 13:11:44,131 - INFO - Building stim pattern for pattern_name 287
2026-02-13 13:11:44,156 - INFO - Building stim pattern for pattern_name 1149
2026-02-13 13:11:44,170 - INFO - Building stim pattern for pattern_name 2848
2026-02-13 13:11:44,182 - INFO - Building stim pattern for pattern_name 2208
2026-02-13 13:11:44,194 - INFO - Building stim pattern for pattern_name 2505
2026-02-13 13:11:44,208 - INFO - Building stim pattern for pattern_name 788
2026-02-13 13:11:44,219 - INFO - Building stim pattern for pattern_name 3471
2026-02-13 13:11:44,230 - INFO - Building stim pattern for pattern_name 3667
2026-02-13 13:11:44,249 - INFO - Building stim pattern for pattern_name 3351
2026-02-13 13:11:44,261 - INFO - Building stim pattern for pattern_name 2927
2026-02-13 13:11:44,282 - INFO - Building stim pattern for pattern_name 986
2026-02-13 13:11:44,300 - INFO - Building stim pattern for pattern_name 3098
2026-02-13 13:11:44,313 - INFO - Building stim pattern for pattern_name 2840
2026-02-13 13:11:44,325 - INFO - Building stim pattern for pattern_name 479
2026-02-13 13:11:44,336 - INFO - Building stim pattern for pattern_name 3732
2026-02-13 13:11:44,348 - INFO - Building stim pattern for pattern_name 435
2026-02-13 13:11:44,366 - INFO - Building stim pattern for pattern_name 2701
2026-02-13 13:11:44,377 - INFO - Building stim pattern for pattern_name 3616
2026-02-13 13:11:44,388 - INFO - Building stim pattern for pattern_name 1327
2026-02-13 13:11:44,403 - INFO - Building stim pattern for pattern_name 2113
2026-02-13 13:11:44,430 - INFO - Building stim pattern for pattern_name 2830
2026-02-13 13:11:44,443 - INFO - Building stim pattern for pattern_name 2021
2026-02-13 13:11:44,466 - INFO - Building stim pattern for pattern_name 1913
2026-02-13 13:11:44,477 - INFO - Building stim pattern for pattern_name 1955
2026-02-13 13:11:44,495 - INFO - Building stim pattern for pattern_name 3636
2026-02-13 13:11:44,542 - INFO - Building stim pattern for pattern_name 2120
2026-02-13 13:11:44,588 - INFO - Building stim pattern for pattern_name 2440
2026-02-13 13:11:44,602 - INFO - Building stim pattern for pattern_name 135
2026-02-13 13:11:44,616 - INFO - Building stim pattern for pattern_name 470
2026-02-13 13:11:44,628 - INFO - Building stim pattern for pattern_name 2453
2026-02-13 13:11:44,649 - INFO - Building stim pattern for pattern_name 113
2026-02-13 13:11:44,663 - INFO - Building stim pattern for pattern_name 230
2026-02-13 13:11:44,676 - INFO - Building stim pattern for pattern_name 2979
2026-02-13 13:11:44,688 - INFO - Building stim pattern for pattern_name 1842
2026-02-13 13:11:44,708 - INFO - Building stim pattern for pattern_name 1215
2026-02-13 13:11:44,720 - INFO - Building stim pattern for pattern_name 117
2026-02-13 13:11:44,731 - INFO - Building stim pattern for pattern_name 3105
2026-02-13 13:11:44,745 - INFO - Building stim pattern for pattern_name 769
2026-02-13 13:11:44,756 - INFO - Building stim pattern for pattern_name 555
2026-02-13 13:11:44,768 - INFO - Building stim pattern for pattern_name 1655
2026-02-13 13:11:44,785 - INFO - Building stim pattern for pattern_name 1513
2026-02-13 13:11:44,798 - INFO - Building stim pattern for pattern_name 1415
2026-02-13 13:11:44,809 - INFO - Building stim pattern for pattern_name 3459
2026-02-13 13:11:44,822 - INFO - Building stim pattern for pattern_name 1393
2026-02-13 13:11:44,842 - INFO - Building stim pattern for pattern_name 878
2026-02-13 13:11:44,856 - INFO - Building stim pattern for pattern_name 2217
2026-02-13 13:11:44,869 - INFO - Building stim pattern for pattern_name 3043
2026-02-13 13:11:44,882 - INFO - Building stim pattern for pattern_name 2594
2026-02-13 13:11:44,893 - INFO - Building stim pattern for pattern_name 3670
2026-02-13 13:11:44,911 - INFO - Building stim pattern for pattern_name 3000
2026-02-13 13:11:44,925 - INFO - Building stim pattern for pattern_name 972
2026-02-13 13:11:44,945 - INFO - Building stim pattern for pattern_name 3955
2026-02-13 13:11:44,955 - INFO - Building stim pattern for pattern_name 936
2026-02-13 13:11:44,975 - INFO - Building stim pattern for pattern_name 2246
2026-02-13 13:11:44,988 - INFO - Building stim pattern for pattern_name 985
2026-02-13 13:11:44,999 - INFO - Building stim pattern for pattern_name 2772
2026-02-13 13:11:45,011 - INFO - Building stim pattern for pattern_name 645
2026-02-13 13:11:45,023 - INFO - Building stim pattern for pattern_name 3838
2026-02-13 13:11:45,034 - INFO - Building stim pattern for pattern_name 309
2026-02-13 13:11:45,046 - INFO - Building stim pattern for pattern_name 2250
2026-02-13 13:11:45,057 - INFO - Building stim pattern for pattern_name 1606
2026-02-13 13:11:45,068 - INFO - Building stim pattern for pattern_name 943
2026-02-13 13:11:45,079 - INFO - Building stim pattern for pattern_name 931
2026-02-13 13:11:45,092 - INFO - Building stim pattern for pattern_name 1543
2026-02-13 13:11:45,111 - INFO - Building stim pattern for pattern_name 2909
2026-02-13 13:11:45,123 - INFO - Building stim pattern for pattern_name 2117
2026-02-13 13:11:45,137 - INFO - Building stim pattern for pattern_name 3651
2026-02-13 13:11:45,152 - INFO - Building stim pattern for pattern_name 2253
2026-02-13 13:11:45,166 - INFO - Building stim pattern for pattern_name 33
2026-02-13 13:11:45,179 - INFO - Building stim pattern for pattern_name 153
2026-02-13 13:11:45,199 - INFO - Building stim pattern for pattern_name 3768
2026-02-13 13:11:45,217 - INFO - Building stim pattern for pattern_name 2080
2026-02-13 13:11:45,250 - INFO - Building stim pattern for pattern_name 1688
2026-02-13 13:11:45,262 - INFO - Building stim pattern for pattern_name 30
2026-02-13 13:11:45,274 - INFO - Building stim pattern for pattern_name 85
2026-02-13 13:11:45,286 - INFO - Building stim pattern for pattern_name 1260
2026-02-13 13:11:45,296 - INFO - Building stim pattern for pattern_name 973
2026-02-13 13:11:45,314 - INFO - Building stim pattern for pattern_name 3147
2026-02-13 13:11:45,326 - INFO - Building stim pattern for pattern_name 2574
2026-02-13 13:11:45,336 - INFO - Building stim pattern for pattern_name 1284
2026-02-13 13:11:45,349 - INFO - Building stim pattern for pattern_name 1928
2026-02-13 13:11:45,390 - INFO - Building stim pattern for pattern_name 829
2026-02-13 13:11:45,420 - INFO - Building stim pattern for pattern_name 1579
2026-02-13 13:11:45,439 - INFO - Building stim pattern for pattern_name 2948
2026-02-13 13:11:45,451 - INFO - Building stim pattern for pattern_name 2949
2026-02-13 13:11:45,462 - INFO - Building stim pattern for pattern_name 1700
2026-02-13 13:11:45,485 - INFO - Building stim pattern for pattern_name 1477
2026-02-13 13:11:45,498 - INFO - Building stim pattern for pattern_name 323
2026-02-13 13:11:45,518 - INFO - Building stim pattern for pattern_name 3269
2026-02-13 13:11:45,536 - INFO - Building stim pattern for pattern_name 3503
2026-02-13 13:11:45,548 - INFO - Building stim pattern for pattern_name 220
2026-02-13 13:11:45,559 - INFO - Building stim pattern for pattern_name 2862
2026-02-13 13:11:45,570 - INFO - Building stim pattern for pattern_name 2686
2026-02-13 13:11:45,582 - INFO - Building stim pattern for pattern_name 824
2026-02-13 13:11:45,593 - INFO - Building stim pattern for pattern_name 2541
2026-02-13 13:11:45,606 - INFO - Building stim pattern for pattern_name 2983
2026-02-13 13:11:45,618 - INFO - Building stim pattern for pattern_name 3482
2026-02-13 13:11:45,629 - INFO - Building stim pattern for pattern_name 2101
2026-02-13 13:11:45,640 - INFO - Building stim pattern for pattern_name 2642
2026-02-13 13:11:45,652 - INFO - Building stim pattern for pattern_name 1755
2026-02-13 13:11:45,669 - INFO - Building stim pattern for pattern_name 272
2026-02-13 13:11:45,695 - INFO - Building stim pattern for pattern_name 2794
2026-02-13 13:11:45,707 - INFO - Building stim pattern for pattern_name 3431
2026-02-13 13:11:45,720 - INFO - Building stim pattern for pattern_name 817
2026-02-13 13:11:45,730 - INFO - Building stim pattern for pattern_name 389
2026-02-13 13:11:45,742 - INFO - Building stim pattern for pattern_name 178
2026-02-13 13:11:45,754 - INFO - Building stim pattern for pattern_name 3812
2026-02-13 13:11:45,767 - INFO - Building stim pattern for pattern_name 860
2026-02-13 13:11:45,779 - INFO - Building stim pattern for pattern_name 671
2026-02-13 13:11:45,791 - INFO - Building stim pattern for pattern_name 826
2026-02-13 13:11:45,804 - INFO - Building stim pattern for pattern_name 2528
2026-02-13 13:11:45,816 - INFO - Building stim pattern for pattern_name 2436
2026-02-13 13:11:45,827 - INFO - Building stim pattern for pattern_name 1488
2026-02-13 13:11:45,848 - INFO - Building stim pattern for pattern_name 1493
2026-02-13 13:11:45,872 - INFO - Building stim pattern for pattern_name 823
2026-02-13 13:11:45,896 - INFO - Building stim pattern for pattern_name 237
2026-02-13 13:11:45,909 - INFO - Building stim pattern for pattern_name 2515
2026-02-13 13:11:45,924 - INFO - Building stim pattern for pattern_name 157
2026-02-13 13:11:45,937 - INFO - Building stim pattern for pattern_name 3570
2026-02-13 13:11:45,957 - INFO - Building stim pattern for pattern_name 2186
2026-02-13 13:11:45,969 - INFO - Building stim pattern for pattern_name 3748
2026-02-13 13:11:45,981 - INFO - Building stim pattern for pattern_name 3172
2026-02-13 13:11:45,993 - INFO - Building stim pattern for pattern_name 352
2026-02-13 13:11:46,005 - INFO - Building stim pattern for pattern_name 3550
2026-02-13 13:11:46,017 - INFO - Building stim pattern for pattern_name 3835
2026-02-13 13:11:46,030 - INFO - Building stim pattern for pattern_name 416
2026-02-13 13:11:46,043 - INFO - Building stim pattern for pattern_name 1617
2026-02-13 13:11:46,055 - INFO - Building stim pattern for pattern_name 508
2026-02-13 13:11:46,067 - INFO - Building stim pattern for pattern_name 2048
2026-02-13 13:11:46,080 - INFO - Building stim pattern for pattern_name 23
2026-02-13 13:11:46,092 - INFO - Building stim pattern for pattern_name 1769
2026-02-13 13:11:46,104 - INFO - Building stim pattern for pattern_name 712
2026-02-13 13:11:46,116 - INFO - Building stim pattern for pattern_name 1165
2026-02-13 13:11:46,128 - INFO - Building stim pattern for pattern_name 274
2026-02-13 13:11:46,141 - INFO - Building stim pattern for pattern_name 3541
2026-02-13 13:11:46,160 - INFO - Building stim pattern for pattern_name 3329
2026-02-13 13:11:46,171 - INFO - Building stim pattern for pattern_name 264
2026-02-13 13:11:46,183 - INFO - Building stim pattern for pattern_name 3639
2026-02-13 13:11:46,208 - INFO - Building stim pattern for pattern_name 2392
2026-02-13 13:11:46,250 - INFO - Building stim pattern for pattern_name 2057
2026-02-13 13:11:46,272 - INFO - Building stim pattern for pattern_name 1805
2026-02-13 13:11:46,283 - INFO - Building stim pattern for pattern_name 3971
2026-02-13 13:11:46,294 - INFO - Building stim pattern for pattern_name 3136
2026-02-13 13:11:46,306 - INFO - Building stim pattern for pattern_name 98
2026-02-13 13:11:46,326 - INFO - Building stim pattern for pattern_name 3001
2026-02-13 13:11:46,338 - INFO - Building stim pattern for pattern_name 2737
2026-02-13 13:11:46,349 - INFO - Building stim pattern for pattern_name 3282
2026-02-13 13:11:46,361 - INFO - Building stim pattern for pattern_name 2066
2026-02-13 13:11:46,373 - INFO - Building stim pattern for pattern_name 3829
2026-02-13 13:11:46,386 - INFO - Building stim pattern for pattern_name 1018
2026-02-13 13:11:46,397 - INFO - Building stim pattern for pattern_name 2164
2026-02-13 13:11:46,410 - INFO - Building stim pattern for pattern_name 3643
2026-02-13 13:11:46,423 - INFO - Building stim pattern for pattern_name 3623
2026-02-13 13:11:46,434 - INFO - Building stim pattern for pattern_name 239
2026-02-13 13:11:46,446 - INFO - Building stim pattern for pattern_name 1244
2026-02-13 13:11:46,458 - INFO - Building stim pattern for pattern_name 3753
2026-02-13 13:11:46,469 - INFO - Building stim pattern for pattern_name 1523
2026-02-13 13:11:46,482 - INFO - Building stim pattern for pattern_name 419
2026-02-13 13:11:46,500 - INFO - Building stim pattern for pattern_name 2859
2026-02-13 13:11:46,512 - INFO - Building stim pattern for pattern_name 2907
2026-02-13 13:11:46,525 - INFO - Building stim pattern for pattern_name 2050
2026-02-13 13:11:46,537 - INFO - Building stim pattern for pattern_name 3056
2026-02-13 13:11:46,560 - INFO - Building stim pattern for pattern_name 2838
2026-02-13 13:11:46,575 - INFO - Building stim pattern for pattern_name 839
2026-02-13 13:11:46,588 - INFO - Building stim pattern for pattern_name 1479
2026-02-13 13:11:46,606 - INFO - Building stim pattern for pattern_name 1433
2026-02-13 13:11:46,627 - INFO - Building stim pattern for pattern_name 3673
2026-02-13 13:11:46,640 - INFO - Building stim pattern for pattern_name 831
2026-02-13 13:11:46,653 - INFO - Building stim pattern for pattern_name 349
2026-02-13 13:11:46,665 - INFO - Building stim pattern for pattern_name 2054
2026-02-13 13:11:46,677 - INFO - Building stim pattern for pattern_name 1800
2026-02-13 13:11:46,689 - INFO - Building stim pattern for pattern_name 930
2026-02-13 13:11:46,700 - INFO - Building stim pattern for pattern_name 857
2026-02-13 13:11:46,711 - INFO - Building stim pattern for pattern_name 1664
2026-02-13 13:11:46,724 - INFO - Building stim pattern for pattern_name 3721
2026-02-13 13:11:46,736 - INFO - Building stim pattern for pattern_name 2778
2026-02-13 13:11:46,757 - INFO - Building stim pattern for pattern_name 2234
2026-02-13 13:11:46,769 - INFO - Building stim pattern for pattern_name 689
2026-02-13 13:11:46,780 - INFO - Building stim pattern for pattern_name 634
2026-02-13 13:11:46,801 - INFO - Building stim pattern for pattern_name 2236
2026-02-13 13:11:46,812 - INFO - Building stim pattern for pattern_name 3919
2026-02-13 13:11:46,823 - INFO - Building stim pattern for pattern_name 3167
2026-02-13 13:11:46,834 - INFO - Building stim pattern for pattern_name 3859
2026-02-13 13:11:46,846 - INFO - Building stim pattern for pattern_name 420
2026-02-13 13:11:46,858 - INFO - Building stim pattern for pattern_name 3258
2026-02-13 13:11:46,869 - INFO - Building stim pattern for pattern_name 2835
2026-02-13 13:11:46,880 - INFO - Building stim pattern for pattern_name 2359
2026-02-13 13:11:46,891 - INFO - Building stim pattern for pattern_name 1703
2026-02-13 13:11:46,903 - INFO - Building stim pattern for pattern_name 140
2026-02-13 13:11:46,915 - INFO - Building stim pattern for pattern_name 2300
2026-02-13 13:11:46,927 - INFO - Building stim pattern for pattern_name 1092
2026-02-13 13:11:46,943 - INFO - Building stim pattern for pattern_name 2432
2026-02-13 13:11:46,955 - INFO - Building stim pattern for pattern_name 2000
2026-02-13 13:11:46,973 - INFO - Building stim pattern for pattern_name 3059
2026-02-13 13:11:47,024 - INFO - Building stim pattern for pattern_name 3980
2026-02-13 13:11:47,046 - INFO - Building stim pattern for pattern_name 1668
2026-02-13 13:11:47,058 - INFO - Building stim pattern for pattern_name 457
2026-02-13 13:11:47,077 - INFO - Building stim pattern for pattern_name 3979
2026-02-13 13:11:47,089 - INFO - Building stim pattern for pattern_name 3085
2026-02-13 13:11:47,114 - INFO - Building stim pattern for pattern_name 3655
2026-02-13 13:11:47,138 - INFO - Building stim pattern for pattern_name 983
2026-02-13 13:11:47,150 - INFO - Building stim pattern for pattern_name 2973
2026-02-13 13:11:47,164 - INFO - Building stim pattern for pattern_name 1400
2026-02-13 13:11:47,176 - INFO - Building stim pattern for pattern_name 2124
2026-02-13 13:11:47,196 - INFO - Building stim pattern for pattern_name 2990
2026-02-13 13:11:47,208 - INFO - Building stim pattern for pattern_name 3669
2026-02-13 13:11:47,219 - INFO - Building stim pattern for pattern_name 3950
2026-02-13 13:11:47,231 - INFO - Building stim pattern for pattern_name 1594
2026-02-13 13:11:47,245 - INFO - Building stim pattern for pattern_name 3875
2026-02-13 13:11:47,259 - INFO - Building stim pattern for pattern_name 934
2026-02-13 13:11:47,279 - INFO - Building stim pattern for pattern_name 3615
2026-02-13 13:11:47,315 - INFO - Building stim pattern for pattern_name 1941
2026-02-13 13:11:47,327 - INFO - Building stim pattern for pattern_name 129
2026-02-13 13:11:47,341 - INFO - Building stim pattern for pattern_name 2663
2026-02-13 13:11:47,353 - INFO - Building stim pattern for pattern_name 2543
2026-02-13 13:11:47,366 - INFO - Building stim pattern for pattern_name 2309
2026-02-13 13:11:47,380 - INFO - Building stim pattern for pattern_name 795
2026-02-13 13:11:47,394 - INFO - Building stim pattern for pattern_name 1713
2026-02-13 13:11:47,407 - INFO - Building stim pattern for pattern_name 3264
2026-02-13 13:11:47,422 - INFO - Building stim pattern for pattern_name 3158
2026-02-13 13:11:47,442 - INFO - Building stim pattern for pattern_name 515
2026-02-13 13:11:47,461 - INFO - Building stim pattern for pattern_name 1946
2026-02-13 13:11:47,472 - INFO - Building stim pattern for pattern_name 3625
2026-02-13 13:11:47,483 - INFO - Building stim pattern for pattern_name 436
2026-02-13 13:11:47,496 - INFO - Building stim pattern for pattern_name 2160
2026-02-13 13:11:47,515 - INFO - Building stim pattern for pattern_name 2443
2026-02-13 13:11:47,528 - INFO - Building stim pattern for pattern_name 2320
2026-02-13 13:11:47,541 - INFO - Building stim pattern for pattern_name 3769
2026-02-13 13:11:47,554 - INFO - Building stim pattern for pattern_name 1986
2026-02-13 13:11:47,566 - INFO - Building stim pattern for pattern_name 1598
2026-02-13 13:11:47,577 - INFO - Building stim pattern for pattern_name 36
2026-02-13 13:11:47,594 - INFO - Building stim pattern for pattern_name 1009
2026-02-13 13:11:47,618 - INFO - Building stim pattern for pattern_name 55
2026-02-13 13:11:47,633 - INFO - Building stim pattern for pattern_name 64
2026-02-13 13:11:47,647 - INFO - Building stim pattern for pattern_name 2386
2026-02-13 13:11:47,659 - INFO - Building stim pattern for pattern_name 1224
2026-02-13 13:11:47,674 - INFO - Building stim pattern for pattern_name 3920
2026-02-13 13:11:47,688 - INFO - Building stim pattern for pattern_name 1342
2026-02-13 13:11:47,699 - INFO - Building stim pattern for pattern_name 3764
2026-02-13 13:11:47,712 - INFO - Building stim pattern for pattern_name 3566
2026-02-13 13:11:47,724 - INFO - Building stim pattern for pattern_name 3872
2026-02-13 13:11:47,745 - INFO - Building stim pattern for pattern_name 2637
2026-02-13 13:11:47,757 - INFO - Building stim pattern for pattern_name 2429
2026-02-13 13:11:47,769 - INFO - Building stim pattern for pattern_name 3427
2026-02-13 13:11:47,782 - INFO - Building stim pattern for pattern_name 2279
2026-02-13 13:11:47,794 - INFO - Building stim pattern for pattern_name 1887
2026-02-13 13:11:47,827 - INFO - Building stim pattern for pattern_name 2726
2026-02-13 13:11:47,839 - INFO - Building stim pattern for pattern_name 2943
2026-02-13 13:11:47,851 - INFO - Building stim pattern for pattern_name 2399
2026-02-13 13:11:47,862 - INFO - Building stim pattern for pattern_name 1631
2026-02-13 13:11:47,886 - INFO - Building stim pattern for pattern_name 3057
2026-02-13 13:11:47,927 - INFO - Building stim pattern for pattern_name 3418
2026-02-13 13:11:47,955 - INFO - Building stim pattern for pattern_name 1414
2026-02-13 13:11:47,968 - INFO - Building stim pattern for pattern_name 2677
2026-02-13 13:11:47,980 - INFO - Building stim pattern for pattern_name 3401
2026-02-13 13:11:47,992 - INFO - Building stim pattern for pattern_name 2107
2026-02-13 13:11:48,008 - INFO - Building stim pattern for pattern_name 1145
2026-02-13 13:11:48,030 - INFO - Building stim pattern for pattern_name 1288
2026-02-13 13:11:48,042 - INFO - Building stim pattern for pattern_name 2125
2026-02-13 13:11:48,053 - INFO - Building stim pattern for pattern_name 3858
2026-02-13 13:11:48,065 - INFO - Building stim pattern for pattern_name 2418
2026-02-13 13:11:48,077 - INFO - Building stim pattern for pattern_name 2860
2026-02-13 13:11:48,103 - INFO - Building stim pattern for pattern_name 2230
2026-02-13 13:11:48,116 - INFO - Building stim pattern for pattern_name 53
2026-02-13 13:11:48,127 - INFO - Building stim pattern for pattern_name 1669
2026-02-13 13:11:48,138 - INFO - Building stim pattern for pattern_name 2667
2026-02-13 13:11:48,150 - INFO - Building stim pattern for pattern_name 104
2026-02-13 13:11:48,162 - INFO - Building stim pattern for pattern_name 2271
2026-02-13 13:11:48,175 - INFO - Building stim pattern for pattern_name 2892
2026-02-13 13:11:48,187 - INFO - Building stim pattern for pattern_name 601
2026-02-13 13:11:48,200 - INFO - Building stim pattern for pattern_name 2210
2026-02-13 13:11:48,229 - INFO - Building stim pattern for pattern_name 879
2026-02-13 13:11:48,241 - INFO - Building stim pattern for pattern_name 1481
2026-02-13 13:11:48,254 - INFO - Building stim pattern for pattern_name 3688
2026-02-13 13:11:48,266 - INFO - Building stim pattern for pattern_name 527
2026-02-13 13:11:48,285 - INFO - Building stim pattern for pattern_name 955
2026-02-13 13:11:48,298 - INFO - Building stim pattern for pattern_name 1621
2026-02-13 13:11:48,311 - INFO - Building stim pattern for pattern_name 1437
2026-02-13 13:11:48,323 - INFO - Building stim pattern for pattern_name 1614
2026-02-13 13:11:48,342 - INFO - Building stim pattern for pattern_name 112
2026-02-13 13:11:48,361 - INFO - Building stim pattern for pattern_name 2157
2026-02-13 13:11:48,372 - INFO - Building stim pattern for pattern_name 3809
2026-02-13 13:11:48,384 - INFO - Building stim pattern for pattern_name 1195
2026-02-13 13:11:48,395 - INFO - Building stim pattern for pattern_name 1267
2026-02-13 13:11:48,415 - INFO - Building stim pattern for pattern_name 3885
2026-02-13 13:11:48,427 - INFO - Building stim pattern for pattern_name 1049
2026-02-13 13:11:48,439 - INFO - Building stim pattern for pattern_name 2264
2026-02-13 13:11:48,451 - INFO - Building stim pattern for pattern_name 2603
2026-02-13 13:11:48,463 - INFO - Building stim pattern for pattern_name 2488
2026-02-13 13:11:48,475 - INFO - Building stim pattern for pattern_name 1280
2026-02-13 13:11:48,497 - INFO - Building stim pattern for pattern_name 2203
2026-02-13 13:11:48,509 - INFO - Building stim pattern for pattern_name 653
2026-02-13 13:11:48,520 - INFO - Building stim pattern for pattern_name 3600
2026-02-13 13:11:48,532 - INFO - Building stim pattern for pattern_name 1610
2026-02-13 13:11:48,544 - INFO - Building stim pattern for pattern_name 1540
2026-02-13 13:11:48,556 - INFO - Building stim pattern for pattern_name 2182
2026-02-13 13:11:48,575 - INFO - Building stim pattern for pattern_name 1976
2026-02-13 13:11:48,588 - INFO - Building stim pattern for pattern_name 1924
2026-02-13 13:11:48,606 - INFO - Building stim pattern for pattern_name 1630
2026-02-13 13:11:48,619 - INFO - Building stim pattern for pattern_name 521
2026-02-13 13:11:48,638 - INFO - Building stim pattern for pattern_name 1374
2026-02-13 13:11:48,660 - INFO - Building stim pattern for pattern_name 1932
2026-02-13 13:11:48,673 - INFO - Building stim pattern for pattern_name 694
2026-02-13 13:11:48,685 - INFO - Building stim pattern for pattern_name 2965
2026-02-13 13:11:48,696 - INFO - Building stim pattern for pattern_name 3358
2026-02-13 13:11:48,715 - INFO - Building stim pattern for pattern_name 2004
2026-02-13 13:11:48,772 - INFO - Building stim pattern for pattern_name 2578
2026-02-13 13:11:48,791 - INFO - Building stim pattern for pattern_name 2814
2026-02-13 13:11:48,804 - INFO - Building stim pattern for pattern_name 3974
2026-02-13 13:11:48,818 - INFO - Building stim pattern for pattern_name 3118
2026-02-13 13:11:48,841 - INFO - Building stim pattern for pattern_name 641
2026-02-13 13:11:48,857 - INFO - Building stim pattern for pattern_name 3516
2026-02-13 13:11:48,885 - INFO - Building stim pattern for pattern_name 1182
2026-02-13 13:11:48,901 - INFO - Building stim pattern for pattern_name 2694
2026-02-13 13:11:48,915 - INFO - Building stim pattern for pattern_name 3173
2026-02-13 13:11:48,927 - INFO - Building stim pattern for pattern_name 3565
2026-02-13 13:11:48,940 - INFO - Building stim pattern for pattern_name 2992
2026-02-13 13:11:48,953 - INFO - Building stim pattern for pattern_name 236
2026-02-13 13:11:48,964 - INFO - Building stim pattern for pattern_name 1238
2026-02-13 13:11:48,984 - INFO - Building stim pattern for pattern_name 321
2026-02-13 13:11:48,997 - INFO - Building stim pattern for pattern_name 3752
2026-02-13 13:11:49,017 - INFO - Building stim pattern for pattern_name 2779
2026-02-13 13:11:49,029 - INFO - Building stim pattern for pattern_name 1595
2026-02-13 13:11:49,047 - INFO - Building stim pattern for pattern_name 3637
2026-02-13 13:11:49,058 - INFO - Building stim pattern for pattern_name 511
2026-02-13 13:11:49,088 - INFO - Building stim pattern for pattern_name 2599
2026-02-13 13:11:49,100 - INFO - Building stim pattern for pattern_name 975
2026-02-13 13:11:49,113 - INFO - Building stim pattern for pattern_name 3190
2026-02-13 13:11:49,127 - INFO - Building stim pattern for pattern_name 3291
2026-02-13 13:11:49,140 - INFO - Building stim pattern for pattern_name 2763
2026-02-13 13:11:49,162 - INFO - Building stim pattern for pattern_name 2223
2026-02-13 13:11:49,174 - INFO - Building stim pattern for pattern_name 1430
2026-02-13 13:11:49,199 - INFO - Building stim pattern for pattern_name 2454
2026-02-13 13:11:49,219 - INFO - Building stim pattern for pattern_name 3017
2026-02-13 13:11:49,238 - INFO - Building stim pattern for pattern_name 646
2026-02-13 13:11:49,252 - INFO - Building stim pattern for pattern_name 497
2026-02-13 13:11:49,264 - INFO - Building stim pattern for pattern_name 1743
2026-02-13 13:11:49,276 - INFO - Building stim pattern for pattern_name 2034
2026-02-13 13:11:49,289 - INFO - Building stim pattern for pattern_name 1459
2026-02-13 13:11:49,302 - INFO - Building stim pattern for pattern_name 3241
2026-02-13 13:11:49,322 - INFO - Building stim pattern for pattern_name 3883
2026-02-13 13:11:49,335 - INFO - Building stim pattern for pattern_name 67
2026-02-13 13:11:49,348 - INFO - Building stim pattern for pattern_name 3871
2026-02-13 13:11:49,368 - INFO - Building stim pattern for pattern_name 1413
2026-02-13 13:11:49,381 - INFO - Building stim pattern for pattern_name 1758
2026-02-13 13:11:49,394 - INFO - Building stim pattern for pattern_name 2836
2026-02-13 13:11:49,408 - INFO - Building stim pattern for pattern_name 423
2026-02-13 13:11:49,422 - INFO - Building stim pattern for pattern_name 475
2026-02-13 13:11:49,436 - INFO - Building stim pattern for pattern_name 1640
2026-02-13 13:11:49,451 - INFO - Building stim pattern for pattern_name 132
2026-02-13 13:11:49,466 - INFO - Building stim pattern for pattern_name 1135
2026-02-13 13:11:49,490 - INFO - Building stim pattern for pattern_name 2510
2026-02-13 13:11:49,503 - INFO - Building stim pattern for pattern_name 1258
2026-02-13 13:11:49,516 - INFO - Building stim pattern for pattern_name 337
2026-02-13 13:11:49,545 - INFO - Building stim pattern for pattern_name 2595
2026-02-13 13:11:49,558 - INFO - Building stim pattern for pattern_name 1765
2026-02-13 13:11:49,571 - INFO - Building stim pattern for pattern_name 580
2026-02-13 13:11:49,583 - INFO - Building stim pattern for pattern_name 3895
2026-02-13 13:11:49,596 - INFO - Building stim pattern for pattern_name 2170
2026-02-13 13:11:49,608 - INFO - Building stim pattern for pattern_name 2394
2026-02-13 13:11:49,620 - INFO - Building stim pattern for pattern_name 3276
2026-02-13 13:11:49,670 - INFO - Building stim pattern for pattern_name 798
2026-02-13 13:11:49,702 - INFO - Building stim pattern for pattern_name 2706
2026-02-13 13:11:49,724 - INFO - Building stim pattern for pattern_name 2557
2026-02-13 13:11:49,738 - INFO - Building stim pattern for pattern_name 3606
2026-02-13 13:11:49,754 - INFO - Building stim pattern for pattern_name 2356
2026-02-13 13:11:49,768 - INFO - Building stim pattern for pattern_name 455
2026-02-13 13:11:49,781 - INFO - Building stim pattern for pattern_name 3335
2026-02-13 13:11:49,795 - INFO - Building stim pattern for pattern_name 1173
2026-02-13 13:11:49,808 - INFO - Building stim pattern for pattern_name 494
2026-02-13 13:11:49,823 - INFO - Building stim pattern for pattern_name 1973
2026-02-13 13:11:49,838 - INFO - Building stim pattern for pattern_name 2155
2026-02-13 13:11:49,850 - INFO - Building stim pattern for pattern_name 3801
2026-02-13 13:11:49,863 - INFO - Building stim pattern for pattern_name 2349
2026-02-13 13:11:49,875 - INFO - Building stim pattern for pattern_name 1130
2026-02-13 13:11:49,888 - INFO - Building stim pattern for pattern_name 968
2026-02-13 13:11:49,900 - INFO - Building stim pattern for pattern_name 1184
2026-02-13 13:11:49,913 - INFO - Building stim pattern for pattern_name 3124
2026-02-13 13:11:49,926 - INFO - Building stim pattern for pattern_name 1005
2026-02-13 13:11:49,939 - INFO - Building stim pattern for pattern_name 3132
2026-02-13 13:11:49,953 - INFO - Building stim pattern for pattern_name 453
2026-02-13 13:11:49,966 - INFO - Building stim pattern for pattern_name 3725
2026-02-13 13:11:49,979 - INFO - Building stim pattern for pattern_name 545
2026-02-13 13:11:49,993 - INFO - Building stim pattern for pattern_name 1084
2026-02-13 13:11:50,005 - INFO - Building stim pattern for pattern_name 2192
2026-02-13 13:11:50,020 - INFO - Building stim pattern for pattern_name 2384
2026-02-13 13:11:50,045 - INFO - Building stim pattern for pattern_name 3230
2026-02-13 13:11:50,060 - INFO - Building stim pattern for pattern_name 2956
2026-02-13 13:11:50,073 - INFO - Building stim pattern for pattern_name 1336
2026-02-13 13:11:50,087 - INFO - Building stim pattern for pattern_name 223
2026-02-13 13:11:50,115 - INFO - Building stim pattern for pattern_name 2281
2026-02-13 13:11:50,135 - INFO - Building stim pattern for pattern_name 233
2026-02-13 13:11:50,149 - INFO - Building stim pattern for pattern_name 2483
2026-02-13 13:11:50,177 - INFO - Building stim pattern for pattern_name 1232
2026-02-13 13:11:50,190 - INFO - Building stim pattern for pattern_name 581
2026-02-13 13:11:50,221 - INFO - Building stim pattern for pattern_name 3923
2026-02-13 13:11:50,237 - INFO - Building stim pattern for pattern_name 353
2026-02-13 13:11:50,252 - INFO - Building stim pattern for pattern_name 1240
2026-02-13 13:11:50,265 - INFO - Building stim pattern for pattern_name 2112
2026-02-13 13:11:50,277 - INFO - Building stim pattern for pattern_name 2628
2026-02-13 13:11:50,291 - INFO - Building stim pattern for pattern_name 923
2026-02-13 13:11:50,304 - INFO - Building stim pattern for pattern_name 1531
2026-02-13 13:11:50,316 - INFO - Building stim pattern for pattern_name 542
2026-02-13 13:11:50,329 - INFO - Building stim pattern for pattern_name 3148
2026-02-13 13:11:50,341 - INFO - Building stim pattern for pattern_name 1350
2026-02-13 13:11:50,354 - INFO - Building stim pattern for pattern_name 2330
2026-02-13 13:11:50,377 - INFO - Building stim pattern for pattern_name 3901
2026-02-13 13:11:50,390 - INFO - Building stim pattern for pattern_name 1506
2026-02-13 13:11:50,402 - INFO - Building stim pattern for pattern_name 2751
2026-02-13 13:11:50,417 - INFO - Building stim pattern for pattern_name 2494
2026-02-13 13:11:50,429 - INFO - Building stim pattern for pattern_name 2313
2026-02-13 13:11:50,439 - INFO - Building stim pattern for pattern_name 433
2026-02-13 13:11:50,459 - INFO - Building stim pattern for pattern_name 859
2026-02-13 13:11:50,479 - INFO - Building stim pattern for pattern_name 3909
2026-02-13 13:11:50,490 - INFO - Building stim pattern for pattern_name 3822
2026-02-13 13:11:50,504 - INFO - Building stim pattern for pattern_name 3048
2026-02-13 13:11:50,517 - INFO - Building stim pattern for pattern_name 979
2026-02-13 13:11:50,556 - INFO - Building stim pattern for pattern_name 3096
2026-02-13 13:11:50,582 - INFO - Building stim pattern for pattern_name 2661
2026-02-13 13:11:50,597 - INFO - Building stim pattern for pattern_name 1724
2026-02-13 13:11:50,610 - INFO - Building stim pattern for pattern_name 1157
2026-02-13 13:11:50,633 - INFO - Building stim pattern for pattern_name 3103
2026-02-13 13:11:50,646 - INFO - Building stim pattern for pattern_name 1856
2026-02-13 13:11:50,666 - INFO - Building stim pattern for pattern_name 5
2026-02-13 13:11:50,689 - INFO - Building stim pattern for pattern_name 1861
2026-02-13 13:11:50,703 - INFO - Building stim pattern for pattern_name 3996
2026-02-13 13:11:50,720 - INFO - Building stim pattern for pattern_name 3071
2026-02-13 13:11:50,742 - INFO - Building stim pattern for pattern_name 2522
2026-02-13 13:11:50,770 - INFO - Building stim pattern for pattern_name 3405
2026-02-13 13:11:50,782 - INFO - Building stim pattern for pattern_name 1960
2026-02-13 13:11:50,795 - INFO - Building stim pattern for pattern_name 988
2026-02-13 13:11:50,810 - INFO - Building stim pattern for pattern_name 2444
2026-02-13 13:11:50,823 - INFO - Building stim pattern for pattern_name 1893
2026-02-13 13:11:50,835 - INFO - Building stim pattern for pattern_name 3740
2026-02-13 13:11:50,850 - INFO - Building stim pattern for pattern_name 1709
2026-02-13 13:11:50,863 - INFO - Building stim pattern for pattern_name 1281
2026-02-13 13:11:50,884 - INFO - Building stim pattern for pattern_name 2062
2026-02-13 13:11:50,896 - INFO - Building stim pattern for pattern_name 1168
2026-02-13 13:11:50,907 - INFO - Building stim pattern for pattern_name 2467
2026-02-13 13:11:50,921 - INFO - Building stim pattern for pattern_name 1102
2026-02-13 13:11:50,934 - INFO - Building stim pattern for pattern_name 444
2026-02-13 13:11:50,946 - INFO - Building stim pattern for pattern_name 691
2026-02-13 13:11:50,960 - INFO - Building stim pattern for pattern_name 339
2026-02-13 13:11:50,974 - INFO - Building stim pattern for pattern_name 2573
2026-02-13 13:11:50,987 - INFO - Building stim pattern for pattern_name 1855
2026-02-13 13:11:50,999 - INFO - Building stim pattern for pattern_name 1341
2026-02-13 13:11:51,022 - INFO - Building stim pattern for pattern_name 2563
2026-02-13 13:11:51,033 - INFO - Building stim pattern for pattern_name 2930
2026-02-13 13:11:51,046 - INFO - Building stim pattern for pattern_name 3661
2026-02-13 13:11:51,067 - INFO - Building stim pattern for pattern_name 800
2026-02-13 13:11:51,079 - INFO - Building stim pattern for pattern_name 1285
2026-02-13 13:11:51,098 - INFO - Building stim pattern for pattern_name 76
2026-02-13 13:11:51,111 - INFO - Building stim pattern for pattern_name 1239
2026-02-13 13:11:51,124 - INFO - Building stim pattern for pattern_name 1440
2026-02-13 13:11:51,137 - INFO - Building stim pattern for pattern_name 588
2026-02-13 13:11:51,149 - INFO - Building stim pattern for pattern_name 1248
2026-02-13 13:11:51,162 - INFO - Building stim pattern for pattern_name 2095
2026-02-13 13:11:51,175 - INFO - Building stim pattern for pattern_name 256
2026-02-13 13:11:51,187 - INFO - Building stim pattern for pattern_name 3199
2026-02-13 13:11:51,198 - INFO - Building stim pattern for pattern_name 3628
2026-02-13 13:11:51,211 - INFO - Building stim pattern for pattern_name 1934
2026-02-13 13:11:51,224 - INFO - Building stim pattern for pattern_name 3842
2026-02-13 13:11:51,239 - INFO - Building stim pattern for pattern_name 877
2026-02-13 13:11:51,254 - INFO - Building stim pattern for pattern_name 2876
2026-02-13 13:11:51,266 - INFO - Building stim pattern for pattern_name 3798
2026-02-13 13:11:51,278 - INFO - Building stim pattern for pattern_name 212
2026-02-13 13:11:51,291 - INFO - Building stim pattern for pattern_name 1502
2026-02-13 13:11:51,304 - INFO - Building stim pattern for pattern_name 3441
2026-02-13 13:11:51,316 - INFO - Building stim pattern for pattern_name 1287
2026-02-13 13:11:51,328 - INFO - Building stim pattern for pattern_name 1569
2026-02-13 13:11:51,341 - INFO - Building stim pattern for pattern_name 663
2026-02-13 13:11:51,356 - INFO - Building stim pattern for pattern_name 875
2026-02-13 13:11:51,371 - INFO - Building stim pattern for pattern_name 2491
2026-02-13 13:11:51,432 - INFO - Building stim pattern for pattern_name 460
2026-02-13 13:11:51,457 - INFO - Building stim pattern for pattern_name 3905
2026-02-13 13:11:51,471 - INFO - Building stim pattern for pattern_name 1933
2026-02-13 13:11:51,484 - INFO - Building stim pattern for pattern_name 3935
2026-02-13 13:11:51,497 - INFO - Building stim pattern for pattern_name 1382
2026-02-13 13:11:51,510 - INFO - Building stim pattern for pattern_name 6
2026-02-13 13:11:51,524 - INFO - Building stim pattern for pattern_name 574
2026-02-13 13:11:51,539 - INFO - Building stim pattern for pattern_name 3774
2026-02-13 13:11:51,553 - INFO - Building stim pattern for pattern_name 185
2026-02-13 13:11:51,566 - INFO - Building stim pattern for pattern_name 1178
2026-02-13 13:11:51,593 - INFO - Building stim pattern for pattern_name 3481
2026-02-13 13:11:51,611 - INFO - Building stim pattern for pattern_name 1572
2026-02-13 13:11:51,625 - INFO - Building stim pattern for pattern_name 2496
2026-02-13 13:11:51,639 - INFO - Building stim pattern for pattern_name 912
2026-02-13 13:11:51,652 - INFO - Building stim pattern for pattern_name 183
2026-02-13 13:11:51,665 - INFO - Building stim pattern for pattern_name 844
2026-02-13 13:11:51,686 - INFO - Building stim pattern for pattern_name 2716
2026-02-13 13:11:51,723 - INFO - Building stim pattern for pattern_name 2734
2026-02-13 13:11:51,738 - INFO - Building stim pattern for pattern_name 618
2026-02-13 13:11:51,751 - INFO - Building stim pattern for pattern_name 332
2026-02-13 13:11:51,763 - INFO - Building stim pattern for pattern_name 2078
2026-02-13 13:11:51,784 - INFO - Building stim pattern for pattern_name 1754
2026-02-13 13:11:51,796 - INFO - Building stim pattern for pattern_name 1756
2026-02-13 13:11:51,808 - INFO - Building stim pattern for pattern_name 1512
2026-02-13 13:11:51,829 - INFO - Building stim pattern for pattern_name 24
2026-02-13 13:11:51,841 - INFO - Building stim pattern for pattern_name 146
2026-02-13 13:11:51,857 - INFO - Building stim pattern for pattern_name 721
2026-02-13 13:11:51,873 - INFO - Building stim pattern for pattern_name 3808
2026-02-13 13:11:51,889 - INFO - Building stim pattern for pattern_name 2910
2026-02-13 13:11:51,903 - INFO - Building stim pattern for pattern_name 3605
2026-02-13 13:11:51,918 - INFO - Building stim pattern for pattern_name 3020
2026-02-13 13:11:51,933 - INFO - Building stim pattern for pattern_name 472
2026-02-13 13:11:51,946 - INFO - Building stim pattern for pattern_name 2303
2026-02-13 13:11:51,960 - INFO - Building stim pattern for pattern_name 3143
2026-02-13 13:11:51,973 - INFO - Building stim pattern for pattern_name 1462
2026-02-13 13:11:51,990 - INFO - Building stim pattern for pattern_name 245
2026-02-13 13:11:52,005 - INFO - Building stim pattern for pattern_name 3150
2026-02-13 13:11:52,019 - INFO - Building stim pattern for pattern_name 525
2026-02-13 13:11:52,041 - INFO - Building stim pattern for pattern_name 2098
2026-02-13 13:11:52,054 - INFO - Building stim pattern for pattern_name 1613
2026-02-13 13:11:52,078 - INFO - Building stim pattern for pattern_name 3468
2026-02-13 13:11:52,092 - INFO - Building stim pattern for pattern_name 3583
2026-02-13 13:11:52,107 - INFO - Building stim pattern for pattern_name 1841
2026-02-13 13:11:52,122 - INFO - Building stim pattern for pattern_name 657
2026-02-13 13:11:52,138 - INFO - Building stim pattern for pattern_name 2954
2026-02-13 13:11:52,153 - INFO - Building stim pattern for pattern_name 2727
2026-02-13 13:11:52,178 - INFO - Building stim pattern for pattern_name 1223
2026-02-13 13:11:52,197 - INFO - Building stim pattern for pattern_name 318
2026-02-13 13:11:52,209 - INFO - Building stim pattern for pattern_name 614
2026-02-13 13:11:52,223 - INFO - Building stim pattern for pattern_name 2065
2026-02-13 13:11:52,236 - INFO - Building stim pattern for pattern_name 2711
2026-02-13 13:11:52,256 - INFO - Building stim pattern for pattern_name 1868
2026-02-13 13:11:52,269 - INFO - Building stim pattern for pattern_name 802
2026-02-13 13:11:52,282 - INFO - Building stim pattern for pattern_name 2850
2026-02-13 13:11:52,295 - INFO - Building stim pattern for pattern_name 3106
2026-02-13 13:11:52,325 - INFO - Building stim pattern for pattern_name 3271
2026-02-13 13:11:52,360 - INFO - Building stim pattern for pattern_name 3951
2026-02-13 13:11:52,388 - INFO - Building stim pattern for pattern_name 1077
2026-02-13 13:11:52,405 - INFO - Building stim pattern for pattern_name 960
2026-02-13 13:11:52,429 - INFO - Building stim pattern for pattern_name 3489
2026-02-13 13:11:52,443 - INFO - Building stim pattern for pattern_name 2809
2026-02-13 13:11:52,458 - INFO - Building stim pattern for pattern_name 917
2026-02-13 13:11:52,472 - INFO - Building stim pattern for pattern_name 1991
2026-02-13 13:11:52,485 - INFO - Building stim pattern for pattern_name 3987
2026-02-13 13:11:52,514 - INFO - Building stim pattern for pattern_name 3308
2026-02-13 13:11:52,528 - INFO - Building stim pattern for pattern_name 1014
2026-02-13 13:11:52,542 - INFO - Building stim pattern for pattern_name 1054
2026-02-13 13:11:52,557 - INFO - Building stim pattern for pattern_name 937
2026-02-13 13:11:52,570 - INFO - Building stim pattern for pattern_name 127
2026-02-13 13:11:52,582 - INFO - Building stim pattern for pattern_name 1063
2026-02-13 13:11:52,605 - INFO - Building stim pattern for pattern_name 179
2026-02-13 13:11:52,620 - INFO - Building stim pattern for pattern_name 409
2026-02-13 13:11:52,632 - INFO - Building stim pattern for pattern_name 2659
2026-02-13 13:11:52,645 - INFO - Building stim pattern for pattern_name 1561
2026-02-13 13:11:52,659 - INFO - Building stim pattern for pattern_name 1624
2026-02-13 13:11:52,673 - INFO - Building stim pattern for pattern_name 3751
2026-02-13 13:11:52,690 - INFO - Building stim pattern for pattern_name 3426
2026-02-13 13:11:52,724 - INFO - Building stim pattern for pattern_name 849
2026-02-13 13:11:52,737 - INFO - Building stim pattern for pattern_name 3710
2026-02-13 13:11:52,750 - INFO - Building stim pattern for pattern_name 1936
2026-02-13 13:11:52,772 - INFO - Building stim pattern for pattern_name 3177
2026-02-13 13:11:52,784 - INFO - Building stim pattern for pattern_name 3862
2026-02-13 13:11:52,796 - INFO - Building stim pattern for pattern_name 3104
2026-02-13 13:11:52,808 - INFO - Building stim pattern for pattern_name 2010
2026-02-13 13:11:52,821 - INFO - Building stim pattern for pattern_name 15
2026-02-13 13:11:52,842 - INFO - Building stim pattern for pattern_name 488
2026-02-13 13:11:52,864 - INFO - Building stim pattern for pattern_name 507
2026-02-13 13:11:52,876 - INFO - Building stim pattern for pattern_name 1670
2026-02-13 13:11:52,889 - INFO - Building stim pattern for pattern_name 3207
2026-02-13 13:11:52,901 - INFO - Building stim pattern for pattern_name 3350
2026-02-13 13:11:52,914 - INFO - Building stim pattern for pattern_name 518
2026-02-13 13:11:52,934 - INFO - Building stim pattern for pattern_name 1536
2026-02-13 13:11:52,947 - INFO - Building stim pattern for pattern_name 3707
2026-02-13 13:11:52,961 - INFO - Building stim pattern for pattern_name 2658
2026-02-13 13:11:52,977 - INFO - Building stim pattern for pattern_name 3648
2026-02-13 13:11:52,991 - INFO - Building stim pattern for pattern_name 4000
2026-02-13 13:11:53,003 - INFO - Building stim pattern for pattern_name 3353
2026-02-13 13:11:53,017 - INFO - Building stim pattern for pattern_name 1172
2026-02-13 13:11:53,030 - INFO - Building stim pattern for pattern_name 1270
2026-02-13 13:11:53,044 - INFO - Building stim pattern for pattern_name 281
2026-02-13 13:11:53,058 - INFO - Building stim pattern for pattern_name 579
2026-02-13 13:11:53,074 - INFO - Building stim pattern for pattern_name 3125
2026-02-13 13:11:53,100 - INFO - Building stim pattern for pattern_name 273
2026-02-13 13:11:53,112 - INFO - Building stim pattern for pattern_name 1313
2026-02-13 13:11:53,128 - INFO - Building stim pattern for pattern_name 1345
2026-02-13 13:11:53,144 - INFO - Building stim pattern for pattern_name 888
2026-02-13 13:11:53,161 - INFO - Building stim pattern for pattern_name 2523
2026-02-13 13:11:53,177 - INFO - Building stim pattern for pattern_name 2855
2026-02-13 13:11:53,192 - INFO - Building stim pattern for pattern_name 2527
2026-02-13 13:11:53,209 - INFO - Building stim pattern for pattern_name 2546
2026-02-13 13:11:53,223 - INFO - Building stim pattern for pattern_name 3930
2026-02-13 13:11:53,272 - INFO - Building stim pattern for pattern_name 2174
2026-02-13 13:11:53,302 - INFO - Building stim pattern for pattern_name 2134
2026-02-13 13:11:53,317 - INFO - Building stim pattern for pattern_name 2213
2026-02-13 13:11:53,334 - INFO - Building stim pattern for pattern_name 2291
2026-02-13 13:11:53,349 - INFO - Building stim pattern for pattern_name 3530
2026-02-13 13:11:53,375 - INFO - Building stim pattern for pattern_name 2169
2026-02-13 13:11:53,391 - INFO - Building stim pattern for pattern_name 2657
2026-02-13 13:11:53,408 - INFO - Building stim pattern for pattern_name 3533
2026-02-13 13:11:53,423 - INFO - Building stim pattern for pattern_name 3474
2026-02-13 13:11:53,439 - INFO - Building stim pattern for pattern_name 125
2026-02-13 13:11:53,464 - INFO - Building stim pattern for pattern_name 3300
2026-02-13 13:11:53,478 - INFO - Building stim pattern for pattern_name 3209
2026-02-13 13:11:53,501 - INFO - Building stim pattern for pattern_name 668
2026-02-13 13:11:53,518 - INFO - Building stim pattern for pattern_name 1823
2026-02-13 13:11:53,534 - INFO - Building stim pattern for pattern_name 1786
2026-02-13 13:11:53,547 - INFO - Building stim pattern for pattern_name 31
2026-02-13 13:11:53,560 - INFO - Building stim pattern for pattern_name 1132
2026-02-13 13:11:53,586 - INFO - Building stim pattern for pattern_name 1293
2026-02-13 13:11:53,599 - INFO - Building stim pattern for pattern_name 2007
2026-02-13 13:11:53,622 - INFO - Building stim pattern for pattern_name 1047
2026-02-13 13:11:53,635 - INFO - Building stim pattern for pattern_name 1935
2026-02-13 13:11:53,652 - INFO - Building stim pattern for pattern_name 1663
2026-02-13 13:11:53,686 - INFO - Building stim pattern for pattern_name 248
2026-02-13 13:11:53,699 - INFO - Building stim pattern for pattern_name 462
2026-02-13 13:11:53,712 - INFO - Building stim pattern for pattern_name 1410
2026-02-13 13:11:53,734 - INFO - Building stim pattern for pattern_name 155
2026-02-13 13:11:53,746 - INFO - Building stim pattern for pattern_name 3455
2026-02-13 13:11:53,759 - INFO - Building stim pattern for pattern_name 3062
2026-02-13 13:11:53,772 - INFO - Building stim pattern for pattern_name 225
2026-02-13 13:11:53,795 - INFO - Building stim pattern for pattern_name 211
2026-02-13 13:11:53,808 - INFO - Building stim pattern for pattern_name 1058
2026-02-13 13:11:53,824 - INFO - Building stim pattern for pattern_name 3374
2026-02-13 13:11:53,841 - INFO - Building stim pattern for pattern_name 2828
2026-02-13 13:11:53,864 - INFO - Building stim pattern for pattern_name 2302
2026-02-13 13:11:53,893 - INFO - Building stim pattern for pattern_name 3511
2026-02-13 13:11:53,915 - INFO - Building stim pattern for pattern_name 2249
2026-02-13 13:11:53,929 - INFO - Building stim pattern for pattern_name 1377
2026-02-13 13:11:53,943 - INFO - Building stim pattern for pattern_name 3711
2026-02-13 13:11:53,960 - INFO - Building stim pattern for pattern_name 939
2026-02-13 13:11:53,976 - INFO - Building stim pattern for pattern_name 3447
2026-02-13 13:11:53,993 - INFO - Building stim pattern for pattern_name 1087
2026-02-13 13:11:54,006 - INFO - Building stim pattern for pattern_name 2572
2026-02-13 13:11:54,019 - INFO - Building stim pattern for pattern_name 207
2026-02-13 13:11:54,035 - INFO - Building stim pattern for pattern_name 651
2026-02-13 13:11:54,047 - INFO - Building stim pattern for pattern_name 3216
2026-02-13 13:11:54,060 - INFO - Building stim pattern for pattern_name 3602
2026-02-13 13:11:54,073 - INFO - Building stim pattern for pattern_name 3027
2026-02-13 13:11:54,095 - INFO - Building stim pattern for pattern_name 1265
2026-02-13 13:11:54,108 - INFO - Building stim pattern for pattern_name 1059
2026-02-13 13:11:54,128 - INFO - Building stim pattern for pattern_name 532
2026-02-13 13:11:54,141 - INFO - Building stim pattern for pattern_name 740
2026-02-13 13:11:54,160 - INFO - Building stim pattern for pattern_name 1096
2026-02-13 13:11:54,182 - INFO - Building stim pattern for pattern_name 692
2026-02-13 13:11:54,195 - INFO - Building stim pattern for pattern_name 3332
2026-02-13 13:11:54,210 - INFO - Building stim pattern for pattern_name 3969
2026-02-13 13:11:54,273 - INFO - Building stim pattern for pattern_name 1787
2026-02-13 13:11:54,292 - INFO - Building stim pattern for pattern_name 3452
2026-02-13 13:11:54,311 - INFO - Building stim pattern for pattern_name 3183
2026-02-13 13:11:54,329 - INFO - Building stim pattern for pattern_name 1006
2026-02-13 13:11:54,344 - INFO - Building stim pattern for pattern_name 2431
2026-02-13 13:11:54,360 - INFO - Building stim pattern for pattern_name 1689
2026-02-13 13:11:54,375 - INFO - Building stim pattern for pattern_name 1118
2026-02-13 13:11:54,389 - INFO - Building stim pattern for pattern_name 3786
2026-02-13 13:11:54,403 - INFO - Building stim pattern for pattern_name 2407
2026-02-13 13:11:54,426 - INFO - Building stim pattern for pattern_name 1863
2026-02-13 13:11:54,440 - INFO - Building stim pattern for pattern_name 1311
2026-02-13 13:11:54,455 - INFO - Building stim pattern for pattern_name 3957
2026-02-13 13:11:54,470 - INFO - Building stim pattern for pattern_name 1525
2026-02-13 13:11:54,483 - INFO - Building stim pattern for pattern_name 37
2026-02-13 13:11:54,511 - INFO - Building stim pattern for pattern_name 476
2026-02-13 13:11:54,526 - INFO - Building stim pattern for pattern_name 2081
2026-02-13 13:11:54,549 - INFO - Building stim pattern for pattern_name 3811
2026-02-13 13:11:54,562 - INFO - Building stim pattern for pattern_name 2827
2026-02-13 13:11:54,575 - INFO - Building stim pattern for pattern_name 2398
2026-02-13 13:11:54,588 - INFO - Building stim pattern for pattern_name 3239
2026-02-13 13:11:54,612 - INFO - Building stim pattern for pattern_name 139
2026-02-13 13:11:54,628 - INFO - Building stim pattern for pattern_name 1510
2026-02-13 13:11:54,641 - INFO - Building stim pattern for pattern_name 3810
2026-02-13 13:11:54,656 - INFO - Building stim pattern for pattern_name 1966
2026-02-13 13:11:54,673 - INFO - Building stim pattern for pattern_name 1593
2026-02-13 13:11:54,696 - INFO - Building stim pattern for pattern_name 1518
2026-02-13 13:11:54,710 - INFO - Building stim pattern for pattern_name 1395
2026-02-13 13:11:54,724 - INFO - Building stim pattern for pattern_name 3832
2026-02-13 13:11:54,738 - INFO - Building stim pattern for pattern_name 1326
2026-02-13 13:11:54,750 - INFO - Building stim pattern for pattern_name 3208
2026-02-13 13:11:54,773 - INFO - Building stim pattern for pattern_name 2319
2026-02-13 13:11:54,786 - INFO - Building stim pattern for pattern_name 2615
2026-02-13 13:11:54,799 - INFO - Building stim pattern for pattern_name 1117
2026-02-13 13:11:54,813 - INFO - Building stim pattern for pattern_name 1967
2026-02-13 13:11:54,825 - INFO - Building stim pattern for pattern_name 2692
2026-02-13 13:11:54,839 - INFO - Building stim pattern for pattern_name 2415
2026-02-13 13:11:54,853 - INFO - Building stim pattern for pattern_name 378
2026-02-13 13:11:54,866 - INFO - Building stim pattern for pattern_name 3163
2026-02-13 13:11:54,879 - INFO - Building stim pattern for pattern_name 1407
2026-02-13 13:11:54,894 - INFO - Building stim pattern for pattern_name 1340
2026-02-13 13:11:54,908 - INFO - Building stim pattern for pattern_name 2555
2026-02-13 13:11:54,921 - INFO - Building stim pattern for pattern_name 3820
2026-02-13 13:11:54,945 - INFO - Building stim pattern for pattern_name 3948
2026-02-13 13:11:54,959 - INFO - Building stim pattern for pattern_name 3127
2026-02-13 13:11:54,972 - INFO - Building stim pattern for pattern_name 1442
2026-02-13 13:11:54,994 - INFO - Building stim pattern for pattern_name 3488
2026-02-13 13:11:55,023 - INFO - Building stim pattern for pattern_name 2732
2026-02-13 13:11:55,049 - INFO - Building stim pattern for pattern_name 2475
2026-02-13 13:11:55,062 - INFO - Building stim pattern for pattern_name 3575
2026-02-13 13:11:55,078 - INFO - Building stim pattern for pattern_name 924
2026-02-13 13:11:55,092 - INFO - Building stim pattern for pattern_name 3915
2026-02-13 13:11:55,105 - INFO - Building stim pattern for pattern_name 3262
2026-02-13 13:11:55,118 - INFO - Building stim pattern for pattern_name 2397
2026-02-13 13:11:55,151 - INFO - Building stim pattern for pattern_name 3180
2026-02-13 13:11:55,164 - INFO - Building stim pattern for pattern_name 1167
2026-02-13 13:11:55,244 - INFO - Building stim pattern for pattern_name 1097
2026-02-13 13:11:55,267 - INFO - Building stim pattern for pattern_name 3705
2026-02-13 13:11:55,285 - INFO - Building stim pattern for pattern_name 2106
2026-02-13 13:11:55,316 - INFO - Building stim pattern for pattern_name 3101
2026-02-13 13:11:55,332 - INFO - Building stim pattern for pattern_name 1618
2026-02-13 13:11:55,345 - INFO - Building stim pattern for pattern_name 1353
2026-02-13 13:11:55,360 - INFO - Building stim pattern for pattern_name 1402
2026-02-13 13:11:55,377 - INFO - Building stim pattern for pattern_name 976
2026-02-13 13:11:55,401 - INFO - Building stim pattern for pattern_name 1783
2026-02-13 13:11:55,414 - INFO - Building stim pattern for pattern_name 1275
2026-02-13 13:11:55,430 - INFO - Building stim pattern for pattern_name 1950
2026-02-13 13:11:55,446 - INFO - Building stim pattern for pattern_name 2888
2026-02-13 13:11:55,461 - INFO - Building stim pattern for pattern_name 724
2026-02-13 13:11:55,473 - INFO - Building stim pattern for pattern_name 395
2026-02-13 13:11:55,487 - INFO - Building stim pattern for pattern_name 1090
2026-02-13 13:11:55,503 - INFO - Building stim pattern for pattern_name 957
2026-02-13 13:11:55,518 - INFO - Building stim pattern for pattern_name 728
2026-02-13 13:11:55,531 - INFO - Building stim pattern for pattern_name 546
2026-02-13 13:11:55,545 - INFO - Building stim pattern for pattern_name 210
2026-02-13 13:11:55,567 - INFO - Building stim pattern for pattern_name 3880
2026-02-13 13:11:55,581 - INFO - Building stim pattern for pattern_name 1819
2026-02-13 13:11:55,594 - INFO - Building stim pattern for pattern_name 1771
2026-02-13 13:11:55,606 - INFO - Building stim pattern for pattern_name 1963
2026-02-13 13:11:55,619 - INFO - Building stim pattern for pattern_name 246
2026-02-13 13:11:55,632 - INFO - Building stim pattern for pattern_name 252
2026-02-13 13:11:55,657 - INFO - Building stim pattern for pattern_name 1496
2026-02-13 13:11:55,670 - INFO - Building stim pattern for pattern_name 509
2026-02-13 13:11:55,686 - INFO - Building stim pattern for pattern_name 549
2026-02-13 13:11:55,700 - INFO - Building stim pattern for pattern_name 3633
2026-02-13 13:11:55,722 - INFO - Building stim pattern for pattern_name 3695
2026-02-13 13:11:55,736 - INFO - Building stim pattern for pattern_name 512
2026-02-13 13:11:55,751 - INFO - Building stim pattern for pattern_name 809
2026-02-13 13:11:55,767 - INFO - Building stim pattern for pattern_name 980
2026-02-13 13:11:55,779 - INFO - Building stim pattern for pattern_name 1675
2026-02-13 13:11:55,792 - INFO - Building stim pattern for pattern_name 2683
2026-02-13 13:11:55,805 - INFO - Building stim pattern for pattern_name 1647
2026-02-13 13:11:55,818 - INFO - Building stim pattern for pattern_name 2200
2026-02-13 13:11:55,831 - INFO - Building stim pattern for pattern_name 846
2026-02-13 13:11:55,844 - INFO - Building stim pattern for pattern_name 3092
2026-02-13 13:11:55,858 - INFO - Building stim pattern for pattern_name 2437
2026-02-13 13:11:55,872 - INFO - Building stim pattern for pattern_name 2741
2026-02-13 13:11:55,888 - INFO - Building stim pattern for pattern_name 2245
2026-02-13 13:11:55,904 - INFO - Building stim pattern for pattern_name 585
2026-02-13 13:11:55,920 - INFO - Building stim pattern for pattern_name 1726
2026-02-13 13:11:55,936 - INFO - Building stim pattern for pattern_name 3939
2026-02-13 13:11:55,957 - INFO - Building stim pattern for pattern_name 737
2026-02-13 13:11:55,972 - INFO - Building stim pattern for pattern_name 342
2026-02-13 13:11:55,988 - INFO - Building stim pattern for pattern_name 1591
2026-02-13 13:11:56,000 - INFO - Building stim pattern for pattern_name 2720
2026-02-13 13:11:56,013 - INFO - Building stim pattern for pattern_name 2857
2026-02-13 13:11:56,028 - INFO - Building stim pattern for pattern_name 1457
2026-02-13 13:11:56,043 - INFO - Building stim pattern for pattern_name 1781
2026-02-13 13:11:56,067 - INFO - Building stim pattern for pattern_name 3254
2026-02-13 13:11:56,080 - INFO - Building stim pattern for pattern_name 1809
2026-02-13 13:11:56,136 - INFO - Building stim pattern for pattern_name 3327
2026-02-13 13:11:56,158 - INFO - Building stim pattern for pattern_name 1492
2026-02-13 13:11:56,172 - INFO - Building stim pattern for pattern_name 3844
2026-02-13 13:11:56,189 - INFO - Building stim pattern for pattern_name 2156
2026-02-13 13:11:56,205 - INFO - Building stim pattern for pattern_name 2636
2026-02-13 13:11:56,220 - INFO - Building stim pattern for pattern_name 609
2026-02-13 13:11:56,233 - INFO - Building stim pattern for pattern_name 203
2026-02-13 13:11:56,249 - INFO - Building stim pattern for pattern_name 3270
2026-02-13 13:11:56,284 - INFO - Building stim pattern for pattern_name 1203
2026-02-13 13:11:56,297 - INFO - Building stim pattern for pattern_name 2409
2026-02-13 13:11:56,312 - INFO - Building stim pattern for pattern_name 1723
2026-02-13 13:11:56,325 - INFO - Building stim pattern for pattern_name 3988
2026-02-13 13:11:56,340 - INFO - Building stim pattern for pattern_name 1524
2026-02-13 13:11:56,356 - INFO - Building stim pattern for pattern_name 2094
2026-02-13 13:11:56,385 - INFO - Building stim pattern for pattern_name 1873
2026-02-13 13:11:56,400 - INFO - Building stim pattern for pattern_name 322
2026-02-13 13:11:56,422 - INFO - Building stim pattern for pattern_name 2567
2026-02-13 13:11:56,439 - INFO - Building stim pattern for pattern_name 2602
2026-02-13 13:11:56,463 - INFO - Building stim pattern for pattern_name 1246
2026-02-13 13:11:56,489 - INFO - Building stim pattern for pattern_name 3785
2026-02-13 13:11:56,505 - INFO - Building stim pattern for pattern_name 2347
2026-02-13 13:11:56,519 - INFO - Building stim pattern for pattern_name 3537
2026-02-13 13:11:56,542 - INFO - Building stim pattern for pattern_name 2672
2026-02-13 13:11:56,556 - INFO - Building stim pattern for pattern_name 489
2026-02-13 13:11:56,572 - INFO - Building stim pattern for pattern_name 2456
2026-02-13 13:11:56,585 - INFO - Building stim pattern for pattern_name 1427
2026-02-13 13:11:56,612 - INFO - Building stim pattern for pattern_name 1337
2026-02-13 13:11:56,625 - INFO - Building stim pattern for pattern_name 1559
2026-02-13 13:11:56,647 - INFO - Building stim pattern for pattern_name 1838
2026-02-13 13:11:56,662 - INFO - Building stim pattern for pattern_name 679
2026-02-13 13:11:56,680 - INFO - Building stim pattern for pattern_name 3145
2026-02-13 13:11:56,695 - INFO - Building stim pattern for pattern_name 1021
2026-02-13 13:11:56,741 - INFO - Building stim pattern for pattern_name 403
2026-02-13 13:11:56,760 - INFO - Building stim pattern for pattern_name 3580
2026-02-13 13:11:56,776 - INFO - Building stim pattern for pattern_name 3603
2026-02-13 13:11:56,789 - INFO - Building stim pattern for pattern_name 998
2026-02-13 13:11:56,804 - INFO - Building stim pattern for pattern_name 3666
2026-02-13 13:11:56,817 - INFO - Building stim pattern for pattern_name 3311
2026-02-13 13:11:56,864 - INFO - Building stim pattern for pattern_name 3005
2026-02-13 13:11:56,880 - INFO - Building stim pattern for pattern_name 2562
2026-02-13 13:11:56,893 - INFO - Building stim pattern for pattern_name 1176
2026-02-13 13:11:56,906 - INFO - Building stim pattern for pattern_name 2405
2026-02-13 13:11:56,921 - INFO - Building stim pattern for pattern_name 2908
2026-02-13 13:11:56,935 - INFO - Building stim pattern for pattern_name 326
2026-02-13 13:11:56,959 - INFO - Building stim pattern for pattern_name 2025
2026-02-13 13:11:56,972 - INFO - Building stim pattern for pattern_name 1255
2026-02-13 13:11:56,985 - INFO - Building stim pattern for pattern_name 418
2026-02-13 13:11:56,999 - INFO - Building stim pattern for pattern_name 1651
2026-02-13 13:11:57,036 - INFO - Building stim pattern for pattern_name 3087
2026-02-13 13:11:57,049 - INFO - Building stim pattern for pattern_name 2736
2026-02-13 13:11:57,064 - INFO - Building stim pattern for pattern_name 891
2026-02-13 13:11:57,076 - INFO - Building stim pattern for pattern_name 2308
2026-02-13 13:11:57,089 - INFO - Building stim pattern for pattern_name 2558
2026-02-13 13:11:57,102 - INFO - Building stim pattern for pattern_name 2032
2026-02-13 13:11:57,115 - INFO - Building stim pattern for pattern_name 2641
2026-02-13 13:11:57,170 - INFO - Building stim pattern for pattern_name 240
2026-02-13 13:11:57,188 - INFO - Building stim pattern for pattern_name 1530
2026-02-13 13:11:57,224 - INFO - Building stim pattern for pattern_name 592
2026-02-13 13:11:57,236 - INFO - Building stim pattern for pattern_name 2400
2026-02-13 13:11:57,251 - INFO - Building stim pattern for pattern_name 2705
2026-02-13 13:11:57,265 - INFO - Building stim pattern for pattern_name 654
2026-02-13 13:11:57,279 - INFO - Building stim pattern for pattern_name 3107
2026-02-13 13:11:57,295 - INFO - Building stim pattern for pattern_name 3181
2026-02-13 13:11:57,310 - INFO - Building stim pattern for pattern_name 1351
2026-02-13 13:11:57,347 - INFO - Building stim pattern for pattern_name 2422
2026-02-13 13:11:57,362 - INFO - Building stim pattern for pattern_name 2715
2026-02-13 13:11:57,377 - INFO - Building stim pattern for pattern_name 1035
2026-02-13 13:11:57,392 - INFO - Building stim pattern for pattern_name 3893
2026-02-13 13:11:57,409 - INFO - Building stim pattern for pattern_name 1557
2026-02-13 13:11:57,425 - INFO - Building stim pattern for pattern_name 1418
2026-02-13 13:11:57,456 - INFO - Building stim pattern for pattern_name 2575
2026-02-13 13:11:57,481 - INFO - Building stim pattern for pattern_name 2339
2026-02-13 13:11:57,495 - INFO - Building stim pattern for pattern_name 3331
2026-02-13 13:11:57,508 - INFO - Building stim pattern for pattern_name 3826
2026-02-13 13:11:57,522 - INFO - Building stim pattern for pattern_name 1968
2026-02-13 13:11:57,535 - INFO - Building stim pattern for pattern_name 1888
2026-02-13 13:11:57,552 - INFO - Building stim pattern for pattern_name 3205
2026-02-13 13:11:57,564 - INFO - Building stim pattern for pattern_name 1852
2026-02-13 13:11:57,577 - INFO - Building stim pattern for pattern_name 770
2026-02-13 13:11:57,590 - INFO - Building stim pattern for pattern_name 1229
2026-02-13 13:11:57,604 - INFO - Building stim pattern for pattern_name 492
2026-02-13 13:11:57,616 - INFO - Building stim pattern for pattern_name 3382
2026-02-13 13:11:57,638 - INFO - Building stim pattern for pattern_name 1405
2026-02-13 13:11:57,663 - INFO - Building stim pattern for pattern_name 1386
2026-02-13 13:11:57,701 - INFO - Building stim pattern for pattern_name 41
2026-02-13 13:11:57,716 - INFO - Building stim pattern for pattern_name 530
2026-02-13 13:11:57,730 - INFO - Building stim pattern for pattern_name 1197
2026-02-13 13:11:57,746 - INFO - Building stim pattern for pattern_name 2915
2026-02-13 13:11:57,762 - INFO - Building stim pattern for pattern_name 1581
2026-02-13 13:11:57,776 - INFO - Building stim pattern for pattern_name 316
2026-02-13 13:11:57,790 - INFO - Building stim pattern for pattern_name 533
2026-02-13 13:11:57,803 - INFO - Building stim pattern for pattern_name 3369
2026-02-13 13:11:57,816 - INFO - Building stim pattern for pattern_name 2097
2026-02-13 13:11:57,840 - INFO - Building stim pattern for pattern_name 2962
2026-02-13 13:11:57,854 - INFO - Building stim pattern for pattern_name 474
2026-02-13 13:11:57,867 - INFO - Building stim pattern for pattern_name 3657
2026-02-13 13:11:57,881 - INFO - Building stim pattern for pattern_name 1346
2026-02-13 13:11:57,904 - INFO - Building stim pattern for pattern_name 2691
2026-02-13 13:11:57,915 - INFO - Building stim pattern for pattern_name 2999
2026-02-13 13:11:57,940 - INFO - Building stim pattern for pattern_name 2499
2026-02-13 13:11:57,952 - INFO - Building stim pattern for pattern_name 2118
2026-02-13 13:11:57,968 - INFO - Building stim pattern for pattern_name 1060
2026-02-13 13:11:57,984 - INFO - Building stim pattern for pattern_name 1770
2026-02-13 13:11:57,999 - INFO - Building stim pattern for pattern_name 624
2026-02-13 13:11:58,012 - INFO - Building stim pattern for pattern_name 1744
2026-02-13 13:11:58,026 - INFO - Building stim pattern for pattern_name 2801
2026-02-13 13:11:58,041 - INFO - Building stim pattern for pattern_name 3222
2026-02-13 13:11:58,056 - INFO - Building stim pattern for pattern_name 1566
2026-02-13 13:11:58,069 - INFO - Building stim pattern for pattern_name 3055
2026-02-13 13:11:58,083 - INFO - Building stim pattern for pattern_name 526
2026-02-13 13:11:58,097 - INFO - Building stim pattern for pattern_name 850
2026-02-13 13:11:58,157 - INFO - Building stim pattern for pattern_name 880
2026-02-13 13:11:58,171 - INFO - Building stim pattern for pattern_name 3436
2026-02-13 13:11:58,190 - INFO - Building stim pattern for pattern_name 2565
2026-02-13 13:11:58,209 - INFO - Building stim pattern for pattern_name 2366
2026-02-13 13:11:58,231 - INFO - Building stim pattern for pattern_name 856
2026-02-13 13:11:58,250 - INFO - Building stim pattern for pattern_name 2305
2026-02-13 13:11:58,275 - INFO - Building stim pattern for pattern_name 305
2026-02-13 13:11:58,289 - INFO - Building stim pattern for pattern_name 2559
2026-02-13 13:11:58,322 - INFO - Building stim pattern for pattern_name 3937
2026-02-13 13:11:58,337 - INFO - Building stim pattern for pattern_name 1138
2026-02-13 13:11:58,362 - INFO - Building stim pattern for pattern_name 2846
2026-02-13 13:11:58,376 - INFO - Building stim pattern for pattern_name 2646
2026-02-13 13:11:58,391 - INFO - Building stim pattern for pattern_name 2224
2026-02-13 13:11:58,405 - INFO - Building stim pattern for pattern_name 3014
2026-02-13 13:11:58,430 - INFO - Building stim pattern for pattern_name 2874
2026-02-13 13:11:58,444 - INFO - Building stim pattern for pattern_name 1795
2026-02-13 13:11:58,466 - INFO - Building stim pattern for pattern_name 3045
2026-02-13 13:11:58,479 - INFO - Building stim pattern for pattern_name 2709
2026-02-13 13:11:58,495 - INFO - Building stim pattern for pattern_name 1112
2026-02-13 13:11:58,509 - INFO - Building stim pattern for pattern_name 662
2026-02-13 13:11:58,524 - INFO - Building stim pattern for pattern_name 3926
2026-02-13 13:11:58,536 - INFO - Building stim pattern for pattern_name 50
2026-02-13 13:11:58,549 - INFO - Building stim pattern for pattern_name 1424
2026-02-13 13:11:58,575 - INFO - Building stim pattern for pattern_name 1017
2026-02-13 13:11:58,589 - INFO - Building stim pattern for pattern_name 1929
2026-02-13 13:11:58,603 - INFO - Building stim pattern for pattern_name 3083
2026-02-13 13:11:58,616 - INFO - Building stim pattern for pattern_name 1862
2026-02-13 13:11:58,639 - INFO - Building stim pattern for pattern_name 2820
2026-02-13 13:11:58,654 - INFO - Building stim pattern for pattern_name 2731
2026-02-13 13:11:58,667 - INFO - Building stim pattern for pattern_name 108
2026-02-13 13:11:58,680 - INFO - Building stim pattern for pattern_name 2452
2026-02-13 13:11:58,722 - INFO - Building stim pattern for pattern_name 3546
2026-02-13 13:11:58,737 - INFO - Building stim pattern for pattern_name 412
2026-02-13 13:11:58,760 - INFO - Building stim pattern for pattern_name 3011
2026-02-13 13:11:58,773 - INFO - Building stim pattern for pattern_name 2681
2026-02-13 13:11:58,795 - INFO - Building stim pattern for pattern_name 748
2026-02-13 13:11:58,811 - INFO - Building stim pattern for pattern_name 3224
2026-02-13 13:11:58,826 - INFO - Building stim pattern for pattern_name 1436
2026-02-13 13:11:58,839 - INFO - Building stim pattern for pattern_name 3652
2026-02-13 13:11:58,861 - INFO - Building stim pattern for pattern_name 289
2026-02-13 13:11:58,883 - INFO - Building stim pattern for pattern_name 1081
2026-02-13 13:11:58,895 - INFO - Building stim pattern for pattern_name 1848
2026-02-13 13:11:58,917 - INFO - Building stim pattern for pattern_name 2345
2026-02-13 13:11:58,930 - INFO - Building stim pattern for pattern_name 2282
2026-02-13 13:11:58,942 - INFO - Building stim pattern for pattern_name 1901
2026-02-13 13:11:58,966 - INFO - Building stim pattern for pattern_name 2299
2026-02-13 13:11:58,979 - INFO - Building stim pattern for pattern_name 3703
2026-02-13 13:11:58,992 - INFO - Building stim pattern for pattern_name 3588
2026-02-13 13:11:59,016 - INFO - Building stim pattern for pattern_name 1204
2026-02-13 13:11:59,030 - INFO - Building stim pattern for pattern_name 1041
2026-02-13 13:11:59,043 - INFO - Building stim pattern for pattern_name 567
2026-02-13 13:11:59,064 - INFO - Building stim pattern for pattern_name 1362
2026-02-13 13:11:59,078 - INFO - Building stim pattern for pattern_name 637
2026-02-13 13:11:59,092 - INFO - Building stim pattern for pattern_name 3212
2026-02-13 13:11:59,107 - INFO - Building stim pattern for pattern_name 554
2026-02-13 13:11:59,122 - INFO - Building stim pattern for pattern_name 2816
2026-02-13 13:11:59,185 - INFO - Building stim pattern for pattern_name 777
2026-02-13 13:11:59,200 - INFO - Building stim pattern for pattern_name 529
2026-02-13 13:11:59,214 - INFO - Building stim pattern for pattern_name 3375
2026-02-13 13:11:59,228 - INFO - Building stim pattern for pattern_name 1180
2026-02-13 13:11:59,242 - INFO - Building stim pattern for pattern_name 3053
2026-02-13 13:11:59,256 - INFO - Building stim pattern for pattern_name 3595
2026-02-13 13:11:59,268 - INFO - Building stim pattern for pattern_name 1820
2026-02-13 13:11:59,291 - INFO - Building stim pattern for pattern_name 3512
2026-02-13 13:11:59,304 - INFO - Building stim pattern for pattern_name 2875
2026-02-13 13:11:59,318 - INFO - Building stim pattern for pattern_name 1659
2026-02-13 13:11:59,331 - INFO - Building stim pattern for pattern_name 1131
2026-02-13 13:11:59,344 - INFO - Building stim pattern for pattern_name 2338
2026-02-13 13:11:59,359 - INFO - Building stim pattern for pattern_name 3787
2026-02-13 13:11:59,372 - INFO - Building stim pattern for pattern_name 503
2026-02-13 13:11:59,385 - INFO - Building stim pattern for pattern_name 621
2026-02-13 13:11:59,398 - INFO - Building stim pattern for pattern_name 1853
2026-02-13 13:11:59,411 - INFO - Building stim pattern for pattern_name 3272
2026-02-13 13:11:59,426 - INFO - Building stim pattern for pattern_name 1791
2026-02-13 13:11:59,439 - INFO - Building stim pattern for pattern_name 597
2026-02-13 13:11:59,452 - INFO - Building stim pattern for pattern_name 2197
2026-02-13 13:11:59,475 - INFO - Building stim pattern for pattern_name 1845
2026-02-13 13:11:59,491 - INFO - Building stim pattern for pattern_name 1910
2026-02-13 13:11:59,511 - INFO - Building stim pattern for pattern_name 1980
2026-02-13 13:11:59,535 - INFO - Building stim pattern for pattern_name 229
2026-02-13 13:11:59,559 - INFO - Building stim pattern for pattern_name 2884
2026-02-13 13:11:59,579 - INFO - Building stim pattern for pattern_name 746
2026-02-13 13:11:59,603 - INFO - Building stim pattern for pattern_name 652
2026-02-13 13:11:59,615 - INFO - Building stim pattern for pattern_name 1253
2026-02-13 13:11:59,627 - INFO - Building stim pattern for pattern_name 1696
2026-02-13 13:11:59,640 - INFO - Building stim pattern for pattern_name 3498
2026-02-13 13:11:59,655 - INFO - Building stim pattern for pattern_name 2314
2026-02-13 13:11:59,668 - INFO - Building stim pattern for pattern_name 2387
2026-02-13 13:11:59,690 - INFO - Building stim pattern for pattern_name 2774
2026-02-13 13:11:59,703 - INFO - Building stim pattern for pattern_name 88
2026-02-13 13:11:59,720 - INFO - Building stim pattern for pattern_name 2589
2026-02-13 13:11:59,735 - INFO - Building stim pattern for pattern_name 3070
2026-02-13 13:11:59,759 - INFO - Building stim pattern for pattern_name 571
2026-02-13 13:11:59,772 - INFO - Building stim pattern for pattern_name 1159
2026-02-13 13:11:59,786 - INFO - Building stim pattern for pattern_name 1206
2026-02-13 13:11:59,801 - INFO - Building stim pattern for pattern_name 351
2026-02-13 13:11:59,819 - INFO - Building stim pattern for pattern_name 2885
2026-02-13 13:11:59,837 - INFO - Building stim pattern for pattern_name 564
2026-02-13 13:11:59,855 - INFO - Building stim pattern for pattern_name 2176
2026-02-13 13:11:59,896 - INFO - Building stim pattern for pattern_name 68
2026-02-13 13:11:59,910 - INFO - Building stim pattern for pattern_name 3051
2026-02-13 13:11:59,925 - INFO - Building stim pattern for pattern_name 1141
2026-02-13 13:11:59,953 - INFO - Building stim pattern for pattern_name 365
2026-02-13 13:11:59,965 - INFO - Building stim pattern for pattern_name 3998
2026-02-13 13:11:59,979 - INFO - Building stim pattern for pattern_name 1721
2026-02-13 13:12:00,002 - INFO - Building stim pattern for pattern_name 1408
2026-02-13 13:12:00,016 - INFO - Building stim pattern for pattern_name 3903
2026-02-13 13:12:00,029 - INFO - Building stim pattern for pattern_name 415
2026-02-13 13:12:00,041 - INFO - Building stim pattern for pattern_name 773
2026-02-13 13:12:00,094 - INFO - Building stim pattern for pattern_name 2972
2026-02-13 13:12:00,113 - INFO - Building stim pattern for pattern_name 3211
2026-02-13 13:12:00,138 - INFO - Building stim pattern for pattern_name 2818
2026-02-13 13:12:00,151 - INFO - Building stim pattern for pattern_name 2497
2026-02-13 13:12:00,164 - INFO - Building stim pattern for pattern_name 1874
2026-02-13 13:12:00,178 - INFO - Building stim pattern for pattern_name 3960
2026-02-13 13:12:00,205 - INFO - Building stim pattern for pattern_name 1725
2026-02-13 13:12:00,220 - INFO - Building stim pattern for pattern_name 2996
2026-02-13 13:12:00,234 - INFO - Building stim pattern for pattern_name 1702
2026-02-13 13:12:00,259 - INFO - Building stim pattern for pattern_name 1576
2026-02-13 13:12:00,273 - INFO - Building stim pattern for pattern_name 144
2026-02-13 13:12:00,287 - INFO - Building stim pattern for pattern_name 3395
2026-02-13 13:12:00,322 - INFO - Building stim pattern for pattern_name 1780
2026-02-13 13:12:00,357 - INFO - Building stim pattern for pattern_name 2218
2026-02-13 13:12:00,369 - INFO - Building stim pattern for pattern_name 3450
2026-02-13 13:12:00,381 - INFO - Building stim pattern for pattern_name 2579
2026-02-13 13:12:00,395 - INFO - Building stim pattern for pattern_name 2005
2026-02-13 13:12:00,408 - INFO - Building stim pattern for pattern_name 3889
2026-02-13 13:12:00,423 - INFO - Building stim pattern for pattern_name 1127
2026-02-13 13:12:00,437 - INFO - Building stim pattern for pattern_name 2542
2026-02-13 13:12:00,459 - INFO - Building stim pattern for pattern_name 288
2026-02-13 13:12:00,472 - INFO - Building stim pattern for pattern_name 1736
2026-02-13 13:12:00,484 - INFO - Building stim pattern for pattern_name 2417
2026-02-13 13:12:00,507 - INFO - Building stim pattern for pattern_name 631
2026-02-13 13:12:00,521 - INFO - Building stim pattern for pattern_name 2781
2026-02-13 13:12:00,535 - INFO - Building stim pattern for pattern_name 3175
2026-02-13 13:12:00,550 - INFO - Building stim pattern for pattern_name 961
2026-02-13 13:12:00,566 - INFO - Building stim pattern for pattern_name 485
2026-02-13 13:12:00,590 - INFO - Building stim pattern for pattern_name 3860
2026-02-13 13:12:00,604 - INFO - Building stim pattern for pattern_name 2410
2026-02-13 13:12:00,618 - INFO - Building stim pattern for pattern_name 2108
2026-02-13 13:12:00,634 - INFO - Building stim pattern for pattern_name 3178
2026-02-13 13:12:00,647 - INFO - Building stim pattern for pattern_name 270
2026-02-13 13:12:00,660 - INFO - Building stim pattern for pattern_name 799
2026-02-13 13:12:00,674 - INFO - Building stim pattern for pattern_name 1794
2026-02-13 13:12:00,688 - INFO - Building stim pattern for pattern_name 603
2026-02-13 13:12:00,711 - INFO - Building stim pattern for pattern_name 3805
2026-02-13 13:12:00,724 - INFO - Building stim pattern for pattern_name 539
2026-02-13 13:12:00,737 - INFO - Building stim pattern for pattern_name 2221
2026-02-13 13:12:00,750 - INFO - Building stim pattern for pattern_name 635
2026-02-13 13:12:00,762 - INFO - Building stim pattern for pattern_name 176
2026-02-13 13:12:00,789 - INFO - Building stim pattern for pattern_name 468
2026-02-13 13:12:00,803 - INFO - Building stim pattern for pattern_name 3827
2026-02-13 13:12:00,816 - INFO - Building stim pattern for pattern_name 2262
2026-02-13 13:12:00,829 - INFO - Building stim pattern for pattern_name 3153
2026-02-13 13:12:00,843 - INFO - Building stim pattern for pattern_name 2183
2026-02-13 13:12:00,863 - INFO - Building stim pattern for pattern_name 1297
2026-02-13 13:12:00,876 - INFO - Building stim pattern for pattern_name 1383
2026-02-13 13:12:00,888 - INFO - Building stim pattern for pattern_name 2533
2026-02-13 13:12:00,901 - INFO - Building stim pattern for pattern_name 390
2026-02-13 13:12:00,915 - INFO - Building stim pattern for pattern_name 3777
2026-02-13 13:12:00,930 - INFO - Building stim pattern for pattern_name 3697
2026-02-13 13:12:00,942 - INFO - Building stim pattern for pattern_name 3719
2026-02-13 13:12:00,961 - INFO - Building stim pattern for pattern_name 2255
2026-02-13 13:12:00,981 - INFO - Building stim pattern for pattern_name 3155
2026-02-13 13:12:00,993 - INFO - Building stim pattern for pattern_name 1529
2026-02-13 13:12:01,013 - INFO - Building stim pattern for pattern_name 396
2026-02-13 13:12:01,065 - INFO - Building stim pattern for pattern_name 2324
2026-02-13 13:12:01,078 - INFO - Building stim pattern for pattern_name 1905
2026-02-13 13:12:01,099 - INFO - Building stim pattern for pattern_name 1422
2026-02-13 13:12:01,112 - INFO - Building stim pattern for pattern_name 3712
2026-02-13 13:12:01,127 - INFO - Building stim pattern for pattern_name 987
2026-02-13 13:12:01,156 - INFO - Building stim pattern for pattern_name 2613
2026-02-13 13:12:01,172 - INFO - Building stim pattern for pattern_name 2932
2026-02-13 13:12:01,193 - INFO - Building stim pattern for pattern_name 149
2026-02-13 13:12:01,207 - INFO - Building stim pattern for pattern_name 3585
2026-02-13 13:12:01,220 - INFO - Building stim pattern for pattern_name 735
2026-02-13 13:12:01,243 - INFO - Building stim pattern for pattern_name 3554
2026-02-13 13:12:01,256 - INFO - Building stim pattern for pattern_name 2826
2026-02-13 13:12:01,277 - INFO - Building stim pattern for pattern_name 150
2026-02-13 13:12:01,289 - INFO - Building stim pattern for pattern_name 478
2026-02-13 13:12:01,312 - INFO - Building stim pattern for pattern_name 1111
2026-02-13 13:12:01,324 - INFO - Building stim pattern for pattern_name 843
2026-02-13 13:12:01,337 - INFO - Building stim pattern for pattern_name 26
2026-02-13 13:12:01,349 - INFO - Building stim pattern for pattern_name 1866
2026-02-13 13:12:01,364 - INFO - Building stim pattern for pattern_name 803
2026-02-13 13:12:01,379 - INFO - Building stim pattern for pattern_name 1431
2026-02-13 13:12:01,396 - INFO - Building stim pattern for pattern_name 201
2026-02-13 13:12:01,410 - INFO - Building stim pattern for pattern_name 254
2026-02-13 13:12:01,425 - INFO - Building stim pattern for pattern_name 2889
2026-02-13 13:12:01,437 - INFO - Building stim pattern for pattern_name 1672
2026-02-13 13:12:01,459 - INFO - Building stim pattern for pattern_name 2849
2026-02-13 13:12:01,474 - INFO - Building stim pattern for pattern_name 1166
2026-02-13 13:12:01,499 - INFO - Building stim pattern for pattern_name 2537
2026-02-13 13:12:01,513 - INFO - Building stim pattern for pattern_name 1945
2026-02-13 13:12:01,526 - INFO - Building stim pattern for pattern_name 1943
2026-02-13 13:12:01,540 - INFO - Building stim pattern for pattern_name 1638
2026-02-13 13:12:01,555 - INFO - Building stim pattern for pattern_name 1817
2026-02-13 13:12:01,570 - INFO - Building stim pattern for pattern_name 2414
2026-02-13 13:12:01,596 - INFO - Building stim pattern for pattern_name 1078
2026-02-13 13:12:01,608 - INFO - Building stim pattern for pattern_name 3099
2026-02-13 13:12:01,622 - INFO - Building stim pattern for pattern_name 3046
2026-02-13 13:12:01,635 - INFO - Building stim pattern for pattern_name 3700
2026-02-13 13:12:01,656 - INFO - Building stim pattern for pattern_name 3735
2026-02-13 13:12:01,669 - INFO - Building stim pattern for pattern_name 3754
2026-02-13 13:12:01,694 - INFO - Building stim pattern for pattern_name 894
2026-02-13 13:12:01,708 - INFO - Building stim pattern for pattern_name 221
2026-02-13 13:12:01,722 - INFO - Building stim pattern for pattern_name 3476
2026-02-13 13:12:01,737 - INFO - Building stim pattern for pattern_name 1045
2026-02-13 13:12:01,751 - INFO - Building stim pattern for pattern_name 2905
2026-02-13 13:12:01,766 - INFO - Building stim pattern for pattern_name 224
2026-02-13 13:12:01,779 - INFO - Building stim pattern for pattern_name 2464
2026-02-13 13:12:01,793 - INFO - Building stim pattern for pattern_name 3437
2026-02-13 13:12:01,808 - INFO - Building stim pattern for pattern_name 693
2026-02-13 13:12:01,823 - INFO - Building stim pattern for pattern_name 87
2026-02-13 13:12:01,839 - INFO - Building stim pattern for pattern_name 3325
2026-02-13 13:12:01,853 - INFO - Building stim pattern for pattern_name 1746
2026-02-13 13:12:01,868 - INFO - Building stim pattern for pattern_name 2928
2026-02-13 13:12:01,883 - INFO - Building stim pattern for pattern_name 739
2026-02-13 13:12:01,900 - INFO - Building stim pattern for pattern_name 2852
2026-02-13 13:12:01,914 - INFO - Building stim pattern for pattern_name 2525
2026-02-13 13:12:01,927 - INFO - Building stim pattern for pattern_name 855
2026-02-13 13:12:01,952 - INFO - Building stim pattern for pattern_name 3203
2026-02-13 13:12:01,965 - INFO - Building stim pattern for pattern_name 3128
2026-02-13 13:12:02,018 - INFO - Building stim pattern for pattern_name 2445
2026-02-13 13:12:02,060 - INFO - Building stim pattern for pattern_name 2251
2026-02-13 13:12:02,073 - INFO - Building stim pattern for pattern_name 200
2026-02-13 13:12:02,086 - INFO - Building stim pattern for pattern_name 1489
2026-02-13 13:12:02,113 - INFO - Building stim pattern for pattern_name 3486
2026-02-13 13:12:02,125 - INFO - Building stim pattern for pattern_name 1043
2026-02-13 13:12:02,138 - INFO - Building stim pattern for pattern_name 3391
2026-02-13 13:12:02,153 - INFO - Building stim pattern for pattern_name 2650
2026-02-13 13:12:02,176 - INFO - Building stim pattern for pattern_name 3304
2026-02-13 13:12:02,189 - INFO - Building stim pattern for pattern_name 3223
2026-02-13 13:12:02,208 - INFO - Building stim pattern for pattern_name 1864
2026-02-13 13:12:02,224 - INFO - Building stim pattern for pattern_name 347
2026-02-13 13:12:02,241 - INFO - Building stim pattern for pattern_name 1441
2026-02-13 13:12:02,255 - INFO - Building stim pattern for pattern_name 3619
2026-02-13 13:12:02,268 - INFO - Building stim pattern for pattern_name 1811
2026-02-13 13:12:02,292 - INFO - Building stim pattern for pattern_name 3586
2026-02-13 13:12:02,307 - INFO - Building stim pattern for pattern_name 558
2026-02-13 13:12:02,323 - INFO - Building stim pattern for pattern_name 2569
2026-02-13 13:12:02,369 - INFO - Building stim pattern for pattern_name 1053
2026-02-13 13:12:02,386 - INFO - Building stim pattern for pattern_name 3856
2026-02-13 13:12:02,398 - INFO - Building stim pattern for pattern_name 387
2026-02-13 13:12:02,413 - INFO - Building stim pattern for pattern_name 2564
2026-02-13 13:12:02,428 - INFO - Building stim pattern for pattern_name 3989
2026-02-13 13:12:02,445 - INFO - Building stim pattern for pattern_name 2997
2026-02-13 13:12:02,462 - INFO - Building stim pattern for pattern_name 754
2026-02-13 13:12:02,479 - INFO - Building stim pattern for pattern_name 3348
2026-02-13 13:12:02,526 - INFO - Building stim pattern for pattern_name 2609
2026-02-13 13:12:02,544 - INFO - Building stim pattern for pattern_name 284
2026-02-13 13:12:02,559 - INFO - Building stim pattern for pattern_name 3206
2026-02-13 13:12:02,600 - INFO - Building stim pattern for pattern_name 2266
2026-02-13 13:12:02,633 - INFO - Building stim pattern for pattern_name 2196
2026-02-13 13:12:02,760 - INFO - Building stim pattern for pattern_name 372
2026-02-13 13:12:02,927 - INFO - Building stim pattern for pattern_name 2581
2026-02-13 13:12:02,965 - INFO - Building stim pattern for pattern_name 3002
2026-02-13 13:12:02,981 - INFO - Building stim pattern for pattern_name 954
2026-02-13 13:12:03,000 - INFO - Building stim pattern for pattern_name 3906
2026-02-13 13:12:03,017 - INFO - Building stim pattern for pattern_name 2512
2026-02-13 13:12:03,036 - INFO - Building stim pattern for pattern_name 666
2026-02-13 13:12:03,052 - INFO - Building stim pattern for pattern_name 3387
2026-02-13 13:12:03,066 - INFO - Building stim pattern for pattern_name 2084
2026-02-13 13:12:03,099 - INFO - Building stim pattern for pattern_name 993
2026-02-13 13:12:03,115 - INFO - Building stim pattern for pattern_name 1307
2026-02-13 13:12:03,133 - INFO - Building stim pattern for pattern_name 575
2026-02-13 13:12:03,171 - INFO - Building stim pattern for pattern_name 48
2026-02-13 13:12:03,186 - INFO - Building stim pattern for pattern_name 3075
2026-02-13 13:12:03,202 - INFO - Building stim pattern for pattern_name 1376
2026-02-13 13:12:03,218 - INFO - Building stim pattern for pattern_name 1202
2026-02-13 13:12:03,241 - INFO - Building stim pattern for pattern_name 2448
2026-02-13 13:12:03,255 - INFO - Building stim pattern for pattern_name 2
2026-02-13 13:12:03,271 - INFO - Building stim pattern for pattern_name 801
2026-02-13 13:12:03,289 - INFO - Building stim pattern for pattern_name 1806
2026-02-13 13:12:03,306 - INFO - Building stim pattern for pattern_name 3064
2026-02-13 13:12:03,321 - INFO - Building stim pattern for pattern_name 1468
2026-02-13 13:12:03,334 - INFO - Building stim pattern for pattern_name 819
2026-02-13 13:12:03,349 - INFO - Building stim pattern for pattern_name 732
2026-02-13 13:12:03,427 - INFO - Building stim pattern for pattern_name 2942
2026-02-13 13:12:03,444 - INFO - Building stim pattern for pattern_name 1331
2026-02-13 13:12:03,470 - INFO - Building stim pattern for pattern_name 2749
2026-02-13 13:12:03,484 - INFO - Building stim pattern for pattern_name 2758
2026-02-13 13:12:03,500 - INFO - Building stim pattern for pattern_name 3621
2026-02-13 13:12:03,515 - INFO - Building stim pattern for pattern_name 2507
2026-02-13 13:12:03,530 - INFO - Building stim pattern for pattern_name 1551
2026-02-13 13:12:03,546 - INFO - Building stim pattern for pattern_name 1235
2026-02-13 13:12:03,571 - INFO - Building stim pattern for pattern_name 3945
2026-02-13 13:12:03,586 - INFO - Building stim pattern for pattern_name 1230
2026-02-13 13:12:03,600 - INFO - Building stim pattern for pattern_name 199
2026-02-13 13:12:03,618 - INFO - Building stim pattern for pattern_name 821
2026-02-13 13:12:03,637 - INFO - Building stim pattern for pattern_name 3762
2026-02-13 13:12:03,655 - INFO - Building stim pattern for pattern_name 3278
2026-02-13 13:12:03,673 - INFO - Building stim pattern for pattern_name 1921
2026-02-13 13:12:03,689 - INFO - Building stim pattern for pattern_name 630
2026-02-13 13:12:03,708 - INFO - Building stim pattern for pattern_name 756
2026-02-13 13:12:03,724 - INFO - Building stim pattern for pattern_name 142
2026-02-13 13:12:03,742 - INFO - Building stim pattern for pattern_name 430
2026-02-13 13:12:03,760 - INFO - Building stim pattern for pattern_name 628
2026-02-13 13:12:03,778 - INFO - Building stim pattern for pattern_name 550
2026-02-13 13:12:03,797 - INFO - Building stim pattern for pattern_name 1857
2026-02-13 13:12:03,815 - INFO - Building stim pattern for pattern_name 2723
2026-02-13 13:12:03,840 - INFO - Building stim pattern for pattern_name 1580
2026-02-13 13:12:03,874 - INFO - Building stim pattern for pattern_name 1465
2026-02-13 13:12:03,888 - INFO - Building stim pattern for pattern_name 3130
2026-02-13 13:12:03,904 - INFO - Building stim pattern for pattern_name 330
2026-02-13 13:12:03,919 - INFO - Building stim pattern for pattern_name 921
2026-02-13 13:12:03,934 - INFO - Building stim pattern for pattern_name 2755
2026-02-13 13:12:03,948 - INFO - Building stim pattern for pattern_name 3558
2026-02-13 13:12:03,962 - INFO - Building stim pattern for pattern_name 3534
2026-02-13 13:12:03,978 - INFO - Building stim pattern for pattern_name 1515
2026-02-13 13:12:04,005 - INFO - Building stim pattern for pattern_name 2404
2026-02-13 13:12:04,020 - INFO - Building stim pattern for pattern_name 1030
2026-02-13 13:12:04,035 - INFO - Building stim pattern for pattern_name 2393
2026-02-13 13:12:04,049 - INFO - Building stim pattern for pattern_name 2086
2026-02-13 13:12:04,073 - INFO - Building stim pattern for pattern_name 2297
2026-02-13 13:12:04,115 - INFO - Building stim pattern for pattern_name 3850
2026-02-13 13:12:04,138 - INFO - Building stim pattern for pattern_name 1343
2026-02-13 13:12:04,152 - INFO - Building stim pattern for pattern_name 2627
2026-02-13 13:12:04,165 - INFO - Building stim pattern for pattern_name 2535
2026-02-13 13:12:04,188 - INFO - Building stim pattern for pattern_name 2370
2026-02-13 13:12:04,213 - INFO - Building stim pattern for pattern_name 1894
2026-02-13 13:12:04,234 - INFO - Building stim pattern for pattern_name 1355
2026-02-13 13:12:04,247 - INFO - Building stim pattern for pattern_name 2316
2026-02-13 13:12:04,261 - INFO - Building stim pattern for pattern_name 2655
2026-02-13 13:12:04,278 - INFO - Building stim pattern for pattern_name 1295
2026-02-13 13:12:04,295 - INFO - Building stim pattern for pattern_name 2521
2026-02-13 13:12:04,310 - INFO - Building stim pattern for pattern_name 3618
2026-02-13 13:12:04,322 - INFO - Building stim pattern for pattern_name 2023
2026-02-13 13:12:04,336 - INFO - Building stim pattern for pattern_name 1497
2026-02-13 13:12:04,358 - INFO - Building stim pattern for pattern_name 2735
2026-02-13 13:12:04,379 - INFO - Building stim pattern for pattern_name 1645
2026-02-13 13:12:04,393 - INFO - Building stim pattern for pattern_name 3407
2026-02-13 13:12:04,407 - INFO - Building stim pattern for pattern_name 2401
2026-02-13 13:12:04,464 - INFO - Building stim pattern for pattern_name 1745
2026-02-13 13:12:04,491 - INFO - Building stim pattern for pattern_name 3192
2026-02-13 13:12:04,507 - INFO - Building stim pattern for pattern_name 1585
2026-02-13 13:12:04,522 - INFO - Building stim pattern for pattern_name 1300
2026-02-13 13:12:04,534 - INFO - Building stim pattern for pattern_name 3246
2026-02-13 13:12:04,547 - INFO - Building stim pattern for pattern_name 1121
2026-02-13 13:12:04,570 - INFO - Building stim pattern for pattern_name 1399
2026-02-13 13:12:04,619 - INFO - Building stim pattern for pattern_name 2147
2026-02-13 13:12:04,636 - INFO - Building stim pattern for pattern_name 3086
2026-02-13 13:12:04,653 - INFO - Building stim pattern for pattern_name 1237
2026-02-13 13:12:04,667 - INFO - Building stim pattern for pattern_name 51
2026-02-13 13:12:04,681 - INFO - Building stim pattern for pattern_name 749
2026-02-13 13:12:04,706 - INFO - Building stim pattern for pattern_name 520
2026-02-13 13:12:04,719 - INFO - Building stim pattern for pattern_name 1201
2026-02-13 13:12:04,732 - INFO - Building stim pattern for pattern_name 35
2026-02-13 13:12:04,748 - INFO - Building stim pattern for pattern_name 3069
2026-02-13 13:12:04,765 - INFO - Building stim pattern for pattern_name 2040
2026-02-13 13:12:04,782 - INFO - Building stim pattern for pattern_name 2719
2026-02-13 13:12:04,798 - INFO - Building stim pattern for pattern_name 3833
2026-02-13 13:12:04,812 - INFO - Building stim pattern for pattern_name 1722
2026-02-13 13:12:04,835 - INFO - Building stim pattern for pattern_name 2593
2026-02-13 13:12:04,859 - INFO - Building stim pattern for pattern_name 1329
2026-02-13 13:12:04,872 - INFO - Building stim pattern for pattern_name 2382
2026-02-13 13:12:04,887 - INFO - Building stim pattern for pattern_name 1603
2026-02-13 13:12:04,899 - INFO - Building stim pattern for pattern_name 1064
2026-02-13 13:12:04,914 - INFO - Building stim pattern for pattern_name 286
2026-02-13 13:12:04,928 - INFO - Building stim pattern for pattern_name 1918
2026-02-13 13:12:04,940 - INFO - Building stim pattern for pattern_name 568
2026-02-13 13:12:04,954 - INFO - Building stim pattern for pattern_name 243
2026-02-13 13:12:04,968 - INFO - Building stim pattern for pattern_name 2785
2026-02-13 13:12:04,991 - INFO - Building stim pattern for pattern_name 3063
2026-02-13 13:12:05,004 - INFO - Building stim pattern for pattern_name 3097
2026-02-13 13:12:05,018 - INFO - Building stim pattern for pattern_name 1843
2026-02-13 13:12:05,041 - INFO - Building stim pattern for pattern_name 3383
2026-02-13 13:12:05,054 - INFO - Building stim pattern for pattern_name 491
2026-02-13 13:12:05,069 - INFO - Building stim pattern for pattern_name 1752
2026-02-13 13:12:05,083 - INFO - Building stim pattern for pattern_name 2306
2026-02-13 13:12:05,099 - INFO - Building stim pattern for pattern_name 2030
2026-02-13 13:12:05,125 - INFO - Building stim pattern for pattern_name 2368
2026-02-13 13:12:05,139 - INFO - Building stim pattern for pattern_name 2753
2026-02-13 13:12:05,162 - INFO - Building stim pattern for pattern_name 2479
2026-02-13 13:12:05,175 - INFO - Building stim pattern for pattern_name 2782
2026-02-13 13:12:05,188 - INFO - Building stim pattern for pattern_name 553
2026-02-13 13:12:05,201 - INFO - Building stim pattern for pattern_name 2205
2026-02-13 13:12:05,216 - INFO - Building stim pattern for pattern_name 949
2026-02-13 13:12:05,251 - INFO - Building stim pattern for pattern_name 2858
2026-02-13 13:12:05,265 - INFO - Building stim pattern for pattern_name 3108
2026-02-13 13:12:05,278 - INFO - Building stim pattern for pattern_name 3347
2026-02-13 13:12:05,291 - INFO - Building stim pattern for pattern_name 275
2026-02-13 13:12:05,305 - INFO - Building stim pattern for pattern_name 1711
2026-02-13 13:12:05,319 - INFO - Building stim pattern for pattern_name 2955
2026-02-13 13:12:05,334 - INFO - Building stim pattern for pattern_name 1996
2026-02-13 13:12:05,347 - INFO - Building stim pattern for pattern_name 3289
2026-02-13 13:12:05,370 - INFO - Building stim pattern for pattern_name 3456
2026-02-13 13:12:05,384 - INFO - Building stim pattern for pattern_name 1221
2026-02-13 13:12:05,399 - INFO - Building stim pattern for pattern_name 3897
2026-02-13 13:12:05,448 - INFO - Building stim pattern for pattern_name 3524
2026-02-13 13:12:05,469 - INFO - Building stim pattern for pattern_name 3949
2026-02-13 13:12:05,483 - INFO - Building stim pattern for pattern_name 3397
2026-02-13 13:12:05,496 - INFO - Building stim pattern for pattern_name 28
2026-02-13 13:12:05,512 - INFO - Building stim pattern for pattern_name 3857
2026-02-13 13:12:05,537 - INFO - Building stim pattern for pattern_name 2421
2026-02-13 13:12:05,562 - INFO - Building stim pattern for pattern_name 2881
2026-02-13 13:12:05,574 - INFO - Building stim pattern for pattern_name 3238
2026-02-13 13:12:05,588 - INFO - Building stim pattern for pattern_name 1537
2026-02-13 13:12:05,630 - INFO - Building stim pattern for pattern_name 2177
2026-02-13 13:12:05,644 - INFO - Building stim pattern for pattern_name 893
2026-02-13 13:12:05,665 - INFO - Building stim pattern for pattern_name 711
2026-02-13 13:12:05,677 - INFO - Building stim pattern for pattern_name 3898
2026-02-13 13:12:05,690 - INFO - Building stim pattern for pattern_name 3701
2026-02-13 13:12:05,703 - INFO - Building stim pattern for pattern_name 130
2026-02-13 13:12:05,717 - INFO - Building stim pattern for pattern_name 217
2026-02-13 13:12:05,730 - INFO - Building stim pattern for pattern_name 3480
2026-02-13 13:12:05,743 - INFO - Building stim pattern for pattern_name 3432
2026-02-13 13:12:05,757 - INFO - Building stim pattern for pattern_name 1347
2026-02-13 13:12:05,770 - INFO - Building stim pattern for pattern_name 12
2026-02-13 13:12:05,783 - INFO - Building stim pattern for pattern_name 2699
2026-02-13 13:12:05,800 - INFO - Building stim pattern for pattern_name 427
2026-02-13 13:12:05,814 - INFO - Building stim pattern for pattern_name 3261
2026-02-13 13:12:05,827 - INFO - Building stim pattern for pattern_name 3368
2026-02-13 13:12:05,840 - INFO - Building stim pattern for pattern_name 1747
2026-02-13 13:12:05,862 - INFO - Building stim pattern for pattern_name 3665
2026-02-13 13:12:05,875 - INFO - Building stim pattern for pattern_name 343
2026-02-13 13:12:05,888 - INFO - Building stim pattern for pattern_name 3113
2026-02-13 13:12:05,901 - INFO - Building stim pattern for pattern_name 2501
2026-02-13 13:12:05,921 - INFO - Building stim pattern for pattern_name 3040
2026-02-13 13:12:05,934 - INFO - Building stim pattern for pattern_name 133
2026-02-13 13:12:05,956 - INFO - Building stim pattern for pattern_name 3696
2026-02-13 13:12:05,969 - INFO - Building stim pattern for pattern_name 3577
2026-02-13 13:12:05,985 - INFO - Building stim pattern for pattern_name 3334
2026-02-13 13:12:06,001 - INFO - Building stim pattern for pattern_name 1707
2026-02-13 13:12:06,016 - INFO - Building stim pattern for pattern_name 293
2026-02-13 13:12:06,029 - INFO - Building stim pattern for pattern_name 2492
2026-02-13 13:12:06,043 - INFO - Building stim pattern for pattern_name 8
2026-02-13 13:12:06,056 - INFO - Building stim pattern for pattern_name 2036
2026-02-13 13:12:06,081 - INFO - Building stim pattern for pattern_name 3442
2026-02-13 13:12:06,096 - INFO - Building stim pattern for pattern_name 2273
2026-02-13 13:12:06,124 - INFO - Building stim pattern for pattern_name 3435
2026-02-13 13:12:06,147 - INFO - Building stim pattern for pattern_name 3556
2026-02-13 13:12:06,160 - INFO - Building stim pattern for pattern_name 3306
2026-02-13 13:12:06,173 - INFO - Building stim pattern for pattern_name 808
2026-02-13 13:12:06,185 - INFO - Building stim pattern for pattern_name 80
2026-02-13 13:12:06,215 - INFO - Building stim pattern for pattern_name 3410
2026-02-13 13:12:06,228 - INFO - Building stim pattern for pattern_name 650
2026-02-13 13:12:06,241 - INFO - Building stim pattern for pattern_name 2743
2026-02-13 13:12:06,254 - INFO - Building stim pattern for pattern_name 3265
2026-02-13 13:12:06,279 - INFO - Building stim pattern for pattern_name 3357
2026-02-13 13:12:06,292 - INFO - Building stim pattern for pattern_name 266
2026-02-13 13:12:06,306 - INFO - Building stim pattern for pattern_name 684
2026-02-13 13:12:06,329 - INFO - Building stim pattern for pattern_name 1256
2026-02-13 13:12:06,342 - INFO - Building stim pattern for pattern_name 854
2026-02-13 13:12:06,355 - INFO - Building stim pattern for pattern_name 2620
2026-02-13 13:12:06,404 - INFO - Building stim pattern for pattern_name 2764
2026-02-13 13:12:06,434 - INFO - Building stim pattern for pattern_name 677
2026-02-13 13:12:06,456 - INFO - Building stim pattern for pattern_name 2845
2026-02-13 13:12:06,470 - INFO - Building stim pattern for pattern_name 2771
2026-02-13 13:12:06,484 - INFO - Building stim pattern for pattern_name 1560
2026-02-13 13:12:06,497 - INFO - Building stim pattern for pattern_name 1608
2026-02-13 13:12:06,522 - INFO - Building stim pattern for pattern_name 441
2026-02-13 13:12:06,535 - INFO - Building stim pattern for pattern_name 1044
2026-02-13 13:12:06,549 - INFO - Building stim pattern for pattern_name 2406
2026-02-13 13:12:06,563 - INFO - Building stim pattern for pattern_name 1490
2026-02-13 13:12:06,579 - INFO - Building stim pattern for pattern_name 56
2026-02-13 13:12:06,595 - INFO - Building stim pattern for pattern_name 2580
2026-02-13 13:12:06,609 - INFO - Building stim pattern for pattern_name 69
2026-02-13 13:12:06,622 - INFO - Building stim pattern for pattern_name 3277
2026-02-13 13:12:06,643 - INFO - Building stim pattern for pattern_name 3645
2026-02-13 13:12:06,666 - INFO - Building stim pattern for pattern_name 2604
2026-02-13 13:12:06,678 - INFO - Building stim pattern for pattern_name 301
2026-02-13 13:12:06,691 - INFO - Building stim pattern for pattern_name 1643
2026-02-13 13:12:06,704 - INFO - Building stim pattern for pattern_name 3650
2026-02-13 13:12:06,717 - INFO - Building stim pattern for pattern_name 2261
2026-02-13 13:12:06,730 - INFO - Building stim pattern for pattern_name 2963
2026-02-13 13:12:06,744 - INFO - Building stim pattern for pattern_name 1
2026-02-13 13:12:06,757 - INFO - Building stim pattern for pattern_name 3033
2026-02-13 13:12:06,769 - INFO - Building stim pattern for pattern_name 499
2026-02-13 13:12:06,783 - INFO - Building stim pattern for pattern_name 3759
2026-02-13 13:12:06,796 - INFO - Building stim pattern for pattern_name 2469
2026-02-13 13:12:06,808 - INFO - Building stim pattern for pattern_name 1352
2026-02-13 13:12:06,821 - INFO - Building stim pattern for pattern_name 1891
2026-02-13 13:12:06,834 - INFO - Building stim pattern for pattern_name 3422
2026-02-13 13:12:06,848 - INFO - Building stim pattern for pattern_name 94
2026-02-13 13:12:06,861 - INFO - Building stim pattern for pattern_name 3445
2026-02-13 13:12:06,875 - INFO - Building stim pattern for pattern_name 103
2026-02-13 13:12:06,888 - INFO - Building stim pattern for pattern_name 2803
2026-02-13 13:12:06,902 - INFO - Building stim pattern for pattern_name 1742
2026-02-13 13:12:06,914 - INFO - Building stim pattern for pattern_name 2532
2026-02-13 13:12:06,927 - INFO - Building stim pattern for pattern_name 276
2026-02-13 13:12:06,948 - INFO - Building stim pattern for pattern_name 758
2026-02-13 13:12:06,961 - INFO - Building stim pattern for pattern_name 62
2026-02-13 13:12:06,973 - INFO - Building stim pattern for pattern_name 2748
2026-02-13 13:12:06,986 - INFO - Building stim pattern for pattern_name 2936
2026-02-13 13:12:06,998 - INFO - Building stim pattern for pattern_name 785
2026-02-13 13:12:07,021 - INFO - Building stim pattern for pattern_name 1750
2026-02-13 13:12:07,038 - INFO - Building stim pattern for pattern_name 3137
2026-02-13 13:12:07,051 - INFO - Building stim pattern for pattern_name 1793
2026-02-13 13:12:07,064 - INFO - Building stim pattern for pattern_name 3433
2026-02-13 13:12:07,078 - INFO - Building stim pattern for pattern_name 2991
2026-02-13 13:12:07,092 - INFO - Building stim pattern for pattern_name 3411
2026-02-13 13:12:07,105 - INFO - Building stim pattern for pattern_name 1833
2026-02-13 13:12:07,122 - INFO - Building stim pattern for pattern_name 2911
2026-02-13 13:12:07,152 - INFO - Building stim pattern for pattern_name 747
2026-02-13 13:12:07,165 - INFO - Building stim pattern for pattern_name 222
2026-02-13 13:12:07,178 - INFO - Building stim pattern for pattern_name 1074
2026-02-13 13:12:07,192 - INFO - Building stim pattern for pattern_name 3806
2026-02-13 13:12:07,207 - INFO - Building stim pattern for pattern_name 2890
2026-02-13 13:12:07,220 - INFO - Building stim pattern for pattern_name 911
2026-02-13 13:12:07,273 - INFO - Building stim pattern for pattern_name 1825
2026-02-13 13:12:07,295 - INFO - Building stim pattern for pattern_name 3457
2026-02-13 13:12:07,308 - INFO - Building stim pattern for pattern_name 214
2026-02-13 13:12:07,321 - INFO - Building stim pattern for pattern_name 3925
2026-02-13 13:12:07,334 - INFO - Building stim pattern for pattern_name 3496
2026-02-13 13:12:07,347 - INFO - Building stim pattern for pattern_name 762
2026-02-13 13:12:07,361 - INFO - Building stim pattern for pattern_name 1198
2026-02-13 13:12:07,377 - INFO - Building stim pattern for pattern_name 2498
2026-02-13 13:12:07,391 - INFO - Building stim pattern for pattern_name 1480
2026-02-13 13:12:07,406 - INFO - Building stim pattern for pattern_name 3744
2026-02-13 13:12:07,428 - INFO - Building stim pattern for pattern_name 3995
2026-02-13 13:12:07,442 - INFO - Building stim pattern for pattern_name 3146
2026-02-13 13:12:07,457 - INFO - Building stim pattern for pattern_name 3466
2026-02-13 13:12:07,471 - INFO - Building stim pattern for pattern_name 649
2026-02-13 13:12:07,487 - INFO - Building stim pattern for pattern_name 3286
2026-02-13 13:12:07,503 - INFO - Building stim pattern for pattern_name 111
2026-02-13 13:12:07,533 - INFO - Building stim pattern for pattern_name 1033
2026-02-13 13:12:07,551 - INFO - Building stim pattern for pattern_name 1236
2026-02-13 13:12:07,566 - INFO - Unique patterns: 4050, Total trials: 5000
2026-02-13 13:12:07,580 - INFO - Split (oracle): train=3400, val=600, test=1000
2026-02-13 13:12:22,070 - INFO - BinnedStimSpikeDataset initialized:
2026-02-13 13:12:22,073 - INFO -   input_bin_size_ms=10, output_bin_size_ms=10
2026-02-13 13:12:22,073 - INFO -   n_input_bins=60, n_output_bins=60
2026-02-13 13:12:22,073 - INFO -   output_offset=0, total_bins_input=60, total_bins_output=60
2026-02-13 13:12:22,073 - INFO -   Valid start positions per trial: 0 to 0
2026-02-13 13:12:22,073 - INFO -   Total samples: 3400 (3400 trials × 1 positions)
2026-02-13 13:12:39,431 - INFO - BinnedStimSpikeDataset initialized:
2026-02-13 13:12:39,434 - INFO -   input_bin_size_ms=10, output_bin_size_ms=10
2026-02-13 13:12:39,434 - INFO -   n_input_bins=60, n_output_bins=60
2026-02-13 13:12:39,434 - INFO -   output_offset=0, total_bins_input=60, total_bins_output=60
2026-02-13 13:12:39,434 - INFO -   Valid start positions per trial: 0 to 0
2026-02-13 13:12:39,434 - INFO -   Total samples: 600 (600 trials × 1 positions)
2026-02-13 13:12:53,691 - INFO - BinnedStimSpikeDataset initialized:
2026-02-13 13:12:53,693 - INFO -   input_bin_size_ms=10, output_bin_size_ms=10
2026-02-13 13:12:53,693 - INFO -   n_input_bins=60, n_output_bins=60
2026-02-13 13:12:53,694 - INFO -   output_offset=0, total_bins_input=60, total_bins_output=60
2026-02-13 13:12:53,694 - INFO -   Valid start positions per trial: 0 to 0
2026-02-13 13:12:53,694 - INFO -   Total samples: 1000 (1000 trials × 1 positions)
2026-02-13 13:12:53,694 - INFO - Samples — train: 3400, val: 600, test: 1000
2026-02-13 13:12:53,694 - INFO - Input channels: 105, Neurons: 63
2026-02-13 13:12:53,694 - INFO - Using Apple Silicon MPS acceleration
2026-02-13 13:12:53,718 - INFO - Model: CNN — 855,999 trainable params (855,999 total)
2026-02-13 13:12:53,719 - INFO - Starting training …
2026-02-13 13:12:57,869 - INFO - Epoch   1/50 | Train: 0.237229 | Val: 0.200277 | Corr: 0.162022 | LR: 1.00e-03
2026-02-13 13:12:57,886 - INFO -   ↳ Saved best model (val_corr=0.162022)
2026-02-13 13:13:01,869 - INFO - Epoch   2/50 | Train: 0.198224 | Val: 0.197239 | Corr: 0.181082 | LR: 1.00e-03
2026-02-13 13:13:01,895 - INFO -   ↳ Saved best model (val_corr=0.181082)
2026-02-13 13:13:05,976 - INFO - Epoch   3/50 | Train: 0.194560 | Val: 0.195575 | Corr: 0.191194 | LR: 1.00e-03
2026-02-13 13:13:06,017 - INFO -   ↳ Saved best model (val_corr=0.191194)
2026-02-13 13:13:10,148 - INFO - Epoch   4/50 | Train: 0.192073 | Val: 0.193673 | Corr: 0.205911 | LR: 1.00e-03
2026-02-13 13:13:10,175 - INFO -   ↳ Saved best model (val_corr=0.205911)
2026-02-13 13:13:14,055 - INFO - Epoch   5/50 | Train: 0.189927 | Val: 0.191831 | Corr: 0.216178 | LR: 1.00e-03
2026-02-13 13:13:14,071 - INFO -   ↳ Saved best model (val_corr=0.216178)
2026-02-13 13:13:19,790 - INFO - Epoch   6/50 | Train: 0.187815 | Val: 0.190296 | Corr: 0.226999 | LR: 1.00e-03
2026-02-13 13:13:19,818 - INFO -   ↳ Saved best model (val_corr=0.226999)
2026-02-13 13:13:24,780 - INFO - Epoch   7/50 | Train: 0.185901 | Val: 0.189011 | Corr: 0.233217 | LR: 1.00e-03
2026-02-13 13:13:24,802 - INFO -   ↳ Saved best model (val_corr=0.233217)
2026-02-13 13:13:28,950 - INFO - Epoch   8/50 | Train: 0.184334 | Val: 0.188698 | Corr: 0.240129 | LR: 1.00e-03
2026-02-13 13:13:28,970 - INFO -   ↳ Saved best model (val_corr=0.240129)
2026-02-13 13:13:33,029 - INFO - Epoch   9/50 | Train: 0.183063 | Val: 0.187303 | Corr: 0.245171 | LR: 1.00e-03
2026-02-13 13:13:33,046 - INFO -   ↳ Saved best model (val_corr=0.245171)
2026-02-13 13:13:37,001 - INFO - Epoch  10/50 | Train: 0.181914 | Val: 0.186551 | Corr: 0.248794 | LR: 1.00e-03
2026-02-13 13:13:37,017 - INFO -   ↳ Saved best model (val_corr=0.248794)
2026-02-13 13:13:40,904 - INFO - Epoch  11/50 | Train: 0.180823 | Val: 0.186686 | Corr: 0.251734 | LR: 1.00e-03
2026-02-13 13:13:40,922 - INFO -   ↳ Saved best model (val_corr=0.251734)
2026-02-13 13:13:44,881 - INFO - Epoch  12/50 | Train: 0.180100 | Val: 0.185777 | Corr: 0.255102 | LR: 1.00e-03
2026-02-13 13:13:44,898 - INFO -   ↳ Saved best model (val_corr=0.255102)
2026-02-13 13:13:48,529 - INFO - Epoch  13/50 | Train: 0.179204 | Val: 0.185848 | Corr: 0.255435 | LR: 1.00e-03
2026-02-13 13:13:48,550 - INFO -   ↳ Saved best model (val_corr=0.255435)
2026-02-13 13:13:52,012 - INFO - Epoch  14/50 | Train: 0.178444 | Val: 0.185395 | Corr: 0.258823 | LR: 1.00e-03
2026-02-13 13:13:52,037 - INFO -   ↳ Saved best model (val_corr=0.258823)
2026-02-13 13:13:55,679 - INFO - Epoch  15/50 | Train: 0.177731 | Val: 0.185250 | Corr: 0.259815 | LR: 1.00e-03
2026-02-13 13:13:55,699 - INFO -   ↳ Saved best model (val_corr=0.259815)
2026-02-13 13:14:00,044 - INFO - Epoch  16/50 | Train: 0.177034 | Val: 0.185171 | Corr: 0.260703 | LR: 1.00e-03
2026-02-13 13:14:00,065 - INFO -   ↳ Saved best model (val_corr=0.260703)
2026-02-13 13:14:04,400 - INFO - Epoch  17/50 | Train: 0.176339 | Val: 0.184898 | Corr: 0.263507 | LR: 1.00e-03
2026-02-13 13:14:04,420 - INFO -   ↳ Saved best model (val_corr=0.263507)
2026-02-13 13:14:08,394 - INFO - Epoch  18/50 | Train: 0.175736 | Val: 0.184818 | Corr: 0.264806 | LR: 1.00e-03
2026-02-13 13:14:08,417 - INFO -   ↳ Saved best model (val_corr=0.264806)
2026-02-13 13:14:12,381 - INFO - Epoch  19/50 | Train: 0.175218 | Val: 0.184549 | Corr: 0.264949 | LR: 1.00e-03
2026-02-13 13:14:12,413 - INFO -   ↳ Saved best model (val_corr=0.264949)
2026-02-13 13:14:16,141 - INFO - Epoch  20/50 | Train: 0.174725 | Val: 0.184482 | Corr: 0.266570 | LR: 1.00e-03
2026-02-13 13:14:16,170 - INFO -   ↳ Saved best model (val_corr=0.266570)
2026-02-13 13:14:19,967 - INFO - Epoch  21/50 | Train: 0.174211 | Val: 0.184347 | Corr: 0.267635 | LR: 1.00e-03
2026-02-13 13:14:19,986 - INFO -   ↳ Saved best model (val_corr=0.267635)
2026-02-13 13:14:23,780 - INFO - Epoch  22/50 | Train: 0.173709 | Val: 0.184631 | Corr: 0.268553 | LR: 1.00e-03
2026-02-13 13:14:23,804 - INFO -   ↳ Saved best model (val_corr=0.268553)
2026-02-13 13:14:27,622 - INFO - Epoch  23/50 | Train: 0.173140 | Val: 0.184601 | Corr: 0.268017 | LR: 1.00e-03
2026-02-13 13:14:31,430 - INFO - Epoch  24/50 | Train: 0.172881 | Val: 0.184677 | Corr: 0.268929 | LR: 1.00e-03
2026-02-13 13:14:31,480 - INFO -   ↳ Saved best model (val_corr=0.268929)
2026-02-13 13:14:35,247 - INFO - Epoch  25/50 | Train: 0.172301 | Val: 0.184615 | Corr: 0.270068 | LR: 1.00e-03
2026-02-13 13:14:35,268 - INFO -   ↳ Saved best model (val_corr=0.270068)
2026-02-13 13:14:39,129 - INFO - Epoch  26/50 | Train: 0.172059 | Val: 0.184578 | Corr: 0.270136 | LR: 1.00e-03
2026-02-13 13:14:39,145 - INFO -   ↳ Saved best model (val_corr=0.270136)
2026-02-13 13:14:43,123 - INFO - Epoch  27/50 | Train: 0.171662 | Val: 0.184674 | Corr: 0.270870 | LR: 5.00e-04
2026-02-13 13:14:43,145 - INFO -   ↳ Saved best model (val_corr=0.270870)
2026-02-13 13:14:47,299 - INFO - Epoch  28/50 | Train: 0.170247 | Val: 0.184592 | Corr: 0.272777 | LR: 5.00e-04
2026-02-13 13:14:47,317 - INFO -   ↳ Saved best model (val_corr=0.272777)
2026-02-13 13:14:51,108 - INFO - Epoch  29/50 | Train: 0.169744 | Val: 0.184657 | Corr: 0.272412 | LR: 5.00e-04
2026-02-13 13:14:54,808 - INFO - Epoch  30/50 | Train: 0.169362 | Val: 0.184656 | Corr: 0.272894 | LR: 5.00e-04
2026-02-13 13:14:54,825 - INFO -   ↳ Saved best model (val_corr=0.272894)
2026-02-13 13:14:58,621 - INFO - Epoch  31/50 | Train: 0.169177 | Val: 0.184898 | Corr: 0.272279 | LR: 5.00e-04
2026-02-13 13:15:02,358 - INFO - Epoch  32/50 | Train: 0.169012 | Val: 0.184968 | Corr: 0.273274 | LR: 5.00e-04
2026-02-13 13:15:02,377 - INFO -   ↳ Saved best model (val_corr=0.273274)
2026-02-13 13:15:06,138 - INFO - Epoch  33/50 | Train: 0.168743 | Val: 0.184966 | Corr: 0.272916 | LR: 2.50e-04
2026-02-13 13:15:09,859 - INFO - Epoch  34/50 | Train: 0.168064 | Val: 0.185031 | Corr: 0.273459 | LR: 2.50e-04
2026-02-13 13:15:09,878 - INFO -   ↳ Saved best model (val_corr=0.273459)
2026-02-13 13:15:14,105 - INFO - Epoch  35/50 | Train: 0.167815 | Val: 0.185334 | Corr: 0.273641 | LR: 2.50e-04
2026-02-13 13:15:14,158 - INFO -   ↳ Saved best model (val_corr=0.273641)
2026-02-13 13:15:17,744 - INFO - Epoch  36/50 | Train: 0.167607 | Val: 0.185134 | Corr: 0.273402 | LR: 2.50e-04
2026-02-13 13:15:21,401 - INFO - Epoch  37/50 | Train: 0.167552 | Val: 0.185595 | Corr: 0.272942 | LR: 2.50e-04
2026-02-13 13:15:25,153 - INFO - Epoch  38/50 | Train: 0.167432 | Val: 0.185380 | Corr: 0.273186 | LR: 2.50e-04
2026-02-13 13:15:28,911 - INFO - Epoch  39/50 | Train: 0.167285 | Val: 0.185461 | Corr: 0.273374 | LR: 1.25e-04
2026-02-13 13:15:32,705 - INFO - Epoch  40/50 | Train: 0.167001 | Val: 0.185268 | Corr: 0.273390 | LR: 1.25e-04
2026-02-13 13:15:36,371 - INFO - Epoch  41/50 | Train: 0.166799 | Val: 0.185772 | Corr: 0.273512 | LR: 1.25e-04
2026-02-13 13:15:39,945 - INFO - Epoch  42/50 | Train: 0.166768 | Val: 0.185758 | Corr: 0.273260 | LR: 1.25e-04
2026-02-13 13:15:43,904 - INFO - Epoch  43/50 | Train: 0.166636 | Val: 0.185517 | Corr: 0.273272 | LR: 1.25e-04
2026-02-13 13:15:47,741 - INFO - Epoch  44/50 | Train: 0.166627 | Val: 0.185774 | Corr: 0.273292 | LR: 1.25e-04
2026-02-13 13:15:51,870 - INFO - Epoch  45/50 | Train: 0.166508 | Val: 0.185999 | Corr: 0.273140 | LR: 6.25e-05
2026-02-13 13:15:51,870 - INFO - Early stopping at epoch 45
2026-02-13 13:15:51,870 - INFO - Training complete — best val corr: 0.273641
2026-02-13 13:15:52,763 - INFO - Test loss: 0.174811, Test corr: 0.274536
2026-02-13 13:15:53,198 - INFO - Generating figures …
2026-02-13 13:15:53,443 - INFO - Correlation between predicted and actual per-neuron averages: r=0.9937, p=1.01e-59
2026-02-13 13:15:54,280 - INFO - Pattern selectivity summary:
2026-02-13 13:15:54,281 - INFO -   Mean correlation across neurons: 0.4851
2026-02-13 13:15:54,281 - INFO -   Median correlation: 0.4988
2026-02-13 13:15:54,281 - INFO -   Neurons with r > 0.5: 31 / 63
2026-02-13 13:15:54,281 - INFO -   Neurons with r > 0.3: 53 / 63
2026-02-13 13:15:54,281 - INFO - Pattern selectivity — mean neuron corr: 0.4851
2026-02-13 13:15:54,785 - INFO - LOO baseline — Model mean r: 0.2809, LOO mean r: 0.4728, Neurons model > LOO: 3/63
2026-02-13 13:15:54,801 - INFO - Found 50 oracle patterns
2026-02-13 13:15:54,801 - INFO - Using input_bin_size=10ms, output_bin_size=10ms, n_input_bins=60, n_output_bins=60, output_offset=0
2026-02-13 13:15:54,801 - INFO - Total input bins: 100, Total output bins: 100
2026-02-13 13:15:54,801 - INFO - Valid input positions: 0 to 40
2026-02-13 13:15:54,809 - WARNING - Could not generate oracle trial plots: Given groups=1, weight of size [128, 105, 60], expected input[1, 42, 119] to have 105 channels, but got 42 channels instead
2026-02-13 13:15:54,810 - INFO - Experiment complete. Summary: {
  "run_dir": "results/cnn_history_sweep_2026-02-13_12-47-14/trial_0007_history=50",
  "model_type": "cnn",
  "test_loss": 0.17481086313724517,
  "test_corr": 0.27453611223441204,
  "best_val_corr": 0.27364136666619543,
  "total_params": 855999,
  "trainable_params": 855999,
  "epochs_trained": 45,
  "mean_pattern_corr": 0.48510429109711545,
  "loo_mean_corr": 0.47275709111471625,
  "model_sample_mean_corr": 0.28085698503556394,
  "neurons_model_beats_loo": 3
}
2026-02-13 13:15:54,814 - INFO - 
Saved 8 results to results/cnn_history_sweep_2026-02-13_12-47-14/sweep_results.csv
2026-02-13 13:15:54,814 - INFO - 
======================================================================
2026-02-13 13:15:54,814 - INFO - LEADERBOARD
2026-02-13 13:15:54,814 - INFO - ======================================================================
2026-02-13 13:15:54,814 - INFO -   trial_0000_history=1: test_corr=0.320680
2026-02-13 13:15:54,814 - INFO -   trial_0001_history=2: test_corr=0.319237
2026-02-13 13:15:54,814 - INFO -   trial_0007_history=50: test_corr=0.274536
2026-02-13 13:15:54,814 - INFO -   trial_0002_history=3: test_corr=0.267945
2026-02-13 13:15:54,814 - INFO -   trial_0006_history=30: test_corr=0.266166
2026-02-13 13:15:54,814 - INFO -   trial_0005_history=20: test_corr=0.258038
2026-02-13 13:15:54,814 - INFO -   trial_0003_history=5: test_corr=0.255788
2026-02-13 13:15:54,814 - INFO -   trial_0004_history=10: test_corr=0.255663
2026-02-13 13:15:54,814 - INFO - ======================================================================
2026-02-13 13:15:54,815 - INFO - Best config saved to results/cnn_history_sweep_2026-02-13_12-47-14/best_config.yaml
2026-02-13 13:15:54,815 - INFO - 
Sweep complete! All results under: results/cnn_history_sweep_2026-02-13_12-47-14
