2026-01-31 16:10:16,025 - INFO - ==================================================
2026-01-31 16:10:16,025 - INFO - Experiment run directory: results/binned_2026-01-31_16-10-16
2026-01-31 16:10:16,026 - INFO - Inference mode: False
2026-01-31 16:10:16,026 - INFO - Random seed: 42
2026-01-31 16:10:16,026 - INFO - ==================================================
2026-01-31 16:10:16,027 - INFO - Total trials: 5000
2026-01-31 16:10:16,044 - INFO - Oracle trials: 1000 (50 patterns × 10 trials)
2026-01-31 16:10:16,044 - INFO - Sample trials: 4000
2026-01-31 16:10:16,047 - INFO - Train: 3400, Val: 600, Test: 1000
2026-01-31 16:10:16,047 - INFO - Dataset config: bin_size=60ms, n_input_bins=1, n_output_bins=1, output_offset=0
2026-01-31 16:10:32,060 - INFO - BinnedStimSpikeDataset initialized:
2026-01-31 16:10:32,063 - INFO -   bin_size_ms=60, n_input_bins=1, n_output_bins=1
2026-01-31 16:10:32,063 - INFO -   output_offset=0, total_bins per trial=10
2026-01-31 16:10:32,063 - INFO -   Valid start positions per trial: 0 to 9
2026-01-31 16:10:32,064 - INFO -   Total samples: 34000 (3400 trials × 10 positions)
2026-01-31 16:10:46,965 - INFO - BinnedStimSpikeDataset initialized:
2026-01-31 16:10:46,966 - INFO -   bin_size_ms=60, n_input_bins=1, n_output_bins=1
2026-01-31 16:10:46,967 - INFO -   output_offset=0, total_bins per trial=10
2026-01-31 16:10:46,967 - INFO -   Valid start positions per trial: 0 to 9
2026-01-31 16:10:46,967 - INFO -   Total samples: 6000 (600 trials × 10 positions)
2026-01-31 16:11:02,106 - INFO - BinnedStimSpikeDataset initialized:
2026-01-31 16:11:02,107 - INFO -   bin_size_ms=60, n_input_bins=1, n_output_bins=1
2026-01-31 16:11:02,107 - INFO -   output_offset=0, total_bins per trial=10
2026-01-31 16:11:02,108 - INFO -   Valid start positions per trial: 0 to 9
2026-01-31 16:11:02,108 - INFO -   Total samples: 10000 (1000 trials × 10 positions)
2026-01-31 16:11:02,110 - INFO - Train samples: 34000, Val samples: 6000, Test samples: 10000
2026-01-31 16:11:02,110 - INFO - Train batches: 133, Val batches: 24, Test batches: 40
2026-01-31 16:11:02,111 - INFO - Number of stimulation channels: 42
2026-01-31 16:11:02,111 - INFO - Number of recorded neurons: 63
2026-01-31 16:11:02,120 - INFO - Sample X shape: torch.Size([42, 1]) (n_channels, n_input_bins)
2026-01-31 16:11:02,121 - INFO - Sample Y shape: torch.Size([63, 1]) (n_neurons, n_output_bins)
2026-01-31 16:11:02,155 - INFO - Using Apple Silicon MPS acceleration
2026-01-31 16:11:02,156 - INFO - PyTorch version: 2.10.0.dev20251124
2026-01-31 16:11:02,157 - INFO - Device: mps
2026-01-31 16:11:02,158 - INFO - Saved experiment config to results/binned_2026-01-31_16-10-16/config.json
2026-01-31 16:11:02,898 - INFO - Saved spike distribution plot (counts mode) to results/binned_2026-01-31_16-10-16/train_spike_distribution_counts.png
2026-01-31 16:11:03,685 - INFO - Saved spike distribution plot (binary mode) to results/binned_2026-01-31_16-10-16/train_spike_distribution_binary.png
2026-01-31 16:19:49,763 - INFO - Model: CNN
2026-01-31 16:19:49,763 - INFO -   Embedding: 5 categories -> 8-dim vectors
2026-01-31 16:19:49,764 - INFO -   Hidden layers: CNN
2026-01-31 16:19:49,764 - INFO -   Dropout: 0.2
2026-01-31 16:19:49,764 - INFO -   Total parameters: 56,839
2026-01-31 16:19:49,764 - INFO -   Trainable parameters: 56,839
2026-01-31 16:19:51,058 - INFO - Input shape: torch.Size([256, 42, 1]), dtype: torch.int64
2026-01-31 16:19:51,058 - INFO - Output shape: torch.Size([256, 63, 1])
2026-01-31 16:19:51,059 - INFO - Target shape: torch.Size([256, 63, 1])
2026-01-31 16:19:51,059 - INFO - ✓ Output and target shapes match!
2026-01-31 16:19:59,816 - INFO - Sample model outputs (first batch):
2026-01-31 16:19:59,817 - INFO - Sample 0 target (neuron 4, all output bins): [0.]
2026-01-31 16:19:59,818 - INFO - Sample 1 target (neuron 4, all output bins): [0.]
2026-01-31 16:19:59,823 - INFO - Sample 0 model output (neuron 4, all output bins): [-1.9123467]
2026-01-31 16:19:59,823 - INFO - Sample 1 model output (neuron 4, all output bins): [-1.8986993]
2026-01-31 16:20:30,383 - INFO - Starting training...
2026-01-31 16:20:30,384 - INFO - ==================================================
2026-01-31 16:20:39,190 - INFO - Epoch   1/50 | Train Loss: 0.495731 | Val Loss: 0.495810 | LR: 1.00e-03
2026-01-31 16:20:39,201 - INFO - Saved best model to results/binned_2026-01-31_16-10-16/best_stim_spike_model.pt
2026-01-31 16:20:46,384 - INFO - Epoch   2/50 | Train Loss: 0.490697 | Val Loss: 0.495218 | LR: 1.00e-03
2026-01-31 16:20:46,392 - INFO - Saved best model to results/binned_2026-01-31_16-10-16/best_stim_spike_model.pt
2026-01-31 16:20:53,559 - INFO - Epoch   3/50 | Train Loss: 0.490641 | Val Loss: 0.495954 | LR: 1.00e-03
2026-01-31 16:21:00,738 - INFO - Epoch   4/50 | Train Loss: 0.490605 | Val Loss: 0.495218 | LR: 1.00e-03
2026-01-31 16:21:08,036 - INFO - Epoch   5/50 | Train Loss: 0.490592 | Val Loss: 0.495187 | LR: 1.00e-03
2026-01-31 16:21:08,045 - INFO - Saved best model to results/binned_2026-01-31_16-10-16/best_stim_spike_model.pt
2026-01-31 16:21:15,362 - INFO - Epoch   6/50 | Train Loss: 0.490464 | Val Loss: 0.495049 | LR: 1.00e-03
2026-01-31 16:21:15,372 - INFO - Saved best model to results/binned_2026-01-31_16-10-16/best_stim_spike_model.pt
2026-01-31 16:21:22,826 - INFO - Epoch   7/50 | Train Loss: 0.490423 | Val Loss: 0.495041 | LR: 1.00e-03
2026-01-31 16:21:22,835 - INFO - Saved best model to results/binned_2026-01-31_16-10-16/best_stim_spike_model.pt
2026-01-31 16:21:30,106 - INFO - Epoch   8/50 | Train Loss: 0.490364 | Val Loss: 0.495325 | LR: 1.00e-03
2026-01-31 16:21:37,479 - INFO - Epoch   9/50 | Train Loss: 0.490352 | Val Loss: 0.495310 | LR: 1.00e-03
2026-01-31 16:21:44,742 - INFO - Epoch  10/50 | Train Loss: 0.490297 | Val Loss: 0.495063 | LR: 1.00e-03
2026-01-31 16:21:52,013 - INFO - Epoch  11/50 | Train Loss: 0.490405 | Val Loss: 0.495359 | LR: 1.00e-03
2026-01-31 16:21:59,251 - INFO - Epoch  12/50 | Train Loss: 0.490281 | Val Loss: 0.494872 | LR: 1.00e-03
2026-01-31 16:21:59,267 - INFO - Saved best model to results/binned_2026-01-31_16-10-16/best_stim_spike_model.pt
2026-01-31 16:22:06,462 - INFO - Epoch  13/50 | Train Loss: 0.490325 | Val Loss: 0.494943 | LR: 1.00e-03
2026-01-31 16:22:13,654 - INFO - Epoch  14/50 | Train Loss: 0.490163 | Val Loss: 0.494974 | LR: 1.00e-03
2026-01-31 16:22:20,950 - INFO - Epoch  15/50 | Train Loss: 0.490201 | Val Loss: 0.494984 | LR: 1.00e-03
2026-01-31 16:22:28,249 - INFO - Epoch  16/50 | Train Loss: 0.490208 | Val Loss: 0.494980 | LR: 1.00e-03
2026-01-31 16:22:35,469 - INFO - Epoch  17/50 | Train Loss: 0.490162 | Val Loss: 0.495280 | LR: 1.00e-03
2026-01-31 16:22:42,731 - INFO - Epoch  18/50 | Train Loss: 0.490157 | Val Loss: 0.494903 | LR: 5.00e-04
2026-01-31 16:22:49,883 - INFO - Epoch  19/50 | Train Loss: 0.490001 | Val Loss: 0.494842 | LR: 5.00e-04
2026-01-31 16:22:49,892 - INFO - Saved best model to results/binned_2026-01-31_16-10-16/best_stim_spike_model.pt
2026-01-31 16:22:57,080 - INFO - Epoch  20/50 | Train Loss: 0.489878 | Val Loss: 0.494657 | LR: 5.00e-04
2026-01-31 16:22:57,090 - INFO - Saved best model to results/binned_2026-01-31_16-10-16/best_stim_spike_model.pt
2026-01-31 16:23:04,187 - INFO - Epoch  21/50 | Train Loss: 0.490007 | Val Loss: 0.494746 | LR: 5.00e-04
2026-01-31 16:23:11,380 - INFO - Epoch  22/50 | Train Loss: 0.489924 | Val Loss: 0.495071 | LR: 5.00e-04
2026-01-31 16:23:18,765 - INFO - Epoch  23/50 | Train Loss: 0.489939 | Val Loss: 0.494862 | LR: 5.00e-04
2026-01-31 16:23:26,069 - INFO - Epoch  24/50 | Train Loss: 0.489912 | Val Loss: 0.494764 | LR: 5.00e-04
2026-01-31 16:23:33,317 - INFO - Epoch  25/50 | Train Loss: 0.489974 | Val Loss: 0.494710 | LR: 5.00e-04
2026-01-31 16:23:40,612 - INFO - Epoch  26/50 | Train Loss: 0.489927 | Val Loss: 0.494840 | LR: 2.50e-04
2026-01-31 16:23:47,906 - INFO - Epoch  27/50 | Train Loss: 0.489806 | Val Loss: 0.494736 | LR: 2.50e-04
2026-01-31 16:23:55,047 - INFO - Epoch  28/50 | Train Loss: 0.489815 | Val Loss: 0.494901 | LR: 2.50e-04
2026-01-31 16:24:02,050 - INFO - Epoch  29/50 | Train Loss: 0.489787 | Val Loss: 0.494754 | LR: 2.50e-04
2026-01-31 16:24:09,035 - INFO - Epoch  30/50 | Train Loss: 0.489763 | Val Loss: 0.494711 | LR: 2.50e-04
2026-01-31 16:24:09,036 - INFO - Early stopping at epoch 30
2026-01-31 16:24:09,037 - INFO - ==================================================
2026-01-31 16:24:09,037 - INFO - Training complete! Best validation loss: 0.494657
2026-01-31 16:24:09,038 - INFO - Saved training history to results/binned_2026-01-31_16-10-16/training_history.json
2026-01-31 16:24:17,595 - INFO - Correlation between predicted and actual per-neuron averages: r=0.9955, p=3.97e-64
2026-01-31 16:24:38,379 - INFO - Pattern selectivity summary:
2026-01-31 16:24:38,380 - INFO -   Mean correlation across neurons: 0.2541
2026-01-31 16:24:38,381 - INFO -   Median correlation: 0.2558
2026-01-31 16:24:38,381 - INFO -   Neurons with r > 0.5: 4 / 63
2026-01-31 16:24:38,382 - INFO -   Neurons with r > 0.3: 26 / 63
2026-01-31 16:31:34,263 - INFO - Pattern selectivity summary:
2026-01-31 16:31:34,266 - INFO -   Mean correlation across neurons: 0.2541
2026-01-31 16:31:34,266 - INFO -   Median correlation: 0.2558
2026-01-31 16:31:34,267 - INFO -   Neurons with r > 0.5: 4 / 63
2026-01-31 16:31:34,267 - INFO -   Neurons with r > 0.3: 26 / 63
2026-01-31 16:31:34,412 - INFO - 
Pattern selectivity summary:
2026-01-31 16:31:34,413 - INFO -   Mean correlation across neurons: 0.2541
2026-01-31 16:31:34,413 - INFO -   Median correlation: 0.2558
2026-01-31 16:31:34,413 - INFO -   Neurons with r > 0.5: 4 / 63
2026-01-31 16:31:34,414 - INFO -   Neurons with r > 0.3: 26 / 63
2026-01-31 16:46:09,270 - INFO - Model: CNN
2026-01-31 16:46:09,272 - INFO -   Embedding: 5 categories -> 8-dim vectors
2026-01-31 16:46:09,272 - INFO -   Hidden layers: CNN
2026-01-31 16:46:09,273 - INFO -   Dropout: 0.2
2026-01-31 16:46:09,273 - INFO -   Total parameters: 56,839
2026-01-31 16:46:09,274 - INFO -   Trainable parameters: 56,839
2026-01-31 16:46:09,292 - INFO - Input shape: torch.Size([256, 42, 1]), dtype: torch.int64
2026-01-31 16:46:09,310 - INFO - Output shape: torch.Size([256, 63, 1])
2026-01-31 16:46:09,316 - INFO - Target shape: torch.Size([256, 63, 1])
2026-01-31 16:46:09,330 - INFO - ✓ Output and target shapes match!
2026-01-31 16:46:09,833 - INFO - Sample model outputs (first batch):
2026-01-31 16:46:09,834 - INFO - Sample 0 target (neuron 4, all output bins): [0.]
2026-01-31 16:46:09,834 - INFO - Sample 1 target (neuron 4, all output bins): [0.]
2026-01-31 16:46:09,835 - INFO - Sample 0 model output (neuron 4, all output bins): [-1.9793822]
2026-01-31 16:46:09,836 - INFO - Sample 1 model output (neuron 4, all output bins): [-1.9313898]
2026-01-31 16:46:10,502 - INFO - Starting training...
2026-01-31 16:46:10,503 - INFO - ==================================================
2026-01-31 16:46:17,864 - INFO - Epoch   1/50 | Train Loss: 0.495783 | Val Loss: 0.495477 | LR: 1.00e-03
2026-01-31 16:46:17,872 - INFO - Saved best model to results/binned_2026-01-31_16-10-16/best_stim_spike_model.pt
2026-01-31 16:46:25,098 - INFO - Epoch   2/50 | Train Loss: 0.490765 | Val Loss: 0.495204 | LR: 1.00e-03
2026-01-31 16:46:25,107 - INFO - Saved best model to results/binned_2026-01-31_16-10-16/best_stim_spike_model.pt
2026-01-31 16:46:32,384 - INFO - Epoch   3/50 | Train Loss: 0.490656 | Val Loss: 0.494993 | LR: 1.00e-03
2026-01-31 16:46:32,391 - INFO - Saved best model to results/binned_2026-01-31_16-10-16/best_stim_spike_model.pt
2026-01-31 16:46:39,659 - INFO - Epoch   4/50 | Train Loss: 0.490547 | Val Loss: 0.495544 | LR: 1.00e-03
2026-01-31 16:46:46,828 - INFO - Epoch   5/50 | Train Loss: 0.490469 | Val Loss: 0.495570 | LR: 1.00e-03
2026-01-31 16:46:54,050 - INFO - Epoch   6/50 | Train Loss: 0.490377 | Val Loss: 0.495049 | LR: 1.00e-03
2026-01-31 16:47:01,148 - INFO - Epoch   7/50 | Train Loss: 0.490331 | Val Loss: 0.495676 | LR: 1.00e-03
2026-01-31 16:47:08,374 - INFO - Epoch   8/50 | Train Loss: 0.490421 | Val Loss: 0.495353 | LR: 1.00e-03
2026-01-31 16:47:15,538 - INFO - Epoch   9/50 | Train Loss: 0.490435 | Val Loss: 0.495066 | LR: 5.00e-04
2026-01-31 16:47:22,354 - INFO - Epoch  10/50 | Train Loss: 0.490034 | Val Loss: 0.494936 | LR: 5.00e-04
2026-01-31 16:47:22,436 - INFO - Saved best model to results/binned_2026-01-31_16-10-16/best_stim_spike_model.pt
2026-01-31 16:47:29,797 - INFO - Epoch  11/50 | Train Loss: 0.490030 | Val Loss: 0.495037 | LR: 5.00e-04
2026-01-31 16:47:37,079 - INFO - Epoch  12/50 | Train Loss: 0.490046 | Val Loss: 0.494832 | LR: 5.00e-04
2026-01-31 16:47:37,087 - INFO - Saved best model to results/binned_2026-01-31_16-10-16/best_stim_spike_model.pt
2026-01-31 16:47:44,592 - INFO - Epoch  13/50 | Train Loss: 0.490052 | Val Loss: 0.494636 | LR: 5.00e-04
2026-01-31 16:47:44,600 - INFO - Saved best model to results/binned_2026-01-31_16-10-16/best_stim_spike_model.pt
2026-01-31 16:47:52,028 - INFO - Epoch  14/50 | Train Loss: 0.489970 | Val Loss: 0.495021 | LR: 5.00e-04
2026-01-31 16:47:59,388 - INFO - Epoch  15/50 | Train Loss: 0.490056 | Val Loss: 0.494891 | LR: 5.00e-04
2026-01-31 16:48:06,850 - INFO - Epoch  16/50 | Train Loss: 0.490126 | Val Loss: 0.495002 | LR: 5.00e-04
2026-01-31 16:48:14,216 - INFO - Epoch  17/50 | Train Loss: 0.490044 | Val Loss: 0.494833 | LR: 5.00e-04
2026-01-31 16:48:21,694 - INFO - Epoch  18/50 | Train Loss: 0.490010 | Val Loss: 0.495128 | LR: 5.00e-04
2026-01-31 16:48:29,057 - INFO - Epoch  19/50 | Train Loss: 0.489980 | Val Loss: 0.494811 | LR: 2.50e-04
2026-01-31 16:48:36,694 - INFO - Epoch  20/50 | Train Loss: 0.489869 | Val Loss: 0.494735 | LR: 2.50e-04
2026-01-31 16:48:44,181 - INFO - Epoch  21/50 | Train Loss: 0.489867 | Val Loss: 0.494885 | LR: 2.50e-04
2026-01-31 16:48:51,488 - INFO - Epoch  22/50 | Train Loss: 0.489783 | Val Loss: 0.494804 | LR: 2.50e-04
2026-01-31 16:48:58,771 - INFO - Epoch  23/50 | Train Loss: 0.489900 | Val Loss: 0.494796 | LR: 2.50e-04
2026-01-31 16:48:58,771 - INFO - Early stopping at epoch 23
2026-01-31 16:48:58,772 - INFO - ==================================================
2026-01-31 16:48:58,772 - INFO - Training complete! Best validation loss: 0.494636
2026-01-31 16:48:58,773 - INFO - Saved training history to results/binned_2026-01-31_16-10-16/training_history.json
2026-01-31 16:48:59,733 - INFO - Correlation between predicted and actual per-neuron averages: r=0.9971, p=3.52e-70
2026-01-31 16:49:00,707 - INFO - Pattern selectivity summary:
2026-01-31 16:49:00,707 - INFO -   Mean correlation across neurons: 0.2638
2026-01-31 16:49:00,708 - INFO -   Median correlation: 0.2856
2026-01-31 16:49:00,708 - INFO -   Neurons with r > 0.5: 2 / 63
2026-01-31 16:49:00,709 - INFO -   Neurons with r > 0.3: 27 / 63
2026-01-31 16:49:00,873 - INFO - 
Pattern selectivity summary:
2026-01-31 16:49:00,873 - INFO -   Mean correlation across neurons: 0.2638
2026-01-31 16:49:00,874 - INFO -   Median correlation: 0.2856
2026-01-31 16:49:00,874 - INFO -   Neurons with r > 0.5: 2 / 63
2026-01-31 16:49:00,874 - INFO -   Neurons with r > 0.3: 27 / 63
2026-01-31 16:49:22,581 - INFO - Starting training...
2026-01-31 16:49:22,582 - INFO - ==================================================
2026-01-31 16:49:30,048 - INFO - Epoch   1/50 | Train Loss: 0.490255 | Val Loss: 0.495093 | LR: 1.00e-03
2026-01-31 16:49:30,059 - INFO - Saved best model to results/binned_2026-01-31_16-10-16/best_stim_spike_model.pt
2026-01-31 16:49:37,294 - INFO - Epoch   2/50 | Train Loss: 0.490247 | Val Loss: 0.495166 | LR: 1.00e-03
2026-01-31 16:49:44,610 - INFO - Epoch   3/50 | Train Loss: 0.490262 | Val Loss: 0.494673 | LR: 1.00e-03
2026-01-31 16:49:44,618 - INFO - Saved best model to results/binned_2026-01-31_16-10-16/best_stim_spike_model.pt
2026-01-31 16:49:52,030 - INFO - Epoch   4/50 | Train Loss: 0.490146 | Val Loss: 0.494911 | LR: 1.00e-03
2026-01-31 16:49:59,398 - INFO - Epoch   5/50 | Train Loss: 0.490170 | Val Loss: 0.495169 | LR: 1.00e-03
2026-01-31 16:50:06,848 - INFO - Epoch   6/50 | Train Loss: 0.490100 | Val Loss: 0.494864 | LR: 1.00e-03
2026-01-31 16:50:14,167 - INFO - Epoch   7/50 | Train Loss: 0.490123 | Val Loss: 0.495360 | LR: 1.00e-03
2026-01-31 16:50:21,506 - INFO - Epoch   8/50 | Train Loss: 0.490146 | Val Loss: 0.495239 | LR: 1.00e-03
2026-01-31 16:50:28,772 - INFO - Epoch   9/50 | Train Loss: 0.490062 | Val Loss: 0.495057 | LR: 5.00e-04
2026-01-31 16:50:35,783 - INFO - Epoch  10/50 | Train Loss: 0.489857 | Val Loss: 0.494808 | LR: 5.00e-04
2026-01-31 16:50:43,056 - INFO - Epoch  11/50 | Train Loss: 0.489909 | Val Loss: 0.494613 | LR: 5.00e-04
2026-01-31 16:50:43,065 - INFO - Saved best model to results/binned_2026-01-31_16-10-16/best_stim_spike_model.pt
2026-01-31 16:50:50,367 - INFO - Epoch  12/50 | Train Loss: 0.489930 | Val Loss: 0.494675 | LR: 5.00e-04
2026-01-31 16:50:57,706 - INFO - Epoch  13/50 | Train Loss: 0.489911 | Val Loss: 0.494821 | LR: 5.00e-04
2026-01-31 16:51:05,100 - INFO - Epoch  14/50 | Train Loss: 0.489913 | Val Loss: 0.495113 | LR: 5.00e-04
2026-01-31 16:51:12,580 - INFO - Epoch  15/50 | Train Loss: 0.489925 | Val Loss: 0.494668 | LR: 5.00e-04
2026-01-31 16:51:20,030 - INFO - Epoch  16/50 | Train Loss: 0.489975 | Val Loss: 0.494840 | LR: 5.00e-04
2026-01-31 16:51:27,445 - INFO - Epoch  17/50 | Train Loss: 0.489926 | Val Loss: 0.494785 | LR: 2.50e-04
2026-01-31 16:51:34,784 - INFO - Epoch  18/50 | Train Loss: 0.489740 | Val Loss: 0.494680 | LR: 2.50e-04
2026-01-31 16:51:41,756 - INFO - Epoch  19/50 | Train Loss: 0.489800 | Val Loss: 0.494576 | LR: 2.50e-04
2026-01-31 16:51:41,765 - INFO - Saved best model to results/binned_2026-01-31_16-10-16/best_stim_spike_model.pt
2026-01-31 16:51:48,762 - INFO - Epoch  20/50 | Train Loss: 0.489775 | Val Loss: 0.494663 | LR: 2.50e-04
2026-01-31 16:51:55,875 - INFO - Epoch  21/50 | Train Loss: 0.489812 | Val Loss: 0.494693 | LR: 2.50e-04
2026-01-31 16:52:02,828 - INFO - Epoch  22/50 | Train Loss: 0.489718 | Val Loss: 0.494805 | LR: 2.50e-04
2026-01-31 16:52:09,894 - INFO - Epoch  23/50 | Train Loss: 0.489774 | Val Loss: 0.494693 | LR: 1.25e-04
2026-01-31 16:52:16,931 - INFO - Epoch  24/50 | Train Loss: 0.489836 | Val Loss: 0.494709 | LR: 1.25e-04
2026-01-31 16:52:24,178 - INFO - Epoch  25/50 | Train Loss: 0.489672 | Val Loss: 0.494785 | LR: 1.25e-04
2026-01-31 16:52:31,768 - INFO - Epoch  26/50 | Train Loss: 0.489682 | Val Loss: 0.494656 | LR: 1.25e-04
2026-01-31 16:52:39,198 - INFO - Epoch  27/50 | Train Loss: 0.489755 | Val Loss: 0.494742 | LR: 1.25e-04
2026-01-31 16:52:46,648 - INFO - Epoch  28/50 | Train Loss: 0.489753 | Val Loss: 0.494647 | LR: 1.25e-04
2026-01-31 16:52:54,075 - INFO - Epoch  29/50 | Train Loss: 0.489745 | Val Loss: 0.494682 | LR: 6.25e-05
2026-01-31 16:52:54,075 - INFO - Early stopping at epoch 29
2026-01-31 16:52:54,076 - INFO - ==================================================
2026-01-31 16:52:54,077 - INFO - Training complete! Best validation loss: 0.494576
2026-01-31 16:52:54,078 - INFO - Saved training history to results/binned_2026-01-31_16-10-16/training_history.json
2026-01-31 16:52:54,701 - INFO - Correlation between predicted and actual per-neuron averages: r=0.9973, p=6.50e-71
2026-01-31 16:52:55,328 - INFO - Pattern selectivity summary:
2026-01-31 16:52:55,329 - INFO -   Mean correlation across neurons: 0.2567
2026-01-31 16:52:55,329 - INFO -   Median correlation: 0.2778
2026-01-31 16:52:55,330 - INFO -   Neurons with r > 0.5: 2 / 63
2026-01-31 16:52:55,330 - INFO -   Neurons with r > 0.3: 29 / 63
2026-01-31 16:52:55,473 - INFO - 
Pattern selectivity summary:
2026-01-31 16:52:55,474 - INFO -   Mean correlation across neurons: 0.2567
2026-01-31 16:52:55,474 - INFO -   Median correlation: 0.2778
2026-01-31 16:52:55,475 - INFO -   Neurons with r > 0.5: 2 / 63
2026-01-31 16:52:55,475 - INFO -   Neurons with r > 0.3: 29 / 63
2026-01-31 16:52:56,191 - INFO - Found 50 oracle patterns
2026-01-31 16:52:56,192 - INFO - Using bin_size=60ms, n_input_bins=1, n_output_bins=1, output_offset=0
2026-01-31 16:52:56,192 - INFO - Total bins: 10, Valid input positions: 0 to 9
2026-01-31 16:52:56,617 - INFO - Saved pattern 4033 trial 0 figure to results/binned_2026-01-31_16-10-16/oracle_trials_by_pattern/pattern_4033/trial_00_timing_0.jpg
2026-01-31 16:53:03,140 - INFO - Completed pattern 4033 (1/50)
2026-01-31 16:53:03,449 - INFO - Saved pattern 4017 trial 0 figure to results/binned_2026-01-31_16-10-16/oracle_trials_by_pattern/pattern_4017/trial_00_timing_1.jpg
2026-01-31 16:53:10,242 - INFO - Completed pattern 4017 (2/50)
2026-01-31 16:53:10,573 - INFO - Saved pattern 4028 trial 0 figure to results/binned_2026-01-31_16-10-16/oracle_trials_by_pattern/pattern_4028/trial_00_timing_2.jpg
2026-01-31 16:53:17,043 - INFO - Completed pattern 4028 (3/50)
2026-01-31 16:53:17,043 - INFO - Pattern limit of 3 reached, stopping.
2026-01-31 16:53:17,044 - INFO - Saved all oracle pattern figures to results/binned_2026-01-31_16-10-16/oracle_trials_by_pattern
2026-01-31 16:56:59,950 - INFO - Building stim pattern for pattern_name 4033
2026-01-31 16:56:59,962 - INFO - Building stim pattern for pattern_name 4017
2026-01-31 16:56:59,972 - INFO - Building stim pattern for pattern_name 4028
2026-01-31 16:56:59,982 - INFO - Building stim pattern for pattern_name 2739
2026-01-31 16:56:59,993 - INFO - Building stim pattern for pattern_name 4003
2026-01-31 16:57:00,003 - INFO - Building stim pattern for pattern_name 3514
2026-01-31 16:57:00,014 - INFO - Building stim pattern for pattern_name 91
2026-01-31 16:57:00,026 - INFO - Building stim pattern for pattern_name 617
2026-01-31 16:57:00,035 - INFO - Building stim pattern for pattern_name 3852
2026-01-31 16:57:00,046 - INFO - Building stim pattern for pattern_name 4025
2026-01-31 16:57:00,057 - INFO - Building stim pattern for pattern_name 3219
2026-01-31 16:57:00,066 - INFO - Building stim pattern for pattern_name 3708
2026-01-31 16:57:00,075 - INFO - Building stim pattern for pattern_name 2977
2026-01-31 16:57:00,085 - INFO - Building stim pattern for pattern_name 399
2026-01-31 16:57:00,094 - INFO - Building stim pattern for pattern_name 3495
2026-01-31 16:57:00,104 - INFO - Building stim pattern for pattern_name 535
2026-01-31 16:57:00,115 - INFO - Building stim pattern for pattern_name 522
2026-01-31 16:57:00,125 - INFO - Building stim pattern for pattern_name 3430
2026-01-31 16:57:00,136 - INFO - Building stim pattern for pattern_name 4004
2026-01-31 16:57:00,147 - INFO - Building stim pattern for pattern_name 1001
2026-01-31 16:57:00,159 - INFO - Building stim pattern for pattern_name 244
2026-01-31 16:57:00,170 - INFO - Building stim pattern for pattern_name 1209
2026-01-31 16:57:00,180 - INFO - Building stim pattern for pattern_name 858
2026-01-31 16:57:00,190 - INFO - Building stim pattern for pattern_name 2446
2026-01-31 16:57:00,199 - INFO - Building stim pattern for pattern_name 623
2026-01-31 16:57:00,209 - INFO - Building stim pattern for pattern_name 1578
2026-01-31 16:57:00,219 - INFO - Building stim pattern for pattern_name 1268
2026-01-31 16:57:00,228 - INFO - Building stim pattern for pattern_name 47
2026-01-31 16:57:00,244 - INFO - Building stim pattern for pattern_name 1768
2026-01-31 16:57:00,256 - INFO - Building stim pattern for pattern_name 2971
2026-01-31 16:57:00,265 - INFO - Building stim pattern for pattern_name 3515
2026-01-31 16:57:00,275 - INFO - Building stim pattern for pattern_name 238
2026-01-31 16:57:00,285 - INFO - Building stim pattern for pattern_name 90
2026-01-31 16:57:00,294 - INFO - Building stim pattern for pattern_name 2509
2026-01-31 16:57:00,304 - INFO - Building stim pattern for pattern_name 695
2026-01-31 16:57:00,314 - INFO - Building stim pattern for pattern_name 369
2026-01-31 16:57:00,323 - INFO - Building stim pattern for pattern_name 596
2026-01-31 16:57:00,334 - INFO - Building stim pattern for pattern_name 2055
2026-01-31 16:57:00,344 - INFO - Building stim pattern for pattern_name 4040
2026-01-31 16:57:00,353 - INFO - Building stim pattern for pattern_name 2275
2026-01-31 16:57:00,362 - INFO - Building stim pattern for pattern_name 784
2026-01-31 16:57:00,371 - INFO - Building stim pattern for pattern_name 373
2026-01-31 16:57:00,381 - INFO - Building stim pattern for pattern_name 43
2026-01-31 16:57:00,390 - INFO - Building stim pattern for pattern_name 3162
2026-01-31 16:57:00,402 - INFO - Building stim pattern for pattern_name 3934
2026-01-31 16:57:00,411 - INFO - Building stim pattern for pattern_name 3718
2026-01-31 16:57:00,421 - INFO - Building stim pattern for pattern_name 2046
2026-01-31 16:57:00,431 - INFO - Building stim pattern for pattern_name 3660
2026-01-31 16:57:00,440 - INFO - Building stim pattern for pattern_name 2329
2026-01-31 16:57:00,452 - INFO - Building stim pattern for pattern_name 1278
2026-01-31 16:57:00,462 - INFO - Building stim pattern for pattern_name 3361
2026-01-31 16:57:00,471 - INFO - Building stim pattern for pattern_name 277
2026-01-31 16:57:00,480 - INFO - Building stim pattern for pattern_name 2556
2026-01-31 16:57:00,491 - INFO - Building stim pattern for pattern_name 3010
2026-01-31 16:57:00,501 - INFO - Building stim pattern for pattern_name 4038
2026-01-31 16:57:00,510 - INFO - Building stim pattern for pattern_name 1626
2026-01-31 16:57:00,520 - INFO - Building stim pattern for pattern_name 2212
2026-01-31 16:57:00,530 - INFO - Building stim pattern for pattern_name 2428
2026-01-31 16:57:00,539 - INFO - Building stim pattern for pattern_name 840
2026-01-31 16:57:00,549 - INFO - Building stim pattern for pattern_name 4022
2026-01-31 16:57:00,559 - INFO - Building stim pattern for pattern_name 2597
2026-01-31 16:57:00,569 - INFO - Building stim pattern for pattern_name 2560
2026-01-31 16:57:00,578 - INFO - Building stim pattern for pattern_name 3531
2026-01-31 16:57:00,586 - INFO - Building stim pattern for pattern_name 3288
2026-01-31 16:57:00,597 - INFO - Building stim pattern for pattern_name 3119
2026-01-31 16:57:00,606 - INFO - Building stim pattern for pattern_name 776
2026-01-31 16:57:00,615 - INFO - Building stim pattern for pattern_name 3074
2026-01-31 16:57:00,624 - INFO - Building stim pattern for pattern_name 2100
2026-01-31 16:57:00,632 - INFO - Building stim pattern for pattern_name 449
2026-01-31 16:57:00,641 - INFO - Building stim pattern for pattern_name 716
2026-01-31 16:57:00,650 - INFO - Building stim pattern for pattern_name 4034
2026-01-31 16:57:00,659 - INFO - Building stim pattern for pattern_name 3365
2026-01-31 16:57:00,669 - INFO - Building stim pattern for pattern_name 1181
2026-01-31 16:57:00,679 - INFO - Building stim pattern for pattern_name 4030
2026-01-31 16:57:00,689 - INFO - Building stim pattern for pattern_name 4031
2026-01-31 16:57:00,700 - INFO - Building stim pattern for pattern_name 1296
2026-01-31 16:57:00,710 - INFO - Building stim pattern for pattern_name 814
2026-01-31 16:57:00,720 - INFO - Building stim pattern for pattern_name 4005
2026-01-31 16:57:00,730 - INFO - Building stim pattern for pattern_name 3584
2026-01-31 16:57:00,739 - INFO - Building stim pattern for pattern_name 570
2026-01-31 16:57:00,748 - INFO - Building stim pattern for pattern_name 2649
2026-01-31 16:57:00,756 - INFO - Building stim pattern for pattern_name 962
2026-01-31 16:57:00,764 - INFO - Building stim pattern for pattern_name 4
2026-01-31 16:57:00,773 - INFO - Building stim pattern for pattern_name 2240
2026-01-31 16:57:00,784 - INFO - Building stim pattern for pattern_name 2929
2026-01-31 16:57:00,793 - INFO - Building stim pattern for pattern_name 345
2026-01-31 16:57:00,802 - INFO - Building stim pattern for pattern_name 3545
2026-01-31 16:57:00,811 - INFO - Building stim pattern for pattern_name 1590
2026-01-31 16:57:00,821 - INFO - Building stim pattern for pattern_name 3243
2026-01-31 16:57:00,831 - INFO - Building stim pattern for pattern_name 3251
2026-01-31 16:57:00,841 - INFO - Building stim pattern for pattern_name 1261
2026-01-31 16:57:00,850 - INFO - Building stim pattern for pattern_name 3792
2026-01-31 16:57:00,867 - INFO - Building stim pattern for pattern_name 4010
2026-01-31 16:57:00,878 - INFO - Building stim pattern for pattern_name 3475
2026-01-31 16:57:00,887 - INFO - Building stim pattern for pattern_name 1583
2026-01-31 16:57:00,897 - INFO - Building stim pattern for pattern_name 2987
2026-01-31 16:57:00,915 - INFO - Building stim pattern for pattern_name 1373
2026-01-31 16:57:00,925 - INFO - Building stim pattern for pattern_name 670
2026-01-31 16:57:00,934 - INFO - Building stim pattern for pattern_name 2630
2026-01-31 16:57:00,945 - INFO - Building stim pattern for pattern_name 566
2026-01-31 16:57:00,954 - INFO - Building stim pattern for pattern_name 1389
2026-01-31 16:57:00,970 - INFO - Building stim pattern for pattern_name 2721
2026-01-31 16:57:00,979 - INFO - Building stim pattern for pattern_name 2260
2026-01-31 16:57:00,989 - INFO - Building stim pattern for pattern_name 2022
2026-01-31 16:57:00,998 - INFO - Building stim pattern for pattern_name 4039
2026-01-31 16:57:01,008 - INFO - Building stim pattern for pattern_name 1930
2026-01-31 16:57:01,018 - INFO - Building stim pattern for pattern_name 738
2026-01-31 16:57:01,027 - INFO - Building stim pattern for pattern_name 2002
2026-01-31 16:57:01,035 - INFO - Building stim pattern for pattern_name 3454
2026-01-31 16:57:01,045 - INFO - Building stim pattern for pattern_name 408
2026-01-31 16:57:01,055 - INFO - Building stim pattern for pattern_name 4002
2026-01-31 16:57:01,070 - INFO - Building stim pattern for pattern_name 227
2026-01-31 16:57:01,079 - INFO - Building stim pattern for pattern_name 3404
2026-01-31 16:57:01,090 - INFO - Building stim pattern for pattern_name 10
2026-01-31 16:57:01,100 - INFO - Building stim pattern for pattern_name 2714
2026-01-31 16:57:01,111 - INFO - Building stim pattern for pattern_name 4026
2026-01-31 16:57:01,123 - INFO - Building stim pattern for pattern_name 3755
2026-01-31 16:57:01,133 - INFO - Building stim pattern for pattern_name 1052
2026-01-31 16:57:01,153 - INFO - Building stim pattern for pattern_name 258
2026-01-31 16:57:01,166 - INFO - Building stim pattern for pattern_name 576
2026-01-31 16:57:01,176 - INFO - Building stim pattern for pattern_name 1895
2026-01-31 16:57:01,187 - INFO - Building stim pattern for pattern_name 1455
2026-01-31 16:57:01,197 - INFO - Building stim pattern for pattern_name 1439
2026-01-31 16:57:01,207 - INFO - Building stim pattern for pattern_name 2933
2026-01-31 16:57:01,218 - INFO - Building stim pattern for pattern_name 1325
2026-01-31 16:57:01,228 - INFO - Building stim pattern for pattern_name 3610
2026-01-31 16:57:01,239 - INFO - Building stim pattern for pattern_name 3601
2026-01-31 16:57:01,250 - INFO - Building stim pattern for pattern_name 3022
2026-01-31 16:57:01,261 - INFO - Building stim pattern for pattern_name 1312
2026-01-31 16:57:01,271 - INFO - Building stim pattern for pattern_name 1654
2026-01-31 16:57:01,283 - INFO - Building stim pattern for pattern_name 2031
2026-01-31 16:57:01,294 - INFO - Building stim pattern for pattern_name 1564
2026-01-31 16:57:01,310 - INFO - Building stim pattern for pattern_name 3398
2026-01-31 16:57:01,320 - INFO - Building stim pattern for pattern_name 4047
2026-01-31 16:57:01,331 - INFO - Building stim pattern for pattern_name 4036
2026-01-31 16:57:01,340 - INFO - Building stim pattern for pattern_name 727
2026-01-31 16:57:01,350 - INFO - Building stim pattern for pattern_name 263
2026-01-31 16:57:01,362 - INFO - Building stim pattern for pattern_name 2402
2026-01-31 16:57:01,372 - INFO - Building stim pattern for pattern_name 4020
2026-01-31 16:57:01,388 - INFO - Building stim pattern for pattern_name 4049
2026-01-31 16:57:01,399 - INFO - Building stim pattern for pattern_name 4029
2026-01-31 16:57:01,410 - INFO - Building stim pattern for pattern_name 3641
2026-01-31 16:57:01,421 - INFO - Building stim pattern for pattern_name 501
2026-01-31 16:57:01,433 - INFO - Building stim pattern for pattern_name 3574
2026-01-31 16:57:01,443 - INFO - Building stim pattern for pattern_name 2214
2026-01-31 16:57:01,455 - INFO - Building stim pattern for pattern_name 543
2026-01-31 16:57:01,466 - INFO - Building stim pattern for pattern_name 4044
2026-01-31 16:57:01,477 - INFO - Building stim pattern for pattern_name 2058
2026-01-31 16:57:01,489 - INFO - Building stim pattern for pattern_name 4012
2026-01-31 16:57:01,498 - INFO - Building stim pattern for pattern_name 1565
2026-01-31 16:57:01,508 - INFO - Building stim pattern for pattern_name 3892
2026-01-31 16:57:01,518 - INFO - Building stim pattern for pattern_name 2481
2026-01-31 16:57:01,528 - INFO - Building stim pattern for pattern_name 334
2026-01-31 16:57:01,538 - INFO - Building stim pattern for pattern_name 2102
2026-01-31 16:57:01,548 - INFO - Building stim pattern for pattern_name 3316
2026-01-31 16:57:01,564 - INFO - Building stim pattern for pattern_name 4037
2026-01-31 16:57:01,575 - INFO - Building stim pattern for pattern_name 1577
2026-01-31 16:57:01,584 - INFO - Building stim pattern for pattern_name 4045
2026-01-31 16:57:01,595 - INFO - Building stim pattern for pattern_name 394
2026-01-31 16:57:01,604 - INFO - Building stim pattern for pattern_name 1252
2026-01-31 16:57:01,613 - INFO - Building stim pattern for pattern_name 870
2026-01-31 16:57:01,630 - INFO - Building stim pattern for pattern_name 1892
2026-01-31 16:57:01,639 - INFO - Building stim pattern for pattern_name 1727
2026-01-31 16:57:01,650 - INFO - Building stim pattern for pattern_name 175
2026-01-31 16:57:01,666 - INFO - Building stim pattern for pattern_name 285
2026-01-31 16:57:01,676 - INFO - Building stim pattern for pattern_name 560
2026-01-31 16:57:01,685 - INFO - Building stim pattern for pattern_name 2111
2026-01-31 16:57:01,696 - INFO - Building stim pattern for pattern_name 3690
2026-01-31 16:57:01,705 - INFO - Building stim pattern for pattern_name 2901
2026-01-31 16:57:01,715 - INFO - Building stim pattern for pattern_name 77
2026-01-31 16:57:01,726 - INFO - Building stim pattern for pattern_name 3692
2026-01-31 16:57:01,736 - INFO - Building stim pattern for pattern_name 3193
2026-01-31 16:57:01,745 - INFO - Building stim pattern for pattern_name 896
2026-01-31 16:57:01,755 - INFO - Building stim pattern for pattern_name 2138
2026-01-31 16:57:01,764 - INFO - Building stim pattern for pattern_name 1822
2026-01-31 16:57:01,773 - INFO - Building stim pattern for pattern_name 2381
2026-01-31 16:57:01,795 - INFO - Building stim pattern for pattern_name 2717
2026-01-31 16:57:01,868 - INFO - Building stim pattern for pattern_name 4014
2026-01-31 16:57:01,894 - INFO - Building stim pattern for pattern_name 481
2026-01-31 16:57:01,915 - INFO - Building stim pattern for pattern_name 2091
2026-01-31 16:57:01,933 - INFO - Building stim pattern for pattern_name 2664
2026-01-31 16:57:01,945 - INFO - Building stim pattern for pattern_name 3013
2026-01-31 16:57:01,957 - INFO - Building stim pattern for pattern_name 463
2026-01-31 16:57:01,967 - INFO - Building stim pattern for pattern_name 707
2026-01-31 16:57:01,979 - INFO - Building stim pattern for pattern_name 3307
2026-01-31 16:57:01,988 - INFO - Building stim pattern for pattern_name 4015
2026-01-31 16:57:02,006 - INFO - Building stim pattern for pattern_name 3803
2026-01-31 16:57:02,017 - INFO - Building stim pattern for pattern_name 4023
2026-01-31 16:57:02,026 - INFO - Building stim pattern for pattern_name 2383
2026-01-31 16:57:02,035 - INFO - Building stim pattern for pattern_name 3612
2026-01-31 16:57:02,053 - INFO - Building stim pattern for pattern_name 1697
2026-01-31 16:57:02,064 - INFO - Building stim pattern for pattern_name 3728
2026-01-31 16:57:02,074 - INFO - Building stim pattern for pattern_name 4048
2026-01-31 16:57:02,084 - INFO - Building stim pattern for pattern_name 3467
2026-01-31 16:57:02,094 - INFO - Building stim pattern for pattern_name 1574
2026-01-31 16:57:02,104 - INFO - Building stim pattern for pattern_name 862
2026-01-31 16:57:02,113 - INFO - Building stim pattern for pattern_name 3815
2026-01-31 16:57:02,123 - INFO - Building stim pattern for pattern_name 1971
2026-01-31 16:57:02,132 - INFO - Building stim pattern for pattern_name 2552
2026-01-31 16:57:02,143 - INFO - Building stim pattern for pattern_name 1106
2026-01-31 16:57:02,154 - INFO - Building stim pattern for pattern_name 4011
2026-01-31 16:57:02,164 - INFO - Building stim pattern for pattern_name 1169
2026-01-31 16:57:02,173 - INFO - Building stim pattern for pattern_name 2064
2026-01-31 16:57:02,184 - INFO - Building stim pattern for pattern_name 842
2026-01-31 16:57:02,194 - INFO - Building stim pattern for pattern_name 1291
2026-01-31 16:57:02,203 - INFO - Building stim pattern for pattern_name 1010
2026-01-31 16:57:02,212 - INFO - Building stim pattern for pattern_name 2060
2026-01-31 16:57:02,227 - INFO - Building stim pattern for pattern_name 446
2026-01-31 16:57:02,236 - INFO - Building stim pattern for pattern_name 2079
2026-01-31 16:57:02,246 - INFO - Building stim pattern for pattern_name 1757
2026-01-31 16:57:02,256 - INFO - Building stim pattern for pattern_name 2970
2026-01-31 16:57:02,269 - INFO - Building stim pattern for pattern_name 2644
2026-01-31 16:57:02,279 - INFO - Building stim pattern for pattern_name 3990
2026-01-31 16:57:02,290 - INFO - Building stim pattern for pattern_name 3640
2026-01-31 16:57:02,299 - INFO - Building stim pattern for pattern_name 1082
2026-01-31 16:57:02,309 - INFO - Building stim pattern for pattern_name 2042
2026-01-31 16:57:02,318 - INFO - Building stim pattern for pattern_name 95
2026-01-31 16:57:02,326 - INFO - Building stim pattern for pattern_name 2950
2026-01-31 16:57:02,336 - INFO - Building stim pattern for pattern_name 426
2026-01-31 16:57:02,345 - INFO - Building stim pattern for pattern_name 1850
2026-01-31 16:57:02,356 - INFO - Building stim pattern for pattern_name 75
2026-01-31 16:57:02,366 - INFO - Building stim pattern for pattern_name 2924
2026-01-31 16:57:02,381 - INFO - Building stim pattern for pattern_name 2441
2026-01-31 16:57:02,391 - INFO - Building stim pattern for pattern_name 3549
2026-01-31 16:57:02,402 - INFO - Building stim pattern for pattern_name 2675
2026-01-31 16:57:02,420 - INFO - Building stim pattern for pattern_name 2725
2026-01-31 16:57:02,429 - INFO - Building stim pattern for pattern_name 1870
2026-01-31 16:57:02,439 - INFO - Building stim pattern for pattern_name 2451
2026-01-31 16:57:02,450 - INFO - Building stim pattern for pattern_name 3724
2026-01-31 16:57:02,461 - INFO - Building stim pattern for pattern_name 3249
2026-01-31 16:57:02,471 - INFO - Building stim pattern for pattern_name 3699
2026-01-31 16:57:02,483 - INFO - Building stim pattern for pattern_name 3552
2026-01-31 16:57:02,496 - INFO - Building stim pattern for pattern_name 4019
2026-01-31 16:57:02,506 - INFO - Building stim pattern for pattern_name 3991
2026-01-31 16:57:02,520 - INFO - Building stim pattern for pattern_name 947
2026-01-31 16:57:02,530 - INFO - Building stim pattern for pattern_name 3400
2026-01-31 16:57:02,539 - INFO - Building stim pattern for pattern_name 1872
2026-01-31 16:57:02,549 - INFO - Building stim pattern for pattern_name 2998
2026-01-31 16:57:02,559 - INFO - Building stim pattern for pattern_name 279
2026-01-31 16:57:02,569 - INFO - Building stim pattern for pattern_name 2713
2026-01-31 16:57:02,579 - INFO - Building stim pattern for pattern_name 3671
2026-01-31 16:57:02,588 - INFO - Building stim pattern for pattern_name 2049
2026-01-31 16:57:02,602 - INFO - Building stim pattern for pattern_name 3492
2026-01-31 16:57:02,612 - INFO - Building stim pattern for pattern_name 3191
2026-01-31 16:57:02,623 - INFO - Building stim pattern for pattern_name 1320
2026-01-31 16:57:02,639 - INFO - Building stim pattern for pattern_name 1107
2026-01-31 16:57:02,654 - INFO - Building stim pattern for pattern_name 1467
2026-01-31 16:57:02,665 - INFO - Building stim pattern for pattern_name 242
2026-01-31 16:57:02,680 - INFO - Building stim pattern for pattern_name 159
2026-01-31 16:57:02,690 - INFO - Building stim pattern for pattern_name 3747
2026-01-31 16:57:02,704 - INFO - Building stim pattern for pattern_name 951
2026-01-31 16:57:02,713 - INFO - Building stim pattern for pattern_name 4050
2026-01-31 16:57:02,723 - INFO - Building stim pattern for pattern_name 2008
2026-01-31 16:57:02,733 - INFO - Building stim pattern for pattern_name 956
2026-01-31 16:57:02,747 - INFO - Building stim pattern for pattern_name 3761
2026-01-31 16:57:02,757 - INFO - Building stim pattern for pattern_name 1473
2026-01-31 16:57:02,767 - INFO - Building stim pattern for pattern_name 2087
2026-01-31 16:57:02,777 - INFO - Building stim pattern for pattern_name 1154
2026-01-31 16:57:02,787 - INFO - Building stim pattern for pattern_name 2730
2026-01-31 16:57:02,797 - INFO - Building stim pattern for pattern_name 2718
2026-01-31 16:57:02,806 - INFO - Building stim pattern for pattern_name 218
2026-01-31 16:57:02,816 - INFO - Building stim pattern for pattern_name 4018
2026-01-31 16:57:02,828 - INFO - Building stim pattern for pattern_name 2301
2026-01-31 16:57:02,837 - INFO - Building stim pattern for pattern_name 3763
2026-01-31 16:57:02,847 - INFO - Building stim pattern for pattern_name 1623
2026-01-31 16:57:02,862 - INFO - Building stim pattern for pattern_name 3285
2026-01-31 16:57:02,873 - INFO - Building stim pattern for pattern_name 953
2026-01-31 16:57:02,883 - INFO - Building stim pattern for pattern_name 1075
2026-01-31 16:57:02,894 - INFO - Building stim pattern for pattern_name 143
2026-01-31 16:57:02,904 - INFO - Building stim pattern for pattern_name 250
2026-01-31 16:57:02,916 - INFO - Building stim pattern for pattern_name 1644
2026-01-31 16:57:02,931 - INFO - Building stim pattern for pattern_name 2740
2026-01-31 16:57:02,942 - INFO - Building stim pattern for pattern_name 1048
2026-01-31 16:57:02,952 - INFO - Building stim pattern for pattern_name 3084
2026-01-31 16:57:02,969 - INFO - Building stim pattern for pattern_name 3717
2026-01-31 16:57:02,979 - INFO - Building stim pattern for pattern_name 2184
2026-01-31 16:57:02,989 - INFO - Building stim pattern for pattern_name 128
2026-01-31 16:57:02,998 - INFO - Building stim pattern for pattern_name 965
2026-01-31 16:57:03,009 - INFO - Building stim pattern for pattern_name 3493
2026-01-31 16:57:03,022 - INFO - Building stim pattern for pattern_name 1234
2026-01-31 16:57:03,033 - INFO - Building stim pattern for pattern_name 3247
2026-01-31 16:57:03,050 - INFO - Building stim pattern for pattern_name 4001
2026-01-31 16:57:03,059 - INFO - Building stim pattern for pattern_name 2430
2026-01-31 16:57:03,069 - INFO - Building stim pattern for pattern_name 3266
2026-01-31 16:57:03,079 - INFO - Building stim pattern for pattern_name 1227
2026-01-31 16:57:03,088 - INFO - Building stim pattern for pattern_name 2495
2026-01-31 16:57:03,098 - INFO - Building stim pattern for pattern_name 3507
2026-01-31 16:57:03,110 - INFO - Building stim pattern for pattern_name 181
2026-01-31 16:57:03,125 - INFO - Building stim pattern for pattern_name 1036
2026-01-31 16:57:03,136 - INFO - Building stim pattern for pattern_name 922
2026-01-31 16:57:03,152 - INFO - Building stim pattern for pattern_name 3226
2026-01-31 16:57:03,161 - INFO - Building stim pattern for pattern_name 100
2026-01-31 16:57:03,170 - INFO - Building stim pattern for pattern_name 1211
2026-01-31 16:57:03,179 - INFO - Building stim pattern for pattern_name 440
2026-01-31 16:57:03,190 - INFO - Building stim pattern for pattern_name 2073
2026-01-31 16:57:03,201 - INFO - Building stim pattern for pattern_name 4032
2026-01-31 16:57:03,211 - INFO - Building stim pattern for pattern_name 3500
2026-01-31 16:57:03,222 - INFO - Building stim pattern for pattern_name 3644
2026-01-31 16:57:03,231 - INFO - Building stim pattern for pattern_name 3916
2026-01-31 16:57:03,242 - INFO - Building stim pattern for pattern_name 1394
2026-01-31 16:57:03,251 - INFO - Building stim pattern for pattern_name 483
2026-01-31 16:57:03,261 - INFO - Building stim pattern for pattern_name 4021
2026-01-31 16:57:03,270 - INFO - Building stim pattern for pattern_name 3
2026-01-31 16:57:03,283 - INFO - Building stim pattern for pattern_name 213
2026-01-31 16:57:03,293 - INFO - Building stim pattern for pattern_name 251
2026-01-31 16:57:03,302 - INFO - Building stim pattern for pattern_name 1120
2026-01-31 16:57:03,313 - INFO - Building stim pattern for pattern_name 1975
2026-01-31 16:57:03,321 - INFO - Building stim pattern for pattern_name 1508
2026-01-31 16:57:03,332 - INFO - Building stim pattern for pattern_name 4046
2026-01-31 16:57:03,341 - INFO - Building stim pattern for pattern_name 3344
2026-01-31 16:57:03,351 - INFO - Building stim pattern for pattern_name 750
2026-01-31 16:57:03,360 - INFO - Building stim pattern for pattern_name 3446
2026-01-31 16:57:03,369 - INFO - Building stim pattern for pattern_name 4006
2026-01-31 16:57:03,378 - INFO - Building stim pattern for pattern_name 2695
2026-01-31 16:57:03,388 - INFO - Building stim pattern for pattern_name 3354
2026-01-31 16:57:03,398 - INFO - Building stim pattern for pattern_name 1520
2026-01-31 16:57:03,408 - INFO - Building stim pattern for pattern_name 1826
2026-01-31 16:57:03,417 - INFO - Building stim pattern for pattern_name 2940
2026-01-31 16:57:03,426 - INFO - Building stim pattern for pattern_name 2122
2026-01-31 16:57:03,437 - INFO - Building stim pattern for pattern_name 881
2026-01-31 16:57:03,446 - INFO - Building stim pattern for pattern_name 3672
2026-01-31 16:57:03,456 - INFO - Building stim pattern for pattern_name 992
2026-01-31 16:57:03,467 - INFO - Building stim pattern for pattern_name 2321
2026-01-31 16:57:03,477 - INFO - Building stim pattern for pattern_name 2616
2026-01-31 16:57:03,488 - INFO - Building stim pattern for pattern_name 262
2026-01-31 16:57:03,498 - INFO - Building stim pattern for pattern_name 1469
2026-01-31 16:57:03,509 - INFO - Building stim pattern for pattern_name 2457
2026-01-31 16:57:03,531 - INFO - Building stim pattern for pattern_name 4013
2026-01-31 16:57:03,540 - INFO - Building stim pattern for pattern_name 2163
2026-01-31 16:57:03,550 - INFO - Building stim pattern for pattern_name 1813
2026-01-31 16:57:03,560 - INFO - Building stim pattern for pattern_name 1774
2026-01-31 16:57:03,571 - INFO - Building stim pattern for pattern_name 1958
2026-01-31 16:57:03,582 - INFO - Building stim pattern for pattern_name 1381
2026-01-31 16:57:03,591 - INFO - Building stim pattern for pattern_name 686
2026-01-31 16:57:03,600 - INFO - Building stim pattern for pattern_name 1858
2026-01-31 16:57:03,610 - INFO - Building stim pattern for pattern_name 3453
2026-01-31 16:57:03,621 - INFO - Building stim pattern for pattern_name 3733
2026-01-31 16:57:03,632 - INFO - Building stim pattern for pattern_name 556
2026-01-31 16:57:03,643 - INFO - Building stim pattern for pattern_name 1994
2026-01-31 16:57:03,654 - INFO - Building stim pattern for pattern_name 2524
2026-01-31 16:57:03,671 - INFO - Building stim pattern for pattern_name 557
2026-01-31 16:57:03,684 - INFO - Building stim pattern for pattern_name 1558
2026-01-31 16:57:03,702 - INFO - Building stim pattern for pattern_name 60
2026-01-31 16:57:03,714 - INFO - Building stim pattern for pattern_name 2622
2026-01-31 16:57:03,724 - INFO - Building stim pattern for pattern_name 1390
2026-01-31 16:57:03,734 - INFO - Building stim pattern for pattern_name 1571
2026-01-31 16:57:03,744 - INFO - Building stim pattern for pattern_name 3504
2026-01-31 16:57:03,756 - INFO - Building stim pattern for pattern_name 495
2026-01-31 16:57:03,767 - INFO - Building stim pattern for pattern_name 2783
2026-01-31 16:57:03,778 - INFO - Building stim pattern for pattern_name 3214
2026-01-31 16:57:03,790 - INFO - Building stim pattern for pattern_name 952
2026-01-31 16:57:03,801 - INFO - Building stim pattern for pattern_name 3294
2026-01-31 16:57:03,812 - INFO - Building stim pattern for pattern_name 660
2026-01-31 16:57:03,824 - INFO - Building stim pattern for pattern_name 946
2026-01-31 16:57:03,834 - INFO - Building stim pattern for pattern_name 2420
2026-01-31 16:57:03,846 - INFO - Building stim pattern for pattern_name 4027
2026-01-31 16:57:03,856 - INFO - Building stim pattern for pattern_name 1995
2026-01-31 16:57:03,871 - INFO - Building stim pattern for pattern_name 1279
2026-01-31 16:57:03,883 - INFO - Building stim pattern for pattern_name 2700
2026-01-31 16:57:03,893 - INFO - Building stim pattern for pattern_name 1475
2026-01-31 16:57:03,904 - INFO - Building stim pattern for pattern_name 869
2026-01-31 16:57:03,914 - INFO - Building stim pattern for pattern_name 2167
2026-01-31 16:57:03,933 - INFO - Building stim pattern for pattern_name 577
2026-01-31 16:57:03,943 - INFO - Building stim pattern for pattern_name 4016
2026-01-31 16:57:03,953 - INFO - Building stim pattern for pattern_name 2799
2026-01-31 16:57:03,963 - INFO - Building stim pattern for pattern_name 3782
2026-01-31 16:57:03,978 - INFO - Building stim pattern for pattern_name 1906
2026-01-31 16:57:03,990 - INFO - Building stim pattern for pattern_name 865
2026-01-31 16:57:03,999 - INFO - Building stim pattern for pattern_name 1899
2026-01-31 16:57:04,008 - INFO - Building stim pattern for pattern_name 350
2026-01-31 16:57:04,017 - INFO - Building stim pattern for pattern_name 3349
2026-01-31 16:57:04,036 - INFO - Building stim pattern for pattern_name 3253
2026-01-31 16:57:04,045 - INFO - Building stim pattern for pattern_name 3470
2026-01-31 16:57:04,055 - INFO - Building stim pattern for pattern_name 3292
2026-01-31 16:57:04,064 - INFO - Building stim pattern for pattern_name 3817
2026-01-31 16:57:04,075 - INFO - Building stim pattern for pattern_name 192
2026-01-31 16:57:04,087 - INFO - Building stim pattern for pattern_name 900
2026-01-31 16:57:04,098 - INFO - Building stim pattern for pattern_name 294
2026-01-31 16:57:04,108 - INFO - Building stim pattern for pattern_name 161
2026-01-31 16:57:04,129 - INFO - Building stim pattern for pattern_name 2539
2026-01-31 16:57:04,139 - INFO - Building stim pattern for pattern_name 1854
2026-01-31 16:57:04,147 - INFO - Building stim pattern for pattern_name 3469
2026-01-31 16:57:04,158 - INFO - Building stim pattern for pattern_name 2053
2026-01-31 16:57:04,169 - INFO - Building stim pattern for pattern_name 3100
2026-01-31 16:57:04,187 - INFO - Building stim pattern for pattern_name 967
2026-01-31 16:57:04,198 - INFO - Building stim pattern for pattern_name 3840
2026-01-31 16:57:04,209 - INFO - Building stim pattern for pattern_name 2020
2026-01-31 16:57:04,219 - INFO - Building stim pattern for pattern_name 3423
2026-01-31 16:57:04,228 - INFO - Building stim pattern for pattern_name 141
2026-01-31 16:57:04,239 - INFO - Building stim pattern for pattern_name 3861
2026-01-31 16:57:04,250 - INFO - Building stim pattern for pattern_name 584
2026-01-31 16:57:04,259 - INFO - Building stim pattern for pattern_name 969
2026-01-31 16:57:04,272 - INFO - Building stim pattern for pattern_name 3582
2026-01-31 16:57:04,282 - INFO - Building stim pattern for pattern_name 3050
2026-01-31 16:57:04,292 - INFO - Building stim pattern for pattern_name 439
2026-01-31 16:57:04,337 - INFO - Building stim pattern for pattern_name 3742
2026-01-31 16:57:04,384 - INFO - Building stim pattern for pattern_name 3036
2026-01-31 16:57:04,405 - INFO - Building stim pattern for pattern_name 2346
2026-01-31 16:57:04,422 - INFO - Building stim pattern for pattern_name 3713
2026-01-31 16:57:04,440 - INFO - Building stim pattern for pattern_name 2185
2026-01-31 16:57:04,450 - INFO - Building stim pattern for pattern_name 3794
2026-01-31 16:57:04,461 - INFO - Building stim pattern for pattern_name 1458
2026-01-31 16:57:04,472 - INFO - Building stim pattern for pattern_name 3301
2026-01-31 16:57:04,482 - INFO - Building stim pattern for pattern_name 1421
2026-01-31 16:57:04,491 - INFO - Building stim pattern for pattern_name 2047
2026-01-31 16:57:04,501 - INFO - Building stim pattern for pattern_name 1666
2026-01-31 16:57:04,511 - INFO - Building stim pattern for pattern_name 852
2026-01-31 16:57:04,523 - INFO - Building stim pattern for pattern_name 461
2026-01-31 16:57:04,532 - INFO - Building stim pattern for pattern_name 2964
2026-01-31 16:57:04,541 - INFO - Building stim pattern for pattern_name 3723
2026-01-31 16:57:04,553 - INFO - Building stim pattern for pattern_name 2045
2026-01-31 16:57:04,565 - INFO - Building stim pattern for pattern_name 3663
2026-01-31 16:57:04,577 - INFO - Building stim pattern for pattern_name 1694
2026-01-31 16:57:04,593 - INFO - Building stim pattern for pattern_name 3772
2026-01-31 16:57:04,604 - INFO - Building stim pattern for pattern_name 593
2026-01-31 16:57:04,616 - INFO - Building stim pattern for pattern_name 2256
2026-01-31 16:57:04,626 - INFO - Building stim pattern for pattern_name 2750
2026-01-31 16:57:04,646 - INFO - Building stim pattern for pattern_name 3007
2026-01-31 16:57:04,655 - INFO - Building stim pattern for pattern_name 1875
2026-01-31 16:57:04,665 - INFO - Building stim pattern for pattern_name 2231
2026-01-31 16:57:04,675 - INFO - Building stim pattern for pattern_name 310
2026-01-31 16:57:04,684 - INFO - Building stim pattern for pattern_name 1939
2026-01-31 16:57:04,694 - INFO - Building stim pattern for pattern_name 1037
2026-01-31 16:57:04,705 - INFO - Building stim pattern for pattern_name 3302
2026-01-31 16:57:04,717 - INFO - Building stim pattern for pattern_name 3597
2026-01-31 16:57:04,726 - INFO - Building stim pattern for pattern_name 2225
2026-01-31 16:57:04,743 - INFO - Building stim pattern for pattern_name 4043
2026-01-31 16:57:04,753 - INFO - Building stim pattern for pattern_name 3413
2026-01-31 16:57:04,775 - INFO - Building stim pattern for pattern_name 2592
2026-01-31 16:57:04,783 - INFO - Building stim pattern for pattern_name 3888
2026-01-31 16:57:04,793 - INFO - Building stim pattern for pattern_name 3853
2026-01-31 16:57:04,806 - INFO - Building stim pattern for pattern_name 2804
2026-01-31 16:57:04,817 - INFO - Building stim pattern for pattern_name 1599
2026-01-31 16:57:04,828 - INFO - Building stim pattern for pattern_name 2263
2026-01-31 16:57:04,839 - INFO - Building stim pattern for pattern_name 1979
2026-01-31 16:57:04,850 - INFO - Building stim pattern for pattern_name 2093
2026-01-31 16:57:04,859 - INFO - Building stim pattern for pattern_name 3460
2026-01-31 16:57:04,875 - INFO - Building stim pattern for pattern_name 3778
2026-01-31 16:57:04,887 - INFO - Building stim pattern for pattern_name 123
2026-01-31 16:57:04,902 - INFO - Building stim pattern for pattern_name 1685
2026-01-31 16:57:04,912 - INFO - Building stim pattern for pattern_name 3231
2026-01-31 16:57:04,922 - INFO - Building stim pattern for pattern_name 3317
2026-01-31 16:57:04,931 - INFO - Building stim pattern for pattern_name 950
2026-01-31 16:57:04,940 - INFO - Building stim pattern for pattern_name 1737
2026-01-31 16:57:04,949 - INFO - Building stim pattern for pattern_name 4041
2026-01-31 16:57:04,958 - INFO - Building stim pattern for pattern_name 796
2026-01-31 16:57:04,973 - INFO - Building stim pattern for pattern_name 768
2026-01-31 16:57:04,985 - INFO - Building stim pattern for pattern_name 2821
2026-01-31 16:57:04,997 - INFO - Building stim pattern for pattern_name 465
2026-01-31 16:57:05,013 - INFO - Building stim pattern for pattern_name 2922
2026-01-31 16:57:05,023 - INFO - Building stim pattern for pattern_name 32
2026-01-31 16:57:05,033 - INFO - Building stim pattern for pattern_name 3359
2026-01-31 16:57:05,043 - INFO - Building stim pattern for pattern_name 3658
2026-01-31 16:57:05,053 - INFO - Building stim pattern for pattern_name 2143
2026-01-31 16:57:05,062 - INFO - Building stim pattern for pattern_name 3267
2026-01-31 16:57:05,073 - INFO - Building stim pattern for pattern_name 1533
2026-01-31 16:57:05,089 - INFO - Building stim pattern for pattern_name 544
2026-01-31 16:57:05,099 - INFO - Building stim pattern for pattern_name 3686
2026-01-31 16:57:05,108 - INFO - Building stim pattern for pattern_name 3557
2026-01-31 16:57:05,118 - INFO - Building stim pattern for pattern_name 2328
2026-01-31 16:57:05,133 - INFO - Building stim pattern for pattern_name 2626
2026-01-31 16:57:05,143 - INFO - Building stim pattern for pattern_name 2425
2026-01-31 16:57:05,161 - INFO - Building stim pattern for pattern_name 3622
2026-01-31 16:57:05,172 - INFO - Building stim pattern for pattern_name 1977
2026-01-31 16:57:05,182 - INFO - Building stim pattern for pattern_name 3830
2026-01-31 16:57:05,193 - INFO - Building stim pattern for pattern_name 392
2026-01-31 16:57:05,202 - INFO - Building stim pattern for pattern_name 4008
2026-01-31 16:57:05,212 - INFO - Building stim pattern for pattern_name 790
2026-01-31 16:57:05,230 - INFO - Building stim pattern for pattern_name 1985
2026-01-31 16:57:05,240 - INFO - Building stim pattern for pattern_name 2311
2026-01-31 16:57:05,254 - INFO - Building stim pattern for pattern_name 2427
2026-01-31 16:57:05,264 - INFO - Building stim pattern for pattern_name 3419
2026-01-31 16:57:05,274 - INFO - Building stim pattern for pattern_name 3412
2026-01-31 16:57:05,283 - INFO - Building stim pattern for pattern_name 1897
2026-01-31 16:57:05,293 - INFO - Building stim pattern for pattern_name 910
2026-01-31 16:57:05,308 - INFO - Building stim pattern for pattern_name 702
2026-01-31 16:57:05,319 - INFO - Building stim pattern for pattern_name 551
2026-01-31 16:57:05,330 - INFO - Building stim pattern for pattern_name 3025
2026-01-31 16:57:05,347 - INFO - Building stim pattern for pattern_name 1867
2026-01-31 16:57:05,356 - INFO - Building stim pattern for pattern_name 2745
2026-01-31 16:57:05,366 - INFO - Building stim pattern for pattern_name 1839
2026-01-31 16:57:05,377 - INFO - Building stim pattern for pattern_name 3263
2026-01-31 16:57:05,387 - INFO - Building stim pattern for pattern_name 1099
2026-01-31 16:57:05,397 - INFO - Building stim pattern for pattern_name 2802
2026-01-31 16:57:05,407 - INFO - Building stim pattern for pattern_name 4007
2026-01-31 16:57:05,418 - INFO - Building stim pattern for pattern_name 1947
2026-01-31 16:57:05,428 - INFO - Building stim pattern for pattern_name 2747
2026-01-31 16:57:05,446 - INFO - Building stim pattern for pattern_name 148
2026-01-31 16:57:05,457 - INFO - Building stim pattern for pattern_name 106
2026-01-31 16:57:05,473 - INFO - Building stim pattern for pattern_name 3953
2026-01-31 16:57:05,484 - INFO - Building stim pattern for pattern_name 1562
2026-01-31 16:57:05,502 - INFO - Building stim pattern for pattern_name 4042
2026-01-31 16:57:05,527 - INFO - Building stim pattern for pattern_name 963
2026-01-31 16:57:05,540 - INFO - Building stim pattern for pattern_name 174
2026-01-31 16:57:05,552 - INFO - Building stim pattern for pattern_name 1116
2026-01-31 16:57:05,562 - INFO - Building stim pattern for pattern_name 253
2026-01-31 16:57:05,572 - INFO - Building stim pattern for pattern_name 3767
2026-01-31 16:57:05,583 - INFO - Building stim pattern for pattern_name 302
2026-01-31 16:57:05,593 - INFO - Building stim pattern for pattern_name 2480
2026-01-31 16:57:05,603 - INFO - Building stim pattern for pattern_name 2069
2026-01-31 16:57:05,614 - INFO - Building stim pattern for pattern_name 1419
2026-01-31 16:57:05,624 - INFO - Building stim pattern for pattern_name 2520
2026-01-31 16:57:05,634 - INFO - Building stim pattern for pattern_name 2254
2026-01-31 16:57:05,643 - INFO - Building stim pattern for pattern_name 2152
2026-01-31 16:57:05,654 - INFO - Building stim pattern for pattern_name 1153
2026-01-31 16:57:05,664 - INFO - Building stim pattern for pattern_name 2331
2026-01-31 16:57:05,687 - INFO - Building stim pattern for pattern_name 1428
2026-01-31 16:57:05,698 - INFO - Building stim pattern for pattern_name 2424
2026-01-31 16:57:05,708 - INFO - Building stim pattern for pattern_name 2526
2026-01-31 16:57:05,723 - INFO - Building stim pattern for pattern_name 3031
2026-01-31 16:57:05,734 - INFO - Building stim pattern for pattern_name 1940
2026-01-31 16:57:05,746 - INFO - Building stim pattern for pattern_name 994
2026-01-31 16:57:05,756 - INFO - Building stim pattern for pattern_name 1753
2026-01-31 16:57:05,766 - INFO - Building stim pattern for pattern_name 3823
2026-01-31 16:57:05,776 - INFO - Building stim pattern for pattern_name 929
2026-01-31 16:57:05,786 - INFO - Building stim pattern for pattern_name 2096
2026-01-31 16:57:05,796 - INFO - Building stim pattern for pattern_name 73
2026-01-31 16:57:05,805 - INFO - Building stim pattern for pattern_name 3865
2026-01-31 16:57:05,814 - INFO - Building stim pattern for pattern_name 4009
2026-01-31 16:57:05,824 - INFO - Building stim pattern for pattern_name 402
2026-01-31 16:57:05,843 - INFO - Building stim pattern for pattern_name 2232
2026-01-31 16:57:05,853 - INFO - Building stim pattern for pattern_name 2353
2026-01-31 16:57:05,865 - INFO - Building stim pattern for pattern_name 1453
2026-01-31 16:57:05,874 - INFO - Building stim pattern for pattern_name 2913
2026-01-31 16:57:05,890 - INFO - Building stim pattern for pattern_name 2355
2026-01-31 16:57:05,900 - INFO - Building stim pattern for pattern_name 190
2026-01-31 16:57:05,914 - INFO - Building stim pattern for pattern_name 1034
2026-01-31 16:57:05,924 - INFO - Building stim pattern for pattern_name 2822
2026-01-31 16:57:05,943 - INFO - Building stim pattern for pattern_name 2968
2026-01-31 16:57:05,952 - INFO - Building stim pattern for pattern_name 2506
2026-01-31 16:57:05,968 - INFO - Building stim pattern for pattern_name 648
2026-01-31 16:57:05,978 - INFO - Building stim pattern for pattern_name 3202
2026-01-31 16:57:05,988 - INFO - Building stim pattern for pattern_name 2669
2026-01-31 16:57:06,006 - INFO - Building stim pattern for pattern_name 1953
2026-01-31 16:57:06,020 - INFO - Building stim pattern for pattern_name 2070
2026-01-31 16:57:06,033 - INFO - Building stim pattern for pattern_name 1716
2026-01-31 16:57:06,044 - INFO - Building stim pattern for pattern_name 1266
2026-01-31 16:57:06,054 - INFO - Building stim pattern for pattern_name 1335
2026-01-31 16:57:06,065 - INFO - Building stim pattern for pattern_name 2146
2026-01-31 16:57:06,081 - INFO - Building stim pattern for pattern_name 1330
2026-01-31 16:57:06,092 - INFO - Building stim pattern for pattern_name 3730
2026-01-31 16:57:06,108 - INFO - Building stim pattern for pattern_name 563
2026-01-31 16:57:06,118 - INFO - Building stim pattern for pattern_name 3954
2026-01-31 16:57:06,127 - INFO - Building stim pattern for pattern_name 2651
2026-01-31 16:57:06,140 - INFO - Building stim pattern for pattern_name 1859
2026-01-31 16:57:06,153 - INFO - Building stim pattern for pattern_name 3210
2026-01-31 16:57:06,166 - INFO - Building stim pattern for pattern_name 2648
2026-01-31 16:57:06,179 - INFO - Building stim pattern for pattern_name 2033
2026-01-31 16:57:06,189 - INFO - Building stim pattern for pattern_name 3337
2026-01-31 16:57:06,200 - INFO - Building stim pattern for pattern_name 1831
2026-01-31 16:57:06,211 - INFO - Building stim pattern for pattern_name 715
2026-01-31 16:57:06,221 - INFO - Building stim pattern for pattern_name 431
2026-01-31 16:57:06,232 - INFO - Building stim pattern for pattern_name 3816
2026-01-31 16:57:06,243 - INFO - Building stim pattern for pattern_name 2989
2026-01-31 16:57:06,254 - INFO - Building stim pattern for pattern_name 573
2026-01-31 16:57:06,264 - INFO - Building stim pattern for pattern_name 2643
2026-01-31 16:57:06,274 - INFO - Building stim pattern for pattern_name 3599
2026-01-31 16:57:06,286 - INFO - Building stim pattern for pattern_name 1040
2026-01-31 16:57:06,296 - INFO - Building stim pattern for pattern_name 655
2026-01-31 16:57:06,307 - INFO - Building stim pattern for pattern_name 775
2026-01-31 16:57:06,318 - INFO - Building stim pattern for pattern_name 3986
2026-01-31 16:57:06,336 - INFO - Building stim pattern for pattern_name 11
2026-01-31 16:57:06,359 - INFO - Building stim pattern for pattern_name 3878
2026-01-31 16:57:06,378 - INFO - Building stim pattern for pattern_name 1652
2026-01-31 16:57:06,395 - INFO - Building stim pattern for pattern_name 374
2026-01-31 16:57:06,406 - INFO - Building stim pattern for pattern_name 3635
2026-01-31 16:57:06,425 - INFO - Building stim pattern for pattern_name 189
2026-01-31 16:57:06,437 - INFO - Building stim pattern for pattern_name 3295
2026-01-31 16:57:06,448 - INFO - Building stim pattern for pattern_name 271
2026-01-31 16:57:06,459 - INFO - Building stim pattern for pattern_name 1710
2026-01-31 16:57:06,482 - INFO - Building stim pattern for pattern_name 697
2026-01-31 16:57:06,496 - INFO - Building stim pattern for pattern_name 115
2026-01-31 16:57:06,516 - INFO - Building stim pattern for pattern_name 490
2026-01-31 16:57:06,528 - INFO - Building stim pattern for pattern_name 473
2026-01-31 16:57:06,538 - INFO - Building stim pattern for pattern_name 837
2026-01-31 16:57:06,551 - INFO - Building stim pattern for pattern_name 152
2026-01-31 16:57:06,573 - INFO - Building stim pattern for pattern_name 2813
2026-01-31 16:57:06,583 - INFO - Building stim pattern for pattern_name 1212
2026-01-31 16:57:06,595 - INFO - Building stim pattern for pattern_name 1879
2026-01-31 16:57:06,610 - INFO - Building stim pattern for pattern_name 442
2026-01-31 16:57:06,640 - INFO - Building stim pattern for pattern_name 1175
2026-01-31 16:57:06,651 - INFO - Building stim pattern for pattern_name 3581
2026-01-31 16:57:06,663 - INFO - Building stim pattern for pattern_name 3360
2026-01-31 16:57:06,694 - INFO - Building stim pattern for pattern_name 4024
2026-01-31 16:57:06,703 - INFO - Building stim pattern for pattern_name 1396
2026-01-31 16:57:06,719 - INFO - Building stim pattern for pattern_name 3562
2026-01-31 16:57:06,729 - INFO - Building stim pattern for pattern_name 2982
2026-01-31 16:57:06,799 - INFO - Building stim pattern for pattern_name 2812
2026-01-31 16:57:06,820 - INFO - Building stim pattern for pattern_name 2866
2026-01-31 16:57:06,846 - INFO - Building stim pattern for pattern_name 2893
2026-01-31 16:57:06,862 - INFO - Building stim pattern for pattern_name 307
2026-01-31 16:57:06,873 - INFO - Building stim pattern for pattern_name 1961
2026-01-31 16:57:06,883 - INFO - Building stim pattern for pattern_name 3576
2026-01-31 16:57:06,904 - INFO - Building stim pattern for pattern_name 3465
2026-01-31 16:57:06,924 - INFO - Building stim pattern for pattern_name 1962
2026-01-31 16:57:06,937 - INFO - Building stim pattern for pattern_name 2607
2026-01-31 16:57:06,950 - INFO - Building stim pattern for pattern_name 3184
2026-01-31 16:57:06,960 - INFO - Building stim pattern for pattern_name 1142
2026-01-31 16:57:06,971 - INFO - Building stim pattern for pattern_name 1619
2026-01-31 16:57:06,987 - INFO - Building stim pattern for pattern_name 2605
2026-01-31 16:57:06,998 - INFO - Building stim pattern for pattern_name 647
2026-01-31 16:57:07,008 - INFO - Building stim pattern for pattern_name 162
2026-01-31 16:57:07,022 - INFO - Building stim pattern for pattern_name 1972
2026-01-31 16:57:07,033 - INFO - Building stim pattern for pattern_name 2844
2026-01-31 16:57:07,057 - INFO - Building stim pattern for pattern_name 2671
2026-01-31 16:57:07,068 - INFO - Building stim pattern for pattern_name 1423
2026-01-31 16:57:07,080 - INFO - Building stim pattern for pattern_name 13
2026-01-31 16:57:07,092 - INFO - Building stim pattern for pattern_name 2945
2026-01-31 16:57:07,104 - INFO - Building stim pattern for pattern_name 2296
2026-01-31 16:57:07,113 - INFO - Building stim pattern for pattern_name 2645
2026-01-31 16:57:07,124 - INFO - Building stim pattern for pattern_name 2201
2026-01-31 16:57:07,136 - INFO - Building stim pattern for pattern_name 2423
2026-01-31 16:57:07,146 - INFO - Building stim pattern for pattern_name 2939
2026-01-31 16:57:07,158 - INFO - Building stim pattern for pattern_name 3693
2026-01-31 16:57:07,168 - INFO - Building stim pattern for pattern_name 1233
2026-01-31 16:57:07,178 - INFO - Building stim pattern for pattern_name 2114
2026-01-31 16:57:07,190 - INFO - Building stim pattern for pattern_name 1604
2026-01-31 16:57:07,201 - INFO - Building stim pattern for pattern_name 3617
2026-01-31 16:57:07,211 - INFO - Building stim pattern for pattern_name 437
2026-01-31 16:57:07,221 - INFO - Building stim pattern for pattern_name 3869
2026-01-31 16:57:07,231 - INFO - Building stim pattern for pattern_name 1387
2026-01-31 16:57:07,242 - INFO - Building stim pattern for pattern_name 3882
2026-01-31 16:57:07,252 - INFO - Building stim pattern for pattern_name 642
2026-01-31 16:57:07,261 - INFO - Building stim pattern for pattern_name 1083
2026-01-31 16:57:07,272 - INFO - Building stim pattern for pattern_name 1796
2026-01-31 16:57:07,282 - INFO - Building stim pattern for pattern_name 3568
2026-01-31 16:57:07,293 - INFO - Building stim pattern for pattern_name 1678
2026-01-31 16:57:07,304 - INFO - Building stim pattern for pattern_name 730
2026-01-31 16:57:07,324 - INFO - Building stim pattern for pattern_name 3315
2026-01-31 16:57:07,334 - INFO - Building stim pattern for pattern_name 3668
2026-01-31 16:57:07,345 - INFO - Building stim pattern for pattern_name 757
2026-01-31 16:57:07,361 - INFO - Building stim pattern for pattern_name 278
2026-01-31 16:57:07,372 - INFO - Building stim pattern for pattern_name 1998
2026-01-31 16:57:07,389 - INFO - Building stim pattern for pattern_name 2344
2026-01-31 16:57:07,404 - INFO - Building stim pattern for pattern_name 3305
2026-01-31 16:57:07,415 - INFO - Building stim pattern for pattern_name 2378
2026-01-31 16:57:07,427 - INFO - Building stim pattern for pattern_name 3067
2026-01-31 16:57:07,440 - INFO - Building stim pattern for pattern_name 1625
2026-01-31 16:57:07,454 - INFO - Building stim pattern for pattern_name 2872
2026-01-31 16:57:07,476 - INFO - Building stim pattern for pattern_name 3731
2026-01-31 16:57:07,488 - INFO - Building stim pattern for pattern_name 638
2026-01-31 16:57:07,504 - INFO - Building stim pattern for pattern_name 2016
2026-01-31 16:57:07,520 - INFO - Building stim pattern for pattern_name 1363
2026-01-31 16:57:07,544 - INFO - Building stim pattern for pattern_name 1397
2026-01-31 16:57:07,562 - INFO - Building stim pattern for pattern_name 1761
2026-01-31 16:57:07,575 - INFO - Building stim pattern for pattern_name 2290
2026-01-31 16:57:07,589 - INFO - Building stim pattern for pattern_name 3590
2026-01-31 16:57:07,603 - INFO - Building stim pattern for pattern_name 2247
2026-01-31 16:57:07,616 - INFO - Building stim pattern for pattern_name 699
2026-01-31 16:57:07,627 - INFO - Building stim pattern for pattern_name 1915
2026-01-31 16:57:07,636 - INFO - Building stim pattern for pattern_name 1289
2026-01-31 16:57:07,648 - INFO - Building stim pattern for pattern_name 1691
2026-01-31 16:57:07,659 - INFO - Building stim pattern for pattern_name 990
2026-01-31 16:57:07,668 - INFO - Building stim pattern for pattern_name 3077
2026-01-31 16:57:07,683 - INFO - Building stim pattern for pattern_name 1191
2026-01-31 16:57:07,694 - INFO - Building stim pattern for pattern_name 118
2026-01-31 16:57:07,704 - INFO - Building stim pattern for pattern_name 1177
2026-01-31 16:57:07,714 - INFO - Building stim pattern for pattern_name 1683
2026-01-31 16:57:07,726 - INFO - Building stim pattern for pattern_name 1348
2026-01-31 16:57:07,737 - INFO - Building stim pattern for pattern_name 1789
2026-01-31 16:57:07,748 - INFO - Building stim pattern for pattern_name 578
2026-01-31 16:57:07,759 - INFO - Building stim pattern for pattern_name 1982
2026-01-31 16:57:07,771 - INFO - Building stim pattern for pattern_name 3520
2026-01-31 16:57:07,787 - INFO - Building stim pattern for pattern_name 2865
2026-01-31 16:57:07,799 - INFO - Building stim pattern for pattern_name 1262
2026-01-31 16:57:07,813 - INFO - Building stim pattern for pattern_name 2807
2026-01-31 16:57:07,830 - INFO - Building stim pattern for pattern_name 4035
2026-01-31 16:57:07,850 - INFO - Building stim pattern for pattern_name 2139
2026-01-31 16:57:07,860 - INFO - Building stim pattern for pattern_name 1738
2026-01-31 16:57:07,870 - INFO - Building stim pattern for pattern_name 1094
2026-01-31 16:57:07,881 - INFO - Building stim pattern for pattern_name 2333
2026-01-31 16:57:07,893 - INFO - Building stim pattern for pattern_name 2517
2026-01-31 16:57:07,904 - INFO - Building stim pattern for pattern_name 1152
2026-01-31 16:57:07,923 - INFO - Building stim pattern for pattern_name 2024
2026-01-31 16:57:07,937 - INFO - Building stim pattern for pattern_name 1051
2026-01-31 16:57:07,961 - INFO - Building stim pattern for pattern_name 2839
2026-01-31 16:57:07,972 - INFO - Building stim pattern for pattern_name 3963
2026-01-31 16:57:07,982 - INFO - Building stim pattern for pattern_name 2777
2026-01-31 16:57:07,993 - INFO - Building stim pattern for pattern_name 3296
2026-01-31 16:57:08,004 - INFO - Building stim pattern for pattern_name 3091
2026-01-31 16:57:08,028 - INFO - Building stim pattern for pattern_name 3788
2026-01-31 16:57:08,040 - INFO - Building stim pattern for pattern_name 2110
2026-01-31 16:57:08,050 - INFO - Building stim pattern for pattern_name 2770
2026-01-31 16:57:08,061 - INFO - Building stim pattern for pattern_name 27
2026-01-31 16:57:08,071 - INFO - Building stim pattern for pattern_name 2656
2026-01-31 16:57:08,108 - INFO - Building stim pattern for pattern_name 3911
2026-01-31 16:57:08,125 - INFO - Building stim pattern for pattern_name 3796
2026-01-31 16:57:08,135 - INFO - Building stim pattern for pattern_name 3072
2026-01-31 16:57:08,145 - INFO - Building stim pattern for pattern_name 1686
2026-01-31 16:57:08,155 - INFO - Building stim pattern for pattern_name 3831
2026-01-31 16:57:08,165 - INFO - Building stim pattern for pattern_name 1885
2026-01-31 16:57:08,174 - INFO - Building stim pattern for pattern_name 311
2026-01-31 16:57:08,184 - INFO - Building stim pattern for pattern_name 1816
2026-01-31 16:57:08,200 - INFO - Building stim pattern for pattern_name 926
2026-01-31 16:57:08,210 - INFO - Building stim pattern for pattern_name 1298
2026-01-31 16:57:08,221 - INFO - Building stim pattern for pattern_name 3795
2026-01-31 16:57:08,239 - INFO - Building stim pattern for pattern_name 2130
2026-01-31 16:57:08,255 - INFO - Building stim pattern for pattern_name 1773
2026-01-31 16:57:08,266 - INFO - Building stim pattern for pattern_name 1027
2026-01-31 16:57:08,278 - INFO - Building stim pattern for pattern_name 3698
2026-01-31 16:57:08,295 - INFO - Building stim pattern for pattern_name 2150
2026-01-31 16:57:08,307 - INFO - Building stim pattern for pattern_name 3151
2026-01-31 16:57:08,319 - INFO - Building stim pattern for pattern_name 3047
2026-01-31 16:57:08,330 - INFO - Building stim pattern for pattern_name 3741
2026-01-31 16:57:08,349 - INFO - Building stim pattern for pattern_name 1412
2026-01-31 16:57:08,361 - INFO - Building stim pattern for pattern_name 2879
2026-01-31 16:57:08,375 - INFO - Building stim pattern for pattern_name 2868
2026-01-31 16:57:08,388 - INFO - Building stim pattern for pattern_name 3942
2026-01-31 16:57:08,400 - INFO - Building stim pattern for pattern_name 659
2026-01-31 16:57:08,410 - INFO - Building stim pattern for pattern_name 3526
2026-01-31 16:57:08,420 - INFO - Building stim pattern for pattern_name 2693
2026-01-31 16:57:08,431 - INFO - Building stim pattern for pattern_name 1505
2026-01-31 16:57:08,442 - INFO - Building stim pattern for pattern_name 613
2026-01-31 16:57:08,454 - INFO - Building stim pattern for pattern_name 548
2026-01-31 16:57:08,470 - INFO - Building stim pattern for pattern_name 2760
2026-01-31 16:57:08,481 - INFO - Building stim pattern for pattern_name 812
2026-01-31 16:57:08,497 - INFO - Building stim pattern for pattern_name 2904
2026-01-31 16:57:08,508 - INFO - Building stim pattern for pattern_name 883
2026-01-31 16:57:08,531 - INFO - Building stim pattern for pattern_name 1840
2026-01-31 16:57:08,545 - INFO - Building stim pattern for pattern_name 2769
2026-01-31 16:57:08,556 - INFO - Building stim pattern for pattern_name 718
2026-01-31 16:57:08,578 - INFO - Building stim pattern for pattern_name 2326
2026-01-31 16:57:08,590 - INFO - Building stim pattern for pattern_name 3736
2026-01-31 16:57:08,605 - INFO - Building stim pattern for pattern_name 2074
2026-01-31 16:57:08,628 - INFO - Building stim pattern for pattern_name 3420
2026-01-31 16:57:08,639 - INFO - Building stim pattern for pattern_name 599
2026-01-31 16:57:08,655 - INFO - Building stim pattern for pattern_name 2044
2026-01-31 16:57:08,666 - INFO - Building stim pattern for pattern_name 1814
2026-01-31 16:57:08,678 - INFO - Building stim pattern for pattern_name 3229
2026-01-31 16:57:08,689 - INFO - Building stim pattern for pattern_name 411
2026-01-31 16:57:08,699 - INFO - Building stim pattern for pattern_name 1552
2026-01-31 16:57:08,709 - INFO - Building stim pattern for pattern_name 2082
2026-01-31 16:57:08,735 - INFO - Building stim pattern for pattern_name 3217
2026-01-31 16:57:08,745 - INFO - Building stim pattern for pattern_name 1667
2026-01-31 16:57:08,765 - INFO - Building stim pattern for pattern_name 3268
2026-01-31 16:57:08,775 - INFO - Building stim pattern for pattern_name 3161
2026-01-31 16:57:08,785 - INFO - Building stim pattern for pattern_name 2767
2026-01-31 16:57:08,795 - INFO - Building stim pattern for pattern_name 20
2026-01-31 16:57:08,811 - INFO - Building stim pattern for pattern_name 3684
2026-01-31 16:57:08,822 - INFO - Building stim pattern for pattern_name 538
2026-01-31 16:57:08,834 - INFO - Building stim pattern for pattern_name 3116
2026-01-31 16:57:08,845 - INFO - Building stim pattern for pattern_name 1914
2026-01-31 16:57:08,856 - INFO - Building stim pattern for pattern_name 2768
2026-01-31 16:57:08,867 - INFO - Building stim pattern for pattern_name 1821
2026-01-31 16:57:08,883 - INFO - Building stim pattern for pattern_name 886
2026-01-31 16:57:08,893 - INFO - Building stim pattern for pattern_name 2325
2026-01-31 16:57:08,903 - INFO - Building stim pattern for pattern_name 3727
2026-01-31 16:57:08,920 - INFO - Building stim pattern for pattern_name 3245
2026-01-31 16:57:08,960 - INFO - Building stim pattern for pattern_name 1322
2026-01-31 16:57:09,006 - INFO - Building stim pattern for pattern_name 2583
2026-01-31 16:57:09,082 - INFO - Building stim pattern for pattern_name 2090
2026-01-31 16:57:09,162 - INFO - Building stim pattern for pattern_name 3384
2026-01-31 16:57:09,253 - INFO - Building stim pattern for pattern_name 164
2026-01-31 16:57:09,413 - INFO - Building stim pattern for pattern_name 22
2026-01-31 16:57:09,449 - INFO - Building stim pattern for pattern_name 3186
2026-01-31 16:57:09,484 - INFO - Building stim pattern for pattern_name 3745
2026-01-31 16:57:09,509 - INFO - Building stim pattern for pattern_name 70
2026-01-31 16:57:09,536 - INFO - Building stim pattern for pattern_name 1110
2026-01-31 16:57:09,557 - INFO - Building stim pattern for pattern_name 3532
2026-01-31 16:57:09,578 - INFO - Building stim pattern for pattern_name 1989
2026-01-31 16:57:09,605 - INFO - Building stim pattern for pattern_name 2307
2026-01-31 16:57:09,767 - INFO - Building stim pattern for pattern_name 633
2026-01-31 16:57:09,803 - INFO - Building stim pattern for pattern_name 3440
2026-01-31 16:57:09,826 - INFO - Building stim pattern for pattern_name 1734
2026-01-31 16:57:09,856 - INFO - Building stim pattern for pattern_name 1648
2026-01-31 16:57:09,868 - INFO - Building stim pattern for pattern_name 2462
2026-01-31 16:57:09,916 - INFO - Building stim pattern for pattern_name 3760
2026-01-31 16:57:09,966 - INFO - Building stim pattern for pattern_name 3913
2026-01-31 16:57:09,981 - INFO - Building stim pattern for pattern_name 2474
2026-01-31 16:57:10,011 - INFO - Building stim pattern for pattern_name 2059
2026-01-31 16:57:10,023 - INFO - Building stim pattern for pattern_name 1931
2026-01-31 16:57:10,034 - INFO - Building stim pattern for pattern_name 2632
2026-01-31 16:57:10,045 - INFO - Building stim pattern for pattern_name 2165
2026-01-31 16:57:10,058 - INFO - Building stim pattern for pattern_name 2408
2026-01-31 16:57:10,070 - INFO - Building stim pattern for pattern_name 1470
2026-01-31 16:57:10,082 - INFO - Building stim pattern for pattern_name 1003
2026-01-31 16:57:10,093 - INFO - Building stim pattern for pattern_name 1550
2026-01-31 16:57:10,104 - INFO - Building stim pattern for pattern_name 759
2026-01-31 16:57:10,127 - INFO - Building stim pattern for pattern_name 1126
2026-01-31 16:57:10,145 - INFO - Building stim pattern for pattern_name 1301
2026-01-31 16:57:10,165 - INFO - Building stim pattern for pattern_name 528
2026-01-31 16:57:10,176 - INFO - Building stim pattern for pattern_name 2026
2026-01-31 16:57:10,187 - INFO - Building stim pattern for pattern_name 1210
2026-01-31 16:57:10,199 - INFO - Building stim pattern for pattern_name 46
2026-01-31 16:57:10,210 - INFO - Building stim pattern for pattern_name 2697
2026-01-31 16:57:10,220 - INFO - Building stim pattern for pattern_name 3589
2026-01-31 16:57:10,240 - INFO - Building stim pattern for pattern_name 1220
2026-01-31 16:57:10,252 - INFO - Building stim pattern for pattern_name 3018
2026-01-31 16:57:10,270 - INFO - Building stim pattern for pattern_name 1012
2026-01-31 16:57:10,280 - INFO - Building stim pattern for pattern_name 1417
2026-01-31 16:57:10,292 - INFO - Building stim pattern for pattern_name 401
2026-01-31 16:57:10,319 - INFO - Building stim pattern for pattern_name 3023
2026-01-31 16:57:10,341 - INFO - Building stim pattern for pattern_name 1886
2026-01-31 16:57:10,355 - INFO - Building stim pattern for pattern_name 1228
2026-01-31 16:57:10,374 - INFO - Building stim pattern for pattern_name 147
2026-01-31 16:57:10,391 - INFO - Building stim pattern for pattern_name 1731
2026-01-31 16:57:10,422 - INFO - Building stim pattern for pattern_name 3847
2026-01-31 16:57:10,437 - INFO - Building stim pattern for pattern_name 2513
2026-01-31 16:57:10,454 - INFO - Building stim pattern for pattern_name 1022
2026-01-31 16:57:10,465 - INFO - Building stim pattern for pattern_name 1057
2026-01-31 16:57:10,492 - INFO - Building stim pattern for pattern_name 257
2026-01-31 16:57:10,509 - INFO - Building stim pattern for pattern_name 780
2026-01-31 16:57:10,521 - INFO - Building stim pattern for pattern_name 928
2026-01-31 16:57:10,533 - INFO - Building stim pattern for pattern_name 126
2026-01-31 16:57:10,543 - INFO - Building stim pattern for pattern_name 384
2026-01-31 16:57:10,554 - INFO - Building stim pattern for pattern_name 3080
2026-01-31 16:57:10,565 - INFO - Building stim pattern for pattern_name 2198
2026-01-31 16:57:10,576 - INFO - Building stim pattern for pattern_name 698
2026-01-31 16:57:10,592 - INFO - Building stim pattern for pattern_name 1992
2026-01-31 16:57:10,608 - INFO - Building stim pattern for pattern_name 194
2026-01-31 16:57:10,619 - INFO - Building stim pattern for pattern_name 916
2026-01-31 16:57:10,630 - INFO - Building stim pattern for pattern_name 3662
2026-01-31 16:57:10,640 - INFO - Building stim pattern for pattern_name 3975
2026-01-31 16:57:10,650 - INFO - Building stim pattern for pattern_name 385
2026-01-31 16:57:10,660 - INFO - Building stim pattern for pattern_name 723
2026-01-31 16:57:10,676 - INFO - Building stim pattern for pattern_name 636
2026-01-31 16:57:10,694 - INFO - Building stim pattern for pattern_name 3841
2026-01-31 16:57:10,726 - INFO - Building stim pattern for pattern_name 3781
2026-01-31 16:57:10,742 - INFO - Building stim pattern for pattern_name 3309
2026-01-31 16:57:10,757 - INFO - Building stim pattern for pattern_name 2554
2026-01-31 16:57:10,787 - INFO - Building stim pattern for pattern_name 794
2026-01-31 16:57:10,801 - INFO - Building stim pattern for pattern_name 1062
2026-01-31 16:57:10,822 - INFO - Building stim pattern for pattern_name 366
2026-01-31 16:57:10,845 - INFO - Building stim pattern for pattern_name 327
2026-01-31 16:57:10,879 - INFO - Building stim pattern for pattern_name 1460
2026-01-31 16:57:10,911 - INFO - Building stim pattern for pattern_name 2959
2026-01-31 16:57:10,956 - INFO - Building stim pattern for pattern_name 1740
2026-01-31 16:57:10,986 - INFO - Building stim pattern for pattern_name 3757
2026-01-31 16:57:11,002 - INFO - Building stim pattern for pattern_name 2684
2026-01-31 16:57:11,030 - INFO - Building stim pattern for pattern_name 376
2026-01-31 16:57:11,055 - INFO - Building stim pattern for pattern_name 2994
2026-01-31 16:57:11,076 - INFO - Building stim pattern for pattern_name 3012
2026-01-31 16:57:11,094 - INFO - Building stim pattern for pattern_name 2162
2026-01-31 16:57:11,110 - INFO - Building stim pattern for pattern_name 425
2026-01-31 16:57:11,121 - INFO - Building stim pattern for pattern_name 1276
2026-01-31 16:57:11,142 - INFO - Building stim pattern for pattern_name 701
2026-01-31 16:57:11,156 - INFO - Building stim pattern for pattern_name 3352
2026-01-31 16:57:11,170 - INFO - Building stim pattern for pattern_name 3114
2026-01-31 16:57:11,182 - INFO - Building stim pattern for pattern_name 1890
2026-01-31 16:57:11,196 - INFO - Building stim pattern for pattern_name 3081
2026-01-31 16:57:11,216 - INFO - Building stim pattern for pattern_name 2126
2026-01-31 16:57:11,237 - INFO - Building stim pattern for pattern_name 169
2026-01-31 16:57:11,261 - INFO - Building stim pattern for pattern_name 2638
2026-01-31 16:57:11,291 - INFO - Building stim pattern for pattern_name 2886
2026-01-31 16:57:11,305 - INFO - Building stim pattern for pattern_name 3517
2026-01-31 16:57:11,321 - INFO - Building stim pattern for pattern_name 1308
2026-01-31 16:57:11,336 - INFO - Building stim pattern for pattern_name 938
2026-01-31 16:57:11,350 - INFO - Building stim pattern for pattern_name 3714
2026-01-31 16:57:11,366 - INFO - Building stim pattern for pattern_name 3984
2026-01-31 16:57:11,412 - INFO - Building stim pattern for pattern_name 228
2026-01-31 16:57:11,425 - INFO - Building stim pattern for pattern_name 2600
2026-01-31 16:57:11,441 - INFO - Building stim pattern for pattern_name 1511
2026-01-31 16:57:11,456 - INFO - Building stim pattern for pattern_name 629
2026-01-31 16:57:11,469 - INFO - Building stim pattern for pattern_name 1969
2026-01-31 16:57:11,485 - INFO - Building stim pattern for pattern_name 2899
2026-01-31 16:57:11,500 - INFO - Building stim pattern for pattern_name 2631
2026-01-31 16:57:11,512 - INFO - Building stim pattern for pattern_name 835
2026-01-31 16:57:11,530 - INFO - Building stim pattern for pattern_name 2123
2026-01-31 16:57:11,546 - INFO - Building stim pattern for pattern_name 480
2026-01-31 16:57:11,562 - INFO - Building stim pattern for pattern_name 137
2026-01-31 16:57:11,576 - INFO - Building stim pattern for pattern_name 3894
2026-01-31 16:57:11,590 - INFO - Building stim pattern for pattern_name 3345
2026-01-31 16:57:11,610 - INFO - Building stim pattern for pattern_name 1207
2026-01-31 16:57:11,627 - INFO - Building stim pattern for pattern_name 3876
2026-01-31 16:57:11,655 - INFO - Building stim pattern for pattern_name 360
2026-01-31 16:57:11,692 - INFO - Building stim pattern for pattern_name 2179
2026-01-31 16:57:11,719 - INFO - Building stim pattern for pattern_name 1699
2026-01-31 16:57:11,749 - INFO - Building stim pattern for pattern_name 1354
2026-01-31 16:57:11,766 - INFO - Building stim pattern for pattern_name 1420
2026-01-31 16:57:11,784 - INFO - Building stim pattern for pattern_name 170
2026-01-31 16:57:11,810 - INFO - Building stim pattern for pattern_name 1690
2026-01-31 16:57:11,833 - INFO - Building stim pattern for pattern_name 2377
2026-01-31 16:57:11,867 - INFO - Building stim pattern for pattern_name 3907
2026-01-31 16:57:11,881 - INFO - Building stim pattern for pattern_name 1019
2026-01-31 16:57:11,897 - INFO - Building stim pattern for pattern_name 2576
2026-01-31 16:57:11,921 - INFO - Building stim pattern for pattern_name 1007
2026-01-31 16:57:11,936 - INFO - Building stim pattern for pattern_name 1194
2026-01-31 16:57:11,965 - INFO - Building stim pattern for pattern_name 3494
2026-01-31 16:57:11,979 - INFO - Building stim pattern for pattern_name 3279
2026-01-31 16:57:11,991 - INFO - Building stim pattern for pattern_name 2343
2026-01-31 16:57:12,003 - INFO - Building stim pattern for pattern_name 400
2026-01-31 16:57:12,037 - INFO - Building stim pattern for pattern_name 1584
2026-01-31 16:57:12,050 - INFO - Building stim pattern for pattern_name 1089
2026-01-31 16:57:12,063 - INFO - Building stim pattern for pattern_name 1061
2026-01-31 16:57:12,075 - INFO - Building stim pattern for pattern_name 1954
2026-01-31 16:57:12,101 - INFO - Building stim pattern for pattern_name 2006
2026-01-31 16:57:12,137 - INFO - Building stim pattern for pattern_name 1671
2026-01-31 16:57:12,152 - INFO - Building stim pattern for pattern_name 3478
2026-01-31 16:57:12,165 - INFO - Building stim pattern for pattern_name 1319
2026-01-31 16:57:12,190 - INFO - Building stim pattern for pattern_name 2433
2026-01-31 16:57:12,203 - INFO - Building stim pattern for pattern_name 3032
2026-01-31 16:57:12,219 - INFO - Building stim pattern for pattern_name 93
2026-01-31 16:57:12,230 - INFO - Building stim pattern for pattern_name 1161
2026-01-31 16:57:12,242 - INFO - Building stim pattern for pattern_name 249
2026-01-31 16:57:12,279 - INFO - Building stim pattern for pattern_name 687
2026-01-31 16:57:12,296 - INFO - Building stim pattern for pattern_name 1676
2026-01-31 16:57:12,307 - INFO - Building stim pattern for pattern_name 2654
2026-01-31 16:57:12,318 - INFO - Building stim pattern for pattern_name 901
2026-01-31 16:57:12,330 - INFO - Building stim pattern for pattern_name 1916
2026-01-31 16:57:12,347 - INFO - Building stim pattern for pattern_name 377
2026-01-31 16:57:12,358 - INFO - Building stim pattern for pattern_name 2389
2026-01-31 16:57:12,371 - INFO - Building stim pattern for pattern_name 78
2026-01-31 16:57:12,383 - INFO - Building stim pattern for pattern_name 1836
2026-01-31 16:57:12,402 - INFO - Building stim pattern for pattern_name 2199
2026-01-31 16:57:12,414 - INFO - Building stim pattern for pattern_name 3854
2026-01-31 16:57:12,427 - INFO - Building stim pattern for pattern_name 2395
2026-01-31 16:57:12,439 - INFO - Building stim pattern for pattern_name 753
2026-01-31 16:57:12,450 - INFO - Building stim pattern for pattern_name 1983
2026-01-31 16:57:12,462 - INFO - Building stim pattern for pattern_name 3225
2026-01-31 16:57:12,473 - INFO - Building stim pattern for pattern_name 1728
2026-01-31 16:57:12,493 - INFO - Building stim pattern for pattern_name 1500
2026-01-31 16:57:12,504 - INFO - Building stim pattern for pattern_name 2376
2026-01-31 16:57:12,523 - INFO - Building stim pattern for pattern_name 1029
2026-01-31 16:57:12,535 - INFO - Building stim pattern for pattern_name 2863
2026-01-31 16:57:12,546 - INFO - Building stim pattern for pattern_name 1586
2026-01-31 16:57:12,559 - INFO - Building stim pattern for pattern_name 2856
2026-01-31 16:57:12,571 - INFO - Building stim pattern for pattern_name 897
2026-01-31 16:57:12,585 - INFO - Building stim pattern for pattern_name 2621
2026-01-31 16:57:12,594 - INFO - Building stim pattern for pattern_name 2226
2026-01-31 16:57:12,605 - INFO - Building stim pattern for pattern_name 291
2026-01-31 16:57:12,616 - INFO - Building stim pattern for pattern_name 2482
2026-01-31 16:57:12,630 - INFO - Building stim pattern for pattern_name 2449
2026-01-31 16:57:12,644 - INFO - Building stim pattern for pattern_name 1216
2026-01-31 16:57:12,657 - INFO - Building stim pattern for pattern_name 1714
2026-01-31 16:57:12,668 - INFO - Building stim pattern for pattern_name 2447
2026-01-31 16:57:12,681 - INFO - Building stim pattern for pattern_name 1616
2026-01-31 16:57:12,701 - INFO - Building stim pattern for pattern_name 3793
2026-01-31 16:57:12,713 - INFO - Building stim pattern for pattern_name 2986
2026-01-31 16:57:12,724 - INFO - Building stim pattern for pattern_name 2364
2026-01-31 16:57:12,743 - INFO - Building stim pattern for pattern_name 2548
2026-01-31 16:57:12,754 - INFO - Building stim pattern for pattern_name 3133
2026-01-31 16:57:12,771 - INFO - Building stim pattern for pattern_name 3978
2026-01-31 16:57:12,782 - INFO - Building stim pattern for pattern_name 1495
2026-01-31 16:57:12,793 - INFO - Building stim pattern for pattern_name 1719
2026-01-31 16:57:12,811 - INFO - Building stim pattern for pattern_name 1908
2026-01-31 16:57:12,822 - INFO - Building stim pattern for pattern_name 1170
2026-01-31 16:57:12,833 - INFO - Building stim pattern for pattern_name 1883
2026-01-31 16:57:12,845 - INFO - Building stim pattern for pattern_name 3141
2026-01-31 16:57:12,862 - INFO - Building stim pattern for pattern_name 1451
2026-01-31 16:57:12,873 - INFO - Building stim pattern for pattern_name 255
2026-01-31 16:57:12,884 - INFO - Building stim pattern for pattern_name 1024
2026-01-31 16:57:12,895 - INFO - Building stim pattern for pattern_name 2085
2026-01-31 16:57:12,905 - INFO - Building stim pattern for pattern_name 413
2026-01-31 16:57:12,917 - INFO - Building stim pattern for pattern_name 1680
2026-01-31 16:57:12,928 - INFO - Building stim pattern for pattern_name 3868
2026-01-31 16:57:12,939 - INFO - Building stim pattern for pattern_name 292
2026-01-31 16:57:12,951 - INFO - Building stim pattern for pattern_name 469
2026-01-31 16:57:12,961 - INFO - Building stim pattern for pattern_name 2286
2026-01-31 16:57:12,983 - INFO - Building stim pattern for pattern_name 184
2026-01-31 16:57:12,997 - INFO - Building stim pattern for pattern_name 1965
2026-01-31 16:57:13,008 - INFO - Building stim pattern for pattern_name 3849
2026-01-31 16:57:13,021 - INFO - Building stim pattern for pattern_name 2011
2026-01-31 16:57:13,033 - INFO - Building stim pattern for pattern_name 3866
2026-01-31 16:57:13,048 - INFO - Building stim pattern for pattern_name 1779
2026-01-31 16:57:13,060 - INFO - Building stim pattern for pattern_name 3881
2026-01-31 16:57:13,072 - INFO - Building stim pattern for pattern_name 3839
2026-01-31 16:57:13,083 - INFO - Building stim pattern for pattern_name 1273
2026-01-31 16:57:13,100 - INFO - Building stim pattern for pattern_name 1563
2026-01-31 16:57:13,118 - INFO - Building stim pattern for pattern_name 1799
2026-01-31 16:57:13,130 - INFO - Building stim pattern for pattern_name 3416
2026-01-31 16:57:13,142 - INFO - Building stim pattern for pattern_name 661
2026-01-31 16:57:13,153 - INFO - Building stim pattern for pattern_name 2728
2026-01-31 16:57:13,163 - INFO - Building stim pattern for pattern_name 838
2026-01-31 16:57:13,186 - INFO - Building stim pattern for pattern_name 1634
2026-01-31 16:57:13,199 - INFO - Building stim pattern for pattern_name 3973
2026-01-31 16:57:13,212 - INFO - Building stim pattern for pattern_name 1171
2026-01-31 16:57:13,231 - INFO - Building stim pattern for pattern_name 2416
2026-01-31 16:57:13,241 - INFO - Building stim pattern for pattern_name 313
2026-01-31 16:57:13,258 - INFO - Building stim pattern for pattern_name 3313
2026-01-31 16:57:13,276 - INFO - Building stim pattern for pattern_name 3611
2026-01-31 16:57:13,288 - INFO - Building stim pattern for pattern_name 3715
2026-01-31 16:57:13,302 - INFO - Building stim pattern for pattern_name 764
2026-01-31 16:57:13,313 - INFO - Building stim pattern for pattern_name 116
2026-01-31 16:57:13,331 - INFO - Building stim pattern for pattern_name 2786
2026-01-31 16:57:13,342 - INFO - Building stim pattern for pattern_name 445
2026-01-31 16:57:13,360 - INFO - Building stim pattern for pattern_name 2529
2026-01-31 16:57:13,380 - INFO - Building stim pattern for pattern_name 3631
2026-01-31 16:57:13,403 - INFO - Building stim pattern for pattern_name 2092
2026-01-31 16:57:13,415 - INFO - Building stim pattern for pattern_name 1368
2026-01-31 16:57:13,426 - INFO - Building stim pattern for pattern_name 2239
2026-01-31 16:57:13,439 - INFO - Building stim pattern for pattern_name 944
2026-01-31 16:57:13,452 - INFO - Building stim pattern for pattern_name 1294
2026-01-31 16:57:13,463 - INFO - Building stim pattern for pattern_name 562
2026-01-31 16:57:13,475 - INFO - Building stim pattern for pattern_name 815
2026-01-31 16:57:13,486 - INFO - Building stim pattern for pattern_name 2478
2026-01-31 16:57:13,498 - INFO - Building stim pattern for pattern_name 964
2026-01-31 16:57:13,508 - INFO - Building stim pattern for pattern_name 3378
2026-01-31 16:57:13,531 - INFO - Building stim pattern for pattern_name 2920
2026-01-31 16:57:13,543 - INFO - Building stim pattern for pattern_name 1687
2026-01-31 16:57:13,554 - INFO - Building stim pattern for pattern_name 1438
2026-01-31 16:57:13,565 - INFO - Building stim pattern for pattern_name 487
2026-01-31 16:57:13,576 - INFO - Building stim pattern for pattern_name 825
2026-01-31 16:57:13,598 - INFO - Building stim pattern for pattern_name 974
2026-01-31 16:57:13,608 - INFO - Building stim pattern for pattern_name 3126
2026-01-31 16:57:13,629 - INFO - Building stim pattern for pattern_name 1772
2026-01-31 16:57:13,640 - INFO - Building stim pattern for pattern_name 1708
2026-01-31 16:57:13,651 - INFO - Building stim pattern for pattern_name 2729
2026-01-31 16:57:13,669 - INFO - Building stim pattern for pattern_name 2610
2026-01-31 16:57:13,680 - INFO - Building stim pattern for pattern_name 3685
2026-01-31 16:57:13,692 - INFO - Building stim pattern for pattern_name 2843
2026-01-31 16:57:13,704 - INFO - Building stim pattern for pattern_name 1133
2026-01-31 16:57:13,717 - INFO - Building stim pattern for pattern_name 3825
2026-01-31 16:57:13,729 - INFO - Building stim pattern for pattern_name 1403
2026-01-31 16:57:13,739 - INFO - Building stim pattern for pattern_name 3256
2026-01-31 16:57:13,750 - INFO - Building stim pattern for pattern_name 2534
2026-01-31 16:57:13,762 - INFO - Building stim pattern for pattern_name 3385
2026-01-31 16:57:13,782 - INFO - Building stim pattern for pattern_name 726
2026-01-31 16:57:13,792 - INFO - Building stim pattern for pattern_name 3877
2026-01-31 16:57:13,803 - INFO - Building stim pattern for pattern_name 1575
2026-01-31 16:57:13,820 - INFO - Building stim pattern for pattern_name 2518
2026-01-31 16:57:13,831 - INFO - Building stim pattern for pattern_name 340
2026-01-31 16:57:13,842 - INFO - Building stim pattern for pattern_name 3073
2026-01-31 16:57:13,858 - INFO - Building stim pattern for pattern_name 380
2026-01-31 16:57:13,869 - INFO - Building stim pattern for pattern_name 2323
2026-01-31 16:57:13,880 - INFO - Building stim pattern for pattern_name 639
2026-01-31 16:57:13,890 - INFO - Building stim pattern for pattern_name 1701
2026-01-31 16:57:13,902 - INFO - Building stim pattern for pattern_name 1366
2026-01-31 16:57:13,912 - INFO - Building stim pattern for pattern_name 1762
2026-01-31 16:57:13,924 - INFO - Building stim pattern for pattern_name 3967
2026-01-31 16:57:13,935 - INFO - Building stim pattern for pattern_name 602
2026-01-31 16:57:13,947 - INFO - Building stim pattern for pattern_name 443
2026-01-31 16:57:13,957 - INFO - Building stim pattern for pattern_name 3694
2026-01-31 16:57:13,968 - INFO - Building stim pattern for pattern_name 3604
2026-01-31 16:57:13,979 - INFO - Building stim pattern for pattern_name 1314
2026-01-31 16:57:13,991 - INFO - Building stim pattern for pattern_name 1426
2026-01-31 16:57:14,002 - INFO - Building stim pattern for pattern_name 2819
2026-01-31 16:57:14,019 - INFO - Building stim pattern for pattern_name 2105
2026-01-31 16:57:14,029 - INFO - Building stim pattern for pattern_name 329
2026-01-31 16:57:14,042 - INFO - Building stim pattern for pattern_name 1380
2026-01-31 16:57:14,052 - INFO - Building stim pattern for pattern_name 3461
2026-01-31 16:57:14,069 - INFO - Building stim pattern for pattern_name 2375
2026-01-31 16:57:14,081 - INFO - Building stim pattern for pattern_name 632
2026-01-31 16:57:14,094 - INFO - Building stim pattern for pattern_name 1717
2026-01-31 16:57:14,105 - INFO - Building stim pattern for pattern_name 3993
2026-01-31 16:57:14,115 - INFO - Building stim pattern for pattern_name 1128
2026-01-31 16:57:14,126 - INFO - Building stim pattern for pattern_name 2623
2026-01-31 16:57:14,137 - INFO - Building stim pattern for pattern_name 816
2026-01-31 16:57:14,149 - INFO - Building stim pattern for pattern_name 1104
2026-01-31 16:57:14,168 - INFO - Building stim pattern for pattern_name 1143
2026-01-31 16:57:14,178 - INFO - Building stim pattern for pattern_name 1949
2026-01-31 16:57:14,191 - INFO - Building stim pattern for pattern_name 344
2026-01-31 16:57:14,203 - INFO - Building stim pattern for pattern_name 3649
2026-01-31 16:57:14,219 - INFO - Building stim pattern for pattern_name 2077
2026-01-31 16:57:14,231 - INFO - Building stim pattern for pattern_name 2458
2026-01-31 16:57:14,248 - INFO - Building stim pattern for pattern_name 1898
2026-01-31 16:57:14,258 - INFO - Building stim pattern for pattern_name 1332
2026-01-31 16:57:14,269 - INFO - Building stim pattern for pattern_name 3807
2026-01-31 16:57:14,279 - INFO - Building stim pattern for pattern_name 1364
2026-01-31 16:57:14,290 - INFO - Building stim pattern for pattern_name 3982
2026-01-31 16:57:14,301 - INFO - Building stim pattern for pattern_name 1406
2026-01-31 16:57:14,311 - INFO - Building stim pattern for pattern_name 336
2026-01-31 16:57:14,321 - INFO - Building stim pattern for pattern_name 710
2026-01-31 16:57:14,339 - INFO - Building stim pattern for pattern_name 2342
2026-01-31 16:57:14,351 - INFO - Building stim pattern for pattern_name 3776
2026-01-31 16:57:14,377 - INFO - Building stim pattern for pattern_name 1158
2026-01-31 16:57:14,387 - INFO - Building stim pattern for pattern_name 486
2026-01-31 16:57:14,404 - INFO - Building stim pattern for pattern_name 421
2026-01-31 16:57:14,415 - INFO - Building stim pattern for pattern_name 1471
2026-01-31 16:57:14,426 - INFO - Building stim pattern for pattern_name 3021
2026-01-31 16:57:14,437 - INFO - Building stim pattern for pattern_name 3674
2026-01-31 16:57:14,454 - INFO - Building stim pattern for pattern_name 2966
2026-01-31 16:57:14,465 - INFO - Building stim pattern for pattern_name 2921
2026-01-31 16:57:14,477 - INFO - Building stim pattern for pattern_name 834
2026-01-31 16:57:14,498 - INFO - Building stim pattern for pattern_name 3237
2026-01-31 16:57:14,510 - INFO - Building stim pattern for pattern_name 2612
2026-01-31 16:57:14,522 - INFO - Building stim pattern for pattern_name 1541
2026-01-31 16:57:14,532 - INFO - Building stim pattern for pattern_name 2351
2026-01-31 16:57:14,543 - INFO - Building stim pattern for pattern_name 1570
2026-01-31 16:57:14,556 - INFO - Building stim pattern for pattern_name 325
2026-01-31 16:57:14,568 - INFO - Building stim pattern for pattern_name 3914
2026-01-31 16:57:14,588 - INFO - Building stim pattern for pattern_name 3355
2026-01-31 16:57:14,600 - INFO - Building stim pattern for pattern_name 1837
2026-01-31 16:57:14,612 - INFO - Building stim pattern for pattern_name 2503
2026-01-31 16:57:14,643 - INFO - Building stim pattern for pattern_name 306
2026-01-31 16:57:14,668 - INFO - Building stim pattern for pattern_name 672
2026-01-31 16:57:14,681 - INFO - Building stim pattern for pattern_name 2018
2026-01-31 16:57:14,692 - INFO - Building stim pattern for pattern_name 1778
2026-01-31 16:57:14,722 - INFO - Building stim pattern for pattern_name 2189
2026-01-31 16:57:14,745 - INFO - Building stim pattern for pattern_name 3448
2026-01-31 16:57:14,758 - INFO - Building stim pattern for pattern_name 2211
2026-01-31 16:57:14,778 - INFO - Building stim pattern for pattern_name 2148
2026-01-31 16:57:14,788 - INFO - Building stim pattern for pattern_name 3409
2026-01-31 16:57:14,800 - INFO - Building stim pattern for pattern_name 3052
2026-01-31 16:57:14,831 - INFO - Building stim pattern for pattern_name 268
2026-01-31 16:57:14,842 - INFO - Building stim pattern for pattern_name 1385
2026-01-31 16:57:14,851 - INFO - Building stim pattern for pattern_name 720
2026-01-31 16:57:14,862 - INFO - Building stim pattern for pattern_name 72
2026-01-31 16:57:14,872 - INFO - Building stim pattern for pattern_name 2759
2026-01-31 16:57:14,881 - INFO - Building stim pattern for pattern_name 2765
2026-01-31 16:57:14,892 - INFO - Building stim pattern for pattern_name 793
2026-01-31 16:57:14,907 - INFO - Building stim pattern for pattern_name 2171
2026-01-31 16:57:14,923 - INFO - Building stim pattern for pattern_name 2985
2026-01-31 16:57:14,934 - INFO - Building stim pattern for pattern_name 2598
2026-01-31 16:57:14,945 - INFO - Building stim pattern for pattern_name 3851
2026-01-31 16:57:14,956 - INFO - Building stim pattern for pattern_name 1434
2026-01-31 16:57:14,967 - INFO - Building stim pattern for pattern_name 1445
2026-01-31 16:57:14,978 - INFO - Building stim pattern for pattern_name 1146
2026-01-31 16:57:14,988 - INFO - Building stim pattern for pattern_name 2551
2026-01-31 16:57:15,000 - INFO - Building stim pattern for pattern_name 1802
2026-01-31 16:57:15,011 - INFO - Building stim pattern for pattern_name 3123
2026-01-31 16:57:15,027 - INFO - Building stim pattern for pattern_name 902
2026-01-31 16:57:15,038 - INFO - Building stim pattern for pattern_name 767
2026-01-31 16:57:15,049 - INFO - Building stim pattern for pattern_name 3821
2026-01-31 16:57:15,060 - INFO - Building stim pattern for pattern_name 3564
2026-01-31 16:57:15,071 - INFO - Building stim pattern for pattern_name 905
2026-01-31 16:57:15,080 - INFO - Building stim pattern for pattern_name 2624
2026-01-31 16:57:15,091 - INFO - Building stim pattern for pattern_name 2434
2026-01-31 16:57:15,101 - INFO - Building stim pattern for pattern_name 2267
2026-01-31 16:57:15,112 - INFO - Building stim pattern for pattern_name 3028
2026-01-31 16:57:15,169 - INFO - Building stim pattern for pattern_name 131
2026-01-31 16:57:15,215 - INFO - Building stim pattern for pattern_name 763
2026-01-31 16:57:15,249 - INFO - Building stim pattern for pattern_name 1751
2026-01-31 16:57:15,262 - INFO - Building stim pattern for pattern_name 2951
2026-01-31 16:57:15,273 - INFO - Building stim pattern for pattern_name 2175
2026-01-31 16:57:15,285 - INFO - Building stim pattern for pattern_name 616
2026-01-31 16:57:15,295 - INFO - Building stim pattern for pattern_name 3139
2026-01-31 16:57:15,307 - INFO - Building stim pattern for pattern_name 407
2026-01-31 16:57:15,318 - INFO - Building stim pattern for pattern_name 1245
2026-01-31 16:57:15,329 - INFO - Building stim pattern for pattern_name 3654
2026-01-31 16:57:15,341 - INFO - Building stim pattern for pattern_name 1079
2026-01-31 16:57:15,366 - INFO - Building stim pattern for pattern_name 3188
2026-01-31 16:57:15,380 - INFO - Building stim pattern for pattern_name 265
2026-01-31 16:57:15,395 - INFO - Building stim pattern for pattern_name 608
2026-01-31 16:57:15,410 - INFO - Building stim pattern for pattern_name 1025
2026-01-31 16:57:15,430 - INFO - Building stim pattern for pattern_name 2837
2026-01-31 16:57:15,443 - INFO - Building stim pattern for pattern_name 3160
2026-01-31 16:57:15,458 - INFO - Building stim pattern for pattern_name 1091
2026-01-31 16:57:15,469 - INFO - Building stim pattern for pattern_name 324
2026-01-31 16:57:15,480 - INFO - Building stim pattern for pattern_name 1214
2026-01-31 16:57:15,493 - INFO - Building stim pattern for pattern_name 180
2026-01-31 16:57:15,505 - INFO - Building stim pattern for pattern_name 3997
2026-01-31 16:57:15,516 - INFO - Building stim pattern for pattern_name 9
2026-01-31 16:57:15,527 - INFO - Building stim pattern for pattern_name 1547
2026-01-31 16:57:15,538 - INFO - Building stim pattern for pattern_name 3689
2026-01-31 16:57:15,549 - INFO - Building stim pattern for pattern_name 2159
2026-01-31 16:57:15,560 - INFO - Building stim pattern for pattern_name 364
2026-01-31 16:57:15,573 - INFO - Building stim pattern for pattern_name 3376
2026-01-31 16:57:15,583 - INFO - Building stim pattern for pattern_name 3197
2026-01-31 16:57:15,594 - INFO - Building stim pattern for pattern_name 2129
2026-01-31 16:57:15,605 - INFO - Building stim pattern for pattern_name 2472
2026-01-31 16:57:15,617 - INFO - Building stim pattern for pattern_name 3510
2026-01-31 16:57:15,629 - INFO - Building stim pattern for pattern_name 1401
2026-01-31 16:57:15,640 - INFO - Building stim pattern for pattern_name 346
2026-01-31 16:57:15,653 - INFO - Building stim pattern for pattern_name 173
2026-01-31 16:57:15,664 - INFO - Building stim pattern for pattern_name 1503
2026-01-31 16:57:15,676 - INFO - Building stim pattern for pattern_name 3506
2026-01-31 16:57:15,687 - INFO - Building stim pattern for pattern_name 356
2026-01-31 16:57:15,703 - INFO - Building stim pattern for pattern_name 709
2026-01-31 16:57:15,715 - INFO - Building stim pattern for pattern_name 1446
2026-01-31 16:57:15,735 - INFO - Building stim pattern for pattern_name 1760
2026-01-31 16:57:15,746 - INFO - Building stim pattern for pattern_name 1056
2026-01-31 16:57:15,756 - INFO - Building stim pattern for pattern_name 2995
2026-01-31 16:57:15,767 - INFO - Building stim pattern for pattern_name 122
2026-01-31 16:57:15,785 - INFO - Building stim pattern for pattern_name 19
2026-01-31 16:57:15,794 - INFO - Building stim pattern for pattern_name 536
2026-01-31 16:57:15,804 - INFO - Building stim pattern for pattern_name 1632
2026-01-31 16:57:15,814 - INFO - Building stim pattern for pattern_name 3356
2026-01-31 16:57:15,824 - INFO - Building stim pattern for pattern_name 3326
2026-01-31 16:57:15,835 - INFO - Building stim pattern for pattern_name 612
2026-01-31 16:57:15,847 - INFO - Building stim pattern for pattern_name 3573
2026-01-31 16:57:15,857 - INFO - Building stim pattern for pattern_name 3572
2026-01-31 16:57:15,868 - INFO - Building stim pattern for pattern_name 2566
2026-01-31 16:57:15,878 - INFO - Building stim pattern for pattern_name 65
2026-01-31 16:57:15,900 - INFO - Building stim pattern for pattern_name 290
2026-01-31 16:57:15,911 - INFO - Building stim pattern for pattern_name 167
2026-01-31 16:57:15,929 - INFO - Building stim pattern for pattern_name 2161
2026-01-31 16:57:15,939 - INFO - Building stim pattern for pattern_name 1315
2026-01-31 16:57:15,950 - INFO - Building stim pattern for pattern_name 1504
2026-01-31 16:57:15,976 - INFO - Building stim pattern for pattern_name 2931
2026-01-31 16:57:15,987 - INFO - Building stim pattern for pattern_name 1183
2026-01-31 16:57:15,997 - INFO - Building stim pattern for pattern_name 2652
2026-01-31 16:57:16,009 - INFO - Building stim pattern for pattern_name 466
2026-01-31 16:57:16,020 - INFO - Building stim pattern for pattern_name 3981
2026-01-31 16:57:16,030 - INFO - Building stim pattern for pattern_name 676
2026-01-31 16:57:16,042 - INFO - Building stim pattern for pattern_name 2038
2026-01-31 16:57:16,054 - INFO - Building stim pattern for pattern_name 3037
2026-01-31 16:57:16,080 - INFO - Building stim pattern for pattern_name 2153
2026-01-31 16:57:16,092 - INFO - Building stim pattern for pattern_name 927
2026-01-31 16:57:16,106 - INFO - Building stim pattern for pattern_name 2662
2026-01-31 16:57:16,124 - INFO - Building stim pattern for pattern_name 935
2026-01-31 16:57:16,136 - INFO - Building stim pattern for pattern_name 2168
2026-01-31 16:57:16,148 - INFO - Building stim pattern for pattern_name 1919
2026-01-31 16:57:16,159 - INFO - Building stim pattern for pattern_name 1136
2026-01-31 16:57:16,171 - INFO - Building stim pattern for pattern_name 3236
2026-01-31 16:57:16,180 - INFO - Building stim pattern for pattern_name 2009
2026-01-31 16:57:16,191 - INFO - Building stim pattern for pattern_name 1226
2026-01-31 16:57:16,202 - INFO - Building stim pattern for pattern_name 3799
2026-01-31 16:57:16,212 - INFO - Building stim pattern for pattern_name 1478
2026-01-31 16:57:16,222 - INFO - Building stim pattern for pattern_name 2806
2026-01-31 16:57:16,233 - INFO - Building stim pattern for pattern_name 2258
2026-01-31 16:57:16,243 - INFO - Building stim pattern for pattern_name 782
2026-01-31 16:57:16,260 - INFO - Building stim pattern for pattern_name 1272
2026-01-31 16:57:16,269 - INFO - Building stim pattern for pattern_name 2761
2026-01-31 16:57:16,280 - INFO - Building stim pattern for pattern_name 154
2026-01-31 16:57:16,291 - INFO - Building stim pattern for pattern_name 914
2026-01-31 16:57:16,301 - INFO - Building stim pattern for pattern_name 2960
2026-01-31 16:57:16,313 - INFO - Building stim pattern for pattern_name 1196
2026-01-31 16:57:16,325 - INFO - Building stim pattern for pattern_name 552
2026-01-31 16:57:16,338 - INFO - Building stim pattern for pattern_name 3571
2026-01-31 16:57:16,349 - INFO - Building stim pattern for pattern_name 3228
2026-01-31 16:57:16,373 - INFO - Building stim pattern for pattern_name 1568
2026-01-31 16:57:16,384 - INFO - Building stim pattern for pattern_name 3122
2026-01-31 16:57:16,405 - INFO - Building stim pattern for pattern_name 1509
2026-01-31 16:57:16,416 - INFO - Building stim pattern for pattern_name 1865
2026-01-31 16:57:16,427 - INFO - Building stim pattern for pattern_name 2864
2026-01-31 16:57:16,439 - INFO - Building stim pattern for pattern_name 3547
2026-01-31 16:57:16,451 - INFO - Building stim pattern for pattern_name 2019
2026-01-31 16:57:16,463 - INFO - Building stim pattern for pattern_name 2295
2026-01-31 16:57:16,476 - INFO - Building stim pattern for pattern_name 818
2026-01-31 16:57:16,494 - INFO - Building stim pattern for pattern_name 1304
2026-01-31 16:57:16,504 - INFO - Building stim pattern for pattern_name 1517
2026-01-31 16:57:16,515 - INFO - Building stim pattern for pattern_name 606
2026-01-31 16:57:16,526 - INFO - Building stim pattern for pattern_name 1938
2026-01-31 16:57:16,536 - INFO - Building stim pattern for pattern_name 368
2026-01-31 16:57:16,548 - INFO - Building stim pattern for pattern_name 895
2026-01-31 16:57:16,558 - INFO - Building stim pattern for pattern_name 1398
2026-01-31 16:57:16,569 - INFO - Building stim pattern for pattern_name 2190
2026-01-31 16:57:16,582 - INFO - Building stim pattern for pattern_name 3522
2026-01-31 16:57:16,595 - INFO - Building stim pattern for pattern_name 63
2026-01-31 16:57:16,607 - INFO - Building stim pattern for pattern_name 1372
2026-01-31 16:57:16,625 - INFO - Building stim pattern for pattern_name 605
2026-01-31 16:57:16,644 - INFO - Building stim pattern for pattern_name 471
2026-01-31 16:57:16,655 - INFO - Building stim pattern for pattern_name 3042
2026-01-31 16:57:16,666 - INFO - Building stim pattern for pattern_name 261
2026-01-31 16:57:16,677 - INFO - Building stim pattern for pattern_name 752
2026-01-31 16:57:16,689 - INFO - Building stim pattern for pattern_name 2916
2026-01-31 16:57:16,700 - INFO - Building stim pattern for pattern_name 187
2026-01-31 16:57:16,711 - INFO - Building stim pattern for pattern_name 2733
2026-01-31 16:57:16,745 - INFO - Building stim pattern for pattern_name 3790
2026-01-31 16:57:16,756 - INFO - Building stim pattern for pattern_name 2233
2026-01-31 16:57:16,775 - INFO - Building stim pattern for pattern_name 1225
2026-01-31 16:57:16,787 - INFO - Building stim pattern for pattern_name 1371
2026-01-31 16:57:16,799 - INFO - Building stim pattern for pattern_name 3034
2026-01-31 16:57:16,815 - INFO - Building stim pattern for pattern_name 1733
2026-01-31 16:57:16,827 - INFO - Building stim pattern for pattern_name 1072
2026-01-31 16:57:16,837 - INFO - Building stim pattern for pattern_name 2601
2026-01-31 16:57:16,854 - INFO - Building stim pattern for pattern_name 414
2026-01-31 16:57:16,864 - INFO - Building stim pattern for pattern_name 2519
2026-01-31 16:57:16,880 - INFO - Building stim pattern for pattern_name 3828
2026-01-31 16:57:16,889 - INFO - Building stim pattern for pattern_name 1607
2026-01-31 16:57:16,902 - INFO - Building stim pattern for pattern_name 2690
2026-01-31 16:57:16,917 - INFO - Building stim pattern for pattern_name 2878
2026-01-31 16:57:16,932 - INFO - Building stim pattern for pattern_name 386
2026-01-31 16:57:16,953 - INFO - Building stim pattern for pattern_name 713
2026-01-31 16:57:16,966 - INFO - Building stim pattern for pattern_name 3758
2026-01-31 16:57:16,976 - INFO - Building stim pattern for pattern_name 2014
2026-01-31 16:57:16,994 - INFO - Building stim pattern for pattern_name 1162
2026-01-31 16:57:17,004 - INFO - Building stim pattern for pattern_name 2166
2026-01-31 16:57:17,015 - INFO - Building stim pattern for pattern_name 1242
2026-01-31 16:57:17,027 - INFO - Building stim pattern for pattern_name 1292
2026-01-31 16:57:17,051 - INFO - Building stim pattern for pattern_name 2145
2026-01-31 16:57:17,064 - INFO - Building stim pattern for pattern_name 3591
2026-01-31 16:57:17,126 - INFO - Building stim pattern for pattern_name 1461
2026-01-31 16:57:17,158 - INFO - Building stim pattern for pattern_name 3275
2026-01-31 16:57:17,173 - INFO - Building stim pattern for pattern_name 2618
2026-01-31 16:57:17,194 - INFO - Building stim pattern for pattern_name 1190
2026-01-31 16:57:17,206 - INFO - Building stim pattern for pattern_name 124
2026-01-31 16:57:17,216 - INFO - Building stim pattern for pattern_name 2194
2026-01-31 16:57:17,236 - INFO - Building stim pattern for pattern_name 2795
2026-01-31 16:57:17,262 - INFO - Building stim pattern for pattern_name 2083
2026-01-31 16:57:17,282 - INFO - Building stim pattern for pattern_name 388
2026-01-31 16:57:17,294 - INFO - Building stim pattern for pattern_name 1544
2026-01-31 16:57:17,314 - INFO - Building stim pattern for pattern_name 1448
2026-01-31 16:57:17,326 - INFO - Building stim pattern for pattern_name 3941
2026-01-31 16:57:17,342 - INFO - Building stim pattern for pattern_name 2227
2026-01-31 16:57:17,354 - INFO - Building stim pattern for pattern_name 607
2026-01-31 16:57:17,365 - INFO - Building stim pattern for pattern_name 622
2026-01-31 16:57:17,376 - INFO - Building stim pattern for pattern_name 3408
2026-01-31 16:57:17,388 - INFO - Building stim pattern for pattern_name 110
2026-01-31 16:57:17,414 - INFO - Building stim pattern for pattern_name 3287
2026-01-31 16:57:17,423 - INFO - Building stim pattern for pattern_name 2315
2026-01-31 16:57:17,441 - INFO - Building stim pattern for pattern_name 1860
2026-01-31 16:57:17,452 - INFO - Building stim pattern for pattern_name 1254
2026-01-31 16:57:17,467 - INFO - Building stim pattern for pattern_name 3029
2026-01-31 16:57:17,481 - INFO - Building stim pattern for pattern_name 1463
2026-01-31 16:57:17,493 - INFO - Building stim pattern for pattern_name 454
2026-01-31 16:57:17,507 - INFO - Building stim pattern for pattern_name 2640
2026-01-31 16:57:17,519 - INFO - Building stim pattern for pattern_name 1472
2026-01-31 16:57:17,529 - INFO - Building stim pattern for pattern_name 959
2026-01-31 16:57:17,540 - INFO - Building stim pattern for pattern_name 1827
2026-01-31 16:57:17,557 - INFO - Building stim pattern for pattern_name 3392
2026-01-31 16:57:17,569 - INFO - Building stim pattern for pattern_name 1715
2026-01-31 16:57:17,580 - INFO - Building stim pattern for pattern_name 2847
2026-01-31 16:57:17,592 - INFO - Building stim pattern for pattern_name 1119
2026-01-31 16:57:17,607 - INFO - Building stim pattern for pattern_name 452
2026-01-31 16:57:17,620 - INFO - Building stim pattern for pattern_name 1310
2026-01-31 16:57:17,642 - INFO - Building stim pattern for pattern_name 2590
2026-01-31 16:57:17,655 - INFO - Building stim pattern for pattern_name 136
2026-01-31 16:57:17,668 - INFO - Building stim pattern for pattern_name 3518
2026-01-31 16:57:17,679 - INFO - Building stim pattern for pattern_name 2463
2026-01-31 16:57:17,690 - INFO - Building stim pattern for pattern_name 1937
2026-01-31 16:57:17,701 - INFO - Building stim pattern for pattern_name 3739
2026-01-31 16:57:17,713 - INFO - Building stim pattern for pattern_name 945
2026-01-31 16:57:17,734 - INFO - Building stim pattern for pattern_name 2900
2026-01-31 16:57:17,746 - INFO - Building stim pattern for pattern_name 3976
2026-01-31 16:57:17,759 - INFO - Building stim pattern for pattern_name 919
2026-01-31 16:57:17,770 - INFO - Building stim pattern for pattern_name 774
2026-01-31 16:57:17,780 - INFO - Building stim pattern for pattern_name 2625
2026-01-31 16:57:17,791 - INFO - Building stim pattern for pattern_name 107
2026-01-31 16:57:17,802 - INFO - Building stim pattern for pattern_name 1002
2026-01-31 16:57:17,813 - INFO - Building stim pattern for pattern_name 1900
2026-01-31 16:57:17,824 - INFO - Building stim pattern for pattern_name 703
2026-01-31 16:57:17,836 - INFO - Building stim pattern for pattern_name 1068
2026-01-31 16:57:17,846 - INFO - Building stim pattern for pattern_name 3233
2026-01-31 16:57:17,864 - INFO - Building stim pattern for pattern_name 1844
2026-01-31 16:57:17,875 - INFO - Building stim pattern for pattern_name 2288
2026-01-31 16:57:17,888 - INFO - Building stim pattern for pattern_name 1028
2026-01-31 16:57:17,897 - INFO - Building stim pattern for pattern_name 348
2026-01-31 16:57:17,921 - INFO - Building stim pattern for pattern_name 3848
2026-01-31 16:57:17,934 - INFO - Building stim pattern for pattern_name 3109
2026-01-31 16:57:17,959 - INFO - Building stim pattern for pattern_name 3886
2026-01-31 16:57:17,970 - INFO - Building stim pattern for pattern_name 1748
2026-01-31 16:57:17,981 - INFO - Building stim pattern for pattern_name 2012
2026-01-31 16:57:17,991 - INFO - Building stim pattern for pattern_name 297
2026-01-31 16:57:18,004 - INFO - Building stim pattern for pattern_name 2132
2026-01-31 16:57:18,033 - INFO - Building stim pattern for pattern_name 3538
2026-01-31 16:57:18,045 - INFO - Building stim pattern for pattern_name 2504
2026-01-31 16:57:18,057 - INFO - Building stim pattern for pattern_name 2352
2026-01-31 16:57:18,070 - INFO - Building stim pattern for pattern_name 1926
2026-01-31 16:57:18,081 - INFO - Building stim pattern for pattern_name 906
2026-01-31 16:57:18,091 - INFO - Building stim pattern for pattern_name 3293
2026-01-31 16:57:18,104 - INFO - Building stim pattern for pattern_name 3339
2026-01-31 16:57:18,117 - INFO - Building stim pattern for pattern_name 3004
2026-01-31 16:57:18,128 - INFO - Building stim pattern for pattern_name 761
2026-01-31 16:57:18,138 - INFO - Building stim pattern for pattern_name 3487
2026-01-31 16:57:18,149 - INFO - Building stim pattern for pattern_name 354
2026-01-31 16:57:18,165 - INFO - Building stim pattern for pattern_name 3653
2026-01-31 16:57:18,175 - INFO - Building stim pattern for pattern_name 3737
2026-01-31 16:57:18,186 - INFO - Building stim pattern for pattern_name 2757
2026-01-31 16:57:18,196 - INFO - Building stim pattern for pattern_name 3813
2026-01-31 16:57:18,212 - INFO - Building stim pattern for pattern_name 1528
2026-01-31 16:57:18,224 - INFO - Building stim pattern for pattern_name 3054
2026-01-31 16:57:18,233 - INFO - Building stim pattern for pattern_name 208
2026-01-31 16:57:18,244 - INFO - Building stim pattern for pattern_name 3377
2026-01-31 16:57:18,256 - INFO - Building stim pattern for pattern_name 1277
2026-01-31 16:57:18,286 - INFO - Building stim pattern for pattern_name 2500
2026-01-31 16:57:18,297 - INFO - Building stim pattern for pattern_name 3283
2026-01-31 16:57:18,316 - INFO - Building stim pattern for pattern_name 708
2026-01-31 16:57:18,328 - INFO - Building stim pattern for pattern_name 2209
2026-01-31 16:57:18,344 - INFO - Building stim pattern for pattern_name 2215
2026-01-31 16:57:18,356 - INFO - Building stim pattern for pattern_name 2471
2026-01-31 16:57:18,372 - INFO - Building stim pattern for pattern_name 792
2026-01-31 16:57:18,383 - INFO - Building stim pattern for pattern_name 3899
2026-01-31 16:57:18,395 - INFO - Building stim pattern for pattern_name 3912
2026-01-31 16:57:18,406 - INFO - Building stim pattern for pattern_name 382
2026-01-31 16:57:18,417 - INFO - Building stim pattern for pattern_name 778
2026-01-31 16:57:18,427 - INFO - Building stim pattern for pattern_name 3867
2026-01-31 16:57:18,446 - INFO - Building stim pattern for pattern_name 1948
2026-01-31 16:57:18,457 - INFO - Building stim pattern for pattern_name 3509
2026-01-31 16:57:18,468 - INFO - Building stim pattern for pattern_name 3555
2026-01-31 16:57:18,479 - INFO - Building stim pattern for pattern_name 3992
2026-01-31 16:57:18,490 - INFO - Building stim pattern for pattern_name 1882
2026-01-31 16:57:18,501 - INFO - Building stim pattern for pattern_name 99
2026-01-31 16:57:18,517 - INFO - Building stim pattern for pattern_name 2536
2026-01-31 16:57:18,528 - INFO - Building stim pattern for pattern_name 892
2026-01-31 16:57:18,539 - INFO - Building stim pattern for pattern_name 2834
2026-01-31 16:57:18,549 - INFO - Building stim pattern for pattern_name 989
2026-01-31 16:57:18,560 - INFO - Building stim pattern for pattern_name 3540
2026-01-31 16:57:18,570 - INFO - Building stim pattern for pattern_name 1501
2026-01-31 16:57:18,581 - INFO - Building stim pattern for pattern_name 2793
2026-01-31 16:57:18,591 - INFO - Building stim pattern for pattern_name 1042
2026-01-31 16:57:18,609 - INFO - Building stim pattern for pattern_name 3417
2026-01-31 16:57:18,623 - INFO - Building stim pattern for pattern_name 665
2026-01-31 16:57:18,636 - INFO - Building stim pattern for pattern_name 3579
2026-01-31 16:57:18,649 - INFO - Building stim pattern for pattern_name 58
2026-01-31 16:57:18,663 - INFO - Building stim pattern for pattern_name 626
2026-01-31 16:57:18,673 - INFO - Building stim pattern for pattern_name 1013
2026-01-31 16:57:18,690 - INFO - Building stim pattern for pattern_name 3159
2026-01-31 16:57:18,701 - INFO - Building stim pattern for pattern_name 3679
2026-01-31 16:57:18,725 - INFO - Building stim pattern for pattern_name 3675
2026-01-31 16:57:18,734 - INFO - Building stim pattern for pattern_name 3944
2026-01-31 16:57:18,745 - INFO - Building stim pattern for pattern_name 1251
2026-01-31 16:57:18,756 - INFO - Building stim pattern for pattern_name 3505
2026-01-31 16:57:18,767 - INFO - Building stim pattern for pattern_name 1151
2026-01-31 16:57:18,789 - INFO - Building stim pattern for pattern_name 1369
2026-01-31 16:57:18,800 - INFO - Building stim pattern for pattern_name 600
2026-01-31 16:57:18,810 - INFO - Building stim pattern for pattern_name 2459
2026-01-31 16:57:18,820 - INFO - Building stim pattern for pattern_name 1249
2026-01-31 16:57:18,836 - INFO - Building stim pattern for pattern_name 841
2026-01-31 16:57:18,847 - INFO - Building stim pattern for pattern_name 3321
2026-01-31 16:57:18,857 - INFO - Building stim pattern for pattern_name 1639
2026-01-31 16:57:18,869 - INFO - Building stim pattern for pattern_name 3864
2026-01-31 16:57:18,879 - INFO - Building stim pattern for pattern_name 1328
2026-01-31 16:57:18,896 - INFO - Building stim pattern for pattern_name 2142
2026-01-31 16:57:18,907 - INFO - Building stim pattern for pattern_name 3770
2026-01-31 16:57:18,919 - INFO - Building stim pattern for pattern_name 3134
2026-01-31 16:57:18,930 - INFO - Building stim pattern for pattern_name 3687
2026-01-31 16:57:18,945 - INFO - Building stim pattern for pattern_name 202
2026-01-31 16:57:18,958 - INFO - Building stim pattern for pattern_name 771
2026-01-31 16:57:18,969 - INFO - Building stim pattern for pattern_name 1163
2026-01-31 16:57:19,046 - INFO - Building stim pattern for pattern_name 1642
2026-01-31 16:57:19,067 - INFO - Building stim pattern for pattern_name 504
2026-01-31 16:57:19,085 - INFO - Building stim pattern for pattern_name 3560
2026-01-31 16:57:19,098 - INFO - Building stim pattern for pattern_name 2873
2026-01-31 16:57:19,116 - INFO - Building stim pattern for pattern_name 3058
2026-01-31 16:57:19,126 - INFO - Building stim pattern for pattern_name 1881
2026-01-31 16:57:19,145 - INFO - Building stim pattern for pattern_name 3563
2026-01-31 16:57:19,164 - INFO - Building stim pattern for pattern_name 1231
2026-01-31 16:57:19,177 - INFO - Building stim pattern for pattern_name 166
2026-01-31 16:57:19,191 - INFO - Building stim pattern for pattern_name 2391
2026-01-31 16:57:19,205 - INFO - Building stim pattern for pattern_name 1186
2026-01-31 16:57:19,216 - INFO - Building stim pattern for pattern_name 2487
2026-01-31 16:57:19,227 - INFO - Building stim pattern for pattern_name 722
2026-01-31 16:57:19,244 - INFO - Building stim pattern for pattern_name 3943
2026-01-31 16:57:19,255 - INFO - Building stim pattern for pattern_name 2571
2026-01-31 16:57:19,266 - INFO - Building stim pattern for pattern_name 1148
2026-01-31 16:57:19,284 - INFO - Building stim pattern for pattern_name 3646
2026-01-31 16:57:19,294 - INFO - Building stim pattern for pattern_name 3394
2026-01-31 16:57:19,311 - INFO - Building stim pattern for pattern_name 2976
2026-01-31 16:57:19,322 - INFO - Building stim pattern for pattern_name 873
2026-01-31 16:57:19,345 - INFO - Building stim pattern for pattern_name 371
2026-01-31 16:57:19,357 - INFO - Building stim pattern for pattern_name 1404
2026-01-31 16:57:19,374 - INFO - Building stim pattern for pattern_name 3965
2026-01-31 16:57:19,385 - INFO - Building stim pattern for pattern_name 3791
2026-01-31 16:57:19,395 - INFO - Building stim pattern for pattern_name 2476
2026-01-31 16:57:19,405 - INFO - Building stim pattern for pattern_name 2606
2026-01-31 16:57:19,417 - INFO - Building stim pattern for pattern_name 1392
2026-01-31 16:57:19,428 - INFO - Building stim pattern for pattern_name 2365
2026-01-31 16:57:19,438 - INFO - Building stim pattern for pattern_name 845
2026-01-31 16:57:19,449 - INFO - Building stim pattern for pattern_name 1622
2026-01-31 16:57:19,460 - INFO - Building stim pattern for pattern_name 3936
2026-01-31 16:57:19,471 - INFO - Building stim pattern for pattern_name 2287
2026-01-31 16:57:19,481 - INFO - Building stim pattern for pattern_name 2195
2026-01-31 16:57:19,491 - INFO - Building stim pattern for pattern_name 2647
2026-01-31 16:57:19,503 - INFO - Building stim pattern for pattern_name 2680
2026-01-31 16:57:19,515 - INFO - Building stim pattern for pattern_name 3402
2026-01-31 16:57:19,525 - INFO - Building stim pattern for pattern_name 1627
2026-01-31 16:57:19,536 - INFO - Building stim pattern for pattern_name 3479
2026-01-31 16:57:19,553 - INFO - Building stim pattern for pattern_name 804
2026-01-31 16:57:19,565 - INFO - Building stim pattern for pattern_name 2938
2026-01-31 16:57:19,583 - INFO - Building stim pattern for pattern_name 2304
2026-01-31 16:57:19,594 - INFO - Building stim pattern for pattern_name 3090
2026-01-31 16:57:19,605 - INFO - Building stim pattern for pattern_name 918
2026-01-31 16:57:19,616 - INFO - Building stim pattern for pattern_name 984
2026-01-31 16:57:19,633 - INFO - Building stim pattern for pattern_name 1344
2026-01-31 16:57:19,664 - INFO - Building stim pattern for pattern_name 40
2026-01-31 16:57:19,676 - INFO - Building stim pattern for pattern_name 667
2026-01-31 16:57:19,688 - INFO - Building stim pattern for pattern_name 422
2026-01-31 16:57:19,699 - INFO - Building stim pattern for pattern_name 3551
2026-01-31 16:57:19,714 - INFO - Building stim pattern for pattern_name 3415
2026-01-31 16:57:19,728 - INFO - Building stim pattern for pattern_name 304
2026-01-31 16:57:19,754 - INFO - Building stim pattern for pattern_name 3079
2026-01-31 16:57:19,771 - INFO - Building stim pattern for pattern_name 1984
2026-01-31 16:57:19,782 - INFO - Building stim pattern for pattern_name 3390
2026-01-31 16:57:19,794 - INFO - Building stim pattern for pattern_name 2914
2026-01-31 16:57:19,806 - INFO - Building stim pattern for pattern_name 3115
2026-01-31 16:57:19,817 - INFO - Building stim pattern for pattern_name 3110
2026-01-31 16:57:19,830 - INFO - Building stim pattern for pattern_name 3386
2026-01-31 16:57:19,841 - INFO - Building stim pattern for pattern_name 1718
2026-01-31 16:57:19,853 - INFO - Building stim pattern for pattern_name 1970
2026-01-31 16:57:19,864 - INFO - Building stim pattern for pattern_name 820
2026-01-31 16:57:19,876 - INFO - Building stim pattern for pattern_name 1452
2026-01-31 16:57:19,891 - INFO - Building stim pattern for pattern_name 3078
2026-01-31 16:57:19,905 - INFO - Building stim pattern for pattern_name 1004
2026-01-31 16:57:19,917 - INFO - Building stim pattern for pattern_name 1818
2026-01-31 16:57:19,927 - INFO - Building stim pattern for pattern_name 1349
2026-01-31 16:57:19,945 - INFO - Building stim pattern for pattern_name 3041
2026-01-31 16:57:19,956 - INFO - Building stim pattern for pattern_name 451
2026-01-31 16:57:19,969 - INFO - Building stim pattern for pattern_name 2332
2026-01-31 16:57:19,980 - INFO - Building stim pattern for pattern_name 598
2026-01-31 16:57:19,991 - INFO - Building stim pattern for pattern_name 2805
2026-01-31 16:57:20,003 - INFO - Building stim pattern for pattern_name 3656
2026-01-31 16:57:20,014 - INFO - Building stim pattern for pattern_name 882
2026-01-31 16:57:20,024 - INFO - Building stim pattern for pattern_name 3873
2026-01-31 16:57:20,036 - INFO - Building stim pattern for pattern_name 3630
2026-01-31 16:57:20,047 - INFO - Building stim pattern for pattern_name 3797
2026-01-31 16:57:20,059 - INFO - Building stim pattern for pattern_name 3749
2026-01-31 16:57:20,072 - INFO - Building stim pattern for pattern_name 97
2026-01-31 16:57:20,083 - INFO - Building stim pattern for pattern_name 3280
2026-01-31 16:57:20,094 - INFO - Building stim pattern for pattern_name 172
2026-01-31 16:57:20,106 - INFO - Building stim pattern for pattern_name 3891
2026-01-31 16:57:20,118 - INFO - Building stim pattern for pattern_name 3932
2026-01-31 16:57:20,130 - INFO - Building stim pattern for pattern_name 1784
2026-01-31 16:57:20,147 - INFO - Building stim pattern for pattern_name 493
2026-01-31 16:57:20,161 - INFO - Building stim pattern for pattern_name 2833
2026-01-31 16:57:20,172 - INFO - Building stim pattern for pattern_name 690
2026-01-31 16:57:20,183 - INFO - Building stim pattern for pattern_name 3333
2026-01-31 16:57:20,194 - INFO - Building stim pattern for pattern_name 3800
2026-01-31 16:57:20,206 - INFO - Building stim pattern for pattern_name 59
2026-01-31 16:57:20,216 - INFO - Building stim pattern for pattern_name 3299
2026-01-31 16:57:20,228 - INFO - Building stim pattern for pattern_name 2670
2026-01-31 16:57:20,239 - INFO - Building stim pattern for pattern_name 2439
2026-01-31 16:57:20,256 - INFO - Building stim pattern for pattern_name 283
2026-01-31 16:57:20,275 - INFO - Building stim pattern for pattern_name 3543
2026-01-31 16:57:20,286 - INFO - Building stim pattern for pattern_name 3824
2026-01-31 16:57:20,299 - INFO - Building stim pattern for pattern_name 3232
2026-01-31 16:57:20,312 - INFO - Building stim pattern for pattern_name 1803
2026-01-31 16:57:20,324 - INFO - Building stim pattern for pattern_name 1306
2026-01-31 16:57:20,340 - INFO - Building stim pattern for pattern_name 260
2026-01-31 16:57:20,352 - INFO - Building stim pattern for pattern_name 2071
2026-01-31 16:57:20,364 - INFO - Building stim pattern for pattern_name 379
2026-01-31 16:57:20,374 - INFO - Building stim pattern for pattern_name 3962
2026-01-31 16:57:20,390 - INFO - Building stim pattern for pattern_name 779
2026-01-31 16:57:20,401 - INFO - Building stim pattern for pattern_name 861
2026-01-31 16:57:20,419 - INFO - Building stim pattern for pattern_name 177
2026-01-31 16:57:20,450 - INFO - Building stim pattern for pattern_name 1338
2026-01-31 16:57:20,462 - INFO - Building stim pattern for pattern_name 312
2026-01-31 16:57:20,472 - INFO - Building stim pattern for pattern_name 163
2026-01-31 16:57:20,490 - INFO - Building stim pattern for pattern_name 3632
2026-01-31 16:57:20,510 - INFO - Building stim pattern for pattern_name 1904
2026-01-31 16:57:20,524 - INFO - Building stim pattern for pattern_name 1535
2026-01-31 16:57:20,537 - INFO - Building stim pattern for pattern_name 3490
2026-01-31 16:57:20,564 - INFO - Building stim pattern for pattern_name 2617
2026-01-31 16:57:20,576 - INFO - Building stim pattern for pattern_name 2490
2026-01-31 16:57:20,588 - INFO - Building stim pattern for pattern_name 1732
2026-01-31 16:57:20,609 - INFO - Building stim pattern for pattern_name 57
2026-01-31 16:57:20,621 - INFO - Building stim pattern for pattern_name 295
2026-01-31 16:57:20,637 - INFO - Building stim pattern for pattern_name 458
2026-01-31 16:57:20,648 - INFO - Building stim pattern for pattern_name 966
2026-01-31 16:57:20,660 - INFO - Building stim pattern for pattern_name 1797
2026-01-31 16:57:20,670 - INFO - Building stim pattern for pattern_name 3066
2026-01-31 16:57:20,681 - INFO - Building stim pattern for pattern_name 3681
2026-01-31 16:57:20,694 - INFO - Building stim pattern for pattern_name 2550
2026-01-31 16:57:20,705 - INFO - Building stim pattern for pattern_name 2187
2026-01-31 16:57:20,716 - INFO - Building stim pattern for pattern_name 2511
2026-01-31 16:57:20,727 - INFO - Building stim pattern for pattern_name 328
2026-01-31 16:57:20,738 - INFO - Building stim pattern for pattern_name 2477
2026-01-31 16:57:20,748 - INFO - Building stim pattern for pattern_name 299
2026-01-31 16:57:20,848 - INFO - Building stim pattern for pattern_name 2154
2026-01-31 16:57:20,874 - INFO - Building stim pattern for pattern_name 3324
2026-01-31 16:57:20,892 - INFO - Building stim pattern for pattern_name 2411
2026-01-31 16:57:20,902 - INFO - Building stim pattern for pattern_name 3928
2026-01-31 16:57:20,914 - INFO - Building stim pattern for pattern_name 315
2026-01-31 16:57:20,939 - INFO - Building stim pattern for pattern_name 2808
2026-01-31 16:57:20,957 - INFO - Building stim pattern for pattern_name 1712
2026-01-31 16:57:20,970 - INFO - Building stim pattern for pattern_name 2687
2026-01-31 16:57:20,997 - INFO - Building stim pattern for pattern_name 2116
2026-01-31 16:57:21,027 - INFO - Building stim pattern for pattern_name 3743
2026-01-31 16:57:21,044 - INFO - Building stim pattern for pattern_name 1185
2026-01-31 16:57:21,057 - INFO - Building stim pattern for pattern_name 3624
2026-01-31 16:57:21,070 - INFO - Building stim pattern for pattern_name 45
2026-01-31 16:57:21,082 - INFO - Building stim pattern for pattern_name 3977
2026-01-31 16:57:21,095 - INFO - Building stim pattern for pattern_name 807
2026-01-31 16:57:21,106 - INFO - Building stim pattern for pattern_name 1749
2026-01-31 16:57:21,118 - INFO - Building stim pattern for pattern_name 997
2026-01-31 16:57:21,129 - INFO - Building stim pattern for pattern_name 3006
2026-01-31 16:57:21,139 - INFO - Building stim pattern for pattern_name 1527
2026-01-31 16:57:21,150 - INFO - Building stim pattern for pattern_name 188
2026-01-31 16:57:21,161 - INFO - Building stim pattern for pattern_name 2707
2026-01-31 16:57:21,180 - INFO - Building stim pattern for pattern_name 1105
2026-01-31 16:57:21,189 - INFO - Building stim pattern for pattern_name 3918
2026-01-31 16:57:21,200 - INFO - Building stim pattern for pattern_name 1020
2026-01-31 16:57:21,210 - INFO - Building stim pattern for pattern_name 2975
2026-01-31 16:57:21,222 - INFO - Building stim pattern for pattern_name 3680
2026-01-31 16:57:21,233 - INFO - Building stim pattern for pattern_name 1981
2026-01-31 16:57:21,245 - INFO - Building stim pattern for pattern_name 1139
2026-01-31 16:57:21,256 - INFO - Building stim pattern for pattern_name 867
2026-01-31 16:57:21,267 - INFO - Building stim pattern for pattern_name 1378
2026-01-31 16:57:21,283 - INFO - Building stim pattern for pattern_name 1649
2026-01-31 16:57:21,294 - INFO - Building stim pattern for pattern_name 3927
2026-01-31 16:57:21,306 - INFO - Building stim pattern for pattern_name 3904
2026-01-31 16:57:21,323 - INFO - Building stim pattern for pattern_name 1605
2026-01-31 16:57:21,336 - INFO - Building stim pattern for pattern_name 1993
2026-01-31 16:57:21,346 - INFO - Building stim pattern for pattern_name 2703
2026-01-31 16:57:21,356 - INFO - Building stim pattern for pattern_name 2896
2026-01-31 16:57:21,367 - INFO - Building stim pattern for pattern_name 308
2026-01-31 16:57:21,378 - INFO - Building stim pattern for pattern_name 1179
2026-01-31 16:57:21,395 - INFO - Building stim pattern for pattern_name 3523
2026-01-31 16:57:21,409 - INFO - Building stim pattern for pattern_name 1409
2026-01-31 16:57:21,424 - INFO - Building stim pattern for pattern_name 3464
2026-01-31 16:57:21,439 - INFO - Building stim pattern for pattern_name 3750
2026-01-31 16:57:21,450 - INFO - Building stim pattern for pattern_name 331
2026-01-31 16:57:21,460 - INFO - Building stim pattern for pattern_name 1334
2026-01-31 16:57:21,471 - INFO - Building stim pattern for pattern_name 2553
2026-01-31 16:57:21,483 - INFO - Building stim pattern for pattern_name 874
2026-01-31 16:57:21,494 - INFO - Building stim pattern for pattern_name 2438
2026-01-31 16:57:21,505 - INFO - Building stim pattern for pattern_name 1658
2026-01-31 16:57:21,521 - INFO - Building stim pattern for pattern_name 2538
2026-01-31 16:57:21,532 - INFO - Building stim pattern for pattern_name 3519
2026-01-31 16:57:21,549 - INFO - Building stim pattern for pattern_name 3804
2026-01-31 16:57:21,560 - INFO - Building stim pattern for pattern_name 3281
2026-01-31 16:57:21,572 - INFO - Building stim pattern for pattern_name 1432
2026-01-31 16:57:21,582 - INFO - Building stim pattern for pattern_name 2906
2026-01-31 16:57:21,591 - INFO - Building stim pattern for pattern_name 2702
2026-01-31 16:57:21,603 - INFO - Building stim pattern for pattern_name 3250
2026-01-31 16:57:21,615 - INFO - Building stim pattern for pattern_name 2470
2026-01-31 16:57:21,627 - INFO - Building stim pattern for pattern_name 3154
2026-01-31 16:57:21,639 - INFO - Building stim pattern for pattern_name 2789
2026-01-31 16:57:21,658 - INFO - Building stim pattern for pattern_name 1474
2026-01-31 16:57:21,673 - INFO - Building stim pattern for pattern_name 736
2026-01-31 16:57:21,683 - INFO - Building stim pattern for pattern_name 3343
2026-01-31 16:57:21,696 - INFO - Building stim pattern for pattern_name 2317
2026-01-31 16:57:21,711 - INFO - Building stim pattern for pattern_name 3508
2026-01-31 16:57:21,723 - INFO - Building stim pattern for pattern_name 114
2026-01-31 16:57:21,736 - INFO - Building stim pattern for pattern_name 96
2026-01-31 16:57:21,746 - INFO - Building stim pattern for pattern_name 303
2026-01-31 16:57:21,758 - INFO - Building stim pattern for pattern_name 970
2026-01-31 16:57:21,781 - INFO - Building stim pattern for pattern_name 482
2026-01-31 16:57:21,793 - INFO - Building stim pattern for pattern_name 2678
2026-01-31 16:57:21,803 - INFO - Building stim pattern for pattern_name 2298
2026-01-31 16:57:21,814 - INFO - Building stim pattern for pattern_name 565
2026-01-31 16:57:21,844 - INFO - Building stim pattern for pattern_name 3819
2026-01-31 16:57:21,855 - INFO - Building stim pattern for pattern_name 2284
2026-01-31 16:57:21,866 - INFO - Building stim pattern for pattern_name 2489
2026-01-31 16:57:21,879 - INFO - Building stim pattern for pattern_name 1365
2026-01-31 16:57:21,890 - INFO - Building stim pattern for pattern_name 2817
2026-01-31 16:57:21,900 - INFO - Building stim pattern for pattern_name 1804
2026-01-31 16:57:21,911 - INFO - Building stim pattern for pattern_name 688
2026-01-31 16:57:21,921 - INFO - Building stim pattern for pattern_name 1071
2026-01-31 16:57:21,933 - INFO - Building stim pattern for pattern_name 1657
2026-01-31 16:57:21,943 - INFO - Building stim pattern for pattern_name 498
2026-01-31 16:57:21,952 - INFO - Building stim pattern for pattern_name 1100
2026-01-31 16:57:21,963 - INFO - Building stim pattern for pattern_name 2957
2026-01-31 16:57:21,975 - INFO - Building stim pattern for pattern_name 3502
2026-01-31 16:57:21,994 - INFO - Building stim pattern for pattern_name 1538
2026-01-31 16:57:22,005 - INFO - Building stim pattern for pattern_name 3999
2026-01-31 16:57:22,016 - INFO - Building stim pattern for pattern_name 3917
2026-01-31 16:57:22,037 - INFO - Building stim pattern for pattern_name 2823
2026-01-31 16:57:22,048 - INFO - Building stim pattern for pattern_name 2810
2026-01-31 16:57:22,060 - INFO - Building stim pattern for pattern_name 3921
2026-01-31 16:57:22,088 - INFO - Building stim pattern for pattern_name 1065
2026-01-31 16:57:22,104 - INFO - Building stim pattern for pattern_name 1066
2026-01-31 16:57:22,121 - INFO - Building stim pattern for pattern_name 3003
2026-01-31 16:57:22,139 - INFO - Building stim pattern for pattern_name 3609
2026-01-31 16:57:22,150 - INFO - Building stim pattern for pattern_name 1321
2026-01-31 16:57:22,164 - INFO - Building stim pattern for pattern_name 1922
2026-01-31 16:57:22,174 - INFO - Building stim pattern for pattern_name 2756
2026-01-31 16:57:22,185 - INFO - Building stim pattern for pattern_name 1164
2026-01-31 16:57:22,197 - INFO - Building stim pattern for pattern_name 620
2026-01-31 16:57:22,207 - INFO - Building stim pattern for pattern_name 2502
2026-01-31 16:57:22,222 - INFO - Building stim pattern for pattern_name 3068
2026-01-31 16:57:22,236 - INFO - Building stim pattern for pattern_name 1271
2026-01-31 16:57:22,252 - INFO - Building stim pattern for pattern_name 2243
2026-01-31 16:57:22,263 - INFO - Building stim pattern for pattern_name 1592
2026-01-31 16:57:22,275 - INFO - Building stim pattern for pattern_name 3035
2026-01-31 16:57:22,287 - INFO - Building stim pattern for pattern_name 999
2026-01-31 16:57:22,298 - INFO - Building stim pattern for pattern_name 2460
2026-01-31 16:57:22,307 - INFO - Building stim pattern for pattern_name 3320
2026-01-31 16:57:22,318 - INFO - Building stim pattern for pattern_name 958
2026-01-31 16:57:22,329 - INFO - Building stim pattern for pattern_name 215
2026-01-31 16:57:22,346 - INFO - Building stim pattern for pattern_name 2269
2026-01-31 16:57:22,361 - INFO - Building stim pattern for pattern_name 2797
2026-01-31 16:57:22,378 - INFO - Building stim pattern for pattern_name 2473
2026-01-31 16:57:22,390 - INFO - Building stim pattern for pattern_name 2127
2026-01-31 16:57:22,401 - INFO - Building stim pattern for pattern_name 3076
2026-01-31 16:57:22,413 - INFO - Building stim pattern for pattern_name 3346
2026-01-31 16:57:22,429 - INFO - Building stim pattern for pattern_name 2870
2026-01-31 16:57:22,440 - INFO - Building stim pattern for pattern_name 362
2026-01-31 16:57:22,449 - INFO - Building stim pattern for pattern_name 2903
2026-01-31 16:57:22,461 - INFO - Building stim pattern for pattern_name 3843
2026-01-31 16:57:22,471 - INFO - Building stim pattern for pattern_name 2373
2026-01-31 16:57:22,483 - INFO - Building stim pattern for pattern_name 1026
2026-01-31 16:57:22,493 - INFO - Building stim pattern for pattern_name 1055
2026-01-31 16:57:22,556 - INFO - Building stim pattern for pattern_name 2587
2026-01-31 16:57:22,580 - INFO - Building stim pattern for pattern_name 833
2026-01-31 16:57:22,600 - INFO - Building stim pattern for pattern_name 805
2026-01-31 16:57:22,612 - INFO - Building stim pattern for pattern_name 3244
2026-01-31 16:57:22,624 - INFO - Building stim pattern for pattern_name 1660
2026-01-31 16:57:22,637 - INFO - Building stim pattern for pattern_name 3319
2026-01-31 16:57:22,665 - INFO - Building stim pattern for pattern_name 1990
2026-01-31 16:57:22,688 - INFO - Building stim pattern for pattern_name 2952
2026-01-31 16:57:22,701 - INFO - Building stim pattern for pattern_name 3200
2026-01-31 16:57:22,721 - INFO - Building stim pattern for pattern_name 66
2026-01-31 16:57:22,732 - INFO - Building stim pattern for pattern_name 1088
2026-01-31 16:57:22,744 - INFO - Building stim pattern for pattern_name 2450
2026-01-31 16:57:22,758 - INFO - Building stim pattern for pattern_name 3016
2026-01-31 16:57:22,771 - INFO - Building stim pattern for pattern_name 2486
2026-01-31 16:57:22,784 - INFO - Building stim pattern for pattern_name 3414
2026-01-31 16:57:22,799 - INFO - Building stim pattern for pattern_name 2133
2026-01-31 16:57:22,809 - INFO - Building stim pattern for pattern_name 1046
2026-01-31 16:57:22,830 - INFO - Building stim pattern for pattern_name 977
2026-01-31 16:57:22,841 - INFO - Building stim pattern for pattern_name 3227
2026-01-31 16:57:22,854 - INFO - Building stim pattern for pattern_name 197
2026-01-31 16:57:22,864 - INFO - Building stim pattern for pattern_name 2257
2026-01-31 16:57:22,877 - INFO - Building stim pattern for pattern_name 3298
2026-01-31 16:57:22,891 - INFO - Building stim pattern for pattern_name 2003
2026-01-31 16:57:22,902 - INFO - Building stim pattern for pattern_name 513
2026-01-31 16:57:22,916 - INFO - Building stim pattern for pattern_name 2419
2026-01-31 16:57:22,928 - INFO - Building stim pattern for pattern_name 3182
2026-01-31 16:57:22,939 - INFO - Building stim pattern for pattern_name 2088
2026-01-31 16:57:22,957 - INFO - Building stim pattern for pattern_name 2825
2026-01-31 16:57:22,970 - INFO - Building stim pattern for pattern_name 2379
2026-01-31 16:57:22,980 - INFO - Building stim pattern for pattern_name 3664
2026-01-31 16:57:22,993 - INFO - Building stim pattern for pattern_name 789
2026-01-31 16:57:23,005 - INFO - Building stim pattern for pattern_name 755
2026-01-31 16:57:23,017 - INFO - Building stim pattern for pattern_name 2540
2026-01-31 16:57:23,029 - INFO - Building stim pattern for pattern_name 3166
2026-01-31 16:57:23,042 - INFO - Building stim pattern for pattern_name 868
2026-01-31 16:57:23,054 - INFO - Building stim pattern for pattern_name 1810
2026-01-31 16:57:23,065 - INFO - Building stim pattern for pattern_name 915
2026-01-31 16:57:23,077 - INFO - Building stim pattern for pattern_name 2335
2026-01-31 16:57:23,088 - INFO - Building stim pattern for pattern_name 1705
2026-01-31 16:57:23,098 - INFO - Building stim pattern for pattern_name 438
2026-01-31 16:57:23,108 - INFO - Building stim pattern for pattern_name 610
2026-01-31 16:57:23,119 - INFO - Building stim pattern for pattern_name 2784
2026-01-31 16:57:23,131 - INFO - Building stim pattern for pattern_name 2029
2026-01-31 16:57:23,140 - INFO - Building stim pattern for pattern_name 300
2026-01-31 16:57:23,151 - INFO - Building stim pattern for pattern_name 2853
2026-01-31 16:57:23,162 - INFO - Building stim pattern for pattern_name 3491
2026-01-31 16:57:23,172 - INFO - Building stim pattern for pattern_name 1597
2026-01-31 16:57:23,187 - INFO - Building stim pattern for pattern_name 14
2026-01-31 16:57:23,199 - INFO - Building stim pattern for pattern_name 3501
2026-01-31 16:57:23,211 - INFO - Building stim pattern for pattern_name 361
2026-01-31 16:57:23,222 - INFO - Building stim pattern for pattern_name 2121
2026-01-31 16:57:23,237 - INFO - Building stim pattern for pattern_name 864
2026-01-31 16:57:23,254 - INFO - Building stim pattern for pattern_name 92
2026-01-31 16:57:23,266 - INFO - Building stim pattern for pattern_name 3629
2026-01-31 16:57:23,276 - INFO - Building stim pattern for pattern_name 524
2026-01-31 16:57:23,290 - INFO - Building stim pattern for pattern_name 39
2026-01-31 16:57:23,303 - INFO - Building stim pattern for pattern_name 2119
2026-01-31 16:57:23,314 - INFO - Building stim pattern for pattern_name 477
2026-01-31 16:57:23,328 - INFO - Building stim pattern for pattern_name 3593
2026-01-31 16:57:23,348 - INFO - Building stim pattern for pattern_name 1828
2026-01-31 16:57:23,359 - INFO - Building stim pattern for pattern_name 907
2026-01-31 16:57:23,370 - INFO - Building stim pattern for pattern_name 2851
2026-01-31 16:57:23,382 - INFO - Building stim pattern for pattern_name 500
2026-01-31 16:57:23,394 - INFO - Building stim pattern for pattern_name 3578
2026-01-31 16:57:23,404 - INFO - Building stim pattern for pattern_name 1305
2026-01-31 16:57:23,416 - INFO - Building stim pattern for pattern_name 2354
2026-01-31 16:57:23,428 - INFO - Building stim pattern for pattern_name 2222
2026-01-31 16:57:23,449 - INFO - Building stim pattern for pattern_name 1896
2026-01-31 16:57:23,467 - INFO - Building stim pattern for pattern_name 3890
2026-01-31 16:57:23,479 - INFO - Building stim pattern for pattern_name 2947
2026-01-31 16:57:23,491 - INFO - Building stim pattern for pattern_name 1735
2026-01-31 16:57:23,506 - INFO - Building stim pattern for pattern_name 2173
2026-01-31 16:57:23,521 - INFO - Building stim pattern for pattern_name 1767
2026-01-31 16:57:23,533 - INFO - Building stim pattern for pattern_name 3499
2026-01-31 16:57:23,544 - INFO - Building stim pattern for pattern_name 1615
2026-01-31 16:57:23,555 - INFO - Building stim pattern for pattern_name 1532
2026-01-31 16:57:23,567 - INFO - Building stim pattern for pattern_name 3009
2026-01-31 16:57:23,579 - INFO - Building stim pattern for pattern_name 559
2026-01-31 16:57:23,591 - INFO - Building stim pattern for pattern_name 3677
2026-01-31 16:57:23,603 - INFO - Building stim pattern for pattern_name 595
2026-01-31 16:57:23,619 - INFO - Building stim pattern for pattern_name 1222
2026-01-31 16:57:23,628 - INFO - Building stim pattern for pattern_name 17
2026-01-31 16:57:23,639 - INFO - Building stim pattern for pattern_name 121
2026-01-31 16:57:23,652 - INFO - Building stim pattern for pattern_name 2149
2026-01-31 16:57:23,661 - INFO - Building stim pattern for pattern_name 1208
2026-01-31 16:57:23,671 - INFO - Building stim pattern for pattern_name 2917
2026-01-31 16:57:23,684 - INFO - Building stim pattern for pattern_name 2396
2026-01-31 16:57:23,695 - INFO - Building stim pattern for pattern_name 3959
2026-01-31 16:57:23,705 - INFO - Building stim pattern for pattern_name 2829
2026-01-31 16:57:23,716 - INFO - Building stim pattern for pattern_name 3766
2026-01-31 16:57:23,729 - INFO - Building stim pattern for pattern_name 589
2026-01-31 16:57:23,753 - INFO - Building stim pattern for pattern_name 3235
2026-01-31 16:57:23,772 - INFO - Building stim pattern for pattern_name 1920
2026-01-31 16:57:23,782 - INFO - Building stim pattern for pattern_name 3089
2026-01-31 16:57:23,798 - INFO - Building stim pattern for pattern_name 2923
2026-01-31 16:57:23,807 - INFO - Building stim pattern for pattern_name 3956
2026-01-31 16:57:23,819 - INFO - Building stim pattern for pattern_name 1729
2026-01-31 16:57:23,830 - INFO - Building stim pattern for pattern_name 971
2026-01-31 16:57:23,840 - INFO - Building stim pattern for pattern_name 1798
2026-01-31 16:57:23,851 - INFO - Building stim pattern for pattern_name 2762
2026-01-31 16:57:23,863 - INFO - Building stim pattern for pattern_name 828
2026-01-31 16:57:23,875 - INFO - Building stim pattern for pattern_name 685
2026-01-31 16:57:23,893 - INFO - Building stim pattern for pattern_name 3185
2026-01-31 16:57:23,905 - INFO - Building stim pattern for pattern_name 2775
2026-01-31 16:57:23,916 - INFO - Building stim pattern for pattern_name 2461
2026-01-31 16:57:23,927 - INFO - Building stim pattern for pattern_name 2586
2026-01-31 16:57:23,938 - INFO - Building stim pattern for pattern_name 3380
2026-01-31 16:57:23,950 - INFO - Building stim pattern for pattern_name 81
2026-01-31 16:57:23,961 - INFO - Building stim pattern for pattern_name 52
2026-01-31 16:57:23,972 - INFO - Building stim pattern for pattern_name 2369
2026-01-31 16:57:23,983 - INFO - Building stim pattern for pattern_name 1205
2026-01-31 16:57:23,993 - INFO - Building stim pattern for pattern_name 1188
2026-01-31 16:57:24,003 - INFO - Building stim pattern for pattern_name 561
2026-01-31 16:57:24,033 - INFO - Building stim pattern for pattern_name 678
2026-01-31 16:57:24,044 - INFO - Building stim pattern for pattern_name 406
2026-01-31 16:57:24,072 - INFO - Building stim pattern for pattern_name 1456
2026-01-31 16:57:24,084 - INFO - Building stim pattern for pattern_name 1526
2026-01-31 16:57:24,103 - INFO - Building stim pattern for pattern_name 1093
2026-01-31 16:57:24,114 - INFO - Building stim pattern for pattern_name 3775
2026-01-31 16:57:24,132 - INFO - Building stim pattern for pattern_name 3102
2026-01-31 16:57:24,143 - INFO - Building stim pattern for pattern_name 2788
2026-01-31 16:57:24,154 - INFO - Building stim pattern for pattern_name 3676
2026-01-31 16:57:24,164 - INFO - Building stim pattern for pattern_name 1067
2026-01-31 16:57:24,176 - INFO - Building stim pattern for pattern_name 3463
2026-01-31 16:57:24,187 - INFO - Building stim pattern for pattern_name 2800
2026-01-31 16:57:24,201 - INFO - Building stim pattern for pattern_name 2278
2026-01-31 16:57:24,296 - INFO - Building stim pattern for pattern_name 3933
2026-01-31 16:57:24,309 - INFO - Building stim pattern for pattern_name 2237
2026-01-31 16:57:24,320 - INFO - Building stim pattern for pattern_name 2180
2026-01-31 16:57:24,360 - INFO - Building stim pattern for pattern_name 913
2026-01-31 16:57:24,388 - INFO - Building stim pattern for pattern_name 2385
2026-01-31 16:57:24,399 - INFO - Building stim pattern for pattern_name 2367
2026-01-31 16:57:24,409 - INFO - Building stim pattern for pattern_name 1573
2026-01-31 16:57:24,420 - INFO - Building stim pattern for pattern_name 745
2026-01-31 16:57:24,435 - INFO - Building stim pattern for pattern_name 3303
2026-01-31 16:57:24,446 - INFO - Building stim pattern for pattern_name 681
2026-01-31 16:57:24,456 - INFO - Building stim pattern for pattern_name 3168
2026-01-31 16:57:24,466 - INFO - Building stim pattern for pattern_name 2944
2026-01-31 16:57:24,477 - INFO - Building stim pattern for pattern_name 941
2026-01-31 16:57:24,488 - INFO - Building stim pattern for pattern_name 940
2026-01-31 16:57:24,504 - INFO - Building stim pattern for pattern_name 3434
2026-01-31 16:57:24,515 - INFO - Building stim pattern for pattern_name 2722
2026-01-31 16:57:24,525 - INFO - Building stim pattern for pattern_name 1375
2026-01-31 16:57:24,535 - INFO - Building stim pattern for pattern_name 3659
2026-01-31 16:57:24,546 - INFO - Building stim pattern for pattern_name 2285
2026-01-31 16:57:24,557 - INFO - Building stim pattern for pattern_name 2514
2026-01-31 16:57:24,569 - INFO - Building stim pattern for pattern_name 2292
2026-01-31 16:57:24,581 - INFO - Building stim pattern for pattern_name 3855
2026-01-31 16:57:24,592 - INFO - Building stim pattern for pattern_name 3931
2026-01-31 16:57:24,603 - INFO - Building stim pattern for pattern_name 1741
2026-01-31 16:57:24,613 - INFO - Building stim pattern for pattern_name 3026
2026-01-31 16:57:24,624 - INFO - Building stim pattern for pattern_name 3082
2026-01-31 16:57:24,639 - INFO - Building stim pattern for pattern_name 706
2026-01-31 16:57:24,648 - INFO - Building stim pattern for pattern_name 1534
2026-01-31 16:57:24,666 - INFO - Building stim pattern for pattern_name 1113
2026-01-31 16:57:24,676 - INFO - Building stim pattern for pattern_name 119
2026-01-31 16:57:24,687 - INFO - Building stim pattern for pattern_name 2140
2026-01-31 16:57:24,698 - INFO - Building stim pattern for pattern_name 3044
2026-01-31 16:57:24,714 - INFO - Building stim pattern for pattern_name 3428
2026-01-31 16:57:24,726 - INFO - Building stim pattern for pattern_name 2614
2026-01-31 16:57:24,737 - INFO - Building stim pattern for pattern_name 3367
2026-01-31 16:57:24,748 - INFO - Building stim pattern for pattern_name 2109
2026-01-31 16:57:24,759 - INFO - Building stim pattern for pattern_name 2043
2026-01-31 16:57:24,771 - INFO - Building stim pattern for pattern_name 1987
2026-01-31 16:57:24,782 - INFO - Building stim pattern for pattern_name 534
2026-01-31 16:57:24,793 - INFO - Building stim pattern for pattern_name 3765
2026-01-31 16:57:24,807 - INFO - Building stim pattern for pattern_name 583
2026-01-31 16:57:24,827 - INFO - Building stim pattern for pattern_name 54
2026-01-31 16:57:24,838 - INFO - Building stim pattern for pattern_name 2897
2026-01-31 16:57:24,850 - INFO - Building stim pattern for pattern_name 1487
2026-01-31 16:57:24,860 - INFO - Building stim pattern for pattern_name 2465
2026-01-31 16:57:24,872 - INFO - Building stim pattern for pattern_name 397
2026-01-31 16:57:24,884 - INFO - Building stim pattern for pattern_name 1073
2026-01-31 16:57:24,894 - INFO - Building stim pattern for pattern_name 658
2026-01-31 16:57:24,905 - INFO - Building stim pattern for pattern_name 2312
2026-01-31 16:57:24,922 - INFO - Building stim pattern for pattern_name 2568
2026-01-31 16:57:24,938 - INFO - Building stim pattern for pattern_name 1832
2026-01-31 16:57:24,949 - INFO - Building stim pattern for pattern_name 3627
2026-01-31 16:57:24,960 - INFO - Building stim pattern for pattern_name 3174
2026-01-31 16:57:24,987 - INFO - Building stim pattern for pattern_name 338
2026-01-31 16:57:25,011 - INFO - Building stim pattern for pattern_name 505
2026-01-31 16:57:25,021 - INFO - Building stim pattern for pattern_name 863
2026-01-31 16:57:25,037 - INFO - Building stim pattern for pattern_name 3406
2026-01-31 16:57:25,050 - INFO - Building stim pattern for pattern_name 1880
2026-01-31 16:57:25,062 - INFO - Building stim pattern for pattern_name 428
2026-01-31 16:57:25,084 - INFO - Building stim pattern for pattern_name 2570
2026-01-31 16:57:25,095 - INFO - Building stim pattern for pattern_name 3587
2026-01-31 16:57:25,105 - INFO - Building stim pattern for pattern_name 2188
2026-01-31 16:57:25,117 - INFO - Building stim pattern for pattern_name 531
2026-01-31 16:57:25,129 - INFO - Building stim pattern for pattern_name 3484
2026-01-31 16:57:25,145 - INFO - Building stim pattern for pattern_name 586
2026-01-31 16:57:25,156 - INFO - Building stim pattern for pattern_name 3746
2026-01-31 16:57:25,167 - INFO - Building stim pattern for pattern_name 1629
2026-01-31 16:57:25,176 - INFO - Building stim pattern for pattern_name 1247
2026-01-31 16:57:25,192 - INFO - Building stim pattern for pattern_name 1011
2026-01-31 16:57:25,203 - INFO - Building stim pattern for pattern_name 2068
2026-01-31 16:57:25,219 - INFO - Building stim pattern for pattern_name 899
2026-01-31 16:57:25,235 - INFO - Building stim pattern for pattern_name 1464
2026-01-31 16:57:25,246 - INFO - Building stim pattern for pattern_name 2388
2026-01-31 16:57:25,258 - INFO - Building stim pattern for pattern_name 1050
2026-01-31 16:57:25,269 - INFO - Building stim pattern for pattern_name 3968
2026-01-31 16:57:25,283 - INFO - Building stim pattern for pattern_name 742
2026-01-31 16:57:25,301 - INFO - Building stim pattern for pattern_name 2742
2026-01-31 16:57:25,313 - INFO - Building stim pattern for pattern_name 2754
2026-01-31 16:57:25,322 - INFO - Building stim pattern for pattern_name 1884
2026-01-31 16:57:25,341 - INFO - Building stim pattern for pattern_name 741
2026-01-31 16:57:25,350 - INFO - Building stim pattern for pattern_name 2337
2026-01-31 16:57:25,362 - INFO - Building stim pattern for pattern_name 3215
2026-01-31 16:57:25,372 - INFO - Building stim pattern for pattern_name 1274
2026-01-31 16:57:25,384 - INFO - Building stim pattern for pattern_name 1134
2026-01-31 16:57:25,394 - INFO - Building stim pattern for pattern_name 982
2026-01-31 16:57:25,405 - INFO - Building stim pattern for pattern_name 1790
2026-01-31 16:57:25,417 - INFO - Building stim pattern for pattern_name 3221
2026-01-31 16:57:25,429 - INFO - Building stim pattern for pattern_name 2455
2026-01-31 16:57:25,439 - INFO - Building stim pattern for pattern_name 866
2026-01-31 16:57:25,450 - INFO - Building stim pattern for pattern_name 2561
2026-01-31 16:57:25,460 - INFO - Building stim pattern for pattern_name 1812
2026-01-31 16:57:25,471 - INFO - Building stim pattern for pattern_name 1370
2026-01-31 16:57:25,481 - INFO - Building stim pattern for pattern_name 787
2026-01-31 16:57:25,492 - INFO - Building stim pattern for pattern_name 209
2026-01-31 16:57:25,504 - INFO - Building stim pattern for pattern_name 3952
2026-01-31 16:57:25,530 - INFO - Building stim pattern for pattern_name 1633
2026-01-31 16:57:25,542 - INFO - Building stim pattern for pattern_name 3946
2026-01-31 16:57:25,552 - INFO - Building stim pattern for pattern_name 3039
2026-01-31 16:57:25,568 - INFO - Building stim pattern for pattern_name 1612
2026-01-31 16:57:25,580 - INFO - Building stim pattern for pattern_name 2531
2026-01-31 16:57:25,591 - INFO - Building stim pattern for pattern_name 2668
2026-01-31 16:57:25,603 - INFO - Building stim pattern for pattern_name 1466
2026-01-31 16:57:25,613 - INFO - Building stim pattern for pattern_name 1519
2026-01-31 16:57:25,636 - INFO - Building stim pattern for pattern_name 3485
2026-01-31 16:57:25,648 - INFO - Building stim pattern for pattern_name 991
2026-01-31 16:57:25,661 - INFO - Building stim pattern for pattern_name 3171
2026-01-31 16:57:25,673 - INFO - Building stim pattern for pattern_name 1123
2026-01-31 16:57:25,684 - INFO - Building stim pattern for pattern_name 2076
2026-01-31 16:57:25,695 - INFO - Building stim pattern for pattern_name 2191
2026-01-31 16:57:25,707 - INFO - Building stim pattern for pattern_name 1443
2026-01-31 16:57:25,717 - INFO - Building stim pattern for pattern_name 34
2026-01-31 16:57:25,728 - INFO - Building stim pattern for pattern_name 191
2026-01-31 16:57:25,740 - INFO - Building stim pattern for pattern_name 1706
2026-01-31 16:57:25,757 - INFO - Building stim pattern for pattern_name 2052
2026-01-31 16:57:25,769 - INFO - Building stim pattern for pattern_name 3340
2026-01-31 16:57:25,786 - INFO - Building stim pattern for pattern_name 3922
2026-01-31 16:57:25,798 - INFO - Building stim pattern for pattern_name 2268
2026-01-31 16:57:25,808 - INFO - Building stim pattern for pattern_name 3887
2026-01-31 16:57:25,818 - INFO - Building stim pattern for pattern_name 591
2026-01-31 16:57:25,831 - INFO - Building stim pattern for pattern_name 3030
2026-01-31 16:57:25,842 - INFO - Building stim pattern for pattern_name 2466
2026-01-31 16:57:25,857 - INFO - Building stim pattern for pattern_name 884
2026-01-31 16:57:25,919 - INFO - Building stim pattern for pattern_name 3477
2026-01-31 16:57:25,934 - INFO - Building stim pattern for pattern_name 981
2026-01-31 16:57:25,964 - INFO - Building stim pattern for pattern_name 920
2026-01-31 16:57:25,975 - INFO - Building stim pattern for pattern_name 3924
2026-01-31 16:57:25,985 - INFO - Building stim pattern for pattern_name 3049
2026-01-31 16:57:25,996 - INFO - Building stim pattern for pattern_name 1450
2026-01-31 16:57:26,006 - INFO - Building stim pattern for pattern_name 341
2026-01-31 16:57:26,016 - INFO - Building stim pattern for pattern_name 3189
2026-01-31 16:57:26,032 - INFO - Building stim pattern for pattern_name 2357
2026-01-31 16:57:26,042 - INFO - Building stim pattern for pattern_name 3716
2026-01-31 16:57:26,052 - INFO - Building stim pattern for pattern_name 269
2026-01-31 16:57:26,063 - INFO - Building stim pattern for pattern_name 674
2026-01-31 16:57:26,083 - INFO - Building stim pattern for pattern_name 2831
2026-01-31 16:57:26,093 - INFO - Building stim pattern for pattern_name 1357
2026-01-31 16:57:26,103 - INFO - Building stim pattern for pattern_name 3902
2026-01-31 16:57:26,116 - INFO - Building stim pattern for pattern_name 587
2026-01-31 16:57:26,135 - INFO - Building stim pattern for pattern_name 3738
2026-01-31 16:57:26,150 - INFO - Building stim pattern for pattern_name 1807
2026-01-31 16:57:26,162 - INFO - Building stim pattern for pattern_name 1299
2026-01-31 16:57:26,174 - INFO - Building stim pattern for pattern_name 656
2026-01-31 16:57:26,188 - INFO - Building stim pattern for pattern_name 1635
2026-01-31 16:57:26,200 - INFO - Building stim pattern for pattern_name 908
2026-01-31 16:57:26,212 - INFO - Building stim pattern for pattern_name 3870
2026-01-31 16:57:26,240 - INFO - Building stim pattern for pattern_name 3638
2026-01-31 16:57:26,259 - INFO - Building stim pattern for pattern_name 1777
2026-01-31 16:57:26,275 - INFO - Building stim pattern for pattern_name 467
2026-01-31 16:57:26,286 - INFO - Building stim pattern for pattern_name 3388
2026-01-31 16:57:26,315 - INFO - Building stim pattern for pattern_name 3144
2026-01-31 16:57:26,327 - INFO - Building stim pattern for pattern_name 2912
2026-01-31 16:57:26,340 - INFO - Building stim pattern for pattern_name 3314
2026-01-31 16:57:26,350 - INFO - Building stim pattern for pattern_name 2380
2026-01-31 16:57:26,367 - INFO - Building stim pattern for pattern_name 696
2026-01-31 16:57:26,386 - INFO - Building stim pattern for pattern_name 3424
2026-01-31 16:57:26,397 - INFO - Building stim pattern for pattern_name 876
2026-01-31 16:57:26,407 - INFO - Building stim pattern for pattern_name 1498
2026-01-31 16:57:26,418 - INFO - Building stim pattern for pattern_name 3771
2026-01-31 16:57:26,428 - INFO - Building stim pattern for pattern_name 3544
2026-01-31 16:57:26,449 - INFO - Building stim pattern for pattern_name 1871
2026-01-31 16:57:26,460 - INFO - Building stim pattern for pattern_name 3647
2026-01-31 16:57:26,471 - INFO - Building stim pattern for pattern_name 2988
2026-01-31 16:57:26,480 - INFO - Building stim pattern for pattern_name 2937
2026-01-31 16:57:26,496 - INFO - Building stim pattern for pattern_name 2953
2026-01-31 16:57:26,506 - INFO - Building stim pattern for pattern_name 1641
2026-01-31 16:57:26,516 - INFO - Building stim pattern for pattern_name 1902
2026-01-31 16:57:26,528 - INFO - Building stim pattern for pattern_name 3443
2026-01-31 16:57:26,538 - INFO - Building stim pattern for pattern_name 3421
2026-01-31 16:57:26,547 - INFO - Building stim pattern for pattern_name 3399
2026-01-31 16:57:26,564 - INFO - Building stim pattern for pattern_name 3396
2026-01-31 16:57:26,576 - INFO - Building stim pattern for pattern_name 2926
2026-01-31 16:57:26,586 - INFO - Building stim pattern for pattern_name 2653
2026-01-31 16:57:26,597 - INFO - Building stim pattern for pattern_name 3900
2026-01-31 16:57:26,607 - INFO - Building stim pattern for pattern_name 2832
2026-01-31 16:57:26,618 - INFO - Building stim pattern for pattern_name 3449
2026-01-31 16:57:26,629 - INFO - Building stim pattern for pattern_name 541
2026-01-31 16:57:26,640 - INFO - Building stim pattern for pattern_name 3152
2026-01-31 16:57:26,654 - INFO - Building stim pattern for pattern_name 3156
2026-01-31 16:57:26,666 - INFO - Building stim pattern for pattern_name 2362
2026-01-31 16:57:26,676 - INFO - Building stim pattern for pattern_name 196
2026-01-31 16:57:26,691 - INFO - Building stim pattern for pattern_name 2015
2026-01-31 16:57:26,703 - INFO - Building stim pattern for pattern_name 2241
2026-01-31 16:57:26,716 - INFO - Building stim pattern for pattern_name 3802
2026-01-31 16:57:26,730 - INFO - Building stim pattern for pattern_name 3513
2026-01-31 16:57:26,742 - INFO - Building stim pattern for pattern_name 171
2026-01-31 16:57:26,754 - INFO - Building stim pattern for pattern_name 1554
2026-01-31 16:57:26,765 - INFO - Building stim pattern for pattern_name 138
2026-01-31 16:57:26,778 - INFO - Building stim pattern for pattern_name 1653
2026-01-31 16:57:26,789 - INFO - Building stim pattern for pattern_name 2766
2026-01-31 16:57:26,802 - INFO - Building stim pattern for pattern_name 280
2026-01-31 16:57:26,813 - INFO - Building stim pattern for pattern_name 3297
2026-01-31 16:57:26,829 - INFO - Building stim pattern for pattern_name 3483
2026-01-31 16:57:26,841 - INFO - Building stim pattern for pattern_name 160
2026-01-31 16:57:26,863 - INFO - Building stim pattern for pattern_name 1957
2026-01-31 16:57:26,874 - INFO - Building stim pattern for pattern_name 335
2026-01-31 16:57:26,885 - INFO - Building stim pattern for pattern_name 3691
2026-01-31 16:57:26,898 - INFO - Building stim pattern for pattern_name 506
2026-01-31 16:57:26,919 - INFO - Building stim pattern for pattern_name 3559
2026-01-31 16:57:26,952 - INFO - Building stim pattern for pattern_name 1548
2026-01-31 16:57:26,965 - INFO - Building stim pattern for pattern_name 2682
2026-01-31 16:57:26,979 - INFO - Building stim pattern for pattern_name 675
2026-01-31 16:57:26,991 - INFO - Building stim pattern for pattern_name 3706
2026-01-31 16:57:27,003 - INFO - Building stim pattern for pattern_name 1023
2026-01-31 16:57:27,015 - INFO - Building stim pattern for pattern_name 2508
2026-01-31 16:57:27,025 - INFO - Building stim pattern for pattern_name 3393
2026-01-31 16:57:27,036 - INFO - Building stim pattern for pattern_name 1665
2026-01-31 16:57:27,046 - INFO - Building stim pattern for pattern_name 643
2026-01-31 16:57:27,064 - INFO - Building stim pattern for pattern_name 2468
2026-01-31 16:57:27,076 - INFO - Building stim pattern for pattern_name 2792
2026-01-31 16:57:27,086 - INFO - Building stim pattern for pattern_name 3528
2026-01-31 16:57:27,097 - INFO - Building stim pattern for pattern_name 134
2026-01-31 16:57:27,108 - INFO - Building stim pattern for pattern_name 3371
2026-01-31 16:57:27,118 - INFO - Building stim pattern for pattern_name 1849
2026-01-31 16:57:27,129 - INFO - Building stim pattern for pattern_name 3284
2026-01-31 16:57:27,140 - INFO - Building stim pattern for pattern_name 3342
2026-01-31 16:57:27,151 - INFO - Building stim pattern for pattern_name 2318
2026-01-31 16:57:27,164 - INFO - Building stim pattern for pattern_name 1661
2026-01-31 16:57:27,177 - INFO - Building stim pattern for pattern_name 3323
2026-01-31 16:57:27,189 - INFO - Building stim pattern for pattern_name 827
2026-01-31 16:57:27,212 - INFO - Building stim pattern for pattern_name 1108
2026-01-31 16:57:27,222 - INFO - Building stim pattern for pattern_name 2516
2026-01-31 16:57:27,233 - INFO - Building stim pattern for pattern_name 1925
2026-01-31 16:57:27,244 - INFO - Building stim pattern for pattern_name 1147
2026-01-31 16:57:27,254 - INFO - Building stim pattern for pattern_name 1944
2026-01-31 16:57:27,273 - INFO - Building stim pattern for pattern_name 3947
2026-01-31 16:57:27,284 - INFO - Building stim pattern for pattern_name 2372
2026-01-31 16:57:27,294 - INFO - Building stim pattern for pattern_name 1964
2026-01-31 16:57:27,305 - INFO - Building stim pattern for pattern_name 2679
2026-01-31 16:57:27,316 - INFO - Building stim pattern for pattern_name 751
2026-01-31 16:57:27,328 - INFO - Building stim pattern for pattern_name 2811
2026-01-31 16:57:27,338 - INFO - Building stim pattern for pattern_name 872
2026-01-31 16:57:27,349 - INFO - Building stim pattern for pattern_name 2611
2026-01-31 16:57:27,430 - INFO - Building stim pattern for pattern_name 2981
2026-01-31 16:57:27,446 - INFO - Building stim pattern for pattern_name 1951
2026-01-31 16:57:27,465 - INFO - Building stim pattern for pattern_name 383
2026-01-31 16:57:27,475 - INFO - Building stim pattern for pattern_name 2484
2026-01-31 16:57:27,487 - INFO - Building stim pattern for pattern_name 1485
2026-01-31 16:57:27,498 - INFO - Building stim pattern for pattern_name 1160
2026-01-31 16:57:27,509 - INFO - Building stim pattern for pattern_name 151
2026-01-31 16:57:27,521 - INFO - Building stim pattern for pattern_name 514
2026-01-31 16:57:27,533 - INFO - Building stim pattern for pattern_name 393
2026-01-31 16:57:27,545 - INFO - Building stim pattern for pattern_name 1482
2026-01-31 16:57:27,562 - INFO - Building stim pattern for pattern_name 1999
2026-01-31 16:57:27,576 - INFO - Building stim pattern for pattern_name 640
2026-01-31 16:57:27,590 - INFO - Building stim pattern for pattern_name 2978
2026-01-31 16:57:27,606 - INFO - Building stim pattern for pattern_name 204
2026-01-31 16:57:27,618 - INFO - Building stim pattern for pattern_name 2435
2026-01-31 16:57:27,629 - INFO - Building stim pattern for pattern_name 3594
2026-01-31 16:57:27,641 - INFO - Building stim pattern for pattern_name 996
2026-01-31 16:57:27,651 - INFO - Building stim pattern for pattern_name 797
2026-01-31 16:57:27,668 - INFO - Building stim pattern for pattern_name 3019
2026-01-31 16:57:27,679 - INFO - Building stim pattern for pattern_name 3784
2026-01-31 16:57:27,702 - INFO - Building stim pattern for pattern_name 3846
2026-01-31 16:57:27,713 - INFO - Building stim pattern for pattern_name 2151
2026-01-31 16:57:27,724 - INFO - Building stim pattern for pattern_name 978
2026-01-31 16:57:27,734 - INFO - Building stim pattern for pattern_name 1379
2026-01-31 16:57:27,745 - INFO - Building stim pattern for pattern_name 3310
2026-01-31 16:57:27,764 - INFO - Building stim pattern for pattern_name 1317
2026-01-31 16:57:27,775 - INFO - Building stim pattern for pattern_name 3964
2026-01-31 16:57:27,795 - INFO - Building stim pattern for pattern_name 156
2026-01-31 16:57:27,805 - INFO - Building stim pattern for pattern_name 680
2026-01-31 16:57:27,816 - INFO - Building stim pattern for pattern_name 664
2026-01-31 16:57:27,837 - INFO - Building stim pattern for pattern_name 2634
2026-01-31 16:57:27,848 - INFO - Building stim pattern for pattern_name 1429
2026-01-31 16:57:27,858 - INFO - Building stim pattern for pattern_name 3381
2026-01-31 16:57:27,868 - INFO - Building stim pattern for pattern_name 1582
2026-01-31 16:57:27,885 - INFO - Building stim pattern for pattern_name 3972
2026-01-31 16:57:27,896 - INFO - Building stim pattern for pattern_name 2229
2026-01-31 16:57:27,913 - INFO - Building stim pattern for pattern_name 232
2026-01-31 16:57:27,936 - INFO - Building stim pattern for pattern_name 1303
2026-01-31 16:57:27,948 - INFO - Building stim pattern for pattern_name 3910
2026-01-31 16:57:27,967 - INFO - Building stim pattern for pattern_name 3364
2026-01-31 16:57:27,986 - INFO - Building stim pattern for pattern_name 1549
2026-01-31 16:57:27,999 - INFO - Building stim pattern for pattern_name 2790
2026-01-31 16:57:28,012 - INFO - Building stim pattern for pattern_name 2708
2026-01-31 16:57:28,030 - INFO - Building stim pattern for pattern_name 2001
2026-01-31 16:57:28,041 - INFO - Building stim pattern for pattern_name 743
2026-01-31 16:57:28,052 - INFO - Building stim pattern for pattern_name 853
2026-01-31 16:57:28,075 - INFO - Building stim pattern for pattern_name 2588
2026-01-31 16:57:28,091 - INFO - Building stim pattern for pattern_name 1031
2026-01-31 16:57:28,103 - INFO - Building stim pattern for pattern_name 1587
2026-01-31 16:57:28,113 - INFO - Building stim pattern for pattern_name 1522
2026-01-31 16:57:28,131 - INFO - Building stim pattern for pattern_name 2327
2026-01-31 16:57:28,144 - INFO - Building stim pattern for pattern_name 165
2026-01-31 16:57:28,156 - INFO - Building stim pattern for pattern_name 3592
2026-01-31 16:57:28,170 - INFO - Building stim pattern for pattern_name 2798
2026-01-31 16:57:28,182 - INFO - Building stim pattern for pattern_name 772
2026-01-31 16:57:28,193 - INFO - Building stim pattern for pattern_name 2144
2026-01-31 16:57:28,210 - INFO - Building stim pattern for pattern_name 49
2026-01-31 16:57:28,234 - INFO - Building stim pattern for pattern_name 298
2026-01-31 16:57:28,252 - INFO - Building stim pattern for pattern_name 2270
2026-01-31 16:57:28,270 - INFO - Building stim pattern for pattern_name 2056
2026-01-31 16:57:28,281 - INFO - Building stim pattern for pattern_name 2207
2026-01-31 16:57:28,292 - INFO - Building stim pattern for pattern_name 3542
2026-01-31 16:57:28,302 - INFO - Building stim pattern for pattern_name 3338
2026-01-31 16:57:28,313 - INFO - Building stim pattern for pattern_name 105
2026-01-31 16:57:28,323 - INFO - Building stim pattern for pattern_name 3129
2026-01-31 16:57:28,340 - INFO - Building stim pattern for pattern_name 2027
2026-01-31 16:57:28,350 - INFO - Building stim pattern for pattern_name 2242
2026-01-31 16:57:28,361 - INFO - Building stim pattern for pattern_name 1302
2026-01-31 16:57:28,372 - INFO - Building stim pattern for pattern_name 2673
2026-01-31 16:57:28,383 - INFO - Building stim pattern for pattern_name 496
2026-01-31 16:57:28,395 - INFO - Building stim pattern for pattern_name 2104
2026-01-31 16:57:28,405 - INFO - Building stim pattern for pattern_name 1553
2026-01-31 16:57:28,421 - INFO - Building stim pattern for pattern_name 1889
2026-01-31 16:57:28,433 - INFO - Building stim pattern for pattern_name 669
2026-01-31 16:57:28,444 - INFO - Building stim pattern for pattern_name 2277
2026-01-31 16:57:28,461 - INFO - Building stim pattern for pattern_name 3260
2026-01-31 16:57:28,472 - INFO - Building stim pattern for pattern_name 1835
2026-01-31 16:57:28,483 - INFO - Building stim pattern for pattern_name 1788
2026-01-31 16:57:28,493 - INFO - Building stim pattern for pattern_name 247
2026-01-31 16:57:28,505 - INFO - Building stim pattern for pattern_name 1318
2026-01-31 16:57:28,518 - INFO - Building stim pattern for pattern_name 3131
2026-01-31 16:57:28,533 - INFO - Building stim pattern for pattern_name 434
2026-01-31 16:57:28,546 - INFO - Building stim pattern for pattern_name 582
2026-01-31 16:57:28,558 - INFO - Building stim pattern for pattern_name 1200
2026-01-31 16:57:28,571 - INFO - Building stim pattern for pattern_name 2115
2026-01-31 16:57:28,582 - INFO - Building stim pattern for pattern_name 7
2026-01-31 16:57:28,593 - INFO - Building stim pattern for pattern_name 1782
2026-01-31 16:57:28,616 - INFO - Building stim pattern for pattern_name 3444
2026-01-31 16:57:28,634 - INFO - Building stim pattern for pattern_name 3613
2026-01-31 16:57:28,651 - INFO - Building stim pattern for pattern_name 810
2026-01-31 16:57:28,664 - INFO - Building stim pattern for pattern_name 1912
2026-01-31 16:57:28,683 - INFO - Building stim pattern for pattern_name 3403
2026-01-31 16:57:28,696 - INFO - Building stim pattern for pattern_name 2358
2026-01-31 16:57:28,708 - INFO - Building stim pattern for pattern_name 1038
2026-01-31 16:57:28,720 - INFO - Building stim pattern for pattern_name 1129
2026-01-31 16:57:28,734 - INFO - Building stim pattern for pattern_name 2712
2026-01-31 16:57:28,746 - INFO - Building stim pattern for pattern_name 2206
2026-01-31 16:57:28,758 - INFO - Building stim pattern for pattern_name 871
2026-01-31 16:57:28,771 - INFO - Building stim pattern for pattern_name 2815
2026-01-31 16:57:28,783 - INFO - Building stim pattern for pattern_name 3879
2026-01-31 16:57:28,804 - INFO - Building stim pattern for pattern_name 3553
2026-01-31 16:57:28,815 - INFO - Building stim pattern for pattern_name 1101
2026-01-31 16:57:28,825 - INFO - Building stim pattern for pattern_name 2619
2026-01-31 16:57:28,835 - INFO - Building stim pattern for pattern_name 1877
2026-01-31 16:57:28,846 - INFO - Building stim pattern for pattern_name 2276
2026-01-31 16:57:28,940 - INFO - Building stim pattern for pattern_name 604
2026-01-31 16:57:28,968 - INFO - Building stim pattern for pattern_name 1085
2026-01-31 16:57:28,991 - INFO - Building stim pattern for pattern_name 2898
2026-01-31 16:57:29,003 - INFO - Building stim pattern for pattern_name 682
2026-01-31 16:57:29,015 - INFO - Building stim pattern for pattern_name 186
2026-01-31 16:57:29,025 - INFO - Building stim pattern for pattern_name 1682
2026-01-31 16:57:29,038 - INFO - Building stim pattern for pattern_name 2072
2026-01-31 16:57:29,053 - INFO - Building stim pattern for pattern_name 2869
2026-01-31 16:57:29,065 - INFO - Building stim pattern for pattern_name 1601
2026-01-31 16:57:29,076 - INFO - Building stim pattern for pattern_name 2158
2026-01-31 16:57:29,097 - INFO - Building stim pattern for pattern_name 2099
2026-01-31 16:57:29,110 - INFO - Building stim pattern for pattern_name 1704
2026-01-31 16:57:29,122 - INFO - Building stim pattern for pattern_name 3527
2026-01-31 16:57:29,133 - INFO - Building stim pattern for pattern_name 2244
2026-01-31 16:57:29,143 - INFO - Building stim pattern for pattern_name 2041
2026-01-31 16:57:29,161 - INFO - Building stim pattern for pattern_name 3312
2026-01-31 16:57:29,173 - INFO - Building stim pattern for pattern_name 2403
2026-01-31 16:57:29,190 - INFO - Building stim pattern for pattern_name 2842
2026-01-31 16:57:29,202 - INFO - Building stim pattern for pattern_name 719
2026-01-31 16:57:29,213 - INFO - Building stim pattern for pattern_name 3539
2026-01-31 16:57:29,223 - INFO - Building stim pattern for pattern_name 2724
2026-01-31 16:57:29,234 - INFO - Building stim pattern for pattern_name 3429
2026-01-31 16:57:29,246 - INFO - Building stim pattern for pattern_name 3252
2026-01-31 16:57:29,265 - INFO - Building stim pattern for pattern_name 3938
2026-01-31 16:57:29,283 - INFO - Building stim pattern for pattern_name 3259
2026-01-31 16:57:29,293 - INFO - Building stim pattern for pattern_name 2037
2026-01-31 16:57:29,310 - INFO - Building stim pattern for pattern_name 1927
2026-01-31 16:57:29,321 - INFO - Building stim pattern for pattern_name 3683
2026-01-31 16:57:29,332 - INFO - Building stim pattern for pattern_name 1150
2026-01-31 16:57:29,342 - INFO - Building stim pattern for pattern_name 3336
2026-01-31 16:57:29,352 - INFO - Building stim pattern for pattern_name 1286
2026-01-31 16:57:29,370 - INFO - Building stim pattern for pattern_name 3065
2026-01-31 16:57:29,384 - INFO - Building stim pattern for pattern_name 3472
2026-01-31 16:57:29,405 - INFO - Building stim pattern for pattern_name 898
2026-01-31 16:57:29,417 - INFO - Building stim pattern for pattern_name 1189
2026-01-31 16:57:29,434 - INFO - Building stim pattern for pattern_name 1556
2026-01-31 16:57:29,446 - INFO - Building stim pattern for pattern_name 1290
2026-01-31 16:57:29,463 - INFO - Building stim pattern for pattern_name 1391
2026-01-31 16:57:29,475 - INFO - Building stim pattern for pattern_name 3135
2026-01-31 16:57:29,487 - INFO - Building stim pattern for pattern_name 71
2026-01-31 16:57:29,506 - INFO - Building stim pattern for pattern_name 3362
2026-01-31 16:57:29,516 - INFO - Building stim pattern for pattern_name 359
2026-01-31 16:57:29,528 - INFO - Building stim pattern for pattern_name 450
2026-01-31 16:57:29,538 - INFO - Building stim pattern for pattern_name 3170
2026-01-31 16:57:29,548 - INFO - Building stim pattern for pattern_name 1447
2026-01-31 16:57:29,559 - INFO - Building stim pattern for pattern_name 1070
2026-01-31 16:57:29,569 - INFO - Building stim pattern for pattern_name 193
2026-01-31 16:57:29,579 - INFO - Building stim pattern for pattern_name 1942
2026-01-31 16:57:29,590 - INFO - Building stim pattern for pattern_name 79
2026-01-31 16:57:29,603 - INFO - Building stim pattern for pattern_name 2787
2026-01-31 16:57:29,616 - INFO - Building stim pattern for pattern_name 2017
2026-01-31 16:57:29,627 - INFO - Building stim pattern for pattern_name 3218
2026-01-31 16:57:29,638 - INFO - Building stim pattern for pattern_name 42
2026-01-31 16:57:29,655 - INFO - Building stim pattern for pattern_name 2710
2026-01-31 16:57:29,676 - INFO - Building stim pattern for pattern_name 456
2026-01-31 16:57:29,688 - INFO - Building stim pattern for pattern_name 2390
2026-01-31 16:57:29,706 - INFO - Building stim pattern for pattern_name 1959
2026-01-31 16:57:29,718 - INFO - Building stim pattern for pattern_name 3536
2026-01-31 16:57:29,729 - INFO - Building stim pattern for pattern_name 1309
2026-01-31 16:57:29,739 - INFO - Building stim pattern for pattern_name 1681
2026-01-31 16:57:29,750 - INFO - Building stim pattern for pattern_name 2980
2026-01-31 16:57:29,765 - INFO - Building stim pattern for pattern_name 3274
2026-01-31 16:57:29,783 - INFO - Building stim pattern for pattern_name 813
2026-01-31 16:57:29,795 - INFO - Building stim pattern for pattern_name 2293
2026-01-31 16:57:29,812 - INFO - Building stim pattern for pattern_name 1775
2026-01-31 16:57:29,823 - INFO - Building stim pattern for pattern_name 572
2026-01-31 16:57:29,835 - INFO - Building stim pattern for pattern_name 3372
2026-01-31 16:57:29,867 - INFO - Building stim pattern for pattern_name 1952
2026-01-31 16:57:29,885 - INFO - Building stim pattern for pattern_name 2674
2026-01-31 16:57:29,908 - INFO - Building stim pattern for pattern_name 1115
2026-01-31 16:57:29,920 - INFO - Building stim pattern for pattern_name 2635
2026-01-31 16:57:29,932 - INFO - Building stim pattern for pattern_name 44
2026-01-31 16:57:29,950 - INFO - Building stim pattern for pattern_name 2067
2026-01-31 16:57:29,961 - INFO - Building stim pattern for pattern_name 2861
2026-01-31 16:57:29,977 - INFO - Building stim pattern for pattern_name 611
2026-01-31 16:57:29,989 - INFO - Building stim pattern for pattern_name 381
2026-01-31 16:57:30,000 - INFO - Building stim pattern for pattern_name 615
2026-01-31 16:57:30,018 - INFO - Building stim pattern for pattern_name 3363
2026-01-31 16:57:30,031 - INFO - Building stim pattern for pattern_name 3702
2026-01-31 16:57:30,042 - INFO - Building stim pattern for pattern_name 3370
2026-01-31 16:57:30,053 - INFO - Building stim pattern for pattern_name 2204
2026-01-31 16:57:30,065 - INFO - Building stim pattern for pattern_name 3983
2026-01-31 16:57:30,079 - INFO - Building stim pattern for pattern_name 84
2026-01-31 16:57:30,090 - INFO - Building stim pattern for pattern_name 1662
2026-01-31 16:57:30,103 - INFO - Building stim pattern for pattern_name 1792
2026-01-31 16:57:30,112 - INFO - Building stim pattern for pattern_name 1137
2026-01-31 16:57:30,129 - INFO - Building stim pattern for pattern_name 168
2026-01-31 16:57:30,141 - INFO - Building stim pattern for pattern_name 2493
2026-01-31 16:57:30,153 - INFO - Building stim pattern for pattern_name 1988
2026-01-31 16:57:30,164 - INFO - Building stim pattern for pattern_name 235
2026-01-31 16:57:30,182 - INFO - Building stim pattern for pattern_name 2883
2026-01-31 16:57:30,194 - INFO - Building stim pattern for pattern_name 932
2026-01-31 16:57:30,222 - INFO - Building stim pattern for pattern_name 1679
2026-01-31 16:57:30,235 - INFO - Building stim pattern for pattern_name 3379
2026-01-31 16:57:30,253 - INFO - Building stim pattern for pattern_name 2216
2026-01-31 16:57:30,264 - INFO - Building stim pattern for pattern_name 1917
2026-01-31 16:57:30,276 - INFO - Building stim pattern for pattern_name 3120
2026-01-31 16:57:30,301 - INFO - Building stim pattern for pattern_name 786
2026-01-31 16:57:30,322 - INFO - Building stim pattern for pattern_name 1491
2026-01-31 16:57:30,338 - INFO - Building stim pattern for pattern_name 3598
2026-01-31 16:57:30,359 - INFO - Building stim pattern for pattern_name 2336
2026-01-31 16:57:30,381 - INFO - Building stim pattern for pattern_name 1546
2026-01-31 16:57:30,394 - INFO - Building stim pattern for pattern_name 1219
2026-01-31 16:57:30,413 - INFO - Building stim pattern for pattern_name 3015
2026-01-31 16:57:30,427 - INFO - Building stim pattern for pattern_name 2202
2026-01-31 16:57:30,450 - INFO - Building stim pattern for pattern_name 2689
2026-01-31 16:57:30,463 - INFO - Building stim pattern for pattern_name 3704
2026-01-31 16:57:30,608 - INFO - Building stim pattern for pattern_name 1997
2026-01-31 16:57:30,650 - INFO - Building stim pattern for pattern_name 2289
2026-01-31 16:57:30,666 - INFO - Building stim pattern for pattern_name 2704
2026-01-31 16:57:30,679 - INFO - Building stim pattern for pattern_name 2131
2026-01-31 16:57:30,704 - INFO - Building stim pattern for pattern_name 3458
2026-01-31 16:57:30,722 - INFO - Building stim pattern for pattern_name 889
2026-01-31 16:57:30,748 - INFO - Building stim pattern for pattern_name 1358
2026-01-31 16:57:30,782 - INFO - Building stim pattern for pattern_name 25
2026-01-31 16:57:30,897 - INFO - Building stim pattern for pattern_name 1514
2026-01-31 16:57:30,910 - INFO - Building stim pattern for pattern_name 2272
2026-01-31 16:57:30,932 - INFO - Building stim pattern for pattern_name 2238
2026-01-31 16:57:30,944 - INFO - Building stim pattern for pattern_name 2181
2026-01-31 16:57:30,955 - INFO - Building stim pattern for pattern_name 3642
2026-01-31 16:57:30,966 - INFO - Building stim pattern for pattern_name 320
2026-01-31 16:57:30,977 - INFO - Building stim pattern for pattern_name 2608
2026-01-31 16:57:30,989 - INFO - Building stim pattern for pattern_name 3729
2026-01-31 16:57:30,999 - INFO - Building stim pattern for pattern_name 765
2026-01-31 16:57:31,012 - INFO - Building stim pattern for pattern_name 2360
2026-01-31 16:57:31,023 - INFO - Building stim pattern for pattern_name 1763
2026-01-31 16:57:31,034 - INFO - Building stim pattern for pattern_name 783
2026-01-31 16:57:31,045 - INFO - Building stim pattern for pattern_name 358
2026-01-31 16:57:31,057 - INFO - Building stim pattern for pattern_name 569
2026-01-31 16:57:31,074 - INFO - Building stim pattern for pattern_name 3195
2026-01-31 16:57:31,085 - INFO - Building stim pattern for pattern_name 714
2026-01-31 16:57:31,103 - INFO - Building stim pattern for pattern_name 1324
2026-01-31 16:57:31,115 - INFO - Building stim pattern for pattern_name 3194
2026-01-31 16:57:31,132 - INFO - Building stim pattern for pattern_name 2310
2026-01-31 16:57:31,145 - INFO - Building stim pattern for pattern_name 464
2026-01-31 16:57:31,159 - INFO - Building stim pattern for pattern_name 2880
2026-01-31 16:57:31,172 - INFO - Building stim pattern for pattern_name 216
2026-01-31 16:57:31,184 - INFO - Building stim pattern for pattern_name 1650
2026-01-31 16:57:31,205 - INFO - Building stim pattern for pattern_name 3273
2026-01-31 16:57:31,218 - INFO - Building stim pattern for pattern_name 375
2026-01-31 16:57:31,229 - INFO - Building stim pattern for pattern_name 282
2026-01-31 16:57:31,242 - INFO - Building stim pattern for pattern_name 3366
2026-01-31 16:57:31,255 - INFO - Building stim pattern for pattern_name 1555
2026-01-31 16:57:31,277 - INFO - Building stim pattern for pattern_name 3756
2026-01-31 16:57:31,296 - INFO - Building stim pattern for pattern_name 734
2026-01-31 16:57:31,332 - INFO - Building stim pattern for pattern_name 1785
2026-01-31 16:57:31,345 - INFO - Building stim pattern for pattern_name 744
2026-01-31 16:57:31,364 - INFO - Building stim pattern for pattern_name 1140
2026-01-31 16:57:31,383 - INFO - Building stim pattern for pattern_name 1588
2026-01-31 16:57:31,395 - INFO - Building stim pattern for pattern_name 2340
2026-01-31 16:57:31,406 - INFO - Building stim pattern for pattern_name 3169
2026-01-31 16:57:31,417 - INFO - Building stim pattern for pattern_name 1545
2026-01-31 16:57:31,434 - INFO - Building stim pattern for pattern_name 2744
2026-01-31 16:57:31,451 - INFO - Building stim pattern for pattern_name 848
2026-01-31 16:57:31,462 - INFO - Building stim pattern for pattern_name 3845
2026-01-31 16:57:31,474 - INFO - Building stim pattern for pattern_name 1636
2026-01-31 16:57:31,484 - INFO - Building stim pattern for pattern_name 2013
2026-01-31 16:57:31,495 - INFO - Building stim pattern for pattern_name 2252
2026-01-31 16:57:31,506 - INFO - Building stim pattern for pattern_name 3783
2026-01-31 16:57:31,519 - INFO - Building stim pattern for pattern_name 725
2026-01-31 16:57:31,529 - INFO - Building stim pattern for pattern_name 405
2026-01-31 16:57:31,549 - INFO - Building stim pattern for pattern_name 2051
2026-01-31 16:57:31,562 - INFO - Building stim pattern for pattern_name 832
2026-01-31 16:57:31,588 - INFO - Building stim pattern for pattern_name 887
2026-01-31 16:57:31,600 - INFO - Building stim pattern for pattern_name 2294
2026-01-31 16:57:31,625 - INFO - Building stim pattern for pattern_name 2544
2026-01-31 16:57:31,644 - INFO - Building stim pattern for pattern_name 74
2026-01-31 16:57:31,657 - INFO - Building stim pattern for pattern_name 2028
2026-01-31 16:57:31,669 - INFO - Building stim pattern for pattern_name 766
2026-01-31 16:57:31,681 - INFO - Building stim pattern for pattern_name 198
2026-01-31 16:57:31,692 - INFO - Building stim pattern for pattern_name 2891
2026-01-31 16:57:31,706 - INFO - Building stim pattern for pattern_name 267
2026-01-31 16:57:31,719 - INFO - Building stim pattern for pattern_name 1486
2026-01-31 16:57:31,734 - INFO - Building stim pattern for pattern_name 1257
2026-01-31 16:57:31,747 - INFO - Building stim pattern for pattern_name 3837
2026-01-31 16:57:31,760 - INFO - Building stim pattern for pattern_name 1356
2026-01-31 16:57:31,774 - INFO - Building stim pattern for pattern_name 2596
2026-01-31 16:57:31,791 - INFO - Building stim pattern for pattern_name 1978
2026-01-31 16:57:31,813 - INFO - Building stim pattern for pattern_name 1259
2026-01-31 16:57:31,825 - INFO - Building stim pattern for pattern_name 3682
2026-01-31 16:57:31,839 - INFO - Building stim pattern for pattern_name 1124
2026-01-31 16:57:31,851 - INFO - Building stim pattern for pattern_name 2442
2026-01-31 16:57:31,865 - INFO - Building stim pattern for pattern_name 2688
2026-01-31 16:57:31,875 - INFO - Building stim pattern for pattern_name 2549
2026-01-31 16:57:31,894 - INFO - Building stim pattern for pattern_name 822
2026-01-31 16:57:31,907 - INFO - Building stim pattern for pattern_name 3290
2026-01-31 16:57:31,921 - INFO - Building stim pattern for pattern_name 2341
2026-01-31 16:57:31,933 - INFO - Building stim pattern for pattern_name 925
2026-01-31 16:57:31,945 - INFO - Building stim pattern for pattern_name 1098
2026-01-31 16:57:31,964 - INFO - Building stim pattern for pattern_name 781
2026-01-31 16:57:31,976 - INFO - Building stim pattern for pattern_name 2791
2026-01-31 16:57:31,990 - INFO - Building stim pattern for pattern_name 120
2026-01-31 16:57:32,010 - INFO - Building stim pattern for pattern_name 1507
2026-01-31 16:57:32,023 - INFO - Building stim pattern for pattern_name 3779
2026-01-31 16:57:32,037 - INFO - Building stim pattern for pattern_name 2135
2026-01-31 16:57:32,051 - INFO - Building stim pattern for pattern_name 1213
2026-01-31 16:57:32,078 - INFO - Building stim pattern for pattern_name 2280
2026-01-31 16:57:32,091 - INFO - Building stim pattern for pattern_name 3242
2026-01-31 16:57:32,105 - INFO - Building stim pattern for pattern_name 3248
2026-01-31 16:57:32,116 - INFO - Building stim pattern for pattern_name 3121
2026-01-31 16:57:32,127 - INFO - Building stim pattern for pattern_name 2585
2026-01-31 16:57:32,140 - INFO - Building stim pattern for pattern_name 314
2026-01-31 16:57:32,152 - INFO - Building stim pattern for pattern_name 731
2026-01-31 16:57:32,165 - INFO - Building stim pattern for pattern_name 2902
2026-01-31 16:57:32,183 - INFO - Building stim pattern for pattern_name 3789
2026-01-31 16:57:32,200 - INFO - Building stim pattern for pattern_name 404
2026-01-31 16:57:32,221 - INFO - Building stim pattern for pattern_name 1155
2026-01-31 16:57:32,231 - INFO - Building stim pattern for pattern_name 3726
2026-01-31 16:57:32,250 - INFO - Building stim pattern for pattern_name 2696
2026-01-31 16:57:32,263 - INFO - Building stim pattern for pattern_name 806
2026-01-31 16:57:32,283 - INFO - Building stim pattern for pattern_name 1263
2026-01-31 16:57:32,294 - INFO - Building stim pattern for pattern_name 1695
2026-01-31 16:57:32,308 - INFO - Building stim pattern for pattern_name 3709
2026-01-31 16:57:32,328 - INFO - Building stim pattern for pattern_name 3958
2026-01-31 16:57:32,340 - INFO - Building stim pattern for pattern_name 1815
2026-01-31 16:57:32,354 - INFO - Building stim pattern for pattern_name 2178
2026-01-31 16:57:32,382 - INFO - Building stim pattern for pattern_name 1076
2026-01-31 16:57:32,406 - INFO - Building stim pattern for pattern_name 2867
2026-01-31 16:57:32,431 - INFO - Building stim pattern for pattern_name 2219
2026-01-31 16:57:32,443 - INFO - Building stim pattern for pattern_name 459
2026-01-31 16:57:32,454 - INFO - Building stim pattern for pattern_name 3318
2026-01-31 16:57:32,466 - INFO - Building stim pattern for pattern_name 2063
2026-01-31 16:57:32,476 - INFO - Building stim pattern for pattern_name 3561
2026-01-31 16:57:32,490 - INFO - Building stim pattern for pattern_name 1851
2026-01-31 16:57:32,502 - INFO - Building stim pattern for pattern_name 357
2026-01-31 16:57:32,525 - INFO - Building stim pattern for pattern_name 3213
2026-01-31 16:57:32,538 - INFO - Building stim pattern for pattern_name 3389
2026-01-31 16:57:32,549 - INFO - Building stim pattern for pattern_name 83
2026-01-31 16:57:32,560 - INFO - Building stim pattern for pattern_name 2193
2026-01-31 16:57:32,572 - INFO - Building stim pattern for pattern_name 1730
2026-01-31 16:57:32,583 - INFO - Building stim pattern for pattern_name 523
2026-01-31 16:57:32,596 - INFO - Building stim pattern for pattern_name 3234
2026-01-31 16:57:32,617 - INFO - Building stim pattern for pattern_name 1359
2026-01-31 16:57:32,630 - INFO - Building stim pattern for pattern_name 2961
2026-01-31 16:57:32,643 - INFO - Building stim pattern for pattern_name 1000
2026-01-31 16:57:32,663 - INFO - Building stim pattern for pattern_name 3607
2026-01-31 16:57:32,675 - INFO - Building stim pattern for pattern_name 3985
2026-01-31 16:57:32,688 - INFO - Building stim pattern for pattern_name 1808
2026-01-31 16:57:32,699 - INFO - Building stim pattern for pattern_name 1909
2026-01-31 16:57:32,711 - INFO - Building stim pattern for pattern_name 2854
2026-01-31 16:57:32,721 - INFO - Building stim pattern for pattern_name 3095
2026-01-31 16:57:32,740 - INFO - Building stim pattern for pattern_name 1016
2026-01-31 16:57:32,758 - INFO - Building stim pattern for pattern_name 3548
2026-01-31 16:57:32,792 - INFO - Building stim pattern for pattern_name 3198
2026-01-31 16:57:32,813 - INFO - Building stim pattern for pattern_name 38
2026-01-31 16:57:32,828 - INFO - Building stim pattern for pattern_name 1095
2026-01-31 16:57:32,841 - INFO - Building stim pattern for pattern_name 3529
2026-01-31 16:57:32,854 - INFO - Building stim pattern for pattern_name 700
2026-01-31 16:57:32,868 - INFO - Building stim pattern for pattern_name 61
2026-01-31 16:57:32,881 - INFO - Building stim pattern for pattern_name 1008
2026-01-31 16:57:32,893 - INFO - Building stim pattern for pattern_name 29
2026-01-31 16:57:32,906 - INFO - Building stim pattern for pattern_name 16
2026-01-31 16:57:32,918 - INFO - Building stim pattern for pattern_name 3525
2026-01-31 16:57:32,929 - INFO - Building stim pattern for pattern_name 3535
2026-01-31 16:57:32,941 - INFO - Building stim pattern for pattern_name 1069
2026-01-31 16:57:32,953 - INFO - Building stim pattern for pattern_name 683
2026-01-31 16:57:32,966 - INFO - Building stim pattern for pattern_name 1847
2026-01-31 16:57:32,987 - INFO - Building stim pattern for pattern_name 1878
2026-01-31 16:57:33,007 - INFO - Building stim pattern for pattern_name 1876
2026-01-31 16:57:33,028 - INFO - Building stim pattern for pattern_name 429
2026-01-31 16:57:33,039 - INFO - Building stim pattern for pattern_name 3038
2026-01-31 16:57:33,052 - INFO - Building stim pattern for pattern_name 3438
2026-01-31 16:57:33,082 - INFO - Building stim pattern for pattern_name 1609
2026-01-31 16:57:33,092 - INFO - Building stim pattern for pattern_name 1199
2026-01-31 16:57:33,121 - INFO - Building stim pattern for pattern_name 241
2026-01-31 16:57:33,143 - INFO - Building stim pattern for pattern_name 2322
2026-01-31 16:57:33,160 - INFO - Building stim pattern for pattern_name 3773
2026-01-31 16:57:33,179 - INFO - Building stim pattern for pattern_name 2629
2026-01-31 16:57:33,193 - INFO - Building stim pattern for pattern_name 2660
2026-01-31 16:57:33,220 - INFO - Building stim pattern for pattern_name 2958
2026-01-31 16:57:33,240 - INFO - Building stim pattern for pattern_name 3970
2026-01-31 16:57:33,252 - INFO - Building stim pattern for pattern_name 1144
2026-01-31 16:57:33,264 - INFO - Building stim pattern for pattern_name 2984
2026-01-31 16:57:33,277 - INFO - Building stim pattern for pattern_name 3179
2026-01-31 16:57:33,290 - INFO - Building stim pattern for pattern_name 2259
2026-01-31 16:57:33,302 - INFO - Building stim pattern for pattern_name 3138
2026-01-31 16:57:33,319 - INFO - Building stim pattern for pattern_name 2228
2026-01-31 16:57:33,368 - INFO - Building stim pattern for pattern_name 1103
2026-01-31 16:57:33,378 - INFO - Building stim pattern for pattern_name 851
2026-01-31 16:57:33,396 - INFO - Building stim pattern for pattern_name 3142
2026-01-31 16:57:33,408 - INFO - Building stim pattern for pattern_name 510
2026-01-31 16:57:33,422 - INFO - Building stim pattern for pattern_name 3473
2026-01-31 16:57:33,434 - INFO - Building stim pattern for pattern_name 3008
2026-01-31 16:57:33,448 - INFO - Building stim pattern for pattern_name 2871
2026-01-31 16:57:33,477 - INFO - Building stim pattern for pattern_name 86
2026-01-31 16:57:33,490 - INFO - Building stim pattern for pattern_name 2796
2026-01-31 16:57:33,503 - INFO - Building stim pattern for pattern_name 1911
2026-01-31 16:57:33,518 - INFO - Building stim pattern for pattern_name 1596
2026-01-31 16:57:33,533 - INFO - Building stim pattern for pattern_name 1829
2026-01-31 16:57:33,549 - INFO - Building stim pattern for pattern_name 3874
2026-01-31 16:57:33,562 - INFO - Building stim pattern for pattern_name 3094
2026-01-31 16:57:33,582 - INFO - Building stim pattern for pattern_name 101
2026-01-31 16:57:33,595 - INFO - Building stim pattern for pattern_name 1323
2026-01-31 16:57:33,609 - INFO - Building stim pattern for pattern_name 1032
2026-01-31 16:57:33,623 - INFO - Building stim pattern for pattern_name 3836
2026-01-31 16:57:33,636 - INFO - Building stim pattern for pattern_name 2039
2026-01-31 16:57:33,648 - INFO - Building stim pattern for pattern_name 673
2026-01-31 16:57:33,661 - INFO - Building stim pattern for pattern_name 1834
2026-01-31 16:57:33,682 - INFO - Building stim pattern for pattern_name 2895
2026-01-31 16:57:33,697 - INFO - Building stim pattern for pattern_name 3328
2026-01-31 16:57:33,713 - INFO - Building stim pattern for pattern_name 2698
2026-01-31 16:57:33,727 - INFO - Building stim pattern for pattern_name 2919
2026-01-31 16:57:33,741 - INFO - Building stim pattern for pattern_name 231
2026-01-31 16:57:33,753 - INFO - Building stim pattern for pattern_name 1824
2026-01-31 16:57:33,767 - INFO - Building stim pattern for pattern_name 1449
2026-01-31 16:57:33,780 - INFO - Building stim pattern for pattern_name 2752
2026-01-31 16:57:33,791 - INFO - Building stim pattern for pattern_name 3140
2026-01-31 16:57:33,803 - INFO - Building stim pattern for pattern_name 1589
2026-01-31 16:57:33,818 - INFO - Building stim pattern for pattern_name 1516
2026-01-31 16:57:33,842 - INFO - Building stim pattern for pattern_name 3060
2026-01-31 16:57:33,856 - INFO - Building stim pattern for pattern_name 89
2026-01-31 16:57:33,877 - INFO - Building stim pattern for pattern_name 502
2026-01-31 16:57:33,890 - INFO - Building stim pattern for pattern_name 1521
2026-01-31 16:57:33,903 - INFO - Building stim pattern for pattern_name 2974
2026-01-31 16:57:33,914 - INFO - Building stim pattern for pattern_name 540
2026-01-31 16:57:33,928 - INFO - Building stim pattern for pattern_name 1360
2026-01-31 16:57:33,940 - INFO - Building stim pattern for pattern_name 2530
2026-01-31 16:57:33,954 - INFO - Building stim pattern for pattern_name 1282
2026-01-31 16:57:33,967 - INFO - Building stim pattern for pattern_name 1956
2026-01-31 16:57:33,981 - INFO - Building stim pattern for pattern_name 1243
2026-01-31 16:57:33,992 - INFO - Building stim pattern for pattern_name 2350
2026-01-31 16:57:34,021 - INFO - Building stim pattern for pattern_name 2075
2026-01-31 16:57:34,034 - INFO - Building stim pattern for pattern_name 1830
2026-01-31 16:57:34,046 - INFO - Building stim pattern for pattern_name 1542
2026-01-31 16:57:34,061 - INFO - Building stim pattern for pattern_name 2137
2026-01-31 16:57:34,075 - INFO - Building stim pattern for pattern_name 3614
2026-01-31 16:57:34,086 - INFO - Building stim pattern for pattern_name 3425
2026-01-31 16:57:34,116 - INFO - Building stim pattern for pattern_name 447
2026-01-31 16:57:34,138 - INFO - Building stim pattern for pattern_name 885
2026-01-31 16:57:34,156 - INFO - Building stim pattern for pattern_name 1720
2026-01-31 16:57:34,168 - INFO - Building stim pattern for pattern_name 317
2026-01-31 16:57:34,182 - INFO - Building stim pattern for pattern_name 3373
2026-01-31 16:57:34,193 - INFO - Building stim pattern for pattern_name 517
2026-01-31 16:57:34,205 - INFO - Building stim pattern for pattern_name 1454
2026-01-31 16:57:34,218 - INFO - Building stim pattern for pattern_name 619
2026-01-31 16:57:34,239 - INFO - Building stim pattern for pattern_name 3093
2026-01-31 16:57:34,251 - INFO - Building stim pattern for pattern_name 319
2026-01-31 16:57:34,264 - INFO - Building stim pattern for pattern_name 3818
2026-01-31 16:57:34,364 - INFO - Building stim pattern for pattern_name 1388
2026-01-31 16:57:34,403 - INFO - Building stim pattern for pattern_name 1411
2026-01-31 16:57:34,418 - INFO - Building stim pattern for pattern_name 3620
2026-01-31 16:57:34,432 - INFO - Building stim pattern for pattern_name 2685
2026-01-31 16:57:34,445 - INFO - Building stim pattern for pattern_name 3929
2026-01-31 16:57:34,460 - INFO - Building stim pattern for pattern_name 547
2026-01-31 16:57:34,474 - INFO - Building stim pattern for pattern_name 2894
2026-01-31 16:57:34,486 - INFO - Building stim pattern for pattern_name 1494
2026-01-31 16:57:34,499 - INFO - Building stim pattern for pattern_name 2666
2026-01-31 16:57:34,512 - INFO - Building stim pattern for pattern_name 590
2026-01-31 16:57:34,529 - INFO - Building stim pattern for pattern_name 2993
2026-01-31 16:57:34,540 - INFO - Building stim pattern for pattern_name 219
2026-01-31 16:57:34,553 - INFO - Building stim pattern for pattern_name 3596
2026-01-31 16:57:34,571 - INFO - Building stim pattern for pattern_name 3884
2026-01-31 16:57:34,584 - INFO - Building stim pattern for pattern_name 1444
2026-01-31 16:57:34,604 - INFO - Building stim pattern for pattern_name 1187
2026-01-31 16:57:34,615 - INFO - Building stim pattern for pattern_name 2969
2026-01-31 16:57:34,684 - INFO - Building stim pattern for pattern_name 627
2026-01-31 16:57:34,698 - INFO - Building stim pattern for pattern_name 1766
2026-01-31 16:57:34,713 - INFO - Building stim pattern for pattern_name 890
2026-01-31 16:57:34,728 - INFO - Building stim pattern for pattern_name 3439
2026-01-31 16:57:34,741 - INFO - Building stim pattern for pattern_name 1250
2026-01-31 16:57:34,762 - INFO - Building stim pattern for pattern_name 3780
2026-01-31 16:57:34,776 - INFO - Building stim pattern for pattern_name 3814
2026-01-31 16:57:34,790 - INFO - Building stim pattern for pattern_name 3255
2026-01-31 16:57:34,803 - INFO - Building stim pattern for pattern_name 2485
2026-01-31 16:57:34,817 - INFO - Building stim pattern for pattern_name 1264
2026-01-31 16:57:34,829 - INFO - Building stim pattern for pattern_name 2935
2026-01-31 16:57:34,841 - INFO - Building stim pattern for pattern_name 2426
2026-01-31 16:57:34,855 - INFO - Building stim pattern for pattern_name 296
2026-01-31 16:57:34,872 - INFO - Building stim pattern for pattern_name 1684
2026-01-31 16:57:34,885 - INFO - Building stim pattern for pattern_name 729
2026-01-31 16:57:34,897 - INFO - Building stim pattern for pattern_name 1283
2026-01-31 16:57:34,923 - INFO - Building stim pattern for pattern_name 1483
2026-01-31 16:57:34,938 - INFO - Building stim pattern for pattern_name 1611
2026-01-31 16:57:34,954 - INFO - Building stim pattern for pattern_name 2780
2026-01-31 16:57:34,968 - INFO - Building stim pattern for pattern_name 484
2026-01-31 16:57:34,992 - INFO - Building stim pattern for pattern_name 1086
2026-01-31 16:57:35,005 - INFO - Building stim pattern for pattern_name 3521
2026-01-31 16:57:35,018 - INFO - Building stim pattern for pattern_name 3196
2026-01-31 16:57:35,031 - INFO - Building stim pattern for pattern_name 1656
2026-01-31 16:57:35,043 - INFO - Building stim pattern for pattern_name 1125
2026-01-31 16:57:35,055 - INFO - Building stim pattern for pattern_name 3187
2026-01-31 16:57:35,081 - INFO - Building stim pattern for pattern_name 3088
2026-01-31 16:57:35,093 - INFO - Building stim pattern for pattern_name 2274
2026-01-31 16:57:35,108 - INFO - Building stim pattern for pattern_name 1333
2026-01-31 16:57:35,122 - INFO - Building stim pattern for pattern_name 417
2026-01-31 16:57:35,134 - INFO - Building stim pattern for pattern_name 82
2026-01-31 16:57:35,146 - INFO - Building stim pattern for pattern_name 1677
2026-01-31 16:57:35,161 - INFO - Building stim pattern for pattern_name 2676
2026-01-31 16:57:35,174 - INFO - Building stim pattern for pattern_name 2035
2026-01-31 16:57:35,202 - INFO - Building stim pattern for pattern_name 847
2026-01-31 16:57:35,214 - INFO - Building stim pattern for pattern_name 2639
2026-01-31 16:57:35,233 - INFO - Building stim pattern for pattern_name 3569
2026-01-31 16:57:35,244 - INFO - Building stim pattern for pattern_name 2946
2026-01-31 16:57:35,259 - INFO - Building stim pattern for pattern_name 1698
2026-01-31 16:57:35,272 - INFO - Building stim pattern for pattern_name 1620
2026-01-31 16:57:35,286 - INFO - Building stim pattern for pattern_name 1435
2026-01-31 16:57:35,300 - INFO - Building stim pattern for pattern_name 3330
2026-01-31 16:57:35,311 - INFO - Building stim pattern for pattern_name 733
2026-01-31 16:57:35,323 - INFO - Building stim pattern for pattern_name 3567
2026-01-31 16:57:35,336 - INFO - Building stim pattern for pattern_name 3204
2026-01-31 16:57:35,347 - INFO - Building stim pattern for pattern_name 2413
2026-01-31 16:57:35,358 - INFO - Building stim pattern for pattern_name 1907
2026-01-31 16:57:35,376 - INFO - Building stim pattern for pattern_name 1801
2026-01-31 16:57:35,388 - INFO - Building stim pattern for pattern_name 1269
2026-01-31 16:57:35,408 - INFO - Building stim pattern for pattern_name 3024
2026-01-31 16:57:35,431 - INFO - Building stim pattern for pattern_name 1109
2026-01-31 16:57:35,443 - INFO - Building stim pattern for pattern_name 3497
2026-01-31 16:57:35,455 - INFO - Building stim pattern for pattern_name 2103
2026-01-31 16:57:35,467 - INFO - Building stim pattern for pattern_name 1192
2026-01-31 16:57:35,480 - INFO - Building stim pattern for pattern_name 2591
2026-01-31 16:57:35,491 - INFO - Building stim pattern for pattern_name 2545
2026-01-31 16:57:35,503 - INFO - Building stim pattern for pattern_name 836
2026-01-31 16:57:35,514 - INFO - Building stim pattern for pattern_name 2061
2026-01-31 16:57:35,534 - INFO - Building stim pattern for pattern_name 995
2026-01-31 16:57:35,546 - INFO - Building stim pattern for pattern_name 2824
2026-01-31 16:57:35,557 - INFO - Building stim pattern for pattern_name 21
2026-01-31 16:57:35,578 - INFO - Building stim pattern for pattern_name 2746
2026-01-31 16:57:35,591 - INFO - Building stim pattern for pattern_name 109
2026-01-31 16:57:35,602 - INFO - Building stim pattern for pattern_name 2941
2026-01-31 16:57:35,613 - INFO - Building stim pattern for pattern_name 2172
2026-01-31 16:57:35,627 - INFO - Building stim pattern for pattern_name 3117
2026-01-31 16:57:35,641 - INFO - Building stim pattern for pattern_name 2265
2026-01-31 16:57:35,654 - INFO - Building stim pattern for pattern_name 1923
2026-01-31 16:57:35,667 - INFO - Building stim pattern for pattern_name 3061
2026-01-31 16:57:35,678 - INFO - Building stim pattern for pattern_name 1174
2026-01-31 16:57:35,691 - INFO - Building stim pattern for pattern_name 1361
2026-01-31 16:57:35,703 - INFO - Building stim pattern for pattern_name 3164
2026-01-31 16:57:35,715 - INFO - Building stim pattern for pattern_name 1384
2026-01-31 16:57:35,733 - INFO - Building stim pattern for pattern_name 2925
2026-01-31 16:57:35,743 - INFO - Building stim pattern for pattern_name 2089
2026-01-31 16:57:35,755 - INFO - Building stim pattern for pattern_name 398
2026-01-31 16:57:35,768 - INFO - Building stim pattern for pattern_name 1484
2026-01-31 16:57:35,780 - INFO - Building stim pattern for pattern_name 1122
2026-01-31 16:57:35,866 - INFO - Building stim pattern for pattern_name 594
2026-01-31 16:57:35,897 - INFO - Building stim pattern for pattern_name 1567
2026-01-31 16:57:35,910 - INFO - Building stim pattern for pattern_name 363
2026-01-31 16:57:35,921 - INFO - Building stim pattern for pattern_name 3451
2026-01-31 16:57:35,932 - INFO - Building stim pattern for pattern_name 1600
2026-01-31 16:57:35,954 - INFO - Building stim pattern for pattern_name 1764
2026-01-31 16:57:35,965 - INFO - Building stim pattern for pattern_name 791
2026-01-31 16:57:35,977 - INFO - Building stim pattern for pattern_name 1602
2026-01-31 16:57:35,996 - INFO - Building stim pattern for pattern_name 1425
2026-01-31 16:57:36,005 - INFO - Building stim pattern for pattern_name 2220
2026-01-31 16:57:36,021 - INFO - Building stim pattern for pattern_name 1241
2026-01-31 16:57:36,032 - INFO - Building stim pattern for pattern_name 2582
2026-01-31 16:57:36,042 - INFO - Building stim pattern for pattern_name 1015
2026-01-31 16:57:36,072 - INFO - Building stim pattern for pattern_name 206
2026-01-31 16:57:36,083 - INFO - Building stim pattern for pattern_name 1692
2026-01-31 16:57:36,095 - INFO - Building stim pattern for pattern_name 226
2026-01-31 16:57:36,107 - INFO - Building stim pattern for pattern_name 2665
2026-01-31 16:57:36,119 - INFO - Building stim pattern for pattern_name 234
2026-01-31 16:57:36,131 - INFO - Building stim pattern for pattern_name 705
2026-01-31 16:57:36,144 - INFO - Building stim pattern for pattern_name 1316
2026-01-31 16:57:36,157 - INFO - Building stim pattern for pattern_name 2877
2026-01-31 16:57:36,168 - INFO - Building stim pattern for pattern_name 1367
2026-01-31 16:57:36,194 - INFO - Building stim pattern for pattern_name 333
2026-01-31 16:57:36,208 - INFO - Building stim pattern for pattern_name 1673
2026-01-31 16:57:36,232 - INFO - Building stim pattern for pattern_name 205
2026-01-31 16:57:36,244 - INFO - Building stim pattern for pattern_name 2776
2026-01-31 16:57:36,254 - INFO - Building stim pattern for pattern_name 3863
2026-01-31 16:57:36,265 - INFO - Building stim pattern for pattern_name 760
2026-01-31 16:57:36,276 - INFO - Building stim pattern for pattern_name 1869
2026-01-31 16:57:36,288 - INFO - Building stim pattern for pattern_name 933
2026-01-31 16:57:36,298 - INFO - Building stim pattern for pattern_name 2547
2026-01-31 16:57:36,309 - INFO - Building stim pattern for pattern_name 2363
2026-01-31 16:57:36,327 - INFO - Building stim pattern for pattern_name 3722
2026-01-31 16:57:36,339 - INFO - Building stim pattern for pattern_name 2348
2026-01-31 16:57:36,361 - INFO - Building stim pattern for pattern_name 2334
2026-01-31 16:57:36,377 - INFO - Building stim pattern for pattern_name 3678
2026-01-31 16:57:36,403 - INFO - Building stim pattern for pattern_name 18
2026-01-31 16:57:36,415 - INFO - Building stim pattern for pattern_name 1499
2026-01-31 16:57:36,427 - INFO - Building stim pattern for pattern_name 3961
2026-01-31 16:57:36,439 - INFO - Building stim pattern for pattern_name 1674
2026-01-31 16:57:36,471 - INFO - Building stim pattern for pattern_name 2934
2026-01-31 16:57:36,482 - INFO - Building stim pattern for pattern_name 432
2026-01-31 16:57:36,506 - INFO - Building stim pattern for pattern_name 145
2026-01-31 16:57:36,518 - INFO - Building stim pattern for pattern_name 1974
2026-01-31 16:57:36,530 - INFO - Building stim pattern for pattern_name 3112
2026-01-31 16:57:36,548 - INFO - Building stim pattern for pattern_name 2967
2026-01-31 16:57:36,561 - INFO - Building stim pattern for pattern_name 1080
2026-01-31 16:57:36,584 - INFO - Building stim pattern for pattern_name 3111
2026-01-31 16:57:36,595 - INFO - Building stim pattern for pattern_name 1759
2026-01-31 16:57:36,606 - INFO - Building stim pattern for pattern_name 391
2026-01-31 16:57:36,617 - INFO - Building stim pattern for pattern_name 158
2026-01-31 16:57:36,629 - INFO - Building stim pattern for pattern_name 3940
2026-01-31 16:57:36,641 - INFO - Building stim pattern for pattern_name 948
2026-01-31 16:57:36,653 - INFO - Building stim pattern for pattern_name 1218
2026-01-31 16:57:36,664 - INFO - Building stim pattern for pattern_name 3165
2026-01-31 16:57:36,675 - INFO - Building stim pattern for pattern_name 830
2026-01-31 16:57:36,685 - INFO - Building stim pattern for pattern_name 1039
2026-01-31 16:57:36,697 - INFO - Building stim pattern for pattern_name 3220
2026-01-31 16:57:36,708 - INFO - Building stim pattern for pattern_name 410
2026-01-31 16:57:36,719 - INFO - Building stim pattern for pattern_name 3257
2026-01-31 16:57:36,731 - INFO - Building stim pattern for pattern_name 1217
2026-01-31 16:57:36,742 - INFO - Building stim pattern for pattern_name 1637
2026-01-31 16:57:36,753 - INFO - Building stim pattern for pattern_name 2361
2026-01-31 16:57:36,764 - INFO - Building stim pattern for pattern_name 3626
2026-01-31 16:57:36,775 - INFO - Building stim pattern for pattern_name 3966
2026-01-31 16:57:36,794 - INFO - Building stim pattern for pattern_name 1339
2026-01-31 16:57:36,806 - INFO - Building stim pattern for pattern_name 259
2026-01-31 16:57:36,817 - INFO - Building stim pattern for pattern_name 424
2026-01-31 16:57:36,828 - INFO - Building stim pattern for pattern_name 1903
2026-01-31 16:57:36,838 - INFO - Building stim pattern for pattern_name 3908
2026-01-31 16:57:36,849 - INFO - Building stim pattern for pattern_name 909
2026-01-31 16:57:36,861 - INFO - Building stim pattern for pattern_name 3834
2026-01-31 16:57:36,891 - INFO - Building stim pattern for pattern_name 102
2026-01-31 16:57:36,902 - INFO - Building stim pattern for pattern_name 903
2026-01-31 16:57:36,913 - INFO - Building stim pattern for pattern_name 811
2026-01-31 16:57:36,925 - INFO - Building stim pattern for pattern_name 2633
2026-01-31 16:57:36,936 - INFO - Building stim pattern for pattern_name 2773
2026-01-31 16:57:36,956 - INFO - Building stim pattern for pattern_name 2887
2026-01-31 16:57:36,970 - INFO - Building stim pattern for pattern_name 2918
2026-01-31 16:57:36,995 - INFO - Building stim pattern for pattern_name 1114
2026-01-31 16:57:37,006 - INFO - Building stim pattern for pattern_name 3634
2026-01-31 16:57:37,026 - INFO - Building stim pattern for pattern_name 2374
2026-01-31 16:57:37,039 - INFO - Building stim pattern for pattern_name 1628
2026-01-31 16:57:37,060 - INFO - Building stim pattern for pattern_name 644
2026-01-31 16:57:37,072 - INFO - Building stim pattern for pattern_name 2141
2026-01-31 16:57:37,092 - INFO - Building stim pattern for pattern_name 2738
2026-01-31 16:57:37,104 - INFO - Building stim pattern for pattern_name 3341
2026-01-31 16:57:37,115 - INFO - Building stim pattern for pattern_name 1739
2026-01-31 16:57:37,130 - INFO - Building stim pattern for pattern_name 3734
2026-01-31 16:57:37,142 - INFO - Building stim pattern for pattern_name 195
2026-01-31 16:57:37,161 - INFO - Building stim pattern for pattern_name 2584
2026-01-31 16:57:37,172 - INFO - Building stim pattern for pattern_name 1646
2026-01-31 16:57:37,192 - INFO - Building stim pattern for pattern_name 625
2026-01-31 16:57:37,205 - INFO - Building stim pattern for pattern_name 2128
2026-01-31 16:57:37,217 - INFO - Building stim pattern for pattern_name 942
2026-01-31 16:57:37,229 - INFO - Building stim pattern for pattern_name 1539
2026-01-31 16:57:37,242 - INFO - Building stim pattern for pattern_name 3720
2026-01-31 16:57:37,341 - INFO - Building stim pattern for pattern_name 370
2026-01-31 16:57:37,357 - INFO - Building stim pattern for pattern_name 2283
2026-01-31 16:57:37,369 - INFO - Building stim pattern for pattern_name 2882
2026-01-31 16:57:37,383 - INFO - Building stim pattern for pattern_name 2412
2026-01-31 16:57:37,397 - INFO - Building stim pattern for pattern_name 2235
2026-01-31 16:57:37,415 - INFO - Building stim pattern for pattern_name 3240
2026-01-31 16:57:37,435 - INFO - Building stim pattern for pattern_name 3462
2026-01-31 16:57:37,447 - INFO - Building stim pattern for pattern_name 355
2026-01-31 16:57:37,458 - INFO - Building stim pattern for pattern_name 1193
2026-01-31 16:57:37,475 - INFO - Building stim pattern for pattern_name 704
2026-01-31 16:57:37,486 - INFO - Building stim pattern for pattern_name 3201
2026-01-31 16:57:37,499 - INFO - Building stim pattern for pattern_name 3896
2026-01-31 16:57:37,511 - INFO - Building stim pattern for pattern_name 3322
2026-01-31 16:57:37,526 - INFO - Building stim pattern for pattern_name 1416
2026-01-31 16:57:37,548 - INFO - Building stim pattern for pattern_name 1776
2026-01-31 16:57:37,565 - INFO - Building stim pattern for pattern_name 1846
2026-01-31 16:57:37,589 - INFO - Building stim pattern for pattern_name 904
2026-01-31 16:57:37,602 - INFO - Building stim pattern for pattern_name 3176
2026-01-31 16:57:37,613 - INFO - Building stim pattern for pattern_name 3157
2026-01-31 16:57:37,623 - INFO - Building stim pattern for pattern_name 2577
2026-01-31 16:57:37,636 - INFO - Building stim pattern for pattern_name 516
2026-01-31 16:57:37,648 - INFO - Building stim pattern for pattern_name 2841
2026-01-31 16:57:37,674 - INFO - Building stim pattern for pattern_name 2136
2026-01-31 16:57:37,686 - INFO - Building stim pattern for pattern_name 3994
2026-01-31 16:57:37,699 - INFO - Building stim pattern for pattern_name 2371
2026-01-31 16:57:37,712 - INFO - Building stim pattern for pattern_name 717
2026-01-31 16:57:37,723 - INFO - Building stim pattern for pattern_name 1156
2026-01-31 16:57:37,734 - INFO - Building stim pattern for pattern_name 3149
2026-01-31 16:57:37,745 - INFO - Building stim pattern for pattern_name 2248
2026-01-31 16:57:37,761 - INFO - Building stim pattern for pattern_name 448
2026-01-31 16:57:37,771 - INFO - Building stim pattern for pattern_name 367
2026-01-31 16:57:37,782 - INFO - Building stim pattern for pattern_name 537
2026-01-31 16:57:37,794 - INFO - Building stim pattern for pattern_name 519
2026-01-31 16:57:37,810 - INFO - Building stim pattern for pattern_name 3608
2026-01-31 16:57:37,822 - INFO - Building stim pattern for pattern_name 1693
2026-01-31 16:57:37,853 - INFO - Building stim pattern for pattern_name 1476
2026-01-31 16:57:37,865 - INFO - Building stim pattern for pattern_name 182
2026-01-31 16:57:37,883 - INFO - Building stim pattern for pattern_name 287
2026-01-31 16:57:37,906 - INFO - Building stim pattern for pattern_name 1149
2026-01-31 16:57:37,919 - INFO - Building stim pattern for pattern_name 2848
2026-01-31 16:57:37,931 - INFO - Building stim pattern for pattern_name 2208
2026-01-31 16:57:37,948 - INFO - Building stim pattern for pattern_name 2505
2026-01-31 16:57:37,960 - INFO - Building stim pattern for pattern_name 788
2026-01-31 16:57:37,972 - INFO - Building stim pattern for pattern_name 3471
2026-01-31 16:57:37,981 - INFO - Building stim pattern for pattern_name 3667
2026-01-31 16:57:37,999 - INFO - Building stim pattern for pattern_name 3351
2026-01-31 16:57:38,011 - INFO - Building stim pattern for pattern_name 2927
2026-01-31 16:57:38,028 - INFO - Building stim pattern for pattern_name 986
2026-01-31 16:57:38,046 - INFO - Building stim pattern for pattern_name 3098
2026-01-31 16:57:38,059 - INFO - Building stim pattern for pattern_name 2840
2026-01-31 16:57:38,069 - INFO - Building stim pattern for pattern_name 479
2026-01-31 16:57:38,080 - INFO - Building stim pattern for pattern_name 3732
2026-01-31 16:57:38,091 - INFO - Building stim pattern for pattern_name 435
2026-01-31 16:57:38,112 - INFO - Building stim pattern for pattern_name 2701
2026-01-31 16:57:38,122 - INFO - Building stim pattern for pattern_name 3616
2026-01-31 16:57:38,134 - INFO - Building stim pattern for pattern_name 1327
2026-01-31 16:57:38,148 - INFO - Building stim pattern for pattern_name 2113
2026-01-31 16:57:38,173 - INFO - Building stim pattern for pattern_name 2830
2026-01-31 16:57:38,185 - INFO - Building stim pattern for pattern_name 2021
2026-01-31 16:57:38,206 - INFO - Building stim pattern for pattern_name 1913
2026-01-31 16:57:38,218 - INFO - Building stim pattern for pattern_name 1955
2026-01-31 16:57:38,235 - INFO - Building stim pattern for pattern_name 3636
2026-01-31 16:57:38,248 - INFO - Building stim pattern for pattern_name 2120
2026-01-31 16:57:38,293 - INFO - Building stim pattern for pattern_name 2440
2026-01-31 16:57:38,305 - INFO - Building stim pattern for pattern_name 135
2026-01-31 16:57:38,319 - INFO - Building stim pattern for pattern_name 470
2026-01-31 16:57:38,331 - INFO - Building stim pattern for pattern_name 2453
2026-01-31 16:57:38,350 - INFO - Building stim pattern for pattern_name 113
2026-01-31 16:57:38,363 - INFO - Building stim pattern for pattern_name 230
2026-01-31 16:57:38,375 - INFO - Building stim pattern for pattern_name 2979
2026-01-31 16:57:38,386 - INFO - Building stim pattern for pattern_name 1842
2026-01-31 16:57:38,404 - INFO - Building stim pattern for pattern_name 1215
2026-01-31 16:57:38,415 - INFO - Building stim pattern for pattern_name 117
2026-01-31 16:57:38,427 - INFO - Building stim pattern for pattern_name 3105
2026-01-31 16:57:38,439 - INFO - Building stim pattern for pattern_name 769
2026-01-31 16:57:38,450 - INFO - Building stim pattern for pattern_name 555
2026-01-31 16:57:38,466 - INFO - Building stim pattern for pattern_name 1655
2026-01-31 16:57:38,484 - INFO - Building stim pattern for pattern_name 1513
2026-01-31 16:57:38,495 - INFO - Building stim pattern for pattern_name 1415
2026-01-31 16:57:38,507 - INFO - Building stim pattern for pattern_name 3459
2026-01-31 16:57:38,518 - INFO - Building stim pattern for pattern_name 1393
2026-01-31 16:57:38,537 - INFO - Building stim pattern for pattern_name 878
2026-01-31 16:57:38,550 - INFO - Building stim pattern for pattern_name 2217
2026-01-31 16:57:38,562 - INFO - Building stim pattern for pattern_name 3043
2026-01-31 16:57:38,579 - INFO - Building stim pattern for pattern_name 2594
2026-01-31 16:57:38,589 - INFO - Building stim pattern for pattern_name 3670
2026-01-31 16:57:38,608 - INFO - Building stim pattern for pattern_name 3000
2026-01-31 16:57:38,621 - INFO - Building stim pattern for pattern_name 972
2026-01-31 16:57:38,640 - INFO - Building stim pattern for pattern_name 3955
2026-01-31 16:57:38,659 - INFO - Building stim pattern for pattern_name 936
2026-01-31 16:57:38,677 - INFO - Building stim pattern for pattern_name 2246
2026-01-31 16:57:38,691 - INFO - Building stim pattern for pattern_name 985
2026-01-31 16:57:38,704 - INFO - Building stim pattern for pattern_name 2772
2026-01-31 16:57:38,793 - INFO - Building stim pattern for pattern_name 645
2026-01-31 16:57:38,819 - INFO - Building stim pattern for pattern_name 3838
2026-01-31 16:57:38,830 - INFO - Building stim pattern for pattern_name 309
2026-01-31 16:57:38,843 - INFO - Building stim pattern for pattern_name 2250
2026-01-31 16:57:38,855 - INFO - Building stim pattern for pattern_name 1606
2026-01-31 16:57:38,865 - INFO - Building stim pattern for pattern_name 943
2026-01-31 16:57:38,876 - INFO - Building stim pattern for pattern_name 931
2026-01-31 16:57:38,889 - INFO - Building stim pattern for pattern_name 1543
2026-01-31 16:57:38,913 - INFO - Building stim pattern for pattern_name 2909
2026-01-31 16:57:38,925 - INFO - Building stim pattern for pattern_name 2117
2026-01-31 16:57:38,939 - INFO - Building stim pattern for pattern_name 3651
2026-01-31 16:57:38,953 - INFO - Building stim pattern for pattern_name 2253
2026-01-31 16:57:38,966 - INFO - Building stim pattern for pattern_name 33
2026-01-31 16:57:38,979 - INFO - Building stim pattern for pattern_name 153
2026-01-31 16:57:39,000 - INFO - Building stim pattern for pattern_name 3768
2026-01-31 16:57:39,017 - INFO - Building stim pattern for pattern_name 2080
2026-01-31 16:57:39,054 - INFO - Building stim pattern for pattern_name 1688
2026-01-31 16:57:39,066 - INFO - Building stim pattern for pattern_name 30
2026-01-31 16:57:39,078 - INFO - Building stim pattern for pattern_name 85
2026-01-31 16:57:39,091 - INFO - Building stim pattern for pattern_name 1260
2026-01-31 16:57:39,119 - INFO - Building stim pattern for pattern_name 973
2026-01-31 16:57:39,154 - INFO - Building stim pattern for pattern_name 3147
2026-01-31 16:57:39,167 - INFO - Building stim pattern for pattern_name 2574
2026-01-31 16:57:39,183 - INFO - Building stim pattern for pattern_name 1284
2026-01-31 16:57:39,197 - INFO - Building stim pattern for pattern_name 1928
2026-01-31 16:57:39,210 - INFO - Building stim pattern for pattern_name 829
2026-01-31 16:57:39,231 - INFO - Building stim pattern for pattern_name 1579
2026-01-31 16:57:39,251 - INFO - Building stim pattern for pattern_name 2948
2026-01-31 16:57:39,263 - INFO - Building stim pattern for pattern_name 2949
2026-01-31 16:57:39,274 - INFO - Building stim pattern for pattern_name 1700
2026-01-31 16:57:39,302 - INFO - Building stim pattern for pattern_name 1477
2026-01-31 16:57:39,314 - INFO - Building stim pattern for pattern_name 323
2026-01-31 16:57:39,334 - INFO - Building stim pattern for pattern_name 3269
2026-01-31 16:57:39,352 - INFO - Building stim pattern for pattern_name 3503
2026-01-31 16:57:39,365 - INFO - Building stim pattern for pattern_name 220
2026-01-31 16:57:39,377 - INFO - Building stim pattern for pattern_name 2862
2026-01-31 16:57:39,388 - INFO - Building stim pattern for pattern_name 2686
2026-01-31 16:57:39,401 - INFO - Building stim pattern for pattern_name 824
2026-01-31 16:57:39,412 - INFO - Building stim pattern for pattern_name 2541
2026-01-31 16:57:39,424 - INFO - Building stim pattern for pattern_name 2983
2026-01-31 16:57:39,436 - INFO - Building stim pattern for pattern_name 3482
2026-01-31 16:57:39,447 - INFO - Building stim pattern for pattern_name 2101
2026-01-31 16:57:39,458 - INFO - Building stim pattern for pattern_name 2642
2026-01-31 16:57:39,471 - INFO - Building stim pattern for pattern_name 1755
2026-01-31 16:57:39,488 - INFO - Building stim pattern for pattern_name 272
2026-01-31 16:57:39,521 - INFO - Building stim pattern for pattern_name 2794
2026-01-31 16:57:39,533 - INFO - Building stim pattern for pattern_name 3431
2026-01-31 16:57:39,544 - INFO - Building stim pattern for pattern_name 817
2026-01-31 16:57:39,555 - INFO - Building stim pattern for pattern_name 389
2026-01-31 16:57:39,566 - INFO - Building stim pattern for pattern_name 178
2026-01-31 16:57:39,577 - INFO - Building stim pattern for pattern_name 3812
2026-01-31 16:57:39,589 - INFO - Building stim pattern for pattern_name 860
2026-01-31 16:57:39,601 - INFO - Building stim pattern for pattern_name 671
2026-01-31 16:57:39,613 - INFO - Building stim pattern for pattern_name 826
2026-01-31 16:57:39,626 - INFO - Building stim pattern for pattern_name 2528
2026-01-31 16:57:39,641 - INFO - Building stim pattern for pattern_name 2436
2026-01-31 16:57:39,658 - INFO - Building stim pattern for pattern_name 1488
2026-01-31 16:57:39,690 - INFO - Building stim pattern for pattern_name 1493
2026-01-31 16:57:39,713 - INFO - Building stim pattern for pattern_name 823
2026-01-31 16:57:39,736 - INFO - Building stim pattern for pattern_name 237
2026-01-31 16:57:39,749 - INFO - Building stim pattern for pattern_name 2515
2026-01-31 16:57:39,764 - INFO - Building stim pattern for pattern_name 157
2026-01-31 16:57:39,776 - INFO - Building stim pattern for pattern_name 3570
2026-01-31 16:57:39,796 - INFO - Building stim pattern for pattern_name 2186
2026-01-31 16:57:39,808 - INFO - Building stim pattern for pattern_name 3748
2026-01-31 16:57:39,820 - INFO - Building stim pattern for pattern_name 3172
2026-01-31 16:57:39,832 - INFO - Building stim pattern for pattern_name 352
2026-01-31 16:57:39,848 - INFO - Building stim pattern for pattern_name 3550
2026-01-31 16:57:39,860 - INFO - Building stim pattern for pattern_name 3835
2026-01-31 16:57:39,873 - INFO - Building stim pattern for pattern_name 416
2026-01-31 16:57:39,885 - INFO - Building stim pattern for pattern_name 1617
2026-01-31 16:57:39,897 - INFO - Building stim pattern for pattern_name 508
2026-01-31 16:57:39,909 - INFO - Building stim pattern for pattern_name 2048
2026-01-31 16:57:39,921 - INFO - Building stim pattern for pattern_name 23
2026-01-31 16:57:39,932 - INFO - Building stim pattern for pattern_name 1769
2026-01-31 16:57:39,944 - INFO - Building stim pattern for pattern_name 712
2026-01-31 16:57:39,958 - INFO - Building stim pattern for pattern_name 1165
2026-01-31 16:57:39,971 - INFO - Building stim pattern for pattern_name 274
2026-01-31 16:57:39,983 - INFO - Building stim pattern for pattern_name 3541
2026-01-31 16:57:40,000 - INFO - Building stim pattern for pattern_name 3329
2026-01-31 16:57:40,019 - INFO - Building stim pattern for pattern_name 264
2026-01-31 16:57:40,030 - INFO - Building stim pattern for pattern_name 3639
2026-01-31 16:57:40,042 - INFO - Building stim pattern for pattern_name 2392
2026-01-31 16:57:40,055 - INFO - Building stim pattern for pattern_name 2057
2026-01-31 16:57:40,074 - INFO - Building stim pattern for pattern_name 1805
2026-01-31 16:57:40,086 - INFO - Building stim pattern for pattern_name 3971
2026-01-31 16:57:40,101 - INFO - Building stim pattern for pattern_name 3136
2026-01-31 16:57:40,117 - INFO - Building stim pattern for pattern_name 98
2026-01-31 16:57:40,141 - INFO - Building stim pattern for pattern_name 3001
2026-01-31 16:57:40,154 - INFO - Building stim pattern for pattern_name 2737
2026-01-31 16:57:40,167 - INFO - Building stim pattern for pattern_name 3282
2026-01-31 16:57:40,296 - INFO - Building stim pattern for pattern_name 2066
2026-01-31 16:57:40,310 - INFO - Building stim pattern for pattern_name 3829
2026-01-31 16:57:40,323 - INFO - Building stim pattern for pattern_name 1018
2026-01-31 16:57:40,335 - INFO - Building stim pattern for pattern_name 2164
2026-01-31 16:57:40,348 - INFO - Building stim pattern for pattern_name 3643
2026-01-31 16:57:40,361 - INFO - Building stim pattern for pattern_name 3623
2026-01-31 16:57:40,372 - INFO - Building stim pattern for pattern_name 239
2026-01-31 16:57:40,384 - INFO - Building stim pattern for pattern_name 1244
2026-01-31 16:57:40,395 - INFO - Building stim pattern for pattern_name 3753
2026-01-31 16:57:40,407 - INFO - Building stim pattern for pattern_name 1523
2026-01-31 16:57:40,418 - INFO - Building stim pattern for pattern_name 419
2026-01-31 16:57:40,443 - INFO - Building stim pattern for pattern_name 2859
2026-01-31 16:57:40,456 - INFO - Building stim pattern for pattern_name 2907
2026-01-31 16:57:40,470 - INFO - Building stim pattern for pattern_name 2050
2026-01-31 16:57:40,483 - INFO - Building stim pattern for pattern_name 3056
2026-01-31 16:57:40,508 - INFO - Building stim pattern for pattern_name 2838
2026-01-31 16:57:40,524 - INFO - Building stim pattern for pattern_name 839
2026-01-31 16:57:40,538 - INFO - Building stim pattern for pattern_name 1479
2026-01-31 16:57:40,557 - INFO - Building stim pattern for pattern_name 1433
2026-01-31 16:57:40,584 - INFO - Building stim pattern for pattern_name 3673
2026-01-31 16:57:40,598 - INFO - Building stim pattern for pattern_name 831
2026-01-31 16:57:40,610 - INFO - Building stim pattern for pattern_name 349
2026-01-31 16:57:40,622 - INFO - Building stim pattern for pattern_name 2054
2026-01-31 16:57:40,635 - INFO - Building stim pattern for pattern_name 1800
2026-01-31 16:57:40,646 - INFO - Building stim pattern for pattern_name 930
2026-01-31 16:57:40,657 - INFO - Building stim pattern for pattern_name 857
2026-01-31 16:57:40,670 - INFO - Building stim pattern for pattern_name 1664
2026-01-31 16:57:40,681 - INFO - Building stim pattern for pattern_name 3721
2026-01-31 16:57:40,693 - INFO - Building stim pattern for pattern_name 2778
2026-01-31 16:57:40,720 - INFO - Building stim pattern for pattern_name 2234
2026-01-31 16:57:40,731 - INFO - Building stim pattern for pattern_name 689
2026-01-31 16:57:40,742 - INFO - Building stim pattern for pattern_name 634
2026-01-31 16:57:40,762 - INFO - Building stim pattern for pattern_name 2236
2026-01-31 16:57:40,773 - INFO - Building stim pattern for pattern_name 3919
2026-01-31 16:57:40,785 - INFO - Building stim pattern for pattern_name 3167
2026-01-31 16:57:40,796 - INFO - Building stim pattern for pattern_name 3859
2026-01-31 16:57:40,807 - INFO - Building stim pattern for pattern_name 420
2026-01-31 16:57:40,819 - INFO - Building stim pattern for pattern_name 3258
2026-01-31 16:57:40,831 - INFO - Building stim pattern for pattern_name 2835
2026-01-31 16:57:40,841 - INFO - Building stim pattern for pattern_name 2359
2026-01-31 16:57:40,854 - INFO - Building stim pattern for pattern_name 1703
2026-01-31 16:57:40,865 - INFO - Building stim pattern for pattern_name 140
2026-01-31 16:57:40,885 - INFO - Building stim pattern for pattern_name 2300
2026-01-31 16:57:40,895 - INFO - Building stim pattern for pattern_name 1092
2026-01-31 16:57:40,911 - INFO - Building stim pattern for pattern_name 2432
2026-01-31 16:57:40,925 - INFO - Building stim pattern for pattern_name 2000
2026-01-31 16:57:40,944 - INFO - Building stim pattern for pattern_name 3059
2026-01-31 16:57:40,956 - INFO - Building stim pattern for pattern_name 3980
2026-01-31 16:57:40,968 - INFO - Building stim pattern for pattern_name 1668
2026-01-31 16:57:40,980 - INFO - Building stim pattern for pattern_name 457
2026-01-31 16:57:40,997 - INFO - Building stim pattern for pattern_name 3979
2026-01-31 16:57:41,009 - INFO - Building stim pattern for pattern_name 3085
2026-01-31 16:57:41,037 - INFO - Building stim pattern for pattern_name 3655
2026-01-31 16:57:41,057 - INFO - Building stim pattern for pattern_name 983
2026-01-31 16:57:41,069 - INFO - Building stim pattern for pattern_name 2973
2026-01-31 16:57:41,083 - INFO - Building stim pattern for pattern_name 1400
2026-01-31 16:57:41,095 - INFO - Building stim pattern for pattern_name 2124
2026-01-31 16:57:41,112 - INFO - Building stim pattern for pattern_name 2990
2026-01-31 16:57:41,126 - INFO - Building stim pattern for pattern_name 3669
2026-01-31 16:57:41,137 - INFO - Building stim pattern for pattern_name 3950
2026-01-31 16:57:41,149 - INFO - Building stim pattern for pattern_name 1594
2026-01-31 16:57:41,163 - INFO - Building stim pattern for pattern_name 3875
2026-01-31 16:57:41,183 - INFO - Building stim pattern for pattern_name 934
2026-01-31 16:57:41,203 - INFO - Building stim pattern for pattern_name 3615
2026-01-31 16:57:41,237 - INFO - Building stim pattern for pattern_name 1941
2026-01-31 16:57:41,250 - INFO - Building stim pattern for pattern_name 129
2026-01-31 16:57:41,262 - INFO - Building stim pattern for pattern_name 2663
2026-01-31 16:57:41,274 - INFO - Building stim pattern for pattern_name 2543
2026-01-31 16:57:41,287 - INFO - Building stim pattern for pattern_name 2309
2026-01-31 16:57:41,300 - INFO - Building stim pattern for pattern_name 795
2026-01-31 16:57:41,320 - INFO - Building stim pattern for pattern_name 1713
2026-01-31 16:57:41,332 - INFO - Building stim pattern for pattern_name 3264
2026-01-31 16:57:41,346 - INFO - Building stim pattern for pattern_name 3158
2026-01-31 16:57:41,364 - INFO - Building stim pattern for pattern_name 515
2026-01-31 16:57:41,381 - INFO - Building stim pattern for pattern_name 1946
2026-01-31 16:57:41,393 - INFO - Building stim pattern for pattern_name 3625
2026-01-31 16:57:41,405 - INFO - Building stim pattern for pattern_name 436
2026-01-31 16:57:41,418 - INFO - Building stim pattern for pattern_name 2160
2026-01-31 16:57:41,437 - INFO - Building stim pattern for pattern_name 2443
2026-01-31 16:57:41,449 - INFO - Building stim pattern for pattern_name 2320
2026-01-31 16:57:41,467 - INFO - Building stim pattern for pattern_name 3769
2026-01-31 16:57:41,479 - INFO - Building stim pattern for pattern_name 1986
2026-01-31 16:57:41,490 - INFO - Building stim pattern for pattern_name 1598
2026-01-31 16:57:41,502 - INFO - Building stim pattern for pattern_name 36
2026-01-31 16:57:41,517 - INFO - Building stim pattern for pattern_name 1009
2026-01-31 16:57:41,540 - INFO - Building stim pattern for pattern_name 55
2026-01-31 16:57:41,554 - INFO - Building stim pattern for pattern_name 64
2026-01-31 16:57:41,568 - INFO - Building stim pattern for pattern_name 2386
2026-01-31 16:57:41,580 - INFO - Building stim pattern for pattern_name 1224
2026-01-31 16:57:41,624 - INFO - Building stim pattern for pattern_name 3920
2026-01-31 16:57:41,691 - INFO - Building stim pattern for pattern_name 1342
2026-01-31 16:57:41,708 - INFO - Building stim pattern for pattern_name 3764
2026-01-31 16:57:41,723 - INFO - Building stim pattern for pattern_name 3566
2026-01-31 16:57:41,735 - INFO - Building stim pattern for pattern_name 3872
2026-01-31 16:57:41,755 - INFO - Building stim pattern for pattern_name 2637
2026-01-31 16:57:41,766 - INFO - Building stim pattern for pattern_name 2429
2026-01-31 16:57:41,777 - INFO - Building stim pattern for pattern_name 3427
2026-01-31 16:57:41,789 - INFO - Building stim pattern for pattern_name 2279
2026-01-31 16:57:41,801 - INFO - Building stim pattern for pattern_name 1887
2026-01-31 16:57:41,839 - INFO - Building stim pattern for pattern_name 2726
2026-01-31 16:57:41,851 - INFO - Building stim pattern for pattern_name 2943
2026-01-31 16:57:41,862 - INFO - Building stim pattern for pattern_name 2399
2026-01-31 16:57:41,872 - INFO - Building stim pattern for pattern_name 1631
2026-01-31 16:57:41,892 - INFO - Building stim pattern for pattern_name 3057
2026-01-31 16:57:41,902 - INFO - Building stim pattern for pattern_name 3418
2026-01-31 16:57:41,921 - INFO - Building stim pattern for pattern_name 1414
2026-01-31 16:57:41,933 - INFO - Building stim pattern for pattern_name 2677
2026-01-31 16:57:41,943 - INFO - Building stim pattern for pattern_name 3401
2026-01-31 16:57:41,955 - INFO - Building stim pattern for pattern_name 2107
2026-01-31 16:57:41,973 - INFO - Building stim pattern for pattern_name 1145
2026-01-31 16:57:41,993 - INFO - Building stim pattern for pattern_name 1288
2026-01-31 16:57:42,005 - INFO - Building stim pattern for pattern_name 2125
2026-01-31 16:57:42,022 - INFO - Building stim pattern for pattern_name 3858
2026-01-31 16:57:42,034 - INFO - Building stim pattern for pattern_name 2418
2026-01-31 16:57:42,044 - INFO - Building stim pattern for pattern_name 2860
2026-01-31 16:57:42,070 - INFO - Building stim pattern for pattern_name 2230
2026-01-31 16:57:42,083 - INFO - Building stim pattern for pattern_name 53
2026-01-31 16:57:42,093 - INFO - Building stim pattern for pattern_name 1669
2026-01-31 16:57:42,105 - INFO - Building stim pattern for pattern_name 2667
2026-01-31 16:57:42,117 - INFO - Building stim pattern for pattern_name 104
2026-01-31 16:57:42,129 - INFO - Building stim pattern for pattern_name 2271
2026-01-31 16:57:42,140 - INFO - Building stim pattern for pattern_name 2892
2026-01-31 16:57:42,154 - INFO - Building stim pattern for pattern_name 601
2026-01-31 16:57:42,169 - INFO - Building stim pattern for pattern_name 2210
2026-01-31 16:57:42,202 - INFO - Building stim pattern for pattern_name 879
2026-01-31 16:57:42,214 - INFO - Building stim pattern for pattern_name 1481
2026-01-31 16:57:42,226 - INFO - Building stim pattern for pattern_name 3688
2026-01-31 16:57:42,239 - INFO - Building stim pattern for pattern_name 527
2026-01-31 16:57:42,257 - INFO - Building stim pattern for pattern_name 955
2026-01-31 16:57:42,269 - INFO - Building stim pattern for pattern_name 1621
2026-01-31 16:57:42,280 - INFO - Building stim pattern for pattern_name 1437
2026-01-31 16:57:42,291 - INFO - Building stim pattern for pattern_name 1614
2026-01-31 16:57:42,310 - INFO - Building stim pattern for pattern_name 112
2026-01-31 16:57:42,328 - INFO - Building stim pattern for pattern_name 2157
2026-01-31 16:57:42,345 - INFO - Building stim pattern for pattern_name 3809
2026-01-31 16:57:42,357 - INFO - Building stim pattern for pattern_name 1195
2026-01-31 16:57:42,368 - INFO - Building stim pattern for pattern_name 1267
2026-01-31 16:57:42,387 - INFO - Building stim pattern for pattern_name 3885
2026-01-31 16:57:42,397 - INFO - Building stim pattern for pattern_name 1049
2026-01-31 16:57:42,409 - INFO - Building stim pattern for pattern_name 2264
2026-01-31 16:57:42,421 - INFO - Building stim pattern for pattern_name 2603
2026-01-31 16:57:42,433 - INFO - Building stim pattern for pattern_name 2488
2026-01-31 16:57:42,445 - INFO - Building stim pattern for pattern_name 1280
2026-01-31 16:57:42,463 - INFO - Building stim pattern for pattern_name 2203
2026-01-31 16:57:42,481 - INFO - Building stim pattern for pattern_name 653
2026-01-31 16:57:42,493 - INFO - Building stim pattern for pattern_name 3600
2026-01-31 16:57:42,504 - INFO - Building stim pattern for pattern_name 1610
2026-01-31 16:57:42,514 - INFO - Building stim pattern for pattern_name 1540
2026-01-31 16:57:42,526 - INFO - Building stim pattern for pattern_name 2182
2026-01-31 16:57:42,544 - INFO - Building stim pattern for pattern_name 1976
2026-01-31 16:57:42,555 - INFO - Building stim pattern for pattern_name 1924
2026-01-31 16:57:42,574 - INFO - Building stim pattern for pattern_name 1630
2026-01-31 16:57:42,584 - INFO - Building stim pattern for pattern_name 521
2026-01-31 16:57:42,602 - INFO - Building stim pattern for pattern_name 1374
2026-01-31 16:57:42,627 - INFO - Building stim pattern for pattern_name 1932
2026-01-31 16:57:42,640 - INFO - Building stim pattern for pattern_name 694
2026-01-31 16:57:42,652 - INFO - Building stim pattern for pattern_name 2965
2026-01-31 16:57:42,664 - INFO - Building stim pattern for pattern_name 3358
2026-01-31 16:57:42,680 - INFO - Building stim pattern for pattern_name 2004
2026-01-31 16:57:42,704 - INFO - Building stim pattern for pattern_name 2578
2026-01-31 16:57:42,714 - INFO - Building stim pattern for pattern_name 2814
2026-01-31 16:57:42,726 - INFO - Building stim pattern for pattern_name 3974
2026-01-31 16:57:42,739 - INFO - Building stim pattern for pattern_name 3118
2026-01-31 16:57:42,760 - INFO - Building stim pattern for pattern_name 641
2026-01-31 16:57:42,775 - INFO - Building stim pattern for pattern_name 3516
2026-01-31 16:57:42,805 - INFO - Building stim pattern for pattern_name 1182
2026-01-31 16:57:42,818 - INFO - Building stim pattern for pattern_name 2694
2026-01-31 16:57:42,831 - INFO - Building stim pattern for pattern_name 3173
2026-01-31 16:57:42,844 - INFO - Building stim pattern for pattern_name 3565
2026-01-31 16:57:42,856 - INFO - Building stim pattern for pattern_name 2992
2026-01-31 16:57:42,867 - INFO - Building stim pattern for pattern_name 236
2026-01-31 16:57:42,878 - INFO - Building stim pattern for pattern_name 1238
2026-01-31 16:57:42,897 - INFO - Building stim pattern for pattern_name 321
2026-01-31 16:57:42,908 - INFO - Building stim pattern for pattern_name 3752
2026-01-31 16:57:42,928 - INFO - Building stim pattern for pattern_name 2779
2026-01-31 16:57:42,940 - INFO - Building stim pattern for pattern_name 1595
2026-01-31 16:57:43,050 - INFO - Building stim pattern for pattern_name 3637
2026-01-31 16:57:43,068 - INFO - Building stim pattern for pattern_name 511
2026-01-31 16:57:43,096 - INFO - Building stim pattern for pattern_name 2599
2026-01-31 16:57:43,106 - INFO - Building stim pattern for pattern_name 975
2026-01-31 16:57:43,120 - INFO - Building stim pattern for pattern_name 3190
2026-01-31 16:57:43,133 - INFO - Building stim pattern for pattern_name 3291
2026-01-31 16:57:43,144 - INFO - Building stim pattern for pattern_name 2763
2026-01-31 16:57:43,166 - INFO - Building stim pattern for pattern_name 2223
2026-01-31 16:57:43,175 - INFO - Building stim pattern for pattern_name 1430
2026-01-31 16:57:43,199 - INFO - Building stim pattern for pattern_name 2454
2026-01-31 16:57:43,218 - INFO - Building stim pattern for pattern_name 3017
2026-01-31 16:57:43,243 - INFO - Building stim pattern for pattern_name 646
2026-01-31 16:57:43,256 - INFO - Building stim pattern for pattern_name 497
2026-01-31 16:57:43,268 - INFO - Building stim pattern for pattern_name 1743
2026-01-31 16:57:43,281 - INFO - Building stim pattern for pattern_name 2034
2026-01-31 16:57:43,292 - INFO - Building stim pattern for pattern_name 1459
2026-01-31 16:57:43,303 - INFO - Building stim pattern for pattern_name 3241
2026-01-31 16:57:43,323 - INFO - Building stim pattern for pattern_name 3883
2026-01-31 16:57:43,336 - INFO - Building stim pattern for pattern_name 67
2026-01-31 16:57:43,347 - INFO - Building stim pattern for pattern_name 3871
2026-01-31 16:57:43,366 - INFO - Building stim pattern for pattern_name 1413
2026-01-31 16:57:43,378 - INFO - Building stim pattern for pattern_name 1758
2026-01-31 16:57:43,389 - INFO - Building stim pattern for pattern_name 2836
2026-01-31 16:57:43,408 - INFO - Building stim pattern for pattern_name 423
2026-01-31 16:57:43,423 - INFO - Building stim pattern for pattern_name 475
2026-01-31 16:57:43,435 - INFO - Building stim pattern for pattern_name 1640
2026-01-31 16:57:43,449 - INFO - Building stim pattern for pattern_name 132
2026-01-31 16:57:43,463 - INFO - Building stim pattern for pattern_name 1135
2026-01-31 16:57:43,485 - INFO - Building stim pattern for pattern_name 2510
2026-01-31 16:57:43,496 - INFO - Building stim pattern for pattern_name 1258
2026-01-31 16:57:43,507 - INFO - Building stim pattern for pattern_name 337
2026-01-31 16:57:43,543 - INFO - Building stim pattern for pattern_name 2595
2026-01-31 16:57:43,555 - INFO - Building stim pattern for pattern_name 1765
2026-01-31 16:57:43,567 - INFO - Building stim pattern for pattern_name 580
2026-01-31 16:57:43,579 - INFO - Building stim pattern for pattern_name 3895
2026-01-31 16:57:43,591 - INFO - Building stim pattern for pattern_name 2170
2026-01-31 16:57:43,602 - INFO - Building stim pattern for pattern_name 2394
2026-01-31 16:57:43,614 - INFO - Building stim pattern for pattern_name 3276
2026-01-31 16:57:43,626 - INFO - Building stim pattern for pattern_name 798
2026-01-31 16:57:43,645 - INFO - Building stim pattern for pattern_name 2706
2026-01-31 16:57:43,662 - INFO - Building stim pattern for pattern_name 2557
2026-01-31 16:57:43,676 - INFO - Building stim pattern for pattern_name 3606
2026-01-31 16:57:43,690 - INFO - Building stim pattern for pattern_name 2356
2026-01-31 16:57:43,702 - INFO - Building stim pattern for pattern_name 455
2026-01-31 16:57:43,720 - INFO - Building stim pattern for pattern_name 3335
2026-01-31 16:57:43,731 - INFO - Building stim pattern for pattern_name 1173
2026-01-31 16:57:43,743 - INFO - Building stim pattern for pattern_name 494
2026-01-31 16:57:43,755 - INFO - Building stim pattern for pattern_name 1973
2026-01-31 16:57:43,768 - INFO - Building stim pattern for pattern_name 2155
2026-01-31 16:57:43,779 - INFO - Building stim pattern for pattern_name 3801
2026-01-31 16:57:43,790 - INFO - Building stim pattern for pattern_name 2349
2026-01-31 16:57:43,802 - INFO - Building stim pattern for pattern_name 1130
2026-01-31 16:57:43,813 - INFO - Building stim pattern for pattern_name 968
2026-01-31 16:57:43,824 - INFO - Building stim pattern for pattern_name 1184
2026-01-31 16:57:43,836 - INFO - Building stim pattern for pattern_name 3124
2026-01-31 16:57:43,847 - INFO - Building stim pattern for pattern_name 1005
2026-01-31 16:57:43,859 - INFO - Building stim pattern for pattern_name 3132
2026-01-31 16:57:43,878 - INFO - Building stim pattern for pattern_name 453
2026-01-31 16:57:43,890 - INFO - Building stim pattern for pattern_name 3725
2026-01-31 16:57:43,902 - INFO - Building stim pattern for pattern_name 545
2026-01-31 16:57:43,915 - INFO - Building stim pattern for pattern_name 1084
2026-01-31 16:57:43,925 - INFO - Building stim pattern for pattern_name 2192
2026-01-31 16:57:43,939 - INFO - Building stim pattern for pattern_name 2384
2026-01-31 16:57:43,959 - INFO - Building stim pattern for pattern_name 3230
2026-01-31 16:57:43,974 - INFO - Building stim pattern for pattern_name 2956
2026-01-31 16:57:43,986 - INFO - Building stim pattern for pattern_name 1336
2026-01-31 16:57:43,998 - INFO - Building stim pattern for pattern_name 223
2026-01-31 16:57:44,023 - INFO - Building stim pattern for pattern_name 2281
2026-01-31 16:57:44,039 - INFO - Building stim pattern for pattern_name 233
2026-01-31 16:57:44,059 - INFO - Building stim pattern for pattern_name 2483
2026-01-31 16:57:44,085 - INFO - Building stim pattern for pattern_name 1232
2026-01-31 16:57:44,095 - INFO - Building stim pattern for pattern_name 581
2026-01-31 16:57:44,125 - INFO - Building stim pattern for pattern_name 3923
2026-01-31 16:57:44,139 - INFO - Building stim pattern for pattern_name 353
2026-01-31 16:57:44,153 - INFO - Building stim pattern for pattern_name 1240
2026-01-31 16:57:44,166 - INFO - Building stim pattern for pattern_name 2112
2026-01-31 16:57:44,178 - INFO - Building stim pattern for pattern_name 2628
2026-01-31 16:57:44,191 - INFO - Building stim pattern for pattern_name 923
2026-01-31 16:57:44,204 - INFO - Building stim pattern for pattern_name 1531
2026-01-31 16:57:44,222 - INFO - Building stim pattern for pattern_name 542
2026-01-31 16:57:44,233 - INFO - Building stim pattern for pattern_name 3148
2026-01-31 16:57:44,245 - INFO - Building stim pattern for pattern_name 1350
2026-01-31 16:57:44,257 - INFO - Building stim pattern for pattern_name 2330
2026-01-31 16:57:44,282 - INFO - Building stim pattern for pattern_name 3901
2026-01-31 16:57:44,370 - INFO - Building stim pattern for pattern_name 1506
2026-01-31 16:57:44,386 - INFO - Building stim pattern for pattern_name 2751
2026-01-31 16:57:44,401 - INFO - Building stim pattern for pattern_name 2494
2026-01-31 16:57:44,418 - INFO - Building stim pattern for pattern_name 2313
2026-01-31 16:57:44,431 - INFO - Building stim pattern for pattern_name 433
2026-01-31 16:57:44,449 - INFO - Building stim pattern for pattern_name 859
2026-01-31 16:57:44,467 - INFO - Building stim pattern for pattern_name 3909
2026-01-31 16:57:44,478 - INFO - Building stim pattern for pattern_name 3822
2026-01-31 16:57:44,492 - INFO - Building stim pattern for pattern_name 3048
2026-01-31 16:57:44,501 - INFO - Building stim pattern for pattern_name 979
2026-01-31 16:57:44,513 - INFO - Building stim pattern for pattern_name 3096
2026-01-31 16:57:44,526 - INFO - Building stim pattern for pattern_name 2661
2026-01-31 16:57:44,539 - INFO - Building stim pattern for pattern_name 1724
2026-01-31 16:57:44,551 - INFO - Building stim pattern for pattern_name 1157
2026-01-31 16:57:44,576 - INFO - Building stim pattern for pattern_name 3103
2026-01-31 16:57:44,587 - INFO - Building stim pattern for pattern_name 1856
2026-01-31 16:57:44,606 - INFO - Building stim pattern for pattern_name 5
2026-01-31 16:57:44,624 - INFO - Building stim pattern for pattern_name 1861
2026-01-31 16:57:44,637 - INFO - Building stim pattern for pattern_name 3996
2026-01-31 16:57:44,651 - INFO - Building stim pattern for pattern_name 3071
2026-01-31 16:57:44,672 - INFO - Building stim pattern for pattern_name 2522
2026-01-31 16:57:44,697 - INFO - Building stim pattern for pattern_name 3405
2026-01-31 16:57:44,708 - INFO - Building stim pattern for pattern_name 1960
2026-01-31 16:57:44,721 - INFO - Building stim pattern for pattern_name 988
2026-01-31 16:57:44,734 - INFO - Building stim pattern for pattern_name 2444
2026-01-31 16:57:44,746 - INFO - Building stim pattern for pattern_name 1893
2026-01-31 16:57:44,758 - INFO - Building stim pattern for pattern_name 3740
2026-01-31 16:57:44,778 - INFO - Building stim pattern for pattern_name 1709
2026-01-31 16:57:44,791 - INFO - Building stim pattern for pattern_name 1281
2026-01-31 16:57:44,810 - INFO - Building stim pattern for pattern_name 2062
2026-01-31 16:57:44,820 - INFO - Building stim pattern for pattern_name 1168
2026-01-31 16:57:44,832 - INFO - Building stim pattern for pattern_name 2467
2026-01-31 16:57:44,844 - INFO - Building stim pattern for pattern_name 1102
2026-01-31 16:57:44,856 - INFO - Building stim pattern for pattern_name 444
2026-01-31 16:57:44,869 - INFO - Building stim pattern for pattern_name 691
2026-01-31 16:57:44,880 - INFO - Building stim pattern for pattern_name 339
2026-01-31 16:57:44,894 - INFO - Building stim pattern for pattern_name 2573
2026-01-31 16:57:44,905 - INFO - Building stim pattern for pattern_name 1855
2026-01-31 16:57:44,919 - INFO - Building stim pattern for pattern_name 1341
2026-01-31 16:57:44,943 - INFO - Building stim pattern for pattern_name 2563
2026-01-31 16:57:44,954 - INFO - Building stim pattern for pattern_name 2930
2026-01-31 16:57:44,967 - INFO - Building stim pattern for pattern_name 3661
2026-01-31 16:57:44,986 - INFO - Building stim pattern for pattern_name 800
2026-01-31 16:57:44,998 - INFO - Building stim pattern for pattern_name 1285
2026-01-31 16:57:45,018 - INFO - Building stim pattern for pattern_name 76
2026-01-31 16:57:45,030 - INFO - Building stim pattern for pattern_name 1239
2026-01-31 16:57:45,042 - INFO - Building stim pattern for pattern_name 1440
2026-01-31 16:57:45,060 - INFO - Building stim pattern for pattern_name 588
2026-01-31 16:57:45,072 - INFO - Building stim pattern for pattern_name 1248
2026-01-31 16:57:45,085 - INFO - Building stim pattern for pattern_name 2095
2026-01-31 16:57:45,097 - INFO - Building stim pattern for pattern_name 256
2026-01-31 16:57:45,108 - INFO - Building stim pattern for pattern_name 3199
2026-01-31 16:57:45,119 - INFO - Building stim pattern for pattern_name 3628
2026-01-31 16:57:45,130 - INFO - Building stim pattern for pattern_name 1934
2026-01-31 16:57:45,143 - INFO - Building stim pattern for pattern_name 3842
2026-01-31 16:57:45,157 - INFO - Building stim pattern for pattern_name 877
2026-01-31 16:57:45,170 - INFO - Building stim pattern for pattern_name 2876
2026-01-31 16:57:45,181 - INFO - Building stim pattern for pattern_name 3798
2026-01-31 16:57:45,193 - INFO - Building stim pattern for pattern_name 212
2026-01-31 16:57:45,210 - INFO - Building stim pattern for pattern_name 1502
2026-01-31 16:57:45,221 - INFO - Building stim pattern for pattern_name 3441
2026-01-31 16:57:45,233 - INFO - Building stim pattern for pattern_name 1287
2026-01-31 16:57:45,245 - INFO - Building stim pattern for pattern_name 1569
2026-01-31 16:57:45,257 - INFO - Building stim pattern for pattern_name 663
2026-01-31 16:57:45,272 - INFO - Building stim pattern for pattern_name 875
2026-01-31 16:57:45,286 - INFO - Building stim pattern for pattern_name 2491
2026-01-31 16:57:45,300 - INFO - Building stim pattern for pattern_name 460
2026-01-31 16:57:45,322 - INFO - Building stim pattern for pattern_name 3905
2026-01-31 16:57:45,334 - INFO - Building stim pattern for pattern_name 1933
2026-01-31 16:57:45,345 - INFO - Building stim pattern for pattern_name 3935
2026-01-31 16:57:45,364 - INFO - Building stim pattern for pattern_name 1382
2026-01-31 16:57:45,375 - INFO - Building stim pattern for pattern_name 6
2026-01-31 16:57:45,388 - INFO - Building stim pattern for pattern_name 574
2026-01-31 16:57:45,402 - INFO - Building stim pattern for pattern_name 3774
2026-01-31 16:57:45,415 - INFO - Building stim pattern for pattern_name 185
2026-01-31 16:57:45,426 - INFO - Building stim pattern for pattern_name 1178
2026-01-31 16:57:45,451 - INFO - Building stim pattern for pattern_name 3481
2026-01-31 16:57:45,466 - INFO - Building stim pattern for pattern_name 1572
2026-01-31 16:57:45,479 - INFO - Building stim pattern for pattern_name 2496
2026-01-31 16:57:45,492 - INFO - Building stim pattern for pattern_name 912
2026-01-31 16:57:45,504 - INFO - Building stim pattern for pattern_name 183
2026-01-31 16:57:45,516 - INFO - Building stim pattern for pattern_name 844
2026-01-31 16:57:45,542 - INFO - Building stim pattern for pattern_name 2716
2026-01-31 16:57:45,575 - INFO - Building stim pattern for pattern_name 2734
2026-01-31 16:57:45,668 - INFO - Building stim pattern for pattern_name 618
2026-01-31 16:57:45,684 - INFO - Building stim pattern for pattern_name 332
2026-01-31 16:57:45,697 - INFO - Building stim pattern for pattern_name 2078
2026-01-31 16:57:45,717 - INFO - Building stim pattern for pattern_name 1754
2026-01-31 16:57:45,729 - INFO - Building stim pattern for pattern_name 1756
2026-01-31 16:57:45,740 - INFO - Building stim pattern for pattern_name 1512
2026-01-31 16:57:45,760 - INFO - Building stim pattern for pattern_name 24
2026-01-31 16:57:45,772 - INFO - Building stim pattern for pattern_name 146
2026-01-31 16:57:45,788 - INFO - Building stim pattern for pattern_name 721
2026-01-31 16:57:45,808 - INFO - Building stim pattern for pattern_name 3808
2026-01-31 16:57:45,823 - INFO - Building stim pattern for pattern_name 2910
2026-01-31 16:57:45,837 - INFO - Building stim pattern for pattern_name 3605
2026-01-31 16:57:45,851 - INFO - Building stim pattern for pattern_name 3020
2026-01-31 16:57:45,863 - INFO - Building stim pattern for pattern_name 472
2026-01-31 16:57:45,876 - INFO - Building stim pattern for pattern_name 2303
2026-01-31 16:57:45,890 - INFO - Building stim pattern for pattern_name 3143
2026-01-31 16:57:45,901 - INFO - Building stim pattern for pattern_name 1462
2026-01-31 16:57:45,925 - INFO - Building stim pattern for pattern_name 245
2026-01-31 16:57:45,939 - INFO - Building stim pattern for pattern_name 3150
2026-01-31 16:57:45,951 - INFO - Building stim pattern for pattern_name 525
2026-01-31 16:57:45,969 - INFO - Building stim pattern for pattern_name 2098
2026-01-31 16:57:45,980 - INFO - Building stim pattern for pattern_name 1613
2026-01-31 16:57:45,999 - INFO - Building stim pattern for pattern_name 3468
2026-01-31 16:57:46,011 - INFO - Building stim pattern for pattern_name 3583
2026-01-31 16:57:46,024 - INFO - Building stim pattern for pattern_name 1841
2026-01-31 16:57:46,037 - INFO - Building stim pattern for pattern_name 657
2026-01-31 16:57:46,052 - INFO - Building stim pattern for pattern_name 2954
2026-01-31 16:57:46,065 - INFO - Building stim pattern for pattern_name 2727
2026-01-31 16:57:46,093 - INFO - Building stim pattern for pattern_name 1223
2026-01-31 16:57:46,110 - INFO - Building stim pattern for pattern_name 318
2026-01-31 16:57:46,121 - INFO - Building stim pattern for pattern_name 614
2026-01-31 16:57:46,135 - INFO - Building stim pattern for pattern_name 2065
2026-01-31 16:57:46,146 - INFO - Building stim pattern for pattern_name 2711
2026-01-31 16:57:46,164 - INFO - Building stim pattern for pattern_name 1868
2026-01-31 16:57:46,175 - INFO - Building stim pattern for pattern_name 802
2026-01-31 16:57:46,187 - INFO - Building stim pattern for pattern_name 2850
2026-01-31 16:57:46,200 - INFO - Building stim pattern for pattern_name 3106
2026-01-31 16:57:46,220 - INFO - Building stim pattern for pattern_name 3271
2026-01-31 16:57:46,231 - INFO - Building stim pattern for pattern_name 3951
2026-01-31 16:57:46,255 - INFO - Building stim pattern for pattern_name 1077
2026-01-31 16:57:46,269 - INFO - Building stim pattern for pattern_name 960
2026-01-31 16:57:46,291 - INFO - Building stim pattern for pattern_name 3489
2026-01-31 16:57:46,304 - INFO - Building stim pattern for pattern_name 2809
2026-01-31 16:57:46,317 - INFO - Building stim pattern for pattern_name 917
2026-01-31 16:57:46,330 - INFO - Building stim pattern for pattern_name 1991
2026-01-31 16:57:46,341 - INFO - Building stim pattern for pattern_name 3987
2026-01-31 16:57:46,366 - INFO - Building stim pattern for pattern_name 3308
2026-01-31 16:57:46,378 - INFO - Building stim pattern for pattern_name 1014
2026-01-31 16:57:46,397 - INFO - Building stim pattern for pattern_name 1054
2026-01-31 16:57:46,410 - INFO - Building stim pattern for pattern_name 937
2026-01-31 16:57:46,421 - INFO - Building stim pattern for pattern_name 127
2026-01-31 16:57:46,433 - INFO - Building stim pattern for pattern_name 1063
2026-01-31 16:57:46,453 - INFO - Building stim pattern for pattern_name 179
2026-01-31 16:57:46,465 - INFO - Building stim pattern for pattern_name 409
2026-01-31 16:57:46,477 - INFO - Building stim pattern for pattern_name 2659
2026-01-31 16:57:46,488 - INFO - Building stim pattern for pattern_name 1561
2026-01-31 16:57:46,501 - INFO - Building stim pattern for pattern_name 1624
2026-01-31 16:57:46,514 - INFO - Building stim pattern for pattern_name 3751
2026-01-31 16:57:46,529 - INFO - Building stim pattern for pattern_name 3426
2026-01-31 16:57:46,564 - INFO - Building stim pattern for pattern_name 849
2026-01-31 16:57:46,576 - INFO - Building stim pattern for pattern_name 3710
2026-01-31 16:57:46,587 - INFO - Building stim pattern for pattern_name 1936
2026-01-31 16:57:46,606 - INFO - Building stim pattern for pattern_name 3177
2026-01-31 16:57:46,617 - INFO - Building stim pattern for pattern_name 3862
2026-01-31 16:57:46,629 - INFO - Building stim pattern for pattern_name 3104
2026-01-31 16:57:46,640 - INFO - Building stim pattern for pattern_name 2010
2026-01-31 16:57:46,653 - INFO - Building stim pattern for pattern_name 15
2026-01-31 16:57:46,676 - INFO - Building stim pattern for pattern_name 488
2026-01-31 16:57:46,697 - INFO - Building stim pattern for pattern_name 507
2026-01-31 16:57:46,709 - INFO - Building stim pattern for pattern_name 1670
2026-01-31 16:57:46,721 - INFO - Building stim pattern for pattern_name 3207
2026-01-31 16:57:46,732 - INFO - Building stim pattern for pattern_name 3350
2026-01-31 16:57:46,745 - INFO - Building stim pattern for pattern_name 518
2026-01-31 16:57:46,762 - INFO - Building stim pattern for pattern_name 1536
2026-01-31 16:57:46,773 - INFO - Building stim pattern for pattern_name 3707
2026-01-31 16:57:46,788 - INFO - Building stim pattern for pattern_name 2658
2026-01-31 16:57:46,808 - INFO - Building stim pattern for pattern_name 3648
2026-01-31 16:57:46,821 - INFO - Building stim pattern for pattern_name 4000
2026-01-31 16:57:46,833 - INFO - Building stim pattern for pattern_name 3353
2026-01-31 16:57:46,847 - INFO - Building stim pattern for pattern_name 1172
2026-01-31 16:57:46,860 - INFO - Building stim pattern for pattern_name 1270
2026-01-31 16:57:46,941 - INFO - Building stim pattern for pattern_name 281
2026-01-31 16:57:46,956 - INFO - Building stim pattern for pattern_name 579
2026-01-31 16:57:46,994 - INFO - Building stim pattern for pattern_name 3125
2026-01-31 16:57:47,015 - INFO - Building stim pattern for pattern_name 273
2026-01-31 16:57:47,028 - INFO - Building stim pattern for pattern_name 1313
2026-01-31 16:57:47,044 - INFO - Building stim pattern for pattern_name 1345
2026-01-31 16:57:47,060 - INFO - Building stim pattern for pattern_name 888
2026-01-31 16:57:47,074 - INFO - Building stim pattern for pattern_name 2523
2026-01-31 16:57:47,088 - INFO - Building stim pattern for pattern_name 2855
2026-01-31 16:57:47,101 - INFO - Building stim pattern for pattern_name 2527
2026-01-31 16:57:47,122 - INFO - Building stim pattern for pattern_name 2546
2026-01-31 16:57:47,135 - INFO - Building stim pattern for pattern_name 3930
2026-01-31 16:57:47,149 - INFO - Building stim pattern for pattern_name 2174
2026-01-31 16:57:47,170 - INFO - Building stim pattern for pattern_name 2134
2026-01-31 16:57:47,186 - INFO - Building stim pattern for pattern_name 2213
2026-01-31 16:57:47,200 - INFO - Building stim pattern for pattern_name 2291
2026-01-31 16:57:47,214 - INFO - Building stim pattern for pattern_name 3530
2026-01-31 16:57:47,243 - INFO - Building stim pattern for pattern_name 2169
2026-01-31 16:57:47,256 - INFO - Building stim pattern for pattern_name 2657
2026-01-31 16:57:47,272 - INFO - Building stim pattern for pattern_name 3533
2026-01-31 16:57:47,285 - INFO - Building stim pattern for pattern_name 3474
2026-01-31 16:57:47,299 - INFO - Building stim pattern for pattern_name 125
2026-01-31 16:57:47,322 - INFO - Building stim pattern for pattern_name 3300
2026-01-31 16:57:47,335 - INFO - Building stim pattern for pattern_name 3209
2026-01-31 16:57:47,360 - INFO - Building stim pattern for pattern_name 668
2026-01-31 16:57:47,376 - INFO - Building stim pattern for pattern_name 1823
2026-01-31 16:57:47,389 - INFO - Building stim pattern for pattern_name 1786
2026-01-31 16:57:47,403 - INFO - Building stim pattern for pattern_name 31
2026-01-31 16:57:47,416 - INFO - Building stim pattern for pattern_name 1132
2026-01-31 16:57:47,437 - INFO - Building stim pattern for pattern_name 1293
2026-01-31 16:57:47,449 - INFO - Building stim pattern for pattern_name 2007
2026-01-31 16:57:47,477 - INFO - Building stim pattern for pattern_name 1047
2026-01-31 16:57:47,490 - INFO - Building stim pattern for pattern_name 1935
2026-01-31 16:57:47,505 - INFO - Building stim pattern for pattern_name 1663
2026-01-31 16:57:47,536 - INFO - Building stim pattern for pattern_name 248
2026-01-31 16:57:47,548 - INFO - Building stim pattern for pattern_name 462
2026-01-31 16:57:47,561 - INFO - Building stim pattern for pattern_name 1410
2026-01-31 16:57:47,585 - INFO - Building stim pattern for pattern_name 155
2026-01-31 16:57:47,599 - INFO - Building stim pattern for pattern_name 3455
2026-01-31 16:57:47,610 - INFO - Building stim pattern for pattern_name 3062
2026-01-31 16:57:47,624 - INFO - Building stim pattern for pattern_name 225
2026-01-31 16:57:47,644 - INFO - Building stim pattern for pattern_name 211
2026-01-31 16:57:47,656 - INFO - Building stim pattern for pattern_name 1058
2026-01-31 16:57:47,672 - INFO - Building stim pattern for pattern_name 3374
2026-01-31 16:57:47,687 - INFO - Building stim pattern for pattern_name 2828
2026-01-31 16:57:47,708 - INFO - Building stim pattern for pattern_name 2302
2026-01-31 16:57:47,740 - INFO - Building stim pattern for pattern_name 3511
2026-01-31 16:57:47,761 - INFO - Building stim pattern for pattern_name 2249
2026-01-31 16:57:47,774 - INFO - Building stim pattern for pattern_name 1377
2026-01-31 16:57:47,788 - INFO - Building stim pattern for pattern_name 3711
2026-01-31 16:57:47,803 - INFO - Building stim pattern for pattern_name 939
2026-01-31 16:57:47,818 - INFO - Building stim pattern for pattern_name 3447
2026-01-31 16:57:47,835 - INFO - Building stim pattern for pattern_name 1087
2026-01-31 16:57:47,846 - INFO - Building stim pattern for pattern_name 2572
2026-01-31 16:57:47,863 - INFO - Building stim pattern for pattern_name 207
2026-01-31 16:57:47,878 - INFO - Building stim pattern for pattern_name 651
2026-01-31 16:57:47,891 - INFO - Building stim pattern for pattern_name 3216
2026-01-31 16:57:47,903 - INFO - Building stim pattern for pattern_name 3602
2026-01-31 16:57:47,916 - INFO - Building stim pattern for pattern_name 3027
2026-01-31 16:57:47,936 - INFO - Building stim pattern for pattern_name 1265
2026-01-31 16:57:47,948 - INFO - Building stim pattern for pattern_name 1059
2026-01-31 16:57:47,971 - INFO - Building stim pattern for pattern_name 532
2026-01-31 16:57:47,983 - INFO - Building stim pattern for pattern_name 740
2026-01-31 16:57:48,001 - INFO - Building stim pattern for pattern_name 1096
2026-01-31 16:57:48,021 - INFO - Building stim pattern for pattern_name 692
2026-01-31 16:57:48,034 - INFO - Building stim pattern for pattern_name 3332
2026-01-31 16:57:48,048 - INFO - Building stim pattern for pattern_name 3969
2026-01-31 16:57:48,064 - INFO - Building stim pattern for pattern_name 1787
2026-01-31 16:57:48,081 - INFO - Building stim pattern for pattern_name 3452
2026-01-31 16:57:48,098 - INFO - Building stim pattern for pattern_name 3183
2026-01-31 16:57:48,119 - INFO - Building stim pattern for pattern_name 1006
2026-01-31 16:57:48,131 - INFO - Building stim pattern for pattern_name 2431
2026-01-31 16:57:48,146 - INFO - Building stim pattern for pattern_name 1689
2026-01-31 16:57:48,159 - INFO - Building stim pattern for pattern_name 1118
2026-01-31 16:57:48,171 - INFO - Building stim pattern for pattern_name 3786
2026-01-31 16:57:48,184 - INFO - Building stim pattern for pattern_name 2407
2026-01-31 16:57:48,204 - INFO - Building stim pattern for pattern_name 1863
2026-01-31 16:57:48,217 - INFO - Building stim pattern for pattern_name 1311
2026-01-31 16:57:48,231 - INFO - Building stim pattern for pattern_name 3957
2026-01-31 16:57:48,243 - INFO - Building stim pattern for pattern_name 1525
2026-01-31 16:57:48,329 - INFO - Building stim pattern for pattern_name 37
2026-01-31 16:57:48,368 - INFO - Building stim pattern for pattern_name 476
2026-01-31 16:57:48,382 - INFO - Building stim pattern for pattern_name 2081
2026-01-31 16:57:48,405 - INFO - Building stim pattern for pattern_name 3811
2026-01-31 16:57:48,418 - INFO - Building stim pattern for pattern_name 2827
2026-01-31 16:57:48,430 - INFO - Building stim pattern for pattern_name 2398
2026-01-31 16:57:48,443 - INFO - Building stim pattern for pattern_name 3239
2026-01-31 16:57:48,469 - INFO - Building stim pattern for pattern_name 139
2026-01-31 16:57:48,483 - INFO - Building stim pattern for pattern_name 1510
2026-01-31 16:57:48,494 - INFO - Building stim pattern for pattern_name 3810
2026-01-31 16:57:48,509 - INFO - Building stim pattern for pattern_name 1966
2026-01-31 16:57:48,523 - INFO - Building stim pattern for pattern_name 1593
2026-01-31 16:57:48,543 - INFO - Building stim pattern for pattern_name 1518
2026-01-31 16:57:48,555 - INFO - Building stim pattern for pattern_name 1395
2026-01-31 16:57:48,567 - INFO - Building stim pattern for pattern_name 3832
2026-01-31 16:57:48,580 - INFO - Building stim pattern for pattern_name 1326
2026-01-31 16:57:48,596 - INFO - Building stim pattern for pattern_name 3208
2026-01-31 16:57:48,617 - INFO - Building stim pattern for pattern_name 2319
2026-01-31 16:57:48,630 - INFO - Building stim pattern for pattern_name 2615
2026-01-31 16:57:48,642 - INFO - Building stim pattern for pattern_name 1117
2026-01-31 16:57:48,654 - INFO - Building stim pattern for pattern_name 1967
2026-01-31 16:57:48,666 - INFO - Building stim pattern for pattern_name 2692
2026-01-31 16:57:48,679 - INFO - Building stim pattern for pattern_name 2415
2026-01-31 16:57:48,692 - INFO - Building stim pattern for pattern_name 378
2026-01-31 16:57:48,711 - INFO - Building stim pattern for pattern_name 3163
2026-01-31 16:57:48,724 - INFO - Building stim pattern for pattern_name 1407
2026-01-31 16:57:48,736 - INFO - Building stim pattern for pattern_name 1340
2026-01-31 16:57:48,750 - INFO - Building stim pattern for pattern_name 2555
2026-01-31 16:57:48,763 - INFO - Building stim pattern for pattern_name 3820
2026-01-31 16:57:48,783 - INFO - Building stim pattern for pattern_name 3948
2026-01-31 16:57:48,795 - INFO - Building stim pattern for pattern_name 3127
2026-01-31 16:57:48,813 - INFO - Building stim pattern for pattern_name 1442
2026-01-31 16:57:48,833 - INFO - Building stim pattern for pattern_name 3488
2026-01-31 16:57:48,861 - INFO - Building stim pattern for pattern_name 2732
2026-01-31 16:57:48,886 - INFO - Building stim pattern for pattern_name 2475
2026-01-31 16:57:48,899 - INFO - Building stim pattern for pattern_name 3575
2026-01-31 16:57:48,912 - INFO - Building stim pattern for pattern_name 924
2026-01-31 16:57:48,925 - INFO - Building stim pattern for pattern_name 3915
2026-01-31 16:57:48,936 - INFO - Building stim pattern for pattern_name 3262
2026-01-31 16:57:48,950 - INFO - Building stim pattern for pattern_name 2397
2026-01-31 16:57:48,985 - INFO - Building stim pattern for pattern_name 3180
2026-01-31 16:57:48,998 - INFO - Building stim pattern for pattern_name 1167
2026-01-31 16:57:49,038 - INFO - Building stim pattern for pattern_name 1097
2026-01-31 16:57:49,058 - INFO - Building stim pattern for pattern_name 3705
2026-01-31 16:57:49,074 - INFO - Building stim pattern for pattern_name 2106
2026-01-31 16:57:49,101 - INFO - Building stim pattern for pattern_name 3101
2026-01-31 16:57:49,116 - INFO - Building stim pattern for pattern_name 1618
2026-01-31 16:57:49,129 - INFO - Building stim pattern for pattern_name 1353
2026-01-31 16:57:49,150 - INFO - Building stim pattern for pattern_name 1402
2026-01-31 16:57:49,165 - INFO - Building stim pattern for pattern_name 976
2026-01-31 16:57:49,186 - INFO - Building stim pattern for pattern_name 1783
2026-01-31 16:57:49,200 - INFO - Building stim pattern for pattern_name 1275
2026-01-31 16:57:49,214 - INFO - Building stim pattern for pattern_name 1950
2026-01-31 16:57:49,229 - INFO - Building stim pattern for pattern_name 2888
2026-01-31 16:57:49,243 - INFO - Building stim pattern for pattern_name 724
2026-01-31 16:57:49,261 - INFO - Building stim pattern for pattern_name 395
2026-01-31 16:57:49,274 - INFO - Building stim pattern for pattern_name 1090
2026-01-31 16:57:49,288 - INFO - Building stim pattern for pattern_name 957
2026-01-31 16:57:49,302 - INFO - Building stim pattern for pattern_name 728
2026-01-31 16:57:49,314 - INFO - Building stim pattern for pattern_name 546
2026-01-31 16:57:49,328 - INFO - Building stim pattern for pattern_name 210
2026-01-31 16:57:49,348 - INFO - Building stim pattern for pattern_name 3880
2026-01-31 16:57:49,361 - INFO - Building stim pattern for pattern_name 1819
2026-01-31 16:57:49,379 - INFO - Building stim pattern for pattern_name 1771
2026-01-31 16:57:49,391 - INFO - Building stim pattern for pattern_name 1963
2026-01-31 16:57:49,404 - INFO - Building stim pattern for pattern_name 246
2026-01-31 16:57:49,416 - INFO - Building stim pattern for pattern_name 252
2026-01-31 16:57:49,437 - INFO - Building stim pattern for pattern_name 1496
2026-01-31 16:57:49,451 - INFO - Building stim pattern for pattern_name 509
2026-01-31 16:57:49,465 - INFO - Building stim pattern for pattern_name 549
2026-01-31 16:57:49,479 - INFO - Building stim pattern for pattern_name 3633
2026-01-31 16:57:49,505 - INFO - Building stim pattern for pattern_name 3695
2026-01-31 16:57:49,519 - INFO - Building stim pattern for pattern_name 512
2026-01-31 16:57:49,534 - INFO - Building stim pattern for pattern_name 809
2026-01-31 16:57:49,548 - INFO - Building stim pattern for pattern_name 980
2026-01-31 16:57:49,560 - INFO - Building stim pattern for pattern_name 1675
2026-01-31 16:57:49,571 - INFO - Building stim pattern for pattern_name 2683
2026-01-31 16:57:49,583 - INFO - Building stim pattern for pattern_name 1647
2026-01-31 16:57:49,636 - INFO - Building stim pattern for pattern_name 2200
2026-01-31 16:57:49,696 - INFO - Building stim pattern for pattern_name 846
2026-01-31 16:57:49,710 - INFO - Building stim pattern for pattern_name 3092
2026-01-31 16:57:49,723 - INFO - Building stim pattern for pattern_name 2437
2026-01-31 16:57:49,736 - INFO - Building stim pattern for pattern_name 2741
2026-01-31 16:57:49,750 - INFO - Building stim pattern for pattern_name 2245
2026-01-31 16:57:49,766 - INFO - Building stim pattern for pattern_name 585
2026-01-31 16:57:49,780 - INFO - Building stim pattern for pattern_name 1726
2026-01-31 16:57:49,800 - INFO - Building stim pattern for pattern_name 3939
2026-01-31 16:57:49,820 - INFO - Building stim pattern for pattern_name 737
2026-01-31 16:57:49,834 - INFO - Building stim pattern for pattern_name 342
2026-01-31 16:57:49,849 - INFO - Building stim pattern for pattern_name 1591
2026-01-31 16:57:49,861 - INFO - Building stim pattern for pattern_name 2720
2026-01-31 16:57:49,873 - INFO - Building stim pattern for pattern_name 2857
2026-01-31 16:57:49,888 - INFO - Building stim pattern for pattern_name 1457
2026-01-31 16:57:49,900 - INFO - Building stim pattern for pattern_name 1781
2026-01-31 16:57:49,929 - INFO - Building stim pattern for pattern_name 3254
2026-01-31 16:57:49,941 - INFO - Building stim pattern for pattern_name 1809
2026-01-31 16:57:49,962 - INFO - Building stim pattern for pattern_name 3327
2026-01-31 16:57:49,976 - INFO - Building stim pattern for pattern_name 1492
2026-01-31 16:57:49,989 - INFO - Building stim pattern for pattern_name 3844
2026-01-31 16:57:50,004 - INFO - Building stim pattern for pattern_name 2156
2026-01-31 16:57:50,019 - INFO - Building stim pattern for pattern_name 2636
2026-01-31 16:57:50,030 - INFO - Building stim pattern for pattern_name 609
2026-01-31 16:57:50,049 - INFO - Building stim pattern for pattern_name 203
2026-01-31 16:57:50,064 - INFO - Building stim pattern for pattern_name 3270
2026-01-31 16:57:50,093 - INFO - Building stim pattern for pattern_name 1203
2026-01-31 16:57:50,104 - INFO - Building stim pattern for pattern_name 2409
2026-01-31 16:57:50,118 - INFO - Building stim pattern for pattern_name 1723
2026-01-31 16:57:50,131 - INFO - Building stim pattern for pattern_name 3988
2026-01-31 16:57:50,145 - INFO - Building stim pattern for pattern_name 1524
2026-01-31 16:57:50,166 - INFO - Building stim pattern for pattern_name 2094
2026-01-31 16:57:50,189 - INFO - Building stim pattern for pattern_name 1873
2026-01-31 16:57:50,203 - INFO - Building stim pattern for pattern_name 322
2026-01-31 16:57:50,219 - INFO - Building stim pattern for pattern_name 2567
2026-01-31 16:57:50,233 - INFO - Building stim pattern for pattern_name 2602
2026-01-31 16:57:50,254 - INFO - Building stim pattern for pattern_name 1246
2026-01-31 16:57:50,286 - INFO - Building stim pattern for pattern_name 3785
2026-01-31 16:57:50,301 - INFO - Building stim pattern for pattern_name 2347
2026-01-31 16:57:50,313 - INFO - Building stim pattern for pattern_name 3537
2026-01-31 16:57:50,335 - INFO - Building stim pattern for pattern_name 2672
2026-01-31 16:57:50,347 - INFO - Building stim pattern for pattern_name 489
2026-01-31 16:57:50,361 - INFO - Building stim pattern for pattern_name 2456
2026-01-31 16:57:50,374 - INFO - Building stim pattern for pattern_name 1427
2026-01-31 16:57:50,396 - INFO - Building stim pattern for pattern_name 1337
2026-01-31 16:57:50,408 - INFO - Building stim pattern for pattern_name 1559
2026-01-31 16:57:50,433 - INFO - Building stim pattern for pattern_name 1838
2026-01-31 16:57:50,448 - INFO - Building stim pattern for pattern_name 679
2026-01-31 16:57:50,462 - INFO - Building stim pattern for pattern_name 3145
2026-01-31 16:57:50,476 - INFO - Building stim pattern for pattern_name 1021
2026-01-31 16:57:50,518 - INFO - Building stim pattern for pattern_name 403
2026-01-31 16:57:50,534 - INFO - Building stim pattern for pattern_name 3580
2026-01-31 16:57:50,549 - INFO - Building stim pattern for pattern_name 3603
2026-01-31 16:57:50,566 - INFO - Building stim pattern for pattern_name 998
2026-01-31 16:57:50,580 - INFO - Building stim pattern for pattern_name 3666
2026-01-31 16:57:50,594 - INFO - Building stim pattern for pattern_name 3311
2026-01-31 16:57:50,634 - INFO - Building stim pattern for pattern_name 3005
2026-01-31 16:57:50,648 - INFO - Building stim pattern for pattern_name 2562
2026-01-31 16:57:50,660 - INFO - Building stim pattern for pattern_name 1176
2026-01-31 16:57:50,673 - INFO - Building stim pattern for pattern_name 2405
2026-01-31 16:57:50,693 - INFO - Building stim pattern for pattern_name 2908
2026-01-31 16:57:50,708 - INFO - Building stim pattern for pattern_name 326
2026-01-31 16:57:50,729 - INFO - Building stim pattern for pattern_name 2025
2026-01-31 16:57:50,743 - INFO - Building stim pattern for pattern_name 1255
2026-01-31 16:57:50,754 - INFO - Building stim pattern for pattern_name 418
2026-01-31 16:57:50,767 - INFO - Building stim pattern for pattern_name 1651
2026-01-31 16:57:50,801 - INFO - Building stim pattern for pattern_name 3087
2026-01-31 16:57:50,813 - INFO - Building stim pattern for pattern_name 2736
2026-01-31 16:57:50,831 - INFO - Building stim pattern for pattern_name 891
2026-01-31 16:57:50,843 - INFO - Building stim pattern for pattern_name 2308
2026-01-31 16:57:50,855 - INFO - Building stim pattern for pattern_name 2558
2026-01-31 16:57:50,869 - INFO - Building stim pattern for pattern_name 2032
2026-01-31 16:57:50,881 - INFO - Building stim pattern for pattern_name 2641
2026-01-31 16:57:50,894 - INFO - Building stim pattern for pattern_name 240
2026-01-31 16:57:50,906 - INFO - Building stim pattern for pattern_name 1530
2026-01-31 16:57:50,938 - INFO - Building stim pattern for pattern_name 592
2026-01-31 16:57:50,948 - INFO - Building stim pattern for pattern_name 2400
2026-01-31 16:57:51,048 - INFO - Building stim pattern for pattern_name 2705
2026-01-31 16:57:51,078 - INFO - Building stim pattern for pattern_name 654
2026-01-31 16:57:51,092 - INFO - Building stim pattern for pattern_name 3107
2026-01-31 16:57:51,107 - INFO - Building stim pattern for pattern_name 3181
2026-01-31 16:57:51,121 - INFO - Building stim pattern for pattern_name 1351
2026-01-31 16:57:51,155 - INFO - Building stim pattern for pattern_name 2422
2026-01-31 16:57:51,168 - INFO - Building stim pattern for pattern_name 2715
2026-01-31 16:57:51,182 - INFO - Building stim pattern for pattern_name 1035
2026-01-31 16:57:51,196 - INFO - Building stim pattern for pattern_name 3893
2026-01-31 16:57:51,217 - INFO - Building stim pattern for pattern_name 1557
2026-01-31 16:57:51,232 - INFO - Building stim pattern for pattern_name 1418
2026-01-31 16:57:51,260 - INFO - Building stim pattern for pattern_name 2575
2026-01-31 16:57:51,284 - INFO - Building stim pattern for pattern_name 2339
2026-01-31 16:57:51,296 - INFO - Building stim pattern for pattern_name 3331
2026-01-31 16:57:51,310 - INFO - Building stim pattern for pattern_name 3826
2026-01-31 16:57:51,322 - INFO - Building stim pattern for pattern_name 1968
2026-01-31 16:57:51,342 - INFO - Building stim pattern for pattern_name 1888
2026-01-31 16:57:51,358 - INFO - Building stim pattern for pattern_name 3205
2026-01-31 16:57:51,369 - INFO - Building stim pattern for pattern_name 1852
2026-01-31 16:57:51,382 - INFO - Building stim pattern for pattern_name 770
2026-01-31 16:57:51,393 - INFO - Building stim pattern for pattern_name 1229
2026-01-31 16:57:51,406 - INFO - Building stim pattern for pattern_name 492
2026-01-31 16:57:51,417 - INFO - Building stim pattern for pattern_name 3382
2026-01-31 16:57:51,437 - INFO - Building stim pattern for pattern_name 1405
2026-01-31 16:57:51,460 - INFO - Building stim pattern for pattern_name 1386
2026-01-31 16:57:51,499 - INFO - Building stim pattern for pattern_name 41
2026-01-31 16:57:51,515 - INFO - Building stim pattern for pattern_name 530
2026-01-31 16:57:51,527 - INFO - Building stim pattern for pattern_name 1197
2026-01-31 16:57:51,544 - INFO - Building stim pattern for pattern_name 2915
2026-01-31 16:57:51,558 - INFO - Building stim pattern for pattern_name 1581
2026-01-31 16:57:51,572 - INFO - Building stim pattern for pattern_name 316
2026-01-31 16:57:51,585 - INFO - Building stim pattern for pattern_name 533
2026-01-31 16:57:51,596 - INFO - Building stim pattern for pattern_name 3369
2026-01-31 16:57:51,609 - INFO - Building stim pattern for pattern_name 2097
2026-01-31 16:57:51,638 - INFO - Building stim pattern for pattern_name 2962
2026-01-31 16:57:51,650 - INFO - Building stim pattern for pattern_name 474
2026-01-31 16:57:51,663 - INFO - Building stim pattern for pattern_name 3657
2026-01-31 16:57:51,677 - INFO - Building stim pattern for pattern_name 1346
2026-01-31 16:57:51,696 - INFO - Building stim pattern for pattern_name 2691
2026-01-31 16:57:51,708 - INFO - Building stim pattern for pattern_name 2999
2026-01-31 16:57:51,736 - INFO - Building stim pattern for pattern_name 2499
2026-01-31 16:57:51,747 - INFO - Building stim pattern for pattern_name 2118
2026-01-31 16:57:51,764 - INFO - Building stim pattern for pattern_name 1060
2026-01-31 16:57:51,780 - INFO - Building stim pattern for pattern_name 1770
2026-01-31 16:57:51,797 - INFO - Building stim pattern for pattern_name 624
2026-01-31 16:57:51,809 - INFO - Building stim pattern for pattern_name 1744
2026-01-31 16:57:51,823 - INFO - Building stim pattern for pattern_name 2801
2026-01-31 16:57:51,837 - INFO - Building stim pattern for pattern_name 3222
2026-01-31 16:57:51,850 - INFO - Building stim pattern for pattern_name 1566
2026-01-31 16:57:51,866 - INFO - Building stim pattern for pattern_name 3055
2026-01-31 16:57:51,880 - INFO - Building stim pattern for pattern_name 526
2026-01-31 16:57:51,891 - INFO - Building stim pattern for pattern_name 850
2026-01-31 16:57:51,904 - INFO - Building stim pattern for pattern_name 880
2026-01-31 16:57:51,918 - INFO - Building stim pattern for pattern_name 3436
2026-01-31 16:57:51,931 - INFO - Building stim pattern for pattern_name 2565
2026-01-31 16:57:51,946 - INFO - Building stim pattern for pattern_name 2366
2026-01-31 16:57:51,969 - INFO - Building stim pattern for pattern_name 856
2026-01-31 16:57:51,984 - INFO - Building stim pattern for pattern_name 2305
2026-01-31 16:57:52,005 - INFO - Building stim pattern for pattern_name 305
2026-01-31 16:57:52,018 - INFO - Building stim pattern for pattern_name 2559
2026-01-31 16:57:52,046 - INFO - Building stim pattern for pattern_name 3937
2026-01-31 16:57:52,058 - INFO - Building stim pattern for pattern_name 1138
2026-01-31 16:57:52,087 - INFO - Building stim pattern for pattern_name 2846
2026-01-31 16:57:52,100 - INFO - Building stim pattern for pattern_name 2646
2026-01-31 16:57:52,111 - INFO - Building stim pattern for pattern_name 2224
2026-01-31 16:57:52,124 - INFO - Building stim pattern for pattern_name 3014
2026-01-31 16:57:52,147 - INFO - Building stim pattern for pattern_name 2874
2026-01-31 16:57:52,159 - INFO - Building stim pattern for pattern_name 1795
2026-01-31 16:57:52,180 - INFO - Building stim pattern for pattern_name 3045
2026-01-31 16:57:52,193 - INFO - Building stim pattern for pattern_name 2709
2026-01-31 16:57:52,206 - INFO - Building stim pattern for pattern_name 1112
2026-01-31 16:57:52,219 - INFO - Building stim pattern for pattern_name 662
2026-01-31 16:57:52,238 - INFO - Building stim pattern for pattern_name 3926
2026-01-31 16:57:52,250 - INFO - Building stim pattern for pattern_name 50
2026-01-31 16:57:52,262 - INFO - Building stim pattern for pattern_name 1424
2026-01-31 16:57:52,286 - INFO - Building stim pattern for pattern_name 1017
2026-01-31 16:57:52,298 - INFO - Building stim pattern for pattern_name 1929
2026-01-31 16:57:52,310 - INFO - Building stim pattern for pattern_name 3083
2026-01-31 16:57:52,323 - INFO - Building stim pattern for pattern_name 1862
2026-01-31 16:57:52,347 - INFO - Building stim pattern for pattern_name 2820
2026-01-31 16:57:52,362 - INFO - Building stim pattern for pattern_name 2731
2026-01-31 16:57:52,375 - INFO - Building stim pattern for pattern_name 108
2026-01-31 16:57:52,458 - INFO - Building stim pattern for pattern_name 2452
2026-01-31 16:57:52,507 - INFO - Building stim pattern for pattern_name 3546
2026-01-31 16:57:52,520 - INFO - Building stim pattern for pattern_name 412
2026-01-31 16:57:52,540 - INFO - Building stim pattern for pattern_name 3011
2026-01-31 16:57:52,552 - INFO - Building stim pattern for pattern_name 2681
2026-01-31 16:57:52,573 - INFO - Building stim pattern for pattern_name 748
2026-01-31 16:57:52,587 - INFO - Building stim pattern for pattern_name 3224
2026-01-31 16:57:52,604 - INFO - Building stim pattern for pattern_name 1436
2026-01-31 16:57:52,617 - INFO - Building stim pattern for pattern_name 3652
2026-01-31 16:57:52,640 - INFO - Building stim pattern for pattern_name 289
2026-01-31 16:57:52,659 - INFO - Building stim pattern for pattern_name 1081
2026-01-31 16:57:52,671 - INFO - Building stim pattern for pattern_name 1848
2026-01-31 16:57:52,690 - INFO - Building stim pattern for pattern_name 2345
2026-01-31 16:57:52,703 - INFO - Building stim pattern for pattern_name 2282
2026-01-31 16:57:52,715 - INFO - Building stim pattern for pattern_name 1901
2026-01-31 16:57:52,736 - INFO - Building stim pattern for pattern_name 2299
2026-01-31 16:57:52,747 - INFO - Building stim pattern for pattern_name 3703
2026-01-31 16:57:52,766 - INFO - Building stim pattern for pattern_name 3588
2026-01-31 16:57:52,789 - INFO - Building stim pattern for pattern_name 1204
2026-01-31 16:57:52,801 - INFO - Building stim pattern for pattern_name 1041
2026-01-31 16:57:52,815 - INFO - Building stim pattern for pattern_name 567
2026-01-31 16:57:52,833 - INFO - Building stim pattern for pattern_name 1362
2026-01-31 16:57:52,845 - INFO - Building stim pattern for pattern_name 637
2026-01-31 16:57:52,858 - INFO - Building stim pattern for pattern_name 3212
2026-01-31 16:57:52,871 - INFO - Building stim pattern for pattern_name 554
2026-01-31 16:57:52,885 - INFO - Building stim pattern for pattern_name 2816
2026-01-31 16:57:52,912 - INFO - Building stim pattern for pattern_name 777
2026-01-31 16:57:52,923 - INFO - Building stim pattern for pattern_name 529
2026-01-31 16:57:52,935 - INFO - Building stim pattern for pattern_name 3375
2026-01-31 16:57:52,948 - INFO - Building stim pattern for pattern_name 1180
2026-01-31 16:57:52,961 - INFO - Building stim pattern for pattern_name 3053
2026-01-31 16:57:52,972 - INFO - Building stim pattern for pattern_name 3595
2026-01-31 16:57:52,984 - INFO - Building stim pattern for pattern_name 1820
2026-01-31 16:57:53,003 - INFO - Building stim pattern for pattern_name 3512
2026-01-31 16:57:53,015 - INFO - Building stim pattern for pattern_name 2875
2026-01-31 16:57:53,028 - INFO - Building stim pattern for pattern_name 1659
2026-01-31 16:57:53,046 - INFO - Building stim pattern for pattern_name 1131
2026-01-31 16:57:53,059 - INFO - Building stim pattern for pattern_name 2338
2026-01-31 16:57:53,072 - INFO - Building stim pattern for pattern_name 3787
2026-01-31 16:57:53,084 - INFO - Building stim pattern for pattern_name 503
2026-01-31 16:57:53,095 - INFO - Building stim pattern for pattern_name 621
2026-01-31 16:57:53,107 - INFO - Building stim pattern for pattern_name 1853
2026-01-31 16:57:53,119 - INFO - Building stim pattern for pattern_name 3272
2026-01-31 16:57:53,131 - INFO - Building stim pattern for pattern_name 1791
2026-01-31 16:57:53,144 - INFO - Building stim pattern for pattern_name 597
2026-01-31 16:57:53,156 - INFO - Building stim pattern for pattern_name 2197
2026-01-31 16:57:53,183 - INFO - Building stim pattern for pattern_name 1845
2026-01-31 16:57:53,199 - INFO - Building stim pattern for pattern_name 1910
2026-01-31 16:57:53,217 - INFO - Building stim pattern for pattern_name 1980
2026-01-31 16:57:53,239 - INFO - Building stim pattern for pattern_name 229
2026-01-31 16:57:53,260 - INFO - Building stim pattern for pattern_name 2884
2026-01-31 16:57:53,278 - INFO - Building stim pattern for pattern_name 746
2026-01-31 16:57:53,306 - INFO - Building stim pattern for pattern_name 652
2026-01-31 16:57:53,319 - INFO - Building stim pattern for pattern_name 1253
2026-01-31 16:57:53,331 - INFO - Building stim pattern for pattern_name 1696
2026-01-31 16:57:53,343 - INFO - Building stim pattern for pattern_name 3498
2026-01-31 16:57:53,356 - INFO - Building stim pattern for pattern_name 2314
2026-01-31 16:57:53,369 - INFO - Building stim pattern for pattern_name 2387
2026-01-31 16:57:53,389 - INFO - Building stim pattern for pattern_name 2774
2026-01-31 16:57:53,403 - INFO - Building stim pattern for pattern_name 88
2026-01-31 16:57:53,418 - INFO - Building stim pattern for pattern_name 2589
2026-01-31 16:57:53,438 - INFO - Building stim pattern for pattern_name 3070
2026-01-31 16:57:53,459 - INFO - Building stim pattern for pattern_name 571
2026-01-31 16:57:53,471 - INFO - Building stim pattern for pattern_name 1159
2026-01-31 16:57:53,483 - INFO - Building stim pattern for pattern_name 1206
2026-01-31 16:57:53,497 - INFO - Building stim pattern for pattern_name 351
2026-01-31 16:57:53,514 - INFO - Building stim pattern for pattern_name 2885
2026-01-31 16:57:53,529 - INFO - Building stim pattern for pattern_name 564
2026-01-31 16:57:53,544 - INFO - Building stim pattern for pattern_name 2176
2026-01-31 16:57:53,592 - INFO - Building stim pattern for pattern_name 68
2026-01-31 16:57:53,606 - INFO - Building stim pattern for pattern_name 3051
2026-01-31 16:57:53,621 - INFO - Building stim pattern for pattern_name 1141
2026-01-31 16:57:53,645 - INFO - Building stim pattern for pattern_name 365
2026-01-31 16:57:53,657 - INFO - Building stim pattern for pattern_name 3998
2026-01-31 16:57:53,670 - INFO - Building stim pattern for pattern_name 1721
2026-01-31 16:57:53,761 - INFO - Building stim pattern for pattern_name 1408
2026-01-31 16:57:53,795 - INFO - Building stim pattern for pattern_name 3903
2026-01-31 16:57:53,809 - INFO - Building stim pattern for pattern_name 415
2026-01-31 16:57:53,830 - INFO - Building stim pattern for pattern_name 773
2026-01-31 16:57:53,843 - INFO - Building stim pattern for pattern_name 2972
2026-01-31 16:57:53,856 - INFO - Building stim pattern for pattern_name 3211
2026-01-31 16:57:53,877 - INFO - Building stim pattern for pattern_name 2818
2026-01-31 16:57:53,890 - INFO - Building stim pattern for pattern_name 2497
2026-01-31 16:57:53,902 - INFO - Building stim pattern for pattern_name 1874
2026-01-31 16:57:53,916 - INFO - Building stim pattern for pattern_name 3960
2026-01-31 16:57:53,939 - INFO - Building stim pattern for pattern_name 1725
2026-01-31 16:57:53,951 - INFO - Building stim pattern for pattern_name 2996
2026-01-31 16:57:53,963 - INFO - Building stim pattern for pattern_name 1702
2026-01-31 16:57:53,992 - INFO - Building stim pattern for pattern_name 1576
2026-01-31 16:57:54,004 - INFO - Building stim pattern for pattern_name 144
2026-01-31 16:57:54,018 - INFO - Building stim pattern for pattern_name 3395
2026-01-31 16:57:54,047 - INFO - Building stim pattern for pattern_name 1780
2026-01-31 16:57:54,077 - INFO - Building stim pattern for pattern_name 2218
2026-01-31 16:57:54,089 - INFO - Building stim pattern for pattern_name 3450
2026-01-31 16:57:54,102 - INFO - Building stim pattern for pattern_name 2579
2026-01-31 16:57:54,115 - INFO - Building stim pattern for pattern_name 2005
2026-01-31 16:57:54,127 - INFO - Building stim pattern for pattern_name 3889
2026-01-31 16:57:54,141 - INFO - Building stim pattern for pattern_name 1127
2026-01-31 16:57:54,161 - INFO - Building stim pattern for pattern_name 2542
2026-01-31 16:57:54,182 - INFO - Building stim pattern for pattern_name 288
2026-01-31 16:57:54,194 - INFO - Building stim pattern for pattern_name 1736
2026-01-31 16:57:54,206 - INFO - Building stim pattern for pattern_name 2417
2026-01-31 16:57:54,228 - INFO - Building stim pattern for pattern_name 631
2026-01-31 16:57:54,241 - INFO - Building stim pattern for pattern_name 2781
2026-01-31 16:57:54,254 - INFO - Building stim pattern for pattern_name 3175
2026-01-31 16:57:54,273 - INFO - Building stim pattern for pattern_name 961
2026-01-31 16:57:54,288 - INFO - Building stim pattern for pattern_name 485
2026-01-31 16:57:54,310 - INFO - Building stim pattern for pattern_name 3860
2026-01-31 16:57:54,324 - INFO - Building stim pattern for pattern_name 2410
2026-01-31 16:57:54,338 - INFO - Building stim pattern for pattern_name 2108
2026-01-31 16:57:54,351 - INFO - Building stim pattern for pattern_name 3178
2026-01-31 16:57:54,365 - INFO - Building stim pattern for pattern_name 270
2026-01-31 16:57:54,377 - INFO - Building stim pattern for pattern_name 799
2026-01-31 16:57:54,396 - INFO - Building stim pattern for pattern_name 1794
2026-01-31 16:57:54,408 - INFO - Building stim pattern for pattern_name 603
2026-01-31 16:57:54,429 - INFO - Building stim pattern for pattern_name 3805
2026-01-31 16:57:54,441 - INFO - Building stim pattern for pattern_name 539
2026-01-31 16:57:54,455 - INFO - Building stim pattern for pattern_name 2221
2026-01-31 16:57:54,466 - INFO - Building stim pattern for pattern_name 635
2026-01-31 16:57:54,477 - INFO - Building stim pattern for pattern_name 176
2026-01-31 16:57:54,503 - INFO - Building stim pattern for pattern_name 468
2026-01-31 16:57:54,515 - INFO - Building stim pattern for pattern_name 3827
2026-01-31 16:57:54,528 - INFO - Building stim pattern for pattern_name 2262
2026-01-31 16:57:54,546 - INFO - Building stim pattern for pattern_name 3153
2026-01-31 16:57:54,557 - INFO - Building stim pattern for pattern_name 2183
2026-01-31 16:57:54,576 - INFO - Building stim pattern for pattern_name 1297
2026-01-31 16:57:54,588 - INFO - Building stim pattern for pattern_name 1383
2026-01-31 16:57:54,600 - INFO - Building stim pattern for pattern_name 2533
2026-01-31 16:57:54,612 - INFO - Building stim pattern for pattern_name 390
2026-01-31 16:57:54,626 - INFO - Building stim pattern for pattern_name 3777
2026-01-31 16:57:54,638 - INFO - Building stim pattern for pattern_name 3697
2026-01-31 16:57:54,657 - INFO - Building stim pattern for pattern_name 3719
2026-01-31 16:57:54,674 - INFO - Building stim pattern for pattern_name 2255
2026-01-31 16:57:54,692 - INFO - Building stim pattern for pattern_name 3155
2026-01-31 16:57:54,705 - INFO - Building stim pattern for pattern_name 1529
2026-01-31 16:57:54,714 - INFO - Building stim pattern for pattern_name 396
2026-01-31 16:57:54,728 - INFO - Building stim pattern for pattern_name 2324
2026-01-31 16:57:54,738 - INFO - Building stim pattern for pattern_name 1905
2026-01-31 16:57:54,757 - INFO - Building stim pattern for pattern_name 1422
2026-01-31 16:57:54,769 - INFO - Building stim pattern for pattern_name 3712
2026-01-31 16:57:54,783 - INFO - Building stim pattern for pattern_name 987
2026-01-31 16:57:54,814 - INFO - Building stim pattern for pattern_name 2613
2026-01-31 16:57:54,828 - INFO - Building stim pattern for pattern_name 2932
2026-01-31 16:57:54,847 - INFO - Building stim pattern for pattern_name 149
2026-01-31 16:57:54,860 - INFO - Building stim pattern for pattern_name 3585
2026-01-31 16:57:54,872 - INFO - Building stim pattern for pattern_name 735
2026-01-31 16:57:54,891 - INFO - Building stim pattern for pattern_name 3554
2026-01-31 16:57:54,902 - INFO - Building stim pattern for pattern_name 2826
2026-01-31 16:57:54,922 - INFO - Building stim pattern for pattern_name 150
2026-01-31 16:57:54,933 - INFO - Building stim pattern for pattern_name 478
2026-01-31 16:57:54,959 - INFO - Building stim pattern for pattern_name 1111
2026-01-31 16:57:54,970 - INFO - Building stim pattern for pattern_name 843
2026-01-31 16:57:55,052 - INFO - Building stim pattern for pattern_name 26
2026-01-31 16:57:55,074 - INFO - Building stim pattern for pattern_name 1866
2026-01-31 16:57:55,091 - INFO - Building stim pattern for pattern_name 803
2026-01-31 16:57:55,107 - INFO - Building stim pattern for pattern_name 1431
2026-01-31 16:57:55,121 - INFO - Building stim pattern for pattern_name 201
2026-01-31 16:57:55,135 - INFO - Building stim pattern for pattern_name 254
2026-01-31 16:57:55,155 - INFO - Building stim pattern for pattern_name 2889
2026-01-31 16:57:55,168 - INFO - Building stim pattern for pattern_name 1672
2026-01-31 16:57:55,188 - INFO - Building stim pattern for pattern_name 2849
2026-01-31 16:57:55,201 - INFO - Building stim pattern for pattern_name 1166
2026-01-31 16:57:55,224 - INFO - Building stim pattern for pattern_name 2537
2026-01-31 16:57:55,236 - INFO - Building stim pattern for pattern_name 1945
2026-01-31 16:57:55,250 - INFO - Building stim pattern for pattern_name 1943
2026-01-31 16:57:55,273 - INFO - Building stim pattern for pattern_name 1638
2026-01-31 16:57:55,288 - INFO - Building stim pattern for pattern_name 1817
2026-01-31 16:57:55,304 - INFO - Building stim pattern for pattern_name 2414
2026-01-31 16:57:55,327 - INFO - Building stim pattern for pattern_name 1078
2026-01-31 16:57:55,339 - INFO - Building stim pattern for pattern_name 3099
2026-01-31 16:57:55,353 - INFO - Building stim pattern for pattern_name 3046
2026-01-31 16:57:55,367 - INFO - Building stim pattern for pattern_name 3700
2026-01-31 16:57:55,393 - INFO - Building stim pattern for pattern_name 3735
2026-01-31 16:57:55,406 - INFO - Building stim pattern for pattern_name 3754
2026-01-31 16:57:55,431 - INFO - Building stim pattern for pattern_name 894
2026-01-31 16:57:55,444 - INFO - Building stim pattern for pattern_name 221
2026-01-31 16:57:55,458 - INFO - Building stim pattern for pattern_name 3476
2026-01-31 16:57:55,473 - INFO - Building stim pattern for pattern_name 1045
2026-01-31 16:57:55,486 - INFO - Building stim pattern for pattern_name 2905
2026-01-31 16:57:55,500 - INFO - Building stim pattern for pattern_name 224
2026-01-31 16:57:55,512 - INFO - Building stim pattern for pattern_name 2464
2026-01-31 16:57:55,532 - INFO - Building stim pattern for pattern_name 3437
2026-01-31 16:57:55,545 - INFO - Building stim pattern for pattern_name 693
2026-01-31 16:57:55,560 - INFO - Building stim pattern for pattern_name 87
2026-01-31 16:57:55,573 - INFO - Building stim pattern for pattern_name 3325
2026-01-31 16:57:55,586 - INFO - Building stim pattern for pattern_name 1746
2026-01-31 16:57:55,599 - INFO - Building stim pattern for pattern_name 2928
2026-01-31 16:57:55,614 - INFO - Building stim pattern for pattern_name 739
2026-01-31 16:57:55,629 - INFO - Building stim pattern for pattern_name 2852
2026-01-31 16:57:55,647 - INFO - Building stim pattern for pattern_name 2525
2026-01-31 16:57:55,660 - INFO - Building stim pattern for pattern_name 855
2026-01-31 16:57:55,682 - INFO - Building stim pattern for pattern_name 3203
2026-01-31 16:57:55,694 - INFO - Building stim pattern for pattern_name 3128
2026-01-31 16:57:55,709 - INFO - Building stim pattern for pattern_name 2445
2026-01-31 16:57:55,739 - INFO - Building stim pattern for pattern_name 2251
2026-01-31 16:57:55,750 - INFO - Building stim pattern for pattern_name 200
2026-01-31 16:57:55,763 - INFO - Building stim pattern for pattern_name 1489
2026-01-31 16:57:55,789 - INFO - Building stim pattern for pattern_name 3486
2026-01-31 16:57:55,801 - INFO - Building stim pattern for pattern_name 1043
2026-01-31 16:57:55,814 - INFO - Building stim pattern for pattern_name 3391
2026-01-31 16:57:55,826 - INFO - Building stim pattern for pattern_name 2650
2026-01-31 16:57:55,846 - INFO - Building stim pattern for pattern_name 3304
2026-01-31 16:57:55,860 - INFO - Building stim pattern for pattern_name 3223
2026-01-31 16:57:55,875 - INFO - Building stim pattern for pattern_name 1864
2026-01-31 16:57:55,890 - INFO - Building stim pattern for pattern_name 347
2026-01-31 16:57:55,904 - INFO - Building stim pattern for pattern_name 1441
2026-01-31 16:57:55,923 - INFO - Building stim pattern for pattern_name 3619
2026-01-31 16:57:55,935 - INFO - Building stim pattern for pattern_name 1811
2026-01-31 16:57:55,958 - INFO - Building stim pattern for pattern_name 3586
2026-01-31 16:57:55,971 - INFO - Building stim pattern for pattern_name 558
2026-01-31 16:57:55,987 - INFO - Building stim pattern for pattern_name 2569
2026-01-31 16:57:56,026 - INFO - Building stim pattern for pattern_name 1053
2026-01-31 16:57:56,040 - INFO - Building stim pattern for pattern_name 3856
2026-01-31 16:57:56,057 - INFO - Building stim pattern for pattern_name 387
2026-01-31 16:57:56,073 - INFO - Building stim pattern for pattern_name 2564
2026-01-31 16:57:56,088 - INFO - Building stim pattern for pattern_name 3989
2026-01-31 16:57:56,103 - INFO - Building stim pattern for pattern_name 2997
2026-01-31 16:57:56,119 - INFO - Building stim pattern for pattern_name 754
2026-01-31 16:57:56,136 - INFO - Building stim pattern for pattern_name 3348
2026-01-31 16:57:56,180 - INFO - Building stim pattern for pattern_name 2609
2026-01-31 16:57:56,193 - INFO - Building stim pattern for pattern_name 284
2026-01-31 16:57:56,206 - INFO - Building stim pattern for pattern_name 3206
2026-01-31 16:57:56,229 - INFO - Building stim pattern for pattern_name 2266
2026-01-31 16:57:56,240 - INFO - Building stim pattern for pattern_name 2196
2026-01-31 16:57:56,254 - INFO - Building stim pattern for pattern_name 372
2026-01-31 16:57:56,270 - INFO - Building stim pattern for pattern_name 2581
2026-01-31 16:57:56,294 - INFO - Building stim pattern for pattern_name 3002
2026-01-31 16:57:56,376 - INFO - Building stim pattern for pattern_name 954
2026-01-31 16:57:56,413 - INFO - Building stim pattern for pattern_name 3906
2026-01-31 16:57:56,428 - INFO - Building stim pattern for pattern_name 2512
2026-01-31 16:57:56,445 - INFO - Building stim pattern for pattern_name 666
2026-01-31 16:57:56,457 - INFO - Building stim pattern for pattern_name 3387
2026-01-31 16:57:56,470 - INFO - Building stim pattern for pattern_name 2084
2026-01-31 16:57:56,496 - INFO - Building stim pattern for pattern_name 993
2026-01-31 16:57:56,510 - INFO - Building stim pattern for pattern_name 1307
2026-01-31 16:57:56,526 - INFO - Building stim pattern for pattern_name 575
2026-01-31 16:57:56,561 - INFO - Building stim pattern for pattern_name 48
2026-01-31 16:57:56,575 - INFO - Building stim pattern for pattern_name 3075
2026-01-31 16:57:56,588 - INFO - Building stim pattern for pattern_name 1376
2026-01-31 16:57:56,599 - INFO - Building stim pattern for pattern_name 1202
2026-01-31 16:57:56,619 - INFO - Building stim pattern for pattern_name 2448
2026-01-31 16:57:56,631 - INFO - Building stim pattern for pattern_name 2
2026-01-31 16:57:56,644 - INFO - Building stim pattern for pattern_name 801
2026-01-31 16:57:56,666 - INFO - Building stim pattern for pattern_name 1806
2026-01-31 16:57:56,681 - INFO - Building stim pattern for pattern_name 3064
2026-01-31 16:57:56,694 - INFO - Building stim pattern for pattern_name 1468
2026-01-31 16:57:56,707 - INFO - Building stim pattern for pattern_name 819
2026-01-31 16:57:56,719 - INFO - Building stim pattern for pattern_name 732
2026-01-31 16:57:56,741 - INFO - Building stim pattern for pattern_name 2942
2026-01-31 16:57:56,754 - INFO - Building stim pattern for pattern_name 1331
2026-01-31 16:57:56,782 - INFO - Building stim pattern for pattern_name 2749
2026-01-31 16:57:56,794 - INFO - Building stim pattern for pattern_name 2758
2026-01-31 16:57:56,809 - INFO - Building stim pattern for pattern_name 3621
2026-01-31 16:57:56,821 - INFO - Building stim pattern for pattern_name 2507
2026-01-31 16:57:56,834 - INFO - Building stim pattern for pattern_name 1551
2026-01-31 16:57:56,845 - INFO - Building stim pattern for pattern_name 1235
2026-01-31 16:57:56,866 - INFO - Building stim pattern for pattern_name 3945
2026-01-31 16:57:56,877 - INFO - Building stim pattern for pattern_name 1230
2026-01-31 16:57:56,899 - INFO - Building stim pattern for pattern_name 199
2026-01-31 16:57:56,914 - INFO - Building stim pattern for pattern_name 821
2026-01-31 16:57:56,928 - INFO - Building stim pattern for pattern_name 3762
2026-01-31 16:57:56,944 - INFO - Building stim pattern for pattern_name 3278
2026-01-31 16:57:56,966 - INFO - Building stim pattern for pattern_name 1921
2026-01-31 16:57:56,981 - INFO - Building stim pattern for pattern_name 630
2026-01-31 16:57:57,015 - INFO - Building stim pattern for pattern_name 756
2026-01-31 16:57:57,050 - INFO - Building stim pattern for pattern_name 142
2026-01-31 16:57:57,068 - INFO - Building stim pattern for pattern_name 430
2026-01-31 16:57:57,083 - INFO - Building stim pattern for pattern_name 628
2026-01-31 16:57:57,099 - INFO - Building stim pattern for pattern_name 550
2026-01-31 16:57:57,114 - INFO - Building stim pattern for pattern_name 1857
2026-01-31 16:57:57,130 - INFO - Building stim pattern for pattern_name 2723
2026-01-31 16:57:57,157 - INFO - Building stim pattern for pattern_name 1580
2026-01-31 16:57:57,186 - INFO - Building stim pattern for pattern_name 1465
2026-01-31 16:57:57,198 - INFO - Building stim pattern for pattern_name 3130
2026-01-31 16:57:57,212 - INFO - Building stim pattern for pattern_name 330
2026-01-31 16:57:57,225 - INFO - Building stim pattern for pattern_name 921
2026-01-31 16:57:57,238 - INFO - Building stim pattern for pattern_name 2755
2026-01-31 16:57:57,250 - INFO - Building stim pattern for pattern_name 3558
2026-01-31 16:57:57,262 - INFO - Building stim pattern for pattern_name 3534
2026-01-31 16:57:57,280 - INFO - Building stim pattern for pattern_name 1515
2026-01-31 16:57:57,302 - INFO - Building stim pattern for pattern_name 2404
2026-01-31 16:57:57,316 - INFO - Building stim pattern for pattern_name 1030
2026-01-31 16:57:57,329 - INFO - Building stim pattern for pattern_name 2393
2026-01-31 16:57:57,341 - INFO - Building stim pattern for pattern_name 2086
2026-01-31 16:57:57,361 - INFO - Building stim pattern for pattern_name 2297
2026-01-31 16:57:57,402 - INFO - Building stim pattern for pattern_name 3850
2026-01-31 16:57:57,424 - INFO - Building stim pattern for pattern_name 1343
2026-01-31 16:57:57,435 - INFO - Building stim pattern for pattern_name 2627
2026-01-31 16:57:57,448 - INFO - Building stim pattern for pattern_name 2535
2026-01-31 16:57:57,470 - INFO - Building stim pattern for pattern_name 2370
2026-01-31 16:57:57,490 - INFO - Building stim pattern for pattern_name 1894
2026-01-31 16:57:57,508 - INFO - Building stim pattern for pattern_name 1355
2026-01-31 16:57:57,526 - INFO - Building stim pattern for pattern_name 2316
2026-01-31 16:57:57,539 - INFO - Building stim pattern for pattern_name 2655
2026-01-31 16:57:57,554 - INFO - Building stim pattern for pattern_name 1295
2026-01-31 16:57:57,568 - INFO - Building stim pattern for pattern_name 2521
2026-01-31 16:57:57,581 - INFO - Building stim pattern for pattern_name 3618
2026-01-31 16:57:57,592 - INFO - Building stim pattern for pattern_name 2023
2026-01-31 16:57:57,605 - INFO - Building stim pattern for pattern_name 1497
2026-01-31 16:57:57,695 - INFO - Building stim pattern for pattern_name 2735
2026-01-31 16:57:57,742 - INFO - Building stim pattern for pattern_name 1645
2026-01-31 16:57:57,755 - INFO - Building stim pattern for pattern_name 3407
2026-01-31 16:57:57,765 - INFO - Building stim pattern for pattern_name 2401
2026-01-31 16:57:57,778 - INFO - Building stim pattern for pattern_name 1745
2026-01-31 16:57:57,801 - INFO - Building stim pattern for pattern_name 3192
2026-01-31 16:57:57,814 - INFO - Building stim pattern for pattern_name 1585
2026-01-31 16:57:57,827 - INFO - Building stim pattern for pattern_name 1300
2026-01-31 16:57:57,839 - INFO - Building stim pattern for pattern_name 3246
2026-01-31 16:57:57,851 - INFO - Building stim pattern for pattern_name 1121
2026-01-31 16:57:57,878 - INFO - Building stim pattern for pattern_name 1399
2026-01-31 16:57:57,922 - INFO - Building stim pattern for pattern_name 2147
2026-01-31 16:57:57,935 - INFO - Building stim pattern for pattern_name 3086
2026-01-31 16:57:57,950 - INFO - Building stim pattern for pattern_name 1237
2026-01-31 16:57:57,963 - INFO - Building stim pattern for pattern_name 51
2026-01-31 16:57:57,976 - INFO - Building stim pattern for pattern_name 749
2026-01-31 16:57:57,998 - INFO - Building stim pattern for pattern_name 520
2026-01-31 16:57:58,009 - INFO - Building stim pattern for pattern_name 1201
2026-01-31 16:57:58,022 - INFO - Building stim pattern for pattern_name 35
2026-01-31 16:57:58,038 - INFO - Building stim pattern for pattern_name 3069
2026-01-31 16:57:58,061 - INFO - Building stim pattern for pattern_name 2040
2026-01-31 16:57:58,076 - INFO - Building stim pattern for pattern_name 2719
2026-01-31 16:57:58,089 - INFO - Building stim pattern for pattern_name 3833
2026-01-31 16:57:58,103 - INFO - Building stim pattern for pattern_name 1722
2026-01-31 16:57:58,124 - INFO - Building stim pattern for pattern_name 2593
2026-01-31 16:57:58,151 - INFO - Building stim pattern for pattern_name 1329
2026-01-31 16:57:58,163 - INFO - Building stim pattern for pattern_name 2382
2026-01-31 16:57:58,176 - INFO - Building stim pattern for pattern_name 1603
2026-01-31 16:57:58,188 - INFO - Building stim pattern for pattern_name 1064
2026-01-31 16:57:58,201 - INFO - Building stim pattern for pattern_name 286
2026-01-31 16:57:58,213 - INFO - Building stim pattern for pattern_name 1918
2026-01-31 16:57:58,225 - INFO - Building stim pattern for pattern_name 568
2026-01-31 16:57:58,243 - INFO - Building stim pattern for pattern_name 243
2026-01-31 16:57:58,255 - INFO - Building stim pattern for pattern_name 2785
2026-01-31 16:57:58,274 - INFO - Building stim pattern for pattern_name 3063
2026-01-31 16:57:58,287 - INFO - Building stim pattern for pattern_name 3097
2026-01-31 16:57:58,301 - INFO - Building stim pattern for pattern_name 1843
2026-01-31 16:57:58,323 - INFO - Building stim pattern for pattern_name 3383
2026-01-31 16:57:58,336 - INFO - Building stim pattern for pattern_name 491
2026-01-31 16:57:58,350 - INFO - Building stim pattern for pattern_name 1752
2026-01-31 16:57:58,370 - INFO - Building stim pattern for pattern_name 2306
2026-01-31 16:57:58,384 - INFO - Building stim pattern for pattern_name 2030
2026-01-31 16:57:58,408 - INFO - Building stim pattern for pattern_name 2368
2026-01-31 16:57:58,421 - INFO - Building stim pattern for pattern_name 2753
2026-01-31 16:57:58,441 - INFO - Building stim pattern for pattern_name 2479
2026-01-31 16:57:58,454 - INFO - Building stim pattern for pattern_name 2782
2026-01-31 16:57:58,471 - INFO - Building stim pattern for pattern_name 553
2026-01-31 16:57:58,485 - INFO - Building stim pattern for pattern_name 2205
2026-01-31 16:57:58,497 - INFO - Building stim pattern for pattern_name 949
2026-01-31 16:57:58,527 - INFO - Building stim pattern for pattern_name 2858
2026-01-31 16:57:58,540 - INFO - Building stim pattern for pattern_name 3108
2026-01-31 16:57:58,552 - INFO - Building stim pattern for pattern_name 3347
2026-01-31 16:57:58,565 - INFO - Building stim pattern for pattern_name 275
2026-01-31 16:57:58,583 - INFO - Building stim pattern for pattern_name 1711
2026-01-31 16:57:58,596 - INFO - Building stim pattern for pattern_name 2955
2026-01-31 16:57:58,608 - INFO - Building stim pattern for pattern_name 1996
2026-01-31 16:57:58,621 - INFO - Building stim pattern for pattern_name 3289
2026-01-31 16:57:58,642 - INFO - Building stim pattern for pattern_name 3456
2026-01-31 16:57:58,654 - INFO - Building stim pattern for pattern_name 1221
2026-01-31 16:57:58,671 - INFO - Building stim pattern for pattern_name 3897
2026-01-31 16:57:58,683 - INFO - Building stim pattern for pattern_name 3524
2026-01-31 16:57:58,696 - INFO - Building stim pattern for pattern_name 3949
2026-01-31 16:57:58,709 - INFO - Building stim pattern for pattern_name 3397
2026-01-31 16:57:58,721 - INFO - Building stim pattern for pattern_name 28
2026-01-31 16:57:58,734 - INFO - Building stim pattern for pattern_name 3857
2026-01-31 16:57:58,764 - INFO - Building stim pattern for pattern_name 2421
2026-01-31 16:57:58,783 - INFO - Building stim pattern for pattern_name 2881
2026-01-31 16:57:58,796 - INFO - Building stim pattern for pattern_name 3238
2026-01-31 16:57:58,809 - INFO - Building stim pattern for pattern_name 1537
2026-01-31 16:57:58,846 - INFO - Building stim pattern for pattern_name 2177
2026-01-31 16:57:58,857 - INFO - Building stim pattern for pattern_name 893
2026-01-31 16:57:58,876 - INFO - Building stim pattern for pattern_name 711
2026-01-31 16:57:58,887 - INFO - Building stim pattern for pattern_name 3898
2026-01-31 16:57:58,898 - INFO - Building stim pattern for pattern_name 3701
2026-01-31 16:57:58,910 - INFO - Building stim pattern for pattern_name 130
2026-01-31 16:57:58,928 - INFO - Building stim pattern for pattern_name 217
2026-01-31 16:57:59,015 - INFO - Building stim pattern for pattern_name 3480
2026-01-31 16:57:59,041 - INFO - Building stim pattern for pattern_name 3432
2026-01-31 16:57:59,056 - INFO - Building stim pattern for pattern_name 1347
2026-01-31 16:57:59,069 - INFO - Building stim pattern for pattern_name 12
2026-01-31 16:57:59,083 - INFO - Building stim pattern for pattern_name 2699
2026-01-31 16:57:59,098 - INFO - Building stim pattern for pattern_name 427
2026-01-31 16:57:59,116 - INFO - Building stim pattern for pattern_name 3261
2026-01-31 16:57:59,129 - INFO - Building stim pattern for pattern_name 3368
2026-01-31 16:57:59,142 - INFO - Building stim pattern for pattern_name 1747
2026-01-31 16:57:59,162 - INFO - Building stim pattern for pattern_name 3665
2026-01-31 16:57:59,174 - INFO - Building stim pattern for pattern_name 343
2026-01-31 16:57:59,186 - INFO - Building stim pattern for pattern_name 3113
2026-01-31 16:57:59,199 - INFO - Building stim pattern for pattern_name 2501
2026-01-31 16:57:59,229 - INFO - Building stim pattern for pattern_name 3040
2026-01-31 16:57:59,241 - INFO - Building stim pattern for pattern_name 133
2026-01-31 16:57:59,261 - INFO - Building stim pattern for pattern_name 3696
2026-01-31 16:57:59,275 - INFO - Building stim pattern for pattern_name 3577
2026-01-31 16:57:59,291 - INFO - Building stim pattern for pattern_name 3334
2026-01-31 16:57:59,306 - INFO - Building stim pattern for pattern_name 1707
2026-01-31 16:57:59,321 - INFO - Building stim pattern for pattern_name 293
2026-01-31 16:57:59,339 - INFO - Building stim pattern for pattern_name 2492
2026-01-31 16:57:59,352 - INFO - Building stim pattern for pattern_name 8
2026-01-31 16:57:59,365 - INFO - Building stim pattern for pattern_name 2036
2026-01-31 16:57:59,389 - INFO - Building stim pattern for pattern_name 3442
2026-01-31 16:57:59,401 - INFO - Building stim pattern for pattern_name 2273
2026-01-31 16:57:59,434 - INFO - Building stim pattern for pattern_name 3435
2026-01-31 16:57:59,453 - INFO - Building stim pattern for pattern_name 3556
2026-01-31 16:57:59,465 - INFO - Building stim pattern for pattern_name 3306
2026-01-31 16:57:59,477 - INFO - Building stim pattern for pattern_name 808
2026-01-31 16:57:59,489 - INFO - Building stim pattern for pattern_name 80
2026-01-31 16:57:59,516 - INFO - Building stim pattern for pattern_name 3410
2026-01-31 16:57:59,529 - INFO - Building stim pattern for pattern_name 650
2026-01-31 16:57:59,541 - INFO - Building stim pattern for pattern_name 2743
2026-01-31 16:57:59,554 - INFO - Building stim pattern for pattern_name 3265
2026-01-31 16:57:59,582 - INFO - Building stim pattern for pattern_name 3357
2026-01-31 16:57:59,595 - INFO - Building stim pattern for pattern_name 266
2026-01-31 16:57:59,609 - INFO - Building stim pattern for pattern_name 684
2026-01-31 16:57:59,629 - INFO - Building stim pattern for pattern_name 1256
2026-01-31 16:57:59,642 - INFO - Building stim pattern for pattern_name 854
2026-01-31 16:57:59,655 - INFO - Building stim pattern for pattern_name 2620
2026-01-31 16:57:59,666 - INFO - Building stim pattern for pattern_name 2764
2026-01-31 16:57:59,692 - INFO - Building stim pattern for pattern_name 677
2026-01-31 16:57:59,712 - INFO - Building stim pattern for pattern_name 2845
2026-01-31 16:57:59,725 - INFO - Building stim pattern for pattern_name 2771
2026-01-31 16:57:59,738 - INFO - Building stim pattern for pattern_name 1560
2026-01-31 16:57:59,750 - INFO - Building stim pattern for pattern_name 1608
2026-01-31 16:57:59,772 - INFO - Building stim pattern for pattern_name 441
2026-01-31 16:57:59,784 - INFO - Building stim pattern for pattern_name 1044
2026-01-31 16:57:59,803 - INFO - Building stim pattern for pattern_name 2406
2026-01-31 16:57:59,816 - INFO - Building stim pattern for pattern_name 1490
2026-01-31 16:57:59,832 - INFO - Building stim pattern for pattern_name 56
2026-01-31 16:57:59,846 - INFO - Building stim pattern for pattern_name 2580
2026-01-31 16:57:59,859 - INFO - Building stim pattern for pattern_name 69
2026-01-31 16:57:59,872 - INFO - Building stim pattern for pattern_name 3277
2026-01-31 16:57:59,891 - INFO - Building stim pattern for pattern_name 3645
2026-01-31 16:57:59,914 - INFO - Building stim pattern for pattern_name 2604
2026-01-31 16:57:59,927 - INFO - Building stim pattern for pattern_name 301
2026-01-31 16:57:59,940 - INFO - Building stim pattern for pattern_name 1643
2026-01-31 16:57:59,952 - INFO - Building stim pattern for pattern_name 3650
2026-01-31 16:57:59,964 - INFO - Building stim pattern for pattern_name 2261
2026-01-31 16:57:59,976 - INFO - Building stim pattern for pattern_name 2963
2026-01-31 16:57:59,989 - INFO - Building stim pattern for pattern_name 1
2026-01-31 16:58:00,001 - INFO - Building stim pattern for pattern_name 3033
2026-01-31 16:58:00,015 - INFO - Building stim pattern for pattern_name 499
2026-01-31 16:58:00,036 - INFO - Building stim pattern for pattern_name 3759
2026-01-31 16:58:00,049 - INFO - Building stim pattern for pattern_name 2469
2026-01-31 16:58:00,061 - INFO - Building stim pattern for pattern_name 1352
2026-01-31 16:58:00,073 - INFO - Building stim pattern for pattern_name 1891
2026-01-31 16:58:00,085 - INFO - Building stim pattern for pattern_name 3422
2026-01-31 16:58:00,096 - INFO - Building stim pattern for pattern_name 94
2026-01-31 16:58:00,109 - INFO - Building stim pattern for pattern_name 3445
2026-01-31 16:58:00,121 - INFO - Building stim pattern for pattern_name 103
2026-01-31 16:58:00,212 - INFO - Building stim pattern for pattern_name 2803
2026-01-31 16:58:00,244 - INFO - Building stim pattern for pattern_name 1742
2026-01-31 16:58:00,256 - INFO - Building stim pattern for pattern_name 2532
2026-01-31 16:58:00,268 - INFO - Building stim pattern for pattern_name 276
2026-01-31 16:58:00,287 - INFO - Building stim pattern for pattern_name 758
2026-01-31 16:58:00,299 - INFO - Building stim pattern for pattern_name 62
2026-01-31 16:58:00,311 - INFO - Building stim pattern for pattern_name 2748
2026-01-31 16:58:00,322 - INFO - Building stim pattern for pattern_name 2936
2026-01-31 16:58:00,334 - INFO - Building stim pattern for pattern_name 785
2026-01-31 16:58:00,362 - INFO - Building stim pattern for pattern_name 1750
2026-01-31 16:58:00,376 - INFO - Building stim pattern for pattern_name 3137
2026-01-31 16:58:00,389 - INFO - Building stim pattern for pattern_name 1793
2026-01-31 16:58:00,401 - INFO - Building stim pattern for pattern_name 3433
2026-01-31 16:58:00,415 - INFO - Building stim pattern for pattern_name 2991
2026-01-31 16:58:00,428 - INFO - Building stim pattern for pattern_name 3411
2026-01-31 16:58:00,441 - INFO - Building stim pattern for pattern_name 1833
2026-01-31 16:58:00,462 - INFO - Building stim pattern for pattern_name 2911
2026-01-31 16:58:00,489 - INFO - Building stim pattern for pattern_name 747
2026-01-31 16:58:00,502 - INFO - Building stim pattern for pattern_name 222
2026-01-31 16:58:00,513 - INFO - Building stim pattern for pattern_name 1074
2026-01-31 16:58:00,527 - INFO - Building stim pattern for pattern_name 3806
2026-01-31 16:58:00,540 - INFO - Building stim pattern for pattern_name 2890
2026-01-31 16:58:00,553 - INFO - Building stim pattern for pattern_name 911
2026-01-31 16:58:00,565 - INFO - Building stim pattern for pattern_name 1825
2026-01-31 16:58:00,577 - INFO - Building stim pattern for pattern_name 3457
2026-01-31 16:58:00,595 - INFO - Building stim pattern for pattern_name 214
2026-01-31 16:58:00,607 - INFO - Building stim pattern for pattern_name 3925
2026-01-31 16:58:00,620 - INFO - Building stim pattern for pattern_name 3496
2026-01-31 16:58:00,632 - INFO - Building stim pattern for pattern_name 762
2026-01-31 16:58:00,645 - INFO - Building stim pattern for pattern_name 1198
2026-01-31 16:58:00,658 - INFO - Building stim pattern for pattern_name 2498
2026-01-31 16:58:00,672 - INFO - Building stim pattern for pattern_name 1480
2026-01-31 16:58:00,690 - INFO - Building stim pattern for pattern_name 3744
2026-01-31 16:58:00,711 - INFO - Building stim pattern for pattern_name 3995
2026-01-31 16:58:00,724 - INFO - Building stim pattern for pattern_name 3146
2026-01-31 16:58:00,736 - INFO - Building stim pattern for pattern_name 3466
2026-01-31 16:58:00,749 - INFO - Building stim pattern for pattern_name 649
2026-01-31 16:58:00,763 - INFO - Building stim pattern for pattern_name 3286
2026-01-31 16:58:00,782 - INFO - Building stim pattern for pattern_name 111
2026-01-31 16:58:00,812 - INFO - Building stim pattern for pattern_name 1033
2026-01-31 16:58:00,828 - INFO - Building stim pattern for pattern_name 1236
